DateTime;NO2;O3;P;SQ;WD;Wvh;dewP;temp
2018-08-01 00:00:00;26.35;36.2;10.0;0.0;60.0;10.0;119.0;123.0
2018-08-01 01:00:00;26.95;27.61;10.0;0.0;0.0;0.0;115.0;120.0
2018-08-01 02:00:00;23.1;25.91;10.0;0.0;0.0;0.0;109.0;114.0
2018-08-01 03:00:00;20.1;20.78;10.0;0.0;20.0;10.0;109.0;114.0
2018-08-01 04:00:00;25.97;9.18;10.0;0.0;70.0;10.0;122.0;126.0
2018-08-01 05:00:00;29.77;5.02;10.0;0.0;70.0;0.0;145.0;166.0
2018-08-01 06:00:00;36.01;6.94;20.0;0.0;0.0;10.0;145.0;195.0
2018-08-01 07:00:00;44.3;8.77;20.0;0.0;0.0;10.0;142.0;212.0
2018-08-01 08:00:00;41.8;18.97;30.0;0.0;330.0;10.0;114.0;232.0
2018-08-01 09:00:00;24.45;50.96;40.0;0.0;310.0;20.0;116.0;250.0
2018-08-01 10:00:00;19.33;56.48;40.0;0.0;360.0;20.0;126.0;255.0
2018-08-01 11:00:00;24.88;54.03;50.0;0.0;300.0;30.0;129.0;262.0
2018-08-01 12:00:00;14.0;65.91;50.0;0.0;340.0;20.0;123.0;258.0
2018-08-01 13:00:00;10.35;76.83;50.0;0.0;270.0;20.0;124.0;266.0
2018-08-01 14:00:00;12.63;84.03;50.0;0.0;310.0;20.0;129.0;268.0
2018-08-01 15:00:00;20.04;82.51;60.0;0.0;300.0;30.0;137.0;267.0
2018-08-01 16:00:00;12.47;90.08;70.0;0.0;320.0;40.0;139.0;257.0
2018-08-01 17:00:00;16.37;83.7;70.0;0.0;340.0;40.0;135.0;247.0
2018-08-01 18:00:00;15.56;75.57;70.0;0.0;340.0;30.0;124.0;228.0
2018-08-01 19:00:00;15.68;56.34;40.0;0.0;340.0;20.0;118.0;213.0
2018-08-01 20:00:00;10.56;60.17;30.0;0.0;350.0;20.0;122.0;197.0
2018-08-01 21:00:00;10.67;58.06;30.0;0.0;350.0;20.0;131.0;178.0
2018-08-01 22:00:00;13.04;53.2;30.0;0.0;330.0;20.0;134.0;178.0
2018-08-01 23:00:00;11.7;49.04;30.0;0.0;340.0;20.0;142.0;166.0
2018-08-02 00:00:00;16.28;37.25;30.0;0.0;340.0;20.0;156.0;174.0
2018-08-02 01:00:00;15.03;30.62;30.0;0.0;350.0;20.0;159.0;167.0
2018-08-02 02:00:00;12.97;30.62;30.0;0.0;360.0;20.0;154.0;159.0
2018-08-02 03:00:00;12.76;27.79;20.0;0.0;40.0;10.0;146.0;150.0
2018-08-02 04:00:00;14.91;25.58;20.0;0.0;60.0;10.0;153.0;157.0
2018-08-02 05:00:00;23.64;16.41;20.0;0.0;50.0;10.0;153.0;209.0
2018-08-02 06:00:00;27.38;25.93;20.0;0.0;50.0;10.0;140.0;237.0
2018-08-02 07:00:00;20.82;45.29;20.0;0.0;50.0;10.0;129.0;257.0
2018-08-02 08:00:00;22.83;52.53;40.0;0.0;290.0;20.0;137.0;258.0
2018-08-02 09:00:00;14.73;76.78;50.0;0.0;320.0;30.0;140.0;267.0
2018-08-02 10:00:00;10.16;89.42;60.0;0.0;300.0;30.0;143.0;277.0
2018-08-02 11:00:00;12.13;97.42;60.0;0.0;340.0;30.0;141.0;282.0
2018-08-02 12:00:00;16.11;105.6;50.0;0.0;290.0;30.0;145.0;291.0
2018-08-02 13:00:00;17.98;115.06;70.0;0.0;290.0;40.0;139.0;294.0
2018-08-02 14:00:00;12.14;110.19;80.0;0.0;310.0;40.0;141.0;285.0
2018-08-02 15:00:00;12.91;103.2;80.0;0.0;330.0;40.0;141.0;276.0
2018-08-02 16:00:00;11.39;102.56;70.0;0.0;340.0;40.0;140.0;270.0
2018-08-02 17:00:00;12.65;102.15;60.0;0.0;330.0;30.0;138.0;263.0
2018-08-02 18:00:00;14.96;94.78;50.0;0.0;340.0;20.0;142.0;246.0
2018-08-02 19:00:00;13.72;90.05;40.0;0.0;360.0;20.0;153.0;211.0
2018-08-02 20:00:00;11.12;85.78;20.0;0.0;340.0;10.0;151.0;191.0
2018-08-02 21:00:00;13.76;75.94;20.0;0.0;20.0;10.0;154.0;176.0
2018-08-02 22:00:00;14.07;67.95;20.0;0.0;350.0;10.0;151.0;169.0
2018-08-02 23:00:00;17.46;58.55;20.0;0.0;0.0;10.0;149.0;158.0
2018-08-03 00:00:00;17.98;57.31;30.0;0.0;330.0;10.0;152.0;162.0
2018-08-03 01:00:00;17.78;51.2;30.0;0.0;340.0;10.0;151.0;157.0
2018-08-03 02:00:00;10.81;55.57;20.0;0.0;330.0;10.0;143.0;147.0
2018-08-03 03:00:00;11.52;39.69;10.0;0.0;330.0;10.0;138.0;143.0
2018-08-03 04:00:00;15.55;25.37;20.0;0.0;360.0;0.0;153.0;158.0
2018-08-03 05:00:00;25.31;26.59;20.0;0.0;40.0;10.0;150.0;207.0
2018-08-03 06:00:00;31.09;29.86;30.0;0.0;20.0;10.0;149.0;234.0
2018-08-03 07:00:00;27.7;47.45;30.0;0.0;40.0;20.0;143.0;252.0
2018-08-03 08:00:00;20.82;66.53;40.0;0.0;340.0;20.0;139.0;268.0
2018-08-03 09:00:00;10.16;93.9;40.0;0.0;280.0;10.0;155.0;289.0
2018-08-03 10:00:00;9.18;108.36;60.0;0.0;310.0;30.0;155.0;288.0
2018-08-03 11:00:00;8.65;116.28;50.0;0.0;320.0;30.0;147.0;296.0
2018-08-03 12:00:00;8.58;127.02;60.0;0.0;320.0;30.0;157.0;303.0
2018-08-03 13:00:00;5.71;131.57;70.0;0.0;330.0;40.0;150.0;304.0
2018-08-03 14:00:00;6.64;134.95;60.0;0.0;330.0;40.0;129.0;299.0
2018-08-03 15:00:00;9.26;129.72;70.0;0.0;340.0;40.0;132.0;296.0
2018-08-03 16:00:00;8.13;104.3;70.0;0.0;350.0;40.0;147.0;289.0
2018-08-03 17:00:00;4.57;98.81;70.0;0.0;20.0;40.0;136.0;282.0
2018-08-03 18:00:00;4.19;87.9;60.0;0.0;40.0;40.0;158.0;258.0
2018-08-03 19:00:00;4.92;77.47;50.0;0.0;20.0;20.0;160.0;239.0
2018-08-03 20:00:00;8.79;70.22;40.0;0.0;350.0;20.0;159.0;225.0
2018-08-03 21:00:00;7.99;71.89;50.0;0.0;340.0;20.0;166.0;213.0
2018-08-03 22:00:00;7.15;66.73;50.0;0.0;30.0;20.0;177.0;219.0
2018-08-03 23:00:00;7.7;54.39;40.0;0.0;30.0;20.0;157.0;210.0
2018-08-04 00:00:00;8.17;48.79;40.0;0.0;50.0;20.0;156.0;204.0
2018-08-04 01:00:00;8.43;43.02;30.0;0.0;350.0;20.0;155.0;200.0
2018-08-04 02:00:00;8.33;40.06;30.0;0.0;80.0;10.0;156.0;185.0
2018-08-04 03:00:00;9.1;35.27;40.0;0.0;360.0;10.0;155.0;178.0
2018-08-04 04:00:00;10.74;32.66;30.0;0.0;10.0;10.0;155.0;174.0
2018-08-04 05:00:00;10.09;32.09;30.0;0.0;20.0;10.0;155.0;216.0
2018-08-04 06:00:00;13.86;30.33;30.0;0.0;360.0;20.0;151.0;235.0
2018-08-04 07:00:00;10.66;37.28;40.0;0.0;360.0;30.0;150.0;252.0
2018-08-04 08:00:00;8.75;50.09;50.0;0.0;320.0;30.0;177.0;260.0
2018-08-04 09:00:00;7.63;56.83;60.0;0.0;320.0;30.0;178.0;272.0
2018-08-04 10:00:00;6.05;70.75;70.0;0.0;320.0;40.0;171.0;273.0
2018-08-04 11:00:00;4.89;76.95;70.0;0.0;340.0;40.0;173.0;273.0
2018-08-04 12:00:00;5.57;78.01;60.0;0.0;330.0;30.0;179.0;273.0
2018-08-04 13:00:00;9.13;85.03;80.0;0.0;340.0;40.0;176.0;266.0
2018-08-04 14:00:00;6.13;85.73;90.0;0.0;330.0;40.0;180.0;263.0
2018-08-04 15:00:00;5.87;78.83;90.0;0.0;340.0;50.0;177.0;250.0
2018-08-04 16:00:00;9.36;56.62;90.0;0.0;340.0;50.0;177.0;231.0
2018-08-04 17:00:00;11.02;55.22;80.0;0.0;340.0;40.0;164.0;226.0
2018-08-04 18:00:00;9.63;54.56;70.0;0.0;340.0;30.0;167.0;209.0
2018-08-04 19:00:00;8.07;52.12;70.0;0.0;350.0;30.0;164.0;191.0
2018-08-04 20:00:00;10.11;46.34;50.0;0.0;330.0;20.0;163.0;191.0
2018-08-04 21:00:00;10.91;42.78;50.0;0.0;330.0;20.0;168.0;191.0
2018-08-04 22:00:00;11.75;40.84;50.0;0.0;320.0;30.0;168.0;186.0
2018-08-04 23:00:00;6.45;44.84;60.0;0.0;330.0;30.0;163.0;180.0
2018-08-05 00:00:00;5.55;44.62;50.0;0.0;330.0;20.0;163.0;179.0
2018-08-05 01:00:00;5.2;42.63;40.0;0.0;350.0;20.0;164.0;181.0
2018-08-05 02:00:00;3.44;42.14;20.0;0.0;50.0;10.0;156.0;166.0
2018-08-05 03:00:00;3.64;39.13;20.0;0.0;50.0;10.0;148.0;151.0
2018-08-05 04:00:00;4.11;40.62;20.0;0.0;20.0;10.0;151.0;156.0
2018-08-05 05:00:00;4.65;37.97;30.0;0.0;40.0;20.0;151.0;183.0
2018-08-05 06:00:00;4.28;40.75;40.0;0.0;40.0;20.0;150.0;197.0
2018-08-05 07:00:00;3.62;44.21;50.0;0.0;360.0;20.0;147.0;211.0
2018-08-05 08:00:00;3.55;47.63;60.0;0.0;30.0;30.0;149.0;226.0
2018-08-05 09:00:00;3.17;51.67;60.0;0.0;340.0;20.0;140.0;220.0
2018-08-05 10:00:00;4.69;53.55;50.0;0.0;10.0;30.0;136.0;241.0
2018-08-05 11:00:00;2.07;59.65;70.0;0.0;10.0;30.0;133.0;239.0
2018-08-05 12:00:00;2.81;62.96;70.0;0.0;10.0;30.0;123.0;245.0
2018-08-05 13:00:00;2.52;66.8;90.0;0.0;30.0;40.0;125.0;244.0
2018-08-05 14:00:00;2.55;65.85;80.0;0.0;20.0;40.0;118.0;248.0
2018-08-05 15:00:00;2.45;69.63;70.0;0.0;50.0;40.0;103.0;243.0
2018-08-05 16:00:00;2.5;66.96;60.0;0.0;40.0;30.0;117.0;240.0
2018-08-05 17:00:00;2.25;63.78;60.0;0.0;20.0;30.0;128.0;233.0
2018-08-05 18:00:00;2.51;63.65;60.0;0.0;20.0;30.0;135.0;217.0
2018-08-05 19:00:00;4.2;62.84;60.0;0.0;20.0;30.0;135.0;200.0
2018-08-05 20:00:00;7.47;58.42;50.0;0.0;20.0;20.0;140.0;192.0
2018-08-05 21:00:00;9.73;54.23;40.0;0.0;50.0;20.0;141.0;167.0
2018-08-05 22:00:00;10.09;50.18;40.0;0.0;60.0;20.0;138.0;169.0
2018-08-05 23:00:00;7.04;49.15;30.0;0.0;70.0;20.0;134.0;173.0
2018-08-06 00:00:00;8.24;47.28;30.0;0.0;70.0;20.0;133.0;175.0
2018-08-06 01:00:00;5.57;50.23;30.0;0.0;70.0;20.0;131.0;162.0
2018-08-06 02:00:00;5.92;50.23;30.0;0.0;90.0;20.0;125.0;139.0
2018-08-06 03:00:00;7.1;45.12;30.0;0.0;90.0;20.0;117.0;128.0
2018-08-06 04:00:00;10.0;39.28;20.0;0.0;90.0;10.0;125.0;148.0
2018-08-06 05:00:00;19.22;30.26;20.0;0.0;110.0;10.0;125.0;192.0
2018-08-06 06:00:00;31.22;23.18;40.0;0.0;140.0;20.0;129.0;216.0
2018-08-06 07:00:00;35.44;26.64;40.0;0.0;140.0;20.0;136.0;235.0
2018-08-06 08:00:00;29.09;39.75;40.0;0.0;160.0;20.0;130.0;254.0
2018-08-06 09:00:00;21.58;53.28;50.0;0.0;170.0;20.0;126.0;273.0
2018-08-06 10:00:00;18.89;67.91;60.0;0.0;140.0;20.0;121.0;285.0
2018-08-06 11:00:00;12.21;84.35;60.0;0.0;220.0;20.0;106.0;294.0
2018-08-06 12:00:00;10.43;91.98;50.0;0.0;200.0;20.0;96.0;298.0
2018-08-06 13:00:00;13.49;101.84;60.0;0.0;210.0;20.0;109.0;308.0
2018-08-06 14:00:00;13.44;113.37;60.0;0.0;250.0;20.0;98.0;309.0
2018-08-06 15:00:00;15.06;112.74;60.0;0.0;340.0;20.0;109.0;305.0
2018-08-06 16:00:00;14.29;113.9;60.0;0.0;330.0;30.0;114.0;301.0
2018-08-06 17:00:00;9.48;121.8;50.0;0.0;320.0;30.0;124.0;289.0
2018-08-06 18:00:00;7.16;125.86;40.0;0.0;40.0;20.0;132.0;266.0
2018-08-06 19:00:00;9.9;122.47;40.0;0.0;30.0;20.0;138.0;246.0
2018-08-06 20:00:00;12.8;113.81;30.0;0.0;10.0;20.0;154.0;209.0
2018-08-06 21:00:00;30.89;91.26;30.0;0.0;340.0;10.0;155.0;183.0
2018-08-06 22:00:00;20.62;85.78;20.0;0.0;10.0;10.0;154.0;168.0
2018-08-06 23:00:00;24.49;72.78;20.0;0.0;330.0;10.0;153.0;160.0
2018-08-07 00:00:00;15.02;67.53;10.0;0.0;50.0;10.0;148.0;155.0
2018-08-07 01:00:00;11.84;62.37;10.0;0.0;30.0;10.0;145.0;153.0
2018-08-07 02:00:00;19.79;44.53;20.0;0.0;0.0;10.0;147.0;150.0
2018-08-07 03:00:00;13.34;44.8;10.0;0.0;40.0;10.0;143.0;146.0
2018-08-07 04:00:00;13.38;40.32;10.0;0.0;80.0;10.0;151.0;155.0
2018-08-07 05:00:00;24.59;28.15;10.0;0.0;0.0;0.0;151.0;198.0
2018-08-07 06:00:00;30.01;22.95;10.0;0.0;280.0;0.0;150.0;231.0
2018-08-07 07:00:00;45.63;23.96;20.0;0.0;140.0;10.0;145.0;270.0
2018-08-07 08:00:00;54.85;33.97;20.0;0.0;140.0;10.0;134.0;291.0
2018-08-07 09:00:00;40.25;82.53;30.0;0.0;190.0;10.0;114.0;309.0
2018-08-07 10:00:00;37.99;106.48;50.0;0.0;240.0;20.0;124.0;324.0
2018-08-07 11:00:00;27.23;125.85;50.0;0.0;250.0;20.0;118.0;326.0
2018-08-07 12:00:00;18.58;130.57;60.0;0.0;150.0;20.0;53.0;332.0
2018-08-07 13:00:00;17.99;137.2;50.0;0.0;260.0;20.0;103.0;335.0
2018-08-07 14:00:00;17.91;138.97;50.0;0.0;190.0;20.0;112.0;335.0
2018-08-07 15:00:00;20.86;130.75;60.0;0.0;260.0;30.0;116.0;331.0
2018-08-07 16:00:00;18.62;131.62;50.0;0.0;260.0;10.0;139.0;321.0
2018-08-07 17:00:00;19.36;135.1;30.0;0.0;140.0;20.0;148.0;303.0
2018-08-07 18:00:00;26.17;130.36;40.0;0.0;120.0;20.0;155.0;280.0
2018-08-07 19:00:00;39.13;109.35;30.0;0.0;100.0;20.0;146.0;260.0
2018-08-07 20:00:00;42.31;107.93;60.0;0.0;100.0;30.0;126.0;270.0
2018-08-07 21:00:00;22.08;112.25;60.0;0.0;120.0;30.0;122.0;271.0
2018-08-07 22:00:00;21.0;118.46;120.0;0.0;280.0;40.0;142.0;261.0
2018-08-07 23:00:00;20.09;115.42;100.0;8.0;250.0;40.0;177.0;204.0
2018-08-08 00:00:00;6.66;83.99;90.0;5.0;70.0;40.0;180.0;195.0
2018-08-08 01:00:00;4.73;59.6;110.0;6.0;160.0;30.0;175.0;207.0
2018-08-08 02:00:00;7.45;52.45;90.0;6.0;200.0;40.0;180.0;202.0
2018-08-08 03:00:00;9.13;58.4;70.0;2.0;180.0;30.0;178.0;202.0
2018-08-08 04:00:00;18.96;43.1;60.0;0.0;140.0;30.0;183.0;202.0
2018-08-08 05:00:00;33.94;32.39;70.0;0.0;170.0;30.0;183.0;207.0
2018-08-08 06:00:00;36.16;27.83;100.0;0.0;200.0;50.0;181.0;208.0
2018-08-08 07:00:00;29.78;35.29;110.0;0.0;220.0;50.0;180.0;212.0
2018-08-08 08:00:00;29.09;35.6;120.0;0.0;220.0;60.0;177.0;215.0
2018-08-08 09:00:00;14.55;48.45;120.0;0.0;230.0;60.0;168.0;214.0
2018-08-08 10:00:00;14.62;34.03;110.0;0.0;230.0;60.0;165.0;222.0
2018-08-08 11:00:00;14.61;35.48;120.0;0.0;230.0;70.0;152.0;229.0
2018-08-08 12:00:00;11.14;47.02;120.0;0.0;220.0;60.0;141.0;221.0
2018-08-08 13:00:00;8.87;51.02;110.0;0.0;230.0;60.0;132.0;225.0
2018-08-08 14:00:00;10.87;52.79;100.0;0.0;240.0;50.0;131.0;219.0
2018-08-08 15:00:00;11.29;57.76;100.0;0.0;240.0;50.0;126.0;223.0
2018-08-08 16:00:00;14.17;59.24;90.0;0.0;280.0;40.0;145.0;212.0
2018-08-08 17:00:00;20.07;47.85;60.0;0.0;260.0;30.0;112.0;209.0
2018-08-08 18:00:00;14.39;62.34;90.0;0.0;260.0;30.0;111.0;195.0
2018-08-08 19:00:00;15.11;64.38;50.0;0.0;230.0;10.0;129.0;160.0
2018-08-08 20:00:00;22.63;52.63;20.0;0.0;150.0;10.0;127.0;139.0
2018-08-08 21:00:00;34.55;37.71;20.0;0.0;160.0;20.0;125.0;132.0
2018-08-08 22:00:00;27.52;39.39;20.0;0.0;140.0;10.0;123.0;128.0
2018-08-08 23:00:00;35.11;24.52;20.0;0.0;140.0;10.0;116.0;120.0
2018-08-09 00:00:00;33.95;22.52;30.0;0.0;150.0;20.0;114.0;119.0
2018-08-09 01:00:00;31.98;20.77;30.0;0.0;140.0;20.0;108.0;113.0
2018-08-09 02:00:00;29.6;22.17;20.0;0.0;130.0;10.0;111.0;114.0
2018-08-09 03:00:00;36.03;14.87;20.0;0.0;130.0;10.0;108.0;111.0
2018-08-09 04:00:00;39.63;11.5;20.0;0.0;90.0;10.0;125.0;132.0
2018-08-09 05:00:00;47.07;7.05;40.0;0.0;120.0;10.0;120.0;171.0
2018-08-09 06:00:00;46.14;10.6;40.0;0.0;130.0;20.0;120.0;192.0
2018-08-09 07:00:00;35.34;25.72;60.0;0.0;100.0;30.0;120.0;208.0
2018-08-09 08:00:00;26.43;37.62;60.0;0.0;90.0;30.0;121.0;216.0
2018-08-09 09:00:00;22.14;46.6;70.0;0.0;80.0;40.0;114.0;217.0
2018-08-09 10:00:00;11.13;59.53;90.0;0.0;70.0;50.0;119.0;221.0
2018-08-09 11:00:00;11.85;61.71;90.0;0.0;70.0;50.0;134.0;214.0
2018-08-09 12:00:00;9.91;65.58;120.0;5.0;50.0;40.0;166.0;186.0
2018-08-09 13:00:00;19.81;46.47;60.0;6.0;60.0;30.0;170.0;181.0
2018-08-09 14:00:00;16.45;44.85;60.0;0.0;60.0;20.0;173.0;183.0
2018-08-09 15:00:00;19.82;41.88;40.0;0.0;110.0;20.0;180.0;192.0
2018-08-09 16:00:00;24.48;40.19;50.0;0.0;130.0;30.0;184.0;200.0
2018-08-09 17:00:00;24.26;42.52;160.0;2.0;210.0;50.0;163.0;202.0
2018-08-09 18:00:00;26.22;38.32;150.0;0.0;240.0;80.0;155.0;179.0
2018-08-09 19:00:00;25.21;36.92;130.0;0.0;240.0;60.0;152.0;171.0
2018-08-09 20:00:00;8.32;60.94;110.0;5.0;240.0;50.0;153.0;159.0
2018-08-09 21:00:00;9.6;52.54;100.0;8.0;260.0;50.0;151.0;159.0
2018-08-09 22:00:00;11.41;50.64;130.0;7.0;270.0;50.0;139.0;151.0
2018-08-09 23:00:00;3.88;47.97;80.0;5.0;250.0;40.0;134.0;148.0
2018-08-10 00:00:00;9.15;41.65;110.0;1.0;280.0;50.0;122.0;142.0
2018-08-10 01:00:00;4.93;49.61;80.0;0.0;240.0;30.0;121.0;139.0
2018-08-10 02:00:00;4.35;49.61;50.0;0.0;230.0;30.0;113.0;129.0
2018-08-10 03:00:00;6.82;47.58;50.0;0.0;190.0;30.0;114.0;129.0
2018-08-10 04:00:00;12.47;39.27;60.0;0.0;180.0;30.0;123.0;131.0
2018-08-10 05:00:00;25.28;16.8;70.0;0.0;200.0;40.0;124.0;141.0
2018-08-10 06:00:00;30.39;12.43;100.0;0.0;200.0;50.0;132.0;152.0
2018-08-10 07:00:00;23.28;15.42;90.0;0.0;200.0;50.0;129.0;169.0
2018-08-10 08:00:00;22.65;20.5;100.0;0.0;220.0;50.0;119.0;184.0
2018-08-10 09:00:00;19.83;27.62;110.0;0.0;230.0;60.0;109.0;196.0
2018-08-10 10:00:00;14.77;41.01;120.0;0.0;210.0;60.0;101.0;193.0
2018-08-10 11:00:00;11.98;48.14;140.0;0.0;220.0;70.0;100.0;198.0
2018-08-10 12:00:00;14.08;46.93;120.0;0.0;240.0;60.0;100.0;195.0
2018-08-10 13:00:00;11.09;57.01;130.0;0.0;220.0;70.0;96.0;204.0
2018-08-10 14:00:00;16.37;54.97;120.0;0.0;220.0;70.0;88.0;182.0
2018-08-10 15:00:00;14.55;53.49;110.0;0.0;220.0;60.0;96.0;204.0
2018-08-10 16:00:00;13.87;56.53;100.0;0.0;190.0;50.0;93.0;207.0
2018-08-10 17:00:00;18.84;52.78;110.0;0.0;220.0;50.0;82.0;204.0
2018-08-10 18:00:00;18.6;54.54;120.0;5.0;250.0;50.0;118.0;171.0
2018-08-10 19:00:00;11.48;53.49;140.0;7.0;210.0;50.0;132.0;146.0
2018-08-10 20:00:00;9.98;47.09;120.0;4.0;220.0;50.0;135.0;151.0
2018-08-10 21:00:00;12.57;39.63;120.0;10.0;240.0;60.0;127.0;143.0
2018-08-10 22:00:00;9.22;39.38;90.0;10.0;230.0;30.0;116.0;130.0
2018-08-10 23:00:00;6.97;44.95;60.0;8.0;220.0;30.0;111.0;126.0
2018-08-11 00:00:00;7.44;46.3;70.0;6.0;220.0;40.0;109.0;123.0
2018-08-11 01:00:00;7.37;48.47;50.0;0.0;230.0;30.0;112.0;123.0
2018-08-11 02:00:00;7.75;44.41;50.0;0.0;220.0;30.0;114.0;122.0
2018-08-11 03:00:00;10.06;34.12;40.0;0.0;230.0;30.0;112.0;123.0
2018-08-11 04:00:00;12.64;27.22;50.0;0.0;230.0;30.0;107.0;124.0
2018-08-11 05:00:00;16.16;25.76;50.0;0.0;230.0;30.0;109.0;135.0
2018-08-11 06:00:00;18.13;25.26;70.0;0.0;240.0;30.0;110.0;157.0
2018-08-11 07:00:00;17.04;27.83;100.0;0.0;250.0;40.0;100.0;171.0
2018-08-11 08:00:00;12.46;37.48;100.0;0.0;260.0;50.0;97.0;175.0
2018-08-11 09:00:00;10.13;47.06;100.0;0.0;270.0;50.0;87.0;179.0
2018-08-11 10:00:00;8.45;53.53;90.0;0.0;260.0;40.0;93.0;192.0
2018-08-11 11:00:00;9.61;57.73;90.0;0.0;250.0;40.0;86.0;192.0
2018-08-11 12:00:00;8.7;59.9;80.0;0.0;250.0;40.0;97.0;206.0
2018-08-11 13:00:00;7.32;61.8;90.0;0.0;260.0;40.0;89.0;206.0
2018-08-11 14:00:00;8.52;63.09;90.0;0.0;280.0;40.0;84.0;195.0
2018-08-11 15:00:00;8.26;63.84;80.0;0.0;260.0;40.0;88.0;193.0
2018-08-11 16:00:00;12.37;60.79;90.0;0.0;280.0;40.0;77.0;192.0
2018-08-11 17:00:00;13.09;59.03;70.0;0.0;260.0;30.0;84.0;186.0
2018-08-11 18:00:00;13.82;60.53;50.0;0.0;270.0;20.0;82.0;165.0
2018-08-11 19:00:00;18.53;55.68;20.0;0.0;110.0;10.0;100.0;127.0
2018-08-11 20:00:00;43.13;30.74;10.0;0.0;90.0;10.0;103.0;115.0
2018-08-11 21:00:00;58.07;10.62;10.0;0.0;120.0;10.0;105.0;111.0
2018-08-11 22:00:00;66.59;1.06;20.0;0.0;160.0;10.0;107.0;114.0
2018-08-11 23:00:00;59.8;6.91;20.0;0.0;150.0;10.0;104.0;113.0
2018-08-12 00:00:00;37.49;16.48;30.0;0.0;150.0;20.0;107.0;121.0
2018-08-12 01:00:00;28.6;20.72;40.0;0.0;150.0;20.0;105.0;136.0
2018-08-12 02:00:00;24.71;26.06;40.0;0.0;170.0;20.0;106.0;141.0
2018-08-12 03:00:00;24.28;28.12;30.0;0.0;150.0;20.0;110.0;141.0
2018-08-12 04:00:00;21.73;30.2;30.0;0.0;150.0;20.0;113.0;145.0
2018-08-12 05:00:00;20.62;28.74;30.0;0.0;150.0;10.0;115.0;154.0
2018-08-12 06:00:00;22.62;27.98;60.0;0.0;170.0;20.0;107.0;168.0
2018-08-12 07:00:00;23.13;30.85;70.0;0.0;170.0;40.0;115.0;186.0
2018-08-12 08:00:00;19.85;35.49;70.0;0.0;180.0;40.0;123.0;210.0
2018-08-12 09:00:00;18.07;35.32;80.0;0.0;190.0;40.0;119.0;218.0
2018-08-12 10:00:00;15.63;40.06;80.0;0.0;180.0;40.0;127.0;235.0
2018-08-12 11:00:00;15.78;45.49;90.0;0.0;220.0;40.0;119.0;249.0
2018-08-12 12:00:00;12.69;63.02;90.0;0.0;190.0;50.0;118.0;249.0
2018-08-12 13:00:00;11.48;72.69;90.0;0.0;190.0;50.0;117.0;257.0
2018-08-12 14:00:00;11.84;76.49;80.0;0.0;210.0;40.0;109.0;265.0
2018-08-12 15:00:00;12.49;77.71;70.0;0.0;210.0;30.0;97.0;259.0
2018-08-12 16:00:00;14.68;79.38;50.0;0.0;190.0;20.0;111.0;252.0
2018-08-12 17:00:00;21.1;72.82;30.0;0.0;160.0;10.0;168.0;226.0
2018-08-12 18:00:00;34.13;60.1;20.0;0.0;310.0;10.0;147.0;210.0
2018-08-12 19:00:00;33.73;57.97;20.0;0.0;0.0;0.0;158.0;196.0
2018-08-12 20:00:00;39.27;55.48;10.0;0.0;360.0;10.0;164.0;188.0
2018-08-12 21:00:00;36.87;48.52;20.0;0.0;90.0;10.0;162.0;187.0
2018-08-12 22:00:00;58.75;21.21;20.0;0.0;150.0;20.0;165.0;185.0
2018-08-12 23:00:00;67.3;11.01;20.0;0.0;140.0;10.0;148.0;185.0
2018-08-13 00:00:00;43.63;21.78;20.0;0.0;140.0;10.0;160.0;180.0
2018-08-13 01:00:00;35.38;25.31;20.0;0.0;200.0;10.0;156.0;179.0
2018-08-13 02:00:00;36.13;21.08;30.0;0.0;150.0;20.0;145.0;182.0
2018-08-13 03:00:00;35.06;18.2;20.0;0.0;160.0;10.0;150.0;176.0
2018-08-13 04:00:00;35.86;18.94;40.0;0.0;140.0;20.0;138.0;185.0
2018-08-13 05:00:00;53.89;5.96;60.0;0.0;180.0;30.0;143.0;187.0
2018-08-13 06:00:00;56.15;3.62;80.0;0.0;220.0;30.0;156.0;212.0
2018-08-13 07:00:00;50.86;11.37;90.0;0.0;220.0;50.0;160.0;201.0
2018-08-13 08:00:00;35.66;32.87;80.0;0.0;210.0;40.0;170.0;210.0
2018-08-13 09:00:00;33.29;34.05;80.0;0.0;210.0;50.0;163.0;206.0
2018-08-13 10:00:00;21.44;45.94;80.0;1.0;230.0;40.0;170.0;207.0
2018-08-13 11:00:00;17.87;49.17;80.0;0.0;210.0;30.0;176.0;214.0
2018-08-13 12:00:00;17.1;45.87;80.0;5.0;310.0;30.0;151.0;168.0
2018-08-13 13:00:00;21.37;37.41;40.0;10.0;250.0;10.0;164.0;168.0
2018-08-13 14:00:00;43.83;21.43;20.0;3.0;250.0;10.0;175.0;190.0
2018-08-13 15:00:00;32.36;27.83;30.0;3.0;250.0;10.0;174.0;190.0
2018-08-13 16:00:00;28.17;33.17;80.0;0.0;290.0;30.0;168.0;197.0
2018-08-13 17:00:00;17.3;47.59;70.0;0.0;280.0;30.0;159.0;190.0
2018-08-13 18:00:00;16.74;44.28;50.0;0.0;270.0;30.0;157.0;186.0
2018-08-13 19:00:00;15.17;45.74;70.0;0.0;260.0;30.0;153.0;176.0
2018-08-13 20:00:00;20.05;45.18;40.0;0.0;230.0;20.0;150.0;169.0
2018-08-13 21:00:00;22.44;41.81;40.0;0.0;240.0;20.0;154.0;177.0
2018-08-13 22:00:00;21.53;36.34;70.0;3.0;250.0;30.0;164.0;173.0
2018-08-13 23:00:00;18.17;30.67;40.0;0.0;240.0;20.0;164.0;174.0
2018-08-14 00:00:00;23.81;23.32;40.0;0.0;230.0;20.0;166.0;176.0
2018-08-14 01:00:00;22.43;21.11;50.0;0.0;250.0;20.0;164.0;180.0
2018-08-14 02:00:00;17.13;21.11;70.0;2.0;270.0;30.0;164.0;179.0
2018-08-14 03:00:00;8.82;40.76;80.0;0.0;280.0;30.0;160.0;171.0
2018-08-14 04:00:00;5.81;42.89;60.0;0.0;280.0;30.0;154.0;171.0
2018-08-14 05:00:00;20.44;36.16;90.0;0.0;270.0;30.0;149.0;181.0
2018-08-14 06:00:00;24.24;38.94;70.0;0.0;270.0;40.0;150.0;186.0
2018-08-14 07:00:00;22.82;40.92;90.0;0.0;290.0;50.0;143.0;196.0
2018-08-14 08:00:00;11.73;52.88;100.0;0.0;290.0;50.0;136.0;201.0
2018-08-14 09:00:00;9.96;56.73;90.0;0.0;280.0;40.0;135.0;208.0
2018-08-14 10:00:00;10.4;58.16;90.0;0.0;280.0;50.0;130.0;206.0
2018-08-14 11:00:00;9.42;64.54;90.0;0.0;300.0;40.0;128.0;217.0
2018-08-14 12:00:00;9.1;66.85;90.0;0.0;280.0;50.0;136.0;214.0
2018-08-14 13:00:00;9.16;68.16;90.0;0.0;290.0;40.0;140.0;209.0
2018-08-14 14:00:00;12.46;66.28;90.0;0.0;270.0;40.0;141.0;203.0
2018-08-14 15:00:00;12.46;64.32;70.0;0.0;290.0;40.0;149.0;198.0
2018-08-14 16:00:00;13.54;59.13;60.0;0.0;270.0;30.0;161.0;187.0
2018-08-14 17:00:00;22.74;42.8;40.0;4.0;270.0;10.0;169.0;184.0
2018-08-14 18:00:00;24.07;35.67;50.0;0.0;270.0;20.0;156.0;179.0
2018-08-14 19:00:00;18.22;44.73;30.0;0.0;250.0;20.0;153.0;176.0
2018-08-14 20:00:00;25.69;38.84;20.0;0.0;220.0;10.0;156.0;166.0
2018-08-14 21:00:00;33.05;30.22;30.0;0.0;230.0;10.0;151.0;177.0
2018-08-14 22:00:00;27.77;31.58;30.0;0.0;230.0;20.0;148.0;174.0
2018-08-14 23:00:00;26.56;24.95;30.0;0.0;210.0;20.0;147.0;164.0
2018-08-15 00:00:00;22.28;27.18;30.0;0.0;210.0;20.0;154.0;175.0
2018-08-15 01:00:00;16.07;32.52;40.0;0.0;210.0;20.0;157.0;179.0
2018-08-15 02:00:00;15.64;27.71;40.0;0.0;210.0;20.0;155.0;179.0
2018-08-15 03:00:00;15.56;26.17;50.0;0.0;220.0;20.0;155.0;178.0
2018-08-15 04:00:00;18.47;21.63;50.0;0.0;210.0;30.0;159.0;178.0
2018-08-15 05:00:00;26.27;15.85;50.0;0.0;220.0;30.0;164.0;181.0
2018-08-15 06:00:00;29.98;12.08;60.0;0.0;220.0;30.0;170.0;192.0
2018-08-15 07:00:00;28.72;13.32;60.0;0.0;220.0;40.0;177.0;205.0
2018-08-15 08:00:00;25.11;15.82;60.0;0.0;220.0;40.0;174.0;211.0
2018-08-15 09:00:00;22.44;19.91;70.0;0.0;220.0;40.0;175.0;217.0
2018-08-15 10:00:00;20.62;25.61;80.0;0.0;200.0;40.0;167.0;217.0
2018-08-15 11:00:00;23.27;29.74;80.0;0.0;240.0;40.0;163.0;205.0
2018-08-15 12:00:00;24.67;29.5;70.0;0.0;230.0;40.0;158.0;225.0
2018-08-15 13:00:00;20.21;38.35;100.0;0.0;240.0;50.0;147.0;217.0
2018-08-15 14:00:00;15.07;51.07;120.0;0.0;240.0;50.0;145.0;214.0
2018-08-15 15:00:00;12.5;49.83;100.0;0.0;240.0;40.0;149.0;204.0
2018-08-15 16:00:00;18.32;41.75;70.0;0.0;200.0;40.0;153.0;206.0
2018-08-15 17:00:00;21.89;37.31;60.0;0.0;210.0;30.0;158.0;207.0
2018-08-15 18:00:00;22.35;35.28;60.0;0.0;200.0;30.0;157.0;202.0
2018-08-15 19:00:00;26.09;31.5;60.0;0.0;200.0;30.0;150.0;194.0
2018-08-15 20:00:00;29.23;29.34;50.0;0.0;190.0;30.0;145.0;194.0
2018-08-15 21:00:00;29.63;29.1;60.0;0.0;190.0;30.0;147.0;186.0
2018-08-15 22:00:00;23.83;33.6;50.0;0.0;210.0;30.0;143.0;179.0
2018-08-15 23:00:00;19.35;33.23;70.0;0.0;190.0;30.0;144.0;174.0
2018-08-16 00:00:00;18.62;29.5;70.0;0.0;200.0;30.0;142.0;168.0
2018-08-16 01:00:00;17.36;27.07;60.0;0.0;200.0;30.0;140.0;162.0
2018-08-16 02:00:00;17.6;23.62;50.0;0.0;200.0;30.0;139.0;158.0
2018-08-16 03:00:00;18.15;22.77;50.0;0.0;190.0;30.0;138.0;157.0
2018-08-16 04:00:00;19.05;21.73;60.0;0.0;200.0;30.0;138.0;159.0
2018-08-16 05:00:00;25.96;15.89;80.0;0.0;200.0;40.0;143.0;170.0
2018-08-16 06:00:00;30.41;14.67;80.0;0.0;200.0;40.0;147.0;181.0
2018-08-16 07:00:00;28.78;17.72;80.0;0.0;200.0;50.0;153.0;197.0
2018-08-16 08:00:00;26.72;19.73;110.0;0.0;200.0;50.0;148.0;210.0
2018-08-16 09:00:00;19.58;27.82;100.0;0.0;220.0;50.0;144.0;209.0
2018-08-16 10:00:00;18.71;32.98;100.0;0.0;230.0;50.0;146.0;204.0
2018-08-16 11:00:00;11.72;35.53;100.0;0.0;220.0;50.0;143.0;206.0
2018-08-16 12:00:00;14.13;33.37;100.0;0.0;210.0;60.0;149.0;216.0
2018-08-16 13:00:00;14.31;35.39;90.0;0.0;250.0;50.0;150.0;230.0
2018-08-16 14:00:00;14.84;39.67;70.0;0.0;270.0;40.0;150.0;231.0
2018-08-16 15:00:00;17.15;41.38;60.0;0.0;280.0;30.0;152.0;228.0
2018-08-16 16:00:00;20.81;44.77;80.0;0.0;330.0;30.0;161.0;205.0
2018-08-16 17:00:00;15.54;47.31;70.0;0.0;350.0;40.0;150.0;181.0
2018-08-16 18:00:00;13.21;49.0;70.0;0.0;70.0;30.0;144.0;170.0
2018-08-16 19:00:00;8.95;57.23;40.0;0.0;90.0;20.0;144.0;160.0
2018-08-16 20:00:00;17.88;47.18;30.0;0.0;110.0;10.0;144.0;150.0
2018-08-16 21:00:00;16.13;45.95;20.0;0.0;240.0;10.0;148.0;153.0
2018-08-16 22:00:00;24.92;35.05;20.0;0.0;240.0;0.0;152.0;159.0
2018-08-16 23:00:00;27.6;28.42;60.0;8.0;230.0;20.0;155.0;161.0
2018-08-17 00:00:00;17.82;34.4;40.0;10.0;180.0;20.0;153.0;158.0
2018-08-17 01:00:00;10.57;37.79;40.0;10.0;200.0;20.0;152.0;156.0
2018-08-17 02:00:00;12.05;30.91;30.0;2.0;190.0;10.0;152.0;155.0
2018-08-17 03:00:00;11.08;27.0;20.0;0.0;230.0;10.0;151.0;154.0
2018-08-17 04:00:00;16.21;22.39;30.0;0.0;230.0;10.0;148.0;151.0
2018-08-17 05:00:00;26.77;9.88;30.0;0.0;220.0;10.0;148.0;151.0
2018-08-17 06:00:00;42.87;1.01;20.0;0.0;0.0;10.0;150.0;160.0
2018-08-17 07:00:00;39.15;1.22;20.0;0.0;300.0;10.0;150.0;178.0
2018-08-17 08:00:00;38.81;2.65;20.0;0.0;250.0;10.0;146.0;191.0
2018-08-17 09:00:00;40.2;12.36;40.0;0.0;270.0;20.0;136.0;207.0
2018-08-17 10:00:00;18.33;36.11;40.0;0.0;310.0;20.0;126.0;216.0
2018-08-17 11:00:00;12.59;45.7;50.0;0.0;320.0;20.0;117.0;214.0
2018-08-17 12:00:00;15.45;44.48;60.0;0.0;300.0;30.0;114.0;226.0
2018-08-17 13:00:00;11.11;56.16;80.0;0.0;300.0;40.0;111.0;224.0
2018-08-17 14:00:00;13.83;56.83;70.0;0.0;280.0;30.0;117.0;218.0
2018-08-17 15:00:00;11.9;56.07;80.0;0.0;310.0;40.0;100.0;218.0
2018-08-17 16:00:00;11.7;56.92;60.0;0.0;310.0;30.0;100.0;213.0
2018-08-17 17:00:00;10.16;57.56;50.0;0.0;310.0;20.0;108.0;203.0
2018-08-17 18:00:00;12.26;52.8;40.0;0.0;300.0;20.0;116.0;178.0
2018-08-17 19:00:00;13.88;50.22;30.0;0.0;270.0;10.0;125.0;139.0
2018-08-17 20:00:00;27.25;36.8;20.0;0.0;230.0;10.0;121.0;126.0
2018-08-17 21:00:00;39.64;21.1;30.0;0.0;230.0;10.0;116.0;121.0
2018-08-17 22:00:00;45.1;12.7;20.0;0.0;160.0;10.0;112.0;117.0
2018-08-17 23:00:00;37.28;18.43;20.0;0.0;200.0;10.0;108.0;113.0
2018-08-18 00:00:00;23.81;31.88;30.0;0.0;210.0;20.0;111.0;116.0
2018-08-18 01:00:00;22.5;29.72;30.0;0.0;180.0;10.0;107.0;112.0
2018-08-18 02:00:00;24.81;29.72;40.0;0.0;180.0;10.0;113.0;118.0
2018-08-18 03:00:00;22.68;22.88;50.0;0.0;170.0;20.0;118.0;124.0
2018-08-18 04:00:00;27.6;13.16;30.0;0.0;190.0;20.0;122.0;130.0
2018-08-18 05:00:00;29.19;10.19;50.0;0.0;210.0;30.0;131.0;148.0
2018-08-18 06:00:00;25.45;11.68;60.0;0.0;200.0;30.0;141.0;166.0
2018-08-18 07:00:00;24.06;15.64;60.0;0.0;210.0;40.0;151.0;185.0
2018-08-18 08:00:00;25.14;19.68;80.0;0.0;220.0;40.0;148.0;193.0
2018-08-18 09:00:00;24.71;22.11;80.0;0.0;220.0;40.0;150.0;211.0
2018-08-18 10:00:00;17.55;31.21;80.0;0.0;210.0;40.0;143.0;201.0
2018-08-18 11:00:00;14.32;35.89;90.0;0.0;240.0;40.0;144.0;203.0
2018-08-18 12:00:00;14.87;36.9;90.0;0.0;240.0;40.0;144.0;207.0
2018-08-18 13:00:00;14.43;37.87;90.0;0.0;240.0;50.0;141.0;204.0
2018-08-18 14:00:00;11.99;43.28;70.0;0.0;250.0;30.0;138.0;206.0
2018-08-18 15:00:00;13.37;43.49;80.0;0.0;240.0;40.0;141.0;215.0
2018-08-18 16:00:00;11.41;48.17;70.0;0.0;250.0;40.0;136.0;206.0
2018-08-18 17:00:00;15.28;49.51;80.0;0.0;270.0;30.0;135.0;203.0
2018-08-18 18:00:00;15.11;46.63;50.0;0.0;240.0;20.0;137.0;193.0
2018-08-18 19:00:00;18.02;41.55;40.0;0.0;230.0;20.0;145.0;187.0
2018-08-18 20:00:00;22.92;34.42;30.0;0.0;230.0;20.0;148.0;190.0
2018-08-18 21:00:00;24.16;29.32;40.0;0.0;240.0;20.0;149.0;188.0
2018-08-18 22:00:00;22.28;24.62;40.0;0.0;230.0;20.0;150.0;187.0
2018-08-18 23:00:00;21.51;24.42;40.0;0.0;220.0;20.0;153.0;185.0
2018-08-19 00:00:00;16.89;28.34;40.0;0.0;200.0;20.0;154.0;184.0
2018-08-19 01:00:00;15.31;28.38;50.0;0.0;220.0;30.0;152.0;183.0
2018-08-19 02:00:00;16.07;24.83;60.0;0.0;220.0;30.0;140.0;177.0
2018-08-19 03:00:00;10.58;31.64;60.0;0.0;200.0;30.0;139.0;174.0
2018-08-19 04:00:00;12.43;27.63;50.0;0.0;200.0;30.0;140.0;171.0
2018-08-19 05:00:00;15.16;23.71;70.0;0.0;190.0;30.0;140.0;171.0
2018-08-19 06:00:00;14.74;24.87;60.0;0.0;210.0;40.0;143.0;172.0
2018-08-19 07:00:00;15.15;25.64;60.0;0.0;180.0;40.0;149.0;180.0
2018-08-19 08:00:00;17.84;23.89;70.0;0.0;210.0;40.0;154.0;186.0
2018-08-19 09:00:00;18.4;22.07;80.0;0.0;200.0;40.0;156.0;194.0
2018-08-19 10:00:00;21.27;21.61;90.0;0.0;210.0;50.0;154.0;203.0
2018-08-19 11:00:00;15.85;28.87;100.0;0.0;210.0;50.0;158.0;212.0
2018-08-19 12:00:00;11.9;31.44;100.0;0.0;220.0;50.0;152.0;214.0
2018-08-19 13:00:00;12.75;35.57;110.0;0.0;220.0;60.0;152.0;224.0
2018-08-19 14:00:00;11.93;47.84;120.0;0.0;220.0;60.0;150.0;221.0
2018-08-19 15:00:00;8.86;51.12;100.0;0.0;230.0;50.0;153.0;221.0
2018-08-19 16:00:00;9.93;50.41;100.0;0.0;260.0;50.0;164.0;210.0
2018-08-19 17:00:00;12.54;46.69;80.0;0.0;240.0;50.0;163.0;203.0
2018-08-19 18:00:00;12.64;45.89;90.0;0.0;250.0;40.0;159.0;198.0
2018-08-19 19:00:00;10.86;41.82;80.0;0.0;240.0;40.0;161.0;194.0
2018-08-19 20:00:00;13.08;35.95;80.0;0.0;240.0;30.0;165.0;191.0
2018-08-19 21:00:00;12.86;31.9;60.0;0.0;240.0;30.0;167.0;190.0
2018-08-19 22:00:00;17.34;24.6;50.0;0.0;230.0;30.0;170.0;191.0
2018-08-19 23:00:00;12.5;26.24;60.0;0.0;230.0;30.0;171.0;192.0
2018-08-20 00:00:00;11.52;24.61;60.0;0.0;220.0;30.0;174.0;194.0
2018-08-20 01:00:00;10.54;24.91;60.0;0.0;230.0;30.0;178.0;194.0
2018-08-20 02:00:00;8.74;25.43;60.0;0.0;230.0;30.0;180.0;194.0
2018-08-20 03:00:00;11.05;19.99;40.0;0.0;240.0;20.0;183.0;193.0
2018-08-20 04:00:00;18.1;11.97;50.0;0.0;250.0;20.0;183.0;193.0
2018-08-20 05:00:00;29.6;3.72;40.0;0.0;270.0;20.0;183.0;195.0
2018-08-20 06:00:00;36.4;0.94;50.0;0.0;290.0;20.0;169.0;194.0
2018-08-20 07:00:00;26.84;9.17;50.0;0.0;290.0;20.0;169.0;196.0
2018-08-20 08:00:00;20.41;20.53;40.0;0.0;280.0;20.0;166.0;198.0
2018-08-20 09:00:00;18.34;30.14;40.0;0.0;300.0;20.0;163.0;207.0
2018-08-20 10:00:00;18.5;31.94;40.0;0.0;340.0;20.0;163.0;212.0
2018-08-20 11:00:00;13.87;35.57;50.0;0.0;320.0;30.0;157.0;211.0
2018-08-20 12:00:00;14.26;38.43;50.0;0.0;330.0;30.0;157.0;216.0
2018-08-20 13:00:00;14.42;38.5;40.0;0.0;330.0;20.0;162.0;220.0
2018-08-20 14:00:00;13.53;41.28;50.0;0.0;320.0;30.0;156.0;219.0
2018-08-20 15:00:00;10.73;47.45;50.0;0.0;320.0;30.0;156.0;229.0
2018-08-20 16:00:00;16.96;44.43;50.0;0.0;340.0;30.0;152.0;222.0
2018-08-20 17:00:00;13.73;48.05;50.0;0.0;320.0;20.0;156.0;218.0
2018-08-20 18:00:00;17.83;43.36;50.0;0.0;340.0;20.0;154.0;198.0
2018-08-20 19:00:00;19.12;38.6;40.0;0.0;320.0;20.0;159.0;177.0
2018-08-20 20:00:00;11.51;41.06;30.0;0.0;350.0;20.0;157.0;171.0
2018-08-20 21:00:00;7.58;39.82;20.0;0.0;0.0;10.0;146.0;151.0
2018-08-20 22:00:00;14.07;29.42;10.0;0.0;340.0;10.0;145.0;148.0
2018-08-20 23:00:00;15.44;22.0;20.0;0.0;0.0;10.0;142.0;147.0
2018-08-21 00:00:00;23.54;12.52;10.0;0.0;0.0;0.0;153.0;158.0
2018-08-21 01:00:00;18.85;14.09;10.0;0.0;350.0;0.0;154.0;159.0
2018-08-21 02:00:00;12.71;23.04;20.0;0.0;150.0;10.0;153.0;156.0
2018-08-21 03:00:00;14.19;23.44;20.0;0.0;70.0;10.0;149.0;154.0
2018-08-21 04:00:00;14.24;18.43;10.0;0.0;10.0;10.0;141.0;144.0
2018-08-21 05:00:00;23.18;8.86;10.0;0.0;0.0;10.0;148.0;153.0
2018-08-21 06:00:00;29.59;1.38;20.0;0.0;100.0;10.0;171.0;191.0
2018-08-21 07:00:00;37.8;2.19;30.0;0.0;180.0;20.0;168.0;207.0
2018-08-21 08:00:00;30.92;17.12;40.0;0.0;170.0;20.0;174.0;222.0
2018-08-21 09:00:00;21.42;30.04;50.0;0.0;160.0;30.0;159.0;232.0
2018-08-21 10:00:00;16.37;35.52;40.0;0.0;150.0;20.0;158.0;238.0
2018-08-21 11:00:00;16.84;38.1;40.0;0.0;180.0;20.0;163.0;244.0
2018-08-21 12:00:00;18.03;40.54;50.0;0.0;180.0;20.0;163.0;249.0
2018-08-21 13:00:00;17.26;48.63;40.0;0.0;160.0;20.0;162.0;253.0
2018-08-21 14:00:00;18.8;56.79;50.0;0.0;190.0;20.0;166.0;243.0
2018-08-21 15:00:00;21.36;54.34;30.0;0.0;210.0;10.0;160.0;244.0
2018-08-21 16:00:00;34.59;45.59;20.0;0.0;0.0;10.0;177.0;241.0
2018-08-21 17:00:00;32.33;49.87;30.0;0.0;320.0;10.0;175.0;235.0
2018-08-21 18:00:00;25.06;47.29;40.0;0.0;310.0;20.0;181.0;216.0
2018-08-21 19:00:00;30.17;41.67;30.0;0.0;310.0;20.0;177.0;192.0
2018-08-21 20:00:00;48.5;25.04;30.0;0.0;320.0;10.0;169.0;174.0
2018-08-21 21:00:00;55.4;13.43;10.0;0.0;350.0;10.0;164.0;166.0
2018-08-21 22:00:00;59.41;4.49;20.0;0.0;90.0;0.0;166.0;169.0
2018-08-21 23:00:00;47.34;8.59;10.0;0.0;0.0;0.0;164.0;167.0
2018-08-22 00:00:00;36.17;9.76;10.0;0.0;0.0;10.0;162.0;165.0
2018-08-22 01:00:00;35.07;4.83;10.0;0.0;350.0;10.0;156.0;159.0
2018-08-22 02:00:00;32.83;4.83;20.0;0.0;340.0;0.0;150.0;150.0
2018-08-22 03:00:00;38.08;2.9;20.0;0.0;320.0;10.0;142.0;142.0
2018-08-22 04:00:00;39.81;4.07;20.0;0.0;0.0;10.0;143.0;143.0
2018-08-22 05:00:00;51.31;-0.07;10.0;0.0;0.0;0.0;169.0;172.0
2018-08-22 06:00:00;47.6;0.04;20.0;0.0;300.0;10.0;180.0;198.0
2018-08-22 07:00:00;41.77;3.45;20.0;0.0;300.0;10.0;181.0;213.0
2018-08-22 08:00:00;34.6;10.64;40.0;0.0;280.0;20.0;182.0;234.0
2018-08-22 09:00:00;31.56;19.11;60.0;0.0;250.0;30.0;175.0;236.0
2018-08-22 10:00:00;31.77;28.13;80.0;0.0;250.0;30.0;172.0;244.0
2018-08-22 11:00:00;22.3;39.48;80.0;0.0;240.0;40.0;166.0;244.0
2018-08-22 12:00:00;13.71;48.54;80.0;0.0;250.0;40.0;165.0;246.0
2018-08-22 13:00:00;16.05;47.57;80.0;0.0;250.0;40.0;161.0;243.0
2018-08-22 14:00:00;16.11;55.49;80.0;0.0;240.0;40.0;160.0;245.0
2018-08-22 15:00:00;18.6;60.88;70.0;0.0;260.0;30.0;159.0;239.0
2018-08-22 16:00:00;25.89;63.79;60.0;0.0;240.0;30.0;156.0;233.0
2018-08-22 17:00:00;27.57;66.77;50.0;0.0;300.0;20.0;161.0;219.0
2018-08-22 18:00:00;26.63;59.42;40.0;0.0;310.0;20.0;165.0;197.0
2018-08-22 19:00:00;24.47;52.74;30.0;0.0;310.0;20.0;162.0;179.0
2018-08-22 20:00:00;26.51;45.4;20.0;0.0;340.0;10.0;154.0;157.0
2018-08-22 21:00:00;39.16;28.17;10.0;0.0;340.0;0.0;148.0;148.0
2018-08-22 22:00:00;39.38;21.57;10.0;0.0;340.0;10.0;140.0;141.0
2018-08-22 23:00:00;31.7;26.4;20.0;0.0;160.0;10.0;136.0;136.0
2018-08-23 00:00:00;30.56;25.47;30.0;0.0;160.0;20.0;140.0;140.0
2018-08-23 01:00:00;43.16;6.71;30.0;0.0;160.0;10.0;140.0;140.0
2018-08-23 02:00:00;45.41;2.81;30.0;0.0;200.0;20.0;143.0;146.0
2018-08-23 03:00:00;34.4;7.46;50.0;0.0;210.0;20.0;164.0;167.0
2018-08-23 04:00:00;23.92;20.16;50.0;0.0;200.0;30.0;166.0;173.0
2018-08-23 05:00:00;30.85;14.78;50.0;0.0;210.0;30.0;160.0;174.0
2018-08-23 06:00:00;38.08;13.32;70.0;0.0;210.0;30.0;159.0;185.0
2018-08-23 07:00:00;35.09;20.52;60.0;0.0;210.0;30.0;162.0;190.0
2018-08-23 08:00:00;30.76;22.39;70.0;0.0;220.0;40.0;163.0;197.0
2018-08-23 09:00:00;27.86;22.99;70.0;0.0;230.0;50.0;165.0;203.0
2018-08-23 10:00:00;22.81;25.24;90.0;0.0;220.0;50.0;165.0;212.0
2018-08-23 11:00:00;22.45;24.05;80.0;0.0;220.0;50.0;169.0;213.0
2018-08-23 12:00:00;17.73;29.38;80.0;0.0;230.0;40.0;161.0;217.0
2018-08-23 13:00:00;18.09;31.36;90.0;0.0;230.0;50.0;155.0;221.0
2018-08-23 14:00:00;17.51;35.47;90.0;0.0;230.0;50.0;157.0;218.0
2018-08-23 15:00:00;24.83;30.92;90.0;0.0;230.0;40.0;155.0;219.0
2018-08-23 16:00:00;22.56;34.2;80.0;0.0;230.0;40.0;158.0;216.0
2018-08-23 17:00:00;20.45;33.92;90.0;0.0;240.0;50.0;160.0;210.0
2018-08-23 18:00:00;17.36;30.9;100.0;1.0;260.0;50.0;170.0;191.0
2018-08-23 19:00:00;16.82;28.03;70.0;6.0;290.0;30.0;167.0;172.0
2018-08-23 20:00:00;18.24;23.74;60.0;2.0;300.0;20.0;156.0;165.0
2018-08-23 21:00:00;19.25;26.06;40.0;0.0;270.0;20.0;145.0;154.0
2018-08-23 22:00:00;18.94;26.51;20.0;0.0;200.0;10.0;126.0;129.0
2018-08-23 23:00:00;26.2;16.87;20.0;0.0;190.0;10.0;138.0;141.0
2018-08-24 00:00:00;18.59;19.12;40.0;0.0;200.0;20.0;142.0;147.0
2018-08-24 01:00:00;14.63;22.23;40.0;0.0;200.0;20.0;145.0;149.0
2018-08-24 02:00:00;12.37;21.58;40.0;0.0;210.0;20.0;149.0;154.0
2018-08-24 03:00:00;15.68;20.61;70.0;0.0;290.0;30.0;141.0;156.0
2018-08-24 04:00:00;18.43;20.11;70.0;0.0;280.0;30.0;124.0;150.0
2018-08-24 05:00:00;18.52;30.83;50.0;0.0;270.0;30.0;117.0;147.0
2018-08-24 06:00:00;31.92;24.3;70.0;0.0;260.0;30.0;105.0;161.0
2018-08-24 07:00:00;30.37;24.22;100.0;0.0;280.0;50.0;96.0;165.0
2018-08-24 08:00:00;16.97;33.76;100.0;0.0;280.0;50.0;91.0;175.0
2018-08-24 09:00:00;12.54;38.39;110.0;0.0;260.0;50.0;91.0;178.0
2018-08-24 10:00:00;13.05;39.92;110.0;0.0;280.0;50.0;83.0;177.0
2018-08-24 11:00:00;9.36;44.02;130.0;0.0;270.0;50.0;84.0;177.0
2018-08-24 12:00:00;11.78;44.16;110.0;0.0;250.0;50.0;77.0;182.0
2018-08-24 13:00:00;11.45;46.52;120.0;0.0;250.0;60.0;75.0;176.0
2018-08-24 14:00:00;12.8;47.44;110.0;0.0;250.0;50.0;79.0;171.0
2018-08-24 15:00:00;16.47;44.29;100.0;0.0;270.0;50.0;80.0;164.0
2018-08-24 16:00:00;16.13;45.85;110.0;0.0;250.0;50.0;76.0;172.0
2018-08-24 17:00:00;13.89;48.35;90.0;0.0;230.0;40.0;82.0;165.0
2018-08-24 18:00:00;12.84;50.81;110.0;0.0;210.0;50.0;76.0;150.0
2018-08-24 19:00:00;14.34;47.38;70.0;0.0;260.0;30.0;96.0;144.0
2018-08-24 20:00:00;16.21;45.91;60.0;0.0;50.0;20.0;103.0;127.0
2018-08-24 21:00:00;21.14;33.2;70.0;4.0;280.0;20.0;101.0;118.0
2018-08-24 22:00:00;17.79;37.21;60.0;9.0;160.0;20.0;102.0;110.0
2018-08-24 23:00:00;17.98;42.71;40.0;7.0;160.0;20.0;104.0;109.0
2018-08-25 00:00:00;14.06;36.14;40.0;10.0;170.0;20.0;107.0;113.0
2018-08-25 01:00:00;11.38;35.6;70.0;8.0;210.0;30.0;108.0;115.0
2018-08-25 02:00:00;10.45;34.67;60.0;9.0;240.0;30.0;106.0;112.0
2018-08-25 03:00:00;6.78;39.75;70.0;2.0;260.0;20.0;104.0;109.0
2018-08-25 04:00:00;12.69;34.16;60.0;8.0;250.0;20.0;102.0;108.0
2018-08-25 05:00:00;14.34;34.27;70.0;9.0;250.0;30.0;100.0;108.0
2018-08-25 06:00:00;14.32;39.35;50.0;0.0;250.0;20.0;106.0;122.0
2018-08-25 07:00:00;15.43;37.04;70.0;0.0;240.0;30.0;108.0;140.0
2018-08-25 08:00:00;11.33;40.75;80.0;0.0;260.0;40.0;105.0;157.0
2018-08-25 09:00:00;10.86;43.06;80.0;0.0;260.0;40.0;94.0;162.0
2018-08-25 10:00:00;9.98;45.37;70.0;1.0;270.0;30.0;100.0;157.0
2018-08-25 11:00:00;12.45;43.08;90.0;4.0;290.0;30.0;107.0;153.0
2018-08-25 12:00:00;15.45;41.39;210.0;4.0;230.0;30.0;122.0;154.0
2018-08-25 13:00:00;19.45;37.76;90.0;2.0;280.0;30.0;106.0;148.0
2018-08-25 14:00:00;17.14;42.68;100.0;0.0;290.0;40.0;91.0;166.0
2018-08-25 15:00:00;10.72;48.54;110.0;1.0;310.0;40.0;103.0;141.0
2018-08-25 16:00:00;8.4;49.46;80.0;0.0;330.0;40.0;84.0;138.0
2018-08-25 17:00:00;10.19;46.16;100.0;1.0;340.0;20.0;95.0;126.0
2018-08-25 18:00:00;14.67;41.58;50.0;1.0;360.0;10.0;101.0;111.0
2018-08-25 19:00:00;20.04;38.81;30.0;0.0;190.0;10.0;93.0;98.0
2018-08-25 20:00:00;28.12;21.38;30.0;0.0;220.0;20.0;94.0;99.0
2018-08-25 21:00:00;39.99;7.73;30.0;0.0;230.0;20.0;90.0;95.0
2018-08-25 22:00:00;32.72;15.54;50.0;2.0;250.0;20.0;100.0;111.0
2018-08-25 23:00:00;29.78;17.76;60.0;2.0;240.0;30.0;95.0;106.0
2018-08-26 00:00:00;16.39;37.22;40.0;0.0;220.0;20.0;87.0;90.0
2018-08-26 01:00:00;14.52;36.47;40.0;0.0;230.0;20.0;94.0;100.0
2018-08-26 02:00:00;16.55;36.47;30.0;0.0;220.0;20.0;84.0;89.0
2018-08-26 03:00:00;15.92;25.17;30.0;0.0;230.0;20.0;83.0;88.0
2018-08-26 04:00:00;19.27;20.64;30.0;0.0;210.0;20.0;70.0;71.0
2018-08-26 05:00:00;19.18;18.45;20.0;0.0;180.0;10.0;100.0;105.0
2018-08-26 06:00:00;18.43;25.1;30.0;0.0;200.0;10.0;112.0;129.0
2018-08-26 07:00:00;17.29;31.31;40.0;0.0;200.0;20.0;112.0;152.0
2018-08-26 08:00:00;15.75;33.92;60.0;0.0;180.0;30.0;92.0;165.0
2018-08-26 09:00:00;15.7;39.69;80.0;0.0;190.0;40.0;72.0;172.0
2018-08-26 10:00:00;14.96;47.22;80.0;0.0;200.0;50.0;96.0;178.0
2018-08-26 11:00:00;14.74;52.71;100.0;0.0;180.0;50.0;91.0;182.0
2018-08-26 12:00:00;11.88;57.51;90.0;0.0;180.0;50.0;93.0;188.0
2018-08-26 13:00:00;10.84;60.4;100.0;0.0;190.0;60.0;87.0;185.0
2018-08-26 14:00:00;11.55;64.52;110.0;0.0;200.0;50.0;74.0;180.0
2018-08-26 15:00:00;12.75;65.22;100.0;0.0;200.0;50.0;76.0;176.0
2018-08-26 16:00:00;15.74;58.19;80.0;0.0;190.0;40.0;77.0;168.0
2018-08-26 17:00:00;16.71;50.72;80.0;0.0;180.0;40.0;79.0;168.0
2018-08-26 18:00:00;18.94;45.91;150.0;0.0;190.0;60.0;80.0;159.0
2018-08-26 19:00:00;13.65;59.39;130.0;4.0;160.0;60.0;93.0;147.0
2018-08-26 20:00:00;14.78;55.14;150.0;5.0;180.0;70.0;89.0;158.0
2018-08-26 21:00:00;11.74;56.14;120.0;4.0;190.0;70.0;98.0;154.0
2018-08-26 22:00:00;8.25;54.49;140.0;0.0;180.0;70.0;116.0;134.0
2018-08-26 23:00:00;7.42;52.86;110.0;9.0;190.0;60.0;126.0;133.0
2018-08-27 00:00:00;6.25;46.57;110.0;0.0;200.0;60.0;132.0;138.0
2018-08-27 01:00:00;5.94;43.79;110.0;0.0;200.0;50.0;138.0;143.0
2018-08-27 02:00:00;5.94;39.46;90.0;0.0;200.0;50.0;147.0;152.0
2018-08-27 03:00:00;7.08;33.18;90.0;6.0;200.0;50.0;155.0;160.0
2018-08-27 04:00:00;8.99;27.83;80.0;0.0;210.0;40.0;161.0;168.0
2018-08-27 05:00:00;17.96;20.95;90.0;0.0;220.0;40.0;165.0;174.0
2018-08-27 06:00:00;27.76;11.29;70.0;0.0;220.0;30.0;168.0;181.0
2018-08-27 07:00:00;28.11;10.2;70.0;0.0;230.0;40.0;164.0;183.0
2018-08-27 08:00:00;25.05;14.23;110.0;3.0;240.0;40.0;156.0;177.0
2018-08-27 09:00:00;22.26;20.07;120.0;0.0;270.0;40.0;147.0;188.0
2018-08-27 10:00:00;16.9;28.01;120.0;0.0;260.0;50.0;126.0;185.0
2018-08-27 11:00:00;13.03;35.69;100.0;0.0;260.0;50.0;134.0;181.0
2018-08-27 12:00:00;17.72;34.01;120.0;0.0;270.0;50.0;117.0;181.0
2018-08-27 13:00:00;21.1;39.62;110.0;0.0;260.0;50.0;109.0;177.0
2018-08-27 14:00:00;19.49;42.03;100.0;0.0;270.0;50.0;107.0;177.0
2018-08-27 15:00:00;17.97;43.12;90.0;0.0;260.0;40.0;113.0;179.0
2018-08-27 16:00:00;23.21;39.35;70.0;0.0;230.0;40.0;123.0;178.0
2018-08-27 17:00:00;23.02;36.16;70.0;0.0;240.0;30.0;119.0;175.0
2018-08-27 18:00:00;16.29;42.82;70.0;0.0;230.0;30.0;121.0;171.0
2018-08-27 19:00:00;19.62;36.68;50.0;0.0;240.0;20.0;127.0;169.0
2018-08-27 20:00:00;25.14;28.71;40.0;0.0;240.0;20.0;131.0;163.0
2018-08-27 21:00:00;30.66;18.23;60.0;0.0;230.0;30.0;129.0;167.0
2018-08-27 22:00:00;23.51;23.48;50.0;0.0;220.0;30.0;134.0;167.0
2018-08-27 23:00:00;17.6;27.5;50.0;0.0;230.0;30.0;135.0;169.0
2018-08-28 00:00:00;14.85;28.28;50.0;0.0;210.0;30.0;139.0;166.0
2018-08-28 01:00:00;13.62;27.02;40.0;0.0;230.0;20.0;140.0;164.0
2018-08-28 02:00:00;16.71;21.42;40.0;0.0;220.0;10.0;141.0;161.0
2018-08-28 03:00:00;17.43;18.0;30.0;0.0;220.0;10.0;142.0;161.0
2018-08-28 04:00:00;19.89;15.48;40.0;0.0;210.0;20.0;143.0;161.0
2018-08-28 05:00:00;31.02;7.5;30.0;0.0;200.0;20.0;145.0;163.0
2018-08-28 06:00:00;43.49;2.02;40.0;0.0;200.0;20.0;147.0;165.0
2018-08-28 07:00:00;40.08;1.02;30.0;0.0;220.0;20.0;149.0;172.0
2018-08-28 08:00:00;38.02;2.94;30.0;0.0;190.0;20.0;152.0;184.0
2018-08-28 09:00:00;35.4;4.77;40.0;0.0;200.0;20.0;137.0;200.0
2018-08-28 10:00:00;30.96;17.03;60.0;0.0;180.0;20.0;123.0;202.0
2018-08-28 11:00:00;30.17;27.44;60.0;0.0;190.0;30.0;118.0;205.0
2018-08-28 12:00:00;21.51;41.91;60.0;0.0;200.0;30.0;119.0;206.0
2018-08-28 13:00:00;25.97;44.88;50.0;0.0;170.0;30.0;117.0;207.0
2018-08-28 14:00:00;23.69;46.01;50.0;0.0;180.0;30.0;118.0;202.0
2018-08-28 15:00:00;22.85;47.47;50.0;0.0;170.0;20.0;114.0;204.0
2018-08-28 16:00:00;29.45;41.48;50.0;0.0;160.0;30.0;117.0;195.0
2018-08-28 17:00:00;26.19;46.72;30.0;0.0;0.0;10.0;138.0;176.0
2018-08-28 18:00:00;31.12;40.96;10.0;0.0;40.0;10.0;132.0;142.0
2018-08-28 19:00:00;44.41;26.43;10.0;0.0;30.0;10.0;123.0;128.0
2018-08-28 20:00:00;49.64;9.15;10.0;0.0;60.0;10.0;117.0;120.0
2018-08-28 21:00:00;55.29;3.67;20.0;0.0;10.0;10.0;111.0;114.0
2018-08-28 22:00:00;48.14;1.96;20.0;0.0;30.0;10.0;100.0;105.0
2018-08-28 23:00:00;46.14;1.19;20.0;0.0;30.0;10.0;98.0;101.0
2018-08-29 00:00:00;41.49;0.88;10.0;0.0;20.0;10.0;97.0;97.0
2018-08-29 01:00:00;36.44;0.53;20.0;0.0;50.0;10.0;89.0;92.0
2018-08-29 02:00:00;34.08;0.62;10.0;0.0;50.0;10.0;89.0;89.0
2018-08-29 03:00:00;31.65;-0.07;10.0;0.0;0.0;0.0;84.0;86.0
2018-08-29 04:00:00;29.4;0.07;10.0;0.0;0.0;0.0;82.0;85.0
2018-08-29 05:00:00;27.67;-0.24;20.0;0.0;0.0;10.0;108.0;111.0
2018-08-29 06:00:00;29.52;-0.03;20.0;0.0;140.0;10.0;131.0;143.0
2018-08-29 07:00:00;48.3;0.66;20.0;0.0;100.0;10.0;137.0;167.0
2018-08-29 08:00:00;52.4;4.17;20.0;0.0;40.0;10.0;146.0;182.0
2018-08-29 09:00:00;54.43;3.55;50.0;0.0;20.0;20.0;140.0;187.0
2018-08-29 10:00:00;44.6;6.26;50.0;0.0;70.0;30.0;137.0;189.0
2018-08-29 11:00:00;39.7;16.4;40.0;0.0;350.0;10.0;144.0;191.0
2018-08-29 12:00:00;43.92;17.8;50.0;0.0;350.0;20.0;144.0;188.0
2018-08-29 13:00:00;34.61;20.77;60.0;0.0;330.0;30.0;142.0;193.0
2018-08-29 14:00:00;23.59;38.11;70.0;0.0;10.0;40.0;138.0;195.0
2018-08-29 15:00:00;16.93;48.59;80.0;1.0;360.0;50.0;145.0;178.0
2018-08-29 16:00:00;14.5;44.12;80.0;9.0;350.0;40.0;134.0;149.0
2018-08-29 17:00:00;9.57;50.57;70.0;7.0;340.0;30.0;137.0;142.0
2018-08-29 18:00:00;10.53;50.56;50.0;10.0;330.0;20.0;136.0;139.0
2018-08-29 19:00:00;14.05;50.58;50.0;4.0;300.0;20.0;138.0;142.0
2018-08-29 20:00:00;24.11;42.82;40.0;5.0;330.0;20.0;138.0;143.0
2018-08-29 21:00:00;25.59;37.79;30.0;1.0;310.0;20.0;139.0;145.0
2018-08-29 22:00:00;19.41;40.26;40.0;0.0;310.0;20.0;141.0;145.0
2018-08-29 23:00:00;15.13;45.23;30.0;0.0;300.0;20.0;141.0;146.0
2018-08-30 00:00:00;17.97;41.19;40.0;0.0;300.0;20.0;141.0;145.0
2018-08-30 01:00:00;21.62;33.1;30.0;0.0;290.0;10.0;136.0;141.0
2018-08-30 02:00:00;20.73;33.1;30.0;0.0;290.0;20.0;131.0;134.0
2018-08-30 03:00:00;18.71;27.1;40.0;0.0;290.0;20.0;125.0;133.0
2018-08-30 04:00:00;21.67;27.47;40.0;0.0;290.0;20.0;118.0;127.0
2018-08-30 05:00:00;45.12;9.92;30.0;0.0;290.0;20.0;116.0;137.0
2018-08-30 06:00:00;55.93;3.01;40.0;0.0;290.0;20.0;118.0;150.0
2018-08-30 07:00:00;49.73;7.64;60.0;0.0;300.0;30.0;110.0;161.0
2018-08-30 08:00:00;34.31;19.75;70.0;0.0;320.0;30.0;109.0;170.0
2018-08-30 09:00:00;22.53;31.48;80.0;0.0;320.0;40.0;98.0;176.0
2018-08-30 10:00:00;15.69;39.51;70.0;0.0;300.0;40.0;92.0;189.0
2018-08-30 11:00:00;13.59;44.75;80.0;0.0;310.0;40.0;94.0;194.0
2018-08-30 12:00:00;11.3;46.32;80.0;0.0;340.0;40.0;97.0;188.0
2018-08-30 13:00:00;11.71;48.67;70.0;0.0;340.0;40.0;91.0;181.0
2018-08-30 14:00:00;10.66;49.9;70.0;0.0;310.0;40.0;82.0;194.0
2018-08-30 15:00:00;12.71;50.22;80.0;0.0;350.0;40.0;76.0;183.0
2018-08-30 16:00:00;9.06;52.15;60.0;0.0;10.0;30.0;93.0;174.0
2018-08-30 17:00:00;8.57;51.23;70.0;0.0;360.0;30.0;98.0;164.0
2018-08-30 18:00:00;7.32;47.19;40.0;0.0;350.0;20.0;106.0;151.0
2018-08-30 19:00:00;8.27;43.56;40.0;0.0;350.0;20.0;106.0;134.0
2018-08-30 20:00:00;8.32;41.27;20.0;0.0;320.0;10.0;105.0;113.0
2018-08-30 21:00:00;15.99;31.65;20.0;0.0;330.0;10.0;91.0;96.0
2018-08-30 22:00:00;26.07;21.05;30.0;0.0;0.0;10.0;88.0;91.0
2018-08-30 23:00:00;29.1;12.52;10.0;0.0;0.0;0.0;82.0;83.0
2018-08-31 00:00:00;27.66;12.04;10.0;0.0;330.0;10.0;77.0;79.0
2018-08-31 01:00:00;27.13;9.59;20.0;0.0;0.0;10.0;73.0;75.0
2018-08-31 02:00:00;24.46;7.43;10.0;0.0;0.0;0.0;70.0;73.0
2018-08-31 03:00:00;27.88;1.74;10.0;0.0;280.0;0.0;68.0;72.0
2018-08-31 04:00:00;29.75;-0.09;20.0;0.0;0.0;0.0;69.0;73.0
2018-08-31 05:00:00;20.96;-0.37;10.0;0.0;0.0;0.0;89.0;94.0
2018-08-31 06:00:00;29.61;-0.07;10.0;0.0;0.0;0.0;109.0;114.0
2018-08-31 07:00:00;33.62;0.14;10.0;0.0;0.0;0.0;110.0;156.0
2018-08-31 08:00:00;41.08;5.31;20.0;0.0;0.0;10.0;111.0;165.0
2018-08-31 09:00:00;41.08;5.31;40.0;0.0;50.0;20.0;104.0;168.0
2018-08-31 10:00:00;41.08;5.31;50.0;0.0;360.0;20.0;103.0;163.0
2018-08-31 11:00:00;41.08;5.31;50.0;0.0;20.0;20.0;99.0;165.0
2018-08-31 12:00:00;41.08;5.31;30.0;0.0;10.0;20.0;78.0;171.0
2018-08-31 13:00:00;41.08;5.31;30.0;0.0;330.0;10.0;77.0;170.0
2018-08-31 14:00:00;41.08;5.31;30.0;0.0;340.0;10.0;75.0;177.0
2018-08-31 15:00:00;41.08;5.31;30.0;0.0;330.0;20.0;69.0;178.0
2018-08-31 16:00:00;5.78;5.31;40.0;0.0;40.0;10.0;81.0;170.0
2018-08-31 17:00:00;8.25;53.84;40.0;0.0;30.0;20.0;83.0;160.0
2018-08-31 18:00:00;11.94;48.24;20.0;0.0;20.0;10.0;101.0;122.0
2018-08-31 19:00:00;24.66;33.19;30.0;0.0;20.0;10.0;95.0;102.0
2018-08-31 20:00:00;47.97;11.13;20.0;0.0;50.0;10.0;86.0;91.0
2018-08-31 21:00:00;47.41;8.1;10.0;0.0;30.0;10.0;82.0;86.0
2018-08-31 22:00:00;45.13;5.44;20.0;0.0;20.0;10.0;72.0;76.0
2018-08-31 23:00:00;38.44;8.78;20.0;0.0;60.0;10.0;72.0;74.0
2018-09-01 00:00:00;31.67;12.09;20.0;0.0;90.0;10.0;67.0;70.0
2018-09-01 01:00:00;29.66;9.16;10.0;0.0;90.0;10.0;62.0;63.0
2018-09-01 02:00:00;23.08;8.9;10.0;0.0;80.0;10.0;56.0;59.0
2018-09-01 03:00:00;22.8;6.21;10.0;0.0;0.0;0.0;54.0;57.0
2018-09-01 04:00:00;21.6;3.63;10.0;0.0;0.0;10.0;52.0;55.0
2018-09-01 05:00:00;20.82;1.93;10.0;0.0;0.0;0.0;76.0;80.0
2018-09-01 06:00:00;22.94;1.82;20.0;0.0;0.0;0.0;103.0;118.0
2018-09-01 07:00:00;29.04;4.46;20.0;0.0;130.0;10.0;104.0;154.0
2018-09-01 08:00:00;25.94;30.71;30.0;0.0;120.0;10.0;103.0;170.0
2018-09-01 09:00:00;19.87;44.32;30.0;0.0;120.0;10.0;90.0;183.0
2018-09-01 10:00:00;14.87;53.44;30.0;0.0;120.0;10.0;87.0;188.0
2018-09-01 11:00:00;11.62;61.02;40.0;0.0;250.0;10.0;85.0;198.0
2018-09-01 12:00:00;21.29;55.91;40.0;0.0;30.0;20.0;95.0;188.0
2018-09-01 13:00:00;9.52;71.49;40.0;0.0;10.0;20.0;81.0;193.0
2018-09-01 14:00:00;6.43;74.02;60.0;0.0;30.0;20.0;89.0;194.0
2018-09-01 15:00:00;5.27;78.49;50.0;0.0;320.0;20.0;94.0;203.0
2018-09-01 16:00:00;5.43;76.14;50.0;0.0;30.0;30.0;92.0;188.0
2018-09-01 17:00:00;5.5;77.42;50.0;0.0;30.0;30.0;93.0;175.0
2018-09-01 18:00:00;6.87;72.75;40.0;0.0;30.0;20.0;93.0;155.0
2018-09-01 19:00:00;16.21;58.7;40.0;0.0;30.0;20.0;97.0;119.0
2018-09-01 20:00:00;23.83;48.17;30.0;0.0;40.0;20.0;92.0;105.0
2018-09-01 21:00:00;24.37;43.91;50.0;0.0;50.0;20.0;91.0;111.0
2018-09-01 22:00:00;24.56;39.68;40.0;0.0;50.0;30.0;94.0;117.0
2018-09-01 23:00:00;14.47;42.07;30.0;0.0;60.0;20.0;88.0;98.0
2018-09-02 00:00:00;15.0;37.53;30.0;0.0;50.0;20.0;83.0;89.0
2018-09-02 01:00:00;13.11;35.91;20.0;0.0;40.0;10.0;76.0;80.0
2018-09-02 02:00:00;12.78;34.32;20.0;0.0;40.0;10.0;71.0;75.0
2018-09-02 03:00:00;12.37;32.28;20.0;0.0;50.0;10.0;68.0;72.0
2018-09-02 04:00:00;11.8;29.63;20.0;0.0;30.0;10.0;75.0;79.0
2018-09-02 05:00:00;9.57;34.28;20.0;0.0;40.0;10.0;101.0;106.0
2018-09-02 06:00:00;9.39;32.83;40.0;0.0;60.0;20.0;117.0;134.0
2018-09-02 07:00:00;8.67;35.65;40.0;0.0;60.0;20.0;128.0;163.0
2018-09-02 08:00:00;8.76;39.1;40.0;0.0;100.0;30.0;130.0;184.0
2018-09-02 09:00:00;11.39;39.52;50.0;0.0;100.0;20.0;123.0;202.0
2018-09-02 10:00:00;12.93;50.94;60.0;0.0;110.0;30.0;123.0;211.0
2018-09-02 11:00:00;10.41;65.09;70.0;0.0;110.0;30.0;110.0;206.0
2018-09-02 12:00:00;8.11;74.26;60.0;0.0;110.0;30.0;112.0;218.0
2018-09-02 13:00:00;12.0;72.39;70.0;0.0;60.0;40.0;116.0;222.0
2018-09-02 14:00:00;8.5;79.0;70.0;0.0;90.0;30.0;100.0;222.0
2018-09-02 15:00:00;6.32;85.98;80.0;0.0;50.0;40.0;98.0;216.0
2018-09-02 16:00:00;7.96;86.64;70.0;0.0;40.0;40.0;94.0;209.0
2018-09-02 17:00:00;5.14;88.42;70.0;0.0;40.0;40.0;101.0;192.0
2018-09-02 18:00:00;8.34;81.25;50.0;0.0;40.0;30.0;101.0;174.0
2018-09-02 19:00:00;14.95;69.37;40.0;0.0;40.0;30.0;102.0;162.0
2018-09-02 20:00:00;19.48;57.38;40.0;0.0;40.0;30.0;101.0;153.0
2018-09-02 21:00:00;16.28;55.26;40.0;0.0;30.0;30.0;102.0;147.0
2018-09-02 22:00:00;13.46;53.7;40.0;0.0;30.0;20.0;110.0;142.0
2018-09-02 23:00:00;9.91;50.94;40.0;0.0;30.0;20.0;120.0;146.0
2018-09-03 00:00:00;8.95;45.74;40.0;0.0;10.0;20.0;127.0;150.0
2018-09-03 01:00:00;7.55;44.4;40.0;0.0;360.0;20.0;129.0;151.0
2018-09-03 02:00:00;7.26;44.4;30.0;0.0;360.0;20.0;132.0;152.0
2018-09-03 03:00:00;6.19;44.93;30.0;0.0;10.0;10.0;133.0;153.0
2018-09-03 04:00:00;8.19;42.42;30.0;0.0;350.0;20.0;136.0;154.0
2018-09-03 05:00:00;16.88;35.65;30.0;0.0;20.0;20.0;139.0;158.0
2018-09-03 06:00:00;17.09;34.89;30.0;0.0;350.0;20.0;142.0;165.0
2018-09-03 07:00:00;34.47;18.77;40.0;0.0;340.0;20.0;148.0;176.0
2018-09-03 08:00:00;28.92;22.2;40.0;0.0;10.0;20.0;150.0;195.0
2018-09-03 09:00:00;16.76;31.73;50.0;0.0;20.0;30.0;158.0;201.0
2018-09-03 10:00:00;15.12;38.67;60.0;0.0;10.0;30.0;153.0;204.0
2018-09-03 11:00:00;11.08;45.3;60.0;0.0;350.0;40.0;152.0;208.0
2018-09-03 12:00:00;8.85;48.79;70.0;0.0;10.0;30.0;154.0;207.0
2018-09-03 13:00:00;11.75;49.73;70.0;0.0;340.0;30.0;165.0;219.0
2018-09-03 14:00:00;11.45;48.49;70.0;0.0;10.0;30.0;168.0;218.0
2018-09-03 15:00:00;11.23;52.61;60.0;0.0;360.0;30.0;175.0;214.0
2018-09-03 16:00:00;8.63;62.47;50.0;0.0;320.0;30.0;178.0;210.0
2018-09-03 17:00:00;8.81;65.56;70.0;0.0;340.0;30.0;176.0;205.0
2018-09-03 18:00:00;9.53;62.59;40.0;0.0;340.0;20.0;173.0;196.0
2018-09-03 19:00:00;9.02;60.63;50.0;0.0;340.0;30.0;174.0;191.0
2018-09-03 20:00:00;10.02;55.36;40.0;0.0;320.0;20.0;175.0;184.0
2018-09-03 21:00:00;8.42;52.44;40.0;0.0;320.0;20.0;175.0;182.0
2018-09-03 22:00:00;8.14;48.36;30.0;0.0;320.0;20.0;175.0;180.0
2018-09-03 23:00:00;7.52;47.39;50.0;0.0;360.0;20.0;178.0;185.0
2018-09-04 00:00:00;6.09;48.87;50.0;0.0;10.0;30.0;181.0;186.0
2018-09-04 01:00:00;4.15;54.09;60.0;0.0;350.0;30.0;181.0;186.0
2018-09-04 02:00:00;4.11;51.87;40.0;0.0;340.0;20.0;179.0;184.0
2018-09-04 03:00:00;4.44;48.01;40.0;0.0;350.0;20.0;179.0;183.0
2018-09-04 04:00:00;4.22;47.78;40.0;0.0;0.0;10.0;179.0;183.0
2018-09-04 05:00:00;13.58;39.42;10.0;0.0;0.0;0.0;180.0;184.0
2018-09-04 06:00:00;14.05;37.53;20.0;0.0;310.0;10.0;180.0;190.0
2018-09-04 07:00:00;15.98;35.72;30.0;0.0;330.0;20.0;182.0;196.0
2018-09-04 08:00:00;15.81;34.53;30.0;0.0;320.0;10.0;183.0;208.0
2018-09-04 09:00:00;13.99;36.52;40.0;0.0;320.0;20.0;180.0;219.0
2018-09-04 10:00:00;12.36;42.43;30.0;0.0;350.0;20.0;182.0;232.0
2018-09-04 11:00:00;16.55;49.25;30.0;0.0;330.0;20.0;184.0;242.0
2018-09-04 12:00:00;18.03;57.55;50.0;0.0;340.0;20.0;187.0;248.0
2018-09-04 13:00:00;16.43;64.19;40.0;0.0;10.0;30.0;183.0;235.0
2018-09-04 14:00:00;11.47;84.58;40.0;0.0;340.0;20.0;192.0;230.0
2018-09-04 15:00:00;10.61;77.42;30.0;0.0;350.0;10.0;190.0;233.0
2018-09-04 16:00:00;12.37;81.24;30.0;0.0;320.0;20.0;189.0;227.0
2018-09-04 17:00:00;15.19;79.15;30.0;0.0;350.0;20.0;191.0;216.0
2018-09-04 18:00:00;19.1;60.35;30.0;0.0;350.0;20.0;187.0;205.0
2018-09-04 19:00:00;19.28;53.42;20.0;0.0;350.0;10.0;185.0;191.0
2018-09-04 20:00:00;25.57;40.1;20.0;0.0;340.0;10.0;186.0;194.0
2018-09-04 21:00:00;17.95;38.83;30.0;0.0;340.0;10.0;187.0;193.0
2018-09-04 22:00:00;14.66;33.45;20.0;0.0;340.0;10.0;183.0;186.0
2018-09-04 23:00:00;14.22;27.16;30.0;0.0;350.0;10.0;182.0;185.0
2018-09-05 00:00:00;13.05;24.8;30.0;0.0;360.0;20.0;177.0;184.0
2018-09-05 01:00:00;12.34;24.18;30.0;0.0;10.0;20.0;173.0;183.0
2018-09-05 02:00:00;10.97;23.39;40.0;0.0;30.0;20.0;169.0;180.0
2018-09-05 03:00:00;11.43;22.58;40.0;0.0;40.0;20.0;167.0;177.0
2018-09-05 04:00:00;13.5;19.98;50.0;0.0;320.0;20.0;168.0;181.0
2018-09-05 05:00:00;26.41;12.81;60.0;2.0;310.0;30.0;173.0;179.0
2018-09-05 06:00:00;26.84;28.1;60.0;3.0;10.0;30.0;173.0;180.0
2018-09-05 07:00:00;18.52;62.31;60.0;0.0;360.0;30.0;176.0;185.0
2018-09-05 08:00:00;27.19;44.17;60.0;0.0;330.0;30.0;173.0;184.0
2018-09-05 09:00:00;28.31;24.96;60.0;4.0;350.0;30.0;172.0;178.0
2018-09-05 10:00:00;50.53;20.41;60.0;0.0;340.0;30.0;174.0;186.0
2018-09-05 11:00:00;46.21;26.95;70.0;0.0;360.0;40.0;172.0;199.0
2018-09-05 12:00:00;39.92;36.96;70.0;0.0;10.0;40.0;172.0;211.0
2018-09-05 13:00:00;35.23;44.77;80.0;0.0;30.0;40.0;173.0;216.0
2018-09-05 14:00:00;16.7;57.44;60.0;0.0;40.0;30.0;157.0;225.0
2018-09-05 15:00:00;12.17;64.2;50.0;0.0;10.0;30.0;166.0;224.0
2018-09-05 16:00:00;15.88;60.63;60.0;0.0;330.0;30.0;175.0;210.0
2018-09-05 17:00:00;16.03;49.15;60.0;0.0;340.0;30.0;174.0;197.0
2018-09-05 18:00:00;15.02;46.78;50.0;0.0;340.0;20.0;173.0;191.0
2018-09-05 19:00:00;14.35;45.54;40.0;0.0;350.0;20.0;171.0;187.0
2018-09-05 20:00:00;12.44;44.25;40.0;0.0;350.0;20.0;171.0;182.0
2018-09-05 21:00:00;11.29;44.99;50.0;0.0;330.0;20.0;170.0;178.0
2018-09-05 22:00:00;9.63;44.19;60.0;0.0;240.0;20.0;170.0;180.0
2018-09-05 23:00:00;8.11;45.58;90.0;8.0;270.0;30.0;165.0;170.0
2018-09-06 00:00:00;14.18;45.98;40.0;10.0;350.0;20.0;162.0;168.0
2018-09-06 01:00:00;9.24;54.88;30.0;5.0;0.0;10.0;166.0;168.0
2018-09-06 02:00:00;8.95;39.1;20.0;2.0;320.0;10.0;165.0;168.0
2018-09-06 03:00:00;9.93;31.35;20.0;3.0;310.0;10.0;164.0;167.0
2018-09-06 04:00:00;15.84;25.79;40.0;0.0;340.0;20.0;165.0;168.0
2018-09-06 05:00:00;17.7;27.38;40.0;0.0;40.0;10.0;166.0;169.0
2018-09-06 06:00:00;28.19;17.42;20.0;0.0;310.0;10.0;168.0;172.0
2018-09-06 07:00:00;26.63;18.22;20.0;0.0;60.0;10.0;167.0;177.0
2018-09-06 08:00:00;27.44;23.2;20.0;0.0;60.0;10.0;168.0;179.0
2018-09-06 09:00:00;31.59;40.3;10.0;0.0;0.0;0.0;161.0;185.0
2018-09-06 10:00:00;20.69;55.0;10.0;0.0;290.0;10.0;166.0;189.0
2018-09-06 11:00:00;33.21;50.87;40.0;0.0;280.0;10.0;167.0;179.0
2018-09-06 12:00:00;44.71;27.97;60.0;5.0;300.0;20.0;169.0;175.0
2018-09-06 13:00:00;46.22;27.56;60.0;0.0;310.0;20.0;163.0;178.0
2018-09-06 14:00:00;28.4;51.63;80.0;7.0;310.0;30.0;158.0;168.0
2018-09-06 15:00:00;40.67;42.55;70.0;4.0;310.0;30.0;158.0;168.0
2018-09-06 16:00:00;32.48;47.98;50.0;0.0;320.0;30.0;154.0;169.0
2018-09-06 17:00:00;32.66;44.59;40.0;0.0;310.0;20.0;155.0;167.0
2018-09-06 18:00:00;30.86;40.92;60.0;0.0;270.0;20.0;146.0;158.0
2018-09-06 19:00:00;28.19;38.65;30.0;0.0;280.0;20.0;143.0;153.0
2018-09-06 20:00:00;46.66;21.21;30.0;0.0;260.0;20.0;136.0;146.0
2018-09-06 21:00:00;34.94;29.23;30.0;0.0;230.0;10.0;134.0;142.0
2018-09-06 22:00:00;26.86;27.77;30.0;0.0;230.0;20.0;134.0;141.0
2018-09-06 23:00:00;29.81;24.91;20.0;0.0;220.0;10.0;128.0;131.0
2018-09-07 00:00:00;25.98;23.22;30.0;0.0;190.0;20.0;130.0;138.0
2018-09-07 01:00:00;23.95;27.24;40.0;0.0;180.0;20.0;128.0;137.0
2018-09-07 02:00:00;27.04;27.24;40.0;0.0;160.0;20.0;128.0;136.0
2018-09-07 03:00:00;25.82;17.29;40.0;5.0;200.0;20.0;132.0;140.0
2018-09-07 04:00:00;21.53;25.45;40.0;9.0;210.0;20.0;135.0;140.0
2018-09-07 05:00:00;37.31;13.6;40.0;10.0;270.0;20.0;138.0;140.0
2018-09-07 06:00:00;52.25;2.85;30.0;3.0;260.0;20.0;138.0;146.0
2018-09-07 07:00:00;58.18;6.42;50.0;0.0;240.0;20.0;127.0;147.0
2018-09-07 08:00:00;41.77;16.5;90.0;0.0;260.0;40.0;106.0;162.0
2018-09-07 09:00:00;23.45;36.32;110.0;0.0;280.0;50.0;88.0;151.0
2018-09-07 10:00:00;18.65;44.27;110.0;0.0;270.0;60.0;70.0;160.0
2018-09-07 11:00:00;12.97;52.27;120.0;0.0;250.0;60.0;54.0;157.0
2018-09-07 12:00:00;13.65;51.81;110.0;0.0;280.0;50.0;66.0;156.0
2018-09-07 13:00:00;14.37;52.44;100.0;0.0;250.0;60.0;71.0;170.0
2018-09-07 14:00:00;14.05;56.18;120.0;0.0;250.0;60.0;66.0;164.0
2018-09-07 15:00:00;16.32;54.06;120.0;0.0;250.0;60.0;73.0;162.0
2018-09-07 16:00:00;15.37;53.23;100.0;0.0;240.0;40.0;68.0;158.0
2018-09-07 17:00:00;14.2;55.02;90.0;0.0;230.0;40.0;80.0;148.0
2018-09-07 18:00:00;17.06;52.02;80.0;0.0;210.0;40.0;82.0;139.0
2018-09-07 19:00:00;20.98;42.91;110.0;0.0;220.0;50.0;89.0;141.0
2018-09-07 20:00:00;19.49;44.88;80.0;4.0;280.0;40.0;111.0;127.0
2018-09-07 21:00:00;21.53;40.3;50.0;5.0;210.0;20.0;115.0;127.0
2018-09-07 22:00:00;27.47;27.35;50.0;0.0;220.0;30.0;116.0;127.0
2018-09-07 23:00:00;26.49;31.22;40.0;0.0;230.0;20.0;110.0;122.0
2018-09-08 00:00:00;19.58;32.18;40.0;0.0;220.0;20.0;108.0;120.0
2018-09-08 01:00:00;19.72;30.22;40.0;0.0;220.0;20.0;106.0;119.0
2018-09-08 02:00:00;19.1;25.17;50.0;0.0;210.0;30.0;107.0;119.0
2018-09-08 03:00:00;19.94;23.61;50.0;0.0;210.0;30.0;106.0;117.0
2018-09-08 04:00:00;20.92;23.09;50.0;0.0;210.0;30.0;108.0;118.0
2018-09-08 05:00:00;25.9;19.44;50.0;0.0;200.0;30.0;112.0;123.0
2018-09-08 06:00:00;26.83;15.75;60.0;0.0;200.0;30.0;112.0;132.0
2018-09-08 07:00:00;27.48;13.36;60.0;0.0;210.0;40.0;109.0;143.0
2018-09-08 08:00:00;29.0;18.3;70.0;0.0;210.0;40.0;109.0;151.0
2018-09-08 09:00:00;32.83;21.0;90.0;0.0;220.0;50.0;106.0;167.0
2018-09-08 10:00:00;24.75;30.72;100.0;0.0;220.0;60.0;97.0;174.0
2018-09-08 11:00:00;18.3;41.56;90.0;0.0;230.0;50.0;100.0;174.0
2018-09-08 12:00:00;15.01;46.39;100.0;0.0;220.0;50.0;95.0;176.0
2018-09-08 13:00:00;14.56;57.28;80.0;0.0;250.0;40.0;101.0;170.0
2018-09-08 14:00:00;15.15;54.33;80.0;0.0;240.0;40.0;110.0;181.0
2018-09-08 15:00:00;14.68;51.83;80.0;0.0;230.0;40.0;101.0;173.0
2018-09-08 16:00:00;14.4;52.44;70.0;0.0;220.0;30.0;101.0;167.0
2018-09-08 17:00:00;15.91;48.1;60.0;0.0;220.0;30.0;102.0;160.0
2018-09-08 18:00:00;17.85;43.74;40.0;0.0;200.0;20.0;109.0;152.0
2018-09-08 19:00:00;27.88;32.62;40.0;0.0;180.0;20.0;109.0;146.0
2018-09-08 20:00:00;33.6;24.65;40.0;0.0;190.0;20.0;107.0;145.0
2018-09-08 21:00:00;36.1;20.38;40.0;0.0;170.0;20.0;106.0;140.0
2018-09-08 22:00:00;35.87;15.9;40.0;0.0;180.0;30.0;105.0;141.0
2018-09-08 23:00:00;36.12;16.2;50.0;0.0;200.0;30.0;105.0;137.0
2018-09-09 00:00:00;26.44;26.32;40.0;0.0;170.0;20.0;108.0;137.0
2018-09-09 01:00:00;27.34;21.94;50.0;0.0;200.0;20.0;112.0;142.0
2018-09-09 02:00:00;23.67;23.22;60.0;0.0;200.0;30.0;116.0;145.0
2018-09-09 03:00:00;23.19;23.61;50.0;0.0;200.0;30.0;118.0;145.0
2018-09-09 04:00:00;20.02;26.19;50.0;0.0;200.0;30.0;119.0;146.0
2018-09-09 05:00:00;18.15;29.91;50.0;0.0;190.0;20.0;122.0;147.0
2018-09-09 06:00:00;20.15;25.43;40.0;0.0;190.0;20.0;126.0;152.0
2018-09-09 07:00:00;24.71;20.13;50.0;0.0;200.0;30.0;134.0;162.0
2018-09-09 08:00:00;22.6;23.22;60.0;0.0;200.0;30.0;140.0;174.0
2018-09-09 09:00:00;20.56;28.55;90.0;0.0;200.0;40.0;128.0;195.0
2018-09-09 10:00:00;16.61;40.82;90.0;0.0;220.0;50.0;125.0;199.0
2018-09-09 11:00:00;15.77;55.64;100.0;0.0;220.0;50.0;129.0;207.0
2018-09-09 12:00:00;20.41;57.48;100.0;0.0;220.0;50.0;129.0;226.0
2018-09-09 13:00:00;20.21;66.89;100.0;0.0;200.0;50.0;123.0;220.0
2018-09-09 14:00:00;17.83;76.69;90.0;0.0;210.0;40.0;129.0;225.0
2018-09-09 15:00:00;24.3;74.2;80.0;0.0;210.0;40.0;119.0;233.0
2018-09-09 16:00:00;21.59;77.5;80.0;0.0;200.0;40.0;125.0;225.0
2018-09-09 17:00:00;22.26;78.41;50.0;0.0;160.0;20.0;132.0;199.0
2018-09-09 18:00:00;36.48;60.36;40.0;0.0;160.0;20.0;130.0;190.0
2018-09-09 19:00:00;48.69;41.87;50.0;0.0;210.0;20.0;129.0;194.0
2018-09-09 20:00:00;43.82;44.49;50.0;0.0;240.0;20.0;131.0;190.0
2018-09-09 21:00:00;31.38;49.9;50.0;0.0;240.0;20.0;139.0;182.0
2018-09-09 22:00:00;23.78;52.62;60.0;0.0;240.0;30.0;141.0;180.0
2018-09-09 23:00:00;16.6;54.62;50.0;0.0;240.0;30.0;142.0;171.0
2018-09-10 00:00:00;16.3;46.26;50.0;0.0;230.0;30.0;146.0;166.0
2018-09-10 01:00:00;14.75;37.43;50.0;0.0;230.0;30.0;151.0;165.0
2018-09-10 02:00:00;16.45;30.56;60.0;0.0;240.0;30.0;156.0;168.0
2018-09-10 03:00:00;16.16;28.47;50.0;0.0;240.0;30.0;157.0;165.0
2018-09-10 04:00:00;17.41;25.64;40.0;0.0;230.0;20.0;158.0;165.0
2018-09-10 05:00:00;31.77;12.13;30.0;0.0;230.0;20.0;153.0;163.0
2018-09-10 06:00:00;52.35;1.23;40.0;0.0;230.0;20.0;149.0;173.0
2018-09-10 07:00:00;55.16;4.33;60.0;0.0;230.0;30.0;136.0;185.0
2018-09-10 08:00:00;34.99;16.3;80.0;0.0;240.0;40.0;133.0;185.0
2018-09-10 09:00:00;28.32;28.75;70.0;0.0;230.0;30.0;138.0;193.0
2018-09-10 10:00:00;22.28;37.66;70.0;0.0;260.0;40.0;126.0;191.0
2018-09-10 11:00:00;20.07;42.78;90.0;0.0;250.0;40.0;135.0;195.0
2018-09-10 12:00:00;17.78;45.84;90.0;0.0;250.0;40.0;128.0;193.0
2018-09-10 13:00:00;13.73;52.91;100.0;0.0;260.0;40.0;128.0;194.0
2018-09-10 14:00:00;14.08;54.46;90.0;0.0;270.0;40.0;126.0;191.0
2018-09-10 15:00:00;19.77;53.96;90.0;0.0;250.0;40.0;127.0;188.0
2018-09-10 16:00:00;20.12;55.86;80.0;0.0;260.0;40.0;129.0;183.0
2018-09-10 17:00:00;15.18;60.8;80.0;0.0;250.0;40.0;127.0;179.0
2018-09-10 18:00:00;18.67;55.32;90.0;0.0;230.0;30.0;123.0;169.0
2018-09-10 19:00:00;16.84;52.15;60.0;0.0;230.0;20.0;119.0;157.0
2018-09-10 20:00:00;26.03;39.09;60.0;0.0;220.0;30.0;129.0;160.0
2018-09-10 21:00:00;20.04;43.95;50.0;0.0;200.0;30.0;127.0;154.0
2018-09-10 22:00:00;15.52;44.72;50.0;0.0;190.0;30.0;127.0;153.0
2018-09-10 23:00:00;13.63;42.6;60.0;0.0;200.0;30.0;127.0;150.0
2018-09-11 00:00:00;13.19;39.53;60.0;0.0;210.0;30.0;133.0;152.0
2018-09-11 01:00:00;11.02;38.86;70.0;0.0;210.0;40.0;135.0;153.0
2018-09-11 02:00:00;9.64;38.86;60.0;0.0;210.0;30.0;137.0;157.0
2018-09-11 03:00:00;10.86;38.01;70.0;0.0;200.0;40.0;139.0;154.0
2018-09-11 04:00:00;12.09;35.19;70.0;0.0;210.0;40.0;143.0;158.0
2018-09-11 05:00:00;21.18;27.64;90.0;0.0;200.0;40.0;141.0;159.0
2018-09-11 06:00:00;29.37;20.88;100.0;0.0;210.0;50.0;145.0;165.0
2018-09-11 07:00:00;32.36;19.16;120.0;0.0;230.0;60.0;147.0;179.0
2018-09-11 08:00:00;21.83;26.77;130.0;0.0;230.0;60.0;147.0;190.0
2018-09-11 09:00:00;15.05;34.61;130.0;0.0;230.0;80.0;147.0;197.0
2018-09-11 10:00:00;14.48;38.08;130.0;0.0;230.0;70.0;151.0;215.0
2018-09-11 11:00:00;12.36;44.15;140.0;0.0;230.0;70.0;147.0;218.0
2018-09-11 12:00:00;13.15;50.24;130.0;0.0;230.0;60.0;152.0;224.0
2018-09-11 13:00:00;15.09;54.96;120.0;0.0;240.0;70.0;150.0;223.0
2018-09-11 14:00:00;16.16;58.74;120.0;0.0;230.0;60.0;149.0;223.0
2018-09-11 15:00:00;18.88;55.81;100.0;0.0;240.0;50.0;155.0;221.0
2018-09-11 16:00:00;19.72;53.88;90.0;0.0;260.0;40.0;155.0;211.0
2018-09-11 17:00:00;23.95;49.18;80.0;0.0;250.0;40.0;157.0;200.0
2018-09-11 18:00:00;22.26;46.48;110.0;0.0;230.0;50.0;157.0;192.0
2018-09-11 19:00:00;23.56;41.11;100.0;0.0;240.0;40.0;156.0;183.0
2018-09-11 20:00:00;16.3;38.38;70.0;0.0;240.0;30.0;158.0;182.0
2018-09-11 21:00:00;17.2;32.95;70.0;0.0;240.0;30.0;161.0;184.0
2018-09-11 22:00:00;17.82;27.97;80.0;0.0;240.0;30.0;164.0;186.0
2018-09-11 23:00:00;13.83;28.79;70.0;0.0;230.0;30.0;166.0;184.0
2018-09-12 00:00:00;10.09;32.77;60.0;0.0;220.0;30.0;168.0;182.0
2018-09-12 01:00:00;10.46;30.96;60.0;0.0;220.0;30.0;170.0;180.0
2018-09-12 02:00:00;9.02;30.35;50.0;0.0;220.0;30.0;172.0;181.0
2018-09-12 03:00:00;7.02;30.34;70.0;0.0;230.0;30.0;173.0;180.0
2018-09-12 04:00:00;9.86;27.13;80.0;0.0;240.0;40.0;171.0;182.0
2018-09-12 05:00:00;18.25;18.92;70.0;0.0;220.0;30.0;171.0;183.0
2018-09-12 06:00:00;30.96;11.04;70.0;1.0;350.0;40.0;153.0;159.0
2018-09-12 07:00:00;22.26;32.04;110.0;0.0;360.0;50.0;135.0;142.0
2018-09-12 08:00:00;8.05;42.54;90.0;8.0;350.0;40.0;130.0;137.0
2018-09-12 09:00:00;7.28;40.27;70.0;0.0;360.0;30.0;133.0;149.0
2018-09-12 10:00:00;5.61;43.81;50.0;0.0;10.0;30.0;130.0;151.0
2018-09-12 11:00:00;6.89;43.65;50.0;0.0;350.0;20.0;127.0;149.0
2018-09-12 12:00:00;7.99;42.31;60.0;0.0;310.0;20.0;128.0;155.0
2018-09-12 13:00:00;11.24;40.38;40.0;0.0;320.0;20.0;128.0;160.0
2018-09-12 14:00:00;11.09;41.27;60.0;0.0;40.0;20.0;126.0;153.0
2018-09-12 15:00:00;9.47;43.92;70.0;0.0;360.0;20.0;122.0;153.0
2018-09-12 16:00:00;17.34;36.39;60.0;0.0;10.0;30.0;120.0;147.0
2018-09-12 17:00:00;10.42;44.55;40.0;0.0;10.0;20.0;117.0;144.0
2018-09-12 18:00:00;12.75;39.57;30.0;0.0;360.0;20.0;115.0;143.0
2018-09-12 19:00:00;13.91;36.28;30.0;0.0;70.0;10.0;117.0;139.0
2018-09-12 20:00:00;11.83;38.89;20.0;0.0;40.0;10.0;117.0;134.0
2018-09-12 21:00:00;24.36;26.12;20.0;0.0;0.0;10.0;122.0;130.0
2018-09-12 22:00:00;25.6;23.41;10.0;0.0;0.0;0.0;118.0;122.0
2018-09-12 23:00:00;28.19;16.68;10.0;0.0;10.0;0.0;114.0;119.0
2018-09-13 00:00:00;29.91;11.29;10.0;0.0;0.0;0.0;112.0;115.0
2018-09-13 01:00:00;27.05;4.97;10.0;0.0;340.0;10.0;105.0;110.0
2018-09-13 02:00:00;23.03;6.29;20.0;0.0;340.0;10.0;98.0;101.0
2018-09-13 03:00:00;16.07;15.89;10.0;0.0;340.0;0.0;88.0;88.0
2018-09-13 04:00:00;20.97;7.72;10.0;0.0;0.0;0.0;78.0;78.0
2018-09-13 05:00:00;22.95;3.06;20.0;0.0;0.0;10.0;84.0;87.0
2018-09-13 06:00:00;26.95;0.58;20.0;0.0;330.0;10.0;90.0;122.0
2018-09-13 07:00:00;35.42;7.52;30.0;0.0;20.0;20.0;90.0;148.0
2018-09-13 08:00:00;15.82;34.31;40.0;0.0;20.0;20.0;90.0;158.0
2018-09-13 09:00:00;6.96;48.81;40.0;0.0;10.0;20.0;85.0;171.0
2018-09-13 10:00:00;13.1;46.3;40.0;0.0;320.0;20.0;100.0;175.0
2018-09-13 11:00:00;11.17;49.85;60.0;0.0;320.0;30.0;86.0;182.0
2018-09-13 12:00:00;10.32;53.59;60.0;0.0;320.0;30.0;70.0;186.0
2018-09-13 13:00:00;11.11;58.43;50.0;0.0;360.0;20.0;64.0;195.0
2018-09-13 14:00:00;13.01;57.81;50.0;0.0;320.0;20.0;71.0;189.0
2018-09-13 15:00:00;18.61;54.11;50.0;0.0;320.0;30.0;84.0;181.0
2018-09-13 16:00:00;20.54;50.98;50.0;0.0;330.0;20.0;90.0;164.0
2018-09-13 17:00:00;14.79;55.3;40.0;0.0;330.0;20.0;100.0;142.0
2018-09-13 18:00:00;17.89;50.4;20.0;0.0;340.0;10.0;100.0;110.0
2018-09-13 19:00:00;22.8;45.74;10.0;0.0;340.0;10.0;93.0;98.0
2018-09-13 20:00:00;27.74;37.79;10.0;0.0;0.0;10.0;83.0;88.0
2018-09-13 21:00:00;49.89;15.56;10.0;0.0;0.0;0.0;76.0;79.0
2018-09-13 22:00:00;48.44;12.34;10.0;0.0;0.0;0.0;70.0;73.0
2018-09-13 23:00:00;38.83;10.15;10.0;0.0;0.0;0.0;67.0;70.0
2018-09-14 00:00:00;40.92;2.17;10.0;0.0;0.0;10.0;57.0;61.0
2018-09-14 01:00:00;37.81;2.01;10.0;0.0;0.0;0.0;55.0;58.0
2018-09-14 02:00:00;33.84;0.91;10.0;0.0;130.0;10.0;54.0;54.0
2018-09-14 03:00:00;34.76;0.36;20.0;0.0;150.0;20.0;47.0;50.0
2018-09-14 04:00:00;41.35;0.18;10.0;0.0;160.0;10.0;47.0;50.0
2018-09-14 05:00:00;48.71;0.08;30.0;0.0;160.0;10.0;73.0;76.0
2018-09-14 06:00:00;55.72;0.36;30.0;0.0;180.0;10.0;100.0;113.0
2018-09-14 07:00:00;65.87;4.67;60.0;0.0;200.0;20.0;100.0;145.0
2018-09-14 08:00:00;51.71;19.76;60.0;0.0;200.0;40.0;100.0;160.0
2018-09-14 09:00:00;39.14;35.25;80.0;0.0;200.0;40.0;101.0;179.0
2018-09-14 10:00:00;36.71;42.74;90.0;0.0;210.0;50.0;98.0;186.0
2018-09-14 11:00:00;27.8;56.01;80.0;0.0;230.0;50.0;82.0;193.0
2018-09-14 12:00:00;21.69;68.48;90.0;0.0;230.0;50.0;89.0;185.0
2018-09-14 13:00:00;23.6;66.21;80.0;0.0;250.0;40.0;94.0;182.0
2018-09-14 14:00:00;27.89;50.2;90.0;0.0;250.0;40.0;94.0;179.0
2018-09-14 15:00:00;22.18;51.62;90.0;0.0;260.0;40.0;88.0;172.0
2018-09-14 16:00:00;23.55;54.0;90.0;0.0;240.0;40.0;85.0;165.0
2018-09-14 17:00:00;19.18;57.71;80.0;0.0;250.0;40.0;83.0;158.0
2018-09-14 18:00:00;20.4;55.26;70.0;0.0;230.0;30.0;83.0;152.0
2018-09-14 19:00:00;17.33;55.74;60.0;0.0;230.0;30.0;90.0;151.0
2018-09-14 20:00:00;24.23;44.84;60.0;0.0;220.0;30.0;99.0;152.0
2018-09-14 21:00:00;22.61;43.61;80.0;0.0;220.0;40.0;108.0;145.0
2018-09-14 22:00:00;18.12;42.22;50.0;0.0;210.0;30.0;112.0;136.0
2018-09-14 23:00:00;21.39;38.02;70.0;0.0;220.0;40.0;113.0;142.0
2018-09-15 00:00:00;18.76;34.52;70.0;0.0;220.0;40.0;117.0;144.0
2018-09-15 01:00:00;17.27;31.62;70.0;0.0;220.0;30.0;120.0;145.0
2018-09-15 02:00:00;17.78;31.62;60.0;0.0;220.0;30.0;122.0;145.0
2018-09-15 03:00:00;15.38;28.01;60.0;0.0;230.0;30.0;121.0;144.0
2018-09-15 04:00:00;16.55;25.31;60.0;0.0;230.0;30.0;124.0;143.0
2018-09-15 05:00:00;22.03;18.37;50.0;0.0;230.0;30.0;124.0;146.0
2018-09-15 06:00:00;23.47;15.2;60.0;2.0;240.0;30.0;128.0;145.0
2018-09-15 07:00:00;28.16;12.52;40.0;2.0;270.0;20.0;129.0;145.0
2018-09-15 08:00:00;33.92;10.83;60.0;0.0;260.0;20.0;130.0;174.0
2018-09-15 09:00:00;23.98;28.68;70.0;0.0;270.0;30.0;109.0;170.0
2018-09-15 10:00:00;15.82;47.71;70.0;0.0;280.0;30.0;107.0;176.0
2018-09-15 11:00:00;14.63;51.56;70.0;0.0;280.0;40.0;114.0;180.0
2018-09-15 12:00:00;12.37;52.42;80.0;0.0;250.0;30.0;110.0;195.0
2018-09-15 13:00:00;11.96;54.9;70.0;0.0;300.0;40.0;102.0;197.0
2018-09-15 14:00:00;11.68;60.44;80.0;0.0;270.0;40.0;92.0;193.0
2018-09-15 15:00:00;11.63;61.41;70.0;0.0;300.0;30.0;105.0;186.0
2018-09-15 16:00:00;9.64;60.28;50.0;0.0;320.0;20.0;104.0;170.0
2018-09-15 17:00:00;16.79;52.18;40.0;0.0;330.0;10.0;115.0;135.0
2018-09-15 18:00:00;26.21;42.81;20.0;0.0;0.0;10.0;104.0;112.0
2018-09-15 19:00:00;45.38;22.53;10.0;0.0;0.0;10.0;99.0;102.0
2018-09-15 20:00:00;59.96;5.05;20.0;0.0;160.0;10.0;93.0;98.0
2018-09-15 21:00:00;60.32;0.89;20.0;0.0;140.0;10.0;89.0;94.0
2018-09-15 22:00:00;57.1;0.27;20.0;0.0;150.0;10.0;88.0;91.0
2018-09-15 23:00:00;56.52;0.07;20.0;0.0;150.0;10.0;87.0;92.0
2018-09-16 00:00:00;44.89;0.34;20.0;0.0;160.0;20.0;95.0;100.0
2018-09-16 01:00:00;38.96;4.1;30.0;0.0;150.0;20.0;95.0;98.0
2018-09-16 02:00:00;37.72;4.69;30.0;0.0;160.0;20.0;95.0;98.0
2018-09-16 03:00:00;37.0;4.51;30.0;0.0;150.0;20.0;82.0;82.0
2018-09-16 04:00:00;33.43;5.37;40.0;0.0;170.0;20.0;97.0;100.0
2018-09-16 05:00:00;34.91;3.73;50.0;0.0;160.0;20.0;99.0;110.0
2018-09-16 06:00:00;31.6;6.08;40.0;0.0;180.0;20.0;104.0;126.0
2018-09-16 07:00:00;32.31;9.16;40.0;0.0;180.0;20.0;110.0;158.0
2018-09-16 08:00:00;26.41;23.04;50.0;0.0;210.0;30.0;110.0;172.0
2018-09-16 09:00:00;24.8;30.78;70.0;0.0;220.0;40.0;110.0;191.0
2018-09-16 10:00:00;17.88;40.79;80.0;0.0;220.0;40.0;110.0;196.0
2018-09-16 11:00:00;19.09;50.05;80.0;0.0;220.0;40.0;106.0;201.0
2018-09-16 12:00:00;21.03;55.93;90.0;0.0;210.0;50.0;107.0;214.0
2018-09-16 13:00:00;18.86;66.29;80.0;0.0;210.0;40.0;109.0;219.0
2018-09-16 14:00:00;18.54;70.33;80.0;0.0;210.0;40.0;109.0;212.0
2018-09-16 15:00:00;20.0;70.94;70.0;0.0;190.0;30.0;110.0;212.0
2018-09-16 16:00:00;25.83;63.03;60.0;0.0;200.0;20.0;112.0;211.0
2018-09-16 17:00:00;26.86;64.35;50.0;0.0;230.0;20.0;121.0;176.0
2018-09-16 18:00:00;33.39;55.26;30.0;0.0;200.0;10.0;116.0;130.0
2018-09-16 19:00:00;48.03;37.42;20.0;0.0;150.0;10.0;110.0;115.0
2018-09-16 20:00:00;58.76;22.69;40.0;0.0;190.0;20.0;103.0;106.0
2018-09-16 21:00:00;63.53;13.6;20.0;0.0;150.0;10.0;97.0;100.0
2018-09-16 22:00:00;70.25;5.48;20.0;0.0;180.0;10.0;87.0;90.0
2018-09-16 23:00:00;56.61;11.77;20.0;0.0;190.0;10.0;84.0;87.0
2018-09-17 00:00:00;51.26;9.85;30.0;0.0;160.0;10.0;84.0;89.0
2018-09-17 01:00:00;42.68;14.84;30.0;0.0;170.0;10.0;87.0;92.0
2018-09-17 02:00:00;36.85;17.0;20.0;0.0;170.0;20.0;83.0;86.0
2018-09-17 03:00:00;25.68;30.88;20.0;0.0;160.0;20.0;74.0;77.0
2018-09-17 04:00:00;29.72;26.99;30.0;0.0;160.0;20.0;94.0;97.0
2018-09-17 05:00:00;54.05;5.71;30.0;0.0;180.0;10.0;99.0;105.0
2018-09-17 06:00:00;68.46;-0.02;20.0;0.0;170.0;10.0;109.0;134.0
2018-09-17 07:00:00;69.46;2.55;50.0;0.0;200.0;20.0;113.0;163.0
2018-09-17 08:00:00;63.32;8.6;40.0;0.0;210.0;20.0;124.0;188.0
2018-09-17 09:00:00;50.09;23.42;50.0;0.0;220.0;30.0;117.0;202.0
2018-09-17 10:00:00;45.86;23.42;80.0;0.0;210.0;40.0;112.0;214.0
2018-09-17 11:00:00;34.5;49.57;80.0;0.0;220.0;50.0;110.0;224.0
2018-09-17 12:00:00;33.99;59.09;80.0;0.0;210.0;40.0;108.0;230.0
2018-09-17 13:00:00;28.96;69.95;70.0;0.0;210.0;30.0;110.0;235.0
2018-09-17 14:00:00;35.03;72.01;60.0;0.0;180.0;30.0;99.0;238.0
2018-09-17 15:00:00;42.44;65.37;50.0;0.0;180.0;30.0;98.0;236.0
2018-09-17 16:00:00;44.18;61.74;40.0;0.0;140.0;20.0;132.0;217.0
2018-09-17 17:00:00;55.29;56.53;20.0;0.0;140.0;10.0;138.0;166.0
2018-09-17 18:00:00;77.03;35.9;30.0;0.0;130.0;20.0;124.0;137.0
2018-09-17 19:00:00;81.93;24.21;30.0;0.0;130.0;20.0;110.0;129.0
2018-09-17 20:00:00;76.69;26.4;30.0;0.0;110.0;20.0;103.0;119.0
2018-09-17 21:00:00;80.0;19.48;30.0;0.0;140.0;20.0;101.0;107.0
2018-09-17 22:00:00;65.65;24.23;40.0;0.0;150.0;20.0;96.0;101.0
2018-09-17 23:00:00;54.43;29.27;40.0;0.0;140.0;20.0;88.0;93.0
2018-09-18 00:00:00;44.44;33.8;40.0;0.0;150.0;30.0;86.0;126.0
2018-09-18 01:00:00;39.24;37.37;50.0;0.0;150.0;30.0;89.0;146.0
2018-09-18 02:00:00;29.52;42.16;50.0;0.0;150.0;30.0;89.0;145.0
2018-09-18 03:00:00;27.88;39.77;60.0;0.0;150.0;30.0;91.0;148.0
2018-09-18 04:00:00;28.88;38.29;60.0;0.0;150.0;40.0;96.0;147.0
2018-09-18 05:00:00;43.15;26.72;60.0;0.0;150.0;40.0;102.0;153.0
2018-09-18 06:00:00;65.13;10.69;50.0;0.0;170.0;30.0;112.0;170.0
2018-09-18 07:00:00;59.08;14.54;60.0;0.0;200.0;40.0;124.0;204.0
2018-09-18 08:00:00;53.72;29.38;90.0;0.0;220.0;50.0;127.0;218.0
2018-09-18 09:00:00;34.86;47.63;110.0;0.0;230.0;60.0;148.0;232.0
2018-09-18 10:00:00;21.35;57.18;110.0;0.0;240.0;60.0;146.0;230.0
2018-09-18 11:00:00;15.56;60.18;120.0;0.0;220.0;60.0;151.0;238.0
2018-09-18 12:00:00;14.12;61.83;120.0;0.0;230.0;60.0;146.0;244.0
2018-09-18 13:00:00;18.76;64.22;140.0;0.0;220.0;70.0;135.0;241.0
2018-09-18 14:00:00;15.45;68.82;130.0;0.0;230.0;70.0;135.0;240.0
2018-09-18 15:00:00;11.83;68.79;130.0;0.0;240.0;70.0;134.0;230.0
2018-09-18 16:00:00;13.69;63.56;120.0;0.0;240.0;60.0;141.0;210.0
2018-09-18 17:00:00;15.95;60.19;90.0;0.0;240.0;40.0;139.0;194.0
2018-09-18 18:00:00;18.01;55.7;90.0;0.0;250.0;30.0;142.0;188.0
2018-09-18 19:00:00;17.11;50.86;90.0;0.0;230.0;40.0;134.0;181.0
2018-09-18 20:00:00;18.12;45.2;70.0;0.0;230.0;40.0;138.0;174.0
2018-09-18 21:00:00;14.85;42.19;60.0;0.0;200.0;30.0;136.0;163.0
2018-09-18 22:00:00;14.24;38.9;50.0;0.0;220.0;30.0;135.0;161.0
2018-09-18 23:00:00;9.96;38.77;40.0;0.0;200.0;20.0;135.0;156.0
2018-09-19 00:00:00;11.14;36.64;50.0;0.0;170.0;30.0;132.0;149.0
2018-09-19 01:00:00;13.05;30.28;40.0;0.0;180.0;20.0;126.0;142.0
2018-09-19 02:00:00;24.38;30.28;50.0;0.0;170.0;30.0;126.0;147.0
2018-09-19 03:00:00;21.08;22.45;40.0;0.0;160.0;20.0;126.0;140.0
2018-09-19 04:00:00;23.62;22.3;40.0;0.0;150.0;20.0;126.0;141.0
2018-09-19 05:00:00;42.83;7.49;50.0;0.0;170.0;30.0;130.0;149.0
2018-09-19 06:00:00;50.6;2.15;60.0;0.0;170.0;30.0;141.0;165.0
2018-09-19 07:00:00;47.1;5.88;80.0;0.0;200.0;40.0;155.0;187.0
2018-09-19 08:00:00;38.14;12.15;80.0;0.0;210.0;50.0;157.0;201.0
2018-09-19 09:00:00;33.61;19.36;110.0;0.0;210.0;60.0;156.0;208.0
2018-09-19 10:00:00;28.71;28.29;140.0;0.0;210.0;70.0;134.0;221.0
2018-09-19 11:00:00;19.23;41.55;140.0;0.0;220.0;70.0;134.0;222.0
2018-09-19 12:00:00;15.37;49.79;120.0;0.0;210.0;70.0;133.0;229.0
2018-09-19 13:00:00;14.68;55.27;110.0;0.0;210.0;70.0;133.0;229.0
2018-09-19 14:00:00;18.91;55.65;120.0;0.0;220.0;60.0;134.0;232.0
2018-09-19 15:00:00;19.59;58.63;140.0;0.0;220.0;70.0;129.0;224.0
2018-09-19 16:00:00;17.71;58.89;120.0;0.0;220.0;60.0;133.0;217.0
2018-09-19 17:00:00;20.75;50.5;100.0;0.0;230.0;50.0;136.0;214.0
2018-09-19 18:00:00;18.8;48.24;100.0;0.0;220.0;40.0;140.0;203.0
2018-09-19 19:00:00;17.09;45.06;90.0;0.0;210.0;40.0;141.0;200.0
2018-09-19 20:00:00;17.31;42.18;100.0;0.0;210.0;40.0;139.0;197.0
2018-09-19 21:00:00;18.07;43.63;80.0;0.0;220.0;40.0;140.0;196.0
2018-09-19 22:00:00;16.05;43.05;70.0;0.0;200.0;30.0;140.0;184.0
2018-09-19 23:00:00;14.11;42.52;70.0;0.0;210.0;30.0;142.0;180.0
2018-09-20 00:00:00;14.86;39.53;70.0;0.0;210.0;40.0;139.0;175.0
2018-09-20 01:00:00;19.01;31.75;60.0;0.0;200.0;30.0;139.0;170.0
2018-09-20 02:00:00;19.21;29.49;60.0;0.0;210.0;40.0;139.0;170.0
2018-09-20 03:00:00;20.47;25.76;70.0;0.0;190.0;30.0;139.0;166.0
2018-09-20 04:00:00;23.25;23.31;60.0;0.0;190.0;30.0;140.0;168.0
2018-09-20 05:00:00;35.48;16.56;70.0;0.0;180.0;30.0;142.0;170.0
2018-09-20 06:00:00;46.49;10.54;60.0;0.0;190.0;30.0;144.0;176.0
2018-09-20 07:00:00;45.19;10.96;70.0;0.0;180.0;40.0;143.0;180.0
2018-09-20 08:00:00;39.46;18.13;100.0;0.0;220.0;50.0;148.0;194.0
2018-09-20 09:00:00;36.96;19.34;110.0;0.0;210.0;60.0;149.0;200.0
2018-09-20 10:00:00;25.69;29.55;130.0;0.0;220.0;60.0;141.0;206.0
2018-09-20 11:00:00;19.51;40.21;110.0;0.0;220.0;60.0;141.0;225.0
2018-09-20 12:00:00;18.66;44.22;110.0;0.0;220.0;60.0;137.0;227.0
2018-09-20 13:00:00;19.3;51.27;110.0;0.0;210.0;60.0;136.0;231.0
2018-09-20 14:00:00;23.81;50.45;90.0;0.0;210.0;50.0;129.0;232.0
2018-09-20 15:00:00;24.06;56.89;80.0;0.0;200.0;40.0;134.0;228.0
2018-09-20 16:00:00;31.09;50.96;70.0;0.0;210.0;40.0;134.0;221.0
2018-09-20 17:00:00;41.15;41.52;60.0;0.0;200.0;30.0;133.0;208.0
2018-09-20 18:00:00;35.12;41.69;40.0;0.0;170.0;20.0;135.0;190.0
2018-09-20 19:00:00;46.14;29.98;60.0;0.0;170.0;30.0;135.0;195.0
2018-09-20 20:00:00;53.72;22.15;60.0;0.0;180.0;30.0;136.0;196.0
2018-09-20 21:00:00;40.38;30.46;80.0;0.0;180.0;50.0;134.0;199.0
2018-09-20 22:00:00;29.57;34.94;90.0;0.0;190.0;50.0;133.0;199.0
2018-09-20 23:00:00;22.83;39.59;90.0;0.0;180.0;50.0;132.0;200.0
2018-09-21 00:00:00;13.87;45.5;90.0;0.0;180.0;50.0;132.0;195.0
2018-09-21 01:00:00;13.06;43.82;100.0;0.0;190.0;60.0;133.0;193.0
2018-09-21 02:00:00;14.85;42.48;90.0;0.0;180.0;50.0;134.0;189.0
2018-09-21 03:00:00;14.35;42.41;120.0;0.0;180.0;60.0;132.0;194.0
2018-09-21 04:00:00;12.95;43.86;130.0;0.0;190.0;70.0;131.0;195.0
2018-09-21 05:00:00;16.42;43.12;130.0;4.0;210.0;70.0;145.0;175.0
2018-09-21 06:00:00;20.01;38.12;170.0;7.0;230.0;80.0;127.0;158.0
2018-09-21 07:00:00;18.47;35.83;140.0;0.0;260.0;70.0;94.0;160.0
2018-09-21 08:00:00;18.34;40.05;130.0;0.0;250.0;50.0;102.0;167.0
2018-09-21 09:00:00;15.32;42.37;150.0;0.0;260.0;50.0;96.0;150.0
2018-09-21 10:00:00;17.03;43.92;140.0;0.0;260.0;70.0;76.0;150.0
2018-09-21 11:00:00;14.31;53.54;130.0;0.0;260.0;70.0;64.0;150.0
2018-09-21 12:00:00;11.33;56.07;140.0;0.0;270.0;70.0;59.0;157.0
2018-09-21 13:00:00;15.25;54.84;150.0;0.0;250.0;80.0;56.0;160.0
2018-09-21 14:00:00;16.78;55.2;160.0;0.0;250.0;80.0;46.0;157.0
2018-09-21 15:00:00;10.19;59.09;150.0;0.0;240.0;70.0;58.0;148.0
2018-09-21 16:00:00;11.66;60.34;160.0;3.0;230.0;70.0;79.0;116.0
2018-09-21 17:00:00;15.03;55.58;140.0;2.0;300.0;40.0;68.0;104.0
2018-09-21 18:00:00;20.84;43.67;140.0;5.0;240.0;40.0;89.0;122.0
2018-09-21 19:00:00;17.22;44.5;100.0;0.0;240.0;60.0;91.0;128.0
2018-09-21 20:00:00;11.25;46.31;130.0;2.0;270.0;50.0;77.0;134.0
2018-09-21 21:00:00;10.66;47.24;120.0;0.0;270.0;50.0;82.0;131.0
2018-09-21 22:00:00;10.27;48.78;130.0;1.0;270.0;50.0;81.0;131.0
2018-09-21 23:00:00;8.76;49.62;110.0;0.0;260.0;50.0;84.0;127.0
2018-09-22 00:00:00;11.69;47.53;70.0;0.0;260.0;30.0;84.0;126.0
2018-09-22 01:00:00;14.11;42.25;70.0;0.0;260.0;30.0;74.0;125.0
2018-09-22 02:00:00;15.6;39.9;50.0;0.0;250.0;30.0;73.0;125.0
2018-09-22 03:00:00;13.1;40.1;50.0;0.0;230.0;30.0;74.0;117.0
2018-09-22 04:00:00;9.0;39.89;40.0;0.0;220.0;30.0;75.0;115.0
2018-09-22 05:00:00;15.32;32.14;40.0;0.0;210.0;30.0;80.0;112.0
2018-09-22 06:00:00;20.22;27.92;50.0;0.0;200.0;30.0;92.0;124.0
2018-09-22 07:00:00;27.67;23.2;80.0;0.0;210.0;40.0;101.0;133.0
2018-09-22 08:00:00;26.77;17.15;80.0;0.0;210.0;50.0;106.0;144.0
2018-09-22 09:00:00;24.73;21.19;100.0;0.0;220.0;60.0;104.0;152.0
2018-09-22 10:00:00;18.96;29.83;110.0;0.0;230.0;50.0;101.0;155.0
2018-09-22 11:00:00;16.73;35.41;120.0;5.0;240.0;50.0;97.0;118.0
2018-09-22 12:00:00;20.63;36.45;110.0;8.0;240.0;50.0;99.0;122.0
2018-09-22 13:00:00;15.81;40.36;120.0;10.0;220.0;50.0;99.0;117.0
2018-09-22 14:00:00;17.32;40.01;90.0;10.0;220.0;40.0;99.0;115.0
2018-09-22 15:00:00;25.02;34.79;70.0;10.0;210.0;30.0;105.0;116.0
2018-09-22 16:00:00;24.9;32.67;70.0;10.0;220.0;40.0;106.0;114.0
2018-09-22 17:00:00;28.38;29.06;50.0;9.0;220.0;30.0;107.0;114.0
2018-09-22 18:00:00;25.32;27.82;50.0;6.0;210.0;30.0;104.0;112.0
2018-09-22 19:00:00;25.38;28.31;50.0;0.0;200.0;30.0;105.0;112.0
2018-09-22 20:00:00;24.73;25.92;40.0;0.0;200.0;20.0;103.0;111.0
2018-09-22 21:00:00;27.37;20.27;50.0;0.0;190.0;20.0;98.0;108.0
2018-09-22 22:00:00;26.79;19.77;40.0;0.0;180.0;20.0;99.0;107.0
2018-09-22 23:00:00;24.3;21.18;50.0;0.0;170.0;20.0;100.0;105.0
2018-09-23 00:00:00;19.17;19.74;30.0;0.0;140.0;20.0;99.0;103.0
2018-09-23 01:00:00;17.96;20.24;30.0;0.0;110.0;20.0;96.0;99.0
2018-09-23 02:00:00;13.03;20.24;20.0;0.0;80.0;10.0;95.0;97.0
2018-09-23 03:00:00;11.55;24.24;30.0;0.0;90.0;20.0;87.0;90.0
2018-09-23 04:00:00;11.28;20.22;20.0;0.0;60.0;10.0;88.0;91.0
2018-09-23 05:00:00;9.63;18.91;30.0;0.0;30.0;10.0;89.0;92.0
2018-09-23 06:00:00;11.0;17.43;20.0;0.0;60.0;10.0;94.0;97.0
2018-09-23 07:00:00;11.15;17.78;20.0;7.0;50.0;10.0;98.0;101.0
2018-09-23 08:00:00;11.09;19.45;30.0;0.0;20.0;10.0;101.0;105.0
2018-09-23 09:00:00;12.76;19.74;40.0;10.0;30.0;20.0;102.0;107.0
2018-09-23 10:00:00;12.94;24.67;50.0;10.0;10.0;30.0;100.0;106.0
2018-09-23 11:00:00;12.38;30.31;50.0;10.0;360.0;30.0;102.0;107.0
2018-09-23 12:00:00;12.15;34.11;60.0;10.0;360.0;30.0;100.0;108.0
2018-09-23 13:00:00;11.61;35.25;90.0;10.0;350.0;40.0;91.0;101.0
2018-09-23 14:00:00;6.5;48.87;80.0;8.0;350.0;40.0;88.0;106.0
2018-09-23 15:00:00;5.77;54.23;60.0;0.0;320.0;20.0;87.0;105.0
2018-09-23 16:00:00;12.75;46.15;40.0;9.0;300.0;20.0;90.0;100.0
2018-09-23 17:00:00;32.0;31.07;40.0;9.0;300.0;20.0;91.0;99.0
2018-09-23 18:00:00;31.45;29.52;50.0;4.0;280.0;20.0;87.0;98.0
2018-09-23 19:00:00;28.01;31.36;30.0;0.0;280.0;20.0;79.0;85.0
2018-09-23 20:00:00;37.41;22.59;30.0;0.0;300.0;20.0;76.0;82.0
2018-09-23 21:00:00;34.0;25.76;40.0;0.0;290.0;20.0;63.0;67.0
2018-09-23 22:00:00;36.74;20.37;40.0;0.0;280.0;20.0;62.0;68.0
2018-09-23 23:00:00;15.98;44.11;30.0;0.0;280.0;20.0;57.0;62.0
2018-09-24 00:00:00;19.36;36.97;40.0;0.0;270.0;20.0;57.0;66.0
2018-09-24 01:00:00;18.41;33.48;50.0;0.0;310.0;20.0;56.0;75.0
2018-09-24 02:00:00;12.71;42.06;30.0;0.0;270.0;20.0;53.0;57.0
2018-09-24 03:00:00;17.78;36.85;50.0;0.0;310.0;20.0;59.0;72.0
2018-09-24 04:00:00;16.98;40.7;50.0;0.0;290.0;20.0;57.0;71.0
2018-09-24 05:00:00;35.85;26.95;40.0;1.0;280.0;20.0;66.0;78.0
2018-09-24 06:00:00;65.68;7.07;30.0;0.0;270.0;10.0;76.0;97.0
2018-09-24 07:00:00;67.51;6.05;60.0;2.0;270.0;20.0;79.0;104.0
2018-09-24 08:00:00;61.58;10.28;50.0;0.0;280.0;20.0;88.0;132.0
2018-09-24 09:00:00;44.83;23.77;140.0;0.0;330.0;30.0;74.0;130.0
2018-09-24 10:00:00;20.51;41.1;90.0;0.0;340.0;40.0;75.0;150.0
2018-09-24 11:00:00;10.5;51.13;90.0;0.0;320.0;40.0;65.0;150.0
2018-09-24 12:00:00;10.11;53.36;100.0;0.0;310.0;50.0;30.0;145.0
2018-09-24 13:00:00;19.25;54.35;120.0;0.0;310.0;50.0;41.0;150.0
2018-09-24 14:00:00;14.93;57.44;90.0;0.0;310.0;50.0;49.0;141.0
2018-09-24 15:00:00;19.2;51.81;90.0;0.0;310.0;50.0;53.0;141.0
2018-09-24 16:00:00;14.63;55.76;80.0;0.0;320.0;40.0;56.0;127.0
2018-09-24 17:00:00;26.12;46.52;60.0;0.0;310.0;20.0;62.0;106.0
2018-09-24 18:00:00;31.39;36.08;70.0;0.0;330.0;10.0;65.0;81.0
2018-09-24 19:00:00;29.54;32.83;20.0;0.0;270.0;10.0;65.0;72.0
2018-09-24 20:00:00;47.8;12.69;20.0;0.0;310.0;10.0;62.0;65.0
2018-09-24 21:00:00;56.94;6.47;20.0;0.0;100.0;10.0;59.0;63.0
2018-09-24 22:00:00;44.69;13.6;10.0;0.0;0.0;10.0;48.0;51.0
2018-09-24 23:00:00;40.29;8.5;20.0;0.0;220.0;10.0;54.0;58.0
2018-09-25 00:00:00;39.7;0.59;30.0;0.0;280.0;10.0;53.0;57.0
2018-09-25 01:00:00;47.44;1.41;30.0;0.0;0.0;10.0;38.0;42.0
2018-09-25 02:00:00;37.73;7.41;10.0;0.0;100.0;0.0;31.0;34.0
2018-09-25 03:00:00;28.98;8.68;10.0;0.0;0.0;0.0;25.0;28.0
2018-09-25 04:00:00;31.0;5.99;10.0;0.0;190.0;10.0;23.0;26.0
2018-09-25 05:00:00;46.88;0.36;10.0;0.0;150.0;10.0;29.0;33.0
2018-09-25 06:00:00;66.81;0.09;20.0;0.0;0.0;10.0;67.0;71.0
2018-09-25 07:00:00;69.08;0.41;20.0;0.0;200.0;10.0;70.0;118.0
2018-09-25 08:00:00;69.13;5.99;30.0;0.0;200.0;10.0;70.0;138.0
2018-09-25 09:00:00;48.08;24.05;40.0;0.0;140.0;20.0;66.0;147.0
2018-09-25 10:00:00;27.08;41.29;40.0;0.0;190.0;20.0;57.0;152.0
2018-09-25 11:00:00;33.82;37.68;40.0;0.0;190.0;20.0;70.0;164.0
2018-09-25 12:00:00;27.18;39.41;50.0;0.0;190.0;30.0;59.0;161.0
2018-09-25 13:00:00;23.31;46.37;50.0;0.0;250.0;20.0;53.0;160.0
2018-09-25 14:00:00;29.56;43.22;50.0;0.0;190.0;30.0;56.0;155.0
2018-09-25 15:00:00;36.99;35.23;40.0;0.0;220.0;20.0;57.0;155.0
2018-09-25 16:00:00;32.9;38.87;30.0;0.0;150.0;20.0;66.0;138.0
2018-09-25 17:00:00;50.41;24.32;20.0;0.0;150.0;10.0;78.0;94.0
2018-09-25 18:00:00;59.71;15.06;20.0;0.0;120.0;10.0;68.0;75.0
2018-09-25 19:00:00;70.51;2.69;30.0;0.0;160.0;20.0;61.0;65.0
2018-09-25 20:00:00;70.98;1.1;40.0;0.0;170.0;20.0;60.0;91.0
2018-09-25 21:00:00;61.35;3.41;40.0;0.0;150.0;20.0;54.0;62.0
2018-09-25 22:00:00;49.72;9.61;20.0;0.0;130.0;10.0;50.0;52.0
2018-09-25 23:00:00;49.5;7.56;30.0;0.0;150.0;20.0;44.0;47.0
2018-09-26 00:00:00;47.72;3.91;30.0;0.0;150.0;10.0;44.0;47.0
2018-09-26 01:00:00;45.12;3.64;20.0;0.0;160.0;10.0;37.0;41.0
2018-09-26 02:00:00;44.59;1.55;20.0;0.0;180.0;10.0;41.0;44.0
2018-09-26 03:00:00;41.57;3.21;30.0;0.0;190.0;10.0;43.0;46.0
2018-09-26 04:00:00;37.82;5.65;20.0;0.0;170.0;10.0;45.0;48.0
2018-09-26 05:00:00;50.18;1.67;30.0;0.0;180.0;10.0;54.0;58.0
2018-09-26 06:00:00;57.54;0.24;50.0;0.0;210.0;20.0;61.0;88.0
2018-09-26 07:00:00;63.47;2.1;60.0;0.0;210.0;30.0;67.0;113.0
2018-09-26 08:00:00;57.66;7.59;90.0;0.0;230.0;40.0;60.0;139.0
2018-09-26 09:00:00;44.2;19.4;90.0;0.0;230.0;50.0;67.0;154.0
2018-09-26 10:00:00;29.62;34.16;90.0;0.0;220.0;50.0;79.0;164.0
2018-09-26 11:00:00;26.53;42.71;100.0;0.0;230.0;50.0;87.0;174.0
2018-09-26 12:00:00;27.9;45.01;90.0;0.0;250.0;50.0;89.0;182.0
2018-09-26 13:00:00;25.73;47.31;100.0;0.0;240.0;50.0;89.0;187.0
2018-09-26 14:00:00;26.57;49.5;90.0;0.0;220.0;50.0;79.0;183.0
2018-09-26 15:00:00;25.96;51.67;90.0;0.0;230.0;50.0;85.0;178.0
2018-09-26 16:00:00;28.97;50.34;80.0;0.0;230.0;40.0;86.0;168.0
2018-09-26 17:00:00;33.82;43.43;60.0;0.0;250.0;30.0;86.0;152.0
2018-09-26 18:00:00;46.23;29.08;40.0;0.0;240.0;20.0;87.0;142.0
2018-09-26 19:00:00;55.91;17.71;40.0;0.0;240.0;20.0;92.0;113.0
2018-09-26 20:00:00;50.75;21.71;40.0;0.0;240.0;20.0;95.0;116.0
2018-09-26 21:00:00;53.68;18.06;30.0;0.0;230.0;20.0;95.0;122.0
2018-09-26 22:00:00;47.25;19.46;30.0;0.0;190.0;10.0;92.0;100.0
2018-09-26 23:00:00;39.51;24.59;30.0;0.0;170.0;20.0;87.0;96.0
2018-09-27 00:00:00;35.84;24.65;20.0;0.0;200.0;10.0;86.0;91.0
2018-09-27 01:00:00;38.43;19.07;20.0;0.0;190.0;10.0;86.0;91.0
2018-09-27 02:00:00;47.07;19.07;20.0;0.0;150.0;10.0;83.0;86.0
2018-09-27 03:00:00;49.2;9.04;20.0;0.0;160.0;10.0;84.0;91.0
2018-09-27 04:00:00;55.77;3.14;30.0;0.0;170.0;20.0;76.0;89.0
2018-09-27 05:00:00;64.62;0.51;20.0;0.0;150.0;10.0;75.0;85.0
2018-09-27 06:00:00;67.74;0.39;20.0;0.0;130.0;10.0;80.0;119.0
2018-09-27 07:00:00;75.59;1.14;30.0;0.0;200.0;20.0;80.0;139.0
2018-09-27 08:00:00;75.53;3.21;40.0;0.0;190.0;20.0;80.0;165.0
2018-09-27 09:00:00;71.56;7.43;60.0;0.0;200.0;30.0;76.0;179.0
2018-09-27 10:00:00;66.99;18.38;70.0;0.0;210.0;40.0;79.0;191.0
2018-09-27 11:00:00;49.26;36.98;70.0;0.0;210.0;40.0;68.0;199.0
2018-09-27 12:00:00;44.82;47.57;80.0;0.0;220.0;40.0;70.0;209.0
2018-09-27 13:00:00;47.36;50.88;70.0;0.0;210.0;40.0;76.0;210.0
2018-09-27 14:00:00;46.09;55.58;60.0;0.0;250.0;40.0;77.0;211.0
2018-09-27 15:00:00;53.86;51.83;60.0;0.0;250.0;30.0;65.0;202.0
2018-09-27 16:00:00;43.65;54.03;60.0;0.0;280.0;30.0;89.0;181.0
2018-09-27 17:00:00;50.2;49.21;50.0;0.0;270.0;20.0;98.0;131.0
2018-09-27 18:00:00;75.72;23.05;40.0;0.0;260.0;20.0;75.0;118.0
2018-09-27 19:00:00;71.21;22.55;40.0;0.0;270.0;10.0;71.0;90.0
2018-09-27 20:00:00;71.58;22.89;20.0;0.0;210.0;10.0;65.0;70.0
2018-09-27 21:00:00;76.9;13.18;30.0;0.0;230.0;20.0;66.0;70.0
2018-09-27 22:00:00;74.92;10.47;30.0;0.0;230.0;10.0;75.0;78.0
2018-09-27 23:00:00;64.64;18.5;20.0;0.0;270.0;10.0;81.0;84.0
2018-09-28 00:00:00;51.32;19.69;20.0;0.0;330.0;10.0;81.0;85.0
2018-09-28 01:00:00;49.68;11.69;30.0;0.0;350.0;20.0;102.0;104.0
2018-09-28 02:00:00;35.61;17.66;40.0;0.0;360.0;20.0;120.0;133.0
2018-09-28 03:00:00;12.49;33.95;70.0;0.0;10.0;30.0;113.0;138.0
2018-09-28 04:00:00;1.52;50.87;70.0;0.0;20.0;40.0;99.0;134.0
2018-09-28 05:00:00;3.61;50.93;80.0;0.0;20.0;40.0;89.0;128.0
2018-09-28 06:00:00;10.05;43.51;90.0;0.0;30.0;40.0;82.0;128.0
2018-09-28 07:00:00;10.67;41.84;80.0;0.0;30.0;40.0;75.0;134.0
2018-09-28 08:00:00;12.63;40.13;100.0;0.0;10.0;40.0;61.0;140.0
2018-09-28 09:00:00;5.36;48.32;110.0;0.0;10.0;50.0;63.0;147.0
2018-09-28 10:00:00;4.28;50.09;90.0;0.0;30.0;50.0;72.0;152.0
2018-09-28 11:00:00;5.2;49.65;90.0;0.0;20.0;50.0;46.0;155.0
2018-09-28 12:00:00;3.82;53.24;80.0;0.0;10.0;40.0;54.0;155.0
2018-09-28 13:00:00;3.05;56.63;90.0;0.0;30.0;50.0;58.0;147.0
2018-09-28 14:00:00;3.11;58.79;100.0;0.0;20.0;50.0;52.0;152.0
2018-09-28 15:00:00;3.44;58.71;90.0;0.0;30.0;50.0;52.0;144.0
2018-09-28 16:00:00;3.96;58.78;90.0;0.0;10.0;40.0;64.0;131.0
2018-09-28 17:00:00;4.37;56.85;80.0;0.0;10.0;30.0;60.0;119.0
2018-09-28 18:00:00;6.15;52.86;40.0;0.0;360.0;20.0;61.0;91.0
2018-09-28 19:00:00;14.34;42.23;30.0;0.0;30.0;10.0;50.0;59.0
2018-09-28 20:00:00;21.16;34.33;10.0;0.0;30.0;10.0;44.0;49.0
2018-09-28 21:00:00;35.42;20.76;20.0;0.0;360.0;10.0;34.0;38.0
2018-09-28 22:00:00;31.44;18.55;10.0;0.0;350.0;10.0;32.0;34.0
2018-09-28 23:00:00;39.11;9.84;10.0;0.0;0.0;0.0;26.0;28.0
2018-09-29 00:00:00;41.43;8.48;10.0;0.0;0.0;0.0;21.0;23.0
2018-09-29 01:00:00;30.96;9.64;10.0;0.0;0.0;0.0;18.0;21.0
2018-09-29 02:00:00;32.12;3.53;10.0;0.0;0.0;0.0;15.0;19.0
2018-09-29 03:00:00;27.8;1.57;10.0;0.0;0.0;0.0;11.0;15.0
2018-09-29 04:00:00;23.88;0.53;10.0;0.0;350.0;10.0;8.0;12.0
2018-09-29 05:00:00;21.01;0.27;10.0;0.0;0.0;0.0;11.0;15.0
2018-09-29 06:00:00;25.65;0.32;10.0;0.0;0.0;0.0;45.0;52.0
2018-09-29 07:00:00;24.38;0.59;10.0;0.0;0.0;0.0;69.0;95.0
2018-09-29 08:00:00;39.22;3.16;20.0;0.0;160.0;10.0;61.0;125.0
2018-09-29 09:00:00;38.66;25.52;40.0;0.0;140.0;20.0;48.0;132.0
2018-09-29 10:00:00;27.74;35.85;40.0;0.0;160.0;20.0;46.0;141.0
2018-09-29 11:00:00;17.0;46.57;50.0;0.0;110.0;20.0;48.0;149.0
2018-09-29 12:00:00;14.29;50.95;60.0;0.0;100.0;20.0;35.0;148.0
2018-09-29 13:00:00;18.11;48.75;40.0;0.0;120.0;20.0;37.0;147.0
2018-09-29 14:00:00;16.74;50.23;40.0;0.0;180.0;20.0;36.0;147.0
2018-09-29 15:00:00;18.66;49.91;40.0;0.0;170.0;20.0;35.0;142.0
2018-09-29 16:00:00;22.32;43.69;30.0;0.0;0.0;10.0;63.0;114.0
2018-09-29 17:00:00;42.56;25.59;10.0;0.0;150.0;10.0;59.0;74.0
2018-09-29 18:00:00;43.25;23.91;10.0;0.0;0.0;10.0;52.0;60.0
2018-09-29 19:00:00;63.26;3.48;10.0;0.0;0.0;0.0;43.0;47.0
2018-09-29 20:00:00;63.43;1.11;10.0;0.0;0.0;10.0;37.0;42.0
2018-09-29 21:00:00;58.83;0.97;10.0;0.0;0.0;0.0;28.0;32.0
2018-09-29 22:00:00;43.04;0.89;10.0;0.0;150.0;10.0;23.0;27.0
2018-09-29 23:00:00;40.4;0.65;20.0;0.0;140.0;10.0;21.0;24.0
2018-09-30 00:00:00;43.07;0.63;30.0;0.0;130.0;10.0;20.0;24.0
2018-09-30 01:00:00;46.27;0.62;20.0;0.0;130.0;10.0;17.0;18.0
2018-09-30 02:00:00;44.21;0.32;10.0;0.0;130.0;10.0;10.0;13.0
2018-09-30 03:00:00;42.12;0.23;10.0;0.0;0.0;0.0;3.0;6.0
2018-09-30 04:00:00;34.38;0.33;10.0;0.0;100.0;0.0;1.0;4.0
2018-09-30 05:00:00;32.17;0.29;20.0;0.0;150.0;10.0;2.0;4.0
2018-09-30 06:00:00;30.89;0.4;20.0;0.0;150.0;10.0;37.0;40.0
2018-09-30 07:00:00;36.93;0.79;20.0;0.0;180.0;10.0;64.0;96.0
2018-09-30 08:00:00;45.56;4.92;40.0;0.0;180.0;20.0;76.0;133.0
2018-09-30 09:00:00;38.14;22.03;40.0;0.0;200.0;20.0;80.0;155.0
2018-09-30 10:00:00;35.94;27.15;60.0;0.0;270.0;20.0;87.0;162.0
2018-09-30 11:00:00;29.76;39.72;60.0;0.0;240.0;30.0;73.0;165.0
2018-09-30 12:00:00;25.57;49.62;60.0;0.0;290.0;30.0;73.0;165.0
2018-09-30 13:00:00;18.49;61.67;70.0;0.0;310.0;30.0;75.0;164.0
2018-09-30 14:00:00;14.08;69.54;80.0;0.0;290.0;40.0;80.0;147.0
2018-09-30 15:00:00;11.86;67.91;80.0;0.0;300.0;40.0;69.0;148.0
2018-09-30 16:00:00;13.3;65.63;60.0;0.0;280.0;20.0;68.0;130.0
2018-09-30 17:00:00;24.48;53.12;50.0;0.0;270.0;20.0;74.0;125.0
2018-09-30 18:00:00;28.56;46.71;50.0;0.0;280.0;20.0;87.0;125.0
2018-09-30 19:00:00;26.32;43.95;40.0;0.0;310.0;20.0;80.0;124.0
2018-09-30 20:00:00;21.84;41.86;40.0;0.0;310.0;20.0;69.0;116.0
2018-09-30 21:00:00;19.14;44.37;60.0;0.0;340.0;20.0;73.0;116.0
2018-09-30 22:00:00;14.65;46.31;20.0;0.0;270.0;10.0;72.0;91.0
2018-09-30 23:00:00;17.99;38.11;30.0;0.0;290.0;20.0;67.0;103.0
2018-10-01 00:00:00;17.79;35.53;70.0;0.0;300.0;20.0;72.0;101.0
2018-10-01 01:00:00;10.7;45.88;40.0;0.0;290.0;10.0;75.0;95.0
2018-10-01 02:00:00;7.58;45.88;70.0;4.0;300.0;10.0;80.0;93.0
2018-10-01 03:00:00;13.01;34.67;30.0;0.0;260.0;20.0;79.0;87.0
2018-10-01 04:00:00;15.06;34.72;30.0;0.0;260.0;20.0;79.0;85.0
2018-10-01 05:00:00;47.39;13.55;40.0;0.0;260.0;20.0;72.0;80.0
2018-10-01 06:00:00;68.01;2.34;60.0;4.0;300.0;20.0;75.0;95.0
2018-10-01 07:00:00;66.8;5.73;80.0;2.0;310.0;30.0;82.0;110.0
2018-10-01 08:00:00;42.15;20.45;140.0;3.0;320.0;40.0;72.0;111.0
2018-10-01 09:00:00;21.3;38.01;90.0;3.0;310.0;40.0;73.0;104.0
2018-10-01 10:00:00;24.96;37.22;110.0;0.0;320.0;40.0;34.0;132.0
2018-10-01 11:00:00;16.46;50.08;140.0;0.0;350.0;60.0;49.0;116.0
2018-10-01 12:00:00;8.71;58.4;120.0;2.0;340.0;50.0;68.0;105.0
2018-10-01 13:00:00;11.84;54.98;120.0;1.0;330.0;50.0;62.0;94.0
2018-10-01 14:00:00;11.89;55.0;90.0;0.0;320.0;40.0;55.0;115.0
2018-10-01 15:00:00;19.05;48.1;140.0;6.0;340.0;50.0;53.0;92.0
2018-10-01 16:00:00;13.1;54.03;110.0;1.0;300.0;40.0;50.0;92.0
2018-10-01 17:00:00;17.92;49.3;70.0;0.0;310.0;30.0;54.0;94.0
2018-10-01 18:00:00;18.73;48.33;60.0;0.0;280.0;20.0;55.0;89.0
2018-10-01 19:00:00;30.93;35.99;40.0;0.0;300.0;20.0;58.0;87.0
2018-10-01 20:00:00;34.88;31.63;40.0;5.0;250.0;10.0;65.0;77.0
2018-10-01 21:00:00;33.05;29.05;30.0;0.0;230.0;10.0;66.0;70.0
2018-10-01 22:00:00;33.39;22.15;30.0;0.0;210.0;20.0;68.0;77.0
2018-10-01 23:00:00;26.68;27.13;40.0;0.0;200.0;20.0;65.0;78.0
2018-10-02 00:00:00;20.89;27.71;40.0;0.0;200.0;20.0;61.0;80.0
2018-10-02 01:00:00;19.23;28.94;40.0;0.0;210.0;20.0;63.0;86.0
2018-10-02 02:00:00;19.57;28.14;60.0;0.0;210.0;40.0;65.0;91.0
2018-10-02 03:00:00;13.66;38.51;90.0;0.0;210.0;50.0;68.0;86.0
2018-10-02 04:00:00;17.76;27.2;80.0;0.0;200.0;40.0;74.0;89.0
2018-10-02 05:00:00;36.83;11.98;110.0;0.0;220.0;50.0;74.0;90.0
2018-10-02 06:00:00;42.99;9.06;110.0;8.0;230.0;50.0;91.0;96.0
2018-10-02 07:00:00;41.33;10.63;100.0;10.0;220.0;60.0;92.0;98.0
2018-10-02 08:00:00;33.24;17.4;100.0;10.0;230.0;50.0;104.0;107.0
2018-10-02 09:00:00;32.59;18.05;80.0;9.0;230.0;50.0;118.0;120.0
2018-10-02 10:00:00;41.05;14.61;80.0;3.0;260.0;40.0;128.0;134.0
2018-10-02 11:00:00;36.24;13.02;90.0;2.0;280.0;30.0;125.0;151.0
2018-10-02 12:00:00;32.12;20.81;90.0;0.0;280.0;50.0;115.0;162.0
2018-10-02 13:00:00;25.38;34.47;110.0;0.0;290.0;50.0;103.0;162.0
2018-10-02 14:00:00;21.59;45.18;120.0;0.0;280.0;60.0;87.0;153.0
2018-10-02 15:00:00;15.13;53.24;110.0;0.0;280.0;50.0;92.0;147.0
2018-10-02 16:00:00;16.89;54.28;100.0;0.0;290.0;40.0;80.0;134.0
2018-10-02 17:00:00;22.59;51.53;50.0;0.0;260.0;20.0;85.0;118.0
2018-10-02 18:00:00;42.31;32.65;40.0;0.0;260.0;20.0;86.0;123.0
2018-10-02 19:00:00;45.17;27.33;40.0;0.0;260.0;20.0;92.0;122.0
2018-10-02 20:00:00;51.36;19.42;40.0;0.0;270.0;20.0;95.0;120.0
2018-10-02 21:00:00;44.36;22.05;40.0;0.0;270.0;20.0;89.0;108.0
2018-10-02 22:00:00;33.08;29.86;30.0;0.0;260.0;20.0;88.0;109.0
2018-10-02 23:00:00;18.54;40.74;40.0;0.0;280.0;20.0;89.0;110.0
2018-10-03 00:00:00;27.23;30.95;40.0;0.0;260.0;20.0;87.0;109.0
2018-10-03 01:00:00;23.37;28.29;50.0;0.0;270.0;20.0;84.0;111.0
2018-10-03 02:00:00;18.32;33.33;50.0;0.0;280.0;20.0;75.0;114.0
2018-10-03 03:00:00;9.81;44.53;40.0;0.0;280.0;20.0;68.0;106.0
2018-10-03 04:00:00;15.99;39.58;60.0;0.0;280.0;20.0;65.0;105.0
2018-10-03 05:00:00;39.93;22.52;40.0;0.0;260.0;20.0;66.0;105.0
2018-10-03 06:00:00;66.69;6.61;40.0;0.0;280.0;20.0;70.0;114.0
2018-10-03 07:00:00;70.19;5.29;40.0;0.0;270.0;20.0;76.0;128.0
2018-10-03 08:00:00;62.86;10.27;60.0;0.0;290.0;20.0;70.0;136.0
2018-10-03 09:00:00;43.81;25.58;60.0;0.0;20.0;30.0;73.0;141.0
2018-10-03 10:00:00;26.02;38.56;60.0;0.0;320.0;20.0;72.0;150.0
2018-10-03 11:00:00;18.16;46.69;70.0;0.0;280.0;40.0;58.0;156.0
2018-10-03 12:00:00;17.94;52.91;80.0;0.0;300.0;40.0;65.0;156.0
2018-10-03 13:00:00;18.08;55.14;80.0;0.0;290.0;40.0;63.0;157.0
2018-10-03 14:00:00;17.79;54.95;80.0;0.0;290.0;40.0;70.0;148.0
2018-10-03 15:00:00;22.31;52.37;70.0;0.0;270.0;40.0;69.0;145.0
2018-10-03 16:00:00;21.74;50.87;70.0;0.0;280.0;30.0;78.0;134.0
2018-10-03 17:00:00;31.8;42.6;50.0;0.0;260.0;20.0;79.0;120.0
2018-10-03 18:00:00;37.55;35.41;30.0;0.0;230.0;20.0;80.0;109.0
2018-10-03 19:00:00;38.92;30.05;30.0;0.0;210.0;20.0;77.0;92.0
2018-10-03 20:00:00;51.11;20.02;30.0;0.0;210.0;20.0;86.0;108.0
2018-10-03 21:00:00;39.52;24.63;50.0;0.0;210.0;30.0;95.0;124.0
2018-10-03 22:00:00;30.49;23.7;60.0;0.0;210.0;30.0;110.0;125.0
2018-10-03 23:00:00;28.33;20.39;50.0;0.0;210.0;30.0;112.0;128.0
2018-10-04 00:00:00;24.7;17.63;50.0;0.0;210.0;30.0;116.0;131.0
2018-10-04 01:00:00;25.97;12.7;60.0;0.0;220.0;30.0;115.0;134.0
2018-10-04 02:00:00;24.05;12.85;60.0;0.0;220.0;30.0;116.0;135.0
2018-10-04 03:00:00;24.87;10.81;50.0;0.0;220.0;30.0;116.0;137.0
2018-10-04 04:00:00;27.85;8.26;50.0;0.0;220.0;30.0;118.0;136.0
2018-10-04 05:00:00;40.77;1.54;50.0;0.0;210.0;30.0;123.0;137.0
2018-10-04 06:00:00;44.47;-0.04;50.0;0.0;200.0;30.0;123.0;138.0
2018-10-04 07:00:00;46.2;0.05;50.0;0.0;210.0;30.0;122.0;142.0
2018-10-04 08:00:00;46.23;0.64;70.0;0.0;210.0;30.0;120.0;151.0
2018-10-04 09:00:00;39.36;3.27;80.0;0.0;220.0;40.0;121.0;164.0
2018-10-04 10:00:00;32.61;11.19;90.0;0.0;220.0;40.0;125.0;162.0
2018-10-04 11:00:00;37.23;11.32;80.0;0.0;210.0;40.0;125.0;176.0
2018-10-04 12:00:00;35.48;17.53;80.0;0.0;220.0;50.0;118.0;179.0
2018-10-04 13:00:00;29.11;28.3;80.0;0.0;210.0;40.0;121.0;179.0
2018-10-04 14:00:00;27.03;32.6;90.0;0.0;220.0;50.0;122.0;177.0
2018-10-04 15:00:00;29.44;34.15;70.0;0.0;210.0;40.0;123.0;171.0
2018-10-04 16:00:00;34.99;26.95;60.0;0.0;200.0;30.0;123.0;165.0
2018-10-04 17:00:00;38.91;21.11;70.0;0.0;200.0;30.0;119.0;157.0
2018-10-04 18:00:00;43.02;15.21;50.0;0.0;180.0;20.0;120.0;142.0
2018-10-04 19:00:00;48.45;9.45;40.0;0.0;170.0;20.0;115.0;130.0
2018-10-04 20:00:00;57.97;0.75;40.0;0.0;180.0;30.0;113.0;132.0
2018-10-04 21:00:00;55.86;0.42;50.0;0.0;170.0;30.0;108.0;124.0
2018-10-04 22:00:00;53.65;1.31;50.0;0.0;180.0;30.0;102.0;123.0
2018-10-04 23:00:00;49.2;2.02;50.0;0.0;170.0;30.0;99.0;116.0
2018-10-05 00:00:00;32.1;10.47;40.0;0.0;170.0;30.0;96.0;111.0
2018-10-05 01:00:00;30.0;10.5;40.0;0.0;150.0;20.0;89.0;94.0
2018-10-05 02:00:00;26.35;10.5;20.0;0.0;150.0;10.0;81.0;83.0
2018-10-05 03:00:00;29.07;4.93;20.0;0.0;150.0;10.0;80.0;83.0
2018-10-05 04:00:00;28.73;2.02;30.0;0.0;150.0;20.0;83.0;86.0
2018-10-05 05:00:00;36.33;0.0;30.0;0.0;150.0;20.0;84.0;87.0
2018-10-05 06:00:00;42.88;-0.08;40.0;0.0;150.0;20.0;90.0;100.0
2018-10-05 07:00:00;45.14;0.27;40.0;0.0;160.0;20.0;98.0;122.0
2018-10-05 08:00:00;44.6;1.66;40.0;0.0;160.0;20.0;106.0;143.0
2018-10-05 09:00:00;44.17;3.03;50.0;0.0;170.0;30.0;114.0;165.0
2018-10-05 10:00:00;48.94;7.76;50.0;0.0;160.0;30.0;105.0;181.0
2018-10-05 11:00:00;43.38;17.65;60.0;0.0;150.0;30.0;109.0;193.0
2018-10-05 12:00:00;39.75;27.0;60.0;0.0;160.0;30.0;114.0;204.0
2018-10-05 13:00:00;39.72;35.58;60.0;0.0;160.0;30.0;115.0;208.0
2018-10-05 14:00:00;40.69;42.45;60.0;0.0;190.0;30.0;111.0;211.0
2018-10-05 15:00:00;45.97;36.8;50.0;0.0;180.0;30.0;109.0;203.0
2018-10-05 16:00:00;62.67;28.97;40.0;0.0;170.0;10.0;124.0;156.0
2018-10-05 17:00:00;73.6;18.63;20.0;0.0;0.0;0.0;107.0;120.0
2018-10-05 18:00:00;82.95;8.21;20.0;0.0;120.0;10.0;98.0;103.0
2018-10-05 19:00:00;83.46;2.43;10.0;0.0;110.0;10.0;90.0;94.0
2018-10-05 20:00:00;75.76;1.54;10.0;0.0;140.0;10.0;83.0;85.0
2018-10-05 21:00:00;70.96;0.59;20.0;0.0;130.0;10.0;83.0;83.0
2018-10-05 22:00:00;66.96;0.53;20.0;0.0;120.0;10.0;74.0;74.0
2018-10-05 23:00:00;65.57;0.27;20.0;0.0;150.0;10.0;74.0;77.0
2018-10-06 00:00:00;51.38;0.07;30.0;0.0;170.0;10.0;69.0;69.0
2018-10-06 01:00:00;50.9;-0.05;30.0;0.0;150.0;20.0;67.0;67.0
2018-10-06 02:00:00;50.12;-0.11;20.0;0.0;150.0;20.0;77.0;77.0
2018-10-06 03:00:00;46.75;-0.1;20.0;0.0;140.0;10.0;73.0;73.0
2018-10-06 04:00:00;48.21;-0.17;30.0;0.0;150.0;20.0;77.0;77.0
2018-10-06 05:00:00;44.51;-0.16;30.0;0.0;150.0;10.0;76.0;76.0
2018-10-06 06:00:00;46.56;-0.14;40.0;0.0;160.0;20.0;100.0;104.0
2018-10-06 07:00:00;44.35;1.32;40.0;0.0;170.0;20.0;106.0;130.0
2018-10-06 08:00:00;42.15;3.94;60.0;0.0;170.0;30.0;117.0;156.0
2018-10-06 09:00:00;41.94;9.88;50.0;0.0;190.0;30.0;121.0;174.0
2018-10-06 10:00:00;42.15;19.0;50.0;0.0;210.0;30.0;127.0;192.0
2018-10-06 11:00:00;39.33;29.54;60.0;0.0;240.0;30.0;128.0;197.0
2018-10-06 12:00:00;34.82;37.05;50.0;0.0;270.0;20.0;128.0;209.0
2018-10-06 13:00:00;43.02;41.04;30.0;0.0;310.0;10.0;126.0;207.0
2018-10-06 14:00:00;43.27;45.98;40.0;0.0;320.0;20.0;128.0;196.0
2018-10-06 15:00:00;35.09;49.63;40.0;0.0;330.0;20.0;122.0;187.0
2018-10-06 16:00:00;28.88;53.36;40.0;0.0;330.0;20.0;129.0;164.0
2018-10-06 17:00:00;49.26;33.12;50.0;0.0;330.0;20.0;127.0;156.0
2018-10-06 18:00:00;37.35;31.05;70.0;0.0;350.0;30.0;126.0;151.0
2018-10-06 19:00:00;33.91;29.81;60.0;0.0;350.0;30.0;131.0;144.0
2018-10-06 20:00:00;22.21;28.82;80.0;0.0;360.0;40.0;130.0;141.0
2018-10-06 21:00:00;11.21;38.42;90.0;0.0;360.0;50.0;123.0;136.0
2018-10-06 22:00:00;4.09;49.58;120.0;0.0;10.0;60.0;105.0;126.0
2018-10-06 23:00:00;1.86;56.63;130.0;0.0;10.0;60.0;97.0;118.0
2018-10-07 00:00:00;1.59;59.9;120.0;0.0;20.0;60.0;88.0;115.0
2018-10-07 01:00:00;1.08;60.21;110.0;0.0;20.0;50.0;86.0;112.0
2018-10-07 02:00:00;1.28;58.61;120.0;0.0;30.0;50.0;80.0;108.0
2018-10-07 03:00:00;0.98;57.16;90.0;0.0;20.0;40.0;76.0;103.0
2018-10-07 04:00:00;1.71;54.74;70.0;0.0;20.0;30.0;72.0;97.0
2018-10-07 05:00:00;2.14;52.45;50.0;0.0;10.0;20.0;69.0;88.0
2018-10-07 06:00:00;4.17;50.08;40.0;0.0;40.0;10.0;70.0;100.0
2018-10-07 07:00:00;5.23;47.48;40.0;0.0;50.0;20.0;69.0;116.0
2018-10-07 08:00:00;6.15;48.17;70.0;0.0;70.0;40.0;71.0;126.0
2018-10-07 09:00:00;2.96;55.85;90.0;0.0;40.0;40.0;64.0;134.0
2018-10-07 10:00:00;3.2;60.07;80.0;0.0;60.0;50.0;54.0;130.0
2018-10-07 11:00:00;3.52;59.96;80.0;0.0;40.0;40.0;72.0;151.0
2018-10-07 12:00:00;4.87;58.78;70.0;0.0;40.0;40.0;57.0;144.0
2018-10-07 13:00:00;3.73;61.83;70.0;0.0;10.0;30.0;62.0;144.0
2018-10-07 14:00:00;7.01;58.39;60.0;0.0;20.0;30.0;66.0;137.0
2018-10-07 15:00:00;6.42;58.55;50.0;0.0;50.0;20.0;70.0;134.0
2018-10-07 16:00:00;8.14;55.13;40.0;0.0;20.0;20.0;75.0;117.0
2018-10-07 17:00:00;13.05;47.43;30.0;0.0;0.0;10.0;70.0;79.0
2018-10-07 18:00:00;20.93;36.46;20.0;0.0;0.0;10.0;61.0;64.0
2018-10-07 19:00:00;49.23;9.65;10.0;0.0;0.0;0.0;53.0;56.0
2018-10-07 20:00:00;54.58;2.55;10.0;0.0;0.0;0.0;50.0;53.0
2018-10-07 21:00:00;52.64;3.82;10.0;0.0;0.0;0.0;43.0;46.0
2018-10-07 22:00:00;44.33;6.34;20.0;0.0;0.0;0.0;38.0;41.0
2018-10-07 23:00:00;39.94;4.52;10.0;0.0;0.0;10.0;35.0;38.0
2018-10-08 00:00:00;33.4;0.29;10.0;0.0;160.0;0.0;29.0;32.0
2018-10-08 01:00:00;34.07;0.24;10.0;0.0;150.0;10.0;28.0;31.0
2018-10-08 02:00:00;34.1;0.1;10.0;0.0;140.0;10.0;28.0;31.0
2018-10-08 03:00:00;26.2;0.13;20.0;0.0;150.0;10.0;33.0;33.0
2018-10-08 04:00:00;30.6;0.01;20.0;0.0;150.0;10.0;37.0;40.0
2018-10-08 05:00:00;46.54;-0.01;30.0;0.0;160.0;20.0;46.0;49.0
2018-10-08 06:00:00;57.58;-0.08;20.0;0.0;0.0;10.0;60.0;64.0
2018-10-08 07:00:00;70.64;0.1;40.0;0.0;200.0;10.0;79.0;101.0
2018-10-08 08:00:00;66.66;2.44;50.0;0.0;220.0;30.0;85.0;136.0
2018-10-08 09:00:00;50.54;16.58;70.0;0.0;210.0;30.0;83.0;143.0
2018-10-08 10:00:00;38.79;26.76;70.0;0.0;200.0;30.0;89.0;154.0
2018-10-08 11:00:00;39.61;30.78;70.0;0.0;230.0;40.0;89.0;157.0
2018-10-08 12:00:00;33.14;36.73;70.0;0.0;220.0;40.0;81.0;160.0
2018-10-08 13:00:00;28.72;41.87;70.0;0.0;230.0;40.0;79.0;160.0
2018-10-08 14:00:00;38.49;36.08;70.0;0.0;230.0;40.0;86.0;159.0
2018-10-08 15:00:00;34.75;33.7;60.0;0.0;250.0;30.0;93.0;152.0
2018-10-08 16:00:00;38.47;32.58;70.0;0.0;210.0;30.0;87.0;135.0
2018-10-08 17:00:00;43.63;23.37;50.0;0.0;240.0;20.0;85.0;101.0
2018-10-08 18:00:00;47.56;17.4;30.0;0.0;240.0;20.0;76.0;86.0
2018-10-08 19:00:00;50.97;11.91;30.0;0.0;190.0;20.0;71.0;77.0
2018-10-08 20:00:00;56.11;4.84;20.0;0.0;170.0;10.0;68.0;71.0
2018-10-08 21:00:00;53.22;6.82;20.0;0.0;180.0;10.0;64.0;67.0
2018-10-08 22:00:00;53.01;4.15;20.0;0.0;180.0;10.0;66.0;69.0
2018-10-08 23:00:00;43.32;8.69;30.0;0.0;210.0;10.0;59.0;62.0
2018-10-09 00:00:00;44.28;5.95;30.0;0.0;190.0;10.0;58.0;61.0
2018-10-09 01:00:00;29.97;17.2;30.0;0.0;170.0;20.0;67.0;70.0
2018-10-09 02:00:00;33.34;17.2;30.0;0.0;180.0;20.0;60.0;63.0
2018-10-09 03:00:00;39.65;3.79;30.0;0.0;160.0;20.0;68.0;71.0
2018-10-09 04:00:00;40.59;1.5;40.0;0.0;160.0;20.0;74.0;77.0
2018-10-09 05:00:00;49.67;-0.33;30.0;0.0;150.0;20.0;69.0;71.0
2018-10-09 06:00:00;58.93;-0.3;30.0;0.0;160.0;20.0;72.0;77.0
2018-10-09 07:00:00;65.36;-0.01;20.0;0.0;150.0;10.0;84.0;95.0
2018-10-09 08:00:00;69.68;0.33;40.0;0.0;200.0;20.0;98.0;133.0
2018-10-09 09:00:00;58.76;9.62;60.0;0.0;210.0;30.0;107.0;157.0
2018-10-09 10:00:00;47.22;24.17;50.0;0.0;200.0;30.0;104.0;162.0
2018-10-09 11:00:00;34.36;34.06;60.0;0.0;200.0;30.0;110.0;178.0
2018-10-09 12:00:00;36.2;34.12;50.0;0.0;200.0;30.0;92.0;179.0
2018-10-09 13:00:00;43.1;37.09;60.0;0.0;200.0;30.0;73.0;185.0
2018-10-09 14:00:00;48.3;37.47;50.0;0.0;190.0;20.0;78.0;179.0
2018-10-09 15:00:00;57.54;30.1;40.0;0.0;190.0;20.0;78.0;180.0
2018-10-09 16:00:00;63.91;24.83;40.0;0.0;170.0;20.0;98.0;130.0
2018-10-09 17:00:00;78.66;13.01;30.0;0.0;160.0;20.0;87.0;99.0
2018-10-09 18:00:00;82.02;6.05;30.0;0.0;160.0;20.0;80.0;84.0
2018-10-09 19:00:00;86.73;0.54;20.0;0.0;150.0;10.0;75.0;79.0
2018-10-09 20:00:00;82.31;0.48;20.0;0.0;150.0;10.0;71.0;73.0
2018-10-09 21:00:00;79.74;0.18;20.0;0.0;160.0;10.0;66.0;69.0
2018-10-09 22:00:00;74.35;0.1;30.0;0.0;160.0;20.0;64.0;67.0
2018-10-09 23:00:00;68.6;-0.14;20.0;0.0;140.0;10.0;64.0;68.0
2018-10-10 00:00:00;59.74;-0.04;10.0;0.0;110.0;10.0;56.0;59.0
2018-10-10 01:00:00;55.75;0.08;20.0;0.0;140.0;10.0;58.0;61.0
2018-10-10 02:00:00;50.35;0.08;20.0;0.0;120.0;10.0;58.0;59.0
2018-10-10 03:00:00;46.3;-0.21;20.0;0.0;90.0;10.0;56.0;59.0
2018-10-10 04:00:00;41.38;-0.32;20.0;0.0;110.0;10.0;54.0;57.0
2018-10-10 05:00:00;46.46;-0.29;20.0;0.0;80.0;10.0;47.0;50.0
2018-10-10 06:00:00;52.94;-0.25;20.0;0.0;100.0;10.0;79.0;86.0
2018-10-10 07:00:00;47.06;0.22;40.0;0.0;110.0;20.0;121.0;133.0
2018-10-10 08:00:00;53.51;0.65;50.0;0.0;100.0;30.0;129.0;172.0
2018-10-10 09:00:00;51.87;5.98;70.0;0.0;100.0;40.0;128.0;190.0
2018-10-10 10:00:00;49.59;18.73;70.0;0.0;100.0;40.0;127.0;213.0
2018-10-10 11:00:00;39.8;34.06;80.0;0.0;110.0;50.0;107.0;228.0
2018-10-10 12:00:00;29.45;56.09;100.0;0.0;110.0;50.0;110.0;231.0
2018-10-10 13:00:00;28.2;63.05;80.0;0.0;80.0;50.0;104.0;233.0
2018-10-10 14:00:00;28.79;64.31;80.0;0.0;80.0;50.0;111.0;230.0
2018-10-10 15:00:00;25.95;68.46;80.0;0.0;80.0;40.0;118.0;219.0
2018-10-10 16:00:00;28.7;65.22;50.0;0.0;70.0;30.0;115.0;191.0
2018-10-10 17:00:00;33.78;54.47;50.0;0.0;70.0;30.0;113.0;172.0
2018-10-10 18:00:00;29.16;50.24;60.0;0.0;90.0;40.0;111.0;171.0
2018-10-10 19:00:00;29.53;47.05;60.0;0.0;110.0;30.0;111.0;164.0
2018-10-10 20:00:00;37.03;40.71;60.0;0.0;110.0;30.0;112.0;152.0
2018-10-10 21:00:00;36.1;36.99;70.0;0.0;120.0;30.0;117.0;164.0
2018-10-10 22:00:00;31.16;37.16;90.0;0.0;130.0;50.0;120.0;169.0
2018-10-10 23:00:00;21.65;40.21;70.0;0.0;140.0;40.0;118.0;157.0
2018-10-11 00:00:00;24.24;32.57;50.0;0.0;130.0;30.0;116.0;148.0
2018-10-11 01:00:00;28.85;23.93;60.0;0.0;150.0;30.0;114.0;141.0
2018-10-11 02:00:00;28.25;22.54;50.0;0.0;150.0;30.0;113.0;137.0
2018-10-11 03:00:00;27.42;20.02;50.0;0.0;150.0;30.0;111.0;133.0
2018-10-11 04:00:00;31.52;15.48;50.0;0.0;130.0;30.0;112.0;137.0
2018-10-11 05:00:00;43.83;8.15;60.0;0.0;170.0;30.0;111.0;134.0
2018-10-11 06:00:00;53.24;2.72;60.0;0.0;160.0;30.0;115.0;143.0
2018-10-11 07:00:00;53.74;1.82;60.0;0.0;140.0;30.0;126.0;155.0
2018-10-11 08:00:00;49.87;2.43;60.0;0.0;160.0;30.0;126.0;170.0
2018-10-11 09:00:00;47.51;5.52;60.0;0.0;140.0;40.0;135.0;184.0
2018-10-11 10:00:00;41.35;11.08;70.0;0.0;140.0;40.0;138.0;186.0
2018-10-11 11:00:00;39.07;17.04;80.0;0.0;150.0;40.0;140.0;207.0
2018-10-11 12:00:00;31.97;27.14;90.0;0.0;140.0;50.0;135.0;218.0
2018-10-11 13:00:00;29.64;36.97;110.0;0.0;150.0;50.0;137.0;225.0
2018-10-11 14:00:00;34.37;40.46;100.0;0.0;160.0;50.0;131.0;228.0
2018-10-11 15:00:00;41.7;39.94;90.0;0.0;140.0;40.0;132.0;221.0
2018-10-11 16:00:00;46.72;35.95;60.0;0.0;130.0;30.0;132.0;199.0
2018-10-11 17:00:00;60.18;20.98;50.0;0.0;130.0;30.0;132.0;189.0
2018-10-11 18:00:00;66.19;12.78;60.0;0.0;140.0;30.0;129.0;185.0
2018-10-11 19:00:00;62.62;7.8;50.0;0.0;150.0;30.0;127.0;179.0
2018-10-11 20:00:00;51.31;11.87;50.0;0.0;140.0;30.0;124.0;171.0
2018-10-11 21:00:00;47.05;13.49;60.0;0.0;140.0;40.0;123.0;171.0
2018-10-11 22:00:00;37.37;19.02;80.0;0.0;150.0;40.0;124.0;173.0
2018-10-11 23:00:00;26.25;27.57;90.0;0.0;170.0;40.0;129.0;180.0
2018-10-12 00:00:00;21.34;31.75;60.0;5.0;170.0;30.0;139.0;169.0
2018-10-12 01:00:00;17.38;29.2;110.0;0.0;210.0;50.0;136.0;176.0
2018-10-12 02:00:00;11.96;37.97;90.0;0.0;200.0;50.0;139.0;162.0
2018-10-12 03:00:00;9.07;41.84;70.0;0.0;190.0;40.0;137.0;156.0
2018-10-12 04:00:00;15.97;31.21;70.0;0.0;190.0;40.0;136.0;149.0
2018-10-12 05:00:00;33.45;19.19;60.0;0.0;190.0;30.0;134.0;148.0
2018-10-12 06:00:00;45.06;10.4;60.0;0.0;180.0;30.0;133.0;153.0
2018-10-12 07:00:00;41.13;13.3;80.0;0.0;190.0;50.0;135.0;164.0
2018-10-12 08:00:00;36.91;17.85;90.0;0.0;190.0;50.0;139.0;181.0
2018-10-12 09:00:00;26.68;27.42;90.0;0.0;180.0;50.0;146.0;190.0
2018-10-12 10:00:00;24.1;29.6;90.0;0.0;190.0;60.0;141.0;204.0
2018-10-12 11:00:00;23.94;31.87;110.0;0.0;180.0;60.0;136.0;213.0
2018-10-12 12:00:00;22.75;37.63;110.0;0.0;180.0;60.0;130.0;221.0
2018-10-12 13:00:00;28.26;39.43;90.0;0.0;180.0;50.0;130.0;227.0
2018-10-12 14:00:00;30.74;40.11;90.0;0.0;160.0;40.0;145.0;227.0
2018-10-12 15:00:00;37.69;36.46;80.0;0.0;160.0;30.0;150.0;216.0
2018-10-12 16:00:00;42.71;30.95;70.0;0.0;170.0;40.0;152.0;211.0
2018-10-12 17:00:00;54.4;20.63;60.0;0.0;160.0;30.0;153.0;203.0
2018-10-12 18:00:00;48.75;20.39;60.0;0.0;160.0;30.0;155.0;199.0
2018-10-12 19:00:00;38.89;24.09;50.0;0.0;160.0;30.0;154.0;194.0
2018-10-12 20:00:00;30.41;29.64;60.0;0.0;170.0;30.0;152.0;197.0
2018-10-12 21:00:00;25.83;31.34;50.0;0.0;160.0;30.0;148.0;179.0
2018-10-12 22:00:00;30.94;25.76;40.0;0.0;150.0;30.0;146.0;173.0
2018-10-12 23:00:00;28.74;24.6;50.0;0.0;160.0;30.0;144.0;174.0
2018-10-13 00:00:00;25.19;25.01;50.0;0.0;160.0;30.0;142.0;174.0
2018-10-13 01:00:00;17.67;29.73;60.0;0.0;170.0;30.0;140.0;173.0
2018-10-13 02:00:00;14.4;29.73;50.0;0.0;170.0;30.0;137.0;164.0
2018-10-13 03:00:00;15.06;29.41;40.0;0.0;160.0;20.0;135.0;158.0
2018-10-13 04:00:00;16.44;26.43;60.0;0.0;160.0;30.0;136.0;161.0
2018-10-13 05:00:00;17.56;26.43;60.0;0.0;150.0;30.0;134.0;155.0
2018-10-13 06:00:00;21.77;22.9;60.0;0.0;150.0;30.0;137.0;164.0
2018-10-13 07:00:00;26.34;17.69;60.0;0.0;160.0;30.0;143.0;181.0
2018-10-13 08:00:00;31.59;17.24;70.0;0.0;150.0;40.0;149.0;200.0
2018-10-13 09:00:00;33.33;19.68;70.0;0.0;150.0;40.0;158.0;224.0
2018-10-13 10:00:00;31.1;27.65;80.0;0.0;150.0;40.0;159.0;241.0
2018-10-13 11:00:00;28.31;35.53;70.0;0.0;160.0;40.0;156.0;253.0
2018-10-13 12:00:00;29.17;42.04;80.0;0.0;160.0;50.0;157.0;259.0
2018-10-13 13:00:00;29.3;56.11;90.0;0.0;140.0;50.0;160.0;255.0
2018-10-13 14:00:00;28.01;61.47;70.0;0.0;150.0;40.0;150.0;252.0
2018-10-13 15:00:00;28.92;59.2;70.0;0.0;150.0;30.0;145.0;240.0
2018-10-13 16:00:00;47.58;46.35;50.0;0.0;150.0;20.0;144.0;220.0
2018-10-13 17:00:00;59.36;31.15;40.0;0.0;150.0;30.0;144.0;205.0
2018-10-13 18:00:00;60.88;23.96;40.0;0.0;150.0;20.0;139.0;198.0
2018-10-13 19:00:00;59.13;18.21;40.0;0.0;150.0;20.0;135.0;190.0
2018-10-13 20:00:00;50.89;18.38;50.0;0.0;150.0;30.0;124.0;188.0
2018-10-13 21:00:00;50.92;17.99;60.0;0.0;150.0;30.0;118.0;185.0
2018-10-13 22:00:00;37.84;27.62;60.0;0.0;150.0;40.0;117.0;181.0
2018-10-13 23:00:00;31.85;33.58;60.0;0.0;160.0;30.0;117.0;176.0
2018-10-14 00:00:00;26.63;34.08;40.0;0.0;150.0;30.0;117.0;164.0
2018-10-14 01:00:00;30.63;28.87;50.0;0.0;150.0;30.0;116.0;161.0
2018-10-14 02:00:00;22.7;34.83;60.0;0.0;150.0;30.0;115.0;157.0
2018-10-14 03:00:00;21.96;38.98;50.0;0.0;140.0;30.0;113.0;150.0
2018-10-14 04:00:00;20.22;38.73;40.0;0.0;150.0;20.0;110.0;143.0
2018-10-14 05:00:00;19.93;38.33;50.0;0.0;140.0;30.0;110.0;141.0
2018-10-14 06:00:00;21.28;35.64;50.0;0.0;140.0;30.0;114.0;151.0
2018-10-14 07:00:00;23.95;32.85;60.0;0.0;150.0;40.0;120.0;167.0
2018-10-14 08:00:00;27.88;30.92;70.0;0.0;150.0;40.0;125.0;185.0
2018-10-14 09:00:00;22.45;35.14;90.0;0.0;170.0;50.0;128.0;201.0
2018-10-14 10:00:00;22.43;41.69;110.0;0.0;170.0;50.0;128.0;217.0
2018-10-14 11:00:00;19.34;47.62;100.0;0.0;170.0;60.0;125.0;231.0
2018-10-14 12:00:00;18.03;55.97;120.0;0.0;180.0;60.0;112.0;238.0
2018-10-14 13:00:00;14.0;64.8;130.0;0.0;180.0;70.0;103.0;237.0
2018-10-14 14:00:00;16.5;67.99;110.0;0.0;180.0;50.0;105.0;237.0
2018-10-14 15:00:00;21.6;61.91;90.0;0.0;180.0;40.0;110.0;229.0
2018-10-14 16:00:00;25.01;58.62;50.0;0.0;160.0;20.0;116.0;196.0
2018-10-14 17:00:00;40.65;41.26;30.0;0.0;140.0;20.0;121.0;160.0
2018-10-14 18:00:00;54.97;26.58;20.0;0.0;160.0;20.0;122.0;144.0
2018-10-14 19:00:00;70.38;11.77;20.0;0.0;140.0;20.0;121.0;133.0
2018-10-14 20:00:00;63.55;12.13;30.0;0.0;150.0;20.0;118.0;129.0
2018-10-14 21:00:00;61.19;10.61;30.0;0.0;160.0;20.0;110.0;133.0
2018-10-14 22:00:00;50.7;15.42;30.0;0.0;140.0;20.0;106.0;127.0
2018-10-14 23:00:00;37.33;23.43;40.0;0.0;150.0;20.0;105.0;136.0
2018-10-15 00:00:00;30.17;28.7;40.0;0.0;150.0;20.0;102.0;140.0
2018-10-15 01:00:00;27.18;29.84;40.0;0.0;150.0;20.0;99.0;144.0
2018-10-15 02:00:00;25.58;31.1;30.0;0.0;140.0;20.0;97.0;126.0
2018-10-15 03:00:00;23.97;31.6;30.0;0.0;140.0;20.0;95.0;111.0
2018-10-15 04:00:00;23.02;30.3;40.0;0.0;150.0;20.0;93.0;117.0
2018-10-15 05:00:00;49.24;11.63;40.0;0.0;150.0;30.0;93.0;136.0
2018-10-15 06:00:00;67.55;2.44;40.0;0.0;150.0;30.0;97.0;150.0
2018-10-15 07:00:00;69.69;1.68;40.0;0.0;160.0;20.0;106.0;169.0
2018-10-15 08:00:00;60.26;9.29;50.0;0.0;180.0;30.0;110.0;189.0
2018-10-15 09:00:00;50.73;15.72;80.0;0.0;200.0;40.0;123.0;211.0
2018-10-15 10:00:00;39.76;31.97;90.0;0.0;200.0;50.0;129.0;222.0
2018-10-15 11:00:00;33.84;40.35;80.0;0.0;210.0;40.0;125.0;225.0
2018-10-15 12:00:00;29.28;47.83;80.0;0.0;190.0;40.0;124.0;223.0
2018-10-15 13:00:00;35.91;43.52;90.0;0.0;210.0;50.0;122.0;218.0
2018-10-15 14:00:00;36.67;46.0;60.0;0.0;210.0;20.0;132.0;216.0
2018-10-15 15:00:00;49.96;35.97;30.0;0.0;200.0;10.0;140.0;204.0
2018-10-15 16:00:00;73.06;17.42;20.0;0.0;190.0;10.0;144.0;171.0
2018-10-15 17:00:00;85.16;8.51;30.0;0.0;270.0;10.0;137.0;153.0
2018-10-15 18:00:00;87.74;2.04;40.0;0.0;320.0;20.0;136.0;147.0
2018-10-15 19:00:00;68.29;5.13;20.0;0.0;0.0;0.0;120.0;126.0
2018-10-15 20:00:00;70.03;1.99;10.0;0.0;0.0;0.0;116.0;119.0
2018-10-15 21:00:00;63.16;0.31;10.0;0.0;0.0;0.0;112.0;114.0
2018-10-15 22:00:00;51.27;0.25;10.0;0.0;0.0;0.0;112.0;115.0
2018-10-15 23:00:00;42.93;0.1;10.0;0.0;0.0;10.0;114.0;114.0
2018-10-16 00:00:00;42.4;0.19;10.0;0.0;130.0;0.0;103.0;103.0
2018-10-16 01:00:00;38.81;0.12;10.0;0.0;0.0;10.0;95.0;97.0
2018-10-16 02:00:00;31.38;-0.06;10.0;0.0;150.0;10.0;95.0;95.0
2018-10-16 03:00:00;28.88;-0.11;20.0;0.0;150.0;10.0;92.0;95.0
2018-10-16 04:00:00;25.93;-0.11;20.0;0.0;150.0;10.0;90.0;90.0
2018-10-16 05:00:00;38.32;-0.31;20.0;0.0;110.0;10.0;100.0;100.0
2018-10-16 06:00:00;47.21;-0.3;20.0;0.0;150.0;10.0;114.0;118.0
2018-10-16 07:00:00;61.3;-0.25;30.0;0.0;160.0;20.0;119.0;132.0
2018-10-16 08:00:00;58.67;0.15;40.0;0.0;160.0;20.0;120.0;163.0
2018-10-16 09:00:00;60.42;1.31;40.0;0.0;160.0;20.0;130.0;198.0
2018-10-16 10:00:00;64.9;6.63;40.0;0.0;180.0;20.0;126.0;217.0
2018-10-16 11:00:00;65.02;11.9;40.0;0.0;170.0;30.0;125.0;229.0
2018-10-16 12:00:00;60.16;19.89;40.0;0.0;190.0;20.0;113.0;238.0
2018-10-16 13:00:00;58.86;25.82;40.0;0.0;190.0;20.0;118.0;238.0
2018-10-16 14:00:00;63.27;27.29;40.0;0.0;150.0;20.0;128.0;227.0
2018-10-16 15:00:00;71.02;25.03;30.0;0.0;130.0;10.0;140.0;218.0
2018-10-16 16:00:00;85.02;13.78;20.0;0.0;100.0;10.0;137.0;161.0
2018-10-16 17:00:00;105.04;0.96;20.0;0.0;120.0;10.0;127.0;137.0
2018-10-16 18:00:00;107.45;0.1;30.0;0.0;130.0;20.0;119.0;123.0
2018-10-16 19:00:00;98.45;0.15;40.0;0.0;140.0;20.0;112.0;116.0
2018-10-16 20:00:00;82.35;3.17;40.0;0.0;140.0;20.0;109.0;124.0
2018-10-16 21:00:00;78.52;2.71;40.0;0.0;150.0;30.0;108.0;156.0
2018-10-16 22:00:00;70.47;5.17;40.0;0.0;150.0;20.0;105.0;153.0
2018-10-16 23:00:00;61.52;9.92;40.0;0.0;190.0;20.0;102.0;138.0
2018-10-17 00:00:00;52.6;13.88;30.0;0.0;0.0;10.0;97.0;108.0
2018-10-17 01:00:00;50.43;13.91;10.0;0.0;200.0;10.0;88.0;94.0
2018-10-17 02:00:00;55.42;13.91;20.0;0.0;150.0;10.0;92.0;94.0
2018-10-17 03:00:00;52.87;3.96;20.0;0.0;140.0;10.0;94.0;97.0
2018-10-17 04:00:00;53.9;-0.08;30.0;0.0;230.0;10.0;95.0;98.0
2018-10-17 05:00:00;64.27;-0.37;20.0;0.0;150.0;10.0;85.0;86.0
2018-10-17 06:00:00;65.99;-0.31;10.0;0.0;0.0;0.0;90.0;93.0
2018-10-17 07:00:00;75.07;-0.08;10.0;0.0;180.0;10.0;124.0;131.0
2018-10-17 08:00:00;66.35;0.86;40.0;0.0;300.0;10.0;130.0;167.0
2018-10-17 09:00:00;55.85;4.26;30.0;0.0;150.0;10.0;130.0;182.0
2018-10-17 10:00:00;47.89;12.87;40.0;0.0;280.0;20.0;129.0;194.0
2018-10-17 11:00:00;39.19;25.87;50.0;0.0;330.0;20.0;130.0;190.0
2018-10-17 12:00:00;37.63;28.37;40.0;0.0;320.0;20.0;134.0;198.0
2018-10-17 13:00:00;34.57;29.97;60.0;0.0;330.0;20.0;132.0;182.0
2018-10-17 14:00:00;38.7;26.1;50.0;0.0;330.0;30.0;125.0;176.0
2018-10-17 15:00:00;20.03;38.63;50.0;0.0;310.0;20.0;128.0;169.0
2018-10-17 16:00:00;24.92;36.91;40.0;0.0;320.0;20.0;121.0;157.0
2018-10-17 17:00:00;31.33;35.05;30.0;0.0;330.0;10.0;118.0;133.0
2018-10-17 18:00:00;43.16;24.69;30.0;0.0;330.0;20.0;112.0;124.0
2018-10-17 19:00:00;38.97;27.32;30.0;0.0;340.0;10.0;103.0;108.0
2018-10-17 20:00:00;36.29;29.22;20.0;0.0;330.0;10.0;96.0;98.0
2018-10-17 21:00:00;40.42;18.75;20.0;0.0;340.0;10.0;94.0;97.0
2018-10-17 22:00:00;27.94;24.64;20.0;0.0;330.0;10.0;85.0;88.0
2018-10-17 23:00:00;22.0;31.26;30.0;0.0;330.0;20.0;100.0;103.0
2018-10-18 00:00:00;21.55;30.76;30.0;0.0;340.0;10.0;84.0;87.0
2018-10-18 01:00:00;21.06;26.01;40.0;0.0;350.0;10.0;109.0;112.0
2018-10-18 02:00:00;16.15;29.1;30.0;0.0;330.0;10.0;111.0;114.0
2018-10-18 03:00:00;14.59;27.38;40.0;0.0;350.0;20.0;123.0;126.0
2018-10-18 04:00:00;9.23;30.05;40.0;0.0;350.0;20.0;122.0;129.0
2018-10-18 05:00:00;7.67;29.36;30.0;0.0;10.0;20.0;117.0;131.0
2018-10-18 06:00:00;15.85;26.95;30.0;0.0;20.0;20.0;112.0;125.0
2018-10-18 07:00:00;36.19;11.32;50.0;0.0;20.0;20.0;111.0;138.0
2018-10-18 08:00:00;24.34;22.03;80.0;0.0;30.0;40.0;109.0;146.0
2018-10-18 09:00:00;16.74;34.38;80.0;0.0;40.0;50.0;101.0;150.0
2018-10-18 10:00:00;7.52;46.12;80.0;0.0;20.0;50.0;91.0;150.0
2018-10-18 11:00:00;6.72;51.19;90.0;0.0;360.0;40.0;86.0;153.0
2018-10-18 12:00:00;6.07;54.73;80.0;0.0;20.0;40.0;77.0;149.0
2018-10-18 13:00:00;6.0;54.92;70.0;0.0;20.0;40.0;81.0;151.0
2018-10-18 14:00:00;7.23;53.32;70.0;0.0;40.0;30.0;82.0;150.0
2018-10-18 15:00:00;8.51;51.75;60.0;0.0;20.0;30.0;83.0;147.0
2018-10-18 16:00:00;11.04;47.96;50.0;0.0;360.0;20.0;83.0;131.0
2018-10-18 17:00:00;16.18;39.51;40.0;0.0;350.0;20.0;84.0;102.0
2018-10-18 18:00:00;18.65;38.0;40.0;0.0;40.0;20.0;84.0;111.0
2018-10-18 19:00:00;22.91;31.71;40.0;0.0;30.0;30.0;77.0;104.0
2018-10-18 20:00:00;29.89;19.95;30.0;0.0;50.0;20.0;69.0;83.0
2018-10-18 21:00:00;23.29;24.9;40.0;0.0;50.0;30.0;66.0;85.0
2018-10-18 22:00:00;18.41;29.98;40.0;0.0;50.0;20.0;64.0;81.0
2018-10-18 23:00:00;19.37;27.0;30.0;0.0;50.0;20.0;61.0;73.0
2018-10-19 00:00:00;16.42;27.73;30.0;0.0;40.0;20.0;54.0;58.0
2018-10-19 01:00:00;15.98;26.22;40.0;0.0;30.0;20.0;61.0;78.0
2018-10-19 02:00:00;13.61;28.01;50.0;0.0;50.0;30.0;57.0;72.0
2018-10-19 03:00:00;8.97;38.24;50.0;0.0;50.0;20.0;55.0;69.0
2018-10-19 04:00:00;9.45;41.92;70.0;0.0;40.0;40.0;56.0;74.0
2018-10-19 05:00:00;15.73;36.33;70.0;0.0;40.0;20.0;54.0;64.0
2018-10-19 06:00:00;35.02;19.76;40.0;0.0;30.0;20.0;59.0;69.0
2018-10-19 07:00:00;30.86;20.41;40.0;0.0;60.0;20.0;64.0;83.0
2018-10-19 08:00:00;29.93;19.75;40.0;0.0;60.0;20.0;73.0;103.0
2018-10-19 09:00:00;25.09;23.17;50.0;0.0;90.0;30.0;78.0;128.0
2018-10-19 10:00:00;24.53;26.85;50.0;0.0;90.0;30.0;73.0;140.0
2018-10-19 11:00:00;17.47;39.15;40.0;0.0;40.0;20.0;74.0;149.0
2018-10-19 12:00:00;13.92;45.79;40.0;0.0;40.0;20.0;75.0;153.0
2018-10-19 13:00:00;17.67;44.33;40.0;0.0;30.0;20.0;74.0;150.0
2018-10-19 14:00:00;14.36;45.33;40.0;0.0;20.0;20.0;74.0;149.0
2018-10-19 15:00:00;13.86;46.17;50.0;0.0;30.0;30.0;76.0;135.0
2018-10-19 16:00:00;15.58;42.84;40.0;0.0;330.0;20.0;77.0;114.0
2018-10-19 17:00:00;18.88;37.24;30.0;0.0;350.0;20.0;75.0;95.0
2018-10-19 18:00:00;24.67;29.85;30.0;0.0;0.0;10.0;59.0;67.0
2018-10-19 19:00:00;34.39;20.54;30.0;0.0;350.0;10.0;78.0;85.0
2018-10-19 20:00:00;42.11;13.16;20.0;0.0;0.0;10.0;59.0;64.0
2018-10-19 21:00:00;40.64;16.58;10.0;0.0;0.0;0.0;41.0;44.0
2018-10-19 22:00:00;46.4;7.16;10.0;0.0;0.0;0.0;32.0;34.0
2018-10-19 23:00:00;47.73;2.18;20.0;0.0;330.0;10.0;25.0;28.0
2018-10-20 00:00:00;39.98;1.49;30.0;0.0;0.0;10.0;20.0;22.0
2018-10-20 01:00:00;32.79;4.74;10.0;0.0;320.0;10.0;17.0;19.0
2018-10-20 02:00:00;33.58;1.25;10.0;0.0;0.0;0.0;20.0;21.0
2018-10-20 03:00:00;31.44;-0.03;10.0;0.0;0.0;0.0;16.0;18.0
2018-10-20 04:00:00;24.22;-0.05;10.0;0.0;0.0;0.0;20.0;20.0
2018-10-20 05:00:00;23.89;-0.18;10.0;0.0;0.0;0.0;20.0;22.0
2018-10-20 06:00:00;30.04;-0.09;10.0;0.0;0.0;10.0;37.0;38.0
2018-10-20 07:00:00;34.11;0.06;10.0;0.0;0.0;0.0;81.0;84.0
2018-10-20 08:00:00;45.56;0.4;30.0;0.0;200.0;10.0;86.0;118.0
2018-10-20 09:00:00;62.86;5.24;20.0;0.0;240.0;10.0;70.0;133.0
2018-10-20 10:00:00;55.68;18.07;30.0;0.0;240.0;20.0;73.0;145.0
2018-10-20 11:00:00;40.32;33.4;40.0;0.0;240.0;20.0;80.0;152.0
2018-10-20 12:00:00;27.34;47.64;40.0;0.0;280.0;20.0;82.0;149.0
2018-10-20 13:00:00;33.68;41.84;40.0;0.0;290.0;20.0;83.0;147.0
2018-10-20 14:00:00;35.73;41.88;30.0;0.0;320.0;20.0;90.0;147.0
2018-10-20 15:00:00;36.73;39.18;20.0;0.0;290.0;10.0;90.0;143.0
2018-10-20 16:00:00;40.5;33.74;20.0;0.0;320.0;10.0;99.0;123.0
2018-10-20 17:00:00;52.17;23.1;20.0;0.0;0.0;10.0;96.0;109.0
2018-10-20 18:00:00;73.79;3.58;20.0;0.0;0.0;10.0;92.0;99.0
2018-10-20 19:00:00;72.32;0.73;10.0;0.0;270.0;0.0;91.0;98.0
2018-10-20 20:00:00;73.47;0.39;10.0;0.0;230.0;10.0;76.0;79.0
2018-10-20 21:00:00;73.33;0.08;20.0;0.0;210.0;10.0;65.0;66.0
2018-10-20 22:00:00;66.05;0.16;10.0;0.0;160.0;10.0;61.0;61.0
2018-10-20 23:00:00;59.27;-0.09;20.0;0.0;190.0;10.0;61.0;62.0
2018-10-21 00:00:00;50.99;-0.05;20.0;0.0;180.0;10.0;69.0;72.0
2018-10-21 01:00:00;51.6;-0.22;20.0;0.0;190.0;10.0;62.0;63.0
2018-10-21 02:00:00;53.69;-0.22;30.0;0.0;150.0;20.0;77.0;80.0
2018-10-21 03:00:00;44.86;7.7;30.0;0.0;150.0;20.0;79.0;82.0
2018-10-21 04:00:00;48.3;2.07;20.0;0.0;180.0;10.0;84.0;85.0
2018-10-21 05:00:00;38.41;5.17;20.0;0.0;200.0;10.0;81.0;90.0
2018-10-21 06:00:00;36.84;5.3;30.0;0.0;200.0;20.0;77.0;96.0
2018-10-21 07:00:00;31.07;15.75;40.0;0.0;190.0;20.0;83.0;113.0
2018-10-21 08:00:00;29.02;22.92;40.0;0.0;180.0;20.0;82.0;116.0
2018-10-21 09:00:00;31.76;24.38;50.0;0.0;200.0;30.0;84.0;130.0
2018-10-21 10:00:00;27.21;31.49;60.0;0.0;200.0;30.0;81.0;142.0
2018-10-21 11:00:00;22.41;40.1;60.0;0.0;200.0;30.0;80.0;152.0
2018-10-21 12:00:00;26.6;45.24;50.0;0.0;210.0;30.0;82.0;158.0
2018-10-21 13:00:00;26.39;46.82;50.0;0.0;200.0;30.0;88.0;160.0
2018-10-21 14:00:00;24.75;48.16;50.0;0.0;200.0;30.0;87.0;158.0
2018-10-21 15:00:00;30.25;43.05;50.0;0.0;200.0;20.0;88.0;154.0
2018-10-21 16:00:00;35.59;38.57;40.0;0.0;210.0;20.0;93.0;148.0
2018-10-21 17:00:00;42.63;31.5;30.0;0.0;200.0;20.0;93.0;143.0
2018-10-21 18:00:00;39.76;29.83;30.0;0.0;220.0;10.0;103.0;127.0
2018-10-21 19:00:00;51.8;21.98;30.0;0.0;230.0;20.0;94.0;138.0
2018-10-21 20:00:00;46.91;22.32;20.0;0.0;210.0;10.0;101.0;131.0
2018-10-21 21:00:00;49.32;16.5;30.0;0.0;210.0;20.0;95.0;133.0
2018-10-21 22:00:00;48.49;13.62;30.0;0.0;220.0;10.0;97.0;126.0
2018-10-21 23:00:00;46.62;13.68;30.0;0.0;260.0;10.0;100.0;125.0
2018-10-22 00:00:00;43.13;11.79;30.0;0.0;300.0;10.0;111.0;130.0
2018-10-22 01:00:00;41.31;10.82;60.0;0.0;350.0;30.0;126.0;130.0
2018-10-22 02:00:00;24.91;20.39;80.0;0.0;360.0;30.0;121.0;133.0
2018-10-22 03:00:00;4.6;41.62;80.0;0.0;360.0;40.0;117.0;127.0
2018-10-22 04:00:00;1.61;51.16;60.0;0.0;350.0;30.0;112.0;126.0
2018-10-22 05:00:00;3.97;49.56;90.0;0.0;340.0;30.0;108.0;124.0
2018-10-22 06:00:00;8.89;44.82;80.0;2.0;340.0;30.0;110.0;118.0
2018-10-22 07:00:00;9.77;46.13;70.0;0.0;340.0;30.0;96.0;128.0
2018-10-22 08:00:00;9.59;42.02;60.0;0.0;350.0;30.0;85.0;139.0
2018-10-22 09:00:00;8.94;41.79;80.0;0.0;350.0;40.0;74.0;147.0
2018-10-22 10:00:00;5.7;48.66;80.0;0.0;340.0;40.0;79.0;142.0
2018-10-22 11:00:00;4.74;52.76;70.0;0.0;360.0;40.0;92.0;137.0
2018-10-22 12:00:00;5.39;52.54;80.0;0.0;350.0;40.0;72.0;149.0
2018-10-22 13:00:00;5.34;58.04;80.0;0.0;360.0;50.0;56.0;144.0
2018-10-22 14:00:00;3.76;64.24;90.0;0.0;350.0;40.0;44.0;129.0
2018-10-22 15:00:00;5.61;63.31;60.0;0.0;350.0;30.0;47.0;121.0
2018-10-22 16:00:00;8.19;57.55;50.0;0.0;320.0;20.0;52.0;85.0
2018-10-22 17:00:00;15.18;46.68;30.0;0.0;310.0;10.0;46.0;59.0
2018-10-22 18:00:00;28.77;36.05;20.0;0.0;280.0;10.0;36.0;41.0
2018-10-22 19:00:00;54.44;14.24;20.0;0.0;220.0;10.0;44.0;47.0
2018-10-22 20:00:00;68.91;1.62;30.0;0.0;240.0;20.0;36.0;40.0
2018-10-22 21:00:00;69.92;1.07;30.0;0.0;230.0;20.0;32.0;36.0
2018-10-22 22:00:00;58.25;7.42;40.0;0.0;240.0;30.0;45.0;70.0
2018-10-22 23:00:00;44.81;14.73;60.0;0.0;230.0;30.0;46.0;79.0
2018-10-23 00:00:00;33.81;21.51;70.0;0.0;230.0;30.0;48.0;91.0
2018-10-23 01:00:00;30.37;25.76;70.0;0.0;240.0;40.0;50.0;94.0
2018-10-23 02:00:00;31.15;23.6;80.0;0.0;240.0;40.0;59.0;96.0
2018-10-23 03:00:00;17.4;30.78;70.0;0.0;250.0;30.0;71.0;106.0
2018-10-23 04:00:00;20.49;27.81;100.0;0.0;260.0;40.0;80.0;114.0
2018-10-23 05:00:00;28.33;30.68;90.0;0.0;270.0;40.0;78.0;115.0
2018-10-23 06:00:00;32.14;25.98;80.0;0.0;260.0;40.0;80.0;118.0
2018-10-23 07:00:00;39.02;22.48;90.0;0.0;270.0;50.0;82.0;121.0
2018-10-23 08:00:00;30.13;28.92;90.0;0.0;260.0;50.0;88.0;125.0
2018-10-23 09:00:00;27.15;28.91;110.0;0.0;270.0;50.0;92.0;130.0
2018-10-23 10:00:00;20.47;32.91;120.0;0.0;280.0;60.0;95.0;132.0
2018-10-23 11:00:00;19.99;35.32;120.0;0.0;280.0;60.0;92.0;134.0
2018-10-23 12:00:00;19.7;35.51;120.0;0.0;280.0;60.0;93.0;133.0
2018-10-23 13:00:00;23.56;35.64;110.0;0.0;280.0;60.0;94.0;135.0
2018-10-23 14:00:00;27.72;34.1;120.0;0.0;290.0;50.0;96.0;136.0
2018-10-23 15:00:00;27.9;36.35;110.0;0.0;300.0;50.0;96.0;138.0
2018-10-23 16:00:00;23.9;38.57;100.0;0.0;290.0;40.0;99.0;139.0
2018-10-23 17:00:00;24.97;38.75;80.0;0.0;280.0;40.0;105.0;141.0
2018-10-23 18:00:00;24.08;38.27;90.0;0.0;280.0;40.0;110.0;145.0
2018-10-23 19:00:00;18.48;39.35;100.0;0.0;280.0;40.0;114.0;146.0
2018-10-23 20:00:00;16.8;39.33;90.0;0.0;280.0;40.0;114.0;144.0
2018-10-23 21:00:00;14.91;38.75;100.0;0.0;280.0;50.0;116.0;145.0
2018-10-23 22:00:00;10.87;38.8;120.0;0.0;290.0;50.0;115.0;144.0
2018-10-23 23:00:00;8.55;39.04;100.0;0.0;290.0;50.0;117.0;145.0
2018-10-24 00:00:00;7.96;39.5;100.0;0.0;290.0;50.0;118.0;147.0
2018-10-24 01:00:00;6.88;38.51;100.0;0.0;300.0;50.0;121.0;150.0
2018-10-24 02:00:00;6.65;37.69;110.0;0.0;310.0;50.0;127.0;146.0
2018-10-24 03:00:00;5.23;38.14;100.0;0.0;300.0;50.0;126.0;145.0
2018-10-24 04:00:00;5.21;37.69;110.0;0.0;320.0;50.0;127.0;145.0
2018-10-24 05:00:00;11.4;34.49;110.0;0.0;310.0;40.0;133.0;139.0
2018-10-24 06:00:00;17.5;28.23;90.0;0.0;310.0;40.0;129.0;138.0
2018-10-24 07:00:00;22.32;27.69;80.0;0.0;310.0;40.0;123.0;142.0
2018-10-24 08:00:00;22.72;27.83;90.0;0.0;330.0;40.0;129.0;142.0
2018-10-24 09:00:00;17.29;31.74;80.0;0.0;320.0;40.0;123.0;143.0
2018-10-24 10:00:00;14.95;34.79;110.0;0.0;320.0;60.0;113.0;153.0
2018-10-24 11:00:00;13.54;39.9;110.0;0.0;320.0;50.0;113.0;154.0
2018-10-24 12:00:00;14.57;41.62;100.0;0.0;320.0;40.0;115.0;157.0
2018-10-24 13:00:00;16.47;38.1;70.0;0.0;300.0;30.0;113.0;152.0
2018-10-24 14:00:00;25.63;32.55;70.0;0.0;300.0;30.0;112.0;144.0
2018-10-24 15:00:00;25.49;33.89;70.0;0.0;300.0;30.0;124.0;132.0
2018-10-24 16:00:00;26.89;28.91;70.0;0.0;310.0;30.0;122.0;129.0
2018-10-24 17:00:00;33.81;22.67;40.0;0.0;250.0;10.0;120.0;125.0
2018-10-24 18:00:00;44.69;10.85;40.0;0.0;250.0;20.0;125.0;128.0
2018-10-24 19:00:00;33.39;19.7;60.0;5.0;260.0;30.0;125.0;129.0
2018-10-24 20:00:00;19.2;30.12;50.0;4.0;250.0;30.0;124.0;128.0
2018-10-24 21:00:00;19.49;29.16;60.0;1.0;250.0;20.0;123.0;128.0
2018-10-24 22:00:00;21.58;24.99;60.0;0.0;230.0;20.0;124.0;128.0
2018-10-24 23:00:00;18.81;24.11;70.0;0.0;240.0;30.0;119.0;126.0
2018-10-25 00:00:00;17.47;20.43;60.0;0.0;270.0;30.0;108.0;129.0
2018-10-25 01:00:00;18.78;20.17;80.0;0.0;260.0;30.0;99.0;124.0
2018-10-25 02:00:00;12.75;20.17;50.0;0.0;260.0;20.0;96.0;116.0
2018-10-25 03:00:00;14.31;29.51;50.0;0.0;260.0;20.0;89.0;120.0
2018-10-25 04:00:00;18.49;30.02;50.0;0.0;240.0;30.0;86.0;121.0
2018-10-25 05:00:00;28.25;31.87;60.0;0.0;260.0;30.0;89.0;117.0
2018-10-25 06:00:00;60.65;7.24;50.0;0.0;270.0;20.0;91.0;120.0
2018-10-25 07:00:00;62.03;6.5;50.0;0.0;250.0;20.0;87.0;126.0
2018-10-25 08:00:00;51.66;15.67;50.0;0.0;270.0;20.0;88.0;130.0
2018-10-25 09:00:00;48.87;20.44;50.0;0.0;280.0;20.0;86.0;132.0
2018-10-25 10:00:00;45.97;20.7;60.0;0.0;280.0;30.0;92.0;134.0
2018-10-25 11:00:00;34.59;31.95;70.0;0.0;270.0;30.0;98.0;127.0
2018-10-25 12:00:00;27.93;35.79;60.0;0.0;260.0;30.0;95.0;132.0
2018-10-25 13:00:00;34.88;31.53;70.0;0.0;270.0;40.0;100.0;127.0
2018-10-25 14:00:00;34.06;32.88;80.0;0.0;260.0;30.0;101.0;123.0
2018-10-25 15:00:00;32.63;34.41;60.0;4.0;250.0;30.0;110.0;117.0
2018-10-25 16:00:00;33.96;30.05;60.0;0.0;250.0;20.0;111.0;117.0
2018-10-25 17:00:00;39.31;23.7;50.0;0.0;240.0;30.0;109.0;114.0
2018-10-25 18:00:00;38.42;20.09;60.0;1.0;240.0;30.0;109.0;113.0
2018-10-25 19:00:00;31.4;20.52;50.0;0.0;240.0;30.0;107.0;113.0
2018-10-25 20:00:00;31.64;20.1;60.0;0.0;230.0;30.0;106.0;112.0
2018-10-25 21:00:00;28.44;23.32;50.0;0.0;230.0;30.0;106.0;111.0
2018-10-25 22:00:00;25.9;21.65;60.0;0.0;220.0;30.0;104.0;111.0
2018-10-25 23:00:00;21.98;21.27;60.0;0.0;220.0;30.0;104.0;111.0
2018-10-26 00:00:00;17.6;24.08;60.0;0.0;220.0;40.0;101.0;110.0
2018-10-26 01:00:00;14.4;25.16;60.0;0.0;210.0;30.0;100.0;110.0
2018-10-26 02:00:00;17.25;21.4;70.0;0.0;210.0;40.0;96.0;109.0
2018-10-26 03:00:00;17.36;21.88;90.0;0.0;220.0;50.0;96.0;108.0
2018-10-26 04:00:00;17.12;22.91;100.0;0.0;200.0;50.0;92.0;106.0
2018-10-26 05:00:00;24.29;20.95;100.0;0.0;220.0;50.0;88.0;105.0
2018-10-26 06:00:00;35.92;14.0;100.0;0.0;210.0;50.0;87.0;102.0
2018-10-26 07:00:00;38.14;9.69;90.0;0.0;220.0;50.0;86.0;104.0
2018-10-26 08:00:00;39.08;8.98;80.0;0.0;220.0;50.0;88.0;106.0
2018-10-26 09:00:00;38.66;9.24;80.0;0.0;220.0;50.0;87.0;110.0
2018-10-26 10:00:00;37.9;10.55;80.0;0.0;220.0;50.0;83.0;116.0
2018-10-26 11:00:00;35.43;14.85;100.0;7.0;220.0;50.0;96.0;107.0
2018-10-26 12:00:00;37.27;17.61;110.0;6.0;280.0;40.0;92.0;97.0
2018-10-26 13:00:00;32.71;33.94;50.0;5.0;270.0;20.0;94.0;104.0
2018-10-26 14:00:00;50.0;22.01;80.0;0.0;270.0;30.0;59.0;103.0
2018-10-26 15:00:00;34.72;37.12;80.0;0.0;270.0;40.0;50.0;101.0
2018-10-26 16:00:00;36.55;34.66;80.0;0.0;260.0;40.0;47.0;98.0
2018-10-26 17:00:00;31.95;40.69;100.0;0.0;280.0;40.0;45.0;86.0
2018-10-26 18:00:00;21.77;47.5;90.0;2.0;270.0;30.0;52.0;79.0
2018-10-26 19:00:00;23.7;44.5;90.0;3.0;260.0;40.0;49.0;69.0
2018-10-26 20:00:00;20.67;50.84;80.0;1.0;230.0;20.0;46.0;61.0
2018-10-26 21:00:00;24.22;45.71;50.0;4.0;240.0;20.0;51.0;65.0
2018-10-26 22:00:00;19.3;48.71;70.0;6.0;260.0;30.0;52.0;70.0
2018-10-26 23:00:00;16.6;49.73;60.0;2.0;340.0;20.0;56.0;62.0
2018-10-27 00:00:00;16.69;46.65;30.0;3.0;230.0;10.0;56.0;63.0
2018-10-27 01:00:00;15.7;40.85;40.0;6.0;240.0;20.0;52.0;62.0
2018-10-27 02:00:00;12.74;45.96;40.0;8.0;230.0;20.0;53.0;63.0
2018-10-27 03:00:00;9.54;48.22;70.0;2.0;250.0;20.0;48.0;58.0
2018-10-27 04:00:00;12.45;46.77;30.0;0.0;270.0;20.0;45.0;52.0
2018-10-27 05:00:00;20.0;40.14;40.0;0.0;240.0;20.0;48.0;56.0
2018-10-27 06:00:00;29.74;25.72;40.0;0.0;230.0;20.0;58.0;65.0
2018-10-27 07:00:00;49.12;11.25;40.0;0.0;270.0;20.0;52.0;75.0
2018-10-27 08:00:00;42.53;25.42;40.0;0.0;270.0;20.0;50.0;84.0
2018-10-27 09:00:00;38.22;29.87;50.0;0.0;260.0;20.0;52.0;91.0
2018-10-27 10:00:00;27.16;39.36;60.0;0.0;300.0;30.0;50.0;98.0
2018-10-27 11:00:00;18.93;46.0;50.0;0.0;310.0;30.0;38.0;107.0
2018-10-27 12:00:00;18.55;45.45;50.0;0.0;310.0;30.0;41.0;106.0
2018-10-27 13:00:00;17.93;47.66;60.0;0.0;330.0;30.0;41.0;103.0
2018-10-27 14:00:00;16.07;47.91;50.0;0.0;360.0;30.0;36.0;97.0
2018-10-27 15:00:00;12.57;51.08;40.0;0.0;350.0;20.0;40.0;84.0
2018-10-27 16:00:00;13.55;46.47;30.0;0.0;360.0;20.0;39.0;53.0
2018-10-27 17:00:00;21.42;36.65;40.0;0.0;40.0;20.0;38.0;56.0
2018-10-27 18:00:00;34.16;24.06;40.0;0.0;40.0;20.0;35.0;48.0
2018-10-27 19:00:00;29.92;21.32;50.0;0.0;50.0;30.0;36.0;51.0
2018-10-27 20:00:00;29.48;15.52;70.0;0.0;50.0;40.0;36.0;48.0
2018-10-27 21:00:00;23.98;16.02;80.0;0.0;50.0;40.0;33.0;58.0
2018-10-27 22:00:00;12.9;27.52;70.0;0.0;60.0;40.0;30.0;62.0
2018-10-27 23:00:00;9.46;33.57;80.0;0.0;60.0;40.0;17.0;55.0
2018-10-28 00:00:00;7.14;38.16;60.0;0.0;50.0;40.0;14.0;42.0
2018-10-28 01:00:00;7.04;35.48;70.0;0.0;50.0;40.0;10.0;34.0
2018-10-28 02:00:00;7.15;31.9;60.0;0.0;40.0;30.0;8.0;26.0
2018-10-28 03:00:00;7.41;31.7;60.0;0.0;30.0;40.0;4.0;23.0
2018-10-28 04:00:00;7.48;33.34;70.0;0.0;50.0;40.0;-5.0;23.0
2018-10-28 05:00:00;6.91;37.38;50.0;0.0;40.0;30.0;-8.0;15.0
2018-10-28 06:00:00;8.91;36.13;50.0;0.0;30.0;30.0;-7.0;12.0
2018-10-28 07:00:00;9.33;33.31;50.0;0.0;50.0;30.0;-5.0;27.0
2018-10-28 08:00:00;9.08;34.74;70.0;0.0;70.0;30.0;-4.0;53.0
2018-10-28 09:00:00;8.79;39.81;120.0;0.0;60.0;60.0;-14.0;65.0
2018-10-28 10:00:00;7.22;46.64;110.0;0.0;40.0;60.0;-11.0;71.0
2018-10-28 11:00:00;5.72;50.44;100.0;0.0;40.0;60.0;-15.0;71.0
2018-10-28 12:00:00;5.58;51.35;110.0;0.0;60.0;60.0;-15.0;74.0
2018-10-28 13:00:00;6.1;49.66;100.0;0.0;50.0;60.0;-7.0;71.0
2018-10-28 14:00:00;6.0;49.22;100.0;0.0;40.0;60.0;-9.0;66.0
2018-10-28 15:00:00;6.89;47.31;80.0;0.0;30.0;40.0;-6.0;58.0
2018-10-28 16:00:00;9.78;45.16;70.0;0.0;30.0;30.0;-1.0;46.0
2018-10-28 17:00:00;15.84;36.29;50.0;0.0;30.0;30.0;0.0;39.0
2018-10-28 18:00:00;21.57;27.82;60.0;0.0;30.0;30.0;1.0;32.0
2018-10-28 19:00:00;19.48;26.89;50.0;0.0;40.0;30.0;0.0;24.0
2018-10-28 20:00:00;17.29;28.4;60.0;0.0;40.0;30.0;-1.0;26.0
2018-10-28 21:00:00;17.61;26.0;70.0;0.0;30.0;40.0;-3.0;23.0
2018-10-28 22:00:00;14.31;28.95;60.0;0.0;30.0;30.0;-4.0;20.0
2018-10-28 23:00:00;12.6;28.95;60.0;0.0;30.0;30.0;-6.0;23.0
2018-10-29 00:00:00;8.01;31.59;60.0;0.0;30.0;30.0;-2.0;23.0
2018-10-29 01:00:00;7.75;31.41;70.0;0.0;30.0;40.0;-1.0;21.0
2018-10-29 02:00:00;7.22;31.41;80.0;0.0;50.0;50.0;4.0;25.0
2018-10-29 03:00:00;5.63;34.65;80.0;0.0;50.0;50.0;7.0;27.0
2018-10-29 04:00:00;6.08;35.54;80.0;0.0;50.0;50.0;12.0;27.0
2018-10-29 05:00:00;7.74;34.56;70.0;0.0;40.0;40.0;14.0;28.0
2018-10-29 06:00:00;12.04;30.11;90.0;0.0;50.0;50.0;20.0;35.0
2018-10-29 07:00:00;18.1;22.92;80.0;0.0;60.0;40.0;22.0;38.0
2018-10-29 08:00:00;15.55;24.92;70.0;0.0;40.0;30.0;25.0;44.0
2018-10-29 09:00:00;18.64;22.37;80.0;0.0;50.0;40.0;28.0;50.0
2018-10-29 10:00:00;15.54;23.55;80.0;0.0;50.0;40.0;26.0;54.0
2018-10-29 11:00:00;13.8;24.64;80.0;0.0;60.0;40.0;23.0;55.0
2018-10-29 12:00:00;14.01;26.34;60.0;0.0;70.0;30.0;23.0;58.0
2018-10-29 13:00:00;15.03;27.01;80.0;0.0;50.0;40.0;26.0;58.0
2018-10-29 14:00:00;18.67;22.47;80.0;0.0;40.0;40.0;27.0;58.0
2018-10-29 15:00:00;17.47;22.51;70.0;0.0;40.0;40.0;25.0;57.0
2018-10-29 16:00:00;20.86;19.64;80.0;0.0;40.0;40.0;25.0;55.0
2018-10-29 17:00:00;18.75;20.81;80.0;0.0;50.0;50.0;26.0;51.0
2018-10-29 18:00:00;15.3;23.41;100.0;0.0;40.0;50.0;27.0;49.0
2018-10-29 19:00:00;11.96;26.84;110.0;0.0;40.0;50.0;28.0;48.0
2018-10-29 20:00:00;10.64;26.35;80.0;0.0;40.0;40.0;26.0;48.0
2018-10-29 21:00:00;9.93;26.74;100.0;0.0;40.0;50.0;26.0;47.0
2018-10-29 22:00:00;9.17;26.66;100.0;0.0;40.0;50.0;28.0;46.0
2018-10-29 23:00:00;8.5;26.21;120.0;0.0;40.0;60.0;31.0;44.0
2018-10-30 00:00:00;7.59;25.44;110.0;10.0;40.0;50.0;33.0;42.0
2018-10-30 01:00:00;6.75;22.82;100.0;8.0;30.0;50.0;33.0;43.0
2018-10-30 02:00:00;6.45;20.07;120.0;7.0;50.0;60.0;35.0;43.0
2018-10-30 03:00:00;6.3;18.39;90.0;10.0;10.0;30.0;38.0;42.0
2018-10-30 04:00:00;6.59;16.69;70.0;6.0;50.0;40.0;37.0;43.0
2018-10-30 05:00:00;8.81;13.75;70.0;5.0;40.0;40.0;39.0;43.0
2018-10-30 06:00:00;12.52;10.08;50.0;10.0;70.0;20.0;39.0;43.0
2018-10-30 07:00:00;20.49;3.35;50.0;8.0;110.0;30.0;40.0;45.0
2018-10-30 08:00:00;24.19;0.55;50.0;0.0;150.0;30.0;45.0;49.0
2018-10-30 09:00:00;26.22;0.19;80.0;0.0;180.0;40.0;42.0;53.0
2018-10-30 10:00:00;22.71;0.92;80.0;0.0;180.0;40.0;41.0;58.0
2018-10-30 11:00:00;28.12;0.88;100.0;0.0;180.0;50.0;37.0;55.0
2018-10-30 12:00:00;26.04;2.0;100.0;0.0;180.0;60.0;31.0;51.0
2018-10-30 13:00:00;27.82;2.83;100.0;0.0;180.0;60.0;22.0;48.0
2018-10-30 14:00:00;28.73;1.9;100.0;0.0;170.0;50.0;21.0;49.0
2018-10-30 15:00:00;32.6;2.55;80.0;0.0;170.0;40.0;25.0;42.0
2018-10-30 16:00:00;31.65;2.71;70.0;8.0;170.0;30.0;28.0;38.0
2018-10-30 17:00:00;34.25;0.62;60.0;10.0;190.0;30.0;36.0;40.0
2018-10-30 18:00:00;36.46;-0.1;120.0;10.0;250.0;50.0;77.0;86.0
2018-10-30 19:00:00;30.07;4.93;120.0;10.0;240.0;60.0;81.0;90.0
2018-10-30 20:00:00;15.19;20.75;130.0;10.0;240.0;60.0;78.0;92.0
2018-10-30 21:00:00;14.73;27.18;120.0;1.0;240.0;60.0;73.0;93.0
2018-10-30 22:00:00;14.94;28.79;110.0;5.0;230.0;60.0;71.0;89.0
2018-10-30 23:00:00;13.92;28.34;100.0;0.0;220.0;50.0;68.0;84.0
2018-10-31 00:00:00;16.2;25.58;120.0;0.0;210.0;60.0;69.0;80.0
2018-10-31 01:00:00;12.15;28.76;100.0;1.0;210.0;50.0;65.0;79.0
2018-10-31 02:00:00;18.03;16.75;90.0;4.0;220.0;50.0;62.0;74.0
2018-10-31 03:00:00;15.6;19.05;80.0;2.0;210.0;40.0;59.0;69.0
2018-10-31 04:00:00;16.89;21.25;80.0;5.0;200.0;40.0;53.0;64.0
2018-10-31 05:00:00;21.69;17.38;70.0;0.0;180.0;30.0;42.0;53.0
2018-10-31 06:00:00;37.63;8.37;60.0;0.0;170.0;30.0;33.0;48.0
2018-10-31 07:00:00;49.05;2.07;50.0;0.0;160.0;30.0;34.0;50.0
2018-10-31 08:00:00;56.21;2.1;60.0;0.0;170.0;30.0;41.0;64.0
2018-10-31 09:00:00;51.14;3.83;60.0;0.0;170.0;30.0;42.0;75.0
2018-10-31 10:00:00;42.54;7.18;60.0;0.0;160.0;40.0;50.0;94.0
2018-10-31 11:00:00;38.52;10.93;60.0;0.0;140.0;30.0;45.0;107.0
2018-10-31 12:00:00;38.74;15.93;70.0;0.0;130.0;30.0;49.0;113.0
2018-10-31 13:00:00;36.54;20.41;80.0;0.0;140.0;50.0;42.0;107.0
2018-10-31 14:00:00;33.91;23.4;70.0;0.0;110.0;40.0;48.0;106.0
2018-10-31 15:00:00;44.48;18.12;70.0;0.0;130.0;40.0;52.0;99.0
2018-10-31 16:00:00;49.33;10.34;70.0;0.0;130.0;40.0;53.0;95.0
2018-10-31 17:00:00;55.31;3.64;80.0;0.0;130.0;40.0;57.0;94.0
2018-10-31 18:00:00;54.39;1.1;60.0;0.0;140.0;30.0;60.0;93.0
2018-10-31 19:00:00;48.65;1.36;50.0;0.0;140.0;30.0;63.0;95.0
2018-10-31 20:00:00;47.25;0.94;70.0;0.0;140.0;30.0;61.0;94.0
2018-10-31 21:00:00;48.8;0.07;70.0;0.0;130.0;30.0;61.0;94.0
2018-10-31 22:00:00;50.92;0.08;60.0;0.0;120.0;30.0;61.0;95.0
2018-10-31 23:00:00;46.62;0.82;50.0;0.0;130.0;30.0;60.0;98.0
2018-11-01 00:00:00;46.9;1.1;60.0;0.0;130.0;30.0;56.0;99.0
2018-11-01 01:00:00;47.54;0.01;70.0;0.0;130.0;30.0;53.0;100.0
2018-11-01 02:00:00;43.91;1.29;90.0;0.0;130.0;40.0;51.0;101.0
2018-11-01 03:00:00;31.21;9.19;80.0;0.0;140.0;50.0;51.0;97.0
2018-11-01 04:00:00;28.18;11.3;80.0;0.0;140.0;40.0;51.0;90.0
2018-11-01 05:00:00;28.69;9.02;70.0;0.0;140.0;40.0;49.0;86.0
2018-11-01 06:00:00;42.85;3.04;60.0;0.0;140.0;40.0;50.0;87.0
2018-11-01 07:00:00;52.85;0.52;60.0;0.0;140.0;30.0;55.0;94.0
2018-11-01 08:00:00;50.63;0.81;60.0;0.0;140.0;30.0;60.0;107.0
2018-11-01 09:00:00;48.79;2.77;70.0;0.0;150.0;30.0;66.0;116.0
2018-11-01 10:00:00;41.82;6.49;60.0;0.0;170.0;30.0;73.0;128.0
2018-11-01 11:00:00;43.08;8.51;60.0;0.0;160.0;30.0;67.0;131.0
2018-11-01 12:00:00;40.35;16.78;50.0;0.0;150.0;30.0;75.0;124.0
2018-11-01 13:00:00;42.42;13.27;60.0;6.0;140.0;30.0;85.0;114.0
2018-11-01 14:00:00;52.4;6.98;50.0;7.0;150.0;30.0;88.0;109.0
2018-11-01 15:00:00;53.88;1.11;60.0;10.0;150.0;30.0;93.0;103.0
2018-11-01 16:00:00;54.52;1.66;70.0;10.0;150.0;40.0;94.0;101.0
2018-11-01 17:00:00;48.61;7.76;70.0;10.0;160.0;30.0;95.0;100.0
2018-11-01 18:00:00;50.8;8.01;60.0;10.0;150.0;30.0;94.0;99.0
2018-11-01 19:00:00;43.68;7.65;60.0;0.0;160.0;30.0;94.0;101.0
2018-11-01 20:00:00;40.17;9.56;60.0;0.0;180.0;30.0;93.0;103.0
2018-11-01 21:00:00;29.64;13.03;70.0;7.0;180.0;40.0;96.0;101.0
2018-11-01 22:00:00;29.89;12.57;60.0;4.0;190.0;40.0;97.0;103.0
2018-11-01 23:00:00;34.55;9.74;70.0;0.0;190.0;40.0;97.0;106.0
2018-11-02 00:00:00;20.36;17.38;80.0;0.0;200.0;40.0;94.0;105.0
2018-11-02 01:00:00;16.43;19.6;80.0;9.0;270.0;40.0;91.0;99.0
2018-11-02 02:00:00;9.58;19.6;70.0;0.0;260.0;40.0;87.0;96.0
2018-11-02 03:00:00;8.68;51.11;70.0;7.0;250.0;30.0;83.0;91.0
2018-11-02 04:00:00;8.85;48.2;80.0;4.0;260.0;30.0;77.0;87.0
2018-11-02 05:00:00;13.52;40.17;70.0;8.0;230.0;30.0;77.0;85.0
2018-11-02 06:00:00;32.81;30.04;60.0;0.0;230.0;30.0;65.0;84.0
2018-11-02 07:00:00;51.29;17.07;50.0;0.0;240.0;30.0;64.0;83.0
2018-11-02 08:00:00;65.02;7.42;50.0;0.0;240.0;30.0;55.0;96.0
2018-11-02 09:00:00;55.79;9.97;70.0;0.0;260.0;30.0;48.0;106.0
2018-11-02 10:00:00;46.53;20.41;80.0;0.0;260.0;40.0;29.0;107.0
2018-11-02 11:00:00;26.95;41.2;80.0;0.0;280.0;40.0;25.0;113.0
2018-11-02 12:00:00;22.83;46.23;70.0;0.0;260.0;40.0;22.0;105.0
2018-11-02 13:00:00;20.46;49.15;70.0;0.0;260.0;30.0;25.0;106.0
2018-11-02 14:00:00;29.75;40.56;70.0;0.0;260.0;40.0;30.0;106.0
2018-11-02 15:00:00;43.46;35.41;60.0;0.0;270.0;30.0;31.0;89.0
2018-11-02 16:00:00;58.95;23.84;50.0;0.0;340.0;20.0;37.0;73.0
2018-11-02 17:00:00;54.96;15.46;20.0;0.0;300.0;10.0;30.0;38.0
2018-11-02 18:00:00;68.83;6.67;20.0;0.0;250.0;10.0;29.0;33.0
2018-11-02 19:00:00;71.4;1.5;30.0;0.0;230.0;10.0;22.0;26.0
2018-11-02 20:00:00;73.52;1.47;20.0;0.0;210.0;10.0;23.0;27.0
2018-11-02 21:00:00;66.17;4.96;20.0;0.0;180.0;10.0;21.0;25.0
2018-11-02 22:00:00;71.45;1.0;20.0;0.0;200.0;10.0;38.0;42.0
2018-11-02 23:00:00;65.53;0.3;40.0;0.0;210.0;20.0;43.0;52.0
2018-11-03 00:00:00;62.19;0.02;20.0;0.0;160.0;10.0;34.0;38.0
2018-11-03 01:00:00;60.85;0.96;20.0;0.0;160.0;10.0;16.0;18.0
2018-11-03 02:00:00;52.48;0.94;20.0;0.0;140.0;10.0;5.0;5.0
2018-11-03 03:00:00;47.5;0.39;20.0;0.0;150.0;20.0;2.0;5.0
2018-11-03 04:00:00;45.06;-0.12;30.0;0.0;170.0;20.0;4.0;4.0
2018-11-03 05:00:00;43.06;-0.15;30.0;0.0;150.0;20.0;9.0;12.0
2018-11-03 06:00:00;43.46;-0.1;30.0;0.0;160.0;20.0;11.0;14.0
2018-11-03 07:00:00;46.69;-0.01;40.0;0.0;150.0;20.0;16.0;19.0
2018-11-03 08:00:00;47.8;0.71;30.0;0.0;160.0;20.0;32.0;37.0
2018-11-03 09:00:00;49.99;1.79;40.0;0.0;160.0;20.0;41.0;61.0
2018-11-03 10:00:00;55.05;1.91;40.0;0.0;170.0;20.0;50.0;79.0
2018-11-03 11:00:00;55.97;5.04;40.0;0.0;170.0;30.0;48.0;93.0
2018-11-03 12:00:00;52.13;9.86;60.0;0.0;180.0;30.0;45.0;95.0
2018-11-03 13:00:00;47.25;15.48;60.0;0.0;180.0;30.0;44.0;94.0
2018-11-03 14:00:00;38.75;24.61;60.0;0.0;160.0;30.0;46.0;90.0
2018-11-03 15:00:00;41.46;23.36;40.0;0.0;150.0;20.0;42.0;76.0
2018-11-03 16:00:00;49.62;14.06;40.0;0.0;140.0;20.0;39.0;64.0
2018-11-03 17:00:00;63.48;3.75;40.0;0.0;140.0;20.0;37.0;58.0
2018-11-03 18:00:00;58.35;3.26;30.0;0.0;140.0;20.0;33.0;48.0
2018-11-03 19:00:00;57.1;2.78;40.0;0.0;140.0;20.0;30.0;41.0
2018-11-03 20:00:00;53.37;3.1;40.0;0.0;140.0;20.0;27.0;38.0
2018-11-03 21:00:00;53.1;3.16;40.0;0.0;120.0;20.0;22.0;28.0
2018-11-03 22:00:00;52.06;2.03;30.0;0.0;140.0;20.0;5.0;8.0
2018-11-03 23:00:00;52.02;0.7;30.0;0.0;130.0;20.0;6.0;9.0
2018-11-04 00:00:00;51.71;0.24;40.0;0.0;140.0;30.0;19.0;23.0
2018-11-04 01:00:00;50.84;0.04;50.0;0.0;150.0;30.0;17.0;26.0
2018-11-04 02:00:00;49.33;-0.01;40.0;0.0;140.0;30.0;12.0;20.0
2018-11-04 03:00:00;48.02;-0.03;40.0;0.0;150.0;30.0;9.0;19.0
2018-11-04 04:00:00;46.14;-0.03;40.0;0.0;140.0;20.0;5.0;12.0
2018-11-04 05:00:00;45.85;0.06;40.0;0.0;140.0;20.0;4.0;11.0
2018-11-04 06:00:00;46.05;0.03;30.0;0.0;140.0;20.0;4.0;10.0
2018-11-04 07:00:00;44.23;0.11;40.0;0.0;130.0;20.0;19.0;35.0
2018-11-04 08:00:00;42.05;1.8;50.0;0.0;140.0;30.0;29.0;45.0
2018-11-04 09:00:00;40.7;3.52;60.0;0.0;140.0;30.0;39.0;59.0
2018-11-04 10:00:00;36.62;5.43;50.0;0.0;160.0;30.0;63.0;94.0
2018-11-04 11:00:00;34.75;7.34;60.0;0.0;150.0;30.0;68.0;109.0
2018-11-04 12:00:00;28.3;13.26;50.0;0.0;130.0;30.0;73.0;116.0
2018-11-04 13:00:00;27.48;15.46;50.0;0.0;130.0;30.0;73.0;117.0
2018-11-04 14:00:00;28.22;16.22;40.0;0.0;130.0;30.0;74.0;116.0
2018-11-04 15:00:00;36.99;11.63;30.0;0.0;100.0;20.0;68.0;89.0
2018-11-04 16:00:00;41.09;10.97;30.0;0.0;100.0;20.0;60.0;64.0
2018-11-04 17:00:00;49.98;1.32;40.0;0.0;100.0;30.0;59.0;64.0
2018-11-04 18:00:00;46.31;-0.03;40.0;0.0;100.0;30.0;59.0;64.0
2018-11-04 19:00:00;42.35;0.19;50.0;0.0;100.0;30.0;61.0;68.0
2018-11-04 20:00:00;38.02;0.23;50.0;0.0;110.0;30.0;58.0;63.0
2018-11-04 21:00:00;34.64;0.04;40.0;0.0;90.0;20.0;57.0;59.0
2018-11-04 22:00:00;32.72;0.06;40.0;0.0;90.0;20.0;54.0;56.0
2018-11-04 23:00:00;30.31;-0.03;30.0;0.0;80.0;20.0;63.0;65.0
2018-11-05 00:00:00;27.77;-0.18;40.0;0.0;90.0;20.0;55.0;58.0
2018-11-05 01:00:00;25.5;-0.3;50.0;0.0;80.0;20.0;53.0;56.0
2018-11-05 02:00:00;25.17;0.06;40.0;0.0;80.0;20.0;52.0;55.0
2018-11-05 03:00:00;21.2;0.9;40.0;0.0;80.0;30.0;53.0;55.0
2018-11-05 04:00:00;18.31;1.77;50.0;0.0;90.0;30.0;52.0;54.0
2018-11-05 05:00:00;20.21;1.3;40.0;0.0;100.0;20.0;55.0;57.0
2018-11-05 06:00:00;27.65;0.1;50.0;0.0;90.0;30.0;62.0;67.0
2018-11-05 07:00:00;27.32;-0.19;60.0;0.0;100.0;30.0;65.0;69.0
2018-11-05 08:00:00;27.55;0.29;50.0;0.0;80.0;30.0;72.0;79.0
2018-11-05 09:00:00;23.0;1.42;60.0;0.0;80.0;30.0;83.0;95.0
2018-11-05 10:00:00;17.02;4.65;60.0;0.0;80.0;40.0;84.0;105.0
2018-11-05 11:00:00;15.92;7.08;60.0;0.0;80.0;40.0;87.0;108.0
2018-11-05 12:00:00;17.82;7.77;60.0;0.0;80.0;30.0;88.0;105.0
2018-11-05 13:00:00;19.41;4.75;80.0;0.0;130.0;40.0;84.0;103.0
2018-11-05 14:00:00;22.07;3.09;80.0;0.0;90.0;40.0;84.0;103.0
2018-11-05 15:00:00;31.47;2.27;40.0;0.0;80.0;30.0;84.0;102.0
2018-11-05 16:00:00;30.85;0.67;40.0;0.0;80.0;30.0;82.0;96.0
2018-11-05 17:00:00;29.78;-0.25;50.0;0.0;90.0;30.0;77.0;86.0
2018-11-05 18:00:00;28.31;-0.3;40.0;0.0;90.0;20.0;68.0;71.0
2018-11-05 19:00:00;29.02;-0.26;30.0;0.0;120.0;20.0;64.0;67.0
2018-11-05 20:00:00;26.87;-0.12;20.0;0.0;140.0;10.0;51.0;52.0
2018-11-05 21:00:00;32.27;-0.11;30.0;0.0;130.0;20.0;60.0;63.0
2018-11-05 22:00:00;29.17;-0.12;30.0;0.0;140.0;20.0;59.0;59.0
2018-11-05 23:00:00;27.5;-0.17;30.0;0.0;160.0;20.0;68.0;71.0
2018-11-06 00:00:00;25.74;-0.25;30.0;0.0;160.0;20.0;69.0;72.0
2018-11-06 01:00:00;24.95;-0.29;40.0;0.0;130.0;20.0;66.0;69.0
2018-11-06 02:00:00;21.7;-0.29;50.0;0.0;140.0;20.0;73.0;79.0
2018-11-06 03:00:00;24.18;-0.35;50.0;0.0;140.0;30.0;72.0;80.0
2018-11-06 04:00:00;25.1;-0.32;50.0;0.0;150.0;30.0;73.0;85.0
2018-11-06 05:00:00;24.72;-0.29;50.0;0.0;160.0;30.0;71.0;85.0
2018-11-06 06:00:00;30.25;-0.29;60.0;0.0;150.0;30.0;68.0;84.0
2018-11-06 07:00:00;36.81;-0.22;60.0;0.0;150.0;40.0;73.0;96.0
2018-11-06 08:00:00;38.35;0.12;70.0;0.0;150.0;40.0;84.0;123.0
2018-11-06 09:00:00;39.94;1.05;80.0;0.0;160.0;40.0;85.0;143.0
2018-11-06 10:00:00;39.93;3.89;90.0;0.0;160.0;40.0;93.0;172.0
2018-11-06 11:00:00;37.96;9.74;70.0;0.0;140.0;40.0;94.0;184.0
2018-11-06 12:00:00;41.13;15.61;60.0;0.0;140.0;30.0;100.0;182.0
2018-11-06 13:00:00;41.88;17.72;60.0;0.0;130.0;40.0;93.0;180.0
2018-11-06 14:00:00;49.3;13.58;70.0;0.0;120.0;50.0;96.0;171.0
2018-11-06 15:00:00;56.22;8.3;70.0;0.0;140.0;40.0;92.0;159.0
2018-11-06 16:00:00;60.63;2.2;50.0;0.0;150.0;30.0;91.0;147.0
2018-11-06 17:00:00;60.7;0.22;50.0;0.0;150.0;30.0;92.0;135.0
2018-11-06 18:00:00;61.55;-0.03;40.0;0.0;130.0;30.0;92.0;130.0
2018-11-06 19:00:00;54.58;-0.19;40.0;0.0;140.0;30.0;93.0;125.0
2018-11-06 20:00:00;52.67;-0.07;40.0;0.0;150.0;20.0;96.0;126.0
2018-11-06 21:00:00;51.62;-0.13;40.0;0.0;150.0;20.0;96.0;121.0
2018-11-06 22:00:00;48.24;-0.07;40.0;0.0;150.0;20.0;94.0;119.0
2018-11-06 23:00:00;47.43;-0.19;60.0;0.0;160.0;30.0;93.0;119.0
2018-11-07 00:00:00;44.17;-0.19;50.0;0.0;170.0;30.0;89.0;114.0
2018-11-07 01:00:00;41.3;2.0;50.0;0.0;160.0;30.0;81.0;102.0
2018-11-07 02:00:00;33.5;8.23;50.0;0.0;140.0;30.0;75.0;98.0
2018-11-07 03:00:00;24.23;15.22;60.0;0.0;140.0;30.0;71.0;97.0
2018-11-07 04:00:00;18.82;20.13;60.0;0.0;150.0;30.0;68.0;90.0
2018-11-07 05:00:00;16.84;24.87;70.0;0.0;150.0;40.0;67.0;92.0
2018-11-07 06:00:00;34.1;15.15;70.0;0.0;140.0;40.0;69.0;96.0
2018-11-07 07:00:00;45.15;9.45;90.0;0.0;150.0;50.0;72.0;103.0
2018-11-07 08:00:00;40.79;12.0;90.0;0.0;160.0;50.0;74.0;109.0
2018-11-07 09:00:00;33.4;19.13;100.0;0.0;150.0;50.0;81.0;129.0
2018-11-07 10:00:00;30.92;23.28;90.0;0.0;150.0;50.0;78.0;131.0
2018-11-07 11:00:00;30.3;25.5;100.0;0.0;150.0;50.0;79.0;133.0
2018-11-07 12:00:00;30.11;27.42;110.0;0.0;170.0;50.0;72.0;139.0
2018-11-07 13:00:00;26.68;33.54;100.0;6.0;170.0;50.0;87.0;123.0
2018-11-07 14:00:00;30.05;27.77;80.0;9.0;170.0;50.0;91.0;118.0
2018-11-07 15:00:00;40.3;19.38;90.0;0.0;160.0;50.0;95.0;113.0
2018-11-07 16:00:00;39.74;16.71;100.0;0.0;170.0;50.0;96.0;119.0
2018-11-07 17:00:00;33.99;23.15;100.0;0.0;180.0;60.0;97.0;118.0
2018-11-07 18:00:00;26.85;27.33;100.0;0.0;180.0;50.0;95.0;118.0
2018-11-07 19:00:00;23.61;28.0;80.0;0.0;170.0;50.0;92.0;116.0
2018-11-07 20:00:00;22.7;27.71;80.0;0.0;180.0;50.0;90.0;111.0
2018-11-07 21:00:00;17.85;27.86;70.0;0.0;170.0;40.0;87.0;106.0
2018-11-07 22:00:00;18.9;27.12;70.0;0.0;170.0;40.0;85.0;102.0
2018-11-07 23:00:00;17.28;30.62;60.0;0.0;170.0;30.0;83.0;98.0
2018-11-08 00:00:00;14.41;28.33;60.0;0.0;170.0;40.0;81.0;98.0
2018-11-08 01:00:00;12.35;28.38;70.0;0.0;190.0;30.0;82.0;102.0
2018-11-08 02:00:00;12.51;30.32;70.0;0.0;190.0;40.0;80.0;98.0
2018-11-08 03:00:00;10.07;32.29;70.0;0.0;200.0;40.0;85.0;103.0
2018-11-08 04:00:00;11.89;29.38;80.0;0.0;210.0;40.0;80.0;102.0
2018-11-08 05:00:00;13.54;31.13;80.0;0.0;220.0;40.0;74.0;97.0
2018-11-08 06:00:00;24.13;28.41;90.0;0.0;220.0;40.0;72.0;93.0
2018-11-08 07:00:00;39.32;20.98;70.0;0.0;200.0;30.0;73.0;94.0
2018-11-08 08:00:00;49.11;14.79;60.0;0.0;200.0;30.0;77.0;102.0
2018-11-08 09:00:00;45.25;16.34;70.0;0.0;200.0;40.0;75.0;109.0
2018-11-08 10:00:00;39.58;20.7;60.0;0.0;200.0;30.0;75.0;123.0
2018-11-08 11:00:00;42.63;23.82;50.0;0.0;170.0;30.0;80.0;131.0
2018-11-08 12:00:00;41.6;27.35;60.0;0.0;180.0;30.0;74.0;133.0
2018-11-08 13:00:00;35.23;31.76;60.0;0.0;170.0;40.0;67.0;132.0
2018-11-08 14:00:00;40.5;29.81;60.0;0.0;170.0;30.0;62.0;126.0
2018-11-08 15:00:00;47.25;24.81;50.0;0.0;140.0;20.0;65.0;106.0
2018-11-08 16:00:00;68.6;9.9;40.0;0.0;120.0;20.0;58.0;79.0
2018-11-08 17:00:00;70.95;3.36;40.0;0.0;100.0;20.0;53.0;63.0
2018-11-08 18:00:00;71.35;0.47;30.0;0.0;100.0;20.0;46.0;53.0
2018-11-08 19:00:00;65.17;0.4;40.0;0.0;120.0;30.0;46.0;49.0
2018-11-08 20:00:00;62.86;0.77;30.0;0.0;100.0;20.0;38.0;44.0
2018-11-08 21:00:00;62.93;1.65;30.0;0.0;80.0;20.0;36.0;43.0
2018-11-08 22:00:00;58.45;3.15;50.0;0.0;90.0;30.0;34.0;57.0
2018-11-08 23:00:00;41.61;17.11;50.0;0.0;90.0;30.0;37.0;59.0
2018-11-09 00:00:00;18.27;30.1;50.0;0.0;90.0;30.0;40.0;59.0
2018-11-09 01:00:00;17.23;28.31;40.0;0.0;90.0;30.0;43.0;59.0
2018-11-09 02:00:00;16.47;25.64;50.0;0.0;90.0;30.0;52.0;69.0
2018-11-09 03:00:00;17.67;22.63;50.0;0.0;100.0;30.0;57.0;74.0
2018-11-09 04:00:00;18.42;20.01;50.0;0.0;100.0;30.0;59.0;75.0
2018-11-09 05:00:00;21.31;15.71;40.0;0.0;120.0;20.0;59.0;73.0
2018-11-09 06:00:00;39.78;4.05;40.0;0.0;140.0;20.0;65.0;77.0
2018-11-09 07:00:00;52.35;-0.03;50.0;0.0;150.0;30.0;69.0;84.0
2018-11-09 08:00:00;43.89;0.92;60.0;0.0;150.0;30.0;69.0;89.0
2018-11-09 09:00:00;42.79;1.93;50.0;0.0;160.0;30.0;75.0;94.0
2018-11-09 10:00:00;38.17;2.86;60.0;0.0;150.0;30.0;79.0;105.0
2018-11-09 11:00:00;43.14;4.66;60.0;0.0;150.0;30.0;81.0;108.0
2018-11-09 12:00:00;44.19;6.92;70.0;0.0;150.0;40.0;81.0;109.0
2018-11-09 13:00:00;41.63;5.66;70.0;0.0;150.0;30.0;83.0;108.0
2018-11-09 14:00:00;45.46;5.61;60.0;0.0;150.0;30.0;83.0;109.0
2018-11-09 15:00:00;50.46;3.62;60.0;0.0;140.0;30.0;80.0;106.0
2018-11-09 16:00:00;53.35;1.69;60.0;0.0;140.0;30.0;78.0;98.0
2018-11-09 17:00:00;53.29;1.69;60.0;0.0;140.0;30.0;76.0;96.0
2018-11-09 18:00:00;51.29;0.2;60.0;0.0;150.0;30.0;74.0;93.0
2018-11-09 19:00:00;45.4;0.13;60.0;0.0;150.0;40.0;74.0;96.0
2018-11-09 20:00:00;43.18;0.49;70.0;0.0;150.0;40.0;74.0;97.0
2018-11-09 21:00:00;42.87;1.64;70.0;0.0;150.0;40.0;78.0;97.0
2018-11-09 22:00:00;39.83;3.59;60.0;0.0;140.0;40.0;79.0;95.0
2018-11-09 23:00:00;36.71;5.76;70.0;0.0;150.0;40.0;83.0;100.0
2018-11-10 00:00:00;28.08;9.14;80.0;0.0;150.0;40.0;87.0;106.0
2018-11-10 01:00:00;23.05;13.19;100.0;0.0;150.0;50.0;88.0;112.0
2018-11-10 02:00:00;16.37;13.19;110.0;0.0;150.0;60.0;88.0;115.0
2018-11-10 03:00:00;11.45;26.58;120.0;6.0;150.0;60.0;92.0;114.0
2018-11-10 04:00:00;9.26;29.62;100.0;10.0;160.0;60.0;97.0;116.0
2018-11-10 05:00:00;9.35;29.4;120.0;10.0;180.0;60.0;105.0;113.0
2018-11-10 06:00:00;9.51;32.66;110.0;9.0;180.0;60.0;105.0;115.0
2018-11-10 07:00:00;9.2;35.44;120.0;0.0;190.0;70.0;105.0;116.0
2018-11-10 08:00:00;12.12;35.19;110.0;0.0;190.0;60.0;104.0;120.0
2018-11-10 09:00:00;16.2;32.79;110.0;0.0;190.0;60.0;105.0;128.0
2018-11-10 10:00:00;19.13;31.63;100.0;0.0;190.0;60.0;104.0;132.0
2018-11-10 11:00:00;18.77;31.4;90.0;0.0;170.0;50.0;104.0;130.0
2018-11-10 12:00:00;21.53;30.82;100.0;0.0;160.0;50.0;105.0;128.0
2018-11-10 13:00:00;20.1;29.89;80.0;5.0;170.0;40.0;110.0;123.0
2018-11-10 14:00:00;25.75;25.8;70.0;10.0;160.0;30.0;114.0;119.0
2018-11-10 15:00:00;27.77;20.86;80.0;5.0;160.0;40.0;111.0;119.0
2018-11-10 16:00:00;26.34;21.06;90.0;0.0;180.0;40.0;110.0;120.0
2018-11-10 17:00:00;24.24;23.26;90.0;0.0;180.0;50.0;107.0;121.0
2018-11-10 18:00:00;25.31;23.0;70.0;0.0;180.0;40.0;105.0;115.0
2018-11-10 19:00:00;26.41;21.23;60.0;0.0;180.0;40.0;103.0;113.0
2018-11-10 20:00:00;30.14;17.43;60.0;0.0;180.0;30.0;94.0;106.0
2018-11-10 21:00:00;24.69;19.78;60.0;0.0;170.0;30.0;88.0;99.0
2018-11-10 22:00:00;21.71;29.58;60.0;0.0;160.0;30.0;89.0;95.0
2018-11-10 23:00:00;23.01;28.43;50.0;0.0;170.0;30.0;94.0;99.0
2018-11-11 00:00:00;18.95;24.44;70.0;0.0;170.0;30.0;101.0;111.0
2018-11-11 01:00:00;14.2;28.79;80.0;0.0;170.0;40.0;99.0;117.0
2018-11-11 02:00:00;8.56;34.29;90.0;0.0;180.0;50.0;97.0;119.0
2018-11-11 03:00:00;6.67;38.42;90.0;2.0;170.0;50.0;98.0;116.0
2018-11-11 04:00:00;5.62;39.35;90.0;6.0;180.0;50.0;99.0;113.0
2018-11-11 05:00:00;6.06;39.05;90.0;10.0;180.0;40.0;101.0;108.0
2018-11-11 06:00:00;8.05;38.69;90.0;10.0;180.0;50.0;100.0;108.0
2018-11-11 07:00:00;7.41;38.42;90.0;8.0;180.0;50.0;99.0;110.0
2018-11-11 08:00:00;11.7;36.4;90.0;0.0;180.0;50.0;96.0;118.0
2018-11-11 09:00:00;12.62;36.2;100.0;0.0;190.0;60.0;94.0;123.0
2018-11-11 10:00:00;12.96;37.16;110.0;0.0;190.0;50.0;95.0;131.0
2018-11-11 11:00:00;14.13;38.24;110.0;0.0;200.0;60.0;92.0;131.0
2018-11-11 12:00:00;13.51;38.63;100.0;0.0;190.0;50.0;94.0;133.0
2018-11-11 13:00:00;15.31;35.92;100.0;2.0;200.0;50.0;97.0;132.0
2018-11-11 14:00:00;16.94;34.28;100.0;0.0;200.0;50.0;93.0;128.0
2018-11-11 15:00:00;17.58;36.17;80.0;0.0;190.0;40.0;94.0;123.0
2018-11-11 16:00:00;19.57;35.25;80.0;0.0;190.0;40.0;97.0;120.0
2018-11-11 17:00:00;22.62;30.28;70.0;0.0;200.0;40.0;94.0;116.0
2018-11-11 18:00:00;19.82;30.49;70.0;0.0;200.0;30.0;93.0;112.0
2018-11-11 19:00:00;25.94;23.8;50.0;0.0;180.0;30.0;88.0;102.0
2018-11-11 20:00:00;30.73;18.19;50.0;0.0;190.0;30.0;86.0;96.0
2018-11-11 21:00:00;28.91;19.89;50.0;0.0;180.0;30.0;87.0;94.0
2018-11-11 22:00:00;27.63;19.34;40.0;0.0;190.0;20.0;83.0;87.0
2018-11-11 23:00:00;24.78;18.32;40.0;0.0;160.0;20.0;84.0;87.0
2018-11-12 00:00:00;16.84;19.58;30.0;0.0;150.0;20.0;83.0;85.0
2018-11-12 01:00:00;17.82;18.5;40.0;0.0;140.0;20.0;87.0;89.0
2018-11-12 02:00:00;19.58;13.66;40.0;0.0;160.0;20.0;91.0;94.0
2018-11-12 03:00:00;15.44;14.19;40.0;0.0;150.0;20.0;93.0;95.0
2018-11-12 04:00:00;14.62;14.05;40.0;0.0;150.0;20.0;93.0;96.0
2018-11-12 05:00:00;17.1;15.78;40.0;10.0;160.0;20.0;96.0;99.0
2018-11-12 06:00:00;36.84;7.58;40.0;10.0;160.0;20.0;98.0;100.0
2018-11-12 07:00:00;52.7;2.03;30.0;10.0;170.0;20.0;99.0;102.0
2018-11-12 08:00:00;57.55;-0.07;30.0;10.0;170.0;20.0;102.0;105.0
2018-11-12 09:00:00;59.03;0.03;30.0;10.0;190.0;10.0;106.0;108.0
2018-11-12 10:00:00;52.55;1.57;30.0;10.0;220.0;20.0;103.0;108.0
2018-11-12 11:00:00;51.9;6.57;40.0;7.0;210.0;20.0;97.0;111.0
2018-11-12 12:00:00;48.07;14.85;30.0;7.0;200.0;20.0;104.0;116.0
2018-11-12 13:00:00;46.01;16.13;50.0;0.0;220.0;30.0;94.0;113.0
2018-11-12 14:00:00;46.06;17.42;40.0;0.0;210.0;20.0;100.0;112.0
2018-11-12 15:00:00;56.48;11.69;50.0;0.0;210.0;30.0;95.0;108.0
2018-11-12 16:00:00;55.75;8.01;40.0;0.0;190.0;20.0;91.0;102.0
2018-11-12 17:00:00;59.49;6.24;50.0;0.0;200.0;30.0;90.0;99.0
2018-11-12 18:00:00;63.83;2.55;50.0;0.0;190.0;30.0;88.0;96.0
2018-11-12 19:00:00;63.37;1.73;50.0;0.0;170.0;30.0;87.0;92.0
2018-11-12 20:00:00;59.26;0.88;60.0;0.0;190.0;40.0;84.0;94.0
2018-11-12 21:00:00;51.14;4.35;70.0;0.0;190.0;40.0;81.0;95.0
2018-11-12 22:00:00;33.77;15.37;60.0;0.0;180.0;40.0;79.0;92.0
2018-11-12 23:00:00;31.76;16.12;70.0;0.0;180.0;40.0;77.0;92.0
2018-11-13 00:00:00;28.99;16.34;70.0;0.0;180.0;40.0;76.0;91.0
2018-11-13 01:00:00;22.29;23.15;70.0;0.0;190.0;40.0;76.0;94.0
2018-11-13 02:00:00;16.53;26.34;60.0;0.0;190.0;40.0;77.0;90.0
2018-11-13 03:00:00;15.51;25.39;80.0;0.0;200.0;40.0;80.0;93.0
2018-11-13 04:00:00;16.46;22.21;80.0;0.0;200.0;40.0;79.0;89.0
2018-11-13 05:00:00;20.09;17.7;80.0;0.0;200.0;40.0;81.0;92.0
2018-11-13 06:00:00;32.2;11.21;100.0;0.0;210.0;60.0;83.0;97.0
2018-11-13 07:00:00;37.18;10.51;120.0;0.0;210.0;70.0;83.0;107.0
2018-11-13 08:00:00;33.16;17.88;130.0;4.0;230.0;60.0;75.0;103.0
2018-11-13 09:00:00;27.52;29.98;120.0;0.0;220.0;60.0;75.0;113.0
2018-11-13 10:00:00;25.92;35.13;120.0;0.0;230.0;70.0;79.0;120.0
2018-11-13 11:00:00;19.89;41.33;130.0;0.0;240.0;70.0;81.0;118.0
2018-11-13 12:00:00;19.89;41.33;120.0;0.0;230.0;60.0;87.0;131.0
2018-11-13 13:00:00;19.89;41.33;120.0;0.0;240.0;60.0;82.0;130.0
2018-11-13 14:00:00;19.89;41.33;110.0;0.0;240.0;50.0;85.0;126.0
2018-11-13 15:00:00;19.89;41.33;80.0;0.0;240.0;40.0;81.0;113.0
2018-11-13 16:00:00;19.89;41.33;60.0;0.0;230.0;30.0;80.0;107.0
2018-11-13 17:00:00;46.85;41.33;80.0;0.0;220.0;40.0;81.0;102.0
2018-11-13 18:00:00;50.26;18.19;60.0;0.0;210.0;30.0;79.0;96.0
2018-11-13 19:00:00;48.85;14.29;60.0;0.0;220.0;40.0;81.0;95.0
2018-11-13 20:00:00;38.75;18.99;70.0;0.0;220.0;40.0;81.0;95.0
2018-11-13 21:00:00;36.96;17.79;60.0;0.0;220.0;30.0;77.0;86.0
2018-11-13 22:00:00;34.43;19.82;60.0;0.0;210.0;30.0;76.0;84.0
2018-11-13 23:00:00;35.85;17.73;50.0;0.0;210.0;30.0;77.0;84.0
2018-11-14 00:00:00;31.07;17.03;60.0;0.0;210.0;40.0;77.0;88.0
2018-11-14 01:00:00;26.82;20.4;60.0;0.0;210.0;30.0;71.0;83.0
2018-11-14 02:00:00;25.02;20.4;60.0;0.0;200.0;30.0;68.0;82.0
2018-11-14 03:00:00;31.42;14.12;60.0;0.0;170.0;20.0;59.0;66.0
2018-11-14 04:00:00;27.89;15.64;50.0;0.0;200.0;30.0;62.0;71.0
2018-11-14 05:00:00;30.28;12.89;40.0;0.0;170.0;20.0;50.0;53.0
2018-11-14 06:00:00;42.69;9.26;30.0;0.0;150.0;20.0;52.0;54.0
2018-11-14 07:00:00;60.69;0.66;40.0;0.0;160.0;20.0;57.0;61.0
2018-11-14 08:00:00;59.16;1.15;50.0;0.0;170.0;30.0;67.0;79.0
2018-11-14 09:00:00;62.45;2.77;50.0;0.0;180.0;30.0;77.0;100.0
2018-11-14 10:00:00;45.86;7.13;50.0;0.0;180.0;30.0;82.0;111.0
2018-11-14 11:00:00;39.39;16.09;60.0;0.0;190.0;40.0;85.0;120.0
2018-11-14 12:00:00;36.46;19.34;60.0;0.0;180.0;30.0;86.0;125.0
2018-11-14 13:00:00;42.41;22.55;70.0;0.0;180.0;40.0;83.0;130.0
2018-11-14 14:00:00;32.58;28.56;70.0;0.0;170.0;30.0;82.0;121.0
2018-11-14 15:00:00;38.11;27.15;50.0;0.0;170.0;20.0;76.0;106.0
2018-11-14 16:00:00;52.45;15.2;40.0;0.0;160.0;20.0;68.0;85.0
2018-11-14 17:00:00;56.4;7.88;30.0;0.0;140.0;20.0;57.0;64.0
2018-11-14 18:00:00;66.09;1.16;40.0;0.0;150.0;30.0;60.0;72.0
2018-11-14 19:00:00;63.94;0.21;40.0;0.0;140.0;20.0;51.0;54.0
2018-11-14 20:00:00;55.08;0.86;30.0;0.0;130.0;20.0;40.0;40.0
2018-11-14 21:00:00;56.4;0.17;40.0;0.0;130.0;20.0;41.0;41.0
2018-11-14 22:00:00;53.77;0.06;40.0;0.0;140.0;20.0;50.0;53.0
2018-11-14 23:00:00;52.51;0.06;40.0;0.0;140.0;30.0;50.0;53.0
2018-11-15 00:00:00;51.38;-0.02;40.0;0.0;140.0;30.0;45.0;48.0
2018-11-15 01:00:00;49.62;0.06;40.0;0.0;140.0;20.0;42.0;46.0
2018-11-15 02:00:00;45.13;-0.01;50.0;0.0;150.0;30.0;40.0;43.0
2018-11-15 03:00:00;41.08;0.07;50.0;0.0;150.0;30.0;40.0;43.0
2018-11-15 04:00:00;39.96;-0.01;40.0;0.0;140.0;20.0;37.0;39.0
2018-11-15 05:00:00;39.02;-0.01;40.0;0.0;130.0;20.0;35.0;37.0
2018-11-15 06:00:00;43.75;-0.04;40.0;0.0;130.0;30.0;37.0;41.0
2018-11-15 07:00:00;45.45;-0.02;50.0;0.0;130.0;30.0;43.0;46.0
2018-11-15 08:00:00;47.11;0.41;50.0;0.0;140.0;30.0;55.0;65.0
2018-11-15 09:00:00;40.67;1.88;50.0;0.0;150.0;30.0;63.0;86.0
2018-11-15 10:00:00;45.22;5.0;60.0;0.0;160.0;30.0;64.0;99.0
2018-11-15 11:00:00;43.98;8.03;60.0;0.0;160.0;30.0;69.0;114.0
2018-11-15 12:00:00;47.05;10.32;50.0;0.0;150.0;30.0;70.0;122.0
2018-11-15 13:00:00;49.68;13.01;50.0;0.0;140.0;30.0;77.0;127.0
2018-11-15 14:00:00;55.48;9.24;40.0;0.0;140.0;20.0;76.0;119.0
2018-11-15 15:00:00;55.98;4.6;50.0;0.0;140.0;30.0;70.0;102.0
2018-11-15 16:00:00;60.37;0.77;40.0;0.0;120.0;20.0;64.0;78.0
2018-11-15 17:00:00;57.0;0.15;50.0;0.0;130.0;20.0;58.0;82.0
2018-11-15 18:00:00;53.83;0.22;60.0;0.0;140.0;40.0;48.0;74.0
2018-11-15 19:00:00;48.2;0.11;50.0;0.0;130.0;30.0;41.0;63.0
2018-11-15 20:00:00;45.63;0.06;50.0;0.0;140.0;30.0;37.0;56.0
2018-11-15 21:00:00;41.68;0.04;60.0;0.0;140.0;30.0;34.0;48.0
2018-11-15 22:00:00;38.95;-0.02;50.0;0.0;130.0;30.0;28.0;39.0
2018-11-15 23:00:00;38.91;0.0;50.0;0.0;130.0;30.0;24.0;31.0
2018-11-16 00:00:00;38.44;0.01;40.0;0.0;140.0;20.0;21.0;25.0
2018-11-16 01:00:00;35.96;-0.03;50.0;0.0;140.0;30.0;18.0;21.0
2018-11-16 02:00:00;34.64;-0.02;50.0;0.0;130.0;30.0;17.0;20.0
2018-11-16 03:00:00;34.05;0.0;40.0;0.0;140.0;20.0;10.0;13.0
2018-11-16 04:00:00;32.62;0.02;30.0;0.0;130.0;20.0;10.0;13.0
2018-11-16 05:00:00;32.46;-0.04;50.0;0.0;130.0;30.0;23.0;23.0
2018-11-16 06:00:00;38.39;0.02;50.0;0.0;130.0;30.0;30.0;33.0
2018-11-16 07:00:00;39.22;0.15;60.0;0.0;130.0;30.0;35.0;38.0
2018-11-16 08:00:00;44.41;0.76;60.0;0.0;130.0;40.0;31.0;34.0
2018-11-16 09:00:00;42.05;3.06;60.0;0.0;150.0;30.0;32.0;35.0
2018-11-16 10:00:00;40.29;3.01;50.0;0.0;160.0;30.0;36.0;39.0
2018-11-16 11:00:00;43.47;3.89;30.0;0.0;80.0;20.0;42.0;45.0
2018-11-16 12:00:00;40.54;3.06;50.0;0.0;100.0;20.0;46.0;55.0
2018-11-16 13:00:00;38.82;3.75;30.0;0.0;20.0;10.0;46.0;70.0
2018-11-16 14:00:00;37.6;4.45;20.0;0.0;340.0;10.0;48.0;67.0
2018-11-16 15:00:00;38.1;2.56;20.0;0.0;50.0;10.0;36.0;41.0
2018-11-16 16:00:00;37.53;0.63;30.0;0.0;80.0;20.0;30.0;34.0
2018-11-16 17:00:00;43.21;0.79;40.0;0.0;90.0;20.0;29.0;42.0
2018-11-16 18:00:00;45.59;0.72;30.0;0.0;70.0;20.0;31.0;38.0
2018-11-16 19:00:00;45.73;0.41;30.0;0.0;90.0;20.0;24.0;30.0
2018-11-16 20:00:00;44.73;0.51;40.0;0.0;110.0;20.0;20.0;25.0
2018-11-16 21:00:00;45.79;0.36;40.0;0.0;110.0;30.0;18.0;24.0
2018-11-16 22:00:00;41.62;0.23;40.0;0.0;80.0;20.0;18.0;22.0
2018-11-16 23:00:00;41.83;0.2;50.0;0.0;100.0;30.0;20.0;27.0
2018-11-17 00:00:00;40.94;0.33;50.0;0.0;100.0;30.0;17.0;29.0
2018-11-17 01:00:00;38.32;1.55;50.0;0.0;90.0;30.0;11.0;24.0
2018-11-17 02:00:00;34.78;3.49;40.0;0.0;90.0;30.0;6.0;18.0
2018-11-17 03:00:00;28.96;5.56;40.0;0.0;80.0;20.0;4.0;16.0
2018-11-17 04:00:00;23.09;8.29;40.0;0.0;70.0;20.0;1.0;11.0
2018-11-17 05:00:00;21.39;9.05;50.0;0.0;80.0;30.0;3.0;13.0
2018-11-17 06:00:00;23.83;6.17;60.0;0.0;80.0;30.0;2.0;13.0
2018-11-17 07:00:00;25.9;5.3;50.0;0.0;90.0;30.0;4.0;17.0
2018-11-17 08:00:00;25.58;6.33;70.0;0.0;100.0;40.0;10.0;32.0
2018-11-17 09:00:00;22.61;10.16;80.0;0.0;100.0;40.0;17.0;48.0
2018-11-17 10:00:00;21.27;14.65;70.0;0.0;90.0;40.0;24.0;66.0
2018-11-17 11:00:00;21.09;19.86;80.0;0.0;80.0;40.0;27.0;79.0
2018-11-17 12:00:00;18.27;24.47;70.0;0.0;80.0;40.0;27.0;88.0
2018-11-17 13:00:00;17.55;27.83;70.0;0.0;70.0;40.0;23.0;88.0
2018-11-17 14:00:00;16.22;30.78;70.0;0.0;70.0;40.0;19.0;83.0
2018-11-17 15:00:00;17.02;30.44;60.0;0.0;60.0;40.0;13.0;71.0
2018-11-17 16:00:00;24.54;23.59;60.0;0.0;50.0;30.0;14.0;55.0
2018-11-17 17:00:00;30.27;16.87;80.0;0.0;70.0;40.0;12.0;53.0
2018-11-17 18:00:00;28.93;14.15;70.0;0.0;80.0;30.0;7.0;44.0
2018-11-17 19:00:00;23.33;17.78;50.0;0.0;80.0;30.0;1.0;37.0
2018-11-17 20:00:00;23.34;17.15;80.0;0.0;80.0;40.0;-7.0;35.0
2018-11-17 21:00:00;22.36;18.39;100.0;0.0;90.0;40.0;-13.0;29.0
2018-11-17 22:00:00;23.05;18.8;70.0;0.0;90.0;40.0;-16.0;24.0
2018-11-17 23:00:00;21.02;19.8;70.0;0.0;70.0;40.0;-18.0;22.0
2018-11-18 00:00:00;20.53;19.08;70.0;0.0;80.0;40.0;-18.0;16.0
2018-11-18 01:00:00;18.55;18.9;60.0;0.0;70.0;40.0;-18.0;13.0
2018-11-18 02:00:00;18.44;18.9;60.0;0.0;70.0;30.0;-18.0;11.0
2018-11-18 03:00:00;17.93;17.35;50.0;0.0;70.0;30.0;-20.0;5.0
2018-11-18 04:00:00;16.36;18.29;60.0;0.0;60.0;30.0;-21.0;2.0
2018-11-18 05:00:00;17.17;16.42;50.0;0.0;60.0;20.0;-22.0;-6.0
2018-11-18 06:00:00;18.43;14.04;70.0;0.0;50.0;40.0;-25.0;-9.0
2018-11-18 07:00:00;19.27;12.85;60.0;0.0;40.0;30.0;-22.0;-6.0
2018-11-18 08:00:00;19.78;11.51;50.0;0.0;60.0;20.0;-26.0;16.0
2018-11-18 09:00:00;17.39;16.18;50.0;0.0;50.0;30.0;-29.0;36.0
2018-11-18 10:00:00;15.78;24.39;80.0;0.0;50.0;40.0;-23.0;39.0
2018-11-18 11:00:00;13.95;29.13;90.0;0.0;60.0;50.0;-45.0;72.0
2018-11-18 12:00:00;13.79;34.92;80.0;0.0;50.0;50.0;-42.0;72.0
2018-11-18 13:00:00;13.62;40.05;90.0;0.0;50.0;50.0;-41.0;69.0
2018-11-18 14:00:00;13.72;42.44;100.0;0.0;50.0;50.0;-45.0;64.0
2018-11-18 15:00:00;12.48;48.9;90.0;0.0;50.0;60.0;-50.0;47.0
2018-11-18 16:00:00;16.05;42.1;80.0;0.0;50.0;50.0;-46.0;37.0
2018-11-18 17:00:00;19.87;38.25;70.0;0.0;50.0;50.0;-46.0;28.0
2018-11-18 18:00:00;21.39;33.46;70.0;0.0;40.0;50.0;-50.0;24.0
2018-11-18 19:00:00;19.99;34.72;60.0;0.0;30.0;40.0;-40.0;18.0
2018-11-18 20:00:00;22.44;30.22;70.0;0.0;40.0;40.0;-10.0;27.0
2018-11-18 21:00:00;21.59;24.29;60.0;0.0;40.0;30.0;6.0;36.0
2018-11-18 22:00:00;17.75;22.56;90.0;0.0;60.0;40.0;17.0;35.0
2018-11-18 23:00:00;13.18;22.94;60.0;0.0;40.0;30.0;21.0;40.0
2018-11-19 00:00:00;10.82;22.76;70.0;0.0;40.0;40.0;21.0;34.0
2018-11-19 01:00:00;8.66;25.26;90.0;0.0;40.0;40.0;27.0;42.0
2018-11-19 02:00:00;7.45;26.44;90.0;0.0;50.0;50.0;25.0;46.0
2018-11-19 03:00:00;6.63;30.81;90.0;0.0;40.0;50.0;28.0;46.0
2018-11-19 04:00:00;5.82;34.13;100.0;0.0;40.0;50.0;30.0;49.0
2018-11-19 05:00:00;5.87;35.57;90.0;0.0;50.0;50.0;28.0;47.0
2018-11-19 06:00:00;10.89;34.67;100.0;0.0;50.0;50.0;30.0;53.0
2018-11-19 07:00:00;11.62;34.2;100.0;0.0;40.0;50.0;29.0;55.0
2018-11-19 08:00:00;12.61;33.39;80.0;0.0;40.0;50.0;30.0;56.0
2018-11-19 09:00:00;14.34;32.48;90.0;0.0;40.0;50.0;29.0;59.0
2018-11-19 10:00:00;11.38;34.95;90.0;0.0;40.0;50.0;27.0;65.0
2018-11-19 11:00:00;10.04;37.17;120.0;0.0;40.0;60.0;29.0;69.0
2018-11-19 12:00:00;10.14;37.41;110.0;1.0;50.0;60.0;29.0;61.0
2018-11-19 13:00:00;9.23;38.4;110.0;0.0;50.0;60.0;20.0;62.0
2018-11-19 14:00:00;10.67;36.64;130.0;0.0;60.0;60.0;15.0;56.0
2018-11-19 15:00:00;11.1;36.12;110.0;0.0;60.0;60.0;9.0;50.0
2018-11-19 16:00:00;13.26;35.48;90.0;0.0;50.0;50.0;10.0;46.0
2018-11-19 17:00:00;16.69;29.79;110.0;0.0;40.0;60.0;9.0;47.0
2018-11-19 18:00:00;14.86;29.68;110.0;0.0;60.0;60.0;2.0;44.0
2018-11-19 19:00:00;11.41;33.06;110.0;0.0;40.0;60.0;4.0;39.0
2018-11-19 20:00:00;9.98;31.79;100.0;0.0;50.0;60.0;0.0;37.0
2018-11-19 21:00:00;8.95;30.95;100.0;0.0;50.0;60.0;-3.0;34.0
2018-11-19 22:00:00;8.29;31.64;90.0;0.0;40.0;40.0;-2.0;29.0
2018-11-19 23:00:00;7.24;31.21;110.0;0.0;60.0;50.0;-1.0;42.0
2018-11-20 00:00:00;6.94;30.47;160.0;0.0;70.0;90.0;-23.0;38.0
2018-11-20 01:00:00;5.68;40.28;150.0;0.0;70.0;70.0;-25.0;29.0
2018-11-20 02:00:00;5.21;45.07;140.0;0.0;70.0;80.0;-21.0;31.0
2018-11-20 03:00:00;5.88;43.23;130.0;0.0;70.0;70.0;-17.0;34.0
2018-11-20 04:00:00;5.88;43.43;140.0;0.0;70.0;80.0;-19.0;37.0
2018-11-20 05:00:00;6.21;46.11;130.0;0.0;60.0;80.0;-19.0;38.0
2018-11-20 06:00:00;9.25;44.94;130.0;0.0;70.0;70.0;-13.0;38.0
2018-11-20 07:00:00;12.95;38.29;130.0;0.0;80.0;70.0;-8.0;38.0
2018-11-20 08:00:00;14.94;32.92;120.0;0.0;80.0;70.0;-4.0;37.0
2018-11-20 09:00:00;16.59;30.81;120.0;0.0;80.0;70.0;-5.0;37.0
2018-11-20 10:00:00;16.38;31.13;150.0;0.0;80.0;80.0;-8.0;38.0
2018-11-20 11:00:00;15.38;34.45;140.0;0.0;70.0;80.0;-9.0;35.0
2018-11-20 12:00:00;14.61;36.2;110.0;0.0;80.0;60.0;-8.0;35.0
2018-11-20 13:00:00;15.8;34.75;110.0;0.0;80.0;70.0;-10.0;36.0
2018-11-20 14:00:00;18.01;32.4;120.0;0.0;80.0;70.0;-6.0;35.0
2018-11-20 15:00:00;19.34;28.89;110.0;0.0;80.0;60.0;-9.0;35.0
2018-11-20 16:00:00;20.18;26.44;110.0;0.0;90.0;60.0;-10.0;36.0
2018-11-20 17:00:00;19.18;24.9;120.0;0.0;80.0;70.0;-8.0;36.0
2018-11-20 18:00:00;16.74;25.39;140.0;0.0;90.0;80.0;-2.0;30.0
2018-11-20 19:00:00;14.69;24.81;120.0;0.0;90.0;70.0;-1.0;27.0
2018-11-20 20:00:00;14.36;22.85;100.0;0.0;90.0;60.0;1.0;27.0
2018-11-20 21:00:00;16.87;19.54;100.0;0.0;90.0;60.0;1.0;29.0
2018-11-20 22:00:00;16.06;18.85;90.0;0.0;100.0;50.0;3.0;32.0
2018-11-20 23:00:00;17.35;18.0;110.0;0.0;100.0;60.0;1.0;30.0
2018-11-21 00:00:00;17.95;17.59;100.0;0.0;90.0;60.0;-2.0;20.0
2018-11-21 01:00:00;15.33;18.34;90.0;0.0;90.0;50.0;-1.0;23.0
2018-11-21 02:00:00;11.92;20.59;80.0;0.0;90.0;50.0;-2.0;23.0
2018-11-21 03:00:00;11.66;21.01;80.0;0.0;100.0;50.0;0.0;27.0
2018-11-21 04:00:00;12.52;19.83;80.0;0.0;100.0;40.0;3.0;25.0
2018-11-21 05:00:00;15.81;17.04;60.0;0.0;90.0;40.0;2.0;21.0
2018-11-21 06:00:00;25.81;11.54;70.0;5.0;90.0;40.0;1.0;19.0
2018-11-21 07:00:00;32.76;5.28;70.0;0.0;100.0;40.0;0.0;22.0
2018-11-21 08:00:00;36.66;3.73;80.0;0.0;100.0;40.0;2.0;26.0
2018-11-21 09:00:00;33.1;6.71;70.0;0.0;100.0;40.0;5.0;31.0
2018-11-21 10:00:00;26.03;11.1;60.0;0.0;100.0;40.0;9.0;39.0
2018-11-21 11:00:00;30.71;10.06;50.0;0.0;100.0;30.0;11.0;48.0
2018-11-21 12:00:00;30.3;10.06;50.0;0.0;90.0;30.0;12.0;51.0
2018-11-21 13:00:00;30.71;11.9;50.0;0.0;80.0;30.0;15.0;51.0
2018-11-21 14:00:00;28.66;11.54;60.0;0.0;80.0;30.0;12.0;47.0
2018-11-21 15:00:00;27.58;11.95;50.0;0.0;70.0;30.0;9.0;39.0
2018-11-21 16:00:00;28.56;10.36;70.0;0.0;80.0;30.0;10.0;39.0
2018-11-21 17:00:00;29.58;8.97;60.0;0.0;80.0;40.0;9.0;39.0
2018-11-21 18:00:00;27.8;11.91;60.0;0.0;90.0;30.0;9.0;40.0
2018-11-21 19:00:00;26.3;14.62;50.0;0.0;80.0;30.0;8.0;39.0
2018-11-21 20:00:00;22.1;16.07;50.0;0.0;80.0;30.0;8.0;38.0
2018-11-21 21:00:00;19.92;18.39;60.0;0.0;70.0;30.0;7.0;39.0
2018-11-21 22:00:00;18.03;17.03;60.0;0.0;90.0;30.0;8.0;38.0
2018-11-21 23:00:00;17.39;16.88;50.0;0.0;70.0;30.0;8.0;34.0
2018-11-22 00:00:00;19.55;13.56;60.0;0.0;80.0;40.0;6.0;31.0
2018-11-22 01:00:00;21.11;9.18;60.0;0.0;80.0;40.0;5.0;30.0
2018-11-22 02:00:00;20.68;9.18;50.0;0.0;70.0;30.0;6.0;29.0
2018-11-22 03:00:00;19.79;9.14;50.0;0.0;70.0;30.0;6.0;29.0
2018-11-22 04:00:00;18.93;9.28;50.0;0.0;70.0;30.0;5.0;28.0
2018-11-22 05:00:00;18.94;8.82;80.0;0.0;70.0;40.0;4.0;27.0
2018-11-22 06:00:00;21.68;6.11;80.0;0.0;70.0;40.0;4.0;27.0
2018-11-22 07:00:00;26.67;1.69;60.0;0.0;70.0;40.0;4.0;27.0
2018-11-22 08:00:00;26.32;1.13;60.0;0.0;80.0;40.0;5.0;30.0
2018-11-22 09:00:00;25.36;2.64;60.0;0.0;90.0;40.0;9.0;33.0
2018-11-22 10:00:00;27.05;3.31;50.0;0.0;90.0;30.0;9.0;36.0
2018-11-22 11:00:00;23.38;4.32;50.0;0.0;80.0;30.0;12.0;39.0
2018-11-22 12:00:00;23.94;4.59;50.0;0.0;80.0;30.0;13.0;42.0
2018-11-22 13:00:00;22.42;5.78;60.0;0.0;80.0;40.0;15.0;42.0
2018-11-22 14:00:00;24.55;3.6;50.0;0.0;90.0;30.0;14.0;41.0
2018-11-22 15:00:00;24.99;2.31;60.0;0.0;80.0;30.0;14.0;40.0
2018-11-22 16:00:00;27.2;0.55;50.0;0.0;90.0;30.0;14.0;39.0
2018-11-22 17:00:00;29.73;0.04;50.0;0.0;90.0;30.0;14.0;37.0
2018-11-22 18:00:00;27.7;0.01;40.0;0.0;90.0;30.0;14.0;36.0
2018-11-22 19:00:00;26.95;-0.06;40.0;0.0;100.0;30.0;13.0;36.0
2018-11-22 20:00:00;27.98;-0.02;50.0;0.0;90.0;30.0;9.0;31.0
2018-11-22 21:00:00;26.31;-0.01;40.0;0.0;90.0;30.0;9.0;28.0
2018-11-22 22:00:00;27.35;0.21;40.0;0.0;90.0;20.0;6.0;19.0
2018-11-22 23:00:00;26.34;0.05;30.0;0.0;80.0;20.0;6.0;19.0
2018-11-23 00:00:00;26.54;-0.08;30.0;0.0;90.0;20.0;-2.0;8.0
2018-11-23 01:00:00;25.32;-0.05;30.0;0.0;100.0;20.0;-8.0;-3.0
2018-11-23 02:00:00;26.85;-0.07;30.0;0.0;100.0;20.0;-10.0;-7.0
2018-11-23 03:00:00;28.59;-0.1;40.0;0.0;90.0;20.0;-6.0;0.0
2018-11-23 04:00:00;29.84;-0.11;40.0;0.0;130.0;20.0;-4.0;2.0
2018-11-23 05:00:00;34.59;-0.05;40.0;0.0;100.0;20.0;3.0;11.0
2018-11-23 06:00:00;41.93;-0.03;30.0;0.0;110.0;20.0;2.0;10.0
2018-11-23 07:00:00;48.21;-0.09;30.0;0.0;100.0;20.0;3.0;13.0
2018-11-23 08:00:00;43.29;0.23;40.0;0.0;100.0;20.0;10.0;27.0
2018-11-23 09:00:00;43.57;0.88;40.0;0.0;90.0;20.0;18.0;41.0
2018-11-23 10:00:00;43.45;1.9;40.0;0.0;120.0;20.0;25.0;54.0
2018-11-23 11:00:00;43.81;2.33;30.0;0.0;80.0;20.0;25.0;61.0
2018-11-23 12:00:00;43.92;3.71;40.0;0.0;70.0;20.0;30.0;68.0
2018-11-23 13:00:00;36.55;3.99;30.0;0.0;80.0;20.0;32.0;66.0
2018-11-23 14:00:00;39.13;2.92;40.0;0.0;70.0;20.0;30.0;61.0
2018-11-23 15:00:00;41.56;1.69;40.0;0.0;70.0;20.0;27.0;56.0
2018-11-23 16:00:00;42.28;0.27;60.0;0.0;70.0;30.0;28.0;58.0
2018-11-23 17:00:00;41.38;-0.05;60.0;0.0;80.0;30.0;29.0;54.0
2018-11-23 18:00:00;42.32;0.0;60.0;0.0;80.0;30.0;23.0;42.0
2018-11-23 19:00:00;38.4;0.03;50.0;0.0;70.0;20.0;22.0;38.0
2018-11-23 20:00:00;37.81;0.13;40.0;0.0;70.0;20.0;17.0;30.0
2018-11-23 21:00:00;37.36;0.19;40.0;0.0;80.0;30.0;16.0;29.0
2018-11-23 22:00:00;37.31;-0.09;50.0;0.0;70.0;30.0;15.0;28.0
2018-11-23 23:00:00;37.95;-0.18;50.0;0.0;70.0;30.0;11.0;22.0
2018-11-24 00:00:00;37.46;-0.12;50.0;0.0;60.0;30.0;8.0;17.0
2018-11-24 01:00:00;34.87;-0.22;60.0;0.0;60.0;30.0;6.0;11.0
2018-11-24 02:00:00;31.34;-0.17;50.0;0.0;40.0;30.0;3.0;7.0
2018-11-24 03:00:00;26.78;0.51;70.0;0.0;60.0;40.0;12.0;13.0
2018-11-24 04:00:00;19.79;5.32;60.0;0.0;60.0;30.0;15.0;18.0
2018-11-24 05:00:00;17.55;9.24;60.0;0.0;70.0;30.0;19.0;21.0
2018-11-24 06:00:00;18.05;10.82;60.0;0.0;70.0;40.0;18.0;22.0
2018-11-24 07:00:00;19.0;11.62;70.0;0.0;70.0;30.0;19.0;23.0
2018-11-24 08:00:00;18.94;10.6;70.0;0.0;70.0;40.0;20.0;25.0
2018-11-24 09:00:00;20.96;10.32;60.0;0.0;60.0;30.0;20.0;27.0
2018-11-24 10:00:00;19.9;11.01;50.0;0.0;70.0;30.0;20.0;29.0
2018-11-24 11:00:00;21.05;9.85;60.0;0.0;80.0;40.0;19.0;30.0
2018-11-24 12:00:00;20.94;10.15;50.0;0.0;90.0;30.0;20.0;34.0
2018-11-24 13:00:00;22.33;9.05;50.0;0.0;80.0;30.0;20.0;32.0
2018-11-24 14:00:00;24.93;6.93;40.0;0.0;40.0;20.0;20.0;30.0
2018-11-24 15:00:00;26.48;6.0;40.0;0.0;60.0;20.0;19.0;29.0
2018-11-24 16:00:00;27.56;5.23;40.0;0.0;40.0;20.0;18.0;27.0
2018-11-24 17:00:00;27.36;3.84;30.0;0.0;30.0;20.0;18.0;28.0
2018-11-24 18:00:00;25.75;4.74;30.0;0.0;30.0;20.0;17.0;26.0
2018-11-24 19:00:00;25.89;4.26;40.0;0.0;40.0;20.0;17.0;26.0
2018-11-24 20:00:00;24.45;5.22;30.0;0.0;40.0;20.0;15.0;26.0
2018-11-24 21:00:00;21.82;6.46;30.0;0.0;50.0;10.0;14.0;24.0
2018-11-24 22:00:00;22.43;5.07;20.0;0.0;50.0;10.0;13.0;23.0
2018-11-24 23:00:00;26.87;1.27;20.0;0.0;30.0;10.0;14.0;22.0
2018-11-25 00:00:00;26.27;0.76;10.0;0.0;30.0;10.0;15.0;23.0
2018-11-25 01:00:00;24.87;0.46;10.0;0.0;60.0;10.0;14.0;24.0
2018-11-25 02:00:00;24.85;0.02;30.0;0.0;40.0;10.0;15.0;24.0
2018-11-25 03:00:00;22.74;-0.03;40.0;0.0;60.0;20.0;18.0;25.0
2018-11-25 04:00:00;20.72;0.95;40.0;0.0;70.0;20.0;15.0;23.0
2018-11-25 05:00:00;20.7;1.26;50.0;0.0;70.0;30.0;14.0;24.0
2018-11-25 06:00:00;20.68;1.99;50.0;0.0;40.0;30.0;14.0;24.0
2018-11-25 07:00:00;21.49;2.33;60.0;0.0;60.0;30.0;16.0;23.0
2018-11-25 08:00:00;19.72;3.4;50.0;0.0;60.0;20.0;20.0;27.0
2018-11-25 09:00:00;17.46;4.43;50.0;0.0;40.0;30.0;23.0;28.0
2018-11-25 10:00:00;18.02;4.94;70.0;0.0;30.0;30.0;23.0;37.0
2018-11-25 11:00:00;17.73;3.97;80.0;0.0;50.0;40.0;25.0;37.0
2018-11-25 12:00:00;16.45;4.11;60.0;0.0;50.0;30.0;26.0;39.0
2018-11-25 13:00:00;17.86;3.02;60.0;0.0;50.0;30.0;27.0;38.0
2018-11-25 14:00:00;15.77;3.86;70.0;0.0;60.0;30.0;27.0;39.0
2018-11-25 15:00:00;16.45;3.72;50.0;0.0;50.0;30.0;25.0;39.0
2018-11-25 16:00:00;18.26;2.94;70.0;0.0;50.0;30.0;26.0;39.0
2018-11-25 17:00:00;20.15;2.06;70.0;0.0;60.0;40.0;29.0;39.0
2018-11-25 18:00:00;21.86;0.32;60.0;0.0;50.0;40.0;31.0;39.0
2018-11-25 19:00:00;22.07;0.12;90.0;0.0;60.0;40.0;32.0;41.0
2018-11-25 20:00:00;22.1;0.0;80.0;0.0;60.0;40.0;33.0;43.0
2018-11-25 21:00:00;22.68;-0.07;70.0;0.0;60.0;40.0;34.0;45.0
2018-11-25 22:00:00;23.26;-0.19;60.0;0.0;50.0;30.0;34.0;46.0
2018-11-25 23:00:00;23.06;0.03;70.0;0.0;60.0;40.0;36.0;47.0
2018-11-26 00:00:00;20.84;2.05;70.0;0.0;60.0;40.0;36.0;47.0
2018-11-26 01:00:00;17.86;5.24;60.0;0.0;70.0;40.0;36.0;48.0
2018-11-26 02:00:00;15.05;5.24;70.0;0.0;60.0;40.0;35.0;48.0
2018-11-26 03:00:00;14.72;8.17;80.0;0.0;70.0;40.0;36.0;49.0
2018-11-26 04:00:00;14.98;7.76;70.0;0.0;70.0;40.0;35.0;50.0
2018-11-26 05:00:00;15.8;6.94;70.0;0.0;70.0;40.0;36.0;52.0
2018-11-26 06:00:00;18.2;5.89;70.0;0.0;70.0;40.0;37.0;53.0
2018-11-26 07:00:00;22.75;3.7;70.0;0.0;80.0;40.0;36.0;54.0
2018-11-26 08:00:00;26.44;2.53;70.0;0.0;70.0;40.0;35.0;57.0
2018-11-26 09:00:00;25.1;4.14;80.0;0.0;70.0;50.0;37.0;59.0
2018-11-26 10:00:00;20.48;8.91;80.0;0.0;70.0;50.0;36.0;57.0
2018-11-26 11:00:00;19.06;11.85;70.0;0.0;50.0;40.0;38.0;57.0
2018-11-26 12:00:00;18.71;10.95;60.0;0.0;50.0;30.0;37.0;59.0
2018-11-26 13:00:00;19.44;10.02;40.0;0.0;50.0;30.0;35.0;60.0
2018-11-26 14:00:00;23.12;8.66;50.0;0.0;50.0;30.0;34.0;58.0
2018-11-26 15:00:00;22.17;8.36;60.0;0.0;60.0;40.0;25.0;52.0
2018-11-26 16:00:00;21.31;10.34;60.0;0.0;50.0;40.0;20.0;47.0
2018-11-26 17:00:00;22.15;12.11;60.0;0.0;50.0;40.0;14.0;41.0
2018-11-26 18:00:00;19.68;16.67;50.0;0.0;60.0;30.0;11.0;39.0
2018-11-26 19:00:00;17.12;21.85;50.0;0.0;60.0;30.0;12.0;38.0
2018-11-26 20:00:00;18.97;19.74;70.0;0.0;80.0;30.0;6.0;36.0
2018-11-26 21:00:00;15.62;25.13;40.0;0.0;70.0;20.0;8.0;36.0
2018-11-26 22:00:00;15.73;24.98;40.0;0.0;70.0;20.0;8.0;36.0
2018-11-26 23:00:00;14.69;20.82;30.0;0.0;60.0;20.0;10.0;35.0
2018-11-27 00:00:00;15.07;18.76;30.0;0.0;40.0;20.0;11.0;32.0
2018-11-27 01:00:00;16.08;15.31;30.0;0.0;40.0;20.0;12.0;31.0
2018-11-27 02:00:00;16.56;13.57;30.0;0.0;40.0;20.0;12.0;29.0
2018-11-27 03:00:00;17.73;12.0;30.0;0.0;40.0;20.0;12.0;28.0
2018-11-27 04:00:00;18.62;9.55;20.0;0.0;40.0;20.0;13.0;29.0
2018-11-27 05:00:00;21.27;7.51;20.0;0.0;70.0;10.0;13.0;30.0
2018-11-27 06:00:00;28.07;3.93;20.0;0.0;60.0;10.0;14.0;30.0
2018-11-27 07:00:00;32.04;0.7;30.0;0.0;80.0;10.0;15.0;32.0
2018-11-27 08:00:00;32.68;0.31;40.0;0.0;90.0;20.0;16.0;37.0
2018-11-27 09:00:00;30.9;1.74;50.0;0.0;100.0;30.0;21.0;45.0
2018-11-27 10:00:00;30.78;6.13;60.0;0.0;110.0;40.0;18.0;48.0
2018-11-27 11:00:00;29.05;10.0;50.0;0.0;140.0;30.0;20.0;50.0
2018-11-27 12:00:00;30.19;6.65;60.0;0.0;150.0;30.0;24.0;50.0
2018-11-27 13:00:00;31.98;4.11;60.0;0.0;180.0;30.0;21.0;51.0
2018-11-27 14:00:00;39.85;2.76;60.0;0.0;170.0;30.0;20.0;46.0
2018-11-27 15:00:00;42.94;2.34;60.0;0.0;140.0;30.0;16.0;40.0
2018-11-27 16:00:00;40.29;4.06;50.0;0.0;130.0;30.0;9.0;26.0
2018-11-27 17:00:00;46.55;3.26;40.0;0.0;130.0;30.0;9.0;20.0
2018-11-27 18:00:00;46.95;1.43;40.0;0.0;130.0;30.0;9.0;16.0
2018-11-27 19:00:00;45.39;0.19;70.0;0.0;130.0;30.0;12.0;25.0
2018-11-27 20:00:00;40.96;0.02;70.0;0.0;130.0;40.0;4.0;25.0
2018-11-27 21:00:00;44.58;0.06;80.0;0.0;140.0;50.0;2.0;25.0
2018-11-27 22:00:00;47.46;0.47;80.0;0.0;120.0;50.0;6.0;29.0
2018-11-27 23:00:00;45.84;0.67;80.0;0.0;130.0;50.0;9.0;29.0
2018-11-28 00:00:00;42.63;0.28;80.0;0.0;140.0;50.0;10.0;30.0
2018-11-28 01:00:00;38.0;0.41;90.0;0.0;140.0;50.0;10.0;33.0
2018-11-28 02:00:00;34.04;1.68;90.0;0.0;140.0;50.0;10.0;34.0
2018-11-28 03:00:00;29.41;4.86;90.0;0.0;140.0;50.0;9.0;33.0
2018-11-28 04:00:00;26.1;7.45;90.0;0.0;140.0;50.0;14.0;37.0
2018-11-28 05:00:00;25.57;8.75;90.0;0.0;140.0;50.0;19.0;40.0
2018-11-28 06:00:00;30.42;6.08;80.0;0.0;140.0;50.0;24.0;40.0
2018-11-28 07:00:00;32.82;3.87;90.0;0.0;140.0;50.0;27.0;43.0
2018-11-28 08:00:00;40.96;2.44;80.0;0.0;150.0;50.0;34.0;49.0
2018-11-28 09:00:00;34.93;5.04;100.0;0.0;150.0;50.0;31.0;56.0
2018-11-28 10:00:00;33.63;7.18;100.0;0.0;150.0;60.0;40.0;59.0
2018-11-28 11:00:00;32.68;7.94;110.0;6.0;150.0;60.0;48.0;61.0
2018-11-28 12:00:00;35.93;9.18;110.0;2.0;150.0;60.0;51.0;66.0
2018-11-28 13:00:00;32.46;10.85;110.0;0.0;150.0;60.0;54.0;70.0
2018-11-28 14:00:00;31.5;12.09;100.0;10.0;150.0;60.0;63.0;67.0
2018-11-28 15:00:00;36.36;9.71;90.0;9.0;150.0;60.0;67.0;71.0
2018-11-28 16:00:00;40.6;8.01;100.0;0.0;160.0;50.0;69.0;75.0
2018-11-28 17:00:00;34.29;7.26;100.0;0.0;170.0;60.0;72.0;80.0
2018-11-28 18:00:00;29.2;8.24;100.0;0.0;170.0;60.0;74.0;81.0
2018-11-28 19:00:00;27.97;10.37;90.0;6.0;160.0;50.0;77.0;82.0
2018-11-28 20:00:00;23.12;11.75;90.0;0.0;160.0;50.0;78.0;85.0
2018-11-28 21:00:00;21.12;13.37;90.0;6.0;160.0;50.0;83.0;87.0
2018-11-28 22:00:00;19.13;16.02;80.0;6.0;170.0;50.0;87.0;92.0
2018-11-28 23:00:00;16.17;21.02;80.0;9.0;170.0;50.0;89.0;95.0
2018-11-29 00:00:00;13.61;23.84;90.0;9.0;180.0;50.0;92.0;97.0
2018-11-29 01:00:00;13.8;24.91;80.0;10.0;180.0;50.0;94.0;99.0
2018-11-29 02:00:00;13.2;27.04;80.0;8.0;180.0;50.0;97.0;102.0
2018-11-29 03:00:00;11.65;31.04;90.0;9.0;180.0;50.0;98.0;103.0
2018-11-29 04:00:00;8.3;34.69;90.0;9.0;180.0;50.0;94.0;102.0
2018-11-29 05:00:00;11.29;34.78;80.0;0.0;160.0;40.0;92.0;101.0
2018-11-29 06:00:00;24.04;27.71;80.0;9.0;170.0;50.0;90.0;102.0
2018-11-29 07:00:00;30.53;19.59;90.0;8.0;160.0;50.0;86.0;101.0
2018-11-29 08:00:00;34.98;19.01;120.0;8.0;160.0;60.0;87.0;98.0
2018-11-29 09:00:00;32.52;22.44;110.0;8.0;170.0;60.0;88.0;100.0
2018-11-29 10:00:00;26.7;25.66;100.0;9.0;160.0;50.0;88.0;99.0
2018-11-29 11:00:00;26.72;25.6;100.0;6.0;150.0;60.0;84.0;97.0
2018-11-29 12:00:00;30.98;20.75;100.0;10.0;150.0;60.0;83.0;98.0
2018-11-29 13:00:00;37.68;17.78;110.0;9.0;160.0;60.0;82.0;100.0
2018-11-29 14:00:00;39.64;19.7;110.0;0.0;170.0;60.0;77.0;102.0
2018-11-29 15:00:00;36.0;16.73;110.0;0.0;180.0;50.0;70.0;111.0
2018-11-29 16:00:00;40.26;14.94;110.0;0.0;170.0;50.0;68.0;108.0
2018-11-29 17:00:00;36.22;15.79;90.0;0.0;170.0;50.0;67.0;108.0
2018-11-29 18:00:00;36.39;15.23;100.0;0.0;180.0;50.0;69.0;108.0
2018-11-29 19:00:00;29.19;18.97;90.0;0.0;170.0;50.0;69.0;104.0
2018-11-29 20:00:00;30.82;18.52;80.0;0.0;180.0;50.0;70.0;105.0
2018-11-29 21:00:00;29.52;17.12;70.0;0.0;170.0;40.0;71.0;100.0
2018-11-29 22:00:00;29.21;17.22;80.0;0.0;170.0;40.0;74.0;104.0
2018-11-29 23:00:00;24.77;20.44;80.0;0.0;180.0;50.0;75.0;103.0
2018-11-30 00:00:00;21.32;23.07;70.0;0.0;180.0;40.0;78.0;107.0
2018-11-30 01:00:00;19.45;25.31;80.0;0.0;180.0;40.0;80.0;108.0
2018-11-30 02:00:00;16.41;25.31;80.0;0.0;190.0;50.0;78.0;107.0
2018-11-30 03:00:00;12.28;31.89;80.0;0.0;190.0;40.0;76.0;101.0
2018-11-30 04:00:00;12.54;34.28;90.0;0.0;200.0;50.0;76.0;102.0
2018-11-30 05:00:00;14.96;35.61;80.0;0.0;200.0;40.0;77.0;103.0
2018-11-30 06:00:00;24.43;31.9;80.0;0.0;200.0;40.0;72.0;96.0
2018-11-30 07:00:00;36.5;24.21;90.0;0.0;190.0;50.0;73.0;96.0
2018-11-30 08:00:00;39.35;20.68;90.0;0.0;190.0;50.0;75.0;102.0
2018-11-30 09:00:00;37.8;21.3;110.0;0.0;200.0;60.0;75.0;103.0
2018-11-30 10:00:00;33.32;27.34;100.0;0.0;210.0;60.0;75.0;109.0
2018-11-30 11:00:00;28.6;31.98;110.0;0.0;220.0;60.0;76.0;110.0
2018-11-30 12:00:00;27.83;33.69;100.0;0.0;220.0;60.0;73.0;113.0
2018-11-30 13:00:00;26.66;33.82;90.0;0.0;220.0;40.0;75.0;111.0
2018-11-30 14:00:00;34.0;31.41;80.0;0.0;210.0;50.0;74.0;109.0
2018-11-30 15:00:00;37.98;27.2;80.0;0.0;210.0;40.0;72.0;101.0
2018-11-30 16:00:00;39.09;24.1;70.0;0.0;210.0;40.0;67.0;96.0
2018-11-30 17:00:00;42.44;21.98;60.0;0.0;200.0;40.0;64.0;91.0
2018-11-30 18:00:00;44.48;21.79;80.0;0.0;210.0;40.0;61.0;84.0
2018-11-30 19:00:00;42.03;21.23;70.0;0.0;210.0;40.0;54.0;78.0
2018-11-30 20:00:00;41.64;21.81;60.0;0.0;210.0;40.0;49.0;71.0
2018-11-30 21:00:00;38.38;21.97;60.0;0.0;200.0;30.0;50.0;68.0
2018-11-30 22:00:00;32.36;27.12;70.0;0.0;210.0;40.0;53.0;66.0
2018-11-30 23:00:00;35.65;22.96;60.0;0.0;210.0;40.0;53.0;64.0
2018-12-01 00:00:00;30.0;22.21;70.0;0.0;200.0;40.0;52.0;63.0
2018-12-01 01:00:00;28.42;23.38;70.0;0.0;210.0;40.0;50.0;61.0
2018-12-01 02:00:00;25.86;22.46;70.0;0.0;200.0;40.0;50.0;60.0
2018-12-01 03:00:00;24.59;22.77;70.0;0.0;200.0;40.0;50.0;61.0
2018-12-01 04:00:00;24.92;22.12;70.0;0.0;210.0;40.0;53.0;64.0
2018-12-01 05:00:00;26.69;20.25;60.0;0.0;190.0;40.0;52.0;67.0
2018-12-01 06:00:00;26.28;21.04;60.0;0.0;180.0;30.0;53.0;64.0
2018-12-01 07:00:00;29.39;19.65;60.0;0.0;190.0;40.0;56.0;67.0
2018-12-01 08:00:00;26.57;18.46;80.0;0.0;190.0;40.0;55.0;69.0
2018-12-01 09:00:00;25.1;20.97;90.0;0.0;190.0;50.0;55.0;73.0
2018-12-01 10:00:00;27.11;23.9;100.0;0.0;180.0;50.0;52.0;76.0
2018-12-01 11:00:00;30.06;24.07;90.0;0.0;170.0;50.0;56.0;81.0
2018-12-01 12:00:00;28.63;26.24;70.0;0.0;180.0;40.0;59.0;85.0
2018-12-01 13:00:00;27.18;27.19;100.0;0.0;180.0;50.0;60.0;85.0
2018-12-01 14:00:00;23.81;29.78;100.0;0.0;170.0;50.0;64.0;83.0
2018-12-01 15:00:00;23.61;30.58;110.0;4.0;160.0;60.0;68.0;80.0
2018-12-01 16:00:00;20.58;34.26;110.0;8.0;170.0;50.0;72.0;79.0
2018-12-01 17:00:00;16.19;39.36;100.0;10.0;180.0;60.0;75.0;80.0
2018-12-01 18:00:00;15.93;39.46;100.0;9.0;180.0;60.0;80.0;85.0
2018-12-01 19:00:00;15.22;38.76;110.0;7.0;190.0;60.0;84.0;89.0
2018-12-01 20:00:00;14.46;37.89;120.0;7.0;190.0;60.0;87.0;92.0
2018-12-01 21:00:00;13.08;36.75;100.0;9.0;190.0;60.0;89.0;93.0
2018-12-01 22:00:00;11.78;35.67;100.0;9.0;190.0;50.0;90.0;94.0
2018-12-01 23:00:00;11.44;34.94;100.0;9.0;190.0;50.0;93.0;96.0
2018-12-02 00:00:00;12.13;33.89;110.0;7.0;190.0;60.0;95.0;98.0
2018-12-02 01:00:00;10.61;33.14;90.0;8.0;190.0;50.0;98.0;100.0
2018-12-02 02:00:00;9.25;32.03;90.0;7.0;180.0;50.0;99.0;101.0
2018-12-02 03:00:00;9.57;31.0;90.0;8.0;180.0;60.0;99.0;102.0
2018-12-02 04:00:00;8.59;30.93;90.0;7.0;180.0;60.0;100.0;104.0
2018-12-02 05:00:00;8.15;31.22;90.0;9.0;180.0;50.0;101.0;104.0
2018-12-02 06:00:00;10.77;29.57;90.0;10.0;190.0;50.0;105.0;108.0
2018-12-02 07:00:00;12.52;28.26;90.0;10.0;220.0;50.0;117.0;119.0
2018-12-02 08:00:00;13.93;28.45;100.0;9.0;230.0;50.0;122.0;125.0
2018-12-02 09:00:00;15.73;31.06;90.0;7.0;230.0;50.0;124.0;128.0
2018-12-02 10:00:00;17.52;34.59;100.0;10.0;240.0;50.0;124.0;128.0
2018-12-02 11:00:00;18.16;35.06;90.0;1.0;240.0;50.0;124.0;132.0
2018-12-02 12:00:00;18.78;34.74;100.0;8.0;240.0;50.0;121.0;125.0
2018-12-02 13:00:00;21.65;33.85;100.0;2.0;230.0;50.0;117.0;127.0
2018-12-02 14:00:00;21.09;34.52;110.0;2.0;230.0;60.0;117.0;126.0
2018-12-02 15:00:00;18.67;37.82;100.0;0.0;230.0;50.0;116.0;127.0
2018-12-02 16:00:00;17.38;37.23;100.0;0.0;230.0;50.0;112.0;128.0
2018-12-02 17:00:00;17.98;37.16;110.0;0.0;240.0;60.0;108.0;127.0
2018-12-02 18:00:00;15.31;41.16;100.0;0.0;230.0;60.0;105.0;124.0
2018-12-02 19:00:00;16.96;40.2;110.0;0.0;230.0;60.0;113.0;128.0
2018-12-02 20:00:00;14.65;40.05;110.0;0.0;230.0;60.0;114.0;127.0
2018-12-02 21:00:00;13.5;41.37;100.0;4.0;230.0;50.0;120.0;129.0
2018-12-02 22:00:00;12.64;40.55;90.0;0.0;230.0;50.0;119.0;129.0
2018-12-02 23:00:00;11.04;39.93;110.0;3.0;230.0;60.0;119.0;127.0
2018-12-03 00:00:00;8.05;43.3;100.0;0.0;230.0;60.0;116.0;129.0
2018-12-03 01:00:00;8.63;43.3;120.0;0.0;230.0;60.0;113.0;130.0
2018-12-03 02:00:00;7.24;43.77;130.0;5.0;240.0;60.0;115.0;125.0
2018-12-03 03:00:00;6.36;45.95;110.0;0.0;250.0;60.0;106.0;127.0
2018-12-03 04:00:00;7.91;46.05;110.0;0.0;250.0;60.0;88.0;118.0
2018-12-03 05:00:00;10.26;50.57;90.0;0.0;230.0;50.0;102.0;119.0
2018-12-03 06:00:00;23.86;35.29;90.0;0.0;230.0;50.0;99.0;118.0
2018-12-03 07:00:00;33.53;28.62;90.0;0.0;230.0;50.0;94.0;114.0
2018-12-03 08:00:00;33.0;29.01;110.0;0.0;230.0;60.0;95.0;114.0
2018-12-03 09:00:00;26.88;33.82;100.0;0.0;230.0;50.0;92.0;124.0
2018-12-03 10:00:00;28.58;34.53;110.0;0.0;230.0;50.0;99.0;126.0
2018-12-03 11:00:00;25.17;36.13;100.0;0.0;230.0;50.0;104.0;131.0
2018-12-03 12:00:00;25.0;37.39;110.0;0.0;220.0;50.0;107.0;128.0
2018-12-03 13:00:00;29.62;32.89;100.0;1.0;220.0;50.0;106.0;125.0
2018-12-03 14:00:00;31.2;30.92;100.0;1.0;230.0;50.0;105.0;121.0
2018-12-03 15:00:00;30.79;32.34;110.0;7.0;230.0;40.0;106.0;123.0
2018-12-03 16:00:00;37.86;26.68;100.0;0.0;240.0;60.0;101.0;121.0
2018-12-03 17:00:00;27.9;37.03;100.0;0.0;250.0;50.0;98.0;118.0
2018-12-03 18:00:00;27.03;38.06;100.0;0.0;250.0;50.0;97.0;116.0
2018-12-03 19:00:00;32.98;31.32;100.0;6.0;320.0;40.0;93.0;101.0
2018-12-03 20:00:00;26.67;35.79;110.0;9.0;340.0;40.0;75.0;82.0
2018-12-03 21:00:00;10.18;49.8;70.0;4.0;320.0;30.0;64.0;80.0
2018-12-03 22:00:00;7.89;54.8;40.0;0.0;290.0;20.0;59.0;80.0
2018-12-03 23:00:00;14.71;47.66;50.0;0.0;280.0;20.0;56.0;74.0
2018-12-04 00:00:00;25.69;37.34;40.0;0.0;270.0;20.0;48.0;70.0
2018-12-04 01:00:00;25.8;33.85;60.0;3.0;270.0;20.0;49.0;70.0
2018-12-04 02:00:00;17.37;33.85;70.0;1.0;290.0;20.0;40.0;49.0
2018-12-04 03:00:00;15.66;44.07;60.0;0.0;280.0;20.0;39.0;65.0
2018-12-04 04:00:00;17.45;40.37;40.0;0.0;260.0;20.0;33.0;55.0
2018-12-04 05:00:00;30.21;28.31;70.0;0.0;280.0;20.0;27.0;59.0
2018-12-04 06:00:00;41.13;25.13;50.0;0.0;330.0;20.0;30.0;56.0
2018-12-04 07:00:00;59.1;15.16;30.0;0.0;250.0;10.0;25.0;34.0
2018-12-04 08:00:00;73.95;4.21;30.0;0.0;240.0;20.0;37.0;60.0
2018-12-04 09:00:00;87.52;1.08;40.0;0.0;280.0;20.0;34.0;80.0
2018-12-04 10:00:00;81.6;3.64;60.0;0.0;330.0;20.0;26.0;83.0
2018-12-04 11:00:00;58.25;16.3;80.0;0.0;330.0;30.0;26.0;80.0
2018-12-04 12:00:00;12.58;49.94;30.0;0.0;240.0;10.0;25.0;92.0
2018-12-04 13:00:00;29.7;39.07;30.0;0.0;300.0;20.0;23.0;89.0
2018-12-04 14:00:00;48.41;25.23;30.0;0.0;310.0;10.0;27.0;67.0
2018-12-04 15:00:00;67.69;13.31;20.0;0.0;230.0;10.0;19.0;33.0
2018-12-04 16:00:00;85.85;0.44;20.0;0.0;190.0;10.0;21.0;27.0
2018-12-04 17:00:00;86.07;0.32;20.0;0.0;150.0;10.0;16.0;20.0
2018-12-04 18:00:00;82.55;0.69;10.0;0.0;130.0;10.0;14.0;18.0
2018-12-04 19:00:00;81.96;0.86;10.0;0.0;130.0;10.0;1.0;4.0
2018-12-04 20:00:00;77.14;0.9;30.0;0.0;160.0;10.0;4.0;8.0
2018-12-04 21:00:00;77.27;0.94;30.0;0.0;160.0;20.0;5.0;9.0
2018-12-04 22:00:00;77.23;0.28;30.0;0.0;160.0;20.0;12.0;16.0
2018-12-04 23:00:00;67.63;0.16;20.0;0.0;140.0;10.0;15.0;19.0
2018-12-05 00:00:00;61.47;0.15;40.0;0.0;140.0;20.0;20.0;24.0
2018-12-05 01:00:00;57.52;0.05;40.0;0.0;160.0;20.0;26.0;31.0
2018-12-05 02:00:00;53.29;-0.08;40.0;0.0;150.0;20.0;26.0;32.0
2018-12-05 03:00:00;50.74;0.08;30.0;0.0;150.0;20.0;21.0;27.0
2018-12-05 04:00:00;49.54;0.15;40.0;0.0;150.0;20.0;23.0;27.0
2018-12-05 05:00:00;46.36;0.01;40.0;0.0;140.0;30.0;25.0;31.0
2018-12-05 06:00:00;51.07;-0.06;50.0;0.0;140.0;30.0;23.0;34.0
2018-12-05 07:00:00;51.41;-0.08;60.0;0.0;150.0;30.0;22.0;38.0
2018-12-05 08:00:00;52.64;0.16;60.0;0.0;150.0;40.0;24.0;40.0
2018-12-05 09:00:00;54.08;1.17;60.0;0.0;140.0;40.0;32.0;51.0
2018-12-05 10:00:00;40.79;4.06;70.0;0.0;140.0;40.0;34.0;52.0
2018-12-05 11:00:00;42.79;6.02;70.0;0.0;140.0;40.0;33.0;56.0
2018-12-05 12:00:00;41.94;7.04;70.0;0.0;130.0;40.0;39.0;60.0
2018-12-05 13:00:00;40.97;6.28;80.0;5.0;140.0;40.0;47.0;59.0
2018-12-05 14:00:00;47.79;3.33;80.0;10.0;140.0;50.0;53.0;61.0
2018-12-05 15:00:00;51.48;1.25;90.0;7.0;150.0;50.0;59.0;65.0
2018-12-05 16:00:00;54.82;0.41;90.0;6.0;150.0;50.0;64.0;70.0
2018-12-05 17:00:00;45.99;2.18;80.0;3.0;150.0;50.0;67.0;72.0
2018-12-05 18:00:00;41.44;3.91;80.0;0.0;150.0;50.0;68.0;77.0
2018-12-05 19:00:00;36.78;6.04;80.0;0.0;150.0;40.0;67.0;80.0
2018-12-05 20:00:00;33.37;6.28;70.0;4.0;160.0;40.0;72.0;78.0
2018-12-05 21:00:00;34.47;6.6;60.0;5.0;160.0;30.0;75.0;80.0
2018-12-05 22:00:00;32.01;8.93;60.0;7.0;170.0;30.0;78.0;81.0
2018-12-05 23:00:00;25.5;11.96;60.0;0.0;170.0;30.0;80.0;84.0
2018-12-06 00:00:00;22.26;13.23;60.0;7.0;170.0;30.0;85.0;87.0
2018-12-06 01:00:00;18.35;14.94;60.0;7.0;190.0;40.0;91.0;93.0
2018-12-06 02:00:00;16.79;15.84;60.0;6.0;200.0;30.0;95.0;97.0
2018-12-06 03:00:00;15.04;16.59;70.0;0.0;220.0;40.0;98.0;101.0
2018-12-06 04:00:00;16.25;14.4;60.0;7.0;220.0;40.0;101.0;104.0
2018-12-06 05:00:00;20.99;12.21;70.0;0.0;230.0;30.0;106.0;108.0
2018-12-06 06:00:00;31.66;6.68;70.0;0.0;240.0;40.0;108.0;111.0
2018-12-06 07:00:00;41.49;2.35;70.0;0.0;240.0;30.0;110.0;113.0
2018-12-06 08:00:00;45.75;0.96;70.0;0.0;240.0;40.0;111.0;114.0
2018-12-06 09:00:00;46.54;2.24;70.0;0.0;230.0;30.0;106.0;113.0
2018-12-06 10:00:00;52.76;6.21;90.0;6.0;230.0;50.0;106.0;112.0
2018-12-06 11:00:00;39.23;19.24;100.0;0.0;230.0;50.0;103.0;116.0
2018-12-06 12:00:00;37.71;19.23;90.0;0.0;230.0;50.0;98.0;116.0
2018-12-06 13:00:00;34.52;22.22;100.0;0.0;230.0;50.0;102.0;114.0
2018-12-06 14:00:00;35.64;24.22;90.0;0.0;220.0;50.0;107.0;114.0
2018-12-06 15:00:00;39.16;20.9;100.0;0.0;230.0;50.0;109.0;120.0
2018-12-06 16:00:00;39.64;19.54;100.0;0.0;240.0;50.0;109.0;123.0
2018-12-06 17:00:00;36.36;21.34;120.0;0.0;230.0;60.0;110.0;122.0
2018-12-06 18:00:00;28.92;27.54;110.0;0.0;220.0;60.0;108.0;123.0
2018-12-06 19:00:00;21.89;31.53;150.0;0.0;230.0;60.0;99.0;116.0
2018-12-06 20:00:00;15.88;43.46;120.0;2.0;230.0;60.0;109.0;114.0
2018-12-06 21:00:00;14.69;45.59;110.0;9.0;230.0;60.0;108.0;112.0
2018-12-06 22:00:00;13.01;43.87;110.0;7.0;230.0;60.0;111.0;114.0
2018-12-06 23:00:00;12.76;42.46;110.0;9.0;230.0;60.0;110.0;113.0
2018-12-07 00:00:00;11.6;42.92;110.0;8.0;230.0;60.0;108.0;113.0
2018-12-07 01:00:00;9.03;44.69;110.0;10.0;230.0;60.0;109.0;113.0
2018-12-07 02:00:00;11.38;42.21;120.0;6.0;230.0;60.0;108.0;114.0
2018-12-07 03:00:00;9.76;44.26;120.0;6.0;220.0;60.0;109.0;113.0
2018-12-07 04:00:00;8.2;43.97;100.0;10.0;220.0;60.0;108.0;112.0
2018-12-07 05:00:00;10.39;40.84;110.0;10.0;210.0;60.0;109.0;113.0
2018-12-07 06:00:00;17.58;35.74;140.0;9.0;220.0;70.0;109.0;114.0
2018-12-07 07:00:00;20.37;33.8;130.0;8.0;210.0;80.0;108.0;114.0
2018-12-07 08:00:00;25.86;31.0;130.0;2.0;210.0;80.0;107.0;114.0
2018-12-07 09:00:00;24.22;32.89;140.0;0.0;210.0;80.0;106.0;116.0
2018-12-07 10:00:00;22.53;33.31;150.0;0.0;210.0;80.0;104.0;117.0
2018-12-07 11:00:00;21.76;34.58;130.0;0.0;210.0;80.0;103.0;116.0
2018-12-07 12:00:00;23.23;35.46;120.0;9.0;200.0;70.0;104.0;114.0
2018-12-07 13:00:00;23.27;35.2;150.0;6.0;200.0;80.0;103.0;112.0
2018-12-07 14:00:00;25.53;36.02;130.0;10.0;200.0;70.0;100.0;109.0
2018-12-07 15:00:00;30.77;33.63;170.0;10.0;300.0;70.0;66.0;86.0
2018-12-07 16:00:00;24.99;39.92;140.0;6.0;280.0;50.0;52.0;78.0
2018-12-07 17:00:00;22.77;50.64;70.0;0.0;240.0;40.0;50.0;80.0
2018-12-07 18:00:00;37.06;37.59;120.0;4.0;280.0;50.0;47.0;74.0
2018-12-07 19:00:00;28.24;42.05;90.0;0.0;250.0;40.0;42.0;74.0
2018-12-07 20:00:00;23.33;41.44;100.0;2.0;260.0;50.0;39.0;76.0
2018-12-07 21:00:00;21.03;45.33;90.0;0.0;250.0;50.0;27.0;76.0
2018-12-07 22:00:00;16.4;48.75;100.0;0.0;240.0;50.0;28.0;75.0
2018-12-07 23:00:00;16.77;49.66;100.0;0.0;230.0;40.0;34.0;71.0
2018-12-08 00:00:00;16.42;47.36;90.0;0.0;220.0;50.0;40.0;74.0
2018-12-08 01:00:00;12.67;47.93;150.0;6.0;230.0;70.0;50.0;71.0
2018-12-08 02:00:00;7.36;47.93;110.0;3.0;220.0;60.0;48.0;69.0
2018-12-08 03:00:00;9.54;47.77;120.0;4.0;220.0;60.0;53.0;74.0
2018-12-08 04:00:00;10.22;45.48;140.0;0.0;230.0;70.0;54.0;81.0
2018-12-08 05:00:00;10.43;46.4;120.0;2.0;220.0;60.0;56.0;83.0
2018-12-08 06:00:00;9.44;49.22;120.0;4.0;240.0;60.0;63.0;84.0
2018-12-08 07:00:00;10.63;50.23;130.0;9.0;240.0;70.0;67.0;84.0
2018-12-08 08:00:00;12.41;50.31;130.0;8.0;250.0;70.0;61.0;95.0
2018-12-08 09:00:00;16.97;47.36;170.0;0.0;260.0;80.0;56.0;102.0
2018-12-08 10:00:00;19.61;47.36;180.0;0.0;260.0;80.0;53.0;103.0
2018-12-08 11:00:00;19.65;47.61;150.0;0.0;250.0;80.0;51.0;103.0
2018-12-08 12:00:00;18.0;49.13;150.0;0.0;260.0;80.0;46.0;103.0
2018-12-08 13:00:00;17.64;49.81;160.0;0.0;250.0;80.0;50.0;102.0
2018-12-08 14:00:00;19.28;49.18;140.0;0.0;250.0;70.0;51.0;102.0
2018-12-08 15:00:00;15.94;50.76;130.0;0.0;240.0;60.0;59.0;99.0
2018-12-08 16:00:00;17.09;48.22;130.0;0.0;230.0;60.0;70.0;104.0
2018-12-08 17:00:00;16.11;49.39;110.0;10.0;210.0;60.0;87.0;93.0
2018-12-08 18:00:00;19.14;47.39;160.0;10.0;220.0;60.0;89.0;99.0
2018-12-08 19:00:00;19.78;42.82;140.0;0.0;220.0;70.0;85.0;101.0
2018-12-08 20:00:00;15.78;42.87;130.0;0.0;240.0;70.0;76.0;110.0
2018-12-08 21:00:00;11.89;51.45;200.0;5.0;280.0;70.0;64.0;81.0
2018-12-08 22:00:00;9.73;62.89;160.0;10.0;270.0;50.0;76.0;88.0
2018-12-08 23:00:00;13.19;60.45;150.0;9.0;270.0;70.0;66.0;88.0
2018-12-09 00:00:00;7.79;61.32;150.0;0.0;270.0;70.0;57.0;99.0
2018-12-09 01:00:00;9.58;59.68;160.0;4.0;260.0;70.0;60.0;95.0
2018-12-09 02:00:00;11.02;58.18;160.0;2.0;260.0;80.0;56.0;99.0
2018-12-09 03:00:00;12.12;57.49;160.0;0.0;270.0;80.0;59.0;93.0
2018-12-09 04:00:00;10.01;57.36;150.0;4.0;260.0;80.0;62.0;90.0
2018-12-09 05:00:00;9.23;56.11;150.0;10.0;270.0;70.0;63.0;89.0
2018-12-09 06:00:00;11.36;55.34;130.0;9.0;260.0;70.0;64.0;88.0
2018-12-09 07:00:00;8.94;53.2;150.0;7.0;270.0;60.0;68.0;87.0
2018-12-09 08:00:00;8.24;52.65;120.0;8.0;300.0;40.0;65.0;75.0
2018-12-09 09:00:00;10.36;51.01;100.0;8.0;290.0;40.0;64.0;78.0
2018-12-09 10:00:00;12.32;51.02;90.0;8.0;290.0;40.0;61.0;81.0
2018-12-09 11:00:00;12.26;51.81;90.0;0.0;290.0;40.0;65.0;93.0
2018-12-09 12:00:00;18.29;45.41;120.0;1.0;310.0;50.0;58.0;92.0
2018-12-09 13:00:00;10.67;52.51;110.0;0.0;300.0;50.0;57.0;93.0
2018-12-09 14:00:00;10.66;55.76;130.0;2.0;300.0;50.0;54.0;82.0
2018-12-09 15:00:00;13.26;52.33;160.0;7.0;300.0;50.0;50.0;72.0
2018-12-09 16:00:00;13.4;50.08;110.0;0.0;310.0;40.0;47.0;76.0
2018-12-09 17:00:00;17.12;50.26;90.0;0.0;280.0;40.0;40.0;74.0
2018-12-09 18:00:00;18.97;49.07;120.0;2.0;320.0;30.0;40.0;67.0
2018-12-09 19:00:00;22.67;45.26;110.0;2.0;290.0;40.0;36.0;64.0
2018-12-09 20:00:00;13.94;55.13;120.0;0.0;300.0;50.0;24.0;70.0
2018-12-09 21:00:00;9.6;59.61;110.0;0.0;290.0;40.0;25.0;65.0
2018-12-09 22:00:00;11.15;60.74;130.0;2.0;310.0;40.0;28.0;56.0
2018-12-09 23:00:00;11.86;61.86;80.0;0.0;290.0;40.0;24.0;57.0
2018-12-10 00:00:00;6.38;65.65;100.0;2.0;300.0;40.0;25.0;55.0
2018-12-10 01:00:00;4.04;64.98;80.0;0.0;300.0;30.0;27.0;54.0
2018-12-10 02:00:00;7.05;59.8;100.0;2.0;280.0;30.0;26.0;56.0
2018-12-10 03:00:00;6.09;59.33;110.0;0.0;310.0;40.0;32.0;56.0
2018-12-10 04:00:00;6.51;60.15;70.0;0.0;300.0;30.0;18.0;52.0
2018-12-10 05:00:00;9.67;57.15;70.0;0.0;290.0;20.0;25.0;48.0
2018-12-10 06:00:00;47.5;28.2;30.0;0.0;290.0;10.0;21.0;37.0
2018-12-10 07:00:00;85.09;2.37;90.0;3.0;300.0;30.0;26.0;45.0
2018-12-10 08:00:00;81.55;3.92;110.0;2.0;280.0;20.0;31.0;56.0
2018-12-10 09:00:00;70.67;11.81;120.0;5.0;300.0;50.0;33.0;59.0
2018-12-10 10:00:00;18.4;48.27;100.0;3.0;300.0;40.0;38.0;60.0
2018-12-10 11:00:00;19.14;47.16;80.0;0.0;290.0;30.0;33.0;70.0
2018-12-10 12:00:00;25.81;45.15;120.0;0.0;300.0;50.0;22.0;71.0
2018-12-10 13:00:00;15.79;56.6;90.0;0.0;300.0;40.0;12.0;75.0
2018-12-10 14:00:00;23.71;49.44;120.0;0.0;330.0;50.0;19.0;62.0
2018-12-10 15:00:00;19.43;53.77;100.0;0.0;300.0;30.0;18.0;57.0
2018-12-10 16:00:00;27.53;47.01;100.0;1.0;290.0;30.0;22.0;51.0
2018-12-10 17:00:00;31.98;41.59;80.0;0.0;290.0;30.0;18.0;52.0
2018-12-10 18:00:00;32.62;40.44;70.0;0.0;290.0;30.0;21.0;55.0
2018-12-10 19:00:00;47.38;28.08;50.0;4.0;300.0;20.0;28.0;50.0
2018-12-10 20:00:00;46.4;24.44;80.0;2.0;310.0;30.0;30.0;57.0
2018-12-10 21:00:00;16.22;46.02;70.0;0.0;300.0;30.0;24.0;50.0
2018-12-10 22:00:00;22.7;39.07;60.0;0.0;310.0;30.0;24.0;51.0
2018-12-10 23:00:00;19.12;42.34;50.0;0.0;290.0;20.0;25.0;44.0
2018-12-11 00:00:00;22.32;39.2;50.0;0.0;300.0;20.0;17.0;45.0
2018-12-11 01:00:00;14.94;43.16;40.0;0.0;280.0;20.0;17.0;39.0
2018-12-11 02:00:00;9.88;47.94;40.0;0.0;290.0;20.0;13.0;37.0
2018-12-11 03:00:00;18.91;38.55;40.0;0.0;300.0;20.0;11.0;26.0
2018-12-11 04:00:00;11.9;45.12;40.0;0.0;280.0;20.0;18.0;39.0
2018-12-11 05:00:00;26.25;33.88;60.0;0.0;350.0;20.0;25.0;48.0
2018-12-11 06:00:00;35.32;34.09;40.0;0.0;280.0;20.0;19.0;40.0
2018-12-11 07:00:00;60.56;17.77;40.0;0.0;280.0;20.0;20.0;44.0
2018-12-11 08:00:00;75.27;7.54;50.0;0.0;310.0;20.0;27.0;55.0
2018-12-11 09:00:00;65.56;14.86;40.0;0.0;310.0;20.0;27.0;61.0
2018-12-11 10:00:00;65.69;13.21;50.0;0.0;300.0;20.0;32.0;70.0
2018-12-11 11:00:00;61.96;16.89;50.0;0.0;290.0;20.0;34.0;69.0
2018-12-11 12:00:00;55.55;20.16;40.0;0.0;280.0;20.0;39.0;71.0
2018-12-11 13:00:00;58.96;16.77;90.0;2.0;310.0;20.0;39.0;62.0
2018-12-11 14:00:00;33.49;34.02;20.0;0.0;310.0;10.0;34.0;55.0
2018-12-11 15:00:00;44.78;27.52;30.0;0.0;300.0;10.0;28.0;47.0
2018-12-11 16:00:00;46.22;28.46;20.0;0.0;280.0;10.0;31.0;40.0
2018-12-11 17:00:00;77.53;6.05;20.0;0.0;300.0;10.0;32.0;43.0
2018-12-11 18:00:00;83.09;1.43;20.0;0.0;310.0;10.0;27.0;31.0
2018-12-11 19:00:00;80.41;1.15;20.0;0.0;290.0;10.0;11.0;15.0
2018-12-11 20:00:00;83.79;0.11;20.0;0.0;290.0;10.0;6.0;9.0
2018-12-11 21:00:00;82.69;0.16;20.0;0.0;310.0;10.0;1.0;5.0
2018-12-11 22:00:00;82.76;0.22;20.0;0.0;330.0;10.0;-6.0;-3.0
2018-12-11 23:00:00;75.56;0.14;20.0;0.0;340.0;10.0;-11.0;-8.0
2018-12-12 00:00:00;58.79;0.19;10.0;0.0;0.0;0.0;-18.0;-15.0
2018-12-12 01:00:00;53.79;0.02;10.0;0.0;340.0;0.0;-24.0;-21.0
2018-12-12 02:00:00;43.46;0.02;10.0;0.0;0.0;0.0;-30.0;-24.0
2018-12-12 03:00:00;39.21;0.33;10.0;0.0;0.0;0.0;-30.0;-27.0
2018-12-12 04:00:00;36.69;0.31;10.0;0.0;0.0;0.0;-31.0;-27.0
2018-12-12 05:00:00;39.6;0.3;20.0;0.0;40.0;10.0;-20.0;-16.0
2018-12-12 06:00:00;55.75;0.31;30.0;0.0;40.0;10.0;-14.0;-10.0
2018-12-12 07:00:00;61.06;0.16;20.0;0.0;70.0;10.0;-3.0;0.0
2018-12-12 08:00:00;59.46;0.22;30.0;0.0;90.0;20.0;7.0;14.0
2018-12-12 09:00:00;53.23;0.76;50.0;0.0;80.0;30.0;8.0;28.0
2018-12-12 10:00:00;42.92;4.1;40.0;0.0;90.0;20.0;9.0;37.0
2018-12-12 11:00:00;39.26;7.84;40.0;0.0;90.0;30.0;11.0;41.0
2018-12-12 12:00:00;35.14;12.62;60.0;0.0;90.0;30.0;7.0;36.0
2018-12-12 13:00:00;37.54;10.12;60.0;0.0;90.0;40.0;8.0;39.0
2018-12-12 14:00:00;35.57;14.46;50.0;0.0;90.0;30.0;-3.0;39.0
2018-12-12 15:00:00;32.96;19.72;50.0;0.0;90.0;30.0;-4.0;36.0
2018-12-12 16:00:00;34.95;17.97;40.0;0.0;60.0;20.0;-7.0;24.0
2018-12-12 17:00:00;39.36;8.44;40.0;0.0;60.0;20.0;-12.0;10.0
2018-12-12 18:00:00;45.78;2.67;50.0;0.0;70.0;30.0;-2.0;9.0
2018-12-12 19:00:00;40.3;0.62;50.0;0.0;80.0;30.0;1.0;10.0
2018-12-12 20:00:00;33.5;0.38;40.0;0.0;80.0;30.0;-4.0;5.0
2018-12-12 21:00:00;32.62;0.34;50.0;0.0;80.0;30.0;-3.0;4.0
2018-12-12 22:00:00;31.99;0.23;60.0;0.0;80.0;30.0;-5.0;1.0
2018-12-12 23:00:00;30.75;0.06;70.0;0.0;70.0;40.0;-2.0;4.0
2018-12-13 00:00:00;28.91;0.07;70.0;0.0;80.0;50.0;0.0;5.0
2018-12-13 01:00:00;28.73;0.66;70.0;0.0;70.0;50.0;0.0;3.0
2018-12-13 02:00:00;22.46;5.73;60.0;0.0;50.0;30.0;-7.0;1.0
2018-12-13 03:00:00;16.72;12.37;50.0;0.0;50.0;40.0;-11.0;-5.0
2018-12-13 04:00:00;16.38;13.02;70.0;0.0;60.0;40.0;-6.0;-1.0
2018-12-13 05:00:00;18.75;10.93;60.0;0.0;70.0;40.0;-2.0;2.0
2018-12-13 06:00:00;21.78;8.42;60.0;0.0;70.0;40.0;-6.0;1.0
2018-12-13 07:00:00;26.36;7.0;70.0;0.0;70.0;40.0;-9.0;-2.0
2018-12-13 08:00:00;32.34;5.92;60.0;0.0;60.0;40.0;-7.0;2.0
2018-12-13 09:00:00;31.99;7.84;70.0;0.0;70.0;40.0;-8.0;10.0
2018-12-13 10:00:00;27.7;11.97;80.0;0.0;80.0;50.0;-7.0;19.0
2018-12-13 11:00:00;21.17;19.86;110.0;0.0;70.0;60.0;-9.0;23.0
2018-12-13 12:00:00;19.05;25.02;100.0;0.0;70.0;60.0;-7.0;22.0
2018-12-13 13:00:00;20.39;23.92;90.0;0.0;60.0;50.0;-9.0;24.0
2018-12-13 14:00:00;18.89;25.43;80.0;0.0;70.0;50.0;-11.0;21.0
2018-12-13 15:00:00;22.82;20.66;70.0;0.0;50.0;30.0;-11.0;13.0
2018-12-13 16:00:00;30.88;11.37;50.0;0.0;50.0;30.0;-11.0;9.0
2018-12-13 17:00:00;34.15;7.26;50.0;0.0;50.0;30.0;-14.0;3.0
2018-12-13 18:00:00;33.91;7.8;50.0;0.0;50.0;30.0;-13.0;1.0
2018-12-13 19:00:00;34.47;6.4;50.0;0.0;40.0;30.0;-8.0;8.0
2018-12-13 20:00:00;26.79;11.51;60.0;0.0;50.0;40.0;-6.0;11.0
2018-12-13 21:00:00;23.3;13.19;50.0;0.0;50.0;30.0;-7.0;10.0
2018-12-13 22:00:00;21.08;13.51;50.0;0.0;60.0;30.0;-8.0;7.0
2018-12-13 23:00:00;18.76;13.18;40.0;0.0;40.0;30.0;-10.0;2.0
2018-12-14 00:00:00;18.72;11.52;50.0;0.0;40.0;30.0;-10.0;-1.0
2018-12-14 01:00:00;17.54;10.53;50.0;0.0;40.0;30.0;-13.0;-4.0
2018-12-14 02:00:00;17.78;9.55;40.0;0.0;40.0;30.0;-13.0;-7.0
2018-12-14 03:00:00;18.77;7.38;50.0;0.0;40.0;30.0;-7.0;1.0
2018-12-14 04:00:00;18.29;7.39;40.0;0.0;40.0;30.0;-6.0;1.0
2018-12-14 05:00:00;18.6;7.48;40.0;0.0;40.0;30.0;-5.0;0.0
2018-12-14 06:00:00;24.13;3.7;40.0;0.0;30.0;20.0;-2.0;5.0
2018-12-14 07:00:00;29.18;1.13;40.0;0.0;30.0;20.0;-4.0;2.0
2018-12-14 08:00:00;29.53;0.9;50.0;0.0;50.0;30.0;-4.0;4.0
2018-12-14 09:00:00;28.16;2.7;70.0;0.0;60.0;40.0;-4.0;11.0
2018-12-14 10:00:00;21.88;8.08;60.0;0.0;70.0;40.0;-10.0;18.0
2018-12-14 11:00:00;17.72;15.26;70.0;0.0;80.0;50.0;-11.0;24.0
2018-12-14 12:00:00;21.35;17.37;70.0;0.0;90.0;40.0;-14.0;29.0
2018-12-14 13:00:00;17.43;20.98;60.0;0.0;90.0;30.0;-17.0;27.0
2018-12-14 14:00:00;21.16;21.68;70.0;0.0;50.0;40.0;-11.0;22.0
2018-12-14 15:00:00;23.02;16.23;60.0;0.0;60.0;30.0;-13.0;11.0
2018-12-14 16:00:00;28.6;7.99;30.0;0.0;40.0;10.0;-12.0;13.0
2018-12-14 17:00:00;35.61;3.34;30.0;0.0;40.0;20.0;-12.0;10.0
2018-12-14 18:00:00;38.82;1.3;30.0;0.0;50.0;20.0;-10.0;8.0
2018-12-14 19:00:00;39.66;0.73;40.0;0.0;60.0;20.0;-13.0;10.0
2018-12-14 20:00:00;39.11;1.0;40.0;0.0;70.0;30.0;-21.0;12.0
2018-12-14 21:00:00;29.7;9.39;50.0;0.0;100.0;30.0;-21.0;12.0
2018-12-14 22:00:00;26.73;10.79;40.0;0.0;80.0;20.0;-20.0;9.0
2018-12-14 23:00:00;34.81;6.15;40.0;0.0;70.0;20.0;-21.0;8.0
2018-12-15 00:00:00;30.23;6.31;30.0;0.0;100.0;20.0;-17.0;5.0
2018-12-15 01:00:00;29.63;6.36;30.0;0.0;80.0;10.0;-19.0;4.0
2018-12-15 02:00:00;24.01;8.31;40.0;0.0;100.0;20.0;-22.0;4.0
2018-12-15 03:00:00;22.89;8.52;40.0;0.0;110.0;30.0;-22.0;2.0
2018-12-15 04:00:00;23.27;7.93;40.0;0.0;120.0;30.0;-24.0;3.0
2018-12-15 05:00:00;32.56;3.18;50.0;0.0;120.0;30.0;-29.0;3.0
2018-12-15 06:00:00;34.33;3.16;50.0;0.0;130.0;30.0;-38.0;4.0
2018-12-15 07:00:00;31.32;8.65;50.0;0.0;130.0;30.0;-39.0;4.0
2018-12-15 08:00:00;29.14;11.0;60.0;0.0;140.0;30.0;-40.0;5.0
2018-12-15 09:00:00;33.42;9.85;70.0;0.0;140.0;40.0;-53.0;6.0
2018-12-15 10:00:00;31.01;13.91;90.0;0.0;140.0;50.0;-56.0;7.0
2018-12-15 11:00:00;26.54;20.82;110.0;0.0;150.0;50.0;-52.0;6.0
2018-12-15 12:00:00;20.8;25.25;110.0;0.0;150.0;60.0;-55.0;7.0
2018-12-15 13:00:00;22.8;26.02;110.0;0.0;140.0;60.0;-52.0;7.0
2018-12-15 14:00:00;22.11;26.09;110.0;0.0;140.0;60.0;-49.0;7.0
2018-12-15 15:00:00;21.17;23.47;130.0;0.0;150.0;70.0;-49.0;7.0
2018-12-15 16:00:00;24.61;23.38;120.0;0.0;130.0;70.0;-46.0;1.0
2018-12-15 17:00:00;21.59;24.85;120.0;0.0;130.0;70.0;-45.0;0.0
2018-12-15 18:00:00;25.4;19.56;130.0;0.0;130.0;70.0;-45.0;-3.0
2018-12-15 19:00:00;26.08;16.51;140.0;0.0;130.0;70.0;-44.0;-4.0
2018-12-15 20:00:00;26.21;15.57;140.0;0.0;130.0;80.0;-45.0;-1.0
2018-12-15 21:00:00;25.26;16.28;150.0;0.0;140.0;80.0;-44.0;2.0
2018-12-15 22:00:00;23.91;16.76;120.0;0.0;140.0;70.0;-44.0;6.0
2018-12-15 23:00:00;20.42;20.05;120.0;7.0;140.0;70.0;-18.0;-10.0
2018-12-16 00:00:00;18.01;19.46;120.0;10.0;140.0;70.0;-17.0;-7.0
2018-12-16 01:00:00;16.34;19.08;110.0;10.0;150.0;60.0;-15.0;-8.0
2018-12-16 02:00:00;16.09;19.08;100.0;7.0;150.0;60.0;-13.0;-6.0
2018-12-16 03:00:00;16.49;19.17;100.0;0.0;160.0;60.0;-12.0;-4.0
2018-12-16 04:00:00;16.36;18.92;80.0;0.0;160.0;50.0;-10.0;-4.0
2018-12-16 05:00:00;17.02;18.09;70.0;0.0;160.0;40.0;-5.0;-1.0
2018-12-16 06:00:00;17.76;17.4;60.0;0.0;160.0;30.0;-1.0;1.0
2018-12-16 07:00:00;21.53;16.03;60.0;0.0;160.0;30.0;2.0;3.0
2018-12-16 08:00:00;25.18;13.74;50.0;0.0;150.0;30.0;5.0;5.0
2018-12-16 09:00:00;28.12;10.38;50.0;0.0;160.0;20.0;10.0;10.0
2018-12-16 10:00:00;31.5;9.01;40.0;0.0;150.0;20.0;13.0;13.0
2018-12-16 11:00:00;31.83;8.66;30.0;0.0;160.0;20.0;18.0;18.0
2018-12-16 12:00:00;37.71;6.44;40.0;0.0;170.0;20.0;19.0;19.0
2018-12-16 13:00:00;42.05;5.05;40.0;0.0;160.0;20.0;20.0;20.0
2018-12-16 14:00:00;43.29;4.72;40.0;0.0;160.0;30.0;21.0;21.0
2018-12-16 15:00:00;45.32;2.98;50.0;0.0;180.0;30.0;23.0;23.0
2018-12-16 16:00:00;44.69;1.26;60.0;0.0;180.0;30.0;28.0;28.0
2018-12-16 17:00:00;49.43;0.4;50.0;0.0;190.0;30.0;30.0;30.0
2018-12-16 18:00:00;49.03;1.82;40.0;0.0;180.0;20.0;32.0;32.0
2018-12-16 19:00:00;45.37;4.3;50.0;0.0;170.0;20.0;29.0;32.0
2018-12-16 20:00:00;36.66;12.24;70.0;0.0;180.0;30.0;29.0;32.0
2018-12-16 21:00:00;27.6;22.65;60.0;0.0;170.0;30.0;26.0;29.0
2018-12-16 22:00:00;22.22;22.93;80.0;0.0;170.0;40.0;23.0;26.0
2018-12-16 23:00:00;17.46;24.88;80.0;0.0;160.0;40.0;24.0;24.0
2018-12-17 00:00:00;14.44;25.02;70.0;0.0;160.0;40.0;24.0;24.0
2018-12-17 01:00:00;15.31;23.11;50.0;0.0;150.0;30.0;27.0;27.0
2018-12-17 02:00:00;13.56;24.26;60.0;0.0;150.0;30.0;30.0;33.0
2018-12-17 03:00:00;11.49;26.68;60.0;0.0;150.0;40.0;36.0;39.0
2018-12-17 04:00:00;10.39;28.82;60.0;7.0;150.0;40.0;42.0;45.0
2018-12-17 05:00:00;12.43;29.74;60.0;8.0;150.0;40.0;46.0;49.0
2018-12-17 06:00:00;26.48;22.04;60.0;10.0;150.0;30.0;50.0;52.0
2018-12-17 07:00:00;44.01;14.96;70.0;9.0;190.0;40.0;57.0;61.0
2018-12-17 08:00:00;55.08;8.85;70.0;10.0;210.0;40.0;64.0;68.0
2018-12-17 09:00:00;54.02;11.2;80.0;10.0;230.0;40.0;65.0;71.0
2018-12-17 10:00:00;43.23;20.48;70.0;9.0;230.0;40.0;66.0;71.0
2018-12-17 11:00:00;49.15;18.25;70.0;0.0;230.0;40.0;64.0;74.0
2018-12-17 12:00:00;53.23;14.54;70.0;0.0;230.0;30.0;62.0;80.0
2018-12-17 13:00:00;44.06;20.59;80.0;0.0;250.0;40.0;56.0;84.0
2018-12-17 14:00:00;31.77;31.35;80.0;0.0;250.0;40.0;55.0;82.0
2018-12-17 15:00:00;45.36;24.14;70.0;0.0;240.0;30.0;51.0;72.0
2018-12-17 16:00:00;42.82;24.42;50.0;0.0;230.0;30.0;52.0;66.0
2018-12-17 17:00:00;59.32;10.55;50.0;0.0;210.0;30.0;49.0;62.0
2018-12-17 18:00:00;57.74;11.49;50.0;0.0;210.0;30.0;45.0;52.0
2018-12-17 19:00:00;52.9;13.34;50.0;0.0;210.0;30.0;42.0;47.0
2018-12-17 20:00:00;54.03;8.77;50.0;0.0;200.0;30.0;42.0;47.0
2018-12-17 21:00:00;58.06;2.82;60.0;0.0;200.0;30.0;43.0;46.0
2018-12-17 22:00:00;54.8;1.84;60.0;0.0;200.0;30.0;46.0;49.0
2018-12-17 23:00:00;53.72;2.35;60.0;0.0;170.0;30.0;42.0;44.0
2018-12-18 00:00:00;36.87;7.82;90.0;0.0;200.0;40.0;51.0;54.0
2018-12-18 01:00:00;28.09;12.75;90.0;0.0;190.0;50.0;56.0;59.0
2018-12-18 02:00:00;20.36;20.19;100.0;0.0;190.0;40.0;53.0;62.0
2018-12-18 03:00:00;15.56;27.61;80.0;0.0;180.0;40.0;53.0;62.0
2018-12-18 04:00:00;13.54;32.47;60.0;0.0;180.0;40.0;56.0;64.0
2018-12-18 05:00:00;14.19;34.4;50.0;0.0;160.0;30.0;58.0;63.0
2018-12-18 06:00:00;25.57;27.57;60.0;0.0;160.0;30.0;58.0;67.0
2018-12-18 07:00:00;46.64;15.65;70.0;0.0;170.0;40.0;58.0;70.0
2018-12-18 08:00:00;42.12;17.9;70.0;0.0;160.0;40.0;56.0;71.0
2018-12-18 09:00:00;34.61;23.3;80.0;0.0;170.0;50.0;57.0;74.0
2018-12-18 10:00:00;29.48;28.93;90.0;0.0;160.0;50.0;56.0;75.0
2018-12-18 11:00:00;25.47;30.86;90.0;0.0;170.0;40.0;55.0;77.0
2018-12-18 12:00:00;23.65;32.67;80.0;0.0;150.0;50.0;56.0;76.0
2018-12-18 13:00:00;28.94;30.23;70.0;0.0;140.0;40.0;52.0;73.0
2018-12-18 14:00:00;36.69;19.1;80.0;0.0;140.0;40.0;49.0;69.0
2018-12-18 15:00:00;47.75;10.52;90.0;0.0;130.0;50.0;43.0;67.0
2018-12-18 16:00:00;49.01;9.31;100.0;0.0;140.0;60.0;40.0;63.0
2018-12-18 17:00:00;41.66;13.57;100.0;0.0;140.0;60.0;32.0;59.0
2018-12-18 18:00:00;30.01;23.92;100.0;0.0;140.0;60.0;28.0;54.0
2018-12-18 19:00:00;33.11;21.83;110.0;0.0;140.0;60.0;25.0;56.0
2018-12-18 20:00:00;34.01;21.26;100.0;0.0;140.0;60.0;23.0;56.0
2018-12-18 21:00:00;30.46;22.41;90.0;0.0;130.0;60.0;22.0;54.0
2018-12-18 22:00:00;25.67;23.99;120.0;0.0;140.0;60.0;20.0;54.0
2018-12-18 23:00:00;25.37;23.41;100.0;0.0;140.0;60.0;15.0;60.0
2018-12-19 00:00:00;19.24;26.27;90.0;0.0;150.0;60.0;16.0;60.0
2018-12-19 01:00:00;15.04;29.13;90.0;0.0;160.0;50.0;17.0;57.0
2018-12-19 02:00:00;15.25;27.36;70.0;0.0;150.0;40.0;21.0;56.0
2018-12-19 03:00:00;15.65;26.37;50.0;0.0;170.0;30.0;28.0;58.0
2018-12-19 04:00:00;15.21;25.06;100.0;5.0;190.0;50.0;49.0;58.0
2018-12-19 05:00:00;15.39;26.7;80.0;0.0;190.0;40.0;54.0;62.0
2018-12-19 06:00:00;22.6;20.37;70.0;0.0;190.0;40.0;60.0;67.0
2018-12-19 07:00:00;37.79;10.34;60.0;0.0;190.0;40.0;63.0;72.0
2018-12-19 08:00:00;44.82;4.99;80.0;0.0;190.0;40.0;61.0;75.0
2018-12-19 09:00:00;38.77;12.08;90.0;0.0;190.0;40.0;63.0;81.0
2018-12-19 10:00:00;35.28;17.37;90.0;0.0;180.0;50.0;64.0;87.0
2018-12-19 11:00:00;35.31;23.82;90.0;0.0;190.0;50.0;64.0;94.0
2018-12-19 12:00:00;34.05;27.0;90.0;0.0;190.0;50.0;66.0;94.0
2018-12-19 13:00:00;31.73;27.81;80.0;0.0;190.0;50.0;65.0;95.0
2018-12-19 14:00:00;36.11;23.4;80.0;0.0;180.0;40.0;64.0;91.0
2018-12-19 15:00:00;44.49;20.62;70.0;0.0;180.0;30.0;61.0;81.0
2018-12-19 16:00:00;51.27;15.68;70.0;0.0;180.0;30.0;64.0;87.0
2018-12-19 17:00:00;55.5;11.16;90.0;0.0;180.0;50.0;62.0;88.0
2018-12-19 18:00:00;40.74;19.43;80.0;0.0;180.0;50.0;60.0;81.0
2018-12-19 19:00:00;34.49;22.47;80.0;0.0;180.0;40.0;57.0;72.0
2018-12-19 20:00:00;39.79;17.73;70.0;0.0;180.0;40.0;55.0;72.0
2018-12-19 21:00:00;35.5;18.03;70.0;0.0;170.0;40.0;53.0;66.0
2018-12-19 22:00:00;33.18;18.46;60.0;0.0;170.0;30.0;51.0;63.0
2018-12-19 23:00:00;35.35;15.33;50.0;0.0;170.0;30.0;50.0;61.0
2018-12-20 00:00:00;28.32;17.81;60.0;0.0;170.0;30.0;52.0;63.0
2018-12-20 01:00:00;24.71;21.28;50.0;0.0;160.0;30.0;55.0;63.0
2018-12-20 02:00:00;20.76;21.28;50.0;0.0;160.0;30.0;57.0;65.0
2018-12-20 03:00:00;16.25;24.8;60.0;0.0;160.0;30.0;54.0;61.0
2018-12-20 04:00:00;13.5;30.48;50.0;0.0;160.0;30.0;54.0;60.0
2018-12-20 05:00:00;17.01;28.99;70.0;0.0;190.0;30.0;57.0;70.0
2018-12-20 06:00:00;24.94;26.89;80.0;0.0;180.0;50.0;55.0;72.0
2018-12-20 07:00:00;31.23;24.13;80.0;0.0;190.0;50.0;56.0;73.0
2018-12-20 08:00:00;40.33;18.21;100.0;0.0;190.0;50.0;56.0;74.0
2018-12-20 09:00:00;35.47;23.68;90.0;0.0;190.0;50.0;56.0;78.0
2018-12-20 10:00:00;34.6;26.95;100.0;0.0;200.0;50.0;60.0;78.0
2018-12-20 11:00:00;34.66;25.79;100.0;0.0;210.0;60.0;58.0;79.0
2018-12-20 12:00:00;34.35;28.07;110.0;8.0;190.0;50.0;65.0;75.0
2018-12-20 13:00:00;30.98;28.73;100.0;2.0;200.0;50.0;65.0;76.0
2018-12-20 14:00:00;38.19;23.69;80.0;0.0;210.0;50.0;63.0;81.0
2018-12-20 15:00:00;38.36;24.85;90.0;0.0;210.0;50.0;62.0;82.0
2018-12-20 16:00:00;39.15;27.26;90.0;0.0;210.0;60.0;61.0;82.0
2018-12-20 17:00:00;36.52;25.5;100.0;0.0;210.0;50.0;64.0;84.0
2018-12-20 18:00:00;31.52;27.6;90.0;4.0;220.0;50.0;69.0;83.0
2018-12-20 19:00:00;32.79;26.77;100.0;0.0;220.0;60.0;67.0;87.0
2018-12-20 20:00:00;30.66;27.45;110.0;0.0;210.0;60.0;61.0;85.0
2018-12-20 21:00:00;23.49;31.44;110.0;2.0;210.0;70.0;65.0;80.0
2018-12-20 22:00:00;18.17;38.71;110.0;2.0;210.0;60.0;67.0;80.0
2018-12-20 23:00:00;17.09;37.1;110.0;2.0;200.0;70.0;66.0;79.0
2018-12-21 00:00:00;16.29;35.7;110.0;4.0;200.0;60.0;63.0;78.0
2018-12-21 01:00:00;15.16;36.51;90.0;2.0;200.0;40.0;63.0;76.0
2018-12-21 02:00:00;11.69;38.28;60.0;4.0;170.0;30.0;63.0;74.0
2018-12-21 03:00:00;11.71;37.39;100.0;7.0;170.0;50.0;71.0;77.0
2018-12-21 04:00:00;13.11;37.19;90.0;10.0;170.0;50.0;74.0;79.0
2018-12-21 05:00:00;9.99;42.94;90.0;10.0;170.0;50.0;77.0;82.0
2018-12-21 06:00:00;13.71;41.31;90.0;10.0;180.0;60.0;82.0;89.0
2018-12-21 07:00:00;20.47;34.68;100.0;10.0;170.0;50.0;89.0;92.0
2018-12-21 08:00:00;30.59;26.49;80.0;10.0;170.0;50.0;94.0;97.0
2018-12-21 09:00:00;32.6;25.48;100.0;10.0;220.0;60.0;107.0;110.0
2018-12-21 10:00:00;31.12;27.3;130.0;9.0;240.0;70.0;114.0;122.0
2018-12-21 11:00:00;25.12;34.76;150.0;0.0;240.0;80.0;111.0;122.0
2018-12-21 12:00:00;20.32;40.2;150.0;2.0;240.0;80.0;103.0;122.0
2018-12-21 13:00:00;20.03;42.28;150.0;0.0;240.0;90.0;95.0;118.0
2018-12-21 14:00:00;18.2;45.35;160.0;0.0;250.0;80.0;76.0;113.0
2018-12-21 15:00:00;19.85;48.58;190.0;0.0;250.0;90.0;75.0;102.0
2018-12-21 16:00:00;16.72;52.57;170.0;4.0;250.0;80.0;71.0;107.0
2018-12-21 17:00:00;19.24;48.5;160.0;0.0;250.0;80.0;67.0;113.0
2018-12-21 18:00:00;19.07;47.07;160.0;3.0;260.0;70.0;81.0;93.0
2018-12-21 19:00:00;24.96;40.57;130.0;0.0;260.0;60.0;76.0;95.0
2018-12-21 20:00:00;30.15;33.46;110.0;0.0;260.0;50.0;71.0;96.0
2018-12-21 21:00:00;31.1;31.18;100.0;0.0;270.0;40.0;74.0;93.0
2018-12-21 22:00:00;27.84;30.42;60.0;4.0;240.0;20.0;78.0;89.0
2018-12-21 23:00:00;23.55;32.95;70.0;2.0;240.0;30.0;82.0;92.0
2018-12-22 00:00:00;25.26;30.44;80.0;0.0;230.0;40.0;78.0;94.0
2018-12-22 01:00:00;20.56;35.46;90.0;8.0;230.0;40.0;83.0;95.0
2018-12-22 02:00:00;11.58;43.87;110.0;10.0;210.0;50.0;85.0;92.0
2018-12-22 03:00:00;10.18;48.14;110.0;7.0;240.0;60.0;86.0;98.0
2018-12-22 04:00:00;10.35;48.12;130.0;0.0;270.0;50.0;79.0;95.0
2018-12-22 05:00:00;18.06;40.47;90.0;3.0;270.0;40.0;83.0;90.0
2018-12-22 06:00:00;13.59;41.12;100.0;2.0;280.0;50.0;77.0;89.0
2018-12-22 07:00:00;12.22;48.4;90.0;0.0;260.0;50.0;73.0;93.0
2018-12-22 08:00:00;18.26;43.1;110.0;0.0;260.0;50.0;68.0;98.0
2018-12-22 09:00:00;32.9;34.07;110.0;0.0;260.0;50.0;73.0;102.0
2018-12-22 10:00:00;29.98;35.42;120.0;0.0;260.0;60.0;69.0;106.0
2018-12-22 11:00:00;30.26;36.56;120.0;0.0;270.0;60.0;71.0;105.0
2018-12-22 12:00:00;17.72;43.76;120.0;0.0;270.0;60.0;70.0;103.0
2018-12-22 13:00:00;17.54;42.18;110.0;0.0;270.0;50.0;70.0;101.0
2018-12-22 14:00:00;21.33;39.4;110.0;0.0;280.0;50.0;67.0;100.0
2018-12-22 15:00:00;19.85;41.55;90.0;0.0;260.0;40.0;67.0;97.0
2018-12-22 16:00:00;28.27;34.79;70.0;2.0;260.0;40.0;70.0;95.0
2018-12-22 17:00:00;43.53;23.96;100.0;0.0;260.0;40.0;67.0;96.0
2018-12-22 18:00:00;40.87;25.19;80.0;2.0;260.0;40.0;65.0;92.0
2018-12-22 19:00:00;34.18;29.6;80.0;2.0;250.0;40.0;66.0;94.0
2018-12-22 20:00:00;32.97;29.92;80.0;4.0;260.0;40.0;64.0;92.0
2018-12-22 21:00:00;29.45;31.45;80.0;0.0;260.0;40.0;62.0;91.0
2018-12-22 22:00:00;23.64;34.14;70.0;0.0;260.0;30.0;63.0;92.0
2018-12-22 23:00:00;20.97;34.28;60.0;0.0;250.0;30.0;59.0;89.0
2018-12-23 00:00:00;25.94;30.83;60.0;0.0;230.0;30.0;58.0;80.0
2018-12-23 01:00:00;17.93;33.35;60.0;0.0;230.0;30.0;61.0;80.0
2018-12-23 02:00:00;20.89;26.48;60.0;0.0;240.0;30.0;62.0;75.0
2018-12-23 03:00:00;18.7;25.34;60.0;0.0;230.0;30.0;60.0;68.0
2018-12-23 04:00:00;21.32;20.3;60.0;0.0;220.0;40.0;59.0;65.0
2018-12-23 05:00:00;25.94;15.42;60.0;0.0;220.0;40.0;64.0;69.0
2018-12-23 06:00:00;22.11;18.6;60.0;0.0;220.0;40.0;65.0;71.0
2018-12-23 07:00:00;20.31;19.28;60.0;0.0;220.0;30.0;65.0;71.0
2018-12-23 08:00:00;20.78;20.7;60.0;0.0;230.0;30.0;70.0;75.0
2018-12-23 09:00:00;22.92;18.05;50.0;8.0;210.0;30.0;74.0;78.0
2018-12-23 10:00:00;26.28;17.31;40.0;10.0;200.0;20.0;75.0;79.0
2018-12-23 11:00:00;30.27;17.4;50.0;10.0;200.0;30.0;79.0;83.0
2018-12-23 12:00:00;31.83;15.06;70.0;3.0;220.0;30.0;75.0;84.0
2018-12-23 13:00:00;26.58;27.31;60.0;7.0;200.0;20.0;74.0;81.0
2018-12-23 14:00:00;39.8;23.71;20.0;9.0;50.0;10.0;73.0;76.0
2018-12-23 15:00:00;36.6;27.37;30.0;10.0;30.0;10.0;71.0;73.0
2018-12-23 16:00:00;29.38;31.83;30.0;10.0;30.0;20.0;69.0;72.0
2018-12-23 17:00:00;23.0;36.69;70.0;10.0;20.0;30.0;65.0;70.0
2018-12-23 18:00:00;14.52;45.61;80.0;10.0;20.0;40.0;63.0;67.0
2018-12-23 19:00:00;14.5;40.56;70.0;10.0;20.0;30.0;56.0;63.0
2018-12-23 20:00:00;11.09;43.39;60.0;10.0;350.0;30.0;55.0;61.0
2018-12-23 21:00:00;10.13;44.15;60.0;10.0;330.0;30.0;55.0;59.0
2018-12-23 22:00:00;7.92;47.78;50.0;9.0;310.0;20.0;51.0;55.0
2018-12-23 23:00:00;9.49;46.66;50.0;0.0;300.0;20.0;53.0;58.0
2018-12-24 00:00:00;17.2;39.29;40.0;0.0;310.0;20.0;53.0;58.0
2018-12-24 01:00:00;22.0;33.39;40.0;0.0;310.0;20.0;46.0;50.0
2018-12-24 02:00:00;14.28;33.39;30.0;0.0;310.0;20.0;36.0;40.0
2018-12-24 03:00:00;10.93;41.25;40.0;0.0;310.0;20.0;44.0;53.0
2018-12-24 04:00:00;11.55;41.44;40.0;0.0;320.0;20.0;44.0;58.0
2018-12-24 05:00:00;12.42;41.98;40.0;0.0;330.0;20.0;46.0;59.0
2018-12-24 06:00:00;16.08;39.81;30.0;0.0;320.0;20.0;47.0;55.0
2018-12-24 07:00:00;18.04;37.36;30.0;0.0;320.0;10.0;44.0;49.0
2018-12-24 08:00:00;28.35;27.06;30.0;0.0;320.0;10.0;48.0;54.0
2018-12-24 09:00:00;35.1;18.41;30.0;0.0;360.0;10.0;40.0;66.0
2018-12-24 10:00:00;20.6;26.86;20.0;0.0;310.0;10.0;33.0;72.0
2018-12-24 11:00:00;14.54;30.01;20.0;0.0;300.0;10.0;26.0;80.0
2018-12-24 12:00:00;14.2;30.84;30.0;0.0;320.0;10.0;27.0;80.0
2018-12-24 13:00:00;9.51;35.98;30.0;0.0;300.0;10.0;28.0;81.0
2018-12-24 14:00:00;13.34;32.35;20.0;0.0;320.0;10.0;26.0;48.0
2018-12-24 15:00:00;46.21;10.86;10.0;0.0;260.0;10.0;24.0;32.0
2018-12-24 16:00:00;67.15;0.54;30.0;0.0;210.0;10.0;32.0;44.0
2018-12-24 17:00:00;63.66;0.79;20.0;0.0;220.0;10.0;38.0;45.0
2018-12-24 18:00:00;52.01;3.34;20.0;0.0;210.0;10.0;38.0;52.0
2018-12-24 19:00:00;48.48;4.4;30.0;0.0;240.0;20.0;36.0;60.0
2018-12-24 20:00:00;46.04;5.0;30.0;0.0;260.0;10.0;33.0;54.0
2018-12-24 21:00:00;45.14;4.07;30.0;0.0;220.0;20.0;28.0;60.0
2018-12-24 22:00:00;43.15;8.38;30.0;0.0;240.0;20.0;27.0;58.0
2018-12-24 23:00:00;46.07;8.78;30.0;0.0;240.0;20.0;25.0;62.0
2018-12-25 00:00:00;42.63;14.22;40.0;0.0;260.0;20.0;22.0;63.0
2018-12-25 01:00:00;32.43;20.33;30.0;0.0;240.0;10.0;21.0;62.0
2018-12-25 02:00:00;22.31;29.75;40.0;0.0;260.0;20.0;21.0;67.0
2018-12-25 03:00:00;16.87;35.81;40.0;0.0;260.0;20.0;23.0;66.0
2018-12-25 04:00:00;10.39;42.07;40.0;0.0;240.0;20.0;21.0;64.0
2018-12-25 05:00:00;19.45;34.06;60.0;0.0;240.0;30.0;22.0;58.0
2018-12-25 06:00:00;26.93;26.27;50.0;0.0;240.0;30.0;19.0;56.0
2018-12-25 07:00:00;20.15;24.76;60.0;0.0;230.0;30.0;17.0;54.0
2018-12-25 08:00:00;17.57;26.86;70.0;0.0;230.0;40.0;18.0;56.0
2018-12-25 09:00:00;17.67;26.9;80.0;0.0;240.0;40.0;20.0;57.0
2018-12-25 10:00:00;23.09;24.65;90.0;0.0;240.0;40.0;26.0;65.0
2018-12-25 11:00:00;25.84;24.46;70.0;0.0;240.0;40.0;30.0;65.0
2018-12-25 12:00:00;26.65;24.44;60.0;0.0;230.0;30.0;32.0;74.0
2018-12-25 13:00:00;26.85;24.74;90.0;0.0;250.0;40.0;21.0;74.0
2018-12-25 14:00:00;25.49;28.42;90.0;0.0;240.0;40.0;22.0;63.0
2018-12-25 15:00:00;23.0;35.05;60.0;0.0;220.0;30.0;19.0;51.0
2018-12-25 16:00:00;28.89;24.7;50.0;0.0;210.0;30.0;19.0;48.0
2018-12-25 17:00:00;27.43;26.39;60.0;0.0;210.0;30.0;21.0;48.0
2018-12-25 18:00:00;28.89;24.01;60.0;0.0;210.0;40.0;18.0;46.0
2018-12-25 19:00:00;29.69;20.35;70.0;0.0;220.0;40.0;14.0;44.0
2018-12-25 20:00:00;32.58;17.94;70.0;0.0;220.0;40.0;10.0;43.0
2018-12-25 21:00:00;34.31;17.17;60.0;0.0;220.0;40.0;9.0;39.0
2018-12-25 22:00:00;36.48;12.92;60.0;0.0;220.0;30.0;11.0;39.0
2018-12-25 23:00:00;37.3;9.16;70.0;0.0;210.0;40.0;11.0;37.0
2018-12-26 00:00:00;37.8;8.18;60.0;0.0;220.0;30.0;12.0;34.0
2018-12-26 01:00:00;34.85;9.64;50.0;0.0;210.0;30.0;13.0;32.0
2018-12-26 02:00:00;31.07;11.01;50.0;0.0;230.0;30.0;15.0;37.0
2018-12-26 03:00:00;26.98;14.61;50.0;0.0;230.0;20.0;15.0;39.0
2018-12-26 04:00:00;25.21;15.57;50.0;0.0;220.0;20.0;16.0;40.0
2018-12-26 05:00:00;23.48;16.29;50.0;0.0;220.0;20.0;18.0;40.0
2018-12-26 06:00:00;22.5;16.9;50.0;0.0;230.0;30.0;22.0;43.0
2018-12-26 07:00:00;26.4;14.47;60.0;0.0;190.0;30.0;24.0;40.0
2018-12-26 08:00:00;28.09;12.79;50.0;0.0;210.0;20.0;30.0;42.0
2018-12-26 09:00:00;32.44;10.76;40.0;0.0;210.0;20.0;33.0;45.0
2018-12-26 10:00:00;32.47;11.69;50.0;0.0;190.0;30.0;36.0;46.0
2018-12-26 11:00:00;33.0;11.19;40.0;0.0;210.0;30.0;38.0;51.0
2018-12-26 12:00:00;37.08;10.18;50.0;0.0;210.0;30.0;37.0;52.0
2018-12-26 13:00:00;44.42;5.87;40.0;0.0;210.0;30.0;37.0;51.0
2018-12-26 14:00:00;50.33;2.67;50.0;0.0;210.0;30.0;36.0;48.0
2018-12-26 15:00:00;51.25;1.47;40.0;0.0;190.0;20.0;38.0;48.0
2018-12-26 16:00:00;53.94;0.96;40.0;0.0;180.0;20.0;37.0;49.0
2018-12-26 17:00:00;53.03;4.55;40.0;0.0;190.0;20.0;36.0;45.0
2018-12-26 18:00:00;46.29;8.7;50.0;0.0;200.0;30.0;31.0;42.0
2018-12-26 19:00:00;36.32;14.03;50.0;0.0;200.0;30.0;27.0;37.0
2018-12-26 20:00:00;32.65;16.85;50.0;0.0;190.0;30.0;17.0;34.0
2018-12-26 21:00:00;47.58;5.86;50.0;0.0;200.0;30.0;6.0;28.0
2018-12-26 22:00:00;55.47;0.52;40.0;0.0;210.0;30.0;5.0;25.0
2018-12-26 23:00:00;54.69;0.45;30.0;0.0;160.0;20.0;1.0;15.0
2018-12-27 00:00:00;48.28;0.38;20.0;0.0;150.0;20.0;-3.0;7.0
2018-12-27 01:00:00;46.3;0.38;30.0;0.0;170.0;20.0;-2.0;9.0
2018-12-27 02:00:00;44.69;0.37;20.0;0.0;170.0;10.0;-7.0;-1.0
2018-12-27 03:00:00;43.53;0.33;20.0;0.0;170.0;10.0;-14.0;-9.0
2018-12-27 04:00:00;43.68;0.35;20.0;0.0;170.0;10.0;-14.0;-11.0
2018-12-27 05:00:00;44.42;0.37;20.0;0.0;0.0;10.0;-13.0;-9.0
2018-12-27 06:00:00;47.17;0.33;20.0;0.0;170.0;10.0;-9.0;-4.0
2018-12-27 07:00:00;51.75;0.34;30.0;0.0;160.0;20.0;-8.0;6.0
2018-12-27 08:00:00;55.7;0.36;30.0;0.0;160.0;20.0;-6.0;7.0
2018-12-27 09:00:00;55.92;0.9;30.0;0.0;170.0;20.0;-4.0;11.0
2018-12-27 10:00:00;59.3;1.43;20.0;0.0;150.0;10.0;-1.0;28.0
2018-12-27 11:00:00;59.38;2.31;20.0;0.0;200.0;10.0;-4.0;35.0
2018-12-27 12:00:00;62.94;2.2;20.0;0.0;150.0;10.0;6.0;41.0
2018-12-27 13:00:00;60.79;2.79;20.0;0.0;180.0;10.0;4.0;47.0
2018-12-27 14:00:00;60.09;2.49;30.0;0.0;180.0;20.0;1.0;39.0
2018-12-27 15:00:00;61.37;1.49;20.0;0.0;180.0;10.0;1.0;26.0
2018-12-27 16:00:00;63.02;0.77;20.0;0.0;140.0;10.0;-2.0;15.0
2018-12-27 17:00:00;64.19;0.84;20.0;0.0;180.0;10.0;-1.0;12.0
2018-12-27 18:00:00;64.9;1.04;30.0;0.0;180.0;10.0;-8.0;3.0
2018-12-27 19:00:00;70.11;1.33;20.0;0.0;180.0;10.0;-8.0;0.0
2018-12-27 20:00:00;67.48;1.09;20.0;0.0;0.0;10.0;-17.0;-9.0
2018-12-27 21:00:00;63.47;1.04;10.0;0.0;30.0;0.0;-18.0;-15.0
2018-12-27 22:00:00;60.4;0.87;30.0;0.0;210.0;10.0;-24.0;-18.0
2018-12-27 23:00:00;58.0;0.64;20.0;0.0;220.0;10.0;-31.0;-27.0
2018-12-28 00:00:00;54.45;0.55;10.0;0.0;200.0;10.0;-30.0;-27.0
2018-12-28 01:00:00;48.56;0.46;20.0;0.0;190.0;10.0;-33.0;-30.0
2018-12-28 02:00:00;47.05;0.46;20.0;0.0;180.0;10.0;-32.0;-28.0
2018-12-28 03:00:00;45.76;0.17;20.0;0.0;190.0;10.0;-19.0;-18.0
2018-12-28 04:00:00;42.21;0.09;30.0;0.0;190.0;10.0;-4.0;-1.0
2018-12-28 05:00:00;39.89;0.05;30.0;0.0;200.0;10.0;2.0;7.0
2018-12-28 06:00:00;41.35;0.09;30.0;0.0;170.0;10.0;5.0;9.0
2018-12-28 07:00:00;43.07;0.07;20.0;0.0;170.0;10.0;6.0;12.0
2018-12-28 08:00:00;44.79;0.18;30.0;0.0;190.0;10.0;11.0;19.0
2018-12-28 09:00:00;44.46;0.24;20.0;0.0;190.0;20.0;15.0;23.0
2018-12-28 10:00:00;43.75;0.35;30.0;0.0;200.0;20.0;19.0;28.0
2018-12-28 11:00:00;44.64;0.43;30.0;0.0;200.0;20.0;24.0;34.0
2018-12-28 12:00:00;44.79;0.52;30.0;0.0;200.0;20.0;27.0;36.0
2018-12-28 13:00:00;43.63;0.68;30.0;0.0;200.0;20.0;31.0;40.0
2018-12-28 14:00:00;44.72;0.71;30.0;0.0;200.0;20.0;30.0;41.0
2018-12-28 15:00:00;42.89;0.35;40.0;0.0;210.0;20.0;33.0;41.0
2018-12-28 16:00:00;41.72;0.35;30.0;0.0;200.0;20.0;32.0;40.0
2018-12-28 17:00:00;42.46;0.43;40.0;0.0;200.0;20.0;36.0;43.0
2018-12-28 18:00:00;39.88;0.24;40.0;0.0;190.0;20.0;37.0;44.0
2018-12-28 19:00:00;36.62;0.22;40.0;0.0;210.0;20.0;39.0;45.0
2018-12-28 20:00:00;38.85;0.25;30.0;0.0;210.0;20.0;41.0;48.0
2018-12-28 21:00:00;34.94;0.15;30.0;0.0;190.0;20.0;40.0;50.0
2018-12-28 22:00:00;34.37;0.15;30.0;0.0;190.0;20.0;41.0;52.0
2018-12-28 23:00:00;36.16;0.08;30.0;0.0;210.0;20.0;46.0;54.0
2018-12-29 00:00:00;36.07;-0.02;40.0;0.0;220.0;20.0;50.0;57.0
2018-12-29 01:00:00;36.81;-0.05;40.0;0.0;220.0;20.0;52.0;60.0
2018-12-29 02:00:00;36.52;-0.04;50.0;0.0;210.0;20.0;52.0;62.0
2018-12-29 03:00:00;37.07;-0.08;40.0;0.0;200.0;20.0;53.0;60.0
2018-12-29 04:00:00;38.87;-0.15;50.0;0.0;240.0;30.0;59.0;68.0
2018-12-29 05:00:00;40.63;-0.28;60.0;0.0;230.0;30.0;62.0;70.0
2018-12-29 06:00:00;40.28;-0.33;60.0;0.0;220.0;30.0;62.0;70.0
2018-12-29 07:00:00;43.39;-0.25;70.0;0.0;210.0;40.0;59.0;66.0
2018-12-29 08:00:00;43.23;-0.16;70.0;0.0;210.0;40.0;58.0;68.0
2018-12-29 09:00:00;42.16;0.86;100.0;0.0;220.0;50.0;62.0;73.0
2018-12-29 10:00:00;38.5;3.83;100.0;0.0;220.0;50.0;64.0;74.0
2018-12-29 11:00:00;31.5;9.82;100.0;0.0;230.0;60.0;70.0;78.0
2018-12-29 12:00:00;31.87;14.42;120.0;0.0;230.0;60.0;70.0;78.0
2018-12-29 13:00:00;29.74;17.42;140.0;3.0;230.0;70.0;71.0;77.0
2018-12-29 14:00:00;30.23;16.41;120.0;8.0;240.0;60.0;80.0;83.0
2018-12-29 15:00:00;28.74;19.76;100.0;0.0;250.0;60.0;84.0;93.0
2018-12-29 16:00:00;21.97;31.34;100.0;0.0;270.0;50.0;85.0;105.0
2018-12-29 17:00:00;27.29;28.15;130.0;0.0;290.0;60.0;74.0;107.0
2018-12-29 18:00:00;16.12;38.21;110.0;0.0;290.0;50.0;61.0;101.0
2018-12-29 19:00:00;12.41;48.45;130.0;0.0;300.0;60.0;50.0;96.0
2018-12-29 20:00:00;7.44;57.16;120.0;0.0;300.0;60.0;45.0;91.0
2018-12-29 21:00:00;6.22;60.47;120.0;0.0;300.0;50.0;48.0;89.0
2018-12-29 22:00:00;7.56;59.63;110.0;0.0;300.0;50.0;50.0;88.0
2018-12-29 23:00:00;5.79;60.42;110.0;0.0;310.0;50.0;52.0;87.0
2018-12-30 00:00:00;4.83;60.02;90.0;0.0;310.0;50.0;51.0;86.0
2018-12-30 01:00:00;7.89;56.44;100.0;0.0;310.0;50.0;50.0;86.0
2018-12-30 02:00:00;7.15;57.36;80.0;0.0;310.0;40.0;53.0;81.0
2018-12-30 03:00:00;5.26;59.44;70.0;0.0;300.0;30.0;52.0;83.0
2018-12-30 04:00:00;7.08;55.8;60.0;0.0;280.0;20.0;53.0;79.0
2018-12-30 05:00:00;9.89;51.71;40.0;0.0;290.0;20.0;50.0;74.0
2018-12-30 06:00:00;14.35;47.38;30.0;0.0;260.0;20.0;47.0;68.0
2018-12-30 07:00:00;19.95;41.54;40.0;0.0;220.0;20.0;47.0;62.0
2018-12-30 08:00:00;25.41;34.64;20.0;0.0;240.0;20.0;55.0;71.0
2018-12-30 09:00:00;29.08;30.4;40.0;0.0;240.0;20.0;61.0;82.0
2018-12-30 10:00:00;36.03;23.64;60.0;0.0;240.0;30.0;62.0;87.0
2018-12-30 11:00:00;46.86;17.36;70.0;0.0;230.0;30.0;63.0;90.0
2018-12-30 12:00:00;48.57;12.08;60.0;0.0;230.0;30.0;69.0;91.0
2018-12-30 13:00:00;30.95;21.59;50.0;0.0;240.0;30.0;80.0;87.0
2018-12-30 14:00:00;37.63;16.93;50.0;5.0;240.0;20.0;84.0;87.0
2018-12-30 15:00:00;44.36;14.6;60.0;0.0;250.0;30.0;85.0;88.0
2018-12-30 16:00:00;45.02;11.78;50.0;3.0;270.0;20.0;88.0;91.0
2018-12-30 17:00:00;38.32;11.41;50.0;9.0;280.0;20.0;89.0;92.0
2018-12-30 18:00:00;26.96;15.32;40.0;9.0;270.0;20.0;89.0;92.0
2018-12-30 19:00:00;27.28;13.97;40.0;10.0;270.0;20.0;89.0;92.0
2018-12-30 20:00:00;28.16;13.01;50.0;9.0;270.0;20.0;90.0;93.0
2018-12-30 21:00:00;21.26;18.81;50.0;3.0;280.0;30.0;90.0;93.0
2018-12-30 22:00:00;18.9;21.51;60.0;0.0;290.0;20.0;91.0;94.0
2018-12-30 23:00:00;15.39;23.7;50.0;0.0;280.0;20.0;92.0;95.0
