DateTime;NO2;O3;P;SQ;WD;Wvh;dewP;temp
2022-08-01 00:00:00;5.24;46.26;30.0;0.0;260.0;20.0;170.0;182.0
2022-08-01 01:00:00;5.42;42.76;50.0;0.0;250.0;20.0;170.0;182.0
2022-08-01 02:00:00;5.4;42.76;40.0;3.0;280.0;20.0;170.0;178.0
2022-08-01 03:00:00;6.38;36.22;40.0;0.0;310.0;20.0;167.0;175.0
2022-08-01 04:00:00;10.28;27.62;30.0;0.0;330.0;20.0;169.0;176.0
2022-08-01 05:00:00;10.8;27.64;40.0;7.0;20.0;20.0;166.0;173.0
2022-08-01 06:00:00;7.4;35.92;30.0;6.0;70.0;10.0;167.0;177.0
2022-08-01 07:00:00;5.93;35.41;70.0;2.0;10.0;30.0;159.0;179.0
2022-08-01 08:00:00;4.3;44.33;70.0;0.0;350.0;30.0;152.0;187.0
2022-08-01 09:00:00;2.99;49.09;60.0;0.0;30.0;30.0;145.0;197.0
2022-08-01 10:00:00;2.39;51.06;50.0;0.0;40.0;30.0;140.0;204.0
2022-08-01 11:00:00;2.86;54.19;60.0;0.0;20.0;30.0;121.0;211.0
2022-08-01 12:00:00;3.19;59.16;60.0;0.0;350.0;30.0;116.0;219.0
2022-08-01 13:00:00;2.77;64.69;70.0;0.0;330.0;30.0;92.0;221.0
2022-08-01 14:00:00;2.44;68.16;70.0;0.0;340.0;30.0;104.0;220.0
2022-08-01 15:00:00;2.4;67.93;60.0;0.0;330.0;30.0;96.0;220.0
2022-08-01 16:00:00;2.82;67.9;50.0;0.0;360.0;30.0;87.0;217.0
2022-08-01 17:00:00;2.56;68.36;50.0;0.0;50.0;20.0;82.0;208.0
2022-08-01 18:00:00;3.16;69.44;40.0;0.0;60.0;20.0;109.0;188.0
2022-08-01 19:00:00;3.39;68.27;30.0;0.0;80.0;10.0;124.0;147.0
2022-08-01 20:00:00;7.95;59.16;20.0;0.0;70.0;10.0;115.0;128.0
2022-08-01 21:00:00;15.0;46.72;20.0;0.0;80.0;10.0;110.0;119.0
2022-08-01 22:00:00;13.76;43.7;20.0;0.0;110.0;10.0;111.0;118.0
2022-08-01 23:00:00;17.2;35.45;30.0;0.0;110.0;10.0;109.0;121.0
2022-08-02 00:00:00;14.16;37.98;20.0;0.0;120.0;20.0;105.0;117.0
2022-08-02 01:00:00;11.04;42.68;30.0;0.0;140.0;20.0;103.0;132.0
2022-08-02 02:00:00;8.41;45.23;50.0;0.0;150.0;30.0;103.0;143.0
2022-08-02 03:00:00;13.09;37.84;40.0;0.0;150.0;20.0;101.0;144.0
2022-08-02 04:00:00;21.32;29.91;40.0;0.0;150.0;20.0;104.0;145.0
2022-08-02 05:00:00;22.64;29.39;60.0;0.0;160.0;30.0;107.0;161.0
2022-08-02 06:00:00;23.93;30.06;50.0;0.0;170.0;30.0;127.0;187.0
2022-08-02 07:00:00;28.41;28.32;60.0;0.0;210.0;30.0;146.0;206.0
2022-08-02 08:00:00;25.67;38.74;80.0;0.0;200.0;40.0;150.0;219.0
2022-08-02 09:00:00;15.86;43.77;80.0;0.0;220.0;40.0;161.0;235.0
2022-08-02 10:00:00;17.08;51.09;90.0;0.0;220.0;40.0;150.0;247.0
2022-08-02 11:00:00;10.59;64.52;110.0;0.0;220.0;50.0;135.0;252.0
2022-08-02 12:00:00;9.69;74.13;100.0;0.0;220.0;50.0;133.0;261.0
2022-08-02 13:00:00;10.63;75.4;100.0;0.0;240.0;50.0;127.0;261.0
2022-08-02 14:00:00;9.17;84.63;90.0;0.0;230.0;50.0;151.0;270.0
2022-08-02 15:00:00;9.6;84.52;100.0;0.0;250.0;50.0;160.0;271.0
2022-08-02 16:00:00;6.3;59.15;90.0;0.0;250.0;50.0;165.0;268.0
2022-08-02 17:00:00;5.33;48.83;90.0;0.0;240.0;40.0;169.0;257.0
2022-08-02 18:00:00;7.22;47.97;80.0;0.0;260.0;30.0;168.0;238.0
2022-08-02 19:00:00;10.27;33.15;50.0;0.0;240.0;20.0;166.0;222.0
2022-08-02 20:00:00;9.95;19.81;50.0;0.0;220.0;30.0;167.0;214.0
2022-08-02 21:00:00;13.87;14.36;40.0;0.0;210.0;20.0;166.0;203.0
2022-08-02 22:00:00;9.01;15.58;40.0;0.0;220.0;20.0;166.0;194.0
2022-08-02 23:00:00;9.42;13.29;50.0;0.0;200.0;30.0;168.0;194.0
2022-08-03 00:00:00;8.89;13.23;40.0;0.0;180.0;20.0;163.0;176.0
2022-08-03 01:00:00;10.29;11.65;40.0;0.0;190.0;20.0;167.0;183.0
2022-08-03 02:00:00;13.85;8.1;60.0;0.0;190.0;30.0;165.0;187.0
2022-08-03 03:00:00;16.24;5.98;60.0;0.0;200.0;30.0;162.0;183.0
2022-08-03 04:00:00;16.63;4.86;50.0;0.0;200.0;30.0;161.0;183.0
2022-08-03 05:00:00;18.0;4.39;50.0;0.0;220.0;30.0;165.0;196.0
2022-08-03 06:00:00;15.99;6.93;60.0;0.0;210.0;40.0;168.0;205.0
2022-08-03 07:00:00;13.28;10.58;60.0;0.0;190.0;40.0;176.0;222.0
2022-08-03 08:00:00;11.6;13.82;60.0;0.0;210.0;40.0;176.0;239.0
2022-08-03 09:00:00;13.46;15.6;70.0;0.0;230.0;40.0;174.0;252.0
2022-08-03 10:00:00;12.84;21.69;70.0;0.0;210.0;40.0;169.0;267.0
2022-08-03 11:00:00;12.55;29.37;90.0;0.0;240.0;40.0;163.0;284.0
2022-08-03 12:00:00;9.95;40.34;100.0;0.0;260.0;50.0;164.0;277.0
2022-08-03 13:00:00;13.06;44.4;100.0;0.0;250.0;50.0;170.0;291.0
2022-08-03 14:00:00;11.35;65.07;100.0;0.0;240.0;50.0;164.0;286.0
2022-08-03 15:00:00;8.98;73.67;90.0;0.0;270.0;40.0;167.0;293.0
2022-08-03 16:00:00;8.27;79.65;70.0;0.0;280.0;30.0;166.0;288.0
2022-08-03 17:00:00;10.6;83.5;50.0;0.0;320.0;20.0;166.0;280.0
2022-08-03 18:00:00;13.21;79.7;40.0;0.0;340.0;20.0;171.0;258.0
2022-08-03 19:00:00;9.29;69.92;30.0;0.0;350.0;20.0;176.0;225.0
2022-08-03 20:00:00;14.41;55.29;20.0;0.0;0.0;10.0;178.0;202.0
2022-08-03 21:00:00;24.84;40.38;10.0;0.0;90.0;10.0;175.0;191.0
2022-08-03 22:00:00;29.68;31.35;20.0;0.0;100.0;10.0;171.0;182.0
2022-08-03 23:00:00;30.78;31.1;20.0;0.0;20.0;10.0;166.0;175.0
2022-08-04 00:00:00;21.99;36.76;20.0;0.0;350.0;10.0;166.0;173.0
2022-08-04 01:00:00;20.06;29.39;10.0;0.0;340.0;0.0;162.0;168.0
2022-08-04 02:00:00;16.07;32.02;10.0;0.0;0.0;0.0;163.0;168.0
2022-08-04 03:00:00;15.3;25.58;10.0;0.0;130.0;10.0;159.0;165.0
2022-08-04 04:00:00;14.72;19.91;40.0;0.0;330.0;10.0;162.0;183.0
2022-08-04 05:00:00;23.89;18.59;20.0;0.0;310.0;10.0;166.0;206.0
2022-08-04 06:00:00;35.22;15.05;40.0;0.0;300.0;20.0;168.0;216.0
2022-08-04 07:00:00;28.81;16.31;50.0;0.0;310.0;30.0;170.0;225.0
2022-08-04 08:00:00;26.19;16.55;60.0;0.0;310.0;30.0;169.0;241.0
2022-08-04 09:00:00;22.25;26.04;60.0;0.0;300.0;30.0;168.0;248.0
2022-08-04 10:00:00;16.75;39.22;50.0;0.0;300.0;20.0;165.0;243.0
2022-08-04 11:00:00;17.86;49.93;50.0;0.0;310.0;30.0;163.0;260.0
2022-08-04 12:00:00;7.79;59.08;70.0;0.0;320.0;30.0;156.0;259.0
2022-08-04 13:00:00;7.92;63.56;70.0;0.0;310.0;30.0;148.0;257.0
2022-08-04 14:00:00;5.34;71.97;70.0;0.0;310.0;40.0;150.0;255.0
2022-08-04 15:00:00;6.17;68.73;80.0;0.0;320.0;40.0;142.0;248.0
2022-08-04 16:00:00;6.13;72.22;70.0;0.0;320.0;40.0;135.0;235.0
2022-08-04 17:00:00;7.16;67.8;70.0;0.0;320.0;40.0;130.0;221.0
2022-08-04 18:00:00;6.4;63.74;60.0;0.0;340.0;30.0;133.0;213.0
2022-08-04 19:00:00;9.14;56.17;50.0;0.0;340.0;30.0;153.0;199.0
2022-08-04 20:00:00;5.73;65.26;40.0;0.0;320.0;20.0;155.0;195.0
2022-08-04 21:00:00;4.04;65.12;50.0;0.0;350.0;30.0;151.0;192.0
2022-08-04 22:00:00;4.2;68.71;50.0;0.0;350.0;20.0;148.0;191.0
2022-08-04 23:00:00;4.43;69.47;40.0;0.0;320.0;20.0;151.0;186.0
2022-08-05 00:00:00;4.77;69.79;40.0;0.0;330.0;20.0;154.0;183.0
2022-08-05 01:00:00;3.49;66.09;40.0;0.0;350.0;20.0;154.0;184.0
2022-08-05 02:00:00;3.24;66.09;40.0;0.0;340.0;20.0;151.0;177.0
2022-08-05 03:00:00;2.93;58.12;40.0;0.0;340.0;20.0;146.0;175.0
2022-08-05 04:00:00;3.06;55.38;60.0;0.0;340.0;30.0;139.0;168.0
2022-08-05 05:00:00;3.26;57.91;50.0;0.0;350.0;30.0;138.0;175.0
2022-08-05 06:00:00;5.26;53.74;50.0;0.0;330.0;30.0;127.0;188.0
2022-08-05 07:00:00;4.38;56.03;70.0;0.0;340.0;40.0;107.0;203.0
2022-08-05 08:00:00;3.49;63.53;80.0;0.0;320.0;40.0;115.0;205.0
2022-08-05 09:00:00;3.44;65.09;70.0;0.0;330.0;40.0;104.0;195.0
2022-08-05 10:00:00;6.26;61.59;60.0;0.0;320.0;30.0;72.0;209.0
2022-08-05 11:00:00;6.76;59.06;70.0;0.0;310.0;40.0;84.0;203.0
2022-08-05 12:00:00;13.56;51.36;80.0;0.0;320.0;40.0;103.0;210.0
2022-08-05 13:00:00;9.33;57.16;100.0;0.0;320.0;40.0;80.0;206.0
2022-08-05 14:00:00;6.6;63.41;90.0;0.0;310.0;40.0;103.0;199.0
2022-08-05 15:00:00;6.12;64.98;100.0;0.0;310.0;50.0;100.0;193.0
2022-08-05 16:00:00;5.15;67.22;90.0;0.0;300.0;40.0;83.0;188.0
2022-08-05 17:00:00;5.06;64.84;80.0;0.0;320.0;40.0;80.0;181.0
2022-08-05 18:00:00;5.38;58.95;70.0;0.0;310.0;30.0;89.0;165.0
2022-08-05 19:00:00;7.16;57.33;50.0;0.0;310.0;20.0;89.0;150.0
2022-08-05 20:00:00;9.2;53.04;30.0;0.0;330.0;20.0;93.0;126.0
2022-08-05 21:00:00;15.73;43.77;20.0;0.0;290.0;10.0;88.0;102.0
2022-08-05 22:00:00;17.06;39.2;20.0;0.0;0.0;10.0;86.0;95.0
2022-08-05 23:00:00;15.21;38.04;20.0;0.0;260.0;10.0;79.0;87.0
2022-08-06 00:00:00;23.41;27.36;20.0;0.0;270.0;10.0;78.0;83.0
2022-08-06 01:00:00;22.6;23.06;20.0;0.0;260.0;10.0;70.0;77.0
2022-08-06 02:00:00;18.18;23.73;20.0;0.0;240.0;10.0;73.0;76.0
2022-08-06 03:00:00;15.1;25.97;20.0;0.0;290.0;10.0;71.0;74.0
2022-08-06 04:00:00;13.69;28.53;20.0;0.0;0.0;0.0;88.0;93.0
2022-08-06 05:00:00;16.53;26.72;10.0;0.0;0.0;0.0;94.0;124.0
2022-08-06 06:00:00;20.8;23.48;30.0;0.0;330.0;10.0;93.0;169.0
2022-08-06 07:00:00;13.13;42.66;50.0;0.0;10.0;20.0;93.0;177.0
2022-08-06 08:00:00;5.79;56.64;50.0;0.0;310.0;30.0;93.0;188.0
2022-08-06 09:00:00;4.93;60.52;50.0;0.0;320.0;30.0;86.0;183.0
2022-08-06 10:00:00;4.32;64.55;60.0;0.0;10.0;20.0;97.0;203.0
2022-08-06 11:00:00;4.93;69.52;60.0;0.0;360.0;30.0;93.0;209.0
2022-08-06 12:00:00;4.67;71.67;70.0;0.0;330.0;30.0;76.0;212.0
2022-08-06 13:00:00;4.24;72.95;60.0;0.0;300.0;20.0;70.0;217.0
2022-08-06 14:00:00;5.04;75.98;60.0;0.0;320.0;30.0;79.0;216.0
2022-08-06 15:00:00;5.47;76.66;60.0;0.0;330.0;30.0;84.0;213.0
2022-08-06 16:00:00;4.59;78.36;70.0;0.0;340.0;40.0;83.0;205.0
2022-08-06 17:00:00;3.63;73.93;70.0;0.0;340.0;30.0;98.0;193.0
2022-08-06 18:00:00;2.52;73.59;50.0;0.0;340.0;20.0;107.0;179.0
2022-08-06 19:00:00;3.08;70.13;40.0;0.0;360.0;20.0;108.0;164.0
2022-08-06 20:00:00;3.99;65.83;40.0;0.0;340.0;20.0;105.0;153.0
2022-08-06 21:00:00;6.44;62.35;30.0;0.0;340.0;10.0;105.0;130.0
2022-08-06 22:00:00;5.02;63.58;20.0;0.0;350.0;10.0;102.0;115.0
2022-08-06 23:00:00;5.25;60.04;20.0;0.0;0.0;10.0;95.0;103.0
2022-08-07 00:00:00;8.27;56.16;10.0;0.0;0.0;0.0;88.0;97.0
2022-08-07 01:00:00;7.1;52.82;20.0;0.0;350.0;10.0;87.0;93.0
2022-08-07 02:00:00;7.41;48.79;20.0;0.0;320.0;10.0;87.0;91.0
2022-08-07 03:00:00;7.77;48.38;10.0;0.0;340.0;10.0;81.0;86.0
2022-08-07 04:00:00;7.32;41.72;10.0;0.0;0.0;0.0;90.0;95.0
2022-08-07 05:00:00;8.76;32.17;10.0;0.0;0.0;0.0;95.0;138.0
2022-08-07 06:00:00;9.87;33.4;20.0;0.0;30.0;10.0;99.0;173.0
2022-08-07 07:00:00;5.94;51.54;40.0;0.0;10.0;20.0;110.0;185.0
2022-08-07 08:00:00;2.72;65.47;30.0;0.0;290.0;10.0;105.0;197.0
2022-08-07 09:00:00;2.58;70.74;40.0;0.0;340.0;20.0;95.0;210.0
2022-08-07 10:00:00;2.41;73.57;50.0;0.0;320.0;20.0;85.0;213.0
2022-08-07 11:00:00;3.92;75.39;50.0;0.0;300.0;20.0;86.0;221.0
2022-08-07 12:00:00;3.93;79.54;60.0;0.0;290.0;30.0;95.0;226.0
2022-08-07 13:00:00;4.99;79.65;60.0;0.0;300.0;30.0;101.0;226.0
2022-08-07 14:00:00;9.4;89.38;70.0;0.0;320.0;30.0;95.0;225.0
2022-08-07 15:00:00;8.63;80.49;70.0;0.0;330.0;40.0;97.0;217.0
2022-08-07 16:00:00;5.87;77.43;80.0;0.0;320.0;40.0;91.0;216.0
2022-08-07 17:00:00;5.54;77.47;70.0;0.0;330.0;30.0;107.0;207.0
2022-08-07 18:00:00;4.27;81.08;50.0;0.0;340.0;30.0;116.0;188.0
2022-08-07 19:00:00;3.5;78.04;40.0;0.0;360.0;20.0;115.0;169.0
2022-08-07 20:00:00;6.76;73.49;30.0;0.0;360.0;20.0;119.0;153.0
2022-08-07 21:00:00;6.48;69.97;30.0;0.0;340.0;20.0;119.0;135.0
2022-08-07 22:00:00;5.57;66.39;20.0;0.0;330.0;10.0;112.0;121.0
2022-08-07 23:00:00;4.95;58.07;20.0;0.0;340.0;10.0;106.0;110.0
2022-08-08 00:00:00;6.42;49.99;20.0;0.0;330.0;10.0;97.0;103.0
2022-08-08 01:00:00;6.05;44.75;20.0;0.0;90.0;10.0;98.0;100.0
2022-08-08 02:00:00;5.83;42.84;10.0;0.0;0.0;0.0;98.0;100.0
2022-08-08 03:00:00;6.56;35.36;20.0;0.0;330.0;10.0;90.0;96.0
2022-08-08 04:00:00;7.54;24.33;30.0;0.0;0.0;10.0;108.0;111.0
2022-08-08 05:00:00;13.65;29.49;20.0;0.0;0.0;0.0;114.0;143.0
2022-08-08 06:00:00;15.83;29.75;10.0;0.0;0.0;0.0;122.0;181.0
2022-08-08 07:00:00;16.67;37.68;40.0;0.0;10.0;20.0;130.0;194.0
2022-08-08 08:00:00;6.52;53.27;50.0;0.0;320.0;20.0;135.0;190.0
2022-08-08 09:00:00;5.38;55.65;40.0;0.0;10.0;20.0;134.0;193.0
2022-08-08 10:00:00;4.87;59.54;50.0;0.0;310.0;20.0;125.0;207.0
2022-08-08 11:00:00;3.52;63.51;60.0;0.0;10.0;30.0;115.0;213.0
2022-08-08 12:00:00;3.3;69.0;70.0;0.0;350.0;30.0;115.0;228.0
2022-08-08 13:00:00;2.85;70.49;50.0;0.0;340.0;30.0;111.0;226.0
2022-08-08 14:00:00;3.43;71.78;70.0;0.0;350.0;40.0;115.0;230.0
2022-08-08 15:00:00;2.37;75.05;70.0;0.0;10.0;40.0;123.0;229.0
2022-08-08 16:00:00;2.13;75.04;70.0;0.0;30.0;40.0;107.0;219.0
2022-08-08 17:00:00;2.37;72.04;70.0;0.0;20.0;40.0;132.0;211.0
2022-08-08 18:00:00;2.35;67.1;70.0;0.0;20.0;40.0;126.0;198.0
2022-08-08 19:00:00;2.02;59.87;60.0;0.0;10.0;20.0;136.0;184.0
2022-08-08 20:00:00;3.86;54.05;40.0;0.0;360.0;20.0;138.0;167.0
2022-08-08 21:00:00;5.13;49.39;30.0;0.0;30.0;20.0;136.0;154.0
2022-08-08 22:00:00;5.17;44.62;30.0;0.0;20.0;20.0;131.0;157.0
2022-08-08 23:00:00;7.68;38.94;30.0;0.0;40.0;10.0;116.0;124.0
2022-08-09 00:00:00;7.67;37.62;30.0;0.0;350.0;10.0;115.0;120.0
2022-08-09 01:00:00;7.89;34.92;30.0;0.0;10.0;10.0;112.0;118.0
2022-08-09 02:00:00;7.06;34.92;30.0;0.0;40.0;20.0;113.0;118.0
2022-08-09 03:00:00;7.38;26.97;40.0;0.0;40.0;20.0;116.0;134.0
2022-08-09 04:00:00;7.32;24.04;40.0;0.0;10.0;20.0;117.0;139.0
2022-08-09 05:00:00;9.64;20.4;40.0;0.0;40.0;20.0;120.0;154.0
2022-08-09 06:00:00;11.85;19.19;50.0;0.0;40.0;30.0;123.0;173.0
2022-08-09 07:00:00;8.42;26.86;50.0;0.0;40.0;30.0;123.0;194.0
2022-08-09 08:00:00;6.82;34.81;70.0;0.0;40.0;40.0;119.0;207.0
2022-08-09 09:00:00;4.82;45.38;80.0;0.0;40.0;50.0;111.0;219.0
2022-08-09 10:00:00;3.24;53.66;80.0;0.0;60.0;40.0;120.0;229.0
2022-08-09 11:00:00;3.24;53.66;80.0;0.0;10.0;40.0;115.0;240.0
2022-08-09 12:00:00;3.24;53.66;90.0;0.0;40.0;40.0;110.0;245.0
2022-08-09 13:00:00;3.24;53.66;80.0;0.0;30.0;40.0;122.0;256.0
2022-08-09 14:00:00;3.24;53.66;100.0;0.0;30.0;50.0;139.0;244.0
2022-08-09 15:00:00;3.24;53.66;80.0;0.0;10.0;50.0;146.0;245.0
2022-08-09 16:00:00;3.24;69.1;90.0;0.0;10.0;50.0;149.0;243.0
2022-08-09 17:00:00;3.24;70.41;90.0;0.0;10.0;50.0;148.0;232.0
2022-08-09 18:00:00;3.24;66.26;90.0;0.0;20.0;40.0;151.0;217.0
2022-08-09 19:00:00;3.24;63.85;60.0;0.0;10.0;30.0;145.0;206.0
2022-08-09 20:00:00;3.24;59.06;60.0;0.0;30.0;30.0;138.0;194.0
2022-08-09 21:00:00;3.24;49.77;60.0;0.0;40.0;40.0;131.0;183.0
2022-08-09 22:00:00;3.24;50.25;60.0;0.0;30.0;30.0;127.0;171.0
2022-08-09 23:00:00;3.24;45.39;60.0;0.0;50.0;30.0;122.0;163.0
2022-08-10 00:00:00;5.31;43.69;60.0;0.0;50.0;40.0;120.0;159.0
2022-08-10 01:00:00;4.97;42.14;50.0;0.0;40.0;30.0;118.0;152.0
2022-08-10 02:00:00;4.92;41.25;50.0;0.0;50.0;20.0;120.0;146.0
2022-08-10 03:00:00;4.73;40.79;40.0;0.0;60.0;20.0;122.0;143.0
2022-08-10 04:00:00;5.17;38.15;50.0;0.0;40.0;20.0;123.0;150.0
2022-08-10 05:00:00;7.87;33.52;40.0;0.0;40.0;20.0;126.0;168.0
2022-08-10 06:00:00;10.17;28.69;40.0;0.0;50.0;20.0;130.0;189.0
2022-08-10 07:00:00;8.38;28.69;40.0;0.0;30.0;20.0;134.0;212.0
2022-08-10 08:00:00;8.5;28.69;40.0;0.0;20.0;20.0;135.0;235.0
2022-08-10 09:00:00;7.76;52.03;60.0;0.0;40.0;30.0;135.0;257.0
2022-08-10 10:00:00;6.2;65.25;60.0;0.0;70.0;30.0;125.0;269.0
2022-08-10 11:00:00;4.53;84.51;70.0;0.0;100.0;30.0;101.0;282.0
2022-08-10 12:00:00;5.1;96.74;80.0;0.0;60.0;40.0;92.0;288.0
2022-08-10 13:00:00;7.32;96.9;70.0;0.0;80.0;40.0;98.0;292.0
2022-08-10 14:00:00;5.77;101.63;110.0;0.0;70.0;40.0;99.0;292.0
2022-08-10 15:00:00;4.77;107.93;100.0;0.0;40.0;50.0;105.0;290.0
2022-08-10 16:00:00;3.53;112.47;80.0;0.0;30.0;50.0;101.0;282.0
2022-08-10 17:00:00;3.53;110.93;70.0;0.0;30.0;40.0;115.0;271.0
2022-08-10 18:00:00;3.89;106.96;60.0;0.0;30.0;30.0;119.0;256.0
2022-08-10 19:00:00;6.05;98.16;50.0;0.0;30.0;30.0;140.0;231.0
2022-08-10 20:00:00;9.36;83.13;40.0;0.0;30.0;20.0;140.0;200.0
2022-08-10 21:00:00;13.8;70.45;50.0;0.0;40.0;30.0;134.0;201.0
2022-08-10 22:00:00;13.83;63.42;50.0;0.0;40.0;30.0;144.0;194.0
2022-08-10 23:00:00;10.69;63.27;50.0;0.0;50.0;30.0;146.0;182.0
2022-08-11 00:00:00;8.15;60.96;30.0;0.0;40.0;20.0;133.0;160.0
2022-08-11 01:00:00;7.45;61.01;30.0;0.0;50.0;20.0;133.0;157.0
2022-08-11 02:00:00;7.47;57.29;30.0;0.0;50.0;10.0;126.0;144.0
2022-08-11 03:00:00;7.39;58.09;30.0;0.0;60.0;20.0;131.0;146.0
2022-08-11 04:00:00;7.9;56.96;30.0;0.0;60.0;20.0;132.0;158.0
2022-08-11 05:00:00;10.89;48.61;30.0;0.0;50.0;20.0;136.0;185.0
2022-08-11 06:00:00;13.9;47.6;30.0;0.0;80.0;20.0;134.0;222.0
2022-08-11 07:00:00;15.41;50.39;40.0;0.0;90.0;20.0;117.0;246.0
2022-08-11 08:00:00;18.32;56.84;30.0;0.0;90.0;20.0;106.0;274.0
2022-08-11 09:00:00;14.77;82.95;60.0;0.0;70.0;30.0;91.0;286.0
2022-08-11 10:00:00;7.93;110.08;70.0;0.0;100.0;40.0;100.0;296.0
2022-08-11 11:00:00;6.78;114.27;70.0;0.0;120.0;30.0;93.0;303.0
2022-08-11 12:00:00;5.36;122.31;90.0;0.0;130.0;30.0;74.0;310.0
2022-08-11 13:00:00;6.93;124.94;70.0;0.0;70.0;20.0;78.0;312.0
2022-08-11 14:00:00;4.96;128.43;80.0;0.0;80.0;40.0;75.0;310.0
2022-08-11 15:00:00;4.77;127.5;80.0;0.0;30.0;40.0;73.0;308.0
2022-08-11 16:00:00;4.74;130.79;80.0;0.0;30.0;50.0;87.0;299.0
2022-08-11 17:00:00;3.45;130.57;80.0;0.0;40.0;50.0;95.0;287.0
2022-08-11 18:00:00;3.63;126.56;70.0;0.0;40.0;40.0;94.0;267.0
2022-08-11 19:00:00;4.92;113.99;50.0;0.0;30.0;30.0;123.0;242.0
2022-08-11 20:00:00;10.54;95.96;50.0;0.0;30.0;30.0;135.0;229.0
2022-08-11 21:00:00;12.56;85.87;70.0;0.0;40.0;40.0;139.0;221.0
2022-08-11 22:00:00;8.16;89.67;60.0;0.0;50.0;30.0;138.0;207.0
2022-08-11 23:00:00;6.89;87.29;50.0;0.0;50.0;30.0;136.0;195.0
2022-08-12 00:00:00;7.37;82.15;40.0;0.0;50.0;20.0;135.0;179.0
2022-08-12 01:00:00;7.32;79.86;40.0;0.0;50.0;20.0;134.0;170.0
2022-08-12 02:00:00;8.16;76.63;40.0;0.0;40.0;20.0;134.0;172.0
2022-08-12 03:00:00;7.13;75.84;40.0;0.0;40.0;20.0;135.0;167.0
2022-08-12 04:00:00;8.06;70.29;30.0;0.0;0.0;10.0;134.0;157.0
2022-08-12 05:00:00;14.1;58.7;30.0;0.0;50.0;10.0;140.0;192.0
2022-08-12 06:00:00;14.95;55.77;30.0;0.0;70.0;20.0;138.0;222.0
2022-08-12 07:00:00;14.74;59.2;30.0;0.0;70.0;10.0;133.0;254.0
2022-08-12 08:00:00;15.35;70.35;20.0;0.0;130.0;10.0;118.0;280.0
2022-08-12 09:00:00;14.91;95.83;30.0;0.0;170.0;10.0;111.0;298.0
2022-08-12 10:00:00;18.39;115.72;70.0;0.0;110.0;30.0;81.0;304.0
2022-08-12 11:00:00;10.62;141.44;80.0;0.0;110.0;40.0;94.0;311.0
2022-08-12 12:00:00;10.04;145.9;70.0;0.0;90.0;30.0;77.0;315.0
2022-08-12 13:00:00;7.56;153.12;70.0;0.0;90.0;30.0;82.0;317.0
2022-08-12 14:00:00;6.88;144.33;70.0;0.0;90.0;30.0;92.0;318.0
2022-08-12 15:00:00;10.03;137.54;70.0;0.0;70.0;30.0;90.0;314.0
2022-08-12 16:00:00;8.04;144.38;80.0;0.0;70.0;40.0;88.0;307.0
2022-08-12 17:00:00;8.58;147.32;70.0;0.0;100.0;40.0;91.0;294.0
2022-08-12 18:00:00;8.45;144.67;60.0;0.0;120.0;30.0;124.0;252.0
2022-08-12 19:00:00;16.87;127.64;30.0;0.0;40.0;20.0;145.0;202.0
2022-08-12 20:00:00;14.21;119.59;20.0;0.0;40.0;10.0;144.0;174.0
2022-08-12 21:00:00;11.69;112.92;30.0;0.0;50.0;20.0;127.0;175.0
2022-08-12 22:00:00;18.29;91.27;40.0;0.0;90.0;20.0;117.0;165.0
2022-08-12 23:00:00;15.02;93.29;40.0;0.0;90.0;30.0;103.0;175.0
2022-08-13 00:00:00;9.43;96.47;30.0;0.0;100.0;20.0;116.0;148.0
2022-08-13 01:00:00;8.54;95.36;20.0;0.0;70.0;10.0;114.0;136.0
2022-08-13 02:00:00;8.01;95.36;20.0;0.0;70.0;10.0;112.0;128.0
2022-08-13 03:00:00;8.83;80.39;20.0;0.0;70.0;10.0;110.0;122.0
2022-08-13 04:00:00;10.28;72.37;20.0;0.0;70.0;10.0;118.0;135.0
2022-08-13 05:00:00;12.35;64.7;30.0;0.0;90.0;10.0;105.0;197.0
2022-08-13 06:00:00;13.99;60.47;30.0;0.0;90.0;20.0;98.0;232.0
2022-08-13 07:00:00;15.28;59.87;40.0;0.0;110.0;20.0;106.0;250.0
2022-08-13 08:00:00;14.71;72.68;40.0;0.0;90.0;20.0;105.0;271.0
2022-08-13 09:00:00;13.12;86.71;70.0;0.0;130.0;40.0;100.0;285.0
2022-08-13 10:00:00;7.53;105.33;70.0;0.0;130.0;40.0;85.0;293.0
2022-08-13 11:00:00;7.56;113.07;80.0;0.0;150.0;40.0;100.0;298.0
2022-08-13 12:00:00;7.93;120.63;70.0;0.0;130.0;40.0;88.0;304.0
2022-08-13 13:00:00;7.77;124.05;70.0;0.0;180.0;30.0;69.0;307.0
2022-08-13 14:00:00;6.52;123.56;60.0;0.0;140.0;30.0;77.0;302.0
2022-08-13 15:00:00;9.22;124.68;60.0;0.0;150.0;30.0;80.0;303.0
2022-08-13 16:00:00;8.38;135.99;60.0;0.0;160.0;30.0;72.0;302.0
2022-08-13 17:00:00;11.01;131.36;50.0;0.0;160.0;20.0;90.0;288.0
2022-08-13 18:00:00;12.27;121.94;30.0;0.0;0.0;10.0;148.0;235.0
2022-08-13 19:00:00;14.41;118.7;20.0;0.0;350.0;10.0;147.0;195.0
2022-08-13 20:00:00;23.33;89.99;20.0;0.0;0.0;10.0;147.0;174.0
2022-08-13 21:00:00;28.94;78.63;20.0;0.0;30.0;10.0;144.0;167.0
2022-08-13 22:00:00;21.73;68.32;20.0;0.0;40.0;10.0;138.0;155.0
2022-08-13 23:00:00;26.51;59.56;30.0;0.0;70.0;20.0;133.0;155.0
2022-08-14 00:00:00;18.99;56.77;40.0;0.0;70.0;20.0;124.0;175.0
2022-08-14 01:00:00;12.84;74.3;40.0;0.0;90.0;20.0;128.0;168.0
2022-08-14 02:00:00;9.9;83.74;30.0;0.0;90.0;20.0;129.0;151.0
2022-08-14 03:00:00;7.81;81.11;20.0;0.0;80.0;10.0;125.0;142.0
2022-08-14 04:00:00;7.98;75.24;20.0;0.0;90.0;20.0;128.0;144.0
2022-08-14 05:00:00;8.66;70.06;30.0;0.0;90.0;20.0;142.0;198.0
2022-08-14 06:00:00;9.85;66.0;50.0;0.0;120.0;20.0;145.0;225.0
2022-08-14 07:00:00;10.2;69.34;50.0;0.0;120.0;30.0;144.0;248.0
2022-08-14 08:00:00;10.37;82.23;50.0;0.0;150.0;20.0;145.0;270.0
2022-08-14 09:00:00;8.43;98.11;60.0;0.0;100.0;30.0;134.0;297.0
2022-08-14 10:00:00;8.45;116.95;60.0;0.0;80.0;30.0;137.0;300.0
2022-08-14 11:00:00;6.76;126.8;80.0;0.0;150.0;40.0;110.0;313.0
2022-08-14 12:00:00;6.72;130.45;60.0;0.0;120.0;30.0;116.0;320.0
2022-08-14 13:00:00;4.45;129.53;60.0;0.0;160.0;30.0;102.0;316.0
2022-08-14 14:00:00;5.86;127.21;70.0;0.0;170.0;30.0;118.0;312.0
2022-08-14 15:00:00;8.25;129.12;50.0;0.0;150.0;30.0;120.0;304.0
2022-08-14 16:00:00;6.01;134.48;40.0;0.0;140.0;20.0;129.0;299.0
2022-08-14 17:00:00;5.45;138.9;30.0;0.0;0.0;10.0;158.0;272.0
2022-08-14 18:00:00;6.28;130.0;40.0;0.0;20.0;20.0;153.0;268.0
2022-08-14 19:00:00;6.33;108.54;40.0;0.0;30.0;20.0;167.0;240.0
2022-08-14 20:00:00;18.1;90.52;30.0;0.0;30.0;10.0;174.0;208.0
2022-08-14 21:00:00;13.43;90.49;20.0;0.0;40.0;10.0;172.0;199.0
2022-08-14 22:00:00;14.09;78.51;30.0;0.0;30.0;10.0;169.0;194.0
2022-08-14 23:00:00;10.83;75.04;20.0;0.0;30.0;10.0;168.0;190.0
2022-08-15 00:00:00;12.05;70.51;30.0;0.0;30.0;10.0;173.0;199.0
2022-08-15 01:00:00;10.37;70.31;70.0;0.0;210.0;10.0;167.0;220.0
2022-08-15 02:00:00;10.08;67.59;20.0;0.0;210.0;10.0;178.0;198.0
2022-08-15 03:00:00;11.11;53.82;60.0;0.0;20.0;10.0;167.0;205.0
2022-08-15 04:00:00;17.37;37.05;40.0;0.0;240.0;20.0;175.0;204.0
2022-08-15 05:00:00;20.84;26.94;50.0;0.0;240.0;20.0;161.0;221.0
2022-08-15 06:00:00;39.69;39.85;50.0;0.0;260.0;20.0;145.0;240.0
2022-08-15 07:00:00;40.07;55.87;70.0;0.0;240.0;30.0;143.0;240.0
2022-08-15 08:00:00;32.07;68.56;60.0;0.0;230.0;30.0;153.0;252.0
2022-08-15 09:00:00;17.86;89.98;70.0;0.0;210.0;40.0;164.0;237.0
2022-08-15 10:00:00;22.34;87.89;60.0;0.0;210.0;30.0;171.0;238.0
2022-08-15 11:00:00;23.16;80.75;60.0;0.0;210.0;30.0;173.0;241.0
2022-08-15 12:00:00;24.27;84.53;70.0;0.0;250.0;30.0;160.0;246.0
2022-08-15 13:00:00;16.6;101.86;50.0;0.0;250.0;20.0;171.0;249.0
2022-08-15 14:00:00;19.7;102.0;50.0;0.0;170.0;20.0;173.0;254.0
2022-08-15 15:00:00;16.18;114.42;40.0;0.0;150.0;20.0;167.0;257.0
2022-08-15 16:00:00;18.0;122.42;30.0;0.0;150.0;10.0;174.0;252.0
2022-08-15 17:00:00;16.56;126.36;50.0;0.0;190.0;10.0;171.0;243.0
2022-08-15 18:00:00;12.61;116.74;50.0;0.0;330.0;20.0;172.0;227.0
2022-08-15 19:00:00;16.33;113.6;40.0;0.0;310.0;10.0;165.0;210.0
2022-08-15 20:00:00;21.24;92.83;30.0;0.0;290.0;10.0;165.0;193.0
2022-08-15 21:00:00;29.07;75.42;20.0;0.0;180.0;10.0;166.0;189.0
2022-08-15 22:00:00;25.23;65.74;30.0;0.0;160.0;10.0;166.0;186.0
2022-08-15 23:00:00;32.68;53.35;30.0;0.0;170.0;20.0;159.0;175.0
2022-08-16 00:00:00;24.71;63.07;20.0;0.0;190.0;10.0;149.0;160.0
2022-08-16 01:00:00;18.31;62.14;20.0;0.0;170.0;20.0;149.0;156.0
2022-08-16 02:00:00;19.23;58.69;20.0;0.0;160.0;10.0;149.0;154.0
2022-08-16 03:00:00;17.47;57.51;20.0;0.0;120.0;10.0;147.0;150.0
2022-08-16 04:00:00;17.55;57.86;30.0;0.0;200.0;10.0;149.0;154.0
2022-08-16 05:00:00;28.1;44.48;30.0;0.0;200.0;10.0;162.0;188.0
2022-08-16 06:00:00;32.46;41.65;50.0;0.0;220.0;20.0;162.0;209.0
2022-08-16 07:00:00;28.11;56.5;50.0;0.0;200.0;30.0;166.0;222.0
2022-08-16 08:00:00;25.41;62.42;50.0;0.0;190.0;30.0;169.0;232.0
2022-08-16 09:00:00;23.0;69.47;60.0;0.0;210.0;30.0;168.0;245.0
2022-08-16 10:00:00;20.11;86.98;60.0;0.0;210.0;30.0;174.0;255.0
2022-08-16 11:00:00;15.95;104.14;60.0;0.0;240.0;30.0;178.0;270.0
2022-08-16 12:00:00;16.4;116.71;60.0;0.0;250.0;30.0;164.0;257.0
2022-08-16 13:00:00;17.44;129.2;50.0;0.0;270.0;30.0;161.0;265.0
2022-08-16 14:00:00;17.13;135.51;50.0;0.0;240.0;20.0;152.0;266.0
2022-08-16 15:00:00;23.04;134.44;40.0;0.0;320.0;20.0;189.0;255.0
2022-08-16 16:00:00;23.89;123.55;50.0;0.0;330.0;20.0;193.0;252.0
2022-08-16 17:00:00;19.25;118.36;60.0;0.0;330.0;30.0;179.0;234.0
2022-08-16 18:00:00;16.09;116.71;40.0;0.0;340.0;20.0;173.0;225.0
2022-08-16 19:00:00;16.95;106.54;30.0;0.0;10.0;10.0;170.0;196.0
2022-08-16 20:00:00;20.03;100.7;20.0;0.0;60.0;10.0;167.0;182.0
2022-08-16 21:00:00;25.16;82.36;30.0;0.0;50.0;10.0;167.0;181.0
2022-08-16 22:00:00;20.22;79.63;30.0;0.0;360.0;10.0;170.0;182.0
2022-08-16 23:00:00;15.31;86.74;30.0;0.0;70.0;20.0;170.0;181.0
2022-08-17 00:00:00;13.02;83.42;30.0;0.0;60.0;20.0;164.0;176.0
2022-08-17 01:00:00;9.69;87.07;50.0;4.0;190.0;20.0;170.0;186.0
2022-08-17 02:00:00;8.42;87.07;50.0;10.0;40.0;30.0;175.0;189.0
2022-08-17 03:00:00;4.81;87.07;80.0;0.0;330.0;30.0;173.0;188.0
2022-08-17 04:00:00;6.24;87.07;60.0;0.0;350.0;30.0;173.0;188.0
2022-08-17 05:00:00;4.63;89.25;70.0;0.0;10.0;40.0;174.0;190.0
2022-08-17 06:00:00;7.97;77.62;60.0;0.0;10.0;20.0;179.0;197.0
2022-08-17 07:00:00;10.91;75.08;50.0;0.0;10.0;20.0;180.0;203.0
2022-08-17 08:00:00;7.49;80.56;80.0;0.0;40.0;30.0;175.0;206.0
2022-08-17 09:00:00;7.38;87.11;70.0;5.0;350.0;40.0;172.0;195.0
2022-08-17 10:00:00;6.21;96.73;70.0;0.0;350.0;20.0;168.0;202.0
2022-08-17 11:00:00;10.07;92.23;40.0;3.0;310.0;10.0;173.0;196.0
2022-08-17 12:00:00;13.42;96.73;50.0;9.0;20.0;20.0;181.0;199.0
2022-08-17 13:00:00;7.82;87.22;70.0;6.0;20.0;30.0;182.0;196.0
2022-08-17 14:00:00;6.95;85.85;60.0;8.0;20.0;30.0;190.0;203.0
2022-08-17 15:00:00;9.06;80.73;50.0;0.0;320.0;20.0;190.0;205.0
2022-08-17 16:00:00;8.51;73.64;30.0;0.0;300.0;20.0;191.0;211.0
2022-08-17 17:00:00;15.91;66.45;30.0;0.0;290.0;20.0;193.0;208.0
2022-08-17 18:00:00;14.21;66.62;40.0;2.0;310.0;10.0;190.0;201.0
2022-08-17 19:00:00;15.68;66.92;80.0;10.0;310.0;30.0;179.0;182.0
2022-08-17 20:00:00;4.27;89.77;50.0;2.0;340.0;20.0;181.0;186.0
2022-08-17 21:00:00;11.04;63.98;40.0;0.0;340.0;10.0;178.0;183.0
2022-08-17 22:00:00;11.8;55.64;20.0;0.0;310.0;10.0;173.0;176.0
2022-08-17 23:00:00;11.15;47.06;30.0;0.0;310.0;20.0;178.0;181.0
2022-08-18 00:00:00;12.15;48.18;30.0;0.0;320.0;10.0;171.0;175.0
2022-08-18 01:00:00;7.69;56.03;20.0;0.0;320.0;10.0;163.0;167.0
2022-08-18 02:00:00;8.9;54.89;30.0;0.0;270.0;10.0;165.0;167.0
2022-08-18 03:00:00;10.15;43.74;30.0;0.0;280.0;20.0;165.0;169.0
2022-08-18 04:00:00;16.97;36.61;30.0;0.0;0.0;10.0;161.0;165.0
2022-08-18 05:00:00;23.91;36.29;20.0;0.0;310.0;10.0;175.0;178.0
2022-08-18 06:00:00;41.19;24.33;30.0;0.0;310.0;20.0;175.0;196.0
2022-08-18 07:00:00;27.78;42.84;30.0;0.0;320.0;10.0;174.0;210.0
2022-08-18 08:00:00;19.95;64.61;30.0;0.0;320.0;10.0;176.0;224.0
2022-08-18 09:00:00;18.25;73.78;40.0;0.0;330.0;20.0;171.0;219.0
2022-08-18 10:00:00;18.65;74.67;50.0;0.0;10.0;20.0;168.0;226.0
2022-08-18 11:00:00;6.28;100.52;60.0;0.0;10.0;20.0;166.0;232.0
2022-08-18 12:00:00;5.35;101.97;60.0;0.0;10.0;30.0;169.0;229.0
2022-08-18 13:00:00;4.37;104.1;50.0;0.0;60.0;20.0;170.0;233.0
2022-08-18 14:00:00;4.67;97.95;40.0;0.0;20.0;20.0;178.0;242.0
2022-08-18 15:00:00;6.03;92.94;50.0;0.0;350.0;30.0;169.0;242.0
2022-08-18 16:00:00;4.46;97.0;40.0;0.0;340.0;20.0;168.0;242.0
2022-08-18 17:00:00;5.83;96.45;40.0;0.0;360.0;20.0;169.0;230.0
2022-08-18 18:00:00;5.33;91.44;30.0;0.0;330.0;20.0;169.0;208.0
2022-08-18 19:00:00;6.3;83.69;30.0;0.0;360.0;20.0;167.0;189.0
2022-08-18 20:00:00;7.72;75.69;20.0;0.0;30.0;10.0;164.0;171.0
2022-08-18 21:00:00;15.73;61.06;10.0;0.0;0.0;0.0;155.0;161.0
2022-08-18 22:00:00;25.81;39.41;10.0;0.0;110.0;10.0;151.0;154.0
2022-08-18 23:00:00;22.36;35.27;10.0;0.0;0.0;0.0;147.0;150.0
2022-08-19 00:00:00;24.25;27.5;10.0;0.0;0.0;0.0;143.0;145.0
2022-08-19 01:00:00;18.12;32.45;10.0;0.0;130.0;0.0;140.0;142.0
2022-08-19 02:00:00;19.54;24.12;10.0;0.0;170.0;10.0;139.0;140.0
2022-08-19 03:00:00;17.65;30.74;20.0;0.0;150.0;10.0;135.0;137.0
2022-08-19 04:00:00;25.17;20.02;20.0;0.0;190.0;10.0;138.0;140.0
2022-08-19 05:00:00;35.26;9.54;30.0;0.0;200.0;10.0;167.0;170.0
2022-08-19 06:00:00;31.11;32.54;60.0;0.0;220.0;20.0;167.0;174.0
2022-08-19 07:00:00;24.58;32.81;40.0;0.0;240.0;20.0;168.0;189.0
2022-08-19 08:00:00;22.17;35.1;50.0;0.0;220.0;20.0;172.0;209.0
2022-08-19 09:00:00;21.41;37.65;40.0;0.0;200.0;20.0;176.0;217.0
2022-08-19 10:00:00;22.75;40.21;60.0;0.0;180.0;30.0;180.0;229.0
2022-08-19 11:00:00;22.06;40.44;60.0;0.0;200.0;30.0;179.0;225.0
2022-08-19 12:00:00;24.05;40.46;70.0;0.0;240.0;30.0;174.0;233.0
2022-08-19 13:00:00;16.4;50.01;50.0;0.0;210.0;20.0;193.0;218.0
2022-08-19 14:00:00;13.87;48.85;50.0;0.0;220.0;30.0;188.0;224.0
2022-08-19 15:00:00;12.93;35.8;60.0;0.0;240.0;30.0;187.0;227.0
2022-08-19 16:00:00;11.37;35.84;60.0;0.0;280.0;30.0;183.0;220.0
2022-08-19 17:00:00;11.38;37.36;50.0;0.0;270.0;20.0;178.0;211.0
2022-08-19 18:00:00;7.99;40.02;40.0;0.0;280.0;20.0;179.0;207.0
2022-08-19 19:00:00;10.98;34.59;50.0;0.0;290.0;20.0;177.0;201.0
2022-08-19 20:00:00;11.52;38.85;40.0;0.0;280.0;20.0;177.0;199.0
2022-08-19 21:00:00;16.88;35.25;30.0;0.0;330.0;10.0;178.0;198.0
2022-08-19 22:00:00;22.92;33.33;20.0;0.0;260.0;10.0;174.0;192.0
2022-08-19 23:00:00;21.69;32.74;30.0;0.0;260.0;10.0;176.0;188.0
2022-08-20 00:00:00;19.51;31.65;30.0;0.0;320.0;10.0;174.0;191.0
2022-08-20 01:00:00;9.05;41.05;40.0;0.0;340.0;20.0;174.0;186.0
2022-08-20 02:00:00;4.6;42.44;30.0;0.0;310.0;10.0;166.0;182.0
2022-08-20 03:00:00;4.73;41.23;20.0;0.0;320.0;10.0;164.0;172.0
2022-08-20 04:00:00;4.77;46.39;20.0;0.0;340.0;10.0;153.0;160.0
2022-08-20 05:00:00;8.82;42.69;20.0;0.0;320.0;20.0;148.0;174.0
2022-08-20 06:00:00;18.41;29.48;30.0;0.0;340.0;20.0;130.0;195.0
2022-08-20 07:00:00;15.97;44.43;40.0;0.0;300.0;20.0;121.0;203.0
2022-08-20 08:00:00;10.16;57.37;40.0;0.0;310.0;20.0;97.0;214.0
2022-08-20 09:00:00;9.83;64.9;60.0;0.0;290.0;20.0;99.0;226.0
2022-08-20 10:00:00;10.34;71.13;60.0;0.0;270.0;30.0;98.0;229.0
2022-08-20 11:00:00;6.42;81.09;50.0;0.0;300.0;20.0;103.0;232.0
2022-08-20 12:00:00;9.69;81.53;60.0;0.0;240.0;30.0;121.0;227.0
2022-08-20 13:00:00;15.66;74.6;60.0;0.0;240.0;30.0;121.0;226.0
2022-08-20 14:00:00;9.56;83.7;90.0;0.0;300.0;40.0;128.0;219.0
2022-08-20 15:00:00;6.88;83.24;80.0;0.0;280.0;40.0;127.0;218.0
2022-08-20 16:00:00;7.52;78.68;70.0;0.0;250.0;30.0;126.0;218.0
2022-08-20 17:00:00;7.64;76.92;60.0;0.0;260.0;30.0;119.0;207.0
2022-08-20 18:00:00;9.03;74.95;50.0;0.0;250.0;20.0;121.0;188.0
2022-08-20 19:00:00;11.99;66.13;30.0;0.0;0.0;10.0;130.0;148.0
2022-08-20 20:00:00;20.5;51.44;10.0;0.0;210.0;10.0;126.0;135.0
2022-08-20 21:00:00;22.7;44.5;10.0;0.0;210.0;10.0;117.0;122.0
2022-08-20 22:00:00;29.4;35.34;20.0;0.0;140.0;10.0;121.0;125.0
2022-08-20 23:00:00;39.3;15.14;20.0;0.0;150.0;10.0;118.0;121.0
2022-08-21 00:00:00;41.35;9.29;20.0;0.0;150.0;10.0;115.0;118.0
2022-08-21 01:00:00;42.67;7.9;20.0;0.0;160.0;10.0;114.0;117.0
2022-08-21 02:00:00;27.68;7.9;20.0;0.0;170.0;10.0;111.0;114.0
2022-08-21 03:00:00;21.81;21.87;20.0;0.0;140.0;10.0;111.0;114.0
2022-08-21 04:00:00;21.58;19.52;30.0;0.0;180.0;20.0;112.0;115.0
2022-08-21 05:00:00;22.13;15.64;40.0;0.0;200.0;20.0;133.0;143.0
2022-08-21 06:00:00;19.81;23.1;50.0;0.0;200.0;20.0;145.0;172.0
2022-08-21 07:00:00;15.21;32.22;50.0;0.0;210.0;30.0;152.0;189.0
2022-08-21 08:00:00;13.02;35.36;60.0;0.0;230.0;30.0;159.0;207.0
2022-08-21 09:00:00;10.8;40.02;70.0;0.0;220.0;30.0;151.0;211.0
2022-08-21 10:00:00;9.52;50.93;90.0;0.0;230.0;40.0;141.0;220.0
2022-08-21 11:00:00;7.01;62.64;80.0;0.0;270.0;40.0;139.0;227.0
2022-08-21 12:00:00;9.09;62.72;80.0;0.0;290.0;40.0;142.0;231.0
2022-08-21 13:00:00;7.67;73.84;80.0;0.0;270.0;30.0;133.0;225.0
2022-08-21 14:00:00;9.68;78.27;70.0;0.0;240.0;30.0;121.0;225.0
2022-08-21 15:00:00;10.36;80.41;70.0;0.0;270.0;30.0;134.0;216.0
2022-08-21 16:00:00;10.9;73.91;50.0;0.0;300.0;20.0;131.0;214.0
2022-08-21 17:00:00;9.3;74.36;30.0;0.0;310.0;20.0;137.0;203.0
2022-08-21 18:00:00;9.43;74.41;20.0;0.0;330.0;10.0;152.0;185.0
2022-08-21 19:00:00;10.82;72.82;20.0;0.0;350.0;10.0;152.0;167.0
2022-08-21 20:00:00;20.61;57.3;10.0;0.0;0.0;0.0;150.0;161.0
2022-08-21 21:00:00;14.92;53.35;10.0;0.0;10.0;10.0;153.0;162.0
2022-08-21 22:00:00;17.71;41.8;20.0;0.0;50.0;10.0;149.0;161.0
2022-08-21 23:00:00;15.97;39.92;20.0;0.0;50.0;10.0;146.0;160.0
2022-08-22 00:00:00;15.67;35.03;20.0;0.0;40.0;10.0;143.0;153.0
2022-08-22 01:00:00;11.04;38.14;20.0;0.0;50.0;10.0;136.0;155.0
2022-08-22 02:00:00;9.17;35.77;20.0;0.0;40.0;10.0;138.0;153.0
2022-08-22 03:00:00;7.94;37.6;20.0;0.0;50.0;10.0;133.0;156.0
2022-08-22 04:00:00;7.54;37.9;30.0;0.0;40.0;10.0;137.0;153.0
2022-08-22 05:00:00;11.16;32.52;20.0;0.0;40.0;10.0;138.0;161.0
2022-08-22 06:00:00;18.61;25.54;20.0;0.0;60.0;10.0;140.0;174.0
2022-08-22 07:00:00;17.61;26.95;40.0;0.0;80.0;20.0;143.0;191.0
2022-08-22 08:00:00;17.59;29.13;30.0;0.0;80.0;20.0;143.0;217.0
2022-08-22 09:00:00;16.6;43.21;40.0;0.0;60.0;20.0;143.0;230.0
2022-08-22 10:00:00;10.2;67.36;50.0;0.0;130.0;20.0;142.0;238.0
2022-08-22 11:00:00;9.77;75.81;50.0;0.0;130.0;20.0;126.0;244.0
2022-08-22 12:00:00;8.79;83.69;50.0;0.0;180.0;20.0;133.0;251.0
2022-08-22 13:00:00;8.7;89.85;40.0;0.0;140.0;20.0;116.0;250.0
2022-08-22 14:00:00;10.1;94.38;30.0;0.0;140.0;20.0;115.0;254.0
2022-08-22 15:00:00;8.55;99.21;40.0;0.0;150.0;20.0;118.0;253.0
2022-08-22 16:00:00;12.68;99.52;30.0;0.0;160.0;20.0;110.0;247.0
2022-08-22 17:00:00;11.92;97.4;30.0;0.0;130.0;10.0;134.0;240.0
2022-08-22 18:00:00;13.44;95.84;20.0;0.0;100.0;10.0;149.0;191.0
2022-08-22 19:00:00;23.09;82.86;20.0;0.0;60.0;10.0;148.0;168.0
2022-08-22 20:00:00;16.97;81.92;30.0;0.0;60.0;10.0;150.0;166.0
2022-08-22 21:00:00;10.57;82.08;30.0;0.0;80.0;20.0;146.0;182.0
2022-08-22 22:00:00;14.56;68.52;30.0;0.0;80.0;20.0;147.0;174.0
2022-08-22 23:00:00;11.9;70.55;20.0;0.0;100.0;10.0;144.0;170.0
2022-08-23 00:00:00;14.3;65.24;20.0;0.0;0.0;10.0;145.0;156.0
2022-08-23 01:00:00;11.87;65.79;10.0;0.0;0.0;10.0;150.0;160.0
2022-08-23 02:00:00;11.54;63.75;30.0;0.0;250.0;10.0;143.0;160.0
2022-08-23 03:00:00;13.49;57.33;20.0;0.0;250.0;0.0;147.0;162.0
2022-08-23 04:00:00;18.18;53.76;20.0;0.0;80.0;0.0;153.0;168.0
2022-08-23 05:00:00;23.34;40.36;20.0;0.0;100.0;10.0;153.0;182.0
2022-08-23 06:00:00;51.24;7.7;20.0;0.0;130.0;10.0;154.0;211.0
2022-08-23 07:00:00;57.18;12.3;30.0;0.0;170.0;20.0;148.0;225.0
2022-08-23 08:00:00;44.82;37.38;30.0;0.0;130.0;10.0;162.0;238.0
2022-08-23 09:00:00;30.25;67.64;40.0;0.0;150.0;20.0;143.0;258.0
2022-08-23 10:00:00;19.32;87.29;50.0;0.0;160.0;30.0;148.0;269.0
2022-08-23 11:00:00;13.69;88.29;60.0;0.0;180.0;30.0;150.0;268.0
2022-08-23 12:00:00;12.87;93.44;50.0;0.0;230.0;20.0;150.0;275.0
2022-08-23 13:00:00;14.11;98.39;70.0;0.0;210.0;20.0;148.0;276.0
2022-08-23 14:00:00;16.51;109.15;60.0;0.0;200.0;30.0;157.0;268.0
2022-08-23 15:00:00;18.46;121.28;60.0;0.0;290.0;30.0;166.0;273.0
2022-08-23 16:00:00;17.81;113.72;50.0;0.0;260.0;20.0;176.0;267.0
2022-08-23 17:00:00;16.46;103.54;50.0;0.0;320.0;30.0;184.0;244.0
2022-08-23 18:00:00;12.3;87.96;40.0;0.0;340.0;20.0;188.0;228.0
2022-08-23 19:00:00;16.07;80.73;30.0;0.0;330.0;10.0;185.0;205.0
2022-08-23 20:00:00;21.07;72.02;30.0;0.0;330.0;10.0;181.0;191.0
2022-08-23 21:00:00;25.07;62.32;20.0;0.0;330.0;10.0;174.0;180.0
2022-08-23 22:00:00;21.71;46.85;20.0;0.0;120.0;10.0;170.0;173.0
2022-08-23 23:00:00;18.0;45.5;20.0;0.0;0.0;10.0;164.0;167.0
2022-08-24 00:00:00;18.64;44.77;10.0;0.0;130.0;0.0;160.0;163.0
2022-08-24 01:00:00;14.33;41.54;10.0;0.0;0.0;10.0;156.0;159.0
2022-08-24 02:00:00;13.0;37.13;10.0;0.0;0.0;0.0;153.0;156.0
2022-08-24 03:00:00;10.72;40.75;10.0;0.0;140.0;0.0;150.0;153.0
2022-08-24 04:00:00;15.72;30.42;20.0;0.0;130.0;10.0;153.0;155.0
2022-08-24 05:00:00;21.12;20.01;10.0;0.0;0.0;0.0;174.0;180.0
2022-08-24 06:00:00;25.3;6.52;20.0;0.0;130.0;10.0;183.0;217.0
2022-08-24 07:00:00;42.32;26.18;30.0;0.0;130.0;20.0;185.0;237.0
2022-08-24 08:00:00;24.15;70.81;40.0;0.0;180.0;20.0;184.0;251.0
2022-08-24 09:00:00;16.01;77.31;50.0;0.0;190.0;20.0;175.0;269.0
2022-08-24 10:00:00;16.74;69.89;50.0;0.0;200.0;20.0;179.0;287.0
2022-08-24 11:00:00;14.31;74.68;50.0;0.0;200.0;20.0;164.0;284.0
2022-08-24 12:00:00;17.45;72.44;40.0;0.0;210.0;20.0;160.0;297.0
2022-08-24 13:00:00;10.78;84.8;50.0;0.0;260.0;20.0;167.0;280.0
2022-08-24 14:00:00;16.65;84.26;50.0;0.0;330.0;30.0;175.0;288.0
2022-08-24 15:00:00;10.87;90.72;40.0;0.0;330.0;30.0;174.0;285.0
2022-08-24 16:00:00;8.56;98.79;60.0;0.0;340.0;30.0;184.0;275.0
2022-08-24 17:00:00;8.22;97.3;60.0;0.0;350.0;30.0;186.0;262.0
2022-08-24 18:00:00;11.64;85.13;60.0;0.0;30.0;30.0;185.0;247.0
2022-08-24 19:00:00;10.12;87.16;50.0;0.0;30.0;30.0;196.0;233.0
2022-08-24 20:00:00;12.45;79.76;50.0;0.0;20.0;20.0;200.0;225.0
2022-08-24 21:00:00;10.56;64.3;30.0;0.0;30.0;20.0;198.0;221.0
2022-08-24 22:00:00;10.67;50.1;30.0;0.0;30.0;20.0;195.0;216.0
2022-08-24 23:00:00;10.98;44.6;30.0;0.0;50.0;20.0;193.0;210.0
2022-08-25 00:00:00;11.62;46.78;30.0;0.0;50.0;10.0;177.0;190.0
2022-08-25 01:00:00;10.16;48.18;30.0;0.0;70.0;10.0;172.0;183.0
2022-08-25 02:00:00;9.99;48.18;30.0;0.0;100.0;20.0;166.0;176.0
2022-08-25 03:00:00;10.58;51.07;30.0;0.0;110.0;20.0;162.0;189.0
2022-08-25 04:00:00;13.71;51.52;30.0;0.0;120.0;20.0;148.0;188.0
2022-08-25 05:00:00;24.96;46.25;30.0;0.0;140.0;20.0;145.0;208.0
2022-08-25 06:00:00;46.7;33.24;60.0;0.0;130.0;30.0;140.0;226.0
2022-08-25 07:00:00;45.72;34.11;60.0;0.0;140.0;30.0;144.0;250.0
2022-08-25 08:00:00;33.93;49.58;60.0;0.0;140.0;30.0;159.0;274.0
2022-08-25 09:00:00;28.77;64.99;60.0;0.0;140.0;30.0;154.0;291.0
2022-08-25 10:00:00;27.8;78.34;50.0;0.0;130.0;30.0;142.0;303.0
2022-08-25 11:00:00;23.61;94.91;60.0;0.0;140.0;30.0;137.0;302.0
2022-08-25 12:00:00;19.87;107.91;50.0;0.0;110.0;30.0;131.0;312.0
2022-08-25 13:00:00;19.74;124.98;50.0;0.0;170.0;30.0;121.0;318.0
2022-08-25 14:00:00;14.71;145.23;40.0;0.0;130.0;20.0;130.0;317.0
2022-08-25 15:00:00;18.61;147.79;40.0;0.0;130.0;10.0;173.0;290.0
2022-08-25 16:00:00;29.13;143.1;80.0;0.0;300.0;30.0;169.0;277.0
2022-08-25 17:00:00;18.31;156.58;60.0;0.0;310.0;30.0;189.0;251.0
2022-08-25 18:00:00;31.01;115.03;60.0;0.0;300.0;30.0;180.0;236.0
2022-08-25 19:00:00;34.64;106.56;80.0;0.0;310.0;40.0;190.0;216.0
2022-08-25 20:00:00;30.99;88.56;60.0;0.0;310.0;30.0;184.0;207.0
2022-08-25 21:00:00;17.45;80.06;80.0;0.0;330.0;30.0;179.0;205.0
2022-08-25 22:00:00;9.58;83.58;80.0;0.0;340.0;30.0;175.0;201.0
2022-08-25 23:00:00;7.62;74.22;70.0;0.0;330.0;40.0;174.0;199.0
2022-08-26 00:00:00;6.97;70.33;60.0;0.0;340.0;30.0;173.0;197.0
2022-08-26 01:00:00;5.12;72.24;70.0;0.0;340.0;30.0;171.0;197.0
2022-08-26 02:00:00;4.99;70.07;70.0;0.0;330.0;30.0;173.0;193.0
2022-08-26 03:00:00;2.9;70.45;60.0;0.0;330.0;30.0;170.0;194.0
2022-08-26 04:00:00;4.75;67.72;60.0;0.0;330.0;30.0;166.0;192.0
2022-08-26 05:00:00;4.78;69.48;70.0;0.0;340.0;30.0;165.0;190.0
2022-08-26 06:00:00;6.05;63.43;70.0;0.0;340.0;30.0;162.0;198.0
2022-08-26 07:00:00;7.7;57.97;70.0;0.0;330.0;30.0;161.0;198.0
2022-08-26 08:00:00;5.63;60.73;70.0;0.0;340.0;40.0;161.0;201.0
2022-08-26 09:00:00;5.74;62.38;80.0;0.0;340.0;40.0;156.0;202.0
2022-08-26 10:00:00;5.95;62.63;70.0;0.0;340.0;40.0;154.0;203.0
2022-08-26 11:00:00;5.58;61.09;70.0;0.0;330.0;40.0;154.0;205.0
2022-08-26 12:00:00;5.89;61.08;80.0;0.0;320.0;30.0;152.0;205.0
2022-08-26 13:00:00;5.79;63.97;70.0;0.0;340.0;30.0;152.0;206.0
2022-08-26 14:00:00;9.77;60.09;70.0;0.0;340.0;40.0;152.0;204.0
2022-08-26 15:00:00;10.68;55.83;80.0;0.0;340.0;40.0;145.0;201.0
2022-08-26 16:00:00;5.34;60.56;70.0;0.0;350.0;40.0;137.0;202.0
2022-08-26 17:00:00;3.33;61.54;60.0;0.0;350.0;30.0;127.0;198.0
2022-08-26 18:00:00;2.7;62.29;50.0;0.0;360.0;30.0;123.0;193.0
2022-08-26 19:00:00;3.4;63.34;60.0;0.0;330.0;30.0;125.0;179.0
2022-08-26 20:00:00;3.88;61.94;50.0;0.0;330.0;20.0;124.0;164.0
2022-08-26 21:00:00;4.64;60.21;40.0;0.0;330.0;20.0;122.0;157.0
2022-08-26 22:00:00;8.88;53.14;30.0;0.0;340.0;10.0;125.0;158.0
2022-08-26 23:00:00;9.88;50.29;20.0;0.0;340.0;10.0;132.0;161.0
2022-08-27 00:00:00;6.78;50.66;20.0;0.0;320.0;10.0;135.0;163.0
2022-08-27 01:00:00;5.21;48.96;30.0;0.0;310.0;10.0;132.0;150.0
2022-08-27 02:00:00;7.65;45.72;20.0;0.0;310.0;20.0;126.0;135.0
2022-08-27 03:00:00;5.19;46.6;30.0;0.0;320.0;20.0;120.0;127.0
2022-08-27 04:00:00;8.56;40.38;20.0;0.0;0.0;10.0;112.0;117.0
2022-08-27 05:00:00;12.96;34.97;20.0;0.0;360.0;10.0;125.0;139.0
2022-08-27 06:00:00;15.89;25.72;20.0;0.0;0.0;10.0;130.0;158.0
2022-08-27 07:00:00;12.91;27.66;30.0;0.0;60.0;10.0;129.0;176.0
2022-08-27 08:00:00;7.14;47.43;30.0;0.0;360.0;20.0;123.0;183.0
2022-08-27 09:00:00;5.26;54.41;50.0;0.0;350.0;20.0;127.0;192.0
2022-08-27 10:00:00;5.61;54.97;50.0;0.0;360.0;30.0;114.0;199.0
2022-08-27 11:00:00;4.57;58.62;70.0;0.0;20.0;40.0;118.0;206.0
2022-08-27 12:00:00;2.06;63.19;70.0;0.0;10.0;40.0;113.0;210.0
2022-08-27 13:00:00;2.48;63.26;80.0;0.0;20.0;40.0;117.0;210.0
2022-08-27 14:00:00;2.59;63.94;80.0;0.0;360.0;40.0;124.0;208.0
2022-08-27 15:00:00;2.5;64.72;80.0;0.0;20.0;40.0;123.0;200.0
2022-08-27 16:00:00;2.42;66.08;80.0;0.0;10.0;50.0;120.0;195.0
2022-08-27 17:00:00;2.59;68.13;80.0;0.0;20.0;40.0;116.0;192.0
2022-08-27 18:00:00;2.26;69.8;80.0;0.0;10.0;40.0;112.0;177.0
2022-08-27 19:00:00;2.63;67.1;60.0;0.0;20.0;30.0;113.0;164.0
2022-08-27 20:00:00;4.47;62.79;40.0;0.0;20.0;20.0;110.0;156.0
2022-08-27 21:00:00;6.54;56.76;40.0;0.0;20.0;20.0;108.0;144.0
2022-08-27 22:00:00;9.6;52.29;40.0;0.0;20.0;20.0;106.0;130.0
2022-08-27 23:00:00;10.93;48.81;30.0;0.0;20.0;10.0;95.0;106.0
2022-08-28 00:00:00;11.85;44.31;20.0;0.0;30.0;10.0;92.0;98.0
2022-08-28 01:00:00;9.73;42.47;10.0;0.0;0.0;10.0;88.0;92.0
2022-08-28 02:00:00;6.04;46.23;10.0;0.0;360.0;10.0;84.0;86.0
2022-08-28 03:00:00;5.78;41.83;10.0;0.0;0.0;10.0;82.0;83.0
2022-08-28 04:00:00;7.08;38.4;10.0;0.0;0.0;0.0;81.0;85.0
2022-08-28 05:00:00;5.0;40.38;20.0;0.0;360.0;10.0;90.0;120.0
2022-08-28 06:00:00;5.79;32.96;50.0;0.0;40.0;20.0;99.0;165.0
2022-08-28 07:00:00;4.04;48.54;60.0;0.0;30.0;30.0;101.0;177.0
2022-08-28 08:00:00;1.63;57.67;90.0;0.0;30.0;40.0;103.0;194.0
2022-08-28 09:00:00;1.03;61.76;90.0;0.0;20.0;50.0;104.0;201.0
2022-08-28 10:00:00;0.76;66.78;80.0;0.0;20.0;50.0;100.0;202.0
2022-08-28 11:00:00;0.84;68.49;90.0;0.0;20.0;50.0;95.0;205.0
2022-08-28 12:00:00;0.79;70.53;90.0;0.0;10.0;50.0;85.0;213.0
2022-08-28 13:00:00;1.2;70.28;90.0;0.0;340.0;50.0;68.0;216.0
2022-08-28 14:00:00;1.1;73.89;110.0;0.0;10.0;50.0;92.0;216.0
2022-08-28 15:00:00;1.32;73.28;90.0;0.0;30.0;50.0;92.0;210.0
2022-08-28 16:00:00;1.43;72.02;80.0;0.0;20.0;50.0;96.0;199.0
2022-08-28 17:00:00;1.26;71.01;80.0;0.0;20.0;40.0;100.0;188.0
2022-08-28 18:00:00;2.14;69.24;50.0;0.0;30.0;20.0;114.0;157.0
2022-08-28 19:00:00;3.54;63.25;30.0;0.0;10.0;10.0;113.0;132.0
2022-08-28 20:00:00;5.63;57.46;30.0;0.0;40.0;10.0;119.0;130.0
2022-08-28 21:00:00;6.67;54.82;40.0;0.0;60.0;20.0;119.0;149.0
2022-08-28 22:00:00;6.91;52.17;20.0;0.0;40.0;10.0;105.0;118.0
2022-08-28 23:00:00;4.12;51.28;20.0;0.0;0.0;10.0;100.0;106.0
2022-08-29 00:00:00;9.31;43.32;20.0;0.0;340.0;10.0;100.0;104.0
2022-08-29 01:00:00;8.16;41.2;10.0;0.0;320.0;10.0;105.0;110.0
2022-08-29 02:00:00;9.17;41.2;10.0;0.0;0.0;10.0;95.0;101.0
2022-08-29 03:00:00;8.73;31.49;10.0;0.0;0.0;0.0;109.0;114.0
2022-08-29 04:00:00;10.32;35.48;10.0;0.0;0.0;10.0;111.0;119.0
2022-08-29 05:00:00;24.02;16.04;20.0;0.0;0.0;0.0;115.0;132.0
2022-08-29 06:00:00;35.16;13.03;10.0;0.0;300.0;10.0;118.0;160.0
2022-08-29 07:00:00;25.53;40.3;20.0;0.0;310.0;10.0;113.0;170.0
2022-08-29 08:00:00;19.88;46.39;30.0;0.0;310.0;10.0;109.0;181.0
2022-08-29 09:00:00;12.79;52.85;50.0;0.0;10.0;20.0;104.0;192.0
2022-08-29 10:00:00;9.02;57.05;50.0;0.0;50.0;20.0;106.0;191.0
2022-08-29 11:00:00;7.27;63.77;50.0;0.0;60.0;20.0;114.0;202.0
2022-08-29 12:00:00;4.65;68.09;60.0;0.0;40.0;30.0;118.0;213.0
2022-08-29 13:00:00;4.51;70.93;60.0;0.0;30.0;30.0;112.0;214.0
2022-08-29 14:00:00;4.69;73.56;80.0;0.0;20.0;30.0;118.0;212.0
2022-08-29 15:00:00;3.46;76.95;70.0;0.0;40.0;30.0;125.0;215.0
2022-08-29 16:00:00;3.8;78.43;60.0;0.0;30.0;30.0;130.0;212.0
2022-08-29 17:00:00;3.25;80.96;60.0;0.0;10.0;30.0;139.0;202.0
2022-08-29 18:00:00;3.47;76.12;50.0;0.0;20.0;30.0;146.0;188.0
2022-08-29 19:00:00;4.63;67.73;70.0;0.0;20.0;30.0;144.0;181.0
2022-08-29 20:00:00;7.34;55.7;70.0;0.0;30.0;30.0;141.0;173.0
2022-08-29 21:00:00;7.05;52.42;60.0;0.0;30.0;30.0;137.0;167.0
2022-08-29 22:00:00;4.34;54.33;60.0;0.0;30.0;30.0;136.0;159.0
2022-08-29 23:00:00;3.85;51.83;50.0;0.0;30.0;30.0;135.0;154.0
2022-08-30 00:00:00;4.95;46.69;50.0;0.0;30.0;30.0;134.0;148.0
2022-08-30 01:00:00;4.12;42.38;40.0;0.0;30.0;20.0;132.0;145.0
2022-08-30 02:00:00;4.88;37.43;40.0;0.0;30.0;20.0;130.0;141.0
2022-08-30 03:00:00;5.33;35.39;40.0;0.0;30.0;20.0;130.0;140.0
2022-08-30 04:00:00;6.55;31.31;60.0;0.0;50.0;30.0;128.0;139.0
2022-08-30 05:00:00;10.27;26.71;50.0;0.0;50.0;30.0;128.0;146.0
2022-08-30 06:00:00;11.18;27.17;60.0;0.0;50.0;40.0;129.0;168.0
2022-08-30 07:00:00;10.94;31.86;80.0;0.0;60.0;50.0;119.0;189.0
2022-08-30 08:00:00;8.33;39.71;90.0;0.0;70.0;60.0;100.0;201.0
2022-08-30 09:00:00;4.8;52.98;100.0;0.0;50.0;50.0;103.0;213.0
2022-08-30 10:00:00;3.29;62.02;100.0;0.0;70.0;50.0;98.0;220.0
2022-08-30 11:00:00;3.84;66.24;100.0;0.0;20.0;50.0;102.0;225.0
2022-08-30 12:00:00;4.36;70.55;90.0;0.0;30.0;50.0;102.0;227.0
2022-08-30 13:00:00;4.4;75.04;90.0;0.0;30.0;50.0;97.0;228.0
2022-08-30 14:00:00;4.66;78.36;80.0;0.0;40.0;50.0;98.0;223.0
2022-08-30 15:00:00;3.83;80.74;80.0;0.0;30.0;50.0;97.0;220.0
2022-08-30 16:00:00;4.31;81.29;90.0;0.0;20.0;40.0;85.0;215.0
2022-08-30 17:00:00;6.3;78.9;70.0;0.0;20.0;40.0;87.0;206.0
2022-08-30 18:00:00;6.99;77.75;50.0;0.0;10.0;20.0;92.0;191.0
2022-08-30 19:00:00;8.56;71.11;50.0;0.0;10.0;30.0;119.0;181.0
2022-08-30 20:00:00;7.41;64.23;70.0;0.0;30.0;30.0;125.0;175.0
2022-08-30 21:00:00;7.11;59.7;60.0;0.0;30.0;30.0;124.0;170.0
2022-08-30 22:00:00;5.83;57.76;60.0;0.0;40.0;30.0;116.0;164.0
2022-08-30 23:00:00;4.03;57.79;70.0;0.0;40.0;40.0;110.0;158.0
2022-08-31 00:00:00;4.93;55.04;70.0;0.0;40.0;40.0;105.0;153.0
2022-08-31 01:00:00;4.83;53.52;70.0;0.0;40.0;40.0;101.0;146.0
2022-08-31 02:00:00;4.65;52.28;70.0;0.0;40.0;40.0;97.0;143.0
2022-08-31 03:00:00;5.03;51.18;80.0;0.0;40.0;50.0;89.0;142.0
2022-08-31 04:00:00;6.06;49.23;80.0;0.0;40.0;50.0;75.0;141.0
2022-08-31 05:00:00;8.5;45.41;80.0;0.0;30.0;40.0;80.0;142.0
2022-08-31 06:00:00;14.66;36.69;80.0;0.0;40.0;50.0;88.0;156.0
2022-08-31 07:00:00;11.54;39.77;90.0;0.0;40.0;40.0;108.0;178.0
2022-08-31 08:00:00;8.38;44.2;100.0;0.0;40.0;50.0;109.0;188.0
2022-08-31 09:00:00;7.01;50.26;90.0;0.0;50.0;50.0;106.0;208.0
2022-08-31 10:00:00;7.13;54.23;100.0;0.0;50.0;50.0;108.0;213.0
2022-08-31 11:00:00;4.97;64.01;100.0;0.0;60.0;60.0;98.0;225.0
2022-08-31 12:00:00;4.6;71.59;100.0;0.0;60.0;50.0;97.0;228.0
2022-08-31 13:00:00;4.17;78.75;100.0;0.0;60.0;50.0;97.0;233.0
2022-08-31 14:00:00;4.7;82.21;90.0;0.0;50.0;50.0;84.0;231.0
2022-08-31 15:00:00;5.13;84.7;100.0;0.0;30.0;50.0;83.0;231.0
2022-08-31 16:00:00;4.4;88.23;90.0;0.0;30.0;50.0;73.0;223.0
2022-08-31 17:00:00;4.57;89.49;80.0;0.0;30.0;50.0;68.0;210.0
2022-08-31 18:00:00;5.46;87.2;60.0;0.0;40.0;30.0;74.0;193.0
2022-08-31 19:00:00;7.8;81.81;50.0;0.0;30.0;30.0;77.0;182.0
2022-08-31 20:00:00;11.59;71.75;70.0;0.0;40.0;40.0;102.0;172.0
2022-08-31 21:00:00;8.38;65.92;80.0;0.0;50.0;50.0;108.0;164.0
2022-08-31 22:00:00;5.41;66.35;70.0;0.0;50.0;40.0;109.0;156.0
2022-08-31 23:00:00;4.17;62.46;60.0;0.0;40.0;40.0;109.0;147.0
2022-09-01 00:00:00;4.73;57.71;60.0;0.0;40.0;40.0;109.0;141.0
2022-09-01 01:00:00;4.21;54.92;60.0;0.0;50.0;30.0;106.0;133.0
2022-09-01 02:00:00;4.41;52.31;50.0;0.0;40.0;30.0;102.0;127.0
2022-09-01 03:00:00;5.14;48.58;50.0;0.0;50.0;30.0;98.0;124.0
2022-09-01 04:00:00;6.37;44.9;50.0;0.0;60.0;20.0;94.0;120.0
2022-09-01 05:00:00;9.24;40.1;40.0;0.0;70.0;20.0;94.0;136.0
2022-09-01 06:00:00;14.82;33.83;70.0;0.0;90.0;30.0;90.0;161.0
2022-09-01 07:00:00;18.41;33.07;60.0;0.0;90.0;40.0;98.0;187.0
2022-09-01 08:00:00;17.7;41.83;80.0;0.0;80.0;50.0;98.0;208.0
2022-09-01 09:00:00;11.98;58.6;90.0;0.0;90.0;50.0;89.0;220.0
2022-09-01 10:00:00;10.55;70.38;80.0;0.0;90.0;50.0;80.0;234.0
2022-09-01 11:00:00;7.82;79.18;80.0;0.0;90.0;50.0;62.0;234.0
2022-09-01 12:00:00;7.01;85.33;90.0;0.0;100.0;40.0;66.0;241.0
2022-09-01 13:00:00;11.15;84.18;90.0;0.0;70.0;50.0;62.0;242.0
2022-09-01 14:00:00;8.8;89.5;90.0;0.0;100.0;40.0;71.0;243.0
2022-09-01 15:00:00;10.09;94.23;80.0;0.0;80.0;40.0;70.0;242.0
2022-09-01 16:00:00;11.09;95.17;80.0;0.0;60.0;40.0;70.0;236.0
2022-09-01 17:00:00;10.18;93.99;70.0;0.0;80.0;40.0;71.0;219.0
2022-09-01 18:00:00;9.84;94.6;50.0;0.0;60.0;20.0;94.0;176.0
2022-09-01 19:00:00;9.22;91.82;40.0;0.0;50.0;30.0;77.0;177.0
2022-09-01 20:00:00;15.08;76.79;60.0;0.0;70.0;30.0;71.0;182.0
2022-09-01 21:00:00;12.13;74.87;60.0;0.0;70.0;40.0;67.0;177.0
2022-09-01 22:00:00;8.64;76.37;70.0;0.0;70.0;40.0;64.0;171.0
2022-09-01 23:00:00;7.25;74.69;60.0;0.0;70.0;40.0;64.0;163.0
2022-09-02 00:00:00;6.52;70.2;60.0;0.0;70.0;30.0;66.0;154.0
2022-09-02 01:00:00;5.79;68.43;50.0;0.0;80.0;30.0;65.0;149.0
2022-09-02 02:00:00;6.58;68.43;50.0;0.0;80.0;30.0;65.0;144.0
2022-09-02 03:00:00;6.56;61.06;50.0;0.0;80.0;30.0;65.0;137.0
2022-09-02 04:00:00;7.82;56.72;40.0;0.0;70.0;20.0;65.0;137.0
2022-09-02 05:00:00;11.71;50.39;50.0;0.0;90.0;30.0;69.0;147.0
2022-09-02 06:00:00;18.42;43.1;60.0;0.0;90.0;30.0;79.0;167.0
2022-09-02 07:00:00;25.1;36.77;60.0;0.0;90.0;30.0;92.0;183.0
2022-09-02 08:00:00;24.3;40.87;50.0;0.0;90.0;20.0;105.0;203.0
2022-09-02 09:00:00;21.38;46.02;50.0;0.0;90.0;30.0;107.0;223.0
2022-09-02 10:00:00;18.97;54.83;60.0;0.0;90.0;30.0;107.0;233.0
2022-09-02 11:00:00;17.15;64.91;100.0;0.0;130.0;40.0;98.0;249.0
2022-09-02 12:00:00;16.79;74.52;90.0;0.0;150.0;50.0;94.0;251.0
2022-09-02 13:00:00;16.27;84.89;80.0;0.0;150.0;40.0;79.0;254.0
2022-09-02 14:00:00;17.86;90.61;80.0;0.0;140.0;40.0;77.0;253.0
2022-09-02 15:00:00;18.43;96.44;70.0;0.0;120.0;30.0;78.0;246.0
2022-09-02 16:00:00;15.2;102.82;70.0;0.0;90.0;40.0;79.0;241.0
2022-09-02 17:00:00;15.05;104.42;70.0;0.0;90.0;40.0;81.0;223.0
2022-09-02 18:00:00;19.39;97.64;50.0;0.0;80.0;40.0;71.0;210.0
2022-09-02 19:00:00;12.6;99.25;60.0;0.0;80.0;40.0;72.0;200.0
2022-09-02 20:00:00;11.6;92.37;70.0;0.0;80.0;40.0;71.0;191.0
2022-09-02 21:00:00;16.06;83.06;60.0;0.0;90.0;40.0;70.0;183.0
2022-09-02 22:00:00;10.25;81.83;60.0;0.0;90.0;40.0;69.0;173.0
2022-09-02 23:00:00;9.06;78.65;50.0;0.0;90.0;30.0;69.0;167.0
2022-09-03 00:00:00;9.42;74.79;50.0;0.0;90.0;30.0;70.0;163.0
2022-09-03 01:00:00;9.61;72.2;60.0;0.0;100.0;30.0;69.0;169.0
2022-09-03 02:00:00;9.5;70.32;60.0;0.0;100.0;30.0;70.0;154.0
2022-09-03 03:00:00;10.21;66.28;50.0;0.0;100.0;30.0;71.0;154.0
2022-09-03 04:00:00;11.47;61.87;50.0;0.0;90.0;30.0;74.0;147.0
2022-09-03 05:00:00;11.78;58.17;50.0;0.0;100.0;30.0;76.0;151.0
2022-09-03 06:00:00;15.26;53.3;60.0;0.0;110.0;30.0;81.0;175.0
2022-09-03 07:00:00;17.3;51.07;60.0;0.0;120.0;30.0;92.0;200.0
2022-09-03 08:00:00;15.86;55.38;70.0;0.0;120.0;30.0;91.0;219.0
2022-09-03 09:00:00;17.02;62.52;60.0;0.0;110.0;40.0;94.0;233.0
2022-09-03 10:00:00;16.91;67.26;80.0;0.0;90.0;40.0;94.0;245.0
2022-09-03 11:00:00;12.96;84.32;70.0;0.0;150.0;40.0;96.0;253.0
2022-09-03 12:00:00;12.9;94.91;80.0;0.0;160.0;40.0;96.0;255.0
2022-09-03 13:00:00;12.23;103.69;70.0;0.0;140.0;30.0;90.0;263.0
2022-09-03 14:00:00;14.33;110.23;50.0;0.0;160.0;30.0;94.0;263.0
2022-09-03 15:00:00;12.6;118.45;50.0;0.0;110.0;20.0;97.0;264.0
2022-09-03 16:00:00;14.24;121.91;30.0;0.0;120.0;20.0;119.0;255.0
2022-09-03 17:00:00;14.49;123.43;20.0;0.0;120.0;10.0;135.0;222.0
2022-09-03 18:00:00;21.18;114.79;20.0;0.0;80.0;10.0;139.0;176.0
2022-09-03 19:00:00;39.86;87.62;10.0;0.0;80.0;10.0;131.0;155.0
2022-09-03 20:00:00;36.33;65.89;10.0;0.0;110.0;10.0;125.0;146.0
2022-09-03 21:00:00;41.11;54.22;20.0;0.0;120.0;10.0;119.0;140.0
2022-09-03 22:00:00;38.32;47.73;20.0;0.0;90.0;10.0;116.0;132.0
2022-09-03 23:00:00;33.62;58.3;30.0;0.0;100.0;20.0;115.0;140.0
2022-09-04 00:00:00;32.78;49.74;20.0;0.0;130.0;10.0;115.0;131.0
2022-09-04 01:00:00;28.22;53.5;20.0;0.0;150.0;10.0;118.0;129.0
2022-09-04 02:00:00;24.12;52.0;30.0;0.0;130.0;10.0;117.0;127.0
2022-09-04 03:00:00;23.72;41.33;30.0;0.0;150.0;20.0;120.0;130.0
2022-09-04 04:00:00;21.4;33.33;20.0;0.0;150.0;10.0;129.0;135.0
2022-09-04 05:00:00;20.09;26.99;20.0;0.0;120.0;10.0;145.0;149.0
2022-09-04 06:00:00;20.09;21.47;30.0;0.0;140.0;20.0;149.0;174.0
2022-09-04 07:00:00;20.64;24.09;30.0;0.0;170.0;20.0;161.0;202.0
2022-09-04 08:00:00;19.56;29.61;40.0;0.0;150.0;20.0;165.0;225.0
2022-09-04 09:00:00;22.71;38.17;40.0;0.0;170.0;20.0;164.0;240.0
2022-09-04 10:00:00;17.75;60.96;50.0;0.0;140.0;30.0;166.0;252.0
2022-09-04 11:00:00;12.35;83.68;50.0;0.0;170.0;20.0;156.0;252.0
2022-09-04 12:00:00;8.09;89.88;60.0;0.0;160.0;30.0;161.0;255.0
2022-09-04 13:00:00;8.8;90.79;60.0;0.0;190.0;30.0;149.0;259.0
2022-09-04 14:00:00;6.53;95.52;50.0;0.0;180.0;20.0;136.0;264.0
2022-09-04 15:00:00;5.46;98.82;70.0;0.0;160.0;30.0;124.0;264.0
2022-09-04 16:00:00;8.32;98.82;50.0;0.0;180.0;30.0;90.0;257.0
2022-09-04 17:00:00;15.86;88.43;40.0;0.0;120.0;20.0;133.0;218.0
2022-09-04 18:00:00;13.35;86.92;10.0;0.0;0.0;10.0;130.0;171.0
2022-09-04 19:00:00;37.72;59.16;10.0;0.0;90.0;10.0;130.0;151.0
2022-09-04 20:00:00;49.72;27.35;10.0;0.0;90.0;10.0;124.0;142.0
2022-09-04 21:00:00;73.75;3.52;20.0;0.0;110.0;10.0;120.0;139.0
2022-09-04 22:00:00;66.39;1.66;20.0;0.0;110.0;10.0;119.0;135.0
2022-09-04 23:00:00;63.2;2.75;20.0;0.0;100.0;10.0;121.0;131.0
2022-09-05 00:00:00;48.11;8.26;30.0;0.0;120.0;20.0;116.0;126.0
2022-09-05 01:00:00;36.7;24.96;20.0;0.0;120.0;10.0;114.0;122.0
2022-09-05 02:00:00;15.37;49.29;20.0;0.0;150.0;10.0;110.0;119.0
2022-09-05 03:00:00;16.79;40.97;30.0;0.0;130.0;20.0;109.0;119.0
2022-09-05 04:00:00;20.29;42.13;20.0;0.0;120.0;10.0;111.0;117.0
2022-09-05 05:00:00;34.33;26.29;30.0;0.0;120.0;20.0;131.0;155.0
2022-09-05 06:00:00;53.53;11.16;40.0;0.0;150.0;20.0;141.0;198.0
2022-09-05 07:00:00;48.88;16.75;40.0;0.0;140.0;20.0;144.0;225.0
2022-09-05 08:00:00;38.28;31.41;40.0;0.0;150.0;20.0;133.0;254.0
2022-09-05 09:00:00;33.04;49.87;60.0;0.0;160.0;30.0;126.0;272.0
2022-09-05 10:00:00;23.09;74.37;70.0;0.0;160.0;40.0;118.0;277.0
2022-09-05 11:00:00;17.19;89.93;80.0;0.0;150.0;40.0;111.0;284.0
2022-09-05 12:00:00;17.14;100.59;70.0;0.0;170.0;30.0;108.0;287.0
2022-09-05 13:00:00;19.26;103.58;60.0;0.0;120.0;30.0;121.0;281.0
2022-09-05 14:00:00;15.4;108.13;40.0;0.0;90.0;20.0;135.0;279.0
2022-09-05 15:00:00;15.86;108.76;40.0;0.0;60.0;20.0;148.0;269.0
2022-09-05 16:00:00;14.26;108.02;30.0;0.0;60.0;10.0;166.0;243.0
2022-09-05 17:00:00;26.08;93.02;30.0;0.0;50.0;20.0;150.0;228.0
2022-09-05 18:00:00;22.26;88.0;30.0;0.0;130.0;20.0;156.0;210.0
2022-09-05 19:00:00;21.79;88.76;90.0;0.0;290.0;40.0;131.0;228.0
2022-09-05 20:00:00;15.24;93.62;90.0;0.0;310.0;40.0;145.0;207.0
2022-09-05 21:00:00;11.09;93.26;70.0;0.0;320.0;30.0;155.0;197.0
2022-09-05 22:00:00;9.68;89.1;50.0;6.0;240.0;20.0;153.0;187.0
2022-09-05 23:00:00;11.02;80.45;60.0;5.0;60.0;20.0;158.0;180.0
2022-09-06 00:00:00;7.17;85.13;40.0;5.0;160.0;20.0;161.0;178.0
2022-09-06 01:00:00;7.43;66.39;50.0;0.0;130.0;20.0;156.0;177.0
2022-09-06 02:00:00;8.33;66.39;70.0;0.0;110.0;30.0;154.0;173.0
2022-09-06 03:00:00;7.38;62.17;40.0;0.0;210.0;10.0;153.0;165.0
2022-09-06 04:00:00;11.43;51.67;20.0;0.0;340.0;10.0;148.0;156.0
2022-09-06 05:00:00;27.99;32.84;30.0;0.0;70.0;10.0;156.0;162.0
2022-09-06 06:00:00;45.34;14.98;40.0;0.0;120.0;20.0;160.0;190.0
2022-09-06 07:00:00;44.79;13.03;50.0;0.0;140.0;30.0;160.0;206.0
2022-09-06 08:00:00;28.65;44.57;70.0;0.0;150.0;40.0;166.0;222.0
2022-09-06 09:00:00;18.69;55.94;80.0;0.0;170.0;40.0;164.0;237.0
2022-09-06 10:00:00;18.77;62.56;60.0;0.0;200.0;30.0;164.0;249.0
2022-09-06 11:00:00;18.76;71.55;80.0;0.0;220.0;40.0;164.0;248.0
2022-09-06 12:00:00;17.13;81.02;80.0;0.0;250.0;30.0;164.0;260.0
2022-09-06 13:00:00;16.23;86.89;50.0;0.0;320.0;20.0;159.0;268.0
2022-09-06 14:00:00;19.49;90.16;60.0;0.0;290.0;20.0;141.0;264.0
2022-09-06 15:00:00;19.86;93.14;40.0;0.0;340.0;20.0;132.0;250.0
2022-09-06 16:00:00;19.02;87.25;40.0;0.0;340.0;20.0;146.0;236.0
2022-09-06 17:00:00;15.53;82.84;20.0;0.0;360.0;10.0;166.0;210.0
2022-09-06 18:00:00;23.87;74.67;30.0;0.0;30.0;20.0;153.0;216.0
2022-09-06 19:00:00;22.32;70.43;40.0;0.0;30.0;30.0;153.0;213.0
2022-09-06 20:00:00;22.48;63.84;70.0;2.0;50.0;30.0;164.0;198.0
2022-09-06 21:00:00;14.83;67.53;70.0;1.0;300.0;40.0;171.0;194.0
2022-09-06 22:00:00;11.01;58.79;180.0;10.0;320.0;60.0;152.0;166.0
2022-09-06 23:00:00;9.85;61.04;80.0;10.0;330.0;40.0;157.0;166.0
2022-09-07 00:00:00;8.49;63.88;80.0;10.0;360.0;40.0;157.0;164.0
2022-09-07 01:00:00;10.48;57.71;70.0;10.0;40.0;30.0;148.0;162.0
2022-09-07 02:00:00;6.85;59.68;60.0;2.0;40.0;20.0;150.0;158.0
2022-09-07 03:00:00;6.72;58.7;20.0;0.0;0.0;10.0;150.0;154.0
2022-09-07 04:00:00;5.46;59.81;30.0;0.0;180.0;20.0;149.0;153.0
2022-09-07 05:00:00;17.45;41.76;30.0;0.0;180.0;10.0;147.0;150.0
2022-09-07 06:00:00;40.28;14.8;50.0;0.0;210.0;30.0;155.0;165.0
2022-09-07 07:00:00;36.68;22.89;80.0;0.0;220.0;40.0;161.0;181.0
2022-09-07 08:00:00;26.93;35.63;80.0;0.0;220.0;40.0;162.0;193.0
2022-09-07 09:00:00;14.91;47.64;60.0;0.0;220.0;40.0;162.0;210.0
2022-09-07 10:00:00;18.71;55.09;70.0;0.0;220.0;30.0;151.0;221.0
2022-09-07 11:00:00;16.12;63.63;80.0;0.0;220.0;40.0;147.0;228.0
2022-09-07 12:00:00;14.67;67.48;80.0;0.0;210.0;40.0;132.0;234.0
2022-09-07 13:00:00;16.5;74.47;70.0;0.0;180.0;30.0;139.0;242.0
2022-09-07 14:00:00;19.24;85.46;70.0;0.0;190.0;30.0;133.0;234.0
2022-09-07 15:00:00;20.68;80.31;60.0;0.0;210.0;30.0;126.0;236.0
2022-09-07 16:00:00;19.91;82.46;50.0;0.0;210.0;30.0;142.0;225.0
2022-09-07 17:00:00;19.6;80.91;30.0;0.0;0.0;10.0;163.0;200.0
2022-09-07 18:00:00;22.4;73.79;20.0;0.0;70.0;10.0;151.0;168.0
2022-09-07 19:00:00;36.9;52.59;20.0;0.0;70.0;10.0;146.0;156.0
2022-09-07 20:00:00;43.67;26.53;10.0;0.0;100.0;10.0;148.0;156.0
2022-09-07 21:00:00;57.47;12.99;20.0;0.0;100.0;10.0;148.0;159.0
2022-09-07 22:00:00;52.84;13.0;10.0;0.0;130.0;10.0;149.0;161.0
2022-09-07 23:00:00;36.32;22.33;50.0;0.0;160.0;10.0;150.0;166.0
2022-09-08 00:00:00;27.97;28.03;30.0;0.0;150.0;10.0;148.0;171.0
2022-09-08 01:00:00;24.47;20.38;50.0;6.0;150.0;30.0;153.0;169.0
2022-09-08 02:00:00;19.68;31.45;40.0;2.0;120.0;20.0;153.0;163.0
2022-09-08 03:00:00;16.72;24.13;50.0;3.0;200.0;20.0;153.0;163.0
2022-09-08 04:00:00;16.47;19.87;60.0;9.0;210.0;30.0;153.0;161.0
2022-09-08 05:00:00;22.32;23.67;40.0;10.0;180.0;20.0;153.0;161.0
2022-09-08 06:00:00;30.11;19.99;50.0;10.0;180.0;20.0;154.0;161.0
2022-09-08 07:00:00;39.23;9.9;50.0;2.0;190.0;20.0;154.0;164.0
2022-09-08 08:00:00;32.97;19.93;70.0;0.0;210.0;30.0;150.0;176.0
2022-09-08 09:00:00;26.57;21.71;70.0;0.0;200.0;30.0;147.0;183.0
2022-09-08 10:00:00;19.63;34.87;80.0;1.0;230.0;40.0;143.0;192.0
2022-09-08 11:00:00;13.94;40.4;80.0;0.0;230.0;40.0;133.0;206.0
2022-09-08 12:00:00;11.55;48.35;100.0;0.0;240.0;50.0;123.0;210.0
2022-09-08 13:00:00;11.77;55.26;80.0;0.0;220.0;40.0;120.0;213.0
2022-09-08 14:00:00;10.67;64.92;90.0;0.0;190.0;40.0;122.0;209.0
2022-09-08 15:00:00;17.15;61.25;100.0;0.0;200.0;50.0;114.0;187.0
2022-09-08 16:00:00;16.35;62.91;90.0;0.0;210.0;40.0;122.0;184.0
2022-09-08 17:00:00;16.01;56.01;60.0;0.0;170.0;30.0;134.0;176.0
2022-09-08 18:00:00;20.9;46.38;40.0;3.0;180.0;30.0;144.0;171.0
2022-09-08 19:00:00;23.11;39.17;40.0;0.0;170.0;20.0;139.0;160.0
2022-09-08 20:00:00;23.08;30.61;50.0;0.0;170.0;20.0;134.0;150.0
2022-09-08 21:00:00;24.17;29.3;60.0;0.0;170.0;30.0;136.0;154.0
2022-09-08 22:00:00;18.47;36.78;80.0;0.0;180.0;30.0;134.0;149.0
2022-09-08 23:00:00;9.35;53.03;50.0;5.0;160.0;30.0;133.0;145.0
2022-09-09 00:00:00;11.5;53.66;50.0;0.0;170.0;20.0;130.0;139.0
2022-09-09 01:00:00;9.61;46.32;50.0;0.0;150.0;20.0;124.0;132.0
2022-09-09 02:00:00;9.52;41.15;40.0;0.0;140.0;20.0;123.0;130.0
2022-09-09 03:00:00;10.15;34.4;50.0;0.0;160.0;30.0;122.0;131.0
2022-09-09 04:00:00;10.37;29.74;50.0;0.0;160.0;30.0;122.0;130.0
2022-09-09 05:00:00;18.62;20.77;50.0;0.0;160.0;30.0;128.0;138.0
2022-09-09 06:00:00;28.54;11.4;70.0;0.0;170.0;30.0;133.0;157.0
2022-09-09 07:00:00;24.95;16.69;110.0;0.0;180.0;50.0;133.0;162.0
2022-09-09 08:00:00;17.36;27.07;110.0;0.0;180.0;50.0;133.0;165.0
2022-09-09 09:00:00;18.49;30.56;100.0;2.0;170.0;50.0;141.0;160.0
2022-09-09 10:00:00;20.56;31.39;90.0;2.0;160.0;40.0;145.0;169.0
2022-09-09 11:00:00;19.17;30.96;120.0;0.0;180.0;60.0;144.0;166.0
2022-09-09 12:00:00;17.04;34.92;100.0;0.0;180.0;50.0;145.0;176.0
2022-09-09 13:00:00;18.58;35.93;90.0;0.0;190.0;50.0;146.0;174.0
2022-09-09 14:00:00;17.19;38.16;80.0;5.0;210.0;40.0;146.0;178.0
2022-09-09 15:00:00;22.78;34.42;80.0;0.0;200.0;40.0;144.0;177.0
2022-09-09 16:00:00;24.95;39.06;70.0;0.0;210.0;30.0;143.0;173.0
2022-09-09 17:00:00;21.06;45.73;60.0;0.0;190.0;30.0;145.0;173.0
2022-09-09 18:00:00;23.09;42.08;60.0;2.0;180.0;30.0;146.0;162.0
2022-09-09 19:00:00;21.64;40.78;50.0;0.0;200.0;30.0;144.0;163.0
2022-09-09 20:00:00;22.07;36.52;50.0;0.0;190.0;30.0;143.0;158.0
2022-09-09 21:00:00;24.23;34.2;60.0;0.0;180.0;30.0;143.0;157.0
2022-09-09 22:00:00;19.03;36.07;50.0;0.0;170.0;30.0;142.0;155.0
2022-09-09 23:00:00;17.44;32.15;70.0;3.0;200.0;30.0;144.0;157.0
2022-09-10 00:00:00;18.78;27.72;50.0;9.0;180.0;30.0;144.0;152.0
2022-09-10 01:00:00;14.69;31.28;60.0;0.0;170.0;30.0;142.0;151.0
2022-09-10 02:00:00;13.81;31.28;60.0;0.0;180.0;30.0;145.0;153.0
2022-09-10 03:00:00;11.69;29.74;70.0;2.0;170.0;40.0;147.0;156.0
2022-09-10 04:00:00;11.5;28.61;60.0;4.0;180.0;30.0;147.0;156.0
2022-09-10 05:00:00;14.04;28.31;50.0;0.0;190.0;20.0;151.0;159.0
2022-09-10 06:00:00;18.52;27.31;40.0;0.0;210.0;20.0;155.0;165.0
2022-09-10 07:00:00;19.67;21.99;30.0;0.0;270.0;10.0;158.0;175.0
2022-09-10 08:00:00;22.36;28.21;30.0;0.0;10.0;10.0;159.0;181.0
2022-09-10 09:00:00;13.17;41.12;50.0;2.0;330.0;30.0;155.0;178.0
2022-09-10 10:00:00;8.59;48.03;70.0;0.0;360.0;30.0;157.0;190.0
2022-09-10 11:00:00;5.39;51.35;90.0;1.0;360.0;30.0;152.0;181.0
2022-09-10 12:00:00;5.37;54.59;70.0;0.0;360.0;30.0;145.0;198.0
2022-09-10 13:00:00;3.16;67.72;80.0;0.0;330.0;40.0;135.0;209.0
2022-09-10 14:00:00;2.29;79.48;70.0;0.0;340.0;40.0;131.0;209.0
2022-09-10 15:00:00;2.81;81.16;60.0;0.0;350.0;30.0;132.0;207.0
2022-09-10 16:00:00;3.52;82.26;70.0;0.0;340.0;30.0;136.0;196.0
2022-09-10 17:00:00;3.42;82.48;50.0;0.0;360.0;20.0;141.0;182.0
2022-09-10 18:00:00;4.48;76.23;40.0;0.0;340.0;20.0;142.0;160.0
2022-09-10 19:00:00;7.31;63.62;30.0;0.0;310.0;20.0;140.0;149.0
2022-09-10 20:00:00;10.85;55.94;30.0;0.0;330.0;20.0;138.0;149.0
2022-09-10 21:00:00;22.66;40.94;30.0;0.0;310.0;20.0;134.0;139.0
2022-09-10 22:00:00;22.89;34.22;20.0;0.0;330.0;10.0;130.0;133.0
2022-09-10 23:00:00;20.18;30.13;20.0;0.0;330.0;10.0;117.0;119.0
2022-09-11 00:00:00;19.4;18.89;20.0;0.0;290.0;10.0;119.0;120.0
2022-09-11 01:00:00;20.43;18.38;20.0;0.0;300.0;10.0;106.0;108.0
2022-09-11 02:00:00;20.49;13.06;10.0;0.0;0.0;0.0;104.0;107.0
2022-09-11 03:00:00;25.19;6.05;10.0;0.0;0.0;0.0;101.0;104.0
2022-09-11 04:00:00;23.65;4.6;10.0;0.0;0.0;0.0;100.0;101.0
2022-09-11 05:00:00;20.37;1.61;10.0;0.0;0.0;0.0;107.0;108.0
2022-09-11 06:00:00;17.26;0.6;10.0;0.0;0.0;0.0;132.0;135.0
2022-09-11 07:00:00;18.75;2.51;20.0;0.0;60.0;0.0;140.0;158.0
2022-09-11 08:00:00;20.53;27.78;20.0;0.0;60.0;10.0;144.0;193.0
2022-09-11 09:00:00;7.84;57.24;20.0;0.0;60.0;10.0;144.0;208.0
2022-09-11 10:00:00;5.41;69.15;30.0;0.0;190.0;10.0;140.0;213.0
2022-09-11 11:00:00;6.65;73.58;30.0;0.0;190.0;10.0;141.0;214.0
2022-09-11 12:00:00;10.25;72.61;30.0;0.0;190.0;10.0;138.0;213.0
2022-09-11 13:00:00;11.26;75.97;50.0;0.0;90.0;20.0;145.0;213.0
2022-09-11 14:00:00;10.84;78.56;40.0;0.0;120.0;20.0;149.0;203.0
2022-09-11 15:00:00;14.95;73.6;20.0;0.0;90.0;10.0;144.0;214.0
2022-09-11 16:00:00;22.28;61.62;20.0;0.0;120.0;10.0;155.0;200.0
2022-09-11 17:00:00;28.92;55.8;10.0;0.0;100.0;10.0;159.0;179.0
2022-09-11 18:00:00;31.92;48.08;20.0;0.0;130.0;10.0;143.0;152.0
2022-09-11 19:00:00;45.35;31.16;20.0;0.0;160.0;10.0;135.0;140.0
2022-09-11 20:00:00;44.78;22.72;20.0;0.0;120.0;10.0;130.0;134.0
2022-09-11 21:00:00;35.29;25.98;20.0;0.0;140.0;10.0;124.0;127.0
2022-09-11 22:00:00;34.09;18.55;20.0;0.0;150.0;10.0;116.0;119.0
2022-09-11 23:00:00;23.6;21.68;20.0;0.0;150.0;10.0;109.0;114.0
2022-09-12 00:00:00;17.57;25.02;20.0;0.0;160.0;20.0;110.0;112.0
2022-09-12 01:00:00;16.04;23.32;20.0;0.0;150.0;10.0;103.0;106.0
2022-09-12 02:00:00;13.77;23.97;20.0;0.0;160.0;20.0;105.0;107.0
2022-09-12 03:00:00;14.27;24.89;30.0;0.0;150.0;20.0;109.0;111.0
2022-09-12 04:00:00;15.23;23.58;30.0;0.0;140.0;20.0;122.0;126.0
2022-09-12 05:00:00;22.73;17.38;30.0;0.0;150.0;10.0;121.0;126.0
2022-09-12 06:00:00;38.05;4.89;30.0;0.0;150.0;20.0;132.0;146.0
2022-09-12 07:00:00;37.86;6.67;50.0;0.0;160.0;20.0;139.0;168.0
2022-09-12 08:00:00;32.21;16.82;40.0;0.0;150.0;20.0;148.0;192.0
2022-09-12 09:00:00;31.52;28.39;60.0;0.0;190.0;30.0;147.0;206.0
2022-09-12 10:00:00;29.85;37.64;60.0;0.0;190.0;30.0;142.0;218.0
2022-09-12 11:00:00;18.24;61.3;60.0;0.0;190.0;30.0;142.0;230.0
2022-09-12 12:00:00;16.81;68.22;70.0;0.0;160.0;40.0;139.0;234.0
2022-09-12 13:00:00;17.57;76.26;70.0;0.0;200.0;40.0;133.0;238.0
2022-09-12 14:00:00;16.83;87.37;70.0;0.0;180.0;40.0;126.0;236.0
2022-09-12 15:00:00;19.9;87.85;60.0;0.0;190.0;30.0;126.0;237.0
2022-09-12 16:00:00;20.22;91.4;50.0;0.0;180.0;20.0;131.0;222.0
2022-09-12 17:00:00;25.03;86.18;40.0;0.0;160.0;10.0;152.0;188.0
2022-09-12 18:00:00;33.07;75.83;20.0;0.0;150.0;10.0;149.0;166.0
2022-09-12 19:00:00;49.64;53.35;20.0;0.0;0.0;10.0;153.0;168.0
2022-09-12 20:00:00;61.59;26.11;10.0;0.0;0.0;0.0;150.0;159.0
2022-09-12 21:00:00;56.7;25.82;10.0;0.0;180.0;10.0;152.0;161.0
2022-09-12 22:00:00;58.53;15.11;10.0;0.0;180.0;10.0;152.0;163.0
2022-09-12 23:00:00;47.06;23.6;10.0;0.0;160.0;10.0;153.0;162.0
2022-09-13 00:00:00;45.86;21.59;10.0;0.0;0.0;0.0;156.0;164.0
2022-09-13 01:00:00;28.74;41.85;30.0;0.0;350.0;10.0;153.0;170.0
2022-09-13 02:00:00;26.86;39.93;20.0;0.0;330.0;10.0;152.0;162.0
2022-09-13 03:00:00;27.84;25.66;10.0;0.0;350.0;0.0;154.0;162.0
2022-09-13 04:00:00;30.52;18.32;10.0;0.0;230.0;10.0;156.0;161.0
2022-09-13 05:00:00;38.99;8.07;20.0;0.0;220.0;10.0;161.0;168.0
2022-09-13 06:00:00;51.59;0.98;20.0;0.0;300.0;10.0;166.0;188.0
2022-09-13 07:00:00;60.39;1.31;40.0;0.0;340.0;20.0;172.0;198.0
2022-09-13 08:00:00;24.64;28.45;40.0;0.0;320.0;20.0;166.0;201.0
2022-09-13 09:00:00;8.76;34.32;40.0;0.0;340.0;20.0;162.0;211.0
2022-09-13 10:00:00;6.17;41.64;50.0;0.0;330.0;20.0;161.0;215.0
2022-09-13 11:00:00;7.25;42.88;60.0;0.0;20.0;30.0;140.0;219.0
2022-09-13 12:00:00;6.78;51.94;50.0;0.0;330.0;20.0;128.0;224.0
2022-09-13 13:00:00;6.43;63.1;50.0;0.0;320.0;30.0;132.0;223.0
2022-09-13 14:00:00;6.6;71.64;50.0;0.0;320.0;30.0;128.0;212.0
2022-09-13 15:00:00;5.87;78.44;40.0;0.0;330.0;20.0;126.0;205.0
2022-09-13 16:00:00;5.44;79.43;50.0;0.0;30.0;30.0;127.0;189.0
2022-09-13 17:00:00;4.44;73.22;60.0;0.0;30.0;30.0;119.0;177.0
2022-09-13 18:00:00;6.44;66.94;60.0;0.0;30.0;30.0;122.0;169.0
2022-09-13 19:00:00;6.93;62.77;40.0;0.0;20.0;20.0;123.0;162.0
2022-09-13 20:00:00;8.07;55.98;30.0;0.0;70.0;10.0;131.0;148.0
2022-09-13 21:00:00;13.68;46.34;10.0;0.0;30.0;10.0;130.0;140.0
2022-09-13 22:00:00;10.61;46.51;30.0;0.0;50.0;20.0;118.0;142.0
2022-09-13 23:00:00;10.92;44.51;20.0;0.0;60.0;10.0;126.0;138.0
2022-09-14 00:00:00;10.8;45.09;10.0;0.0;0.0;10.0;128.0;137.0
2022-09-14 01:00:00;10.05;41.34;20.0;0.0;50.0;10.0;120.0;138.0
2022-09-14 02:00:00;10.31;41.34;20.0;0.0;50.0;10.0;114.0;140.0
2022-09-14 03:00:00;8.71;40.59;20.0;0.0;70.0;10.0;118.0;137.0
2022-09-14 04:00:00;8.75;42.0;20.0;0.0;110.0;10.0;120.0;134.0
2022-09-14 05:00:00;19.13;33.42;20.0;0.0;120.0;10.0;125.0;137.0
2022-09-14 06:00:00;50.03;15.15;20.0;0.0;110.0;10.0;120.0;143.0
2022-09-14 07:00:00;37.4;19.57;10.0;0.0;70.0;10.0;119.0;151.0
2022-09-14 08:00:00;27.58;28.65;30.0;0.0;90.0;10.0;119.0;156.0
2022-09-14 09:00:00;24.47;29.29;20.0;0.0;30.0;10.0;122.0;166.0
2022-09-14 10:00:00;18.64;36.16;30.0;0.0;30.0;10.0;125.0;167.0
2022-09-14 11:00:00;15.63;36.83;20.0;0.0;90.0;10.0;120.0;173.0
2022-09-14 12:00:00;13.92;45.79;40.0;0.0;100.0;20.0;116.0;184.0
2022-09-14 13:00:00;13.91;52.35;50.0;0.0;40.0;20.0;113.0;188.0
2022-09-14 14:00:00;10.8;61.15;40.0;0.0;70.0;20.0;123.0;200.0
2022-09-14 15:00:00;13.66;63.38;40.0;0.0;30.0;20.0;115.0;197.0
2022-09-14 16:00:00;8.7;72.47;50.0;0.0;30.0;20.0;115.0;181.0
2022-09-14 17:00:00;8.38;71.78;40.0;0.0;30.0;20.0;121.0;170.0
2022-09-14 18:00:00;13.67;60.47;20.0;0.0;20.0;10.0;126.0;153.0
2022-09-14 19:00:00;16.65;53.46;20.0;0.0;340.0;10.0;125.0;138.0
2022-09-14 20:00:00;12.33;54.43;20.0;0.0;290.0;10.0;123.0;130.0
2022-09-14 21:00:00;33.48;34.25;10.0;0.0;0.0;0.0;113.0;118.0
2022-09-14 22:00:00;25.61;39.62;20.0;0.0;230.0;10.0;122.0;129.0
2022-09-14 23:00:00;26.59;26.35;30.0;0.0;270.0;10.0;122.0;147.0
2022-09-15 00:00:00;22.27;38.62;20.0;0.0;260.0;10.0;122.0;132.0
2022-09-15 01:00:00;15.11;44.59;50.0;0.0;320.0;20.0;122.0;146.0
2022-09-15 02:00:00;10.54;50.96;30.0;0.0;310.0;10.0;120.0;142.0
2022-09-15 03:00:00;3.35;59.58;30.0;0.0;330.0;10.0;114.0;146.0
2022-09-15 04:00:00;5.13;57.32;30.0;0.0;310.0;10.0;111.0;146.0
2022-09-15 05:00:00;17.45;45.32;50.0;0.0;330.0;20.0;103.0;149.0
2022-09-15 06:00:00;11.06;51.92;40.0;0.0;330.0;10.0;109.0;157.0
2022-09-15 07:00:00;21.53;42.49;80.0;0.0;320.0;30.0;113.0;157.0
2022-09-15 08:00:00;11.26;49.96;80.0;1.0;320.0;20.0;113.0;147.0
2022-09-15 09:00:00;8.06;53.98;70.0;0.0;280.0;30.0;93.0;170.0
2022-09-15 10:00:00;13.34;54.64;100.0;0.0;300.0;30.0;87.0;179.0
2022-09-15 11:00:00;10.98;56.97;110.0;0.0;310.0;40.0;70.0;185.0
2022-09-15 12:00:00;6.28;66.61;110.0;0.0;310.0;50.0;85.0;171.0
2022-09-15 13:00:00;7.37;69.41;90.0;0.0;300.0;40.0;100.0;175.0
2022-09-15 14:00:00;13.16;62.4;100.0;0.0;300.0;40.0;80.0;173.0
2022-09-15 15:00:00;11.05;67.0;90.0;0.0;310.0;40.0;84.0;170.0
2022-09-15 16:00:00;11.63;66.31;90.0;0.0;320.0;50.0;94.0;152.0
2022-09-15 17:00:00;9.09;67.73;70.0;0.0;300.0;30.0;96.0;148.0
2022-09-15 18:00:00;11.96;61.55;110.0;4.0;320.0;30.0;110.0;128.0
2022-09-15 19:00:00;9.68;57.16;60.0;0.0;310.0;20.0;103.0;128.0
2022-09-15 20:00:00;14.15;48.97;50.0;0.0;270.0;10.0;105.0;119.0
2022-09-15 21:00:00;13.93;50.46;70.0;1.0;270.0;20.0;102.0;123.0
2022-09-15 22:00:00;14.24;45.69;60.0;2.0;250.0;20.0;99.0;119.0
2022-09-15 23:00:00;7.52;53.59;60.0;0.0;270.0;20.0;105.0;114.0
2022-09-16 00:00:00;8.05;46.11;40.0;4.0;250.0;20.0;104.0;119.0
2022-09-16 01:00:00;6.77;48.1;40.0;3.0;220.0;10.0;99.0;105.0
2022-09-16 02:00:00;7.44;45.05;50.0;3.0;300.0;20.0;106.0;117.0
2022-09-16 03:00:00;6.43;41.79;30.0;2.0;250.0;10.0;102.0;113.0
2022-09-16 04:00:00;9.26;42.34;30.0;1.0;230.0;20.0;99.0;105.0
2022-09-16 05:00:00;15.2;38.42;40.0;2.0;260.0;20.0;98.0;107.0
2022-09-16 06:00:00;32.83;24.71;30.0;0.0;260.0;20.0;102.0;122.0
2022-09-16 07:00:00;40.22;18.78;50.0;0.0;290.0;20.0;97.0;140.0
2022-09-16 08:00:00;29.08;29.25;80.0;3.0;280.0;20.0;94.0;127.0
2022-09-16 09:00:00;22.14;42.13;70.0;3.0;320.0;20.0;95.0;136.0
2022-09-16 10:00:00;19.05;47.43;100.0;4.0;300.0;20.0;98.0;119.0
2022-09-16 11:00:00;20.98;43.97;70.0;5.0;280.0;20.0;95.0;132.0
2022-09-16 12:00:00;15.91;51.31;90.0;1.0;270.0;30.0;86.0;133.0
2022-09-16 13:00:00;18.74;50.53;90.0;0.0;290.0;30.0;81.0;158.0
2022-09-16 14:00:00;15.92;51.78;120.0;0.0;310.0;40.0;84.0;158.0
2022-09-16 15:00:00;7.0;56.62;120.0;0.0;330.0;50.0;70.0;151.0
2022-09-16 16:00:00;7.08;59.87;120.0;2.0;320.0;50.0;71.0;120.0
2022-09-16 17:00:00;6.69;60.72;80.0;0.0;330.0;20.0;81.0;125.0
2022-09-16 18:00:00;17.11;49.47;80.0;0.0;300.0;30.0;74.0;122.0
2022-09-16 19:00:00;10.47;59.3;90.0;0.0;340.0;30.0;80.0;120.0
2022-09-16 20:00:00;10.89;55.32;60.0;4.0;300.0;30.0;86.0;114.0
2022-09-16 21:00:00;9.41;59.74;50.0;0.0;270.0;20.0;89.0;116.0
2022-09-16 22:00:00;12.83;52.64;70.0;0.0;310.0;30.0;86.0;118.0
2022-09-16 23:00:00;9.54;58.38;60.0;0.0;300.0;30.0;84.0;117.0
2022-09-17 00:00:00;6.32;62.97;50.0;0.0;300.0;20.0;83.0;111.0
2022-09-17 01:00:00;6.75;55.89;80.0;0.0;310.0;30.0;77.0;117.0
2022-09-17 02:00:00;6.74;52.1;70.0;0.0;300.0;30.0;80.0;112.0
2022-09-17 03:00:00;4.31;56.26;70.0;0.0;290.0;20.0;75.0;103.0
2022-09-17 04:00:00;5.29;52.67;60.0;0.0;290.0;20.0;67.0;100.0
2022-09-17 05:00:00;7.41;48.23;70.0;2.0;310.0;30.0;76.0;108.0
2022-09-17 06:00:00;11.84;44.46;60.0;1.0;270.0;20.0;84.0;117.0
2022-09-17 07:00:00;14.49;41.59;50.0;0.0;280.0;20.0;89.0;134.0
2022-09-17 08:00:00;18.71;36.03;100.0;2.0;280.0;40.0;89.0;114.0
2022-09-17 09:00:00;11.11;47.22;60.0;2.0;290.0;30.0;101.0;139.0
2022-09-17 10:00:00;12.72;44.95;90.0;0.0;310.0;40.0;85.0;149.0
2022-09-17 11:00:00;6.3;51.02;110.0;0.0;350.0;50.0;64.0;152.0
2022-09-17 12:00:00;5.93;55.4;120.0;0.0;310.0;50.0;62.0;160.0
2022-09-17 13:00:00;3.68;60.66;130.0;0.0;340.0;60.0;54.0;164.0
2022-09-17 14:00:00;3.95;63.2;110.0;0.0;320.0;50.0;81.0;154.0
2022-09-17 15:00:00;2.95;61.46;100.0;0.0;310.0;50.0;52.0;154.0
2022-09-17 16:00:00;4.51;59.82;110.0;6.0;290.0;50.0;86.0;111.0
2022-09-17 17:00:00;6.65;52.93;70.0;3.0;280.0;30.0;92.0;111.0
2022-09-17 18:00:00;9.91;44.87;50.0;3.0;270.0;20.0;94.0;106.0
2022-09-17 19:00:00;14.77;38.69;50.0;1.0;260.0;20.0;97.0;111.0
2022-09-17 20:00:00;17.43;33.43;100.0;0.0;270.0;20.0;93.0;108.0
2022-09-17 21:00:00;17.52;33.6;50.0;3.0;280.0;20.0;99.0;114.0
2022-09-17 22:00:00;10.38;44.82;40.0;3.0;280.0;20.0;100.0;112.0
2022-09-17 23:00:00;12.02;41.18;70.0;4.0;310.0;30.0;96.0;115.0
2022-09-18 00:00:00;9.81;45.02;70.0;5.0;260.0;20.0;98.0;113.0
2022-09-18 01:00:00;7.05;47.71;70.0;6.0;260.0;30.0;103.0;114.0
2022-09-18 02:00:00;5.0;47.71;70.0;4.0;280.0;20.0;96.0;111.0
2022-09-18 03:00:00;4.24;50.18;50.0;4.0;260.0;20.0;98.0;111.0
2022-09-18 04:00:00;5.67;48.34;50.0;4.0;270.0;20.0;95.0;111.0
2022-09-18 05:00:00;7.04;44.29;50.0;2.0;0.0;10.0;98.0;109.0
2022-09-18 06:00:00;7.04;48.06;40.0;0.0;240.0;20.0;101.0;118.0
2022-09-18 07:00:00;6.9;45.65;60.0;0.0;300.0;20.0;100.0;129.0
2022-09-18 08:00:00;9.24;41.07;70.0;3.0;280.0;30.0;99.0;125.0
2022-09-18 09:00:00;8.3;48.4;60.0;4.0;280.0;30.0;106.0;129.0
2022-09-18 10:00:00;12.03;46.52;60.0;5.0;330.0;30.0;107.0;126.0
2022-09-18 11:00:00;12.12;45.89;50.0;6.0;290.0;20.0;103.0;127.0
2022-09-18 12:00:00;15.23;41.25;60.0;8.0;300.0;20.0;105.0;122.0
2022-09-18 13:00:00;19.08;35.96;60.0;10.0;280.0;20.0;105.0;117.0
2022-09-18 14:00:00;19.39;39.41;40.0;10.0;350.0;20.0;101.0;113.0
2022-09-18 15:00:00;22.99;30.2;80.0;10.0;340.0;30.0;90.0;113.0
2022-09-18 16:00:00;8.51;45.74;80.0;9.0;280.0;30.0;84.0;105.0
2022-09-18 17:00:00;10.28;48.7;60.0;0.0;260.0;30.0;86.0;100.0
2022-09-18 18:00:00;16.8;40.17;60.0;0.0;290.0;30.0;84.0;97.0
2022-09-18 19:00:00;20.54;33.21;60.0;0.0;290.0;20.0;76.0;97.0
2022-09-18 20:00:00;30.54;23.52;40.0;0.0;290.0;20.0;72.0;90.0
2022-09-18 21:00:00;26.24;27.75;50.0;0.0;300.0;20.0;75.0;106.0
2022-09-18 22:00:00;14.58;41.21;40.0;0.0;290.0;20.0;74.0;103.0
2022-09-18 23:00:00;15.3;39.22;40.0;0.0;300.0;20.0;73.0;87.0
2022-09-19 00:00:00;13.41;39.21;40.0;0.0;290.0;20.0;75.0;111.0
2022-09-19 01:00:00;6.03;50.98;40.0;0.0;280.0;20.0;71.0;90.0
2022-09-19 02:00:00;7.83;47.08;30.0;0.0;270.0;20.0;72.0;92.0
2022-09-19 03:00:00;9.23;43.78;30.0;0.0;280.0;20.0;77.0;94.0
2022-09-19 04:00:00;10.75;43.79;30.0;0.0;280.0;20.0;84.0;96.0
2022-09-19 05:00:00;29.45;24.61;60.0;0.0;300.0;20.0;93.0;122.0
2022-09-19 06:00:00;33.94;23.98;60.0;4.0;290.0;30.0;104.0;124.0
2022-09-19 07:00:00;25.31;34.93;50.0;2.0;290.0;20.0;106.0;129.0
2022-09-19 08:00:00;30.86;27.91;60.0;0.0;320.0;30.0;100.0;143.0
2022-09-19 09:00:00;19.71;38.17;90.0;0.0;270.0;40.0;106.0;137.0
2022-09-19 10:00:00;13.27;49.37;80.0;4.0;340.0;30.0;111.0;134.0
2022-09-19 11:00:00;12.31;47.63;90.0;1.0;340.0;30.0;104.0;132.0
2022-09-19 12:00:00;15.26;44.97;100.0;0.0;310.0;30.0;89.0;165.0
2022-09-19 13:00:00;12.93;50.93;110.0;1.0;310.0;40.0;89.0;153.0
2022-09-19 14:00:00;9.51;54.23;100.0;0.0;310.0;40.0;101.0;142.0
2022-09-19 15:00:00;17.06;47.09;80.0;0.0;330.0;30.0;86.0;152.0
2022-09-19 16:00:00;10.41;50.44;60.0;0.0;330.0;30.0;79.0;142.0
2022-09-19 17:00:00;6.5;56.56;50.0;0.0;300.0;20.0;81.0;135.0
2022-09-19 18:00:00;18.03;44.95;30.0;0.0;290.0;10.0;91.0;118.0
2022-09-19 19:00:00;21.3;40.02;50.0;0.0;280.0;20.0;90.0;125.0
2022-09-19 20:00:00;27.2;31.42;40.0;0.0;280.0;20.0;96.0;123.0
2022-09-19 21:00:00;17.01;40.75;50.0;0.0;280.0;20.0;95.0;122.0
2022-09-19 22:00:00;11.76;48.73;40.0;0.0;270.0;20.0;92.0;121.0
2022-09-19 23:00:00;8.16;51.28;30.0;0.0;270.0;10.0;94.0;106.0
2022-09-20 00:00:00;13.63;46.69;30.0;0.0;260.0;20.0;90.0;101.0
2022-09-20 01:00:00;10.0;47.8;40.0;0.0;250.0;20.0;95.0;111.0
2022-09-20 02:00:00;9.25;41.47;30.0;0.0;250.0;10.0;94.0;106.0
2022-09-20 03:00:00;8.84;37.61;30.0;0.0;240.0;20.0;93.0;102.0
2022-09-20 04:00:00;11.56;30.99;20.0;0.0;270.0;10.0;94.0;99.0
2022-09-20 05:00:00;24.12;19.31;30.0;0.0;250.0;20.0;91.0;98.0
2022-09-20 06:00:00;41.61;6.29;30.0;0.0;310.0;10.0;104.0;124.0
2022-09-20 07:00:00;45.16;3.09;50.0;0.0;360.0;10.0;92.0;128.0
2022-09-20 08:00:00;41.76;12.33;50.0;0.0;30.0;20.0;92.0;134.0
2022-09-20 09:00:00;13.72;39.99;80.0;0.0;350.0;30.0;91.0;132.0
2022-09-20 10:00:00;3.52;58.18;70.0;0.0;330.0;30.0;72.0;151.0
2022-09-20 11:00:00;7.16;56.9;50.0;0.0;330.0;30.0;83.0;157.0
2022-09-20 12:00:00;5.06;60.57;50.0;0.0;320.0;30.0;78.0;157.0
2022-09-20 13:00:00;7.73;58.37;60.0;0.0;330.0;30.0;79.0;159.0
2022-09-20 14:00:00;9.03;56.75;50.0;0.0;360.0;30.0;83.0;157.0
2022-09-20 15:00:00;11.26;56.5;50.0;0.0;350.0;20.0;76.0;151.0
2022-09-20 16:00:00;5.28;60.94;40.0;0.0;360.0;20.0;79.0;148.0
2022-09-20 17:00:00;3.76;65.02;30.0;0.0;20.0;10.0;101.0;120.0
2022-09-20 18:00:00;23.64;38.97;20.0;0.0;10.0;10.0;101.0;112.0
2022-09-20 19:00:00;18.98;39.13;10.0;0.0;0.0;10.0;100.0;107.0
2022-09-20 20:00:00;40.89;11.76;20.0;0.0;350.0;10.0;98.0;105.0
2022-09-20 21:00:00;38.37;11.03;20.0;0.0;0.0;10.0;97.0;101.0
2022-09-20 22:00:00;38.29;9.27;20.0;0.0;310.0;10.0;85.0;92.0
2022-09-20 23:00:00;31.37;14.43;10.0;0.0;0.0;0.0;70.0;73.0
2022-09-21 00:00:00;24.26;13.59;10.0;0.0;0.0;0.0;66.0;69.0
2022-09-21 01:00:00;20.66;4.79;10.0;0.0;20.0;0.0;56.0;59.0
2022-09-21 02:00:00;17.53;2.83;10.0;0.0;0.0;0.0;49.0;52.0
2022-09-21 03:00:00;13.97;1.22;10.0;0.0;0.0;0.0;46.0;48.0
2022-09-21 04:00:00;14.75;0.0;10.0;0.0;80.0;10.0;45.0;47.0
2022-09-21 05:00:00;14.74;0.01;10.0;0.0;0.0;10.0;45.0;51.0
2022-09-21 06:00:00;18.69;-0.05;10.0;0.0;130.0;10.0;60.0;90.0
2022-09-21 07:00:00;25.44;0.18;20.0;0.0;150.0;10.0;75.0;130.0
2022-09-21 08:00:00;43.21;4.05;30.0;0.0;110.0;20.0;88.0;146.0
2022-09-21 09:00:00;18.97;40.17;30.0;0.0;110.0;10.0;87.0;155.0
2022-09-21 10:00:00;9.22;57.46;40.0;0.0;150.0;10.0;65.0;164.0
2022-09-21 11:00:00;7.4;62.64;40.0;0.0;170.0;20.0;65.0;172.0
2022-09-21 12:00:00;13.04;58.16;50.0;0.0;170.0;20.0;66.0;163.0
2022-09-21 13:00:00;5.99;66.05;30.0;0.0;310.0;10.0;68.0;163.0
2022-09-21 14:00:00;12.49;57.89;20.0;0.0;310.0;10.0;57.0;173.0
2022-09-21 15:00:00;22.24;54.3;30.0;0.0;100.0;10.0;58.0;167.0
2022-09-21 16:00:00;20.87;57.4;10.0;0.0;0.0;0.0;95.0;134.0
2022-09-21 17:00:00;32.39;42.68;10.0;0.0;0.0;0.0;91.0;105.0
2022-09-21 18:00:00;58.25;7.42;10.0;0.0;60.0;10.0;79.0;88.0
2022-09-21 19:00:00;51.18;5.5;10.0;0.0;0.0;0.0;70.0;74.0
2022-09-21 20:00:00;43.52;1.04;10.0;0.0;0.0;0.0;59.0;64.0
2022-09-21 21:00:00;43.67;0.33;10.0;0.0;0.0;0.0;55.0;58.0
2022-09-21 22:00:00;32.32;0.17;10.0;0.0;60.0;10.0;51.0;56.0
2022-09-21 23:00:00;25.9;0.1;10.0;0.0;100.0;10.0;49.0;50.0
2022-09-22 00:00:00;24.03;-0.03;20.0;0.0;120.0;10.0;44.0;48.0
2022-09-22 01:00:00;23.72;-0.14;10.0;0.0;120.0;10.0;41.0;44.0
2022-09-22 02:00:00;24.16;-0.14;10.0;0.0;120.0;10.0;35.0;39.0
2022-09-22 03:00:00;22.06;0.2;10.0;0.0;120.0;10.0;34.0;38.0
2022-09-22 04:00:00;21.42;0.34;10.0;0.0;120.0;10.0;31.0;35.0
2022-09-22 05:00:00;22.53;0.02;10.0;0.0;130.0;10.0;39.0;41.0
2022-09-22 06:00:00;26.26;0.1;20.0;0.0;140.0;10.0;50.0;80.0
2022-09-22 07:00:00;34.66;0.51;30.0;0.0;150.0;20.0;70.0;117.0
2022-09-22 08:00:00;42.37;5.27;30.0;0.0;150.0;20.0;85.0;144.0
2022-09-22 09:00:00;37.61;12.76;40.0;0.0;170.0;20.0;79.0;162.0
2022-09-22 10:00:00;34.85;23.46;50.0;0.0;150.0;30.0;82.0;177.0
2022-09-22 11:00:00;29.88;41.25;60.0;0.0;170.0;30.0;69.0;183.0
2022-09-22 12:00:00;20.07;57.07;70.0;0.0;190.0;40.0;58.0;185.0
2022-09-22 13:00:00;18.7;64.07;60.0;0.0;200.0;30.0;64.0;185.0
2022-09-22 14:00:00;18.32;69.5;60.0;0.0;170.0;30.0;61.0;184.0
2022-09-22 15:00:00;19.51;70.77;50.0;0.0;160.0;30.0;63.0;176.0
2022-09-22 16:00:00;25.64;66.62;40.0;0.0;170.0;20.0;93.0;151.0
2022-09-22 17:00:00;32.76;59.25;20.0;0.0;120.0;10.0;93.0;111.0
2022-09-22 18:00:00;52.79;36.48;10.0;0.0;120.0;10.0;87.0;98.0
2022-09-22 19:00:00;68.63;13.04;20.0;0.0;130.0;10.0;85.0;93.0
2022-09-22 20:00:00;61.73;12.64;10.0;0.0;130.0;10.0;82.0;88.0
2022-09-22 21:00:00;59.88;9.24;20.0;0.0;150.0;10.0;73.0;79.0
2022-09-22 22:00:00;48.32;14.78;20.0;0.0;150.0;10.0;69.0;73.0
2022-09-22 23:00:00;39.16;18.52;20.0;0.0;160.0;10.0;72.0;75.0
2022-09-23 00:00:00;37.56;15.68;20.0;0.0;150.0;10.0;68.0;71.0
2022-09-23 01:00:00;32.49;16.9;20.0;0.0;160.0;10.0;63.0;67.0
2022-09-23 02:00:00;30.48;15.81;20.0;0.0;160.0;20.0;60.0;66.0
2022-09-23 03:00:00;32.25;12.67;30.0;0.0;160.0;20.0;72.0;81.0
2022-09-23 04:00:00;33.39;7.94;30.0;0.0;150.0;20.0;73.0;93.0
2022-09-23 05:00:00;36.87;6.52;30.0;0.0;150.0;20.0;75.0;98.0
2022-09-23 06:00:00;46.21;2.69;30.0;0.0;160.0;20.0;80.0;109.0
2022-09-23 07:00:00;48.92;1.79;30.0;0.0;170.0;10.0;89.0;127.0
2022-09-23 08:00:00;48.98;2.67;30.0;0.0;170.0;20.0;94.0;144.0
2022-09-23 09:00:00;49.2;9.54;40.0;0.0;180.0;20.0;94.0;163.0
2022-09-23 10:00:00;43.75;26.69;50.0;0.0;190.0;30.0;87.0;168.0
2022-09-23 11:00:00;39.84;35.56;50.0;0.0;200.0;30.0;93.0;173.0
2022-09-23 12:00:00;34.31;48.43;50.0;0.0;200.0;30.0;93.0;178.0
2022-09-23 13:00:00;31.32;51.27;70.0;0.0;200.0;30.0;105.0;177.0
2022-09-23 14:00:00;33.63;49.8;70.0;0.0;210.0;30.0;114.0;174.0
2022-09-23 15:00:00;34.23;51.05;50.0;0.0;200.0;20.0;127.0;166.0
2022-09-23 16:00:00;32.73;49.26;50.0;10.0;210.0;20.0;134.0;158.0
2022-09-23 17:00:00;38.66;35.25;40.0;5.0;200.0;20.0;135.0;150.0
2022-09-23 18:00:00;42.65;22.14;40.0;0.0;190.0;20.0;132.0;149.0
2022-09-23 19:00:00;42.5;14.8;50.0;0.0;200.0;30.0;127.0;149.0
2022-09-23 20:00:00;34.4;24.42;50.0;0.0;230.0;20.0;125.0;145.0
2022-09-23 21:00:00;23.68;35.37;50.0;0.0;200.0;20.0;129.0;143.0
2022-09-23 22:00:00;15.31;50.65;60.0;0.0;200.0;20.0;127.0;141.0
2022-09-23 23:00:00;13.72;46.13;60.0;9.0;210.0;30.0;127.0;136.0
2022-09-24 00:00:00;12.77;44.62;60.0;10.0;200.0;30.0;125.0;133.0
2022-09-24 01:00:00;10.44;52.89;40.0;10.0;190.0;20.0;123.0;131.0
2022-09-24 02:00:00;9.79;50.76;50.0;8.0;190.0;20.0;121.0;129.0
2022-09-24 03:00:00;9.29;52.89;40.0;0.0;180.0;20.0;119.0;128.0
2022-09-24 04:00:00;11.02;46.6;40.0;0.0;190.0;20.0;120.0;128.0
2022-09-24 05:00:00;14.68;38.07;30.0;10.0;0.0;10.0;122.0;128.0
2022-09-24 06:00:00;15.74;34.07;20.0;10.0;100.0;10.0;126.0;130.0
2022-09-24 07:00:00;20.18;26.36;10.0;7.0;330.0;10.0;126.0;133.0
2022-09-24 08:00:00;17.18;28.04;30.0;0.0;30.0;10.0;127.0;138.0
2022-09-24 09:00:00;15.66;28.83;50.0;8.0;30.0;20.0;127.0;137.0
2022-09-24 10:00:00;9.83;36.28;60.0;10.0;20.0;30.0;130.0;139.0
2022-09-24 11:00:00;7.96;40.91;60.0;10.0;10.0;30.0;132.0;141.0
2022-09-24 12:00:00;8.15;40.94;70.0;10.0;10.0;30.0;128.0;142.0
2022-09-24 13:00:00;5.01;41.05;40.0;10.0;40.0;20.0;133.0;144.0
2022-09-24 14:00:00;5.07;41.48;50.0;9.0;10.0;20.0;120.0;143.0
2022-09-24 15:00:00;4.59;43.96;60.0;5.0;10.0;30.0;112.0;143.0
2022-09-24 16:00:00;3.8;46.19;50.0;0.0;10.0;20.0;109.0;142.0
2022-09-24 17:00:00;4.14;47.77;50.0;0.0;10.0;30.0;100.0;136.0
2022-09-24 18:00:00;4.28;47.95;60.0;0.0;360.0;30.0;96.0;128.0
2022-09-24 19:00:00;5.02;46.34;50.0;0.0;360.0;20.0;95.0;117.0
2022-09-24 20:00:00;6.66;41.7;30.0;0.0;360.0;20.0;92.0;106.0
2022-09-24 21:00:00;9.26;33.98;40.0;0.0;330.0;20.0;87.0;92.0
2022-09-24 22:00:00;17.16;22.27;30.0;0.0;330.0;20.0;70.0;75.0
2022-09-24 23:00:00;16.38;17.87;30.0;0.0;320.0;20.0;80.0;84.0
2022-09-25 00:00:00;17.11;14.95;40.0;0.0;330.0;20.0;83.0;86.0
2022-09-25 01:00:00;16.26;14.19;30.0;0.0;320.0;20.0;68.0;70.0
2022-09-25 02:00:00;13.36;13.22;20.0;0.0;310.0;10.0;55.0;58.0
2022-09-25 03:00:00;15.12;14.29;30.0;0.0;310.0;10.0;51.0;54.0
2022-09-25 04:00:00;15.84;18.39;30.0;0.0;330.0;20.0;48.0;50.0
2022-09-25 05:00:00;18.91;11.33;10.0;0.0;330.0;10.0;51.0;53.0
2022-09-25 06:00:00;22.54;3.46;20.0;0.0;320.0;10.0;70.0;99.0
2022-09-25 07:00:00;22.29;4.12;30.0;0.0;320.0;10.0;85.0;126.0
2022-09-25 08:00:00;21.75;20.23;40.0;0.0;340.0;20.0;95.0;150.0
2022-09-25 09:00:00;9.87;42.79;50.0;0.0;310.0;20.0;100.0;147.0
2022-09-25 10:00:00;10.51;46.69;50.0;0.0;330.0;20.0;77.0;163.0
2022-09-25 11:00:00;7.87;54.77;60.0;0.0;290.0;20.0;71.0;168.0
2022-09-25 12:00:00;8.56;57.59;70.0;0.0;360.0;30.0;79.0;149.0
2022-09-25 13:00:00;7.39;61.35;60.0;0.0;320.0;30.0;94.0;145.0
2022-09-25 14:00:00;7.29;55.88;40.0;0.0;300.0;20.0;79.0;155.0
2022-09-25 15:00:00;13.08;51.21;70.0;0.0;320.0;30.0;93.0;142.0
2022-09-25 16:00:00;8.92;55.79;50.0;0.0;290.0;20.0;98.0;131.0
2022-09-25 17:00:00;16.84;47.0;20.0;0.0;270.0;10.0;93.0;106.0
2022-09-25 18:00:00;30.3;29.01;30.0;0.0;230.0;20.0;85.0;93.0
2022-09-25 19:00:00;38.43;15.77;30.0;0.0;240.0;20.0;91.0;112.0
2022-09-25 20:00:00;34.06;20.97;40.0;0.0;230.0;20.0;89.0;111.0
2022-09-25 21:00:00;25.32;28.52;40.0;0.0;210.0;20.0;85.0;111.0
2022-09-25 22:00:00;18.31;35.46;40.0;0.0;210.0;20.0;88.0;114.0
2022-09-25 23:00:00;18.94;38.4;70.0;0.0;220.0;30.0;95.0;122.0
2022-09-26 00:00:00;11.49;42.95;80.0;0.0;210.0;40.0;94.0;119.0
2022-09-26 01:00:00;8.08;45.47;70.0;0.0;210.0;40.0;94.0;120.0
2022-09-26 02:00:00;13.03;45.47;90.0;10.0;210.0;50.0;89.0;114.0
2022-09-26 03:00:00;15.29;32.63;90.0;0.0;210.0;50.0;75.0;115.0
2022-09-26 04:00:00;12.88;37.45;90.0;0.0;200.0;50.0;71.0;114.0
2022-09-26 05:00:00;18.73;34.89;90.0;9.0;200.0;50.0;74.0;111.0
2022-09-26 06:00:00;27.96;29.73;100.0;0.0;190.0;50.0;78.0;113.0
2022-09-26 07:00:00;29.86;28.84;90.0;0.0;190.0;50.0;82.0;116.0
2022-09-26 08:00:00;24.78;28.42;100.0;7.0;200.0;50.0;94.0;114.0
2022-09-26 09:00:00;23.18;26.92;100.0;6.0;190.0;50.0;101.0;119.0
2022-09-26 10:00:00;23.17;26.94;110.0;9.0;200.0;60.0;106.0;116.0
2022-09-26 11:00:00;20.24;31.89;110.0;7.0;220.0;60.0;109.0;121.0
2022-09-26 12:00:00;18.32;30.93;100.0;9.0;220.0;50.0;113.0;122.0
2022-09-26 13:00:00;21.82;28.01;70.0;8.0;210.0;30.0;118.0;134.0
2022-09-26 14:00:00;25.09;24.34;70.0;6.0;240.0;40.0;117.0;125.0
2022-09-26 15:00:00;25.86;26.79;60.0;5.0;230.0;30.0;117.0;130.0
2022-09-26 16:00:00;27.65;33.12;40.0;0.0;230.0;20.0;111.0;123.0
2022-09-26 17:00:00;25.56;38.65;50.0;3.0;260.0;20.0;102.0;117.0
2022-09-26 18:00:00;25.29;42.66;50.0;4.0;270.0;20.0;102.0;111.0
2022-09-26 19:00:00;22.47;39.99;70.0;10.0;320.0;30.0;94.0;106.0
2022-09-26 20:00:00;14.8;42.78;70.0;10.0;300.0;20.0;94.0;104.0
2022-09-26 21:00:00;11.92;42.48;50.0;4.0;270.0;20.0;90.0;102.0
2022-09-26 22:00:00;15.1;39.14;50.0;0.0;300.0;20.0;88.0;101.0
2022-09-26 23:00:00;12.41;40.34;40.0;0.0;280.0;20.0;89.0;99.0
2022-09-27 00:00:00;8.55;40.92;50.0;2.0;260.0;20.0;83.0;92.0
2022-09-27 01:00:00;9.45;37.94;40.0;0.0;270.0;20.0;79.0;92.0
2022-09-27 02:00:00;10.21;37.46;40.0;0.0;240.0;20.0;76.0;84.0
2022-09-27 03:00:00;8.96;34.69;50.0;2.0;250.0;20.0;73.0;85.0
2022-09-27 04:00:00;10.0;36.41;50.0;0.0;220.0;20.0;72.0;86.0
2022-09-27 05:00:00;21.63;30.59;60.0;0.0;230.0;30.0;75.0;88.0
2022-09-27 06:00:00;28.19;26.95;60.0;6.0;230.0;20.0;82.0;91.0
2022-09-27 07:00:00;36.03;21.18;50.0;3.0;230.0;10.0;84.0;98.0
2022-09-27 08:00:00;35.37;20.55;90.0;10.0;270.0;30.0;79.0;92.0
2022-09-27 09:00:00;24.07;34.9;50.0;9.0;250.0;20.0;78.0;95.0
2022-09-27 10:00:00;27.61;33.43;70.0;8.0;230.0;30.0;80.0;96.0
2022-09-27 11:00:00;23.9;37.17;70.0;10.0;210.0;40.0;78.0;92.0
2022-09-27 12:00:00;19.61;38.13;70.0;7.0;220.0;30.0;77.0;92.0
2022-09-27 13:00:00;24.44;33.45;30.0;0.0;200.0;20.0;78.0;107.0
2022-09-27 14:00:00;33.9;25.13;30.0;1.0;170.0;20.0;82.0;108.0
2022-09-27 15:00:00;32.43;21.32;40.0;0.0;180.0;20.0;81.0;106.0
2022-09-27 16:00:00;35.44;13.36;70.0;3.0;250.0;20.0;81.0;96.0
2022-09-27 17:00:00;28.86;29.39;40.0;4.0;200.0;20.0;76.0;90.0
2022-09-27 18:00:00;30.22;25.04;50.0;0.0;200.0;30.0;78.0;89.0
2022-09-27 19:00:00;29.19;24.96;50.0;0.0;200.0;20.0;80.0;89.0
2022-09-27 20:00:00;26.26;28.54;40.0;0.0;230.0;30.0;73.0;82.0
2022-09-27 21:00:00;20.02;33.66;60.0;0.0;240.0;30.0;70.0;81.0
2022-09-27 22:00:00;18.3;34.27;50.0;0.0;230.0;20.0;67.0;76.0
2022-09-27 23:00:00;11.9;38.94;30.0;0.0;230.0;20.0;66.0;73.0
2022-09-28 00:00:00;11.65;37.54;30.0;0.0;240.0;20.0;68.0;75.0
2022-09-28 01:00:00;8.55;40.99;50.0;0.0;240.0;20.0;67.0;75.0
2022-09-28 02:00:00;7.44;43.18;50.0;0.0;260.0;20.0;64.0;77.0
2022-09-28 03:00:00;6.83;45.87;50.0;0.0;260.0;20.0;64.0;78.0
2022-09-28 04:00:00;9.37;46.56;40.0;0.0;260.0;20.0;66.0;74.0
2022-09-28 05:00:00;22.31;32.17;40.0;0.0;270.0;20.0;63.0;72.0
2022-09-28 06:00:00;39.07;16.13;40.0;0.0;240.0;20.0;75.0;93.0
2022-09-28 07:00:00;43.2;13.46;30.0;0.0;260.0;10.0;83.0;111.0
2022-09-28 08:00:00;33.78;20.33;40.0;0.0;260.0;20.0;80.0;127.0
2022-09-28 09:00:00;26.49;33.63;40.0;0.0;270.0;20.0;78.0;132.0
2022-09-28 10:00:00;19.28;41.86;50.0;0.0;290.0;20.0;59.0;143.0
2022-09-28 11:00:00;16.35;45.97;40.0;0.0;110.0;10.0;86.0;130.0
2022-09-28 12:00:00;20.12;40.04;60.0;0.0;110.0;20.0;78.0;121.0
2022-09-28 13:00:00;8.49;50.05;40.0;0.0;170.0;20.0;80.0;122.0
2022-09-28 14:00:00;21.85;38.47;60.0;0.0;280.0;20.0;79.0;124.0
2022-09-28 15:00:00;19.11;42.49;80.0;0.0;290.0;30.0;70.0;122.0
2022-09-28 16:00:00;12.48;52.66;30.0;0.0;260.0;20.0;84.0;113.0
2022-09-28 17:00:00;29.95;28.43;30.0;0.0;240.0;10.0;76.0;93.0
2022-09-28 18:00:00;28.44;28.7;30.0;0.0;230.0;10.0;76.0;86.0
2022-09-28 19:00:00;39.43;11.87;20.0;0.0;190.0;10.0;76.0;85.0
2022-09-28 20:00:00;39.61;11.31;30.0;0.0;190.0;10.0;63.0;71.0
2022-09-28 21:00:00;38.56;7.31;20.0;0.0;150.0;10.0;53.0;56.0
2022-09-28 22:00:00;37.09;5.86;20.0;0.0;160.0;10.0;46.0;49.0
2022-09-28 23:00:00;33.84;3.34;20.0;0.0;130.0;10.0;40.0;43.0
2022-09-29 00:00:00;30.25;0.84;20.0;0.0;130.0;10.0;37.0;40.0
2022-09-29 01:00:00;23.32;3.9;30.0;0.0;130.0;10.0;38.0;41.0
2022-09-29 02:00:00;23.48;1.83;20.0;0.0;170.0;10.0;27.0;29.0
2022-09-29 03:00:00;24.71;-0.25;20.0;0.0;150.0;10.0;27.0;30.0
2022-09-29 04:00:00;25.48;-0.99;20.0;0.0;130.0;10.0;27.0;30.0
2022-09-29 05:00:00;25.75;-1.08;30.0;0.0;130.0;10.0;37.0;39.0
2022-09-29 06:00:00;29.86;-0.99;20.0;0.0;130.0;10.0;55.0;57.0
2022-09-29 07:00:00;28.18;-0.5;30.0;0.0;150.0;20.0;60.0;64.0
2022-09-29 08:00:00;29.91;0.44;20.0;0.0;160.0;10.0;72.0;75.0
2022-09-29 09:00:00;24.32;2.16;20.0;0.0;150.0;10.0;75.0;101.0
2022-09-29 10:00:00;27.64;7.63;30.0;0.0;140.0;10.0;79.0;133.0
2022-09-29 11:00:00;23.38;25.97;30.0;0.0;130.0;10.0;66.0;148.0
2022-09-29 12:00:00;15.31;45.18;30.0;0.0;320.0;10.0;62.0;146.0
2022-09-29 13:00:00;14.72;46.05;40.0;0.0;330.0;20.0;63.0;151.0
2022-09-29 14:00:00;18.83;42.66;40.0;0.0;340.0;20.0;51.0;154.0
2022-09-29 15:00:00;12.36;51.24;30.0;0.0;60.0;10.0;77.0;147.0
2022-09-29 16:00:00;17.53;49.21;20.0;0.0;350.0;10.0;84.0;117.0
2022-09-29 17:00:00;13.15;50.21;20.0;0.0;320.0;10.0;75.0;85.0
2022-09-29 18:00:00;43.19;18.95;10.0;0.0;0.0;10.0;61.0;67.0
2022-09-29 19:00:00;48.42;7.33;10.0;0.0;0.0;0.0;54.0;58.0
2022-09-29 20:00:00;48.8;1.47;10.0;0.0;0.0;0.0;49.0;53.0
2022-09-29 21:00:00;42.66;0.07;10.0;0.0;0.0;0.0;45.0;49.0
2022-09-29 22:00:00;34.45;-0.1;10.0;0.0;0.0;0.0;41.0;45.0
2022-09-29 23:00:00;30.37;-0.25;10.0;0.0;0.0;0.0;39.0;42.0
2022-09-30 00:00:00;24.57;-0.18;10.0;0.0;120.0;10.0;34.0;37.0
2022-09-30 01:00:00;24.57;-0.51;10.0;0.0;120.0;10.0;38.0;41.0
2022-09-30 02:00:00;25.91;-0.51;20.0;0.0;140.0;10.0;39.0;42.0
2022-09-30 03:00:00;24.7;0.54;10.0;0.0;100.0;10.0;30.0;31.0
2022-09-30 04:00:00;21.5;0.44;20.0;0.0;150.0;10.0;29.0;32.0
2022-09-30 05:00:00;23.21;0.42;20.0;0.0;140.0;10.0;28.0;31.0
2022-09-30 06:00:00;31.02;0.36;30.0;0.0;160.0;20.0;62.0;65.0
2022-09-30 07:00:00;37.55;0.44;20.0;0.0;150.0;10.0;70.0;95.0
2022-09-30 08:00:00;39.13;0.77;40.0;0.0;190.0;20.0;80.0;136.0
2022-09-30 09:00:00;45.7;4.85;70.0;0.0;190.0;30.0;85.0;150.0
2022-09-30 10:00:00;36.23;21.4;90.0;0.0;190.0;40.0;89.0;160.0
2022-09-30 11:00:00;20.9;40.92;100.0;0.0;200.0;50.0;92.0;170.0
2022-09-30 12:00:00;22.1;43.72;90.0;0.0;210.0;50.0;91.0;166.0
2022-09-30 13:00:00;21.27;45.95;110.0;0.0;210.0;50.0;78.0;168.0
2022-09-30 14:00:00;19.75;49.7;110.0;0.0;220.0;60.0;73.0;167.0
2022-09-30 15:00:00;19.56;52.97;90.0;0.0;210.0;50.0;79.0;159.0
2022-09-30 16:00:00;20.53;52.49;70.0;0.0;180.0;40.0;85.0;146.0
2022-09-30 17:00:00;28.23;41.12;70.0;0.0;180.0;40.0;79.0;139.0
2022-09-30 18:00:00;30.23;35.96;100.0;0.0;180.0;50.0;77.0;138.0
2022-09-30 19:00:00;19.37;46.0;110.0;0.0;180.0;50.0;77.0;137.0
2022-09-30 20:00:00;17.65;49.0;120.0;0.0;190.0;60.0;70.0;140.0
2022-09-30 21:00:00;14.07;53.84;120.0;9.0;190.0;60.0;84.0;125.0
2022-09-30 22:00:00;11.66;53.01;100.0;10.0;180.0;50.0;93.0;114.0
2022-09-30 23:00:00;11.65;44.63;110.0;10.0;180.0;60.0;97.0;111.0
2022-10-01 00:00:00;9.72;45.68;130.0;10.0;180.0;70.0;99.0;111.0
2022-10-01 01:00:00;5.82;53.59;120.0;10.0;190.0;70.0;102.0;112.0
2022-10-01 02:00:00;4.69;55.64;120.0;9.0;210.0;60.0;105.0;116.0
2022-10-01 03:00:00;3.84;55.24;120.0;0.0;210.0;60.0;109.0;122.0
2022-10-01 04:00:00;4.36;50.68;100.0;0.0;220.0;50.0;115.0;128.0
2022-10-01 05:00:00;6.54;43.07;80.0;0.0;220.0;40.0;117.0;126.0
2022-10-01 06:00:00;9.28;36.35;60.0;0.0;210.0;30.0;127.0;138.0
2022-10-01 07:00:00;14.11;29.17;60.0;4.0;230.0;30.0;128.0;144.0
2022-10-01 08:00:00;17.78;26.36;60.0;2.0;240.0;30.0;135.0;154.0
2022-10-01 09:00:00;18.36;28.23;90.0;2.0;280.0;40.0;127.0;155.0
2022-10-01 10:00:00;12.28;43.49;130.0;0.0;270.0;60.0;114.0;169.0
2022-10-01 11:00:00;6.67;53.35;120.0;0.0;280.0;60.0;102.0;166.0
2022-10-01 12:00:00;7.14;54.99;110.0;0.0;280.0;60.0;102.0;169.0
2022-10-01 13:00:00;8.01;58.36;110.0;0.0;270.0;50.0;99.0;177.0
2022-10-01 14:00:00;7.37;60.81;120.0;0.0;270.0;60.0;101.0;166.0
2022-10-01 15:00:00;6.38;61.74;110.0;0.0;270.0;50.0;96.0;166.0
2022-10-01 16:00:00;9.0;58.47;100.0;2.0;270.0;40.0;112.0;139.0
2022-10-01 17:00:00;12.72;51.78;50.0;0.0;230.0;30.0;108.0;137.0
2022-10-01 18:00:00;22.54;35.07;60.0;0.0;230.0;30.0;107.0;138.0
2022-10-01 19:00:00;21.14;38.12;50.0;0.0;220.0;30.0;102.0;133.0
2022-10-01 20:00:00;18.67;37.17;60.0;0.0;220.0;30.0;108.0;133.0
2022-10-01 21:00:00;15.77;39.41;70.0;0.0;220.0;40.0;118.0;138.0
2022-10-01 22:00:00;15.32;36.15;100.0;2.0;220.0;50.0;125.0;139.0
2022-10-01 23:00:00;12.42;40.21;70.0;0.0;220.0;40.0;109.0;129.0
2022-10-02 00:00:00;8.82;45.98;70.0;0.0;210.0;30.0;116.0;129.0
2022-10-02 01:00:00;8.21;45.47;50.0;0.0;220.0;20.0;120.0;130.0
2022-10-02 02:00:00;10.82;35.48;50.0;0.0;230.0;30.0;121.0;134.0
2022-10-02 03:00:00;10.6;30.21;40.0;0.0;230.0;20.0;118.0;128.0
2022-10-02 04:00:00;10.1;29.28;30.0;0.0;230.0;20.0;112.0;121.0
2022-10-02 05:00:00;11.7;23.17;40.0;4.0;230.0;20.0;115.0;125.0
2022-10-02 06:00:00;11.7;21.97;50.0;0.0;250.0;20.0;116.0;131.0
2022-10-02 07:00:00;15.99;20.5;50.0;0.0;260.0;20.0;119.0;143.0
2022-10-02 08:00:00;15.3;23.12;60.0;0.0;260.0;20.0;122.0;158.0
2022-10-02 09:00:00;15.45;27.0;80.0;0.0;280.0;30.0;119.0;166.0
2022-10-02 10:00:00;8.35;42.27;90.0;0.0;290.0;40.0;103.0;170.0
2022-10-02 11:00:00;8.37;48.92;80.0;0.0;310.0;30.0;105.0;160.0
2022-10-02 12:00:00;7.77;50.38;70.0;0.0;310.0;30.0;95.0;176.0
2022-10-02 13:00:00;11.79;52.99;80.0;0.0;310.0;40.0;88.0;170.0
2022-10-02 14:00:00;8.43;60.91;80.0;0.0;310.0;40.0;83.0;169.0
2022-10-02 15:00:00;7.84;63.52;70.0;0.0;310.0;30.0;94.0;161.0
2022-10-02 16:00:00;7.99;63.28;70.0;0.0;300.0;30.0;89.0;146.0
2022-10-02 17:00:00;12.07;56.88;50.0;0.0;290.0;20.0;92.0;136.0
2022-10-02 18:00:00;16.61;47.43;40.0;0.0;280.0;20.0;90.0;113.0
2022-10-02 19:00:00;33.37;25.97;30.0;0.0;280.0;10.0;84.0;93.0
2022-10-02 20:00:00;31.91;22.77;30.0;0.0;260.0;10.0;83.0;89.0
2022-10-02 21:00:00;35.54;13.68;30.0;0.0;270.0;20.0;82.0;88.0
2022-10-02 22:00:00;24.89;21.99;20.0;0.0;250.0;10.0;68.0;71.0
2022-10-02 23:00:00;20.91;17.1;20.0;0.0;250.0;10.0;59.0;62.0
2022-10-03 00:00:00;25.95;17.2;20.0;0.0;260.0;10.0;56.0;58.0
2022-10-03 01:00:00;24.37;15.31;20.0;0.0;270.0;10.0;51.0;54.0
2022-10-03 02:00:00;18.16;19.2;20.0;0.0;150.0;10.0;48.0;51.0
2022-10-03 03:00:00;16.08;21.7;10.0;0.0;0.0;0.0;47.0;48.0
2022-10-03 04:00:00;21.05;14.33;10.0;0.0;190.0;10.0;44.0;47.0
2022-10-03 05:00:00;33.16;3.3;20.0;0.0;150.0;0.0;49.0;52.0
2022-10-03 06:00:00;42.84;0.24;20.0;0.0;150.0;10.0;81.0;85.0
2022-10-03 07:00:00;37.42;0.41;20.0;0.0;240.0;10.0;90.0;112.0
2022-10-03 08:00:00;43.79;1.11;30.0;0.0;230.0;10.0;100.0;132.0
2022-10-03 09:00:00;44.27;4.33;30.0;0.0;220.0;10.0;107.0;150.0
2022-10-03 10:00:00;37.75;12.57;40.0;0.0;230.0;20.0;118.0;165.0
2022-10-03 11:00:00;28.61;22.78;60.0;0.0;230.0;20.0;100.0;172.0
2022-10-03 12:00:00;18.56;38.9;60.0;0.0;240.0;30.0;107.0;166.0
2022-10-03 13:00:00;20.68;40.53;70.0;0.0;240.0;30.0;99.0;161.0
2022-10-03 14:00:00;20.7;41.16;60.0;0.0;240.0;30.0;96.0;161.0
2022-10-03 15:00:00;21.75;44.12;40.0;0.0;240.0;20.0;91.0;162.0
2022-10-03 16:00:00;28.73;36.13;30.0;0.0;210.0;10.0;103.0;130.0
2022-10-03 17:00:00;42.86;17.39;10.0;0.0;200.0;10.0;102.0;112.0
2022-10-03 18:00:00;48.22;8.84;10.0;0.0;150.0;10.0;97.0;103.0
2022-10-03 19:00:00;49.8;2.23;20.0;0.0;150.0;10.0;101.0;107.0
2022-10-03 20:00:00;45.89;0.75;30.0;0.0;170.0;10.0;102.0;108.0
2022-10-03 21:00:00;43.55;0.32;20.0;0.0;150.0;10.0;99.0;105.0
2022-10-03 22:00:00;39.6;0.17;30.0;0.0;180.0;10.0;107.0;112.0
2022-10-03 23:00:00;40.03;0.06;20.0;0.0;160.0;10.0;101.0;107.0
2022-10-04 00:00:00;40.65;0.86;30.0;0.0;170.0;10.0;104.0;111.0
2022-10-04 01:00:00;36.79;2.39;40.0;0.0;200.0;20.0;97.0;111.0
2022-10-04 02:00:00;29.77;2.39;30.0;0.0;170.0;10.0;84.0;91.0
2022-10-04 03:00:00;23.42;14.51;40.0;0.0;160.0;20.0;87.0;95.0
2022-10-04 04:00:00;21.69;11.03;40.0;0.0;160.0;20.0;85.0;93.0
2022-10-04 05:00:00;28.52;4.63;40.0;0.0;180.0;20.0;87.0;98.0
2022-10-04 06:00:00;37.56;0.43;50.0;0.0;160.0;20.0;91.0;103.0
2022-10-04 07:00:00;40.77;1.84;60.0;0.0;190.0;30.0;94.0;121.0
2022-10-04 08:00:00;33.73;9.91;60.0;0.0;200.0;30.0;100.0;136.0
2022-10-04 09:00:00;25.75;23.54;80.0;0.0;200.0;50.0;103.0;147.0
2022-10-04 10:00:00;21.25;30.61;90.0;0.0;190.0;50.0;108.0;162.0
2022-10-04 11:00:00;18.25;38.83;80.0;0.0;200.0;40.0;102.0;168.0
2022-10-04 12:00:00;17.81;45.81;80.0;0.0;200.0;50.0;101.0;172.0
2022-10-04 13:00:00;22.98;45.2;80.0;0.0;190.0;50.0;105.0;177.0
2022-10-04 14:00:00;26.5;47.33;80.0;0.0;200.0;40.0;114.0;179.0
2022-10-04 15:00:00;23.24;49.35;70.0;0.0;200.0;30.0;117.0;175.0
2022-10-04 16:00:00;27.92;48.65;50.0;0.0;190.0;20.0;121.0;167.0
2022-10-04 17:00:00;29.66;45.07;50.0;0.0;200.0;30.0;121.0;165.0
2022-10-04 18:00:00;33.86;33.18;60.0;0.0;190.0;30.0;123.0;164.0
2022-10-04 19:00:00;28.32;33.28;60.0;0.0;190.0;30.0;121.0;162.0
2022-10-04 20:00:00;24.73;34.37;70.0;0.0;200.0;40.0;120.0;161.0
2022-10-04 21:00:00;20.5;37.9;80.0;0.0;200.0;40.0;121.0;157.0
2022-10-04 22:00:00;16.22;40.45;70.0;0.0;190.0;30.0;121.0;155.0
2022-10-04 23:00:00;15.72;36.72;70.0;0.0;200.0;30.0;121.0;154.0
2022-10-05 00:00:00;13.0;36.85;70.0;0.0;210.0;40.0;120.0;153.0
2022-10-05 01:00:00;10.01;40.15;70.0;0.0;180.0;40.0;120.0;148.0
2022-10-05 02:00:00;8.0;42.1;80.0;0.0;190.0;40.0;118.0;147.0
2022-10-05 03:00:00;11.49;33.14;70.0;0.0;190.0;40.0;118.0;149.0
2022-10-05 04:00:00;12.53;31.51;70.0;0.0;200.0;40.0;110.0;151.0
2022-10-05 05:00:00;14.31;36.26;100.0;0.0;200.0;50.0;106.0;152.0
2022-10-05 06:00:00;16.17;42.55;100.0;0.0;190.0;40.0;109.0;153.0
2022-10-05 07:00:00;23.91;35.81;100.0;0.0;200.0;50.0;112.0;154.0
2022-10-05 08:00:00;21.4;33.04;110.0;0.0;210.0;50.0;112.0;157.0
2022-10-05 09:00:00;19.14;34.27;120.0;0.0;200.0;60.0;114.0;163.0
2022-10-05 10:00:00;13.08;44.78;120.0;0.0;200.0;60.0;120.0;166.0
2022-10-05 11:00:00;14.32;47.87;100.0;0.0;210.0;50.0;120.0;171.0
2022-10-05 12:00:00;16.43;43.84;120.0;0.0;220.0;60.0;120.0;175.0
2022-10-05 13:00:00;16.65;45.99;130.0;0.0;220.0;70.0;118.0;181.0
2022-10-05 14:00:00;15.96;46.85;140.0;0.0;220.0;70.0;114.0;177.0
2022-10-05 15:00:00;13.25;49.0;140.0;0.0;200.0;70.0;111.0;174.0
2022-10-05 16:00:00;13.99;51.65;140.0;0.0;200.0;70.0;115.0;170.0
2022-10-05 17:00:00;13.67;53.16;120.0;0.0;200.0;70.0;119.0;171.0
2022-10-05 18:00:00;13.81;52.39;130.0;0.0;210.0;70.0;124.0;175.0
2022-10-05 19:00:00;13.65;51.64;140.0;7.0;250.0;70.0;117.0;139.0
2022-10-05 20:00:00;7.38;59.45;90.0;0.0;260.0;30.0;126.0;141.0
2022-10-05 21:00:00;8.3;58.2;140.0;3.0;230.0;40.0;111.0;130.0
2022-10-05 22:00:00;4.49;59.25;90.0;0.0;240.0;40.0;109.0;134.0
2022-10-05 23:00:00;8.32;46.38;60.0;0.0;230.0;30.0;99.0;132.0
2022-10-06 00:00:00;9.16;47.65;80.0;0.0;240.0;30.0;89.0;129.0
2022-10-06 01:00:00;6.21;51.34;70.0;0.0;240.0;30.0;80.0;122.0
2022-10-06 02:00:00;4.48;54.34;50.0;0.0;230.0;30.0;77.0;115.0
2022-10-06 03:00:00;6.61;48.33;60.0;0.0;230.0;30.0;76.0;117.0
2022-10-06 04:00:00;11.1;41.33;60.0;0.0;230.0;30.0;75.0;111.0
2022-10-06 05:00:00;26.15;26.96;50.0;0.0;220.0;30.0;74.0;99.0
2022-10-06 06:00:00;33.82;20.72;40.0;0.0;210.0;30.0;77.0;116.0
2022-10-06 07:00:00;37.61;18.85;60.0;0.0;210.0;30.0;80.0;132.0
2022-10-06 08:00:00;33.13;22.21;70.0;0.0;240.0;40.0;83.0;146.0
2022-10-06 09:00:00;27.12;26.53;100.0;0.0;230.0;50.0;86.0;157.0
2022-10-06 10:00:00;19.27;38.35;100.0;0.0;240.0;50.0;76.0;163.0
2022-10-06 11:00:00;12.4;52.85;100.0;0.0;240.0;50.0;75.0;164.0
2022-10-06 12:00:00;11.75;55.29;110.0;0.0;230.0;50.0;70.0;170.0
2022-10-06 13:00:00;13.87;56.38;100.0;0.0;230.0;60.0;56.0;167.0
2022-10-06 14:00:00;12.86;59.23;100.0;0.0;230.0;60.0;65.0;163.0
2022-10-06 15:00:00;14.44;57.32;90.0;0.0;230.0;50.0;63.0;154.0
2022-10-06 16:00:00;13.43;56.05;90.0;0.0;220.0;40.0;72.0;140.0
2022-10-06 17:00:00;21.67;47.16;50.0;0.0;200.0;30.0;74.0;124.0
2022-10-06 18:00:00;29.55;37.63;40.0;0.0;190.0;20.0;71.0;89.0
2022-10-06 19:00:00;35.7;27.34;40.0;0.0;190.0;20.0;64.0;79.0
2022-10-06 20:00:00;43.66;13.86;40.0;0.0;170.0;20.0;67.0;85.0
2022-10-06 21:00:00;46.37;6.73;30.0;0.0;150.0;10.0;57.0;67.0
2022-10-06 22:00:00;46.9;4.72;30.0;0.0;180.0;20.0;61.0;71.0
2022-10-06 23:00:00;40.53;7.67;30.0;0.0;180.0;20.0;62.0;73.0
2022-10-07 00:00:00;22.14;27.35;60.0;0.0;200.0;30.0;79.0;108.0
2022-10-07 01:00:00;22.55;30.25;50.0;0.0;180.0;30.0;72.0;91.0
2022-10-07 02:00:00;23.95;24.99;50.0;0.0;190.0;20.0;71.0;89.0
2022-10-07 03:00:00;21.93;25.11;40.0;0.0;180.0;20.0;74.0;91.0
2022-10-07 04:00:00;26.22;22.08;60.0;0.0;180.0;20.0;73.0;93.0
2022-10-07 05:00:00;28.03;21.69;60.0;0.0;180.0;30.0;76.0;102.0
2022-10-07 06:00:00;32.19;21.36;80.0;0.0;200.0;40.0;81.0;113.0
2022-10-07 07:00:00;33.76;21.99;90.0;0.0;200.0;50.0;87.0;128.0
2022-10-07 08:00:00;31.66;22.91;90.0;0.0;200.0;40.0;95.0;138.0
2022-10-07 09:00:00;27.66;29.46;90.0;0.0;210.0;50.0;100.0;145.0
2022-10-07 10:00:00;25.83;31.43;90.0;0.0;220.0;50.0;107.0;163.0
2022-10-07 11:00:00;23.62;35.81;100.0;0.0;210.0;50.0;102.0;165.0
2022-10-07 12:00:00;20.49;44.11;100.0;0.0;220.0;50.0;104.0;170.0
2022-10-07 13:00:00;17.39;49.03;90.0;0.0;220.0;40.0;103.0;170.0
2022-10-07 14:00:00;17.32;49.29;90.0;0.0;210.0;40.0;102.0;171.0
2022-10-07 15:00:00;25.26;43.12;80.0;0.0;200.0;40.0;101.0;164.0
2022-10-07 16:00:00;25.54;43.12;70.0;0.0;200.0;40.0;100.0;155.0
2022-10-07 17:00:00;28.39;39.0;80.0;0.0;210.0;40.0;97.0;151.0
2022-10-07 18:00:00;25.81;40.55;60.0;0.0;200.0;40.0;95.0;147.0
2022-10-07 19:00:00;21.91;42.38;70.0;0.0;200.0;40.0;90.0;139.0
2022-10-07 20:00:00;25.69;35.81;60.0;0.0;200.0;40.0;88.0;132.0
2022-10-07 21:00:00;20.11;40.42;90.0;0.0;210.0;40.0;91.0;134.0
2022-10-07 22:00:00;16.45;42.45;80.0;0.0;210.0;40.0;97.0;135.0
2022-10-07 23:00:00;13.77;45.11;90.0;0.0;230.0;40.0;104.0;127.0
2022-10-08 00:00:00;7.73;51.97;60.0;0.0;220.0;30.0;107.0;126.0
2022-10-08 01:00:00;5.45;57.84;50.0;3.0;220.0;30.0;112.0;123.0
2022-10-08 02:00:00;7.52;57.84;50.0;0.0;220.0;30.0;111.0;119.0
2022-10-08 03:00:00;7.4;45.15;40.0;0.0;240.0;20.0;108.0;116.0
2022-10-08 04:00:00;7.4;39.24;40.0;0.0;240.0;20.0;100.0;110.0
2022-10-08 05:00:00;13.43;28.41;40.0;0.0;240.0;20.0;89.0;105.0
2022-10-08 06:00:00;17.03;23.73;40.0;0.0;240.0;20.0;86.0;115.0
2022-10-08 07:00:00;20.82;20.21;60.0;0.0;260.0;30.0;84.0;130.0
2022-10-08 08:00:00;16.83;25.67;80.0;0.0;270.0;40.0;85.0;144.0
2022-10-08 09:00:00;11.99;35.4;100.0;0.0;270.0;40.0;86.0;144.0
2022-10-08 10:00:00;7.91;43.41;100.0;0.0;290.0;50.0;84.0;149.0
2022-10-08 11:00:00;7.83;45.47;80.0;3.0;270.0;40.0;85.0;154.0
2022-10-08 12:00:00;10.13;43.14;80.0;0.0;280.0;40.0;60.0;151.0
2022-10-08 13:00:00;7.29;51.83;90.0;0.0;270.0;40.0;65.0;155.0
2022-10-08 14:00:00;7.82;54.22;90.0;0.0;270.0;40.0;71.0;145.0
2022-10-08 15:00:00;7.55;53.47;80.0;0.0;280.0;40.0;71.0;141.0
2022-10-08 16:00:00;9.37;50.15;70.0;0.0;280.0;30.0;78.0;124.0
2022-10-08 17:00:00;14.02;45.08;40.0;0.0;260.0;20.0;77.0;112.0
2022-10-08 18:00:00;27.03;26.43;30.0;0.0;230.0;20.0;73.0;90.0
2022-10-08 19:00:00;21.23;31.21;30.0;0.0;210.0;20.0;62.0;68.0
2022-10-08 20:00:00;30.07;18.8;20.0;0.0;190.0;10.0;54.0;59.0
2022-10-08 21:00:00;33.58;11.79;20.0;0.0;200.0;10.0;49.0;53.0
2022-10-08 22:00:00;34.15;8.11;10.0;0.0;150.0;10.0;44.0;47.0
2022-10-08 23:00:00;38.41;2.53;10.0;0.0;130.0;10.0;40.0;43.0
2022-10-09 00:00:00;33.55;2.09;20.0;0.0;150.0;10.0;41.0;44.0
2022-10-09 01:00:00;34.0;0.17;20.0;0.0;150.0;10.0;40.0;43.0
2022-10-09 02:00:00;31.94;-0.1;20.0;0.0;150.0;10.0;38.0;41.0
2022-10-09 03:00:00;26.39;0.67;20.0;0.0;150.0;20.0;41.0;44.0
2022-10-09 04:00:00;22.13;1.85;30.0;0.0;140.0;10.0;37.0;40.0
2022-10-09 05:00:00;20.93;1.84;20.0;0.0;150.0;10.0;34.0;36.0
2022-10-09 06:00:00;21.16;2.54;20.0;0.0;150.0;10.0;57.0;61.0
2022-10-09 07:00:00;19.57;4.05;40.0;0.0;150.0;20.0;62.0;84.0
2022-10-09 08:00:00;19.61;9.57;50.0;0.0;150.0;30.0;68.0;114.0
2022-10-09 09:00:00;19.44;20.28;60.0;0.0;160.0;40.0;72.0;133.0
2022-10-09 10:00:00;14.89;31.02;70.0;0.0;160.0;40.0;79.0;149.0
2022-10-09 11:00:00;15.13;36.32;70.0;0.0;160.0;40.0;72.0;157.0
2022-10-09 12:00:00;15.48;41.81;80.0;0.0;170.0;40.0;60.0;164.0
2022-10-09 13:00:00;11.86;51.22;70.0;0.0;160.0;40.0;65.0;161.0
2022-10-09 14:00:00;13.03;53.58;70.0;0.0;160.0;40.0;58.0;162.0
2022-10-09 15:00:00;14.01;53.33;70.0;0.0;130.0;40.0;68.0;154.0
2022-10-09 16:00:00;18.32;48.65;50.0;0.0;130.0;30.0;67.0;133.0
2022-10-09 17:00:00;22.98;43.45;40.0;0.0;110.0;20.0;66.0;99.0
2022-10-09 18:00:00;29.48;30.38;30.0;0.0;110.0;20.0;58.0;75.0
2022-10-09 19:00:00;31.84;24.71;20.0;0.0;110.0;10.0;56.0;60.0
2022-10-09 20:00:00;34.51;16.71;40.0;0.0;140.0;20.0;55.0;92.0
2022-10-09 21:00:00;32.63;15.63;50.0;0.0;150.0;30.0;54.0;96.0
2022-10-09 22:00:00;24.25;22.48;50.0;0.0;150.0;30.0;54.0;91.0
2022-10-09 23:00:00;20.05;23.7;40.0;0.0;150.0;30.0;54.0;86.0
2022-10-10 00:00:00;13.8;26.12;50.0;0.0;160.0;30.0;54.0;84.0
2022-10-10 01:00:00;13.2;25.58;50.0;0.0;160.0;30.0;55.0;83.0
2022-10-10 02:00:00;12.53;24.01;50.0;0.0;160.0;30.0;55.0;79.0
2022-10-10 03:00:00;12.63;22.42;40.0;0.0;160.0;20.0;53.0;69.0
2022-10-10 04:00:00;16.07;17.93;40.0;0.0;160.0;20.0;54.0;69.0
2022-10-10 05:00:00;23.3;12.44;40.0;0.0;170.0;20.0;57.0;71.0
2022-10-10 06:00:00;35.29;3.2;40.0;0.0;180.0;20.0;68.0;90.0
2022-10-10 07:00:00;42.44;1.84;40.0;0.0;200.0;20.0;81.0;110.0
2022-10-10 08:00:00;37.92;8.53;60.0;0.0;210.0;30.0;90.0;129.0
2022-10-10 09:00:00;29.31;16.02;50.0;0.0;210.0;30.0;98.0;139.0
2022-10-10 10:00:00;30.45;15.64;60.0;0.0;230.0;30.0;112.0;157.0
2022-10-10 11:00:00;30.39;17.22;60.0;0.0;240.0;30.0;117.0;151.0
2022-10-10 12:00:00;29.87;16.34;60.0;0.0;260.0;30.0;122.0;146.0
2022-10-10 13:00:00;33.39;18.33;100.0;6.0;310.0;40.0;115.0;126.0
2022-10-10 14:00:00;20.08;36.11;80.0;5.0;300.0;30.0;114.0;131.0
2022-10-10 15:00:00;14.34;44.67;60.0;0.0;320.0;30.0;93.0;137.0
2022-10-10 16:00:00;17.93;44.02;40.0;0.0;300.0;20.0;81.0;120.0
2022-10-10 17:00:00;21.32;43.05;30.0;0.0;270.0;20.0;77.0;88.0
2022-10-10 18:00:00;35.69;25.21;30.0;0.0;270.0;10.0;74.0;81.0
2022-10-10 19:00:00;47.5;8.32;30.0;0.0;260.0;20.0;68.0;73.0
2022-10-10 20:00:00;41.12;11.96;30.0;0.0;270.0;20.0;48.0;51.0
2022-10-10 21:00:00;38.44;8.32;30.0;0.0;260.0;10.0;39.0;45.0
2022-10-10 22:00:00;31.52;12.95;20.0;0.0;210.0;10.0;41.0;44.0
2022-10-10 23:00:00;35.21;7.42;10.0;0.0;0.0;10.0;31.0;34.0
2022-10-11 00:00:00;29.21;7.13;10.0;0.0;0.0;10.0;25.0;28.0
2022-10-11 01:00:00;23.09;11.49;10.0;0.0;190.0;10.0;23.0;25.0
2022-10-11 02:00:00;22.99;11.35;10.0;0.0;160.0;10.0;18.0;21.0
2022-10-11 03:00:00;21.53;7.68;20.0;0.0;150.0;10.0;16.0;19.0
2022-10-11 04:00:00;19.16;7.02;20.0;0.0;140.0;10.0;19.0;22.0
2022-10-11 05:00:00;25.92;1.57;20.0;0.0;140.0;10.0;21.0;24.0
2022-10-11 06:00:00;31.1;-0.19;30.0;0.0;170.0;10.0;42.0;46.0
2022-10-11 07:00:00;41.72;0.0;20.0;0.0;190.0;10.0;47.0;73.0
2022-10-11 08:00:00;45.42;0.04;20.0;0.0;200.0;10.0;51.0;118.0
2022-10-11 09:00:00;53.12;4.26;40.0;0.0;230.0;20.0;60.0;147.0
2022-10-11 10:00:00;38.7;18.05;40.0;0.0;220.0;20.0;69.0;148.0
2022-10-11 11:00:00;24.29;36.75;50.0;0.0;330.0;20.0;65.0;148.0
2022-10-11 12:00:00;16.58;48.69;40.0;0.0;340.0;10.0;65.0;154.0
2022-10-11 13:00:00;23.33;41.92;40.0;0.0;240.0;20.0;62.0;165.0
2022-10-11 14:00:00;32.81;34.98;40.0;0.0;330.0;20.0;78.0;147.0
2022-10-11 15:00:00;35.41;27.6;30.0;0.0;350.0;10.0;70.0;153.0
2022-10-11 16:00:00;25.92;37.83;30.0;0.0;310.0;10.0;90.0;122.0
2022-10-11 17:00:00;41.0;23.08;20.0;0.0;50.0;10.0;89.0;104.0
2022-10-11 18:00:00;48.62;10.13;10.0;0.0;0.0;0.0;80.0;88.0
2022-10-11 19:00:00;47.83;2.86;10.0;0.0;70.0;0.0;66.0;69.0
2022-10-11 20:00:00;43.02;1.4;10.0;0.0;0.0;0.0;54.0;57.0
2022-10-11 21:00:00;38.31;0.73;10.0;0.0;0.0;0.0;45.0;48.0
2022-10-11 22:00:00;32.73;0.4;10.0;0.0;0.0;10.0;41.0;48.0
2022-10-11 23:00:00;25.47;0.08;10.0;0.0;100.0;10.0;37.0;39.0
2022-10-12 00:00:00;19.61;-0.11;10.0;0.0;130.0;10.0;33.0;37.0
2022-10-12 01:00:00;15.36;-0.11;10.0;0.0;110.0;10.0;37.0;39.0
2022-10-12 02:00:00;14.35;-0.11;20.0;0.0;130.0;10.0;34.0;37.0
2022-10-12 03:00:00;15.14;0.05;10.0;0.0;140.0;10.0;32.0;35.0
2022-10-12 04:00:00;19.69;0.09;10.0;0.0;120.0;10.0;26.0;29.0
2022-10-12 05:00:00;25.04;0.05;10.0;0.0;120.0;10.0;27.0;29.0
2022-10-12 06:00:00;29.17;0.03;20.0;0.0;150.0;10.0;42.0;43.0
2022-10-12 07:00:00;32.53;0.14;30.0;0.0;150.0;10.0;62.0;73.0
2022-10-12 08:00:00;38.79;0.8;30.0;0.0;170.0;20.0;73.0;104.0
2022-10-12 09:00:00;40.93;3.92;30.0;0.0;140.0;20.0;71.0;124.0
2022-10-12 10:00:00;36.05;10.43;50.0;0.0;170.0;20.0;63.0;136.0
2022-10-12 11:00:00;32.41;21.51;60.0;0.0;160.0;30.0;67.0;140.0
2022-10-12 12:00:00;25.69;30.08;60.0;0.0;170.0;30.0;77.0;140.0
2022-10-12 13:00:00;30.05;30.95;60.0;0.0;200.0;30.0;73.0;150.0
2022-10-12 14:00:00;33.88;33.1;60.0;0.0;190.0;30.0;73.0;153.0
2022-10-12 15:00:00;28.8;37.92;60.0;0.0;210.0;30.0;79.0;145.0
2022-10-12 16:00:00;25.71;39.9;50.0;0.0;200.0;20.0;79.0;110.0
2022-10-12 17:00:00;41.91;22.94;20.0;0.0;210.0;10.0;74.0;85.0
2022-10-12 18:00:00;50.03;9.12;20.0;0.0;140.0;10.0;79.0;87.0
2022-10-12 19:00:00;53.12;2.03;20.0;0.0;160.0;20.0;66.0;73.0
2022-10-12 20:00:00;51.5;0.5;30.0;0.0;160.0;20.0;69.0;76.0
2022-10-12 21:00:00;46.74;0.37;40.0;0.0;170.0;20.0;74.0;94.0
2022-10-12 22:00:00;45.8;0.19;40.0;0.0;180.0;20.0;77.0;101.0
2022-10-12 23:00:00;42.73;6.21;30.0;0.0;150.0;20.0;80.0;99.0
2022-10-13 00:00:00;25.87;19.17;30.0;0.0;180.0;20.0;88.0;105.0
2022-10-13 01:00:00;25.09;18.43;50.0;0.0;180.0;20.0;92.0;121.0
2022-10-13 02:00:00;21.78;22.56;40.0;0.0;200.0;20.0;98.0;121.0
2022-10-13 03:00:00;20.8;20.91;50.0;0.0;190.0;30.0;99.0;124.0
2022-10-13 04:00:00;19.9;20.69;50.0;0.0;200.0;30.0;101.0;123.0
2022-10-13 05:00:00;25.83;17.63;60.0;0.0;210.0;30.0;106.0;125.0
2022-10-13 06:00:00;35.29;9.77;50.0;5.0;210.0;30.0;112.0;125.0
2022-10-13 07:00:00;42.17;3.28;60.0;0.0;210.0;30.0;118.0;131.0
2022-10-13 08:00:00;31.35;16.72;60.0;0.0;190.0;30.0;121.0;136.0
2022-10-13 09:00:00;28.87;19.08;60.0;0.0;200.0;30.0;120.0;142.0
2022-10-13 10:00:00;29.41;19.03;50.0;0.0;200.0;30.0;121.0;148.0
2022-10-13 11:00:00;29.83;22.55;50.0;0.0;180.0;30.0;118.0;146.0
2022-10-13 12:00:00;35.12;16.46;60.0;0.0;180.0;30.0;114.0;141.0
2022-10-13 13:00:00;35.55;12.9;60.0;0.0;180.0;30.0;117.0;144.0
2022-10-13 14:00:00;36.25;13.82;50.0;0.0;190.0;30.0;115.0;143.0
2022-10-13 15:00:00;40.4;12.45;50.0;0.0;200.0;30.0;117.0;143.0
2022-10-13 16:00:00;37.59;14.05;50.0;0.0;310.0;20.0;119.0;131.0
2022-10-13 17:00:00;23.88;30.96;40.0;0.0;270.0;20.0;114.0;124.0
2022-10-13 18:00:00;23.83;37.69;40.0;0.0;270.0;20.0;106.0;115.0
2022-10-13 19:00:00;23.43;45.87;20.0;0.0;220.0;10.0;80.0;83.0
2022-10-13 20:00:00;38.11;14.28;20.0;0.0;210.0;10.0;66.0;69.0
2022-10-13 21:00:00;42.51;9.51;20.0;0.0;140.0;10.0;60.0;63.0
2022-10-13 22:00:00;34.23;10.19;30.0;0.0;140.0;10.0;83.0;85.0
2022-10-13 23:00:00;34.49;3.33;20.0;0.0;140.0;10.0;82.0;83.0
2022-10-14 00:00:00;28.16;6.96;40.0;0.0;110.0;10.0;81.0;84.0
2022-10-14 01:00:00;22.24;10.22;40.0;0.0;150.0;10.0;92.0;93.0
2022-10-14 02:00:00;19.75;10.07;20.0;0.0;110.0;10.0;98.0;100.0
2022-10-14 03:00:00;19.94;4.93;30.0;5.0;100.0;10.0;103.0;106.0
2022-10-14 04:00:00;19.37;1.82;30.0;0.0;130.0;20.0;114.0;116.0
2022-10-14 05:00:00;22.2;1.25;50.0;2.0;140.0;30.0;120.0;122.0
2022-10-14 06:00:00;23.37;0.42;50.0;9.0;150.0;30.0;124.0;127.0
2022-10-14 07:00:00;23.89;1.7;50.0;10.0;160.0;30.0;129.0;132.0
2022-10-14 08:00:00;22.48;2.75;60.0;0.0;170.0;30.0;134.0;138.0
2022-10-14 09:00:00;22.26;6.08;60.0;0.0;180.0;30.0;136.0;143.0
2022-10-14 10:00:00;25.0;7.07;60.0;4.0;180.0;30.0;139.0;146.0
2022-10-14 11:00:00;28.37;5.73;50.0;10.0;180.0;30.0;143.0;149.0
2022-10-14 12:00:00;27.81;6.78;40.0;7.0;220.0;20.0;146.0;154.0
2022-10-14 13:00:00;27.07;6.84;60.0;0.0;230.0;30.0;139.0;151.0
2022-10-14 14:00:00;26.82;18.16;50.0;0.0;240.0;30.0;136.0;157.0
2022-10-14 15:00:00;29.09;22.26;50.0;0.0;260.0;20.0;122.0;150.0
2022-10-14 16:00:00;29.38;38.6;40.0;0.0;230.0;20.0;123.0;136.0
2022-10-14 17:00:00;42.43;20.88;30.0;0.0;230.0;20.0;117.0;134.0
2022-10-14 18:00:00;42.24;15.56;30.0;0.0;210.0;20.0;115.0;126.0
2022-10-14 19:00:00;36.36;20.98;40.0;0.0;230.0;20.0;114.0;121.0
2022-10-14 20:00:00;32.89;24.75;30.0;0.0;220.0;20.0;106.0;112.0
2022-10-14 21:00:00;31.06;29.45;30.0;0.0;210.0;20.0;110.0;116.0
2022-10-14 22:00:00;28.33;30.74;20.0;0.0;180.0;10.0;97.0;99.0
2022-10-14 23:00:00;24.0;28.41;30.0;0.0;200.0;10.0;99.0;103.0
2022-10-15 00:00:00;24.0;7.92;30.0;0.0;190.0;10.0;109.0;112.0
2022-10-15 01:00:00;26.23;11.56;30.0;0.0;190.0;20.0;104.0;110.0
2022-10-15 02:00:00;26.26;9.75;40.0;0.0;180.0;20.0;107.0;113.0
2022-10-15 03:00:00;24.93;11.18;30.0;0.0;160.0;10.0;93.0;95.0
2022-10-15 04:00:00;25.47;7.77;60.0;0.0;190.0;20.0;117.0;122.0
2022-10-15 05:00:00;24.89;6.5;50.0;0.0;200.0;30.0;119.0;124.0
2022-10-15 06:00:00;24.51;11.84;60.0;0.0;180.0;30.0;121.0;127.0
2022-10-15 07:00:00;24.19;16.74;60.0;0.0;170.0;40.0;123.0;133.0
2022-10-15 08:00:00;21.22;20.55;60.0;0.0;160.0;30.0;126.0;144.0
2022-10-15 09:00:00;15.65;30.03;90.0;2.0;160.0;40.0;128.0;141.0
2022-10-15 10:00:00;15.63;28.2;60.0;10.0;170.0;30.0;136.0;142.0
2022-10-15 11:00:00;19.28;18.3;60.0;8.0;180.0;40.0;143.0;149.0
2022-10-15 12:00:00;17.67;16.76;70.0;8.0;230.0;40.0;147.0;156.0
2022-10-15 13:00:00;16.3;16.14;80.0;2.0;230.0;40.0;146.0;162.0
2022-10-15 14:00:00;14.54;22.12;90.0;0.0;240.0;40.0;121.0;160.0
2022-10-15 15:00:00;13.82;42.78;70.0;0.0;220.0;40.0;115.0;153.0
2022-10-15 16:00:00;13.72;53.03;70.0;0.0;210.0;30.0;112.0;140.0
2022-10-15 17:00:00;18.52;44.08;60.0;0.0;200.0;30.0;106.0;136.0
2022-10-15 18:00:00;19.2;41.43;70.0;0.0;190.0;30.0;104.0;140.0
2022-10-15 19:00:00;21.82;34.92;90.0;0.0;210.0;40.0;102.0;148.0
2022-10-15 20:00:00;15.99;42.86;90.0;0.0;200.0;40.0;101.0;144.0
2022-10-15 21:00:00;13.86;43.62;80.0;0.0;200.0;40.0;100.0;142.0
2022-10-15 22:00:00;14.77;40.2;70.0;0.0;200.0;40.0;97.0;137.0
2022-10-15 23:00:00;14.21;38.23;70.0;0.0;190.0;40.0;94.0;134.0
2022-10-16 00:00:00;16.68;33.55;80.0;0.0;200.0;40.0;99.0;137.0
2022-10-16 01:00:00;11.5;39.05;90.0;0.0;190.0;50.0;103.0;137.0
2022-10-16 02:00:00;11.8;39.05;80.0;0.0;200.0;40.0;105.0;134.0
2022-10-16 03:00:00;11.39;32.74;90.0;0.0;200.0;40.0;105.0;133.0
2022-10-16 04:00:00;10.5;33.4;90.0;0.0;200.0;50.0;105.0;128.0
2022-10-16 05:00:00;9.66;33.52;80.0;0.0;210.0;40.0;107.0;127.0
2022-10-16 06:00:00;9.66;32.01;100.0;2.0;210.0;40.0;108.0;129.0
2022-10-16 07:00:00;12.46;27.73;80.0;0.0;210.0;50.0;114.0;137.0
2022-10-16 08:00:00;11.15;37.74;90.0;0.0;210.0;50.0;115.0;150.0
2022-10-16 09:00:00;11.36;34.19;100.0;0.0;220.0;50.0;118.0;164.0
2022-10-16 10:00:00;11.34;39.42;90.0;0.0;220.0;50.0;113.0;169.0
2022-10-16 11:00:00;10.15;49.21;110.0;0.0;220.0;50.0;99.0;172.0
2022-10-16 12:00:00;10.42;51.94;80.0;0.0;210.0;40.0;93.0;177.0
2022-10-16 13:00:00;11.94;55.85;80.0;0.0;220.0;40.0;98.0;172.0
2022-10-16 14:00:00;11.31;60.49;50.0;0.0;200.0;20.0;108.0;169.0
2022-10-16 15:00:00;16.37;52.28;20.0;0.0;120.0;10.0;114.0;151.0
2022-10-16 16:00:00;32.46;30.82;20.0;0.0;110.0;10.0;120.0;133.0
2022-10-16 17:00:00;41.43;14.18;20.0;0.0;70.0;10.0;117.0;128.0
2022-10-16 18:00:00;37.86;13.79;30.0;0.0;90.0;10.0;115.0;127.0
2022-10-16 19:00:00;32.83;15.38;30.0;6.0;110.0;20.0;116.0;133.0
2022-10-16 20:00:00;27.8;18.96;40.0;10.0;120.0;20.0;125.0;139.0
2022-10-16 21:00:00;24.02;19.51;70.0;3.0;130.0;40.0;123.0;145.0
2022-10-16 22:00:00;13.64;30.72;70.0;0.0;140.0;40.0;125.0;146.0
2022-10-16 23:00:00;12.52;33.01;50.0;0.0;130.0;30.0;124.0;137.0
2022-10-17 00:00:00;13.61;25.46;40.0;0.0;130.0;30.0;126.0;137.0
2022-10-17 01:00:00;13.7;19.25;50.0;0.0;130.0;30.0;130.0;141.0
2022-10-17 02:00:00;12.21;16.73;60.0;0.0;160.0;40.0;135.0;145.0
2022-10-17 03:00:00;12.44;12.64;50.0;0.0;160.0;30.0;138.0;150.0
2022-10-17 04:00:00;11.14;14.47;50.0;0.0;170.0;30.0;140.0;153.0
2022-10-17 05:00:00;18.69;12.26;60.0;0.0;160.0;30.0;142.0;156.0
2022-10-17 06:00:00;27.85;6.54;60.0;0.0;170.0;30.0;144.0;157.0
2022-10-17 07:00:00;31.61;5.83;70.0;5.0;200.0;30.0;151.0;165.0
2022-10-17 08:00:00;27.47;9.39;90.0;10.0;190.0;40.0;158.0;165.0
2022-10-17 09:00:00;24.95;13.41;50.0;9.0;180.0;20.0;161.0;166.0
2022-10-17 10:00:00;32.15;6.06;70.0;8.0;210.0;30.0;159.0;167.0
2022-10-17 11:00:00;31.7;10.05;70.0;7.0;210.0;40.0;160.0;168.0
2022-10-17 12:00:00;27.95;18.49;70.0;5.0;240.0;30.0;152.0;162.0
2022-10-17 13:00:00;22.92;25.29;60.0;0.0;220.0;30.0;157.0;170.0
2022-10-17 14:00:00;22.59;21.7;50.0;0.0;220.0;30.0;155.0;173.0
2022-10-17 15:00:00;26.1;16.31;50.0;0.0;210.0;20.0;150.0;168.0
2022-10-17 16:00:00;25.79;16.93;50.0;0.0;210.0;30.0;144.0;163.0
2022-10-17 17:00:00;25.26;20.92;40.0;0.0;220.0;20.0;145.0;158.0
2022-10-17 18:00:00;21.84;26.32;40.0;0.0;220.0;20.0;142.0;152.0
2022-10-17 19:00:00;26.88;18.76;30.0;0.0;180.0;20.0;139.0;142.0
2022-10-17 20:00:00;30.03;7.6;40.0;0.0;220.0;20.0;148.0;153.0
2022-10-17 21:00:00;31.85;0.46;30.0;0.0;220.0;10.0;138.0;141.0
2022-10-17 22:00:00;27.36;0.56;30.0;0.0;250.0;10.0;140.0;142.0
2022-10-17 23:00:00;24.81;-0.19;20.0;0.0;220.0;10.0;123.0;125.0
2022-10-18 00:00:00;21.8;-0.27;10.0;0.0;170.0;0.0;114.0;117.0
2022-10-18 01:00:00;21.13;-0.29;20.0;0.0;140.0;10.0;109.0;111.0
2022-10-18 02:00:00;20.77;-0.2;10.0;0.0;0.0;0.0;106.0;106.0
2022-10-18 03:00:00;15.88;-0.1;10.0;0.0;240.0;10.0;95.0;97.0
2022-10-18 04:00:00;14.41;0.01;10.0;0.0;240.0;0.0;87.0;90.0
2022-10-18 05:00:00;24.15;-0.05;10.0;0.0;310.0;10.0;89.0;90.0
2022-10-18 06:00:00;28.17;-0.01;30.0;0.0;320.0;10.0;103.0;106.0
2022-10-18 07:00:00;37.66;-0.06;20.0;0.0;270.0;10.0;110.0;113.0
2022-10-18 08:00:00;38.87;1.08;10.0;0.0;0.0;0.0;116.0;140.0
2022-10-18 09:00:00;41.46;3.77;30.0;0.0;260.0;10.0;102.0;166.0
2022-10-18 10:00:00;34.29;23.75;40.0;0.0;310.0;20.0;102.0;176.0
2022-10-18 11:00:00;26.44;41.96;50.0;0.0;280.0;20.0;93.0;181.0
2022-10-18 12:00:00;14.94;53.2;60.0;0.0;280.0;30.0;84.0;179.0
2022-10-18 13:00:00;15.67;56.65;60.0;0.0;310.0;30.0;80.0;174.0
2022-10-18 14:00:00;12.79;57.99;50.0;0.0;320.0;30.0;87.0;169.0
2022-10-18 15:00:00;17.02;50.89;50.0;0.0;350.0;30.0;98.0;155.0
2022-10-18 16:00:00;13.81;52.93;40.0;0.0;350.0;20.0;97.0;111.0
2022-10-18 17:00:00;23.04;33.64;20.0;0.0;360.0;10.0;83.0;89.0
2022-10-18 18:00:00;24.96;26.36;20.0;0.0;360.0;10.0;69.0;75.0
2022-10-18 19:00:00;22.76;22.58;20.0;0.0;70.0;10.0;62.0;64.0
2022-10-18 20:00:00;24.25;13.41;10.0;0.0;20.0;10.0;53.0;54.0
2022-10-18 21:00:00;25.31;8.36;20.0;0.0;10.0;10.0;45.0;48.0
2022-10-18 22:00:00;26.45;5.63;20.0;0.0;40.0;10.0;39.0;42.0
2022-10-18 23:00:00;27.88;2.35;10.0;0.0;0.0;0.0;39.0;42.0
2022-10-19 00:00:00;27.88;3.06;10.0;0.0;30.0;10.0;30.0;32.0
2022-10-19 01:00:00;17.54;4.23;10.0;0.0;50.0;10.0;26.0;28.0
2022-10-19 02:00:00;14.28;5.83;10.0;0.0;40.0;10.0;22.0;25.0
2022-10-19 03:00:00;12.92;4.03;20.0;0.0;40.0;10.0;20.0;23.0
2022-10-19 04:00:00;15.45;2.94;20.0;0.0;60.0;10.0;18.0;21.0
2022-10-19 05:00:00;20.82;3.4;30.0;0.0;70.0;20.0;16.0;20.0
2022-10-19 06:00:00;26.85;0.41;40.0;0.0;70.0;20.0;53.0;57.0
2022-10-19 07:00:00;31.0;1.84;40.0;0.0;70.0;20.0;72.0;80.0
2022-10-19 08:00:00;26.38;8.4;70.0;0.0;80.0;30.0;81.0;108.0
2022-10-19 09:00:00;25.13;16.33;90.0;0.0;90.0;50.0;82.0;121.0
2022-10-19 10:00:00;16.72;34.44;90.0;0.0;90.0;50.0;76.0;128.0
2022-10-19 11:00:00;11.5;46.51;100.0;0.0;80.0;60.0;79.0;137.0
2022-10-19 12:00:00;7.55;54.75;100.0;0.0;90.0;50.0;76.0;140.0
2022-10-19 13:00:00;10.81;52.94;100.0;0.0;100.0;60.0;81.0;145.0
2022-10-19 14:00:00;11.98;53.42;80.0;0.0;90.0;50.0;77.0;141.0
2022-10-19 15:00:00;16.71;47.88;80.0;0.0;90.0;40.0;73.0;125.0
2022-10-19 16:00:00;17.67;46.15;60.0;0.0;80.0;40.0;73.0;113.0
2022-10-19 17:00:00;16.87;41.41;90.0;0.0;90.0;40.0;70.0;110.0
2022-10-19 18:00:00;14.25;41.27;80.0;0.0;90.0;50.0;66.0;105.0
2022-10-19 19:00:00;12.38;41.29;90.0;0.0;90.0;50.0;63.0;100.0
2022-10-19 20:00:00;11.26;40.65;80.0;0.0;90.0;50.0;63.0;94.0
2022-10-19 21:00:00;10.01;39.13;80.0;0.0;90.0;40.0;62.0;86.0
2022-10-19 22:00:00;10.15;35.14;60.0;0.0;90.0;40.0;62.0;83.0
2022-10-19 23:00:00;8.99;31.75;60.0;0.0;100.0;30.0;63.0;83.0
2022-10-20 00:00:00;8.57;30.25;50.0;0.0;100.0;30.0;61.0;77.0
2022-10-20 01:00:00;7.82;27.93;40.0;0.0;100.0;30.0;62.0;76.0
2022-10-20 02:00:00;7.26;27.93;50.0;0.0;100.0;30.0;68.0;82.0
2022-10-20 03:00:00;7.55;23.65;60.0;0.0;90.0;40.0;72.0;88.0
2022-10-20 04:00:00;9.23;22.44;60.0;0.0;100.0;40.0;76.0;93.0
2022-10-20 05:00:00;16.34;18.58;80.0;0.0;120.0;40.0;78.0;101.0
2022-10-20 06:00:00;19.09;18.23;70.0;0.0;120.0;40.0;79.0;101.0
2022-10-20 07:00:00;23.79;12.18;70.0;0.0;130.0;40.0;83.0;107.0
2022-10-20 08:00:00;22.87;11.76;80.0;0.0;140.0;40.0;89.0;113.0
2022-10-20 09:00:00;24.71;10.01;60.0;0.0;140.0;40.0;98.0;122.0
2022-10-20 10:00:00;26.56;7.12;70.0;3.0;150.0;40.0;111.0;132.0
2022-10-20 11:00:00;25.18;6.56;80.0;10.0;140.0;40.0;121.0;132.0
2022-10-20 12:00:00;24.06;6.32;90.0;10.0;140.0;40.0;129.0;135.0
2022-10-20 13:00:00;22.2;6.0;70.0;0.0;140.0;30.0;138.0;145.0
2022-10-20 14:00:00;22.5;5.08;60.0;0.0;140.0;30.0;146.0;156.0
2022-10-20 15:00:00;23.52;4.17;50.0;0.0;140.0;30.0;146.0;156.0
2022-10-20 16:00:00;26.4;3.46;50.0;0.0;130.0;30.0;142.0;150.0
2022-10-20 17:00:00;26.48;2.56;60.0;0.0;140.0;30.0;137.0;145.0
2022-10-20 18:00:00;24.35;1.99;60.0;0.0;140.0;30.0;133.0;143.0
2022-10-20 19:00:00;20.0;3.52;60.0;0.0;140.0;40.0;130.0;141.0
2022-10-20 20:00:00;25.59;0.99;60.0;0.0;140.0;40.0;127.0;138.0
2022-10-20 21:00:00;25.97;0.4;70.0;0.0;140.0;30.0;124.0;134.0
2022-10-20 22:00:00;22.77;1.45;60.0;0.0;140.0;30.0;123.0;133.0
2022-10-20 23:00:00;21.84;2.04;60.0;3.0;140.0;30.0;125.0;134.0
2022-10-21 00:00:00;20.54;2.61;60.0;3.0;180.0;30.0;131.0;138.0
2022-10-21 01:00:00;19.43;3.21;50.0;4.0;140.0;30.0;134.0;140.0
2022-10-21 02:00:00;13.97;11.33;50.0;0.0;150.0;30.0;127.0;132.0
2022-10-21 03:00:00;11.69;9.78;40.0;0.0;140.0;30.0;124.0;128.0
2022-10-21 04:00:00;14.77;5.53;40.0;0.0;150.0;30.0;120.0;124.0
2022-10-21 05:00:00;19.87;2.87;40.0;0.0;150.0;20.0;116.0;120.0
2022-10-21 06:00:00;24.16;1.05;40.0;0.0;160.0;20.0;117.0;121.0
2022-10-21 07:00:00;29.38;0.23;50.0;0.0;160.0;20.0;121.0;127.0
2022-10-21 08:00:00;28.39;2.32;50.0;0.0;170.0;30.0;125.0;134.0
2022-10-21 09:00:00;25.91;4.07;50.0;0.0;180.0;30.0;135.0;147.0
2022-10-21 10:00:00;29.62;4.76;40.0;0.0;160.0;20.0;147.0;160.0
2022-10-21 11:00:00;31.36;8.25;70.0;0.0;180.0;30.0;143.0;178.0
2022-10-21 12:00:00;27.67;18.92;60.0;0.0;180.0;30.0;146.0;179.0
2022-10-21 13:00:00;27.08;24.66;70.0;0.0;200.0;30.0;146.0;194.0
2022-10-21 14:00:00;30.76;22.49;60.0;0.0;180.0;30.0;146.0;193.0
2022-10-21 15:00:00;27.64;32.57;50.0;0.0;170.0;20.0;146.0;182.0
2022-10-21 16:00:00;39.37;17.8;40.0;0.0;150.0;20.0;132.0;142.0
2022-10-21 17:00:00;35.86;14.34;40.0;0.0;150.0;30.0;136.0;158.0
2022-10-21 18:00:00;39.86;4.07;50.0;0.0;170.0;30.0;133.0;155.0
2022-10-21 19:00:00;34.16;8.61;60.0;0.0;180.0;30.0;129.0;156.0
2022-10-21 20:00:00;26.51;17.33;60.0;0.0;170.0;30.0;128.0;152.0
2022-10-21 21:00:00;25.67;16.91;50.0;0.0;160.0;30.0;124.0;142.0
2022-10-21 22:00:00;22.66;19.52;40.0;0.0;160.0;20.0;123.0;138.0
2022-10-21 23:00:00;19.46;19.29;40.0;0.0;160.0;20.0;123.0;134.0
2022-10-22 00:00:00;14.15;21.86;40.0;0.0;150.0;30.0;124.0;136.0
2022-10-22 01:00:00;11.15;23.18;40.0;0.0;150.0;30.0;123.0;136.0
2022-10-22 02:00:00;9.5;24.0;50.0;0.0;160.0;30.0;118.0;131.0
2022-10-22 03:00:00;8.89;27.55;50.0;0.0;160.0;30.0;117.0;127.0
2022-10-22 04:00:00;10.2;23.33;50.0;0.0;170.0;30.0;120.0;133.0
2022-10-22 05:00:00;11.65;19.8;50.0;0.0;190.0;30.0;119.0;135.0
2022-10-22 06:00:00;17.24;17.29;50.0;0.0;180.0;30.0;121.0;137.0
2022-10-22 07:00:00;15.5;19.94;70.0;0.0;200.0;30.0;123.0;147.0
2022-10-22 08:00:00;17.14;21.5;90.0;0.0;210.0;40.0;126.0;151.0
2022-10-22 09:00:00;16.62;27.06;100.0;0.0;220.0;50.0;129.0;164.0
2022-10-22 10:00:00;13.19;37.41;100.0;0.0;230.0;50.0;127.0;169.0
2022-10-22 11:00:00;11.1;46.76;100.0;0.0;230.0;60.0;119.0;173.0
2022-10-22 12:00:00;11.76;53.92;110.0;0.0;220.0;50.0;114.0;177.0
2022-10-22 13:00:00;9.66;59.71;90.0;0.0;230.0;40.0;124.0;175.0
2022-10-22 14:00:00;12.07;58.23;80.0;0.0;220.0;40.0;118.0;170.0
2022-10-22 15:00:00;14.52;51.6;50.0;0.0;210.0;30.0;117.0;162.0
2022-10-22 16:00:00;18.55;48.27;40.0;0.0;180.0;20.0;114.0;130.0
2022-10-22 17:00:00;26.96;33.58;20.0;0.0;130.0;10.0;108.0;113.0
2022-10-22 18:00:00;44.68;8.29;20.0;0.0;150.0;10.0;98.0;103.0
2022-10-22 19:00:00;43.49;2.54;20.0;0.0;160.0;10.0;96.0;100.0
2022-10-22 20:00:00;34.15;6.36;20.0;0.0;150.0;10.0;96.0;99.0
2022-10-22 21:00:00;31.69;5.64;20.0;0.0;150.0;10.0;103.0;106.0
2022-10-22 22:00:00;30.66;4.75;30.0;0.0;150.0;20.0;108.0;110.0
2022-10-22 23:00:00;26.84;9.51;30.0;0.0;120.0;20.0;106.0;110.0
2022-10-23 00:00:00;20.55;11.71;20.0;0.0;130.0;20.0;101.0;104.0
2022-10-23 01:00:00;19.47;9.73;30.0;0.0;130.0;20.0;104.0;108.0
2022-10-23 02:00:00;15.82;11.21;40.0;0.0;140.0;20.0;109.0;115.0
2022-10-23 03:00:00;14.34;12.04;30.0;0.0;110.0;20.0;107.0;113.0
2022-10-23 04:00:00;14.21;10.78;40.0;0.0;120.0;20.0;111.0;118.0
2022-10-23 05:00:00;15.44;8.19;50.0;0.0;130.0;20.0;116.0;131.0
2022-10-23 06:00:00;14.12;13.78;50.0;0.0;130.0;30.0;118.0;134.0
2022-10-23 07:00:00;13.92;16.59;60.0;0.0;130.0;30.0;121.0;140.0
2022-10-23 08:00:00;16.89;14.34;60.0;0.0;130.0;30.0;124.0;146.0
2022-10-23 09:00:00;19.34;13.33;60.0;0.0;130.0;40.0;125.0;150.0
2022-10-23 10:00:00;18.31;15.24;60.0;0.0;130.0;40.0;127.0;159.0
2022-10-23 11:00:00;19.27;17.78;70.0;0.0;130.0;40.0;134.0;172.0
2022-10-23 12:00:00;17.8;20.62;90.0;0.0;140.0;50.0;132.0;173.0
2022-10-23 13:00:00;16.55;24.79;80.0;0.0;140.0;50.0;138.0;177.0
2022-10-23 14:00:00;16.1;23.86;100.0;0.0;160.0;50.0;139.0;181.0
2022-10-23 15:00:00;15.05;26.7;80.0;0.0;150.0;40.0;139.0;175.0
2022-10-23 16:00:00;17.47;25.21;70.0;0.0;150.0;40.0;137.0;172.0
2022-10-23 17:00:00;19.31;20.95;70.0;0.0;150.0;40.0;137.0;169.0
2022-10-23 18:00:00;21.2;20.02;80.0;3.0;150.0;40.0;143.0;171.0
2022-10-23 19:00:00;15.85;22.14;100.0;1.0;200.0;50.0;136.0;171.0
2022-10-23 20:00:00;13.82;28.95;80.0;0.0;190.0;40.0;123.0;163.0
2022-10-23 21:00:00;17.91;31.43;70.0;0.0;170.0;40.0;119.0;157.0
2022-10-23 22:00:00;10.13;46.25;70.0;0.0;160.0;40.0;127.0;157.0
2022-10-23 23:00:00;6.33;47.07;70.0;0.0;160.0;30.0;131.0;156.0
2022-10-24 00:00:00;4.99;42.93;90.0;0.0;180.0;40.0;126.0;166.0
2022-10-24 01:00:00;4.38;39.52;110.0;0.0;180.0;60.0;118.0;164.0
2022-10-24 02:00:00;3.2;39.52;110.0;0.0;190.0;60.0;109.0;164.0
2022-10-24 03:00:00;4.22;49.91;100.0;0.0;200.0;50.0;103.0;161.0
2022-10-24 04:00:00;4.73;55.16;100.0;0.0;190.0;50.0;104.0;164.0
2022-10-24 05:00:00;10.99;58.23;110.0;0.0;190.0;60.0;105.0;164.0
2022-10-24 06:00:00;15.56;54.55;140.0;0.0;200.0;70.0;106.0;166.0
2022-10-24 07:00:00;15.57;54.88;140.0;0.0;200.0;80.0;110.0;164.0
2022-10-24 08:00:00;13.8;55.61;160.0;0.0;230.0;80.0;113.0;161.0
2022-10-24 09:00:00;11.66;58.63;150.0;0.0;220.0;80.0;116.0;156.0
2022-10-24 10:00:00;11.48;60.16;140.0;0.0;220.0;80.0;113.0;162.0
2022-10-24 11:00:00;9.11;67.09;150.0;3.0;220.0;70.0;121.0;155.0
2022-10-24 12:00:00;9.88;65.12;130.0;2.0;230.0;70.0;123.0;147.0
2022-10-24 13:00:00;11.72;66.09;140.0;3.0;230.0;60.0;122.0;150.0
2022-10-24 14:00:00;11.72;66.09;100.0;0.0;220.0;50.0;118.0;160.0
2022-10-24 15:00:00;11.72;66.09;100.0;0.0;220.0;60.0;116.0;154.0
2022-10-24 16:00:00;17.21;66.09;90.0;0.0;210.0;40.0;115.0;146.0
2022-10-24 17:00:00;18.42;66.09;50.0;0.0;170.0;20.0;113.0;128.0
2022-10-24 18:00:00;29.15;66.09;60.0;0.0;200.0;30.0;117.0;144.0
2022-10-24 19:00:00;26.07;66.09;80.0;0.0;200.0;40.0;117.0;139.0
2022-10-24 20:00:00;23.43;66.09;60.0;0.0;210.0;30.0;118.0;133.0
2022-10-24 21:00:00;16.96;66.09;60.0;0.0;210.0;30.0;116.0;129.0
2022-10-24 22:00:00;11.53;66.09;60.0;0.0;200.0;30.0;115.0;130.0
2022-10-24 23:00:00;10.34;66.09;70.0;0.0;210.0;30.0;121.0;138.0
2022-10-25 00:00:00;8.8;66.09;80.0;0.0;220.0;40.0;122.0;142.0
2022-10-25 01:00:00;7.23;66.09;80.0;0.0;220.0;50.0;121.0;139.0
2022-10-25 02:00:00;5.69;66.09;80.0;0.0;220.0;40.0;122.0;139.0
2022-10-25 03:00:00;6.12;66.09;80.0;0.0;220.0;40.0;121.0;137.0
2022-10-25 04:00:00;7.57;66.09;70.0;0.0;210.0;40.0;118.0;130.0
2022-10-25 05:00:00;15.14;66.09;70.0;0.0;230.0;40.0;119.0;137.0
2022-10-25 06:00:00;19.61;66.09;80.0;0.0;210.0;40.0;115.0;131.0
2022-10-25 07:00:00;21.58;66.09;90.0;0.0;220.0;40.0;117.0;138.0
2022-10-25 08:00:00;22.6;66.09;90.0;0.0;220.0;50.0;117.0;141.0
2022-10-25 09:00:00;17.28;35.74;90.0;0.0;220.0;50.0;118.0;150.0
2022-10-25 10:00:00;17.82;35.8;100.0;0.0;220.0;50.0;121.0;160.0
2022-10-25 11:00:00;17.92;36.09;80.0;0.0;210.0;40.0;118.0;162.0
2022-10-25 12:00:00;18.76;37.53;90.0;0.0;210.0;50.0;121.0;164.0
2022-10-25 13:00:00;21.49;38.56;80.0;0.0;200.0;40.0;121.0;169.0
2022-10-25 14:00:00;20.51;41.78;70.0;0.0;200.0;30.0;116.0;165.0
2022-10-25 15:00:00;24.6;36.92;60.0;0.0;170.0;30.0;119.0;154.0
2022-10-25 16:00:00;32.73;24.41;40.0;0.0;160.0;20.0;118.0;146.0
2022-10-25 17:00:00;41.52;9.48;30.0;0.0;160.0;20.0;111.0;129.0
2022-10-25 18:00:00;42.75;5.12;40.0;0.0;150.0;20.0;104.0;123.0
2022-10-25 19:00:00;37.85;7.86;30.0;0.0;150.0;20.0;101.0;116.0
2022-10-25 20:00:00;33.69;10.03;30.0;0.0;150.0;20.0;97.0;108.0
2022-10-25 21:00:00;31.57;8.43;30.0;0.0;130.0;20.0;93.0;103.0
2022-10-25 22:00:00;22.45;15.44;40.0;0.0;130.0;20.0;90.0;101.0
2022-10-25 23:00:00;18.47;17.62;40.0;0.0;140.0;20.0;90.0;103.0
2022-10-26 00:00:00;15.73;19.35;40.0;0.0;130.0;20.0;94.0;111.0
2022-10-26 01:00:00;13.98;20.64;50.0;0.0;140.0;30.0;96.0;118.0
2022-10-26 02:00:00;13.16;23.1;50.0;0.0;140.0;30.0;98.0;119.0
2022-10-26 03:00:00;13.8;23.31;50.0;0.0;140.0;30.0;97.0;118.0
2022-10-26 04:00:00;15.75;20.33;50.0;0.0;140.0;30.0;97.0;118.0
2022-10-26 05:00:00;24.63;12.09;60.0;0.0;140.0;30.0;100.0;120.0
2022-10-26 06:00:00;32.69;5.28;60.0;0.0;150.0;30.0;101.0;126.0
2022-10-26 07:00:00;33.54;3.68;60.0;0.0;160.0;30.0;107.0;137.0
2022-10-26 08:00:00;26.02;9.03;60.0;0.0;170.0;30.0;120.0;153.0
2022-10-26 09:00:00;25.6;13.13;70.0;0.0;200.0;40.0;127.0;169.0
2022-10-26 10:00:00;23.58;20.01;100.0;0.0;230.0;50.0;134.0;175.0
2022-10-26 11:00:00;19.79;27.92;100.0;0.0;220.0;50.0;136.0;176.0
2022-10-26 12:00:00;15.36;37.79;90.0;0.0;210.0;40.0;136.0;186.0
2022-10-26 13:00:00;14.79;43.47;90.0;0.0;200.0;50.0;135.0;193.0
2022-10-26 14:00:00;21.84;34.74;90.0;0.0;220.0;40.0;133.0;189.0
2022-10-26 15:00:00;24.23;36.29;60.0;0.0;200.0;30.0;136.0;183.0
2022-10-26 16:00:00;31.62;28.08;60.0;0.0;200.0;30.0;133.0;176.0
2022-10-26 17:00:00;31.86;26.43;60.0;0.0;200.0;30.0;132.0;166.0
2022-10-26 18:00:00;24.29;33.17;50.0;0.0;200.0;30.0;135.0;169.0
2022-10-26 19:00:00;26.51;28.58;60.0;0.0;200.0;30.0;133.0;161.0
2022-10-26 20:00:00;33.32;18.56;40.0;0.0;200.0;20.0;127.0;141.0
2022-10-26 21:00:00;30.93;15.8;30.0;0.0;200.0;20.0;120.0;126.0
2022-10-26 22:00:00;28.85;16.98;40.0;2.0;190.0;20.0;133.0;142.0
2022-10-26 23:00:00;24.23;19.5;40.0;1.0;160.0;20.0;129.0;135.0
2022-10-27 00:00:00;20.51;25.31;40.0;0.0;170.0;20.0;126.0;135.0
2022-10-27 01:00:00;18.41;12.75;40.0;0.0;150.0;20.0;125.0;134.0
2022-10-27 02:00:00;15.65;11.7;40.0;0.0;150.0;30.0;123.0;132.0
2022-10-27 03:00:00;12.73;16.81;40.0;0.0;140.0;30.0;122.0;131.0
2022-10-27 04:00:00;13.07;16.16;40.0;0.0;150.0;30.0;121.0;132.0
2022-10-27 05:00:00;22.07;9.88;40.0;0.0;150.0;30.0;118.0;131.0
2022-10-27 06:00:00;29.91;5.71;50.0;0.0;140.0;30.0;116.0;135.0
2022-10-27 07:00:00;30.3;6.28;60.0;0.0;150.0;40.0;115.0;141.0
2022-10-27 08:00:00;28.2;10.83;60.0;0.0;150.0;30.0;119.0;161.0
2022-10-27 09:00:00;24.33;15.87;70.0;0.0;140.0;40.0;118.0;168.0
2022-10-27 10:00:00;25.51;18.72;70.0;0.0;140.0;40.0;123.0;177.0
2022-10-27 11:00:00;25.52;22.95;80.0;0.0;150.0;40.0;130.0;184.0
2022-10-27 12:00:00;25.07;25.23;70.0;0.0;150.0;40.0;130.0;189.0
2022-10-27 13:00:00;24.85;26.76;80.0;0.0;150.0;40.0;137.0;193.0
2022-10-27 14:00:00;26.77;25.22;80.0;0.0;160.0;40.0;141.0;192.0
2022-10-27 15:00:00;28.54;23.0;60.0;0.0;150.0;30.0;142.0;182.0
2022-10-27 16:00:00;36.81;13.83;40.0;0.0;170.0;20.0;141.0;170.0
2022-10-27 17:00:00;44.89;2.56;30.0;0.0;150.0;20.0;130.0;143.0
2022-10-27 18:00:00;44.34;0.36;30.0;0.0;160.0;20.0;128.0;133.0
2022-10-27 19:00:00;41.03;0.66;40.0;0.0;160.0;30.0;138.0;163.0
2022-10-27 20:00:00;37.11;2.65;50.0;0.0;170.0;30.0;140.0;169.0
2022-10-27 21:00:00;29.24;12.04;40.0;0.0;140.0;20.0;138.0;161.0
2022-10-27 22:00:00;24.01;13.86;40.0;0.0;140.0;20.0;138.0;158.0
2022-10-27 23:00:00;22.94;11.66;40.0;0.0;140.0;20.0;131.0;142.0
2022-10-28 00:00:00;24.33;9.04;50.0;0.0;140.0;30.0;133.0;148.0
2022-10-28 01:00:00;19.82;10.11;40.0;0.0;140.0;30.0;129.0;143.0
2022-10-28 02:00:00;16.07;10.11;40.0;0.0;160.0;20.0;129.0;143.0
2022-10-28 03:00:00;16.78;12.12;50.0;0.0;160.0;30.0;127.0;145.0
2022-10-28 04:00:00;18.28;10.1;50.0;0.0;170.0;20.0;123.0;141.0
2022-10-28 05:00:00;23.85;5.34;50.0;0.0;170.0;30.0;121.0;138.0
2022-10-28 06:00:00;31.59;1.16;50.0;0.0;160.0;30.0;120.0;138.0
2022-10-28 07:00:00;31.14;2.31;40.0;0.0;160.0;20.0;126.0;153.0
2022-10-28 08:00:00;28.33;5.23;50.0;0.0;170.0;30.0;138.0;169.0
2022-10-28 09:00:00;24.11;10.31;60.0;0.0;180.0;30.0;142.0;185.0
2022-10-28 10:00:00;22.04;14.27;70.0;0.0;190.0;40.0;148.0;200.0
2022-10-28 11:00:00;23.34;16.64;80.0;0.0;210.0;40.0;146.0;205.0
2022-10-28 12:00:00;22.47;22.22;90.0;0.0;220.0;50.0;143.0;202.0
2022-10-28 13:00:00;22.64;23.32;90.0;0.0;230.0;50.0;145.0;200.0
2022-10-28 14:00:00;20.48;24.6;90.0;0.0;230.0;40.0;149.0;196.0
2022-10-28 15:00:00;19.08;28.49;80.0;0.0;230.0;40.0;149.0;191.0
2022-10-28 16:00:00;19.7;33.65;70.0;0.0;240.0;30.0;149.0;185.0
2022-10-28 17:00:00;21.02;33.36;70.0;0.0;240.0;30.0;147.0;175.0
2022-10-28 18:00:00;24.39;26.05;50.0;0.0;240.0;20.0;142.0;160.0
2022-10-28 19:00:00;25.51;23.64;60.0;0.0;240.0;30.0;131.0;156.0
2022-10-28 20:00:00;24.54;36.6;50.0;0.0;220.0;20.0;125.0;137.0
2022-10-28 21:00:00;32.4;26.66;20.0;0.0;200.0;10.0;111.0;116.0
2022-10-28 22:00:00;32.82;15.15;20.0;0.0;200.0;10.0;105.0;107.0
2022-10-28 23:00:00;30.32;13.23;30.0;0.0;200.0;10.0;101.0;104.0
2022-10-29 00:00:00;25.45;15.66;30.0;0.0;140.0;10.0;97.0;100.0
2022-10-29 01:00:00;25.18;10.99;30.0;0.0;160.0;10.0;104.0;105.0
2022-10-29 02:00:00;28.0;3.14;30.0;0.0;130.0;10.0;109.0;110.0
2022-10-29 03:00:00;24.68;2.8;20.0;0.0;110.0;10.0;110.0;110.0
2022-10-29 04:00:00;22.1;2.37;30.0;0.0;120.0;10.0;115.0;116.0
2022-10-29 05:00:00;22.21;1.17;20.0;0.0;110.0;10.0;116.0;119.0
2022-10-29 06:00:00;22.63;-0.91;30.0;0.0;130.0;10.0;124.0;126.0
2022-10-29 07:00:00;26.03;-0.48;50.0;0.0;150.0;30.0;141.0;147.0
2022-10-29 08:00:00;26.08;1.84;50.0;0.0;150.0;30.0;146.0;169.0
2022-10-29 09:00:00;23.36;4.97;50.0;0.0;120.0;20.0;147.0;170.0
2022-10-29 10:00:00;24.74;7.2;60.0;0.0;150.0;30.0;152.0;191.0
2022-10-29 11:00:00;23.02;13.27;60.0;0.0;150.0;30.0;156.0;196.0
2022-10-29 12:00:00;23.99;16.51;60.0;0.0;160.0;30.0;156.0;203.0
2022-10-29 13:00:00;23.71;19.59;50.0;0.0;140.0;20.0;158.0;210.0
2022-10-29 14:00:00;28.92;15.13;40.0;0.0;140.0;20.0;158.0;202.0
2022-10-29 15:00:00;35.53;10.2;50.0;0.0;130.0;30.0;154.0;197.0
2022-10-29 16:00:00;36.04;13.16;60.0;0.0;140.0;30.0;149.0;191.0
2022-10-29 17:00:00;34.42;14.7;60.0;0.0;160.0;30.0;147.0;188.0
2022-10-29 18:00:00;31.76;14.25;50.0;0.0;150.0;30.0;144.0;171.0
2022-10-29 19:00:00;30.29;12.31;40.0;0.0;170.0;30.0;143.0;170.0
2022-10-29 20:00:00;31.62;8.4;40.0;0.0;170.0;30.0;136.0;171.0
2022-10-29 21:00:00;31.55;8.22;50.0;0.0;180.0;20.0;127.0;146.0
2022-10-29 22:00:00;30.73;8.34;40.0;0.0;200.0;20.0;123.0;149.0
2022-10-29 23:00:00;27.84;11.04;40.0;0.0;200.0;20.0;114.0;126.0
2022-10-30 00:00:00;22.93;13.13;40.0;0.0;180.0;20.0;112.0;122.0
2022-10-30 01:00:00;22.57;12.32;30.0;0.0;180.0;10.0;107.0;111.0
2022-10-30 02:00:00;22.34;12.84;20.0;0.0;190.0;10.0;110.0;114.0
2022-10-30 03:00:00;20.9;12.87;20.0;0.0;160.0;10.0;106.0;110.0
2022-10-30 04:00:00;22.73;6.26;30.0;0.0;180.0;20.0;108.0;113.0
2022-10-30 05:00:00;20.26;5.52;30.0;0.0;150.0;20.0;104.0;107.0
2022-10-30 06:00:00;20.26;3.85;30.0;0.0;160.0;20.0;106.0;111.0
2022-10-30 07:00:00;19.59;1.82;30.0;0.0;150.0;10.0;121.0;134.0
2022-10-30 08:00:00;18.86;2.64;30.0;0.0;180.0;10.0;128.0;159.0
2022-10-30 09:00:00;21.42;7.15;20.0;0.0;170.0;10.0;136.0;178.0
2022-10-30 10:00:00;22.38;12.02;30.0;0.0;200.0;10.0;139.0;193.0
2022-10-30 11:00:00;26.91;16.72;40.0;0.0;150.0;20.0;145.0;195.0
2022-10-30 12:00:00;24.58;29.11;30.0;0.0;150.0;20.0;146.0;191.0
2022-10-30 13:00:00;26.79;24.77;40.0;0.0;170.0;20.0;144.0;188.0
2022-10-30 14:00:00;26.55;22.61;40.0;0.0;220.0;20.0;142.0;186.0
2022-10-30 15:00:00;26.17;23.56;80.0;0.0;250.0;30.0;138.0;177.0
2022-10-30 16:00:00;26.66;24.58;70.0;0.0;270.0;30.0;136.0;166.0
2022-10-30 17:00:00;33.65;23.62;40.0;0.0;200.0;10.0;133.0;148.0
2022-10-30 18:00:00;41.66;13.37;40.0;0.0;230.0;20.0;128.0;155.0
2022-10-30 19:00:00;40.65;13.61;50.0;0.0;240.0;20.0;121.0;144.0
2022-10-30 20:00:00;33.9;15.75;40.0;0.0;230.0;20.0;113.0;129.0
2022-10-30 21:00:00;31.69;20.84;30.0;0.0;210.0;20.0;107.0;116.0
2022-10-30 22:00:00;27.89;27.29;30.0;0.0;210.0;20.0;102.0;105.0
2022-10-30 23:00:00;26.49;25.0;50.0;0.0;210.0;20.0;99.0;104.0
2022-10-31 00:00:00;26.49;24.67;40.0;0.0;200.0;20.0;105.0;120.0
2022-10-31 01:00:00;26.49;25.27;40.0;0.0;150.0;10.0;84.0;87.0
2022-10-31 02:00:00;26.49;29.36;20.0;0.0;160.0;10.0;70.0;73.0
2022-10-31 03:00:00;26.49;14.09;30.0;0.0;150.0;20.0;82.0;83.0
2022-10-31 04:00:00;26.49;8.45;30.0;0.0;150.0;20.0;80.0;81.0
2022-10-31 05:00:00;26.49;5.33;20.0;0.0;120.0;10.0;67.0;69.0
2022-10-31 06:00:00;26.49;0.86;30.0;0.0;140.0;10.0;95.0;96.0
2022-10-31 07:00:00;26.49;-0.66;40.0;0.0;150.0;20.0;104.0;106.0
2022-10-31 08:00:00;26.49;0.27;30.0;0.0;150.0;20.0;112.0;115.0
2022-10-31 09:00:00;26.49;1.13;30.0;0.0;130.0;20.0;123.0;129.0
2022-10-31 10:00:00;26.49;3.18;50.0;0.0;100.0;30.0;125.0;146.0
2022-10-31 11:00:00;26.49;7.65;60.0;0.0;110.0;30.0;127.0;154.0
2022-10-31 12:00:00;26.49;13.38;50.0;0.0;110.0;20.0;133.0;161.0
2022-10-31 13:00:00;26.49;14.17;40.0;0.0;70.0;20.0;132.0;159.0
2022-10-31 14:00:00;26.49;15.01;40.0;0.0;80.0;20.0;133.0;160.0
2022-10-31 15:00:00;26.49;9.4;60.0;0.0;110.0;30.0;129.0;159.0
2022-10-31 16:00:00;26.49;6.26;60.0;0.0;100.0;30.0;126.0;151.0
2022-10-31 17:00:00;26.49;2.22;50.0;0.0;100.0;30.0;124.0;143.0
2022-10-31 18:00:00;26.49;3.28;70.0;0.0;140.0;30.0;121.0;148.0
2022-10-31 19:00:00;26.49;4.17;70.0;0.0;140.0;40.0;114.0;145.0
2022-10-31 20:00:00;26.49;4.72;70.0;0.0;150.0;40.0;109.0;146.0
2022-10-31 21:00:00;26.49;7.85;60.0;0.0;140.0;40.0;107.0;146.0
2022-10-31 22:00:00;26.49;15.66;70.0;0.0;160.0;40.0;107.0;149.0
2022-10-31 23:00:00;26.49;20.86;60.0;9.0;150.0;30.0;115.0;144.0
2022-11-01 00:00:00;26.49;24.84;70.0;3.0;150.0;40.0;121.0;149.0
2022-11-01 01:00:00;26.49;34.81;70.0;0.0;160.0;40.0;125.0;154.0
2022-11-01 02:00:00;26.49;34.81;100.0;0.0;180.0;50.0;132.0;166.0
2022-11-01 03:00:00;26.49;50.94;140.0;0.0;210.0;70.0;110.0;158.0
2022-11-01 04:00:00;26.49;56.44;180.0;0.0;220.0;80.0;81.0;148.0
2022-11-01 05:00:00;26.49;64.05;140.0;0.0;210.0;70.0;68.0;140.0
2022-11-01 06:00:00;26.49;65.33;150.0;0.0;200.0;80.0;68.0;135.0
2022-11-01 07:00:00;26.49;60.0;140.0;0.0;200.0;80.0;73.0;133.0
2022-11-01 08:00:00;26.49;54.56;150.0;0.0;210.0;80.0;78.0;137.0
2022-11-01 09:00:00;26.49;52.16;150.0;0.0;210.0;80.0;84.0;145.0
2022-11-01 10:00:00;26.49;53.64;160.0;0.0;210.0;80.0;90.0;154.0
2022-11-01 11:00:00;26.49;54.51;140.0;0.0;210.0;80.0;88.0;158.0
2022-11-01 12:00:00;26.49;56.25;140.0;0.0;200.0;70.0;89.0;166.0
2022-11-01 13:00:00;26.49;57.09;140.0;0.0;200.0;60.0;87.0;165.0
2022-11-01 14:00:00;26.49;57.42;130.0;0.0;200.0;70.0;84.0;163.0
2022-11-01 15:00:00;26.49;54.75;120.0;0.0;190.0;50.0;84.0;154.0
2022-11-01 16:00:00;26.49;51.94;110.0;0.0;190.0;60.0;85.0;151.0
2022-11-01 17:00:00;26.49;50.18;120.0;0.0;190.0;70.0;84.0;153.0
2022-11-01 18:00:00;26.49;52.46;120.0;0.0;200.0;70.0;89.0;148.0
2022-11-01 19:00:00;26.49;52.55;100.0;0.0;180.0;50.0;89.0;146.0
2022-11-01 20:00:00;26.49;50.21;110.0;5.0;190.0;60.0;97.0;131.0
2022-11-01 21:00:00;26.49;51.68;120.0;6.0;200.0;60.0;96.0;126.0
2022-11-01 22:00:00;26.49;55.55;120.0;5.0;180.0;60.0;104.0;118.0
2022-11-01 23:00:00;26.49;51.98;110.0;3.0;200.0;50.0;102.0;123.0
2022-11-02 00:00:00;26.49;49.19;180.0;1.0;230.0;60.0;92.0;123.0
2022-11-02 01:00:00;26.49;48.19;150.0;4.0;210.0;70.0;74.0;103.0
2022-11-02 02:00:00;26.49;64.33;120.0;0.0;200.0;60.0;84.0;113.0
2022-11-02 03:00:00;26.49;60.62;120.0;0.0;210.0;70.0;82.0;119.0
2022-11-02 04:00:00;26.49;55.1;150.0;4.0;220.0;80.0;89.0;113.0
2022-11-02 05:00:00;26.49;55.9;110.0;1.0;220.0;60.0;88.0;113.0
2022-11-02 06:00:00;26.49;49.57;100.0;0.0;230.0;50.0;74.0;111.0
2022-11-02 07:00:00;26.49;44.6;90.0;0.0;240.0;40.0;68.0;116.0
2022-11-02 08:00:00;26.49;42.1;80.0;0.0;230.0;40.0;75.0;127.0
2022-11-02 09:00:00;26.49;39.77;100.0;0.0;220.0;50.0;76.0;134.0
2022-11-02 10:00:00;26.49;39.74;110.0;0.0;220.0;60.0;78.0;140.0
2022-11-02 11:00:00;26.49;45.47;110.0;0.0;220.0;60.0;78.0;140.0
2022-11-02 12:00:00;26.49;45.56;110.0;0.0;220.0;60.0;70.0;143.0
2022-11-02 13:00:00;26.49;48.22;100.0;0.0;200.0;50.0;72.0;140.0
2022-11-02 14:00:00;26.49;50.73;90.0;0.0;190.0;50.0;79.0;140.0
2022-11-02 15:00:00;26.49;42.94;100.0;0.0;190.0;40.0;78.0;127.0
2022-11-02 16:00:00;26.49;39.08;80.0;0.0;180.0;40.0;72.0;124.0
2022-11-02 17:00:00;26.49;37.05;80.0;0.0;180.0;40.0;64.0;121.0
2022-11-02 18:00:00;26.49;33.95;80.0;0.0;170.0;50.0;62.0;120.0
2022-11-02 19:00:00;26.49;37.12;90.0;0.0;180.0;50.0;63.0;120.0
2022-11-02 20:00:00;26.49;39.69;100.0;0.0;180.0;50.0;66.0;120.0
2022-11-02 21:00:00;26.49;43.06;90.0;0.0;180.0;50.0;68.0;120.0
2022-11-02 22:00:00;26.49;42.43;100.0;0.0;180.0;50.0;70.0;117.0
2022-11-02 23:00:00;26.49;42.39;100.0;0.0;180.0;60.0;68.0;115.0
2022-11-03 00:00:00;26.49;41.25;100.0;0.0;180.0;60.0;67.0;114.0
2022-11-03 01:00:00;26.49;46.26;90.0;0.0;180.0;60.0;71.0;112.0
2022-11-03 02:00:00;26.49;47.23;90.0;0.0;170.0;50.0;76.0;116.0
2022-11-03 03:00:00;26.49;45.8;90.0;0.0;180.0;50.0;81.0;120.0
2022-11-03 04:00:00;26.49;48.67;90.0;0.0;180.0;50.0;83.0;120.0
2022-11-03 05:00:00;26.49;47.94;90.0;0.0;170.0;50.0;87.0;122.0
2022-11-03 06:00:00;26.49;44.75;100.0;0.0;180.0;50.0;91.0;125.0
2022-11-03 07:00:00;26.49;39.97;100.0;0.0;170.0;50.0;95.0;128.0
2022-11-03 08:00:00;26.49;36.27;100.0;0.0;170.0;50.0;96.0;132.0
2022-11-03 09:00:00;26.49;38.62;90.0;0.0;160.0;50.0;94.0;135.0
2022-11-03 10:00:00;26.49;39.61;80.0;0.0;160.0;40.0;93.0;139.0
2022-11-03 11:00:00;26.49;38.63;100.0;0.0;170.0;50.0;91.0;150.0
2022-11-03 12:00:00;26.49;42.98;110.0;0.0;170.0;50.0;93.0;154.0
2022-11-03 13:00:00;26.49;42.91;100.0;0.0;170.0;50.0;89.0;153.0
2022-11-03 14:00:00;26.49;42.91;90.0;0.0;170.0;50.0;89.0;145.0
2022-11-03 15:00:00;26.49;42.91;80.0;0.0;160.0;40.0;93.0;136.0
2022-11-03 16:00:00;26.36;42.91;70.0;8.0;160.0;40.0;101.0;124.0
2022-11-03 17:00:00;21.75;42.91;60.0;10.0;170.0;30.0;106.0;118.0
2022-11-03 18:00:00;24.22;42.91;50.0;7.0;170.0;30.0;106.0;117.0
2022-11-03 19:00:00;20.14;42.91;100.0;4.0;180.0;40.0;107.0;117.0
2022-11-03 20:00:00;15.87;42.91;90.0;3.0;210.0;40.0;104.0;116.0
2022-11-03 21:00:00;17.69;42.91;110.0;10.0;230.0;40.0;102.0;112.0
2022-11-03 22:00:00;12.33;42.91;70.0;4.0;260.0;30.0;98.0;110.0
2022-11-03 23:00:00;10.58;42.91;60.0;0.0;230.0;30.0;95.0;108.0
2022-11-04 00:00:00;9.35;42.91;60.0;0.0;220.0;30.0;93.0;106.0
2022-11-04 01:00:00;8.34;42.91;80.0;0.0;240.0;40.0;77.0;101.0
2022-11-04 02:00:00;7.1;42.91;60.0;6.0;240.0;30.0;80.0;95.0
2022-11-04 03:00:00;5.65;42.91;40.0;0.0;210.0;20.0;72.0;83.0
2022-11-04 04:00:00;8.83;42.91;30.0;0.0;200.0;20.0;69.0;75.0
2022-11-04 05:00:00;12.93;42.91;40.0;0.0;220.0;20.0;69.0;74.0
2022-11-04 06:00:00;25.03;42.91;40.0;0.0;180.0;20.0;70.0;76.0
2022-11-04 07:00:00;38.75;42.91;30.0;0.0;190.0;20.0;75.0;84.0
2022-11-04 08:00:00;43.53;42.91;30.0;0.0;220.0;10.0;82.0;100.0
2022-11-04 09:00:00;35.28;42.91;30.0;0.0;210.0;20.0;83.0;105.0
2022-11-04 10:00:00;30.48;42.91;40.0;0.0;280.0;10.0;88.0;120.0
2022-11-04 11:00:00;31.53;18.41;40.0;0.0;310.0;20.0;84.0;123.0
2022-11-04 12:00:00;31.64;24.67;50.0;0.0;290.0;20.0;88.0;121.0
2022-11-04 13:00:00;37.22;20.48;70.0;0.0;350.0;30.0;69.0;114.0
2022-11-04 14:00:00;24.33;37.35;60.0;0.0;300.0;20.0;68.0;107.0
2022-11-04 15:00:00;14.26;48.08;20.0;0.0;270.0;10.0;73.0;89.0
2022-11-04 16:00:00;46.77;14.99;30.0;0.0;250.0;20.0;69.0;80.0
2022-11-04 17:00:00;49.97;12.51;20.0;0.0;240.0;10.0;65.0;72.0
2022-11-04 18:00:00;53.54;4.84;20.0;0.0;270.0;10.0;59.0;63.0
2022-11-04 19:00:00;55.17;0.76;40.0;3.0;260.0;20.0;68.0;74.0
2022-11-04 20:00:00;39.72;20.06;20.0;0.0;220.0;20.0;49.0;52.0
2022-11-04 21:00:00;51.13;0.74;60.0;2.0;240.0;20.0;66.0;82.0
2022-11-04 22:00:00;47.01;6.77;60.0;4.0;250.0;20.0;71.0;78.0
2022-11-04 23:00:00;25.91;30.17;20.0;0.0;160.0;10.0;60.0;61.0
2022-11-05 00:00:00;26.38;18.17;30.0;0.0;210.0;10.0;42.0;46.0
2022-11-05 01:00:00;27.39;19.3;20.0;0.0;210.0;10.0;33.0;36.0
2022-11-05 02:00:00;23.35;19.3;50.0;0.0;200.0;20.0;38.0;41.0
2022-11-05 03:00:00;18.49;27.75;50.0;0.0;210.0;20.0;53.0;58.0
2022-11-05 04:00:00;23.87;21.66;50.0;0.0;220.0;20.0;60.0;74.0
2022-11-05 05:00:00;19.74;27.0;60.0;0.0;200.0;30.0;54.0;71.0
2022-11-05 06:00:00;16.23;31.88;50.0;0.0;210.0;30.0;53.0;68.0
2022-11-05 07:00:00;21.18;23.86;50.0;0.0;200.0;30.0;59.0;76.0
2022-11-05 08:00:00;25.12;20.69;50.0;0.0;200.0;30.0;69.0;97.0
2022-11-05 09:00:00;24.44;22.64;60.0;0.0;220.0;40.0;70.0;102.0
2022-11-05 10:00:00;27.55;20.12;70.0;0.0;210.0;40.0;70.0;108.0
2022-11-05 11:00:00;25.37;23.1;90.0;0.0;200.0;40.0;72.0;115.0
2022-11-05 12:00:00;18.92;32.55;90.0;0.0;210.0;50.0;67.0;117.0
2022-11-05 13:00:00;17.28;39.9;90.0;0.0;200.0;50.0;65.0;114.0
2022-11-05 14:00:00;21.53;34.51;80.0;0.0;200.0;50.0;68.0;110.0
2022-11-05 15:00:00;25.96;31.49;70.0;0.0;190.0;40.0;67.0;107.0
2022-11-05 16:00:00;27.32;25.37;80.0;0.0;190.0;40.0;71.0;105.0
2022-11-05 17:00:00;30.44;21.64;80.0;0.0;190.0;40.0;74.0;105.0
2022-11-05 18:00:00;25.62;23.22;80.0;0.0;190.0;40.0;74.0;104.0
2022-11-05 19:00:00;20.89;23.84;100.0;0.0;190.0;50.0;70.0;103.0
2022-11-05 20:00:00;15.19;29.37;100.0;0.0;180.0;50.0;70.0;101.0
2022-11-05 21:00:00;14.1;30.15;110.0;0.0;190.0;60.0;69.0;99.0
2022-11-05 22:00:00;12.54;30.22;100.0;0.0;200.0;60.0;70.0;99.0
2022-11-05 23:00:00;13.27;29.61;100.0;0.0;190.0;50.0;71.0;99.0
2022-11-06 00:00:00;13.27;29.69;110.0;0.0;180.0;50.0;73.0;99.0
2022-11-06 01:00:00;10.52;30.79;90.0;0.0;180.0;50.0;74.0;100.0
2022-11-06 02:00:00;9.45;30.47;90.0;0.0;190.0;50.0;75.0;101.0
2022-11-06 03:00:00;8.3;32.31;90.0;0.0;190.0;40.0;76.0;101.0
2022-11-06 04:00:00;7.18;32.97;90.0;0.0;180.0;50.0;77.0;104.0
2022-11-06 05:00:00;6.2;35.42;90.0;0.0;180.0;50.0;76.0;102.0
2022-11-06 06:00:00;5.96;37.43;90.0;0.0;170.0;50.0;78.0;99.0
2022-11-06 07:00:00;5.44;36.46;90.0;0.0;170.0;50.0;80.0;104.0
2022-11-06 08:00:00;5.78;37.55;100.0;0.0;180.0;60.0;82.0;117.0
2022-11-06 09:00:00;6.52;39.88;110.0;0.0;170.0;60.0;89.0;122.0
2022-11-06 10:00:00;7.19;44.28;110.0;1.0;180.0;60.0;84.0;123.0
2022-11-06 11:00:00;8.11;44.85;100.0;0.0;180.0;60.0;79.0;123.0
2022-11-06 12:00:00;9.28;41.44;120.0;0.0;170.0;50.0;82.0;123.0
2022-11-06 13:00:00;10.89;40.77;110.0;10.0;180.0;60.0;81.0;105.0
2022-11-06 14:00:00;10.39;42.22;100.0;10.0;170.0;60.0;77.0;96.0
2022-11-06 15:00:00;10.84;41.1;110.0;10.0;160.0;60.0;71.0;87.0
2022-11-06 16:00:00;10.82;41.49;110.0;10.0;170.0;60.0;62.0;82.0
2022-11-06 17:00:00;9.49;42.54;130.0;9.0;180.0;60.0;64.0;84.0
2022-11-06 18:00:00;9.35;42.78;110.0;0.0;190.0;60.0;67.0;86.0
2022-11-06 19:00:00;9.0;42.59;120.0;3.0;190.0;60.0;76.0;89.0
2022-11-06 20:00:00;9.66;37.63;120.0;0.0;200.0;60.0;85.0;104.0
2022-11-06 21:00:00;10.97;34.17;120.0;0.0;200.0;70.0;87.0;108.0
2022-11-06 22:00:00;10.02;36.05;120.0;0.0;210.0;70.0;89.0;113.0
2022-11-06 23:00:00;9.3;37.51;130.0;0.0;210.0;70.0;90.0;113.0
2022-11-07 00:00:00;7.82;39.72;110.0;0.0;210.0;60.0;90.0;114.0
2022-11-07 01:00:00;7.29;42.51;110.0;0.0;210.0;60.0;90.0;113.0
2022-11-07 02:00:00;6.92;42.66;110.0;0.0;210.0;60.0;90.0;111.0
2022-11-07 03:00:00;6.82;41.96;100.0;1.0;200.0;50.0;90.0;110.0
2022-11-07 04:00:00;6.48;40.46;100.0;0.0;200.0;50.0;91.0;113.0
2022-11-07 05:00:00;8.6;38.64;110.0;0.0;210.0;50.0;94.0;115.0
2022-11-07 06:00:00;12.87;37.31;100.0;0.0;200.0;50.0;93.0;120.0
2022-11-07 07:00:00;17.08;37.55;110.0;0.0;210.0;60.0;96.0;123.0
2022-11-07 08:00:00;18.39;38.52;130.0;0.0;210.0;60.0;100.0;127.0
2022-11-07 09:00:00;16.69;41.94;100.0;0.0;210.0;60.0;103.0;132.0
2022-11-07 10:00:00;14.6;45.04;110.0;0.0;210.0;60.0;105.0;137.0
2022-11-07 11:00:00;16.7;43.52;110.0;0.0;200.0;50.0;107.0;137.0
2022-11-07 12:00:00;17.6;42.15;90.0;0.0;200.0;50.0;106.0;143.0
2022-11-07 13:00:00;18.81;41.88;100.0;0.0;200.0;50.0;106.0;142.0
2022-11-07 14:00:00;22.24;41.15;90.0;0.0;190.0;50.0;109.0;140.0
2022-11-07 15:00:00;22.92;40.15;90.0;10.0;190.0;40.0;115.0;133.0
2022-11-07 16:00:00;24.14;38.18;100.0;0.0;190.0;50.0;113.0;138.0
2022-11-07 17:00:00;23.17;37.35;80.0;0.0;190.0;50.0;109.0;143.0
2022-11-07 18:00:00;20.55;39.57;90.0;0.0;190.0;50.0;106.0;138.0
2022-11-07 19:00:00;17.33;42.25;70.0;0.0;190.0;40.0;106.0;138.0
2022-11-07 20:00:00;15.16;43.31;90.0;0.0;190.0;50.0;106.0;138.0
2022-11-07 21:00:00;14.46;43.12;90.0;0.0;180.0;50.0;105.0;139.0
2022-11-07 22:00:00;13.24;45.13;100.0;0.0;180.0;50.0;103.0;139.0
2022-11-07 23:00:00;8.66;49.7;90.0;0.0;180.0;50.0;99.0;129.0
2022-11-08 00:00:00;6.46;51.52;90.0;0.0;180.0;50.0;97.0;123.0
2022-11-08 01:00:00;6.7;48.64;80.0;0.0;170.0;40.0;95.0;115.0
2022-11-08 02:00:00;6.2;45.47;80.0;0.0;160.0;40.0;93.0;113.0
2022-11-08 03:00:00;3.79;44.52;80.0;0.0;160.0;40.0;91.0;111.0
2022-11-08 04:00:00;4.06;43.94;80.0;0.0;150.0;40.0;87.0;111.0
2022-11-08 05:00:00;5.03;43.21;80.0;0.0;160.0;50.0;82.0;109.0
2022-11-08 06:00:00;11.69;40.06;90.0;0.0;160.0;50.0;77.0;107.0
2022-11-08 07:00:00;19.95;33.22;70.0;0.0;170.0;50.0;76.0;119.0
2022-11-08 08:00:00;20.85;31.91;100.0;0.0;170.0;50.0;76.0;124.0
2022-11-08 09:00:00;16.73;34.39;120.0;0.0;180.0;60.0;77.0;136.0
2022-11-08 10:00:00;17.19;36.23;110.0;0.0;180.0;60.0;82.0;140.0
2022-11-08 11:00:00;17.24;37.62;100.0;0.0;180.0;60.0;86.0;146.0
2022-11-08 12:00:00;17.59;38.38;120.0;0.0;190.0;60.0;91.0;152.0
2022-11-08 13:00:00;13.5;41.82;120.0;0.0;190.0;60.0;92.0;150.0
2022-11-08 14:00:00;16.08;39.33;100.0;0.0;180.0;60.0;94.0;150.0
2022-11-08 15:00:00;17.62;38.58;90.0;0.0;180.0;50.0;94.0;146.0
2022-11-08 16:00:00;20.63;36.28;90.0;0.0;180.0;50.0;95.0;139.0
2022-11-08 17:00:00;24.35;29.22;80.0;0.0;180.0;40.0;97.0;139.0
2022-11-08 18:00:00;22.19;28.07;90.0;0.0;180.0;50.0;98.0;139.0
2022-11-08 19:00:00;19.21;30.99;80.0;0.0;180.0;50.0;98.0;135.0
2022-11-08 20:00:00;18.8;31.18;80.0;0.0;180.0;50.0;98.0;134.0
2022-11-08 21:00:00;16.31;34.29;90.0;0.0;180.0;40.0;98.0;132.0
2022-11-08 22:00:00;14.01;36.74;70.0;0.0;180.0;40.0;99.0;130.0
2022-11-08 23:00:00;12.82;35.17;90.0;0.0;200.0;40.0;98.0;137.0
2022-11-09 00:00:00;10.77;39.72;100.0;0.0;210.0;50.0;93.0;137.0
2022-11-09 01:00:00;7.93;47.61;100.0;0.0;210.0;50.0;91.0;133.0
2022-11-09 02:00:00;5.97;47.61;80.0;0.0;190.0;40.0;93.0;127.0
2022-11-09 03:00:00;7.19;49.81;90.0;0.0;200.0;50.0;92.0;127.0
2022-11-09 04:00:00;7.98;45.78;100.0;0.0;200.0;50.0;88.0;123.0
2022-11-09 05:00:00;8.62;46.7;90.0;0.0;200.0;50.0;88.0;119.0
2022-11-09 06:00:00;15.22;44.43;90.0;0.0;200.0;50.0;90.0;119.0
2022-11-09 07:00:00;20.64;40.09;80.0;0.0;190.0;40.0;92.0;122.0
2022-11-09 08:00:00;26.56;32.76;100.0;0.0;200.0;50.0;93.0;129.0
2022-11-09 09:00:00;22.4;36.32;150.0;0.0;210.0;70.0;92.0;132.0
2022-11-09 10:00:00;14.0;47.63;140.0;0.0;210.0;70.0;88.0;134.0
2022-11-09 11:00:00;12.84;51.42;150.0;3.0;210.0;80.0;88.0;119.0
2022-11-09 12:00:00;10.79;53.04;140.0;0.0;210.0;70.0;93.0;137.0
2022-11-09 13:00:00;11.57;52.68;140.0;0.0;220.0;70.0;86.0;138.0
2022-11-09 14:00:00;12.69;55.1;150.0;0.0;220.0;70.0;88.0;130.0
2022-11-09 15:00:00;16.2;51.57;120.0;2.0;230.0;50.0;87.0;129.0
2022-11-09 16:00:00;18.68;48.93;100.0;0.0;220.0;50.0;89.0;125.0
2022-11-09 17:00:00;20.14;45.23;80.0;0.0;230.0;40.0;88.0;124.0
2022-11-09 18:00:00;21.48;41.42;80.0;0.0;220.0;40.0;87.0;118.0
2022-11-09 19:00:00;21.16;43.45;80.0;0.0;220.0;50.0;90.0;115.0
2022-11-09 20:00:00;17.6;42.99;80.0;0.0;220.0;50.0;90.0;111.0
2022-11-09 21:00:00;16.28;42.22;80.0;2.0;210.0;40.0;92.0;106.0
2022-11-09 22:00:00;15.81;41.26;70.0;0.0;220.0;40.0;90.0;105.0
2022-11-09 23:00:00;17.06;36.81;70.0;0.0;210.0;40.0;89.0;101.0
2022-11-10 00:00:00;14.45;36.66;70.0;0.0;220.0;40.0;89.0;101.0
2022-11-10 01:00:00;13.31;35.38;70.0;0.0;210.0;40.0;89.0;100.0
2022-11-10 02:00:00;11.27;34.6;70.0;0.0;210.0;40.0;87.0;97.0
2022-11-10 03:00:00;11.59;33.66;70.0;0.0;220.0;40.0;85.0;95.0
2022-11-10 04:00:00;12.02;32.31;70.0;0.0;210.0;40.0;84.0;95.0
2022-11-10 05:00:00;13.52;30.34;70.0;0.0;210.0;40.0;84.0;95.0
2022-11-10 06:00:00;18.3;26.78;70.0;0.0;210.0;40.0;83.0;94.0
2022-11-10 07:00:00;27.14;21.25;70.0;0.0;200.0;40.0;85.0;99.0
2022-11-10 08:00:00;32.1;16.9;80.0;0.0;210.0;40.0;92.0;116.0
2022-11-10 09:00:00;29.44;19.65;90.0;0.0;210.0;50.0;99.0;129.0
2022-11-10 10:00:00;27.07;24.32;110.0;0.0;220.0;50.0;103.0;139.0
2022-11-10 11:00:00;24.11;31.29;100.0;0.0;220.0;50.0;102.0;142.0
2022-11-10 12:00:00;22.7;34.77;100.0;0.0;210.0;50.0;101.0;142.0
2022-11-10 13:00:00;22.29;36.78;100.0;0.0;210.0;50.0;99.0;143.0
2022-11-10 14:00:00;24.51;33.79;100.0;0.0;210.0;50.0;96.0;142.0
2022-11-10 15:00:00;25.44;34.04;90.0;0.0;210.0;40.0;96.0;134.0
2022-11-10 16:00:00;27.25;34.46;70.0;0.0;200.0;40.0;90.0;132.0
2022-11-10 17:00:00;28.85;31.8;80.0;0.0;190.0;40.0;83.0;125.0
2022-11-10 18:00:00;31.49;27.76;70.0;0.0;190.0;40.0;84.0;118.0
2022-11-10 19:00:00;32.16;23.74;70.0;0.0;190.0;40.0;83.0;112.0
2022-11-10 20:00:00;26.65;24.89;80.0;0.0;200.0;40.0;85.0;108.0
2022-11-10 21:00:00;23.29;22.8;70.0;0.0;200.0;40.0;84.0;104.0
2022-11-10 22:00:00;21.11;22.03;80.0;0.0;200.0;40.0;86.0;106.0
2022-11-10 23:00:00;20.86;20.05;80.0;0.0;200.0;40.0;86.0;101.0
2022-11-11 00:00:00;19.98;19.35;70.0;0.0;210.0;40.0;88.0;105.0
2022-11-11 01:00:00;15.94;25.02;90.0;0.0;200.0;50.0;87.0;104.0
2022-11-11 02:00:00;11.96;30.05;90.0;0.0;200.0;50.0;84.0;100.0
2022-11-11 03:00:00;11.08;30.44;80.0;0.0;200.0;40.0;85.0;99.0
2022-11-11 04:00:00;9.81;32.11;60.0;0.0;180.0;30.0;83.0;96.0
2022-11-11 05:00:00;10.2;32.8;70.0;0.0;190.0;40.0;79.0;90.0
2022-11-11 06:00:00;16.05;27.69;60.0;0.0;200.0;30.0;80.0;93.0
2022-11-11 07:00:00;23.82;22.73;70.0;0.0;180.0;40.0;79.0;93.0
2022-11-11 08:00:00;27.16;19.42;80.0;0.0;190.0;40.0;79.0;94.0
2022-11-11 09:00:00;22.82;24.85;80.0;0.0;190.0;50.0;82.0;98.0
2022-11-11 10:00:00;21.12;27.13;80.0;0.0;200.0;50.0;84.0;102.0
2022-11-11 11:00:00;21.01;29.42;70.0;0.0;200.0;40.0;86.0;109.0
2022-11-11 12:00:00;18.14;32.51;70.0;0.0;200.0;40.0;87.0;117.0
2022-11-11 13:00:00;23.47;27.12;60.0;0.0;200.0;30.0;89.0;127.0
2022-11-11 14:00:00;25.71;27.99;50.0;0.0;190.0;30.0;85.0;122.0
2022-11-11 15:00:00;30.54;26.1;40.0;0.0;170.0;30.0;81.0;110.0
2022-11-11 16:00:00;38.17;12.89;50.0;0.0;180.0;30.0;74.0;100.0
2022-11-11 17:00:00;48.82;3.03;50.0;0.0;170.0;30.0;73.0;101.0
2022-11-11 18:00:00;47.23;1.35;40.0;0.0;170.0;20.0;68.0;88.0
2022-11-11 19:00:00;43.52;2.23;40.0;0.0;170.0;20.0;60.0;71.0
2022-11-11 20:00:00;41.92;0.39;30.0;0.0;170.0;20.0;46.0;49.0
2022-11-11 21:00:00;40.61;0.08;30.0;0.0;170.0;20.0;46.0;49.0
2022-11-11 22:00:00;39.18;-0.05;20.0;0.0;150.0;10.0;33.0;36.0
2022-11-11 23:00:00;36.74;0.08;20.0;0.0;160.0;10.0;29.0;32.0
2022-11-12 00:00:00;32.51;-0.02;20.0;0.0;150.0;20.0;27.0;29.0
2022-11-12 01:00:00;30.62;-0.15;30.0;0.0;160.0;20.0;33.0;35.0
2022-11-12 02:00:00;25.95;-0.25;30.0;0.0;160.0;20.0;47.0;49.0
2022-11-12 03:00:00;27.1;-0.32;30.0;0.0;150.0;20.0;45.0;48.0
2022-11-12 04:00:00;29.15;-0.28;20.0;0.0;150.0;10.0;37.0;38.0
2022-11-12 05:00:00;26.16;-0.24;20.0;0.0;110.0;10.0;29.0;32.0
2022-11-12 06:00:00;23.81;-0.21;30.0;0.0;170.0;20.0;32.0;35.0
2022-11-12 07:00:00;23.78;-0.16;30.0;0.0;160.0;20.0;45.0;49.0
2022-11-12 08:00:00;25.6;0.82;30.0;0.0;150.0;20.0;58.0;69.0
2022-11-12 09:00:00;28.07;3.05;40.0;0.0;150.0;20.0;59.0;93.0
2022-11-12 10:00:00;29.47;5.93;40.0;0.0;150.0;20.0;74.0;121.0
2022-11-12 11:00:00;29.67;10.68;40.0;0.0;160.0;20.0;77.0;139.0
2022-11-12 12:00:00;31.64;16.57;30.0;0.0;110.0;10.0;75.0;147.0
2022-11-12 13:00:00;32.64;23.36;30.0;0.0;110.0;10.0;78.0;160.0
2022-11-12 14:00:00;34.11;24.8;40.0;0.0;130.0;20.0;82.0;150.0
2022-11-12 15:00:00;43.97;18.23;40.0;0.0;140.0;20.0;75.0;124.0
2022-11-12 16:00:00;51.76;8.84;30.0;0.0;140.0;20.0;71.0;92.0
2022-11-12 17:00:00;53.9;1.58;30.0;0.0;130.0;20.0;74.0;81.0
2022-11-12 18:00:00;52.35;0.07;30.0;0.0;100.0;10.0;61.0;65.0
2022-11-12 19:00:00;45.11;-0.02;30.0;0.0;110.0;10.0;54.0;57.0
2022-11-12 20:00:00;35.99;0.09;20.0;0.0;130.0;10.0;48.0;53.0
2022-11-12 21:00:00;33.06;0.03;10.0;0.0;70.0;10.0;44.0;46.0
2022-11-12 22:00:00;29.83;0.85;10.0;0.0;0.0;10.0;37.0;40.0
2022-11-12 23:00:00;27.83;0.61;30.0;0.0;90.0;10.0;35.0;38.0
2022-11-13 00:00:00;24.0;0.11;30.0;0.0;90.0;20.0;29.0;34.0
2022-11-13 01:00:00;26.34;-0.08;30.0;0.0;110.0;10.0;40.0;43.0
2022-11-13 02:00:00;28.46;-0.08;30.0;0.0;90.0;20.0;44.0;50.0
2022-11-13 03:00:00;29.34;0.08;20.0;0.0;100.0;10.0;27.0;30.0
2022-11-13 04:00:00;29.75;0.02;20.0;0.0;100.0;10.0;29.0;32.0
2022-11-13 05:00:00;29.04;0.05;20.0;0.0;20.0;10.0;21.0;26.0
2022-11-13 06:00:00;29.04;0.05;30.0;0.0;100.0;10.0;15.0;17.0
2022-11-13 07:00:00;25.21;0.07;20.0;0.0;40.0;10.0;43.0;48.0
2022-11-13 08:00:00;26.99;0.63;10.0;0.0;300.0;10.0;61.0;79.0
2022-11-13 09:00:00;26.81;4.08;10.0;0.0;50.0;10.0;59.0;112.0
2022-11-13 10:00:00;25.12;11.82;30.0;0.0;120.0;10.0;45.0;139.0
2022-11-13 11:00:00;26.08;17.57;40.0;0.0;130.0;20.0;56.0;157.0
2022-11-13 12:00:00;29.73;26.94;50.0;0.0;110.0;20.0;63.0;156.0
2022-11-13 13:00:00;36.66;23.3;50.0;0.0;90.0;30.0;59.0;160.0
2022-11-13 14:00:00;35.82;20.77;40.0;0.0;90.0;30.0;48.0;148.0
2022-11-13 15:00:00;40.86;18.8;30.0;0.0;80.0;20.0;53.0;105.0
2022-11-13 16:00:00;46.02;14.72;30.0;0.0;70.0;10.0;47.0;67.0
2022-11-13 17:00:00;47.27;14.47;30.0;0.0;100.0;10.0;38.0;50.0
2022-11-13 18:00:00;56.29;3.1;30.0;0.0;80.0;20.0;32.0;40.0
2022-11-13 19:00:00;47.31;2.66;20.0;0.0;80.0;20.0;33.0;36.0
2022-11-13 20:00:00;41.53;1.37;20.0;0.0;50.0;10.0;23.0;27.0
2022-11-13 21:00:00;34.8;2.19;30.0;0.0;70.0;20.0;20.0;24.0
2022-11-13 22:00:00;34.64;1.03;30.0;0.0;60.0;20.0;17.0;21.0
2022-11-13 23:00:00;30.86;1.53;40.0;0.0;80.0;30.0;29.0;45.0
2022-11-14 00:00:00;22.04;6.55;50.0;0.0;100.0;30.0;26.0;46.0
2022-11-14 01:00:00;19.28;8.78;40.0;0.0;70.0;20.0;23.0;41.0
2022-11-14 02:00:00;16.86;9.57;40.0;0.0;80.0;30.0;21.0;35.0
2022-11-14 03:00:00;14.84;9.74;50.0;0.0;90.0;30.0;19.0;31.0
2022-11-14 04:00:00;12.89;9.83;40.0;0.0;100.0;20.0;16.0;25.0
2022-11-14 05:00:00;13.61;8.14;30.0;0.0;90.0;20.0;9.0;17.0
2022-11-14 06:00:00;18.9;3.64;30.0;0.0;110.0;20.0;8.0;14.0
2022-11-14 07:00:00;26.33;0.2;30.0;0.0;110.0;20.0;17.0;35.0
2022-11-14 08:00:00;29.49;0.81;30.0;0.0;110.0;20.0;29.0;58.0
2022-11-14 09:00:00;31.71;3.97;60.0;0.0;130.0;30.0;38.0;77.0
2022-11-14 10:00:00;28.21;9.09;60.0;0.0;150.0;40.0;44.0;86.0
2022-11-14 11:00:00;26.27;11.83;70.0;0.0;140.0;40.0;49.0;92.0
2022-11-14 12:00:00;27.93;11.74;90.0;0.0;130.0;50.0;50.0;84.0
2022-11-14 13:00:00;27.78;11.42;90.0;0.0;130.0;50.0;48.0;75.0
2022-11-14 14:00:00;25.79;9.67;80.0;0.0;130.0;40.0;44.0;71.0
2022-11-14 15:00:00;29.2;6.69;60.0;0.0;130.0;30.0;42.0;65.0
2022-11-14 16:00:00;32.46;3.26;50.0;0.0;120.0;30.0;40.0;56.0
2022-11-14 17:00:00;33.04;1.67;40.0;0.0;120.0;30.0;37.0;50.0
2022-11-14 18:00:00;33.07;0.92;40.0;0.0;140.0;20.0;36.0;51.0
2022-11-14 19:00:00;32.14;0.35;50.0;0.0;170.0;30.0;38.0;56.0
2022-11-14 20:00:00;30.69;0.16;60.0;0.0;170.0;30.0;41.0;59.0
2022-11-14 21:00:00;27.0;2.38;50.0;0.0;180.0;30.0;45.0;60.0
2022-11-14 22:00:00;23.17;5.7;40.0;0.0;150.0;20.0;50.0;62.0
2022-11-14 23:00:00;21.21;5.75;40.0;0.0;150.0;20.0;55.0;63.0
2022-11-15 00:00:00;17.29;6.34;60.0;0.0;160.0;30.0;63.0;65.0
2022-11-15 01:00:00;16.96;4.81;60.0;0.0;160.0;30.0;69.0;72.0
2022-11-15 02:00:00;14.08;5.07;50.0;0.0;160.0;30.0;78.0;81.0
2022-11-15 03:00:00;12.94;5.39;60.0;0.0;180.0;30.0;90.0;95.0
2022-11-15 04:00:00;12.73;8.14;60.0;0.0;170.0;30.0;92.0;100.0
2022-11-15 05:00:00;15.92;8.37;60.0;0.0;170.0;40.0;97.0;108.0
2022-11-15 06:00:00;18.37;10.72;60.0;4.0;180.0;30.0;97.0;107.0
2022-11-15 07:00:00;28.61;7.56;60.0;0.0;170.0;30.0;95.0;105.0
2022-11-15 08:00:00;30.6;8.2;60.0;0.0;160.0;30.0;93.0;109.0
2022-11-15 09:00:00;28.23;14.76;100.0;0.0;170.0;50.0;87.0;116.0
2022-11-15 10:00:00;17.55;29.88;100.0;0.0;170.0;50.0;83.0;123.0
2022-11-15 11:00:00;15.2;39.34;100.0;0.0;160.0;60.0;78.0;123.0
2022-11-15 12:00:00;13.74;44.35;90.0;0.0;140.0;50.0;69.0;125.0
2022-11-15 13:00:00;13.81;49.03;100.0;0.0;140.0;50.0;68.0;116.0
2022-11-15 14:00:00;18.21;43.21;80.0;0.0;130.0;50.0;68.0;117.0
2022-11-15 15:00:00;24.82;35.87;90.0;0.0;140.0;50.0;61.0;121.0
2022-11-15 16:00:00;24.15;35.82;80.0;0.0;150.0;50.0;67.0;115.0
2022-11-15 17:00:00;26.79;32.94;80.0;10.0;140.0;50.0;84.0;104.0
2022-11-15 18:00:00;28.07;25.81;90.0;10.0;140.0;50.0;93.0;107.0
2022-11-15 19:00:00;18.43;29.49;80.0;9.0;140.0;40.0;99.0;110.0
2022-11-15 20:00:00;15.34;29.87;80.0;9.0;140.0;40.0;104.0;112.0
2022-11-15 21:00:00;12.65;29.93;70.0;4.0;170.0;40.0;107.0;114.0
2022-11-15 22:00:00;12.03;29.05;70.0;9.0;140.0;40.0;108.0;114.0
2022-11-15 23:00:00;9.56;27.74;80.0;10.0;150.0;40.0;108.0;114.0
2022-11-16 00:00:00;9.95;26.67;70.0;10.0;170.0;40.0;110.0;116.0
2022-11-16 01:00:00;8.48;26.75;60.0;8.0;160.0;30.0;111.0;116.0
2022-11-16 02:00:00;7.59;25.57;50.0;7.0;200.0;30.0;111.0;117.0
2022-11-16 03:00:00;8.73;23.41;50.0;10.0;200.0;30.0;104.0;112.0
2022-11-16 04:00:00;8.97;25.72;40.0;0.0;210.0;20.0;99.0;109.0
2022-11-16 05:00:00;10.77;28.98;60.0;0.0;200.0;30.0;96.0;107.0
2022-11-16 06:00:00;19.57;22.43;60.0;0.0;190.0;30.0;84.0;98.0
2022-11-16 07:00:00;31.71;16.09;60.0;0.0;190.0;30.0;80.0;95.0
2022-11-16 08:00:00;34.57;16.28;70.0;0.0;180.0;40.0;82.0;100.0
2022-11-16 09:00:00;24.06;25.89;80.0;0.0;170.0;40.0;82.0;105.0
2022-11-16 10:00:00;19.98;31.01;90.0;0.0;170.0;50.0;77.0;112.0
2022-11-16 11:00:00;18.01;38.31;90.0;0.0;170.0;50.0;77.0;116.0
2022-11-16 12:00:00;15.71;43.83;100.0;0.0;170.0;50.0;76.0;123.0
2022-11-16 13:00:00;13.64;47.15;90.0;0.0;160.0;50.0;71.0;117.0
2022-11-16 14:00:00;15.94;46.82;70.0;0.0;140.0;40.0;73.0;109.0
2022-11-16 15:00:00;24.08;36.02;60.0;0.0;120.0;30.0;72.0;103.0
2022-11-16 16:00:00;34.12;23.9;60.0;0.0;130.0;40.0;69.0;95.0
2022-11-16 17:00:00;33.34;22.85;60.0;0.0;120.0;40.0;66.0;93.0
2022-11-16 18:00:00;30.11;25.76;70.0;0.0;130.0;40.0;68.0;100.0
2022-11-16 19:00:00;24.09;31.51;80.0;0.0;120.0;50.0;69.0;101.0
2022-11-16 20:00:00;19.98;33.47;110.0;0.0;120.0;60.0;70.0;102.0
2022-11-16 21:00:00;16.37;35.39;110.0;0.0;120.0;60.0;72.0;107.0
2022-11-16 22:00:00;13.22;39.02;110.0;6.0;120.0;70.0;80.0;102.0
2022-11-16 23:00:00;10.65;40.9;130.0;10.0;110.0;80.0;85.0;100.0
2022-11-17 00:00:00;13.7;34.62;150.0;10.0;110.0;80.0;89.0;101.0
2022-11-17 01:00:00;8.27;42.06;170.0;9.0;130.0;90.0;91.0;105.0
2022-11-17 02:00:00;4.91;42.06;140.0;6.0;130.0;80.0;92.0;107.0
2022-11-17 03:00:00;5.23;44.12;120.0;0.0;130.0;70.0;90.0;109.0
2022-11-17 04:00:00;4.41;45.86;140.0;0.0;120.0;80.0;88.0;107.0
2022-11-17 05:00:00;4.85;47.23;130.0;10.0;130.0;80.0;94.0;104.0
2022-11-17 06:00:00;8.71;42.89;110.0;10.0;160.0;60.0;96.0;106.0
2022-11-17 07:00:00;12.91;40.29;110.0;9.0;170.0;60.0;87.0;103.0
2022-11-17 08:00:00;15.99;43.89;120.0;10.0;170.0;60.0;87.0;101.0
2022-11-17 09:00:00;14.5;47.23;120.0;9.0;180.0;60.0;85.0;102.0
2022-11-17 10:00:00;13.99;48.51;120.0;10.0;170.0;60.0;85.0;100.0
2022-11-17 11:00:00;15.07;49.86;130.0;10.0;180.0;70.0;82.0;101.0
2022-11-17 12:00:00;18.81;47.53;120.0;10.0;170.0;60.0;83.0;101.0
2022-11-17 13:00:00;16.81;49.74;120.0;10.0;180.0;60.0;85.0;102.0
2022-11-17 14:00:00;18.21;49.29;100.0;0.0;180.0;60.0;78.0;111.0
2022-11-17 15:00:00;20.08;45.82;100.0;0.0;170.0;60.0;73.0;110.0
2022-11-17 16:00:00;20.72;46.42;100.0;0.0;170.0;50.0;71.0;109.0
2022-11-17 17:00:00;19.09;46.4;100.0;0.0;180.0;50.0;69.0;109.0
2022-11-17 18:00:00;19.39;47.3;110.0;0.0;180.0;60.0;68.0;105.0
2022-11-17 19:00:00;15.32;50.3;90.0;0.0;170.0;50.0;66.0;97.0
2022-11-17 20:00:00;13.73;49.46;70.0;0.0;170.0;40.0;64.0;93.0
2022-11-17 21:00:00;13.67;47.64;60.0;0.0;160.0;30.0;63.0;86.0
2022-11-17 22:00:00;15.08;42.89;60.0;0.0;160.0;30.0;63.0;83.0
2022-11-17 23:00:00;12.34;39.25;60.0;0.0;170.0;30.0;63.0;83.0
2022-11-18 00:00:00;8.75;40.07;50.0;0.0;150.0;30.0;57.0;71.0
2022-11-18 01:00:00;9.78;39.7;40.0;0.0;140.0;30.0;57.0;66.0
2022-11-18 02:00:00;7.83;37.19;40.0;0.0;150.0;30.0;58.0;67.0
2022-11-18 03:00:00;7.59;32.25;30.0;0.0;160.0;20.0;57.0;64.0
2022-11-18 04:00:00;9.17;28.61;40.0;0.0;150.0;30.0;55.0;63.0
2022-11-18 05:00:00;10.74;26.49;40.0;0.0;150.0;30.0;59.0;66.0
2022-11-18 06:00:00;17.08;22.7;40.0;0.0;160.0;20.0;62.0;71.0
2022-11-18 07:00:00;31.46;13.3;60.0;0.0;180.0;30.0;66.0;80.0
2022-11-18 08:00:00;30.19;17.3;60.0;0.0;170.0;30.0;66.0;80.0
2022-11-18 09:00:00;26.5;20.58;60.0;0.0;170.0;30.0;66.0;84.0
2022-11-18 10:00:00;26.91;19.84;50.0;0.0;160.0;30.0;72.0;91.0
2022-11-18 11:00:00;28.95;16.25;50.0;6.0;180.0;30.0;76.0;101.0
2022-11-18 12:00:00;30.68;18.01;70.0;0.0;170.0;30.0;75.0;105.0
2022-11-18 13:00:00;25.19;25.58;50.0;0.0;150.0;20.0;77.0;102.0
2022-11-18 14:00:00;31.81;23.21;60.0;0.0;180.0;30.0;76.0;95.0
2022-11-18 15:00:00;32.23;22.41;60.0;5.0;140.0;30.0;79.0;87.0
2022-11-18 16:00:00;32.18;19.94;40.0;7.0;170.0;20.0;79.0;86.0
2022-11-18 17:00:00;33.62;19.41;30.0;0.0;110.0;20.0;80.0;85.0
2022-11-18 18:00:00;31.03;19.94;40.0;6.0;90.0;20.0;81.0;86.0
2022-11-18 19:00:00;35.65;10.29;70.0;8.0;80.0;40.0;69.0;76.0
2022-11-18 20:00:00;28.75;4.94;90.0;4.0;80.0;50.0;54.0;61.0
2022-11-18 21:00:00;18.86;0.06;90.0;0.0;80.0;50.0;40.0;48.0
2022-11-18 22:00:00;17.51;0.28;90.0;0.0;80.0;50.0;30.0;40.0
2022-11-18 23:00:00;16.27;2.36;80.0;0.0;80.0;40.0;26.0;38.0
