DateTime;NO2;O3
2018-08-01 00:00:00;0.1952054794520548;0.3182291666666667
2018-08-01 01:00:00;0.16369863013698632;0.35312499999999997
2018-08-01 02:00:00;0.15273972602739727;0.37864583333333335
2018-08-01 03:00:00;0.1897260273972603;0.3260416666666667
2018-08-01 04:00:00;0.3595890410958904;0.1885416666666667
2018-08-01 05:00:00;0.33630136986301373;0.19999999999999998
2018-08-01 06:00:00;0.41643835616438357;0.13593750000000002
2018-08-01 07:00:00;0.4157534246575343;0.16927083333333334
2018-08-01 08:00:00;0.36917808219178083;0.20572916666666666
2018-08-01 09:00:00;0.41164383561643836;0.2203125
2018-08-01 10:00:00;0.40342465753424656;0.278125
2018-08-01 11:00:00;0.34109589041095895;0.30364583333333334
2018-08-01 12:00:00;0.33424657534246577;0.32395833333333335
2018-08-01 13:00:00;0.2732876712328767;0.3984375
2018-08-01 14:00:00;0.24726027397260275;0.37083333333333335
2018-08-01 15:00:00;0.22876712328767124;0.35260416666666666
2018-08-01 16:00:00;0.2;0.3546875
2018-08-01 17:00:00;0.2616438356164384;0.30052083333333335
2018-08-01 18:00:00;0.21506849315068494;0.3338541666666666
2018-08-01 19:00:00;0.15753424657534246;0.35625
2018-08-01 20:00:00;0.19041095890410958;0.32708333333333334
2018-08-01 21:00:00;0.2719178082191781;0.23906249999999998
2018-08-01 22:00:00;0.3801369863013699;0.16197916666666667
2018-08-01 23:00:00;0.2404109589041096;0.22916666666666666
2018-08-02 00:00:00;0.19657534246575345;0.21458333333333335
2018-08-02 01:00:00;0.313013698630137;0.12760416666666666
2018-08-02 02:00:00;0.2678082191780822;0.18281250000000002
2018-08-02 03:00:00;0.22534246575342465;0.21562499999999998
2018-08-02 04:00:00;0.22465753424657534;0.240625
2018-08-02 05:00:00;0.34452054794520554;0.16458333333333333
2018-08-02 06:00:00;0.5280821917808218;0.06927083333333334
2018-08-02 07:00:00;0.43698630136986305;0.16354166666666667
2018-08-02 08:00:00;0.2808219178082192;0.3182291666666667
2018-08-02 09:00:00;0.26095890410958905;0.38437499999999997
2018-08-02 10:00:00;0.29315068493150687;0.3859375
2018-08-02 11:00:00;0.3171232876712329;0.40260416666666665
2018-08-02 12:00:00;0.4054794520547945;0.35052083333333334
2018-08-02 13:00:00;0.35205479452054794;0.4161458333333334
2018-08-02 14:00:00;0.2493150684931507;0.46770833333333334
2018-08-02 15:00:00;0.21986301369863015;0.5041666666666667
2018-08-02 16:00:00;0.2089041095890411;0.5302083333333333
2018-08-02 17:00:00;0.2273972602739726;0.5510416666666667
2018-08-02 18:00:00;0.2582191780821918;0.525
2018-08-02 19:00:00;0.26643835616438355;0.5078125
2018-08-02 20:00:00;0.37397260273972605;0.32864583333333336
2018-08-02 21:00:00;0.4246575342465753;0.21510416666666665
2018-08-02 22:00:00;0.29863013698630136;0.2197916666666667
2018-08-02 23:00:00;0.2171232876712329;0.21614583333333334
2018-08-03 00:00:00;0.2945205479452055;0.16093749999999998
2018-08-03 01:00:00;0.3609589041095891;0.14010416666666667
2018-08-03 02:00:00;0.30410958904109586;0.18125
2018-08-03 03:00:00;0.39452054794520547;0.09739583333333333
2018-08-03 04:00:00;0.32602739726027397;0.14166666666666666
2018-08-03 05:00:00;0.38561643835616444;0.13541666666666666
2018-08-03 06:00:00;0.48219178082191777;0.08489583333333334
2018-08-03 07:00:00;0.3301369863013699;0.21041666666666667
2018-08-03 08:00:00;0.2465753424657534;0.3515625
2018-08-03 09:00:00;0.2671232876712329;0.4328125
2018-08-03 10:00:00;0.3917808219178082;0.4166666666666667
2018-08-03 11:00:00;0.29657534246575346;0.5208333333333334
2018-08-03 12:00:00;0.3767123287671233;0.5489583333333333
2018-08-03 13:00:00;0.24315068493150685;0.5890624999999999
2018-08-03 14:00:00;0.17054794520547947;0.640625
2018-08-03 15:00:00;0.1404109589041096;0.6333333333333333
2018-08-03 16:00:00;0.15958904109589042;0.5932291666666667
2018-08-03 17:00:00;0.12260273972602741;0.5171875
2018-08-03 18:00:00;0.09863013698630137;0.5322916666666667
2018-08-03 19:00:00;0.13424657534246576;0.509375
2018-08-03 20:00:00;0.1267123287671233;0.47239583333333335
2018-08-03 21:00:00;0.14931506849315068;0.4171875
2018-08-03 22:00:00;0.1452054794520548;0.284375
2018-08-03 23:00:00;0.17534246575342466;0.2255208333333333
2018-08-04 00:00:00;0.15273972602739727;0.2703125
2018-08-04 01:00:00;0.11232876712328768;0.3125
2018-08-04 02:00:00;0.11232876712328768;0.32083333333333336
2018-08-04 03:00:00;0.16027397260273973;0.26666666666666666
2018-08-04 04:00:00;0.24246575342465754;0.19479166666666667
2018-08-04 05:00:00;0.1856164383561644;0.17916666666666667
2018-08-04 06:00:00;0.2232876712328767;0.15416666666666667
2018-08-04 07:00:00;0.1897260273972603;0.21666666666666667
2018-08-04 08:00:00;0.1897260273972603;0.27708333333333335
2018-08-04 09:00:00;0.1815068493150685;0.3588541666666667
2018-08-04 10:00:00;0.18082191780821918;0.38177083333333334
2018-08-04 11:00:00;0.1780821917808219;0.3989583333333333
2018-08-04 12:00:00;0.1178082191780822;0.46770833333333334
2018-08-04 13:00:00;0.14383561643835616;0.4473958333333334
2018-08-04 14:00:00;0.10273972602739725;0.3963541666666666
2018-08-04 15:00:00;0.136986301369863;0.3328125
2018-08-04 16:00:00;0.18013698630136987;0.3390625
2018-08-04 17:00:00;0.14315068493150687;0.3260416666666667
2018-08-04 18:00:00;0.11917808219178083;0.3302083333333333
2018-08-04 19:00:00;0.10684931506849314;0.3255208333333333
2018-08-04 20:00:00;0.13356164383561644;0.2989583333333333
2018-08-04 21:00:00;0.13561643835616438;0.28125
2018-08-04 22:00:00;0.10890410958904109;0.29791666666666666
2018-08-04 23:00:00;0.08356164383561643;0.30364583333333334
2018-08-05 00:00:00;0.09520547945205479;0.2734375
2018-08-05 01:00:00;0.09041095890410958;0.26979166666666665
2018-08-05 02:00:00;0.10890410958904109;0.2546875
2018-08-05 03:00:00;0.09109589041095889;0.2713541666666667
2018-08-05 04:00:00;0.0636986301369863;0.2942708333333333
2018-08-05 05:00:00;0.14178082191780825;0.25416666666666665
2018-08-05 06:00:00;0.09452054794520547;0.28750000000000003
2018-08-05 07:00:00;0.06506849315068493;0.32760416666666664
2018-08-05 08:00:00;0.10342465753424657;0.3229166666666667
2018-08-05 09:00:00;0.10410958904109588;0.3333333333333333
2018-08-05 10:00:00;0.10410958904109588;0.35833333333333334
2018-08-05 11:00:00;0.09863013698630137;0.3536458333333334
2018-08-05 12:00:00;0.10616438356164383;0.38645833333333335
2018-08-05 13:00:00;0.1178082191780822;0.39166666666666666
2018-08-05 14:00:00;0.1006849315068493;0.40208333333333335
2018-08-05 15:00:00;0.12123287671232877;0.3984375
2018-08-05 16:00:00;0.14383561643835616;0.38177083333333334
2018-08-05 17:00:00;0.12808219178082195;0.3979166666666667
2018-08-05 18:00:00;0.13767123287671235;0.3989583333333333
2018-08-05 19:00:00;0.086986301369863;0.41302083333333334
2018-08-05 20:00:00;0.08082191780821917;0.4036458333333333
2018-08-05 21:00:00;0.09931506849315068;0.3546875
2018-08-05 22:00:00;0.12397260273972603;0.32760416666666664
2018-08-05 23:00:00;0.1547945205479452;0.29322916666666665
2018-08-06 00:00:00;0.1178082191780822;0.3598958333333333
2018-08-06 01:00:00;0.10479452054794519;0.3671875
2018-08-06 02:00:00;0.1349315068493151;0.3177083333333333
2018-08-06 03:00:00;0.2547945205479452;0.2197916666666667
2018-08-06 04:00:00;0.4513698630136986;0.09375
2018-08-06 05:00:00;0.5116438356164382;0.06822916666666666
2018-08-06 06:00:00;0.4397260273972603;0.10520833333333333
2018-08-06 07:00:00;0.5465753424657535;0.07552083333333333
2018-08-06 08:00:00;0.6095890410958904;0.12916666666666668
2018-08-06 09:00:00;0.4650684931506849;0.24687499999999998
2018-08-06 10:00:00;0.4143835616438356;0.3255208333333333
2018-08-06 11:00:00;0.46301369863013697;0.34791666666666665
2018-08-06 12:00:00;0.4041095890410959;0.4192708333333333
2018-08-06 13:00:00;0.410958904109589;0.4796875
2018-08-06 14:00:00;0.2979452054794521;0.6140625000000001
2018-08-06 15:00:00;0.25;0.6838541666666668
2018-08-06 16:00:00;0.2705479452054795;0.6734375
2018-08-06 17:00:00;0.21849315068493153;0.7114583333333333
2018-08-06 18:00:00;0.2623287671232877;0.6739583333333333
2018-08-06 19:00:00;0.13630136986301372;0.7005208333333334
2018-08-06 20:00:00;0.1273972602739726;0.6380208333333334
2018-08-06 21:00:00;0.15205479452054796;0.5473958333333333
2018-08-06 22:00:00;0.17534246575342466;0.4848958333333333
2018-08-06 23:00:00;0.1863013698630137;0.43124999999999997
2018-08-07 00:00:00;0.16095890410958905;0.4067708333333333
2018-08-07 01:00:00;0.13904109589041097;0.38697916666666665
2018-08-07 02:00:00;0.1547945205479452;0.37135416666666665
2018-08-07 03:00:00;0.22534246575342465;0.32864583333333336
2018-08-07 04:00:00;0.26095890410958905;0.24427083333333333
2018-08-07 05:00:00;0.30068493150684933;0.16197916666666667
2018-08-07 06:00:00;0.4315068493150685;0.0828125
2018-08-07 07:00:00;0.5020547945205479;0.08489583333333334
2018-08-07 08:00:00;0.3595890410958904;0.2359375
2018-08-07 09:00:00;0.39999999999999997;0.23072916666666665
2018-08-07 10:00:00;0.4815068493150685;0.5015625
2018-08-07 11:00:00;0.5452054794520548;0.6166666666666667
2018-08-07 12:00:00;0.5739726027397261;0.6151041666666667
2018-08-07 13:00:00;0.5342465753424658;0.7036458333333333
2018-08-07 14:00:00;0.5260273972602739;0.7515625
2018-08-07 15:00:00;0.39246575342465756;0.8026041666666667
2018-08-07 16:00:00;0.40821917808219177;0.8515625
2018-08-07 17:00:00;0.40273972602739727;0.8291666666666666
2018-08-07 18:00:00;0.4520547945205479;0.6260416666666667
2018-08-07 19:00:00;0.6712328767123288;0.4473958333333334
2018-08-07 20:00:00;0.476027397260274;0.546875
2018-08-07 21:00:00;0.4828767123287671;0.5697916666666667
2018-08-07 22:00:00;0.37945205479452054;0.6463541666666667
2018-08-07 23:00:00;0.2328767123287671;0.5973958333333333
2018-08-08 00:00:00;0.23424657534246576;0.46770833333333334
2018-08-08 01:00:00;0.09726027397260273;0.4869791666666667
2018-08-08 02:00:00;0.10136986301369862;0.45989583333333334
2018-08-08 03:00:00;0.1006849315068493;0.48541666666666666
2018-08-08 04:00:00;0.12123287671232877;0.45208333333333334
2018-08-08 05:00:00;0.1815068493150685;0.39375
2018-08-08 06:00:00;0.2582191780821918;0.29270833333333335
2018-08-08 07:00:00;0.41986301369863016;0.24375
2018-08-08 08:00:00;0.33493150684931505;0.27760416666666665
2018-08-08 09:00:00;0.19041095890410958;0.3755208333333333
2018-08-08 10:00:00;0.1863013698630137;0.24010416666666667
2018-08-08 11:00:00;0.19383561643835617;0.30885416666666665
2018-08-08 12:00:00;0.18356164383561643;0.3463541666666667
2018-08-08 13:00:00;0.17671232876712328;0.3333333333333333
2018-08-08 14:00:00;0.21232876712328766;0.265625
2018-08-08 15:00:00;0.2034246575342466;0.2557291666666667
2018-08-08 16:00:00;0.1684931506849315;0.30312500000000003
2018-08-08 17:00:00;0.26438356164383564;0.31666666666666665
2018-08-08 18:00:00;0.17534246575342466;0.41822916666666665
2018-08-08 19:00:00;0.14931506849315068;0.40520833333333334
2018-08-08 20:00:00;0.20068493150684932;0.3359375
2018-08-08 21:00:00;0.22054794520547946;0.2911458333333333
2018-08-08 22:00:00;0.36027397260273974;0.18125
2018-08-08 23:00:00;0.28287671232876715;0.2119791666666667
2018-08-09 00:00:00;0.1952054794520548;0.25729166666666664
2018-08-09 01:00:00;0.17054794520547947;0.26718749999999997
2018-08-09 02:00:00;0.20753424657534247;0.2333333333333333
2018-08-09 03:00:00;0.2232876712328767;0.22135416666666666
2018-08-09 04:00:00;0.20616438356164385;0.22187500000000002
2018-08-09 05:00:00;0.29383561643835615;0.1864583333333333
2018-08-09 06:00:00;0.45479452054794517;0.12552083333333333
2018-08-09 07:00:00;0.48767123287671227;0.1046875
2018-08-09 08:00:00;0.4890410958904109;0.14322916666666666
2018-08-09 09:00:00;0.4089041095890411;0.2046875
2018-08-09 10:00:00;0.33835616438356164;0.284375
2018-08-09 11:00:00;0.16027397260273973;0.38125000000000003
2018-08-09 12:00:00;0.19041095890410958;0.3880208333333333
2018-08-09 13:00:00;0.2095890410958904;0.3911458333333333
2018-08-09 14:00:00;0.2308219178082192;0.3572916666666666
2018-08-09 15:00:00;0.21506849315068494;0.3697916666666667
2018-08-09 16:00:00;0.22534246575342465;0.35052083333333334
2018-08-09 17:00:00;0.2773972602739726;0.35260416666666666
2018-08-09 18:00:00;0.3164383561643836;0.3098958333333333
2018-08-09 19:00:00;0.30410958904109586;0.2708333333333333
2018-08-09 20:00:00;0.10616438356164383;0.4109375
2018-08-09 21:00:00;0.16027397260273973;0.34375
2018-08-09 22:00:00;0.10205479452054794;0.35000000000000003
2018-08-09 23:00:00;0.12534246575342467;0.31145833333333334
2018-08-10 00:00:00;0.17671232876712328;0.25104166666666666
2018-08-10 01:00:00;0.12808219178082195;0.33125
2018-08-10 02:00:00;0.10342465753424657;0.3432291666666667
2018-08-10 03:00:00;0.07945205479452054;0.33437500000000003
2018-08-10 04:00:00;0.1349315068493151;0.29791666666666666
2018-08-10 05:00:00;0.22054794520547946;0.2098958333333333
2018-08-10 06:00:00;0.28287671232876715;0.15052083333333333
2018-08-10 07:00:00;0.2876712328767123;0.13229166666666667
2018-08-10 08:00:00;0.24520547945205481;0.14947916666666666
2018-08-10 09:00:00;0.25273972602739725;0.20052083333333334
2018-08-10 10:00:00;0.40616438356164386;0.23697916666666666
2018-08-10 11:00:00;0.17465753424657535;0.30052083333333335
2018-08-10 12:00:00;0.1856164383561644;0.29739583333333336
2018-08-10 13:00:00;0.1958904109589041;0.29322916666666665
2018-08-10 14:00:00;0.16643835616438357;0.3182291666666667
2018-08-10 15:00:00;0.16301369863013698;0.35833333333333334
2018-08-10 16:00:00;0.1917808219178082;0.3442708333333333
2018-08-10 17:00:00;0.19657534246575345;0.32083333333333336
2018-08-10 18:00:00;0.1856164383561644;0.33177083333333335
2018-08-10 19:00:00;0.17945205479452056;0.309375
2018-08-10 20:00:00;0.17123287671232876;0.28489583333333335
2018-08-10 21:00:00;0.18904109589041096;0.28125
2018-08-10 22:00:00;0.2458904109589041;0.24947916666666667
2018-08-10 23:00:00;0.13424657534246576;0.3171875
2018-08-11 00:00:00;0.11643835616438356;0.31145833333333334
2018-08-11 01:00:00;0.1541095890410959;0.26458333333333334
2018-08-11 02:00:00;0.20136986301369864;0.20885416666666667
2018-08-11 03:00:00;0.17945205479452056;0.21510416666666665
2018-08-11 04:00:00;0.15342465753424658;0.24479166666666666
2018-08-11 05:00:00;0.13904109589041097;0.265625
2018-08-11 06:00:00;0.18904109589041096;0.22395833333333334
2018-08-11 07:00:00;0.2054794520547945;0.21354166666666666
2018-08-11 08:00:00;0.2328767123287671;0.20677083333333335
2018-08-11 09:00:00;0.13561643835616438;0.29583333333333334
2018-08-11 10:00:00;0.11643835616438356;0.31354166666666666
2018-08-11 11:00:00;0.1410958904109589;0.32760416666666664
2018-08-11 12:00:00;0.13561643835616438;0.32760416666666664
2018-08-11 13:00:00;0.2191780821917808;0.31197916666666664
2018-08-11 14:00:00;0.16301369863013698;0.34010416666666665
2018-08-11 15:00:00;0.16986301369863013;0.33697916666666666
2018-08-11 16:00:00;0.17328767123287672;0.35572916666666665
2018-08-11 17:00:00;0.1678082191780822;0.3588541666666667
2018-08-11 18:00:00;0.14315068493150687;0.3645833333333333
2018-08-11 19:00:00;0.19041095890410958;0.3385416666666667
2018-08-11 20:00:00;0.2191780821917808;0.30833333333333335
2018-08-11 21:00:00;0.31027397260273976;0.26614583333333336
2018-08-11 22:00:00;0.43424657534246575;0.14895833333333333
2018-08-11 23:00:00;0.34315068493150686;0.23750000000000002
2018-08-12 00:00:00;0.2958904109589041;0.25416666666666665
2018-08-12 01:00:00;0.2568493150684932;0.240625
2018-08-12 02:00:00;0.26095890410958905;0.22708333333333333
2018-08-12 03:00:00;0.21095890410958903;0.2489583333333333
2018-08-12 04:00:00;0.1897260273972603;0.23802083333333335
2018-08-12 05:00:00;0.1958904109589041;0.22291666666666665
2018-08-12 06:00:00;0.19315068493150686;0.23697916666666666
2018-08-12 07:00:00;0.2089041095890411;0.24010416666666667
2018-08-12 08:00:00;0.1623287671232877;0.25937499999999997
2018-08-12 09:00:00;0.17465753424657535;0.2630208333333333
2018-08-12 10:00:00;0.20821917808219179;0.265625
2018-08-12 11:00:00;0.18698630136986302;0.34479166666666666
2018-08-12 12:00:00;0.18904109589041096;0.40520833333333334
2018-08-12 13:00:00;0.24178082191780825;0.4088541666666667
2018-08-12 14:00:00;0.1684931506849315;0.45416666666666666
2018-08-12 15:00:00;0.21438356164383562;0.4322916666666667
2018-08-12 16:00:00;0.2328767123287671;0.42083333333333334
2018-08-12 17:00:00;0.29520547945205483;0.40468750000000003
2018-08-12 18:00:00;0.2445205479452055;0.40468750000000003
2018-08-12 19:00:00;0.26301369863013696;0.3625
2018-08-12 20:00:00;0.38630136986301367;0.26979166666666665
2018-08-12 21:00:00;0.37191780821917814;0.2791666666666667
2018-08-12 22:00:00;0.33287671232876714;0.26927083333333335
2018-08-12 23:00:00;0.2650684931506849;0.26718749999999997
2018-08-13 00:00:00;0.26986301369863014;0.24479166666666666
2018-08-13 01:00:00;0.2054794520547945;0.28489583333333335
2018-08-13 02:00:00;0.13767123287671235;0.2911458333333333
2018-08-13 03:00:00;0.11438356164383562;0.2890625
2018-08-13 04:00:00;0.1678082191780822;0.2359375
2018-08-13 05:00:00;0.33630136986301373;0.1328125
2018-08-13 06:00:00;0.4363013698630137;0.07760416666666667
2018-08-13 07:00:00;0.5315068493150684;0.05052083333333333
2018-08-13 08:00:00;0.5684931506849316;0.08489583333333334
2018-08-13 09:00:00;0.5054794520547945;0.16093749999999998
2018-08-13 10:00:00;0.31027397260273976;0.28802083333333334
2018-08-13 11:00:00;0.28013698630136985;0.3067708333333333
2018-08-13 12:00:00;0.32465753424657534;0.2635416666666667
2018-08-13 13:00:00;0.39109589041095894;0.21406250000000002
2018-08-13 14:00:00;0.3801369863013699;0.22083333333333333
2018-08-13 15:00:00;0.3082191780821918;0.2760416666666667
2018-08-13 16:00:00;0.25753424657534246;0.34010416666666665
2018-08-13 17:00:00;0.20205479452054795;0.30104166666666665
2018-08-13 18:00:00;0.16712328767123288;0.3078125
2018-08-13 19:00:00;0.11506849315068493;0.35312499999999997
2018-08-13 20:00:00;0.13013698630136986;0.34375
2018-08-13 21:00:00;0.10547945205479452;0.34791666666666665
2018-08-13 22:00:00;0.12808219178082195;0.3260416666666667
2018-08-13 23:00:00;0.11917808219178083;0.2791666666666667
2018-08-14 00:00:00;0.08424657534246574;0.29010416666666666
2018-08-14 01:00:00;0.06232876712328767;0.31354166666666666
2018-08-14 02:00:00;0.09109589041095889;0.28072916666666664
2018-08-14 03:00:00;0.1780821917808219;0.23750000000000002
2018-08-14 04:00:00;0.19726027397260273;0.2520833333333333
2018-08-14 05:00:00;0.24315068493150685;0.23958333333333334
2018-08-14 06:00:00;0.3458904109589041;0.1729166666666667
2018-08-14 07:00:00;0.28835616438356165;0.25052083333333336
2018-08-14 08:00:00;0.19863013698630136;0.31614583333333335
2018-08-14 09:00:00;0.19452054794520549;0.3229166666666667
2018-08-14 10:00:00;0.2321917808219178;0.31302083333333336
2018-08-14 11:00:00;0.21232876712328766;0.3510416666666667
2018-08-14 12:00:00;0.19383561643835617;0.37656249999999997
2018-08-14 13:00:00;0.1780821917808219;0.3963541666666666
2018-08-14 14:00:00;0.2171232876712329;0.3927083333333334
2018-08-14 15:00:00;0.16575342465753426;0.39739583333333334
2018-08-14 16:00:00;0.1856164383561644;0.35052083333333334
2018-08-14 17:00:00;0.1897260273972603;0.30572916666666666
2018-08-14 18:00:00;0.16506849315068495;0.3104166666666667
2018-08-14 19:00:00;0.1267123287671233;0.35052083333333334
2018-08-14 20:00:00;0.16643835616438357;0.35520833333333335
2018-08-14 21:00:00;0.18013698630136987;0.340625
2018-08-14 22:00:00;0.1917808219178082;0.2838541666666667
2018-08-14 23:00:00;0.21780821917808219;0.234375
2018-08-15 00:00:00;0.21164383561643837;0.19947916666666665
2018-08-15 01:00:00;0.22054794520547946;0.178125
2018-08-15 02:00:00;0.21849315068493153;0.16822916666666665
2018-08-15 03:00:00;0.19383561643835617;0.1708333333333333
2018-08-15 04:00:00;0.17123287671232876;0.15052083333333333
2018-08-15 05:00:00;0.24178082191780825;0.10312500000000001
2018-08-15 06:00:00;0.33424657534246577;0.06197916666666667
2018-08-15 07:00:00;0.35890410958904106;0.06614583333333333
2018-08-15 08:00:00;0.3404109589041096;0.10052083333333334
2018-08-15 09:00:00;0.363013698630137;0.11510416666666667
2018-08-15 10:00:00;0.2979452054794521;0.1859375
2018-08-15 11:00:00;0.27260273972602744;0.23385416666666667
2018-08-15 12:00:00;0.2808219178082192;0.23385416666666667
2018-08-15 13:00:00;0.2808219178082192;0.27239583333333334
2018-08-15 14:00:00;0.2;0.2890625
2018-08-15 15:00:00;0.26438356164383564;0.24635416666666665
2018-08-15 16:00:00;0.22602739726027396;0.26614583333333336
2018-08-15 17:00:00;0.2705479452054795;0.2484375
2018-08-15 18:00:00;0.24794520547945206;0.24687499999999998
2018-08-15 19:00:00;0.20410958904109588;0.3177083333333333
2018-08-15 20:00:00;0.30068493150684933;0.2609375
2018-08-15 21:00:00;0.32739726027397265;0.2119791666666667
2018-08-15 22:00:00;0.2232876712328767;0.25364583333333335
2018-08-15 23:00:00;0.2;0.2557291666666667
2018-08-16 00:00:00;0.1582191780821918;0.25
2018-08-16 01:00:00;0.1452054794520548;0.2333333333333333
2018-08-16 02:00:00;0.1726027397260274;0.1963541666666667
2018-08-16 03:00:00;0.13219178082191782;0.18541666666666667
2018-08-16 04:00:00;0.13767123287671235;0.18385416666666665
2018-08-16 05:00:00;0.16917808219178085;0.1786458333333333
2018-08-16 06:00:00;0.23904109589041095;0.1328125
2018-08-16 07:00:00;0.2623287671232877;0.146875
2018-08-16 08:00:00;0.35136986301369866;0.13854166666666667
2018-08-16 09:00:00;0.2753424657534247;0.15625
2018-08-16 10:00:00;0.2876712328767123;0.1729166666666667
2018-08-16 11:00:00;0.25273972602739725;0.16614583333333333
2018-08-16 12:00:00;0.21438356164383562;0.17760416666666667
2018-08-16 13:00:00;0.2486301369863014;0.178125
2018-08-16 14:00:00;0.17945205479452056;0.23906249999999998
2018-08-16 15:00:00;0.19794520547945207;0.25937499999999997
2018-08-16 16:00:00;0.176027397260274;0.31197916666666664
2018-08-16 17:00:00;0.14589041095890412;0.39739583333333334
2018-08-16 18:00:00;0.15547945205479455;0.3953125
2018-08-16 19:00:00;0.1897260273972603;0.378125
2018-08-16 20:00:00;0.27260273972602744;0.3151041666666667
2018-08-16 21:00:00;0.31575342465753425;0.2546875
2018-08-16 22:00:00;0.30753424657534245;0.23229166666666667
2018-08-16 23:00:00;0.2328767123287671;0.23177083333333334
2018-08-17 00:00:00;0.20821917808219179;0.23489583333333333
2018-08-17 01:00:00;0.17945205479452056;0.20885416666666667
2018-08-17 02:00:00;0.18493150684931506;0.20572916666666666
2018-08-17 03:00:00;0.2089041095890411;0.18020833333333333
2018-08-17 04:00:00;0.25205479452054796;0.13697916666666668
2018-08-17 05:00:00;0.29315068493150687;0.1171875
2018-08-17 06:00:00;0.40342465753424656;0.043750000000000004
2018-08-17 07:00:00;0.40342465753424656;0.043750000000000004
2018-08-17 08:00:00;0.40479452054794524;0.090625
2018-08-17 09:00:00;0.2171232876712329;0.18229166666666666
2018-08-17 10:00:00;0.2410958904109589;0.19114583333333335
2018-08-17 11:00:00;0.24794520547945206;0.23854166666666665
2018-08-17 12:00:00;0.2136986301369863;0.26406250000000003
2018-08-17 13:00:00;0.16095890410958905;0.2911458333333333
2018-08-17 14:00:00;0.1897260273972603;0.30416666666666664
2018-08-17 15:00:00;0.13219178082191782;0.3302083333333333
2018-08-17 16:00:00;0.1589041095890411;0.30833333333333335
2018-08-17 17:00:00;0.15000000000000002;0.31302083333333336
2018-08-17 18:00:00;0.14315068493150687;0.31875000000000003
2018-08-17 19:00:00;0.19041095890410958;0.30833333333333335
2018-08-17 20:00:00;0.2273972602739726;0.26718749999999997
2018-08-17 21:00:00;0.23493150684931505;0.23802083333333335
2018-08-17 22:00:00;0.3609589041095891;0.14166666666666666
2018-08-17 23:00:00;0.3219178082191781;0.1729166666666667
2018-08-18 00:00:00;0.2910958904109589;0.1708333333333333
2018-08-18 01:00:00;0.25890410958904114;0.15937500000000002
2018-08-18 02:00:00;0.2445205479452055;0.1578125
2018-08-18 03:00:00;0.23904109589041095;0.14583333333333334
2018-08-18 04:00:00;0.23424657534246576;0.10416666666666667
2018-08-18 05:00:00;0.23972602739726026;0.096875
2018-08-18 06:00:00;0.2328767123287671;0.09947916666666667
2018-08-18 07:00:00;0.2493150684931507;0.09895833333333333
2018-08-18 08:00:00;0.2465753424657534;0.09010416666666667
2018-08-18 09:00:00;0.2602739726027397;0.12447916666666665
2018-08-18 10:00:00;0.2650684931506849;0.13697916666666668
2018-08-18 11:00:00;0.1958904109589041;0.22239583333333335
2018-08-18 12:00:00;0.16164383561643836;0.26197916666666665
2018-08-18 13:00:00;0.12945205479452057;0.2765625
2018-08-18 14:00:00;0.1684931506849315;0.27187500000000003
2018-08-18 15:00:00;0.12465753424657534;0.30624999999999997
2018-08-18 16:00:00;0.14178082191780825;0.3067708333333333
2018-08-18 17:00:00;0.13219178082191782;0.2833333333333333
2018-08-18 18:00:00;0.12876712328767123;0.27395833333333336
2018-08-18 19:00:00;0.15136986301369865;0.26406250000000003
2018-08-18 20:00:00;0.14931506849315068;0.25677083333333334
2018-08-18 21:00:00;0.16095890410958905;0.228125
2018-08-18 22:00:00;0.21164383561643837;0.19479166666666667
2018-08-18 23:00:00;0.2719178082191781;0.1390625
2018-08-19 00:00:00;0.28630136986301374;0.12812500000000002
2018-08-19 01:00:00;0.19109589041095892;0.18125
2018-08-19 02:00:00;0.13561643835616438;0.2119791666666667
2018-08-19 03:00:00;0.15684931506849317;0.19062500000000002
2018-08-19 04:00:00;0.18013698630136987;0.16510416666666666
2018-08-19 05:00:00;0.1678082191780822;0.1578125
2018-08-19 06:00:00;0.16164383561643836;0.16302083333333334
2018-08-19 07:00:00;0.1404109589041096;0.1864583333333333
2018-08-19 08:00:00;0.17671232876712328;0.15833333333333333
2018-08-19 09:00:00;0.2650684931506849;0.12968749999999998
2018-08-19 10:00:00;0.19726027397260273;0.13958333333333334
2018-08-19 11:00:00;0.18767123287671234;0.15520833333333334
2018-08-19 12:00:00;0.17465753424657535;0.19218749999999998
2018-08-19 13:00:00;0.1780821917808219;0.20833333333333334
2018-08-19 14:00:00;0.176027397260274;0.26406250000000003
2018-08-19 15:00:00;0.13835616438356166;0.29375
2018-08-19 16:00:00;0.1541095890410959;0.32708333333333334
2018-08-19 17:00:00;0.10547945205479452;0.32135416666666666
2018-08-19 18:00:00;0.13904109589041097;0.2859375
2018-08-19 19:00:00;0.10547945205479452;0.2859375
2018-08-19 20:00:00;0.10821917808219178;0.2578125
2018-08-19 21:00:00;0.1541095890410959;0.203125
2018-08-19 22:00:00;0.13424657534246576;0.20104166666666667
2018-08-19 23:00:00;0.1136986301369863;0.20833333333333334
2018-08-20 00:00:00;0.10616438356164383;0.19895833333333335
2018-08-20 01:00:00;0.1136986301369863;0.18020833333333333
2018-08-20 02:00:00;0.12876712328767123;0.14947916666666666
2018-08-20 03:00:00;0.14383561643835616;0.12812500000000002
2018-08-20 04:00:00;0.20136986301369864;0.07291666666666667
2018-08-20 05:00:00;0.2595890410958904;0.04270833333333333
2018-08-20 06:00:00;0.28287671232876715;0.08541666666666665
2018-08-20 07:00:00;0.2876712328767123;0.13333333333333333
2018-08-20 08:00:00;0.2136986301369863;0.18177083333333333
2018-08-20 09:00:00;0.2136986301369863;0.19583333333333333
2018-08-20 10:00:00;0.2136986301369863;0.21302083333333333
2018-08-20 11:00:00;0.17465753424657535;0.23802083333333335
2018-08-20 12:00:00;0.16575342465753426;0.26666666666666666
2018-08-20 13:00:00;0.1678082191780822;0.265625
2018-08-20 14:00:00;0.13972602739726028;0.3
2018-08-20 15:00:00;0.13767123287671235;0.30104166666666665
2018-08-20 16:00:00;0.1815068493150685;0.26666666666666666
2018-08-20 17:00:00;0.29520547945205483;0.17656249999999998
2018-08-20 18:00:00;0.21575342465753425;0.24739583333333334
2018-08-20 19:00:00;0.15547945205479455;0.26927083333333335
2018-08-20 20:00:00;0.13219178082191782;0.28020833333333334
2018-08-20 21:00:00;0.12534246575342467;0.27708333333333335
2018-08-20 22:00:00;0.10136986301369862;0.27760416666666665
2018-08-20 23:00:00;0.16164383561643836;0.24583333333333335
2018-08-21 00:00:00;0.18904109589041096;0.22447916666666667
2018-08-21 01:00:00;0.2273972602739726;0.171875
2018-08-21 02:00:00;0.17671232876712328;0.2125
2018-08-21 03:00:00;0.1486301369863014;0.21458333333333335
2018-08-21 04:00:00;0.14794520547945206;0.19791666666666666
2018-08-21 05:00:00;0.25;0.14114583333333333
2018-08-21 06:00:00;0.3952054794520548;0.08958333333333333
2018-08-21 07:00:00;0.39452054794520547;0.09322916666666665
2018-08-21 08:00:00;0.43767123287671234;0.10312500000000001
2018-08-21 09:00:00;0.3082191780821918;0.15625
2018-08-21 10:00:00;0.35342465753424657;0.17760416666666667
2018-08-21 11:00:00;0.32054794520547947;0.18281250000000002
2018-08-21 12:00:00;0.31917808219178084;0.19791666666666666
2018-08-21 13:00:00;0.33835616438356164;0.2046875
2018-08-21 14:00:00;0.37397260273972605;0.22447916666666667
2018-08-21 15:00:00;0.3561643835616438;0.21562499999999998
2018-08-21 16:00:00;0.276027397260274;0.2734375
2018-08-21 17:00:00;0.28835616438356165;0.296875
2018-08-21 18:00:00;0.34109589041095895;0.20833333333333334
2018-08-21 19:00:00;0.3849315068493151;0.19010416666666666
2018-08-21 20:00:00;0.40616438356164386;0.14375000000000002
2018-08-21 21:00:00;0.38561643835616444;0.1203125
2018-08-21 22:00:00;0.45;0.06302083333333333
2018-08-21 23:00:00;0.4568493150684931;0.029687500000000002
2018-08-22 00:00:00;0.4561643835616438;0.024479166666666666
2018-08-22 01:00:00;0.4520547945205479;0.03229166666666667
2018-08-22 02:00:00;0.2404109589041096;0.18281250000000002
2018-08-22 03:00:00;0.21027397260273975;0.16510416666666666
2018-08-22 04:00:00;0.23013698630136986;0.1140625
2018-08-22 05:00:00;0.30000000000000004;0.0703125
2018-08-22 06:00:00;0.3232876712328767;0.05104166666666667
2018-08-22 07:00:00;0.4041095890410959;0.06354166666666666
2018-08-22 08:00:00;0.2650684931506849;0.13072916666666667
2018-08-22 09:00:00;0.27671232876712326;0.16979166666666667
2018-08-22 10:00:00;0.40273972602739727;0.1390625
2018-08-22 11:00:00;0.30068493150684933;0.1885416666666667
2018-08-22 12:00:00;0.2541095890410959;0.2489583333333333
2018-08-22 13:00:00;0.22054794520547946;0.28854166666666664
2018-08-22 14:00:00;0.20479452054794522;0.3619791666666667
2018-08-22 15:00:00;0.16712328767123288;0.3979166666666667
2018-08-22 16:00:00;0.15547945205479455;0.4005208333333334
2018-08-22 17:00:00;0.17739726027397262;0.4010416666666667
2018-08-22 18:00:00;0.1726027397260274;0.36354166666666665
2018-08-22 19:00:00;0.18082191780821918;0.3859375
2018-08-22 20:00:00;0.2136986301369863;0.3567708333333333
2018-08-22 21:00:00;0.2568493150684932;0.2989583333333333
2018-08-22 22:00:00;0.25547945205479455;0.2635416666666667
2018-08-22 23:00:00;0.3767123287671233;0.14114583333333333
2018-08-23 00:00:00;0.3116438356164384;0.14166666666666666
2018-08-23 01:00:00;0.25;0.14635416666666667
2018-08-23 02:00:00;0.21575342465753425;0.16614583333333333
2018-08-23 03:00:00;0.17945205479452056;0.18489583333333334
2018-08-23 04:00:00;0.1815068493150685;0.14427083333333332
2018-08-23 05:00:00;0.23013698630136986;0.09479166666666666
2018-08-23 06:00:00;0.28698630136986303;0.06510416666666667
2018-08-23 07:00:00;0.34657534246575344;0.053125
2018-08-23 08:00:00;0.31369863013698635;0.06406250000000001
2018-08-23 09:00:00;0.4527397260273972;0.07187500000000001
2018-08-23 10:00:00;0.36712328767123287;0.07291666666666667
2018-08-23 11:00:00;0.32945205479452055;0.09999999999999999
2018-08-23 12:00:00;0.273972602739726;0.13333333333333333
2018-08-23 13:00:00;0.27808219178082194;0.13645833333333332
2018-08-23 14:00:00;0.2171232876712329;0.19270833333333334
2018-08-23 15:00:00;0.15000000000000002;0.25937499999999997
2018-08-23 16:00:00;0.1582191780821918;0.20885416666666667
2018-08-23 17:00:00;0.12260273972602741;0.23697916666666666
2018-08-23 18:00:00;0.15616438356164383;0.17135416666666667
2018-08-23 19:00:00;0.16506849315068495;0.20260416666666667
2018-08-23 20:00:00;0.11917808219178083;0.2578125
2018-08-23 21:00:00;0.23013698630136986;0.2020833333333333
2018-08-23 22:00:00;0.30890410958904113;0.1390625
2018-08-23 23:00:00;0.29315068493150687;0.13854166666666667
2018-08-24 00:00:00;0.2808219178082192;0.146875
2018-08-24 01:00:00;0.1315068493150685;0.2020833333333333
2018-08-24 02:00:00;0.1582191780821918;0.15729166666666666
2018-08-24 03:00:00;0.12602739726027398;0.2604166666666667
2018-08-24 04:00:00;0.1308219178082192;0.20572916666666666
2018-08-24 05:00:00;0.23904109589041095;0.18541666666666667
2018-08-24 06:00:00;0.30753424657534245;0.14114583333333333
2018-08-24 07:00:00;0.23493150684931505;0.178125
2018-08-24 08:00:00;0.1410958904109589;0.209375
2018-08-24 09:00:00;0.15205479452054796;0.21927083333333333
2018-08-24 10:00:00;0.14931506849315068;0.23020833333333335
2018-08-24 11:00:00;0.14931506849315068;0.23750000000000002
2018-08-24 12:00:00;0.17328767123287672;0.24375
2018-08-24 13:00:00;0.1273972602739726;0.26145833333333335
2018-08-24 14:00:00;0.14589041095890412;0.2708333333333333
2018-08-24 15:00:00;0.1486301369863014;0.284375
2018-08-24 16:00:00;0.12808219178082195;0.30312500000000003
2018-08-24 17:00:00;0.13287671232876713;0.30364583333333334
2018-08-24 18:00:00;0.12876712328767123;0.31406249999999997
2018-08-24 19:00:00;0.17671232876712328;0.27499999999999997
2018-08-24 20:00:00;0.1541095890410959;0.2921875
2018-08-24 21:00:00;0.26575342465753427;0.22083333333333333
2018-08-24 22:00:00;0.2273972602739726;0.2276041666666667
2018-08-24 23:00:00;0.29041095890410956;0.19062500000000002
2018-08-25 00:00:00;0.18767123287671234;0.2630208333333333
2018-08-25 01:00:00;0.1993150684931507;0.25833333333333336
2018-08-25 02:00:00;0.18013698630136987;0.26875
2018-08-25 03:00:00;0.17465753424657535;0.24479166666666666
2018-08-25 04:00:00;0.14178082191780825;0.25364583333333335
2018-08-25 05:00:00;0.15547945205479455;0.23958333333333334
2018-08-25 06:00:00;0.3061643835616439;0.1484375
2018-08-25 07:00:00;0.2993150684931507;0.15416666666666667
2018-08-25 08:00:00;0.27808219178082194;0.16979166666666667
2018-08-25 09:00:00;0.24178082191780825;0.19166666666666665
2018-08-25 10:00:00;0.19041095890410958;0.24427083333333333
2018-08-25 11:00:00;0.2226027397260274;0.23072916666666665
2018-08-25 12:00:00;0.12397260273972603;0.30052083333333335
2018-08-25 13:00:00;0.12465753424657534;0.31927083333333334
2018-08-25 14:00:00;0.15136986301369865;0.2890625
2018-08-25 15:00:00;0.18082191780821918;0.2755208333333333
2018-08-25 16:00:00;0.19863013698630136;0.25729166666666664
2018-08-25 17:00:00;0.21780821917808219;0.22916666666666666
2018-08-25 18:00:00;0.26301369863013696;0.20260416666666667
2018-08-25 19:00:00;0.13630136986301372;0.2598958333333333
2018-08-25 20:00:00;0.2493150684931507;0.16458333333333333
2018-08-25 21:00:00;0.38219178082191785;0.08072916666666667
2018-08-25 22:00:00;0.3643835616438356;0.13072916666666667
2018-08-25 23:00:00;0.363013698630137;0.12968749999999998
2018-08-26 00:00:00;0.4431506849315069;0.07395833333333333
2018-08-26 01:00:00;0.35342465753424657;0.09427083333333335
2018-08-26 02:00:00;0.31232876712328766;0.078125
2018-08-26 03:00:00;0.32123287671232875;0.07187500000000001
2018-08-26 04:00:00;0.3267123287671233;0.07187500000000001
2018-08-26 05:00:00;0.29178082191780824;0.075
2018-08-26 06:00:00;0.2993150684931507;0.08125
2018-08-26 07:00:00;0.3232876712328767;0.10260416666666666
2018-08-26 08:00:00;0.29726027397260274;0.1640625
2018-08-26 09:00:00;0.2273972602739726;0.2411458333333333
2018-08-26 10:00:00;0.1582191780821918;0.31927083333333334
2018-08-26 11:00:00;0.176027397260274;0.3171875
2018-08-26 12:00:00;0.18767123287671234;0.3567708333333333
2018-08-26 13:00:00;0.20410958904109588;0.359375
2018-08-26 14:00:00;0.1821917808219178;0.3979166666666667
2018-08-26 15:00:00;0.15958904109589042;0.3770833333333334
2018-08-26 16:00:00;0.1821917808219178;0.34791666666666665
2018-08-26 17:00:00;0.17397260273972603;0.31406249999999997
2018-08-26 18:00:00;0.1643835616438356;0.3177083333333333
2018-08-26 19:00:00;0.1178082191780822;0.3729166666666666
2018-08-26 20:00:00;0.12260273972602741;0.3854166666666667
2018-08-26 21:00:00;0.10547945205479452;0.3859375
2018-08-26 22:00:00;0.11164383561643836;0.3572916666666666
2018-08-26 23:00:00;0.08835616438356164;0.3359375
2018-08-27 00:00:00;0.10273972602739725;0.29375
2018-08-27 01:00:00;0.08904109589041095;0.278125
2018-08-27 02:00:00;0.08082191780821917;0.2630208333333333
2018-08-27 03:00:00;0.09657534246575342;0.22343749999999998
2018-08-27 04:00:00;0.09999999999999999;0.1890625
2018-08-27 05:00:00;0.17534246575342466;0.15260416666666668
2018-08-27 06:00:00;0.16986301369863013;0.14947916666666666
2018-08-27 07:00:00;0.2321917808219178;0.11822916666666666
2018-08-27 08:00:00;0.1917808219178082;0.1546875
2018-08-27 09:00:00;0.1678082191780822;0.18697916666666667
2018-08-27 10:00:00;0.13013698630136986;0.20572916666666666
2018-08-27 11:00:00;0.1410958904109589;0.228125
2018-08-27 12:00:00;0.17945205479452056;0.26510416666666664
2018-08-27 13:00:00;0.1643835616438356;0.278125
2018-08-27 14:00:00;0.1547945205479452;0.2760416666666667
2018-08-27 15:00:00;0.14657534246575343;0.27395833333333336
2018-08-27 16:00:00;0.13835616438356166;0.27239583333333334
2018-08-27 17:00:00;0.1726027397260274;0.2552083333333333
2018-08-27 18:00:00;0.15205479452054796;0.2708333333333333
2018-08-27 19:00:00;0.14726027397260275;0.2520833333333333
2018-08-27 20:00:00;0.18013698630136987;0.23229166666666667
2018-08-27 21:00:00;0.18904109589041096;0.20260416666666667
2018-08-27 22:00:00;0.1821917808219178;0.1942708333333333
2018-08-27 23:00:00;0.2678082191780822;0.13177083333333334
2018-08-28 00:00:00;0.25890410958904114;0.1390625
2018-08-28 01:00:00;0.2054794520547945;0.14166666666666666
2018-08-28 02:00:00;0.22191780821917806;0.11666666666666665
2018-08-28 03:00:00;0.2684931506849315;0.08437499999999999
2018-08-28 04:00:00;0.2582191780821918;0.07447916666666667
2018-08-28 05:00:00;0.3527397260273973;0.042187499999999996
2018-08-28 06:00:00;0.37534246575342467;0.027604166666666666
2018-08-28 07:00:00;0.4397260273972603;0.03229166666666667
2018-08-28 08:00:00;0.44931506849315067;0.04114583333333333
2018-08-28 09:00:00;0.4643835616438356;0.06145833333333334
2018-08-28 10:00:00;0.4650684931506849;0.07760416666666667
2018-08-28 11:00:00;0.36575342465753424;0.11875000000000001
2018-08-28 12:00:00;0.37534246575342467;0.17708333333333334
2018-08-28 13:00:00;0.36164383561643837;0.20104166666666667
2018-08-28 14:00:00;0.29726027397260274;0.29322916666666665
2018-08-28 15:00:00;0.2856164383561644;0.28177083333333336
2018-08-28 16:00:00;0.3061643835616439;0.27499999999999997
2018-08-28 17:00:00;0.28698630136986303;0.28489583333333335
2018-08-28 18:00:00;0.2979452054794521;0.25416666666666665
2018-08-28 19:00:00;0.38630136986301367;0.18385416666666665
2018-08-28 20:00:00;0.33972602739726027;0.15156250000000002
2018-08-28 21:00:00;0.4315068493150685;0.06458333333333334
2018-08-28 22:00:00;0.4794520547945205;0.029687500000000002
2018-08-28 23:00:00;0.45479452054794517;0.028125
2018-08-29 00:00:00;0.38287671232876713;0.04114583333333333
2018-08-29 01:00:00;0.36027397260273974;0.04895833333333333
2018-08-29 02:00:00;0.27671232876712326;0.07708333333333334
2018-08-29 03:00:00;0.26438356164383564;0.07656249999999999
2018-08-29 04:00:00;0.27260273972602744;0.11458333333333333
2018-08-29 05:00:00;0.36575342465753424;0.065625
2018-08-29 06:00:00;0.38287671232876713;0.03854166666666667
2018-08-29 07:00:00;0.43767123287671234;0.03125
2018-08-29 08:00:00;0.5547945205479452;0.04583333333333334
2018-08-29 09:00:00;0.5979452054794521;0.04114583333333333
2018-08-29 10:00:00;0.4349315068493151;0.05572916666666666
2018-08-29 11:00:00;0.3034246575342466;0.140625
2018-08-29 12:00:00;0.38561643835616444;0.13749999999999998
2018-08-29 13:00:00;0.4986301369863014;0.09218749999999999
2018-08-29 14:00:00;0.3184931506849315;0.19843750000000002
2018-08-29 15:00:00;0.18493150684931506;0.3104166666666667
2018-08-29 16:00:00;0.19863013698630136;0.31354166666666666
2018-08-29 17:00:00;0.20273972602739726;0.3229166666666667
2018-08-29 18:00:00;0.18835616438356165;0.2942708333333333
2018-08-29 19:00:00;0.15753424657534246;0.3359375
2018-08-29 20:00:00;0.15547945205479455;0.3510416666666667
2018-08-29 21:00:00;0.13767123287671235;0.3770833333333334
2018-08-29 22:00:00;0.10890410958904109;0.39687500000000003
2018-08-29 23:00:00;0.12534246575342467;0.3651041666666666
2018-08-30 00:00:00;0.11095890410958903;0.3416666666666666
2018-08-30 01:00:00;0.10479452054794519;0.29062499999999997
2018-08-30 02:00:00;0.07876712328767123;0.33437500000000003
2018-08-30 03:00:00;0.10821917808219178;0.284375
2018-08-30 04:00:00;0.10547945205479452;0.2604166666666667
2018-08-30 05:00:00;0.21986301369863015;0.1864583333333333
2018-08-30 06:00:00;0.31575342465753425;0.12968749999999998
2018-08-30 07:00:00;0.2808219178082192;0.16354166666666667
2018-08-30 08:00:00;0.2232876712328767;0.2041666666666667
2018-08-30 09:00:00;0.24246575342465754;0.21302083333333333
2018-08-30 10:00:00;0.14726027397260275;0.28072916666666664
2018-08-30 11:00:00;0.12054794520547946;0.29010416666666666
2018-08-30 12:00:00;0.11712328767123288;0.29583333333333334
2018-08-30 13:00:00;0.16575342465753426;0.2838541666666667
2018-08-30 14:00:00;0.1582191780821918;0.2916666666666667
2018-08-30 15:00:00;0.10616438356164383;0.3177083333333333
2018-08-30 16:00:00;0.12397260273972603;0.3145833333333333
2018-08-30 17:00:00;0.11301369863013698;0.2942708333333333
2018-08-30 18:00:00;0.12465753424657534;0.27291666666666664
2018-08-30 19:00:00;0.15547945205479455;0.2359375
2018-08-30 20:00:00;0.1315068493150685;0.253125
2018-08-30 21:00:00;0.16095890410958905;0.2333333333333333
2018-08-30 22:00:00;0.18082191780821918;0.21822916666666667
2018-08-30 23:00:00;0.16643835616438357;0.22187500000000002
2018-08-31 00:00:00;0.1952054794520548;0.19947916666666665
2018-08-31 01:00:00;0.2534246575342466;0.13697916666666668
2018-08-31 02:00:00;0.2808219178082192;0.09531250000000001
2018-08-31 03:00:00;0.34109589041095895;0.05520833333333333
2018-08-31 04:00:00;0.3287671232876712;0.0453125
2018-08-31 05:00:00;0.39109589041095894;0.020833333333333332
2018-08-31 06:00:00;0.4568493150684931;0.0234375
2018-08-31 07:00:00;0.3698630136986301;0.078125
2018-08-31 08:00:00;0.36849315068493155;0.09791666666666667
2018-08-31 09:00:00;0.29041095890410956;0.15833333333333333
2018-08-31 10:00:00;0.23493150684931505;0.18125
2018-08-31 11:00:00;0.1780821917808219;0.2421875
2018-08-31 12:00:00;0.276027397260274;0.20833333333333334
2018-08-31 13:00:00;0.4623287671232877;0.15364583333333334
2018-08-31 14:00:00;0.3609589041095891;0.19062500000000002
2018-08-31 15:00:00;0.31438356164383563;0.2203125
2018-08-31 16:00:00;0.2308219178082192;0.24791666666666667
2018-08-31 17:00:00;0.19383561643835617;0.28489583333333335
2018-08-31 18:00:00;0.16986301369863013;0.30312500000000003
2018-08-31 19:00:00;0.16712328767123288;0.28281249999999997
2018-08-31 20:00:00;0.20684931506849316;0.21510416666666665
2018-08-31 21:00:00;0.23904109589041095;0.20625000000000002
2018-08-31 22:00:00;0.26643835616438355;0.20260416666666667
2018-08-31 23:00:00;0.3253424657534247;0.15937500000000002
2018-09-01 00:00:00;0.27260273972602744;0.1859375
2018-09-01 01:00:00;0.2705479452054795;0.19270833333333334
2018-09-01 02:00:00;0.28356164383561644;0.12864583333333332
2018-09-01 03:00:00;0.3424657534246575;0.09375
2018-09-01 04:00:00;0.402054794520548;0.035937500000000004
2018-09-01 05:00:00;0.4458904109589041;0.027083333333333334
2018-09-01 06:00:00;0.42534246575342466;0.034374999999999996
2018-09-01 07:00:00;0.42191780821917807;0.08125
2018-09-01 08:00:00;0.4075342465753425;0.13854166666666667
2018-09-01 09:00:00;0.30684931506849317;0.21927083333333333
2018-09-01 10:00:00;0.2273972602739726;0.2734375
2018-09-01 11:00:00;0.1726027397260274;0.3234375
2018-09-01 12:00:00;0.19863013698630136;0.31406249999999997
2018-09-01 13:00:00;0.17876712328767125;0.3489583333333333
2018-09-01 14:00:00;0.25;0.359375
2018-09-01 15:00:00;0.15547945205479455;0.390625
2018-09-01 16:00:00;0.14794520547945206;0.41041666666666665
2018-09-01 17:00:00;0.10684931506849314;0.4296875
2018-09-01 18:00:00;0.1095890410958904;0.4166666666666667
2018-09-01 19:00:00;0.20205479452054795;0.3432291666666667
2018-09-01 20:00:00;0.2623287671232877;0.28229166666666666
2018-09-01 21:00:00;0.26917808219178085;0.23697916666666666
2018-09-01 22:00:00;0.2910958904109589;0.22395833333333334
2018-09-01 23:00:00;0.2267123287671233;0.26510416666666664
2018-09-02 00:00:00;0.20136986301369864;0.27499999999999997
2018-09-02 01:00:00;0.1780821917808219;0.28802083333333334
2018-09-02 02:00:00;0.21164383561643837;0.25364583333333335
2018-09-02 03:00:00;0.18493150684931506;0.26927083333333335
2018-09-02 04:00:00;0.21849315068493153;0.25156249999999997
2018-09-02 05:00:00;0.21506849315068494;0.2171875
2018-09-02 06:00:00;0.18904109589041096;0.21458333333333335
2018-09-02 07:00:00;0.1821917808219178;0.2598958333333333
2018-09-02 08:00:00;0.10753424657534245;0.31614583333333335
2018-09-02 09:00:00;0.12534246575342467;0.31614583333333335
2018-09-02 10:00:00;0.15205479452054796;0.3177083333333333
2018-09-02 11:00:00;0.1719178082191781;0.32864583333333336
2018-09-02 12:00:00;0.2308219178082192;0.35000000000000003
2018-09-02 13:00:00;0.2787671232876712;0.38177083333333334
2018-09-02 14:00:00;0.16027397260273973;0.4578125
2018-09-02 15:00:00;0.11164383561643836;0.4953125
2018-09-02 16:00:00;0.12397260273972603;0.48802083333333335
2018-09-02 17:00:00;0.14315068493150687;0.4838541666666667
2018-09-02 18:00:00;0.11095890410958903;0.4614583333333333
2018-09-02 19:00:00;0.1136986301369863;0.4432291666666666
2018-09-02 20:00:00;0.1184931506849315;0.4140625
2018-09-02 21:00:00;0.09726027397260273;0.3822916666666667
2018-09-02 22:00:00;0.10821917808219178;0.3697916666666667
2018-09-02 23:00:00;0.1273972602739726;0.3380208333333334
2018-09-03 00:00:00;0.1232876712328767;0.35312499999999997
2018-09-03 01:00:00;0.11095890410958903;0.3385416666666667
2018-09-03 02:00:00;0.10684931506849314;0.30624999999999997
2018-09-03 03:00:00;0.11232876712328768;0.2760416666666667
2018-09-03 04:00:00;0.15136986301369865;0.2625
2018-09-03 05:00:00;0.16506849315068495;0.2265625
2018-09-03 06:00:00;0.3047945205479452;0.1328125
2018-09-03 07:00:00;0.3472602739726028;0.10989583333333335
2018-09-03 08:00:00;0.30753424657534245;0.10989583333333335
2018-09-03 09:00:00;0.23493150684931505;0.17395833333333333
2018-09-03 10:00:00;0.1726027397260274;0.25833333333333336
2018-09-03 11:00:00;0.18013698630136987;0.2942708333333333
2018-09-03 12:00:00;0.176027397260274;0.3104166666666667
2018-09-03 13:00:00;0.1582191780821918;0.32760416666666664
2018-09-03 14:00:00;0.1547945205479452;0.35625
2018-09-03 15:00:00;0.1623287671232877;0.3666666666666667
2018-09-03 16:00:00;0.1315068493150685;0.40468750000000003
2018-09-03 17:00:00;0.17876712328767125;0.3703125
2018-09-03 18:00:00;0.16986301369863013;0.378125
2018-09-03 19:00:00;0.11712328767123288;0.39739583333333334
2018-09-03 20:00:00;0.12260273972602741;0.3651041666666666
2018-09-03 21:00:00;0.09863013698630137;0.3770833333333334
2018-09-03 22:00:00;0.10342465753424657;0.3614583333333334
2018-09-03 23:00:00;0.07191780821917808;0.3859375
2018-09-04 00:00:00;0.06232876712328767;0.37395833333333334
2018-09-04 01:00:00;0.055479452054794515;0.37343750000000003
2018-09-04 02:00:00;0.04931506849315068;0.3692708333333334
2018-09-04 03:00:00;0.05958904109589041;0.3390625
2018-09-04 04:00:00;0.0732876712328767;0.31666666666666665
2018-09-04 05:00:00;0.11917808219178083;0.2755208333333333
2018-09-04 06:00:00;0.19863013698630136;0.2098958333333333
2018-09-04 07:00:00;0.22191780821917806;0.18177083333333333
2018-09-04 08:00:00;0.25890410958904114;0.14531249999999998
2018-09-04 09:00:00;0.3034246575342466;0.134375
2018-09-04 10:00:00;0.3404109589041096;0.13802083333333334
2018-09-04 11:00:00;0.34794520547945207;0.17395833333333333
2018-09-04 12:00:00;0.27808219178082194;0.29010416666666666
2018-09-04 13:00:00;0.2993150684931507;0.3151041666666667
2018-09-04 14:00:00;0.38424657534246576;0.3145833333333333
2018-09-04 15:00:00;0.2280821917808219;0.4552083333333334
2018-09-04 16:00:00;0.17397260273972603;0.48125
2018-09-04 17:00:00;0.24246575342465754;0.4421875
2018-09-04 18:00:00;0.20616438356164385;0.3510416666666667
2018-09-04 19:00:00;0.2095890410958904;0.2791666666666667
2018-09-04 20:00:00;0.25547945205479455;0.21562499999999998
2018-09-04 21:00:00;0.19657534246575345;0.22187500000000002
2018-09-04 22:00:00;0.15684931506849317;0.23072916666666665
2018-09-04 23:00:00;0.1452054794520548;0.19739583333333333
2018-09-05 00:00:00;0.1486301369863014;0.1786458333333333
2018-09-05 01:00:00;0.12191780821917808;0.1885416666666667
2018-09-05 02:00:00;0.08630136986301369;0.24531250000000002
2018-09-05 03:00:00;0.0821917808219178;0.24583333333333335
2018-09-05 04:00:00;0.09041095890410958;0.22604166666666667
2018-09-05 05:00:00;0.13767123287671235;0.20885416666666667
2018-09-05 06:00:00;0.34452054794520554;0.1171875
2018-09-05 07:00:00;0.35890410958904106;0.06874999999999999
2018-09-05 08:00:00;0.37397260273972605;0.05104166666666667
2018-09-05 09:00:00;0.4465753424657534;0.036458333333333336
2018-09-05 10:00:00;0.5123287671232877;0.078125
2018-09-05 11:00:00;0.5684931506849316;0.10520833333333333
2018-09-05 12:00:00;0.3801369863013699;0.2765625
2018-09-05 13:00:00;0.6116438356164383;0.14791666666666667
2018-09-05 14:00:00;0.3253424657534247;0.19010416666666666
2018-09-05 15:00:00;0.2787671232876712;0.29270833333333335
2018-09-05 16:00:00;0.30684931506849317;0.3020833333333333
2018-09-05 17:00:00;0.29178082191780824;0.24270833333333333
2018-09-05 18:00:00;0.25547945205479455;0.265625
2018-09-05 19:00:00;0.176027397260274;0.31354166666666666
2018-09-05 20:00:00;0.17328767123287672;0.29270833333333335
2018-09-05 21:00:00;0.17328767123287672;0.2838541666666667
2018-09-05 22:00:00;0.15205479452054796;0.2734375
2018-09-05 23:00:00;0.19657534246575345;0.25156249999999997
2018-09-06 00:00:00;0.11164383561643836;0.3020833333333333
2018-09-06 01:00:00;0.21575342465753425;0.21406250000000002
2018-09-06 02:00:00;0.19657534246575345;0.22291666666666665
2018-09-06 03:00:00;0.15753424657534246;0.25052083333333336
2018-09-06 04:00:00;0.22876712328767124;0.2119791666666667
2018-09-06 05:00:00;0.3013698630136986;0.140625
2018-09-06 06:00:00;0.3301369863013699;0.10572916666666667
2018-09-06 07:00:00;0.3938356164383562;0.06197916666666667
2018-09-06 08:00:00;0.32945205479452055;0.13229166666666667
2018-09-06 09:00:00;0.2924657534246575;0.25364583333333335
2018-09-06 10:00:00;0.23424657534246576;0.31302083333333336
2018-09-06 11:00:00;0.20821917808219179;0.33749999999999997
2018-09-06 12:00:00;0.3267123287671233;0.2557291666666667
2018-09-06 13:00:00;0.29315068493150687;0.28854166666666664
2018-09-06 14:00:00;0.26438356164383564;0.3489583333333333
2018-09-06 15:00:00;0.21506849315068494;0.378125
2018-09-06 16:00:00;0.2602739726027397;0.35572916666666665
2018-09-06 17:00:00;0.17465753424657535;0.35520833333333335
2018-09-06 18:00:00;0.1821917808219178;0.35312499999999997
2018-09-06 19:00:00;0.20479452054794522;0.3020833333333333
2018-09-06 20:00:00;0.20410958904109588;0.2869791666666667
2018-09-06 21:00:00;0.24726027397260275;0.25104166666666666
2018-09-06 22:00:00;0.3904109589041096;0.13125
2018-09-06 23:00:00;0.46849315068493147;0.09427083333333335
2018-09-07 00:00:00;0.402054794520548;0.1203125
2018-09-07 01:00:00;0.2719178082191781;0.19322916666666667
2018-09-07 02:00:00;0.2095890410958904;0.23020833333333335
2018-09-07 03:00:00;0.23904109589041095;0.20364583333333333
2018-09-07 04:00:00;0.2034246575342466;0.21145833333333333
2018-09-07 05:00:00;0.2787671232876712;0.19010416666666666
2018-09-07 06:00:00;0.4191780821917808;0.1015625
2018-09-07 07:00:00;0.4541095890410959;0.07708333333333334
2018-09-07 08:00:00;0.36712328767123287;0.1546875
2018-09-07 09:00:00;0.24315068493150685;0.23802083333333335
2018-09-07 10:00:00;0.30410958904109586;0.21666666666666667
2018-09-07 11:00:00;0.22123287671232875;0.26875
2018-09-07 12:00:00;0.17465753424657535;0.28177083333333336
2018-09-07 13:00:00;0.1917808219178082;0.28177083333333336
2018-09-07 14:00:00;0.1856164383561644;0.3177083333333333
2018-09-07 15:00:00;0.15684931506849317;0.32708333333333334
2018-09-07 16:00:00;0.1684931506849315;0.3072916666666667
2018-09-07 17:00:00;0.2232876712328767;0.3015625
2018-09-07 18:00:00;0.17739726027397262;0.30364583333333334
2018-09-07 19:00:00;0.176027397260274;0.30885416666666665
2018-09-07 20:00:00;0.18493150684931506;0.2921875
2018-09-07 21:00:00;0.13356164383561644;0.31927083333333334
2018-09-07 22:00:00;0.10616438356164383;0.31666666666666665
2018-09-07 23:00:00;0.11164383561643836;0.31979166666666664
2018-09-08 00:00:00;0.08013698630136985;0.3442708333333333
2018-09-08 01:00:00;0.1452054794520548;0.2859375
2018-09-08 02:00:00;0.12054794520547946;0.28125
2018-09-08 03:00:00;0.12808219178082195;0.25833333333333336
2018-09-08 04:00:00;0.17671232876712328;0.21406250000000002
2018-09-08 05:00:00;0.24178082191780825;0.17760416666666667
2018-09-08 06:00:00;0.27808219178082194;0.13020833333333334
2018-09-08 07:00:00;0.3321917808219178;0.10208333333333335
2018-09-08 08:00:00;0.35342465753424657;0.08333333333333333
2018-09-08 09:00:00;0.3171232876712329;0.09270833333333334
2018-09-08 10:00:00;0.32808219178082193;0.12604166666666666
2018-09-08 11:00:00;0.2226027397260274;0.253125
2018-09-08 12:00:00;0.14726027397260275;0.33229166666666665
2018-09-08 13:00:00;0.18356164383561643;0.30520833333333336
2018-09-08 14:00:00;0.19383561643835617;0.29739583333333336
2018-09-08 15:00:00;0.17534246575342466;0.3125
2018-09-08 16:00:00;0.21232876712328766;0.28958333333333336
2018-09-08 17:00:00;0.17465753424657535;0.3026041666666667
2018-09-08 18:00:00;0.23150684931506849;0.25156249999999997
2018-09-08 19:00:00;0.2232876712328767;0.23906249999999998
2018-09-08 20:00:00;0.27671232876712326;0.2015625
2018-09-08 21:00:00;0.2856164383561644;0.18229166666666666
2018-09-08 22:00:00;0.26917808219178085;0.18125
2018-09-08 23:00:00;0.25205479452054796;0.18541666666666667
2018-09-09 00:00:00;0.2486301369863014;0.1625
2018-09-09 01:00:00;0.2602739726027397;0.15052083333333333
2018-09-09 02:00:00;0.2547945205479452;0.14114583333333333
2018-09-09 03:00:00;0.20821917808219179;0.15104166666666666
2018-09-09 04:00:00;0.21506849315068494;0.16354166666666667
2018-09-09 05:00:00;0.20068493150684932;0.1708333333333333
2018-09-09 06:00:00;0.27260273972602744;0.12864583333333332
2018-09-09 07:00:00;0.25205479452054796;0.14531249999999998
2018-09-09 08:00:00;0.2616438356164384;0.15520833333333334
2018-09-09 09:00:00;0.24315068493150685;0.17135416666666667
2018-09-09 10:00:00;0.22534246575342465;0.20364583333333333
2018-09-09 11:00:00;0.26917808219178085;0.24947916666666667
2018-09-09 12:00:00;0.23972602739726026;0.3171875
2018-09-09 13:00:00;0.23356164383561645;0.3651041666666666
2018-09-09 14:00:00;0.2821917808219178;0.3416666666666666
2018-09-09 15:00:00;0.2958904109589041;0.3510416666666667
2018-09-09 16:00:00;0.276027397260274;0.3958333333333333
2018-09-09 17:00:00;0.30000000000000004;0.3958333333333333
2018-09-09 18:00:00;0.3082191780821918;0.37135416666666665
2018-09-09 19:00:00;0.33835616438356164;0.33229166666666665
2018-09-09 20:00:00;0.34520547945205476;0.3223958333333333
2018-09-09 21:00:00;0.26438356164383564;0.3671875
2018-09-09 22:00:00;0.2458904109589041;0.3338541666666666
2018-09-09 23:00:00;0.2267123287671233;0.2838541666666667
2018-09-10 00:00:00;0.176027397260274;0.2557291666666667
2018-09-10 01:00:00;0.15753424657534246;0.2552083333333333
2018-09-10 02:00:00;0.12397260273972603;0.2604166666666667
2018-09-10 03:00:00;0.12808219178082195;0.24479166666666666
2018-09-10 04:00:00;0.136986301369863;0.24739583333333334
2018-09-10 05:00:00;0.2465753424657534;0.17916666666666667
2018-09-10 06:00:00;0.41027397260273973;0.06406250000000001
2018-09-10 07:00:00;0.39452054794520547;0.0984375
2018-09-10 08:00:00;0.37397260273972605;0.13020833333333334
2018-09-10 09:00:00;0.27945205479452057;0.1890625
2018-09-10 10:00:00;0.27260273972602744;0.21041666666666667
2018-09-10 11:00:00;0.17945205479452056;0.2489583333333333
2018-09-10 12:00:00;0.22191780821917806;0.23020833333333335
2018-09-10 13:00:00;0.18287671232876715;0.27499999999999997
2018-09-10 14:00:00;0.19041095890410958;0.3020833333333333
2018-09-10 15:00:00;0.21986301369863015;0.2838541666666667
2018-09-10 16:00:00;0.17123287671232876;0.3458333333333334
2018-09-10 17:00:00;0.18835616438356165;0.32187499999999997
2018-09-10 18:00:00;0.176027397260274;0.3307291666666667
2018-09-10 19:00:00;0.17465753424657535;0.33177083333333335
2018-09-10 20:00:00;0.2034246575342466;0.29583333333333334
2018-09-10 21:00:00;0.3356164383561644;0.2098958333333333
2018-09-10 22:00:00;0.236986301369863;0.24166666666666667
2018-09-10 23:00:00;0.19657534246575345;0.26145833333333335
2018-09-11 00:00:00;0.1452054794520548;0.2708333333333333
2018-09-11 01:00:00;0.13972602739726028;0.2432291666666667
2018-09-11 02:00:00;0.1445205479452055;0.22395833333333334
2018-09-11 03:00:00;0.13219178082191782;0.21666666666666667
2018-09-11 04:00:00;0.1541095890410959;0.22604166666666667
2018-09-11 05:00:00;0.26575342465753427;0.15208333333333332
2018-09-11 06:00:00;0.3801369863013699;0.0828125
2018-09-11 07:00:00;0.3678082191780822;0.10677083333333333
2018-09-11 08:00:00;0.34794520547945207;0.12916666666666668
2018-09-11 09:00:00;0.25205479452054796;0.20625000000000002
2018-09-11 10:00:00;0.17123287671232876;0.27708333333333335
2018-09-11 11:00:00;0.16712328767123288;0.29583333333333334
2018-09-11 12:00:00;0.16506849315068495;0.3307291666666667
2018-09-11 13:00:00;0.18287671232876715;0.31875000000000003
2018-09-11 14:00:00;0.18904109589041096;0.3260416666666667
2018-09-11 15:00:00;0.2054794520547945;0.30572916666666666
2018-09-11 16:00:00;0.14931506849315068;0.328125
2018-09-11 17:00:00;0.14246575342465753;0.34375
2018-09-11 18:00:00;0.1410958904109589;0.31302083333333336
2018-09-11 19:00:00;0.1184931506849315;0.29739583333333336
2018-09-11 20:00:00;0.11917808219178083;0.25937499999999997
2018-09-11 21:00:00;0.10136986301369862;0.26875
2018-09-11 22:00:00;0.09178082191780822;0.26718749999999997
2018-09-11 23:00:00;0.09315068493150684;0.24739583333333334
2018-09-12 00:00:00;0.086986301369863;0.23697916666666666
2018-09-12 01:00:00;0.13287671232876713;0.2546875
2018-09-12 02:00:00;0.16575342465753426;0.32968749999999997
2018-09-12 03:00:00;0.0684931506849315;0.3911458333333333
2018-09-12 04:00:00;0.09657534246575342;0.35052083333333334
2018-09-12 05:00:00;0.22123287671232875;0.284375
2018-09-12 06:00:00;0.3506849315068493;0.19843750000000002
2018-09-12 07:00:00;0.23150684931506849;0.2125
2018-09-12 08:00:00;0.18767123287671234;0.21510416666666665
2018-09-12 09:00:00;0.289041095890411;0.15677083333333333
2018-09-12 10:00:00;0.21164383561643837;0.19947916666666665
2018-09-12 11:00:00;0.2273972602739726;0.17552083333333335
2018-09-12 12:00:00;0.25068493150684934;0.19010416666666666
2018-09-12 13:00:00;0.21506849315068494;0.2489583333333333
2018-09-12 14:00:00;0.18835616438356165;0.2989583333333333
2018-09-12 15:00:00;0.19246575342465755;0.29322916666666665
2018-09-12 16:00:00;0.18424657534246577;0.28854166666666664
2018-09-12 17:00:00;0.17328767123287672;0.28958333333333336
2018-09-12 18:00:00;0.16986301369863013;0.2708333333333333
2018-09-12 19:00:00;0.18767123287671234;0.2489583333333333
2018-09-12 20:00:00;0.1993150684931507;0.23385416666666667
2018-09-12 21:00:00;0.22191780821917806;0.21614583333333334
2018-09-12 22:00:00;0.20821917808219179;0.22135416666666666
2018-09-12 23:00:00;0.15342465753424658;0.24166666666666667
2018-09-13 00:00:00;0.21095890410958903;0.21666666666666667
2018-09-13 01:00:00;0.2280821917808219;0.17760416666666667
2018-09-13 02:00:00;0.20684931506849316;0.17708333333333334
2018-09-13 03:00:00;0.25547945205479455;0.13125
2018-09-13 04:00:00;0.3678082191780822;0.03854166666666667
2018-09-13 05:00:00;0.36917808219178083;0.03333333333333333
2018-09-13 06:00:00;0.4993150684931506;0.027604166666666666
2018-09-13 07:00:00;0.4582191780821917;0.0625
2018-09-13 08:00:00;0.31780821917808216;0.14427083333333332
2018-09-13 09:00:00;0.19657534246575345;0.25
2018-09-13 10:00:00;0.1541095890410959;0.28072916666666664
2018-09-13 11:00:00;0.20273972602739726;0.2609375
2018-09-13 12:00:00;0.2493150684931507;0.2630208333333333
2018-09-13 13:00:00;0.23013698630136986;0.27239583333333334
2018-09-13 14:00:00;0.2595890410958904;0.2911458333333333
2018-09-13 15:00:00;0.2856164383561644;0.28802083333333334
2018-09-13 16:00:00;0.21095890410958903;0.3442708333333333
2018-09-13 17:00:00;0.17465753424657535;0.359375
2018-09-13 18:00:00;0.18424657534246577;0.31093750000000003
2018-09-13 19:00:00;0.21506849315068494;0.2859375
2018-09-13 20:00:00;0.30410958904109586;0.22395833333333334
2018-09-13 21:00:00;0.37876712328767126;0.12447916666666665
2018-09-13 22:00:00;0.386986301369863;0.09635416666666667
2018-09-13 23:00:00;0.4767123287671233;0.030208333333333334
2018-09-14 00:00:00;0.4883561643835616;0.029687500000000002
2018-09-14 01:00:00;0.5034246575342466;0.029166666666666664
2018-09-14 02:00:00;0.42054794520547945;0.0890625
2018-09-14 03:00:00;0.33493150684931505;0.12447916666666665
2018-09-14 04:00:00;0.2582191780821918;0.18697916666666667
2018-09-14 05:00:00;0.35479452054794525;0.17500000000000002
2018-09-14 06:00:00;0.4842465753424657;0.11041666666666666
2018-09-14 07:00:00;0.460958904109589;0.11302083333333333
2018-09-14 08:00:00;0.4787671232876712;0.13489583333333333
2018-09-14 09:00:00;0.41986301369863016;0.16458333333333333
2018-09-14 10:00:00;0.3952054794520548;0.22135416666666666
2018-09-14 11:00:00;0.34863013698630135;0.2484375
2018-09-14 12:00:00;0.27945205479452057;0.28020833333333334
2018-09-14 13:00:00;0.27945205479452057;0.2578125
2018-09-14 14:00:00;0.21643835616438356;0.33749999999999997
2018-09-14 15:00:00;0.22534246575342465;0.3328125
2018-09-14 16:00:00;0.18356164383561643;0.35520833333333335
2018-09-14 17:00:00;0.29657534246575346;0.2760416666666667
2018-09-14 18:00:00;0.24383561643835616;0.2916666666666667
2018-09-14 19:00:00;0.2095890410958904;0.30364583333333334
2018-09-14 20:00:00;0.2684931506849315;0.24166666666666667
2018-09-14 21:00:00;0.40684931506849314;0.14739583333333334
2018-09-14 22:00:00;0.4527397260273972;0.09999999999999999
2018-09-14 23:00:00;0.37191780821917814;0.12552083333333333
2018-09-15 00:00:00;0.33630136986301373;0.12604166666666666
2018-09-15 01:00:00;0.20410958904109588;0.22916666666666666
2018-09-15 02:00:00;0.15547945205479455;0.24687499999999998
2018-09-15 03:00:00;0.15136986301369865;0.2557291666666667
2018-09-15 04:00:00;0.1308219178082192;0.25885416666666666
2018-09-15 05:00:00;0.1541095890410959;0.22187500000000002
2018-09-15 06:00:00;0.2356164383561644;0.13489583333333333
2018-09-15 07:00:00;0.33493150684931505;0.11927083333333333
2018-09-15 08:00:00;0.29383561643835615;0.18489583333333334
2018-09-15 09:00:00;0.16643835616438357;0.27239583333333334
2018-09-15 10:00:00;0.1582191780821918;0.2989583333333333
2018-09-15 11:00:00;0.15273972602739727;0.30885416666666665
2018-09-15 12:00:00;0.1582191780821918;0.3359375
2018-09-15 13:00:00;0.13767123287671235;0.346875
2018-09-15 14:00:00;0.12054794520547946;0.3536458333333334
2018-09-15 15:00:00;0.1273972602739726;0.3515625
2018-09-15 16:00:00;0.11506849315068493;0.35625
2018-09-15 17:00:00;0.1678082191780822;0.32656250000000003
2018-09-15 18:00:00;0.2719178082191781;0.2630208333333333
2018-09-15 19:00:00;0.3801369863013699;0.1864583333333333
2018-09-15 20:00:00;0.4458904109589041;0.12447916666666665
2018-09-15 21:00:00;0.5;0.08750000000000001
2018-09-15 22:00:00;0.5273972602739726;0.08645833333333335
2018-09-15 23:00:00;0.3972602739726027;0.14479166666666668
2018-09-16 00:00:00;0.33767123287671236;0.15364583333333334
2018-09-16 01:00:00;0.3287671232876712;0.14635416666666667
2018-09-16 02:00:00;0.276027397260274;0.1703125
2018-09-16 03:00:00;0.2404109589041096;0.18125
2018-09-16 04:00:00;0.2486301369863014;0.16666666666666666
2018-09-16 05:00:00;0.2226027397260274;0.1703125
2018-09-16 06:00:00;0.21027397260273975;0.16666666666666666
2018-09-16 07:00:00;0.2856164383561644;0.13125
2018-09-16 08:00:00;0.2808219178082192;0.171875
2018-09-16 09:00:00;0.24178082191780825;0.21302083333333333
2018-09-16 10:00:00;0.2486301369863014;0.23750000000000002
2018-09-16 11:00:00;0.2465753424657534;0.2489583333333333
2018-09-16 12:00:00;0.25890410958904114;0.29010416666666666
2018-09-16 13:00:00;0.1958904109589041;0.3572916666666666
2018-09-16 14:00:00;0.1815068493150685;0.378125
2018-09-16 15:00:00;0.18835616438356165;0.403125
2018-09-16 16:00:00;0.2636986301369863;0.35781250000000003
2018-09-16 17:00:00;0.2897260273972603;0.32968749999999997
2018-09-16 18:00:00;0.27123287671232876;0.32916666666666666
2018-09-16 19:00:00;0.41369863013698627;0.22916666666666666
2018-09-16 20:00:00;0.5171232876712328;0.14270833333333333
2018-09-16 21:00:00;0.4794520547945205;0.12760416666666666
2018-09-16 22:00:00;0.6123287671232877;0.06406250000000001
2018-09-16 23:00:00;0.5047945205479452;0.12291666666666667
2018-09-17 00:00:00;0.3780821917808219;0.17708333333333334
2018-09-17 01:00:00;0.31232876712328766;0.19322916666666667
2018-09-17 02:00:00;0.29041095890410956;0.16770833333333335
2018-09-17 03:00:00;0.32054794520547947;0.12812500000000002
2018-09-17 04:00:00;0.32739726027397265;0.11927083333333333
2018-09-17 05:00:00;0.36575342465753424;0.09166666666666667
2018-09-17 06:00:00;0.5184931506849314;0.05104166666666667
2018-09-17 07:00:00;0.5369863013698629;0.041666666666666664
2018-09-17 08:00:00;0.5595890410958904;0.0390625
2018-09-17 09:00:00;0.5835616438356164;0.057291666666666664
2018-09-17 10:00:00;0.6417808219178082;0.09999999999999999
2018-09-17 11:00:00;0.3232876712328767;0.19895833333333335
2018-09-17 12:00:00;0.3472602739726028;0.2432291666666667
2018-09-17 13:00:00;0.4383561643835616;0.25937499999999997
2018-09-17 14:00:00;0.33424657534246577;0.34218750000000003
2018-09-17 15:00:00;0.3335616438356165;0.3828125
2018-09-17 16:00:00;0.38082191780821917;0.3484375
2018-09-17 17:00:00;0.43561643835616437;0.36302083333333335
2018-09-17 18:00:00;0.4226027397260274;0.4473958333333334
2018-09-17 19:00:00;0.6938356164383561;0.1885416666666667
2018-09-17 20:00:00;0.6095890410958904;0.20520833333333333
2018-09-17 21:00:00;0.471917808219178;0.2786458333333333
2018-09-17 22:00:00;0.4643835616438356;0.26979166666666665
2018-09-17 23:00:00;0.33493150684931505;0.3515625
2018-09-18 00:00:00;0.3219178082191781;0.3442708333333333
2018-09-18 01:00:00;0.27260273972602744;0.3520833333333333
2018-09-18 02:00:00;0.236986301369863;0.34270833333333334
2018-09-18 03:00:00;0.22191780821917806;0.33177083333333335
2018-09-18 04:00:00;0.22397260273972605;0.31406249999999997
2018-09-18 05:00:00;0.3116438356164384;0.27968750000000003
2018-09-18 06:00:00;0.4643835616438356;0.1963541666666667
2018-09-18 07:00:00;0.4732876712328767;0.1885416666666667
2018-09-18 08:00:00;0.4993150684931506;0.18020833333333333
2018-09-18 09:00:00;0.5328767123287671;0.17708333333333334
2018-09-18 10:00:00;0.3232876712328767;0.2630208333333333
2018-09-18 11:00:00;0.21027397260273975;0.3223958333333333
2018-09-18 12:00:00;0.16986301369863013;0.3338541666666666
2018-09-18 13:00:00;0.1821917808219178;0.3416666666666666
2018-09-18 14:00:00;0.19041095890410958;0.35572916666666665
2018-09-18 15:00:00;0.15616438356164383;0.3932291666666667
2018-09-18 16:00:00;0.13630136986301372;0.4067708333333333
2018-09-18 17:00:00;0.13356164383561644;0.40781249999999997
2018-09-18 18:00:00;0.15547945205479455;0.3875
2018-09-18 19:00:00;0.1349315068493151;0.3671875
2018-09-18 20:00:00;0.10616438356164383;0.3489583333333333
2018-09-18 21:00:00;0.1273972602739726;0.309375
2018-09-18 22:00:00;0.13424657534246576;0.28802083333333334
2018-09-18 23:00:00;0.16712328767123288;0.2526041666666667
2018-09-19 00:00:00;0.09863013698630137;0.25833333333333336
2018-09-19 01:00:00;0.08767123287671232;0.25156249999999997
2018-09-19 02:00:00;0.1267123287671233;0.1963541666666667
2018-09-19 03:00:00;0.13972602739726028;0.1625
2018-09-19 04:00:00;0.1952054794520548;0.13802083333333334
2018-09-19 05:00:00;0.30890410958904113;0.09375
2018-09-19 06:00:00;0.46027397260273967;0.05833333333333333
2018-09-19 07:00:00;0.40616438356164386;0.07968750000000001
2018-09-19 08:00:00;0.42671232876712334;0.0890625
2018-09-19 09:00:00;0.3424657534246575;0.1125
2018-09-19 10:00:00;0.33630136986301373;0.15312499999999998
2018-09-19 11:00:00;0.3184931506849315;0.20781249999999998
2018-09-19 12:00:00;0.24178082191780825;0.26875
2018-09-19 13:00:00;0.16575342465753426;0.3328125
2018-09-19 14:00:00;0.2034246575342466;0.3328125
2018-09-19 15:00:00;0.1726027397260274;0.34791666666666665
2018-09-19 16:00:00;0.16575342465753426;0.33749999999999997
2018-09-19 17:00:00;0.2034246575342466;0.28958333333333336
2018-09-19 18:00:00;0.12465753424657534;0.325
2018-09-19 19:00:00;0.21095890410958903;0.26458333333333334
2018-09-19 20:00:00;0.18082191780821918;0.2916666666666667
2018-09-19 21:00:00;0.1184931506849315;0.33177083333333335
2018-09-19 22:00:00;0.20821917808219179;0.2552083333333333
2018-09-19 23:00:00;0.1178082191780822;0.28958333333333336
2018-09-20 00:00:00;0.10136986301369862;0.2921875
2018-09-20 01:00:00;0.1006849315068493;0.27708333333333335
2018-09-20 02:00:00;0.1232876712328767;0.25677083333333334
2018-09-20 03:00:00;0.12397260273972603;0.24375
2018-09-20 04:00:00;0.13561643835616438;0.22968750000000002
2018-09-20 05:00:00;0.2582191780821918;0.1708333333333333
2018-09-20 06:00:00;0.3883561643835617;0.1015625
2018-09-20 07:00:00;0.4041095890410959;0.07916666666666666
2018-09-20 08:00:00;0.3767123287671233;0.11145833333333333
2018-09-20 09:00:00;0.2753424657534247;0.16770833333333335
2018-09-20 10:00:00;0.2808219178082192;0.18697916666666667
2018-09-20 11:00:00;0.2458904109589041;0.22343749999999998
2018-09-20 12:00:00;0.22876712328767124;0.253125
2018-09-20 13:00:00;0.2684931506849315;0.24427083333333333
2018-09-20 14:00:00;0.2876712328767123;0.24791666666666667
2018-09-20 15:00:00;0.23767123287671235;0.30520833333333336
2018-09-20 16:00:00;0.31095890410958904;0.26875
2018-09-20 17:00:00;0.29726027397260274;0.26406250000000003
2018-09-20 18:00:00;0.27808219178082194;0.24375
2018-09-20 19:00:00;0.3404109589041096;0.196875
2018-09-20 20:00:00;0.38630136986301367;0.16041666666666668
2018-09-20 21:00:00;0.2534246575342466;0.23072916666666665
2018-09-20 22:00:00;0.24315068493150685;0.2682291666666667
2018-09-20 23:00:00;0.17123287671232876;0.29010416666666666
2018-09-21 00:00:00;0.16917808219178085;0.28072916666666664
2018-09-21 01:00:00;0.15273972602739727;0.2703125
2018-09-21 02:00:00;0.11917808219178083;0.28958333333333336
2018-09-21 03:00:00;0.09109589041095889;0.31979166666666664
2018-09-21 04:00:00;0.07671232876712328;0.32395833333333335
2018-09-21 05:00:00;0.1582191780821918;0.2760416666666667
2018-09-21 06:00:00;0.24178082191780825;0.2255208333333333
2018-09-21 07:00:00;0.18835616438356165;0.25104166666666666
2018-09-21 08:00:00;0.15342465753424658;0.25885416666666666
2018-09-21 09:00:00;0.136986301369863;0.28854166666666664
2018-09-21 10:00:00;0.13561643835616438;0.31145833333333334
2018-09-21 11:00:00;0.1232876712328767;0.3307291666666667
2018-09-21 12:00:00;0.15342465753424658;0.3098958333333333
2018-09-21 13:00:00;0.14657534246575343;0.31927083333333334
2018-09-21 14:00:00;0.16506849315068495;0.315625
2018-09-21 15:00:00;0.16575342465753426;0.33229166666666665
2018-09-21 16:00:00;0.16643835616438357;0.33229166666666665
2018-09-21 17:00:00;0.19109589041095892;0.3125
2018-09-21 18:00:00;0.15000000000000002;0.3078125
2018-09-21 19:00:00;0.13972602739726028;0.2989583333333333
2018-09-21 20:00:00;0.09520547945205479;0.3145833333333333
2018-09-21 21:00:00;0.10890410958904109;0.30312500000000003
2018-09-21 22:00:00;0.08287671232876712;0.32708333333333334
2018-09-21 23:00:00;0.08287671232876712;0.32447916666666665
2018-09-22 00:00:00;0.07054794520547945;0.325
2018-09-22 01:00:00;0.09383561643835615;0.30572916666666666
2018-09-22 02:00:00;0.06712328767123288;0.30312500000000003
2018-09-22 03:00:00;0.0547945205479452;0.3020833333333333
2018-09-22 04:00:00;0.07876712328767123;0.29062499999999997
2018-09-22 05:00:00;0.0958904109589041;0.27499999999999997
2018-09-22 06:00:00;0.15000000000000002;0.25937499999999997
2018-09-22 07:00:00;0.16986301369863013;0.22291666666666665
2018-09-22 08:00:00;0.2136986301369863;0.2265625
2018-09-22 09:00:00;0.22397260273972605;0.21510416666666665
2018-09-22 10:00:00;0.14383561643835616;0.27499999999999997
2018-09-22 11:00:00;0.1308219178082192;0.2864583333333333
2018-09-22 12:00:00;0.1719178082191781;0.278125
2018-09-22 13:00:00;0.14383561643835616;0.27968750000000003
2018-09-22 14:00:00;0.29863013698630136;0.17708333333333334
2018-09-22 15:00:00;0.3541095890410959;0.15260416666666668
2018-09-22 16:00:00;0.37876712328767126;0.1328125
2018-09-22 17:00:00;0.3232876712328767;0.18020833333333333
2018-09-22 18:00:00;0.32945205479452055;0.1729166666666667
2018-09-22 19:00:00;0.36575342465753424;0.1703125
2018-09-22 20:00:00;0.32602739726027397;0.18385416666666665
2018-09-22 21:00:00;0.31780821917808216;0.19375
2018-09-22 22:00:00;0.313013698630137;0.1729166666666667
2018-09-22 23:00:00;0.27945205479452057;0.14895833333333333
2018-09-23 00:00:00;0.23835616438356166;0.1703125
2018-09-23 01:00:00;0.23972602739726026;0.1546875
2018-09-23 02:00:00;0.25273972602739725;0.13020833333333334
2018-09-23 03:00:00;0.2897260273972603;0.1328125
2018-09-23 04:00:00;0.2732876712328767;0.11093750000000001
2018-09-23 05:00:00;0.2458904109589041;0.13177083333333334
2018-09-23 06:00:00;0.2787671232876712;0.10208333333333335
2018-09-23 07:00:00;0.3164383561643836;0.090625
2018-09-23 08:00:00;0.2821917808219178;0.10677083333333333
2018-09-23 09:00:00;0.2842465753424658;0.11927083333333333
2018-09-23 10:00:00;0.20410958904109588;0.13802083333333334
2018-09-23 11:00:00;0.1547945205479452;0.21666666666666667
2018-09-23 12:00:00;0.1315068493150685;0.2833333333333333
2018-09-23 13:00:00;0.10684931506849314;0.32708333333333334
2018-09-23 14:00:00;0.12123287671232877;0.3203125
2018-09-23 15:00:00;0.23767123287671235;0.25729166666666664
2018-09-23 16:00:00;0.27465753424657535;0.23020833333333335
2018-09-23 17:00:00;0.11712328767123288;0.3359375
2018-09-23 18:00:00;0.14315068493150687;0.29739583333333336
2018-09-23 19:00:00;0.26575342465753427;0.2119791666666667
2018-09-23 20:00:00;0.27123287671232876;0.2255208333333333
2018-09-23 21:00:00;0.15342465753424658;0.2916666666666667
2018-09-23 22:00:00;0.0958904109589041;0.3572916666666666
2018-09-23 23:00:00;0.1178082191780822;0.3364583333333333
2018-09-24 00:00:00;0.10616438356164383;0.3338541666666666
2018-09-24 01:00:00;0.07602739726027397;0.3588541666666667
2018-09-24 02:00:00;0.1308219178082192;0.3171875
2018-09-24 03:00:00;0.12054794520547946;0.32864583333333336
2018-09-24 04:00:00;0.16986301369863013;0.296875
2018-09-24 05:00:00;0.31917808219178084;0.1875
2018-09-24 06:00:00;0.4965753424657534;0.0890625
2018-09-24 07:00:00;0.30890410958904113;0.19166666666666665
2018-09-24 08:00:00;0.40821917808219177;0.13697916666666668
2018-09-24 09:00:00;0.22191780821917806;0.24583333333333335
2018-09-24 10:00:00;0.20616438356164385;0.2755208333333333
2018-09-24 11:00:00;0.16095890410958905;0.3177083333333333
2018-09-24 12:00:00;0.14726027397260275;0.3364583333333333
2018-09-24 13:00:00;0.18287671232876715;0.31406249999999997
2018-09-24 14:00:00;0.18767123287671234;0.3229166666666667
2018-09-24 15:00:00;0.16575342465753426;0.33489583333333334
2018-09-24 16:00:00;0.15753424657534246;0.33489583333333334
2018-09-24 17:00:00;0.22191780821917806;0.27395833333333336
2018-09-24 18:00:00;0.236986301369863;0.2546875
2018-09-24 19:00:00;0.17397260273972603;0.2786458333333333
2018-09-24 20:00:00;0.2842465753424658;0.20104166666666667
2018-09-24 21:00:00;0.2486301369863014;0.21666666666666667
2018-09-24 22:00:00;0.2671232876712329;0.2046875
2018-09-24 23:00:00;0.23835616438356166;0.20052083333333334
2018-09-25 00:00:00;0.28356164383561644;0.14583333333333334
2018-09-25 01:00:00;0.33150684931506846;0.11197916666666667
2018-09-25 02:00:00;0.30684931506849317;0.11979166666666667
2018-09-25 03:00:00;0.29041095890410956;0.10677083333333333
2018-09-25 04:00:00;0.3609589041095891;0.096875
2018-09-25 05:00:00;0.4732876712328767;0.04010416666666667
2018-09-25 06:00:00;0.6054794520547945;0.029166666666666664
2018-09-25 07:00:00;0.7356164383561643;0.0375
2018-09-25 08:00:00;0.6671232876712329;0.06614583333333333
2018-09-25 09:00:00;0.5705479452054795;0.1046875
2018-09-25 10:00:00;0.4650684931506849;0.165625
2018-09-25 11:00:00;0.28150684931506853;0.22708333333333333
2018-09-25 12:00:00;0.4712328767123288;0.146875
2018-09-25 13:00:00;0.4972602739726027;0.13802083333333334
2018-09-25 14:00:00;0.3424657534246575;0.21145833333333333
2018-09-25 15:00:00;0.36369863013698633;0.22187500000000002
2018-09-25 16:00:00;0.38287671232876713;0.19947916666666665
2018-09-25 17:00:00;0.4513698630136986;0.16093749999999998
2018-09-25 18:00:00;0.32808219178082193;0.19166666666666665
2018-09-25 19:00:00;0.386986301369863;0.13854166666666667
2018-09-25 20:00:00;0.541095890410959;0.04322916666666667
2018-09-25 21:00:00;0.5691780821917808;0.05416666666666667
2018-09-25 22:00:00;0.4828767123287671;0.06979166666666667
2018-09-25 23:00:00;0.3678082191780822;0.1265625
2018-09-26 00:00:00;0.29383561643835615;0.14479166666666668
2018-09-26 01:00:00;0.2410958904109589;0.1703125
2018-09-26 02:00:00;0.2650684931506849;0.14375000000000002
2018-09-26 03:00:00;0.28630136986301374;0.13697916666666668
2018-09-26 04:00:00;0.3424657534246575;0.09270833333333334
2018-09-26 05:00:00;0.4780821917808219;0.042187499999999996
2018-09-26 06:00:00;0.5561643835616438;0.0265625
2018-09-26 07:00:00;0.5506849315068493;0.0328125
2018-09-26 08:00:00;0.5020547945205479;0.04739583333333333
2018-09-26 09:00:00;0.4910958904109588;0.06979166666666667
2018-09-26 10:00:00;0.41712328767123286;0.12083333333333333
2018-09-26 11:00:00;0.2732876712328767;0.24010416666666667
2018-09-26 12:00:00;0.23150684931506849;0.3067708333333333
2018-09-26 13:00:00;0.21506849315068494;0.32864583333333336
2018-09-26 14:00:00;0.2445205479452055;0.3255208333333333
2018-09-26 15:00:00;0.23424657534246576;0.3338541666666666
2018-09-26 16:00:00;0.2321917808219178;0.31093750000000003
2018-09-26 17:00:00;0.276027397260274;0.30520833333333336
2018-09-26 18:00:00;0.27671232876712326;0.30312500000000003
2018-09-26 19:00:00;0.27123287671232876;0.28020833333333334
2018-09-26 20:00:00;0.34863013698630135;0.21458333333333335
2018-09-26 21:00:00;0.3712328767123288;0.19375
2018-09-26 22:00:00;0.4931506849315068;0.11666666666666665
2018-09-26 23:00:00;0.5212328767123288;0.06302083333333333
2018-09-27 00:00:00;0.4301369863013699;0.07760416666666667
2018-09-27 01:00:00;0.43767123287671234;0.06510416666666667
2018-09-27 02:00:00;0.402054794520548;0.0703125
2018-09-27 03:00:00;0.3986301369863014;0.059375000000000004
2018-09-27 04:00:00;0.4143835616438356;0.04322916666666667
2018-09-27 05:00:00;0.4794520547945205;0.025520833333333336
2018-09-27 06:00:00;0.5541095890410959;0.022395833333333334
2018-09-27 07:00:00;0.5815068493150685;0.027604166666666666
2018-09-27 08:00:00;0.5883561643835615;0.036458333333333336
2018-09-27 09:00:00;0.6164383561643836;0.049479166666666664
2018-09-27 10:00:00;0.6164383561643836;0.07395833333333333
2018-09-27 11:00:00;0.534931506849315;0.1578125
2018-09-27 12:00:00;0.534931506849315;0.1578125
2018-09-27 13:00:00;0.5499999999999999;0.19739583333333333
2018-09-27 14:00:00;0.4397260273972603;0.2625
2018-09-27 15:00:00;0.4636986301369862;0.28020833333333334
2018-09-27 16:00:00;0.40616438356164386;0.3442708333333333
2018-09-27 17:00:00;0.5184931506849314;0.3098958333333333
2018-09-27 18:00:00;0.39452054794520547;0.2890625
2018-09-27 19:00:00;0.4363013698630137;0.23177083333333334
2018-09-27 20:00:00;0.4301369863013699;0.2098958333333333
2018-09-27 21:00:00;0.4849315068493151;0.1708333333333333
2018-09-27 22:00:00;0.41164383561643836;0.20677083333333335
2018-09-27 23:00:00;0.43219178082191784;0.16458333333333333
2018-09-28 00:00:00;0.4315068493150685;0.12395833333333334
2018-09-28 01:00:00;0.1267123287671233;0.2625
2018-09-28 02:00:00;0.07054794520547945;0.2921875
2018-09-28 03:00:00;0.048630136986301364;0.33177083333333335
2018-09-28 04:00:00;0.06712328767123288;0.31614583333333335
2018-09-28 05:00:00;0.09520547945205479;0.27760416666666665
2018-09-28 06:00:00;0.2136986301369863;0.2203125
2018-09-28 07:00:00;0.2054794520547945;0.21458333333333335
2018-09-28 08:00:00;0.2054794520547945;0.2171875
2018-09-28 09:00:00;0.15753424657534246;0.2489583333333333
2018-09-28 10:00:00;0.13630136986301372;0.26875
2018-09-28 11:00:00;0.18424657534246577;0.253125
2018-09-28 12:00:00;0.13767123287671235;0.2890625
2018-09-28 13:00:00;0.1410958904109589;0.30052083333333335
2018-09-28 14:00:00;0.15342465753424658;0.29635416666666664
2018-09-28 15:00:00;0.13561643835616438;0.3182291666666667
2018-09-28 16:00:00;0.14931506849315068;0.3104166666666667
2018-09-28 17:00:00;0.19657534246575345;0.28541666666666665
2018-09-28 18:00:00;0.1952054794520548;0.26614583333333336
2018-09-28 19:00:00;0.17054794520547947;0.25833333333333336
2018-09-28 20:00:00;0.19863013698630136;0.21041666666666667
2018-09-28 21:00:00;0.2363013698630137;0.20052083333333334
2018-09-28 22:00:00;0.25547945205479455;0.1859375
2018-09-28 23:00:00;0.27945205479452057;0.17135416666666667
2018-09-29 00:00:00;0.33630136986301373;0.12291666666666667
2018-09-29 01:00:00;0.4623287671232877;0.046875
2018-09-29 02:00:00;0.4527397260273972;0.03125
2018-09-29 03:00:00;0.4363013698630137;0.029166666666666664
2018-09-29 04:00:00;0.4438356164383561;0.017187499999999998
2018-09-29 05:00:00;0.4520547945205479;0.0203125
2018-09-29 06:00:00;0.5075342465753424;0.027604166666666666
2018-09-29 07:00:00;0.5780821917808219;0.033854166666666664
2018-09-29 08:00:00;0.4801369863013698;0.10104166666666665
2018-09-29 09:00:00;0.40273972602739727;0.15208333333333332
2018-09-29 10:00:00;0.40616438356164386;0.16666666666666666
2018-09-29 11:00:00;0.3219178082191781;0.24739583333333334
2018-09-29 12:00:00;0.31917808219178084;0.240625
2018-09-29 13:00:00;0.3150684931506849;0.24270833333333333
2018-09-29 14:00:00;0.3301369863013699;0.25885416666666666
2018-09-29 15:00:00;0.31232876712328766;0.25052083333333336
2018-09-29 16:00:00;0.35890410958904106;0.228125
2018-09-29 17:00:00;0.37876712328767126;0.20104166666666667
2018-09-29 18:00:00;0.41027397260273973;0.15572916666666667
2018-09-29 19:00:00;0.4280821917808219;0.10364583333333333
2018-09-29 20:00:00;0.486986301369863;0.0703125
2018-09-29 21:00:00;0.42671232876712334;0.10520833333333333
2018-09-29 22:00:00;0.5143835616438356;0.0375
2018-09-29 23:00:00;0.5212328767123288;0.034374999999999996
2018-09-30 00:00:00;0.5191780821917809;0.03072916666666667
2018-09-30 01:00:00;0.5267123287671233;0.035416666666666666
2018-09-30 02:00:00;0.3801369863013699;0.10520833333333333
2018-09-30 03:00:00;0.3472602739726028;0.121875
2018-09-30 04:00:00;0.43219178082191784;0.065625
2018-09-30 05:00:00;0.44931506849315067;0.042187499999999996
2018-09-30 06:00:00;0.5061643835616437;0.033854166666666664
2018-09-30 07:00:00;0.5020547945205479;0.0484375
2018-09-30 08:00:00;0.40342465753424656;0.08489583333333334
2018-09-30 09:00:00;0.4780821917808219;0.08229166666666667
2018-09-30 10:00:00;0.476027397260274;0.09999999999999999
2018-09-30 11:00:00;0.26917808219178085;0.28229166666666666
2018-09-30 12:00:00;0.17945205479452056;0.35052083333333334
2018-09-30 13:00:00;0.22054794520547946;0.3484375
2018-09-30 14:00:00;0.1582191780821918;0.3859375
2018-09-30 15:00:00;0.1452054794520548;0.3885416666666666
2018-09-30 16:00:00;0.1993150684931507;0.3411458333333333
2018-09-30 17:00:00;0.2280821917808219;0.31406249999999997
2018-09-30 18:00:00;0.2273972602739726;0.2703125
2018-09-30 19:00:00;0.15753424657534246;0.3072916666666667
2018-09-30 20:00:00;0.22123287671232875;0.2598958333333333
2018-09-30 21:00:00;0.13561643835616438;0.296875
2018-09-30 22:00:00;0.15342465753424658;0.26406250000000003
2018-09-30 23:00:00;0.12260273972602741;0.28802083333333334
2018-10-01 00:00:00;0.12123287671232877;0.3104166666666667
2018-10-01 01:00:00;0.06232876712328767;0.346875
2018-10-01 02:00:00;0.08972602739726027;0.32708333333333334
2018-10-01 03:00:00;0.11164383561643836;0.3020833333333333
2018-10-01 04:00:00;0.18767123287671234;0.2625
2018-10-01 05:00:00;0.236986301369863;0.2203125
2018-10-01 06:00:00;0.31780821917808216;0.17552083333333335
2018-10-01 07:00:00;0.31369863013698635;0.16927083333333334
2018-10-01 08:00:00;0.2328767123287671;0.2328125
2018-10-01 09:00:00;0.1863013698630137;0.26875
2018-10-01 10:00:00;0.1726027397260274;0.309375
2018-10-01 11:00:00;0.15136986301369865;0.34531249999999997
2018-10-01 12:00:00;0.15342465753424658;0.3307291666666667
2018-10-01 13:00:00;0.17671232876712328;0.3151041666666667
2018-10-01 14:00:00;0.16506849315068495;0.3359375
2018-10-01 15:00:00;0.16986301369863013;0.33489583333333334
2018-10-01 16:00:00;0.22465753424657534;0.2989583333333333
2018-10-01 17:00:00;0.21575342465753425;0.2994791666666667
2018-10-01 18:00:00;0.1719178082191781;0.31666666666666665
2018-10-01 19:00:00;0.176027397260274;0.3067708333333333
2018-10-01 20:00:00;0.2410958904109589;0.23750000000000002
2018-10-01 21:00:00;0.23767123287671235;0.2359375
2018-10-01 22:00:00;0.37945205479452054;0.15
2018-10-01 23:00:00;0.4054794520547945;0.11666666666666665
2018-10-02 00:00:00;0.3027397260273973;0.16718750000000002
2018-10-02 01:00:00;0.2280821917808219;0.19999999999999998
2018-10-02 02:00:00;0.12808219178082195;0.29531250000000003
2018-10-02 03:00:00;0.11095890410958903;0.30416666666666664
2018-10-02 04:00:00;0.14589041095890412;0.23020833333333335
2018-10-02 05:00:00;0.25753424657534246;0.13333333333333333
2018-10-02 06:00:00;0.37945205479452054;0.13072916666666667
2018-10-02 07:00:00;0.28835616438356165;0.2276041666666667
2018-10-02 08:00:00;0.2705479452054795;0.1864583333333333
2018-10-02 09:00:00;0.2273972602739726;0.19843750000000002
2018-10-02 10:00:00;0.27945205479452057;0.15312499999999998
2018-10-02 11:00:00;0.2719178082191781;0.16874999999999998
2018-10-02 12:00:00;0.2410958904109589;0.21614583333333334
2018-10-02 13:00:00;0.24315068493150685;0.2578125
2018-10-02 14:00:00;0.21780821917808219;0.29843749999999997
2018-10-02 15:00:00;0.20205479452054795;0.33125
2018-10-02 16:00:00;0.20205479452054795;0.3307291666666667
2018-10-02 17:00:00;0.20753424657534247;0.3359375
2018-10-02 18:00:00;0.22054794520547946;0.3177083333333333
2018-10-02 19:00:00;0.21164383561643837;0.30364583333333334
2018-10-02 20:00:00;0.22054794520547946;0.2942708333333333
2018-10-02 21:00:00;0.21095890410958903;0.2911458333333333
2018-10-02 22:00:00;0.2623287671232877;0.21562499999999998
2018-10-02 23:00:00;0.3232876712328767;0.19010416666666666
2018-10-03 00:00:00;0.17054794520547947;0.30572916666666666
2018-10-03 01:00:00;0.14589041095890412;0.3026041666666667
2018-10-03 02:00:00;0.13424657534246576;0.2989583333333333
2018-10-03 03:00:00;0.13835616438356166;0.29322916666666665
2018-10-03 04:00:00;0.14931506849315068;0.2890625
2018-10-03 05:00:00;0.25068493150684934;0.234375
2018-10-03 06:00:00;0.36917808219178083;0.15156250000000002
2018-10-03 07:00:00;0.4349315068493151;0.1265625
2018-10-03 08:00:00;0.4041095890410959;0.15572916666666667
2018-10-03 09:00:00;0.35479452054794525;0.18489583333333334
2018-10-03 10:00:00;0.2616438356164384;0.24583333333333335
2018-10-03 11:00:00;0.3116438356164384;0.25052083333333336
2018-10-03 12:00:00;0.26917808219178085;0.26145833333333335
2018-10-03 13:00:00;0.24726027397260275;0.29583333333333334
2018-10-03 14:00:00;0.20684931506849316;0.3182291666666667
2018-10-03 15:00:00;0.2171232876712329;0.31979166666666664
2018-10-03 16:00:00;0.1993150684931507;0.30416666666666664
2018-10-03 17:00:00;0.2493150684931507;0.2916666666666667
2018-10-03 18:00:00;0.23493150684931505;0.28177083333333336
2018-10-03 19:00:00;0.3595890410958904;0.1807291666666667
2018-10-03 20:00:00;0.3712328767123288;0.1734375
2018-10-03 21:00:00;0.41301369863013704;0.08958333333333333
2018-10-03 22:00:00;0.3527397260273973;0.1015625
2018-10-03 23:00:00;0.32602739726027397;0.10208333333333335
2018-10-04 00:00:00;0.2773972602739726;0.0890625
2018-10-04 01:00:00;0.2410958904109589;0.08437499999999999
2018-10-04 02:00:00;0.2280821917808219;0.0828125
2018-10-04 03:00:00;0.2678082191780822;0.05625
2018-10-04 04:00:00;0.28835616438356165;0.05833333333333333
2018-10-04 05:00:00;0.33493150684931505;0.05625
2018-10-04 06:00:00;0.4452054794520548;0.026041666666666668
2018-10-04 07:00:00;0.4910958904109588;0.0203125
2018-10-04 08:00:00;0.4698630136986301;0.022395833333333334
2018-10-04 09:00:00;0.4465753424657534;0.03125
2018-10-04 10:00:00;0.40479452054794524;0.04739583333333333
2018-10-04 11:00:00;0.3184931506849315;0.09531250000000001
2018-10-04 12:00:00;0.4178082191780822;0.08125
2018-10-04 13:00:00;0.3698630136986301;0.15312499999999998
2018-10-04 14:00:00;0.30000000000000004;0.1786458333333333
2018-10-04 15:00:00;0.3321917808219178;0.1729166666666667
2018-10-04 16:00:00;0.28287671232876715;0.1875
2018-10-04 17:00:00;0.3712328767123288;0.13854166666666667
2018-10-04 18:00:00;0.471917808219178;0.075
2018-10-04 19:00:00;0.43356164383561646;0.07395833333333333
2018-10-04 20:00:00;0.41164383561643836;0.06614583333333333
2018-10-04 21:00:00;0.3746575342465754;0.06197916666666667
2018-10-04 22:00:00;0.35479452054794525;0.06666666666666667
2018-10-04 23:00:00;0.29657534246575346;0.09218749999999999
2018-10-05 00:00:00;0.29726027397260274;0.096875
2018-10-05 01:00:00;0.2924657534246575;0.08385416666666667
2018-10-05 02:00:00;0.28287671232876715;0.07864583333333333
2018-10-05 03:00:00;0.27808219178082194;0.075
2018-10-05 04:00:00;0.2910958904109589;0.06302083333333333
2018-10-05 05:00:00;0.3767123287671233;0.04010416666666667
2018-10-05 06:00:00;0.4506849315068493;0.026041666666666668
2018-10-05 07:00:00;0.4863013698630137;0.030208333333333334
2018-10-05 08:00:00;0.4534246575342466;0.03697916666666667
2018-10-05 09:00:00;0.4561643835616438;0.05520833333333333
2018-10-05 10:00:00;0.4534246575342466;0.08437499999999999
2018-10-05 11:00:00;0.4472602739726027;0.09999999999999999
2018-10-05 12:00:00;0.41164383561643836;0.15260416666666668
2018-10-05 13:00:00;0.4561643835616438;0.19062500000000002
2018-10-05 14:00:00;0.37602739726027395;0.21458333333333335
2018-10-05 15:00:00;0.39657534246575343;0.24010416666666667
2018-10-05 16:00:00;0.4986301369863014;0.19062500000000002
2018-10-05 17:00:00;0.6027397260273972;0.125
2018-10-05 18:00:00;0.613013698630137;0.06354166666666666
2018-10-05 19:00:00;0.6342465753424658;0.03333333333333333
2018-10-05 20:00:00;0.7041095890410959;0.027604166666666666
2018-10-05 21:00:00;0.6630136986301369;0.030208333333333334
2018-10-05 22:00:00;0.6568493150684931;0.029166666666666664
2018-10-05 23:00:00;0.6561643835616439;0.026041666666666668
2018-10-06 00:00:00;0.5506849315068493;0.0234375
2018-10-06 01:00:00;0.4520547945205479;0.022395833333333334
2018-10-06 02:00:00;0.5041095890410958;0.02395833333333333
2018-10-06 03:00:00;0.5191780821917809;0.02395833333333333
2018-10-06 04:00:00;0.5273972602739726;0.024479166666666666
2018-10-06 05:00:00;0.541095890410959;0.022395833333333334
2018-10-06 06:00:00;0.5335616438356163;0.024479166666666666
2018-10-06 07:00:00;0.5315068493150684;0.033854166666666664
2018-10-06 08:00:00;0.4965753424657534;0.057291666666666664
2018-10-06 09:00:00;0.5280821917808218;0.08229166666666667
2018-10-06 10:00:00;0.486986301369863;0.0984375
2018-10-06 11:00:00;0.4575342465753425;0.125
2018-10-06 12:00:00;0.47397260273972597;0.16874999999999998
2018-10-06 13:00:00;0.39794520547945206;0.22864583333333333
2018-10-06 14:00:00;0.32739726027397265;0.30572916666666666
2018-10-06 15:00:00;0.3767123287671233;0.22239583333333335
2018-10-06 16:00:00;0.37397260273972605;0.2333333333333333
2018-10-06 17:00:00;0.4191780821917808;0.20260416666666667
2018-10-06 18:00:00;0.40821917808219177;0.18697916666666667
2018-10-06 19:00:00;0.2513698630136986;0.1963541666666667
2018-10-06 20:00:00;0.16301369863013698;0.25416666666666665
2018-10-06 21:00:00;0.07808219178082192;0.3104166666666667
2018-10-06 22:00:00;0.055479452054794515;0.36041666666666666
2018-10-06 23:00:00;0.04657534246575343;0.371875
2018-10-07 00:00:00;0.04246575342465753;0.3744791666666667
2018-10-07 01:00:00;0.04794520547945205;0.36354166666666665
2018-10-07 02:00:00;0.04657534246575343;0.3567708333333333
2018-10-07 03:00:00;0.04931506849315068;0.3572916666666666
2018-10-07 04:00:00;0.07191780821917808;0.3520833333333333
2018-10-07 05:00:00;0.10753424657534245;0.3333333333333333
2018-10-07 06:00:00;0.19657534246575345;0.24427083333333333
2018-10-07 07:00:00;0.16917808219178085;0.25416666666666665
2018-10-07 08:00:00;0.20410958904109588;0.22916666666666666
2018-10-07 09:00:00;0.17671232876712328;0.2708333333333333
2018-10-07 10:00:00;0.09794520547945204;0.35520833333333335
2018-10-07 11:00:00;0.1308219178082192;0.3380208333333334
2018-10-07 12:00:00;0.13287671232876713;0.3484375
2018-10-07 13:00:00;0.14246575342465753;0.35052083333333334
2018-10-07 14:00:00;0.13013698630136986;0.35572916666666665
2018-10-07 15:00:00;0.1958904109589041;0.3260416666666667
2018-10-07 16:00:00;0.1684931506849315;0.32708333333333334
2018-10-07 17:00:00;0.19726027397260273;0.30312500000000003
2018-10-07 18:00:00;0.2493150684931507;0.25
2018-10-07 19:00:00;0.3171232876712329;0.19947916666666665
2018-10-07 20:00:00;0.38767123287671235;0.13697916666666668
2018-10-07 21:00:00;0.4226027397260274;0.13645833333333332
2018-10-07 22:00:00;0.4671232876712328;0.06770833333333333
2018-10-07 23:00:00;0.4993150684931506;0.030208333333333334
2018-10-08 00:00:00;0.5438356164383561;0.029166666666666664
2018-10-08 01:00:00;0.4904109589041096;0.04114583333333333
2018-10-08 02:00:00;0.3595890410958904;0.13958333333333334
2018-10-08 03:00:00;0.3047945205479452;0.17135416666666667
2018-10-08 04:00:00;0.29315068493150687;0.17239583333333333
2018-10-08 05:00:00;0.4363013698630137;0.10781249999999999
2018-10-08 06:00:00;0.5726027397260274;0.036458333333333336
2018-10-08 07:00:00;0.563013698630137;0.0375
2018-10-08 08:00:00;0.5390410958904108;0.057812499999999996
2018-10-08 09:00:00;0.5499999999999999;0.08072916666666667
2018-10-08 10:00:00;0.4623287671232877;0.11875000000000001
2018-10-08 11:00:00;0.39589041095890415;0.1708333333333333
2018-10-08 12:00:00;0.2856164383561644;0.22239583333333335
2018-10-08 13:00:00;0.28287671232876715;0.26145833333333335
2018-10-08 14:00:00;0.26438356164383564;0.28020833333333334
2018-10-08 15:00:00;0.26095890410958905;0.2703125
2018-10-08 16:00:00;0.28630136986301374;0.25625000000000003
2018-10-08 17:00:00;0.2856164383561644;0.25364583333333335
2018-10-08 18:00:00;0.40684931506849314;0.16458333333333333
2018-10-08 19:00:00;0.3506849315068493;0.1885416666666667
2018-10-08 20:00:00;0.41712328767123286;0.12135416666666667
2018-10-08 21:00:00;0.39109589041095894;0.13749999999999998
2018-10-08 22:00:00;0.3801369863013699;0.109375
2018-10-08 23:00:00;0.3883561643835617;0.10416666666666667
2018-10-09 00:00:00;0.3712328767123288;0.11354166666666667
2018-10-09 01:00:00;0.273972602739726;0.13333333333333333
2018-10-09 02:00:00;0.2465753424657534;0.14322916666666666
2018-10-09 03:00:00;0.2568493150684932;0.11145833333333333
2018-10-09 04:00:00;0.29520547945205483;0.0828125
2018-10-09 05:00:00;0.4280821917808219;0.04635416666666667
2018-10-09 06:00:00;0.4801369863013698;0.025520833333333336
2018-10-09 07:00:00;0.4938356164383561;0.028125
2018-10-09 08:00:00;0.5582191780821918;0.040625
2018-10-09 09:00:00;0.5;0.0609375
2018-10-09 10:00:00;0.4534246575342466;0.10677083333333333
2018-10-09 11:00:00;0.37739726027397263;0.18229166666666666
2018-10-09 12:00:00;0.4191780821917808;0.2041666666666667
2018-10-09 13:00:00;0.39999999999999997;0.20729166666666665
2018-10-09 14:00:00;0.460958904109589;0.1734375
2018-10-09 15:00:00;0.42054794520547945;0.22239583333333335
2018-10-09 16:00:00;0.41164383561643836;0.21458333333333335
2018-10-09 17:00:00;0.4910958904109588;0.1786458333333333
2018-10-09 18:00:00;0.5842465753424657;0.1015625
2018-10-09 19:00:00;0.6184931506849315;0.09479166666666666
2018-10-09 20:00:00;0.5732876712328766;0.09635416666666667
2018-10-09 21:00:00;0.5691780821917808;0.08697916666666666
2018-10-09 22:00:00;0.5301369863013699;0.08489583333333334
2018-10-09 23:00:00;0.586986301369863;0.057812499999999996
2018-10-10 00:00:00;0.5773972602739725;0.046875
2018-10-10 01:00:00;0.5609589041095889;0.03125
2018-10-10 02:00:00;0.5143835616438356;0.027604166666666666
2018-10-10 03:00:00;0.5506849315068493;0.024479166666666666
2018-10-10 04:00:00;0.4705479452054794;0.02395833333333333
2018-10-10 05:00:00;0.4904109589041096;0.02395833333333333
2018-10-10 06:00:00;0.5383561643835616;0.024479166666666666
2018-10-10 07:00:00;0.48219178082191777;0.029166666666666664
2018-10-10 08:00:00;0.5246575342465754;0.035416666666666666
2018-10-10 09:00:00;0.5034246575342466;0.04114583333333333
2018-10-10 10:00:00;0.5253424657534246;0.059895833333333336
2018-10-10 11:00:00;0.5335616438356163;0.07916666666666666
2018-10-10 12:00:00;0.4506849315068493;0.17135416666666667
2018-10-10 13:00:00;0.3883561643835617;0.2708333333333333
2018-10-10 14:00:00;0.43219178082191784;0.27968750000000003
2018-10-10 15:00:00;0.36917808219178083;0.2989583333333333
2018-10-10 16:00:00;0.41506849315068495;0.29062499999999997
2018-10-10 17:00:00;0.4445205479452054;0.23802083333333335
2018-10-10 18:00:00;0.29041095890410956;0.30520833333333336
2018-10-10 19:00:00;0.289041095890411;0.28229166666666666
2018-10-10 20:00:00;0.33972602739726027;0.25104166666666666
2018-10-10 21:00:00;0.410958904109589;0.18333333333333335
2018-10-10 22:00:00;0.42328767123287675;0.18281250000000002
2018-10-10 23:00:00;0.4226027397260274;0.16718750000000002
2018-10-11 00:00:00;0.339041095890411;0.19114583333333335
2018-10-11 01:00:00;0.339041095890411;0.16510416666666666
2018-10-11 02:00:00;0.24726027397260275;0.19479166666666667
2018-10-11 03:00:00;0.2465753424657534;0.18437499999999998
2018-10-11 04:00:00;0.2958904109589041;0.13697916666666668
2018-10-11 05:00:00;0.38082191780821917;0.09322916666666665
2018-10-11 06:00:00;0.4753424657534246;0.04895833333333333
2018-10-11 07:00:00;0.4828767123287671;0.04635416666666667
2018-10-11 08:00:00;0.41712328767123286;0.109375
2018-10-11 09:00:00;0.38287671232876713;0.15208333333333332
2018-10-11 10:00:00;0.36917808219178083;0.16927083333333334
2018-10-11 11:00:00;0.39931506849315074;0.16354166666666667
2018-10-11 12:00:00;0.36917808219178083;0.1859375
2018-10-11 13:00:00;0.3561643835616438;0.20625000000000002
2018-10-11 14:00:00;0.3575342465753425;0.2411458333333333
2018-10-11 15:00:00;0.33287671232876714;0.278125
2018-10-11 16:00:00;0.33835616438356164;0.27447916666666666
2018-10-11 17:00:00;0.39109589041095894;0.24635416666666665
2018-10-11 18:00:00;0.4623287671232877;0.17656249999999998
2018-10-11 19:00:00;0.40273972602739727;0.1546875
2018-10-11 20:00:00;0.37054794520547946;0.15572916666666667
2018-10-11 21:00:00;0.30753424657534245;0.16979166666666667
2018-10-11 22:00:00;0.26917808219178085;0.19375
2018-10-11 23:00:00;0.23767123287671235;0.2125
2018-10-12 00:00:00;0.20684931506849316;0.22343749999999998
2018-10-12 01:00:00;0.14178082191780825;0.25833333333333336
2018-10-12 02:00:00;0.15273972602739727;0.27239583333333334
2018-10-12 03:00:00;0.1232876712328767;0.24531250000000002
2018-10-12 04:00:00;0.14726027397260275;0.24739583333333334
2018-10-12 05:00:00;0.21986301369863015;0.19218749999999998
2018-10-12 06:00:00;0.3116438356164384;0.14322916666666666
2018-10-12 07:00:00;0.34794520547945207;0.10729166666666667
2018-10-12 08:00:00;0.3595890410958904;0.10052083333333334
2018-10-12 09:00:00;0.30410958904109586;0.15833333333333333
2018-10-12 10:00:00;0.28356164383561644;0.20052083333333334
2018-10-12 11:00:00;0.32123287671232875;0.2041666666666667
2018-10-12 12:00:00;0.24178082191780825;0.2552083333333333
2018-10-12 13:00:00;0.27260273972602744;0.25885416666666666
2018-10-12 14:00:00;0.23972602739726026;0.278125
2018-10-12 15:00:00;0.28287671232876715;0.2520833333333333
2018-10-12 16:00:00;0.31369863013698635;0.2359375
2018-10-12 17:00:00;0.35821917808219184;0.2265625
2018-10-12 18:00:00;0.25273972602739725;0.2552083333333333
2018-10-12 19:00:00;0.2595890410958904;0.2354166666666667
2018-10-12 20:00:00;0.21232876712328766;0.2354166666666667
2018-10-12 21:00:00;0.22123287671232875;0.22968750000000002
2018-10-12 22:00:00;0.23150684931506849;0.2098958333333333
2018-10-12 23:00:00;0.2321917808219178;0.20260416666666667
2018-10-13 00:00:00;0.19383561643835617;0.19114583333333335
2018-10-13 01:00:00;0.15684931506849317;0.20781249999999998
2018-10-13 02:00:00;0.15136986301369865;0.20729166666666665
2018-10-13 03:00:00;0.15547945205479455;0.20677083333333335
2018-10-13 04:00:00;0.14726027397260275;0.20260416666666667
2018-10-13 05:00:00;0.18287671232876715;0.18802083333333333
2018-10-13 06:00:00;0.18835616438356165;0.17708333333333334
2018-10-13 07:00:00;0.2280821917808219;0.165625
2018-10-13 08:00:00;0.2623287671232877;0.1729166666666667
2018-10-13 09:00:00;0.27808219178082194;0.19791666666666666
2018-10-13 10:00:00;0.3232876712328767;0.20625000000000002
2018-10-13 11:00:00;0.36369863013698633;0.2098958333333333
2018-10-13 12:00:00;0.31095890410958904;0.26510416666666664
2018-10-13 13:00:00;0.273972602739726;0.32916666666666666
2018-10-13 14:00:00;0.2876712328767123;0.37083333333333335
2018-10-13 15:00:00;0.32808219178082193;0.3932291666666667
2018-10-13 16:00:00;0.386986301369863;0.31927083333333334
2018-10-13 17:00:00;0.5082191780821917;0.2354166666666667
2018-10-13 18:00:00;0.6595890410958903;0.14166666666666666
2018-10-13 19:00:00;0.42739726027397257;0.22864583333333333
2018-10-13 20:00:00;0.38904109589041097;0.21458333333333335
2018-10-13 21:00:00;0.40684931506849314;0.2020833333333333
2018-10-13 22:00:00;0.34178082191780823;0.2041666666666667
2018-10-13 23:00:00;0.44109589041095887;0.140625
2018-10-14 00:00:00;0.35547945205479453;0.19791666666666666
2018-10-14 01:00:00;0.27945205479452057;0.23385416666666667
2018-10-14 02:00:00;0.27465753424657535;0.228125
2018-10-14 03:00:00;0.21506849315068494;0.25416666666666665
2018-10-14 04:00:00;0.2732876712328767;0.22708333333333333
2018-10-14 05:00:00;0.28630136986301374;0.2171875
2018-10-14 06:00:00;0.3301369863013699;0.17916666666666667
2018-10-14 07:00:00;0.3116438356164384;0.203125
2018-10-14 08:00:00;0.33835616438356164;0.19218749999999998
2018-10-14 09:00:00;0.28630136986301374;0.23489583333333333
2018-10-14 10:00:00;0.24383561643835616;0.2609375
2018-10-14 11:00:00;0.213013698630137;0.30416666666666664
2018-10-14 12:00:00;0.2445205479452055;0.33229166666666665
2018-10-14 13:00:00;0.2;0.38125000000000003
2018-10-14 14:00:00;0.20821917808219179;0.40468750000000003
2018-10-14 15:00:00;0.23767123287671235;0.3963541666666666
2018-10-14 16:00:00;0.2945205479452055;0.3494791666666666
2018-10-14 17:00:00;0.3746575342465754;0.28281249999999997
2018-10-14 18:00:00;0.3335616438356165;0.29531250000000003
2018-10-14 19:00:00;0.42054794520547945;0.2197916666666667
2018-10-14 20:00:00;0.4691780821917808;0.18125
2018-10-14 21:00:00;0.486986301369863;0.15364583333333334
2018-10-14 22:00:00;0.4431506849315069;0.16874999999999998
2018-10-14 23:00:00;0.5006849315068492;0.11302083333333333
2018-10-15 00:00:00;0.541095890410959;0.05260416666666667
2018-10-15 01:00:00;0.4972602739726027;0.0484375
2018-10-15 02:00:00;0.4328767123287671;0.1046875
2018-10-15 03:00:00;0.2623287671232877;0.20833333333333334
2018-10-15 04:00:00;0.23972602739726026;0.21822916666666667
2018-10-15 05:00:00;0.39109589041095894;0.15625
2018-10-15 06:00:00;0.5678082191780821;0.06510416666666667
2018-10-15 07:00:00;0.6102739726027396;0.0546875
2018-10-15 08:00:00;0.5369863013698629;0.08385416666666667
2018-10-15 09:00:00;0.40958904109589045;0.14322916666666666
2018-10-15 10:00:00;0.41369863013698627;0.1796875
2018-10-15 11:00:00;0.38561643835616444;0.20729166666666665
2018-10-15 12:00:00;0.35890410958904106;0.23697916666666666
2018-10-15 13:00:00;0.34452054794520554;0.27760416666666665
2018-10-15 14:00:00;0.4486301369863014;0.20520833333333333
2018-10-15 15:00:00;0.42876712328767125;0.24166666666666667
2018-10-15 16:00:00;0.34178082191780823;0.24010416666666667
2018-10-15 17:00:00;0.3643835616438356;0.20729166666666665
2018-10-15 18:00:00;0.32945205479452055;0.20729166666666665
2018-10-15 19:00:00;0.36506849315068496;0.16458333333333333
2018-10-15 20:00:00;0.3458904109589041;0.13958333333333334
2018-10-15 21:00:00;0.40273972602739727;0.09895833333333333
2018-10-15 22:00:00;0.5006849315068492;0.03333333333333333
2018-10-15 23:00:00;0.5171232876712328;0.027083333333333334
2018-10-16 00:00:00;0.4698630136986301;0.024479166666666666
2018-10-16 01:00:00;0.42671232876712334;0.03802083333333333
2018-10-16 02:00:00;0.32260273972602743;0.0625
2018-10-16 03:00:00;0.36164383561643837;0.03177083333333333
2018-10-16 04:00:00;0.36575342465753424;0.028125
2018-10-16 05:00:00;0.3986301369863014;0.027604166666666666
2018-10-16 06:00:00;0.5095890410958903;0.0234375
2018-10-16 07:00:00;0.5808219178082191;0.02395833333333333
2018-10-16 08:00:00;0.5938356164383561;0.029166666666666664
2018-10-16 09:00:00;0.636986301369863;0.046875
2018-10-16 10:00:00;0.613013698630137;0.0625
2018-10-16 11:00:00;0.5431506849315069;0.11770833333333335
2018-10-16 12:00:00;0.6068493150684932;0.13802083333333334
2018-10-16 13:00:00;0.6630136986301369;0.10833333333333334
2018-10-16 14:00:00;0.7191780821917808;0.1125
2018-10-16 15:00:00;0.6116438356164383;0.17552083333333335
2018-10-16 16:00:00;0.6602739726027397;0.13854166666666667
2018-10-16 17:00:00;0.6499999999999999;0.0984375
2018-10-16 18:00:00;0.7801369863013699;0.03802083333333333
2018-10-16 19:00:00;0.8321917808219178;0.033854166666666664
2018-10-16 20:00:00;0.8123287671232876;0.030208333333333334
2018-10-16 21:00:00;0.7027397260273972;0.041666666666666664
2018-10-16 22:00:00;0.6184931506849315;0.07395833333333333
2018-10-16 23:00:00;0.5376712328767124;0.11562499999999999
2018-10-17 00:00:00;0.4486301369863014;0.134375
2018-10-17 01:00:00;0.4636986301369862;0.08645833333333335
2018-10-17 02:00:00;0.4732876712328767;0.07447916666666667
2018-10-17 03:00:00;0.42876712328767125;0.07447916666666667
2018-10-17 04:00:00;0.4424657534246575;0.0484375
2018-10-17 05:00:00;0.4472602739726027;0.040625
2018-10-17 06:00:00;0.4856164383561643;0.026041666666666668
2018-10-17 07:00:00;0.4972602739726027;0.03125
2018-10-17 08:00:00;0.3732876712328767;0.057291666666666664
2018-10-17 09:00:00;0.36575342465753424;0.13645833333333332
2018-10-17 10:00:00;0.2924657534246575;0.20052083333333334
2018-10-17 11:00:00;0.28013698630136985;0.22447916666666667
2018-10-17 12:00:00;0.23493150684931505;0.22604166666666667
2018-10-17 13:00:00;0.3404109589041096;0.22083333333333333
2018-10-17 14:00:00;0.30684931506849317;0.21510416666666665
2018-10-17 15:00:00;0.31369863013698635;0.2354166666666667
2018-10-17 16:00:00;0.28493150684931506;0.25052083333333336
2018-10-17 17:00:00;0.3472602739726028;0.2119791666666667
2018-10-17 18:00:00;0.3609589041095891;0.1963541666666667
2018-10-17 19:00:00;0.33493150684931505;0.2125
2018-10-17 20:00:00;0.3664383561643836;0.19166666666666665
2018-10-17 21:00:00;0.510958904109589;0.08854166666666667
2018-10-17 22:00:00;0.3595890410958904;0.1734375
2018-10-17 23:00:00;0.21643835616438356;0.24583333333333335
2018-10-18 00:00:00;0.27808219178082194;0.20104166666666667
2018-10-18 01:00:00;0.20410958904109588;0.23124999999999998
2018-10-18 02:00:00;0.10684931506849314;0.25156249999999997
2018-10-18 03:00:00;0.08835616438356164;0.23385416666666667
2018-10-18 04:00:00;0.09109589041095889;0.2489583333333333
2018-10-18 05:00:00;0.13424657534246576;0.2203125
2018-10-18 06:00:00;0.25547945205479455;0.13697916666666668
2018-10-18 07:00:00;0.2993150684931507;0.12135416666666667
2018-10-18 08:00:00;0.24520547945205481;0.15833333333333333
2018-10-18 09:00:00;0.2171232876712329;0.1953125
2018-10-18 10:00:00;0.18082191780821918;0.234375
2018-10-18 11:00:00;0.1623287671232877;0.3078125
2018-10-18 12:00:00;0.14726027397260275;0.32760416666666664
2018-10-18 13:00:00;0.1452054794520548;0.3338541666666666
2018-10-18 14:00:00;0.16369863013698632;0.32656250000000003
2018-10-18 15:00:00;0.20205479452054795;0.29791666666666666
2018-10-18 16:00:00;0.176027397260274;0.31197916666666664
2018-10-18 17:00:00;0.24794520547945206;0.24270833333333333
2018-10-18 18:00:00;0.2856164383561644;0.19322916666666667
2018-10-18 19:00:00;0.23835616438356166;0.19895833333333335
2018-10-18 20:00:00;0.21780821917808219;0.24270833333333333
2018-10-18 21:00:00;0.19452054794520549;0.26406250000000003
2018-10-18 22:00:00;0.2034246575342466;0.25729166666666664
2018-10-18 23:00:00;0.1452054794520548;0.29531250000000003
2018-10-19 00:00:00;0.13013698630136986;0.3255208333333333
2018-10-19 01:00:00;0.15000000000000002;0.3223958333333333
2018-10-19 02:00:00;0.11986301369863013;0.3307291666666667
2018-10-19 03:00:00;0.12876712328767123;0.33697916666666666
2018-10-19 04:00:00;0.18698630136986302;0.29531250000000003
2018-10-19 05:00:00;0.37739726027397263;0.18177083333333333
2018-10-19 06:00:00;0.5602739726027397;0.06406250000000001
2018-10-19 07:00:00;0.5684931506849316;0.03958333333333333
2018-10-19 08:00:00;0.4458904109589041;0.10781249999999999
2018-10-19 09:00:00;0.37054794520547946;0.1729166666666667
2018-10-19 10:00:00;0.31438356164383563;0.1890625
2018-10-19 11:00:00;0.30205479452054795;0.18541666666666667
2018-10-19 12:00:00;0.30547945205479454;0.19583333333333333
2018-10-19 13:00:00;0.2787671232876712;0.22291666666666665
2018-10-19 14:00:00;0.2821917808219178;0.2421875
2018-10-19 15:00:00;0.22123287671232875;0.26979166666666665
2018-10-19 16:00:00;0.2089041095890411;0.2755208333333333
2018-10-19 17:00:00;0.30753424657534245;0.2119791666666667
2018-10-19 18:00:00;0.336986301369863;0.19166666666666665
2018-10-19 19:00:00;0.36917808219178083;0.16458333333333333
2018-10-19 20:00:00;0.41712328767123286;0.096875
2018-10-19 21:00:00;0.4431506849315069;0.07083333333333333
2018-10-19 22:00:00;0.40616438356164386;0.10312500000000001
2018-10-19 23:00:00;0.4842465753424657;0.07708333333333334
2018-10-20 00:00:00;0.3938356164383562;0.11302083333333333
2018-10-20 01:00:00;0.3917808219178082;0.11979166666666667
2018-10-20 02:00:00;0.5157534246575343;0.035937500000000004
2018-10-20 03:00:00;0.49589041095890407;0.029166666666666664
2018-10-20 04:00:00;0.5301369863013699;0.028645833333333332
2018-10-20 05:00:00;0.586986301369863;0.027083333333333334
2018-10-20 06:00:00;0.6513698630136986;0.0265625
2018-10-20 07:00:00;0.6020547945205479;0.027083333333333334
2018-10-20 08:00:00;0.5931506849315068;0.03854166666666667
2018-10-20 09:00:00;0.6164383561643836;0.06927083333333334
2018-10-20 10:00:00;0.634931506849315;0.06510416666666667
2018-10-20 11:00:00;0.4315068493150685;0.18020833333333333
2018-10-20 12:00:00;0.39931506849315074;0.18489583333333334
2018-10-20 13:00:00;0.38082191780821917;0.19895833333333335
2018-10-20 14:00:00;0.31095890410958904;0.25416666666666665
2018-10-20 15:00:00;0.3493150684931507;0.26666666666666666
2018-10-20 16:00:00;0.2924657534246575;0.2765625
2018-10-20 17:00:00;0.35479452054794525;0.2015625
2018-10-20 18:00:00;0.4917808219178082;0.10052083333333334
2018-10-20 19:00:00;0.5253424657534246;0.07135416666666666
2018-10-20 20:00:00;0.5732876712328766;0.05677083333333333
2018-10-20 21:00:00;0.5273972602739726;0.078125
2018-10-20 22:00:00;0.5972602739726026;0.036458333333333336
2018-10-20 23:00:00;0.6301369863013698;0.03697916666666667
2018-10-21 00:00:00;0.5554794520547944;0.06354166666666666
2018-10-21 01:00:00;0.4294520547945206;0.11041666666666666
2018-10-21 02:00:00;0.4863013698630137;0.07135416666666666
2018-10-21 03:00:00;0.40684931506849314;0.10989583333333335
2018-10-21 04:00:00;0.3047945205479452;0.16770833333333335
2018-10-21 05:00:00;0.33767123287671236;0.14635416666666667
2018-10-21 06:00:00;0.40684931506849314;0.11093750000000001
2018-10-21 07:00:00;0.33493150684931505;0.09895833333333333
2018-10-21 08:00:00;0.41506849315068495;0.09531250000000001
2018-10-21 09:00:00;0.3541095890410959;0.16197916666666667
2018-10-21 10:00:00;0.3287671232876712;0.18802083333333333
2018-10-21 11:00:00;0.33082191780821923;0.20625000000000002
2018-10-21 12:00:00;0.3321917808219178;0.24739583333333334
2018-10-21 13:00:00;0.32739726027397265;0.24531250000000002
2018-10-21 14:00:00;0.3595890410958904;0.23489583333333333
2018-10-21 15:00:00;0.36712328767123287;0.22343749999999998
2018-10-21 16:00:00;0.40273972602739727;0.19322916666666667
2018-10-21 17:00:00;0.3952054794520548;0.17239583333333333
2018-10-21 18:00:00;0.5102739726027398;0.08854166666666667
2018-10-21 19:00:00;0.5678082191780821;0.04895833333333333
2018-10-21 20:00:00;0.5041095890410958;0.090625
2018-10-21 21:00:00;0.4664383561643835;0.096875
2018-10-21 22:00:00;0.4910958904109588;0.0734375
2018-10-21 23:00:00;0.4972602739726027;0.05625
2018-10-22 00:00:00;0.37054794520547946;0.09583333333333333
2018-10-22 01:00:00;0.11164383561643836;0.25
2018-10-22 02:00:00;0.05136986301369863;0.31875000000000003
2018-10-22 03:00:00;0.05;0.35625
2018-10-22 04:00:00;0.07739726027397259;0.3359375
2018-10-22 05:00:00;0.13630136986301372;0.3078125
2018-10-22 06:00:00;0.2089041095890411;0.25729166666666664
2018-10-22 07:00:00;0.2773972602739726;0.1729166666666667
2018-10-22 08:00:00;0.2773972602739726;0.1729166666666667
2018-10-22 09:00:00;0.2773972602739726;0.1729166666666667
2018-10-22 10:00:00;0.2773972602739726;0.1729166666666667
2018-10-22 11:00:00;0.11027397260273973;0.32187499999999997
2018-10-22 12:00:00;0.1178082191780822;0.340625
2018-10-22 13:00:00;0.1349315068493151;0.34479166666666666
2018-10-22 14:00:00;0.15342465753424658;0.35260416666666666
2018-10-22 15:00:00;0.13424657534246576;0.34479166666666666
2018-10-22 16:00:00;0.15958904109589042;0.3203125
2018-10-22 17:00:00;0.23356164383561645;0.253125
2018-10-22 18:00:00;0.37260273972602737;0.15729166666666666
2018-10-22 19:00:00;0.3917808219178082;0.14270833333333333
2018-10-22 20:00:00;0.46849315068493147;0.07916666666666666
2018-10-22 21:00:00;0.38287671232876713;0.14375000000000002
2018-10-22 22:00:00;0.339041095890411;0.17708333333333334
2018-10-22 23:00:00;0.22876712328767124;0.23645833333333333
2018-10-23 00:00:00;0.12602739726027398;0.3046875
2018-10-23 01:00:00;0.0732876712328767;0.32447916666666665
2018-10-23 02:00:00;0.08493150684931507;0.28281249999999997
2018-10-23 03:00:00;0.07945205479452054;0.29322916666666665
2018-10-23 04:00:00;0.08972602739726027;0.2734375
2018-10-23 05:00:00;0.16301369863013698;0.23750000000000002
2018-10-23 06:00:00;0.2856164383561644;0.16770833333333335
2018-10-23 07:00:00;0.3198630136986302;0.14895833333333333
2018-10-23 08:00:00;0.2616438356164384;0.15572916666666667
2018-10-23 09:00:00;0.19109589041095892;0.19114583333333335
2018-10-23 10:00:00;0.2226027397260274;0.2046875
2018-10-23 11:00:00;0.1917808219178082;0.2125
2018-10-23 12:00:00;0.26575342465753427;0.203125
2018-10-23 13:00:00;0.26438356164383564;0.2015625
2018-10-23 14:00:00;0.32602739726027397;0.1859375
2018-10-23 15:00:00;0.23150684931506849;0.25937499999999997
2018-10-23 16:00:00;0.25547945205479455;0.25
2018-10-23 17:00:00;0.2684931506849315;0.23645833333333333
2018-10-23 18:00:00;0.25753424657534246;0.2484375
2018-10-23 19:00:00;0.21164383561643837;0.24010416666666667
2018-10-23 20:00:00;0.19109589041095892;0.23229166666666667
2018-10-23 21:00:00;0.16986301369863013;0.240625
2018-10-23 22:00:00;0.13287671232876713;0.24791666666666667
2018-10-23 23:00:00;0.14931506849315068;0.2265625
2018-10-24 00:00:00;0.17054794520547947;0.209375
2018-10-24 01:00:00;0.1541095890410959;0.21614583333333334
2018-10-24 02:00:00;0.16027397260273973;0.21822916666666667
2018-10-24 03:00:00;0.13356164383561644;0.23072916666666665
2018-10-24 04:00:00;0.13219178082191782;0.22447916666666667
2018-10-24 05:00:00;0.1506849315068493;0.20781249999999998
2018-10-24 06:00:00;0.2410958904109589;0.16927083333333334
2018-10-24 07:00:00;0.2623287671232877;0.1578125
2018-10-24 08:00:00;0.24383561643835616;0.1786458333333333
2018-10-24 09:00:00;0.2465753424657534;0.18437499999999998
2018-10-24 10:00:00;0.20068493150684932;0.23697916666666666
2018-10-24 11:00:00;0.1993150684931507;0.2421875
2018-10-24 12:00:00;0.17671232876712328;0.2552083333333333
2018-10-24 13:00:00;0.19452054794520549;0.25
2018-10-24 14:00:00;0.2136986301369863;0.2333333333333333
2018-10-24 15:00:00;0.213013698630137;0.21406250000000002
2018-10-24 16:00:00;0.2171232876712329;0.21145833333333333
2018-10-24 17:00:00;0.26643835616438355;0.178125
2018-10-24 18:00:00;0.2945205479452055;0.15208333333333332
2018-10-24 19:00:00;0.2787671232876712;0.146875
2018-10-24 20:00:00;0.15616438356164383;0.22187500000000002
2018-10-24 21:00:00;0.22534246575342465;0.17500000000000002
2018-10-24 22:00:00;0.16164383561643836;0.21302083333333333
2018-10-24 23:00:00;0.213013698630137;0.15989583333333332
2018-10-25 00:00:00;0.16301369863013698;0.18125
2018-10-25 01:00:00;0.12602739726027398;0.2046875
2018-10-25 02:00:00;0.1643835616438356;0.22864583333333333
2018-10-25 03:00:00;0.18767123287671234;0.23906249999999998
2018-10-25 04:00:00;0.2089041095890411;0.23802083333333335
2018-10-25 05:00:00;0.25890410958904114;0.23489583333333333
2018-10-25 06:00:00;0.4123287671232877;0.16041666666666668
2018-10-25 07:00:00;0.410958904109589;0.16041666666666668
2018-10-25 08:00:00;0.39657534246575343;0.16614583333333333
2018-10-25 09:00:00;0.402054794520548;0.15729166666666666
2018-10-25 10:00:00;0.43561643835616437;0.13802083333333334
2018-10-25 11:00:00;0.36506849315068496;0.1708333333333333
2018-10-25 12:00:00;0.2993150684931507;0.21458333333333335
2018-10-25 13:00:00;0.3171232876712329;0.1953125
2018-10-25 14:00:00;0.38287671232876713;0.15052083333333333
2018-10-25 15:00:00;0.34794520547945207;0.18437499999999998
2018-10-25 16:00:00;0.4431506849315069;0.10885416666666665
2018-10-25 17:00:00;0.5191780821917809;0.078125
2018-10-25 18:00:00;0.3643835616438356;0.14322916666666666
2018-10-25 19:00:00;0.1815068493150685;0.25156249999999997
2018-10-25 20:00:00;0.32054794520547947;0.16093749999999998
2018-10-25 21:00:00;0.26095890410958905;0.19895833333333335
2018-10-25 22:00:00;0.2595890410958904;0.20677083333333335
2018-10-25 23:00:00;0.273972602739726;0.18125
2018-10-26 00:00:00;0.3438356164383562;0.125
2018-10-26 01:00:00;0.2623287671232877;0.13541666666666666
2018-10-26 02:00:00;0.22123287671232875;0.14947916666666666
2018-10-26 03:00:00;0.19041095890410958;0.15729166666666666
2018-10-26 04:00:00;0.17739726027397262;0.16718750000000002
2018-10-26 05:00:00;0.2732876712328767;0.10052083333333334
2018-10-26 06:00:00;0.3458904109589041;0.07604166666666666
2018-10-26 07:00:00;0.3815068493150685;0.05885416666666667
2018-10-26 08:00:00;0.42328767123287675;0.035416666666666666
2018-10-26 09:00:00;0.5417808219178082;0.041666666666666664
2018-10-26 10:00:00;0.3835616438356164;0.15
2018-10-26 11:00:00;0.273972602739726;0.234375
2018-10-26 12:00:00;0.3150684931506849;0.21562499999999998
2018-10-26 13:00:00;0.4089041095890411;0.15208333333333332
2018-10-26 14:00:00;0.31027397260273976;0.2333333333333333
2018-10-26 15:00:00;0.2773972602739726;0.2598958333333333
2018-10-26 16:00:00;0.31232876712328766;0.2489583333333333
2018-10-26 17:00:00;0.2321917808219178;0.2921875
2018-10-26 18:00:00;0.34452054794520554;0.21614583333333334
2018-10-26 19:00:00;0.2321917808219178;0.28750000000000003
2018-10-26 20:00:00;0.26301369863013696;0.28177083333333336
2018-10-26 21:00:00;0.19246575342465755;0.3171875
2018-10-26 22:00:00;0.2753424657534247;0.25364583333333335
2018-10-26 23:00:00;0.1897260273972603;0.3203125
2018-10-27 00:00:00;0.20821917808219179;0.3098958333333333
2018-10-27 01:00:00;0.22054794520547946;0.2911458333333333
2018-10-27 02:00:00;0.29520547945205483;0.2421875
2018-10-27 03:00:00;0.2821917808219178;0.21614583333333334
2018-10-27 04:00:00;0.19726027397260273;0.2755208333333333
2018-10-27 05:00:00;0.2958904109589041;0.2203125
2018-10-27 06:00:00;0.26301369863013696;0.22291666666666665
2018-10-27 07:00:00;0.4767123287671233;0.12552083333333333
2018-10-27 08:00:00;0.41849315068493154;0.13489583333333333
2018-10-27 09:00:00;0.37260273972602737;0.18437499999999998
2018-10-27 10:00:00;0.4349315068493151;0.12968749999999998
2018-10-27 11:00:00;0.41369863013698627;0.1640625
2018-10-27 12:00:00;0.3321917808219178;0.2098958333333333
2018-10-27 13:00:00;0.29178082191780824;0.23072916666666665
2018-10-27 14:00:00;0.16712328767123288;0.3104166666666667
2018-10-27 15:00:00;0.26917808219178085;0.2755208333333333
2018-10-27 16:00:00;0.21232876712328766;0.2859375
2018-10-27 17:00:00;0.2842465753424658;0.2125
2018-10-27 18:00:00;0.22602739726027396;0.203125
2018-10-27 19:00:00;0.1993150684931507;0.20885416666666667
2018-10-27 20:00:00;0.15342465753424658;0.2546875
2018-10-27 21:00:00;0.13219178082191782;0.25729166666666664
2018-10-27 22:00:00;0.11917808219178083;0.2838541666666667
2018-10-27 23:00:00;0.12054794520547946;0.27291666666666664
2018-10-28 00:00:00;0.1232876712328767;0.2598958333333333
2018-10-28 01:00:00;0.12876712328767123;0.2604166666666667
2018-10-28 02:00:00;0.10205479452054794;0.25729166666666664
2018-10-28 03:00:00;0.10753424657534245;0.25833333333333336
2018-10-28 04:00:00;0.08493150684931507;0.28177083333333336
2018-10-28 05:00:00;0.09246575342465753;0.2833333333333333
2018-10-28 06:00:00;0.08356164383561643;0.29322916666666665
2018-10-28 07:00:00;0.10342465753424657;0.26458333333333334
2018-10-28 08:00:00;0.12054794520547946;0.27447916666666666
2018-10-28 09:00:00;0.13287671232876713;0.27499999999999997
2018-10-28 10:00:00;0.12534246575342467;0.284375
2018-10-28 11:00:00;0.08493150684931507;0.30416666666666664
2018-10-28 12:00:00;0.10342465753424657;0.2921875
2018-10-28 13:00:00;0.09794520547945204;0.3104166666666667
2018-10-28 14:00:00;0.11027397260273973;0.30052083333333335
2018-10-28 15:00:00;0.09863013698630137;0.296875
2018-10-28 16:00:00;0.12054794520547946;0.2734375
2018-10-28 17:00:00;0.1541095890410959;0.25104166666666666
2018-10-28 18:00:00;0.14178082191780825;0.25
2018-10-28 19:00:00;0.10479452054794519;0.26927083333333335
2018-10-28 20:00:00;0.09657534246575342;0.2677083333333333
2018-10-28 21:00:00;0.10616438356164383;0.25729166666666664
2018-10-28 22:00:00;0.1095890410958904;0.26614583333333336
2018-10-28 23:00:00;0.1267123287671233;0.2557291666666667
2018-10-29 00:00:00;0.08561643835616438;0.26197916666666665
2018-10-29 01:00:00;0.09794520547945204;0.24479166666666666
2018-10-29 02:00:00;0.07808219178082192;0.25885416666666666
2018-10-29 03:00:00;0.07054794520547945;0.2625
2018-10-29 04:00:00;0.08150684931506849;0.26458333333333334
2018-10-29 05:00:00;0.11986301369863013;0.24270833333333333
2018-10-29 06:00:00;0.1273972602739726;0.20885416666666667
2018-10-29 07:00:00;0.23767123287671235;0.14791666666666667
2018-10-29 08:00:00;0.25205479452054796;0.12916666666666668
2018-10-29 09:00:00;0.27808219178082194;0.12812500000000002
2018-10-29 10:00:00;0.20479452054794522;0.1578125
2018-10-29 11:00:00;0.2273972602739726;0.1421875
2018-10-29 12:00:00;0.21575342465753425;0.171875
2018-10-29 13:00:00;0.23972602739726026;0.1546875
2018-10-29 14:00:00;0.26643835616438355;0.14531249999999998
2018-10-29 15:00:00;0.2568493150684932;0.12968749999999998
2018-10-29 16:00:00;0.24520547945205481;0.13020833333333334
2018-10-29 17:00:00;0.1684931506849315;0.1625
2018-10-29 18:00:00;0.16712328767123288;0.17656249999999998
2018-10-29 19:00:00;0.12808219178082195;0.18333333333333335
2018-10-29 20:00:00;0.12260273972602741;0.1864583333333333
2018-10-29 21:00:00;0.11575342465753426;0.1890625
2018-10-29 22:00:00;0.10410958904109588;0.1885416666666667
2018-10-29 23:00:00;0.08904109589041095;0.19062500000000002
2018-10-30 00:00:00;0.07739726027397259;0.18958333333333333
2018-10-30 01:00:00;0.0684931506849315;0.18697916666666667
2018-10-30 02:00:00;0.07260273972602739;0.1640625
2018-10-30 03:00:00;0.07739726027397259;0.14895833333333333
2018-10-30 04:00:00;0.08561643835616438;0.13645833333333332
2018-10-30 05:00:00;0.08904109589041095;0.12291666666666667
2018-10-30 06:00:00;0.1445205479452055;0.09322916666666665
2018-10-30 07:00:00;0.26917808219178085;0.057812499999999996
2018-10-30 08:00:00;0.2541095890410959;0.042187499999999996
2018-10-30 09:00:00;0.34452054794520554;0.03177083333333333
2018-10-30 10:00:00;0.26917808219178085;0.03854166666666667
2018-10-30 11:00:00;0.27808219178082194;0.03958333333333333
2018-10-30 12:00:00;0.26095890410958905;0.041666666666666664
2018-10-30 13:00:00;0.27808219178082194;0.04114583333333333
2018-10-30 14:00:00;0.30205479452054795;0.035416666666666666
2018-10-30 15:00:00;0.3034246575342466;0.04479166666666667
2018-10-30 16:00:00;0.3061643835616439;0.03802083333333333
2018-10-30 17:00:00;0.2856164383561644;0.034374999999999996
2018-10-30 18:00:00;0.2671232876712329;0.029687500000000002
2018-10-30 19:00:00;0.2897260273972603;0.026041666666666668
2018-10-30 20:00:00;0.12054794520547946;0.15677083333333333
2018-10-30 21:00:00;0.10273972602739725;0.19583333333333333
2018-10-30 22:00:00;0.09041095890410958;0.23802083333333335
2018-10-30 23:00:00;0.07397260273972601;0.25104166666666666
2018-10-31 00:00:00;0.07465753424657534;0.25625000000000003
2018-10-31 01:00:00;0.0821917808219178;0.25937499999999997
2018-10-31 02:00:00;0.09931506849315068;0.25
2018-10-31 03:00:00;0.10136986301369862;0.24427083333333333
2018-10-31 04:00:00;0.17123287671232876;0.14947916666666666
2018-10-31 05:00:00;0.20821917808219179;0.12291666666666667
2018-10-31 06:00:00;0.30753424657534245;0.09114583333333333
2018-10-31 07:00:00;0.40684931506849314;0.051562500000000004
2018-10-31 08:00:00;0.42054794520547945;0.052083333333333336
2018-10-31 09:00:00;0.4397260273972603;0.05416666666666667
2018-10-31 10:00:00;0.41986301369863016;0.0828125
2018-10-31 11:00:00;0.42191780821917807;0.0890625
2018-10-31 12:00:00;0.41849315068493154;0.10625
2018-10-31 13:00:00;0.40616438356164386;0.1171875
2018-10-31 14:00:00;0.4301369863013699;0.12552083333333333
2018-10-31 15:00:00;0.4773972602739725;0.125
2018-10-31 16:00:00;0.5493150684931506;0.0609375
2018-10-31 17:00:00;0.552054794520548;0.04114583333333333
2018-10-31 18:00:00;0.5773972602739725;0.029166666666666664
2018-10-31 19:00:00;0.486986301369863;0.028645833333333332
2018-10-31 20:00:00;0.4143835616438356;0.034374999999999996
2018-10-31 21:00:00;0.40273972602739727;0.042187499999999996
2018-10-31 22:00:00;0.38424657534246576;0.034374999999999996
2018-10-31 23:00:00;0.3849315068493151;0.034374999999999996
2018-11-01 00:00:00;0.3780821917808219;0.043750000000000004
2018-11-01 01:00:00;0.35479452054794525;0.05520833333333333
2018-11-01 02:00:00;0.38904109589041097;0.042187499999999996
2018-11-01 03:00:00;0.39315068493150684;0.034895833333333334
2018-11-01 04:00:00;0.2993150684931507;0.07395833333333333
2018-11-01 05:00:00;0.236986301369863;0.09999999999999999
2018-11-01 06:00:00;0.3116438356164384;0.07760416666666667
2018-11-01 07:00:00;0.4006849315068493;0.04635416666666667
2018-11-01 08:00:00;0.4417808219178082;0.049479166666666664
2018-11-01 09:00:00;0.4445205479452054;0.06666666666666667
2018-11-01 10:00:00;0.38287671232876713;0.10677083333333333
2018-11-01 11:00:00;0.3561643835616438;0.1125
2018-11-01 12:00:00;0.37876712328767126;0.10625
2018-11-01 13:00:00;0.3938356164383562;0.11614583333333334
2018-11-01 14:00:00;0.41301369863013704;0.1046875
2018-11-01 15:00:00;0.476027397260274;0.06666666666666667
2018-11-01 16:00:00;0.5657534246575342;0.05416666666666667
2018-11-01 17:00:00;0.5335616438356163;0.057291666666666664
2018-11-01 18:00:00;0.5232876712328767;0.06510416666666667
2018-11-01 19:00:00;0.39452054794520547;0.10104166666666665
2018-11-01 20:00:00;0.27671232876712326;0.13385416666666666
2018-11-01 21:00:00;0.2678082191780822;0.11875000000000001
2018-11-01 22:00:00;0.2328767123287671;0.11822916666666666
2018-11-01 23:00:00;0.24383561643835616;0.11562499999999999
2018-11-02 00:00:00;0.236986301369863;0.11666666666666665
2018-11-02 01:00:00;0.18356164383561643;0.14739583333333334
2018-11-02 02:00:00;0.18424657534246577;0.28854166666666664
2018-11-02 03:00:00;0.2054794520547945;0.26927083333333335
2018-11-02 04:00:00;0.17671232876712328;0.29322916666666665
2018-11-02 05:00:00;0.2787671232876712;0.22864583333333333
2018-11-02 06:00:00;0.36917808219178083;0.1703125
2018-11-02 07:00:00;0.4767123287671233;0.1046875
2018-11-02 08:00:00;0.5452054794520548;0.096875
2018-11-02 09:00:00;0.4890410958904109;0.10625
2018-11-02 10:00:00;0.26986301369863014;0.22343749999999998
2018-11-02 11:00:00;0.26095890410958905;0.24531250000000002
2018-11-02 12:00:00;0.2910958904109589;0.25833333333333336
2018-11-02 13:00:00;0.2226027397260274;0.2682291666666667
2018-11-02 14:00:00;0.2232876712328767;0.2708333333333333
2018-11-02 15:00:00;0.30547945205479454;0.24635416666666665
2018-11-02 16:00:00;0.37876712328767126;0.19322916666666667
2018-11-02 17:00:00;0.5527397260273972;0.13020833333333334
2018-11-02 18:00:00;0.6205479452054794;0.07864583333333333
2018-11-02 19:00:00;0.4993150684931506;0.171875
2018-11-02 20:00:00;0.5897260273972602;0.07239583333333334
2018-11-02 21:00:00;0.5684931506849316;0.05364583333333334
2018-11-02 22:00:00;0.5739726027397261;0.034895833333333334
2018-11-02 23:00:00;0.5602739726027397;0.0484375
2018-11-03 00:00:00;0.4390410958904109;0.08958333333333333
2018-11-03 01:00:00;0.43767123287671234;0.07604166666666666
2018-11-03 02:00:00;0.5212328767123288;0.040625
2018-11-03 03:00:00;0.5095890410958903;0.029687500000000002
2018-11-03 04:00:00;0.5191780821917809;0.03072916666666667
2018-11-03 05:00:00;0.4554794520547945;0.05572916666666666
2018-11-03 06:00:00;0.4452054794520548;0.040625
2018-11-03 07:00:00;0.4863013698630137;0.030208333333333334
2018-11-03 08:00:00;0.4534246575342466;0.03802083333333333
2018-11-03 09:00:00;0.41986301369863016;0.049999999999999996
2018-11-03 10:00:00;0.4890410958904109;0.057291666666666664
2018-11-03 11:00:00;0.4472602739726027;0.09010416666666667
2018-11-03 12:00:00;0.40821917808219177;0.13749999999999998
2018-11-03 13:00:00;0.37534246575342467;0.15677083333333333
2018-11-03 14:00:00;0.3780821917808219;0.1703125
2018-11-03 15:00:00;0.3493150684931507;0.17760416666666667
2018-11-03 16:00:00;0.34863013698630135;0.14895833333333333
2018-11-03 17:00:00;0.5082191780821917;0.11145833333333333
2018-11-03 18:00:00;0.4835616438356164;0.08750000000000001
2018-11-03 19:00:00;0.5034246575342466;0.05833333333333333
2018-11-03 20:00:00;0.4767123287671233;0.07552083333333333
2018-11-03 21:00:00;0.46027397260273967;0.057812499999999996
2018-11-03 22:00:00;0.4513698630136986;0.04479166666666667
2018-11-03 23:00:00;0.426027397260274;0.03854166666666667
2018-11-04 00:00:00;0.4452054794520548;0.041666666666666664
2018-11-04 01:00:00;0.4404109589041096;0.04479166666666667
2018-11-04 02:00:00;0.4294520547945206;0.03958333333333333
2018-11-04 03:00:00;0.4575342465753425;0.03333333333333333
2018-11-04 04:00:00;0.4575342465753425;0.0375
2018-11-04 05:00:00;0.4513698630136986;0.041666666666666664
2018-11-04 06:00:00;0.4226027397260274;0.044270833333333336
2018-11-04 07:00:00;0.4157534246575343;0.0390625
2018-11-04 08:00:00;0.39315068493150684;0.06510416666666667
2018-11-04 09:00:00;0.3767123287671233;0.06979166666666667
2018-11-04 10:00:00;0.3883561643835617;0.08489583333333334
2018-11-04 11:00:00;0.3061643835616439;0.10625
2018-11-04 12:00:00;0.2945205479452055;0.109375
2018-11-04 13:00:00;0.34315068493150686;0.10052083333333334
2018-11-04 14:00:00;0.3767123287671233;0.08072916666666667
2018-11-04 15:00:00;0.36232876712328765;0.09114583333333333
2018-11-04 16:00:00;0.45479452054794517;0.040625
2018-11-04 17:00:00;0.45;0.029166666666666664
2018-11-04 18:00:00;0.4568493150684931;0.035937500000000004
2018-11-04 19:00:00;0.38561643835616444;0.029687500000000002
2018-11-04 20:00:00;0.3335616438356165;0.0265625
2018-11-04 21:00:00;0.30890410958904113;0.0265625
2018-11-04 22:00:00;0.3253424657534247;0.027604166666666666
2018-11-04 23:00:00;0.30547945205479454;0.027083333333333334
2018-11-05 00:00:00;0.28493150684931506;0.027083333333333334
2018-11-05 01:00:00;0.25273972602739725;0.027083333333333334
2018-11-05 02:00:00;0.23493150684931505;0.028645833333333332
2018-11-05 03:00:00;0.23150684931506849;0.030208333333333334
2018-11-05 04:00:00;0.22054794520547946;0.030208333333333334
2018-11-05 05:00:00;0.22602739726027396;0.036458333333333336
2018-11-05 06:00:00;0.2897260273972603;0.03177083333333333
2018-11-05 07:00:00;0.33630136986301373;0.028645833333333332
2018-11-05 08:00:00;0.29726027397260274;0.03333333333333333
2018-11-05 09:00:00;0.2958904109589041;0.036458333333333336
2018-11-05 10:00:00;0.25890410958904114;0.04583333333333334
2018-11-05 11:00:00;0.2280821917808219;0.059895833333333336
2018-11-05 12:00:00;0.2095890410958904;0.06302083333333333
2018-11-05 13:00:00;0.2232876712328767;0.05416666666666667
2018-11-05 14:00:00;0.2705479452054795;0.0453125
2018-11-05 15:00:00;0.2958904109589041;0.0328125
2018-11-05 16:00:00;0.3335616438356165;0.028645833333333332
2018-11-05 17:00:00;0.34315068493150686;0.025520833333333336
2018-11-05 18:00:00;0.3267123287671233;0.027604166666666666
2018-11-05 19:00:00;0.27808219178082194;0.024999999999999998
2018-11-05 20:00:00;0.2910958904109589;0.025520833333333336
2018-11-05 21:00:00;0.28287671232876715;0.024999999999999998
2018-11-05 22:00:00;0.2753424657534247;0.024999999999999998
2018-11-05 23:00:00;0.2684931506849315;0.024999999999999998
2018-11-06 00:00:00;0.26301369863013696;0.024479166666666666
2018-11-06 01:00:00;0.2458904109589041;0.024999999999999998
2018-11-06 02:00:00;0.2280821917808219;0.024999999999999998
2018-11-06 03:00:00;0.26438356164383564;0.024479166666666666
2018-11-06 04:00:00;0.25753424657534246;0.024999999999999998
2018-11-06 05:00:00;0.2616438356164384;0.024479166666666666
2018-11-06 06:00:00;0.3493150684931507;0.024479166666666666
2018-11-06 07:00:00;0.42054794520547945;0.024999999999999998
2018-11-06 08:00:00;0.43219178082191784;0.027083333333333334
2018-11-06 09:00:00;0.4863013698630137;0.03177083333333333
2018-11-06 10:00:00;0.42739726027397257;0.0453125
2018-11-06 11:00:00;0.5184931506849314;0.06406250000000001
2018-11-06 12:00:00;0.41506849315068495;0.07395833333333333
2018-11-06 13:00:00;0.4808219178082191;0.08489583333333334
2018-11-06 14:00:00;0.5034246575342466;0.13489583333333333
2018-11-06 15:00:00;0.6328767123287671;0.04114583333333333
2018-11-06 16:00:00;0.5499999999999999;0.0375
2018-11-06 17:00:00;0.5616438356164384;0.027604166666666666
2018-11-06 18:00:00;0.5095890410958903;0.026041666666666668
2018-11-06 19:00:00;0.4582191780821917;0.025520833333333336
2018-11-06 20:00:00;0.41986301369863016;0.024999999999999998
2018-11-06 21:00:00;0.43219178082191784;0.026041666666666668
2018-11-06 22:00:00;0.4397260273972603;0.025520833333333336
2018-11-06 23:00:00;0.4143835616438356;0.03333333333333333
2018-11-07 00:00:00;0.31369863013698635;0.08802083333333333
2018-11-07 01:00:00;0.2445205479452055;0.13177083333333334
2018-11-07 02:00:00;0.21506849315068494;0.14635416666666667
2018-11-07 03:00:00;0.1684931506849315;0.18385416666666665
2018-11-07 04:00:00;0.1349315068493151;0.22864583333333333
2018-11-07 05:00:00;0.18356164383561643;0.18697916666666667
2018-11-07 06:00:00;0.28150684931506853;0.16354166666666667
2018-11-07 07:00:00;0.36027397260273974;0.11562499999999999
2018-11-07 08:00:00;0.5116438356164382;0.09947916666666667
2018-11-07 09:00:00;0.35205479452054794;0.11822916666666666
2018-11-07 10:00:00;0.32260273972602743;0.17447916666666666
2018-11-07 11:00:00;0.3027397260273973;0.19947916666666665
2018-11-07 12:00:00;0.2945205479452055;0.17916666666666667
2018-11-07 13:00:00;0.30000000000000004;0.2109375
2018-11-07 14:00:00;0.31369863013698635;0.18177083333333333
2018-11-07 15:00:00;0.34520547945205476;0.15729166666666666
2018-11-07 16:00:00;0.29315068493150687;0.1703125
2018-11-07 17:00:00;0.28835616438356165;0.1786458333333333
2018-11-07 18:00:00;0.2787671232876712;0.17135416666666667
2018-11-07 19:00:00;0.2486301369863014;0.1703125
2018-11-07 20:00:00;0.18767123287671234;0.17760416666666667
2018-11-07 21:00:00;0.19452054794520549;0.17447916666666666
2018-11-07 22:00:00;0.21438356164383562;0.171875
2018-11-07 23:00:00;0.18835616438356165;0.18281250000000002
2018-11-08 00:00:00;0.17328767123287672;0.17552083333333335
2018-11-08 01:00:00;0.14657534246575343;0.1807291666666667
2018-11-08 02:00:00;0.1589041095890411;0.17604166666666665
2018-11-08 03:00:00;0.1589041095890411;0.18229166666666666
2018-11-08 04:00:00;0.17671232876712328;0.1859375
2018-11-08 05:00:00;0.16917808219178085;0.21927083333333333
2018-11-08 06:00:00;0.25753424657534246;0.1859375
2018-11-08 07:00:00;0.5726027397260274;0.059375000000000004
2018-11-08 08:00:00;0.636986301369863;0.034895833333333334
2018-11-08 09:00:00;0.5527397260273972;0.08229166666666667
2018-11-08 10:00:00;0.476027397260274;0.12291666666666667
2018-11-08 11:00:00;0.5;0.14531249999999998
2018-11-08 12:00:00;0.3609589041095891;0.18958333333333333
2018-11-08 13:00:00;0.38561643835616444;0.16718750000000002
2018-11-08 14:00:00;0.34794520547945207;0.1885416666666667
2018-11-08 15:00:00;0.3801369863013699;0.1864583333333333
2018-11-08 16:00:00;0.46027397260273967;0.1390625
2018-11-08 17:00:00;0.5842465753424657;0.059895833333333336
2018-11-08 18:00:00;0.6075342465753424;0.051562500000000004
2018-11-08 19:00:00;0.545890410958904;0.057291666666666664
2018-11-08 20:00:00;0.6267123287671232;0.030208333333333334
2018-11-08 21:00:00;0.5671232876712329;0.035416666666666666
2018-11-08 22:00:00;0.4582191780821917;0.09791666666666667
2018-11-08 23:00:00;0.3952054794520548;0.10625
2018-11-09 00:00:00;0.3335616438356165;0.13854166666666667
2018-11-09 01:00:00;0.30205479452054795;0.14791666666666667
2018-11-09 02:00:00;0.2356164383561644;0.16510416666666666
2018-11-09 03:00:00;0.2410958904109589;0.14322916666666666
2018-11-09 04:00:00;0.23013698630136986;0.13020833333333334
2018-11-09 05:00:00;0.24383561643835616;0.1125
2018-11-09 06:00:00;0.3801369863013699;0.049999999999999996
2018-11-09 07:00:00;0.4616438356164383;0.026041666666666668
2018-11-09 08:00:00;0.4157534246575343;0.03229166666666667
2018-11-09 09:00:00;0.4191780821917808;0.04895833333333333
2018-11-09 10:00:00;0.37260273972602737;0.06145833333333334
2018-11-09 11:00:00;0.37260273972602737;0.06302083333333333
2018-11-09 12:00:00;0.37260273972602737;0.06302083333333333
2018-11-09 13:00:00;0.37260273972602737;0.06458333333333334
2018-11-09 14:00:00;0.4458904109589041;0.051562500000000004
2018-11-09 15:00:00;0.4828767123287671;0.04635416666666667
2018-11-09 16:00:00;0.4404109589041096;0.04739583333333333
2018-11-09 17:00:00;0.43356164383561646;0.026041666666666668
2018-11-09 18:00:00;0.39657534246575343;0.0265625
2018-11-09 19:00:00;0.40273972602739727;0.033854166666666664
2018-11-09 20:00:00;0.37534246575342467;0.04583333333333334
2018-11-09 21:00:00;0.3767123287671233;0.04739583333333333
2018-11-09 22:00:00;0.3301369863013699;0.07604166666666666
2018-11-09 23:00:00;0.26575342465753427;0.10729166666666667
2018-11-10 00:00:00;0.22945205479452055;0.13645833333333332
2018-11-10 01:00:00;0.22534246575342465;0.14322916666666666
2018-11-10 02:00:00;0.20068493150684932;0.16145833333333334
2018-11-10 03:00:00;0.1589041095890411;0.1864583333333333
2018-11-10 04:00:00;0.1267123287671233;0.228125
2018-11-10 05:00:00;0.12260273972602741;0.2411458333333333
2018-11-10 06:00:00;0.14657534246575343;0.22864583333333333
2018-11-10 07:00:00;0.12602739726027398;0.23020833333333335
2018-11-10 08:00:00;0.13356164383561644;0.23958333333333334
2018-11-10 09:00:00;0.1821917808219178;0.2109375
2018-11-10 10:00:00;0.21095890410958903;0.19375
2018-11-10 11:00:00;0.2356164383561644;0.18802083333333333
2018-11-10 12:00:00;0.25753424657534246;0.18125
2018-11-10 13:00:00;0.2273972602739726;0.19114583333333335
2018-11-10 14:00:00;0.24520547945205481;0.17552083333333335
2018-11-10 15:00:00;0.26301369863013696;0.1578125
2018-11-10 16:00:00;0.26986301369863014;0.14114583333333333
2018-11-10 17:00:00;0.36712328767123287;0.134375
2018-11-10 18:00:00;0.2945205479452055;0.15520833333333334
2018-11-10 19:00:00;0.24794520547945206;0.15260416666666668
2018-11-10 20:00:00;0.25616438356164384;0.13749999999999998
2018-11-10 21:00:00;0.2719178082191781;0.1328125
2018-11-10 22:00:00;0.2534246575342466;0.1265625
2018-11-10 23:00:00;0.25890410958904114;0.17708333333333334
2018-11-11 00:00:00;0.23493150684931505;0.19010416666666666
2018-11-11 01:00:00;0.18013698630136987;0.19062500000000002
2018-11-11 02:00:00;0.15136986301369865;0.203125
2018-11-11 03:00:00;0.12260273972602741;0.23020833333333335
2018-11-11 04:00:00;0.11643835616438356;0.2484375
2018-11-11 05:00:00;0.12191780821917808;0.2489583333333333
2018-11-11 06:00:00;0.12602739726027398;0.25104166666666666
2018-11-11 07:00:00;0.1178082191780822;0.2625
2018-11-11 08:00:00;0.14931506849315068;0.22291666666666665
2018-11-11 09:00:00;0.15342465753424658;0.23124999999999998
2018-11-11 10:00:00;0.1589041095890411;0.2411458333333333
2018-11-11 11:00:00;0.14794520547945206;0.25104166666666666
2018-11-11 12:00:00;0.14794520547945206;0.25833333333333336
2018-11-11 13:00:00;0.20068493150684932;0.24375
2018-11-11 14:00:00;0.17397260273972603;0.24739583333333334
2018-11-11 15:00:00;0.20616438356164385;0.23958333333333334
2018-11-11 16:00:00;0.213013698630137;0.23124999999999998
2018-11-11 17:00:00;0.21849315068493153;0.24427083333333333
2018-11-11 18:00:00;0.34452054794520554;0.1953125
2018-11-11 19:00:00;0.2993150684931507;0.23750000000000002
2018-11-11 20:00:00;0.2821917808219178;0.2203125
2018-11-11 21:00:00;0.3404109589041096;0.15572916666666667
2018-11-11 22:00:00;0.29863013698630136;0.11927083333333333
2018-11-11 23:00:00;0.28287671232876715;0.1171875
2018-11-12 00:00:00;0.24726027397260275;0.10729166666666667
2018-11-12 01:00:00;0.2273972602739726;0.0984375
2018-11-12 02:00:00;0.22123287671232875;0.10052083333333334
2018-11-12 03:00:00;0.19109589041095892;0.10208333333333335
2018-11-12 04:00:00;0.1547945205479452;0.12343749999999999
2018-11-12 05:00:00;0.1856164383561644;0.12395833333333334
2018-11-12 06:00:00;0.2547945205479452;0.0984375
2018-11-12 07:00:00;0.37876712328767126;0.04583333333333334
2018-11-12 08:00:00;0.3986301369863014;0.033854166666666664
2018-11-12 09:00:00;0.471917808219178;0.03072916666666667
2018-11-12 10:00:00;0.4678082191780822;0.040625
2018-11-12 11:00:00;0.4636986301369862;0.05677083333333333
2018-11-12 12:00:00;0.5246575342465754;0.05885416666666667
2018-11-12 13:00:00;0.5335616438356163;0.0703125
2018-11-12 14:00:00;0.5246575342465754;0.08333333333333333
2018-11-12 15:00:00;0.5924657534246576;0.0484375
2018-11-12 16:00:00;0.5773972602739725;0.03854166666666667
2018-11-12 17:00:00;0.5712328767123287;0.0453125
2018-11-12 18:00:00;0.5253424657534246;0.03697916666666667
2018-11-12 19:00:00;0.447945205479452;0.04791666666666666
2018-11-12 20:00:00;0.42671232876712334;0.059375000000000004
2018-11-12 21:00:00;0.40136986301369865;0.07239583333333334
2018-11-12 22:00:00;0.35342465753424657;0.09010416666666667
2018-11-12 23:00:00;0.3458904109589041;0.090625
2018-11-13 00:00:00;0.25890410958904114;0.11979166666666667
2018-11-13 01:00:00;0.236986301369863;0.13125
2018-11-13 02:00:00;0.2191780821917808;0.13020833333333334
2018-11-13 03:00:00;0.2273972602739726;0.12760416666666666
2018-11-13 04:00:00;0.19246575342465755;0.13489583333333333
2018-11-13 05:00:00;0.2054794520547945;0.12968749999999998
2018-11-13 06:00:00;0.2595890410958904;0.11510416666666667
2018-11-13 07:00:00;0.38972602739726026;0.08072916666666667
2018-11-13 08:00:00;0.38630136986301367;0.08645833333333335
2018-11-13 09:00:00;0.34452054794520554;0.16197916666666667
2018-11-13 10:00:00;0.34520547945205476;0.20572916666666666
2018-11-13 11:00:00;0.339041095890411;0.22083333333333333
2018-11-13 12:00:00;0.19041095890410958;0.3203125
2018-11-13 13:00:00;0.2;0.31927083333333334
2018-11-13 14:00:00;0.21575342465753425;0.3015625
2018-11-13 15:00:00;0.2280821917808219;0.2994791666666667
2018-11-13 16:00:00;0.28287671232876715;0.26197916666666665
2018-11-13 17:00:00;0.32945205479452055;0.22291666666666665
2018-11-13 18:00:00;0.37602739726027395;0.2020833333333333
2018-11-13 19:00:00;0.4527397260273972;0.12708333333333333
2018-11-13 20:00:00;0.5095890410958903;0.06354166666666666
2018-11-13 21:00:00;0.5267123287671233;0.0453125
2018-11-13 22:00:00;0.5027397260273972;0.04270833333333333
2018-11-13 23:00:00;0.37739726027397263;0.09791666666666667
2018-11-14 00:00:00;0.29041095890410956;0.12812500000000002
2018-11-14 01:00:00;0.27260273972602744;0.121875
2018-11-14 02:00:00;0.27945205479452057;0.11562499999999999
2018-11-14 03:00:00;0.2458904109589041;0.11979166666666667
2018-11-14 04:00:00;0.2232876712328767;0.13020833333333334
2018-11-14 05:00:00;0.24794520547945206;0.12239583333333333
2018-11-14 06:00:00;0.3561643835616438;0.06145833333333334
2018-11-14 07:00:00;0.43698630136986305;0.0328125
2018-11-14 08:00:00;0.4726027397260274;0.0328125
2018-11-14 09:00:00;0.42534246575342466;0.04895833333333333
2018-11-14 10:00:00;0.3952054794520548;0.06927083333333334
2018-11-14 11:00:00;0.410958904109589;0.08489583333333334
2018-11-14 12:00:00;0.4191780821917808;0.11197916666666667
2018-11-14 13:00:00;0.39794520547945206;0.12708333333333333
2018-11-14 14:00:00;0.4041095890410959;0.13333333333333333
2018-11-14 15:00:00;0.4280821917808219;0.13697916666666668
2018-11-14 16:00:00;0.4431506849315069;0.10312500000000001
2018-11-14 17:00:00;0.4904109589041096;0.07656249999999999
2018-11-14 18:00:00;0.4746575342465753;0.0609375
2018-11-14 19:00:00;0.471917808219178;0.05625
2018-11-14 20:00:00;0.4705479452054794;0.046875
2018-11-14 21:00:00;0.4712328767123288;0.035416666666666666
2018-11-14 22:00:00;0.4424657534246575;0.035416666666666666
2018-11-14 23:00:00;0.41301369863013704;0.03177083333333333
2018-11-15 00:00:00;0.41301369863013704;0.034374999999999996
2018-11-15 01:00:00;0.42534246575342466;0.029166666666666664
2018-11-15 02:00:00;0.41164383561643836;0.030208333333333334
2018-11-15 03:00:00;0.3917808219178082;0.03229166666666667
2018-11-15 04:00:00;0.36369863013698633;0.044270833333333336
2018-11-15 05:00:00;0.3541095890410959;0.03854166666666667
2018-11-15 06:00:00;0.4123287671232877;0.027083333333333334
2018-11-15 07:00:00;0.4568493150684931;0.024479166666666666
2018-11-15 08:00:00;0.4054794520547945;0.027604166666666666
2018-11-15 09:00:00;0.41712328767123286;0.0390625
2018-11-15 10:00:00;0.38561643835616444;0.05625
2018-11-15 11:00:00;0.3678082191780822;0.07447916666666667
2018-11-15 12:00:00;0.43424657534246575;0.07395833333333333
2018-11-15 13:00:00;0.43698630136986305;0.07083333333333333
2018-11-15 14:00:00;0.4938356164383561;0.06354166666666666
2018-11-15 15:00:00;0.552054794520548;0.06927083333333334
2018-11-15 16:00:00;0.5835616438356164;0.042187499999999996
2018-11-15 17:00:00;0.5561643835616438;0.027604166666666666
2018-11-15 18:00:00;0.49589041095890407;0.027604166666666666
2018-11-15 19:00:00;0.41301369863013704;0.027604166666666666
2018-11-15 20:00:00;0.3849315068493151;0.027083333333333334
2018-11-15 21:00:00;0.37876712328767126;0.027083333333333334
2018-11-15 22:00:00;0.3404109589041096;0.027604166666666666
2018-11-15 23:00:00;0.33630136986301373;0.027083333333333334
2018-11-16 00:00:00;0.31575342465753425;0.0265625
2018-11-16 01:00:00;0.33767123287671236;0.0265625
2018-11-16 02:00:00;0.32054794520547947;0.026041666666666668
2018-11-16 03:00:00;0.2993150684931507;0.0265625
2018-11-16 04:00:00;0.3061643835616439;0.026041666666666668
2018-11-16 05:00:00;0.3198630136986302;0.0265625
2018-11-16 06:00:00;0.3541095890410959;0.0265625
2018-11-16 07:00:00;0.38630136986301367;0.0265625
2018-11-16 08:00:00;0.34863013698630135;0.03229166666666667
2018-11-16 09:00:00;0.37739726027397263;0.03697916666666667
2018-11-16 10:00:00;0.3883561643835617;0.04322916666666667
2018-11-16 11:00:00;0.3561643835616438;0.04322916666666667
2018-11-16 12:00:00;0.3732876712328767;0.04270833333333333
2018-11-16 13:00:00;0.37602739726027395;0.03854166666666667
2018-11-16 14:00:00;0.43219178082191784;0.03802083333333333
2018-11-16 15:00:00;0.4445205479452054;0.033854166666666664
2018-11-16 16:00:00;0.4328767123287671;0.029687500000000002
2018-11-16 17:00:00;0.4006849315068493;0.027083333333333334
2018-11-16 18:00:00;0.39931506849315074;0.029166666666666664
2018-11-16 19:00:00;0.3767123287671233;0.028645833333333332
2018-11-16 20:00:00;0.3301369863013699;0.0265625
2018-11-16 21:00:00;0.3335616438356165;0.0265625
2018-11-16 22:00:00;0.35342465753424657;0.028125
2018-11-16 23:00:00;0.3849315068493151;0.028125
2018-11-17 00:00:00;0.3527397260273973;0.028645833333333332
2018-11-17 01:00:00;0.34315068493150686;0.033854166666666664
2018-11-17 02:00:00;0.3356164383561644;0.03854166666666667
2018-11-17 03:00:00;0.3013698630136986;0.04479166666666667
2018-11-17 04:00:00;0.2650684931506849;0.0609375
2018-11-17 05:00:00;0.20616438356164385;0.0859375
2018-11-17 06:00:00;0.20068493150684932;0.07864583333333333
2018-11-17 07:00:00;0.27260273972602744;0.059895833333333336
2018-11-17 08:00:00;0.25616438356164384;0.06822916666666666
2018-11-17 09:00:00;0.26917808219178085;0.07968750000000001
2018-11-17 10:00:00;0.26575342465753427;0.09166666666666667
2018-11-17 11:00:00;0.26643835616438355;0.1015625
2018-11-17 12:00:00;0.2582191780821918;0.1265625
2018-11-17 13:00:00;0.24726027397260275;0.13333333333333333
2018-11-17 14:00:00;0.23904109589041095;0.1390625
2018-11-17 15:00:00;0.2280821917808219;0.12239583333333333
2018-11-17 16:00:00;0.289041095890411;0.09479166666666666
2018-11-17 17:00:00;0.27808219178082194;0.09114583333333333
2018-11-17 18:00:00;0.2356164383561644;0.11927083333333333
2018-11-17 19:00:00;0.22123287671232875;0.1203125
2018-11-17 20:00:00;0.22465753424657534;0.10572916666666667
2018-11-17 21:00:00;0.2;0.12395833333333334
2018-11-17 22:00:00;0.19041095890410958;0.12864583333333332
2018-11-17 23:00:00;0.19246575342465755;0.13854166666666667
2018-11-18 00:00:00;0.18835616438356165;0.13697916666666668
2018-11-18 01:00:00;0.1726027397260274;0.12395833333333334
2018-11-18 02:00:00;0.18356164383561643;0.11197916666666667
2018-11-18 03:00:00;0.16986301369863013;0.11354166666666667
2018-11-18 04:00:00;0.17534246575342466;0.09791666666666667
2018-11-18 05:00:00;0.16575342465753426;0.09739583333333333
2018-11-18 06:00:00;0.1678082191780822;0.10677083333333333
2018-11-18 07:00:00;0.15684931506849317;0.11979166666666667
2018-11-18 08:00:00;0.1821917808219178;0.11979166666666667
2018-11-18 09:00:00;0.14931506849315068;0.14375000000000002
2018-11-18 10:00:00;0.16095890410958905;0.16874999999999998
2018-11-18 11:00:00;0.18082191780821918;0.20885416666666667
2018-11-18 12:00:00;0.18767123287671234;0.23177083333333334
2018-11-18 13:00:00;0.1541095890410959;0.24947916666666667
2018-11-18 14:00:00;0.18356164383561643;0.22864583333333333
2018-11-18 15:00:00;0.19794520547945207;0.23489583333333333
2018-11-18 16:00:00;0.21438356164383562;0.2484375
2018-11-18 17:00:00;0.2356164383561644;0.2411458333333333
2018-11-18 18:00:00;0.24178082191780825;0.24635416666666665
2018-11-18 19:00:00;0.1952054794520548;0.22447916666666667
2018-11-18 20:00:00;0.18287671232876715;0.16197916666666667
2018-11-18 21:00:00;0.1506849315068493;0.18177083333333333
2018-11-18 22:00:00;0.13424657534246576;0.17760416666666667
2018-11-18 23:00:00;0.11917808219178083;0.20260416666666667
2018-11-19 00:00:00;0.1136986301369863;0.2125
2018-11-19 01:00:00;0.12808219178082195;0.18958333333333333
2018-11-19 02:00:00;0.1095890410958904;0.22291666666666665
2018-11-19 03:00:00;0.09041095890410958;0.23906249999999998
2018-11-19 04:00:00;0.08493150684931507;0.25677083333333334
2018-11-19 05:00:00;0.09041095890410958;0.26510416666666664
2018-11-19 06:00:00;0.12054794520547946;0.2552083333333333
2018-11-19 07:00:00;0.15342465753424658;0.22135416666666666
2018-11-19 08:00:00;0.16917808219178085;0.2255208333333333
2018-11-19 09:00:00;0.16986301369863013;0.23229166666666667
2018-11-19 10:00:00;0.15136986301369865;0.24270833333333333
2018-11-19 11:00:00;0.1623287671232877;0.2328125
2018-11-19 12:00:00;0.1678082191780822;0.2333333333333333
2018-11-19 13:00:00;0.15273972602739727;0.240625
2018-11-19 14:00:00;0.1589041095890411;0.23645833333333333
2018-11-19 15:00:00;0.16986301369863013;0.2197916666666667
2018-11-19 16:00:00;0.1623287671232877;0.20781249999999998
2018-11-19 17:00:00;0.17876712328767125;0.20625000000000002
2018-11-19 18:00:00;0.16301369863013698;0.20885416666666667
2018-11-19 19:00:00;0.1308219178082192;0.21406250000000002
2018-11-19 20:00:00;0.1267123287671233;0.2171875
2018-11-19 21:00:00;0.11438356164383562;0.21927083333333333
2018-11-19 22:00:00;0.10205479452054794;0.22239583333333335
2018-11-19 23:00:00;0.09315068493150684;0.21510416666666665
2018-11-20 00:00:00;0.09041095890410958;0.20885416666666667
2018-11-20 01:00:00;0.09178082191780822;0.22083333333333333
2018-11-20 02:00:00;0.07191780821917808;0.27291666666666664
2018-11-20 03:00:00;0.07397260273972601;0.2833333333333333
2018-11-20 04:00:00;0.07534246575342465;0.3
2018-11-20 05:00:00;0.08150684931506849;0.2838541666666667
2018-11-20 06:00:00;0.1404109589041096;0.24947916666666667
2018-11-20 07:00:00;0.17876712328767125;0.2041666666666667
2018-11-20 08:00:00;0.1643835616438356;0.1942708333333333
2018-11-20 09:00:00;0.176027397260274;0.20572916666666666
2018-11-20 10:00:00;0.1726027397260274;0.22343749999999998
2018-11-20 11:00:00;0.1678082191780822;0.21875
2018-11-20 12:00:00;0.1780821917808219;0.234375
2018-11-20 13:00:00;0.19315068493150686;0.2203125
2018-11-20 14:00:00;0.18287671232876715;0.20572916666666666
2018-11-20 15:00:00;0.17945205479452056;0.19479166666666667
2018-11-20 16:00:00;0.17945205479452056;0.1875
2018-11-20 17:00:00;0.20136986301369864;0.171875
2018-11-20 18:00:00;0.2095890410958904;0.15989583333333332
2018-11-20 19:00:00;0.1678082191780822;0.16093749999999998
2018-11-20 20:00:00;0.16369863013698632;0.15416666666666667
2018-11-20 21:00:00;0.16986301369863013;0.14010416666666667
2018-11-20 22:00:00;0.17534246575342466;0.12968749999999998
2018-11-20 23:00:00;0.17739726027397262;0.13125
2018-11-21 00:00:00;0.18493150684931506;0.13333333333333333
2018-11-21 01:00:00;0.1308219178082192;0.14947916666666666
2018-11-21 02:00:00;0.1308219178082192;0.14791666666666667
2018-11-21 03:00:00;0.12602739726027398;0.15364583333333334
2018-11-21 04:00:00;0.11506849315068493;0.15572916666666667
2018-11-21 05:00:00;0.1308219178082192;0.140625
2018-11-21 06:00:00;0.22534246575342465;0.0984375
2018-11-21 07:00:00;0.29657534246575346;0.075
2018-11-21 08:00:00;0.38082191780821917;0.05572916666666666
2018-11-21 09:00:00;0.34178082191780823;0.06041666666666667
2018-11-21 10:00:00;0.32465753424657534;0.07916666666666666
2018-11-21 11:00:00;0.34794520547945207;0.0828125
2018-11-21 12:00:00;0.3356164383561644;0.07552083333333333
2018-11-21 13:00:00;0.33082191780821923;0.08489583333333334
2018-11-21 14:00:00;0.30410958904109586;0.08020833333333334
2018-11-21 15:00:00;0.3095890410958904;0.06979166666666667
2018-11-21 16:00:00;0.29520547945205483;0.07552083333333333
2018-11-21 17:00:00;0.31369863013698635;0.06041666666666667
2018-11-21 18:00:00;0.31095890410958904;0.06197916666666667
2018-11-21 19:00:00;0.25753424657534246;0.07864583333333333
2018-11-21 20:00:00;0.23904109589041095;0.09947916666666667
2018-11-21 21:00:00;0.2308219178082192;0.10885416666666665
2018-11-21 22:00:00;0.2321917808219178;0.1046875
2018-11-21 23:00:00;0.20753424657534247;0.08125
2018-11-22 00:00:00;0.19794520547945207;0.06822916666666666
2018-11-22 01:00:00;0.1993150684931507;0.07395833333333333
2018-11-22 02:00:00;0.18493150684931506;0.08072916666666667
2018-11-22 03:00:00;0.18835616438356165;0.08072916666666667
2018-11-22 04:00:00;0.176027397260274;0.08333333333333333
2018-11-22 05:00:00;0.18904109589041096;0.06302083333333333
2018-11-22 06:00:00;0.2458904109589041;0.041666666666666664
2018-11-22 07:00:00;0.2595890410958904;0.035416666666666666
2018-11-22 08:00:00;0.25616438356164384;0.03333333333333333
2018-11-22 09:00:00;0.2705479452054795;0.03802083333333333
2018-11-22 10:00:00;0.2623287671232877;0.052083333333333336
2018-11-22 11:00:00;0.2363013698630137;0.05260416666666667
2018-11-22 12:00:00;0.28698630136986303;0.04010416666666667
2018-11-22 13:00:00;0.2650684931506849;0.043750000000000004
2018-11-22 14:00:00;0.2513698630136986;0.041666666666666664
2018-11-22 15:00:00;0.27465753424657535;0.035937500000000004
2018-11-22 16:00:00;0.25205479452054796;0.029166666666666664
2018-11-22 17:00:00;0.27260273972602744;0.026041666666666668
2018-11-22 18:00:00;0.26986301369863014;0.027604166666666666
2018-11-22 19:00:00;0.2582191780821918;0.027083333333333334
2018-11-22 20:00:00;0.2732876712328767;0.0265625
2018-11-22 21:00:00;0.2732876712328767;0.0265625
2018-11-22 22:00:00;0.2410958904109589;0.026041666666666668
2018-11-22 23:00:00;0.26986301369863014;0.026041666666666668
2018-11-23 00:00:00;0.2465753424657534;0.0265625
2018-11-23 01:00:00;0.24383561643835616;0.026041666666666668
2018-11-23 02:00:00;0.2493150684931507;0.026041666666666668
2018-11-23 03:00:00;0.2924657534246575;0.026041666666666668
2018-11-23 04:00:00;0.2842465753424658;0.026041666666666668
2018-11-23 05:00:00;0.31232876712328766;0.026041666666666668
2018-11-23 06:00:00;0.36575342465753424;0.0265625
2018-11-23 07:00:00;0.402054794520548;0.027083333333333334
2018-11-23 08:00:00;0.4952054794520548;0.027604166666666666
2018-11-23 09:00:00;0.4472602739726027;0.03072916666666667
2018-11-23 10:00:00;0.3986301369863014;0.03072916666666667
2018-11-23 11:00:00;0.3849315068493151;0.035416666666666666
2018-11-23 12:00:00;0.39589041095890415;0.035416666666666666
2018-11-23 13:00:00;0.35136986301369866;0.035937500000000004
2018-11-23 14:00:00;0.3219178082191781;0.03802083333333333
2018-11-23 15:00:00;0.32602739726027397;0.03125
2018-11-23 16:00:00;0.31438356164383563;0.0265625
2018-11-23 17:00:00;0.33972602739726027;0.024999999999999998
2018-11-23 18:00:00;0.31027397260273976;0.024999999999999998
2018-11-23 19:00:00;0.30547945205479454;0.025520833333333336
2018-11-23 20:00:00;0.29041095890410956;0.024999999999999998
2018-11-23 21:00:00;0.30000000000000004;0.025520833333333336
2018-11-23 22:00:00;0.289041095890411;0.025520833333333336
2018-11-23 23:00:00;0.2924657534246575;0.025520833333333336
2018-11-24 00:00:00;0.28356164383561644;0.026041666666666668
2018-11-24 01:00:00;0.2445205479452055;0.025520833333333336
2018-11-24 02:00:00;0.21506849315068494;0.042187499999999996
2018-11-24 03:00:00;0.16917808219178085;0.0859375
2018-11-24 04:00:00;0.1452054794520548;0.10416666666666667
2018-11-24 05:00:00;0.14931506849315068;0.1015625
2018-11-24 06:00:00;0.17328767123287672;0.090625
2018-11-24 07:00:00;0.17534246575342466;0.09999999999999999
2018-11-24 08:00:00;0.1856164383561644;0.09635416666666667
2018-11-24 09:00:00;0.21232876712328766;0.09947916666666667
2018-11-24 10:00:00;0.19452054794520549;0.10989583333333335
2018-11-24 11:00:00;0.2136986301369863;0.11041666666666666
2018-11-24 12:00:00;0.21780821917808219;0.11093750000000001
2018-11-24 13:00:00;0.21027397260273975;0.0984375
2018-11-24 14:00:00;0.2547945205479452;0.09479166666666666
2018-11-24 15:00:00;0.2534246575342466;0.09322916666666665
2018-11-24 16:00:00;0.26301369863013696;0.08750000000000001
2018-11-24 17:00:00;0.30205479452054795;0.0703125
2018-11-24 18:00:00;0.2842465753424658;0.05677083333333333
2018-11-24 19:00:00;0.289041095890411;0.04791666666666666
2018-11-24 20:00:00;0.27123287671232876;0.04479166666666667
2018-11-24 21:00:00;0.22534246575342465;0.052083333333333336
2018-11-24 22:00:00;0.2171232876712329;0.04895833333333333
2018-11-24 23:00:00;0.20136986301369864;0.051562500000000004
2018-11-25 00:00:00;0.2226027397260274;0.036458333333333336
2018-11-25 01:00:00;0.25616438356164384;0.03177083333333333
2018-11-25 02:00:00;0.22534246575342465;0.035937500000000004
2018-11-25 03:00:00;0.2273972602739726;0.04635416666666667
2018-11-25 04:00:00;0.19863013698630136;0.04739583333333333
2018-11-25 05:00:00;0.20479452054794522;0.04322916666666667
2018-11-25 06:00:00;0.21232876712328766;0.04791666666666666
2018-11-25 07:00:00;0.21027397260273975;0.05364583333333334
2018-11-25 08:00:00;0.20821917808219179;0.05052083333333333
2018-11-25 09:00:00;0.1917808219178082;0.05885416666666667
2018-11-25 10:00:00;0.1780821917808219;0.06145833333333334
2018-11-25 11:00:00;0.16986301369863013;0.05364583333333334
2018-11-25 12:00:00;0.14931506849315068;0.065625
2018-11-25 13:00:00;0.1445205479452055;0.07656249999999999
2018-11-25 14:00:00;0.1547945205479452;0.07135416666666666
2018-11-25 15:00:00;0.16986301369863013;0.06302083333333333
2018-11-25 16:00:00;0.20205479452054795;0.051562500000000004
2018-11-25 17:00:00;0.18767123287671234;0.053125
2018-11-25 18:00:00;0.19246575342465755;0.05260416666666667
2018-11-25 19:00:00;0.17123287671232876;0.07447916666666667
2018-11-25 20:00:00;0.14657534246575343;0.10989583333333335
2018-11-25 21:00:00;0.15205479452054796;0.10833333333333334
2018-11-25 22:00:00;0.1582191780821918;0.09427083333333335
2018-11-25 23:00:00;0.1726027397260274;0.07656249999999999
2018-11-26 00:00:00;0.1589041095890411;0.07083333333333333
2018-11-26 01:00:00;0.17876712328767125;0.065625
2018-11-26 02:00:00;0.16986301369863013;0.06406250000000001
2018-11-26 03:00:00;0.15205479452054796;0.06406250000000001
2018-11-26 04:00:00;0.1506849315068493;0.06874999999999999
2018-11-26 05:00:00;0.15000000000000002;0.065625
2018-11-26 06:00:00;0.17945205479452056;0.05625
2018-11-26 07:00:00;0.24383561643835616;0.04114583333333333
2018-11-26 08:00:00;0.24794520547945206;0.03697916666666667
2018-11-26 09:00:00;0.25753424657534246;0.0390625
2018-11-26 10:00:00;0.21232876712328766;0.05260416666666667
2018-11-26 11:00:00;0.24383561643835616;0.05520833333333333
2018-11-26 12:00:00;0.2171232876712329;0.06041666666666667
2018-11-26 13:00:00;0.23972602739726026;0.0609375
2018-11-26 14:00:00;0.236986301369863;0.08125
2018-11-26 15:00:00;0.24178082191780825;0.08125
2018-11-26 16:00:00;0.25616438356164384;0.07239583333333334
2018-11-26 17:00:00;0.25068493150684934;0.07968750000000001
2018-11-26 18:00:00;0.25068493150684934;0.10781249999999999
2018-11-26 19:00:00;0.25068493150684934;0.10781249999999999
2018-11-26 20:00:00;0.24315068493150685;0.10677083333333333
2018-11-26 21:00:00;0.2410958904109589;0.09531250000000001
2018-11-26 22:00:00;0.21575342465753425;0.10520833333333333
2018-11-26 23:00:00;0.19246575342465755;0.12239583333333333
2018-11-27 00:00:00;0.21780821917808219;0.11614583333333334
2018-11-27 01:00:00;0.21986301369863015;0.10833333333333334
2018-11-27 02:00:00;0.19794520547945207;0.10989583333333335
2018-11-27 03:00:00;0.2595890410958904;0.07291666666666667
2018-11-27 04:00:00;0.19041095890410958;0.109375
2018-11-27 05:00:00;0.19383561643835617;0.09739583333333333
2018-11-27 06:00:00;0.31095890410958904;0.05416666666666667
2018-11-27 07:00:00;0.36575342465753424;0.03802083333333333
2018-11-27 08:00:00;0.3424657534246575;0.03958333333333333
2018-11-27 09:00:00;0.34657534246575344;0.04270833333333333
2018-11-27 10:00:00;0.3301369863013699;0.05104166666666667
2018-11-27 11:00:00;0.35136986301369866;0.049999999999999996
2018-11-27 12:00:00;0.37054794520547946;0.057812499999999996
2018-11-27 13:00:00;0.37739726027397263;0.044270833333333336
2018-11-27 14:00:00;0.4089041095890411;0.0375
2018-11-27 15:00:00;0.36712328767123287;0.0390625
2018-11-27 16:00:00;0.40958904109589045;0.033854166666666664
2018-11-27 17:00:00;0.40273972602739727;0.03958333333333333
2018-11-27 18:00:00;0.38561643835616444;0.04010416666666667
2018-11-27 19:00:00;0.37054794520547946;0.030208333333333334
2018-11-27 20:00:00;0.3404109589041096;0.0265625
2018-11-27 21:00:00;0.34520547945205476;0.0265625
2018-11-27 22:00:00;0.37260273972602737;0.0265625
2018-11-27 23:00:00;0.3664383561643836;0.028645833333333332
2018-11-28 00:00:00;0.36232876712328765;0.03072916666666667
2018-11-28 01:00:00;0.31438356164383563;0.035937500000000004
2018-11-28 02:00:00;0.26095890410958905;0.057812499999999996
2018-11-28 03:00:00;0.23150684931506849;0.075
2018-11-28 04:00:00;0.21027397260273975;0.08802083333333333
2018-11-28 05:00:00;0.22123287671232875;0.10260416666666666
2018-11-28 06:00:00;0.30890410958904113;0.08125
2018-11-28 07:00:00;0.36712328767123287;0.06145833333333334
2018-11-28 08:00:00;0.38561643835616444;0.04895833333333333
2018-11-28 09:00:00;0.37945205479452054;0.044270833333333336
2018-11-28 10:00:00;0.3541095890410959;0.0546875
2018-11-28 11:00:00;0.36506849315068496;0.0625
2018-11-28 12:00:00;0.35821917808219184;0.06822916666666666
2018-11-28 13:00:00;0.37534246575342467;0.07135416666666666
2018-11-28 14:00:00;0.39589041095890415;0.06041666666666667
2018-11-28 15:00:00;0.3986301369863014;0.0484375
2018-11-28 16:00:00;0.3746575342465754;0.0484375
2018-11-28 17:00:00;0.2856164383561644;0.075
2018-11-28 18:00:00;0.273972602739726;0.08437499999999999
2018-11-28 19:00:00;0.25;0.08697916666666666
2018-11-28 20:00:00;0.2034246575342466;0.10364583333333333
2018-11-28 21:00:00;0.20273972602739726;0.11510416666666667
2018-11-28 22:00:00;0.18767123287671234;0.12864583333333332
2018-11-28 23:00:00;0.17945205479452056;0.14010416666666667
2018-11-29 00:00:00;0.1856164383561644;0.15156250000000002
2018-11-29 01:00:00;0.1506849315068493;0.16354166666666667
2018-11-29 02:00:00;0.13630136986301372;0.18333333333333335
2018-11-29 03:00:00;0.13219178082191782;0.19062500000000002
2018-11-29 04:00:00;0.12876712328767123;0.20052083333333334
2018-11-29 05:00:00;0.12945205479452057;0.20833333333333334
2018-11-29 06:00:00;0.20821917808219179;0.19010416666666666
2018-11-29 07:00:00;0.31027397260273976;0.14791666666666667
2018-11-29 08:00:00;0.35684931506849316;0.12135416666666667
2018-11-29 09:00:00;0.3095890410958904;0.14635416666666667
2018-11-29 10:00:00;0.31780821917808216;0.14166666666666666
2018-11-29 11:00:00;0.35890410958904106;0.17500000000000002
2018-11-29 12:00:00;0.3164383561643836;0.16979166666666667
2018-11-29 13:00:00;0.32397260273972606;0.16510416666666666
2018-11-29 14:00:00;0.3027397260273973;0.18281250000000002
2018-11-29 15:00:00;0.37260273972602737;0.14895833333333333
2018-11-29 16:00:00;0.33972602739726027;0.13020833333333334
2018-11-29 17:00:00;0.3356164383561644;0.12968749999999998
2018-11-29 18:00:00;0.32602739726027397;0.12239583333333333
2018-11-29 19:00:00;0.30890410958904113;0.11510416666666667
2018-11-29 20:00:00;0.29863013698630136;0.11354166666666667
2018-11-29 21:00:00;0.2945205479452055;0.11562499999999999
2018-11-29 22:00:00;0.27123287671232876;0.1203125
2018-11-29 23:00:00;0.23150684931506849;0.1421875
2018-11-30 00:00:00;0.20273972602739726;0.16718750000000002
2018-11-30 01:00:00;0.1897260273972603;0.16979166666666667
2018-11-30 02:00:00;0.16301369863013698;0.18697916666666667
2018-11-30 03:00:00;0.14657534246575343;0.20781249999999998
2018-11-30 04:00:00;0.14178082191780825;0.22083333333333333
2018-11-30 05:00:00;0.14931506849315068;0.24583333333333335
2018-11-30 06:00:00;0.2280821917808219;0.23489583333333333
2018-11-30 07:00:00;0.34657534246575344;0.19739583333333333
2018-11-30 08:00:00;0.3904109589041096;0.16510416666666666
2018-11-30 09:00:00;0.38972602739726026;0.171875
2018-11-30 10:00:00;0.34178082191780823;0.1890625
2018-11-30 11:00:00;0.40958904109589045;0.1729166666666667
2018-11-30 12:00:00;0.34794520547945207;0.18802083333333333
2018-11-30 13:00:00;0.36232876712328765;0.1875
2018-11-30 14:00:00;0.3561643835616438;0.19114583333333335
2018-11-30 15:00:00;0.4246575342465753;0.13749999999999998
2018-11-30 16:00:00;0.4897260273972603;0.12239583333333333
2018-11-30 17:00:00;0.410958904109589;0.13489583333333333
2018-11-30 18:00:00;0.39246575342465756;0.16145833333333334
2018-11-30 19:00:00;0.4315068493150685;0.11458333333333333
2018-11-30 20:00:00;0.4226027397260274;0.11510416666666667
2018-11-30 21:00:00;0.37191780821917814;0.13749999999999998
2018-11-30 22:00:00;0.4349315068493151;0.10833333333333334
2018-11-30 23:00:00;0.33630136986301373;0.14375000000000002
2018-12-01 00:00:00;0.273972602739726;0.16822916666666665
2018-12-01 01:00:00;0.2821917808219178;0.16145833333333334
2018-12-01 02:00:00;0.29315068493150687;0.13072916666666667
2018-12-01 03:00:00;0.28698630136986303;0.13541666666666666
2018-12-01 04:00:00;0.27808219178082194;0.13593750000000002
2018-12-01 05:00:00;0.28835616438356165;0.12343749999999999
2018-12-01 06:00:00;0.25547945205479455;0.14114583333333333
2018-12-01 07:00:00;0.2732876712328767;0.14270833333333333
2018-12-01 08:00:00;0.31369863013698635;0.12083333333333333
2018-12-01 09:00:00;0.32397260273972606;0.1171875
2018-12-01 10:00:00;0.3287671232876712;0.10677083333333333
2018-12-01 11:00:00;0.3561643835616438;0.1140625
2018-12-01 12:00:00;0.3164383561643836;0.13645833333333332
2018-12-01 13:00:00;0.3267123287671233;0.13749999999999998
2018-12-01 14:00:00;0.29178082191780824;0.15625
2018-12-01 15:00:00;0.25547945205479455;0.17760416666666667
2018-12-01 16:00:00;0.2513698630136986;0.20520833333333333
2018-12-01 17:00:00;0.23972602739726026;0.22604166666666667
2018-12-01 18:00:00;0.2034246575342466;0.2354166666666667
2018-12-01 19:00:00;0.19726027397260273;0.22864583333333333
2018-12-01 20:00:00;0.18493150684931506;0.21562499999999998
2018-12-01 21:00:00;0.19315068493150686;0.203125
2018-12-01 22:00:00;0.17945205479452056;0.2046875
2018-12-01 23:00:00;0.18493150684931506;0.1942708333333333
2018-12-02 00:00:00;0.18082191780821918;0.1885416666666667
2018-12-02 01:00:00;0.16986301369863013;0.18541666666666667
2018-12-02 02:00:00;0.1452054794520548;0.19114583333333335
2018-12-02 03:00:00;0.1452054794520548;0.1859375
2018-12-02 04:00:00;0.136986301369863;0.1796875
2018-12-02 05:00:00;0.13972602739726028;0.1703125
2018-12-02 06:00:00;0.14931506849315068;0.1703125
2018-12-02 07:00:00;0.13972602739726028;0.18437499999999998
2018-12-02 08:00:00;0.18767123287671234;0.17552083333333335
2018-12-02 09:00:00;0.13356164383561644;0.27760416666666665
2018-12-02 10:00:00;0.15753424657534246;0.2755208333333333
2018-12-02 11:00:00;0.1452054794520548;0.278125
2018-12-02 12:00:00;0.16643835616438357;0.26406250000000003
2018-12-02 13:00:00;0.17328767123287672;0.2578125
2018-12-02 14:00:00;0.16369863013698632;0.2760416666666667
2018-12-02 15:00:00;0.16027397260273973;0.2833333333333333
2018-12-02 16:00:00;0.18904109589041096;0.27239583333333334
2018-12-02 17:00:00;0.15958904109589042;0.29322916666666665
2018-12-02 18:00:00;0.14383561643835616;0.3067708333333333
2018-12-02 19:00:00;0.13424657534246576;0.30520833333333336
2018-12-02 20:00:00;0.13356164383561644;0.3067708333333333
2018-12-02 21:00:00;0.12602739726027398;0.30416666666666664
2018-12-02 22:00:00;0.11438356164383562;0.3067708333333333
2018-12-02 23:00:00;0.1178082191780822;0.2989583333333333
2018-12-03 00:00:00;0.1404109589041096;0.29843749999999997
2018-12-03 01:00:00;0.09931506849315068;0.32187499999999997
2018-12-03 02:00:00;0.08082191780821917;0.32656250000000003
2018-12-03 03:00:00;0.08972602739726027;0.31875000000000003
2018-12-03 04:00:00;0.09109589041095889;0.32968749999999997
2018-12-03 05:00:00;0.07602739726027397;0.3697916666666667
2018-12-03 06:00:00;0.13835616438356166;0.31354166666666666
2018-12-03 07:00:00;0.19315068493150686;0.2859375
2018-12-03 08:00:00;0.2410958904109589;0.25729166666666664
2018-12-03 09:00:00;0.25547945205479455;0.25677083333333334
2018-12-03 10:00:00;0.21027397260273975;0.2869791666666667
2018-12-03 11:00:00;0.20821917808219179;0.31979166666666664
2018-12-03 12:00:00;0.19863013698630136;0.3015625
2018-12-03 13:00:00;0.2445205479452055;0.2864583333333333
2018-12-03 14:00:00;0.273972602739726;0.25937499999999997
2018-12-03 15:00:00;0.2979452054794521;0.24739583333333334
2018-12-03 16:00:00;0.2445205479452055;0.2921875
2018-12-03 17:00:00;0.21575342465753425;0.28125
2018-12-03 18:00:00;0.24315068493150685;0.24791666666666667
2018-12-03 19:00:00;0.2054794520547945;0.27499999999999997
2018-12-03 20:00:00;0.3198630136986302;0.19999999999999998
2018-12-03 21:00:00;0.1821917808219178;0.32656250000000003
2018-12-03 22:00:00;0.1958904109589041;0.30833333333333335
2018-12-03 23:00:00;0.1452054794520548;0.33489583333333334
2018-12-04 00:00:00;0.11643835616438356;0.3390625
2018-12-04 01:00:00;0.21232876712328766;0.25677083333333334
2018-12-04 02:00:00;0.19109589041095892;0.278125
2018-12-04 03:00:00;0.18013698630136987;0.27187500000000003
2018-12-04 04:00:00;0.27465753424657535;0.21302083333333333
2018-12-04 05:00:00;0.35342465753424657;0.15885416666666666
2018-12-04 06:00:00;0.36849315068493155;0.16041666666666668
2018-12-04 07:00:00;0.4445205479452054;0.11822916666666666
2018-12-04 08:00:00;0.6061643835616438;0.03697916666666667
2018-12-04 09:00:00;0.48219178082191777;0.08697916666666666
2018-12-04 10:00:00;0.5691780821917808;0.11093750000000001
2018-12-04 11:00:00;0.36027397260273974;0.2276041666666667
2018-12-04 12:00:00;0.5431506849315069;0.10052083333333334
2018-12-04 13:00:00;0.4554794520547945;0.14114583333333333
2018-12-04 14:00:00;0.460958904109589;0.14427083333333332
2018-12-04 15:00:00;0.5157534246575343;0.090625
2018-12-04 16:00:00;0.6383561643835616;0.033854166666666664
2018-12-04 17:00:00;0.6458904109589041;0.030208333333333334
2018-12-04 18:00:00;0.6842465753424657;0.030208333333333334
2018-12-04 19:00:00;0.610958904109589;0.029687500000000002
2018-12-04 20:00:00;0.6315068493150684;0.030208333333333334
2018-12-04 21:00:00;0.6767123287671233;0.03072916666666667
2018-12-04 22:00:00;0.6123287671232877;0.03125
2018-12-04 23:00:00;0.563013698630137;0.028125
2018-12-05 00:00:00;0.5369863013698629;0.0265625
2018-12-05 01:00:00;0.4849315068493151;0.028645833333333332
2018-12-05 02:00:00;0.4246575342465753;0.04322916666666667
2018-12-05 03:00:00;0.40821917808219177;0.044270833333333336
2018-12-05 04:00:00;0.37602739726027395;0.053125
2018-12-05 05:00:00;0.3609589041095891;0.049479166666666664
2018-12-05 06:00:00;0.43424657534246575;0.03333333333333333
2018-12-05 07:00:00;0.523972602739726;0.030208333333333334
2018-12-05 08:00:00;0.5116438356164382;0.03072916666666667
2018-12-05 09:00:00;0.5397260273972603;0.033854166666666664
2018-12-05 10:00:00;0.447945205479452;0.04010416666666667
2018-12-05 11:00:00;0.4349315068493151;0.042187499999999996
2018-12-05 12:00:00;0.4815068493150685;0.04010416666666667
2018-12-05 13:00:00;0.40342465753424656;0.057291666666666664
2018-12-05 14:00:00;0.39589041095890415;0.06822916666666666
2018-12-05 15:00:00;0.46301369863013697;0.049999999999999996
2018-12-05 16:00:00;0.45;0.03072916666666667
2018-12-05 17:00:00;0.4328767123287671;0.029166666666666664
2018-12-05 18:00:00;0.39794520547945206;0.04010416666666667
2018-12-05 19:00:00;0.363013698630137;0.04583333333333334
2018-12-05 20:00:00;0.33082191780821923;0.05104166666666667
2018-12-05 21:00:00;0.31369863013698635;0.06979166666666667
2018-12-05 22:00:00;0.26438356164383564;0.08437499999999999
2018-12-05 23:00:00;0.2410958904109589;0.09635416666666667
2018-12-06 00:00:00;0.21164383561643837;0.1015625
2018-12-06 01:00:00;0.19383561643835617;0.10677083333333333
2018-12-06 02:00:00;0.19041095890410958;0.10260416666666666
2018-12-06 03:00:00;0.17123287671232876;0.09739583333333333
2018-12-06 04:00:00;0.213013698630137;0.07760416666666667
2018-12-06 05:00:00;0.25753424657534246;0.06510416666666667
2018-12-06 06:00:00;0.2465753424657534;0.09791666666666667
2018-12-06 07:00:00;0.33150684931506846;0.06302083333333333
2018-12-06 08:00:00;0.37945205479452054;0.04895833333333333
2018-12-06 09:00:00;0.37534246575342467;0.0703125
2018-12-06 10:00:00;0.3972602739726027;0.11510416666666667
2018-12-06 11:00:00;0.36849315068493155;0.15625
2018-12-06 12:00:00;0.3493150684931507;0.1786458333333333
2018-12-06 13:00:00;0.2808219178082192;0.24010416666666667
2018-12-06 14:00:00;0.2979452054794521;0.234375
2018-12-06 15:00:00;0.2897260273972603;0.24270833333333333
2018-12-06 16:00:00;0.3082191780821918;0.2276041666666667
2018-12-06 17:00:00;0.21575342465753425;0.2911458333333333
2018-12-06 18:00:00;0.19246575342465755;0.29635416666666664
2018-12-06 19:00:00;0.17671232876712328;0.2911458333333333
2018-12-06 20:00:00;0.14178082191780825;0.33489583333333334
2018-12-06 21:00:00;0.12534246575342467;0.35260416666666666
2018-12-06 22:00:00;0.10821917808219178;0.35833333333333334
2018-12-06 23:00:00;0.10616438356164383;0.3645833333333333
2018-12-07 00:00:00;0.08767123287671232;0.36614583333333334
2018-12-07 01:00:00;0.08561643835616438;0.3619791666666667
2018-12-07 02:00:00;0.09315068493150684;0.346875
2018-12-07 03:00:00;0.07739726027397259;0.3520833333333333
2018-12-07 04:00:00;0.08082191780821917;0.34010416666666665
2018-12-07 05:00:00;0.1184931506849315;0.30364583333333334
2018-12-07 06:00:00;0.18835616438356165;0.26458333333333334
2018-12-07 07:00:00;0.2465753424657534;0.225
2018-12-07 08:00:00;0.2821917808219178;0.2041666666666667
2018-12-07 09:00:00;0.2924657534246575;0.20781249999999998
2018-12-07 10:00:00;0.29315068493150687;0.21510416666666665
2018-12-07 11:00:00;0.2623287671232877;0.23072916666666665
2018-12-07 12:00:00;0.31095890410958904;0.2109375
2018-12-07 13:00:00;0.27671232876712326;0.2333333333333333
2018-12-07 14:00:00;0.276027397260274;0.2411458333333333
2018-12-07 15:00:00;0.2897260273972603;0.2354166666666667
2018-12-07 16:00:00;0.31780821917808216;0.25
2018-12-07 17:00:00;0.3712328767123288;0.2276041666666667
2018-12-07 18:00:00;0.34315068493150686;0.2333333333333333
2018-12-07 19:00:00;0.17054794520547947;0.3145833333333333
2018-12-07 20:00:00;0.12808219178082195;0.33749999999999997
2018-12-07 21:00:00;0.11301369863013698;0.3572916666666666
2018-12-07 22:00:00;0.09794520547945204;0.3697916666666667
2018-12-07 23:00:00;0.10616438356164383;0.36354166666666665
2018-12-08 00:00:00;0.09794520547945204;0.36562500000000003
2018-12-08 01:00:00;0.08767123287671232;0.3614583333333334
2018-12-08 02:00:00;0.0821917808219178;0.36041666666666666
2018-12-08 03:00:00;0.09109589041095889;0.35781250000000003
2018-12-08 04:00:00;0.07808219178082192;0.36562500000000003
2018-12-08 05:00:00;0.0732876712328767;0.3744791666666667
2018-12-08 06:00:00;0.07739726027397259;0.3796875
2018-12-08 07:00:00;0.08424657534246574;0.37135416666666665
2018-12-08 08:00:00;0.09041095890410958;0.37343750000000003
2018-12-08 09:00:00;0.10410958904109588;0.3640625
2018-12-08 10:00:00;0.08493150684931507;0.3703125
2018-12-08 11:00:00;0.10273972602739725;0.36302083333333335
2018-12-08 12:00:00;0.11643835616438356;0.36354166666666665
2018-12-08 13:00:00;0.11917808219178083;0.36354166666666665
2018-12-08 14:00:00;0.12054794520547946;0.36041666666666666
2018-12-08 15:00:00;0.13904109589041097;0.35572916666666665
2018-12-08 16:00:00;0.1821917808219178;0.3307291666666667
2018-12-08 17:00:00;0.17534246575342466;0.3411458333333333
2018-12-08 18:00:00;0.21986301369863015;0.32708333333333334
2018-12-08 19:00:00;0.20205479452054795;0.34270833333333334
2018-12-08 20:00:00;0.12534246575342467;0.3776041666666667
2018-12-08 21:00:00;0.11301369863013698;0.38958333333333334
2018-12-08 22:00:00;0.136986301369863;0.41822916666666665
2018-12-08 23:00:00;0.09931506849315068;0.4239583333333334
2018-12-09 00:00:00;0.08150684931506849;0.42864583333333334
2018-12-09 01:00:00;0.06917808219178082;0.4145833333333333
2018-12-09 02:00:00;0.05821917808219178;0.40625
2018-12-09 03:00:00;0.06027397260273973;0.3958333333333333
2018-12-09 04:00:00;0.055479452054794515;0.3927083333333334
2018-12-09 05:00:00;0.056164383561643834;0.39166666666666666
2018-12-09 06:00:00;0.0547945205479452;0.3927083333333334
2018-12-09 07:00:00;0.08561643835616438;0.3807291666666666
2018-12-09 08:00:00;0.1445205479452055;0.3515625
2018-12-09 09:00:00;0.19863013698630136;0.29791666666666666
2018-12-09 10:00:00;0.20616438356164385;0.30052083333333335
2018-12-09 11:00:00;0.2719178082191781;0.26145833333333335
2018-12-09 12:00:00;0.1541095890410959;0.33437500000000003
2018-12-09 13:00:00;0.13356164383561644;0.3677083333333333
2018-12-09 14:00:00;0.12397260273972603;0.3776041666666667
2018-12-09 15:00:00;0.14794520547945206;0.3338541666666666
2018-12-09 16:00:00;0.21849315068493153;0.31145833333333334
2018-12-09 17:00:00;0.13356164383561644;0.3875
2018-12-09 18:00:00;0.11506849315068493;0.3979166666666667
2018-12-09 19:00:00;0.1506849315068493;0.3802083333333333
2018-12-09 20:00:00;0.13972602739726028;0.3854166666666667
2018-12-09 21:00:00;0.1095890410958904;0.4197916666666666
2018-12-09 22:00:00;0.09520547945205479;0.4369791666666667
2018-12-09 23:00:00;0.11232876712328768;0.4302083333333333
2018-12-10 00:00:00;0.08082191780821917;0.4473958333333334
2018-12-10 01:00:00;0.10410958904109588;0.4276041666666666
2018-12-10 02:00:00;0.11917808219178083;0.4145833333333333
2018-12-10 03:00:00;0.1267123287671233;0.390625
2018-12-10 04:00:00;0.12465753424657534;0.40208333333333335
2018-12-10 05:00:00;0.1315068493150685;0.38697916666666665
2018-12-10 06:00:00;0.20684931506849316;0.3229166666666667
2018-12-10 07:00:00;0.38904109589041097;0.203125
2018-12-10 08:00:00;0.4212328767123288;0.1786458333333333
2018-12-10 09:00:00;0.3883561643835617;0.21041666666666667
2018-12-10 10:00:00;0.40821917808219177;0.19218749999999998
2018-12-10 11:00:00;0.29383561643835615;0.2833333333333333
2018-12-10 12:00:00;0.27123287671232876;0.309375
2018-12-10 13:00:00;0.2136986301369863;0.34479166666666666
2018-12-10 14:00:00;0.2458904109589041;0.32187499999999997
2018-12-10 15:00:00;0.28835616438356165;0.29531250000000003
2018-12-10 16:00:00;0.23972602739726026;0.32708333333333334
2018-12-10 17:00:00;0.2568493150684932;0.30364583333333334
2018-12-10 18:00:00;0.213013698630137;0.30364583333333334
2018-12-10 19:00:00;0.21506849315068494;0.30052083333333335
2018-12-10 20:00:00;0.14657534246575343;0.33229166666666665
2018-12-10 21:00:00;0.17945205479452056;0.31927083333333334
2018-12-10 22:00:00;0.15547945205479455;0.31666666666666665
2018-12-10 23:00:00;0.16986301369863013;0.3078125
2018-12-11 00:00:00;0.19794520547945207;0.29010416666666666
2018-12-11 01:00:00;0.15000000000000002;0.33749999999999997
2018-12-11 02:00:00;0.1993150684931507;0.2791666666666667
2018-12-11 03:00:00;0.14657534246575343;0.32916666666666666
2018-12-11 04:00:00;0.13630136986301372;0.3328125
2018-12-11 05:00:00;0.1815068493150685;0.29583333333333334
2018-12-11 06:00:00;0.2547945205479452;0.25937499999999997
2018-12-11 07:00:00;0.5541095890410959;0.06927083333333334
2018-12-11 08:00:00;0.6520547945205478;0.04322916666666667
2018-12-11 09:00:00;0.5664383561643835;0.07239583333333334
2018-12-11 10:00:00;0.5294520547945205;0.10625
2018-12-11 11:00:00;0.4445205479452054;0.1484375
2018-12-11 12:00:00;0.43356164383561646;0.1546875
2018-12-11 13:00:00;0.3698630136986301;0.20729166666666665
2018-12-11 14:00:00;0.2582191780821918;0.28489583333333335
2018-12-11 15:00:00;0.4945205479452054;0.12760416666666666
2018-12-11 16:00:00;0.4554794520547945;0.13072916666666667
2018-12-11 17:00:00;0.5404109589041095;0.07291666666666667
2018-12-11 18:00:00;0.558904109589041;0.07135416666666666
2018-12-11 19:00:00;0.5534246575342465;0.07135416666666666
2018-12-11 20:00:00;0.6465753424657533;0.033854166666666664
2018-12-11 21:00:00;0.5952054794520547;0.057291666666666664
2018-12-11 22:00:00;0.6397260273972603;0.029166666666666664
2018-12-11 23:00:00;0.6753424657534246;0.03177083333333333
2018-12-12 00:00:00;0.6602739726027397;0.028645833333333332
2018-12-12 01:00:00;0.6376712328767122;0.027083333333333334
2018-12-12 02:00:00;0.6061643835616438;0.025520833333333336
2018-12-12 03:00:00;0.634931506849315;0.028125
2018-12-12 04:00:00;0.5993150684931506;0.027083333333333334
2018-12-12 05:00:00;0.5054794520547945;0.08125
2018-12-12 06:00:00;0.552054794520548;0.05885416666666667
2018-12-12 07:00:00;0.5595890410958904;0.0328125
2018-12-12 08:00:00;0.5164383561643835;0.03125
2018-12-12 09:00:00;0.4801369863013698;0.03697916666666667
2018-12-12 10:00:00;0.36917808219178083;0.059375000000000004
2018-12-12 11:00:00;0.3287671232876712;0.10416666666666667
2018-12-12 12:00:00;0.28698630136986303;0.16197916666666667
2018-12-12 13:00:00;0.2678082191780822;0.19062500000000002
2018-12-12 14:00:00;0.289041095890411;0.16041666666666668
2018-12-12 15:00:00;0.38904109589041097;0.12239583333333333
2018-12-12 16:00:00;0.37397260273972605;0.1015625
2018-12-12 17:00:00;0.3404109589041096;0.08958333333333333
2018-12-12 18:00:00;0.339041095890411;0.09010416666666667
2018-12-12 19:00:00;0.2650684931506849;0.06666666666666667
2018-12-12 20:00:00;0.273972602739726;0.03958333333333333
2018-12-12 21:00:00;0.2705479452054795;0.034895833333333334
2018-12-12 22:00:00;0.276027397260274;0.035937500000000004
2018-12-12 23:00:00;0.24315068493150685;0.042187499999999996
2018-12-13 00:00:00;0.21506849315068494;0.059375000000000004
2018-12-13 01:00:00;0.19109589041095892;0.08489583333333334
2018-12-13 02:00:00;0.16506849315068495;0.11562499999999999
2018-12-13 03:00:00;0.16164383561643836;0.12083333333333333
2018-12-13 04:00:00;0.14931506849315068;0.13697916666666668
2018-12-13 05:00:00;0.1589041095890411;0.12239583333333333
2018-12-13 06:00:00;0.1897260273972603;0.10833333333333334
2018-12-13 07:00:00;0.26095890410958905;0.08958333333333333
2018-12-13 08:00:00;0.2705479452054795;0.07916666666666666
2018-12-13 09:00:00;0.2705479452054795;0.07916666666666666
2018-12-13 10:00:00;0.2705479452054795;0.07916666666666666
2018-12-13 11:00:00;0.21643835616438356;0.14322916666666666
2018-12-13 12:00:00;0.25205479452054796;0.140625
2018-12-13 13:00:00;0.18287671232876715;0.171875
2018-12-13 14:00:00;0.19863013698630136;0.16197916666666667
2018-12-13 15:00:00;0.2623287671232877;0.1265625
2018-12-13 16:00:00;0.23356164383561645;0.13385416666666666
2018-12-13 17:00:00;0.24383561643835616;0.14531249999999998
2018-12-13 18:00:00;0.22123287671232875;0.15312499999999998
2018-12-13 19:00:00;0.20410958904109588;0.13385416666666666
2018-12-13 20:00:00;0.20616438356164385;0.13802083333333334
2018-12-13 21:00:00;0.17123287671232876;0.14166666666666666
2018-12-13 22:00:00;0.1726027397260274;0.12604166666666666
2018-12-13 23:00:00;0.17739726027397262;0.11614583333333334
2018-12-14 00:00:00;0.17739726027397262;0.1125
2018-12-14 01:00:00;0.176027397260274;0.09583333333333333
2018-12-14 02:00:00;0.18493150684931506;0.09114583333333333
2018-12-14 03:00:00;0.1643835616438356;0.09322916666666665
2018-12-14 04:00:00;0.15342465753424658;0.10677083333333333
2018-12-14 05:00:00;0.13972602739726028;0.10885416666666665
2018-12-14 06:00:00;0.21164383561643837;0.06874999999999999
2018-12-14 07:00:00;0.2719178082191781;0.04583333333333334
2018-12-14 08:00:00;0.30000000000000004;0.046875
2018-12-14 09:00:00;0.27465753424657535;0.059895833333333336
2018-12-14 10:00:00;0.30753424657534245;0.07656249999999999
2018-12-14 11:00:00;0.2602739726027397;0.07656249999999999
2018-12-14 12:00:00;0.2171232876712329;0.08229166666666667
2018-12-14 13:00:00;0.25890410958904114;0.08489583333333334
2018-12-14 14:00:00;0.27671232876712326;0.08333333333333333
2018-12-14 15:00:00;0.28150684931506853;0.07656249999999999
2018-12-14 16:00:00;0.3458904109589041;0.06614583333333333
2018-12-14 17:00:00;0.3232876712328767;0.057812499999999996
2018-12-14 18:00:00;0.3219178082191781;0.05833333333333333
2018-12-14 19:00:00;0.2650684931506849;0.09635416666666667
2018-12-14 20:00:00;0.26301369863013696;0.09166666666666667
2018-12-14 21:00:00;0.29726027397260274;0.0703125
2018-12-14 22:00:00;0.26438356164383564;0.0890625
2018-12-14 23:00:00;0.29726027397260274;0.11197916666666667
2018-12-15 00:00:00;0.26917808219178085;0.11197916666666667
2018-12-15 01:00:00;0.29520547945205483;0.08750000000000001
2018-12-15 02:00:00;0.25890410958904114;0.09322916666666665
2018-12-15 03:00:00;0.21986301369863015;0.09791666666666667
2018-12-15 04:00:00;0.22602739726027396;0.090625
2018-12-15 05:00:00;0.25205479452054796;0.06510416666666667
2018-12-15 06:00:00;0.28150684931506853;0.04583333333333334
2018-12-15 07:00:00;0.2897260273972603;0.05416666666666667
2018-12-15 08:00:00;0.36232876712328765;0.06458333333333334
2018-12-15 09:00:00;0.3321917808219178;0.078125
2018-12-15 10:00:00;0.29315068493150687;0.0890625
2018-12-15 11:00:00;0.313013698630137;0.11302083333333333
2018-12-15 12:00:00;0.25273972602739725;0.15937500000000002
2018-12-15 13:00:00;0.22945205479452055;0.16770833333333335
2018-12-15 14:00:00;0.2171232876712329;0.1734375
2018-12-15 15:00:00;0.2321917808219178;0.16041666666666668
2018-12-15 16:00:00;0.2616438356164384;0.14583333333333334
2018-12-15 17:00:00;0.2595890410958904;0.15260416666666668
2018-12-15 18:00:00;0.2897260273972603;0.11927083333333333
2018-12-15 19:00:00;0.2808219178082192;0.10885416666666665
2018-12-15 20:00:00;0.2404109589041096;0.11458333333333333
2018-12-15 21:00:00;0.23356164383561645;0.11822916666666666
2018-12-15 22:00:00;0.2356164383561644;0.11927083333333333
2018-12-15 23:00:00;0.22465753424657534;0.12395833333333334
2018-12-16 00:00:00;0.2034246575342466;0.13385416666666666
2018-12-16 01:00:00;0.19246575342465755;0.13645833333333332
2018-12-16 02:00:00;0.17739726027397262;0.13958333333333334
2018-12-16 03:00:00;0.17054794520547947;0.14322916666666666
2018-12-16 04:00:00;0.20479452054794522;0.13802083333333334
2018-12-16 05:00:00;0.18424657534246577;0.14791666666666667
2018-12-16 06:00:00;0.17876712328767125;0.14739583333333334
2018-12-16 07:00:00;0.21506849315068494;0.12864583333333332
2018-12-16 08:00:00;0.2171232876712329;0.1125
2018-12-16 09:00:00;0.2678082191780822;0.09531250000000001
2018-12-16 10:00:00;0.28630136986301374;0.07864583333333333
2018-12-16 11:00:00;0.3034246575342466;0.06927083333333334
2018-12-16 12:00:00;0.36232876712328765;0.057291666666666664
2018-12-16 13:00:00;0.3493150684931507;0.0625
2018-12-16 14:00:00;0.3253424657534247;0.05833333333333333
2018-12-16 15:00:00;0.37054794520547946;0.0546875
2018-12-16 16:00:00;0.38904109589041097;0.04739583333333333
2018-12-16 17:00:00;0.4294520547945206;0.04739583333333333
2018-12-16 18:00:00;0.39246575342465756;0.04114583333333333
2018-12-16 19:00:00;0.42534246575342466;0.03958333333333333
2018-12-16 20:00:00;0.4041095890410959;0.0625
2018-12-16 21:00:00;0.3027397260273973;0.1171875
2018-12-16 22:00:00;0.2808219178082192;0.125
2018-12-16 23:00:00;0.2171232876712329;0.15677083333333333
2018-12-17 00:00:00;0.17123287671232876;0.16197916666666667
2018-12-17 01:00:00;0.15547945205479455;0.1640625
2018-12-17 02:00:00;0.16301369863013698;0.16302083333333334
2018-12-17 03:00:00;0.19246575342465755;0.15364583333333334
2018-12-17 04:00:00;0.16301369863013698;0.18020833333333333
2018-12-17 05:00:00;0.17123287671232876;0.19322916666666667
2018-12-17 06:00:00;0.27465753424657535;0.15625
2018-12-17 07:00:00;0.41849315068493154;0.09739583333333333
2018-12-17 08:00:00;0.4486301369863014;0.07552083333333333
2018-12-17 09:00:00;0.5664383561643835;0.040625
2018-12-17 10:00:00;0.6;0.035937500000000004
2018-12-17 11:00:00;0.3643835616438356;0.14114583333333333
2018-12-17 12:00:00;0.34315068493150686;0.17760416666666667
2018-12-17 13:00:00;0.2458904109589041;0.25104166666666666
2018-12-17 14:00:00;0.2541095890410959;0.25364583333333335
2018-12-17 15:00:00;0.32739726027397265;0.22604166666666667
2018-12-17 16:00:00;0.3678082191780822;0.21354166666666666
2018-12-17 17:00:00;0.36232876712328765;0.19322916666666667
2018-12-17 18:00:00;0.5178082191780822;0.09375
2018-12-17 19:00:00;0.623972602739726;0.03229166666666667
2018-12-17 20:00:00;0.6082191780821917;0.029166666666666664
2018-12-17 21:00:00;0.6034246575342466;0.028125
2018-12-17 22:00:00;0.5369863013698629;0.029166666666666664
2018-12-17 23:00:00;0.4705479452054794;0.0375
2018-12-18 00:00:00;0.3835616438356164;0.0484375
2018-12-18 01:00:00;0.3219178082191781;0.06458333333333334
2018-12-18 02:00:00;0.2671232876712329;0.08802083333333333
2018-12-18 03:00:00;0.20410958904109588;0.15416666666666667
2018-12-18 04:00:00;0.17534246575342466;0.17708333333333334
2018-12-18 05:00:00;0.17465753424657535;0.1864583333333333
2018-12-18 06:00:00;0.2458904109589041;0.15885416666666666
2018-12-18 07:00:00;0.41506849315068495;0.10989583333333335
2018-12-18 08:00:00;0.3801369863013699;0.11093750000000001
2018-12-18 09:00:00;0.42739726027397257;0.12447916666666665
2018-12-18 10:00:00;0.35136986301369866;0.15677083333333333
2018-12-18 11:00:00;0.35342465753424657;0.17239583333333333
2018-12-18 12:00:00;0.35000000000000003;0.1859375
2018-12-18 13:00:00;0.33835616438356164;0.1807291666666667
2018-12-18 14:00:00;0.3643835616438356;0.15937500000000002
2018-12-18 15:00:00;0.48219178082191777;0.0890625
2018-12-18 16:00:00;0.4390410958904109;0.06979166666666667
2018-12-18 17:00:00;0.36506849315068496;0.11041666666666666
2018-12-18 18:00:00;0.2958904109589041;0.15208333333333332
2018-12-18 19:00:00;0.2486301369863014;0.19114583333333335
2018-12-18 20:00:00;0.26643835616438355;0.19062500000000002
2018-12-18 21:00:00;0.2787671232876712;0.18333333333333335
2018-12-18 22:00:00;0.24520547945205481;0.18541666666666667
2018-12-18 23:00:00;0.2136986301369863;0.20104166666666667
2018-12-19 00:00:00;0.18767123287671234;0.20104166666666667
2018-12-19 01:00:00;0.1643835616438356;0.20625000000000002
2018-12-19 02:00:00;0.15000000000000002;0.20260416666666667
2018-12-19 03:00:00;0.1452054794520548;0.19791666666666666
2018-12-19 04:00:00;0.14589041095890412;0.19114583333333335
2018-12-19 05:00:00;0.14794520547945206;0.178125
2018-12-19 06:00:00;0.22397260273972605;0.13385416666666666
2018-12-19 07:00:00;0.33424657534246577;0.0734375
2018-12-19 08:00:00;0.38630136986301367;0.043750000000000004
2018-12-19 09:00:00;0.37876712328767126;0.07864583333333333
2018-12-19 10:00:00;0.3356164383561644;0.13645833333333332
2018-12-19 11:00:00;0.3938356164383562;0.1140625
2018-12-19 12:00:00;0.37602739726027395;0.14270833333333333
2018-12-19 13:00:00;0.4123287671232877;0.12708333333333333
2018-12-19 14:00:00;0.4123287671232877;0.14583333333333334
2018-12-19 15:00:00;0.3506849315068493;0.17135416666666667
2018-12-19 16:00:00;0.42397260273972603;0.1421875
2018-12-19 17:00:00;0.43767123287671234;0.10781249999999999
2018-12-19 18:00:00;0.4520547945205479;0.09218749999999999
2018-12-19 19:00:00;0.40136986301369865;0.09270833333333334
2018-12-19 20:00:00;0.3438356164383562;0.12916666666666668
2018-12-19 21:00:00;0.31575342465753425;0.14010416666666667
2018-12-19 22:00:00;0.32602739726027397;0.13125
2018-12-19 23:00:00;0.30684931506849317;0.109375
2018-12-20 00:00:00;0.29863013698630136;0.1171875
2018-12-20 01:00:00;0.25205479452054796;0.12552083333333333
2018-12-20 02:00:00;0.20684931506849316;0.14166666666666666
2018-12-20 03:00:00;0.16095890410958905;0.17916666666666667
2018-12-20 04:00:00;0.1589041095890411;0.2177083333333333
2018-12-20 05:00:00;0.1678082191780822;0.209375
2018-12-20 06:00:00;0.2678082191780822;0.1640625
2018-12-20 07:00:00;0.33150684931506846;0.13854166666666667
2018-12-20 08:00:00;0.36369863013698633;0.13177083333333334
2018-12-20 09:00:00;0.3986301369863014;0.13749999999999998
2018-12-20 10:00:00;0.3904109589041096;0.15
2018-12-20 11:00:00;0.3472602739726028;0.17552083333333335
2018-12-20 12:00:00;0.39794520547945206;0.16093749999999998
2018-12-20 13:00:00;0.41164383561643836;0.16666666666666666
2018-12-20 14:00:00;0.4513698630136986;0.13385416666666666
2018-12-20 15:00:00;0.43767123287671234;0.12239583333333333
2018-12-20 16:00:00;0.3698630136986301;0.1640625
2018-12-20 17:00:00;0.3438356164383562;0.16770833333333335
2018-12-20 18:00:00;0.3527397260273973;0.1708333333333333
2018-12-20 19:00:00;0.3164383561643836;0.19479166666666667
2018-12-20 20:00:00;0.26438356164383564;0.2125
2018-12-20 21:00:00;0.2321917808219178;0.22291666666666665
2018-12-20 22:00:00;0.21780821917808219;0.24947916666666667
2018-12-20 23:00:00;0.17739726027397262;0.27968750000000003
2018-12-21 00:00:00;0.1863013698630137;0.25364583333333335
2018-12-21 01:00:00;0.15684931506849317;0.26197916666666665
2018-12-21 02:00:00;0.13904109589041097;0.27291666666666664
2018-12-21 03:00:00;0.13013698630136986;0.2765625
2018-12-21 04:00:00;0.14383561643835616;0.24010416666666667
2018-12-21 05:00:00;0.1506849315068493;0.25677083333333334
2018-12-21 06:00:00;0.19863013698630136;0.2421875
2018-12-21 07:00:00;0.26917808219178085;0.20572916666666666
2018-12-21 08:00:00;0.37945205479452054;0.15052083333333333
2018-12-21 09:00:00;0.4390410958904109;0.11979166666666667
2018-12-21 10:00:00;0.386986301369863;0.13229166666666667
2018-12-21 11:00:00;0.20068493150684932;0.27239583333333334
2018-12-21 12:00:00;0.17397260273972603;0.3
2018-12-21 13:00:00;0.1541095890410959;0.3177083333333333
2018-12-21 14:00:00;0.17671232876712328;0.32447916666666665
2018-12-21 15:00:00;0.1452054794520548;0.36614583333333334
2018-12-21 16:00:00;0.15958904109589042;0.3614583333333334
2018-12-21 17:00:00;0.16027397260273973;0.35572916666666665
2018-12-21 18:00:00;0.13013698630136986;0.3411458333333333
2018-12-21 19:00:00;0.12397260273972603;0.31875000000000003
2018-12-21 20:00:00;0.1445205479452055;0.31875000000000003
2018-12-21 21:00:00;0.20068493150684932;0.3151041666666667
2018-12-21 22:00:00;0.17876712328767125;0.30885416666666665
2018-12-21 23:00:00;0.13356164383561644;0.3046875
2018-12-22 00:00:00;0.18493150684931506;0.2526041666666667
2018-12-22 01:00:00;0.1863013698630137;0.23645833333333333
2018-12-22 02:00:00;0.1178082191780822;0.32708333333333334
2018-12-22 03:00:00;0.1006849315068493;0.36302083333333335
2018-12-22 04:00:00;0.1184931506849315;0.3463541666666667
2018-12-22 05:00:00;0.20821917808219179;0.27447916666666666
2018-12-22 06:00:00;0.1445205479452055;0.3171875
2018-12-22 07:00:00;0.1623287671232877;0.29531250000000003
2018-12-22 08:00:00;0.1232876712328767;0.33489583333333334
2018-12-22 09:00:00;0.12602739726027398;0.3302083333333333
2018-12-22 10:00:00;0.10890410958904109;0.3333333333333333
2018-12-22 11:00:00;0.10479452054794519;0.3432291666666667
2018-12-22 12:00:00;0.1232876712328767;0.33229166666666665
2018-12-22 13:00:00;0.1547945205479452;0.29739583333333336
2018-12-22 14:00:00;0.22123287671232875;0.25052083333333336
2018-12-22 15:00:00;0.20410958904109588;0.26406250000000003
2018-12-22 16:00:00;0.1684931506849315;0.28125
2018-12-22 17:00:00;0.1643835616438356;0.28281249999999997
2018-12-22 18:00:00;0.17739726027397262;0.26927083333333335
2018-12-22 19:00:00;0.13561643835616438;0.28958333333333336
2018-12-22 20:00:00;0.1232876712328767;0.2921875
2018-12-22 21:00:00;0.1178082191780822;0.2890625
2018-12-22 22:00:00;0.1856164383561644;0.24479166666666666
2018-12-22 23:00:00;0.17945205479452056;0.25104166666666666
2018-12-23 00:00:00;0.13972602739726028;0.2765625
2018-12-23 01:00:00;0.13630136986301372;0.26979166666666665
2018-12-23 02:00:00;0.13424657534246576;0.2625
2018-12-23 03:00:00;0.16506849315068495;0.2354166666666667
2018-12-23 04:00:00;0.15958904109589042;0.22083333333333333
2018-12-23 05:00:00;0.23493150684931505;0.17760416666666667
2018-12-23 06:00:00;0.28287671232876715;0.13749999999999998
2018-12-23 07:00:00;0.33287671232876714;0.13125
2018-12-23 08:00:00;0.4773972602739725;0.04739583333333333
2018-12-23 09:00:00;0.41849315068493154;0.05052083333333333
2018-12-23 10:00:00;0.43082191780821916;0.04635416666666667
2018-12-23 11:00:00;0.4178082191780822;0.07187500000000001
2018-12-23 12:00:00;0.45479452054794517;0.06979166666666667
2018-12-23 13:00:00;0.42671232876712334;0.06822916666666666
2018-12-23 14:00:00;0.4280821917808219;0.11666666666666665
2018-12-23 15:00:00;0.40616438356164386;0.16770833333333335
2018-12-23 16:00:00;0.5150684931506848;0.11197916666666667
2018-12-23 17:00:00;0.17876712328767125;0.3125
2018-12-23 18:00:00;0.1582191780821918;0.3020833333333333
2018-12-23 19:00:00;0.1993150684931507;0.26979166666666665
2018-12-23 20:00:00;0.17123287671232876;0.29270833333333335
2018-12-23 21:00:00;0.13287671232876713;0.31875000000000003
2018-12-23 22:00:00;0.21232876712328766;0.26614583333333336
2018-12-23 23:00:00;0.289041095890411;0.22604166666666667
2018-12-24 00:00:00;0.20205479452054795;0.26718749999999997
2018-12-24 01:00:00;0.12465753424657534;0.31354166666666666
2018-12-24 02:00:00;0.1095890410958904;0.3364583333333333
2018-12-24 03:00:00;0.16917808219178085;0.28802083333333334
2018-12-24 04:00:00;0.18835616438356165;0.28541666666666665
2018-12-24 05:00:00;0.28287671232876715;0.21875
2018-12-24 06:00:00;0.18493150684931506;0.2859375
2018-12-24 07:00:00;0.2568493150684932;0.20052083333333334
2018-12-24 08:00:00;0.3643835616438356;0.11145833333333333
2018-12-24 09:00:00;0.4431506849315069;0.06041666666666667
2018-12-24 10:00:00;0.4753424657534246;0.04322916666666667
2018-12-24 11:00:00;0.3835616438356164;0.07968750000000001
2018-12-24 12:00:00;0.4089041095890411;0.08541666666666665
2018-12-24 13:00:00;0.2910958904109589;0.15104166666666666
2018-12-24 14:00:00;0.24178082191780825;0.1796875
2018-12-24 15:00:00;0.2773972602739726;0.1484375
2018-12-24 16:00:00;0.3849315068493151;0.0828125
2018-12-24 17:00:00;0.4965753424657534;0.04739583333333333
2018-12-24 18:00:00;0.476027397260274;0.044270833333333336
2018-12-24 19:00:00;0.40273972602739727;0.07708333333333334
2018-12-24 20:00:00;0.33082191780821923;0.1265625
2018-12-24 21:00:00;0.30547945205479454;0.18177083333333333
2018-12-24 22:00:00;0.2595890410958904;0.20729166666666665
2018-12-24 23:00:00;0.2910958904109589;0.19010416666666666
2018-12-25 00:00:00;0.20616438356164385;0.2578125
2018-12-25 01:00:00;0.17123287671232876;0.2838541666666667
2018-12-25 02:00:00;0.16369863013698632;0.278125
2018-12-25 03:00:00;0.13835616438356166;0.3104166666666667
2018-12-25 04:00:00;0.12534246575342467;0.32135416666666666
2018-12-25 05:00:00;0.12945205479452057;0.30885416666666665
2018-12-25 06:00:00;0.14178082191780825;0.29583333333333334
2018-12-25 07:00:00;0.1917808219178082;0.26145833333333335
2018-12-25 08:00:00;0.20273972602739726;0.21614583333333334
2018-12-25 09:00:00;0.2856164383561644;0.17916666666666667
2018-12-25 10:00:00;0.2582191780821918;0.1890625
2018-12-25 11:00:00;0.26438356164383564;0.1890625
2018-12-25 12:00:00;0.23972602739726026;0.20520833333333333
2018-12-25 13:00:00;0.1780821917808219;0.2682291666666667
2018-12-25 14:00:00;0.19315068493150686;0.25416666666666665
2018-12-25 15:00:00;0.17739726027397262;0.26979166666666665
2018-12-25 16:00:00;0.20410958904109588;0.25833333333333336
2018-12-25 17:00:00;0.34520547945205476;0.16093749999999998
2018-12-25 18:00:00;0.32397260273972606;0.16822916666666665
2018-12-25 19:00:00;0.3027397260273973;0.16354166666666667
2018-12-25 20:00:00;0.30547945205479454;0.14739583333333334
2018-12-25 21:00:00;0.36849315068493155;0.10260416666666666
2018-12-25 22:00:00;0.410958904109589;0.07552083333333333
2018-12-25 23:00:00;0.37739726027397263;0.07968750000000001
2018-12-26 00:00:00;0.32397260273972606;0.09791666666666667
2018-12-26 01:00:00;0.30205479452054795;0.09895833333333333
2018-12-26 02:00:00;0.26301369863013696;0.12604166666666666
2018-12-26 03:00:00;0.21232876712328766;0.1484375
2018-12-26 04:00:00;0.21643835616438356;0.14375000000000002
2018-12-26 05:00:00;0.20136986301369864;0.15625
2018-12-26 06:00:00;0.22602739726027396;0.13645833333333332
2018-12-26 07:00:00;0.2356164383561644;0.11197916666666667
2018-12-26 08:00:00;0.2993150684931507;0.0828125
2018-12-26 09:00:00;0.36027397260273974;0.053125
2018-12-26 10:00:00;0.37876712328767126;0.053125
2018-12-26 11:00:00;0.3986301369863014;0.05260416666666667
2018-12-26 12:00:00;0.38630136986301367;0.052083333333333336
2018-12-26 13:00:00;0.40616438356164386;0.04791666666666666
2018-12-26 14:00:00;0.4390410958904109;0.043750000000000004
2018-12-26 15:00:00;0.4445205479452054;0.042187499999999996
2018-12-26 16:00:00;0.4794520547945205;0.0375
2018-12-26 17:00:00;0.4383561643835616;0.028125
2018-12-26 18:00:00;0.4417808219178082;0.028125
2018-12-26 19:00:00;0.4424657534246575;0.028645833333333332
2018-12-26 20:00:00;0.40684931506849314;0.030208333333333334
2018-12-26 21:00:00;0.4328767123287671;0.027083333333333334
2018-12-26 22:00:00;0.4486301369863014;0.027083333333333334
2018-12-26 23:00:00;0.4424657534246575;0.028125
2018-12-27 00:00:00;0.43767123287671234;0.027604166666666666
2018-12-27 01:00:00;0.42054794520547945;0.027083333333333334
2018-12-27 02:00:00;0.38904109589041097;0.027083333333333334
2018-12-27 03:00:00;0.39999999999999997;0.027604166666666666
2018-12-27 04:00:00;0.39452054794520547;0.027083333333333334
2018-12-27 05:00:00;0.402054794520548;0.0265625
2018-12-27 06:00:00;0.42739726027397257;0.0265625
2018-12-27 07:00:00;0.4157534246575343;0.0265625
2018-12-27 08:00:00;0.4732876712328767;0.027604166666666666
2018-12-27 09:00:00;0.5328767123287671;0.029687500000000002
2018-12-27 10:00:00;0.4910958904109588;0.0375
2018-12-27 11:00:00;0.4993150684931506;0.040625
2018-12-27 12:00:00;0.5301369863013699;0.043750000000000004
2018-12-27 13:00:00;0.5856164383561644;0.03854166666666667
2018-12-27 14:00:00;0.6047945205479451;0.0375
2018-12-27 15:00:00;0.6554794520547944;0.034374999999999996
2018-12-27 16:00:00;0.6602739726027397;0.03229166666666667
2018-12-27 17:00:00;0.6506849315068494;0.03072916666666667
2018-12-27 18:00:00;0.5527397260273972;0.03229166666666667
2018-12-27 19:00:00;0.5315068493150684;0.03229166666666667
2018-12-27 20:00:00;0.5575342465753425;0.03229166666666667
2018-12-27 21:00:00;0.6027397260273972;0.034895833333333334
2018-12-27 22:00:00;0.6328767123287671;0.035937500000000004
2018-12-27 23:00:00;0.6082191780821917;0.0328125
2018-12-28 00:00:00;0.5472602739726027;0.030208333333333334
2018-12-28 01:00:00;0.486986301369863;0.028645833333333332
2018-12-28 02:00:00;0.43424657534246575;0.027604166666666666
2018-12-28 03:00:00;0.41643835616438357;0.026041666666666668
2018-12-28 04:00:00;0.4226027397260274;0.026041666666666668
2018-12-28 05:00:00;0.4191780821917808;0.026041666666666668
2018-12-28 06:00:00;0.4513698630136986;0.026041666666666668
2018-12-28 07:00:00;0.486986301369863;0.026041666666666668
2018-12-28 08:00:00;0.5273972602739726;0.027604166666666666
2018-12-28 09:00:00;0.5356164383561643;0.027083333333333334
2018-12-28 10:00:00;0.5390410958904108;0.027083333333333334
2018-12-28 11:00:00;0.5164383561643835;0.027604166666666666
2018-12-28 12:00:00;0.521917808219178;0.028125
2018-12-28 13:00:00;0.5493150684931506;0.028125
2018-12-28 14:00:00;0.497945205479452;0.0265625
2018-12-28 15:00:00;0.521917808219178;0.027083333333333334
2018-12-28 16:00:00;0.5089041095890411;0.0265625
2018-12-28 17:00:00;0.4883561643835616;0.027083333333333334
2018-12-28 18:00:00;0.5054794520547945;0.028125
2018-12-28 19:00:00;0.4726027397260274;0.029166666666666664
2018-12-28 20:00:00;0.4575342465753425;0.028645833333333332
2018-12-28 21:00:00;0.4438356164383561;0.027083333333333334
2018-12-28 22:00:00;0.471917808219178;0.0265625
2018-12-28 23:00:00;0.4636986301369862;0.027083333333333334
2018-12-29 00:00:00;0.41986301369863016;0.025520833333333336
2018-12-29 01:00:00;0.38767123287671235;0.024999999999999998
2018-12-29 02:00:00;0.3780821917808219;0.026041666666666668
2018-12-29 03:00:00;0.33835616438356164;0.0375
2018-12-29 04:00:00;0.23904109589041095;0.0828125
2018-12-29 05:00:00;0.1780821917808219;0.12395833333333334
2018-12-29 06:00:00;0.2280821917808219;0.11458333333333333
2018-12-29 07:00:00;0.25753424657534246;0.11562499999999999
2018-12-29 08:00:00;0.3664383561643836;0.06354166666666666
2018-12-29 09:00:00;0.41027397260273973;0.04583333333333334
2018-12-29 10:00:00;0.39589041095890415;0.0484375
2018-12-29 11:00:00;0.4157534246575343;0.052083333333333336
2018-12-29 12:00:00;0.25890410958904114;0.24531250000000002
2018-12-29 13:00:00;0.1684931506849315;0.2677083333333333
2018-12-29 14:00:00;0.17671232876712328;0.23072916666666665
2018-12-29 15:00:00;0.18767123287671234;0.23385416666666667
2018-12-29 16:00:00;0.16643835616438357;0.25885416666666666
2018-12-29 17:00:00;0.16712328767123288;0.2557291666666667
2018-12-29 18:00:00;0.1952054794520548;0.284375
2018-12-29 19:00:00;0.1678082191780822;0.34010416666666665
2018-12-29 20:00:00;0.17054794520547947;0.3515625
2018-12-29 21:00:00;0.13356164383561644;0.37604166666666666
2018-12-29 22:00:00;0.136986301369863;0.371875
2018-12-29 23:00:00;0.13287671232876713;0.375
2018-12-30 00:00:00;0.10479452054794519;0.39166666666666666
2018-12-30 01:00:00;0.1006849315068493;0.3927083333333334
2018-12-30 02:00:00;0.09452054794520547;0.3963541666666666
2018-12-30 03:00:00;0.12123287671232877;0.37395833333333334
2018-12-30 04:00:00;0.15342465753424658;0.34270833333333334
2018-12-30 05:00:00;0.20273972602739726;0.31302083333333336
2018-12-30 06:00:00;0.2363013698630137;0.28958333333333336
2018-12-30 07:00:00;0.2993150684931507;0.23854166666666665
2018-12-30 08:00:00;0.43219178082191784;0.1625
2018-12-30 09:00:00;0.33287671232876714;0.2015625
2018-12-30 10:00:00;0.29315068493150687;0.23489583333333333
2018-12-30 11:00:00;0.2636986301369863;0.21822916666666667
2018-12-30 12:00:00;0.23835616438356166;0.225
2018-12-30 13:00:00;0.21643835616438356;0.22395833333333334
2018-12-30 14:00:00;0.21438356164383562;0.22395833333333334
2018-12-30 15:00:00;0.22397260273972605;0.21406250000000002
2018-12-30 16:00:00;0.2753424657534247;0.14010416666666667
2018-12-30 17:00:00;0.32808219178082193;0.0703125
2018-12-30 18:00:00;0.26917808219178085;0.11093750000000001
2018-12-30 19:00:00;0.25205479452054796;0.12447916666666665
2018-12-30 20:00:00;0.3335616438356165;0.057812499999999996
2018-12-30 21:00:00;0.39109589041095894;0.03854166666666667
2018-12-30 22:00:00;0.21575342465753425;0.13749999999999998
2018-12-30 23:00:00;0.2054794520547945;0.134375
