submitit INFO (2025-04-18 15:08:26,030) - Starting with JobEnvironment(job_id=16699047_0, hostname=v100v2gpu9, local_rank=0(1), node=0(1), global_rank=0(1))
submitit INFO (2025-04-18 15:08:26,030) - Loading pickle: /home4/s5185491/second-copy/src/multirun/2025-04-18/15-00-25/.submitit/16699047_0/16699047_0_submitted.pkl

Running __init__.py for data pipeline...
Modelling package initialized

/opt/rocm/lib/libamd_smi.so: cannot open shared object file: No such file or directory
Unable to find amdsmi library try installing amd-smi-lib from your package manager
/home4/s5185491/second-copy/src
models:
  name: basicgnn
  type: basicgnn
seed: 32
train: true
habrok: false
training:
  epochs: 200
  patience: 10
hp_tuning:
  n_trials: 70
  db_name: gnn_hydra_tuning
  study_name: ${models.name}_tuning_${now:%H-%M-%S}
  hp_save_dir: results/gnn_tuning/best_hp_${models.name}.json
n_hours_u: 72
n_hours_y: 24

BASE_DIR:  /home4/s5185491/second-copy
MODEL_PATH:  /home4/s5185491/second-copy/results/gnn_results/models
ALL_DIR:  /home4/s5185491/second-copy/data/data_combined/all
cuda
Loaded all datasets
Using model type: basicgnn
BasicGNN(
  (convs): ModuleList(
    (0): GCNConv(504, 96)
    (1-2): 2 x GCNConv(96, 96)
  )
  (head): Linear(in_features=96, out_features=24, bias=True)
)
Creating DataLoaders...
  Using ReduceLROnPlateau: factor=0.6, patience=10, min_lr=7.665233577973913e-08
Trial 0 - Epoch 1/200 | Train Loss: 0.021880 | Val Loss: 0.017802 LR: 0.00004909
Trial 0 - Epoch 2/200 | Train Loss: 0.017872 | Val Loss: 0.017290 LR: 0.00004909
Trial 0 - Epoch 3/200 | Train Loss: 0.017349 | Val Loss: 0.016683 LR: 0.00004909
Trial 0 - Epoch 4/200 | Train Loss: 0.017003 | Val Loss: 0.016540 LR: 0.00004909
Trial 0 - Epoch 5/200 | Train Loss: 0.016760 | Val Loss: 0.016411 LR: 0.00004909
Trial 0 - Epoch 6/200 | Train Loss: 0.016583 | Val Loss: 0.016145 LR: 0.00004909
Trial 0 - Epoch 7/200 | Train Loss: 0.016436 | Val Loss: 0.015930 LR: 0.00004909
Trial 0 - Epoch 8/200 | Train Loss: 0.016316 | Val Loss: 0.015792 LR: 0.00004909
Trial 0 - Epoch 9/200 | Train Loss: 0.016215 | Val Loss: 0.015667 LR: 0.00004909
Trial 0 - Epoch 10/200 | Train Loss: 0.016131 | Val Loss: 0.015607 LR: 0.00004909
Trial 0 - Epoch 11/200 | Train Loss: 0.016065 | Val Loss: 0.015496 LR: 0.00004909
Trial 0 - Epoch 12/200 | Train Loss: 0.016000 | Val Loss: 0.015363 LR: 0.00004909
Trial 0 - Epoch 13/200 | Train Loss: 0.015939 | Val Loss: 0.015308 LR: 0.00004909
Trial 0 - Epoch 14/200 | Train Loss: 0.015884 | Val Loss: 0.015182 LR: 0.00004909
Trial 0 - Epoch 15/200 | Train Loss: 0.015833 | Val Loss: 0.015121 LR: 0.00004909
Trial 0 - Epoch 16/200 | Train Loss: 0.015789 | Val Loss: 0.015118 LR: 0.00004909
Trial 0 - Epoch 17/200 | Train Loss: 0.015755 | Val Loss: 0.015060 LR: 0.00004909
Trial 0 - Epoch 18/200 | Train Loss: 0.015711 | Val Loss: 0.015239 LR: 0.00004909
Validation loss did not improve. Patience counter: 1/10
Trial 0 - Epoch 19/200 | Train Loss: 0.015680 | Val Loss: 0.014977 LR: 0.00004909
Trial 0 - Epoch 20/200 | Train Loss: 0.015639 | Val Loss: 0.015154 LR: 0.00004909
Validation loss did not improve. Patience counter: 1/10
Trial 0 - Epoch 21/200 | Train Loss: 0.015607 | Val Loss: 0.014872 LR: 0.00004909
Trial 0 - Epoch 22/200 | Train Loss: 0.015576 | Val Loss: 0.014968 LR: 0.00004909
Validation loss did not improve. Patience counter: 1/10
Trial 0 - Epoch 23/200 | Train Loss: 0.015548 | Val Loss: 0.014781 LR: 0.00004909
Trial 0 - Epoch 24/200 | Train Loss: 0.015518 | Val Loss: 0.014749 LR: 0.00004909
Trial 0 - Epoch 25/200 | Train Loss: 0.015495 | Val Loss: 0.014807 LR: 0.00004909
Validation loss did not improve. Patience counter: 1/10
Trial 0 - Epoch 26/200 | Train Loss: 0.015471 | Val Loss: 0.014603 LR: 0.00004909
Trial 0 - Epoch 27/200 | Train Loss: 0.015446 | Val Loss: 0.014666 LR: 0.00004909
Validation loss did not improve. Patience counter: 1/10
Trial 0 - Epoch 28/200 | Train Loss: 0.015433 | Val Loss: 0.014550 LR: 0.00004909
Trial 0 - Epoch 29/200 | Train Loss: 0.015409 | Val Loss: 0.014522 LR: 0.00004909
Trial 0 - Epoch 30/200 | Train Loss: 0.015385 | Val Loss: 0.014461 LR: 0.00004909
Trial 0 - Epoch 31/200 | Train Loss: 0.015361 | Val Loss: 0.014413 LR: 0.00004909
Trial 0 - Epoch 32/200 | Train Loss: 0.015339 | Val Loss: 0.014443 LR: 0.00004909
Validation loss did not improve. Patience counter: 1/10
Trial 0 - Epoch 33/200 | Train Loss: 0.015326 | Val Loss: 0.014348 LR: 0.00004909
Trial 0 - Epoch 34/200 | Train Loss: 0.015299 | Val Loss: 0.014316 LR: 0.00004909
Trial 0 - Epoch 35/200 | Train Loss: 0.015277 | Val Loss: 0.014258 LR: 0.00004909
Trial 0 - Epoch 36/200 | Train Loss: 0.015256 | Val Loss: 0.014215 LR: 0.00004909
Trial 0 - Epoch 37/200 | Train Loss: 0.015235 | Val Loss: 0.014196 LR: 0.00004909
Trial 0 - Epoch 38/200 | Train Loss: 0.015218 | Val Loss: 0.014142 LR: 0.00004909
Trial 0 - Epoch 39/200 | Train Loss: 0.015199 | Val Loss: 0.014125 LR: 0.00004909
Trial 0 - Epoch 40/200 | Train Loss: 0.015181 | Val Loss: 0.014057 LR: 0.00004909
Trial 0 - Epoch 41/200 | Train Loss: 0.015161 | Val Loss: 0.014355 LR: 0.00004909
Validation loss did not improve. Patience counter: 1/10
Trial 0 - Epoch 42/200 | Train Loss: 0.015151 | Val Loss: 0.014036 LR: 0.00004909
Trial 0 - Epoch 43/200 | Train Loss: 0.015137 | Val Loss: 0.014062 LR: 0.00004909
Validation loss did not improve. Patience counter: 1/10
Trial 0 - Epoch 44/200 | Train Loss: 0.015120 | Val Loss: 0.014418 LR: 0.00004909
Validation loss did not improve. Patience counter: 2/10
Trial 0 - Epoch 45/200 | Train Loss: 0.015116 | Val Loss: 0.013986 LR: 0.00004909
Trial 0 - Epoch 46/200 | Train Loss: 0.015094 | Val Loss: 0.014007 LR: 0.00004909
Validation loss did not improve. Patience counter: 1/10
Trial 0 - Epoch 47/200 | Train Loss: 0.015084 | Val Loss: 0.014193 LR: 0.00004909
Validation loss did not improve. Patience counter: 2/10
Trial 0 - Epoch 48/200 | Train Loss: 0.015065 | Val Loss: 0.014170 LR: 0.00004909
Validation loss did not improve. Patience counter: 3/10
Trial 0 - Epoch 49/200 | Train Loss: 0.015052 | Val Loss: 0.013856 LR: 0.00004909
Trial 0 - Epoch 50/200 | Train Loss: 0.015034 | Val Loss: 0.013949 LR: 0.00004909
Validation loss did not improve. Patience counter: 1/10
Trial 0 - Epoch 51/200 | Train Loss: 0.015024 | Val Loss: 0.013864 LR: 0.00004909
Validation loss did not improve. Patience counter: 2/10
Trial 0 - Epoch 52/200 | Train Loss: 0.015008 | Val Loss: 0.013961 LR: 0.00004909
Validation loss did not improve. Patience counter: 3/10
Trial 0 - Epoch 53/200 | Train Loss: 0.015000 | Val Loss: 0.013672 LR: 0.00004909
Trial 0 - Epoch 54/200 | Train Loss: 0.014987 | Val Loss: 0.013905 LR: 0.00004909
Validation loss did not improve. Patience counter: 1/10
Trial 0 - Epoch 55/200 | Train Loss: 0.014977 | Val Loss: 0.013641 LR: 0.00004909
Trial 0 - Epoch 56/200 | Train Loss: 0.014960 | Val Loss: 0.013572 LR: 0.00004909
Trial 0 - Epoch 57/200 | Train Loss: 0.014946 | Val Loss: 0.013534 LR: 0.00004909
Trial 0 - Epoch 58/200 | Train Loss: 0.014934 | Val Loss: 0.013527 LR: 0.00004909
Trial 0 - Epoch 59/200 | Train Loss: 0.014920 | Val Loss: 0.013474 LR: 0.00004909
Trial 0 - Epoch 60/200 | Train Loss: 0.014911 | Val Loss: 0.013508 LR: 0.00004909
Validation loss did not improve. Patience counter: 1/10
Trial 0 - Epoch 61/200 | Train Loss: 0.014900 | Val Loss: 0.013768 LR: 0.00004909
Validation loss did not improve. Patience counter: 2/10
Trial 0 - Epoch 62/200 | Train Loss: 0.014899 | Val Loss: 0.013419 LR: 0.00004909
Trial 0 - Epoch 63/200 | Train Loss: 0.014886 | Val Loss: 0.013362 LR: 0.00004909
Trial 0 - Epoch 64/200 | Train Loss: 0.014877 | Val Loss: 0.013410 LR: 0.00004909
Validation loss did not improve. Patience counter: 1/10
Trial 0 - Epoch 65/200 | Train Loss: 0.014869 | Val Loss: 0.013343 LR: 0.00004909
Trial 0 - Epoch 66/200 | Train Loss: 0.014862 | Val Loss: 0.013360 LR: 0.00004909
Validation loss did not improve. Patience counter: 1/10
Trial 0 - Epoch 67/200 | Train Loss: 0.014849 | Val Loss: 0.013282 LR: 0.00004909
Trial 0 - Epoch 68/200 | Train Loss: 0.014837 | Val Loss: 0.013258 LR: 0.00004909
Trial 0 - Epoch 69/200 | Train Loss: 0.014825 | Val Loss: 0.013271 LR: 0.00004909
Validation loss did not improve. Patience counter: 1/10
Trial 0 - Epoch 70/200 | Train Loss: 0.014810 | Val Loss: 0.013602 LR: 0.00004909
Validation loss did not improve. Patience counter: 2/10
Trial 0 - Epoch 71/200 | Train Loss: 0.014813 | Val Loss: 0.013233 LR: 0.00004909
Trial 0 - Epoch 72/200 | Train Loss: 0.014799 | Val Loss: 0.013164 LR: 0.00004909
Trial 0 - Epoch 73/200 | Train Loss: 0.014784 | Val Loss: 0.013164 LR: 0.00004909
Trial 0 - Epoch 74/200 | Train Loss: 0.014775 | Val Loss: 0.013157 LR: 0.00004909
Trial 0 - Epoch 75/200 | Train Loss: 0.014764 | Val Loss: 0.013163 LR: 0.00004909
Validation loss did not improve. Patience counter: 1/10
Trial 0 - Epoch 76/200 | Train Loss: 0.014755 | Val Loss: 0.013139 LR: 0.00004909
Trial 0 - Epoch 77/200 | Train Loss: 0.014741 | Val Loss: 0.013139 LR: 0.00004909
Trial 0 - Epoch 78/200 | Train Loss: 0.014725 | Val Loss: 0.013464 LR: 0.00004909
Validation loss did not improve. Patience counter: 1/10
Trial 0 - Epoch 79/200 | Train Loss: 0.014726 | Val Loss: 0.013117 LR: 0.00004909
Trial 0 - Epoch 80/200 | Train Loss: 0.014716 | Val Loss: 0.013191 LR: 0.00004909
Validation loss did not improve. Patience counter: 1/10
Trial 0 - Epoch 81/200 | Train Loss: 0.014708 | Val Loss: 0.013205 LR: 0.00004909
Validation loss did not improve. Patience counter: 2/10
Trial 0 - Epoch 82/200 | Train Loss: 0.014708 | Val Loss: 0.013101 LR: 0.00004909
Trial 0 - Epoch 83/200 | Train Loss: 0.014693 | Val Loss: 0.013062 LR: 0.00004909
Trial 0 - Epoch 84/200 | Train Loss: 0.014677 | Val Loss: 0.013038 LR: 0.00004909
Trial 0 - Epoch 85/200 | Train Loss: 0.014669 | Val Loss: 0.013062 LR: 0.00004909
Validation loss did not improve. Patience counter: 1/10
Trial 0 - Epoch 86/200 | Train Loss: 0.014665 | Val Loss: 0.012995 LR: 0.00004909
Trial 0 - Epoch 87/200 | Train Loss: 0.014661 | Val Loss: 0.012936 LR: 0.00004909
Trial 0 - Epoch 88/200 | Train Loss: 0.014646 | Val Loss: 0.012929 LR: 0.00004909
Trial 0 - Epoch 89/200 | Train Loss: 0.014633 | Val Loss: 0.012881 LR: 0.00004909
Trial 0 - Epoch 90/200 | Train Loss: 0.014622 | Val Loss: 0.012997 LR: 0.00004909
Validation loss did not improve. Patience counter: 1/10
Trial 0 - Epoch 91/200 | Train Loss: 0.014608 | Val Loss: 0.012841 LR: 0.00004909
Trial 0 - Epoch 92/200 | Train Loss: 0.014593 | Val Loss: 0.012835 LR: 0.00004909
Trial 0 - Epoch 93/200 | Train Loss: 0.014585 | Val Loss: 0.012865 LR: 0.00004909
Validation loss did not improve. Patience counter: 1/10
Trial 0 - Epoch 94/200 | Train Loss: 0.014577 | Val Loss: 0.012824 LR: 0.00004909
Trial 0 - Epoch 95/200 | Train Loss: 0.014561 | Val Loss: 0.012769 LR: 0.00004909
Trial 0 - Epoch 96/200 | Train Loss: 0.014553 | Val Loss: 0.012746 LR: 0.00004909
Trial 0 - Epoch 97/200 | Train Loss: 0.014539 | Val Loss: 0.012752 LR: 0.00004909
Validation loss did not improve. Patience counter: 1/10
Trial 0 - Epoch 98/200 | Train Loss: 0.014532 | Val Loss: 0.012763 LR: 0.00004909
Validation loss did not improve. Patience counter: 2/10
Trial 0 - Epoch 99/200 | Train Loss: 0.014525 | Val Loss: 0.012808 LR: 0.00004909
Validation loss did not improve. Patience counter: 3/10
Trial 0 - Epoch 100/200 | Train Loss: 0.014518 | Val Loss: 0.012756 LR: 0.00004909
Validation loss did not improve. Patience counter: 4/10
Trial 0 - Epoch 101/200 | Train Loss: 0.014511 | Val Loss: 0.012734 LR: 0.00004909
Trial 0 - Epoch 102/200 | Train Loss: 0.014498 | Val Loss: 0.012865 LR: 0.00004909
Validation loss did not improve. Patience counter: 1/10
Trial 0 - Epoch 103/200 | Train Loss: 0.014492 | Val Loss: 0.012827 LR: 0.00004909
Validation loss did not improve. Patience counter: 2/10
Trial 0 - Epoch 104/200 | Train Loss: 0.014485 | Val Loss: 0.012750 LR: 0.00004909
Validation loss did not improve. Patience counter: 3/10
Trial 0 - Epoch 105/200 | Train Loss: 0.014470 | Val Loss: 0.012813 LR: 0.00004909
Validation loss did not improve. Patience counter: 4/10
Trial 0 - Epoch 106/200 | Train Loss: 0.014468 | Val Loss: 0.012740 LR: 0.00004909
Validation loss did not improve. Patience counter: 5/10
Trial 0 - Epoch 107/200 | Train Loss: 0.014455 | Val Loss: 0.013049 LR: 0.00004909
Validation loss did not improve. Patience counter: 6/10
Trial 0 - Epoch 108/200 | Train Loss: 0.014455 | Val Loss: 0.012830 LR: 0.00004909
Validation loss did not improve. Patience counter: 7/10
Trial 0 - Epoch 109/200 | Train Loss: 0.014442 | Val Loss: 0.012687 LR: 0.00004909
Trial 0 - Epoch 110/200 | Train Loss: 0.014429 | Val Loss: 0.012692 LR: 0.00004909
Validation loss did not improve. Patience counter: 1/10
Trial 0 - Epoch 111/200 | Train Loss: 0.014419 | Val Loss: 0.012729 LR: 0.00004909
Validation loss did not improve. Patience counter: 2/10
Trial 0 - Epoch 112/200 | Train Loss: 0.014415 | Val Loss: 0.012723 LR: 0.00004909
Validation loss did not improve. Patience counter: 3/10
Trial 0 - Epoch 113/200 | Train Loss: 0.014406 | Val Loss: 0.013035 LR: 0.00004909
Validation loss did not improve. Patience counter: 4/10
Trial 0 - Epoch 114/200 | Train Loss: 0.014395 | Val Loss: 0.012758 LR: 0.00004909
Validation loss did not improve. Patience counter: 5/10
Trial 0 - Epoch 115/200 | Train Loss: 0.014392 | Val Loss: 0.012800 LR: 0.00004909
Validation loss did not improve. Patience counter: 6/10
Trial 0 - Epoch 116/200 | Train Loss: 0.014389 | Val Loss: 0.012746 LR: 0.00004909
Validation loss did not improve. Patience counter: 7/10
Trial 0 - Epoch 117/200 | Train Loss: 0.014376 | Val Loss: 0.012798 LR: 0.00004909
Validation loss did not improve. Patience counter: 8/10
Trial 0 - Epoch 118/200 | Train Loss: 0.014369 | Val Loss: 0.012730 LR: 0.00004909
Validation loss did not improve. Patience counter: 9/10
Trial 0 - Epoch 119/200 | Train Loss: 0.014355 | Val Loss: 0.012711 LR: 0.00004909
Validation loss did not improve. Patience counter: 10/10
Trial 0 early stopping triggered at epoch 119.
BasicGNN(
  (convs): ModuleList(
    (0): GCNConv(504, 32)
    (1-2): 2 x GCNConv(32, 32)
  )
  (head): Linear(in_features=32, out_features=24, bias=True)
)
Creating DataLoaders...
  Using ReduceLROnPlateau: factor=0.30000000000000004, patience=7, min_lr=4.2864578360791035e-08
Trial 1 - Epoch 1/200 | Train Loss: 0.021131 | Val Loss: 0.024765 LR: 0.00046797
Trial 1 - Epoch 2/200 | Train Loss: 0.017906 | Val Loss: 0.021364 LR: 0.00046797
Trial 1 - Epoch 3/200 | Train Loss: 0.017253 | Val Loss: 0.019229 LR: 0.00046797
Trial 1 - Epoch 4/200 | Train Loss: 0.016996 | Val Loss: 0.016607 LR: 0.00046797
Trial 1 - Epoch 5/200 | Train Loss: 0.016825 | Val Loss: 0.019808 LR: 0.00046797
Validation loss did not improve. Patience counter: 1/10
Trial 1 - Epoch 6/200 | Train Loss: 0.016607 | Val Loss: 0.014781 LR: 0.00046797
Trial 1 - Epoch 7/200 | Train Loss: 0.016665 | Val Loss: 0.014347 LR: 0.00046797
Trial 1 - Epoch 8/200 | Train Loss: 0.016480 | Val Loss: 0.014380 LR: 0.00046797
Validation loss did not improve. Patience counter: 1/10
Trial 1 - Epoch 9/200 | Train Loss: 0.016483 | Val Loss: 0.014302 LR: 0.00046797
Trial 1 - Epoch 10/200 | Train Loss: 0.016444 | Val Loss: 0.014179 LR: 0.00046797
Trial 1 - Epoch 11/200 | Train Loss: 0.016355 | Val Loss: 0.014030 LR: 0.00046797
Trial 1 - Epoch 12/200 | Train Loss: 0.016313 | Val Loss: 0.013963 LR: 0.00046797
Trial 1 - Epoch 13/200 | Train Loss: 0.016211 | Val Loss: 0.013670 LR: 0.00046797
Trial 1 - Epoch 14/200 | Train Loss: 0.016180 | Val Loss: 0.013592 LR: 0.00046797
Trial 1 - Epoch 15/200 | Train Loss: 0.016119 | Val Loss: 0.013669 LR: 0.00046797
Validation loss did not improve. Patience counter: 1/10
Trial 1 - Epoch 16/200 | Train Loss: 0.016186 | Val Loss: 0.013258 LR: 0.00046797
Trial 1 - Epoch 17/200 | Train Loss: 0.016159 | Val Loss: 0.013145 LR: 0.00046797
Trial 1 - Epoch 18/200 | Train Loss: 0.016133 | Val Loss: 0.013136 LR: 0.00046797
Trial 1 - Epoch 19/200 | Train Loss: 0.016143 | Val Loss: 0.013092 LR: 0.00046797
Trial 1 - Epoch 20/200 | Train Loss: 0.016021 | Val Loss: 0.015991 LR: 0.00046797
Validation loss did not improve. Patience counter: 1/10
Trial 1 - Epoch 21/200 | Train Loss: 0.017105 | Val Loss: 0.013185 LR: 0.00046797
Validation loss did not improve. Patience counter: 2/10
Trial 1 - Epoch 22/200 | Train Loss: 0.016285 | Val Loss: 0.012951 LR: 0.00046797
Trial 1 - Epoch 23/200 | Train Loss: 0.016131 | Val Loss: 0.013579 LR: 0.00046797
Validation loss did not improve. Patience counter: 1/10
Trial 1 - Epoch 24/200 | Train Loss: 0.016561 | Val Loss: 0.013169 LR: 0.00046797
Validation loss did not improve. Patience counter: 2/10
Trial 1 - Epoch 25/200 | Train Loss: 0.016230 | Val Loss: 0.012652 LR: 0.00046797
Trial 1 - Epoch 26/200 | Train Loss: 0.016084 | Val Loss: 0.012758 LR: 0.00046797
Validation loss did not improve. Patience counter: 1/10
Trial 1 - Epoch 27/200 | Train Loss: 0.016059 | Val Loss: 0.012691 LR: 0.00046797
Validation loss did not improve. Patience counter: 2/10
Trial 1 - Epoch 28/200 | Train Loss: 0.015954 | Val Loss: 0.012686 LR: 0.00046797
Validation loss did not improve. Patience counter: 3/10
Trial 1 - Epoch 29/200 | Train Loss: 0.015860 | Val Loss: 0.012637 LR: 0.00046797
Trial 1 - Epoch 30/200 | Train Loss: 0.015845 | Val Loss: 0.012537 LR: 0.00046797
Trial 1 - Epoch 31/200 | Train Loss: 0.015837 | Val Loss: 0.012695 LR: 0.00046797
Validation loss did not improve. Patience counter: 1/10
Trial 1 - Epoch 32/200 | Train Loss: 0.015892 | Val Loss: 0.012658 LR: 0.00046797
Validation loss did not improve. Patience counter: 2/10
Trial 1 - Epoch 33/200 | Train Loss: 0.015839 | Val Loss: 0.012579 LR: 0.00046797
Validation loss did not improve. Patience counter: 3/10
Trial 1 - Epoch 34/200 | Train Loss: 0.015805 | Val Loss: 0.012746 LR: 0.00046797
Validation loss did not improve. Patience counter: 4/10
Trial 1 - Epoch 35/200 | Train Loss: 0.015868 | Val Loss: 0.012977 LR: 0.00046797
Validation loss did not improve. Patience counter: 5/10
Trial 1 - Epoch 36/200 | Train Loss: 0.015808 | Val Loss: 0.012597 LR: 0.00046797
Validation loss did not improve. Patience counter: 6/10
Trial 1 - Epoch 37/200 | Train Loss: 0.015720 | Val Loss: 0.012645 LR: 0.00046797
Validation loss did not improve. Patience counter: 7/10
Trial 1 - Epoch 38/200 | Train Loss: 0.015620 | Val Loss: 0.013043 LR: 0.00014039
Validation loss did not improve. Patience counter: 8/10
Trial 1 - Epoch 39/200 | Train Loss: 0.015843 | Val Loss: 0.011908 LR: 0.00014039
Trial 1 - Epoch 40/200 | Train Loss: 0.015453 | Val Loss: 0.011918 LR: 0.00014039
Validation loss did not improve. Patience counter: 1/10
Trial 1 - Epoch 41/200 | Train Loss: 0.015372 | Val Loss: 0.011889 LR: 0.00014039
Trial 1 - Epoch 42/200 | Train Loss: 0.015322 | Val Loss: 0.011884 LR: 0.00014039
Trial 1 - Epoch 43/200 | Train Loss: 0.015280 | Val Loss: 0.011894 LR: 0.00014039
Validation loss did not improve. Patience counter: 1/10
Trial 1 - Epoch 44/200 | Train Loss: 0.015232 | Val Loss: 0.011926 LR: 0.00014039
Validation loss did not improve. Patience counter: 2/10
Trial 1 - Epoch 45/200 | Train Loss: 0.015168 | Val Loss: 0.011972 LR: 0.00014039
Validation loss did not improve. Patience counter: 3/10
Trial 1 - Epoch 46/200 | Train Loss: 0.015151 | Val Loss: 0.011976 LR: 0.00014039
Validation loss did not improve. Patience counter: 4/10
Trial 1 - Epoch 47/200 | Train Loss: 0.015120 | Val Loss: 0.012130 LR: 0.00014039
Validation loss did not improve. Patience counter: 5/10
Trial 1 - Epoch 48/200 | Train Loss: 0.015097 | Val Loss: 0.012095 LR: 0.00014039
Validation loss did not improve. Patience counter: 6/10
Trial 1 - Epoch 49/200 | Train Loss: 0.015074 | Val Loss: 0.012128 LR: 0.00014039
Validation loss did not improve. Patience counter: 7/10
Trial 1 - Epoch 50/200 | Train Loss: 0.015051 | Val Loss: 0.012125 LR: 0.00004212
Validation loss did not improve. Patience counter: 8/10
Trial 1 - Epoch 51/200 | Train Loss: 0.015258 | Val Loss: 0.011929 LR: 0.00004212
Validation loss did not improve. Patience counter: 9/10
Trial 1 - Epoch 52/200 | Train Loss: 0.015118 | Val Loss: 0.011942 LR: 0.00004212
Validation loss did not improve. Patience counter: 10/10
Trial 1 early stopping triggered at epoch 52.
BasicGNN(
  (convs): ModuleList(
    (0): GCNConv(504, 96)
  )
  (head): Linear(in_features=96, out_features=24, bias=True)
)
Creating DataLoaders...
  Using ReduceLROnPlateau: factor=0.6, patience=9, min_lr=4.19661419888367e-07
Trial 2 - Epoch 1/200 | Train Loss: 0.020392 | Val Loss: 0.029937 LR: 0.00045677
Trial 2 - Epoch 2/200 | Train Loss: 0.018432 | Val Loss: 0.025329 LR: 0.00045677
Trial 2 - Epoch 3/200 | Train Loss: 0.017878 | Val Loss: 0.023204 LR: 0.00045677
Trial 2 - Epoch 4/200 | Train Loss: 0.017435 | Val Loss: 0.022918 LR: 0.00045677
Trial 2 - Epoch 5/200 | Train Loss: 0.016940 | Val Loss: 0.019297 LR: 0.00045677
Trial 2 - Epoch 6/200 | Train Loss: 0.016885 | Val Loss: 0.017558 LR: 0.00045677
Trial 2 - Epoch 7/200 | Train Loss: 0.016870 | Val Loss: 0.016297 LR: 0.00045677
Trial 2 - Epoch 8/200 | Train Loss: 0.016422 | Val Loss: 0.023289 LR: 0.00045677
Validation loss did not improve. Patience counter: 1/10
Trial 2 - Epoch 9/200 | Train Loss: 0.016426 | Val Loss: 0.020233 LR: 0.00045677
Validation loss did not improve. Patience counter: 2/10
Trial 2 - Epoch 10/200 | Train Loss: 0.016281 | Val Loss: 0.014278 LR: 0.00045677
Trial 2 - Epoch 11/200 | Train Loss: 0.016385 | Val Loss: 0.014677 LR: 0.00045677
Validation loss did not improve. Patience counter: 1/10
Trial 2 - Epoch 12/200 | Train Loss: 0.016292 | Val Loss: 0.026633 LR: 0.00045677
Validation loss did not improve. Patience counter: 2/10
Trial 2 - Epoch 13/200 | Train Loss: 0.016312 | Val Loss: 0.013926 LR: 0.00045677
Trial 2 - Epoch 14/200 | Train Loss: 0.016168 | Val Loss: 0.013491 LR: 0.00045677
Trial 2 - Epoch 15/200 | Train Loss: 0.016149 | Val Loss: 0.013466 LR: 0.00045677
Trial 2 - Epoch 16/200 | Train Loss: 0.016070 | Val Loss: 0.019833 LR: 0.00045677
Validation loss did not improve. Patience counter: 1/10
Trial 2 - Epoch 17/200 | Train Loss: 0.016170 | Val Loss: 0.013476 LR: 0.00045677
Validation loss did not improve. Patience counter: 2/10
Trial 2 - Epoch 18/200 | Train Loss: 0.016146 | Val Loss: 0.019530 LR: 0.00045677
Validation loss did not improve. Patience counter: 3/10
Trial 2 - Epoch 19/200 | Train Loss: 0.015960 | Val Loss: 0.025069 LR: 0.00045677
Validation loss did not improve. Patience counter: 4/10
Trial 2 - Epoch 20/200 | Train Loss: 0.016200 | Val Loss: 0.013405 LR: 0.00045677
Trial 2 - Epoch 21/200 | Train Loss: 0.016110 | Val Loss: 0.013397 LR: 0.00045677
Trial 2 - Epoch 22/200 | Train Loss: 0.016311 | Val Loss: 0.013525 LR: 0.00045677
Validation loss did not improve. Patience counter: 1/10
Trial 2 - Epoch 23/200 | Train Loss: 0.016172 | Val Loss: 0.013368 LR: 0.00045677
Trial 2 - Epoch 24/200 | Train Loss: 0.016211 | Val Loss: 0.013295 LR: 0.00045677
Trial 2 - Epoch 25/200 | Train Loss: 0.016083 | Val Loss: 0.013200 LR: 0.00045677
Trial 2 - Epoch 26/200 | Train Loss: 0.016323 | Val Loss: 0.013141 LR: 0.00045677
Trial 2 - Epoch 27/200 | Train Loss: 0.016118 | Val Loss: 0.013236 LR: 0.00045677
Validation loss did not improve. Patience counter: 1/10
Trial 2 - Epoch 28/200 | Train Loss: 0.016210 | Val Loss: 0.013293 LR: 0.00045677
Validation loss did not improve. Patience counter: 2/10
Trial 2 - Epoch 29/200 | Train Loss: 0.016167 | Val Loss: 0.013339 LR: 0.00045677
Validation loss did not improve. Patience counter: 3/10
Trial 2 - Epoch 30/200 | Train Loss: 0.016070 | Val Loss: 0.013369 LR: 0.00045677
Validation loss did not improve. Patience counter: 4/10
Trial 2 - Epoch 31/200 | Train Loss: 0.016076 | Val Loss: 0.021207 LR: 0.00045677
Validation loss did not improve. Patience counter: 5/10
Trial 2 - Epoch 32/200 | Train Loss: 0.015990 | Val Loss: 0.013433 LR: 0.00045677
Validation loss did not improve. Patience counter: 6/10
Trial 2 - Epoch 33/200 | Train Loss: 0.016023 | Val Loss: 0.013226 LR: 0.00045677
Validation loss did not improve. Patience counter: 7/10
Trial 2 - Epoch 34/200 | Train Loss: 0.015833 | Val Loss: 0.021019 LR: 0.00045677
Validation loss did not improve. Patience counter: 8/10
Trial 2 - Epoch 35/200 | Train Loss: 0.015938 | Val Loss: 0.013354 LR: 0.00045677
Validation loss did not improve. Patience counter: 9/10
Trial 2 - Epoch 36/200 | Train Loss: 0.016105 | Val Loss: 0.013338 LR: 0.00027406
Validation loss did not improve. Patience counter: 10/10
Trial 2 early stopping triggered at epoch 36.
BasicGNN(
  (convs): ModuleList(
    (0): GCNConv(504, 96)
    (1-3): 3 x GCNConv(96, 96)
  )
  (head): Linear(in_features=96, out_features=24, bias=True)
)
Creating DataLoaders...
  Using ReduceLROnPlateau: factor=0.4, patience=4, min_lr=4.7396764178155535e-08
Trial 3 - Epoch 1/200 | Train Loss: 0.041190 | Val Loss: 0.019806 LR: 0.00002486
Trial 3 - Epoch 2/200 | Train Loss: 0.021304 | Val Loss: 0.016188 LR: 0.00002486
Trial 3 - Epoch 3/200 | Train Loss: 0.019366 | Val Loss: 0.015684 LR: 0.00002486
Trial 3 - Epoch 4/200 | Train Loss: 0.018760 | Val Loss: 0.015315 LR: 0.00002486
Trial 3 - Epoch 5/200 | Train Loss: 0.018289 | Val Loss: 0.015010 LR: 0.00002486
Trial 3 - Epoch 6/200 | Train Loss: 0.017907 | Val Loss: 0.014759 LR: 0.00002486
Trial 3 - Epoch 7/200 | Train Loss: 0.017602 | Val Loss: 0.014563 LR: 0.00002486
Trial 3 - Epoch 8/200 | Train Loss: 0.017358 | Val Loss: 0.014402 LR: 0.00002486
Trial 3 - Epoch 9/200 | Train Loss: 0.017158 | Val Loss: 0.014269 LR: 0.00002486
Trial 3 - Epoch 10/200 | Train Loss: 0.016995 | Val Loss: 0.014159 LR: 0.00002486
Trial 3 - Epoch 11/200 | Train Loss: 0.016854 | Val Loss: 0.014060 LR: 0.00002486
Trial 3 - Epoch 12/200 | Train Loss: 0.016739 | Val Loss: 0.013972 LR: 0.00002486
Trial 3 - Epoch 13/200 | Train Loss: 0.016637 | Val Loss: 0.013899 LR: 0.00002486
Trial 3 - Epoch 14/200 | Train Loss: 0.016550 | Val Loss: 0.013831 LR: 0.00002486
Trial 3 - Epoch 15/200 | Train Loss: 0.016474 | Val Loss: 0.013768 LR: 0.00002486
Trial 3 - Epoch 16/200 | Train Loss: 0.016408 | Val Loss: 0.013707 LR: 0.00002486
Trial 3 - Epoch 17/200 | Train Loss: 0.016348 | Val Loss: 0.013648 LR: 0.00002486
Trial 3 - Epoch 18/200 | Train Loss: 0.016295 | Val Loss: 0.013581 LR: 0.00002486
Trial 3 - Epoch 19/200 | Train Loss: 0.016244 | Val Loss: 0.013533 LR: 0.00002486
Trial 3 - Epoch 20/200 | Train Loss: 0.016198 | Val Loss: 0.013480 LR: 0.00002486
Trial 3 - Epoch 21/200 | Train Loss: 0.016156 | Val Loss: 0.013430 LR: 0.00002486
Trial 3 - Epoch 22/200 | Train Loss: 0.016116 | Val Loss: 0.013384 LR: 0.00002486
Trial 3 - Epoch 23/200 | Train Loss: 0.016077 | Val Loss: 0.013340 LR: 0.00002486
Trial 3 - Epoch 24/200 | Train Loss: 0.016041 | Val Loss: 0.013298 LR: 0.00002486
Trial 3 - Epoch 25/200 | Train Loss: 0.016007 | Val Loss: 0.013259 LR: 0.00002486
Trial 3 - Epoch 26/200 | Train Loss: 0.015976 | Val Loss: 0.013220 LR: 0.00002486
Trial 3 - Epoch 27/200 | Train Loss: 0.015947 | Val Loss: 0.013179 LR: 0.00002486
Trial 3 - Epoch 28/200 | Train Loss: 0.015918 | Val Loss: 0.013139 LR: 0.00002486
Trial 3 - Epoch 29/200 | Train Loss: 0.015890 | Val Loss: 0.013111 LR: 0.00002486
Trial 3 - Epoch 30/200 | Train Loss: 0.015863 | Val Loss: 0.013083 LR: 0.00002486
Trial 3 - Epoch 31/200 | Train Loss: 0.015839 | Val Loss: 0.013055 LR: 0.00002486
Trial 3 - Epoch 32/200 | Train Loss: 0.015815 | Val Loss: 0.013028 LR: 0.00002486
Trial 3 - Epoch 33/200 | Train Loss: 0.015792 | Val Loss: 0.013002 LR: 0.00002486
Trial 3 - Epoch 34/200 | Train Loss: 0.015769 | Val Loss: 0.012977 LR: 0.00002486
Trial 3 - Epoch 35/200 | Train Loss: 0.015748 | Val Loss: 0.012954 LR: 0.00002486
Trial 3 - Epoch 36/200 | Train Loss: 0.015727 | Val Loss: 0.012927 LR: 0.00002486
Trial 3 - Epoch 37/200 | Train Loss: 0.015707 | Val Loss: 0.012912 LR: 0.00002486
Trial 3 - Epoch 38/200 | Train Loss: 0.015687 | Val Loss: 0.012888 LR: 0.00002486
Trial 3 - Epoch 39/200 | Train Loss: 0.015668 | Val Loss: 0.012867 LR: 0.00002486
Trial 3 - Epoch 40/200 | Train Loss: 0.015648 | Val Loss: 0.012848 LR: 0.00002486
Trial 3 - Epoch 41/200 | Train Loss: 0.015629 | Val Loss: 0.012827 LR: 0.00002486
Trial 3 - Epoch 42/200 | Train Loss: 0.015611 | Val Loss: 0.012812 LR: 0.00002486
Trial 3 - Epoch 43/200 | Train Loss: 0.015593 | Val Loss: 0.012798 LR: 0.00002486
Trial 3 - Epoch 44/200 | Train Loss: 0.015576 | Val Loss: 0.012782 LR: 0.00002486
Trial 3 - Epoch 45/200 | Train Loss: 0.015558 | Val Loss: 0.012769 LR: 0.00002486
Trial 3 - Epoch 46/200 | Train Loss: 0.015542 | Val Loss: 0.012758 LR: 0.00002486
Trial 3 - Epoch 47/200 | Train Loss: 0.015525 | Val Loss: 0.012744 LR: 0.00002486
Trial 3 - Epoch 48/200 | Train Loss: 0.015509 | Val Loss: 0.012733 LR: 0.00002486
Trial 3 - Epoch 49/200 | Train Loss: 0.015493 | Val Loss: 0.012722 LR: 0.00002486
Trial 3 - Epoch 50/200 | Train Loss: 0.015478 | Val Loss: 0.012710 LR: 0.00002486
Trial 3 - Epoch 51/200 | Train Loss: 0.015463 | Val Loss: 0.012699 LR: 0.00002486
Trial 3 - Epoch 52/200 | Train Loss: 0.015448 | Val Loss: 0.012689 LR: 0.00002486
Trial 3 - Epoch 53/200 | Train Loss: 0.015433 | Val Loss: 0.012681 LR: 0.00002486
Trial 3 - Epoch 54/200 | Train Loss: 0.015419 | Val Loss: 0.012674 LR: 0.00002486
Trial 3 - Epoch 55/200 | Train Loss: 0.015405 | Val Loss: 0.012671 LR: 0.00002486
Trial 3 - Epoch 56/200 | Train Loss: 0.015391 | Val Loss: 0.012662 LR: 0.00002486
Trial 3 - Epoch 57/200 | Train Loss: 0.015377 | Val Loss: 0.012657 LR: 0.00002486
Trial 3 - Epoch 58/200 | Train Loss: 0.015363 | Val Loss: 0.012653 LR: 0.00002486
Trial 3 - Epoch 59/200 | Train Loss: 0.015350 | Val Loss: 0.012650 LR: 0.00002486
Trial 3 - Epoch 60/200 | Train Loss: 0.015337 | Val Loss: 0.012648 LR: 0.00002486
Trial 3 - Epoch 61/200 | Train Loss: 0.015324 | Val Loss: 0.012647 LR: 0.00002486
Trial 3 - Epoch 62/200 | Train Loss: 0.015312 | Val Loss: 0.012644 LR: 0.00002486
Trial 3 - Epoch 63/200 | Train Loss: 0.015301 | Val Loss: 0.012642 LR: 0.00002486
Trial 3 - Epoch 64/200 | Train Loss: 0.015289 | Val Loss: 0.012640 LR: 0.00002486
Trial 3 - Epoch 65/200 | Train Loss: 0.015277 | Val Loss: 0.012637 LR: 0.00002486
Trial 3 - Epoch 66/200 | Train Loss: 0.015265 | Val Loss: 0.012636 LR: 0.00002486
Trial 3 - Epoch 67/200 | Train Loss: 0.015254 | Val Loss: 0.012637 LR: 0.00002486
Validation loss did not improve. Patience counter: 1/10
Trial 3 - Epoch 68/200 | Train Loss: 0.015242 | Val Loss: 0.012638 LR: 0.00002486
Validation loss did not improve. Patience counter: 2/10
Trial 3 - Epoch 69/200 | Train Loss: 0.015231 | Val Loss: 0.012639 LR: 0.00002486
Validation loss did not improve. Patience counter: 3/10
Trial 3 - Epoch 70/200 | Train Loss: 0.015221 | Val Loss: 0.012641 LR: 0.00000994
Validation loss did not improve. Patience counter: 4/10
Trial 3 - Epoch 71/200 | Train Loss: 0.015188 | Val Loss: 0.012941 LR: 0.00000994
Validation loss did not improve. Patience counter: 5/10
Trial 3 - Epoch 72/200 | Train Loss: 0.015160 | Val Loss: 0.012955 LR: 0.00000994
Validation loss did not improve. Patience counter: 6/10
Trial 3 - Epoch 73/200 | Train Loss: 0.015148 | Val Loss: 0.012961 LR: 0.00000994
Validation loss did not improve. Patience counter: 7/10
Trial 3 - Epoch 74/200 | Train Loss: 0.015140 | Val Loss: 0.012962 LR: 0.00000994
Validation loss did not improve. Patience counter: 8/10
Trial 3 - Epoch 75/200 | Train Loss: 0.015133 | Val Loss: 0.012963 LR: 0.00000398
Validation loss did not improve. Patience counter: 9/10
Trial 3 - Epoch 76/200 | Train Loss: 0.015200 | Val Loss: 0.013026 LR: 0.00000398
Validation loss did not improve. Patience counter: 10/10
Trial 3 early stopping triggered at epoch 76.
BasicGNN(
  (convs): ModuleList(
    (0): GCNConv(504, 80)
    (1-2): 2 x GCNConv(80, 80)
  )
  (head): Linear(in_features=80, out_features=24, bias=True)
)
Creating DataLoaders...
  Using ReduceLROnPlateau: factor=0.4, patience=4, min_lr=1.6013095113454618e-07
Trial 4 - Epoch 1/200 | Train Loss: 0.021289 | Val Loss: 0.025398 LR: 0.00015277
Trial 4 - Epoch 2/200 | Train Loss: 0.018098 | Val Loss: 0.022485 LR: 0.00015277
Trial 4 - Epoch 3/200 | Train Loss: 0.017562 | Val Loss: 0.021043 LR: 0.00015277
Trial 4 - Epoch 4/200 | Train Loss: 0.017255 | Val Loss: 0.019844 LR: 0.00015277
Trial 4 - Epoch 5/200 | Train Loss: 0.017054 | Val Loss: 0.019129 LR: 0.00015277
Trial 4 - Epoch 6/200 | Train Loss: 0.016863 | Val Loss: 0.019045 LR: 0.00015277
Trial 4 - Epoch 7/200 | Train Loss: 0.016707 | Val Loss: 0.017856 LR: 0.00015277
Trial 4 - Epoch 8/200 | Train Loss: 0.016570 | Val Loss: 0.017317 LR: 0.00015277
Trial 4 - Epoch 9/200 | Train Loss: 0.016464 | Val Loss: 0.016754 LR: 0.00015277
Trial 4 - Epoch 10/200 | Train Loss: 0.016356 | Val Loss: 0.016290 LR: 0.00015277
Trial 4 - Epoch 11/200 | Train Loss: 0.016263 | Val Loss: 0.015894 LR: 0.00015277
Trial 4 - Epoch 12/200 | Train Loss: 0.016182 | Val Loss: 0.015695 LR: 0.00015277
Trial 4 - Epoch 13/200 | Train Loss: 0.016119 | Val Loss: 0.016827 LR: 0.00015277
Validation loss did not improve. Patience counter: 1/10
Trial 4 - Epoch 14/200 | Train Loss: 0.016076 | Val Loss: 0.015277 LR: 0.00015277
Trial 4 - Epoch 15/200 | Train Loss: 0.015989 | Val Loss: 0.015485 LR: 0.00015277
Validation loss did not improve. Patience counter: 1/10
Trial 4 - Epoch 16/200 | Train Loss: 0.015981 | Val Loss: 0.015915 LR: 0.00015277
Validation loss did not improve. Patience counter: 2/10
Trial 4 - Epoch 17/200 | Train Loss: 0.015976 | Val Loss: 0.015247 LR: 0.00015277
Trial 4 - Epoch 18/200 | Train Loss: 0.015966 | Val Loss: 0.014625 LR: 0.00015277
Trial 4 - Epoch 19/200 | Train Loss: 0.015902 | Val Loss: 0.014696 LR: 0.00015277
Validation loss did not improve. Patience counter: 1/10
Trial 4 - Epoch 20/200 | Train Loss: 0.015868 | Val Loss: 0.014358 LR: 0.00015277
Trial 4 - Epoch 21/200 | Train Loss: 0.015816 | Val Loss: 0.015339 LR: 0.00015277
Validation loss did not improve. Patience counter: 1/10
Trial 4 - Epoch 22/200 | Train Loss: 0.015840 | Val Loss: 0.014831 LR: 0.00015277
Validation loss did not improve. Patience counter: 2/10
Trial 4 - Epoch 23/200 | Train Loss: 0.015795 | Val Loss: 0.013981 LR: 0.00015277
Trial 4 - Epoch 24/200 | Train Loss: 0.015798 | Val Loss: 0.013988 LR: 0.00015277
Validation loss did not improve. Patience counter: 1/10
Trial 4 - Epoch 25/200 | Train Loss: 0.015783 | Val Loss: 0.013598 LR: 0.00015277
Trial 4 - Epoch 26/200 | Train Loss: 0.015778 | Val Loss: 0.013526 LR: 0.00015277
Trial 4 - Epoch 27/200 | Train Loss: 0.015767 | Val Loss: 0.013254 LR: 0.00015277
Trial 4 - Epoch 28/200 | Train Loss: 0.015707 | Val Loss: 0.013566 LR: 0.00015277
Validation loss did not improve. Patience counter: 1/10
Trial 4 - Epoch 29/200 | Train Loss: 0.015716 | Val Loss: 0.014412 LR: 0.00015277
Validation loss did not improve. Patience counter: 2/10
Trial 4 - Epoch 30/200 | Train Loss: 0.015790 | Val Loss: 0.013166 LR: 0.00015277
Trial 4 - Epoch 31/200 | Train Loss: 0.015723 | Val Loss: 0.013295 LR: 0.00015277
Validation loss did not improve. Patience counter: 1/10
Trial 4 - Epoch 32/200 | Train Loss: 0.015697 | Val Loss: 0.013605 LR: 0.00015277
Validation loss did not improve. Patience counter: 2/10
Trial 4 - Epoch 33/200 | Train Loss: 0.015716 | Val Loss: 0.013426 LR: 0.00015277
Validation loss did not improve. Patience counter: 3/10
Trial 4 - Epoch 34/200 | Train Loss: 0.015754 | Val Loss: 0.015712 LR: 0.00015277
Validation loss did not improve. Patience counter: 4/10
Trial 4 - Epoch 35/200 | Train Loss: 0.015832 | Val Loss: 0.013918 LR: 0.00006111
Validation loss did not improve. Patience counter: 5/10
Trial 4 - Epoch 36/200 | Train Loss: 0.015833 | Val Loss: 0.012106 LR: 0.00006111
Trial 4 - Epoch 37/200 | Train Loss: 0.015499 | Val Loss: 0.012042 LR: 0.00006111
Trial 4 - Epoch 38/200 | Train Loss: 0.015407 | Val Loss: 0.012022 LR: 0.00006111
Trial 4 - Epoch 39/200 | Train Loss: 0.015350 | Val Loss: 0.012023 LR: 0.00006111
Validation loss did not improve. Patience counter: 1/10
Trial 4 - Epoch 40/200 | Train Loss: 0.015296 | Val Loss: 0.012243 LR: 0.00006111
Validation loss did not improve. Patience counter: 2/10
Trial 4 - Epoch 41/200 | Train Loss: 0.015309 | Val Loss: 0.012142 LR: 0.00006111
Validation loss did not improve. Patience counter: 3/10
Trial 4 - Epoch 42/200 | Train Loss: 0.015282 | Val Loss: 0.012194 LR: 0.00006111
Validation loss did not improve. Patience counter: 4/10
Trial 4 - Epoch 43/200 | Train Loss: 0.015274 | Val Loss: 0.012137 LR: 0.00002444
Validation loss did not improve. Patience counter: 5/10
Trial 4 - Epoch 44/200 | Train Loss: 0.015356 | Val Loss: 0.011917 LR: 0.00002444
Trial 4 - Epoch 45/200 | Train Loss: 0.015236 | Val Loss: 0.011925 LR: 0.00002444
Validation loss did not improve. Patience counter: 1/10
Trial 4 - Epoch 46/200 | Train Loss: 0.015197 | Val Loss: 0.011944 LR: 0.00002444
Validation loss did not improve. Patience counter: 2/10
Trial 4 - Epoch 47/200 | Train Loss: 0.015169 | Val Loss: 0.011960 LR: 0.00002444
Validation loss did not improve. Patience counter: 3/10
Trial 4 - Epoch 48/200 | Train Loss: 0.015146 | Val Loss: 0.011988 LR: 0.00002444
Validation loss did not improve. Patience counter: 4/10
Trial 4 - Epoch 49/200 | Train Loss: 0.015125 | Val Loss: 0.011999 LR: 0.00000978
Validation loss did not improve. Patience counter: 5/10
Trial 4 - Epoch 50/200 | Train Loss: 0.015320 | Val Loss: 0.011991 LR: 0.00000978
Validation loss did not improve. Patience counter: 6/10
Trial 4 - Epoch 51/200 | Train Loss: 0.015255 | Val Loss: 0.012010 LR: 0.00000978
Validation loss did not improve. Patience counter: 7/10
Trial 4 - Epoch 52/200 | Train Loss: 0.015236 | Val Loss: 0.012025 LR: 0.00000978
Validation loss did not improve. Patience counter: 8/10
Trial 4 - Epoch 53/200 | Train Loss: 0.015222 | Val Loss: 0.012044 LR: 0.00000978
Validation loss did not improve. Patience counter: 9/10
Trial 4 - Epoch 54/200 | Train Loss: 0.015208 | Val Loss: 0.012057 LR: 0.00000391
Validation loss did not improve. Patience counter: 10/10
Trial 4 early stopping triggered at epoch 54.
BasicGNN(
  (convs): ModuleList(
    (0): GCNConv(504, 64)
    (1-3): 3 x GCNConv(64, 64)
  )
  (head): Linear(in_features=64, out_features=24, bias=True)
)
Creating DataLoaders...
  Using ReduceLROnPlateau: factor=0.2, patience=8, min_lr=1.34632403046519e-08
Trial 5 - Epoch 1/200 | Train Loss: 0.065725 | Val Loss: 0.040548 LR: 0.00001005
Trial 5 - Epoch 2/200 | Train Loss: 0.035956 | Val Loss: 0.022155 LR: 0.00001005
Trial 5 - Epoch 3/200 | Train Loss: 0.022859 | Val Loss: 0.017637 LR: 0.00001005
Trial 5 - Epoch 4/200 | Train Loss: 0.020036 | Val Loss: 0.016861 LR: 0.00001005
Trial 5 - Epoch 5/200 | Train Loss: 0.019371 | Val Loss: 0.016547 LR: 0.00001005
Trial 5 - Epoch 6/200 | Train Loss: 0.019009 | Val Loss: 0.016302 LR: 0.00001005
Trial 5 - Epoch 7/200 | Train Loss: 0.018715 | Val Loss: 0.016091 LR: 0.00001005
Trial 5 - Epoch 8/200 | Train Loss: 0.018449 | Val Loss: 0.015883 LR: 0.00001005
Trial 5 - Epoch 9/200 | Train Loss: 0.018193 | Val Loss: 0.015709 LR: 0.00001005
Trial 5 - Epoch 10/200 | Train Loss: 0.017982 | Val Loss: 0.015557 LR: 0.00001005
Trial 5 - Epoch 11/200 | Train Loss: 0.017796 | Val Loss: 0.015417 LR: 0.00001005
Trial 5 - Epoch 12/200 | Train Loss: 0.017631 | Val Loss: 0.015293 LR: 0.00001005
Trial 5 - Epoch 13/200 | Train Loss: 0.017485 | Val Loss: 0.015182 LR: 0.00001005
Trial 5 - Epoch 14/200 | Train Loss: 0.017353 | Val Loss: 0.015080 LR: 0.00001005
Trial 5 - Epoch 15/200 | Train Loss: 0.017230 | Val Loss: 0.014984 LR: 0.00001005
Trial 5 - Epoch 16/200 | Train Loss: 0.017120 | Val Loss: 0.014897 LR: 0.00001005
Trial 5 - Epoch 17/200 | Train Loss: 0.017028 | Val Loss: 0.014822 LR: 0.00001005
Trial 5 - Epoch 18/200 | Train Loss: 0.016951 | Val Loss: 0.014758 LR: 0.00001005
Trial 5 - Epoch 19/200 | Train Loss: 0.016882 | Val Loss: 0.014701 LR: 0.00001005
Trial 5 - Epoch 20/200 | Train Loss: 0.016821 | Val Loss: 0.014648 LR: 0.00001005
Trial 5 - Epoch 21/200 | Train Loss: 0.016769 | Val Loss: 0.014598 LR: 0.00001005
Trial 5 - Epoch 22/200 | Train Loss: 0.016722 | Val Loss: 0.014552 LR: 0.00001005
Trial 5 - Epoch 23/200 | Train Loss: 0.016681 | Val Loss: 0.014508 LR: 0.00001005
Trial 5 - Epoch 24/200 | Train Loss: 0.016644 | Val Loss: 0.014467 LR: 0.00001005
Trial 5 - Epoch 25/200 | Train Loss: 0.016609 | Val Loss: 0.014427 LR: 0.00001005
Trial 5 - Epoch 26/200 | Train Loss: 0.016576 | Val Loss: 0.014389 LR: 0.00001005
Trial 5 - Epoch 27/200 | Train Loss: 0.016544 | Val Loss: 0.014351 LR: 0.00001005
Trial 5 - Epoch 28/200 | Train Loss: 0.016514 | Val Loss: 0.014316 LR: 0.00001005
Trial 5 - Epoch 29/200 | Train Loss: 0.016487 | Val Loss: 0.014278 LR: 0.00001005
Trial 5 - Epoch 30/200 | Train Loss: 0.016460 | Val Loss: 0.014250 LR: 0.00001005
Trial 5 - Epoch 31/200 | Train Loss: 0.016434 | Val Loss: 0.014216 LR: 0.00001005
Trial 5 - Epoch 32/200 | Train Loss: 0.016408 | Val Loss: 0.014183 LR: 0.00001005
Trial 5 - Epoch 33/200 | Train Loss: 0.016383 | Val Loss: 0.014149 LR: 0.00001005
Trial 5 - Epoch 34/200 | Train Loss: 0.016360 | Val Loss: 0.014116 LR: 0.00001005
Trial 5 - Epoch 35/200 | Train Loss: 0.016338 | Val Loss: 0.014081 LR: 0.00001005
Trial 5 - Epoch 36/200 | Train Loss: 0.016315 | Val Loss: 0.014044 LR: 0.00001005
Trial 5 - Epoch 37/200 | Train Loss: 0.016295 | Val Loss: 0.014014 LR: 0.00001005
Trial 5 - Epoch 38/200 | Train Loss: 0.016274 | Val Loss: 0.013982 LR: 0.00001005
Trial 5 - Epoch 39/200 | Train Loss: 0.016254 | Val Loss: 0.013954 LR: 0.00001005
Trial 5 - Epoch 40/200 | Train Loss: 0.016235 | Val Loss: 0.013926 LR: 0.00001005
Trial 5 - Epoch 41/200 | Train Loss: 0.016217 | Val Loss: 0.013896 LR: 0.00001005
Trial 5 - Epoch 42/200 | Train Loss: 0.016198 | Val Loss: 0.013868 LR: 0.00001005
Trial 5 - Epoch 43/200 | Train Loss: 0.016179 | Val Loss: 0.013841 LR: 0.00001005
Trial 5 - Epoch 44/200 | Train Loss: 0.016160 | Val Loss: 0.013815 LR: 0.00001005
Trial 5 - Epoch 45/200 | Train Loss: 0.016142 | Val Loss: 0.013792 LR: 0.00001005
Trial 5 - Epoch 46/200 | Train Loss: 0.016124 | Val Loss: 0.013769 LR: 0.00001005
Trial 5 - Epoch 47/200 | Train Loss: 0.016107 | Val Loss: 0.013744 LR: 0.00001005
Trial 5 - Epoch 48/200 | Train Loss: 0.016089 | Val Loss: 0.013720 LR: 0.00001005
Trial 5 - Epoch 49/200 | Train Loss: 0.016072 | Val Loss: 0.013698 LR: 0.00001005
Trial 5 - Epoch 50/200 | Train Loss: 0.016055 | Val Loss: 0.013675 LR: 0.00001005
Trial 5 - Epoch 51/200 | Train Loss: 0.016038 | Val Loss: 0.013651 LR: 0.00001005
Trial 5 - Epoch 52/200 | Train Loss: 0.016022 | Val Loss: 0.013627 LR: 0.00001005
Trial 5 - Epoch 53/200 | Train Loss: 0.016006 | Val Loss: 0.013605 LR: 0.00001005
Trial 5 - Epoch 54/200 | Train Loss: 0.015990 | Val Loss: 0.013585 LR: 0.00001005
Trial 5 - Epoch 55/200 | Train Loss: 0.015975 | Val Loss: 0.013566 LR: 0.00001005
Trial 5 - Epoch 56/200 | Train Loss: 0.015960 | Val Loss: 0.013547 LR: 0.00001005
Trial 5 - Epoch 57/200 | Train Loss: 0.015945 | Val Loss: 0.013527 LR: 0.00001005
Trial 5 - Epoch 58/200 | Train Loss: 0.015930 | Val Loss: 0.013509 LR: 0.00001005
Trial 5 - Epoch 59/200 | Train Loss: 0.015916 | Val Loss: 0.013490 LR: 0.00001005
Trial 5 - Epoch 60/200 | Train Loss: 0.015901 | Val Loss: 0.013473 LR: 0.00001005
Trial 5 - Epoch 61/200 | Train Loss: 0.015887 | Val Loss: 0.013454 LR: 0.00001005
Trial 5 - Epoch 62/200 | Train Loss: 0.015873 | Val Loss: 0.013437 LR: 0.00001005
Trial 5 - Epoch 63/200 | Train Loss: 0.015859 | Val Loss: 0.013420 LR: 0.00001005
Trial 5 - Epoch 64/200 | Train Loss: 0.015845 | Val Loss: 0.013401 LR: 0.00001005
Trial 5 - Epoch 65/200 | Train Loss: 0.015831 | Val Loss: 0.013385 LR: 0.00001005
Trial 5 - Epoch 66/200 | Train Loss: 0.015818 | Val Loss: 0.013368 LR: 0.00001005
Trial 5 - Epoch 67/200 | Train Loss: 0.015805 | Val Loss: 0.013352 LR: 0.00001005
Trial 5 - Epoch 68/200 | Train Loss: 0.015792 | Val Loss: 0.013337 LR: 0.00001005
Trial 5 - Epoch 69/200 | Train Loss: 0.015779 | Val Loss: 0.013323 LR: 0.00001005
Trial 5 - Epoch 70/200 | Train Loss: 0.015766 | Val Loss: 0.013310 LR: 0.00001005
Trial 5 - Epoch 71/200 | Train Loss: 0.015754 | Val Loss: 0.013297 LR: 0.00001005
Trial 5 - Epoch 72/200 | Train Loss: 0.015742 | Val Loss: 0.013282 LR: 0.00001005
Trial 5 - Epoch 73/200 | Train Loss: 0.015730 | Val Loss: 0.013269 LR: 0.00001005
Trial 5 - Epoch 74/200 | Train Loss: 0.015718 | Val Loss: 0.013257 LR: 0.00001005
Trial 5 - Epoch 75/200 | Train Loss: 0.015706 | Val Loss: 0.013245 LR: 0.00001005
Trial 5 - Epoch 76/200 | Train Loss: 0.015695 | Val Loss: 0.013234 LR: 0.00001005
Trial 5 - Epoch 77/200 | Train Loss: 0.015684 | Val Loss: 0.013222 LR: 0.00001005
Trial 5 - Epoch 78/200 | Train Loss: 0.015673 | Val Loss: 0.013213 LR: 0.00001005
Trial 5 - Epoch 79/200 | Train Loss: 0.015662 | Val Loss: 0.013203 LR: 0.00001005
Trial 5 - Epoch 80/200 | Train Loss: 0.015651 | Val Loss: 0.013193 LR: 0.00001005
Trial 5 - Epoch 81/200 | Train Loss: 0.015640 | Val Loss: 0.013181 LR: 0.00001005
Trial 5 - Epoch 82/200 | Train Loss: 0.015629 | Val Loss: 0.013171 LR: 0.00001005
Trial 5 - Epoch 83/200 | Train Loss: 0.015619 | Val Loss: 0.013160 LR: 0.00001005
Trial 5 - Epoch 84/200 | Train Loss: 0.015608 | Val Loss: 0.013150 LR: 0.00001005
Trial 5 - Epoch 85/200 | Train Loss: 0.015598 | Val Loss: 0.013140 LR: 0.00001005
Trial 5 - Epoch 86/200 | Train Loss: 0.015587 | Val Loss: 0.013130 LR: 0.00001005
Trial 5 - Epoch 87/200 | Train Loss: 0.015577 | Val Loss: 0.013120 LR: 0.00001005
Trial 5 - Epoch 88/200 | Train Loss: 0.015567 | Val Loss: 0.013111 LR: 0.00001005
Trial 5 - Epoch 89/200 | Train Loss: 0.015557 | Val Loss: 0.013102 LR: 0.00001005
Trial 5 - Epoch 90/200 | Train Loss: 0.015546 | Val Loss: 0.013093 LR: 0.00001005
Trial 5 - Epoch 91/200 | Train Loss: 0.015536 | Val Loss: 0.013085 LR: 0.00001005
Trial 5 - Epoch 92/200 | Train Loss: 0.015526 | Val Loss: 0.013077 LR: 0.00001005
Trial 5 - Epoch 93/200 | Train Loss: 0.015516 | Val Loss: 0.013070 LR: 0.00001005
Trial 5 - Epoch 94/200 | Train Loss: 0.015506 | Val Loss: 0.013064 LR: 0.00001005
Trial 5 - Epoch 95/200 | Train Loss: 0.015497 | Val Loss: 0.013058 LR: 0.00001005
Trial 5 - Epoch 96/200 | Train Loss: 0.015487 | Val Loss: 0.013050 LR: 0.00001005
Trial 5 - Epoch 97/200 | Train Loss: 0.015478 | Val Loss: 0.013044 LR: 0.00001005
Trial 5 - Epoch 98/200 | Train Loss: 0.015469 | Val Loss: 0.013036 LR: 0.00001005
Trial 5 - Epoch 99/200 | Train Loss: 0.015459 | Val Loss: 0.013030 LR: 0.00001005
Trial 5 - Epoch 100/200 | Train Loss: 0.015450 | Val Loss: 0.013024 LR: 0.00001005
Trial 5 - Epoch 101/200 | Train Loss: 0.015441 | Val Loss: 0.013018 LR: 0.00001005
Trial 5 - Epoch 102/200 | Train Loss: 0.015431 | Val Loss: 0.013012 LR: 0.00001005
Trial 5 - Epoch 103/200 | Train Loss: 0.015422 | Val Loss: 0.013005 LR: 0.00001005
Trial 5 - Epoch 104/200 | Train Loss: 0.015413 | Val Loss: 0.013000 LR: 0.00001005
Trial 5 - Epoch 105/200 | Train Loss: 0.015404 | Val Loss: 0.012993 LR: 0.00001005
Trial 5 - Epoch 106/200 | Train Loss: 0.015395 | Val Loss: 0.012988 LR: 0.00001005
Trial 5 - Epoch 107/200 | Train Loss: 0.015385 | Val Loss: 0.012983 LR: 0.00001005
Trial 5 - Epoch 108/200 | Train Loss: 0.015376 | Val Loss: 0.012978 LR: 0.00001005
Trial 5 - Epoch 109/200 | Train Loss: 0.015367 | Val Loss: 0.012972 LR: 0.00001005
Trial 5 - Epoch 110/200 | Train Loss: 0.015359 | Val Loss: 0.012966 LR: 0.00001005
Trial 5 - Epoch 111/200 | Train Loss: 0.015351 | Val Loss: 0.012962 LR: 0.00001005
Trial 5 - Epoch 112/200 | Train Loss: 0.015342 | Val Loss: 0.012957 LR: 0.00001005
Trial 5 - Epoch 113/200 | Train Loss: 0.015334 | Val Loss: 0.012952 LR: 0.00001005
Trial 5 - Epoch 114/200 | Train Loss: 0.015325 | Val Loss: 0.012948 LR: 0.00001005
Trial 5 - Epoch 115/200 | Train Loss: 0.015317 | Val Loss: 0.012944 LR: 0.00001005
Trial 5 - Epoch 116/200 | Train Loss: 0.015309 | Val Loss: 0.012939 LR: 0.00001005
Trial 5 - Epoch 117/200 | Train Loss: 0.015301 | Val Loss: 0.012936 LR: 0.00001005
Trial 5 - Epoch 118/200 | Train Loss: 0.015293 | Val Loss: 0.012932 LR: 0.00001005
Trial 5 - Epoch 119/200 | Train Loss: 0.015285 | Val Loss: 0.012928 LR: 0.00001005
Trial 5 - Epoch 120/200 | Train Loss: 0.015277 | Val Loss: 0.012925 LR: 0.00001005
Trial 5 - Epoch 121/200 | Train Loss: 0.015270 | Val Loss: 0.012923 LR: 0.00001005
Trial 5 - Epoch 122/200 | Train Loss: 0.015262 | Val Loss: 0.012921 LR: 0.00001005
Trial 5 - Epoch 123/200 | Train Loss: 0.015254 | Val Loss: 0.012919 LR: 0.00001005
Trial 5 - Epoch 124/200 | Train Loss: 0.015247 | Val Loss: 0.012918 LR: 0.00001005
Trial 5 - Epoch 125/200 | Train Loss: 0.015239 | Val Loss: 0.012917 LR: 0.00001005
Trial 5 - Epoch 126/200 | Train Loss: 0.015231 | Val Loss: 0.012916 LR: 0.00001005
Trial 5 - Epoch 127/200 | Train Loss: 0.015224 | Val Loss: 0.012916 LR: 0.00001005
Validation loss did not improve. Patience counter: 1/10
Trial 5 - Epoch 128/200 | Train Loss: 0.015217 | Val Loss: 0.012915 LR: 0.00001005
Trial 5 - Epoch 129/200 | Train Loss: 0.015209 | Val Loss: 0.012914 LR: 0.00001005
Trial 5 - Epoch 130/200 | Train Loss: 0.015202 | Val Loss: 0.012913 LR: 0.00001005
Trial 5 - Epoch 131/200 | Train Loss: 0.015194 | Val Loss: 0.012913 LR: 0.00001005
Validation loss did not improve. Patience counter: 1/10
Trial 5 - Epoch 132/200 | Train Loss: 0.015187 | Val Loss: 0.012912 LR: 0.00001005
Trial 5 - Epoch 133/200 | Train Loss: 0.015179 | Val Loss: 0.012912 LR: 0.00001005
Validation loss did not improve. Patience counter: 1/10
Trial 5 - Epoch 134/200 | Train Loss: 0.015172 | Val Loss: 0.012911 LR: 0.00001005
Trial 5 - Epoch 135/200 | Train Loss: 0.015165 | Val Loss: 0.012911 LR: 0.00001005
Validation loss did not improve. Patience counter: 1/10
Trial 5 - Epoch 136/200 | Train Loss: 0.015157 | Val Loss: 0.012911 LR: 0.00001005
Trial 5 - Epoch 137/200 | Train Loss: 0.015150 | Val Loss: 0.012913 LR: 0.00001005
Validation loss did not improve. Patience counter: 1/10
Trial 5 - Epoch 138/200 | Train Loss: 0.015143 | Val Loss: 0.012914 LR: 0.00001005
Validation loss did not improve. Patience counter: 2/10
Trial 5 - Epoch 139/200 | Train Loss: 0.015136 | Val Loss: 0.012915 LR: 0.00001005
Validation loss did not improve. Patience counter: 3/10
Trial 5 - Epoch 140/200 | Train Loss: 0.015129 | Val Loss: 0.012916 LR: 0.00001005
Validation loss did not improve. Patience counter: 4/10
Trial 5 - Epoch 141/200 | Train Loss: 0.015122 | Val Loss: 0.012918 LR: 0.00001005
Validation loss did not improve. Patience counter: 5/10
Trial 5 - Epoch 142/200 | Train Loss: 0.015115 | Val Loss: 0.012920 LR: 0.00001005
Validation loss did not improve. Patience counter: 6/10
Trial 5 - Epoch 143/200 | Train Loss: 0.015108 | Val Loss: 0.012920 LR: 0.00000201
Validation loss did not improve. Patience counter: 7/10
Trial 5 - Epoch 144/200 | Train Loss: 0.015262 | Val Loss: 0.012933 LR: 0.00000201
Validation loss did not improve. Patience counter: 8/10
Trial 5 - Epoch 145/200 | Train Loss: 0.015211 | Val Loss: 0.012961 LR: 0.00000201
Validation loss did not improve. Patience counter: 9/10
Trial 5 - Epoch 146/200 | Train Loss: 0.015195 | Val Loss: 0.012978 LR: 0.00000201
Validation loss did not improve. Patience counter: 10/10
Trial 5 early stopping triggered at epoch 146.
BasicGNN(
  (convs): ModuleList(
    (0): GCNConv(504, 32)
    (1-2): 2 x GCNConv(32, 32)
  )
  (head): Linear(in_features=32, out_features=24, bias=True)
)
Creating DataLoaders...
  Using ReduceLROnPlateau: factor=0.7, patience=6, min_lr=4.340391834083325e-08
Trial 6 - Epoch 1/200 | Train Loss: 0.047264 | Val Loss: 0.018952 LR: 0.00003902
Trial 6 - Epoch 2/200 | Train Loss: 0.019224 | Val Loss: 0.016393 LR: 0.00003902
Trial 6 - Epoch 3/200 | Train Loss: 0.018047 | Val Loss: 0.016247 LR: 0.00003902
Trial 6 - Epoch 4/200 | Train Loss: 0.017612 | Val Loss: 0.015989 LR: 0.00003902
Trial 6 - Epoch 5/200 | Train Loss: 0.017314 | Val Loss: 0.015801 LR: 0.00003902
Trial 6 - Epoch 6/200 | Train Loss: 0.017096 | Val Loss: 0.015657 LR: 0.00003902
Trial 6 - Epoch 7/200 | Train Loss: 0.016923 | Val Loss: 0.015554 LR: 0.00003902
Trial 6 - Epoch 8/200 | Train Loss: 0.016777 | Val Loss: 0.015434 LR: 0.00003902
Trial 6 - Epoch 9/200 | Train Loss: 0.016659 | Val Loss: 0.015319 LR: 0.00003902
Trial 6 - Epoch 10/200 | Train Loss: 0.016557 | Val Loss: 0.015170 LR: 0.00003902
Trial 6 pruned at epoch 10.
BasicGNN(
  (convs): ModuleList(
    (0): GCNConv(504, 96)
    (1): GCNConv(96, 96)
  )
  (head): Linear(in_features=96, out_features=24, bias=True)
)
Creating DataLoaders...
  Using ReduceLROnPlateau: factor=0.7, patience=3, min_lr=2.6759373687224846e-07
Trial 7 - Epoch 1/200 | Train Loss: 0.021563 | Val Loss: 0.029073 LR: 0.00077801
Trial 7 - Epoch 2/200 | Train Loss: 0.018272 | Val Loss: 0.020464 LR: 0.00077801
Trial 7 pruned at epoch 2.
BasicGNN(
  (convs): ModuleList(
    (0): GCNConv(504, 112)
    (1-2): 2 x GCNConv(112, 112)
  )
  (head): Linear(in_features=112, out_features=24, bias=True)
)
Creating DataLoaders...
  Using ReduceLROnPlateau: factor=0.6, patience=5, min_lr=3.517651580370308e-08
Trial 8 - Epoch 1/200 | Train Loss: 0.033801 | Val Loss: 0.016968 LR: 0.00003305
Trial 8 - Epoch 2/200 | Train Loss: 0.019321 | Val Loss: 0.015990 LR: 0.00003305
Trial 8 - Epoch 3/200 | Train Loss: 0.018392 | Val Loss: 0.015419 LR: 0.00003305
Trial 8 - Epoch 4/200 | Train Loss: 0.017770 | Val Loss: 0.015056 LR: 0.00003305
Trial 8 - Epoch 5/200 | Train Loss: 0.017345 | Val Loss: 0.014824 LR: 0.00003305
Trial 8 - Epoch 6/200 | Train Loss: 0.017055 | Val Loss: 0.014670 LR: 0.00003305
Trial 8 - Epoch 7/200 | Train Loss: 0.016849 | Val Loss: 0.014551 LR: 0.00003305
Trial 8 - Epoch 8/200 | Train Loss: 0.016696 | Val Loss: 0.014448 LR: 0.00003305
Trial 8 - Epoch 9/200 | Train Loss: 0.016576 | Val Loss: 0.014350 LR: 0.00003305
Trial 8 - Epoch 10/200 | Train Loss: 0.016477 | Val Loss: 0.014261 LR: 0.00003305
Trial 8 - Epoch 11/200 | Train Loss: 0.016393 | Val Loss: 0.014189 LR: 0.00003305
Trial 8 - Epoch 12/200 | Train Loss: 0.016319 | Val Loss: 0.014118 LR: 0.00003305
Trial 8 - Epoch 13/200 | Train Loss: 0.016253 | Val Loss: 0.014053 LR: 0.00003305
Trial 8 - Epoch 14/200 | Train Loss: 0.016193 | Val Loss: 0.013992 LR: 0.00003305
Trial 8 - Epoch 15/200 | Train Loss: 0.016142 | Val Loss: 0.013927 LR: 0.00003305
Trial 8 - Epoch 16/200 | Train Loss: 0.016085 | Val Loss: 0.013879 LR: 0.00003305
Trial 8 - Epoch 17/200 | Train Loss: 0.016036 | Val Loss: 0.013829 LR: 0.00003305
Trial 8 - Epoch 18/200 | Train Loss: 0.015989 | Val Loss: 0.013777 LR: 0.00003305
Trial 8 - Epoch 19/200 | Train Loss: 0.015945 | Val Loss: 0.013732 LR: 0.00003305
Trial 8 - Epoch 20/200 | Train Loss: 0.015903 | Val Loss: 0.013686 LR: 0.00003305
Trial 8 - Epoch 21/200 | Train Loss: 0.015864 | Val Loss: 0.013651 LR: 0.00003305
Trial 8 - Epoch 22/200 | Train Loss: 0.015825 | Val Loss: 0.013619 LR: 0.00003305
Trial 8 - Epoch 23/200 | Train Loss: 0.015788 | Val Loss: 0.013577 LR: 0.00003305
Trial 8 - Epoch 24/200 | Train Loss: 0.015752 | Val Loss: 0.013542 LR: 0.00003305
Trial 8 - Epoch 25/200 | Train Loss: 0.015716 | Val Loss: 0.013516 LR: 0.00003305
Trial 8 - Epoch 26/200 | Train Loss: 0.015682 | Val Loss: 0.013487 LR: 0.00003305
Trial 8 - Epoch 27/200 | Train Loss: 0.015649 | Val Loss: 0.013463 LR: 0.00003305
Trial 8 - Epoch 28/200 | Train Loss: 0.015615 | Val Loss: 0.013435 LR: 0.00003305
Trial 8 - Epoch 29/200 | Train Loss: 0.015584 | Val Loss: 0.013413 LR: 0.00003305
Trial 8 - Epoch 30/200 | Train Loss: 0.015553 | Val Loss: 0.013396 LR: 0.00003305
Trial 8 - Epoch 31/200 | Train Loss: 0.015523 | Val Loss: 0.013380 LR: 0.00003305
Trial 8 - Epoch 32/200 | Train Loss: 0.015491 | Val Loss: 0.013367 LR: 0.00003305
Trial 8 - Epoch 33/200 | Train Loss: 0.015461 | Val Loss: 0.013354 LR: 0.00003305
Trial 8 - Epoch 34/200 | Train Loss: 0.015430 | Val Loss: 0.013350 LR: 0.00003305
Trial 8 - Epoch 35/200 | Train Loss: 0.015401 | Val Loss: 0.013347 LR: 0.00003305
Trial 8 - Epoch 36/200 | Train Loss: 0.015372 | Val Loss: 0.013331 LR: 0.00003305
Trial 8 - Epoch 37/200 | Train Loss: 0.015343 | Val Loss: 0.013320 LR: 0.00003305
Trial 8 - Epoch 38/200 | Train Loss: 0.015315 | Val Loss: 0.013307 LR: 0.00003305
Trial 8 - Epoch 39/200 | Train Loss: 0.015289 | Val Loss: 0.013290 LR: 0.00003305
Trial 8 - Epoch 40/200 | Train Loss: 0.015262 | Val Loss: 0.013273 LR: 0.00003305
Trial 8 - Epoch 41/200 | Train Loss: 0.015236 | Val Loss: 0.013261 LR: 0.00003305
Trial 8 - Epoch 42/200 | Train Loss: 0.015211 | Val Loss: 0.013246 LR: 0.00003305
Trial 8 - Epoch 43/200 | Train Loss: 0.015185 | Val Loss: 0.013250 LR: 0.00003305
Validation loss did not improve. Patience counter: 1/10
Trial 8 - Epoch 44/200 | Train Loss: 0.015160 | Val Loss: 0.013241 LR: 0.00003305
Trial 8 - Epoch 45/200 | Train Loss: 0.015135 | Val Loss: 0.013235 LR: 0.00003305
Trial 8 - Epoch 46/200 | Train Loss: 0.015111 | Val Loss: 0.013236 LR: 0.00003305
Validation loss did not improve. Patience counter: 1/10
Trial 8 - Epoch 47/200 | Train Loss: 0.015090 | Val Loss: 0.013235 LR: 0.00003305
Validation loss did not improve. Patience counter: 2/10
Trial 8 - Epoch 48/200 | Train Loss: 0.015069 | Val Loss: 0.013231 LR: 0.00003305
Trial 8 - Epoch 49/200 | Train Loss: 0.015049 | Val Loss: 0.013241 LR: 0.00003305
Validation loss did not improve. Patience counter: 1/10
Trial 8 - Epoch 50/200 | Train Loss: 0.015028 | Val Loss: 0.013245 LR: 0.00003305
Validation loss did not improve. Patience counter: 2/10
Trial 8 - Epoch 51/200 | Train Loss: 0.015009 | Val Loss: 0.013248 LR: 0.00003305
Validation loss did not improve. Patience counter: 3/10
Trial 8 - Epoch 52/200 | Train Loss: 0.014990 | Val Loss: 0.013247 LR: 0.00003305
Validation loss did not improve. Patience counter: 4/10
Trial 8 - Epoch 53/200 | Train Loss: 0.014970 | Val Loss: 0.013251 LR: 0.00003305
Validation loss did not improve. Patience counter: 5/10
Trial 8 - Epoch 54/200 | Train Loss: 0.014952 | Val Loss: 0.013257 LR: 0.00001983
Validation loss did not improve. Patience counter: 6/10
Trial 8 - Epoch 55/200 | Train Loss: 0.014880 | Val Loss: 0.013173 LR: 0.00001983
Trial 8 - Epoch 56/200 | Train Loss: 0.014819 | Val Loss: 0.013213 LR: 0.00001983
Validation loss did not improve. Patience counter: 1/10
Trial 8 - Epoch 57/200 | Train Loss: 0.014800 | Val Loss: 0.013241 LR: 0.00001983
Validation loss did not improve. Patience counter: 2/10
Trial 8 - Epoch 58/200 | Train Loss: 0.014785 | Val Loss: 0.013258 LR: 0.00001983
Validation loss did not improve. Patience counter: 3/10
Trial 8 - Epoch 59/200 | Train Loss: 0.014771 | Val Loss: 0.013272 LR: 0.00001983
Validation loss did not improve. Patience counter: 4/10
Trial 8 - Epoch 60/200 | Train Loss: 0.014757 | Val Loss: 0.013288 LR: 0.00001983
Validation loss did not improve. Patience counter: 5/10
Trial 8 - Epoch 61/200 | Train Loss: 0.014744 | Val Loss: 0.013298 LR: 0.00001190
Validation loss did not improve. Patience counter: 6/10
Trial 8 - Epoch 62/200 | Train Loss: 0.014740 | Val Loss: 0.013415 LR: 0.00001190
Validation loss did not improve. Patience counter: 7/10
Trial 8 - Epoch 63/200 | Train Loss: 0.014716 | Val Loss: 0.013426 LR: 0.00001190
Validation loss did not improve. Patience counter: 8/10
Trial 8 - Epoch 64/200 | Train Loss: 0.014705 | Val Loss: 0.013429 LR: 0.00001190
Validation loss did not improve. Patience counter: 9/10
Trial 8 - Epoch 65/200 | Train Loss: 0.014695 | Val Loss: 0.013434 LR: 0.00001190
Validation loss did not improve. Patience counter: 10/10
Trial 8 early stopping triggered at epoch 65.
BasicGNN(
  (convs): ModuleList(
    (0): GCNConv(504, 80)
    (1-3): 3 x GCNConv(80, 80)
  )
  (head): Linear(in_features=80, out_features=24, bias=True)
)
Creating DataLoaders...
  Using ReduceLROnPlateau: factor=0.4, patience=9, min_lr=2.8104711955779358e-08
Trial 9 - Epoch 1/200 | Train Loss: 0.041032 | Val Loss: 0.017569 LR: 0.00002444
Trial 9 - Epoch 2/200 | Train Loss: 0.020210 | Val Loss: 0.016482 LR: 0.00002444
Trial 9 pruned at epoch 2.
BasicGNN(
  (convs): ModuleList(
    (0): GCNConv(504, 16)
  )
  (head): Linear(in_features=16, out_features=24, bias=True)
)
Creating DataLoaders...
  Using ReduceLROnPlateau: factor=0.1, patience=7, min_lr=8.112570404586154e-07
Trial 10 - Epoch 1/200 | Train Loss: 0.067310 | Val Loss: 0.030794 LR: 0.00020423
Trial 10 - Epoch 2/200 | Train Loss: 0.025289 | Val Loss: 0.017958 LR: 0.00020423
Trial 10 pruned at epoch 2.
BasicGNN(
  (convs): ModuleList(
    (0): GCNConv(504, 48)
    (1): GCNConv(48, 48)
  )
  (head): Linear(in_features=48, out_features=24, bias=True)
)
Creating DataLoaders...
  Using ReduceLROnPlateau: factor=0.30000000000000004, patience=6, min_lr=1.6205685592721942e-07
Trial 11 - Epoch 1/200 | Train Loss: 0.020292 | Val Loss: 0.021762 LR: 0.00017648
Trial 11 - Epoch 2/200 | Train Loss: 0.018009 | Val Loss: 0.019627 LR: 0.00017648
Trial 11 pruned at epoch 2.
BasicGNN(
  (convs): ModuleList(
    (0): GCNConv(504, 48)
    (1-2): 2 x GCNConv(48, 48)
  )
  (head): Linear(in_features=48, out_features=24, bias=True)
)
Creating DataLoaders...
  Using ReduceLROnPlateau: factor=0.30000000000000004, patience=3, min_lr=1.0306961000872129e-07
Trial 12 - Epoch 1/200 | Train Loss: 0.021532 | Val Loss: 0.030734 LR: 0.00031958
Trial 12 - Epoch 2/200 | Train Loss: 0.018280 | Val Loss: 0.025354 LR: 0.00031958
Trial 12 pruned at epoch 2.
BasicGNN(
  (convs): ModuleList(
    (0): GCNConv(504, 128)
    (1): GCNConv(128, 128)
  )
  (head): Linear(in_features=128, out_features=24, bias=True)
)
Creating DataLoaders...
  Using ReduceLROnPlateau: factor=0.30000000000000004, patience=5, min_lr=1.161124416754502e-08
Trial 13 - Epoch 1/200 | Train Loss: 0.021433 | Val Loss: 0.023741 LR: 0.00008995
Trial 13 - Epoch 2/200 | Train Loss: 0.018582 | Val Loss: 0.021666 LR: 0.00008995
Trial 13 pruned at epoch 2.
BasicGNN(
  (convs): ModuleList(
    (0): GCNConv(504, 16)
    (1-2): 2 x GCNConv(16, 16)
  )
  (head): Linear(in_features=16, out_features=24, bias=True)
)
Creating DataLoaders...
  Using ReduceLROnPlateau: factor=0.5, patience=7, min_lr=1.4840806786147168e-07
Trial 14 - Epoch 1/200 | Train Loss: 0.027110 | Val Loss: 0.016326 LR: 0.00081478
Trial 14 - Epoch 2/200 | Train Loss: 0.019076 | Val Loss: 0.014765 LR: 0.00081478
Trial 14 - Epoch 3/200 | Train Loss: 0.018399 | Val Loss: 0.014288 LR: 0.00081478
Trial 14 - Epoch 4/200 | Train Loss: 0.017815 | Val Loss: 0.013758 LR: 0.00081478
Trial 14 - Epoch 5/200 | Train Loss: 0.017409 | Val Loss: 0.013928 LR: 0.00081478
Validation loss did not improve. Patience counter: 1/10
Trial 14 - Epoch 6/200 | Train Loss: 0.017384 | Val Loss: 0.013344 LR: 0.00081478
Trial 14 - Epoch 7/200 | Train Loss: 0.017064 | Val Loss: 0.013076 LR: 0.00081478
Trial 14 - Epoch 8/200 | Train Loss: 0.016848 | Val Loss: 0.012870 LR: 0.00081478
Trial 14 - Epoch 9/200 | Train Loss: 0.016687 | Val Loss: 0.012700 LR: 0.00081478
Trial 14 - Epoch 10/200 | Train Loss: 0.016572 | Val Loss: 0.012546 LR: 0.00081478
Trial 14 - Epoch 11/200 | Train Loss: 0.016441 | Val Loss: 0.012564 LR: 0.00081478
Validation loss did not improve. Patience counter: 1/10
Trial 14 - Epoch 12/200 | Train Loss: 0.016411 | Val Loss: 0.012346 LR: 0.00081478
Trial 14 - Epoch 13/200 | Train Loss: 0.016343 | Val Loss: 0.012244 LR: 0.00081478
Trial 14 - Epoch 14/200 | Train Loss: 0.016266 | Val Loss: 0.012180 LR: 0.00081478
Trial 14 - Epoch 15/200 | Train Loss: 0.016215 | Val Loss: 0.012137 LR: 0.00081478
Trial 14 - Epoch 16/200 | Train Loss: 0.016179 | Val Loss: 0.012102 LR: 0.00081478
Trial 14 - Epoch 17/200 | Train Loss: 0.016159 | Val Loss: 0.012075 LR: 0.00081478
Trial 14 - Epoch 18/200 | Train Loss: 0.016151 | Val Loss: 0.012052 LR: 0.00081478
Trial 14 - Epoch 19/200 | Train Loss: 0.016120 | Val Loss: 0.012036 LR: 0.00081478
Trial 14 - Epoch 20/200 | Train Loss: 0.016232 | Val Loss: 0.012042 LR: 0.00081478
Validation loss did not improve. Patience counter: 1/10
Trial 14 - Epoch 21/200 | Train Loss: 0.016135 | Val Loss: 0.012060 LR: 0.00081478
Validation loss did not improve. Patience counter: 2/10
Trial 14 - Epoch 22/200 | Train Loss: 0.016068 | Val Loss: 0.012000 LR: 0.00081478
Trial 14 - Epoch 23/200 | Train Loss: 0.016039 | Val Loss: 0.011984 LR: 0.00081478
Trial 14 - Epoch 24/200 | Train Loss: 0.016011 | Val Loss: 0.011949 LR: 0.00081478
Trial 14 - Epoch 25/200 | Train Loss: 0.015978 | Val Loss: 0.011922 LR: 0.00081478
Trial 14 - Epoch 26/200 | Train Loss: 0.015957 | Val Loss: 0.011904 LR: 0.00081478
Trial 14 - Epoch 27/200 | Train Loss: 0.015933 | Val Loss: 0.011898 LR: 0.00081478
Trial 14 - Epoch 28/200 | Train Loss: 0.015907 | Val Loss: 0.011883 LR: 0.00081478
Trial 14 - Epoch 29/200 | Train Loss: 0.015891 | Val Loss: 0.011864 LR: 0.00081478
Trial 14 - Epoch 30/200 | Train Loss: 0.015863 | Val Loss: 0.011864 LR: 0.00081478
Validation loss did not improve. Patience counter: 1/10
Trial 14 - Epoch 31/200 | Train Loss: 0.015844 | Val Loss: 0.011845 LR: 0.00081478
Trial 14 - Epoch 32/200 | Train Loss: 0.015828 | Val Loss: 0.011857 LR: 0.00081478
Validation loss did not improve. Patience counter: 1/10
Trial 14 - Epoch 33/200 | Train Loss: 0.015812 | Val Loss: 0.011861 LR: 0.00081478
Validation loss did not improve. Patience counter: 2/10
Trial 14 - Epoch 34/200 | Train Loss: 0.015813 | Val Loss: 0.011852 LR: 0.00081478
Validation loss did not improve. Patience counter: 3/10
Trial 14 - Epoch 35/200 | Train Loss: 0.015799 | Val Loss: 0.011866 LR: 0.00081478
Validation loss did not improve. Patience counter: 4/10
Trial 14 - Epoch 36/200 | Train Loss: 0.015803 | Val Loss: 0.011808 LR: 0.00081478
Trial 14 - Epoch 37/200 | Train Loss: 0.015767 | Val Loss: 0.011811 LR: 0.00081478
Validation loss did not improve. Patience counter: 1/10
Trial 14 - Epoch 38/200 | Train Loss: 0.015753 | Val Loss: 0.011799 LR: 0.00081478
Trial 14 - Epoch 39/200 | Train Loss: 0.015740 | Val Loss: 0.011783 LR: 0.00081478
Trial 14 - Epoch 40/200 | Train Loss: 0.015727 | Val Loss: 0.011780 LR: 0.00081478
Trial 14 - Epoch 41/200 | Train Loss: 0.015708 | Val Loss: 0.011772 LR: 0.00081478
Trial 14 - Epoch 42/200 | Train Loss: 0.015698 | Val Loss: 0.011770 LR: 0.00081478
Trial 14 - Epoch 43/200 | Train Loss: 0.015674 | Val Loss: 0.011763 LR: 0.00081478
Trial 14 - Epoch 44/200 | Train Loss: 0.015694 | Val Loss: 0.011761 LR: 0.00081478
Trial 14 - Epoch 45/200 | Train Loss: 0.015686 | Val Loss: 0.011760 LR: 0.00081478
Trial 14 - Epoch 46/200 | Train Loss: 0.015662 | Val Loss: 0.011766 LR: 0.00081478
Validation loss did not improve. Patience counter: 1/10
Trial 14 - Epoch 47/200 | Train Loss: 0.015631 | Val Loss: 0.011765 LR: 0.00081478
Validation loss did not improve. Patience counter: 2/10
Trial 14 - Epoch 48/200 | Train Loss: 0.015612 | Val Loss: 0.011770 LR: 0.00081478
Validation loss did not improve. Patience counter: 3/10
Trial 14 - Epoch 49/200 | Train Loss: 0.015598 | Val Loss: 0.011773 LR: 0.00081478
Validation loss did not improve. Patience counter: 4/10
Trial 14 - Epoch 50/200 | Train Loss: 0.015575 | Val Loss: 0.011774 LR: 0.00081478
Validation loss did not improve. Patience counter: 5/10
Trial 14 - Epoch 51/200 | Train Loss: 0.015568 | Val Loss: 0.011781 LR: 0.00081478
Validation loss did not improve. Patience counter: 6/10
Trial 14 - Epoch 52/200 | Train Loss: 0.015565 | Val Loss: 0.011793 LR: 0.00040739
Validation loss did not improve. Patience counter: 7/10
Trial 14 - Epoch 53/200 | Train Loss: 0.015438 | Val Loss: 0.011763 LR: 0.00040739
Validation loss did not improve. Patience counter: 8/10
Trial 14 - Epoch 54/200 | Train Loss: 0.015361 | Val Loss: 0.011792 LR: 0.00040739
Validation loss did not improve. Patience counter: 9/10
Trial 14 - Epoch 55/200 | Train Loss: 0.015386 | Val Loss: 0.011799 LR: 0.00040739
Validation loss did not improve. Patience counter: 10/10
Trial 14 early stopping triggered at epoch 55.
BasicGNN(
  (convs): ModuleList(
    (0): GCNConv(504, 16)
    (1): GCNConv(16, 16)
  )
  (head): Linear(in_features=16, out_features=24, bias=True)
)
Creating DataLoaders...
  Using ReduceLROnPlateau: factor=0.5, patience=7, min_lr=2.2380222329759985e-08
Trial 15 - Epoch 1/200 | Train Loss: 0.045379 | Val Loss: 0.015396 LR: 0.00079127
Trial 15 - Epoch 2/200 | Train Loss: 0.018817 | Val Loss: 0.013782 LR: 0.00079127
Trial 15 - Epoch 3/200 | Train Loss: 0.018134 | Val Loss: 0.013793 LR: 0.00079127
Validation loss did not improve. Patience counter: 1/10
Trial 15 - Epoch 4/200 | Train Loss: 0.018117 | Val Loss: 0.013791 LR: 0.00079127
Validation loss did not improve. Patience counter: 2/10
Trial 15 - Epoch 5/200 | Train Loss: 0.018112 | Val Loss: 0.013789 LR: 0.00079127
Validation loss did not improve. Patience counter: 3/10
Trial 15 - Epoch 6/200 | Train Loss: 0.018108 | Val Loss: 0.013788 LR: 0.00079127
Validation loss did not improve. Patience counter: 4/10
Trial 15 - Epoch 7/200 | Train Loss: 0.018105 | Val Loss: 0.013787 LR: 0.00079127
Validation loss did not improve. Patience counter: 5/10
Trial 15 - Epoch 8/200 | Train Loss: 0.018103 | Val Loss: 0.013786 LR: 0.00079127
Validation loss did not improve. Patience counter: 6/10
Trial 15 - Epoch 9/200 | Train Loss: 0.018101 | Val Loss: 0.013786 LR: 0.00079127
Validation loss did not improve. Patience counter: 7/10
Trial 15 - Epoch 10/200 | Train Loss: 0.018100 | Val Loss: 0.013785 LR: 0.00039564
Validation loss did not improve. Patience counter: 8/10
Trial 15 - Epoch 11/200 | Train Loss: 0.018302 | Val Loss: 0.013844 LR: 0.00039564
Validation loss did not improve. Patience counter: 9/10
Trial 15 - Epoch 12/200 | Train Loss: 0.018221 | Val Loss: 0.013854 LR: 0.00039564
Validation loss did not improve. Patience counter: 10/10
Trial 15 early stopping triggered at epoch 12.
BasicGNN(
  (convs): ModuleList(
    (0): GCNConv(504, 32)
    (1-3): 3 x GCNConv(32, 32)
  )
  (head): Linear(in_features=32, out_features=24, bias=True)
)
Creating DataLoaders...
  Using ReduceLROnPlateau: factor=0.5, patience=8, min_lr=7.798659117917876e-08
Trial 16 - Epoch 1/200 | Train Loss: 0.032037 | Val Loss: 0.016654 LR: 0.00046165
Trial 16 - Epoch 2/200 | Train Loss: 0.019946 | Val Loss: 0.015569 LR: 0.00046165
Trial 16 - Epoch 3/200 | Train Loss: 0.019086 | Val Loss: 0.014961 LR: 0.00046165
Trial 16 - Epoch 4/200 | Train Loss: 0.018436 | Val Loss: 0.014252 LR: 0.00046165
Trial 16 - Epoch 5/200 | Train Loss: 0.017867 | Val Loss: 0.013871 LR: 0.00046165
Trial 16 - Epoch 6/200 | Train Loss: 0.017499 | Val Loss: 0.013601 LR: 0.00046165
Trial 16 - Epoch 7/200 | Train Loss: 0.017234 | Val Loss: 0.013464 LR: 0.00046165
Trial 16 - Epoch 8/200 | Train Loss: 0.017068 | Val Loss: 0.013272 LR: 0.00046165
Trial 16 - Epoch 9/200 | Train Loss: 0.016943 | Val Loss: 0.013107 LR: 0.00046165
Trial 16 - Epoch 10/200 | Train Loss: 0.016823 | Val Loss: 0.012987 LR: 0.00046165
Trial 16 - Epoch 11/200 | Train Loss: 0.016723 | Val Loss: 0.012853 LR: 0.00046165
Trial 16 - Epoch 12/200 | Train Loss: 0.016638 | Val Loss: 0.012735 LR: 0.00046165
Trial 16 - Epoch 13/200 | Train Loss: 0.016566 | Val Loss: 0.012626 LR: 0.00046165
Trial 16 - Epoch 14/200 | Train Loss: 0.016492 | Val Loss: 0.012519 LR: 0.00046165
Trial 16 - Epoch 15/200 | Train Loss: 0.016429 | Val Loss: 0.012432 LR: 0.00046165
Trial 16 - Epoch 16/200 | Train Loss: 0.016376 | Val Loss: 0.012347 LR: 0.00046165
Trial 16 - Epoch 17/200 | Train Loss: 0.016324 | Val Loss: 0.012273 LR: 0.00046165
Trial 16 - Epoch 18/200 | Train Loss: 0.016272 | Val Loss: 0.012202 LR: 0.00046165
Trial 16 - Epoch 19/200 | Train Loss: 0.016223 | Val Loss: 0.012141 LR: 0.00046165
Trial 16 - Epoch 20/200 | Train Loss: 0.016171 | Val Loss: 0.012106 LR: 0.00046165
Trial 16 - Epoch 21/200 | Train Loss: 0.016136 | Val Loss: 0.012039 LR: 0.00046165
Trial 16 - Epoch 22/200 | Train Loss: 0.016094 | Val Loss: 0.012016 LR: 0.00046165
Trial 16 - Epoch 23/200 | Train Loss: 0.016069 | Val Loss: 0.011971 LR: 0.00046165
Trial 16 - Epoch 24/200 | Train Loss: 0.016041 | Val Loss: 0.011951 LR: 0.00046165
Trial 16 - Epoch 25/200 | Train Loss: 0.016027 | Val Loss: 0.011930 LR: 0.00046165
Trial 16 - Epoch 26/200 | Train Loss: 0.015995 | Val Loss: 0.011902 LR: 0.00046165
Trial 16 - Epoch 27/200 | Train Loss: 0.015973 | Val Loss: 0.011892 LR: 0.00046165
Trial 16 - Epoch 28/200 | Train Loss: 0.015955 | Val Loss: 0.011868 LR: 0.00046165
Trial 16 - Epoch 29/200 | Train Loss: 0.015934 | Val Loss: 0.011989 LR: 0.00046165
Validation loss did not improve. Patience counter: 1/10
Trial 16 - Epoch 30/200 | Train Loss: 0.015966 | Val Loss: 0.011847 LR: 0.00046165
Trial 16 - Epoch 31/200 | Train Loss: 0.015886 | Val Loss: 0.011828 LR: 0.00046165
Trial 16 - Epoch 32/200 | Train Loss: 0.015868 | Val Loss: 0.011848 LR: 0.00046165
Validation loss did not improve. Patience counter: 1/10
Trial 16 - Epoch 33/200 | Train Loss: 0.015862 | Val Loss: 0.011822 LR: 0.00046165
Trial 16 - Epoch 34/200 | Train Loss: 0.015832 | Val Loss: 0.011833 LR: 0.00046165
Validation loss did not improve. Patience counter: 1/10
Trial 16 - Epoch 35/200 | Train Loss: 0.015803 | Val Loss: 0.011839 LR: 0.00046165
Validation loss did not improve. Patience counter: 2/10
Trial 16 - Epoch 36/200 | Train Loss: 0.015811 | Val Loss: 0.011828 LR: 0.00046165
Validation loss did not improve. Patience counter: 3/10
Trial 16 - Epoch 37/200 | Train Loss: 0.015790 | Val Loss: 0.011901 LR: 0.00046165
Validation loss did not improve. Patience counter: 4/10
Trial 16 - Epoch 38/200 | Train Loss: 0.015903 | Val Loss: 0.011809 LR: 0.00046165
Trial 16 - Epoch 39/200 | Train Loss: 0.015783 | Val Loss: 0.011821 LR: 0.00046165
Validation loss did not improve. Patience counter: 1/10
Trial 16 - Epoch 40/200 | Train Loss: 0.015771 | Val Loss: 0.011843 LR: 0.00046165
Validation loss did not improve. Patience counter: 2/10
Trial 16 - Epoch 41/200 | Train Loss: 0.015767 | Val Loss: 0.011816 LR: 0.00046165
Validation loss did not improve. Patience counter: 3/10
Trial 16 - Epoch 42/200 | Train Loss: 0.015703 | Val Loss: 0.011815 LR: 0.00046165
Validation loss did not improve. Patience counter: 4/10
Trial 16 - Epoch 43/200 | Train Loss: 0.015708 | Val Loss: 0.011813 LR: 0.00046165
Validation loss did not improve. Patience counter: 5/10
Trial 16 - Epoch 44/200 | Train Loss: 0.015690 | Val Loss: 0.011804 LR: 0.00046165
Trial 16 - Epoch 45/200 | Train Loss: 0.015680 | Val Loss: 0.011819 LR: 0.00046165
Validation loss did not improve. Patience counter: 1/10
Trial 16 - Epoch 46/200 | Train Loss: 0.015660 | Val Loss: 0.011822 LR: 0.00046165
Validation loss did not improve. Patience counter: 2/10
Trial 16 - Epoch 47/200 | Train Loss: 0.015654 | Val Loss: 0.011845 LR: 0.00046165
Validation loss did not improve. Patience counter: 3/10
Trial 16 - Epoch 48/200 | Train Loss: 0.015627 | Val Loss: 0.011858 LR: 0.00046165
Validation loss did not improve. Patience counter: 4/10
Trial 16 - Epoch 49/200 | Train Loss: 0.015624 | Val Loss: 0.011814 LR: 0.00046165
Validation loss did not improve. Patience counter: 5/10
Trial 16 - Epoch 50/200 | Train Loss: 0.015615 | Val Loss: 0.011813 LR: 0.00046165
Validation loss did not improve. Patience counter: 6/10
Trial 16 - Epoch 51/200 | Train Loss: 0.015618 | Val Loss: 0.011814 LR: 0.00046165
Validation loss did not improve. Patience counter: 7/10
Trial 16 - Epoch 52/200 | Train Loss: 0.015603 | Val Loss: 0.011785 LR: 0.00046165
Trial 16 - Epoch 53/200 | Train Loss: 0.015618 | Val Loss: 0.011805 LR: 0.00046165
Validation loss did not improve. Patience counter: 1/10
Trial 16 - Epoch 54/200 | Train Loss: 0.015575 | Val Loss: 0.011823 LR: 0.00046165
Validation loss did not improve. Patience counter: 2/10
Trial 16 - Epoch 55/200 | Train Loss: 0.015584 | Val Loss: 0.011850 LR: 0.00046165
Validation loss did not improve. Patience counter: 3/10
Trial 16 - Epoch 56/200 | Train Loss: 0.015588 | Val Loss: 0.011851 LR: 0.00046165
Validation loss did not improve. Patience counter: 4/10
Trial 16 - Epoch 57/200 | Train Loss: 0.015541 | Val Loss: 0.011816 LR: 0.00046165
Validation loss did not improve. Patience counter: 5/10
Trial 16 - Epoch 58/200 | Train Loss: 0.015479 | Val Loss: 0.011853 LR: 0.00046165
Validation loss did not improve. Patience counter: 6/10
Trial 16 - Epoch 59/200 | Train Loss: 0.015495 | Val Loss: 0.011812 LR: 0.00046165
Validation loss did not improve. Patience counter: 7/10
Trial 16 - Epoch 60/200 | Train Loss: 0.015478 | Val Loss: 0.011853 LR: 0.00046165
Validation loss did not improve. Patience counter: 8/10
Trial 16 - Epoch 61/200 | Train Loss: 0.015447 | Val Loss: 0.011845 LR: 0.00023082
Validation loss did not improve. Patience counter: 9/10
Trial 16 - Epoch 62/200 | Train Loss: 0.015262 | Val Loss: 0.011802 LR: 0.00023082
Validation loss did not improve. Patience counter: 10/10
Trial 16 early stopping triggered at epoch 62.
BasicGNN(
  (convs): ModuleList(
    (0): GCNConv(504, 32)
    (1-3): 3 x GCNConv(32, 32)
  )
  (head): Linear(in_features=32, out_features=24, bias=True)
)
Creating DataLoaders...
  Using ReduceLROnPlateau: factor=0.5, patience=8, min_lr=7.774411504009575e-08
Trial 17 - Epoch 1/200 | Train Loss: 0.025596 | Val Loss: 0.016814 LR: 0.00038585
Trial 17 - Epoch 2/200 | Train Loss: 0.020193 | Val Loss: 0.015418 LR: 0.00038585
Trial 17 - Epoch 3/200 | Train Loss: 0.018986 | Val Loss: 0.014538 LR: 0.00038585
Trial 17 - Epoch 4/200 | Train Loss: 0.018196 | Val Loss: 0.013987 LR: 0.00038585
Trial 17 - Epoch 5/200 | Train Loss: 0.017680 | Val Loss: 0.013693 LR: 0.00038585
Trial 17 - Epoch 6/200 | Train Loss: 0.017359 | Val Loss: 0.013469 LR: 0.00038585
Trial 17 - Epoch 7/200 | Train Loss: 0.017130 | Val Loss: 0.013318 LR: 0.00038585
Trial 17 - Epoch 8/200 | Train Loss: 0.016949 | Val Loss: 0.013125 LR: 0.00038585
Trial 17 - Epoch 9/200 | Train Loss: 0.016791 | Val Loss: 0.012940 LR: 0.00038585
Trial 17 - Epoch 10/200 | Train Loss: 0.016666 | Val Loss: 0.012810 LR: 0.00038585
Trial 17 pruned at epoch 10.
BasicGNN(
  (convs): ModuleList(
    (0): GCNConv(504, 16)
    (1-3): 3 x GCNConv(16, 16)
  )
  (head): Linear(in_features=16, out_features=24, bias=True)
)
Creating DataLoaders...
  Using ReduceLROnPlateau: factor=0.5, patience=8, min_lr=2.863317084161549e-07
Trial 18 - Epoch 1/200 | Train Loss: 0.044265 | Val Loss: 0.016035 LR: 0.00093035
Trial 18 - Epoch 2/200 | Train Loss: 0.019134 | Val Loss: 0.014596 LR: 0.00093035
Trial 18 - Epoch 3/200 | Train Loss: 0.018501 | Val Loss: 0.014101 LR: 0.00093035
Trial 18 - Epoch 4/200 | Train Loss: 0.018030 | Val Loss: 0.013734 LR: 0.00093035
Trial 18 - Epoch 5/200 | Train Loss: 0.017702 | Val Loss: 0.013453 LR: 0.00093035
Trial 18 - Epoch 6/200 | Train Loss: 0.017448 | Val Loss: 0.013224 LR: 0.00093035
Trial 18 - Epoch 7/200 | Train Loss: 0.017231 | Val Loss: 0.013039 LR: 0.00093035
Trial 18 - Epoch 8/200 | Train Loss: 0.017094 | Val Loss: 0.012870 LR: 0.00093035
Trial 18 - Epoch 9/200 | Train Loss: 0.016897 | Val Loss: 0.012788 LR: 0.00093035
Trial 18 - Epoch 10/200 | Train Loss: 0.016838 | Val Loss: 0.012630 LR: 0.00093035
Trial 18 - Epoch 11/200 | Train Loss: 0.016729 | Val Loss: 0.012555 LR: 0.00093035
Trial 18 - Epoch 12/200 | Train Loss: 0.016596 | Val Loss: 0.012509 LR: 0.00093035
Trial 18 - Epoch 13/200 | Train Loss: 0.016596 | Val Loss: 0.012478 LR: 0.00093035
Trial 18 - Epoch 14/200 | Train Loss: 0.016552 | Val Loss: 0.012416 LR: 0.00093035
Trial 18 - Epoch 15/200 | Train Loss: 0.016421 | Val Loss: 0.012346 LR: 0.00093035
Trial 18 - Epoch 16/200 | Train Loss: 0.016382 | Val Loss: 0.012302 LR: 0.00093035
Trial 18 - Epoch 17/200 | Train Loss: 0.016348 | Val Loss: 0.012286 LR: 0.00093035
Trial 18 - Epoch 18/200 | Train Loss: 0.016328 | Val Loss: 0.012276 LR: 0.00093035
Trial 18 - Epoch 19/200 | Train Loss: 0.016331 | Val Loss: 0.012274 LR: 0.00093035
Trial 18 - Epoch 20/200 | Train Loss: 0.016321 | Val Loss: 0.012241 LR: 0.00093035
Trial 18 - Epoch 21/200 | Train Loss: 0.016308 | Val Loss: 0.012233 LR: 0.00093035
Trial 18 - Epoch 22/200 | Train Loss: 0.016286 | Val Loss: 0.012210 LR: 0.00093035
Trial 18 - Epoch 23/200 | Train Loss: 0.016262 | Val Loss: 0.012191 LR: 0.00093035
Trial 18 - Epoch 24/200 | Train Loss: 0.016239 | Val Loss: 0.012176 LR: 0.00093035
Trial 18 - Epoch 25/200 | Train Loss: 0.016219 | Val Loss: 0.012507 LR: 0.00093035
Validation loss did not improve. Patience counter: 1/10
Trial 18 - Epoch 26/200 | Train Loss: 0.016309 | Val Loss: 0.012176 LR: 0.00093035
Validation loss did not improve. Patience counter: 2/10
Trial 18 - Epoch 27/200 | Train Loss: 0.016219 | Val Loss: 0.012147 LR: 0.00093035
Trial 18 - Epoch 28/200 | Train Loss: 0.016183 | Val Loss: 0.012132 LR: 0.00093035
Trial 18 pruned at epoch 28.
BasicGNN(
  (convs): ModuleList(
    (0): GCNConv(504, 48)
    (1-3): 3 x GCNConv(48, 48)
  )
  (head): Linear(in_features=48, out_features=24, bias=True)
)
Creating DataLoaders...
  Using ReduceLROnPlateau: factor=0.5, patience=10, min_lr=1.2836982064971203e-07
Trial 19 - Epoch 1/200 | Train Loss: 0.030450 | Val Loss: 0.016848 LR: 0.00026637
Trial 19 - Epoch 2/200 | Train Loss: 0.020273 | Val Loss: 0.015499 LR: 0.00026637
Trial 19 - Epoch 3/200 | Train Loss: 0.019168 | Val Loss: 0.014635 LR: 0.00026637
Trial 19 - Epoch 4/200 | Train Loss: 0.018331 | Val Loss: 0.014117 LR: 0.00026637
Trial 19 - Epoch 5/200 | Train Loss: 0.017782 | Val Loss: 0.013744 LR: 0.00026637
Trial 19 - Epoch 6/200 | Train Loss: 0.017399 | Val Loss: 0.013514 LR: 0.00026637
Trial 19 - Epoch 7/200 | Train Loss: 0.017139 | Val Loss: 0.013353 LR: 0.00026637
Trial 19 - Epoch 8/200 | Train Loss: 0.016942 | Val Loss: 0.013217 LR: 0.00026637
Trial 19 - Epoch 9/200 | Train Loss: 0.016798 | Val Loss: 0.013092 LR: 0.00026637
Trial 19 - Epoch 10/200 | Train Loss: 0.016675 | Val Loss: 0.012984 LR: 0.00026637
Trial 19 - Epoch 11/200 | Train Loss: 0.016581 | Val Loss: 0.012874 LR: 0.00026637
Trial 19 - Epoch 12/200 | Train Loss: 0.016489 | Val Loss: 0.012781 LR: 0.00026637
Trial 19 - Epoch 13/200 | Train Loss: 0.016411 | Val Loss: 0.012699 LR: 0.00026637
Trial 19 - Epoch 14/200 | Train Loss: 0.016335 | Val Loss: 0.012623 LR: 0.00026637
Trial 19 - Epoch 15/200 | Train Loss: 0.016271 | Val Loss: 0.012549 LR: 0.00026637
Trial 19 - Epoch 16/200 | Train Loss: 0.016214 | Val Loss: 0.012479 LR: 0.00026637
Trial 19 - Epoch 17/200 | Train Loss: 0.016158 | Val Loss: 0.012419 LR: 0.00026637
Trial 19 - Epoch 18/200 | Train Loss: 0.016096 | Val Loss: 0.012620 LR: 0.00026637
Validation loss did not improve. Patience counter: 1/10
Trial 19 - Epoch 19/200 | Train Loss: 0.016135 | Val Loss: 0.012366 LR: 0.00026637
Trial 19 - Epoch 20/200 | Train Loss: 0.016051 | Val Loss: 0.012305 LR: 0.00026637
Trial 19 - Epoch 21/200 | Train Loss: 0.015994 | Val Loss: 0.012277 LR: 0.00026637
Trial 19 - Epoch 22/200 | Train Loss: 0.015965 | Val Loss: 0.012435 LR: 0.00026637
Validation loss did not improve. Patience counter: 1/10
Trial 19 - Epoch 23/200 | Train Loss: 0.016004 | Val Loss: 0.012199 LR: 0.00026637
Trial 19 - Epoch 24/200 | Train Loss: 0.015910 | Val Loss: 0.012139 LR: 0.00026637
Trial 19 - Epoch 25/200 | Train Loss: 0.015852 | Val Loss: 0.012110 LR: 0.00026637
Trial 19 - Epoch 26/200 | Train Loss: 0.015805 | Val Loss: 0.012079 LR: 0.00026637
Trial 19 - Epoch 27/200 | Train Loss: 0.015766 | Val Loss: 0.012065 LR: 0.00026637
Trial 19 - Epoch 28/200 | Train Loss: 0.015721 | Val Loss: 0.012048 LR: 0.00026637
Trial 19 - Epoch 29/200 | Train Loss: 0.015680 | Val Loss: 0.012026 LR: 0.00026637
Trial 19 - Epoch 30/200 | Train Loss: 0.015641 | Val Loss: 0.012007 LR: 0.00026637
Trial 19 - Epoch 31/200 | Train Loss: 0.015600 | Val Loss: 0.012009 LR: 0.00026637
Validation loss did not improve. Patience counter: 1/10
Trial 19 - Epoch 32/200 | Train Loss: 0.015571 | Val Loss: 0.012131 LR: 0.00026637
Validation loss did not improve. Patience counter: 2/10
Trial 19 - Epoch 33/200 | Train Loss: 0.015599 | Val Loss: 0.011979 LR: 0.00026637
Trial 19 - Epoch 34/200 | Train Loss: 0.015515 | Val Loss: 0.011967 LR: 0.00026637
Trial 19 - Epoch 35/200 | Train Loss: 0.015479 | Val Loss: 0.011946 LR: 0.00026637
Trial 19 - Epoch 36/200 | Train Loss: 0.015453 | Val Loss: 0.011939 LR: 0.00026637
Trial 19 - Epoch 37/200 | Train Loss: 0.015429 | Val Loss: 0.011922 LR: 0.00026637
Trial 19 - Epoch 38/200 | Train Loss: 0.015402 | Val Loss: 0.011889 LR: 0.00026637
Trial 19 - Epoch 39/200 | Train Loss: 0.015354 | Val Loss: 0.011885 LR: 0.00026637
Trial 19 - Epoch 40/200 | Train Loss: 0.015321 | Val Loss: 0.011882 LR: 0.00026637
Trial 19 - Epoch 41/200 | Train Loss: 0.015301 | Val Loss: 0.011861 LR: 0.00026637
Trial 19 - Epoch 42/200 | Train Loss: 0.015268 | Val Loss: 0.011859 LR: 0.00026637
Trial 19 - Epoch 43/200 | Train Loss: 0.015233 | Val Loss: 0.011854 LR: 0.00026637
Trial 19 - Epoch 44/200 | Train Loss: 0.015210 | Val Loss: 0.011852 LR: 0.00026637
Trial 19 - Epoch 45/200 | Train Loss: 0.015189 | Val Loss: 0.011876 LR: 0.00026637
Validation loss did not improve. Patience counter: 1/10
Trial 19 - Epoch 46/200 | Train Loss: 0.015166 | Val Loss: 0.011880 LR: 0.00026637
Validation loss did not improve. Patience counter: 2/10
Trial 19 - Epoch 47/200 | Train Loss: 0.015140 | Val Loss: 0.011915 LR: 0.00026637
Validation loss did not improve. Patience counter: 3/10
Trial 19 - Epoch 48/200 | Train Loss: 0.015136 | Val Loss: 0.011903 LR: 0.00026637
Validation loss did not improve. Patience counter: 4/10
Trial 19 - Epoch 49/200 | Train Loss: 0.015120 | Val Loss: 0.011929 LR: 0.00026637
Validation loss did not improve. Patience counter: 5/10
Trial 19 - Epoch 50/200 | Train Loss: 0.015103 | Val Loss: 0.011936 LR: 0.00026637
Validation loss did not improve. Patience counter: 6/10
Trial 19 - Epoch 51/200 | Train Loss: 0.015075 | Val Loss: 0.011968 LR: 0.00026637
Validation loss did not improve. Patience counter: 7/10
Trial 19 - Epoch 52/200 | Train Loss: 0.015049 | Val Loss: 0.012007 LR: 0.00026637
Validation loss did not improve. Patience counter: 8/10
Trial 19 - Epoch 53/200 | Train Loss: 0.015031 | Val Loss: 0.012017 LR: 0.00026637
Validation loss did not improve. Patience counter: 9/10
Trial 19 - Epoch 54/200 | Train Loss: 0.015012 | Val Loss: 0.012042 LR: 0.00026637
Validation loss did not improve. Patience counter: 10/10
Trial 19 early stopping triggered at epoch 54.
BasicGNN(
  (convs): ModuleList(
    (0): GCNConv(504, 64)
    (1-3): 3 x GCNConv(64, 64)
  )
  (head): Linear(in_features=64, out_features=24, bias=True)
)
Creating DataLoaders...
  Using ReduceLROnPlateau: factor=0.6, patience=9, min_lr=5.617423431261333e-07
Trial 20 - Epoch 1/200 | Train Loss: 0.023325 | Val Loss: 0.017218 LR: 0.00059292
Trial 20 - Epoch 2/200 | Train Loss: 0.020108 | Val Loss: 0.015469 LR: 0.00059292
Trial 20 - Epoch 3/200 | Train Loss: 0.019300 | Val Loss: 0.014369 LR: 0.00059292
Trial 20 - Epoch 4/200 | Train Loss: 0.018451 | Val Loss: 0.014110 LR: 0.00059292
Trial 20 - Epoch 5/200 | Train Loss: 0.017854 | Val Loss: 0.013823 LR: 0.00059292
Trial 20 - Epoch 6/200 | Train Loss: 0.017723 | Val Loss: 0.013237 LR: 0.00059292
Trial 20 - Epoch 7/200 | Train Loss: 0.017242 | Val Loss: 0.012920 LR: 0.00059292
Trial 20 - Epoch 8/200 | Train Loss: 0.016923 | Val Loss: 0.012709 LR: 0.00059292
Trial 20 - Epoch 9/200 | Train Loss: 0.016715 | Val Loss: 0.012571 LR: 0.00059292
Trial 20 - Epoch 10/200 | Train Loss: 0.016645 | Val Loss: 0.012443 LR: 0.00059292
Trial 20 - Epoch 11/200 | Train Loss: 0.016518 | Val Loss: 0.012352 LR: 0.00059292
Trial 20 - Epoch 12/200 | Train Loss: 0.016459 | Val Loss: 0.012306 LR: 0.00059292
Trial 20 - Epoch 13/200 | Train Loss: 0.016457 | Val Loss: 0.013043 LR: 0.00059292
Validation loss did not improve. Patience counter: 1/10
Trial 20 - Epoch 14/200 | Train Loss: 0.016669 | Val Loss: 0.012340 LR: 0.00059292
Validation loss did not improve. Patience counter: 2/10
Trial 20 - Epoch 15/200 | Train Loss: 0.016447 | Val Loss: 0.012442 LR: 0.00059292
Validation loss did not improve. Patience counter: 3/10
Trial 20 - Epoch 16/200 | Train Loss: 0.016464 | Val Loss: 0.012355 LR: 0.00059292
Validation loss did not improve. Patience counter: 4/10
Trial 20 - Epoch 17/200 | Train Loss: 0.016378 | Val Loss: 0.012319 LR: 0.00059292
Validation loss did not improve. Patience counter: 5/10
Trial 20 - Epoch 18/200 | Train Loss: 0.016361 | Val Loss: 0.012324 LR: 0.00059292
Validation loss did not improve. Patience counter: 6/10
Trial 20 - Epoch 19/200 | Train Loss: 0.016337 | Val Loss: 0.012308 LR: 0.00059292
Validation loss did not improve. Patience counter: 7/10
Trial 20 - Epoch 20/200 | Train Loss: 0.016382 | Val Loss: 0.012724 LR: 0.00059292
Validation loss did not improve. Patience counter: 8/10
Trial 20 - Epoch 21/200 | Train Loss: 0.016431 | Val Loss: 0.012266 LR: 0.00059292
Trial 20 - Epoch 22/200 | Train Loss: 0.016286 | Val Loss: 0.012209 LR: 0.00059292
Trial 20 - Epoch 23/200 | Train Loss: 0.016232 | Val Loss: 0.012187 LR: 0.00059292
Trial 20 - Epoch 24/200 | Train Loss: 0.016212 | Val Loss: 0.012184 LR: 0.00059292
Trial 20 - Epoch 25/200 | Train Loss: 0.016221 | Val Loss: 0.012194 LR: 0.00059292
Validation loss did not improve. Patience counter: 1/10
Trial 20 - Epoch 26/200 | Train Loss: 0.016175 | Val Loss: 0.012071 LR: 0.00059292
Trial 20 - Epoch 27/200 | Train Loss: 0.016155 | Val Loss: 0.012038 LR: 0.00059292
Trial 20 - Epoch 28/200 | Train Loss: 0.016155 | Val Loss: 0.012143 LR: 0.00059292
Trial 20 pruned at epoch 28.
BasicGNN(
  (convs): ModuleList(
    (0): GCNConv(504, 48)
    (1-3): 3 x GCNConv(48, 48)
  )
  (head): Linear(in_features=48, out_features=24, bias=True)
)
Creating DataLoaders...
  Using ReduceLROnPlateau: factor=0.4, patience=10, min_lr=1.3913731865001914e-07
Trial 21 - Epoch 1/200 | Train Loss: 0.030866 | Val Loss: 0.016835 LR: 0.00027990
Trial 21 - Epoch 2/200 | Train Loss: 0.020051 | Val Loss: 0.015336 LR: 0.00027990
Trial 21 - Epoch 3/200 | Train Loss: 0.018807 | Val Loss: 0.014485 LR: 0.00027990
Trial 21 - Epoch 4/200 | Train Loss: 0.017991 | Val Loss: 0.013972 LR: 0.00027990
Trial 21 - Epoch 5/200 | Train Loss: 0.017503 | Val Loss: 0.013646 LR: 0.00027990
Trial 21 - Epoch 6/200 | Train Loss: 0.017179 | Val Loss: 0.013458 LR: 0.00027990
Trial 21 - Epoch 7/200 | Train Loss: 0.016968 | Val Loss: 0.013308 LR: 0.00027990
Trial 21 - Epoch 8/200 | Train Loss: 0.016807 | Val Loss: 0.013196 LR: 0.00027990
Trial 21 - Epoch 9/200 | Train Loss: 0.016693 | Val Loss: 0.013077 LR: 0.00027990
Trial 21 - Epoch 10/200 | Train Loss: 0.016599 | Val Loss: 0.012976 LR: 0.00027990
Trial 21 pruned at epoch 10.
BasicGNN(
  (convs): ModuleList(
    (0): GCNConv(504, 32)
    (1-3): 3 x GCNConv(32, 32)
  )
  (head): Linear(in_features=32, out_features=24, bias=True)
)
Creating DataLoaders...
  Using ReduceLROnPlateau: factor=0.5, patience=10, min_lr=2.579657964979484e-07
Trial 22 - Epoch 1/200 | Train Loss: 0.029761 | Val Loss: 0.015614 LR: 0.00025575
Trial 22 - Epoch 2/200 | Train Loss: 0.019255 | Val Loss: 0.014781 LR: 0.00025575
Trial 22 - Epoch 3/200 | Train Loss: 0.018309 | Val Loss: 0.014131 LR: 0.00025575
Trial 22 - Epoch 4/200 | Train Loss: 0.017734 | Val Loss: 0.013792 LR: 0.00025575
Trial 22 pruned at epoch 4.
BasicGNN(
  (convs): ModuleList(
    (0): GCNConv(504, 48)
    (1-2): 2 x GCNConv(48, 48)
  )
  (head): Linear(in_features=48, out_features=24, bias=True)
)
Creating DataLoaders...
  Using ReduceLROnPlateau: factor=0.5, patience=8, min_lr=6.960549808921936e-08
Trial 23 - Epoch 1/200 | Train Loss: 0.039699 | Val Loss: 0.016260 LR: 0.00010289
Trial 23 - Epoch 2/200 | Train Loss: 0.019624 | Val Loss: 0.015191 LR: 0.00010289
Trial 23 - Epoch 3/200 | Train Loss: 0.018759 | Val Loss: 0.014666 LR: 0.00010289
Trial 23 - Epoch 4/200 | Train Loss: 0.018179 | Val Loss: 0.014248 LR: 0.00010289
Trial 23 - Epoch 5/200 | Train Loss: 0.017728 | Val Loss: 0.013935 LR: 0.00010289
Trial 23 - Epoch 6/200 | Train Loss: 0.017390 | Val Loss: 0.013715 LR: 0.00010289
Trial 23 - Epoch 7/200 | Train Loss: 0.017134 | Val Loss: 0.013546 LR: 0.00010289
Trial 23 - Epoch 8/200 | Train Loss: 0.016942 | Val Loss: 0.013398 LR: 0.00010289
Trial 23 - Epoch 9/200 | Train Loss: 0.016791 | Val Loss: 0.013271 LR: 0.00010289
Trial 23 - Epoch 10/200 | Train Loss: 0.016665 | Val Loss: 0.013174 LR: 0.00010289
Trial 23 - Epoch 11/200 | Train Loss: 0.016563 | Val Loss: 0.013091 LR: 0.00010289
Trial 23 - Epoch 12/200 | Train Loss: 0.016476 | Val Loss: 0.013012 LR: 0.00010289
Trial 23 - Epoch 13/200 | Train Loss: 0.016404 | Val Loss: 0.012941 LR: 0.00010289
Trial 23 - Epoch 14/200 | Train Loss: 0.016336 | Val Loss: 0.012877 LR: 0.00010289
Trial 23 - Epoch 15/200 | Train Loss: 0.016274 | Val Loss: 0.012816 LR: 0.00010289
Trial 23 - Epoch 16/200 | Train Loss: 0.016213 | Val Loss: 0.012761 LR: 0.00010289
Trial 23 - Epoch 17/200 | Train Loss: 0.016157 | Val Loss: 0.012709 LR: 0.00010289
Trial 23 - Epoch 18/200 | Train Loss: 0.016108 | Val Loss: 0.012665 LR: 0.00010289
Trial 23 - Epoch 19/200 | Train Loss: 0.016062 | Val Loss: 0.012627 LR: 0.00010289
Trial 23 - Epoch 20/200 | Train Loss: 0.016014 | Val Loss: 0.012568 LR: 0.00010289
Trial 23 - Epoch 21/200 | Train Loss: 0.015976 | Val Loss: 0.012526 LR: 0.00010289
Trial 23 - Epoch 22/200 | Train Loss: 0.015929 | Val Loss: 0.012492 LR: 0.00010289
Trial 23 - Epoch 23/200 | Train Loss: 0.015894 | Val Loss: 0.012459 LR: 0.00010289
Trial 23 - Epoch 24/200 | Train Loss: 0.015849 | Val Loss: 0.012430 LR: 0.00010289
Trial 23 - Epoch 25/200 | Train Loss: 0.015823 | Val Loss: 0.012401 LR: 0.00010289
Trial 23 - Epoch 26/200 | Train Loss: 0.015792 | Val Loss: 0.012366 LR: 0.00010289
Trial 23 - Epoch 27/200 | Train Loss: 0.015759 | Val Loss: 0.012359 LR: 0.00010289
Trial 23 - Epoch 28/200 | Train Loss: 0.015729 | Val Loss: 0.012327 LR: 0.00010289
Trial 23 - Epoch 29/200 | Train Loss: 0.015719 | Val Loss: 0.012358 LR: 0.00010289
Validation loss did not improve. Patience counter: 1/10
Trial 23 - Epoch 30/200 | Train Loss: 0.015717 | Val Loss: 0.012268 LR: 0.00010289
Trial 23 - Epoch 31/200 | Train Loss: 0.015673 | Val Loss: 0.012245 LR: 0.00010289
Trial 23 - Epoch 32/200 | Train Loss: 0.015633 | Val Loss: 0.012237 LR: 0.00010289
Trial 23 - Epoch 33/200 | Train Loss: 0.015600 | Val Loss: 0.012225 LR: 0.00010289
Trial 23 - Epoch 34/200 | Train Loss: 0.015568 | Val Loss: 0.012220 LR: 0.00010289
Trial 23 - Epoch 35/200 | Train Loss: 0.015544 | Val Loss: 0.012215 LR: 0.00010289
Trial 23 - Epoch 36/200 | Train Loss: 0.015519 | Val Loss: 0.012219 LR: 0.00010289
Validation loss did not improve. Patience counter: 1/10
Trial 23 - Epoch 37/200 | Train Loss: 0.015494 | Val Loss: 0.012203 LR: 0.00010289
Trial 23 - Epoch 38/200 | Train Loss: 0.015469 | Val Loss: 0.012195 LR: 0.00010289
Trial 23 - Epoch 39/200 | Train Loss: 0.015446 | Val Loss: 0.012185 LR: 0.00010289
Trial 23 - Epoch 40/200 | Train Loss: 0.015423 | Val Loss: 0.012185 LR: 0.00010289
Trial 23 - Epoch 41/200 | Train Loss: 0.015401 | Val Loss: 0.012186 LR: 0.00010289
Validation loss did not improve. Patience counter: 1/10
Trial 23 - Epoch 42/200 | Train Loss: 0.015379 | Val Loss: 0.012175 LR: 0.00010289
Trial 23 - Epoch 43/200 | Train Loss: 0.015355 | Val Loss: 0.012179 LR: 0.00010289
Validation loss did not improve. Patience counter: 1/10
Trial 23 - Epoch 44/200 | Train Loss: 0.015330 | Val Loss: 0.012180 LR: 0.00010289
Validation loss did not improve. Patience counter: 2/10
Trial 23 - Epoch 45/200 | Train Loss: 0.015311 | Val Loss: 0.012192 LR: 0.00010289
Validation loss did not improve. Patience counter: 3/10
Trial 23 - Epoch 46/200 | Train Loss: 0.015297 | Val Loss: 0.012182 LR: 0.00010289
Validation loss did not improve. Patience counter: 4/10
Trial 23 - Epoch 47/200 | Train Loss: 0.015272 | Val Loss: 0.012193 LR: 0.00010289
Validation loss did not improve. Patience counter: 5/10
Trial 23 - Epoch 48/200 | Train Loss: 0.015250 | Val Loss: 0.012205 LR: 0.00010289
Validation loss did not improve. Patience counter: 6/10
Trial 23 - Epoch 49/200 | Train Loss: 0.015232 | Val Loss: 0.012212 LR: 0.00010289
Validation loss did not improve. Patience counter: 7/10
Trial 23 - Epoch 50/200 | Train Loss: 0.015211 | Val Loss: 0.012219 LR: 0.00010289
Validation loss did not improve. Patience counter: 8/10
Trial 23 - Epoch 51/200 | Train Loss: 0.015190 | Val Loss: 0.012229 LR: 0.00005145
Validation loss did not improve. Patience counter: 9/10
Trial 23 - Epoch 52/200 | Train Loss: 0.015093 | Val Loss: 0.012366 LR: 0.00005145
Validation loss did not improve. Patience counter: 10/10
Trial 23 early stopping triggered at epoch 52.
BasicGNN(
  (convs): ModuleList(
    (0): GCNConv(504, 16)
    (1-3): 3 x GCNConv(16, 16)
  )
  (head): Linear(in_features=16, out_features=24, bias=True)
)
Creating DataLoaders...
  Using ReduceLROnPlateau: factor=0.6, patience=9, min_lr=1.1143799429116644e-07
Trial 24 - Epoch 1/200 | Train Loss: 0.035908 | Val Loss: 0.016136 LR: 0.00060791
Trial 24 - Epoch 2/200 | Train Loss: 0.019383 | Val Loss: 0.015140 LR: 0.00060791
Trial 24 - Epoch 3/200 | Train Loss: 0.018505 | Val Loss: 0.014604 LR: 0.00060791
Trial 24 - Epoch 4/200 | Train Loss: 0.018077 | Val Loss: 0.014244 LR: 0.00060791
Trial 24 pruned at epoch 4.
BasicGNN(
  (convs): ModuleList(
    (0): GCNConv(504, 32)
    (1-2): 2 x GCNConv(32, 32)
  )
  (head): Linear(in_features=32, out_features=24, bias=True)
)
Creating DataLoaders...
  Using ReduceLROnPlateau: factor=0.5, patience=6, min_lr=1.9362605910093654e-07
Trial 25 - Epoch 1/200 | Train Loss: 0.054398 | Val Loss: 0.019204 LR: 0.00012111
Trial 25 - Epoch 2/200 | Train Loss: 0.021289 | Val Loss: 0.016930 LR: 0.00012111
Trial 25 pruned at epoch 2.
BasicGNN(
  (convs): ModuleList(
    (0): GCNConv(504, 64)
    (1-3): 3 x GCNConv(64, 64)
  )
  (head): Linear(in_features=64, out_features=24, bias=True)
)
Creating DataLoaders...
  Using ReduceLROnPlateau: factor=0.7, patience=7, min_lr=6.509579950626044e-08
Trial 26 - Epoch 1/200 | Train Loss: 0.024682 | Val Loss: 0.016782 LR: 0.00054450
Trial 26 - Epoch 2/200 | Train Loss: 0.020310 | Val Loss: 0.015437 LR: 0.00054450
Trial 26 - Epoch 3/200 | Train Loss: 0.019373 | Val Loss: 0.014626 LR: 0.00054450
Trial 26 - Epoch 4/200 | Train Loss: 0.018467 | Val Loss: 0.014108 LR: 0.00054450
Trial 26 pruned at epoch 4.
BasicGNN(
  (convs): ModuleList(
    (0): GCNConv(504, 48)
    (1-3): 3 x GCNConv(48, 48)
  )
  (head): Linear(in_features=48, out_features=24, bias=True)
)
Creating DataLoaders...
  Using ReduceLROnPlateau: factor=0.4, patience=8, min_lr=1.2194176971302943e-07
Trial 27 - Epoch 1/200 | Train Loss: 0.029101 | Val Loss: 0.016825 LR: 0.00034830
Trial 27 - Epoch 2/200 | Train Loss: 0.020238 | Val Loss: 0.015660 LR: 0.00034830
Trial 27 - Epoch 3/200 | Train Loss: 0.019120 | Val Loss: 0.014793 LR: 0.00034830
Trial 27 - Epoch 4/200 | Train Loss: 0.018354 | Val Loss: 0.014221 LR: 0.00034830
Trial 27 - Epoch 5/200 | Train Loss: 0.017808 | Val Loss: 0.013881 LR: 0.00034830
Trial 27 - Epoch 6/200 | Train Loss: 0.017453 | Val Loss: 0.013661 LR: 0.00034830
Trial 27 - Epoch 7/200 | Train Loss: 0.017201 | Val Loss: 0.013504 LR: 0.00034830
Trial 27 - Epoch 8/200 | Train Loss: 0.017015 | Val Loss: 0.013361 LR: 0.00034830
Trial 27 - Epoch 9/200 | Train Loss: 0.016862 | Val Loss: 0.013251 LR: 0.00034830
Trial 27 - Epoch 10/200 | Train Loss: 0.016758 | Val Loss: 0.013118 LR: 0.00034830
Trial 27 - Epoch 11/200 | Train Loss: 0.016650 | Val Loss: 0.013065 LR: 0.00034830
Trial 27 - Epoch 12/200 | Train Loss: 0.016605 | Val Loss: 0.012937 LR: 0.00034830
Trial 27 - Epoch 13/200 | Train Loss: 0.016519 | Val Loss: 0.012845 LR: 0.00034830
Trial 27 - Epoch 14/200 | Train Loss: 0.016452 | Val Loss: 0.012754 LR: 0.00034830
Trial 27 - Epoch 15/200 | Train Loss: 0.016393 | Val Loss: 0.012675 LR: 0.00034830
Trial 27 - Epoch 16/200 | Train Loss: 0.016332 | Val Loss: 0.012603 LR: 0.00034830
Trial 27 - Epoch 17/200 | Train Loss: 0.016282 | Val Loss: 0.012541 LR: 0.00034830
Trial 27 - Epoch 18/200 | Train Loss: 0.016240 | Val Loss: 0.012473 LR: 0.00034830
Trial 27 - Epoch 19/200 | Train Loss: 0.016193 | Val Loss: 0.012430 LR: 0.00034830
Trial 27 - Epoch 20/200 | Train Loss: 0.016140 | Val Loss: 0.012426 LR: 0.00034830
Trial 27 - Epoch 21/200 | Train Loss: 0.016141 | Val Loss: 0.012332 LR: 0.00034830
Trial 27 - Epoch 22/200 | Train Loss: 0.016085 | Val Loss: 0.012264 LR: 0.00034830
Trial 27 - Epoch 23/200 | Train Loss: 0.016034 | Val Loss: 0.012235 LR: 0.00034830
Trial 27 - Epoch 24/200 | Train Loss: 0.015987 | Val Loss: 0.012372 LR: 0.00034830
Validation loss did not improve. Patience counter: 1/10
Trial 27 - Epoch 25/200 | Train Loss: 0.016010 | Val Loss: 0.012197 LR: 0.00034830
Trial 27 - Epoch 26/200 | Train Loss: 0.015957 | Val Loss: 0.012137 LR: 0.00034830
Trial 27 - Epoch 27/200 | Train Loss: 0.015924 | Val Loss: 0.012089 LR: 0.00034830
Trial 27 - Epoch 28/200 | Train Loss: 0.015892 | Val Loss: 0.012063 LR: 0.00034830
Trial 27 - Epoch 29/200 | Train Loss: 0.015861 | Val Loss: 0.012033 LR: 0.00034830
Trial 27 - Epoch 30/200 | Train Loss: 0.015820 | Val Loss: 0.012113 LR: 0.00034830
Validation loss did not improve. Patience counter: 1/10
Trial 27 - Epoch 31/200 | Train Loss: 0.015854 | Val Loss: 0.011979 LR: 0.00034830
Trial 27 - Epoch 32/200 | Train Loss: 0.015807 | Val Loss: 0.011952 LR: 0.00034830
Trial 27 - Epoch 33/200 | Train Loss: 0.015780 | Val Loss: 0.011932 LR: 0.00034830
Trial 27 - Epoch 34/200 | Train Loss: 0.015742 | Val Loss: 0.011894 LR: 0.00034830
Trial 27 - Epoch 35/200 | Train Loss: 0.015704 | Val Loss: 0.011895 LR: 0.00034830
Validation loss did not improve. Patience counter: 1/10
Trial 27 - Epoch 36/200 | Train Loss: 0.015705 | Val Loss: 0.011877 LR: 0.00034830
Trial 27 - Epoch 37/200 | Train Loss: 0.015683 | Val Loss: 0.011870 LR: 0.00034830
Trial 27 - Epoch 38/200 | Train Loss: 0.015658 | Val Loss: 0.011852 LR: 0.00034830
Trial 27 - Epoch 39/200 | Train Loss: 0.015627 | Val Loss: 0.011840 LR: 0.00034830
Trial 27 - Epoch 40/200 | Train Loss: 0.015595 | Val Loss: 0.011827 LR: 0.00034830
Trial 27 - Epoch 41/200 | Train Loss: 0.015574 | Val Loss: 0.011817 LR: 0.00034830
Trial 27 - Epoch 42/200 | Train Loss: 0.015546 | Val Loss: 0.011812 LR: 0.00034830
Trial 27 - Epoch 43/200 | Train Loss: 0.015525 | Val Loss: 0.011801 LR: 0.00034830
Trial 27 - Epoch 44/200 | Train Loss: 0.015501 | Val Loss: 0.011810 LR: 0.00034830
Validation loss did not improve. Patience counter: 1/10
Trial 27 - Epoch 45/200 | Train Loss: 0.015488 | Val Loss: 0.011802 LR: 0.00034830
Validation loss did not improve. Patience counter: 2/10
Trial 27 - Epoch 46/200 | Train Loss: 0.015457 | Val Loss: 0.011834 LR: 0.00034830
Validation loss did not improve. Patience counter: 3/10
Trial 27 - Epoch 47/200 | Train Loss: 0.015426 | Val Loss: 0.011840 LR: 0.00034830
Validation loss did not improve. Patience counter: 4/10
Trial 27 - Epoch 48/200 | Train Loss: 0.015406 | Val Loss: 0.011843 LR: 0.00034830
Validation loss did not improve. Patience counter: 5/10
Trial 27 - Epoch 49/200 | Train Loss: 0.015389 | Val Loss: 0.011814 LR: 0.00034830
Validation loss did not improve. Patience counter: 6/10
Trial 27 - Epoch 50/200 | Train Loss: 0.015367 | Val Loss: 0.011813 LR: 0.00034830
Validation loss did not improve. Patience counter: 7/10
Trial 27 - Epoch 51/200 | Train Loss: 0.015340 | Val Loss: 0.011835 LR: 0.00034830
Validation loss did not improve. Patience counter: 8/10
Trial 27 - Epoch 52/200 | Train Loss: 0.015325 | Val Loss: 0.011870 LR: 0.00013932
Validation loss did not improve. Patience counter: 9/10
Trial 27 - Epoch 53/200 | Train Loss: 0.015194 | Val Loss: 0.011899 LR: 0.00013932
Validation loss did not improve. Patience counter: 10/10
Trial 27 early stopping triggered at epoch 53.
BasicGNN(
  (convs): ModuleList(
    (0): GCNConv(504, 16)
    (1-2): 2 x GCNConv(16, 16)
  )
  (head): Linear(in_features=16, out_features=24, bias=True)
)
Creating DataLoaders...
  Using ReduceLROnPlateau: factor=0.2, patience=8, min_lr=4.12229293323953e-07
Trial 28 - Epoch 1/200 | Train Loss: 0.024380 | Val Loss: 0.026759 LR: 0.00093779
Trial 28 - Epoch 2/200 | Train Loss: 0.018436 | Val Loss: 0.022386 LR: 0.00093779
Trial 28 pruned at epoch 2.
BasicGNN(
  (convs): ModuleList(
    (0): GCNConv(504, 32)
    (1): GCNConv(32, 32)
  )
  (head): Linear(in_features=32, out_features=24, bias=True)
)
Creating DataLoaders...
  Using ReduceLROnPlateau: factor=0.4, patience=9, min_lr=8.699968538278013e-08
Trial 29 - Epoch 1/200 | Train Loss: 0.066876 | Val Loss: 0.037329 LR: 0.00006446
Trial 29 - Epoch 2/200 | Train Loss: 0.028307 | Val Loss: 0.018350 LR: 0.00006446
Trial 29 pruned at epoch 2.
BasicGNN(
  (convs): ModuleList(
    (0): GCNConv(504, 48)
    (1-2): 2 x GCNConv(48, 48)
  )
  (head): Linear(in_features=48, out_features=24, bias=True)
)
Creating DataLoaders...
  Using ReduceLROnPlateau: factor=0.6, patience=7, min_lr=5.6673344305327966e-08
Trial 30 - Epoch 1/200 | Train Loss: 0.029133 | Val Loss: 0.017478 LR: 0.00039730
Trial 30 - Epoch 2/200 | Train Loss: 0.020358 | Val Loss: 0.015447 LR: 0.00039730
Trial 30 - Epoch 3/200 | Train Loss: 0.018833 | Val Loss: 0.014494 LR: 0.00039730
Trial 30 - Epoch 4/200 | Train Loss: 0.017998 | Val Loss: 0.013979 LR: 0.00039730
Trial 30 pruned at epoch 4.
BasicGNN(
  (convs): ModuleList(
    (0): GCNConv(504, 48)
    (1-3): 3 x GCNConv(48, 48)
  )
  (head): Linear(in_features=48, out_features=24, bias=True)
)
Creating DataLoaders...
  Using ReduceLROnPlateau: factor=0.5, patience=10, min_lr=1.2170175269110222e-07
Trial 31 - Epoch 1/200 | Train Loss: 0.027880 | Val Loss: 0.016640 LR: 0.00031154
Trial 31 - Epoch 2/200 | Train Loss: 0.020001 | Val Loss: 0.015511 LR: 0.00031154
Trial 31 - Epoch 3/200 | Train Loss: 0.018939 | Val Loss: 0.014841 LR: 0.00031154
Trial 31 - Epoch 4/200 | Train Loss: 0.018351 | Val Loss: 0.014250 LR: 0.00031154
Trial 31 pruned at epoch 4.
BasicGNN(
  (convs): ModuleList(
    (0): GCNConv(504, 32)
    (1-3): 3 x GCNConv(32, 32)
  )
  (head): Linear(in_features=32, out_features=24, bias=True)
)
Creating DataLoaders...
  Using ReduceLROnPlateau: factor=0.4, patience=8, min_lr=1.9513056815784742e-07
Trial 32 - Epoch 1/200 | Train Loss: 0.041627 | Val Loss: 0.016969 LR: 0.00021506
Trial 32 - Epoch 2/200 | Train Loss: 0.019925 | Val Loss: 0.015434 LR: 0.00021506
Trial 32 - Epoch 3/200 | Train Loss: 0.018648 | Val Loss: 0.014885 LR: 0.00021506
Trial 32 - Epoch 4/200 | Train Loss: 0.018129 | Val Loss: 0.014286 LR: 0.00021506
Trial 32 pruned at epoch 4.
BasicGNN(
  (convs): ModuleList(
    (0): GCNConv(504, 64)
    (1-3): 3 x GCNConv(64, 64)
  )
  (head): Linear(in_features=64, out_features=24, bias=True)
)
Creating DataLoaders...
  Using ReduceLROnPlateau: factor=0.5, patience=9, min_lr=1.0205720583012061e-07
Trial 33 - Epoch 1/200 | Train Loss: 0.023913 | Val Loss: 0.017450 LR: 0.00063224
Trial 33 - Epoch 2/200 | Train Loss: 0.020752 | Val Loss: 0.016696 LR: 0.00063224
Trial 33 pruned at epoch 2.
BasicGNN(
  (convs): ModuleList(
    (0): GCNConv(504, 32)
    (1-3): 3 x GCNConv(32, 32)
  )
  (head): Linear(in_features=32, out_features=24, bias=True)
)
Creating DataLoaders...
  Using ReduceLROnPlateau: factor=0.6, patience=6, min_lr=2.200680633559293e-07
Trial 34 - Epoch 1/200 | Train Loss: 0.030756 | Val Loss: 0.016311 LR: 0.00046261
Trial 34 - Epoch 2/200 | Train Loss: 0.019708 | Val Loss: 0.014975 LR: 0.00046261
Trial 34 - Epoch 3/200 | Train Loss: 0.018722 | Val Loss: 0.014257 LR: 0.00046261
Trial 34 - Epoch 4/200 | Train Loss: 0.017999 | Val Loss: 0.013818 LR: 0.00046261
Trial 34 pruned at epoch 4.
BasicGNN(
  (convs): ModuleList(
    (0): GCNConv(504, 16)
    (1-2): 2 x GCNConv(16, 16)
  )
  (head): Linear(in_features=16, out_features=24, bias=True)
)
Creating DataLoaders...
  Using ReduceLROnPlateau: factor=0.4, patience=7, min_lr=3.8308444228238086e-07
Trial 35 - Epoch 1/200 | Train Loss: 0.038315 | Val Loss: 0.016484 LR: 0.00040893
Trial 35 - Epoch 2/200 | Train Loss: 0.019599 | Val Loss: 0.015082 LR: 0.00040893
Trial 35 - Epoch 3/200 | Train Loss: 0.018659 | Val Loss: 0.014532 LR: 0.00040893
Trial 35 - Epoch 4/200 | Train Loss: 0.018149 | Val Loss: 0.014253 LR: 0.00040893
Trial 35 pruned at epoch 4.
BasicGNN(
  (convs): ModuleList(
    (0): GCNConv(504, 80)
  )
  (head): Linear(in_features=80, out_features=24, bias=True)
)
Creating DataLoaders...
  Using ReduceLROnPlateau: factor=0.5, patience=10, min_lr=1.4217190093263284e-07
Trial 36 - Epoch 1/200 | Train Loss: 0.028490 | Val Loss: 0.018018 LR: 0.00014736
Trial 36 - Epoch 2/200 | Train Loss: 0.020133 | Val Loss: 0.016686 LR: 0.00014736
Trial 36 pruned at epoch 2.
BasicGNN(
  (convs): ModuleList(
    (0): GCNConv(504, 48)
    (1-3): 3 x GCNConv(48, 48)
  )
  (head): Linear(in_features=48, out_features=24, bias=True)
)
Creating DataLoaders...
  Using ReduceLROnPlateau: factor=0.30000000000000004, patience=8, min_lr=5.064000851786977e-08
Trial 37 - Epoch 1/200 | Train Loss: 0.024952 | Val Loss: 0.020233 LR: 0.00023974
Trial 37 - Epoch 2/200 | Train Loss: 0.018721 | Val Loss: 0.017634 LR: 0.00023974
Trial 37 - Epoch 3/200 | Train Loss: 0.018043 | Val Loss: 0.016077 LR: 0.00023974
Trial 37 - Epoch 4/200 | Train Loss: 0.017613 | Val Loss: 0.015329 LR: 0.00023974
Trial 37 - Epoch 5/200 | Train Loss: 0.017309 | Val Loss: 0.014866 LR: 0.00023974
Trial 37 - Epoch 6/200 | Train Loss: 0.017057 | Val Loss: 0.014548 LR: 0.00023974
Trial 37 - Epoch 7/200 | Train Loss: 0.016881 | Val Loss: 0.014366 LR: 0.00023974
Trial 37 - Epoch 8/200 | Train Loss: 0.016744 | Val Loss: 0.014729 LR: 0.00023974
Validation loss did not improve. Patience counter: 1/10
Trial 37 - Epoch 9/200 | Train Loss: 0.016687 | Val Loss: 0.014102 LR: 0.00023974
Trial 37 - Epoch 10/200 | Train Loss: 0.016560 | Val Loss: 0.014489 LR: 0.00023974
Trial 37 pruned at epoch 10.
BasicGNN(
  (convs): ModuleList(
    (0): GCNConv(504, 64)
    (1-3): 3 x GCNConv(64, 64)
  )
  (head): Linear(in_features=64, out_features=24, bias=True)
)
Creating DataLoaders...
  Using ReduceLROnPlateau: factor=0.4, patience=5, min_lr=8.420429915453317e-08
Trial 38 - Epoch 1/200 | Train Loss: 0.023224 | Val Loss: 0.018024 LR: 0.00077598
Trial 38 - Epoch 2/200 | Train Loss: 0.020274 | Val Loss: 0.014928 LR: 0.00077598
Trial 38 - Epoch 3/200 | Train Loss: 0.018902 | Val Loss: 0.014322 LR: 0.00077598
Trial 38 - Epoch 4/200 | Train Loss: 0.018435 | Val Loss: 0.014776 LR: 0.00077598
Trial 38 pruned at epoch 4.
BasicGNN(
  (convs): ModuleList(
    (0): GCNConv(504, 32)
    (1-2): 2 x GCNConv(32, 32)
  )
  (head): Linear(in_features=32, out_features=24, bias=True)
)
Creating DataLoaders...
  Using ReduceLROnPlateau: factor=0.6, patience=9, min_lr=1.6431421114766828e-07
Trial 39 - Epoch 1/200 | Train Loss: 0.031020 | Val Loss: 0.016737 LR: 0.00034307
Trial 39 - Epoch 2/200 | Train Loss: 0.019872 | Val Loss: 0.015270 LR: 0.00034307
Trial 39 - Epoch 3/200 | Train Loss: 0.018655 | Val Loss: 0.014562 LR: 0.00034307
Trial 39 - Epoch 4/200 | Train Loss: 0.018046 | Val Loss: 0.014072 LR: 0.00034307
Trial 39 pruned at epoch 4.
BasicGNN(
  (convs): ModuleList(
    (0): GCNConv(504, 16)
    (1-2): 2 x GCNConv(16, 16)
  )
  (head): Linear(in_features=16, out_features=24, bias=True)
)
Creating DataLoaders...
  Using ReduceLROnPlateau: factor=0.30000000000000004, patience=7, min_lr=1.8929166210234332e-08
Trial 40 - Epoch 1/200 | Train Loss: 0.024467 | Val Loss: 0.019483 LR: 0.00050258
Trial 40 - Epoch 2/200 | Train Loss: 0.018243 | Val Loss: 0.017261 LR: 0.00050258
Trial 40 pruned at epoch 2.
BasicGNN(
  (convs): ModuleList(
    (0): GCNConv(504, 32)
    (1-2): 2 x GCNConv(32, 32)
  )
  (head): Linear(in_features=32, out_features=24, bias=True)
)
Creating DataLoaders...
  Using ReduceLROnPlateau: factor=0.2, patience=7, min_lr=3.879228459513477e-08
Trial 41 - Epoch 1/200 | Train Loss: 0.020407 | Val Loss: 0.027682 LR: 0.00070791
Trial 41 - Epoch 2/200 | Train Loss: 0.017891 | Val Loss: 0.020924 LR: 0.00070791
Trial 41 pruned at epoch 2.
BasicGNN(
  (convs): ModuleList(
    (0): GCNConv(504, 48)
    (1-2): 2 x GCNConv(48, 48)
  )
  (head): Linear(in_features=48, out_features=24, bias=True)
)
Creating DataLoaders...
  Using ReduceLROnPlateau: factor=0.4, patience=6, min_lr=2.852334006831275e-08
Trial 42 - Epoch 1/200 | Train Loss: 0.020428 | Val Loss: 0.031484 LR: 0.00047261
Trial 42 - Epoch 2/200 | Train Loss: 0.018233 | Val Loss: 0.025752 LR: 0.00047261
Trial 42 pruned at epoch 2.
BasicGNN(
  (convs): ModuleList(
    (0): GCNConv(504, 32)
    (1-3): 3 x GCNConv(32, 32)
  )
  (head): Linear(in_features=32, out_features=24, bias=True)
)
Creating DataLoaders...
  Using ReduceLROnPlateau: factor=0.30000000000000004, patience=8, min_lr=6.200435128696764e-08
Trial 43 - Epoch 1/200 | Train Loss: 0.025371 | Val Loss: 0.022093 LR: 0.00017975
Trial 43 - Epoch 2/200 | Train Loss: 0.017896 | Val Loss: 0.019662 LR: 0.00017975
Trial 43 pruned at epoch 2.
BasicGNN(
  (convs): ModuleList(
    (0): GCNConv(504, 16)
    (1-3): 3 x GCNConv(16, 16)
  )
  (head): Linear(in_features=16, out_features=24, bias=True)
)
Creating DataLoaders...
  Using ReduceLROnPlateau: factor=0.1, patience=5, min_lr=1.2753108517560417e-07
Trial 44 - Epoch 1/200 | Train Loss: 0.086174 | Val Loss: 0.069566 LR: 0.00001186
Trial 44 - Epoch 2/200 | Train Loss: 0.078043 | Val Loss: 0.062541 LR: 0.00001186
Trial 44 - Epoch 3/200 | Train Loss: 0.067596 | Val Loss: 0.051793 LR: 0.00001186
Trial 44 - Epoch 4/200 | Train Loss: 0.054342 | Val Loss: 0.041424 LR: 0.00001186
Trial 44 - Epoch 5/200 | Train Loss: 0.043983 | Val Loss: 0.033917 LR: 0.00001186
Trial 44 - Epoch 6/200 | Train Loss: 0.036584 | Val Loss: 0.028455 LR: 0.00001186
Trial 44 - Epoch 7/200 | Train Loss: 0.031051 | Val Loss: 0.024183 LR: 0.00001186
Trial 44 - Epoch 8/200 | Train Loss: 0.026842 | Val Loss: 0.021189 LR: 0.00001186
Trial 44 - Epoch 9/200 | Train Loss: 0.023855 | Val Loss: 0.019076 LR: 0.00001186
Trial 44 - Epoch 10/200 | Train Loss: 0.021748 | Val Loss: 0.017617 LR: 0.00001186
Trial 44 pruned at epoch 10.
BasicGNN(
  (convs): ModuleList(
    (0): GCNConv(504, 48)
    (1): GCNConv(48, 48)
  )
  (head): Linear(in_features=48, out_features=24, bias=True)
)
Creating DataLoaders...
  Using ReduceLROnPlateau: factor=0.2, patience=6, min_lr=3.097813407798282e-08
Trial 45 - Epoch 1/200 | Train Loss: 0.020892 | Val Loss: 0.028918 LR: 0.00098576
Trial 45 - Epoch 2/200 | Train Loss: 0.018433 | Val Loss: 0.020555 LR: 0.00098576
Trial 45 pruned at epoch 2.
BasicGNN(
  (convs): ModuleList(
    (0): GCNConv(504, 32)
    (1-2): 2 x GCNConv(32, 32)
  )
  (head): Linear(in_features=32, out_features=24, bias=True)
)
Creating DataLoaders...
  Using ReduceLROnPlateau: factor=0.4, patience=7, min_lr=4.258006068889731e-08
Trial 46 - Epoch 1/200 | Train Loss: 0.022151 | Val Loss: 0.033754 LR: 0.00035973
Trial 46 - Epoch 2/200 | Train Loss: 0.018307 | Val Loss: 0.028133 LR: 0.00035973
Trial 46 - Epoch 3/200 | Train Loss: 0.017681 | Val Loss: 0.024643 LR: 0.00035973
Trial 46 - Epoch 4/200 | Train Loss: 0.017480 | Val Loss: 0.022796 LR: 0.00035973
Trial 46 pruned at epoch 4.
BasicGNN(
  (convs): ModuleList(
    (0): GCNConv(504, 64)
    (1-2): 2 x GCNConv(64, 64)
  )
  (head): Linear(in_features=64, out_features=24, bias=True)
)
Creating DataLoaders...
  Using ReduceLROnPlateau: factor=0.5, patience=9, min_lr=8.72607821239372e-08
Trial 47 - Epoch 1/200 | Train Loss: 0.020641 | Val Loss: 0.023550 LR: 0.00068296
Trial 47 - Epoch 2/200 | Train Loss: 0.018282 | Val Loss: 0.022436 LR: 0.00068296
Trial 47 pruned at epoch 2.
BasicGNN(
  (convs): ModuleList(
    (0): GCNConv(504, 112)
  )
  (head): Linear(in_features=112, out_features=24, bias=True)
)
Creating DataLoaders...
  Using ReduceLROnPlateau: factor=0.30000000000000004, patience=8, min_lr=5.206089262026763e-08
Trial 48 - Epoch 1/200 | Train Loss: 0.024312 | Val Loss: 0.018168 LR: 0.00027596
Trial 48 - Epoch 2/200 | Train Loss: 0.020300 | Val Loss: 0.016204 LR: 0.00027596
Trial 48 - Epoch 3/200 | Train Loss: 0.018986 | Val Loss: 0.015243 LR: 0.00027596
Trial 48 - Epoch 4/200 | Train Loss: 0.018159 | Val Loss: 0.014973 LR: 0.00027596
Trial 48 pruned at epoch 4.
BasicGNN(
  (convs): ModuleList(
    (0): GCNConv(504, 16)
    (1-3): 3 x GCNConv(16, 16)
  )
  (head): Linear(in_features=16, out_features=24, bias=True)
)
Creating DataLoaders...
  Using ReduceLROnPlateau: factor=0.4, patience=7, min_lr=1.7479653848115322e-07
Trial 49 - Epoch 1/200 | Train Loss: 0.046826 | Val Loss: 0.017078 LR: 0.00052079
Trial 49 - Epoch 2/200 | Train Loss: 0.019997 | Val Loss: 0.015536 LR: 0.00052079
Trial 49 - Epoch 3/200 | Train Loss: 0.018956 | Val Loss: 0.014783 LR: 0.00052079
Trial 49 - Epoch 4/200 | Train Loss: 0.018282 | Val Loss: 0.014550 LR: 0.00052079
Trial 49 pruned at epoch 4.
BasicGNN(
  (convs): ModuleList(
    (0): GCNConv(504, 80)
    (1): GCNConv(80, 80)
  )
  (head): Linear(in_features=80, out_features=24, bias=True)
)
Creating DataLoaders...
  Using ReduceLROnPlateau: factor=0.5, patience=8, min_lr=2.8808175101268503e-07
Trial 50 - Epoch 1/200 | Train Loss: 0.021073 | Val Loss: 0.027852 LR: 0.00014896
Trial 50 - Epoch 2/200 | Train Loss: 0.018232 | Val Loss: 0.024204 LR: 0.00014896
Trial 50 - Epoch 3/200 | Train Loss: 0.017669 | Val Loss: 0.023018 LR: 0.00014896
Trial 50 - Epoch 4/200 | Train Loss: 0.017297 | Val Loss: 0.021781 LR: 0.00014896
Trial 50 pruned at epoch 4.
BasicGNN(
  (convs): ModuleList(
    (0): GCNConv(504, 80)
    (1-2): 2 x GCNConv(80, 80)
  )
  (head): Linear(in_features=80, out_features=24, bias=True)
)
Creating DataLoaders...
  Using ReduceLROnPlateau: factor=0.4, patience=4, min_lr=2.2829753437608686e-07
Trial 51 - Epoch 1/200 | Train Loss: 0.020244 | Val Loss: 0.027771 LR: 0.00019625
Trial 51 - Epoch 2/200 | Train Loss: 0.017979 | Val Loss: 0.024128 LR: 0.00019625
Trial 51 pruned at epoch 2.
BasicGNN(
  (convs): ModuleList(
    (0): GCNConv(504, 80)
    (1-2): 2 x GCNConv(80, 80)
  )
  (head): Linear(in_features=80, out_features=24, bias=True)
)
Creating DataLoaders...
  Using ReduceLROnPlateau: factor=0.5, patience=4, min_lr=1.4552745576755962e-07
Trial 52 - Epoch 1/200 | Train Loss: 0.022514 | Val Loss: 0.020546 LR: 0.00008285
Trial 52 - Epoch 2/200 | Train Loss: 0.017941 | Val Loss: 0.019357 LR: 0.00008285
Trial 52 pruned at epoch 2.
BasicGNN(
  (convs): ModuleList(
    (0): GCNConv(504, 48)
    (1-2): 2 x GCNConv(48, 48)
  )
  (head): Linear(in_features=48, out_features=24, bias=True)
)
Creating DataLoaders...
  Using ReduceLROnPlateau: factor=0.30000000000000004, patience=5, min_lr=1.0333712487676893e-07
Trial 53 - Epoch 1/200 | Train Loss: 0.020569 | Val Loss: 0.020544 LR: 0.00015140
Trial 53 - Epoch 2/200 | Train Loss: 0.017866 | Val Loss: 0.019650 LR: 0.00015140
Trial 53 pruned at epoch 2.
BasicGNN(
  (convs): ModuleList(
    (0): GCNConv(504, 96)
    (1-3): 3 x GCNConv(96, 96)
  )
  (head): Linear(in_features=96, out_features=24, bias=True)
)
Creating DataLoaders...
  Using ReduceLROnPlateau: factor=0.6, patience=6, min_lr=7.657846569590789e-08
Trial 54 - Epoch 1/200 | Train Loss: 0.020066 | Val Loss: 0.026760 LR: 0.00030515
Trial 54 - Epoch 2/200 | Train Loss: 0.018187 | Val Loss: 0.025569 LR: 0.00030515
Trial 54 - Epoch 3/200 | Train Loss: 0.017736 | Val Loss: 0.018871 LR: 0.00030515
Trial 54 - Epoch 4/200 | Train Loss: 0.017231 | Val Loss: 0.015824 LR: 0.00030515
Trial 54 pruned at epoch 4.
BasicGNN(
  (convs): ModuleList(
    (0): GCNConv(504, 96)
    (1-3): 3 x GCNConv(96, 96)
  )
  (head): Linear(in_features=96, out_features=24, bias=True)
)
Creating DataLoaders...
  Using ReduceLROnPlateau: factor=0.4, patience=3, min_lr=2.1281094596803216e-08
Trial 55 - Epoch 1/200 | Train Loss: 0.022360 | Val Loss: 0.016958 LR: 0.00041947
Trial 55 - Epoch 2/200 | Train Loss: 0.019965 | Val Loss: 0.015672 LR: 0.00041947
Trial 55 - Epoch 3/200 | Train Loss: 0.019295 | Val Loss: 0.015028 LR: 0.00041947
Trial 55 - Epoch 4/200 | Train Loss: 0.018651 | Val Loss: 0.014594 LR: 0.00041947
Trial 55 pruned at epoch 4.
BasicGNN(
  (convs): ModuleList(
    (0): GCNConv(504, 32)
    (1): GCNConv(32, 32)
  )
  (head): Linear(in_features=32, out_features=24, bias=True)
)
Creating DataLoaders...
  Using ReduceLROnPlateau: factor=0.5, patience=7, min_lr=1.2273156913249174e-07
Trial 56 - Epoch 1/200 | Train Loss: 0.042470 | Val Loss: 0.017586 LR: 0.00023007
Trial 56 - Epoch 2/200 | Train Loss: 0.019931 | Val Loss: 0.015977 LR: 0.00023007
Trial 56 - Epoch 3/200 | Train Loss: 0.018822 | Val Loss: 0.015187 LR: 0.00023007
Trial 56 - Epoch 4/200 | Train Loss: 0.018127 | Val Loss: 0.014706 LR: 0.00023007
Trial 56 pruned at epoch 4.
BasicGNN(
  (convs): ModuleList(
    (0): GCNConv(504, 96)
    (1-2): 2 x GCNConv(96, 96)
  )
  (head): Linear(in_features=96, out_features=24, bias=True)
)
Creating DataLoaders...
  Using ReduceLROnPlateau: factor=0.7, patience=3, min_lr=3.478578344140083e-07
Trial 57 - Epoch 1/200 | Train Loss: 0.021312 | Val Loss: 0.019371 LR: 0.00082099
Trial 57 - Epoch 2/200 | Train Loss: 0.020632 | Val Loss: 0.015370 LR: 0.00082099
Trial 57 - Epoch 3/200 | Train Loss: 0.019121 | Val Loss: 0.014881 LR: 0.00082099
Trial 57 - Epoch 4/200 | Train Loss: 0.018375 | Val Loss: 0.014099 LR: 0.00082099
Trial 57 - Epoch 5/200 | Train Loss: 0.018118 | Val Loss: 0.013358 LR: 0.00082099
Trial 57 - Epoch 6/200 | Train Loss: 0.017419 | Val Loss: 0.012927 LR: 0.00082099
Trial 57 - Epoch 7/200 | Train Loss: 0.017241 | Val Loss: 0.013040 LR: 0.00082099
Validation loss did not improve. Patience counter: 1/10
Trial 57 - Epoch 8/200 | Train Loss: 0.017026 | Val Loss: 0.012910 LR: 0.00082099
Trial 57 - Epoch 9/200 | Train Loss: 0.016871 | Val Loss: 0.012865 LR: 0.00082099
Trial 57 - Epoch 10/200 | Train Loss: 0.016902 | Val Loss: 0.013896 LR: 0.00082099
Trial 57 pruned at epoch 10.
BasicGNN(
  (convs): ModuleList(
    (0): GCNConv(504, 16)
    (1-3): 3 x GCNConv(16, 16)
  )
  (head): Linear(in_features=16, out_features=24, bias=True)
)
Creating DataLoaders...
  Using ReduceLROnPlateau: factor=0.5, patience=10, min_lr=1.6135878676186108e-07
Trial 58 - Epoch 1/200 | Train Loss: 0.033229 | Val Loss: 0.018126 LR: 0.00011307
Trial 58 - Epoch 2/200 | Train Loss: 0.018314 | Val Loss: 0.015885 LR: 0.00011307
Trial 58 - Epoch 3/200 | Train Loss: 0.017678 | Val Loss: 0.015544 LR: 0.00011307
Trial 58 - Epoch 4/200 | Train Loss: 0.017388 | Val Loss: 0.015127 LR: 0.00011307
Trial 58 pruned at epoch 4.
BasicGNN(
  (convs): ModuleList(
    (0): GCNConv(504, 64)
    (1-3): 3 x GCNConv(64, 64)
  )
  (head): Linear(in_features=64, out_features=24, bias=True)
)
Creating DataLoaders...
  Using ReduceLROnPlateau: factor=0.4, patience=8, min_lr=9.349026059449947e-08
Trial 59 - Epoch 1/200 | Train Loss: 0.022652 | Val Loss: 0.021355 LR: 0.00035117
Trial 59 - Epoch 2/200 | Train Loss: 0.018452 | Val Loss: 0.017992 LR: 0.00035117
Trial 59 pruned at epoch 2.
BasicGNN(
  (convs): ModuleList(
    (0): GCNConv(504, 48)
    (1-2): 2 x GCNConv(48, 48)
  )
  (head): Linear(in_features=48, out_features=24, bias=True)
)
Creating DataLoaders...
  Using ReduceLROnPlateau: factor=0.2, patience=6, min_lr=7.337682746165167e-08
Trial 60 - Epoch 1/200 | Train Loss: 0.024833 | Val Loss: 0.016535 LR: 0.00056091
Trial 60 - Epoch 2/200 | Train Loss: 0.019726 | Val Loss: 0.015131 LR: 0.00056091
Trial 60 - Epoch 3/200 | Train Loss: 0.018830 | Val Loss: 0.014430 LR: 0.00056091
Trial 60 - Epoch 4/200 | Train Loss: 0.018177 | Val Loss: 0.013896 LR: 0.00056091
Trial 60 - Epoch 5/200 | Train Loss: 0.017649 | Val Loss: 0.013671 LR: 0.00056091
Trial 60 - Epoch 6/200 | Train Loss: 0.017328 | Val Loss: 0.013917 LR: 0.00056091
Validation loss did not improve. Patience counter: 1/10
Trial 60 - Epoch 7/200 | Train Loss: 0.017413 | Val Loss: 0.013246 LR: 0.00056091
Trial 60 - Epoch 8/200 | Train Loss: 0.017171 | Val Loss: 0.013033 LR: 0.00056091
Trial 60 - Epoch 9/200 | Train Loss: 0.016914 | Val Loss: 0.012831 LR: 0.00056091
Trial 60 - Epoch 10/200 | Train Loss: 0.016739 | Val Loss: 0.012700 LR: 0.00056091
Trial 60 pruned at epoch 10.
BasicGNN(
  (convs): ModuleList(
    (0): GCNConv(504, 48)
    (1-2): 2 x GCNConv(48, 48)
  )
  (head): Linear(in_features=48, out_features=24, bias=True)
)
Creating DataLoaders...
  Using ReduceLROnPlateau: factor=0.5, patience=9, min_lr=6.251127918496861e-08
Trial 61 - Epoch 1/200 | Train Loss: 0.063484 | Val Loss: 0.025593 LR: 0.00007145
Trial 61 - Epoch 2/200 | Train Loss: 0.022145 | Val Loss: 0.016416 LR: 0.00007145
Trial 61 pruned at epoch 2.
BasicGNN(
  (convs): ModuleList(
    (0): GCNConv(504, 32)
    (1-2): 2 x GCNConv(32, 32)
  )
  (head): Linear(in_features=32, out_features=24, bias=True)
)
Creating DataLoaders...
  Using ReduceLROnPlateau: factor=0.5, patience=8, min_lr=7.019440066540453e-08
Trial 62 - Epoch 1/200 | Train Loss: 0.039242 | Val Loss: 0.020279 LR: 0.00013556
Trial 62 - Epoch 2/200 | Train Loss: 0.020926 | Val Loss: 0.016021 LR: 0.00013556
Trial 62 - Epoch 3/200 | Train Loss: 0.018827 | Val Loss: 0.015280 LR: 0.00013556
Trial 62 - Epoch 4/200 | Train Loss: 0.018106 | Val Loss: 0.014851 LR: 0.00013556
Trial 62 pruned at epoch 4.
BasicGNN(
  (convs): ModuleList(
    (0): GCNConv(504, 64)
    (1-2): 2 x GCNConv(64, 64)
  )
  (head): Linear(in_features=64, out_features=24, bias=True)
)
Creating DataLoaders...
  Using ReduceLROnPlateau: factor=0.6, patience=7, min_lr=1.0858551599109373e-07
Trial 63 - Epoch 1/200 | Train Loss: 0.041400 | Val Loss: 0.016505 LR: 0.00010125
Trial 63 - Epoch 2/200 | Train Loss: 0.019690 | Val Loss: 0.015308 LR: 0.00010125
Trial 63 - Epoch 3/200 | Train Loss: 0.018683 | Val Loss: 0.014647 LR: 0.00010125
Trial 63 - Epoch 4/200 | Train Loss: 0.018004 | Val Loss: 0.014156 LR: 0.00010125
Trial 63 - Epoch 5/200 | Train Loss: 0.017503 | Val Loss: 0.013829 LR: 0.00010125
Trial 63 - Epoch 6/200 | Train Loss: 0.017147 | Val Loss: 0.013620 LR: 0.00010125
Trial 63 - Epoch 7/200 | Train Loss: 0.016908 | Val Loss: 0.013480 LR: 0.00010125
Trial 63 - Epoch 8/200 | Train Loss: 0.016744 | Val Loss: 0.013369 LR: 0.00010125
Trial 63 - Epoch 9/200 | Train Loss: 0.016622 | Val Loss: 0.013275 LR: 0.00010125
Trial 63 - Epoch 10/200 | Train Loss: 0.016525 | Val Loss: 0.013204 LR: 0.00010125
Trial 63 pruned at epoch 10.
BasicGNN(
  (convs): ModuleList(
    (0): GCNConv(504, 48)
    (1-2): 2 x GCNConv(48, 48)
  )
  (head): Linear(in_features=48, out_features=24, bias=True)
)
Creating DataLoaders...
  Using ReduceLROnPlateau: factor=0.5, patience=9, min_lr=1.992602570590343e-07
Trial 64 - Epoch 1/200 | Train Loss: 0.051489 | Val Loss: 0.021706 LR: 0.00006345
Trial 64 - Epoch 2/200 | Train Loss: 0.021876 | Val Loss: 0.016243 LR: 0.00006345
Trial 64 pruned at epoch 2.
BasicGNN(
  (convs): ModuleList(
    (0): GCNConv(504, 32)
    (1-3): 3 x GCNConv(32, 32)
  )
  (head): Linear(in_features=32, out_features=24, bias=True)
)
Creating DataLoaders...
  Using ReduceLROnPlateau: factor=0.4, patience=8, min_lr=4.354281176312341e-08
Trial 65 - Epoch 1/200 | Train Loss: 0.050910 | Val Loss: 0.016873 LR: 0.00016870
Trial 65 - Epoch 2/200 | Train Loss: 0.020040 | Val Loss: 0.015590 LR: 0.00016870
Trial 65 - Epoch 3/200 | Train Loss: 0.019005 | Val Loss: 0.014959 LR: 0.00016870
Trial 65 - Epoch 4/200 | Train Loss: 0.018317 | Val Loss: 0.014466 LR: 0.00016870
Trial 65 pruned at epoch 4.
BasicGNN(
  (convs): ModuleList(
    (0): GCNConv(504, 48)
    (1-2): 2 x GCNConv(48, 48)
  )
  (head): Linear(in_features=48, out_features=24, bias=True)
)
Creating DataLoaders...
  Using ReduceLROnPlateau: factor=0.5, patience=7, min_lr=1.3478267920172277e-07
Trial 66 - Epoch 1/200 | Train Loss: 0.032556 | Val Loss: 0.016792 LR: 0.00027092
Trial 66 - Epoch 2/200 | Train Loss: 0.019943 | Val Loss: 0.015736 LR: 0.00027092
Trial 66 - Epoch 3/200 | Train Loss: 0.018974 | Val Loss: 0.014873 LR: 0.00027092
Trial 66 - Epoch 4/200 | Train Loss: 0.018191 | Val Loss: 0.014423 LR: 0.00027092
Trial 66 - Epoch 5/200 | Train Loss: 0.017709 | Val Loss: 0.014060 LR: 0.00027092
Trial 66 - Epoch 6/200 | Train Loss: 0.017346 | Val Loss: 0.013812 LR: 0.00027092
Trial 66 - Epoch 7/200 | Train Loss: 0.017092 | Val Loss: 0.013638 LR: 0.00027092
Trial 66 - Epoch 8/200 | Train Loss: 0.016924 | Val Loss: 0.013493 LR: 0.00027092
Trial 66 - Epoch 9/200 | Train Loss: 0.016766 | Val Loss: 0.013383 LR: 0.00027092
Trial 66 - Epoch 10/200 | Train Loss: 0.016650 | Val Loss: 0.013281 LR: 0.00027092
Trial 66 - Epoch 11/200 | Train Loss: 0.016568 | Val Loss: 0.013182 LR: 0.00027092
Trial 66 - Epoch 12/200 | Train Loss: 0.016494 | Val Loss: 0.013095 LR: 0.00027092
Trial 66 - Epoch 13/200 | Train Loss: 0.016434 | Val Loss: 0.012997 LR: 0.00027092
Trial 66 - Epoch 14/200 | Train Loss: 0.016360 | Val Loss: 0.012890 LR: 0.00027092
Trial 66 - Epoch 15/200 | Train Loss: 0.016290 | Val Loss: 0.012820 LR: 0.00027092
Trial 66 - Epoch 16/200 | Train Loss: 0.016260 | Val Loss: 0.012707 LR: 0.00027092
Trial 66 - Epoch 17/200 | Train Loss: 0.016197 | Val Loss: 0.012768 LR: 0.00027092
Validation loss did not improve. Patience counter: 1/10
Trial 66 - Epoch 18/200 | Train Loss: 0.016187 | Val Loss: 0.012547 LR: 0.00027092
Trial 66 - Epoch 19/200 | Train Loss: 0.016119 | Val Loss: 0.012486 LR: 0.00027092
Trial 66 - Epoch 20/200 | Train Loss: 0.016041 | Val Loss: 0.012438 LR: 0.00027092
Trial 66 - Epoch 21/200 | Train Loss: 0.016011 | Val Loss: 0.012355 LR: 0.00027092
Trial 66 - Epoch 22/200 | Train Loss: 0.015983 | Val Loss: 0.012287 LR: 0.00027092
Trial 66 - Epoch 23/200 | Train Loss: 0.015939 | Val Loss: 0.012232 LR: 0.00027092
Trial 66 - Epoch 24/200 | Train Loss: 0.015885 | Val Loss: 0.012238 LR: 0.00027092
Validation loss did not improve. Patience counter: 1/10
Trial 66 - Epoch 25/200 | Train Loss: 0.015834 | Val Loss: 0.012183 LR: 0.00027092
Trial 66 - Epoch 26/200 | Train Loss: 0.015808 | Val Loss: 0.012166 LR: 0.00027092
Trial 66 - Epoch 27/200 | Train Loss: 0.015785 | Val Loss: 0.012153 LR: 0.00027092
Trial 66 - Epoch 28/200 | Train Loss: 0.015751 | Val Loss: 0.012110 LR: 0.00027092
Trial 66 - Epoch 29/200 | Train Loss: 0.015692 | Val Loss: 0.012149 LR: 0.00027092
Validation loss did not improve. Patience counter: 1/10
Trial 66 - Epoch 30/200 | Train Loss: 0.015614 | Val Loss: 0.012182 LR: 0.00027092
Validation loss did not improve. Patience counter: 2/10
Trial 66 - Epoch 31/200 | Train Loss: 0.015559 | Val Loss: 0.012143 LR: 0.00027092
Validation loss did not improve. Patience counter: 3/10
Trial 66 - Epoch 32/200 | Train Loss: 0.015507 | Val Loss: 0.012132 LR: 0.00027092
Validation loss did not improve. Patience counter: 4/10
Trial 66 - Epoch 33/200 | Train Loss: 0.015472 | Val Loss: 0.012131 LR: 0.00027092
Validation loss did not improve. Patience counter: 5/10
Trial 66 - Epoch 34/200 | Train Loss: 0.015428 | Val Loss: 0.012156 LR: 0.00027092
Validation loss did not improve. Patience counter: 6/10
Trial 66 - Epoch 35/200 | Train Loss: 0.015387 | Val Loss: 0.012150 LR: 0.00027092
Validation loss did not improve. Patience counter: 7/10
Trial 66 - Epoch 36/200 | Train Loss: 0.015359 | Val Loss: 0.012167 LR: 0.00013546
Validation loss did not improve. Patience counter: 8/10
Trial 66 - Epoch 37/200 | Train Loss: 0.015158 | Val Loss: 0.012583 LR: 0.00013546
Validation loss did not improve. Patience counter: 9/10
Trial 66 - Epoch 38/200 | Train Loss: 0.015094 | Val Loss: 0.012650 LR: 0.00013546
Validation loss did not improve. Patience counter: 10/10
Trial 66 early stopping triggered at epoch 38.
BasicGNN(
  (convs): ModuleList(
    (0): GCNConv(504, 64)
    (1-3): 3 x GCNConv(64, 64)
  )
  (head): Linear(in_features=64, out_features=24, bias=True)
)
Creating DataLoaders...
  Using ReduceLROnPlateau: factor=0.6, patience=7, min_lr=2.421096839202312e-07
Trial 67 - Epoch 1/200 | Train Loss: 0.024982 | Val Loss: 0.015458 LR: 0.00027199
Trial 67 - Epoch 2/200 | Train Loss: 0.019371 | Val Loss: 0.014596 LR: 0.00027199
Trial 67 - Epoch 3/200 | Train Loss: 0.018498 | Val Loss: 0.014009 LR: 0.00027199
Trial 67 - Epoch 4/200 | Train Loss: 0.017822 | Val Loss: 0.013647 LR: 0.00027199
Trial 67 - Epoch 5/200 | Train Loss: 0.017477 | Val Loss: 0.013337 LR: 0.00027199
Trial 67 - Epoch 6/200 | Train Loss: 0.017143 | Val Loss: 0.013214 LR: 0.00027199
Trial 67 - Epoch 7/200 | Train Loss: 0.016964 | Val Loss: 0.012950 LR: 0.00027199
Trial 67 - Epoch 8/200 | Train Loss: 0.016771 | Val Loss: 0.012809 LR: 0.00027199
Trial 67 - Epoch 9/200 | Train Loss: 0.016639 | Val Loss: 0.012708 LR: 0.00027199
Trial 67 - Epoch 10/200 | Train Loss: 0.016534 | Val Loss: 0.012614 LR: 0.00027199
Trial 67 - Epoch 11/200 | Train Loss: 0.016452 | Val Loss: 0.012493 LR: 0.00027199
Trial 67 - Epoch 12/200 | Train Loss: 0.016368 | Val Loss: 0.012410 LR: 0.00027199
Trial 67 - Epoch 13/200 | Train Loss: 0.016296 | Val Loss: 0.012334 LR: 0.00027199
Trial 67 - Epoch 14/200 | Train Loss: 0.016230 | Val Loss: 0.012273 LR: 0.00027199
Trial 67 - Epoch 15/200 | Train Loss: 0.016176 | Val Loss: 0.012226 LR: 0.00027199
Trial 67 - Epoch 16/200 | Train Loss: 0.016127 | Val Loss: 0.012181 LR: 0.00027199
Trial 67 - Epoch 17/200 | Train Loss: 0.016096 | Val Loss: 0.012147 LR: 0.00027199
Trial 67 - Epoch 18/200 | Train Loss: 0.016059 | Val Loss: 0.012106 LR: 0.00027199
Trial 67 - Epoch 19/200 | Train Loss: 0.016017 | Val Loss: 0.012142 LR: 0.00027199
Validation loss did not improve. Patience counter: 1/10
Trial 67 - Epoch 20/200 | Train Loss: 0.015992 | Val Loss: 0.012054 LR: 0.00027199
Trial 67 - Epoch 21/200 | Train Loss: 0.015947 | Val Loss: 0.011975 LR: 0.00027199
Trial 67 - Epoch 22/200 | Train Loss: 0.015909 | Val Loss: 0.011944 LR: 0.00027199
Trial 67 - Epoch 23/200 | Train Loss: 0.015879 | Val Loss: 0.011918 LR: 0.00027199
Trial 67 - Epoch 24/200 | Train Loss: 0.015847 | Val Loss: 0.011889 LR: 0.00027199
Trial 67 - Epoch 25/200 | Train Loss: 0.015818 | Val Loss: 0.011866 LR: 0.00027199
Trial 67 - Epoch 26/200 | Train Loss: 0.015791 | Val Loss: 0.011842 LR: 0.00027199
Trial 67 - Epoch 27/200 | Train Loss: 0.015780 | Val Loss: 0.011815 LR: 0.00027199
Trial 67 - Epoch 28/200 | Train Loss: 0.015757 | Val Loss: 0.011796 LR: 0.00027199
Trial 67 - Epoch 29/200 | Train Loss: 0.015741 | Val Loss: 0.011785 LR: 0.00027199
Trial 67 - Epoch 30/200 | Train Loss: 0.015720 | Val Loss: 0.011755 LR: 0.00027199
Trial 67 - Epoch 31/200 | Train Loss: 0.015745 | Val Loss: 0.011733 LR: 0.00027199
Trial 67 - Epoch 32/200 | Train Loss: 0.015690 | Val Loss: 0.011725 LR: 0.00027199
Trial 67 - Epoch 33/200 | Train Loss: 0.015662 | Val Loss: 0.011717 LR: 0.00027199
Trial 67 - Epoch 34/200 | Train Loss: 0.015629 | Val Loss: 0.011714 LR: 0.00027199
Trial 67 - Epoch 35/200 | Train Loss: 0.015613 | Val Loss: 0.011715 LR: 0.00027199
Validation loss did not improve. Patience counter: 1/10
Trial 67 - Epoch 36/200 | Train Loss: 0.015599 | Val Loss: 0.011723 LR: 0.00027199
Validation loss did not improve. Patience counter: 2/10
Trial 67 - Epoch 37/200 | Train Loss: 0.015566 | Val Loss: 0.011718 LR: 0.00027199
Validation loss did not improve. Patience counter: 3/10
Trial 67 - Epoch 38/200 | Train Loss: 0.015546 | Val Loss: 0.011719 LR: 0.00027199
Validation loss did not improve. Patience counter: 4/10
Trial 67 - Epoch 39/200 | Train Loss: 0.015516 | Val Loss: 0.011727 LR: 0.00027199
Validation loss did not improve. Patience counter: 5/10
Trial 67 - Epoch 40/200 | Train Loss: 0.015520 | Val Loss: 0.011735 LR: 0.00027199
Validation loss did not improve. Patience counter: 6/10
Trial 67 - Epoch 41/200 | Train Loss: 0.015474 | Val Loss: 0.011986 LR: 0.00027199
Validation loss did not improve. Patience counter: 7/10
Trial 67 - Epoch 42/200 | Train Loss: 0.015604 | Val Loss: 0.011776 LR: 0.00016319
Validation loss did not improve. Patience counter: 8/10
Trial 67 - Epoch 43/200 | Train Loss: 0.015309 | Val Loss: 0.011798 LR: 0.00016319
Validation loss did not improve. Patience counter: 9/10
Trial 67 - Epoch 44/200 | Train Loss: 0.015201 | Val Loss: 0.011824 LR: 0.00016319
Validation loss did not improve. Patience counter: 10/10
Trial 67 early stopping triggered at epoch 44.
BasicGNN(
  (convs): ModuleList(
    (0): GCNConv(504, 64)
    (1-3): 3 x GCNConv(64, 64)
  )
  (head): Linear(in_features=64, out_features=24, bias=True)
)
Creating DataLoaders...
  Using ReduceLROnPlateau: factor=0.6, patience=6, min_lr=4.921568136012095e-07
Trial 68 - Epoch 1/200 | Train Loss: 0.025874 | Val Loss: 0.016006 LR: 0.00031605
Trial 68 - Epoch 2/200 | Train Loss: 0.019797 | Val Loss: 0.015042 LR: 0.00031605
Trial 68 - Epoch 3/200 | Train Loss: 0.018832 | Val Loss: 0.014379 LR: 0.00031605
Trial 68 - Epoch 4/200 | Train Loss: 0.018240 | Val Loss: 0.013828 LR: 0.00031605
Trial 68 - Epoch 5/200 | Train Loss: 0.017693 | Val Loss: 0.013471 LR: 0.00031605
Trial 68 - Epoch 6/200 | Train Loss: 0.017317 | Val Loss: 0.013237 LR: 0.00031605
Trial 68 - Epoch 7/200 | Train Loss: 0.017072 | Val Loss: 0.013061 LR: 0.00031605
Trial 68 - Epoch 8/200 | Train Loss: 0.016900 | Val Loss: 0.012954 LR: 0.00031605
Trial 68 - Epoch 9/200 | Train Loss: 0.016761 | Val Loss: 0.012798 LR: 0.00031605
Trial 68 - Epoch 10/200 | Train Loss: 0.016651 | Val Loss: 0.012741 LR: 0.00031605
Trial 68 - Epoch 11/200 | Train Loss: 0.016569 | Val Loss: 0.012605 LR: 0.00031605
Trial 68 - Epoch 12/200 | Train Loss: 0.016485 | Val Loss: 0.012568 LR: 0.00031605
Trial 68 - Epoch 13/200 | Train Loss: 0.016414 | Val Loss: 0.012479 LR: 0.00031605
Trial 68 - Epoch 14/200 | Train Loss: 0.016347 | Val Loss: 0.012409 LR: 0.00031605
Trial 68 - Epoch 15/200 | Train Loss: 0.016287 | Val Loss: 0.012334 LR: 0.00031605
Trial 68 - Epoch 16/200 | Train Loss: 0.016230 | Val Loss: 0.012277 LR: 0.00031605
Trial 68 - Epoch 17/200 | Train Loss: 0.016186 | Val Loss: 0.012231 LR: 0.00031605
Trial 68 - Epoch 18/200 | Train Loss: 0.016142 | Val Loss: 0.012197 LR: 0.00031605
Trial 68 - Epoch 19/200 | Train Loss: 0.016087 | Val Loss: 0.012128 LR: 0.00031605
Trial 68 - Epoch 20/200 | Train Loss: 0.016036 | Val Loss: 0.012090 LR: 0.00031605
Trial 68 - Epoch 21/200 | Train Loss: 0.015992 | Val Loss: 0.012074 LR: 0.00031605
Trial 68 - Epoch 22/200 | Train Loss: 0.015936 | Val Loss: 0.011978 LR: 0.00031605
Trial 68 - Epoch 23/200 | Train Loss: 0.015888 | Val Loss: 0.012007 LR: 0.00031605
Validation loss did not improve. Patience counter: 1/10
Trial 68 - Epoch 24/200 | Train Loss: 0.015849 | Val Loss: 0.012047 LR: 0.00031605
Validation loss did not improve. Patience counter: 2/10
Trial 68 - Epoch 25/200 | Train Loss: 0.015817 | Val Loss: 0.011983 LR: 0.00031605
Validation loss did not improve. Patience counter: 3/10
Trial 68 - Epoch 26/200 | Train Loss: 0.015759 | Val Loss: 0.011952 LR: 0.00031605
Trial 68 - Epoch 27/200 | Train Loss: 0.015715 | Val Loss: 0.011930 LR: 0.00031605
Trial 68 - Epoch 28/200 | Train Loss: 0.015687 | Val Loss: 0.011937 LR: 0.00031605
Validation loss did not improve. Patience counter: 1/10
Trial 68 - Epoch 29/200 | Train Loss: 0.015667 | Val Loss: 0.011951 LR: 0.00031605
Validation loss did not improve. Patience counter: 2/10
Trial 68 - Epoch 30/200 | Train Loss: 0.015640 | Val Loss: 0.011902 LR: 0.00031605
Trial 68 - Epoch 31/200 | Train Loss: 0.015608 | Val Loss: 0.011900 LR: 0.00031605
Trial 68 - Epoch 32/200 | Train Loss: 0.015584 | Val Loss: 0.011860 LR: 0.00031605
Trial 68 - Epoch 33/200 | Train Loss: 0.015551 | Val Loss: 0.011868 LR: 0.00031605
Validation loss did not improve. Patience counter: 1/10
Trial 68 - Epoch 34/200 | Train Loss: 0.015496 | Val Loss: 0.011942 LR: 0.00031605
Validation loss did not improve. Patience counter: 2/10
Trial 68 - Epoch 35/200 | Train Loss: 0.015464 | Val Loss: 0.011945 LR: 0.00031605
Validation loss did not improve. Patience counter: 3/10
Trial 68 - Epoch 36/200 | Train Loss: 0.015436 | Val Loss: 0.011976 LR: 0.00031605
Validation loss did not improve. Patience counter: 4/10
Trial 68 - Epoch 37/200 | Train Loss: 0.015404 | Val Loss: 0.012018 LR: 0.00031605
Validation loss did not improve. Patience counter: 5/10
Trial 68 - Epoch 38/200 | Train Loss: 0.015401 | Val Loss: 0.012032 LR: 0.00031605
Validation loss did not improve. Patience counter: 6/10
Trial 68 - Epoch 39/200 | Train Loss: 0.015373 | Val Loss: 0.012064 LR: 0.00018963
Validation loss did not improve. Patience counter: 7/10
Trial 68 - Epoch 40/200 | Train Loss: 0.015241 | Val Loss: 0.012347 LR: 0.00018963
Validation loss did not improve. Patience counter: 8/10
Trial 68 - Epoch 41/200 | Train Loss: 0.015204 | Val Loss: 0.012330 LR: 0.00018963
Validation loss did not improve. Patience counter: 9/10
Trial 68 - Epoch 42/200 | Train Loss: 0.015171 | Val Loss: 0.012334 LR: 0.00018963
Validation loss did not improve. Patience counter: 10/10
Trial 68 early stopping triggered at epoch 42.
BasicGNN(
  (convs): ModuleList(
    (0): GCNConv(504, 64)
    (1-3): 3 x GCNConv(64, 64)
  )
  (head): Linear(in_features=64, out_features=24, bias=True)
)
Creating DataLoaders...
  Using ReduceLROnPlateau: factor=0.7, patience=6, min_lr=5.759409703415192e-07
Trial 69 - Epoch 1/200 | Train Loss: 0.023771 | Val Loss: 0.016506 LR: 0.00043532
Trial 69 - Epoch 2/200 | Train Loss: 0.019881 | Val Loss: 0.015313 LR: 0.00043532
Trial 69 - Epoch 3/200 | Train Loss: 0.018963 | Val Loss: 0.014643 LR: 0.00043532
Trial 69 - Epoch 4/200 | Train Loss: 0.018343 | Val Loss: 0.014133 LR: 0.00043532
Trial 69 pruned at epoch 4.

--- Optuna Study Complete ---
Number of finished trials: 70
Best trial:
  Value (Min Validation Loss): 0.011714
  Params: 
    lr: 0.000271991370047317
    weight_decay: 1.3194500760850434e-06
    batch_size: 64
    hidden_dim: 64
    num_gcn: 4
    plateau_factor: 0.6
    plateau_patience: 7
    plateau_min_lr: 2.421096839202312e-07
BasicGNN(
  (convs): ModuleList(
    (0): GCNConv(504, 64)
    (1-3): 3 x GCNConv(64, 64)
  )
  (head): Linear(in_features=64, out_features=24, bias=True)
)
[Epoch 1/200] Training Loss: 0.027169 | Validation Loss: 0.016455
[Epoch 2/200] Training Loss: 0.020310 | Validation Loss: 0.015247
[Epoch 3/200] Training Loss: 0.019208 | Validation Loss: 0.014729
[Epoch 4/200] Training Loss: 0.018533 | Validation Loss: 0.014045
[Epoch 5/200] Training Loss: 0.017849 | Validation Loss: 0.013637
[Epoch 6/200] Training Loss: 0.017426 | Validation Loss: 0.013378
[Epoch 7/200] Training Loss: 0.017128 | Validation Loss: 0.013212
[Epoch 8/200] Training Loss: 0.016930 | Validation Loss: 0.013248
Validation loss did not improve. Patience counter: 1/10
[Epoch 9/200] Training Loss: 0.016814 | Validation Loss: 0.012983
[Epoch 10/200] Training Loss: 0.016672 | Validation Loss: 0.012886
[Epoch 11/200] Training Loss: 0.016579 | Validation Loss: 0.012813
[Epoch 12/200] Training Loss: 0.016497 | Validation Loss: 0.012701
[Epoch 13/200] Training Loss: 0.016427 | Validation Loss: 0.012639
[Epoch 14/200] Training Loss: 0.016366 | Validation Loss: 0.012566
[Epoch 15/200] Training Loss: 0.016309 | Validation Loss: 0.012491
[Epoch 16/200] Training Loss: 0.016265 | Validation Loss: 0.012421
[Epoch 17/200] Training Loss: 0.016223 | Validation Loss: 0.012356
[Epoch 18/200] Training Loss: 0.016179 | Validation Loss: 0.012327
[Epoch 19/200] Training Loss: 0.016138 | Validation Loss: 0.012273
[Epoch 20/200] Training Loss: 0.016104 | Validation Loss: 0.012228
[Epoch 21/200] Training Loss: 0.016068 | Validation Loss: 0.012188
[Epoch 22/200] Training Loss: 0.016041 | Validation Loss: 0.012151
[Epoch 23/200] Training Loss: 0.016005 | Validation Loss: 0.012108
[Epoch 24/200] Training Loss: 0.015967 | Validation Loss: 0.012566
Validation loss did not improve. Patience counter: 1/10
[Epoch 25/200] Training Loss: 0.015982 | Validation Loss: 0.012123
Validation loss did not improve. Patience counter: 2/10
[Epoch 26/200] Training Loss: 0.015908 | Validation Loss: 0.012060
[Epoch 27/200] Training Loss: 0.015856 | Validation Loss: 0.012059
[Epoch 28/200] Training Loss: 0.015833 | Validation Loss: 0.012066
Validation loss did not improve. Patience counter: 1/10
[Epoch 29/200] Training Loss: 0.015789 | Validation Loss: 0.012050
[Epoch 30/200] Training Loss: 0.015739 | Validation Loss: 0.012053
Validation loss did not improve. Patience counter: 1/10
[Epoch 31/200] Training Loss: 0.015701 | Validation Loss: 0.012028
[Epoch 32/200] Training Loss: 0.015636 | Validation Loss: 0.012025
[Epoch 33/200] Training Loss: 0.015641 | Validation Loss: 0.011979
[Epoch 34/200] Training Loss: 0.015561 | Validation Loss: 0.011955
[Epoch 35/200] Training Loss: 0.015503 | Validation Loss: 0.011985
Validation loss did not improve. Patience counter: 1/10
[Epoch 36/200] Training Loss: 0.015472 | Validation Loss: 0.011968
Validation loss did not improve. Patience counter: 2/10
[Epoch 37/200] Training Loss: 0.015463 | Validation Loss: 0.011971
Validation loss did not improve. Patience counter: 3/10
[Epoch 38/200] Training Loss: 0.015414 | Validation Loss: 0.011983
Validation loss did not improve. Patience counter: 4/10
[Epoch 39/200] Training Loss: 0.015359 | Validation Loss: 0.012026
Validation loss did not improve. Patience counter: 5/10
[Epoch 40/200] Training Loss: 0.015371 | Validation Loss: 0.012034
Validation loss did not improve. Patience counter: 6/10
[Epoch 41/200] Training Loss: 0.015327 | Validation Loss: 0.012026
Validation loss did not improve. Patience counter: 7/10
[Epoch 42/200] Training Loss: 0.015356 | Validation Loss: 0.012063
Validation loss did not improve. Patience counter: 8/10
[Epoch 43/200] Training Loss: 0.015363 | Validation Loss: 0.012024
Validation loss did not improve. Patience counter: 9/10
[Epoch 44/200] Training Loss: 0.015314 | Validation Loss: 0.012147
Validation loss did not improve. Patience counter: 10/10
Early stopping triggered after 44 epochs.
Node 0: NO2 RMSE = 14.3617
Node 1: NO2 RMSE = 16.6713
Node 2: NO2 RMSE = 10.3442

Global RMSE (all nodes, all time steps): 14.0380
Mean NO2 RMSE across nodes: 13.7924
submitit INFO (2025-04-18 15:58:38,705) - Job completed successfully
[2025-04-18 15:58:38,705][submitit][INFO] - Job completed successfully
submitit INFO (2025-04-18 15:58:38,723) - Exiting after successful completion
[2025-04-18 15:58:38,723][submitit][INFO] - Exiting after successful completion

###############################################################################
Hábrók Cluster
Job 16699047_0 for user s5185491
Finished at: Fri Apr 18 15:58:43 CEST 2025

Job details:
============

Job ID                         : 16699047_0
Name                           : tune_and_final_hydra
User                           : s5185491
Partition                      : gpumedium
Nodes                          : v100v2gpu9
Number of Nodes                : 1
Cores                          : 4
Number of Tasks                : 1
State                          : COMPLETED  
Submit                         : 2025-04-18T15:00:26
Start                          : 2025-04-18T15:08:20
End                            : 2025-04-18T15:58:39
Reserved walltime              : 1-00:00:00
Used walltime                  :   00:50:19
Used CPU time                  :   00:47:26 (Efficiency: 23.57%)
% User (Computation)           : 99.43%
% System (I/O)                 :  0.57%
Total memory reserved          : 32G
Maximum memory used            : 2.04G
Requested GPUs                 : 1
Allocated GPUs                 : v100=1
Max GPU utilization            : 15%
Max GPU memory used            : 408.00M
Hints and tips      :
 1) The GPU utilization is low, please check if your code can be optimized,
    or if you can move your input data to fast local storage.
 *) For more information on these issues see:
    https://wiki.hpc.rug.nl/habrok/additional_information/job_hints

Acknowledgements:
=================

Please see this page for information about acknowledging Hábrók in your publications:

https://wiki.hpc.rug.nl/habrok/introduction/scientific_output

################################################################################
