DateTime;NO2;O3;P;SQ;WD;Wvh;dewP;temp
2020-08-01 00:00:00;8.9;75.0;60.0;4.0;140.0;40.0;170.0;224.0
2020-08-01 01:00:00;12.9;66.1;60.0;0.0;220.0;30.0;178.0;222.0
2020-08-01 02:00:00;17.4;44.4;70.0;0.0;250.0;40.0;171.0;206.0
2020-08-01 03:00:00;18.0;48.0;70.0;0.0;230.0;30.0;172.0;199.0
2020-08-01 04:00:00;17.0;63.4;70.0;0.0;230.0;40.0;169.0;197.0
2020-08-01 05:00:00;20.7;50.3;90.0;0.0;250.0;60.0;174.0;199.0
2020-08-01 06:00:00;24.5;34.3;90.0;0.0;260.0;60.0;179.0;211.0
2020-08-01 07:00:00;23.6;29.8;80.0;0.0;280.0;60.0;182.0;231.0
2020-08-01 08:00:00;21.8;38.3;80.0;0.0;280.0;60.0;174.0;222.0
2020-08-01 09:00:00;21.6;50.3;80.0;0.0;260.0;50.0;179.0;226.0
2020-08-01 10:00:00;18.9;48.2;70.0;0.0;270.0;50.0;180.0;220.0
2020-08-01 11:00:00;9.1;57.4;70.0;0.0;250.0;40.0;179.0;222.0
2020-08-01 12:00:00;11.0;50.7;80.0;0.0;270.0;60.0;176.0;208.0
2020-08-01 13:00:00;13.2;42.1;80.0;0.0;260.0;60.0;177.0;213.0
2020-08-01 14:00:00;13.4;37.5;90.0;0.0;270.0;50.0;173.0;227.0
2020-08-01 15:00:00;10.1;43.9;90.0;0.0;280.0;60.0;157.0;219.0
2020-08-01 16:00:00;7.9;55.8;80.0;0.0;280.0;50.0;154.0;213.0
2020-08-01 17:00:00;7.6;57.5;60.0;0.0;270.0;50.0;141.0;204.0
2020-08-01 18:00:00;8.1;57.3;70.0;0.0;280.0;40.0;137.0;189.0
2020-08-01 19:00:00;5.6;59.0;50.0;0.0;240.0;30.0;137.0;179.0
2020-08-01 20:00:00;9.0;51.3;40.0;0.0;250.0;20.0;138.0;173.0
2020-08-01 21:00:00;13.9;47.8;50.0;0.0;230.0;30.0;138.0;168.0
2020-08-01 22:00:00;29.9;34.7;40.0;0.0;160.0;30.0;140.0;161.0
2020-08-01 23:00:00;25.4;34.8;40.0;0.0;150.0;20.0;138.0;152.0
2020-08-02 00:00:00;22.7;31.7;40.0;0.0;180.0;20.0;142.0;158.0
2020-08-02 01:00:00;16.2;30.3;40.0;0.0;170.0;30.0;143.0;156.0
2020-08-02 02:00:00;18.5;22.6;50.0;0.0;180.0;30.0;145.0;157.0
2020-08-02 03:00:00;18.6;17.7;40.0;0.0;180.0;30.0;144.0;154.0
2020-08-02 04:00:00;15.4;17.4;60.0;0.0;220.0;40.0;153.0;166.0
2020-08-02 05:00:00;13.2;16.4;60.0;0.0;260.0;40.0;155.0;182.0
2020-08-02 06:00:00;18.2;16.7;90.0;0.0;300.0;50.0;146.0;189.0
2020-08-02 07:00:00;13.2;32.4;90.0;0.0;310.0;60.0;143.0;189.0
2020-08-02 08:00:00;5.1;44.9;90.0;0.0;320.0;60.0;128.0;200.0
2020-08-02 09:00:00;3.0;50.9;90.0;0.0;290.0;60.0;122.0;190.0
2020-08-02 10:00:00;3.3;55.8;90.0;0.0;290.0;60.0;114.0;196.0
2020-08-02 11:00:00;4.1;59.0;90.0;0.0;290.0;60.0;112.0;205.0
2020-08-02 12:00:00;9.6;54.6;100.0;0.0;280.0;60.0;119.0;211.0
2020-08-02 13:00:00;8.5;58.2;90.0;0.0;300.0;50.0;116.0;198.0
2020-08-02 14:00:00;6.3;59.9;90.0;0.0;290.0;60.0;105.0;202.0
2020-08-02 15:00:00;8.0;61.7;90.0;0.0;310.0;50.0;105.0;197.0
2020-08-02 16:00:00;8.2;58.0;70.0;0.0;290.0;40.0;102.0;195.0
2020-08-02 17:00:00;9.4;56.6;70.0;0.0;290.0;40.0;107.0;181.0
2020-08-02 18:00:00;11.6;54.6;50.0;0.0;280.0;30.0;104.0;166.0
2020-08-02 19:00:00;12.1;52.9;40.0;0.0;290.0;30.0;106.0;151.0
2020-08-02 20:00:00;16.9;44.3;30.0;0.0;280.0;20.0;104.0;145.0
2020-08-02 21:00:00;14.5;48.3;20.0;0.0;250.0;10.0;107.0;145.0
2020-08-02 22:00:00;8.1;51.6;20.0;0.0;180.0;10.0;114.0;137.0
2020-08-02 23:00:00;8.7;49.0;30.0;0.0;170.0;20.0;107.0;133.0
2020-08-03 00:00:00;11.2;41.2;20.0;0.0;150.0;10.0;115.0;123.0
2020-08-03 01:00:00;15.1;31.3;30.0;0.0;170.0;20.0;112.0;132.0
2020-08-03 02:00:00;17.2;31.2;20.0;0.0;120.0;10.0;116.0;135.0
2020-08-03 03:00:00;17.1;29.4;30.0;0.0;150.0;20.0;121.0;141.0
2020-08-03 04:00:00;22.2;26.6;30.0;0.0;150.0;10.0;120.0;142.0
2020-08-03 05:00:00;25.4;19.1;60.0;0.0;210.0;20.0;125.0;154.0
2020-08-03 06:00:00;30.6;21.1;70.0;7.0;160.0;40.0;128.0;154.0
2020-08-03 07:00:00;25.9;29.4;50.0;0.0;160.0;30.0;129.0;165.0
2020-08-03 08:00:00;20.6;36.4;50.0;0.0;190.0;30.0;135.0;171.0
2020-08-03 09:00:00;17.5;38.4;50.0;0.0;200.0;30.0;122.0;187.0
2020-08-03 10:00:00;16.9;38.4;60.0;0.0;200.0;30.0;132.0;202.0
2020-08-03 11:00:00;16.3;45.2;90.0;0.0;230.0;40.0;136.0;188.0
2020-08-03 12:00:00;13.6;54.9;140.0;7.0;300.0;70.0;130.0;148.0
2020-08-03 13:00:00;12.6;52.4;90.0;8.0;50.0;40.0;130.0;162.0
2020-08-03 14:00:00;10.0;51.4;40.0;0.0;40.0;20.0;127.0;169.0
2020-08-03 15:00:00;7.1;48.3;50.0;0.0;320.0;20.0;126.0;180.0
2020-08-03 16:00:00;7.0;56.7;60.0;0.0;330.0;40.0;135.0;180.0
2020-08-03 17:00:00;8.9;59.9;80.0;0.0;330.0;50.0;126.0;176.0
2020-08-03 18:00:00;6.6;64.0;70.0;0.0;340.0;40.0;122.0;165.0
2020-08-03 19:00:00;5.6;59.2;60.0;0.0;330.0;30.0;119.0;150.0
2020-08-03 20:00:00;7.2;49.8;50.0;0.0;330.0;30.0;116.0;140.0
2020-08-03 21:00:00;7.1;47.9;40.0;0.0;330.0;30.0;108.0;126.0
2020-08-03 22:00:00;5.9;46.3;30.0;0.0;310.0;20.0;103.0;117.0
2020-08-03 23:00:00;6.0;41.8;20.0;0.0;300.0;10.0;111.0;127.0
2020-08-04 00:00:00;7.2;31.5;20.0;0.0;290.0;10.0;107.0;116.0
2020-08-04 01:00:00;6.4;26.7;20.0;0.0;290.0;10.0;102.0;111.0
2020-08-04 02:00:00;6.0;30.4;30.0;0.0;320.0;20.0;98.0;107.0
2020-08-04 03:00:00;7.4;30.0;20.0;0.0;310.0;20.0;89.0;97.0
2020-08-04 04:00:00;7.4;33.4;30.0;0.0;310.0;20.0;91.0;110.0
2020-08-04 05:00:00;9.2;28.2;20.0;0.0;330.0;20.0;100.0;143.0
2020-08-04 06:00:00;16.6;33.2;40.0;0.0;350.0;20.0;100.0;165.0
2020-08-04 07:00:00;13.2;42.6;60.0;0.0;320.0;30.0;100.0;175.0
2020-08-04 08:00:00;5.3;50.8;50.0;0.0;340.0;30.0;100.0;187.0
2020-08-04 09:00:00;5.0;51.5;50.0;0.0;280.0;20.0;81.0;188.0
2020-08-04 10:00:00;4.5;56.0;60.0;0.0;300.0;30.0;71.0;195.0
2020-08-04 11:00:00;6.3;58.6;60.0;0.0;290.0;30.0;83.0;203.0
2020-08-04 12:00:00;11.4;55.1;60.0;0.0;260.0;40.0;78.0;206.0
2020-08-04 13:00:00;8.0;65.2;90.0;0.0;260.0;40.0;74.0;211.0
2020-08-04 14:00:00;4.2;71.3;100.0;0.0;270.0;50.0;65.0;210.0
2020-08-04 15:00:00;3.7;72.6;80.0;0.0;250.0;50.0;80.0;204.0
2020-08-04 16:00:00;4.6;72.6;80.0;0.0;200.0;50.0;85.0;211.0
2020-08-04 17:00:00;7.7;73.9;60.0;0.0;200.0;40.0;78.0;196.0
2020-08-04 18:00:00;9.3;76.1;50.0;0.0;170.0;30.0;93.0;188.0
2020-08-04 19:00:00;8.6;79.8;50.0;0.0;180.0;30.0;98.0;180.0
2020-08-04 20:00:00;16.2;68.5;50.0;0.0;190.0;40.0;109.0;165.0
2020-08-04 21:00:00;18.4;66.3;40.0;0.0;150.0;30.0;107.0;157.0
2020-08-04 22:00:00;16.2;65.4;40.0;0.0;170.0;30.0;111.0;161.0
2020-08-04 23:00:00;16.9;59.9;60.0;0.0;180.0;40.0;111.0;162.0
2020-08-05 00:00:00;16.2;60.5;70.0;0.0;190.0;50.0;116.0;157.0
2020-08-05 01:00:00;13.1;57.8;50.0;0.0;180.0;40.0;113.0;152.0
2020-08-05 02:00:00;14.8;48.8;60.0;0.0;200.0;30.0;110.0;148.0
2020-08-05 03:00:00;16.1;41.5;70.0;0.0;200.0;40.0;105.0;146.0
2020-08-05 04:00:00;15.7;39.2;60.0;0.0;190.0;40.0;107.0;153.0
2020-08-05 05:00:00;16.0;37.0;60.0;0.0;190.0;40.0;113.0;167.0
2020-08-05 06:00:00;22.3;30.8;80.0;0.0;200.0;50.0;117.0;184.0
2020-08-05 07:00:00;24.1;30.2;80.0;0.0;210.0;60.0;121.0;197.0
2020-08-05 08:00:00;21.9;35.3;100.0;0.0;220.0;60.0;127.0;214.0
2020-08-05 09:00:00;19.0;45.0;100.0;0.0;210.0;60.0;127.0;231.0
2020-08-05 10:00:00;17.4;54.4;110.0;0.0;200.0;70.0;125.0;240.0
2020-08-05 11:00:00;15.0;67.0;110.0;0.0;220.0;70.0;118.0;248.0
2020-08-05 12:00:00;11.0;79.4;100.0;0.0;220.0;60.0;120.0;260.0
2020-08-05 13:00:00;11.4;87.3;100.0;0.0;210.0;60.0;103.0;265.0
2020-08-05 14:00:00;10.4;91.6;90.0;0.0;210.0;60.0;106.0;271.0
2020-08-05 15:00:00;7.8;100.5;100.0;0.0;210.0;60.0;110.0;272.0
2020-08-05 16:00:00;10.0;121.7;90.0;0.0;210.0;60.0;113.0;270.0
2020-08-05 17:00:00;11.1;125.9;70.0;0.0;290.0;40.0;113.0;243.0
2020-08-05 18:00:00;11.2;123.6;50.0;0.0;300.0;30.0;110.0;208.0
2020-08-05 19:00:00;27.4;92.3;50.0;0.0;300.0;20.0;102.0;196.0
2020-08-05 20:00:00;38.8;64.1;20.0;0.0;120.0;10.0;115.0;171.0
2020-08-05 21:00:00;41.3;49.0;20.0;0.0;0.0;10.0;120.0;173.0
2020-08-05 22:00:00;54.3;32.1;20.0;0.0;180.0;10.0;121.0;165.0
2020-08-05 23:00:00;77.4;10.0;20.0;0.0;130.0;10.0;122.0;155.0
2020-08-06 00:00:00;77.1;7.2;20.0;0.0;150.0;10.0;118.0;157.0
2020-08-06 01:00:00;78.2;5.2;20.0;0.0;0.0;10.0;116.0;167.0
2020-08-06 02:00:00;49.3;34.3;20.0;0.0;180.0;10.0;121.0;156.0
2020-08-06 03:00:00;33.3;38.0;20.0;0.0;150.0;10.0;112.0;144.0
2020-08-06 04:00:00;43.5;17.6;20.0;0.0;160.0;20.0;133.0;160.0
2020-08-06 05:00:00;49.7;10.1;40.0;0.0;180.0;20.0;153.0;193.0
2020-08-06 06:00:00;40.9;18.9;40.0;0.0;220.0;20.0;148.0;213.0
2020-08-06 07:00:00;39.9;23.2;50.0;0.0;210.0;30.0;149.0;225.0
2020-08-06 08:00:00;33.8;29.4;50.0;0.0;190.0;30.0;156.0;242.0
2020-08-06 09:00:00;24.0;38.7;50.0;0.0;230.0;30.0;159.0;252.0
2020-08-06 10:00:00;19.6;46.7;70.0;0.0;230.0;30.0;146.0;268.0
2020-08-06 11:00:00;14.8;59.0;60.0;0.0;280.0;30.0;144.0;272.0
2020-08-06 12:00:00;15.5;67.7;50.0;0.0;330.0;20.0;170.0;273.0
2020-08-06 13:00:00;16.4;77.6;50.0;0.0;50.0;20.0;173.0;284.0
2020-08-06 14:00:00;21.6;69.3;50.0;0.0;40.0;10.0;153.0;293.0
2020-08-06 15:00:00;13.4;89.0;50.0;0.0;310.0;20.0;172.0;284.0
2020-08-06 16:00:00;8.9;98.6;60.0;0.0;330.0;40.0;186.0;276.0
2020-08-06 17:00:00;11.1;101.9;60.0;0.0;350.0;40.0;178.0;255.0
2020-08-06 18:00:00;8.6;104.5;50.0;0.0;50.0;30.0;179.0;233.0
2020-08-06 19:00:00;9.0;83.3;60.0;0.0;40.0;30.0;170.0;219.0
2020-08-06 20:00:00;9.0;74.1;60.0;0.0;40.0;20.0;169.0;215.0
2020-08-06 21:00:00;10.0;62.3;50.0;0.0;50.0;30.0;177.0;207.0
2020-08-06 22:00:00;10.4;51.3;40.0;0.0;60.0;20.0;181.0;200.0
2020-08-06 23:00:00;11.4;46.1;40.0;0.0;80.0;20.0;181.0;209.0
2020-08-07 00:00:00;10.0;64.4;40.0;0.0;80.0;20.0;173.0;204.0
2020-08-07 01:00:00;10.1;59.6;20.0;0.0;60.0;10.0;164.0;197.0
2020-08-07 02:00:00;9.7;54.5;20.0;0.0;70.0;10.0;153.0;188.0
2020-08-07 03:00:00;8.3;48.1;20.0;0.0;80.0;10.0;149.0;197.0
2020-08-07 04:00:00;8.4;46.7;30.0;0.0;100.0;20.0;146.0;194.0
2020-08-07 05:00:00;11.9;37.7;30.0;0.0;110.0;20.0;154.0;221.0
2020-08-07 06:00:00;22.8;34.1;30.0;0.0;120.0;20.0;154.0;244.0
2020-08-07 07:00:00;19.7;65.9;40.0;0.0;110.0;20.0;159.0;265.0
2020-08-07 08:00:00;29.9;69.5;30.0;0.0;120.0;20.0;158.0;286.0
2020-08-07 09:00:00;27.9;77.5;40.0;0.0;130.0;20.0;141.0;301.0
2020-08-07 10:00:00;27.2;95.3;50.0;0.0;110.0;30.0;151.0;316.0
2020-08-07 11:00:00;14.2;130.2;60.0;0.0;150.0;30.0;132.0;320.0
2020-08-07 12:00:00;9.6;140.1;60.0;0.0;140.0;30.0;134.0;324.0
2020-08-07 13:00:00;8.1;143.7;50.0;0.0;190.0;20.0;122.0;329.0
2020-08-07 14:00:00;7.1;144.3;60.0;0.0;190.0;20.0;127.0;328.0
2020-08-07 15:00:00;6.5;150.5;50.0;0.0;190.0;20.0;135.0;328.0
2020-08-07 16:00:00;6.1;155.5;50.0;0.0;80.0;30.0;146.0;302.0
2020-08-07 17:00:00;5.7;157.4;50.0;0.0;60.0;30.0;149.0;284.0
2020-08-07 18:00:00;7.8;149.5;40.0;0.0;60.0;30.0;150.0;249.0
2020-08-07 19:00:00;10.0;139.2;40.0;0.0;50.0;20.0;150.0;244.0
2020-08-07 20:00:00;10.3;122.9;30.0;0.0;40.0;20.0;150.0;231.0
2020-08-07 21:00:00;14.7;113.9;20.0;0.0;40.0;10.0;150.0;229.0
2020-08-07 22:00:00;15.5;93.1;30.0;0.0;60.0;20.0;154.0;215.0
2020-08-07 23:00:00;10.8;107.7;30.0;0.0;60.0;20.0;159.0;219.0
2020-08-08 00:00:00;8.8;89.9;20.0;0.0;60.0;20.0;159.0;212.0
2020-08-08 01:00:00;8.5;75.7;20.0;0.0;40.0;10.0;162.0;195.0
2020-08-08 02:00:00;12.3;64.9;10.0;0.0;40.0;10.0;164.0;189.0
2020-08-08 03:00:00;11.6;55.0;10.0;0.0;0.0;0.0;166.0;188.0
2020-08-08 04:00:00;14.1;34.6;20.0;0.0;80.0;10.0;162.0;180.0
2020-08-08 05:00:00;16.4;25.1;20.0;0.0;70.0;10.0;162.0;225.0
2020-08-08 06:00:00;21.7;28.9;20.0;0.0;110.0;10.0;161.0;261.0
2020-08-08 07:00:00;15.4;57.3;20.0;0.0;160.0;10.0;152.0;286.0
2020-08-08 08:00:00;16.3;79.9;20.0;0.0;160.0;10.0;142.0;309.0
2020-08-08 09:00:00;24.3;103.6;20.0;0.0;160.0;10.0;137.0;334.0
2020-08-08 10:00:00;20.0;113.7;40.0;0.0;150.0;20.0;135.0;330.0
2020-08-08 11:00:00;10.1;125.5;50.0;0.0;150.0;20.0;114.0;335.0
2020-08-08 12:00:00;6.1;139.8;50.0;0.0;80.0;30.0;127.0;331.0
2020-08-08 13:00:00;4.7;140.9;50.0;0.0;60.0;30.0;133.0;332.0
2020-08-08 14:00:00;3.8;147.3;50.0;0.0;70.0;30.0;143.0;323.0
2020-08-08 15:00:00;5.3;147.5;70.0;0.0;30.0;40.0;125.0;311.0
2020-08-08 16:00:00;8.4;137.7;60.0;0.0;30.0;40.0;123.0;299.0
2020-08-08 17:00:00;8.7;121.3;50.0;0.0;30.0;40.0;147.0;281.0
2020-08-08 18:00:00;8.9;116.1;60.0;0.0;40.0;40.0;150.0;269.0
2020-08-08 19:00:00;9.6;118.9;60.0;0.0;50.0;40.0;169.0;263.0
2020-08-08 20:00:00;11.1;109.6;50.0;0.0;50.0;40.0;172.0;254.0
2020-08-08 21:00:00;12.0;101.3;60.0;0.0;60.0;40.0;184.0;252.0
2020-08-08 22:00:00;12.4;93.6;60.0;0.0;60.0;40.0;183.0;250.0
2020-08-08 23:00:00;9.2;88.1;50.0;0.0;70.0;30.0;175.0;237.0
2020-08-09 00:00:00;8.1;80.0;40.0;0.0;40.0;20.0;183.0;223.0
2020-08-09 01:00:00;8.1;69.8;30.0;0.0;30.0;20.0;181.0;215.0
2020-08-09 02:00:00;8.8;65.2;40.0;0.0;30.0;20.0;185.0;218.0
2020-08-09 03:00:00;8.2;62.2;40.0;0.0;40.0;20.0;186.0;220.0
2020-08-09 04:00:00;8.0;58.1;50.0;0.0;60.0;30.0;187.0;225.0
2020-08-09 05:00:00;8.0;52.5;50.0;0.0;40.0;30.0;191.0;232.0
2020-08-09 06:00:00;7.8;48.6;60.0;0.0;40.0;40.0;189.0;239.0
2020-08-09 07:00:00;7.9;46.6;70.0;0.0;30.0;40.0;189.0;248.0
2020-08-09 08:00:00;6.5;54.8;70.0;0.0;40.0;50.0;185.0;266.0
2020-08-09 09:00:00;5.8;63.9;70.0;0.0;50.0;50.0;187.0;286.0
2020-08-09 10:00:00;6.0;79.0;80.0;0.0;50.0;50.0;175.0;290.0
2020-08-09 11:00:00;5.4;95.6;80.0;0.0;50.0;60.0;176.0;297.0
2020-08-09 12:00:00;6.5;102.3;100.0;0.0;50.0;70.0;177.0;301.0
2020-08-09 13:00:00;3.7;110.9;100.0;0.0;50.0;70.0;182.0;302.0
2020-08-09 14:00:00;3.6;116.3;100.0;0.0;50.0;70.0;177.0;303.0
2020-08-09 15:00:00;3.8;113.0;100.0;0.0;60.0;70.0;174.0;300.0
2020-08-09 16:00:00;4.6;112.2;100.0;0.0;40.0;60.0;178.0;293.0
2020-08-09 17:00:00;4.7;114.2;90.0;0.0;50.0;60.0;179.0;280.0
2020-08-09 18:00:00;5.0;115.6;100.0;0.0;60.0;60.0;167.0;268.0
2020-08-09 19:00:00;4.8;108.5;80.0;0.0;50.0;50.0;179.0;254.0
2020-08-09 20:00:00;7.1;90.0;80.0;0.0;40.0;50.0;183.0;244.0
2020-08-09 21:00:00;6.5;81.3;70.0;0.0;40.0;50.0;186.0;233.0
2020-08-09 22:00:00;7.7;71.7;80.0;0.0;40.0;50.0;184.0;230.0
2020-08-09 23:00:00;6.2;69.3;70.0;0.0;60.0;50.0;186.0;224.0
2020-08-10 00:00:00;6.0;64.9;70.0;0.0;70.0;40.0;167.0;212.0
2020-08-10 01:00:00;5.7;66.5;40.0;0.0;60.0;30.0;168.0;202.0
2020-08-10 02:00:00;6.2;65.7;40.0;0.0;70.0;20.0;163.0;197.0
2020-08-10 03:00:00;7.3;67.9;50.0;0.0;60.0;20.0;167.0;200.0
2020-08-10 04:00:00;8.1;62.3;50.0;0.0;80.0;30.0;168.0;208.0
2020-08-10 05:00:00;11.7;55.7;50.0;0.0;70.0;40.0;175.0;228.0
2020-08-10 06:00:00;15.5;52.5;50.0;0.0;70.0;40.0;176.0;245.0
2020-08-10 07:00:00;15.1;59.2;60.0;0.0;60.0;40.0;177.0;265.0
2020-08-10 08:00:00;12.6;69.4;80.0;0.0;70.0;50.0;180.0;274.0
2020-08-10 09:00:00;10.5;73.0;70.0;0.0;70.0;50.0;182.0;286.0
2020-08-10 10:00:00;10.6;83.3;70.0;0.0;70.0;50.0;182.0;288.0
2020-08-10 11:00:00;11.3;93.9;70.0;0.0;60.0;50.0;195.0;299.0
2020-08-10 12:00:00;8.9;112.4;70.0;0.0;50.0;50.0;185.0;311.0
2020-08-10 13:00:00;8.4;123.6;90.0;0.0;50.0;50.0;183.0;316.0
2020-08-10 14:00:00;7.3;135.0;80.0;0.0;60.0;50.0;183.0;310.0
2020-08-10 15:00:00;7.2;136.5;70.0;0.0;40.0;50.0;166.0;318.0
2020-08-10 16:00:00;6.9;132.8;70.0;0.0;50.0;50.0;172.0;311.0
2020-08-10 17:00:00;10.2;125.2;70.0;0.0;60.0;40.0;168.0;293.0
2020-08-10 18:00:00;9.1;123.8;60.0;0.0;60.0;30.0;175.0;267.0
2020-08-10 19:00:00;8.5;122.3;40.0;0.0;40.0;30.0;176.0;255.0
2020-08-10 20:00:00;13.2;102.1;40.0;0.0;40.0;30.0;195.0;256.0
2020-08-10 21:00:00;14.3;92.5;50.0;0.0;50.0;40.0;194.0;249.0
2020-08-10 22:00:00;9.6;89.2;50.0;0.0;70.0;40.0;179.0;232.0
2020-08-10 23:00:00;11.5;85.3;60.0;0.0;70.0;40.0;165.0;224.0
2020-08-11 00:00:00;10.4;84.1;50.0;0.0;60.0;30.0;169.0;222.0
2020-08-11 01:00:00;7.4;87.4;60.0;0.0;60.0;40.0;168.0;219.0
2020-08-11 02:00:00;7.1;83.9;60.0;0.0;70.0;40.0;168.0;223.0
2020-08-11 03:00:00;6.8;82.6;70.0;0.0;70.0;40.0;169.0;216.0
2020-08-11 04:00:00;7.5;79.9;60.0;0.0;70.0;40.0;170.0;222.0
2020-08-11 05:00:00;11.5;70.9;70.0;0.0;70.0;40.0;172.0;229.0
2020-08-11 06:00:00;14.2;61.0;70.0;0.0;70.0;40.0;180.0;248.0
2020-08-11 07:00:00;16.3;59.2;60.0;0.0;70.0;40.0;178.0;260.0
2020-08-11 08:00:00;13.6;65.8;60.0;0.0;60.0;40.0;187.0;270.0
2020-08-11 09:00:00;11.4;78.2;60.0;0.0;60.0;40.0;191.0;274.0
2020-08-11 10:00:00;11.3;89.7;60.0;0.0;60.0;30.0;198.0;294.0
2020-08-11 11:00:00;10.5;102.3;50.0;0.0;70.0;30.0;199.0;303.0
2020-08-11 12:00:00;8.8;118.2;60.0;0.0;60.0;40.0;192.0;314.0
2020-08-11 13:00:00;8.7;127.4;50.0;0.0;60.0;30.0;187.0;326.0
2020-08-11 14:00:00;9.1;130.4;50.0;0.0;70.0;20.0;193.0;323.0
2020-08-11 15:00:00;9.1;137.5;50.0;0.0;60.0;30.0;187.0;311.0
2020-08-11 16:00:00;9.8;143.4;70.0;0.0;70.0;40.0;192.0;307.0
2020-08-11 17:00:00;9.0;139.3;90.0;0.0;130.0;50.0;168.0;277.0
2020-08-11 18:00:00;16.7;118.3;70.0;0.0;80.0;30.0;169.0;260.0
2020-08-11 19:00:00;17.7;106.4;50.0;0.0;50.0;20.0;177.0;248.0
2020-08-11 20:00:00;12.7;87.0;60.0;0.0;190.0;30.0;180.0;249.0
2020-08-11 21:00:00;20.9;72.9;40.0;0.0;50.0;20.0;187.0;239.0
2020-08-11 22:00:00;22.9;71.0;30.0;0.0;0.0;10.0;184.0;237.0
2020-08-11 23:00:00;28.2;63.0;60.0;0.0;110.0;20.0;181.0;241.0
2020-08-12 00:00:00;14.0;91.1;80.0;0.0;120.0;50.0;184.0;242.0
2020-08-12 01:00:00;13.3;94.1;60.0;0.0;40.0;30.0;172.0;229.0
2020-08-12 02:00:00;9.6;90.6;30.0;0.0;60.0;10.0;185.0;215.0
2020-08-12 03:00:00;8.3;74.0;30.0;0.0;60.0;10.0;180.0;215.0
2020-08-12 04:00:00;7.9;64.2;40.0;0.0;90.0;30.0;189.0;228.0
2020-08-12 05:00:00;12.1;47.9;30.0;0.0;30.0;10.0;194.0;234.0
2020-08-12 06:00:00;17.6;48.4;40.0;0.0;120.0;10.0;190.0;250.0
2020-08-12 07:00:00;42.3;46.4;40.0;0.0;140.0;30.0;187.0;248.0
2020-08-12 08:00:00;32.4;53.2;40.0;0.0;140.0;20.0;186.0;284.0
2020-08-12 09:00:00;28.6;63.7;50.0;0.0;110.0;20.0;173.0;299.0
2020-08-12 10:00:00;20.9;86.5;70.0;0.0;150.0;40.0;177.0;304.0
2020-08-12 11:00:00;12.0;114.9;60.0;0.0;120.0;30.0;183.0;305.0
2020-08-12 12:00:00;8.8;131.4;60.0;0.0;100.0;30.0;184.0;312.0
2020-08-12 13:00:00;8.3;140.9;70.0;0.0;50.0;30.0;187.0;312.0
2020-08-12 14:00:00;7.7;144.2;60.0;0.0;70.0;30.0;180.0;311.0
2020-08-12 15:00:00;7.2;147.8;50.0;0.0;50.0;30.0;186.0;311.0
2020-08-12 16:00:00;7.7;140.7;60.0;0.0;60.0;40.0;179.0;305.0
2020-08-12 17:00:00;8.3;147.9;70.0;0.0;40.0;40.0;171.0;294.0
2020-08-12 18:00:00;8.2;134.1;70.0;0.0;50.0;30.0;183.0;274.0
2020-08-12 19:00:00;9.5;122.3;60.0;0.0;50.0;30.0;191.0;263.0
2020-08-12 20:00:00;11.3;109.7;40.0;0.0;50.0;30.0;195.0;244.0
2020-08-12 21:00:00;13.6;101.8;50.0;0.0;90.0;30.0;181.0;246.0
2020-08-12 22:00:00;14.9;86.4;40.0;0.0;80.0;30.0;172.0;235.0
2020-08-12 23:00:00;17.9;72.5;40.0;0.0;60.0;20.0;171.0;233.0
2020-08-13 00:00:00;12.6;69.9;40.0;0.0;60.0;20.0;172.0;218.0
2020-08-13 01:00:00;10.1;66.9;30.0;0.0;90.0;20.0;167.0;214.0
2020-08-13 02:00:00;9.1;66.6;40.0;0.0;70.0;30.0;171.0;200.0
2020-08-13 03:00:00;9.9;62.7;30.0;0.0;90.0;30.0;170.0;203.0
2020-08-13 04:00:00;10.3;59.2;40.0;0.0;110.0;20.0;172.0;210.0
2020-08-13 05:00:00;15.8;55.1;40.0;0.0;140.0;30.0;177.0;226.0
2020-08-13 06:00:00;24.1;48.7;40.0;0.0;160.0;20.0;176.0;242.0
2020-08-13 07:00:00;30.5;48.8;30.0;0.0;160.0;10.0;178.0;266.0
2020-08-13 08:00:00;28.0;55.9;30.0;0.0;80.0;10.0;180.0;274.0
2020-08-13 09:00:00;25.3;58.1;40.0;0.0;80.0;20.0;197.0;292.0
2020-08-13 10:00:00;19.3;78.1;60.0;0.0;110.0;30.0;186.0;294.0
2020-08-13 11:00:00;16.6;104.9;60.0;0.0;140.0;30.0;193.0;297.0
2020-08-13 12:00:00;11.7;123.0;60.0;0.0;150.0;30.0;197.0;300.0
2020-08-13 13:00:00;9.4;127.9;50.0;0.0;120.0;30.0;186.0;311.0
2020-08-13 14:00:00;8.8;141.7;40.0;0.0;120.0;20.0;178.0;309.0
2020-08-13 15:00:00;7.9;149.6;40.0;0.0;100.0;20.0;191.0;293.0
2020-08-13 16:00:00;8.4;145.7;40.0;0.0;90.0;20.0;204.0;277.0
2020-08-13 17:00:00;12.2;133.2;30.0;0.0;70.0;20.0;199.0;270.0
2020-08-13 18:00:00;14.2;129.5;20.0;0.0;130.0;10.0;195.0;267.0
2020-08-13 19:00:00;14.6;118.1;30.0;0.0;160.0;20.0;206.0;254.0
2020-08-13 20:00:00;16.2;110.8;40.0;0.0;230.0;20.0;199.0;249.0
2020-08-13 21:00:00;18.6;102.5;60.0;0.0;230.0;30.0;202.0;242.0
2020-08-13 22:00:00;42.4;74.9;60.0;1.0;200.0;40.0;206.0;229.0
2020-08-13 23:00:00;32.1;87.9;60.0;4.0;220.0;20.0;198.0;226.0
2020-08-14 00:00:00;21.5;94.0;60.0;0.0;220.0;30.0;198.0;217.0
2020-08-14 01:00:00;20.8;88.8;40.0;0.0;240.0;20.0;201.0;213.0
2020-08-14 02:00:00;22.0;66.7;70.0;0.0;60.0;30.0;203.0;215.0
2020-08-14 03:00:00;22.5;62.9;50.0;0.0;80.0;30.0;189.0;209.0
2020-08-14 04:00:00;4.8;110.4;50.0;0.0;100.0;30.0;183.0;205.0
2020-08-14 05:00:00;6.7;103.5;30.0;0.0;160.0;10.0;203.0;216.0
2020-08-14 06:00:00;11.0;85.6;60.0;0.0;170.0;40.0;202.0;227.0
2020-08-14 07:00:00;18.4;70.0;80.0;0.0;190.0;50.0;196.0;239.0
2020-08-14 08:00:00;17.4;62.8;60.0;0.0;200.0;30.0;189.0;252.0
2020-08-14 09:00:00;16.4;91.3;80.0;0.0;300.0;20.0;197.0;254.0
2020-08-14 10:00:00;17.9;85.1;80.0;0.0;20.0;40.0;202.0;253.0
2020-08-14 11:00:00;12.0;94.4;50.0;0.0;360.0;30.0;194.0;258.0
2020-08-14 12:00:00;9.1;113.7;50.0;0.0;340.0;30.0;198.0;272.0
2020-08-14 13:00:00;8.0;130.9;50.0;0.0;350.0;20.0;192.0;277.0
2020-08-14 14:00:00;12.5;123.3;90.0;0.0;280.0;40.0;202.0;247.0
2020-08-14 15:00:00;11.6;107.4;90.0;0.0;280.0;60.0;201.0;242.0
2020-08-14 16:00:00;14.4;102.9;80.0;0.0;290.0;60.0;197.0;221.0
2020-08-14 17:00:00;10.0;74.5;70.0;0.0;300.0;40.0;195.0;215.0
2020-08-14 18:00:00;18.6;55.5;50.0;0.0;310.0;30.0;198.0;211.0
2020-08-14 19:00:00;45.0;39.0;40.0;0.0;300.0;20.0;196.0;207.0
2020-08-14 20:00:00;25.6;54.3;40.0;0.0;250.0;30.0;197.0;209.0
2020-08-14 21:00:00;45.5;22.3;40.0;0.0;250.0;30.0;195.0;205.0
2020-08-14 22:00:00;66.0;11.8;50.0;0.0;260.0;30.0;194.0;205.0
2020-08-14 23:00:00;26.0;44.1;40.0;0.0;260.0;30.0;191.0;204.0
2020-08-15 00:00:00;11.6;65.8;50.0;0.0;260.0;30.0;188.0;200.0
2020-08-15 01:00:00;8.0;71.0;50.0;0.0;260.0;30.0;185.0;196.0
2020-08-15 02:00:00;5.7;73.4;50.0;0.0;230.0;30.0;185.0;198.0
2020-08-15 03:00:00;5.4;66.6;40.0;0.0;270.0;30.0;185.0;198.0
2020-08-15 04:00:00;5.1;67.7;40.0;0.0;210.0;20.0;184.0;199.0
2020-08-15 05:00:00;4.0;69.2;50.0;0.0;220.0;30.0;183.0;201.0
2020-08-15 06:00:00;5.8;73.9;50.0;0.0;220.0;30.0;180.0;207.0
2020-08-15 07:00:00;12.8;64.2;50.0;0.0;270.0;30.0;187.0;217.0
2020-08-15 08:00:00;10.4;67.7;40.0;0.0;290.0;20.0;184.0;219.0
2020-08-15 09:00:00;10.4;76.5;50.0;0.0;310.0;30.0;184.0;228.0
2020-08-15 10:00:00;9.1;82.8;40.0;0.0;290.0;20.0;189.0;249.0
2020-08-15 11:00:00;11.1;88.2;50.0;0.0;300.0;20.0;188.0;261.0
2020-08-15 12:00:00;11.1;90.8;50.0;0.0;270.0;20.0;186.0;253.0
2020-08-15 13:00:00;14.3;95.4;50.0;0.0;300.0;20.0;186.0;269.0
2020-08-15 14:00:00;12.2;115.9;60.0;0.0;320.0;20.0;179.0;267.0
2020-08-15 15:00:00;8.3;114.6;60.0;0.0;310.0;30.0;180.0;256.0
2020-08-15 16:00:00;7.1;110.8;60.0;0.0;330.0;40.0;177.0;253.0
2020-08-15 17:00:00;5.8;110.3;50.0;0.0;360.0;40.0;180.0;254.0
2020-08-15 18:00:00;6.2;98.5;60.0;3.0;350.0;30.0;197.0;224.0
2020-08-15 19:00:00;8.8;91.4;40.0;0.0;50.0;30.0;195.0;226.0
2020-08-15 20:00:00;10.2;88.3;30.0;4.0;130.0;20.0;198.0;221.0
2020-08-15 21:00:00;13.9;70.8;20.0;6.0;80.0;10.0;201.0;215.0
2020-08-15 22:00:00;13.0;66.3;20.0;0.0;110.0;10.0;202.0;210.0
2020-08-15 23:00:00;13.8;53.8;20.0;0.0;80.0;10.0;201.0;209.0
2020-08-16 00:00:00;11.8;57.7;20.0;0.0;90.0;10.0;195.0;201.0
2020-08-16 01:00:00;9.5;52.2;20.0;0.0;70.0;10.0;188.0;197.0
2020-08-16 02:00:00;8.3;44.7;20.0;0.0;80.0;10.0;189.0;201.0
2020-08-16 03:00:00;11.4;29.7;20.0;0.0;60.0;10.0;188.0;197.0
2020-08-16 04:00:00;9.9;42.1;20.0;0.0;130.0;20.0;187.0;199.0
2020-08-16 05:00:00;9.5;52.2;30.0;0.0;80.0;20.0;198.0;218.0
2020-08-16 06:00:00;8.5;54.8;40.0;0.0;80.0;20.0;196.0;230.0
2020-08-16 07:00:00;8.0;52.2;60.0;0.0;80.0;30.0;202.0;242.0
2020-08-16 08:00:00;6.9;57.6;60.0;0.0;60.0;40.0;187.0;257.0
2020-08-16 09:00:00;6.4;68.2;60.0;0.0;70.0;30.0;192.0;270.0
2020-08-16 10:00:00;5.3;78.7;70.0;0.0;60.0;40.0;198.0;267.0
2020-08-16 11:00:00;6.6;86.4;70.0;0.0;80.0;40.0;197.0;278.0
2020-08-16 12:00:00;5.4;90.8;80.0;0.0;60.0;40.0;198.0;289.0
2020-08-16 13:00:00;5.8;96.4;80.0;0.0;60.0;50.0;195.0;291.0
2020-08-16 14:00:00;5.5;98.0;70.0;0.0;60.0;50.0;195.0;284.0
2020-08-16 15:00:00;5.9;102.0;70.0;0.0;70.0;50.0;194.0;274.0
2020-08-16 16:00:00;7.0;97.9;60.0;0.0;50.0;40.0;200.0;261.0
2020-08-16 17:00:00;11.7;88.3;120.0;4.0;250.0;60.0;167.0;193.0
2020-08-16 18:00:00;8.6;96.5;110.0;4.0;40.0;50.0;177.0;192.0
2020-08-16 19:00:00;8.8;95.5;60.0;8.0;10.0;20.0;178.0;193.0
2020-08-16 20:00:00;13.1;75.8;60.0;0.0;70.0;30.0;169.0;183.0
2020-08-16 21:00:00;8.2;64.6;40.0;0.0;140.0;20.0;168.0;177.0
2020-08-16 22:00:00;7.0;57.3;50.0;0.0;200.0;30.0;178.0;187.0
2020-08-16 23:00:00;6.2;56.5;40.0;0.0;80.0;20.0;168.0;176.0
2020-08-17 00:00:00;10.1;59.8;30.0;0.0;150.0;20.0;161.0;168.0
2020-08-17 01:00:00;8.0;52.9;30.0;0.0;130.0;20.0;157.0;163.0
2020-08-17 02:00:00;12.1;38.9;40.0;0.0;200.0;20.0;172.0;174.0
2020-08-17 03:00:00;17.3;32.7;30.0;0.0;140.0;20.0;178.0;181.0
2020-08-17 04:00:00;9.4;45.4;30.0;0.0;140.0;20.0;179.0;183.0
2020-08-17 05:00:00;11.7;35.8;30.0;0.0;180.0;20.0;180.0;188.0
2020-08-17 06:00:00;17.0;32.9;30.0;0.0;160.0;20.0;186.0;196.0
2020-08-17 07:00:00;19.3;37.5;30.0;0.0;190.0;20.0;186.0;205.0
2020-08-17 08:00:00;24.9;40.2;30.0;0.0;180.0;20.0;184.0;219.0
2020-08-17 09:00:00;22.4;51.4;40.0;0.0;170.0;20.0;160.0;233.0
2020-08-17 10:00:00;18.4;64.3;50.0;0.0;150.0;20.0;178.0;235.0
2020-08-17 11:00:00;17.8;73.9;60.0;0.0;110.0;30.0;181.0;243.0
2020-08-17 12:00:00;15.5;80.4;70.0;0.0;100.0;40.0;178.0;245.0
2020-08-17 13:00:00;13.4;81.2;150.0;6.0;250.0;60.0;160.0;201.0
2020-08-17 14:00:00;13.0;85.4;70.0;0.0;350.0;50.0;165.0;200.0
2020-08-17 15:00:00;13.2;70.1;60.0;1.0;250.0;30.0;152.0;195.0
2020-08-17 16:00:00;9.3;66.6;80.0;5.0;360.0;40.0;165.0;191.0
2020-08-17 17:00:00;14.2;56.4;50.0;0.0;20.0;20.0;150.0;190.0
2020-08-17 18:00:00;16.8;44.6;30.0;0.0;150.0;10.0;154.0;177.0
2020-08-17 19:00:00;7.6;48.7;40.0;0.0;140.0;20.0;159.0;170.0
2020-08-17 20:00:00;11.9;44.1;30.0;0.0;150.0;20.0;155.0;166.0
2020-08-17 21:00:00;26.8;39.9;30.0;0.0;150.0;10.0;153.0;162.0
2020-08-17 22:00:00;26.2;43.7;40.0;0.0;170.0;20.0;158.0;170.0
2020-08-17 23:00:00;25.8;39.5;40.0;0.0;190.0;20.0;156.0;170.0
2020-08-18 00:00:00;23.3;38.0;40.0;0.0;170.0;20.0;154.0;166.0
2020-08-18 01:00:00;24.5;35.1;40.0;0.0;180.0;20.0;152.0;163.0
2020-08-18 02:00:00;17.9;36.9;30.0;0.0;170.0;20.0;148.0;157.0
2020-08-18 03:00:00;15.5;33.4;40.0;0.0;190.0;30.0;149.0;159.0
2020-08-18 04:00:00;19.5;24.8;40.0;0.0;170.0;30.0;153.0;162.0
2020-08-18 05:00:00;22.1;21.5;60.0;0.0;210.0;40.0;166.0;180.0
2020-08-18 06:00:00;27.5;18.7;60.0;0.0;200.0;50.0;170.0;192.0
2020-08-18 07:00:00;27.5;25.8;90.0;0.0;210.0;50.0;169.0;202.0
2020-08-18 08:00:00;22.1;37.0;90.0;0.0;220.0;60.0;167.0;215.0
2020-08-18 09:00:00;20.5;48.5;80.0;2.0;220.0;60.0;161.0;204.0
2020-08-18 10:00:00;16.6;60.3;90.0;0.0;250.0;50.0;153.0;219.0
2020-08-18 11:00:00;16.4;59.1;110.0;0.0;260.0;70.0;156.0;228.0
2020-08-18 12:00:00;11.4;58.9;120.0;0.0;250.0;80.0;148.0;231.0
2020-08-18 13:00:00;9.0;61.4;110.0;0.0;250.0;80.0;152.0;233.0
2020-08-18 14:00:00;7.4;63.1;110.0;0.0;260.0;70.0;137.0;219.0
2020-08-18 15:00:00;6.4;63.8;90.0;0.0;260.0;70.0;123.0;220.0
2020-08-18 16:00:00;4.7;60.8;80.0;0.0;250.0;60.0;121.0;218.0
2020-08-18 17:00:00;8.2;60.4;80.0;0.0;270.0;50.0;124.0;204.0
2020-08-18 18:00:00;7.8;60.0;60.0;0.0;250.0;40.0;138.0;188.0
2020-08-18 19:00:00;9.4;54.1;50.0;0.0;240.0;30.0;137.0;185.0
2020-08-18 20:00:00;16.7;47.1;40.0;0.0;190.0;20.0;135.0;172.0
2020-08-18 21:00:00;17.7;50.9;30.0;0.0;160.0;20.0;134.0;158.0
2020-08-18 22:00:00;29.4;34.5;40.0;0.0;150.0;30.0;137.0;157.0
2020-08-18 23:00:00;21.5;38.8;40.0;0.0;150.0;30.0;137.0;159.0
2020-08-19 00:00:00;18.5;38.6;40.0;0.0;160.0;20.0;134.0;155.0
2020-08-19 01:00:00;19.3;32.5;40.0;0.0;160.0;20.0;134.0;155.0
2020-08-19 02:00:00;20.2;30.8;40.0;0.0;160.0;20.0;135.0;153.0
2020-08-19 03:00:00;17.9;34.2;40.0;0.0;160.0;20.0;137.0;151.0
2020-08-19 04:00:00;17.0;35.7;40.0;0.0;160.0;20.0;142.0;154.0
2020-08-19 05:00:00;24.3;31.7;40.0;0.0;160.0;30.0;152.0;173.0
2020-08-19 06:00:00;27.6;30.3;40.0;0.0;160.0;30.0;155.0;196.0
2020-08-19 07:00:00;32.4;27.2;50.0;0.0;150.0;40.0;155.0;220.0
2020-08-19 08:00:00;30.0;37.9;70.0;0.0;160.0;40.0;153.0;236.0
2020-08-19 09:00:00;24.7;47.3;90.0;0.0;160.0;60.0;150.0;245.0
2020-08-19 10:00:00;18.6;58.7;100.0;0.0;140.0;60.0;146.0;257.0
2020-08-19 11:00:00;14.9;70.1;100.0;0.0;170.0;70.0;141.0;265.0
2020-08-19 12:00:00;12.6;75.9;100.0;0.0;170.0;70.0;144.0;269.0
2020-08-19 13:00:00;11.2;82.6;110.0;0.0;160.0;70.0;150.0;265.0
2020-08-19 14:00:00;11.0;87.5;100.0;0.0;180.0;70.0;153.0;269.0
2020-08-19 15:00:00;12.5;83.9;90.0;0.0;180.0;60.0;151.0;262.0
2020-08-19 16:00:00;8.6;89.0;70.0;0.0;160.0;50.0;152.0;258.0
2020-08-19 17:00:00;10.4;84.8;70.0;0.0;150.0;40.0;159.0;247.0
2020-08-19 18:00:00;22.8;70.3;70.0;4.0;180.0;50.0;178.0;225.0
2020-08-19 19:00:00;31.4;57.8;80.0;2.0;150.0;30.0;177.0;216.0
2020-08-19 20:00:00;12.3;65.4;120.0;1.0;210.0;60.0;184.0;203.0
2020-08-19 21:00:00;18.9;47.7;120.0;0.0;190.0;70.0;172.0;200.0
2020-08-19 22:00:00;11.3;55.3;110.0;0.0;170.0;70.0;175.0;198.0
2020-08-19 23:00:00;6.9;60.6;110.0;0.0;170.0;70.0;173.0;200.0
2020-08-20 00:00:00;8.6;54.9;110.0;0.0;170.0;60.0;176.0;197.0
2020-08-20 01:00:00;6.9;53.0;80.0;3.0;170.0;50.0;178.0;195.0
2020-08-20 02:00:00;6.7;50.3;70.0;0.0;170.0;50.0;178.0;195.0
2020-08-20 03:00:00;7.4;45.6;60.0;0.0;180.0;40.0;180.0;197.0
2020-08-20 04:00:00;7.9;41.1;70.0;1.0;180.0;50.0;183.0;196.0
2020-08-20 05:00:00;9.9;38.0;60.0;0.0;170.0;40.0;185.0;202.0
2020-08-20 06:00:00;16.2;27.5;60.0;0.0;180.0;40.0;193.0;212.0
2020-08-20 07:00:00;19.7;20.6;80.0;0.0;210.0;40.0;190.0;225.0
2020-08-20 08:00:00;18.0;18.3;80.0;0.0;220.0;50.0;196.0;234.0
2020-08-20 09:00:00;18.7;19.6;80.0;0.0;180.0;50.0;192.0;234.0
2020-08-20 10:00:00;13.2;27.6;80.0;0.0;170.0;50.0;193.0;232.0
2020-08-20 11:00:00;14.7;26.1;80.0;0.0;170.0;50.0;190.0;247.0
2020-08-20 12:00:00;15.4;31.0;80.0;0.0;150.0;50.0;194.0;248.0
2020-08-20 13:00:00;13.6;41.1;100.0;0.0;160.0;60.0;179.0;267.0
2020-08-20 14:00:00;12.3;44.0;100.0;0.0;140.0;60.0;195.0;277.0
2020-08-20 15:00:00;11.6;59.2;90.0;0.0;150.0;60.0;187.0;276.0
2020-08-20 16:00:00;11.7;66.4;80.0;0.0;140.0;50.0;191.0;271.0
2020-08-20 17:00:00;15.3;71.4;70.0;0.0;120.0;40.0;195.0;259.0
2020-08-20 18:00:00;15.2;68.5;50.0;0.0;70.0;20.0;200.0;246.0
2020-08-20 19:00:00;14.3;55.6;40.0;0.0;80.0;20.0;200.0;242.0
2020-08-20 20:00:00;23.0;46.4;50.0;0.0;110.0;20.0;194.0;243.0
2020-08-20 21:00:00;24.7;44.8;90.0;3.0;110.0;30.0;195.0;217.0
2020-08-20 22:00:00;20.1;58.0;20.0;0.0;100.0;10.0;200.0;208.0
2020-08-20 23:00:00;17.4;38.0;30.0;0.0;110.0;20.0;202.0;216.0
2020-08-21 00:00:00;28.4;17.2;60.0;0.0;140.0;30.0;196.0;226.0
2020-08-21 01:00:00;31.4;15.2;80.0;0.0;150.0;40.0;182.0;228.0
2020-08-21 02:00:00;24.2;35.3;90.0;0.0;150.0;60.0;170.0;233.0
2020-08-21 03:00:00;22.6;51.8;100.0;0.0;170.0;60.0;160.0;238.0
2020-08-21 04:00:00;12.6;59.8;90.0;0.0;170.0;60.0;160.0;233.0
2020-08-21 05:00:00;12.3;58.7;100.0;0.0;190.0;70.0;163.0;234.0
2020-08-21 06:00:00;16.5;51.8;90.0;0.0;210.0;50.0;169.0;234.0
2020-08-21 07:00:00;16.5;42.2;90.0;0.0;210.0;60.0;176.0;251.0
2020-08-21 08:00:00;16.5;46.8;110.0;0.0;200.0;80.0;178.0;258.0
2020-08-21 09:00:00;11.3;58.4;130.0;0.0;210.0;90.0;148.0;271.0
2020-08-21 10:00:00;11.3;58.4;140.0;0.0;220.0;100.0;149.0;274.0
2020-08-21 11:00:00;10.0;76.4;150.0;0.0;260.0;90.0;158.0;257.0
2020-08-21 12:00:00;8.2;74.6;150.0;0.0;250.0;100.0;157.0;254.0
2020-08-21 13:00:00;6.5;71.5;130.0;0.0;250.0;90.0;158.0;251.0
2020-08-21 14:00:00;6.5;71.6;130.0;0.0;250.0;90.0;149.0;246.0
2020-08-21 15:00:00;5.1;72.5;130.0;0.0;240.0;100.0;143.0;235.0
2020-08-21 16:00:00;6.0;70.8;150.0;0.0;240.0;90.0;137.0;233.0
2020-08-21 17:00:00;7.3;62.6;140.0;0.0;230.0;90.0;135.0;229.0
2020-08-21 18:00:00;11.3;59.8;130.0;0.0;230.0;80.0;136.0;223.0
2020-08-21 19:00:00;12.3;58.6;100.0;0.0;240.0;70.0;146.0;209.0
2020-08-21 20:00:00;15.7;51.7;90.0;0.0;220.0;60.0;151.0;200.0
2020-08-21 21:00:00;14.0;50.2;90.0;0.0;220.0;50.0;149.0;195.0
2020-08-21 22:00:00;15.4;46.8;80.0;0.0;220.0;50.0;146.0;197.0
2020-08-21 23:00:00;11.9;48.8;110.0;0.0;230.0;50.0;148.0;200.0
2020-08-22 00:00:00;13.1;44.3;120.0;0.0;220.0;70.0;146.0;196.0
2020-08-22 01:00:00;7.4;55.8;100.0;0.0;210.0;60.0;148.0;192.0
2020-08-22 02:00:00;7.7;54.3;90.0;0.0;210.0;60.0;150.0;182.0
2020-08-22 03:00:00;9.0;49.8;100.0;0.0;230.0;60.0;148.0;190.0
2020-08-22 04:00:00;9.2;47.3;110.0;0.0;210.0;70.0;158.0;183.0
2020-08-22 05:00:00;9.0;50.8;110.0;0.0;220.0;70.0;140.0;188.0
2020-08-22 06:00:00;9.8;44.4;110.0;0.0;210.0;70.0;147.0;189.0
2020-08-22 07:00:00;9.9;51.4;120.0;1.0;210.0;80.0;156.0;193.0
2020-08-22 08:00:00;11.9;48.3;140.0;3.0;210.0;90.0;157.0;192.0
2020-08-22 09:00:00;8.7;49.8;150.0;4.0;220.0;90.0;173.0;200.0
2020-08-22 10:00:00;6.8;50.9;120.0;2.0;240.0;90.0;161.0;191.0
2020-08-22 11:00:00;5.7;54.6;130.0;6.0;220.0;80.0;166.0;208.0
2020-08-22 12:00:00;10.9;49.5;160.0;0.0;230.0;110.0;145.0;214.0
2020-08-22 13:00:00;6.5;63.3;160.0;0.0;240.0;100.0;138.0;216.0
2020-08-22 14:00:00;6.1;68.8;160.0;0.0;240.0;110.0;131.0;220.0
2020-08-22 15:00:00;7.1;73.9;170.0;0.0;240.0;110.0;135.0;211.0
2020-08-22 16:00:00;6.3;74.6;160.0;0.0;240.0;110.0;122.0;202.0
2020-08-22 17:00:00;7.1;71.9;180.0;0.0;240.0;120.0;119.0;194.0
2020-08-22 18:00:00;7.4;64.7;160.0;0.0;230.0;90.0;127.0;187.0
2020-08-22 19:00:00;8.3;65.2;130.0;0.0;230.0;80.0;135.0;181.0
2020-08-22 20:00:00;13.9;59.4;110.0;0.0;230.0;60.0;139.0;178.0
2020-08-22 21:00:00;14.1;56.9;100.0;0.0;230.0;70.0;138.0;178.0
2020-08-22 22:00:00;10.7;57.9;100.0;0.0;230.0;60.0;136.0;180.0
2020-08-22 23:00:00;8.7;57.2;90.0;0.0;230.0;60.0;138.0;181.0
2020-08-23 00:00:00;11.5;52.4;100.0;0.0;240.0;60.0;136.0;181.0
2020-08-23 01:00:00;11.5;53.7;100.0;0.0;240.0;60.0;140.0;178.0
2020-08-23 02:00:00;12.8;51.7;100.0;0.0;230.0;60.0;131.0;173.0
2020-08-23 03:00:00;11.1;52.3;100.0;2.0;220.0;60.0;138.0;163.0
2020-08-23 04:00:00;6.3;54.7;90.0;4.0;240.0;60.0;136.0;157.0
2020-08-23 05:00:00;8.0;50.3;100.0;8.0;230.0;40.0;145.0;162.0
2020-08-23 06:00:00;7.8;46.0;100.0;4.0;250.0;60.0;141.0;173.0
2020-08-23 07:00:00;9.3;38.5;120.0;0.0;250.0;70.0;147.0;178.0
2020-08-23 08:00:00;9.4;41.1;100.0;0.0;250.0;70.0;142.0;195.0
2020-08-23 09:00:00;4.4;45.9;130.0;0.0;270.0;90.0;140.0;193.0
2020-08-23 10:00:00;3.4;47.1;130.0;0.0;280.0;90.0;143.0;199.0
2020-08-23 11:00:00;2.7;48.2;130.0;0.0;280.0;90.0;138.0;201.0
2020-08-23 12:00:00;3.9;50.0;120.0;0.0;290.0;90.0;133.0;190.0
2020-08-23 13:00:00;4.7;52.2;120.0;0.0;290.0;80.0;129.0;198.0
2020-08-23 14:00:00;5.0;57.4;110.0;0.0;280.0;80.0;125.0;195.0
2020-08-23 15:00:00;4.7;61.0;100.0;0.0;280.0;70.0;122.0;188.0
2020-08-23 16:00:00;5.6;61.7;80.0;0.0;270.0;50.0;131.0;185.0
2020-08-23 17:00:00;5.9;66.0;110.0;3.0;250.0;60.0;133.0;166.0
2020-08-23 18:00:00;7.3;63.3;70.0;5.0;260.0;30.0;143.0;169.0
2020-08-23 19:00:00;11.5;58.9;40.0;0.0;150.0;20.0;146.0;164.0
2020-08-23 20:00:00;10.6;54.4;40.0;0.0;190.0;20.0;138.0;152.0
2020-08-23 21:00:00;16.6;47.7;40.0;0.0;190.0;30.0;146.0;166.0
2020-08-23 22:00:00;15.8;42.3;80.0;3.0;220.0;40.0;150.0;164.0
2020-08-23 23:00:00;15.2;39.1;80.0;8.0;210.0;60.0;151.0;161.0
2020-08-24 00:00:00;9.5;47.3;80.0;8.0;210.0;50.0;149.0;158.0
2020-08-24 01:00:00;5.9;49.9;70.0;3.0;210.0;50.0;150.0;161.0
2020-08-24 02:00:00;7.6;44.7;70.0;4.0;220.0;40.0;151.0;160.0
2020-08-24 03:00:00;10.3;37.7;60.0;0.0;210.0;40.0;146.0;157.0
2020-08-24 04:00:00;13.8;30.6;60.0;0.0;200.0;40.0;152.0;162.0
2020-08-24 05:00:00;13.4;31.7;60.0;0.0;260.0;40.0;144.0;168.0
2020-08-24 06:00:00;21.3;20.6;90.0;0.0;270.0;50.0;128.0;169.0
2020-08-24 07:00:00;25.6;21.9;110.0;0.0;270.0;70.0;122.0;181.0
2020-08-24 08:00:00;9.6;41.5;120.0;0.0;270.0;90.0;121.0;184.0
2020-08-24 09:00:00;5.6;49.2;120.0;0.0;260.0;90.0;124.0;192.0
2020-08-24 10:00:00;5.0;51.7;120.0;0.0;260.0;90.0;124.0;193.0
2020-08-24 11:00:00;5.1;53.9;120.0;0.0;250.0;90.0;122.0;188.0
2020-08-24 12:00:00;3.6;55.4;120.0;0.0;270.0;90.0;115.0;189.0
2020-08-24 13:00:00;4.3;58.6;130.0;0.0;260.0;90.0;118.0;190.0
2020-08-24 14:00:00;4.1;61.1;130.0;0.0;250.0;90.0;111.0;198.0
2020-08-24 15:00:00;3.1;62.8;120.0;0.0;270.0;80.0;118.0;187.0
2020-08-24 16:00:00;3.0;62.5;110.0;0.0;270.0;70.0;121.0;184.0
2020-08-24 17:00:00;4.6;64.6;90.0;0.0;270.0;60.0;119.0;177.0
2020-08-24 18:00:00;5.2;62.9;70.0;0.0;260.0;40.0;116.0;165.0
2020-08-24 19:00:00;11.6;52.3;50.0;0.0;220.0;30.0;116.0;151.0
2020-08-24 20:00:00;14.8;40.4;40.0;0.0;190.0;30.0;126.0;157.0
2020-08-24 21:00:00;11.3;44.1;30.0;2.0;330.0;20.0;135.0;158.0
2020-08-24 22:00:00;20.6;34.6;20.0;9.0;60.0;10.0;138.0;150.0
2020-08-24 23:00:00;17.9;36.1;40.0;0.0;160.0;20.0;132.0;149.0
2020-08-25 00:00:00;14.1;31.3;40.0;8.0;150.0;30.0;132.0;148.0
2020-08-25 01:00:00;14.4;37.9;40.0;0.0;150.0;30.0;126.0;138.0
2020-08-25 02:00:00;14.9;33.5;40.0;0.0;150.0;30.0;130.0;140.0
2020-08-25 03:00:00;15.2;28.2;60.0;0.0;160.0;40.0;134.0;143.0
2020-08-25 04:00:00;18.6;20.8;60.0;0.0;170.0;40.0;138.0;149.0
2020-08-25 05:00:00;20.7;17.4;70.0;0.0;170.0;40.0;140.0;153.0
2020-08-25 06:00:00;21.5;15.4;70.0;0.0;170.0;50.0;140.0;156.0
2020-08-25 07:00:00;22.7;15.9;80.0;0.0;160.0;50.0;140.0;160.0
2020-08-25 08:00:00;24.1;17.5;100.0;0.0;160.0;60.0;140.0;169.0
2020-08-25 09:00:00;17.6;24.9;120.0;0.0;170.0;70.0;145.0;184.0
2020-08-25 10:00:00;12.2;34.6;110.0;3.0;190.0;70.0;149.0;171.0
2020-08-25 11:00:00;11.4;39.7;120.0;10.0;170.0;80.0;150.0;169.0
2020-08-25 12:00:00;10.7;44.6;110.0;6.0;150.0;70.0;150.0;173.0
2020-08-25 13:00:00;11.0;47.6;120.0;0.0;160.0;80.0;153.0;187.0
2020-08-25 14:00:00;14.6;47.4;160.0;2.0;190.0;90.0;154.0;177.0
2020-08-25 15:00:00;11.1;53.9;150.0;2.0;180.0;100.0;157.0;180.0
2020-08-25 16:00:00;12.5;50.0;140.0;2.0;180.0;80.0;158.0;193.0
2020-08-25 17:00:00;12.2;52.8;190.0;0.0;230.0;90.0;140.0;203.0
2020-08-25 18:00:00;11.1;56.0;210.0;0.0;230.0;120.0;141.0;191.0
2020-08-25 19:00:00;10.1;54.6;190.0;0.0;220.0;120.0;139.0;189.0
2020-08-25 20:00:00;5.8;55.2;210.0;0.0;230.0;120.0;133.0;187.0
2020-08-25 21:00:00;3.1;54.7;210.0;0.0;220.0;140.0;136.0;185.0
2020-08-25 22:00:00;3.1;56.4;230.0;0.0;230.0;130.0;136.0;184.0
2020-08-25 23:00:00;2.9;55.5;220.0;3.0;230.0;140.0;140.0;178.0
2020-08-26 00:00:00;2.8;54.2;250.0;2.0;230.0;150.0;135.0;175.0
2020-08-26 01:00:00;3.1;53.2;230.0;8.0;240.0;150.0;142.0;168.0
2020-08-26 02:00:00;3.6;53.2;250.0;5.0;250.0;150.0;135.0;169.0
2020-08-26 03:00:00;5.1;51.2;240.0;10.0;250.0;140.0;133.0;173.0
2020-08-26 04:00:00;4.8;48.9;230.0;5.0;250.0;150.0;136.0;166.0
2020-08-26 05:00:00;3.0;47.7;220.0;8.0;260.0;140.0;127.0;173.0
2020-08-26 06:00:00;3.3;46.8;220.0;7.0;260.0;160.0;135.0;165.0
2020-08-26 07:00:00;3.7;46.5;230.0;1.0;260.0;150.0;129.0;170.0
2020-08-26 08:00:00;3.6;46.5;220.0;0.0;260.0;140.0;130.0;174.0
2020-08-26 09:00:00;2.7;46.5;200.0;0.0;260.0;140.0;134.0;178.0
2020-08-26 10:00:00;3.3;44.8;210.0;3.0;260.0;140.0;147.0;166.0
2020-08-26 11:00:00;4.7;47.3;200.0;7.0;270.0;130.0;154.0;172.0
2020-08-26 12:00:00;5.0;50.8;210.0;0.0;280.0;140.0;142.0;173.0
2020-08-26 13:00:00;6.2;53.5;200.0;0.0;270.0;130.0;141.0;172.0
2020-08-26 14:00:00;8.3;52.9;190.0;3.0;280.0;120.0;142.0;170.0
2020-08-26 15:00:00;8.4;54.7;170.0;0.0;290.0;120.0;135.0;172.0
2020-08-26 16:00:00;8.5;56.8;170.0;2.0;280.0;110.0;139.0;168.0
2020-08-26 17:00:00;10.0;56.2;160.0;0.0;290.0;100.0;133.0;169.0
2020-08-26 18:00:00;15.4;50.5;130.0;0.0;290.0;80.0;124.0;163.0
2020-08-26 19:00:00;7.3;58.1;100.0;0.0;290.0;70.0;128.0;164.0
2020-08-26 20:00:00;6.2;58.5;80.0;0.0;300.0;40.0;124.0;157.0
2020-08-26 21:00:00;3.3;58.6;60.0;0.0;280.0;30.0;112.0;136.0
2020-08-26 22:00:00;5.6;55.3;30.0;0.0;290.0;20.0;115.0;136.0
2020-08-26 23:00:00;4.6;55.1;40.0;0.0;250.0;30.0;106.0;126.0
2020-08-27 00:00:00;4.5;46.7;30.0;0.0;220.0;20.0;101.0;114.0
2020-08-27 01:00:00;12.1;32.9;40.0;0.0;220.0;30.0;110.0;123.0
2020-08-27 02:00:00;23.4;19.0;30.0;0.0;110.0;10.0;107.0;114.0
2020-08-27 03:00:00;19.5;11.0;10.0;0.0;130.0;10.0;112.0;115.0
2020-08-27 04:00:00;16.2;10.0;10.0;0.0;110.0;10.0;115.0;119.0
2020-08-27 05:00:00;14.6;6.2;20.0;0.0;150.0;10.0;133.0;145.0
2020-08-27 06:00:00;21.7;1.0;20.0;0.0;120.0;10.0;138.0;160.0
2020-08-27 07:00:00;37.4;9.7;30.0;0.0;120.0;20.0;129.0;165.0
2020-08-27 08:00:00;41.1;17.7;30.0;0.0;120.0;20.0;136.0;166.0
2020-08-27 09:00:00;27.2;29.1;50.0;0.0;140.0;30.0;144.0;169.0
2020-08-27 10:00:00;18.1;39.3;50.0;0.0;110.0;30.0;149.0;177.0
2020-08-27 11:00:00;16.5;42.1;70.0;0.0;140.0;40.0;146.0;177.0
2020-08-27 12:00:00;20.5;33.2;60.0;0.0;150.0;40.0;144.0;193.0
2020-08-27 13:00:00;18.9;31.5;70.0;0.0;130.0;40.0;146.0;199.0
2020-08-27 14:00:00;17.4;34.2;80.0;0.0;140.0;50.0;143.0;196.0
2020-08-27 15:00:00;15.4;38.0;70.0;0.0;140.0;50.0;136.0;193.0
2020-08-27 16:00:00;19.2;46.9;70.0;0.0;100.0;40.0;138.0;182.0
2020-08-27 17:00:00;24.7;49.6;70.0;0.0;110.0;50.0;138.0;178.0
2020-08-27 18:00:00;16.7;52.3;70.0;0.0;130.0;40.0;136.0;176.0
2020-08-27 19:00:00;17.6;47.9;70.0;0.0;120.0;40.0;136.0;171.0
2020-08-27 20:00:00;18.0;44.5;80.0;9.0;130.0;60.0;133.0;154.0
2020-08-27 21:00:00;21.7;41.1;80.0;0.0;110.0;50.0;136.0;156.0
2020-08-27 22:00:00;16.1;47.2;70.0;0.0;100.0;40.0;133.0;154.0
2020-08-27 23:00:00;13.3;40.3;70.0;0.0;140.0;50.0;134.0;155.0
2020-08-28 00:00:00;14.7;35.1;80.0;0.0;160.0;50.0;135.0;159.0
2020-08-28 01:00:00;18.2;30.7;100.0;0.0;170.0;70.0;139.0;157.0
2020-08-28 02:00:00;14.3;44.7;110.0;5.0;170.0;70.0;141.0;159.0
2020-08-28 03:00:00;9.5;43.2;120.0;6.0;190.0;80.0;148.0;163.0
2020-08-28 04:00:00;9.2;38.4;120.0;4.0;230.0;80.0;139.0;166.0
2020-08-28 05:00:00;10.1;41.0;120.0;0.0;230.0;80.0;126.0;165.0
2020-08-28 06:00:00;13.9;45.5;100.0;0.0;220.0;70.0;128.0;169.0
2020-08-28 07:00:00;17.2;43.8;120.0;0.0;230.0;80.0;128.0;171.0
2020-08-28 08:00:00;16.2;43.0;120.0;0.0;230.0;90.0;124.0;188.0
2020-08-28 09:00:00;15.1;45.9;110.0;0.0;230.0;80.0;117.0;188.0
2020-08-28 10:00:00;9.7;53.3;120.0;1.0;230.0;80.0;131.0;177.0
2020-08-28 11:00:00;10.1;49.1;130.0;0.0;230.0;70.0;136.0;181.0
2020-08-28 12:00:00;9.4;44.6;110.0;8.0;260.0;50.0;142.0;164.0
2020-08-28 13:00:00;10.3;43.2;90.0;6.0;250.0;40.0;132.0;155.0
2020-08-28 14:00:00;14.5;41.4;60.0;10.0;170.0;30.0;140.0;156.0
2020-08-28 15:00:00;24.2;33.5;50.0;4.0;170.0;30.0;144.0;169.0
2020-08-28 16:00:00;17.5;37.4;70.0;5.0;110.0;20.0;140.0;156.0
2020-08-28 17:00:00;20.0;30.7;60.0;0.0;130.0;40.0;139.0;155.0
2020-08-28 18:00:00;18.1;37.2;70.0;3.0;150.0;50.0;139.0;152.0
2020-08-28 19:00:00;14.8;38.8;60.0;2.0;170.0;40.0;125.0;141.0
2020-08-28 20:00:00;25.1;24.6;70.0;0.0;170.0;50.0;120.0;133.0
2020-08-28 21:00:00;19.4;34.3;60.0;0.0;160.0;30.0;121.0;129.0
2020-08-28 22:00:00;14.3;34.7;40.0;0.0;200.0;30.0;128.0;138.0
2020-08-28 23:00:00;15.7;27.5;50.0;0.0;190.0;40.0;120.0;131.0
2020-08-29 00:00:00;16.1;23.8;40.0;3.0;190.0;30.0;124.0;136.0
2020-08-29 01:00:00;17.8;23.4;70.0;0.0;200.0;40.0;123.0;135.0
2020-08-29 02:00:00;16.5;28.0;70.0;4.0;220.0;50.0;130.0;139.0
2020-08-29 03:00:00;16.5;28.3;100.0;7.0;230.0;50.0;126.0;141.0
2020-08-29 04:00:00;17.9;25.5;60.0;0.0;210.0;40.0;116.0;128.0
2020-08-29 05:00:00;11.2;44.9;70.0;0.0;200.0;40.0;128.0;143.0
2020-08-29 06:00:00;17.9;28.4;80.0;0.0;210.0;60.0;128.0;160.0
2020-08-29 07:00:00;19.3;27.7;100.0;3.0;260.0;70.0;131.0;148.0
2020-08-29 08:00:00;17.3;36.9;90.0;3.0;260.0;50.0;133.0;165.0
2020-08-29 09:00:00;9.5;56.0;90.0;0.0;260.0;60.0;126.0;167.0
2020-08-29 10:00:00;4.8;64.1;90.0;3.0;230.0;50.0;126.0;153.0
2020-08-29 11:00:00;9.9;58.0;70.0;7.0;220.0;50.0;136.0;156.0
2020-08-29 12:00:00;11.6;54.8;90.0;0.0;260.0;60.0;129.0;180.0
2020-08-29 13:00:00;12.0;53.9;100.0;0.0;250.0;70.0;131.0;193.0
2020-08-29 14:00:00;5.3;63.0;100.0;0.0;260.0;70.0;132.0;181.0
2020-08-29 15:00:00;5.3;64.9;90.0;0.0;260.0;70.0;127.0;184.0
2020-08-29 16:00:00;3.9;65.2;90.0;0.0;250.0;60.0;127.0;182.0
2020-08-29 17:00:00;4.1;65.1;80.0;0.0;250.0;50.0;131.0;169.0
2020-08-29 18:00:00;5.0;63.3;60.0;0.0;300.0;30.0;138.0;164.0
2020-08-29 19:00:00;11.3;54.7;50.0;0.0;240.0;30.0;133.0;156.0
2020-08-29 20:00:00;8.8;57.4;70.0;0.0;260.0;30.0;136.0;154.0
2020-08-29 21:00:00;14.5;47.1;50.0;8.0;280.0;30.0;130.0;143.0
2020-08-29 22:00:00;16.3;42.7;30.0;0.0;210.0;10.0;124.0;133.0
2020-08-29 23:00:00;22.0;26.1;30.0;0.0;190.0;20.0;125.0;129.0
2020-08-30 00:00:00;27.5;19.0;20.0;0.0;290.0;10.0;125.0;130.0
2020-08-30 01:00:00;27.2;21.8;30.0;0.0;250.0;10.0;122.0;126.0
2020-08-30 02:00:00;27.8;19.1;30.0;0.0;280.0;20.0;126.0;129.0
2020-08-30 03:00:00;31.8;8.6;30.0;0.0;240.0;10.0;114.0;118.0
2020-08-30 04:00:00;27.4;13.3;20.0;0.0;320.0;20.0;127.0;130.0
2020-08-30 05:00:00;10.1;42.2;40.0;0.0;340.0;20.0;136.0;147.0
2020-08-30 06:00:00;5.4;50.4;60.0;0.0;340.0;40.0;148.0;164.0
2020-08-30 07:00:00;3.6;51.0;80.0;0.0;360.0;40.0;152.0;175.0
2020-08-30 08:00:00;2.9;50.2;120.0;0.0;360.0;70.0;140.0;181.0
2020-08-30 09:00:00;2.1;49.1;140.0;1.0;10.0;90.0;145.0;170.0
2020-08-30 10:00:00;2.4;49.1;150.0;0.0;350.0;90.0;136.0;180.0
2020-08-30 11:00:00;2.3;51.5;150.0;0.0;360.0;90.0;132.0;181.0
2020-08-30 12:00:00;1.6;53.6;150.0;0.0;360.0;80.0;132.0;181.0
2020-08-30 13:00:00;2.9;53.9;160.0;0.0;360.0;90.0;131.0;175.0
2020-08-30 14:00:00;3.0;54.4;150.0;0.0;350.0;90.0;125.0;168.0
2020-08-30 15:00:00;3.6;54.8;140.0;0.0;360.0;90.0;120.0;164.0
2020-08-30 16:00:00;4.1;56.5;150.0;0.0;360.0;90.0;112.0;162.0
2020-08-30 17:00:00;3.7;57.9;120.0;0.0;350.0;70.0;99.0;157.0
2020-08-30 18:00:00;3.4;59.0;110.0;0.0;350.0;60.0;93.0;155.0
2020-08-30 19:00:00;4.1;59.1;90.0;0.0;350.0;50.0;100.0;153.0
2020-08-30 20:00:00;5.6;57.4;70.0;0.0;340.0;40.0;101.0;152.0
2020-08-30 21:00:00;5.2;56.1;80.0;0.0;350.0;50.0;106.0;152.0
2020-08-30 22:00:00;4.2;58.4;90.0;0.0;350.0;50.0;99.0;152.0
2020-08-30 23:00:00;4.2;59.0;70.0;0.0;350.0;40.0;93.0;152.0
2020-08-31 00:00:00;4.5;57.9;80.0;0.0;350.0;40.0;92.0;148.0
2020-08-31 01:00:00;3.5;57.5;70.0;0.0;350.0;40.0;87.0;145.0
2020-08-31 02:00:00;2.8;56.7;50.0;0.0;360.0;30.0;81.0;138.0
2020-08-31 03:00:00;3.2;55.4;40.0;0.0;10.0;20.0;73.0;127.0
2020-08-31 04:00:00;4.5;51.8;20.0;0.0;360.0;10.0;82.0;113.0
2020-08-31 05:00:00;12.4;32.7;20.0;0.0;310.0;20.0;90.0;120.0
2020-08-31 06:00:00;29.0;25.7;50.0;0.0;360.0;20.0;101.0;158.0
2020-08-31 07:00:00;22.8;36.9;90.0;0.0;350.0;50.0;98.0;153.0
2020-08-31 08:00:00;8.9;50.7;100.0;0.0;360.0;60.0;92.0;165.0
2020-08-31 09:00:00;6.1;55.1;80.0;0.0;340.0;50.0;95.0;166.0
2020-08-31 10:00:00;5.2;56.7;90.0;0.0;360.0;50.0;77.0;184.0
2020-08-31 11:00:00;5.5;57.2;80.0;0.0;30.0;50.0;86.0;173.0
2020-08-31 12:00:00;5.3;54.7;80.0;0.0;50.0;40.0;88.0;174.0
2020-08-31 13:00:00;5.0;55.2;80.0;0.0;10.0;40.0;82.0;168.0
2020-08-31 14:00:00;5.8;58.1;60.0;0.0;20.0;30.0;87.0;172.0
2020-08-31 15:00:00;6.6;59.5;50.0;0.0;350.0;30.0;76.0;174.0
2020-08-31 16:00:00;4.9;60.7;50.0;0.0;350.0;30.0;81.0;176.0
2020-08-31 17:00:00;5.6;60.5;60.0;0.0;320.0;40.0;75.0;146.0
2020-08-31 18:00:00;5.8;56.3;40.0;0.0;330.0;30.0;96.0;140.0
2020-08-31 19:00:00;7.7;51.6;40.0;0.0;10.0;20.0;92.0;145.0
2020-08-31 20:00:00;16.5;36.1;30.0;0.0;360.0;20.0;91.0;132.0
2020-08-31 21:00:00;13.8;42.9;10.0;0.0;0.0;10.0;95.0;117.0
2020-08-31 22:00:00;16.5;31.4;10.0;0.0;300.0;0.0;93.0;111.0
2020-08-31 23:00:00;28.1;19.8;30.0;0.0;0.0;10.0;102.0;127.0
2020-09-01 00:00:00;14.4;34.3;40.0;0.0;310.0;20.0;106.0;130.0
2020-09-01 01:00:00;13.4;33.3;50.0;0.0;300.0;40.0;93.0;129.0
2020-09-01 02:00:00;7.8;42.9;40.0;0.0;320.0;20.0;94.0;126.0
2020-09-01 03:00:00;9.1;38.1;20.0;0.0;40.0;10.0;101.0;119.0
2020-09-01 04:00:00;11.2;30.4;20.0;0.0;110.0;10.0;102.0;123.0
2020-09-01 05:00:00;16.5;20.9;20.0;0.0;340.0;10.0;107.0;131.0
2020-09-01 06:00:00;29.7;10.8;30.0;0.0;40.0;10.0;93.0;164.0
2020-09-01 07:00:00;38.3;22.9;50.0;0.0;360.0;10.0;91.0;170.0
2020-09-01 08:00:00;7.2;62.6;50.0;0.0;360.0;20.0;79.0;169.0
2020-09-01 09:00:00;5.4;60.1;50.0;0.0;360.0;20.0;91.0;161.0
2020-09-01 10:00:00;5.3;56.4;50.0;0.0;350.0;40.0;99.0;159.0
2020-09-01 11:00:00;8.4;49.8;40.0;0.0;50.0;20.0;105.0;155.0
2020-09-01 12:00:00;7.0;45.1;50.0;0.0;100.0;30.0;106.0;157.0
2020-09-01 13:00:00;10.6;38.2;30.0;0.0;350.0;10.0;100.0;165.0
2020-09-01 14:00:00;10.0;43.8;60.0;0.0;330.0;30.0;104.0;162.0
2020-09-01 15:00:00;8.5;53.1;40.0;0.0;340.0;20.0;102.0;166.0
2020-09-01 16:00:00;6.7;60.6;40.0;0.0;340.0;20.0;98.0;158.0
2020-09-01 17:00:00;7.0;61.3;40.0;0.0;340.0;20.0;100.0;141.0
2020-09-01 18:00:00;9.7;51.7;50.0;0.0;360.0;10.0;102.0;137.0
2020-09-01 19:00:00;13.1;44.5;60.0;0.0;330.0;10.0;100.0;125.0
2020-09-01 20:00:00;18.5;24.5;20.0;0.0;340.0;10.0;99.0;107.0
2020-09-01 21:00:00;29.1;14.6;20.0;0.0;0.0;10.0;100.0;105.0
2020-09-01 22:00:00;31.9;12.8;30.0;0.0;320.0;10.0;93.0;99.0
2020-09-01 23:00:00;28.5;15.4;30.0;0.0;0.0;10.0;91.0;94.0
2020-09-02 00:00:00;20.9;24.4;10.0;0.0;300.0;10.0;92.0;95.0
2020-09-02 01:00:00;15.5;29.4;20.0;0.0;300.0;10.0;90.0;93.0
2020-09-02 02:00:00;15.3;27.3;20.0;0.0;300.0;10.0;91.0;94.0
2020-09-02 03:00:00;9.7;29.7;20.0;0.0;290.0;10.0;85.0;90.0
2020-09-02 04:00:00;10.9;26.2;20.0;0.0;300.0;10.0;86.0;91.0
2020-09-02 05:00:00;21.5;13.7;20.0;0.0;0.0;10.0;95.0;101.0
2020-09-02 06:00:00;35.7;2.7;20.0;0.0;350.0;10.0;100.0;137.0
2020-09-02 07:00:00;40.7;3.8;30.0;0.0;350.0;10.0;100.0;173.0
2020-09-02 08:00:00;24.0;25.1;40.0;0.0;350.0;10.0;100.0;183.0
2020-09-02 09:00:00;11.6;43.0;70.0;0.0;350.0;20.0;98.0;198.0
2020-09-02 10:00:00;8.6;52.4;30.0;0.0;350.0;10.0;102.0;197.0
2020-09-02 11:00:00;5.9;61.3;20.0;0.0;350.0;10.0;97.0;204.0
2020-09-02 12:00:00;5.2;65.5;40.0;0.0;130.0;20.0;102.0;197.0
2020-09-02 13:00:00;4.4;70.5;60.0;0.0;270.0;20.0;115.0;192.0
2020-09-02 14:00:00;4.2;71.9;60.0;0.0;260.0;40.0;116.0;205.0
2020-09-02 15:00:00;5.6;71.5;90.0;0.0;290.0;50.0;111.0;187.0
2020-09-02 16:00:00;5.5;65.6;60.0;0.0;310.0;40.0;111.0;182.0
2020-09-02 17:00:00;12.4;67.4;60.0;0.0;290.0;30.0;106.0;157.0
2020-09-02 18:00:00;28.0;58.4;40.0;0.0;270.0;20.0;104.0;150.0
2020-09-02 19:00:00;26.4;47.0;20.0;0.0;140.0;10.0;108.0;142.0
2020-09-02 20:00:00;17.0;45.6;20.0;0.0;150.0;10.0;104.0;126.0
2020-09-02 21:00:00;24.1;35.2;30.0;0.0;190.0;20.0;99.0;121.0
2020-09-02 22:00:00;33.5;18.0;30.0;0.0;170.0;20.0;103.0;124.0
2020-09-02 23:00:00;37.4;27.0;40.0;0.0;170.0;20.0;112.0;129.0
2020-09-03 00:00:00;23.2;49.8;40.0;0.0;170.0;30.0;113.0;132.0
2020-09-03 01:00:00;18.9;52.4;50.0;0.0;190.0;30.0;111.0;141.0
2020-09-03 02:00:00;20.1;50.8;80.0;0.0;210.0;50.0;111.0;148.0
2020-09-03 03:00:00;15.4;54.4;70.0;0.0;180.0;50.0;116.0;146.0
2020-09-03 04:00:00;15.2;59.1;60.0;7.0;170.0;40.0;120.0;139.0
2020-09-03 05:00:00;20.4;44.8;80.0;7.0;180.0;50.0;123.0;138.0
2020-09-03 06:00:00;25.3;35.2;90.0;10.0;180.0;50.0;123.0;135.0
2020-09-03 07:00:00;33.7;25.3;90.0;10.0;170.0;60.0;122.0;133.0
2020-09-03 08:00:00;25.6;47.7;100.0;4.0;180.0;70.0;127.0;137.0
2020-09-03 09:00:00;18.9;58.4;90.0;9.0;180.0;60.0;135.0;145.0
2020-09-03 10:00:00;21.2;47.6;90.0;10.0;190.0;70.0;145.0;157.0
2020-09-03 11:00:00;25.1;37.5;100.0;0.0;200.0;70.0;150.0;172.0
2020-09-03 12:00:00;22.7;42.6;100.0;0.0;230.0;70.0;164.0;189.0
2020-09-03 13:00:00;23.0;41.0;130.0;0.0;230.0;90.0;172.0;193.0
2020-09-03 14:00:00;27.3;39.5;120.0;7.0;230.0;80.0;177.0;191.0
2020-09-03 15:00:00;20.4;37.9;120.0;9.0;230.0;80.0;177.0;187.0
2020-09-03 16:00:00;21.2;35.4;110.0;10.0;230.0;80.0;176.0;188.0
2020-09-03 17:00:00;21.5;33.6;130.0;10.0;230.0;80.0;176.0;184.0
2020-09-03 18:00:00;26.4;28.8;110.0;10.0;230.0;80.0;175.0;185.0
2020-09-03 19:00:00;24.5;30.9;120.0;10.0;230.0;80.0;176.0;184.0
2020-09-03 20:00:00;21.0;34.4;110.0;10.0;250.0;70.0;175.0;184.0
2020-09-03 21:00:00;13.2;40.0;120.0;10.0;260.0;80.0;172.0;180.0
2020-09-03 22:00:00;7.8;42.3;120.0;10.0;250.0;50.0;162.0;168.0
2020-09-03 23:00:00;8.7;41.3;50.0;0.0;220.0;30.0;160.0;170.0
2020-09-04 00:00:00;8.5;37.1;50.0;0.0;220.0;40.0;166.0;174.0
2020-09-04 01:00:00;10.7;31.2;50.0;0.0;220.0;30.0;168.0;173.0
2020-09-04 02:00:00;10.1;27.3;40.0;0.0;210.0;30.0;170.0;175.0
2020-09-04 03:00:00;13.9;21.3;40.0;0.0;240.0;30.0;158.0;173.0
2020-09-04 04:00:00;15.4;17.0;50.0;0.0;220.0;30.0;153.0;164.0
2020-09-04 05:00:00;18.8;14.9;50.0;0.0;220.0;30.0;156.0;169.0
2020-09-04 06:00:00;24.4;13.1;50.0;0.0;260.0;30.0;148.0;180.0
2020-09-04 07:00:00;29.0;12.2;60.0;0.0;270.0;40.0;142.0;179.0
2020-09-04 08:00:00;18.5;23.3;60.0;0.0;270.0;40.0;144.0;189.0
2020-09-04 09:00:00;12.5;31.8;80.0;0.0;270.0;50.0;134.0;186.0
2020-09-04 10:00:00;7.7;41.7;100.0;0.0;260.0;60.0;140.0;200.0
2020-09-04 11:00:00;6.1;48.6;90.0;0.0;260.0;60.0;128.0;189.0
2020-09-04 12:00:00;5.0;52.3;100.0;0.0;250.0;60.0;132.0;198.0
2020-09-04 13:00:00;5.3;53.2;110.0;0.0;250.0;80.0;120.0;187.0
2020-09-04 14:00:00;6.5;56.0;120.0;0.0;250.0;80.0;120.0;181.0
2020-09-04 15:00:00;7.2;56.5;110.0;0.0;260.0;70.0;121.0;177.0
2020-09-04 16:00:00;6.1;58.2;110.0;0.0;260.0;70.0;114.0;172.0
2020-09-04 17:00:00;7.7;57.6;90.0;0.0;260.0;50.0;110.0;168.0
2020-09-04 18:00:00;6.9;60.8;70.0;0.0;240.0;40.0;112.0;165.0
2020-09-04 19:00:00;9.7;56.3;60.0;0.0;200.0;40.0;118.0;155.0
2020-09-04 20:00:00;15.4;50.3;60.0;0.0;200.0;40.0;119.0;156.0
2020-09-04 21:00:00;22.5;40.6;60.0;0.0;210.0;40.0;122.0;161.0
2020-09-04 22:00:00;19.8;41.0;50.0;0.0;250.0;40.0;120.0;161.0
2020-09-04 23:00:00;26.4;33.3;50.0;0.0;280.0;30.0;122.0;157.0
2020-09-05 00:00:00;23.5;32.3;50.0;0.0;290.0;20.0;116.0;149.0
2020-09-05 01:00:00;15.8;38.7;50.0;10.0;280.0;30.0;123.0;140.0
2020-09-05 02:00:00;14.6;32.8;50.0;10.0;300.0;30.0;124.0;137.0
2020-09-05 03:00:00;12.5;36.1;50.0;9.0;220.0;30.0;118.0;133.0
2020-09-05 04:00:00;9.0;50.2;60.0;0.0;220.0;40.0;117.0;132.0
2020-09-05 05:00:00;8.2;55.4;60.0;0.0;220.0;40.0;120.0;134.0
2020-09-05 06:00:00;17.4;39.7;50.0;0.0;260.0;40.0;117.0;157.0
2020-09-05 07:00:00;21.6;29.4;90.0;0.0;270.0;50.0;115.0;168.0
2020-09-05 08:00:00;11.0;38.5;110.0;0.0;260.0;70.0;111.0;175.0
2020-09-05 09:00:00;5.1;47.0;120.0;0.0;280.0;80.0;106.0;167.0
2020-09-05 10:00:00;5.9;46.8;110.0;0.0;280.0;80.0;99.0;164.0
2020-09-05 11:00:00;6.2;46.5;110.0;0.0;290.0;80.0;91.0;167.0
2020-09-05 12:00:00;6.4;50.6;110.0;0.0;280.0;80.0;90.0;168.0
2020-09-05 13:00:00;4.5;52.8;110.0;0.0;280.0;80.0;96.0;161.0
2020-09-05 14:00:00;5.5;50.9;120.0;0.0;270.0;80.0;93.0;161.0
2020-09-05 15:00:00;4.9;53.4;100.0;0.0;280.0;70.0;90.0;155.0
2020-09-05 16:00:00;6.6;50.7;70.0;0.0;270.0;40.0;99.0;148.0
2020-09-05 17:00:00;7.8;48.5;60.0;0.0;270.0;40.0;108.0;143.0
2020-09-05 18:00:00;6.7;48.9;90.0;7.0;310.0;40.0;94.0;127.0
2020-09-05 19:00:00;9.2;46.3;50.0;0.0;240.0;10.0;99.0;125.0
2020-09-05 20:00:00;10.5;37.7;40.0;0.0;260.0;30.0;96.0;119.0
2020-09-05 21:00:00;11.9;29.8;40.0;0.0;210.0;20.0;91.0;105.0
2020-09-05 22:00:00;19.4;23.2;40.0;0.0;170.0;20.0;91.0;103.0
2020-09-05 23:00:00;28.3;13.6;90.0;7.0;20.0;40.0;111.0;122.0
2020-09-06 00:00:00;31.1;8.5;40.0;3.0;170.0;20.0;99.0;107.0
2020-09-06 01:00:00;27.9;14.5;40.0;2.0;150.0;30.0;100.0;109.0
2020-09-06 02:00:00;26.8;16.8;40.0;1.0;170.0;20.0;100.0;110.0
2020-09-06 03:00:00;13.0;38.8;40.0;6.0;170.0;30.0;101.0;109.0
2020-09-06 04:00:00;7.4;41.1;40.0;0.0;170.0;30.0;98.0;107.0
2020-09-06 05:00:00;8.8;39.7;40.0;0.0;180.0;30.0;107.0;115.0
2020-09-06 06:00:00;13.2;30.5;40.0;0.0;180.0;20.0;108.0;139.0
2020-09-06 07:00:00;13.5;22.6;70.0;0.0;250.0;30.0;108.0;166.0
2020-09-06 08:00:00;13.6;25.1;90.0;0.0;260.0;60.0;106.0;172.0
2020-09-06 09:00:00;10.8;41.7;90.0;0.0;270.0;60.0;100.0;171.0
2020-09-06 10:00:00;4.5;53.1;90.0;0.0;270.0;60.0;104.0;173.0
2020-09-06 11:00:00;5.7;53.7;100.0;0.0;280.0;60.0;104.0;178.0
2020-09-06 12:00:00;4.6;57.6;100.0;0.0;290.0;70.0;101.0;164.0
2020-09-06 13:00:00;3.2;60.2;100.0;0.0;270.0;70.0;108.0;187.0
2020-09-06 14:00:00;3.6;58.7;100.0;0.0;290.0;70.0;113.0;184.0
2020-09-06 15:00:00;3.3;60.8;90.0;0.0;290.0;60.0;107.0;168.0
2020-09-06 16:00:00;5.0;58.1;80.0;0.0;290.0;50.0;116.0;162.0
2020-09-06 17:00:00;4.6;55.6;70.0;3.0;260.0;40.0;123.0;149.0
2020-09-06 18:00:00;9.4;47.3;50.0;1.0;300.0;20.0;120.0;148.0
2020-09-06 19:00:00;7.0;43.1;50.0;4.0;220.0;30.0;118.0;129.0
2020-09-06 20:00:00;10.7;29.0;30.0;0.0;220.0;20.0;107.0;115.0
2020-09-06 21:00:00;15.9;23.8;30.0;0.0;280.0;20.0;107.0;112.0
2020-09-06 22:00:00;12.7;21.6;20.0;0.0;190.0;10.0;108.0;116.0
2020-09-06 23:00:00;19.2;6.9;40.0;0.0;210.0;20.0;102.0;108.0
2020-09-07 00:00:00;25.9;6.2;30.0;0.0;210.0;20.0;104.0;106.0
2020-09-07 01:00:00;24.0;10.5;20.0;0.0;190.0;10.0;111.0;111.0
2020-09-07 02:00:00;19.6;11.4;20.0;0.0;110.0;10.0;104.0;107.0
2020-09-07 03:00:00;15.6;17.1;30.0;0.0;170.0;10.0;99.0;104.0
2020-09-07 04:00:00;17.1;25.3;20.0;0.0;170.0;10.0;95.0;99.0
2020-09-07 05:00:00;25.3;13.8;40.0;0.0;180.0;30.0;115.0;121.0
2020-09-07 06:00:00;38.1;9.3;60.0;0.0;210.0;40.0;125.0;152.0
2020-09-07 07:00:00;40.0;10.9;70.0;0.0;220.0;50.0;125.0;170.0
2020-09-07 08:00:00;34.5;23.3;90.0;0.0;220.0;60.0;125.0;187.0
2020-09-07 09:00:00;31.3;25.7;90.0;0.0;230.0;60.0;125.0;192.0
2020-09-07 10:00:00;23.1;39.0;110.0;0.0;240.0;70.0;115.0;200.0
2020-09-07 11:00:00;12.8;54.1;110.0;0.0;240.0;70.0;115.0;199.0
2020-09-07 12:00:00;8.1;62.3;110.0;0.0;240.0;70.0;110.0;203.0
2020-09-07 13:00:00;5.7;67.2;110.0;0.0;250.0;70.0;123.0;200.0
2020-09-07 14:00:00;5.1;70.5;110.0;0.0;250.0;70.0;120.0;197.0
2020-09-07 15:00:00;7.8;70.8;100.0;0.0;250.0;70.0;118.0;187.0
2020-09-07 16:00:00;8.4;64.3;90.0;0.0;240.0;70.0;117.0;183.0
2020-09-07 17:00:00;10.4;61.8;80.0;0.0;220.0;50.0;115.0;168.0
2020-09-07 18:00:00;15.8;50.9;60.0;0.0;210.0;40.0;122.0;165.0
2020-09-07 19:00:00;20.3;46.2;70.0;0.0;210.0;50.0;125.0;158.0
2020-09-07 20:00:00;16.2;50.0;70.0;0.0;210.0;40.0;127.0;154.0
2020-09-07 21:00:00;14.7;44.8;70.0;0.0;200.0;50.0;132.0;159.0
2020-09-07 22:00:00;15.7;39.3;80.0;0.0;210.0;60.0;130.0;158.0
2020-09-07 23:00:00;13.9;38.5;80.0;0.0;220.0;60.0;133.0;158.0
2020-09-08 00:00:00;13.9;35.7;80.0;0.0;210.0;50.0;136.0;160.0
2020-09-08 01:00:00;12.6;36.4;80.0;0.0;220.0;60.0;146.0;158.0
2020-09-08 02:00:00;13.7;32.4;80.0;8.0;210.0;50.0;149.0;157.0
2020-09-08 03:00:00;14.5;29.3;80.0;0.0;220.0;50.0;152.0;159.0
2020-09-08 04:00:00;13.1;26.5;60.0;7.0;220.0;40.0;154.0;159.0
2020-09-08 05:00:00;18.6;16.9;60.0;7.0;240.0;30.0;160.0;167.0
2020-09-08 06:00:00;24.3;14.9;60.0;0.0;220.0;40.0;161.0;169.0
2020-09-08 07:00:00;21.4;18.9;80.0;0.0;230.0;50.0;162.0;173.0
2020-09-08 08:00:00;28.4;12.8;70.0;0.0;220.0;50.0;164.0;184.0
2020-09-08 09:00:00;24.6;15.0;80.0;0.0;250.0;50.0;160.0;187.0
2020-09-08 10:00:00;19.6;22.4;90.0;0.0;250.0;60.0;157.0;187.0
2020-09-08 11:00:00;14.3;26.6;80.0;0.0;240.0;60.0;158.0;187.0
2020-09-08 12:00:00;10.8;31.0;80.0;0.0;250.0;50.0;159.0;189.0
2020-09-08 13:00:00;11.7;31.7;80.0;0.0;250.0;60.0;164.0;195.0
2020-09-08 14:00:00;10.9;34.7;80.0;0.0;230.0;60.0;164.0;188.0
2020-09-08 15:00:00;9.8;36.7;80.0;0.0;230.0;50.0;160.0;186.0
2020-09-08 16:00:00;14.6;30.7;70.0;0.0;210.0;50.0;157.0;185.0
2020-09-08 17:00:00;17.3;28.6;80.0;0.0;210.0;50.0;158.0;181.0
2020-09-08 18:00:00;18.1;28.5;70.0;0.0;210.0;50.0;162.0;181.0
2020-09-08 19:00:00;17.5;27.4;70.0;0.0;200.0;40.0;162.0;181.0
2020-09-08 20:00:00;19.1;20.9;50.0;0.0;210.0;30.0;163.0;178.0
2020-09-08 21:00:00;23.5;11.7;40.0;0.0;180.0;20.0;165.0;179.0
2020-09-08 22:00:00;21.8;8.3;50.0;0.0;180.0;30.0;161.0;172.0
2020-09-08 23:00:00;22.7;6.2;50.0;0.0;190.0;40.0;164.0;176.0
2020-09-09 00:00:00;26.6;4.3;60.0;0.0;190.0;40.0;165.0;178.0
2020-09-09 01:00:00;23.9;6.0;70.0;0.0;210.0;40.0;166.0;182.0
2020-09-09 02:00:00;21.3;8.3;70.0;0.0;210.0;50.0;164.0;180.0
2020-09-09 03:00:00;19.1;12.4;70.0;0.0;220.0;50.0;164.0;178.0
2020-09-09 04:00:00;15.3;17.7;80.0;0.0;220.0;50.0;166.0;178.0
2020-09-09 05:00:00;15.1;17.5;80.0;0.0;210.0;50.0;170.0;180.0
2020-09-09 06:00:00;20.5;15.0;80.0;0.0;220.0;50.0;173.0;186.0
2020-09-09 07:00:00;22.9;14.0;100.0;0.0;230.0;60.0;172.0;194.0
2020-09-09 08:00:00;23.6;13.8;100.0;0.0;240.0;70.0;174.0;192.0
2020-09-09 09:00:00;14.6;20.8;100.0;0.0;240.0;70.0;169.0;202.0
2020-09-09 10:00:00;10.8;23.9;110.0;0.0;250.0;70.0;164.0;196.0
2020-09-09 11:00:00;13.4;21.0;110.0;0.0;260.0;70.0;162.0;193.0
2020-09-09 12:00:00;13.4;23.2;90.0;0.0;290.0;60.0;161.0;185.0
2020-09-09 13:00:00;12.3;23.8;70.0;4.0;280.0;50.0;172.0;180.0
2020-09-09 14:00:00;18.5;16.6;80.0;9.0;290.0;50.0;171.0;179.0
2020-09-09 15:00:00;17.7;20.5;80.0;4.0;300.0;50.0;167.0;185.0
2020-09-09 16:00:00;9.3;24.1;90.0;0.0;330.0;50.0;150.0;176.0
2020-09-09 17:00:00;6.8;31.0;70.0;0.0;330.0;40.0;134.0;162.0
2020-09-09 18:00:00;6.6;34.5;80.0;0.0;330.0;40.0;115.0;145.0
2020-09-09 19:00:00;5.7;42.3;50.0;0.0;330.0;30.0;102.0;123.0
2020-09-09 20:00:00;6.9;35.8;40.0;0.0;330.0;20.0;100.0;120.0
2020-09-09 21:00:00;10.0;25.4;20.0;0.0;0.0;10.0;101.0;116.0
2020-09-09 22:00:00;10.4;21.3;20.0;0.0;190.0;10.0;95.0;103.0
2020-09-09 23:00:00;10.2;17.5;20.0;0.0;200.0;10.0;96.0;101.0
2020-09-10 00:00:00;10.5;16.0;20.0;0.0;190.0;10.0;91.0;96.0
2020-09-10 01:00:00;20.2;6.5;20.0;0.0;170.0;10.0;95.0;100.0
2020-09-10 02:00:00;25.3;2.8;10.0;0.0;170.0;10.0;96.0;100.0
2020-09-10 03:00:00;27.0;1.3;10.0;0.0;180.0;10.0;92.0;95.0
2020-09-10 04:00:00;26.2;3.7;20.0;0.0;170.0;10.0;90.0;95.0
2020-09-10 05:00:00;30.6;2.7;10.0;0.0;130.0;10.0;100.0;107.0
2020-09-10 06:00:00;35.7;-0.2;20.0;0.0;140.0;10.0;105.0;118.0
2020-09-10 07:00:00;42.1;2.2;10.0;0.0;120.0;10.0;105.0;168.0
2020-09-10 08:00:00;55.7;18.4;20.0;0.0;120.0;10.0;103.0;186.0
2020-09-10 09:00:00;10.6;60.0;30.0;0.0;310.0;10.0;71.0;176.0
2020-09-10 10:00:00;5.3;63.2;30.0;0.0;300.0;10.0;81.0;179.0
2020-09-10 11:00:00;6.0;59.4;30.0;0.0;300.0;10.0;88.0;187.0
2020-09-10 12:00:00;18.2;53.7;40.0;0.0;320.0;20.0;102.0;178.0
2020-09-10 13:00:00;21.1;51.5;50.0;0.0;320.0;30.0;93.0;184.0
2020-09-10 14:00:00;23.8;47.4;40.0;0.0;190.0;20.0;96.0;183.0
2020-09-10 15:00:00;24.9;49.0;40.0;0.0;180.0;20.0;87.0;178.0
2020-09-10 16:00:00;15.7;52.6;40.0;0.0;210.0;20.0;110.0;175.0
2020-09-10 17:00:00;14.3;54.5;50.0;0.0;310.0;30.0;104.0;145.0
2020-09-10 18:00:00;18.4;43.4;30.0;0.0;350.0;20.0;104.0;136.0
2020-09-10 19:00:00;20.8;36.6;10.0;0.0;350.0;10.0;109.0;130.0
2020-09-10 20:00:00;20.2;30.1;10.0;0.0;0.0;0.0;109.0;125.0
2020-09-10 21:00:00;25.8;17.6;10.0;0.0;0.0;0.0;107.0;126.0
2020-09-10 22:00:00;29.0;21.7;10.0;0.0;140.0;0.0;110.0;126.0
2020-09-10 23:00:00;15.0;26.9;10.0;0.0;130.0;0.0;113.0;131.0
2020-09-11 00:00:00;30.0;9.0;20.0;0.0;160.0;10.0;114.0;132.0
2020-09-11 01:00:00;48.8;1.0;20.0;0.0;0.0;10.0;118.0;130.0
2020-09-11 02:00:00;39.6;10.8;10.0;0.0;0.0;10.0;117.0;130.0
2020-09-11 03:00:00;37.2;6.0;20.0;0.0;210.0;10.0;112.0;126.0
2020-09-11 04:00:00;37.3;3.9;20.0;0.0;0.0;10.0;106.0;116.0
2020-09-11 05:00:00;29.5;3.6;10.0;0.0;0.0;0.0;110.0;119.0
2020-09-11 06:00:00;23.8;6.8;20.0;0.0;160.0;10.0;110.0;139.0
2020-09-11 07:00:00;26.7;6.7;20.0;0.0;160.0;20.0;110.0;153.0
2020-09-11 08:00:00;51.8;12.2;50.0;0.0;200.0;30.0;99.0;168.0
2020-09-11 09:00:00;26.2;48.7;60.0;0.0;220.0;30.0;86.0;171.0
2020-09-11 10:00:00;13.8;59.8;70.0;0.0;230.0;40.0;95.0;182.0
2020-09-11 11:00:00;10.5;67.7;80.0;0.0;220.0;40.0;103.0;192.0
2020-09-11 12:00:00;11.7;65.8;70.0;0.0;270.0;40.0;101.0;188.0
2020-09-11 13:00:00;9.0;75.4;80.0;0.0;260.0;50.0;103.0;190.0
2020-09-11 14:00:00;12.0;70.9;70.0;0.0;270.0;50.0;98.0;181.0
2020-09-11 15:00:00;9.4;77.2;70.0;0.0;250.0;50.0;100.0;176.0
2020-09-11 16:00:00;7.7;77.1;70.0;0.0;270.0;50.0;98.0;167.0
2020-09-11 17:00:00;10.2;74.6;60.0;0.0;250.0;40.0;96.0;157.0
2020-09-11 18:00:00;10.7;72.5;50.0;0.0;230.0;30.0;101.0;139.0
2020-09-11 19:00:00;17.6;59.9;50.0;0.0;180.0;30.0;102.0;130.0
2020-09-11 20:00:00;24.2;43.8;40.0;0.0;190.0;30.0;97.0;122.0
2020-09-11 21:00:00;37.0;28.6;40.0;0.0;180.0;30.0;97.0;121.0
2020-09-11 22:00:00;31.2;39.7;40.0;0.0;190.0;40.0;96.0;121.0
2020-09-11 23:00:00;29.3;37.6;40.0;0.0;180.0;30.0;94.0;115.0
2020-09-12 00:00:00;27.4;37.0;40.0;0.0;190.0;30.0;104.0;123.0
2020-09-12 01:00:00;28.7;35.2;50.0;0.0;200.0;40.0;111.0;123.0
2020-09-12 02:00:00;21.6;41.8;60.0;0.0;190.0;40.0;112.0;125.0
2020-09-12 03:00:00;19.5;39.1;50.0;0.0;200.0;40.0;120.0;132.0
2020-09-12 04:00:00;22.0;31.4;50.0;0.0;200.0;40.0;117.0;128.0
2020-09-12 05:00:00;24.2;24.9;60.0;0.0;200.0;40.0;124.0;139.0
2020-09-12 06:00:00;25.2;21.6;60.0;0.0;200.0;40.0;129.0;147.0
2020-09-12 07:00:00;27.7;21.0;90.0;0.0;240.0;50.0;118.0;171.0
2020-09-12 08:00:00;27.0;22.6;120.0;0.0;250.0;70.0;122.0;177.0
2020-09-12 09:00:00;13.4;43.6;120.0;0.0;250.0;80.0;128.0;177.0
2020-09-12 10:00:00;5.4;51.0;120.0;0.0;260.0;80.0;133.0;185.0
2020-09-12 11:00:00;6.4;47.8;120.0;0.0;270.0;90.0;123.0;185.0
2020-09-12 12:00:00;4.6;48.0;110.0;0.0;270.0;80.0;129.0;185.0
2020-09-12 13:00:00;3.7;53.6;110.0;0.0;260.0;80.0;130.0;188.0
2020-09-12 14:00:00;3.5;58.6;100.0;0.0;260.0;70.0;131.0;186.0
2020-09-12 15:00:00;3.2;61.0;90.0;0.0;270.0;60.0;130.0;180.0
2020-09-12 16:00:00;4.8;60.1;90.0;0.0;270.0;60.0;125.0;174.0
2020-09-12 17:00:00;7.0;55.0;70.0;0.0;250.0;40.0;123.0;161.0
2020-09-12 18:00:00;8.6;53.8;50.0;0.0;240.0;30.0;123.0;158.0
2020-09-12 19:00:00;10.1;50.2;40.0;0.0;210.0;30.0;115.0;135.0
2020-09-12 20:00:00;16.7;39.9;40.0;0.0;180.0;30.0;114.0;131.0
2020-09-12 21:00:00;24.8;28.4;30.0;0.0;170.0;20.0;114.0;127.0
2020-09-12 22:00:00;25.5;31.6;40.0;0.0;190.0;30.0;122.0;134.0
2020-09-12 23:00:00;24.6;30.7;50.0;0.0;190.0;40.0;128.0;139.0
2020-09-13 00:00:00;22.4;28.3;50.0;0.0;200.0;40.0;132.0;142.0
2020-09-13 01:00:00;21.2;27.1;60.0;0.0;200.0;40.0;135.0;144.0
2020-09-13 02:00:00;16.2;29.5;60.0;0.0;190.0;40.0;131.0;140.0
2020-09-13 03:00:00;17.3;23.2;60.0;0.0;190.0;40.0;128.0;136.0
2020-09-13 04:00:00;16.2;20.8;80.0;0.0;210.0;50.0;140.0;148.0
2020-09-13 05:00:00;14.8;21.1;80.0;0.0;210.0;60.0;142.0;151.0
2020-09-13 06:00:00;16.5;21.9;90.0;0.0;210.0;60.0;145.0;157.0
2020-09-13 07:00:00;15.6;26.8;90.0;0.0;200.0;60.0;150.0;165.0
2020-09-13 08:00:00;14.6;29.3;90.0;0.0;220.0;60.0;152.0;183.0
2020-09-13 09:00:00;13.3;31.6;100.0;0.0;220.0;70.0;153.0;205.0
2020-09-13 10:00:00;14.2;35.7;100.0;0.0;240.0;70.0;143.0;211.0
2020-09-13 11:00:00;9.8;50.4;90.0;0.0;220.0;60.0;151.0;215.0
2020-09-13 12:00:00;9.0;51.0;90.0;0.0;220.0;60.0;146.0;218.0
2020-09-13 13:00:00;12.3;47.2;80.0;0.0;230.0;50.0;150.0;220.0
2020-09-13 14:00:00;11.8;50.8;80.0;0.0;230.0;60.0;145.0;216.0
2020-09-13 15:00:00;13.2;52.4;80.0;0.0;210.0;60.0;137.0;208.0
2020-09-13 16:00:00;11.5;56.4;70.0;0.0;220.0;50.0;134.0;196.0
2020-09-13 17:00:00;11.8;59.6;60.0;0.0;200.0;40.0;133.0;173.0
2020-09-13 18:00:00;16.2;59.6;40.0;0.0;200.0;30.0;132.0;163.0
2020-09-13 19:00:00;20.8;47.2;30.0;0.0;190.0;20.0;137.0;160.0
2020-09-13 20:00:00;15.8;33.5;30.0;0.0;170.0;10.0;128.0;143.0
2020-09-13 21:00:00;26.5;15.6;20.0;0.0;140.0;10.0;134.0;141.0
2020-09-13 22:00:00;30.7;14.9;10.0;0.0;110.0;10.0;127.0;131.0
2020-09-13 23:00:00;31.7;7.5;20.0;0.0;130.0;10.0;124.0;129.0
2020-09-14 00:00:00;34.6;9.2;20.0;0.0;150.0;10.0;127.0;131.0
2020-09-14 01:00:00;28.1;7.7;20.0;0.0;130.0;10.0;125.0;128.0
2020-09-14 02:00:00;33.0;5.1;10.0;0.0;90.0;10.0;122.0;126.0
2020-09-14 03:00:00;27.3;-0.5;10.0;0.0;110.0;10.0;115.0;118.0
2020-09-14 04:00:00;24.4;-0.9;20.0;0.0;120.0;10.0;126.0;128.0
2020-09-14 05:00:00;33.1;-1.0;20.0;0.0;90.0;10.0;121.0;126.0
2020-09-14 06:00:00;44.5;-0.8;30.0;0.0;150.0;10.0;145.0;160.0
2020-09-14 07:00:00;42.2;0.8;40.0;0.0;150.0;20.0;148.0;190.0
2020-09-14 08:00:00;59.2;10.7;30.0;0.0;150.0;20.0;150.0;218.0
2020-09-14 09:00:00;41.5;33.2;40.0;0.0;120.0;20.0;153.0;233.0
2020-09-14 10:00:00;33.8;43.6;50.0;0.0;120.0;30.0;155.0;247.0
2020-09-14 11:00:00;25.6;55.6;50.0;0.0;110.0;30.0;163.0;259.0
2020-09-14 12:00:00;22.2;66.9;50.0;0.0;120.0;30.0;158.0;265.0
2020-09-14 13:00:00;16.7;86.8;50.0;0.0;110.0;30.0;159.0;272.0
2020-09-14 14:00:00;13.6;94.4;40.0;0.0;110.0;20.0;142.0;273.0
2020-09-14 15:00:00;11.4;93.0;40.0;0.0;80.0;30.0;181.0;257.0
2020-09-14 16:00:00;13.2;89.6;40.0;0.0;50.0;30.0;174.0;229.0
2020-09-14 17:00:00;14.7;94.7;40.0;0.0;50.0;20.0;162.0;201.0
2020-09-14 18:00:00;21.3;85.1;40.0;0.0;40.0;30.0;161.0;199.0
2020-09-14 19:00:00;20.0;72.4;50.0;0.0;50.0;30.0;167.0;202.0
2020-09-14 20:00:00;18.3;59.2;50.0;0.0;40.0;30.0;163.0;188.0
2020-09-14 21:00:00;15.6;60.4;30.0;0.0;70.0;20.0;168.0;192.0
2020-09-14 22:00:00;15.3;48.8;20.0;0.0;60.0;20.0;158.0;175.0
2020-09-14 23:00:00;15.5;41.1;20.0;0.0;70.0;20.0;154.0;171.0
2020-09-15 00:00:00;15.7;34.1;20.0;0.0;30.0;10.0;152.0;171.0
2020-09-15 01:00:00;14.3;23.0;20.0;0.0;70.0;10.0;158.0;168.0
2020-09-15 02:00:00;12.5;20.2;20.0;0.0;80.0;20.0;140.0;161.0
2020-09-15 03:00:00;13.4;13.2;20.0;0.0;90.0;20.0;143.0;153.0
2020-09-15 04:00:00;14.1;13.7;20.0;0.0;80.0;10.0;145.0;157.0
2020-09-15 05:00:00;14.7;14.1;20.0;0.0;80.0;10.0;139.0;148.0
2020-09-15 06:00:00;26.4;4.9;20.0;0.0;70.0;20.0;167.0;191.0
2020-09-15 07:00:00;40.8;0.4;30.0;0.0;150.0;20.0;165.0;212.0
2020-09-15 08:00:00;59.3;6.5;30.0;0.0;110.0;20.0;168.0;241.0
2020-09-15 09:00:00;68.4;9.5;40.0;0.0;140.0;20.0;179.0;258.0
2020-09-15 10:00:00;59.5;27.6;40.0;0.0;110.0;30.0;182.0;272.0
2020-09-15 11:00:00;49.9;46.0;30.0;0.0;110.0;10.0;171.0;292.0
2020-09-15 12:00:00;33.0;77.2;20.0;0.0;110.0;10.0;192.0;303.0
2020-09-15 13:00:00;30.6;91.1;40.0;0.0;170.0;20.0;168.0;307.0
2020-09-15 14:00:00;26.5;102.5;40.0;0.0;140.0;20.0;192.0;304.0
2020-09-15 15:00:00;32.9;98.4;40.0;0.0;130.0;30.0;188.0;292.0
2020-09-15 16:00:00;23.7;111.9;40.0;0.0;70.0;20.0;205.0;261.0
2020-09-15 17:00:00;22.3;121.4;30.0;0.0;60.0;20.0;185.0;238.0
2020-09-15 18:00:00;18.4;121.2;30.0;0.0;60.0;20.0;177.0;205.0
2020-09-15 19:00:00;15.9;78.7;20.0;0.0;50.0;20.0;179.0;205.0
2020-09-15 20:00:00;35.9;53.2;40.0;0.0;290.0;20.0;178.0;202.0
2020-09-15 21:00:00;49.3;29.0;20.0;0.0;70.0;10.0;175.0;194.0
2020-09-15 22:00:00;44.5;23.2;30.0;0.0;320.0;10.0;176.0;191.0
2020-09-15 23:00:00;36.3;21.7;20.0;0.0;280.0;10.0;171.0;182.0
2020-09-16 00:00:00;22.2;29.2;20.0;0.0;280.0;10.0;170.0;176.0
2020-09-16 01:00:00;20.4;21.9;40.0;0.0;310.0;30.0;167.0;173.0
2020-09-16 02:00:00;13.9;42.5;50.0;0.0;340.0;30.0;163.0;177.0
2020-09-16 03:00:00;5.8;67.5;50.0;0.0;350.0;30.0;152.0;180.0
2020-09-16 04:00:00;6.0;76.7;70.0;0.0;360.0;40.0;159.0;182.0
2020-09-16 05:00:00;9.1;67.0;60.0;0.0;360.0;40.0;158.0;176.0
2020-09-16 06:00:00;12.9;64.8;80.0;0.0;10.0;40.0;161.0;178.0
2020-09-16 07:00:00;14.5;65.3;80.0;0.0;20.0;50.0;154.0;192.0
2020-09-16 08:00:00;10.8;71.8;90.0;0.0;20.0;50.0;156.0;208.0
2020-09-16 09:00:00;5.4;75.3;100.0;0.0;20.0;60.0;142.0;213.0
2020-09-16 10:00:00;4.5;82.7;100.0;0.0;10.0;60.0;137.0;224.0
2020-09-16 11:00:00;4.0;91.4;90.0;0.0;360.0;60.0;141.0;210.0
2020-09-16 12:00:00;6.0;89.5;80.0;0.0;10.0;50.0;148.0;211.0
2020-09-16 13:00:00;6.9;85.7;90.0;0.0;10.0;50.0;151.0;209.0
2020-09-16 14:00:00;7.7;82.1;90.0;0.0;20.0;50.0;161.0;204.0
2020-09-16 15:00:00;5.4;85.9;100.0;0.0;20.0;60.0;152.0;191.0
2020-09-16 16:00:00;4.8;78.9;100.0;0.0;20.0;70.0;139.0;179.0
2020-09-16 17:00:00;4.5;68.7;90.0;0.0;20.0;60.0;142.0;176.0
2020-09-16 18:00:00;3.9;57.1;90.0;0.0;30.0;50.0;129.0;163.0
2020-09-16 19:00:00;3.3;51.4;100.0;0.0;20.0;60.0;120.0;156.0
2020-09-16 20:00:00;2.1;59.8;90.0;0.0;20.0;50.0;116.0;151.0
2020-09-16 21:00:00;1.8;57.6;80.0;0.0;30.0;40.0;110.0;150.0
2020-09-16 22:00:00;1.7;56.0;70.0;0.0;20.0;40.0;104.0;138.0
2020-09-16 23:00:00;1.2;55.1;60.0;0.0;20.0;40.0;102.0;138.0
2020-09-17 00:00:00;0.9;54.3;70.0;0.0;30.0;40.0;96.0;135.0
2020-09-17 01:00:00;0.8;56.6;60.0;0.0;360.0;30.0;92.0;119.0
2020-09-17 02:00:00;1.2;50.0;30.0;0.0;350.0;20.0;89.0;105.0
2020-09-17 03:00:00;3.2;44.0;20.0;0.0;360.0;10.0;84.0;97.0
2020-09-17 04:00:00;5.1;37.5;40.0;0.0;10.0;20.0;95.0;110.0
2020-09-17 05:00:00;10.6;31.2;60.0;0.0;40.0;30.0;95.0;141.0
2020-09-17 06:00:00;6.2;38.8;80.0;0.0;80.0;50.0;95.0;142.0
2020-09-17 07:00:00;8.6;35.9;90.0;0.0;80.0;60.0;94.0;149.0
2020-09-17 08:00:00;7.1;40.7;110.0;0.0;80.0;60.0;100.0;158.0
2020-09-17 09:00:00;6.0;41.8;110.0;0.0;80.0;70.0;88.0;164.0
2020-09-17 10:00:00;4.1;44.7;100.0;0.0;70.0;70.0;86.0;170.0
2020-09-17 11:00:00;3.8;46.7;110.0;0.0;50.0;70.0;79.0;174.0
2020-09-17 12:00:00;3.4;51.8;100.0;0.0;60.0;70.0;83.0;181.0
2020-09-17 13:00:00;4.4;52.7;110.0;0.0;50.0;70.0;79.0;169.0
2020-09-17 14:00:00;4.4;53.7;110.0;0.0;40.0;60.0;76.0;167.0
2020-09-17 15:00:00;5.1;54.0;120.0;0.0;50.0;80.0;73.0;169.0
2020-09-17 16:00:00;4.4;56.4;110.0;0.0;60.0;70.0;74.0;163.0
2020-09-17 17:00:00;5.2;54.8;100.0;0.0;70.0;70.0;66.0;148.0
2020-09-17 18:00:00;6.7;53.9;130.0;0.0;70.0;70.0;67.0;144.0
2020-09-17 19:00:00;6.5;54.0;100.0;0.0;80.0;60.0;70.0;138.0
2020-09-17 20:00:00;7.6;50.7;100.0;0.0;70.0;60.0;68.0;131.0
2020-09-17 21:00:00;6.9;50.0;100.0;0.0;70.0;60.0;65.0;132.0
2020-09-17 22:00:00;7.6;46.1;90.0;0.0;70.0;60.0;66.0;124.0
2020-09-17 23:00:00;7.3;45.5;90.0;0.0;70.0;50.0;62.0;117.0
2020-09-18 00:00:00;7.0;42.4;80.0;0.0;70.0;50.0;58.0;113.0
2020-09-18 01:00:00;7.0;39.7;90.0;0.0;70.0;50.0;54.0;113.0
2020-09-18 02:00:00;7.0;38.0;90.0;0.0;80.0;60.0;53.0;106.0
2020-09-18 03:00:00;7.5;36.1;80.0;0.0;80.0;50.0;54.0;98.0
2020-09-18 04:00:00;8.5;32.3;70.0;0.0;70.0;50.0;55.0;95.0
2020-09-18 05:00:00;13.0;27.6;60.0;0.0;60.0;40.0;61.0;102.0
2020-09-18 06:00:00;16.3;24.1;80.0;0.0;80.0;40.0;61.0;120.0
2020-09-18 07:00:00;16.1;25.2;90.0;0.0;70.0;60.0;62.0;131.0
2020-09-18 08:00:00;13.5;29.5;100.0;0.0;70.0;60.0;77.0;145.0
2020-09-18 09:00:00;11.5;32.1;90.0;0.0;60.0;60.0;80.0;159.0
2020-09-18 10:00:00;9.8;36.7;90.0;0.0;70.0;60.0;90.0;177.0
2020-09-18 11:00:00;8.6;43.4;100.0;0.0;80.0;70.0;88.0;186.0
2020-09-18 12:00:00;7.7;51.4;110.0;0.0;80.0;70.0;88.0;196.0
2020-09-18 13:00:00;7.2;59.9;100.0;0.0;60.0;70.0;82.0;199.0
2020-09-18 14:00:00;6.5;64.3;100.0;0.0;80.0;70.0;70.0;199.0
2020-09-18 15:00:00;7.1;67.2;100.0;0.0;60.0;60.0;87.0;193.0
2020-09-18 16:00:00;10.3;63.9;100.0;0.0;60.0;60.0;91.0;180.0
2020-09-18 17:00:00;10.9;62.7;80.0;0.0;70.0;50.0;85.0;172.0
2020-09-18 18:00:00;12.8;58.9;80.0;0.0;70.0;60.0;81.0;163.0
2020-09-18 19:00:00;11.6;56.1;90.0;0.0;60.0;60.0;78.0;150.0
2020-09-18 20:00:00;12.2;51.1;80.0;0.0;60.0;50.0;81.0;140.0
2020-09-18 21:00:00;11.2;47.2;80.0;0.0;60.0;60.0;74.0;142.0
2020-09-18 22:00:00;10.1;46.3;90.0;0.0;70.0;60.0;73.0;133.0
2020-09-18 23:00:00;9.4;45.7;80.0;0.0;60.0;50.0;70.0;121.0
2020-09-19 00:00:00;8.5;44.3;60.0;0.0;60.0;40.0;71.0;117.0
2020-09-19 01:00:00;9.0;38.4;70.0;0.0;60.0;50.0;70.0;115.0
2020-09-19 02:00:00;8.8;37.3;70.0;0.0;60.0;50.0;66.0;110.0
2020-09-19 03:00:00;9.0;36.8;60.0;0.0;50.0;50.0;64.0;108.0
2020-09-19 04:00:00;10.0;34.8;60.0;0.0;60.0;40.0;60.0;101.0
2020-09-19 05:00:00;11.2;32.0;70.0;0.0;60.0;40.0;61.0;100.0
2020-09-19 06:00:00;12.2;30.3;70.0;0.0;50.0;40.0;66.0;117.0
2020-09-19 07:00:00;13.7;29.5;60.0;0.0;60.0;40.0;75.0;141.0
2020-09-19 08:00:00;12.2;30.8;60.0;0.0;70.0;40.0;80.0;158.0
2020-09-19 09:00:00;11.6;31.9;60.0;0.0;70.0;40.0;83.0;171.0
2020-09-19 10:00:00;10.6;34.5;70.0;0.0;60.0;50.0;93.0;180.0
2020-09-19 11:00:00;9.7;40.6;80.0;0.0;60.0;60.0;101.0;192.0
2020-09-19 12:00:00;10.4;44.7;90.0;0.0;40.0;50.0;109.0;200.0
2020-09-19 13:00:00;10.4;50.8;80.0;0.0;50.0;50.0;106.0;206.0
2020-09-19 14:00:00;9.2;59.3;80.0;0.0;50.0;50.0;111.0;208.0
2020-09-19 15:00:00;9.0;63.5;70.0;0.0;50.0;50.0;109.0;206.0
2020-09-19 16:00:00;9.3;67.2;70.0;0.0;50.0;50.0;105.0;191.0
2020-09-19 17:00:00;9.1;68.8;60.0;0.0;60.0;40.0;95.0;177.0
2020-09-19 18:00:00;10.8;65.5;70.0;0.0;60.0;50.0;97.0;171.0
2020-09-19 19:00:00;12.1;60.6;80.0;0.0;60.0;50.0;99.0;168.0
2020-09-19 20:00:00;11.4;56.9;80.0;0.0;50.0;50.0;99.0;161.0
2020-09-19 21:00:00;10.3;56.1;70.0;0.0;50.0;40.0;95.0;150.0
2020-09-19 22:00:00;10.5;50.0;80.0;0.0;60.0;50.0;88.0;145.0
2020-09-19 23:00:00;10.6;47.8;80.0;0.0;50.0;50.0;79.0;140.0
2020-09-20 00:00:00;10.3;45.8;70.0;0.0;50.0;50.0;79.0;133.0
2020-09-20 01:00:00;9.2;46.9;60.0;0.0;50.0;40.0;86.0;123.0
2020-09-20 02:00:00;8.3;46.2;70.0;0.0;50.0;40.0;83.0;126.0
2020-09-20 03:00:00;8.1;46.3;80.0;0.0;50.0;50.0;79.0;120.0
2020-09-20 04:00:00;9.6;41.9;80.0;0.0;60.0;50.0;77.0;115.0
2020-09-20 05:00:00;8.5;40.6;70.0;0.0;60.0;40.0;71.0;108.0
2020-09-20 06:00:00;9.2;39.4;60.0;0.0;50.0;40.0;75.0;128.0
2020-09-20 07:00:00;9.3;39.2;60.0;0.0;50.0;40.0;83.0;146.0
2020-09-20 08:00:00;9.8;39.1;70.0;0.0;50.0;50.0;90.0;161.0
2020-09-20 09:00:00;9.8;39.6;70.0;0.0;50.0;50.0;88.0;177.0
2020-09-20 10:00:00;8.0;44.7;80.0;0.0;60.0;60.0;95.0;190.0
2020-09-20 11:00:00;7.5;53.8;80.0;0.0;40.0;60.0;103.0;191.0
2020-09-20 12:00:00;6.4;61.9;90.0;0.0;50.0;60.0;93.0;202.0
2020-09-20 13:00:00;6.7;70.9;80.0;0.0;50.0;60.0;88.0;205.0
2020-09-20 14:00:00;5.8;81.3;80.0;0.0;40.0;50.0;82.0;205.0
2020-09-20 15:00:00;6.1;82.3;100.0;0.0;40.0;60.0;74.0;198.0
2020-09-20 16:00:00;6.5;83.5;100.0;0.0;40.0;60.0;90.0;188.0
2020-09-20 17:00:00;7.9;78.3;100.0;0.0;40.0;60.0;102.0;174.0
2020-09-20 18:00:00;10.6;68.4;80.0;0.0;50.0;50.0;115.0;161.0
2020-09-20 19:00:00;10.6;62.0;80.0;0.0;60.0;50.0;115.0;151.0
2020-09-20 20:00:00;9.9;57.1;60.0;0.0;40.0;40.0;119.0;145.0
2020-09-20 21:00:00;11.3;44.3;50.0;0.0;50.0;30.0;115.0;135.0
2020-09-20 22:00:00;12.2;37.3;50.0;0.0;40.0;30.0;113.0;140.0
2020-09-20 23:00:00;11.6;34.0;50.0;0.0;30.0;30.0;110.0;128.0
2020-09-21 00:00:00;10.0;33.6;50.0;0.0;30.0;30.0;114.0;127.0
2020-09-21 01:00:00;9.2;31.2;60.0;0.0;50.0;40.0;117.0;129.0
2020-09-21 02:00:00;7.5;31.6;50.0;0.0;50.0;40.0;111.0;126.0
2020-09-21 03:00:00;6.2;31.8;50.0;0.0;60.0;30.0;93.0;112.0
2020-09-21 04:00:00;6.8;26.3;40.0;0.0;20.0;20.0;101.0;110.0
2020-09-21 05:00:00;16.5;15.1;20.0;0.0;40.0;10.0;96.0;109.0
2020-09-21 06:00:00;38.2;2.6;30.0;0.0;50.0;20.0;114.0;141.0
2020-09-21 07:00:00;39.6;4.3;40.0;0.0;70.0;20.0;114.0;162.0
2020-09-21 08:00:00;22.1;27.2;30.0;0.0;50.0;20.0;115.0;179.0
2020-09-21 09:00:00;13.6;41.3;30.0;0.0;70.0;10.0;115.0;199.0
2020-09-21 10:00:00;15.4;44.7;40.0;0.0;70.0;20.0;90.0;216.0
2020-09-21 11:00:00;13.4;63.6;30.0;0.0;60.0;20.0;86.0;225.0
2020-09-21 12:00:00;10.1;77.3;30.0;0.0;60.0;20.0;89.0;236.0
2020-09-21 13:00:00;9.5;84.2;30.0;0.0;60.0;20.0;84.0;235.0
2020-09-21 14:00:00;10.2;83.2;40.0;0.0;40.0;20.0;93.0;230.0
2020-09-21 15:00:00;9.4;90.5;50.0;0.0;30.0;30.0;104.0;215.0
2020-09-21 16:00:00;10.3;90.7;40.0;0.0;60.0;20.0;107.0;188.0
2020-09-21 17:00:00;13.2;87.6;30.0;0.0;60.0;20.0;117.0;170.0
2020-09-21 18:00:00;11.4;79.8;20.0;0.0;20.0;10.0;121.0;153.0
2020-09-21 19:00:00;19.6;60.7;10.0;0.0;0.0;10.0;116.0;139.0
2020-09-21 20:00:00;24.4;52.6;10.0;0.0;330.0;10.0;114.0;131.0
2020-09-21 21:00:00;21.8;43.3;20.0;0.0;310.0;10.0;108.0;120.0
2020-09-21 22:00:00;22.8;29.8;30.0;0.0;300.0;20.0;103.0;112.0
2020-09-21 23:00:00;31.3;25.4;20.0;0.0;300.0;10.0;94.0;100.0
2020-09-22 00:00:00;20.6;24.8;20.0;0.0;310.0;10.0;106.0;111.0
2020-09-22 01:00:00;15.7;20.7;20.0;0.0;320.0;10.0;94.0;96.0
2020-09-22 02:00:00;15.8;17.4;20.0;0.0;310.0;10.0;92.0;95.0
2020-09-22 03:00:00;13.5;18.4;20.0;0.0;0.0;10.0;75.0;77.0
2020-09-22 04:00:00;12.1;14.5;20.0;0.0;280.0;10.0;95.0;96.0
2020-09-22 05:00:00;10.2;13.6;10.0;0.0;280.0;0.0;83.0;85.0
2020-09-22 06:00:00;20.8;8.3;10.0;0.0;0.0;0.0;114.0;117.0
2020-09-22 07:00:00;32.0;4.0;20.0;0.0;240.0;0.0;115.0;147.0
2020-09-22 08:00:00;48.0;3.7;70.0;0.0;310.0;10.0;115.0;178.0
2020-09-22 09:00:00;71.5;25.2;50.0;0.0;230.0;20.0;117.0;197.0
2020-09-22 10:00:00;51.0;59.7;40.0;0.0;250.0;20.0;106.0;209.0
2020-09-22 11:00:00;27.7;81.6;40.0;0.0;250.0;20.0;113.0;219.0
2020-09-22 12:00:00;18.4;86.0;50.0;0.0;270.0;20.0;100.0;223.0
2020-09-22 13:00:00;16.8;80.7;50.0;0.0;250.0;20.0;107.0;223.0
2020-09-22 14:00:00;19.0;79.5;50.0;0.0;280.0;30.0;106.0;211.0
2020-09-22 15:00:00;19.6;76.9;50.0;0.0;280.0;30.0;105.0;201.0
2020-09-22 16:00:00;23.1;73.4;50.0;0.0;300.0;30.0;103.0;177.0
2020-09-22 17:00:00;21.3;70.7;30.0;0.0;310.0;20.0;100.0;176.0
2020-09-22 18:00:00;22.5;72.9;20.0;0.0;100.0;10.0;103.0;135.0
2020-09-22 19:00:00;25.5;65.0;20.0;0.0;130.0;10.0;106.0;131.0
2020-09-22 20:00:00;33.9;40.8;20.0;0.0;120.0;10.0;100.0;123.0
2020-09-22 21:00:00;85.4;40.8;40.0;0.0;170.0;20.0;105.0;134.0
2020-09-22 22:00:00;80.8;40.8;40.0;0.0;150.0;30.0;110.0;138.0
2020-09-22 23:00:00;67.3;14.2;40.0;0.0;190.0;30.0;105.0;136.0
2020-09-23 00:00:00;37.4;52.7;40.0;0.0;170.0;20.0;104.0;126.0
2020-09-23 01:00:00;23.3;58.5;40.0;0.0;180.0;20.0;115.0;128.0
2020-09-23 02:00:00;25.5;48.1;40.0;0.0;190.0;30.0;124.0;135.0
2020-09-23 03:00:00;22.8;42.6;50.0;0.0;190.0;40.0;137.0;145.0
2020-09-23 04:00:00;23.5;34.0;50.0;0.0;180.0;40.0;140.0;149.0
2020-09-23 05:00:00;20.6;33.2;60.0;0.0;180.0;40.0;143.0;153.0
2020-09-23 06:00:00;23.0;28.3;60.0;0.0;190.0;40.0;143.0;156.0
2020-09-23 07:00:00;30.6;20.1;70.0;0.0;180.0;50.0;143.0;160.0
2020-09-23 08:00:00;24.8;32.8;80.0;0.0;180.0;50.0;149.0;175.0
2020-09-23 09:00:00;23.9;37.2;90.0;0.0;180.0;60.0;153.0;194.0
2020-09-23 10:00:00;24.7;44.9;110.0;0.0;190.0;70.0;147.0;208.0
2020-09-23 11:00:00;19.8;56.9;130.0;0.0;200.0;90.0;138.0;206.0
2020-09-23 12:00:00;17.8;62.4;130.0;0.0;220.0;90.0;141.0;200.0
2020-09-23 13:00:00;11.3;66.7;110.0;0.0;210.0;70.0;152.0;182.0
2020-09-23 14:00:00;17.7;59.1;90.0;5.0;200.0;50.0;155.0;172.0
2020-09-23 15:00:00;17.5;57.0;90.0;3.0;190.0;60.0;148.0;168.0
2020-09-23 16:00:00;16.9;54.8;70.0;0.0;180.0;50.0;149.0;169.0
2020-09-23 17:00:00;19.6;51.4;60.0;0.0;160.0;40.0;146.0;160.0
2020-09-23 18:00:00;18.9;47.6;70.0;0.0;150.0;40.0;147.0;165.0
2020-09-23 19:00:00;23.2;39.0;110.0;7.0;170.0;60.0;145.0;163.0
2020-09-23 20:00:00;26.9;33.9;100.0;8.0;190.0;60.0;148.0;161.0
2020-09-23 21:00:00;20.8;42.8;90.0;10.0;210.0;50.0;136.0;146.0
2020-09-23 22:00:00;12.9;49.3;100.0;10.0;200.0;60.0;135.0;148.0
2020-09-23 23:00:00;8.2;61.8;110.0;7.0;220.0;70.0;130.0;146.0
2020-09-24 00:00:00;4.2;66.3;100.0;0.0;220.0;70.0;114.0;143.0
2020-09-24 01:00:00;6.7;63.4;170.0;1.0;240.0;90.0;92.0;139.0
2020-09-24 02:00:00;7.0;60.2;130.0;0.0;230.0;90.0;91.0;137.0
2020-09-24 03:00:00;7.0;62.9;120.0;0.0;250.0;80.0;92.0;137.0
2020-09-24 04:00:00;8.3;54.2;130.0;0.0;250.0;80.0;75.0;129.0
2020-09-24 05:00:00;8.1;57.2;100.0;0.0;220.0;60.0;82.0;125.0
2020-09-24 06:00:00;12.7;56.3;70.0;0.0;200.0;40.0;93.0;131.0
2020-09-24 07:00:00;25.1;43.1;120.0;0.0;190.0;70.0;90.0;130.0
2020-09-24 08:00:00;24.3;37.8;120.0;0.0;190.0;80.0;100.0;143.0
2020-09-24 09:00:00;14.3;41.9;150.0;0.0;180.0;100.0;99.0;159.0
2020-09-24 10:00:00;13.3;44.6;160.0;0.0;190.0;110.0;72.0;161.0
2020-09-24 11:00:00;11.1;50.7;150.0;0.0;190.0;110.0;80.0;159.0
2020-09-24 12:00:00;9.8;55.2;150.0;0.0;190.0;100.0;93.0;161.0
2020-09-24 13:00:00;10.9;55.2;140.0;0.0;200.0;80.0;103.0;146.0
2020-09-24 14:00:00;11.7;55.2;100.0;0.0;180.0;60.0;108.0;142.0
2020-09-24 15:00:00;12.6;55.2;90.0;0.0;170.0;50.0;114.0;144.0
2020-09-24 16:00:00;17.2;44.5;60.0;5.0;120.0;20.0;122.0;138.0
2020-09-24 17:00:00;20.5;36.0;40.0;0.0;120.0;30.0;113.0;129.0
2020-09-24 18:00:00;27.8;25.9;70.0;0.0;140.0;50.0;100.0;139.0
2020-09-24 19:00:00;29.9;26.5;120.0;0.0;160.0;70.0;104.0;137.0
2020-09-24 20:00:00;18.8;47.1;120.0;0.0;160.0;70.0;101.0;129.0
2020-09-24 21:00:00;15.8;52.7;100.0;0.0;140.0;60.0;106.0;123.0
2020-09-24 22:00:00;12.2;54.5;100.0;0.0;170.0;60.0;101.0;130.0
2020-09-24 23:00:00;11.5;49.2;90.0;0.0;180.0;60.0;94.0;124.0
2020-09-25 00:00:00;7.6;53.8;100.0;0.0;190.0;70.0;92.0;121.0
2020-09-25 01:00:00;8.4;47.6;110.0;0.0;190.0;70.0;77.0;112.0
2020-09-25 02:00:00;6.8;50.1;90.0;0.0;180.0;70.0;68.0;100.0
2020-09-25 03:00:00;5.4;55.4;90.0;0.0;180.0;60.0;67.0;95.0
2020-09-25 04:00:00;4.9;57.3;100.0;0.0;180.0;70.0;72.0;94.0
2020-09-25 05:00:00;9.0;57.3;110.0;0.0;180.0;80.0;67.0;91.0
2020-09-25 06:00:00;12.3;44.0;130.0;0.0;180.0;80.0;65.0;96.0
2020-09-25 07:00:00;12.2;43.3;130.0;0.0;190.0;80.0;68.0;106.0
2020-09-25 08:00:00;12.6;42.7;140.0;0.0;180.0;90.0;72.0;116.0
2020-09-25 09:00:00;11.4;43.8;140.0;0.0;180.0;90.0;78.0;124.0
2020-09-25 10:00:00;11.3;45.5;150.0;1.0;180.0;100.0;81.0;125.0
2020-09-25 11:00:00;11.5;47.1;140.0;2.0;180.0;100.0;88.0;122.0
2020-09-25 12:00:00;10.8;50.5;160.0;2.0;190.0;110.0;98.0;117.0
2020-09-25 13:00:00;6.7;64.9;130.0;7.0;190.0;90.0;101.0;118.0
2020-09-25 14:00:00;9.8;60.7;140.0;6.0;160.0;90.0;103.0;114.0
2020-09-25 15:00:00;11.2;57.6;140.0;9.0;180.0;80.0;104.0;115.0
2020-09-25 16:00:00;12.3;54.7;90.0;5.0;170.0;50.0;108.0;126.0
2020-09-25 17:00:00;17.9;48.2;80.0;0.0;180.0;50.0;95.0;117.0
2020-09-25 18:00:00;16.0;50.6;80.0;0.0;160.0;50.0;97.0;114.0
2020-09-25 19:00:00;12.2;51.0;70.0;0.0;50.0;30.0;85.0;94.0
2020-09-25 20:00:00;15.6;40.8;40.0;0.0;10.0;20.0;89.0;96.0
2020-09-25 21:00:00;18.1;32.8;70.0;0.0;80.0;40.0;91.0;99.0
2020-09-25 22:00:00;11.0;39.1;60.0;0.0;30.0;30.0;97.0;111.0
2020-09-25 23:00:00;7.1;41.9;70.0;0.0;10.0;40.0;97.0;111.0
2020-09-26 00:00:00;4.1;46.7;60.0;0.0;350.0;40.0;97.0;112.0
2020-09-26 01:00:00;3.4;47.0;80.0;0.0;350.0;50.0;95.0;110.0
2020-09-26 02:00:00;4.0;46.0;70.0;0.0;360.0;40.0;85.0;103.0
2020-09-26 03:00:00;5.0;37.0;70.0;0.0;360.0;40.0;83.0;96.0
2020-09-26 04:00:00;5.5;35.9;50.0;0.0;330.0;30.0;69.0;78.0
2020-09-26 05:00:00;6.7;34.5;60.0;0.0;340.0;20.0;74.0;83.0
2020-09-26 06:00:00;10.3;30.4;50.0;0.0;290.0;20.0;89.0;103.0
2020-09-26 07:00:00;16.3;21.6;50.0;0.0;330.0;20.0;89.0;131.0
2020-09-26 08:00:00;19.0;28.3;50.0;0.0;320.0;20.0;98.0;142.0
2020-09-26 09:00:00;12.8;39.9;50.0;0.0;10.0;20.0;97.0;155.0
2020-09-26 10:00:00;7.0;45.9;70.0;0.0;350.0;40.0;98.0;159.0
2020-09-26 11:00:00;5.7;49.3;70.0;0.0;10.0;40.0;89.0;162.0
2020-09-26 12:00:00;7.8;48.5;80.0;0.0;340.0;50.0;102.0;157.0
2020-09-26 13:00:00;6.6;49.6;100.0;0.0;10.0;40.0;95.0;158.0
2020-09-26 14:00:00;6.6;46.2;60.0;0.0;360.0;40.0;93.0;155.0
2020-09-26 15:00:00;6.6;52.0;60.0;0.0;340.0;40.0;101.0;154.0
2020-09-26 16:00:00;7.4;56.8;60.0;0.0;320.0;40.0;102.0;145.0
2020-09-26 17:00:00;8.7;61.7;70.0;6.0;320.0;40.0;115.0;136.0
2020-09-26 18:00:00;9.3;59.6;120.0;10.0;350.0;60.0;120.0;131.0
2020-09-26 19:00:00;5.9;56.4;100.0;2.0;360.0;60.0;101.0;135.0
2020-09-26 20:00:00;4.5;52.7;110.0;0.0;350.0;60.0;97.0;134.0
2020-09-26 21:00:00;3.5;55.3;130.0;0.0;340.0;80.0;101.0;131.0
2020-09-26 22:00:00;2.1;55.6;120.0;9.0;330.0;70.0;113.0;131.0
2020-09-26 23:00:00;1.4;53.0;150.0;10.0;340.0;90.0;124.0;135.0
2020-09-27 00:00:00;1.4;47.7;160.0;9.0;350.0;100.0;129.0;142.0
2020-09-27 01:00:00;1.3;55.2;160.0;9.0;360.0;100.0;135.0;147.0
2020-09-27 02:00:00;0.6;58.2;170.0;8.0;360.0;90.0;142.0;153.0
2020-09-27 03:00:00;0.9;49.5;150.0;7.0;10.0;80.0;146.0;158.0
2020-09-27 04:00:00;0.8;46.5;140.0;0.0;10.0;80.0;148.0;164.0
2020-09-27 05:00:00;1.6;45.3;160.0;0.0;20.0;80.0;148.0;166.0
2020-09-27 06:00:00;2.4;44.7;140.0;0.0;50.0;80.0;126.0;154.0
2020-09-27 07:00:00;2.7;43.6;130.0;0.0;50.0;70.0;115.0;149.0
2020-09-27 08:00:00;3.8;37.2;110.0;0.0;50.0;60.0;122.0;156.0
2020-09-27 09:00:00;4.5;33.1;90.0;0.0;60.0;60.0;116.0;151.0
2020-09-27 10:00:00;3.7;32.4;100.0;0.0;50.0;60.0;112.0;157.0
2020-09-27 11:00:00;3.2;39.3;90.0;0.0;40.0;60.0;109.0;157.0
2020-09-27 12:00:00;3.4;39.8;90.0;0.0;40.0;50.0;107.0;154.0
2020-09-27 13:00:00;3.9;38.5;70.0;0.0;40.0;40.0;110.0;153.0
2020-09-27 14:00:00;4.1;37.3;50.0;0.0;10.0;30.0;111.0;152.0
2020-09-27 15:00:00;5.4;36.5;30.0;0.0;90.0;10.0;117.0;148.0
2020-09-27 16:00:00;6.7;31.3;20.0;0.0;0.0;10.0;114.0;144.0
2020-09-27 17:00:00;7.2;24.9;30.0;0.0;330.0;20.0;125.0;137.0
2020-09-27 18:00:00;9.6;23.1;20.0;0.0;20.0;10.0;127.0;139.0
2020-09-27 19:00:00;9.5;19.2;20.0;0.0;310.0;10.0;128.0;139.0
2020-09-27 20:00:00;15.0;15.2;20.0;0.0;350.0;20.0;131.0;140.0
2020-09-27 21:00:00;13.3;9.4;20.0;0.0;300.0;20.0;130.0;140.0
2020-09-27 22:00:00;15.0;13.4;20.0;3.0;320.0;10.0;131.0;139.0
2020-09-27 23:00:00;9.6;11.2;20.0;2.0;260.0;20.0;130.0;139.0
2020-09-28 00:00:00;8.8;16.4;40.0;7.0;220.0;20.0;129.0;136.0
2020-09-28 01:00:00;16.8;16.6;40.0;10.0;180.0;30.0;131.0;136.0
2020-09-28 02:00:00;17.7;18.8;50.0;9.0;190.0;30.0;131.0;136.0
2020-09-28 03:00:00;15.7;16.2;40.0;8.0;160.0;30.0;132.0;137.0
2020-09-28 04:00:00;12.9;16.2;40.0;9.0;150.0;20.0;134.0;138.0
2020-09-28 05:00:00;16.9;16.2;20.0;0.0;140.0;10.0;136.0;139.0
2020-09-28 06:00:00;27.0;16.2;20.0;0.0;160.0;10.0;137.0;140.0
2020-09-28 07:00:00;32.8;16.2;20.0;0.0;160.0;10.0;140.0;143.0
2020-09-28 08:00:00;34.3;16.2;20.0;0.0;150.0;10.0;142.0;145.0
2020-09-28 09:00:00;32.3;0.3;30.0;0.0;120.0;20.0;140.0;142.0
2020-09-28 10:00:00;28.2;0.7;30.0;3.0;150.0;20.0;142.0;144.0
2020-09-28 11:00:00;25.3;3.0;20.0;0.0;140.0;20.0;142.0;146.0
2020-09-28 12:00:00;28.4;1.9;30.0;0.0;150.0;20.0;143.0;148.0
2020-09-28 13:00:00;28.9;2.7;20.0;0.0;120.0;20.0;142.0;148.0
2020-09-28 14:00:00;30.1;2.1;30.0;0.0;160.0;20.0;143.0;147.0
2020-09-28 15:00:00;28.3;3.4;30.0;0.0;160.0;20.0;142.0;145.0
2020-09-28 16:00:00;29.4;4.0;40.0;0.0;140.0;20.0;136.0;139.0
2020-09-28 17:00:00;32.8;1.6;40.0;0.0;140.0;30.0;133.0;136.0
2020-09-28 18:00:00;36.6;-0.9;40.0;0.0;160.0;30.0;131.0;135.0
2020-09-28 19:00:00;35.9;-1.3;40.0;0.0;180.0;30.0;129.0;133.0
2020-09-28 20:00:00;32.8;-1.3;40.0;0.0;150.0;30.0;129.0;132.0
2020-09-28 21:00:00;29.4;-0.6;40.0;0.0;190.0;30.0;125.0;130.0
2020-09-28 22:00:00;26.9;0.0;40.0;9.0;170.0;30.0;125.0;129.0
2020-09-28 23:00:00;23.9;0.4;30.0;8.0;180.0;20.0;128.0;132.0
2020-09-29 00:00:00;22.2;0.1;20.0;4.0;170.0;10.0;136.0;139.0
2020-09-29 01:00:00;21.8;-0.3;40.0;0.0;290.0;20.0;145.0;151.0
2020-09-29 02:00:00;21.7;0.1;50.0;0.0;290.0;30.0;144.0;151.0
2020-09-29 03:00:00;10.0;33.1;60.0;5.0;290.0;40.0;140.0;146.0
2020-09-29 04:00:00;3.7;45.4;50.0;6.0;300.0;40.0;137.0;147.0
2020-09-29 05:00:00;8.8;44.9;50.0;0.0;300.0;30.0;135.0;145.0
2020-09-29 06:00:00;13.2;41.0;40.0;0.0;290.0;30.0;135.0;148.0
2020-09-29 07:00:00;22.0;35.3;40.0;0.0;290.0;20.0;133.0;153.0
2020-09-29 08:00:00;19.0;34.8;40.0;0.0;290.0;30.0;136.0;167.0
2020-09-29 09:00:00;18.6;37.3;50.0;0.0;270.0;40.0;123.0;160.0
2020-09-29 10:00:00;15.9;44.6;60.0;0.0;270.0;40.0;123.0;175.0
2020-09-29 11:00:00;22.7;45.4;60.0;0.0;290.0;30.0;107.0;174.0
2020-09-29 12:00:00;18.5;54.7;50.0;0.0;270.0;30.0;94.0;179.0
2020-09-29 13:00:00;14.6;60.1;50.0;0.0;270.0;30.0;104.0;172.0
2020-09-29 14:00:00;9.3;61.0;60.0;0.0;280.0;30.0;97.0;173.0
2020-09-29 15:00:00;10.1;58.9;40.0;0.0;280.0;20.0;102.0;174.0
2020-09-29 16:00:00;9.7;50.3;40.0;0.0;270.0;20.0;110.0;156.0
2020-09-29 17:00:00;9.1;51.2;20.0;0.0;0.0;10.0;102.0;158.0
2020-09-29 18:00:00;15.6;33.2;20.0;1.0;350.0;10.0;117.0;151.0
2020-09-29 19:00:00;23.5;17.0;20.0;0.0;90.0;10.0;132.0;147.0
2020-09-29 20:00:00;35.8;12.0;50.0;7.0;140.0;30.0;137.0;145.0
2020-09-29 21:00:00;37.7;8.7;50.0;0.0;150.0;30.0;132.0;140.0
2020-09-29 22:00:00;29.9;25.0;40.0;0.0;160.0;30.0;132.0;140.0
2020-09-29 23:00:00;34.3;11.3;40.0;0.0;180.0;30.0;127.0;134.0
2020-09-30 00:00:00;32.0;13.6;40.0;0.0;180.0;30.0;125.0;130.0
2020-09-30 01:00:00;25.0;16.2;40.0;0.0;190.0;30.0;121.0;126.0
2020-09-30 02:00:00;21.2;18.3;50.0;0.0;170.0;30.0;122.0;125.0
2020-09-30 03:00:00;20.3;17.0;50.0;0.0;180.0;30.0;118.0;123.0
2020-09-30 04:00:00;19.4;17.2;40.0;0.0;180.0;30.0;118.0;123.0
2020-09-30 05:00:00;20.1;16.8;60.0;0.0;180.0;30.0;121.0;127.0
2020-09-30 06:00:00;25.4;14.3;60.0;0.0;180.0;40.0;128.0;135.0
2020-09-30 07:00:00;30.4;13.8;60.0;0.0;180.0;40.0;131.0;144.0
2020-09-30 08:00:00;28.9;18.4;70.0;2.0;180.0;40.0;130.0;142.0
2020-09-30 09:00:00;28.2;21.9;60.0;10.0;160.0;40.0;145.0;153.0
2020-09-30 10:00:00;24.3;30.9;70.0;0.0;160.0;40.0;145.0;162.0
2020-09-30 11:00:00;31.8;25.3;80.0;0.0;150.0;50.0;149.0;167.0
2020-09-30 12:00:00;26.5;26.9;80.0;0.0;160.0;50.0;150.0;173.0
2020-09-30 13:00:00;23.3;23.8;80.0;0.0;170.0;50.0;147.0;183.0
2020-09-30 14:00:00;21.0;30.1;80.0;0.0;180.0;50.0;146.0;183.0
2020-09-30 15:00:00;17.8;37.4;70.0;0.0;190.0;40.0;153.0;184.0
2020-09-30 16:00:00;19.8;33.3;70.0;0.0;160.0;40.0;137.0;162.0
2020-09-30 17:00:00;17.9;35.7;40.0;0.0;130.0;30.0;144.0;161.0
2020-09-30 18:00:00;30.9;18.0;60.0;0.0;140.0;40.0;145.0;162.0
2020-09-30 19:00:00;39.6;12.1;60.0;0.0;140.0;40.0;142.0;158.0
2020-09-30 20:00:00;36.8;13.1;60.0;0.0;140.0;40.0;137.0;155.0
2020-09-30 21:00:00;29.9;17.7;80.0;0.0;150.0;50.0;131.0;157.0
2020-09-30 22:00:00;27.0;20.1;70.0;0.0;140.0;50.0;135.0;155.0
2020-09-30 23:00:00;18.8;26.1;70.0;0.0;150.0;50.0;133.0;156.0
2020-10-01 00:00:00;18.4;24.9;80.0;0.0;140.0;50.0;134.0;155.0
2020-10-01 01:00:00;19.9;18.2;80.0;0.0;150.0;50.0;136.0;155.0
2020-10-01 02:00:00;16.9;19.9;90.0;0.0;150.0;50.0;136.0;155.0
2020-10-01 03:00:00;16.1;18.1;70.0;0.0;150.0;50.0;134.0;154.0
2020-10-01 04:00:00;18.9;15.5;70.0;0.0;140.0;50.0;133.0;151.0
2020-10-01 05:00:00;21.1;15.0;80.0;1.0;150.0;50.0;132.0;148.0
2020-10-01 06:00:00;24.0;13.6;80.0;0.0;130.0;50.0;132.0;146.0
2020-10-01 07:00:00;26.3;11.4;80.0;6.0;140.0;50.0;133.0;145.0
2020-10-01 08:00:00;25.2;13.0;90.0;10.0;140.0;60.0;133.0;146.0
2020-10-01 09:00:00;24.4;16.7;100.0;4.0;140.0;60.0;133.0;146.0
2020-10-01 10:00:00;23.7;19.1;100.0;3.0;140.0;60.0;130.0;146.0
2020-10-01 11:00:00;22.8;22.1;120.0;9.0;150.0;70.0;130.0;143.0
2020-10-01 12:00:00;26.7;23.1;120.0;8.0;150.0;80.0;129.0;143.0
2020-10-01 13:00:00;27.8;24.7;120.0;0.0;150.0;80.0;129.0;146.0
2020-10-01 14:00:00;29.4;26.0;150.0;3.0;220.0;80.0;120.0;139.0
2020-10-01 15:00:00;24.2;31.1;160.0;9.0;250.0;70.0;111.0;129.0
2020-10-01 16:00:00;13.2;58.1;70.0;5.0;200.0;40.0;116.0;128.0
2020-10-01 17:00:00;13.6;55.0;70.0;5.0;190.0;40.0;111.0;123.0
2020-10-01 18:00:00;22.8;44.4;70.0;0.0;180.0;50.0;104.0;117.0
2020-10-01 19:00:00;21.4;38.2;60.0;0.0;170.0;40.0;106.0;116.0
2020-10-01 20:00:00;18.5;33.9;60.0;0.0;160.0;40.0;98.0;108.0
2020-10-01 21:00:00;21.9;25.2;50.0;0.0;160.0;40.0;91.0;102.0
2020-10-01 22:00:00;19.7;29.0;50.0;0.0;140.0;30.0;88.0;98.0
2020-10-01 23:00:00;23.6;22.7;50.0;0.0;140.0;40.0;83.0;92.0
2020-10-02 00:00:00;29.7;14.0;60.0;0.0;130.0;40.0;81.0;88.0
2020-10-02 01:00:00;29.3;13.0;50.0;0.0;110.0;40.0;79.0;86.0
2020-10-02 02:00:00;29.5;6.2;50.0;0.0;100.0;30.0;77.0;82.0
2020-10-02 03:00:00;19.9;13.0;60.0;0.0;90.0;40.0;83.0;90.0
2020-10-02 04:00:00;13.8;21.5;60.0;0.0;90.0;40.0;82.0;90.0
2020-10-02 05:00:00;17.2;16.1;60.0;0.0;80.0;40.0;83.0;93.0
2020-10-02 06:00:00;19.9;15.1;70.0;0.0;80.0;50.0;89.0;101.0
2020-10-02 07:00:00;20.2;16.4;80.0;0.0;90.0;50.0;98.0;117.0
2020-10-02 08:00:00;20.7;17.1;80.0;0.0;80.0;60.0;101.0;126.0
2020-10-02 09:00:00;16.5;21.0;110.0;0.0;80.0;70.0;99.0;134.0
2020-10-02 10:00:00;14.6;24.2;110.0;0.0;70.0;70.0;103.0;139.0
2020-10-02 11:00:00;12.2;28.7;110.0;0.0;80.0;70.0;109.0;152.0
2020-10-02 12:00:00;12.2;34.3;90.0;0.0;80.0;60.0;106.0;156.0
2020-10-02 13:00:00;10.3;37.4;90.0;0.0;80.0;60.0;110.0;153.0
2020-10-02 14:00:00;11.8;40.5;90.0;0.0;70.0;60.0;112.0;156.0
2020-10-02 15:00:00;14.2;33.0;100.0;0.0;70.0;60.0;111.0;156.0
2020-10-02 16:00:00;14.6;34.1;100.0;0.0;60.0;70.0;117.0;153.0
2020-10-02 17:00:00;14.6;33.2;100.0;0.0;60.0;70.0;114.0;155.0
2020-10-02 18:00:00;12.8;38.8;110.0;0.0;60.0;70.0;114.0;156.0
2020-10-02 19:00:00;11.8;41.2;110.0;0.0;60.0;80.0;119.0;152.0
2020-10-02 20:00:00;9.8;41.2;120.0;0.0;60.0;80.0;121.0;147.0
2020-10-02 21:00:00;7.9;41.1;110.0;0.0;70.0;70.0;122.0;145.0
2020-10-02 22:00:00;6.2;40.7;100.0;5.0;70.0;70.0;122.0;142.0
2020-10-02 23:00:00;5.7;39.4;100.0;0.0;70.0;60.0;122.0;141.0
2020-10-03 00:00:00;4.9;38.7;120.0;0.0;60.0;80.0;121.0;139.0
2020-10-03 01:00:00;4.7;37.7;110.0;0.0;80.0;70.0;121.0;141.0
2020-10-03 02:00:00;4.2;39.7;110.0;0.0;70.0;70.0;120.0;140.0
2020-10-03 03:00:00;3.9;39.3;100.0;0.0;70.0;70.0;119.0;137.0
2020-10-03 04:00:00;4.3;35.4;100.0;0.0;80.0;70.0;119.0;137.0
2020-10-03 05:00:00;4.5;33.9;80.0;0.0;70.0;50.0;119.0;135.0
2020-10-03 06:00:00;5.3;32.1;70.0;0.0;90.0;40.0;121.0;137.0
2020-10-03 07:00:00;6.1;29.4;50.0;0.0;90.0;30.0;122.0;140.0
2020-10-03 08:00:00;22.8;21.3;50.0;8.0;90.0;30.0;128.0;140.0
2020-10-03 09:00:00;8.9;22.3;50.0;4.0;120.0;30.0;131.0;143.0
2020-10-03 10:00:00;9.9;18.7;50.0;0.0;160.0;30.0;131.0;143.0
2020-10-03 11:00:00;15.0;14.7;70.0;7.0;210.0;50.0;125.0;137.0
2020-10-03 12:00:00;19.7;15.5;80.0;5.0;200.0;50.0;117.0;130.0
2020-10-03 13:00:00;22.3;31.8;70.0;7.0;210.0;40.0;115.0;126.0
2020-10-03 14:00:00;18.0;40.2;100.0;10.0;200.0;60.0;101.0;115.0
2020-10-03 15:00:00;17.8;39.5;70.0;10.0;170.0;40.0;110.0;117.0
2020-10-03 16:00:00;16.6;48.1;70.0;4.0;170.0;50.0;108.0;118.0
2020-10-03 17:00:00;16.6;39.2;70.0;0.0;160.0;50.0;108.0;118.0
2020-10-03 18:00:00;16.5;37.4;70.0;0.0;150.0;50.0;103.0;114.0
2020-10-03 19:00:00;15.5;36.8;70.0;0.0;140.0;50.0;99.0;109.0
2020-10-03 20:00:00;24.1;25.7;70.0;0.0;130.0;40.0;93.0;102.0
2020-10-03 21:00:00;14.9;29.2;60.0;0.0;130.0;40.0;88.0;98.0
2020-10-03 22:00:00;16.2;30.3;60.0;0.0;130.0;40.0;87.0;99.0
2020-10-03 23:00:00;11.3;31.4;60.0;0.0;120.0;40.0;86.0;99.0
2020-10-04 00:00:00;10.2;29.4;70.0;0.0;110.0;40.0;85.0;92.0
2020-10-04 01:00:00;14.1;24.5;50.0;0.0;120.0;30.0;95.0;106.0
2020-10-04 02:00:00;15.1;23.1;70.0;4.0;140.0;40.0;96.0;106.0
2020-10-04 03:00:00;10.1;28.9;60.0;0.0;130.0;40.0;93.0;105.0
2020-10-04 04:00:00;5.2;38.8;70.0;0.0;140.0;50.0;92.0;105.0
2020-10-04 05:00:00;4.5;35.8;80.0;0.0;150.0;50.0;96.0;107.0
2020-10-04 06:00:00;8.5;30.9;80.0;1.0;160.0;60.0;99.0;110.0
2020-10-04 07:00:00;8.9;35.4;110.0;0.0;160.0;70.0;99.0;113.0
2020-10-04 08:00:00;6.2;39.4;130.0;5.0;190.0;90.0;99.0;113.0
2020-10-04 09:00:00;5.2;44.3;140.0;0.0;190.0;100.0;88.0;124.0
2020-10-04 10:00:00;5.4;56.4;170.0;0.0;190.0;120.0;91.0;131.0
2020-10-04 11:00:00;4.9;58.3;170.0;0.0;190.0;110.0;83.0;132.0
2020-10-04 12:00:00;5.0;51.6;160.0;0.0;180.0;100.0;86.0;141.0
2020-10-04 13:00:00;4.0;53.8;160.0;0.0;180.0;100.0;71.0;141.0
2020-10-04 14:00:00;3.5;57.7;150.0;0.0;170.0;110.0;72.0;137.0
2020-10-04 15:00:00;3.9;59.6;150.0;0.0;170.0;100.0;74.0;135.0
2020-10-04 16:00:00;4.2;56.7;130.0;0.0;160.0;80.0;71.0;126.0
2020-10-04 17:00:00;5.7;56.1;120.0;0.0;150.0;80.0;76.0;118.0
2020-10-04 18:00:00;9.0;52.6;120.0;0.0;150.0;80.0;76.0;120.0
2020-10-04 19:00:00;10.3;45.3;120.0;0.0;150.0;90.0;79.0;120.0
2020-10-04 20:00:00;8.1;49.9;130.0;0.0;160.0;90.0;82.0;118.0
2020-10-04 21:00:00;11.0;45.6;120.0;0.0;150.0;80.0;83.0;119.0
2020-10-04 22:00:00;8.1;49.9;110.0;0.0;150.0;80.0;81.0;113.0
2020-10-04 23:00:00;6.3;48.0;120.0;0.0;150.0;80.0;81.0;113.0
2020-10-05 00:00:00;5.6;46.8;120.0;0.0;150.0;80.0;81.0;113.0
2020-10-05 01:00:00;4.6;46.8;120.0;0.0;150.0;80.0;82.0;113.0
2020-10-05 02:00:00;5.6;45.6;110.0;5.0;150.0;80.0;87.0;113.0
2020-10-05 03:00:00;4.2;45.3;170.0;0.0;160.0;100.0;80.0;113.0
2020-10-05 04:00:00;5.8;43.3;150.0;0.0;150.0;90.0;82.0;112.0
2020-10-05 05:00:00;7.6;45.8;160.0;0.0;160.0;90.0;86.0;107.0
2020-10-05 06:00:00;14.6;39.3;150.0;9.0;160.0;90.0;90.0;102.0
2020-10-05 07:00:00;14.3;39.0;130.0;8.0;160.0;90.0;90.0;102.0
2020-10-05 08:00:00;12.0;41.6;120.0;0.0;170.0;80.0;95.0;109.0
2020-10-05 09:00:00;11.9;40.3;130.0;0.0;170.0;80.0;96.0;113.0
2020-10-05 10:00:00;13.4;36.6;130.0;0.0;180.0;80.0;105.0;126.0
2020-10-05 11:00:00;11.3;36.9;110.0;10.0;190.0;70.0;110.0;124.0
2020-10-05 12:00:00;12.7;34.5;110.0;7.0;190.0;80.0;113.0;132.0
2020-10-05 13:00:00;20.7;29.0;110.0;10.0;180.0;60.0;114.0;128.0
2020-10-05 14:00:00;18.4;31.2;130.0;2.0;210.0;80.0;114.0;143.0
2020-10-05 15:00:00;20.7;32.8;110.0;5.0;190.0;70.0;117.0;130.0
2020-10-05 16:00:00;18.3;41.8;100.0;2.0;180.0;60.0;112.0;130.0
2020-10-05 17:00:00;17.1;39.1;80.0;2.0;180.0;60.0;110.0;126.0
2020-10-05 18:00:00;17.7;38.0;90.0;0.0;170.0;60.0;105.0;119.0
2020-10-05 19:00:00;18.3;36.0;90.0;0.0;170.0;60.0;105.0;120.0
2020-10-05 20:00:00;14.5;41.1;100.0;0.0;180.0;70.0;108.0;123.0
2020-10-05 21:00:00;13.0;39.9;100.0;0.0;180.0;70.0;110.0;125.0
2020-10-05 22:00:00;14.5;35.0;100.0;7.0;190.0;70.0;117.0;127.0
2020-10-05 23:00:00;14.1;31.8;120.0;10.0;230.0;70.0;121.0;126.0
2020-10-06 00:00:00;11.4;37.1;100.0;2.0;230.0;60.0;117.0;139.0
2020-10-06 01:00:00;10.9;41.7;110.0;0.0;240.0;70.0;109.0;139.0
2020-10-06 02:00:00;10.7;45.6;100.0;0.0;220.0;60.0;113.0;135.0
2020-10-06 03:00:00;11.1;44.7;90.0;1.0;230.0;60.0;114.0;130.0
2020-10-06 04:00:00;9.2;46.7;90.0;2.0;200.0;60.0;101.0;118.0
2020-10-06 05:00:00;12.1;44.1;90.0;0.0;190.0;60.0;106.0;123.0
2020-10-06 06:00:00;23.1;33.7;100.0;6.0;190.0;70.0;106.0;120.0
2020-10-06 07:00:00;16.8;33.1;110.0;7.0;180.0;70.0;105.0;118.0
2020-10-06 08:00:00;15.3;31.8;100.0;3.0;170.0;60.0;110.0;119.0
2020-10-06 09:00:00;22.3;23.7;120.0;0.0;190.0;80.0;112.0;134.0
2020-10-06 10:00:00;15.8;31.3;120.0;0.0;200.0;80.0;116.0;135.0
2020-10-06 11:00:00;13.9;34.8;110.0;0.0;250.0;70.0;114.0;148.0
2020-10-06 12:00:00;12.4;41.6;100.0;4.0;250.0;60.0;120.0;136.0
2020-10-06 13:00:00;13.1;50.5;100.0;3.0;270.0;60.0;109.0;145.0
2020-10-06 14:00:00;15.0;48.8;100.0;2.0;250.0;70.0;114.0;142.0
2020-10-06 15:00:00;11.7;47.3;120.0;1.0;240.0;70.0;104.0;143.0
2020-10-06 16:00:00;16.0;41.4;100.0;1.0;230.0;60.0;109.0;135.0
2020-10-06 17:00:00;13.9;41.6;80.0;1.0;230.0;30.0;98.0;122.0
2020-10-06 18:00:00;15.2;41.3;50.0;3.0;190.0;20.0;99.0;122.0
2020-10-06 19:00:00;31.2;24.9;80.0;1.0;200.0;50.0;107.0;125.0
2020-10-06 20:00:00;39.3;14.1;80.0;8.0;230.0;40.0;101.0;118.0
2020-10-06 21:00:00;23.2;29.4;70.0;3.0;210.0;30.0;107.0;118.0
2020-10-06 22:00:00;20.7;32.4;70.0;6.0;200.0;40.0;112.0;119.0
2020-10-06 23:00:00;15.3;36.2;50.0;0.0;220.0;30.0;104.0;113.0
2020-10-07 00:00:00;13.2;36.5;40.0;0.0;250.0;30.0;105.0;122.0
2020-10-07 01:00:00;11.9;31.7;50.0;1.0;290.0;30.0;107.0;124.0
2020-10-07 02:00:00;16.2;24.5;70.0;0.0;290.0;30.0;99.0;126.0
2020-10-07 03:00:00;20.5;26.7;100.0;2.0;290.0;50.0;104.0;122.0
2020-10-07 04:00:00;26.6;18.1;90.0;0.0;280.0;60.0;97.0;119.0
2020-10-07 05:00:00;20.6;31.0;80.0;0.0;270.0;50.0;95.0;115.0
2020-10-07 06:00:00;26.9;25.3;60.0;0.0;260.0;40.0;106.0;131.0
2020-10-07 07:00:00;20.9;28.7;70.0;1.0;260.0;40.0;113.0;135.0
2020-10-07 08:00:00;30.7;23.4;110.0;0.0;270.0;70.0;111.0;140.0
2020-10-07 09:00:00;23.6;33.9;120.0;0.0;280.0;80.0;107.0;146.0
2020-10-07 10:00:00;13.1;45.0;140.0;0.0;280.0;90.0;108.0;148.0
2020-10-07 11:00:00;9.7;55.1;120.0;0.0;280.0;90.0;102.0;144.0
2020-10-07 12:00:00;8.1;55.3;130.0;0.0;280.0;90.0;100.0;144.0
2020-10-07 13:00:00;8.0;57.4;120.0;0.0;280.0;90.0;93.0;143.0
2020-10-07 14:00:00;8.8;55.8;110.0;0.0;270.0;80.0;93.0;141.0
2020-10-07 15:00:00;8.6;54.3;100.0;0.0;270.0;70.0;90.0;134.0
2020-10-07 16:00:00;8.6;53.9;90.0;0.0;270.0;60.0;82.0;131.0
2020-10-07 17:00:00;7.1;52.3;70.0;0.0;250.0;50.0;80.0;135.0
2020-10-07 18:00:00;13.6;47.4;70.0;0.0;250.0;50.0;79.0;131.0
2020-10-07 19:00:00;14.2;45.9;70.0;0.0;250.0;50.0;74.0;135.0
2020-10-07 20:00:00;16.0;43.3;70.0;0.0;250.0;40.0;75.0;129.0
2020-10-07 21:00:00;26.8;24.0;50.0;0.0;220.0;30.0;84.0;109.0
2020-10-07 22:00:00;25.4;26.8;50.0;0.0;190.0;40.0;85.0;110.0
2020-10-07 23:00:00;21.3;28.4;60.0;0.0;200.0;40.0;89.0;111.0
2020-10-08 00:00:00;20.8;27.8;60.0;0.0;180.0;50.0;93.0;115.0
2020-10-08 01:00:00;20.8;23.9;70.0;0.0;180.0;50.0;91.0;112.0
2020-10-08 02:00:00;16.7;26.4;70.0;0.0;170.0;50.0;96.0;111.0
2020-10-08 03:00:00;14.9;27.1;80.0;4.0;170.0;50.0;101.0;113.0
2020-10-08 04:00:00;19.7;23.1;90.0;7.0;160.0;60.0;105.0;112.0
2020-10-08 05:00:00;16.9;25.5;100.0;10.0;170.0;70.0;109.0;115.0
2020-10-08 06:00:00;17.0;27.1;110.0;10.0;190.0;70.0;121.0;128.0
2020-10-08 07:00:00;15.7;29.0;140.0;9.0;210.0;90.0;135.0;143.0
2020-10-08 08:00:00;21.0;24.7;150.0;0.0;210.0;100.0;138.0;150.0
2020-10-08 09:00:00;15.7;33.8;160.0;6.0;220.0;110.0;139.0;156.0
2020-10-08 10:00:00;13.7;36.6;180.0;9.0;230.0;110.0;143.0;157.0
2020-10-08 11:00:00;11.4;40.2;180.0;3.0;230.0;120.0;145.0;163.0
2020-10-08 12:00:00;14.9;37.5;190.0;5.0;230.0;120.0;147.0;163.0
2020-10-08 13:00:00;14.9;38.3;180.0;10.0;230.0;110.0;150.0;163.0
2020-10-08 14:00:00;19.5;35.7;170.0;4.0;240.0;110.0;150.0;166.0
2020-10-08 15:00:00;14.7;39.1;170.0;1.0;270.0;90.0;131.0;144.0
2020-10-08 16:00:00;14.6;40.0;130.0;0.0;320.0;70.0;116.0;140.0
2020-10-08 17:00:00;19.4;41.0;120.0;0.0;330.0;60.0;105.0;131.0
2020-10-08 18:00:00;5.9;57.3;110.0;0.0;330.0;60.0;99.0;125.0
2020-10-08 19:00:00;5.4;57.3;90.0;0.0;320.0;50.0;89.0;123.0
2020-10-08 20:00:00;4.5;59.8;90.0;0.0;300.0;40.0;93.0;115.0
2020-10-08 21:00:00;11.9;50.9;40.0;0.0;310.0;20.0;89.0;107.0
2020-10-08 22:00:00;7.2;52.6;70.0;0.0;340.0;40.0;86.0;114.0
2020-10-08 23:00:00;5.9;57.8;40.0;0.0;220.0;10.0;92.0;106.0
2020-10-09 00:00:00;14.3;46.6;20.0;2.0;190.0;10.0;83.0;98.0
2020-10-09 01:00:00;13.6;35.4;30.0;0.0;190.0;20.0;73.0;82.0
2020-10-09 02:00:00;29.2;20.2;30.0;0.0;160.0;20.0;74.0;78.0
2020-10-09 03:00:00;21.3;26.5;30.0;0.0;190.0;10.0;82.0;88.0
2020-10-09 04:00:00;17.3;25.0;30.0;0.0;180.0;20.0;88.0;97.0
2020-10-09 05:00:00;23.3;23.0;40.0;0.0;200.0;30.0;92.0;107.0
2020-10-09 06:00:00;34.9;14.7;40.0;0.0;190.0;30.0;94.0;111.0
2020-10-09 07:00:00;50.4;6.3;40.0;0.0;190.0;30.0;100.0;120.0
2020-10-09 08:00:00;43.0;16.3;60.0;0.0;190.0;40.0;104.0;127.0
2020-10-09 09:00:00;34.0;26.5;70.0;0.0;200.0;50.0;98.0;136.0
2020-10-09 10:00:00;30.8;26.7;80.0;0.0;200.0;50.0;94.0;131.0
2020-10-09 11:00:00;23.6;35.6;80.0;0.0;260.0;50.0;87.0;148.0
2020-10-09 12:00:00;31.4;26.3;100.0;0.0;250.0;70.0;72.0;145.0
2020-10-09 13:00:00;17.7;47.8;110.0;0.0;250.0;70.0;70.0;139.0
2020-10-09 14:00:00;9.3;61.6;110.0;0.0;250.0;70.0;66.0;140.0
2020-10-09 15:00:00;10.3;62.7;110.0;0.0;240.0;70.0;71.0;133.0
2020-10-09 16:00:00;12.3;61.6;100.0;0.0;240.0;60.0;66.0;131.0
2020-10-09 17:00:00;18.7;52.8;90.0;0.0;210.0;50.0;78.0;122.0
2020-10-09 18:00:00;23.0;48.9;100.0;8.0;250.0;60.0;96.0;109.0
2020-10-09 19:00:00;18.9;49.0;100.0;10.0;280.0;70.0;87.0;102.0
2020-10-09 20:00:00;10.9;51.6;90.0;7.0;260.0;50.0;67.0;94.0
2020-10-09 21:00:00;20.8;44.5;50.0;0.0;250.0;30.0;65.0;97.0
2020-10-09 22:00:00;22.1;49.7;40.0;1.0;230.0;30.0;66.0;84.0
2020-10-09 23:00:00;19.8;46.4;60.0;0.0;270.0;30.0;59.0;84.0
2020-10-10 00:00:00;15.7;40.3;70.0;1.0;270.0;40.0;56.0;87.0
2020-10-10 01:00:00;10.0;47.1;80.0;0.0;260.0;50.0;52.0;90.0
2020-10-10 02:00:00;12.0;51.0;70.0;0.0;260.0;60.0;50.0;92.0
2020-10-10 03:00:00;6.9;54.7;80.0;0.0;250.0;50.0;49.0;94.0
2020-10-10 04:00:00;4.1;58.2;90.0;0.0;260.0;60.0;51.0;99.0
2020-10-10 05:00:00;8.4;56.2;110.0;0.0;270.0;70.0;50.0;93.0
2020-10-10 06:00:00;9.0;56.3;100.0;0.0;270.0;70.0;53.0;102.0
2020-10-10 07:00:00;6.4;55.8;120.0;0.0;260.0;80.0;52.0;112.0
2020-10-10 08:00:00;5.9;57.6;130.0;0.0;250.0;90.0;48.0;118.0
2020-10-10 09:00:00;5.8;59.3;140.0;0.0;270.0;90.0;48.0;113.0
2020-10-10 10:00:00;6.1;62.5;140.0;2.0;260.0;80.0;64.0;117.0
2020-10-10 11:00:00;4.6;62.1;130.0;0.0;230.0;80.0;71.0;100.0
2020-10-10 12:00:00;10.3;57.6;100.0;10.0;220.0;50.0;84.0;104.0
2020-10-10 13:00:00;11.3;57.2;70.0;10.0;250.0;50.0;81.0;99.0
2020-10-10 14:00:00;14.5;49.2;70.0;5.0;230.0;40.0;79.0;97.0
2020-10-10 15:00:00;12.4;48.5;140.0;8.0;10.0;50.0;71.0;87.0
2020-10-10 16:00:00;17.5;42.4;50.0;3.0;360.0;20.0;65.0;80.0
2020-10-10 17:00:00;15.1;42.3;20.0;2.0;250.0;10.0;71.0;79.0
2020-10-10 18:00:00;10.4;38.0;20.0;0.0;220.0;10.0;71.0;78.0
2020-10-10 19:00:00;19.6;30.7;20.0;0.0;260.0;10.0;66.0;80.0
2020-10-10 20:00:00;19.6;27.2;20.0;0.0;240.0;10.0;59.0;69.0
2020-10-10 21:00:00;15.1;28.7;40.0;0.0;230.0;30.0;49.0;55.0
2020-10-10 22:00:00;39.1;12.1;40.0;0.0;220.0;30.0;59.0;66.0
2020-10-10 23:00:00;39.3;15.4;50.0;0.0;210.0;30.0;44.0;53.0
2020-10-11 00:00:00;44.1;18.7;40.0;0.0;210.0;30.0;41.0;49.0
2020-10-11 01:00:00;31.8;19.6;30.0;0.0;200.0;20.0;44.0;54.0
2020-10-11 02:00:00;26.9;22.1;40.0;0.0;230.0;20.0;40.0;54.0
2020-10-11 03:00:00;19.7;24.3;50.0;0.0;260.0;20.0;46.0;66.0
2020-10-11 04:00:00;22.8;24.1;50.0;3.0;270.0;20.0;61.0;85.0
2020-10-11 05:00:00;26.3;25.2;70.0;1.0;210.0;40.0;49.0;62.0
2020-10-11 06:00:00;19.5;39.0;60.0;0.0;230.0;40.0;72.0;86.0
2020-10-11 07:00:00;25.0;30.6;60.0;0.0;220.0;40.0;77.0;96.0
2020-10-11 08:00:00;26.7;33.0;80.0;3.0;220.0;30.0;86.0;116.0
2020-10-11 09:00:00;25.3;36.4;60.0;4.0;300.0;30.0;88.0;108.0
2020-10-11 10:00:00;10.3;55.6;50.0;1.0;310.0;30.0;98.0;125.0
2020-10-11 11:00:00;8.0;53.7;80.0;0.0;320.0;40.0;96.0;129.0
2020-10-11 12:00:00;13.4;54.4;120.0;0.0;320.0;70.0;67.0;139.0
2020-10-11 13:00:00;5.7;61.3;120.0;0.0;310.0;70.0;73.0;131.0
2020-10-11 14:00:00;3.9;65.8;110.0;0.0;320.0;70.0;75.0;127.0
2020-10-11 15:00:00;4.2;67.5;100.0;0.0;310.0;60.0;78.0;120.0
2020-10-11 16:00:00;4.5;65.5;110.0;0.0;310.0;50.0;85.0;110.0
2020-10-11 17:00:00;6.3;62.5;60.0;1.0;330.0;30.0;85.0;108.0
2020-10-11 18:00:00;8.4;57.0;50.0;0.0;320.0;30.0;70.0;92.0
2020-10-11 19:00:00;8.2;53.4;50.0;0.0;310.0;20.0;68.0;82.0
2020-10-11 20:00:00;9.0;41.2;70.0;0.0;330.0;30.0;81.0;104.0
2020-10-11 21:00:00;7.2;53.3;40.0;3.0;300.0;30.0;81.0;90.0
2020-10-11 22:00:00;4.9;47.5;70.0;2.0;320.0;30.0;77.0;95.0
2020-10-11 23:00:00;7.8;43.9;30.0;0.0;300.0;20.0;65.0;72.0
2020-10-12 00:00:00;6.3;45.3;20.0;0.0;300.0;20.0;65.0;69.0
2020-10-12 01:00:00;5.7;43.6;20.0;0.0;300.0;20.0;63.0;67.0
2020-10-12 02:00:00;6.0;39.9;20.0;0.0;280.0;10.0;54.0;60.0
2020-10-12 03:00:00;5.1;42.7;20.0;0.0;340.0;10.0;62.0;66.0
2020-10-12 04:00:00;4.8;51.4;10.0;0.0;180.0;10.0;65.0;69.0
2020-10-12 05:00:00;5.3;33.8;30.0;0.0;0.0;10.0;69.0;80.0
2020-10-12 06:00:00;15.8;21.5;10.0;0.0;0.0;0.0;74.0;87.0
2020-10-12 07:00:00;44.5;5.1;20.0;0.0;210.0;10.0;96.0;114.0
2020-10-12 08:00:00;49.9;2.7;70.0;2.0;260.0;20.0;91.0;113.0
2020-10-12 09:00:00;57.9;7.3;40.0;3.0;290.0;20.0;96.0;120.0
2020-10-12 10:00:00;45.7;18.2;80.0;0.0;290.0;40.0;70.0;135.0
2020-10-12 11:00:00;31.9;37.0;90.0;0.0;250.0;60.0;60.0;141.0
2020-10-12 12:00:00;10.6;62.6;80.0;0.0;280.0;50.0;76.0;138.0
2020-10-12 13:00:00;6.6;64.5;80.0;0.0;250.0;50.0;63.0;133.0
2020-10-12 14:00:00;5.8;63.5;80.0;0.0;260.0;50.0;83.0;132.0
2020-10-12 15:00:00;7.9;60.8;70.0;0.0;250.0;40.0;71.0;121.0
2020-10-12 16:00:00;10.0;57.4;60.0;0.0;230.0;40.0;75.0;117.0
2020-10-12 17:00:00;15.6;48.5;50.0;0.0;190.0;40.0;74.0;105.0
2020-10-12 18:00:00;22.2;39.6;40.0;0.0;170.0;30.0;75.0;100.0
2020-10-12 19:00:00;28.4;34.9;50.0;0.0;170.0;30.0;71.0;95.0
2020-10-12 20:00:00;31.0;29.2;50.0;0.0;160.0;40.0;75.0;96.0
2020-10-12 21:00:00;21.9;33.9;60.0;0.0;150.0;40.0;76.0;99.0
2020-10-12 22:00:00;19.0;36.5;70.0;0.0;160.0;50.0;76.0;102.0
2020-10-12 23:00:00;20.6;32.4;70.0;0.0;160.0;50.0;76.0;102.0
2020-10-13 00:00:00;21.7;29.9;70.0;0.0;160.0;50.0;75.0;99.0
2020-10-13 01:00:00;21.6;29.2;80.0;0.0;160.0;50.0;73.0;100.0
2020-10-13 02:00:00;19.7;28.6;80.0;0.0;160.0;50.0;74.0;98.0
2020-10-13 03:00:00;19.2;26.8;70.0;0.0;160.0;50.0;73.0;95.0
2020-10-13 04:00:00;20.4;24.8;70.0;0.0;160.0;40.0;75.0;93.0
2020-10-13 05:00:00;20.8;23.6;60.0;0.0;140.0;40.0;75.0;90.0
2020-10-13 06:00:00;24.5;16.0;70.0;0.0;140.0;50.0;75.0;89.0
2020-10-13 07:00:00;34.1;3.7;70.0;0.0;140.0;50.0;77.0;97.0
2020-10-13 08:00:00;27.9;9.5;70.0;0.0;140.0;50.0;77.0;105.0
2020-10-13 09:00:00;22.8;16.8;80.0;0.0;130.0;50.0;81.0;124.0
2020-10-13 10:00:00;19.4;23.7;80.0;0.0;150.0;60.0;78.0;124.0
2020-10-13 11:00:00;16.4;36.1;80.0;0.0;110.0;50.0;85.0;128.0
2020-10-13 12:00:00;18.9;32.6;80.0;0.0;110.0;50.0;82.0;132.0
2020-10-13 13:00:00;14.5;41.8;80.0;0.0;120.0;50.0;69.0;128.0
2020-10-13 14:00:00;16.1;36.2;70.0;0.0;100.0;50.0;74.0;124.0
2020-10-13 15:00:00;17.3;36.9;80.0;0.0;100.0;40.0;63.0;119.0
2020-10-13 16:00:00;18.3;36.1;60.0;0.0;90.0;40.0;63.0;98.0
2020-10-13 17:00:00;33.5;21.9;60.0;0.0;80.0;40.0;67.0;93.0
2020-10-13 18:00:00;31.6;22.2;60.0;0.0;80.0;40.0;66.0;92.0
2020-10-13 19:00:00;26.7;23.6;60.0;0.0;70.0;40.0;64.0;93.0
2020-10-13 20:00:00;20.0;30.3;70.0;0.0;80.0;40.0;65.0;97.0
2020-10-13 21:00:00;16.5;32.9;80.0;0.0;80.0;50.0;64.0;88.0
2020-10-13 22:00:00;14.6;29.8;70.0;0.0;70.0;50.0;65.0;88.0
2020-10-13 23:00:00;13.5;29.5;60.0;0.0;60.0;40.0;62.0;80.0
2020-10-14 00:00:00;11.0;32.6;70.0;0.0;50.0;40.0;63.0;82.0
2020-10-14 01:00:00;9.4;32.7;60.0;0.0;50.0;40.0;61.0;79.0
2020-10-14 02:00:00;7.7;36.6;60.0;0.0;50.0;40.0;65.0;82.0
2020-10-14 03:00:00;7.5;31.8;70.0;0.0;40.0;40.0;71.0;91.0
2020-10-14 04:00:00;9.1;31.5;50.0;0.0;40.0;40.0;72.0;90.0
2020-10-14 05:00:00;12.2;32.3;60.0;0.0;30.0;40.0;75.0;93.0
2020-10-14 06:00:00;13.0;35.8;60.0;0.0;20.0;30.0;78.0;94.0
2020-10-14 07:00:00;12.4;38.8;50.0;0.0;20.0;20.0;84.0;105.0
2020-10-14 08:00:00;11.2;40.1;60.0;0.0;30.0;30.0;86.0;114.0
2020-10-14 09:00:00;12.2;38.7;100.0;0.0;50.0;50.0;80.0;120.0
2020-10-14 10:00:00;10.2;43.3;110.0;0.0;50.0;70.0;73.0;121.0
2020-10-14 11:00:00;6.9;42.3;120.0;0.0;40.0;70.0;68.0;122.0
2020-10-14 12:00:00;5.6;46.1;140.0;0.0;40.0;90.0;53.0;117.0
2020-10-14 13:00:00;3.9;53.2;130.0;0.0;40.0;80.0;56.0;119.0
2020-10-14 14:00:00;4.4;54.9;110.0;0.0;30.0;60.0;48.0;115.0
2020-10-14 15:00:00;4.9;54.4;110.0;0.0;30.0;60.0;53.0;105.0
2020-10-14 16:00:00;5.8;51.2;90.0;0.0;30.0;50.0;52.0;102.0
2020-10-14 17:00:00;7.7;47.8;90.0;0.0;30.0;60.0;55.0;102.0
2020-10-14 18:00:00;8.1;47.3;90.0;0.0;40.0;50.0;54.0;99.0
2020-10-14 19:00:00;5.5;53.3;80.0;0.0;30.0;50.0;54.0;92.0
2020-10-14 20:00:00;5.5;46.5;80.0;0.0;30.0;50.0;56.0;98.0
2020-10-14 21:00:00;5.1;44.4;80.0;0.0;20.0;40.0;56.0;96.0
2020-10-14 22:00:00;4.0;45.6;60.0;0.0;20.0;30.0;51.0;88.0
2020-10-14 23:00:00;3.4;48.2;60.0;0.0;20.0;40.0;49.0;87.0
2020-10-15 00:00:00;2.8;45.6;70.0;0.0;30.0;40.0;43.0;96.0
2020-10-15 01:00:00;2.3;46.7;70.0;0.0;30.0;40.0;41.0;99.0
2020-10-15 02:00:00;1.9;51.6;70.0;0.0;30.0;40.0;39.0;98.0
2020-10-15 03:00:00;1.9;50.3;60.0;0.0;20.0;40.0;43.0;96.0
2020-10-15 04:00:00;3.0;48.1;60.0;0.0;20.0;30.0;47.0;96.0
2020-10-15 05:00:00;9.9;48.1;60.0;0.0;360.0;30.0;50.0;89.0
2020-10-15 06:00:00;13.1;38.0;70.0;0.0;30.0;30.0;46.0;94.0
2020-10-15 07:00:00;10.1;42.8;70.0;0.0;30.0;40.0;50.0;97.0
2020-10-15 08:00:00;9.8;39.6;70.0;0.0;20.0;40.0;62.0;102.0
2020-10-15 09:00:00;8.0;39.6;80.0;0.0;20.0;50.0;58.0;111.0
2020-10-15 10:00:00;6.1;39.6;90.0;0.0;50.0;50.0;55.0;120.0
2020-10-15 11:00:00;5.1;47.4;100.0;0.0;50.0;60.0;56.0;119.0
2020-10-15 12:00:00;5.4;47.1;80.0;0.0;40.0;50.0;59.0;115.0
2020-10-15 13:00:00;8.0;47.6;100.0;0.0;30.0;50.0;32.0;113.0
2020-10-15 14:00:00;6.5;49.4;100.0;0.0;30.0;60.0;42.0;110.0
2020-10-15 15:00:00;7.7;47.4;90.0;0.0;30.0;50.0;48.0;105.0
2020-10-15 16:00:00;8.6;44.2;90.0;0.0;30.0;50.0;27.0;99.0
2020-10-15 17:00:00;10.4;41.4;80.0;0.0;30.0;40.0;36.0;98.0
2020-10-15 18:00:00;9.3;44.2;70.0;0.0;40.0;40.0;38.0;97.0
2020-10-15 19:00:00;8.5;45.0;70.0;0.0;40.0;40.0;50.0;91.0
2020-10-15 20:00:00;9.1;41.7;60.0;0.0;40.0;30.0;47.0;77.0
2020-10-15 21:00:00;7.9;45.4;50.0;0.0;20.0;30.0;46.0;73.0
2020-10-15 22:00:00;7.6;43.3;40.0;0.0;20.0;20.0;47.0;74.0
2020-10-15 23:00:00;7.9;36.9;20.0;0.0;20.0;20.0;47.0;69.0
2020-10-16 00:00:00;7.0;34.9;20.0;0.0;20.0;20.0;50.0;69.0
2020-10-16 01:00:00;6.3;33.7;30.0;0.0;360.0;20.0;55.0;77.0
2020-10-16 02:00:00;5.2;34.3;30.0;0.0;40.0;20.0;58.0;81.0
2020-10-16 03:00:00;5.1;36.2;40.0;0.0;10.0;20.0;53.0;81.0
2020-10-16 04:00:00;5.2;42.0;50.0;0.0;10.0;10.0;35.0;83.0
2020-10-16 05:00:00;9.7;40.5;40.0;0.0;30.0;20.0;47.0;83.0
2020-10-16 06:00:00;18.2;28.0;40.0;0.0;30.0;10.0;50.0;85.0
2020-10-16 07:00:00;25.5;24.9;60.0;0.0;20.0;20.0;47.0;94.0
2020-10-16 08:00:00;25.5;23.5;50.0;0.0;60.0;20.0;46.0;100.0
2020-10-16 09:00:00;17.0;29.7;50.0;0.0;60.0;30.0;43.0;101.0
2020-10-16 10:00:00;14.3;41.8;60.0;0.0;60.0;40.0;48.0;106.0
2020-10-16 11:00:00;9.6;44.5;60.0;0.0;50.0;30.0;49.0;120.0
2020-10-16 12:00:00;5.8;51.4;60.0;0.0;40.0;30.0;34.0;118.0
2020-10-16 13:00:00;4.9;57.7;50.0;0.0;40.0;30.0;35.0;117.0
2020-10-16 14:00:00;4.1;60.3;60.0;0.0;50.0;30.0;47.0;113.0
2020-10-16 15:00:00;5.8;57.2;50.0;0.0;40.0;30.0;44.0;98.0
2020-10-16 16:00:00;8.6;49.7;40.0;0.0;30.0;20.0;39.0;82.0
2020-10-16 17:00:00;14.4;41.1;20.0;0.0;350.0;10.0;44.0;72.0
2020-10-16 18:00:00;19.4;25.2;20.0;0.0;330.0;10.0;43.0;62.0
2020-10-16 19:00:00;29.9;13.1;20.0;0.0;330.0;20.0;40.0;57.0
2020-10-16 20:00:00;42.2;4.7;20.0;0.0;0.0;10.0;47.0;64.0
2020-10-16 21:00:00;35.5;9.9;10.0;0.0;320.0;0.0;53.0;73.0
2020-10-16 22:00:00;36.3;9.7;10.0;0.0;0.0;0.0;61.0;75.0
2020-10-16 23:00:00;32.2;8.4;10.0;0.0;300.0;0.0;58.0;74.0
2020-10-17 00:00:00;24.8;7.1;10.0;0.0;350.0;10.0;65.0;77.0
2020-10-17 01:00:00;24.9;2.3;10.0;0.0;180.0;0.0;66.0;80.0
2020-10-17 02:00:00;24.9;1.1;10.0;0.0;220.0;10.0;67.0;81.0
2020-10-17 03:00:00;25.5;0.6;10.0;0.0;220.0;10.0;71.0;83.0
2020-10-17 04:00:00;21.9;6.3;20.0;0.0;210.0;10.0;71.0;83.0
2020-10-17 05:00:00;21.3;14.9;40.0;0.0;280.0;30.0;67.0;84.0
2020-10-17 06:00:00;22.8;19.5;40.0;0.0;270.0;20.0;77.0;87.0
2020-10-17 07:00:00;31.0;17.9;30.0;0.0;0.0;10.0;87.0;97.0
2020-10-17 08:00:00;29.9;23.9;20.0;0.0;110.0;10.0;89.0;106.0
2020-10-17 09:00:00;41.2;15.6;30.0;0.0;180.0;10.0;86.0;110.0
2020-10-17 10:00:00;36.6;16.8;30.0;0.0;160.0;20.0;81.0;114.0
2020-10-17 11:00:00;31.7;24.6;40.0;0.0;150.0;20.0;79.0;118.0
2020-10-17 12:00:00;29.0;29.6;30.0;0.0;160.0;10.0;89.0;128.0
2020-10-17 13:00:00;22.3;36.1;30.0;0.0;190.0;10.0;83.0;121.0
2020-10-17 14:00:00;16.1;41.9;40.0;0.0;120.0;20.0;78.0;113.0
2020-10-17 15:00:00;17.2;38.3;30.0;0.0;170.0;20.0;78.0;107.0
2020-10-17 16:00:00;25.8;23.1;20.0;0.0;120.0;10.0;70.0;90.0
2020-10-17 17:00:00;23.0;11.6;20.0;0.0;150.0;10.0;72.0;84.0
2020-10-17 18:00:00;38.3;1.4;20.0;0.0;130.0;10.0;71.0;83.0
2020-10-17 19:00:00;40.9;-0.3;20.0;0.0;180.0;10.0;72.0;79.0
2020-10-17 20:00:00;40.1;-0.1;20.0;0.0;160.0;10.0;70.0;80.0
2020-10-17 21:00:00;41.4;-0.6;20.0;0.0;180.0;10.0;77.0;85.0
2020-10-17 22:00:00;43.4;-0.4;20.0;0.0;170.0;10.0;79.0;87.0
2020-10-17 23:00:00;44.3;0.9;20.0;0.0;190.0;10.0;80.0;84.0
2020-10-18 00:00:00;43.4;-0.5;20.0;0.0;210.0;10.0;83.0;89.0
2020-10-18 01:00:00;43.6;-0.4;40.0;0.0;220.0;20.0;88.0;94.0
2020-10-18 02:00:00;46.5;1.2;30.0;0.0;210.0;20.0;80.0;87.0
2020-10-18 03:00:00;43.2;0.7;30.0;0.0;200.0;20.0;79.0;82.0
2020-10-18 04:00:00;39.9;-0.2;40.0;0.0;220.0;20.0;84.0;89.0
2020-10-18 05:00:00;38.7;-0.5;20.0;0.0;0.0;10.0;83.0;89.0
2020-10-18 06:00:00;33.6;0.3;20.0;0.0;270.0;10.0;83.0;85.0
2020-10-18 07:00:00;30.2;1.9;20.0;0.0;330.0;10.0;92.0;108.0
2020-10-18 08:00:00;33.7;5.4;50.0;0.0;350.0;20.0;90.0;117.0
2020-10-18 09:00:00;15.4;45.0;70.0;0.0;320.0;30.0;90.0;125.0
2020-10-18 10:00:00;9.0;55.7;60.0;0.0;360.0;30.0;89.0;125.0
2020-10-18 11:00:00;12.0;51.8;70.0;0.0;310.0;30.0;83.0;126.0
2020-10-18 12:00:00;5.5;60.8;70.0;0.0;300.0;50.0;78.0;133.0
2020-10-18 13:00:00;6.7;62.6;80.0;0.0;300.0;50.0;86.0;129.0
2020-10-18 14:00:00;7.0;66.1;70.0;0.0;290.0;40.0;72.0;120.0
2020-10-18 15:00:00;5.7;66.7;60.0;0.0;310.0;30.0;79.0;107.0
2020-10-18 16:00:00;6.0;62.2;60.0;0.0;310.0;30.0;64.0;82.0
2020-10-18 17:00:00;13.6;46.0;30.0;0.0;250.0;20.0;70.0;81.0
2020-10-18 18:00:00;9.7;38.9;40.0;0.0;270.0;20.0;61.0;75.0
2020-10-18 19:00:00;20.1;18.9;40.0;0.0;360.0;20.0;74.0;90.0
2020-10-18 20:00:00;29.4;8.2;40.0;2.0;360.0;10.0;77.0;85.0
2020-10-18 21:00:00;28.3;16.5;30.0;0.0;170.0;10.0;61.0;64.0
2020-10-18 22:00:00;14.7;24.4;20.0;0.0;190.0;20.0;53.0;59.0
2020-10-18 23:00:00;26.5;16.2;40.0;0.0;190.0;30.0;80.0;85.0
2020-10-19 00:00:00;30.4;8.0;30.0;0.0;0.0;10.0;76.0;80.0
2020-10-19 01:00:00;21.5;27.1;40.0;3.0;260.0;20.0;78.0;84.0
2020-10-19 02:00:00;12.7;40.3;30.0;0.0;160.0;20.0;69.0;75.0
2020-10-19 03:00:00;13.4;42.1;30.0;4.0;130.0;10.0;77.0;83.0
2020-10-19 04:00:00;16.1;39.7;30.0;0.0;190.0;20.0;69.0;73.0
2020-10-19 05:00:00;12.1;49.1;40.0;0.0;190.0;30.0;79.0;86.0
2020-10-19 06:00:00;30.5;22.4;50.0;5.0;210.0;30.0;84.0;90.0
2020-10-19 07:00:00;40.9;12.9;40.0;0.0;160.0;20.0;87.0;95.0
2020-10-19 08:00:00;42.1;20.7;40.0;0.0;140.0;30.0;86.0;97.0
2020-10-19 09:00:00;42.3;15.0;50.0;0.0;160.0;30.0;85.0;102.0
2020-10-19 10:00:00;37.8;16.9;60.0;0.0;170.0;40.0;87.0;106.0
2020-10-19 11:00:00;34.6;16.4;60.0;0.0;180.0;40.0;84.0;113.0
2020-10-19 12:00:00;29.8;21.2;60.0;0.0;170.0;40.0;84.0;115.0
2020-10-19 13:00:00;32.4;19.8;60.0;0.0;160.0;40.0;76.0;119.0
2020-10-19 14:00:00;36.3;21.2;60.0;0.0;140.0;30.0;69.0;116.0
2020-10-19 15:00:00;40.4;17.8;60.0;0.0;140.0;40.0;47.0;113.0
2020-10-19 16:00:00;45.0;15.3;50.0;0.0;120.0;40.0;45.0;84.0
2020-10-19 17:00:00;40.5;22.5;50.0;0.0;120.0;40.0;52.0;83.0
2020-10-19 18:00:00;32.6;30.7;50.0;0.0;120.0;40.0;56.0;85.0
2020-10-19 19:00:00;34.7;25.9;70.0;0.0;130.0;40.0;57.0;92.0
2020-10-19 20:00:00;35.3;20.8;70.0;0.0;140.0;40.0;56.0;84.0
2020-10-19 21:00:00;38.1;19.6;60.0;0.0;140.0;40.0;51.0;78.0
2020-10-19 22:00:00;36.7;19.1;60.0;0.0;130.0;40.0;52.0;83.0
2020-10-19 23:00:00;33.8;18.5;70.0;0.0;140.0;50.0;53.0;85.0
2020-10-20 00:00:00;28.5;23.0;80.0;0.0;140.0;50.0;50.0;85.0
2020-10-20 01:00:00;24.3;28.0;70.0;0.0;130.0;40.0;48.0;83.0
2020-10-20 02:00:00;20.5;30.0;70.0;0.0;130.0;50.0;46.0;83.0
2020-10-20 03:00:00;15.4;30.7;80.0;0.0;140.0;50.0;46.0;84.0
2020-10-20 04:00:00;16.6;30.2;80.0;0.0;150.0;50.0;48.0;83.0
2020-10-20 05:00:00;29.4;22.1;90.0;0.0;140.0;50.0;51.0;84.0
2020-10-20 06:00:00;33.9;16.4;90.0;0.0;160.0;60.0;57.0;89.0
2020-10-20 07:00:00;32.8;16.4;80.0;0.0;160.0;50.0;66.0;96.0
2020-10-20 08:00:00;31.3;19.8;90.0;0.0;170.0;50.0;72.0;102.0
2020-10-20 09:00:00;27.0;21.8;70.0;0.0;170.0;50.0;79.0;110.0
2020-10-20 10:00:00;24.9;21.9;80.0;0.0;170.0;50.0;88.0;113.0
2020-10-20 11:00:00;26.8;17.8;90.0;0.0;170.0;60.0;94.0;124.0
2020-10-20 12:00:00;28.1;19.4;90.0;0.0;190.0;60.0;101.0;131.0
2020-10-20 13:00:00;24.6;23.3;80.0;0.0;170.0;50.0;107.0;133.0
2020-10-20 14:00:00;25.7;23.0;90.0;0.0;180.0;50.0;111.0;142.0
2020-10-20 15:00:00;26.9;22.7;90.0;0.0;180.0;60.0;112.0;140.0
2020-10-20 16:00:00;28.8;20.9;80.0;0.0;180.0;50.0;111.0;140.0
2020-10-20 17:00:00;27.4;23.8;80.0;0.0;180.0;50.0;111.0;139.0
2020-10-20 18:00:00;21.0;30.9;80.0;0.0;170.0;50.0;115.0;137.0
2020-10-20 19:00:00;19.9;30.6;70.0;0.0;170.0;40.0;119.0;138.0
2020-10-20 20:00:00;18.9;30.4;80.0;0.0;170.0;50.0;124.0;141.0
2020-10-20 21:00:00;15.5;33.5;70.0;0.0;170.0;40.0;125.0;141.0
2020-10-20 22:00:00;14.7;33.4;70.0;0.0;180.0;50.0;127.0;142.0
2020-10-20 23:00:00;11.6;35.8;60.0;0.0;170.0;40.0;126.0;139.0
2020-10-21 00:00:00;8.0;39.3;70.0;0.0;160.0;50.0;126.0;140.0
2020-10-21 01:00:00;8.7;36.9;70.0;0.0;160.0;50.0;124.0;137.0
2020-10-21 02:00:00;6.6;40.5;70.0;8.0;150.0;50.0;123.0;134.0
2020-10-21 03:00:00;7.2;39.2;80.0;2.0;150.0;50.0;122.0;132.0
2020-10-21 04:00:00;15.7;32.3;80.0;9.0;150.0;60.0;122.0;131.0
2020-10-21 05:00:00;15.3;32.5;70.0;10.0;150.0;50.0;122.0;130.0
2020-10-21 06:00:00;19.0;27.4;80.0;10.0;150.0;60.0;121.0;128.0
2020-10-21 07:00:00;22.3;26.8;90.0;10.0;150.0;60.0;120.0;127.0
2020-10-21 08:00:00;31.2;23.4;110.0;10.0;150.0;70.0;120.0;129.0
2020-10-21 09:00:00;25.7;30.7;120.0;10.0;160.0;70.0;122.0;131.0
2020-10-21 10:00:00;22.5;37.5;120.0;7.0;150.0;80.0;122.0;140.0
2020-10-21 11:00:00;25.2;36.4;140.0;0.0;160.0;80.0;121.0;158.0
2020-10-21 12:00:00;23.2;42.8;130.0;0.0;170.0;90.0;128.0;172.0
2020-10-21 13:00:00;13.7;53.2;180.0;0.0;200.0;100.0;131.0;191.0
2020-10-21 14:00:00;15.0;56.5;210.0;0.0;210.0;130.0;134.0;188.0
2020-10-21 15:00:00;8.8;64.7;230.0;0.0;220.0;140.0;128.0;185.0
2020-10-21 16:00:00;8.2;61.5;200.0;0.0;210.0;130.0;123.0;184.0
2020-10-21 17:00:00;8.9;59.4;240.0;0.0;220.0;140.0;125.0;173.0
2020-10-21 18:00:00;7.8;61.9;220.0;0.0;230.0;150.0;121.0;165.0
2020-10-21 19:00:00;6.8;63.1;210.0;0.0;230.0;140.0;121.0;158.0
2020-10-21 20:00:00;11.3;57.6;200.0;3.0;240.0;130.0;135.0;146.0
2020-10-21 21:00:00;13.5;48.8;160.0;1.0;240.0;90.0;122.0;142.0
2020-10-21 22:00:00;15.4;44.2;100.0;0.0;210.0;60.0;123.0;137.0
2020-10-21 23:00:00;16.0;47.9;90.0;0.0;210.0;60.0;123.0;139.0
2020-10-22 00:00:00;12.4;50.6;100.0;0.0;210.0;70.0;127.0;148.0
2020-10-22 01:00:00;9.3;52.8;120.0;0.0;200.0;70.0;117.0;137.0
2020-10-22 02:00:00;7.7;58.6;100.0;0.0;200.0;70.0;116.0;137.0
2020-10-22 03:00:00;8.7;56.0;90.0;0.0;200.0;60.0;112.0;132.0
2020-10-22 04:00:00;10.6;53.9;110.0;0.0;210.0;60.0;116.0;136.0
2020-10-22 05:00:00;13.4;43.1;100.0;0.0;210.0;60.0;109.0;125.0
2020-10-22 06:00:00;16.3;40.9;90.0;0.0;200.0;60.0;107.0;121.0
2020-10-22 07:00:00;19.4;38.1;90.0;0.0;210.0;70.0;112.0;132.0
2020-10-22 08:00:00;24.4;32.8;110.0;0.0;210.0;70.0;114.0;143.0
2020-10-22 09:00:00;21.3;38.9;110.0;0.0;210.0;70.0;110.0;146.0
2020-10-22 10:00:00;16.6;49.2;110.0;0.0;210.0;80.0;115.0;159.0
2020-10-22 11:00:00;17.3;48.0;120.0;0.0;210.0;90.0;111.0;153.0
2020-10-22 12:00:00;17.5;49.9;110.0;0.0;210.0;80.0;114.0;151.0
2020-10-22 13:00:00;20.7;48.7;100.0;3.0;220.0;70.0;117.0;155.0
2020-10-22 14:00:00;19.8;52.5;110.0;0.0;220.0;70.0;109.0;152.0
2020-10-22 15:00:00;17.1;57.5;90.0;0.0;220.0;60.0;110.0;147.0
2020-10-22 16:00:00;18.0;54.3;80.0;0.0;220.0;50.0;106.0;133.0
2020-10-22 17:00:00;26.9;45.7;80.0;0.0;230.0;60.0;103.0;130.0
2020-10-22 18:00:00;32.7;40.8;70.0;0.0;220.0;50.0;100.0;121.0
2020-10-22 19:00:00;32.9;39.8;60.0;0.0;210.0;30.0;94.0;107.0
2020-10-22 20:00:00;39.4;32.0;60.0;0.0;190.0;40.0;91.0;101.0
2020-10-22 21:00:00;35.7;33.3;50.0;0.0;220.0;40.0;91.0;102.0
2020-10-22 22:00:00;29.0;28.3;40.0;0.0;190.0;30.0;87.0;95.0
2020-10-22 23:00:00;31.4;25.7;40.0;0.0;210.0;40.0;79.0;84.0
2020-10-23 00:00:00;27.6;25.8;40.0;0.0;220.0;20.0;93.0;99.0
2020-10-23 01:00:00;29.1;20.0;30.0;0.0;220.0;20.0;93.0;96.0
2020-10-23 02:00:00;28.0;17.5;40.0;0.0;160.0;20.0;81.0;83.0
2020-10-23 03:00:00;27.5;20.0;30.0;0.0;160.0;20.0;65.0;69.0
2020-10-23 04:00:00;26.6;17.0;30.0;0.0;160.0;20.0;75.0;78.0
2020-10-23 05:00:00;34.0;17.0;50.0;0.0;160.0;20.0;83.0;85.0
2020-10-23 06:00:00;41.6;1.6;40.0;0.0;160.0;30.0;78.0;82.0
2020-10-23 07:00:00;43.4;1.0;40.0;0.0;160.0;30.0;95.0;98.0
2020-10-23 08:00:00;39.8;5.2;40.0;0.0;160.0;20.0;107.0;125.0
2020-10-23 09:00:00;38.2;14.6;50.0;0.0;160.0;30.0;115.0;144.0
2020-10-23 10:00:00;32.6;29.3;80.0;0.0;180.0;50.0;134.0;160.0
2020-10-23 11:00:00;30.0;33.7;80.0;0.0;190.0;60.0;132.0;165.0
2020-10-23 12:00:00;18.7;38.6;90.0;0.0;200.0;60.0;131.0;161.0
2020-10-23 13:00:00;20.2;34.2;100.0;0.0;200.0;60.0;128.0;159.0
2020-10-23 14:00:00;27.6;29.6;90.0;0.0;210.0;60.0;122.0;154.0
2020-10-23 15:00:00;26.1;35.7;90.0;0.0;230.0;60.0;109.0;142.0
2020-10-23 16:00:00;26.4;36.6;60.0;0.0;200.0;40.0;107.0;134.0
2020-10-23 17:00:00;27.6;43.3;50.0;0.0;200.0;40.0;109.0;125.0
2020-10-23 18:00:00;29.4;34.1;70.0;0.0;210.0;40.0;109.0;132.0
2020-10-23 19:00:00;35.3;19.5;90.0;0.0;220.0;60.0;109.0;141.0
2020-10-23 20:00:00;30.3;32.5;120.0;0.0;230.0;70.0;104.0;130.0
2020-10-23 21:00:00;15.6;54.0;100.0;0.0;220.0;60.0;103.0;124.0
2020-10-23 22:00:00;19.0;54.4;80.0;0.0;200.0;50.0;102.0;117.0
2020-10-23 23:00:00;14.7;52.9;90.0;0.0;210.0;60.0;103.0;122.0
2020-10-24 00:00:00;15.4;47.7;100.0;0.0;210.0;70.0;110.0;122.0
2020-10-24 01:00:00;11.8;52.4;90.0;0.0;210.0;60.0;107.0;118.0
2020-10-24 02:00:00;8.4;52.9;80.0;0.0;210.0;50.0;104.0;113.0
2020-10-24 03:00:00;8.6;49.4;70.0;0.0;210.0;50.0;101.0;112.0
2020-10-24 04:00:00;12.2;44.0;90.0;0.0;200.0;50.0;104.0;115.0
2020-10-24 05:00:00;17.4;38.3;80.0;0.0;190.0;50.0;102.0;116.0
2020-10-24 06:00:00;18.7;33.6;80.0;0.0;190.0;60.0;100.0;117.0
2020-10-24 07:00:00;14.8;38.2;80.0;0.0;180.0;50.0;106.0;117.0
2020-10-24 08:00:00;14.5;40.7;90.0;6.0;180.0;60.0;114.0;125.0
2020-10-24 09:00:00;14.7;32.6;100.0;0.0;200.0;70.0;113.0;138.0
2020-10-24 10:00:00;12.5;35.0;120.0;0.0;210.0;80.0;106.0;141.0
2020-10-24 11:00:00;11.1;43.9;130.0;0.0;210.0;80.0;103.0;146.0
2020-10-24 12:00:00;11.6;48.1;110.0;0.0;200.0;80.0;106.0;148.0
2020-10-24 13:00:00;11.6;49.9;120.0;0.0;180.0;80.0;113.0;151.0
2020-10-24 14:00:00;11.1;48.8;140.0;0.0;190.0;90.0;118.0;148.0
2020-10-24 15:00:00;11.8;45.1;130.0;0.0;170.0;70.0;120.0;145.0
2020-10-24 16:00:00;10.8;43.3;110.0;0.0;170.0;70.0;122.0;145.0
2020-10-24 17:00:00;12.3;38.3;100.0;0.0;170.0;70.0;121.0;145.0
2020-10-24 18:00:00;12.0;38.5;130.0;0.0;170.0;80.0;119.0;144.0
2020-10-24 19:00:00;10.3;39.6;150.0;0.0;180.0;90.0;121.0;150.0
2020-10-24 20:00:00;7.8;43.7;160.0;0.0;180.0;90.0;121.0;155.0
2020-10-24 21:00:00;6.1;46.0;160.0;0.0;190.0;100.0;120.0;159.0
2020-10-24 22:00:00;4.8;48.7;170.0;0.0;190.0;110.0;117.0;161.0
2020-10-24 23:00:00;4.0;52.1;170.0;0.0;190.0;120.0;115.0;160.0
2020-10-25 00:00:00;3.6;54.0;170.0;0.0;180.0;110.0;114.0;156.0
2020-10-25 01:00:00;3.6;54.8;170.0;0.0;190.0;110.0;110.0;155.0
2020-10-25 02:00:00;2.4;55.2;170.0;3.0;200.0;110.0;112.0;145.0
2020-10-25 03:00:00;2.8;54.6;150.0;10.0;210.0;90.0;100.0;114.0
2020-10-25 04:00:00;3.8;65.7;90.0;10.0;200.0;60.0;100.0;111.0
2020-10-25 05:00:00;2.6;79.9;90.0;10.0;180.0;60.0;102.0;114.0
2020-10-25 06:00:00;6.4;73.2;90.0;0.0;200.0;60.0;96.0;117.0
2020-10-25 07:00:00;6.1;64.6;100.0;0.0;200.0;70.0;99.0;118.0
2020-10-25 08:00:00;4.7;65.4;100.0;0.0;200.0;70.0;100.0;121.0
2020-10-25 09:00:00;6.7;61.5;100.0;0.0;200.0;70.0;100.0;121.0
2020-10-25 10:00:00;7.6;61.0;100.0;0.0;190.0;70.0;98.0;121.0
2020-10-25 11:00:00;10.0;55.4;110.0;0.0;200.0;60.0;99.0;126.0
2020-10-25 12:00:00;9.7;52.7;100.0;0.0;200.0;60.0;98.0;126.0
2020-10-25 13:00:00;11.3;49.1;80.0;0.0;200.0;60.0;98.0;126.0
2020-10-25 14:00:00;11.8;45.4;80.0;2.0;200.0;60.0;95.0;117.0
2020-10-25 15:00:00;12.1;42.8;70.0;0.0;190.0;50.0;85.0;104.0
2020-10-25 16:00:00;12.2;44.2;90.0;5.0;180.0;50.0;77.0;95.0
2020-10-25 17:00:00;15.8;42.9;80.0;0.0;180.0;50.0;82.0;103.0
2020-10-25 18:00:00;13.5;45.8;80.0;0.0;180.0;50.0;79.0;97.0
2020-10-25 19:00:00;11.0;47.1;100.0;0.0;190.0;60.0;78.0;99.0
2020-10-25 20:00:00;11.4;42.5;70.0;0.0;180.0;50.0;85.0;104.0
2020-10-25 21:00:00;11.8;34.4;80.0;0.0;170.0;50.0;85.0;99.0
2020-10-25 22:00:00;12.6;33.6;70.0;0.0;170.0;50.0;82.0;94.0
2020-10-25 23:00:00;10.5;34.1;70.0;0.0;180.0;50.0;76.0;87.0
2020-10-26 00:00:00;10.3;32.2;70.0;0.0;180.0;40.0;74.0;87.0
2020-10-26 01:00:00;10.7;29.1;60.0;0.0;180.0;40.0;68.0;83.0
2020-10-26 02:00:00;10.1;34.0;70.0;0.0;180.0;40.0;71.0;82.0
2020-10-26 03:00:00;9.5;35.5;70.0;0.0;180.0;50.0;74.0;85.0
2020-10-26 04:00:00;9.4;34.8;80.0;0.0;190.0;50.0;75.0;91.0
2020-10-26 05:00:00;10.0;33.1;110.0;0.0;190.0;60.0;73.0;90.0
2020-10-26 06:00:00;13.1;31.3;110.0;0.0;190.0;70.0;71.0;91.0
2020-10-26 07:00:00;15.3;35.9;110.0;0.0;200.0;70.0;71.0;96.0
2020-10-26 08:00:00;16.1;36.4;130.0;0.0;200.0;80.0;64.0;96.0
2020-10-26 09:00:00;13.2;42.5;140.0;0.0;200.0;90.0;69.0;102.0
2020-10-26 10:00:00;13.6;43.3;140.0;0.0;200.0;90.0;70.0;107.0
2020-10-26 11:00:00;12.1;48.0;130.0;0.0;210.0;90.0;72.0;121.0
2020-10-26 12:00:00;13.7;48.9;120.0;0.0;210.0;80.0;72.0;123.0
2020-10-26 13:00:00;14.2;51.4;130.0;0.0;210.0;80.0;73.0;121.0
2020-10-26 14:00:00;15.5;50.2;110.0;0.0;200.0;80.0;70.0;118.0
2020-10-26 15:00:00;14.0;52.9;110.0;0.0;190.0;70.0;70.0;114.0
2020-10-26 16:00:00;18.2;46.9;110.0;0.0;190.0;60.0;66.0;109.0
2020-10-26 17:00:00;17.5;47.8;110.0;0.0;200.0;70.0;69.0;109.0
2020-10-26 18:00:00;18.1;44.5;120.0;0.0;200.0;80.0;72.0;107.0
2020-10-26 19:00:00;14.1;47.1;120.0;5.0;220.0;80.0;84.0;106.0
2020-10-26 20:00:00;15.4;46.4;120.0;4.0;200.0;70.0;83.0;100.0
2020-10-26 21:00:00;13.0;44.4;100.0;1.0;200.0;60.0;85.0;100.0
2020-10-26 22:00:00;17.9;36.2;90.0;3.0;210.0;60.0;85.0;100.0
2020-10-26 23:00:00;14.3;39.0;70.0;4.0;200.0;50.0;81.0;93.0
2020-10-27 00:00:00;15.2;35.2;110.0;3.0;200.0;60.0;83.0;95.0
2020-10-27 01:00:00;14.9;32.0;100.0;2.0;190.0;60.0;79.0;92.0
2020-10-27 02:00:00;15.7;32.1;90.0;2.0;200.0;60.0;78.0;89.0
2020-10-27 03:00:00;13.4;29.1;80.0;0.0;190.0;50.0;77.0;87.0
2020-10-27 04:00:00;15.7;27.1;70.0;0.0;190.0;50.0;73.0;83.0
2020-10-27 05:00:00;14.1;26.3;90.0;0.0;190.0;60.0;71.0;82.0
2020-10-27 06:00:00;16.7;22.5;90.0;0.0;190.0;60.0;70.0;82.0
2020-10-27 07:00:00;16.7;13.2;90.0;0.0;180.0;60.0;74.0;89.0
2020-10-27 08:00:00;26.6;19.2;100.0;0.0;190.0;70.0;77.0;100.0
2020-10-27 09:00:00;22.9;21.8;120.0;0.0;200.0;80.0;78.0;103.0
2020-10-27 10:00:00;22.3;25.3;120.0;0.0;200.0;90.0;81.0;109.0
2020-10-27 11:00:00;17.8;31.7;130.0;0.0;200.0;90.0;80.0;111.0
2020-10-27 12:00:00;15.5;34.2;130.0;0.0;200.0;90.0;85.0;109.0
2020-10-27 13:00:00;15.5;37.2;120.0;0.0;190.0;80.0;85.0;106.0
2020-10-27 14:00:00;15.6;37.7;120.0;0.0;180.0;70.0;80.0;110.0
2020-10-27 15:00:00;21.4;34.3;100.0;0.0;170.0;70.0;75.0;111.0
2020-10-27 16:00:00;19.4;36.3;140.0;0.0;180.0;80.0;73.0;108.0
2020-10-27 17:00:00;16.8;41.1;140.0;8.0;170.0;90.0;86.0;97.0
2020-10-27 18:00:00;12.6;46.2;150.0;9.0;180.0;90.0;90.0;98.0
2020-10-27 19:00:00;10.1;47.4;130.0;9.0;180.0;90.0;93.0;102.0
2020-10-27 20:00:00;8.7;46.7;130.0;10.0;180.0;90.0;100.0;108.0
2020-10-27 21:00:00;8.1;44.7;140.0;7.0;210.0;90.0;106.0;118.0
2020-10-27 22:00:00;8.5;40.5;130.0;0.0;230.0;80.0;106.0;121.0
2020-10-27 23:00:00;10.5;39.4;110.0;0.0;240.0;70.0;74.0;115.0
2020-10-28 00:00:00;10.5;51.8;100.0;0.0;230.0;60.0;72.0;113.0
2020-10-28 01:00:00;11.1;55.2;100.0;0.0;220.0;50.0;63.0;87.0
2020-10-28 02:00:00;12.5;53.3;60.0;0.0;200.0;40.0;74.0;97.0
2020-10-28 03:00:00;8.7;55.3;80.0;5.0;200.0;40.0;80.0;103.0
2020-10-28 04:00:00;14.0;42.5;110.0;4.0;190.0;70.0;76.0;97.0
2020-10-28 05:00:00;15.5;41.4;90.0;0.0;190.0;60.0;75.0;94.0
2020-10-28 06:00:00;14.5;45.1;100.0;0.0;190.0;60.0;74.0;96.0
2020-10-28 07:00:00;19.1;41.3;90.0;0.0;190.0;60.0;74.0;97.0
2020-10-28 08:00:00;25.0;38.5;110.0;0.0;200.0;70.0;83.0;112.0
2020-10-28 09:00:00;21.6;41.6;130.0;0.0;210.0;90.0;88.0;124.0
2020-10-28 10:00:00;18.4;44.2;150.0;0.0;210.0;100.0;91.0;128.0
2020-10-28 11:00:00;15.8;47.2;160.0;0.0;210.0;100.0;79.0;116.0
2020-10-28 12:00:00;14.0;45.9;150.0;7.0;220.0;90.0;81.0;105.0
2020-10-28 13:00:00;13.8;51.4;130.0;0.0;200.0;70.0;88.0;112.0
2020-10-28 14:00:00;15.9;48.8;140.0;0.0;200.0;90.0;70.0;103.0
2020-10-28 15:00:00;18.0;44.0;180.0;6.0;190.0;100.0;69.0;90.0
2020-10-28 16:00:00;14.8;62.1;100.0;3.0;180.0;70.0;73.0;90.0
2020-10-28 17:00:00;17.5;54.2;100.0;5.0;190.0;70.0;81.0;96.0
2020-10-28 18:00:00;22.2;47.1;100.0;0.0;190.0;70.0;78.0;96.0
2020-10-28 19:00:00;19.0;45.2;90.0;0.0;200.0;60.0;78.0;97.0
2020-10-28 20:00:00;17.4;43.4;120.0;3.0;210.0;80.0;83.0;98.0
2020-10-28 21:00:00;17.0;46.8;120.0;0.0;220.0;80.0;85.0;99.0
2020-10-28 22:00:00;14.1;50.4;110.0;0.0;260.0;70.0;61.0;107.0
2020-10-28 23:00:00;14.8;50.2;120.0;0.0;260.0;70.0;65.0;106.0
2020-10-29 00:00:00;5.8;61.5;110.0;0.0;260.0;70.0;60.0;101.0
2020-10-29 01:00:00;4.7;59.4;110.0;0.0;270.0;70.0;56.0;97.0
2020-10-29 02:00:00;5.0;58.1;110.0;0.0;260.0;70.0;61.0;100.0
2020-10-29 03:00:00;4.6;58.3;100.0;0.0;260.0;70.0;57.0;95.0
2020-10-29 04:00:00;4.2;59.0;110.0;0.0;270.0;80.0;60.0;97.0
2020-10-29 05:00:00;3.6;59.2;110.0;0.0;260.0;70.0;59.0;101.0
2020-10-29 06:00:00;6.6;56.4;100.0;0.0;260.0;70.0;58.0;99.0
2020-10-29 07:00:00;10.8;52.0;90.0;0.0;260.0;70.0;61.0;108.0
2020-10-29 08:00:00;13.8;49.9;100.0;0.0;260.0;70.0;64.0;114.0
2020-10-29 09:00:00;12.6;52.0;100.0;0.0;250.0;70.0;65.0;119.0
2020-10-29 10:00:00;9.2;56.1;100.0;0.0;250.0;60.0;69.0;120.0
2020-10-29 11:00:00;9.2;56.7;100.0;0.0;240.0;60.0;73.0;122.0
2020-10-29 12:00:00;11.3;54.9;80.0;0.0;230.0;60.0;87.0;117.0
2020-10-29 13:00:00;15.9;50.2;110.0;10.0;220.0;70.0;86.0;109.0
2020-10-29 14:00:00;22.7;44.3;80.0;10.0;190.0;50.0;92.0;107.0
2020-10-29 15:00:00;23.0;42.8;80.0;10.0;180.0;50.0;99.0;108.0
2020-10-29 16:00:00;26.4;33.6;100.0;10.0;180.0;60.0;103.0;112.0
2020-10-29 17:00:00;26.7;26.5;110.0;10.0;200.0;70.0;106.0;116.0
2020-10-29 18:00:00;24.8;26.5;110.0;10.0;200.0;70.0;111.0;119.0
2020-10-29 19:00:00;18.7;32.2;90.0;5.0;210.0;60.0;118.0;127.0
2020-10-29 20:00:00;20.1;29.3;100.0;0.0;230.0;70.0;122.0;136.0
2020-10-29 21:00:00;17.1;39.0;120.0;0.0;220.0;90.0;123.0;138.0
2020-10-29 22:00:00;15.8;48.7;120.0;0.0;230.0;80.0;121.0;143.0
2020-10-29 23:00:00;16.1;52.2;140.0;0.0;230.0;100.0;124.0;145.0
2020-10-30 00:00:00;11.5;61.5;150.0;0.0;230.0;100.0;123.0;144.0
2020-10-30 01:00:00;9.3;63.1;150.0;0.0;230.0;100.0;121.0;150.0
2020-10-30 02:00:00;7.9;64.3;150.0;0.0;230.0;100.0;122.0;146.0
2020-10-30 03:00:00;7.6;63.8;150.0;6.0;230.0;100.0;125.0;144.0
2020-10-30 04:00:00;8.7;62.4;140.0;0.0;240.0;90.0;124.0;145.0
2020-10-30 05:00:00;9.5;60.0;150.0;0.0;230.0;100.0;125.0;148.0
2020-10-30 06:00:00;11.9;58.3;170.0;0.0;230.0;100.0;126.0;149.0
2020-10-30 07:00:00;14.2;56.5;150.0;0.0;230.0;100.0;126.0;151.0
2020-10-30 08:00:00;15.8;55.9;140.0;0.0;240.0;100.0;126.0;153.0
2020-10-30 09:00:00;16.7;54.2;160.0;0.0;240.0;110.0;127.0;156.0
2020-10-30 10:00:00;14.1;60.6;170.0;0.0;230.0;110.0;127.0;159.0
2020-10-30 11:00:00;13.9;58.9;170.0;0.0;240.0;110.0;126.0;158.0
2020-10-30 12:00:00;13.7;61.3;170.0;0.0;240.0;110.0;128.0;159.0
2020-10-30 13:00:00;12.5;64.0;170.0;0.0;230.0;110.0;131.0;147.0
2020-10-30 14:00:00;12.1;63.2;150.0;10.0;230.0;90.0;132.0;147.0
2020-10-30 15:00:00;18.1;55.1;140.0;8.0;230.0;90.0;132.0;146.0
2020-10-30 16:00:00;19.7;53.4;130.0;10.0;230.0;80.0;134.0;144.0
2020-10-30 17:00:00;16.0;55.8;130.0;6.0;230.0;80.0;135.0;145.0
2020-10-30 18:00:00;17.1;53.1;110.0;2.0;230.0;70.0;134.0;147.0
2020-10-30 19:00:00;17.9;53.9;120.0;0.0;240.0;80.0;133.0;147.0
2020-10-30 20:00:00;17.6;53.5;110.0;0.0;240.0;80.0;133.0;148.0
2020-10-30 21:00:00;14.9;55.2;110.0;0.0;240.0;70.0;133.0;149.0
2020-10-30 22:00:00;15.4;55.2;110.0;0.0;230.0;70.0;135.0;146.0
2020-10-30 23:00:00;14.9;55.3;100.0;7.0;220.0;50.0;134.0;141.0
2020-10-31 00:00:00;13.8;53.2;80.0;0.0;220.0;50.0;135.0;140.0
2020-10-31 01:00:00;11.7;49.1;80.0;0.0;200.0;50.0;132.0;138.0
2020-10-31 02:00:00;10.3;47.2;70.0;0.0;210.0;50.0;130.0;137.0
2020-10-31 03:00:00;8.4;47.3;80.0;0.0;210.0;50.0;126.0;137.0
2020-10-31 04:00:00;9.1;43.4;70.0;0.0;190.0;50.0;121.0;131.0
2020-10-31 05:00:00;13.1;35.0;60.0;0.0;170.0;40.0;118.0;127.0
2020-10-31 06:00:00;11.9;32.1;80.0;0.0;170.0;50.0;119.0;129.0
2020-10-31 07:00:00;11.6;31.7;80.0;0.0;170.0;60.0;115.0;128.0
2020-10-31 08:00:00;14.0;31.0;90.0;0.0;170.0;60.0;112.0;131.0
2020-10-31 09:00:00;14.4;34.6;100.0;0.0;170.0;60.0;109.0;138.0
2020-10-31 10:00:00;14.1;39.7;110.0;0.0;180.0;70.0;110.0;142.0
2020-10-31 11:00:00;15.5;41.3;110.0;0.0;170.0;70.0;100.0;146.0
2020-10-31 12:00:00;11.7;46.3;120.0;0.0;180.0;80.0;97.0;144.0
2020-10-31 13:00:00;10.3;54.1;100.0;0.0;170.0;70.0;95.0;141.0
2020-10-31 14:00:00;9.6;54.8;100.0;0.0;160.0;70.0;99.0;144.0
2020-10-31 15:00:00;10.2;54.3;110.0;0.0;160.0;80.0;99.0;141.0
2020-10-31 16:00:00;13.3;52.6;100.0;9.0;160.0;70.0;111.0;128.0
2020-10-31 17:00:00;11.2;52.6;110.0;0.0;170.0;80.0;115.0;129.0
2020-10-31 18:00:00;11.2;48.3;100.0;9.0;200.0;70.0;125.0;134.0
2020-10-31 19:00:00;11.2;45.6;130.0;2.0;230.0;90.0;112.0;137.0
2020-10-31 20:00:00;12.1;44.3;140.0;0.0;250.0;80.0;84.0;125.0
2020-10-31 21:00:00;15.6;58.3;110.0;0.0;220.0;50.0;84.0;111.0
2020-10-31 22:00:00;12.8;60.1;50.0;0.0;220.0;40.0;74.0;92.0
2020-10-31 23:00:00;14.5;52.8;50.0;0.0;200.0;40.0;80.0;99.0
2020-11-01 00:00:00;15.0;47.5;60.0;0.0;200.0;40.0;86.0;104.0
2020-11-01 01:00:00;17.9;42.1;70.0;0.0;190.0;50.0;86.0;109.0
2020-11-01 02:00:00;15.0;41.3;60.0;0.0;170.0;50.0;84.0;106.0
2020-11-01 03:00:00;12.7;43.0;60.0;0.0;180.0;50.0;86.0;108.0
2020-11-01 04:00:00;11.8;43.2;70.0;0.0;180.0;50.0;85.0;106.0
2020-11-01 05:00:00;10.5;43.8;80.0;0.0;180.0;60.0;85.0;106.0
2020-11-01 06:00:00;9.4;45.1;80.0;0.0;170.0;60.0;81.0;102.0
2020-11-01 07:00:00;10.7;44.3;100.0;0.0;170.0;70.0;83.0;107.0
2020-11-01 08:00:00;9.0;50.6;110.0;0.0;180.0;70.0;89.0;121.0
2020-11-01 09:00:00;8.7;54.4;110.0;0.0;180.0;80.0;94.0;122.0
2020-11-01 10:00:00;6.8;55.6;120.0;0.0;180.0;80.0;102.0;137.0
2020-11-01 11:00:00;6.8;53.7;130.0;0.0;180.0;90.0;122.0;133.0
2020-11-01 12:00:00;7.5;53.1;120.0;0.0;190.0;80.0;133.0;143.0
2020-11-01 13:00:00;8.0;44.8;130.0;1.0;200.0;90.0;148.0;158.0
2020-11-01 14:00:00;9.3;35.9;190.0;0.0;230.0;110.0;135.0;164.0
2020-11-01 15:00:00;10.1;37.0;180.0;0.0;230.0;120.0;127.0;161.0
2020-11-01 16:00:00;12.1;51.0;170.0;0.0;230.0;110.0;133.0;164.0
2020-11-01 17:00:00;12.2;51.7;160.0;0.0;220.0;100.0;142.0;161.0
2020-11-01 18:00:00;11.9;47.3;130.0;7.0;200.0;80.0;147.0;160.0
2020-11-01 19:00:00;8.3;43.6;110.0;8.0;200.0;70.0;152.0;164.0
2020-11-01 20:00:00;11.1;34.9;130.0;0.0;200.0;80.0;159.0;170.0
2020-11-01 21:00:00;10.1;28.2;140.0;5.0;200.0;100.0;163.0;171.0
2020-11-01 22:00:00;6.6;29.6;150.0;9.0;210.0;100.0;163.0;172.0
2020-11-01 23:00:00;5.8;30.2;160.0;1.0;210.0;100.0;162.0;176.0
2020-11-02 00:00:00;5.5;31.5;160.0;0.0;210.0;110.0;160.0;178.0
2020-11-02 01:00:00;6.0;32.8;170.0;0.0;210.0;110.0;157.0;180.0
2020-11-02 02:00:00;5.6;34.0;180.0;0.0;210.0;110.0;156.0;180.0
2020-11-02 03:00:00;5.5;34.8;180.0;0.0;210.0;120.0;153.0;181.0
2020-11-02 04:00:00;5.3;34.9;170.0;0.0;210.0;110.0;150.0;181.0
2020-11-02 05:00:00;5.6;35.1;180.0;0.0;210.0;110.0;150.0;181.0
2020-11-02 06:00:00;6.8;34.6;170.0;0.0;210.0;110.0;147.0;179.0
2020-11-02 07:00:00;9.5;33.8;160.0;0.0;200.0;100.0;154.0;167.0
2020-11-02 08:00:00;11.5;30.9;160.0;0.0;200.0;110.0;150.0;169.0
2020-11-02 09:00:00;10.7;31.4;170.0;1.0;210.0;110.0;149.0;168.0
2020-11-02 10:00:00;8.6;34.9;170.0;2.0;210.0;110.0;148.0;179.0
2020-11-02 11:00:00;10.0;34.1;240.0;0.0;230.0;140.0;144.0;165.0
2020-11-02 12:00:00;11.5;39.5;210.0;1.0;230.0;120.0;139.0;173.0
2020-11-02 13:00:00;12.2;43.8;200.0;0.0;230.0;120.0;120.0;170.0
2020-11-02 14:00:00;13.9;49.5;200.0;0.0;250.0;130.0;104.0;151.0
2020-11-02 15:00:00;12.6;57.1;170.0;0.0;250.0;110.0;83.0;137.0
2020-11-02 16:00:00;10.3;67.4;130.0;0.0;240.0;90.0;90.0;131.0
2020-11-02 17:00:00;11.0;69.5;140.0;0.0;240.0;80.0;74.0;130.0
2020-11-02 18:00:00;13.4;66.1;120.0;0.0;240.0;80.0;71.0;128.0
2020-11-02 19:00:00;12.8;66.3;110.0;0.0;230.0;80.0;84.0;128.0
2020-11-02 20:00:00;16.8;62.3;120.0;0.0;230.0;80.0;79.0;122.0
2020-11-02 21:00:00;16.8;61.8;140.0;0.0;240.0;90.0;66.0;121.0
2020-11-02 22:00:00;13.9;64.2;140.0;0.0;240.0;90.0;56.0;120.0
2020-11-02 23:00:00;10.4;67.8;170.0;0.0;250.0;100.0;57.0;115.0
2020-11-03 00:00:00;8.8;69.9;140.0;0.0;250.0;90.0;55.0;115.0
2020-11-03 01:00:00;6.5;71.3;130.0;0.0;250.0;80.0;49.0;106.0
2020-11-03 02:00:00;6.0;71.4;100.0;0.0;250.0;70.0;46.0;100.0
2020-11-03 03:00:00;7.1;70.6;90.0;0.0;250.0;60.0;42.0;97.0
2020-11-03 04:00:00;10.0;68.3;70.0;0.0;250.0;50.0;38.0;89.0
2020-11-03 05:00:00;10.8;66.7;60.0;0.0;210.0;40.0;34.0;60.0
2020-11-03 06:00:00;20.8;52.6;50.0;0.0;180.0;30.0;45.0;67.0
2020-11-03 07:00:00;33.3;31.1;60.0;0.0;190.0;40.0;59.0;83.0
2020-11-03 08:00:00;37.6;22.3;70.0;0.0;180.0;50.0;64.0;97.0
2020-11-03 09:00:00;31.3;29.4;80.0;0.0;160.0;50.0;69.0;110.0
2020-11-03 10:00:00;22.2;38.2;120.0;0.0;160.0;80.0;67.0;115.0
2020-11-03 11:00:00;20.0;45.0;140.0;0.0;180.0;90.0;59.0;121.0
2020-11-03 12:00:00;18.3;50.3;170.0;0.0;190.0;110.0;54.0;117.0
2020-11-03 13:00:00;13.8;57.8;180.0;1.0;210.0;120.0;65.0;101.0
2020-11-03 14:00:00;10.7;61.5;180.0;10.0;230.0;100.0;74.0;92.0
2020-11-03 15:00:00;15.1;59.8;150.0;0.0;260.0;100.0;53.0;95.0
2020-11-03 16:00:00;17.9;59.5;130.0;0.0;250.0;80.0;44.0;90.0
2020-11-03 17:00:00;10.3;64.4;100.0;0.0;220.0;60.0;43.0;68.0
2020-11-03 18:00:00;15.6;58.2;80.0;0.0;220.0;50.0;55.0;83.0
2020-11-03 19:00:00;17.8;50.9;120.0;1.0;240.0;60.0;42.0;93.0
2020-11-03 20:00:00;27.4;40.7;130.0;1.0;250.0;60.0;44.0;92.0
2020-11-03 21:00:00;17.6;53.0;110.0;0.0;260.0;70.0;41.0;87.0
2020-11-03 22:00:00;13.0;60.3;100.0;0.0;250.0;60.0;43.0;87.0
2020-11-03 23:00:00;6.6;65.0;80.0;0.0;250.0;50.0;47.0;92.0
2020-11-04 00:00:00;8.1;65.0;80.0;0.0;260.0;50.0;45.0;91.0
2020-11-04 01:00:00;6.5;65.9;80.0;0.0;270.0;60.0;49.0;80.0
2020-11-04 02:00:00;5.1;64.5;80.0;0.0;270.0;50.0;43.0;76.0
2020-11-04 03:00:00;5.8;61.0;60.0;0.0;240.0;40.0;42.0;75.0
2020-11-04 04:00:00;12.8;55.2;50.0;0.0;250.0;40.0;40.0;62.0
2020-11-04 05:00:00;20.6;41.8;40.0;0.0;230.0;30.0;24.0;38.0
2020-11-04 06:00:00;20.0;36.3;40.0;0.0;240.0;30.0;29.0;44.0
2020-11-04 07:00:00;37.4;18.8;40.0;0.0;200.0;30.0;55.0;69.0
2020-11-04 08:00:00;59.2;4.7;40.0;0.0;240.0;30.0;66.0;101.0
2020-11-04 09:00:00;59.1;9.8;50.0;0.0;290.0;30.0;55.0;104.0
2020-11-04 10:00:00;39.5;29.7;60.0;0.0;270.0;40.0;60.0;118.0
2020-11-04 11:00:00;15.4;55.5;60.0;0.0;260.0;40.0;47.0;120.0
2020-11-04 12:00:00;7.8;62.1;70.0;0.0;280.0;50.0;56.0;120.0
2020-11-04 13:00:00;8.7;62.4;70.0;0.0;280.0;50.0;53.0;116.0
2020-11-04 14:00:00;7.5;65.0;80.0;0.0;290.0;50.0;58.0;110.0
2020-11-04 15:00:00;11.4;60.4;70.0;0.0;290.0;40.0;45.0;79.0
2020-11-04 16:00:00;20.6;49.9;50.0;0.0;270.0;30.0;38.0;66.0
2020-11-04 17:00:00;22.8;43.3;40.0;0.0;250.0;30.0;41.0;64.0
2020-11-04 18:00:00;28.9;26.4;20.0;0.0;200.0;20.0;38.0;59.0
2020-11-04 19:00:00;36.1;10.0;30.0;0.0;230.0;20.0;34.0;48.0
2020-11-04 20:00:00;47.4;1.0;30.0;0.0;200.0;10.0;34.0;48.0
2020-11-04 21:00:00;49.6;0.4;30.0;0.0;0.0;10.0;37.0;50.0
2020-11-04 22:00:00;45.9;-0.2;30.0;0.0;210.0;20.0;36.0;47.0
2020-11-04 23:00:00;42.8;-0.7;30.0;0.0;0.0;10.0;29.0;40.0
2020-11-05 00:00:00;42.0;-0.7;30.0;0.0;200.0;20.0;28.0;36.0
2020-11-05 01:00:00;39.3;-0.7;20.0;0.0;180.0;10.0;37.0;41.0
2020-11-05 02:00:00;34.3;-0.7;10.0;0.0;170.0;10.0;47.0;51.0
2020-11-05 03:00:00;37.2;-0.6;20.0;0.0;170.0;10.0;32.0;36.0
2020-11-05 04:00:00;33.8;-0.6;20.0;0.0;160.0;10.0;38.0;41.0
2020-11-05 05:00:00;34.4;-0.5;20.0;0.0;160.0;10.0;29.0;33.0
2020-11-05 06:00:00;41.6;-1.0;20.0;0.0;160.0;10.0;29.0;33.0
2020-11-05 07:00:00;54.8;-1.1;20.0;0.0;150.0;10.0;55.0;59.0
2020-11-05 08:00:00;61.7;0.3;30.0;0.0;190.0;10.0;74.0;84.0
2020-11-05 09:00:00;64.8;3.5;50.0;0.0;220.0;20.0;79.0;108.0
2020-11-05 10:00:00;61.2;8.8;50.0;0.0;230.0;40.0;82.0;114.0
2020-11-05 11:00:00;60.7;8.4;70.0;0.0;250.0;40.0;75.0;122.0
2020-11-05 12:00:00;46.5;20.1;70.0;0.0;250.0;50.0;65.0;121.0
2020-11-05 13:00:00;17.1;48.6;60.0;0.0;280.0;40.0;66.0;115.0
2020-11-05 14:00:00;9.7;56.2;60.0;0.0;270.0;40.0;67.0;111.0
2020-11-05 15:00:00;10.9;55.0;50.0;0.0;270.0;40.0;60.0;89.0
2020-11-05 16:00:00;14.3;51.4;40.0;0.0;270.0;20.0;58.0;94.0
2020-11-05 17:00:00;22.3;36.9;30.0;0.0;210.0;20.0;47.0;73.0
2020-11-05 18:00:00;32.0;23.7;30.0;0.0;200.0;20.0;65.0;87.0
2020-11-05 19:00:00;35.9;12.7;20.0;0.0;0.0;10.0;60.0;77.0
2020-11-05 20:00:00;41.4;9.5;30.0;0.0;170.0;20.0;62.0;76.0
2020-11-05 21:00:00;50.3;0.1;30.0;0.0;180.0;20.0;61.0;80.0
2020-11-05 22:00:00;61.3;-0.6;20.0;0.0;160.0;10.0;59.0;76.0
2020-11-05 23:00:00;50.7;0.6;10.0;0.0;140.0;10.0;59.0;72.0
2020-11-06 00:00:00;46.1;0.5;20.0;0.0;130.0;10.0;59.0;67.0
2020-11-06 01:00:00;41.8;-0.8;20.0;0.0;110.0;10.0;62.0;68.0
2020-11-06 02:00:00;43.2;-0.9;20.0;0.0;140.0;10.0;62.0;71.0
2020-11-06 03:00:00;46.6;-0.8;20.0;0.0;80.0;10.0;62.0;71.0
2020-11-06 04:00:00;42.2;-0.7;20.0;0.0;170.0;10.0;65.0;73.0
2020-11-06 05:00:00;35.6;-0.7;20.0;0.0;80.0;10.0;62.0;73.0
2020-11-06 06:00:00;37.0;-0.8;20.0;0.0;80.0;10.0;57.0;65.0
2020-11-06 07:00:00;40.6;-0.8;20.0;0.0;80.0;10.0;74.0;83.0
2020-11-06 08:00:00;43.0;-0.2;30.0;0.0;120.0;20.0;66.0;93.0
2020-11-06 09:00:00;44.3;2.2;50.0;0.0;120.0;30.0;66.0;103.0
2020-11-06 10:00:00;44.3;12.8;60.0;0.0;120.0;30.0;69.0;111.0
2020-11-06 11:00:00;44.3;17.8;60.0;0.0;120.0;40.0;68.0;121.0
2020-11-06 12:00:00;22.7;26.0;60.0;0.0;120.0;40.0;66.0;123.0
2020-11-06 13:00:00;19.8;28.9;60.0;0.0;100.0;40.0;70.0;124.0
2020-11-06 14:00:00;16.3;33.4;60.0;0.0;90.0;40.0;62.0;115.0
2020-11-06 15:00:00;14.2;37.6;60.0;0.0;90.0;30.0;54.0;94.0
2020-11-06 16:00:00;22.3;25.8;40.0;0.0;80.0;30.0;47.0;71.0
2020-11-06 17:00:00;25.3;21.2;50.0;0.0;90.0;40.0;56.0;83.0
2020-11-06 18:00:00;27.6;18.1;70.0;0.0;90.0;50.0;58.0;87.0
2020-11-06 19:00:00;25.4;19.9;80.0;0.0;100.0;50.0;60.0;85.0
2020-11-06 20:00:00;22.5;25.0;70.0;0.0;100.0;50.0;60.0;81.0
2020-11-06 21:00:00;20.6;18.3;70.0;0.0;100.0;40.0;55.0;71.0
2020-11-06 22:00:00;19.8;17.1;60.0;0.0;110.0;40.0;46.0;62.0
2020-11-06 23:00:00;17.9;19.0;50.0;0.0;110.0;30.0;39.0;52.0
2020-11-07 00:00:00;18.1;18.3;50.0;0.0;110.0;30.0;32.0;50.0
2020-11-07 01:00:00;20.0;15.9;40.0;0.0;120.0;20.0;23.0;40.0
2020-11-07 02:00:00;22.9;12.9;30.0;0.0;140.0;20.0;16.0;32.0
2020-11-07 03:00:00;27.5;8.1;30.0;0.0;160.0;10.0;15.0;33.0
2020-11-07 04:00:00;29.0;5.6;30.0;0.0;130.0;10.0;13.0;34.0
2020-11-07 05:00:00;30.5;4.8;40.0;0.0;140.0;20.0;12.0;36.0
2020-11-07 06:00:00;34.4;0.8;40.0;0.0;140.0;20.0;9.0;31.0
2020-11-07 07:00:00;35.5;-0.4;40.0;0.0;160.0;20.0;22.0;48.0
2020-11-07 08:00:00;33.5;2.8;40.0;0.0;150.0;20.0;37.0;71.0
2020-11-07 09:00:00;32.9;6.1;40.0;0.0;150.0;20.0;51.0;89.0
2020-11-07 10:00:00;28.1;13.7;40.0;0.0;130.0;30.0;67.0;109.0
2020-11-07 11:00:00;25.9;15.9;40.0;0.0;160.0;20.0;74.0;118.0
2020-11-07 12:00:00;27.4;14.8;40.0;0.0;150.0;30.0;75.0;120.0
2020-11-07 13:00:00;27.3;13.4;40.0;0.0;140.0;20.0;80.0;127.0
2020-11-07 14:00:00;26.0;13.8;30.0;0.0;110.0;20.0;80.0;116.0
2020-11-07 15:00:00;26.8;11.4;30.0;0.0;90.0;20.0;64.0;88.0
2020-11-07 16:00:00;30.1;4.5;30.0;0.0;70.0;20.0;66.0;87.0
2020-11-07 17:00:00;33.4;0.0;30.0;0.0;80.0;20.0;60.0;75.0
2020-11-07 18:00:00;31.9;0.2;30.0;0.0;80.0;20.0;70.0;82.0
2020-11-07 19:00:00;32.0;0.2;20.0;0.0;60.0;20.0;66.0;73.0
2020-11-07 20:00:00;25.7;0.0;30.0;0.0;70.0;20.0;64.0;71.0
2020-11-07 21:00:00;24.2;-0.6;20.0;0.0;20.0;10.0;53.0;60.0
2020-11-07 22:00:00;22.1;-0.3;20.0;0.0;60.0;20.0;54.0;56.0
2020-11-07 23:00:00;22.1;0.3;30.0;0.0;40.0;20.0;56.0;61.0
2020-11-08 00:00:00;22.1;-0.8;10.0;0.0;70.0;10.0;43.0;46.0
2020-11-08 01:00:00;22.1;-0.9;20.0;0.0;70.0;10.0;43.0;47.0
2020-11-08 02:00:00;22.1;-0.9;20.0;0.0;60.0;20.0;43.0;46.0
2020-11-08 03:00:00;22.1;-1.0;20.0;0.0;60.0;20.0;45.0;49.0
2020-11-08 04:00:00;22.1;-1.0;30.0;0.0;90.0;20.0;40.0;43.0
2020-11-08 05:00:00;22.1;-0.9;30.0;0.0;70.0;20.0;39.0;42.0
2020-11-08 06:00:00;22.1;-0.9;40.0;0.0;100.0;20.0;46.0;50.0
2020-11-08 07:00:00;22.1;-0.9;40.0;0.0;100.0;20.0;60.0;66.0
2020-11-08 08:00:00;22.1;0.9;30.0;0.0;100.0;20.0;69.0;84.0
2020-11-08 09:00:00;22.1;3.7;40.0;0.0;90.0;20.0;74.0;100.0
2020-11-08 10:00:00;22.1;6.9;40.0;0.0;140.0;30.0;77.0;106.0
2020-11-08 11:00:00;22.1;9.9;40.0;0.0;120.0;20.0;81.0;108.0
2020-11-08 12:00:00;22.1;9.3;40.0;0.0;110.0;30.0;91.0;119.0
2020-11-08 13:00:00;22.1;6.0;40.0;0.0;120.0;30.0;98.0;130.0
2020-11-08 14:00:00;22.1;7.8;40.0;0.0;120.0;30.0;91.0;112.0
2020-11-08 15:00:00;22.1;5.5;30.0;0.0;100.0;20.0;87.0;106.0
2020-11-08 16:00:00;22.1;0.9;20.0;0.0;90.0;20.0;88.0;103.0
2020-11-08 17:00:00;22.1;-0.6;30.0;0.0;90.0;20.0;87.0;99.0
2020-11-08 18:00:00;22.1;-0.3;40.0;0.0;100.0;20.0;89.0;102.0
2020-11-08 19:00:00;22.1;-0.2;30.0;0.0;80.0;10.0;86.0;97.0
2020-11-08 20:00:00;22.1;0.0;30.0;0.0;130.0;10.0;89.0;104.0
2020-11-08 21:00:00;22.1;-0.4;50.0;0.0;110.0;20.0;98.0;113.0
2020-11-08 22:00:00;22.1;-0.8;50.0;0.0;100.0;30.0;94.0;107.0
2020-11-08 23:00:00;22.1;-0.9;40.0;0.0;120.0;20.0;98.0;116.0
2020-11-09 00:00:00;22.1;-0.9;40.0;0.0;120.0;20.0;96.0;107.0
2020-11-09 01:00:00;22.1;-0.8;30.0;0.0;160.0;10.0;98.0;106.0
2020-11-09 02:00:00;22.1;-1.0;40.0;0.0;140.0;20.0;100.0;111.0
2020-11-09 03:00:00;22.1;-1.1;40.0;0.0;130.0;30.0;99.0;110.0
2020-11-09 04:00:00;22.1;-1.2;50.0;0.0;130.0;30.0;95.0;105.0
2020-11-09 05:00:00;22.1;-1.1;40.0;0.0;110.0;10.0;95.0;106.0
2020-11-09 06:00:00;22.1;-1.2;50.0;0.0;140.0;40.0;92.0;103.0
2020-11-09 07:00:00;22.1;-1.0;40.0;0.0;130.0;30.0;99.0;112.0
2020-11-09 08:00:00;22.1;-0.8;60.0;0.0;150.0;30.0;105.0;122.0
2020-11-09 09:00:00;22.1;0.2;50.0;0.0;140.0;30.0;115.0;143.0
2020-11-09 10:00:00;22.1;0.2;60.0;0.0;150.0;40.0;113.0;156.0
2020-11-09 11:00:00;22.1;0.2;60.0;0.0;160.0;40.0;113.0;162.0
2020-11-09 12:00:00;22.1;21.0;60.0;0.0;140.0;40.0;118.0;170.0
2020-11-09 13:00:00;35.0;18.3;50.0;0.0;140.0;40.0;117.0;164.0
2020-11-09 14:00:00;33.8;16.8;60.0;0.0;160.0;30.0;118.0;153.0
2020-11-09 15:00:00;48.3;10.7;30.0;0.0;120.0;20.0;114.0;146.0
2020-11-09 16:00:00;53.0;1.1;30.0;0.0;100.0;20.0;108.0;122.0
2020-11-09 17:00:00;52.9;-1.0;30.0;0.0;110.0;20.0;113.0;126.0
2020-11-09 18:00:00;51.5;-0.8;20.0;0.0;100.0;10.0;109.0;126.0
2020-11-09 19:00:00;50.7;-0.6;40.0;0.0;130.0;20.0;113.0;129.0
2020-11-09 20:00:00;46.9;-1.0;40.0;0.0;140.0;30.0;112.0;125.0
2020-11-09 21:00:00;39.6;-0.9;30.0;0.0;120.0;10.0;116.0;126.0
2020-11-09 22:00:00;37.3;-0.8;30.0;0.0;80.0;10.0;106.0;113.0
2020-11-09 23:00:00;33.2;-1.0;30.0;0.0;80.0;20.0;113.0;119.0
2020-11-10 00:00:00;29.0;-1.2;20.0;0.0;60.0;10.0;109.0;112.0
2020-11-10 01:00:00;28.0;-1.0;20.0;0.0;80.0;10.0;104.0;106.0
2020-11-10 02:00:00;28.1;-1.0;30.0;0.0;90.0;20.0;98.0;101.0
2020-11-10 03:00:00;23.8;-1.0;40.0;0.0;100.0;20.0;105.0;112.0
2020-11-10 04:00:00;22.6;-1.0;30.0;0.0;110.0;20.0;105.0;108.0
2020-11-10 05:00:00;22.7;-1.0;20.0;0.0;90.0;10.0;101.0;107.0
2020-11-10 06:00:00;20.4;-1.0;30.0;0.0;80.0;20.0;99.0;104.0
2020-11-10 07:00:00;22.1;-1.0;30.0;0.0;130.0;20.0;104.0;112.0
2020-11-10 08:00:00;21.8;-0.7;40.0;0.0;140.0;30.0;110.0;122.0
2020-11-10 09:00:00;23.8;-0.3;40.0;0.0;140.0;30.0;113.0;125.0
2020-11-10 10:00:00;28.0;0.9;40.0;0.0;110.0;20.0;115.0;135.0
2020-11-10 11:00:00;28.9;1.3;30.0;0.0;170.0;20.0;122.0;146.0
2020-11-10 12:00:00;33.1;1.3;20.0;0.0;200.0;10.0;127.0;160.0
2020-11-10 13:00:00;33.4;4.2;40.0;0.0;230.0;20.0;126.0;151.0
2020-11-10 14:00:00;35.2;2.7;30.0;0.0;190.0;10.0;126.0;145.0
2020-11-10 15:00:00;37.1;-0.1;50.0;0.0;270.0;30.0;119.0;135.0
2020-11-10 16:00:00;33.9;-0.8;40.0;0.0;280.0;30.0;109.0;118.0
2020-11-10 17:00:00;25.4;-1.1;30.0;0.0;260.0;10.0;119.0;124.0
2020-11-10 18:00:00;28.1;-1.1;30.0;0.0;300.0;10.0;120.0;127.0
2020-11-10 19:00:00;39.2;-0.8;20.0;0.0;170.0;10.0;116.0;120.0
2020-11-10 20:00:00;35.9;-1.1;30.0;0.0;210.0;20.0;120.0;124.0
2020-11-10 21:00:00;31.1;-0.9;30.0;0.0;190.0;20.0;116.0;120.0
2020-11-10 22:00:00;32.5;-0.6;20.0;0.0;160.0;10.0;117.0;122.0
2020-11-10 23:00:00;42.8;0.6;40.0;0.0;190.0;20.0;109.0;114.0
2020-11-11 00:00:00;43.2;-0.7;40.0;0.0;190.0;30.0;115.0;118.0
2020-11-11 01:00:00;41.1;-0.2;40.0;0.0;160.0;20.0;110.0;111.0
2020-11-11 02:00:00;40.4;-1.3;30.0;0.0;170.0;20.0;109.0;110.0
2020-11-11 03:00:00;37.6;-1.2;30.0;0.0;170.0;20.0;113.0;113.0
2020-11-11 04:00:00;36.8;-1.3;40.0;0.0;170.0;30.0;110.0;111.0
2020-11-11 05:00:00;36.8;-1.4;40.0;0.0;160.0;30.0;106.0;109.0
2020-11-11 06:00:00;36.3;-1.4;40.0;0.0;170.0;30.0;108.0;109.0
2020-11-11 07:00:00;38.2;-1.3;50.0;0.0;170.0;30.0;109.0;112.0
2020-11-11 08:00:00;32.8;1.3;50.0;0.0;150.0;40.0;112.0;116.0
2020-11-11 09:00:00;26.4;1.3;60.0;0.0;150.0;40.0;109.0;116.0
2020-11-11 10:00:00;26.2;1.3;60.0;0.0;160.0;40.0;109.0;119.0
2020-11-11 11:00:00;28.0;14.2;80.0;0.0;170.0;50.0;103.0;112.0
2020-11-11 12:00:00;24.7;22.1;80.0;0.0;160.0;50.0;103.0;119.0
2020-11-11 13:00:00;17.8;32.2;70.0;0.0;150.0;50.0;107.0;126.0
2020-11-11 14:00:00;19.1;30.0;80.0;0.0;160.0;50.0;101.0;120.0
2020-11-11 15:00:00;26.4;26.4;60.0;0.0;140.0;40.0;98.0;111.0
2020-11-11 16:00:00;22.3;29.4;70.0;0.0;140.0;50.0;100.0;114.0
2020-11-11 17:00:00;38.4;11.7;80.0;0.0;150.0;50.0;93.0;110.0
2020-11-11 18:00:00;39.1;8.8;70.0;0.0;150.0;50.0;87.0;109.0
2020-11-11 19:00:00;37.7;10.2;70.0;0.0;150.0;50.0;87.0;108.0
2020-11-11 20:00:00;34.4;14.9;80.0;0.0;150.0;60.0;91.0;110.0
2020-11-11 21:00:00;31.5;15.5;90.0;0.0;150.0;50.0;94.0;111.0
2020-11-11 22:00:00;26.0;13.3;100.0;0.0;150.0;70.0;91.0;108.0
2020-11-11 23:00:00;32.3;6.2;100.0;0.0;160.0;70.0;88.0;105.0
2020-11-12 00:00:00;22.9;19.6;100.0;0.0;150.0;70.0;86.0;102.0
2020-11-12 01:00:00;14.9;26.6;100.0;0.0;150.0;70.0;85.0;102.0
2020-11-12 02:00:00;13.9;23.4;110.0;0.0;150.0;70.0;85.0;102.0
2020-11-12 03:00:00;11.9;25.1;110.0;0.0;160.0;70.0;87.0;105.0
2020-11-12 04:00:00;10.8;26.3;100.0;0.0;150.0;70.0;89.0;106.0
2020-11-12 05:00:00;12.8;25.8;100.0;10.0;180.0;70.0;96.0;108.0
2020-11-12 06:00:00;11.7;28.7;90.0;3.0;190.0;60.0;91.0;109.0
2020-11-12 07:00:00;15.3;26.2;110.0;1.0;210.0;70.0;85.0;107.0
2020-11-12 08:00:00;23.1;27.1;100.0;0.0;200.0;70.0;92.0;113.0
2020-11-12 09:00:00;23.8;43.1;140.0;3.0;210.0;80.0;79.0;101.0
2020-11-12 10:00:00;23.8;42.1;100.0;0.0;210.0;70.0;92.0;105.0
2020-11-12 11:00:00;17.1;42.1;80.0;0.0;220.0;50.0;100.0;122.0
2020-11-12 12:00:00;19.7;42.1;120.0;1.0;250.0;70.0;96.0;125.0
2020-11-12 13:00:00;19.7;51.9;120.0;0.0;250.0;80.0;85.0;120.0
2020-11-12 14:00:00;10.0;59.0;110.0;0.0;260.0;70.0;85.0;119.0
2020-11-12 15:00:00;11.2;56.2;90.0;0.0;240.0;60.0;78.0;110.0
2020-11-12 16:00:00;16.0;52.6;80.0;0.0;220.0;50.0;74.0;100.0
2020-11-12 17:00:00;25.9;44.8;70.0;0.0;220.0;40.0;61.0;79.0
2020-11-12 18:00:00;30.5;39.4;50.0;0.0;210.0;40.0;59.0;73.0
2020-11-12 19:00:00;31.0;37.3;50.0;0.0;200.0;40.0;65.0;82.0
2020-11-12 20:00:00;33.5;32.8;50.0;0.0;190.0;30.0;64.0;80.0
2020-11-12 21:00:00;35.9;27.0;60.0;0.0;180.0;40.0;64.0;79.0
2020-11-12 22:00:00;28.5;26.6;60.0;0.0;180.0;40.0;61.0;73.0
2020-11-12 23:00:00;27.9;21.6;50.0;0.0;160.0;40.0;59.0;69.0
2020-11-13 00:00:00;28.8;17.9;60.0;0.0;170.0;40.0;59.0;70.0
2020-11-13 01:00:00;27.1;17.3;60.0;0.0;170.0;40.0;56.0;67.0
2020-11-13 02:00:00;25.4;17.2;60.0;0.0;170.0;40.0;52.0;64.0
2020-11-13 03:00:00;24.0;18.2;80.0;0.0;170.0;50.0;51.0;63.0
2020-11-13 04:00:00;28.2;12.9;70.0;0.0;160.0;50.0;51.0;63.0
2020-11-13 05:00:00;28.9;14.8;60.0;0.0;160.0;40.0;48.0;60.0
2020-11-13 06:00:00;24.5;18.3;70.0;0.0;160.0;40.0;47.0;60.0
2020-11-13 07:00:00;35.4;9.5;80.0;0.0;160.0;60.0;57.0;73.0
2020-11-13 08:00:00;33.3;15.6;100.0;0.0;170.0;60.0;63.0;86.0
2020-11-13 09:00:00;29.5;24.0;100.0;0.0;180.0;60.0;72.0;95.0
2020-11-13 10:00:00;24.5;30.1;80.0;0.0;170.0;50.0;80.0;94.0
2020-11-13 11:00:00;21.4;28.3;90.0;0.0;180.0;50.0;91.0;104.0
2020-11-13 12:00:00;24.0;24.9;100.0;0.0;190.0;60.0;102.0;117.0
2020-11-13 13:00:00;23.9;21.1;90.0;0.0;190.0;60.0;105.0;119.0
2020-11-13 14:00:00;26.5;16.2;80.0;0.0;200.0;50.0;109.0;125.0
2020-11-13 15:00:00;31.5;10.7;80.0;0.0;210.0;50.0;108.0;127.0
2020-11-13 16:00:00;33.1;11.4;80.0;0.0;200.0;50.0;107.0;124.0
2020-11-13 17:00:00;38.9;10.3;70.0;0.0;210.0;40.0;110.0;123.0
2020-11-13 18:00:00;35.8;7.8;60.0;0.0;220.0;40.0;112.0;120.0
2020-11-13 19:00:00;31.1;11.5;60.0;0.0;230.0;40.0;106.0;119.0
2020-11-13 20:00:00;34.9;11.0;50.0;0.0;230.0;40.0;102.0;111.0
2020-11-13 21:00:00;36.1;18.1;50.0;0.0;220.0;30.0;84.0;90.0
2020-11-13 22:00:00;30.9;23.4;40.0;0.0;200.0;30.0;76.0;79.0
2020-11-13 23:00:00;25.4;25.8;40.0;0.0;200.0;30.0;70.0;73.0
2020-11-14 00:00:00;27.1;15.6;40.0;0.0;190.0;30.0;84.0;89.0
2020-11-14 01:00:00;36.2;5.9;40.0;0.0;190.0;30.0;81.0;88.0
2020-11-14 02:00:00;43.6;2.5;40.0;0.0;180.0;30.0;81.0;88.0
2020-11-14 03:00:00;36.1;12.0;40.0;0.0;170.0;30.0;80.0;85.0
2020-11-14 04:00:00;31.8;10.8;40.0;0.0;170.0;30.0;83.0;91.0
2020-11-14 05:00:00;24.7;13.4;40.0;3.0;150.0;30.0;85.0;95.0
2020-11-14 06:00:00;23.1;17.5;50.0;7.0;160.0;40.0;91.0;99.0
2020-11-14 07:00:00;27.4;16.7;50.0;8.0;160.0;40.0;100.0;105.0
2020-11-14 08:00:00;28.6;24.3;70.0;0.0;160.0;50.0;108.0;115.0
2020-11-14 09:00:00;27.6;21.5;90.0;6.0;170.0;50.0;117.0;123.0
2020-11-14 10:00:00;21.2;18.3;90.0;0.0;170.0;60.0;118.0;129.0
2020-11-14 11:00:00;17.0;17.5;100.0;0.0;190.0;60.0;119.0;136.0
2020-11-14 12:00:00;14.2;23.0;110.0;0.0;200.0;70.0;117.0;141.0
2020-11-14 13:00:00;15.5;26.6;100.0;0.0;190.0;70.0;110.0;139.0
2020-11-14 14:00:00;15.6;33.0;90.0;0.0;170.0;60.0;106.0;131.0
2020-11-14 15:00:00;22.4;30.4;80.0;0.0;160.0;50.0;104.0;125.0
2020-11-14 16:00:00;26.4;27.8;100.0;0.0;160.0;60.0;100.0;123.0
2020-11-14 17:00:00;17.8;36.1;100.0;0.0;160.0;70.0;99.0;126.0
2020-11-14 18:00:00;15.5;38.6;100.0;0.0;170.0;70.0;100.0;127.0
2020-11-14 19:00:00;15.1;39.0;110.0;0.0;170.0;80.0;100.0;130.0
2020-11-14 20:00:00;10.7;43.7;110.0;0.0;170.0;80.0;98.0;129.0
2020-11-14 21:00:00;8.8;45.1;120.0;0.0;180.0;80.0;96.0;131.0
2020-11-14 22:00:00;7.6;44.6;110.0;1.0;180.0;70.0;98.0;129.0
2020-11-14 23:00:00;6.6;43.9;100.0;0.0;180.0;70.0;99.0;129.0
2020-11-15 00:00:00;6.6;42.4;100.0;0.0;180.0;60.0;101.0;132.0
2020-11-15 01:00:00;6.9;40.8;100.0;0.0;170.0;60.0;100.0;131.0
2020-11-15 02:00:00;6.7;40.7;90.0;0.0;170.0;60.0;99.0;125.0
2020-11-15 03:00:00;8.2;39.6;110.0;0.0;170.0;70.0;98.0;129.0
2020-11-15 04:00:00;7.3;42.0;110.0;0.0;170.0;70.0;93.0;121.0
2020-11-15 05:00:00;5.1;45.3;110.0;0.0;170.0;70.0;93.0;124.0
2020-11-15 06:00:00;6.4;45.5;110.0;0.0;170.0;80.0;96.0;129.0
2020-11-15 07:00:00;5.9;46.3;130.0;0.0;160.0;90.0;97.0;134.0
2020-11-15 08:00:00;5.9;48.0;140.0;0.0;170.0;90.0;100.0;138.0
2020-11-15 09:00:00;5.2;49.4;130.0;0.0;160.0;90.0;103.0;147.0
2020-11-15 10:00:00;4.3;48.6;170.0;0.0;170.0;110.0;102.0;150.0
2020-11-15 11:00:00;5.3;49.8;150.0;5.0;170.0;100.0;108.0;142.0
2020-11-15 12:00:00;5.2;50.4;140.0;10.0;160.0;90.0;113.0;134.0
2020-11-15 13:00:00;5.8;49.4;150.0;10.0;170.0;100.0;115.0;133.0
2020-11-15 14:00:00;6.0;48.3;150.0;10.0;170.0;100.0;117.0;130.0
2020-11-15 15:00:00;6.5;48.2;190.0;6.0;240.0;100.0;78.0;100.0
2020-11-15 16:00:00;6.8;45.9;160.0;6.0;210.0;70.0;74.0;102.0
2020-11-15 17:00:00;9.2;67.6;100.0;0.0;200.0;70.0;80.0;102.0
2020-11-15 18:00:00;10.9;65.7;110.0;0.0;200.0;70.0;72.0;101.0
2020-11-15 19:00:00;13.6;59.5;120.0;0.0;200.0;80.0;62.0;98.0
2020-11-15 20:00:00;13.6;59.9;130.0;0.0;200.0;90.0;65.0;104.0
2020-11-15 21:00:00;8.8;63.1;140.0;6.0;220.0;90.0;70.0;92.0
2020-11-15 22:00:00;9.5;61.8;140.0;0.0;220.0;100.0;71.0;95.0
2020-11-15 23:00:00;5.0;65.9;140.0;0.0;220.0;90.0;59.0;92.0
2020-11-16 00:00:00;6.4;69.7;110.0;0.0;220.0;70.0;64.0;92.0
2020-11-16 01:00:00;6.5;68.7;120.0;0.0;210.0;80.0;71.0;96.0
2020-11-16 02:00:00;6.5;62.9;120.0;8.0;220.0;90.0;73.0;96.0
2020-11-16 03:00:00;7.6;61.7;130.0;3.0;210.0;90.0;77.0;95.0
2020-11-16 04:00:00;7.8;63.5;90.0;0.0;210.0;60.0;81.0;98.0
2020-11-16 05:00:00;8.9;59.3;80.0;0.0;210.0;60.0;79.0;100.0
2020-11-16 06:00:00;12.0;53.9;90.0;0.0;210.0;60.0;81.0;102.0
2020-11-16 07:00:00;16.3;48.4;110.0;6.0;230.0;60.0;98.0;108.0
2020-11-16 08:00:00;27.2;37.8;110.0;0.0;250.0;70.0;97.0;122.0
2020-11-16 09:00:00;27.2;35.0;130.0;0.0;250.0;80.0;94.0;125.0
2020-11-16 10:00:00;16.9;48.9;130.0;0.0;250.0;80.0;98.0;125.0
2020-11-16 11:00:00;16.6;51.0;140.0;4.0;260.0;90.0;100.0;123.0
2020-11-16 12:00:00;10.4;53.8;120.0;0.0;260.0;80.0;90.0;123.0
2020-11-16 13:00:00;8.7;53.7;120.0;0.0;250.0;80.0;90.0;116.0
2020-11-16 14:00:00;12.2;54.7;150.0;1.0;240.0;70.0;84.0;107.0
2020-11-16 15:00:00;14.0;52.9;100.0;0.0;260.0;60.0;75.0;110.0
2020-11-16 16:00:00;20.2;49.9;120.0;0.0;260.0;60.0;62.0;107.0
2020-11-16 17:00:00;12.7;58.0;80.0;0.0;240.0;50.0;59.0;102.0
2020-11-16 18:00:00;12.2;59.4;70.0;0.0;230.0;50.0;63.0;98.0
2020-11-16 19:00:00;25.9;45.5;60.0;0.0;220.0;40.0;64.0;89.0
2020-11-16 20:00:00;27.2;42.4;60.0;0.0;200.0;40.0;69.0;98.0
2020-11-16 21:00:00;23.4;43.6;90.0;0.0;210.0;60.0;76.0;101.0
2020-11-16 22:00:00;25.0;33.4;80.0;0.0;210.0;60.0;84.0;104.0
2020-11-16 23:00:00;25.3;29.9;110.0;0.0;210.0;70.0;91.0;107.0
2020-11-17 00:00:00;19.3;40.5;120.0;0.0;210.0;80.0;98.0;111.0
2020-11-17 01:00:00;13.1;46.9;120.0;0.0;210.0;80.0;102.0;112.0
2020-11-17 02:00:00;10.3;52.1;130.0;9.0;210.0;80.0;104.0;112.0
2020-11-17 03:00:00;10.0;49.3;120.0;9.0;220.0;80.0;108.0;115.0
2020-11-17 04:00:00;9.7;47.0;130.0;5.0;230.0;80.0;115.0;126.0
2020-11-17 05:00:00;10.1;47.0;140.0;0.0;230.0;90.0;114.0;129.0
2020-11-17 06:00:00;19.7;49.2;140.0;0.0;230.0;90.0;112.0;130.0
2020-11-17 07:00:00;21.8;47.2;140.0;0.0;230.0;90.0;107.0;129.0
2020-11-17 08:00:00;26.0;46.2;120.0;0.0;230.0;90.0;106.0;130.0
2020-11-17 09:00:00;27.4;44.7;120.0;0.0;220.0;90.0;104.0;131.0
2020-11-17 10:00:00;29.8;43.7;120.0;0.0;230.0;80.0;100.0;133.0
2020-11-17 11:00:00;29.6;41.3;130.0;0.0;230.0;90.0;103.0;130.0
2020-11-17 12:00:00;26.9;50.5;130.0;0.0;230.0;90.0;104.0;134.0
2020-11-17 13:00:00;21.2;56.2;130.0;0.0;210.0;80.0;106.0;130.0
2020-11-17 14:00:00;25.5;49.6;130.0;0.0;220.0;80.0;102.0;129.0
2020-11-17 15:00:00;21.4;49.9;100.0;0.0;210.0;60.0;101.0;121.0
2020-11-17 16:00:00;20.2;50.5;90.0;0.0;220.0;70.0;102.0;124.0
2020-11-17 17:00:00;21.3;49.1;110.0;0.0;220.0;70.0;103.0;125.0
2020-11-17 18:00:00;23.9;45.5;100.0;0.0;220.0;70.0;102.0;123.0
2020-11-17 19:00:00;17.4;46.4;100.0;0.0;210.0;70.0;100.0;123.0
2020-11-17 20:00:00;19.0;43.9;100.0;0.0;200.0;60.0;97.0;121.0
2020-11-17 21:00:00;15.9;46.4;90.0;0.0;210.0;60.0;96.0;123.0
2020-11-17 22:00:00;15.5;46.8;90.0;0.0;210.0;60.0;93.0;122.0
2020-11-17 23:00:00;15.1;47.7;90.0;0.0;210.0;60.0;94.0;122.0
2020-11-18 00:00:00;13.2;51.8;90.0;0.0;210.0;60.0;93.0;121.0
2020-11-18 01:00:00;11.6;52.6;90.0;0.0;210.0;60.0;94.0;121.0
2020-11-18 02:00:00;11.8;48.5;80.0;0.0;200.0;50.0;94.0;118.0
2020-11-18 03:00:00;15.3;38.2;70.0;0.0;180.0;50.0;89.0;110.0
2020-11-18 04:00:00;12.9;36.4;70.0;0.0;190.0;50.0;86.0;107.0
2020-11-18 05:00:00;13.3;32.8;70.0;0.0;170.0;50.0;87.0;104.0
2020-11-18 06:00:00;19.2;22.0;70.0;0.0;180.0;50.0;89.0;110.0
2020-11-18 07:00:00;25.3;20.8;100.0;0.0;180.0;60.0;80.0;109.0
2020-11-18 08:00:00;23.1;29.7;100.0;0.0;170.0;60.0;82.0;111.0
2020-11-18 09:00:00;18.1;39.2;110.0;0.0;180.0;70.0;82.0;117.0
2020-11-18 10:00:00;14.6;44.0;110.0;0.0;180.0;70.0;84.0;125.0
2020-11-18 11:00:00;14.1;45.1;110.0;0.0;180.0;70.0;88.0;137.0
2020-11-18 12:00:00;15.5;42.8;120.0;0.0;170.0;80.0;90.0;139.0
2020-11-18 13:00:00;16.6;42.3;110.0;0.0;170.0;80.0;89.0;142.0
2020-11-18 14:00:00;18.5;41.3;100.0;0.0;170.0;70.0;86.0;139.0
2020-11-18 15:00:00;20.1;39.4;100.0;0.0;170.0;70.0;81.0;136.0
2020-11-18 16:00:00;26.8;34.9;100.0;0.0;170.0;70.0;79.0;133.0
2020-11-18 17:00:00;25.4;34.1;100.0;0.0;190.0;70.0;79.0;136.0
2020-11-18 18:00:00;22.8;33.8;130.0;0.0;210.0;90.0;83.0;143.0
2020-11-18 19:00:00;24.3;33.4;140.0;0.0;220.0;100.0;98.0;141.0
2020-11-18 20:00:00;21.7;34.1;120.0;0.0;220.0;90.0;115.0;141.0
2020-11-18 21:00:00;19.5;32.6;150.0;3.0;210.0;100.0;118.0;128.0
2020-11-18 22:00:00;14.2;35.1;150.0;10.0;240.0;90.0;107.0;118.0
2020-11-18 23:00:00;14.1;43.5;140.0;5.0;270.0;80.0;66.0;110.0
2020-11-19 00:00:00;6.9;64.3;130.0;0.0;260.0;80.0;66.0;109.0
2020-11-19 01:00:00;3.0;68.8;140.0;0.0;250.0;90.0;44.0;99.0
2020-11-19 02:00:00;3.0;68.6;140.0;0.0;240.0;90.0;46.0;100.0
2020-11-19 03:00:00;4.5;68.8;170.0;0.0;250.0;100.0;49.0;104.0
2020-11-19 04:00:00;8.5;67.0;160.0;0.0;250.0;100.0;55.0;109.0
2020-11-19 05:00:00;8.2;69.5;170.0;1.0;250.0;100.0;57.0;102.0
2020-11-19 06:00:00;8.9;68.0;160.0;3.0;260.0;100.0;66.0;101.0
2020-11-19 07:00:00;8.3;63.8;150.0;0.0;260.0;100.0;67.0;100.0
2020-11-19 08:00:00;9.4;61.4;150.0;1.0;270.0;90.0;73.0;97.0
2020-11-19 09:00:00;9.3;59.6;140.0;2.0;290.0;90.0;70.0;97.0
2020-11-19 10:00:00;10.8;55.6;130.0;2.0;310.0;50.0;75.0;103.0
2020-11-19 11:00:00;17.5;50.8;120.0;1.0;330.0;70.0;62.0;97.0
2020-11-19 12:00:00;7.2;61.1;120.0;1.0;320.0;70.0;52.0;95.0
2020-11-19 13:00:00;5.5;61.0;110.0;1.0;330.0;70.0;47.0;96.0
2020-11-19 14:00:00;6.2;63.1;130.0;3.0;320.0;60.0;37.0;79.0
2020-11-19 15:00:00;7.2;65.9;120.0;0.0;340.0;70.0;29.0;74.0
2020-11-19 16:00:00;10.4;60.3;110.0;1.0;330.0;50.0;32.0;68.0
2020-11-19 17:00:00;15.3;52.9;60.0;0.0;320.0;30.0;29.0;59.0
2020-11-19 18:00:00;10.4;55.6;60.0;2.0;300.0;30.0;41.0;58.0
2020-11-19 19:00:00;8.7;50.8;30.0;0.0;290.0;20.0;24.0;48.0
2020-11-19 20:00:00;30.8;29.2;50.0;0.0;330.0;20.0;16.0;37.0
2020-11-19 21:00:00;12.4;55.3;80.0;0.0;320.0;40.0;31.0;62.0
2020-11-19 22:00:00;7.2;58.4;50.0;0.0;290.0;20.0;28.0;52.0
2020-11-19 23:00:00;8.0;52.8;100.0;2.0;300.0;50.0;17.0;67.0
2020-11-20 00:00:00;18.4;43.5;110.0;0.0;310.0;40.0;16.0;50.0
2020-11-20 01:00:00;10.6;46.4;90.0;0.0;310.0;40.0;21.0;62.0
2020-11-20 02:00:00;13.1;51.2;60.0;0.0;290.0;30.0;24.0;62.0
2020-11-20 03:00:00;8.8;64.4;90.0;0.0;310.0;50.0;27.0;66.0
2020-11-20 04:00:00;12.1;64.9;110.0;2.0;330.0;50.0;29.0;61.0
2020-11-20 05:00:00;11.6;60.3;70.0;0.0;290.0;30.0;33.0;61.0
2020-11-20 06:00:00;17.9;52.1;30.0;0.0;190.0;10.0;30.0;58.0
2020-11-20 07:00:00;20.0;42.0;50.0;0.0;270.0;30.0;22.0;60.0
2020-11-20 08:00:00;46.1;24.1;40.0;0.0;270.0;30.0;23.0;71.0
2020-11-20 09:00:00;52.3;23.0;40.0;0.0;240.0;20.0;23.0;83.0
2020-11-20 10:00:00;40.6;27.6;50.0;0.0;220.0;30.0;33.0;81.0
2020-11-20 11:00:00;57.9;12.9;70.0;0.0;220.0;40.0;34.0;82.0
2020-11-20 12:00:00;49.3;17.0;80.0;0.0;210.0;40.0;29.0;78.0
2020-11-20 13:00:00;26.7;48.3;70.0;0.0;210.0;40.0;25.0;79.0
2020-11-20 14:00:00;18.8;52.1;60.0;0.0;210.0;40.0;22.0;72.0
2020-11-20 15:00:00;26.8;44.3;70.0;0.0;200.0;50.0;17.0;60.0
2020-11-20 16:00:00;28.1;42.2;60.0;0.0;190.0;40.0;15.0;52.0
2020-11-20 17:00:00;37.8;31.2;60.0;0.0;190.0;50.0;17.0;49.0
2020-11-20 18:00:00;33.7;28.8;80.0;0.0;190.0;50.0;25.0;59.0
2020-11-20 19:00:00;34.0;24.7;90.0;0.0;190.0;60.0;22.0;58.0
2020-11-20 20:00:00;38.6;19.8;100.0;0.0;190.0;70.0;20.0;58.0
2020-11-20 21:00:00;32.9;23.6;90.0;0.0;180.0;70.0;16.0;58.0
2020-11-20 22:00:00;35.1;21.1;90.0;0.0;190.0;70.0;18.0;61.0
2020-11-20 23:00:00;31.9;24.2;100.0;0.0;180.0;70.0;22.0;62.0
2020-11-21 00:00:00;28.5;26.6;90.0;0.0;180.0;70.0;28.0;62.0
2020-11-21 01:00:00;24.4;28.0;90.0;0.0;190.0;60.0;42.0;63.0
2020-11-21 02:00:00;26.2;24.4;110.0;0.0;200.0;70.0;54.0;71.0
2020-11-21 03:00:00;24.1;25.1;120.0;0.0;200.0;80.0;56.0;73.0
2020-11-21 04:00:00;16.7;33.7;110.0;0.0;200.0;80.0;60.0;77.0
2020-11-21 05:00:00;12.5;37.4;110.0;0.0;200.0;80.0;70.0;79.0
2020-11-21 06:00:00;13.3;34.8;110.0;5.0;200.0;80.0;78.0;85.0
2020-11-21 07:00:00;16.6;31.1;120.0;0.0;210.0;90.0;80.0;90.0
2020-11-21 08:00:00;18.5;31.5;130.0;0.0;210.0;90.0;82.0;94.0
2020-11-21 09:00:00;18.9;32.0;130.0;7.0;220.0;90.0;84.0;96.0
2020-11-21 10:00:00;17.5;35.9;120.0;4.0;220.0;80.0;91.0;103.0
2020-11-21 11:00:00;16.6;37.2;100.0;5.0;220.0;70.0;91.0;104.0
2020-11-21 12:00:00;21.2;37.3;100.0;0.0;230.0;70.0;90.0;106.0
2020-11-21 13:00:00;23.4;36.2;100.0;7.0;230.0;60.0;91.0;106.0
2020-11-21 14:00:00;27.6;35.8;130.0;0.0;230.0;80.0;88.0;106.0
2020-11-21 15:00:00;27.0;45.6;90.0;0.0;210.0;50.0;90.0;100.0
2020-11-21 16:00:00;20.6;51.8;70.0;0.0;230.0;50.0;92.0;105.0
2020-11-21 17:00:00;30.7;34.8;70.0;0.0;210.0;50.0;90.0;100.0
2020-11-21 18:00:00;28.3;31.4;80.0;0.0;210.0;50.0;90.0;102.0
2020-11-21 19:00:00;22.8;37.4;70.0;0.0;210.0;50.0;89.0;104.0
2020-11-21 20:00:00;19.4;40.8;80.0;0.0;210.0;50.0;89.0;104.0
2020-11-21 21:00:00;20.3;40.4;90.0;0.0;210.0;60.0;89.0;103.0
2020-11-21 22:00:00;16.7;43.8;90.0;0.0;210.0;60.0;89.0;103.0
2020-11-21 23:00:00;13.5;46.2;80.0;7.0;210.0;50.0;92.0;100.0
2020-11-22 00:00:00;13.8;45.3;90.0;10.0;220.0;60.0;94.0;100.0
2020-11-22 01:00:00;14.1;44.1;80.0;10.0;230.0;60.0;99.0;103.0
2020-11-22 02:00:00;14.6;41.4;110.0;8.0;250.0;60.0;105.0;112.0
2020-11-22 03:00:00;20.2;50.0;100.0;7.0;250.0;70.0;105.0;113.0
2020-11-22 04:00:00;7.5;56.0;100.0;0.0;270.0;50.0;93.0;106.0
2020-11-22 05:00:00;10.8;52.0;60.0;0.0;250.0;40.0;86.0;106.0
2020-11-22 06:00:00;9.4;55.3;50.0;0.0;250.0;40.0;76.0;103.0
2020-11-22 07:00:00;10.0;53.7;50.0;0.0;250.0;40.0;86.0;107.0
2020-11-22 08:00:00;14.9;51.1;70.0;0.0;280.0;40.0;74.0;103.0
2020-11-22 09:00:00;12.8;50.0;90.0;0.0;280.0;50.0;78.0;116.0
2020-11-22 10:00:00;11.8;50.5;90.0;0.0;280.0;60.0;67.0;109.0
2020-11-22 11:00:00;9.1;53.8;100.0;0.0;280.0;60.0;58.0;109.0
2020-11-22 12:00:00;7.7;56.3;90.0;0.0;280.0;60.0;59.0;106.0
2020-11-22 13:00:00;6.9;59.2;80.0;0.0;280.0;50.0;54.0;103.0
2020-11-22 14:00:00;9.2;58.4;70.0;0.0;280.0;50.0;45.0;86.0
2020-11-22 15:00:00;12.0;53.8;50.0;0.0;270.0;40.0;37.0;69.0
2020-11-22 16:00:00;12.8;52.9;40.0;0.0;260.0;40.0;28.0;58.0
2020-11-22 17:00:00;15.0;47.9;40.0;0.0;260.0;30.0;25.0;58.0
2020-11-22 18:00:00;19.4;43.8;40.0;0.0;220.0;30.0;39.0;65.0
2020-11-22 19:00:00;26.6;37.6;50.0;0.0;250.0;30.0;33.0;66.0
2020-11-22 20:00:00;37.1;25.5;50.0;0.0;240.0;30.0;37.0;71.0
2020-11-22 21:00:00;33.2;28.0;50.0;0.0;250.0;30.0;26.0;67.0
2020-11-22 22:00:00;34.4;18.3;60.0;0.0;250.0;40.0;26.0;72.0
2020-11-22 23:00:00;34.8;29.3;50.0;0.0;260.0;40.0;25.0;59.0
2020-11-23 00:00:00;18.9;44.0;50.0;0.0;250.0;40.0;30.0;67.0
2020-11-23 01:00:00;15.4;44.6;50.0;0.0;260.0;40.0;21.0;51.0
2020-11-23 02:00:00;10.7;46.4;40.0;0.0;260.0;40.0;22.0;52.0
2020-11-23 03:00:00;12.8;43.9;40.0;0.0;270.0;40.0;17.0;44.0
2020-11-23 04:00:00;12.2;44.3;40.0;0.0;260.0;30.0;24.0;53.0
2020-11-23 05:00:00;13.6;42.4;40.0;0.0;250.0;30.0;9.0;33.0
2020-11-23 06:00:00;15.8;32.3;40.0;0.0;220.0;20.0;11.0;34.0
2020-11-23 07:00:00;33.6;22.7;40.0;0.0;220.0;40.0;17.0;37.0
2020-11-23 08:00:00;52.2;3.6;40.0;0.0;180.0;30.0;42.0;63.0
2020-11-23 09:00:00;63.5;2.5;40.0;0.0;210.0;30.0;52.0;91.0
2020-11-23 10:00:00;62.8;7.7;60.0;0.0;230.0;40.0;52.0;104.0
2020-11-23 11:00:00;40.8;28.1;80.0;0.0;250.0;50.0;41.0;102.0
2020-11-23 12:00:00;21.2;47.1;80.0;0.0;240.0;50.0;34.0;103.0
2020-11-23 13:00:00;9.8;58.5;80.0;0.0;230.0;50.0;33.0;97.0
2020-11-23 14:00:00;15.1;54.2;70.0;0.0;210.0;40.0;35.0;85.0
2020-11-23 15:00:00;19.6;48.8;60.0;0.0;210.0;40.0;32.0;73.0
2020-11-23 16:00:00;26.1;40.8;60.0;0.0;200.0;40.0;22.0;48.0
2020-11-23 17:00:00;35.9;26.4;60.0;0.0;210.0;40.0;24.0;46.0
2020-11-23 18:00:00;39.8;22.6;50.0;0.0;190.0;40.0;28.0;57.0
2020-11-23 19:00:00;41.2;20.1;50.0;0.0;180.0;40.0;29.0;56.0
2020-11-23 20:00:00;45.5;11.6;60.0;0.0;180.0;50.0;33.0;63.0
2020-11-23 21:00:00;52.0;4.3;70.0;0.0;180.0;50.0;41.0;67.0
2020-11-23 22:00:00;50.5;4.6;70.0;0.0;180.0;50.0;44.0;65.0
2020-11-23 23:00:00;46.1;4.7;70.0;0.0;190.0;50.0;43.0;57.0
2020-11-24 00:00:00;42.2;4.7;60.0;0.0;190.0;40.0;48.0;58.0
2020-11-24 01:00:00;40.0;3.8;60.0;0.0;190.0;40.0;61.0;69.0
2020-11-24 02:00:00;33.9;8.2;80.0;0.0;200.0;50.0;66.0;74.0
2020-11-24 03:00:00;25.3;12.1;70.0;0.0;180.0;50.0;67.0;75.0
2020-11-24 04:00:00;23.0;15.2;70.0;0.0;180.0;50.0;66.0;79.0
2020-11-24 05:00:00;17.3;16.8;80.0;0.0;190.0;60.0;68.0;80.0
2020-11-24 06:00:00;18.0;15.0;80.0;0.0;190.0;50.0;67.0;79.0
2020-11-24 07:00:00;24.0;10.2;80.0;0.0;190.0;50.0;67.0;81.0
2020-11-24 08:00:00;30.6;5.5;70.0;0.0;190.0;50.0;69.0;85.0
2020-11-24 09:00:00;31.1;7.5;80.0;0.0;180.0;60.0;72.0;88.0
2020-11-24 10:00:00;27.4;13.2;80.0;0.0;190.0;60.0;74.0;93.0
2020-11-24 11:00:00;24.3;16.2;80.0;0.0;190.0;60.0;77.0;96.0
2020-11-24 12:00:00;27.7;12.7;80.0;0.0;190.0;50.0;77.0;100.0
2020-11-24 13:00:00;31.7;9.9;70.0;0.0;190.0;50.0;71.0;98.0
2020-11-24 14:00:00;31.3;17.4;70.0;0.0;170.0;50.0;72.0;89.0
2020-11-24 15:00:00;33.6;12.5;60.0;0.0;150.0;40.0;65.0;79.0
2020-11-24 16:00:00;38.1;9.0;60.0;0.0;160.0;40.0;59.0;75.0
2020-11-24 17:00:00;43.3;6.4;60.0;0.0;140.0;40.0;53.0;69.0
2020-11-24 18:00:00;45.6;6.8;60.0;0.0;160.0;40.0;54.0;74.0
2020-11-24 19:00:00;46.5;7.7;60.0;0.0;160.0;40.0;49.0;68.0
2020-11-24 20:00:00;28.7;26.1;70.0;0.0;160.0;50.0;48.0;72.0
2020-11-24 21:00:00;21.3;29.9;90.0;0.0;160.0;60.0;47.0;65.0
2020-11-24 22:00:00;20.4;26.6;90.0;0.0;160.0;60.0;44.0;63.0
2020-11-24 23:00:00;22.9;21.0;90.0;0.0;160.0;60.0;40.0;58.0
2020-11-25 00:00:00;21.3;19.7;80.0;0.0;160.0;60.0;38.0;54.0
2020-11-25 01:00:00;20.5;19.8;70.0;0.0;160.0;50.0;34.0;51.0
2020-11-25 02:00:00;18.7;20.7;70.0;0.0;160.0;50.0;31.0;48.0
2020-11-25 03:00:00;18.0;19.0;70.0;0.0;160.0;50.0;28.0;44.0
2020-11-25 04:00:00;18.8;16.0;60.0;0.0;150.0;40.0;25.0;39.0
2020-11-25 05:00:00;18.9;14.3;70.0;0.0;150.0;40.0;25.0;41.0
2020-11-25 06:00:00;21.8;11.4;80.0;0.0;150.0;50.0;25.0;42.0
2020-11-25 07:00:00;25.7;7.7;70.0;0.0;160.0;50.0;24.0;41.0
2020-11-25 08:00:00;30.3;5.5;80.0;0.0;160.0;50.0;29.0;50.0
2020-11-25 09:00:00;27.4;10.6;90.0;0.0;180.0;60.0;33.0;59.0
2020-11-25 10:00:00;19.6;17.5;80.0;0.0;180.0;50.0;39.0;68.0
2020-11-25 11:00:00;19.4;16.8;70.0;0.0;180.0;50.0;44.0;78.0
2020-11-25 12:00:00;21.5;16.6;70.0;0.0;190.0;50.0;53.0;88.0
2020-11-25 13:00:00;24.3;16.0;70.0;0.0;180.0;50.0;59.0;91.0
2020-11-25 14:00:00;31.3;13.6;70.0;0.0;170.0;40.0;54.0;81.0
2020-11-25 15:00:00;33.4;12.8;60.0;0.0;170.0;40.0;49.0;68.0
2020-11-25 16:00:00;35.2;7.2;40.0;0.0;190.0;30.0;57.0;75.0
2020-11-25 17:00:00;39.4;2.2;50.0;0.0;210.0;30.0;62.0;83.0
2020-11-25 18:00:00;41.5;0.8;50.0;0.0;180.0;30.0;65.0;85.0
2020-11-25 19:00:00;44.2;0.2;50.0;0.0;190.0;40.0;69.0;86.0
2020-11-25 20:00:00;43.1;-0.1;50.0;0.0;190.0;30.0;71.0;90.0
2020-11-25 21:00:00;42.4;-0.5;40.0;0.0;180.0;20.0;72.0;88.0
2020-11-25 22:00:00;41.5;-0.2;50.0;0.0;200.0;30.0;76.0;92.0
2020-11-25 23:00:00;39.7;-0.4;60.0;0.0;200.0;40.0;78.0;94.0
2020-11-26 00:00:00;38.8;-0.2;60.0;0.0;220.0;40.0;81.0;97.0
2020-11-26 01:00:00;38.7;0.4;60.0;0.0;220.0;40.0;84.0;95.0
2020-11-26 02:00:00;38.1;2.5;60.0;3.0;260.0;40.0;91.0;97.0
2020-11-26 03:00:00;39.3;2.0;40.0;0.0;280.0;20.0;91.0;96.0
2020-11-26 04:00:00;29.6;13.7;50.0;1.0;300.0;20.0;91.0;97.0
2020-11-26 05:00:00;17.7;26.9;50.0;0.0;300.0;10.0;89.0;93.0
2020-11-26 06:00:00;14.5;27.1;20.0;2.0;290.0;10.0;83.0;88.0
2020-11-26 07:00:00;19.1;16.1;20.0;0.0;0.0;10.0;84.0;89.0
2020-11-26 08:00:00;32.7;11.5;40.0;0.0;300.0;10.0;85.0;95.0
2020-11-26 09:00:00;48.5;2.6;50.0;2.0;360.0;20.0;80.0;95.0
2020-11-26 10:00:00;50.1;9.5;40.0;0.0;10.0;20.0;74.0;96.0
2020-11-26 11:00:00;30.2;28.6;30.0;0.0;90.0;20.0;75.0;97.0
2020-11-26 12:00:00;28.8;29.3;20.0;0.0;110.0;10.0;73.0;96.0
2020-11-26 13:00:00;23.3;33.3;20.0;0.0;80.0;10.0;76.0;94.0
2020-11-26 14:00:00;26.1;29.9;20.0;0.0;20.0;10.0;73.0;89.0
2020-11-26 15:00:00;23.4;30.8;30.0;0.0;60.0;10.0;73.0;85.0
2020-11-26 16:00:00;36.9;16.7;20.0;0.0;100.0;10.0;69.0;85.0
2020-11-26 17:00:00;38.8;17.3;20.0;10.0;10.0;10.0;71.0;82.0
2020-11-26 18:00:00;44.1;11.3;30.0;8.0;40.0;20.0;74.0;80.0
2020-11-26 19:00:00;36.3;18.0;20.0;10.0;30.0;10.0;70.0;78.0
2020-11-26 20:00:00;27.3;23.3;30.0;10.0;50.0;20.0;66.0;75.0
2020-11-26 21:00:00;20.7;29.3;30.0;10.0;20.0;20.0;66.0;75.0
2020-11-26 22:00:00;17.9;29.2;30.0;10.0;70.0;20.0;65.0;72.0
2020-11-26 23:00:00;15.9;33.7;40.0;10.0;90.0;20.0;57.0;69.0
2020-11-27 00:00:00;7.3;47.8;30.0;7.0;50.0;20.0;56.0;65.0
2020-11-27 01:00:00;5.7;51.8;30.0;0.0;60.0;20.0;56.0;64.0
2020-11-27 02:00:00;7.2;41.7;20.0;0.0;40.0;20.0;55.0;62.0
2020-11-27 03:00:00;6.4;40.2;20.0;0.0;50.0;10.0;51.0;55.0
2020-11-27 04:00:00;7.1;39.3;20.0;0.0;40.0;10.0;48.0;50.0
2020-11-27 05:00:00;11.6;32.8;30.0;0.0;70.0;20.0;56.0;60.0
2020-11-27 06:00:00;15.2;39.6;20.0;0.0;310.0;10.0;45.0;51.0
2020-11-27 07:00:00;31.3;19.3;30.0;0.0;30.0;20.0;54.0;64.0
2020-11-27 08:00:00;45.3;12.8;40.0;0.0;70.0;20.0;54.0;69.0
2020-11-27 09:00:00;45.3;12.8;60.0;0.0;80.0;30.0;58.0;74.0
2020-11-27 10:00:00;20.4;42.4;50.0;0.0;70.0;40.0;58.0;71.0
2020-11-27 11:00:00;20.4;39.4;60.0;0.0;70.0;40.0;59.0;73.0
2020-11-27 12:00:00;17.6;36.4;60.0;0.0;80.0;30.0;60.0;74.0
2020-11-27 13:00:00;16.9;35.0;40.0;0.0;80.0;30.0;61.0;73.0
2020-11-27 14:00:00;19.6;27.5;40.0;0.0;100.0;20.0;63.0;74.0
2020-11-27 15:00:00;24.6;19.1;40.0;0.0;110.0;20.0;66.0;74.0
2020-11-27 16:00:00;30.1;11.8;40.0;0.0;120.0;20.0;60.0;72.0
2020-11-27 17:00:00;39.3;2.0;40.0;0.0;100.0;30.0;59.0;69.0
2020-11-27 18:00:00;42.7;0.2;50.0;0.0;80.0;20.0;54.0;62.0
2020-11-27 19:00:00;41.7;0.1;50.0;0.0;80.0;30.0;48.0;58.0
2020-11-27 20:00:00;40.0;0.7;50.0;0.0;80.0;20.0;49.0;58.0
2020-11-27 21:00:00;39.9;-0.2;60.0;0.0;100.0;40.0;49.0;58.0
2020-11-27 22:00:00;42.4;-0.3;60.0;0.0;110.0;30.0;51.0;59.0
2020-11-27 23:00:00;42.2;-0.3;50.0;0.0;80.0;30.0;50.0;59.0
2020-11-28 00:00:00;40.5;-0.3;40.0;0.0;80.0;30.0;50.0;59.0
2020-11-28 01:00:00;39.1;-0.4;50.0;0.0;90.0;30.0;50.0;59.0
2020-11-28 02:00:00;38.0;-0.5;60.0;0.0;80.0;30.0;48.0;58.0
2020-11-28 03:00:00;33.6;-0.5;50.0;0.0;90.0;40.0;45.0;54.0
2020-11-28 04:00:00;30.3;0.2;40.0;0.0;100.0;30.0;43.0;52.0
2020-11-28 05:00:00;29.8;-0.1;60.0;0.0;90.0;40.0;41.0;51.0
2020-11-28 06:00:00;30.7;-0.4;60.0;0.0;100.0;30.0;34.0;48.0
2020-11-28 07:00:00;30.6;-0.5;50.0;0.0;80.0;40.0;33.0;47.0
2020-11-28 08:00:00;30.0;0.0;50.0;0.0;90.0;30.0;34.0;50.0
2020-11-28 09:00:00;26.3;1.4;60.0;0.0;80.0;30.0;40.0;58.0
2020-11-28 10:00:00;23.9;2.7;60.0;0.0;80.0;40.0;39.0;59.0
2020-11-28 11:00:00;22.4;5.5;60.0;0.0;80.0;40.0;39.0;60.0
2020-11-28 12:00:00;18.9;9.3;60.0;0.0;90.0;40.0;38.0;57.0
2020-11-28 13:00:00;18.9;9.4;40.0;0.0;70.0;30.0;40.0;63.0
2020-11-28 14:00:00;19.6;9.2;60.0;0.0;50.0;40.0;35.0;47.0
2020-11-28 15:00:00;21.9;9.0;70.0;0.0;60.0;50.0;36.0;41.0
2020-11-28 16:00:00;19.5;14.9;60.0;0.0;80.0;40.0;37.0;40.0
2020-11-28 17:00:00;16.9;19.4;90.0;0.0;70.0;60.0;41.0;43.0
2020-11-28 18:00:00;14.5;22.2;90.0;0.0;70.0;50.0;45.0;46.0
2020-11-28 19:00:00;14.1;23.0;80.0;0.0;70.0;50.0;43.0;45.0
2020-11-28 20:00:00;12.6;22.2;80.0;0.0;80.0;50.0;39.0;41.0
2020-11-28 21:00:00;10.9;24.1;70.0;0.0;100.0;40.0;39.0;40.0
2020-11-28 22:00:00;9.4;27.0;60.0;0.0;90.0;40.0;37.0;40.0
2020-11-28 23:00:00;9.1;26.5;70.0;0.0;90.0;40.0;38.0;40.0
2020-11-29 00:00:00;8.0;26.9;50.0;0.0;90.0;40.0;36.0;40.0
2020-11-29 01:00:00;7.7;27.3;50.0;0.0;80.0;30.0;38.0;40.0
2020-11-29 02:00:00;7.3;28.4;50.0;0.0;50.0;30.0;34.0;39.0
2020-11-29 03:00:00;6.7;27.5;50.0;0.0;70.0;30.0;34.0;39.0
2020-11-29 04:00:00;6.5;26.5;60.0;0.0;100.0;40.0;30.0;36.0
2020-11-29 05:00:00;7.1;24.6;60.0;0.0;100.0;40.0;28.0;35.0
2020-11-29 06:00:00;7.2;25.1;60.0;0.0;80.0;40.0;20.0;33.0
2020-11-29 07:00:00;7.2;27.0;50.0;0.0;100.0;30.0;12.0;30.0
2020-11-29 08:00:00;7.5;27.9;60.0;0.0;70.0;40.0;8.0;26.0
2020-11-29 09:00:00;7.6;28.1;70.0;0.0;70.0;40.0;2.0;21.0
2020-11-29 10:00:00;9.1;27.7;60.0;0.0;90.0;30.0;-4.0;17.0
2020-11-29 11:00:00;8.2;28.6;50.0;0.0;140.0;30.0;1.0;23.0
2020-11-29 12:00:00;6.8;29.5;40.0;0.0;60.0;20.0;-1.0;26.0
2020-11-29 13:00:00;8.4;28.9;30.0;0.0;120.0;20.0;0.0;27.0
2020-11-29 14:00:00;9.4;27.3;30.0;0.0;130.0;20.0;-7.0;17.0
2020-11-29 15:00:00;10.4;23.1;20.0;0.0;0.0;10.0;-5.0;15.0
2020-11-29 16:00:00;16.4;16.2;10.0;0.0;0.0;0.0;-6.0;5.0
2020-11-29 17:00:00;31.2;4.6;20.0;0.0;70.0;10.0;-13.0;-3.0
2020-11-29 18:00:00;34.2;0.5;30.0;0.0;110.0;20.0;-15.0;-2.0
2020-11-29 19:00:00;37.9;1.6;30.0;0.0;130.0;20.0;-21.0;-11.0
2020-11-29 20:00:00;29.7;6.2;20.0;0.0;160.0;20.0;-24.0;-15.0
2020-11-29 21:00:00;32.4;3.1;40.0;0.0;140.0;20.0;-23.0;-13.0
2020-11-29 22:00:00;32.7;0.7;40.0;0.0;140.0;30.0;-25.0;-15.0
2020-11-29 23:00:00;34.6;-0.1;40.0;0.0;180.0;20.0;-33.0;-25.0
2020-11-30 00:00:00;33.7;0.2;40.0;0.0;160.0;20.0;-30.0;-21.0
2020-11-30 01:00:00;30.1;1.6;40.0;0.0;170.0;20.0;-24.0;-14.0
2020-11-30 02:00:00;28.5;1.6;50.0;0.0;190.0;30.0;-18.0;-8.0
2020-11-30 03:00:00;28.3;1.8;40.0;0.0;200.0;30.0;-8.0;2.0
2020-11-30 04:00:00;28.7;0.8;60.0;0.0;200.0;40.0;-6.0;4.0
2020-11-30 05:00:00;31.2;-0.4;50.0;0.0;160.0;40.0;-12.0;-3.0
2020-11-30 06:00:00;34.2;-0.5;60.0;0.0;160.0;40.0;-6.0;4.0
2020-11-30 07:00:00;36.9;-0.6;60.0;0.0;170.0;40.0;1.0;8.0
2020-11-30 08:00:00;37.1;-0.4;50.0;0.0;180.0;40.0;13.0;19.0
2020-11-30 09:00:00;35.8;-0.1;50.0;6.0;170.0;40.0;22.0;28.0
2020-11-30 10:00:00;31.7;0.3;90.0;0.0;190.0;50.0;28.0;35.0
2020-11-30 11:00:00;29.5;1.3;80.0;0.0;190.0;60.0;38.0;44.0
2020-11-30 12:00:00;30.3;1.0;90.0;0.0;200.0;70.0;47.0;54.0
2020-11-30 13:00:00;30.0;1.5;90.0;6.0;200.0;70.0;55.0;62.0
2020-11-30 14:00:00;30.9;0.3;100.0;9.0;200.0;70.0;56.0;63.0
2020-11-30 15:00:00;33.3;-0.1;100.0;10.0;200.0;70.0;59.0;66.0
2020-11-30 16:00:00;35.3;-0.4;120.0;10.0;210.0;80.0;63.0;71.0
2020-11-30 17:00:00;38.0;-0.5;120.0;9.0;220.0;80.0;63.0;68.0
2020-11-30 18:00:00;37.7;0.2;90.0;10.0;250.0;50.0;83.0;87.0
2020-11-30 19:00:00;36.6;1.4;90.0;9.0;270.0;60.0;85.0;93.0
2020-11-30 20:00:00;27.2;20.8;120.0;8.0;280.0;70.0;84.0;97.0
2020-11-30 21:00:00;12.4;35.5;160.0;8.0;270.0;70.0;81.0;93.0
2020-11-30 22:00:00;29.2;25.6;90.0;3.0;320.0;60.0;75.0;88.0
2020-11-30 23:00:00;12.4;48.6;130.0;6.0;330.0;80.0;55.0;87.0
2020-12-01 00:00:00;1.7;59.2;110.0;0.0;320.0;60.0;55.0;83.0
2020-12-01 01:00:00;1.3;61.4;90.0;0.0;320.0;60.0;64.0;82.0
2020-12-01 02:00:00;1.5;62.0;100.0;5.0;330.0;60.0;71.0;84.0
2020-12-01 03:00:00;1.3;61.1;140.0;8.0;340.0;80.0;77.0;91.0
2020-12-01 04:00:00;1.4;60.3;160.0;5.0;340.0;90.0;74.0;90.0
2020-12-01 05:00:00;1.3;61.6;140.0;4.0;340.0;90.0;73.0;88.0
2020-12-01 06:00:00;4.3;56.9;130.0;5.0;350.0;80.0;67.0;86.0
2020-12-01 07:00:00;7.2;57.2;110.0;4.0;360.0;70.0;63.0;85.0
2020-12-01 08:00:00;9.0;56.1;130.0;0.0;350.0;80.0;52.0;91.0
2020-12-01 09:00:00;8.5;58.8;120.0;0.0;340.0;70.0;46.0;90.0
2020-12-01 10:00:00;8.2;57.9;110.0;0.0;350.0;70.0;55.0;100.0
2020-12-01 11:00:00;9.0;55.8;130.0;0.0;350.0;80.0;41.0;99.0
2020-12-01 12:00:00;6.2;59.7;130.0;0.0;360.0;70.0;46.0;102.0
2020-12-01 13:00:00;5.3;61.3;150.0;0.0;350.0;80.0;49.0;96.0
2020-12-01 14:00:00;5.9;60.0;120.0;0.0;350.0;70.0;49.0;97.0
2020-12-01 15:00:00;8.0;54.9;110.0;2.0;20.0;60.0;68.0;81.0
2020-12-01 16:00:00;9.4;47.5;100.0;9.0;360.0;50.0;71.0;82.0
2020-12-01 17:00:00;14.1;38.3;80.0;0.0;10.0;40.0;68.0;83.0
2020-12-01 18:00:00;16.2;33.9;60.0;0.0;360.0;40.0;63.0;80.0
2020-12-01 19:00:00;15.6;33.1;50.0;0.0;20.0;30.0;60.0;77.0
2020-12-01 20:00:00;14.9;30.0;50.0;0.0;20.0;30.0;52.0;68.0
2020-12-01 21:00:00;14.3;23.5;50.0;0.0;10.0;30.0;45.0;57.0
2020-12-01 22:00:00;20.6;11.9;60.0;0.0;30.0;30.0;48.0;60.0
2020-12-01 23:00:00;23.1;4.2;40.0;0.0;60.0;20.0;49.0;60.0
2020-12-02 00:00:00;24.7;0.8;50.0;0.0;50.0;30.0;50.0;64.0
2020-12-02 01:00:00;25.3;-0.2;40.0;0.0;40.0;20.0;51.0;63.0
2020-12-02 02:00:00;23.9;-0.1;30.0;0.0;30.0;20.0;49.0;62.0
2020-12-02 03:00:00;23.0;0.1;40.0;0.0;40.0;20.0;47.0;61.0
2020-12-02 04:00:00;21.7;0.4;40.0;0.0;50.0;30.0;47.0;60.0
2020-12-02 05:00:00;21.5;0.3;50.0;0.0;120.0;30.0;46.0;59.0
2020-12-02 06:00:00;23.0;0.5;50.0;0.0;140.0;30.0;45.0;58.0
2020-12-02 07:00:00;24.5;0.1;40.0;0.0;100.0;20.0;42.0;57.0
2020-12-02 08:00:00;24.2;-0.1;30.0;0.0;120.0;20.0;49.0;57.0
2020-12-02 09:00:00;24.9;0.6;20.0;0.0;120.0;0.0;44.0;60.0
2020-12-02 10:00:00;24.9;1.1;20.0;0.0;0.0;10.0;48.0;62.0
2020-12-02 11:00:00;27.5;1.4;20.0;0.0;140.0;10.0;49.0;65.0
2020-12-02 12:00:00;28.9;1.1;30.0;0.0;160.0;20.0;48.0;63.0
2020-12-02 13:00:00;27.9;0.7;30.0;0.0;170.0;20.0;46.0;62.0
2020-12-02 14:00:00;27.3;2.0;50.0;0.0;140.0;30.0;43.0;57.0
2020-12-02 15:00:00;28.6;0.4;40.0;0.0;170.0;20.0;46.0;56.0
2020-12-02 16:00:00;28.4;-0.4;40.0;0.0;170.0;30.0;47.0;57.0
2020-12-02 17:00:00;26.6;-0.7;40.0;0.0;170.0;30.0;47.0;57.0
2020-12-02 18:00:00;27.2;-0.7;40.0;0.0;170.0;30.0;48.0;57.0
2020-12-02 19:00:00;30.8;-0.7;50.0;0.0;170.0;30.0;48.0;56.0
2020-12-02 20:00:00;29.6;-0.6;70.0;0.0;180.0;40.0;50.0;61.0
2020-12-02 21:00:00;29.4;-0.6;70.0;0.0;190.0;50.0;52.0;62.0
2020-12-02 22:00:00;33.4;-0.5;80.0;0.0;180.0;50.0;53.0;61.0
2020-12-02 23:00:00;36.3;0.1;70.0;0.0;190.0;50.0;49.0;59.0
2020-12-03 00:00:00;39.4;-0.4;70.0;0.0;190.0;50.0;47.0;61.0
2020-12-03 01:00:00;39.6;-0.6;70.0;0.0;200.0;50.0;45.0;60.0
2020-12-03 02:00:00;36.9;8.2;80.0;5.0;210.0;60.0;46.0;58.0
2020-12-03 03:00:00;28.2;17.7;80.0;9.0;200.0;60.0;48.0;57.0
2020-12-03 04:00:00;27.0;20.3;70.0;2.0;190.0;50.0;49.0;57.0
2020-12-03 05:00:00;27.2;19.5;70.0;2.0;190.0;50.0;50.0;59.0
2020-12-03 06:00:00;31.3;12.4;70.0;2.0;170.0;50.0;51.0;58.0
2020-12-03 07:00:00;33.0;10.7;60.0;4.0;170.0;40.0;53.0;60.0
2020-12-03 08:00:00;28.5;15.5;70.0;2.0;190.0;50.0;53.0;60.0
2020-12-03 09:00:00;25.8;18.4;90.0;4.0;180.0;60.0;49.0;61.0
2020-12-03 10:00:00;20.8;24.8;90.0;0.0;170.0;60.0;49.0;62.0
2020-12-03 11:00:00;22.3;23.5;90.0;0.0;170.0;60.0;50.0;62.0
2020-12-03 12:00:00;23.2;22.3;100.0;0.0;170.0;70.0;49.0;64.0
2020-12-03 13:00:00;24.3;24.0;110.0;5.0;170.0;70.0;49.0;62.0
2020-12-03 14:00:00;25.8;18.3;110.0;5.0;170.0;70.0;44.0;58.0
2020-12-03 15:00:00;24.7;21.1;110.0;7.0;150.0;70.0;38.0;51.0
2020-12-03 16:00:00;22.3;30.6;110.0;8.0;150.0;70.0;41.0;54.0
2020-12-03 17:00:00;25.5;19.6;120.0;0.0;150.0;80.0;40.0;54.0
2020-12-03 18:00:00;23.6;19.9;120.0;8.0;140.0;80.0;38.0;53.0
2020-12-03 19:00:00;18.3;22.5;130.0;10.0;150.0;80.0;37.0;51.0
2020-12-03 20:00:00;16.4;22.6;120.0;10.0;140.0;80.0;36.0;51.0
2020-12-03 21:00:00;15.9;23.5;140.0;8.0;140.0;90.0;36.0;50.0
2020-12-03 22:00:00;12.4;27.3;140.0;10.0;140.0;90.0;36.0;51.0
2020-12-03 23:00:00;10.3;31.6;130.0;5.0;140.0;80.0;34.0;50.0
2020-12-04 00:00:00;8.8;33.7;120.0;0.0;130.0;80.0;32.0;50.0
2020-12-04 01:00:00;12.2;29.1;130.0;0.0;130.0;90.0;31.0;49.0
2020-12-04 02:00:00;15.9;25.9;140.0;6.0;120.0;90.0;32.0;48.0
2020-12-04 03:00:00;13.3;29.0;130.0;3.0;130.0;90.0;32.0;52.0
2020-12-04 04:00:00;11.5;31.5;150.0;1.0;130.0;100.0;31.0;55.0
2020-12-04 05:00:00;12.1;33.4;140.0;0.0;130.0;90.0;35.0;59.0
2020-12-04 06:00:00;13.4;34.2;160.0;0.0;140.0;100.0;34.0;62.0
2020-12-04 07:00:00;15.8;35.4;150.0;0.0;150.0;110.0;35.0;68.0
2020-12-04 08:00:00;21.1;34.8;160.0;0.0;170.0;100.0;33.0;70.0
2020-12-04 09:00:00;18.7;43.4;180.0;0.0;160.0;100.0;30.0;70.0
2020-12-04 10:00:00;13.4;49.4;140.0;0.0;160.0;90.0;32.0;70.0
2020-12-04 11:00:00;15.3;45.6;160.0;0.0;180.0;100.0;19.0;71.0
2020-12-04 12:00:00;14.8;45.2;140.0;0.0;180.0;80.0;20.0;69.0
2020-12-04 13:00:00;16.0;45.3;130.0;0.0;170.0;80.0;26.0;67.0
2020-12-04 14:00:00;14.6;47.1;110.0;0.0;160.0;80.0;15.0;65.0
2020-12-04 15:00:00;17.0;45.5;110.0;0.0;160.0;80.0;1.0;63.0
2020-12-04 16:00:00;18.8;45.5;110.0;0.0;170.0;70.0;4.0;63.0
2020-12-04 17:00:00;18.2;48.4;100.0;0.0;160.0;70.0;2.0;50.0
2020-12-04 18:00:00;20.9;46.1;80.0;0.0;140.0;50.0;1.0;39.0
2020-12-04 19:00:00;24.0;39.6;80.0;0.0;140.0;60.0;3.0;35.0
2020-12-04 20:00:00;23.0;39.8;80.0;0.0;150.0;50.0;1.0;33.0
2020-12-04 21:00:00;21.2;40.1;70.0;0.0;130.0;50.0;-1.0;26.0
2020-12-04 22:00:00;27.7;28.4;70.0;0.0;130.0;50.0;-4.0;24.0
2020-12-04 23:00:00;21.2;34.8;60.0;0.0;130.0;40.0;-5.0;21.0
2020-12-05 00:00:00;25.1;29.8;50.0;0.0;120.0;40.0;-4.0;14.0
2020-12-05 01:00:00;19.2;33.2;50.0;0.0;120.0;40.0;-4.0;13.0
2020-12-05 02:00:00;18.6;30.0;50.0;0.0;120.0;30.0;-12.0;2.0
2020-12-05 03:00:00;21.6;28.0;50.0;0.0;140.0;40.0;-7.0;9.0
2020-12-05 04:00:00;18.1;28.4;50.0;0.0;150.0;30.0;-10.0;4.0
2020-12-05 05:00:00;25.0;19.4;40.0;0.0;110.0;30.0;-12.0;1.0
2020-12-05 06:00:00;28.1;17.2;40.0;0.0;110.0;20.0;-12.0;-2.0
2020-12-05 07:00:00;36.5;6.1;60.0;0.0;140.0;40.0;-2.0;14.0
2020-12-05 08:00:00;42.2;3.1;60.0;0.0;170.0;40.0;2.0;19.0
2020-12-05 09:00:00;36.5;13.2;60.0;0.0;180.0;30.0;14.0;37.0
2020-12-05 10:00:00;23.2;25.1;60.0;0.0;180.0;40.0;16.0;45.0
2020-12-05 11:00:00;19.0;29.8;60.0;0.0;180.0;40.0;18.0;49.0
2020-12-05 12:00:00;15.7;37.5;60.0;0.0;180.0;40.0;18.0;54.0
2020-12-05 13:00:00;14.3;39.3;60.0;0.0;150.0;40.0;17.0;50.0
2020-12-05 14:00:00;13.8;43.6;60.0;0.0;140.0;40.0;14.0;48.0
2020-12-05 15:00:00;19.5;40.2;70.0;0.0;140.0;40.0;0.0;35.0
2020-12-05 16:00:00;17.4;45.4;50.0;0.0;140.0;20.0;-2.0;26.0
2020-12-05 17:00:00;24.1;33.8;30.0;0.0;100.0;20.0;-4.0;17.0
2020-12-05 18:00:00;43.2;11.5;30.0;0.0;100.0;20.0;-18.0;-5.0
2020-12-05 19:00:00;47.0;1.7;40.0;0.0;110.0;30.0;-3.0;11.0
2020-12-05 20:00:00;43.4;1.8;40.0;0.0;110.0;30.0;-13.0;4.0
2020-12-05 21:00:00;41.7;5.7;40.0;0.0;100.0;30.0;4.0;21.0
2020-12-05 22:00:00;44.4;3.6;50.0;0.0;110.0;30.0;-5.0;17.0
2020-12-05 23:00:00;38.4;9.4;40.0;0.0;70.0;20.0;-17.0;0.0
2020-12-06 00:00:00;32.9;8.6;40.0;0.0;80.0;20.0;-17.0;0.0
2020-12-06 01:00:00;32.3;7.6;40.0;0.0;60.0;20.0;-13.0;3.0
2020-12-06 02:00:00;26.2;10.4;30.0;0.0;70.0;20.0;-12.0;1.0
2020-12-06 03:00:00;23.9;9.0;30.0;0.0;60.0;20.0;-7.0;5.0
2020-12-06 04:00:00;21.8;8.7;30.0;0.0;60.0;20.0;-14.0;-3.0
2020-12-06 05:00:00;24.3;8.4;30.0;0.0;30.0;20.0;-1.0;13.0
2020-12-06 06:00:00;23.2;11.0;10.0;0.0;340.0;10.0;-12.0;-2.0
2020-12-06 07:00:00;19.7;14.9;30.0;0.0;40.0;20.0;-3.0;10.0
2020-12-06 08:00:00;22.3;11.8;50.0;0.0;20.0;20.0;7.0;23.0
2020-12-06 09:00:00;22.9;10.5;80.0;0.0;50.0;30.0;18.0;37.0
2020-12-06 10:00:00;22.6;9.5;60.0;0.0;60.0;30.0;23.0;43.0
2020-12-06 11:00:00;19.4;13.1;50.0;0.0;70.0;40.0;24.0;42.0
2020-12-06 12:00:00;15.6;15.3;40.0;0.0;360.0;20.0;25.0;45.0
2020-12-06 13:00:00;15.3;16.1;40.0;0.0;30.0;30.0;23.0;46.0
2020-12-06 14:00:00;17.3;14.7;40.0;0.0;360.0;20.0;23.0;42.0
2020-12-06 15:00:00;21.1;10.1;40.0;0.0;20.0;20.0;24.0;39.0
2020-12-06 16:00:00;27.1;2.8;60.0;0.0;30.0;30.0;25.0;40.0
2020-12-06 17:00:00;29.0;2.9;40.0;0.0;320.0;20.0;25.0;38.0
2020-12-06 18:00:00;29.3;1.2;40.0;0.0;330.0;20.0;25.0;33.0
2020-12-06 19:00:00;31.2;0.7;70.0;0.0;340.0;30.0;29.0;42.0
2020-12-06 20:00:00;31.8;0.2;60.0;0.0;310.0;20.0;29.0;38.0
2020-12-06 21:00:00;32.5;4.2;30.0;0.0;280.0;20.0;30.0;39.0
2020-12-06 22:00:00;22.1;18.6;20.0;0.0;300.0;10.0;17.0;23.0
2020-12-06 23:00:00;16.3;25.3;30.0;0.0;280.0;20.0;35.0;43.0
2020-12-07 00:00:00;9.1;44.4;30.0;0.0;290.0;20.0;37.0;46.0
2020-12-07 01:00:00;7.6;46.5;40.0;6.0;230.0;30.0;39.0;48.0
2020-12-07 02:00:00;15.8;34.5;50.0;10.0;260.0;30.0;46.0;56.0
2020-12-07 03:00:00;27.3;26.2;50.0;10.0;280.0;30.0;48.0;55.0
2020-12-07 04:00:00;16.4;34.0;50.0;10.0;270.0;30.0;51.0;58.0
2020-12-07 05:00:00;25.7;27.9;60.0;10.0;300.0;40.0;49.0;61.0
2020-12-07 06:00:00;25.7;27.9;70.0;10.0;280.0;40.0;43.0;60.0
2020-12-07 07:00:00;17.0;45.2;60.0;10.0;270.0;40.0;48.0;60.0
2020-12-07 08:00:00;37.2;29.0;90.0;10.0;290.0;40.0;47.0;64.0
2020-12-07 09:00:00;45.7;23.1;90.0;10.0;280.0;60.0;42.0;62.0
2020-12-07 10:00:00;32.0;34.0;60.0;10.0;280.0;40.0;43.0;64.0
2020-12-07 11:00:00;25.5;40.8;70.0;7.0;200.0;40.0;51.0;61.0
2020-12-07 12:00:00;24.1;40.8;90.0;6.0;200.0;60.0;48.0;60.0
2020-12-07 13:00:00;44.2;10.1;100.0;4.0;210.0;60.0;48.0;58.0
2020-12-07 14:00:00;46.8;6.0;80.0;0.0;190.0;50.0;41.0;53.0
2020-12-07 15:00:00;47.9;3.9;80.0;0.0;180.0;60.0;34.0;44.0
2020-12-07 16:00:00;44.7;1.0;80.0;1.0;180.0;50.0;32.0;39.0
2020-12-07 17:00:00;44.5;0.8;80.0;0.0;200.0;50.0;31.0;39.0
2020-12-07 18:00:00;46.6;0.3;80.0;0.0;190.0;50.0;30.0;38.0
2020-12-07 19:00:00;45.1;0.2;70.0;0.0;160.0;50.0;25.0;31.0
2020-12-07 20:00:00;43.4;0.3;70.0;0.0;170.0;50.0;19.0;27.0
2020-12-07 21:00:00;43.3;0.9;60.0;0.0;170.0;40.0;12.0;21.0
2020-12-07 22:00:00;42.7;1.5;50.0;0.0;160.0;40.0;15.0;20.0
2020-12-07 23:00:00;41.2;1.9;50.0;0.0;160.0;30.0;16.0;20.0
2020-12-08 00:00:00;38.2;8.5;50.0;0.0;150.0;30.0;11.0;19.0
2020-12-08 01:00:00;29.2;17.9;60.0;0.0;170.0;30.0;10.0;17.0
2020-12-08 02:00:00;24.6;18.7;40.0;0.0;180.0;20.0;12.0;18.0
2020-12-08 03:00:00;20.8;19.7;20.0;0.0;100.0;10.0;-6.0;1.0
2020-12-08 04:00:00;21.6;13.9;30.0;0.0;80.0;20.0;6.0;11.0
2020-12-08 05:00:00;26.7;8.6;30.0;0.0;80.0;20.0;9.0;17.0
2020-12-08 06:00:00;29.9;6.9;30.0;0.0;70.0;20.0;-1.0;5.0
2020-12-08 07:00:00;35.1;0.5;30.0;0.0;70.0;20.0;-5.0;2.0
2020-12-08 08:00:00;30.8;0.4;40.0;0.0;110.0;30.0;9.0;18.0
2020-12-08 09:00:00;41.2;1.2;40.0;0.0;110.0;30.0;17.0;29.0
2020-12-08 10:00:00;35.9;2.8;40.0;0.0;110.0;20.0;23.0;40.0
2020-12-08 11:00:00;33.2;5.8;30.0;0.0;140.0;20.0;23.0;44.0
2020-12-08 12:00:00;34.4;5.9;20.0;0.0;110.0;20.0;24.0;45.0
2020-12-08 13:00:00;32.8;6.3;20.0;0.0;120.0;10.0;23.0;46.0
2020-12-08 14:00:00;33.5;6.1;20.0;0.0;80.0;10.0;24.0;45.0
2020-12-08 15:00:00;35.0;4.1;20.0;0.0;110.0;10.0;22.0;41.0
2020-12-08 16:00:00;36.5;3.0;20.0;0.0;120.0;20.0;21.0;36.0
2020-12-08 17:00:00;35.1;2.8;20.0;0.0;130.0;10.0;24.0;34.0
2020-12-08 18:00:00;34.7;3.3;20.0;0.0;100.0;10.0;22.0;32.0
2020-12-08 19:00:00;38.3;5.0;20.0;0.0;110.0;10.0;22.0;29.0
2020-12-08 20:00:00;34.4;2.6;20.0;0.0;180.0;10.0;18.0;28.0
2020-12-08 21:00:00;31.6;2.0;20.0;0.0;130.0;20.0;25.0;32.0
2020-12-08 22:00:00;33.0;1.4;20.0;0.0;150.0;10.0;23.0;32.0
2020-12-08 23:00:00;38.6;1.3;30.0;0.0;220.0;10.0;25.0;28.0
2020-12-09 00:00:00;36.9;0.6;30.0;0.0;200.0;20.0;16.0;26.0
2020-12-09 01:00:00;38.4;0.4;30.0;0.0;210.0;20.0;12.0;24.0
2020-12-09 02:00:00;40.5;0.7;30.0;0.0;180.0;20.0;7.0;16.0
2020-12-09 03:00:00;40.0;0.5;20.0;0.0;150.0;20.0;-6.0;-2.0
2020-12-09 04:00:00;37.4;0.2;30.0;0.0;160.0;20.0;-7.0;-4.0
2020-12-09 05:00:00;40.6;0.1;50.0;0.0;180.0;30.0;-16.0;-13.0
2020-12-09 06:00:00;36.9;0.0;50.0;0.0;150.0;40.0;-11.0;-8.0
2020-12-09 07:00:00;38.3;0.0;60.0;0.0;170.0;40.0;-11.0;-8.0
2020-12-09 08:00:00;38.9;0.3;70.0;0.0;160.0;40.0;-9.0;-7.0
2020-12-09 09:00:00;36.6;0.9;70.0;0.0;160.0;50.0;-11.0;-8.0
2020-12-09 10:00:00;33.9;1.7;60.0;0.0;150.0;40.0;-7.0;-4.0
2020-12-09 11:00:00;35.5;2.0;80.0;0.0;150.0;50.0;-1.0;1.0
2020-12-09 12:00:00;37.4;2.2;90.0;0.0;150.0;60.0;6.0;8.0
2020-12-09 13:00:00;33.0;3.6;90.0;0.0;160.0;60.0;5.0;9.0
2020-12-09 14:00:00;33.4;4.4;90.0;0.0;160.0;60.0;7.0;11.0
2020-12-09 15:00:00;37.2;3.0;80.0;0.0;160.0;50.0;8.0;14.0
2020-12-09 16:00:00;38.2;1.5;80.0;0.0;150.0;60.0;10.0;16.0
2020-12-09 17:00:00;38.6;0.9;90.0;0.0;150.0;60.0;13.0;16.0
2020-12-09 18:00:00;36.3;2.7;100.0;0.0;160.0;60.0;17.0;22.0
2020-12-09 19:00:00;35.3;3.3;80.0;0.0;160.0;50.0;20.0;26.0
2020-12-09 20:00:00;29.9;6.2;70.0;0.0;160.0;50.0;22.0;29.0
2020-12-09 21:00:00;29.3;5.9;80.0;0.0;160.0;50.0;23.0;32.0
2020-12-09 22:00:00;27.7;7.3;80.0;0.0;160.0;50.0;24.0;33.0
2020-12-09 23:00:00;25.4;9.4;60.0;0.0;130.0;40.0;23.0;32.0
2020-12-10 00:00:00;23.6;9.2;60.0;0.0;140.0;40.0;22.0;32.0
2020-12-10 01:00:00;26.1;5.3;60.0;0.0;150.0;40.0;21.0;32.0
2020-12-10 02:00:00;21.0;9.0;60.0;0.0;140.0;40.0;18.0;30.0
2020-12-10 03:00:00;19.7;10.4;70.0;0.0;130.0;40.0;12.0;23.0
2020-12-10 04:00:00;18.9;10.2;70.0;0.0;120.0;40.0;8.0;18.0
2020-12-10 05:00:00;18.9;9.5;60.0;0.0;130.0;40.0;-3.0;8.0
2020-12-10 06:00:00;26.6;3.8;60.0;0.0;130.0;40.0;-6.0;4.0
2020-12-10 07:00:00;32.5;1.0;60.0;0.0;120.0;40.0;-5.0;6.0
2020-12-10 08:00:00;36.0;0.8;60.0;0.0;120.0;40.0;-3.0;10.0
2020-12-10 09:00:00;34.0;4.0;60.0;0.0;120.0;30.0;0.0;16.0
2020-12-10 10:00:00;32.5;6.7;50.0;0.0;120.0;30.0;3.0;21.0
2020-12-10 11:00:00;34.1;6.3;50.0;0.0;130.0;40.0;3.0;24.0
2020-12-10 12:00:00;34.4;8.0;50.0;0.0;120.0;30.0;7.0;29.0
2020-12-10 13:00:00;34.6;8.5;50.0;0.0;110.0;30.0;5.0;28.0
2020-12-10 14:00:00;32.4;9.6;60.0;0.0;120.0;40.0;-1.0;21.0
2020-12-10 15:00:00;35.4;5.5;60.0;0.0;120.0;40.0;-5.0;14.0
2020-12-10 16:00:00;40.3;1.1;60.0;0.0;130.0;40.0;-5.0;11.0
2020-12-10 17:00:00;41.4;0.3;80.0;0.0;130.0;50.0;-7.0;7.0
2020-12-10 18:00:00;42.3;0.4;70.0;0.0;140.0;50.0;-8.0;5.0
2020-12-10 19:00:00;42.7;0.6;70.0;0.0;130.0;50.0;-10.0;5.0
2020-12-10 20:00:00;44.4;0.5;70.0;0.0;130.0;50.0;-9.0;6.0
2020-12-10 21:00:00;44.7;0.5;70.0;0.0;140.0;50.0;-8.0;7.0
2020-12-10 22:00:00;42.1;0.2;70.0;0.0;130.0;50.0;-7.0;7.0
2020-12-10 23:00:00;40.6;0.1;70.0;0.0;140.0;50.0;-10.0;7.0
2020-12-11 00:00:00;39.9;0.1;80.0;0.0;140.0;50.0;-11.0;8.0
2020-12-11 01:00:00;39.3;0.4;90.0;0.0;140.0;60.0;-14.0;6.0
2020-12-11 02:00:00;36.5;3.6;80.0;0.0;130.0;60.0;-17.0;1.0
2020-12-11 03:00:00;25.8;13.1;100.0;0.0;120.0;60.0;-16.0;4.0
2020-12-11 04:00:00;20.8;16.3;100.0;0.0;130.0;70.0;-17.0;7.0
2020-12-11 05:00:00;22.9;14.9;120.0;0.0;130.0;70.0;-14.0;10.0
2020-12-11 06:00:00;20.9;16.0;110.0;0.0;130.0;80.0;-10.0;16.0
2020-12-11 07:00:00;27.7;11.6;110.0;0.0;140.0;70.0;-4.0;20.0
2020-12-11 08:00:00;29.2;11.5;110.0;0.0;130.0;70.0;0.0;23.0
2020-12-11 09:00:00;30.0;10.6;110.0;0.0;130.0;70.0;3.0;26.0
2020-12-11 10:00:00;28.8;9.5;90.0;0.0;130.0;70.0;9.0;26.0
2020-12-11 11:00:00;29.6;8.5;100.0;6.0;130.0;70.0;15.0;30.0
2020-12-11 12:00:00;31.5;7.5;90.0;9.0;130.0;70.0;22.0;34.0
2020-12-11 13:00:00;32.0;6.5;100.0;0.0;130.0;70.0;26.0;37.0
2020-12-11 14:00:00;32.2;6.7;90.0;0.0;130.0;60.0;28.0;39.0
2020-12-11 15:00:00;32.1;6.2;80.0;10.0;120.0;50.0;29.0;40.0
2020-12-11 16:00:00;37.0;2.5;90.0;10.0;120.0;60.0;30.0;41.0
2020-12-11 17:00:00;39.3;1.6;90.0;0.0;130.0;50.0;32.0;43.0
2020-12-11 18:00:00;40.1;2.1;70.0;0.0;120.0;50.0;34.0;44.0
2020-12-11 19:00:00;36.4;3.9;70.0;0.0;120.0;50.0;34.0;45.0
2020-12-11 20:00:00;32.9;6.0;70.0;1.0;120.0;50.0;36.0;44.0
2020-12-11 21:00:00;34.2;4.1;70.0;0.0;120.0;50.0;37.0;43.0
2020-12-11 22:00:00;34.0;3.3;70.0;0.0;130.0;50.0;38.0;43.0
2020-12-11 23:00:00;33.1;4.3;60.0;0.0;120.0;40.0;38.0;43.0
2020-12-12 00:00:00;30.4;4.9;60.0;0.0;120.0;40.0;39.0;44.0
2020-12-12 01:00:00;31.3;3.7;50.0;0.0;110.0;30.0;41.0;44.0
2020-12-12 02:00:00;30.9;2.9;50.0;0.0;110.0;30.0;43.0;46.0
2020-12-12 03:00:00;28.8;3.2;40.0;3.0;100.0;20.0;45.0;47.0
2020-12-12 04:00:00;27.6;3.1;40.0;7.0;110.0;30.0;45.0;49.0
2020-12-12 05:00:00;27.4;2.8;40.0;1.0;110.0;30.0;46.0;48.0
2020-12-12 06:00:00;28.0;1.9;40.0;0.0;90.0;20.0;47.0;49.0
2020-12-12 07:00:00;29.4;0.8;40.0;7.0;120.0;20.0;49.0;50.0
2020-12-12 08:00:00;30.0;0.4;30.0;0.0;100.0;10.0;53.0;54.0
2020-12-12 09:00:00;30.1;0.9;30.0;5.0;140.0;20.0;60.0;61.0
2020-12-12 10:00:00;27.7;1.7;20.0;7.0;140.0;20.0;68.0;69.0
2020-12-12 11:00:00;27.8;2.0;40.0;0.0;170.0;20.0;75.0;77.0
2020-12-12 12:00:00;30.7;1.3;50.0;0.0;170.0;20.0;81.0;83.0
2020-12-12 13:00:00;28.3;2.9;40.0;0.0;190.0;30.0;83.0;91.0
2020-12-12 14:00:00;35.4;1.6;60.0;0.0;230.0;40.0;82.0;89.0
2020-12-12 15:00:00;39.9;0.7;60.0;0.0;330.0;40.0;65.0;68.0
2020-12-12 16:00:00;44.1;1.1;50.0;0.0;300.0;30.0;66.0;68.0
2020-12-12 17:00:00;27.0;-0.5;50.0;0.0;330.0;30.0;67.0;69.0
2020-12-12 18:00:00;27.0;-0.6;30.0;0.0;350.0;10.0;56.0;57.0
2020-12-12 19:00:00;26.6;-0.4;30.0;0.0;0.0;10.0;51.0;55.0
2020-12-12 20:00:00;26.5;0.0;10.0;0.0;360.0;10.0;39.0;42.0
2020-12-12 21:00:00;25.8;-0.4;10.0;0.0;0.0;0.0;45.0;48.0
2020-12-12 22:00:00;26.5;-0.5;10.0;0.0;0.0;0.0;51.0;53.0
2020-12-12 23:00:00;26.8;-0.5;20.0;4.0;180.0;10.0;58.0;60.0
2020-12-13 00:00:00;23.8;-0.5;20.0;5.0;140.0;10.0;57.0;62.0
2020-12-13 01:00:00;28.4;-0.4;20.0;0.0;130.0;10.0;54.0;56.0
2020-12-13 02:00:00;31.4;-0.4;20.0;0.0;150.0;10.0;30.0;33.0
2020-12-13 03:00:00;28.5;-0.4;20.0;0.0;210.0;10.0;23.0;24.0
2020-12-13 04:00:00;29.5;-0.4;20.0;3.0;170.0;10.0;35.0;36.0
2020-12-13 05:00:00;27.8;-0.6;20.0;0.0;200.0;10.0;52.0;55.0
2020-12-13 06:00:00;30.3;-0.6;40.0;3.0;160.0;20.0;62.0;64.0
2020-12-13 07:00:00;32.6;-0.5;50.0;0.0;200.0;30.0;63.0;70.0
2020-12-13 08:00:00;36.3;-0.5;70.0;0.0;210.0;40.0;65.0;77.0
2020-12-13 09:00:00;30.3;5.6;80.0;0.0;210.0;60.0;61.0;75.0
2020-12-13 10:00:00;30.2;14.7;70.0;0.0;180.0;40.0;62.0;77.0
2020-12-13 11:00:00;22.7;21.6;70.0;0.0;190.0;50.0;57.0;73.0
2020-12-13 12:00:00;19.5;20.6;70.0;0.0;180.0;50.0;54.0;72.0
2020-12-13 13:00:00;19.4;23.4;70.0;0.0;170.0;50.0;53.0;71.0
2020-12-13 14:00:00;21.1;23.2;80.0;0.0;160.0;50.0;47.0;69.0
2020-12-13 15:00:00;26.0;24.1;90.0;0.0;160.0;60.0;46.0;69.0
2020-12-13 16:00:00;20.1;31.1;100.0;0.0;160.0;70.0;44.0;68.0
2020-12-13 17:00:00;16.4;35.7;120.0;0.0;160.0;70.0;39.0;69.0
2020-12-13 18:00:00;15.5;38.1;130.0;0.0;160.0;80.0;38.0;65.0
2020-12-13 19:00:00;13.0;44.1;130.0;0.0;160.0;80.0;43.0;61.0
2020-12-13 20:00:00;10.6;46.2;120.0;5.0;150.0;80.0;47.0;60.0
2020-12-13 21:00:00;9.5;46.6;110.0;0.0;160.0;80.0;49.0;61.0
2020-12-13 22:00:00;9.7;46.9;110.0;0.0;160.0;80.0;49.0;66.0
2020-12-13 23:00:00;8.5;47.6;120.0;0.0;160.0;80.0;52.0;68.0
2020-12-14 00:00:00;6.5;51.1;120.0;2.0;160.0;80.0;55.0;71.0
2020-12-14 01:00:00;5.5;51.3;100.0;2.0;160.0;70.0;58.0;73.0
2020-12-14 02:00:00;5.1;50.7;100.0;3.0;160.0;70.0;64.0;73.0
2020-12-14 03:00:00;5.1;48.0;100.0;0.0;170.0;70.0;67.0;74.0
2020-12-14 04:00:00;4.9;44.8;110.0;9.0;160.0;70.0;72.0;78.0
2020-12-14 05:00:00;9.3;39.3;110.0;4.0;170.0;70.0;75.0;82.0
2020-12-14 06:00:00;9.7;36.2;110.0;6.0;180.0;70.0;80.0;88.0
2020-12-14 07:00:00;13.7;31.8;110.0;0.0;180.0;70.0;84.0;95.0
2020-12-14 08:00:00;17.9;27.3;110.0;0.0;190.0;70.0;90.0;105.0
2020-12-14 09:00:00;18.4;26.8;110.0;0.0;190.0;80.0;89.0;108.0
2020-12-14 10:00:00;20.4;26.4;140.0;0.0;200.0;80.0;92.0;112.0
2020-12-14 11:00:00;19.2;30.1;120.0;0.0;200.0;80.0;88.0;112.0
2020-12-14 12:00:00;20.7;32.6;110.0;0.0;190.0;80.0;88.0;112.0
2020-12-14 13:00:00;18.9;33.5;100.0;0.0;190.0;70.0;87.0;112.0
2020-12-14 14:00:00;21.2;28.4;90.0;0.0;170.0;50.0;87.0;106.0
2020-12-14 15:00:00;23.8;27.1;70.0;0.0;170.0;40.0;84.0;103.0
2020-12-14 16:00:00;25.6;25.0;80.0;0.0;170.0;50.0;79.0;95.0
2020-12-14 17:00:00;25.6;25.7;80.0;0.0;180.0;60.0;74.0;95.0
2020-12-14 18:00:00;23.0;30.8;80.0;0.0;170.0;50.0;74.0;93.0
2020-12-14 19:00:00;25.0;27.6;60.0;0.0;150.0;40.0;75.0;92.0
2020-12-14 20:00:00;24.4;23.2;70.0;0.0;160.0;50.0;81.0;95.0
2020-12-14 21:00:00;29.3;16.5;70.0;2.0;170.0;50.0;85.0;95.0
2020-12-14 22:00:00;21.3;22.6;80.0;0.0;160.0;50.0;87.0;96.0
2020-12-14 23:00:00;18.7;23.4;100.0;0.0;170.0;60.0;87.0;99.0
2020-12-15 00:00:00;14.4;29.2;90.0;0.0;170.0;60.0;85.0;96.0
2020-12-15 01:00:00;11.7;26.8;90.0;0.0;170.0;60.0;85.0;95.0
2020-12-15 02:00:00;9.9;25.9;90.0;0.0;180.0;60.0;84.0;94.0
2020-12-15 03:00:00;9.0;24.6;70.0;0.0;170.0;50.0;85.0;95.0
2020-12-15 04:00:00;9.6;21.7;60.0;0.0;180.0;40.0;84.0;93.0
2020-12-15 05:00:00;11.0;19.7;60.0;0.0;170.0;40.0;85.0;93.0
2020-12-15 06:00:00;14.8;15.1;70.0;0.0;180.0;40.0;86.0;94.0
2020-12-15 07:00:00;22.3;9.7;60.0;0.0;180.0;40.0;87.0;95.0
2020-12-15 08:00:00;28.7;5.5;60.0;0.0;180.0;40.0;88.0;98.0
2020-12-15 09:00:00;27.3;4.9;50.0;0.0;190.0;30.0;89.0;100.0
2020-12-15 10:00:00;28.7;4.1;50.0;0.0;200.0;40.0;89.0;101.0
2020-12-15 11:00:00;31.4;2.6;60.0;0.0;200.0;40.0;88.0;101.0
2020-12-15 12:00:00;34.8;2.5;70.0;0.0;210.0;50.0;88.0;102.0
2020-12-15 13:00:00;37.8;3.0;60.0;0.0;210.0;40.0;88.0;102.0
2020-12-15 14:00:00;37.3;13.4;50.0;0.0;190.0;30.0;77.0;88.0
2020-12-15 15:00:00;40.0;15.8;50.0;0.0;190.0;40.0;76.0;87.0
2020-12-15 16:00:00;49.6;5.4;50.0;0.0;200.0;40.0;60.0;70.0
2020-12-15 17:00:00;49.0;7.7;50.0;0.0;170.0;40.0;56.0;63.0
2020-12-15 18:00:00;40.0;15.9;50.0;0.0;170.0;30.0;65.0;71.0
2020-12-15 19:00:00;45.6;5.1;50.0;0.0;180.0;30.0;55.0;60.0
2020-12-15 20:00:00;43.9;2.9;40.0;0.0;170.0;30.0;60.0;61.0
2020-12-15 21:00:00;43.9;0.7;40.0;0.0;170.0;30.0;52.0;55.0
2020-12-15 22:00:00;45.5;0.2;40.0;0.0;170.0;30.0;46.0;49.0
2020-12-15 23:00:00;44.7;0.6;50.0;0.0;170.0;30.0;51.0;54.0
2020-12-16 00:00:00;42.6;1.5;50.0;0.0;160.0;30.0;56.0;57.0
2020-12-16 01:00:00;39.1;4.1;50.0;0.0;160.0;30.0;51.0;53.0
2020-12-16 02:00:00;39.3;2.9;50.0;0.0;150.0;30.0;52.0;53.0
2020-12-16 03:00:00;37.4;2.7;60.0;0.0;140.0;40.0;56.0;57.0
2020-12-16 04:00:00;30.4;7.5;70.0;0.0;140.0;50.0;50.0;52.0
2020-12-16 05:00:00;28.0;8.8;80.0;0.0;140.0;50.0;48.0;50.0
2020-12-16 06:00:00;29.6;6.7;70.0;0.0;150.0;50.0;50.0;51.0
2020-12-16 07:00:00;27.7;12.3;80.0;0.0;150.0;50.0;53.0;54.0
2020-12-16 08:00:00;37.6;7.9;80.0;0.0;150.0;50.0;52.0;55.0
2020-12-16 09:00:00;32.0;14.2;80.0;0.0;160.0;50.0;57.0;60.0
2020-12-16 10:00:00;31.3;15.3;70.0;0.0;140.0;50.0;65.0;74.0
2020-12-16 11:00:00;29.9;16.5;70.0;0.0;150.0;50.0;67.0;87.0
2020-12-16 12:00:00;36.6;14.1;70.0;0.0;150.0;50.0;69.0;90.0
2020-12-16 13:00:00;34.2;19.1;80.0;0.0;140.0;50.0;69.0;88.0
2020-12-16 14:00:00;38.0;15.3;80.0;0.0;140.0;50.0;66.0;83.0
2020-12-16 15:00:00;42.6;10.3;80.0;0.0;130.0;50.0;63.0;78.0
2020-12-16 16:00:00;44.7;7.4;80.0;0.0;130.0;50.0;65.0;77.0
2020-12-16 17:00:00;46.5;1.9;80.0;0.0;140.0;60.0;67.0;81.0
2020-12-16 18:00:00;44.1;1.1;80.0;0.0;140.0;60.0;69.0;86.0
2020-12-16 19:00:00;43.4;2.4;90.0;0.0;140.0;60.0;71.0;90.0
2020-12-16 20:00:00;42.6;3.9;90.0;0.0;160.0;60.0;70.0;90.0
2020-12-16 21:00:00;36.3;10.9;90.0;0.0;160.0;60.0;71.0;91.0
2020-12-16 22:00:00;25.7;20.9;90.0;0.0;170.0;60.0;71.0;90.0
2020-12-16 23:00:00;19.9;23.9;90.0;0.0;170.0;60.0;73.0;88.0
2020-12-17 00:00:00;15.5;26.3;70.0;8.0;180.0;50.0;77.0;89.0
2020-12-17 01:00:00;12.3;26.7;60.0;10.0;180.0;40.0;77.0;88.0
2020-12-17 02:00:00;15.9;22.7;50.0;10.0;180.0;40.0;79.0;87.0
2020-12-17 03:00:00;11.0;25.6;50.0;9.0;220.0;40.0;81.0;85.0
2020-12-17 04:00:00;11.4;22.8;50.0;10.0;220.0;30.0;79.0;83.0
2020-12-17 05:00:00;19.4;17.8;60.0;5.0;210.0;40.0;77.0;83.0
2020-12-17 06:00:00;27.5;15.5;100.0;1.0;200.0;50.0;74.0;85.0
2020-12-17 07:00:00;28.4;17.6;120.0;6.0;200.0;70.0;72.0;83.0
2020-12-17 08:00:00;29.9;31.3;90.0;0.0;200.0;60.0;78.0;91.0
2020-12-17 09:00:00;34.7;16.8;110.0;0.0;210.0;80.0;75.0;93.0
2020-12-17 10:00:00;30.6;20.4;110.0;0.0;220.0;80.0;75.0;97.0
2020-12-17 11:00:00;30.6;20.4;110.0;0.0;210.0;80.0;82.0;100.0
2020-12-17 12:00:00;21.3;37.9;130.0;0.0;210.0;80.0;78.0;101.0
2020-12-17 13:00:00;20.5;40.7;100.0;0.0;210.0;70.0;74.0;100.0
2020-12-17 14:00:00;19.0;41.1;100.0;0.0;210.0;70.0;69.0;92.0
2020-12-17 15:00:00;18.9;41.8;90.0;0.0;200.0;60.0;66.0;85.0
2020-12-17 16:00:00;21.2;36.9;80.0;0.0;210.0;60.0;61.0;78.0
2020-12-17 17:00:00;26.9;30.6;80.0;0.0;200.0;50.0;59.0;74.0
2020-12-17 18:00:00;35.3;20.4;80.0;0.0;200.0;50.0;64.0;82.0
2020-12-17 19:00:00;31.3;21.9;80.0;0.0;200.0;50.0;61.0;77.0
2020-12-17 20:00:00;28.0;23.9;80.0;0.0;200.0;60.0;63.0;78.0
2020-12-17 21:00:00;27.3;21.1;70.0;0.0;180.0;50.0;61.0;76.0
2020-12-17 22:00:00;26.9;17.7;70.0;0.0;190.0;50.0;58.0;73.0
2020-12-17 23:00:00;24.5;20.6;60.0;0.0;180.0;40.0;54.0;67.0
2020-12-18 00:00:00;19.1;25.1;60.0;0.0;170.0;40.0;49.0;58.0
2020-12-18 01:00:00;19.7;21.1;70.0;0.0;170.0;50.0;48.0;56.0
2020-12-18 02:00:00;20.8;19.0;60.0;0.0;170.0;50.0;47.0;54.0
2020-12-18 03:00:00;18.8;18.3;80.0;0.0;170.0;50.0;52.0;60.0
2020-12-18 04:00:00;17.4;20.3;80.0;0.0;170.0;60.0;55.0;63.0
2020-12-18 05:00:00;15.6;21.5;90.0;0.0;170.0;70.0;56.0;65.0
2020-12-18 06:00:00;15.9;23.2;90.0;0.0;180.0;60.0;58.0;67.0
2020-12-18 07:00:00;17.9;23.5;110.0;0.0;200.0;80.0;62.0;74.0
2020-12-18 08:00:00;19.2;22.9;110.0;0.0;190.0;70.0;64.0;83.0
2020-12-18 09:00:00;20.6;27.0;100.0;0.0;180.0;70.0;67.0;88.0
2020-12-18 10:00:00;18.2;31.9;90.0;0.0;180.0;70.0;73.0;98.0
2020-12-18 11:00:00;19.3;31.9;110.0;0.0;180.0;70.0;73.0;103.0
2020-12-18 12:00:00;17.1;37.4;100.0;0.0;190.0;70.0;70.0;111.0
2020-12-18 13:00:00;16.4;41.8;110.0;0.0;180.0;70.0;68.0;104.0
2020-12-18 14:00:00;17.7;39.7;90.0;0.0;170.0;60.0;69.0;98.0
2020-12-18 15:00:00;25.1;31.8;100.0;0.0;170.0;70.0;62.0;94.0
2020-12-18 16:00:00;20.8;39.8;90.0;0.0;160.0;60.0;58.0;88.0
2020-12-18 17:00:00;31.4;29.8;100.0;0.0;160.0;70.0;55.0;89.0
2020-12-18 18:00:00;27.8;35.6;100.0;0.0;170.0;70.0;54.0;86.0
2020-12-18 19:00:00;18.1;43.2;100.0;0.0;160.0;70.0;53.0;78.0
2020-12-18 20:00:00;16.7;44.0;90.0;0.0;160.0;60.0;52.0;74.0
2020-12-18 21:00:00;18.9;40.7;80.0;0.0;150.0;60.0;52.0;71.0
2020-12-18 22:00:00;15.7;41.5;100.0;0.0;150.0;70.0;53.0;68.0
2020-12-18 23:00:00;14.6;40.2;100.0;0.0;150.0;70.0;54.0;70.0
2020-12-19 00:00:00;15.6;34.1;100.0;0.0;150.0;70.0;51.0;66.0
2020-12-19 01:00:00;16.4;29.3;90.0;0.0;150.0;60.0;46.0;61.0
2020-12-19 02:00:00;14.7;30.9;100.0;0.0;150.0;60.0;44.0;58.0
2020-12-19 03:00:00;13.6;32.0;90.0;0.0;150.0;60.0;44.0;57.0
2020-12-19 04:00:00;13.1;32.1;90.0;0.0;150.0;60.0;44.0;57.0
2020-12-19 05:00:00;11.1;37.0;110.0;0.0;150.0;60.0;50.0;65.0
2020-12-19 06:00:00;12.4;35.8;120.0;0.0;150.0;80.0;51.0;69.0
2020-12-19 07:00:00;14.8;32.5;120.0;0.0;150.0;80.0;56.0;71.0
2020-12-19 08:00:00;17.0;30.5;110.0;0.0;150.0;80.0;63.0;81.0
2020-12-19 09:00:00;16.4;28.2;120.0;0.0;160.0;80.0;66.0;88.0
2020-12-19 10:00:00;14.2;30.5;120.0;0.0;160.0;80.0;70.0;96.0
2020-12-19 11:00:00;17.3;29.8;100.0;0.0;180.0;70.0;75.0;102.0
2020-12-19 12:00:00;12.9;34.2;110.0;0.0;200.0;80.0;77.0;103.0
2020-12-19 13:00:00;14.1;31.6;110.0;6.0;200.0;80.0;85.0;102.0
2020-12-19 14:00:00;15.1;34.5;110.0;0.0;200.0;70.0;81.0;102.0
2020-12-19 15:00:00;15.8;33.4;110.0;0.0;190.0;70.0;79.0;100.0
2020-12-19 16:00:00;17.3;32.7;100.0;0.0;180.0;70.0;76.0;93.0
2020-12-19 17:00:00;18.0;32.8;80.0;0.0;180.0;60.0;73.0;94.0
2020-12-19 18:00:00;18.1;31.4;80.0;0.0;180.0;50.0;71.0;87.0
2020-12-19 19:00:00;17.1;32.3;80.0;0.0;190.0;50.0;65.0;80.0
2020-12-19 20:00:00;14.9;33.0;70.0;0.0;180.0;60.0;66.0;79.0
2020-12-19 21:00:00;14.4;32.5;80.0;0.0;180.0;50.0;67.0;80.0
2020-12-19 22:00:00;13.2;35.1;80.0;0.0;170.0;50.0;66.0;78.0
2020-12-19 23:00:00;14.8;31.5;80.0;0.0;170.0;50.0;65.0;76.0
2020-12-20 00:00:00;14.9;30.4;80.0;0.0;170.0;50.0;68.0;79.0
2020-12-20 01:00:00;15.0;29.5;80.0;0.0;180.0;50.0;70.0;80.0
2020-12-20 02:00:00;11.5;32.2;60.0;0.0;190.0;40.0;71.0;86.0
2020-12-20 03:00:00;13.3;30.2;60.0;0.0;170.0;40.0;66.0;77.0
2020-12-20 04:00:00;14.1;28.5;80.0;0.0;180.0;50.0;67.0;78.0
2020-12-20 05:00:00;13.7;29.1;80.0;0.0;180.0;60.0;67.0;77.0
2020-12-20 06:00:00;9.6;31.0;80.0;0.0;180.0;50.0;65.0;74.0
2020-12-20 07:00:00;11.5;27.9;90.0;0.0;180.0;60.0;63.0;73.0
2020-12-20 08:00:00;12.8;26.9;70.0;0.0;180.0;50.0;64.0;73.0
2020-12-20 09:00:00;15.2;25.0;70.0;0.0;180.0;50.0;69.0;79.0
2020-12-20 10:00:00;15.1;25.2;80.0;0.0;180.0;50.0;71.0;85.0
2020-12-20 11:00:00;15.6;28.2;100.0;0.0;190.0;60.0;74.0;93.0
2020-12-20 12:00:00;15.1;31.9;110.0;0.0;210.0;70.0;73.0;94.0
2020-12-20 13:00:00;14.8;39.9;80.0;0.0;200.0;60.0;71.0;93.0
2020-12-20 14:00:00;14.3;43.0;80.0;0.0;190.0;50.0;67.0;91.0
2020-12-20 15:00:00;15.3;41.3;90.0;0.0;190.0;60.0;67.0;89.0
2020-12-20 16:00:00;16.2;38.7;80.0;0.0;190.0;50.0;58.0;75.0
2020-12-20 17:00:00;18.3;36.1;90.0;0.0;200.0;60.0;56.0;77.0
2020-12-20 18:00:00;17.5;37.5;80.0;0.0;200.0;60.0;55.0;76.0
2020-12-20 19:00:00;20.2;34.1;80.0;0.0;210.0;60.0;51.0;72.0
2020-12-20 20:00:00;19.9;32.5;80.0;0.0;190.0;60.0;46.0;69.0
2020-12-20 21:00:00;21.7;31.8;90.0;0.0;210.0;60.0;47.0;71.0
2020-12-20 22:00:00;19.4;38.0;90.0;0.0;210.0;60.0;44.0;70.0
2020-12-20 23:00:00;18.4;41.0;90.0;0.0;210.0;60.0;40.0;63.0
2020-12-21 00:00:00;18.7;41.1;80.0;0.0;200.0;50.0;39.0;57.0
2020-12-21 01:00:00;18.3;41.1;80.0;0.0;180.0;40.0;40.0;54.0
2020-12-21 02:00:00;16.3;37.6;70.0;0.0;180.0;50.0;42.0;55.0
2020-12-21 03:00:00;14.1;33.6;60.0;0.0;170.0;40.0;38.0;47.0
2020-12-21 04:00:00;12.4;30.1;70.0;0.0;170.0;40.0;41.0;49.0
2020-12-21 05:00:00;15.1;27.0;60.0;0.0;150.0;40.0;42.0;49.0
2020-12-21 06:00:00;17.3;25.1;70.0;0.0;170.0;40.0;45.0;53.0
2020-12-21 07:00:00;21.6;20.5;70.0;0.0;160.0;40.0;49.0;58.0
2020-12-21 08:00:00;24.8;20.5;80.0;0.0;160.0;60.0;56.0;68.0
2020-12-21 09:00:00;24.6;21.5;100.0;5.0;160.0;60.0;62.0;72.0
2020-12-21 10:00:00;21.8;25.5;100.0;10.0;150.0;70.0;66.0;76.0
2020-12-21 11:00:00;19.9;29.2;110.0;10.0;160.0;80.0;67.0;79.0
2020-12-21 12:00:00;26.7;28.1;130.0;9.0;150.0;80.0;68.0;80.0
2020-12-21 13:00:00;22.2;35.8;130.0;10.0;150.0;90.0;69.0;80.0
2020-12-21 14:00:00;19.1;39.5;140.0;8.0;160.0;90.0;69.0;80.0
2020-12-21 15:00:00;18.3;41.5;130.0;9.0;160.0;90.0;72.0;80.0
2020-12-21 16:00:00;17.1;45.7;140.0;8.0;180.0;80.0;76.0;82.0
2020-12-21 17:00:00;17.8;43.0;100.0;10.0;180.0;70.0;82.0;88.0
2020-12-21 18:00:00;15.1;39.5;110.0;5.0;200.0;70.0;94.0;98.0
2020-12-21 19:00:00;15.8;30.5;90.0;7.0;190.0;70.0;99.0;104.0
2020-12-21 20:00:00;18.8;23.0;90.0;8.0;190.0;60.0;102.0;106.0
2020-12-21 21:00:00;17.8;21.5;100.0;10.0;210.0;60.0;114.0;119.0
2020-12-21 22:00:00;18.8;19.3;160.0;6.0;230.0;100.0;116.0;130.0
2020-12-21 23:00:00;15.8;30.0;160.0;0.0;230.0;110.0;115.0;125.0
2020-12-22 00:00:00;13.5;40.7;170.0;8.0;230.0;110.0;116.0;123.0
2020-12-22 01:00:00;13.8;42.3;190.0;10.0;240.0;120.0;117.0;125.0
2020-12-22 02:00:00;14.1;45.3;200.0;9.0;240.0;130.0;114.0;127.0
2020-12-22 03:00:00;11.7;49.1;180.0;0.0;240.0;120.0;113.0;132.0
2020-12-22 04:00:00;12.5;52.0;190.0;0.0;240.0;110.0;109.0;131.0
2020-12-22 05:00:00;11.8;54.0;180.0;0.0;230.0;110.0;108.0;131.0
2020-12-22 06:00:00;13.9;52.7;170.0;0.0;240.0;120.0;107.0;131.0
2020-12-22 07:00:00;13.2;55.1;170.0;4.0;250.0;110.0;107.0;119.0
2020-12-22 08:00:00;15.9;53.4;160.0;1.0;300.0;90.0;91.0;103.0
2020-12-22 09:00:00;13.4;43.3;100.0;0.0;280.0;60.0;88.0;101.0
2020-12-22 10:00:00;20.7;20.0;70.0;0.0;280.0;50.0;83.0;99.0
2020-12-22 11:00:00;33.3;11.7;60.0;0.0;270.0;40.0;80.0;98.0
2020-12-22 12:00:00;31.7;23.5;70.0;0.0;290.0;50.0;76.0;95.0
2020-12-22 13:00:00;18.1;38.9;60.0;0.0;290.0;30.0;76.0;95.0
2020-12-22 14:00:00;22.0;39.2;40.0;0.0;270.0;20.0;72.0;92.0
2020-12-22 15:00:00;37.6;24.4;30.0;0.0;250.0;20.0;63.0;79.0
2020-12-22 16:00:00;31.6;30.2;20.0;0.0;180.0;20.0;64.0;76.0
2020-12-22 17:00:00;39.8;16.8;30.0;0.0;180.0;20.0;61.0;71.0
2020-12-22 18:00:00;41.4;11.2;20.0;0.0;150.0;10.0;71.0;81.0
2020-12-22 19:00:00;45.9;8.5;20.0;0.0;150.0;20.0;74.0;85.0
2020-12-22 20:00:00;48.9;5.9;40.0;0.0;170.0;20.0;79.0;87.0
2020-12-22 21:00:00;45.3;8.5;30.0;0.0;160.0;20.0;82.0;87.0
2020-12-22 22:00:00;38.8;8.1;20.0;0.0;130.0;10.0;79.0;87.0
2020-12-22 23:00:00;38.9;3.1;30.0;0.0;90.0;20.0;82.0;88.0
2020-12-23 00:00:00;41.4;-0.4;30.0;0.0;120.0;20.0;83.0;90.0
2020-12-23 01:00:00;39.7;-0.4;40.0;0.0;100.0;20.0;85.0;90.0
2020-12-23 02:00:00;34.0;1.1;40.0;0.0;100.0;20.0;87.0;90.0
2020-12-23 03:00:00;25.4;4.2;50.0;6.0;120.0;30.0;90.0;92.0
2020-12-23 04:00:00;25.7;2.0;40.0;6.0;110.0;30.0;92.0;94.0
2020-12-23 05:00:00;25.9;0.3;40.0;4.0;130.0;30.0;97.0;99.0
2020-12-23 06:00:00;25.6;-0.4;40.0;9.0;140.0;30.0;102.0;104.0
2020-12-23 07:00:00;25.1;-0.7;40.0;8.0;180.0;30.0;106.0;109.0
2020-12-23 08:00:00;31.3;-0.6;60.0;3.0;210.0;30.0;108.0;113.0
2020-12-23 09:00:00;38.5;2.2;70.0;10.0;190.0;50.0;109.0;114.0
2020-12-23 10:00:00;32.8;20.2;60.0;10.0;180.0;40.0;110.0;114.0
2020-12-23 11:00:00;30.7;21.9;60.0;10.0;170.0;40.0;109.0;114.0
2020-12-23 12:00:00;24.6;28.7;60.0;10.0;160.0;40.0;109.0;112.0
2020-12-23 13:00:00;27.6;32.1;70.0;5.0;220.0;40.0;111.0;120.0
2020-12-23 14:00:00;30.7;30.2;60.0;0.0;190.0;40.0;107.0;116.0
2020-12-23 15:00:00;36.7;24.6;60.0;2.0;170.0;40.0;108.0;116.0
2020-12-23 16:00:00;36.4;18.6;60.0;0.0;190.0;40.0;107.0;117.0
2020-12-23 17:00:00;29.8;18.9;80.0;2.0;210.0;60.0;107.0;118.0
2020-12-23 18:00:00;30.5;15.4;130.0;6.0;240.0;70.0;95.0;114.0
2020-12-23 19:00:00;30.2;18.3;110.0;7.0;240.0;70.0;93.0;110.0
2020-12-23 20:00:00;15.6;49.6;80.0;0.0;230.0;60.0;89.0;106.0
2020-12-23 21:00:00;14.2;52.8;70.0;0.0;220.0;50.0;87.0;102.0
2020-12-23 22:00:00;21.2;44.1;90.0;3.0;230.0;50.0;84.0;99.0
2020-12-23 23:00:00;25.4;27.8;90.0;1.0;230.0;50.0;71.0;94.0
2020-12-24 00:00:00;11.0;24.0;70.0;8.0;220.0;40.0;69.0;89.0
2020-12-24 01:00:00;8.0;32.0;100.0;0.0;40.0;40.0;51.0;65.0
2020-12-24 02:00:00;4.2;52.2;120.0;9.0;30.0;70.0;45.0;55.0
2020-12-24 03:00:00;2.3;64.7;140.0;10.0;30.0;90.0;21.0;40.0
2020-12-24 04:00:00;1.1;69.7;150.0;10.0;40.0;80.0;28.0;43.0
2020-12-24 05:00:00;1.6;68.2;100.0;10.0;20.0;50.0;31.0;44.0
2020-12-24 06:00:00;4.3;61.8;60.0;10.0;360.0;40.0;33.0;44.0
2020-12-24 07:00:00;10.5;54.1;70.0;6.0;330.0;30.0;34.0;50.0
2020-12-24 08:00:00;15.7;47.2;80.0;1.0;10.0;40.0;32.0;62.0
2020-12-24 09:00:00;21.2;42.1;70.0;0.0;330.0;40.0;33.0;65.0
2020-12-24 10:00:00;19.7;42.6;60.0;0.0;330.0;40.0;32.0;69.0
2020-12-24 11:00:00;15.6;47.9;100.0;2.0;330.0;50.0;35.0;65.0
2020-12-24 12:00:00;10.5;54.2;120.0;0.0;330.0;60.0;32.0;62.0
2020-12-24 13:00:00;10.9;52.8;110.0;3.0;350.0;60.0;23.0;52.0
2020-12-24 14:00:00;9.1;54.7;120.0;0.0;330.0;70.0;20.0;50.0
2020-12-24 15:00:00;10.0;54.8;100.0;0.0;340.0;60.0;21.0;54.0
2020-12-24 16:00:00;9.9;55.3;90.0;0.0;340.0;50.0;18.0;53.0
2020-12-24 17:00:00;13.0;53.6;70.0;0.0;340.0;50.0;14.0;50.0
2020-12-24 18:00:00;9.9;58.1;80.0;0.0;350.0;50.0;18.0;53.0
2020-12-24 19:00:00;8.1;60.4;80.0;0.0;340.0;50.0;16.0;46.0
2020-12-24 20:00:00;6.5;59.1;80.0;0.0;10.0;50.0;16.0;51.0
2020-12-24 21:00:00;6.4;57.6;80.0;0.0;360.0;50.0;13.0;47.0
2020-12-24 22:00:00;3.7;62.6;110.0;6.0;340.0;60.0;13.0;44.0
2020-12-24 23:00:00;4.5;59.6;80.0;0.0;310.0;40.0;7.0;19.0
2020-12-25 00:00:00;5.3;55.8;60.0;0.0;340.0;40.0;16.0;36.0
2020-12-25 01:00:00;6.4;54.0;50.0;0.0;320.0;30.0;6.0;19.0
2020-12-25 02:00:00;6.0;53.5;50.0;1.0;320.0;30.0;13.0;25.0
2020-12-25 03:00:00;5.4;53.9;70.0;0.0;350.0;30.0;5.0;37.0
2020-12-25 04:00:00;3.6;62.0;70.0;0.0;330.0;40.0;5.0;27.0
2020-12-25 05:00:00;3.7;66.1;60.0;0.0;310.0;30.0;2.0;18.0
2020-12-25 06:00:00;4.6;65.2;50.0;0.0;310.0;20.0;-7.0;9.0
2020-12-25 07:00:00;6.5;56.5;70.0;0.0;320.0;30.0;-2.0;17.0
2020-12-25 08:00:00;9.1;55.4;80.0;0.0;320.0;30.0;8.0;33.0
2020-12-25 09:00:00;10.2;59.4;80.0;0.0;340.0;30.0;11.0;43.0
2020-12-25 10:00:00;10.2;60.8;70.0;0.0;360.0;30.0;17.0;60.0
2020-12-25 11:00:00;7.1;63.7;80.0;0.0;340.0;50.0;19.0;56.0
2020-12-25 12:00:00;6.5;67.3;80.0;3.0;340.0;40.0;24.0;54.0
2020-12-25 13:00:00;6.4;69.0;60.0;0.0;330.0;30.0;25.0;58.0
2020-12-25 14:00:00;7.8;66.0;100.0;2.0;340.0;40.0;23.0;50.0
2020-12-25 15:00:00;7.9;64.3;70.0;1.0;330.0;30.0;19.0;42.0
2020-12-25 16:00:00;8.9;63.7;80.0;1.0;310.0;30.0;4.0;23.0
2020-12-25 17:00:00;12.3;59.4;50.0;0.0;260.0;20.0;10.0;28.0
2020-12-25 18:00:00;12.1;47.8;40.0;0.0;310.0;20.0;16.0;36.0
2020-12-25 19:00:00;24.5;30.5;30.0;0.0;310.0;10.0;9.0;21.0
2020-12-25 20:00:00;31.4;29.7;30.0;0.0;200.0;10.0;-19.0;-5.0
2020-12-25 21:00:00;20.9;27.8;30.0;0.0;220.0;20.0;2.0;14.0
2020-12-25 22:00:00;33.7;17.7;50.0;0.0;250.0;20.0;12.0;33.0
2020-12-25 23:00:00;44.9;21.3;40.0;2.0;260.0;30.0;21.0;36.0
2020-12-26 00:00:00;36.2;32.3;50.0;6.0;240.0;30.0;29.0;42.0
2020-12-26 01:00:00;17.1;50.7;60.0;0.0;250.0;40.0;14.0;43.0
2020-12-26 02:00:00;14.3;49.6;50.0;0.0;210.0;40.0;6.0;24.0
2020-12-26 03:00:00;11.7;52.2;50.0;0.0;210.0;40.0;21.0;35.0
2020-12-26 04:00:00;9.3;52.0;60.0;0.0;220.0;40.0;28.0;46.0
2020-12-26 05:00:00;16.8;42.6;60.0;0.0;220.0;40.0;30.0;48.0
2020-12-26 06:00:00;15.9;46.0;80.0;0.0;230.0;50.0;27.0;55.0
2020-12-26 07:00:00;14.3;46.7;80.0;0.0;230.0;50.0;29.0;59.0
2020-12-26 08:00:00;27.0;34.3;90.0;0.0;200.0;60.0;31.0;50.0
2020-12-26 09:00:00;22.6;38.3;110.0;0.0;210.0;70.0;34.0;56.0
2020-12-26 10:00:00;21.7;38.5;110.0;0.0;200.0;80.0;31.0;54.0
2020-12-26 11:00:00;21.6;40.1;120.0;0.0;210.0;80.0;41.0;55.0
2020-12-26 12:00:00;18.3;42.8;140.0;0.0;210.0;90.0;40.0;57.0
2020-12-26 13:00:00;17.7;43.1;140.0;7.0;210.0;100.0;42.0;52.0
2020-12-26 14:00:00;20.0;38.6;130.0;6.0;210.0;90.0;46.0;55.0
2020-12-26 15:00:00;21.2;39.2;130.0;3.0;200.0;90.0;49.0;59.0
2020-12-26 16:00:00;20.2;39.5;130.0;8.0;210.0;90.0;53.0;63.0
2020-12-26 17:00:00;18.3;40.1;160.0;1.0;210.0;100.0;51.0;64.0
2020-12-26 18:00:00;16.6;43.0;160.0;0.0;200.0;110.0;49.0;61.0
2020-12-26 19:00:00;12.9;47.5;150.0;2.0;200.0;110.0;49.0;62.0
2020-12-26 20:00:00;9.8;50.2;160.0;0.0;200.0;120.0;48.0;61.0
2020-12-26 21:00:00;8.4;52.2;180.0;0.0;200.0;130.0;52.0;65.0
2020-12-26 22:00:00;7.2;53.5;210.0;0.0;200.0;140.0;47.0;68.0
2020-12-26 23:00:00;6.1;55.9;210.0;0.0;190.0;150.0;43.0;64.0
2020-12-27 00:00:00;5.2;55.6;210.0;0.0;190.0;140.0;39.0;61.0
2020-12-27 01:00:00;6.0;54.5;210.0;0.0;190.0;140.0;36.0;59.0
2020-12-27 02:00:00;7.6;50.9;200.0;3.0;190.0;140.0;36.0;53.0
2020-12-27 03:00:00;6.2;52.2;200.0;10.0;190.0;140.0;38.0;53.0
2020-12-27 04:00:00;5.0;55.2;210.0;10.0;180.0;140.0;38.0;57.0
2020-12-27 05:00:00;4.0;58.3;230.0;10.0;180.0;150.0;40.0;59.0
2020-12-27 06:00:00;3.9;60.7;220.0;10.0;180.0;150.0;41.0;60.0
2020-12-27 07:00:00;3.1;61.8;230.0;10.0;180.0;150.0;42.0;61.0
2020-12-27 08:00:00;3.5;62.1;220.0;5.0;180.0;150.0;42.0;66.0
2020-12-27 09:00:00;3.7;62.0;230.0;0.0;180.0;150.0;42.0;71.0
2020-12-27 10:00:00;4.1;62.0;220.0;0.0;190.0;160.0;44.0;70.0
2020-12-27 11:00:00;4.7;62.1;220.0;10.0;210.0;150.0;50.0;69.0
2020-12-27 12:00:00;5.7;61.5;170.0;10.0;220.0;100.0;51.0;64.0
2020-12-27 13:00:00;8.3;59.3;120.0;10.0;210.0;70.0;51.0;65.0
2020-12-27 14:00:00;9.9;56.2;110.0;10.0;190.0;60.0;46.0;59.0
2020-12-27 15:00:00;14.3;59.3;90.0;10.0;190.0;60.0;42.0;57.0
2020-12-27 16:00:00;17.0;57.4;80.0;8.0;190.0;50.0;48.0;59.0
2020-12-27 17:00:00;13.1;58.8;90.0;4.0;210.0;60.0;42.0;57.0
2020-12-27 18:00:00;16.6;51.6;80.0;6.0;290.0;40.0;32.0;45.0
2020-12-27 19:00:00;15.8;49.7;60.0;3.0;200.0;30.0;34.0;46.0
2020-12-27 20:00:00;12.8;60.6;60.0;0.0;160.0;30.0;40.0;46.0
2020-12-27 21:00:00;32.2;36.9;50.0;0.0;180.0;20.0;31.0;36.0
2020-12-27 22:00:00;15.7;41.8;40.0;0.0;180.0;20.0;27.0;34.0
2020-12-27 23:00:00;18.0;40.7;40.0;0.0;150.0;30.0;18.0;24.0
2020-12-28 00:00:00;18.4;39.9;70.0;0.0;170.0;40.0;29.0;32.0
2020-12-28 01:00:00;14.2;41.8;60.0;0.0;180.0;40.0;22.0;27.0
2020-12-28 02:00:00;13.0;40.7;60.0;0.0;160.0;40.0;20.0;26.0
2020-12-28 03:00:00;17.7;35.3;70.0;0.0;170.0;50.0;21.0;27.0
2020-12-28 04:00:00;18.7;33.1;60.0;0.0;150.0;40.0;22.0;28.0
2020-12-28 05:00:00;18.6;35.0;80.0;0.0;150.0;50.0;22.0;32.0
2020-12-28 06:00:00;18.4;39.8;70.0;0.0;150.0;40.0;21.0;31.0
2020-12-28 07:00:00;19.1;42.2;80.0;0.0;160.0;60.0;20.0;27.0
2020-12-28 08:00:00;21.8;41.7;70.0;0.0;160.0;40.0;25.0;36.0
2020-12-28 09:00:00;15.1;49.7;70.0;0.0;140.0;40.0;29.0;43.0
2020-12-28 10:00:00;24.1;38.5;70.0;0.0;150.0;50.0;28.0;49.0
2020-12-28 11:00:00;25.7;36.4;60.0;0.0;150.0;40.0;27.0;54.0
2020-12-28 12:00:00;24.7;38.9;70.0;0.0;150.0;50.0;25.0;49.0
2020-12-28 13:00:00;31.4;33.8;60.0;0.0;140.0;40.0;20.0;46.0
2020-12-28 14:00:00;30.3;35.3;50.0;0.0;110.0;30.0;19.0;40.0
2020-12-28 15:00:00;28.6;37.3;60.0;0.0;100.0;40.0;16.0;37.0
2020-12-28 16:00:00;24.3;36.1;60.0;0.0;90.0;40.0;12.0;31.0
2020-12-28 17:00:00;26.5;31.5;50.0;0.0;100.0;40.0;16.0;34.0
2020-12-28 18:00:00;26.6;27.1;50.0;0.0;130.0;30.0;18.0;37.0
2020-12-28 19:00:00;31.9;20.7;40.0;5.0;120.0;20.0;24.0;37.0
2020-12-28 20:00:00;28.0;25.8;40.0;10.0;130.0;20.0;25.0;35.0
2020-12-28 21:00:00;26.1;24.1;50.0;10.0;110.0;30.0;19.0;30.0
2020-12-28 22:00:00;21.0;33.4;30.0;10.0;40.0;10.0;22.0;29.0
2020-12-28 23:00:00;17.1;38.7;20.0;10.0;40.0;10.0;19.0;30.0
2020-12-29 00:00:00;13.2;39.9;10.0;10.0;20.0;10.0;23.0;30.0
2020-12-29 01:00:00;12.6;36.9;20.0;9.0;360.0;10.0;25.0;34.0
2020-12-29 02:00:00;13.5;27.9;30.0;10.0;300.0;20.0;27.0;33.0
2020-12-29 03:00:00;14.0;23.0;40.0;10.0;340.0;20.0;27.0;35.0
2020-12-29 04:00:00;15.5;19.4;40.0;10.0;330.0;30.0;29.0;35.0
2020-12-29 05:00:00;17.8;14.8;30.0;10.0;310.0;20.0;27.0;33.0
2020-12-29 06:00:00;22.2;9.6;30.0;9.0;310.0;20.0;24.0;29.0
2020-12-29 07:00:00;24.9;6.1;30.0;0.0;250.0;20.0;13.0;25.0
2020-12-29 08:00:00;30.0;1.6;50.0;0.0;230.0;30.0;19.0;30.0
2020-12-29 09:00:00;34.4;1.9;50.0;0.0;210.0;30.0;23.0;38.0
2020-12-29 10:00:00;43.7;21.1;50.0;0.0;220.0;30.0;27.0;50.0
2020-12-29 11:00:00;33.0;34.8;50.0;0.0;220.0;40.0;29.0;56.0
2020-12-29 12:00:00;44.7;27.7;60.0;0.0;230.0;40.0;38.0;59.0
2020-12-29 13:00:00;42.4;31.6;50.0;0.0;250.0;40.0;36.0;63.0
2020-12-29 14:00:00;52.5;14.5;80.0;0.0;340.0;40.0;28.0;44.0
2020-12-29 15:00:00;31.3;33.3;40.0;0.0;340.0;10.0;25.0;37.0
2020-12-29 16:00:00;26.3;34.6;40.0;0.0;220.0;30.0;9.0;17.0
2020-12-29 17:00:00;38.2;18.8;50.0;0.0;220.0;30.0;11.0;18.0
2020-12-29 18:00:00;48.2;16.8;60.0;0.0;220.0;40.0;11.0;18.0
2020-12-29 19:00:00;46.3;21.5;70.0;2.0;50.0;30.0;24.0;33.0
2020-12-29 20:00:00;22.4;51.9;40.0;0.0;160.0;20.0;24.0;37.0
2020-12-29 21:00:00;20.2;50.7;70.0;8.0;190.0;40.0;25.0;35.0
2020-12-29 22:00:00;22.5;46.4;70.0;0.0;200.0;50.0;23.0;34.0
2020-12-29 23:00:00;23.6;33.8;70.0;3.0;220.0;40.0;26.0;37.0
2020-12-30 00:00:00;24.0;34.8;60.0;0.0;210.0;40.0;22.0;33.0
2020-12-30 01:00:00;22.3;38.8;70.0;1.0;230.0;40.0;26.0;36.0
2020-12-30 02:00:00;18.9;45.4;40.0;3.0;220.0;30.0;26.0;33.0
2020-12-30 03:00:00;12.5;54.9;30.0;3.0;200.0;10.0;17.0;26.0
2020-12-30 04:00:00;16.1;49.7;50.0;0.0;210.0;40.0;9.0;16.0
2020-12-30 05:00:00;13.4;55.6;60.0;0.0;200.0;40.0;16.0;24.0
2020-12-30 06:00:00;26.7;35.5;40.0;0.0;170.0;20.0;21.0;28.0
2020-12-30 07:00:00;31.3;32.5;50.0;0.0;190.0;30.0;18.0;22.0
2020-12-30 08:00:00;41.1;22.8;60.0;2.0;220.0;30.0;34.0;50.0
2020-12-30 09:00:00;44.1;14.8;60.0;1.0;230.0;40.0;37.0;55.0
2020-12-30 10:00:00;43.4;26.0;70.0;0.0;240.0;50.0;30.0;60.0
2020-12-30 11:00:00;40.4;32.9;70.0;1.0;240.0;50.0;39.0;60.0
2020-12-30 12:00:00;15.8;56.6;110.0;1.0;260.0;60.0;31.0;51.0
2020-12-30 13:00:00;11.8;56.6;100.0;6.0;240.0;40.0;42.0;57.0
2020-12-30 14:00:00;10.0;49.6;80.0;0.0;260.0;50.0;25.0;61.0
2020-12-30 15:00:00;19.0;40.3;70.0;0.0;250.0;50.0;25.0;59.0
2020-12-30 16:00:00;18.2;45.8;60.0;0.0;230.0;40.0;25.0;52.0
2020-12-30 17:00:00;16.7;45.8;70.0;1.0;220.0;50.0;17.0;38.0
2020-12-30 18:00:00;19.8;40.3;80.0;1.0;210.0;50.0;21.0;37.0
2020-12-30 19:00:00;23.2;38.7;70.0;0.0;210.0;50.0;21.0;41.0
2020-12-30 20:00:00;25.0;36.3;80.0;0.0;200.0;50.0;19.0;33.0
2020-12-30 21:00:00;24.7;37.6;60.0;0.0;180.0;40.0;22.0;35.0
2020-12-30 22:00:00;26.0;31.7;80.0;0.0;220.0;50.0;23.0;39.0
2020-12-30 23:00:00;24.0;26.7;80.0;0.0;250.0;40.0;15.0;28.0
