DateTime;NO2;O3
2018-08-01 00:00:00;25.9;56.1
2018-08-01 01:00:00;21.3;62.8
2018-08-01 02:00:00;19.7;67.7
2018-08-01 03:00:00;25.1;57.6
2018-08-01 04:00:00;49.9;31.2
2018-08-01 05:00:00;46.5;33.4
2018-08-01 06:00:00;58.2;21.1
2018-08-01 07:00:00;58.1;27.5
2018-08-01 08:00:00;51.3;34.5
2018-08-01 09:00:00;57.5;37.3
2018-08-01 10:00:00;56.3;48.4
2018-08-01 11:00:00;47.2;53.3
2018-08-01 12:00:00;46.2;57.2
2018-08-01 13:00:00;37.3;71.5
2018-08-01 14:00:00;33.5;66.2
2018-08-01 15:00:00;30.8;62.7
2018-08-01 16:00:00;26.6;63.1
2018-08-01 17:00:00;35.6;52.7
2018-08-01 18:00:00;28.8;59.1
2018-08-01 19:00:00;20.4;63.4
2018-08-01 20:00:00;25.2;57.8
2018-08-01 21:00:00;37.1;40.9
2018-08-01 22:00:00;52.9;26.1
2018-08-01 23:00:00;32.5;39.0
2018-08-02 00:00:00;26.1;36.2
2018-08-02 01:00:00;43.1;19.5
2018-08-02 02:00:00;36.5;30.1
2018-08-02 03:00:00;30.3;36.4
2018-08-02 04:00:00;30.2;41.2
2018-08-02 05:00:00;47.7;26.6
2018-08-02 06:00:00;74.5;8.3
2018-08-02 07:00:00;61.2;26.4
2018-08-02 08:00:00;38.4;56.1
2018-08-02 09:00:00;35.5;68.8
2018-08-02 10:00:00;40.2;69.1
2018-08-02 11:00:00;43.7;72.3
2018-08-02 12:00:00;56.6;62.3
2018-08-02 13:00:00;48.8;74.9
2018-08-02 14:00:00;33.8;84.8
2018-08-02 15:00:00;29.5;91.8
2018-08-02 16:00:00;27.9;96.8
2018-08-02 17:00:00;30.6;100.8
2018-08-02 18:00:00;35.1;95.8
2018-08-02 19:00:00;36.3;92.5
2018-08-02 20:00:00;52.0;58.1
2018-08-02 21:00:00;59.4;36.3
2018-08-02 22:00:00;41.0;37.2
2018-08-02 23:00:00;29.1;36.5
2018-08-03 00:00:00;40.4;25.9
2018-08-03 01:00:00;50.1;21.9
2018-08-03 02:00:00;41.8;29.8
2018-08-03 03:00:00;55.0;13.7
2018-08-03 04:00:00;45.0;22.2
2018-08-03 05:00:00;53.7;21.0
2018-08-03 06:00:00;67.8;11.3
2018-08-03 07:00:00;45.6;35.4
2018-08-03 08:00:00;33.4;62.5
2018-08-03 09:00:00;36.4;78.1
2018-08-03 10:00:00;54.6;75.0
2018-08-03 11:00:00;40.7;95.0
2018-08-03 12:00:00;52.4;100.4
2018-08-03 13:00:00;32.9;108.1
2018-08-03 14:00:00;22.3;118.0
2018-08-03 15:00:00;17.9;116.6
2018-08-03 16:00:00;20.7;108.9
2018-08-03 17:00:00;15.3;94.3
2018-08-03 18:00:00;11.8;97.2
2018-08-03 19:00:00;17.0;92.8
2018-08-03 20:00:00;15.9;85.7
2018-08-03 21:00:00;19.2;75.1
2018-08-03 22:00:00;18.6;49.6
2018-08-03 23:00:00;23.0;38.3
2018-08-04 00:00:00;19.7;46.9
2018-08-04 01:00:00;13.8;55.0
2018-08-04 02:00:00;13.8;56.6
2018-08-04 03:00:00;20.8;46.2
2018-08-04 04:00:00;32.8;32.4
2018-08-04 05:00:00;24.5;29.4
2018-08-04 06:00:00;30.0;24.6
2018-08-04 07:00:00;25.1;36.6
2018-08-04 08:00:00;25.1;48.2
2018-08-04 09:00:00;23.9;63.9
2018-08-04 10:00:00;23.8;68.3
2018-08-04 11:00:00;23.4;71.6
2018-08-04 12:00:00;14.6;84.8
2018-08-04 13:00:00;18.4;80.9
2018-08-04 14:00:00;12.4;71.1
2018-08-04 15:00:00;17.4;58.9
2018-08-04 16:00:00;23.7;60.1
2018-08-04 17:00:00;18.3;57.6
2018-08-04 18:00:00;14.8;58.4
2018-08-04 19:00:00;13.0;57.5
2018-08-04 20:00:00;16.9;52.4
2018-08-04 21:00:00;17.2;49.0
2018-08-04 22:00:00;13.3;52.2
2018-08-04 23:00:00;9.6;53.3
2018-08-05 00:00:00;11.3;47.5
2018-08-05 01:00:00;10.6;46.8
2018-08-05 02:00:00;13.3;43.9
2018-08-05 03:00:00;10.7;47.1
2018-08-05 04:00:00;6.7;51.5
2018-08-05 05:00:00;18.1;43.8
2018-08-05 06:00:00;11.2;50.2
2018-08-05 07:00:00;6.9;57.9
2018-08-05 08:00:00;12.5;57.0
2018-08-05 09:00:00;12.6;59.0
2018-08-05 10:00:00;12.6;63.8
2018-08-05 11:00:00;11.8;62.9
2018-08-05 12:00:00;12.9;69.2
2018-08-05 13:00:00;14.6;70.2
2018-08-05 14:00:00;12.1;72.2
2018-08-05 15:00:00;15.1;71.5
2018-08-05 16:00:00;18.4;68.3
2018-08-05 17:00:00;16.1;71.4
2018-08-05 18:00:00;17.5;71.6
2018-08-05 19:00:00;10.1;74.3
2018-08-05 20:00:00;9.2;72.5
2018-08-05 21:00:00;11.9;63.1
2018-08-05 22:00:00;15.5;57.9
2018-08-05 23:00:00;20.0;51.3
2018-08-06 00:00:00;14.6;64.1
2018-08-06 01:00:00;12.7;65.5
2018-08-06 02:00:00;17.1;56.0
2018-08-06 03:00:00;34.6;37.2
2018-08-06 04:00:00;63.3;13.0
2018-08-06 05:00:00;72.1;8.1
2018-08-06 06:00:00;61.6;15.2
2018-08-06 07:00:00;77.2;9.5
2018-08-06 08:00:00;86.4;19.8
2018-08-06 09:00:00;65.3;42.4
2018-08-06 10:00:00;57.9;57.5
2018-08-06 11:00:00;65.0;61.8
2018-08-06 12:00:00;56.4;75.5
2018-08-06 13:00:00;57.4;87.1
2018-08-06 14:00:00;40.9;112.9
2018-08-06 15:00:00;33.9;126.3
2018-08-06 16:00:00;36.9;124.3
2018-08-06 17:00:00;29.3;131.6
2018-08-06 18:00:00;35.7;124.4
2018-08-06 19:00:00;17.3;129.5
2018-08-06 20:00:00;16.0;117.5
2018-08-06 21:00:00;19.6;100.1
2018-08-06 22:00:00;23.0;88.1
2018-08-06 23:00:00;24.6;77.8
2018-08-07 00:00:00;20.9;73.1
2018-08-07 01:00:00;17.7;69.3
2018-08-07 02:00:00;20.0;66.3
2018-08-07 03:00:00;30.3;58.1
2018-08-07 04:00:00;35.5;41.9
2018-08-07 05:00:00;41.3;26.1
2018-08-07 06:00:00;60.4;10.9
2018-08-07 07:00:00;70.7;11.3
2018-08-07 08:00:00;49.9;40.3
2018-08-07 09:00:00;55.8;39.3
2018-08-07 10:00:00;67.7;91.3
2018-08-07 11:00:00;77.0;113.4
2018-08-07 12:00:00;81.2;113.1
2018-08-07 13:00:00;75.4;130.1
2018-08-07 14:00:00;74.2;139.3
2018-08-07 15:00:00;54.7;149.1
2018-08-07 16:00:00;57.0;158.5
2018-08-07 17:00:00;56.2;154.2
2018-08-07 18:00:00;63.4;115.2
2018-08-07 19:00:00;95.4;80.9
2018-08-07 20:00:00;66.9;100.0
2018-08-07 21:00:00;67.9;104.4
2018-08-07 22:00:00;52.8;119.1
2018-08-07 23:00:00;31.4;109.7
2018-08-08 00:00:00;31.6;84.8
2018-08-08 01:00:00;11.6;88.5
2018-08-08 02:00:00;12.2;83.3
2018-08-08 03:00:00;12.1;88.2
2018-08-08 04:00:00;15.1;81.8
2018-08-08 05:00:00;23.9;70.6
2018-08-08 06:00:00;35.1;51.2
2018-08-08 07:00:00;58.7;41.8
2018-08-08 08:00:00;46.3;48.3
2018-08-08 09:00:00;25.2;67.1
2018-08-08 10:00:00;24.6;41.1
2018-08-08 11:00:00;25.7;54.3
2018-08-08 12:00:00;24.2;61.5
2018-08-08 13:00:00;23.2;59.0
2018-08-08 14:00:00;28.4;46.0
2018-08-08 15:00:00;27.1;44.1
2018-08-08 16:00:00;22.0;53.2
2018-08-08 17:00:00;36.0;55.8
2018-08-08 18:00:00;23.0;75.3
2018-08-08 19:00:00;19.2;72.8
2018-08-08 20:00:00;26.7;59.5
2018-08-08 21:00:00;29.6;50.9
2018-08-08 22:00:00;50.0;29.8
2018-08-08 23:00:00;38.7;35.7
2018-08-09 00:00:00;25.9;44.4
2018-08-09 01:00:00;22.3;46.3
2018-08-09 02:00:00;27.7;39.8
2018-08-09 03:00:00;30.0;37.5
2018-08-09 04:00:00;27.5;37.6
2018-08-09 05:00:00;40.3;30.8
2018-08-09 06:00:00;63.8;19.1
2018-08-09 07:00:00;68.6;15.1
2018-08-09 08:00:00;68.8;22.5
2018-08-09 09:00:00;57.1;34.3
2018-08-09 10:00:00;46.8;49.6
2018-08-09 11:00:00;20.8;68.2
2018-08-09 12:00:00;25.2;69.5
2018-08-09 13:00:00;28.0;70.1
2018-08-09 14:00:00;31.1;63.6
2018-08-09 15:00:00;28.8;66.0
2018-08-09 16:00:00;30.3;62.3
2018-08-09 17:00:00;37.9;62.7
2018-08-09 18:00:00;43.6;54.5
2018-08-09 19:00:00;41.8;47.0
2018-08-09 20:00:00;12.9;73.9
2018-08-09 21:00:00;20.8;61.0
2018-08-09 22:00:00;12.3;62.2
2018-08-09 23:00:00;15.7;54.8
2018-08-10 00:00:00;23.2;43.2
2018-08-10 01:00:00;16.1;58.6
2018-08-10 02:00:00;12.5;60.9
2018-08-10 03:00:00;9.0;59.2
2018-08-10 04:00:00;17.1;52.2
2018-08-10 05:00:00;29.6;35.3
2018-08-10 06:00:00;38.7;23.9
2018-08-10 07:00:00;39.4;20.4
2018-08-10 08:00:00;33.2;23.7
2018-08-10 09:00:00;34.3;33.5
2018-08-10 10:00:00;56.7;40.5
2018-08-10 11:00:00;22.9;52.7
2018-08-10 12:00:00;24.5;52.1
2018-08-10 13:00:00;26.0;51.3
2018-08-10 14:00:00;21.7;56.1
2018-08-10 15:00:00;21.2;63.8
2018-08-10 16:00:00;25.4;61.1
2018-08-10 17:00:00;26.1;56.6
2018-08-10 18:00:00;24.5;58.7
2018-08-10 19:00:00;23.6;54.4
2018-08-10 20:00:00;22.4;49.7
2018-08-10 21:00:00;25.0;49.0
2018-08-10 22:00:00;33.3;42.9
2018-08-10 23:00:00;17.0;55.9
2018-08-11 00:00:00;14.4;54.8
2018-08-11 01:00:00;19.9;45.8
2018-08-11 02:00:00;26.8;35.1
2018-08-11 03:00:00;23.6;36.3
2018-08-11 04:00:00;19.8;42.0
2018-08-11 05:00:00;17.7;46.0
2018-08-11 06:00:00;25.0;38.0
2018-08-11 07:00:00;27.4;36.0
2018-08-11 08:00:00;31.4;34.7
2018-08-11 09:00:00;17.2;51.8
2018-08-11 10:00:00;14.4;55.2
2018-08-11 11:00:00;18.0;57.9
2018-08-11 12:00:00;17.2;57.9
2018-08-11 13:00:00;29.4;54.9
2018-08-11 14:00:00;21.2;60.3
2018-08-11 15:00:00;22.2;59.7
2018-08-11 16:00:00;22.7;63.3
2018-08-11 17:00:00;21.9;63.9
2018-08-11 18:00:00;18.3;65.0
2018-08-11 19:00:00;25.2;60.0
2018-08-11 20:00:00;29.4;54.2
2018-08-11 21:00:00;42.7;46.1
2018-08-11 22:00:00;60.8;23.6
2018-08-11 23:00:00;47.5;40.6
2018-08-12 00:00:00;40.6;43.8
2018-08-12 01:00:00;34.9;41.2
2018-08-12 02:00:00;35.5;38.6
2018-08-12 03:00:00;28.2;42.8
2018-08-12 04:00:00;25.1;40.7
2018-08-12 05:00:00;26.0;37.8
2018-08-12 06:00:00;25.6;40.5
2018-08-12 07:00:00;27.9;41.1
2018-08-12 08:00:00;21.1;44.8
2018-08-12 09:00:00;22.9;45.5
2018-08-12 10:00:00;27.8;46.0
2018-08-12 11:00:00;24.7;61.2
2018-08-12 12:00:00;25.0;72.8
2018-08-12 13:00:00;32.7;73.5
2018-08-12 14:00:00;22.0;82.2
2018-08-12 15:00:00;28.7;78.0
2018-08-12 16:00:00;31.4;75.8
2018-08-12 17:00:00;40.5;72.7
2018-08-12 18:00:00;33.1;72.7
2018-08-12 19:00:00;35.8;64.6
2018-08-12 20:00:00;53.8;46.8
2018-08-12 21:00:00;51.7;48.6
2018-08-12 22:00:00;46.0;46.7
2018-08-12 23:00:00;36.1;46.3
2018-08-13 00:00:00;36.8;42.0
2018-08-13 01:00:00;27.4;49.7
2018-08-13 02:00:00;17.5;50.9
2018-08-13 03:00:00;14.1;50.5
2018-08-13 04:00:00;21.9;40.3
2018-08-13 05:00:00;46.5;20.5
2018-08-13 06:00:00;61.1;9.9
2018-08-13 07:00:00;75.0;4.7
2018-08-13 08:00:00;80.4;11.3
2018-08-13 09:00:00;71.2;25.9
2018-08-13 10:00:00;42.7;50.3
2018-08-13 11:00:00;38.3;53.9
2018-08-13 12:00:00;44.8;45.6
2018-08-13 13:00:00;54.5;36.1
2018-08-13 14:00:00;52.9;37.4
2018-08-13 15:00:00;42.4;48.0
2018-08-13 16:00:00;35.0;60.3
2018-08-13 17:00:00;26.9;52.8
2018-08-13 18:00:00;21.8;54.1
2018-08-13 19:00:00;14.2;62.8
2018-08-13 20:00:00;16.4;61.0
2018-08-13 21:00:00;12.8;61.8
2018-08-13 22:00:00;16.1;57.6
2018-08-13 23:00:00;14.8;48.6
2018-08-14 00:00:00;9.7;50.7
2018-08-14 01:00:00;6.5;55.2
2018-08-14 02:00:00;10.7;48.9
2018-08-14 03:00:00;23.4;40.6
2018-08-14 04:00:00;26.2;43.4
2018-08-14 05:00:00;32.9;41.0
2018-08-14 06:00:00;47.9;28.2
2018-08-14 07:00:00;39.5;43.1
2018-08-14 08:00:00;26.4;55.7
2018-08-14 09:00:00;25.8;57.0
2018-08-14 10:00:00;31.3;55.1
2018-08-14 11:00:00;28.4;62.4
2018-08-14 12:00:00;25.7;67.3
2018-08-14 13:00:00;23.4;71.1
2018-08-14 14:00:00;29.1;70.4
2018-08-14 15:00:00;21.6;71.3
2018-08-14 16:00:00;24.5;62.3
2018-08-14 17:00:00;25.1;53.7
2018-08-14 18:00:00;21.5;54.6
2018-08-14 19:00:00;15.9;62.3
2018-08-14 20:00:00;21.7;63.2
2018-08-14 21:00:00;23.7;60.4
2018-08-14 22:00:00;25.4;49.5
2018-08-14 23:00:00;29.2;40.0
2018-08-15 00:00:00;28.3;33.3
2018-08-15 01:00:00;29.6;29.2
2018-08-15 02:00:00;29.3;27.3
2018-08-15 03:00:00;25.7;27.8
2018-08-15 04:00:00;22.4;23.9
2018-08-15 05:00:00;32.7;14.8
2018-08-15 06:00:00;46.2;6.9
2018-08-15 07:00:00;49.8;7.7
2018-08-15 08:00:00;47.1;14.3
2018-08-15 09:00:00;50.4;17.1
2018-08-15 10:00:00;40.9;30.7
2018-08-15 11:00:00;37.2;39.9
2018-08-15 12:00:00;38.4;39.9
2018-08-15 13:00:00;38.4;47.3
2018-08-15 14:00:00;26.6;50.5
2018-08-15 15:00:00;36.0;42.3
2018-08-15 16:00:00;30.4;46.1
2018-08-15 17:00:00;36.9;42.7
2018-08-15 18:00:00;33.6;42.4
2018-08-15 19:00:00;27.2;56.0
2018-08-15 20:00:00;41.3;45.1
2018-08-15 21:00:00;45.2;35.7
2018-08-15 22:00:00;30.0;43.7
2018-08-15 23:00:00;26.6;44.1
2018-08-16 00:00:00;20.5;43.0
2018-08-16 01:00:00;18.6;39.8
2018-08-16 02:00:00;22.6;32.7
2018-08-16 03:00:00;16.7;30.6
2018-08-16 04:00:00;17.5;30.3
2018-08-16 05:00:00;22.1;29.3
2018-08-16 06:00:00;32.3;20.5
2018-08-16 07:00:00;35.7;23.2
2018-08-16 08:00:00;48.7;21.6
2018-08-16 09:00:00;37.6;25.0
2018-08-16 10:00:00;39.4;28.2
2018-08-16 11:00:00;34.3;26.9
2018-08-16 12:00:00;28.7;29.1
2018-08-16 13:00:00;33.7;29.2
2018-08-16 14:00:00;23.6;40.9
2018-08-16 15:00:00;26.3;44.8
2018-08-16 16:00:00;23.1;54.9
2018-08-16 17:00:00;18.7;71.3
2018-08-16 18:00:00;20.1;70.9
2018-08-16 19:00:00;25.1;67.6
2018-08-16 20:00:00;37.2;55.5
2018-08-16 21:00:00;43.5;43.9
2018-08-16 22:00:00;42.3;39.6
2018-08-16 23:00:00;31.4;39.5
2018-08-17 00:00:00;27.8;40.1
2018-08-17 01:00:00;23.6;35.1
2018-08-17 02:00:00;24.4;34.5
2018-08-17 03:00:00;27.9;29.6
2018-08-17 04:00:00;34.2;21.3
2018-08-17 05:00:00;40.2;17.5
2018-08-17 06:00:00;56.3;3.4
2018-08-17 07:00:00;56.3;3.4
2018-08-17 08:00:00;56.5;12.4
2018-08-17 09:00:00;29.1;30.0
2018-08-17 10:00:00;32.6;31.7
2018-08-17 11:00:00;33.6;40.8
2018-08-17 12:00:00;28.6;45.7
2018-08-17 13:00:00;20.9;50.9
2018-08-17 14:00:00;25.1;53.4
2018-08-17 15:00:00;16.7;58.4
2018-08-17 16:00:00;20.6;54.2
2018-08-17 17:00:00;19.3;55.1
2018-08-17 18:00:00;18.3;56.2
2018-08-17 19:00:00;25.2;54.2
2018-08-17 20:00:00;30.6;46.3
2018-08-17 21:00:00;31.7;40.7
2018-08-17 22:00:00;50.1;22.2
2018-08-17 23:00:00;44.4;28.2
2018-08-18 00:00:00;39.9;27.8
2018-08-18 01:00:00;35.2;25.6
2018-08-18 02:00:00;33.1;25.3
2018-08-18 03:00:00;32.3;23.0
2018-08-18 04:00:00;31.6;15.0
2018-08-18 05:00:00;32.4;13.6
2018-08-18 06:00:00;31.4;14.1
2018-08-18 07:00:00;33.8;14.0
2018-08-18 08:00:00;33.4;12.3
2018-08-18 09:00:00;35.4;18.9
2018-08-18 10:00:00;36.1;21.3
2018-08-18 11:00:00;26.0;37.7
2018-08-18 12:00:00;21.0;45.3
2018-08-18 13:00:00;16.3;48.1
2018-08-18 14:00:00;22.0;47.2
2018-08-18 15:00:00;15.6;53.8
2018-08-18 16:00:00;18.1;53.9
2018-08-18 17:00:00;16.7;49.4
2018-08-18 18:00:00;16.2;47.6
2018-08-18 19:00:00;19.5;45.7
2018-08-18 20:00:00;19.2;44.3
2018-08-18 21:00:00;20.9;38.8
2018-08-18 22:00:00;28.3;32.4
2018-08-18 23:00:00;37.1;21.7
2018-08-19 00:00:00;39.2;19.6
2018-08-19 01:00:00;25.3;29.8
2018-08-19 02:00:00;17.2;35.7
2018-08-19 03:00:00;20.3;31.6
2018-08-19 04:00:00;23.7;26.7
2018-08-19 05:00:00;21.9;25.3
2018-08-19 06:00:00;21.0;26.3
2018-08-19 07:00:00;17.9;30.8
2018-08-19 08:00:00;23.2;25.4
2018-08-19 09:00:00;36.1;19.9
2018-08-19 10:00:00;26.2;21.8
2018-08-19 11:00:00;24.8;24.8
2018-08-19 12:00:00;22.9;31.9
2018-08-19 13:00:00;23.4;35.0
2018-08-19 14:00:00;23.1;45.7
2018-08-19 15:00:00;17.6;51.4
2018-08-19 16:00:00;19.9;57.8
2018-08-19 17:00:00;12.8;56.7
2018-08-19 18:00:00;17.7;49.9
2018-08-19 19:00:00;12.8;49.9
2018-08-19 20:00:00;13.2;44.5
2018-08-19 21:00:00;19.9;34.0
2018-08-19 22:00:00;17.0;33.6
2018-08-19 23:00:00;14.0;35.0
2018-08-20 00:00:00;12.9;33.2
2018-08-20 01:00:00;14.0;29.6
2018-08-20 02:00:00;16.2;23.7
2018-08-20 03:00:00;18.4;19.6
2018-08-20 04:00:00;26.8;9.0
2018-08-20 05:00:00;35.3;3.2
2018-08-20 06:00:00;38.7;11.4
2018-08-20 07:00:00;39.4;20.6
2018-08-20 08:00:00;28.6;29.9
2018-08-20 09:00:00;28.6;32.6
2018-08-20 10:00:00;28.6;35.9
2018-08-20 11:00:00;22.9;40.7
2018-08-20 12:00:00;21.6;46.2
2018-08-20 13:00:00;21.9;46.0
2018-08-20 14:00:00;17.8;52.6
2018-08-20 15:00:00;17.5;52.8
2018-08-20 16:00:00;23.9;46.2
2018-08-20 17:00:00;40.5;28.9
2018-08-20 18:00:00;28.9;42.5
2018-08-20 19:00:00;20.1;46.7
2018-08-20 20:00:00;16.7;48.8
2018-08-20 21:00:00;15.7;48.2
2018-08-20 22:00:00;12.2;48.3
2018-08-20 23:00:00;21.0;42.2
2018-08-21 00:00:00;25.0;38.1
2018-08-21 01:00:00;30.6;28.0
2018-08-21 02:00:00;23.2;35.8
2018-08-21 03:00:00;19.1;36.2
2018-08-21 04:00:00;19.0;33.0
2018-08-21 05:00:00;33.9;22.1
2018-08-21 06:00:00;55.1;12.2
2018-08-21 07:00:00;55.0;12.9
2018-08-21 08:00:00;61.3;14.8
2018-08-21 09:00:00;42.4;25.0
2018-08-21 10:00:00;49.0;29.1
2018-08-21 11:00:00;44.2;30.1
2018-08-21 12:00:00;44.0;33.0
2018-08-21 13:00:00;46.8;34.3
2018-08-21 14:00:00;52.0;38.1
2018-08-21 15:00:00;49.4;36.4
2018-08-21 16:00:00;37.7;47.5
2018-08-21 17:00:00;39.5;52.0
2018-08-21 18:00:00;47.2;35.0
2018-08-21 19:00:00;53.6;31.5
2018-08-21 20:00:00;56.7;22.6
2018-08-21 21:00:00;53.7;18.1
2018-08-21 22:00:00;63.1;7.1
2018-08-21 23:00:00;64.1;0.7
2018-08-22 00:00:00;64.0;-0.3
2018-08-22 01:00:00;63.4;1.2
2018-08-22 02:00:00;32.5;30.1
2018-08-22 03:00:00;28.1;26.7
2018-08-22 04:00:00;31.0;16.9
2018-08-22 05:00:00;41.2;8.5
2018-08-22 06:00:00;44.6;4.8
2018-08-22 07:00:00;56.4;7.2
2018-08-22 08:00:00;36.1;20.1
2018-08-22 09:00:00;37.8;27.6
2018-08-22 10:00:00;56.2;21.7
2018-08-22 11:00:00;41.3;31.2
2018-08-22 12:00:00;34.5;42.8
2018-08-22 13:00:00;29.6;50.4
2018-08-22 14:00:00;27.3;64.5
2018-08-22 15:00:00;21.8;71.4
2018-08-22 16:00:00;20.1;71.9
2018-08-22 17:00:00;23.3;72.0
2018-08-22 18:00:00;22.6;64.8
2018-08-22 19:00:00;23.8;69.1
2018-08-22 20:00:00;28.6;63.5
2018-08-22 21:00:00;34.9;52.4
2018-08-22 22:00:00;34.7;45.6
2018-08-22 23:00:00;52.4;22.1
2018-08-23 00:00:00;42.9;22.2
2018-08-23 01:00:00;33.9;23.1
2018-08-23 02:00:00;28.9;26.9
2018-08-23 03:00:00;23.6;30.5
2018-08-23 04:00:00;23.9;22.7
2018-08-23 05:00:00;31.0;13.2
2018-08-23 06:00:00;39.3;7.5
2018-08-23 07:00:00;48.0;5.2
2018-08-23 08:00:00;43.2;7.3
2018-08-23 09:00:00;63.5;8.8
2018-08-23 10:00:00;51.0;9.0
2018-08-23 11:00:00;45.5;14.2
2018-08-23 12:00:00;37.4;20.6
2018-08-23 13:00:00;38.0;21.2
2018-08-23 14:00:00;29.1;32.0
2018-08-23 15:00:00;19.3;44.8
2018-08-23 16:00:00;20.5;35.1
2018-08-23 17:00:00;15.3;40.5
2018-08-23 18:00:00;20.2;27.9
2018-08-23 19:00:00;21.5;33.9
2018-08-23 20:00:00;14.8;44.5
2018-08-23 21:00:00;31.0;33.8
2018-08-23 22:00:00;42.5;21.7
2018-08-23 23:00:00;40.2;21.6
2018-08-24 00:00:00;38.4;23.2
2018-08-24 01:00:00;16.6;33.8
2018-08-24 02:00:00;20.5;25.2
2018-08-24 03:00:00;15.8;45.0
2018-08-24 04:00:00;16.5;34.5
2018-08-24 05:00:00;32.3;30.6
2018-08-24 06:00:00;42.3;22.1
2018-08-24 07:00:00;31.7;29.2
2018-08-24 08:00:00;18.0;35.2
2018-08-24 09:00:00;19.6;37.1
2018-08-24 10:00:00;19.2;39.2
2018-08-24 11:00:00;19.2;40.6
2018-08-24 12:00:00;22.7;41.8
2018-08-24 13:00:00;16.0;45.2
2018-08-24 14:00:00;18.7;47.0
2018-08-24 15:00:00;19.1;49.6
2018-08-24 16:00:00;16.1;53.2
2018-08-24 17:00:00;16.8;53.3
2018-08-24 18:00:00;16.2;55.3
2018-08-24 19:00:00;23.2;47.8
2018-08-24 20:00:00;19.9;51.1
2018-08-24 21:00:00;36.2;37.4
2018-08-24 22:00:00;30.6;38.7
2018-08-24 23:00:00;39.8;31.6
2018-08-25 00:00:00;24.8;45.5
2018-08-25 01:00:00;26.5;44.6
2018-08-25 02:00:00;23.7;46.6
2018-08-25 03:00:00;22.9;42.0
2018-08-25 04:00:00;18.1;43.7
2018-08-25 05:00:00;20.1;41.0
2018-08-25 06:00:00;42.1;23.5
2018-08-25 07:00:00;41.1;24.6
2018-08-25 08:00:00;38.0;27.6
2018-08-25 09:00:00;32.7;31.8
2018-08-25 10:00:00;25.2;41.9
2018-08-25 11:00:00;29.9;39.3
2018-08-25 12:00:00;15.5;52.7
2018-08-25 13:00:00;15.6;56.3
2018-08-25 14:00:00;19.5;50.5
2018-08-25 15:00:00;23.8;47.9
2018-08-25 16:00:00;26.4;44.4
2018-08-25 17:00:00;29.2;39.0
2018-08-25 18:00:00;35.8;33.9
2018-08-25 19:00:00;17.3;44.9
2018-08-25 20:00:00;33.8;26.6
2018-08-25 21:00:00;53.2;10.5
2018-08-25 22:00:00;50.6;20.1
2018-08-25 23:00:00;50.4;19.9
2018-08-26 00:00:00;62.1;9.2
2018-08-26 01:00:00;49.0;13.1
2018-08-26 02:00:00;43.0;10.0
2018-08-26 03:00:00;44.3;8.8
2018-08-26 04:00:00;45.1;8.8
2018-08-26 05:00:00;40.0;9.4
2018-08-26 06:00:00;41.1;10.6
2018-08-26 07:00:00;44.6;14.7
2018-08-26 08:00:00;40.8;26.5
2018-08-26 09:00:00;30.6;41.3
2018-08-26 10:00:00;20.5;56.3
2018-08-26 11:00:00;23.1;55.9
2018-08-26 12:00:00;24.8;63.5
2018-08-26 13:00:00;27.2;64.0
2018-08-26 14:00:00;24.0;71.4
2018-08-26 15:00:00;20.7;67.4
2018-08-26 16:00:00;24.0;61.8
2018-08-26 17:00:00;22.8;55.3
2018-08-26 18:00:00;21.4;56.0
2018-08-26 19:00:00;14.6;66.6
2018-08-26 20:00:00;15.3;69.0
2018-08-26 21:00:00;12.8;69.1
2018-08-26 22:00:00;13.7;63.6
2018-08-26 23:00:00;10.3;59.5
2018-08-27 00:00:00;12.4;51.4
2018-08-27 01:00:00;10.4;48.4
2018-08-27 02:00:00;9.2;45.5
2018-08-27 03:00:00;11.5;37.9
2018-08-27 04:00:00;12.0;31.3
2018-08-27 05:00:00;23.0;24.3
2018-08-27 06:00:00;22.2;23.7
2018-08-27 07:00:00;31.3;17.7
2018-08-27 08:00:00;25.4;24.7
2018-08-27 09:00:00;21.9;30.9
2018-08-27 10:00:00;16.4;34.5
2018-08-27 11:00:00;18.0;38.8
2018-08-27 12:00:00;23.6;45.9
2018-08-27 13:00:00;21.4;48.4
2018-08-27 14:00:00;20.0;48.0
2018-08-27 15:00:00;18.8;47.6
2018-08-27 16:00:00;17.6;47.3
2018-08-27 17:00:00;22.6;44.0
2018-08-27 18:00:00;19.6;47.0
2018-08-27 19:00:00;18.9;43.4
2018-08-27 20:00:00;23.7;39.6
2018-08-27 21:00:00;25.0;33.9
2018-08-27 22:00:00;24.0;32.3
2018-08-27 23:00:00;36.5;20.3
2018-08-28 00:00:00;35.2;21.7
2018-08-28 01:00:00;27.4;22.2
2018-08-28 02:00:00;29.8;17.4
2018-08-28 03:00:00;36.6;11.2
2018-08-28 04:00:00;35.1;9.3
2018-08-28 05:00:00;48.9;3.1
2018-08-28 06:00:00;52.2;0.3
2018-08-28 07:00:00;61.6;1.2
2018-08-28 08:00:00;63.0;2.9
2018-08-28 09:00:00;65.2;6.8
2018-08-28 10:00:00;65.3;9.9
2018-08-28 11:00:00;50.8;17.8
2018-08-28 12:00:00;52.2;29.0
2018-08-28 13:00:00;50.2;33.6
2018-08-28 14:00:00;40.8;51.3
2018-08-28 15:00:00;39.1;49.1
2018-08-28 16:00:00;42.1;47.8
2018-08-28 17:00:00;39.3;49.7
2018-08-28 18:00:00;40.9;43.8
2018-08-28 19:00:00;53.8;30.3
2018-08-28 20:00:00;47.0;24.1
2018-08-28 21:00:00;60.4;7.4
2018-08-28 22:00:00;67.4;0.7
2018-08-28 23:00:00;63.8;0.4
2018-08-29 00:00:00;53.3;2.9
2018-08-29 01:00:00;50.0;4.4
2018-08-29 02:00:00;37.8;9.8
2018-08-29 03:00:00;36.0;9.7
2018-08-29 04:00:00;37.2;17.0
2018-08-29 05:00:00;50.8;7.6
2018-08-29 06:00:00;53.3;2.4
2018-08-29 07:00:00;61.3;1.0
2018-08-29 08:00:00;78.4;3.8
2018-08-29 09:00:00;84.7;2.9
2018-08-29 10:00:00;60.9;5.7
2018-08-29 11:00:00;41.7;22.0
2018-08-29 12:00:00;53.7;21.4
2018-08-29 13:00:00;70.2;12.7
2018-08-29 14:00:00;43.9;33.1
2018-08-29 15:00:00;24.4;54.6
2018-08-29 16:00:00;26.4;55.2
2018-08-29 17:00:00;27.0;57.0
2018-08-29 18:00:00;24.9;51.5
2018-08-29 19:00:00;20.4;59.5
2018-08-29 20:00:00;20.1;62.4
2018-08-29 21:00:00;17.5;67.4
2018-08-29 22:00:00;13.3;71.2
2018-08-29 23:00:00;15.7;65.1
2018-08-30 00:00:00;13.6;60.6
2018-08-30 01:00:00;12.7;50.8
2018-08-30 02:00:00;8.9;59.2
2018-08-30 03:00:00;13.2;49.6
2018-08-30 04:00:00;12.8;45.0
2018-08-30 05:00:00;29.5;30.8
2018-08-30 06:00:00;43.5;19.9
2018-08-30 07:00:00;38.4;26.4
2018-08-30 08:00:00;30.0;34.2
2018-08-30 09:00:00;32.8;35.9
2018-08-30 10:00:00;18.9;48.9
2018-08-30 11:00:00;15.0;50.7
2018-08-30 12:00:00;14.5;51.8
2018-08-30 13:00:00;21.6;49.5
2018-08-30 14:00:00;20.5;51.0
2018-08-30 15:00:00;12.9;56.0
2018-08-30 16:00:00;15.5;55.4
2018-08-30 17:00:00;13.9;51.5
2018-08-30 18:00:00;15.6;47.4
2018-08-30 19:00:00;20.1;40.3
2018-08-30 20:00:00;16.6;43.6
2018-08-30 21:00:00;20.9;39.8
2018-08-30 22:00:00;23.8;36.9
2018-08-30 23:00:00;21.7;37.6
2018-08-31 00:00:00;25.9;33.3
2018-08-31 01:00:00;34.4;21.3
2018-08-31 02:00:00;38.4;13.3
2018-08-31 03:00:00;47.2;5.6
2018-08-31 04:00:00;45.4;3.7
2018-08-31 05:00:00;54.5;-1.0
2018-08-31 06:00:00;64.1;-0.5
2018-08-31 07:00:00;51.4;10.0
2018-08-31 08:00:00;51.2;13.8
2018-08-31 09:00:00;39.8;25.4
2018-08-31 10:00:00;31.7;29.8
2018-08-31 11:00:00;23.4;41.5
2018-08-31 12:00:00;37.7;35.0
2018-08-31 13:00:00;64.9;24.5
2018-08-31 14:00:00;50.1;31.6
2018-08-31 15:00:00;43.3;37.3
2018-08-31 16:00:00;31.1;42.6
2018-08-31 17:00:00;25.7;49.7
2018-08-31 18:00:00;22.2;53.2
2018-08-31 19:00:00;21.8;49.3
2018-08-31 20:00:00;27.6;36.3
2018-08-31 21:00:00;32.3;34.6
2018-08-31 22:00:00;36.3;33.9
2018-08-31 23:00:00;44.9;25.6
2018-09-01 00:00:00;37.2;30.7
2018-09-01 01:00:00;36.9;32.0
2018-09-01 02:00:00;38.8;19.7
2018-09-01 03:00:00;47.4;13.0
2018-09-01 04:00:00;56.1;1.9
2018-09-01 05:00:00;62.5;0.2
2018-09-01 06:00:00;59.5;1.6
2018-09-01 07:00:00;59.0;10.6
2018-09-01 08:00:00;56.9;21.6
2018-09-01 09:00:00;42.2;37.1
2018-09-01 10:00:00;30.6;47.5
2018-09-01 11:00:00;22.6;57.1
2018-09-01 12:00:00;26.4;55.3
2018-09-01 13:00:00;23.5;62.0
2018-09-01 14:00:00;33.9;64.0
2018-09-01 15:00:00;20.1;70.0
2018-09-01 16:00:00;19.0;73.8
2018-09-01 17:00:00;13.0;77.5
2018-09-01 18:00:00;13.4;75.0
2018-09-01 19:00:00;26.9;60.9
2018-09-01 20:00:00;35.7;49.2
2018-09-01 21:00:00;36.7;40.5
2018-09-01 22:00:00;39.9;38.0
2018-09-01 23:00:00;30.5;45.9
2018-09-02 00:00:00;26.8;47.8
2018-09-02 01:00:00;23.4;50.3
2018-09-02 02:00:00;28.3;43.7
2018-09-02 03:00:00;24.4;46.7
2018-09-02 04:00:00;29.3;43.3
2018-09-02 05:00:00;28.8;36.7
2018-09-02 06:00:00;25.0;36.2
2018-09-02 07:00:00;24.0;44.9
2018-09-02 08:00:00;13.1;55.7
2018-09-02 09:00:00;15.7;55.7
2018-09-02 10:00:00;19.6;56.0
2018-09-02 11:00:00;22.5;58.1
2018-09-02 12:00:00;31.1;62.2
2018-09-02 13:00:00;38.1;68.3
2018-09-02 14:00:00;20.8;82.9
2018-09-02 15:00:00;13.7;90.1
2018-09-02 16:00:00;15.5;88.7
2018-09-02 17:00:00;18.3;87.9
2018-09-02 18:00:00;13.6;83.6
2018-09-02 19:00:00;14.0;80.1
2018-09-02 20:00:00;14.7;74.5
2018-09-02 21:00:00;11.6;68.4
2018-09-02 22:00:00;13.2;66.0
2018-09-02 23:00:00;16.0;59.9
2018-09-03 00:00:00;15.4;62.8
2018-09-03 01:00:00;13.6;60.0
2018-09-03 02:00:00;13.0;53.8
2018-09-03 03:00:00;13.8;48.0
2018-09-03 04:00:00;19.5;45.4
2018-09-03 05:00:00;21.5;38.5
2018-09-03 06:00:00;41.9;20.5
2018-09-03 07:00:00;48.1;16.1
2018-09-03 08:00:00;42.3;16.1
2018-09-03 09:00:00;31.7;28.4
2018-09-03 10:00:00;22.6;44.6
2018-09-03 11:00:00;23.7;51.5
2018-09-03 12:00:00;23.1;54.6
2018-09-03 13:00:00;20.5;57.9
2018-09-03 14:00:00;20.0;63.4
2018-09-03 15:00:00;21.1;65.4
2018-09-03 16:00:00;16.6;72.7
2018-09-03 17:00:00;23.5;66.1
2018-09-03 18:00:00;22.2;67.6
2018-09-03 19:00:00;14.5;71.3
2018-09-03 20:00:00;15.3;65.1
2018-09-03 21:00:00;11.8;67.4
2018-09-03 22:00:00;12.5;64.4
2018-09-03 23:00:00;7.9;69.1
2018-09-04 00:00:00;6.5;66.8
2018-09-04 01:00:00;5.5;66.7
2018-09-04 02:00:00;4.6;65.9
2018-09-04 03:00:00;6.1;60.1
2018-09-04 04:00:00;8.1;55.8
2018-09-04 05:00:00;14.8;47.9
2018-09-04 06:00:00;26.4;35.3
2018-09-04 07:00:00;29.8;29.9
2018-09-04 08:00:00;35.2;22.9
2018-09-04 09:00:00;41.7;20.8
2018-09-04 10:00:00;47.1;21.5
2018-09-04 11:00:00;48.2;28.4
2018-09-04 12:00:00;38.0;50.7
2018-09-04 13:00:00;41.1;55.5
2018-09-04 14:00:00;53.5;55.4
2018-09-04 15:00:00;30.7;82.4
2018-09-04 16:00:00;22.8;87.4
2018-09-04 17:00:00;32.8;79.9
2018-09-04 18:00:00;27.5;62.4
2018-09-04 19:00:00;28.0;48.6
2018-09-04 20:00:00;34.7;36.4
2018-09-04 21:00:00;26.1;37.6
2018-09-04 22:00:00;20.3;39.3
2018-09-04 23:00:00;18.6;32.9
2018-09-05 00:00:00;19.1;29.3
2018-09-05 01:00:00;15.2;31.2
2018-09-05 02:00:00;10.0;42.1
2018-09-05 03:00:00;9.4;42.2
2018-09-05 04:00:00;10.6;38.4
2018-09-05 05:00:00;17.5;35.1
2018-09-05 06:00:00;47.7;17.5
2018-09-05 07:00:00;49.8;8.2
2018-09-05 08:00:00;52.0;4.8
2018-09-05 09:00:00;62.6;2.0
2018-09-05 10:00:00;72.2;10.0
2018-09-05 11:00:00;80.4;15.2
2018-09-05 12:00:00;52.9;48.1
2018-09-05 13:00:00;86.7;23.4
2018-09-05 14:00:00;44.9;31.5
2018-09-05 15:00:00;38.1;51.2
2018-09-05 16:00:00;42.2;53.0
2018-09-05 17:00:00;40.0;41.6
2018-09-05 18:00:00;34.7;46.0
2018-09-05 19:00:00;23.1;55.2
2018-09-05 20:00:00;22.7;51.2
2018-09-05 21:00:00;22.7;49.5
2018-09-05 22:00:00;19.6;47.5
2018-09-05 23:00:00;26.1;43.3
2018-09-06 00:00:00;13.7;53.0
2018-09-06 01:00:00;28.9;36.1
2018-09-06 02:00:00;26.1;37.8
2018-09-06 03:00:00;20.4;43.1
2018-09-06 04:00:00;30.8;35.7
2018-09-06 05:00:00;41.4;22.0
2018-09-06 06:00:00;45.6;15.3
2018-09-06 07:00:00;54.9;6.9
2018-09-06 08:00:00;45.5;20.4
2018-09-06 09:00:00;40.1;43.7
2018-09-06 10:00:00;31.6;55.1
2018-09-06 11:00:00;27.8;59.8
2018-09-06 12:00:00;45.1;44.1
2018-09-06 13:00:00;40.2;50.4
2018-09-06 14:00:00;36.0;62.0
2018-09-06 15:00:00;28.8;67.6
2018-09-06 16:00:00;35.4;63.3
2018-09-06 17:00:00;22.9;63.2
2018-09-06 18:00:00;24.0;62.8
2018-09-06 19:00:00;27.3;53.0
2018-09-06 20:00:00;27.2;50.1
2018-09-06 21:00:00;33.5;43.2
2018-09-06 22:00:00;54.4;20.2
2018-09-06 23:00:00;65.8;13.1
2018-09-07 00:00:00;56.1;18.1
2018-09-07 01:00:00;37.1;32.1
2018-09-07 02:00:00;28.0;39.2
2018-09-07 03:00:00;32.3;34.1
2018-09-07 04:00:00;27.1;35.6
2018-09-07 05:00:00;38.1;31.5
2018-09-07 06:00:00;58.6;14.5
2018-09-07 07:00:00;63.7;9.8
2018-09-07 08:00:00;51.0;24.7
2018-09-07 09:00:00;32.9;40.7
2018-09-07 10:00:00;41.8;36.6
2018-09-07 11:00:00;29.7;46.6
2018-09-07 12:00:00;22.9;49.1
2018-09-07 13:00:00;25.4;49.1
2018-09-07 14:00:00;24.5;56.0
2018-09-07 15:00:00;20.3;57.8
2018-09-07 16:00:00;22.0;54.0
2018-09-07 17:00:00;30.0;52.9
2018-09-07 18:00:00;23.3;53.3
2018-09-07 19:00:00;23.1;54.3
2018-09-07 20:00:00;24.4;51.1
2018-09-07 21:00:00;16.9;56.3
2018-09-07 22:00:00;12.9;55.8
2018-09-07 23:00:00;13.7;56.4
2018-09-08 00:00:00;9.1;61.1
2018-09-08 01:00:00;18.6;49.9
2018-09-08 02:00:00;15.0;49.0
2018-09-08 03:00:00;16.1;44.6
2018-09-08 04:00:00;23.2;36.1
2018-09-08 05:00:00;32.7;29.1
2018-09-08 06:00:00;38.0;20.0
2018-09-08 07:00:00;45.9;14.6
2018-09-08 08:00:00;49.0;11.0
2018-09-08 09:00:00;43.7;12.8
2018-09-08 10:00:00;45.3;19.2
2018-09-08 11:00:00;29.9;43.6
2018-09-08 12:00:00;18.9;58.8
2018-09-08 13:00:00;24.2;53.6
2018-09-08 14:00:00;25.7;52.1
2018-09-08 15:00:00;23.0;55.0
2018-09-08 16:00:00;28.4;50.6
2018-09-08 17:00:00;22.9;53.1
2018-09-08 18:00:00;31.2;43.3
2018-09-08 19:00:00;30.0;40.9
2018-09-08 20:00:00;37.8;33.7
2018-09-08 21:00:00;39.1;30.0
2018-09-08 22:00:00;36.7;29.8
2018-09-08 23:00:00;34.2;30.6
2018-09-09 00:00:00;33.7;26.2
2018-09-09 01:00:00;35.4;23.9
2018-09-09 02:00:00;34.6;22.1
2018-09-09 03:00:00;27.8;24.0
2018-09-09 04:00:00;28.8;26.4
2018-09-09 05:00:00;26.7;27.8
2018-09-09 06:00:00;37.2;19.7
2018-09-09 07:00:00;34.2;22.9
2018-09-09 08:00:00;35.6;24.8
2018-09-09 09:00:00;32.9;27.9
2018-09-09 10:00:00;30.3;34.1
2018-09-09 11:00:00;36.7;42.9
2018-09-09 12:00:00;32.4;55.9
2018-09-09 13:00:00;31.5;65.1
2018-09-09 14:00:00;38.6;60.6
2018-09-09 15:00:00;40.6;62.4
2018-09-09 16:00:00;37.7;71.0
2018-09-09 17:00:00;41.2;71.0
2018-09-09 18:00:00;42.4;66.3
2018-09-09 19:00:00;46.8;58.8
2018-09-09 20:00:00;47.8;56.9
2018-09-09 21:00:00;36.0;65.5
2018-09-09 22:00:00;33.3;59.1
2018-09-09 23:00:00;30.5;49.5
2018-09-10 00:00:00;23.1;44.1
2018-09-10 01:00:00;20.4;44.0
2018-09-10 02:00:00;15.5;45.0
2018-09-10 03:00:00;16.1;42.0
2018-09-10 04:00:00;17.4;42.5
2018-09-10 05:00:00;33.4;29.4
2018-09-10 06:00:00;57.3;7.3
2018-09-10 07:00:00;55.0;13.9
2018-09-10 08:00:00;52.0;20.0
2018-09-10 09:00:00;38.2;31.3
2018-09-10 10:00:00;37.2;35.4
2018-09-10 11:00:00;23.6;42.8
2018-09-10 12:00:00;29.8;39.2
2018-09-10 13:00:00;24.1;47.8
2018-09-10 14:00:00;25.2;53.0
2018-09-10 15:00:00;29.5;49.5
2018-09-10 16:00:00;22.4;61.4
2018-09-10 17:00:00;24.9;56.8
2018-09-10 18:00:00;23.1;58.5
2018-09-10 19:00:00;22.9;58.7
2018-09-10 20:00:00;27.1;51.8
2018-09-10 21:00:00;46.4;35.3
2018-09-10 22:00:00;32.0;41.4
2018-09-10 23:00:00;26.1;45.2
2018-09-11 00:00:00;18.6;47.0
2018-09-11 01:00:00;17.8;41.7
2018-09-11 02:00:00;18.5;38.0
2018-09-11 03:00:00;16.7;36.6
2018-09-11 04:00:00;19.9;38.4
2018-09-11 05:00:00;36.2;24.2
2018-09-11 06:00:00;52.9;10.9
2018-09-11 07:00:00;51.1;15.5
2018-09-11 08:00:00;48.2;19.8
2018-09-11 09:00:00;34.2;34.6
2018-09-11 10:00:00;22.4;48.2
2018-09-11 11:00:00;21.8;51.8
2018-09-11 12:00:00;21.5;58.5
2018-09-11 13:00:00;24.1;56.2
2018-09-11 14:00:00;25.0;57.6
2018-09-11 15:00:00;27.4;53.7
2018-09-11 16:00:00;19.2;58.0
2018-09-11 17:00:00;18.2;61.0
2018-09-11 18:00:00;18.0;55.1
2018-09-11 19:00:00;14.7;52.1
2018-09-11 20:00:00;14.8;44.8
2018-09-11 21:00:00;12.2;46.6
2018-09-11 22:00:00;10.8;46.3
2018-09-11 23:00:00;11.0;42.5
2018-09-12 00:00:00;10.1;40.5
2018-09-12 01:00:00;16.8;43.9
2018-09-12 02:00:00;21.6;58.3
2018-09-12 03:00:00;7.4;70.1
2018-09-12 04:00:00;11.5;62.3
2018-09-12 05:00:00;29.7;49.6
2018-09-12 06:00:00;48.6;33.1
2018-09-12 07:00:00;31.2;35.8
2018-09-12 08:00:00;24.8;36.3
2018-09-12 09:00:00;39.6;25.1
2018-09-12 10:00:00;28.3;33.3
2018-09-12 11:00:00;30.6;28.7
2018-09-12 12:00:00;34.0;31.5
2018-09-12 13:00:00;28.8;42.8
2018-09-12 14:00:00;24.9;52.4
2018-09-12 15:00:00;25.5;51.3
2018-09-12 16:00:00;24.3;50.4
2018-09-12 17:00:00;22.7;50.6
2018-09-12 18:00:00;22.2;47.0
2018-09-12 19:00:00;24.8;42.8
2018-09-12 20:00:00;26.5;39.9
2018-09-12 21:00:00;29.8;36.5
2018-09-12 22:00:00;27.8;37.5
2018-09-12 23:00:00;19.8;41.4
2018-09-13 00:00:00;28.2;36.6
2018-09-13 01:00:00;30.7;29.1
2018-09-13 02:00:00;27.6;29.0
2018-09-13 03:00:00;34.7;20.2
2018-09-13 04:00:00;51.1;2.4
2018-09-13 05:00:00;51.3;1.4
2018-09-13 06:00:00;70.3;0.3
2018-09-13 07:00:00;64.3;7.0
2018-09-13 08:00:00;43.8;22.7
2018-09-13 09:00:00;26.1;43.0
2018-09-13 10:00:00;19.9;48.9
2018-09-13 11:00:00;27.0;45.1
2018-09-13 12:00:00;33.8;45.5
2018-09-13 13:00:00;31.0;47.3
2018-09-13 14:00:00;35.3;50.9
2018-09-13 15:00:00;39.1;50.3
2018-09-13 16:00:00;28.2;61.1
2018-09-13 17:00:00;22.9;64.0
2018-09-13 18:00:00;24.3;54.7
2018-09-13 19:00:00;28.8;49.9
2018-09-13 20:00:00;41.8;38.0
2018-09-13 21:00:00;52.7;18.9
2018-09-13 22:00:00;53.9;13.5
2018-09-13 23:00:00;67.0;0.8
2018-09-14 00:00:00;68.7;0.7
2018-09-14 01:00:00;70.9;0.6
2018-09-14 02:00:00;58.8;12.1
2018-09-14 03:00:00;46.3;18.9
2018-09-14 04:00:00;35.1;30.9
2018-09-14 05:00:00;49.2;28.6
2018-09-14 06:00:00;68.1;16.2
2018-09-14 07:00:00;64.7;16.7
2018-09-14 08:00:00;67.3;20.9
2018-09-14 09:00:00;58.7;26.6
2018-09-14 10:00:00;55.1;37.5
2018-09-14 11:00:00;48.3;42.7
2018-09-14 12:00:00;38.2;48.8
2018-09-14 13:00:00;38.2;44.5
2018-09-14 14:00:00;29.0;59.8
2018-09-14 15:00:00;30.3;58.9
2018-09-14 16:00:00;24.2;63.2
2018-09-14 17:00:00;40.7;48.0
2018-09-14 18:00:00;33.0;51.0
2018-09-14 19:00:00;28.0;53.3
2018-09-14 20:00:00;36.6;41.4
2018-09-14 21:00:00;56.8;23.3
2018-09-14 22:00:00;63.5;14.2
2018-09-14 23:00:00;51.7;19.1
2018-09-15 00:00:00;46.5;19.2
2018-09-15 01:00:00;27.2;39.0
2018-09-15 02:00:00;20.1;42.4
2018-09-15 03:00:00;19.5;44.1
2018-09-15 04:00:00;16.5;44.7
2018-09-15 05:00:00;19.9;37.6
2018-09-15 06:00:00;31.8;20.9
2018-09-15 07:00:00;46.3;17.9
2018-09-15 08:00:00;40.3;30.5
2018-09-15 09:00:00;21.7;47.3
2018-09-15 10:00:00;20.5;52.4
2018-09-15 11:00:00;19.7;54.3
2018-09-15 12:00:00;20.5;59.5
2018-09-15 13:00:00;17.5;61.6
2018-09-15 14:00:00;15.0;62.9
2018-09-15 15:00:00;16.0;62.5
2018-09-15 16:00:00;14.2;63.4
2018-09-15 17:00:00;21.9;57.7
2018-09-15 18:00:00;37.1;45.5
2018-09-15 19:00:00;52.9;30.8
2018-09-15 20:00:00;62.5;18.9
2018-09-15 21:00:00;70.4;11.8
2018-09-15 22:00:00;74.4;11.6
2018-09-15 23:00:00;55.4;22.8
2018-09-16 00:00:00;46.7;24.5
2018-09-16 01:00:00;45.4;23.1
2018-09-16 02:00:00;37.7;27.7
2018-09-16 03:00:00;32.5;29.8
2018-09-16 04:00:00;33.7;27.0
2018-09-16 05:00:00;29.9;27.7
2018-09-16 06:00:00;28.1;27.0
2018-09-16 07:00:00;39.1;20.2
2018-09-16 08:00:00;38.4;28.0
2018-09-16 09:00:00;32.7;35.9
2018-09-16 10:00:00;33.7;40.6
2018-09-16 11:00:00;33.4;42.8
2018-09-16 12:00:00;35.2;50.7
2018-09-16 13:00:00;26.0;63.6
2018-09-16 14:00:00;23.9;67.6
2018-09-16 15:00:00;24.9;72.4
2018-09-16 16:00:00;35.9;63.7
2018-09-16 17:00:00;39.7;58.3
2018-09-16 18:00:00;37.0;58.2
2018-09-16 19:00:00;57.8;39.0
2018-09-16 20:00:00;72.9;22.4
2018-09-16 21:00:00;67.4;19.5
2018-09-16 22:00:00;86.8;7.3
2018-09-16 23:00:00;71.1;18.6
2018-09-17 00:00:00;52.6;29.0
2018-09-17 01:00:00;43.0;32.1
2018-09-17 02:00:00;39.8;27.2
2018-09-17 03:00:00;44.2;19.6
2018-09-17 04:00:00;45.2;17.9
2018-09-17 05:00:00;50.8;12.6
2018-09-17 06:00:00;73.1;4.8
2018-09-17 07:00:00;75.8;3.0
2018-09-17 08:00:00;79.1;2.5
2018-09-17 09:00:00;82.6;6.0
2018-09-17 10:00:00;91.1;14.2
2018-09-17 11:00:00;44.6;33.2
2018-09-17 12:00:00;48.1;41.7
2018-09-17 13:00:00;61.4;44.8
2018-09-17 14:00:00;46.2;60.7
2018-09-17 15:00:00;46.1;68.5
2018-09-17 16:00:00;53.0;61.9
2018-09-17 17:00:00;61.0;64.7
2018-09-17 18:00:00;59.1;80.9
2018-09-17 19:00:00;98.7;31.2
2018-09-17 20:00:00;86.4;34.4
2018-09-17 21:00:00;66.3;48.5
2018-09-17 22:00:00;65.2;46.8
2018-09-17 23:00:00;46.3;62.5
2018-09-18 00:00:00;44.4;61.1
2018-09-18 01:00:00;37.2;62.6
2018-09-18 02:00:00;32.0;60.8
2018-09-18 03:00:00;29.8;58.7
2018-09-18 04:00:00;30.1;55.3
2018-09-18 05:00:00;42.9;48.7
2018-09-18 06:00:00;65.2;32.7
2018-09-18 07:00:00;66.5;31.2
2018-09-18 08:00:00;70.3;29.6
2018-09-18 09:00:00;75.2;29.0
2018-09-18 10:00:00;44.6;45.5
2018-09-18 11:00:00;28.1;56.9
2018-09-18 12:00:00;22.2;59.1
2018-09-18 13:00:00;24.0;60.6
2018-09-18 14:00:00;25.2;63.3
2018-09-18 15:00:00;20.2;70.5
2018-09-18 16:00:00;17.3;73.1
2018-09-18 17:00:00;16.9;73.3
2018-09-18 18:00:00;20.1;69.4
2018-09-18 19:00:00;17.1;65.5
2018-09-18 20:00:00;12.9;62.0
2018-09-18 21:00:00;16.0;54.4
2018-09-18 22:00:00;17.0;50.3
2018-09-18 23:00:00;21.8;43.5
2018-09-19 00:00:00;11.8;44.6
2018-09-19 01:00:00;10.2;43.3
2018-09-19 02:00:00;15.9;32.7
2018-09-19 03:00:00;17.8;26.2
2018-09-19 04:00:00;25.9;21.5
2018-09-19 05:00:00;42.5;13.0
2018-09-19 06:00:00;64.6;6.2
2018-09-19 07:00:00;56.7;10.3
2018-09-19 08:00:00;59.7;12.1
2018-09-19 09:00:00;47.4;16.6
2018-09-19 10:00:00;46.5;24.4
2018-09-19 11:00:00;43.9;34.9
2018-09-19 12:00:00;32.7;46.6
2018-09-19 13:00:00;21.6;58.9
2018-09-19 14:00:00;27.1;58.9
2018-09-19 15:00:00;22.6;61.8
2018-09-19 16:00:00;21.6;59.8
2018-09-19 17:00:00;27.1;50.6
2018-09-19 18:00:00;15.6;57.4
2018-09-19 19:00:00;28.2;45.8
2018-09-19 20:00:00;23.8;51.0
2018-09-19 21:00:00;14.7;58.7
2018-09-19 22:00:00;27.8;44.0
2018-09-19 23:00:00;14.6;50.6
2018-09-20 00:00:00;12.2;51.1
2018-09-20 01:00:00;12.1;48.2
2018-09-20 02:00:00;15.4;44.3
2018-09-20 03:00:00;15.5;41.8
2018-09-20 04:00:00;17.2;39.1
2018-09-20 05:00:00;35.1;27.8
2018-09-20 06:00:00;54.1;14.5
2018-09-20 07:00:00;56.4;10.2
2018-09-20 08:00:00;52.4;16.4
2018-09-20 09:00:00;37.6;27.2
2018-09-20 10:00:00;38.4;30.9
2018-09-20 11:00:00;33.3;37.9
2018-09-20 12:00:00;30.8;43.6
2018-09-20 13:00:00;36.6;41.9
2018-09-20 14:00:00;39.4;42.6
2018-09-20 15:00:00;32.1;53.6
2018-09-20 16:00:00;42.8;46.6
2018-09-20 17:00:00;40.8;45.7
2018-09-20 18:00:00;38.0;41.8
2018-09-20 19:00:00;47.1;32.8
2018-09-20 20:00:00;53.8;25.8
2018-09-20 21:00:00;34.4;39.3
2018-09-20 22:00:00;32.9;46.5
2018-09-20 23:00:00;22.4;50.7
2018-09-21 00:00:00;22.1;48.9
2018-09-21 01:00:00;19.7;46.9
2018-09-21 02:00:00;14.8;50.6
2018-09-21 03:00:00;10.7;56.4
2018-09-21 04:00:00;8.6;57.2
2018-09-21 05:00:00;20.5;48.0
2018-09-21 06:00:00;32.7;38.3
2018-09-21 07:00:00;24.9;43.2
2018-09-21 08:00:00;19.8;44.7
2018-09-21 09:00:00;17.4;50.4
2018-09-21 10:00:00;17.2;54.8
2018-09-21 11:00:00;15.4;58.5
2018-09-21 12:00:00;19.8;54.5
2018-09-21 13:00:00;18.8;56.3
2018-09-21 14:00:00;21.5;55.6
2018-09-21 15:00:00;21.6;58.8
2018-09-21 16:00:00;21.7;58.8
2018-09-21 17:00:00;25.3;55.0
2018-09-21 18:00:00;19.3;54.1
2018-09-21 19:00:00;17.8;52.4
2018-09-21 20:00:00;11.3;55.4
2018-09-21 21:00:00;13.3;53.2
2018-09-21 22:00:00;9.5;57.8
2018-09-21 23:00:00;9.5;57.3
2018-09-22 00:00:00;7.7;57.4
2018-09-22 01:00:00;11.1;53.7
2018-09-22 02:00:00;7.2;53.2
2018-09-22 03:00:00;5.4;53.0
2018-09-22 04:00:00;8.9;50.8
2018-09-22 05:00:00;11.4;47.8
2018-09-22 06:00:00;19.3;44.8
2018-09-22 07:00:00;22.2;37.8
2018-09-22 08:00:00;28.6;38.5
2018-09-22 09:00:00;30.1;36.3
2018-09-22 10:00:00;18.4;47.8
2018-09-22 11:00:00;16.5;50.0
2018-09-22 12:00:00;22.5;48.4
2018-09-22 13:00:00;18.4;48.7
2018-09-22 14:00:00;41.0;29.0
2018-09-22 15:00:00;49.1;24.3
2018-09-22 16:00:00;52.7;20.5
2018-09-22 17:00:00;44.6;29.6
2018-09-22 18:00:00;45.5;28.2
2018-09-22 19:00:00;50.8;27.7
2018-09-22 20:00:00;45.0;30.3
2018-09-22 21:00:00;43.8;32.2
2018-09-22 22:00:00;43.1;28.2
2018-09-22 23:00:00;38.2;23.6
2018-09-23 00:00:00;32.2;27.7
2018-09-23 01:00:00;32.4;24.7
2018-09-23 02:00:00;34.3;20.0
2018-09-23 03:00:00;39.7;20.5
2018-09-23 04:00:00;37.3;16.3
2018-09-23 05:00:00;33.3;20.3
2018-09-23 06:00:00;38.1;14.6
2018-09-23 07:00:00;43.6;12.4
2018-09-23 08:00:00;38.6;15.5
2018-09-23 09:00:00;38.9;17.9
2018-09-23 10:00:00;27.2;21.5
2018-09-23 11:00:00;20.0;36.6
2018-09-23 12:00:00;16.6;49.4
2018-09-23 13:00:00;13.0;57.8
2018-09-23 14:00:00;15.1;56.5
2018-09-23 15:00:00;32.1;44.4
2018-09-23 16:00:00;37.5;39.2
2018-09-23 17:00:00;14.5;59.5
2018-09-23 18:00:00;18.3;52.1
2018-09-23 19:00:00;36.2;35.7
2018-09-23 20:00:00;37.0;38.3
2018-09-23 21:00:00;19.8;51.0
2018-09-23 22:00:00;11.4;63.6
2018-09-23 23:00:00;14.6;59.6
2018-09-24 00:00:00;12.9;59.1
2018-09-24 01:00:00;8.5;63.9
2018-09-24 02:00:00;16.5;55.9
2018-09-24 03:00:00;15.0;58.1
2018-09-24 04:00:00;22.2;52.0
2018-09-24 05:00:00;44.0;31.0
2018-09-24 06:00:00;69.9;12.1
2018-09-24 07:00:00;42.5;31.8
2018-09-24 08:00:00;57.0;21.3
2018-09-24 09:00:00;29.8;42.2
2018-09-24 10:00:00;27.5;47.9
2018-09-24 11:00:00;20.9;56.0
2018-09-24 12:00:00;18.9;59.6
2018-09-24 13:00:00;24.1;55.3
2018-09-24 14:00:00;24.8;57.0
2018-09-24 15:00:00;21.6;59.3
2018-09-24 16:00:00;20.4;59.3
2018-09-24 17:00:00;29.8;47.6
2018-09-24 18:00:00;32.0;43.9
2018-09-24 19:00:00;22.8;48.5
2018-09-24 20:00:00;38.9;33.6
2018-09-24 21:00:00;33.7;36.6
2018-09-24 22:00:00;36.4;34.3
2018-09-24 23:00:00;32.2;33.5
2018-09-25 00:00:00;38.8;23.0
2018-09-25 01:00:00;45.8;16.5
2018-09-25 02:00:00;42.2;18.0
2018-09-25 03:00:00;39.8;15.5
2018-09-25 04:00:00;50.1;13.6
2018-09-25 05:00:00;66.5;2.7
2018-09-25 06:00:00;85.8;0.6
2018-09-25 07:00:00;104.8;2.2
2018-09-25 08:00:00;94.8;7.7
2018-09-25 09:00:00;80.7;15.1
2018-09-25 10:00:00;65.3;26.8
2018-09-25 11:00:00;38.5;38.6
2018-09-25 12:00:00;66.2;23.2
2018-09-25 13:00:00;70.0;21.5
2018-09-25 14:00:00;47.4;35.6
2018-09-25 15:00:00;50.5;37.6
2018-09-25 16:00:00;53.3;33.3
2018-09-25 17:00:00;63.3;25.9
2018-09-25 18:00:00;45.3;31.8
2018-09-25 19:00:00;53.9;21.6
2018-09-25 20:00:00;76.4;3.3
2018-09-25 21:00:00;80.5;5.4
2018-09-25 22:00:00;67.9;8.4
2018-09-25 23:00:00;51.1;19.3
2018-09-26 00:00:00;40.3;22.8
2018-09-26 01:00:00;32.6;27.7
2018-09-26 02:00:00;36.1;22.6
2018-09-26 03:00:00;39.2;21.3
2018-09-26 04:00:00;47.4;12.8
2018-09-26 05:00:00;67.2;3.1
2018-09-26 06:00:00;78.6;0.1
2018-09-26 07:00:00;77.8;1.3
2018-09-26 08:00:00;70.7;4.1
2018-09-26 09:00:00;69.1;8.4
2018-09-26 10:00:00;58.3;18.2
2018-09-26 11:00:00;37.3;41.1
2018-09-26 12:00:00;31.2;53.9
2018-09-26 13:00:00;28.8;58.1
2018-09-26 14:00:00;33.1;57.5
2018-09-26 15:00:00;31.6;59.1
2018-09-26 16:00:00;31.3;54.7
2018-09-26 17:00:00;37.7;53.6
2018-09-26 18:00:00;37.8;53.2
2018-09-26 19:00:00;37.0;48.8
2018-09-26 20:00:00;48.3;36.2
2018-09-26 21:00:00;51.6;32.2
2018-09-26 22:00:00;69.4;17.4
2018-09-26 23:00:00;73.5;7.1
2018-09-27 00:00:00;60.2;9.9
2018-09-27 01:00:00;61.3;7.5
2018-09-27 02:00:00;56.1;8.5
2018-09-27 03:00:00;55.6;6.4
2018-09-27 04:00:00;57.9;3.3
2018-09-27 05:00:00;67.4;-0.1
2018-09-27 06:00:00;78.3;-0.7
2018-09-27 07:00:00;82.3;0.3
2018-09-27 08:00:00;83.3;2.0
2018-09-27 09:00:00;87.4;4.5
2018-09-27 10:00:00;87.4;9.2
2018-09-27 11:00:00;75.5;25.3
2018-09-27 12:00:00;75.5;25.3
2018-09-27 13:00:00;77.7;32.9
2018-09-27 14:00:00;61.6;45.4
2018-09-27 15:00:00;65.1;48.8
2018-09-27 16:00:00;56.7;61.1
2018-09-27 17:00:00;73.1;54.5
2018-09-27 18:00:00;55.0;50.5
2018-09-27 19:00:00;61.1;39.5
2018-09-27 20:00:00;60.2;35.3
2018-09-27 21:00:00;68.2;27.8
2018-09-27 22:00:00;57.5;34.7
2018-09-27 23:00:00;60.5;26.6
2018-09-28 00:00:00;60.4;18.8
2018-09-28 01:00:00;15.9;45.4
2018-09-28 02:00:00;7.7;51.1
2018-09-28 03:00:00;4.5;58.7
2018-09-28 04:00:00;7.2;55.7
2018-09-28 05:00:00;11.3;48.3
2018-09-28 06:00:00;28.6;37.3
2018-09-28 07:00:00;27.4;36.2
2018-09-28 08:00:00;27.4;36.7
2018-09-28 09:00:00;20.4;42.8
2018-09-28 10:00:00;17.3;46.6
2018-09-28 11:00:00;24.3;43.6
2018-09-28 12:00:00;17.5;50.5
2018-09-28 13:00:00;18.0;52.7
2018-09-28 14:00:00;19.8;51.9
2018-09-28 15:00:00;17.2;56.1
2018-09-28 16:00:00;19.2;54.6
2018-09-28 17:00:00;26.1;49.8
2018-09-28 18:00:00;25.9;46.1
2018-09-28 19:00:00;22.3;44.6
2018-09-28 20:00:00;26.4;35.4
2018-09-28 21:00:00;31.9;33.5
2018-09-28 22:00:00;34.7;30.7
2018-09-28 23:00:00;38.2;27.9
2018-09-29 00:00:00;46.5;18.6
2018-09-29 01:00:00;64.9;4.0
2018-09-29 02:00:00;63.5;1.0
2018-09-29 03:00:00;61.1;0.6
2018-09-29 04:00:00;62.2;-1.7
2018-09-29 05:00:00;63.4;-1.1
2018-09-29 06:00:00;71.5;0.3
2018-09-29 07:00:00;81.8;1.5
2018-09-29 08:00:00;67.5;14.4
2018-09-29 09:00:00;56.2;24.2
2018-09-29 10:00:00;56.7;27.0
2018-09-29 11:00:00;44.4;42.5
2018-09-29 12:00:00;44.0;41.2
2018-09-29 13:00:00;43.4;41.6
2018-09-29 14:00:00;45.6;44.7
2018-09-29 15:00:00;43.0;43.1
2018-09-29 16:00:00;49.8;38.8
2018-09-29 17:00:00;52.7;33.6
2018-09-29 18:00:00;57.3;24.9
2018-09-29 19:00:00;59.9;14.9
2018-09-29 20:00:00;68.5;8.5
2018-09-29 21:00:00;59.7;15.2
2018-09-29 22:00:00;72.5;2.2
2018-09-29 23:00:00;73.5;1.6
2018-09-30 00:00:00;73.2;0.9
2018-09-30 01:00:00;74.3;1.8
2018-09-30 02:00:00;52.9;15.2
2018-09-30 03:00:00;48.1;18.4
2018-09-30 04:00:00;60.5;7.6
2018-09-30 05:00:00;63.0;3.1
2018-09-30 06:00:00;71.3;1.5
2018-09-30 07:00:00;70.7;4.3
2018-09-30 08:00:00;56.3;11.3
2018-09-30 09:00:00;67.2;10.8
2018-09-30 10:00:00;66.9;14.2
2018-09-30 11:00:00;36.7;49.2
2018-09-30 12:00:00;23.6;62.3
2018-09-30 13:00:00;29.6;61.9
2018-09-30 14:00:00;20.5;69.1
2018-09-30 15:00:00;18.6;69.6
2018-09-30 16:00:00;26.5;60.5
2018-09-30 17:00:00;30.7;55.3
2018-09-30 18:00:00;30.6;46.9
2018-09-30 19:00:00;20.4;54.0
2018-09-30 20:00:00;29.7;44.9
2018-09-30 21:00:00;17.2;52.0
2018-09-30 22:00:00;19.8;45.7
2018-09-30 23:00:00;15.3;50.3
2018-10-01 00:00:00;15.1;54.6
2018-10-01 01:00:00;6.5;61.6
2018-10-01 02:00:00;10.5;57.8
2018-10-01 03:00:00;13.7;53.0
2018-10-01 04:00:00;24.8;45.4
2018-10-01 05:00:00;32.0;37.3
2018-10-01 06:00:00;43.8;28.7
2018-10-01 07:00:00;43.2;27.5
2018-10-01 08:00:00;31.4;39.7
2018-10-01 09:00:00;24.6;46.6
2018-10-01 10:00:00;22.6;54.4
2018-10-01 11:00:00;19.5;61.3
2018-10-01 12:00:00;19.8;58.5
2018-10-01 13:00:00;23.2;55.5
2018-10-01 14:00:00;21.5;59.5
2018-10-01 15:00:00;22.2;59.3
2018-10-01 16:00:00;30.2;52.4
2018-10-01 17:00:00;28.9;52.5
2018-10-01 18:00:00;22.5;55.8
2018-10-01 19:00:00;23.1;53.9
2018-10-01 20:00:00;32.6;40.6
2018-10-01 21:00:00;32.1;40.3
2018-10-01 22:00:00;52.8;23.8
2018-10-01 23:00:00;56.6;17.4
2018-10-02 00:00:00;41.6;27.1
2018-10-02 01:00:00;30.7;33.4
2018-10-02 02:00:00;16.1;51.7
2018-10-02 03:00:00;13.6;53.4
2018-10-02 04:00:00;18.7;39.2
2018-10-02 05:00:00;35.0;20.6
2018-10-02 06:00:00;52.8;20.1
2018-10-02 07:00:00;39.5;38.7
2018-10-02 08:00:00;36.9;30.8
2018-10-02 09:00:00;30.6;33.1
2018-10-02 10:00:00;38.2;24.4
2018-10-02 11:00:00;37.1;27.4
2018-10-02 12:00:00;32.6;36.5
2018-10-02 13:00:00;32.9;44.5
2018-10-02 14:00:00;29.2;52.3
2018-10-02 15:00:00;26.9;58.6
2018-10-02 16:00:00;26.9;58.5
2018-10-02 17:00:00;27.7;59.5
2018-10-02 18:00:00;29.6;56.0
2018-10-02 19:00:00;28.3;53.3
2018-10-02 20:00:00;29.6;51.5
2018-10-02 21:00:00;28.2;50.9
2018-10-02 22:00:00;35.7;36.4
2018-10-02 23:00:00;44.6;31.5
2018-10-03 00:00:00;22.3;53.7
2018-10-03 01:00:00;18.7;53.1
2018-10-03 02:00:00;17.0;52.4
2018-10-03 03:00:00;17.6;51.3
2018-10-03 04:00:00;19.2;50.5
2018-10-03 05:00:00;34.0;40.0
2018-10-03 06:00:00;51.3;24.1
2018-10-03 07:00:00;60.9;19.3
2018-10-03 08:00:00;56.4;24.9
2018-10-03 09:00:00;49.2;30.5
2018-10-03 10:00:00;35.6;42.2
2018-10-03 11:00:00;42.9;43.1
2018-10-03 12:00:00;36.7;45.2
2018-10-03 13:00:00;33.5;51.8
2018-10-03 14:00:00;27.6;56.1
2018-10-03 15:00:00;29.1;56.4
2018-10-03 16:00:00;26.5;53.4
2018-10-03 17:00:00;33.8;51.0
2018-10-03 18:00:00;31.7;49.1
2018-10-03 19:00:00;49.9;29.7
2018-10-03 20:00:00;51.6;28.3
2018-10-03 21:00:00;57.7;12.2
2018-10-03 22:00:00;48.9;14.5
2018-10-03 23:00:00;45.0;14.6
2018-10-04 00:00:00;37.9;12.1
2018-10-04 01:00:00;32.6;11.2
2018-10-04 02:00:00;30.7;10.9
2018-10-04 03:00:00;36.5;5.8
2018-10-04 04:00:00;39.5;6.2
2018-10-04 05:00:00;46.3;5.8
2018-10-04 06:00:00;62.4;0.0
2018-10-04 07:00:00;69.1;-1.1
2018-10-04 08:00:00;66.0;-0.7
2018-10-04 09:00:00;62.6;1.0
2018-10-04 10:00:00;56.5;4.1
2018-10-04 11:00:00;43.9;13.3
2018-10-04 12:00:00;58.4;10.6
2018-10-04 13:00:00;51.4;24.4
2018-10-04 14:00:00;41.2;29.3
2018-10-04 15:00:00;45.9;28.2
2018-10-04 16:00:00;38.7;31.0
2018-10-04 17:00:00;51.6;21.6
2018-10-04 18:00:00;66.3;9.4
2018-10-04 19:00:00;60.7;9.2
2018-10-04 20:00:00;57.5;7.7
2018-10-04 21:00:00;52.1;6.9
2018-10-04 22:00:00;49.2;7.8
2018-10-04 23:00:00;40.7;12.7
2018-10-05 00:00:00;40.8;13.6
2018-10-05 01:00:00;40.1;11.1
2018-10-05 02:00:00;38.7;10.1
2018-10-05 03:00:00;38.0;9.4
2018-10-05 04:00:00;39.9;7.1
2018-10-05 05:00:00;52.4;2.7
2018-10-05 06:00:00;63.2;0.0
2018-10-05 07:00:00;68.4;0.8
2018-10-05 08:00:00;63.6;2.1
2018-10-05 09:00:00;64.0;5.6
2018-10-05 10:00:00;63.6;11.2
2018-10-05 11:00:00;62.7;14.2
2018-10-05 12:00:00;57.5;24.3
2018-10-05 13:00:00;64.0;31.6
2018-10-05 14:00:00;52.3;36.2
2018-10-05 15:00:00;55.3;41.1
2018-10-05 16:00:00;70.2;31.6
2018-10-05 17:00:00;85.4;19.0
2018-10-05 18:00:00;86.9;7.2
2018-10-05 19:00:00;90.0;1.4
2018-10-05 20:00:00;100.2;0.3
2018-10-05 21:00:00;94.2;0.8
2018-10-05 22:00:00;93.3;0.6
2018-10-05 23:00:00;93.2;0.0
2018-10-06 00:00:00;77.8;-0.5
2018-10-06 01:00:00;63.4;-0.7
2018-10-06 02:00:00;71.0;-0.4
2018-10-06 03:00:00;73.2;-0.4
2018-10-06 04:00:00;74.4;-0.3
2018-10-06 05:00:00;76.4;-0.7
2018-10-06 06:00:00;75.3;-0.3
2018-10-06 07:00:00;75.0;1.5
2018-10-06 08:00:00;69.9;6.0
2018-10-06 09:00:00;74.5;10.8
2018-10-06 10:00:00;68.5;13.9
2018-10-06 11:00:00;64.2;19.0
2018-10-06 12:00:00;66.6;27.4
2018-10-06 13:00:00;55.5;38.9
2018-10-06 14:00:00;45.2;53.7
2018-10-06 15:00:00;52.4;37.7
2018-10-06 16:00:00;52.0;39.8
2018-10-06 17:00:00;58.6;33.9
2018-10-06 18:00:00;57.0;30.9
2018-10-06 19:00:00;34.1;32.7
2018-10-06 20:00:00;21.2;43.8
2018-10-06 21:00:00;8.8;54.6
2018-10-06 22:00:00;5.5;64.2
2018-10-06 23:00:00;4.2;66.4
2018-10-07 00:00:00;3.6;66.9
2018-10-07 01:00:00;4.4;64.8
2018-10-07 02:00:00;4.2;63.5
2018-10-07 03:00:00;4.6;63.6
2018-10-07 04:00:00;7.9;62.6
2018-10-07 05:00:00;13.1;59.0
2018-10-07 06:00:00;26.1;41.9
2018-10-07 07:00:00;22.1;43.8
2018-10-07 08:00:00;27.2;39.0
2018-10-07 09:00:00;23.2;47.0
2018-10-07 10:00:00;11.7;63.2
2018-10-07 11:00:00;16.5;59.9
2018-10-07 12:00:00;16.8;61.9
2018-10-07 13:00:00;18.2;62.3
2018-10-07 14:00:00;16.4;63.3
2018-10-07 15:00:00;26.0;57.6
2018-10-07 16:00:00;22.0;57.8
2018-10-07 17:00:00;26.2;53.2
2018-10-07 18:00:00;33.8;43.0
2018-10-07 19:00:00;43.7;33.3
2018-10-07 20:00:00;54.0;21.3
2018-10-07 21:00:00;59.1;21.2
2018-10-07 22:00:00;65.6;8.0
2018-10-07 23:00:00;70.3;0.8
2018-10-08 00:00:00;76.8;0.6
2018-10-08 01:00:00;69.0;2.9
2018-10-08 02:00:00;49.9;21.8
2018-10-08 03:00:00;41.9;27.9
2018-10-08 04:00:00;40.2;28.1
2018-10-08 05:00:00;61.1;15.7
2018-10-08 06:00:00;81.0;2.0
2018-10-08 07:00:00;79.6;2.2
2018-10-08 08:00:00;76.1;6.1
2018-10-08 09:00:00;77.7;10.5
2018-10-08 10:00:00;64.9;17.8
2018-10-08 11:00:00;55.2;27.8
2018-10-08 12:00:00;39.1;37.7
2018-10-08 13:00:00;38.7;45.2
2018-10-08 14:00:00;36.0;48.8
2018-10-08 15:00:00;35.5;46.9
2018-10-08 16:00:00;39.2;44.2
2018-10-08 17:00:00;39.1;43.7
2018-10-08 18:00:00;56.8;26.6
2018-10-08 19:00:00;48.6;31.2
2018-10-08 20:00:00;58.3;18.3
2018-10-08 21:00:00;54.5;21.4
2018-10-08 22:00:00;52.9;16.0
2018-10-08 23:00:00;54.1;15.0
2018-10-09 00:00:00;51.6;16.8
2018-10-09 01:00:00;37.4;20.6
2018-10-09 02:00:00;33.4;22.5
2018-10-09 03:00:00;34.9;16.4
2018-10-09 04:00:00;40.5;10.9
2018-10-09 05:00:00;59.9;3.9
2018-10-09 06:00:00;67.5;-0.1
2018-10-09 07:00:00;69.5;0.4
2018-10-09 08:00:00;78.9;2.8
2018-10-09 09:00:00;70.4;6.7
2018-10-09 10:00:00;63.6;15.5
2018-10-09 11:00:00;52.5;30.0
2018-10-09 12:00:00;58.6;34.2
2018-10-09 13:00:00;55.8;34.8
2018-10-09 14:00:00;64.7;28.3
2018-10-09 15:00:00;58.8;37.7
2018-10-09 16:00:00;57.5;36.2
2018-10-09 17:00:00;69.1;29.3
2018-10-09 18:00:00;82.7;14.5
2018-10-09 19:00:00;87.7;13.2
2018-10-09 20:00:00;81.1;13.5
2018-10-09 21:00:00;80.5;11.7
2018-10-09 22:00:00;74.8;11.3
2018-10-09 23:00:00;83.1;6.1
2018-10-10 00:00:00;81.7;4.0
2018-10-10 01:00:00;79.3;1.0
2018-10-10 02:00:00;72.5;0.3
2018-10-10 03:00:00;77.8;-0.3
2018-10-10 04:00:00;66.1;-0.4
2018-10-10 05:00:00;69.0;-0.4
2018-10-10 06:00:00;76.0;-0.3
2018-10-10 07:00:00;67.8;0.6
2018-10-10 08:00:00;74.0;1.8
2018-10-10 09:00:00;70.9;2.9
2018-10-10 10:00:00;74.1;6.5
2018-10-10 11:00:00;75.3;10.2
2018-10-10 12:00:00;63.2;27.9
2018-10-10 13:00:00;54.1;47.0
2018-10-10 14:00:00;60.5;48.7
2018-10-10 15:00:00;51.3;52.4
2018-10-10 16:00:00;58.0;50.8
2018-10-10 17:00:00;62.3;40.7
2018-10-10 18:00:00;39.8;53.6
2018-10-10 19:00:00;39.6;49.2
2018-10-10 20:00:00;47.0;43.2
2018-10-10 21:00:00;57.4;30.2
2018-10-10 22:00:00;59.2;30.1
2018-10-10 23:00:00;59.1;27.1
2018-10-11 00:00:00;46.9;31.7
2018-10-11 01:00:00;46.9;26.7
2018-10-11 02:00:00;33.5;32.4
2018-10-11 03:00:00;33.4;30.4
2018-10-11 04:00:00;40.6;21.3
2018-10-11 05:00:00;53.0;12.9
2018-10-11 06:00:00;66.8;4.4
2018-10-11 07:00:00;67.9;3.9
2018-10-11 08:00:00;58.3;16.0
2018-10-11 09:00:00;53.3;24.2
2018-10-11 10:00:00;51.3;27.5
2018-10-11 11:00:00;55.7;26.4
2018-10-11 12:00:00;51.3;30.7
2018-10-11 13:00:00;49.4;34.6
2018-10-11 14:00:00;49.6;41.3
2018-10-11 15:00:00;46.0;48.4
2018-10-11 16:00:00;46.8;47.7
2018-10-11 17:00:00;54.5;42.3
2018-10-11 18:00:00;64.9;28.9
2018-10-11 19:00:00;56.2;24.7
2018-10-11 20:00:00;51.5;24.9
2018-10-11 21:00:00;42.3;27.6
2018-10-11 22:00:00;36.7;32.2
2018-10-11 23:00:00;32.1;35.8
2018-10-12 00:00:00;27.6;37.9
2018-10-12 01:00:00;18.1;44.6
2018-10-12 02:00:00;19.7;47.3
2018-10-12 03:00:00;15.4;42.1
2018-10-12 04:00:00;18.9;42.5
2018-10-12 05:00:00;29.5;31.9
2018-10-12 06:00:00;42.9;22.5
2018-10-12 07:00:00;48.2;15.6
2018-10-12 08:00:00;49.9;14.3
2018-10-12 09:00:00;41.8;25.4
2018-10-12 10:00:00;38.8;33.5
2018-10-12 11:00:00;44.3;34.2
2018-10-12 12:00:00;32.7;44.0
2018-10-12 13:00:00;37.2;44.7
2018-10-12 14:00:00;32.4;48.4
2018-10-12 15:00:00;38.7;43.4
2018-10-12 16:00:00;43.2;40.3
2018-10-12 17:00:00;49.7;38.5
2018-10-12 18:00:00;34.3;44.0
2018-10-12 19:00:00;35.3;40.2
2018-10-12 20:00:00;28.4;40.2
2018-10-12 21:00:00;29.7;39.1
2018-10-12 22:00:00;31.2;35.3
2018-10-12 23:00:00;31.3;33.9
2018-10-13 00:00:00;25.7;31.7
2018-10-13 01:00:00;20.3;34.9
2018-10-13 02:00:00;19.5;34.8
2018-10-13 03:00:00;20.1;34.7
2018-10-13 04:00:00;18.9;33.9
2018-10-13 05:00:00;24.1;31.1
2018-10-13 06:00:00;24.9;29.0
2018-10-13 07:00:00;30.7;26.8
2018-10-13 08:00:00;35.7;28.2
2018-10-13 09:00:00;38.0;33.0
2018-10-13 10:00:00;44.6;34.6
2018-10-13 11:00:00;50.5;35.3
2018-10-13 12:00:00;42.8;45.9
2018-10-13 13:00:00;37.4;58.2
2018-10-13 14:00:00;39.4;66.2
2018-10-13 15:00:00;45.3;70.5
2018-10-13 16:00:00;53.9;56.3
2018-10-13 17:00:00;71.6;40.2
2018-10-13 18:00:00;93.7;22.2
2018-10-13 19:00:00;59.8;38.9
2018-10-13 20:00:00;54.2;36.2
2018-10-13 21:00:00;56.8;33.8
2018-10-13 22:00:00;47.3;34.2
2018-10-13 23:00:00;61.8;22.0
2018-10-14 00:00:00;49.3;33.0
2018-10-14 01:00:00;38.2;39.9
2018-10-14 02:00:00;37.5;38.8
2018-10-14 03:00:00;28.8;43.8
2018-10-14 04:00:00;37.3;38.6
2018-10-14 05:00:00;39.2;36.7
2018-10-14 06:00:00;45.6;29.4
2018-10-14 07:00:00;42.9;34.0
2018-10-14 08:00:00;46.8;31.9
2018-10-14 09:00:00;39.2;40.1
2018-10-14 10:00:00;33.0;45.1
2018-10-14 11:00:00;28.5;53.4
2018-10-14 12:00:00;33.1;58.8
2018-10-14 13:00:00;26.6;68.2
2018-10-14 14:00:00;27.8;72.7
2018-10-14 15:00:00;32.1;71.1
2018-10-14 16:00:00;40.4;62.1
2018-10-14 17:00:00;52.1;49.3
2018-10-14 18:00:00;46.1;51.7
2018-10-14 19:00:00;58.8;37.2
2018-10-14 20:00:00;65.9;29.8
2018-10-14 21:00:00;68.5;24.5
2018-10-14 22:00:00;62.1;27.4
2018-10-14 23:00:00;70.5;16.7
2018-10-15 00:00:00;76.4;5.1
2018-10-15 01:00:00;70.0;4.3
2018-10-15 02:00:00;60.6;15.1
2018-10-15 03:00:00;35.7;35.0
2018-10-15 04:00:00;32.4;36.9
2018-10-15 05:00:00;54.5;25.0
2018-10-15 06:00:00;80.3;7.5
2018-10-15 07:00:00;86.5;5.5
2018-10-15 08:00:00;75.8;11.1
2018-10-15 09:00:00;57.2;22.5
2018-10-15 10:00:00;57.8;29.5
2018-10-15 11:00:00;53.7;34.8
2018-10-15 12:00:00;49.8;40.5
2018-10-15 13:00:00;47.7;48.3
2018-10-15 14:00:00;62.9;34.4
2018-10-15 15:00:00;60.0;41.4
2018-10-15 16:00:00;47.3;41.1
2018-10-15 17:00:00;50.6;34.8
2018-10-15 18:00:00;45.5;34.8
2018-10-15 19:00:00;50.7;26.6
2018-10-15 20:00:00;47.9;21.8
2018-10-15 21:00:00;56.2;14.0
2018-10-15 22:00:00;70.5;1.4
2018-10-15 23:00:00;72.9;0.2
2018-10-16 00:00:00;66.0;-0.3
2018-10-16 01:00:00;59.7;2.3
2018-10-16 02:00:00;44.5;7.0
2018-10-16 03:00:00;50.2;1.1
2018-10-16 04:00:00;50.8;0.4
2018-10-16 05:00:00;55.6;0.3
2018-10-16 06:00:00;71.8;-0.5
2018-10-16 07:00:00;82.2;-0.4
2018-10-16 08:00:00;84.1;0.6
2018-10-16 09:00:00;90.4;4.0
2018-10-16 10:00:00;86.9;7.0
2018-10-16 11:00:00;76.7;17.6
2018-10-16 12:00:00;86.0;21.5
2018-10-16 13:00:00;94.2;15.8
2018-10-16 14:00:00;102.4;16.6
2018-10-16 15:00:00;86.7;28.7
2018-10-16 16:00:00;93.8;21.6
2018-10-16 17:00:00;92.3;13.9
2018-10-16 18:00:00;111.3;2.3
2018-10-16 19:00:00;118.9;1.5
2018-10-16 20:00:00;116.0;0.8
2018-10-16 21:00:00;100.0;3.0
2018-10-16 22:00:00;87.7;9.2
2018-10-16 23:00:00;75.9;17.2
2018-10-17 00:00:00;62.9;20.8
2018-10-17 01:00:00;65.1;11.6
2018-10-17 02:00:00;66.5;9.3
2018-10-17 03:00:00;60.0;9.3
2018-10-17 04:00:00;62.0;4.3
2018-10-17 05:00:00;62.7;2.8
2018-10-17 06:00:00;68.3;0.0
2018-10-17 07:00:00;70.0;1.0
2018-10-17 08:00:00;51.9;6.0
2018-10-17 09:00:00;50.8;21.2
2018-10-17 10:00:00;40.1;33.5
2018-10-17 11:00:00;38.3;38.1
2018-10-17 12:00:00;31.7;38.4
2018-10-17 13:00:00;47.1;37.4
2018-10-17 14:00:00;42.2;36.3
2018-10-17 15:00:00;43.2;40.2
2018-10-17 16:00:00;39.0;43.1
2018-10-17 17:00:00;48.1;35.7
2018-10-17 18:00:00;50.1;32.7
2018-10-17 19:00:00;46.3;35.8
2018-10-17 20:00:00;50.9;31.8
2018-10-17 21:00:00;72.0;12.0
2018-10-17 22:00:00;49.9;28.3
2018-10-17 23:00:00;29.0;42.2
2018-10-18 00:00:00;38.0;33.6
2018-10-18 01:00:00;27.2;39.4
2018-10-18 02:00:00;13.0;43.3
2018-10-18 03:00:00;10.3;39.9
2018-10-18 04:00:00;10.7;42.8
2018-10-18 05:00:00;17.0;37.3
2018-10-18 06:00:00;34.7;21.3
2018-10-18 07:00:00;41.1;18.3
2018-10-18 08:00:00;33.2;25.4
2018-10-18 09:00:00;29.1;32.5
2018-10-18 10:00:00;23.8;40.0
2018-10-18 11:00:00;21.1;54.1
2018-10-18 12:00:00;18.9;57.9
2018-10-18 13:00:00;18.6;59.1
2018-10-18 14:00:00;21.3;57.7
2018-10-18 15:00:00;26.9;52.2
2018-10-18 16:00:00;23.1;54.9
2018-10-18 17:00:00;33.6;41.6
2018-10-18 18:00:00;39.1;32.1
2018-10-18 19:00:00;32.2;33.2
2018-10-18 20:00:00;29.2;41.6
2018-10-18 21:00:00;25.8;45.7
2018-10-18 22:00:00;27.1;44.4
2018-10-18 23:00:00;18.6;51.7
2018-10-19 00:00:00;16.4;57.5
2018-10-19 01:00:00;19.3;56.9
2018-10-19 02:00:00;14.9;58.5
2018-10-19 03:00:00;16.2;59.7
2018-10-19 04:00:00;24.7;51.7
2018-10-19 05:00:00;52.5;29.9
2018-10-19 06:00:00;79.2;7.3
2018-10-19 07:00:00;80.4;2.6
2018-10-19 08:00:00;62.5;15.7
2018-10-19 09:00:00;51.5;28.2
2018-10-19 10:00:00;43.3;31.3
2018-10-19 11:00:00;41.5;30.6
2018-10-19 12:00:00;42.0;32.6
2018-10-19 13:00:00;38.1;37.8
2018-10-19 14:00:00;38.6;41.5
2018-10-19 15:00:00;29.7;46.8
2018-10-19 16:00:00;27.9;47.9
2018-10-19 17:00:00;42.3;35.7
2018-10-19 18:00:00;46.6;31.8
2018-10-19 19:00:00;51.3;26.6
2018-10-19 20:00:00;58.3;13.6
2018-10-19 21:00:00;62.1;8.6
2018-10-19 22:00:00;56.7;14.8
2018-10-19 23:00:00;68.1;9.8
2018-10-20 00:00:00;54.9;16.7
2018-10-20 01:00:00;54.6;18.0
2018-10-20 02:00:00;72.7;1.9
2018-10-20 03:00:00;69.8;0.6
2018-10-20 04:00:00;74.8;0.5
2018-10-20 05:00:00;83.1;0.2
2018-10-20 06:00:00;92.5;0.1
2018-10-20 07:00:00;85.3;0.2
2018-10-20 08:00:00;84.0;2.4
2018-10-20 09:00:00;87.4;8.3
2018-10-20 10:00:00;90.1;7.5
2018-10-20 11:00:00;60.4;29.6
2018-10-20 12:00:00;55.7;30.5
2018-10-20 13:00:00;53.0;33.2
2018-10-20 14:00:00;42.8;43.8
2018-10-20 15:00:00;48.4;46.2
2018-10-20 16:00:00;40.1;48.1
2018-10-20 17:00:00;49.2;33.7
2018-10-20 18:00:00;69.2;14.3
2018-10-20 19:00:00;74.1;8.7
2018-10-20 20:00:00;81.1;5.9
2018-10-20 21:00:00;74.4;10.0
2018-10-20 22:00:00;84.6;2.0
2018-10-20 23:00:00;89.4;2.1
2018-10-21 00:00:00;78.5;7.2
2018-10-21 01:00:00;60.1;16.2
2018-10-21 02:00:00;68.4;8.7
2018-10-21 03:00:00;56.8;16.1
2018-10-21 04:00:00;41.9;27.2
2018-10-21 05:00:00;46.7;23.1
2018-10-21 06:00:00;56.8;16.3
2018-10-21 07:00:00;46.3;14.0
2018-10-21 08:00:00;58.0;13.3
2018-10-21 09:00:00;49.1;26.1
2018-10-21 10:00:00;45.4;31.1
2018-10-21 11:00:00;45.7;34.6
2018-10-21 12:00:00;45.9;42.5
2018-10-21 13:00:00;45.2;42.1
2018-10-21 14:00:00;49.9;40.1
2018-10-21 15:00:00;51.0;37.9
2018-10-21 16:00:00;56.2;32.1
2018-10-21 17:00:00;55.1;28.1
2018-10-21 18:00:00;71.9;12.0
2018-10-21 19:00:00;80.3;4.4
2018-10-21 20:00:00;71.0;12.4
2018-10-21 21:00:00;65.5;13.6
2018-10-21 22:00:00;69.1;9.1
2018-10-21 23:00:00;70.0;5.8
2018-10-22 00:00:00;51.5;13.4
2018-10-22 01:00:00;13.7;43.0
2018-10-22 02:00:00;4.9;56.2
2018-10-22 03:00:00;4.7;63.4
2018-10-22 04:00:00;8.7;59.5
2018-10-22 05:00:00;17.3;54.1
2018-10-22 06:00:00;27.9;44.4
2018-10-22 07:00:00;37.9;28.2
2018-10-22 08:00:00;37.9;28.2
2018-10-22 09:00:00;37.9;28.2
2018-10-22 10:00:00;37.9;28.2
2018-10-22 11:00:00;13.5;56.8
2018-10-22 12:00:00;14.6;60.4
2018-10-22 13:00:00;17.1;61.2
2018-10-22 14:00:00;19.8;62.7
2018-10-22 15:00:00;17.0;61.2
2018-10-22 16:00:00;20.7;56.5
2018-10-22 17:00:00;31.5;43.6
2018-10-22 18:00:00;51.8;25.2
2018-10-22 19:00:00;54.6;22.4
2018-10-22 20:00:00;65.8;10.2
2018-10-22 21:00:00;53.3;22.6
2018-10-22 22:00:00;46.9;29.0
2018-10-22 23:00:00;30.8;40.4
2018-10-23 00:00:00;15.8;53.5
2018-10-23 01:00:00;8.1;57.3
2018-10-23 02:00:00;9.8;49.3
2018-10-23 03:00:00;9.0;51.3
2018-10-23 04:00:00;10.5;47.5
2018-10-23 05:00:00;21.2;40.6
2018-10-23 06:00:00;39.1;27.2
2018-10-23 07:00:00;44.1;23.6
2018-10-23 08:00:00;35.6;24.9
2018-10-23 09:00:00;25.3;31.7
2018-10-23 10:00:00;29.9;34.3
2018-10-23 11:00:00;25.4;35.8
2018-10-23 12:00:00;36.2;34.0
2018-10-23 13:00:00;36.0;33.7
2018-10-23 14:00:00;45.0;30.7
2018-10-23 15:00:00;31.2;44.8
2018-10-23 16:00:00;34.7;43.0
2018-10-23 17:00:00;36.6;40.4
2018-10-23 18:00:00;35.0;42.7
2018-10-23 19:00:00;28.3;41.1
2018-10-23 20:00:00;25.3;39.6
2018-10-23 21:00:00;22.2;41.2
2018-10-23 22:00:00;16.8;42.6
2018-10-23 23:00:00;19.2;38.5
2018-10-24 00:00:00;22.3;35.2
2018-10-24 01:00:00;19.9;36.5
2018-10-24 02:00:00;20.8;36.9
2018-10-24 03:00:00;16.9;39.3
2018-10-24 04:00:00;16.7;38.1
2018-10-24 05:00:00;19.4;34.9
2018-10-24 06:00:00;32.6;27.5
2018-10-24 07:00:00;35.7;25.3
2018-10-24 08:00:00;33.0;29.3
2018-10-24 09:00:00;33.4;30.4
2018-10-24 10:00:00;26.7;40.5
2018-10-24 11:00:00;26.5;41.5
2018-10-24 12:00:00;23.2;44.0
2018-10-24 13:00:00;25.8;43.0
2018-10-24 14:00:00;28.6;39.8
2018-10-24 15:00:00;28.5;36.1
2018-10-24 16:00:00;29.1;35.6
2018-10-24 17:00:00;36.3;29.2
2018-10-24 18:00:00;40.4;24.2
2018-10-24 19:00:00;38.1;23.2
2018-10-24 20:00:00;20.2;37.6
2018-10-24 21:00:00;30.3;28.6
2018-10-24 22:00:00;21.0;35.9
2018-10-24 23:00:00;28.5;25.7
2018-10-25 00:00:00;21.2;29.8
2018-10-25 01:00:00;15.8;34.3
2018-10-25 02:00:00;21.4;38.9
2018-10-25 03:00:00;24.8;40.9
2018-10-25 04:00:00;27.9;40.7
2018-10-25 05:00:00;35.2;40.1
2018-10-25 06:00:00;57.6;25.8
2018-10-25 07:00:00;57.4;25.8
2018-10-25 08:00:00;55.3;26.9
2018-10-25 09:00:00;56.1;25.2
2018-10-25 10:00:00;61.0;21.5
2018-10-25 11:00:00;50.7;27.8
2018-10-25 12:00:00;41.1;36.2
2018-10-25 13:00:00;43.7;32.5
2018-10-25 14:00:00;53.3;23.9
2018-10-25 15:00:00;48.2;30.4
2018-10-25 16:00:00;62.1;15.9
2018-10-25 17:00:00;73.2;10.0
2018-10-25 18:00:00;50.6;22.5
2018-10-25 19:00:00;23.9;43.3
2018-10-25 20:00:00;44.2;25.9
2018-10-25 21:00:00;35.5;33.2
2018-10-25 22:00:00;35.3;34.7
2018-10-25 23:00:00;37.4;29.8
2018-10-26 00:00:00;47.6;19.0
2018-10-26 01:00:00;35.7;21.0
2018-10-26 02:00:00;29.7;23.7
2018-10-26 03:00:00;25.2;25.2
2018-10-26 04:00:00;23.3;27.1
2018-10-26 05:00:00;37.3;14.3
2018-10-26 06:00:00;47.9;9.6
2018-10-26 07:00:00;53.1;6.3
2018-10-26 08:00:00;59.2;1.8
2018-10-26 09:00:00;76.5;3.0
2018-10-26 10:00:00;53.4;23.8
2018-10-26 11:00:00;37.4;40.0
2018-10-26 12:00:00;43.4;36.4
2018-10-26 13:00:00;57.1;24.2
2018-10-26 14:00:00;42.7;39.8
2018-10-26 15:00:00;37.9;44.9
2018-10-26 16:00:00;43.0;42.8
2018-10-26 17:00:00;31.3;51.1
2018-10-26 18:00:00;47.7;36.5
2018-10-26 19:00:00;31.3;50.2
2018-10-26 20:00:00;35.8;49.1
2018-10-26 21:00:00;25.5;55.9
2018-10-26 22:00:00;37.6;43.7
2018-10-26 23:00:00;25.1;56.5
2018-10-27 00:00:00;27.8;54.5
2018-10-27 01:00:00;29.6;50.9
2018-10-27 02:00:00;40.5;41.5
2018-10-27 03:00:00;38.6;36.5
2018-10-27 04:00:00;26.2;47.9
2018-10-27 05:00:00;40.6;37.3
2018-10-27 06:00:00;35.8;37.8
2018-10-27 07:00:00;67.0;19.1
2018-10-27 08:00:00;58.5;20.9
2018-10-27 09:00:00;51.8;30.4
2018-10-27 10:00:00;60.9;19.9
2018-10-27 11:00:00;57.8;26.5
2018-10-27 12:00:00;45.9;35.3
2018-10-27 13:00:00;40.0;39.3
2018-10-27 14:00:00;21.8;54.6
2018-10-27 15:00:00;36.7;47.9
2018-10-27 16:00:00;28.4;49.9
2018-10-27 17:00:00;38.9;35.8
2018-10-27 18:00:00;30.4;34.0
2018-10-27 19:00:00;26.5;35.1
2018-10-27 20:00:00;19.8;43.9
2018-10-27 21:00:00;16.7;44.4
2018-10-27 22:00:00;14.8;49.5
2018-10-27 23:00:00;15.0;47.4
2018-10-28 00:00:00;15.4;44.9
2018-10-28 01:00:00;16.2;45.0
2018-10-28 02:00:00;12.3;44.4
2018-10-28 03:00:00;13.1;44.6
2018-10-28 04:00:00;9.8;49.1
2018-10-28 05:00:00;10.9;49.4
2018-10-28 06:00:00;9.6;51.3
2018-10-28 07:00:00;12.5;45.8
2018-10-28 08:00:00;15.0;47.7
2018-10-28 09:00:00;16.8;47.8
2018-10-28 10:00:00;15.7;49.6
2018-10-28 11:00:00;9.8;53.4
2018-10-28 12:00:00;12.5;51.1
2018-10-28 13:00:00;11.7;54.6
2018-10-28 14:00:00;13.5;52.7
2018-10-28 15:00:00;11.8;52.0
2018-10-28 16:00:00;15.0;47.5
2018-10-28 17:00:00;19.9;43.2
2018-10-28 18:00:00;18.1;43.0
2018-10-28 19:00:00;12.7;46.7
2018-10-28 20:00:00;11.5;46.4
2018-10-28 21:00:00;12.9;44.4
2018-10-28 22:00:00;13.4;46.1
2018-10-28 23:00:00;15.9;44.1
2018-10-29 00:00:00;9.9;45.3
2018-10-29 01:00:00;11.7;42.0
2018-10-29 02:00:00;8.8;44.7
2018-10-29 03:00:00;7.7;45.4
2018-10-29 04:00:00;9.3;45.8
2018-10-29 05:00:00;14.9;41.6
2018-10-29 06:00:00;16.0;35.1
2018-10-29 07:00:00;32.1;23.4
2018-10-29 08:00:00;34.2;19.8
2018-10-29 09:00:00;38.0;19.6
2018-10-29 10:00:00;27.3;25.3
2018-10-29 11:00:00;30.6;22.3
2018-10-29 12:00:00;28.9;28.0
2018-10-29 13:00:00;32.4;24.7
2018-10-29 14:00:00;36.3;22.9
2018-10-29 15:00:00;34.9;19.9
2018-10-29 16:00:00;33.2;20.0
2018-10-29 17:00:00;22.0;26.2
2018-10-29 18:00:00;21.8;28.9
2018-10-29 19:00:00;16.1;30.2
2018-10-29 20:00:00;15.3;30.8
2018-10-29 21:00:00;14.3;31.3
2018-10-29 22:00:00;12.6;31.2
2018-10-29 23:00:00;10.4;31.6
2018-10-30 00:00:00;8.7;31.4
2018-10-30 01:00:00;7.4;30.9
2018-10-30 02:00:00;8.0;26.5
2018-10-30 03:00:00;8.7;23.6
2018-10-30 04:00:00;9.9;21.2
2018-10-30 05:00:00;10.4;18.6
2018-10-30 06:00:00;18.5;12.9
2018-10-30 07:00:00;36.7;6.1
2018-10-30 08:00:00;34.5;3.1
2018-10-30 09:00:00;47.7;1.1
2018-10-30 10:00:00;36.7;2.4
2018-10-30 11:00:00;38.0;2.6
2018-10-30 12:00:00;35.5;3.0
2018-10-30 13:00:00;38.0;2.9
2018-10-30 14:00:00;41.5;1.8
2018-10-30 15:00:00;41.7;3.6
2018-10-30 16:00:00;42.1;2.3
2018-10-30 17:00:00;39.1;1.6
2018-10-30 18:00:00;36.4;0.7
2018-10-30 19:00:00;39.7;0.0
2018-10-30 20:00:00;15.0;25.1
2018-10-30 21:00:00;12.4;32.6
2018-10-30 22:00:00;10.6;40.7
2018-10-30 23:00:00;8.2;43.2
2018-10-31 00:00:00;8.3;44.2
2018-10-31 01:00:00;9.4;44.8
2018-10-31 02:00:00;11.9;43.0
2018-10-31 03:00:00;12.2;41.9
2018-10-31 04:00:00;22.4;23.7
2018-10-31 05:00:00;27.8;18.6
2018-10-31 06:00:00;42.3;12.5
2018-10-31 07:00:00;56.8;4.9
2018-10-31 08:00:00;58.8;5.0
2018-10-31 09:00:00;61.6;5.4
2018-10-31 10:00:00;58.7;10.9
2018-10-31 11:00:00;59.0;12.1
2018-10-31 12:00:00;58.5;15.4
2018-10-31 13:00:00;56.7;17.5
2018-10-31 14:00:00;60.2;19.1
2018-10-31 15:00:00;67.1;19.0
2018-10-31 16:00:00;77.6;6.7
2018-10-31 17:00:00;78.0;2.9
2018-10-31 18:00:00;81.7;0.6
2018-10-31 19:00:00;68.5;0.5
2018-10-31 20:00:00;57.9;1.6
2018-10-31 21:00:00;56.2;3.1
2018-10-31 22:00:00;53.5;1.6
2018-10-31 23:00:00;53.6;1.6
2018-11-01 00:00:00;52.6;3.4
2018-11-01 01:00:00;49.2;5.6
2018-11-01 02:00:00;54.2;3.1
2018-11-01 03:00:00;54.8;1.7
2018-11-01 04:00:00;41.1;9.2
2018-11-01 05:00:00;32.0;14.2
2018-11-01 06:00:00;42.9;9.9
2018-11-01 07:00:00;55.9;3.9
2018-11-01 08:00:00;61.9;4.5
2018-11-01 09:00:00;62.3;7.8
2018-11-01 10:00:00;53.3;15.5
2018-11-01 11:00:00;49.4;16.6
2018-11-01 12:00:00;52.7;15.4
2018-11-01 13:00:00;54.9;17.3
2018-11-01 14:00:00;57.7;15.1
2018-11-01 15:00:00;66.9;7.8
2018-11-01 16:00:00;80.0;5.4
2018-11-01 17:00:00;75.3;6.0
2018-11-01 18:00:00;73.8;7.5
2018-11-01 19:00:00;55.0;14.4
2018-11-01 20:00:00;37.8;20.7
2018-11-01 21:00:00;36.5;17.8
2018-11-01 22:00:00;31.4;17.7
2018-11-01 23:00:00;33.0;17.2
2018-11-02 00:00:00;32.0;17.4
2018-11-02 01:00:00;24.2;23.3
2018-11-02 02:00:00;24.3;50.4
2018-11-02 03:00:00;27.4;46.7
2018-11-02 04:00:00;23.2;51.3
2018-11-02 05:00:00;38.1;38.9
2018-11-02 06:00:00;51.3;27.7
2018-11-02 07:00:00;67.0;15.1
2018-11-02 08:00:00;77.0;13.6
2018-11-02 09:00:00;68.8;15.4
2018-11-02 10:00:00;36.8;37.9
2018-11-02 11:00:00;35.5;42.1
2018-11-02 12:00:00;39.9;44.6
2018-11-02 13:00:00;29.9;46.5
2018-11-02 14:00:00;30.0;47.0
2018-11-02 15:00:00;42.0;42.3
2018-11-02 16:00:00;52.7;32.1
2018-11-02 17:00:00;78.1;20.0
2018-11-02 18:00:00;88.0;10.1
2018-11-02 19:00:00;70.3;28.0
2018-11-02 20:00:00;83.5;8.9
2018-11-02 21:00:00;80.4;5.3
2018-11-02 22:00:00;81.2;1.7
2018-11-02 23:00:00;79.2;4.3
2018-11-03 00:00:00;61.5;12.2
2018-11-03 01:00:00;61.3;9.6
2018-11-03 02:00:00;73.5;2.8
2018-11-03 03:00:00;71.8;0.7
2018-11-03 04:00:00;73.2;0.9
2018-11-03 05:00:00;63.9;5.7
2018-11-03 06:00:00;62.4;2.8
2018-11-03 07:00:00;68.4;0.8
2018-11-03 08:00:00;63.6;2.3
2018-11-03 09:00:00;58.7;4.6
2018-11-03 10:00:00;68.8;6.0
2018-11-03 11:00:00;62.7;12.3
2018-11-03 12:00:00;57.0;21.4
2018-11-03 13:00:00;52.2;25.1
2018-11-03 14:00:00;52.6;27.7
2018-11-03 15:00:00;48.4;29.1
2018-11-03 16:00:00;48.3;23.6
2018-11-03 17:00:00;71.6;16.4
2018-11-03 18:00:00;68.0;11.8
2018-11-03 19:00:00;70.9;6.2
2018-11-03 20:00:00;67.0;9.5
2018-11-03 21:00:00;64.6;6.1
2018-11-03 22:00:00;63.3;3.6
2018-11-03 23:00:00;59.6;2.4
2018-11-04 00:00:00;62.4;3.0
2018-11-04 01:00:00;61.7;3.6
2018-11-04 02:00:00;60.1;2.6
2018-11-04 03:00:00;64.2;1.4
2018-11-04 04:00:00;64.2;2.2
2018-11-04 05:00:00;63.3;3.0
2018-11-04 06:00:00;59.1;3.5
2018-11-04 07:00:00;58.1;2.5
2018-11-04 08:00:00;54.8;7.5
2018-11-04 09:00:00;52.4;8.4
2018-11-04 10:00:00;54.1;11.3
2018-11-04 11:00:00;42.1;15.4
2018-11-04 12:00:00;40.4;16.0
2018-11-04 13:00:00;47.5;14.3
2018-11-04 14:00:00;52.4;10.5
2018-11-04 15:00:00;50.3;12.5
2018-11-04 16:00:00;63.8;2.8
2018-11-04 17:00:00;63.1;0.6
2018-11-04 18:00:00;64.1;1.9
2018-11-04 19:00:00;53.7;0.7
2018-11-04 20:00:00;46.1;0.1
2018-11-04 21:00:00;42.5;0.1
2018-11-04 22:00:00;44.9;0.3
2018-11-04 23:00:00;42.0;0.2
2018-11-05 00:00:00;39.0;0.2
2018-11-05 01:00:00;34.3;0.2
2018-11-05 02:00:00;31.7;0.5
2018-11-05 03:00:00;31.2;0.8
2018-11-05 04:00:00;29.6;0.8
2018-11-05 05:00:00;30.4;2.0
2018-11-05 06:00:00;39.7;1.1
2018-11-05 07:00:00;46.5;0.5
2018-11-05 08:00:00;40.8;1.4
2018-11-05 09:00:00;40.6;2.0
2018-11-05 10:00:00;35.2;3.8
2018-11-05 11:00:00;30.7;6.5
2018-11-05 12:00:00;28.0;7.1
2018-11-05 13:00:00;30.0;5.4
2018-11-05 14:00:00;36.9;3.7
2018-11-05 15:00:00;40.6;1.3
2018-11-05 16:00:00;46.1;0.5
2018-11-05 17:00:00;47.5;-0.1
2018-11-05 18:00:00;45.1;0.3
2018-11-05 19:00:00;38.0;-0.2
2018-11-05 20:00:00;39.9;-0.1
2018-11-05 21:00:00;38.7;-0.2
2018-11-05 22:00:00;37.6;-0.2
2018-11-05 23:00:00;36.6;-0.2
2018-11-06 00:00:00;35.8;-0.3
2018-11-06 01:00:00;33.3;-0.2
2018-11-06 02:00:00;30.7;-0.2
2018-11-06 03:00:00;36.0;-0.3
2018-11-06 04:00:00;35.0;-0.2
2018-11-06 05:00:00;35.6;-0.3
2018-11-06 06:00:00;48.4;-0.3
2018-11-06 07:00:00;58.8;-0.2
2018-11-06 08:00:00;60.5;0.2
2018-11-06 09:00:00;68.4;1.1
2018-11-06 10:00:00;59.8;3.7
2018-11-06 11:00:00;73.1;7.3
2018-11-06 12:00:00;58.0;9.2
2018-11-06 13:00:00;67.6;11.3
2018-11-06 14:00:00;70.9;20.9
2018-11-06 15:00:00;89.8;2.9
2018-11-06 16:00:00;77.7;2.2
2018-11-06 17:00:00;79.4;0.3
2018-11-06 18:00:00;71.8;0.0
2018-11-06 19:00:00;64.3;-0.1
2018-11-06 20:00:00;58.7;-0.2
2018-11-06 21:00:00;60.5;0.0
2018-11-06 22:00:00;61.6;-0.1
2018-11-06 23:00:00;57.9;1.4
2018-11-07 00:00:00;43.2;11.9
2018-11-07 01:00:00;33.1;20.3
2018-11-07 02:00:00;28.8;23.1
2018-11-07 03:00:00;22.0;30.3
2018-11-07 04:00:00;17.1;38.9
2018-11-07 05:00:00;24.2;30.9
2018-11-07 06:00:00;38.5;26.4
2018-11-07 07:00:00;50.0;17.2
2018-11-07 08:00:00;72.1;14.1
2018-11-07 09:00:00;48.8;17.7
2018-11-07 10:00:00;44.5;28.5
2018-11-07 11:00:00;41.6;33.3
2018-11-07 12:00:00;40.4;29.4
2018-11-07 13:00:00;41.2;35.5
2018-11-07 14:00:00;43.2;29.9
2018-11-07 15:00:00;47.8;25.2
2018-11-07 16:00:00;40.2;27.7
2018-11-07 17:00:00;39.5;29.3
2018-11-07 18:00:00;38.1;27.9
2018-11-07 19:00:00;33.7;27.7
2018-11-07 20:00:00;24.8;29.1
2018-11-07 21:00:00;25.8;28.5
2018-11-07 22:00:00;28.7;28.0
2018-11-07 23:00:00;24.9;30.1
2018-11-08 00:00:00;22.7;28.7
2018-11-08 01:00:00;18.8;29.7
2018-11-08 02:00:00;20.6;28.8
2018-11-08 03:00:00;20.6;30.0
2018-11-08 04:00:00;23.2;30.7
2018-11-08 05:00:00;22.1;37.1
2018-11-08 06:00:00;35.0;30.7
2018-11-08 07:00:00;81.0;6.4
2018-11-08 08:00:00;90.4;1.7
2018-11-08 09:00:00;78.1;10.8
2018-11-08 10:00:00;66.9;18.6
2018-11-08 11:00:00;70.4;22.9
2018-11-08 12:00:00;50.1;31.4
2018-11-08 13:00:00;53.7;27.1
2018-11-08 14:00:00;48.2;31.2
2018-11-08 15:00:00;52.9;30.8
2018-11-08 16:00:00;64.6;21.7
2018-11-08 17:00:00;82.7;6.5
2018-11-08 18:00:00;86.1;4.9
2018-11-08 19:00:00;77.1;6.0
2018-11-08 20:00:00;88.9;0.8
2018-11-08 21:00:00;80.2;1.8
2018-11-08 22:00:00;64.3;13.8
2018-11-08 23:00:00;55.1;15.4
2018-11-09 00:00:00;46.1;21.6
2018-11-09 01:00:00;41.5;23.4
2018-11-09 02:00:00;31.8;26.7
2018-11-09 03:00:00;32.6;22.5
2018-11-09 04:00:00;31.0;20.0
2018-11-09 05:00:00;33.0;16.6
2018-11-09 06:00:00;52.9;4.6
2018-11-09 07:00:00;64.8;0.0
2018-11-09 08:00:00;58.1;1.2
2018-11-09 09:00:00;58.6;4.4
2018-11-09 10:00:00;51.8;6.8
2018-11-09 11:00:00;51.8;7.1
2018-11-09 12:00:00;51.8;7.1
2018-11-09 13:00:00;51.8;7.4
2018-11-09 14:00:00;62.5;4.9
2018-11-09 15:00:00;67.9;3.9
2018-11-09 16:00:00;61.7;4.1
2018-11-09 17:00:00;60.7;0.0
2018-11-09 18:00:00;55.3;0.1
2018-11-09 19:00:00;56.2;1.5
2018-11-09 20:00:00;52.2;3.8
2018-11-09 21:00:00;52.4;4.1
2018-11-09 22:00:00;45.6;9.6
2018-11-09 23:00:00;36.2;15.6
2018-11-10 00:00:00;30.9;21.2
2018-11-10 01:00:00;30.3;22.5
2018-11-10 02:00:00;26.7;26.0
2018-11-10 03:00:00;20.6;30.8
2018-11-10 04:00:00;15.9;38.8
2018-11-10 05:00:00;15.3;41.3
2018-11-10 06:00:00;18.8;38.9
2018-11-10 07:00:00;15.8;39.2
2018-11-10 08:00:00;16.9;41.0
2018-11-10 09:00:00;24.0;35.5
2018-11-10 10:00:00;28.2;32.2
2018-11-10 11:00:00;31.8;31.1
2018-11-10 12:00:00;35.0;29.8
2018-11-10 13:00:00;30.6;31.7
2018-11-10 14:00:00;33.2;28.7
2018-11-10 15:00:00;35.8;25.3
2018-11-10 16:00:00;36.8;22.1
2018-11-10 17:00:00;51.0;20.8
2018-11-10 18:00:00;40.4;24.8
2018-11-10 19:00:00;33.6;24.3
2018-11-10 20:00:00;34.8;21.4
2018-11-10 21:00:00;37.1;20.5
2018-11-10 22:00:00;34.4;19.3
2018-11-10 23:00:00;35.2;29.0
2018-11-11 00:00:00;31.7;31.5
2018-11-11 01:00:00;23.7;31.6
2018-11-11 02:00:00;19.5;34.0
2018-11-11 03:00:00;15.3;39.2
2018-11-11 04:00:00;14.4;42.7
2018-11-11 05:00:00;15.2;42.8
2018-11-11 06:00:00;15.8;43.2
2018-11-11 07:00:00;14.6;45.4
2018-11-11 08:00:00;19.2;37.8
2018-11-11 09:00:00;19.8;39.4
2018-11-11 10:00:00;20.6;41.3
2018-11-11 11:00:00;19.0;43.2
2018-11-11 12:00:00;19.0;44.6
2018-11-11 13:00:00;26.7;41.8
2018-11-11 14:00:00;22.8;42.5
2018-11-11 15:00:00;27.5;41.0
2018-11-11 16:00:00;28.5;39.4
2018-11-11 17:00:00;29.3;41.9
2018-11-11 18:00:00;47.7;32.5
2018-11-11 19:00:00;41.1;40.6
2018-11-11 20:00:00;38.6;37.3
2018-11-11 21:00:00;47.1;24.9
2018-11-11 22:00:00;41.0;17.9
2018-11-11 23:00:00;38.7;17.5
2018-11-12 00:00:00;33.5;15.6
2018-11-12 01:00:00;30.6;13.9
2018-11-12 02:00:00;29.7;14.3
2018-11-12 03:00:00;25.3;14.6
2018-11-12 04:00:00;20.0;18.7
2018-11-12 05:00:00;24.5;18.8
2018-11-12 06:00:00;34.6;13.9
2018-11-12 07:00:00;52.7;3.8
2018-11-12 08:00:00;55.6;1.5
2018-11-12 09:00:00;66.3;0.9
2018-11-12 10:00:00;65.7;2.8
2018-11-12 11:00:00;65.1;5.9
2018-11-12 12:00:00;74.0;6.3
2018-11-12 13:00:00;75.3;8.5
2018-11-12 14:00:00;74.0;11.0
2018-11-12 15:00:00;83.9;4.3
2018-11-12 16:00:00;81.7;2.4
2018-11-12 17:00:00;80.8;3.7
2018-11-12 18:00:00;74.1;2.1
2018-11-12 19:00:00;62.8;4.2
2018-11-12 20:00:00;59.7;6.4
2018-11-12 21:00:00;56.0;8.9
2018-11-12 22:00:00;49.0;12.3
2018-11-12 23:00:00;47.9;12.4
2018-11-13 00:00:00;35.2;18.0
2018-11-13 01:00:00;32.0;20.2
2018-11-13 02:00:00;29.4;20.0
2018-11-13 03:00:00;30.6;19.5
2018-11-13 04:00:00;25.5;20.9
2018-11-13 05:00:00;27.4;19.9
2018-11-13 06:00:00;35.3;17.1
2018-11-13 07:00:00;54.3;10.5
2018-11-13 08:00:00;53.8;11.6
2018-11-13 09:00:00;47.7;26.1
2018-11-13 10:00:00;47.8;34.5
2018-11-13 11:00:00;46.9;37.4
2018-11-13 12:00:00;25.2;56.5
2018-11-13 13:00:00;26.6;56.3
2018-11-13 14:00:00;28.9;52.9
2018-11-13 15:00:00;30.7;52.5
2018-11-13 16:00:00;38.7;45.3
2018-11-13 17:00:00;45.5;37.8
2018-11-13 18:00:00;52.3;33.8
2018-11-13 19:00:00;63.5;19.4
2018-11-13 20:00:00;71.8;7.2
2018-11-13 21:00:00;74.3;3.7
2018-11-13 22:00:00;70.8;3.2
2018-11-13 23:00:00;52.5;13.8
2018-11-14 00:00:00;39.8;19.6
2018-11-14 01:00:00;37.2;18.4
2018-11-14 02:00:00;38.2;17.2
2018-11-14 03:00:00;33.3;18.0
2018-11-14 04:00:00;30.0;20.0
2018-11-14 05:00:00;33.6;18.5
2018-11-14 06:00:00;49.4;6.8
2018-11-14 07:00:00;61.2;1.3
2018-11-14 08:00:00;66.4;1.3
2018-11-14 09:00:00;59.5;4.4
2018-11-14 10:00:00;55.1;8.3
2018-11-14 11:00:00;57.4;11.3
2018-11-14 12:00:00;58.6;16.5
2018-11-14 13:00:00;55.5;19.4
2018-11-14 14:00:00;56.4;20.6
2018-11-14 15:00:00;59.9;21.3
2018-11-14 16:00:00;62.1;14.8
2018-11-14 17:00:00;69.0;9.7
2018-11-14 18:00:00;66.7;6.7
2018-11-14 19:00:00;66.3;5.8
2018-11-14 20:00:00;66.1;4.0
2018-11-14 21:00:00;66.2;1.8
2018-11-14 22:00:00;62.0;1.8
2018-11-14 23:00:00;57.7;1.1
2018-11-15 00:00:00;57.7;1.6
2018-11-15 01:00:00;59.5;0.6
2018-11-15 02:00:00;57.5;0.8
2018-11-15 03:00:00;54.6;1.2
2018-11-15 04:00:00;50.5;3.5
2018-11-15 05:00:00;49.1;2.4
2018-11-15 06:00:00;57.6;0.2
2018-11-15 07:00:00;64.1;-0.3
2018-11-15 08:00:00;56.6;0.3
2018-11-15 09:00:00;58.3;2.5
2018-11-15 10:00:00;53.7;5.8
2018-11-15 11:00:00;51.1;9.3
2018-11-15 12:00:00;60.8;9.2
2018-11-15 13:00:00;61.2;8.6
2018-11-15 14:00:00;69.5;7.2
2018-11-15 15:00:00;78.0;8.3
2018-11-15 16:00:00;82.6;3.1
2018-11-15 17:00:00;78.6;0.3
2018-11-15 18:00:00;69.8;0.3
2018-11-15 19:00:00;57.7;0.3
2018-11-15 20:00:00;53.6;0.2
2018-11-15 21:00:00;52.7;0.2
2018-11-15 22:00:00;47.1;0.3
2018-11-15 23:00:00;46.5;0.2
2018-11-16 00:00:00;43.5;0.1
2018-11-16 01:00:00;46.7;0.1
2018-11-16 02:00:00;44.2;0.0
2018-11-16 03:00:00;41.1;0.1
2018-11-16 04:00:00;42.1;0.0
2018-11-16 05:00:00;44.1;0.1
2018-11-16 06:00:00;49.1;0.1
2018-11-16 07:00:00;53.8;0.1
2018-11-16 08:00:00;48.3;1.2
2018-11-16 09:00:00;52.5;2.1
2018-11-16 10:00:00;54.1;3.3
2018-11-16 11:00:00;49.4;3.3
2018-11-16 12:00:00;51.9;3.2
2018-11-16 13:00:00;52.3;2.4
2018-11-16 14:00:00;60.5;2.3
2018-11-16 15:00:00;62.3;1.5
2018-11-16 16:00:00;60.6;0.7
2018-11-16 17:00:00;55.9;0.2
2018-11-16 18:00:00;55.7;0.6
2018-11-16 19:00:00;52.4;0.5
2018-11-16 20:00:00;45.6;0.1
2018-11-16 21:00:00;46.1;0.1
2018-11-16 22:00:00;49.0;0.4
2018-11-16 23:00:00;53.6;0.4
2018-11-17 00:00:00;48.9;0.5
2018-11-17 01:00:00;47.5;1.5
2018-11-17 02:00:00;46.4;2.4
2018-11-17 03:00:00;41.4;3.6
2018-11-17 04:00:00;36.1;6.7
2018-11-17 05:00:00;27.5;11.5
2018-11-17 06:00:00;26.7;10.1
2018-11-17 07:00:00;37.2;6.5
2018-11-17 08:00:00;34.8;8.1
2018-11-17 09:00:00;36.7;10.3
2018-11-17 10:00:00;36.2;12.6
2018-11-17 11:00:00;36.3;14.5
2018-11-17 12:00:00;35.1;19.3
2018-11-17 13:00:00;33.5;20.6
2018-11-17 14:00:00;32.3;21.7
2018-11-17 15:00:00;30.7;18.5
2018-11-17 16:00:00;39.6;13.2
2018-11-17 17:00:00;38.0;12.5
2018-11-17 18:00:00;31.8;17.9
2018-11-17 19:00:00;29.7;18.1
2018-11-17 20:00:00;30.2;15.3
2018-11-17 21:00:00;26.6;18.8
2018-11-17 22:00:00;25.2;19.7
2018-11-17 23:00:00;25.5;21.6
2018-11-18 00:00:00;24.9;21.3
2018-11-18 01:00:00;22.6;18.8
2018-11-18 02:00:00;24.2;16.5
2018-11-18 03:00:00;22.2;16.8
2018-11-18 04:00:00;23.0;13.8
2018-11-18 05:00:00;21.6;13.7
2018-11-18 06:00:00;21.9;15.5
2018-11-18 07:00:00;20.3;18.0
2018-11-18 08:00:00;24.0;18.0
2018-11-18 09:00:00;19.2;22.6
2018-11-18 10:00:00;20.9;27.4
2018-11-18 11:00:00;23.8;35.1
2018-11-18 12:00:00;24.8;39.5
2018-11-18 13:00:00;19.9;42.9
2018-11-18 14:00:00;24.2;38.9
2018-11-18 15:00:00;26.3;40.1
2018-11-18 16:00:00;28.7;42.7
2018-11-18 17:00:00;31.8;41.3
2018-11-18 18:00:00;32.7;42.3
2018-11-18 19:00:00;25.9;38.1
2018-11-18 20:00:00;24.1;26.1
2018-11-18 21:00:00;19.4;29.9
2018-11-18 22:00:00;17.0;29.1
2018-11-18 23:00:00;14.8;33.9
2018-11-19 00:00:00;14.0;35.8
2018-11-19 01:00:00;16.1;31.4
2018-11-19 02:00:00;13.4;37.8
2018-11-19 03:00:00;10.6;40.9
2018-11-19 04:00:00;9.8;44.3
2018-11-19 05:00:00;10.6;45.9
2018-11-19 06:00:00;15.0;44.0
2018-11-19 07:00:00;19.8;37.5
2018-11-19 08:00:00;22.1;38.3
2018-11-19 09:00:00;22.2;39.6
2018-11-19 10:00:00;19.5;41.6
2018-11-19 11:00:00;21.1;39.7
2018-11-19 12:00:00;21.9;39.8
2018-11-19 13:00:00;19.7;41.2
2018-11-19 14:00:00;20.6;40.4
2018-11-19 15:00:00;22.2;37.2
2018-11-19 16:00:00;21.1;34.9
2018-11-19 17:00:00;23.5;34.6
2018-11-19 18:00:00;21.2;35.1
2018-11-19 19:00:00;16.5;36.1
2018-11-19 20:00:00;15.9;36.7
2018-11-19 21:00:00;14.1;37.1
2018-11-19 22:00:00;12.3;37.7
2018-11-19 23:00:00;11.0;36.3
2018-11-20 00:00:00;10.6;35.1
2018-11-20 01:00:00;10.8;37.4
2018-11-20 02:00:00;7.9;47.4
2018-11-20 03:00:00;8.2;49.4
2018-11-20 04:00:00;8.4;52.6
2018-11-20 05:00:00;9.3;49.5
2018-11-20 06:00:00;17.9;42.9
2018-11-20 07:00:00;23.5;34.2
2018-11-20 08:00:00;21.4;32.3
2018-11-20 09:00:00;23.1;34.5
2018-11-20 10:00:00;22.6;37.9
2018-11-20 11:00:00;21.9;37.0
2018-11-20 12:00:00;23.4;40.0
2018-11-20 13:00:00;25.6;37.3
2018-11-20 14:00:00;24.1;34.5
2018-11-20 15:00:00;23.6;32.4
2018-11-20 16:00:00;23.6;31.0
2018-11-20 17:00:00;26.8;28.0
2018-11-20 18:00:00;28.0;25.7
2018-11-20 19:00:00;21.9;25.9
2018-11-20 20:00:00;21.3;24.6
2018-11-20 21:00:00;22.2;21.9
2018-11-20 22:00:00;23.0;19.9
2018-11-20 23:00:00;23.3;20.2
2018-11-21 00:00:00;24.4;20.6
2018-11-21 01:00:00;16.5;23.7
2018-11-21 02:00:00;16.5;23.4
2018-11-21 03:00:00;15.8;24.5
2018-11-21 04:00:00;14.2;24.9
2018-11-21 05:00:00;16.5;22.0
2018-11-21 06:00:00;30.3;13.9
2018-11-21 07:00:00;40.7;9.4
2018-11-21 08:00:00;53.0;5.7
2018-11-21 09:00:00;47.3;6.6
2018-11-21 10:00:00;44.8;10.2
2018-11-21 11:00:00;48.2;10.9
2018-11-21 12:00:00;46.4;9.5
2018-11-21 13:00:00;45.7;11.3
2018-11-21 14:00:00;41.8;10.4
2018-11-21 15:00:00;42.6;8.4
2018-11-21 16:00:00;40.5;9.5
2018-11-21 17:00:00;43.2;6.6
2018-11-21 18:00:00;42.8;6.9
2018-11-21 19:00:00;35.0;10.1
2018-11-21 20:00:00;32.3;14.1
2018-11-21 21:00:00;31.1;15.9
2018-11-21 22:00:00;31.3;15.1
2018-11-21 23:00:00;27.7;10.6
2018-11-22 00:00:00;26.3;8.1
2018-11-22 01:00:00;26.5;9.2
2018-11-22 02:00:00;24.4;10.5
2018-11-22 03:00:00;24.9;10.5
2018-11-22 04:00:00;23.1;11.0
2018-11-22 05:00:00;25.0;7.1
2018-11-22 06:00:00;33.3;3.0
2018-11-22 07:00:00;35.3;1.8
2018-11-22 08:00:00;34.8;1.4
2018-11-22 09:00:00;36.9;2.3
2018-11-22 10:00:00;35.7;5.0
2018-11-22 11:00:00;31.9;5.1
2018-11-22 12:00:00;39.3;2.7
2018-11-22 13:00:00;36.1;3.4
2018-11-22 14:00:00;34.1;3.0
2018-11-22 15:00:00;37.5;1.9
2018-11-22 16:00:00;34.2;0.6
2018-11-22 17:00:00;37.2;0.0
2018-11-22 18:00:00;36.8;0.3
2018-11-22 19:00:00;35.1;0.2
2018-11-22 20:00:00;37.3;0.1
2018-11-22 21:00:00;37.3;0.1
2018-11-22 22:00:00;32.6;0.0
2018-11-22 23:00:00;36.8;0.0
2018-11-23 00:00:00;33.4;0.1
2018-11-23 01:00:00;33.0;0.0
2018-11-23 02:00:00;33.8;0.0
2018-11-23 03:00:00;40.1;0.0
2018-11-23 04:00:00;38.9;0.0
2018-11-23 05:00:00;43.0;0.0
2018-11-23 06:00:00;50.8;0.1
2018-11-23 07:00:00;56.1;0.2
2018-11-23 08:00:00;69.7;0.3
2018-11-23 09:00:00;62.7;0.9
2018-11-23 10:00:00;55.6;0.9
2018-11-23 11:00:00;53.6;1.8
2018-11-23 12:00:00;55.2;1.8
2018-11-23 13:00:00;48.7;1.9
2018-11-23 14:00:00;44.4;2.3
2018-11-23 15:00:00;45.0;1.0
2018-11-23 16:00:00;43.3;0.1
2018-11-23 17:00:00;47.0;-0.2
2018-11-23 18:00:00;42.7;-0.2
2018-11-23 19:00:00;42.0;-0.1
2018-11-23 20:00:00;39.8;-0.2
2018-11-23 21:00:00;41.2;-0.1
2018-11-23 22:00:00;39.6;-0.1
2018-11-23 23:00:00;40.1;-0.1
2018-11-24 00:00:00;38.8;0.0
2018-11-24 01:00:00;33.1;-0.1
2018-11-24 02:00:00;28.8;3.1
2018-11-24 03:00:00;22.1;11.5
2018-11-24 04:00:00;18.6;15.0
2018-11-24 05:00:00;19.2;14.5
2018-11-24 06:00:00;22.7;12.4
2018-11-24 07:00:00;23.0;14.2
2018-11-24 08:00:00;24.5;13.5
2018-11-24 09:00:00;28.4;14.1
2018-11-24 10:00:00;25.8;16.1
2018-11-24 11:00:00;28.6;16.2
2018-11-24 12:00:00;29.2;16.3
2018-11-24 13:00:00;28.1;13.9
2018-11-24 14:00:00;34.6;13.2
2018-11-24 15:00:00;34.4;12.9
2018-11-24 16:00:00;35.8;11.8
2018-11-24 17:00:00;41.5;8.5
2018-11-24 18:00:00;38.9;5.9
2018-11-24 19:00:00;39.6;4.2
2018-11-24 20:00:00;37.0;3.6
2018-11-24 21:00:00;30.3;5.0
2018-11-24 22:00:00;29.1;4.4
2018-11-24 23:00:00;26.8;4.9
2018-11-25 00:00:00;29.9;2.0
2018-11-25 01:00:00;34.8;1.1
2018-11-25 02:00:00;30.3;1.9
2018-11-25 03:00:00;30.6;3.9
2018-11-25 04:00:00;26.4;4.1
2018-11-25 05:00:00;27.3;3.3
2018-11-25 06:00:00;28.4;4.2
2018-11-25 07:00:00;28.1;5.3
2018-11-25 08:00:00;27.8;4.7
2018-11-25 09:00:00;25.4;6.3
2018-11-25 10:00:00;23.4;6.8
2018-11-25 11:00:00;22.2;5.3
2018-11-25 12:00:00;19.2;7.6
2018-11-25 13:00:00;18.5;9.7
2018-11-25 14:00:00;20.0;8.7
2018-11-25 15:00:00;22.2;7.1
2018-11-25 16:00:00;26.9;4.9
2018-11-25 17:00:00;24.8;5.2
2018-11-25 18:00:00;25.5;5.1
2018-11-25 19:00:00;22.4;9.3
2018-11-25 20:00:00;18.8;16.1
2018-11-25 21:00:00;19.6;15.8
2018-11-25 22:00:00;20.5;13.1
2018-11-25 23:00:00;22.6;9.7
2018-11-26 00:00:00;20.6;8.6
2018-11-26 01:00:00;23.5;7.6
2018-11-26 02:00:00;22.2;7.3
2018-11-26 03:00:00;19.6;7.3
2018-11-26 04:00:00;19.4;8.2
2018-11-26 05:00:00;19.3;7.6
2018-11-26 06:00:00;23.6;5.8
2018-11-26 07:00:00;33.0;2.9
2018-11-26 08:00:00;33.6;2.1
2018-11-26 09:00:00;35.0;2.5
2018-11-26 10:00:00;28.4;5.1
2018-11-26 11:00:00;33.0;5.6
2018-11-26 12:00:00;29.1;6.6
2018-11-26 13:00:00;32.4;6.7
2018-11-26 14:00:00;32.0;10.6
2018-11-26 15:00:00;32.7;10.6
2018-11-26 16:00:00;34.8;8.9
2018-11-26 17:00:00;34.0;10.3
2018-11-26 18:00:00;34.0;15.7
2018-11-26 19:00:00;34.0;15.7
2018-11-26 20:00:00;32.9;15.5
2018-11-26 21:00:00;32.6;13.3
2018-11-26 22:00:00;28.9;15.2
2018-11-26 23:00:00;25.5;18.5
2018-11-27 00:00:00;29.2;17.3
2018-11-27 01:00:00;29.5;15.8
2018-11-27 02:00:00;26.3;16.1
2018-11-27 03:00:00;35.3;9.0
2018-11-27 04:00:00;25.2;16.0
2018-11-27 05:00:00;25.7;13.7
2018-11-27 06:00:00;42.8;5.4
2018-11-27 07:00:00;50.8;2.3
2018-11-27 08:00:00;47.4;2.6
2018-11-27 09:00:00;48.0;3.2
2018-11-27 10:00:00;45.6;4.8
2018-11-27 11:00:00;48.7;4.6
2018-11-27 12:00:00;51.5;6.1
2018-11-27 13:00:00;52.5;3.5
2018-11-27 14:00:00;57.1;2.2
2018-11-27 15:00:00;51.0;2.5
2018-11-27 16:00:00;57.2;1.5
2018-11-27 17:00:00;56.2;2.6
2018-11-27 18:00:00;53.7;2.7
2018-11-27 19:00:00;51.5;0.8
2018-11-27 20:00:00;47.1;0.1
2018-11-27 21:00:00;47.8;0.1
2018-11-27 22:00:00;51.8;0.1
2018-11-27 23:00:00;50.9;0.5
2018-11-28 00:00:00;50.3;0.9
2018-11-28 01:00:00;43.3;1.9
2018-11-28 02:00:00;35.5;6.1
2018-11-28 03:00:00;31.2;9.4
2018-11-28 04:00:00;28.1;11.9
2018-11-28 05:00:00;29.7;14.7
2018-11-28 06:00:00;42.5;10.6
2018-11-28 07:00:00;51.0;6.8
2018-11-28 08:00:00;53.7;4.4
2018-11-28 09:00:00;52.8;3.5
2018-11-28 10:00:00;49.1;5.5
2018-11-28 11:00:00;50.7;7.0
2018-11-28 12:00:00;49.7;8.1
2018-11-28 13:00:00;52.2;8.7
2018-11-28 14:00:00;55.2;6.6
2018-11-28 15:00:00;55.6;4.3
2018-11-28 16:00:00;52.1;4.3
2018-11-28 17:00:00;39.1;9.4
2018-11-28 18:00:00;37.4;11.2
2018-11-28 19:00:00;33.9;11.7
2018-11-28 20:00:00;27.1;14.9
2018-11-28 21:00:00;27.0;17.1
2018-11-28 22:00:00;24.8;19.7
2018-11-28 23:00:00;23.6;21.9
2018-11-29 00:00:00;24.5;24.1
2018-11-29 01:00:00;19.4;26.4
2018-11-29 02:00:00;17.3;30.2
2018-11-29 03:00:00;16.7;31.6
2018-11-29 04:00:00;16.2;33.5
2018-11-29 05:00:00;16.3;35.0
2018-11-29 06:00:00;27.8;31.5
2018-11-29 07:00:00;42.7;23.4
2018-11-29 08:00:00;49.5;18.3
2018-11-29 09:00:00;42.6;23.1
2018-11-29 10:00:00;43.8;22.2
2018-11-29 11:00:00;49.8;28.6
2018-11-29 12:00:00;43.6;27.6
2018-11-29 13:00:00;44.7;26.7
2018-11-29 14:00:00;41.6;30.1
2018-11-29 15:00:00;51.8;23.6
2018-11-29 16:00:00;47.0;20.0
2018-11-29 17:00:00;46.4;19.9
2018-11-29 18:00:00;45.0;18.5
2018-11-29 19:00:00;42.5;17.1
2018-11-29 20:00:00;41.0;16.8
2018-11-29 21:00:00;40.4;17.2
2018-11-29 22:00:00;37.0;18.1
2018-11-29 23:00:00;31.2;22.3
2018-11-30 00:00:00;27.0;27.1
2018-11-30 01:00:00;25.1;27.6
2018-11-30 02:00:00;21.2;30.9
2018-11-30 03:00:00;18.8;34.9
2018-11-30 04:00:00;18.1;37.4
2018-11-30 05:00:00;19.2;42.2
2018-11-30 06:00:00;30.7;40.1
2018-11-30 07:00:00;48.0;32.9
2018-11-30 08:00:00;54.4;26.7
2018-11-30 09:00:00;54.3;28.0
2018-11-30 10:00:00;47.3;31.3
2018-11-30 11:00:00;57.2;28.2
2018-11-30 12:00:00;48.2;31.1
2018-11-30 13:00:00;50.3;31.0
2018-11-30 14:00:00;49.4;31.7
2018-11-30 15:00:00;59.4;21.4
2018-11-30 16:00:00;68.9;18.5
2018-11-30 17:00:00;57.4;20.9
2018-11-30 18:00:00;54.7;26.0
2018-11-30 19:00:00;60.4;17.0
2018-11-30 20:00:00;59.1;17.1
2018-11-30 21:00:00;51.7;21.4
2018-11-30 22:00:00;60.9;15.8
2018-11-30 23:00:00;46.5;22.6
2018-12-01 00:00:00;37.4;27.3
2018-12-01 01:00:00;38.6;26.0
2018-12-01 02:00:00;40.2;20.1
2018-12-01 03:00:00;39.3;21.0
2018-12-01 04:00:00;38.0;21.1
2018-12-01 05:00:00;39.5;18.7
2018-12-01 06:00:00;34.7;22.1
2018-12-01 07:00:00;37.3;22.4
2018-12-01 08:00:00;43.2;18.2
2018-12-01 09:00:00;44.7;17.5
2018-12-01 10:00:00;45.4;15.5
2018-12-01 11:00:00;49.4;16.9
2018-12-01 12:00:00;43.6;21.2
2018-12-01 13:00:00;45.1;21.4
2018-12-01 14:00:00;40.0;25.0
2018-12-01 15:00:00;34.7;29.1
2018-12-01 16:00:00;34.1;34.4
2018-12-01 17:00:00;32.4;38.4
2018-12-01 18:00:00;27.1;40.2
2018-12-01 19:00:00;26.2;38.9
2018-12-01 20:00:00;24.4;36.4
2018-12-01 21:00:00;25.6;34.0
2018-12-01 22:00:00;23.6;34.3
2018-12-01 23:00:00;24.4;32.3
2018-12-02 00:00:00;23.8;31.2
2018-12-02 01:00:00;22.2;30.6
2018-12-02 02:00:00;18.6;31.7
2018-12-02 03:00:00;18.6;30.7
2018-12-02 04:00:00;17.4;29.5
2018-12-02 05:00:00;17.8;27.7
2018-12-02 06:00:00;19.2;27.7
2018-12-02 07:00:00;17.8;30.4
2018-12-02 08:00:00;24.8;28.7
2018-12-02 09:00:00;16.9;48.3
2018-12-02 10:00:00;20.4;47.9
2018-12-02 11:00:00;18.6;48.4
2018-12-02 12:00:00;21.7;45.7
2018-12-02 13:00:00;22.7;44.5
2018-12-02 14:00:00;21.3;48.0
2018-12-02 15:00:00;20.8;49.4
2018-12-02 16:00:00;25.0;47.3
2018-12-02 17:00:00;20.7;51.3
2018-12-02 18:00:00;18.4;53.9
2018-12-02 19:00:00;17.0;53.6
2018-12-02 20:00:00;16.9;53.9
2018-12-02 21:00:00;15.8;53.4
2018-12-02 22:00:00;14.1;53.9
2018-12-02 23:00:00;14.6;52.4
2018-12-03 00:00:00;17.9;52.3
2018-12-03 01:00:00;11.9;56.8
2018-12-03 02:00:00;9.2;57.7
2018-12-03 03:00:00;10.5;56.2
2018-12-03 04:00:00;10.7;58.3
2018-12-03 05:00:00;8.5;66.0
2018-12-03 06:00:00;17.6;55.2
2018-12-03 07:00:00;25.6;49.9
2018-12-03 08:00:00;32.6;44.4
2018-12-03 09:00:00;34.7;44.3
2018-12-03 10:00:00;28.1;50.1
2018-12-03 11:00:00;27.8;56.4
2018-12-03 12:00:00;26.4;52.9
2018-12-03 13:00:00;33.1;50.0
2018-12-03 14:00:00;37.4;44.8
2018-12-03 15:00:00;40.9;42.5
2018-12-03 16:00:00;33.1;51.1
2018-12-03 17:00:00;28.9;49.0
2018-12-03 18:00:00;32.9;42.6
2018-12-03 19:00:00;27.4;47.8
2018-12-03 20:00:00;44.1;33.4
2018-12-03 21:00:00;24.0;57.7
2018-12-03 22:00:00;26.0;54.2
2018-12-03 23:00:00;18.6;59.3
2018-12-04 00:00:00;14.4;60.1
2018-12-04 01:00:00;28.4;44.3
2018-12-04 02:00:00;25.3;48.4
2018-12-04 03:00:00;23.7;47.2
2018-12-04 04:00:00;37.5;35.9
2018-12-04 05:00:00;49.0;25.5
2018-12-04 06:00:00;51.2;25.8
2018-12-04 07:00:00;62.3;17.7
2018-12-04 08:00:00;85.9;2.1
2018-12-04 09:00:00;67.8;11.7
2018-12-04 10:00:00;80.5;16.3
2018-12-04 11:00:00;50.0;38.7
2018-12-04 12:00:00;76.7;14.3
2018-12-04 13:00:00;63.9;22.1
2018-12-04 14:00:00;64.7;22.7
2018-12-04 15:00:00;72.7;12.4
2018-12-04 16:00:00;90.6;1.5
2018-12-04 17:00:00;91.7;0.8
2018-12-04 18:00:00;97.3;0.8
2018-12-04 19:00:00;86.6;0.7
2018-12-04 20:00:00;89.6;0.8
2018-12-04 21:00:00;96.2;0.9
2018-12-04 22:00:00;86.8;1.0
2018-12-04 23:00:00;79.6;0.4
2018-12-05 00:00:00;75.8;0.1
2018-12-05 01:00:00;68.2;0.5
2018-12-05 02:00:00;59.4;3.3
2018-12-05 03:00:00;57.0;3.5
2018-12-05 04:00:00;52.3;5.2
2018-12-05 05:00:00;50.1;4.5
2018-12-05 06:00:00;60.8;1.4
2018-12-05 07:00:00;73.9;0.8
2018-12-05 08:00:00;72.1;0.9
2018-12-05 09:00:00;76.2;1.5
2018-12-05 10:00:00;62.8;2.7
2018-12-05 11:00:00;60.9;3.1
2018-12-05 12:00:00;67.7;2.7
2018-12-05 13:00:00;56.3;6.0
2018-12-05 14:00:00;55.2;8.1
2018-12-05 15:00:00;65.0;4.6
2018-12-05 16:00:00;63.1;0.9
2018-12-05 17:00:00;60.6;0.6
2018-12-05 18:00:00;55.5;2.7
2018-12-05 19:00:00;50.4;3.8
2018-12-05 20:00:00;45.7;4.8
2018-12-05 21:00:00;43.2;8.4
2018-12-05 22:00:00;36.0;11.2
2018-12-05 23:00:00;32.6;13.5
2018-12-06 00:00:00;28.3;14.5
2018-12-06 01:00:00;25.7;15.5
2018-12-06 02:00:00;25.2;14.7
2018-12-06 03:00:00;22.4;13.7
2018-12-06 04:00:00;28.5;9.9
2018-12-06 05:00:00;35.0;7.5
2018-12-06 06:00:00;33.4;13.8
2018-12-06 07:00:00;45.8;7.1
2018-12-06 08:00:00;52.8;4.4
2018-12-06 09:00:00;52.2;8.5
2018-12-06 10:00:00;55.4;17.1
2018-12-06 11:00:00;51.2;25.0
2018-12-06 12:00:00;48.4;29.3
2018-12-06 13:00:00;38.4;41.1
2018-12-06 14:00:00;40.9;40.0
2018-12-06 15:00:00;39.7;41.6
2018-12-06 16:00:00;42.4;38.7
2018-12-06 17:00:00;28.9;50.9
2018-12-06 18:00:00;25.5;51.9
2018-12-06 19:00:00;23.2;50.9
2018-12-06 20:00:00;18.1;59.3
2018-12-06 21:00:00;15.7;62.7
2018-12-06 22:00:00;13.2;63.8
2018-12-06 23:00:00;12.9;65.0
2018-12-07 00:00:00;10.2;65.3
2018-12-07 01:00:00;9.9;64.5
2018-12-07 02:00:00;11.0;61.6
2018-12-07 03:00:00;8.7;62.6
2018-12-07 04:00:00;9.2;60.3
2018-12-07 05:00:00;14.7;53.3
2018-12-07 06:00:00;24.9;45.8
2018-12-07 07:00:00;33.4;38.2
2018-12-07 08:00:00;38.6;34.2
2018-12-07 09:00:00;40.1;34.9
2018-12-07 10:00:00;40.2;36.3
2018-12-07 11:00:00;35.7;39.3
2018-12-07 12:00:00;42.8;35.5
2018-12-07 13:00:00;37.8;39.8
2018-12-07 14:00:00;37.7;41.3
2018-12-07 15:00:00;39.7;40.2
2018-12-07 16:00:00;43.8;43.0
2018-12-07 17:00:00;51.6;38.7
2018-12-07 18:00:00;47.5;39.8
2018-12-07 19:00:00;22.3;55.4
2018-12-07 20:00:00;16.1;59.8
2018-12-07 21:00:00;13.9;63.6
2018-12-07 22:00:00;11.7;66.0
2018-12-07 23:00:00;12.9;64.8
2018-12-08 00:00:00;11.7;65.2
2018-12-08 01:00:00;10.2;64.4
2018-12-08 02:00:00;9.4;64.2
2018-12-08 03:00:00;10.7;63.7
2018-12-08 04:00:00;8.8;65.2
2018-12-08 05:00:00;8.1;66.9
2018-12-08 06:00:00;8.7;67.9
2018-12-08 07:00:00;9.7;66.3
2018-12-08 08:00:00;10.6;66.7
2018-12-08 09:00:00;12.6;64.9
2018-12-08 10:00:00;9.8;66.1
2018-12-08 11:00:00;12.4;64.7
2018-12-08 12:00:00;14.4;64.8
2018-12-08 13:00:00;14.8;64.8
2018-12-08 14:00:00;15.0;64.2
2018-12-08 15:00:00;17.7;63.3
2018-12-08 16:00:00;24.0;58.5
2018-12-08 17:00:00;23.0;60.5
2018-12-08 18:00:00;29.5;57.8
2018-12-08 19:00:00;26.9;60.8
2018-12-08 20:00:00;15.7;67.5
2018-12-08 21:00:00;13.9;69.8
2018-12-08 22:00:00;17.4;75.3
2018-12-08 23:00:00;11.9;76.4
2018-12-09 00:00:00;9.3;77.3
2018-12-09 01:00:00;7.5;74.6
2018-12-09 02:00:00;5.9;73.0
2018-12-09 03:00:00;6.2;71.0
2018-12-09 04:00:00;5.5;70.4
2018-12-09 05:00:00;5.6;70.2
2018-12-09 06:00:00;5.4;70.4
2018-12-09 07:00:00;9.9;68.1
2018-12-09 08:00:00;18.5;62.5
2018-12-09 09:00:00;26.4;52.2
2018-12-09 10:00:00;27.5;52.7
2018-12-09 11:00:00;37.1;45.2
2018-12-09 12:00:00;19.9;59.2
2018-12-09 13:00:00;16.9;65.6
2018-12-09 14:00:00;15.5;67.5
2018-12-09 15:00:00;19.0;59.1
2018-12-09 16:00:00;29.3;54.8
2018-12-09 17:00:00;16.9;69.4
2018-12-09 18:00:00;14.2;71.4
2018-12-09 19:00:00;19.4;68.0
2018-12-09 20:00:00;17.8;69.0
2018-12-09 21:00:00;13.4;75.6
2018-12-09 22:00:00;11.3;78.9
2018-12-09 23:00:00;13.8;77.6
2018-12-10 00:00:00;9.2;80.9
2018-12-10 01:00:00;12.6;77.1
2018-12-10 02:00:00;14.8;74.6
2018-12-10 03:00:00;15.9;70.0
2018-12-10 04:00:00;15.6;72.2
2018-12-10 05:00:00;16.6;69.3
2018-12-10 06:00:00;27.6;57.0
2018-12-10 07:00:00;54.2;34.0
2018-12-10 08:00:00;58.9;29.3
2018-12-10 09:00:00;54.1;35.4
2018-12-10 10:00:00;57.0;31.9
2018-12-10 11:00:00;40.3;49.4
2018-12-10 12:00:00;37.0;54.4
2018-12-10 13:00:00;28.6;61.2
2018-12-10 14:00:00;33.3;56.8
2018-12-10 15:00:00;39.5;51.7
2018-12-10 16:00:00;32.4;57.8
2018-12-10 17:00:00;34.9;53.3
2018-12-10 18:00:00;28.5;53.3
2018-12-10 19:00:00;28.8;52.7
2018-12-10 20:00:00;18.8;58.8
2018-12-10 21:00:00;23.6;56.3
2018-12-10 22:00:00;20.1;55.8
2018-12-10 23:00:00;22.2;54.1
2018-12-11 00:00:00;26.3;50.7
2018-12-11 01:00:00;19.3;59.8
2018-12-11 02:00:00;26.5;48.6
2018-12-11 03:00:00;18.8;58.2
2018-12-11 04:00:00;17.3;58.9
2018-12-11 05:00:00;23.9;51.8
2018-12-11 06:00:00;34.6;44.8
2018-12-11 07:00:00;78.3;8.3
2018-12-11 08:00:00;92.6;3.3
2018-12-11 09:00:00;80.1;8.9
2018-12-11 10:00:00;74.7;15.4
2018-12-11 11:00:00;62.3;23.5
2018-12-11 12:00:00;60.7;24.7
2018-12-11 13:00:00;51.4;34.8
2018-12-11 14:00:00;35.1;49.7
2018-12-11 15:00:00;69.6;19.5
2018-12-11 16:00:00;63.9;20.1
2018-12-11 17:00:00;76.3;9.0
2018-12-11 18:00:00;79.0;8.7
2018-12-11 19:00:00;78.2;8.7
2018-12-11 20:00:00;91.8;1.5
2018-12-11 21:00:00;84.3;6.0
2018-12-11 22:00:00;90.8;0.6
2018-12-11 23:00:00;96.0;1.1
2018-12-12 00:00:00;93.8;0.5
2018-12-12 01:00:00;90.5;0.2
2018-12-12 02:00:00;85.9;-0.1
2018-12-12 03:00:00;90.1;0.4
2018-12-12 04:00:00;84.9;0.2
2018-12-12 05:00:00;71.2;10.6
2018-12-12 06:00:00;78.0;6.3
2018-12-12 07:00:00;79.1;1.3
2018-12-12 08:00:00;72.8;1.0
2018-12-12 09:00:00;67.5;2.1
2018-12-12 10:00:00;51.3;6.4
2018-12-12 11:00:00;45.4;15.0
2018-12-12 12:00:00;39.3;26.1
2018-12-12 13:00:00;36.5;31.6
2018-12-12 14:00:00;39.6;25.8
2018-12-12 15:00:00;54.2;18.5
2018-12-12 16:00:00;52.0;14.5
2018-12-12 17:00:00;47.1;12.2
2018-12-12 18:00:00;46.9;12.3
2018-12-12 19:00:00;36.1;7.8
2018-12-12 20:00:00;37.4;2.6
2018-12-12 21:00:00;36.9;1.7
2018-12-12 22:00:00;37.7;1.9
2018-12-12 23:00:00;32.9;3.1
2018-12-13 00:00:00;28.8;6.4
2018-12-13 01:00:00;25.3;11.3
2018-12-13 02:00:00;21.5;17.2
2018-12-13 03:00:00;21.0;18.2
2018-12-13 04:00:00;19.2;21.3
2018-12-13 05:00:00;20.6;18.5
2018-12-13 06:00:00;25.1;15.8
2018-12-13 07:00:00;35.5;12.2
2018-12-13 08:00:00;36.9;10.2
2018-12-13 09:00:00;36.9;10.2
2018-12-13 10:00:00;36.9;10.2
2018-12-13 11:00:00;29.0;22.5
2018-12-13 12:00:00;34.2;22.0
2018-12-13 13:00:00;24.1;28.0
2018-12-13 14:00:00;26.4;26.1
2018-12-13 15:00:00;35.7;19.3
2018-12-13 16:00:00;31.5;20.7
2018-12-13 17:00:00;33.0;22.9
2018-12-13 18:00:00;29.7;24.4
2018-12-13 19:00:00;27.2;20.7
2018-12-13 20:00:00;27.5;21.5
2018-12-13 21:00:00;22.4;22.2
2018-12-13 22:00:00;22.6;19.2
2018-12-13 23:00:00;23.3;17.3
2018-12-14 00:00:00;23.3;16.6
2018-12-14 01:00:00;23.1;13.4
2018-12-14 02:00:00;24.4;12.5
2018-12-14 03:00:00;21.4;12.9
2018-12-14 04:00:00;19.8;15.5
2018-12-14 05:00:00;17.8;15.9
2018-12-14 06:00:00;28.3;8.2
2018-12-14 07:00:00;37.1;3.8
2018-12-14 08:00:00;41.2;4.0
2018-12-14 09:00:00;37.5;6.5
2018-12-14 10:00:00;42.3;9.7
2018-12-14 11:00:00;35.4;9.7
2018-12-14 12:00:00;29.1;10.8
2018-12-14 13:00:00;35.2;11.3
2018-12-14 14:00:00;37.8;11.0
2018-12-14 15:00:00;38.5;9.7
2018-12-14 16:00:00;47.9;7.7
2018-12-14 17:00:00;44.6;6.1
2018-12-14 18:00:00;44.4;6.2
2018-12-14 19:00:00;36.1;13.5
2018-12-14 20:00:00;35.8;12.6
2018-12-14 21:00:00;40.8;8.5
2018-12-14 22:00:00;36.0;12.1
2018-12-14 23:00:00;40.8;16.5
2018-12-15 00:00:00;36.7;16.5
2018-12-15 01:00:00;40.5;11.8
2018-12-15 02:00:00;35.2;12.9
2018-12-15 03:00:00;29.5;13.8
2018-12-15 04:00:00;30.4;12.4
2018-12-15 05:00:00;34.2;7.5
2018-12-15 06:00:00;38.5;3.8
2018-12-15 07:00:00;39.7;5.4
2018-12-15 08:00:00;50.3;7.4
2018-12-15 09:00:00;45.9;10.0
2018-12-15 10:00:00;40.2;12.1
2018-12-15 11:00:00;43.1;16.7
2018-12-15 12:00:00;34.3;25.6
2018-12-15 13:00:00;30.9;27.2
2018-12-15 14:00:00;29.1;28.3
2018-12-15 15:00:00;31.3;25.8
2018-12-15 16:00:00;35.6;23.0
2018-12-15 17:00:00;35.3;24.3
2018-12-15 18:00:00;39.7;17.9
2018-12-15 19:00:00;38.4;15.9
2018-12-15 20:00:00;32.5;17.0
2018-12-15 21:00:00;31.5;17.7
2018-12-15 22:00:00;31.8;17.9
2018-12-15 23:00:00;30.2;18.8
2018-12-16 00:00:00;27.1;20.7
2018-12-16 01:00:00;25.5;21.2
2018-12-16 02:00:00;23.3;21.8
2018-12-16 03:00:00;22.3;22.5
2018-12-16 04:00:00;27.3;21.5
2018-12-16 05:00:00;24.3;23.4
2018-12-16 06:00:00;23.5;23.3
2018-12-16 07:00:00;28.8;19.7
2018-12-16 08:00:00;29.1;16.6
2018-12-16 09:00:00;36.5;13.3
2018-12-16 10:00:00;39.2;10.1
2018-12-16 11:00:00;41.7;8.3
2018-12-16 12:00:00;50.3;6.0
2018-12-16 13:00:00;48.4;7.0
2018-12-16 14:00:00;44.9;6.2
2018-12-16 15:00:00;51.5;5.5
2018-12-16 16:00:00;54.2;4.1
2018-12-16 17:00:00;60.1;4.1
2018-12-16 18:00:00;54.7;2.9
2018-12-16 19:00:00;59.5;2.6
2018-12-16 20:00:00;56.4;7.0
2018-12-16 21:00:00;41.6;17.5
2018-12-16 22:00:00;38.4;19.0
2018-12-16 23:00:00;29.1;25.1
2018-12-17 00:00:00;22.4;26.1
2018-12-17 01:00:00;20.1;26.5
2018-12-17 02:00:00;21.2;26.3
2018-12-17 03:00:00;25.5;24.5
2018-12-17 04:00:00;21.2;29.6
2018-12-17 05:00:00;22.4;32.1
2018-12-17 06:00:00;37.5;25.0
2018-12-17 07:00:00;58.5;13.7
2018-12-17 08:00:00;62.9;9.5
2018-12-17 09:00:00;80.1;2.8
2018-12-17 10:00:00;85.0;1.9
2018-12-17 11:00:00;50.6;22.1
2018-12-17 12:00:00;47.5;29.1
2018-12-17 13:00:00;33.3;43.2
2018-12-17 14:00:00;34.5;43.7
2018-12-17 15:00:00;45.2;38.4
2018-12-17 16:00:00;51.1;36.0
2018-12-17 17:00:00;50.3;32.1
2018-12-17 18:00:00;73.0;13.0
2018-12-17 19:00:00;88.5;1.2
2018-12-17 20:00:00;86.2;0.6
2018-12-17 21:00:00;85.5;0.4
2018-12-17 22:00:00;75.8;0.6
2018-12-17 23:00:00;66.1;2.2
2018-12-18 00:00:00;53.4;4.3
2018-12-18 01:00:00;44.4;7.4
2018-12-18 02:00:00;36.4;11.9
2018-12-18 03:00:00;27.2;24.6
2018-12-18 04:00:00;23.0;29.0
2018-12-18 05:00:00;22.9;30.8
2018-12-18 06:00:00;33.3;25.5
2018-12-18 07:00:00;58.0;16.1
2018-12-18 08:00:00;52.9;16.3
2018-12-18 09:00:00;59.8;18.9
2018-12-18 10:00:00;48.7;25.1
2018-12-18 11:00:00;49.0;28.1
2018-12-18 12:00:00;48.5;30.7
2018-12-18 13:00:00;46.8;29.7
2018-12-18 14:00:00;50.6;25.6
2018-12-18 15:00:00;67.8;12.1
2018-12-18 16:00:00;61.5;8.4
2018-12-18 17:00:00;50.7;16.2
2018-12-18 18:00:00;40.6;24.2
2018-12-18 19:00:00;33.7;31.7
2018-12-18 20:00:00;36.3;31.6
2018-12-18 21:00:00;38.1;30.2
2018-12-18 22:00:00;33.2;30.6
2018-12-18 23:00:00;28.6;33.6
2018-12-19 00:00:00;24.8;33.6
2018-12-19 01:00:00;21.4;34.6
2018-12-19 02:00:00;19.3;33.9
2018-12-19 03:00:00;18.6;33.0
2018-12-19 04:00:00;18.7;31.7
2018-12-19 05:00:00;19.0;29.2
2018-12-19 06:00:00;30.1;20.7
2018-12-19 07:00:00;46.2;9.1
2018-12-19 08:00:00;53.8;3.4
2018-12-19 09:00:00;52.7;10.1
2018-12-19 10:00:00;46.4;21.2
2018-12-19 11:00:00;54.9;16.9
2018-12-19 12:00:00;52.3;22.4
2018-12-19 13:00:00;57.6;19.4
2018-12-19 14:00:00;57.6;23.0
2018-12-19 15:00:00;48.6;27.9
2018-12-19 16:00:00;59.3;22.3
2018-12-19 17:00:00;61.3;15.7
2018-12-19 18:00:00;63.4;12.7
2018-12-19 19:00:00;56.0;12.8
2018-12-19 20:00:00;47.6;19.8
2018-12-19 21:00:00;43.5;21.9
2018-12-19 22:00:00;45.0;20.2
2018-12-19 23:00:00;42.2;16.0
2018-12-20 00:00:00;41.0;17.5
2018-12-20 01:00:00;34.2;19.1
2018-12-20 02:00:00;27.6;22.2
2018-12-20 03:00:00;20.9;29.4
2018-12-20 04:00:00;20.6;36.8
2018-12-20 05:00:00;21.9;35.2
2018-12-20 06:00:00;36.5;26.5
2018-12-20 07:00:00;45.8;21.6
2018-12-20 08:00:00;50.5;20.3
2018-12-20 09:00:00;55.6;21.4
2018-12-20 10:00:00;54.4;23.8
2018-12-20 11:00:00;48.1;28.7
2018-12-20 12:00:00;55.5;25.9
2018-12-20 13:00:00;57.5;27.0
2018-12-20 14:00:00;63.3;20.7
2018-12-20 15:00:00;61.3;18.5
2018-12-20 16:00:00;51.4;26.5
2018-12-20 17:00:00;47.6;27.2
2018-12-20 18:00:00;48.9;27.8
2018-12-20 19:00:00;43.6;32.4
2018-12-20 20:00:00;36.0;35.8
2018-12-20 21:00:00;31.3;37.8
2018-12-20 22:00:00;29.2;42.9
2018-12-20 23:00:00;23.3;48.7
2018-12-21 00:00:00;24.6;43.7
2018-12-21 01:00:00;20.3;45.3
2018-12-21 02:00:00;17.7;47.4
2018-12-21 03:00:00;16.4;48.1
2018-12-21 04:00:00;18.4;41.1
2018-12-21 05:00:00;19.4;44.3
2018-12-21 06:00:00;26.4;41.5
2018-12-21 07:00:00;36.7;34.5
2018-12-21 08:00:00;52.8;23.9
2018-12-21 09:00:00;61.5;18.0
2018-12-21 10:00:00;53.9;20.4
2018-12-21 11:00:00;26.7;47.3
2018-12-21 12:00:00;22.8;52.6
2018-12-21 13:00:00;19.9;56.0
2018-12-21 14:00:00;23.2;57.3
2018-12-21 15:00:00;18.6;65.3
2018-12-21 16:00:00;20.7;64.4
2018-12-21 17:00:00;20.8;63.3
2018-12-21 18:00:00;16.4;60.5
2018-12-21 19:00:00;15.5;56.2
2018-12-21 20:00:00;18.5;56.2
2018-12-21 21:00:00;26.7;55.5
2018-12-21 22:00:00;23.5;54.3
2018-12-21 23:00:00;16.9;53.5
2018-12-22 00:00:00;24.4;43.5
2018-12-22 01:00:00;24.6;40.4
2018-12-22 02:00:00;14.6;57.8
2018-12-22 03:00:00;12.1;64.7
2018-12-22 04:00:00;14.7;61.5
2018-12-22 05:00:00;27.8;47.7
2018-12-22 06:00:00;18.5;55.9
2018-12-22 07:00:00;21.1;51.7
2018-12-22 08:00:00;15.4;59.3
2018-12-22 09:00:00;15.8;58.4
2018-12-22 10:00:00;13.3;59.0
2018-12-22 11:00:00;12.7;60.9
2018-12-22 12:00:00;15.4;58.8
2018-12-22 13:00:00;20.0;52.1
2018-12-22 14:00:00;29.7;43.1
2018-12-22 15:00:00;27.2;45.7
2018-12-22 16:00:00;22.0;49.0
2018-12-22 17:00:00;21.4;49.3
2018-12-22 18:00:00;23.3;46.7
2018-12-22 19:00:00;17.2;50.6
2018-12-22 20:00:00;15.4;51.1
2018-12-22 21:00:00;14.6;50.5
2018-12-22 22:00:00;24.5;42.0
2018-12-22 23:00:00;23.6;43.2
2018-12-23 00:00:00;17.8;48.1
2018-12-23 01:00:00;17.3;46.8
2018-12-23 02:00:00;17.0;45.4
2018-12-23 03:00:00;21.5;40.2
2018-12-23 04:00:00;20.7;37.4
2018-12-23 05:00:00;31.7;29.1
2018-12-23 06:00:00;38.7;21.4
2018-12-23 07:00:00;46.0;20.2
2018-12-23 08:00:00;67.1;4.1
2018-12-23 09:00:00;58.5;4.7
2018-12-23 10:00:00;60.3;3.9
2018-12-23 11:00:00;58.4;8.8
2018-12-23 12:00:00;63.8;8.4
2018-12-23 13:00:00;59.7;8.1
2018-12-23 14:00:00;59.9;17.4
2018-12-23 15:00:00;56.7;27.2
2018-12-23 16:00:00;72.6;16.5
2018-12-23 17:00:00;23.5;55.0
2018-12-23 18:00:00;20.5;53.0
2018-12-23 19:00:00;26.5;46.8
2018-12-23 20:00:00;22.4;51.2
2018-12-23 21:00:00;16.8;56.2
2018-12-23 22:00:00;28.4;46.1
2018-12-23 23:00:00;39.6;38.4
2018-12-24 00:00:00;26.9;46.3
2018-12-24 01:00:00;15.6;55.2
2018-12-24 02:00:00;13.4;59.6
2018-12-24 03:00:00;22.1;50.3
2018-12-24 04:00:00;24.9;49.8
2018-12-24 05:00:00;38.7;37.0
2018-12-24 06:00:00;24.4;49.9
2018-12-24 07:00:00;34.9;33.5
2018-12-24 08:00:00;50.6;16.4
2018-12-24 09:00:00;62.1;6.6
2018-12-24 10:00:00;66.8;3.3
2018-12-24 11:00:00;53.4;10.3
2018-12-24 12:00:00;57.1;11.4
2018-12-24 13:00:00;39.9;24.0
2018-12-24 14:00:00;32.7;29.5
2018-12-24 15:00:00;37.9;23.5
2018-12-24 16:00:00;53.6;10.9
2018-12-24 17:00:00;69.9;4.1
2018-12-24 18:00:00;66.9;3.5
2018-12-24 19:00:00;56.2;9.8
2018-12-24 20:00:00;45.7;19.3
2018-12-24 21:00:00;42.0;29.9
2018-12-24 22:00:00;35.3;34.8
2018-12-24 23:00:00;39.9;31.5
2018-12-25 00:00:00;27.5;44.5
2018-12-25 01:00:00;22.4;49.5
2018-12-25 02:00:00;21.3;48.4
2018-12-25 03:00:00;17.6;54.6
2018-12-25 04:00:00;15.7;56.7
2018-12-25 05:00:00;16.3;54.3
2018-12-25 06:00:00;18.1;51.8
2018-12-25 07:00:00;25.4;45.2
2018-12-25 08:00:00;27.0;36.5
2018-12-25 09:00:00;39.1;29.4
2018-12-25 10:00:00;35.1;31.3
2018-12-25 11:00:00;36.0;31.3
2018-12-25 12:00:00;32.4;34.4
2018-12-25 13:00:00;23.4;46.5
2018-12-25 14:00:00;25.6;43.8
2018-12-25 15:00:00;23.3;46.8
2018-12-25 16:00:00;27.2;44.6
2018-12-25 17:00:00;47.8;25.9
2018-12-25 18:00:00;44.7;27.3
2018-12-25 19:00:00;41.6;26.4
2018-12-25 20:00:00;42.0;23.3
2018-12-25 21:00:00;51.2;14.7
2018-12-25 22:00:00;57.4;9.5
2018-12-25 23:00:00;52.5;10.3
2018-12-26 00:00:00;44.7;13.8
2018-12-26 01:00:00;41.5;14.0
2018-12-26 02:00:00;35.8;19.2
2018-12-26 03:00:00;28.4;23.5
2018-12-26 04:00:00;29.0;22.6
2018-12-26 05:00:00;26.8;25.0
2018-12-26 06:00:00;30.4;21.2
2018-12-26 07:00:00;31.8;16.5
2018-12-26 08:00:00;41.1;10.9
2018-12-26 09:00:00;50.0;5.2
2018-12-26 10:00:00;52.7;5.2
2018-12-26 11:00:00;55.6;5.1
2018-12-26 12:00:00;53.8;5.0
2018-12-26 13:00:00;56.7;4.2
2018-12-26 14:00:00;61.5;3.4
2018-12-26 15:00:00;62.3;3.1
2018-12-26 16:00:00;67.4;2.2
2018-12-26 17:00:00;61.4;0.4
2018-12-26 18:00:00;61.9;0.4
2018-12-26 19:00:00;62.0;0.5
2018-12-26 20:00:00;56.8;0.8
2018-12-26 21:00:00;60.6;0.2
2018-12-26 22:00:00;62.9;0.2
2018-12-26 23:00:00;62.0;0.4
2018-12-27 00:00:00;61.3;0.3
2018-12-27 01:00:00;58.8;0.2
2018-12-27 02:00:00;54.2;0.2
2018-12-27 03:00:00;55.8;0.3
2018-12-27 04:00:00;55.0;0.2
2018-12-27 05:00:00;56.1;0.1
2018-12-27 06:00:00;59.8;0.1
2018-12-27 07:00:00;58.1;0.1
2018-12-27 08:00:00;66.5;0.3
2018-12-27 09:00:00;75.2;0.7
2018-12-27 10:00:00;69.1;2.2
2018-12-27 11:00:00;70.3;2.8
2018-12-27 12:00:00;74.8;3.4
2018-12-27 13:00:00;82.9;2.4
2018-12-27 14:00:00;85.7;2.2
2018-12-27 15:00:00;93.1;1.6
2018-12-27 16:00:00;93.8;1.2
2018-12-27 17:00:00;92.4;0.9
2018-12-27 18:00:00;78.1;1.2
2018-12-27 19:00:00;75.0;1.2
2018-12-27 20:00:00;78.8;1.2
2018-12-27 21:00:00;85.4;1.7
2018-12-27 22:00:00;89.8;1.9
2018-12-27 23:00:00;86.2;1.3
2018-12-28 00:00:00;77.3;0.8
2018-12-28 01:00:00;68.5;0.5
2018-12-28 02:00:00;60.8;0.3
2018-12-28 03:00:00;58.2;0.0
2018-12-28 04:00:00;59.1;0.0
2018-12-28 05:00:00;58.6;0.0
2018-12-28 06:00:00;63.3;0.0
2018-12-28 07:00:00;68.5;0.0
2018-12-28 08:00:00;74.4;0.3
2018-12-28 09:00:00;75.6;0.2
2018-12-28 10:00:00;76.1;0.2
2018-12-28 11:00:00;72.8;0.3
2018-12-28 12:00:00;73.6;0.4
2018-12-28 13:00:00;77.6;0.4
2018-12-28 14:00:00;70.1;0.1
2018-12-28 15:00:00;73.6;0.2
2018-12-28 16:00:00;71.7;0.1
2018-12-28 17:00:00;68.7;0.2
2018-12-28 18:00:00;71.2;0.4
2018-12-28 19:00:00;66.4;0.6
2018-12-28 20:00:00;64.2;0.5
2018-12-28 21:00:00;62.2;0.2
2018-12-28 22:00:00;66.3;0.1
2018-12-28 23:00:00;65.1;0.2
2018-12-29 00:00:00;58.7;-0.1
2018-12-29 01:00:00;54.0;-0.2
2018-12-29 02:00:00;52.6;0.0
2018-12-29 03:00:00;46.8;2.2
2018-12-29 04:00:00;32.3;10.9
2018-12-29 05:00:00;23.4;18.8
2018-12-29 06:00:00;30.7;17.0
2018-12-29 07:00:00;35.0;17.2
2018-12-29 08:00:00;50.9;7.2
2018-12-29 09:00:00;57.3;3.8
2018-12-29 10:00:00;55.2;4.3
2018-12-29 11:00:00;58.1;5.0
2018-12-29 12:00:00;35.2;42.1
2018-12-29 13:00:00;22.0;46.4
2018-12-29 14:00:00;23.2;39.3
2018-12-29 15:00:00;24.8;39.9
2018-12-29 16:00:00;21.7;44.7
2018-12-29 17:00:00;21.8;44.1
2018-12-29 18:00:00;25.9;49.6
2018-12-29 19:00:00;21.9;60.3
2018-12-29 20:00:00;22.3;62.5
2018-12-29 21:00:00;16.9;67.2
2018-12-29 22:00:00;17.4;66.4
2018-12-29 23:00:00;16.8;67.0
2018-12-30 00:00:00;12.7;70.2
2018-12-30 01:00:00;12.1;70.4
2018-12-30 02:00:00;11.2;71.1
2018-12-30 03:00:00;15.1;66.8
2018-12-30 04:00:00;19.8;60.8
2018-12-30 05:00:00;27.0;55.1
2018-12-30 06:00:00;31.9;50.6
2018-12-30 07:00:00;41.1;40.8
2018-12-30 08:00:00;60.5;26.2
2018-12-30 09:00:00;46.0;33.7
2018-12-30 10:00:00;40.2;40.1
2018-12-30 11:00:00;35.9;36.9
2018-12-30 12:00:00;32.2;38.2
2018-12-30 13:00:00;29.0;38.0
2018-12-30 14:00:00;28.7;38.0
2018-12-30 15:00:00;30.1;36.1
2018-12-30 16:00:00;37.6;21.9
2018-12-30 17:00:00;45.3;8.5
2018-12-30 18:00:00;36.7;16.3
2018-12-30 19:00:00;34.2;18.9
2018-12-30 20:00:00;46.1;6.1
2018-12-30 21:00:00;54.5;2.4
2018-12-30 22:00:00;28.9;21.4
2018-12-30 23:00:00;27.4;20.8
