DateTime;NO2;O3;P;SQ;WD;Wvh;dewP;temp
2017-08-01 00:00:00;42.5;9.9;20.0;0.0;120.0;10.0;136.0;156.0
2017-08-01 01:00:00;38.8;12.1;20.0;0.0;0.0;10.0;136.0;144.0
2017-08-01 02:00:00;41.3;8.9;20.0;0.0;170.0;10.0;136.0;143.0
2017-08-01 03:00:00;22.8;17.9;10.0;0.0;130.0;10.0;124.0;129.0
2017-08-01 04:00:00;21.5;11.2;20.0;0.0;190.0;10.0;137.0;143.0
2017-08-01 05:00:00;26.3;5.7;30.0;0.0;200.0;20.0;151.0;172.0
2017-08-01 06:00:00;36.2;19.1;60.0;0.0;240.0;40.0;146.0;183.0
2017-08-01 07:00:00;41.1;17.2;60.0;0.0;260.0;40.0;144.0;184.0
2017-08-01 08:00:00;33.9;20.0;60.0;0.0;240.0;40.0;141.0;186.0
2017-08-01 09:00:00;20.1;28.4;70.0;0.0;260.0;40.0;141.0;205.0
2017-08-01 10:00:00;15.3;37.1;70.0;0.0;250.0;40.0;123.0;200.0
2017-08-01 11:00:00;11.3;45.9;60.0;0.0;280.0;40.0;131.0;200.0
2017-08-01 12:00:00;9.3;49.9;60.0;0.0;230.0;30.0;137.0;214.0
2017-08-01 13:00:00;8.6;53.1;60.0;0.0;220.0;30.0;111.0;223.0
2017-08-01 14:00:00;12.4;53.4;60.0;0.0;260.0;30.0;128.0;220.0
2017-08-01 15:00:00;19.8;45.7;80.0;0.0;280.0;40.0;138.0;222.0
2017-08-01 16:00:00;12.6;60.3;70.0;0.0;280.0;50.0;119.0;211.0
2017-08-01 17:00:00;10.2;62.0;70.0;0.0;260.0;40.0;81.0;207.0
2017-08-01 18:00:00;10.7;58.9;70.0;0.0;240.0;40.0;105.0;199.0
2017-08-01 19:00:00;19.1;50.4;60.0;0.0;220.0;40.0;102.0;180.0
2017-08-01 20:00:00;29.7;40.8;50.0;0.0;210.0;30.0;116.0;166.0
2017-08-01 21:00:00;43.5;22.2;40.0;0.0;210.0;30.0;114.0;164.0
2017-08-01 22:00:00;37.1;21.2;30.0;0.0;180.0;20.0;115.0;158.0
2017-08-01 23:00:00;32.8;28.9;20.0;0.0;180.0;20.0;119.0;157.0
2017-08-02 00:00:00;34.1;22.8;40.0;0.0;160.0;20.0;126.0;160.0
2017-08-02 01:00:00;32.4;21.4;50.0;0.0;200.0;30.0;132.0;170.0
2017-08-02 02:00:00;28.5;22.5;60.0;0.0;220.0;40.0;130.0;171.0
2017-08-02 03:00:00;23.8;28.7;60.0;0.0;220.0;40.0;135.0;170.0
2017-08-02 04:00:00;30.2;24.0;50.0;0.0;210.0;30.0;139.0;170.0
2017-08-02 05:00:00;36.8;18.0;70.0;0.0;240.0;40.0;128.0;178.0
2017-08-02 06:00:00;41.4;19.6;80.0;0.0;240.0;50.0;130.0;185.0
2017-08-02 07:00:00;29.3;32.9;90.0;0.0;240.0;60.0;139.0;200.0
2017-08-02 08:00:00;20.1;42.6;90.0;0.0;250.0;60.0;130.0;206.0
2017-08-02 09:00:00;11.0;51.7;90.0;0.0;240.0;60.0;104.0;211.0
2017-08-02 10:00:00;11.3;57.1;80.0;0.0;200.0;50.0;136.0;206.0
2017-08-02 11:00:00;15.5;51.6;80.0;0.0;200.0;50.0;121.0;209.0
2017-08-02 12:00:00;18.0;47.4;80.0;0.0;190.0;50.0;128.0;213.0
2017-08-02 13:00:00;18.4;43.8;90.0;0.0;180.0;50.0;102.0;213.0
2017-08-02 14:00:00;11.9;53.8;90.0;0.0;170.0;60.0;116.0;211.0
2017-08-02 15:00:00;17.9;52.7;120.0;0.0;210.0;80.0;122.0;206.0
2017-08-02 16:00:00;22.0;54.7;140.0;0.0;210.0;90.0;138.0;175.0
2017-08-02 17:00:00;17.8;64.2;110.0;10.0;210.0;60.0;144.0;162.0
2017-08-02 18:00:00;15.0;59.1;80.0;6.0;160.0;30.0;149.0;163.0
2017-08-02 19:00:00;17.8;49.5;70.0;0.0;160.0;40.0;141.0;158.0
2017-08-02 20:00:00;15.9;50.0;70.0;0.0;160.0;40.0;144.0;160.0
2017-08-02 21:00:00;16.2;49.9;80.0;3.0;160.0;50.0;150.0;163.0
2017-08-02 22:00:00;19.1;45.0;90.0;7.0;160.0;50.0;155.0;167.0
2017-08-02 23:00:00;19.1;43.2;80.0;0.0;190.0;50.0;156.0;173.0
2017-08-03 00:00:00;14.3;40.5;80.0;0.0;160.0;50.0;157.0;172.0
2017-08-03 01:00:00;13.4;36.6;90.0;0.0;160.0;60.0;153.0;171.0
2017-08-03 02:00:00;13.4;38.7;100.0;0.0;160.0;50.0;154.0;171.0
2017-08-03 03:00:00;13.1;40.7;70.0;0.0;180.0;50.0;153.0;173.0
2017-08-03 04:00:00;14.4;42.2;70.0;0.0;190.0;40.0;157.0;172.0
2017-08-03 05:00:00;15.2;45.0;80.0;1.0;180.0;50.0;159.0;182.0
2017-08-03 06:00:00;19.8;42.8;100.0;0.0;210.0;60.0;165.0;203.0
2017-08-03 07:00:00;20.9;35.6;120.0;0.0;210.0;80.0;166.0;188.0
2017-08-03 08:00:00;21.2;32.4;130.0;1.0;220.0;80.0;163.0;191.0
2017-08-03 09:00:00;16.1;29.4;140.0;0.0;230.0;90.0;148.0;215.0
2017-08-03 10:00:00;18.0;37.0;190.0;0.0;230.0;130.0;129.0;209.0
2017-08-03 11:00:00;15.3;60.0;210.0;0.0;230.0;140.0;113.0;206.0
2017-08-03 12:00:00;11.7;70.2;220.0;0.0;230.0;150.0;121.0;217.0
2017-08-03 13:00:00;10.8;69.9;210.0;0.0;240.0;140.0;132.0;211.0
2017-08-03 14:00:00;8.8;68.3;210.0;0.0;230.0;140.0;130.0;201.0
2017-08-03 15:00:00;11.3;62.3;210.0;0.0;230.0;150.0;123.0;209.0
2017-08-03 16:00:00;12.7;64.3;210.0;0.0;230.0;150.0;113.0;204.0
2017-08-03 17:00:00;14.0;62.6;190.0;0.0;240.0;130.0;125.0;198.0
2017-08-03 18:00:00;13.9;58.5;190.0;0.0;230.0;110.0;126.0;192.0
2017-08-03 19:00:00;14.7;55.0;170.0;0.0;230.0;120.0;125.0;185.0
2017-08-03 20:00:00;19.5;50.0;150.0;0.0;220.0;90.0;121.0;177.0
2017-08-03 21:00:00;21.3;44.2;130.0;0.0;230.0;80.0;130.0;177.0
2017-08-03 22:00:00;15.0;47.3;130.0;0.0;230.0;80.0;138.0;177.0
2017-08-03 23:00:00;14.9;46.2;120.0;0.0;230.0;80.0;138.0;176.0
2017-08-04 00:00:00;12.4;48.2;130.0;0.0;240.0;80.0;139.0;179.0
2017-08-04 01:00:00;11.2;48.4;130.0;0.0;240.0;80.0;143.0;182.0
2017-08-04 02:00:00;13.5;45.8;130.0;0.0;240.0;80.0;138.0;176.0
2017-08-04 03:00:00;13.7;46.0;120.0;0.0;230.0;80.0;138.0;177.0
2017-08-04 04:00:00;13.3;43.1;120.0;0.0;230.0;80.0;135.0;179.0
2017-08-04 05:00:00;23.5;33.0;110.0;0.0;230.0;70.0;133.0;180.0
2017-08-04 06:00:00;32.8;24.8;110.0;0.0;210.0;70.0;151.0;170.0
2017-08-04 07:00:00;21.6;32.1;110.0;3.0;240.0;70.0;143.0;179.0
2017-08-04 08:00:00;18.5;30.5;150.0;0.0;240.0;80.0;132.0;189.0
2017-08-04 09:00:00;19.0;42.8;150.0;0.0;240.0;100.0;130.0;204.0
2017-08-04 10:00:00;15.1;47.9;150.0;0.0;240.0;110.0;117.0;208.0
2017-08-04 11:00:00;9.9;60.7;170.0;0.0;240.0;110.0;125.0;203.0
2017-08-04 12:00:00;11.9;63.3;150.0;0.0;240.0;100.0;129.0;202.0
2017-08-04 13:00:00;10.7;67.4;150.0;0.0;250.0;110.0;131.0;209.0
2017-08-04 14:00:00;9.5;73.9;140.0;0.0;250.0;100.0;132.0;202.0
2017-08-04 15:00:00;8.1;76.6;140.0;0.0;240.0;100.0;131.0;201.0
2017-08-04 16:00:00;9.3;78.8;130.0;0.0;240.0;90.0;132.0;196.0
2017-08-04 17:00:00;8.8;80.6;130.0;0.0;240.0;90.0;129.0;193.0
2017-08-04 18:00:00;15.6;68.4;120.0;0.0;230.0;70.0;125.0;185.0
2017-08-04 19:00:00;16.2;58.7;100.0;0.0;230.0;60.0;146.0;180.0
2017-08-04 20:00:00;26.9;48.7;70.0;0.0;220.0;50.0;142.0;172.0
2017-08-04 21:00:00;30.1;46.9;60.0;0.0;210.0;40.0;144.0;170.0
2017-08-04 22:00:00;24.5;48.2;50.0;0.0;210.0;40.0;143.0;165.0
2017-08-04 23:00:00;23.4;42.4;60.0;0.0;220.0;40.0;150.0;164.0
2017-08-05 00:00:00;22.7;39.2;50.0;0.0;210.0;40.0;152.0;166.0
2017-08-05 01:00:00;31.4;29.0;40.0;0.0;300.0;20.0;148.0;163.0
2017-08-05 02:00:00;14.8;46.7;40.0;0.0;190.0;20.0;148.0;156.0
2017-08-05 03:00:00;5.8;46.6;30.0;0.0;180.0;20.0;147.0;155.0
2017-08-05 04:00:00;19.6;21.0;30.0;0.0;140.0;20.0;144.0;152.0
2017-08-05 05:00:00;18.8;19.9;20.0;0.0;0.0;10.0;154.0;163.0
2017-08-05 06:00:00;21.5;15.4;20.0;0.0;310.0;10.0;144.0;177.0
2017-08-05 07:00:00;26.1;22.9;50.0;0.0;340.0;20.0;128.0;182.0
2017-08-05 08:00:00;22.9;34.8;90.0;0.0;330.0;40.0;132.0;187.0
2017-08-05 09:00:00;15.6;45.1;80.0;0.0;330.0;50.0;114.0;190.0
2017-08-05 10:00:00;7.0;58.9;90.0;0.0;300.0;60.0;110.0;198.0
2017-08-05 11:00:00;8.5;59.2;80.0;0.0;290.0;60.0;113.0;187.0
2017-08-05 12:00:00;11.9;58.5;90.0;0.0;300.0;60.0;109.0;186.0
2017-08-05 13:00:00;12.2;60.5;90.0;0.0;300.0;60.0;117.0;198.0
2017-08-05 14:00:00;8.9;66.0;100.0;0.0;280.0;70.0;107.0;184.0
2017-08-05 15:00:00;16.5;60.3;100.0;0.0;280.0;70.0;106.0;184.0
2017-08-05 16:00:00;11.7;67.5;100.0;0.0;280.0;70.0;104.0;176.0
2017-08-05 17:00:00;13.7;64.9;90.0;0.0;280.0;60.0;104.0;168.0
2017-08-05 18:00:00;8.7;65.9;140.0;6.0;220.0;40.0;118.0;136.0
2017-08-05 19:00:00;7.6;62.5;50.0;0.0;240.0;30.0;126.0;144.0
2017-08-05 20:00:00;15.1;51.0;40.0;0.0;220.0;30.0;123.0;136.0
2017-08-05 21:00:00;21.4;44.5;50.0;0.0;210.0;40.0;121.0;128.0
2017-08-05 22:00:00;47.3;19.2;50.0;0.0;260.0;30.0;106.0;133.0
2017-08-05 23:00:00;48.3;19.2;50.0;0.0;230.0;30.0;104.0;119.0
2017-08-06 00:00:00;12.8;45.8;40.0;0.0;210.0;30.0;99.0;110.0
2017-08-06 01:00:00;20.7;40.2;40.0;0.0;210.0;30.0;107.0;115.0
2017-08-06 02:00:00;18.0;38.0;50.0;0.0;210.0;40.0;112.0;124.0
2017-08-06 03:00:00;21.4;30.8;50.0;0.0;200.0;40.0;112.0;120.0
2017-08-06 04:00:00;22.1;25.2;40.0;0.0;190.0;20.0;109.0;117.0
2017-08-06 05:00:00;26.6;11.8;30.0;0.0;190.0;20.0;135.0;151.0
2017-08-06 06:00:00;27.2;14.6;40.0;0.0;260.0;30.0;123.0;178.0
2017-08-06 07:00:00;28.5;18.8;70.0;0.0;260.0;40.0;114.0;185.0
2017-08-06 08:00:00;14.4;43.9;80.0;0.0;270.0;50.0;109.0;185.0
2017-08-06 09:00:00;7.4;53.2;80.0;0.0;240.0;50.0;109.0;191.0
2017-08-06 10:00:00;4.5;58.1;100.0;0.0;260.0;60.0;111.0;203.0
2017-08-06 11:00:00;7.9;60.5;110.0;0.0;270.0;60.0;99.0;198.0
2017-08-06 12:00:00;6.6;68.7;100.0;0.0;260.0;60.0;109.0;196.0
2017-08-06 13:00:00;4.4;72.5;110.0;0.0;260.0;60.0;109.0;194.0
2017-08-06 14:00:00;4.6;74.2;100.0;0.0;260.0;70.0;99.0;203.0
2017-08-06 15:00:00;5.6;75.1;90.0;0.0;260.0;60.0;104.0;200.0
2017-08-06 16:00:00;4.8;75.7;90.0;0.0;250.0;50.0;98.0;195.0
2017-08-06 17:00:00;7.9;75.2;80.0;0.0;230.0;50.0;93.0;187.0
2017-08-06 18:00:00;14.6;71.2;70.0;0.0;240.0;40.0;88.0;172.0
2017-08-06 19:00:00;16.2;67.0;60.0;0.0;240.0;30.0;96.0;164.0
2017-08-06 20:00:00;12.4;57.8;50.0;0.0;220.0;30.0;93.0;140.0
2017-08-06 21:00:00;17.7;44.5;30.0;0.0;190.0;20.0;98.0;136.0
2017-08-06 22:00:00;24.4;34.0;30.0;0.0;160.0;30.0;100.0;125.0
2017-08-06 23:00:00;36.6;23.4;30.0;0.0;170.0;30.0;93.0;118.0
2017-08-07 00:00:00;29.8;28.1;30.0;0.0;180.0;20.0;94.0;114.0
2017-08-07 01:00:00;21.0;37.4;30.0;0.0;170.0;20.0;102.0;122.0
2017-08-07 02:00:00;21.0;33.3;30.0;0.0;180.0;20.0;100.0;117.0
2017-08-07 03:00:00;20.1;32.5;40.0;0.0;180.0;30.0;104.0;117.0
2017-08-07 04:00:00;19.6;29.7;40.0;0.0;180.0;30.0;110.0;126.0
2017-08-07 05:00:00;24.3;24.2;50.0;0.0;190.0;30.0;121.0;144.0
2017-08-07 06:00:00;29.7;19.3;60.0;0.0;200.0;40.0;130.0;162.0
2017-08-07 07:00:00;27.5;23.9;70.0;0.0;200.0;50.0;120.0;175.0
2017-08-07 08:00:00;20.5;38.9;80.0;0.0;200.0;50.0;125.0;185.0
2017-08-07 09:00:00;14.7;51.7;80.0;0.0;190.0;50.0;131.0;197.0
2017-08-07 10:00:00;18.1;53.7;80.0;0.0;200.0;50.0;125.0;198.0
2017-08-07 11:00:00;15.3;61.3;80.0;0.0;210.0;50.0;127.0;213.0
2017-08-07 12:00:00;11.7;70.1;70.0;0.0;260.0;40.0;132.0;205.0
2017-08-07 13:00:00;13.2;72.0;70.0;0.0;270.0;40.0;136.0;202.0
2017-08-07 14:00:00;13.4;67.7;80.0;0.0;260.0;40.0;127.0;199.0
2017-08-07 15:00:00;11.9;72.8;70.0;0.0;290.0;40.0;133.0;193.0
2017-08-07 16:00:00;11.5;73.3;60.0;0.0;290.0;40.0;135.0;193.0
2017-08-07 17:00:00;14.5;76.5;50.0;0.0;300.0;30.0;134.0;184.0
2017-08-07 18:00:00;11.8;76.3;40.0;0.0;320.0;30.0;120.0;164.0
2017-08-07 19:00:00;12.0;65.8;30.0;0.0;360.0;20.0;118.0;158.0
2017-08-07 20:00:00;12.1;57.2;30.0;0.0;30.0;20.0;122.0;153.0
2017-08-07 21:00:00;12.9;52.2;30.0;0.0;40.0;20.0;125.0;146.0
2017-08-07 22:00:00;15.6;45.6;30.0;0.0;40.0;20.0;128.0;141.0
2017-08-07 23:00:00;13.4;44.6;40.0;0.0;60.0;20.0;127.0;144.0
2017-08-08 00:00:00;8.5;48.5;50.0;0.0;50.0;30.0;143.0;163.0
2017-08-08 01:00:00;5.4;54.5;60.0;0.0;60.0;40.0;145.0;166.0
2017-08-08 02:00:00;4.3;58.2;60.0;0.0;40.0;40.0;139.0;166.0
2017-08-08 03:00:00;5.2;60.8;50.0;0.0;30.0;30.0;134.0;159.0
2017-08-08 04:00:00;6.5;60.8;50.0;0.0;40.0;30.0;134.0;160.0
2017-08-08 05:00:00;15.3;50.6;50.0;0.0;30.0;40.0;139.0;174.0
2017-08-08 06:00:00;21.4;40.8;60.0;0.0;40.0;40.0;147.0;180.0
2017-08-08 07:00:00;18.2;38.6;60.0;0.0;50.0;30.0;142.0;179.0
2017-08-08 08:00:00;13.4;44.1;50.0;0.0;50.0;30.0;145.0;189.0
2017-08-08 09:00:00;13.2;42.6;50.0;0.0;200.0;20.0;143.0;193.0
2017-08-08 10:00:00;15.6;39.7;50.0;0.0;270.0;20.0;141.0;193.0
2017-08-08 11:00:00;20.7;42.3;60.0;0.0;330.0;30.0;154.0;184.0
2017-08-08 12:00:00;26.2;33.9;70.0;0.0;310.0;40.0;158.0;180.0
2017-08-08 13:00:00;28.0;31.6;70.0;10.0;320.0;40.0;155.0;172.0
2017-08-08 14:00:00;25.7;34.2;60.0;10.0;310.0;30.0;152.0;166.0
2017-08-08 15:00:00;26.4;45.7;90.0;10.0;310.0;40.0;147.0;160.0
2017-08-08 16:00:00;16.3;71.9;80.0;2.0;260.0;40.0;147.0;162.0
2017-08-08 17:00:00;18.9;71.0;100.0;5.0;260.0;60.0;144.0;164.0
2017-08-08 18:00:00;27.6;64.1;90.0;0.0;260.0;60.0;131.0;161.0
2017-08-08 19:00:00;14.8;84.4;70.0;0.0;250.0;50.0;125.0;155.0
2017-08-08 20:00:00;17.1;82.1;70.0;0.0;210.0;40.0;116.0;132.0
2017-08-08 21:00:00;34.3;60.4;50.0;0.0;220.0;40.0;126.0;136.0
2017-08-08 22:00:00;67.4;31.3;60.0;0.0;210.0;40.0;130.0;141.0
2017-08-08 23:00:00;29.2;55.6;90.0;0.0;210.0;50.0;129.0;151.0
2017-08-09 00:00:00;24.2;49.3;100.0;0.0;210.0;50.0;128.0;146.0
2017-08-09 01:00:00;11.6;67.0;60.0;0.0;200.0;40.0;132.0;145.0
2017-08-09 02:00:00;14.3;53.3;80.0;0.0;190.0;50.0;134.0;145.0
2017-08-09 03:00:00;12.0;47.7;90.0;0.0;200.0;50.0;137.0;147.0
2017-08-09 04:00:00;13.7;35.7;90.0;4.0;210.0;60.0;143.0;152.0
2017-08-09 05:00:00;17.4;23.5;100.0;1.0;200.0;60.0;145.0;156.0
2017-08-09 06:00:00;21.6;21.8;110.0;1.0;210.0;70.0;139.0;158.0
2017-08-09 07:00:00;25.6;17.0;110.0;0.0;220.0;80.0;132.0;169.0
2017-08-09 08:00:00;19.8;28.3;120.0;0.0;210.0;80.0;134.0;181.0
2017-08-09 09:00:00;15.8;37.3;110.0;0.0;220.0;80.0;126.0;182.0
2017-08-09 10:00:00;13.4;45.8;110.0;0.0;210.0;80.0;128.0;200.0
2017-08-09 11:00:00;11.3;54.9;110.0;0.0;220.0;80.0;120.0;198.0
2017-08-09 12:00:00;9.9;63.0;100.0;0.0;240.0;60.0;122.0;182.0
2017-08-09 13:00:00;15.1;52.5;80.0;0.0;240.0;50.0;119.0;196.0
2017-08-09 14:00:00;22.5;56.9;70.0;0.0;270.0;40.0;119.0;200.0
2017-08-09 15:00:00;19.9;61.5;70.0;0.0;280.0;40.0;128.0;203.0
2017-08-09 16:00:00;11.5;73.9;70.0;0.0;290.0;40.0;129.0;195.0
2017-08-09 17:00:00;13.2;77.6;70.0;0.0;310.0;40.0;128.0;187.0
2017-08-09 18:00:00;14.3;65.1;50.0;0.0;10.0;20.0;124.0;174.0
2017-08-09 19:00:00;12.0;63.1;60.0;0.0;350.0;30.0;122.0;166.0
2017-08-09 20:00:00;14.5;55.7;50.0;0.0;30.0;20.0;118.0;153.0
2017-08-09 21:00:00;21.1;43.4;30.0;0.0;50.0;10.0;127.0;148.0
2017-08-09 22:00:00;19.6;44.7;20.0;0.0;120.0;10.0;125.0;143.0
2017-08-09 23:00:00;20.3;31.6;30.0;0.0;20.0;20.0;117.0;133.0
2017-08-10 00:00:00;16.0;40.6;30.0;0.0;20.0;20.0;117.0;126.0
2017-08-10 01:00:00;8.5;57.5;30.0;0.0;0.0;10.0;125.0;128.0
2017-08-10 02:00:00;10.6;47.3;30.0;0.0;340.0;10.0;110.0;115.0
2017-08-10 03:00:00;10.8;44.6;30.0;0.0;330.0;20.0;113.0;116.0
2017-08-10 04:00:00;15.0;45.1;30.0;0.0;330.0;20.0;111.0;117.0
2017-08-10 05:00:00;16.9;45.6;40.0;0.0;360.0;10.0;140.0;149.0
2017-08-10 06:00:00;20.5;48.8;30.0;0.0;30.0;10.0;143.0;164.0
2017-08-10 07:00:00;21.9;45.5;30.0;0.0;130.0;20.0;149.0;170.0
2017-08-10 08:00:00;17.1;46.2;40.0;0.0;30.0;20.0;148.0;180.0
2017-08-10 09:00:00;12.6;51.9;50.0;0.0;40.0;30.0;149.0;189.0
2017-08-10 10:00:00;5.1;70.2;60.0;0.0;40.0;30.0;140.0;191.0
2017-08-10 11:00:00;4.3;70.6;80.0;0.0;10.0;40.0;142.0;183.0
2017-08-10 12:00:00;4.5;65.7;80.0;0.0;10.0;50.0;142.0;187.0
2017-08-10 13:00:00;5.7;64.1;70.0;0.0;20.0;50.0;140.0;197.0
2017-08-10 14:00:00;4.6;69.3;80.0;0.0;360.0;50.0;134.0;196.0
2017-08-10 15:00:00;4.8;68.0;70.0;0.0;10.0;40.0;130.0;192.0
2017-08-10 16:00:00;4.5;68.5;80.0;0.0;20.0;50.0;127.0;186.0
2017-08-10 17:00:00;5.6;64.1;70.0;0.0;30.0;50.0;124.0;178.0
2017-08-10 18:00:00;5.3;61.0;60.0;0.0;20.0;40.0;125.0;170.0
2017-08-10 19:00:00;6.6;58.4;50.0;0.0;360.0;30.0;124.0;165.0
2017-08-10 20:00:00;12.2;52.7;50.0;0.0;20.0;30.0;127.0;162.0
2017-08-10 21:00:00;13.8;46.6;50.0;0.0;10.0;30.0;123.0;164.0
2017-08-10 22:00:00;11.0;45.8;50.0;0.0;360.0;30.0;123.0;159.0
2017-08-10 23:00:00;8.7;46.0;50.0;8.0;10.0;20.0;126.0;155.0
2017-08-11 00:00:00;6.9;42.3;30.0;8.0;40.0;20.0;127.0;147.0
2017-08-11 01:00:00;6.7;37.2;20.0;0.0;280.0;10.0;131.0;143.0
2017-08-11 02:00:00;7.0;35.3;30.0;0.0;310.0;20.0;131.0;141.0
2017-08-11 03:00:00;7.3;29.5;30.0;0.0;310.0;20.0;126.0;133.0
2017-08-11 04:00:00;8.2;35.6;20.0;0.0;360.0;20.0;125.0;137.0
2017-08-11 05:00:00;12.4;31.9;20.0;0.0;160.0;10.0;133.0;146.0
2017-08-11 06:00:00;20.4;23.7;20.0;0.0;320.0;10.0;126.0;159.0
2017-08-11 07:00:00;27.5;18.9;10.0;0.0;320.0;10.0;130.0;170.0
2017-08-11 08:00:00;24.1;28.3;40.0;0.0;280.0;10.0;125.0;174.0
2017-08-11 09:00:00;10.2;48.6;50.0;0.0;360.0;30.0;120.0;168.0
2017-08-11 10:00:00;12.2;50.0;40.0;0.0;260.0;20.0;127.0;185.0
2017-08-11 11:00:00;14.1;55.2;40.0;0.0;270.0;20.0;131.0;187.0
2017-08-11 12:00:00;19.6;51.5;70.0;0.0;300.0;40.0;130.0;199.0
2017-08-11 13:00:00;19.0;53.7;80.0;0.0;290.0;50.0;126.0;195.0
2017-08-11 14:00:00;10.1;68.7;80.0;0.0;260.0;50.0;124.0;195.0
2017-08-11 15:00:00;7.0;71.1;80.0;0.0;270.0;50.0;113.0;186.0
2017-08-11 16:00:00;6.6;68.3;70.0;0.0;260.0;40.0;110.0;184.0
2017-08-11 17:00:00;10.0;72.7;70.0;0.0;250.0;50.0;108.0;186.0
2017-08-11 18:00:00;8.1;75.4;100.0;0.0;250.0;60.0;112.0;177.0
2017-08-11 19:00:00;10.1;80.3;90.0;0.0;230.0;50.0;116.0;168.0
2017-08-11 20:00:00;16.4;79.1;80.0;0.0;220.0;50.0;119.0;154.0
2017-08-11 21:00:00;35.0;59.9;60.0;0.0;220.0;40.0;129.0;152.0
2017-08-11 22:00:00;45.5;38.1;70.0;0.0;220.0;40.0;138.0;154.0
2017-08-11 23:00:00;38.7;29.0;60.0;0.0;210.0;40.0;147.0;161.0
2017-08-12 00:00:00;29.6;34.3;60.0;0.0;210.0;40.0;152.0;164.0
2017-08-12 01:00:00;18.5;35.2;50.0;0.0;210.0;30.0;154.0;166.0
2017-08-12 02:00:00;13.8;32.4;90.0;10.0;260.0;50.0;157.0;163.0
2017-08-12 03:00:00;14.1;25.2;70.0;10.0;250.0;40.0;159.0;163.0
2017-08-12 04:00:00;12.0;28.4;80.0;10.0;240.0;50.0;161.0;166.0
2017-08-12 05:00:00;18.9;21.4;80.0;9.0;260.0;50.0;163.0;169.0
2017-08-12 06:00:00;16.5;22.0;80.0;10.0;260.0;50.0;167.0;173.0
2017-08-12 07:00:00;12.1;22.2;80.0;4.0;260.0;50.0;167.0;179.0
2017-08-12 08:00:00;15.7;20.3;80.0;6.0;300.0;60.0;159.0;174.0
2017-08-12 09:00:00;17.7;17.9;80.0;0.0;280.0;50.0;163.0;187.0
2017-08-12 10:00:00;18.3;25.0;100.0;0.0;280.0;60.0;165.0;198.0
2017-08-12 11:00:00;8.7;38.4;110.0;0.0;270.0;70.0;161.0;205.0
2017-08-12 12:00:00;6.6;45.4;110.0;0.0;280.0;80.0;155.0;198.0
2017-08-12 13:00:00;5.5;48.4;100.0;0.0;280.0;70.0;153.0;200.0
2017-08-12 14:00:00;7.6;49.1;100.0;0.0;270.0;60.0;147.0;194.0
2017-08-12 15:00:00;8.2;48.5;100.0;3.0;300.0;60.0;155.0;172.0
2017-08-12 16:00:00;7.4;49.7;70.0;5.0;290.0;30.0;152.0;173.0
2017-08-12 17:00:00;7.6;46.3;60.0;0.0;290.0;30.0;140.0;174.0
2017-08-12 18:00:00;7.2;50.0;50.0;0.0;310.0;30.0;137.0;167.0
2017-08-12 19:00:00;7.1;51.0;40.0;0.0;280.0;20.0;131.0;153.0
2017-08-12 20:00:00;10.2;42.3;20.0;0.0;280.0;20.0;130.0;150.0
2017-08-12 21:00:00;20.4;20.7;30.0;0.0;240.0;20.0;127.0;145.0
2017-08-12 22:00:00;25.8;24.9;20.0;0.0;240.0;10.0;125.0;136.0
2017-08-12 23:00:00;29.6;18.7;20.0;0.0;0.0;10.0;113.0;120.0
2017-08-13 00:00:00;32.6;12.2;30.0;0.0;160.0;20.0;117.0;123.0
2017-08-13 01:00:00;42.0;3.9;20.0;0.0;80.0;10.0;124.0;129.0
2017-08-13 02:00:00;30.8;12.5;30.0;0.0;180.0;10.0;120.0;127.0
2017-08-13 03:00:00;20.9;23.9;30.0;0.0;170.0;20.0;121.0;128.0
2017-08-13 04:00:00;22.7;18.5;60.0;3.0;320.0;20.0;130.0;138.0
2017-08-13 05:00:00;17.8;30.1;20.0;0.0;60.0;10.0;140.0;152.0
2017-08-13 06:00:00;9.9;34.2;50.0;0.0;20.0;20.0;144.0;168.0
2017-08-13 07:00:00;8.6;34.5;50.0;0.0;10.0;30.0;139.0;179.0
2017-08-13 08:00:00;3.3;46.7;50.0;0.0;60.0;30.0;138.0;188.0
2017-08-13 09:00:00;2.6;54.0;50.0;0.0;50.0;20.0;132.0;179.0
2017-08-13 10:00:00;3.0;53.6;70.0;0.0;70.0;40.0;127.0;176.0
2017-08-13 11:00:00;3.9;52.5;50.0;0.0;80.0;30.0;133.0;178.0
2017-08-13 12:00:00;3.3;57.3;40.0;0.0;90.0;20.0;132.0;188.0
2017-08-13 13:00:00;3.3;60.0;50.0;0.0;60.0;20.0;122.0;198.0
2017-08-13 14:00:00;3.3;62.5;50.0;0.0;50.0;20.0;118.0;195.0
2017-08-13 15:00:00;2.1;62.5;50.0;0.0;360.0;20.0;113.0;201.0
2017-08-13 16:00:00;2.0;60.8;50.0;0.0;80.0;30.0;114.0;189.0
2017-08-13 17:00:00;2.9;60.7;50.0;0.0;90.0;30.0;107.0;173.0
2017-08-13 18:00:00;3.4;61.5;30.0;0.0;80.0;20.0;105.0;167.0
2017-08-13 19:00:00;5.2;52.1;20.0;0.0;50.0;10.0;117.0;160.0
2017-08-13 20:00:00;9.6;38.1;10.0;0.0;60.0;10.0;119.0;148.0
2017-08-13 21:00:00;15.0;31.1;20.0;0.0;80.0;10.0;121.0;144.0
2017-08-13 22:00:00;20.6;19.8;20.0;0.0;80.0;10.0;121.0;135.0
2017-08-13 23:00:00;12.3;35.6;40.0;0.0;90.0;20.0;120.0;144.0
2017-08-14 00:00:00;5.3;43.4;50.0;0.0;110.0;40.0;113.0;138.0
2017-08-14 01:00:00;4.6;44.2;50.0;0.0;110.0;30.0;111.0;133.0
2017-08-14 02:00:00;5.2;40.9;40.0;0.0;110.0;30.0;114.0;130.0
2017-08-14 03:00:00;10.9;32.6;40.0;0.0;110.0;30.0;118.0;131.0
2017-08-14 04:00:00;19.4;26.0;50.0;0.0;120.0;30.0;121.0;135.0
2017-08-14 05:00:00;28.4;14.6;40.0;0.0;120.0;20.0;130.0;146.0
2017-08-14 06:00:00;24.1;15.9;50.0;0.0;110.0;30.0;133.0;157.0
2017-08-14 07:00:00;24.2;15.5;40.0;0.0;120.0;30.0;139.0;169.0
2017-08-14 08:00:00;28.9;16.5;40.0;0.0;120.0;20.0;148.0;183.0
2017-08-14 09:00:00;25.4;16.5;40.0;0.0;120.0;20.0;145.0;200.0
2017-08-14 10:00:00;22.6;21.9;50.0;0.0;90.0;30.0;153.0;221.0
2017-08-14 11:00:00;18.3;35.3;70.0;0.0;130.0;40.0;143.0;229.0
2017-08-14 12:00:00;14.0;57.8;70.0;0.0;110.0;40.0;125.0;224.0
2017-08-14 13:00:00;13.2;67.1;70.0;0.0;110.0;40.0;129.0;232.0
2017-08-14 14:00:00;8.8;87.8;80.0;0.0;120.0;50.0;139.0;237.0
2017-08-14 15:00:00;7.7;92.9;80.0;0.0;130.0;40.0;137.0;238.0
2017-08-14 16:00:00;10.7;86.0;70.0;0.0;150.0;40.0;134.0;236.0
2017-08-14 17:00:00;18.6;84.3;60.0;0.0;160.0;40.0;132.0;218.0
2017-08-14 18:00:00;19.2;81.5;40.0;0.0;100.0;20.0;148.0;193.0
2017-08-14 19:00:00;24.5;56.3;20.0;0.0;80.0;20.0;151.0;182.0
2017-08-14 20:00:00;29.9;34.9;20.0;0.0;100.0;20.0;143.0;169.0
2017-08-14 21:00:00;26.3;38.6;40.0;0.0;110.0;20.0;143.0;172.0
2017-08-14 22:00:00;21.3;38.9;20.0;0.0;100.0;20.0;142.0;169.0
2017-08-14 23:00:00;16.0;46.3;20.0;0.0;220.0;10.0;140.0;165.0
2017-08-15 00:00:00;14.0;35.3;30.0;0.0;80.0;20.0;143.0;157.0
2017-08-15 01:00:00;22.1;34.7;20.0;0.0;150.0;10.0;149.0;173.0
2017-08-15 02:00:00;32.6;20.3;30.0;0.0;160.0;20.0;146.0;165.0
2017-08-15 03:00:00;36.2;14.4;30.0;0.0;140.0;20.0;142.0;156.0
2017-08-15 04:00:00;30.9;12.4;20.0;0.0;130.0;10.0;148.0;166.0
2017-08-15 05:00:00;31.5;11.4;30.0;0.0;170.0;20.0;153.0;175.0
2017-08-15 06:00:00;46.2;5.6;40.0;0.0;170.0;20.0;154.0;189.0
2017-08-15 07:00:00;52.3;12.1;50.0;0.0;190.0;30.0;150.0;198.0
2017-08-15 08:00:00;39.4;29.4;30.0;0.0;150.0;20.0;158.0;197.0
2017-08-15 09:00:00;39.9;20.8;40.0;10.0;110.0;30.0;163.0;193.0
2017-08-15 10:00:00;44.2;11.6;70.0;0.0;290.0;40.0;168.0;198.0
2017-08-15 11:00:00;40.2;16.0;70.0;7.0;200.0;30.0;172.0;188.0
2017-08-15 12:00:00;52.6;8.3;50.0;0.0;260.0;20.0;171.0;190.0
2017-08-15 13:00:00;48.8;5.8;50.0;0.0;310.0;20.0;169.0;207.0
2017-08-15 14:00:00;49.6;9.0;40.0;0.0;280.0;20.0;170.0;214.0
2017-08-15 15:00:00;44.3;28.6;60.0;0.0;270.0;40.0;163.0;208.0
2017-08-15 16:00:00;37.2;42.1;70.0;0.0;310.0;40.0;166.0;198.0
2017-08-15 17:00:00;45.1;37.1;60.0;0.0;300.0;30.0;158.0;192.0
2017-08-15 18:00:00;31.9;62.0;60.0;0.0;270.0;30.0;159.0;189.0
2017-08-15 19:00:00;28.2;56.9;60.0;0.0;270.0;40.0;162.0;180.0
2017-08-15 20:00:00;22.4;67.0;60.0;0.0;290.0;30.0;143.0;156.0
2017-08-15 21:00:00;22.4;62.1;40.0;0.0;260.0;20.0;144.0;159.0
2017-08-15 22:00:00;24.8;41.3;40.0;0.0;0.0;20.0;140.0;149.0
2017-08-15 23:00:00;34.5;34.7;10.0;0.0;280.0;10.0;141.0;145.0
2017-08-16 00:00:00;18.0;41.5;10.0;0.0;0.0;0.0;139.0;139.0
2017-08-16 01:00:00;14.2;34.6;10.0;0.0;130.0;10.0;133.0;136.0
2017-08-16 02:00:00;12.1;31.4;30.0;0.0;170.0;20.0;122.0;124.0
2017-08-16 03:00:00;21.7;12.6;20.0;0.0;190.0;10.0;124.0;124.0
2017-08-16 04:00:00;24.0;4.0;20.0;0.0;130.0;10.0;133.0;134.0
2017-08-16 05:00:00;27.4;0.7;30.0;0.0;140.0;20.0;139.0;140.0
2017-08-16 06:00:00;52.1;0.3;40.0;0.0;140.0;20.0;151.0;151.0
2017-08-16 07:00:00;47.5;2.0;40.0;0.0;160.0;30.0;156.0;159.0
2017-08-16 08:00:00;44.1;18.9;40.0;0.0;150.0;30.0;169.0;189.0
2017-08-16 09:00:00;33.7;25.4;60.0;0.0;160.0;40.0;160.0;210.0
2017-08-16 10:00:00;27.8;33.3;70.0;0.0;170.0;50.0;143.0;211.0
2017-08-16 11:00:00;20.7;40.6;80.0;0.0;180.0;50.0;143.0;217.0
2017-08-16 12:00:00;16.3;48.7;70.0;0.0;170.0;50.0;132.0;218.0
2017-08-16 13:00:00;13.7;52.6;80.0;0.0;180.0;50.0;130.0;220.0
2017-08-16 14:00:00;9.7;64.7;70.0;0.0;190.0;50.0;106.0;221.0
2017-08-16 15:00:00;14.0;56.4;70.0;0.0;220.0;50.0;134.0;221.0
2017-08-16 16:00:00;17.8;62.8;60.0;0.0;230.0;30.0;137.0;214.0
2017-08-16 17:00:00;15.7;64.3;60.0;0.0;280.0;40.0;157.0;195.0
2017-08-16 18:00:00;19.1;57.2;50.0;0.0;310.0;20.0;146.0;180.0
2017-08-16 19:00:00;23.8;44.3;30.0;0.0;310.0;20.0;145.0;172.0
2017-08-16 20:00:00;27.6;33.9;20.0;0.0;120.0;10.0;144.0;160.0
2017-08-16 21:00:00;30.7;24.0;20.0;0.0;130.0;10.0;141.0;151.0
2017-08-16 22:00:00;48.6;1.1;20.0;0.0;160.0;10.0;138.0;144.0
2017-08-16 23:00:00;56.7;1.1;40.0;0.0;130.0;20.0;138.0;151.0
2017-08-17 00:00:00;53.2;1.1;60.0;0.0;140.0;40.0;137.0;159.0
2017-08-17 01:00:00;43.1;-3.1;50.0;0.0;140.0;40.0;134.0;157.0
2017-08-17 02:00:00;36.6;8.6;60.0;0.0;140.0;40.0;130.0;159.0
2017-08-17 03:00:00;32.1;17.5;70.0;0.0;140.0;50.0;132.0;159.0
2017-08-17 04:00:00;34.4;16.3;70.0;0.0;140.0;50.0;138.0;169.0
2017-08-17 05:00:00;34.8;17.3;80.0;0.0;160.0;50.0;145.0;177.0
2017-08-17 06:00:00;47.7;10.1;90.0;0.0;190.0;60.0;153.0;175.0
2017-08-17 07:00:00;31.3;29.8;70.0;4.0;170.0;50.0;154.0;174.0
2017-08-17 08:00:00;27.1;26.6;100.0;9.0;210.0;50.0;159.0;177.0
2017-08-17 09:00:00;32.1;19.6;80.0;10.0;190.0;60.0;159.0;173.0
2017-08-17 10:00:00;30.5;20.7;90.0;10.0;190.0;60.0;164.0;176.0
2017-08-17 11:00:00;22.9;29.4;100.0;0.0;210.0;60.0;164.0;180.0
2017-08-17 12:00:00;24.2;26.2;90.0;0.0;200.0;70.0;170.0;184.0
2017-08-17 13:00:00;22.7;24.2;90.0;0.0;190.0;60.0;173.0;184.0
2017-08-17 14:00:00;23.4;20.4;80.0;0.0;200.0;60.0;179.0;192.0
2017-08-17 15:00:00;22.4;14.3;100.0;6.0;200.0;70.0;180.0;193.0
2017-08-17 16:00:00;23.1;13.6;90.0;0.0;190.0;60.0;182.0;199.0
2017-08-17 17:00:00;21.7;15.7;90.0;2.0;200.0;60.0;181.0;198.0
2017-08-17 18:00:00;21.0;13.2;110.0;0.0;220.0;60.0;156.0;185.0
2017-08-17 19:00:00;22.7;12.5;80.0;0.0;220.0;60.0;141.0;173.0
2017-08-17 20:00:00;33.8;22.3;80.0;0.0;210.0;50.0;143.0;172.0
2017-08-17 21:00:00;17.0;35.1;80.0;0.0;210.0;50.0;144.0;165.0
2017-08-17 22:00:00;13.8;39.3;70.0;0.0;190.0;40.0;142.0;158.0
2017-08-17 23:00:00;13.0;39.0;60.0;0.0;190.0;40.0;143.0;155.0
2017-08-18 00:00:00;15.5;32.0;60.0;0.0;170.0;40.0;143.0;156.0
2017-08-18 01:00:00;17.8;23.8;50.0;0.0;180.0;40.0;142.0;153.0
2017-08-18 02:00:00;16.0;20.7;60.0;0.0;190.0;30.0;147.0;160.0
2017-08-18 03:00:00;13.7;22.3;70.0;0.0;210.0;50.0;149.0;161.0
2017-08-18 04:00:00;14.7;21.5;60.0;0.0;200.0;40.0;153.0;163.0
2017-08-18 05:00:00;22.0;15.6;60.0;0.0;180.0;40.0;155.0;167.0
2017-08-18 06:00:00;25.4;11.9;70.0;0.0;190.0;50.0;160.0;176.0
2017-08-18 07:00:00;27.3;11.4;90.0;0.0;200.0;60.0;160.0;182.0
2017-08-18 08:00:00;23.3;19.2;100.0;0.0;200.0;70.0;163.0;190.0
2017-08-18 09:00:00;22.1;24.1;110.0;0.0;190.0;70.0;157.0;194.0
2017-08-18 10:00:00;18.6;31.2;120.0;0.0;260.0;70.0;153.0;182.0
2017-08-18 11:00:00;21.7;33.7;120.0;0.0;230.0;60.0;153.0;195.0
2017-08-18 12:00:00;34.6;26.1;140.0;0.0;240.0;90.0;135.0;194.0
2017-08-18 13:00:00;25.3;44.0;120.0;0.0;240.0;80.0;142.0;201.0
2017-08-18 14:00:00;11.5;52.9;110.0;0.0;240.0;80.0;140.0;209.0
2017-08-18 15:00:00;14.5;52.3;120.0;0.0;240.0;80.0;129.0;200.0
2017-08-18 16:00:00;14.4;59.8;120.0;0.0;240.0;80.0;127.0;187.0
2017-08-18 17:00:00;15.3;60.0;120.0;0.0;220.0;80.0;133.0;180.0
2017-08-18 18:00:00;16.2;60.8;120.0;2.0;230.0;80.0;140.0;170.0
2017-08-18 19:00:00;21.3;51.6;190.0;4.0;280.0;60.0;115.0;148.0
2017-08-18 20:00:00;14.5;53.6;60.0;0.0;220.0;40.0;115.0;137.0
2017-08-18 21:00:00;17.0;43.1;60.0;0.0;200.0;40.0;114.0;134.0
2017-08-18 22:00:00;24.9;34.8;60.0;0.0;210.0;40.0;107.0;131.0
2017-08-18 23:00:00;17.8;37.5;50.0;0.0;210.0;40.0;107.0;133.0
2017-08-19 00:00:00;19.4;34.2;50.0;0.0;200.0;40.0;111.0;135.0
2017-08-19 01:00:00;13.3;36.7;90.0;3.0;170.0;50.0;110.0;130.0
2017-08-19 02:00:00;11.3;39.9;110.0;3.0;190.0;60.0;124.0;139.0
2017-08-19 03:00:00;11.5;31.8;110.0;10.0;230.0;60.0;127.0;138.0
2017-08-19 04:00:00;11.5;40.0;80.0;0.0;210.0;30.0;129.0;137.0
2017-08-19 05:00:00;12.1;44.2;50.0;0.0;270.0;30.0;118.0;146.0
2017-08-19 06:00:00;16.1;33.4;70.0;1.0;260.0;40.0;122.0;155.0
2017-08-19 07:00:00;21.8;27.4;120.0;0.0;250.0;70.0;113.0;159.0
2017-08-19 08:00:00;16.7;38.7;130.0;0.0;260.0;90.0;109.0;168.0
2017-08-19 09:00:00;5.1;50.0;130.0;0.0;270.0;90.0;120.0;183.0
2017-08-19 10:00:00;5.7;52.9;120.0;0.0;270.0;90.0;124.0;179.0
2017-08-19 11:00:00;5.4;51.7;130.0;0.0;270.0;90.0;119.0;179.0
2017-08-19 12:00:00;4.9;52.5;130.0;0.0;260.0;100.0;99.0;186.0
2017-08-19 13:00:00;4.5;60.9;140.0;0.0;260.0;100.0;100.0;186.0
2017-08-19 14:00:00;4.6;64.8;140.0;0.0;260.0;90.0;103.0;180.0
2017-08-19 15:00:00;7.5;65.6;130.0;0.0;250.0;90.0;106.0;178.0
2017-08-19 16:00:00;8.3;66.3;140.0;0.0;250.0;90.0;109.0;183.0
2017-08-19 17:00:00;11.0;67.0;120.0;0.0;250.0;80.0;106.0;178.0
2017-08-19 18:00:00;16.3;59.9;110.0;0.0;250.0;60.0;104.0;177.0
2017-08-19 19:00:00;16.8;56.1;120.0;5.0;250.0;50.0;114.0;152.0
2017-08-19 20:00:00;12.6;51.2;110.0;5.0;260.0;60.0;115.0;141.0
2017-08-19 21:00:00;26.7;39.4;80.0;7.0;230.0;50.0;116.0;141.0
2017-08-19 22:00:00;40.4;30.1;70.0;0.0;200.0;40.0;127.0;143.0
2017-08-19 23:00:00;52.1;8.2;60.0;0.0;220.0;30.0;124.0;135.0
2017-08-20 00:00:00;18.5;31.8;70.0;0.0;280.0;50.0;106.0;141.0
2017-08-20 01:00:00;15.2;32.3;60.0;0.0;260.0;40.0;103.0;136.0
2017-08-20 02:00:00;12.5;39.6;60.0;0.0;260.0;40.0;104.0;137.0
2017-08-20 03:00:00;20.2;37.9;50.0;0.0;270.0;40.0;104.0;127.0
2017-08-20 04:00:00;15.8;35.9;60.0;0.0;250.0;40.0;114.0;153.0
2017-08-20 05:00:00;14.2;35.9;60.0;0.0;260.0;40.0;117.0;150.0
2017-08-20 06:00:00;15.1;36.3;70.0;0.0;260.0;50.0;122.0;165.0
2017-08-20 07:00:00;11.9;37.6;100.0;0.0;270.0;70.0;121.0;178.0
2017-08-20 08:00:00;10.2;41.5;110.0;0.0;270.0;80.0;116.0;177.0
2017-08-20 09:00:00;6.1;48.9;110.0;0.0;260.0;80.0;115.0;184.0
2017-08-20 10:00:00;4.7;53.0;120.0;0.0;260.0;90.0;117.0;191.0
2017-08-20 11:00:00;3.9;55.3;120.0;0.0;270.0;90.0;120.0;189.0
2017-08-20 12:00:00;4.7;57.4;120.0;0.0;270.0;90.0;122.0;188.0
2017-08-20 13:00:00;4.4;60.6;120.0;0.0;270.0;90.0;113.0;185.0
2017-08-20 14:00:00;3.9;59.9;120.0;0.0;270.0;90.0;110.0;173.0
2017-08-20 15:00:00;3.9;60.2;120.0;0.0;270.0;80.0;104.0;176.0
2017-08-20 16:00:00;4.0;60.8;100.0;0.0;280.0;60.0;105.0;171.0
2017-08-20 17:00:00;4.4;61.9;80.0;0.0;280.0;50.0;109.0;166.0
2017-08-20 18:00:00;7.2;62.6;60.0;0.0;270.0;40.0;117.0;164.0
2017-08-20 19:00:00;9.7;59.4;60.0;0.0;260.0;30.0;113.0;164.0
2017-08-20 20:00:00;10.5;54.6;50.0;0.0;240.0;30.0;109.0;159.0
2017-08-20 21:00:00;14.3;52.0;40.0;0.0;220.0;30.0;112.0;147.0
2017-08-20 22:00:00;21.9;45.6;40.0;0.0;210.0;30.0;112.0;147.0
2017-08-20 23:00:00;18.6;45.0;30.0;0.0;180.0;20.0;116.0;135.0
2017-08-21 00:00:00;23.7;29.4;20.0;0.0;160.0;10.0;118.0;135.0
2017-08-21 01:00:00;32.0;14.7;20.0;0.0;170.0;10.0;121.0;136.0
2017-08-21 02:00:00;30.6;3.7;20.0;0.0;110.0;10.0;110.0;121.0
2017-08-21 03:00:00;26.1;0.8;20.0;2.0;110.0;10.0;127.0;134.0
2017-08-21 04:00:00;32.6;-2.0;30.0;0.0;140.0;20.0;130.0;138.0
2017-08-21 05:00:00;28.7;-2.2;30.0;0.0;90.0;20.0;134.0;143.0
2017-08-21 06:00:00;39.1;-4.8;30.0;2.0;150.0;20.0;140.0;153.0
2017-08-21 07:00:00;40.8;2.1;30.0;4.0;130.0;20.0;145.0;155.0
2017-08-21 08:00:00;39.4;7.3;30.0;0.0;120.0;20.0;155.0;175.0
2017-08-21 09:00:00;36.9;11.7;30.0;0.0;350.0;10.0;151.0;179.0
2017-08-21 10:00:00;34.0;17.9;40.0;0.0;190.0;10.0;145.0;192.0
2017-08-21 11:00:00;26.5;43.2;50.0;0.0;240.0;20.0;139.0;188.0
2017-08-21 12:00:00;20.5;40.9;50.0;0.0;250.0;20.0;133.0;205.0
2017-08-21 13:00:00;23.1;39.2;60.0;0.0;250.0;30.0;129.0;202.0
2017-08-21 14:00:00;24.2;47.5;40.0;0.0;250.0;20.0;126.0;209.0
2017-08-21 15:00:00;21.5;55.7;50.0;0.0;320.0;20.0;131.0;196.0
2017-08-21 16:00:00;16.6;59.7;40.0;0.0;360.0;30.0;133.0;197.0
2017-08-21 17:00:00;13.9;58.7;40.0;0.0;20.0;20.0;135.0;183.0
2017-08-21 18:00:00;17.4;56.7;40.0;0.0;40.0;30.0;125.0;168.0
2017-08-21 19:00:00;19.3;46.7;40.0;0.0;60.0;20.0;126.0;157.0
2017-08-21 20:00:00;17.5;48.6;40.0;0.0;70.0;30.0;119.0;144.0
2017-08-21 21:00:00;15.9;50.7;40.0;0.0;80.0;30.0;117.0;145.0
2017-08-21 22:00:00;12.1;47.6;30.0;0.0;70.0;20.0;116.0;141.0
2017-08-21 23:00:00;9.8;42.2;40.0;0.0;80.0;30.0;119.0;146.0
2017-08-22 00:00:00;6.9;38.8;30.0;0.0;70.0;20.0;123.0;144.0
2017-08-22 01:00:00;7.5;36.7;40.0;0.0;80.0;20.0;123.0;146.0
2017-08-22 02:00:00;6.7;38.0;30.0;0.0;70.0;20.0;123.0;143.0
2017-08-22 03:00:00;7.1;36.2;30.0;0.0;80.0;20.0;122.0;145.0
2017-08-22 04:00:00;8.8;31.7;30.0;0.0;80.0;20.0;119.0;136.0
2017-08-22 05:00:00;13.7;26.0;30.0;0.0;80.0;20.0;129.0;142.0
2017-08-22 06:00:00;23.4;17.3;30.0;0.0;140.0;20.0;130.0;164.0
2017-08-22 07:00:00;19.6;21.1;30.0;0.0;80.0;20.0;134.0;183.0
2017-08-22 08:00:00;22.3;24.0;30.0;0.0;80.0;20.0;135.0;201.0
2017-08-22 09:00:00;19.7;30.3;30.0;0.0;160.0;10.0;128.0;212.0
2017-08-22 10:00:00;23.7;38.1;50.0;0.0;130.0;20.0;123.0;218.0
2017-08-22 11:00:00;19.0;61.3;40.0;0.0;100.0;20.0;131.0;218.0
2017-08-22 12:00:00;8.3;76.0;40.0;0.0;200.0;20.0;120.0;226.0
2017-08-22 13:00:00;10.2;75.6;50.0;0.0;90.0;30.0;136.0;219.0
2017-08-22 14:00:00;8.1;84.2;50.0;0.0;80.0;40.0;142.0;221.0
2017-08-22 15:00:00;7.7;89.3;70.0;0.0;70.0;40.0;141.0;216.0
2017-08-22 16:00:00;7.0;88.5;60.0;0.0;60.0;50.0;143.0;207.0
2017-08-22 17:00:00;6.6;86.7;70.0;0.0;60.0;50.0;141.0;199.0
2017-08-22 18:00:00;8.6;83.3;60.0;0.0;80.0;40.0;138.0;182.0
2017-08-22 19:00:00;11.7;78.0;70.0;0.0;80.0;50.0;133.0;178.0
2017-08-22 20:00:00;10.2;75.9;60.0;0.0;80.0;50.0;130.0;172.0
2017-08-22 21:00:00;10.9;65.4;60.0;0.0;90.0;40.0;125.0;166.0
2017-08-22 22:00:00;9.8;59.5;60.0;0.0;90.0;40.0;118.0;162.0
2017-08-22 23:00:00;8.1;56.8;70.0;0.0;90.0;50.0;115.0;159.0
2017-08-23 00:00:00;6.8;54.1;70.0;0.0;90.0;50.0;111.0;154.0
2017-08-23 01:00:00;6.7;51.9;60.0;0.0;90.0;40.0;108.0;143.0
2017-08-23 02:00:00;6.9;49.8;60.0;0.0;100.0;40.0;106.0;140.0
2017-08-23 03:00:00;7.2;46.4;70.0;0.0;90.0;50.0;104.0;142.0
2017-08-23 04:00:00;8.3;43.2;70.0;0.0;100.0;40.0;106.0;140.0
2017-08-23 05:00:00;12.4;37.8;80.0;0.0;110.0;40.0;110.0;148.0
2017-08-23 06:00:00;17.2;35.2;80.0;0.0;110.0;40.0;119.0;166.0
2017-08-23 07:00:00;18.1;36.8;80.0;0.0;130.0;50.0;134.0;185.0
2017-08-23 08:00:00;19.7;36.1;70.0;0.0;120.0;50.0;142.0;202.0
2017-08-23 09:00:00;21.7;39.9;70.0;0.0;120.0;50.0;149.0;218.0
2017-08-23 10:00:00;23.8;44.5;60.0;0.0;120.0;40.0;153.0;229.0
2017-08-23 11:00:00;25.9;50.0;70.0;0.0;120.0;50.0;154.0;239.0
2017-08-23 12:00:00;22.8;64.5;80.0;0.0;140.0;50.0;146.0;248.0
2017-08-23 13:00:00;19.2;88.4;100.0;0.0;150.0;60.0;155.0;243.0
2017-08-23 14:00:00;16.4;104.9;90.0;0.0;120.0;50.0;164.0;242.0
2017-08-23 15:00:00;30.5;97.0;60.0;0.0;130.0;40.0;166.0;245.0
2017-08-23 16:00:00;31.5;99.4;60.0;0.0;120.0;40.0;167.0;235.0
2017-08-23 17:00:00;41.0;80.6;50.0;0.0;120.0;30.0;164.0;227.0
2017-08-23 18:00:00;47.3;63.5;90.0;0.0;270.0;50.0;177.0;197.0
2017-08-23 19:00:00;49.5;48.7;80.0;0.0;250.0;50.0;179.0;197.0
2017-08-23 20:00:00;33.2;51.1;70.0;0.0;250.0;40.0;177.0;198.0
2017-08-23 21:00:00;24.0;40.8;80.0;0.0;240.0;50.0;177.0;196.0
2017-08-23 22:00:00;31.0;29.0;80.0;0.0;250.0;50.0;177.0;193.0
2017-08-23 23:00:00;28.9;24.5;70.0;0.0;240.0;50.0;172.0;190.0
2017-08-24 00:00:00;31.4;18.9;60.0;0.0;220.0;50.0;168.0;181.0
2017-08-24 01:00:00;33.6;12.4;60.0;0.0;230.0;40.0;166.0;183.0
2017-08-24 02:00:00;28.7;20.8;50.0;0.0;230.0;30.0;165.0;179.0
2017-08-24 03:00:00;27.6;20.6;40.0;0.0;220.0;30.0;167.0;180.0
2017-08-24 04:00:00;22.1;18.4;30.0;0.0;270.0;30.0;164.0;171.0
2017-08-24 05:00:00;22.4;11.8;40.0;0.0;290.0;20.0;166.0;179.0
2017-08-24 06:00:00;27.7;3.1;30.0;0.0;280.0;20.0;164.0;190.0
2017-08-24 07:00:00;40.2;1.2;70.0;0.0;260.0;30.0;160.0;197.0
2017-08-24 08:00:00;31.4;17.2;90.0;0.0;260.0;50.0;163.0;204.0
2017-08-24 09:00:00;16.6;35.7;90.0;0.0;260.0;60.0;141.0;204.0
2017-08-24 10:00:00;15.8;37.0;90.0;0.0;280.0;60.0;151.0;205.0
2017-08-24 11:00:00;8.6;50.0;100.0;0.0;260.0;70.0;140.0;206.0
2017-08-24 12:00:00;8.1;56.4;100.0;0.0;250.0;70.0;140.0;203.0
2017-08-24 13:00:00;7.3;57.3;100.0;0.0;260.0;70.0;136.0;196.0
2017-08-24 14:00:00;5.7;55.7;100.0;0.0;250.0;70.0;133.0;201.0
2017-08-24 15:00:00;6.2;56.9;100.0;0.0;250.0;70.0;127.0;190.0
2017-08-24 16:00:00;9.4;54.1;90.0;0.0;270.0;60.0;123.0;186.0
2017-08-24 17:00:00;6.7;52.7;80.0;0.0;250.0;60.0;130.0;180.0
2017-08-24 18:00:00;12.1;45.7;70.0;0.0;230.0;50.0;128.0;173.0
2017-08-24 19:00:00;16.1;47.3;60.0;0.0;220.0;40.0;135.0;168.0
2017-08-24 20:00:00;18.5;45.1;50.0;0.0;210.0;30.0;127.0;153.0
2017-08-24 21:00:00;35.7;29.0;40.0;0.0;200.0;30.0;125.0;146.0
2017-08-24 22:00:00;49.6;20.1;40.0;0.0;190.0;30.0;127.0;143.0
2017-08-24 23:00:00;33.9;23.9;40.0;0.0;210.0;20.0;125.0;138.0
2017-08-25 00:00:00;37.8;16.2;40.0;0.0;200.0;30.0;122.0;132.0
2017-08-25 01:00:00;39.2;15.3;40.0;0.0;160.0;20.0;129.0;138.0
2017-08-25 02:00:00;41.3;6.6;30.0;0.0;140.0;20.0;126.0;132.0
2017-08-25 03:00:00;35.3;5.8;30.0;0.0;160.0;20.0;125.0;130.0
2017-08-25 04:00:00;32.5;3.2;20.0;0.0;160.0;10.0;130.0;135.0
2017-08-25 05:00:00;35.8;0.6;40.0;0.0;150.0;10.0;138.0;142.0
2017-08-25 06:00:00;39.9;-1.5;30.0;0.0;180.0;20.0;153.0;165.0
2017-08-25 07:00:00;39.9;4.5;40.0;0.0;210.0;20.0;166.0;193.0
2017-08-25 08:00:00;42.1;4.5;40.0;0.0;180.0;20.0;143.0;200.0
2017-08-25 09:00:00;26.6;35.1;50.0;0.0;170.0;20.0;136.0;198.0
2017-08-25 10:00:00;18.7;46.2;40.0;0.0;170.0;20.0;131.0;217.0
2017-08-25 11:00:00;19.9;47.6;40.0;0.0;180.0;20.0;125.0;215.0
2017-08-25 12:00:00;20.2;52.1;40.0;0.0;150.0;20.0;134.0;219.0
2017-08-25 13:00:00;11.9;64.2;40.0;0.0;120.0;20.0;130.0;221.0
2017-08-25 14:00:00;10.0;67.9;30.0;0.0;100.0;20.0;138.0;220.0
2017-08-25 15:00:00;10.1;68.6;40.0;0.0;130.0;20.0;133.0;215.0
2017-08-25 16:00:00;11.0;66.7;40.0;0.0;80.0;20.0;147.0;204.0
2017-08-25 17:00:00;11.1;71.2;40.0;0.0;90.0;30.0;143.0;196.0
2017-08-25 18:00:00;12.9;68.0;50.0;0.0;70.0;30.0;136.0;173.0
2017-08-25 19:00:00;19.8;59.3;30.0;0.0;70.0;20.0;134.0;166.0
2017-08-25 20:00:00;25.0;47.3;20.0;0.0;60.0;20.0;147.0;170.0
2017-08-25 21:00:00;19.1;53.5;30.0;0.0;50.0;20.0;145.0;157.0
2017-08-25 22:00:00;16.1;47.5;30.0;0.0;50.0;20.0;149.0;159.0
2017-08-25 23:00:00;17.1;33.3;20.0;0.0;60.0;10.0;149.0;156.0
2017-08-26 00:00:00;19.5;29.9;20.0;0.0;60.0;20.0;145.0;157.0
2017-08-26 01:00:00;12.9;36.7;20.0;0.0;70.0;10.0;136.0;160.0
2017-08-26 02:00:00;11.3;33.3;20.0;0.0;60.0;10.0;124.0;137.0
2017-08-26 03:00:00;11.5;26.9;20.0;0.0;60.0;10.0;129.0;131.0
2017-08-26 04:00:00;15.6;12.9;20.0;0.0;30.0;10.0;131.0;136.0
2017-08-26 05:00:00;18.5;6.8;10.0;0.0;0.0;0.0;137.0;146.0
2017-08-26 06:00:00;22.1;3.5;20.0;0.0;100.0;10.0;147.0;181.0
2017-08-26 07:00:00;21.3;13.9;10.0;0.0;0.0;0.0;149.0;203.0
2017-08-26 08:00:00;15.7;31.6;20.0;0.0;0.0;10.0;147.0;212.0
2017-08-26 09:00:00;17.3;43.7;20.0;0.0;190.0;10.0;124.0;231.0
2017-08-26 10:00:00;24.3;46.0;30.0;0.0;190.0;10.0;135.0;231.0
2017-08-26 11:00:00;12.1;71.0;50.0;0.0;310.0;20.0;139.0;231.0
2017-08-26 12:00:00;13.9;77.1;50.0;0.0;300.0;20.0;142.0;230.0
2017-08-26 13:00:00;9.1;84.4;60.0;0.0;250.0;30.0;148.0;233.0
2017-08-26 14:00:00;8.4;91.0;80.0;0.0;270.0;60.0;149.0;228.0
2017-08-26 15:00:00;7.5;89.1;70.0;0.0;280.0;50.0;159.0;210.0
2017-08-26 16:00:00;15.7;97.7;70.0;0.0;300.0;50.0;156.0;198.0
2017-08-26 17:00:00;34.7;82.5;60.0;0.0;320.0;40.0;156.0;193.0
2017-08-26 18:00:00;22.9;78.0;50.0;0.0;340.0;30.0;154.0;188.0
2017-08-26 19:00:00;28.1;56.6;50.0;0.0;330.0;30.0;144.0;175.0
2017-08-26 20:00:00;23.3;58.3;40.0;0.0;300.0;20.0;145.0;169.0
2017-08-26 21:00:00;14.3;62.1;20.0;0.0;290.0;10.0;143.0;163.0
2017-08-26 22:00:00;15.0;47.9;30.0;0.0;320.0;20.0;147.0;158.0
2017-08-26 23:00:00;18.5;46.5;20.0;0.0;320.0;20.0;146.0;155.0
2017-08-27 00:00:00;16.5;42.8;20.0;0.0;320.0;10.0;146.0;150.0
2017-08-27 01:00:00;16.0;37.9;10.0;0.0;310.0;10.0;146.0;147.0
2017-08-27 02:00:00;14.1;37.7;10.0;0.0;310.0;10.0;135.0;136.0
2017-08-27 03:00:00;13.8;39.3;10.0;0.0;310.0;10.0;136.0;137.0
2017-08-27 04:00:00;9.1;35.9;10.0;0.0;0.0;10.0;134.0;134.0
2017-08-27 05:00:00;8.0;30.0;10.0;0.0;0.0;0.0;135.0;138.0
2017-08-27 06:00:00;10.0;15.7;10.0;0.0;70.0;0.0;140.0;170.0
2017-08-27 07:00:00;13.0;38.9;20.0;0.0;70.0;10.0;140.0;201.0
2017-08-27 08:00:00;13.0;57.8;20.0;0.0;70.0;10.0;121.0;214.0
2017-08-27 09:00:00;20.5;54.9;40.0;0.0;210.0;10.0;120.0;220.0
2017-08-27 10:00:00;19.5;59.6;40.0;0.0;220.0;10.0;126.0;232.0
2017-08-27 11:00:00;11.4;67.6;40.0;0.0;290.0;10.0;126.0;234.0
2017-08-27 12:00:00;14.3;70.6;50.0;0.0;260.0;20.0;125.0;239.0
2017-08-27 13:00:00;13.1;76.0;40.0;0.0;330.0;20.0;122.0;232.0
2017-08-27 14:00:00;12.4;78.1;50.0;0.0;350.0;20.0;130.0;239.0
2017-08-27 15:00:00;9.9;79.6;50.0;0.0;320.0;30.0;129.0;231.0
2017-08-27 16:00:00;7.4;80.1;60.0;0.0;310.0;40.0;132.0;218.0
2017-08-27 17:00:00;7.6;83.2;50.0;0.0;340.0;40.0;134.0;201.0
2017-08-27 18:00:00;8.0;78.2;40.0;0.0;350.0;30.0;133.0;182.0
2017-08-27 19:00:00;13.0;71.3;40.0;0.0;360.0;20.0;134.0;175.0
2017-08-27 20:00:00;19.5;62.8;30.0;0.0;340.0;20.0;132.0;167.0
2017-08-27 21:00:00;18.5;46.4;30.0;0.0;20.0;10.0;134.0;162.0
2017-08-27 22:00:00;19.2;44.2;10.0;0.0;20.0;10.0;140.0;154.0
2017-08-27 23:00:00;16.8;45.4;20.0;0.0;350.0;10.0;137.0;154.0
2017-08-28 00:00:00;21.7;32.4;20.0;0.0;350.0;10.0;142.0;152.0
2017-08-28 01:00:00;29.3;34.9;20.0;0.0;10.0;10.0;140.0;146.0
2017-08-28 02:00:00;9.0;48.9;20.0;0.0;20.0;10.0;144.0;148.0
2017-08-28 03:00:00;8.3;40.3;20.0;0.0;30.0;10.0;135.0;137.0
2017-08-28 04:00:00;9.6;36.4;20.0;0.0;20.0;10.0;139.0;142.0
2017-08-28 05:00:00;18.0;31.6;60.0;0.0;30.0;10.0;149.0;156.0
2017-08-28 06:00:00;29.8;17.9;60.0;0.0;20.0;10.0;150.0;184.0
2017-08-28 07:00:00;25.3;30.9;40.0;0.0;60.0;20.0;155.0;199.0
2017-08-28 08:00:00;19.3;36.3;50.0;0.0;70.0;20.0;156.0;215.0
2017-08-28 09:00:00;11.3;56.5;40.0;0.0;70.0;10.0;151.0;234.0
2017-08-28 10:00:00;9.1;68.7;40.0;0.0;70.0;10.0;157.0;240.0
2017-08-28 11:00:00;7.7;75.7;50.0;0.0;240.0;20.0;128.0;245.0
2017-08-28 12:00:00;10.5;80.9;50.0;0.0;160.0;20.0;148.0;250.0
2017-08-28 13:00:00;10.8;86.6;60.0;0.0;230.0;20.0;144.0;253.0
2017-08-28 14:00:00;12.9;91.8;50.0;0.0;210.0;20.0;153.0;250.0
2017-08-28 15:00:00;10.8;97.3;50.0;0.0;290.0;20.0;147.0;244.0
2017-08-28 16:00:00;9.6;98.6;70.0;0.0;300.0;30.0;151.0;229.0
2017-08-28 17:00:00;10.0;103.4;40.0;0.0;310.0;20.0;149.0;213.0
2017-08-28 18:00:00;11.4;103.4;40.0;0.0;340.0;20.0;144.0;206.0
2017-08-28 19:00:00;8.5;82.8;20.0;0.0;90.0;10.0;146.0;173.0
2017-08-28 20:00:00;11.7;75.9;20.0;0.0;100.0;10.0;151.0;170.0
2017-08-28 21:00:00;16.1;56.0;10.0;0.0;100.0;10.0;156.0;169.0
2017-08-28 22:00:00;25.2;38.3;10.0;0.0;0.0;0.0;157.0;166.0
2017-08-28 23:00:00;43.6;15.3;10.0;0.0;130.0;10.0;155.0;164.0
2017-08-29 00:00:00;60.6;3.7;10.0;0.0;150.0;10.0;156.0;159.0
2017-08-29 01:00:00;65.4;8.4;10.0;0.0;140.0;10.0;156.0;159.0
2017-08-29 02:00:00;45.9;17.4;20.0;0.0;150.0;10.0;154.0;157.0
2017-08-29 03:00:00;35.1;30.1;10.0;0.0;170.0;10.0;153.0;154.0
2017-08-29 04:00:00;24.7;43.0;30.0;0.0;160.0;20.0;147.0;159.0
2017-08-29 05:00:00;32.2;38.4;30.0;0.0;170.0;30.0;154.0;169.0
2017-08-29 06:00:00;43.3;39.3;20.0;0.0;150.0;10.0;164.0;197.0
2017-08-29 07:00:00;74.0;30.0;30.0;0.0;180.0;20.0;172.0;219.0
2017-08-29 08:00:00;60.8;48.5;40.0;0.0;230.0;20.0;177.0;239.0
2017-08-29 09:00:00;55.6;59.1;40.0;0.0;180.0;30.0;180.0;249.0
2017-08-29 10:00:00;63.1;67.4;70.0;0.0;230.0;30.0;176.0;261.0
2017-08-29 11:00:00;54.7;80.8;80.0;0.0;230.0;50.0;180.0;263.0
2017-08-29 12:00:00;34.9;99.8;70.0;0.0;260.0;40.0;184.0;263.0
2017-08-29 13:00:00;26.1;111.9;80.0;0.0;280.0;50.0;176.0;259.0
2017-08-29 14:00:00;24.7;115.4;70.0;0.0;280.0;40.0;173.0;254.0
2017-08-29 15:00:00;12.7;121.6;60.0;0.0;300.0;40.0;166.0;245.0
2017-08-29 16:00:00;14.5;111.5;50.0;0.0;320.0;20.0;173.0;243.0
2017-08-29 17:00:00;26.4;91.7;40.0;0.0;30.0;20.0;161.0;225.0
2017-08-29 18:00:00;22.9;86.6;60.0;0.0;30.0;20.0;159.0;212.0
2017-08-29 19:00:00;16.7;76.4;70.0;0.0;30.0;40.0;168.0;202.0
2017-08-29 20:00:00;16.4;51.0;70.0;0.0;30.0;40.0;168.0;192.0
2017-08-29 21:00:00;10.8;55.4;70.0;0.0;60.0;40.0;172.0;191.0
2017-08-29 22:00:00;7.5;53.9;50.0;0.0;360.0;30.0;173.0;192.0
2017-08-29 23:00:00;5.1;56.8;70.0;0.0;30.0;40.0;169.0;188.0
2017-08-30 00:00:00;4.6;50.0;70.0;5.0;30.0;40.0;170.0;185.0
2017-08-30 01:00:00;3.4;44.5;80.0;10.0;70.0;40.0;172.0;180.0
2017-08-30 02:00:00;2.5;45.7;80.0;9.0;30.0;60.0;174.0;183.0
2017-08-30 03:00:00;5.2;50.5;80.0;7.0;30.0;30.0;173.0;179.0
2017-08-30 04:00:00;4.3;49.6;60.0;10.0;80.0;40.0;177.0;180.0
2017-08-30 05:00:00;7.9;43.4;60.0;10.0;100.0;30.0;179.0;182.0
2017-08-30 06:00:00;10.1;43.8;60.0;10.0;110.0;30.0;176.0;180.0
2017-08-30 07:00:00;18.9;32.6;60.0;10.0;100.0;40.0;176.0;181.0
2017-08-30 08:00:00;21.2;29.8;60.0;6.0;100.0;40.0;181.0;185.0
2017-08-30 09:00:00;20.1;25.0;40.0;0.0;110.0;20.0;179.0;196.0
2017-08-30 10:00:00;20.3;28.0;30.0;0.0;340.0;10.0;178.0;196.0
2017-08-30 11:00:00;33.0;21.5;80.0;6.0;360.0;30.0;169.0;174.0
2017-08-30 12:00:00;31.6;17.7;80.0;8.0;10.0;40.0;167.0;171.0
2017-08-30 13:00:00;13.0;36.3;100.0;0.0;360.0;40.0;162.0;170.0
2017-08-30 14:00:00;16.2;33.8;70.0;9.0;350.0;40.0;164.0;169.0
2017-08-30 15:00:00;16.5;34.6;90.0;10.0;360.0;50.0;161.0;168.0
2017-08-30 16:00:00;18.3;33.3;110.0;10.0;340.0;60.0;147.0;156.0
2017-08-30 17:00:00;10.8;42.3;130.0;8.0;320.0;80.0;141.0;152.0
2017-08-30 18:00:00;7.2;50.6;110.0;7.0;340.0;70.0;133.0;144.0
2017-08-30 19:00:00;5.2;58.7;120.0;6.0;340.0;70.0;129.0;142.0
2017-08-30 20:00:00;5.8;58.4;110.0;0.0;360.0;60.0;120.0;142.0
2017-08-30 21:00:00;4.5;59.9;80.0;8.0;350.0;40.0;121.0;137.0
2017-08-30 22:00:00;3.4;65.2;50.0;0.0;350.0;30.0;125.0;138.0
2017-08-30 23:00:00;4.9;58.3;60.0;10.0;340.0;30.0;126.0;135.0
2017-08-31 00:00:00;3.6;63.2;50.0;10.0;330.0;30.0;129.0;133.0
2017-08-31 01:00:00;3.1;66.7;50.0;10.0;310.0;30.0;130.0;136.0
2017-08-31 02:00:00;3.8;62.6;70.0;10.0;330.0;40.0;127.0;135.0
2017-08-31 03:00:00;2.7;65.1;60.0;7.0;340.0;40.0;121.0;133.0
2017-08-31 04:00:00;3.4;63.9;70.0;0.0;310.0;30.0;122.0;133.0
2017-08-31 05:00:00;8.6;58.1;40.0;0.0;320.0;30.0;122.0;137.0
2017-08-31 06:00:00;16.1;52.3;50.0;0.0;290.0;30.0;117.0;138.0
2017-08-31 07:00:00;18.2;49.9;60.0;0.0;280.0;30.0;121.0;146.0
2017-08-31 08:00:00;18.3;42.3;80.0;5.0;290.0;30.0;120.0;153.0
2017-08-31 09:00:00;16.8;41.6;80.0;0.0;270.0;40.0;121.0;163.0
2017-08-31 10:00:00;14.8;41.5;70.0;0.0;290.0;40.0;125.0;181.0
2017-08-31 11:00:00;20.5;37.6;110.0;0.0;270.0;60.0;107.0;188.0
2017-08-31 12:00:00;17.9;44.4;90.0;0.0;260.0;60.0;111.0;191.0
2017-08-31 13:00:00;10.9;57.0;100.0;0.0;280.0;60.0;104.0;190.0
2017-08-31 14:00:00;11.7;59.8;90.0;0.0;270.0;60.0;107.0;184.0
2017-08-31 15:00:00;7.6;65.7;90.0;0.0;270.0;60.0;100.0;180.0
2017-08-31 16:00:00;9.6;65.8;70.0;0.0;280.0;50.0;97.0;170.0
2017-08-31 17:00:00;8.2;62.5;60.0;0.0;280.0;30.0;100.0;152.0
2017-08-31 18:00:00;8.3;56.0;50.0;0.0;270.0;20.0;96.0;137.0
2017-08-31 19:00:00;9.7;46.7;30.0;0.0;210.0;20.0;94.0;132.0
2017-08-31 20:00:00;15.8;37.0;30.0;0.0;210.0;20.0;101.0;120.0
2017-08-31 21:00:00;22.6;21.5;10.0;0.0;80.0;10.0;107.0;117.0
2017-08-31 22:00:00;35.2;3.8;20.0;0.0;120.0;10.0;94.0;102.0
2017-08-31 23:00:00;43.2;3.8;20.0;0.0;140.0;10.0;99.0;104.0
2017-09-01 00:00:00;44.3;3.8;20.0;0.0;80.0;10.0;100.0;106.0
2017-09-01 01:00:00;42.0;3.8;10.0;0.0;90.0;10.0;97.0;102.0
2017-09-01 02:00:00;38.6;3.8;10.0;0.0;90.0;10.0;88.0;91.0
2017-09-01 03:00:00;35.6;3.8;20.0;0.0;0.0;10.0;98.0;104.0
2017-09-01 04:00:00;29.0;3.8;20.0;0.0;80.0;10.0;92.0;98.0
2017-09-01 05:00:00;30.6;3.8;20.0;0.0;170.0;10.0;110.0;119.0
2017-09-01 06:00:00;31.0;3.8;20.0;0.0;150.0;10.0;116.0;146.0
2017-09-01 07:00:00;46.5;-0.5;20.0;0.0;100.0;10.0;112.0;172.0
2017-09-01 08:00:00;49.0;20.3;40.0;0.0;120.0;20.0;109.0;179.0
2017-09-01 09:00:00;20.2;49.3;40.0;0.0;110.0;20.0;107.0;182.0
2017-09-01 10:00:00;8.7;58.4;50.0;0.0;60.0;20.0;106.0;180.0
2017-09-01 11:00:00;10.2;55.4;50.0;0.0;30.0;20.0;102.0;177.0
2017-09-01 12:00:00;7.6;60.6;70.0;0.0;320.0;30.0;109.0;168.0
2017-09-01 13:00:00;4.7;68.3;60.0;0.0;280.0;30.0;120.0;162.0
2017-09-01 14:00:00;5.0;68.6;40.0;0.0;190.0;20.0;119.0;164.0
2017-09-01 15:00:00;6.6;65.0;40.0;0.0;300.0;20.0;118.0;174.0
2017-09-01 16:00:00;6.6;65.8;40.0;0.0;30.0;20.0;70.0;177.0
2017-09-01 17:00:00;5.6;67.1;50.0;0.0;40.0;30.0;94.0;162.0
2017-09-01 18:00:00;9.1;61.8;60.0;0.0;20.0;30.0;85.0;155.0
2017-09-01 19:00:00;6.9;60.6;100.0;0.0;30.0;30.0;104.0;157.0
2017-09-01 20:00:00;13.4;48.5;80.0;0.0;30.0;30.0;108.0;151.0
2017-09-01 21:00:00;17.7;41.0;40.0;0.0;20.0;20.0;106.0;138.0
2017-09-01 22:00:00;15.4;39.7;40.0;0.0;20.0;20.0;104.0;139.0
2017-09-01 23:00:00;15.9;35.6;20.0;0.0;0.0;10.0;102.0;124.0
2017-09-02 00:00:00;15.0;25.0;10.0;0.0;350.0;0.0;103.0;112.0
2017-09-02 01:00:00;17.1;16.7;20.0;0.0;360.0;10.0;97.0;104.0
2017-09-02 02:00:00;20.0;11.3;20.0;0.0;320.0;10.0;98.0;102.0
2017-09-02 03:00:00;18.7;15.7;20.0;0.0;300.0;10.0;97.0;101.0
2017-09-02 04:00:00;10.3;20.9;20.0;0.0;310.0;20.0;97.0;101.0
2017-09-02 05:00:00;8.5;21.3;40.0;0.0;280.0;10.0;105.0;116.0
2017-09-02 06:00:00;15.8;10.9;20.0;0.0;30.0;10.0;105.0;142.0
2017-09-02 07:00:00;19.5;33.1;70.0;0.0;360.0;20.0;108.0;164.0
2017-09-02 08:00:00;9.4;58.5;50.0;0.0;330.0;20.0;101.0;174.0
2017-09-02 09:00:00;4.9;70.0;70.0;0.0;320.0;30.0;106.0;178.0
2017-09-02 10:00:00;4.4;70.8;70.0;0.0;340.0;30.0;105.0;179.0
2017-09-02 11:00:00;6.1;59.2;80.0;0.0;320.0;40.0;110.0;188.0
2017-09-02 12:00:00;3.3;64.3;80.0;0.0;360.0;40.0;101.0;178.0
2017-09-02 13:00:00;2.9;64.3;70.0;0.0;320.0;40.0;96.0;184.0
2017-09-02 14:00:00;3.2;60.0;70.0;0.0;360.0;40.0;114.0;190.0
2017-09-02 15:00:00;3.0;61.3;90.0;0.0;310.0;60.0;100.0;178.0
2017-09-02 16:00:00;3.7;55.6;70.0;0.0;340.0;40.0;89.0;169.0
2017-09-02 17:00:00;4.3;66.8;60.0;0.0;330.0;40.0;94.0;155.0
2017-09-02 18:00:00;5.4;63.3;50.0;0.0;350.0;30.0;93.0;140.0
2017-09-02 19:00:00;12.9;55.7;30.0;0.0;330.0;10.0;94.0;132.0
2017-09-02 20:00:00;17.7;37.7;20.0;0.0;330.0;10.0;97.0;128.0
2017-09-02 21:00:00;14.6;34.5;20.0;0.0;320.0;10.0;98.0;116.0
2017-09-02 22:00:00;26.7;19.1;20.0;0.0;0.0;10.0;97.0;108.0
2017-09-02 23:00:00;34.1;11.7;10.0;0.0;0.0;0.0;100.0;108.0
2017-09-03 00:00:00;38.0;4.3;10.0;0.0;0.0;0.0;101.0;104.0
2017-09-03 01:00:00;33.5;7.4;10.0;0.0;0.0;0.0;97.0;102.0
2017-09-03 02:00:00;26.4;9.0;10.0;0.0;120.0;10.0;91.0;96.0
2017-09-03 03:00:00;20.4;12.0;20.0;0.0;0.0;10.0;88.0;93.0
2017-09-03 04:00:00;20.4;6.7;20.0;0.0;340.0;10.0;88.0;91.0
2017-09-03 05:00:00;19.7;7.2;10.0;0.0;100.0;10.0;97.0;102.0
2017-09-03 06:00:00;16.4;11.0;20.0;0.0;150.0;10.0;100.0;133.0
2017-09-03 07:00:00;25.8;13.8;30.0;0.0;130.0;20.0;105.0;157.0
2017-09-03 08:00:00;22.2;39.0;40.0;0.0;140.0;20.0;110.0;167.0
2017-09-03 09:00:00;9.8;55.8;40.0;0.0;170.0;30.0;110.0;176.0
2017-09-03 10:00:00;7.2;59.1;70.0;0.0;180.0;30.0;110.0;184.0
2017-09-03 11:00:00;9.2;60.8;70.0;0.0;190.0;30.0;105.0;187.0
2017-09-03 12:00:00;6.9;68.8;70.0;0.0;180.0;40.0;109.0;198.0
2017-09-03 13:00:00;6.6;73.7;70.0;0.0;170.0;40.0;107.0;197.0
2017-09-03 14:00:00;5.6;85.3;80.0;0.0;190.0;40.0;107.0;196.0
2017-09-03 15:00:00;7.2;92.5;60.0;0.0;170.0;40.0;111.0;195.0
2017-09-03 16:00:00;7.3;96.5;60.0;0.0;190.0;30.0;110.0;181.0
2017-09-03 17:00:00;6.9;96.3;40.0;0.0;160.0;20.0;105.0;165.0
2017-09-03 18:00:00;9.5;90.5;20.0;0.0;110.0;20.0;111.0;153.0
2017-09-03 19:00:00;17.1;57.0;30.0;0.0;110.0;20.0;111.0;137.0
2017-09-03 20:00:00;27.8;38.6;30.0;0.0;100.0;20.0;110.0;125.0
2017-09-03 21:00:00;28.6;38.1;20.0;0.0;0.0;0.0;115.0;124.0
2017-09-03 22:00:00;23.7;38.8;20.0;0.0;90.0;10.0;112.0;123.0
2017-09-03 23:00:00;38.0;28.1;20.0;0.0;100.0;20.0;104.0;114.0
2017-09-04 00:00:00;28.5;29.7;30.0;0.0;100.0;10.0;100.0;113.0
2017-09-04 01:00:00;26.0;35.5;20.0;0.0;60.0;10.0;104.0;121.0
2017-09-04 02:00:00;20.8;40.1;40.0;0.0;120.0;30.0;105.0;129.0
2017-09-04 03:00:00;19.5;40.2;50.0;0.0;140.0;30.0;103.0;129.0
2017-09-04 04:00:00;20.2;38.2;50.0;0.0;130.0;30.0;104.0;128.0
2017-09-04 05:00:00;33.1;22.3;30.0;0.0;110.0;20.0;107.0;130.0
2017-09-04 06:00:00;54.2;4.0;40.0;0.0;140.0;20.0;115.0;152.0
2017-09-04 07:00:00;55.5;4.2;50.0;0.0;130.0;30.0;126.0;170.0
2017-09-04 08:00:00;49.0;18.1;50.0;0.0;140.0;40.0;128.0;193.0
2017-09-04 09:00:00;40.0;28.7;70.0;0.0;160.0;40.0;121.0;196.0
2017-09-04 10:00:00;27.8;50.8;80.0;0.0;170.0;50.0;122.0;194.0
2017-09-04 11:00:00;22.4;63.0;70.0;0.0;180.0;50.0;120.0;205.0
2017-09-04 12:00:00;14.0;73.0;70.0;0.0;190.0;40.0;114.0;204.0
2017-09-04 13:00:00;11.6;74.5;80.0;0.0;180.0;50.0;119.0;206.0
2017-09-04 14:00:00;13.8;75.0;70.0;0.0;170.0;50.0;120.0;198.0
2017-09-04 15:00:00;10.5;81.3;70.0;0.0;150.0;50.0;125.0;197.0
2017-09-04 16:00:00;15.3;76.2;70.0;0.0;160.0;40.0;131.0;195.0
2017-09-04 17:00:00;30.1;59.7;70.0;0.0;210.0;40.0;139.0;188.0
2017-09-04 18:00:00;23.6;61.8;70.0;0.0;200.0;40.0;142.0;177.0
2017-09-04 19:00:00;28.5;48.6;50.0;0.0;190.0;40.0;144.0;176.0
2017-09-04 20:00:00;25.3;47.1;50.0;0.0;180.0;30.0;145.0;173.0
2017-09-04 21:00:00;27.2;35.0;60.0;0.0;170.0;40.0;150.0;170.0
2017-09-04 22:00:00;26.2;30.1;50.0;0.0;170.0;40.0;154.0;168.0
2017-09-04 23:00:00;20.1;28.2;50.0;0.0;160.0;40.0;155.0;167.0
2017-09-05 00:00:00;14.9;28.1;60.0;0.0;160.0;40.0;156.0;166.0
2017-09-05 01:00:00;15.2;23.7;60.0;0.0;160.0;40.0;158.0;169.0
2017-09-05 02:00:00;15.6;18.8;60.0;0.0;160.0;40.0;160.0;169.0
2017-09-05 03:00:00;17.5;12.9;50.0;0.0;160.0;40.0;161.0;170.0
2017-09-05 04:00:00;18.4;8.5;60.0;0.0;180.0;40.0;163.0;173.0
2017-09-05 05:00:00;20.0;4.6;60.0;0.0;180.0;40.0;164.0;173.0
2017-09-05 06:00:00;30.0;-0.7;70.0;0.0;190.0;40.0;165.0;180.0
2017-09-05 07:00:00;29.3;3.0;70.0;0.0;200.0;50.0;162.0;190.0
2017-09-05 08:00:00;24.1;11.5;90.0;0.0;200.0;60.0;160.0;196.0
2017-09-05 09:00:00;20.2;20.0;100.0;0.0;210.0;70.0;162.0;198.0
2017-09-05 10:00:00;19.8;25.7;100.0;0.0;230.0;60.0;166.0;210.0
2017-09-05 11:00:00;14.8;33.5;90.0;0.0;240.0;60.0;159.0;201.0
2017-09-05 12:00:00;16.1;35.4;90.0;0.0;220.0;60.0;163.0;203.0
2017-09-05 13:00:00;21.7;32.8;80.0;0.0;220.0;50.0;166.0;203.0
2017-09-05 14:00:00;23.4;29.3;80.0;0.0;220.0;50.0;169.0;214.0
2017-09-05 15:00:00;24.3;32.3;80.0;0.0;250.0;50.0;163.0;204.0
2017-09-05 16:00:00;24.9;35.9;110.0;2.0;240.0;60.0;168.0;190.0
2017-09-05 17:00:00;23.1;41.7;90.0;0.0;230.0;50.0;162.0;187.0
2017-09-05 18:00:00;21.5;34.1;90.0;0.0;230.0;50.0;160.0;185.0
2017-09-05 19:00:00;20.2;32.0;80.0;0.0;230.0;50.0;156.0;187.0
2017-09-05 20:00:00;24.5;25.8;80.0;0.0;220.0;50.0;155.0;181.0
2017-09-05 21:00:00;23.2;26.5;60.0;0.0;200.0;40.0;157.0;174.0
2017-09-05 22:00:00;17.8;26.2;60.0;0.0;210.0;40.0;153.0;173.0
2017-09-05 23:00:00;18.0;23.8;60.0;0.0;190.0;30.0;157.0;173.0
2017-09-06 00:00:00;15.0;23.6;80.0;0.0;190.0;40.0;159.0;171.0
2017-09-06 01:00:00;18.2;17.9;70.0;0.0;190.0;40.0;163.0;171.0
2017-09-06 02:00:00;13.3;25.3;70.0;0.0;210.0;50.0;165.0;172.0
2017-09-06 03:00:00;16.8;14.9;120.0;4.0;290.0;50.0;160.0;172.0
2017-09-06 04:00:00;17.0;17.7;140.0;0.0;290.0;90.0;145.0;159.0
2017-09-06 05:00:00;20.2;38.6;140.0;0.0;290.0;90.0;132.0;151.0
2017-09-06 06:00:00;15.7;44.8;140.0;0.0;290.0;80.0;122.0;165.0
2017-09-06 07:00:00;26.7;34.8;130.0;2.0;280.0;80.0;120.0;154.0
2017-09-06 08:00:00;21.7;40.5;140.0;0.0;270.0;90.0;121.0;164.0
2017-09-06 09:00:00;23.4;40.0;150.0;0.0;280.0;100.0;118.0;169.0
2017-09-06 10:00:00;17.6;40.8;140.0;0.0;280.0;100.0;116.0;171.0
2017-09-06 11:00:00;14.8;51.5;140.0;0.0;290.0;90.0;116.0;172.0
2017-09-06 12:00:00;14.1;56.3;150.0;4.0;290.0;90.0;114.0;150.0
2017-09-06 13:00:00;13.8;58.6;120.0;3.0;290.0;70.0;111.0;162.0
2017-09-06 14:00:00;17.7;56.0;120.0;0.0;280.0;80.0;105.0;163.0
2017-09-06 15:00:00;15.0;54.1;120.0;0.0;290.0;80.0;110.0;155.0
2017-09-06 16:00:00;17.8;50.4;110.0;0.0;260.0;60.0;110.0;156.0
2017-09-06 17:00:00;14.8;54.0;110.0;0.0;290.0;60.0;101.0;156.0
2017-09-06 18:00:00;18.8;46.0;110.0;0.0;280.0;60.0;97.0;152.0
2017-09-06 19:00:00;19.7;41.1;70.0;0.0;290.0;40.0;108.0;155.0
2017-09-06 20:00:00;36.0;26.6;70.0;0.0;290.0;40.0;102.0;150.0
2017-09-06 21:00:00;20.8;42.0;40.0;0.0;270.0;30.0;114.0;153.0
2017-09-06 22:00:00;25.2;34.6;80.0;0.0;300.0;50.0;109.0;150.0
2017-09-06 23:00:00;17.0;43.1;80.0;4.0;310.0;40.0;120.0;141.0
2017-09-07 00:00:00;20.1;36.1;40.0;0.0;260.0;30.0;122.0;143.0
2017-09-07 01:00:00;16.8;35.6;50.0;0.0;260.0;30.0;121.0;147.0
2017-09-07 02:00:00;22.5;28.0;50.0;0.0;260.0;30.0;117.0;150.0
2017-09-07 03:00:00;22.9;29.2;50.0;0.0;260.0;40.0;108.0;142.0
2017-09-07 04:00:00;17.1;34.7;50.0;0.0;260.0;30.0;112.0;146.0
2017-09-07 05:00:00;19.9;31.7;60.0;0.0;270.0;40.0;113.0;153.0
2017-09-07 06:00:00;27.9;22.0;60.0;0.0;270.0;40.0;112.0;163.0
2017-09-07 07:00:00;26.9;22.2;70.0;0.0;260.0;50.0;113.0;168.0
2017-09-07 08:00:00;16.8;38.8;90.0;0.0;260.0;60.0;115.0;169.0
2017-09-07 09:00:00;10.1;47.7;90.0;0.0;260.0;60.0;106.0;172.0
2017-09-07 10:00:00;10.6;49.0;100.0;0.0;270.0;70.0;109.0;181.0
2017-09-07 11:00:00;11.6;51.7;100.0;0.0;260.0;70.0;107.0;180.0
2017-09-07 12:00:00;9.8;60.2;90.0;0.0;260.0;60.0;107.0;181.0
2017-09-07 13:00:00;10.4;66.8;100.0;0.0;240.0;60.0;109.0;173.0
2017-09-07 14:00:00;11.4;64.8;100.0;0.0;210.0;60.0;116.0;178.0
2017-09-07 15:00:00;21.5;56.0;110.0;0.0;240.0;70.0;110.0;171.0
2017-09-07 16:00:00;29.0;49.7;100.0;0.0;240.0;60.0;110.0;163.0
2017-09-07 17:00:00;26.1;58.8;70.0;0.0;210.0;40.0;113.0;162.0
2017-09-07 18:00:00;24.6;52.5;60.0;0.0;190.0;40.0;122.0;159.0
2017-09-07 19:00:00;24.3;48.6;70.0;0.0;190.0;50.0;126.0;160.0
2017-09-07 20:00:00;24.4;37.7;120.0;0.0;200.0;70.0;129.0;157.0
2017-09-07 21:00:00;19.7;35.8;110.0;6.0;200.0;70.0;132.0;155.0
2017-09-07 22:00:00;18.8;34.2;110.0;10.0;210.0;70.0;137.0;153.0
2017-09-07 23:00:00;16.1;32.1;110.0;6.0;210.0;70.0;139.0;152.0
2017-09-08 00:00:00;14.3;32.8;120.0;10.0;200.0;80.0;140.0;150.0
2017-09-08 01:00:00;14.0;32.2;100.0;10.0;190.0;70.0;141.0;149.0
2017-09-08 02:00:00;11.4;36.0;120.0;10.0;190.0;80.0;143.0;148.0
2017-09-08 03:00:00;8.0;38.7;130.0;10.0;200.0;90.0;144.0;149.0
2017-09-08 04:00:00;7.8;38.8;130.0;8.0;210.0;90.0;143.0;152.0
2017-09-08 05:00:00;11.8;32.8;140.0;8.0;220.0;80.0;146.0;149.0
2017-09-08 06:00:00;16.7;28.6;130.0;10.0;230.0;90.0;141.0;147.0
2017-09-08 07:00:00;21.8;24.9;120.0;8.0;210.0;70.0;147.0;154.0
2017-09-08 08:00:00;33.7;25.5;120.0;0.0;250.0;70.0;148.0;160.0
2017-09-08 09:00:00;36.5;14.4;90.0;7.0;230.0;60.0;153.0;161.0
2017-09-08 10:00:00;43.3;14.6;110.0;8.0;220.0;60.0;145.0;159.0
2017-09-08 11:00:00;43.8;11.6;100.0;7.0;230.0;60.0;153.0;164.0
2017-09-08 12:00:00;42.8;17.6;110.0;1.0;200.0;70.0;151.0;163.0
2017-09-08 13:00:00;29.4;31.5;110.0;4.0;200.0;70.0;150.0;161.0
2017-09-08 14:00:00;28.1;27.4;100.0;5.0;200.0;70.0;149.0;164.0
2017-09-08 15:00:00;28.6;24.7;140.0;4.0;220.0;80.0;148.0;155.0
2017-09-08 16:00:00;25.5;31.1;110.0;9.0;210.0;70.0;144.0;152.0
2017-09-08 17:00:00;22.2;39.1;120.0;10.0;270.0;70.0;126.0;137.0
2017-09-08 18:00:00;20.7;48.2;70.0;10.0;220.0;30.0;124.0;134.0
2017-09-08 19:00:00;19.2;49.0;40.0;4.0;150.0;30.0;122.0;128.0
2017-09-08 20:00:00;25.5;42.8;50.0;3.0;150.0;30.0;122.0;128.0
2017-09-08 21:00:00;25.3;43.5;40.0;8.0;150.0;20.0;125.0;130.0
2017-09-08 22:00:00;19.2;48.7;50.0;7.0;160.0;30.0;133.0;138.0
2017-09-08 23:00:00;19.1;45.0;60.0;0.0;200.0;40.0;133.0;141.0
2017-09-09 00:00:00;15.8;40.4;70.0;0.0;210.0;50.0;131.0;140.0
2017-09-09 01:00:00;13.9;41.9;70.0;4.0;220.0;50.0;129.0;137.0
2017-09-09 02:00:00;12.8;41.3;60.0;10.0;210.0;50.0;125.0;134.0
2017-09-09 03:00:00;15.2;38.8;70.0;10.0;220.0;50.0;126.0;131.0
2017-09-09 04:00:00;11.9;42.0;60.0;10.0;210.0;40.0;126.0;131.0
2017-09-09 05:00:00;12.4;42.8;60.0;10.0;220.0;30.0;124.0;132.0
2017-09-09 06:00:00;23.1;29.6;50.0;8.0;210.0;30.0;119.0;131.0
2017-09-09 07:00:00;37.3;21.0;70.0;10.0;220.0;40.0;121.0;132.0
2017-09-09 08:00:00;44.9;18.9;70.0;3.0;210.0;40.0;119.0;143.0
2017-09-09 09:00:00;35.1;26.7;80.0;0.0;200.0;50.0;131.0;162.0
2017-09-09 10:00:00;22.8;34.7;70.0;2.0;200.0;40.0;139.0;165.0
2017-09-09 11:00:00;21.7;34.6;90.0;0.0;280.0;60.0;118.0;168.0
2017-09-09 12:00:00;19.9;38.3;100.0;0.0;260.0;70.0;116.0;181.0
2017-09-09 13:00:00;6.0;54.1;110.0;0.0;280.0;70.0;111.0;179.0
2017-09-09 14:00:00;5.5;59.5;90.0;0.0;270.0;70.0;110.0;173.0
2017-09-09 15:00:00;5.2;62.1;80.0;0.0;280.0;60.0;106.0;164.0
2017-09-09 16:00:00;6.8;61.9;70.0;0.0;270.0;50.0;106.0;155.0
2017-09-09 17:00:00;9.2;61.0;50.0;0.0;250.0;40.0;99.0;145.0
2017-09-09 18:00:00;8.2;59.4;50.0;0.0;210.0;40.0;90.0;122.0
2017-09-09 19:00:00;18.1;49.8;50.0;0.0;200.0;40.0;95.0;118.0
2017-09-09 20:00:00;29.5;37.0;50.0;0.0;160.0;30.0;90.0;106.0
2017-09-09 21:00:00;29.1;33.4;30.0;0.0;160.0;20.0;93.0;105.0
2017-09-09 22:00:00;31.0;27.4;40.0;0.0;180.0;20.0;95.0;109.0
2017-09-09 23:00:00;31.0;26.1;50.0;0.0;180.0;30.0;98.0;109.0
2017-09-10 00:00:00;22.7;27.9;50.0;0.0;180.0;30.0;101.0;107.0
2017-09-10 01:00:00;23.3;16.9;50.0;0.0;180.0;30.0;101.0;109.0
2017-09-10 02:00:00;27.0;8.7;50.0;0.0;180.0;40.0;100.0;108.0
2017-09-10 03:00:00;27.4;7.1;50.0;0.0;190.0;40.0;94.0;100.0
2017-09-10 04:00:00;26.7;7.3;50.0;0.0;190.0;40.0;98.0;103.0
2017-09-10 05:00:00;25.7;6.0;50.0;0.0;180.0;40.0;104.0;111.0
2017-09-10 06:00:00;23.7;7.3;60.0;0.0;190.0;40.0;117.0;128.0
2017-09-10 07:00:00;20.7;10.8;80.0;0.0;200.0;50.0;126.0;141.0
2017-09-10 08:00:00;17.6;17.3;90.0;0.0;190.0;60.0;128.0;156.0
2017-09-10 09:00:00;14.9;21.7;90.0;0.0;200.0;70.0;129.0;163.0
2017-09-10 10:00:00;12.5;25.9;110.0;0.0;200.0;70.0;122.0;169.0
2017-09-10 11:00:00;13.7;26.2;140.0;0.0;210.0;90.0;117.0;170.0
2017-09-10 12:00:00;11.3;40.3;130.0;0.0;210.0;90.0;116.0;169.0
2017-09-10 13:00:00;11.3;43.0;130.0;0.0;210.0;90.0;108.0;179.0
2017-09-10 14:00:00;10.3;48.1;120.0;0.0;190.0;80.0;113.0;163.0
2017-09-10 15:00:00;9.2;47.3;110.0;0.0;180.0;70.0;117.0;166.0
2017-09-10 16:00:00;8.8;47.1;120.0;1.0;170.0;80.0;123.0;156.0
2017-09-10 17:00:00;10.4;44.4;120.0;0.0;170.0;80.0;121.0;156.0
2017-09-10 18:00:00;9.4;43.9;130.0;0.0;180.0;80.0;121.0;155.0
2017-09-10 19:00:00;9.0;43.8;150.0;0.0;180.0;100.0;128.0;148.0
2017-09-10 20:00:00;8.0;42.7;130.0;2.0;180.0;90.0;123.0;150.0
2017-09-10 21:00:00;8.3;40.5;170.0;4.0;180.0;100.0;126.0;151.0
2017-09-10 22:00:00;7.2;42.0;160.0;0.0;190.0;110.0;128.0;150.0
2017-09-10 23:00:00;6.5;39.9;170.0;8.0;200.0;110.0;132.0;143.0
2017-09-11 00:00:00;7.2;37.2;150.0;0.0;210.0;100.0;124.0;142.0
2017-09-11 01:00:00;5.9;40.3;140.0;0.0;210.0;90.0;122.0;144.0
2017-09-11 02:00:00;6.2;39.8;130.0;0.0;210.0;90.0;123.0;139.0
2017-09-11 03:00:00;7.8;37.8;120.0;8.0;210.0;80.0;117.0;134.0
2017-09-11 04:00:00;12.7;32.0;110.0;1.0;200.0;80.0;115.0;133.0
2017-09-11 05:00:00;13.0;31.8;110.0;0.0;200.0;80.0;113.0;135.0
2017-09-11 06:00:00;21.8;28.8;130.0;2.0;200.0;80.0;112.0;135.0
2017-09-11 07:00:00;23.1;29.8;140.0;0.0;200.0;90.0;111.0;142.0
2017-09-11 08:00:00;16.3;37.3;140.0;0.0;210.0;90.0;111.0;149.0
2017-09-11 09:00:00;14.3;41.1;160.0;0.0;200.0;110.0;109.0;156.0
2017-09-11 10:00:00;13.0;47.4;180.0;0.0;210.0;120.0;103.0;162.0
2017-09-11 11:00:00;11.1;49.4;170.0;6.0;200.0;120.0;124.0;147.0
2017-09-11 12:00:00;12.3;50.6;170.0;6.0;200.0;110.0;125.0;141.0
2017-09-11 13:00:00;10.7;51.2;150.0;7.0;190.0;100.0;123.0;139.0
2017-09-11 14:00:00;12.0;47.9;170.0;5.0;200.0;110.0;132.0;149.0
2017-09-11 15:00:00;11.8;48.7;150.0;4.0;200.0;90.0;131.0;152.0
2017-09-11 16:00:00;12.5;45.8;130.0;2.0;200.0;90.0;130.0;147.0
2017-09-11 17:00:00;15.2;43.2;170.0;5.0;200.0;90.0;129.0;142.0
2017-09-11 18:00:00;16.4;41.8;170.0;4.0;200.0;80.0;113.0;134.0
2017-09-11 19:00:00;13.4;50.5;120.0;3.0;200.0;80.0;107.0;123.0
2017-09-11 20:00:00;13.9;50.4;110.0;3.0;190.0;80.0;120.0;129.0
2017-09-11 21:00:00;11.7;51.8;130.0;8.0;210.0;80.0;115.0;124.0
2017-09-11 22:00:00;12.7;44.2;120.0;8.0;200.0;70.0;122.0;130.0
2017-09-11 23:00:00;11.3;47.2;80.0;1.0;250.0;50.0;119.0;144.0
2017-09-12 00:00:00;14.2;39.7;80.0;0.0;250.0;60.0;114.0;142.0
2017-09-12 01:00:00;38.7;15.0;80.0;0.0;240.0;50.0;115.0;142.0
2017-09-12 02:00:00;24.6;31.0;80.0;0.0;260.0;50.0;112.0;143.0
2017-09-12 03:00:00;18.8;34.6;90.0;0.0;260.0;60.0;104.0;139.0
2017-09-12 04:00:00;7.9;39.2;80.0;0.0;260.0;60.0;101.0;136.0
2017-09-12 05:00:00;14.6;33.4;80.0;0.0;260.0;60.0;101.0;141.0
2017-09-12 06:00:00;27.9;23.3;100.0;0.0;260.0;60.0;102.0;151.0
2017-09-12 07:00:00;24.0;26.6;110.0;0.0;260.0;70.0;106.0;158.0
2017-09-12 08:00:00;14.4;33.7;130.0;0.0;250.0;90.0;111.0;165.0
2017-09-12 09:00:00;10.1;39.5;140.0;0.0;260.0;100.0;107.0;164.0
2017-09-12 10:00:00;7.0;42.8;140.0;0.0;260.0;100.0;105.0;171.0
2017-09-12 11:00:00;6.9;47.0;140.0;0.0;260.0;100.0;111.0;156.0
2017-09-12 12:00:00;6.2;53.0;140.0;0.0;250.0;100.0;101.0;164.0
2017-09-12 13:00:00;8.4;51.5;130.0;0.0;260.0;90.0;110.0;171.0
2017-09-12 14:00:00;10.8;53.7;130.0;1.0;260.0;90.0;118.0;164.0
2017-09-12 15:00:00;11.3;52.7;130.0;0.0;250.0;90.0;98.0;158.0
2017-09-12 16:00:00;9.0;59.5;110.0;0.0;230.0;70.0;100.0;156.0
2017-09-12 17:00:00;15.4;53.3;110.0;0.0;220.0;70.0;92.0;142.0
2017-09-12 18:00:00;23.7;38.5;80.0;0.0;200.0;50.0;101.0;139.0
2017-09-12 19:00:00;22.5;37.0;130.0;2.0;220.0;80.0;114.0;134.0
2017-09-12 20:00:00;23.7;36.1;90.0;1.0;180.0;60.0;106.0;132.0
2017-09-12 21:00:00;13.8;51.0;120.0;0.0;190.0;70.0;102.0;138.0
2017-09-12 22:00:00;12.1;44.4;120.0;0.0;180.0;70.0;101.0;136.0
2017-09-12 23:00:00;8.9;46.7;120.0;6.0;180.0;80.0;108.0;129.0
2017-09-13 00:00:00;11.7;42.2;120.0;10.0;170.0;80.0;114.0;124.0
2017-09-13 01:00:00;8.8;47.8;130.0;10.0;180.0;90.0;114.0;122.0
2017-09-13 02:00:00;5.1;46.5;180.0;10.0;180.0;110.0;116.0;125.0
2017-09-13 03:00:00;5.0;46.3;190.0;6.0;200.0;120.0;126.0;145.0
2017-09-13 04:00:00;5.3;45.0;200.0;0.0;200.0;130.0;124.0;148.0
2017-09-13 05:00:00;7.2;44.8;220.0;3.0;230.0;140.0;121.0;150.0
2017-09-13 06:00:00;12.7;43.1;250.0;0.0;250.0;160.0;104.0;157.0
2017-09-13 07:00:00;14.3;47.2;260.0;0.0;250.0;160.0;95.0;155.0
2017-09-13 08:00:00;6.8;54.2;240.0;0.0;250.0;160.0;86.0;150.0
2017-09-13 09:00:00;6.7;54.3;250.0;0.0;250.0;150.0;84.0;151.0
2017-09-13 10:00:00;10.0;53.8;240.0;0.0;250.0;160.0;83.0;155.0
2017-09-13 11:00:00;8.6;59.8;230.0;0.0;250.0;150.0;83.0;158.0
2017-09-13 12:00:00;7.9;63.1;220.0;1.0;260.0;150.0;75.0;161.0
2017-09-13 13:00:00;7.5;65.8;200.0;0.0;250.0;140.0;83.0;169.0
2017-09-13 14:00:00;6.0;70.2;190.0;0.0;250.0;120.0;76.0;169.0
2017-09-13 15:00:00;7.4;70.1;180.0;0.0;240.0;110.0;92.0;161.0
2017-09-13 16:00:00;9.3;68.2;130.0;0.0;250.0;80.0;89.0;150.0
2017-09-13 17:00:00;12.5;64.4;140.0;0.0;240.0;80.0;79.0;154.0
2017-09-13 18:00:00;15.2;59.4;140.0;0.0;260.0;80.0;93.0;151.0
2017-09-13 19:00:00;15.1;61.1;100.0;0.0;220.0;60.0;105.0;131.0
2017-09-13 20:00:00;13.0;55.8;70.0;0.0;260.0;50.0;86.0;138.0
2017-09-13 21:00:00;32.6;37.9;70.0;0.0;230.0;50.0;99.0;126.0
2017-09-13 22:00:00;15.2;49.3;90.0;0.0;270.0;60.0;83.0;138.0
2017-09-13 23:00:00;15.0;48.5;110.0;0.0;260.0;70.0;79.0;134.0
2017-09-14 00:00:00;6.6;59.1;90.0;0.0;270.0;60.0;73.0;130.0
2017-09-14 01:00:00;6.8;59.1;90.0;0.0;270.0;60.0;75.0;128.0
2017-09-14 02:00:00;6.0;57.4;90.0;0.0;270.0;60.0;70.0;122.0
2017-09-14 03:00:00;6.9;55.9;80.0;0.0;250.0;50.0;75.0;124.0
2017-09-14 04:00:00;9.6;52.9;70.0;0.0;270.0;50.0;75.0;119.0
2017-09-14 05:00:00;25.5;38.1;70.0;0.0;250.0;50.0;72.0;120.0
2017-09-14 06:00:00;27.0;38.3;120.0;0.0;260.0;60.0;71.0;134.0
2017-09-14 07:00:00;61.0;10.9;140.0;0.0;260.0;80.0;82.0;146.0
2017-09-14 08:00:00;17.4;47.8;160.0;0.0;250.0;110.0;85.0;156.0
2017-09-14 09:00:00;9.5;56.1;180.0;3.0;250.0;110.0;98.0;114.0
2017-09-14 10:00:00;9.9;51.6;150.0;7.0;260.0;100.0;102.0;125.0
2017-09-14 11:00:00;16.1;48.1;140.0;10.0;240.0;100.0;114.0;129.0
2017-09-14 12:00:00;17.3;42.0;130.0;10.0;280.0;70.0;116.0;132.0
2017-09-14 13:00:00;17.8;49.7;120.0;10.0;300.0;80.0;115.0;137.0
2017-09-14 14:00:00;14.4;54.5;120.0;7.0;290.0;70.0;119.0;138.0
2017-09-14 15:00:00;10.4;57.8;130.0;3.0;310.0;80.0;118.0;139.0
2017-09-14 16:00:00;11.7;55.1;170.0;5.0;310.0;70.0;106.0;133.0
2017-09-14 17:00:00;10.0;58.3;140.0;2.0;320.0;80.0;114.0;133.0
2017-09-14 18:00:00;11.4;53.0;100.0;0.0;310.0;60.0;101.0;129.0
2017-09-14 19:00:00;8.0;53.8;90.0;0.0;280.0;40.0;103.0;128.0
2017-09-14 20:00:00;7.6;50.8;80.0;0.0;280.0;40.0;94.0;121.0
2017-09-14 21:00:00;7.1;47.9;50.0;0.0;280.0;40.0;93.0;112.0
2017-09-14 22:00:00;15.3;29.2;50.0;0.0;260.0;40.0;84.0;106.0
2017-09-14 23:00:00;31.4;16.2;50.0;0.0;270.0;40.0;76.0;99.0
2017-09-15 00:00:00;28.5;22.1;40.0;0.0;200.0;30.0;87.0;105.0
2017-09-15 01:00:00;20.7;26.2;80.0;5.0;200.0;40.0;102.0;112.0
2017-09-15 02:00:00;22.4;20.9;80.0;10.0;190.0;50.0;103.0;110.0
2017-09-15 03:00:00;13.5;38.0;70.0;3.0;190.0;30.0;87.0;100.0
2017-09-15 04:00:00;9.4;46.0;60.0;3.0;190.0;30.0;92.0;101.0
2017-09-15 05:00:00;15.0;39.6;70.0;0.0;200.0;40.0;87.0;102.0
2017-09-15 06:00:00;35.3;16.6;70.0;0.0;200.0;50.0;96.0;116.0
2017-09-15 07:00:00;45.7;13.2;70.0;3.0;220.0;40.0;107.0;134.0
2017-09-15 08:00:00;55.2;6.5;70.0;0.0;220.0;50.0;114.0;149.0
2017-09-15 09:00:00;40.3;18.4;90.0;3.0;260.0;40.0;101.0;136.0
2017-09-15 10:00:00;35.2;17.8;90.0;0.0;280.0;50.0;98.0;150.0
2017-09-15 11:00:00;42.9;8.7;100.0;0.0;270.0;60.0;94.0;150.0
2017-09-15 12:00:00;9.8;45.4;120.0;1.0;260.0;70.0;104.0;151.0
2017-09-15 13:00:00;9.1;47.1;110.0;0.0;240.0;80.0;86.0;159.0
2017-09-15 14:00:00;9.4;52.0;110.0;0.0;260.0;80.0;90.0;156.0
2017-09-15 15:00:00;7.2;54.7;110.0;0.0;270.0;80.0;83.0;152.0
2017-09-15 16:00:00;6.8;56.6;110.0;0.0;260.0;70.0;98.0;132.0
2017-09-15 17:00:00;8.6;52.5;90.0;2.0;300.0;50.0;104.0;124.0
2017-09-15 18:00:00;12.9;47.9;60.0;4.0;210.0;30.0;107.0;116.0
2017-09-15 19:00:00;38.3;28.0;80.0;3.0;270.0;30.0;106.0;119.0
2017-09-15 20:00:00;56.7;12.3;70.0;7.0;210.0;20.0;102.0;112.0
2017-09-15 21:00:00;14.4;40.8;40.0;10.0;250.0;30.0;104.0;115.0
2017-09-15 22:00:00;31.1;28.3;40.0;10.0;230.0;30.0;111.0;116.0
2017-09-15 23:00:00;33.7;26.4;50.0;10.0;250.0;30.0;104.0;115.0
2017-09-16 00:00:00;25.0;34.2;60.0;10.0;240.0;30.0;100.0;111.0
2017-09-16 01:00:00;18.4;41.0;60.0;10.0;220.0;40.0;102.0;109.0
2017-09-16 02:00:00;30.6;37.1;60.0;10.0;210.0;40.0;102.0;107.0
2017-09-16 03:00:00;42.8;25.0;50.0;10.0;190.0;30.0;102.0;107.0
2017-09-16 04:00:00;38.3;33.0;50.0;10.0;190.0;40.0;102.0;108.0
2017-09-16 05:00:00;17.1;45.0;70.0;9.0;200.0;40.0;105.0;111.0
2017-09-16 06:00:00;24.5;38.1;70.0;6.0;220.0;50.0;108.0;115.0
2017-09-16 07:00:00;34.3;22.7;70.0;9.0;220.0;50.0;111.0;119.0
2017-09-16 08:00:00;45.1;16.9;70.0;7.0;230.0;50.0;107.0;125.0
2017-09-16 09:00:00;35.6;30.5;80.0;0.0;230.0;50.0;97.0;127.0
2017-09-16 10:00:00;25.0;40.2;70.0;0.0;220.0;50.0;107.0;129.0
2017-09-16 11:00:00;24.8;40.0;70.0;0.0;210.0;50.0;114.0;129.0
2017-09-16 12:00:00;27.4;35.5;60.0;10.0;190.0;50.0;110.0;128.0
2017-09-16 13:00:00;26.5;35.9;70.0;4.0;210.0;50.0;112.0;132.0
2017-09-16 14:00:00;22.3;41.0;70.0;0.0;200.0;50.0;96.0;132.0
2017-09-16 15:00:00;24.0;38.9;60.0;0.0;190.0;40.0;94.0;130.0
2017-09-16 16:00:00;16.8;48.0;50.0;0.0;190.0;40.0;99.0;125.0
2017-09-16 17:00:00;20.2;41.7;40.0;0.0;150.0;20.0;92.0;119.0
2017-09-16 18:00:00;27.2;32.7;40.0;0.0;140.0;30.0;94.0;112.0
2017-09-16 19:00:00;28.6;25.2;40.0;0.0;150.0;30.0;96.0;108.0
2017-09-16 20:00:00;43.2;4.3;30.0;0.0;140.0;30.0;95.0;104.0
2017-09-16 21:00:00;36.3;11.3;40.0;0.0;160.0;30.0;95.0;105.0
2017-09-16 22:00:00;34.0;10.9;30.0;0.0;150.0;20.0;88.0;96.0
2017-09-16 23:00:00;33.0;11.9;30.0;0.0;130.0;20.0;83.0;87.0
2017-09-17 00:00:00;35.3;8.0;20.0;0.0;100.0;10.0;77.0;82.0
2017-09-17 01:00:00;34.3;5.7;30.0;0.0;160.0;10.0;71.0;74.0
2017-09-17 02:00:00;35.0;1.7;20.0;0.0;140.0;10.0;75.0;78.0
2017-09-17 03:00:00;36.2;-0.3;30.0;0.0;150.0;20.0;74.0;77.0
2017-09-17 04:00:00;31.1;10.7;30.0;0.0;140.0;20.0;66.0;69.0
2017-09-17 05:00:00;34.0;19.1;30.0;0.0;140.0;20.0;77.0;79.0
2017-09-17 06:00:00;34.7;9.6;40.0;0.0;170.0;20.0;95.0;99.0
2017-09-17 07:00:00;31.5;7.6;40.0;0.0;180.0;20.0;102.0;121.0
2017-09-17 08:00:00;28.8;15.4;40.0;0.0;180.0;20.0;101.0;136.0
2017-09-17 09:00:00;23.0;24.0;50.0;0.0;190.0;30.0;99.0;145.0
2017-09-17 10:00:00;14.9;34.6;60.0;0.0;200.0;30.0;102.0;155.0
2017-09-17 11:00:00;12.7;42.9;60.0;0.0;200.0;40.0;92.0;146.0
2017-09-17 12:00:00;17.5;47.4;70.0;0.0;300.0;40.0;108.0;158.0
2017-09-17 13:00:00;22.7;47.4;60.0;0.0;290.0;40.0;100.0;149.0
2017-09-17 14:00:00;13.7;52.5;70.0;0.0;270.0;40.0;102.0;162.0
2017-09-17 15:00:00;13.0;57.0;80.0;0.0;280.0;40.0;89.0;153.0
2017-09-17 16:00:00;11.2;63.4;60.0;0.0;290.0;40.0;96.0;138.0
2017-09-17 17:00:00;8.4;65.4;50.0;0.0;290.0;30.0;91.0;125.0
2017-09-17 18:00:00;14.0;48.8;30.0;0.0;280.0;10.0;88.0;127.0
2017-09-17 19:00:00;11.1;33.3;30.0;0.0;120.0;10.0;98.0;122.0
2017-09-17 20:00:00;15.2;29.9;40.0;0.0;210.0;10.0;101.0;119.0
2017-09-17 21:00:00;43.6;13.6;40.0;4.0;190.0;20.0;106.0;119.0
2017-09-17 22:00:00;27.9;22.2;20.0;2.0;0.0;10.0;110.0;114.0
2017-09-17 23:00:00;26.4;22.4;50.0;5.0;200.0;30.0;103.0;111.0
2017-09-18 00:00:00;31.5;21.2;30.0;0.0;220.0;20.0;91.0;95.0
2017-09-18 01:00:00;22.7;30.0;20.0;0.0;220.0;20.0;91.0;97.0
2017-09-18 02:00:00;25.6;23.7;30.0;0.0;210.0;10.0;83.0;88.0
2017-09-18 03:00:00;18.8;38.5;30.0;0.0;180.0;20.0;98.0;100.0
2017-09-18 04:00:00;26.6;33.2;20.0;0.0;230.0;10.0;93.0;97.0
2017-09-18 05:00:00;46.3;15.3;30.0;0.0;190.0;10.0;99.0;102.0
2017-09-18 06:00:00;58.6;0.0;40.0;0.0;190.0;20.0;112.0;122.0
2017-09-18 07:00:00;62.1;5.4;50.0;0.0;220.0;40.0;116.0;133.0
2017-09-18 08:00:00;74.9;-0.4;60.0;0.0;240.0;40.0;114.0;140.0
2017-09-18 09:00:00;64.5;7.9;70.0;0.0;230.0;50.0;103.0;137.0
2017-09-18 10:00:00;34.7;37.4;50.0;4.0;260.0;30.0;108.0;145.0
2017-09-18 11:00:00;23.7;48.1;60.0;0.0;270.0;40.0;111.0;160.0
2017-09-18 12:00:00;20.8;55.9;80.0;0.0;290.0;50.0;98.0;161.0
2017-09-18 13:00:00;18.7;59.5;80.0;0.0;280.0;50.0;106.0;157.0
2017-09-18 14:00:00;23.0;54.2;80.0;0.0;290.0;50.0;108.0;160.0
2017-09-18 15:00:00;16.2;64.2;70.0;0.0;310.0;40.0;104.0;143.0
2017-09-18 16:00:00;23.0;49.9;60.0;0.0;260.0;30.0;103.0;135.0
2017-09-18 17:00:00;15.1;59.5;60.0;0.0;290.0;30.0;100.0;125.0
2017-09-18 18:00:00;23.1;34.6;40.0;0.0;250.0;20.0;93.0;118.0
2017-09-18 19:00:00;30.5;27.7;50.0;0.0;260.0;30.0;97.0;120.0
2017-09-18 20:00:00;38.9;20.0;50.0;0.0;310.0;30.0;90.0;101.0
2017-09-18 21:00:00;44.9;8.8;40.0;0.0;310.0;30.0;93.0;98.0
2017-09-18 22:00:00;33.8;17.2;30.0;0.0;310.0;30.0;88.0;90.0
2017-09-18 23:00:00;15.0;26.9;40.0;0.0;360.0;20.0;110.0;112.0
2017-09-19 00:00:00;11.8;20.9;40.0;0.0;10.0;20.0;111.0;114.0
2017-09-19 01:00:00;15.2;11.7;40.0;0.0;30.0;20.0;112.0;115.0
2017-09-19 02:00:00;12.1;15.3;50.0;0.0;10.0;30.0;109.0;111.0
2017-09-19 03:00:00;10.7;17.9;40.0;0.0;360.0;20.0;103.0;106.0
2017-09-19 04:00:00;8.4;27.8;30.0;0.0;360.0;10.0;98.0;98.0
2017-09-19 05:00:00;15.7;23.1;40.0;0.0;310.0;10.0;97.0;97.0
2017-09-19 06:00:00;29.6;9.5;70.0;0.0;290.0;10.0;99.0;100.0
2017-09-19 07:00:00;33.1;6.0;40.0;0.0;290.0;10.0;106.0;111.0
2017-09-19 08:00:00;44.3;2.2;50.0;0.0;290.0;10.0;112.0;144.0
2017-09-19 09:00:00;59.7;3.7;50.0;0.0;350.0;20.0;110.0;164.0
2017-09-19 10:00:00;44.1;35.7;70.0;0.0;340.0;30.0;90.0;157.0
2017-09-19 11:00:00;10.8;69.7;100.0;0.0;340.0;20.0;108.0;158.0
2017-09-19 12:00:00;10.7;68.8;40.0;0.0;330.0;20.0;107.0;161.0
2017-09-19 13:00:00;7.2;72.7;70.0;0.0;350.0;20.0;102.0;161.0
2017-09-19 14:00:00;6.8;66.9;70.0;0.0;310.0;40.0;107.0;167.0
2017-09-19 15:00:00;7.0;67.2;80.0;0.0;300.0;50.0;107.0;161.0
2017-09-19 16:00:00;8.8;64.7;70.0;0.0;310.0;50.0;103.0;144.0
2017-09-19 17:00:00;11.1;58.2;70.0;0.0;300.0;40.0;97.0;127.0
2017-09-19 18:00:00;15.2;52.8;60.0;0.0;290.0;30.0;90.0;114.0
2017-09-19 19:00:00;11.3;41.0;30.0;0.0;280.0;20.0;90.0;113.0
2017-09-19 20:00:00;10.2;36.5;40.0;0.0;260.0;30.0;87.0;112.0
2017-09-19 21:00:00;32.2;17.8;40.0;0.0;290.0;30.0;89.0;108.0
2017-09-19 22:00:00;48.3;9.9;20.0;0.0;110.0;10.0;86.0;102.0
2017-09-19 23:00:00;27.2;16.6;20.0;0.0;200.0;10.0;92.0;106.0
2017-09-20 00:00:00;32.9;4.1;20.0;0.0;210.0;10.0;98.0;113.0
2017-09-20 01:00:00;34.6;19.2;40.0;0.0;200.0;30.0;104.0;116.0
2017-09-20 02:00:00;28.8;27.2;50.0;0.0;210.0;30.0;106.0;118.0
2017-09-20 03:00:00;28.6;19.5;50.0;0.0;210.0;30.0;103.0;120.0
2017-09-20 04:00:00;32.3;19.4;50.0;2.0;260.0;30.0;115.0;123.0
2017-09-20 05:00:00;31.3;22.3;40.0;3.0;180.0;20.0;117.0;122.0
2017-09-20 06:00:00;40.9;15.2;50.0;0.0;220.0;30.0;117.0;131.0
2017-09-20 07:00:00;55.4;2.6;50.0;0.0;180.0;30.0;119.0;136.0
2017-09-20 08:00:00;57.8;1.8;50.0;0.0;200.0;30.0;120.0;143.0
2017-09-20 09:00:00;53.7;8.6;70.0;0.0;260.0;40.0;85.0;151.0
2017-09-20 10:00:00;38.8;20.5;80.0;0.0;260.0;40.0;92.0;158.0
2017-09-20 11:00:00;18.5;53.6;80.0;0.0;250.0;50.0;99.0;160.0
2017-09-20 12:00:00;10.3;62.2;80.0;0.0;240.0;50.0;100.0;170.0
2017-09-20 13:00:00;14.4;59.7;90.0;0.0;250.0;60.0;103.0;179.0
2017-09-20 14:00:00;13.3;64.0;100.0;0.0;250.0;70.0;94.0;167.0
2017-09-20 15:00:00;15.0;64.2;90.0;0.0;230.0;60.0;114.0;164.0
2017-09-20 16:00:00;19.6;61.1;80.0;0.0;240.0;60.0;113.0;160.0
2017-09-20 17:00:00;25.4;55.2;80.0;0.0;200.0;50.0;116.0;148.0
2017-09-20 18:00:00;26.6;53.7;50.0;0.0;210.0;30.0;115.0;142.0
2017-09-20 19:00:00;36.6;38.2;40.0;0.0;190.0;30.0;114.0;139.0
2017-09-20 20:00:00;31.4;38.5;60.0;0.0;210.0;40.0;119.0;148.0
2017-09-20 21:00:00;33.5;31.9;60.0;0.0;190.0;40.0;118.0;145.0
2017-09-20 22:00:00;32.8;28.3;50.0;0.0;180.0;30.0;119.0;140.0
2017-09-20 23:00:00;33.3;19.2;50.0;0.0;180.0;30.0;120.0;139.0
2017-09-21 00:00:00;27.3;19.8;40.0;0.0;180.0;30.0;121.0;138.0
2017-09-21 01:00:00;25.8;15.5;40.0;0.0;160.0;30.0;114.0;127.0
2017-09-21 02:00:00;26.8;13.6;40.0;0.0;170.0;30.0;114.0;128.0
2017-09-21 03:00:00;30.7;10.4;50.0;0.0;160.0;30.0;106.0;120.0
2017-09-21 04:00:00;33.1;8.3;60.0;0.0;160.0;40.0;99.0;112.0
2017-09-21 05:00:00;33.2;8.6;60.0;0.0;160.0;40.0;97.0;111.0
2017-09-21 06:00:00;44.7;1.6;70.0;0.0;170.0;40.0;98.0;124.0
2017-09-21 07:00:00;45.3;4.8;70.0;0.0;170.0;40.0;106.0;137.0
2017-09-21 08:00:00;39.3;14.9;60.0;0.0;170.0;40.0;111.0;157.0
2017-09-21 09:00:00;30.5;22.6;80.0;0.0;170.0;50.0;115.0;167.0
2017-09-21 10:00:00;28.2;31.0;70.0;0.0;160.0;50.0;111.0;168.0
2017-09-21 11:00:00;24.7;45.8;70.0;0.0;170.0;50.0;110.0;175.0
2017-09-21 12:00:00;19.0;51.0;80.0;0.0;180.0;60.0;109.0;178.0
2017-09-21 13:00:00;19.0;50.9;80.0;0.0;170.0;50.0;112.0;184.0
2017-09-21 14:00:00;21.7;48.5;80.0;0.0;160.0;50.0;108.0;181.0
2017-09-21 15:00:00;15.6;57.3;80.0;0.0;160.0;50.0;102.0;172.0
2017-09-21 16:00:00;16.0;57.6;70.0;0.0;130.0;40.0;112.0;157.0
2017-09-21 17:00:00;31.6;41.1;50.0;0.0;140.0;30.0;106.0;146.0
2017-09-21 18:00:00;44.0;25.1;40.0;0.0;110.0;20.0;101.0;126.0
2017-09-21 19:00:00;60.0;2.4;40.0;0.0;120.0;30.0;110.0;135.0
2017-09-21 20:00:00;62.6;-2.4;50.0;0.0;130.0;30.0;99.0;131.0
2017-09-21 21:00:00;66.9;-1.5;50.0;0.0;130.0;40.0;100.0;127.0
2017-09-21 22:00:00;62.1;-0.2;50.0;0.0;130.0;40.0;101.0;128.0
2017-09-21 23:00:00;53.6;-1.9;50.0;0.0;140.0;40.0;97.0;124.0
2017-09-22 00:00:00;47.0;2.3;50.0;0.0;160.0;20.0;92.0;113.0
2017-09-22 01:00:00;33.3;16.0;30.0;0.0;150.0;20.0;90.0;105.0
2017-09-22 02:00:00;30.7;11.6;20.0;0.0;150.0;10.0;89.0;104.0
2017-09-22 03:00:00;33.4;15.7;20.0;0.0;150.0;10.0;88.0;100.0
2017-09-22 04:00:00;34.2;13.6;20.0;0.0;150.0;10.0;89.0;102.0
2017-09-22 05:00:00;39.6;4.5;30.0;0.0;150.0;20.0;99.0;110.0
2017-09-22 06:00:00;54.0;-3.4;30.0;0.0;160.0;20.0;107.0;123.0
2017-09-22 07:00:00;64.4;-1.6;20.0;0.0;150.0;10.0;115.0;137.0
2017-09-22 08:00:00;61.0;0.5;20.0;0.0;150.0;10.0;124.0;146.0
2017-09-22 09:00:00;60.0;-1.4;30.0;0.0;190.0;10.0;132.0;152.0
2017-09-22 10:00:00;66.6;4.8;30.0;0.0;190.0;10.0;137.0;153.0
2017-09-22 11:00:00;50.5;20.2;50.0;0.0;290.0;20.0;140.0;159.0
2017-09-22 12:00:00;63.2;13.4;60.0;5.0;310.0;40.0;140.0;152.0
2017-09-22 13:00:00;56.0;27.3;70.0;0.0;310.0;30.0;146.0;161.0
2017-09-22 14:00:00;36.1;37.2;70.0;0.0;330.0;40.0;136.0;162.0
2017-09-22 15:00:00;32.6;35.6;90.0;0.0;300.0;50.0;124.0;164.0
2017-09-22 16:00:00;18.8;47.7;60.0;0.0;310.0;40.0;112.0;148.0
2017-09-22 17:00:00;8.7;62.4;60.0;0.0;310.0;30.0;99.0;122.0
2017-09-22 18:00:00;16.5;53.3;50.0;0.0;300.0;20.0;93.0;109.0
2017-09-22 19:00:00;29.3;26.2;30.0;0.0;320.0;20.0;90.0;97.0
2017-09-22 20:00:00;29.9;20.2;20.0;0.0;290.0;10.0;89.0;94.0
2017-09-22 21:00:00;28.2;15.3;10.0;0.0;290.0;0.0;88.0;93.0
2017-09-22 22:00:00;41.5;-2.4;10.0;0.0;0.0;0.0;77.0;80.0
2017-09-22 23:00:00;46.9;-4.7;10.0;0.0;190.0;0.0;72.0;75.0
2017-09-23 00:00:00;46.7;-3.5;10.0;0.0;130.0;10.0;73.0;77.0
2017-09-23 01:00:00;46.3;-3.5;10.0;0.0;120.0;10.0;66.0;70.0
2017-09-23 02:00:00;48.3;-3.5;10.0;0.0;130.0;10.0;67.0;70.0
2017-09-23 03:00:00;40.9;-3.5;10.0;0.0;130.0;10.0;69.0;72.0
2017-09-23 04:00:00;31.6;-3.5;10.0;0.0;170.0;10.0;68.0;71.0
2017-09-23 05:00:00;32.7;-3.5;20.0;0.0;160.0;10.0;73.0;76.0
2017-09-23 06:00:00;37.6;-3.5;10.0;0.0;130.0;10.0;94.0;97.0
2017-09-23 07:00:00;33.4;-2.8;20.0;0.0;150.0;10.0;95.0;127.0
2017-09-23 08:00:00;33.3;30.6;30.0;0.0;180.0;20.0;95.0;151.0
2017-09-23 09:00:00;33.3;38.6;30.0;0.0;180.0;20.0;95.0;158.0
2017-09-23 10:00:00;19.5;55.3;50.0;0.0;110.0;10.0;95.0;169.0
2017-09-23 11:00:00;21.1;55.9;30.0;0.0;110.0;10.0;84.0;176.0
2017-09-23 12:00:00;12.4;61.7;50.0;0.0;110.0;20.0;79.0;177.0
2017-09-23 13:00:00;6.1;67.8;30.0;0.0;110.0;10.0;91.0;181.0
2017-09-23 14:00:00;6.1;69.8;50.0;0.0;110.0;20.0;93.0;180.0
2017-09-23 15:00:00;8.1;68.0;60.0;0.0;80.0;30.0;97.0;164.0
2017-09-23 16:00:00;8.8;66.9;50.0;0.0;80.0;30.0;81.0;142.0
2017-09-23 17:00:00;10.0;63.9;30.0;0.0;70.0;20.0;88.0;117.0
2017-09-23 18:00:00;14.1;49.2;40.0;0.0;60.0;30.0;97.0;115.0
2017-09-23 19:00:00;22.3;32.2;50.0;0.0;60.0;30.0;88.0;110.0
2017-09-23 20:00:00;22.2;39.1;60.0;0.0;60.0;30.0;100.0;112.0
2017-09-23 21:00:00;30.9;35.4;30.0;0.0;60.0;20.0;102.0;108.0
2017-09-23 22:00:00;34.2;21.1;30.0;0.0;50.0;10.0;103.0;107.0
2017-09-23 23:00:00;24.4;20.9;10.0;0.0;80.0;0.0;95.0;96.0
2017-09-24 00:00:00;17.2;17.1;20.0;0.0;60.0;10.0;93.0;96.0
2017-09-24 01:00:00;17.4;12.3;20.0;0.0;0.0;10.0;86.0;89.0
2017-09-24 02:00:00;17.8;7.9;20.0;0.0;60.0;10.0;92.0;95.0
2017-09-24 03:00:00;15.8;6.8;20.0;0.0;50.0;10.0;98.0;98.0
2017-09-24 04:00:00;13.2;14.3;10.0;0.0;50.0;10.0;83.0;84.0
2017-09-24 05:00:00;13.4;8.9;50.0;0.0;60.0;10.0;81.0;81.0
2017-09-24 06:00:00;15.7;6.4;50.0;0.0;80.0;20.0;116.0;116.0
2017-09-24 07:00:00;11.4;22.1;60.0;0.0;50.0;30.0;124.0;124.0
2017-09-24 08:00:00;12.6;19.9;50.0;0.0;20.0;20.0;125.0;137.0
2017-09-24 09:00:00;9.7;20.5;50.0;0.0;100.0;20.0;129.0;163.0
2017-09-24 10:00:00;11.5;23.7;70.0;0.0;50.0;30.0;140.0;178.0
2017-09-24 11:00:00;11.1;26.7;60.0;0.0;120.0;20.0;134.0;186.0
2017-09-24 12:00:00;10.7;33.3;80.0;0.0;80.0;40.0;134.0;182.0
2017-09-24 13:00:00;8.3;49.5;80.0;0.0;80.0;40.0;139.0;184.0
2017-09-24 14:00:00;9.3;53.2;80.0;0.0;70.0;50.0;138.0;185.0
2017-09-24 15:00:00;9.1;58.1;100.0;0.0;60.0;50.0;130.0;180.0
2017-09-24 16:00:00;10.8;66.0;90.0;0.0;80.0;40.0;122.0;162.0
2017-09-24 17:00:00;10.1;64.1;60.0;0.0;80.0;30.0;113.0;137.0
2017-09-24 18:00:00;14.6;50.1;50.0;0.0;80.0;30.0;115.0;134.0
2017-09-24 19:00:00;23.0;38.1;40.0;0.0;80.0;30.0;115.0;130.0
2017-09-24 20:00:00;15.8;42.8;40.0;0.0;80.0;30.0;106.0;121.0
2017-09-24 21:00:00;15.8;30.8;40.0;0.0;90.0;30.0;109.0;128.0
2017-09-24 22:00:00;15.3;32.0;50.0;0.0;90.0;30.0;111.0;126.0
2017-09-24 23:00:00;12.5;30.7;50.0;0.0;90.0;40.0;113.0;125.0
2017-09-25 00:00:00;11.4;23.9;40.0;0.0;80.0;30.0;94.0;102.0
2017-09-25 01:00:00;11.2;13.7;30.0;0.0;60.0;20.0;113.0;115.0
2017-09-25 02:00:00;11.9;14.9;60.0;0.0;90.0;40.0;125.0;131.0
2017-09-25 03:00:00;8.3;21.7;60.0;0.0;80.0;40.0;126.0;130.0
2017-09-25 04:00:00;6.8;23.0;50.0;0.0;60.0;30.0;115.0;118.0
2017-09-25 05:00:00;16.4;9.4;30.0;0.0;70.0;20.0;110.0;114.0
2017-09-25 06:00:00;25.6;-0.8;30.0;0.0;80.0;10.0;132.0;137.0
2017-09-25 07:00:00;21.7;1.3;80.0;0.0;80.0;30.0;133.0;145.0
2017-09-25 08:00:00;19.7;5.0;80.0;0.0;70.0;40.0;134.0;150.0
2017-09-25 09:00:00;19.5;15.2;80.0;0.0;90.0;50.0;130.0;158.0
2017-09-25 10:00:00;12.6;23.6;80.0;0.0;80.0;50.0;129.0;163.0
2017-09-25 11:00:00;10.6;34.7;80.0;0.0;60.0;50.0;129.0;167.0
2017-09-25 12:00:00;10.6;42.5;80.0;0.0;70.0;50.0;126.0;175.0
2017-09-25 13:00:00;10.5;39.4;80.0;0.0;70.0;50.0;125.0;169.0
2017-09-25 14:00:00;9.6;43.7;70.0;0.0;70.0;50.0;129.0;170.0
2017-09-25 15:00:00;12.6;35.8;70.0;0.0;60.0;50.0;131.0;165.0
2017-09-25 16:00:00;14.0;35.5;60.0;0.0;60.0;40.0;132.0;162.0
2017-09-25 17:00:00;16.6;27.0;50.0;0.0;60.0;30.0;129.0;147.0
2017-09-25 18:00:00;19.3;23.9;40.0;0.0;40.0;30.0;129.0;143.0
2017-09-25 19:00:00;17.2;20.8;40.0;0.0;50.0;30.0;134.0;146.0
2017-09-25 20:00:00;19.4;15.8;60.0;0.0;60.0;40.0;139.0;153.0
2017-09-25 21:00:00;16.3;14.0;70.0;0.0;70.0;40.0;138.0;151.0
2017-09-25 22:00:00;14.5;13.1;50.0;0.0;70.0;20.0;137.0;147.0
2017-09-25 23:00:00;12.8;13.9;30.0;0.0;60.0;20.0;137.0;146.0
2017-09-26 00:00:00;11.6;14.5;30.0;0.0;50.0;20.0;136.0;147.0
2017-09-26 01:00:00;10.8;15.3;30.0;0.0;60.0;20.0;135.0;143.0
2017-09-26 02:00:00;10.9;12.0;30.0;0.0;60.0;20.0;135.0;143.0
2017-09-26 03:00:00;10.7;13.1;40.0;0.0;50.0;20.0;134.0;142.0
2017-09-26 04:00:00;10.8;12.2;50.0;0.0;60.0;30.0;130.0;134.0
2017-09-26 05:00:00;16.1;10.6;70.0;0.0;40.0;30.0;130.0;132.0
2017-09-26 06:00:00;17.7;10.0;40.0;0.0;70.0;20.0;129.0;133.0
2017-09-26 07:00:00;21.2;6.9;40.0;0.0;80.0;30.0;131.0;139.0
2017-09-26 08:00:00;18.1;13.6;60.0;0.0;40.0;30.0;131.0;154.0
2017-09-26 09:00:00;19.1;16.1;70.0;0.0;70.0;40.0;130.0;154.0
2017-09-26 10:00:00;18.4;15.3;80.0;0.0;70.0;40.0;130.0;143.0
2017-09-26 11:00:00;17.0;14.5;60.0;0.0;70.0;30.0;125.0;150.0
2017-09-26 12:00:00;16.3;16.1;70.0;0.0;70.0;40.0;125.0;145.0
2017-09-26 13:00:00;15.0;26.0;50.0;0.0;70.0;30.0;125.0;151.0
2017-09-26 14:00:00;13.7;32.5;60.0;0.0;60.0;30.0;124.0;156.0
2017-09-26 15:00:00;13.9;35.6;80.0;0.0;50.0;40.0;121.0;155.0
2017-09-26 16:00:00;13.2;33.9;70.0;0.0;50.0;30.0;122.0;149.0
2017-09-26 17:00:00;19.4;27.2;60.0;0.0;70.0;30.0;118.0;132.0
2017-09-26 18:00:00;22.9;22.1;80.0;0.0;60.0;30.0;122.0;137.0
2017-09-26 19:00:00;29.4;13.7;80.0;0.0;40.0;30.0;121.0;132.0
2017-09-26 20:00:00;29.0;11.0;70.0;0.0;350.0;20.0;115.0;122.0
2017-09-26 21:00:00;29.7;0.0;40.0;0.0;50.0;20.0;114.0;120.0
2017-09-26 22:00:00;28.6;-4.3;50.0;0.0;60.0;30.0;110.0;115.0
2017-09-26 23:00:00;23.0;7.5;50.0;0.0;70.0;30.0;114.0;119.0
2017-09-27 00:00:00;14.7;13.7;40.0;0.0;90.0;20.0;109.0;112.0
2017-09-27 01:00:00;15.2;8.1;20.0;0.0;20.0;10.0;105.0;106.0
2017-09-27 02:00:00;14.9;-0.7;30.0;0.0;50.0;20.0;94.0;96.0
2017-09-27 03:00:00;14.4;-1.6;40.0;0.0;60.0;30.0;100.0;100.0
2017-09-27 04:00:00;15.1;1.9;50.0;0.0;70.0;30.0;108.0;109.0
2017-09-27 05:00:00;16.3;4.4;40.0;0.0;100.0;20.0;108.0;110.0
2017-09-27 06:00:00;19.9;5.5;40.0;0.0;70.0;20.0;108.0;110.0
2017-09-27 07:00:00;20.4;5.0;50.0;0.0;70.0;30.0;113.0;115.0
2017-09-27 08:00:00;21.0;3.0;60.0;0.0;80.0;30.0;122.0;127.0
2017-09-27 09:00:00;20.1;6.9;50.0;0.0;70.0;40.0;126.0;139.0
2017-09-27 10:00:00;19.8;6.0;60.0;0.0;90.0;40.0;122.0;147.0
2017-09-27 11:00:00;19.0;8.7;60.0;0.0;90.0;30.0;136.0;168.0
2017-09-27 12:00:00;16.4;15.7;60.0;0.0;120.0;40.0;136.0;179.0
2017-09-27 13:00:00;17.6;18.4;60.0;0.0;120.0;40.0;140.0;191.0
2017-09-27 14:00:00;20.8;20.5;60.0;0.0;130.0;40.0;136.0;195.0
2017-09-27 15:00:00;24.2;19.5;50.0;0.0;100.0;30.0;140.0;190.0
2017-09-27 16:00:00;27.1;17.9;40.0;0.0;100.0;30.0;131.0;162.0
2017-09-27 17:00:00;28.0;17.4;40.0;0.0;100.0;30.0;133.0;158.0
2017-09-27 18:00:00;54.3;-1.8;50.0;0.0;110.0;30.0;125.0;153.0
2017-09-27 19:00:00;51.4;2.8;50.0;0.0;100.0;30.0;127.0;155.0
2017-09-27 20:00:00;47.4;3.6;60.0;0.0;110.0;40.0;126.0;158.0
2017-09-27 21:00:00;35.9;14.5;60.0;0.0;110.0;40.0;126.0;154.0
2017-09-27 22:00:00;25.3;21.6;60.0;0.0;110.0;40.0;127.0;151.0
2017-09-27 23:00:00;23.2;17.1;60.0;0.0;120.0;40.0;127.0;152.0
2017-09-28 00:00:00;23.6;12.3;60.0;0.0;120.0;40.0;127.0;149.0
2017-09-28 01:00:00;23.0;10.4;60.0;0.0;130.0;40.0;127.0;147.0
2017-09-28 02:00:00;27.2;6.2;50.0;0.0;140.0;40.0;126.0;148.0
2017-09-28 03:00:00;33.2;0.5;60.0;0.0;130.0;40.0;123.0;147.0
2017-09-28 04:00:00;43.6;-3.4;50.0;0.0;150.0;40.0;124.0;145.0
2017-09-28 05:00:00;43.5;2.0;50.0;0.0;140.0;30.0;125.0;142.0
2017-09-28 06:00:00;51.5;2.0;50.0;10.0;140.0;30.0;130.0;140.0
2017-09-28 07:00:00;52.5;2.0;60.0;4.0;140.0;40.0;135.0;144.0
2017-09-28 08:00:00;47.0;-5.0;60.0;0.0;130.0;40.0;139.0;148.0
2017-09-28 09:00:00;46.3;-4.0;60.0;0.0;120.0;40.0;151.0;169.0
2017-09-28 10:00:00;38.9;2.9;70.0;0.0;150.0;50.0;152.0;177.0
2017-09-28 11:00:00;32.2;14.7;70.0;0.0;140.0;50.0;158.0;182.0
2017-09-28 12:00:00;37.0;18.6;70.0;0.0;160.0;40.0;155.0;186.0
2017-09-28 13:00:00;46.2;13.6;70.0;0.0;160.0;40.0;154.0;186.0
2017-09-28 14:00:00;49.1;11.7;50.0;0.0;130.0;30.0;159.0;188.0
2017-09-28 15:00:00;60.2;1.7;50.0;0.0;130.0;30.0;164.0;185.0
2017-09-28 16:00:00;42.5;9.4;50.0;3.0;210.0;30.0;166.0;176.0
2017-09-28 17:00:00;46.1;8.3;60.0;1.0;230.0;30.0;162.0;172.0
2017-09-28 18:00:00;38.2;14.1;50.0;0.0;200.0;30.0;153.0;158.0
2017-09-28 19:00:00;56.6;-2.1;30.0;0.0;140.0;20.0;151.0;154.0
2017-09-28 20:00:00;47.8;-3.5;30.0;0.0;130.0;10.0;143.0;145.0
2017-09-28 21:00:00;38.6;-3.5;30.0;0.0;150.0;30.0;146.0;149.0
2017-09-28 22:00:00;35.5;-3.5;40.0;0.0;160.0;30.0;139.0;142.0
2017-09-28 23:00:00;31.9;-3.5;30.0;0.0;160.0;20.0;133.0;136.0
2017-09-29 00:00:00;39.4;-3.5;30.0;0.0;160.0;20.0;128.0;131.0
2017-09-29 01:00:00;41.6;-3.5;30.0;0.0;160.0;20.0;137.0;137.0
2017-09-29 02:00:00;37.1;-3.5;40.0;0.0;150.0;30.0;139.0;139.0
2017-09-29 03:00:00;36.1;-3.5;40.0;0.0;160.0;30.0;142.0;142.0
2017-09-29 04:00:00;35.7;-3.5;40.0;0.0;130.0;20.0;140.0;140.0
2017-09-29 05:00:00;35.7;-3.5;50.0;0.0;140.0;30.0;138.0;139.0
2017-09-29 06:00:00;39.4;-3.5;60.0;0.0;150.0;40.0;143.0;143.0
2017-09-29 07:00:00;38.4;-4.7;60.0;0.0;130.0;30.0;153.0;156.0
2017-09-29 08:00:00;34.3;-1.9;70.0;0.0;150.0;40.0;163.0;172.0
2017-09-29 09:00:00;39.1;-1.8;70.0;0.0;150.0;50.0;163.0;180.0
2017-09-29 10:00:00;32.8;7.9;60.0;0.0;140.0;40.0;167.0;188.0
2017-09-29 11:00:00;36.9;7.1;70.0;0.0;140.0;50.0;167.0;199.0
2017-09-29 12:00:00;36.4;11.8;90.0;0.0;140.0;60.0;175.0;215.0
2017-09-29 13:00:00;39.0;11.6;100.0;0.0;150.0;60.0;175.0;225.0
2017-09-29 14:00:00;33.0;23.1;100.0;0.0;150.0;60.0;172.0;218.0
2017-09-29 15:00:00;37.0;22.9;80.0;0.0;140.0;50.0;176.0;212.0
2017-09-29 16:00:00;52.0;8.9;110.0;8.0;250.0;50.0;173.0;176.0
2017-09-29 17:00:00;40.2;16.6;70.0;3.0;250.0;40.0;161.0;174.0
2017-09-29 18:00:00;28.6;30.8;80.0;0.0;240.0;50.0;149.0;170.0
2017-09-29 19:00:00;21.8;31.0;80.0;0.0;220.0;50.0;147.0;163.0
2017-09-29 20:00:00;28.7;25.6;70.0;0.0;230.0;50.0;147.0;159.0
2017-09-29 21:00:00;48.0;11.0;60.0;0.0;220.0;30.0;147.0;155.0
2017-09-29 22:00:00;40.7;17.1;50.0;0.0;200.0;30.0;144.0;152.0
2017-09-29 23:00:00;33.9;19.4;30.0;0.0;180.0;20.0;142.0;148.0
2017-09-30 00:00:00;32.1;16.9;50.0;0.0;250.0;30.0;147.0;158.0
2017-09-30 01:00:00;32.4;11.5;40.0;0.0;250.0;20.0;142.0;149.0
2017-09-30 02:00:00;27.1;21.8;20.0;0.0;240.0;10.0;140.0;145.0
2017-09-30 03:00:00;17.9;14.7;20.0;0.0;50.0;10.0;137.0;140.0
2017-09-30 04:00:00;12.9;17.7;20.0;0.0;140.0;10.0;138.0;141.0
2017-09-30 05:00:00;11.8;6.4;20.0;0.0;320.0;10.0;139.0;142.0
2017-09-30 06:00:00;13.8;2.0;10.0;0.0;0.0;10.0;141.0;146.0
2017-09-30 07:00:00;17.0;8.7;20.0;0.0;250.0;10.0;145.0;153.0
2017-09-30 08:00:00;16.9;9.9;50.0;0.0;270.0;20.0;137.0;156.0
2017-09-30 09:00:00;37.7;11.3;50.0;0.0;280.0;30.0;137.0;154.0
2017-09-30 10:00:00;30.5;23.8;50.0;8.0;290.0;30.0;134.0;155.0
2017-09-30 11:00:00;27.7;19.1;90.0;4.0;280.0;50.0;116.0;145.0
2017-09-30 12:00:00;27.3;21.5;70.0;10.0;280.0;40.0;121.0;144.0
2017-09-30 13:00:00;20.1;34.7;50.0;0.0;280.0;30.0;119.0;147.0
2017-09-30 14:00:00;24.4;30.8;60.0;0.0;270.0;30.0;100.0;160.0
2017-09-30 15:00:00;22.0;29.5;70.0;0.0;280.0;50.0;95.0;139.0
2017-09-30 16:00:00;18.5;41.8;60.0;0.0;260.0;30.0;93.0;130.0
2017-09-30 17:00:00;13.3;37.4;40.0;0.0;210.0;30.0;85.0;108.0
2017-09-30 18:00:00;19.0;30.4;40.0;0.0;190.0;30.0;91.0;106.0
2017-09-30 19:00:00;35.8;11.7;40.0;0.0;160.0;30.0;88.0;102.0
2017-09-30 20:00:00;48.2;1.9;40.0;0.0;190.0;20.0;82.0;91.0
2017-09-30 21:00:00;41.3;9.6;50.0;0.0;180.0;30.0;93.0;106.0
2017-09-30 22:00:00;41.0;9.3;50.0;0.0;150.0;30.0;96.0;107.0
2017-09-30 23:00:00;38.1;11.3;50.0;0.0;160.0;30.0;103.0;112.0
2017-10-01 00:00:00;32.3;11.8;40.0;0.0;140.0;30.0;98.0;104.0
2017-10-01 01:00:00;36.9;5.0;40.0;0.0;150.0;30.0;96.0;101.0
2017-10-01 02:00:00;37.1;2.0;40.0;0.0;150.0;30.0;91.0;95.0
2017-10-01 03:00:00;36.6;0.9;40.0;0.0;160.0;20.0;95.0;100.0
2017-10-01 04:00:00;32.9;4.6;50.0;0.0;160.0;30.0;93.0;104.0
2017-10-01 05:00:00;31.3;3.4;50.0;0.0;150.0;40.0;98.0;111.0
2017-10-01 06:00:00;33.6;-0.4;60.0;0.0;150.0;40.0;101.0;116.0
2017-10-01 07:00:00;23.5;12.4;100.0;0.0;170.0;60.0;106.0;127.0
2017-10-01 08:00:00;17.6;20.5;90.0;0.0;170.0;60.0;113.0;142.0
2017-10-01 09:00:00;12.9;28.7;100.0;0.0;170.0;60.0;114.0;158.0
2017-10-01 10:00:00;11.1;35.6;140.0;0.0;190.0;90.0;108.0;166.0
2017-10-01 11:00:00;10.0;43.4;140.0;0.0;170.0;100.0;110.0;165.0
2017-10-01 12:00:00;8.3;56.3;140.0;0.0;180.0;90.0;109.0;163.0
2017-10-01 13:00:00;8.5;56.1;120.0;0.0;170.0;70.0;113.0;163.0
2017-10-01 14:00:00;10.0;53.8;110.0;0.0;180.0;80.0;112.0;162.0
2017-10-01 15:00:00;9.3;53.7;110.0;0.0;180.0;70.0;111.0;161.0
2017-10-01 16:00:00;9.3;51.5;130.0;0.0;170.0;80.0;111.0;157.0
2017-10-01 17:00:00;9.9;51.7;110.0;0.0;180.0;70.0;117.0;156.0
2017-10-01 18:00:00;10.0;50.8;130.0;0.0;180.0;80.0;120.0;156.0
2017-10-01 19:00:00;10.5;45.7;120.0;0.0;170.0;70.0;118.0;153.0
2017-10-01 20:00:00;9.9;44.7;110.0;0.0;180.0;70.0;121.0;151.0
2017-10-01 21:00:00;8.0;44.2;120.0;0.0;180.0;70.0;124.0;151.0
2017-10-01 22:00:00;8.0;43.1;130.0;4.0;170.0;80.0;130.0;144.0
2017-10-01 23:00:00;7.0;42.5;130.0;0.0;180.0;80.0;135.0;148.0
2017-10-02 00:00:00;6.7;38.6;130.0;2.0;180.0;80.0;141.0;153.0
2017-10-02 01:00:00;5.9;35.0;120.0;7.0;200.0;90.0;148.0;155.0
2017-10-02 02:00:00;6.6;29.5;130.0;4.0;200.0;80.0;150.0;158.0
2017-10-02 03:00:00;8.9;22.3;140.0;0.0;230.0;100.0;140.0;164.0
2017-10-02 04:00:00;9.7;24.9;140.0;0.0;230.0;90.0;140.0;164.0
2017-10-02 05:00:00;17.5;27.8;120.0;0.0;250.0;80.0;128.0;160.0
2017-10-02 06:00:00;24.8;22.7;120.0;0.0;250.0;80.0;122.0;160.0
2017-10-02 07:00:00;21.5;31.0;120.0;0.0;250.0;80.0;120.0;165.0
2017-10-02 08:00:00;22.3;33.4;130.0;0.0;250.0;90.0;119.0;171.0
2017-10-02 09:00:00;14.1;45.6;140.0;0.0;260.0;100.0;115.0;168.0
2017-10-02 10:00:00;10.9;52.0;140.0;0.0;250.0;100.0;117.0;162.0
2017-10-02 11:00:00;10.1;54.9;140.0;0.0;260.0;100.0;102.0;162.0
2017-10-02 12:00:00;9.6;56.5;130.0;0.0;240.0;90.0;108.0;166.0
2017-10-02 13:00:00;12.3;55.2;150.0;0.0;260.0;100.0;88.0;160.0
2017-10-02 14:00:00;12.8;57.8;140.0;0.0;260.0;90.0;101.0;155.0
2017-10-02 15:00:00;12.4;59.9;150.0;0.0;250.0;90.0;98.0;156.0
2017-10-02 16:00:00;14.2;57.3;140.0;0.0;260.0;90.0;98.0;156.0
2017-10-02 17:00:00;16.6;53.7;110.0;0.0;250.0;70.0;103.0;148.0
2017-10-02 18:00:00;16.3;51.5;120.0;0.0;260.0;80.0;90.0;156.0
2017-10-02 19:00:00;12.2;56.6;150.0;0.0;260.0;90.0;88.0;156.0
2017-10-02 20:00:00;8.5;58.9;140.0;0.0;270.0;90.0;88.0;149.0
2017-10-02 21:00:00;6.7;60.2;110.0;0.0;260.0;70.0;94.0;145.0
2017-10-02 22:00:00;14.4;52.1;110.0;0.0;280.0;70.0;91.0;140.0
2017-10-02 23:00:00;16.9;48.6;110.0;0.0;290.0;80.0;92.0;144.0
2017-10-03 00:00:00;17.4;48.8;120.0;0.0;280.0;80.0;93.0;142.0
2017-10-03 01:00:00;17.2;48.3;100.0;0.0;280.0;70.0;92.0;140.0
2017-10-03 02:00:00;14.5;48.7;100.0;0.0;280.0;60.0;93.0;131.0
2017-10-03 03:00:00;14.7;49.1;120.0;4.0;290.0;60.0;105.0;120.0
2017-10-03 04:00:00;12.1;48.4;120.0;6.0;290.0;60.0;101.0;127.0
2017-10-03 05:00:00;19.0;42.7;90.0;2.0;290.0;60.0;92.0;123.0
2017-10-03 06:00:00;27.4;39.7;90.0;0.0;300.0;60.0;92.0;131.0
2017-10-03 07:00:00;28.4;36.5;110.0;1.0;290.0;60.0;97.0;134.0
2017-10-03 08:00:00;28.5;37.9;110.0;1.0;280.0;60.0;104.0;144.0
2017-10-03 09:00:00;17.4;48.8;120.0;0.0;290.0;70.0;99.0;150.0
2017-10-03 10:00:00;14.5;50.8;130.0;0.0;290.0;90.0;99.0;162.0
2017-10-03 11:00:00;20.1;46.9;120.0;1.0;280.0;80.0;102.0;139.0
2017-10-03 12:00:00;14.9;52.8;120.0;0.0;290.0;80.0;98.0;159.0
2017-10-03 13:00:00;12.0;54.5;110.0;0.0;290.0;80.0;92.0;147.0
2017-10-03 14:00:00;17.9;52.1;110.0;0.0;290.0;70.0;92.0;149.0
2017-10-03 15:00:00;16.5;53.8;110.0;0.0;280.0;70.0;86.0;138.0
2017-10-03 16:00:00;11.7;60.9;80.0;0.0;280.0;50.0;85.0;138.0
2017-10-03 17:00:00;16.2;55.5;80.0;0.0;280.0;50.0;83.0;138.0
2017-10-03 18:00:00;21.5;49.6;70.0;0.0;270.0;40.0;80.0;136.0
2017-10-03 19:00:00;23.6;46.8;80.0;0.0;260.0;50.0;85.0;137.0
2017-10-03 20:00:00;14.9;53.8;80.0;0.0;270.0;50.0;76.0;136.0
2017-10-03 21:00:00;14.0;55.5;80.0;0.0;260.0;50.0;72.0;139.0
2017-10-03 22:00:00;9.3;58.9;90.0;0.0;260.0;60.0;70.0;138.0
2017-10-03 23:00:00;10.2;59.6;90.0;0.0;270.0;60.0;69.0;135.0
2017-10-04 00:00:00;8.9;60.1;90.0;0.0;270.0;60.0;72.0;134.0
2017-10-04 01:00:00;6.8;60.3;90.0;0.0;260.0;60.0;66.0;132.0
2017-10-04 02:00:00;7.5;58.9;100.0;0.0;270.0;70.0;62.0;128.0
2017-10-04 03:00:00;6.7;60.3;100.0;0.0;270.0;70.0;62.0;124.0
2017-10-04 04:00:00;6.0;62.5;80.0;0.0;260.0;60.0;68.0;128.0
2017-10-04 05:00:00;10.7;57.4;90.0;0.0;250.0;60.0;64.0;129.0
2017-10-04 06:00:00;20.0;50.4;100.0;0.0;240.0;70.0;68.0;130.0
2017-10-04 07:00:00;25.0;47.3;110.0;0.0;260.0;70.0;74.0;138.0
2017-10-04 08:00:00;22.0;47.1;130.0;0.0;250.0;80.0;69.0;141.0
2017-10-04 09:00:00;16.9;53.4;140.0;0.0;260.0;90.0;72.0;145.0
2017-10-04 10:00:00;13.2;59.1;150.0;0.0;260.0;100.0;82.0;153.0
2017-10-04 11:00:00;10.0;61.7;150.0;0.0;250.0;110.0;84.0;142.0
2017-10-04 12:00:00;8.1;64.6;140.0;0.0;260.0;100.0;78.0;140.0
2017-10-04 13:00:00;10.4;61.9;140.0;0.0;260.0;100.0;74.0;139.0
2017-10-04 14:00:00;12.3;61.6;140.0;0.0;250.0;90.0;77.0;138.0
2017-10-04 15:00:00;13.3;59.2;130.0;0.0;250.0;80.0;79.0;139.0
2017-10-04 16:00:00;14.4;57.3;140.0;0.0;250.0;90.0;83.0;136.0
2017-10-04 17:00:00;14.3;56.1;130.0;0.0;250.0;80.0;86.0;139.0
2017-10-04 18:00:00;16.0;54.6;120.0;0.0;250.0;80.0;87.0;144.0
2017-10-04 19:00:00;11.6;56.9;120.0;0.0;250.0;80.0;89.0;147.0
2017-10-04 20:00:00;11.5;57.5;120.0;0.0;250.0;80.0;99.0;140.0
2017-10-04 21:00:00;12.2;57.3;150.0;9.0;250.0;80.0;114.0;125.0
2017-10-04 22:00:00;11.6;54.0;130.0;10.0;260.0;80.0;109.0;125.0
2017-10-04 23:00:00;7.3;57.0;100.0;8.0;240.0;60.0;114.0;125.0
2017-10-05 00:00:00;12.4;52.0;120.0;10.0;230.0;70.0;119.0;125.0
2017-10-05 01:00:00;23.0;41.9;130.0;10.0;240.0;80.0;121.0;129.0
2017-10-05 02:00:00;17.7;46.6;140.0;10.0;240.0;90.0;126.0;133.0
2017-10-05 03:00:00;13.2;50.0;140.0;10.0;240.0;100.0;129.0;136.0
2017-10-05 04:00:00;11.6;47.7;180.0;10.0;240.0;110.0;132.0;139.0
2017-10-05 05:00:00;14.9;42.4;190.0;10.0;250.0;120.0;137.0;147.0
2017-10-05 06:00:00;15.1;41.3;200.0;0.0;250.0;130.0;133.0;157.0
2017-10-05 07:00:00;11.0;41.9;250.0;4.0;270.0;150.0;138.0;150.0
2017-10-05 08:00:00;9.2;43.2;240.0;0.0;310.0;170.0;101.0;139.0
2017-10-05 09:00:00;8.0;53.4;230.0;0.0;310.0;140.0;90.0;140.0
2017-10-05 10:00:00;4.7;61.5;200.0;0.0;320.0;130.0;85.0;130.0
2017-10-05 11:00:00;4.7;63.9;180.0;0.0;310.0;110.0;87.0;146.0
2017-10-05 12:00:00;6.9;58.3;180.0;0.0;300.0;120.0;93.0;145.0
2017-10-05 13:00:00;5.5;59.3;160.0;1.0;310.0;110.0;92.0;136.0
2017-10-05 14:00:00;5.5;58.1;170.0;0.0;300.0;110.0;92.0;144.0
2017-10-05 15:00:00;6.5;59.3;150.0;0.0;300.0;100.0;83.0;137.0
2017-10-05 16:00:00;7.7;57.2;160.0;0.0;300.0;90.0;73.0;128.0
2017-10-05 17:00:00;8.1;58.2;140.0;0.0;300.0;90.0;62.0;124.0
2017-10-05 18:00:00;7.2;59.5;130.0;0.0;300.0;80.0;64.0;121.0
2017-10-05 19:00:00;6.4;60.6;120.0;0.0;300.0;70.0;63.0;120.0
2017-10-05 20:00:00;5.6;64.5;110.0;0.0;300.0;70.0;60.0;116.0
2017-10-05 21:00:00;5.8;66.5;100.0;0.0;300.0;60.0;58.0;116.0
2017-10-05 22:00:00;5.4;66.4;110.0;0.0;300.0;70.0;56.0;118.0
2017-10-05 23:00:00;6.1;62.6;130.0;0.0;310.0;80.0;69.0;119.0
2017-10-06 00:00:00;3.4;61.0;140.0;2.0;300.0;80.0;78.0;108.0
2017-10-06 01:00:00;3.0;59.8;110.0;3.0;300.0;50.0;84.0;103.0
2017-10-06 02:00:00;3.1;62.6;110.0;0.0;310.0;60.0;69.0;114.0
2017-10-06 03:00:00;3.8;65.1;100.0;0.0;300.0;60.0;73.0;113.0
2017-10-06 04:00:00;3.9;66.5;140.0;3.0;310.0;70.0;77.0;108.0
2017-10-06 05:00:00;8.0;61.1;130.0;3.0;300.0;80.0;82.0;107.0
2017-10-06 06:00:00;11.4;55.7;120.0;8.0;310.0;60.0;89.0;107.0
2017-10-06 07:00:00;14.1;49.1;120.0;5.0;320.0;70.0;85.0;108.0
2017-10-06 08:00:00;14.8;47.8;140.0;2.0;320.0;70.0;94.0;118.0
2017-10-06 09:00:00;10.2;49.8;160.0;4.0;330.0;80.0;86.0;126.0
2017-10-06 10:00:00;8.7;52.7;160.0;0.0;320.0;100.0;87.0;135.0
2017-10-06 11:00:00;6.0;58.4;150.0;4.0;320.0;90.0;92.0;122.0
2017-10-06 12:00:00;6.4;57.4;170.0;0.0;330.0;90.0;80.0;132.0
2017-10-06 13:00:00;7.0;59.7;130.0;0.0;310.0;80.0;86.0;139.0
2017-10-06 14:00:00;7.5;59.8;130.0;0.0;310.0;90.0;87.0;139.0
2017-10-06 15:00:00;8.9;58.0;140.0;0.0;320.0;90.0;88.0;126.0
2017-10-06 16:00:00;9.5;55.1;100.0;0.0;320.0;60.0;93.0;119.0
2017-10-06 17:00:00;9.9;53.8;110.0;1.0;300.0;60.0;95.0;115.0
2017-10-06 18:00:00;14.8;47.4;80.0;0.0;310.0;50.0;95.0;117.0
2017-10-06 19:00:00;9.4;53.4;80.0;1.0;320.0;40.0;96.0;110.0
2017-10-06 20:00:00;9.3;52.4;80.0;5.0;310.0;40.0;96.0;113.0
2017-10-06 21:00:00;15.1;47.7;100.0;0.0;280.0;50.0;95.0;112.0
2017-10-06 22:00:00;20.9;42.1;80.0;0.0;270.0;50.0;81.0;113.0
2017-10-06 23:00:00;20.9;45.6;70.0;0.0;250.0;50.0;68.0;116.0
2017-10-07 00:00:00;15.1;54.8;70.0;0.0;250.0;50.0;68.0;116.0
2017-10-07 01:00:00;16.2;55.8;80.0;0.0;230.0;40.0;75.0;108.0
2017-10-07 02:00:00;24.9;45.5;60.0;0.0;200.0;40.0;82.0;103.0
2017-10-07 03:00:00;20.8;39.4;60.0;0.0;210.0;40.0;84.0;107.0
2017-10-07 04:00:00;26.7;26.1;80.0;0.0;200.0;40.0;88.0;106.0
2017-10-07 05:00:00;30.9;20.3;70.0;0.0;210.0;50.0;91.0;116.0
2017-10-07 06:00:00;32.8;19.4;120.0;0.0;230.0;60.0;80.0;130.0
2017-10-07 07:00:00;32.2;26.0;160.0;4.0;230.0;100.0;106.0;116.0
2017-10-07 08:00:00;22.7;44.8;130.0;10.0;230.0;90.0;109.0;119.0
2017-10-07 09:00:00;24.0;39.7;130.0;4.0;230.0;90.0;116.0;124.0
2017-10-07 10:00:00;37.3;29.9;130.0;8.0;240.0;90.0;129.0;135.0
2017-10-07 11:00:00;29.6;33.5;150.0;5.0;250.0;90.0;129.0;139.0
2017-10-07 12:00:00;21.2;37.8;130.0;2.0;250.0;80.0;127.0;148.0
2017-10-07 13:00:00;19.8;36.5;130.0;2.0;250.0;90.0;132.0;145.0
2017-10-07 14:00:00;16.0;37.0;130.0;2.0;260.0;90.0;129.0;149.0
2017-10-07 15:00:00;16.6;34.0;110.0;3.0;260.0;80.0;132.0;144.0
2017-10-07 16:00:00;13.2;36.4;120.0;6.0;260.0;80.0;121.0;132.0
2017-10-07 17:00:00;18.6;33.9;100.0;8.0;300.0;60.0;121.0;132.0
2017-10-07 18:00:00;19.9;35.7;100.0;10.0;290.0;60.0;124.0;134.0
2017-10-07 19:00:00;13.9;40.4;100.0;6.0;290.0;70.0;123.0;133.0
2017-10-07 20:00:00;19.2;33.9;90.0;3.0;290.0;50.0;116.0;125.0
2017-10-07 21:00:00;8.8;38.9;70.0;0.0;300.0;40.0;110.0;124.0
2017-10-07 22:00:00;11.9;34.7;70.0;0.0;290.0;40.0;113.0;129.0
2017-10-07 23:00:00;5.8;43.8;70.0;1.0;290.0;40.0;109.0;124.0
2017-10-08 00:00:00;7.7;40.2;60.0;0.0;290.0;40.0;106.0;120.0
2017-10-08 01:00:00;8.1;38.9;60.0;0.0;290.0;40.0;111.0;129.0
2017-10-08 02:00:00;19.3;29.7;90.0;0.0;300.0;50.0;113.0;127.0
2017-10-08 03:00:00;5.9;46.1;80.0;0.0;310.0;50.0;104.0;124.0
2017-10-08 04:00:00;3.5;52.4;80.0;0.0;330.0;50.0;106.0;124.0
2017-10-08 05:00:00;3.4;53.5;70.0;0.0;310.0;30.0;110.0;118.0
2017-10-08 06:00:00;6.2;46.7;40.0;0.0;300.0;20.0;113.0;125.0
2017-10-08 07:00:00;13.6;34.6;40.0;0.0;320.0;20.0;110.0;128.0
2017-10-08 08:00:00;10.2;43.4;50.0;0.0;10.0;30.0;106.0;142.0
2017-10-08 09:00:00;7.8;52.8;50.0;0.0;360.0;30.0;99.0;141.0
2017-10-08 10:00:00;6.0;60.2;80.0;0.0;320.0;30.0;91.0;141.0
2017-10-08 11:00:00;6.3;59.9;90.0;0.0;340.0;40.0;95.0;128.0
2017-10-08 12:00:00;8.7;58.5;70.0;0.0;340.0;40.0;97.0;139.0
2017-10-08 13:00:00;11.1;58.2;60.0;0.0;330.0;30.0;94.0;144.0
2017-10-08 14:00:00;6.9;63.2;80.0;0.0;350.0;30.0;82.0;136.0
2017-10-08 15:00:00;9.2;60.1;60.0;0.0;340.0;40.0;84.0;131.0
2017-10-08 16:00:00;13.9;54.4;60.0;0.0;360.0;30.0;79.0;125.0
2017-10-08 17:00:00;16.0;49.7;40.0;0.0;310.0;10.0;83.0;121.0
2017-10-08 18:00:00;15.3;40.3;20.0;0.0;290.0;10.0;77.0;119.0
2017-10-08 19:00:00;19.5;24.6;10.0;0.0;0.0;10.0;83.0;123.0
2017-10-08 20:00:00;26.5;16.8;10.0;0.0;170.0;0.0;92.0;117.0
2017-10-08 21:00:00;25.0;19.9;20.0;0.0;200.0;10.0;92.0;113.0
2017-10-08 22:00:00;26.0;12.0;20.0;0.0;330.0;10.0;96.0;115.0
2017-10-08 23:00:00;38.8;11.5;40.0;0.0;230.0;20.0;99.0;112.0
2017-10-09 00:00:00;21.4;31.5;30.0;0.0;190.0;20.0;97.0;107.0
2017-10-09 01:00:00;18.3;24.1;30.0;0.0;180.0;20.0;95.0;108.0
2017-10-09 02:00:00;21.9;36.9;30.0;0.0;160.0;20.0;100.0;110.0
2017-10-09 03:00:00;18.1;40.0;30.0;0.0;170.0;20.0;104.0;110.0
2017-10-09 04:00:00;21.8;26.9;40.0;0.0;170.0;30.0;105.0;112.0
2017-10-09 05:00:00;28.6;14.6;30.0;0.0;170.0;20.0;106.0;112.0
2017-10-09 06:00:00;37.1;4.8;30.0;2.0;150.0;10.0;108.0;114.0
2017-10-09 07:00:00;50.4;-2.8;30.0;4.0;150.0;20.0;114.0;118.0
2017-10-09 08:00:00;55.7;-2.3;40.0;5.0;160.0;30.0;116.0;122.0
2017-10-09 09:00:00;49.2;4.7;70.0;4.0;220.0;40.0;116.0;128.0
2017-10-09 10:00:00;47.9;7.3;50.0;9.0;0.0;20.0;109.0;121.0
2017-10-09 11:00:00;54.4;4.8;30.0;8.0;170.0;10.0;117.0;123.0
2017-10-09 12:00:00;36.2;28.4;40.0;0.0;190.0;30.0;123.0;130.0
2017-10-09 13:00:00;45.3;15.0;50.0;0.0;270.0;30.0;121.0;144.0
2017-10-09 14:00:00;52.2;5.6;90.0;3.0;270.0;50.0;122.0;133.0
2017-10-09 15:00:00;43.8;18.9;50.0;5.0;260.0;30.0;127.0;133.0
2017-10-09 16:00:00;18.2;48.0;50.0;5.0;250.0;30.0;124.0;134.0
2017-10-09 17:00:00;24.3;39.5;40.0;0.0;260.0;20.0;118.0;135.0
2017-10-09 18:00:00;28.3;37.6;30.0;0.0;170.0;20.0;121.0;128.0
2017-10-09 19:00:00;43.5;21.0;70.0;0.0;200.0;40.0;116.0;132.0
2017-10-09 20:00:00;52.8;5.4;60.0;3.0;200.0;40.0;124.0;132.0
2017-10-09 21:00:00;46.9;9.7;80.0;5.0;210.0;40.0;128.0;136.0
2017-10-09 22:00:00;39.8;14.5;70.0;6.0;200.0;50.0;128.0;134.0
2017-10-09 23:00:00;29.0;20.1;60.0;7.0;210.0;40.0;131.0;134.0
2017-10-10 00:00:00;26.1;19.3;60.0;0.0;220.0;40.0;128.0;134.0
2017-10-10 01:00:00;22.4;21.6;60.0;0.0;210.0;40.0;128.0;133.0
2017-10-10 02:00:00;22.9;17.5;60.0;5.0;220.0;40.0;129.0;132.0
2017-10-10 03:00:00;26.0;15.3;50.0;0.0;250.0;40.0;127.0;135.0
2017-10-10 04:00:00;28.1;13.3;50.0;0.0;260.0;40.0;111.0;125.0
2017-10-10 05:00:00;27.2;12.5;60.0;0.0;240.0;40.0;109.0;126.0
2017-10-10 06:00:00;44.6;1.6;60.0;0.0;210.0;40.0;117.0;132.0
2017-10-10 07:00:00;54.7;-4.6;70.0;0.0;200.0;40.0;120.0;135.0
2017-10-10 08:00:00;56.1;-3.5;80.0;0.0;200.0;50.0;129.0;147.0
2017-10-10 09:00:00;49.1;4.0;100.0;0.0;230.0;70.0;128.0;150.0
2017-10-10 10:00:00;54.6;3.3;110.0;0.0;230.0;70.0;136.0;154.0
2017-10-10 11:00:00;45.6;13.0;110.0;0.0;250.0;70.0;135.0;163.0
2017-10-10 12:00:00;32.2;28.4;110.0;0.0;240.0;80.0;128.0;156.0
2017-10-10 13:00:00;23.4;38.9;120.0;0.0;240.0;80.0;126.0;160.0
2017-10-10 14:00:00;21.7;41.0;120.0;0.0;240.0;80.0;125.0;151.0
2017-10-10 15:00:00;20.3;43.2;110.0;0.0;240.0;70.0;118.0;150.0
2017-10-10 16:00:00;29.7;33.4;110.0;0.0;240.0;70.0;123.0;148.0
2017-10-10 17:00:00;29.9;34.1;100.0;0.0;230.0;60.0;122.0;150.0
2017-10-10 18:00:00;28.0;35.8;90.0;0.0;230.0;60.0;127.0;151.0
2017-10-10 19:00:00;31.9;31.0;110.0;0.0;230.0;80.0;128.0;151.0
2017-10-10 20:00:00;29.4;33.8;110.0;0.0;220.0;70.0;129.0;148.0
2017-10-10 21:00:00;26.4;41.7;110.0;0.0;230.0;70.0;131.0;151.0
2017-10-10 22:00:00;23.1;38.4;110.0;0.0;220.0;70.0;132.0;148.0
2017-10-10 23:00:00;17.5;41.7;120.0;0.0;230.0;80.0;130.0;151.0
2017-10-11 00:00:00;14.6;40.7;120.0;0.0;220.0;80.0;134.0;148.0
2017-10-11 01:00:00;18.5;39.8;120.0;5.0;230.0;80.0;136.0;150.0
2017-10-11 02:00:00;14.2;40.6;120.0;2.0;220.0;80.0;136.0;149.0
2017-10-11 03:00:00;16.3;34.6;130.0;2.0;230.0;80.0;136.0;151.0
2017-10-11 04:00:00;13.8;34.1;130.0;0.0;230.0;90.0;134.0;151.0
2017-10-11 05:00:00;20.3;31.1;120.0;0.0;230.0;90.0;132.0;150.0
2017-10-11 06:00:00;33.7;20.4;120.0;0.0;210.0;80.0;130.0;148.0
2017-10-11 07:00:00;33.8;20.2;130.0;0.0;210.0;80.0;131.0;149.0
2017-10-11 08:00:00;28.2;23.0;120.0;0.0;210.0;90.0;125.0;148.0
2017-10-11 09:00:00;22.1;26.8;130.0;0.0;210.0;90.0;121.0;152.0
2017-10-11 10:00:00;20.9;29.1;120.0;0.0;210.0;90.0;122.0;154.0
2017-10-11 11:00:00;19.8;31.6;130.0;0.0;220.0;90.0;119.0;151.0
2017-10-11 12:00:00;20.9;31.4;130.0;0.0;210.0;90.0;114.0;154.0
2017-10-11 13:00:00;21.1;34.4;130.0;0.0;210.0;90.0;114.0;153.0
2017-10-11 14:00:00;16.5;41.3;130.0;0.0;210.0;90.0;108.0;151.0
2017-10-11 15:00:00;18.6;40.1;130.0;0.0;200.0;90.0;107.0;148.0
2017-10-11 16:00:00;23.3;36.2;130.0;0.0;210.0;80.0;99.0;147.0
2017-10-11 17:00:00;21.2;38.5;120.0;0.0;200.0;80.0;100.0;143.0
2017-10-11 18:00:00;19.0;41.4;120.0;0.0;200.0;80.0;103.0;143.0
2017-10-11 19:00:00;21.0;39.4;120.0;0.0;200.0;80.0;107.0;145.0
2017-10-11 20:00:00;20.3;35.4;130.0;0.0;200.0;90.0;113.0;147.0
2017-10-11 21:00:00;20.0;32.7;160.0;6.0;210.0;100.0;124.0;139.0
2017-10-11 22:00:00;19.3;33.4;140.0;10.0;210.0;90.0;128.0;139.0
2017-10-11 23:00:00;15.1;34.5;140.0;5.0;240.0;90.0;124.0;149.0
2017-10-12 00:00:00;16.3;32.4;130.0;0.0;260.0;80.0;122.0;150.0
2017-10-12 01:00:00;15.9;43.8;130.0;0.0;260.0;90.0;106.0;141.0
2017-10-12 02:00:00;5.8;48.7;130.0;0.0;270.0;80.0;98.0;133.0
2017-10-12 03:00:00;4.1;46.6;130.0;0.0;280.0;80.0;89.0;135.0
2017-10-12 04:00:00;9.6;41.7;130.0;0.0;270.0;80.0;83.0;128.0
2017-10-12 05:00:00;17.1;37.7;110.0;0.0;270.0;70.0;78.0;128.0
2017-10-12 06:00:00;24.7;35.0;100.0;0.0;270.0;60.0;75.0;128.0
2017-10-12 07:00:00;26.9;31.2;100.0;0.0;260.0;70.0;79.0;136.0
2017-10-12 08:00:00;20.1;36.5;130.0;0.0;260.0;90.0;72.0;138.0
2017-10-12 09:00:00;14.1;44.3;130.0;0.0;260.0;90.0;74.0;145.0
2017-10-12 10:00:00;9.3;51.0;130.0;0.0;270.0;90.0;75.0;148.0
2017-10-12 11:00:00;9.2;54.6;120.0;0.0;260.0;90.0;81.0;151.0
2017-10-12 12:00:00;8.6;58.8;130.0;0.0;250.0;90.0;78.0;154.0
2017-10-12 13:00:00;12.5;56.3;140.0;0.0;250.0;90.0;84.0;148.0
2017-10-12 14:00:00;9.9;59.2;120.0;0.0;250.0;80.0;94.0;153.0
2017-10-12 15:00:00;12.2;56.6;100.0;0.0;240.0;70.0;102.0;148.0
2017-10-12 16:00:00;16.4;45.9;80.0;0.0;230.0;60.0;108.0;142.0
2017-10-12 17:00:00;25.3;34.5;80.0;0.0;230.0;50.0;104.0;137.0
2017-10-12 18:00:00;37.9;21.8;70.0;0.0;220.0;40.0;106.0;128.0
2017-10-12 19:00:00;36.7;26.5;60.0;0.0;200.0;40.0;100.0;115.0
2017-10-12 20:00:00;41.3;17.6;60.0;0.0;190.0;40.0;102.0;114.0
2017-10-12 21:00:00;38.2;15.0;60.0;0.0;210.0;40.0;105.0;119.0
2017-10-12 22:00:00;48.0;6.2;60.0;0.0;200.0;40.0;100.0;110.0
2017-10-12 23:00:00;39.0;11.8;50.0;0.0;190.0;30.0;101.0;111.0
2017-10-13 00:00:00;30.5;16.9;50.0;0.0;190.0;40.0;110.0;120.0
2017-10-13 01:00:00;31.3;13.2;60.0;0.0;190.0;40.0;111.0;122.0
2017-10-13 02:00:00;29.6;10.9;60.0;0.0;180.0;40.0;105.0;113.0
2017-10-13 03:00:00;28.8;10.5;50.0;0.0;190.0;30.0;106.0;113.0
2017-10-13 04:00:00;23.8;13.2;50.0;0.0;190.0;40.0;107.0;113.0
2017-10-13 05:00:00;31.6;6.6;70.0;0.0;200.0;40.0;108.0;115.0
2017-10-13 06:00:00;44.6;-3.3;60.0;0.0;200.0;40.0;125.0;129.0
2017-10-13 07:00:00;46.1;-1.6;80.0;0.0;200.0;60.0;129.0;138.0
2017-10-13 08:00:00;39.1;3.0;80.0;0.0;210.0;60.0;137.0;151.0
2017-10-13 09:00:00;35.0;10.8;90.0;0.0;220.0;60.0;144.0;169.0
2017-10-13 10:00:00;30.6;16.5;140.0;0.0;240.0;90.0;143.0;184.0
2017-10-13 11:00:00;29.5;26.0;130.0;0.0;240.0;90.0;141.0;177.0
2017-10-13 12:00:00;24.4;36.9;130.0;0.0;240.0;80.0;143.0;176.0
2017-10-13 13:00:00;22.0;38.5;140.0;0.0;230.0;90.0;145.0;178.0
2017-10-13 14:00:00;21.0;36.9;130.0;0.0;220.0;90.0;147.0;180.0
2017-10-13 15:00:00;24.7;31.1;110.0;0.0;230.0;70.0;145.0;179.0
2017-10-13 16:00:00;26.7;26.5;110.0;0.0;210.0;80.0;144.0;171.0
2017-10-13 17:00:00;26.0;27.0;100.0;0.0;220.0;60.0;147.0;172.0
2017-10-13 18:00:00;19.2;29.3;90.0;0.0;210.0;60.0;147.0;171.0
2017-10-13 19:00:00;19.4;26.7;80.0;0.0;220.0;50.0;147.0;168.0
2017-10-13 20:00:00;26.3;16.7;110.0;0.0;230.0;70.0;138.0;161.0
2017-10-13 21:00:00;32.9;16.1;100.0;0.0;230.0;70.0;142.0;156.0
2017-10-13 22:00:00;22.7;27.6;90.0;0.0;200.0;40.0;138.0;148.0
2017-10-13 23:00:00;19.6;26.4;60.0;0.0;200.0;40.0;133.0;141.0
2017-10-14 00:00:00;21.5;22.7;60.0;0.0;210.0;40.0;133.0;139.0
2017-10-14 01:00:00;17.0;24.1;50.0;0.0;210.0;40.0;130.0;135.0
2017-10-14 02:00:00;20.2;19.6;50.0;0.0;220.0;40.0;125.0;129.0
2017-10-14 03:00:00;19.2;19.5;60.0;0.0;210.0;40.0;134.0;138.0
2017-10-14 04:00:00;21.0;17.3;60.0;0.0;220.0;40.0;136.0;144.0
2017-10-14 05:00:00;26.4;15.1;70.0;0.0;210.0;40.0;134.0;141.0
2017-10-14 06:00:00;35.0;13.9;50.0;0.0;190.0;40.0;132.0;136.0
2017-10-14 07:00:00;30.9;10.8;70.0;0.0;210.0;50.0;143.0;153.0
2017-10-14 08:00:00;31.6;8.3;80.0;0.0;220.0;60.0;150.0;169.0
2017-10-14 09:00:00;28.7;14.7;90.0;0.0;220.0;60.0;152.0;182.0
2017-10-14 10:00:00;35.3;14.4;90.0;0.0;220.0;70.0;146.0;185.0
2017-10-14 11:00:00;30.1;25.3;100.0;0.0;230.0;70.0;144.0;188.0
2017-10-14 12:00:00;24.4;29.8;100.0;0.0;230.0;70.0;142.0;184.0
2017-10-14 13:00:00;24.9;33.9;100.0;0.0;230.0;60.0;143.0;192.0
2017-10-14 14:00:00;23.9;37.1;100.0;0.0;240.0;60.0;134.0;187.0
2017-10-14 15:00:00;22.4;43.6;100.0;0.0;230.0;70.0;133.0;177.0
2017-10-14 16:00:00;20.5;46.6;90.0;0.0;230.0;50.0;130.0;165.0
2017-10-14 17:00:00;25.4;44.4;70.0;0.0;230.0;50.0;130.0;155.0
2017-10-14 18:00:00;27.5;38.9;60.0;0.0;210.0;30.0;120.0;136.0
2017-10-14 19:00:00;31.6;34.5;50.0;0.0;180.0;40.0;121.0;132.0
2017-10-14 20:00:00;41.8;20.3;40.0;0.0;160.0;30.0;120.0;127.0
2017-10-14 21:00:00;44.8;1.8;40.0;0.0;170.0;20.0;115.0;119.0
2017-10-14 22:00:00;40.6;-3.3;30.0;0.0;140.0;20.0;120.0;123.0
2017-10-14 23:00:00;42.2;-3.3;30.0;0.0;130.0;20.0;120.0;123.0
2017-10-15 00:00:00;52.1;-3.3;30.0;0.0;140.0;20.0;118.0;119.0
2017-10-15 01:00:00;43.5;-3.3;50.0;0.0;150.0;20.0;127.0;129.0
2017-10-15 02:00:00;39.1;-3.3;50.0;0.0;130.0;20.0;124.0;127.0
2017-10-15 03:00:00;34.7;-3.3;40.0;0.0;140.0;20.0;125.0;129.0
2017-10-15 04:00:00;30.8;-4.8;40.0;0.0;150.0;30.0;121.0;123.0
2017-10-15 05:00:00;33.3;-4.8;40.0;0.0;150.0;30.0;118.0;120.0
2017-10-15 06:00:00;33.9;-4.8;50.0;0.0;150.0;30.0;119.0;123.0
2017-10-15 07:00:00;34.4;-2.8;60.0;0.0;160.0;40.0;128.0;138.0
2017-10-15 08:00:00;27.1;4.6;60.0;0.0;160.0;40.0;137.0;158.0
2017-10-15 09:00:00;25.1;12.3;70.0;0.0;160.0;50.0;140.0;175.0
2017-10-15 10:00:00;23.9;22.6;70.0;0.0;160.0;50.0;147.0;191.0
2017-10-15 11:00:00;19.0;35.3;90.0;0.0;170.0;60.0;149.0;200.0
2017-10-15 12:00:00;15.5;45.7;80.0;0.0;170.0;60.0;152.0;210.0
2017-10-15 13:00:00;13.7;54.9;90.0;0.0;170.0;60.0;150.0;212.0
2017-10-15 14:00:00;13.2;61.3;90.0;0.0;170.0;50.0;151.0;211.0
2017-10-15 15:00:00;15.4;60.5;70.0;0.0;160.0;50.0;150.0;199.0
2017-10-15 16:00:00;18.6;55.5;70.0;0.0;160.0;50.0;144.0;183.0
2017-10-15 17:00:00;25.1;49.0;60.0;0.0;160.0;40.0;136.0;174.0
2017-10-15 18:00:00;32.4;41.9;60.0;0.0;180.0;40.0;135.0;170.0
2017-10-15 19:00:00;27.4;46.0;60.0;0.0;170.0;40.0;131.0;159.0
2017-10-15 20:00:00;26.4;41.4;60.0;0.0;180.0;40.0;128.0;156.0
2017-10-15 21:00:00;26.7;35.6;60.0;0.0;180.0;40.0;130.0;156.0
2017-10-15 22:00:00;25.8;34.8;60.0;0.0;180.0;40.0;130.0;147.0
2017-10-15 23:00:00;27.5;29.1;50.0;0.0;170.0;30.0;129.0;142.0
2017-10-16 00:00:00;24.7;27.8;50.0;0.0;170.0;40.0;128.0;137.0
2017-10-16 01:00:00;23.0;25.2;50.0;0.0;170.0;40.0;129.0;137.0
2017-10-16 02:00:00;20.4;22.4;50.0;0.0;170.0;40.0;133.0;142.0
2017-10-16 03:00:00;21.4;17.2;60.0;0.0;170.0;40.0;133.0;143.0
2017-10-16 04:00:00;21.5;18.0;60.0;0.0;170.0;40.0;134.0;143.0
2017-10-16 05:00:00;28.0;9.6;60.0;0.0;180.0;40.0;134.0;143.0
2017-10-16 06:00:00;37.0;1.4;50.0;0.0;180.0;40.0;141.0;153.0
2017-10-16 07:00:00;42.8;-0.6;50.0;0.0;180.0;40.0;151.0;173.0
2017-10-16 08:00:00;43.7;2.1;60.0;0.0;200.0;40.0;160.0;192.0
2017-10-16 09:00:00;38.7;7.2;80.0;0.0;200.0;50.0;167.0;209.0
2017-10-16 10:00:00;31.8;13.6;70.0;0.0;170.0;50.0;170.0;216.0
2017-10-16 11:00:00;28.4;19.2;80.0;0.0;160.0;50.0;169.0;222.0
2017-10-16 12:00:00;32.3;22.1;80.0;0.0;160.0;60.0;175.0;228.0
2017-10-16 13:00:00;33.2;28.1;90.0;0.0;160.0;60.0;169.0;233.0
2017-10-16 14:00:00;29.4;34.3;90.0;0.0;160.0;60.0;170.0;230.0
2017-10-16 15:00:00;32.8;33.8;90.0;0.0;160.0;50.0;171.0;217.0
2017-10-16 16:00:00;46.7;21.1;80.0;0.0;160.0;60.0;164.0;208.0
2017-10-16 17:00:00;35.5;35.6;80.0;0.0;170.0;60.0;161.0;204.0
2017-10-16 18:00:00;35.7;34.9;80.0;0.0;180.0;50.0;156.0;193.0
2017-10-16 19:00:00;28.8;37.5;70.0;0.0;210.0;50.0;150.0;174.0
2017-10-16 20:00:00;29.2;29.4;60.0;0.0;230.0;40.0;147.0;177.0
2017-10-16 21:00:00;40.6;16.1;100.0;0.0;230.0;50.0;130.0;179.0
2017-10-16 22:00:00;47.5;12.6;110.0;0.0;230.0;80.0;111.0;165.0
2017-10-16 23:00:00;16.3;48.0;100.0;0.0;230.0;70.0;109.0;153.0
2017-10-17 00:00:00;16.1;50.3;90.0;0.0;230.0;60.0;110.0;151.0
2017-10-17 01:00:00;15.2;53.4;90.0;0.0;220.0;60.0;102.0;142.0
2017-10-17 02:00:00;12.6;54.9;80.0;0.0;220.0;50.0;103.0;133.0
2017-10-17 03:00:00;11.4;56.2;80.0;0.0;240.0;40.0;101.0;137.0
2017-10-17 04:00:00;14.8;55.7;70.0;0.0;220.0;50.0;101.0;129.0
2017-10-17 05:00:00;20.2;50.8;70.0;0.0;220.0;40.0;101.0;124.0
2017-10-17 06:00:00;36.1;29.9;60.0;0.0;200.0;40.0;107.0;126.0
2017-10-17 07:00:00;60.9;2.7;60.0;0.0;210.0;40.0;111.0;138.0
2017-10-17 08:00:00;60.0;7.6;70.0;0.0;210.0;50.0;115.0;145.0
2017-10-17 09:00:00;48.2;18.5;70.0;0.0;210.0;40.0;118.0;151.0
2017-10-17 10:00:00;47.3;20.8;90.0;0.0;230.0;50.0;114.0;153.0
2017-10-17 11:00:00;21.7;49.9;100.0;0.0;230.0;60.0;105.0;153.0
2017-10-17 12:00:00;30.9;37.5;100.0;0.0;230.0;70.0;85.0;150.0
2017-10-17 13:00:00;25.2;46.1;90.0;0.0;230.0;60.0;85.0;147.0
2017-10-17 14:00:00;29.5;46.6;80.0;0.0;230.0;50.0;89.0;145.0
2017-10-17 15:00:00;25.9;50.8;70.0;0.0;220.0;40.0;94.0;137.0
2017-10-17 16:00:00;21.7;52.5;60.0;0.0;210.0;40.0;89.0;120.0
2017-10-17 17:00:00;47.5;25.6;40.0;0.0;180.0;30.0;85.0;109.0
2017-10-17 18:00:00;49.1;23.0;40.0;0.0;170.0;30.0;89.0;111.0
2017-10-17 19:00:00;55.4;7.4;30.0;0.0;170.0;20.0;84.0;100.0
2017-10-17 20:00:00;54.5;5.5;30.0;0.0;200.0;20.0;88.0;95.0
2017-10-17 21:00:00;55.2;2.5;20.0;0.0;0.0;10.0;95.0;98.0
2017-10-17 22:00:00;42.7;3.2;10.0;0.0;0.0;10.0;82.0;85.0
2017-10-17 23:00:00;42.2;-4.6;20.0;0.0;50.0;10.0;101.0;106.0
2017-10-18 00:00:00;39.8;-4.6;20.0;0.0;100.0;10.0;108.0;113.0
2017-10-18 01:00:00;39.7;-4.6;20.0;0.0;120.0;10.0;109.0;116.0
2017-10-18 02:00:00;38.9;-4.6;20.0;0.0;110.0;10.0;109.0;119.0
2017-10-18 03:00:00;43.3;-4.6;30.0;0.0;80.0;20.0;107.0;117.0
2017-10-18 04:00:00;39.8;-1.6;40.0;0.0;90.0;20.0;111.0;125.0
2017-10-18 05:00:00;31.0;8.0;40.0;0.0;70.0;20.0;112.0;126.0
2017-10-18 06:00:00;32.9;10.3;50.0;0.0;90.0;30.0;110.0;130.0
2017-10-18 07:00:00;37.7;8.2;50.0;0.0;70.0;30.0;112.0;139.0
2017-10-18 08:00:00;30.5;12.0;50.0;0.0;70.0;30.0;114.0;146.0
2017-10-18 09:00:00;23.8;20.4;60.0;0.0;70.0;40.0;121.0;156.0
2017-10-18 10:00:00;20.4;24.9;70.0;0.0;50.0;30.0;124.0;164.0
2017-10-18 11:00:00;19.0;26.8;70.0;0.0;60.0;30.0;129.0;169.0
2017-10-18 12:00:00;19.0;28.8;50.0;0.0;70.0;30.0;134.0;174.0
2017-10-18 13:00:00;22.3;24.6;50.0;0.0;70.0;30.0;139.0;176.0
2017-10-18 14:00:00;22.1;24.4;40.0;0.0;80.0;30.0;139.0;170.0
2017-10-18 15:00:00;23.5;21.8;40.0;0.0;100.0;20.0;135.0;160.0
2017-10-18 16:00:00;34.0;10.7;40.0;0.0;140.0;30.0;129.0;148.0
2017-10-18 17:00:00;43.0;-2.9;30.0;0.0;100.0;20.0;123.0;135.0
2017-10-18 18:00:00;46.9;-2.9;30.0;0.0;100.0;10.0;126.0;136.0
2017-10-18 19:00:00;40.4;-2.9;30.0;0.0;110.0;10.0;131.0;142.0
2017-10-18 20:00:00;34.9;-2.9;50.0;0.0;130.0;30.0;132.0;147.0
2017-10-18 21:00:00;40.9;-2.9;40.0;0.0;140.0;30.0;133.0;148.0
2017-10-18 22:00:00;38.9;-2.9;30.0;0.0;160.0;10.0;129.0;139.0
2017-10-18 23:00:00;42.3;-2.9;20.0;0.0;150.0;20.0;123.0;133.0
2017-10-19 00:00:00;47.3;-2.9;20.0;0.0;130.0;20.0;125.0;130.0
2017-10-19 01:00:00;40.3;-2.9;30.0;0.0;150.0;20.0;122.0;125.0
2017-10-19 02:00:00;44.6;-2.9;30.0;0.0;140.0;10.0;113.0;116.0
2017-10-19 03:00:00;44.4;-2.9;30.0;0.0;120.0;20.0;118.0;121.0
2017-10-19 04:00:00;48.6;-2.9;30.0;0.0;130.0;20.0;120.0;122.0
2017-10-19 05:00:00;46.1;-2.9;30.0;0.0;120.0;20.0;122.0;125.0
2017-10-19 06:00:00;50.5;-2.9;40.0;0.0;130.0;20.0;124.0;133.0
2017-10-19 07:00:00;52.4;-2.9;60.0;0.0;140.0;40.0;130.0;141.0
2017-10-19 08:00:00;47.3;-4.3;70.0;0.0;140.0;50.0;127.0;150.0
2017-10-19 09:00:00;48.2;1.0;80.0;0.0;140.0;50.0;125.0;169.0
2017-10-19 10:00:00;48.3;6.0;80.0;0.0;150.0;60.0;129.0;184.0
2017-10-19 11:00:00;43.1;21.2;90.0;0.0;140.0;60.0;125.0;193.0
2017-10-19 12:00:00;32.2;41.2;80.0;0.0;130.0;60.0;128.0;194.0
2017-10-19 13:00:00;37.7;39.0;80.0;0.0;130.0;50.0;140.0;192.0
2017-10-19 14:00:00;34.4;36.7;70.0;0.0;130.0;50.0;135.0;196.0
2017-10-19 15:00:00;46.8;26.3;80.0;0.0;120.0;50.0;140.0;188.0
2017-10-19 16:00:00;46.9;24.9;60.0;0.0;130.0;40.0;136.0;172.0
2017-10-19 17:00:00;48.3;24.4;60.0;0.0;130.0;50.0;138.0;170.0
2017-10-19 18:00:00;64.3;7.1;70.0;0.0;140.0;50.0;138.0;167.0
2017-10-19 19:00:00;57.1;7.3;60.0;0.0;150.0;50.0;138.0;174.0
2017-10-19 20:00:00;54.4;7.4;70.0;0.0;150.0;50.0;139.0;177.0
2017-10-19 21:00:00;52.1;6.0;70.0;0.0;150.0;50.0;141.0;172.0
2017-10-19 22:00:00;42.3;12.0;110.0;8.0;170.0;60.0;147.0;166.0
2017-10-19 23:00:00;25.5;32.5;80.0;0.0;140.0;50.0;142.0;166.0
2017-10-20 00:00:00;17.9;39.0;80.0;0.0;150.0;50.0;132.0;159.0
2017-10-20 01:00:00;28.2;28.0;90.0;0.0;150.0;60.0;124.0;155.0
2017-10-20 02:00:00;18.6;29.5;100.0;0.0;160.0;70.0;122.0;152.0
2017-10-20 03:00:00;27.0;32.4;110.0;0.0;160.0;70.0;122.0;155.0
2017-10-20 04:00:00;11.5;47.2;110.0;0.0;170.0;70.0;123.0;154.0
2017-10-20 05:00:00;12.1;46.8;130.0;1.0;230.0;70.0;109.0;132.0
2017-10-20 06:00:00;18.2;39.9;120.0;7.0;190.0;60.0;110.0;122.0
2017-10-20 07:00:00;24.3;46.8;100.0;0.0;190.0;60.0;118.0;138.0
2017-10-20 08:00:00;22.9;42.7;150.0;0.0;190.0;90.0;108.0;145.0
2017-10-20 09:00:00;16.3;42.8;150.0;2.0;190.0;100.0;109.0;135.0
2017-10-20 10:00:00;13.1;44.3;150.0;1.0;190.0;110.0;105.0;134.0
2017-10-20 11:00:00;13.1;38.9;160.0;3.0;190.0;110.0;116.0;129.0
2017-10-20 12:00:00;13.9;38.3;150.0;6.0;200.0;110.0;120.0;132.0
2017-10-20 13:00:00;16.7;35.2;140.0;0.0;200.0;100.0;120.0;137.0
2017-10-20 14:00:00;18.7;34.2;140.0;6.0;220.0;90.0;116.0;136.0
2017-10-20 15:00:00;20.9;32.7;140.0;6.0;220.0;90.0;122.0;128.0
2017-10-20 16:00:00;35.2;18.4;130.0;10.0;220.0;90.0;119.0;127.0
2017-10-20 17:00:00;31.6;27.5;120.0;4.0;230.0;80.0;113.0;138.0
2017-10-20 18:00:00;19.6;36.8;140.0;2.0;220.0;100.0;105.0;134.0
2017-10-20 19:00:00;19.1;43.8;130.0;0.0;230.0;90.0;97.0;137.0
2017-10-20 20:00:00;19.3;47.0;140.0;0.0;240.0;80.0;82.0;132.0
2017-10-20 21:00:00;23.7;46.7;100.0;0.0;210.0;60.0;86.0;111.0
2017-10-20 22:00:00;26.4;51.7;70.0;0.0;200.0;50.0;94.0;118.0
2017-10-20 23:00:00;22.5;44.4;60.0;0.0;170.0;40.0;90.0;108.0
2017-10-21 00:00:00;21.5;33.3;70.0;0.0;170.0;40.0;91.0;115.0
2017-10-21 01:00:00;21.9;26.8;80.0;0.0;170.0;50.0;90.0;114.0
2017-10-21 02:00:00;20.9;24.9;90.0;0.0;160.0;60.0;85.0;112.0
2017-10-21 03:00:00;18.8;28.1;90.0;0.0;150.0;60.0;84.0;110.0
2017-10-21 04:00:00;15.6;33.9;110.0;0.0;150.0;70.0;86.0;117.0
2017-10-21 05:00:00;16.8;33.6;110.0;0.0;170.0;70.0;94.0;116.0
2017-10-21 06:00:00;14.0;38.1;100.0;7.0;170.0;70.0;104.0;116.0
2017-10-21 07:00:00;16.1;34.3;100.0;2.0;180.0;60.0;117.0;125.0
2017-10-21 08:00:00;15.5;31.3;100.0;0.0;200.0;60.0;129.0;144.0
2017-10-21 09:00:00;14.8;28.5;130.0;0.0;210.0;80.0;131.0;147.0
2017-10-21 10:00:00;15.4;28.5;130.0;0.0;210.0;90.0;116.0;162.0
2017-10-21 11:00:00;14.7;40.1;130.0;0.0;210.0;90.0;113.0;171.0
2017-10-21 12:00:00;7.8;57.3;140.0;0.0;210.0;100.0;107.0;162.0
2017-10-21 13:00:00;8.3;58.3;150.0;0.0;200.0;90.0;94.0;159.0
2017-10-21 14:00:00;10.2;58.0;150.0;0.0;200.0;90.0;93.0;156.0
2017-10-21 15:00:00;10.2;56.8;170.0;2.0;190.0;80.0;103.0;134.0
2017-10-21 16:00:00;12.0;53.7;140.0;6.0;210.0;80.0;94.0;113.0
2017-10-21 17:00:00;12.9;52.8;110.0;2.0;200.0;70.0;91.0;120.0
2017-10-21 18:00:00;11.9;53.4;110.0;0.0;190.0;70.0;82.0;118.0
2017-10-21 19:00:00;15.8;44.7;120.0;0.0;200.0;80.0;78.0;120.0
2017-10-21 20:00:00;13.7;47.2;140.0;0.0;190.0;90.0;78.0;116.0
2017-10-21 21:00:00;10.8;52.3;120.0;0.0;180.0;80.0;81.0;113.0
2017-10-21 22:00:00;13.3;43.3;130.0;0.0;190.0;90.0;74.0;113.0
2017-10-21 23:00:00;12.7;42.1;150.0;0.0;190.0;100.0;73.0;112.0
2017-10-22 00:00:00;7.9;49.7;150.0;7.0;190.0;100.0;83.0;106.0
2017-10-22 01:00:00;5.8;52.0;150.0;5.0;180.0;100.0;87.0;101.0
2017-10-22 02:00:00;6.0;49.3;130.0;6.0;190.0;90.0;94.0;101.0
2017-10-22 03:00:00;6.1;46.8;120.0;5.0;200.0;80.0;101.0;107.0
2017-10-22 04:00:00;6.0;43.9;110.0;7.0;200.0;70.0;107.0;113.0
2017-10-22 05:00:00;11.9;39.4;90.0;1.0;240.0;50.0;107.0;122.0
2017-10-22 06:00:00;17.9;31.4;90.0;0.0;270.0;60.0;93.0;123.0
2017-10-22 07:00:00;19.0;35.9;100.0;0.0;270.0;70.0;90.0;123.0
2017-10-22 08:00:00;14.8;44.6;120.0;1.0;260.0;80.0;87.0;127.0
2017-10-22 09:00:00;7.1;54.2;120.0;0.0;250.0;80.0;78.0;127.0
2017-10-22 10:00:00;9.2;56.4;140.0;0.0;250.0;80.0;88.0;133.0
2017-10-22 11:00:00;9.5;56.1;140.0;5.0;250.0;90.0;96.0;117.0
2017-10-22 12:00:00;11.7;54.3;130.0;5.0;260.0;80.0;94.0;124.0
2017-10-22 13:00:00;13.2;51.7;140.0;1.0;260.0;90.0;85.0;118.0
2017-10-22 14:00:00;11.9;52.6;160.0;1.0;270.0;90.0;89.0;111.0
2017-10-22 15:00:00;12.6;53.4;140.0;0.0;270.0;90.0;85.0;109.0
2017-10-22 16:00:00;7.1;58.5;130.0;10.0;250.0;90.0;91.0;107.0
2017-10-22 17:00:00;9.9;57.3;120.0;10.0;260.0;80.0;94.0;109.0
2017-10-22 18:00:00;19.6;52.3;120.0;10.0;250.0;80.0;97.0;109.0
2017-10-22 19:00:00;19.0;52.7;130.0;7.0;260.0;80.0;97.0;112.0
2017-10-22 20:00:00;13.7;52.3;110.0;7.0;270.0;80.0;97.0;116.0
2017-10-22 21:00:00;14.1;49.3;130.0;3.0;260.0;80.0;94.0;118.0
2017-10-22 22:00:00;12.8;49.5;110.0;0.0;270.0;70.0;94.0;119.0
2017-10-22 23:00:00;8.6;54.4;110.0;2.0;270.0;70.0;95.0;117.0
2017-10-23 00:00:00;9.6;52.7;110.0;1.0;270.0;70.0;92.0;117.0
2017-10-23 01:00:00;8.6;54.3;90.0;0.0;260.0;60.0;88.0;119.0
2017-10-23 02:00:00;7.6;53.6;110.0;0.0;260.0;80.0;83.0;117.0
2017-10-23 03:00:00;6.9;52.2;110.0;0.0;260.0;70.0;80.0;117.0
2017-10-23 04:00:00;6.4;51.4;110.0;0.0;260.0;70.0;80.0;118.0
2017-10-23 05:00:00;13.4;45.8;120.0;0.0;270.0;80.0;78.0;118.0
2017-10-23 06:00:00;16.5;42.2;120.0;0.0;270.0;70.0;77.0;112.0
2017-10-23 07:00:00;15.4;43.2;110.0;0.0;270.0;70.0;82.0;123.0
2017-10-23 08:00:00;16.8;42.9;120.0;0.0;270.0;80.0;86.0;132.0
2017-10-23 09:00:00;18.7;43.7;120.0;0.0;270.0;80.0;85.0;132.0
2017-10-23 10:00:00;21.8;42.1;120.0;0.0;280.0;80.0;90.0;144.0
2017-10-23 11:00:00;24.5;38.7;120.0;0.0;280.0;80.0;86.0;137.0
2017-10-23 12:00:00;17.8;47.1;100.0;0.0;280.0;70.0;100.0;149.0
2017-10-23 13:00:00;10.9;58.5;100.0;0.0;270.0;60.0;91.0;146.0
2017-10-23 14:00:00;12.8;57.2;90.0;0.0;270.0;50.0;102.0;147.0
2017-10-23 15:00:00;11.0;59.9;70.0;0.0;250.0;50.0;106.0;139.0
2017-10-23 16:00:00;14.5;56.4;60.0;0.0;210.0;30.0;101.0;117.0
2017-10-23 17:00:00;20.1;48.3;40.0;0.0;180.0;30.0;103.0;113.0
2017-10-23 18:00:00;36.9;22.7;60.0;0.0;190.0;40.0;124.0;130.0
2017-10-23 19:00:00;51.1;11.8;60.0;0.0;180.0;40.0;127.0;130.0
2017-10-23 20:00:00;29.3;26.1;70.0;4.0;180.0;40.0;127.0;130.0
2017-10-23 21:00:00;20.9;23.4;70.0;4.0;180.0;50.0;129.0;132.0
2017-10-23 22:00:00;24.1;14.3;80.0;0.0;180.0;50.0;129.0;132.0
2017-10-23 23:00:00;20.3;15.5;70.0;4.0;180.0;50.0;129.0;132.0
2017-10-24 00:00:00;19.5;13.3;70.0;7.0;190.0;50.0;131.0;133.0
2017-10-24 01:00:00;17.4;13.0;60.0;0.0;200.0;40.0;134.0;136.0
2017-10-24 02:00:00;15.8;13.5;60.0;0.0;200.0;40.0;136.0;138.0
2017-10-24 03:00:00;14.3;14.2;70.0;5.0;200.0;50.0;137.0;140.0
2017-10-24 04:00:00;14.7;14.9;80.0;4.0;200.0;50.0;140.0;142.0
2017-10-24 05:00:00;19.1;11.9;80.0;8.0;210.0;50.0;139.0;143.0
2017-10-24 06:00:00;31.7;5.4;70.0;0.0;200.0;50.0;137.0;145.0
2017-10-24 07:00:00;33.0;18.1;70.0;0.0;200.0;40.0;141.0;147.0
2017-10-24 08:00:00;39.5;4.6;70.0;0.0;190.0;50.0;141.0;148.0
2017-10-24 09:00:00;33.0;9.9;80.0;5.0;190.0;60.0;147.0;149.0
2017-10-24 10:00:00;32.2;8.6;80.0;0.0;210.0;60.0;154.0;157.0
2017-10-24 11:00:00;29.8;4.2;110.0;0.0;230.0;70.0;151.0;158.0
2017-10-24 12:00:00;32.1;15.4;110.0;0.0;220.0;70.0;152.0;163.0
2017-10-24 13:00:00;28.0;28.9;120.0;2.0;220.0;80.0;155.0;167.0
2017-10-24 14:00:00;33.1;24.9;110.0;0.0;220.0;80.0;153.0;168.0
2017-10-24 15:00:00;30.6;26.5;120.0;0.0;230.0;80.0;152.0;166.0
2017-10-24 16:00:00;29.0;29.6;120.0;0.0;230.0;80.0;149.0;163.0
2017-10-24 17:00:00;32.2;27.7;130.0;0.0;230.0;90.0;146.0;164.0
2017-10-24 18:00:00;25.2;35.4;140.0;0.0;230.0;90.0;146.0;166.0
2017-10-24 19:00:00;21.6;38.2;140.0;0.0;230.0;90.0;145.0;164.0
2017-10-24 20:00:00;19.9;40.1;120.0;0.0;230.0;90.0;142.0;159.0
2017-10-24 21:00:00;22.5;36.3;120.0;0.0;230.0;80.0;144.0;163.0
2017-10-24 22:00:00;19.2;36.4;130.0;0.0;230.0;90.0;142.0;162.0
2017-10-24 23:00:00;15.4;40.6;130.0;0.0;230.0;90.0;140.0;161.0
2017-10-25 00:00:00;16.2;41.8;110.0;0.0;220.0;70.0;141.0;159.0
2017-10-25 01:00:00;13.8;41.2;120.0;0.0;220.0;70.0;142.0;157.0
2017-10-25 02:00:00;13.2;39.1;120.0;0.0;230.0;80.0;132.0;155.0
2017-10-25 03:00:00;11.9;39.6;110.0;0.0;220.0;80.0;124.0;150.0
2017-10-25 04:00:00;16.6;40.9;120.0;0.0;230.0;80.0;128.0;154.0
2017-10-25 05:00:00;22.0;40.1;130.0;0.0;230.0;90.0;122.0;147.0
2017-10-25 06:00:00;28.0;38.6;130.0;0.0;230.0;90.0;121.0;150.0
2017-10-25 07:00:00;47.0;20.9;140.0;0.0;230.0;90.0;121.0;155.0
2017-10-25 08:00:00;44.2;28.6;140.0;0.0;240.0;100.0;126.0;158.0
2017-10-25 09:00:00;30.6;44.3;140.0;0.0;250.0;90.0;131.0;159.0
2017-10-25 10:00:00;22.3;51.4;130.0;0.0;250.0;90.0;133.0;164.0
2017-10-25 11:00:00;17.7;51.5;130.0;0.0;270.0;90.0;132.0;160.0
2017-10-25 12:00:00;12.5;51.8;110.0;0.0;270.0;70.0;135.0;168.0
2017-10-25 13:00:00;13.6;50.1;100.0;0.0;280.0;60.0;117.0;154.0
2017-10-25 14:00:00;20.5;49.8;90.0;0.0;280.0;50.0;115.0;152.0
2017-10-25 15:00:00;19.3;55.9;70.0;0.0;280.0;50.0;108.0;138.0
2017-10-25 16:00:00;16.3;57.1;50.0;0.0;270.0;30.0;98.0;119.0
2017-10-25 17:00:00;18.3;50.4;50.0;0.0;270.0;20.0;92.0;110.0
2017-10-25 18:00:00;40.0;27.9;20.0;0.0;170.0;20.0;97.0;105.0
2017-10-25 19:00:00;41.4;17.3;30.0;0.0;200.0;20.0;96.0;106.0
2017-10-25 20:00:00;48.4;4.0;40.0;0.0;130.0;20.0;96.0;101.0
2017-10-25 21:00:00;53.0;-4.3;30.0;0.0;160.0;20.0;109.0;112.0
2017-10-25 22:00:00;57.6;-0.9;50.0;0.0;210.0;20.0;126.0;128.0
2017-10-25 23:00:00;47.9;5.4;40.0;0.0;210.0;30.0;117.0;120.0
2017-10-26 00:00:00;53.9;0.0;40.0;0.0;200.0;30.0;122.0;125.0
2017-10-26 01:00:00;44.3;4.5;50.0;0.0;220.0;30.0;132.0;134.0
2017-10-26 02:00:00;35.0;9.0;50.0;0.0;220.0;30.0;130.0;133.0
2017-10-26 03:00:00;29.0;13.0;50.0;0.0;220.0;40.0;122.0;125.0
2017-10-26 04:00:00;25.8;13.4;50.0;0.0;220.0;30.0;125.0;128.0
2017-10-26 05:00:00;38.0;2.4;60.0;0.0;230.0;40.0;129.0;132.0
2017-10-26 06:00:00;48.0;-3.7;60.0;0.0;220.0;30.0;130.0;136.0
2017-10-26 07:00:00;52.1;-3.6;60.0;0.0;210.0;40.0;136.0;141.0
2017-10-26 08:00:00;50.3;-0.6;60.0;0.0;240.0;40.0;135.0;148.0
2017-10-26 09:00:00;46.7;2.5;70.0;0.0;240.0;50.0;128.0;158.0
2017-10-26 10:00:00;38.7;11.7;90.0;0.0;250.0;60.0;115.0;160.0
2017-10-26 11:00:00;23.8;36.8;90.0;0.0;270.0;70.0;123.0;165.0
2017-10-26 12:00:00;23.0;37.2;90.0;0.0;280.0;70.0;110.0;153.0
2017-10-26 13:00:00;24.0;39.0;80.0;0.0;290.0;50.0;116.0;149.0
2017-10-26 14:00:00;24.7;39.3;70.0;0.0;290.0;50.0;110.0;145.0
2017-10-26 15:00:00;23.0;39.4;60.0;0.0;280.0;40.0;113.0;140.0
2017-10-26 16:00:00;30.8;31.9;50.0;0.0;280.0;30.0;110.0;137.0
2017-10-26 17:00:00;31.7;33.1;50.0;0.0;270.0;30.0;111.0;134.0
2017-10-26 18:00:00;43.1;15.2;40.0;0.0;280.0;30.0;108.0;129.0
2017-10-26 19:00:00;42.3;17.5;40.0;0.0;280.0;30.0;106.0;129.0
2017-10-26 20:00:00;45.8;10.4;50.0;0.0;290.0;30.0;104.0;127.0
2017-10-26 21:00:00;49.0;9.3;70.0;0.0;290.0;30.0;107.0;131.0
2017-10-26 22:00:00;27.1;30.6;60.0;0.0;300.0;40.0;95.0;128.0
2017-10-26 23:00:00;12.8;49.7;80.0;0.0;300.0;50.0;97.0;126.0
2017-10-27 00:00:00;5.3;58.2;90.0;0.0;310.0;60.0;94.0;126.0
2017-10-27 01:00:00;5.1;54.2;90.0;0.0;310.0;50.0;81.0;120.0
2017-10-27 02:00:00;4.6;55.8;90.0;0.0;310.0;50.0;77.0;111.0
2017-10-27 03:00:00;3.9;56.9;110.0;2.0;310.0;60.0;89.0;113.0
2017-10-27 04:00:00;4.8;56.0;100.0;0.0;320.0;50.0;84.0;111.0
2017-10-27 05:00:00;12.9;47.6;110.0;2.0;320.0;60.0;79.0;111.0
2017-10-27 06:00:00;23.8;43.0;80.0;0.0;320.0;50.0;76.0;105.0
2017-10-27 07:00:00;20.0;47.8;130.0;2.0;320.0;60.0;89.0;112.0
2017-10-27 08:00:00;12.1;55.1;120.0;0.0;330.0;60.0;86.0;125.0
2017-10-27 09:00:00;15.6;49.0;120.0;0.0;340.0;70.0;75.0;127.0
2017-10-27 10:00:00;13.6;53.8;140.0;1.0;330.0;70.0;82.0;123.0
2017-10-27 11:00:00;10.4;56.5;120.0;1.0;330.0;60.0;97.0;135.0
2017-10-27 12:00:00;8.7;56.7;110.0;0.0;330.0;70.0;70.0;137.0
2017-10-27 13:00:00;9.2;57.9;100.0;0.0;320.0;60.0;91.0;126.0
2017-10-27 14:00:00;9.4;57.5;90.0;0.0;330.0;50.0;82.0;127.0
2017-10-27 15:00:00;9.4;56.0;90.0;0.0;310.0;50.0;79.0;118.0
2017-10-27 16:00:00;11.9;51.9;60.0;0.0;310.0;40.0;67.0;108.0
2017-10-27 17:00:00;14.0;52.9;80.0;0.0;290.0;40.0;82.0;115.0
2017-10-27 18:00:00;18.9;49.2;70.0;0.0;300.0;40.0;81.0;113.0
2017-10-27 19:00:00;13.4;53.4;80.0;0.0;300.0;50.0;77.0;107.0
2017-10-27 20:00:00;9.9;54.3;70.0;0.0;280.0;40.0;65.0;105.0
2017-10-27 21:00:00;24.6;40.4;70.0;0.0;280.0;50.0;65.0;110.0
2017-10-27 22:00:00;20.5;45.2;80.0;0.0;280.0;50.0;67.0;113.0
2017-10-27 23:00:00;25.2;43.2;90.0;0.0;270.0;60.0;67.0;112.0
2017-10-28 00:00:00;17.8;50.4;100.0;0.0;270.0;60.0;66.0;111.0
2017-10-28 01:00:00;9.2;54.2;110.0;0.0;270.0;80.0;66.0;111.0
2017-10-28 02:00:00;9.2;44.7;120.0;0.0;270.0;80.0;70.0;110.0
2017-10-28 03:00:00;8.6;43.3;120.0;0.0;280.0;80.0;69.0;112.0
2017-10-28 04:00:00;15.6;39.0;120.0;0.0;280.0;70.0;62.0;111.0
2017-10-28 05:00:00;17.1;41.4;130.0;0.0;280.0;80.0;69.0;114.0
2017-10-28 06:00:00;17.0;44.5;120.0;0.0;270.0;80.0;76.0;112.0
2017-10-28 07:00:00;21.3;39.8;110.0;0.0;270.0;80.0;79.0;116.0
2017-10-28 08:00:00;19.1;43.1;120.0;0.0;260.0;90.0;78.0;118.0
2017-10-28 09:00:00;13.6;45.2;130.0;0.0;270.0;90.0;82.0;121.0
2017-10-28 10:00:00;11.0;43.6;150.0;0.0;260.0;90.0;91.0;125.0
2017-10-28 11:00:00;10.9;45.0;130.0;0.0;260.0;90.0;100.0;125.0
2017-10-28 12:00:00;9.9;48.4;120.0;0.0;270.0;90.0;107.0;130.0
2017-10-28 13:00:00;11.1;45.6;150.0;0.0;270.0;100.0;107.0;130.0
2017-10-28 14:00:00;14.0;42.5;140.0;0.0;270.0;100.0;114.0;136.0
2017-10-28 15:00:00;14.0;41.2;130.0;0.0;260.0;90.0;118.0;138.0
2017-10-28 16:00:00;16.2;37.7;140.0;0.0;280.0;100.0;123.0;146.0
2017-10-28 17:00:00;14.0;39.1;160.0;0.0;280.0;110.0;123.0;149.0
2017-10-28 18:00:00;16.1;37.3;150.0;0.0;280.0;100.0;126.0;150.0
2017-10-28 19:00:00;15.1;38.1;180.0;0.0;280.0;120.0;122.0;153.0
2017-10-28 20:00:00;15.0;40.2;180.0;0.0;280.0;120.0;122.0;152.0
2017-10-28 21:00:00;15.9;39.8;180.0;0.0;280.0;120.0;123.0;152.0
2017-10-28 22:00:00;13.7;43.2;190.0;0.0;280.0;130.0;122.0;153.0
2017-10-28 23:00:00;12.0;44.8;200.0;0.0;280.0;140.0;120.0;151.0
2017-10-29 00:00:00;11.2;46.1;210.0;0.0;290.0;140.0;124.0;145.0
2017-10-29 01:00:00;13.0;45.1;210.0;0.0;290.0;140.0;112.0;148.0
2017-10-29 02:00:00;5.4;53.8;200.0;0.0;310.0;140.0;101.0;142.0
2017-10-29 03:00:00;2.6;60.3;210.0;2.0;320.0;130.0;68.0;130.0
2017-10-29 04:00:00;1.5;67.5;210.0;0.0;320.0;120.0;63.0;122.0
2017-10-29 05:00:00;1.8;69.1;170.0;0.0;330.0;100.0;40.0;113.0
2017-10-29 06:00:00;1.8;76.8;170.0;0.0;330.0;90.0;34.0;107.0
2017-10-29 07:00:00;2.9;66.7;150.0;0.0;330.0;80.0;44.0;110.0
2017-10-29 08:00:00;3.1;65.1;150.0;0.0;330.0;80.0;49.0;112.0
2017-10-29 09:00:00;3.8;63.8;190.0;0.0;340.0;90.0;47.0;117.0
2017-10-29 10:00:00;4.3;63.0;190.0;0.0;330.0;90.0;40.0;113.0
2017-10-29 11:00:00;3.6;63.6;150.0;0.0;340.0;90.0;52.0;104.0
2017-10-29 12:00:00;4.9;61.8;170.0;0.0;330.0;90.0;35.0;105.0
2017-10-29 13:00:00;4.6;62.6;130.0;1.0;340.0;80.0;52.0;99.0
2017-10-29 14:00:00;4.7;61.1;110.0;0.0;330.0;60.0;39.0;106.0
2017-10-29 15:00:00;6.6;58.1;100.0;0.0;320.0;60.0;49.0;94.0
2017-10-29 16:00:00;7.1;56.7;100.0;2.0;330.0;50.0;53.0;84.0
2017-10-29 17:00:00;10.2;55.4;90.0;0.0;330.0;40.0;46.0;88.0
2017-10-29 18:00:00;11.5;54.6;80.0;0.0;360.0;40.0;46.0;89.0
2017-10-29 19:00:00;11.6;54.1;130.0;0.0;340.0;50.0;41.0;92.0
2017-10-29 20:00:00;9.4;59.6;110.0;2.0;330.0;40.0;44.0;67.0
2017-10-29 21:00:00;6.4;64.1;60.0;0.0;320.0;30.0;39.0;67.0
2017-10-29 22:00:00;7.3;60.3;80.0;2.0;310.0;30.0;44.0;61.0
2017-10-29 23:00:00;6.7;54.3;80.0;3.0;330.0;40.0;45.0;73.0
2017-10-30 00:00:00;6.0;57.4;60.0;0.0;350.0;30.0;44.0;74.0
2017-10-30 01:00:00;3.6;60.5;90.0;0.0;350.0;40.0;42.0;77.0
2017-10-30 02:00:00;3.1;62.6;60.0;0.0;340.0;30.0;39.0;65.0
2017-10-30 03:00:00;2.6;63.1;90.0;0.0;340.0;30.0;32.0;59.0
2017-10-30 04:00:00;3.0;61.2;60.0;2.0;290.0;30.0;36.0;52.0
2017-10-30 05:00:00;5.5;56.7;40.0;0.0;300.0;20.0;49.0;59.0
2017-10-30 06:00:00;18.0;38.9;30.0;0.0;330.0;20.0;38.0;59.0
2017-10-30 07:00:00;46.4;10.9;40.0;0.0;350.0;20.0;47.0;85.0
2017-10-30 08:00:00;45.6;22.6;60.0;0.0;360.0;30.0;47.0;96.0
2017-10-30 09:00:00;18.9;44.4;80.0;0.0;330.0;40.0;44.0;106.0
2017-10-30 10:00:00;18.6;46.9;90.0;0.0;320.0;50.0;63.0;104.0
2017-10-30 11:00:00;18.6;55.0;70.0;0.0;280.0;30.0;55.0;113.0
2017-10-30 12:00:00;12.0;56.9;100.0;0.0;320.0;40.0;56.0;100.0
2017-10-30 13:00:00;12.8;54.7;80.0;0.0;320.0;50.0;47.0;111.0
2017-10-30 14:00:00;17.6;52.4;90.0;0.0;320.0;40.0;49.0;102.0
2017-10-30 15:00:00;16.7;51.3;80.0;0.0;320.0;30.0;43.0;83.0
2017-10-30 16:00:00;18.1;50.7;80.0;0.0;320.0;20.0;52.0;80.0
2017-10-30 17:00:00;20.8;48.3;50.0;0.0;350.0;20.0;60.0;87.0
2017-10-30 18:00:00;24.1;37.2;50.0;0.0;250.0;10.0;51.0;71.0
2017-10-30 19:00:00;36.9;21.1;30.0;0.0;210.0;20.0;62.0;76.0
2017-10-30 20:00:00;52.5;7.7;60.0;0.0;300.0;30.0;51.0;87.0
2017-10-30 21:00:00;47.9;22.7;80.0;0.0;330.0;40.0;54.0;84.0
2017-10-30 22:00:00;35.0;31.2;40.0;0.0;320.0;20.0;53.0;75.0
2017-10-30 23:00:00;27.4;41.7;40.0;0.0;200.0;20.0;60.0;78.0
2017-10-31 00:00:00;23.6;32.4;30.0;0.0;160.0;20.0;63.0;80.0
2017-10-31 01:00:00;18.9;44.7;40.0;0.0;220.0;30.0;69.0;86.0
2017-10-31 02:00:00;18.2;45.5;40.0;0.0;210.0;30.0;71.0;86.0
2017-10-31 03:00:00;29.2;31.7;40.0;0.0;220.0;30.0;69.0;87.0
2017-10-31 04:00:00;30.2;32.9;50.0;0.0;250.0;30.0;52.0;92.0
2017-10-31 05:00:00;30.6;30.7;50.0;0.0;210.0;30.0;60.0;85.0
2017-10-31 06:00:00;37.3;22.4;50.0;0.0;200.0;30.0;66.0;92.0
2017-10-31 07:00:00;60.1;3.3;70.0;0.0;210.0;40.0;67.0;96.0
2017-10-31 08:00:00;64.6;2.3;80.0;0.0;210.0;50.0;74.0;105.0
2017-10-31 09:00:00;61.2;5.6;80.0;0.0;220.0;60.0;77.0;111.0
2017-10-31 10:00:00;58.8;5.3;120.0;0.0;240.0;70.0;77.0;124.0
2017-10-31 11:00:00;58.1;5.5;120.0;0.0;240.0;80.0;87.0;117.0
2017-10-31 12:00:00;28.3;41.0;100.0;0.0;240.0;70.0;90.0;121.0
2017-10-31 13:00:00;29.8;39.2;100.0;0.0;240.0;60.0;92.0;127.0
2017-10-31 14:00:00;36.7;33.9;100.0;0.0;230.0;60.0;100.0;124.0
2017-10-31 15:00:00;36.2;34.2;90.0;0.0;230.0;60.0;102.0;121.0
2017-10-31 16:00:00;39.3;32.5;80.0;5.0;220.0;50.0;105.0;116.0
2017-10-31 17:00:00;39.4;28.2;60.0;0.0;230.0;40.0;106.0;117.0
2017-10-31 18:00:00;54.2;15.2;70.0;0.0;230.0;50.0;108.0;121.0
2017-10-31 19:00:00;48.7;19.4;80.0;0.0;240.0;50.0;108.0;127.0
2017-10-31 20:00:00;41.4;24.7;80.0;0.0;240.0;50.0;108.0;129.0
2017-10-31 21:00:00;37.4;25.3;80.0;0.0;250.0;50.0;107.0;127.0
2017-10-31 22:00:00;30.5;29.7;80.0;0.0;250.0;50.0;104.0;125.0
2017-10-31 23:00:00;27.6;27.9;80.0;0.0;250.0;50.0;101.0;121.0
2017-11-01 00:00:00;24.7;27.2;70.0;0.0;250.0;40.0;101.0;120.0
2017-11-01 01:00:00;15.9;33.1;60.0;0.0;260.0;40.0;101.0;117.0
2017-11-01 02:00:00;16.6;29.5;60.0;0.0;250.0;50.0;104.0;119.0
2017-11-01 03:00:00;26.1;20.8;50.0;0.0;220.0;30.0;89.0;94.0
2017-11-01 04:00:00;24.0;23.4;50.0;0.0;210.0;30.0;95.0;100.0
2017-11-01 05:00:00;27.2;18.0;50.0;0.0;240.0;30.0;111.0;121.0
2017-11-01 06:00:00;41.7;6.4;60.0;0.0;210.0;40.0;110.0;119.0
2017-11-01 07:00:00;43.6;6.0;60.0;0.0;200.0;40.0;106.0;113.0
2017-11-01 08:00:00;55.7;-2.3;60.0;0.0;200.0;40.0;115.0;121.0
2017-11-01 09:00:00;55.9;0.0;80.0;0.0;210.0;60.0;117.0;125.0
2017-11-01 10:00:00;46.4;4.5;80.0;0.0;210.0;60.0;120.0;132.0
2017-11-01 11:00:00;43.4;10.4;90.0;0.0;220.0;60.0;114.0;132.0
2017-11-01 12:00:00;41.4;9.5;80.0;0.0;230.0;60.0;114.0;138.0
2017-11-01 13:00:00;34.4;23.9;100.0;0.0;230.0;70.0;107.0;133.0
2017-11-01 14:00:00;33.0;25.8;110.0;0.0;230.0;60.0;100.0;129.0
2017-11-01 15:00:00;36.8;23.7;80.0;0.0;200.0;40.0;84.0;119.0
2017-11-01 16:00:00;50.2;12.2;70.0;0.0;210.0;50.0;74.0;116.0
2017-11-01 17:00:00;61.2;0.7;60.0;0.0;190.0;40.0;74.0;111.0
2017-11-01 18:00:00;67.4;-3.3;60.0;0.0;190.0;40.0;74.0;109.0
2017-11-01 19:00:00;63.2;-3.7;60.0;0.0;190.0;40.0;70.0;112.0
2017-11-01 20:00:00;58.1;-0.8;70.0;0.0;200.0;40.0;68.0;105.0
2017-11-01 21:00:00;52.4;1.8;80.0;0.0;200.0;50.0;62.0;102.0
2017-11-01 22:00:00;47.7;6.7;70.0;0.0;210.0;50.0;62.0;104.0
2017-11-01 23:00:00;45.5;11.1;70.0;0.0;220.0;50.0;58.0;89.0
2017-11-02 00:00:00;43.7;13.7;50.0;0.0;210.0;40.0;60.0;84.0
2017-11-02 01:00:00;40.2;14.0;50.0;0.0;210.0;40.0;63.0;84.0
2017-11-02 02:00:00;38.0;12.6;50.0;0.0;210.0;40.0;65.0;80.0
2017-11-02 03:00:00;40.0;7.2;50.0;0.0;220.0;40.0;63.0;72.0
2017-11-02 04:00:00;43.0;2.1;40.0;0.0;230.0;30.0;66.0;73.0
2017-11-02 05:00:00;43.7;-2.5;40.0;0.0;250.0;10.0;55.0;59.0
2017-11-02 06:00:00;39.9;-3.4;40.0;0.0;250.0;20.0;67.0;71.0
2017-11-02 07:00:00;45.2;-3.8;40.0;0.0;240.0;10.0;98.0;111.0
2017-11-02 08:00:00;45.8;-3.4;50.0;0.0;260.0;30.0;103.0;129.0
2017-11-02 09:00:00;68.9;2.8;70.0;0.0;270.0;40.0;110.0;137.0
2017-11-02 10:00:00;41.7;22.9;70.0;0.0;290.0;40.0;100.0;128.0
2017-11-02 11:00:00;33.0;36.3;90.0;0.0;300.0;50.0;95.0;138.0
2017-11-02 12:00:00;16.8;53.0;80.0;0.0;290.0;60.0;99.0;136.0
2017-11-02 13:00:00;18.3;51.7;90.0;0.0;300.0;50.0;101.0;132.0
2017-11-02 14:00:00;19.3;49.8;80.0;0.0;300.0;50.0;98.0;128.0
2017-11-02 15:00:00;13.2;54.4;80.0;0.0;320.0;40.0;92.0;120.0
2017-11-02 16:00:00;16.9;52.1;60.0;0.0;330.0;30.0;87.0;117.0
2017-11-02 17:00:00;21.0;48.9;60.0;0.0;310.0;30.0;67.0;95.0
2017-11-02 18:00:00;26.7;43.6;50.0;0.0;290.0;20.0;64.0;95.0
2017-11-02 19:00:00;20.9;38.4;30.0;0.0;290.0;10.0;49.0;68.0
2017-11-02 20:00:00;26.4;21.3;30.0;0.0;290.0;10.0;46.0;62.0
2017-11-02 21:00:00;54.6;9.7;30.0;0.0;200.0;20.0;64.0;71.0
2017-11-02 22:00:00;37.2;14.5;20.0;0.0;200.0;10.0;55.0;68.0
2017-11-02 23:00:00;51.6;8.6;50.0;0.0;220.0;20.0;50.0;58.0
2017-11-03 00:00:00;35.7;29.6;40.0;0.0;190.0;10.0;53.0;57.0
2017-11-03 01:00:00;46.5;9.7;20.0;0.0;190.0;10.0;47.0;54.0
2017-11-03 02:00:00;55.6;-1.8;20.0;0.0;110.0;10.0;61.0;65.0
2017-11-03 03:00:00;46.4;1.4;20.0;0.0;170.0;10.0;69.0;72.0
2017-11-03 04:00:00;45.7;0.3;20.0;0.0;130.0;10.0;70.0;77.0
2017-11-03 05:00:00;39.3;26.7;20.0;0.0;160.0;10.0;72.0;81.0
2017-11-03 06:00:00;41.9;14.8;30.0;0.0;160.0;20.0;79.0;87.0
2017-11-03 07:00:00;60.2;3.7;40.0;0.0;170.0;30.0;89.0;99.0
2017-11-03 08:00:00;69.4;-3.3;40.0;0.0;190.0;30.0;97.0;106.0
2017-11-03 09:00:00;61.0;0.8;40.0;0.0;200.0;30.0;101.0;115.0
2017-11-03 10:00:00;45.9;2.8;50.0;0.0;190.0;30.0;89.0;127.0
2017-11-03 11:00:00;48.2;3.1;50.0;0.0;210.0;30.0;85.0;123.0
2017-11-03 12:00:00;46.9;23.9;60.0;0.0;270.0;30.0;43.0;130.0
2017-11-03 13:00:00;54.2;23.9;50.0;0.0;260.0;30.0;40.0;128.0
2017-11-03 14:00:00;13.2;23.9;40.0;0.0;210.0;20.0;60.0;120.0
2017-11-03 15:00:00;14.3;23.9;50.0;0.0;180.0;30.0;90.0;117.0
2017-11-03 16:00:00;51.1;4.5;40.0;0.0;160.0;30.0;79.0;92.0
2017-11-03 17:00:00;55.8;-1.4;40.0;0.0;150.0;30.0;77.0;83.0
2017-11-03 18:00:00;58.6;-2.1;50.0;0.0;150.0;30.0;79.0;86.0
2017-11-03 19:00:00;59.1;-1.7;40.0;0.0;140.0;30.0;75.0;83.0
2017-11-03 20:00:00;57.9;-1.7;60.0;0.0;140.0;40.0;84.0;92.0
2017-11-03 21:00:00;55.3;-1.5;60.0;0.0;150.0;40.0;85.0;92.0
2017-11-03 22:00:00;52.0;-1.8;60.0;0.0;160.0;30.0;80.0;96.0
2017-11-03 23:00:00;50.8;-0.1;60.0;0.0;160.0;40.0;76.0;93.0
2017-11-04 00:00:00;49.5;0.5;60.0;0.0;160.0;40.0;75.0;95.0
2017-11-04 01:00:00;45.4;5.6;60.0;0.0;150.0;40.0;75.0;95.0
2017-11-04 02:00:00;44.4;6.9;60.0;0.0;160.0;30.0;75.0;94.0
2017-11-04 03:00:00;45.0;5.4;60.0;0.0;160.0;40.0;72.0;90.0
2017-11-04 04:00:00;45.8;5.2;70.0;6.0;170.0;40.0;73.0;87.0
2017-11-04 05:00:00;37.4;10.8;60.0;10.0;150.0;40.0;75.0;87.0
2017-11-04 06:00:00;38.6;10.6;60.0;0.0;160.0;40.0;74.0;87.0
2017-11-04 07:00:00;40.1;8.9;60.0;0.0;150.0;30.0;74.0;88.0
2017-11-04 08:00:00;41.3;8.9;60.0;0.0;140.0;40.0;80.0;98.0
2017-11-04 09:00:00;40.4;8.7;60.0;0.0;150.0;40.0;85.0;105.0
2017-11-04 10:00:00;38.1;10.3;80.0;0.0;150.0;50.0;89.0;128.0
2017-11-04 11:00:00;32.6;18.1;100.0;0.0;160.0;60.0;88.0;126.0
2017-11-04 12:00:00;27.4;30.7;110.0;0.0;170.0;70.0;100.0;133.0
2017-11-04 13:00:00;27.1;31.0;100.0;3.0;180.0;60.0;102.0;120.0
2017-11-04 14:00:00;22.6;27.5;90.0;9.0;180.0;60.0;111.0;119.0
2017-11-04 15:00:00;24.4;24.7;100.0;2.0;180.0;60.0;113.0;118.0
2017-11-04 16:00:00;21.5;32.4;80.0;2.0;200.0;60.0;116.0;123.0
2017-11-04 17:00:00;22.5;27.1;80.0;4.0;200.0;60.0;119.0;124.0
2017-11-04 18:00:00;26.1;21.9;100.0;5.0;280.0;60.0;119.0;125.0
2017-11-04 19:00:00;29.6;20.0;90.0;4.0;290.0;60.0;96.0;119.0
2017-11-04 20:00:00;26.4;31.0;80.0;0.0;280.0;40.0;98.0;115.0
2017-11-04 21:00:00;29.2;36.5;60.0;0.0;260.0;40.0;98.0;115.0
2017-11-04 22:00:00;25.6;42.6;70.0;2.0;240.0;40.0;95.0;112.0
2017-11-04 23:00:00;14.8;47.5;90.0;0.0;290.0;40.0;79.0;88.0
2017-11-05 00:00:00;15.9;44.1;30.0;0.0;250.0;20.0;77.0;90.0
2017-11-05 01:00:00;23.5;28.4;70.0;0.0;290.0;30.0;62.0;92.0
2017-11-05 02:00:00;36.3;20.6;50.0;5.0;250.0;20.0;69.0;86.0
2017-11-05 03:00:00;22.4;40.6;50.0;0.0;270.0;30.0;68.0;89.0
2017-11-05 04:00:00;18.5;40.7;50.0;0.0;270.0;40.0;55.0;84.0
2017-11-05 05:00:00;17.7;42.6;60.0;0.0;280.0;40.0;49.0;74.0
2017-11-05 06:00:00;17.5;47.9;60.0;0.0;270.0;40.0;30.0;53.0
2017-11-05 07:00:00;20.6;45.5;60.0;0.0;260.0;40.0;54.0;93.0
2017-11-05 08:00:00;23.4;42.9;80.0;0.0;300.0;40.0;56.0;90.0
2017-11-05 09:00:00;20.1;51.2;80.0;0.0;320.0;50.0;47.0;89.0
2017-11-05 10:00:00;8.1;66.9;120.0;0.0;300.0;50.0;51.0;94.0
2017-11-05 11:00:00;6.2;66.7;110.0;3.0;330.0;70.0;47.0;83.0
2017-11-05 12:00:00;15.8;56.3;70.0;0.0;310.0;30.0;46.0;81.0
2017-11-05 13:00:00;7.5;66.1;40.0;4.0;190.0;20.0;52.0;76.0
2017-11-05 14:00:00;11.8;60.5;60.0;6.0;170.0;20.0;48.0;66.0
2017-11-05 15:00:00;24.2;50.6;30.0;0.0;190.0;20.0;45.0;60.0
2017-11-05 16:00:00;29.7;43.2;50.0;4.0;200.0;30.0;50.0;68.0
2017-11-05 17:00:00;36.5;31.1;60.0;0.0;270.0;30.0;41.0;65.0
2017-11-05 18:00:00;55.5;11.6;100.0;0.0;280.0;40.0;33.0;58.0
2017-11-05 19:00:00;64.6;2.0;80.0;3.0;210.0;20.0;42.0;62.0
2017-11-05 20:00:00;38.6;27.8;50.0;0.0;250.0;30.0;41.0;69.0
2017-11-05 21:00:00;30.7;32.7;60.0;0.0;270.0;40.0;48.0;66.0
2017-11-05 22:00:00;33.7;39.0;90.0;4.0;20.0;30.0;42.0;73.0
2017-11-05 23:00:00;20.0;47.7;70.0;2.0;20.0;40.0;49.0;67.0
2017-11-06 00:00:00;7.2;56.0;60.0;0.0;10.0;30.0;44.0;67.0
2017-11-06 01:00:00;4.2;55.7;30.0;0.0;290.0;20.0;45.0;55.0
2017-11-06 02:00:00;2.9;57.8;40.0;0.0;360.0;20.0;28.0;53.0
2017-11-06 03:00:00;5.4;45.8;40.0;0.0;310.0;20.0;18.0;42.0
2017-11-06 04:00:00;3.7;59.0;90.0;1.0;330.0;40.0;33.0;57.0
2017-11-06 05:00:00;10.4;50.7;40.0;0.0;280.0;20.0;27.0;44.0
2017-11-06 06:00:00;8.7;42.9;50.0;0.0;340.0;30.0;36.0;55.0
2017-11-06 07:00:00;43.0;8.7;50.0;0.0;10.0;20.0;38.0;67.0
2017-11-06 08:00:00;53.1;15.9;50.0;0.0;260.0;20.0;45.0;85.0
2017-11-06 09:00:00;30.5;33.7;50.0;0.0;340.0;30.0;44.0;92.0
2017-11-06 10:00:00;14.7;48.5;80.0;1.0;30.0;30.0;37.0;92.0
2017-11-06 11:00:00;20.7;44.1;60.0;0.0;340.0;20.0;41.0;105.0
2017-11-06 12:00:00;16.8;49.7;60.0;0.0;320.0;30.0;41.0;92.0
2017-11-06 13:00:00;10.3;53.0;30.0;0.0;250.0;20.0;41.0;98.0
2017-11-06 14:00:00;15.7;46.5;50.0;0.0;270.0;30.0;52.0;84.0
2017-11-06 15:00:00;22.4;40.5;40.0;0.0;310.0;20.0;42.0;82.0
2017-11-06 16:00:00;30.2;27.5;40.0;0.0;90.0;10.0;39.0;63.0
2017-11-06 17:00:00;35.0;12.4;20.0;0.0;220.0;20.0;29.0;41.0
2017-11-06 18:00:00;53.6;-1.8;20.0;0.0;150.0;20.0;33.0;38.0
2017-11-06 19:00:00;59.2;-2.4;20.0;0.0;120.0;10.0;34.0;38.0
2017-11-06 20:00:00;59.7;-2.1;30.0;0.0;130.0;10.0;18.0;22.0
2017-11-06 21:00:00;59.3;-2.0;20.0;0.0;0.0;10.0;24.0;28.0
2017-11-06 22:00:00;59.1;-2.7;30.0;0.0;140.0;10.0;25.0;31.0
2017-11-06 23:00:00;55.1;-3.0;20.0;0.0;130.0;10.0;14.0;18.0
2017-11-07 00:00:00;55.8;-3.2;20.0;0.0;140.0;10.0;13.0;18.0
2017-11-07 01:00:00;55.4;-3.2;30.0;0.0;160.0;20.0;13.0;18.0
2017-11-07 02:00:00;53.3;-3.2;30.0;0.0;160.0;20.0;15.0;19.0
2017-11-07 03:00:00;57.3;-3.3;30.0;0.0;160.0;20.0;5.0;11.0
2017-11-07 04:00:00;52.0;-3.1;30.0;0.0;150.0;20.0;12.0;14.0
2017-11-07 05:00:00;53.5;-3.2;30.0;0.0;140.0;20.0;6.0;11.0
2017-11-07 06:00:00;52.5;-3.3;40.0;0.0;150.0;20.0;9.0;13.0
2017-11-07 07:00:00;54.2;-3.1;30.0;0.0;140.0;20.0;18.0;21.0
2017-11-07 08:00:00;56.5;-2.5;30.0;0.0;150.0;10.0;32.0;47.0
2017-11-07 09:00:00;54.5;0.1;50.0;0.0;140.0;30.0;40.0;63.0
2017-11-07 10:00:00;44.7;6.3;50.0;0.0;150.0;30.0;44.0;77.0
2017-11-07 11:00:00;38.6;17.0;40.0;0.0;160.0;30.0;41.0;88.0
2017-11-07 12:00:00;30.8;29.9;40.0;0.0;150.0;20.0;39.0;92.0
2017-11-07 13:00:00;28.1;35.9;40.0;0.0;130.0;20.0;32.0;90.0
2017-11-07 14:00:00;39.1;22.5;40.0;0.0;150.0;30.0;24.0;84.0
2017-11-07 15:00:00;41.6;16.5;30.0;0.0;190.0;20.0;24.0;63.0
2017-11-07 16:00:00;49.0;9.1;20.0;0.0;80.0;10.0;33.0;65.0
2017-11-07 17:00:00;58.1;0.8;40.0;0.0;110.0;20.0;27.0;48.0
2017-11-07 18:00:00;53.7;0.3;40.0;0.0;140.0;30.0;26.0;38.0
2017-11-07 19:00:00;54.5;-1.7;40.0;0.0;100.0;20.0;16.0;21.0
2017-11-07 20:00:00;55.4;-3.1;30.0;0.0;120.0;10.0;28.0;31.0
2017-11-07 21:00:00;49.4;-2.8;20.0;0.0;50.0;10.0;15.0;18.0
2017-11-07 22:00:00;45.9;-2.9;20.0;0.0;80.0;10.0;23.0;24.0
2017-11-07 23:00:00;40.4;-3.0;20.0;0.0;90.0;10.0;21.0;22.0
2017-11-08 00:00:00;40.7;-3.2;30.0;0.0;100.0;10.0;23.0;24.0
2017-11-08 01:00:00;37.9;-0.3;40.0;0.0;70.0;30.0;33.0;33.0
2017-11-08 02:00:00;29.8;2.7;30.0;0.0;0.0;10.0;29.0;32.0
2017-11-08 03:00:00;28.2;0.7;20.0;0.0;130.0;10.0;34.0;37.0
2017-11-08 04:00:00;25.7;1.4;20.0;0.0;0.0;10.0;35.0;36.0
2017-11-08 05:00:00;26.4;-2.3;30.0;0.0;310.0;20.0;36.0;38.0
2017-11-08 06:00:00;31.3;-3.3;40.0;7.0;320.0;20.0;42.0;45.0
2017-11-08 07:00:00;31.3;-3.3;30.0;0.0;330.0;20.0;52.0;56.0
2017-11-08 08:00:00;32.6;-3.0;60.0;0.0;20.0;20.0;61.0;69.0
2017-11-08 09:00:00;27.5;-1.5;60.0;0.0;20.0;30.0;60.0;71.0
2017-11-08 10:00:00;27.0;-1.9;60.0;0.0;10.0;30.0;60.0;72.0
2017-11-08 11:00:00;19.7;3.0;60.0;0.0;20.0;30.0;59.0;76.0
2017-11-08 12:00:00;15.9;12.4;60.0;0.0;20.0;30.0;54.0;77.0
2017-11-08 13:00:00;15.0;18.2;60.0;0.0;10.0;30.0;55.0;77.0
2017-11-08 14:00:00;16.3;17.5;50.0;0.0;350.0;20.0;55.0;75.0
2017-11-08 15:00:00;22.6;11.7;60.0;0.0;40.0;20.0;56.0;75.0
2017-11-08 16:00:00;26.8;5.1;60.0;0.0;30.0;30.0;59.0;74.0
2017-11-08 17:00:00;25.9;3.6;50.0;0.0;10.0;20.0;57.0;74.0
2017-11-08 18:00:00;30.8;-0.6;30.0;0.0;20.0;20.0;59.0;75.0
2017-11-08 19:00:00;36.0;-2.8;50.0;0.0;360.0;20.0;62.0;76.0
2017-11-08 20:00:00;36.8;-3.2;50.0;0.0;70.0;20.0;66.0;76.0
2017-11-08 21:00:00;31.9;-3.2;20.0;0.0;0.0;10.0;61.0;73.0
2017-11-08 22:00:00;24.2;-3.4;10.0;0.0;0.0;0.0;63.0;73.0
2017-11-08 23:00:00;20.7;-3.4;20.0;0.0;270.0;10.0;66.0;70.0
2017-11-09 00:00:00;21.9;-3.3;20.0;0.0;210.0;10.0;63.0;67.0
2017-11-09 01:00:00;19.5;-3.3;30.0;0.0;230.0;20.0;63.0;68.0
2017-11-09 02:00:00;27.0;-3.3;30.0;0.0;220.0;20.0;63.0;69.0
2017-11-09 03:00:00;29.0;-3.3;30.0;0.0;200.0;20.0;63.0;67.0
2017-11-09 04:00:00;31.2;-3.3;40.0;0.0;180.0;30.0;62.0;70.0
2017-11-09 05:00:00;28.0;-3.1;40.0;0.0;190.0;30.0;62.0;69.0
2017-11-09 06:00:00;32.3;-3.3;40.0;0.0;180.0;30.0;58.0;64.0
2017-11-09 07:00:00;40.0;-3.3;50.0;0.0;180.0;30.0;62.0;69.0
2017-11-09 08:00:00;33.4;-2.7;60.0;0.0;190.0;40.0;67.0;75.0
2017-11-09 09:00:00;34.2;-1.7;80.0;0.0;220.0;50.0;76.0;90.0
2017-11-09 10:00:00;34.5;0.2;70.0;0.0;210.0;50.0;84.0;108.0
2017-11-09 11:00:00;47.3;3.4;100.0;0.0;240.0;60.0;47.0;119.0
2017-11-09 12:00:00;50.0;17.1;110.0;0.0;250.0;70.0;55.0;115.0
2017-11-09 13:00:00;28.4;53.2;100.0;0.0;230.0;70.0;85.0;97.0
2017-11-09 14:00:00;25.1;54.9;110.0;9.0;210.0;70.0;83.0;90.0
2017-11-09 15:00:00;34.9;34.8;90.0;0.0;210.0;70.0;81.0;88.0
2017-11-09 16:00:00;41.1;28.4;100.0;10.0;220.0;70.0;87.0;92.0
2017-11-09 17:00:00;40.6;26.5;90.0;10.0;200.0;60.0;88.0;91.0
2017-11-09 18:00:00;49.3;11.8;80.0;8.0;210.0;50.0;92.0;95.0
2017-11-09 19:00:00;57.6;1.2;60.0;0.0;210.0;40.0;95.0;98.0
2017-11-09 20:00:00;57.3;-1.3;50.0;4.0;220.0;40.0;101.0;104.0
2017-11-09 21:00:00;55.2;-2.3;40.0;3.0;260.0;30.0;103.0;107.0
2017-11-09 22:00:00;56.7;-2.9;40.0;0.0;260.0;20.0;95.0;102.0
2017-11-09 23:00:00;53.2;2.2;40.0;0.0;260.0;30.0;80.0;97.0
2017-11-10 00:00:00;50.3;4.4;50.0;0.0;220.0;30.0;73.0;82.0
2017-11-10 01:00:00;36.8;25.9;50.0;0.0;210.0;40.0;71.0;80.0
2017-11-10 02:00:00;23.6;37.2;60.0;0.0;220.0;40.0;74.0;87.0
2017-11-10 03:00:00;19.2;39.8;60.0;0.0;230.0;40.0;77.0;91.0
2017-11-10 04:00:00;26.8;32.4;80.0;0.0;240.0;40.0;75.0;106.0
2017-11-10 05:00:00;28.8;29.9;110.0;0.0;260.0;70.0;62.0;105.0
2017-11-10 06:00:00;23.7;38.0;110.0;0.0;260.0;80.0;61.0;107.0
2017-11-10 07:00:00;20.7;48.2;110.0;0.0;240.0;80.0;63.0;105.0
2017-11-10 08:00:00;24.3;46.7;140.0;0.0;260.0;80.0;73.0;102.0
2017-11-10 09:00:00;21.4;49.5;130.0;6.0;260.0;80.0;93.0;104.0
2017-11-10 10:00:00;24.8;45.3;130.0;0.0;280.0;80.0;89.0;120.0
2017-11-10 11:00:00;29.5;34.3;170.0;2.0;300.0;110.0;71.0;112.0
2017-11-10 12:00:00;23.1;41.8;160.0;0.0;300.0;110.0;45.0;105.0
2017-11-10 13:00:00;14.5;60.2;170.0;0.0;290.0;110.0;43.0;106.0
2017-11-10 14:00:00;14.8;64.9;160.0;0.0;300.0;100.0;27.0;96.0
2017-11-10 15:00:00;13.7;64.9;160.0;0.0;290.0;90.0;30.0;89.0
2017-11-10 16:00:00;17.5;59.0;130.0;0.0;290.0;90.0;21.0;88.0
2017-11-10 17:00:00;19.6;57.0;140.0;0.0;300.0;90.0;18.0;90.0
2017-11-10 18:00:00;11.5;67.8;150.0;0.0;310.0;100.0;25.0;80.0
2017-11-10 19:00:00;22.7;55.3;170.0;1.0;270.0;80.0;29.0;72.0
2017-11-10 20:00:00;17.4;60.3;150.0;2.0;280.0;70.0;34.0;82.0
2017-11-10 21:00:00;17.5;58.8;130.0;1.0;300.0;90.0;31.0;69.0
2017-11-10 22:00:00;18.2;58.1;130.0;1.0;290.0;60.0;43.0;82.0
2017-11-10 23:00:00;23.4;50.7;110.0;1.0;280.0;70.0;38.0;80.0
2017-11-11 00:00:00;18.6;54.9;120.0;0.0;270.0;80.0;42.0;78.0
2017-11-11 01:00:00;14.8;56.8;110.0;0.0;270.0;70.0;45.0;83.0
2017-11-11 02:00:00;15.4;55.8;100.0;0.0;270.0;60.0;45.0;81.0
2017-11-11 03:00:00;12.7;56.3;100.0;0.0;280.0;60.0;45.0;79.0
2017-11-11 04:00:00;11.1;58.1;80.0;0.0;270.0;60.0;44.0;75.0
2017-11-11 05:00:00;18.3;48.9;70.0;0.0;260.0;50.0;44.0;78.0
2017-11-11 06:00:00;12.0;56.1;60.0;0.0;270.0;40.0;49.0;80.0
2017-11-11 07:00:00;15.7;51.6;60.0;0.0;270.0;40.0;53.0;87.0
2017-11-11 08:00:00;30.9;31.4;70.0;0.0;270.0;40.0;59.0;98.0
2017-11-11 09:00:00;26.2;43.2;90.0;0.0;270.0;60.0;54.0;100.0
2017-11-11 10:00:00;30.0;41.8;100.0;0.0;270.0;70.0;60.0;100.0
2017-11-11 11:00:00;16.8;57.8;120.0;0.0;280.0;70.0;53.0;97.0
2017-11-11 12:00:00;16.7;58.4;120.0;0.0;320.0;60.0;53.0;109.0
2017-11-11 13:00:00;11.0;65.3;120.0;3.0;300.0;70.0;49.0;82.0
2017-11-11 14:00:00;11.5;66.2;90.0;0.0;300.0;40.0;41.0;79.0
2017-11-11 15:00:00;11.1;67.2;90.0;0.0;320.0;50.0;30.0;69.0
2017-11-11 16:00:00;16.7;62.1;100.0;0.0;320.0;40.0;21.0;57.0
2017-11-11 17:00:00;23.9;55.3;60.0;0.0;300.0;30.0;28.0;64.0
2017-11-11 18:00:00;23.9;52.0;80.0;0.0;330.0;40.0;28.0;56.0
2017-11-11 19:00:00;12.6;69.3;70.0;0.0;340.0;30.0;36.0;67.0
2017-11-11 20:00:00;24.7;42.0;60.0;0.0;240.0;20.0;35.0;60.0
2017-11-11 21:00:00;17.1;50.8;40.0;0.0;310.0;20.0;33.0;61.0
2017-11-11 22:00:00;15.1;46.4;80.0;0.0;310.0;30.0;38.0;59.0
2017-11-11 23:00:00;23.9;42.0;50.0;3.0;190.0;20.0;33.0;47.0
2017-11-12 00:00:00;27.1;46.0;50.0;0.0;200.0;20.0;33.0;49.0
2017-11-12 01:00:00;21.6;46.6;40.0;0.0;190.0;30.0;40.0;52.0
2017-11-12 02:00:00;20.6;46.0;70.0;3.0;210.0;30.0;43.0;59.0
2017-11-12 03:00:00;24.5;39.9;50.0;1.0;50.0;10.0;37.0;47.0
2017-11-12 04:00:00;24.3;45.8;20.0;0.0;160.0;10.0;42.0;55.0
2017-11-12 05:00:00;20.2;42.5;70.0;0.0;220.0;30.0;37.0;61.0
2017-11-12 06:00:00;21.5;41.9;70.0;0.0;220.0;40.0;35.0;64.0
2017-11-12 07:00:00;28.1;35.0;100.0;0.0;240.0;60.0;24.0;65.0
2017-11-12 08:00:00;17.2;59.7;90.0;2.0;310.0;40.0;24.0;75.0
2017-11-12 09:00:00;24.9;47.4;100.0;3.0;350.0;50.0;29.0;53.0
2017-11-12 10:00:00;9.8;66.5;90.0;3.0;30.0;30.0;31.0;56.0
2017-11-12 11:00:00;7.3;70.9;60.0;3.0;200.0;10.0;32.0;55.0
2017-11-12 12:00:00;9.4;59.9;70.0;3.0;330.0;20.0;34.0;58.0
2017-11-12 13:00:00;14.2;58.1;100.0;5.0;320.0;40.0;33.0;57.0
2017-11-12 14:00:00;10.4;59.6;80.0;7.0;320.0;40.0;35.0;55.0
2017-11-12 15:00:00;14.7;53.0;100.0;3.0;340.0;30.0;33.0;56.0
2017-11-12 16:00:00;17.0;49.3;90.0;2.0;340.0;50.0;40.0;57.0
2017-11-12 17:00:00;12.2;53.1;110.0;0.0;330.0;60.0;34.0;58.0
2017-11-12 18:00:00;10.6;49.9;80.0;0.0;330.0;40.0;39.0;64.0
2017-11-12 19:00:00;12.1;48.7;100.0;0.0;340.0;60.0;32.0;68.0
2017-11-12 20:00:00;10.3;51.5;90.0;0.0;340.0;60.0;36.0;67.0
2017-11-12 21:00:00;7.9;53.2;90.0;0.0;320.0;50.0;39.0;67.0
2017-11-12 22:00:00;5.3;56.4;130.0;3.0;350.0;60.0;39.0;73.0
2017-11-12 23:00:00;3.1;59.0;110.0;2.0;320.0;50.0;39.0;62.0
2017-11-13 00:00:00;4.1;56.1;120.0;2.0;340.0;60.0;38.0;63.0
2017-11-13 01:00:00;2.6;55.5;90.0;2.0;340.0;50.0;37.0;65.0
2017-11-13 02:00:00;2.7;60.0;110.0;0.0;350.0;50.0;33.0;71.0
2017-11-13 03:00:00;2.0;62.6;70.0;1.0;320.0;30.0;24.0;54.0
2017-11-13 04:00:00;2.4;65.7;130.0;0.0;350.0;50.0;30.0;77.0
2017-11-13 05:00:00;4.3;62.0;130.0;1.0;340.0;70.0;31.0;66.0
2017-11-13 06:00:00;11.5;57.7;80.0;0.0;320.0;40.0;33.0;54.0
2017-11-13 07:00:00;18.7;52.8;60.0;0.0;340.0;30.0;35.0;68.0
2017-11-13 08:00:00;41.5;28.2;100.0;0.0;340.0;60.0;40.0;83.0
2017-11-13 09:00:00;21.1;49.8;150.0;2.0;340.0;70.0;42.0;86.0
2017-11-13 10:00:00;15.3;55.3;100.0;0.0;340.0;60.0;40.0;98.0
2017-11-13 11:00:00;12.7;56.8;130.0;1.0;340.0;60.0;44.0;97.0
2017-11-13 12:00:00;9.8;60.8;120.0;0.0;330.0;60.0;52.0;86.0
2017-11-13 13:00:00;10.6;58.7;100.0;0.0;350.0;50.0;40.0;89.0
2017-11-13 14:00:00;14.9;53.8;80.0;0.0;330.0;50.0;34.0;83.0
2017-11-13 15:00:00;20.4;47.3;50.0;0.0;360.0;30.0;36.0;75.0
2017-11-13 16:00:00;20.9;47.1;40.0;0.0;320.0;20.0;28.0;64.0
2017-11-13 17:00:00;28.2;35.7;50.0;0.0;330.0;30.0;30.0;65.0
2017-11-13 18:00:00;34.9;31.2;40.0;0.0;350.0;20.0;24.0;66.0
2017-11-13 19:00:00;21.3;39.4;40.0;0.0;310.0;20.0;29.0;58.0
2017-11-13 20:00:00;20.6;27.9;20.0;0.0;310.0;10.0;21.0;41.0
2017-11-13 21:00:00;38.3;7.8;30.0;0.0;220.0;10.0;21.0;38.0
2017-11-13 22:00:00;45.1;-1.4;40.0;0.0;210.0;20.0;32.0;45.0
2017-11-13 23:00:00;42.9;-0.9;50.0;0.0;220.0;30.0;40.0;55.0
2017-11-14 00:00:00;47.4;-2.0;60.0;0.0;220.0;30.0;43.0;63.0
2017-11-14 01:00:00;51.7;17.8;40.0;0.0;190.0;30.0;44.0;55.0
2017-11-14 02:00:00;21.9;36.5;50.0;0.0;220.0;30.0;48.0;57.0
2017-11-14 03:00:00;29.9;29.5;50.0;0.0;220.0;40.0;42.0;54.0
2017-11-14 04:00:00;28.7;30.1;40.0;0.0;200.0;30.0;44.0;54.0
2017-11-14 05:00:00;23.0;30.3;50.0;0.0;210.0;40.0;42.0;66.0
2017-11-14 06:00:00;39.8;15.0;60.0;0.0;220.0;40.0;28.0;51.0
2017-11-14 07:00:00;56.0;5.6;60.0;0.0;200.0;40.0;38.0;64.0
2017-11-14 08:00:00;65.2;1.3;100.0;0.0;210.0;70.0;49.0;74.0
2017-11-14 09:00:00;59.6;6.4;100.0;0.0;210.0;70.0;54.0;79.0
2017-11-14 10:00:00;52.8;7.8;100.0;0.0;210.0;70.0;57.0;81.0
2017-11-14 11:00:00;47.1;9.2;100.0;2.0;210.0;70.0;69.0;78.0
2017-11-14 12:00:00;44.6;10.5;80.0;9.0;210.0;60.0;77.0;83.0
2017-11-14 13:00:00;45.6;9.0;70.0;10.0;230.0;50.0;94.0;99.0
2017-11-14 14:00:00;51.8;4.5;70.0;10.0;250.0;40.0;97.0;101.0
2017-11-14 15:00:00;53.8;9.2;60.0;0.0;250.0;40.0;97.0;104.0
2017-11-14 16:00:00;40.8;18.5;50.0;0.0;260.0;40.0;96.0;105.0
2017-11-14 17:00:00;42.6;14.4;40.0;0.0;220.0;30.0;96.0;103.0
2017-11-14 18:00:00;47.5;9.5;40.0;4.0;190.0;30.0;96.0;100.0
2017-11-14 19:00:00;58.8;-1.4;60.0;7.0;210.0;40.0;95.0;98.0
2017-11-14 20:00:00;57.5;-0.9;70.0;0.0;210.0;50.0;94.0;98.0
2017-11-14 21:00:00;54.1;1.5;80.0;0.0;210.0;50.0;91.0;96.0
2017-11-14 22:00:00;45.9;6.5;70.0;0.0;210.0;50.0;91.0;96.0
2017-11-14 23:00:00;43.7;5.9;70.0;0.0;210.0;50.0;91.0;95.0
2017-11-15 00:00:00;36.4;9.7;60.0;10.0;190.0;40.0;90.0;94.0
2017-11-15 01:00:00;40.9;2.4;70.0;9.0;200.0;50.0;90.0;93.0
2017-11-15 02:00:00;40.5;-0.2;70.0;4.0;210.0;50.0;90.0;94.0
2017-11-15 03:00:00;44.4;-1.9;60.0;0.0;200.0;40.0;90.0;93.0
2017-11-15 04:00:00;47.0;-2.5;60.0;5.0;200.0;50.0;89.0;91.0
2017-11-15 05:00:00;44.4;-2.6;60.0;7.0;190.0;40.0;88.0;91.0
2017-11-15 06:00:00;40.1;-2.5;60.0;5.0;190.0;50.0;88.0;91.0
2017-11-15 07:00:00;36.6;-2.5;60.0;0.0;200.0;40.0;91.0;94.0
2017-11-15 08:00:00;37.6;-2.5;60.0;0.0;190.0;40.0;94.0;96.0
2017-11-15 09:00:00;38.5;-2.0;60.0;0.0;190.0;40.0;95.0;99.0
2017-11-15 10:00:00;37.0;-0.8;60.0;4.0;200.0;40.0;100.0;105.0
2017-11-15 11:00:00;37.6;-0.7;50.0;0.0;190.0;30.0;103.0;109.0
2017-11-15 12:00:00;37.6;-0.3;50.0;0.0;170.0;30.0;103.0;109.0
2017-11-15 13:00:00;40.6;-0.5;50.0;0.0;190.0;30.0;103.0;109.0
2017-11-15 14:00:00;39.7;-1.9;50.0;4.0;200.0;30.0;103.0;108.0
2017-11-15 15:00:00;42.5;-2.4;50.0;0.0;180.0;30.0;101.0;106.0
2017-11-15 16:00:00;41.8;-2.7;50.0;2.0;170.0;40.0;101.0;104.0
2017-11-15 17:00:00;39.5;-3.1;50.0;0.0;170.0;30.0;99.0;102.0
2017-11-15 18:00:00;40.4;-3.9;50.0;0.0;170.0;40.0;98.0;102.0
2017-11-15 19:00:00;42.7;-3.8;50.0;0.0;180.0;30.0;101.0;102.0
2017-11-15 20:00:00;40.8;-3.8;50.0;0.0;190.0;40.0;101.0;105.0
2017-11-15 21:00:00;40.2;-3.8;50.0;0.0;190.0;30.0;96.0;100.0
2017-11-15 22:00:00;46.0;-3.8;50.0;0.0;180.0;30.0;96.0;99.0
2017-11-15 23:00:00;46.3;-3.6;60.0;0.0;170.0;40.0;92.0;94.0
2017-11-16 00:00:00;44.1;-3.4;60.0;0.0;190.0;40.0;95.0;96.0
2017-11-16 01:00:00;41.7;-3.5;60.0;0.0;160.0;30.0;92.0;95.0
2017-11-16 02:00:00;43.7;-3.8;60.0;0.0;180.0;30.0;92.0;95.0
2017-11-16 03:00:00;46.9;-3.8;50.0;0.0;180.0;30.0;91.0;95.0
2017-11-16 04:00:00;46.2;-4.0;70.0;0.0;190.0;40.0;92.0;94.0
2017-11-16 05:00:00;44.2;-3.9;60.0;0.0;200.0;40.0;91.0;94.0
2017-11-16 06:00:00;38.6;-3.8;60.0;0.0;200.0;40.0;92.0;95.0
2017-11-16 07:00:00;37.0;-3.8;70.0;0.0;200.0;40.0;90.0;95.0
2017-11-16 08:00:00;39.0;-3.5;70.0;0.0;200.0;40.0;91.0;95.0
2017-11-16 09:00:00;38.9;-2.9;70.0;0.0;200.0;50.0;92.0;96.0
2017-11-16 10:00:00;36.3;-1.9;70.0;0.0;190.0;40.0;92.0;98.0
2017-11-16 11:00:00;38.1;-1.4;70.0;0.0;200.0;50.0;94.0;100.0
2017-11-16 12:00:00;36.7;-1.3;70.0;4.0;200.0;50.0;99.0;103.0
2017-11-16 13:00:00;40.6;-1.9;70.0;0.0;200.0;50.0;102.0;107.0
2017-11-16 14:00:00;41.1;-2.3;70.0;0.0;210.0;50.0;103.0;110.0
2017-11-16 15:00:00;45.2;-3.2;70.0;0.0;210.0;40.0;103.0;109.0
2017-11-16 16:00:00;48.6;-3.0;70.0;0.0;230.0;50.0;104.0;114.0
2017-11-16 17:00:00;55.0;-2.5;70.0;0.0;240.0;40.0;101.0;110.0
2017-11-16 18:00:00;53.9;5.2;60.0;2.0;300.0;40.0;96.0;107.0
2017-11-16 19:00:00;42.6;15.1;100.0;6.0;330.0;50.0;81.0;95.0
2017-11-16 20:00:00;13.9;48.6;60.0;6.0;300.0;20.0;82.0;90.0
2017-11-16 21:00:00;11.3;58.5;60.0;0.0;330.0;30.0;57.0;82.0
2017-11-16 22:00:00;13.4;52.5;50.0;0.0;330.0;30.0;45.0;62.0
2017-11-16 23:00:00;12.8;52.7;30.0;0.0;310.0;20.0;36.0;46.0
2017-11-17 00:00:00;11.9;49.1;30.0;0.0;300.0;20.0;25.0;37.0
2017-11-17 01:00:00;10.4;41.6;20.0;0.0;320.0;10.0;28.0;36.0
2017-11-17 02:00:00;12.4;44.1;10.0;0.0;320.0;10.0;26.0;30.0
2017-11-17 03:00:00;10.5;33.4;20.0;0.0;250.0;10.0;18.0;22.0
2017-11-17 04:00:00;10.1;29.1;10.0;0.0;0.0;0.0;28.0;32.0
2017-11-17 05:00:00;9.4;28.3;20.0;0.0;0.0;10.0;16.0;22.0
2017-11-17 06:00:00;15.7;21.4;50.0;0.0;0.0;10.0;33.0;42.0
2017-11-17 07:00:00;50.8;-3.1;20.0;0.0;210.0;10.0;34.0;42.0
2017-11-17 08:00:00;59.3;-2.6;20.0;0.0;200.0;10.0;48.0;62.0
2017-11-17 09:00:00;59.0;-1.3;40.0;0.0;230.0;10.0;43.0;100.0
2017-11-17 10:00:00;78.7;2.4;40.0;0.0;220.0;30.0;31.0;103.0
2017-11-17 11:00:00;52.7;27.4;50.0;0.0;270.0;30.0;34.0;101.0
2017-11-17 12:00:00;26.1;51.1;90.0;0.0;300.0;50.0;36.0;104.0
2017-11-17 13:00:00;21.8;52.3;80.0;0.0;280.0;50.0;24.0;95.0
2017-11-17 14:00:00;20.8;57.4;70.0;0.0;270.0;40.0;27.0;70.0
2017-11-17 15:00:00;13.5;65.8;50.0;0.0;260.0;40.0;24.0;68.0
2017-11-17 16:00:00;23.0;52.8;50.0;0.0;260.0;30.0;22.0;63.0
2017-11-17 17:00:00;40.5;33.0;50.0;0.0;250.0;30.0;17.0;48.0
2017-11-17 18:00:00;44.8;30.4;40.0;0.0;240.0;30.0;22.0;51.0
2017-11-17 19:00:00;52.5;23.3;50.0;0.0;220.0;30.0;14.0;40.0
2017-11-17 20:00:00;51.8;26.1;50.0;0.0;220.0;30.0;30.0;69.0
2017-11-17 21:00:00;73.4;6.8;50.0;0.0;230.0;40.0;27.0;67.0
2017-11-17 22:00:00;75.7;5.4;70.0;0.0;260.0;40.0;18.0;78.0
2017-11-17 23:00:00;56.6;21.9;70.0;0.0;250.0;50.0;23.0;82.0
2017-11-18 00:00:00;17.2;56.8;80.0;0.0;260.0;50.0;25.0;81.0
2017-11-18 01:00:00;12.7;57.4;100.0;0.0;250.0;60.0;12.0;82.0
2017-11-18 02:00:00;10.8;56.4;120.0;0.0;270.0;80.0;17.0;78.0
2017-11-18 03:00:00;7.0;62.0;120.0;0.0;250.0;80.0;15.0;80.0
2017-11-18 04:00:00;4.8;64.5;130.0;0.0;260.0;80.0;15.0;80.0
2017-11-18 05:00:00;4.7;65.5;120.0;0.0;250.0;80.0;22.0;80.0
2017-11-18 06:00:00;7.3;63.5;110.0;0.0;260.0;80.0;26.0;83.0
2017-11-18 07:00:00;10.2;62.8;130.0;0.0;260.0;80.0;31.0;86.0
2017-11-18 08:00:00;8.6;64.8;140.0;0.0;260.0;90.0;43.0;93.0
2017-11-18 09:00:00;9.0;64.7;150.0;0.0;270.0;100.0;48.0;94.0
2017-11-18 10:00:00;8.2;63.9;150.0;1.0;290.0;100.0;53.0;91.0
2017-11-18 11:00:00;13.2;58.5;150.0;3.0;280.0;100.0;56.0;90.0
2017-11-18 12:00:00;12.9;59.7;150.0;0.0;270.0;100.0;58.0;97.0
2017-11-18 13:00:00;11.8;60.8;160.0;8.0;300.0;90.0;53.0;67.0
2017-11-18 14:00:00;19.7;52.6;120.0;6.0;300.0;60.0;47.0;75.0
2017-11-18 15:00:00;23.0;49.8;110.0;3.0;340.0;50.0;43.0;62.0
2017-11-18 16:00:00;9.6;63.5;70.0;3.0;320.0;40.0;41.0;67.0
2017-11-18 17:00:00;10.9;63.4;100.0;2.0;290.0;40.0;40.0;61.0
2017-11-18 18:00:00;17.0;55.6;80.0;0.0;280.0;30.0;38.0;62.0
2017-11-18 19:00:00;27.0;46.7;70.0;0.0;320.0;30.0;35.0;64.0
2017-11-18 20:00:00;13.3;60.1;50.0;0.0;280.0;20.0;29.0;65.0
2017-11-18 21:00:00;12.3;57.2;120.0;6.0;300.0;60.0;35.0;58.0
2017-11-18 22:00:00;14.1;59.8;90.0;1.0;290.0;50.0;27.0;62.0
2017-11-18 23:00:00;24.4;43.7;110.0;0.0;300.0;50.0;18.0;58.0
2017-11-19 00:00:00;9.4;67.6;100.0;0.0;300.0;60.0;14.0;57.0
2017-11-19 01:00:00;7.2;64.8;80.0;0.0;300.0;40.0;16.0;57.0
2017-11-19 02:00:00;12.1;57.7;100.0;0.0;290.0;60.0;27.0;66.0
2017-11-19 03:00:00;7.6;61.9;120.0;1.0;300.0;70.0;38.0;62.0
2017-11-19 04:00:00;3.8;63.8;100.0;0.0;300.0;60.0;37.0;67.0
2017-11-19 05:00:00;5.7;61.0;130.0;0.0;290.0;70.0;28.0;64.0
2017-11-19 06:00:00;3.2;63.8;120.0;3.0;300.0;60.0;32.0;74.0
2017-11-19 07:00:00;6.8;59.9;130.0;1.0;310.0;80.0;33.0;68.0
2017-11-19 08:00:00;3.9;63.5;180.0;1.0;310.0;70.0;31.0;78.0
2017-11-19 09:00:00;6.3;60.3;130.0;0.0;310.0;80.0;45.0;85.0
2017-11-19 10:00:00;4.2;60.5;130.0;1.0;300.0;80.0;46.0;90.0
2017-11-19 11:00:00;4.1;60.7;140.0;0.0;310.0;90.0;53.0;95.0
2017-11-19 12:00:00;4.9;59.2;160.0;0.0;310.0;90.0;34.0;81.0
2017-11-19 13:00:00;5.0;61.5;140.0;0.0;300.0;80.0;42.0;80.0
2017-11-19 14:00:00;4.3;62.4;120.0;0.0;290.0;70.0;36.0;75.0
2017-11-19 15:00:00;5.8;61.1;120.0;0.0;300.0;60.0;36.0;68.0
2017-11-19 16:00:00;9.8;56.4;90.0;2.0;290.0;60.0;44.0;73.0
2017-11-19 17:00:00;13.3;51.1;120.0;0.0;270.0;60.0;35.0;63.0
2017-11-19 18:00:00;9.1;55.9;80.0;0.0;290.0;50.0;36.0;69.0
2017-11-19 19:00:00;18.3;45.7;80.0;2.0;310.0;40.0;40.0;75.0
2017-11-19 20:00:00;18.0;49.5;80.0;0.0;300.0;50.0;32.0;69.0
2017-11-19 21:00:00;16.2;49.8;60.0;0.0;290.0;40.0;27.0;67.0
2017-11-19 22:00:00;18.3;45.1;50.0;0.0;260.0;30.0;28.0;63.0
2017-11-19 23:00:00;28.3;33.7;60.0;0.0;260.0;40.0;36.0;70.0
2017-11-20 00:00:00;22.3;42.0;50.0;0.0;260.0;40.0;38.0;71.0
2017-11-20 01:00:00;14.8;48.9;70.0;0.0;260.0;50.0;31.0;74.0
2017-11-20 02:00:00;7.6;53.9;70.0;0.0;250.0;50.0;20.0;71.0
2017-11-20 03:00:00;7.6;52.6;60.0;0.0;250.0;40.0;22.0;71.0
2017-11-20 04:00:00;12.4;46.5;80.0;0.0;240.0;50.0;25.0;74.0
2017-11-20 05:00:00;14.3;45.0;80.0;9.0;250.0;50.0;40.0;62.0
2017-11-20 06:00:00;17.9;50.8;70.0;10.0;220.0;50.0;46.0;60.0
2017-11-20 07:00:00;39.9;26.4;80.0;10.0;190.0;50.0;46.0;57.0
2017-11-20 08:00:00;57.7;10.6;90.0;3.0;190.0;60.0;45.0;56.0
2017-11-20 09:00:00;47.5;8.5;90.0;10.0;180.0;60.0;42.0;53.0
2017-11-20 10:00:00;39.0;14.0;100.0;6.0;180.0;70.0;47.0;55.0
2017-11-20 11:00:00;45.0;9.9;100.0;0.0;190.0;70.0;56.0;63.0
2017-11-20 12:00:00;51.2;6.1;100.0;1.0;190.0;70.0;65.0;70.0
2017-11-20 13:00:00;48.4;5.7;90.0;10.0;200.0;60.0;77.0;80.0
2017-11-20 14:00:00;45.5;6.2;90.0;10.0;210.0;60.0;89.0;91.0
2017-11-20 15:00:00;50.6;2.2;130.0;10.0;250.0;80.0;102.0;108.0
2017-11-20 16:00:00;56.5;8.6;130.0;6.0;250.0;90.0;101.0;115.0
2017-11-20 17:00:00;28.5;38.2;140.0;8.0;250.0;90.0;103.0;116.0
2017-11-20 18:00:00;24.2;41.0;130.0;9.0;260.0;90.0;106.0;116.0
2017-11-20 19:00:00;18.0;44.9;130.0;2.0;260.0;80.0;107.0;116.0
2017-11-20 20:00:00;15.5;44.7;110.0;2.0;270.0;80.0;108.0;117.0
2017-11-20 21:00:00;17.8;40.6;110.0;0.0;280.0;70.0;107.0;116.0
2017-11-20 22:00:00;32.0;27.4;80.0;0.0;280.0;60.0;109.0;115.0
2017-11-20 23:00:00;29.2;27.8;80.0;0.0;260.0;50.0;107.0;116.0
2017-11-21 00:00:00;21.3;32.6;70.0;0.0;260.0;50.0;105.0;113.0
2017-11-21 01:00:00;22.3;29.7;70.0;0.0;260.0;50.0;105.0;115.0
2017-11-21 02:00:00;15.3;35.7;60.0;0.0;260.0;50.0;107.0;116.0
2017-11-21 03:00:00;12.1;37.5;80.0;6.0;250.0;50.0;109.0;116.0
2017-11-21 04:00:00;16.6;31.4;80.0;6.0;250.0;50.0;111.0;118.0
2017-11-21 05:00:00;15.2;31.2;80.0;0.0;250.0;50.0;111.0;120.0
2017-11-21 06:00:00;22.6;25.9;80.0;7.0;250.0;50.0;115.0;121.0
2017-11-21 07:00:00;31.7;18.1;80.0;4.0;250.0;50.0;112.0;116.0
2017-11-21 08:00:00;40.0;14.5;80.0;10.0;240.0;40.0;118.0;122.0
2017-11-21 09:00:00;41.0;22.7;110.0;5.0;250.0;70.0;117.0;125.0
2017-11-21 10:00:00;39.6;19.3;130.0;0.0;250.0;80.0;113.0;126.0
2017-11-21 11:00:00;20.7;36.3;130.0;0.0;240.0;80.0;113.0;122.0
2017-11-21 12:00:00;22.5;36.9;140.0;0.0;240.0;90.0;110.0;121.0
2017-11-21 13:00:00;24.3;39.1;130.0;0.0;240.0;90.0;106.0;122.0
2017-11-21 14:00:00;23.6;43.8;130.0;0.0;230.0;80.0;105.0;122.0
2017-11-21 15:00:00;25.1;44.9;130.0;0.0;230.0;80.0;104.0;123.0
2017-11-21 16:00:00;28.8;42.6;130.0;0.0;230.0;90.0;104.0;123.0
2017-11-21 17:00:00;27.0;43.2;110.0;0.0;220.0;80.0;101.0;122.0
2017-11-21 18:00:00;34.0;31.9;110.0;0.0;210.0;70.0;96.0;115.0
2017-11-21 19:00:00;32.2;28.7;110.0;0.0;210.0;80.0;96.0;112.0
2017-11-21 20:00:00;23.2;30.8;90.0;0.0;210.0;70.0;97.0;115.0
2017-11-21 21:00:00;23.1;28.0;110.0;0.0;210.0;70.0;97.0;117.0
2017-11-21 22:00:00;20.7;30.1;120.0;0.0;210.0;80.0;94.0;117.0
2017-11-21 23:00:00;15.3;35.5;120.0;5.0;210.0;80.0;99.0;111.0
2017-11-22 00:00:00;11.4;40.8;120.0;10.0;200.0;80.0;97.0;107.0
2017-11-22 01:00:00;12.3;37.8;120.0;10.0;210.0;80.0;98.0;106.0
2017-11-22 02:00:00;14.3;35.6;130.0;5.0;210.0;90.0;97.0;110.0
2017-11-22 03:00:00;11.6;39.5;130.0;0.0;210.0;90.0;94.0;113.0
2017-11-22 04:00:00;9.9;42.9;130.0;0.0;210.0;100.0;96.0;108.0
2017-11-22 05:00:00;10.2;42.2;130.0;5.0;210.0;90.0;93.0;113.0
2017-11-22 06:00:00;14.1;37.9;130.0;0.0;210.0;90.0;90.0;113.0
2017-11-22 07:00:00;20.9;33.0;140.0;0.0;210.0;90.0;89.0;112.0
2017-11-22 08:00:00;26.0;29.5;140.0;0.0;210.0;90.0;89.0;114.0
2017-11-22 09:00:00;31.4;26.9;140.0;0.0;200.0;90.0;88.0;115.0
2017-11-22 10:00:00;29.5;30.7;140.0;0.0;210.0;90.0;89.0;117.0
2017-11-22 11:00:00;27.2;33.8;120.0;0.0;190.0;80.0;87.0;121.0
2017-11-22 12:00:00;25.7;35.5;120.0;0.0;180.0;80.0;90.0;128.0
2017-11-22 13:00:00;19.8;38.4;110.0;0.0;190.0;70.0;82.0;127.0
2017-11-22 14:00:00;21.5;39.4;120.0;0.0;180.0;80.0;76.0;121.0
2017-11-22 15:00:00;31.3;32.3;110.0;0.0;170.0;70.0;71.0;109.0
2017-11-22 16:00:00;30.5;34.9;110.0;0.0;170.0;70.0;67.0;106.0
2017-11-22 17:00:00;35.2;27.7;120.0;0.0;180.0;80.0;59.0;102.0
2017-11-22 18:00:00;34.1;27.7;110.0;0.0;180.0;70.0;52.0;96.0
2017-11-22 19:00:00;28.7;31.0;110.0;0.0;170.0;80.0;50.0;96.0
2017-11-22 20:00:00;24.1;35.0;120.0;0.0;180.0;80.0;47.0;98.0
2017-11-22 21:00:00;23.8;36.2;120.0;0.0;180.0;80.0;45.0;99.0
2017-11-22 22:00:00;18.8;41.7;120.0;0.0;170.0;80.0;44.0;96.0
2017-11-22 23:00:00;18.5;40.2;120.0;0.0;170.0;80.0;45.0;100.0
2017-11-23 00:00:00;14.3;41.2;110.0;0.0;170.0;80.0;49.0;110.0
2017-11-23 01:00:00;13.7;40.6;140.0;0.0;170.0;100.0;48.0;114.0
2017-11-23 02:00:00;11.5;42.4;150.0;0.0;170.0;100.0;47.0;106.0
2017-11-23 03:00:00;9.0;44.9;140.0;0.0;170.0;100.0;48.0;114.0
2017-11-23 04:00:00;8.0;44.2;150.0;0.0;170.0;100.0;50.0;117.0
2017-11-23 05:00:00;9.6;42.9;150.0;0.0;180.0;90.0;55.0;115.0
2017-11-23 06:00:00;13.4;40.0;170.0;0.0;190.0;90.0;63.0;131.0
2017-11-23 07:00:00;21.8;32.5;170.0;0.0;190.0;120.0;74.0;134.0
2017-11-23 08:00:00;23.7;35.6;220.0;0.0;210.0;140.0;94.0;130.0
2017-11-23 09:00:00;19.4;43.0;200.0;0.0;220.0;130.0;105.0;140.0
2017-11-23 10:00:00;20.0;47.1;170.0;0.0;210.0;110.0;108.0;136.0
2017-11-23 11:00:00;28.5;49.7;160.0;0.0;210.0;110.0;111.0;138.0
2017-11-23 12:00:00;18.9;51.3;190.0;5.0;260.0;110.0;95.0;110.0
2017-11-23 13:00:00;18.0;49.8;140.0;0.0;250.0;90.0;62.0;112.0
2017-11-23 14:00:00;18.2;47.8;140.0;0.0;240.0;90.0;34.0;102.0
2017-11-23 15:00:00;17.5;57.2;110.0;0.0;220.0;70.0;38.0;83.0
2017-11-23 16:00:00;28.1;48.1;90.0;0.0;210.0;60.0;39.0;72.0
2017-11-23 17:00:00;40.1;33.2;80.0;0.0;210.0;60.0;47.0;80.0
2017-11-23 18:00:00;42.4;34.2;60.0;0.0;220.0;50.0;54.0;79.0
2017-11-23 19:00:00;39.7;35.1;80.0;0.0;200.0;50.0;58.0;84.0
2017-11-23 20:00:00;39.4;32.1;90.0;0.0;210.0;60.0;58.0;87.0
2017-11-23 21:00:00;32.6;34.8;80.0;0.0;220.0;60.0;59.0;86.0
2017-11-23 22:00:00;30.3;31.5;70.0;0.0;210.0;50.0;60.0;86.0
2017-11-23 23:00:00;31.8;31.0;70.0;0.0;210.0;50.0;58.0;82.0
2017-11-24 00:00:00;31.1;28.3;70.0;0.0;210.0;40.0;63.0;84.0
2017-11-24 01:00:00;31.3;26.0;60.0;9.0;190.0;40.0;67.0;80.0
2017-11-24 02:00:00;31.9;23.9;60.0;10.0;200.0;40.0;66.0;78.0
2017-11-24 03:00:00;30.2;24.4;50.0;10.0;230.0;30.0;66.0;74.0
2017-11-24 04:00:00;25.7;31.3;40.0;10.0;260.0;20.0;53.0;70.0
2017-11-24 05:00:00;20.7;42.3;30.0;10.0;270.0;20.0;52.0;68.0
2017-11-24 06:00:00;20.9;35.3;50.0;2.0;250.0;30.0;54.0;73.0
2017-11-24 07:00:00;50.6;13.7;50.0;9.0;200.0;30.0;58.0;71.0
2017-11-24 08:00:00;51.2;20.3;40.0;0.0;250.0;20.0;47.0;77.0
2017-11-24 09:00:00;60.8;10.9;50.0;0.0;220.0;30.0;58.0;79.0
2017-11-24 10:00:00;60.8;17.6;70.0;0.0;210.0;50.0;57.0;78.0
2017-11-24 11:00:00;65.2;8.7;70.0;0.0;210.0;50.0;52.0;86.0
2017-11-24 12:00:00;44.8;23.8;70.0;0.0;220.0;50.0;59.0;91.0
2017-11-24 13:00:00;40.2;27.4;70.0;0.0;220.0;50.0;54.0;85.0
2017-11-24 14:00:00;50.6;18.8;70.0;0.0;260.0;40.0;36.0;75.0
2017-11-24 15:00:00;47.5;19.4;40.0;0.0;260.0;30.0;27.0;69.0
2017-11-24 16:00:00;43.7;19.1;40.0;0.0;270.0;30.0;23.0;55.0
2017-11-24 17:00:00;56.7;4.9;30.0;0.0;300.0;20.0;22.0;57.0
2017-11-24 18:00:00;61.2;-1.3;30.0;0.0;310.0;20.0;23.0;56.0
2017-11-24 19:00:00;65.3;-2.3;20.0;0.0;90.0;10.0;22.0;41.0
2017-11-24 20:00:00;59.9;-0.4;20.0;0.0;140.0;10.0;26.0;39.0
2017-11-24 21:00:00;53.2;-2.1;30.0;0.0;160.0;10.0;27.0;43.0
2017-11-24 22:00:00;53.7;-2.5;20.0;0.0;120.0;10.0;29.0;40.0
2017-11-24 23:00:00;52.1;-2.1;10.0;0.0;120.0;10.0;27.0;41.0
2017-11-25 00:00:00;48.5;-2.6;10.0;0.0;0.0;0.0;29.0;35.0
2017-11-25 01:00:00;47.6;-2.8;10.0;0.0;170.0;0.0;22.0;26.0
2017-11-25 02:00:00;45.6;-3.0;10.0;0.0;160.0;10.0;8.0;12.0
2017-11-25 03:00:00;47.7;-2.8;20.0;0.0;210.0;10.0;11.0;15.0
2017-11-25 04:00:00;42.8;-2.9;30.0;0.0;210.0;20.0;2.0;11.0
2017-11-25 05:00:00;50.9;-2.9;50.0;0.0;220.0;40.0;6.0;18.0
2017-11-25 06:00:00;64.4;-1.7;60.0;0.0;220.0;40.0;7.0;21.0
2017-11-25 07:00:00;63.9;-1.3;50.0;0.0;190.0;30.0;8.0;19.0
2017-11-25 08:00:00;56.8;-1.9;40.0;0.0;210.0;30.0;23.0;34.0
2017-11-25 09:00:00;68.4;1.1;50.0;0.0;220.0;40.0;29.0;72.0
2017-11-25 10:00:00;63.5;8.1;70.0;0.0;260.0;40.0;21.0;81.0
2017-11-25 11:00:00;57.9;12.6;90.0;0.0;330.0;40.0;28.0;67.0
2017-11-25 12:00:00;19.5;45.8;120.0;1.0;290.0;40.0;14.0;63.0
2017-11-25 13:00:00;32.0;29.8;70.0;0.0;280.0;30.0;17.0;73.0
2017-11-25 14:00:00;24.1;40.5;80.0;0.0;270.0;50.0;6.0;61.0
2017-11-25 15:00:00;31.8;32.0;80.0;0.0;260.0;50.0;1.0;52.0
2017-11-25 16:00:00;19.5;46.8;80.0;0.0;270.0;50.0;10.0;47.0
2017-11-25 17:00:00;31.7;38.5;110.0;0.0;250.0;60.0;8.0;49.0
2017-11-25 18:00:00;25.1;42.1;120.0;4.0;270.0;70.0;10.0;36.0
2017-11-25 19:00:00;20.2;46.0;100.0;0.0;230.0;50.0;20.0;50.0
2017-11-25 20:00:00;23.4;44.8;80.0;0.0;250.0;40.0;10.0;56.0
2017-11-25 21:00:00;23.0;40.2;80.0;0.0;250.0;60.0;10.0;54.0
2017-11-25 22:00:00;36.1;30.3;80.0;0.0;260.0;60.0;10.0;54.0
2017-11-25 23:00:00;29.5;42.4;90.0;0.0;260.0;60.0;5.0;53.0
2017-11-26 00:00:00;15.2;51.9;90.0;0.0;260.0;60.0;8.0;53.0
2017-11-26 01:00:00;8.9;56.4;100.0;0.0;260.0;60.0;15.0;57.0
2017-11-26 02:00:00;13.5;54.4;90.0;0.0;260.0;70.0;17.0;61.0
2017-11-26 03:00:00;9.0;55.1;110.0;0.0;260.0;70.0;20.0;64.0
2017-11-26 04:00:00;11.1;52.9;120.0;0.0;260.0;80.0;22.0;64.0
2017-11-26 05:00:00;8.7;53.1;120.0;0.0;260.0;80.0;21.0;64.0
2017-11-26 06:00:00;7.4;53.9;120.0;0.0;260.0;80.0;21.0;63.0
2017-11-26 07:00:00;8.3;51.7;120.0;0.0;260.0;70.0;25.0;66.0
2017-11-26 08:00:00;9.4;49.9;110.0;0.0;260.0;70.0;33.0;72.0
2017-11-26 09:00:00;11.2;47.9;110.0;0.0;270.0;80.0;25.0;73.0
2017-11-26 10:00:00;10.4;51.3;110.0;0.0;280.0;80.0;26.0;78.0
2017-11-26 11:00:00;10.0;54.5;140.0;4.0;280.0;80.0;29.0;67.0
2017-11-26 12:00:00;14.7;50.4;120.0;0.0;280.0;80.0;19.0;66.0
2017-11-26 13:00:00;14.1;52.9;90.0;0.0;260.0;60.0;30.0;66.0
2017-11-26 14:00:00;10.6;56.6;90.0;0.0;280.0;50.0;33.0;70.0
2017-11-26 15:00:00;15.7;52.0;100.0;0.0;280.0;60.0;19.0;61.0
2017-11-26 16:00:00;20.2;46.4;160.0;2.0;270.0;70.0;13.0;50.0
2017-11-26 17:00:00;24.1;44.8;100.0;1.0;260.0;50.0;11.0;55.0
2017-11-26 18:00:00;15.0;56.0;110.0;4.0;260.0;60.0;19.0;52.0
2017-11-26 19:00:00;13.2;60.8;140.0;7.0;320.0;40.0;19.0;45.0
2017-11-26 20:00:00;19.2;59.5;80.0;0.0;260.0;40.0;21.0;63.0
2017-11-26 21:00:00;17.9;56.0;100.0;0.0;330.0;50.0;30.0;46.0
2017-11-26 22:00:00;14.3;53.1;80.0;0.0;260.0;30.0;31.0;71.0
2017-11-26 23:00:00;30.2;36.8;100.0;0.0;260.0;70.0;34.0;71.0
2017-11-27 00:00:00;30.2;32.0;100.0;0.0;240.0;60.0;32.0;68.0
2017-11-27 01:00:00;20.6;44.8;100.0;1.0;240.0;60.0;32.0;67.0
2017-11-27 02:00:00;18.8;54.5;90.0;0.0;230.0;60.0;36.0;71.0
2017-11-27 03:00:00;10.5;55.9;120.0;0.0;200.0;70.0;47.0;63.0
2017-11-27 04:00:00;13.4;45.6;120.0;10.0;200.0;80.0;45.0;56.0
2017-11-27 05:00:00;20.6;33.6;130.0;10.0;200.0;90.0;48.0;56.0
2017-11-27 06:00:00;20.7;30.7;140.0;10.0;200.0;90.0;57.0;66.0
2017-11-27 07:00:00;27.8;25.4;150.0;10.0;210.0;100.0;62.0;72.0
2017-11-27 08:00:00;33.7;24.7;160.0;10.0;210.0;110.0;68.0;76.0
2017-11-27 09:00:00;29.8;31.5;150.0;10.0;240.0;90.0;86.0;96.0
2017-11-27 10:00:00;39.5;27.0;140.0;3.0;250.0;80.0;79.0;102.0
2017-11-27 11:00:00;21.9;49.5;120.0;0.0;260.0;80.0;72.0;98.0
2017-11-27 12:00:00;18.3;51.3;120.0;0.0;260.0;80.0;70.0;101.0
2017-11-27 13:00:00;15.3;58.4;120.0;0.0;270.0;80.0;57.0;96.0
2017-11-27 14:00:00;14.6;57.8;110.0;3.0;240.0;70.0;65.0;87.0
2017-11-27 15:00:00;18.9;54.5;110.0;0.0;270.0;70.0;51.0;87.0
2017-11-27 16:00:00;24.3;50.8;150.0;4.0;280.0;80.0;50.0;64.0
2017-11-27 17:00:00;19.8;55.1;100.0;3.0;250.0;40.0;53.0;73.0
2017-11-27 18:00:00;21.0;56.7;150.0;7.0;250.0;90.0;40.0;71.0
2017-11-27 19:00:00;17.7;60.3;120.0;1.0;280.0;70.0;42.0;75.0
2017-11-27 20:00:00;17.7;61.2;130.0;0.0;270.0;80.0;36.0;79.0
2017-11-27 21:00:00;13.4;60.2;130.0;0.0;270.0;90.0;30.0;72.0
2017-11-27 22:00:00;14.0;62.6;130.0;0.0;270.0;90.0;25.0;70.0
2017-11-27 23:00:00;7.0;65.9;130.0;0.0;270.0;90.0;22.0;65.0
2017-11-28 00:00:00;9.8;62.1;120.0;0.0;270.0;80.0;22.0;61.0
2017-11-28 01:00:00;5.8;63.3;120.0;0.0;270.0;80.0;22.0;64.0
2017-11-28 02:00:00;5.1;62.6;120.0;0.0;270.0;80.0;20.0;62.0
2017-11-28 03:00:00;5.2;62.7;120.0;0.0;260.0;80.0;20.0;63.0
2017-11-28 04:00:00;5.0;61.3;110.0;0.0;260.0;80.0;29.0;70.0
2017-11-28 05:00:00;7.6;54.4;120.0;0.0;260.0;80.0;28.0;71.0
2017-11-28 06:00:00;11.0;50.7;120.0;2.0;260.0;80.0;41.0;65.0
2017-11-28 07:00:00;24.2;38.4;110.0;3.0;280.0;70.0;32.0;54.0
2017-11-28 08:00:00;27.8;38.0;140.0;10.0;270.0;70.0;29.0;56.0
2017-11-28 09:00:00;34.0;32.4;120.0;9.0;240.0;50.0;43.0;71.0
2017-11-28 10:00:00;29.1;39.7;110.0;6.0;280.0;50.0;30.0;58.0
2017-11-28 11:00:00;20.4;48.7;110.0;0.0;260.0;60.0;38.0;84.0
2017-11-28 12:00:00;31.0;38.7;140.0;1.0;290.0;90.0;28.0;67.0
2017-11-28 13:00:00;14.9;53.0;120.0;0.0;290.0;70.0;32.0;69.0
2017-11-28 14:00:00;17.1;50.9;90.0;0.0;270.0;50.0;32.0;61.0
2017-11-28 15:00:00;29.8;36.9;80.0;2.0;290.0;50.0;27.0;60.0
2017-11-28 16:00:00;29.1;41.1;80.0;0.0;300.0;40.0;27.0;54.0
2017-11-28 17:00:00;26.2;42.2;90.0;3.0;270.0;50.0;29.0;53.0
2017-11-28 18:00:00;26.3;41.3;90.0;0.0;260.0;60.0;21.0;46.0
2017-11-28 19:00:00;27.4;42.2;80.0;4.0;230.0;40.0;29.0;45.0
2017-11-28 20:00:00;21.8;45.7;60.0;0.0;220.0;50.0;24.0;38.0
2017-11-28 21:00:00;37.4;27.5;60.0;0.0;220.0;30.0;22.0;37.0
2017-11-28 22:00:00;58.1;16.4;60.0;0.0;220.0;40.0;24.0;35.0
2017-11-28 23:00:00;23.7;41.9;70.0;2.0;190.0;40.0;23.0;33.0
2017-11-29 00:00:00;28.2;34.2;50.0;0.0;210.0;40.0;15.0;22.0
2017-11-29 01:00:00;23.3;34.8;50.0;0.0;0.0;30.0;28.0;33.0
2017-11-29 02:00:00;25.1;30.1;50.0;3.0;200.0;20.0;24.0;30.0
2017-11-29 03:00:00;30.8;26.1;50.0;4.0;190.0;40.0;31.0;37.0
2017-11-29 04:00:00;27.8;25.5;70.0;3.0;210.0;40.0;26.0;31.0
2017-11-29 05:00:00;25.5;25.4;60.0;0.0;200.0;40.0;22.0;27.0
2017-11-29 06:00:00;34.5;19.4;60.0;0.0;190.0;30.0;10.0;16.0
2017-11-29 07:00:00;57.5;2.2;40.0;0.0;200.0;20.0;13.0;18.0
2017-11-29 08:00:00;63.5;-1.7;30.0;0.0;150.0;20.0;37.0;44.0
2017-11-29 09:00:00;64.1;0.2;30.0;0.0;140.0;20.0;36.0;46.0
2017-11-29 10:00:00;61.5;3.5;30.0;0.0;130.0;20.0;38.0;46.0
2017-11-29 11:00:00;57.5;3.4;30.0;0.0;120.0;20.0;37.0;45.0
2017-11-29 12:00:00;51.0;4.7;30.0;0.0;110.0;10.0;37.0;48.0
2017-11-29 13:00:00;53.1;4.9;30.0;0.0;170.0;10.0;36.0;50.0
2017-11-29 14:00:00;52.2;2.8;30.0;0.0;170.0;20.0;31.0;43.0
2017-11-29 15:00:00;54.4;0.6;30.0;0.0;150.0;20.0;28.0;39.0
2017-11-29 16:00:00;55.2;0.7;30.0;0.0;180.0;10.0;20.0;28.0
2017-11-29 17:00:00;54.8;-1.9;30.0;0.0;190.0;20.0;18.0;21.0
2017-11-29 18:00:00;54.6;-2.7;30.0;0.0;270.0;10.0;21.0;26.0
2017-11-29 19:00:00;62.1;-2.5;40.0;0.0;300.0;20.0;12.0;21.0
2017-11-29 20:00:00;59.3;-2.2;40.0;0.0;300.0;20.0;7.0;17.0
2017-11-29 21:00:00;56.7;-1.4;60.0;1.0;310.0;30.0;14.0;22.0
2017-11-29 22:00:00;45.2;0.7;40.0;0.0;270.0;20.0;5.0;13.0
2017-11-29 23:00:00;51.5;-0.5;40.0;0.0;250.0;20.0;6.0;15.0
2017-11-30 00:00:00;38.1;7.6;30.0;0.0;0.0;10.0;7.0;16.0
2017-11-30 01:00:00;48.2;5.6;50.0;6.0;0.0;20.0;8.0;14.0
2017-11-30 02:00:00;22.3;35.7;40.0;6.0;340.0;20.0;21.0;30.0
2017-11-30 03:00:00;17.2;43.5;90.0;4.0;300.0;20.0;18.0;35.0
2017-11-30 04:00:00;25.3;31.7;80.0;5.0;250.0;30.0;19.0;34.0
2017-11-30 05:00:00;36.6;28.0;60.0;5.0;210.0;20.0;6.0;18.0
2017-11-30 06:00:00;40.4;17.5;70.0;0.0;250.0;20.0;14.0;25.0
2017-11-30 07:00:00;62.4;2.3;70.0;5.0;30.0;30.0;8.0;24.0
2017-11-30 08:00:00;76.4;-2.3;40.0;2.0;230.0;20.0;25.0;35.0
2017-11-30 09:00:00;80.1;-1.0;40.0;1.0;180.0;20.0;26.0;41.0
2017-11-30 10:00:00;77.8;9.8;60.0;2.0;230.0;30.0;22.0;37.0
2017-11-30 11:00:00;56.6;29.0;70.0;3.0;330.0;30.0;14.0;37.0
2017-11-30 12:00:00;60.9;21.6;50.0;9.0;320.0;20.0;17.0;32.0
2017-11-30 13:00:00;40.0;38.5;50.0;0.0;200.0;20.0;17.0;31.0
2017-11-30 14:00:00;32.2;46.7;40.0;0.0;290.0;30.0;14.0;26.0
2017-11-30 15:00:00;57.6;16.6;40.0;6.0;280.0;20.0;9.0;21.0
2017-11-30 16:00:00;46.0;30.1;60.0;2.0;310.0;30.0;14.0;24.0
2017-11-30 17:00:00;80.6;-0.3;70.0;3.0;280.0;30.0;3.0;11.0
2017-11-30 18:00:00;69.9;11.4;40.0;0.0;290.0;20.0;0.0;8.0
2017-11-30 19:00:00;71.4;1.7;30.0;0.0;290.0;10.0;2.0;5.0
2017-11-30 20:00:00;80.9;-2.0;20.0;0.0;230.0;0.0;-6.0;-2.0
2017-11-30 21:00:00;78.7;-2.3;20.0;0.0;160.0;10.0;-15.0;-11.0
2017-11-30 22:00:00;72.9;-1.3;20.0;0.0;100.0;10.0;-13.0;-10.0
2017-11-30 23:00:00;69.3;-0.9;20.0;0.0;60.0;10.0;-24.0;-22.0
2017-12-01 00:00:00;73.1;-1.7;20.0;0.0;80.0;20.0;-14.0;-8.0
2017-12-01 01:00:00;65.1;-2.4;20.0;0.0;90.0;20.0;-12.0;-10.0
2017-12-01 02:00:00;70.7;-2.7;20.0;0.0;80.0;20.0;-9.0;-6.0
2017-12-01 03:00:00;60.6;-1.0;30.0;0.0;70.0;10.0;-21.0;-16.0
2017-12-01 04:00:00;49.5;2.5;30.0;0.0;20.0;20.0;2.0;5.0
2017-12-01 05:00:00;45.8;9.8;60.0;0.0;30.0;30.0;5.0;14.0
2017-12-01 06:00:00;34.9;22.1;50.0;0.0;20.0;30.0;9.0;13.0
2017-12-01 07:00:00;32.1;19.3;50.0;0.0;10.0;30.0;10.0;14.0
2017-12-01 08:00:00;39.5;10.1;80.0;0.0;30.0;30.0;8.0;20.0
2017-12-01 09:00:00;29.4;14.9;60.0;0.0;40.0;40.0;12.0;23.0
2017-12-01 10:00:00;24.8;20.2;60.0;0.0;20.0;30.0;11.0;24.0
2017-12-01 11:00:00;26.2;15.2;70.0;0.0;320.0;20.0;11.0;26.0
2017-12-01 12:00:00;26.7;14.9;80.0;0.0;340.0;30.0;24.0;39.0
2017-12-01 13:00:00;30.3;11.0;60.0;0.0;330.0;20.0;21.0;45.0
2017-12-01 14:00:00;36.6;5.2;50.0;0.0;340.0;20.0;11.0;26.0
2017-12-01 15:00:00;39.6;3.9;20.0;0.0;0.0;10.0;9.0;15.0
2017-12-01 16:00:00;44.3;-0.6;60.0;0.0;0.0;10.0;6.0;9.0
2017-12-01 17:00:00;46.3;-1.2;60.0;0.0;0.0;10.0;5.0;8.0
2017-12-01 18:00:00;42.1;-1.9;30.0;0.0;130.0;10.0;-18.0;-15.0
2017-12-01 19:00:00;44.8;-1.7;20.0;0.0;0.0;0.0;-18.0;-15.0
2017-12-01 20:00:00;52.3;-2.1;10.0;0.0;0.0;0.0;-15.0;-12.0
2017-12-01 21:00:00;50.5;-0.8;10.0;0.0;0.0;0.0;-30.0;-27.0
2017-12-01 22:00:00;50.5;-0.8;20.0;0.0;290.0;10.0;-27.0;-24.0
2017-12-01 23:00:00;55.8;-1.3;20.0;0.0;300.0;10.0;-44.0;-41.0
2017-12-02 00:00:00;48.4;-1.9;20.0;0.0;180.0;10.0;-33.0;-32.0
2017-12-02 01:00:00;47.8;-1.9;20.0;0.0;140.0;10.0;-30.0;-30.0
2017-12-02 02:00:00;46.7;-2.2;20.0;0.0;200.0;10.0;-32.0;-29.0
2017-12-02 03:00:00;55.2;-1.9;20.0;0.0;180.0;10.0;-30.0;-27.0
2017-12-02 04:00:00;64.3;-1.8;20.0;0.0;240.0;10.0;-15.0;-13.0
2017-12-02 05:00:00;62.8;-2.7;40.0;0.0;180.0;20.0;-4.0;-1.0
2017-12-02 06:00:00;55.6;-2.9;40.0;0.0;160.0;30.0;-8.0;-7.0
2017-12-02 07:00:00;51.9;-3.0;40.0;0.0;180.0;30.0;-13.0;-13.0
2017-12-02 08:00:00;42.1;-1.1;40.0;0.0;180.0;30.0;-12.0;-11.0
2017-12-02 09:00:00;42.3;0.6;40.0;0.0;170.0;30.0;-4.0;-4.0
2017-12-02 10:00:00;39.3;2.3;50.0;0.0;180.0;30.0;-2.0;-1.0
2017-12-02 11:00:00;42.6;1.9;50.0;0.0;180.0;40.0;6.0;6.0
2017-12-02 12:00:00;40.9;2.2;50.0;0.0;180.0;40.0;7.0;7.0
2017-12-02 13:00:00;39.5;1.2;60.0;0.0;170.0;40.0;8.0;10.0
2017-12-02 14:00:00;37.2;0.3;60.0;0.0;180.0;40.0;6.0;9.0
2017-12-02 15:00:00;47.4;-1.4;50.0;0.0;170.0;30.0;3.0;5.0
2017-12-02 16:00:00;50.7;-2.6;60.0;0.0;170.0;40.0;2.0;6.0
2017-12-02 17:00:00;52.1;-2.9;50.0;0.0;170.0;40.0;2.0;7.0
2017-12-02 18:00:00;51.2;-2.7;50.0;0.0;180.0;30.0;2.0;8.0
2017-12-02 19:00:00;50.1;-2.7;50.0;0.0;180.0;30.0;1.0;8.0
2017-12-02 20:00:00;48.7;-2.8;60.0;0.0;180.0;40.0;1.0;8.0
2017-12-02 21:00:00;48.0;-2.7;60.0;0.0;190.0;40.0;4.0;13.0
2017-12-02 22:00:00;46.8;-2.7;70.0;0.0;190.0;40.0;7.0;16.0
2017-12-02 23:00:00;47.2;-2.7;70.0;0.0;200.0;40.0;8.0;15.0
2017-12-03 00:00:00;46.6;-2.8;70.0;0.0;200.0;50.0;10.0;17.0
2017-12-03 01:00:00;46.4;-2.8;70.0;0.0;200.0;50.0;15.0;21.0
2017-12-03 02:00:00;46.9;-2.8;70.0;0.0;200.0;50.0;20.0;26.0
2017-12-03 03:00:00;46.8;-2.8;70.0;0.0;200.0;50.0;23.0;29.0
2017-12-03 04:00:00;48.2;-2.9;60.0;10.0;210.0;40.0;26.0;31.0
2017-12-03 05:00:00;48.7;-3.0;60.0;0.0;210.0;40.0;28.0;34.0
2017-12-03 06:00:00;47.6;-3.0;70.0;0.0;210.0;50.0;30.0;35.0
2017-12-03 07:00:00;46.7;-3.1;60.0;0.0;200.0;40.0;33.0;38.0
2017-12-03 08:00:00;46.6;-3.0;70.0;0.0;210.0;50.0;36.0;42.0
2017-12-03 09:00:00;43.9;-1.1;70.0;0.0;210.0;50.0;41.0;46.0
2017-12-03 10:00:00;42.9;0.2;60.0;8.0;210.0;50.0;49.0;52.0
2017-12-03 11:00:00;45.0;-0.5;60.0;7.0;230.0;30.0;64.0;66.0
2017-12-03 12:00:00;48.3;0.3;50.0;3.0;320.0;20.0;69.0;83.0
2017-12-03 13:00:00;52.8;3.2;70.0;0.0;310.0;30.0;65.0;87.0
2017-12-03 14:00:00;62.6;6.3;80.0;5.0;320.0;40.0;56.0;77.0
2017-12-03 15:00:00;18.9;56.5;70.0;0.0;310.0;30.0;57.0;70.0
2017-12-03 16:00:00;24.5;48.1;40.0;0.0;310.0;30.0;48.0;59.0
2017-12-03 17:00:00;32.5;37.8;70.0;2.0;300.0;30.0;49.0;59.0
2017-12-03 18:00:00;21.3;49.3;50.0;0.0;320.0;30.0;47.0;68.0
2017-12-03 19:00:00;23.5;43.7;50.0;0.0;290.0;30.0;47.0;64.0
2017-12-03 20:00:00;23.9;42.6;50.0;6.0;360.0;20.0;55.0;71.0
2017-12-03 21:00:00;13.2;55.3;30.0;0.0;270.0;10.0;48.0;61.0
2017-12-03 22:00:00;14.7;49.5;70.0;0.0;290.0;30.0;54.0;66.0
2017-12-03 23:00:00;35.5;29.9;40.0;0.0;360.0;30.0;58.0;67.0
2017-12-04 00:00:00;27.0;42.4;90.0;7.0;320.0;40.0;59.0;73.0
2017-12-04 01:00:00;7.4;52.0;70.0;0.0;290.0;30.0;49.0;60.0
2017-12-04 02:00:00;20.0;47.7;50.0;0.0;290.0;20.0;56.0;75.0
2017-12-04 03:00:00;20.5;40.8;50.0;0.0;290.0;40.0;54.0;75.0
2017-12-04 04:00:00;15.6;49.0;90.0;0.0;300.0;40.0;56.0;74.0
2017-12-04 05:00:00;7.0;62.1;70.0;1.0;280.0;40.0;58.0;76.0
2017-12-04 06:00:00;29.7;32.3;70.0;0.0;290.0;40.0;59.0;78.0
2017-12-04 07:00:00;42.1;27.4;80.0;0.0;290.0;50.0;53.0;82.0
2017-12-04 08:00:00;37.5;31.9;90.0;0.0;290.0;50.0;55.0;83.0
2017-12-04 09:00:00;30.0;34.7;80.0;8.0;290.0;50.0;60.0;83.0
2017-12-04 10:00:00;37.9;26.2;90.0;0.0;300.0;50.0;66.0;90.0
2017-12-04 11:00:00;35.0;31.1;80.0;0.0;300.0;50.0;63.0;89.0
2017-12-04 12:00:00;27.8;36.7;70.0;0.0;290.0;50.0;63.0;88.0
2017-12-04 13:00:00;32.6;31.0;90.0;0.0;290.0;60.0;64.0;90.0
2017-12-04 14:00:00;31.0;35.7;80.0;0.0;290.0;50.0;60.0;83.0
2017-12-04 15:00:00;24.6;40.1;70.0;0.0;280.0;40.0;46.0;58.0
2017-12-04 16:00:00;52.5;14.6;50.0;0.0;270.0;30.0;45.0;55.0
2017-12-04 17:00:00;68.5;1.8;60.0;0.0;270.0;40.0;48.0;60.0
2017-12-04 18:00:00;60.3;9.8;50.0;0.0;260.0;40.0;45.0;60.0
2017-12-04 19:00:00;36.6;28.4;60.0;0.0;250.0;40.0;52.0;68.0
2017-12-04 20:00:00;33.9;28.0;60.0;0.0;250.0;40.0;41.0;59.0
2017-12-04 21:00:00;37.6;25.2;50.0;0.0;260.0;30.0;42.0;59.0
2017-12-04 22:00:00;24.7;33.8;50.0;0.0;250.0;40.0;52.0;70.0
2017-12-04 23:00:00;20.4;35.3;50.0;0.0;250.0;30.0;58.0;71.0
2017-12-05 00:00:00;16.8;42.0;60.0;0.0;260.0;40.0;64.0;79.0
2017-12-05 01:00:00;13.2;43.6;50.0;0.0;250.0;40.0;61.0;82.0
2017-12-05 02:00:00;13.0;45.9;60.0;0.0;260.0;40.0;57.0;79.0
2017-12-05 03:00:00;12.6;49.5;60.0;0.0;270.0;40.0;56.0;77.0
2017-12-05 04:00:00;14.4;52.4;70.0;0.0;270.0;40.0;55.0;78.0
2017-12-05 05:00:00;18.2;46.1;60.0;0.0;280.0;40.0;45.0;83.0
2017-12-05 06:00:00;25.6;41.1;90.0;0.0;280.0;60.0;36.0;84.0
2017-12-05 07:00:00;41.0;30.5;80.0;0.0;260.0;40.0;46.0;84.0
2017-12-05 08:00:00;42.2;28.6;80.0;0.0;270.0;50.0;38.0;84.0
2017-12-05 09:00:00;41.8;29.3;90.0;0.0;250.0;60.0;37.0;90.0
2017-12-05 10:00:00;35.1;40.5;80.0;0.0;260.0;60.0;45.0;92.0
2017-12-05 11:00:00;24.5;44.4;90.0;0.0;270.0;60.0;66.0;90.0
2017-12-05 12:00:00;23.0;40.2;90.0;0.0;270.0;70.0;58.0;91.0
2017-12-05 13:00:00;22.6;33.6;90.0;0.0;270.0;70.0;48.0;89.0
2017-12-05 14:00:00;26.4;37.1;100.0;0.0;270.0;70.0;47.0;85.0
2017-12-05 15:00:00;24.7;42.9;100.0;0.0;270.0;70.0;39.0;85.0
2017-12-05 16:00:00;25.7;40.8;100.0;0.0;270.0;70.0;38.0;83.0
2017-12-05 17:00:00;16.7;51.6;90.0;0.0;260.0;60.0;40.0;82.0
2017-12-05 18:00:00;21.5;46.6;100.0;0.0;260.0;60.0;41.0;84.0
2017-12-05 19:00:00;15.0;52.9;110.0;0.0;270.0;70.0;42.0;80.0
2017-12-05 20:00:00;12.9;53.0;100.0;0.0;250.0;60.0;44.0;80.0
2017-12-05 21:00:00;7.4;58.0;120.0;0.0;250.0;70.0;37.0;80.0
2017-12-05 22:00:00;11.8;55.0;110.0;0.0;250.0;70.0;38.0;81.0
2017-12-05 23:00:00;7.6;58.4;110.0;0.0;260.0;70.0;35.0;83.0
2017-12-06 00:00:00;7.5;57.2;130.0;0.0;270.0;90.0;38.0;83.0
2017-12-06 01:00:00;6.9;58.1;120.0;0.0;270.0;80.0;40.0;84.0
2017-12-06 02:00:00;5.1;58.8;120.0;0.0;270.0;70.0;38.0;85.0
2017-12-06 03:00:00;5.1;58.1;120.0;0.0;260.0;80.0;44.0;86.0
2017-12-06 04:00:00;5.1;55.9;110.0;0.0;260.0;80.0;42.0;85.0
2017-12-06 05:00:00;5.1;52.8;120.0;0.0;260.0;80.0;42.0;85.0
2017-12-06 06:00:00;5.1;52.9;120.0;0.0;260.0;80.0;38.0;85.0
2017-12-06 07:00:00;5.1;54.4;130.0;0.0;260.0;90.0;37.0;86.0
2017-12-06 08:00:00;5.1;55.7;120.0;0.0;250.0;70.0;41.0;93.0
2017-12-06 09:00:00;5.1;57.3;120.0;0.0;250.0;70.0;39.0;98.0
2017-12-06 10:00:00;5.1;55.0;120.0;0.0;240.0;70.0;40.0;101.0
2017-12-06 11:00:00;5.1;57.4;130.0;0.0;250.0;80.0;43.0;101.0
2017-12-06 12:00:00;28.3;59.3;100.0;0.0;220.0;70.0;56.0;87.0
2017-12-06 13:00:00;27.6;53.6;80.0;0.0;220.0;60.0;60.0;87.0
2017-12-06 14:00:00;50.7;26.5;90.0;0.0;230.0;50.0;53.0;96.0
2017-12-06 15:00:00;65.5;8.2;110.0;0.0;210.0;70.0;49.0;87.0
2017-12-06 16:00:00;52.4;26.1;110.0;0.0;210.0;80.0;56.0;84.0
2017-12-06 17:00:00;41.0;27.3;110.0;0.0;210.0;70.0;54.0;84.0
2017-12-06 18:00:00;42.1;19.5;110.0;0.0;210.0;80.0;46.0;83.0
2017-12-06 19:00:00;54.1;9.3;110.0;0.0;200.0;70.0;44.0;80.0
2017-12-06 20:00:00;46.8;16.3;120.0;0.0;200.0;80.0;41.0;77.0
2017-12-06 21:00:00;43.7;19.7;110.0;0.0;200.0;80.0;39.0;74.0
2017-12-06 22:00:00;35.3;27.6;110.0;0.0;200.0;80.0;32.0;73.0
2017-12-06 23:00:00;26.7;35.8;120.0;0.0;200.0;90.0;31.0;69.0
2017-12-07 00:00:00;22.8;39.1;150.0;0.0;210.0;90.0;17.0;69.0
2017-12-07 01:00:00;27.1;35.0;140.0;0.0;200.0;90.0;20.0;64.0
2017-12-07 02:00:00;17.6;45.0;140.0;0.0;210.0;90.0;20.0;62.0
2017-12-07 03:00:00;15.0;42.5;130.0;0.0;200.0;90.0;17.0;50.0
2017-12-07 04:00:00;17.1;40.7;130.0;0.0;190.0;80.0;19.0;52.0
2017-12-07 05:00:00;13.7;43.7;160.0;0.0;190.0;100.0;18.0;51.0
2017-12-07 06:00:00;16.5;40.6;150.0;0.0;190.0;100.0;19.0;48.0
2017-12-07 07:00:00;23.5;33.3;160.0;0.0;190.0;100.0;21.0;48.0
2017-12-07 08:00:00;25.4;33.3;150.0;0.0;200.0;90.0;22.0;52.0
2017-12-07 09:00:00;28.3;30.4;170.0;0.0;190.0;110.0;26.0;54.0
2017-12-07 10:00:00;27.5;31.1;160.0;0.0;190.0;110.0;32.0;57.0
2017-12-07 11:00:00;26.6;30.8;170.0;0.0;200.0;120.0;41.0;57.0
2017-12-07 12:00:00;25.1;32.2;180.0;0.0;200.0;120.0;47.0;61.0
2017-12-07 13:00:00;23.5;33.3;180.0;6.0;200.0;130.0;53.0;66.0
2017-12-07 14:00:00;24.9;30.4;160.0;10.0;210.0;110.0;57.0;66.0
2017-12-07 15:00:00;27.6;26.2;160.0;10.0;210.0;110.0;60.0;70.0
2017-12-07 16:00:00;35.3;18.1;160.0;10.0;270.0;100.0;66.0;72.0
2017-12-07 17:00:00;35.8;17.5;110.0;3.0;270.0;60.0;49.0;71.0
2017-12-07 18:00:00;32.2;41.3;90.0;0.0;280.0;60.0;41.0;72.0
2017-12-07 19:00:00;29.7;36.8;100.0;0.0;280.0;70.0;38.0;75.0
2017-12-07 20:00:00;25.8;38.0;130.0;0.0;280.0;80.0;29.0;75.0
2017-12-07 21:00:00;23.0;40.5;140.0;0.0;280.0;90.0;23.0;68.0
2017-12-07 22:00:00;21.9;42.9;150.0;0.0;280.0;100.0;17.0;63.0
2017-12-07 23:00:00;17.1;46.9;120.0;0.0;270.0;90.0;23.0;59.0
2017-12-08 00:00:00;14.9;50.4;140.0;3.0;270.0;80.0;18.0;54.0
2017-12-08 01:00:00;9.6;56.0;120.0;1.0;270.0;90.0;18.0;51.0
2017-12-08 02:00:00;9.3;55.7;140.0;0.0;270.0;90.0;6.0;48.0
2017-12-08 03:00:00;10.7;57.8;140.0;0.0;260.0;90.0;-5.0;43.0
2017-12-08 04:00:00;5.7;63.2;150.0;0.0;260.0;90.0;-2.0;45.0
2017-12-08 05:00:00;5.6;65.7;130.0;2.0;260.0;80.0;0.0;43.0
2017-12-08 06:00:00;10.0;61.7;120.0;0.0;270.0;80.0;-1.0;44.0
2017-12-08 07:00:00;23.8;48.9;160.0;7.0;290.0;100.0;5.0;16.0
2017-12-08 08:00:00;37.9;36.7;140.0;10.0;290.0;70.0;12.0;23.0
2017-12-08 09:00:00;24.9;48.5;120.0;9.0;300.0;50.0;5.0;14.0
2017-12-08 10:00:00;36.3;35.5;80.0;3.0;220.0;40.0;11.0;24.0
2017-12-08 11:00:00;50.8;23.1;130.0;1.0;300.0;70.0;-3.0;60.0
2017-12-08 12:00:00;52.2;29.6;150.0;0.0;300.0;90.0;-10.0;47.0
2017-12-08 13:00:00;25.1;48.8;150.0;0.0;290.0;100.0;-20.0;43.0
2017-12-08 14:00:00;28.6;49.6;150.0;0.0;280.0;100.0;-27.0;41.0
2017-12-08 15:00:00;26.1;53.3;170.0;0.0;280.0;110.0;-17.0;43.0
2017-12-08 16:00:00;19.3;57.4;180.0;9.0;270.0;110.0;10.0;18.0
2017-12-08 17:00:00;14.8;57.9;180.0;9.0;280.0;110.0;16.0;28.0
2017-12-08 18:00:00;24.9;46.2;200.0;9.0;310.0;110.0;2.0;14.0
2017-12-08 19:00:00;17.3;56.8;160.0;2.0;280.0;90.0;1.0;30.0
2017-12-08 20:00:00;9.0;69.0;160.0;6.0;280.0;80.0;3.0;22.0
2017-12-08 21:00:00;11.5;64.2;140.0;3.0;290.0;80.0;-5.0;30.0
2017-12-08 22:00:00;28.3;46.3;150.0;0.0;280.0;90.0;-1.0;23.0
2017-12-08 23:00:00;19.4;54.9;120.0;0.0;270.0;80.0;4.0;21.0
2017-12-09 00:00:00;15.9;57.2;130.0;0.0;270.0;80.0;3.0;22.0
2017-12-09 01:00:00;12.2;58.7;140.0;0.0;250.0;90.0;8.0;31.0
2017-12-09 02:00:00;7.0;62.2;170.0;5.0;280.0;100.0;0.0;34.0
2017-12-09 03:00:00;8.5;59.8;170.0;10.0;280.0;110.0;13.0;33.0
2017-12-09 04:00:00;7.2;58.8;160.0;9.0;280.0;110.0;23.0;36.0
2017-12-09 05:00:00;11.0;53.6;150.0;3.0;270.0;80.0;19.0;35.0
2017-12-09 06:00:00;18.0;44.9;130.0;5.0;290.0;80.0;26.0;48.0
2017-12-09 07:00:00;24.8;38.3;120.0;5.0;270.0;60.0;24.0;38.0
2017-12-09 08:00:00;25.1;38.2;100.0;1.0;280.0;60.0;21.0;41.0
2017-12-09 09:00:00;28.2;35.2;100.0;1.0;270.0;50.0;30.0;54.0
2017-12-09 10:00:00;32.5;31.3;120.0;3.0;290.0;80.0;15.0;34.0
2017-12-09 11:00:00;16.7;44.7;100.0;6.0;270.0;40.0;25.0;43.0
2017-12-09 12:00:00;17.3;44.1;60.0;5.0;330.0;20.0;13.0;35.0
2017-12-09 13:00:00;21.9;39.0;90.0;0.0;270.0;50.0;14.0;48.0
2017-12-09 14:00:00;35.8;31.3;100.0;0.0;260.0;70.0;-1.0;38.0
2017-12-09 15:00:00;23.8;41.6;90.0;0.0;260.0;60.0;-4.0;37.0
2017-12-09 16:00:00;32.3;36.2;90.0;0.0;250.0;60.0;-9.0;38.0
2017-12-09 17:00:00;27.7;37.3;90.0;0.0;250.0;50.0;-17.0;36.0
2017-12-09 18:00:00;32.9;37.8;90.0;0.0;260.0;60.0;-21.0;37.0
2017-12-09 19:00:00;33.6;44.8;110.0;0.0;250.0;60.0;-19.0;33.0
2017-12-09 20:00:00;20.6;55.9;120.0;0.0;220.0;70.0;-6.0;21.0
2017-12-09 21:00:00;23.4;53.9;90.0;3.0;290.0;60.0;3.0;20.0
2017-12-09 22:00:00;23.4;49.2;90.0;4.0;180.0;50.0;4.0;11.0
2017-12-09 23:00:00;22.4;48.2;120.0;4.0;240.0;60.0;2.0;12.0
2017-12-10 00:00:00;25.0;36.2;110.0;9.0;200.0;50.0;1.0;6.0
2017-12-10 01:00:00;19.8;47.9;110.0;6.0;210.0;70.0;0.0;10.0
2017-12-10 02:00:00;25.5;32.9;140.0;0.0;210.0;90.0;-3.0;14.0
2017-12-10 03:00:00;15.3;54.7;100.0;0.0;180.0;60.0;-1.0;11.0
2017-12-10 04:00:00;12.2;50.7;90.0;0.0;170.0;60.0;-3.0;7.0
2017-12-10 05:00:00;15.1;37.4;90.0;0.0;180.0;60.0;1.0;10.0
2017-12-10 06:00:00;15.0;35.8;80.0;0.0;170.0;50.0;4.0;12.0
2017-12-10 07:00:00;18.0;28.4;80.0;0.0;140.0;60.0;5.0;11.0
2017-12-10 08:00:00;15.5;30.9;90.0;1.0;130.0;60.0;6.0;14.0
2017-12-10 09:00:00;14.8;33.6;100.0;4.0;130.0;70.0;3.0;13.0
2017-12-10 10:00:00;12.2;39.3;100.0;10.0;100.0;60.0;-1.0;5.0
2017-12-10 11:00:00;13.6;39.5;120.0;10.0;100.0;70.0;-1.0;0.0
2017-12-10 12:00:00;13.5;41.4;130.0;10.0;100.0;80.0;-1.0;2.0
2017-12-10 13:00:00;13.2;43.7;120.0;10.0;100.0;80.0;-1.0;0.0
2017-12-10 14:00:00;16.2;42.2;130.0;10.0;100.0;80.0;-3.0;0.0
2017-12-10 15:00:00;14.5;46.0;110.0;10.0;90.0;70.0;-2.0;1.0
2017-12-10 16:00:00;13.5;46.9;100.0;6.0;60.0;70.0;1.0;5.0
2017-12-10 17:00:00;15.3;46.1;70.0;10.0;30.0;50.0;5.0;8.0
2017-12-10 18:00:00;17.5;42.3;120.0;10.0;360.0;60.0;2.0;8.0
2017-12-10 19:00:00;13.2;44.3;120.0;7.0;330.0;80.0;-1.0;7.0
2017-12-10 20:00:00;12.6;44.5;110.0;0.0;320.0;70.0;-4.0;9.0
2017-12-10 21:00:00;10.5;46.0;90.0;0.0;330.0;60.0;-10.0;11.0
2017-12-10 22:00:00;11.0;46.4;80.0;0.0;270.0;40.0;-11.0;13.0
2017-12-10 23:00:00;12.1;43.6;50.0;0.0;310.0;30.0;-8.0;9.0
2017-12-11 00:00:00;26.3;31.5;30.0;0.0;120.0;10.0;-24.0;-15.0
2017-12-11 01:00:00;36.2;15.1;20.0;0.0;100.0;20.0;-25.0;-20.0
2017-12-11 02:00:00;30.8;17.0;20.0;0.0;150.0;10.0;-25.0;-21.0
2017-12-11 03:00:00;42.7;4.0;30.0;0.0;80.0;20.0;-23.0;-20.0
2017-12-11 04:00:00;52.3;-2.4;30.0;0.0;60.0;20.0;-20.0;-13.0
2017-12-11 05:00:00;51.7;0.4;50.0;0.0;80.0;30.0;-16.0;4.0
2017-12-11 06:00:00;34.7;23.9;70.0;0.0;90.0;50.0;-15.0;17.0
2017-12-11 07:00:00;24.7;36.9;70.0;0.0;90.0;50.0;-14.0;16.0
2017-12-11 08:00:00;18.4;41.7;110.0;0.0;80.0;60.0;-16.0;13.0
2017-12-11 09:00:00;19.8;38.6;110.0;0.0;70.0;70.0;-15.0;13.0
2017-12-11 10:00:00;20.4;35.6;110.0;0.0;80.0;70.0;-17.0;10.0
2017-12-11 11:00:00;17.9;39.4;100.0;9.0;70.0;60.0;-9.0;0.0
2017-12-11 12:00:00;16.9;41.4;120.0;10.0;50.0;70.0;-6.0;0.0
2017-12-11 13:00:00;17.9;38.3;130.0;9.0;40.0;80.0;-1.0;4.0
2017-12-11 14:00:00;17.8;38.1;130.0;9.0;30.0;80.0;-5.0;0.0
2017-12-11 15:00:00;13.5;45.1;130.0;10.0;20.0;70.0;-3.0;-1.0
2017-12-11 16:00:00;14.7;40.4;150.0;10.0;20.0;90.0;-2.0;0.0
2017-12-11 17:00:00;17.3;35.6;130.0;10.0;20.0;80.0;-1.0;1.0
2017-12-11 18:00:00;12.9;41.5;130.0;10.0;20.0;80.0;1.0;5.0
2017-12-11 19:00:00;11.8;46.1;120.0;10.0;360.0;70.0;2.0;6.0
2017-12-11 20:00:00;10.5;47.9;120.0;9.0;10.0;70.0;4.0;12.0
2017-12-11 21:00:00;8.8;48.6;130.0;0.0;10.0;70.0;5.0;16.0
2017-12-11 22:00:00;6.4;57.0;110.0;0.0;340.0;60.0;3.0;17.0
2017-12-11 23:00:00;5.3;61.0;80.0;0.0;320.0;40.0;0.0;14.0
2017-12-12 00:00:00;6.9;59.6;70.0;0.0;290.0;40.0;1.0;10.0
2017-12-12 01:00:00;5.9;60.8;70.0;0.0;290.0;40.0;-1.0;19.0
2017-12-12 02:00:00;10.0;52.8;80.0;2.0;310.0;50.0;-1.0;16.0
2017-12-12 03:00:00;23.8;41.8;80.0;0.0;280.0;30.0;-1.0;23.0
2017-12-12 04:00:00;18.5;47.6;90.0;0.0;310.0;50.0;-4.0;32.0
2017-12-12 05:00:00;10.8;56.1;120.0;3.0;320.0;50.0;-6.0;27.0
2017-12-12 06:00:00;19.9;49.9;70.0;0.0;280.0;30.0;0.0;27.0
2017-12-12 07:00:00;35.5;33.7;60.0;0.0;310.0;30.0;-1.0;28.0
2017-12-12 08:00:00;47.6;22.3;50.0;0.0;310.0;20.0;-3.0;17.0
2017-12-12 09:00:00;36.1;25.9;60.0;0.0;250.0;30.0;2.0;37.0
2017-12-12 10:00:00;59.9;11.9;70.0;0.0;260.0;40.0;1.0;42.0
2017-12-12 11:00:00;67.1;11.0;90.0;0.0;200.0;50.0;1.0;20.0
2017-12-12 12:00:00;49.8;20.2;110.0;0.0;220.0;60.0;2.0;24.0
2017-12-12 13:00:00;55.1;21.4;90.0;4.0;220.0;60.0;8.0;23.0
2017-12-12 14:00:00;75.6;10.1;100.0;4.0;220.0;70.0;6.0;20.0
2017-12-12 15:00:00;59.6;19.2;100.0;0.0;230.0;70.0;4.0;20.0
2017-12-12 16:00:00;57.7;21.7;100.0;0.0;220.0;60.0;4.0;18.0
2017-12-12 17:00:00;61.8;20.5;70.0;0.0;190.0;40.0;-9.0;6.0
2017-12-12 18:00:00;59.9;17.2;70.0;0.0;190.0;50.0;-2.0;9.0
2017-12-12 19:00:00;45.9;25.3;70.0;0.0;190.0;50.0;0.0;7.0
2017-12-12 20:00:00;56.7;6.5;90.0;0.0;190.0;50.0;1.0;10.0
2017-12-12 21:00:00;62.6;-2.1;70.0;0.0;180.0;50.0;-7.0;5.0
2017-12-12 22:00:00;63.0;-1.4;90.0;0.0;180.0;60.0;-6.0;9.0
2017-12-12 23:00:00;62.7;-0.1;100.0;0.0;180.0;80.0;-7.0;9.0
2017-12-13 00:00:00;64.5;-1.1;110.0;0.0;170.0;70.0;-3.0;13.0
2017-12-13 01:00:00;61.6;-0.4;110.0;0.0;180.0;80.0;0.0;13.0
2017-12-13 02:00:00;45.9;7.6;110.0;0.0;180.0;80.0;3.0;20.0
2017-12-13 03:00:00;27.7;20.6;120.0;0.0;180.0;80.0;6.0;20.0
2017-12-13 04:00:00;23.2;22.7;120.0;0.0;180.0;80.0;5.0;18.0
2017-12-13 05:00:00;21.7;21.5;120.0;0.0;180.0;80.0;11.0;25.0
2017-12-13 06:00:00;24.8;19.3;120.0;9.0;170.0;90.0;11.0;22.0
2017-12-13 07:00:00;28.3;19.2;130.0;6.0;180.0;80.0;15.0;25.0
2017-12-13 08:00:00;29.4;23.2;120.0;10.0;170.0;80.0;19.0;26.0
2017-12-13 09:00:00;29.0;24.2;110.0;9.0;180.0;80.0;25.0;30.0
2017-12-13 10:00:00;32.8;22.8;110.0;0.0;180.0;70.0;25.0;30.0
2017-12-13 11:00:00;34.4;21.9;100.0;9.0;210.0;70.0;30.0;33.0
2017-12-13 12:00:00;35.8;19.6;90.0;0.0;230.0;60.0;41.0;47.0
2017-12-13 13:00:00;47.3;10.4;80.0;2.0;220.0;50.0;40.0;49.0
2017-12-13 14:00:00;63.1;8.6;90.0;0.0;200.0;60.0;36.0;44.0
2017-12-13 15:00:00;52.7;19.0;90.0;0.0;180.0;70.0;37.0;44.0
2017-12-13 16:00:00;55.5;16.0;100.0;8.0;170.0;70.0;36.0;41.0
2017-12-13 17:00:00;44.9;19.9;110.0;8.0;170.0;70.0;41.0;45.0
2017-12-13 18:00:00;44.9;18.2;130.0;9.0;170.0;80.0;50.0;56.0
2017-12-13 19:00:00;34.5;24.5;170.0;8.0;220.0;80.0;43.0;56.0
2017-12-13 20:00:00;24.7;46.0;140.0;6.0;280.0;90.0;36.0;62.0
2017-12-13 21:00:00;21.0;53.3;160.0;2.0;270.0;90.0;23.0;53.0
2017-12-13 22:00:00;20.5;59.3;130.0;0.0;260.0;80.0;20.0;54.0
2017-12-13 23:00:00;10.6;68.7;120.0;0.0;260.0;80.0;13.0;53.0
2017-12-14 00:00:00;7.4;68.6;80.0;0.0;250.0;50.0;12.0;50.0
2017-12-14 01:00:00;10.8;66.6;80.0;0.0;220.0;40.0;11.0;30.0
2017-12-14 02:00:00;14.5;62.5;100.0;8.0;240.0;60.0;7.0;16.0
2017-12-14 03:00:00;12.5;64.5;90.0;10.0;250.0;40.0;1.0;5.0
2017-12-14 04:00:00;10.8;68.8;60.0;6.0;230.0;30.0;7.0;13.0
2017-12-14 05:00:00;18.7;61.8;140.0;0.0;260.0;90.0;11.0;45.0
2017-12-14 06:00:00;25.6;59.6;140.0;3.0;260.0;80.0;19.0;41.0
2017-12-14 07:00:00;20.8;63.2;130.0;5.0;260.0;70.0;25.0;42.0
2017-12-14 08:00:00;19.6;54.8;130.0;1.0;250.0;80.0;26.0;50.0
2017-12-14 09:00:00;26.0;47.2;100.0;1.0;260.0;60.0;25.0;57.0
2017-12-14 10:00:00;24.1;48.8;140.0;3.0;240.0;80.0;20.0;48.0
2017-12-14 11:00:00;23.8;51.0;130.0;3.0;250.0;60.0;20.0;49.0
2017-12-14 12:00:00;26.0;50.0;120.0;0.0;250.0;70.0;28.0;61.0
2017-12-14 13:00:00;27.3;48.2;110.0;0.0;240.0;70.0;23.0;59.0
2017-12-14 14:00:00;23.8;55.1;90.0;0.0;220.0;60.0;17.0;43.0
2017-12-14 15:00:00;36.9;44.9;120.0;3.0;190.0;60.0;21.0;39.0
2017-12-14 16:00:00;39.7;40.7;80.0;0.0;210.0;60.0;21.0;38.0
2017-12-14 17:00:00;42.4;34.2;90.0;6.0;190.0;60.0;24.0;36.0
2017-12-14 18:00:00;48.7;26.2;70.0;0.0;210.0;40.0;18.0;31.0
2017-12-14 19:00:00;49.1;19.9;70.0;0.0;190.0;50.0;14.0;24.0
2017-12-14 20:00:00;47.6;16.8;70.0;0.0;200.0;50.0;15.0;23.0
2017-12-14 21:00:00;42.7;19.8;60.0;0.0;190.0;40.0;7.0;15.0
2017-12-14 22:00:00;47.0;14.9;50.0;0.0;190.0;40.0;8.0;14.0
2017-12-14 23:00:00;51.1;13.3;70.0;0.0;190.0;50.0;11.0;18.0
2017-12-15 00:00:00;46.0;16.9;60.0;0.0;170.0;50.0;2.0;8.0
2017-12-15 01:00:00;40.3;19.0;70.0;0.0;180.0;50.0;3.0;8.0
2017-12-15 02:00:00;35.1;22.9;70.0;0.0;190.0;50.0;5.0;11.0
2017-12-15 03:00:00;28.2;25.4;60.0;0.0;170.0;40.0;7.0;12.0
2017-12-15 04:00:00;32.0;19.8;60.0;5.0;170.0;40.0;12.0;18.0
2017-12-15 05:00:00;32.8;19.7;60.0;4.0;160.0;40.0;14.0;19.0
2017-12-15 06:00:00;36.7;16.4;70.0;0.0;180.0;50.0;19.0;25.0
2017-12-15 07:00:00;44.0;12.7;80.0;0.0;180.0;50.0;25.0;33.0
2017-12-15 08:00:00;48.5;12.1;90.0;0.0;170.0;50.0;26.0;34.0
2017-12-15 09:00:00;40.2;21.2;60.0;0.0;170.0;40.0;28.0;36.0
2017-12-15 10:00:00;40.5;20.9;60.0;0.0;170.0;40.0;30.0;40.0
2017-12-15 11:00:00;41.0;18.6;60.0;0.0;170.0;40.0;31.0;42.0
2017-12-15 12:00:00;47.2;11.8;60.0;6.0;160.0;40.0;32.0;43.0
2017-12-15 13:00:00;57.8;3.6;60.0;0.0;160.0;30.0;33.0;44.0
2017-12-15 14:00:00;59.6;3.0;50.0;0.0;170.0;30.0;30.0;39.0
2017-12-15 15:00:00;60.4;2.3;30.0;0.0;130.0;20.0;28.0;39.0
2017-12-15 16:00:00;63.8;-1.4;30.0;0.0;140.0;20.0;28.0;36.0
2017-12-15 17:00:00;68.0;-2.8;20.0;0.0;170.0;20.0;29.0;35.0
2017-12-15 18:00:00;65.5;-3.2;20.0;0.0;0.0;10.0;17.0;24.0
2017-12-15 19:00:00;62.7;-2.7;20.0;0.0;0.0;10.0;10.0;13.0
2017-12-15 20:00:00;64.9;-2.6;10.0;0.0;310.0;10.0;-6.0;-3.0
2017-12-15 21:00:00;61.3;-2.6;20.0;0.0;290.0;10.0;-9.0;-9.0
2017-12-15 22:00:00;52.9;-2.4;20.0;0.0;280.0;10.0;3.0;6.0
2017-12-15 23:00:00;60.3;-2.6;30.0;0.0;260.0;10.0;6.0;9.0
2017-12-16 00:00:00;66.4;-2.9;30.0;0.0;320.0;10.0;-6.0;-3.0
2017-12-16 01:00:00;66.2;-2.2;70.0;0.0;310.0;20.0;-6.0;6.0
2017-12-16 02:00:00;15.1;47.9;40.0;0.0;50.0;20.0;-3.0;-1.0
2017-12-16 03:00:00;10.5;47.1;30.0;0.0;280.0;10.0;-9.0;-4.0
2017-12-16 04:00:00;14.0;40.6;90.0;1.0;330.0;20.0;7.0;17.0
2017-12-16 05:00:00;16.1;47.0;80.0;2.0;310.0;40.0;7.0;20.0
2017-12-16 06:00:00;11.3;52.6;50.0;0.0;270.0;30.0;7.0;18.0
2017-12-16 07:00:00;37.8;21.6;60.0;0.0;300.0;30.0;2.0;19.0
2017-12-16 08:00:00;18.4;43.6;80.0;1.0;270.0;30.0;9.0;19.0
2017-12-16 09:00:00;22.4;47.4;70.0;2.0;290.0;30.0;15.0;36.0
2017-12-16 10:00:00;23.9;46.6;110.0;3.0;310.0;50.0;20.0;41.0
2017-12-16 11:00:00;27.7;45.0;110.0;1.0;320.0;50.0;17.0;38.0
2017-12-16 12:00:00;15.3;55.3;80.0;5.0;350.0;50.0;18.0;45.0
2017-12-16 13:00:00;13.8;57.8;130.0;3.0;300.0;50.0;22.0;44.0
2017-12-16 14:00:00;17.7;54.1;110.0;2.0;290.0;40.0;4.0;23.0
2017-12-16 15:00:00;15.7;61.6;80.0;2.0;290.0;30.0;17.0;41.0
2017-12-16 16:00:00;18.6;54.4;90.0;0.0;290.0;50.0;16.0;40.0
2017-12-16 17:00:00;20.9;50.3;80.0;0.0;290.0;40.0;14.0;34.0
2017-12-16 18:00:00;22.4;47.7;100.0;3.0;310.0;40.0;4.0;25.0
2017-12-16 19:00:00;16.5;49.8;60.0;0.0;260.0;30.0;7.0;22.0
2017-12-16 20:00:00;26.7;42.0;50.0;0.0;310.0;30.0;10.0;30.0
2017-12-16 21:00:00;17.3;52.6;60.0;1.0;290.0;30.0;7.0;27.0
2017-12-16 22:00:00;34.0;32.4;60.0;2.0;310.0;30.0;13.0;33.0
2017-12-16 23:00:00;23.3;46.0;40.0;0.0;290.0;30.0;-2.0;12.0
2017-12-17 00:00:00;24.5;37.8;30.0;0.0;360.0;10.0;-2.0;12.0
2017-12-17 01:00:00;12.1;56.2;40.0;0.0;290.0;20.0;-7.0;12.0
2017-12-17 02:00:00;13.3;49.0;30.0;0.0;300.0;20.0;-7.0;4.0
2017-12-17 03:00:00;15.1;38.1;20.0;0.0;270.0;10.0;-10.0;-7.0
2017-12-17 04:00:00;25.4;21.5;20.0;0.0;0.0;10.0;-19.0;-15.0
2017-12-17 05:00:00;44.5;2.7;20.0;0.0;240.0;10.0;-25.0;-20.0
2017-12-17 06:00:00;56.1;-2.7;20.0;0.0;0.0;10.0;-14.0;-10.0
2017-12-17 07:00:00;56.7;-2.8;20.0;0.0;290.0;10.0;-25.0;-21.0
2017-12-17 08:00:00;59.5;-2.7;20.0;0.0;260.0;10.0;-7.0;1.0
2017-12-17 09:00:00;58.4;-0.7;20.0;0.0;190.0;10.0;10.0;30.0
2017-12-17 10:00:00;50.7;6.1;40.0;0.0;210.0;20.0;26.0;49.0
2017-12-17 11:00:00;45.8;19.9;50.0;0.0;240.0;40.0;24.0;66.0
2017-12-17 12:00:00;41.4;28.4;60.0;0.0;220.0;40.0;33.0;60.0
2017-12-17 13:00:00;40.8;32.5;70.0;0.0;230.0;50.0;25.0;55.0
2017-12-17 14:00:00;46.4;21.9;70.0;0.0;220.0;50.0;31.0;50.0
2017-12-17 15:00:00;39.1;29.4;70.0;0.0;200.0;50.0;26.0;43.0
2017-12-17 16:00:00;35.0;28.6;70.0;0.0;200.0;50.0;27.0;44.0
2017-12-17 17:00:00;47.8;15.6;90.0;0.0;200.0;60.0;21.0;42.0
2017-12-17 18:00:00;37.9;22.9;100.0;0.0;190.0;70.0;14.0;40.0
2017-12-17 19:00:00;38.2;20.7;110.0;10.0;180.0;70.0;23.0;34.0
2017-12-17 20:00:00;33.5;20.2;120.0;10.0;180.0;80.0;28.0;34.0
2017-12-17 21:00:00;27.6;24.0;120.0;10.0;200.0;80.0;33.0;40.0
2017-12-17 22:00:00;26.9;27.3;120.0;10.0;200.0;80.0;37.0;42.0
2017-12-17 23:00:00;23.1;28.4;100.0;9.0;220.0;60.0;47.0;51.0
2017-12-18 00:00:00;22.0;23.3;90.0;7.0;310.0;40.0;69.0;74.0
2017-12-18 01:00:00;32.3;12.2;140.0;5.0;330.0;80.0;60.0;73.0
2017-12-18 02:00:00;10.8;56.2;110.0;0.0;320.0;70.0;53.0;70.0
2017-12-18 03:00:00;4.6;67.5;110.0;0.0;330.0;70.0;55.0;72.0
2017-12-18 04:00:00;3.6;68.2;110.0;0.0;340.0;70.0;52.0;72.0
2017-12-18 05:00:00;4.5;66.8;110.0;4.0;330.0;60.0;49.0;69.0
2017-12-18 06:00:00;13.0;57.6;90.0;0.0;330.0;50.0;46.0;72.0
2017-12-18 07:00:00;20.5;50.2;100.0;0.0;340.0;60.0;47.0;72.0
2017-12-18 08:00:00;19.7;50.5;100.0;0.0;330.0;60.0;49.0;71.0
2017-12-18 09:00:00;17.1;53.0;90.0;0.0;340.0;50.0;45.0;77.0
2017-12-18 10:00:00;18.3;48.7;90.0;0.0;340.0;60.0;49.0;80.0
2017-12-18 11:00:00;21.5;46.5;90.0;0.0;340.0;50.0;50.0;82.0
2017-12-18 12:00:00;23.2;45.9;80.0;0.0;340.0;50.0;49.0;81.0
2017-12-18 13:00:00;19.9;47.2;80.0;0.0;350.0;50.0;50.0;80.0
2017-12-18 14:00:00;19.0;48.4;80.0;0.0;350.0;50.0;49.0;78.0
2017-12-18 15:00:00;19.8;46.9;70.0;0.0;350.0;40.0;47.0;74.0
2017-12-18 16:00:00;20.6;45.5;60.0;0.0;330.0;40.0;31.0;48.0
2017-12-18 17:00:00;28.2;38.1;50.0;0.0;340.0;30.0;34.0;45.0
2017-12-18 18:00:00;38.4;25.8;40.0;0.0;330.0;30.0;35.0;40.0
2017-12-18 19:00:00;35.3;28.2;30.0;0.0;350.0;10.0;24.0;27.0
2017-12-18 20:00:00;29.3;31.0;30.0;0.0;330.0;20.0;25.0;28.0
2017-12-18 21:00:00;25.0;34.2;20.0;0.0;310.0;20.0;10.0;10.0
2017-12-18 22:00:00;24.9;30.9;30.0;0.0;270.0;20.0;3.0;3.0
2017-12-18 23:00:00;35.1;19.1;30.0;0.0;280.0;20.0;6.0;8.0
2017-12-19 00:00:00;38.1;15.2;20.0;0.0;280.0;10.0;21.0;22.0
2017-12-19 01:00:00;56.7;-0.1;20.0;0.0;310.0;10.0;14.0;16.0
2017-12-19 02:00:00;60.6;-2.0;10.0;0.0;70.0;10.0;19.0;21.0
2017-12-19 03:00:00;56.4;-3.6;10.0;0.0;220.0;0.0;12.0;12.0
2017-12-19 04:00:00;53.1;-3.7;30.0;0.0;220.0;20.0;15.0;15.0
2017-12-19 05:00:00;52.0;-3.2;40.0;0.0;210.0;30.0;21.0;24.0
2017-12-19 06:00:00;50.6;-1.0;50.0;0.0;220.0;40.0;46.0;49.0
2017-12-19 07:00:00;64.8;-1.9;60.0;0.0;210.0;40.0;27.0;35.0
2017-12-19 08:00:00;81.4;-2.9;50.0;0.0;210.0;40.0;37.0;45.0
2017-12-19 09:00:00;79.4;-2.1;70.0;0.0;230.0;50.0;50.0;68.0
2017-12-19 10:00:00;77.1;-0.4;70.0;0.0;230.0;50.0;56.0;73.0
2017-12-19 11:00:00;68.1;5.3;70.0;0.0;240.0;50.0;62.0;77.0
2017-12-19 12:00:00;55.0;15.3;70.0;0.0;260.0;50.0;63.0;81.0
2017-12-19 13:00:00;43.9;19.8;80.0;0.0;260.0;60.0;60.0;79.0
2017-12-19 14:00:00;38.2;24.9;70.0;0.0;270.0;40.0;60.0;77.0
2017-12-19 15:00:00;37.9;23.7;60.0;0.0;260.0;40.0;62.0;74.0
2017-12-19 16:00:00;44.9;14.5;60.0;0.0;250.0;40.0;60.0;74.0
2017-12-19 17:00:00;52.6;6.5;50.0;0.0;240.0;30.0;55.0;64.0
2017-12-19 18:00:00;43.4;14.3;50.0;0.0;240.0;30.0;61.0;70.0
2017-12-19 19:00:00;38.1;16.6;70.0;0.0;250.0;40.0;63.0;72.0
2017-12-19 20:00:00;56.2;2.8;60.0;0.0;260.0;40.0;63.0;74.0
2017-12-19 21:00:00;49.7;4.2;50.0;0.0;260.0;40.0;63.0;72.0
2017-12-19 22:00:00;53.8;0.1;40.0;0.0;250.0;30.0;63.0;73.0
2017-12-19 23:00:00;58.5;-1.2;60.0;0.0;260.0;40.0;64.0;72.0
2017-12-20 00:00:00;57.4;-2.2;50.0;0.0;270.0;30.0;61.0;66.0
2017-12-20 01:00:00;53.5;-2.6;30.0;0.0;260.0;20.0;54.0;57.0
2017-12-20 02:00:00;52.8;-4.0;30.0;0.0;270.0;30.0;48.0;52.0
2017-12-20 03:00:00;47.1;-3.8;40.0;0.0;270.0;20.0;62.0;63.0
2017-12-20 04:00:00;47.9;-4.0;50.0;0.0;280.0;30.0;66.0;70.0
2017-12-20 05:00:00;50.4;-4.2;60.0;0.0;300.0;30.0;68.0;69.0
2017-12-20 06:00:00;49.7;-3.7;60.0;0.0;290.0;20.0;69.0;69.0
2017-12-20 07:00:00;54.7;-3.7;60.0;0.0;280.0;30.0;70.0;73.0
2017-12-20 08:00:00;57.3;-3.2;70.0;0.0;280.0;30.0;75.0;76.0
2017-12-20 09:00:00;59.2;-3.7;60.0;0.0;280.0;30.0;83.0;85.0
2017-12-20 10:00:00;51.1;-2.9;50.0;0.0;290.0;30.0;83.0;87.0
2017-12-20 11:00:00;51.4;-3.0;50.0;0.0;300.0;30.0;83.0;85.0
2017-12-20 12:00:00;42.6;2.6;30.0;0.0;240.0;10.0;84.0;87.0
2017-12-20 13:00:00;47.2;-1.9;30.0;0.0;240.0;10.0;86.0;90.0
2017-12-20 14:00:00;52.5;-2.3;40.0;0.0;240.0;20.0;84.0;87.0
2017-12-20 15:00:00;53.2;-2.7;40.0;0.0;250.0;30.0;83.0;85.0
2017-12-20 16:00:00;50.4;-2.7;60.0;0.0;260.0;40.0;80.0;84.0
2017-12-20 17:00:00;40.7;8.8;50.0;0.0;280.0;30.0;78.0;82.0
2017-12-20 18:00:00;23.4;30.7;60.0;0.0;260.0;40.0;80.0;83.0
2017-12-20 19:00:00;23.8;24.2;50.0;0.0;280.0;40.0;78.0;81.0
2017-12-20 20:00:00;21.9;23.7;60.0;0.0;240.0;40.0;77.0;82.0
2017-12-20 21:00:00;22.2;20.3;50.0;0.0;240.0;40.0;77.0;80.0
2017-12-20 22:00:00;26.2;17.1;50.0;0.0;260.0;30.0;77.0;81.0
2017-12-20 23:00:00;18.6;22.9;50.0;0.0;250.0;30.0;79.0;81.0
2017-12-21 00:00:00;14.5;25.7;50.0;7.0;250.0;30.0;80.0;83.0
2017-12-21 01:00:00;14.3;25.8;50.0;3.0;250.0;40.0;79.0;82.0
2017-12-21 02:00:00;14.6;23.2;50.0;5.0;250.0;40.0;80.0;83.0
2017-12-21 03:00:00;17.2;18.9;50.0;0.0;260.0;30.0;80.0;83.0
2017-12-21 04:00:00;17.3;16.8;50.0;0.0;270.0;30.0;81.0;81.0
2017-12-21 05:00:00;18.3;11.5;50.0;0.0;260.0;30.0;82.0;83.0
2017-12-21 06:00:00;33.3;-2.1;40.0;0.0;280.0;30.0;82.0;82.0
2017-12-21 07:00:00;38.6;-4.0;50.0;0.0;270.0;30.0;82.0;83.0
2017-12-21 08:00:00;39.9;-4.0;60.0;0.0;280.0;40.0;87.0;88.0
2017-12-21 09:00:00;40.9;-3.2;70.0;0.0;290.0;40.0;89.0;90.0
2017-12-21 10:00:00;40.3;-3.1;80.0;0.0;270.0;40.0;88.0;91.0
2017-12-21 11:00:00;40.6;-2.3;70.0;0.0;300.0;40.0;86.0;89.0
2017-12-21 12:00:00;44.4;0.2;70.0;0.0;290.0;40.0;87.0;90.0
2017-12-21 13:00:00;43.8;3.0;80.0;0.0;300.0;40.0;86.0;88.0
2017-12-21 14:00:00;48.4;2.3;80.0;0.0;290.0;30.0;87.0;87.0
2017-12-21 15:00:00;48.9;3.3;50.0;0.0;270.0;30.0;84.0;85.0
2017-12-21 16:00:00;53.1;-3.1;60.0;0.0;280.0;30.0;83.0;83.0
2017-12-21 17:00:00;49.8;-4.0;40.0;0.0;280.0;20.0;79.0;79.0
2017-12-21 18:00:00;51.2;-4.2;30.0;0.0;230.0;10.0;77.0;77.0
2017-12-21 19:00:00;49.0;-4.2;40.0;0.0;200.0;20.0;77.0;77.0
2017-12-21 20:00:00;43.7;-3.3;50.0;0.0;220.0;30.0;80.0;80.0
2017-12-21 21:00:00;42.7;-3.5;40.0;0.0;200.0;20.0;79.0;79.0
2017-12-21 22:00:00;37.0;-3.7;20.0;1.0;130.0;10.0;81.0;81.0
2017-12-21 23:00:00;39.2;-3.8;20.0;9.0;150.0;20.0;78.0;81.0
2017-12-22 00:00:00;42.4;-3.8;20.0;10.0;140.0;10.0;80.0;83.0
2017-12-22 01:00:00;38.6;-3.9;20.0;10.0;140.0;10.0;80.0;83.0
2017-12-22 02:00:00;35.6;-4.0;10.0;10.0;150.0;10.0;79.0;82.0
2017-12-22 03:00:00;33.2;-4.0;20.0;7.0;160.0;10.0;79.0;82.0
2017-12-22 04:00:00;33.8;-4.0;10.0;0.0;200.0;10.0;83.0;83.0
2017-12-22 05:00:00;31.8;-4.0;20.0;0.0;310.0;10.0;83.0;83.0
2017-12-22 06:00:00;34.1;-4.2;60.0;7.0;310.0;20.0;83.0;84.0
2017-12-22 07:00:00;33.2;-4.1;50.0;0.0;310.0;10.0;82.0;85.0
2017-12-22 08:00:00;34.0;-4.0;70.0;0.0;30.0;10.0;86.0;89.0
2017-12-22 09:00:00;31.9;-3.8;80.0;0.0;30.0;20.0;84.0;88.0
2017-12-22 10:00:00;33.6;-3.6;70.0;0.0;50.0;20.0;88.0;93.0
2017-12-22 11:00:00;37.2;-3.2;60.0;0.0;340.0;20.0;87.0;95.0
2017-12-22 12:00:00;38.6;-1.1;50.0;0.0;210.0;10.0;89.0;97.0
2017-12-22 13:00:00;42.1;0.0;20.0;0.0;300.0;10.0;82.0;90.0
2017-12-22 14:00:00;48.5;-1.2;30.0;0.0;330.0;20.0;73.0;76.0
2017-12-22 15:00:00;38.4;-3.5;20.0;0.0;110.0;10.0;58.0;61.0
2017-12-22 16:00:00;36.8;-4.0;60.0;0.0;310.0;10.0;80.0;83.0
2017-12-22 17:00:00;39.1;-4.0;50.0;0.0;300.0;20.0;78.0;78.0
2017-12-22 18:00:00;46.8;-3.7;40.0;0.0;260.0;20.0;75.0;76.0
2017-12-22 19:00:00;48.1;-2.5;50.0;0.0;260.0;30.0;76.0;79.0
2017-12-22 20:00:00;46.3;-3.2;60.0;0.0;240.0;40.0;80.0;82.0
2017-12-22 21:00:00;53.6;-3.2;60.0;0.0;260.0;40.0;82.0;86.0
2017-12-22 22:00:00;45.8;-1.5;70.0;0.0;260.0;40.0;79.0;84.0
2017-12-22 23:00:00;28.2;11.0;70.0;0.0;260.0;40.0;80.0;85.0
2017-12-23 00:00:00;15.9;21.3;70.0;0.0;250.0;50.0;79.0;83.0
2017-12-23 01:00:00;14.3;24.6;80.0;5.0;250.0;50.0;81.0;85.0
2017-12-23 02:00:00;9.5;31.8;100.0;0.0;260.0;70.0;76.0;83.0
2017-12-23 03:00:00;7.1;40.2;120.0;0.0;260.0;80.0;75.0;81.0
2017-12-23 04:00:00;5.7;47.3;110.0;0.0;250.0;70.0;74.0;88.0
2017-12-23 05:00:00;8.8;44.7;110.0;0.0;250.0;70.0;74.0;90.0
2017-12-23 06:00:00;16.0;35.5;120.0;0.0;250.0;70.0;74.0;89.0
2017-12-23 07:00:00;24.4;23.1;110.0;0.0;250.0;70.0;72.0;91.0
2017-12-23 08:00:00;24.6;23.7;110.0;0.0;250.0;80.0;74.0;91.0
2017-12-23 09:00:00;27.4;25.5;130.0;0.0;250.0;80.0;76.0;89.0
2017-12-23 10:00:00;17.6;36.7;130.0;0.0;250.0;80.0;79.0;86.0
2017-12-23 11:00:00;12.7;43.9;130.0;0.0;250.0;80.0;81.0;90.0
2017-12-23 12:00:00;12.4;44.6;120.0;0.0;250.0;80.0;81.0;88.0
2017-12-23 13:00:00;17.6;40.1;130.0;0.0;250.0;80.0;80.0;87.0
2017-12-23 14:00:00;19.1;39.2;120.0;0.0;250.0;80.0;79.0;85.0
2017-12-23 15:00:00;17.8;39.9;120.0;0.0;240.0;80.0;77.0;85.0
2017-12-23 16:00:00;16.3;42.3;110.0;0.0;240.0;70.0;77.0;84.0
2017-12-23 17:00:00;22.8;35.0;120.0;0.0;240.0;70.0;74.0;83.0
2017-12-23 18:00:00;26.4;29.9;130.0;0.0;240.0;80.0;74.0;84.0
2017-12-23 19:00:00;30.1;26.7;130.0;0.0;240.0;80.0;75.0;84.0
2017-12-23 20:00:00;24.2;31.1;140.0;0.0;250.0;80.0;75.0;86.0
2017-12-23 21:00:00;19.6;38.1;120.0;0.0;240.0;80.0;74.0;85.0
2017-12-23 22:00:00;19.1;35.4;120.0;0.0;240.0;70.0;73.0;85.0
2017-12-23 23:00:00;20.1;33.6;130.0;0.0;240.0;90.0;71.0;82.0
2017-12-24 00:00:00;20.7;31.5;120.0;0.0;240.0;80.0;71.0;81.0
2017-12-24 01:00:00;23.3;26.4;110.0;0.0;240.0;70.0;71.0;80.0
2017-12-24 02:00:00;26.2;22.1;110.0;0.0;240.0;70.0;71.0;79.0
2017-12-24 03:00:00;23.9;24.5;120.0;0.0;240.0;80.0;70.0;77.0
2017-12-24 04:00:00;27.4;20.8;120.0;0.0;240.0;80.0;72.0;79.0
2017-12-24 05:00:00;22.3;26.7;120.0;0.0;230.0;80.0;73.0;78.0
2017-12-24 06:00:00;20.5;29.5;110.0;0.0;230.0;80.0;73.0;79.0
2017-12-24 07:00:00;20.3;30.6;110.0;0.0;240.0;70.0;72.0;78.0
2017-12-24 08:00:00;22.0;31.2;130.0;4.0;240.0;80.0;73.0;78.0
2017-12-24 09:00:00;19.3;37.7;110.0;8.0;230.0;80.0;75.0;81.0
2017-12-24 10:00:00;20.2;36.5;130.0;0.0;230.0;90.0;74.0;80.0
2017-12-24 11:00:00;23.2;36.1;130.0;0.0;230.0;90.0;74.0;81.0
2017-12-24 12:00:00;20.0;35.5;130.0;0.0;230.0;90.0;73.0;83.0
2017-12-24 13:00:00;21.2;37.1;120.0;0.0;230.0;80.0;71.0;82.0
2017-12-24 14:00:00;23.7;34.9;120.0;0.0;230.0;80.0;74.0;84.0
2017-12-24 15:00:00;33.3;29.2;150.0;0.0;230.0;100.0;80.0;88.0
2017-12-24 16:00:00;28.1;45.8;170.0;0.0;230.0;110.0;76.0;90.0
2017-12-24 17:00:00;17.8;54.6;170.0;0.0;230.0;110.0;75.0;95.0
2017-12-24 18:00:00;14.9;56.5;150.0;0.0;240.0;100.0;75.0;95.0
2017-12-24 19:00:00;14.2;55.8;140.0;0.0;230.0;100.0;74.0;96.0
2017-12-24 20:00:00;14.0;55.2;130.0;0.0;230.0;90.0;75.0;93.0
2017-12-24 21:00:00;16.4;51.4;120.0;0.0;240.0;90.0;74.0;93.0
2017-12-24 22:00:00;14.9;52.6;130.0;0.0;230.0;90.0;70.0;95.0
2017-12-24 23:00:00;12.7;55.6;120.0;0.0;230.0;90.0;71.0;95.0
2017-12-25 00:00:00;13.9;56.4;120.0;0.0;230.0;80.0;71.0;95.0
2017-12-25 01:00:00;13.4;56.5;120.0;0.0;230.0;80.0;73.0;98.0
2017-12-25 02:00:00;11.9;56.4;130.0;0.0;220.0;80.0;75.0;95.0
2017-12-25 03:00:00;9.7;58.4;120.0;0.0;210.0;70.0;77.0;91.0
2017-12-25 04:00:00;9.2;52.9;100.0;0.0;220.0;70.0;81.0;90.0
2017-12-25 05:00:00;7.7;49.7;120.0;0.0;210.0;80.0;74.0;88.0
2017-12-25 06:00:00;8.4;49.9;120.0;0.0;210.0;80.0;67.0;88.0
2017-12-25 07:00:00;11.3;46.7;130.0;0.0;210.0;90.0;66.0;85.0
2017-12-25 08:00:00;13.1;47.8;130.0;0.0;210.0;90.0;66.0;83.0
2017-12-25 09:00:00;12.5;50.8;140.0;0.0;210.0;90.0;65.0;81.0
2017-12-25 10:00:00;10.6;52.3;150.0;0.0;210.0;100.0;54.0;87.0
2017-12-25 11:00:00;9.2;55.4;160.0;0.0;200.0;100.0;61.0;81.0
2017-12-25 12:00:00;8.0;54.9;120.0;0.0;200.0;80.0;56.0;79.0
2017-12-25 13:00:00;11.9;46.9;120.0;0.0;200.0;80.0;51.0;79.0
2017-12-25 14:00:00;12.3;46.4;120.0;0.0;200.0;80.0;50.0;77.0
2017-12-25 15:00:00;14.0;42.4;120.0;0.0;190.0;80.0;48.0;75.0
2017-12-25 16:00:00;15.7;39.1;120.0;0.0;180.0;80.0;46.0;69.0
2017-12-25 17:00:00;12.3;40.1;130.0;0.0;190.0;90.0;45.0;69.0
2017-12-25 18:00:00;11.5;40.0;140.0;0.0;190.0;100.0;41.0;65.0
2017-12-25 19:00:00;11.0;38.7;130.0;0.0;170.0;80.0;35.0;58.0
2017-12-25 20:00:00;9.3;39.6;150.0;0.0;170.0;90.0;32.0;54.0
2017-12-25 21:00:00;9.9;36.9;140.0;0.0;170.0;100.0;28.0;48.0
2017-12-25 22:00:00;10.3;35.3;140.0;0.0;180.0;90.0;29.0;49.0
2017-12-25 23:00:00;10.3;35.1;160.0;0.0;180.0;100.0;28.0;51.0
2017-12-26 00:00:00;8.1;35.5;160.0;0.0;170.0;100.0;29.0;52.0
2017-12-26 01:00:00;6.0;42.6;160.0;0.0;170.0;110.0;28.0;50.0
2017-12-26 02:00:00;4.5;47.8;150.0;3.0;170.0;100.0;27.0;47.0
2017-12-26 03:00:00;4.2;47.2;150.0;0.0;180.0;100.0;31.0;53.0
2017-12-26 04:00:00;4.5;43.1;180.0;2.0;210.0;120.0;45.0;61.0
2017-12-26 05:00:00;6.1;42.9;190.0;10.0;240.0;110.0;43.0;62.0
2017-12-26 06:00:00;8.0;58.0;140.0;8.0;240.0;90.0;40.0;62.0
2017-12-26 07:00:00;11.7;63.6;140.0;0.0;240.0;90.0;27.0;62.0
2017-12-26 08:00:00;12.2;62.9;130.0;0.0;230.0;90.0;27.0;64.0
2017-12-26 09:00:00;14.3;59.4;130.0;0.0;230.0;80.0;35.0;69.0
2017-12-26 10:00:00;16.6;56.4;140.0;0.0;230.0;100.0;35.0;66.0
2017-12-26 11:00:00;12.4;63.1;150.0;2.0;230.0;100.0;31.0;71.0
2017-12-26 12:00:00;12.4;62.4;150.0;0.0;230.0;100.0;31.0;72.0
2017-12-26 13:00:00;13.6;61.6;140.0;0.0;230.0;100.0;25.0;67.0
2017-12-26 14:00:00;14.7;59.2;140.0;0.0;210.0;90.0;28.0;66.0
2017-12-26 15:00:00;20.9;55.2;120.0;0.0;210.0;80.0;31.0;55.0
2017-12-26 16:00:00;16.9;54.1;120.0;0.0;210.0;80.0;29.0;51.0
2017-12-26 17:00:00;22.0;49.8;100.0;4.0;200.0;60.0;38.0;54.0
2017-12-26 18:00:00;21.4;49.8;90.0;0.0;180.0;60.0;33.0;54.0
2017-12-26 19:00:00;19.1;45.1;100.0;0.0;180.0;70.0;28.0;49.0
2017-12-26 20:00:00;17.4;42.5;90.0;0.0;170.0;60.0;27.0;47.0
2017-12-26 21:00:00;17.8;39.9;80.0;0.0;150.0;50.0;28.0;47.0
2017-12-26 22:00:00;22.0;35.0;90.0;0.0;150.0;60.0;31.0;51.0
2017-12-26 23:00:00;22.6;35.6;100.0;0.0;140.0;70.0;35.0;53.0
2017-12-27 00:00:00;15.5;41.6;120.0;10.0;140.0;80.0;39.0;55.0
2017-12-27 01:00:00;9.1;47.2;130.0;8.0;140.0;90.0;38.0;56.0
2017-12-27 02:00:00;6.1;51.0;120.0;10.0;150.0;80.0;39.0;55.0
2017-12-27 03:00:00;7.0;49.4;120.0;10.0;150.0;80.0;41.0;54.0
2017-12-27 04:00:00;11.2;45.5;120.0;10.0;160.0;80.0;43.0;52.0
2017-12-27 05:00:00;8.6;48.8;110.0;10.0;160.0;70.0;38.0;51.0
2017-12-27 06:00:00;9.9;48.2;120.0;10.0;160.0;70.0;34.0;47.0
2017-12-27 07:00:00;14.3;45.3;120.0;10.0;160.0;70.0;35.0;46.0
2017-12-27 08:00:00;15.1;45.4;90.0;10.0;170.0;60.0;38.0;46.0
2017-12-27 09:00:00;20.0;40.3;90.0;8.0;170.0;60.0;42.0;50.0
2017-12-27 10:00:00;21.1;37.0;80.0;0.0;180.0;50.0;48.0;57.0
2017-12-27 11:00:00;21.6;34.9;70.0;0.0;190.0;50.0;53.0;65.0
2017-12-27 12:00:00;24.7;31.3;80.0;0.0;210.0;60.0;48.0;67.0
2017-12-27 13:00:00;32.4;23.9;80.0;4.0;210.0;60.0;46.0;68.0
2017-12-27 14:00:00;34.2;27.7;80.0;0.0;210.0;50.0;42.0;65.0
2017-12-27 15:00:00;31.2;35.1;70.0;0.0;210.0;40.0;39.0;60.0
2017-12-27 16:00:00;36.0;28.7;110.0;3.0;230.0;50.0;43.0;57.0
2017-12-27 17:00:00;43.7;16.2;130.0;10.0;330.0;80.0;24.0;36.0
2017-12-27 18:00:00;26.8;41.2;140.0;10.0;340.0;90.0;23.0;40.0
2017-12-27 19:00:00;8.9;58.6;120.0;0.0;340.0;60.0;16.0;43.0
2017-12-27 20:00:00;7.7;62.7;70.0;1.0;350.0;40.0;20.0;45.0
2017-12-27 21:00:00;7.9;61.6;100.0;0.0;310.0;40.0;11.0;53.0
2017-12-27 22:00:00;8.5;60.1;110.0;0.0;310.0;70.0;9.0;51.0
2017-12-27 23:00:00;6.1;62.0;120.0;0.0;310.0;60.0;9.0;42.0
2017-12-28 00:00:00;5.7;61.3;140.0;0.0;320.0;60.0;10.0;45.0
2017-12-28 01:00:00;4.2;62.7;110.0;0.0;310.0;60.0;13.0;48.0
2017-12-28 02:00:00;3.5;63.4;130.0;2.0;310.0;60.0;4.0;19.0
2017-12-28 03:00:00;2.2;65.3;100.0;0.0;310.0;50.0;-11.0;39.0
2017-12-28 04:00:00;5.3;60.4;120.0;0.0;290.0;60.0;7.0;44.0
2017-12-28 05:00:00;4.4;62.5;110.0;0.0;290.0;70.0;-11.0;38.0
2017-12-28 06:00:00;17.5;45.1;110.0;0.0;280.0;60.0;-14.0;30.0
2017-12-28 07:00:00;31.2;35.2;100.0;0.0;270.0;60.0;-13.0;32.0
2017-12-28 08:00:00;27.3;39.9;110.0;0.0;270.0;80.0;-1.0;40.0
2017-12-28 09:00:00;25.9;39.4;120.0;0.0;260.0;90.0;0.0;46.0
2017-12-28 10:00:00;12.7;47.9;150.0;0.0;260.0;100.0;0.0;50.0
2017-12-28 11:00:00;11.8;49.3;140.0;0.0;260.0;100.0;5.0;54.0
2017-12-28 12:00:00;10.4;51.7;130.0;0.0;260.0;90.0;3.0;48.0
2017-12-28 13:00:00;10.3;52.3;120.0;0.0;250.0;90.0;3.0;48.0
2017-12-28 14:00:00;13.5;49.6;130.0;0.0;260.0;80.0;5.0;46.0
2017-12-28 15:00:00;18.6;44.3;110.0;0.0;260.0;70.0;-3.0;44.0
2017-12-28 16:00:00;19.8;43.9;100.0;0.0;260.0;70.0;-1.0;46.0
2017-12-28 17:00:00;22.8;42.0;110.0;0.0;250.0;70.0;7.0;47.0
2017-12-28 18:00:00;24.4;42.4;100.0;0.0;260.0;70.0;2.0;49.0
2017-12-28 19:00:00;17.5;47.1;100.0;0.0;260.0;70.0;3.0;47.0
2017-12-28 20:00:00;14.2;48.3;90.0;0.0;260.0;60.0;0.0;43.0
2017-12-28 21:00:00;13.3;50.1;100.0;0.0;260.0;60.0;5.0;47.0
2017-12-28 22:00:00;19.7;42.5;100.0;0.0;250.0;70.0;-4.0;40.0
2017-12-28 23:00:00;15.0;44.4;90.0;0.0;260.0;60.0;-3.0;33.0
2017-12-29 00:00:00;15.8;44.0;90.0;0.0;260.0;50.0;-5.0;36.0
2017-12-29 01:00:00;13.8;47.4;80.0;0.0;260.0;50.0;-6.0;33.0
2017-12-29 02:00:00;12.7;48.6;70.0;0.0;250.0;50.0;-7.0;33.0
2017-12-29 03:00:00;20.9;43.5;60.0;0.0;220.0;40.0;-14.0;6.0
2017-12-29 04:00:00;33.8;36.7;60.0;0.0;200.0;40.0;-19.0;-3.0
2017-12-29 05:00:00;26.5;35.3;80.0;0.0;200.0;50.0;2.0;13.0
2017-12-29 06:00:00;32.4;14.2;80.0;0.0;180.0;50.0;-7.0;5.0
2017-12-29 07:00:00;46.1;1.2;70.0;0.0;160.0;50.0;-10.0;2.0
2017-12-29 08:00:00;45.8;0.4;100.0;0.0;160.0;60.0;-7.0;2.0
2017-12-29 09:00:00;43.6;4.1;100.0;0.0;150.0;70.0;0.0;12.0
2017-12-29 10:00:00;32.7;13.9;110.0;0.0;160.0;70.0;6.0;22.0
2017-12-29 11:00:00;28.1;22.0;120.0;7.0;150.0;80.0;9.0;18.0
2017-12-29 12:00:00;23.1;30.1;130.0;10.0;150.0;90.0;11.0;20.0
2017-12-29 13:00:00;21.8;34.2;140.0;10.0;150.0;90.0;2.0;8.0
2017-12-29 14:00:00;20.2;36.9;140.0;10.0;160.0;100.0;12.0;18.0
2017-12-29 15:00:00;24.8;32.2;150.0;6.0;170.0;100.0;22.0;30.0
2017-12-29 16:00:00;21.1;34.8;140.0;9.0;200.0;90.0;36.0;45.0
2017-12-29 17:00:00;22.4;31.1;130.0;3.0;240.0;90.0;39.0;62.0
2017-12-29 18:00:00;30.6;29.3;160.0;0.0;250.0;100.0;34.0;68.0
2017-12-29 19:00:00;31.9;49.6;170.0;0.0;260.0;110.0;30.0;69.0
2017-12-29 20:00:00;13.1;67.7;160.0;0.0;250.0;110.0;34.0;73.0
2017-12-29 21:00:00;7.8;73.5;170.0;0.0;260.0;100.0;33.0;67.0
2017-12-29 22:00:00;8.9;71.2;150.0;0.0;260.0;100.0;30.0;68.0
2017-12-29 23:00:00;8.3;71.5;140.0;0.0;250.0;90.0;29.0;71.0
2017-12-30 00:00:00;7.9;71.7;130.0;0.0;240.0;80.0;24.0;65.0
2017-12-30 01:00:00;19.2;64.7;110.0;0.0;230.0;70.0;24.0;58.0
2017-12-30 02:00:00;27.5;54.2;80.0;0.0;200.0;50.0;24.0;47.0
2017-12-30 03:00:00;20.0;54.4;80.0;0.0;180.0;50.0;23.0;48.0
2017-12-30 04:00:00;20.6;47.8;90.0;9.0;170.0;60.0;26.0;44.0
2017-12-30 05:00:00;15.7;50.6;90.0;10.0;160.0;60.0;28.0;42.0
2017-12-30 06:00:00;21.7;41.8;100.0;10.0;140.0;60.0;36.0;43.0
2017-12-30 07:00:00;18.8;45.0;130.0;10.0;160.0;90.0;44.0;48.0
2017-12-30 08:00:00;16.6;48.9;140.0;10.0;190.0;90.0;60.0;63.0
2017-12-30 09:00:00;14.4;51.6;180.0;7.0;240.0;110.0;91.0;109.0
2017-12-30 10:00:00;21.6;43.8;200.0;0.0;240.0;130.0;88.0;110.0
2017-12-30 11:00:00;24.8;50.9;200.0;0.0;240.0;140.0;85.0;113.0
2017-12-30 12:00:00;22.9;54.9;190.0;0.0;240.0;120.0;81.0;113.0
2017-12-30 13:00:00;23.7;55.2;190.0;0.0;250.0;120.0;76.0;110.0
2017-12-30 14:00:00;24.6;57.3;170.0;0.0;240.0;110.0;75.0;110.0
2017-12-30 15:00:00;27.1;57.8;180.0;0.0;240.0;120.0;77.0;109.0
2017-12-30 16:00:00;35.0;47.0;170.0;0.0;240.0;110.0;81.0;114.0
2017-12-30 17:00:00;37.0;46.2;170.0;0.0;240.0;120.0;78.0;114.0
2017-12-30 18:00:00;29.0;52.7;160.0;0.0;250.0;110.0;78.0;108.0
2017-12-30 19:00:00;21.7;55.6;130.0;0.0;250.0;90.0;80.0;106.0
2017-12-30 20:00:00;19.3;54.5;130.0;0.0;250.0;90.0;74.0;99.0
2017-12-30 21:00:00;21.9;50.9;120.0;0.0;250.0;80.0;70.0;105.0
2017-12-30 22:00:00;32.9;45.6;120.0;0.0;250.0;80.0;68.0;103.0
2017-12-30 23:00:00;25.9;51.8;110.0;0.0;230.0;70.0;78.0;102.0
