DateTime;NO2;O3
2020-08-01 00:00:00;0.3067484662576687;0.32171837708830553
2020-08-01 01:00:00;0.1907417735638595;0.3818615751789976
2020-08-01 02:00:00;0.15950920245398773;0.3250596658711217
2020-08-01 03:00:00;0.18126045733407697;0.23389021479713604
2020-08-01 04:00:00;0.2163970998326827;0.11837708830548926
2020-08-01 05:00:00;0.21193530395984386;0.05918854415274463
2020-08-01 06:00:00;0.15002788622420524;0.1279236276849642
2020-08-01 07:00:00;0.09983268265476855;0.17804295942720763
2020-08-01 08:00:00;0.11935303959843838;0.1575178997613365
2020-08-01 09:00:00;0.13720022308979365;0.1317422434367542
2020-08-01 10:00:00;0.11823759063022868;0.1317422434367542
2020-08-01 11:00:00;0.10094813162297825;0.1684964200477327
2020-08-01 12:00:00;0.10540992749581707;0.1665871121718377
2020-08-01 13:00:00;0.098159509202454;0.16181384248210023
2020-08-01 14:00:00;0.060791968767428886;0.24964200477326967
2020-08-01 15:00:00;0.0501952035694367;0.27780429594272077
2020-08-01 16:00:00;0.037367540435025104;0.2587112171837709
2020-08-01 17:00:00;0.0630228667038483;0.27159904534606205
2020-08-01 18:00:00;0.0747350808700502;0.2749403341288783
2020-08-01 19:00:00;0.07640825432236475;0.30214797136038185
2020-08-01 20:00:00;0.08923591745677636;0.2529832935560859
2020-08-01 21:00:00;0.13496932515337423;0.16276849642004773
2020-08-01 22:00:00;0.15337423312883436;0.1532219570405728
2020-08-01 23:00:00;0.23982152816508648;0.07494033412887828
2020-08-02 00:00:00;0.1885108756274401;0.081145584725537
2020-08-02 01:00:00;0.17568321249302846;0.08066825775656324
2020-08-02 02:00:00;0.11712214166201898;0.1107398568019093
2020-08-02 03:00:00;0.15002788622420524;0.06968973747016706
2020-08-02 04:00:00;0.2141662018962633;0.044391408114558474
2020-08-02 05:00:00;0.20133853876185168;0.05346062052505966
2020-08-02 06:00:00;0.13720022308979365;0.09069212410501193
2020-08-02 07:00:00;0.07138873396542109;0.18377088305489261
2020-08-02 08:00:00;0.037367540435025104;0.24916467780429596
2020-08-02 09:00:00;0.03179029559397658;0.2577565632458234
2020-08-02 10:00:00;0.03848298940323481;0.2639618138424821
2020-08-02 11:00:00;0.037367540435025104;0.28878281622911695
2020-08-02 12:00:00;0.03179029559397658;0.31694510739856807
2020-08-02 13:00:00;0.035136642498605694;0.3183770883054893
2020-08-02 14:00:00;0.032905744562186284;0.3284009546539379
2020-08-02 15:00:00;0.03402119353039599;0.3422434367541766
2020-08-02 16:00:00;0.0362520914668154;0.3403341288782816
2020-08-02 17:00:00;0.04015616285554936;0.30071599045346065
2020-08-02 18:00:00;0.060791968767428886;0.27780429594272077
2020-08-02 19:00:00;0.0853318460680424;0.2467780429594272
2020-08-02 20:00:00;0.10206358059118796;0.22291169451073986
2020-08-02 21:00:00;0.18627997769102064;0.16897374701670645
2020-08-02 22:00:00;0.19576129392080316;0.16133651551312647
2020-08-02 23:00:00;0.15448968209704408;0.18902147971360383
2020-08-03 00:00:00;0.16508644729503624;0.17517899761336517
2020-08-03 01:00:00;0.20524261015058565;0.14558472553699284
2020-08-03 02:00:00;0.24930284439486897;0.12935560859188544
2020-08-03 03:00:00;0.1801450083658673;0.13221957040572793
2020-08-03 04:00:00;0.21918572225320695;0.12505966587112172
2020-08-03 05:00:00;0.21918572225320695;0.118854415274463
2020-08-03 06:00:00;0.24037925264919133;0.0873508353221957
2020-08-03 07:00:00;0.23870607919687678;0.0782816229116945
2020-08-03 08:00:00;0.21695482431678756;0.12935560859188544
2020-08-03 09:00:00;0.2638036809815951;0.12028639618138424
2020-08-03 10:00:00;0.31957612939208035;0.1035799522673031
2020-08-03 11:00:00;0.27607361963190186;0.10310262529832936
2020-08-03 12:00:00;0.2281093139988846;0.13221957040572793
2020-08-03 13:00:00;0.14779698828778584;0.19761336515513125
2020-08-03 14:00:00;0.22253206915783608;0.1331742243436754
2020-08-03 15:00:00;0.15002788622420524;0.18711217183770884
2020-08-03 16:00:00;0.098159509202454;0.24630071599045347
2020-08-03 17:00:00;0.08421639709983268;0.27350835322195705
2020-08-03 18:00:00;0.06915783602900168;0.31599045346062055
2020-08-03 19:00:00;0.0864472950362521;0.3164677804295943
2020-08-03 20:00:00;0.10429447852760737;0.2720763723150358
2020-08-03 21:00:00;0.08923591745677636;0.23054892601431978
2020-08-03 22:00:00;0.08421639709983268;0.2100238663484487
2020-08-03 23:00:00;0.09481316229782488;0.20238663484486874
2020-08-04 00:00:00;0.07863915225878416;0.19618138424821002
2020-08-04 01:00:00;0.06915783602900168;0.17422434367541767
2020-08-04 02:00:00;0.0747350808700502;0.13126491646778043
2020-08-04 03:00:00;0.09369771332961518;0.12744630071599045
2020-08-04 04:00:00;0.10094813162297825;0.1460620525059666
2020-08-04 05:00:00;0.1907417735638595;0.06730310262529833
2020-08-04 06:00:00;0.2515337423312884;0.059665871121718374
2020-08-04 07:00:00;0.15839375348577803;0.14653937947494033
2020-08-04 08:00:00;0.11600669269380927;0.1847255369928401
2020-08-04 09:00:00;0.08310094813162298;0.2214797136038186
2020-08-04 10:00:00;0.04573340769659788;0.27875894988066824
2020-08-04 11:00:00;0.054099274958170664;0.30071599045346065
2020-08-04 12:00:00;0.09871723368655884;0.28162291169451076
2020-08-04 13:00:00;0.08700501952035695;0.33078758949880666
2020-08-04 14:00:00;0.0630228667038483;0.3575178997613365
2020-08-04 15:00:00;0.052983825989960966;0.37852028639618135
2020-08-04 16:00:00;0.06692693809258227;0.3928400954653938
2020-08-04 17:00:00;0.06358059118795314;0.4090692124105012
2020-08-04 18:00:00;0.07863915225878416;0.4295942720763723
2020-08-04 19:00:00;0.12214166201896264;0.38663484486873506
2020-08-04 20:00:00;0.11154489682097045;0.37326968973747016
2020-08-04 21:00:00;0.1450083658672616;0.2911694510739857
2020-08-04 22:00:00;0.23089793641940887;0.21622911694510738
2020-08-04 23:00:00;0.14668153931957614;0.2577565632458234
2020-08-05 00:00:00;0.2621305075292806;0.1350835322195704
2020-08-05 01:00:00;0.19353039598438374;0.18138424821002386
2020-08-05 02:00:00;0.17791411042944785;0.18520286396181382
2020-08-05 03:00:00;0.14668153931957614;0.20477326968973747
2020-08-05 04:00:00;0.14277746793084217;0.19522673031026253
2020-08-05 05:00:00;0.2163970998326827;0.12553699284009548
2020-08-05 06:00:00;0.24149470161740105;0.11121718377088306
2020-08-05 07:00:00;0.18516452872281097;0.1704057279236277
2020-08-05 08:00:00;0.14891243725599554;0.2181384248210024
2020-08-05 09:00:00;0.1438929168990519;0.2100238663484487
2020-08-05 10:00:00;0.11042944785276075;0.23961813842482102
2020-08-05 11:00:00;0.0864472950362521;0.23961813842482102
2020-08-05 12:00:00;0.10987172336865589;0.33508353221957043
2020-08-05 13:00:00;0.09258226436140549;0.3957040572792363
2020-08-05 14:00:00;0.09369771332961518;0.48687350835322196
2020-08-05 15:00:00;0.07975460122699386;0.5183770883054892
2020-08-05 16:00:00;0.0864472950362521;0.5150357995226731
2020-08-05 17:00:00;0.07529280535415506;0.5374701670644391
2020-08-05 18:00:00;0.15560513106525378;0.4491646778042959
2020-08-05 19:00:00;0.23089793641940887;0.35369928400954653
2020-08-05 20:00:00;0.3430005577244841;0.23818615751789976
2020-08-05 21:00:00;0.5125488008923592;0.09832935560859189
2020-08-05 22:00:00;0.5220301171221418;0.07016706443914081
2020-08-05 23:00:00;0.5493586168432795;0.05107398568019093
2020-08-06 00:00:00;0.33742331288343563;0.20620525059665873
2020-08-06 01:00:00;0.20356943669827107;0.2448687350835322
2020-08-06 02:00:00;0.21807027328499723;0.1665871121718377
2020-08-06 03:00:00;0.2046848856664808;0.14988066825775656
2020-08-06 04:00:00;0.33742331288343563;0.03054892601431981
2020-08-06 05:00:00;0.32459564974902405;0.03389021479713604
2020-08-06 06:00:00;0.31734523145566096;0.049642004773269695
2020-08-06 07:00:00;0.3045175683212493;0.06062052505966587
2020-08-06 08:00:00;0.24372559955382045;0.10167064439140812
2020-08-06 09:00:00;0.19687674288901286;0.15178997613365156
2020-08-06 10:00:00;0.15672058003346348;0.18663484486873508
2020-08-06 11:00:00;0.12548800892359177;0.2835322195704057
2020-08-06 12:00:00;0.12660345789180147;0.35990453460620525
2020-08-06 13:00:00;0.11377579475738986;0.47494033412887826
2020-08-06 14:00:00;0.13329615170105968;0.5694510739856802
2020-08-06 15:00:00;0.15727830451756833;0.4739856801909308
2020-08-06 16:00:00;0.15839375348577803;0.4840095465393795
2020-08-06 17:00:00;0.16843279419966536;0.44630071599045346
2020-08-06 18:00:00;0.15337423312883436;0.38138424821002387
2020-08-06 19:00:00;0.14556609035136642;0.3451073985680191
2020-08-06 20:00:00;0.17456776352481876;0.24964200477326967
2020-08-06 21:00:00;0.24818739542665924;0.20954653937947493
2020-08-06 22:00:00;0.1907417735638595;0.35608591885441526
2020-08-06 23:00:00;0.15727830451756833;0.3871121718377088
2020-08-07 00:00:00;0.14556609035136642;0.3460620525059666
2020-08-07 01:00:00;0.14166201896263247;0.35083532219570407
2020-08-07 02:00:00;0.13943112102621305;0.30787589498806683
2020-08-07 03:00:00;0.18516452872281097;0.28735083532219574
2020-08-07 04:00:00;0.30005577244841053;0.17899761336515513
2020-08-07 05:00:00;0.4249860568878974;0.11599045346062054
2020-08-07 06:00:00;0.49079754601227;0.08926014319809068
2020-08-07 07:00:00;0.5560513106525378;0.08400954653937948
2020-08-07 08:00:00;0.6313441160066928;0.0720763723150358
2020-08-07 09:00:00;0.6123814835471277;0.12315035799522674
2020-08-07 10:00:00;0.573898494143893;0.21479713603818615
2020-08-07 11:00:00;0.3920803123257111;0.4252983293556086
2020-08-07 12:00:00;0.1929726715002789;0.7040572792362768
2020-08-07 13:00:00;0.14166201896263247;0.8257756563245824
2020-08-07 14:00:00;0.14166201896263247;0.8825775656324583
2020-08-07 15:00:00;0.12660345789180147;0.8835322195704057
2020-08-07 16:00:00;0.09258226436140549;0.8014319809069212
2020-08-07 17:00:00;0.13218070273285;0.8372315035799522
2020-08-07 18:00:00;0.14054656999442278;0.8085918854415275
2020-08-07 19:00:00;0.12548800892359177;0.7293556085918855
2020-08-07 20:00:00;0.1929726715002789;0.6391408114558473
2020-08-07 21:00:00;0.2660345789180145;0.5183770883054892
2020-08-07 22:00:00;0.3491355270496375;0.3894988066825775
2020-08-07 23:00:00;0.27774679308421646;0.3947494033412888
2020-08-08 00:00:00;0.27495817066369216;0.39236276849642004
2020-08-08 01:00:00;0.1907417735638595;0.46348448687350835
2020-08-08 02:00:00;0.18293363078639158;0.3899761336515513
2020-08-08 03:00:00;0.22476296709425547;0.2606205250596659
2020-08-08 04:00:00;0.24930284439486897;0.17852028639618137
2020-08-08 05:00:00;0.3229224762967095;0.08400954653937948
2020-08-08 06:00:00;0.32682654768544345;0.0658711217183771
2020-08-08 07:00:00;0.46012269938650313;0.08066825775656324
2020-08-08 08:00:00;0.6687116564417179;0.08353221957040573
2020-08-08 09:00:00;0.4506413831567206;0.2954653937947494
2020-08-08 10:00:00;0.17456776352481876;0.5952267303102625
2020-08-08 11:00:00;0.10094813162297825;0.8033412887828163
2020-08-08 12:00:00;0.10875627440044619;0.8362768496420048
2020-08-08 13:00:00;0.11489124372559956;0.809546539379475
2020-08-08 14:00:00;0.09258226436140549;0.8047732696897374
2020-08-08 15:00:00;0.12046848856664807;0.8778042959427208
2020-08-08 16:00:00;0.09146681539319576;0.8720763723150358
2020-08-08 17:00:00;0.10987172336865589;0.8520286396181385
2020-08-08 18:00:00;0.16285554935861685;0.7680190930787589
2020-08-08 19:00:00;0.28220858895705525;0.6047732696897374
2020-08-08 20:00:00;0.20858895705521477;0.6119331742243436
2020-08-08 21:00:00;0.13720022308979365;0.6424821002386635
2020-08-08 22:00:00;0.12660345789180147;0.6004773269689737
2020-08-08 23:00:00;0.12660345789180147;0.5441527446300716
2020-08-09 00:00:00;0.10540992749581707;0.5116945107398568
2020-08-09 01:00:00;0.11154489682097045;0.4577565632458234
2020-08-09 02:00:00;0.11042944785276075;0.39665871121718377
2020-08-09 03:00:00;0.11266034578918015;0.33460620525059664
2020-08-09 04:00:00;0.11712214166201898;0.3279236276849642
2020-08-09 05:00:00;0.11042944785276075;0.3436754176610978
2020-08-09 06:00:00;0.12771890686001117;0.3284009546539379
2020-08-09 07:00:00;0.09704406023424428;0.33651551312649164
2020-08-09 08:00:00;0.09258226436140549;0.364200477326969
2020-08-09 09:00:00;0.0864472950362521;0.39761336515513124
2020-08-09 10:00:00;0.07752370329057445;0.4348448687350835
2020-08-09 11:00:00;0.07529280535415506;0.5045346062052506
2020-08-09 12:00:00;0.08923591745677636;0.5379474940334129
2020-08-09 13:00:00;0.098159509202454;0.5751789976133651
2020-08-09 14:00:00;0.08812046848856665;0.6186157517899761
2020-08-09 15:00:00;0.08198549916341327;0.6329355608591886
2020-08-09 16:00:00;0.09592861126603458;0.6663484486873508
2020-08-09 17:00:00;0.09592861126603458;0.6525059665871121
2020-08-09 18:00:00;0.11489124372559956;0.5856801909307876
2020-08-09 19:00:00;0.1310652537646403;0.5503579952267303
2020-08-09 20:00:00;0.15114333519241496;0.49403341288782815
2020-08-09 21:00:00;0.13720022308979365;0.4711217183770883
2020-08-09 22:00:00;0.10540992749581707;0.43914081145584727
2020-08-09 23:00:00;0.12548800892359177;0.38377088305489265
2020-08-10 00:00:00;0.09035136642498606;0.3766109785202864
2020-08-10 01:00:00;0.0725041829336308;0.36754176610978523
2020-08-10 02:00:00;0.06915783602900168;0.43818615751789974
2020-08-10 03:00:00;0.09369771332961518;0.41241050119331746
2020-08-10 04:00:00;0.13831567205800335;0.3384248210023867
2020-08-10 05:00:00;0.22253206915783608;0.2587112171837709
2020-08-10 06:00:00;0.20524261015058565;0.28973747016706447
2020-08-10 07:00:00;0.1885108756274401;0.29594272076372313
2020-08-10 08:00:00;0.18126045733407697;0.3054892601431981
2020-08-10 09:00:00;0.1885108756274401;0.34272076372315036
2020-08-10 10:00:00;0.14779698828778584;0.3875894988066826
2020-08-10 11:00:00;0.14277746793084217;0.4930787589498807
2020-08-10 12:00:00;0.11377579475738986;0.6176610978520287
2020-08-10 13:00:00;0.11154489682097045;0.6968973747016707
2020-08-10 14:00:00;0.15002788622420524;0.7245823389021481
2020-08-10 15:00:00;0.15950920245398773;0.7541766109785203
2020-08-10 16:00:00;0.12771890686001117;0.7842482100238664
2020-08-10 17:00:00;0.11377579475738986;0.7040572792362768
2020-08-10 18:00:00;0.11935303959843838;0.6906921241050119
2020-08-10 19:00:00;0.1801450083658673;0.6119331742243436
2020-08-10 20:00:00;0.18962632459564976;0.5231503579952267
2020-08-10 21:00:00;0.22978248745119914;0.4477326968973747
2020-08-10 22:00:00;0.2576687116564418;0.37517899761336515
2020-08-10 23:00:00;0.25209146681539324;0.34272076372315036
2020-08-11 00:00:00;0.16174010039040715;0.39856801909307876
2020-08-11 01:00:00;0.1299498047964306;0.435799522673031
2020-08-11 02:00:00;0.08310094813162298;0.4782816229116945
2020-08-11 03:00:00;0.10875627440044619;0.42291169451073984
2020-08-11 04:00:00;0.18404907975460125;0.2558472553699284
2020-08-11 05:00:00;0.2621305075292806;0.22291169451073986
2020-08-11 06:00:00;0.17791411042944785;0.3398568019093079
2020-08-11 07:00:00;0.2163970998326827;0.29069212410501194
2020-08-11 08:00:00;0.17679866146123815;0.3317422434367542
2020-08-11 09:00:00;0.2024539877300614;0.3317422434367542
2020-08-11 10:00:00;0.19185722253206922;0.3899761336515513
2020-08-11 11:00:00;0.13943112102621305;0.5140811455847255
2020-08-11 12:00:00;0.14668153931957614;0.6009546539379476
2020-08-11 13:00:00;0.14891243725599554;0.7021479713603819
2020-08-11 14:00:00;0.15337423312883436;0.8105011933174225
2020-08-11 15:00:00;0.15727830451756833;0.8482100238663484
2020-08-11 16:00:00;0.19687674288901286;0.7828162291169452
2020-08-11 17:00:00;0.17902955939765758;0.7088305489260143
2020-08-11 18:00:00;0.25655326268823203;0.6577565632458234
2020-08-11 19:00:00;0.15225878416062466;0.6587112171837709
2020-08-11 20:00:00;0.15225878416062466;0.6214797136038186
2020-08-11 21:00:00;0.27607361963190186;0.46730310262529834
2020-08-11 22:00:00;0.2130507529280536;0.49260143198090695
2020-08-11 23:00:00;0.25320691578360294;0.4009546539379475
2020-08-12 00:00:00;0.17122141662018964;0.45059665871121724
2020-08-12 01:00:00;0.10764082543223649;0.45823389021479716
2020-08-12 02:00:00;0.2046848856664808;0.38138424821002387
2020-08-12 03:00:00;0.10652537646402677;0.44534606205250593
2020-08-12 04:00:00;0.12437255995538206;0.41097852028639614
2020-08-12 05:00:00;0.18739542665923037;0.3513126491646778
2020-08-12 06:00:00;0.20747350808700504;0.30787589498806683
2020-08-12 07:00:00;0.23424428332403796;0.30405727923627685
2020-08-12 08:00:00;0.2024539877300614;0.35035799522673033
2020-08-12 09:00:00;0.19353039598438374;0.36181384248210025
2020-08-12 10:00:00;0.1438929168990519;0.43818615751789974
2020-08-12 11:00:00;0.1450083658672616;0.4988066825775656
2020-08-12 12:00:00;0.11489124372559956;0.6052505966587112
2020-08-12 13:00:00;0.10094813162297825;0.6911694510739858
2020-08-12 14:00:00;0.10987172336865589;0.711217183770883
2020-08-12 15:00:00;0.11600669269380927;0.7145584725536992
2020-08-12 16:00:00;0.11266034578918015;0.7513126491646779
2020-08-12 17:00:00;0.10206358059118796;0.8329355608591885
2020-08-12 18:00:00;0.13329615170105968;0.8081145584725538
2020-08-12 19:00:00;0.14556609035136642;0.766109785202864
2020-08-12 20:00:00;0.13329615170105968;0.7178997613365156
2020-08-12 21:00:00;0.17456776352481876;0.6210023866348449
2020-08-12 22:00:00;0.15560513106525378;0.5632458233890215
2020-08-12 23:00:00;0.15002788622420524;0.4854415274463007
2020-08-13 00:00:00;0.13385387618516453;0.4353221957040573
2020-08-13 01:00:00;0.14556609035136642;0.3818615751789976
2020-08-13 02:00:00;0.13720022308979365;0.3494033412887828
2020-08-13 03:00:00;0.16397099832682654;0.2883054892601432
2020-08-13 04:00:00;0.15002788622420524;0.2730310262529833
2020-08-13 05:00:00;0.18404907975460125;0.24200477326968975
2020-08-13 06:00:00;0.36977133296151704;0.10119331742243437
2020-08-13 07:00:00;0.44116006692693815;0.07350835322195705
2020-08-13 08:00:00;0.4450641383156721;0.09928400954653939
2020-08-13 09:00:00;0.32459564974902405;0.23007159904534608
2020-08-13 10:00:00;0.33742331288343563;0.2801909307875895
2020-08-13 11:00:00;0.20635805911879535;0.4424821002386635
2020-08-13 12:00:00;0.20133853876185168;0.5202863961813843
2020-08-13 13:00:00;0.19576129392080316;0.6501193317422433
2020-08-13 14:00:00;0.16843279419966536;0.747016706443914
2020-08-13 15:00:00;0.15114333519241496;0.8138424821002387
2020-08-13 16:00:00;0.1438929168990519;0.8892601431980908
2020-08-13 17:00:00;0.15002788622420524;0.8572792362768497
2020-08-13 18:00:00;0.21807027328499723;0.5389021479713604
2020-08-13 19:00:00;0.2950362520914669;0.37279236276849637
2020-08-13 20:00:00;0.24484104852203017;0.36467780429594276
2020-08-13 21:00:00;0.20524261015058565;0.32410501193317426
2020-08-13 22:00:00;0.27495817066369216;0.2572792362768496
2020-08-13 23:00:00;0.20635805911879535;0.24630071599045347
2020-08-14 00:00:00;0.2269938650306749;0.17326968973747015
2020-08-14 01:00:00;0.22587841606246517;0.21766109785202864
2020-08-14 02:00:00;0.25320691578360294;0.15608591885441528
2020-08-14 03:00:00;0.2638036809815951;0.10167064439140812
2020-08-14 04:00:00;0.2598996095928612;0.10739856801909307
2020-08-14 05:00:00;0.23759063022866708;0.15465393794749402
2020-08-14 06:00:00;0.30786391522587847;0.058233890214797135
2020-08-14 07:00:00;0.3335192414947017;0.058711217183770883
2020-08-14 08:00:00;0.29392080312325713;0.17899761336515513
2020-08-14 09:00:00;0.20858895705521477;0.22673031026252982
2020-08-14 10:00:00;0.15225878416062466;0.27875894988066824
2020-08-14 11:00:00;0.14891243725599554;0.37852028639618135
2020-08-14 12:00:00;0.10094813162297825;0.43818615751789974
2020-08-14 13:00:00;0.07975460122699386;0.42673031026252983
2020-08-14 14:00:00;0.13831567205800335;0.41097852028639614
2020-08-14 15:00:00;0.20747350808700504;0.38233890214797134
2020-08-14 16:00:00;0.16843279419966536;0.4085918854415274
2020-08-14 17:00:00;0.0736196319018405;0.477326968973747
2020-08-14 18:00:00;0.08421639709983268;0.475417661097852
2020-08-14 19:00:00;0.10764082543223649;0.4353221957040573
2020-08-14 20:00:00;0.11935303959843838;0.38520286396181386
2020-08-14 21:00:00;0.23312883435582826;0.2448687350835322
2020-08-14 22:00:00;0.21528165086447298;0.2534606205250597
2020-08-14 23:00:00;0.16508644729503624;0.27350835322195705
2020-08-15 00:00:00;0.17456776352481876;0.23675417661097853
2020-08-15 01:00:00;0.20524261015058565;0.23484486873508353
2020-08-15 02:00:00;0.14891243725599554;0.3202863961813842
2020-08-15 03:00:00;0.07138873396542109;0.4348448687350835
2020-08-15 04:00:00;0.09258226436140549;0.3665871121718377
2020-08-15 05:00:00;0.08310094813162298;0.3665871121718377
2020-08-15 06:00:00;0.0619074177356386;0.37517899761336515
2020-08-15 07:00:00;0.09258226436140549;0.3470167064439141
2020-08-15 08:00:00;0.11600669269380927;0.32935560859188545
2020-08-15 09:00:00;0.20524261015058565;0.26873508353221953
2020-08-15 10:00:00;0.1438929168990519;0.3136038186157518
2020-08-15 11:00:00;0.0864472950362521;0.3871121718377088
2020-08-15 12:00:00;0.07640825432236475;0.44821002386634845
2020-08-15 13:00:00;0.07752370329057445;0.5031026252983294
2020-08-15 14:00:00;0.08923591745677636;0.5069212410501194
2020-08-15 15:00:00;0.08421639709983268;0.5269689737470168
2020-08-15 16:00:00;0.09592861126603458;0.5116945107398568
2020-08-15 17:00:00;0.08812046848856665;0.4902147971360382
2020-08-15 18:00:00;0.07529280535415506;0.4687350835322196
2020-08-15 19:00:00;0.0736196319018405;0.4606205250596659
2020-08-15 20:00:00;0.09983268265476855;0.4252983293556086
2020-08-15 21:00:00;0.11377579475738986;0.4047732696897375
2020-08-15 22:00:00;0.15114333519241496;0.32935560859188545
2020-08-15 23:00:00;0.13385387618516453;0.3331742243436754
2020-08-16 00:00:00;0.10875627440044619;0.33747016706443916
2020-08-16 01:00:00;0.09481316229782488;0.3608591885441527
2020-08-16 02:00:00;0.10429447852760737;0.3031026252983294
2020-08-16 03:00:00;0.0853318460680424;0.2572792362768496
2020-08-16 04:00:00;0.17568321249302846;0.19856801909307878
2020-08-16 05:00:00;0.12046848856664807;0.2591885441527446
2020-08-16 06:00:00;0.14277746793084217;0.1718377088305489
2020-08-16 07:00:00;0.11042944785276075;0.24534606205250595
2020-08-16 08:00:00;0.07027328499721139;0.3885441527446301
2020-08-16 09:00:00;0.0747350808700502;0.4009546539379475
2020-08-16 10:00:00;0.08923591745677636;0.4071599045346062
2020-08-16 11:00:00;0.11042944785276075;0.4553699284009547
2020-08-16 12:00:00;0.09369771332961518;0.5656324582338902
2020-08-16 13:00:00;0.08310094813162298;0.605727923627685
2020-08-16 14:00:00;0.09871723368655884;0.6162291169451074
2020-08-16 15:00:00;0.08923591745677636;0.6458233890214797
2020-08-16 16:00:00;0.10094813162297825;0.641527446300716
2020-08-16 17:00:00;0.11377579475738986;0.4692124105011933
2020-08-16 18:00:00;0.16731734523145567;0.35035799522673033
2020-08-16 19:00:00;0.18516452872281097;0.28878281622911695
2020-08-16 20:00:00;0.18962632459564976;0.24821002386634844
2020-08-16 21:00:00;0.17010596765197994;0.23532219570405727
2020-08-16 22:00:00;0.12548800892359177;0.2725536992840096
2020-08-16 23:00:00;0.14277746793084217;0.2214797136038186
2020-08-17 00:00:00;0.17345231455660903;0.15894988066825774
2020-08-17 01:00:00;0.22978248745119914;0.1054892601431981
2020-08-17 02:00:00;0.17345231455660903;0.12553699284009548
2020-08-17 03:00:00;0.13608477412158393;0.14558472553699284
2020-08-17 04:00:00;0.12437255995538206;0.13985680190930788
2020-08-17 05:00:00;0.19910764082543228;0.09307875894988067
2020-08-17 06:00:00;0.24930284439486897;0.06539379474940334
2020-08-17 07:00:00;0.3234802007808143;0.04868735083532219
2020-08-17 08:00:00;0.3056330172894591;0.06682577565632458
2020-08-17 09:00:00;0.2130507529280536;0.17136038186157518
2020-08-17 10:00:00;0.16620189626324597;0.24964200477326967
2020-08-17 11:00:00;0.13496932515337423;0.33126491646778045
2020-08-17 12:00:00;0.14166201896263247;0.37565632458233894
2020-08-17 13:00:00;0.16397099832682654;0.3723150357995227
2020-08-17 14:00:00;0.08198549916341327;0.4630071599045346
2020-08-17 15:00:00;0.09146681539319576;0.4181384248210024
2020-08-17 16:00:00;0.09983268265476855;0.3221957040572792
2020-08-17 17:00:00;0.12046848856664807;0.3384248210023867
2020-08-17 18:00:00;0.12771890686001117;0.3412887828162291
2020-08-17 19:00:00;0.14166201896263247;0.3322195704057279
2020-08-17 20:00:00;0.17345231455660903;0.27875894988066824
2020-08-17 21:00:00;0.16285554935861685;0.2720763723150358
2020-08-17 22:00:00;0.28220858895705525;0.13556085918854416
2020-08-17 23:00:00;0.3430005577244841;0.09164677804295943
2020-08-18 00:00:00;0.18962632459564976;0.17088305489260142
2020-08-18 01:00:00;0.14556609035136642;0.1756563245823389
2020-08-18 02:00:00;0.18516452872281097;0.1513126491646778
2020-08-18 03:00:00;0.2024539877300614;0.11742243436754177
2020-08-18 04:00:00;0.2281093139988846;0.12219570405727924
2020-08-18 05:00:00;0.1450083658672616;0.18663484486873508
2020-08-18 06:00:00;0.15002788622420524;0.20381861575179
2020-08-18 07:00:00;0.15672058003346348;0.22482100238663486
2020-08-18 08:00:00;0.14277746793084217;0.2262529832935561
2020-08-18 09:00:00;0.10429447852760737;0.2529832935560859
2020-08-18 10:00:00;0.14054656999442278;0.21622911694510738
2020-08-18 11:00:00;0.1215839375348578;0.20668257756563244
2020-08-18 12:00:00;0.11600669269380927;0.2262529832935561
2020-08-18 13:00:00;0.07752370329057445;0.28878281622911695
2020-08-18 14:00:00;0.06581148912437255;0.3112171837708831
2020-08-18 15:00:00;0.0501952035694367;0.3274463007159904
2020-08-18 16:00:00;0.049079754601226995;0.3408114558472554
2020-08-18 17:00:00;0.05967651979921919;0.3680190930787589
2020-08-18 18:00:00;0.0619074177356386;0.34463007159904535
2020-08-18 19:00:00;0.054099274958170664;0.3112171837708831
2020-08-18 20:00:00;0.09146681539319576;0.24343675417661098
2020-08-18 21:00:00;0.15727830451756833;0.16897374701670645
2020-08-18 22:00:00;0.14891243725599554;0.17995226730310263
2020-08-18 23:00:00;0.14668153931957614;0.17852028639618137
2020-08-19 00:00:00;0.12214166201896264;0.19999999999999998
2020-08-19 01:00:00;0.13943112102621305;0.21193317422434366
2020-08-19 02:00:00;0.2163970998326827;0.12983293556085918
2020-08-19 03:00:00;0.19185722253206922;0.1575178997613365
2020-08-19 04:00:00;0.21193530395984386;0.12124105011933174
2020-08-19 05:00:00;0.2671500278862243;0.06921241050119331
2020-08-19 06:00:00;0.3430005577244841;0.04009546539379475
2020-08-19 07:00:00;0.31957612939208035;0.07971360381861575
2020-08-19 08:00:00;0.24595649749023984;0.1522673031026253
2020-08-19 09:00:00;0.16843279419966536;0.2214797136038186
2020-08-19 10:00:00;0.11600669269380927;0.28162291169451076
2020-08-19 11:00:00;0.08421639709983268;0.3288782816229117
2020-08-19 12:00:00;0.07027328499721139;0.38472553699284007
2020-08-19 13:00:00;0.07640825432236475;0.41336515513126487
2020-08-19 14:00:00;0.0630228667038483;0.3995226730310263
2020-08-19 15:00:00;0.06804238706079196;0.4143198090692124
2020-08-19 16:00:00;0.07640825432236475;0.43245823389021476
2020-08-19 17:00:00;0.11377579475738986;0.3742243436754177
2020-08-19 18:00:00;0.1215839375348578;0.3059665871121718
2020-08-19 19:00:00;0.17010596765197994;0.23102625298329355
2020-08-19 20:00:00;0.11489124372559956;0.2448687350835322
2020-08-19 21:00:00;0.09369771332961518;0.23054892601431978
2020-08-19 22:00:00;0.09871723368655884;0.2324582338902148
2020-08-19 23:00:00;0.08812046848856665;0.2233890214797136
2020-08-20 00:00:00;0.08198549916341327;0.2090692124105012
2020-08-20 01:00:00;0.09146681539319576;0.18568019093078758
2020-08-20 02:00:00;0.06581148912437255;0.2052505966587112
2020-08-20 03:00:00;0.0619074177356386;0.20572792362768497
2020-08-20 04:00:00;0.07027328499721139;0.18186157517899762
2020-08-20 05:00:00;0.10317902955939767;0.12649164677804295
2020-08-20 06:00:00;0.15672058003346348;0.07589498806682578
2020-08-20 07:00:00;0.16285554935861685;0.07016706443914081
2020-08-20 08:00:00;0.14054656999442278;0.06634844868735083
2020-08-20 09:00:00;0.1438929168990519;0.07494033412887828
2020-08-20 10:00:00;0.12325711098717233;0.09451073985680192
2020-08-20 11:00:00;0.16620189626324597;0.11408114558472553
2020-08-20 12:00:00;0.21193530395984386;0.08066825775656324
2020-08-20 13:00:00;0.15225878416062466;0.1460620525059666
2020-08-20 14:00:00;0.11712214166201898;0.21957040572792363
2020-08-20 15:00:00;0.10094813162297825;0.3011933174224344
2020-08-20 16:00:00;0.10987172336865589;0.3474940334128878
2020-08-20 17:00:00;0.12046848856664807;0.3937947494033413
2020-08-20 18:00:00;0.16174010039040715;0.38138424821002387
2020-08-20 19:00:00;0.2972671500278863;0.23675417661097853
2020-08-20 20:00:00;0.3686558839933074;0.156563245823389
2020-08-20 21:00:00;0.30786391522587847;0.15608591885441528
2020-08-20 22:00:00;0.32459564974902405;0.1317422434367542
2020-08-20 23:00:00;0.3686558839933074;0.06109785202863962
2020-08-21 00:00:00;0.40658114891243735;0.05346062052505966
2020-08-21 01:00:00;0.3463469046291133;0.09307875894988067
2020-08-21 02:00:00;0.1695482431678751;0.22577565632458232
2020-08-21 03:00:00;0.14054656999442278;0.2730310262529833
2020-08-21 04:00:00;0.12771890686001117;0.24439140811455848
2020-08-21 05:00:00;0.14891243725599554;0.23054892601431978
2020-08-21 06:00:00;0.11712214166201898;0.2577565632458234
2020-08-21 07:00:00;0.09871723368655884;0.26825775656324585
2020-08-21 08:00:00;0.09369771332961518;0.2706443914081146
2020-08-21 09:00:00;0.10317902955939767;0.2821002386634845
2020-08-21 10:00:00;0.09035136642498606;0.3016706443914081
2020-08-21 11:00:00;0.08087005019520357;0.33078758949880666
2020-08-21 12:00:00;0.07138873396542109;0.31551312649164676
2020-08-21 13:00:00;0.05856107083100949;0.3260143198090692
2020-08-21 14:00:00;0.06692693809258227;0.3369928400954654
2020-08-21 15:00:00;0.04238706079196877;0.3575178997613365
2020-08-21 16:00:00;0.03179029559397658;0.3465393794749403
2020-08-21 17:00:00;0.032905744562186284;0.33508353221957043
2020-08-21 18:00:00;0.05856107083100949;0.3250596658711217
2020-08-21 19:00:00;0.0736196319018405;0.2964200477326969
2020-08-21 20:00:00;0.0853318460680424;0.27159904534606205
2020-08-21 21:00:00;0.09871723368655884;0.24391408114558474
2020-08-21 22:00:00;0.07863915225878416;0.2711217183770883
2020-08-21 23:00:00;0.10317902955939767;0.24821002386634844
2020-08-22 00:00:00;0.10206358059118796;0.25011933174224343
2020-08-22 01:00:00;0.07752370329057445;0.26539379474940333
2020-08-22 02:00:00;0.11154489682097045;0.22911694510739858
2020-08-22 03:00:00;0.11823759063022868;0.23102625298329355
2020-08-22 04:00:00;0.07529280535415506;0.2233890214797136
2020-08-22 05:00:00;0.10094813162297825;0.18329355608591885
2020-08-22 06:00:00;0.14556609035136642;0.18758949880668258
2020-08-22 07:00:00;0.06804238706079196;0.2587112171837709
2020-08-22 08:00:00;0.05967651979921919;0.25966587112171835
2020-08-22 09:00:00;0.06581148912437255;0.25011933174224343
2020-08-22 10:00:00;0.0864472950362521;0.24343675417661098
2020-08-22 11:00:00;0.05633017289459007;0.2730310262529833
2020-08-22 12:00:00;0.10317902955939767;0.24391408114558474
2020-08-22 13:00:00;0.0747350808700502;0.29594272076372313
2020-08-22 14:00:00;0.09369771332961518;0.28114558472553697
2020-08-22 15:00:00;0.07529280535415506;0.3284009546539379
2020-08-22 16:00:00;0.04238706079196877;0.34176610978520283
2020-08-22 17:00:00;0.04461795872838818;0.3360381861575179
2020-08-22 18:00:00;0.05744562186279978;0.3279236276849642
2020-08-22 19:00:00;0.050752928053541556;0.33508353221957043
2020-08-22 20:00:00;0.0619074177356386;0.32124105011933174
2020-08-22 21:00:00;0.06692693809258227;0.30787589498806683
2020-08-22 22:00:00;0.06358059118795314;0.26968973747016706
2020-08-22 23:00:00;0.13218070273285;0.2081145584725537
2020-08-23 00:00:00;0.098159509202454;0.24964200477326967
2020-08-23 01:00:00;0.06804238706079196;0.27541766109785204
2020-08-23 02:00:00;0.07640825432236475;0.26157517899761334
2020-08-23 03:00:00;0.06581148912437255;0.26825775656324585
2020-08-23 04:00:00;0.11266034578918015;0.21336515513126492
2020-08-23 05:00:00;0.08087005019520357;0.21336515513126492
2020-08-23 06:00:00;0.11935303959843838;0.17326968973747015
2020-08-23 07:00:00;0.12046848856664807;0.14749403341288783
2020-08-23 08:00:00;0.11600669269380927;0.17852028639618137
2020-08-23 09:00:00;0.0725041829336308;0.1899761336515513
2020-08-23 10:00:00;0.0362520914668154;0.2152744630071599
2020-08-23 11:00:00;0.032905744562186284;0.24248210023866348
2020-08-23 12:00:00;0.030674846625766874;0.26014319809069214
2020-08-23 13:00:00;0.03848298940323481;0.26968973747016706
2020-08-23 14:00:00;0.035136642498605694;0.2744630071599045
2020-08-23 15:00:00;0.026770775237032907;0.3140811455847255
2020-08-23 16:00:00;0.025655326268823202;0.32410501193317426
2020-08-23 17:00:00;0.021193530395984386;0.33126491646778045
2020-08-23 18:00:00;0.032905744562186284;0.360381861575179
2020-08-23 19:00:00;0.09592861126603458;0.3016706443914081
2020-08-23 20:00:00;0.06581148912437255;0.3016706443914081
2020-08-23 21:00:00;0.08421639709983268;0.2568019093078759
2020-08-23 22:00:00;0.098159509202454;0.22673031026252982
2020-08-23 23:00:00;0.09369771332961518;0.23675417661097853
2020-08-24 00:00:00;0.10206358059118796;0.20047732696897375
2020-08-24 01:00:00;0.19687674288901286;0.12553699284009548
2020-08-24 02:00:00;0.12660345789180147;0.16133651551312647
2020-08-24 03:00:00;0.15448968209704408;0.1317422434367542
2020-08-24 04:00:00;0.20858895705521477;0.07350835322195705
2020-08-24 05:00:00;0.20970440602342447;0.07732696897374701
2020-08-24 06:00:00;0.20022308979364198;0.10310262529832936
2020-08-24 07:00:00;0.1299498047964306;0.16420047732696896
2020-08-24 08:00:00;0.05521472392638037;0.23341288782816227
2020-08-24 09:00:00;0.04350250976017848;0.25250596658711216
2020-08-24 10:00:00;0.04350250976017848;0.2568019093078759
2020-08-24 11:00:00;0.04350250976017848;0.2835322195704057
2020-08-24 12:00:00;0.04127161182375907;0.29021479713603815
2020-08-24 13:00:00;0.030674846625766874;0.31551312649164676
2020-08-24 14:00:00;0.03904071388733966;0.31742243436754175
2020-08-24 15:00:00;0.03848298940323481;0.33890214797136037
2020-08-24 16:00:00;0.0362520914668154;0.3384248210023867
2020-08-24 17:00:00;0.0362520914668154;0.3355608591885441
2020-08-24 18:00:00;0.054099274958170664;0.33460620525059664
2020-08-24 19:00:00;0.05744562186279978;0.32935560859188545
2020-08-24 20:00:00;0.16731734523145567;0.241527446300716
2020-08-24 21:00:00;0.27384272169548246;0.15608591885441528
2020-08-24 22:00:00;0.32180702732849975;0.09164677804295943
2020-08-24 23:00:00;0.20524261015058565;0.1412887828162291
2020-08-25 00:00:00;0.2269938650306749;0.08639618138424822
2020-08-25 01:00:00;0.15560513106525378;0.11121718377088306
2020-08-25 02:00:00;0.11489124372559956;0.12362768496420047
2020-08-25 03:00:00;0.10987172336865589;0.11408114558472553
2020-08-25 04:00:00;0.1310652537646403;0.09069212410501193
2020-08-25 05:00:00;0.14166201896263247;0.08973747016706445
2020-08-25 06:00:00;0.16062465142219745;0.0782816229116945
2020-08-25 07:00:00;0.20747350808700504;0.0658711217183771
2020-08-25 08:00:00;0.19910764082543228;0.07255369928400954
2020-08-25 09:00:00;0.14054656999442278;0.11837708830548926
2020-08-25 10:00:00;0.13496932515337423;0.15417661097852028
2020-08-25 11:00:00;0.15672058003346348;0.16801909307875895
2020-08-25 12:00:00;0.16843279419966536;0.18138424821002386
2020-08-25 13:00:00;0.11377579475738986;0.2243436754176611
2020-08-25 14:00:00;0.09592861126603458;0.2534606205250597
2020-08-25 15:00:00;0.1299498047964306;0.2448687350835322
2020-08-25 16:00:00;0.11154489682097045;0.27732696897374703
2020-08-25 17:00:00;0.11712214166201898;0.2744630071599045
2020-08-25 18:00:00;0.09481316229782488;0.2553699284009546
2020-08-25 19:00:00;0.14668153931957614;0.2090692124105012
2020-08-25 20:00:00;0.1310652537646403;0.22004773269689737
2020-08-25 21:00:00;0.11600669269380927;0.2262529832935561
2020-08-25 22:00:00;0.0853318460680424;0.25632458233890215
2020-08-25 23:00:00;0.08198549916341327;0.25059665871121717
2020-08-26 00:00:00;0.08198549916341327;0.2539379474940334
2020-08-26 01:00:00;0.05967651979921919;0.26539379474940333
2020-08-26 02:00:00;0.05521472392638037;0.26825775656324585
2020-08-26 03:00:00;0.060791968767428886;0.2467780429594272
2020-08-26 04:00:00;0.05856107083100949;0.2467780429594272
2020-08-26 05:00:00;0.04573340769659788;0.2630071599045346
2020-08-26 06:00:00;0.03848298940323481;0.2658711217183771
2020-08-26 07:00:00;0.032905744562186284;0.27971360381861576
2020-08-26 08:00:00;0.037367540435025104;0.2782816229116945
2020-08-26 09:00:00;0.035136642498605694;0.27541766109785204
2020-08-26 10:00:00;0.03848298940323481;0.2692124105011933
2020-08-26 11:00:00;0.04127161182375907;0.26873508353221953
2020-08-26 12:00:00;0.054099274958170664;0.2558472553699284
2020-08-26 13:00:00;0.0736196319018405;0.26443914081145586
2020-08-26 14:00:00;0.07027328499721139;0.2730310262529833
2020-08-26 15:00:00;0.0725041829336308;0.2706443914081146
2020-08-26 16:00:00;0.04127161182375907;0.30835322195704057
2020-08-26 17:00:00;0.02955939765755717;0.3202863961813842
2020-08-26 18:00:00;0.028443948689347465;0.32935560859188545
2020-08-26 19:00:00;0.028443948689347465;0.3298329355608592
2020-08-26 20:00:00;0.02955939765755717;0.32267303102625294
2020-08-26 21:00:00;0.0362520914668154;0.30930787589498804
2020-08-26 22:00:00;0.04015616285554936;0.2859188544152745
2020-08-26 23:00:00;0.06358059118795314;0.2486873508353222
2020-08-27 00:00:00;0.05967651979921919;0.23389021479713604
2020-08-27 01:00:00;0.0619074177356386;0.20286396181384247
2020-08-27 02:00:00;0.07138873396542109;0.16945107398568018
2020-08-27 03:00:00;0.13720022308979365;0.09069212410501193
2020-08-27 04:00:00;0.19576129392080316;0.0801909307875895
2020-08-27 05:00:00;0.27774679308421646;0.027684964200477325
2020-08-27 06:00:00;0.3011712214166202;0.024343675417661095
2020-08-27 07:00:00;0.27997769102063585;0.029116945107398567
2020-08-27 08:00:00;0.22141662018962635;0.03961813842482101
2020-08-27 09:00:00;0.20635805911879535;0.04725536992840096
2020-08-27 10:00:00;0.1907417735638595;0.07541766109785203
2020-08-27 11:00:00;0.1885108756274401;0.12171837708830549
2020-08-27 12:00:00;0.13496932515337423;0.22482100238663486
2020-08-27 13:00:00;0.13608477412158393;0.26825775656324585
2020-08-27 14:00:00;0.13218070273285;0.2801909307875895
2020-08-27 15:00:00;0.10429447852760737;0.3326968973747017
2020-08-27 16:00:00;0.1310652537646403;0.31169451073985677
2020-08-27 17:00:00;0.12771890686001117;0.3107398568019093
2020-08-27 18:00:00;0.20022308979364198;0.2477326968973747
2020-08-27 19:00:00;0.25655326268823203;0.1704057279236277
2020-08-27 20:00:00;0.25543781372002233;0.13556085918854416
2020-08-27 21:00:00;0.13218070273285;0.2214797136038186
2020-08-27 22:00:00;0.10429447852760737;0.237708830548926
2020-08-27 23:00:00;0.21695482431678756;0.14844868735083533
2020-08-28 00:00:00;0.13496932515337423;0.22052505966587113
2020-08-28 01:00:00;0.09592861126603458;0.2171837708830549
2020-08-28 02:00:00;0.098159509202454;0.19618138424821002
2020-08-28 03:00:00;0.11266034578918015;0.19427207637231506
2020-08-28 04:00:00;0.10540992749581707;0.21909307875894987
2020-08-28 05:00:00;0.098159509202454;0.23054892601431978
2020-08-28 06:00:00;0.17456776352481876;0.22768496420047735
2020-08-28 07:00:00;0.13943112102621305;0.1756563245823389
2020-08-28 08:00:00;0.10764082543223649;0.18377088305489261
2020-08-28 09:00:00;0.09035136642498606;0.2042959427207637
2020-08-28 10:00:00;0.08087005019520357;0.20572792362768497
2020-08-28 11:00:00;0.0725041829336308;0.21957040572792363
2020-08-28 12:00:00;0.0619074177356386;0.22386634844868736
2020-08-28 13:00:00;0.10317902955939767;0.18520286396181382
2020-08-28 14:00:00;0.17568321249302846;0.12935560859188544
2020-08-28 15:00:00;0.08812046848856665;0.20668257756563244
2020-08-28 16:00:00;0.09704406023424428;0.21384248210023865
2020-08-28 17:00:00;0.08700501952035695;0.2372315035799523
2020-08-28 18:00:00;0.1695482431678751;0.15178997613365156
2020-08-28 19:00:00;0.20858895705521477;0.16181384248210023
2020-08-28 20:00:00;0.18739542665923037;0.1747016706443914
2020-08-28 21:00:00;0.15225878416062466;0.20238663484486874
2020-08-28 22:00:00;0.10652537646402677;0.22816229116945105
2020-08-28 23:00:00;0.14779698828778584;0.20381861575179
2020-08-29 00:00:00;0.10094813162297825;0.2181384248210024
2020-08-29 01:00:00;0.17345231455660903;0.15560859188544154
2020-08-29 02:00:00;0.18126045733407697;0.11980906921241051
2020-08-29 03:00:00;0.22866703848298942;0.08687350835322195
2020-08-29 04:00:00;0.2024539877300614;0.08687350835322195
2020-08-29 05:00:00;0.17902955939765758;0.09355608591885442
2020-08-29 06:00:00;0.17010596765197994;0.09212410501193317
2020-08-29 07:00:00;0.11154489682097045;0.14844868735083533
2020-08-29 08:00:00;0.11266034578918015;0.17326968973747015
2020-08-29 09:00:00;0.09704406023424428;0.19618138424821002
2020-08-29 10:00:00;0.12548800892359177;0.21145584725536992
2020-08-29 11:00:00;0.16285554935861685;0.22577565632458232
2020-08-29 12:00:00;0.09983268265476855;0.26968973747016706
2020-08-29 13:00:00;0.0853318460680424;0.2553699284009546
2020-08-29 14:00:00;0.12214166201896264;0.23293556085918854
2020-08-29 15:00:00;0.1299498047964306;0.24200477326968975
2020-08-29 16:00:00;0.08421639709983268;0.27732696897374703
2020-08-29 17:00:00;0.09983268265476855;0.27780429594272077
2020-08-29 18:00:00;0.04684885666480759;0.3183770883054893
2020-08-29 19:00:00;0.0864472950362521;0.25632458233890215
2020-08-29 20:00:00;0.18739542665923037;0.15369928400954655
2020-08-29 21:00:00;0.24707194645844957;0.1026252983293556
2020-08-29 22:00:00;0.22866703848298942;0.10596658711217183
2020-08-29 23:00:00;0.1215839375348578;0.15894988066825774
2020-08-30 00:00:00;0.14166201896263247;0.13221957040572793
2020-08-30 01:00:00;0.13329615170105968;0.15083532219570406
2020-08-30 02:00:00;0.14668153931957614;0.10501193317422435
2020-08-30 03:00:00;0.20356943669827107;0.049642004773269695
2020-08-30 04:00:00;0.23647518126045738;0.025298329355608593
2020-08-30 05:00:00;0.12548800892359177;0.1747016706443914
2020-08-30 06:00:00;0.07529280535415506;0.1775656324582339
2020-08-30 07:00:00;0.11154489682097045;0.15894988066825774
2020-08-30 08:00:00;0.06915783602900168;0.21670644391408114
2020-08-30 09:00:00;0.05744562186279978;0.22863961813842482
2020-08-30 10:00:00;0.0245398773006135;0.2749403341288783
2020-08-30 11:00:00;0.032905744562186284;0.2840095465393795
2020-08-30 12:00:00;0.026770775237032907;0.2883054892601432
2020-08-30 13:00:00;0.026770775237032907;0.30405727923627685
2020-08-30 14:00:00;0.02955939765755717;0.3112171837708831
2020-08-30 15:00:00;0.023424428332403796;0.3126491646778043
2020-08-30 16:00:00;0.0245398773006135;0.3183770883054893
2020-08-30 17:00:00;0.025655326268823202;0.32171837708830553
2020-08-30 18:00:00;0.04015616285554936;0.3112171837708831
2020-08-30 19:00:00;0.05633017289459007;0.2954653937947494
2020-08-30 20:00:00;0.04238706079196877;0.315035799522673
2020-08-30 21:00:00;0.051868377021751254;0.3016706443914081
2020-08-30 22:00:00;0.03904071388733966;0.3145584725536993
2020-08-30 23:00:00;0.020078081427774678;0.320763723150358
2020-08-31 00:00:00;0.015616285554935862;0.324582338902148
2020-08-31 01:00:00;0.04238706079196877;0.2739856801909308
2020-08-31 02:00:00;0.04796430563301729;0.24964200477326967
2020-08-31 03:00:00;0.06804238706079196;0.21622911694510738
2020-08-31 04:00:00;0.11823759063022868;0.15704057279236275
2020-08-31 05:00:00;0.19687674288901286;0.09594272076372316
2020-08-31 06:00:00;0.3045175683212493;0.03054892601431981
2020-08-31 07:00:00;0.26938092582264367;0.09498806682577565
2020-08-31 08:00:00;0.16174010039040715;0.19856801909307878
2020-08-31 09:00:00;0.12771890686001117;0.2448687350835322
2020-08-31 10:00:00;0.15337423312883436;0.20763723150357996
2020-08-31 11:00:00;0.06915783602900168;0.2883054892601432
2020-08-31 12:00:00;0.05521472392638037;0.3178997613365155
2020-08-31 13:00:00;0.06804238706079196;0.30883054892601436
2020-08-31 14:00:00;0.09481316229782488;0.3050119331742243
2020-08-31 15:00:00;0.08700501952035695;0.3145584725536993
2020-08-31 16:00:00;0.0864472950362521;0.32315035799522673
2020-08-31 17:00:00;0.07138873396542109;0.3436754176610978
2020-08-31 18:00:00;0.03904071388733966;0.3532219570405728
2020-08-31 19:00:00;0.07138873396542109;0.3045346062052506
2020-08-31 20:00:00;0.13218070273285;0.2214797136038186
2020-08-31 21:00:00;0.2024539877300614;0.15369928400954655
2020-08-31 22:00:00;0.22364751812604577;0.11455847255369929
2020-08-31 23:00:00;0.15839375348577803;0.16754176610978522
2020-09-01 00:00:00;0.16620189626324597;0.1360381861575179
2020-09-01 01:00:00;0.1907417735638595;0.09594272076372316
2020-09-01 02:00:00;0.2163970998326827;0.0558472553699284
2020-09-01 03:00:00;0.2024539877300614;0.0558472553699284
2020-09-01 04:00:00;0.22866703848298942;0.0730310262529833
2020-09-01 05:00:00;0.27384272169548246;0.03007159904534606
2020-09-01 06:00:00;0.28834355828220865;0.024821002386634847
2020-09-01 07:00:00;0.298382598996096;0.0405727923627685
2020-09-01 08:00:00;0.23424428332403796;0.14081145584725538
2020-09-01 09:00:00;0.13496932515337423;0.2529832935560859
2020-09-01 10:00:00;0.09704406023424428;0.2954653937947494
2020-09-01 11:00:00;0.11935303959843838;0.27875894988066824
2020-09-01 12:00:00;0.09146681539319576;0.2883054892601432
2020-09-01 13:00:00;0.15672058003346348;0.2343675417661098
2020-09-01 14:00:00;0.17568321249302846;0.22004773269689737
2020-09-01 15:00:00;0.16285554935861685;0.22768496420047735
2020-09-01 16:00:00;0.12883435582822086;0.26252983293556087
2020-09-01 17:00:00;0.10317902955939767;0.2763723150357995
2020-09-01 18:00:00;0.12771890686001117;0.24200477326968975
2020-09-01 19:00:00;0.2130507529280536;0.156563245823389
2020-09-01 20:00:00;0.3022866703848299;0.06873508353221958
2020-09-01 21:00:00;0.30005577244841053;0.07446300715990453
2020-09-01 22:00:00;0.28109313998884555;0.058711217183770883
2020-09-01 23:00:00;0.22587841606246517;0.09451073985680192
2020-09-02 00:00:00;0.19353039598438374;0.10310262529832936
2020-09-02 01:00:00;0.15448968209704408;0.10835322195704057
2020-09-02 02:00:00;0.13329615170105968;0.10835322195704057
2020-09-02 03:00:00;0.1438929168990519;0.08878281622911695
2020-09-02 04:00:00;0.14277746793084217;0.09021479713603818
2020-09-02 05:00:00;0.20858895705521477;0.04105011933174224
2020-09-02 06:00:00;0.27384272169548246;0.024821002386634847
2020-09-02 07:00:00;0.35861684327942;0.026252983293556086
2020-09-02 08:00:00;0.31622978248745126;0.08066825775656324
2020-09-02 09:00:00;0.14779698828778584;0.21384248210023865
2020-09-02 10:00:00;0.10206358059118796;0.26968973747016706
2020-09-02 11:00:00;0.09704406023424428;0.3178997613365155
2020-09-02 12:00:00;0.10987172336865589;0.3026252983293556
2020-09-02 13:00:00;0.13608477412158393;0.27684964200477324
2020-09-02 14:00:00;0.13385387618516453;0.3126491646778043
2020-09-02 15:00:00;0.11042944785276075;0.3408114558472554
2020-09-02 16:00:00;0.10094813162297825;0.37136038186157516
2020-09-02 17:00:00;0.07752370329057445;0.39045346062052505
2020-09-02 18:00:00;0.12214166201896264;0.3317422434367542
2020-09-02 19:00:00;0.19464584495259346;0.25011933174224343
2020-09-02 20:00:00;0.2766313441160067;0.17231503579952268
2020-09-02 21:00:00;0.31121026213050756;0.10644391408114559
2020-09-02 22:00:00;0.36530953708867825;0.1045346062052506
2020-09-02 23:00:00;0.3312883435582823;0.14988066825775656
2020-09-03 00:00:00;0.28443948689347465;0.16897374701670645
2020-09-03 01:00:00;0.1801450083658673;0.24439140811455848
2020-09-03 02:00:00;0.2788622420524261;0.13031026252983294
2020-09-03 03:00:00;0.24930284439486897;0.17613365155131264
2020-09-03 04:00:00;0.13720022308979365;0.21288782816229118
2020-09-03 05:00:00;0.18627997769102064;0.1957040572792363
2020-09-03 06:00:00;0.11266034578918015;0.3575178997613365
2020-09-03 07:00:00;0.1215839375348578;0.31551312649164676
2020-09-03 08:00:00;0.17345231455660903;0.2477326968973747
2020-09-03 09:00:00;0.24037925264919133;0.15035799522673032
2020-09-03 10:00:00;0.2024539877300614;0.1684964200477327
2020-09-03 11:00:00;0.18516452872281097;0.18568019093078758
2020-09-03 12:00:00;0.13608477412158393;0.23675417661097853
2020-09-03 13:00:00;0.12046848856664807;0.25250596658711216
2020-09-03 14:00:00;0.10987172336865589;0.21145584725536992
2020-09-03 15:00:00;0.09035136642498606;0.20477326968973747
2020-09-03 16:00:00;0.10987172336865589;0.17326968973747015
2020-09-03 17:00:00;0.15727830451756833;0.13221957040572793
2020-09-03 18:00:00;0.14556609035136642;0.14367541766109787
2020-09-03 19:00:00;0.16731734523145567;0.14940334128878283
2020-09-03 20:00:00;0.18962632459564976;0.13556085918854416
2020-09-03 21:00:00;0.10094813162297825;0.20572792362768497
2020-09-03 22:00:00;0.08812046848856665;0.21957040572792363
2020-09-03 23:00:00;0.08812046848856665;0.20477326968973747
2020-09-04 00:00:00;0.0630228667038483;0.19522673031026253
2020-09-04 01:00:00;0.10094813162297825;0.1594272076372315
2020-09-04 02:00:00;0.1801450083658673;0.09689737470167065
2020-09-04 03:00:00;0.23424428332403796;0.05489260143198091
2020-09-04 04:00:00;0.17010596765197994;0.10883054892601432
2020-09-04 05:00:00;0.09035136642498606;0.15417661097852028
2020-09-04 06:00:00;0.16062465142219745;0.10644391408114559
2020-09-04 07:00:00;0.14779698828778584;0.12219570405727924
2020-09-04 08:00:00;0.15448968209704408;0.11646778042959427
2020-09-04 09:00:00;0.12046848856664807;0.15369928400954655
2020-09-04 10:00:00;0.08198549916341327;0.18615751789976134
2020-09-04 11:00:00;0.07529280535415506;0.2109785202863962
2020-09-04 12:00:00;0.0736196319018405;0.24105011933174225
2020-09-04 13:00:00;0.07975460122699386;0.26539379474940333
2020-09-04 14:00:00;0.08700501952035695;0.28114558472553697
2020-09-04 15:00:00;0.0736196319018405;0.29594272076372313
2020-09-04 16:00:00;0.050752928053541556;0.313126491646778
2020-09-04 17:00:00;0.06692693809258227;0.3250596658711217
2020-09-04 18:00:00;0.08087005019520357;0.32935560859188545
2020-09-04 19:00:00;0.12660345789180147;0.2610978520286396
2020-09-04 20:00:00;0.19799219185722255;0.2186157517899761
2020-09-04 21:00:00;0.19910764082543228;0.22195704057279236
2020-09-04 22:00:00;0.14668153931957614;0.23914081145584726
2020-09-04 23:00:00;0.17233686558839934;0.21479713603818615
2020-09-05 00:00:00;0.10206358059118796;0.25107398568019096
2020-09-05 01:00:00;0.08087005019520357;0.2663484486873508
2020-09-05 02:00:00;0.060791968767428886;0.2668257756563246
2020-09-05 03:00:00;0.04461795872838818;0.25202863961813843
2020-09-05 04:00:00;0.0501952035694367;0.24295942720763722
2020-09-05 05:00:00;0.10540992749581707;0.19331742243436753
2020-09-05 06:00:00;0.10540992749581707;0.19856801909307878
2020-09-05 07:00:00;0.16731734523145567;0.13269689737470167
2020-09-05 08:00:00;0.14277746793084217;0.18377088305489261
2020-09-05 09:00:00;0.08087005019520357;0.22386634844868736
2020-09-05 10:00:00;0.04796430563301729;0.24916467780429596
2020-09-05 11:00:00;0.04238706079196877;0.26443914081145586
2020-09-05 12:00:00;0.050752928053541556;0.26730310262529833
2020-09-05 13:00:00;0.06692693809258227;0.2577565632458234
2020-09-05 14:00:00;0.0747350808700502;0.25823389021479715
2020-09-05 15:00:00;0.0736196319018405;0.2649164677804296
2020-09-05 16:00:00;0.0853318460680424;0.2591885441527446
2020-09-05 17:00:00;0.0725041829336308;0.27684964200477324
2020-09-05 18:00:00;0.07529280535415506;0.27780429594272077
2020-09-05 19:00:00;0.08923591745677636;0.2663484486873508
2020-09-05 20:00:00;0.12660345789180147;0.19809069212410502
2020-09-05 21:00:00;0.13831567205800335;0.14272076372315035
2020-09-05 22:00:00;0.17679866146123815;0.09307875894988067
2020-09-05 23:00:00;0.10875627440044619;0.18329355608591885
2020-09-06 00:00:00;0.1695482431678751;0.09403341288782815
2020-09-06 01:00:00;0.2504182933630787;0.050119331742243436
2020-09-06 02:00:00;0.25209146681539324;0.06157517899761337
2020-09-06 03:00:00;0.17233686558839934;0.12219570405727924
2020-09-06 04:00:00;0.10317902955939767;0.17517899761336517
2020-09-06 05:00:00;0.11823759063022868;0.14176610978520285
2020-09-06 06:00:00;0.19910764082543228;0.08305489260143198
2020-09-06 07:00:00;0.20747350808700504;0.10644391408114559
2020-09-06 08:00:00;0.11489124372559956;0.18377088305489261
2020-09-06 09:00:00;0.10094813162297825;0.2262529832935561
2020-09-06 10:00:00;0.06692693809258227;0.2701670644391408
2020-09-06 11:00:00;0.052983825989960966;0.2859188544152745
2020-09-06 12:00:00;0.050752928053541556;0.3183770883054893
2020-09-06 13:00:00;0.0619074177356386;0.31217183770883056
2020-09-06 14:00:00;0.09258226436140549;0.2859188544152745
2020-09-06 15:00:00;0.10317902955939767;0.2739856801909308
2020-09-06 16:00:00;0.09983268265476855;0.27875894988066824
2020-09-06 17:00:00;0.10206358059118796;0.2606205250596659
2020-09-06 18:00:00;0.09481316229782488;0.2711217183770883
2020-09-06 19:00:00;0.14166201896263247;0.22100238663484487
2020-09-06 20:00:00;0.1907417735638595;0.162291169451074
2020-09-06 21:00:00;0.20022308979364198;0.14176610978520285
2020-09-06 22:00:00;0.13218070273285;0.16610978520286396
2020-09-06 23:00:00;0.10094813162297825;0.15894988066825774
2020-09-07 00:00:00;0.24149470161740105;0.05346062052505966
2020-09-07 01:00:00;0.28220858895705525;0.03532219570405728
2020-09-07 02:00:00;0.3045175683212493;0.024821002386634847
2020-09-07 03:00:00;0.27049637479085337;0.02720763723150358
2020-09-07 04:00:00;0.27161182375906306;0.03961813842482101
2020-09-07 05:00:00;0.27049637479085337;0.04009546539379475
2020-09-07 06:00:00;0.30005577244841053;0.022911694510739856
2020-09-07 07:00:00;0.27997769102063585;0.02673031026252983
2020-09-07 08:00:00;0.27161182375906306;0.04725536992840096
2020-09-07 09:00:00;0.19687674288901286;0.12362768496420047
2020-09-07 10:00:00;0.1695482431678751;0.1632458233890215
2020-09-07 11:00:00;0.11600669269380927;0.23341288782816227
2020-09-07 12:00:00;0.08310094813162298;0.2935560859188544
2020-09-07 13:00:00;0.07975460122699386;0.330310262529833
2020-09-07 14:00:00;0.08087005019520357;0.32124105011933174
2020-09-07 15:00:00;0.07975460122699386;0.30835322195704057
2020-09-07 16:00:00;0.07752370329057445;0.30787589498806683
2020-09-07 17:00:00;0.09592861126603458;0.28735083532219574
2020-09-07 18:00:00;0.15114333519241496;0.23293556085918854
2020-09-07 19:00:00;0.22978248745119914;0.17804295942720763
2020-09-07 20:00:00;0.2269938650306749;0.1470167064439141
2020-09-07 21:00:00;0.16731734523145567;0.19140811455847256
2020-09-07 22:00:00;0.16731734523145567;0.17136038186157518
2020-09-07 23:00:00;0.17456776352481876;0.16085918854415276
2020-09-08 00:00:00;0.18962632459564976;0.14463007159904534
2020-09-08 01:00:00;0.2046848856664808;0.12458233890214798
2020-09-08 02:00:00;0.21695482431678756;0.09594272076372316
2020-09-08 03:00:00;0.22978248745119914;0.07398568019093078
2020-09-08 04:00:00;0.21528165086447298;0.0720763723150358
2020-09-08 05:00:00;0.22253206915783608;0.06300715990453461
2020-09-08 06:00:00;0.24372559955382045;0.03436754176610979
2020-09-08 07:00:00;0.25432236475181264;0.037231503579952266
2020-09-08 08:00:00;0.20747350808700504;0.06157517899761337
2020-09-08 09:00:00;0.20022308979364198;0.05346062052505966
2020-09-08 10:00:00;0.20970440602342447;0.052028639618138424
2020-09-08 11:00:00;0.17902955939765758;0.07589498806682578
2020-09-08 12:00:00;0.1929726715002789;0.0730310262529833
2020-09-08 13:00:00;0.12437255995538206;0.14510739856801907
2020-09-08 14:00:00;0.14668153931957614;0.12744630071599045
2020-09-08 15:00:00;0.12660345789180147;0.14892601431980906
2020-09-08 16:00:00;0.14277746793084217;0.13078758949880667
2020-09-08 17:00:00;0.19576129392080316;0.09164677804295943
2020-09-08 18:00:00;0.19353039598438374;0.0711217183770883
2020-09-08 19:00:00;0.17010596765197994;0.06921241050119331
2020-09-08 20:00:00;0.16731734523145567;0.05489260143198091
2020-09-08 21:00:00;0.18181818181818185;0.04105011933174224
2020-09-08 22:00:00;0.18739542665923037;0.03436754176610979
2020-09-08 23:00:00;0.14166201896263247;0.05489260143198091
2020-09-09 00:00:00;0.16731734523145567;0.0477326968973747
2020-09-09 01:00:00;0.11935303959843838;0.10692124105011933
2020-09-09 02:00:00;0.10206358059118796;0.11551312649164677
2020-09-09 03:00:00;0.09983268265476855;0.11217183770883055
2020-09-09 04:00:00;0.13943112102621305;0.07971360381861575
2020-09-09 05:00:00;0.18293363078639158;0.06157517899761337
2020-09-09 06:00:00;0.1907417735638595;0.05918854415274463
2020-09-09 07:00:00;0.18293363078639158;0.06682577565632458
2020-09-09 08:00:00;0.14891243725599554;0.08496420047732697
2020-09-09 09:00:00;0.1310652537646403;0.09403341288782815
2020-09-09 10:00:00;0.12883435582822086;0.09403341288782815
2020-09-09 11:00:00;0.10094813162297825;0.15417661097852028
2020-09-09 12:00:00;0.09871723368655884;0.20047732696897375
2020-09-09 13:00:00;0.09592861126603458;0.21575178997613367
2020-09-09 14:00:00;0.14166201896263247;0.1756563245823389
2020-09-09 15:00:00;0.0853318460680424;0.1684964200477327
2020-09-09 16:00:00;0.06358059118795314;0.1737470167064439
2020-09-09 17:00:00;0.08421639709983268;0.16181384248210023
2020-09-09 18:00:00;0.0736196319018405;0.1651551312649165
2020-09-09 19:00:00;0.07640825432236475;0.16992840095465395
2020-09-09 20:00:00;0.054099274958170664;0.2243436754176611
2020-09-09 21:00:00;0.06804238706079196;0.2009546539379475
2020-09-09 22:00:00;0.09704406023424428;0.15465393794749402
2020-09-09 23:00:00;0.11935303959843838;0.10644391408114559
2020-09-10 00:00:00;0.11489124372559956;0.0730310262529833
2020-09-10 01:00:00;0.1215839375348578;0.057756563245823386
2020-09-10 02:00:00;0.11823759063022868;0.06539379474940334
2020-09-10 03:00:00;0.13720022308979365;0.057756563245823386
2020-09-10 04:00:00;0.16731734523145567;0.0405727923627685
2020-09-10 05:00:00;0.20133853876185168;0.026252983293556086
2020-09-10 06:00:00;0.22253206915783608;0.026252983293556086
2020-09-10 07:00:00;0.2515337423312884;0.025298329355608593
2020-09-10 08:00:00;0.2950362520914669;0.03579952267303103
2020-09-10 09:00:00;0.15337423312883436;0.16085918854415276
2020-09-10 10:00:00;0.10764082543223649;0.2243436754176611
2020-09-10 11:00:00;0.11823759063022868;0.23675417661097853
2020-09-10 12:00:00;0.11377579475738986;0.23198090692124107
2020-09-10 13:00:00;0.13385387618516453;0.23914081145584726
2020-09-10 14:00:00;0.15114333519241496;0.25250596658711216
2020-09-10 15:00:00;0.15225878416062466;0.24821002386634844
2020-09-10 16:00:00;0.1215839375348578;0.27732696897374703
2020-09-10 17:00:00;0.17233686558839934;0.2477326968973747
2020-09-10 18:00:00;0.18962632459564976;0.22768496420047735
2020-09-10 19:00:00;0.15002788622420524;0.23914081145584726
2020-09-10 20:00:00;0.2660345789180145;0.12315035799522674
2020-09-10 21:00:00;0.33965421081985503;0.052983293556085914
2020-09-10 22:00:00;0.3441160066926939;0.04248210023866349
2020-09-10 23:00:00;0.3597322922476297;0.044391408114558474
2020-09-11 00:00:00;0.32682654768544345;0.07350835322195705
2020-09-11 01:00:00;0.22364751812604577;0.11551312649164677
2020-09-11 02:00:00;0.20970440602342447;0.07971360381861575
2020-09-11 03:00:00;0.32180702732849975;0.025298329355608593
2020-09-11 04:00:00;0.33965421081985503;0.023389021479713605
2020-09-11 05:00:00;0.3234802007808143;0.024343675417661095
2020-09-11 06:00:00;0.31399888455103186;0.02577565632458234
2020-09-11 07:00:00;0.298382598996096;0.02720763723150358
2020-09-11 08:00:00;0.32682654768544345;0.09212410501193317
2020-09-11 09:00:00;0.2766313441160067;0.15704057279236275
2020-09-11 10:00:00;0.31622978248745126;0.14367541766109787
2020-09-11 11:00:00;0.2163970998326827;0.24964200477326967
2020-09-11 12:00:00;0.10652537646402677;0.35608591885441526
2020-09-11 13:00:00;0.09704406023424428;0.3775656324582339
2020-09-11 14:00:00;0.10652537646402677;0.38663484486873506
2020-09-11 15:00:00;0.10094813162297825;0.38520286396181386
2020-09-11 16:00:00;0.11489124372559956;0.3708830548926014
2020-09-11 17:00:00;0.11823759063022868;0.3551312649164678
2020-09-11 18:00:00;0.12046848856664807;0.3193317422434368
2020-09-11 19:00:00;0.1438929168990519;0.3016706443914081
2020-09-11 20:00:00;0.1885108756274401;0.22386634844868736
2020-09-11 21:00:00;0.4272169548243169;0.06062052505966587
2020-09-11 22:00:00;0.3312883435582823;0.1379474940334129
2020-09-11 23:00:00;0.3034021193530397;0.15369928400954655
2020-09-12 00:00:00;0.31176798661461247;0.11312649164677804
2020-09-12 01:00:00;0.16062465142219745;0.2233890214797136
2020-09-12 02:00:00;0.14054656999442278;0.2181384248210024
2020-09-12 03:00:00;0.14779698828778584;0.18042959427207636
2020-09-12 04:00:00;0.15560513106525378;0.14463007159904534
2020-09-12 05:00:00;0.19464584495259346;0.08162291169451075
2020-09-12 06:00:00;0.23647518126045738;0.049642004773269695
2020-09-12 07:00:00;0.24037925264919133;0.06539379474940334
2020-09-12 08:00:00;0.17679866146123815;0.1460620525059666
2020-09-12 09:00:00;0.06915783602900168;0.2568019093078759
2020-09-12 10:00:00;0.04461795872838818;0.2758949880668258
2020-09-12 11:00:00;0.052983825989960966;0.2572792362768496
2020-09-12 12:00:00;0.03402119353039599;0.27159904534606205
2020-09-12 13:00:00;0.04127161182375907;0.2725536992840096
2020-09-12 14:00:00;0.028443948689347465;0.2921241050119332
2020-09-12 15:00:00;0.026770775237032907;0.3164677804295943
2020-09-12 16:00:00;0.02955939765755717;0.31026252983293556
2020-09-12 17:00:00;0.0362520914668154;0.313126491646778
2020-09-12 18:00:00;0.03904071388733966;0.3193317422434368
2020-09-12 19:00:00;0.10764082543223649;0.25441527446300716
2020-09-12 20:00:00;0.14556609035136642;0.20190930787589498
2020-09-12 21:00:00;0.29615170105967653;0.09498806682577565
2020-09-12 22:00:00;0.21918572225320695;0.13221957040572793
2020-09-12 23:00:00;0.20524261015058565;0.12028639618138424
2020-09-13 00:00:00;0.17568321249302846;0.12649164677804295
2020-09-13 01:00:00;0.18962632459564976;0.10883054892601432
2020-09-13 02:00:00;0.12883435582822086;0.13126491646778043
2020-09-13 03:00:00;0.19464584495259346;0.057756563245823386
2020-09-13 04:00:00;0.1885108756274401;0.06491646778042959
2020-09-13 05:00:00;0.15114333519241496;0.09737470167064438
2020-09-13 06:00:00;0.16062465142219745;0.081145584725537
2020-09-13 07:00:00;0.14166201896263247;0.10501193317422435
2020-09-13 08:00:00;0.12214166201896264;0.11599045346062054
2020-09-13 09:00:00;0.13218070273285;0.1412887828162291
2020-09-13 10:00:00;0.10317902955939767;0.1704057279236277
2020-09-13 11:00:00;0.10429447852760737;0.1684964200477327
2020-09-13 12:00:00;0.09871723368655884;0.19856801909307878
2020-09-13 13:00:00;0.07529280535415506;0.25011933174224343
2020-09-13 14:00:00;0.060791968767428886;0.29594272076372313
2020-09-13 15:00:00;0.06692693809258227;0.313126491646778
2020-09-13 16:00:00;0.12325711098717233;0.27350835322195705
2020-09-13 17:00:00;0.13385387618516453;0.2840095465393795
2020-09-13 18:00:00;0.16062465142219745;0.24630071599045347
2020-09-13 19:00:00;0.3407696597880647;0.09021479713603818
2020-09-13 20:00:00;0.381483547127719;0.037708830548926014
2020-09-13 21:00:00;0.3312883435582823;0.03389021479713604
2020-09-13 22:00:00;0.3234802007808143;0.02386634844868735
2020-09-13 23:00:00;0.2950362520914669;0.024343675417661095
2020-09-14 00:00:00;0.2766313441160067;0.024343675417661095
2020-09-14 01:00:00;0.25543781372002233;0.02386634844868735
2020-09-14 02:00:00;0.25655326268823203;0.023389021479713605
2020-09-14 03:00:00;0.23089793641940887;0.023389021479713605
2020-09-14 04:00:00;0.2269938650306749;0.02386634844868735
2020-09-14 05:00:00;0.32069157836029005;0.023389021479713605
2020-09-14 06:00:00;0.33965421081985503;0.02386634844868735
2020-09-14 07:00:00;0.381483547127719;0.024343675417661095
2020-09-14 08:00:00;0.4322364751812605;0.03007159904534606
2020-09-14 09:00:00;0.41662018962632463;0.046300715990453455
2020-09-14 10:00:00;0.3011712214166202;0.1460620525059666
2020-09-14 11:00:00;0.20356943669827107;0.2568019093078759
2020-09-14 12:00:00;0.20635805911879535;0.3107398568019093
2020-09-14 13:00:00;0.22030117122141665;0.3723150357995227
2020-09-14 14:00:00;0.2515337423312884;0.3990453460620525
2020-09-14 15:00:00;0.22364751812604577;0.4625298329355609
2020-09-14 16:00:00;0.25320691578360294;0.5398568019093078
2020-09-14 17:00:00;0.29057445621862804;0.5355608591885441
2020-09-14 18:00:00;0.4322364751812605;0.35704057279236273
2020-09-14 19:00:00;0.46737311767986617;0.27780429594272077
2020-09-14 20:00:00;0.36754043502509764;0.2749403341288783
2020-09-14 21:00:00;0.32905744562186284;0.24964200477326967
2020-09-14 22:00:00;0.27774679308421646;0.2100238663484487
2020-09-14 23:00:00;0.27495817066369216;0.1594272076372315
2020-09-15 00:00:00;0.2660345789180145;0.12935560859188544
2020-09-15 01:00:00;0.2660345789180145;0.11503579952267304
2020-09-15 02:00:00;0.23424428332403796;0.11121718377088306
2020-09-15 03:00:00;0.24930284439486897;0.07016706443914081
2020-09-15 04:00:00;0.31734523145566096;0.032458233890214794
2020-09-15 05:00:00;0.441717791411043;0.024343675417661095
2020-09-15 06:00:00;0.4813162297824875;0.02577565632458234
2020-09-15 07:00:00;0.5164528722810933;0.02720763723150358
2020-09-15 08:00:00;0.5677635248187396;0.02673031026252983
2020-09-15 09:00:00;0.6112660345789181;0.03054892601431981
2020-09-15 10:00:00;0.6029001673173453;0.06634844868735083
2020-09-15 11:00:00;0.4300055772448411;0.21766109785202864
2020-09-15 12:00:00;0.3430005577244841;0.34319809069212415
2020-09-15 13:00:00;0.36754043502509764;0.3809069212410501
2020-09-15 14:00:00;0.37367540435025104;0.4959427207637232
2020-09-15 15:00:00;0.2660345789180145;0.6596658711217184
2020-09-15 16:00:00;0.31121026213050756;0.6186157517899761
2020-09-15 17:00:00;0.6603457891801451;0.32553699284009546
2020-09-15 18:00:00;0.6134969325153374;0.31026252983293556
2020-09-15 19:00:00;0.5069715560513107;0.45727923627684963
2020-09-15 20:00:00;0.5036252091466815;0.37708830548926014
2020-09-15 21:00:00;0.3825989960959287;0.38472553699284007
2020-09-15 22:00:00;0.32459564974902405;0.44821002386634845
2020-09-15 23:00:00;0.4729503625209147;0.2668257756563246
2020-09-16 00:00:00;0.8817624093697713;0.024821002386634847
2020-09-16 01:00:00;0.879531511433352;0.02386634844868735
2020-09-16 02:00:00;0.7200223089793643;0.028162291169451077
2020-09-16 03:00:00;0.4182933630786392;0.1116945107398568
2020-09-16 04:00:00;0.16731734523145567;0.2009546539379475
2020-09-16 05:00:00;0.21081985499163416;0.20477326968973747
2020-09-16 06:00:00;0.17456776352481876;0.3164677804295943
2020-09-16 07:00:00;0.23201338538761854;0.2883054892601432
2020-09-16 08:00:00;0.18516452872281097;0.3384248210023867
2020-09-16 09:00:00;0.18293363078639158;0.36754176610978523
2020-09-16 10:00:00;0.17679866146123815;0.3794749403341289
2020-09-16 11:00:00;0.14779698828778584;0.3747016706443914
2020-09-16 12:00:00;0.15727830451756833;0.37326968973747016
2020-09-16 13:00:00;0.09592861126603458;0.4186157517899761
2020-09-16 14:00:00;0.12046848856664807;0.435799522673031
2020-09-16 15:00:00;0.13720022308979365;0.42673031026252983
2020-09-16 16:00:00;0.11712214166201898;0.4362768496420048
2020-09-16 17:00:00;0.13720022308979365;0.4152744630071599
2020-09-16 18:00:00;0.12046848856664807;0.35799522673031026
2020-09-16 19:00:00;0.09704406023424428;0.2935560859188544
2020-09-16 20:00:00;0.07529280535415506;0.2725536992840096
2020-09-16 21:00:00;0.06358059118795314;0.2692124105011933
2020-09-16 22:00:00;0.07027328499721139;0.27923627684964203
2020-09-16 23:00:00;0.08087005019520357;0.25059665871121717
2020-09-17 00:00:00;0.06469604015616286;0.24821002386634844
2020-09-17 01:00:00;0.06469604015616286;0.2243436754176611
2020-09-17 02:00:00;0.05856107083100949;0.2262529832935561
2020-09-17 03:00:00;0.0619074177356386;0.21909307875894987
2020-09-17 04:00:00;0.10429447852760737;0.16945107398568018
2020-09-17 05:00:00;0.21081985499163416;0.08400954653937948
2020-09-17 06:00:00;0.3045175683212493;0.03436754176610979
2020-09-17 07:00:00;0.3234802007808143;0.03198090692124105
2020-09-17 08:00:00;0.22476296709425547;0.11455847255369929
2020-09-17 09:00:00;0.13385387618516453;0.18424821002386635
2020-09-17 10:00:00;0.11489124372559956;0.22052505966587113
2020-09-17 11:00:00;0.12046848856664807;0.22243436754176613
2020-09-17 12:00:00;0.09258226436140549;0.2548926014319809
2020-09-17 13:00:00;0.10540992749581707;0.2782816229116945
2020-09-17 14:00:00;0.12883435582822086;0.26825775656324585
2020-09-17 15:00:00;0.12214166201896264;0.29021479713603815
2020-09-17 16:00:00;0.12046848856664807;0.2844868735083532
2020-09-17 17:00:00;0.11712214166201898;0.26730310262529833
2020-09-17 18:00:00;0.12883435582822086;0.2553699284009546
2020-09-17 19:00:00;0.13385387618516453;0.24248210023866348
2020-09-17 20:00:00;0.14166201896263247;0.22243436754176613
2020-09-17 21:00:00;0.13329615170105968;0.22195704057279236
2020-09-17 22:00:00;0.11600669269380927;0.2171837708830549
2020-09-17 23:00:00;0.11266034578918015;0.2090692124105012
2020-09-18 00:00:00;0.09146681539319576;0.2143198090692124
2020-09-18 01:00:00;0.09258226436140549;0.21336515513126492
2020-09-18 02:00:00;0.08923591745677636;0.20572792362768497
2020-09-18 03:00:00;0.10652537646402677;0.19522673031026253
2020-09-18 04:00:00;0.12325711098717233;0.18186157517899762
2020-09-18 05:00:00;0.21695482431678756;0.10835322195704057
2020-09-18 06:00:00;0.2994980479643057;0.06014319809069212
2020-09-18 07:00:00;0.22253206915783608;0.11121718377088306
2020-09-18 08:00:00;0.17791411042944785;0.1379474940334129
2020-09-18 09:00:00;0.16508644729503624;0.15608591885441528
2020-09-18 10:00:00;0.14277746793084217;0.19522673031026253
2020-09-18 11:00:00;0.13720022308979365;0.22291169451073986
2020-09-18 12:00:00;0.12883435582822086;0.2620525059665871
2020-09-18 13:00:00;0.12325711098717233;0.3145584725536993
2020-09-18 14:00:00;0.12883435582822086;0.3322195704057279
2020-09-18 15:00:00;0.15839375348577803;0.3470167064439141
2020-09-18 16:00:00;0.15114333519241496;0.37326968973747016
2020-09-18 17:00:00;0.15950920245398773;0.3737470167064439
2020-09-18 18:00:00;0.20524261015058565;0.30930787589498804
2020-09-18 19:00:00;0.24037925264919133;0.2763723150357995
2020-09-18 20:00:00;0.2024539877300614;0.28305489260143196
2020-09-18 21:00:00;0.18739542665923037;0.24295942720763722
2020-09-18 22:00:00;0.18962632459564976;0.22100238663484487
2020-09-18 23:00:00;0.16062465142219745;0.23102625298329355
2020-09-19 00:00:00;0.14166201896263247;0.20286396181384247
2020-09-19 01:00:00;0.13218070273285;0.18854415274463007
2020-09-19 02:00:00;0.13496932515337423;0.17995226730310263
2020-09-19 03:00:00;0.1299498047964306;0.15990453460620524
2020-09-19 04:00:00;0.14054656999442278;0.14940334128878283
2020-09-19 05:00:00;0.13831567205800335;0.14749403341288783
2020-09-19 06:00:00;0.16620189626324597;0.12553699284009548
2020-09-19 07:00:00;0.21193530395984386;0.10692124105011933
2020-09-19 08:00:00;0.21807027328499723;0.12505966587112172
2020-09-19 09:00:00;0.17010596765197994;0.1899761336515513
2020-09-19 10:00:00;0.16062465142219745;0.23007159904534608
2020-09-19 11:00:00;0.14779698828778584;0.2649164677804296
2020-09-19 12:00:00;0.14668153931957614;0.3126491646778043
2020-09-19 13:00:00;0.14668153931957614;0.3589498806682578
2020-09-19 14:00:00;0.14668153931957614;0.38138424821002387
2020-09-19 15:00:00;0.13720022308979365;0.40763723150358
2020-09-19 16:00:00;0.13943112102621305;0.4171837708830549
2020-09-19 17:00:00;0.16508644729503624;0.41097852028639614
2020-09-19 18:00:00;0.22030117122141665;0.3145584725536993
2020-09-19 19:00:00;0.19910764082543228;0.30787589498806683
2020-09-19 20:00:00;0.16285554935861685;0.3064439140811456
2020-09-19 21:00:00;0.19464584495259346;0.2558472553699284
2020-09-19 22:00:00;0.17902955939765758;0.21957040572792363
2020-09-19 23:00:00;0.17902955939765758;0.19856801909307878
2020-09-20 00:00:00;0.14054656999442278;0.22052505966587113
2020-09-20 01:00:00;0.11600669269380927;0.2262529832935561
2020-09-20 02:00:00;0.11377579475738986;0.2214797136038186
2020-09-20 03:00:00;0.10206358059118796;0.21193317422434366
2020-09-20 04:00:00;0.11935303959843838;0.19761336515513125
2020-09-20 05:00:00;0.09871723368655884;0.2071599045346062
2020-09-20 06:00:00;0.1215839375348578;0.18902147971360383
2020-09-20 07:00:00;0.12325711098717233;0.19045346062052504
2020-09-20 08:00:00;0.12046848856664807;0.19331742243436753
2020-09-20 09:00:00;0.11823759063022868;0.2090692124105012
2020-09-20 10:00:00;0.13608477412158393;0.23818615751789976
2020-09-20 11:00:00;0.11042944785276075;0.2992840095465394
2020-09-20 12:00:00;0.11266034578918015;0.3288782816229117
2020-09-20 13:00:00;0.10987172336865589;0.3680190930787589
2020-09-20 14:00:00;0.10652537646402677;0.3990453460620525
2020-09-20 15:00:00;0.11489124372559956;0.40954653937947494
2020-09-20 16:00:00;0.14166201896263247;0.4157517899761336
2020-09-20 17:00:00;0.13943112102621305;0.4128878281622912
2020-09-20 18:00:00;0.1450083658672616;0.39761336515513124
2020-09-20 19:00:00;0.18404907975460125;0.35035799522673033
2020-09-20 20:00:00;0.22364751812604577;0.29021479713603815
2020-09-20 21:00:00;0.19185722253206922;0.2840095465393795
2020-09-20 22:00:00;0.17122141662018964;0.25011933174224343
2020-09-20 23:00:00;0.15114333519241496;0.2181384248210024
2020-09-21 00:00:00;0.11154489682097045;0.20763723150357996
2020-09-21 01:00:00;0.11042944785276075;0.18186157517899762
2020-09-21 02:00:00;0.11489124372559956;0.1704057279236277
2020-09-21 03:00:00;0.12660345789180147;0.16897374701670645
2020-09-21 04:00:00;0.18126045733407697;0.120763723150358
2020-09-21 05:00:00;0.2788622420524261;0.0405727923627685
2020-09-21 06:00:00;0.33965421081985503;0.024821002386634847
2020-09-21 07:00:00;0.3480200780814278;0.027684964200477325
2020-09-21 08:00:00;0.32180702732849975;0.0405727923627685
2020-09-21 09:00:00;0.32905744562186284;0.07875894988066826
2020-09-21 10:00:00;0.29280535415504744;0.12267303102625297
2020-09-21 11:00:00;0.2515337423312884;0.23389021479713604
2020-09-21 12:00:00;0.1929726715002789;0.3455847255369929
2020-09-21 13:00:00;0.17122141662018964;0.4167064439140811
2020-09-21 14:00:00;0.16285554935861685;0.4496420047732697
2020-09-21 15:00:00;0.21081985499163416;0.4243436754176611
2020-09-21 16:00:00;0.21918572225320695;0.3479713603818616
2020-09-21 17:00:00;0.18293363078639158;0.3794749403341289
2020-09-21 18:00:00;0.1885108756274401;0.37852028639618135
2020-09-21 19:00:00;0.22978248745119914;0.30978520286396183
2020-09-21 20:00:00;0.2515337423312884;0.24200477326968975
2020-09-21 21:00:00;0.23982152816508648;0.22673031026252982
2020-09-21 22:00:00;0.2046848856664808;0.21575178997613367
2020-09-21 23:00:00;0.18404907975460125;0.18663484486873508
2020-09-22 00:00:00;0.19910764082543228;0.13221957040572793
2020-09-22 01:00:00;0.17233686558839934;0.11455847255369929
2020-09-22 02:00:00;0.15337423312883436;0.10023866348448687
2020-09-22 03:00:00;0.15672058003346348;0.08066825775656324
2020-09-22 04:00:00;0.18181818181818185;0.04248210023866349
2020-09-22 05:00:00;0.20747350808700504;0.024343675417661095
2020-09-22 06:00:00;0.18516452872281097;0.024343675417661095
2020-09-22 07:00:00;0.26938092582264367;0.02577565632458234
2020-09-22 08:00:00;0.43446737311767997;0.026252983293556086
2020-09-22 09:00:00;0.5292805354155048;0.043914081145584725
2020-09-22 10:00:00;0.6134969325153374;0.07637231503579953
2020-09-22 11:00:00;0.43446737311767997;0.2630071599045346
2020-09-22 12:00:00;0.25209146681539324;0.42673031026252983
2020-09-22 13:00:00;0.24595649749023984;0.4152744630071599
2020-09-22 14:00:00;0.17233686558839934;0.44486873508353225
2020-09-22 15:00:00;0.14166201896263247;0.5102625298329356
2020-09-22 16:00:00;0.19464584495259346;0.47207637231503585
2020-09-22 17:00:00;0.24372559955382045;0.3670644391408115
2020-09-22 18:00:00;0.28332403792526495;0.3398568019093079
2020-09-22 19:00:00;0.37813720022308983;0.2568019093078759
2020-09-22 20:00:00;0.5036252091466815;0.1317422434367542
2020-09-22 21:00:00;0.630786391522588;0.052028639618138424
2020-09-22 22:00:00;0.3825989960959287;0.24105011933174225
2020-09-22 23:00:00;0.31957612939208035;0.27923627684964203
2020-09-23 00:00:00;0.2130507529280536;0.28973747016706447
2020-09-23 01:00:00;0.22141662018962635;0.21336515513126492
2020-09-23 02:00:00;0.15448968209704408;0.23007159904534608
2020-09-23 03:00:00;0.20133853876185168;0.16181384248210023
2020-09-23 04:00:00;0.23535973229224766;0.17852028639618137
2020-09-23 05:00:00;0.19185722253206922;0.18615751789976134
2020-09-23 06:00:00;0.2788622420524261;0.08973747016706445
2020-09-23 07:00:00;0.24595649749023984;0.11837708830548926
2020-09-23 08:00:00;0.22476296709425547;0.156563245823389
2020-09-23 09:00:00;0.21081985499163416;0.17852028639618137
2020-09-23 10:00:00;0.15950920245398773;0.2324582338902148
2020-09-23 11:00:00;0.14166201896263247;0.26825775656324585
2020-09-23 12:00:00;0.14054656999442278;0.2854415274463007
2020-09-23 13:00:00;0.15727830451756833;0.2749403341288783
2020-09-23 14:00:00;0.1929726715002789;0.23293556085918854
2020-09-23 15:00:00;0.15114333519241496;0.24534606205250595
2020-09-23 16:00:00;0.18739542665923037;0.22673031026252982
2020-09-23 17:00:00;0.15672058003346348;0.2143198090692124
2020-09-23 18:00:00;0.21695482431678756;0.15178997613365156
2020-09-23 19:00:00;0.29057445621862804;0.10501193317422435
2020-09-23 20:00:00;0.19576129392080316;0.17804295942720763
2020-09-23 21:00:00;0.13720022308979365;0.2009546539379475
2020-09-23 22:00:00;0.09035136642498606;0.25011933174224343
2020-09-23 23:00:00;0.15337423312883436;0.18854415274463007
2020-09-24 00:00:00;0.16620189626324597;0.23102625298329355
2020-09-24 01:00:00;0.13943112102621305;0.24964200477326967
2020-09-24 02:00:00;0.09035136642498606;0.2940334128878282
2020-09-24 03:00:00;0.11377579475738986;0.28305489260143196
2020-09-24 04:00:00;0.08923591745677636;0.27875894988066824
2020-09-24 05:00:00;0.10987172336865589;0.2706443914081146
2020-09-24 06:00:00;0.18181818181818185;0.21193317422434366
2020-09-24 07:00:00;0.24818739542665924;0.13078758949880667
2020-09-24 08:00:00;0.16620189626324597;0.16085918854415276
2020-09-24 09:00:00;0.12214166201896264;0.20047732696897375
2020-09-24 10:00:00;0.09481316229782488;0.241527446300716
2020-09-24 11:00:00;0.08700501952035695;0.25011933174224343
2020-09-24 12:00:00;0.10540992749581707;0.24200477326968975
2020-09-24 13:00:00;0.14166201896263247;0.2181384248210024
2020-09-24 14:00:00;0.16285554935861685;0.19999999999999998
2020-09-24 15:00:00;0.15839375348577803;0.18568019093078758
2020-09-24 16:00:00;0.15560513106525378;0.18711217183770884
2020-09-24 17:00:00;0.2130507529280536;0.14844868735083533
2020-09-24 18:00:00;0.23870607919687678;0.13365155131264916
2020-09-24 19:00:00;0.18627997769102064;0.20668257756563244
2020-09-24 20:00:00;0.13385387618516453;0.23341288782816227
2020-09-24 21:00:00;0.13218070273285;0.22673031026252982
2020-09-24 22:00:00;0.12660345789180147;0.22529832935560862
2020-09-24 23:00:00;0.08700501952035695;0.24105011933174225
2020-09-25 00:00:00;0.09258226436140549;0.22911694510739858
2020-09-25 01:00:00;0.09146681539319576;0.2372315035799523
2020-09-25 02:00:00;0.0864472950362521;0.2739856801909308
2020-09-25 03:00:00;0.10206358059118796;0.25966587112171835
2020-09-25 04:00:00;0.1310652537646403;0.2315035799522673
2020-09-25 05:00:00;0.13831567205800335;0.18329355608591885
2020-09-25 06:00:00;0.17568321249302846;0.1632458233890215
2020-09-25 07:00:00;0.16062465142219745;0.16420047732696896
2020-09-25 08:00:00;0.15560513106525378;0.16897374701670645
2020-09-25 09:00:00;0.1299498047964306;0.19904534606205251
2020-09-25 10:00:00;0.14277746793084217;0.19474940334128876
2020-09-25 11:00:00;0.15672058003346348;0.2081145584725537
2020-09-25 12:00:00;0.12437255995538206;0.2863961813842482
2020-09-25 13:00:00;0.15560513106525378;0.26539379474940333
2020-09-25 14:00:00;0.1438929168990519;0.2630071599045346
2020-09-25 15:00:00;0.14891243725599554;0.26539379474940333
2020-09-25 16:00:00;0.0619074177356386;0.3298329355608592
2020-09-25 17:00:00;0.05744562186279978;0.3193317422434368
2020-09-25 18:00:00;0.0747350808700502;0.315035799522673
2020-09-25 19:00:00;0.05633017289459007;0.34176610978520283
2020-09-25 20:00:00;0.02955939765755717;0.3513126491646778
2020-09-25 21:00:00;0.037367540435025104;0.3336515513126492
2020-09-25 22:00:00;0.06692693809258227;0.2663484486873508
2020-09-25 23:00:00;0.11042944785276075;0.19427207637231506
2020-09-26 00:00:00;0.1215839375348578;0.15847255369928404
2020-09-26 01:00:00;0.10987172336865589;0.160381861575179
2020-09-26 02:00:00;0.0747350808700502;0.1928400954653938
2020-09-26 03:00:00;0.054099274958170664;0.21193317422434366
2020-09-26 04:00:00;0.0736196319018405;0.19809069212410502
2020-09-26 05:00:00;0.11377579475738986;0.1718377088305489
2020-09-26 06:00:00;0.11823759063022868;0.162291169451074
2020-09-26 07:00:00;0.1450083658672616;0.14988066825775656
2020-09-26 08:00:00;0.14556609035136642;0.1651551312649165
2020-09-26 09:00:00;0.13385387618516453;0.2052505966587112
2020-09-26 10:00:00;0.08198549916341327;0.25059665871121717
2020-09-26 11:00:00;0.09258226436140549;0.2186157517899761
2020-09-26 12:00:00;0.0864472950362521;0.25059665871121717
2020-09-26 13:00:00;0.09704406023424428;0.26730310262529833
2020-09-26 14:00:00;0.09369771332961518;0.28066825775656323
2020-09-26 15:00:00;0.11377579475738986;0.2825775656324582
2020-09-26 16:00:00;0.07640825432236475;0.3279236276849642
2020-09-26 17:00:00;0.05967651979921919;0.354653937947494
2020-09-26 18:00:00;0.09481316229782488;0.31217183770883056
2020-09-26 19:00:00;0.07640825432236475;0.31169451073985677
2020-09-26 20:00:00;0.05967651979921919;0.2844868735083532
2020-09-26 21:00:00;0.06469604015616286;0.27780429594272077
2020-09-26 22:00:00;0.03179029559397658;0.31599045346062055
2020-09-26 23:00:00;0.025655326268823202;0.324582338902148
2020-09-27 00:00:00;0.0245398773006135;0.30835322195704057
2020-09-27 01:00:00;0.020078081427774678;0.2821002386634845
2020-09-27 02:00:00;0.020078081427774678;0.26968973747016706
2020-09-27 03:00:00;0.021193530395984386;0.26825775656324585
2020-09-27 04:00:00;0.023424428332403796;0.26252983293556087
2020-09-27 05:00:00;0.03179029559397658;0.24343675417661098
2020-09-27 06:00:00;0.03848298940323481;0.237708830548926
2020-09-27 07:00:00;0.03402119353039599;0.2448687350835322
2020-09-27 08:00:00;0.04461795872838818;0.24534606205250595
2020-09-27 09:00:00;0.051868377021751254;0.2090692124105012
2020-09-27 10:00:00;0.05856107083100949;0.17899761336515513
2020-09-27 11:00:00;0.07863915225878416;0.16467780429594273
2020-09-27 12:00:00;0.0853318460680424;0.1756563245823389
2020-09-27 13:00:00;0.07975460122699386;0.19999999999999998
2020-09-27 14:00:00;0.0853318460680424;0.2071599045346062
2020-09-27 15:00:00;0.10094813162297825;0.1828162291169451
2020-09-27 16:00:00;0.11266034578918015;0.1637231503579952
2020-09-27 17:00:00;0.12437255995538206;0.16945107398568018
2020-09-27 18:00:00;0.1310652537646403;0.16801909307875895
2020-09-27 19:00:00;0.09983268265476855;0.19188544152744633
2020-09-27 20:00:00;0.16397099832682654;0.13126491646778043
2020-09-27 21:00:00;0.17010596765197994;0.09689737470167065
2020-09-27 22:00:00;0.12214166201896264;0.11264916467780431
2020-09-27 23:00:00;0.13720022308979365;0.09021479713603818
2020-09-28 00:00:00;0.1299498047964306;0.07732696897374701
2020-09-28 01:00:00;0.13385387618516453;0.07064439140811456
2020-09-28 02:00:00;0.17568321249302846;0.06252983293556086
2020-09-28 03:00:00;0.25432236475181264;0.02052505966587112
2020-09-28 04:00:00;0.22030117122141665;0.03579952267303103
2020-09-28 05:00:00;0.25432236475181264;0.021479713603818614
2020-09-28 06:00:00;0.24595649749023984;0.02386634844868735
2020-09-28 07:00:00;0.16174010039040715;0.09212410501193317
2020-09-28 08:00:00;0.29057445621862804;0.021479713603818614
2020-09-28 09:00:00;0.27161182375906306;0.02100238663484487
2020-09-28 10:00:00;0.24707194645844957;0.021479713603818614
2020-09-28 11:00:00;0.27161182375906306;0.02100238663484487
2020-09-28 12:00:00;0.27384272169548246;0.021479713603818614
2020-09-28 13:00:00;0.24707194645844957;0.02100238663484487
2020-09-28 14:00:00;0.27495817066369216;0.021479713603818614
2020-09-28 15:00:00;0.27774679308421646;0.02052505966587112
2020-09-28 16:00:00;0.16508644729503624;0.12505966587112172
2020-09-28 17:00:00;0.11489124372559956;0.156563245823389
2020-09-28 18:00:00;0.12771890686001117;0.14988066825775656
2020-09-28 19:00:00;0.22030117122141665;0.020047732696897375
2020-09-28 20:00:00;0.19185722253206922;0.020047732696897375
2020-09-28 21:00:00;0.14277746793084217;0.11264916467780431
2020-09-28 22:00:00;0.030674846625766874;0.24534606205250595
2020-09-28 23:00:00;0.023424428332403796;0.2553699284009546
2020-09-29 00:00:00;0.026770775237032907;0.26252983293556087
2020-09-29 01:00:00;0.028443948689347465;0.25250596658711216
2020-09-29 02:00:00;0.0362520914668154;0.241527446300716
2020-09-29 03:00:00;0.035136642498605694;0.2610978520286396
2020-09-29 04:00:00;0.06915783602900168;0.2448687350835322
2020-09-29 05:00:00;0.14779698828778584;0.17804295942720763
2020-09-29 06:00:00;0.22978248745119914;0.09832935560859189
2020-09-29 07:00:00;0.2766313441160067;0.056324582338902154
2020-09-29 08:00:00;0.27607361963190186;0.0639618138424821
2020-09-29 09:00:00;0.17902955939765758;0.16706443914081145
2020-09-29 10:00:00;0.0864472950362521;0.25632458233890215
2020-09-29 11:00:00;0.12437255995538206;0.22004773269689737
2020-09-29 12:00:00;0.21695482431678756;0.1522673031026253
2020-09-29 13:00:00;0.18181818181818185;0.20047732696897375
2020-09-29 14:00:00;0.18516452872281097;0.19665871121718378
2020-09-29 15:00:00;0.25543781372002233;0.13269689737470167
2020-09-29 16:00:00;0.23870607919687678;0.15465393794749402
2020-09-29 17:00:00;0.22030117122141665;0.16420047732696896
2020-09-29 18:00:00;0.28220858895705525;0.08448687350835322
2020-09-29 19:00:00;0.31399888455103186;0.03532219570405728
2020-09-29 20:00:00;0.2632459564974903;0.043914081145584725
2020-09-29 21:00:00;0.27495817066369216;0.06921241050119331
2020-09-29 22:00:00;0.23089793641940887;0.11599045346062054
2020-09-29 23:00:00;0.24372559955382045;0.08257756563245824
2020-09-30 00:00:00;0.24149470161740105;0.06873508353221958
2020-09-30 01:00:00;0.25432236475181264;0.04200477326968974
2020-09-30 02:00:00;0.21807027328499723;0.059665871121718374
2020-09-30 03:00:00;0.17010596765197994;0.08210023866348448
2020-09-30 04:00:00;0.19353039598438374;0.06539379474940334
2020-09-30 05:00:00;0.18627997769102064;0.07064439140811456
2020-09-30 06:00:00;0.23982152816508648;0.05155131264916468
2020-09-30 07:00:00;0.2766313441160067;0.0477326968973747
2020-09-30 08:00:00;0.27049637479085337;0.06778042959427208
2020-09-30 09:00:00;0.23759063022866708;0.08448687350835322
2020-09-30 10:00:00;0.19464584495259346;0.13985680190930788
2020-09-30 11:00:00;0.20022308979364198;0.1045346062052506
2020-09-30 12:00:00;0.2130507529280536;0.06730310262529833
2020-09-30 13:00:00;0.15114333519241496;0.1369928400954654
2020-09-30 14:00:00;0.13831567205800335;0.17613365155131264
2020-09-30 15:00:00;0.12437255995538206;0.17231503579952268
2020-09-30 16:00:00;0.14054656999442278;0.16945107398568018
2020-09-30 17:00:00;0.2141662018962633;0.12362768496420047
2020-09-30 18:00:00;0.2621305075292806;0.10071599045346062
2020-09-30 19:00:00;0.27384272169548246;0.08448687350835322
2020-09-30 20:00:00;0.2649191299498048;0.07350835322195705
2020-09-30 21:00:00;0.22141662018962635;0.10978520286396182
2020-09-30 22:00:00;0.15448968209704408;0.162291169451074
2020-09-30 23:00:00;0.14054656999442278;0.17136038186157518
2020-10-01 00:00:00;0.11823759063022868;0.18854415274463007
2020-10-01 01:00:00;0.1310652537646403;0.16181384248210023
2020-10-01 02:00:00;0.17679866146123815;0.12124105011933174
2020-10-01 03:00:00;0.12660345789180147;0.160381861575179
2020-10-01 04:00:00;0.10094813162297825;0.17279236276849644
2020-10-01 05:00:00;0.12046848856664807;0.14940334128878283
2020-10-01 06:00:00;0.20022308979364198;0.08448687350835322
2020-10-01 07:00:00;0.16285554935861685;0.10883054892601432
2020-10-01 08:00:00;0.20524261015058565;0.07637231503579953
2020-10-01 09:00:00;0.23312883435582826;0.07159904534606205
2020-10-01 10:00:00;0.19576129392080316;0.10310262529832936
2020-10-01 11:00:00;0.19185722253206922;0.10930787589498805
2020-10-01 12:00:00;0.17345231455660903;0.1269689737470167
2020-10-01 13:00:00;0.2024539877300614;0.1107398568019093
2020-10-01 14:00:00;0.2281093139988846;0.120763723150358
2020-10-01 15:00:00;0.22141662018962635;0.21050119331742245
2020-10-01 16:00:00;0.21918572225320695;0.18186157517899762
2020-10-01 17:00:00;0.2046848856664808;0.14367541766109787
2020-10-01 18:00:00;0.23759063022866708;0.10739856801909307
2020-10-01 19:00:00;0.20970440602342447;0.1279236276849642
2020-10-01 20:00:00;0.20524261015058565;0.1379474940334129
2020-10-01 21:00:00;0.17791411042944785;0.12935560859188544
2020-10-01 22:00:00;0.23424428332403796;0.09451073985680192
2020-10-01 23:00:00;0.2649191299498048;0.07637231503579953
2020-10-02 00:00:00;0.29392080312325713;0.04582338902147971
2020-10-02 01:00:00;0.29280535415504744;0.02673031026252983
2020-10-02 02:00:00;0.24595649749023984;0.045346062052505964
2020-10-02 03:00:00;0.13720022308979365;0.13842482100238662
2020-10-02 04:00:00;0.10764082543223649;0.14558472553699284
2020-10-02 05:00:00;0.15225878416062466;0.11264916467780431
2020-10-02 06:00:00;0.19799219185722255;0.08544152744630071
2020-10-02 07:00:00;0.21695482431678756;0.08687350835322195
2020-10-02 08:00:00;0.17679866146123815;0.11312649164677804
2020-10-02 09:00:00;0.17902955939765758;0.11646778042959427
2020-10-02 10:00:00;0.17679866146123815;0.12410501193317422
2020-10-02 11:00:00;0.17010596765197994;0.12410501193317422
2020-10-02 12:00:00;0.16843279419966536;0.13269689737470167
2020-10-02 13:00:00;0.15950920245398773;0.14367541766109787
2020-10-02 14:00:00;0.16508644729503624;0.14367541766109787
2020-10-02 15:00:00;0.22364751812604577;0.10214797136038185
2020-10-02 16:00:00;0.23424428332403796;0.1026252983293556
2020-10-02 17:00:00;0.20133853876185168;0.118854415274463
2020-10-02 18:00:00;0.2024539877300614;0.120763723150358
2020-10-02 19:00:00;0.17122141662018964;0.1379474940334129
2020-10-02 20:00:00;0.12437255995538206;0.17852028639618137
2020-10-02 21:00:00;0.14054656999442278;0.1684964200477327
2020-10-02 22:00:00;0.12437255995538206;0.1747016706443914
2020-10-02 23:00:00;0.10540992749581707;0.1756563245823389
2020-10-03 00:00:00;0.08310094813162298;0.1899761336515513
2020-10-03 01:00:00;0.07138873396542109;0.1971360381861575
2020-10-03 02:00:00;0.0736196319018405;0.19474940334128876
2020-10-03 03:00:00;0.06804238706079196;0.18615751789976134
2020-10-03 04:00:00;0.0747350808700502;0.1756563245823389
2020-10-03 05:00:00;0.06692693809258227;0.17517899761336517
2020-10-03 06:00:00;0.09704406023424428;0.14653937947494033
2020-10-03 07:00:00;0.12660345789180147;0.1107398568019093
2020-10-03 08:00:00;0.15672058003346348;0.0782816229116945
2020-10-03 09:00:00;0.20356943669827107;0.04677804295942721
2020-10-03 10:00:00;0.21918572225320695;0.11026252983293557
2020-10-03 11:00:00;0.19576129392080316;0.13126491646778043
2020-10-03 12:00:00;0.19799219185722255;0.12649164677804295
2020-10-03 13:00:00;0.16397099832682654;0.16945107398568018
2020-10-03 14:00:00;0.20635805911879535;0.13126491646778043
2020-10-03 15:00:00;0.1310652537646403;0.18377088305489261
2020-10-03 16:00:00;0.18739542665923037;0.13651551312649166
2020-10-03 17:00:00;0.18126045733407697;0.1431980906921241
2020-10-03 18:00:00;0.2024539877300614;0.12028639618138424
2020-10-03 19:00:00;0.23759063022866708;0.08782816229116945
2020-10-03 20:00:00;0.20747350808700504;0.09689737470167065
2020-10-03 21:00:00;0.2621305075292806;0.05346062052505966
2020-10-03 22:00:00;0.20356943669827107;0.1035799522673031
2020-10-03 23:00:00;0.13385387618516453;0.14749403341288783
2020-10-04 00:00:00;0.18293363078639158;0.09355608591885442
2020-10-04 01:00:00;0.21081985499163416;0.07350835322195705
2020-10-04 02:00:00;0.17568321249302846;0.10214797136038185
2020-10-04 03:00:00;0.16062465142219745;0.10692124105011933
2020-10-04 04:00:00;0.12548800892359177;0.15847255369928404
2020-10-04 05:00:00;0.11712214166201898;0.14749403341288783
2020-10-04 06:00:00;0.14779698828778584;0.10023866348448687
2020-10-04 07:00:00;0.10429447852760737;0.15178997613365156
2020-10-04 08:00:00;0.07975460122699386;0.2052505966587112
2020-10-04 09:00:00;0.09481316229782488;0.2634844868735084
2020-10-04 10:00:00;0.09146681539319576;0.2558472553699284
2020-10-04 11:00:00;0.08310094813162298;0.23675417661097853
2020-10-04 12:00:00;0.05744562186279978;0.25059665871121717
2020-10-04 13:00:00;0.05967651979921919;0.2744630071599045
2020-10-04 14:00:00;0.07027328499721139;0.2782816229116945
2020-10-04 15:00:00;0.05967651979921919;0.2916467780429594
2020-10-04 16:00:00;0.06915783602900168;0.2921241050119332
2020-10-04 17:00:00;0.08812046848856665;0.2663484486873508
2020-10-04 18:00:00;0.11712214166201898;0.25107398568019096
2020-10-04 19:00:00;0.10317902955939767;0.24725536992840094
2020-10-04 20:00:00;0.11823759063022868;0.23054892601431978
2020-10-04 21:00:00;0.12325711098717233;0.20143198090692124
2020-10-04 22:00:00;0.0725041829336308;0.2315035799522673
2020-10-04 23:00:00;0.09369771332961518;0.19761336515513125
2020-10-05 00:00:00;0.12046848856664807;0.1909307875894988
2020-10-05 01:00:00;0.06469604015616286;0.23627684964200477
2020-10-05 02:00:00;0.0619074177356386;0.237708830548926
2020-10-05 03:00:00;0.08198549916341327;0.21575178997613367
2020-10-05 04:00:00;0.0736196319018405;0.24439140811455848
2020-10-05 05:00:00;0.09146681539319576;0.2233890214797136
2020-10-05 06:00:00;0.14054656999442278;0.18711217183770884
2020-10-05 07:00:00;0.17010596765197994;0.156563245823389
2020-10-05 08:00:00;0.19576129392080316;0.12124105011933174
2020-10-05 09:00:00;0.17122141662018964;0.1279236276849642
2020-10-05 10:00:00;0.12883435582822086;0.1632458233890215
2020-10-05 11:00:00;0.12325711098717233;0.15178997613365156
2020-10-05 12:00:00;0.16397099832682654;0.1350835322195704
2020-10-05 13:00:00;0.15448968209704408;0.15178997613365156
2020-10-05 14:00:00;0.17568321249302846;0.16276849642004773
2020-10-05 15:00:00;0.16620189626324597;0.17517899761336517
2020-10-05 16:00:00;0.18181818181818185;0.16420047732696896
2020-10-05 17:00:00;0.18516452872281097;0.13747016706443915
2020-10-05 18:00:00;0.1801450083658673;0.15799522673031027
2020-10-05 19:00:00;0.1450083658672616;0.18615751789976134
2020-10-05 20:00:00;0.16397099832682654;0.15465393794749402
2020-10-05 21:00:00;0.22587841606246517;0.09928400954653939
2020-10-05 22:00:00;0.19464584495259346;0.11312649164677804
2020-10-05 23:00:00;0.14166201896263247;0.16801909307875895
2020-10-06 00:00:00;0.15950920245398773;0.14272076372315035
2020-10-06 01:00:00;0.12214166201896264;0.18902147971360383
2020-10-06 02:00:00;0.098159509202454;0.2152744630071599
2020-10-06 03:00:00;0.13329615170105968;0.20238663484486874
2020-10-06 04:00:00;0.1450083658672616;0.19522673031026253
2020-10-06 05:00:00;0.12883435582822086;0.18902147971360383
2020-10-06 06:00:00;0.15727830451756833;0.14367541766109787
2020-10-06 07:00:00;0.15950920245398773;0.12983293556085918
2020-10-06 08:00:00;0.10987172336865589;0.16801909307875895
2020-10-06 09:00:00;0.12548800892359177;0.15608591885441528
2020-10-06 10:00:00;0.16062465142219745;0.13651551312649166
2020-10-06 11:00:00;0.16731734523145567;0.16181384248210023
2020-10-06 12:00:00;0.10094813162297825;0.21957040572792363
2020-10-06 13:00:00;0.06692693809258227;0.24439140811455848
2020-10-06 14:00:00;0.08087005019520357;0.2324582338902148
2020-10-06 15:00:00;0.08700501952035695;0.23961813842482102
2020-10-06 16:00:00;0.12548800892359177;0.22195704057279236
2020-10-06 17:00:00;0.17456776352481876;0.19236276849642003
2020-10-06 18:00:00;0.20970440602342447;0.1513126491646778
2020-10-06 19:00:00;0.20133853876185168;0.15894988066825774
2020-10-06 20:00:00;0.23424428332403796;0.12267303102625297
2020-10-06 21:00:00;0.19576129392080316;0.17279236276849644
2020-10-06 22:00:00;0.20747350808700504;0.14988066825775656
2020-10-06 23:00:00;0.12548800892359177;0.18329355608591885
2020-10-07 00:00:00;0.07863915225878416;0.2052505966587112
2020-10-07 01:00:00;0.09146681539319576;0.17326968973747015
2020-10-07 02:00:00;0.0736196319018405;0.19665871121718378
2020-10-07 03:00:00;0.05967651979921919;0.19809069212410502
2020-10-07 04:00:00;0.05633017289459007;0.21670644391408114
2020-10-07 05:00:00;0.09481316229782488;0.20859188544152746
2020-10-07 06:00:00;0.14277746793084217;0.18663484486873508
2020-10-07 07:00:00;0.16174010039040715;0.17517899761336517
2020-10-07 08:00:00;0.15225878416062466;0.18758949880668258
2020-10-07 09:00:00;0.11266034578918015;0.22052505966587113
2020-10-07 10:00:00;0.11935303959843838;0.2324582338902148
2020-10-07 11:00:00;0.12437255995538206;0.23389021479713604
2020-10-07 12:00:00;0.0747350808700502;0.2572792362768496
2020-10-07 13:00:00;0.06804238706079196;0.2663484486873508
2020-10-07 14:00:00;0.0736196319018405;0.2763723150357995
2020-10-07 15:00:00;0.08923591745677636;0.25441527446300716
2020-10-07 16:00:00;0.10652537646402677;0.24964200477326967
2020-10-07 17:00:00;0.12437255995538206;0.21479713603818615
2020-10-07 18:00:00;0.11042944785276075;0.24630071599045347
2020-10-07 19:00:00;0.20747350808700504;0.15990453460620524
2020-10-07 20:00:00;0.2587841606246515;0.13365155131264916
2020-10-07 21:00:00;0.13943112102621305;0.2071599045346062
2020-10-07 22:00:00;0.25655326268823203;0.09498806682577565
2020-10-07 23:00:00;0.2024539877300614;0.11360381861575179
2020-10-08 00:00:00;0.18962632459564976;0.10167064439140812
2020-10-08 01:00:00;0.16731734523145567;0.12410501193317422
2020-10-08 02:00:00;0.14166201896263247;0.13031026252983294
2020-10-08 03:00:00;0.13218070273285;0.1360381861575179
2020-10-08 04:00:00;0.09369771332961518;0.16754176610978522
2020-10-08 05:00:00;0.08923591745677636;0.1937947494033413
2020-10-08 06:00:00;0.13496932515337423;0.15417661097852028
2020-10-08 07:00:00;0.16285554935861685;0.11742243436754177
2020-10-08 08:00:00;0.12548800892359177;0.15465393794749402
2020-10-08 09:00:00;0.12660345789180147;0.15274463007159905
2020-10-08 10:00:00;0.10317902955939767;0.17899761336515513
2020-10-08 11:00:00;0.11935303959843838;0.1747016706443914
2020-10-08 12:00:00;0.1695482431678751;0.13126491646778043
2020-10-08 13:00:00;0.18181818181818185;0.12553699284009548
2020-10-08 14:00:00;0.18293363078639158;0.14033412887828162
2020-10-08 15:00:00;0.17902955939765758;0.11789976133651552
2020-10-08 16:00:00;0.12214166201896264;0.18329355608591885
2020-10-08 17:00:00;0.07640825432236475;0.2539379474940334
2020-10-08 18:00:00;0.05967651979921919;0.27780429594272077
2020-10-08 19:00:00;0.0619074177356386;0.27541766109785204
2020-10-08 20:00:00;0.06358059118795314;0.2701670644391408
2020-10-08 21:00:00;0.04796430563301729;0.29260143198090693
2020-10-08 22:00:00;0.06581148912437255;0.25011933174224343
2020-10-08 23:00:00;0.0747350808700502;0.2534606205250597
2020-10-09 00:00:00;0.054099274958170664;0.25059665871121717
2020-10-09 01:00:00;0.06692693809258227;0.2090692124105012
2020-10-09 02:00:00;0.07529280535415506;0.19188544152744633
2020-10-09 03:00:00;0.18293363078639158;0.120763723150358
2020-10-09 04:00:00;0.22476296709425547;0.10119331742243437
2020-10-09 05:00:00;0.2515337423312884;0.0730310262529833
2020-10-09 06:00:00;0.33630786391522594;0.031026252983293555
2020-10-09 07:00:00;0.31399888455103186;0.04009546539379475
2020-10-09 08:00:00;0.3022866703848299;0.049164677804295946
2020-10-09 09:00:00;0.2576687116564418;0.09164677804295943
2020-10-09 10:00:00;0.21081985499163416;0.15083532219570406
2020-10-09 11:00:00;0.1438929168990519;0.18615751789976134
2020-10-09 12:00:00;0.11266034578918015;0.20334128878281624
2020-10-09 13:00:00;0.06581148912437255;0.2964200477326969
2020-10-09 14:00:00;0.0619074177356386;0.31217183770883056
2020-10-09 15:00:00;0.07640825432236475;0.30405727923627685
2020-10-09 16:00:00;0.10429447852760737;0.2801909307875895
2020-10-09 17:00:00;0.13385387618516453;0.2610978520286396
2020-10-09 18:00:00;0.2269938650306749;0.18424821002386635
2020-10-09 19:00:00;0.2649191299498048;0.15417661097852028
2020-10-09 20:00:00;0.09146681539319576;0.26873508353221953
2020-10-09 21:00:00;0.060791968767428886;0.2911694510739857
2020-10-09 22:00:00;0.10429447852760737;0.22816229116945105
2020-10-09 23:00:00;0.14166201896263247;0.21957040572792363
2020-10-10 00:00:00;0.0736196319018405;0.2835322195704057
2020-10-10 01:00:00;0.0630228667038483;0.2954653937947494
2020-10-10 02:00:00;0.051868377021751254;0.3050119331742243
2020-10-10 03:00:00;0.05633017289459007;0.3026252983293556
2020-10-10 04:00:00;0.08198549916341327;0.26730310262529833
2020-10-10 05:00:00;0.10429447852760737;0.2558472553699284
2020-10-10 06:00:00;0.09258226436140549;0.26730310262529833
2020-10-10 07:00:00;0.11154489682097045;0.24821002386634844
2020-10-10 08:00:00;0.12771890686001117;0.2477326968973747
2020-10-10 09:00:00;0.07752370329057445;0.28735083532219574
2020-10-10 10:00:00;0.050752928053541556;0.30787589498806683
2020-10-10 11:00:00;0.051868377021751254;0.3011933174224344
2020-10-10 12:00:00;0.0619074177356386;0.29832935560859186
2020-10-10 13:00:00;0.07975460122699386;0.27350835322195705
2020-10-10 14:00:00;0.08812046848856665;0.2749403341288783
2020-10-10 15:00:00;0.11712214166201898;0.24343675417661098
2020-10-10 16:00:00;0.12437255995538206;0.21575178997613367
2020-10-10 17:00:00;0.08198549916341327;0.2529832935560859
2020-10-10 18:00:00;0.10206358059118796;0.22816229116945105
2020-10-10 19:00:00;0.15560513106525378;0.15894988066825774
2020-10-10 20:00:00;0.19185722253206922;0.1360381861575179
2020-10-10 21:00:00;0.16285554935861685;0.1575178997613365
2020-10-10 22:00:00;0.18627997769102064;0.1317422434367542
2020-10-10 23:00:00;0.2163970998326827;0.10835322195704057
2020-10-11 00:00:00;0.25432236475181264;0.05441527446300716
2020-10-11 01:00:00;0.21918572225320695;0.1026252983293556
2020-10-11 02:00:00;0.14054656999442278;0.1828162291169451
2020-10-11 03:00:00;0.10206358059118796;0.22482100238663486
2020-10-11 04:00:00;0.09035136642498606;0.19665871121718378
2020-10-11 05:00:00;0.10875627440044619;0.2143198090692124
2020-10-11 06:00:00;0.07027328499721139;0.2214797136038186
2020-10-11 07:00:00;0.12883435582822086;0.19952267303102625
2020-10-11 08:00:00;0.2281093139988846;0.1269689737470167
2020-10-11 09:00:00;0.23982152816508648;0.09785202863961814
2020-10-11 10:00:00;0.18126045733407697;0.14988066825775656
2020-10-11 11:00:00;0.11489124372559956;0.25202863961813843
2020-10-11 12:00:00;0.0501952035694367;0.3298329355608592
2020-10-11 13:00:00;0.0501952035694367;0.3331742243436754
2020-10-11 14:00:00;0.04015616285554936;0.3465393794749403
2020-10-11 15:00:00;0.04461795872838818;0.34415274463007156
2020-10-11 16:00:00;0.05744562186279978;0.3436754176610978
2020-10-11 17:00:00;0.05856107083100949;0.315035799522673
2020-10-11 18:00:00;0.07027328499721139;0.3054892601431981
2020-10-11 19:00:00;0.0630228667038483;0.3016706443914081
2020-10-11 20:00:00;0.0725041829336308;0.2844868735083532
2020-10-11 21:00:00;0.08923591745677636;0.24248210023866348
2020-10-11 22:00:00;0.09035136642498606;0.22816229116945105
2020-10-11 23:00:00;0.07027328499721139;0.2663484486873508
2020-10-12 00:00:00;0.04573340769659788;0.23914081145584726
2020-10-12 01:00:00;0.05856107083100949;0.19761336515513125
2020-10-12 02:00:00;0.07138873396542109;0.1880668257756563
2020-10-12 03:00:00;0.05856107083100949;0.25823389021479715
2020-10-12 04:00:00;0.06469604015616286;0.24391408114558474
2020-10-12 05:00:00;0.20747350808700504;0.12315035799522674
2020-10-12 06:00:00;0.3842721695482432;0.029116945107398567
2020-10-12 07:00:00;0.3876185164528723;0.02577565632458234
2020-10-12 08:00:00;0.3608477412158394;0.05107398568019093
2020-10-12 09:00:00;0.28220858895705525;0.13221957040572793
2020-10-12 10:00:00;0.13608477412158393;0.2458233890214797
2020-10-12 11:00:00;0.09871723368655884;0.27923627684964203
2020-10-12 12:00:00;0.098159509202454;0.2878281622911694
2020-10-12 13:00:00;0.08310094813162298;0.29880668257756565
2020-10-12 14:00:00;0.11154489682097045;0.2854415274463007
2020-10-12 15:00:00;0.10429447852760737;0.28735083532219574
2020-10-12 16:00:00;0.11712214166201898;0.2534606205250597
2020-10-12 17:00:00;0.13218070273285;0.2214797136038186
2020-10-12 18:00:00;0.19910764082543228;0.16945107398568018
2020-10-12 19:00:00;0.27161182375906306;0.10214797136038185
2020-10-12 20:00:00;0.2950362520914669;0.06109785202863962
2020-10-12 21:00:00;0.32459564974902405;0.04200477326968974
2020-10-12 22:00:00;0.2671500278862243;0.06730310262529833
2020-10-12 23:00:00;0.27997769102063585;0.05393794749403342
2020-10-13 00:00:00;0.20747350808700504;0.10835322195704057
2020-10-13 01:00:00;0.15950920245398773;0.13126491646778043
2020-10-13 02:00:00;0.25432236475181264;0.06252983293556086
2020-10-13 03:00:00;0.23089793641940887;0.0711217183770883
2020-10-13 04:00:00;0.20747350808700504;0.0730310262529833
2020-10-13 05:00:00;0.19799219185722255;0.07541766109785203
2020-10-13 06:00:00;0.23424428332403796;0.04582338902147971
2020-10-13 07:00:00;0.22866703848298942;0.04152744630071599
2020-10-13 08:00:00;0.22476296709425547;0.052983293556085914
2020-10-13 09:00:00;0.20356943669827107;0.07494033412887828
2020-10-13 10:00:00;0.17902955939765758;0.09355608591885442
2020-10-13 11:00:00;0.17233686558839934;0.12601431980906921
2020-10-13 12:00:00;0.15114333519241496;0.15847255369928404
2020-10-13 13:00:00;0.15114333519241496;0.1880668257756563
2020-10-13 14:00:00;0.14556609035136642;0.20859188544152746
2020-10-13 15:00:00;0.15950920245398773;0.18854415274463007
2020-10-13 16:00:00;0.18126045733407697;0.1513126491646778
2020-10-13 17:00:00;0.19799219185722255;0.12744630071599045
2020-10-13 18:00:00;0.23870607919687678;0.07541766109785203
2020-10-13 19:00:00;0.2649191299498048;0.05393794749403342
2020-10-13 20:00:00;0.24484104852203017;0.07732696897374701
2020-10-13 21:00:00;0.23089793641940887;0.08782816229116945
2020-10-13 22:00:00;0.17456776352481876;0.11408114558472553
2020-10-13 23:00:00;0.1801450083658673;0.10644391408114559
2020-10-14 00:00:00;0.15225878416062466;0.1269689737470167
2020-10-14 01:00:00;0.12214166201896264;0.12935560859188544
2020-10-14 02:00:00;0.12548800892359177;0.1035799522673031
2020-10-14 03:00:00;0.11712214166201898;0.10930787589498805
2020-10-14 04:00:00;0.14779698828778584;0.08496420047732697
2020-10-14 05:00:00;0.22030117122141665;0.043914081145584725
2020-10-14 06:00:00;0.2632459564974903;0.03198090692124105
2020-10-14 07:00:00;0.28332403792526495;0.03914081145584725
2020-10-14 08:00:00;0.29168990518683774;0.05441527446300716
2020-10-14 09:00:00;0.24149470161740105;0.09498806682577565
2020-10-14 10:00:00;0.21807027328499723;0.11360381861575179
2020-10-14 11:00:00;0.1885108756274401;0.14558472553699284
2020-10-14 12:00:00;0.15225878416062466;0.1747016706443914
2020-10-14 13:00:00;0.13720022308979365;0.18520286396181382
2020-10-14 14:00:00;0.15114333519241496;0.20190930787589498
2020-10-14 15:00:00;0.16174010039040715;0.21145584725536992
2020-10-14 16:00:00;0.15560513106525378;0.21622911694510738
2020-10-14 17:00:00;0.1695482431678751;0.2081145584725537
2020-10-14 18:00:00;0.17345231455660903;0.17852028639618137
2020-10-14 19:00:00;0.17456776352481876;0.15417661097852028
2020-10-14 20:00:00;0.17902955939765758;0.14367541766109787
2020-10-14 21:00:00;0.15950920245398773;0.15083532219570406
2020-10-14 22:00:00;0.14054656999442278;0.14797136038186157
2020-10-14 23:00:00;0.11935303959843838;0.1684964200477327
2020-10-15 00:00:00;0.08087005019520357;0.19427207637231506
2020-10-15 01:00:00;0.06804238706079196;0.19904534606205251
2020-10-15 02:00:00;0.0619074177356386;0.20668257756563244
2020-10-15 03:00:00;0.06915783602900168;0.2143198090692124
2020-10-15 04:00:00;0.12548800892359177;0.18138424821002386
2020-10-15 05:00:00;0.2046848856664808;0.13078758949880667
2020-10-15 06:00:00;0.2610150585610709;0.09785202863961814
2020-10-15 07:00:00;0.29392080312325713;0.059665871121718374
2020-10-15 08:00:00;0.2598996095928612;0.07589498806682578
2020-10-15 09:00:00;0.2163970998326827;0.11980906921241051
2020-10-15 10:00:00;0.13831567205800335;0.20143198090692124
2020-10-15 11:00:00;0.13943112102621305;0.19618138424821002
2020-10-15 12:00:00;0.16062465142219745;0.1775656324582339
2020-10-15 13:00:00;0.13218070273285;0.2171837708830549
2020-10-15 14:00:00;0.15225878416062466;0.19331742243436753
2020-10-15 15:00:00;0.15448968209704408;0.2009546539379475
2020-10-15 16:00:00;0.15448968209704408;0.20190930787589498
2020-10-15 17:00:00;0.15002788622420524;0.19331742243436753
2020-10-15 18:00:00;0.16397099832682654;0.17708830548926016
2020-10-15 19:00:00;0.20133853876185168;0.13126491646778043
2020-10-15 20:00:00;0.21193530395984386;0.11789976133651552
2020-10-15 21:00:00;0.17902955939765758;0.1470167064439141
2020-10-15 22:00:00;0.15672058003346348;0.14940334128878283
2020-10-15 23:00:00;0.11935303959843838;0.18758949880668258
2020-10-16 00:00:00;0.10317902955939767;0.17852028639618137
2020-10-16 01:00:00;0.13720022308979365;0.13365155131264916
2020-10-16 02:00:00;0.14668153931957614;0.10501193317422435
2020-10-16 03:00:00;0.15727830451756833;0.0873508353221957
2020-10-16 04:00:00;0.17122141662018964;0.06205250596658711
2020-10-16 05:00:00;0.24484104852203017;0.049642004773269695
2020-10-16 06:00:00;0.3022866703848299;0.03007159904534606
2020-10-16 07:00:00;0.30897936419408817;0.031503579952267304
2020-10-16 08:00:00;0.31846068042387066;0.045346062052505964
2020-10-16 09:00:00;0.29280535415504744;0.06300715990453461
2020-10-16 10:00:00;0.2269938650306749;0.13126491646778043
2020-10-16 11:00:00;0.15002788622420524;0.20572792362768497
2020-10-16 12:00:00;0.13329615170105968;0.22911694510739858
2020-10-16 13:00:00;0.12325711098717233;0.23914081145584726
2020-10-16 14:00:00;0.14891243725599554;0.22577565632458232
2020-10-16 15:00:00;0.18516452872281097;0.20238663484486874
2020-10-16 16:00:00;0.17791411042944785;0.19474940334128876
2020-10-16 17:00:00;0.28220858895705525;0.10739856801909307
2020-10-16 18:00:00;0.35694366982710546;0.03389021479713604
2020-10-16 19:00:00;0.35359732292247636;0.02673031026252983
2020-10-16 20:00:00;0.33965421081985503;0.024821002386634847
2020-10-16 21:00:00;0.33519241494701624;0.025298329355608593
2020-10-16 22:00:00;0.3407696597880647;0.02577565632458234
2020-10-16 23:00:00;0.31622978248745126;0.024821002386634847
2020-10-17 00:00:00;0.2972671500278863;0.024821002386634847
2020-10-17 01:00:00;0.2788622420524261;0.026252983293556086
2020-10-17 02:00:00;0.2766313441160067;0.029594272076372316
2020-10-17 03:00:00;0.33519241494701624;0.032458233890214794
2020-10-17 04:00:00;0.31846068042387066;0.02386634844868735
2020-10-17 05:00:00;0.33017289459007254;0.024821002386634847
2020-10-17 06:00:00;0.31622978248745126;0.024343675417661095
2020-10-17 07:00:00;0.3234802007808143;0.025298329355608593
2020-10-17 08:00:00;0.29615170105967653;0.027684964200477325
2020-10-17 09:00:00;0.245398773006135;0.1116945107398568
2020-10-17 10:00:00;0.24762967094255442;0.12458233890214798
2020-10-17 11:00:00;0.22643614054657002;0.11599045346062054
2020-10-17 12:00:00;0.26045733407696603;0.08926014319809068
2020-10-17 13:00:00;0.23591745677635254;0.11360381861575179
2020-10-17 14:00:00;0.16062465142219745;0.16610978520286396
2020-10-17 15:00:00;0.2314556609035137;0.13221957040572793
2020-10-17 16:00:00;0.22197434467373123;0.118854415274463
2020-10-17 17:00:00;0.25320691578360294;0.08400954653937948
2020-10-17 18:00:00;0.2872281093139989;0.04677804295942721
2020-10-17 19:00:00;0.2872281093139989;0.027684964200477325
2020-10-17 20:00:00;0.31121026213050756;0.02243436754176611
2020-10-17 21:00:00;0.28611266034578925;0.023389021479713605
2020-10-17 22:00:00;0.2649191299498048;0.023389021479713605
2020-10-17 23:00:00;0.2587841606246515;0.02243436754176611
2020-10-18 00:00:00;0.27161182375906306;0.022911694510739856
2020-10-18 01:00:00;0.23926380368098166;0.023389021479713605
2020-10-18 02:00:00;0.25599553820412724;0.02243436754176611
2020-10-18 03:00:00;0.2615727830451757;0.021957040572792363
2020-10-18 04:00:00;0.2526491912994981;0.02243436754176611
2020-10-18 05:00:00;0.2504182933630787;0.024821002386634847
2020-10-18 06:00:00;0.26045733407696603;0.023389021479713605
2020-10-18 07:00:00;0.28834355828220865;0.02243436754176611
2020-10-18 08:00:00;0.2660345789180145;0.024821002386634847
2020-10-18 09:00:00;0.27161182375906306;0.028639618138424822
2020-10-18 10:00:00;0.23535973229224766;0.11408114558472553
2020-10-18 11:00:00;0.08031232571109871;0.24295942720763722
2020-10-18 12:00:00;0.06134969325153375;0.2863961813842482
2020-10-18 13:00:00;0.0501952035694367;0.31026252983293556
2020-10-18 14:00:00;0.06023424428332404;0.31026252983293556
2020-10-18 15:00:00;0.060791968767428886;0.30023866348448686
2020-10-18 16:00:00;0.06860011154489683;0.30405727923627685
2020-10-18 17:00:00;0.0864472950362521;0.2801909307875895
2020-10-18 18:00:00;0.12771890686001117;0.25250596658711216
2020-10-18 19:00:00;0.10317902955939767;0.2663484486873508
2020-10-18 20:00:00;0.1299498047964306;0.2315035799522673
2020-10-18 21:00:00;0.245398773006135;0.1317422434367542
2020-10-18 22:00:00;0.31399888455103186;0.07350835322195705
2020-10-18 23:00:00;0.16341327384272172;0.20047732696897375
2020-10-19 00:00:00;0.10764082543223649;0.21670644391408114
2020-10-19 01:00:00;0.098159509202454;0.19952267303102625
2020-10-19 02:00:00;0.19687674288901286;0.13412887828162293
2020-10-19 03:00:00;0.1399888455103179;0.1775656324582339
2020-10-19 04:00:00;0.20803123257110992;0.14033412887828162
2020-10-19 05:00:00;0.27607361963190186;0.06873508353221958
2020-10-19 06:00:00;0.34355828220858897;0.02720763723150358
2020-10-19 07:00:00;0.3452314556609036;0.02720763723150358
2020-10-19 08:00:00;0.29782487451199113;0.036754176610978524
2020-10-19 09:00:00;0.2788622420524261;0.03818615751789976
2020-10-19 10:00:00;0.2732849972113776;0.05536992840095465
2020-10-19 11:00:00;0.29057445621862804;0.05489260143198091
2020-10-19 12:00:00;0.26826547685443397;0.08496420047732697
2020-10-19 13:00:00;0.2621305075292806;0.11789976133651552
2020-10-19 14:00:00;0.22866703848298942;0.17708830548926016
2020-10-19 15:00:00;0.19743446737311773;0.21336515513126492
2020-10-19 16:00:00;0.2649191299498048;0.15894988066825774
2020-10-19 17:00:00;0.32571109871723375;0.0964200477326969
2020-10-19 18:00:00;0.39040713887339656;0.03914081145584725
2020-10-19 19:00:00;0.32403792526491915;0.07780429594272077
2020-10-19 20:00:00;0.3006134969325154;0.09116945107398569
2020-10-19 21:00:00;0.2933630786391523;0.08591885441527446
2020-10-19 22:00:00;0.25655326268823203;0.09594272076372316
2020-10-19 23:00:00;0.23312883435582826;0.12601431980906921
2020-10-20 00:00:00;0.16787506971556052;0.1794749403341289
2020-10-20 01:00:00;0.15337423312883436;0.17852028639618137
2020-10-20 02:00:00;0.16787506971556052;0.15560859188544154
2020-10-20 03:00:00;0.18627997769102064;0.1269689737470167
2020-10-20 04:00:00;0.18293363078639158;0.12124105011933174
2020-10-20 05:00:00;0.23535973229224766;0.06968973747016706
2020-10-20 06:00:00;0.2788622420524261;0.04582338902147971
2020-10-20 07:00:00;0.27607361963190186;0.04248210023866349
2020-10-20 08:00:00;0.2721695482431679;0.04868735083532219
2020-10-20 09:00:00;0.27384272169548246;0.05107398568019093
2020-10-20 10:00:00;0.22587841606246517;0.09116945107398569
2020-10-20 11:00:00;0.18126045733407697;0.13412887828162293
2020-10-20 12:00:00;0.18126045733407697;0.1594272076372315
2020-10-20 13:00:00;0.18126045733407697;0.12267303102625297
2020-10-20 14:00:00;0.2024539877300614;0.11646778042959427
2020-10-20 15:00:00;0.18181818181818185;0.14176610978520285
2020-10-20 16:00:00;0.2130507529280536;0.11837708830548926
2020-10-20 17:00:00;0.18739542665923037;0.1460620525059666
2020-10-20 18:00:00;0.15114333519241496;0.17708830548926016
2020-10-20 19:00:00;0.14166201896263247;0.1775656324582339
2020-10-20 20:00:00;0.14277746793084217;0.1756563245823389
2020-10-20 21:00:00;0.10429447852760737;0.20334128878281624
2020-10-20 22:00:00;0.11377579475738986;0.18186157517899762
2020-10-20 23:00:00;0.1907417735638595;0.11551312649164677
2020-10-21 00:00:00;0.20858895705521477;0.09737470167064438
2020-10-21 01:00:00;0.15839375348577803;0.12744630071599045
2020-10-21 02:00:00;0.08923591745677636;0.18329355608591885
2020-10-21 03:00:00;0.09369771332961518;0.1737470167064439
2020-10-21 04:00:00;0.08421639709983268;0.1828162291169451
2020-10-21 05:00:00;0.11377579475738986;0.156563245823389
2020-10-21 06:00:00;0.15225878416062466;0.1288782816229117
2020-10-21 07:00:00;0.17010596765197994;0.13460620525059666
2020-10-21 08:00:00;0.17010596765197994;0.16945107398568018
2020-10-21 09:00:00;0.16508644729503624;0.1637231503579952
2020-10-21 10:00:00;0.1450083658672616;0.19427207637231506
2020-10-21 11:00:00;0.13329615170105968;0.23054892601431978
2020-10-21 12:00:00;0.1299498047964306;0.23484486873508353
2020-10-21 13:00:00;0.13831567205800335;0.2587112171837709
2020-10-21 14:00:00;0.09481316229782488;0.29594272076372313
2020-10-21 15:00:00;0.08923591745677636;0.2840095465393795
2020-10-21 16:00:00;0.10652537646402677;0.26252983293556087
2020-10-21 17:00:00;0.10094813162297825;0.27971360381861576
2020-10-21 18:00:00;0.11823759063022868;0.2587112171837709
2020-10-21 19:00:00;0.11600669269380927;0.2539379474940334
2020-10-21 20:00:00;0.14166201896263247;0.24343675417661098
2020-10-21 21:00:00;0.10652537646402677;0.2649164677804296
2020-10-21 22:00:00;0.1885108756274401;0.20668257756563244
2020-10-21 23:00:00;0.19353039598438374;0.19236276849642003
2020-10-22 00:00:00;0.12548800892359177;0.23341288782816227
2020-10-22 01:00:00;0.08421639709983268;0.24725536992840094
2020-10-22 02:00:00;0.09871723368655884;0.24009546539379473
2020-10-22 03:00:00;0.10764082543223649;0.21766109785202864
2020-10-22 04:00:00;0.12046848856664807;0.1899761336515513
2020-10-22 05:00:00;0.11600669269380927;0.18949880668257757
2020-10-22 06:00:00;0.13831567205800335;0.18090692124105012
2020-10-22 07:00:00;0.11266034578918015;0.19331742243436753
2020-10-22 08:00:00;0.1299498047964306;0.2009546539379475
2020-10-22 09:00:00;0.15727830451756833;0.18377088305489261
2020-10-22 10:00:00;0.14556609035136642;0.20190930787589498
2020-10-22 11:00:00;0.17345231455660903;0.1775656324582339
2020-10-22 12:00:00;0.18516452872281097;0.17899761336515513
2020-10-22 13:00:00;0.1310652537646403;0.2534606205250597
2020-10-22 14:00:00;0.1215839375348578;0.26014319809069214
2020-10-22 15:00:00;0.10652537646402677;0.28114558472553697
2020-10-22 16:00:00;0.15672058003346348;0.23102625298329355
2020-10-22 17:00:00;0.2660345789180145;0.1331742243436754
2020-10-22 18:00:00;0.3418851087562745;0.09116945107398569
2020-10-22 19:00:00;0.3067484662576687;0.10310262529832936
2020-10-22 20:00:00;0.2950362520914669;0.10739856801909307
2020-10-22 21:00:00;0.2877858337981038;0.09689737470167065
2020-10-22 22:00:00;0.25543781372002233;0.12983293556085918
2020-10-22 23:00:00;0.23312883435582826;0.13460620525059666
2020-10-23 00:00:00;0.2587841606246515;0.10692124105011933
2020-10-23 01:00:00;0.27049637479085337;0.08066825775656324
2020-10-23 02:00:00;0.26826547685443397;0.04152744630071599
2020-10-23 03:00:00;0.26826547685443397;0.038663484486873505
2020-10-23 04:00:00;0.2950362520914669;0.023389021479713605
2020-10-23 05:00:00;0.2788622420524261;0.022911694510739856
2020-10-23 06:00:00;0.2972671500278863;0.020047732696897375
2020-10-23 07:00:00;0.33240379252649194;0.021957040572792363
2020-10-23 08:00:00;0.3418851087562745;0.01909307875894988
2020-10-23 09:00:00;0.3418851087562745;0.026252983293556086
2020-10-23 10:00:00;0.2649191299498048;0.03818615751789976
2020-10-23 11:00:00;0.23535973229224766;0.04200477326968974
2020-10-23 12:00:00;0.19799219185722255;0.08305489260143198
2020-10-23 13:00:00;0.18404907975460125;0.09832935560859189
2020-10-23 14:00:00;0.22866703848298942;0.11217183770883055
2020-10-23 15:00:00;0.20635805911879535;0.16133651551312647
2020-10-23 16:00:00;0.2281093139988846;0.12410501193317422
2020-10-23 17:00:00;0.18404907975460125;0.16420047732696896
2020-10-23 18:00:00;0.23535973229224766;0.1470167064439141
2020-10-23 19:00:00;0.27049637479085337;0.14176610978520285
2020-10-23 20:00:00;0.2130507529280536;0.17995226730310263
2020-10-23 21:00:00;0.1299498047964306;0.2620525059665871
2020-10-23 22:00:00;0.14556609035136642;0.2243436754176611
2020-10-23 23:00:00;0.19687674288901286;0.19522673031026253
2020-10-24 00:00:00;0.1929726715002789;0.16467780429594273
2020-10-24 01:00:00;0.1450083658672616;0.20381861575179
2020-10-24 02:00:00;0.17902955939765758;0.16754176610978522
2020-10-24 03:00:00;0.21193530395984386;0.14510739856801907
2020-10-24 04:00:00;0.09481316229782488;0.22577565632458232
2020-10-24 05:00:00;0.07027328499721139;0.2486873508353222
2020-10-24 06:00:00;0.12325711098717233;0.2052505966587112
2020-10-24 07:00:00;0.13385387618516453;0.16085918854415276
2020-10-24 08:00:00;0.13496932515337423;0.1441527446300716
2020-10-24 09:00:00;0.12660345789180147;0.16181384248210023
2020-10-24 10:00:00;0.07863915225878416;0.2071599045346062
2020-10-24 11:00:00;0.09592861126603458;0.21622911694510738
2020-10-24 12:00:00;0.0853318460680424;0.23914081145584726
2020-10-24 13:00:00;0.10652537646402677;0.22243436754176613
2020-10-24 14:00:00;0.10094813162297825;0.21766109785202864
2020-10-24 15:00:00;0.09146681539319576;0.21384248210023865
2020-10-24 16:00:00;0.07752370329057445;0.2233890214797136
2020-10-24 17:00:00;0.07975460122699386;0.22386634844868736
2020-10-24 18:00:00;0.08087005019520357;0.22768496420047735
2020-10-24 19:00:00;0.09035136642498606;0.2214797136038186
2020-10-24 20:00:00;0.06692693809258227;0.23102625298329355
2020-10-24 21:00:00;0.0619074177356386;0.23532219570405727
2020-10-24 22:00:00;0.04573340769659788;0.25632458233890215
2020-10-24 23:00:00;0.060791968767428886;0.24821002386634844
2020-10-25 00:00:00;0.0501952035694367;0.2692124105011933
2020-10-25 01:00:00;0.0362520914668154;0.27350835322195705
2020-10-25 02:00:00;0.0725041829336308;0.23818615751789976
2020-10-25 03:00:00;0.098159509202454;0.2214797136038186
2020-10-25 04:00:00;0.08700501952035695;0.2782816229116945
2020-10-25 05:00:00;0.14277746793084217;0.25966587112171835
2020-10-25 06:00:00;0.06469604015616286;0.315035799522673
2020-10-25 07:00:00;0.11377579475738986;0.26825775656324585
2020-10-25 08:00:00;0.10429447852760737;0.2548926014319809
2020-10-25 09:00:00;0.1450083658672616;0.2152744630071599
2020-10-25 10:00:00;0.13943112102621305;0.21384248210023865
2020-10-25 11:00:00;0.1299498047964306;0.20572792362768497
2020-10-25 12:00:00;0.12771890686001117;0.19618138424821002
2020-10-25 13:00:00;0.13329615170105968;0.1756563245823389
2020-10-25 14:00:00;0.10652537646402677;0.1957040572792363
2020-10-25 15:00:00;0.15337423312883436;0.1794749403341289
2020-10-25 16:00:00;0.18181818181818185;0.14176610978520285
2020-10-25 17:00:00;0.0725041829336308;0.20620525059665873
2020-10-25 18:00:00;0.17791411042944785;0.17088305489260142
2020-10-25 19:00:00;0.1695482431678751;0.17708830548926016
2020-10-25 20:00:00;0.12883435582822086;0.19999999999999998
2020-10-25 21:00:00;0.09369771332961518;0.18090692124105012
2020-10-25 22:00:00;0.11154489682097045;0.15704057279236275
2020-10-25 23:00:00;0.12437255995538206;0.1431980906921241
2020-10-26 00:00:00;0.11712214166201898;0.1775656324582339
2020-10-26 01:00:00;0.07027328499721139;0.2090692124105012
2020-10-26 02:00:00;0.13385387618516453;0.1288782816229117
2020-10-26 03:00:00;0.06358059118795314;0.17231503579952268
2020-10-26 04:00:00;0.0630228667038483;0.1718377088305489
2020-10-26 05:00:00;0.06915783602900168;0.17708830548926016
2020-10-26 06:00:00;0.10764082543223649;0.1470167064439141
2020-10-26 07:00:00;0.11489124372559956;0.15990453460620524
2020-10-26 08:00:00;0.10764082543223649;0.1828162291169451
2020-10-26 09:00:00;0.10652537646402677;0.19856801909307878
2020-10-26 10:00:00;0.10875627440044619;0.2052505966587112
2020-10-26 11:00:00;0.09481316229782488;0.2171837708830549
2020-10-26 12:00:00;0.08700501952035695;0.23102625298329355
2020-10-26 13:00:00;0.0736196319018405;0.2610978520286396
2020-10-26 14:00:00;0.0864472950362521;0.2572792362768496
2020-10-26 15:00:00;0.06469604015616286;0.2878281622911694
2020-10-26 16:00:00;0.0853318460680424;0.26730310262529833
2020-10-26 17:00:00;0.12325711098717233;0.21622911694510738
2020-10-26 18:00:00;0.15225878416062466;0.1899761336515513
2020-10-26 19:00:00;0.09258226436140549;0.23198090692124107
2020-10-26 20:00:00;0.0747350808700502;0.2372315035799523
2020-10-26 21:00:00;0.06469604015616286;0.23198090692124107
2020-10-26 22:00:00;0.10764082543223649;0.1909307875894988
2020-10-26 23:00:00;0.13943112102621305;0.160381861575179
2020-10-27 00:00:00;0.09481316229782488;0.17231503579952268
2020-10-27 01:00:00;0.11266034578918015;0.16276849642004773
2020-10-27 02:00:00;0.10875627440044619;0.14367541766109787
2020-10-27 03:00:00;0.12771890686001117;0.1379474940334129
2020-10-27 04:00:00;0.11154489682097045;0.1317422434367542
2020-10-27 05:00:00;0.20858895705521477;0.056324582338902154
2020-10-27 06:00:00;0.21918572225320695;0.0639618138424821
2020-10-27 07:00:00;0.16843279419966536;0.09832935560859189
2020-10-27 08:00:00;0.16174010039040715;0.09594272076372316
2020-10-27 09:00:00;0.15225878416062466;0.1026252983293556
2020-10-27 10:00:00;0.14166201896263247;0.11933174224343675
2020-10-27 11:00:00;0.12771890686001117;0.14081145584725538
2020-10-27 12:00:00;0.10987172336865589;0.17899761336515513
2020-10-27 13:00:00;0.13218070273285;0.15799522673031027
2020-10-27 14:00:00;0.09481316229782488;0.18663484486873508
2020-10-27 15:00:00;0.09146681539319576;0.20954653937947493
2020-10-27 16:00:00;0.10429447852760737;0.21336515513126492
2020-10-27 17:00:00;0.10987172336865589;0.2143198090692124
2020-10-27 18:00:00;0.12437255995538206;0.19522673031026253
2020-10-27 19:00:00;0.07640825432236475;0.22243436754176613
2020-10-27 20:00:00;0.05521472392638037;0.22529832935560862
2020-10-27 21:00:00;0.0736196319018405;0.1957040572792363
2020-10-27 22:00:00;0.08198549916341327;0.16610978520286396
2020-10-27 23:00:00;0.20133853876185168;0.0883054892601432
2020-10-28 00:00:00;0.12437255995538206;0.20620525059665873
2020-10-28 01:00:00;0.12660345789180147;0.21909307875894987
2020-10-28 02:00:00;0.09871723368655884;0.24343675417661098
2020-10-28 03:00:00;0.10875627440044619;0.19952267303102625
2020-10-28 04:00:00;0.15950920245398773;0.16563245823389022
2020-10-28 05:00:00;0.17122141662018964;0.1575178997613365
2020-10-28 06:00:00;0.17233686558839934;0.17613365155131264
2020-10-28 07:00:00;0.23089793641940887;0.12601431980906921
2020-10-28 08:00:00;0.15950920245398773;0.1909307875894988
2020-10-28 09:00:00;0.12214166201896264;0.20668257756563244
2020-10-28 10:00:00;0.11266034578918015;0.20047732696897375
2020-10-28 11:00:00;0.11823759063022868;0.2052505966587112
2020-10-28 12:00:00;0.13496932515337423;0.18854415274463007
2020-10-28 13:00:00;0.10764082543223649;0.2109785202863962
2020-10-28 14:00:00;0.10764082543223649;0.20238663484486874
2020-10-28 15:00:00;0.18293363078639158;0.2233890214797136
2020-10-28 16:00:00;0.17345231455660903;0.2315035799522673
2020-10-28 17:00:00;0.22755158951477975;0.1522673031026253
2020-10-28 18:00:00;0.13218070273285;0.22100238663484487
2020-10-28 19:00:00;0.1399888455103179;0.21145584725536992
2020-10-28 20:00:00;0.11823759063022868;0.22911694510739858
2020-10-28 21:00:00;0.15114333519241496;0.1971360381861575
2020-10-28 22:00:00;0.21807027328499723;0.15083532219570406
2020-10-28 23:00:00;0.10764082543223649;0.2572792362768496
2020-10-29 00:00:00;0.0663692136084774;0.27780429594272077
2020-10-29 01:00:00;0.03569436698271054;0.2911694510739857
2020-10-29 02:00:00;0.06358059118795314;0.2634844868735084
2020-10-29 03:00:00;0.0663692136084774;0.25966587112171835
2020-10-29 04:00:00;0.05242610150585612;0.2739856801909308
2020-10-29 05:00:00;0.06134969325153375;0.26539379474940333
2020-10-29 06:00:00;0.11991076408254324;0.24534606205250595
2020-10-29 07:00:00;0.13218070273285;0.23484486873508353
2020-10-29 08:00:00;0.1611823759063023;0.21145584725536992
2020-10-29 09:00:00;0.1366424986056888;0.23102625298329355
2020-10-29 10:00:00;0.10540992749581707;0.2539379474940334
2020-10-29 11:00:00;0.10708310094813163;0.2587112171837709
2020-10-29 12:00:00;0.10708310094813163;0.20954653937947493
2020-10-29 13:00:00;0.10708310094813163;0.22386634844868736
2020-10-29 14:00:00;0.10708310094813163;0.19856801909307878
2020-10-29 15:00:00;0.20635805911879535;0.10930787589498805
2020-10-29 16:00:00;0.19185722253206922;0.13031026252983294
2020-10-29 17:00:00;0.1929726715002789;0.1269689737470167
2020-10-29 18:00:00;0.14779698828778584;0.14844868735083533
2020-10-29 19:00:00;0.21081985499163416;0.10405727923627685
2020-10-29 20:00:00;0.22866703848298942;0.10167064439140812
2020-10-29 21:00:00;0.23647518126045738;0.12171837708830549
2020-10-29 22:00:00;0.2130507529280536;0.1575178997613365
2020-10-29 23:00:00;0.11154489682097045;0.2630071599045346
2020-10-30 00:00:00;0.09871723368655884;0.2744630071599045
2020-10-30 01:00:00;0.0864472950362521;0.2844868735083532
2020-10-30 02:00:00;0.12046848856664807;0.24200477326968975
2020-10-30 03:00:00;0.17010596765197994;0.2171837708830549
2020-10-30 04:00:00;0.1299498047964306;0.2315035799522673
2020-10-30 05:00:00;0.18404907975460125;0.1971360381861575
2020-10-30 06:00:00;0.12660345789180147;0.2448687350835322
2020-10-30 07:00:00;0.15950920245398773;0.22243436754176613
2020-10-30 08:00:00;0.21695482431678756;0.18186157517899762
2020-10-30 09:00:00;0.1907417735638595;0.19474940334128876
2020-10-30 10:00:00;0.16731734523145567;0.20381861575179
2020-10-30 11:00:00;0.17568321249302846;0.19809069212410502
2020-10-30 12:00:00;0.15337423312883436;0.2343675417661098
2020-10-30 13:00:00;0.10206358059118796;0.29069212410501194
2020-10-30 14:00:00;0.10875627440044619;0.28496420047732696
2020-10-30 15:00:00;0.13329615170105968;0.25632458233890215
2020-10-30 16:00:00;0.10987172336865589;0.2730310262529833
2020-10-30 17:00:00;0.1310652537646403;0.2458233890214797
2020-10-30 18:00:00;0.20524261015058565;0.17422434367541767
2020-10-30 19:00:00;0.20133853876185168;0.1718377088305489
2020-10-30 20:00:00;0.18627997769102064;0.1847255369928401
2020-10-30 21:00:00;0.18181818181818185;0.17136038186157518
2020-10-30 22:00:00;0.1695482431678751;0.18329355608591885
2020-10-30 23:00:00;0.17568321249302846;0.1847255369928401
2020-10-31 00:00:00;0.17679866146123815;0.1651551312649165
2020-10-31 01:00:00;0.12046848856664807;0.18090692124105012
2020-10-31 02:00:00;0.08198549916341327;0.20238663484486874
2020-10-31 03:00:00;0.1299498047964306;0.15847255369928404
2020-10-31 04:00:00;0.13720022308979365;0.14367541766109787
2020-10-31 05:00:00;0.11823759063022868;0.15560859188544154
2020-10-31 06:00:00;0.08421639709983268;0.1880668257756563
2020-10-31 07:00:00;0.1310652537646403;0.13985680190930788
2020-10-31 08:00:00;0.17233686558839934;0.09164677804295943
2020-10-31 09:00:00;0.17122141662018964;0.11026252983293557
2020-10-31 10:00:00;0.11600669269380927;0.1575178997613365
2020-10-31 11:00:00;0.12660345789180147;0.1684964200477327
2020-10-31 12:00:00;0.098159509202454;0.2372315035799523
2020-10-31 13:00:00;0.07752370329057445;0.28162291169451076
2020-10-31 14:00:00;0.10094813162297825;0.25632458233890215
2020-10-31 15:00:00;0.12046848856664807;0.24248210023866348
2020-10-31 16:00:00;0.13218070273285;0.22529832935560862
2020-10-31 17:00:00;0.1438929168990519;0.19522673031026253
2020-10-31 18:00:00;0.11042944785276075;0.21288782816229118
2020-10-31 19:00:00;0.11935303959843838;0.18854415274463007
2020-10-31 20:00:00;0.09704406023424428;0.2706443914081146
2020-10-31 21:00:00;0.09704406023424428;0.2954653937947494
2020-10-31 22:00:00;0.12548800892359177;0.24534606205250595
2020-10-31 23:00:00;0.15560513106525378;0.2181384248210024
2020-11-01 00:00:00;0.16397099832682654;0.1971360381861575
2020-11-01 01:00:00;0.11489124372559956;0.23389021479713604
2020-11-01 02:00:00;0.13385387618516453;0.20859188544152746
2020-11-01 03:00:00;0.1929726715002789;0.16276849642004773
2020-11-01 04:00:00;0.16285554935861685;0.16420047732696896
2020-11-01 05:00:00;0.10987172336865589;0.2243436754176611
2020-11-01 06:00:00;0.0630228667038483;0.2568019093078759
2020-11-01 07:00:00;0.08310094813162298;0.2591885441527446
2020-11-01 08:00:00;0.10094813162297825;0.2372315035799523
2020-11-01 09:00:00;0.08700501952035695;0.2548926014319809
2020-11-01 10:00:00;0.08087005019520357;0.2587112171837709
2020-11-01 11:00:00;0.05744562186279978;0.2668257756563246
2020-11-01 12:00:00;0.07752370329057445;0.22052505966587113
2020-11-01 13:00:00;0.09983268265476855;0.15465393794749402
2020-11-01 14:00:00;0.11377579475738986;0.13221957040572793
2020-11-01 15:00:00;0.09146681539319576;0.16133651551312647
2020-11-01 16:00:00;0.1299498047964306;0.18186157517899762
2020-11-01 17:00:00;0.1450083658672616;0.16706443914081145
2020-11-01 18:00:00;0.07529280535415506;0.18520286396181382
2020-11-01 19:00:00;0.10317902955939767;0.1360381861575179
2020-11-01 20:00:00;0.12046848856664807;0.1026252983293556
2020-11-01 21:00:00;0.09704406023424428;0.11312649164677804
2020-11-01 22:00:00;0.0747350808700502;0.1317422434367542
2020-11-01 23:00:00;0.06358059118795314;0.13890214797136038
2020-11-02 00:00:00;0.0725041829336308;0.1360381861575179
2020-11-02 01:00:00;0.09369771332961518;0.13031026252983294
2020-11-02 02:00:00;0.0736196319018405;0.1331742243436754
2020-11-02 03:00:00;0.07975460122699386;0.1288782816229117
2020-11-02 04:00:00;0.05521472392638037;0.15608591885441528
2020-11-02 05:00:00;0.06692693809258227;0.15178997613365156
2020-11-02 06:00:00;0.08812046848856665;0.13890214797136038
2020-11-02 07:00:00;0.0853318460680424;0.14558472553699284
2020-11-02 08:00:00;0.09258226436140549;0.1317422434367542
2020-11-02 09:00:00;0.08923591745677636;0.14749403341288783
2020-11-02 10:00:00;0.051868377021751254;0.1775656324582339
2020-11-02 11:00:00;0.09592861126603458;0.14940334128878283
2020-11-02 12:00:00;0.09146681539319576;0.15083532219570406
2020-11-02 13:00:00;0.11377579475738986;0.1847255369928401
2020-11-02 14:00:00;0.12883435582822086;0.2081145584725537
2020-11-02 15:00:00;0.13720022308979365;0.24534606205250595
2020-11-02 16:00:00;0.08198549916341327;0.28878281622911695
2020-11-02 17:00:00;0.1438929168990519;0.26014319809069214
2020-11-02 18:00:00;0.12325711098717233;0.28496420047732696
2020-11-02 19:00:00;0.10875627440044619;0.31169451073985677
2020-11-02 20:00:00;0.14166201896263247;0.27732696897374703
2020-11-02 21:00:00;0.13831567205800335;0.28305489260143196
2020-11-02 22:00:00;0.08812046848856665;0.3026252983293556
2020-11-02 23:00:00;0.10987172336865589;0.2878281622911694
2020-11-03 00:00:00;0.08700501952035695;0.30930787589498804
2020-11-03 01:00:00;0.049079754601226995;0.33508353221957043
2020-11-03 02:00:00;0.023424428332403796;0.3551312649164678
2020-11-03 03:00:00;0.098159509202454;0.2706443914081146
2020-11-03 04:00:00;0.09258226436140549;0.28066825775656323
2020-11-03 05:00:00;0.1929726715002789;0.19045346062052504
2020-11-03 06:00:00;0.1801450083658673;0.18949880668257757
2020-11-03 07:00:00;0.1929726715002789;0.1350835322195704
2020-11-03 08:00:00;0.23759063022866708;0.1035799522673031
2020-11-03 09:00:00;0.19687674288901286;0.1269689737470167
2020-11-03 10:00:00;0.16174010039040715;0.1269689737470167
2020-11-03 11:00:00;0.14891243725599554;0.24009546539379473
2020-11-03 12:00:00;0.06469604015616286;0.3145584725536993
2020-11-03 13:00:00;0.07529280535415506;0.2992840095465394
2020-11-03 14:00:00;0.10540992749581707;0.2749403341288783
2020-11-03 15:00:00;0.11266034578918015;0.2916467780429594
2020-11-03 16:00:00;0.06692693809258227;0.32362768496420047
2020-11-03 17:00:00;0.1215839375348578;0.2630071599045346
2020-11-03 18:00:00;0.15672058003346348;0.237708830548926
2020-11-03 19:00:00;0.2130507529280536;0.17613365155131264
2020-11-03 20:00:00;0.1450083658672616;0.2477326968973747
2020-11-03 21:00:00;0.13831567205800335;0.2186157517899761
2020-11-03 22:00:00;0.16731734523145567;0.2243436754176611
2020-11-03 23:00:00;0.09592861126603458;0.26730310262529833
2020-11-04 00:00:00;0.09146681539319576;0.2639618138424821
2020-11-04 01:00:00;0.05856107083100949;0.29069212410501194
2020-11-04 02:00:00;0.11712214166201898;0.19856801909307878
2020-11-04 03:00:00;0.23535973229224766;0.12601431980906921
2020-11-04 04:00:00;0.10429447852760737;0.25059665871121717
2020-11-04 05:00:00;0.10987172336865589;0.2243436754176611
2020-11-04 06:00:00;0.2660345789180145;0.10167064439140812
2020-11-04 07:00:00;0.30897936419408817;0.08305489260143198
2020-11-04 08:00:00;0.3825989960959287;0.03961813842482101
2020-11-04 09:00:00;0.35582822085889576;0.057756563245823386
2020-11-04 10:00:00;0.1695482431678751;0.20381861575179
2020-11-04 11:00:00;0.0736196319018405;0.28496420047732696
2020-11-04 12:00:00;0.07027328499721139;0.2954653937947494
2020-11-04 13:00:00;0.09481316229782488;0.2801909307875895
2020-11-04 14:00:00;0.20524261015058565;0.2042959427207637
2020-11-04 15:00:00;0.12325711098717233;0.26873508353221953
2020-11-04 16:00:00;0.1695482431678751;0.2186157517899761
2020-11-04 17:00:00;0.20356943669827107;0.1937947494033413
2020-11-04 18:00:00;0.32571109871723375;0.08878281622911695
2020-11-04 19:00:00;0.45287228109314004;0.02673031026252983
2020-11-04 20:00:00;0.4366982710540993;0.025298329355608593
2020-11-04 21:00:00;0.41438929168990524;0.03007159904534606
2020-11-04 22:00:00;0.39821528165086456;0.02577565632458234
2020-11-04 23:00:00;0.3876185164528723;0.025298329355608593
2020-11-05 00:00:00;0.35582822085889576;0.03914081145584725
2020-11-05 01:00:00;0.3491355270496375;0.02243436754176611
2020-11-05 02:00:00;0.33240379252649194;0.04105011933174224
2020-11-05 03:00:00;0.31622978248745126;0.024821002386634847
2020-11-05 04:00:00;0.29392080312325713;0.023389021479713605
2020-11-05 05:00:00;0.26938092582264367;0.029594272076372316
2020-11-05 06:00:00;0.27049637479085337;0.027684964200477325
2020-11-05 07:00:00;0.30786391522587847;0.023389021479713605
2020-11-05 08:00:00;0.35582822085889576;0.024821002386634847
2020-11-05 09:00:00;0.3865030674846626;0.03054892601431981
2020-11-05 10:00:00;0.3229224762967095;0.0558472553699284
2020-11-05 11:00:00;0.26826547685443397;0.0954653937947494
2020-11-05 12:00:00;0.21528165086447298;0.1369928400954654
2020-11-05 13:00:00;0.17902955939765758;0.1665871121718377
2020-11-05 14:00:00;0.17568321249302846;0.1766109785202864
2020-11-05 15:00:00;0.14668153931957614;0.20954653937947493
2020-11-05 16:00:00;0.17568321249302846;0.18615751789976134
2020-11-05 17:00:00;0.2638036809815951;0.09880668257756563
2020-11-05 18:00:00;0.37479085331846074;0.02673031026252983
2020-11-05 19:00:00;0.36642498605688795;0.02577565632458234
2020-11-05 20:00:00;0.36642498605688795;0.02673031026252983
2020-11-05 21:00:00;0.3441160066926939;0.02577565632458234
2020-11-05 22:00:00;0.3335192414947017;0.025298329355608593
2020-11-05 23:00:00;0.32069157836029005;0.024343675417661095
2020-11-06 00:00:00;0.3491355270496375;0.022911694510739856
2020-11-06 01:00:00;0.31957612939208035;0.02386634844868735
2020-11-06 02:00:00;0.3045175683212493;0.02577565632458234
2020-11-06 03:00:00;0.3067484662576687;0.025298329355608593
2020-11-06 04:00:00;0.37479085331846074;0.024821002386634847
2020-11-06 05:00:00;0.35582822085889576;0.024821002386634847
2020-11-06 06:00:00;0.31846068042387066;0.02673031026252983
2020-11-06 07:00:00;0.31846068042387066;0.025298329355608593
2020-11-06 08:00:00;0.31009481316229787;0.037231503579952266
2020-11-06 09:00:00;0.2877858337981038;0.05393794749403342
2020-11-06 10:00:00;0.28443948689347465;0.07016706443914081
2020-11-06 11:00:00;0.2587841606246515;0.09594272076372316
2020-11-06 12:00:00;0.2515337423312884;0.11503579952267304
2020-11-06 13:00:00;0.22476296709425547;0.1460620525059666
2020-11-06 14:00:00;0.23647518126045738;0.14081145584725538
2020-11-06 15:00:00;0.31121026213050756;0.09976133651551312
2020-11-06 16:00:00;0.3045175683212493;0.0801909307875895
2020-11-06 17:00:00;0.31846068042387066;0.0639618138424821
2020-11-06 18:00:00;0.32794199665365314;0.03961813842482101
2020-11-06 19:00:00;0.3067484662576687;0.04725536992840096
2020-11-06 20:00:00;0.25320691578360294;0.07064439140811456
2020-11-06 21:00:00;0.23424428332403796;0.06778042959427208
2020-11-06 22:00:00;0.2587841606246515;0.04486873508353222
2020-11-06 23:00:00;0.2504182933630787;0.04582338902147971
2020-11-07 00:00:00;0.29615170105967653;0.02720763723150358
2020-11-07 01:00:00;0.31176798661461247;0.028639618138424822
2020-11-07 02:00:00;0.30897936419408817;0.029116945107398567
2020-11-07 03:00:00;0.3067484662576687;0.02720763723150358
2020-11-07 04:00:00;0.3011712214166202;0.025298329355608593
2020-11-07 05:00:00;0.29392080312325713;0.024821002386634847
2020-11-07 06:00:00;0.28443948689347465;0.024821002386634847
2020-11-07 07:00:00;0.27495817066369216;0.025298329355608593
2020-11-07 08:00:00;0.2632459564974903;0.03007159904534606
2020-11-07 09:00:00;0.23759063022866708;0.04486873508353222
2020-11-07 10:00:00;0.22476296709425547;0.05250596658711217
2020-11-07 11:00:00;0.24818739542665924;0.04677804295942721
2020-11-07 12:00:00;0.24818739542665924;0.049164677804295946
2020-11-07 13:00:00;0.25655326268823203;0.07016706443914081
2020-11-07 14:00:00;0.2766313441160067;0.058233890214797135
2020-11-07 15:00:00;0.26826547685443397;0.050119331742243436
2020-11-07 16:00:00;0.2632459564974903;0.03341288782816229
2020-11-07 17:00:00;0.28109313998884555;0.026252983293556086
2020-11-07 18:00:00;0.28443948689347465;0.02720763723150358
2020-11-07 19:00:00;0.28834355828220865;0.02673031026252983
2020-11-07 20:00:00;0.28332403792526495;0.02720763723150358
2020-11-07 21:00:00;0.27495817066369216;0.02720763723150358
2020-11-07 22:00:00;0.2649191299498048;0.027684964200477325
2020-11-07 23:00:00;0.2515337423312884;0.027684964200477325
2020-11-08 00:00:00;0.22866703848298942;0.02673031026252983
2020-11-08 01:00:00;0.1885108756274401;0.02720763723150358
2020-11-08 02:00:00;0.1801450083658673;0.02720763723150358
2020-11-08 03:00:00;0.17456776352481876;0.02673031026252983
2020-11-08 04:00:00;0.17568321249302846;0.02577565632458234
2020-11-08 05:00:00;0.1801450083658673;0.02577565632458234
2020-11-08 06:00:00;0.18404907975460125;0.025298329355608593
2020-11-08 07:00:00;0.1929726715002789;0.025298329355608593
2020-11-08 08:00:00;0.18962632459564976;0.026252983293556086
2020-11-08 09:00:00;0.19687674288901286;0.027684964200477325
2020-11-08 10:00:00;0.2281093139988846;0.03054892601431981
2020-11-08 11:00:00;0.2281093139988846;0.028639618138424822
2020-11-08 12:00:00;0.23201338538761854;0.03198090692124105
2020-11-08 13:00:00;0.22476296709425547;0.03341288782816229
2020-11-08 14:00:00;0.23424428332403796;0.03532219570405728
2020-11-08 15:00:00;0.23312883435582826;0.03293556085918855
2020-11-08 16:00:00;0.24707194645844957;0.026252983293556086
2020-11-08 17:00:00;0.25543781372002233;0.024821002386634847
2020-11-08 18:00:00;0.2671500278862243;0.02577565632458234
2020-11-08 19:00:00;0.2621305075292806;0.025298329355608593
2020-11-08 20:00:00;0.25209146681539324;0.025298329355608593
2020-11-08 21:00:00;0.24149470161740105;0.025298329355608593
2020-11-08 22:00:00;0.23982152816508648;0.025298329355608593
2020-11-08 23:00:00;0.23982152816508648;0.024343675417661095
2020-11-09 00:00:00;0.24484104852203017;0.024343675417661095
2020-11-09 01:00:00;0.23870607919687678;0.023389021479713605
2020-11-09 02:00:00;0.23870607919687678;0.02386634844868735
2020-11-09 03:00:00;0.22978248745119914;0.02386634844868735
2020-11-09 04:00:00;0.21528165086447298;0.023389021479713605
2020-11-09 05:00:00;0.21193530395984386;0.023389021479713605
2020-11-09 06:00:00;0.22253206915783608;0.02386634844868735
2020-11-09 07:00:00;0.25655326268823203;0.022911694510739856
2020-11-09 08:00:00;0.2610150585610709;0.023389021479713605
2020-11-09 09:00:00;0.28109313998884555;0.024821002386634847
2020-11-09 10:00:00;0.27607361963190186;0.031026252983293555
2020-11-09 11:00:00;0.2950362520914669;0.03914081145584725
2020-11-09 12:00:00;0.25655326268823203;0.06062052505966587
2020-11-09 13:00:00;0.2024539877300614;0.120763723150358
2020-11-09 14:00:00;0.20970440602342447;0.11742243436754177
2020-11-09 15:00:00;0.3128834355828221;0.05107398568019093
2020-11-09 16:00:00;0.3502509760178472;0.028162291169451077
2020-11-09 17:00:00;0.3597322922476297;0.023389021479713605
2020-11-09 18:00:00;0.39486893474623536;0.024343675417661095
2020-11-09 19:00:00;0.37144450641383164;0.024821002386634847
2020-11-09 20:00:00;0.3803680981595092;0.024821002386634847
2020-11-09 21:00:00;0.3608477412158394;0.02577565632458234
2020-11-09 22:00:00;0.35582822085889576;0.024343675417661095
2020-11-09 23:00:00;0.32794199665365314;0.02386634844868735
2020-11-10 00:00:00;0.29392080312325713;0.024343675417661095
2020-11-10 01:00:00;0.2788622420524261;0.024343675417661095
2020-11-10 02:00:00;0.2950362520914669;0.023389021479713605
2020-11-10 03:00:00;0.25543781372002233;0.023389021479713605
2020-11-10 04:00:00;0.2671500278862243;0.022911694510739856
2020-11-10 05:00:00;0.26826547685443397;0.021957040572792363
2020-11-10 06:00:00;0.26938092582264367;0.02100238663484487
2020-11-10 07:00:00;0.29280535415504744;0.019570405727923627
2020-11-10 08:00:00;0.33463469046291133;0.020047732696897375
2020-11-10 09:00:00;0.3430005577244841;0.021957040572792363
2020-11-10 10:00:00;0.2950362520914669;0.02243436754176611
2020-11-10 11:00:00;0.2638036809815951;0.02673031026252983
2020-11-10 12:00:00;0.2632459564974903;0.03007159904534606
2020-11-10 13:00:00;0.28332403792526495;0.03054892601431981
2020-11-10 14:00:00;0.2660345789180145;0.031503579952267304
2020-11-10 15:00:00;0.28220858895705525;0.023389021479713605
2020-11-10 16:00:00;0.2576687116564418;0.022911694510739856
2020-11-10 17:00:00;0.2504182933630787;0.02100238663484487
2020-11-10 18:00:00;0.24707194645844957;0.021957040572792363
2020-11-10 19:00:00;0.25655326268823203;0.02100238663484487
2020-11-10 20:00:00;0.2788622420524261;0.02100238663484487
2020-11-10 21:00:00;0.2576687116564418;0.021479713603818614
2020-11-10 22:00:00;0.2504182933630787;0.02052505966587112
2020-11-10 23:00:00;0.2504182933630787;0.02100238663484487
2020-11-11 00:00:00;0.24930284439486897;0.02100238663484487
2020-11-11 01:00:00;0.22476296709425547;0.021479713603818614
2020-11-11 02:00:00;0.2163970998326827;0.021479713603818614
2020-11-11 03:00:00;0.21193530395984386;0.021479713603818614
2020-11-11 04:00:00;0.2163970998326827;0.02100238663484487
2020-11-11 05:00:00;0.21695482431678756;0.02100238663484487
2020-11-11 06:00:00;0.22364751812604577;0.02052505966587112
2020-11-11 07:00:00;0.23759063022866708;0.02052505966587112
2020-11-11 08:00:00;0.23759063022866708;0.021957040572792363
2020-11-11 09:00:00;0.23759063022866708;0.023389021479713605
2020-11-11 10:00:00;0.22141662018962635;0.029116945107398567
2020-11-11 11:00:00;0.17902955939765758;0.05393794749403342
2020-11-11 12:00:00;0.17345231455660903;0.08353221957040573
2020-11-11 13:00:00;0.20356943669827107;0.07494033412887828
2020-11-11 14:00:00;0.23089793641940887;0.06252983293556086
2020-11-11 15:00:00;0.2024539877300614;0.07971360381861575
2020-11-11 16:00:00;0.2671500278862243;0.032458233890214794
2020-11-11 17:00:00;0.27997769102063585;0.025298329355608593
2020-11-11 18:00:00;0.27607361963190186;0.029594272076372316
2020-11-11 19:00:00;0.23870607919687678;0.05107398568019093
2020-11-11 20:00:00;0.20133853876185168;0.06921241050119331
2020-11-11 21:00:00;0.21193530395984386;0.058233890214797135
2020-11-11 22:00:00;0.22030117122141665;0.04343675417661098
2020-11-11 23:00:00;0.13943112102621305;0.10883054892601432
2020-11-12 00:00:00;0.10429447852760737;0.1360381861575179
2020-11-12 01:00:00;0.10317902955939767;0.1360381861575179
2020-11-12 02:00:00;0.10540992749581707;0.12601431980906921
2020-11-12 03:00:00;0.09146681539319576;0.14033412887828162
2020-11-12 04:00:00;0.09146681539319576;0.1317422434367542
2020-11-12 05:00:00;0.08812046848856665;0.14653937947494033
2020-11-12 06:00:00;0.10540992749581707;0.162291169451074
2020-11-12 07:00:00;0.13329615170105968;0.23054892601431978
2020-11-12 08:00:00;0.19353039598438374;0.1794749403341289
2020-11-12 09:00:00;0.2046848856664808;0.1971360381861575
2020-11-12 10:00:00;0.23089793641940887;0.18711217183770884
2020-11-12 11:00:00;0.20858895705521477;0.1971360381861575
2020-11-12 12:00:00;0.1215839375348578;0.27159904534606205
2020-11-12 13:00:00;0.08812046848856665;0.2964200477326969
2020-11-12 14:00:00;0.13385387618516453;0.2591885441527446
2020-11-12 15:00:00;0.16062465142219745;0.24964200477326967
2020-11-12 16:00:00;0.18181818181818185;0.23532219570405727
2020-11-12 17:00:00;0.23424428332403796;0.18568019093078758
2020-11-12 18:00:00;0.3335192414947017;0.1054892601431981
2020-11-12 19:00:00;0.31176798661461247;0.11408114558472553
2020-11-12 20:00:00;0.27049637479085337;0.14558472553699284
2020-11-12 21:00:00;0.23201338538761854;0.13126491646778043
2020-11-12 22:00:00;0.24149470161740105;0.12983293556085918
2020-11-12 23:00:00;0.20524261015058565;0.14653937947494033
2020-11-13 00:00:00;0.22978248745119914;0.08639618138424822
2020-11-13 01:00:00;0.16508644729503624;0.13651551312649166
2020-11-13 02:00:00;0.14668153931957614;0.14081145584725538
2020-11-13 03:00:00;0.18181818181818185;0.120763723150358
2020-11-13 04:00:00;0.24149470161740105;0.05536992840095465
2020-11-13 05:00:00;0.2610150585610709;0.03532219570405728
2020-11-13 06:00:00;0.25209146681539324;0.04248210023866349
2020-11-13 07:00:00;0.25209146681539324;0.04821002386634845
2020-11-13 08:00:00;0.23312883435582826;0.0658711217183771
2020-11-13 09:00:00;0.24930284439486897;0.08305489260143198
2020-11-13 10:00:00;0.26938092582264367;0.07159904534606205
2020-11-13 11:00:00;0.27049637479085337;0.07159904534606205
2020-11-13 12:00:00;0.18404907975460125;0.11933174224343675
2020-11-13 13:00:00;0.15225878416062466;0.120763723150358
2020-11-13 14:00:00;0.16843279419966536;0.10883054892601432
2020-11-13 15:00:00;0.16731734523145567;0.1279236276849642
2020-11-13 16:00:00;0.18126045733407697;0.10930787589498805
2020-11-13 17:00:00;0.2130507529280536;0.0711217183770883
2020-11-13 18:00:00;0.20747350808700504;0.07780429594272077
2020-11-13 19:00:00;0.23424428332403796;0.06539379474940334
2020-11-13 20:00:00;0.25432236475181264;0.09689737470167065
2020-11-13 21:00:00;0.31734523145566096;0.06634844868735083
2020-11-13 22:00:00;0.3463469046291133;0.06252983293556086
2020-11-13 23:00:00;0.37813720022308983;0.03293556085918855
2020-11-14 00:00:00;0.3430005577244841;0.04582338902147971
2020-11-14 01:00:00;0.3430005577244841;0.037231503579952266
2020-11-14 02:00:00;0.20635805911879535;0.08687350835322195
2020-11-14 03:00:00;0.15448968209704408;0.13842482100238662
2020-11-14 04:00:00;0.21918572225320695;0.08926014319809068
2020-11-14 05:00:00;0.2163970998326827;0.08305489260143198
2020-11-14 06:00:00;0.27161182375906306;0.050596658711217185
2020-11-14 07:00:00;0.23870607919687678;0.06634844868735083
2020-11-14 08:00:00;0.24037925264919133;0.049642004773269695
2020-11-14 09:00:00;0.22476296709425547;0.03293556085918855
2020-11-14 10:00:00;0.17679866146123815;0.04677804295942721
2020-11-14 11:00:00;0.12046848856664807;0.11933174224343675
2020-11-14 12:00:00;0.08421639709983268;0.1704057279236277
2020-11-14 13:00:00;0.0853318460680424;0.19331742243436753
2020-11-14 14:00:00;0.08421639709983268;0.22052505966587113
2020-11-14 15:00:00;0.09481316229782488;0.22004773269689737
2020-11-14 16:00:00;0.13831567205800335;0.18329355608591885
2020-11-14 17:00:00;0.17010596765197994;0.14749403341288783
2020-11-14 18:00:00;0.18516452872281097;0.13269689737470167
2020-11-14 19:00:00;0.18516452872281097;0.13651551312649166
2020-11-14 20:00:00;0.12771890686001117;0.17708830548926016
2020-11-14 21:00:00;0.14668153931957614;0.16945107398568018
2020-11-14 22:00:00;0.10987172336865589;0.19856801909307878
2020-11-14 23:00:00;0.07027328499721139;0.23484486873508353
2020-11-15 00:00:00;0.060791968767428886;0.237708830548926
2020-11-15 01:00:00;0.05521472392638037;0.2458233890214797
2020-11-15 02:00:00;0.05856107083100949;0.23532219570405727
2020-11-15 03:00:00;0.06915783602900168;0.24200477326968975
2020-11-15 04:00:00;0.06915783602900168;0.23961813842482102
2020-11-15 05:00:00;0.12771890686001117;0.19427207637231506
2020-11-15 06:00:00;0.19353039598438374;0.16467780429594273
2020-11-15 07:00:00;0.11823759063022868;0.21336515513126492
2020-11-15 08:00:00;0.07975460122699386;0.23198090692124107
2020-11-15 09:00:00;0.07027328499721139;0.2448687350835322
2020-11-15 10:00:00;0.05521472392638037;0.25250596658711216
2020-11-15 11:00:00;0.08198549916341327;0.23579952267303103
2020-11-15 12:00:00;0.08310094813162298;0.2295942720763723
2020-11-15 13:00:00;0.07752370329057445;0.2324582338902148
2020-11-15 14:00:00;0.098159509202454;0.21766109785202864
2020-11-15 15:00:00;0.07975460122699386;0.23007159904534608
2020-11-15 16:00:00;0.07975460122699386;0.26443914081145586
2020-11-15 17:00:00;0.19799219185722255;0.25632458233890215
2020-11-15 18:00:00;0.11935303959843838;0.2973747016706444
2020-11-15 19:00:00;0.11154489682097045;0.30835322195704057
2020-11-15 20:00:00;0.09146681539319576;0.3145584725536993
2020-11-15 21:00:00;0.06469604015616286;0.30405727923627685
2020-11-15 22:00:00;0.10652537646402677;0.2883054892601432
2020-11-15 23:00:00;0.1310652537646403;0.2992840095465394
2020-11-16 00:00:00;0.14779698828778584;0.27159904534606205
2020-11-16 01:00:00;0.21807027328499723;0.2152744630071599
2020-11-16 02:00:00;0.1907417735638595;0.2315035799522673
2020-11-16 03:00:00;0.1907417735638595;0.23627684964200477
2020-11-16 04:00:00;0.21807027328499723;0.20954653937947493
2020-11-16 05:00:00;0.23647518126045738;0.17804295942720763
2020-11-16 06:00:00;0.27161182375906306;0.1369928400954654
2020-11-16 07:00:00;0.2576687116564418;0.14749403341288783
2020-11-16 08:00:00;0.26938092582264367;0.13221957040572793
2020-11-16 09:00:00;0.2660345789180145;0.11599045346062054
2020-11-16 10:00:00;0.2504182933630787;0.12649164677804295
2020-11-16 11:00:00;0.09258226436140549;0.2620525059665871
2020-11-16 12:00:00;0.08812046848856665;0.25966587112171835
2020-11-16 13:00:00;0.10429447852760737;0.2548926014319809
2020-11-16 14:00:00;0.15114333519241496;0.23293556085918854
2020-11-16 15:00:00;0.22141662018962635;0.18854415274463007
2020-11-16 16:00:00;0.12325711098717233;0.2634844868735084
2020-11-16 17:00:00;0.11377579475738986;0.27971360381861576
2020-11-16 18:00:00;0.15002788622420524;0.22482100238663486
2020-11-16 19:00:00;0.23759063022866708;0.1632458233890215
2020-11-16 20:00:00;0.2576687116564418;0.14272076372315035
2020-11-16 21:00:00;0.20356943669827107;0.17136038186157518
2020-11-16 22:00:00;0.2281093139988846;0.14844868735083533
2020-11-16 23:00:00;0.1438929168990519;0.20047732696897375
2020-11-17 00:00:00;0.11712214166201898;0.23007159904534608
2020-11-17 01:00:00;0.12883435582822086;0.22100238663484487
2020-11-17 02:00:00;0.09871723368655884;0.22100238663484487
2020-11-17 03:00:00;0.10764082543223649;0.22243436754176613
2020-11-17 04:00:00;0.15672058003346348;0.1747016706443914
2020-11-17 05:00:00;0.19576129392080316;0.16085918854415276
2020-11-17 06:00:00;0.2046848856664808;0.1637231503579952
2020-11-17 07:00:00;0.16285554935861685;0.2081145584725537
2020-11-17 08:00:00;0.2141662018962633;0.16754176610978522
2020-11-17 09:00:00;0.24037925264919133;0.15274463007159905
2020-11-17 10:00:00;0.19185722253206922;0.16992840095465395
2020-11-17 11:00:00;0.22141662018962635;0.15608591885441528
2020-11-17 12:00:00;0.23759063022866708;0.15608591885441528
2020-11-17 13:00:00;0.18293363078639158;0.18329355608591885
2020-11-17 14:00:00;0.22253206915783608;0.16420047732696896
2020-11-17 15:00:00;0.20970440602342447;0.1747016706443914
2020-11-17 16:00:00;0.18126045733407697;0.1899761336515513
2020-11-17 17:00:00;0.13608477412158393;0.22004773269689737
2020-11-17 18:00:00;0.1450083658672616;0.19761336515513125
2020-11-17 19:00:00;0.19464584495259346;0.1756563245823389
2020-11-17 20:00:00;0.15560513106525378;0.2071599045346062
2020-11-17 21:00:00;0.11935303959843838;0.24248210023866348
2020-11-17 22:00:00;0.10652537646402677;0.2610978520286396
2020-11-17 23:00:00;0.10875627440044619;0.2486873508353222
2020-11-18 00:00:00;0.1215839375348578;0.22673031026252982
2020-11-18 01:00:00;0.11489124372559956;0.21145584725536992
2020-11-18 02:00:00;0.12214166201896264;0.20047732696897375
2020-11-18 03:00:00;0.10317902955939767;0.16945107398568018
2020-11-18 04:00:00;0.10094813162297825;0.1684964200477327
2020-11-18 05:00:00;0.0853318460680424;0.1909307875894988
2020-11-18 06:00:00;0.10317902955939767;0.19045346062052504
2020-11-18 07:00:00;0.10875627440044619;0.20572792362768497
2020-11-18 08:00:00;0.1695482431678751;0.17136038186157518
2020-11-18 09:00:00;0.20635805911879535;0.1522673031026253
2020-11-18 10:00:00;0.1695482431678751;0.18949880668257757
2020-11-18 11:00:00;0.11042944785276075;0.21622911694510738
2020-11-18 12:00:00;0.11042944785276075;0.2186157517899761
2020-11-18 13:00:00;0.12437255995538206;0.22577565632458232
2020-11-18 14:00:00;0.14277746793084217;0.21957040572792363
2020-11-18 15:00:00;0.15002788622420524;0.2090692124105012
2020-11-18 16:00:00;0.2163970998326827;0.16133651551312647
2020-11-18 17:00:00;0.20858895705521477;0.16706443914081145
2020-11-18 18:00:00;0.1438929168990519;0.1937947494033413
2020-11-18 19:00:00;0.1450083658672616;0.17231503579952268
2020-11-18 20:00:00;0.17233686558839934;0.1379474940334129
2020-11-18 21:00:00;0.15672058003346348;0.14892601431980906
2020-11-18 22:00:00;0.15839375348577803;0.1269689737470167
2020-11-18 23:00:00;0.10875627440044619;0.237708830548926
2020-11-19 00:00:00;0.10317902955939767;0.28305489260143196
2020-11-19 01:00:00;0.04127161182375907;0.3322195704057279
2020-11-19 02:00:00;0.03848298940323481;0.3369928400954654
2020-11-19 03:00:00;0.05521472392638037;0.32410501193317426
2020-11-19 04:00:00;0.07863915225878416;0.31169451073985677
2020-11-19 05:00:00;0.07863915225878416;0.3136038186157518
2020-11-19 06:00:00;0.08812046848856665;0.30835322195704057
2020-11-19 07:00:00;0.06358059118795314;0.31694510739856807
2020-11-19 08:00:00;0.08087005019520357;0.2978520286396181
2020-11-19 09:00:00;0.08198549916341327;0.2835322195704057
2020-11-19 10:00:00;0.1215839375348578;0.24200477326968975
2020-11-19 11:00:00;0.10987172336865589;0.2649164677804296
2020-11-19 12:00:00;0.09035136642498606;0.2711217183770883
2020-11-19 13:00:00;0.0853318460680424;0.2840095465393795
2020-11-19 14:00:00;0.050752928053541556;0.3221957040572792
2020-11-19 15:00:00;0.06915783602900168;0.3136038186157518
2020-11-19 16:00:00;0.09258226436140549;0.3073985680190931
2020-11-19 17:00:00;0.07752370329057445;0.31694510739856807
2020-11-19 18:00:00;0.11266034578918015;0.2758949880668258
2020-11-19 19:00:00;0.09258226436140549;0.2854415274463007
2020-11-19 20:00:00;0.12437255995538206;0.24534606205250595
2020-11-19 21:00:00;0.0736196319018405;0.30835322195704057
2020-11-19 22:00:00;0.04461795872838818;0.31599045346062055
2020-11-19 23:00:00;0.060791968767428886;0.2921241050119332
2020-11-20 00:00:00;0.10875627440044619;0.20143198090692124
2020-11-20 01:00:00;0.05633017289459007;0.3011933174224344
2020-11-20 02:00:00;0.028443948689347465;0.3288782816229117
2020-11-20 03:00:00;0.07027328499721139;0.2725536992840096
2020-11-20 04:00:00;0.08198549916341327;0.2610978520286396
2020-11-20 05:00:00;0.08421639709983268;0.2572792362768496
2020-11-20 06:00:00;0.32069157836029005;0.08639618138424822
2020-11-20 07:00:00;0.45677635248187404;0.025298329355608593
2020-11-20 08:00:00;0.39821528165086456;0.04295942720763723
2020-11-20 09:00:00;0.2576687116564418;0.15417661097852028
2020-11-20 10:00:00;0.21081985499163416;0.18615751789976134
2020-11-20 11:00:00;0.1695482431678751;0.20381861575179
2020-11-20 12:00:00;0.14891243725599554;0.24009546539379473
2020-11-20 13:00:00;0.12325711098717233;0.26014319809069214
2020-11-20 14:00:00;0.16843279419966536;0.2315035799522673
2020-11-20 15:00:00;0.14166201896263247;0.24200477326968975
2020-11-20 16:00:00;0.15337423312883436;0.2386634844868735
2020-11-20 17:00:00;0.2269938650306749;0.1594272076372315
2020-11-20 18:00:00;0.31622978248745126;0.07064439140811456
2020-11-20 19:00:00;0.2877858337981038;0.081145584725537
2020-11-20 20:00:00;0.24930284439486897;0.09355608591885442
2020-11-20 21:00:00;0.21081985499163416;0.1279236276849642
2020-11-20 22:00:00;0.14054656999442278;0.19188544152744633
2020-11-20 23:00:00;0.14054656999442278;0.1766109785202864
2020-11-21 00:00:00;0.12437255995538206;0.17517899761336517
2020-11-21 01:00:00;0.11935303959843838;0.16992840095465395
2020-11-21 02:00:00;0.08700501952035695;0.19427207637231506
2020-11-21 03:00:00;0.09369771332961518;0.18854415274463007
2020-11-21 04:00:00;0.08812046848856665;0.18615751789976134
2020-11-21 05:00:00;0.09258226436140549;0.18186157517899762
2020-11-21 06:00:00;0.11266034578918015;0.17804295942720763
2020-11-21 07:00:00;0.10764082543223649;0.17613365155131264
2020-11-21 08:00:00;0.13496932515337423;0.16467780429594273
2020-11-21 09:00:00;0.1310652537646403;0.16563245823389022
2020-11-21 10:00:00;0.13218070273285;0.1665871121718377
2020-11-21 11:00:00;0.12325711098717233;0.18568019093078758
2020-11-21 12:00:00;0.13720022308979365;0.17804295942720763
2020-11-21 13:00:00;0.15560513106525378;0.15178997613365156
2020-11-21 14:00:00;0.17568321249302846;0.14988066825775656
2020-11-21 15:00:00;0.2141662018962633;0.13221957040572793
2020-11-21 16:00:00;0.23312883435582826;0.1279236276849642
2020-11-21 17:00:00;0.22587841606246517;0.13890214797136038
2020-11-21 18:00:00;0.19353039598438374;0.16610978520286396
2020-11-21 19:00:00;0.20635805911879535;0.15417661097852028
2020-11-21 20:00:00;0.2281093139988846;0.12983293556085918
2020-11-21 21:00:00;0.14891243725599554;0.1847255369928401
2020-11-21 22:00:00;0.12771890686001117;0.1880668257756563
2020-11-21 23:00:00;0.15839375348577803;0.1522673031026253
2020-11-22 00:00:00;0.16397099832682654;0.15465393794749402
2020-11-22 01:00:00;0.1885108756274401;0.13890214797136038
2020-11-22 02:00:00;0.2141662018962633;0.12124105011933174
2020-11-22 03:00:00;0.19576129392080316;0.1279236276849642
2020-11-22 04:00:00;0.16843279419966536;0.14749403341288783
2020-11-22 05:00:00;0.16843279419966536;0.15560859188544154
2020-11-22 06:00:00;0.09704406023424428;0.22816229116945105
2020-11-22 07:00:00;0.05633017289459007;0.27159904534606205
2020-11-22 08:00:00;0.16285554935861685;0.16897374701670645
2020-11-22 09:00:00;0.13496932515337423;0.19474940334128876
2020-11-22 10:00:00;0.11377579475738986;0.2243436754176611
2020-11-22 11:00:00;0.06469604015616286;0.2649164677804296
2020-11-22 12:00:00;0.09983268265476855;0.24248210023866348
2020-11-22 13:00:00;0.10540992749581707;0.23675417661097853
2020-11-22 14:00:00;0.08198549916341327;0.2706443914081146
2020-11-22 15:00:00;0.10429447852760737;0.2558472553699284
2020-11-22 16:00:00;0.13608477412158393;0.2186157517899761
2020-11-22 17:00:00;0.16843279419966536;0.20954653937947493
2020-11-22 18:00:00;0.2163970998326827;0.16563245823389022
2020-11-22 19:00:00;0.2877858337981038;0.1116945107398568
2020-11-22 20:00:00;0.2638036809815951;0.12505966587112172
2020-11-22 21:00:00;0.2788622420524261;0.12458233890214798
2020-11-22 22:00:00;0.25320691578360294;0.12410501193317422
2020-11-22 23:00:00;0.21807027328499723;0.16610978520286396
2020-11-23 00:00:00;0.16731734523145567;0.18902147971360383
2020-11-23 01:00:00;0.11935303959843838;0.22243436754176613
2020-11-23 02:00:00;0.09035136642498606;0.25202863961813843
2020-11-23 03:00:00;0.09983268265476855;0.2233890214797136
2020-11-23 04:00:00;0.19576129392080316;0.13556085918854416
2020-11-23 05:00:00;0.2163970998326827;0.13269689737470167
2020-11-23 06:00:00;0.3067484662576687;0.07541766109785203
2020-11-23 07:00:00;0.40602342442833245;0.028162291169451077
2020-11-23 08:00:00;0.4015616285554936;0.02720763723150358
2020-11-23 09:00:00;0.4004461795872839;0.04152744630071599
2020-11-23 10:00:00;0.3608477412158394;0.06873508353221958
2020-11-23 11:00:00;0.23870607919687678;0.16085918854415276
2020-11-23 12:00:00;0.10652537646402677;0.26014319809069214
2020-11-23 13:00:00;0.12883435582822086;0.24105011933174225
2020-11-23 14:00:00;0.11935303959843838;0.2405727923627685
2020-11-23 15:00:00;0.14166201896263247;0.2295942720763723
2020-11-23 16:00:00;0.22476296709425547;0.14653937947494033
2020-11-23 17:00:00;0.29168990518683774;0.08639618138424822
2020-11-23 18:00:00;0.33742331288343563;0.038663484486873505
2020-11-23 19:00:00;0.33853876185164533;0.038663484486873505
2020-11-23 20:00:00;0.3128834355828221;0.052983293556085914
2020-11-23 21:00:00;0.31009481316229787;0.04152744630071599
2020-11-23 22:00:00;0.31622978248745126;0.02673031026252983
2020-11-23 23:00:00;0.28834355828220865;0.03341288782816229
2020-11-24 00:00:00;0.2163970998326827;0.057756563245823386
2020-11-24 01:00:00;0.17122141662018964;0.06109785202863962
2020-11-24 02:00:00;0.17902955939765758;0.06252983293556086
2020-11-24 03:00:00;0.1695482431678751;0.08210023866348448
2020-11-24 04:00:00;0.14166201896263247;0.0873508353221957
2020-11-24 05:00:00;0.11823759063022868;0.09212410501193317
2020-11-24 06:00:00;0.13218070273285;0.09116945107398569
2020-11-24 07:00:00;0.16062465142219745;0.07971360381861575
2020-11-24 08:00:00;0.2046848856664808;0.058233890214797135
2020-11-24 09:00:00;0.23870607919687678;0.05393794749403342
2020-11-24 10:00:00;0.20133853876185168;0.0801909307875895
2020-11-24 11:00:00;0.16062465142219745;0.1116945107398568
2020-11-24 12:00:00;0.12883435582822086;0.1513126491646778
2020-11-24 13:00:00;0.11712214166201898;0.16085918854415276
2020-11-24 14:00:00;0.16174010039040715;0.14940334128878283
2020-11-24 15:00:00;0.2788622420524261;0.08210023866348448
2020-11-24 16:00:00;0.33965421081985503;0.04677804295942721
2020-11-24 17:00:00;0.36642498605688795;0.03293556085918855
2020-11-24 18:00:00;0.3128834355828221;0.06157517899761337
2020-11-24 19:00:00;0.2972671500278863;0.056324582338902154
2020-11-24 20:00:00;0.25209146681539324;0.07971360381861575
2020-11-24 21:00:00;0.22364751812604577;0.07589498806682578
2020-11-24 22:00:00;0.21193530395984386;0.07446300715990453
2020-11-24 23:00:00;0.19687674288901286;0.07255369928400954
2020-11-25 00:00:00;0.18962632459564976;0.06921241050119331
2020-11-25 01:00:00;0.1801450083658673;0.06634844868735083
2020-11-25 02:00:00;0.16843279419966536;0.07064439140811456
2020-11-25 03:00:00;0.12548800892359177;0.09355608591885442
2020-11-25 04:00:00;0.15225878416062466;0.059665871121718374
2020-11-25 05:00:00;0.17902955939765758;0.05155131264916468
2020-11-25 06:00:00;0.18181818181818185;0.04582338902147971
2020-11-25 07:00:00;0.20524261015058565;0.03436754176610979
2020-11-25 08:00:00;0.22253206915783608;0.028162291169451077
2020-11-25 09:00:00;0.22587841606246517;0.03579952267303103
2020-11-25 10:00:00;0.21807027328499723;0.04868735083532219
2020-11-25 11:00:00;0.18516452872281097;0.08066825775656324
2020-11-25 12:00:00;0.13218070273285;0.12362768496420047
2020-11-25 13:00:00;0.1299498047964306;0.14176610978520285
2020-11-25 14:00:00;0.13608477412158393;0.1379474940334129
2020-11-25 15:00:00;0.16062465142219745;0.11360381861575179
2020-11-25 16:00:00;0.21807027328499723;0.06825775656324583
2020-11-25 17:00:00;0.23201338538761854;0.049164677804295946
2020-11-25 18:00:00;0.21918572225320695;0.06157517899761337
2020-11-25 19:00:00;0.2281093139988846;0.05346062052505966
2020-11-25 20:00:00;0.23424428332403796;0.050596658711217185
2020-11-25 21:00:00;0.2269938650306749;0.049642004773269695
2020-11-25 22:00:00;0.20970440602342447;0.056324582338902154
2020-11-25 23:00:00;0.21081985499163416;0.056801909307875896
2020-11-26 00:00:00;0.24261015058561072;0.0405727923627685
2020-11-26 01:00:00;0.24930284439486897;0.04009546539379475
2020-11-26 02:00:00;0.23424428332403796;0.036754176610978524
2020-11-26 03:00:00;0.22253206915783608;0.029594272076372316
2020-11-26 04:00:00;0.23312883435582826;0.023389021479713605
2020-11-26 05:00:00;0.22866703848298942;0.031503579952267304
2020-11-26 06:00:00;0.2632459564974903;0.02243436754176611
2020-11-26 07:00:00;0.3128834355828221;0.03341288782816229
2020-11-26 08:00:00;0.28109313998884555;0.07064439140811456
2020-11-26 09:00:00;0.2621305075292806;0.09355608591885442
2020-11-26 10:00:00;0.26826547685443397;0.11408114558472553
2020-11-26 11:00:00;0.31009481316229787;0.08878281622911695
2020-11-26 12:00:00;0.2610150585610709;0.1350835322195704
2020-11-26 13:00:00;0.3056330172894591;0.10883054892601432
2020-11-26 14:00:00;0.3418851087562745;0.0782816229116945
2020-11-26 15:00:00;0.36642498605688795;0.04725536992840096
2020-11-26 16:00:00;0.2972671500278863;0.1054892601431981
2020-11-26 17:00:00;0.28834355828220865;0.12171837708830549
2020-11-26 18:00:00;0.33742331288343563;0.07923627684964202
2020-11-26 19:00:00;0.33017289459007254;0.09689737470167065
2020-11-26 20:00:00;0.29615170105967653;0.11217183770883055
2020-11-26 21:00:00;0.27997769102063585;0.08210023866348448
2020-11-26 22:00:00;0.19799219185722255;0.1470167064439141
2020-11-26 23:00:00;0.20970440602342447;0.12744630071599045
2020-11-27 00:00:00;0.15727830451756833;0.17708830548926016
2020-11-27 01:00:00;0.10540992749581707;0.2343675417661098
2020-11-27 02:00:00;0.0736196319018405;0.2725536992840096
2020-11-27 03:00:00;0.05744562186279978;0.27971360381861576
2020-11-27 04:00:00;0.09035136642498606;0.21622911694510738
2020-11-27 05:00:00;0.16508644729503624;0.1513126491646778
2020-11-27 06:00:00;0.2598996095928612;0.06921241050119331
2020-11-27 07:00:00;0.3407696597880647;0.027684964200477325
2020-11-27 08:00:00;0.35359732292247636;0.027684964200477325
2020-11-27 09:00:00;0.3407696597880647;0.04152744630071599
2020-11-27 10:00:00;0.28555493586168434;0.09355608591885442
2020-11-27 11:00:00;0.2877858337981038;0.07684964200477327
2020-11-27 12:00:00;0.28220858895705525;0.07589498806682578
2020-11-27 13:00:00;0.27161182375906306;0.0730310262529833
2020-11-27 14:00:00;0.2576687116564418;0.06062052505966587
2020-11-27 15:00:00;0.27161182375906306;0.03627684964200477
2020-11-27 16:00:00;0.27161182375906306;0.025298329355608593
2020-11-27 17:00:00;0.2587841606246515;0.022911694510739856
2020-11-27 18:00:00;0.24261015058561072;0.023389021479713605
2020-11-27 19:00:00;0.24261015058561072;0.023389021479713605
2020-11-27 20:00:00;0.24372559955382045;0.023389021479713605
2020-11-27 21:00:00;0.22253206915783608;0.023389021479713605
2020-11-27 22:00:00;0.23312883435582826;0.02386634844868735
2020-11-27 23:00:00;0.23647518126045738;0.023389021479713605
2020-11-28 00:00:00;0.23201338538761854;0.023389021479713605
2020-11-28 01:00:00;0.23201338538761854;0.023389021479713605
2020-11-28 02:00:00;0.2269938650306749;0.023389021479713605
2020-11-28 03:00:00;0.20635805911879535;0.02243436754176611
2020-11-28 04:00:00;0.19185722253206922;0.022911694510739856
2020-11-28 05:00:00;0.17902955939765758;0.022911694510739856
2020-11-28 06:00:00;0.17902955939765758;0.023389021479713605
2020-11-28 07:00:00;0.18627997769102064;0.023389021479713605
2020-11-28 08:00:00;0.19687674288901286;0.02386634844868735
2020-11-28 09:00:00;0.20747350808700504;0.026252983293556086
2020-11-28 10:00:00;0.19910764082543228;0.03007159904534606
2020-11-28 11:00:00;0.18516452872281097;0.03389021479713604
2020-11-28 12:00:00;0.18181818181818185;0.036754176610978524
2020-11-28 13:00:00;0.19910764082543228;0.037231503579952266
2020-11-28 14:00:00;0.20524261015058565;0.04486873508353222
2020-11-28 15:00:00;0.22364751812604577;0.04343675417661098
2020-11-28 16:00:00;0.22978248745119914;0.03054892601431981
2020-11-28 17:00:00;0.23312883435582826;0.023389021479713605
2020-11-28 18:00:00;0.2046848856664808;0.031026252983293555
2020-11-28 19:00:00;0.2141662018962633;0.03389021479713604
2020-11-28 20:00:00;0.19353039598438374;0.04677804295942721
2020-11-28 21:00:00;0.13943112102621305;0.07732696897374701
2020-11-28 22:00:00;0.12660345789180147;0.08639618138424822
2020-11-28 23:00:00;0.09258226436140549;0.13031026252983294
2020-11-29 00:00:00;0.09035136642498606;0.12267303102625297
2020-11-29 01:00:00;0.09983268265476855;0.10596658711217183
2020-11-29 02:00:00;0.10652537646402677;0.09689737470167065
2020-11-29 03:00:00;0.0853318460680424;0.12267303102625297
2020-11-29 04:00:00;0.06804238706079196;0.13221957040572793
2020-11-29 05:00:00;0.0630228667038483;0.13365155131264916
2020-11-29 06:00:00;0.0619074177356386;0.13747016706443915
2020-11-29 07:00:00;0.0853318460680424;0.11694510739856802
2020-11-29 08:00:00;0.07640825432236475;0.12458233890214798
2020-11-29 09:00:00;0.08310094813162298;0.12028639618138424
2020-11-29 10:00:00;0.08700501952035695;0.11551312649164677
2020-11-29 11:00:00;0.10429447852760737;0.11360381861575179
2020-11-29 12:00:00;0.09146681539319576;0.1269689737470167
2020-11-29 13:00:00;0.10652537646402677;0.12505966587112172
2020-11-29 14:00:00;0.12883435582822086;0.11121718377088306
2020-11-29 15:00:00;0.1438929168990519;0.0954653937947494
2020-11-29 16:00:00;0.18962632459564976;0.0658711217183771
2020-11-29 17:00:00;0.22364751812604577;0.0405727923627685
2020-11-29 18:00:00;0.2046848856664808;0.05107398568019093
2020-11-29 19:00:00;0.20635805911879535;0.049642004773269695
2020-11-29 20:00:00;0.21528165086447298;0.04248210023866349
2020-11-29 21:00:00;0.23424428332403796;0.025298329355608593
2020-11-29 22:00:00;0.20970440602342447;0.03007159904534606
2020-11-29 23:00:00;0.2141662018962633;0.02577565632458234
2020-11-30 00:00:00;0.20635805911879535;0.024821002386634847
2020-11-30 01:00:00;0.19464584495259346;0.027684964200477325
2020-11-30 02:00:00;0.19464584495259346;0.029594272076372316
2020-11-30 03:00:00;0.2163970998326827;0.024821002386634847
2020-11-30 04:00:00;0.23089793641940887;0.023389021479713605
2020-11-30 05:00:00;0.24149470161740105;0.02386634844868735
2020-11-30 06:00:00;0.2504182933630787;0.023389021479713605
2020-11-30 07:00:00;0.2504182933630787;0.023389021479713605
2020-11-30 08:00:00;0.20635805911879535;0.024821002386634847
2020-11-30 09:00:00;0.18962632459564976;0.02720763723150358
2020-11-30 10:00:00;0.20858895705521477;0.02720763723150358
2020-11-30 11:00:00;0.21081985499163416;0.02720763723150358
2020-11-30 12:00:00;0.19910764082543228;0.031026252983293555
2020-11-30 13:00:00;0.18962632459564976;0.03341288782816229
2020-11-30 14:00:00;0.20524261015058565;0.029594272076372316
2020-11-30 15:00:00;0.22253206915783608;0.029594272076372316
2020-11-30 16:00:00;0.23982152816508648;0.02720763723150358
2020-11-30 17:00:00;0.21193530395984386;0.02386634844868735
2020-11-30 18:00:00;0.23870607919687678;0.024343675417661095
2020-11-30 19:00:00;0.24037925264919133;0.023389021479713605
2020-11-30 20:00:00;0.19687674288901286;0.08162291169451075
2020-11-30 21:00:00;0.15727830451756833;0.12267303102625297
2020-11-30 22:00:00;0.10317902955939767;0.21241050119331742
2020-11-30 23:00:00;0.05967651979921919;0.2840095465393795
2020-12-01 00:00:00;0.028443948689347465;0.3183770883054893
2020-12-01 01:00:00;0.027328499721137763;0.3360381861575179
2020-12-01 02:00:00;0.027328499721137763;0.3288782816229117
2020-12-01 03:00:00;0.028443948689347465;0.3260143198090692
2020-12-01 04:00:00;0.030674846625766874;0.32315035799522673
2020-12-01 05:00:00;0.03179029559397658;0.3326968973747017
2020-12-01 06:00:00;0.04238706079196877;0.3341288782816229
2020-12-01 07:00:00;0.08198549916341327;0.30978520286396183
2020-12-01 08:00:00;0.07640825432236475;0.313126491646778
2020-12-01 09:00:00;0.0747350808700502;0.3183770883054893
2020-12-01 10:00:00;0.10652537646402677;0.3059665871121718
2020-12-01 11:00:00;0.08310094813162298;0.3011933174224344
2020-12-01 12:00:00;0.08087005019520357;0.313126491646778
2020-12-01 13:00:00;0.06692693809258227;0.3193317422434368
2020-12-01 14:00:00;0.08087005019520357;0.31026252983293556
2020-12-01 15:00:00;0.11266034578918015;0.2892601431980907
2020-12-01 16:00:00;0.13608477412158393;0.26252983293556087
2020-12-01 17:00:00;0.14779698828778584;0.22720763723150358
2020-12-01 18:00:00;0.18404907975460125;0.17136038186157518
2020-12-01 19:00:00;0.13608477412158393;0.1775656324582339
2020-12-01 20:00:00;0.17679866146123815;0.14463007159904534
2020-12-01 21:00:00;0.17568321249302846;0.1279236276849642
2020-12-01 22:00:00;0.15114333519241496;0.1360381861575179
2020-12-01 23:00:00;0.15337423312883436;0.10501193317422435
2020-12-02 00:00:00;0.17122141662018964;0.07494033412887828
2020-12-02 01:00:00;0.19353039598438374;0.04152744630071599
2020-12-02 02:00:00;0.17568321249302846;0.04486873508353222
2020-12-02 03:00:00;0.17233686558839934;0.03818615751789976
2020-12-02 04:00:00;0.18962632459564976;0.024343675417661095
2020-12-02 05:00:00;0.18962632459564976;0.021957040572792363
2020-12-02 06:00:00;0.19185722253206922;0.02243436754176611
2020-12-02 07:00:00;0.1907417735638595;0.02243436754176611
2020-12-02 08:00:00;0.19185722253206922;0.022911694510739856
2020-12-02 09:00:00;0.1801450083658673;0.024343675417661095
2020-12-02 10:00:00;0.17679866146123815;0.02577565632458234
2020-12-02 11:00:00;0.19353039598438374;0.025298329355608593
2020-12-02 12:00:00;0.20356943669827107;0.028162291169451077
2020-12-02 13:00:00;0.2024539877300614;0.028639618138424822
2020-12-02 14:00:00;0.20524261015058565;0.02720763723150358
2020-12-02 15:00:00;0.19185722253206922;0.028639618138424822
2020-12-02 16:00:00;0.19910764082543228;0.023389021479713605
2020-12-02 17:00:00;0.2141662018962633;0.022911694510739856
2020-12-02 18:00:00;0.20524261015058565;0.022911694510739856
2020-12-02 19:00:00;0.20970440602342447;0.02243436754176611
2020-12-02 20:00:00;0.22141662018962635;0.02243436754176611
2020-12-02 21:00:00;0.2587841606246515;0.02577565632458234
2020-12-02 22:00:00;0.24595649749023984;0.021957040572792363
2020-12-02 23:00:00;0.2621305075292806;0.06062052505966587
2020-12-03 00:00:00;0.19687674288901286;0.120763723150358
2020-12-03 01:00:00;0.15672058003346348;0.1522673031026253
2020-12-03 02:00:00;0.16843279419966536;0.1379474940334129
2020-12-03 03:00:00;0.19576129392080316;0.11789976133651552
2020-12-03 04:00:00;0.26938092582264367;0.05918854415274463
2020-12-03 05:00:00;0.15839375348577803;0.12935560859188544
2020-12-03 06:00:00;0.17345231455660903;0.12410501193317422
2020-12-03 07:00:00;0.17791411042944785;0.11503579952267304
2020-12-03 08:00:00;0.20524261015058565;0.09116945107398569
2020-12-03 09:00:00;0.16620189626324597;0.1317422434367542
2020-12-03 10:00:00;0.15950920245398773;0.1331742243436754
2020-12-03 11:00:00;0.15672058003346348;0.14653937947494033
2020-12-03 12:00:00;0.14668153931957614;0.13365155131264916
2020-12-03 13:00:00;0.13720022308979365;0.13556085918854416
2020-12-03 14:00:00;0.17679866146123815;0.11121718377088306
2020-12-03 15:00:00;0.2281093139988846;0.09212410501193317
2020-12-03 16:00:00;0.19576129392080316;0.11360381861575179
2020-12-03 17:00:00;0.16620189626324597;0.11551312649164677
2020-12-03 18:00:00;0.18181818181818185;0.10119331742243437
2020-12-03 19:00:00;0.17456776352481876;0.09928400954653939
2020-12-03 20:00:00;0.16620189626324597;0.11551312649164677
2020-12-03 21:00:00;0.12325711098717233;0.14844868735083533
2020-12-03 22:00:00;0.11377579475738986;0.17088305489260142
2020-12-03 23:00:00;0.11712214166201898;0.14988066825775656
2020-12-04 00:00:00;0.12046848856664807;0.15369928400954655
2020-12-04 01:00:00;0.12883435582822086;0.15083532219570406
2020-12-04 02:00:00;0.10652537646402677;0.16754176610978522
2020-12-04 03:00:00;0.10429447852760737;0.16563245823389022
2020-12-04 04:00:00;0.10652537646402677;0.1718377088305489
2020-12-04 05:00:00;0.11712214166201898;0.17422434367541767
2020-12-04 06:00:00;0.14054656999442278;0.18902147971360383
2020-12-04 07:00:00;0.1299498047964306;0.22291169451073986
2020-12-04 08:00:00;0.10540992749581707;0.2486873508353222
2020-12-04 09:00:00;0.11489124372559956;0.23293556085918854
2020-12-04 10:00:00;0.15337423312883436;0.21050119331742245
2020-12-04 11:00:00;0.13720022308979365;0.22577565632458232
2020-12-04 12:00:00;0.10206358059118796;0.2591885441527446
2020-12-04 13:00:00;0.09871723368655884;0.2610978520286396
2020-12-04 14:00:00;0.1215839375348578;0.23627684964200477
2020-12-04 15:00:00;0.22253206915783608;0.15894988066825774
2020-12-04 16:00:00;0.20635805911879535;0.1775656324582339
2020-12-04 17:00:00;0.1801450083658673;0.19427207637231506
2020-12-04 18:00:00;0.1907417735638595;0.19236276849642003
2020-12-04 19:00:00;0.23759063022866708;0.14844868735083533
2020-12-04 20:00:00;0.23870607919687678;0.13269689737470167
2020-12-04 21:00:00;0.27161182375906306;0.09976133651551312
2020-12-04 22:00:00;0.27495817066369216;0.09832935560859189
2020-12-04 23:00:00;0.20970440602342447;0.14033412887828162
2020-12-05 00:00:00;0.2972671500278863;0.06873508353221958
2020-12-05 01:00:00;0.31399888455103186;0.05107398568019093
2020-12-05 02:00:00;0.27049637479085337;0.06825775656324583
2020-12-05 03:00:00;0.29392080312325713;0.05346062052505966
2020-12-05 04:00:00;0.29057445621862804;0.05393794749403342
2020-12-05 05:00:00;0.2950362520914669;0.04582338902147971
2020-12-05 06:00:00;0.2638036809815951;0.0730310262529833
2020-12-05 07:00:00;0.2621305075292806;0.0558472553699284
2020-12-05 08:00:00;0.2598996095928612;0.04105011933174224
2020-12-05 09:00:00;0.23535973229224766;0.07159904534606205
2020-12-05 10:00:00;0.22866703848298942;0.0873508353221957
2020-12-05 11:00:00;0.17010596765197994;0.15178997613365156
2020-12-05 12:00:00;0.1907417735638595;0.14176610978520285
2020-12-05 13:00:00;0.17456776352481876;0.1766109785202864
2020-12-05 14:00:00;0.15114333519241496;0.2052505966587112
2020-12-05 15:00:00;0.12437255995538206;0.24343675417661098
2020-12-05 16:00:00;0.20133853876185168;0.16467780429594273
2020-12-05 17:00:00;0.25655326268823203;0.10214797136038185
2020-12-05 18:00:00;0.3452314556609036;0.03293556085918855
2020-12-05 19:00:00;0.3608477412158394;0.02720763723150358
2020-12-05 20:00:00;0.35248187395426667;0.028162291169451077
2020-12-05 21:00:00;0.3597322922476297;0.03007159904534606
2020-12-05 22:00:00;0.3502509760178472;0.03054892601431981
2020-12-05 23:00:00;0.2587841606246515;0.08305489260143198
2020-12-06 00:00:00;0.24484104852203017;0.0730310262529833
2020-12-06 01:00:00;0.24707194645844957;0.06157517899761337
2020-12-06 02:00:00;0.22030117122141665;0.07684964200477327
2020-12-06 03:00:00;0.23201338538761854;0.05107398568019093
2020-12-06 04:00:00;0.20747350808700504;0.05107398568019093
2020-12-06 05:00:00;0.23089793641940887;0.024343675417661095
2020-12-06 06:00:00;0.22978248745119914;0.023389021479713605
2020-12-06 07:00:00;0.24372559955382045;0.022911694510739856
2020-12-06 08:00:00;0.25209146681539324;0.023389021479713605
2020-12-06 09:00:00;0.2610150585610709;0.026252983293556086
2020-12-06 10:00:00;0.24149470161740105;0.03818615751789976
2020-12-06 11:00:00;0.19799219185722255;0.057756563245823386
2020-12-06 12:00:00;0.2141662018962633;0.05441527446300716
2020-12-06 13:00:00;0.20858895705521477;0.04868735083532219
2020-12-06 14:00:00;0.20635805911879535;0.04486873508353222
2020-12-06 15:00:00;0.20970440602342447;0.03914081145584725
2020-12-06 16:00:00;0.20970440602342447;0.031503579952267304
2020-12-06 17:00:00;0.24037925264919133;0.022911694510739856
2020-12-06 18:00:00;0.24037925264919133;0.022911694510739856
2020-12-06 19:00:00;0.23201338538761854;0.022911694510739856
2020-12-06 20:00:00;0.23312883435582826;0.023389021479713605
2020-12-06 21:00:00;0.23424428332403796;0.023389021479713605
2020-12-06 22:00:00;0.23312883435582826;0.023389021479713605
2020-12-06 23:00:00;0.23647518126045738;0.024343675417661095
2020-12-07 00:00:00;0.29392080312325713;0.024343675417661095
2020-12-07 01:00:00;0.3151143335192415;0.017183770883054894
2020-12-07 02:00:00;0.25209146681539324;0.049164677804295946
2020-12-07 03:00:00;0.14054656999442278;0.11503579952267304
2020-12-07 04:00:00;0.15727830451756833;0.09355608591885442
2020-12-07 05:00:00;0.15560513106525378;0.12983293556085918
2020-12-07 06:00:00;0.2621305075292806;0.06778042959427208
2020-12-07 07:00:00;0.3876185164528723;0.021957040572792363
2020-12-07 08:00:00;0.35359732292247636;0.03389021479713604
2020-12-07 09:00:00;0.37925264919129953;0.032458233890214794
2020-12-07 10:00:00;0.3229224762967095;0.03579952267303103
2020-12-07 11:00:00;0.27774679308421646;0.04152744630071599
2020-12-07 12:00:00;0.24707194645844957;0.050119331742243436
2020-12-07 13:00:00;0.23535973229224766;0.043914081145584725
2020-12-07 14:00:00;0.2587841606246515;0.03532219570405728
2020-12-07 15:00:00;0.2621305075292806;0.03389021479713604
2020-12-07 16:00:00;0.2621305075292806;0.029116945107398567
2020-12-07 17:00:00;0.23870607919687678;0.03389021479713604
2020-12-07 18:00:00;0.24707194645844957;0.027684964200477325
2020-12-07 19:00:00;0.25543781372002233;0.02243436754176611
2020-12-07 20:00:00;0.27049637479085337;0.023389021479713605
2020-12-07 21:00:00;0.27384272169548246;0.02673031026252983
2020-12-07 22:00:00;0.1801450083658673;0.11503579952267304
2020-12-07 23:00:00;0.10987172336865589;0.16085918854415276
2020-12-08 00:00:00;0.10094813162297825;0.1766109785202864
2020-12-08 01:00:00;0.22030117122141665;0.06682577565632458
2020-12-08 02:00:00;0.28555493586168434;0.024343675417661095
2020-12-08 03:00:00;0.24372559955382045;0.04821002386634845
2020-12-08 04:00:00;0.22141662018962635;0.03627684964200477
2020-12-08 05:00:00;0.23201338538761854;0.027684964200477325
2020-12-08 06:00:00;0.25209146681539324;0.023389021479713605
2020-12-08 07:00:00;0.3011712214166202;0.02052505966587112
2020-12-08 08:00:00;0.30005577244841053;0.021957040572792363
2020-12-08 09:00:00;0.2649191299498048;0.024343675417661095
2020-12-08 10:00:00;0.2766313441160067;0.026252983293556086
2020-12-08 11:00:00;0.24818739542665924;0.03436754176610979
2020-12-08 12:00:00;0.24484104852203017;0.03914081145584725
2020-12-08 13:00:00;0.25655326268823203;0.03914081145584725
2020-12-08 14:00:00;0.25320691578360294;0.04582338902147971
2020-12-08 15:00:00;0.29615170105967653;0.029594272076372316
2020-12-08 16:00:00;0.3229224762967095;0.02100238663484487
2020-12-08 17:00:00;0.3234802007808143;0.02243436754176611
2020-12-08 18:00:00;0.2866703848298941;0.021957040572792363
2020-12-08 19:00:00;0.28109313998884555;0.021479713603818614
2020-12-08 20:00:00;0.29392080312325713;0.022911694510739856
2020-12-08 21:00:00;0.298382598996096;0.02243436754176611
2020-12-08 22:00:00;0.298382598996096;0.022911694510739856
2020-12-08 23:00:00;0.26938092582264367;0.02243436754176611
2020-12-09 00:00:00;0.2671500278862243;0.021957040572792363
2020-12-09 01:00:00;0.2660345789180145;0.021957040572792363
2020-12-09 02:00:00;0.25432236475181264;0.021479713603818614
2020-12-09 03:00:00;0.2281093139988846;0.021957040572792363
2020-12-09 04:00:00;0.20970440602342447;0.021957040572792363
2020-12-09 05:00:00;0.20747350808700504;0.021957040572792363
2020-12-09 06:00:00;0.20970440602342447;0.021957040572792363
2020-12-09 07:00:00;0.23089793641940887;0.021479713603818614
2020-12-09 08:00:00;0.22030117122141665;0.024821002386634847
2020-12-09 09:00:00;0.19185722253206922;0.043914081145584725
2020-12-09 10:00:00;0.2024539877300614;0.04821002386634845
2020-12-09 11:00:00;0.19687674288901286;0.0558472553699284
2020-12-09 12:00:00;0.17568321249302846;0.06634844868735083
2020-12-09 13:00:00;0.20858895705521477;0.044391408114558474
2020-12-09 14:00:00;0.22253206915783608;0.03436754176610979
2020-12-09 15:00:00;0.25209146681539324;0.02720763723150358
2020-12-09 16:00:00;0.25320691578360294;0.022911694510739856
2020-12-09 17:00:00;0.24484104852203017;0.026252983293556086
2020-12-09 18:00:00;0.24595649749023984;0.026252983293556086
2020-12-09 19:00:00;0.24818739542665924;0.02243436754176611
2020-12-09 20:00:00;0.24372559955382045;0.022911694510739856
2020-12-09 21:00:00;0.24037925264919133;0.02243436754176611
2020-12-09 22:00:00;0.24707194645844957;0.02243436754176611
2020-12-09 23:00:00;0.24037925264919133;0.023389021479713605
2020-12-10 00:00:00;0.21528165086447298;0.027684964200477325
2020-12-10 01:00:00;0.1907417735638595;0.04152744630071599
2020-12-10 02:00:00;0.15560513106525378;0.0639618138424821
2020-12-10 03:00:00;0.13218070273285;0.08066825775656324
2020-12-10 04:00:00;0.14779698828778584;0.06252983293556086
2020-12-10 05:00:00;0.19464584495259346;0.029594272076372316
2020-12-10 06:00:00;0.19576129392080316;0.029594272076372316
2020-12-10 07:00:00;0.21918572225320695;0.02673031026252983
2020-12-10 08:00:00;0.2269938650306749;0.02720763723150358
2020-12-10 09:00:00;0.24707194645844957;0.026252983293556086
2020-12-10 10:00:00;0.24484104852203017;0.03007159904534606
2020-12-10 11:00:00;0.2504182933630787;0.03293556085918855
2020-12-10 12:00:00;0.23870607919687678;0.04868735083532219
2020-12-10 13:00:00;0.2269938650306749;0.06300715990453461
2020-12-10 14:00:00;0.22866703848298942;0.06730310262529833
2020-12-10 15:00:00;0.2671500278862243;0.045346062052505964
2020-12-10 16:00:00;0.28443948689347465;0.028162291169451077
2020-12-10 17:00:00;0.28834355828220865;0.02243436754176611
2020-12-10 18:00:00;0.2877858337981038;0.02243436754176611
2020-12-10 19:00:00;0.29168990518683774;0.02243436754176611
2020-12-10 20:00:00;0.27774679308421646;0.022911694510739856
2020-12-10 21:00:00;0.26938092582264367;0.02386634844868735
2020-12-10 22:00:00;0.2621305075292806;0.024821002386634847
2020-12-10 23:00:00;0.2610150585610709;0.028162291169451077
2020-12-11 00:00:00;0.2649191299498048;0.026252983293556086
2020-12-11 01:00:00;0.23201338538761854;0.036754176610978524
2020-12-11 02:00:00;0.20524261015058565;0.050596658711217185
2020-12-11 03:00:00;0.19464584495259346;0.05107398568019093
2020-12-11 04:00:00;0.20970440602342447;0.050119331742243436
2020-12-11 05:00:00;0.19576129392080316;0.05441527446300716
2020-12-11 06:00:00;0.18404907975460125;0.06300715990453461
2020-12-11 07:00:00;0.18962632459564976;0.058711217183770883
2020-12-11 08:00:00;0.20747350808700504;0.04582338902147971
2020-12-11 09:00:00;0.21193530395984386;0.0405727923627685
2020-12-11 10:00:00;0.2141662018962633;0.04343675417661098
2020-12-11 11:00:00;0.23424428332403796;0.03389021479713604
2020-12-11 12:00:00;0.23201338538761854;0.03961813842482101
2020-12-11 13:00:00;0.21807027328499723;0.04295942720763723
2020-12-11 14:00:00;0.2163970998326827;0.04152744630071599
2020-12-11 15:00:00;0.24595649749023984;0.031026252983293555
2020-12-11 16:00:00;0.2610150585610709;0.02673031026252983
2020-12-11 17:00:00;0.2671500278862243;0.028639618138424822
2020-12-11 18:00:00;0.25432236475181264;0.028162291169451077
2020-12-11 19:00:00;0.2576687116564418;0.03007159904534606
2020-12-11 20:00:00;0.23424428332403796;0.037231503579952266
2020-12-11 21:00:00;0.23870607919687678;0.03532219570405728
2020-12-11 22:00:00;0.23535973229224766;0.027684964200477325
2020-12-11 23:00:00;0.23759063022866708;0.025298329355608593
2020-12-12 00:00:00;0.23201338538761854;0.024821002386634847
2020-12-12 01:00:00;0.22866703848298942;0.023389021479713605
2020-12-12 02:00:00;0.22141662018962635;0.023389021479713605
2020-12-12 03:00:00;0.21193530395984386;0.021957040572792363
2020-12-12 04:00:00;0.21193530395984386;0.021957040572792363
2020-12-12 05:00:00;0.20747350808700504;0.021957040572792363
2020-12-12 06:00:00;0.20970440602342447;0.021957040572792363
2020-12-12 07:00:00;0.23201338538761854;0.02243436754176611
2020-12-12 08:00:00;0.24484104852203017;0.02243436754176611
2020-12-12 09:00:00;0.24037925264919133;0.02577565632458234
2020-12-12 10:00:00;0.21695482431678756;0.03436754176610979
2020-12-12 11:00:00;0.2660345789180145;0.02673031026252983
2020-12-12 12:00:00;0.2632459564974903;0.0405727923627685
2020-12-12 13:00:00;0.19185722253206922;0.11455847255369929
2020-12-12 14:00:00;0.1310652537646403;0.1575178997613365
2020-12-12 15:00:00;0.15839375348577803;0.12505966587112172
2020-12-12 16:00:00;0.21695482431678756;0.09212410501193317
2020-12-12 17:00:00;0.31009481316229787;0.027684964200477325
2020-12-12 18:00:00;0.27607361963190186;0.036754176610978524
2020-12-12 19:00:00;0.2671500278862243;0.03198090692124105
2020-12-12 20:00:00;0.28555493586168434;0.02386634844868735
2020-12-12 21:00:00;0.27607361963190186;0.021957040572792363
2020-12-12 22:00:00;0.2576687116564418;0.02386634844868735
2020-12-12 23:00:00;0.24149470161740105;0.023389021479713605
2020-12-13 00:00:00;0.1907417735638595;0.04486873508353222
2020-12-13 01:00:00;0.17122141662018964;0.04009546539379475
2020-12-13 02:00:00;0.1885108756274401;0.04152744630071599
2020-12-13 03:00:00;0.22253206915783608;0.026252983293556086
2020-12-13 04:00:00;0.18126045733407697;0.04677804295942721
2020-12-13 05:00:00;0.19910764082543228;0.059665871121718374
2020-12-13 06:00:00;0.10764082543223649;0.12315035799522674
2020-12-13 07:00:00;0.15839375348577803;0.09689737470167065
2020-12-13 08:00:00;0.22587841606246517;0.07064439140811456
2020-12-13 09:00:00;0.19687674288901286;0.07971360381861575
2020-12-13 10:00:00;0.13720022308979365;0.10214797136038185
2020-12-13 11:00:00;0.14277746793084217;0.10310262529832936
2020-12-13 12:00:00;0.15114333519241496;0.11312649164677804
2020-12-13 13:00:00;0.16620189626324597;0.13556085918854416
2020-12-13 14:00:00;0.16843279419966536;0.16085918854415276
2020-12-13 15:00:00;0.22364751812604577;0.13269689737470167
2020-12-13 16:00:00;0.18181818181818185;0.1718377088305489
2020-12-13 17:00:00;0.14891243725599554;0.20286396181384247
2020-12-13 18:00:00;0.15950920245398773;0.1847255369928401
2020-12-13 19:00:00;0.098159509202454;0.2262529832935561
2020-12-13 20:00:00;0.09258226436140549;0.22577565632458232
2020-12-13 21:00:00;0.09146681539319576;0.22482100238663486
2020-12-13 22:00:00;0.09592861126603458;0.21670644391408114
2020-12-13 23:00:00;0.098159509202454;0.21241050119331742
2020-12-14 00:00:00;0.12660345789180147;0.19045346062052504
2020-12-14 01:00:00;0.11266034578918015;0.20763723150357996
2020-12-14 02:00:00;0.12660345789180147;0.18377088305489261
2020-12-14 03:00:00;0.10317902955939767;0.18233890214797138
2020-12-14 04:00:00;0.1299498047964306;0.15799522673031027
2020-12-14 05:00:00;0.1215839375348578;0.1637231503579952
2020-12-14 06:00:00;0.1438929168990519;0.1460620525059666
2020-12-14 07:00:00;0.13943112102621305;0.15417661097852028
2020-12-14 08:00:00;0.11377579475738986;0.16610978520286396
2020-12-14 09:00:00;0.11377579475738986;0.16992840095465395
2020-12-14 10:00:00;0.11042944785276075;0.17613365155131264
2020-12-14 11:00:00;0.11266034578918015;0.18138424821002386
2020-12-14 12:00:00;0.14166201896263247;0.15704057279236275
2020-12-14 13:00:00;0.14166201896263247;0.1684964200477327
2020-12-14 14:00:00;0.14166201896263247;0.1632458233890215
2020-12-14 15:00:00;0.14166201896263247;0.15799522673031027
2020-12-14 16:00:00;0.2130507529280536;0.10883054892601432
2020-12-14 17:00:00;0.28109313998884555;0.06873508353221958
2020-12-14 18:00:00;0.2587841606246515;0.07494033412887828
2020-12-14 19:00:00;0.2866703848298941;0.04343675417661098
2020-12-14 20:00:00;0.2638036809815951;0.037708830548926014
2020-12-14 21:00:00;0.25432236475181264;0.04105011933174224
2020-12-14 22:00:00;0.21918572225320695;0.07255369928400954
2020-12-14 23:00:00;0.23982152816508648;0.05346062052505966
2020-12-15 00:00:00;0.16843279419966536;0.08305489260143198
2020-12-15 01:00:00;0.17010596765197994;0.06825775656324583
2020-12-15 02:00:00;0.20022308979364198;0.04105011933174224
2020-12-15 03:00:00;0.16508644729503624;0.06491646778042959
2020-12-15 04:00:00;0.08421639709983268;0.1279236276849642
2020-12-15 05:00:00;0.08923591745677636;0.11646778042959427
2020-12-15 06:00:00;0.11489124372559956;0.10501193317422435
2020-12-15 07:00:00;0.15560513106525378;0.07255369928400954
2020-12-15 08:00:00;0.17679866146123815;0.058711217183770883
2020-12-15 09:00:00;0.20133853876185168;0.04868735083532219
2020-12-15 10:00:00;0.21695482431678756;0.049164677804295946
2020-12-15 11:00:00;0.22587841606246517;0.05536992840095465
2020-12-15 12:00:00;0.23089793641940887;0.058711217183770883
2020-12-15 13:00:00;0.2269938650306749;0.05393794749403342
2020-12-15 14:00:00;0.2515337423312884;0.056324582338902154
2020-12-15 15:00:00;0.2660345789180145;0.057756563245823386
2020-12-15 16:00:00;0.27272727272727276;0.06968973747016706
2020-12-15 17:00:00;0.2950362520914669;0.036754176610978524
2020-12-15 18:00:00;0.3034021193530397;0.026252983293556086
2020-12-15 19:00:00;0.28945900725041834;0.03389021479713604
2020-12-15 20:00:00;0.2972671500278863;0.029594272076372316
2020-12-15 21:00:00;0.28109313998884555;0.031026252983293555
2020-12-15 22:00:00;0.2598996095928612;0.03818615751789976
2020-12-15 23:00:00;0.25432236475181264;0.04009546539379475
2020-12-16 00:00:00;0.27774679308421646;0.026252983293556086
2020-12-16 01:00:00;0.28945900725041834;0.02386634844868735
2020-12-16 02:00:00;0.27997769102063585;0.025298329355608593
2020-12-16 03:00:00;0.2660345789180145;0.02577565632458234
2020-12-16 04:00:00;0.25320691578360294;0.02673031026252983
2020-12-16 05:00:00;0.2281093139988846;0.03389021479713604
2020-12-16 06:00:00;0.20635805911879535;0.056324582338902154
2020-12-16 07:00:00;0.24930284439486897;0.038663484486873505
2020-12-16 08:00:00;0.20858895705521477;0.08162291169451075
2020-12-16 09:00:00;0.23312883435582826;0.06062052505966587
2020-12-16 10:00:00;0.20970440602342447;0.08926014319809068
2020-12-16 11:00:00;0.21807027328499723;0.0873508353221957
2020-12-16 12:00:00;0.20970440602342447;0.12028639618138424
2020-12-16 13:00:00;0.16731734523145567;0.1637231503579952
2020-12-16 14:00:00;0.28443948689347465;0.07159904534606205
2020-12-16 15:00:00;0.3229224762967095;0.04821002386634845
2020-12-16 16:00:00;0.31846068042387066;0.03627684964200477
2020-12-16 17:00:00;0.30897936419408817;0.02720763723150358
2020-12-16 18:00:00;0.31176798661461247;0.02673031026252983
2020-12-16 19:00:00;0.29615170105967653;0.032458233890214794
2020-12-16 20:00:00;0.24595649749023984;0.06968973747016706
2020-12-16 21:00:00;0.18739542665923037;0.10214797136038185
2020-12-16 22:00:00;0.17791411042944785;0.10310262529832936
2020-12-16 23:00:00;0.2281093139988846;0.059665871121718374
2020-12-17 00:00:00;0.2024539877300614;0.08782816229116945
2020-12-17 01:00:00;0.14668153931957614;0.11026252983293557
2020-12-17 02:00:00;0.2504182933630787;0.028639618138424822
2020-12-17 03:00:00;0.1885108756274401;0.07159904534606205
2020-12-17 04:00:00;0.17791411042944785;0.06682577565632458
2020-12-17 05:00:00;0.20858895705521477;0.050119331742243436
2020-12-17 06:00:00;0.25320691578360294;0.06157517899761337
2020-12-17 07:00:00;0.21807027328499723;0.08878281622911695
2020-12-17 08:00:00;0.19353039598438374;0.09069212410501193
2020-12-17 09:00:00;0.15002788622420524;0.14797136038186157
2020-12-17 10:00:00;0.1215839375348578;0.1756563245823389
2020-12-17 11:00:00;0.15448968209704408;0.16276849642004773
2020-12-17 12:00:00;0.1450083658672616;0.18902147971360383
2020-12-17 13:00:00;0.11712214166201898;0.22004773269689737
2020-12-17 14:00:00;0.11712214166201898;0.21288782816229118
2020-12-17 15:00:00;0.12325711098717233;0.20763723150357996
2020-12-17 16:00:00;0.14277746793084217;0.1847255369928401
2020-12-17 17:00:00;0.1695482431678751;0.15847255369928404
2020-12-17 18:00:00;0.18181818181818185;0.14749403341288783
2020-12-17 19:00:00;0.18739542665923037;0.12553699284009548
2020-12-17 20:00:00;0.17679866146123815;0.11551312649164677
2020-12-17 21:00:00;0.15002788622420524;0.13937947494033412
2020-12-17 22:00:00;0.15727830451756833;0.12935560859188544
2020-12-17 23:00:00;0.14668153931957614;0.12410501193317422
2020-12-18 00:00:00;0.13720022308979365;0.1279236276849642
2020-12-18 01:00:00;0.11600669269380927;0.1369928400954654
2020-12-18 02:00:00;0.10875627440044619;0.13747016706443915
2020-12-18 03:00:00;0.1801450083658673;0.07923627684964202
2020-12-18 04:00:00;0.15337423312883436;0.11599045346062054
2020-12-18 05:00:00;0.15337423312883436;0.10739856801909307
2020-12-18 06:00:00;0.21695482431678756;0.06443914081145585
2020-12-18 07:00:00;0.14277746793084217;0.14033412887828162
2020-12-18 08:00:00;0.10652537646402677;0.17136038186157518
2020-12-18 09:00:00;0.10987172336865589;0.1756563245823389
2020-12-18 10:00:00;0.12883435582822086;0.1847255369928401
2020-12-18 11:00:00;0.11600669269380927;0.2042959427207637
2020-12-18 12:00:00;0.10764082543223649;0.21909307875894987
2020-12-18 13:00:00;0.11154489682097045;0.2243436754176611
2020-12-18 14:00:00;0.1438929168990519;0.21288782816229118
2020-12-18 15:00:00;0.20635805911879535;0.17517899761336517
2020-12-18 16:00:00;0.24707194645844957;0.14510739856801907
2020-12-18 17:00:00;0.3011712214166202;0.10310262529832936
2020-12-18 18:00:00;0.2598996095928612;0.11026252983293557
2020-12-18 19:00:00;0.22253206915783608;0.1317422434367542
2020-12-18 20:00:00;0.24707194645844957;0.10692124105011933
2020-12-18 21:00:00;0.20970440602342447;0.13412887828162293
2020-12-18 22:00:00;0.15839375348577803;0.1651551312649165
2020-12-18 23:00:00;0.10540992749581707;0.19140811455847256
2020-12-19 00:00:00;0.12660345789180147;0.15417661097852028
2020-12-19 01:00:00;0.13218070273285;0.14653937947494033
2020-12-19 02:00:00;0.15950920245398773;0.12649164677804295
2020-12-19 03:00:00;0.07529280535415506;0.1928400954653938
2020-12-19 04:00:00;0.0736196319018405;0.2009546539379475
2020-12-19 05:00:00;0.0619074177356386;0.21288782816229118
2020-12-19 06:00:00;0.0619074177356386;0.21479713603818615
2020-12-19 07:00:00;0.09258226436140549;0.1828162291169451
2020-12-19 08:00:00;0.14054656999442278;0.12840095465393794
2020-12-19 09:00:00;0.11935303959843838;0.14653937947494033
2020-12-19 10:00:00;0.12883435582822086;0.13365155131264916
2020-12-19 11:00:00;0.13218070273285;0.13412887828162293
2020-12-19 12:00:00;0.11712214166201898;0.17995226730310263
2020-12-19 13:00:00;0.09258226436140549;0.1937947494033413
2020-12-19 14:00:00;0.10317902955939767;0.16754176610978522
2020-12-19 15:00:00;0.1299498047964306;0.15608591885441528
2020-12-19 16:00:00;0.15839375348577803;0.13651551312649166
2020-12-19 17:00:00;0.1438929168990519;0.15369928400954655
2020-12-19 18:00:00;0.1438929168990519;0.16706443914081145
2020-12-19 19:00:00;0.13720022308979365;0.160381861575179
2020-12-19 20:00:00;0.12046848856664807;0.17422434367541767
2020-12-19 21:00:00;0.10317902955939767;0.18138424821002386
2020-12-19 22:00:00;0.11377579475738986;0.1775656324582339
2020-12-19 23:00:00;0.11266034578918015;0.17995226730310263
2020-12-20 00:00:00;0.0853318460680424;0.18329355608591885
2020-12-20 01:00:00;0.08812046848856665;0.17852028639618137
2020-12-20 02:00:00;0.07027328499721139;0.19427207637231506
2020-12-20 03:00:00;0.07640825432236475;0.19236276849642003
2020-12-20 04:00:00;0.10206358059118796;0.15894988066825774
2020-12-20 05:00:00;0.09146681539319576;0.16181384248210023
2020-12-20 06:00:00;0.10875627440044619;0.14749403341288783
2020-12-20 07:00:00;0.07752370329057445;0.1737470167064439
2020-12-20 08:00:00;0.08087005019520357;0.16992840095465395
2020-12-20 09:00:00;0.08812046848856665;0.1651551312649165
2020-12-20 10:00:00;0.08923591745677636;0.16897374701670645
2020-12-20 11:00:00;0.0736196319018405;0.18568019093078758
2020-12-20 12:00:00;0.0864472950362521;0.1957040572792363
2020-12-20 13:00:00;0.08198549916341327;0.21575178997613367
2020-12-20 14:00:00;0.08700501952035695;0.21050119331742245
2020-12-20 15:00:00;0.10540992749581707;0.19999999999999998
2020-12-20 16:00:00;0.10429447852760737;0.2090692124105012
2020-12-20 17:00:00;0.1450083658672616;0.1794749403341289
2020-12-20 18:00:00;0.15225878416062466;0.16706443914081145
2020-12-20 19:00:00;0.17233686558839934;0.14940334128878283
2020-12-20 20:00:00;0.09258226436140549;0.2295942720763723
2020-12-20 21:00:00;0.09871723368655884;0.22816229116945105
2020-12-20 22:00:00;0.09983268265476855;0.22768496420047735
2020-12-20 23:00:00;0.08812046848856665;0.25011933174224343
2020-12-21 00:00:00;0.098159509202454;0.21909307875894987
2020-12-21 01:00:00;0.09871723368655884;0.17995226730310263
2020-12-21 02:00:00;0.10206358059118796;0.16181384248210023
2020-12-21 03:00:00;0.09146681539319576;0.16754176610978522
2020-12-21 04:00:00;0.08421639709983268;0.18090692124105012
2020-12-21 05:00:00;0.10987172336865589;0.156563245823389
2020-12-21 06:00:00;0.21193530395984386;0.07159904534606205
2020-12-21 07:00:00;0.27997769102063585;0.026252983293556086
2020-12-21 08:00:00;0.27161182375906306;0.024821002386634847
2020-12-21 09:00:00;0.25543781372002233;0.04009546539379475
2020-12-21 10:00:00;0.2281093139988846;0.08257756563245824
2020-12-21 11:00:00;0.15727830451756833;0.1441527446300716
2020-12-21 12:00:00;0.15114333519241496;0.1637231503579952
2020-12-21 13:00:00;0.17791411042944785;0.1704057279236277
2020-12-21 14:00:00;0.1215839375348578;0.22243436754176613
2020-12-21 15:00:00;0.13831567205800335;0.20572792362768497
2020-12-21 16:00:00;0.16062465142219745;0.16610978520286396
2020-12-21 17:00:00;0.14668153931957614;0.14844868735083533
2020-12-21 18:00:00;0.11154489682097045;0.14367541766109787
2020-12-21 19:00:00;0.12046848856664807;0.12553699284009548
2020-12-21 20:00:00;0.15114333519241496;0.09116945107398569
2020-12-21 21:00:00;0.12771890686001117;0.11694510739856802
2020-12-21 22:00:00;0.09592861126603458;0.1360381861575179
2020-12-21 23:00:00;0.18293363078639158;0.09689737470167065
2020-12-22 00:00:00;0.13831567205800335;0.1637231503579952
2020-12-22 01:00:00;0.1438929168990519;0.1684964200477327
2020-12-22 02:00:00;0.10317902955939767;0.21193317422434366
2020-12-22 03:00:00;0.050752928053541556;0.2534606205250597
2020-12-22 04:00:00;0.07752370329057445;0.22911694510739858
2020-12-22 05:00:00;0.14054656999442278;0.20190930787589498
2020-12-22 06:00:00;0.10094813162297825;0.2405727923627685
2020-12-22 07:00:00;0.16397099832682654;0.2052505966587112
2020-12-22 08:00:00;0.13329615170105968;0.23627684964200477
2020-12-22 09:00:00;0.15002788622420524;0.22004773269689737
2020-12-22 10:00:00;0.14277746793084217;0.16897374701670645
2020-12-22 11:00:00;0.14166201896263247;0.12028639618138424
2020-12-22 12:00:00;0.13329615170105968;0.1431980906921241
2020-12-22 13:00:00;0.12660345789180147;0.1575178997613365
2020-12-22 14:00:00;0.2141662018962633;0.10023866348448687
2020-12-22 15:00:00;0.17791411042944785;0.14940334128878283
2020-12-22 16:00:00;0.20133853876185168;0.12983293556085918
2020-12-22 17:00:00;0.2660345789180145;0.08544152744630071
2020-12-22 18:00:00;0.37032905744562195;0.020047732696897375
2020-12-22 19:00:00;0.3229224762967095;0.021479713603818614
2020-12-22 20:00:00;0.3011712214166202;0.01909307875894988
2020-12-22 21:00:00;0.27997769102063585;0.02243436754176611
2020-12-22 22:00:00;0.28443948689347465;0.02100238663484487
2020-12-22 23:00:00;0.2638036809815951;0.021479713603818614
2020-12-23 00:00:00;0.2504182933630787;0.018615751789976133
2020-12-23 01:00:00;0.24261015058561072;0.013365155131264916
2020-12-23 02:00:00;0.25209146681539324;0.016706443914081145
2020-12-23 03:00:00;0.25209146681539324;0.02052505966587112
2020-12-23 04:00:00;0.23982152816508648;0.03627684964200477
2020-12-23 05:00:00;0.24484104852203017;0.029594272076372316
2020-12-23 06:00:00;0.24818739542665924;0.03198090692124105
2020-12-23 07:00:00;0.23647518126045738;0.08066825775656324
2020-12-23 08:00:00;0.21193530395984386;0.11599045346062054
2020-12-23 09:00:00;0.1801450083658673;0.1331742243436754
2020-12-23 10:00:00;0.21918572225320695;0.0954653937947494
2020-12-23 11:00:00;0.32682654768544345;0.06348448687350836
2020-12-23 12:00:00;0.24595649749023984;0.09212410501193317
2020-12-23 13:00:00;0.1310652537646403;0.16181384248210023
2020-12-23 14:00:00;0.14556609035136642;0.1513126491646778
2020-12-23 15:00:00;0.23759063022866708;0.08305489260143198
2020-12-23 16:00:00;0.19353039598438374;0.0873508353221957
2020-12-23 17:00:00;0.19464584495259346;0.07589498806682578
2020-12-23 18:00:00;0.16731734523145567;0.10835322195704057
2020-12-23 19:00:00;0.13218070273285;0.22100238663484487
2020-12-23 20:00:00;0.2621305075292806;0.13126491646778043
2020-12-23 21:00:00;0.24484104852203017;0.14176610978520285
2020-12-23 22:00:00;0.18516452872281097;0.1899761336515513
2020-12-23 23:00:00;0.16062465142219745;0.21145584725536992
2020-12-24 00:00:00;0.1695482431678751;0.20620525059665873
2020-12-24 01:00:00;0.09871723368655884;0.2539379474940334
2020-12-24 02:00:00;0.18627997769102064;0.18138424821002386
2020-12-24 03:00:00;0.13831567205800335;0.2262529832935561
2020-12-24 04:00:00;0.18181818181818185;0.1637231503579952
2020-12-24 05:00:00;0.08421639709983268;0.2859188544152745
2020-12-24 06:00:00;0.06469604015616286;0.30835322195704057
2020-12-24 07:00:00;0.11712214166201898;0.2663484486873508
2020-12-24 08:00:00;0.13496932515337423;0.24248210023866348
2020-12-24 09:00:00;0.16397099832682654;0.20620525059665873
2020-12-24 10:00:00;0.11712214166201898;0.2668257756563246
2020-12-24 11:00:00;0.12214166201896264;0.25059665871121717
2020-12-24 12:00:00;0.098159509202454;0.2558472553699284
2020-12-24 13:00:00;0.0853318460680424;0.28114558472553697
2020-12-24 14:00:00;0.09592861126603458;0.27159904534606205
2020-12-24 15:00:00;0.08421639709983268;0.2835322195704057
2020-12-24 16:00:00;0.13218070273285;0.2467780429594272
2020-12-24 17:00:00;0.15839375348577803;0.22482100238663486
2020-12-24 18:00:00;0.07863915225878416;0.3178997613365155
2020-12-24 19:00:00;0.07138873396542109;0.31551312649164676
2020-12-24 20:00:00;0.04127161182375907;0.3360381861575179
2020-12-24 21:00:00;0.054099274958170664;0.3140811455847255
2020-12-24 22:00:00;0.04238706079196877;0.3279236276849642
2020-12-24 23:00:00;0.06581148912437255;0.2835322195704057
2020-12-25 00:00:00;0.05856107083100949;0.2801909307875895
2020-12-25 01:00:00;0.04796430563301729;0.2921241050119332
2020-12-25 02:00:00;0.03904071388733966;0.29021479713603815
2020-12-25 03:00:00;0.03848298940323481;0.28305489260143196
2020-12-25 04:00:00;0.04015616285554936;0.28687350835322195
2020-12-25 05:00:00;0.02955939765755717;0.31551312649164676
2020-12-25 06:00:00;0.03179029559397658;0.3322195704057279
2020-12-25 07:00:00;0.04461795872838818;0.3284009546539379
2020-12-25 08:00:00;0.06804238706079196;0.3107398568019093
2020-12-25 09:00:00;0.10875627440044619;0.2639618138424821
2020-12-25 10:00:00;0.0864472950362521;0.28973747016706447
2020-12-25 11:00:00;0.08700501952035695;0.3164677804295943
2020-12-25 12:00:00;0.0736196319018405;0.33078758949880666
2020-12-25 13:00:00;0.04684885666480759;0.3680190930787589
2020-12-25 14:00:00;0.07640825432236475;0.3422434367541766
2020-12-25 15:00:00;0.08700501952035695;0.32171837708830553
2020-12-25 16:00:00;0.09035136642498606;0.30978520286396183
2020-12-25 17:00:00;0.11377579475738986;0.2706443914081146
2020-12-25 18:00:00;0.24149470161740105;0.1379474940334129
2020-12-25 19:00:00;0.3480200780814278;0.058711217183770883
2020-12-25 20:00:00;0.3452314556609036;0.04677804295942721
2020-12-25 21:00:00;0.3876185164528723;0.04009546539379475
2020-12-25 22:00:00;0.3502509760178472;0.07541766109785203
2020-12-25 23:00:00;0.3491355270496375;0.08162291169451075
2020-12-26 00:00:00;0.20858895705521477;0.19331742243436753
2020-12-26 01:00:00;0.12046848856664807;0.2181384248210024
2020-12-26 02:00:00;0.12214166201896264;0.241527446300716
2020-12-26 03:00:00;0.07138873396542109;0.28114558472553697
2020-12-26 04:00:00;0.23312883435582826;0.13269689737470167
2020-12-26 05:00:00;0.2866703848298941;0.09451073985680192
2020-12-26 06:00:00;0.18739542665923037;0.18329355608591885
2020-12-26 07:00:00;0.22364751812604577;0.13365155131264916
2020-12-26 08:00:00;0.2660345789180145;0.09594272076372316
2020-12-26 09:00:00;0.13496932515337423;0.2171837708830549
2020-12-26 10:00:00;0.09983268265476855;0.2467780429594272
2020-12-26 11:00:00;0.0864472950362521;0.25202863961813843
2020-12-26 12:00:00;0.10094813162297825;0.23484486873508353
2020-12-26 13:00:00;0.11489124372559956;0.22863961813842482
2020-12-26 14:00:00;0.12771890686001117;0.2171837708830549
2020-12-26 15:00:00;0.12548800892359177;0.2042959427207637
2020-12-26 16:00:00;0.12771890686001117;0.19618138424821002
2020-12-26 17:00:00;0.12214166201896264;0.21336515513126492
2020-12-26 18:00:00;0.10540992749581707;0.22243436754176613
2020-12-26 19:00:00;0.10094813162297825;0.22863961813842482
2020-12-26 20:00:00;0.08087005019520357;0.24391408114558474
2020-12-26 21:00:00;0.05633017289459007;0.26252983293556087
2020-12-26 22:00:00;0.04350250976017848;0.2782816229116945
2020-12-26 23:00:00;0.04461795872838818;0.2801909307875895
2020-12-27 00:00:00;0.03848298940323481;0.2854415274463007
2020-12-27 01:00:00;0.032905744562186284;0.2863961813842482
2020-12-27 02:00:00;0.0362520914668154;0.2782816229116945
2020-12-27 03:00:00;0.02955939765755717;0.28878281622911695
2020-12-27 04:00:00;0.025655326268823202;0.2997613365155131
2020-12-27 05:00:00;0.026770775237032907;0.30835322195704057
2020-12-27 06:00:00;0.0245398773006135;0.31694510739856807
2020-12-27 07:00:00;0.027328499721137763;0.3178997613365155
2020-12-27 08:00:00;0.023424428332403796;0.32410501193317426
2020-12-27 09:00:00;0.025655326268823202;0.3274463007159904
2020-12-27 10:00:00;0.02955939765755717;0.3298329355608592
2020-12-27 11:00:00;0.03904071388733966;0.3260143198090692
2020-12-27 12:00:00;0.037367540435025104;0.31551312649164676
2020-12-27 13:00:00;0.052983825989960966;0.30214797136038185
2020-12-27 14:00:00;0.098159509202454;0.3107398568019093
2020-12-27 15:00:00;0.0630228667038483;0.31026252983293556
2020-12-27 16:00:00;0.07975460122699386;0.28735083532219574
2020-12-27 17:00:00;0.07752370329057445;0.2892601431980907
2020-12-27 18:00:00;0.0725041829336308;0.2825775656324582
2020-12-27 19:00:00;0.09369771332961518;0.2458233890214797
2020-12-27 20:00:00;0.09592861126603458;0.24630071599045347
2020-12-27 21:00:00;0.09146681539319576;0.23102625298329355
2020-12-27 22:00:00;0.14556609035136642;0.17422434367541767
2020-12-27 23:00:00;0.16397099832682654;0.14940334128878283
2020-12-28 00:00:00;0.15114333519241496;0.13556085918854416
2020-12-28 01:00:00;0.22978248745119914;0.081145584725537
2020-12-28 02:00:00;0.14166201896263247;0.162291169451074
2020-12-28 03:00:00;0.0747350808700502;0.19140811455847256
2020-12-28 04:00:00;0.11266034578918015;0.16897374701670645
2020-12-28 05:00:00;0.1450083658672616;0.13031026252983294
2020-12-28 06:00:00;0.20524261015058565;0.0954653937947494
2020-12-28 07:00:00;0.18516452872281097;0.13890214797136038
2020-12-28 08:00:00;0.31121026213050756;0.06062052505966587
2020-12-28 09:00:00;0.31846068042387066;0.059665871121718374
2020-12-28 10:00:00;0.25543781372002233;0.1035799522673031
2020-12-28 11:00:00;0.3022866703848299;0.07398568019093078
2020-12-28 12:00:00;0.2141662018962633;0.14367541766109787
2020-12-28 13:00:00;0.23312883435582826;0.13460620525059666
2020-12-28 14:00:00;0.28443948689347465;0.08448687350835322
2020-12-28 15:00:00;0.23089793641940887;0.11742243436754177
2020-12-28 16:00:00;0.22253206915783608;0.11360381861575179
2020-12-28 17:00:00;0.23089793641940887;0.09164677804295943
2020-12-28 18:00:00;0.3056330172894591;0.037708830548926014
2020-12-28 19:00:00;0.2866703848298941;0.0477326968973747
2020-12-28 20:00:00;0.2972671500278863;0.029594272076372316
2020-12-28 21:00:00;0.2632459564974903;0.05393794749403342
2020-12-28 22:00:00;0.20970440602342447;0.07446300715990453
2020-12-28 23:00:00;0.14891243725599554;0.12028639618138424
2020-12-29 00:00:00;0.12046848856664807;0.1369928400954654
2020-12-29 01:00:00;0.14054656999442278;0.1035799522673031
2020-12-29 02:00:00;0.10987172336865589;0.13031026252983294
2020-12-29 03:00:00;0.11935303959843838;0.12124105011933174
2020-12-29 04:00:00;0.11600669269380927;0.118854415274463
2020-12-29 05:00:00;0.09871723368655884;0.13126491646778043
2020-12-29 06:00:00;0.15114333519241496;0.0883054892601432
2020-12-29 07:00:00;0.23424428332403796;0.056324582338902154
2020-12-29 08:00:00;0.25432236475181264;0.06968973747016706
2020-12-29 09:00:00;0.33853876185164533;0.024343675417661095
2020-12-29 10:00:00;0.24818739542665924;0.0405727923627685
2020-12-29 11:00:00;0.2046848856664808;0.09689737470167065
2020-12-29 12:00:00;0.16397099832682654;0.12458233890214798
2020-12-29 13:00:00;0.14779698828778584;0.18186157517899762
2020-12-29 14:00:00;0.15225878416062466;0.16610978520286396
2020-12-29 15:00:00;0.16397099832682654;0.17852028639618137
2020-12-29 16:00:00;0.2141662018962633;0.13365155131264916
2020-12-29 17:00:00;0.23312883435582826;0.12601431980906921
2020-12-29 18:00:00;0.23647518126045738;0.1379474940334129
2020-12-29 19:00:00;0.1299498047964306;0.19761336515513125
2020-12-29 20:00:00;0.17345231455660903;0.1594272076372315
2020-12-29 21:00:00;0.21193530395984386;0.1288782816229117
2020-12-29 22:00:00;0.17568321249302846;0.1665871121718377
2020-12-29 23:00:00;0.17122141662018964;0.1847255369928401
2020-12-30 00:00:00;0.12660345789180147;0.19809069212410502
2020-12-30 01:00:00;0.1885108756274401;0.1412887828162291
2020-12-30 02:00:00;0.1885108756274401;0.1794749403341289
2020-12-30 03:00:00;0.17456776352481876;0.1971360381861575
2020-12-30 04:00:00;0.23870607919687678;0.15417661097852028
2020-12-30 05:00:00;0.19185722253206922;0.17088305489260142
2020-12-30 06:00:00;0.18126045733407697;0.15513126491646778
2020-12-30 07:00:00;0.1215839375348578;0.19761336515513125
2020-12-30 08:00:00;0.2649191299498048;0.09880668257756563
2020-12-30 09:00:00;0.16508644729503624;0.1632458233890215
2020-12-30 10:00:00;0.18181818181818185;0.162291169451074
2020-12-30 11:00:00;0.17456776352481876;0.18186157517899762
2020-12-30 12:00:00;0.13943112102621305;0.18042959427207636
2020-12-30 13:00:00;0.10317902955939767;0.22195704057279236
2020-12-30 14:00:00;0.10429447852760737;0.22100238663484487
2020-12-30 15:00:00;0.07027328499721139;0.24295942720763722
2020-12-30 16:00:00;0.10764082543223649;0.22052505966587113
2020-12-30 17:00:00;0.16174010039040715;0.1899761336515513
2020-12-30 18:00:00;0.22253206915783608;0.13460620525059666
2020-12-30 19:00:00;0.19464584495259346;0.14463007159904534
2020-12-30 20:00:00;0.13218070273285;0.17088305489260142
2020-12-30 21:00:00;0.12548800892359177;0.1747016706443914
2020-12-30 22:00:00;0.10652537646402677;0.19236276849642003
2020-12-30 23:00:00;0.09146681539319576;0.21384248210023865
