DateTime;NO2;O3
2020-08-01 00:00:00;0.1158451684767474;0.4089093197613966
2020-08-01 01:00:00;0.17395340202357748;0.310184425108083
2020-08-01 02:00:00;0.11770166156131068;0.41640672029770703
2020-08-01 03:00:00;0.15343915343915343;0.36107918787281784
2020-08-01 04:00:00;0.23623874501067485;0.26711541618781814
2020-08-01 05:00:00;0.19344657941149168;0.24183221145953046
2020-08-01 06:00:00;0.1457347071382159;0.17670880534121383
2020-08-01 07:00:00;0.16699155295646526;0.14775898867181086
2020-08-01 08:00:00;0.18017265385686437;0.19356427516007224
2020-08-01 09:00:00;0.17757356353847584;0.26322990204126306
2020-08-01 10:00:00;0.15817321080478977;0.26158813550046517
2020-08-01 11:00:00;0.19855193539404065;0.26208066546270453
2020-08-01 12:00:00;0.1804511278195489;0.24489684233568654
2020-08-01 13:00:00;0.16309291747888238;0.20450938543205824
2020-08-01 14:00:00;0.1510257124292212;0.1825097137853664
2020-08-01 15:00:00;0.14879792072774528;0.21578284901220382
2020-08-01 16:00:00;0.09700176366843033;0.3448804246702786
2020-08-01 17:00:00;0.0854915065441381;0.31801017895255296
2020-08-01 18:00:00;0.1299545159194282;0.307831226399606
2020-08-01 19:00:00;0.1834215167548501;0.2488918075849614
2020-08-01 20:00:00;0.2390234846375197;0.17873365074153125
2020-08-01 21:00:00;0.36619326093010307;0.06058118535544246
2020-08-01 22:00:00;0.3464216095795043;0.0814863459749357
2020-08-01 23:00:00;0.32618583495776476;0.07732720407158103
2020-08-02 00:00:00;0.33955258516662024;0.058282712198325405
2020-08-02 01:00:00;0.244314489928525;0.08017293274229738
2020-08-02 02:00:00;0.1750672978743154;0.07568543753078313
2020-08-02 03:00:00;0.14554905782975958;0.0800087560882176
2020-08-02 04:00:00;0.1447136359417061;0.07574016308214306
2020-08-02 05:00:00;0.1254061078622482;0.07574016308214306
2020-08-02 06:00:00;0.10693400167084377;0.08416789799157227
2020-08-02 07:00:00;0.12401373804882576;0.11612761998577135
2020-08-02 08:00:00;0.08233546830038058;0.23110600339298418
2020-08-02 09:00:00;0.11890838206627678;0.24511574454112625
2020-08-02 10:00:00;0.12447786131996658;0.2853937503420347
2020-08-02 11:00:00;0.11324607815835885;0.3131396048815192
2020-08-02 12:00:00;0.13459574863083634;0.34137798938324304
2020-08-02 13:00:00;0.11241065627030539;0.34126853828052317
2020-08-02 14:00:00;0.09950802933259072;0.34761670223827507
2020-08-02 15:00:00;0.1021071196509793;0.34274612816724126
2020-08-02 16:00:00;0.09922955536990624;0.34411426695123953
2020-08-02 17:00:00;0.13858720876264735;0.32616428610518255
2020-08-02 18:00:00;0.1891766453169962;0.29502544738138237
2020-08-02 19:00:00;0.2457996843961756;0.2431456246921688
2020-08-02 20:00:00;0.2531328320802005;0.22776774476002845
2020-08-02 21:00:00;0.2837649679754943;0.1872708367536803
2020-08-02 22:00:00;0.26631393298059963;0.16018168883051498
2020-08-02 23:00:00;0.2553606237816764;0.13139604881519182
2020-08-03 00:00:00;0.2301123178316161;0.12389864827888142
2020-08-03 01:00:00;0.16745567622760607;0.1299184589284737
2020-08-03 02:00:00;0.2841362665924069;0.1299184589284737
2020-08-03 03:00:00;0.2512763389956372;0.0721282766923877
2020-08-03 04:00:00;0.12596305578761718;0.1200678596836863
2020-08-03 05:00:00;0.1831430427921656;0.08991408088436491
2020-08-03 06:00:00;0.33778891673628514;0.04295955781754501
2020-08-03 07:00:00;0.25712429221201155;0.1045258030974662
2020-08-03 08:00:00;0.2149818991924255;0.14589831992557326
2020-08-03 09:00:00;0.2338253040007426;0.1492913041098889
2020-08-03 10:00:00;0.22788452613014015;0.1936737262627921
2020-08-03 11:00:00;0.2338253040007426;0.2178076944125212
2020-08-03 12:00:00;0.24728487886382622;0.26777212280413726
2020-08-03 13:00:00;0.2096908939014202;0.2688119082799759
2020-08-03 14:00:00;0.21711686623967325;0.25978219230558747
2020-08-03 15:00:00;0.23958043256288872;0.28769222349915174
2020-08-03 16:00:00;0.22287199480181938;0.2856126525474744
2020-08-03 17:00:00;0.25498932516476375;0.28605045695835385
2020-08-03 18:00:00;0.23048361644852874;0.29529907513818204
2020-08-03 19:00:00;0.1965097930010211;0.3206917309691895
2020-08-03 20:00:00;0.27726724217952287;0.22163848300771632
2020-08-03 21:00:00;0.30752807945790406;0.18021124062824934
2020-08-03 22:00:00;0.17571707045391255;0.23778252065889563
2020-08-03 23:00:00;0.19586002042142395;0.18458928473704375
2020-08-04 00:00:00;0.2077415761626288;0.11426695123953375
2020-08-04 01:00:00;0.17469599925740276;0.11612761998577135
2020-08-04 02:00:00;0.19326093010303536;0.0805560116018169
2020-08-04 03:00:00;0.20272904483430798;0.09013298308980462
2020-08-04 04:00:00;0.23790958878678178;0.09106331746292344
2020-08-04 05:00:00;0.32135895293790034;0.06884474361079189
2020-08-04 06:00:00;0.3053002877564281;0.08028238384501725
2020-08-04 07:00:00;0.275039450478047;0.15011218738028786
2020-08-04 08:00:00;0.21785946347349858;0.22317079844579435
2020-08-04 09:00:00;0.19159008632692842;0.2580309746620697
2020-08-04 10:00:00;0.193632228719948;0.2647622174793411
2020-08-04 11:00:00;0.17423187598626194;0.2745580911727686
2020-08-04 12:00:00;0.1617933723196881;0.3239752640507853
2020-08-04 13:00:00;0.18258609486679664;0.3478356044437148
2020-08-04 14:00:00;0.15715213960827995;0.3784819132052755
2020-08-04 15:00:00;0.2257495590828924;0.37076561046352546
2020-08-04 16:00:00;0.22602803304557692;0.3669895474196903
2020-08-04 17:00:00;0.1859277824190105;0.39484485306189465
2020-08-04 18:00:00;0.2791237352640861;0.35128331417939035
2020-08-04 19:00:00;0.16624895572263992;0.3260548350024627
2020-08-04 20:00:00;0.20022277917014758;0.29393093635418377
2020-08-04 21:00:00;0.2672421795228813;0.24790674766048268
2020-08-04 22:00:00;0.3228441474055509;0.22940951130082637
2020-08-04 23:00:00;0.22500696184906713;0.2004596946314234
2020-08-05 00:00:00;0.17395340202357748;0.22092705084003722
2020-08-05 01:00:00;0.21052631578947367;0.2550757948886335
2020-08-05 02:00:00;0.1686623967325722;0.25896130903518855
2020-08-05 03:00:00;0.22445001392369812;0.19340009850599243
2020-08-05 04:00:00;0.3393669358581639;0.10846604279538118
2020-08-05 05:00:00;0.3893065998329156;0.08241668034805451
2020-08-05 06:00:00;0.33324050867910515;0.09456575274995897
2020-08-05 07:00:00;0.27578204771187226;0.15771903901931814
2020-08-05 08:00:00;0.2217580989510814;0.21698681114212226
2020-08-05 09:00:00;0.1952102478418268;0.2660756307119794
2020-08-05 10:00:00;0.20532813515269654;0.3223334975099874
2020-08-05 11:00:00;0.1881555741204864;0.3724621025556833
2020-08-05 12:00:00;0.16791979949874686;0.42155092212554046
2020-08-05 13:00:00;0.1706117144713636;0.4439883981831117
2020-08-05 14:00:00;0.21934465794114918;0.4890275269523341
2020-08-05 15:00:00;0.2453355611250348;0.6450500738794944
2020-08-05 16:00:00;0.2617655249234197;0.6737262627920977
2020-08-05 17:00:00;0.27903091060985796;0.6378263010999836
2020-08-05 18:00:00;0.4018379281537176;0.512559514037104
2020-08-05 19:00:00;0.4194746124570686;0.4275707327751327
2020-08-05 20:00:00;0.39923883783532904;0.3635965632353746
2020-08-05 21:00:00;0.4042513691636499;0.3074481475400865
2020-08-05 22:00:00;0.4461152882205514;0.14885349969900946
2020-08-05 23:00:00;0.5948203842940685;0.05565588573304876
2020-08-06 00:00:00;0.42949967511371023;0.0666557215563947
2020-08-06 01:00:00;0.4089854265292862;0.09708312811251572
2020-08-06 02:00:00;0.38587208762647357;0.10693372735730312
2020-08-06 03:00:00;0.2758748723661004;0.16100257210091393
2020-08-06 04:00:00;0.4287570778798849;0.10206315328626936
2020-08-06 05:00:00;0.45075652093195956;0.06972035243255076
2020-08-06 06:00:00;0.3652650143878214;0.060800087560882184
2020-08-06 07:00:00;0.3464216095795043;0.11508783450993268
2020-08-06 08:00:00;0.2960178223336118;0.16018168883051498
2020-08-06 09:00:00;0.2444073145827532;0.22163848300771632
2020-08-06 10:00:00;0.21331105541631856;0.23822032506977509
2020-08-06 11:00:00;0.17098301308827626;0.31910468997975155
2020-08-06 12:00:00;0.24273647080664626;0.37191484704208394
2020-08-06 13:00:00;0.16773415019029053;0.5272806873529251
2020-08-06 14:00:00;0.28311519539589713;0.5669567120888743
2020-08-06 15:00:00;0.3071567808409914;0.6423685218628578
2020-08-06 16:00:00;0.12587023113338902;0.7222131012969956
2020-08-06 17:00:00;0.10368513877285807;0.6832485087287254
2020-08-06 18:00:00;0.12939756799405921;0.5694740874514311
2020-08-06 19:00:00;0.1657848324514991;0.5337383024133968
2020-08-06 20:00:00;0.12206442031003432;0.4824057352377826
2020-08-06 21:00:00;0.15473869859834774;0.3741585946478411
2020-08-06 22:00:00;0.20393576533927413;0.2916324631970667
2020-08-06 23:00:00;0.2338253040007426;0.22256881738083514
2020-08-07 00:00:00;0.1552956465237167;0.31029387621080284
2020-08-07 01:00:00;0.15390327671029427;0.22880753023586714
2020-08-07 02:00:00;0.10219994430520746;0.22880753023586714
2020-08-07 03:00:00;0.11649494105634454;0.3772779510753571
2020-08-07 04:00:00;0.20245057087162352;0.3573031248289827
2020-08-07 05:00:00;0.18165784832451498;0.3638701909921742
2020-08-07 06:00:00;0.14926204399888612;0.3442237180539594
2020-08-07 07:00:00;0.1809152510906897;0.35161166748754996
2020-08-07 08:00:00;0.20857699805068228;0.36934274612816725
2020-08-07 09:00:00;0.20792722547108514;0.4685601707437203
2020-08-07 10:00:00;0.13960827995915714;0.6434083073386965
2020-08-07 11:00:00;0.0872551749744732;0.7844907787445958
2020-08-07 12:00:00;0.061171447136359414;0.7989383243036174
2020-08-07 13:00:00;0.20588508307806552;0.7830131888578779
2020-08-07 14:00:00;0.36990624709922953;0.7603568105948668
2020-08-07 15:00:00;0.1803583031653207;0.8511465003009906
2020-08-07 16:00:00;0.08465608465608465;0.8682755978766487
2020-08-07 17:00:00;0.10025062656641602;0.8400919389262846
2020-08-07 18:00:00;0.1342244500139237;0.7619985771356648
2020-08-07 19:00:00;0.16494941056344564;0.6622338970065124
2020-08-07 20:00:00;0.29908103592314117;0.5522355387730532
2020-08-07 21:00:00;0.40545808966861596;0.5508673999890549
2020-08-07 22:00:00;0.17571707045391255;0.6276473485470366
2020-08-07 23:00:00;0.2438503666573842;0.5569419361900071
2020-08-08 00:00:00;0.2509050403787246;0.5025994636895967
2020-08-08 01:00:00;0.16522788452613013;0.4463963224429486
2020-08-08 02:00:00;0.1620718462823726;0.36742735183056974
2020-08-08 03:00:00;0.13329620347164206;0.48224155858370277
2020-08-08 04:00:00;0.1578019121878771;0.4218792754337
2020-08-08 05:00:00;0.2674278288313376;0.2747769933782083
2020-08-08 06:00:00;0.27179058758006125;0.1536693482186833
2020-08-08 07:00:00;0.2457996843961756;0.2145241613309254
2020-08-08 08:00:00;0.13830873479996286;0.46418212663492586
2020-08-08 09:00:00;0.37779634270862344;0.4438789470803919
2020-08-08 10:00:00;0.1618861969739163;0.6776117769386527
2020-08-08 11:00:00;0.0772301123178316;0.7813714223170799
2020-08-08 12:00:00;0.08094309848695812;0.9315383352487276
2020-08-08 13:00:00;0.06042884990253412;0.9412247578394354
2020-08-08 14:00:00;0.06943284136266592;0.92190663820938
2020-08-08 15:00:00;0.04520560660911538;0.8302413396814974
2020-08-08 16:00:00;0.08706952566601688;0.7404914354512122
2020-08-08 17:00:00;0.09746588693957114;0.7650632080118208
2020-08-08 18:00:00;0.11575234382251924;0.7283970886006677
2020-08-08 19:00:00;0.08688387635756056;0.709462047830132
2020-08-08 20:00:00;0.12549893251647637;0.6635473102391507
2020-08-08 21:00:00;0.09598069247192054;0.5880807749138073
2020-08-08 22:00:00;0.10071474983755685;0.5144201827833416
2020-08-08 23:00:00;0.152046783625731;0.42302851201225855
2020-08-09 00:00:00;0.13403880070546736;0.42105839216330104
2020-08-09 01:00:00;0.14619883040935672;0.40496908006348165
2020-08-09 02:00:00;0.1164021164021164;0.4328791112570459
2020-08-09 03:00:00;0.07193910702682632;0.37010890384720624
2020-08-09 04:00:00;0.07936507936507935;0.40091938926284687
2020-08-09 05:00:00;0.06757634827810266;0.34991517539539213
2020-08-09 06:00:00;0.09263900491970666;0.3521041974497893
2020-08-09 07:00:00;0.10405643738977072;0.33448256991189185
2020-08-09 08:00:00;0.11324607815835885;0.3491490176763531
2020-08-09 09:00:00;0.09254618026547849;0.3744869479560006
2020-08-09 10:00:00;0.06711222500696185;0.4509932687571827
2020-08-09 11:00:00;0.06692657569850552;0.5295791605100422
2020-08-09 12:00:00;0.06414183607166063;0.5731954249439063
2020-08-09 13:00:00;0.05866518147219902;0.6329557270289499
2020-08-09 14:00:00;0.04826882019864476;0.6883927105565588
2020-08-09 15:00:00;0.050960735171261484;0.7218847479888361
2020-08-09 16:00:00;0.06766917293233082;0.6940294423466317
2020-08-09 17:00:00;0.06377053745474798;0.653970338751163
2020-08-09 18:00:00;0.06952566601689408;0.5978219230558748
2020-08-09 19:00:00;0.09384572542467279;0.536748207738193
2020-08-09 20:00:00;0.0514248584424023;0.5678323209106332
2020-08-09 21:00:00;0.08214981899192425;0.5068133311443113
2020-08-09 22:00:00;0.09421702404158543;0.4471624801619876
2020-08-09 23:00:00;0.07509514527058386;0.40261588135500465
2020-08-10 00:00:00;0.12652000371298616;0.36014885349969905
2020-08-10 01:00:00;0.06107862248213125;0.47589339462595087
2020-08-10 02:00:00;0.0840063120764875;0.45017238548678384
2020-08-10 03:00:00;0.07667316439246263;0.31987084769879054
2020-08-10 04:00:00;0.12206442031003432;0.24549882340064577
2020-08-10 05:00:00;0.09152510906896871;0.29442346631642313
2020-08-10 06:00:00;0.09690893901420217;0.2904832266185082
2020-08-10 07:00:00;0.10145734707138215;0.3370546708258086
2020-08-10 08:00:00;0.09830130882762461;0.42910304821321077
2020-08-10 09:00:00;0.0847489093103128;0.5192907568543753
2020-08-10 10:00:00;0.07379560011138958;0.6095331910468998
2020-08-10 11:00:00;0.08261394226306505;0.6699501997482625
2020-08-10 12:00:00;0.05885083078065534;0.7722869807913315
2020-08-10 13:00:00;0.0464123271140815;0.7620533026870246
2020-08-10 14:00:00;0.05105355982548965;0.756963826410551
2020-08-10 15:00:00;0.052538754293140255;0.7647348547036612
2020-08-10 16:00:00;0.09347442680776012;0.7462376183440048
2020-08-10 17:00:00;0.11695906432748537;0.6753133037815356
2020-08-10 18:00:00;0.12754107490949596;0.6123789197176163
2020-08-10 19:00:00;0.12494198459110739;0.6260603075575987
2020-08-10 20:00:00;0.22509978650329526;0.5762053302687025
2020-08-10 21:00:00;0.2391163092917479;0.46938105401411917
2020-08-10 22:00:00;0.14684860298895386;0.41416297269194985
2020-08-10 23:00:00;0.18249327021256845;0.3719695725934439
2020-08-11 00:00:00;0.10795507286735355;0.36370601433809446
2020-08-11 01:00:00;0.11630929174788823;0.40305368576588413
2020-08-11 02:00:00;0.0807574491785018;0.40305368576588413
2020-08-11 03:00:00;0.08911166805903648;0.37295463251792266
2020-08-11 04:00:00;0.0664624524273647;0.4624309089914081
2020-08-11 05:00:00;0.08066462452427364;0.4478739123296668
2020-08-11 06:00:00;0.0985797827903091;0.4134515405242708
2020-08-11 07:00:00;0.1342244500139237;0.39232747769933785
2020-08-11 08:00:00;0.1058201058201058;0.43621736989000165
2020-08-11 09:00:00;0.15297503016801262;0.47945055546434634
2020-08-11 10:00:00;0.22695627958785855;0.5387730531385104
2020-08-11 11:00:00;0.08994708994708994;0.6932085590762327
2020-08-11 12:00:00;0.06869024412884062;0.7929732392053851
2020-08-11 13:00:00;0.08261394226306505;0.8440321786241997
2020-08-11 14:00:00;0.08131439710387078;0.8411864499534834
2020-08-11 15:00:00;0.33119836628608557;0.761724949378865
2020-08-11 16:00:00;0.2046783625730994;0.7322826027472227
2020-08-11 17:00:00;0.08818342151675485;0.6688556887210639
2020-08-11 18:00:00;0.06451313468857328;0.6841241175504844
2020-08-11 19:00:00;0.10489185927782417;0.5920757401630822
2020-08-11 20:00:00;0.27559639840341593;0.42975975482952994
2020-08-11 21:00:00;0.4445372690986726;0.30339845673945165
2020-08-11 22:00:00;0.5640954237445466;0.2059322497674164
2020-08-11 23:00:00;0.19437482595377334;0.42428719969353695
2020-08-12 00:00:00;0.0689687180915251;0.5714989328517485
2020-08-12 01:00:00;0.08818342151675485;0.5551907185464894
2020-08-12 02:00:00;0.15520282186948856;0.374213320199201
2020-08-12 03:00:00;0.10665552770815928;0.3386964373666065
2020-08-12 04:00:00;0.18332869210062192;0.36129809007825753
2020-08-12 05:00:00;0.11751601225285435;0.29710501833305974
2020-08-12 06:00:00;0.20802005012531327;0.19126580200295518
2020-08-12 07:00:00;0.17664531699619418;0.25168281070431786
2020-08-12 08:00:00;0.17729508957579135;0.31664204016855474
2020-08-12 09:00:00;0.1824004455583403;0.42313796311497837
2020-08-12 10:00:00;0.09347442680776012;0.610189897663219
2020-08-12 11:00:00;0.07054673721340388;0.7368795490614569
2020-08-12 12:00:00;0.05866518147219902;0.8242215290319049
2020-08-12 13:00:00;0.08892601875058015;0.9123296667213923
2020-08-12 14:00:00;0.08558433119836627;0.9237125814042576
2020-08-12 15:00:00;0.07936507936507935;0.9144092376730696
2020-08-12 16:00:00;0.08261394226306505;0.8603403929294589
2020-08-12 17:00:00;0.07054673721340388;0.8369725824987687
2020-08-12 18:00:00;0.06729787431541817;0.8065451759426476
2020-08-12 19:00:00;0.105355982548965;0.739889454386253
2020-08-12 20:00:00;0.12958321730251554;0.587478793848848
2020-08-12 21:00:00;0.15195395897150282;0.45290866305478034
2020-08-12 22:00:00;0.17051888981713542;0.45564494062277683
2020-08-12 23:00:00;0.11621646709366007;0.4306353636512888
2020-08-13 00:00:00;0.12856214610600575;0.391451868877579
2020-08-13 01:00:00;0.15891580803861505;0.3044382422152903
2020-08-13 02:00:00;0.20764875150840062;0.3102391506594429
2020-08-13 03:00:00;0.27206906154274574;0.24549882340064577
2020-08-13 04:00:00;0.12884062006869024;0.22836972582498768
2020-08-13 05:00:00;0.14378538939942448;0.2653641985443004
2020-08-13 06:00:00;0.19233268356075375;0.2071362118973349
2020-08-13 07:00:00;0.2524830595006034;0.19263394078695342
2020-08-13 08:00:00;0.3073424301494477;0.2329119465878619
2020-08-13 09:00:00;0.20699897892880348;0.31910468997975155
2020-08-13 10:00:00;0.16559918314304278;0.4378044108794396
2020-08-13 11:00:00;0.09366007611621646;0.5888469326328463
2020-08-13 12:00:00;0.06469878399702962;0.642204345208778
2020-08-13 13:00:00;0.06200686902441289;0.689870300443277
2020-08-13 14:00:00;0.05606609115381045;0.7431729874678489
2020-08-13 15:00:00;0.15288220551378448;0.7592075740163082
2020-08-13 16:00:00;0.10749094959621275;0.7330487604662617
2020-08-13 17:00:00;0.15381045205606608;0.6099162699064193
2020-08-13 18:00:00;0.2694699712243572;0.61714004268593
2020-08-13 19:00:00;0.5252947182771744;0.47184370382531604
2020-08-13 20:00:00;0.5053374176181193;0.4149838559623488
2020-08-13 21:00:00;0.43302701197438037;0.465659716521644
2020-08-13 22:00:00;0.3659147869674185;0.47665955234498986
2020-08-13 23:00:00;0.206720504966119;0.39019318119630053
2020-08-14 00:00:00;0.22565673442866427;0.29841843156569803
2020-08-14 01:00:00;0.19465329991645783;0.21386745471460625
2020-08-14 02:00:00;0.2082985240879978;0.1793903573578504
2020-08-14 03:00:00;0.1716327856678734;0.14201280577901823
2020-08-14 04:00:00;0.14313561681982734;0.15782849012203798
2020-08-14 05:00:00;0.142949967511371;0.14502271110381437
2020-08-14 06:00:00;0.1334818527800984;0.13112242105839217
2020-08-14 07:00:00;0.1901048918592778;0.2016636567613419
2020-08-14 08:00:00;0.31718184349763295;0.2834236304930772
2020-08-14 09:00:00;0.2761533463287849;0.45865484594757294
2020-08-14 10:00:00;0.24979114452798662;0.5612105291960817
2020-08-14 11:00:00;0.27429685324422165;0.5970010397854759
2020-08-14 12:00:00;0.19762368885175904;0.6209161057297652
2020-08-14 13:00:00;0.27930938457254245;0.5950309199365185
2020-08-14 14:00:00;0.23549614777684952;0.5737974060088655
2020-08-14 15:00:00;0.2677063027940221;0.5543698352760904
2020-08-14 16:00:00;0.22612085769980506;0.6391397143326218
2020-08-14 17:00:00;0.1887125220458554;0.6129809007825755
2020-08-14 18:00:00;0.2746681518611343;0.524982214195808
2020-08-14 19:00:00;0.32618583495776476;0.4437147704263121
2020-08-14 20:00:00;0.33351898264178964;0.35735785038034257
2020-08-14 21:00:00;0.25452520189362293;0.3352487276309309
2020-08-14 22:00:00;0.14434233732479346;0.4247797296557763
2020-08-14 23:00:00;0.12382808874036944;0.4565205494445357
2020-08-15 00:00:00;0.10749094959621275;0.4682318174355607
2020-08-15 01:00:00;0.08706952566601688;0.47228150823619547
2020-08-15 02:00:00;0.092824654228163;0.47228150823619547
2020-08-15 03:00:00;0.10368513877285807;0.4410879439610354
2020-08-15 04:00:00;0.10219994430520746;0.48038088983746513
2020-08-15 05:00:00;0.12809802283486493;0.47638592458819023
2020-08-15 06:00:00;0.19307528079457903;0.39068571115853995
2020-08-15 07:00:00;0.17033324050867912;0.40841678979915724
2020-08-15 08:00:00;0.21321823076209043;0.3669348218683303
2020-08-15 09:00:00;0.23373247934651442;0.3607508345646583
2020-08-15 10:00:00;0.2644574398960364;0.38395446834126856
2020-08-15 11:00:00;0.2130325814536341;0.4370382531604006
2020-08-15 12:00:00;0.1846282372598162;0.5395392108575494
2020-08-15 13:00:00;0.22537826046597978;0.5606632736824824
2020-08-15 14:00:00;0.14805532349391998;0.6312045093854322
2020-08-15 15:00:00;0.1618861969739163;0.64056257866798
2020-08-15 16:00:00;0.12234289427271883;0.6734526350352981
2020-08-15 17:00:00;0.08298524087997772;0.6970940732227877
2020-08-15 18:00:00;0.07351712614870509;0.6324084715153505
2020-08-15 19:00:00;0.06256381694978186;0.572648169430307
2020-08-15 20:00:00;0.0900399146013181;0.5114102774585454
2020-08-15 21:00:00;0.13858720876264735;0.39856619055436987
2020-08-15 22:00:00;0.34261579875614967;0.26213539101406447
2020-08-15 23:00:00;0.2174881648565859;0.22886225578722708
2020-08-16 00:00:00;0.0978371855564838;0.2886225578722706
2020-08-16 01:00:00;0.08836907082521117;0.3067367153724074
2020-08-16 02:00:00;0.0885547201336675;0.2601105456137471
2020-08-16 03:00:00;0.10489185927782417;0.24057352377825209
2020-08-16 04:00:00;0.1583588601132461;0.16215180867947246
2020-08-16 05:00:00;0.09440267335004177;0.2066984074864554
2020-08-16 06:00:00;0.11176088369070825;0.24872763093088163
2020-08-16 07:00:00;0.08326371484266219;0.2922891698133859
2020-08-16 08:00:00;0.06971131532535042;0.3552782794286653
2020-08-16 09:00:00;0.05708716235032025;0.4292124993159306
2020-08-16 10:00:00;0.051332033788174136;0.48568926831937836
2020-08-16 11:00:00;0.046041028497168845;0.5537678542111312
2020-08-16 12:00:00;0.041028497168848044;0.6032944781918678
2020-08-16 13:00:00;0.0388935301216003;0.6481147047556504
2020-08-16 14:00:00;0.0378724589250905;0.6582936573085973
2020-08-16 15:00:00;0.05328135152696556;0.6159908061073716
2020-08-16 16:00:00;0.07008261394226306;0.5699118918623105
2020-08-16 17:00:00;0.11222500696184906;0.5021616592787173
2020-08-16 18:00:00;0.1618861969739163;0.5272259618015652
2020-08-16 19:00:00;0.19511742318759862;0.4434411426695124
2020-08-16 20:00:00;0.15334632878492527;0.36786515624144916
2020-08-16 21:00:00;0.13784461152882205;0.28440869041755595
2020-08-16 22:00:00;0.10851202079272254;0.28966234334810925
2020-08-16 23:00:00;0.15668801633713916;0.24807092431456249
2020-08-17 00:00:00;0.20607073238652188;0.16587314617194768
2020-08-17 01:00:00;0.17321080478975215;0.16762436381546544
2020-08-17 02:00:00;0.14489928525016244;0.15722650905707877
2020-08-17 03:00:00;0.1861134317274668;0.13052043999343294
2020-08-17 04:00:00;0.2743896778984498;0.06200404969080064
2020-08-17 05:00:00;0.32423651721897334;0.07584961418486293
2020-08-17 06:00:00;0.28784925276153345;0.08400372133749248
2020-08-17 07:00:00;0.23958043256288872;0.09259563290100148
2020-08-17 08:00:00;0.23243293418732017;0.12417227603568105
2020-08-17 09:00:00;0.23698134224450015;0.181251026104088
2020-08-17 10:00:00;0.2375382901698691;0.3073386964373666
2020-08-17 11:00:00;0.14443516197902162;0.3707108849121655
2020-08-17 12:00:00;0.17153996101364521;0.3399551250478849
2020-08-17 13:00:00;0.11686623967325721;0.430471186997209
2020-08-17 14:00:00;0.2789380859556298;0.3670442729710502
2020-08-17 15:00:00;0.2288127726724218;0.3813276418759919
2020-08-17 16:00:00;0.2077415761626288;0.3970886006676518
2020-08-17 17:00:00;0.27782419010489184;0.3190499644283916
2020-08-17 18:00:00;0.17896593335189825;0.31521917583319653
2020-08-17 19:00:00;0.20922677063027942;0.20188255896678162
2020-08-17 20:00:00;0.2691914972616727;0.16231598533355224
2020-08-17 21:00:00;0.2205513784461153;0.18551961911016254
2020-08-17 22:00:00;0.1831430427921656;0.21928528429923932
2020-08-17 23:00:00;0.17042606516290726;0.18880315219175833
2020-08-18 00:00:00;0.21331105541631856;0.1878180922672796
2020-08-18 01:00:00;0.23531049846839322;0.13905762600558202
2020-08-18 02:00:00;0.2307620904112132;0.09768510917747497
2020-08-18 03:00:00;0.26204399888610413;0.06474032725879714
2020-08-18 04:00:00;0.31077694235588976;0.06364581623159854
2020-08-18 05:00:00;0.3629443980321173;0.04038745690362831
2020-08-18 06:00:00;0.28506451313468856;0.0611831664204017
2020-08-18 07:00:00;0.23679569293604383;0.121873802878564
2020-08-18 08:00:00;0.21312540610786224;0.20801182071909374
2020-08-18 09:00:00;0.2096908939014202;0.24735949214688338
2020-08-18 10:00:00;0.2046783625730994;0.2747769933782083
2020-08-18 11:00:00;0.1886196973916272;0.28178186395227933
2020-08-18 12:00:00;0.2338253040007426;0.22760356810594867
2020-08-18 13:00:00;0.16021535319780936;0.2942592896623433
2020-08-18 14:00:00;0.16587765710572727;0.33256717561429433
2020-08-18 15:00:00;0.13078993780748166;0.36332293547857497
2020-08-18 16:00:00;0.14369256474519632;0.3414874404859629
2020-08-18 17:00:00;0.1171447136359417;0.3417063426914026
2020-08-18 18:00:00;0.17497447322008727;0.31910468997975155
2020-08-18 19:00:00;0.2559175717070454;0.25294149838559626
2020-08-18 20:00:00;0.3401095330919892;0.16532589065834838
2020-08-18 21:00:00;0.298988211268913;0.1255404148196793
2020-08-18 22:00:00;0.4439803211733036;0.0221091227494117
2020-08-18 23:00:00;0.4223521767381416;0.023094182673890445
2020-08-19 00:00:00;0.31894551192796805;0.060745362009522255
2020-08-19 01:00:00;0.2252854358117516;0.10824714058994143
2020-08-19 02:00:00;0.19483894922491415;0.10824714058994143
2020-08-19 03:00:00;0.19883040935672516;0.13084879330159252
2020-08-19 04:00:00;0.22018007982920265;0.10753570842226236
2020-08-19 05:00:00;0.21581732108047896;0.10649592294642368
2020-08-19 06:00:00;0.24171539961013647;0.08799868658676736
2020-08-19 07:00:00;0.2521117608836907;0.11995840858096644
2020-08-19 08:00:00;0.21451777592128468;0.19137525310567505
2020-08-19 09:00:00;0.14657012902626937;0.290647403272588
2020-08-19 10:00:00;0.10795507286735355;0.37333771137744215
2020-08-19 11:00:00;0.10637705374547479;0.3941334208942155
2020-08-19 12:00:00;0.09143228441474055;0.42450610189897664
2020-08-19 13:00:00;0.06664810173582103;0.48776883927105563
2020-08-19 14:00:00;0.05968625266870881;0.4903409401849724
2020-08-19 15:00:00;0.11927968068318945;0.46139112351556943
2020-08-19 16:00:00;0.15093288777499306;0.4495156788704647
2020-08-19 17:00:00;0.08038615056158915;0.45285393750342035
2020-08-19 18:00:00;0.1578019121878771;0.38647184370382537
2020-08-19 19:00:00;0.24877007333147683;0.3127018004706398
2020-08-19 20:00:00;0.21915900863269283;0.2386034039292946
2020-08-19 21:00:00;0.17803768680961662;0.2436928802057681
2020-08-19 22:00:00;0.13830873479996286;0.28304055163355774
2020-08-19 23:00:00;0.1136173767752715;0.2986920593224977
2020-08-20 00:00:00;0.06534855657662675;0.30027910031193566
2020-08-20 01:00:00;0.063213589529379;0.28232911946587863
2020-08-20 02:00:00;0.04873294346978557;0.26651343512285885
2020-08-20 03:00:00;0.08976144063863362;0.22815082361954797
2020-08-20 04:00:00;0.1558525944490857;0.17676353089257374
2020-08-20 05:00:00;0.30409356725146197;0.10447107754610628
2020-08-20 06:00:00;0.31820291469414275;0.06545175942647623
2020-08-20 07:00:00;0.23716699155295645;0.0910085919115635
2020-08-20 08:00:00;0.21043349113524554;0.09434685054451923
2020-08-20 09:00:00;0.21080478975215816;0.0921031029387621
2020-08-20 10:00:00;0.21581732108047896;0.09549608712307776
2020-08-20 11:00:00;0.17775921284693216;0.11486893230449297
2020-08-20 12:00:00;0.12345679012345677;0.1731516445028184
2020-08-20 13:00:00;0.13886568272533184;0.20472828763749795
2020-08-20 14:00:00;0.08948296667594911;0.2989109615279374
2020-08-20 15:00:00;0.0692471920542096;0.37618344004815846
2020-08-20 16:00:00;0.06237816764132554;0.4174465057735457
2020-08-20 17:00:00;0.11324607815835885;0.42302851201225855
2020-08-20 18:00:00;0.1424858442402302;0.4065013955015597
2020-08-20 19:00:00;0.18397846468021906;0.3041646144584907
2020-08-20 20:00:00;0.21535319780933818;0.3278060526459804
2020-08-20 21:00:00;0.1929824561403509;0.3623926011054561
2020-08-20 22:00:00;0.20839134874222595;0.3365074153122093
2020-08-20 23:00:00;0.34354404529843124;0.1895145843594374
2020-08-21 00:00:00;0.21136173767752714;0.1981064959229464
2020-08-21 01:00:00;0.18889817135431172;0.23832977617249493
2020-08-21 02:00:00;0.11528822055137844;0.34028347835604444
2020-08-21 03:00:00;0.12549893251647637;0.34887538991955347
2020-08-21 04:00:00;0.18546365914786966;0.31193564275160074
2020-08-21 05:00:00;0.18425693864290357;0.2985278826684179
2020-08-21 06:00:00;0.3230297967140073;0.22174793411043614
2020-08-21 07:00:00;0.2223150468764504;0.27669238767580584
2020-08-21 08:00:00;0.2174881648565859;0.27860778197340336
2020-08-21 09:00:00;0.17924440731458277;0.32496032397526403
2020-08-21 10:00:00;0.20690615427457534;0.35270617851474856
2020-08-21 11:00:00;0.1607723011231783;0.4176106824276255
2020-08-21 12:00:00;0.13273925554627308;0.47222678268483553
2020-08-21 13:00:00;0.15975122992666851;0.44486400700487055
2020-08-21 14:00:00;0.1592871066555277;0.43605319323592184
2020-08-21 15:00:00;0.14805532349391998;0.4263667706452143
2020-08-21 16:00:00;0.15566694514062934;0.40015323154380783
2020-08-21 17:00:00;0.14582753179244407;0.35883544026706077
2020-08-21 18:00:00;0.21628144435161978;0.27215016691293165
2020-08-21 19:00:00;0.2702125684581825;0.2268921359382696
2020-08-21 20:00:00;0.37863176459667686;0.14797789087725058
2020-08-21 21:00:00;0.2615798756149633;0.1659278717233076
2020-08-21 22:00:00;0.2729044834307992;0.13774421277294369
2020-08-21 23:00:00;0.15817321080478977;0.22213101296995566
2020-08-22 00:00:00;0.13134688573285064;0.23553877305313853
2020-08-22 01:00:00;0.12197159565580616;0.2137580036118864
2020-08-22 02:00:00;0.1267056530214425;0.19487768839271055
2020-08-22 03:00:00;0.1332033788174139;0.19476823728999068
2020-08-22 04:00:00;0.14285714285714285;0.1764899031357741
2020-08-22 05:00:00;0.1043349113524552;0.21775296886116127
2020-08-22 06:00:00;0.10749094959621275;0.22530509494883164
2020-08-22 07:00:00;0.09755871159379931;0.2583593279702293
2020-08-22 08:00:00;0.08827624617098301;0.29201554205658625
2020-08-22 09:00:00;0.09542374454655156;0.3076123241941663
2020-08-22 10:00:00;0.09319595284507565;0.30662726426968756
2020-08-22 11:00:00;0.105355982548965;0.3255623050402233
2020-08-22 12:00:00;0.08790494755407034;0.33163684124117554
2020-08-22 13:00:00;0.09096816114359972;0.32052755431510976
2020-08-22 14:00:00;0.08558433119836627;0.381272916324632
2020-08-22 15:00:00;0.09635199108883317;0.33596015979861
2020-08-22 16:00:00;0.0732386521860206;0.40710337656651896
2020-08-22 17:00:00;0.05708716235032025;0.3888250424123023
2020-08-22 18:00:00;0.092824654228163;0.3538006895419472
2020-08-22 19:00:00;0.08344936415111853;0.3753625567777596
2020-08-22 20:00:00;0.09161793372319688;0.3594921468833799
2020-08-22 21:00:00;0.09885825675299358;0.33957204618836534
2020-08-22 22:00:00;0.08985426529286178;0.3321293712034149
2020-08-22 23:00:00;0.08112874779541446;0.30312482898265203
2020-08-23 00:00:00;0.1060985797827903;0.2567175614294314
2020-08-23 01:00:00;0.08493455861876913;0.24703113883872382
2020-08-23 02:00:00;0.08335653949689036;0.24703113883872382
2020-08-23 03:00:00;0.06952566601689408;0.23345920210146118
2020-08-23 04:00:00;0.08419196138494382;0.2037432277130192
2020-08-23 05:00:00;0.06404901141743247;0.22497674164067205
2020-08-23 06:00:00;0.075744917850181;0.2207081486345975
2020-08-23 07:00:00;0.07593056715863733;0.21786241996388117
2020-08-23 08:00:00;0.09226770630279402;0.20264871668582063
2020-08-23 09:00:00;0.10646987839970294;0.19985771356646417
2020-08-23 10:00:00;0.08447043534762833;0.2296284135062661
2020-08-23 11:00:00;0.07778706024320058;0.272642696875171
2020-08-23 12:00:00;0.06841177016615613;0.28205549170907895
2020-08-23 13:00:00;0.07128933444722918;0.29765227384665904
2020-08-23 14:00:00;0.07398124941984592;0.3204181032123899
2020-08-23 15:00:00;0.07806553420588508;0.32665681606742186
2020-08-23 16:00:00;0.09458832265849809;0.34761670223827507
2020-08-23 17:00:00;0.10916179337231968;0.3206917309691895
2020-08-23 18:00:00;0.17191125963055787;0.29529907513818204
2020-08-23 19:00:00;0.25220458553791886;0.2296284135062661
2020-08-23 20:00:00;0.3057644110275689;0.14496798555245444
2020-08-23 21:00:00;0.29861691265200035;0.16269906419307176
2020-08-23 22:00:00;0.27550357374918777;0.14387347452525584
2020-08-23 23:00:00;0.18425693864290357;0.18842007333223884
2020-08-24 00:00:00;0.04520560660911538;0.3078859519509659
2020-08-24 01:00:00;0.05950060336025248;0.2788266841788431
2020-08-24 02:00:00;0.09013273925554627;0.24276254583264928
2020-08-24 03:00:00;0.06841177016615613;0.23871285503201445
2020-08-24 04:00:00;0.13051146384479717;0.2047830131888579
2020-08-24 05:00:00;0.2894272718834122;0.12575931702511903
2020-08-24 06:00:00;0.27058386707509513;0.11952060417008702
2020-08-24 07:00:00;0.21915900863269283;0.13024681223663329
2020-08-24 08:00:00;0.13858720876264735;0.20626060307557598
2020-08-24 09:00:00;0.09839413348185277;0.2663492584687791
2020-08-24 10:00:00;0.1028497168848046;0.27948339079516227
2020-08-24 11:00:00;0.11111111111111109;0.30077163027417503
2020-08-24 12:00:00;0.10275689223057642;0.30848793301592514
2020-08-24 13:00:00;0.12020792722547108;0.3133585070869589
2020-08-24 14:00:00;0.11408150004641232;0.3276966015432605
2020-08-24 15:00:00;0.11872273275782047;0.3392436928802058
2020-08-24 16:00:00;0.09644481574306134;0.35276090406610855
2020-08-24 17:00:00;0.08539868188990996;0.35412904285010677
2020-08-24 18:00:00;0.11760883690708251;0.33732829858260827
2020-08-24 19:00:00;0.19929453262786598;0.2663492584687791
2020-08-24 20:00:00;0.30595006033602523;0.18053959393640892
2020-08-24 21:00:00;0.3361180729601782;0.1196847808241668
2020-08-24 22:00:00;0.3311055416318574;0.12105291960816504
2020-08-24 23:00:00;0.34372969460688757;0.0995457779237126
2020-08-25 00:00:00;0.3231226213682354;0.11973950637552673
2020-08-25 01:00:00;0.16949781862062566;0.19405680512231163
2020-08-25 02:00:00;0.16318574213311057;0.15082361954796694
2020-08-25 03:00:00;0.17423187598626194;0.13166967657199147
2020-08-25 04:00:00;0.15390327671029427;0.13035626333935316
2020-08-25 05:00:00;0.31040564373897706;0.04498440321786243
2020-08-25 06:00:00;0.25331848138865687;0.0491435451212171
2020-08-25 07:00:00;0.21479624988396917;0.0728944344114267
2020-08-25 08:00:00;0.1618861969739163;0.11289881245553549
2020-08-25 09:00:00;0.1206720504966119;0.15870409894379686
2020-08-25 10:00:00;0.11055416318574213;0.19186778306791444
2020-08-25 11:00:00;0.18481388656827252;0.19509659059815027
2020-08-25 12:00:00;0.15808038615056158;0.22847917692770756
2020-08-25 13:00:00;0.1086048454469507;0.2533793027964757
2020-08-25 14:00:00;0.10377796342708623;0.27685656432988565
2020-08-25 15:00:00;0.11398867539218416;0.29611995840858096
2020-08-25 16:00:00;0.18100807574491784;0.260165271165107
2020-08-25 17:00:00;0.1500046412327114;0.28659771247195315
2020-08-25 18:00:00;0.15770908753364896;0.29404038745690364
2020-08-25 19:00:00;0.09746588693957114;0.28714496798555245
2020-08-25 20:00:00;0.10554163185742133;0.28895091118043015
2020-08-25 21:00:00;0.06302794022092267;0.2959010562031413
2020-08-25 22:00:00;0.039636127355425606;0.3074481475400865
2020-08-25 23:00:00;0.04334911352455212;0.31231872161112023
2020-08-26 00:00:00;0.047897521581732105;0.306244185410168
2020-08-26 01:00:00;0.036201615148983575;0.3077765008482461
2020-08-26 02:00:00;0.03267427828831338;0.30591583210200846
2020-08-26 03:00:00;0.03731551099972153;0.28813002791003123
2020-08-26 04:00:00;0.056344565116494945;0.2767471132271658
2020-08-26 05:00:00;0.0807574491785018;0.26788157390685713
2020-08-26 06:00:00;0.07416689872830223;0.26733431839325783
2020-08-26 07:00:00;0.07769423558897243;0.28030427406556124
2020-08-26 08:00:00;0.06757634827810266;0.2713840091938926
2020-08-26 09:00:00;0.06581267984776756;0.2642696875171017
2020-08-26 10:00:00;0.07156780840991367;0.2603294478191868
2020-08-26 11:00:00;0.09013273925554627;0.2693044382422153
2020-08-26 12:00:00;0.07769423558897243;0.28150823619547966
2020-08-26 13:00:00;0.07565209319595284;0.2834236304930772
2020-08-26 14:00:00;0.09180358303165319;0.3195972199419909
2020-08-26 15:00:00;0.08688387635756056;0.31926886663383136
2020-08-26 16:00:00;0.0800148519446765;0.322661850818147
2020-08-26 17:00:00;0.07231040564373897;0.33245772451157446
2020-08-26 18:00:00;0.0720319316810545;0.34498987577299844
2020-08-26 19:00:00;0.06720504966119001;0.3305970557653368
2020-08-26 20:00:00;0.09941520467836257;0.310184425108083
2020-08-26 21:00:00;0.1050775085862805;0.3056422043452088
2020-08-26 22:00:00;0.1211361737677527;0.25934438789470804
2020-08-26 23:00:00;0.12986169126520003;0.2371805395939364
2020-08-27 00:00:00;0.09709458832265849;0.22738466590050893
2020-08-27 01:00:00;0.10377796342708623;0.19794231926886666
2020-08-27 02:00:00;0.14814814814814814;0.19794231926886666
2020-08-27 03:00:00;0.16244314489928524;0.13944070486510152
2020-08-27 04:00:00;0.3044648658683747;0.05417829584633066
2020-08-27 05:00:00;0.36210897614406384;0.017621627537897446
2020-08-27 06:00:00;0.3281351526965562;0.015213703278060528
2020-08-27 07:00:00;0.320616355704075;0.012258523504624311
2020-08-27 08:00:00;0.2503480924533556;0.05182509713785367
2020-08-27 09:00:00;0.2561032210155017;0.04372571553658403
2020-08-27 10:00:00;0.26195117423187597;0.07683467410934167
2020-08-27 11:00:00;0.18082242643646151;0.19164888086247467
2020-08-27 12:00:00;0.16810544880720318;0.19121107645159524
2020-08-27 13:00:00;0.126427179058758;0.25879713238110874
2020-08-27 14:00:00;0.10646987839970294;0.31084113172440214
2020-08-27 15:00:00;0.10071474983755685;0.3229902041263066
2020-08-27 16:00:00;0.10145734707138215;0.32255239971542715
2020-08-27 17:00:00;0.14369256474519632;0.2886772834236305
2020-08-27 18:00:00;0.16040100250626566;0.2653094729929404
2020-08-27 19:00:00;0.186206256381695;0.2215837574563564
2020-08-27 20:00:00;0.2005012531328321;0.2017183823127018
2020-08-27 21:00:00;0.1231783161607723;0.29442346631642313
2020-08-27 22:00:00;0.11157523438225192;0.25918021124062823
2020-08-27 23:00:00;0.1025712429221201;0.25020522081759977
2020-08-28 00:00:00;0.1477768495312355;0.18026596617960924
2020-08-28 01:00:00;0.15028311519539592;0.22256881738083514
2020-08-28 02:00:00;0.0957950431634642;0.25786679800798995
2020-08-28 03:00:00;0.08177852037501158;0.23630493077217754
2020-08-28 04:00:00;0.13942263065070082;0.2042357576752586
2020-08-28 05:00:00;0.20439988861041491;0.19892737919334538
2020-08-28 06:00:00;0.1447136359417061;0.23247414217698242
2020-08-28 07:00:00;0.14768402487700732;0.2401357193673726
2020-08-28 08:00:00;0.15028311519539592;0.19783286816614679
2020-08-28 09:00:00;0.12958321730251554;0.22754884255458874
2020-08-28 10:00:00;0.1342244500139237;0.2519017129097576
2020-08-28 11:00:00;0.14267149354868652;0.2371258140425765
2020-08-28 12:00:00;0.19326093010303536;0.20111640124774258
2020-08-28 13:00:00;0.1449921099043906;0.2565533847753516
2020-08-28 14:00:00;0.13682354033231225;0.2426530947299294
2020-08-28 15:00:00;0.2590736099508029;0.15410715262956276
2020-08-28 16:00:00;0.18704167826974846;0.16122147430635364
2020-08-28 17:00:00;0.1374733129119094;0.17818639522793195
2020-08-28 18:00:00;0.21173303629443982;0.1425053357412576
2020-08-28 19:00:00;0.232340109533092;0.09872489465331363
2020-08-28 20:00:00;0.22259352083913486;0.14901767635308927
2020-08-28 21:00:00;0.17033324050867912;0.1900618398730367
2020-08-28 22:00:00;0.25870231133389027;0.10841131724402123
2020-08-28 23:00:00;0.2509978650329528;0.08498878126197122
2020-08-29 00:00:00;0.18295739348370926;0.13659497619438515
2020-08-29 01:00:00;0.18750580154088928;0.10572976522738467
2020-08-29 02:00:00;0.1750672978743154;0.12636129809007826
2020-08-29 03:00:00;0.16429963798384853;0.11990368302960654
2020-08-29 04:00:00;0.13236795692936043;0.1536146226673234
2020-08-29 05:00:00;0.17710944026733502;0.11174957587697695
2020-08-29 06:00:00;0.17961570593149542;0.1089038472062606
2020-08-29 07:00:00;0.1573377889167363;0.12466480599792042
2020-08-29 08:00:00;0.15873015873015875;0.15711705795435887
2020-08-29 09:00:00;0.14155759769794857;0.189842937667597
2020-08-29 10:00:00;0.17553142114545622;0.2395337383024134
2020-08-29 11:00:00;0.1552956465237167;0.24856345427680185
2020-08-29 12:00:00;0.14907639469042977;0.3089804629781645
2020-08-29 13:00:00;0.1321823076209041;0.3107864061730422
2020-08-29 14:00:00;0.1021071196509793;0.32884583812181906
2020-08-29 15:00:00;0.11807296017822332;0.3186121600175122
2020-08-29 16:00:00;0.13700918964076858;0.3142341159087178
2020-08-29 17:00:00;0.11111111111111109;0.3313084879330159
2020-08-29 18:00:00;0.16012252854358117;0.2842992393148361
2020-08-29 19:00:00;0.18806274946625826;0.2383845017238549
2020-08-29 20:00:00;0.2684489000278474;0.1662562250314672
2020-08-29 21:00:00;0.2766174695999257;0.13648552509166528
2020-08-29 22:00:00;0.2758748723661004;0.10769988507634215
2020-08-29 23:00:00;0.24069432841362665;0.08728725441908829
2020-08-30 00:00:00;0.22565673442866427;0.08400372133749248
2020-08-30 01:00:00;0.19214703425229743;0.0701581568434302
2020-08-30 02:00:00;0.20180079829202638;0.04821321074809829
2020-08-30 03:00:00;0.19344657941149168;0.03480545066491545
2020-08-30 04:00:00;0.18147219901605866;0.04482022656378263
2020-08-30 05:00:00;0.165135059871902;0.08438680019701199
2020-08-30 06:00:00;0.169126520003713;0.09429212499315931
2020-08-30 07:00:00;0.14081500046412326;0.16986811142122257
2020-08-30 08:00:00;0.14768402487700732;0.2683741038690965
2020-08-30 09:00:00;0.09588786781769237;0.28988124555354894
2020-08-30 10:00:00;0.09310312819084748;0.2964483117167406
2020-08-30 11:00:00;0.13524552121043348;0.2703989492694139
2020-08-30 12:00:00;0.0762090411213218;0.3135226837410387
2020-08-30 13:00:00;0.0531885268727374;0.32693044382422154
2020-08-30 14:00:00;0.04056437389770723;0.3412138127291633
2020-08-30 15:00:00;0.05504501995730066;0.3300498002517376
2020-08-30 16:00:00;0.13403880070546736;0.2928364253269852
2020-08-30 17:00:00;0.13403880070546736;0.2946423685218629
2020-08-30 18:00:00;0.18137937436183052;0.28128933399003997
2020-08-30 19:00:00;0.20077972709551659;0.28057790182236086
2020-08-30 20:00:00;0.2247284878863826;0.2706178514748536
2020-08-30 21:00:00;0.18147219901605866;0.288294204564111
2020-08-30 22:00:00;0.14657012902626937;0.2977069993980189
2020-08-30 23:00:00;0.0892973173674928;0.3360696109013298
2020-08-31 00:00:00;0.04409171075837742;0.35341761068242766
2020-08-31 01:00:00;0.07778706024320058;0.3387511629179664
2020-08-31 02:00:00;0.08140722175809895;0.3387511629179664
2020-08-31 03:00:00;0.12605588044184535;0.2965577628194604
2020-08-31 04:00:00;0.37064884433305484;0.17523121545449574
2020-08-31 05:00:00;0.4970760233918129;0.12789361352815629
2020-08-31 06:00:00;0.4896500510535598;0.11672960105073059
2020-08-31 07:00:00;0.3290633992388379;0.15646035133803973
2020-08-31 08:00:00;0.17850181008075744;0.2538171072073551
2020-08-31 09:00:00;0.051703332405086795;0.3241394407048651
2020-08-31 10:00:00;0.08771929824561403;0.3272040715810212
2020-08-31 11:00:00;0.10312819084748909;0.33054233021397694
2020-08-31 12:00:00;0.10693400167084377;0.3168062168226345
2020-08-31 13:00:00;0.07351712614870509;0.34137798938324304
2020-08-31 14:00:00;0.030260837278381136;0.3751983801236798
2020-08-31 15:00:00;0.05550914322844148;0.38789470803918347
2020-08-31 16:00:00;0.04418453541260559;0.38187489738959124
2020-08-31 17:00:00;0.09755871159379931;0.3387511629179664
2020-08-31 18:00:00;0.10015780191218787;0.3043835166639304
2020-08-31 19:00:00;0.2594449085677156;0.19695725934438793
2020-08-31 20:00:00;0.46226677805625177;0.10441635199474635
2020-08-31 21:00:00;0.24171539961013647;0.21200678596836867
2020-08-31 22:00:00;0.3938550078900956;0.11755048432112955
2020-08-31 23:00:00;0.4130697113153253;0.08132216932085592
2020-09-01 00:00:00;0.2954608744082428;0.06474032725879714
2020-09-01 01:00:00;0.1859277824190105;0.055601160181688834
2020-09-01 02:00:00;0.185649308456326;0.1185902697969682
2020-09-01 03:00:00;0.172561032210155;0.18973348656487715
2020-09-01 04:00:00;0.3045576905226028;0.17692770754665355
2020-09-01 05:00:00;0.5361552028218695;0.09987413123187217
2020-09-01 06:00:00;0.4805532349391999;0.07513818201718384
2020-09-01 07:00:00;0.349113524552121;0.08011820719093746
2020-09-01 08:00:00;0.20031560382437577;0.23931483609697368
2020-09-01 09:00:00;0.08196416968346792;0.3467410934165162
2020-09-01 10:00:00;0.0689687180915251;0.36589503639249166
2020-09-01 11:00:00;0.11371020142949967;0.344552071362119
2020-09-01 12:00:00;0.12522045855379188;0.3446067969134789
2020-09-01 13:00:00;0.2926761347813979;0.2561155803644722
2020-09-01 14:00:00;0.3300844704353476;0.25069775077983913
2020-09-01 15:00:00;0.11426714935486863;0.3550046516718656
2020-09-01 16:00:00;0.31086976701011787;0.27592622995676686
2020-09-01 17:00:00;0.36879235124849163;0.21408635692004596
2020-09-01 18:00:00;0.2297410192147034;0.21397690581732612
2020-09-01 19:00:00;0.45233454005383833;0.12083401740272533
2020-09-01 20:00:00;0.3311055416318574;0.09670004925299622
2020-09-01 21:00:00;0.4752622296481946;0.04673562086138019
2020-09-01 22:00:00;0.4226306507008261;0.02238275050621135
2020-09-01 23:00:00;0.3948760790866054;0.014447545559021509
2020-09-02 00:00:00;0.295553699062471;0.040223280249548514
2020-09-02 01:00:00;0.3634085213032581;0.028347835604443716
2020-09-02 02:00:00;0.35681797085305855;0.007771028293110055
2020-09-02 03:00:00;0.42708623410377794;0.011109286926065783
2020-09-02 04:00:00;0.39636127355425604;0.03310895857275763
2020-09-02 05:00:00;0.4898357003620162;0.011984895747824662
2020-09-02 06:00:00;0.4918778427550357;0.017840529743337167
2020-09-02 07:00:00;0.4126984126984127;0.037432277130192086
2020-09-02 08:00:00;0.2701197438039543;0.09839654134515406
2020-09-02 09:00:00;0.26882019864476003;0.1538335248727631
2020-09-02 10:00:00;0.13840155945419103;0.2986920593224977
2020-09-02 11:00:00;0.1118537083449364;0.36436272095441363
2020-09-02 12:00:00;0.16940499396639747;0.3816012696327916
2020-09-02 13:00:00;0.10730530028775641;0.4347945055546435
2020-09-02 14:00:00;0.13478139793929267;0.4599135336288513
2020-09-02 15:00:00;0.25925925925925924;0.4021780769441252
2020-09-02 16:00:00;0.2628794207741576;0.39796420948941064
2020-09-02 17:00:00;0.18936229462545254;0.37634761670223826
2020-09-02 18:00:00;0.36461524180822424;0.318776336671592
2020-09-02 19:00:00;0.37881741390513324;0.26197121435998466
2020-09-02 20:00:00;0.4124199387357282;0.24237946697312976
2020-09-02 21:00:00;0.42949967511371023;0.15049526623980738
2020-09-02 22:00:00;0.47359138587208766;0.060471734252722606
2020-09-02 23:00:00;0.583217302515548;0.06216822634488044
2020-09-03 00:00:00;0.2781954887218045;0.11902807420784765
2020-09-03 01:00:00;0.32349391998514804;0.10961527937393968
2020-09-03 02:00:00;0.32293697205977906;0.12619712143599845
2020-09-03 03:00:00;0.22816300009282467;0.16488808624746895
2020-09-03 04:00:00;0.33973823447507656;0.12685382805231762
2020-09-03 05:00:00;0.521024784182679;0.048869917364417446
2020-09-03 06:00:00;0.3801169590643275;0.09790401138291469
2020-09-03 07:00:00;0.384386893158823;0.10720735511410277
2020-09-03 08:00:00;0.34363686995265946;0.21934000985059926
2020-09-03 09:00:00;0.18899099600853986;0.29759754829529905
2020-09-03 10:00:00;0.29991645781119464;0.20122585235046242
2020-09-03 11:00:00;0.3288777499303815;0.16089312099819406
2020-09-03 12:00:00;0.26622110832637147;0.19739506375526736
2020-09-03 13:00:00;0.2768959435626102;0.2014994801072621
2020-09-03 14:00:00;0.28497168848046045;0.19744978930662727
2020-09-03 15:00:00;0.1598440545808967;0.23433481092322006
2020-09-03 16:00:00;0.1231783161607723;0.2402451704700925
2020-09-03 17:00:00;0.10962591664346048;0.23668800963169706
2020-09-03 18:00:00;0.12104334911352455;0.21561867235812401
2020-09-03 19:00:00;0.12234289427271883;0.21988726536419856
2020-09-03 20:00:00;0.08874036944212381;0.2468122366332841
2020-09-03 21:00:00;0.10637705374547479;0.20948941060581186
2020-09-03 22:00:00;0.10795507286735355;0.23641438187489738
2020-09-03 23:00:00;0.05485937064884433;0.2493296119958409
2020-09-04 00:00:00;0.04854729416132925;0.25244896842335685
2020-09-04 01:00:00;0.05894365543488351;0.2203797953264379
2020-09-04 02:00:00;0.07184628237259816;0.2203797953264379
2020-09-04 03:00:00;0.10396361273554255;0.1649975373501888
2020-09-04 04:00:00;0.19669544230947741;0.11289881245553549
2020-09-04 05:00:00;0.21823076209041123;0.10184425108082965
2020-09-04 06:00:00;0.29982363315696653;0.051660920483773874
2020-09-04 07:00:00;0.26148705096073516;0.08017293274229738
2020-09-04 08:00:00;0.22417153996101366;0.10545613747058502
2020-09-04 09:00:00;0.21767381416504225;0.12630657253871833
2020-09-04 10:00:00;0.17998700454840805;0.18885787774311827
2020-09-04 11:00:00;0.1447136359417061;0.20795709516773384
2020-09-04 12:00:00;0.14211454562331755;0.2639960597603021
2020-09-04 13:00:00;0.1843497632971317;0.24894653313632137
2020-09-04 14:00:00;0.17608836907082523;0.27247852022109126
2020-09-04 15:00:00;0.173117980135524;0.2879111257045915
2020-09-04 16:00:00;0.15919428200129956;0.3050402232802496
2020-09-04 17:00:00;0.15446022463566322;0.31100530837848195
2020-09-04 18:00:00;0.18852687273739907;0.2843539648661961
2020-09-04 19:00:00;0.2623224728487886;0.20626060307557598
2020-09-04 20:00:00;0.30780655342058855;0.16297269194987138
2020-09-04 21:00:00;0.2788452613014017;0.19520604170087016
2020-09-04 22:00:00;0.3174603174603175;0.1317244021233514
2020-09-04 23:00:00;0.26603545901791514;0.14956493186668857
2020-09-05 00:00:00;0.2109904390606145;0.1536146226673234
2020-09-05 01:00:00;0.21006219251833289;0.12247578394352324
2020-09-05 02:00:00;0.17710944026733502;0.12116237071088493
2020-09-05 03:00:00;0.0957950431634642;0.2395337383024134
2020-09-05 04:00:00;0.08957579133017728;0.24779729655776284
2020-09-05 05:00:00;0.1583588601132461;0.25316040059103595
2020-09-05 06:00:00;0.15343915343915343;0.2183002243747606
2020-09-05 07:00:00;0.1482409728023763;0.1936737262627921
2020-09-05 08:00:00;0.14870509607351712;0.1980517703715865
2020-09-05 09:00:00;0.10563445651164947;0.26695123953373834
2020-09-05 10:00:00;0.09848695813608094;0.27346358014557
2020-09-05 11:00:00;0.08391348742225935;0.2892245389372298
2020-09-05 12:00:00;0.0807574491785018;0.30317955453401196
2020-09-05 13:00:00;0.07899378074816671;0.30356263339353146
2020-09-05 14:00:00;0.0892973173674928;0.30356263339353146
2020-09-05 15:00:00;0.09440267335004177;0.3033437311880917
2020-09-05 16:00:00;0.10442773600668337;0.2924533464674657
2020-09-05 17:00:00;0.11426714935486863;0.27877195862748316
2020-09-05 18:00:00;0.21526037315511;0.20943468505445192
2020-09-05 19:00:00;0.26622110832637147;0.18962403546215728
2020-09-05 20:00:00;0.26677805625174045;0.16636567613418704
2020-09-05 21:00:00;0.28534298709737305;0.11563509002353199
2020-09-05 22:00:00;0.24654228163000094;0.10124227001587041
2020-09-05 23:00:00;0.20904112132182306;0.09773983472883489
2020-09-06 00:00:00;0.1472199016058665;0.12050566409456576
2020-09-06 01:00:00;0.10442773600668337;0.1904996442839162
2020-09-06 02:00:00;0.11992945326278659;0.192962294095113
2020-09-06 03:00:00;0.14610600575512855;0.18316642040168554
2020-09-06 04:00:00;0.1432284414740555;0.14321676790893667
2020-09-06 05:00:00;0.14230019493177387;0.11289881245553549
2020-09-06 06:00:00;0.1779448621553885;0.0878892354840475
2020-09-06 07:00:00;0.17553142114545622;0.0835111913752531
2020-09-06 08:00:00;0.1567808409913673;0.1416297269194987
2020-09-06 09:00:00;0.11101828645688294;0.2380561484156953
2020-09-06 10:00:00;0.09171075837742503;0.3174081978875937
2020-09-06 11:00:00;0.09625916643460503;0.3316915667925355
2020-09-06 12:00:00;0.12206442031003432;0.3114978383407213
2020-09-06 13:00:00;0.11352455212104333;0.3300498002517376
2020-09-06 14:00:00;0.09375290077044462;0.35117386307667053
2020-09-06 15:00:00;0.09180358303165319;0.34882066436819353
2020-09-06 16:00:00;0.12308549150654413;0.3264379138619822
2020-09-06 17:00:00;0.11296760419567436;0.29912986373337713
2020-09-06 18:00:00;0.18583495776478232;0.23794669731297544
2020-09-06 19:00:00;0.1794300566230391;0.2319816122147431
2020-09-06 20:00:00;0.19910888331940965;0.19236031303015377
2020-09-06 21:00:00;0.26603545901791514;0.11382914682865429
2020-09-06 22:00:00;0.21869488536155204;0.12658020029551798
2020-09-06 23:00:00;0.18175067297874317;0.12045093854320582
2020-09-07 00:00:00;0.12243571892694699;0.1435998467684562
2020-09-07 01:00:00;0.17246820755592687;0.09150112187380288
2020-09-07 02:00:00;0.17098301308827626;0.08980462978164505
2020-09-07 03:00:00;0.20987654320987653;0.07968040278005802
2020-09-07 04:00:00;0.3299916457811195;0.04077053576314782
2020-09-07 05:00:00;0.4413812308549151;0.01554205658622011
2020-09-07 06:00:00;0.41492620439988864;0.02588518579324687
2020-09-07 07:00:00;0.3373247934651444;0.05549170907896898
2020-09-07 08:00:00;0.27903091060985796;0.12351556941936191
2020-09-07 09:00:00;0.23855936136637892;0.17780331636841243
2020-09-07 10:00:00;0.20709180358303167;0.23105127784162427
2020-09-07 11:00:00;0.20709180358303167;0.2636129809007826
2020-09-07 12:00:00;0.2233361180729602;0.24976741640672032
2020-09-07 13:00:00;0.17868745938921377;0.3121545449570405
2020-09-07 14:00:00;0.1803583031653207;0.3411590871778033
2020-09-07 15:00:00;0.1847210619140444;0.3301592513544574
2020-09-07 16:00:00;0.169126520003713;0.34176106824276253
2020-09-07 17:00:00;0.1442495126705653;0.3188857877743118
2020-09-07 18:00:00;0.17850181008075744;0.27466754227548845
2020-09-07 19:00:00;0.256845818249327;0.2095441361571718
2020-09-07 20:00:00;0.2839506172839506;0.18502708914792318
2020-09-07 21:00:00;0.2127541074909496;0.1932906474032726
2020-09-07 22:00:00;0.19985148055323496;0.16762436381546544
2020-09-07 23:00:00;0.16318574213311057;0.17419142997865703
2020-09-08 00:00:00;0.09950802933259072;0.19838012367974608
2020-09-08 01:00:00;0.10015780191218787;0.18803699447271932
2020-09-08 02:00:00;0.09495962127541073;0.18803699447271932
2020-09-08 03:00:00;0.0960735171261487;0.19246976413287367
2020-09-08 04:00:00;0.190197716513506;0.14124664805997922
2020-09-08 05:00:00;0.25471085120207926;0.09894379685875335
2020-09-08 06:00:00;0.2636220180079829;0.08745143107316806
2020-09-08 07:00:00;0.21136173767752714;0.09089914080884365
2020-09-08 08:00:00;0.22704910424208669;0.08394899578613255
2020-09-08 09:00:00;0.22612085769980506;0.08444152574837192
2020-09-08 10:00:00;0.20987654320987653;0.09237673069556175
2020-09-08 11:00:00;0.19836628608558432;0.09379959503091995
2020-09-08 12:00:00;0.23958043256288872;0.08876484430580638
2020-09-08 13:00:00;0.18137937436183052;0.133585070869589
2020-09-08 14:00:00;0.194189176645317;0.1505499917911673
2020-09-08 15:00:00;0.18889817135431172;0.16762436381546544
2020-09-08 16:00:00;0.1993873572820941;0.1374158594647841
2020-09-08 17:00:00;0.22138680033416877;0.11979423192688668
2020-09-08 18:00:00;0.2641789659333519;0.09598861708531714
2020-09-08 19:00:00;0.2696556205328135;0.07645159524982215
2020-09-08 20:00:00;0.25693864290355517;0.05001915394297598
2020-09-08 21:00:00;0.2623224728487886;0.03732282602747223
2020-09-08 22:00:00;0.26278659611992944;0.0323428008537186
2020-09-08 23:00:00;0.23039079179430055;0.039730750287309144
2020-09-09 00:00:00;0.22816300009282467;0.035243255075794885
2020-09-09 01:00:00;0.2077415761626288;0.037979532643791385
2020-09-09 02:00:00;0.18388564002599092;0.05620314124664807
2020-09-09 03:00:00;0.14592035644667223;0.08537186012149074
2020-09-09 04:00:00;0.17200408428478603;0.08143162042357578
2020-09-09 05:00:00;0.2375382901698691;0.06791440923767307
2020-09-09 06:00:00;0.21888053467000837;0.08290921031029388
2020-09-09 07:00:00;0.23336118072960177;0.0785311662014995
2020-09-09 08:00:00;0.2315975122992667;0.0721282766923877
2020-09-09 09:00:00;0.14954051796157058;0.12247578394352324
2020-09-09 10:00:00;0.13784461152882205;0.13112242105839217
2020-09-09 11:00:00;0.1911259630557876;0.12783888797679638
2020-09-09 12:00:00;0.23800241344100992;0.15405242707820282
2020-09-09 13:00:00;0.15232525758841547;0.17150987796202047
2020-09-09 14:00:00;0.14332126612828366;0.15990806107371533
2020-09-09 15:00:00;0.1397011046133853;0.1542166037322826
2020-09-09 16:00:00;0.13552399517311797;0.15005746182892793
2020-09-09 17:00:00;0.15353197809338162;0.1266349258468779
2020-09-09 18:00:00;0.1914044370184721;0.1286597712471953
2020-09-09 19:00:00;0.16151489835700364;0.18146992830952774
2020-09-09 20:00:00;0.21878771001578018;0.17118152465386088
2020-09-09 21:00:00;0.25675299359509884;0.1240628249329612
2020-09-09 22:00:00;0.2391163092917479;0.0921031029387621
2020-09-09 23:00:00;0.20254339552585165;0.09779456028019483
2020-09-10 00:00:00;0.21340388007054675;0.06725770262135392
2020-09-10 01:00:00;0.21888053467000837;0.045805286488261376
2020-09-10 02:00:00;0.1809152510906897;0.0469545230668199
2020-09-10 03:00:00;0.17153996101364521;0.06501395501559679
2020-09-10 04:00:00;0.26603545901791514;0.03305423302139769
2020-09-10 05:00:00;0.3647080664624524;0.018059431948776888
2020-09-10 06:00:00;0.38206627680311894;0.021178788376292893
2020-09-10 07:00:00;0.32943469785575047;0.0259399113446068
2020-09-10 08:00:00;0.2843219159008633;0.08121271821813605
2020-09-10 09:00:00;0.20802005012531327;0.22426530947299295
2020-09-10 10:00:00;0.1728395061728395;0.2821102172604389
2020-09-10 11:00:00;0.09273182957393483;0.33645268976084935
2020-09-10 12:00:00;0.2934187320152232;0.27269742242653094
2020-09-10 13:00:00;0.10999721526037315;0.3490395665736333
2020-09-10 14:00:00;0.1670843776106934;0.29732392053849943
2020-09-10 15:00:00;0.23948760790866053;0.29420456411098345
2020-09-10 16:00:00;0.22704910424208669;0.30246812236633286
2020-09-10 17:00:00;0.27151211361737676;0.2659114540578996
2020-09-10 18:00:00;0.3648937157709088;0.19033546762983639
2020-09-10 19:00:00;0.4713635941706117;0.05565588573304876
2020-09-10 20:00:00;0.5677155852594449;0.01258687681278389
2020-09-10 21:00:00;0.5949132089482967;0.005089476276473486
2020-09-10 22:00:00;0.5343915343915344;0.005198927379193347
2020-09-10 23:00:00;0.45688294811101826;0.005527280687352927
2020-09-11 00:00:00;0.45827531792444076;0.008701362666228864
2020-09-11 01:00:00;0.4565116494941056;0.005253652930553277
2020-09-11 02:00:00;0.3906061449921099;0.021671318338532263
2020-09-11 03:00:00;0.2391163092917479;0.08017293274229738
2020-09-11 04:00:00;0.3084563260001857;0.04996442839161605
2020-09-11 05:00:00;0.3601596584052725;0.02708914792316533
2020-09-11 06:00:00;0.42820012995451595;0.02161659278717233
2020-09-11 07:00:00;0.3544973544973545;0.062058775242160566
2020-09-11 08:00:00;0.31495405179615704;0.07448147540086468
2020-09-11 09:00:00;0.21108326371484268;0.21238986482788816
2020-09-11 10:00:00;0.25563909774436094;0.2998960214524161
2020-09-11 11:00:00;0.22120115102571244;0.33957204618836534
2020-09-11 12:00:00;0.2578668894458368;0.32682099272150167
2020-09-11 13:00:00;0.32924904854729414;0.29278169977562524
2020-09-11 14:00:00;0.3875429314025805;0.2886772834236305
2020-09-11 15:00:00;0.29824561403508776;0.36989000164176655
2020-09-11 16:00:00;0.2696556205328135;0.3496415476385925
2020-09-11 17:00:00;0.29824561403508776;0.30082635582553496
2020-09-11 18:00:00;0.40063120764875154;0.24741421769824332
2020-09-11 19:00:00;0.460688758934373;0.1936737262627921
2020-09-11 20:00:00;0.4796249883969182;0.09314288841460078
2020-09-11 21:00:00;0.5304928989139515;0.019810649592294644
2020-09-11 22:00:00;0.6658312447786132;0.015377879932140317
2020-09-11 23:00:00;0.4854729416132925;0.06884474361079189
2020-09-12 00:00:00;0.33871716327856677;0.10271985990258853
2020-09-12 01:00:00;0.27225471085120206;0.1512614239588464
2020-09-12 02:00:00;0.252854358117516;0.1512614239588464
2020-09-12 03:00:00;0.24375754200315605;0.1361024462321458
2020-09-12 04:00:00;0.21321823076209043;0.14600777102829313
2020-09-12 05:00:00;0.20486401188155573;0.14064466699501998
2020-09-12 06:00:00;0.207277452891488;0.12034148744048596
2020-09-12 07:00:00;0.19994430520746312;0.12674437694959778
2020-09-12 08:00:00;0.194189176645317;0.14463963224429488
2020-09-12 09:00:00;0.18546365914786966;0.17238548678377935
2020-09-12 10:00:00;0.14035087719298245;0.2407377004323319
2020-09-12 11:00:00;0.11556669451406293;0.25896130903518855
2020-09-12 12:00:00;0.1136173767752715;0.24566300005472558
2020-09-12 13:00:00;0.1060985797827903;0.26142395884638536
2020-09-12 14:00:00;0.11018286456882947;0.2915777376457068
2020-09-12 15:00:00;0.11649494105634454;0.2904285010671483
2020-09-12 16:00:00;0.14935486865311426;0.27466754227548845
2020-09-12 17:00:00;0.13608094309848695;0.28293110053083786
2020-09-12 18:00:00;0.19066183978464682;0.2493843375472008
2020-09-12 19:00:00;0.2759676970203286;0.17643517758441418
2020-09-12 20:00:00;0.36136637891023854;0.09144639632244296
2020-09-12 21:00:00;0.36907082521117607;0.07420784764406502
2020-09-12 22:00:00;0.4161329249048547;0.051277841624254375
2020-09-12 23:00:00;0.3358395989974937;0.08810813768948723
2020-09-13 00:00:00;0.21433212661282836;0.1131177146609752
2020-09-13 01:00:00;0.1952102478418268;0.11081924150385816
2020-09-13 02:00:00;0.19483894922491415;0.09456575274995897
2020-09-13 03:00:00;0.13942263065070082;0.12072456630000547
2020-09-13 04:00:00;0.15121136173767755;0.10222732994034915
2020-09-13 05:00:00;0.1527893808595563;0.10501833305970557
2020-09-13 06:00:00;0.1510257124292212;0.12231160728944343
2020-09-13 07:00:00;0.14304279216559918;0.12740108356591692
2020-09-13 08:00:00;0.14657012902626937;0.12855032014447546
2020-09-13 09:00:00;0.14489928525016244;0.16105729765227386
2020-09-13 10:00:00;0.14981899192425507;0.1982706725770262
2020-09-13 11:00:00;0.14907639469042977;0.2327477699337821
2020-09-13 12:00:00;0.16439246263807666;0.2402451704700925
2020-09-13 13:00:00;0.1847210619140444;0.24560827450336561
2020-09-13 14:00:00;0.1872273275782048;0.253105675039676
2020-09-13 15:00:00;0.18416411398867538;0.2886225578722706
2020-09-13 16:00:00;0.18295739348370926;0.3090899140808844
2020-09-13 17:00:00;0.20115102571242924;0.27784162425436437
2020-09-13 18:00:00;0.3647080664624524;0.18803699447271932
2020-09-13 19:00:00;0.4164113988675392;0.08466042795381164
2020-09-13 20:00:00;0.35022742040285904;0.0491435451212171
2020-09-13 21:00:00;0.3237723939478326;0.05291960816505226
2020-09-13 22:00:00;0.2563816949781862;0.06446669950199749
2020-09-13 23:00:00;0.3729694606887589;0.023367810430690087
2020-09-14 00:00:00;0.4093567251461988;0.005034750725113557
2020-09-14 01:00:00;0.3258145363408521;0.004104416351994748
2020-09-14 02:00:00;0.22519261115752345;0.0039402396979149575
2020-09-14 03:00:00;0.1819363222871995;0.004378044108794398
2020-09-14 04:00:00;0.21164021164021163;0.01395501559678214
2020-09-14 05:00:00;0.20551378446115287;0.010452580309746622
2020-09-14 06:00:00;0.1944676506080015;0.019865375143654572
2020-09-14 07:00:00;0.23930195860020423;0.07382476878454551
2020-09-14 08:00:00;0.265942634363687;0.13495320965358726
2020-09-14 09:00:00;0.2759676970203286;0.1753953921085755
2020-09-14 10:00:00;0.2160029703889353;0.2850106714825152
2020-09-14 11:00:00;0.12754107490949596;0.4105510863021945
2020-09-14 12:00:00;0.11296760419567436;0.5162808515295793
2020-09-14 13:00:00;0.11621646709366007;0.5988069829803536
2020-09-14 14:00:00;0.10637705374547479;0.682865429869206
2020-09-14 15:00:00;0.1346885732850645;0.5933891533957204
2020-09-14 16:00:00;0.22556390977443608;0.4796694576697861
2020-09-14 17:00:00;0.3816949781862063;0.364089093197614
2020-09-14 18:00:00;0.4355332776385408;0.251573359601598
2020-09-14 19:00:00;0.463566323215446;0.17763913971433265
2020-09-14 20:00:00;0.4780469692750394;0.12154544957040442
2020-09-14 21:00:00;0.3544045298431263;0.13987850927598094
2020-09-14 22:00:00;0.3659147869674185;0.11574454112625185
2020-09-14 23:00:00;0.32692843219159007;0.12789361352815629
2020-09-15 00:00:00;0.24663510628422908;0.2276582936573086
2020-09-15 01:00:00;0.15520282186948856;0.24292672248672906
2020-09-15 02:00:00;0.22658498097094587;0.12389864827888142
2020-09-15 03:00:00;0.28738512949039263;0.09637169594483665
2020-09-15 04:00:00;0.1788731086976701;0.1337492475236688
2020-09-15 05:00:00;0.31690336953494846;0.09084441525748373
2020-09-15 06:00:00;0.32238002413441014;0.018880315219175835
2020-09-15 07:00:00;0.3045576905226028;0.05773545668472611
2020-09-15 08:00:00;0.3509700176366843;0.10622229518962405
2020-09-15 09:00:00;0.39831059129304747;0.11142122256881738
2020-09-15 10:00:00;0.3842940685045948;0.19252448968423358
2020-09-15 11:00:00;0.34595748630836354;0.3136868603951185
2020-09-15 12:00:00;0.2694699712243572;0.4595851803206918
2020-09-15 13:00:00;0.2762461709830131;0.5622503146719203
2020-09-15 14:00:00;0.2602803304557691;0.6364581623159854
2020-09-15 15:00:00;0.19910888331940965;0.7349094292124994
2020-09-15 16:00:00;0.22621368235403322;0.6703880041591419
2020-09-15 17:00:00;0.22315046876450387;0.581240080993816
2020-09-15 18:00:00;0.49624060150375937;0.403108411317244
2020-09-15 19:00:00;0.7247749002134967;0.14743063536365128
2020-09-15 20:00:00;0.6801262415297502;0.024517047009248623
2020-09-15 21:00:00;0.6403972895200964;0.15574891917036063
2020-09-15 22:00:00;0.6314861227141929;0.16373884966891042
2020-09-15 23:00:00;0.6338067390698969;0.1574454112625185
2020-09-16 00:00:00;0.2802376311148241;0.1662562250314672
2020-09-16 01:00:00;0.23698134224450015;0.18256443933672634
2020-09-16 02:00:00;0.1897335932423652;0.18256443933672634
2020-09-16 03:00:00;0.20161514898357005;0.17999233842280962
2020-09-16 04:00:00;0.3156038243757542;0.11404804903409402
2020-09-16 05:00:00;0.47767567065812677;0.27942866524380233
2020-09-16 06:00:00;0.28747795414462085;0.3419799704482023
2020-09-16 07:00:00;0.19994430520746312;0.3855962348820664
2020-09-16 08:00:00;0.0943098486958136;0.4671373064083621
2020-09-16 09:00:00;0.05931495405179616;0.5040770535763148
2020-09-16 10:00:00;0.051888981713543114;0.5160619493241394
2020-09-16 11:00:00;0.032117330362944396;0.5438078038636239
2020-09-16 12:00:00;0.0474333983105913;0.5554096207519291
2020-09-16 13:00:00;0.07379560011138958;0.5416735073605867
2020-09-16 14:00:00;0.08085027383272995;0.5271165106988452
2020-09-16 15:00:00;0.08771929824561403;0.5305642204345209
2020-09-16 16:00:00;0.04520560660911538;0.5672303398456741
2020-09-16 17:00:00;0.04557690522602803;0.4673014830624419
2020-09-16 18:00:00;0.05764411027568922;0.3904668089531002
2020-09-16 19:00:00;0.018379281537176273;0.3609150112187381
2020-09-16 20:00:00;0.023020514248584426;0.3420346959995622
2020-09-16 21:00:00;0.02190661839784647;0.3699994527444864
2020-09-16 22:00:00;0.0218137937436183;0.34564658238931756
2020-09-16 23:00:00;0.0;0.34230832375636183
2020-09-17 00:00:00;0.025712429221201153;0.3286816614677393
2020-09-17 01:00:00;0.022834864940128097;0.3311443112789361
2020-09-17 02:00:00;0.06488443330548593;0.28424451376347615
2020-09-17 03:00:00;0.07806553420588508;0.2624637443222241
2020-09-17 04:00:00;0.08688387635756056;0.23674273518305697
2020-09-17 05:00:00;0.11398867539218416;0.19252448968423358
2020-09-17 06:00:00;0.11705188898171354;0.1814152027581678
2020-09-17 07:00:00;0.09997215260373155;0.17178350571882012
2020-09-17 08:00:00;0.07760141093474426;0.1949324139440705
2020-09-17 09:00:00;0.061264271790587584;0.2285339024790675
2020-09-17 10:00:00;0.04993966397475169;0.2631204509385432
2020-09-17 11:00:00;0.04381323679569294;0.29551797734362173
2020-09-17 12:00:00;0.04121414647730438;0.3153833524872763
2020-09-17 13:00:00;0.04065719855193539;0.3327313522683741
2020-09-17 14:00:00;0.04093567251461988;0.34296503037268106
2020-09-17 15:00:00;0.04873294346978557;0.3357959831445302
2020-09-17 16:00:00;0.05792258423837371;0.3235921851912658
2020-09-17 17:00:00;0.0787153067854822;0.30022437476057573
2020-09-17 18:00:00;0.07305300287756428;0.2942592896623433
2020-09-17 19:00:00;0.11380302608372783;0.24325507579488861
2020-09-17 20:00:00;0.14592035644667223;0.20067859683686315
2020-09-17 21:00:00;0.1286549707602339;0.19181305751655447
2020-09-17 22:00:00;0.18156502367028685;0.1611667487549937
2020-09-17 23:00:00;0.10145734707138215;0.2060964264214962
2020-09-18 00:00:00;0.09811565951916827;0.23269304438242214
2020-09-18 01:00:00;0.09588786781769237;0.21348437585508673
2020-09-18 02:00:00;0.08382066276803118;0.2088327039894927
2020-09-18 03:00:00;0.08103592314118628;0.2145241613309254
2020-09-18 04:00:00;0.08948296667594911;0.18601214907240193
2020-09-18 05:00:00;0.10377796342708623;0.1750670388004159
2020-09-18 06:00:00;0.11927968068318945;0.16992283697258248
2020-09-18 07:00:00;0.13654506636962777;0.16368412411755048
2020-09-18 08:00:00;0.11686623967325721;0.18721611120232037
2020-09-18 09:00:00;0.10517033324050867;0.2092157828490122
2020-09-18 10:00:00;0.07741576162628794;0.24703113883872382
2020-09-18 11:00:00;0.07658033973823447;0.2729163246319707
2020-09-18 12:00:00;0.07175345771837;0.3231543807803864
2020-09-18 13:00:00;0.06377053745474798;0.38680019701198487
2020-09-18 14:00:00;0.06766917293233082;0.41175504843211297
2020-09-18 15:00:00;0.0782511835143414;0.41700870136266627
2020-09-18 16:00:00;0.07175345771837;0.44891369780550544
2020-09-18 17:00:00;0.08047897521581732;0.4376949597767198
2020-09-18 18:00:00;0.21730251554812957;0.28621463361243366
2020-09-18 19:00:00;0.10758377425044091;0.2835330815957971
2020-09-18 20:00:00;0.11955815464587392;0.2654736496470202
2020-09-18 21:00:00;0.1267056530214425;0.2616428610518251
2020-09-18 22:00:00;0.08883319409635197;0.2746128167241285
2020-09-18 23:00:00;0.08781212289984218;0.2461555300169649
2020-09-19 00:00:00;0.09904390606144992;0.24090187708641164
2020-09-19 01:00:00;0.0762090411213218;0.2488918075849614
2020-09-19 02:00:00;0.0772301123178316;0.22262354293219505
2020-09-19 03:00:00;0.09904390606144992;0.19947463470694465
2020-09-19 04:00:00;0.09412419938735726;0.17807694412521208
2020-09-19 05:00:00;0.13459574863083634;0.13599299512942592
2020-09-19 06:00:00;0.17237538290169868;0.10326711541618781
2020-09-19 07:00:00;0.14731272626009467;0.1300826355825535
2020-09-19 08:00:00;0.10628422909124663;0.18748973895912002
2020-09-19 09:00:00;0.10619140443701847;0.21862857768292016
2020-09-19 10:00:00;0.1025712429221201;0.2451704700924862
2020-09-19 11:00:00;0.09180358303165319;0.2853390247906748
2020-09-19 12:00:00;0.08623410377796342;0.3228807530235867
2020-09-19 13:00:00;0.07017543859649122;0.3962677173972528
2020-09-19 14:00:00;0.07333147684024877;0.4436053193235922
2020-09-19 15:00:00;0.07008261394226306;0.47255513599299515
2020-09-19 16:00:00;0.08363501345957486;0.46029661248837084
2020-09-19 17:00:00;0.08901884340480831;0.4191429978657035
2020-09-19 18:00:00;0.13710201429499674;0.3542932195041866
2020-09-19 19:00:00;0.15046876450385221;0.3179007278498331
2020-09-19 20:00:00;0.11862990810359231;0.28659771247195315
2020-09-19 21:00:00;0.12410656270305392;0.2572100913916708
2020-09-19 22:00:00;0.13088276246170982;0.26339407869534287
2020-09-19 23:00:00;0.08382066276803118;0.24987686750944016
2020-09-20 00:00:00;0.10684117701661561;0.2190663820937996
2020-09-20 01:00:00;0.08298524087997772;0.2356482241558584
2020-09-20 02:00:00;0.08010767659890465;0.2356482241558584
2020-09-20 03:00:00;0.0699897892880349;0.21966836315875884
2020-09-20 04:00:00;0.07602339181286549;0.2172604388989219
2020-09-20 05:00:00;0.08066462452427364;0.1935095496087123
2020-09-20 06:00:00;0.13181100900399145;0.14589831992557326
2020-09-20 07:00:00;0.09987932794950338;0.16948503256170305
2020-09-20 08:00:00;0.08762647359138587;0.20527554315109725
2020-09-20 09:00:00;0.07565209319595284;0.25069775077983913
2020-09-20 10:00:00;0.08020050125313281;0.28949816669402945
2020-09-20 11:00:00;0.06655527708159287;0.3566464182126635
2020-09-20 12:00:00;0.05801540889260187;0.40349149017676356
2020-09-20 13:00:00;0.050960735171261484;0.4616647512723691
2020-09-20 14:00:00;0.05931495405179616;0.5024352870355169
2020-09-20 15:00:00;0.06590550450199573;0.5070869589011109
2020-09-20 16:00:00;0.07760141093474426;0.49986318612160024
2020-09-20 17:00:00;0.06971131532535042;0.4987686750944016
2020-09-20 18:00:00;0.09774436090225563;0.4216603732282603
2020-09-20 19:00:00;0.0993223800241344;0.4044765501012423
2020-09-20 20:00:00;0.08307806553420588;0.31067695507032234
2020-09-20 21:00:00;0.14582753179244407;0.23455371312865977
2020-09-20 22:00:00;0.19994430520746312;0.1922508619274339
2020-09-20 23:00:00;0.2111760883690708;0.1639030263229902
2020-09-21 00:00:00;0.11677341501902905;0.21791714551524108
2020-09-21 01:00:00;0.06804047154924348;0.24456848902752695
2020-09-21 02:00:00;0.07091803583031653;0.246100804465605
2020-09-21 03:00:00;0.07917943005662303;0.20522081759973732
2020-09-21 04:00:00;0.0772301123178316;0.1819624582717671
2020-09-21 05:00:00;0.16587765710572727;0.11218738028785641
2020-09-21 06:00:00;0.2516476376125499;0.06145679417720134
2020-09-21 07:00:00;0.24969831987375848;0.07929732392053851
2020-09-21 08:00:00;0.1806367771280052;0.14737590981229137
2020-09-21 09:00:00;0.1968810916179337;0.19246976413287367
2020-09-21 10:00:00;0.20616355704075;0.2149072401904449
2020-09-21 11:00:00;0.17813051146384482;0.2861599080610737
2020-09-21 12:00:00;0.16151489835700364;0.3681935095496087
2020-09-21 13:00:00;0.13905133203378817;0.45783396267717397
2020-09-21 14:00:00;0.18082242643646151;0.45608274503365626
2020-09-21 15:00:00;0.17191125963055787;0.4741969025337931
2020-09-21 16:00:00;0.194189176645317;0.46171947682372905
2020-09-21 17:00:00;0.18889817135431172;0.4899578613254529
2020-09-21 18:00:00;0.3032581453634085;0.3650741531220927
2020-09-21 19:00:00;0.37788916736285155;0.3424177748590817
2020-09-21 20:00:00;0.49002134967047245;0.1832211459530455
2020-09-21 21:00:00;0.5019029054116774;0.167186559404586
2020-09-21 22:00:00;0.5991831430427921;0.056859847862967224
2020-09-21 23:00:00;0.5494291283764967;0.02687024571772561
2020-09-22 00:00:00;0.4116773415019029;0.040168554698188585
2020-09-22 01:00:00;0.4312633435440453;0.04323318557434466
2020-09-22 02:00:00;0.406571985519354;0.026487166858206096
2020-09-22 03:00:00;0.4320987654320988;0.0060745362009522255
2020-09-22 04:00:00;0.557504873294347;0.0053631040332731365
2020-09-22 05:00:00;0.6174695999257402;0.007004870574071035
2020-09-22 06:00:00;0.6186763204307064;0.010780933617906201
2020-09-22 07:00:00;0.5413533834586466;0.03261642861051826
2020-09-22 08:00:00;0.4475076580339738;0.05669567120888744
2020-09-22 09:00:00;0.4216095795043163;0.175778470968095
2020-09-22 10:00:00;0.3361180729601782;0.35702949707218307
2020-09-22 11:00:00;0.285899935022742;0.4893011547091337
2020-09-22 12:00:00;0.3105912930474334;0.5174848136594976
2020-09-22 13:00:00;0.3288777499303815;0.49127127455809116
2020-09-22 14:00:00;0.41000649772579595;0.441416297269195
2020-09-22 15:00:00;0.5228812772672421;0.3942975975482953
2020-09-22 16:00:00;0.6117144713635942;0.35111913752531054
2020-09-22 17:00:00;0.492620439988861;0.3425272259618016
2020-09-22 18:00:00;0.5564838020978372;0.3089804629781645
2020-09-22 19:00:00;0.6437389770723103;0.19460406063591093
2020-09-22 20:00:00;0.7893808595562982;0.06441197395063757
2020-09-22 21:00:00;0.8606701940035273;0.015268428829420458
2020-09-22 22:00:00;0.723846653671215;0.004706397416953977
2020-09-22 23:00:00;0.7666388192703982;0.019646472938214855
2020-09-23 00:00:00;0.41000649772579595;0.07245663000054726
2020-09-23 01:00:00;0.4492713264643089;0.11213265473649647
2020-09-23 02:00:00;0.4359045762554534;0.11804301428336891
2020-09-23 03:00:00;0.38178780284043445;0.10961527937393968
2020-09-23 04:00:00;0.36721433212661286;0.10239150659442893
2020-09-23 05:00:00;0.4805532349391999;0.0447655010124227
2020-09-23 06:00:00;0.4405458089668616;0.042193400098506
2020-09-23 07:00:00;0.38512949039264827;0.07207355114102774
2020-09-23 08:00:00;0.3856864383180173;0.11426695123953375
2020-09-23 09:00:00;0.38577926297224546;0.13807256608110327
2020-09-23 10:00:00;0.2723475355054302;0.24440431237344715
2020-09-23 11:00:00;0.2726260094681147;0.2857221036501943
2020-09-23 12:00:00;0.274482502552678;0.3208559076232693
2020-09-23 13:00:00;0.19929453262786598;0.35850708695890116
2020-09-23 14:00:00;0.19660261765524922;0.350024626498112
2020-09-23 15:00:00;0.2657569850552307;0.2636129809007826
2020-09-23 16:00:00;0.3073424301494477;0.2270563125923494
2020-09-23 17:00:00;0.3394597605123921;0.18831062222951894
2020-09-23 18:00:00;0.2922120115102571;0.15542056586220107
2020-09-23 19:00:00;0.3311055416318574;0.11388387238001423
2020-09-23 20:00:00;0.29109811565951915;0.17752968861161275
2020-09-23 21:00:00;0.22417153996101366;0.2036885021616593
2020-09-23 22:00:00;0.19279680683189454;0.21189733486564877
2020-09-23 23:00:00;0.09737306228534298;0.28128933399003997
2020-09-24 00:00:00;0.07407407407407407;0.28813002791003123
2020-09-24 01:00:00;0.056901513041863916;0.3564275160072238
2020-09-24 02:00:00;0.06507008261394227;0.3564275160072238
2020-09-24 03:00:00;0.0692471920542096;0.33147266458709573
2020-09-24 04:00:00;0.09273182957393483;0.3192141410824714
2020-09-24 05:00:00;0.21767381416504225;0.24631970667104472
2020-09-24 06:00:00;0.2855286364058294;0.2065889563837356
2020-09-24 07:00:00;0.31597512299266683;0.15870409894379686
2020-09-24 08:00:00;0.24849159936879234;0.18234553713128662
2020-09-24 09:00:00;0.19196138494384107;0.2152355934986045
2020-09-24 10:00:00;0.16392833936693585;0.24210583921633014
2020-09-24 11:00:00;0.1374733129119094;0.2869807913314727
2020-09-24 12:00:00;0.14155759769794857;0.30077163027417503
2020-09-24 13:00:00;0.1843497632971317;0.26760794615005745
2020-09-24 14:00:00;0.25276153346328784;0.23329502544738137
2020-09-24 15:00:00;0.3040007425972338;0.17949980846057023
2020-09-24 16:00:00;0.27049104242086697;0.16855469818858423
2020-09-24 17:00:00;0.20124385036665737;0.19668363158758825
2020-09-24 18:00:00;0.21674556762276062;0.1644502818365895
2020-09-24 19:00:00;0.21813793743618304;0.19416625622503145
2020-09-24 20:00:00;0.11018286456882947;0.30323428008537184
2020-09-24 21:00:00;0.08112874779541446;0.3082690308104854
2020-09-24 22:00:00;0.10201429499675113;0.2809062551305204
2020-09-24 23:00:00;0.15186113431727466;0.23575767525857824
2020-09-25 00:00:00;0.10758377425044091;0.22722048924642915
2020-09-25 01:00:00;0.09672328970574584;0.23603130301537786
2020-09-25 02:00:00;0.08289241622574955;0.24035462157281237
2020-09-25 03:00:00;0.10619140443701847;0.25168281070431786
2020-09-25 04:00:00;0.22704910424208669;0.18738028785640018
2020-09-25 05:00:00;0.30966304650515175;0.1730421934000985
2020-09-25 06:00:00;0.29081964169683466;0.1450774366551743
2020-09-25 07:00:00;0.26928432191590085;0.1550922125540415
2020-09-25 08:00:00;0.21934465794114918;0.1817982816176873
2020-09-25 09:00:00;0.22157244964262507;0.18480818694248347
2020-09-25 10:00:00;0.1849067112225007;0.20352432550757948
2020-09-25 11:00:00;0.1620718462823726;0.22174793411043614
2020-09-25 12:00:00;0.1603081778520375;0.2573742680457506
2020-09-25 13:00:00;0.15659519168291097;0.32102008427734907
2020-09-25 14:00:00;0.20365729137658964;0.29321950418650466
2020-09-25 15:00:00;0.20542095980692474;0.2712745580911728
2020-09-25 16:00:00;0.15483152325257588;0.27034422371805394
2020-09-25 17:00:00;0.21526037315511;0.2346084386800197
2020-09-25 18:00:00;0.3281351526965562;0.18152465386088767
2020-09-25 19:00:00;0.21034066648101735;0.21446943577956548
2020-09-25 20:00:00;0.11092546180265478;0.2522847917692771
2020-09-25 21:00:00;0.10470620996936786;0.21736989000164178
2020-09-25 22:00:00;0.07388842476561774;0.2199967164669184
2020-09-25 23:00:00;0.10099322380024132;0.22213101296995566
2020-09-26 00:00:00;0.07045391255917571;0.25660811032671155
2020-09-26 01:00:00;0.05439524737770352;0.2664587095714989
2020-09-26 02:00:00;0.04966119001206721;0.25129973184479837
2020-09-26 03:00:00;0.0664624524273647;0.27576205330268705
2020-09-26 04:00:00;0.0754664438874965;0.2467027855305642
2020-09-26 05:00:00;0.20189362294625451;0.16527116510698847
2020-09-26 06:00:00;0.21526037315511;0.16631095058282713
2020-09-26 07:00:00;0.24422166527429687;0.12477425710064029
2020-09-26 08:00:00;0.2540610786224821;0.14256006129261753
2020-09-26 09:00:00;0.2307620904112132;0.19547966945766979
2020-09-26 10:00:00;0.16894087069525668;0.24341925244896842
2020-09-26 11:00:00;0.061821219715956555;0.32052755431510976
2020-09-26 12:00:00;0.05337417618119372;0.32873638701909924
2020-09-26 13:00:00;0.05179615705931495;0.3216220653423083
2020-09-26 14:00:00;0.050775085862805165;0.32693044382422154
2020-09-26 15:00:00;0.06971131532535042;0.3186121600175122
2020-09-26 16:00:00;0.10916179337231968;0.3179007278498331
2020-09-26 17:00:00;0.25192611157523437;0.25403600941279486
2020-09-26 18:00:00;0.2676134781397939;0.2627373720790237
2020-09-26 19:00:00;0.21052631578947367;0.2888961856290702
2020-09-26 20:00:00;0.17803768680961662;0.2550210693372736
2020-09-26 21:00:00;0.14387821405365264;0.28375198380123684
2020-09-26 22:00:00;0.12735542560103963;0.2856126525474744
2020-09-26 23:00:00;0.06989696463380674;0.29830898046297816
2020-09-27 00:00:00;0.04520560660911538;0.2800853718601215
2020-09-27 01:00:00;0.043906061449921104;0.30066217917145516
2020-09-27 02:00:00;0.033045576905226026;0.34126853828052317
2020-09-27 03:00:00;0.02311333890281259;0.2994582170415367
2020-09-27 04:00:00;0.027011974380395435;0.28150823619547966
2020-09-27 05:00:00;0.029611064698784;0.27931921414108246
2020-09-27 06:00:00;0.03666573842012438;0.2740655612105292
2020-09-27 07:00:00;0.03573749187784275;0.2549116182345537
2020-09-27 08:00:00;0.0431634642160958;0.1987632025392656
2020-09-27 09:00:00;0.050496611900120676;0.18026596617960924
2020-09-27 10:00:00;0.03880070546737213;0.20407158102117878
2020-09-27 11:00:00;0.04000742597233826;0.23094182673890437
2020-09-27 12:00:00;0.03555184256938643;0.25354347945055544
2020-09-27 13:00:00;0.03945047804696927;0.25425491161823455
2020-09-27 14:00:00;0.040842847860391725;0.2373994417993761
2020-09-27 15:00:00;0.0724960549521953;0.1922508619274339
2020-09-27 16:00:00;0.1336675020885547;0.17183823127018005
2020-09-27 17:00:00;0.1916829109811566;0.14940075521260876
2020-09-27 18:00:00;0.11398867539218416;0.14409237673069555
2020-09-27 19:00:00;0.19465329991645783;0.1008591911563509
2020-09-27 20:00:00;0.22871994801819362;0.090625513052044
2020-09-27 21:00:00;0.22018007982920265;0.06928254802167132
2020-09-27 22:00:00;0.17218973359324236;0.0880534121381273
2020-09-27 23:00:00;0.16318574213311057;0.0895310020248454
2020-09-28 00:00:00;0.1467557783347257;0.0835111913752531
2020-09-28 01:00:00;0.14165042235217673;0.08186942483445521
2020-09-28 02:00:00;0.1299545159194282;0.08186942483445521
2020-09-28 03:00:00;0.14137194838949224;0.1061675696382641
2020-09-28 04:00:00;0.23688851759027196;0.08050128605045696
2020-09-28 05:00:00;0.3363965469228627;0.04208394899578613
2020-09-28 06:00:00;0.30789937807481665;0.020905160619493244
2020-09-28 07:00:00;0.2179522881277267;0.029387621080282388
2020-09-28 08:00:00;0.24366471734892786;0.02944234663164232
2020-09-28 09:00:00;0.21999443052074633;0.02905926777212281
2020-09-28 10:00:00;0.2573099415204678;0.025611558036447216
2020-09-28 11:00:00;0.28710665552770814;0.024188693701089038
2020-09-28 12:00:00;0.20950524459296388;0.03737755157883216
2020-09-28 13:00:00;0.22779170147591202;0.045312756526022
2020-09-28 14:00:00;0.2247284878863826;0.05582006238712856
2020-09-28 15:00:00;0.2816300009282465;0.04651671865594046
2020-09-28 16:00:00;0.25415390327671034;0.02769112898812456
2020-09-28 17:00:00;0.2855286364058294;0.01275105346686368
2020-09-28 18:00:00;0.2689130232989882;0.005417829584633067
2020-09-28 19:00:00;0.2603731551099972;0.004706397416953977
2020-09-28 20:00:00;0.24459296389120952;0.007606851639030264
2020-09-28 21:00:00;0.21813793743618304;0.016746018716138567
2020-09-28 22:00:00;0.21479624988396917;0.01494007552126088
2020-09-28 23:00:00;0.2006869024412884;0.019865375143654572
2020-09-29 00:00:00;0.20245057087162352;0.013353034531822912
2020-09-29 01:00:00;0.18936229462545254;0.008810813768948725
2020-09-29 02:00:00;0.228348649401281;0.008427734909429213
2020-09-29 03:00:00;0.1743247006404901;0.041427242379466975
2020-09-29 04:00:00;0.13905133203378817;0.21156898155748918
2020-09-29 05:00:00;0.2626937714657013;0.20702676079461502
2020-09-29 06:00:00;0.26399331662489556;0.18447983363432388
2020-09-29 07:00:00;0.28227977350784367;0.16182345537131287
2020-09-29 08:00:00;0.3258145363408521;0.11060033929841842
2020-09-29 09:00:00;0.2524830595006034;0.16341049636075083
2020-09-29 10:00:00;0.2202729044834308;0.24057352377825209
2020-09-29 11:00:00;0.16745567622760607;0.2902643244130685
2020-09-29 12:00:00;0.17348927875243667;0.3272587971323811
2020-09-29 13:00:00;0.18527800983941334;0.32052755431510976
2020-09-29 14:00:00;0.2267706302794022;0.30328900563673183
2020-09-29 15:00:00;0.2575884154831523;0.2705631259234937
2020-09-29 16:00:00;0.25675299359509884;0.23761834400481588
2020-09-29 17:00:00;0.3455861876914509;0.17512176435177584
2020-09-29 18:00:00;0.2899842198087812;0.08312811251573361
2020-09-29 19:00:00;0.3844797178130511;0.061620970831281124
2020-09-29 20:00:00;0.3074352548036759;0.11218738028785641
2020-09-29 21:00:00;0.37139144156688014;0.07667049745526186
2020-09-29 22:00:00;0.30251554812958326;0.051277841624254375
2020-09-29 23:00:00;0.3188526872737399;0.030536857658840916
2020-09-30 00:00:00;0.2922120115102571;0.03683029606523286
2020-09-30 01:00:00;0.24023020514248586;0.06085481311224211
2020-09-30 02:00:00;0.19233268356075375;0.08958572757620534
2020-09-30 03:00:00;0.26102292768959434;0.05226290154873311
2020-09-30 04:00:00;0.34809245335561123;0.020303179554534014
2020-09-30 05:00:00;0.4069432841362666;0.018606687462376186
2020-09-30 06:00:00;0.32525758841548313;0.026541892409566024
2020-09-30 07:00:00;0.3172746681518611;0.03464127401083566
2020-09-30 08:00:00;0.3486494012809802;0.03901931811963006
2020-09-30 09:00:00;0.3339831059129305;0.07207355114102774
2020-09-30 10:00:00;0.31597512299266683;0.08115799266677612
2020-09-30 11:00:00;0.14285714285714285;0.18962403546215728
2020-09-30 12:00:00;0.1806367771280052;0.12225688173808352
2020-09-30 13:00:00;0.1407221758098951;0.1651617140042686
2020-09-30 14:00:00;0.1489835700362016;0.18891260329447818
2020-09-30 15:00:00;0.17246820755592687;0.1907732720407158
2020-09-30 16:00:00;0.26492156316717724;0.13708750615662452
2020-09-30 17:00:00;0.19066183978464682;0.14989328517484815
2020-09-30 18:00:00;0.22742040285899934;0.09111804301428336
2020-09-30 19:00:00;0.23280423280423282;0.09150112187380288
2020-09-30 20:00:00;0.24914137194838948;0.08985935533300497
2020-09-30 21:00:00;0.20931959528450755;0.1277294368740765
2020-09-30 22:00:00;0.18537083449364153;0.1446943577956548
2020-09-30 23:00:00;0.17024041585445093;0.15372407377004324
2020-10-01 00:00:00;0.15223243293418734;0.1368686039511848
2020-10-01 01:00:00;0.1477768495312355;0.10676955070322333
2020-10-01 02:00:00;0.14267149354868652;0.11262518469873584
2020-10-01 03:00:00;0.1558525944490857;0.1025009576971488
2020-10-01 04:00:00;0.13812308549150654;0.10080446560499097
2020-10-01 05:00:00;0.14768402487700732;0.1019537021835495
2020-10-01 06:00:00;0.15139701104613387;0.10518250971378537
2020-10-01 07:00:00;0.1713543117051889;0.08772505882996773
2020-10-01 08:00:00;0.16272161886196973;0.09741148142067532
2020-10-01 09:00:00;0.1427643182029147;0.12357029497072183
2020-10-01 10:00:00;0.13524552121043348;0.13435122858862802
2020-10-01 11:00:00;0.13552399517311797;0.14764953756909102
2020-10-01 12:00:00;0.18741297688666111;0.14152027581677887
2020-10-01 13:00:00;0.1809152510906897;0.1670223827505062
2020-10-01 14:00:00;0.18137937436183052;0.17462923438953648
2020-10-01 15:00:00;0.18787710015780193;0.21020084277349094
2020-10-01 16:00:00;0.17358210340666483;0.29557270289498166
2020-10-01 17:00:00;0.22519261115752345;0.24818037541728236
2020-10-01 18:00:00;0.3329620347164207;0.15427132928364254
2020-10-01 19:00:00;0.35830316532070916;0.09177474963060253
2020-10-01 20:00:00;0.333147684024877;0.07842171509877963
2020-10-01 21:00:00;0.2616727002691915;0.09308816286324084
2020-10-01 22:00:00;0.20300751879699247;0.1105456137470585
2020-10-01 23:00:00;0.19725239023484636;0.09670004925299622
2020-10-02 00:00:00;0.2084841733964541;0.08509823236469108
2020-10-02 01:00:00;0.17553142114545622;0.0940732227877196
2020-10-02 02:00:00;0.13561681982734614;0.0940732227877196
2020-10-02 03:00:00;0.126427179058758;0.08887429540852623
2020-10-02 04:00:00;0.10916179337231968;0.12400809938160127
2020-10-02 05:00:00;0.11686623967325721;0.12794833907951622
2020-10-02 06:00:00;0.14786967418546365;0.11837136759152848
2020-10-02 07:00:00;0.1754385964912281;0.10255568324850872
2020-10-02 08:00:00;0.20087255174974472;0.08104854156405626
2020-10-02 09:00:00;0.16717720226492158;0.1200131341323264
2020-10-02 10:00:00;0.13088276246170982;0.1550922125540415
2020-10-02 11:00:00;0.11556669451406293;0.17200240792425983
2020-10-02 12:00:00;0.08827624617098301;0.20916105729765228
2020-10-02 13:00:00;0.08818342151675485;0.23406118316642038
2020-10-02 14:00:00;0.11454562331755314;0.20576807311333664
2020-10-02 15:00:00;0.11658776571057271;0.20111640124774258
2020-10-02 16:00:00;0.12419938735728209;0.18989766321895693
2020-10-02 17:00:00;0.13032581453634084;0.19104689979751546
2020-10-02 18:00:00;0.11825860948667966;0.21217096262244842
2020-10-02 19:00:00;0.09588786781769237;0.2435287035516883
2020-10-02 20:00:00;0.09811565951916827;0.23750889290209598
2020-10-02 21:00:00;0.09310312819084748;0.2181360477206808
2020-10-02 22:00:00;0.08586280516105077;0.2141410824714059
2020-10-02 23:00:00;0.07184628237259816;0.20987248946533138
2020-10-03 00:00:00;0.06841177016615613;0.2119520604170087
2020-10-03 01:00:00;0.05987190197716513;0.21167843266020905
2020-10-03 02:00:00;0.059779077322936976;0.21512614239588465
2020-10-03 03:00:00;0.05885083078065534;0.21353910140644666
2020-10-03 04:00:00;0.06516290726817042;0.19941990915558475
2020-10-03 05:00:00;0.06850459482038429;0.1861763257264817
2020-10-03 06:00:00;0.08530585723568179;0.1595249822141958
2020-10-03 07:00:00;0.07945790401930751;0.15438078038636238
2020-10-03 08:00:00;0.08047897521581732;0.14502271110381437
2020-10-03 09:00:00;0.10349948946440173;0.11350079352049472
2020-10-03 10:00:00;0.10479903462359602;0.11497838340721282
2020-10-03 11:00:00;0.186206256381695;0.08175997373173535
2020-10-03 12:00:00;0.19985148055323496;0.16986811142122257
2020-10-03 13:00:00;0.17878028404344196;0.2268921359382696
2020-10-03 14:00:00;0.2155388471177945;0.19066382093799594
2020-10-03 15:00:00;0.22212939756799405;0.20587752421605648
2020-10-03 16:00:00;0.257959714100065;0.17419142997865703
2020-10-03 17:00:00;0.1657848324514991;0.19121107645159524
2020-10-03 18:00:00;0.1650422352176738;0.18535544245608274
2020-10-03 19:00:00;0.1424858442402302;0.18661413013736114
2020-10-03 20:00:00;0.14359974009096815;0.16488808624746895
2020-10-03 21:00:00;0.11296760419567436;0.1721118590269797
2020-10-03 22:00:00;0.10127169776292583;0.173425272259618
2020-10-03 23:00:00;0.08159287106655527;0.17599737317353475
2020-10-04 00:00:00;0.09245335561125034;0.16658457833962678
2020-10-04 01:00:00;0.09254618026547849;0.160947846549554
2020-10-04 02:00:00;0.09922955536990624;0.15782849012203798
2020-10-04 03:00:00;0.07992202729044834;0.2042357576752586
2020-10-04 04:00:00;0.056344565116494945;0.2161659278717233
2020-10-04 05:00:00;0.04418453541260559;0.2207081486345975
2020-10-04 06:00:00;0.059779077322936976;0.20768346741093416
2020-10-04 07:00:00;0.0732386521860206;0.20051442018278334
2020-10-04 08:00:00;0.06377053745474798;0.2110217260438899
2020-10-04 09:00:00;0.07992202729044834;0.2542001860668746
2020-10-04 10:00:00;0.09755871159379931;0.3067914409237673
2020-10-04 11:00:00;0.09709458832265849;0.2858315547529141
2020-10-04 12:00:00;0.07917943005662303;0.2775679964975647
2020-10-04 13:00:00;0.08883319409635197;0.2840803371093964
2020-10-04 14:00:00;0.08809059686252668;0.3166967657199146
2020-10-04 15:00:00;0.06015037593984963;0.3143435670114376
2020-10-04 16:00:00;0.04455583402951824;0.30930881628632406
2020-10-04 17:00:00;0.053559825489650055;0.3096371695944837
2020-10-04 18:00:00;0.06488443330548593;0.2924533464674657
2020-10-04 19:00:00;0.08706952566601688;0.27105565588573305
2020-10-04 20:00:00;0.06302794022092267;0.2882394790127511
2020-10-04 21:00:00;0.055416318574213315;0.28933399003994964
2020-10-04 22:00:00;0.04093567251461988;0.28643353581787334
2020-10-04 23:00:00;0.03991460131811009;0.27877195862748316
2020-10-05 00:00:00;0.04177109440267335;0.2709462047830132
2020-10-05 01:00:00;0.06358488814629165;0.2564986592239917
2020-10-05 02:00:00;0.03694421238280888;0.2751053466863679
2020-10-05 03:00:00;0.04047154924347907;0.2677173972527773
2020-10-05 04:00:00;0.047247749002134964;0.2612597821923056
2020-10-05 05:00:00;0.06739069896964635;0.2561155803644722
2020-10-05 06:00:00;0.07221758098951081;0.2561703059158321
2020-10-05 07:00:00;0.09950802933259072;0.23625020522081763
2020-10-05 08:00:00;0.09969367864104706;0.23663328408033713
2020-10-05 09:00:00;0.08864754478789565;0.23324029989602146
2020-10-05 10:00:00;0.1214146477304372;0.2037432277130192
2020-10-05 11:00:00;0.20542095980692474;0.16510698845290867
2020-10-05 12:00:00;0.194189176645317;0.18223608602856672
2020-10-05 13:00:00;0.19660261765524922;0.18666885568872107
2020-10-05 14:00:00;0.2515548129583217;0.1652164395556285
2020-10-05 15:00:00;0.2233361180729602;0.20089749904230286
2020-10-05 16:00:00;0.2431077694235589;0.18694248344552075
2020-10-05 17:00:00;0.2708623410377796;0.16083839544683415
2020-10-05 18:00:00;0.2842290912466351;0.16001751217643517
2020-10-05 19:00:00;0.26102292768959434;0.16576369506922783
2020-10-05 20:00:00;0.15761626287942077;0.21200678596836867
2020-10-05 21:00:00;0.1876914508493456;0.18508181469928311
2020-10-05 22:00:00;0.15900863269284324;0.17233076123241942
2020-10-05 23:00:00;0.1414647730437204;0.17003228807530238
2020-10-06 00:00:00;0.11398867539218416;0.20122585235046242
2020-10-06 01:00:00;0.09208205699433769;0.22191211076451595
2020-10-06 02:00:00;0.08669822704910424;0.22191211076451595
2020-10-06 03:00:00;0.07945790401930751;0.24774257100640287
2020-10-06 04:00:00;0.15269655620532815;0.2285339024790675
2020-10-06 05:00:00;0.26148705096073516;0.1879822689213594
2020-10-06 06:00:00;0.2957393483709273;0.15087834509932688
2020-10-06 07:00:00;0.2248213125406108;0.15470913369452197
2020-10-06 08:00:00;0.24394319131161238;0.13484375855086742
2020-10-06 09:00:00;0.19066183978464682;0.14338094456301648
2020-10-06 10:00:00;0.19762368885175904;0.15941553111147594
2020-10-06 11:00:00;0.2195303072496055;0.15974388441963552
2020-10-06 12:00:00;0.16727002691914972;0.21310129699556724
2020-10-06 13:00:00;0.1690336953494848;0.23608602856673783
2020-10-06 14:00:00;0.13951545530492898;0.2647622174793411
2020-10-06 15:00:00;0.1613292490485473;0.23745416735073607
2020-10-06 16:00:00;0.17200408428478603;0.21583757456356373
2020-10-06 17:00:00;0.1861134317274668;0.20472828763749795
2020-10-06 18:00:00;0.211268913023299;0.18885787774311827
2020-10-06 19:00:00;0.1969739162721619;0.20576807311333664
2020-10-06 20:00:00;0.24654228163000094;0.16122147430635364
2020-10-06 21:00:00;0.1891766453169962;0.1956438461117496
2020-10-06 22:00:00;0.15167548500881833;0.2145241613309254
2020-10-06 23:00:00;0.126427179058758;0.21419580802276583
2020-10-07 00:00:00;0.11445279866332497;0.21567339790948392
2020-10-07 01:00:00;0.09960085398681888;0.19750451485798717
2020-10-07 02:00:00;0.05950060336025248;0.2384392272752148
2020-10-07 03:00:00;0.06330641418360716;0.2349915175395392
2020-10-07 04:00:00;0.13051146384479717;0.1830569692989657
2020-10-07 05:00:00;0.2719762368885176;0.16034586548459476
2020-10-07 06:00:00;0.26343636869952664;0.1605647676900345
2020-10-07 07:00:00;0.244871437853894;0.13166967657199147
2020-10-07 08:00:00;0.22138680033416877;0.1439829256279757
2020-10-07 09:00:00;0.15613106841177016;0.21846440102884038
2020-10-07 10:00:00;0.13190383365821962;0.25660811032671155
2020-10-07 11:00:00;0.11807296017822332;0.2990751381820172
2020-10-07 12:00:00;0.10637705374547479;0.3078859519509659
2020-10-07 13:00:00;0.11500974658869394;0.2966124883708203
2020-10-07 14:00:00;0.13738048825768123;0.3044382422152903
2020-10-07 15:00:00;0.17580989510814074;0.2870355168828326
2020-10-07 16:00:00;0.1404437018472106;0.27893613528156297
2020-10-07 17:00:00;0.14694142764318202;0.2525584195260767
2020-10-07 18:00:00;0.1711686623967326;0.22530509494883164
2020-10-07 19:00:00;0.2022649215631672;0.19400207957095167
2020-10-07 20:00:00;0.24672793093845727;0.15487331034860174
2020-10-07 21:00:00;0.21850923605309572;0.16691293164778637
2020-10-07 22:00:00;0.17803768680961662;0.1761068242762546
2020-10-07 23:00:00;0.16281444351619792;0.16176872981995294
2020-10-08 00:00:00;0.18407128933444725;0.14212225688173807
2020-10-08 01:00:00;0.16819827346143135;0.15208230722924534
2020-10-08 02:00:00;0.21061914044370186;0.1158539922289717
2020-10-08 03:00:00;0.21331105541631856;0.11377442127729437
2020-10-08 04:00:00;0.21878771001578018;0.11765993542384941
2020-10-08 05:00:00;0.17599554441659704;0.13254528539375035
2020-10-08 06:00:00;0.17775921284693216;0.15470913369452197
2020-10-08 07:00:00;0.26427179058758005;0.12493843375472008
2020-10-08 08:00:00;0.19734521488907455;0.15678870464619932
2020-10-08 09:00:00;0.13125406107862247;0.19701198489574784
2020-10-08 10:00:00;0.1306971131532535;0.2022656378263011
2020-10-08 11:00:00;0.12373526408614127;0.21091227494117004
2020-10-08 12:00:00;0.10247841826789195;0.21315602254692714
2020-10-08 13:00:00;0.13255360623781676;0.20357905105893942
2020-10-08 14:00:00;0.16439246263807666;0.18962403546215728
2020-10-08 15:00:00;0.19131161236424393;0.1644502818365895
2020-10-08 16:00:00;0.13663789102385593;0.214852514639085
2020-10-08 17:00:00;0.11315325350413069;0.25989164340830734
2020-10-08 18:00:00;0.13431727466815185;0.2890056367317901
2020-10-08 19:00:00;0.14805532349391998;0.2798664696546818
2020-10-08 20:00:00;0.1592871066555277;0.28150823619547966
2020-10-08 21:00:00;0.17126148705096075;0.2596180156515077
2020-10-08 22:00:00;0.15845168476747423;0.2514091829475182
2020-10-08 23:00:00;0.13134688573285064;0.22278771958627486
2020-10-09 00:00:00;0.17024041585445093;0.23822032506977509
2020-10-09 01:00:00;0.17469599925740276;0.20927050840037215
2020-10-09 02:00:00;0.16021535319780936;0.13654025064302525
2020-10-09 03:00:00;0.2268634549336304;0.10003830788595194
2020-10-09 04:00:00;0.35607537361923325;0.04356153888250425
2020-10-09 05:00:00;0.408335653949689;0.026924971269085538
2020-10-09 06:00:00;0.4023948760790866;0.028402561155803648
2020-10-09 07:00:00;0.40174510349948944;0.0427406556121053
2020-10-09 08:00:00;0.40545808966861596;0.042412302303945715
2020-10-09 09:00:00;0.32878492527615333;0.09981940568051223
2020-10-09 10:00:00;0.3053002877564281;0.144530181141575
2020-10-09 11:00:00;0.2672421795228813;0.16587314617194768
2020-10-09 12:00:00;0.2691914972616727;0.17068899469162152
2020-10-09 13:00:00;0.17998700454840805;0.2268921359382696
2020-10-09 14:00:00;0.1635570407500232;0.2936573085973841
2020-10-09 15:00:00;0.16142207370277545;0.30892573742680457
2020-10-09 16:00:00;0.17089018843404807;0.27685656432988565
2020-10-09 17:00:00;0.22185092360530959;0.22191211076451595
2020-10-09 18:00:00;0.271047990346236;0.19542494390630988
2020-10-09 19:00:00;0.27429685324422165;0.20259399113446067
2020-10-09 20:00:00;0.13376032674278288;0.27204071581021183
2020-10-09 21:00:00;0.1267056530214425;0.29666721392218026
2020-10-09 22:00:00;0.17580989510814074;0.24861817982816178
2020-10-09 23:00:00;0.12781954887218044;0.2623542932195042
2020-10-10 00:00:00;0.11500974658869394;0.23898648278881413
2020-10-10 01:00:00;0.11111111111111109;0.2263996059760302
2020-10-10 02:00:00;0.07843683282279773;0.2263996059760302
2020-10-10 03:00:00;0.0707323865218602;0.24429486127072733
2020-10-10 04:00:00;0.0699897892880349;0.272642696875171
2020-10-10 05:00:00;0.11621646709366007;0.2439117824112078
2020-10-10 06:00:00;0.14081500046412326;0.22240464072675534
2020-10-10 07:00:00;0.14165042235217673;0.22940951130082637
2020-10-10 08:00:00;0.11343172746681517;0.27521479778908775
2020-10-10 09:00:00;0.09709458832265849;0.30613473430744814
2020-10-10 10:00:00;0.07518796992481203;0.3248508728725442
2020-10-10 11:00:00;0.10739812494198457;0.31275652602199966
2020-10-10 12:00:00;0.1043349113524552;0.3174081978875937
2020-10-10 13:00:00;0.16402116402116404;0.2789908608329229
2020-10-10 14:00:00;0.23670286828181564;0.2174246155530017
2020-10-10 15:00:00;0.17878028404344196;0.26733431839325783
2020-10-10 16:00:00;0.25953773322194373;0.2104744705302906
2020-10-10 17:00:00;0.23428942727188343;0.20828544847589342
2020-10-10 18:00:00;0.3867075095145271;0.12411755048432113
2020-10-10 19:00:00;0.2413441009932238;0.15591309582444043
2020-10-10 20:00:00;0.23428942727188343;0.14513216220653424
2020-10-10 21:00:00;0.24227234753550544;0.14173917802221858
2020-10-10 22:00:00;0.22157244964262507;0.13779893832430362
2020-10-10 23:00:00;0.25471085120207926;0.10868494500082089
2020-10-11 00:00:00;0.2561032210155017;0.10917747496306025
2020-10-11 01:00:00;0.2606516290726817;0.09943632682099272
2020-10-11 02:00:00;0.22120115102571244;0.10397854758386692
2020-10-11 03:00:00;0.21414647730437203;0.09697367700979587
2020-10-11 04:00:00;0.1392369813422445;0.18086794724456848
2020-10-11 05:00:00;0.1286549707602339;0.18015651507688943
2020-10-11 06:00:00;0.14341409078251183;0.1949871394954304
2020-10-11 07:00:00;0.11083263714842662;0.221091227494117
2020-10-11 08:00:00;0.09319595284507565;0.23531987084769881
2020-10-11 09:00:00;0.14935486865311426;0.2314890822525037
2020-10-11 10:00:00;0.1346885732850645;0.25638920812127186
2020-10-11 11:00:00;0.1824004455583403;0.2835330815957971
2020-10-11 12:00:00;0.2022649215631672;0.2908115799266678
2020-10-11 13:00:00;0.15084006312076487;0.31220927050840036
2020-10-11 14:00:00;0.12271419288963147;0.3432933836808406
2020-10-11 15:00:00;0.1485194467650608;0.32019920100695015
2020-10-11 16:00:00;0.1542745753272069;0.3272040715810212
2020-10-11 17:00:00;0.16522788452613013;0.3010999835823346
2020-10-11 18:00:00;0.22435718926947;0.26903081048541566
2020-10-11 19:00:00;0.2950895757913302;0.19164888086247467
2020-10-11 20:00:00;0.29666759491320893;0.16784326602090516
2020-10-11 21:00:00;0.2964819456047526;0.15782849012203798
2020-10-11 22:00:00;0.18676320430706395;0.20363377661029936
2020-10-11 23:00:00;0.14007240323029796;0.20916105729765228
2020-10-12 00:00:00;0.13441009932238002;0.2153997701526843
2020-10-12 01:00:00;0.12299266685231597;0.20543971980517706
2020-10-12 02:00:00;0.1617933723196881;0.16089312099819406
2020-10-12 03:00:00;0.18945511927968067;0.1403163136868604
2020-10-12 04:00:00;0.32934187320152236;0.10518250971378537
2020-10-12 05:00:00;0.46013181100900397;0.08482460460789143
2020-10-12 06:00:00;0.4556762276060522;0.0747003776063044
2020-10-12 07:00:00;0.376403972895201;0.06359109068023862
2020-10-12 08:00:00;0.32544323772393946;0.0910085919115635
2020-10-12 09:00:00;0.2858071103685139;0.16893777704810375
2020-10-12 10:00:00;0.27058386707509513;0.2181360477206808
2020-10-12 11:00:00;0.2301123178316161;0.25513052043999346
2020-10-12 12:00:00;0.18787710015780193;0.2960652328572211
2020-10-12 13:00:00;0.18787710015780193;0.2960652328572211
2020-10-12 14:00:00;0.18787710015780193;0.2960652328572211
2020-10-12 15:00:00;0.18787710015780193;0.2960652328572211
2020-10-12 16:00:00;0.23883783532906339;0.2960652328572211
2020-10-12 17:00:00;0.3231226213682354;0.16067421879275434
2020-10-12 18:00:00;0.4100993223800241;0.08701362666228862
2020-10-12 19:00:00;0.42708623410377794;0.05084003721337493
2020-10-12 20:00:00;0.3298988211268913;0.08154107152629564
2020-10-12 21:00:00;0.23828088740369444;0.10977945602801949
2020-10-12 22:00:00;0.20124385036665737;0.14321676790893667
2020-10-12 23:00:00;0.18787710015780193;0.15903245225195645
2020-10-13 00:00:00;0.1650422352176738;0.16187818092267278
2020-10-13 01:00:00;0.14861227141928898;0.16395775187435013
2020-10-13 02:00:00;0.18425693864290357;0.1277294368740765
2020-10-13 03:00:00;0.16810544880720318;0.12822196683631587
2020-10-13 04:00:00;0.17126148705096075;0.1196847808241668
2020-10-13 05:00:00;0.16559918314304278;0.11623707108849121
2020-10-13 06:00:00;0.27531792444073144;0.048869917364417446
2020-10-13 07:00:00;0.25183328692100626;0.05467082580857002
2020-10-13 08:00:00;0.19808781212289983;0.07973512833141795
2020-10-13 09:00:00;0.1432284414740555;0.12362502052208177
2020-10-13 10:00:00;0.12596305578761718;0.1594702566628359
2020-10-13 11:00:00;0.11352455212104333;0.17654462868713403
2020-10-13 12:00:00;0.10554163185742133;0.20773819296229412
2020-10-13 13:00:00;0.09978650329527522;0.24270782028128934
2020-10-13 14:00:00;0.11705188898171354;0.24112077929185138
2020-10-13 15:00:00;0.12911909403137473;0.22284244513763476
2020-10-13 16:00:00;0.17395340202357748;0.17944508290921032
2020-10-13 17:00:00;0.2599090318388564;0.10151589777267005
2020-10-13 18:00:00;0.2930474333983106;0.05981502763640345
2020-10-13 19:00:00;0.2006869024412884;0.12422700158704099
2020-10-13 20:00:00;0.1593799313097559;0.11782411207792917
2020-10-13 21:00:00;0.14926204399888612;0.15065944289388716
2020-10-13 22:00:00;0.12057922584238373;0.16587314617194768
2020-10-13 23:00:00;0.10916179337231968;0.15673397909483938
2020-10-14 00:00:00;0.10275689223057642;0.1516445028183659
2020-10-14 01:00:00;0.07955072867353567;0.14972910852076834
2020-10-14 02:00:00;0.0699897892880349;0.14972910852076834
2020-10-14 03:00:00;0.0767659890466908;0.13785366387566353
2020-10-14 04:00:00;0.10127169776292583;0.1286597712471953
2020-10-14 05:00:00;0.08177852037501158;0.1516445028183659
2020-10-14 06:00:00;0.10015780191218787;0.15810211787883763
2020-10-14 07:00:00;0.15798756149633342;0.13019208668527335
2020-10-14 08:00:00;0.16244314489928524;0.1363213484375855
2020-10-14 09:00:00;0.11046133853151395;0.18371367591528487
2020-10-14 10:00:00;0.08781212289984218;0.21698681114212226
2020-10-14 11:00:00;0.0724960549521953;0.2168773600394024
2020-10-14 12:00:00;0.046041028497168845;0.2512450062934384
2020-10-14 13:00:00;0.04659797642253783;0.2701800470639742
2020-10-14 14:00:00;0.04919706674092639;0.30301537787993216
2020-10-14 15:00:00;0.04037872458925091;0.32277130192086684
2020-10-14 16:00:00;0.0471549243479068;0.3147813714223171
2020-10-14 17:00:00;0.07175345771837;0.28878673452635034
2020-10-14 18:00:00;0.06831894551192796;0.27630930881628635
2020-10-14 19:00:00;0.08641975308641973;0.2648169430307011
2020-10-14 20:00:00;0.06284229091246635;0.2788266841788431
2020-10-14 21:00:00;0.05058943655434883;0.28205549170907895
2020-10-14 22:00:00;0.034902069989789286;0.29863733377113777
2020-10-14 23:00:00;0.0524459296389121;0.28692606578011276
2020-10-15 00:00:00;0.042884990253411304;0.2785530564220435
2020-10-15 01:00:00;0.03740833565394969;0.2923438953647458
2020-10-15 02:00:00;0.01986447600482688;0.3098013462485635
2020-10-15 03:00:00;0.030724960549521948;0.2967219394735402
2020-10-15 04:00:00;0.03898635477582846;0.2839161604553166
2020-10-15 05:00:00;0.0614499210990439;0.2623542932195042
2020-10-15 06:00:00;0.1171447136359417;0.2199967164669184
2020-10-15 07:00:00;0.13478139793929267;0.1980517703715865
2020-10-15 08:00:00;0.12299266685231597;0.20232036337766104
2020-10-15 09:00:00;0.07119650979300102;0.2516280851529579
2020-10-15 10:00:00;0.047247749002134964;0.26777212280413726
2020-10-15 11:00:00;0.04799034623596027;0.26613035626333936
2020-10-15 12:00:00;0.07110368513877285;0.25053357412575933
2020-10-15 13:00:00;0.05003248862897986;0.26487166858206096
2020-10-15 14:00:00;0.0775085862805161;0.25425491161823455
2020-10-15 15:00:00;0.06720504966119001;0.2732994034914902
2020-10-15 16:00:00;0.09690893901420217;0.2490012586876813
2020-10-15 17:00:00;0.0782511835143414;0.2561155803644722
2020-10-15 18:00:00;0.1500974658869396;0.20724566300005473
2020-10-15 19:00:00;0.1324607815835886;0.22234991517539537
2020-10-15 20:00:00;0.10888331940963518;0.21709626224484213
2020-10-15 21:00:00;0.12280701754385963;0.2153997701526843
2020-10-15 22:00:00;0.10424208669822703;0.2152355934986045
2020-10-15 23:00:00;0.09755871159379931;0.209379959503092
2020-10-16 00:00:00;0.09440267335004177;0.19454933508455097
2020-10-16 01:00:00;0.08901884340480831;0.17878837629289118
2020-10-16 02:00:00;0.13580246913580246;0.12953538006895418
2020-10-16 03:00:00;0.08010767659890465;0.1587588244951568
2020-10-16 04:00:00;0.1239209133945976;0.14173917802221858
2020-10-16 05:00:00;0.14712707695163835;0.13489848410222732
2020-10-16 06:00:00;0.1676413255360624;0.11963005527280687
2020-10-16 07:00:00;0.26473591385872086;0.07207355114102774
2020-10-16 08:00:00;0.20588508307806552;0.10611284408690419
2020-10-16 09:00:00;0.12169312169312169;0.17692770754665355
2020-10-16 10:00:00;0.13208948296667594;0.19372845181415202
2020-10-16 11:00:00;0.0787153067854822;0.26268264652766377
2020-10-16 12:00:00;0.059779077322936976;0.3012641602364144
2020-10-16 13:00:00;0.05792258423837371;0.31762710009303347
2020-10-16 14:00:00;0.055323493919985145;0.34444262025939915
2020-10-16 15:00:00;0.047247749002134964;0.35418376840146665
2020-10-16 16:00:00;0.06200686902441289;0.31981612214743066
2020-10-16 17:00:00;0.1424858442402302;0.24106605374049142
2020-10-16 18:00:00;0.31588229833843867;0.1286050456958354
2020-10-16 19:00:00;0.3352826510721248;0.13134132326383188
2020-10-16 20:00:00;0.4301494476933074;0.05302905926777212
2020-10-16 21:00:00;0.4288499025341131;0.03896459256827013
2020-10-16 22:00:00;0.45094217024041583;0.01362666228862256
2020-10-16 23:00:00;0.459574863083635;0.008756088217588793
2020-10-17 00:00:00;0.38067390698969644;0.007059596125430965
2020-10-17 01:00:00;0.3782604659797642;0.0046516718655940465
2020-10-17 02:00:00;0.34688573285064517;0.003994965249274888
2020-10-17 03:00:00;0.341687552213868;0.0037760630438351678
2020-10-17 04:00:00;0.34549336303722267;0.004378044108794398
2020-10-17 05:00:00;0.3299916457811195;0.004596946314234118
2020-10-17 06:00:00;0.3339831059129305;0.009358069282548023
2020-10-17 07:00:00;0.33324050867910515;0.0129699556723034
2020-10-17 08:00:00;0.3321266128283672;0.02413396814972911
2020-10-17 09:00:00;0.32497911445279865;0.06249657965304001
2020-10-17 10:00:00;0.27225471085120206;0.11776938652656926
2020-10-17 11:00:00;0.12911909403137473;0.23302139769058175
2020-10-17 12:00:00;0.2515548129583217;0.20888742954085265
2020-10-17 13:00:00;0.16170054766545996;0.25879713238110874
2020-10-17 14:00:00;0.17748073888424765;0.2348820664368194
2020-10-17 15:00:00;0.11324607815835885;0.2574837191484704
2020-10-17 16:00:00;0.2508122157244964;0.1768182564439337
2020-10-17 17:00:00;0.31764596676877377;0.05297433371641219
2020-10-17 18:00:00;0.35282651072124754;0.010562031412466482
2020-10-17 19:00:00;0.3670286828181565;0.005417829584633067
2020-10-17 20:00:00;0.41288406200686906;0.006293438406391945
2020-10-17 21:00:00;0.469228627123364;0.009467520385267884
2020-10-17 22:00:00;0.3828088740369442;0.005034750725113557
2020-10-17 23:00:00;0.32535041306971135;0.004159141903354677
2020-10-18 00:00:00;0.3247934651443423;0.004323318557434468
2020-10-18 01:00:00;0.26603545901791514;0.004104416351994748
2020-10-18 02:00:00;0.2307620904112132;0.004104416351994748
2020-10-18 03:00:00;0.21720969089390144;0.005198927379193347
2020-10-18 04:00:00;0.2248213125406108;0.006402889509111806
2020-10-18 05:00:00;0.23865218602060706;0.007333223882230616
2020-10-18 06:00:00;0.25350413069711314;0.007935204947189845
2020-10-18 07:00:00;0.2583310127169776;0.01149236578558529
2020-10-18 08:00:00;0.24245799684396174;0.03201444754555902
2020-10-18 09:00:00;0.21850923605309572;0.0716357467301483
2020-10-18 10:00:00;0.23326835607537363;0.2119520604170087
2020-10-18 11:00:00;0.1924255082149819;0.2662945329174191
2020-10-18 12:00:00;0.20217209690893903;0.26498111968478083
2020-10-18 13:00:00;0.22417153996101366;0.2533793027964757
2020-10-18 14:00:00;0.1397011046133853;0.3324029989602146
2020-10-18 15:00:00;0.18750580154088928;0.28747332129371206
2020-10-18 16:00:00;0.17042606516290726;0.3001696492092158
2020-10-18 17:00:00;0.2338253040007426;0.25151863405023805
2020-10-18 18:00:00;0.27856678733871715;0.19230558747879387
2020-10-18 19:00:00;0.33880998793279493;0.14223170798445794
2020-10-18 20:00:00;0.3023298988211269;0.11300826355825534
2020-10-18 21:00:00;0.2812587023113339;0.11125704591473759
2020-10-18 22:00:00;0.2751322751322751;0.08690417555956877
2020-10-18 23:00:00;0.22092267706302793;0.08405844688885242
2020-10-19 00:00:00;0.13654506636962777;0.1317791276747113
2020-10-19 01:00:00;0.12299266685231597;0.1681168937777048
2020-10-19 02:00:00;0.10841919613849438;0.19471351173863077
2020-10-19 03:00:00;0.14889074538197344;0.1432714934602966
2020-10-19 04:00:00;0.28181565023670285;0.07026760794615006
2020-10-19 05:00:00;0.39515455304928987;0.049581349532096544
2020-10-19 06:00:00;0.433955258516662;0.04498440321786243
2020-10-19 07:00:00;0.42225935208391346;0.044656049909702844
2020-10-19 08:00:00;0.3893065998329156;0.06764078148087344
2020-10-19 09:00:00;0.3143971038707881;0.09111804301428336
2020-10-19 10:00:00;0.2719762368885176;0.0924314562469217
2020-10-19 11:00:00;0.25749559082892415;0.1025009576971488
2020-10-19 12:00:00;0.33138401559454195;0.0968095003557161
2020-10-19 13:00:00;0.3958971502831152;0.09773983472883489
2020-10-19 14:00:00;0.2624152975030168;0.13736113391342417
2020-10-19 15:00:00;0.20857699805068228;0.19848957478246593
2020-10-19 16:00:00;0.22129397567994058;0.2089968806435725
2020-10-19 17:00:00;0.3113338902812587;0.129699556723034
2020-10-19 18:00:00;0.22073702775457163;0.15925135445739616
2020-10-19 19:00:00;0.27856678733871715;0.1079735128331418
2020-10-19 20:00:00;0.24728487886382622;0.12548568926831938
2020-10-19 21:00:00;0.2180451127819549;0.15613199802988015
2020-10-19 22:00:00;0.19186856028961294;0.15760958791659826
2020-10-19 23:00:00;0.1809152510906897;0.14885349969900946
2020-10-20 00:00:00;0.14192889631486122;0.1900071143216768
2020-10-20 01:00:00;0.11946532999164577;0.20232036337766104
2020-10-20 02:00:00;0.09384572542467279;0.2106386471843704
2020-10-20 03:00:00;0.09969367864104706;0.20522081759973732
2020-10-20 04:00:00;0.11770166156131068;0.19307174519783288
2020-10-20 05:00:00;0.18230762090411212;0.15158977726700598
2020-10-20 06:00:00;0.26603545901791514;0.10102336781043068
2020-10-20 07:00:00;0.2513691636498654;0.11727685656432989
2020-10-20 08:00:00;0.2298338438689316;0.12838614349039565
2020-10-20 09:00:00;0.22268634549336305;0.1267991025009577
2020-10-20 10:00:00;0.22185092360530959;0.12056038964592568
2020-10-20 11:00:00;0.21108326371484268;0.12658020029551798
2020-10-20 12:00:00;0.21368235403323121;0.13057516554479287
2020-10-20 13:00:00;0.2575884154831523;0.12887867345263504
2020-10-20 14:00:00;0.3204307063956187;0.10873967055218081
2020-10-20 15:00:00;0.39236981342244504;0.07541180977398348
2020-10-20 16:00:00;0.3660076116216467;0.08050128605045696
2020-10-20 17:00:00;0.28255824747052816;0.12789361352815629
2020-10-20 18:00:00;0.2964819456047526;0.1158539922289717
2020-10-20 19:00:00;0.275039450478047;0.1306846166475127
2020-10-20 20:00:00;0.21108326371484268;0.1545449570404422
2020-10-20 21:00:00;0.17209690893901422;0.17112679910250098
2020-10-20 22:00:00;0.16550635848881465;0.16855469818858423
2020-10-20 23:00:00;0.1442495126705653;0.18497236359656324
2020-10-21 00:00:00;0.09384572542467279;0.18842007333223884
2020-10-21 01:00:00;0.061171447136359414;0.21419580802276583
2020-10-21 02:00:00;0.07119650979300102;0.20724566300005473
2020-10-21 03:00:00;0.059964726631393295;0.20998194056805122
2020-10-21 04:00:00;0.07110368513877285;0.20866852733541288
2020-10-21 05:00:00;0.0953309198923234;0.20210146117222133
2020-10-21 06:00:00;0.14369256474519632;0.17933563180649048
2020-10-21 07:00:00;0.12531328320802004;0.2042357576752586
2020-10-21 08:00:00;0.1500974658869396;0.20855907623269304
2020-10-21 09:00:00;0.14452798663324978;0.2203797953264379
2020-10-21 10:00:00;0.13357467743432655;0.24188693701089037
2020-10-21 11:00:00;0.1620718462823726;0.2373994417993761
2020-10-21 12:00:00;0.11120393576533925;0.2880753023586713
2020-10-21 13:00:00;0.13979392926761347;0.27395611010780935
2020-10-21 14:00:00;0.20272904483430798;0.3014830624418541
2020-10-21 15:00:00;0.1286549707602339;0.339079516226126
2020-10-21 16:00:00;0.10182864568829479;0.33409949105237235
2020-10-21 17:00:00;0.09468114731272625;0.3363979642094894
2020-10-21 18:00:00;0.08038615056158915;0.35079078421715104
2020-10-21 19:00:00;0.07667316439246263;0.34416899250259947
2020-10-21 20:00:00;0.06015037593984963;0.353198708476988
2020-10-21 21:00:00;0.0674835236238745;0.34044765501012425
2020-10-21 22:00:00;0.08892601875058015;0.31483609697367704
2020-10-21 23:00:00;0.11083263714842662;0.25950856454878785
2020-10-22 00:00:00;0.0850273832729973;0.26760794615005745
2020-10-22 01:00:00;0.056344565116494945;0.29393093635418377
2020-10-22 02:00:00;0.07110368513877285;0.29393093635418377
2020-10-22 03:00:00;0.0840063120764875;0.26738904394461777
2020-10-22 04:00:00;0.1530678548222408;0.23887703168609425
2020-10-22 05:00:00;0.23048361644852874;0.2002407924259837
2020-10-22 06:00:00;0.2515548129583217;0.16800744267498496
2020-10-22 07:00:00;0.2606516290726817;0.15230120943468506
2020-10-22 08:00:00;0.24672793093845727;0.16100257210091393
2020-10-22 09:00:00;0.2022649215631672;0.19608165052262902
2020-10-22 10:00:00;0.17469599925740276;0.22940951130082637
2020-10-22 11:00:00;0.16829109811565954;0.25923493679198817
2020-10-22 12:00:00;0.18017265385686437;0.26722486729053796
2020-10-22 13:00:00;0.19261115752343821;0.2616428610518251
2020-10-22 14:00:00;0.2400445558340295;0.24183221145953046
2020-10-22 15:00:00;0.22704910424208669;0.2538171072073551
2020-10-22 16:00:00;0.2127541074909496;0.2483445520713621
2020-10-22 17:00:00;0.24125127633899565;0.20056914573414328
2020-10-22 18:00:00;0.2846932145177759;0.161714004268593
2020-10-22 19:00:00;0.35180543952473775;0.11202320363377662
2020-10-22 20:00:00;0.30492898913951544;0.09981940568051223
2020-10-22 21:00:00;0.27327578204771186;0.10556558857330488
2020-10-22 22:00:00;0.23744546551564097;0.13418705193454825
2020-10-22 23:00:00;0.20412141464773045;0.15618672358124008
2020-10-23 00:00:00;0.2160029703889353;0.11060033929841842
2020-10-23 01:00:00;0.2233361180729602;0.1127346358014557
2020-10-23 02:00:00;0.1989232340109533;0.10622229518962405
2020-10-23 03:00:00;0.273925554627309;0.0659442893887156
2020-10-23 04:00:00;0.34382251926111573;0.04930772177529689
2020-10-23 05:00:00;0.4512206442031003;0.01439282000766158
2020-10-23 06:00:00;0.4217024041585445;0.0075521260876703356
2020-10-23 07:00:00;0.35050589436554347;0.010890384720626062
2020-10-23 08:00:00;0.29954515919428193;0.0232036337766103
2020-10-23 09:00:00;0.35134131625359694;0.048103759645378434
2020-10-23 10:00:00;0.3018657755499861;0.11027198599025885
2020-10-23 11:00:00;0.25025526779912743;0.1309582444043124
2020-10-23 12:00:00;0.2438503666573842;0.15268428829420458
2020-10-23 13:00:00;0.2836721433212661;0.13254528539375035
2020-10-23 14:00:00;0.3535691079550729;0.11853554424560828
2020-10-23 15:00:00;0.33147684024877005;0.1403163136868604
2020-10-23 16:00:00;0.2985240879977722;0.13166967657199147
2020-10-23 17:00:00;0.36610043627587485;0.08903847206260604
2020-10-23 18:00:00;0.37705374547479814;0.07957095167733816
2020-10-23 19:00:00;0.29156223893065997;0.13714223170798445
2020-10-23 20:00:00;0.21015501717256102;0.1993651836042248
2020-10-23 21:00:00;0.15743061357096444;0.25080720188255895
2020-10-23 22:00:00;0.11203935765339272;0.30137361133913426
2020-10-23 23:00:00;0.12197159565580616;0.25370765610463525
2020-10-24 00:00:00;0.09096816114359972;0.2707273025775735
2020-10-24 01:00:00;0.09458832265849809;0.2545285393750342
2020-10-24 02:00:00;0.09263900491970666;0.25299622393695614
2020-10-24 03:00:00;0.10117887310869765;0.23668800963169706
2020-10-24 04:00:00;0.11649494105634454;0.2203797953264379
2020-10-24 05:00:00;0.11278195488721802;0.23247414217698242
2020-10-24 06:00:00;0.16411398867539218;0.19755924040934714
2020-10-24 07:00:00;0.16300009282465425;0.22601652711651068
2020-10-24 08:00:00;0.21071196509793003;0.15629617468395995
2020-10-24 09:00:00;0.18629908103592313;0.14409237673069555
2020-10-24 10:00:00;0.15065441381230854;0.18842007333223884
2020-10-24 11:00:00;0.12698412698412698;0.23504624309089914
2020-10-24 12:00:00;0.11528822055137844;0.2663492584687791
2020-10-24 13:00:00;0.1306971131532535;0.26470749192798115
2020-10-24 14:00:00;0.1849067112225007;0.22754884255458874
2020-10-24 15:00:00;0.1565023670286828;0.22738466590050893
2020-10-24 16:00:00;0.1364522417153996;0.21074809828709024
2020-10-24 17:00:00;0.11296760419567436;0.21107645159524985
2020-10-24 18:00:00;0.0957950431634642;0.21901165654243965
2020-10-24 19:00:00;0.08734799962870138;0.22245936627811524
2020-10-24 20:00:00;0.09514527058386707;0.23449898757729987
2020-10-24 21:00:00;0.10219994430520746;0.23728999069665627
2020-10-24 22:00:00;0.08344936415111853;0.25677228698079135
2020-10-24 23:00:00;0.06516290726817042;0.2751600722377278
2020-10-25 00:00:00;0.036201615148983575;0.30066217917145516
2020-10-25 01:00:00;0.03350970017636685;0.3060252832047283
2020-10-25 02:00:00;0.033045576905226026;0.3069556175778471
2020-10-25 03:00:00;0.02775457161422074;0.31127893613528157
2020-10-25 04:00:00;0.031746031746031744;0.3161495102063153
2020-10-25 05:00:00;0.025619604566972987;0.4610627702074099
2020-10-25 06:00:00;0.0567158637334076;0.381272916324632
2020-10-25 07:00:00;0.06349206349206349;0.3501340776008318
2020-10-25 08:00:00;0.08901884340480831;0.3285174848136595
2020-10-25 09:00:00;0.12447786131996658;0.31067695507032234
2020-10-25 10:00:00;0.1339459760512392;0.3050949488316095
2020-10-25 11:00:00;0.1407221758098951;0.2803589996169211
2020-10-25 12:00:00;0.19196138494384107;0.232802495485142
2020-10-25 13:00:00;0.19604566972988025;0.21457888688228535
2020-10-25 14:00:00;0.19288963148612273;0.2010069501450227
2020-10-25 15:00:00;0.22361459203564465;0.17260438898921907
2020-10-25 16:00:00;0.21358952937900308;0.21288239479012752
2020-10-25 17:00:00;0.2586094866796621;0.1604005910359547
2020-10-25 18:00:00;0.24626380766731645;0.13002791003119357
2020-10-25 19:00:00;0.24774900213496706;0.13276418759919006
2020-10-25 20:00:00;0.2361459203564467;0.13528156296174684
2020-10-25 21:00:00;0.2380952380952381;0.12373447162480163
2020-10-25 22:00:00;0.15176830966304652;0.1594702566628359
2020-10-25 23:00:00;0.15947275596398403;0.16707710830186615
2020-10-26 00:00:00;0.13106841177016615;0.16100257210091393
2020-10-26 01:00:00;0.11371020142949967;0.16943030701034312
2020-10-26 02:00:00;0.12345679012345677;0.16943030701034312
2020-10-26 03:00:00;0.10405643738977072;0.1817435560663274
2020-10-26 04:00:00;0.11556669451406293;0.17260438898921907
2020-10-26 05:00:00;0.2551749744732201;0.09741148142067532
2020-10-26 06:00:00;0.4108419196138494;0.059486674328243866
2020-10-26 07:00:00;0.33333333333333337;0.0913369452197231
2020-10-26 08:00:00;0.2680776014109348;0.14152027581677887
2020-10-26 09:00:00;0.21915900863269283;0.18573852131560226
2020-10-26 10:00:00;0.17664531699619418;0.23942428719969355
2020-10-26 11:00:00;0.1598440545808967;0.2594538389974279
2020-10-26 12:00:00;0.13905133203378817;0.2747769933782083
2020-10-26 13:00:00;0.18100807574491784;0.2636677064521425
2020-10-26 14:00:00;0.18082242643646151;0.26115033108958574
2020-10-26 15:00:00;0.23855936136637892;0.2322552399715427
2020-10-26 16:00:00;0.2789380859556298;0.2213101296995567
2020-10-26 17:00:00;0.3101271697762926;0.17944508290921032
2020-10-26 18:00:00;0.3019586002042142;0.1520275816778854
2020-10-26 19:00:00;0.26705653021442494;0.1591419033546763
2020-10-26 20:00:00;0.21813793743618304;0.18869370108903846
2020-10-26 21:00:00;0.16597048175995546;0.2149072401904449
2020-10-26 22:00:00;0.14629165506358488;0.2133749247523669
2020-10-26 23:00:00;0.12596305578761718;0.2102555683248509
2020-10-27 00:00:00;0.12345679012345677;0.19701198489574784
2020-10-27 01:00:00;0.12809802283486493;0.17911672960105077
2020-10-27 02:00:00;0.14434233732479346;0.15646035133803973
2020-10-27 03:00:00;0.12401373804882576;0.16784326602090516
2020-10-27 04:00:00;0.1568736656455955;0.14283368904941718
2020-10-27 05:00:00;0.27049104242086697;0.08712307776500848
2020-10-27 06:00:00;0.38104520560660915;0.057297652273846665
2020-10-27 07:00:00;0.3708344936415112;0.0632080118207191
2020-10-27 08:00:00;0.30975587115937997;0.0849340557106113
2020-10-27 09:00:00;0.23688851759027196;0.1280577901822361
2020-10-27 10:00:00;0.23280423280423282;0.1381272916324632
2020-10-27 11:00:00;0.20894829666759493;0.17424615553001696
2020-10-27 12:00:00;0.21340388007054675;0.17057954358890165
2020-10-27 13:00:00;0.240879977722083;0.1693755814589832
2020-10-27 14:00:00;0.25220458553791886;0.17391780222185738
2020-10-27 15:00:00;0.26427179058758005;0.17123625020522082
2020-10-27 16:00:00;0.18351434140907824;0.19832539812838618
2020-10-27 17:00:00;0.15993687923512484;0.2232802495485142
2020-10-27 18:00:00;0.16801262415297505;0.23378755540962076
2020-10-27 19:00:00;0.09421702404158543;0.2602199967164669
2020-10-27 20:00:00;0.10953309198923232;0.24139440704865103
2020-10-27 21:00:00;0.1593799313097559;0.20910633174629237
2020-10-27 22:00:00;0.13199665831244778;0.21583757456356373
2020-10-27 23:00:00;0.07815835886011324;0.21895693099107974
2020-10-28 00:00:00;0.09839413348185277;0.20626060307557598
2020-10-28 01:00:00;0.11742318759862617;0.21118590269796966
2020-10-28 02:00:00;0.1364522417153996;0.2137580036118864
2020-10-28 03:00:00;0.11194653299916456;0.20970831281125157
2020-10-28 04:00:00;0.13441009932238002;0.20139002900454223
2020-10-28 05:00:00;0.19131161236424393;0.1959174738685492
2020-10-28 06:00:00;0.4074074074074074;0.12548568926831938
2020-10-28 07:00:00;0.3745474798106377;0.1357740929239862
2020-10-28 08:00:00;0.3537547572635292;0.150768893996607
2020-10-28 09:00:00;0.23865218602060706;0.2183549499261205
2020-10-28 10:00:00;0.16522788452613013;0.23936956164833362
2020-10-28 11:00:00;0.14257866889445836;0.24927488644448093
2020-10-28 12:00:00;0.147498375568551;0.23882230613473432
2020-10-28 13:00:00;0.18397846468021906;0.24112077929185138
2020-10-28 14:00:00;0.20124385036665737;0.22360860285667378
2020-10-28 15:00:00;0.1901048918592778;0.2775132709462048
2020-10-28 16:00:00;0.21730251554812957;0.314069939254638
2020-10-28 17:00:00;0.383272997308085;0.20221091227494115
2020-10-28 18:00:00;0.2669637055601968;0.220325069775078
2020-10-28 19:00:00;0.25777406479160864;0.18885787774311827
2020-10-28 20:00:00;0.15743061357096444;0.26147868439774535
2020-10-28 21:00:00;0.15900863269284324;0.24418541016800743
2020-10-28 22:00:00;0.12772672421795228;0.26963279155037484
2020-10-28 23:00:00;0.11835143414090782;0.2534340283478356
2020-10-29 00:00:00;0.07945790401930751;0.2830952771849176
2020-10-29 01:00:00;0.09041121321823076;0.277349094292125
2020-10-29 02:00:00;0.09152510906896871;0.2395337383024134
2020-10-29 03:00:00;0.07277452891487979;0.2517375362556778
2020-10-29 04:00:00;0.05114638447971782;0.29020959886170855
2020-10-29 05:00:00;0.11658776571057271;0.2720954413615717
2020-10-29 06:00:00;0.26297224542838576;0.22432003502435288
2020-10-29 07:00:00;0.23698134224450015;0.2042357576752586
2020-10-29 08:00:00;0.20681332962034718;0.22202156186723582
2020-10-29 09:00:00;0.13812308549150654;0.24221529031904998
2020-10-29 10:00:00;0.16021535319780936;0.2519017129097576
2020-10-29 11:00:00;0.1593799313097559;0.24467794013024682
2020-10-29 12:00:00;0.1968810916179337;0.2287528046845072
2020-10-29 13:00:00;0.2706766917293233;0.14797789087725058
2020-10-29 14:00:00;0.3079922027290448;0.12121709626224485
2020-10-29 15:00:00;0.34902069989789286;0.13418705193454825
2020-10-29 16:00:00;0.4146477304372041;0.090625513052044
2020-10-29 17:00:00;0.3482781026640676;0.0995457779237126
2020-10-29 18:00:00;0.28478603917200407;0.13062989109615278
2020-10-29 19:00:00;0.21368235403323121;0.16231598533355224
2020-10-29 20:00:00;0.18444258795135987;0.17588792207081488
2020-10-29 21:00:00;0.12939756799405921;0.20598697531877636
2020-10-29 22:00:00;0.14359974009096815;0.22574289935971106
2020-10-29 23:00:00;0.11073981249419845;0.2715481858479724
2020-10-30 00:00:00;0.07036108790494755;0.32873638701909924
2020-10-30 01:00:00;0.05773693492991739;0.339845673945165
2020-10-30 02:00:00;0.05885083078065534;0.339845673945165
2020-10-30 03:00:00;0.0689687180915251;0.32583593279702294
2020-10-30 04:00:00;0.06618397846468022;0.32255239971542715
2020-10-30 05:00:00;0.10387078808131439;0.3111147594812018
2020-10-30 06:00:00;0.15176830966304652;0.29020959886170855
2020-10-30 07:00:00;0.15223243293418734;0.2997318447983363
2020-10-30 08:00:00;0.14926204399888612;0.28988124555354894
2020-10-30 09:00:00;0.12531328320802004;0.30049800251737535
2020-10-30 10:00:00;0.1221572449642625;0.3006074536200952
2020-10-30 11:00:00;0.13134688573285064;0.29737864608985937
2020-10-30 12:00:00;0.12262136823540332;0.30093580692825483
2020-10-30 13:00:00;0.13014016522788452;0.3185027089147923
2020-10-30 14:00:00;0.13301772950895757;0.3186121600175122
2020-10-30 15:00:00;0.1768309663046505;0.2880205768073113
2020-10-30 16:00:00;0.190197716513506;0.28085152957916054
2020-10-30 17:00:00;0.16875522138680032;0.2893887155913096
2020-10-30 18:00:00;0.14703425229741018;0.2848464948284354
2020-10-30 19:00:00;0.1382159101457347;0.2732994034914902
2020-10-30 20:00:00;0.12698412698412698;0.2802495485142013
2020-10-30 21:00:00;0.0972802376311148;0.28375198380123684
2020-10-30 22:00:00;0.08066462452427364;0.28763749794779186
2020-10-30 23:00:00;0.10619140443701847;0.2751053466863679
2020-10-31 00:00:00;0.09746588693957114;0.2713292836425327
2020-10-31 01:00:00;0.08827624617098301;0.26115033108958574
2020-10-31 02:00:00;0.0943098486958136;0.23690691183713677
2020-10-31 03:00:00;0.08576998050682261;0.22267826848355496
2020-10-31 04:00:00;0.0867910517033324;0.21364855250916653
2020-10-31 05:00:00;0.10628422909124663;0.1943851584304712
2020-10-31 06:00:00;0.2263065070082614;0.11765993542384941
2020-10-31 07:00:00;0.1527893808595563;0.1536693482186833
2020-10-31 08:00:00;0.10628422909124663;0.19104689979751546
2020-10-31 09:00:00;0.09811565951916827;0.21020084277349094
2020-10-31 10:00:00;0.10052910052910052;0.21348437585508673
2020-10-31 11:00:00;0.13125406107862247;0.221091227494117
2020-10-31 12:00:00;0.13979392926761347;0.22815082361954797
2020-10-31 13:00:00;0.14304279216559918;0.25009576971487985
2020-10-31 14:00:00;0.16597048175995546;0.2620259399113446
2020-10-31 15:00:00;0.08697670101178873;0.2872544190882723
2020-10-31 16:00:00;0.08391348742225935;0.2892245389372298
2020-10-31 17:00:00;0.12132182307620902;0.2610956055382258
2020-10-31 18:00:00;0.0960735171261487;0.26788157390685713
2020-10-31 19:00:00;0.1592871066555277;0.22295189624035464
2020-10-31 20:00:00;0.11853708344936414;0.2358671263612981
2020-10-31 21:00:00;0.08966861598440545;0.3191594155311115
2020-10-31 22:00:00;0.11909403137473312;0.2994582170415367
2020-10-31 23:00:00;0.1454562331755314;0.24467794013024682
2020-11-01 00:00:00;0.13728766360345307;0.21983253981283862
2020-11-01 01:00:00;0.09997215260373155;0.2550757948886335
2020-11-01 02:00:00;0.09551656920077972;0.2569364636348711
2020-11-01 03:00:00;0.13060428849902533;0.212499315930608
2020-11-01 04:00:00;0.13078993780748166;0.2188474798883599
2020-11-01 05:00:00;0.1246635106284229;0.21430525912548568
2020-11-01 06:00:00;0.11454562331755314;0.2347726153340995
2020-11-01 07:00:00;0.11668059036480087;0.24621025556832488
2020-11-01 08:00:00;0.0720319316810545;0.2816176872981995
2020-11-01 09:00:00;0.08697670101178873;0.2886772834236305
2020-11-01 10:00:00;0.10962591664346048;0.2714934602966125
2020-11-01 11:00:00;0.11835143414090782;0.267170141739178
2020-11-01 12:00:00;0.12958321730251554;0.25660811032671155
2020-11-01 13:00:00;0.13088276246170982;0.21200678596836867
2020-11-01 14:00:00;0.12698412698412698;0.17036064138346194
2020-11-01 15:00:00;0.10136452241715399;0.17068899469162152
2020-11-01 16:00:00;0.07945790401930751;0.24692168773600395
2020-11-01 17:00:00;0.0875336489371577;0.2581404257647896
2020-11-01 18:00:00;0.09263900491970666;0.22771301920866854
2020-11-01 19:00:00;0.10999721526037315;0.19646472938214854
2020-11-01 20:00:00;0.13403880070546736;0.15689815574891916
2020-11-01 21:00:00;0.1439710387078808;0.12822196683631587
2020-11-01 22:00:00;0.09347442680776012;0.14699283095277185
2020-11-01 23:00:00;0.08122157244964262;0.16587314617194768
2020-11-02 00:00:00;0.060057551285621465;0.17643517758441418
2020-11-02 01:00:00;0.0353661932609301;0.19673835713894816
2020-11-02 02:00:00;0.04437018472106191;0.1927981174410332
2020-11-02 03:00:00;0.038150932887775;0.18924095660263776
2020-11-02 04:00:00;0.041399795785760696;0.18940513325671757
2020-11-02 05:00:00;0.06664810173582103;0.1935095496087123
2020-11-02 06:00:00;0.10414926204399887;0.18272861599080611
2020-11-02 07:00:00;0.10052910052910052;0.19318119630055272
2020-11-02 08:00:00;0.09718741297688664;0.18885787774311827
2020-11-02 09:00:00;0.08716235032024504;0.1924150385815137
2020-11-02 10:00:00;0.09068968718091525;0.1991462813987851
2020-11-02 11:00:00;0.08827624617098301;0.2037432277130192
2020-11-02 12:00:00;0.0867910517033324;0.2063153286269359
2020-11-02 13:00:00;0.09217488164856585;0.23482734088545942
2020-11-02 14:00:00;0.10052910052910052;0.2659661796092596
2020-11-02 15:00:00;0.12280701754385963;0.30230394571225305
2020-11-02 16:00:00;0.13478139793929267;0.3235921851912658
2020-11-02 17:00:00;0.14350691543674;0.3299950747003776
2020-11-02 18:00:00;0.15510999721526036;0.32747769933782084
2020-11-02 19:00:00;0.2029146941427643;0.26208066546270453
2020-11-02 20:00:00;0.1424858442402302;0.31401521370327806
2020-11-02 21:00:00;0.096816114359974;0.34444262025939915
2020-11-02 22:00:00;0.09635199108883317;0.346139112351557
2020-11-02 23:00:00;0.09347442680776012;0.32840803371093963
2020-11-03 00:00:00;0.07258887960642346;0.337492475236688
2020-11-03 01:00:00;0.04975401466629537;0.3663875663547311
2020-11-03 02:00:00;0.052353104984683936;0.3663875663547311
2020-11-03 03:00:00;0.055137844611528826;0.3365074153122093
2020-11-03 04:00:00;0.12373526408614127;0.27603568105948667
2020-11-03 05:00:00;0.31309755871159384;0.16800744267498496
2020-11-03 06:00:00;0.4392462638076673;0.0950035571608384
2020-11-03 07:00:00;0.4391534391534392;0.09330706506868057
2020-11-03 08:00:00;0.36507936507936506;0.1200678596836863
2020-11-03 09:00:00;0.3641511185370835;0.12110764515952499
2020-11-03 10:00:00;0.2326185834957765;0.17791276747113227
2020-11-03 11:00:00;0.1666202543395526;0.24117550484321132
2020-11-03 12:00:00;0.15873015873015875;0.28413506266075633
2020-11-03 13:00:00;0.20207927225471084;0.29152301209434683
2020-11-03 14:00:00;0.16429963798384853;0.31926886663383136
2020-11-03 15:00:00;0.1728395061728395;0.32107480982870906
2020-11-03 16:00:00;0.1753457718369999;0.3150549991791167
2020-11-03 17:00:00;0.13338902812587022;0.3260548350024627
2020-11-03 18:00:00;0.22222222222222224;0.24560827450336561
2020-11-03 19:00:00;0.15743061357096444;0.29595578175450116
2020-11-03 20:00:00;0.21813793743618304;0.21972308871011875
2020-11-03 21:00:00;0.1809152510906897;0.22836972582498768
2020-11-03 22:00:00;0.19613849438410844;0.18852952443495866
2020-11-03 23:00:00;0.14991181657848324;0.203907404367099
2020-11-04 00:00:00;0.13895850737956;0.20554917090789693
2020-11-04 01:00:00;0.1510257124292212;0.18573852131560226
2020-11-04 02:00:00;0.1336675020885547;0.16373884966891042
2020-11-04 03:00:00;0.12726260094681147;0.16839052153450446
2020-11-04 04:00:00;0.17348927875243667;0.13938597931374158
2020-11-04 05:00:00;0.3110554163185742;0.08033710939637718
2020-11-04 06:00:00;0.4466722361459204;0.029989602145241618
2020-11-04 07:00:00;0.4587394411955815;0.02862146336124337
2020-11-04 08:00:00;0.4276431820291469;0.0323428008537186
2020-11-04 09:00:00;0.38819270398217764;0.07032233349750999
2020-11-04 10:00:00;0.34967047247749;0.11771466097520931
2020-11-04 11:00:00;0.2937900306321359;0.20434520877797843
2020-11-04 12:00:00;0.19456047526222964;0.28949816669402945
2020-11-04 13:00:00;0.1686623967325722;0.30870683522136483
2020-11-04 14:00:00;0.1788731086976701;0.3053138510370492
2020-11-04 15:00:00;0.23326835607537363;0.27488644448092814
2020-11-04 16:00:00;0.32265849809709457;0.2239916817161933
2020-11-04 17:00:00;0.36322287199480185;0.16264433864171182
2020-11-04 18:00:00;0.4368328227977351;0.10863021944946095
2020-11-04 19:00:00;0.3886568272533185;0.11339134241777486
2020-11-04 20:00:00;0.3271140815000464;0.13249055984239042
2020-11-04 21:00:00;0.31588229833843867;0.11486893230449297
2020-11-04 22:00:00;0.291005291005291;0.11568981557489193
2020-11-04 23:00:00;0.3537547572635292;0.034422371805395945
2020-11-05 00:00:00;0.48408057179987;0.013571936737262631
2020-11-05 01:00:00;0.5023670286828181;0.0074974005363104045
2020-11-05 02:00:00;0.47062099693678644;0.006129261752312156
2020-11-05 03:00:00;0.481203007518797;0.0060745362009522255
2020-11-05 04:00:00;0.47043534762833006;0.005472555135992997
2020-11-05 05:00:00;0.5291933537547572;0.005691457341432717
2020-11-05 06:00:00;0.6272161886196974;0.005636731790072787
2020-11-05 07:00:00;0.5542560103963613;0.0058556339955125065
2020-11-05 08:00:00;0.481203007518797;0.01603458654845948
2020-11-05 09:00:00;0.42745753272069065;0.02988015104252176
2020-11-05 10:00:00;0.3882855286364058;0.06785968368631315
2020-11-05 11:00:00;0.4082428292954609;0.08345646582389318
2020-11-05 12:00:00;0.4049939663974752;0.10430690089202649
2020-11-05 13:00:00;0.30789937807481665;0.1849176380452033
2020-11-05 14:00:00;0.30641418360716605;0.1920319597219942
2020-11-05 15:00:00;0.39004919706674096;0.1350079352049472
2020-11-05 16:00:00;0.41501902905411675;0.12953538006895418
2020-11-05 17:00:00;0.4838020978371856;0.09347124172276035
2020-11-05 18:00:00;0.5071010860484545;0.026432441306846167
2020-11-05 19:00:00;0.4952195303072496;0.02369616373884967
2020-11-05 20:00:00;0.48844333054859373;0.024024517047009253
2020-11-05 21:00:00;0.49373433583959897;0.01373611339134242
2020-11-05 22:00:00;0.4021164021164021;0.03896459256827013
2020-11-05 23:00:00;0.45586187691450847;0.0065670661631915955
2020-11-06 00:00:00;0.4552121043349113;0.006512340611831665
2020-11-06 01:00:00;0.4166898728302237;0.005417829584633067
2020-11-06 02:00:00;0.3537547572635292;0.005417829584633067
2020-11-06 03:00:00;0.4121414647730437;0.005417829584633067
2020-11-06 04:00:00;0.3615520282186949;0.006348163957751876
2020-11-06 05:00:00;0.31690336953494846;0.005472555135992997
2020-11-06 06:00:00;0.28051610507750857;0.006019810649592295
2020-11-06 07:00:00;0.2624152975030168;0.0075521260876703356
2020-11-06 08:00:00;0.2641789659333519;0.0414819679308269
2020-11-06 09:00:00;0.23531049846839322;0.07792918513654025
2020-11-06 10:00:00;0.22138680033416877;0.08985935533300497
2020-11-06 11:00:00;0.16884804604102852;0.13933125376238165
2020-11-06 12:00:00;0.16318574213311057;0.17583319651945495
2020-11-06 13:00:00;0.1379374361830502;0.21479778908772507
2020-11-06 14:00:00;0.1565023670286828;0.21124062824932963
2020-11-06 15:00:00;0.17367492806089296;0.19427570732775135
2020-11-06 16:00:00;0.21637426900584797;0.15771903901931814
2020-11-06 17:00:00;0.2313190383365822;0.1448585344497346
2020-11-06 18:00:00;0.19279680683189454;0.150768893996607
2020-11-06 19:00:00;0.19873758470249697;0.14666447764461227
2020-11-06 20:00:00;0.1989232340109533;0.1405352158923001
2020-11-06 21:00:00;0.1824004455583403;0.13123187216111204
2020-11-06 22:00:00;0.1876914508493456;0.11267991025009577
2020-11-06 23:00:00;0.1706117144713636;0.10113281891315055
2020-11-07 00:00:00;0.17051888981713542;0.09445630164723909
2020-11-07 01:00:00;0.19511742318759862;0.08099381601269634
2020-11-07 02:00:00;0.232340109533092;0.08099381601269634
2020-11-07 03:00:00;0.26752065348556575;0.05915832102008428
2020-11-07 04:00:00;0.2852501624431449;0.04175559568762656
2020-11-07 05:00:00;0.2926761347813979;0.028785640015323154
2020-11-07 06:00:00;0.29490392648287383;0.02687024571772561
2020-11-07 07:00:00;0.28385779262972244;0.030372681004761128
2020-11-07 08:00:00;0.28460038986354774;0.03185027089147924
2020-11-07 09:00:00;0.2754107490949596;0.05543698352760905
2020-11-07 10:00:00;0.26260094681147317;0.07677994855798173
2020-11-07 11:00:00;0.2350320245057087;0.09894379685875335
2020-11-07 12:00:00;0.2428292954608744;0.09188420073332239
2020-11-07 13:00:00;0.25201893622946253;0.09823236469107427
2020-11-07 14:00:00;0.24514991181657847;0.09691895145843596
2020-11-07 15:00:00;0.23623874501067485;0.0835111913752531
2020-11-07 16:00:00;0.2887774993038151;0.040223280249548514
2020-11-07 17:00:00;0.2954608744082428;0.019099217424615556
2020-11-07 18:00:00;0.27151211361737676;0.017402725332457725
2020-11-07 19:00:00;0.2887774993038151;0.008920264871668585
2020-11-07 20:00:00;0.3150468764503852;0.0074974005363104045
2020-11-07 21:00:00;0.29388285528636404;0.007004870574071035
2020-11-07 22:00:00;0.2960178223336118;0.008373009358069285
2020-11-07 23:00:00;0.28153717627401836;0.005746182892792647
2020-11-08 00:00:00;0.2500696184906711;0.005965085098232367
2020-11-08 01:00:00;0.2313190383365822;0.005800908444152576
2020-11-08 02:00:00;0.19558154645873943;0.005527280687352927
2020-11-08 03:00:00;0.18926946997122435;0.004980025173753627
2020-11-08 04:00:00;0.17924440731458277;0.004706397416953977
2020-11-08 05:00:00;0.23336118072960177;0.0053631040332731365
2020-11-08 06:00:00;0.2140536526501439;0.005089476276473486
2020-11-08 07:00:00;0.21637426900584797;0.005253652930553277
2020-11-08 08:00:00;0.20245057087162352;0.01203962129918459
2020-11-08 09:00:00;0.19985148055323496;0.02856673780988344
2020-11-08 10:00:00;0.1876914508493456;0.05226290154873311
2020-11-08 11:00:00;0.1916829109811566;0.05302905926777212
2020-11-08 12:00:00;0.219251833286921;0.053904668089531003
2020-11-08 13:00:00;0.2004084284786039;0.0686805669567121
2020-11-08 14:00:00;0.20439988861041491;0.06293438406391945
2020-11-08 15:00:00;0.2006869024412884;0.041208340174027254
2020-11-08 16:00:00;0.2086698227049104;0.02572100913916708
2020-11-08 17:00:00;0.2509978650329528;0.02413396814972911
2020-11-08 18:00:00;0.30975587115937997;0.008537186012149074
2020-11-08 19:00:00;0.3114267149354869;0.007825753844469985
2020-11-08 20:00:00;0.29128376496797553;0.006950145022711105
2020-11-08 21:00:00;0.32832080200501257;0.005472555135992997
2020-11-08 22:00:00;0.29611064698783995;0.005308378481913206
2020-11-08 23:00:00;0.29666759491320893;0.005253652930553277
2020-11-09 00:00:00;0.29314025805253874;0.004925299622393697
2020-11-09 01:00:00;0.28051610507750857;0.0038855141465550277
2020-11-09 02:00:00;0.2812587023113339;0.0036118863897553776
2020-11-09 03:00:00;0.2701197438039543;0.004049690800634818
2020-11-09 04:00:00;0.27188341223428947;0.0037213374924752376
2020-11-09 05:00:00;0.27708159287106654;0.003994965249274888
2020-11-09 06:00:00;0.2832080200501253;0.003666611941115308
2020-11-09 07:00:00;0.29044834307992207;0.004487495211514258
2020-11-09 08:00:00;0.2736470806646245;0.01105456137470585
2020-11-09 09:00:00;0.2711408150004641;0.030317955453401196
2020-11-09 10:00:00;0.2787524366471735;0.06966562688119084
2020-11-09 11:00:00;0.24514991181657847;0.1428884146007771
2020-11-09 12:00:00;0.19706674092639004;0.19761396596070707
2020-11-09 13:00:00;0.2137751786874594;0.1657089695178679
2020-11-09 14:00:00;0.18574213311055418;0.20073332238822308
2020-11-09 15:00:00;0.23586744639376217;0.1406993925463799
2020-11-09 16:00:00;0.4126984126984127;0.018004706397416956
2020-11-09 17:00:00;0.3864290355518426;0.018114157500136816
2020-11-09 18:00:00;0.41975308641975306;0.008427734909429213
2020-11-09 19:00:00;0.4146477304372041;0.004761122968313907
2020-11-09 20:00:00;0.3625730994152047;0.003830788595195098
2020-11-09 21:00:00;0.38076673164392466;0.004596946314234118
2020-11-09 22:00:00;0.29286178408985425;0.007278498330870685
2020-11-09 23:00:00;0.2985240879977722;0.0046516718655940465
2020-11-10 00:00:00;0.281908474890931;0.0039402396979149575
2020-11-10 01:00:00;0.29035551842569385;0.0037213374924752376
2020-11-10 02:00:00;0.27049104242086697;0.003174081978875939
2020-11-10 03:00:00;0.22890559732664995;0.0033929841843156577
2020-11-10 04:00:00;0.21637426900584797;0.003174081978875939
2020-11-10 05:00:00;0.19836628608558432;0.003447709735675588
2020-11-10 06:00:00;0.18555648380209785;0.003338258632955728
2020-11-10 07:00:00;0.18936229462545254;0.003447709735675588
2020-11-10 08:00:00;0.18351434140907824;0.006512340611831665
2020-11-10 09:00:00;0.19428200129954515;0.011765993542384941
2020-11-10 10:00:00;0.24849159936879234;0.014666447764461228
2020-11-10 11:00:00;0.2630650700826139;0.02243747605757128
2020-11-10 12:00:00;0.27986633249791143;0.03310895857275763
2020-11-10 13:00:00;0.31263343544045297;0.03655666830843321
2020-11-10 14:00:00;0.400909681611436;0.02993487659388169
2020-11-10 15:00:00;0.4773971966954423;0.02856673780988344
2020-11-10 16:00:00;0.5109997215260373;0.009795873693427463
2020-11-10 17:00:00;0.45094217024041583;0.003666611941115308
2020-11-10 18:00:00;0.41501902905411675;0.0036118863897553776
2020-11-10 19:00:00;0.42346607258887964;0.004049690800634818
2020-11-10 20:00:00;0.333704631950246;0.0038855141465550277
2020-11-10 21:00:00;0.3259073609950803;0.005034750725113557
2020-11-10 22:00:00;0.3116123642439432;0.002626826465276639
2020-11-10 23:00:00;0.3079922027290448;0.003064630876156079
2020-11-11 00:00:00;0.288127726724218;0.003064630876156079
2020-11-11 01:00:00;0.288127726724218;0.003064630876156079
2020-11-11 02:00:00;0.34799962870138307;0.003064630876156079
2020-11-11 03:00:00;0.34799962870138307;0.003064630876156079
2020-11-11 04:00:00;0.35106284229091245;0.003064630876156079
2020-11-11 05:00:00;0.3845725424672793;0.003064630876156079
2020-11-11 06:00:00;0.44416597048175993;0.003064630876156079
2020-11-11 07:00:00;0.3163464216095795;0.003064630876156079
2020-11-11 08:00:00;0.2698412698412698;0.003064630876156079
2020-11-11 09:00:00;0.2097837185556484;0.003064630876156079
2020-11-11 10:00:00;0.2170240415854451;0.003064630876156079
2020-11-11 11:00:00;0.20523531049846838;0.003064630876156079
2020-11-11 12:00:00;0.20523531049846838;0.003064630876156079
2020-11-11 13:00:00;0.20523531049846838;0.003064630876156079
2020-11-11 14:00:00;0.20523531049846838;0.003064630876156079
2020-11-11 15:00:00;0.17209690893901422;0.003064630876156079
2020-11-11 16:00:00;0.2086698227049104;0.12362502052208177
2020-11-11 17:00:00;0.2248213125406108;0.10337656651890768
2020-11-11 18:00:00;0.27485380116959063;0.09139167077108303
2020-11-11 19:00:00;0.21061914044370186;0.13911235155694193
2020-11-11 20:00:00;0.19381787802840436;0.143764023422536
2020-11-11 21:00:00;0.1911259630557876;0.11470475565041317
2020-11-11 22:00:00;0.28385779262972244;0.032178624199638815
2020-11-11 23:00:00;0.19530307249605497;0.09768510917747497
2020-11-12 00:00:00;0.11853708344936414;0.12658020029551798
2020-11-12 01:00:00;0.11927968068318945;0.12329666721392217
2020-11-12 02:00:00;0.11844425879513598;0.1264160236414382
2020-11-12 03:00:00;0.1161236424394319;0.12909757565807475
2020-11-12 04:00:00;0.09050403787245892;0.14847042083948997
2020-11-12 05:00:00;0.09273182957393483;0.15372407377004324
2020-11-12 06:00:00;0.12577740647916086;0.1494554807639687
2020-11-12 07:00:00;0.30882762461709834;0.09981940568051223
2020-11-12 08:00:00;0.24728487886382622;0.18666885568872107
2020-11-12 09:00:00;0.25201893622946253;0.18896732884583814
2020-11-12 10:00:00;0.21108326371484268;0.23110600339298418
2020-11-12 11:00:00;0.25350413069711314;0.2407377004323319
2020-11-12 12:00:00;0.2288127726724218;0.2461555300169649
2020-11-12 13:00:00;0.20152232432934186;0.26005582006238714
2020-11-12 14:00:00;0.20430706395618678;0.2573195424943906
2020-11-12 15:00:00;0.20532813515269654;0.2585235046243091
2020-11-12 16:00:00;0.24617098301308826;0.2161659278717233
2020-11-12 17:00:00;0.22742040285899934;0.23384228096098067
2020-11-12 18:00:00;0.240323029796714;0.20637005417829588
2020-11-12 19:00:00;0.29239766081871343;0.17840529743337166
2020-11-12 20:00:00;0.4204956836535784;0.07672522300662181
2020-11-12 21:00:00;0.418546365914787;0.05713347561976688
2020-11-12 22:00:00;0.371855564838021;0.06200404969080064
2020-11-12 23:00:00;0.36062378167641324;0.05543698352760905
2020-11-13 00:00:00;0.26195117423187597;0.07524763311990369
2020-11-13 01:00:00;0.24171539961013647;0.08263558255349424
2020-11-13 02:00:00;0.21461060057551284;0.10129699556723033
2020-11-13 03:00:00;0.21488907453819736;0.10326711541618781
2020-11-13 04:00:00;0.2009653764039729;0.10884912165490068
2020-11-13 05:00:00;0.16095795043163463;0.12521206151151973
2020-11-13 06:00:00;0.1944676506080015;0.10901329830898046
2020-11-13 07:00:00;0.25146198830409355;0.08613801784052975
2020-11-13 08:00:00;0.24375754200315605;0.10271985990258853
2020-11-13 09:00:00;0.1927039821776664;0.14863459749356975
2020-11-13 10:00:00;0.194189176645317;0.16576369506922783
2020-11-13 11:00:00;0.28497168848046045;0.1072620806654627
2020-11-13 12:00:00;0.2558247470528172;0.11782411207792917
2020-11-13 13:00:00;0.28051610507750857;0.10003830788595194
2020-11-13 14:00:00;0.31393298059964725;0.07448147540086468
2020-11-13 15:00:00;0.33880998793279493;0.06183987303672085
2020-11-13 16:00:00;0.3230297967140073;0.06742187927543371
2020-11-13 17:00:00;0.2936972059779077;0.07048651015158978
2020-11-13 18:00:00;0.2939756799405922;0.06731242817271385
2020-11-13 19:00:00;0.2672421795228813;0.07869534285557928
2020-11-13 20:00:00;0.23475355054302424;0.08422262354293221
2020-11-13 21:00:00;0.2164670936600761;0.08723252886772835
2020-11-13 22:00:00;0.2510906896871809;0.07294915996278663
2020-11-13 23:00:00;0.25777406479160864;0.05992447873912331
2020-11-14 00:00:00;0.26779912744825024;0.049581349532096544
2020-11-14 01:00:00;0.21813793743618304;0.0835111913752531
2020-11-14 02:00:00;0.2298338438689316;0.07743665517430089
2020-11-14 03:00:00;0.23243293418732017;0.06331746292343896
2020-11-14 04:00:00;0.227234753550543;0.04881519181305752
2020-11-14 05:00:00;0.23985890652557318;0.05543698352760905
2020-11-14 06:00:00;0.2696556205328135;0.04449187325562306
2020-11-14 07:00:00;0.2687273739905319;0.05970557653368358
2020-11-14 08:00:00;0.24217952288127725;0.10271985990258853
2020-11-14 09:00:00;0.20031560382437577;0.07842171509877963
2020-11-14 10:00:00;0.16532070918035832;0.06944672467575112
2020-11-14 11:00:00;0.16420681332962037;0.09823236469107427
2020-11-14 12:00:00;0.17822333611807298;0.13424177748590815
2020-11-14 13:00:00;0.1711686623967326;0.17167405461610025
2020-11-14 14:00:00;0.19084748909310315;0.16231598533355224
2020-11-14 15:00:00;0.1794300566230391;0.1824549882340065
2020-11-14 16:00:00;0.12401373804882576;0.20341487440485964
2020-11-14 17:00:00;0.15538847117794488;0.18748973895912002
2020-11-14 18:00:00;0.14109347442680775;0.1964100038307886
2020-11-14 19:00:00;0.10043627587487235;0.22377277951075358
2020-11-14 20:00:00;0.08010767659890465;0.2466480599792043
2020-11-14 21:00:00;0.09180358303165319;0.24467794013024682
2020-11-14 22:00:00;0.07741576162628794;0.24796147321184264
2020-11-14 23:00:00;0.11148240972802376;0.21923055874787942
2020-11-15 00:00:00;0.08344936415111853;0.2241558583702731
2020-11-15 01:00:00;0.09152510906896871;0.21425053357412577
2020-11-15 02:00:00;0.07602339181286549;0.21425053357412577
2020-11-15 03:00:00;0.055323493919985145;0.21425053357412577
2020-11-15 04:00:00;0.0524459296389121;0.23121545449570405
2020-11-15 05:00:00;0.039172004084284784;0.253926558310075
2020-11-15 06:00:00;0.03870788081314397;0.26520002189022057
2020-11-15 07:00:00;0.06015037593984963;0.25354347945055544
2020-11-15 08:00:00;0.057179987004548405;0.26147868439774535
2020-11-15 09:00:00;0.058386707509514524;0.2572100913916708
2020-11-15 10:00:00;0.050775085862805165;0.2623542932195042
2020-11-15 11:00:00;0.055137844611528826;0.2686477316258961
2020-11-15 12:00:00;0.06042884990253412;0.26793629945821706
2020-11-15 13:00:00;0.0556947925368978;0.26503584523614077
2020-11-15 14:00:00;0.0564373897707231;0.2592896623433481
2020-11-15 15:00:00;0.05922212939756799;0.26197121435998466
2020-11-15 16:00:00;0.0953309198923234;0.24123023039457123
2020-11-15 17:00:00;0.1050775085862805;0.3319651945493351
2020-11-15 18:00:00;0.1633713914415669;0.31839325781207245
2020-11-15 19:00:00;0.17618119372505336;0.3099107973512833
2020-11-15 20:00:00;0.13905133203378817;0.3371093963771685
2020-11-15 21:00:00;0.13162535969553513;0.3145077436655174
2020-11-15 22:00:00;0.09969367864104706;0.3151644502818366
2020-11-15 23:00:00;0.05309570221850924;0.3516663930389099
2020-11-16 00:00:00;0.06599832915622389;0.3819296229409511
2020-11-16 01:00:00;0.041028497168848044;0.3620095222459367
2020-11-16 02:00:00;0.03629443980321173;0.3449351502216385
2020-11-16 03:00:00;0.04223521767381416;0.35889016581842065
2020-11-16 04:00:00;0.05365265014387821;0.35407431729874683
2020-11-16 05:00:00;0.12884062006869024;0.31100530837848195
2020-11-16 06:00:00;0.3062285342987097;0.21704153669348217
2020-11-16 07:00:00;0.2794022092267706;0.20675313303781537
2020-11-16 08:00:00;0.2764318202914694;0.1934548240573524
2020-11-16 09:00:00;0.2580525387542931;0.1832211459530455
2020-11-16 10:00:00;0.2177666388192704;0.19334537295463253
2020-11-16 11:00:00;0.2457996843961756;0.15853992228971708
2020-11-16 12:00:00;0.1306971131532535;0.26158813550046517
2020-11-16 13:00:00;0.12494198459110739;0.2676626717014174
2020-11-16 14:00:00;0.1661561310684118;0.2496032397526405
2020-11-16 15:00:00;0.20393576533927413;0.23728999069665627
2020-11-16 16:00:00;0.2525758841548315;0.20576807311333664
2020-11-16 17:00:00;0.21238280887403696;0.23882230613473432
2020-11-16 18:00:00;0.20003712986169125;0.22831500027362775
2020-11-16 19:00:00;0.219251833286921;0.20308652109670006
2020-11-16 20:00:00;0.2765246449456976;0.16510698845290867
2020-11-16 21:00:00;0.29722454283857785;0.1311771466097521
2020-11-16 22:00:00;0.19753086419753088;0.19394735401959173
2020-11-16 23:00:00;0.18379281537176273;0.18612160017512178
2020-11-17 00:00:00;0.12884062006869024;0.2146336124336453
2020-11-17 01:00:00;0.09895108140722175;0.25770262135391014
2020-11-17 02:00:00;0.05894365543488351;0.2913588354402671
2020-11-17 03:00:00;0.055973266499582286;0.27816997756252393
2020-11-17 04:00:00;0.061264271790587584;0.261752312154545
2020-11-17 05:00:00;0.11333890281258702;0.23592185191265802
2020-11-17 06:00:00;0.22129397567994058;0.22497674164067205
2020-11-17 07:00:00;0.18889817135431172;0.2371805395939364
2020-11-17 08:00:00;0.21210433491135247;0.2430361735894489
2020-11-17 09:00:00;0.1753457718369999;0.26049362447326657
2020-11-17 10:00:00;0.22092267706302793;0.23964318940513327
2020-11-17 11:00:00;0.22361459203564465;0.23449898757729987
2020-11-17 12:00:00;0.19715956558061823;0.2432003502435287
2020-11-17 13:00:00;0.21182586094866795;0.23165325890658348
2020-11-17 14:00:00;0.2310405643738977;0.2161659278717233
2020-11-17 15:00:00;0.26120857699805067;0.20538499425381712
2020-11-17 16:00:00;0.2578668894458368;0.21862857768292016
2020-11-17 17:00:00;0.21210433491135247;0.22245936627811524
2020-11-17 18:00:00;0.17664531699619418;0.22442948612707272
2020-11-17 19:00:00;0.2086698227049104;0.20089749904230286
2020-11-17 20:00:00;0.18741297688666111;0.20494718984293767
2020-11-17 21:00:00;0.17952288127726723;0.20801182071909374
2020-11-17 22:00:00;0.17497447322008727;0.22464838833251244
2020-11-17 23:00:00;0.14480646059593427;0.22355387730531387
2020-11-18 00:00:00;0.12206442031003432;0.235155694193619
2020-11-18 01:00:00;0.11120393576533925;0.23947901275105346
2020-11-18 02:00:00;0.12549893251647637;0.21217096262244842
2020-11-18 03:00:00;0.1567808409913673;0.17249493788649922
2020-11-18 04:00:00;0.1912187877100158;0.1299184589284737
2020-11-18 05:00:00;0.30149447693307346;0.0884364909976468
2020-11-18 06:00:00;0.4588322658498097;0.04345208777978438
2020-11-18 07:00:00;0.3848510164299638;0.08082963935861655
2020-11-18 08:00:00;0.2821869488536155;0.14332621901165654
2020-11-18 09:00:00;0.25563909774436094;0.1678979915722651
2020-11-18 10:00:00;0.20941241993873574;0.21162370710884915
2020-11-18 11:00:00;0.20662768031189085;0.21189733486564877
2020-11-18 12:00:00;0.2229648194560475;0.2065889563837356
2020-11-18 13:00:00;0.21999443052074633;0.20483773874021782
2020-11-18 14:00:00;0.17339645409820847;0.21698681114212226
2020-11-18 15:00:00;0.25044091710758376;0.1737536255677776
2020-11-18 16:00:00;0.1914044370184721;0.2059322497674164
2020-11-18 17:00:00;0.19075466443887495;0.2104744705302906
2020-11-18 18:00:00;0.2843219159008633;0.15607727247852024
2020-11-18 19:00:00;0.240323029796714;0.17638045203305427
2020-11-18 20:00:00;0.1729323308270677;0.20139002900454223
2020-11-18 21:00:00;0.16717720226492158;0.18623105127784165
2020-11-18 22:00:00;0.16931216931216933;0.16614677392874733
2020-11-18 23:00:00;0.14369256474519632;0.1936737262627921
2020-11-19 00:00:00;0.05764411027568922;0.3482186833032343
2020-11-19 01:00:00;0.05550914322844148;0.33147266458709573
2020-11-19 02:00:00;0.029703889353012162;0.33147266458709573
2020-11-19 03:00:00;0.04093567251461988;0.34756197668691513
2020-11-19 04:00:00;0.050496611900120676;0.3506813331144311
2020-11-19 05:00:00;0.10628422909124663;0.33163684124117554
2020-11-19 06:00:00;0.20152232432934186;0.3020850435068133
2020-11-19 07:00:00;0.19576719576719576;0.2923438953647458
2020-11-19 08:00:00;0.1432284414740555;0.31598533355223557
2020-11-19 09:00:00;0.11844425879513598;0.31412466480599793
2020-11-19 10:00:00;0.11844425879513598;0.30629891096152795
2020-11-19 11:00:00;0.16114359974009096;0.293766759700104
2020-11-19 12:00:00;0.25044091710758376;0.24697641328736386
2020-11-19 13:00:00;0.21674556762276062;0.2884583812181908
2020-11-19 14:00:00;0.2029146941427643;0.29666721392218026
2020-11-19 15:00:00;0.2987097373062285;0.2707273025775735
2020-11-19 16:00:00;0.3175531421145456;0.23964318940513327
2020-11-19 17:00:00;0.23475355054302424;0.2948065451759426
2020-11-19 18:00:00;0.3378817413905133;0.21769824330980136
2020-11-19 19:00:00;0.30437204121414646;0.2051660920483774
2020-11-19 20:00:00;0.36535783904204955;0.16176872981995294
2020-11-19 21:00:00;0.2743896778984498;0.2161112023203634
2020-11-19 22:00:00;0.227234753550543;0.21036501942757074
2020-11-19 23:00:00;0.1592871066555277;0.26251846987358396
2020-11-20 00:00:00;0.11825860948667966;0.26574727740381987
2020-11-20 01:00:00;0.07945790401930751;0.3204181032123899
2020-11-20 02:00:00;0.05346700083542189;0.346850544519236
2020-11-20 03:00:00;0.0750023206163557;0.3240847151535052
2020-11-20 04:00:00;0.09941520467836257;0.30958244404312374
2020-11-20 05:00:00;0.20885547201336674;0.2525584195260767
2020-11-20 06:00:00;0.3272997308085027;0.2508619274339189
2020-11-20 07:00:00;0.3864290355518426;0.17424615553001696
2020-11-20 08:00:00;0.3637798199201708;0.16724128495594592
2020-11-20 09:00:00;0.46226677805625177;0.08646637114868932
2020-11-20 10:00:00;0.49614777684953126;0.05915832102008428
2020-11-20 11:00:00;0.48408057179987;0.06742187927543371
2020-11-20 12:00:00;0.2781954887218045;0.1662562250314672
2020-11-20 13:00:00;0.3079922027290448;0.1761615498276145
2020-11-20 14:00:00;0.3113338902812587;0.18573852131560226
2020-11-20 15:00:00;0.3467000835421888;0.17041536693482187
2020-11-20 16:00:00;0.40452984312633433;0.1328736387019099
2020-11-20 17:00:00;0.4421238280887404;0.11722213101296995
2020-11-20 18:00:00;0.47702589807852963;0.07223772779510755
2020-11-20 19:00:00;0.45743989603638724;0.06014338094456302
2020-11-20 20:00:00;0.41288406200686906;0.07387949433590543
2020-11-20 21:00:00;0.40165227884526133;0.06616319159415532
2020-11-20 22:00:00;0.3441938178780284;0.10244623214578887
2020-11-20 23:00:00;0.32497911445279865;0.13249055984239042
2020-11-21 00:00:00;0.26557133574677433;0.15525638920812126
2020-11-21 01:00:00;0.2509050403787246;0.14299786570349696
2020-11-21 02:00:00;0.20950524459296388;0.15892300114923658
2020-11-21 03:00:00;0.18017265385686437;0.16576369506922783
2020-11-21 04:00:00;0.15492434790680407;0.17096262244842117
2020-11-21 05:00:00;0.15705931495405182;0.1761068242762546
2020-11-21 06:00:00;0.13533834586466165;0.20106167569638267
2020-11-21 07:00:00;0.14359974009096815;0.19066382093799594
2020-11-21 08:00:00;0.16439246263807666;0.18371367591528487
2020-11-21 09:00:00;0.1690336953494848;0.17150987796202047
2020-11-21 10:00:00;0.18602060707323867;0.16045531658731463
2020-11-21 11:00:00;0.1969739162721619;0.1620423575767526
2020-11-21 12:00:00;0.19428200129954515;0.185957423521042
2020-11-21 13:00:00;0.1949317738791423;0.18863897553767855
2020-11-21 14:00:00;0.20412141464773045;0.18103212389864828
2020-11-21 15:00:00;0.21999443052074633;0.17451978328681664
2020-11-21 16:00:00;0.2431077694235589;0.16417665407978987
2020-11-21 17:00:00;0.20607073238652188;0.1965741804848684
2020-11-21 18:00:00;0.1916829109811566;0.2079023696163739
2020-11-21 19:00:00;0.15548129583217302;0.22333497509987416
2020-11-21 20:00:00;0.15390327671029427;0.2351009686422591
2020-11-21 21:00:00;0.1414647730437204;0.22185738521315604
2020-11-21 22:00:00;0.13125406107862247;0.22234991517539537
2020-11-21 23:00:00;0.12429221201151024;0.23313084879330162
2020-11-22 00:00:00;0.10015780191218787;0.2430361735894489
2020-11-22 01:00:00;0.08493455861876913;0.2422700158704099
2020-11-22 02:00:00;0.08205699433769609;0.23269304438242214
2020-11-22 03:00:00;0.09421702404158543;0.21802659661796092
2020-11-22 04:00:00;0.113895850737956;0.2207081486345975
2020-11-22 05:00:00;0.12577740647916086;0.20434520877797843
2020-11-22 06:00:00;0.08939014202172095;0.25015049526623984
2020-11-22 07:00:00;0.05504501995730066;0.29639358616538064
2020-11-22 08:00:00;0.07463102199944305;0.25660811032671155
2020-11-22 09:00:00;0.0965376403972895;0.24341925244896842
2020-11-22 10:00:00;0.13803026083727837;0.2079023696163739
2020-11-22 11:00:00;0.1239209133945976;0.24484211678432663
2020-11-22 12:00:00;0.10879049475540702;0.2769660154326055
2020-11-22 13:00:00;0.11937250533741761;0.2902643244130685
2020-11-22 14:00:00;0.1317181843497633;0.28139878509275984
2020-11-22 15:00:00;0.17172561032210154;0.23619547966945767
2020-11-22 16:00:00;0.2230576441102757;0.2079023696163739
2020-11-22 17:00:00;0.28654970760233917;0.18770864116455974
2020-11-22 18:00:00;0.2513691636498654;0.18393257812072458
2020-11-22 19:00:00;0.25174046226677804;0.1652164395556285
2020-11-22 20:00:00;0.23447507658033975;0.1719476823728999
2020-11-22 21:00:00;0.18583495776478232;0.18365895036392493
2020-11-22 22:00:00;0.1806367771280052;0.17692770754665355
2020-11-22 23:00:00;0.18667037965283578;0.16182345537131287
2020-11-23 00:00:00;0.16448528729230485;0.16669402944234663
2020-11-23 01:00:00;0.11073981249419845;0.21222568817380838
2020-11-23 02:00:00;0.08103592314118628;0.21222568817380838
2020-11-23 03:00:00;0.0782511835143414;0.21731516445028184
2020-11-23 04:00:00;0.09440267335004177;0.20708148634597492
2020-11-23 05:00:00;0.21423930195860022;0.1582115689815575
2020-11-23 06:00:00;0.40350877192982454;0.0971925792152356
2020-11-23 07:00:00;0.4394319131161237;0.07667049745526186
2020-11-23 08:00:00;0.5148983570036201;0.04596946314234116
2020-11-23 09:00:00;0.5005105355982549;0.04323318557434466
2020-11-23 10:00:00;0.4454655156409542;0.06610846604279538
2020-11-23 11:00:00;0.39617562424579966;0.09462047830131888
2020-11-23 12:00:00;0.3705560196788267;0.1317244021233514
2020-11-23 13:00:00;0.31681054488072036;0.1883653477808789
2020-11-23 14:00:00;0.2922120115102571;0.19777814261478685
2020-11-23 15:00:00;0.4191033138401559;0.12876922234991517
2020-11-23 16:00:00;0.45205606609115384;0.09927215016691295
2020-11-23 17:00:00;0.43664717348927873;0.09872489465331363
2020-11-23 18:00:00;0.4546551564095424;0.0643025228479177
2020-11-23 19:00:00;0.5598254896500511;0.02074098396541345
2020-11-23 20:00:00;0.5630743525480367;0.011437640234225362
2020-11-23 21:00:00;0.5102571242922119;0.01652711651069885
2020-11-23 22:00:00;0.452705838670751;0.022492201608931214
2020-11-23 23:00:00;0.40174510349948944;0.021014611722213104
2020-11-24 00:00:00;0.29063399238837834;0.035243255075794885
2020-11-24 01:00:00;0.26102292768959434;0.0491435451212171
2020-11-24 02:00:00;0.1949317738791423;0.08684945000820884
2020-11-24 03:00:00;0.16801262415297505;0.10293876210802824
2020-11-24 04:00:00;0.19771651350598718;0.07869534285557928
2020-11-24 05:00:00;0.2603731551099972;0.051277841624254375
2020-11-24 06:00:00;0.3522695627958786;0.03721337492475237
2020-11-24 07:00:00;0.34122342894272717;0.03754172823291194
2020-11-24 08:00:00;0.32516476376125497;0.04482022656378263
2020-11-24 09:00:00;0.35050589436554347;0.0469545230668199
2020-11-24 10:00:00;0.32293697205977906;0.05521808132216932
2020-11-24 11:00:00;0.2855286364058294;0.06780495813495321
2020-11-24 12:00:00;0.27559639840341593;0.07480982870902425
2020-11-24 13:00:00;0.3352826510721248;0.06747660482679363
2020-11-24 14:00:00;0.35134131625359694;0.07694412521206152
2020-11-24 15:00:00;0.4209598069247192;0.05472555135992995
2020-11-24 16:00:00;0.33574677434326555;0.026979696820445466
2020-11-24 17:00:00;0.35533277638540794;0.04547693318010179
2020-11-24 18:00:00;0.4026733500417711;0.03787008154107153
2020-11-24 19:00:00;0.2887774993038151;0.11339134241777486
2020-11-24 20:00:00;0.2879420774157616;0.10988890713073934
2020-11-24 21:00:00;0.2540610786224821;0.12280413725168281
2020-11-24 22:00:00;0.2087626473591386;0.11607289443441142
2020-11-24 23:00:00;0.23169033695349484;0.09396377168499973
2020-11-25 00:00:00;0.18147219901605866;0.10282931100530839
2020-11-25 01:00:00;0.15891580803861505;0.11371969572593443
2020-11-25 02:00:00;0.16392833936693585;0.10715262956274284
2020-11-25 03:00:00;0.16318574213311057;0.09582444043123733
2020-11-25 04:00:00;0.17033324050867912;0.08400372133749248
2020-11-25 05:00:00;0.16921934465794114;0.07935204947189843
2020-11-25 06:00:00;0.20059407778706023;0.06145679417720134
2020-11-25 07:00:00;0.25452520189362293;0.03135774092923987
2020-11-25 08:00:00;0.26371484266221107;0.029661248837082033
2020-11-25 09:00:00;0.22250069618490673;0.06069063645816232
2020-11-25 10:00:00;0.18796992481203006;0.08575493898101023
2020-11-25 11:00:00;0.2509050403787246;0.08082963935861655
2020-11-25 12:00:00;0.2530400074259723;0.08515295791605101
2020-11-25 13:00:00;0.28654970760233917;0.09286926065780113
2020-11-25 14:00:00;0.34651443423373246;0.06802386034039294
2020-11-25 15:00:00;0.3862433862433862;0.04301428336890494
2020-11-25 16:00:00;0.45344843590457623;0.018442510808296394
2020-11-25 17:00:00;0.3599740090968161;0.010780933617906201
2020-11-25 18:00:00;0.39951731179801353;0.010890384720626062
2020-11-25 19:00:00;0.4053652650143878;0.007169047228150824
2020-11-25 20:00:00;0.39431913116123646;0.011437640234225362
2020-11-25 21:00:00;0.37658962220365727;0.008920264871668585
2020-11-25 22:00:00;0.3641511185370835;0.006129261752312156
2020-11-25 23:00:00;0.32395804325628885;0.015323154380780388
2020-11-26 00:00:00;0.28209412419938734;0.02194494609533191
2020-11-26 01:00:00;0.23725981620718464;0.03557160838395447
2020-11-26 02:00:00;0.21479624988396917;0.04388989219066382
2020-11-26 03:00:00;0.240323029796714;0.0345318229081158
2020-11-26 04:00:00;0.2621368235403323;0.032178624199638815
2020-11-26 05:00:00;0.30567158637334074;0.023969791495649324
2020-11-26 06:00:00;0.3668430335097002;0.022163848300771637
2020-11-26 07:00:00;0.37334075930567157;0.020850435068133315
2020-11-26 08:00:00;0.3534762833008447;0.021561867235812403
2020-11-26 09:00:00;0.3402023577462174;0.01373611339134242
2020-11-26 10:00:00;0.34400816856957206;0.014338094456301648
2020-11-26 11:00:00;0.4575327206906154;0.06304383516663932
2020-11-26 12:00:00;0.26826325071939106;0.16067421879275434
2020-11-26 13:00:00;0.19344657941149168;0.19340009850599243
2020-11-26 14:00:00;0.25870231133389027;0.1171126799102501
2020-11-26 15:00:00;0.3236795692936044;0.0685163903026323
2020-11-26 16:00:00;0.37436183050218136;0.04744705302905927
2020-11-26 17:00:00;0.3649865404251369;0.021835494992612052
2020-11-26 18:00:00;0.37278381138030264;0.023969791495649324
2020-11-26 19:00:00;0.39942448714378537;0.03880041591419034
2020-11-26 20:00:00;0.4329341873201522;0.02331308487933016
2020-11-26 21:00:00;0.291005291005291;0.0858643900837301
2020-11-26 22:00:00;0.2071846282372598;0.13112242105839217
2020-11-26 23:00:00;0.12781954887218044;0.2432003502435287
2020-11-27 00:00:00;0.1161236424394319;0.25923493679198817
2020-11-27 01:00:00;0.05792258423837371;0.3067367153724074
2020-11-27 02:00:00;0.05420959806924719;0.3067367153724074
2020-11-27 03:00:00;0.04622667780562518;0.30471186997209
2020-11-27 04:00:00;0.07184628237259816;0.26432441306846166
2020-11-27 05:00:00;0.09152510906896871;0.21791714551524108
2020-11-27 06:00:00;0.21201151025712428;0.1801017895255295
2020-11-27 07:00:00;0.16875522138680032;0.1485798719422098
2020-11-27 08:00:00;0.19056901513041866;0.1553111147594812
2020-11-27 09:00:00;0.16290726817042606;0.19252448968423358
2020-11-27 10:00:00;0.19075466443887495;0.17605209872489466
2020-11-27 11:00:00;0.1557597697948575;0.18754446451047993
2020-11-27 12:00:00;0.134967047247749;0.2205439719805177
2020-11-27 13:00:00;0.13895850737956;0.20691730969189517
2020-11-27 14:00:00;0.14842662211083263;0.18043014283368905
2020-11-27 15:00:00;0.22788452613014015;0.1001477589886718
2020-11-27 16:00:00;0.3390884618954794;0.014009741148142069
2020-11-27 17:00:00;0.35180543952473775;0.007333223882230616
2020-11-27 18:00:00;0.33723196881091616;0.007114321676790896
2020-11-27 19:00:00;0.31476840248770077;0.007716302741750124
2020-11-27 20:00:00;0.3187598626195118;0.007771028293110055
2020-11-27 21:00:00;0.3172746681518611;0.007989930498549774
2020-11-27 22:00:00;0.3236795692936044;0.007059596125430965
2020-11-27 23:00:00;0.3116123642439432;0.006183987303672086
2020-11-28 00:00:00;0.29035551842569385;0.005800908444152576
2020-11-28 01:00:00;0.2721618861969739;0.005965085098232367
2020-11-28 02:00:00;0.2656641604010025;0.005800908444152576
2020-11-28 03:00:00;0.2726260094681147;0.005691457341432717
2020-11-28 04:00:00;0.2759676970203286;0.005417829584633067
2020-11-28 05:00:00;0.2786596119929453;0.005636731790072787
2020-11-28 06:00:00;0.2736470806646245;0.005910359546872437
2020-11-28 07:00:00;0.27123363965469227;0.006348163957751876
2020-11-28 08:00:00;0.2696556205328135;0.0075521260876703356
2020-11-28 09:00:00;0.25350413069711314;0.015432605483500249
2020-11-28 10:00:00;0.2453355611250348;0.02189022054397198
2020-11-28 11:00:00;0.21915900863269283;0.032452251956438465
2020-11-28 12:00:00;0.1927039821776664;0.04575056093690144
2020-11-28 13:00:00;0.1728395061728395;0.05691457341432715
2020-11-28 14:00:00;0.16699155295646526;0.0646856017074372
2020-11-28 15:00:00;0.18583495776478232;0.040661084660427955
2020-11-28 16:00:00;0.21034066648101735;0.048432112953538005
2020-11-28 17:00:00;0.1759027197623689;0.07059596125430964
2020-11-28 18:00:00;0.12447786131996658;0.11415750013681387
2020-11-28 19:00:00;0.10962591664346048;0.12893339900399498
2020-11-28 20:00:00;0.08576998050682261;0.14573414327149345
2020-11-28 21:00:00;0.09523809523809523;0.1379083894270235
2020-11-28 22:00:00;0.08966861598440545;0.14513216220653424
2020-11-28 23:00:00;0.0850273832729973;0.15853992228971708
2020-11-29 00:00:00;0.09644481574306134;0.14644557543917255
2020-11-29 01:00:00;0.10062192518332869;0.13763476167022382
2020-11-29 02:00:00;0.09375290077044462;0.14573414327149345
2020-11-29 03:00:00;0.08419196138494382;0.15317681825644394
2020-11-29 04:00:00;0.0724960549521953;0.1521917583319652
2020-11-29 05:00:00;0.07045391255917571;0.1545449570404422
2020-11-29 06:00:00;0.058386707509514524;0.16904722815082363
2020-11-29 07:00:00;0.06460595934280144;0.14923657855852898
2020-11-29 08:00:00;0.07082521117608837;0.15224648388332512
2020-11-29 09:00:00;0.06479160865125777;0.16165927871723307
2020-11-29 10:00:00;0.07333147684024877;0.152355934986045
2020-11-29 11:00:00;0.0607073238652186;0.16527116510698847
2020-11-29 12:00:00;0.04938271604938272;0.18814644557543916
2020-11-29 13:00:00;0.05420959806924719;0.18721611120232037
2020-11-29 14:00:00;0.07296017822333611;0.17758441416297271
2020-11-29 15:00:00;0.2099693678641047;0.0953866360203579
2020-11-29 16:00:00;0.18648473034437946;0.06835221364855251
2020-11-29 17:00:00;0.16346421609579503;0.07814808734197998
2020-11-29 18:00:00;0.16884804604102852;0.045641109834181584
2020-11-29 19:00:00;0.16448528729230485;0.06599901494007553
2020-11-29 20:00:00;0.2636220180079829;0.020303179554534014
2020-11-29 21:00:00;0.278473962684489;0.010014775898867182
2020-11-29 22:00:00;0.2802376311148241;0.009576971487987744
2020-11-29 23:00:00;0.2992666852315975;0.008263558255349425
2020-11-30 00:00:00;0.29991645781119464;0.008318283806709355
2020-11-30 01:00:00;0.28859184999535875;0.007771028293110055
2020-11-30 02:00:00;0.2909124663510628;0.007004870574071035
2020-11-30 03:00:00;0.28896314861227146;0.006840693919991246
2020-11-30 04:00:00;0.3134688573285065;0.007333223882230616
2020-11-30 05:00:00;0.3679569293604381;0.007716302741750124
2020-11-30 06:00:00;0.4103777963427086;0.007442674984950475
2020-11-30 07:00:00;0.32897057458460965;0.007004870574071035
2020-11-30 08:00:00;0.3682354033231226;0.007771028293110055
2020-11-30 09:00:00;0.3577462173953402;0.008537186012149074
2020-11-30 10:00:00;0.3193168105448807;0.012149072401904451
2020-11-30 11:00:00;0.32451499118165783;0.011875444645104802
2020-11-30 12:00:00;0.3298059964726631;0.010835659169266132
2020-11-30 13:00:00;0.29416132924904853;0.018880315219175835
2020-11-30 14:00:00;0.3090132739255546;0.01318885787774312
2020-11-30 15:00:00;0.3517126148705096;0.010178952552946973
2020-11-30 16:00:00;0.3722268634549336;0.007059596125430965
2020-11-30 17:00:00;0.3744546551564096;0.006293438406391945
2020-11-30 18:00:00;0.32507193910702686;0.007059596125430965
2020-11-30 19:00:00;0.33853151397011044;0.007606851639030264
2020-11-30 20:00:00;0.33277638540796434;0.017402725332457725
2020-11-30 21:00:00;0.2777313654506637;0.04438242215290319
2020-11-30 22:00:00;0.12522045855379188;0.21419580802276583
2020-11-30 23:00:00;0.08363501345957486;0.26432441306846166
2020-12-01 00:00:00;0.06757634827810266;0.28566737809883436
2020-12-01 01:00:00;0.05782975958414555;0.31593060800087563
2020-12-01 02:00:00;0.0667409263900492;0.31593060800087563
2020-12-01 03:00:00;0.07036108790494755;0.3025228479176928
2020-12-01 04:00:00;0.07444537269098672;0.3089804629781645
2020-12-01 05:00:00;0.15900863269284324;0.28522957368795493
2020-12-01 06:00:00;0.3095702218509236;0.23061347343074484
2020-12-01 07:00:00;0.3549614777684953;0.20697203524325508
2020-12-01 08:00:00;0.30409356725146197;0.2356482241558584
2020-12-01 09:00:00;0.3174603174603175;0.2327477699337821
2020-12-01 10:00:00;0.2731829573934837;0.26487166858206096
2020-12-01 11:00:00;0.26677805625174045;0.26279209763038364
2020-12-01 12:00:00;0.24914137194838948;0.26722486729053796
2020-12-01 13:00:00;0.27123363965469227;0.2559514037103924
2020-12-01 14:00:00;0.2787524366471735;0.25009576971487985
2020-12-01 15:00:00;0.2792165599183143;0.23285722103650194
2020-12-01 16:00:00;0.2150747238466537;0.23482734088545942
2020-12-01 17:00:00;0.26473591385872086;0.1744650577354567
2020-12-01 18:00:00;0.36563631300473404;0.11229683139057627
2020-12-01 19:00:00;0.22287199480181938;0.15618672358124008
2020-12-01 20:00:00;0.15316067947646894;0.16871887484266404
2020-12-01 21:00:00;0.19084748909310315;0.09440157609587917
2020-12-01 22:00:00;0.22537826046597978;0.044108794396103546
2020-12-01 23:00:00;0.23326835607537363;0.020303179554534014
2020-12-02 00:00:00;0.240323029796714;0.009741148142067533
2020-12-02 01:00:00;0.22844147405550913;0.009741148142067533
2020-12-02 02:00:00;0.2247284878863826;0.007059596125430965
2020-12-02 03:00:00;0.21108326371484268;0.007278498330870685
2020-12-02 04:00:00;0.2005012531328321;0.007223772779510755
2020-12-02 05:00:00;0.18481388656827252;0.007771028293110055
2020-12-02 06:00:00;0.18202914694142763;0.007278498330870685
2020-12-02 07:00:00;0.1968810916179337;0.0058556339955125065
2020-12-02 08:00:00;0.19762368885175904;0.007333223882230616
2020-12-02 09:00:00;0.18305021813793745;0.010452580309746622
2020-12-02 10:00:00;0.1794300566230391;0.01581568434301976
2020-12-02 11:00:00;0.18147219901605866;0.016746018716138567
2020-12-02 12:00:00;0.1886196973916272;0.01494007552126088
2020-12-02 13:00:00;0.207277452891488;0.01193017019646473
2020-12-02 14:00:00;0.25452520189362293;0.011547091336945222
2020-12-02 15:00:00;0.30567158637334074;0.009741148142067533
2020-12-02 16:00:00;0.26705653021442494;0.0067859683686313154
2020-12-02 17:00:00;0.315510999721526;0.006512340611831665
2020-12-02 18:00:00;0.29081964169683466;0.006512340611831665
2020-12-02 19:00:00;0.2521117608836907;0.0065670661631915955
2020-12-02 20:00:00;0.2631578947368421;0.006895419471351176
2020-12-02 21:00:00;0.2646430892044927;0.0065670661631915955
2020-12-02 22:00:00;0.28005198180636776;0.006676517265911456
2020-12-02 23:00:00;0.3298059964726631;0.006895419471351176
2020-12-03 00:00:00;0.31690336953494846;0.006621791714551526
2020-12-03 01:00:00;0.35681797085305855;0.006512340611831665
2020-12-03 02:00:00;0.35579689965654876;0.018770864116455975
2020-12-03 03:00:00;0.2137751786874594;0.11295353800689543
2020-12-03 04:00:00;0.2029146941427643;0.13019208668527335
2020-12-03 05:00:00;0.3218230762090411;0.07032233349750999
2020-12-03 06:00:00;0.43349113524552124;0.04027800580090844
2020-12-03 07:00:00;0.4360902255639098;0.0357905105893942
2020-12-03 08:00:00;0.3668430335097002;0.05822798664696548
2020-12-03 09:00:00;0.32535041306971135;0.08756088217588792
2020-12-03 10:00:00;0.2366100436275875;0.11415750013681387
2020-12-03 11:00:00;0.30567158637334074;0.09199365183604225
2020-12-03 12:00:00;0.2816300009282465;0.10140644666995019
2020-12-03 13:00:00;0.21136173767752714;0.1116401247742571
2020-12-03 14:00:00;0.20012995451591944;0.11350079352049472
2020-12-03 15:00:00;0.19827346143135616;0.12887867345263504
2020-12-03 16:00:00;0.19706674092639004;0.13216220653423083
2020-12-03 17:00:00;0.185649308456326;0.116401247742571
2020-12-03 18:00:00;0.19883040935672516;0.11579926667761178
2020-12-03 19:00:00;0.15195395897150282;0.13134132326383188
2020-12-03 20:00:00;0.12345679012345677;0.13965960707054123
2020-12-03 21:00:00;0.1206720504966119;0.13435122858862802
2020-12-03 22:00:00;0.09969367864104706;0.14972910852076834
2020-12-03 23:00:00;0.08809059686252668;0.17112679910250098
2020-12-04 00:00:00;0.07091803583031653;0.19909155584742516
2020-12-04 01:00:00;0.08985426529286178;0.17725606085481313
2020-12-04 02:00:00;0.10322101550171725;0.1668034805450665
2020-12-04 03:00:00;0.09793001021071195;0.17293274229737865
2020-12-04 04:00:00;0.08020050125313281;0.19334537295463253
2020-12-04 05:00:00;0.07314582753179244;0.21020084277349094
2020-12-04 06:00:00;0.06469878399702962;0.22902643244130685
2020-12-04 07:00:00;0.09068968718091525;0.22880753023586714
2020-12-04 08:00:00;0.16931216931216933;0.20615115197285613
2020-12-04 09:00:00;0.10628422909124663;0.2767471132271658
2020-12-04 10:00:00;0.15900863269284324;0.24451376347616705
2020-12-04 11:00:00;0.12030075187969924;0.2583593279702293
2020-12-04 12:00:00;0.15418175067297873;0.23920538499425384
2020-12-04 13:00:00;0.15993687923512484;0.2520111640124774
2020-12-04 14:00:00;0.13208948296667594;0.2541454605155147
2020-12-04 15:00:00;0.1568736656455955;0.25053357412575933
2020-12-04 16:00:00;0.14684860298895386;0.27247852022109126
2020-12-04 17:00:00;0.19558154645873943;0.2354840475017786
2020-12-04 18:00:00;0.20950524459296388;0.2228971706889947
2020-12-04 19:00:00;0.1754385964912281;0.23307612324194166
2020-12-04 20:00:00;0.15213960827995915;0.24057352377825209
2020-12-04 21:00:00;0.17998700454840805;0.22262354293219505
2020-12-04 22:00:00;0.18258609486679664;0.18661413013736114
2020-12-04 23:00:00;0.2109904390606145;0.15815684343019756
2020-12-05 00:00:00;0.1557597697948575;0.17118152465386088
2020-12-05 01:00:00;0.15501717256103223;0.1607836698954742
2020-12-05 02:00:00;0.14592035644667223;0.1607836698954742
2020-12-05 03:00:00;0.15510999721526036;0.14370929787117606
2020-12-05 04:00:00;0.12299266685231597;0.1446943577956548
2020-12-05 05:00:00;0.17330362944398034;0.11738630766704974
2020-12-05 06:00:00;0.19353940406571987;0.1004761122968314
2020-12-05 07:00:00;0.16123642439431912;0.1255404148196793
2020-12-05 08:00:00;0.2393947832544324;0.0675860559295135
2020-12-05 09:00:00;0.32321544602246355;0.06731242817271385
2020-12-05 10:00:00;0.3138401559454191;0.09877962020467357
2020-12-05 11:00:00;0.21730251554812957;0.14972910852076834
2020-12-05 12:00:00;0.21535319780933818;0.17019646472938216
2020-12-05 13:00:00;0.22537826046597978;0.20221091227494115
2020-12-05 14:00:00;0.1143599740090968;0.2356482241558584
2020-12-05 15:00:00;0.08344936415111853;0.26810047611229687
2020-12-05 16:00:00;0.1477768495312355;0.20297706999398019
2020-12-05 17:00:00;0.2561032210155017;0.1074262573195425
2020-12-05 18:00:00;0.2791237352640861;0.09007825753844471
2020-12-05 19:00:00;0.173117980135524;0.13588354402670608
2020-12-05 20:00:00;0.24747052817228254;0.09018770864116457
2020-12-05 21:00:00;0.20959806924719207;0.1114759481201773
2020-12-05 22:00:00;0.19762368885175904;0.121873802878564
2020-12-05 23:00:00;0.2097837185556484;0.1074262573195425
2020-12-06 00:00:00;0.2366100436275875;0.0854813112242106
2020-12-06 01:00:00;0.2563816949781862;0.08323756361845347
2020-12-06 02:00:00;0.31681054488072036;0.040223280249548514
2020-12-06 03:00:00;0.28357931866703795;0.0432879111257046
2020-12-06 04:00:00;0.23967325721711685;0.04793958299129864
2020-12-06 05:00:00;0.17051888981713542;0.04356153888250425
2020-12-06 06:00:00;0.19205420959806926;0.035845236140754126
2020-12-06 07:00:00;0.16123642439431912;0.06452142505335742
2020-12-06 08:00:00;0.18017265385686437;0.05472555135992995
2020-12-06 09:00:00;0.15900863269284324;0.05664094565752751
2020-12-06 10:00:00;0.14833379745660447;0.06096426421496197
2020-12-06 11:00:00;0.14332126612828366;0.07103376566518908
2020-12-06 12:00:00;0.15121136173767755;0.062277677447600294
2020-12-06 13:00:00;0.21358952937900308;0.06085481311224211
2020-12-06 14:00:00;0.15418175067297873;0.06506868056695672
2020-12-06 15:00:00;0.21145456233175533;0.03644721720571335
2020-12-06 16:00:00;0.3272997308085027;0.018223608602856677
2020-12-06 17:00:00;0.20922677063027942;0.031904996442839166
2020-12-06 18:00:00;0.3167177202264922;0.01565150768893997
2020-12-06 19:00:00;0.32822797735078435;0.01275105346686368
2020-12-06 20:00:00;0.2909124663510628;0.016362939856619057
2020-12-06 21:00:00;0.3352826510721248;0.005034750725113557
2020-12-06 22:00:00;0.3256288870323958;0.004542220762874188
2020-12-06 23:00:00;0.3070639561867632;0.005527280687352927
2020-12-07 00:00:00;0.31189083820662766;0.005527280687352927
2020-12-07 01:00:00;0.3247934651443423;0.01275105346686368
2020-12-07 02:00:00;0.19715956558061823;0.08673999890548899
2020-12-07 03:00:00;0.1648565859092175;0.11191375253105676
2020-12-07 04:00:00;0.15873015873015875;0.116401247742571
2020-12-07 05:00:00;0.1836999907175346;0.16395775187435013
2020-12-07 06:00:00;0.29861691265200035;0.1512614239588464
2020-12-07 07:00:00;0.33221943748259536;0.17703715864937342
2020-12-07 08:00:00;0.29833843868931587;0.17167405461610025
2020-12-07 09:00:00;0.31086976701011787;0.15793794122475785
2020-12-07 10:00:00;0.23725981620718464;0.18579324686696222
2020-12-07 11:00:00;0.2746681518611343;0.1605647676900345
2020-12-07 12:00:00;0.425415390327671;0.040223280249548514
2020-12-07 13:00:00;0.39961013645224175;0.033601488534997
2020-12-07 14:00:00;0.4091710758377425;0.035243255075794885
2020-12-07 15:00:00;0.4548408057179987;0.019810649592294644
2020-12-07 16:00:00;0.46143135616819825;0.008099381601269634
2020-12-07 17:00:00;0.4527986633249791;0.004104416351994748
2020-12-07 18:00:00;0.41381230854915063;0.004487495211514258
2020-12-07 19:00:00;0.38587208762647357;0.003994965249274888
2020-12-07 20:00:00;0.3981249419845911;0.004323318557434468
2020-12-07 21:00:00;0.3741761811937251;0.004925299622393697
2020-12-07 22:00:00;0.3421516754850088;0.018880315219175835
2020-12-07 23:00:00;0.33221943748259536;0.04651671865594046
2020-12-08 00:00:00;0.24227234753550544;0.10611284408690419
2020-12-08 01:00:00;0.2326185834957765;0.09642642149619658
2020-12-08 02:00:00;0.1706117144713636;0.11317244021233515
2020-12-08 03:00:00;0.26046597976422536;0.050128605045695836
2020-12-08 04:00:00;0.28181565023670285;0.018387785256936465
2020-12-08 05:00:00;0.20393576533927413;0.020084277349094293
2020-12-08 06:00:00;0.24663510628422908;0.010014775898867182
2020-12-08 07:00:00;0.32841362665924073;0.005636731790072787
2020-12-08 08:00:00;0.2954608744082428;0.005198927379193347
2020-12-08 09:00:00;0.29991645781119464;0.01149236578558529
2020-12-08 10:00:00;0.2892416225749559;0.020631532862693595
2020-12-08 11:00:00;0.2751322751322751;0.033163684124117555
2020-12-08 12:00:00;0.2666852315975123;0.02687024571772561
2020-12-08 13:00:00;0.26501438782140535;0.028128933399004
2020-12-08 14:00:00;0.2694699712243572;0.03157664313467958
2020-12-08 15:00:00;0.2807017543859649;0.015049526623980737
2020-12-08 16:00:00;0.3055787617191126;0.005691457341432717
2020-12-08 17:00:00;0.3418732015223243;0.0037760630438351678
2020-12-08 18:00:00;0.28887032395804324;0.004596946314234118
2020-12-08 19:00:00;0.28237259816207183;0.008373009358069285
2020-12-08 20:00:00;0.2846932145177759;0.011711267991025011
2020-12-08 21:00:00;0.2803304557690523;0.01258687681278389
2020-12-08 22:00:00;0.2618583495776478;0.007716302741750124
2020-12-08 23:00:00;0.2721618861969739;0.007278498330870685
2020-12-09 00:00:00;0.29638912095052444;0.0075521260876703356
2020-12-09 01:00:00;0.2380952380952381;0.0053631040332731365
2020-12-09 02:00:00;0.2752250997865033;0.0053631040332731365
2020-12-09 03:00:00;0.2576812401373805;0.005965085098232367
2020-12-09 04:00:00;0.3205235310498468;0.006731242817271385
2020-12-09 05:00:00;0.3814165042235218;0.006457615060471735
2020-12-09 06:00:00;0.41901048918592776;0.006950145022711105
2020-12-09 07:00:00;0.47498375568551005;0.008099381601269634
2020-12-09 08:00:00;0.36637891023855934;0.007716302741750124
2020-12-09 09:00:00;0.3504130697113153;0.010397854758386692
2020-12-09 10:00:00;0.3174603174603175;0.013790838942702348
2020-12-09 11:00:00;0.28005198180636776;0.026104087998686586
2020-12-09 12:00:00;0.29611064698783995;0.030865210967000498
2020-12-09 13:00:00;0.29137658962220364;0.03163136868603952
2020-12-09 14:00:00;0.2951824004455583;0.034422371805395945
2020-12-09 15:00:00;0.29536804975401465;0.030865210967000498
2020-12-09 16:00:00;0.2937900306321359;0.029497072183002248
2020-12-09 17:00:00;0.35022742040285904;0.009795873693427463
2020-12-09 18:00:00;0.3052074631022;0.02659661796092596
2020-12-09 19:00:00;0.2551749744732201;0.04739232747769934
2020-12-09 20:00:00;0.2657569850552307;0.036337766102993496
2020-12-09 21:00:00;0.2598162071846282;0.03683029606523286
2020-12-09 22:00:00;0.2516476376125499;0.03951184808186943
2020-12-09 23:00:00;0.21720969089390144;0.051113664970174576
2020-12-10 00:00:00;0.23586744639376217;0.04011382914682866
2020-12-10 01:00:00;0.21006219251833289;0.0414819679308269
2020-12-10 02:00:00;0.21108326371484268;0.04027800580090844
2020-12-10 03:00:00;0.20551378446115287;0.043616264433864176
2020-12-10 04:00:00;0.1449921099043906;0.06862584140535216
2020-12-10 05:00:00;0.21516754850088182;0.035899961692114055
2020-12-10 06:00:00;0.2546180265478511;0.019865375143654572
2020-12-10 07:00:00;0.3010303536619326;0.011328189131505502
2020-12-10 08:00:00;0.31365450663696276;0.009741148142067533
2020-12-10 09:00:00;0.28385779262972244;0.03130301537787994
2020-12-10 10:00:00;0.2671493548686531;0.04378044108794396
2020-12-10 11:00:00;0.2736470806646245;0.046845071964100045
2020-12-10 12:00:00;0.2624152975030168;0.05893941881464457
2020-12-10 13:00:00;0.2652000371298617;0.06446669950199749
2020-12-10 14:00:00;0.24552121043349115;0.06528758277239645
2020-12-10 15:00:00;0.27355425601039635;0.03907404367098999
2020-12-10 16:00:00;0.32005940777870606;0.013134132326383191
2020-12-10 17:00:00;0.3509700176366843;0.006293438406391945
2020-12-10 18:00:00;0.35830316532070916;0.006457615060471735
2020-12-10 19:00:00;0.38587208762647357;0.006348163957751876
2020-12-10 20:00:00;0.39673257217116864;0.006293438406391945
2020-12-10 21:00:00;0.3854079643553328;0.006895419471351176
2020-12-10 22:00:00;0.3755685510071475;0.007278498330870685
2020-12-10 23:00:00;0.3744546551564096;0.006676517265911456
2020-12-11 00:00:00;0.36461524180822424;0.007169047228150824
2020-12-11 01:00:00;0.35737491877842753;0.008537186012149074
2020-12-11 02:00:00;0.2765246449456976;0.04197449789306627
2020-12-11 03:00:00;0.18407128933444725;0.08783450993268758
2020-12-11 04:00:00;0.16931216931216933;0.10064028895091119
2020-12-11 05:00:00;0.16114359974009096;0.11114759481201773
2020-12-11 06:00:00;0.15724496426250814;0.11481420675313304
2020-12-11 07:00:00;0.1861134317274668;0.10819241503858151
2020-12-11 08:00:00;0.18741297688666111;0.10841131724402123
2020-12-11 09:00:00;0.20180079829202638;0.09128221966836317
2020-12-11 10:00:00;0.20653485565766266;0.07924259836917857
2020-12-11 11:00:00;0.22018007982920265;0.07185464893558803
2020-12-11 12:00:00;0.2233361180729602;0.07201882558966782
2020-12-11 13:00:00;0.21061914044370186;0.07404367098998524
2020-12-11 14:00:00;0.21693121693121692;0.073441689925026
2020-12-11 15:00:00;0.23029796714007242;0.06249657965304001
2020-12-11 16:00:00;0.24979114452798662;0.05313851037049199
2020-12-11 17:00:00;0.2827438967789845;0.039840201390029
2020-12-11 18:00:00;0.2846932145177759;0.04717342527225963
2020-12-11 19:00:00;0.2391163092917479;0.07322278771958628
2020-12-11 20:00:00;0.22259352083913486;0.07574016308214306
2020-12-11 21:00:00;0.24858442402302053;0.05981502763640345
2020-12-11 22:00:00;0.26046597976422536;0.048924642915777375
2020-12-11 23:00:00;0.2731829573934837;0.038909867016910196
2020-12-12 00:00:00;0.27977350784368327;0.032452251956438465
2020-12-12 01:00:00;0.2656641604010025;0.033875116291796646
2020-12-12 02:00:00;0.24858442402302053;0.0378153559897116
2020-12-12 03:00:00;0.21850923605309572;0.04503912876922236
2020-12-12 04:00:00;0.20737027754571613;0.042412302303945715
2020-12-12 05:00:00;0.2062563816949782;0.03551688283259454
2020-12-12 06:00:00;0.22760605216745566;0.021178788376292893
2020-12-12 07:00:00;0.2174881648565859;0.018333059705576533
2020-12-12 08:00:00;0.22537826046597978;0.011656542439665083
2020-12-12 09:00:00;0.2217580989510814;0.012367974607344172
2020-12-12 10:00:00;0.23967325721711685;0.016089312099819408
2020-12-12 11:00:00;0.26529286178408984;0.018168883051496748
2020-12-12 12:00:00;0.3214517775921285;0.02905926777212281
2020-12-12 13:00:00;0.34261579875614967;0.04197449789306627
2020-12-12 14:00:00;0.3544045298431263;0.033163684124117555
2020-12-12 15:00:00;0.387821405365265;0.016964920921578287
2020-12-12 16:00:00;0.3777035180543952;0.026104087998686586
2020-12-12 17:00:00;0.3619233268356075;0.020467356208613802
2020-12-12 18:00:00;0.3421516754850088;0.005800908444152576
2020-12-12 19:00:00;0.3248862897985705;0.005527280687352927
2020-12-12 20:00:00;0.31309755871159384;0.006457615060471735
2020-12-12 21:00:00;0.315510999721526;0.006950145022711105
2020-12-12 22:00:00;0.3030724960549522;0.007333223882230616
2020-12-12 23:00:00;0.2723475355054302;0.0074974005363104045
2020-12-13 00:00:00;0.2458925090504038;0.009467520385267884
2020-12-13 01:00:00;0.20542095980692474;0.0075521260876703356
2020-12-13 02:00:00;0.18082242643646151;0.0075521260876703356
2020-12-13 03:00:00;0.1929824561403509;0.0075521260876703356
2020-12-13 04:00:00;0.21572449642625083;0.0067859683686313154
2020-12-13 05:00:00;0.22240787153067854;0.007004870574071035
2020-12-13 06:00:00;0.227234753550543;0.006293438406391945
2020-12-13 07:00:00;0.28701383087348;0.010397854758386692
2020-12-13 08:00:00;0.26297224542838576;0.028730914463963225
2020-12-13 09:00:00;0.22222222222222224;0.06802386034039294
2020-12-13 10:00:00;0.1788731086976701;0.11361024462321458
2020-12-13 11:00:00;0.21563167177202264;0.1021178788376293
2020-12-13 12:00:00;0.24347906804047154;0.10074974005363105
2020-12-13 13:00:00;0.3037222686345493;0.08542658567285066
2020-12-13 14:00:00;0.28255824747052816;0.11125704591473759
2020-12-13 15:00:00;0.1914044370184721;0.15607727247852024
2020-12-13 16:00:00;0.1246635106284229;0.2009522245936628
2020-12-13 17:00:00;0.15186113431727466;0.19028074207847642
2020-12-13 18:00:00;0.11231783161607722;0.2327477699337821
2020-12-13 19:00:00;0.07240323029796714;0.26623980736605923
2020-12-13 20:00:00;0.07045391255917571;0.26706069063645815
2020-12-13 21:00:00;0.06469878399702962;0.26985169375581464
2020-12-13 22:00:00;0.0607073238652186;0.2760904066108466
2020-12-13 23:00:00;0.052353104984683936;0.28358780714715703
2020-12-14 00:00:00;0.05458089668615984;0.2863240847151535
2020-12-14 01:00:00;0.05086791051703333;0.2886772834236305
2020-12-14 02:00:00;0.044277360066833756;0.28347835604443716
2020-12-14 03:00:00;0.03777963427086234;0.2729163246319707
2020-12-14 04:00:00;0.04780469692750395;0.24511574454112625
2020-12-14 05:00:00;0.0614499210990439;0.22760356810594867
2020-12-14 06:00:00;0.1613292490485473;0.1710173479997811
2020-12-14 07:00:00;0.1784089854265293;0.15848519673835712
2020-12-14 08:00:00;0.20746310219994432;0.14354512121709628
2020-12-14 09:00:00;0.2493270212568458;0.13763476167022382
2020-12-14 10:00:00;0.22547108512020794;0.14009741148142066
2020-12-14 11:00:00;0.23531049846839322;0.14814206753133038
2020-12-14 12:00:00;0.21228998421980877;0.16762436381546544
2020-12-14 13:00:00;0.2263065070082614;0.16341049636075083
2020-12-14 14:00:00;0.29156223893065997;0.1454605155146938
2020-12-14 15:00:00;0.3286921006219252;0.1286597712471953
2020-12-14 16:00:00;0.39506172839506176;0.09144639632244296
2020-12-14 17:00:00;0.34595748630836354;0.11125704591473759
2020-12-14 18:00:00;0.25396825396825395;0.15394297597548295
2020-12-14 19:00:00;0.1809152510906897;0.16554479286378812
2020-12-14 20:00:00;0.20634920634920634;0.12674437694959778
2020-12-14 21:00:00;0.22064420310034344;0.11027198599025885
2020-12-14 22:00:00;0.21293975679940594;0.10589394188146445
2020-12-14 23:00:00;0.13023298988211268;0.16045531658731463
2020-12-15 00:00:00;0.14230019493177387;0.1379631149783834
2020-12-15 01:00:00;0.12522045855379188;0.13385869862638866
2020-12-15 02:00:00;0.10739812494198457;0.13511738630766704
2020-12-15 03:00:00;0.1136173767752715;0.121873802878564
2020-12-15 04:00:00;0.1324607815835886;0.10857549389810103
2020-12-15 05:00:00;0.2415297503016801;0.06107371531768183
2020-12-15 06:00:00;0.36220180079829206;0.02276582936573086
2020-12-15 07:00:00;0.39506172839506176;0.021397690581732614
2020-12-15 08:00:00;0.3280423280423281;0.020248454003174085
2020-12-15 09:00:00;0.320616355704075;0.022218573852131565
2020-12-15 10:00:00;0.3104984683932053;0.024462321457888694
2020-12-15 11:00:00;0.3044648658683747;0.02851201225852351
2020-12-15 12:00:00;0.3233082706766917;0.033437311880917205
2020-12-15 13:00:00;0.370741668987283;0.030208504350681332
2020-12-15 14:00:00;0.32321544602246355;0.05182509713785367
2020-12-15 15:00:00;0.398032117330363;0.035845236140754126
2020-12-15 16:00:00;0.4876079086605402;0.016253488753899197
2020-12-15 17:00:00;0.4826882019864476;0.020248454003174085
2020-12-15 18:00:00;0.43451220644203103;0.032452251956438465
2020-12-15 19:00:00;0.4132553606237817;0.021507141684452474
2020-12-15 20:00:00;0.46328784925276156;0.006348163957751876
2020-12-15 21:00:00;0.43776106934001674;0.009248618179828163
2020-12-15 22:00:00;0.4184535412605588;0.010890384720626062
2020-12-15 23:00:00;0.4040657198551935;0.012367974607344172
2020-12-16 00:00:00;0.3534762833008447;0.02298473157117058
2020-12-16 01:00:00;0.3235867446393762;0.032178624199638815
2020-12-16 02:00:00;0.31792444073145826;0.03376566518907678
2020-12-16 03:00:00;0.2791237352640861;0.04569583538554151
2020-12-16 04:00:00;0.2731829573934837;0.04082526131450775
2020-12-16 05:00:00;0.2530400074259723;0.05040223280249549
2020-12-16 06:00:00;0.2543395525851666;0.05642204345208779
2020-12-16 07:00:00;0.3100343451220644;0.050621135007935206
2020-12-16 08:00:00;0.30687830687830686;0.05478027691128989
2020-12-16 09:00:00;0.31708901884340485;0.045312756526022
2020-12-16 10:00:00;0.27958785853522694;0.076561046352542
2020-12-16 11:00:00;0.2714192889631486;0.10852076834674108
2020-12-16 12:00:00;0.2702125684581825;0.12838614349039565
2020-12-16 13:00:00;0.2376311148240973;0.15153505171564602
2020-12-16 14:00:00;0.2687273739905319;0.13489848410222732
2020-12-16 15:00:00;0.24635663232154462;0.12061511519728561
2020-12-16 16:00:00;0.2897057458460967;0.08531713457013079
2020-12-16 17:00:00;0.3578390420495684;0.032452251956438465
2020-12-16 18:00:00;0.37547572635291937;0.01395501559678214
2020-12-16 19:00:00;0.4090782511835143;0.016198763202539265
2020-12-16 20:00:00;0.3866146848602989;0.02435287035516883
2020-12-16 21:00:00;0.3278566787338717;0.05696929896568708
2020-12-16 22:00:00;0.22658498097094587;0.10961527937393968
2020-12-16 23:00:00;0.1650422352176738;0.13533628851310678
2020-12-17 00:00:00;0.11649494105634454;0.1571717835057188
2020-12-17 01:00:00;0.11519539589715028;0.15607727247852024
2020-12-17 02:00:00;0.12837649679754942;0.15607727247852024
2020-12-17 03:00:00;0.1467557783347257;0.12619712143599845
2020-12-17 04:00:00;0.12939756799405921;0.13342089421550923
2020-12-17 05:00:00;0.16810544880720318;0.11388387238001423
2020-12-17 06:00:00;0.30966304650515175;0.06380999288567833
2020-12-17 07:00:00;0.3566323215446022;0.04388989219066382
2020-12-17 08:00:00;0.3444722918407129;0.09029715974388443
2020-12-17 09:00:00;0.31690336953494846;0.08635692004596947
2020-12-17 10:00:00;0.23800241344100992;0.1483609697367701
2020-12-17 11:00:00;0.20124385036665737;0.1854101680074427
2020-12-17 12:00:00;0.23790958878678178;0.18349477370984515
2020-12-17 13:00:00;0.2267706302794022;0.19318119630055272
2020-12-17 14:00:00;0.271047990346236;0.1797734362173699
2020-12-17 15:00:00;0.29165506358488813;0.1693755814589832
2020-12-17 16:00:00;0.2997308085027383;0.14737590981229137
2020-12-17 17:00:00;0.29713171818434975;0.1370327806052646
2020-12-17 18:00:00;0.28914879792072773;0.12690855360367756
2020-12-17 19:00:00;0.3256288870323958;0.10064028895091119
2020-12-17 20:00:00;0.3555184256938643;0.051277841624254375
2020-12-17 21:00:00;0.3268356075373619;0.05740710337656652
2020-12-17 22:00:00;0.3143042792165599;0.05800908444152576
2020-12-17 23:00:00;0.3154181750672979;0.05056640945657528
2020-12-18 00:00:00;0.24208669822704912;0.08652109670004926
2020-12-18 01:00:00;0.2242643646152418;0.09199365183604225
2020-12-18 02:00:00;0.2071846282372598;0.08936682537076561
2020-12-18 03:00:00;0.18555648380209785;0.09976468012915231
2020-12-18 04:00:00;0.13255360623781676;0.12253050949488317
2020-12-18 05:00:00;0.12949039264828738;0.12953538006895418
2020-12-18 06:00:00;0.1374733129119094;0.1341323263831883
2020-12-18 07:00:00;0.20300751879699247;0.11295353800689543
2020-12-18 08:00:00;0.2473777035180544;0.12384392272752148
2020-12-18 09:00:00;0.26102292768959434;0.130465714442073
2020-12-18 10:00:00;0.29481110182864567;0.11689377770481038
2020-12-18 11:00:00;0.25870231133389027;0.15186340502380563
2020-12-18 12:00:00;0.2501624431448993;0.18699720899688066
2020-12-18 13:00:00;0.264828738512949;0.17424615553001696
2020-12-18 14:00:00;0.17952288127726723;0.19608165052262902
2020-12-18 15:00:00;0.29917386057736933;0.1502216384830077
2020-12-18 16:00:00;0.2415297503016801;0.17233076123241942
2020-12-18 17:00:00;0.19186856028961294;0.20483773874021782
2020-12-18 18:00:00;0.19233268356075375;0.20533026870245716
2020-12-18 19:00:00;0.16745567622760607;0.22442948612707272
2020-12-18 20:00:00;0.17051888981713542;0.21983253981283862
2020-12-18 21:00:00;0.147498375568551;0.22338970065123406
2020-12-18 22:00:00;0.15111853708344936;0.2102555683248509
2020-12-18 23:00:00;0.14703425229741018;0.19323592185191268
2020-12-19 00:00:00;0.17469599925740276;0.16308214305259125
2020-12-19 01:00:00;0.14062935115566694;0.15908717780331638
2020-12-19 02:00:00;0.11862990810359231;0.1768182564439337
2020-12-19 03:00:00;0.10498468393205233;0.1790620040496908
2020-12-19 04:00:00;0.08214981899192425;0.19400207957095167
2020-12-19 05:00:00;0.08150004641232711;0.20308652109670006
2020-12-19 06:00:00;0.10832637148426622;0.18831062222951894
2020-12-19 07:00:00;0.11955815464587392;0.18130575165544796
2020-12-19 08:00:00;0.1392369813422445;0.15859464784107702
2020-12-19 09:00:00;0.14137194838949224;0.15284846494828436
2020-12-19 10:00:00;0.14313561681982734;0.1535051715646035
2020-12-19 11:00:00;0.13338902812587022;0.16455973293930937
2020-12-19 12:00:00;0.12410656270305392;0.17824112077929186
2020-12-19 13:00:00;0.20430706395618678;0.1598533355223554
2020-12-19 14:00:00;0.22816300009282467;0.14535106441197396
2020-12-19 15:00:00;0.2097837185556484;0.14918185300716905
2020-12-19 16:00:00;0.21535319780933818;0.14814206753133038
2020-12-19 17:00:00;0.2628794207741576;0.12389864827888142
2020-12-19 18:00:00;0.23391812865497078;0.14628139878509278
2020-12-19 19:00:00;0.18704167826974846;0.16685820609642643
2020-12-19 20:00:00;0.19029054116773414;0.163301045258031
2020-12-19 21:00:00;0.22537826046597978;0.14075411809773983
2020-12-19 22:00:00;0.22909124663510627;0.13604772068078586
2020-12-19 23:00:00;0.11965097930010209;0.17774859081705252
2020-12-20 00:00:00;0.11482409728023762;0.1785147485360915
2020-12-20 01:00:00;0.117887310869767;0.17982816176872982
2020-12-20 02:00:00;0.09690893901420217;0.18146992830952774
2020-12-20 03:00:00;0.11092546180265478;0.15919662890603622
2020-12-20 04:00:00;0.11027568922305762;0.16215180867947246
2020-12-20 05:00:00;0.12986169126520003;0.15372407377004324
2020-12-20 06:00:00;0.11547386985983477;0.1582115689815575
2020-12-20 07:00:00;0.1346885732850645;0.15377879932140315
2020-12-20 08:00:00;0.1726538568643832;0.1286050456958354
2020-12-20 09:00:00;0.16717720226492158;0.12367974607344169
2020-12-20 10:00:00;0.17488164856585908;0.13314726645870956
2020-12-20 11:00:00;0.17079736377981994;0.1465550265418924
2020-12-20 12:00:00;0.16476376125498932;0.18064904503912876
2020-12-20 13:00:00;0.14155759769794857;0.2314890822525037
2020-12-20 14:00:00;0.15873015873015875;0.22815082361954797
2020-12-20 15:00:00;0.1979949874686717;0.19400207957095167
2020-12-20 16:00:00;0.25703146755778333;0.1366497017457451
2020-12-20 17:00:00;0.27531792444073144;0.13221693208559077
2020-12-20 18:00:00;0.2563816949781862;0.13199802988015102
2020-12-20 19:00:00;0.2714192889631486;0.12291358835440266
2020-12-20 20:00:00;0.2500696184906711;0.13560991626990643
2020-12-20 21:00:00;0.20235774621739533;0.160947846549554
2020-12-20 22:00:00;0.15019029054116773;0.1981064959229464
2020-12-20 23:00:00;0.10108604845446949;0.23909593389153397
2020-12-21 00:00:00;0.09551656920077972;0.25179226180703773
2020-12-21 01:00:00;0.12197159565580616;0.19892737919334538
2020-12-21 02:00:00;0.1794300566230391;0.19892737919334538
2020-12-21 03:00:00;0.17766638819270397;0.12630657253871833
2020-12-21 04:00:00;0.2047711872273276;0.12329666721392217
2020-12-21 05:00:00;0.15891580803861505;0.14058994144366005
2020-12-21 06:00:00;0.16522788452613013;0.13216220653423083
2020-12-21 07:00:00;0.16346421609579503;0.13785366387566353
2020-12-21 08:00:00;0.17079736377981994;0.14425655338477536
2020-12-21 09:00:00;0.15659519168291097;0.1524106605374049
2020-12-21 10:00:00;0.16745567622760607;0.15137087506156627
2020-12-21 11:00:00;0.14870509607351712;0.18081322169320857
2020-12-21 12:00:00;0.14081500046412326;0.21446943577956548
2020-12-21 13:00:00;0.12030075187969924;0.23209106331746293
2020-12-21 14:00:00;0.15343915343915343;0.22163848300771632
2020-12-21 15:00:00;0.11844425879513598;0.2630657253871833
2020-12-21 16:00:00;0.10962591664346048;0.274995895583648
2020-12-21 17:00:00;0.11872273275782047;0.25606085481311225
2020-12-21 18:00:00;0.1753457718369999;0.19744978930662727
2020-12-21 19:00:00;0.2121971595655806;0.146883379850052
2020-12-21 20:00:00;0.1964169683467929;0.13221693208559077
2020-12-21 21:00:00;0.1861134317274668;0.11831664204016855
2020-12-21 22:00:00;0.165135059871902;0.13260001094511029
2020-12-21 23:00:00;0.11111111111111109;0.17818639522793195
2020-12-22 00:00:00;0.07630186577555;0.21107645159524985
2020-12-22 01:00:00;0.0664624524273647;0.26684178843101847
2020-12-22 02:00:00;0.06414183607166063;0.2793739396924424
2020-12-22 03:00:00;0.04650515176830967;0.29732392053849943
2020-12-22 04:00:00;0.06107862248213125;0.29546325179226185
2020-12-22 05:00:00;0.08029332590736098;0.28648826136923333
2020-12-22 06:00:00;0.1128747795414462;0.2895528922453894
2020-12-22 07:00:00;0.12011510257124292;0.2985278826684179
2020-12-22 08:00:00;0.12884062006869024;0.30104525803097465
2020-12-22 09:00:00;0.16272161886196973;0.2738466590050895
2020-12-22 10:00:00;0.14257866889445836;0.18530071690472283
2020-12-22 11:00:00;0.15362480274760976;0.1624254364362721
2020-12-22 12:00:00;0.1700547665459946;0.17774859081705252
2020-12-22 13:00:00;0.19929453262786598;0.18168883051496745
2020-12-22 14:00:00;0.23475355054302424;0.1956985716631095
2020-12-22 15:00:00;0.2917478882391163;0.16822634488042468
2020-12-22 16:00:00;0.37668244685788543;0.12428172713840091
2020-12-22 17:00:00;0.4015594541910331;0.1021178788376293
2020-12-22 18:00:00;0.44203100343451224;0.018770864116455975
2020-12-22 19:00:00;0.37891023855936135;0.006731242817271385
2020-12-22 20:00:00;0.3854079643553328;0.01581568434301976
2020-12-22 21:00:00;0.3691636498654043;0.008044656049909704
2020-12-22 22:00:00;0.3865218602060707;0.009193892628468233
2020-12-22 23:00:00;0.31077694235588976;0.008537186012149074
2020-12-23 00:00:00;0.2600946811473127;0.03496962731899524
2020-12-23 01:00:00;0.25174046226677804;0.027308050128605047
2020-12-23 02:00:00;0.2432934187320152;0.019372845181415205
2020-12-23 03:00:00;0.23094773971966956;0.018278334154216605
2020-12-23 04:00:00;0.2415297503016801;0.01576095879165983
2020-12-23 05:00:00;0.2376311148240973;0.0168007442674985
2020-12-23 06:00:00;0.22185092360530959;0.03787008154107153
2020-12-23 07:00:00;0.27225471085120206;0.03754172823291194
2020-12-23 08:00:00;0.3236795692936044;0.0659442893887156
2020-12-23 09:00:00;0.26074445372690985;0.1375800361188639
2020-12-23 10:00:00;0.2759676970203286;0.14365457231981613
2020-12-23 11:00:00;0.3401095330919892;0.10934165161714005
2020-12-23 12:00:00;0.24125127633899565;0.15596782137580037
2020-12-23 13:00:00;0.265942634363687;0.19066382093799594
2020-12-23 14:00:00;0.2468207555926854;0.15892300114923658
2020-12-23 15:00:00;0.28357931866703795;0.13730640836206426
2020-12-23 16:00:00;0.3599740090968161;0.08170524818037543
2020-12-23 17:00:00;0.3418732015223243;0.07322278771958628
2020-12-23 18:00:00;0.2413441009932238;0.11837136759152848
2020-12-23 19:00:00;0.18499953587672885;0.15186340502380563
2020-12-23 20:00:00;0.1540889260187506;0.28134405954139985
2020-12-23 21:00:00;0.189640768588137;0.23044929677666504
2020-12-23 22:00:00;0.18267891952102477;0.23646910742625735
2020-12-23 23:00:00;0.13255360623781676;0.26985169375581464
2020-12-24 00:00:00;0.09208205699433769;0.2890056367317901
2020-12-24 01:00:00;0.11129676041956743;0.2600010945110272
2020-12-24 02:00:00;0.06442031003434512;0.28949816669402945
2020-12-24 03:00:00;0.07314582753179244;0.29491599627866255
2020-12-24 04:00:00;0.023391812865497078;0.3725715536584031
2020-12-24 05:00:00;0.022370741668987282;0.38067093525967277
2020-12-24 06:00:00;0.027011974380395435;0.3738849668910414
2020-12-24 07:00:00;0.06367771280051981;0.33880588846932636
2020-12-24 08:00:00;0.2892416225749559;0.2271110381437093
2020-12-24 09:00:00;0.3058572356817971;0.20281289333990044
2020-12-24 10:00:00;0.32943469785575047;0.19159415531111476
2020-12-24 11:00:00;0.31597512299266683;0.20653423083237565
2020-12-24 12:00:00;0.2807017543859649;0.22798664696546816
2020-12-24 13:00:00;0.2578668894458368;0.23652383297761725
2020-12-24 14:00:00;0.15056158915808038;0.29393093635418377
2020-12-24 15:00:00;0.2861784089854265;0.24237946697312976
2020-12-24 16:00:00;0.30056623039079183;0.2402998960214524
2020-12-24 17:00:00;0.26000185649308455;0.25004104416351997
2020-12-24 18:00:00;0.22342894272718833;0.2755431510972473
2020-12-24 19:00:00;0.19855193539404065;0.2915777376457068
2020-12-24 20:00:00;0.18676320430706395;0.2809062551305204
2020-12-24 21:00:00;0.17701661561310683;0.27877195862748316
2020-12-24 22:00:00;0.1887125220458554;0.26388660865758223
2020-12-24 23:00:00;0.1543673999814351;0.2901001477589887
2020-12-25 00:00:00;0.13830873479996286;0.2722048924642916
2020-12-25 01:00:00;0.1161236424394319;0.27045367482077387
2020-12-25 02:00:00;0.1118537083449364;0.27045367482077387
2020-12-25 03:00:00;0.08567715585259443;0.26760794615005745
2020-12-25 04:00:00;0.10340666481017356;0.220325069775078
2020-12-25 05:00:00;0.09347442680776012;0.32227877195862753
2020-12-25 06:00:00;0.0800148519446765;0.3472336233787555
2020-12-25 07:00:00;0.11092546180265478;0.30427406556121056
2020-12-25 08:00:00;0.16160772301123177;0.24199638811361024
2020-12-25 09:00:00;0.1794300566230391;0.22990204126306574
2020-12-25 10:00:00;0.19372505337417617;0.24779729655776284
2020-12-25 11:00:00;0.23818806274946625;0.2769112898812456
2020-12-25 12:00:00;0.20941241993873574;0.32627373720790237
2020-12-25 13:00:00;0.19818063677712802;0.32857221036501943
2020-12-25 14:00:00;0.21878771001578018;0.30865210967000495
2020-12-25 15:00:00;0.2515548129583217;0.2776774476002846
2020-12-25 16:00:00;0.25777406479160864;0.2594538389974279
2020-12-25 17:00:00;0.18527800983941334;0.28418978821211627
2020-12-25 18:00:00;0.19084748909310315;0.2583046024188694
2020-12-25 19:00:00;0.22621368235403322;0.19684780824166803
2020-12-25 20:00:00;0.3985890652557319;0.11930170196464729
2020-12-25 21:00:00;0.3212661282836721;0.14392820007661578
2020-12-25 22:00:00;0.2761533463287849;0.14316204235757676
2020-12-25 23:00:00;0.32794950338809986;0.10425217534066655
2020-12-26 00:00:00;0.2951824004455583;0.1131177146609752
2020-12-26 01:00:00;0.11844425879513598;0.23542932195041863
2020-12-26 02:00:00;0.07528079457904019;0.2543643627209544
2020-12-26 03:00:00;0.0779727095516569;0.2433645268976085
2020-12-26 04:00:00;0.11909403137473312;0.20522081759973732
2020-12-26 05:00:00;0.1399795785760698;0.20489246429157773
2020-12-26 06:00:00;0.08911166805903648;0.2546379904777541
2020-12-26 07:00:00;0.09486679662118257;0.2573742680457506
2020-12-26 08:00:00;0.10776942355889724;0.24489684233568654
2020-12-26 09:00:00;0.10795507286735355;0.24823510096864226
2020-12-26 10:00:00;0.130418639190569;0.23997154271329285
2020-12-26 11:00:00;0.17153996101364521;0.2367974607344169
2020-12-26 12:00:00;0.17599554441659704;0.23865812948065454
2020-12-26 13:00:00;0.1851851851851852;0.2378919717616155
2020-12-26 14:00:00;0.18017265385686437;0.23854867837793464
2020-12-26 15:00:00;0.1851851851851852;0.23094182673890437
2020-12-26 16:00:00;0.1633713914415669;0.23154380780386366
2020-12-26 17:00:00;0.1289334447229184;0.25020522081759977
2020-12-26 18:00:00;0.10192147034252295;0.26755322059869757
2020-12-26 19:00:00;0.09644481574306134;0.27997592075740163
2020-12-26 20:00:00;0.10906896871809152;0.2714387347452526
2020-12-26 21:00:00;0.13125406107862247;0.2603294478191868
2020-12-26 22:00:00;0.12856214610600575;0.2683741038690965
2020-12-26 23:00:00;0.10572728116587764;0.27313522683741037
2020-12-27 00:00:00;0.08939014202172095;0.2755431510972473
2020-12-27 01:00:00;0.07128933444722918;0.28101570623324035
2020-12-27 02:00:00;0.05903648008911167;0.2822743939145187
2020-12-27 03:00:00;0.050682261208576995;0.29819952936025834
2020-12-27 04:00:00;0.04000742597233826;0.3199802988015104
2020-12-27 05:00:00;0.03805810823354683;0.3310348601762163
2020-12-27 06:00:00;0.046133853151397015;0.33393531439829255
2020-12-27 07:00:00;0.04696927503945048;0.3362337875554096
2020-12-27 08:00:00;0.0514248584424023;0.33174629234389535
2020-12-27 09:00:00;0.06377053745474798;0.33278607781973407
2020-12-27 10:00:00;0.06302794022092267;0.33076123241941663
2020-12-27 11:00:00;0.08595562981527893;0.32342800853718606
2020-12-27 12:00:00;0.09960085398681888;0.32036337766102996
2020-12-27 13:00:00;0.13533834586466165;0.2997865703496963
2020-12-27 14:00:00;0.14081500046412326;0.2913588354402671
2020-12-27 15:00:00;0.2273275782047712;0.24287199693536912
2020-12-27 16:00:00;0.21850923605309572;0.2567175614294314
2020-12-27 17:00:00;0.1753457718369999;0.2546379904777541
2020-12-27 18:00:00;0.17042606516290726;0.2544738138236743
2020-12-27 19:00:00;0.20616355704075;0.2292453346467466
2020-12-27 20:00:00;0.24644945697577275;0.21260876703332787
2020-12-27 21:00:00;0.26455026455026454;0.18316642040168554
2020-12-27 22:00:00;0.2217580989510814;0.19318119630055272
2020-12-27 23:00:00;0.2164670936600761;0.1951513161495102
2020-12-28 00:00:00;0.2808874036944212;0.12887867345263504
2020-12-28 01:00:00;0.18889817135431172;0.1489082252503694
2020-12-28 02:00:00;0.12327114081500046;0.17566901986537517
2020-12-28 03:00:00;0.15418175067297873;0.17813166967657199
2020-12-28 04:00:00;0.16392833936693585;0.19383790291687192
2020-12-28 05:00:00;0.1788731086976701;0.20215618672358124
2020-12-28 06:00:00;0.1171447136359417;0.24916543534176108
2020-12-28 07:00:00;0.09802283486494011;0.2802495485142013
2020-12-28 08:00:00;0.14731272626009467;0.2516280851529579
2020-12-28 09:00:00;0.15900863269284324;0.22508619274339187
2020-12-28 10:00:00;0.1729323308270677;0.22174793411043614
2020-12-28 11:00:00;0.1552956465237167;0.2561155803644722
2020-12-28 12:00:00;0.13097558711593799;0.2821102172604389
2020-12-28 13:00:00;0.14768402487700732;0.2626279209763039
2020-12-28 14:00:00;0.14879792072774528;0.24216056476769005
2020-12-28 15:00:00;0.1834215167548501;0.19580802276582937
2020-12-28 16:00:00;0.23317553142114544;0.1564056257866798
2020-12-28 17:00:00;0.2596305578761719;0.13238110873967054
2020-12-28 18:00:00;0.3010303536619326;0.10715262956274284
2020-12-28 19:00:00;0.2932330827067669;0.0982870902424342
2020-12-28 20:00:00;0.24719205420959808;0.12121709626224485
2020-12-28 21:00:00;0.19929453262786598;0.13369452197230888
2020-12-28 22:00:00;0.20059407778706023;0.12707273025775734
2020-12-28 23:00:00;0.17627401837928156;0.18458928473704375
2020-12-29 00:00:00;0.14053652650143877;0.17763913971433265
2020-12-29 01:00:00;0.14359974009096815;0.16970393476714277
2020-12-29 02:00:00;0.24013738048825767;0.16970393476714277
2020-12-29 03:00:00;0.21414647730437203;0.1008591911563509
2020-12-29 04:00:00;0.1467557783347257;0.11366497017457451
2020-12-29 05:00:00;0.1875986261951174;0.12400809938160127
2020-12-29 06:00:00;0.26529286178408984;0.09839654134515406
2020-12-29 07:00:00;0.24914137194838948;0.11131177146609753
2020-12-29 08:00:00;0.2970388935301216;0.09598861708531714
2020-12-29 09:00:00;0.28181565023670285;0.1134460679691348
2020-12-29 10:00:00;0.32850645131346884;0.08624746894324961
2020-12-29 11:00:00;0.4079643553327764;0.06681989821047447
2020-12-29 12:00:00;0.3644295924997679;0.08099381601269634
2020-12-29 13:00:00;0.34261579875614967;0.0869589011109287
2020-12-29 14:00:00;0.35301216002970387;0.10200842773490944
2020-12-29 15:00:00;0.36405829388285527;0.08285448475893395
2020-12-29 16:00:00;0.25777406479160864;0.18809172002407923
2020-12-29 17:00:00;0.24979114452798662;0.18677830679144095
2020-12-29 18:00:00;0.26547851109254617;0.16603732282602748
2020-12-29 19:00:00;0.23447507658033975;0.19394735401959173
2020-12-29 20:00:00;0.28710665552770814;0.15722650905707877
2020-12-29 21:00:00;0.3230297967140073;0.1041427242379467
2020-12-29 22:00:00;0.30966304650515175;0.10386909648114706
2020-12-29 23:00:00;0.2307620904112132;0.13429650303726812
2020-12-30 00:00:00;0.22593520839134873;0.13987850927598094
2020-12-30 01:00:00;0.22157244964262507;0.15881355004651673
2020-12-30 02:00:00;0.165135059871902;0.1874350134077601
2020-12-30 03:00:00;0.1211361737677527;0.19646472938214854
2020-12-30 04:00:00;0.13979392926761347;0.17949980846057023
2020-12-30 05:00:00;0.17813051146384482;0.18185300716904726
2020-12-30 06:00:00;0.316624895572264;0.12876922234991517
2020-12-30 07:00:00;0.4050867910517033;0.10780933617906201
2020-12-30 08:00:00;0.3898635477582846;0.11973950637552673
2020-12-30 09:00:00;0.3150468764503852;0.1405352158923001
2020-12-30 10:00:00;0.28989139515455303;0.1628085152957916
2020-12-30 11:00:00;0.27531792444073144;0.17835057188201173
2020-12-30 12:00:00;0.19827346143135616;0.2503693974716795
2020-12-30 13:00:00;0.16197902162814445;0.27521479778908775
2020-12-30 14:00:00;0.18694885361552027;0.2526678706287966
2020-12-30 15:00:00;0.2575884154831523;0.19082799759207575
2020-12-30 16:00:00;0.2044927132646431;0.20511136649701744
2020-12-30 17:00:00;0.19855193539404065;0.23072292453346466
2020-12-30 18:00:00;0.24097280237631113;0.18278334154216605
2020-12-30 19:00:00;0.20764875150840062;0.22831500027362775
2020-12-30 20:00:00;0.23883783532906339;0.18393257812072458
2020-12-30 21:00:00;0.23113338902812589;0.1719476823728999
2020-12-30 22:00:00;0.28710665552770814;0.10507305861106551
2020-12-30 23:00:00;0.29963798384851015;0.12094346850544518
