DateTime;NO2;O3;P;SQ;WD;Wvh;dewP;temp
2018-08-01 00:00:00;0.24719205420959808;0.2102555683248509;0.7329545454545454;0.0;0.16666666666666666;0.08333333333333333;0.6294964028776978;0.42857142857142855
2018-08-01 01:00:00;0.25276153346328784;0.16324631970667106;0.7357954545454546;0.0;0.0;0.0;0.6151079136690647;0.42063492063492064
2018-08-01 02:00:00;0.2170240415854451;0.15394297597548295;0.7329545454545454;0.0;0.0;0.0;0.5935251798561151;0.40476190476190477
2018-08-01 03:00:00;0.1891766453169962;0.1258687681278389;0.7329545454545454;0.0;0.05555555555555555;0.08333333333333333;0.5935251798561151;0.40476190476190477
2018-08-01 04:00:00;0.24366471734892786;0.06238712855032015;0.734375;0.3;0.19444444444444445;0.08333333333333333;0.6402877697841727;0.4365079365079365
2018-08-01 05:00:00;0.2789380859556298;0.03962129918458929;0.7400568181818182;0.3;0.19444444444444445;0.0;0.7230215827338129;0.5423280423280423
2018-08-01 06:00:00;0.3368606701940035;0.050128605045695836;0.7457386363636364;0.7;0.0;0.08333333333333333;0.7230215827338129;0.6190476190476191
2018-08-01 07:00:00;0.41381230854915063;0.06014338094456302;0.7485795454545454;0.3;0.0;0.08333333333333333;0.7122302158273381;0.6640211640211641
2018-08-01 08:00:00;0.3906061449921099;0.11596344333169156;0.7485795454545454;0.9;0.9166666666666666;0.08333333333333333;0.6115107913669064;0.716931216931217
2018-08-01 09:00:00;0.2295553699062471;0.29103048213210747;0.7457386363636364;0.9;0.8611111111111112;0.16666666666666666;0.6187050359712231;0.7645502645502645
2018-08-01 10:00:00;0.18202914694142763;0.3212389864827888;0.7457386363636364;0.8;1.0;0.16666666666666666;0.6546762589928058;0.7777777777777778
2018-08-01 11:00:00;0.2335468300380581;0.307831226399606;0.7428977272727273;0.8;0.8333333333333334;0.25;0.6654676258992805;0.7962962962962963
2018-08-01 12:00:00;0.13255360623781676;0.37284518141520273;0.7428977272727273;0.7;0.9444444444444444;0.16666666666666666;0.6438848920863309;0.7857142857142857
2018-08-01 13:00:00;0.09867260744453725;0.43260548350024625;0.7400568181818182;0.4;0.75;0.16666666666666666;0.6474820143884892;0.8068783068783069
2018-08-01 14:00:00;0.11983662860855843;0.47200788047939585;0.7372159090909091;0.5;0.8611111111111112;0.16666666666666666;0.6654676258992805;0.8121693121693122
2018-08-01 15:00:00;0.1886196973916272;0.4636895966726865;0.734375;0.9;0.8333333333333334;0.25;0.6942446043165468;0.8095238095238095
2018-08-01 16:00:00;0.11835143414090782;0.5051168390521534;0.7315340909090909;1.0;0.8888888888888888;0.3333333333333333;0.7014388489208633;0.783068783068783
2018-08-01 17:00:00;0.15455304928989141;0.4702019372845182;0.7357954545454546;1.0;0.9444444444444444;0.3333333333333333;0.6870503597122302;0.7566137566137566
2018-08-01 18:00:00;0.14703425229741018;0.42571006402889505;0.7386363636363636;0.8;0.9444444444444444;0.25;0.6474820143884892;0.7063492063492064
2018-08-01 19:00:00;0.14814814814814814;0.32047282876374983;0.7485795454545454;0.0;0.9444444444444444;0.16666666666666666;0.6258992805755396;0.6666666666666666
2018-08-01 20:00:00;0.10062192518332869;0.341432714934603;0.75;0.0;0.9722222222222222;0.16666666666666666;0.6402877697841727;0.6243386243386243
2018-08-01 21:00:00;0.10164299637983848;0.3298856235976578;0.7528409090909091;0.0;0.9722222222222222;0.16666666666666666;0.6726618705035972;0.5740740740740741
2018-08-01 22:00:00;0.1236424394319131;0.30328900563673183;0.7528409090909091;0.0;0.9166666666666666;0.16666666666666666;0.6834532374100719;0.5740740740740741
2018-08-01 23:00:00;0.11120393576533925;0.28052317627100093;0.7514204545454546;0.0;0.9444444444444444;0.16666666666666666;0.7122302158273381;0.5423280423280423
2018-08-02 00:00:00;0.15371762740183795;0.21600175121764353;0.7542613636363636;0.0;0.9444444444444444;0.16666666666666666;0.762589928057554;0.5634920634920635
2018-08-02 01:00:00;0.14211454562331755;0.17971871066601;0.7542613636363636;0.0;0.9722222222222222;0.16666666666666666;0.7733812949640287;0.544973544973545
2018-08-02 02:00:00;0.12299266685231597;0.17971871066601;0.7528409090909091;0.0;1.0;0.16666666666666666;0.7553956834532374;0.5238095238095238
2018-08-02 03:00:00;0.12104334911352455;0.16423137963114978;0.7542613636363636;0.0;0.1111111111111111;0.08333333333333333;0.7266187050359713;0.5
2018-08-02 04:00:00;0.1410006497725796;0.15213703278060525;0.7542613636363636;0.2;0.16666666666666666;0.08333333333333333;0.7517985611510791;0.5185185185185185
2018-08-02 05:00:00;0.2220365729137659;0.1019537021835495;0.7571022727272727;0.3;0.1388888888888889;0.08333333333333333;0.7517985611510791;0.656084656084656
2018-08-02 06:00:00;0.25675299359509884;0.15405242707820282;0.7627840909090909;1.0;0.1388888888888889;0.08333333333333333;0.7050359712230215;0.7301587301587301
2018-08-02 07:00:00;0.19586002042142395;0.2600010945110272;0.7642045454545454;1.0;0.1388888888888889;0.08333333333333333;0.6654676258992805;0.783068783068783
2018-08-02 08:00:00;0.21451777592128468;0.2996223936956165;0.7684659090909091;1.0;0.8055555555555556;0.16666666666666666;0.6942446043165468;0.7857142857142857
2018-08-02 09:00:00;0.13932980599647266;0.4323318557434466;0.7684659090909091;1.0;0.8888888888888888;0.25;0.7050359712230215;0.8095238095238095
2018-08-02 10:00:00;0.09690893901420217;0.5015049526623981;0.7670454545454546;1.0;0.8333333333333334;0.25;0.7158273381294964;0.8359788359788359
2018-08-02 11:00:00;0.11519539589715028;0.545285393750342;0.7642045454545454;1.0;0.9444444444444444;0.25;0.7086330935251799;0.8492063492063492
2018-08-02 12:00:00;0.15213960827995915;0.5900508947627647;0.7613636363636364;1.0;0.8055555555555556;0.25;0.7230215827338129;0.873015873015873
2018-08-02 13:00:00;0.16949781862062566;0.6418212663492585;0.7613636363636364;1.0;0.8055555555555556;0.3333333333333333;0.7014388489208633;0.8809523809523809
2018-08-02 14:00:00;0.11528822055137844;0.6151699228369726;0.7613636363636364;1.0;0.8611111111111112;0.3333333333333333;0.7086330935251799;0.8571428571428571
2018-08-02 15:00:00;0.12243571892694699;0.5769167624363816;0.7613636363636364;1.0;0.9166666666666666;0.3333333333333333;0.7086330935251799;0.8333333333333334
2018-08-02 16:00:00;0.10832637148426622;0.573414327149346;0.7599431818181818;1.0;0.9444444444444444;0.3333333333333333;0.7050359712230215;0.8174603174603174
2018-08-02 17:00:00;0.12002227791701475;0.571170579543589;0.7613636363636364;1.0;0.9166666666666666;0.25;0.697841726618705;0.798941798941799
2018-08-02 18:00:00;0.1414647730437204;0.5308378481913205;0.765625;0.8;0.9444444444444444;0.16666666666666666;0.7122302158273381;0.753968253968254
2018-08-02 19:00:00;0.1299545159194282;0.5049526623980737;0.7698863636363636;0.0;1.0;0.16666666666666666;0.7517985611510791;0.6613756613756614
2018-08-02 20:00:00;0.1058201058201058;0.4815848519673836;0.7727272727272727;0.0;0.9444444444444444;0.08333333333333333;0.7446043165467626;0.6084656084656085
2018-08-02 21:00:00;0.13032581453634084;0.4277349094292125;0.7755681818181818;0.0;0.05555555555555555;0.08333333333333333;0.7553956834532374;0.5687830687830688
2018-08-02 22:00:00;0.1332033788174139;0.3840091938926285;0.7741477272727273;0.0;0.9722222222222222;0.08333333333333333;0.7446043165467626;0.5502645502645502
2018-08-02 23:00:00;0.16467093660076118;0.33256717561429433;0.7698863636363636;0.0;0.0;0.08333333333333333;0.737410071942446;0.5211640211640212
2018-08-03 00:00:00;0.16949781862062566;0.325781207245663;0.7670454545454546;0.0;0.9166666666666666;0.08333333333333333;0.7482014388489209;0.5317460317460317
2018-08-03 01:00:00;0.1676413255360624;0.2923438953647458;0.765625;0.0;0.9444444444444444;0.08333333333333333;0.7446043165467626;0.5185185185185185
2018-08-03 02:00:00;0.10294254153903276;0.3162589613090352;0.7642045454545454;0.0;0.9166666666666666;0.08333333333333333;0.7158273381294964;0.49206349206349204
2018-08-03 03:00:00;0.10953309198923232;0.2293547857494664;0.7613636363636364;0.0;0.9166666666666666;0.08333333333333333;0.697841726618705;0.48148148148148145
2018-08-03 04:00:00;0.14694142764318202;0.15098779620204675;0.7627840909090909;0.0;1.0;0.0;0.7517985611510791;0.5211640211640212
2018-08-03 05:00:00;0.2375382901698691;0.1576643134679582;0.7627840909090909;1.0;0.1111111111111111;0.08333333333333333;0.7410071942446043;0.6507936507936508
2018-08-03 06:00:00;0.2911909403137473;0.17555956876265527;0.7627840909090909;1.0;0.05555555555555555;0.08333333333333333;0.737410071942446;0.7222222222222222
2018-08-03 07:00:00;0.25972338253040006;0.2718218136047721;0.7627840909090909;1.0;0.1111111111111111;0.16666666666666666;0.7158273381294964;0.7698412698412699
2018-08-03 08:00:00;0.19586002042142395;0.37623816559951845;0.7585227272727273;1.0;0.9444444444444444;0.16666666666666666;0.7014388489208633;0.8121693121693122
2018-08-03 09:00:00;0.09690893901420217;0.5260219996716468;0.7528409090909091;1.0;0.7777777777777778;0.08333333333333333;0.7589928057553957;0.8677248677248677
2018-08-03 10:00:00;0.08781212289984218;0.6051551469381055;0.7514204545454546;1.0;0.8611111111111112;0.25;0.7589928057553957;0.8650793650793651
2018-08-03 11:00:00;0.08289241622574955;0.64849778361517;0.7443181818181818;1.0;0.8888888888888888;0.25;0.7302158273381295;0.8862433862433863
2018-08-03 12:00:00;0.08224264364615241;0.7072730257757348;0.7386363636363636;1.0;0.8888888888888888;0.25;0.7661870503597122;0.9047619047619048
2018-08-03 13:00:00;0.055601967882669634;0.7321731516445028;0.7329545454545454;1.0;0.9166666666666666;0.3333333333333333;0.7410071942446043;0.9074074074074074
2018-08-03 14:00:00;0.06423466072588879;0.7506703880041591;0.7286931818181818;1.0;0.9166666666666666;0.3333333333333333;0.6654676258992805;0.8941798941798942
2018-08-03 15:00:00;0.0885547201336675;0.7220489246429158;0.7258522727272727;1.0;0.9444444444444444;0.3333333333333333;0.6762589928057554;0.8862433862433863
2018-08-03 16:00:00;0.07806553420588508;0.5829365730859738;0.7201704545454546;1.0;0.9722222222222222;0.3333333333333333;0.7302158273381295;0.8677248677248677
2018-08-03 17:00:00;0.04501995730065906;0.5528922453893723;0.7201704545454546;1.0;0.05555555555555555;0.3333333333333333;0.6906474820143885;0.8492063492063492
2018-08-03 18:00:00;0.041492620439988866;0.4931866688556888;0.7201704545454546;0.8;0.1111111111111111;0.3333333333333333;0.7697841726618705;0.7857142857142857
2018-08-03 19:00:00;0.04826882019864476;0.4361079187872818;0.7215909090909091;0.0;0.05555555555555555;0.16666666666666666;0.7769784172661871;0.7354497354497355
2018-08-03 20:00:00;0.08419196138494382;0.39643189405133256;0.7244318181818182;0.0;0.9722222222222222;0.16666666666666666;0.7733812949640287;0.6984126984126984
2018-08-03 21:00:00;0.0767659890466908;0.4055710611284409;0.7315340909090909;0.0;0.9444444444444444;0.16666666666666666;0.7985611510791367;0.6666666666666666
2018-08-03 22:00:00;0.0689687180915251;0.37733267662671705;0.7301136363636364;0.0;0.08333333333333333;0.16666666666666666;0.8381294964028777;0.6825396825396826
2018-08-03 23:00:00;0.07407407407407407;0.3098013462485635;0.7258522727272727;0.0;0.08333333333333333;0.16666666666666666;0.7661870503597122;0.6587301587301587
2018-08-04 00:00:00;0.07843683282279773;0.2791550374870027;0.7201704545454546;0.0;0.1388888888888889;0.16666666666666666;0.762589928057554;0.6428571428571429
2018-08-04 01:00:00;0.08085027383272995;0.24757839435232312;0.71875;0.0;0.9722222222222222;0.16666666666666666;0.7589928057553957;0.6322751322751323
2018-08-04 02:00:00;0.07992202729044834;0.23137963114978385;0.7144886363636364;0.0;0.2222222222222222;0.08333333333333333;0.762589928057554;0.5925925925925926
2018-08-04 03:00:00;0.08706952566601688;0.2051660920483774;0.71875;0.0;1.0;0.08333333333333333;0.7589928057553957;0.5740740740740741
2018-08-04 04:00:00;0.10229276895943562;0.19088272314343566;0.7201704545454546;0.0;0.027777777777777776;0.08333333333333333;0.7589928057553957;0.5634920634920635
2018-08-04 05:00:00;0.09625916643460503;0.1877633667159197;0.7215909090909091;1.0;0.05555555555555555;0.08333333333333333;0.7589928057553957;0.6746031746031746
2018-08-04 06:00:00;0.13125406107862247;0.17813166967657199;0.7272727272727273;1.0;1.0;0.16666666666666666;0.7446043165467626;0.7248677248677249
2018-08-04 07:00:00;0.10155017172561032;0.2161659278717233;0.7301136363636364;1.0;1.0;0.25;0.7410071942446043;0.7698412698412699
2018-08-04 08:00:00;0.08382066276803118;0.2862693591637936;0.7315340909090909;1.0;0.8888888888888888;0.25;0.8381294964028777;0.791005291005291
2018-08-04 09:00:00;0.07342430149447693;0.3231543807803864;0.7301136363636364;0.9;0.8888888888888888;0.25;0.841726618705036;0.8227513227513228
2018-08-04 10:00:00;0.058758006126427176;0.39933234827340885;0.7315340909090909;0.8;0.8888888888888888;0.3333333333333333;0.8165467625899281;0.8253968253968254
2018-08-04 11:00:00;0.04799034623596027;0.43326219011656547;0.7315340909090909;0.6;0.9444444444444444;0.3333333333333333;0.8237410071942446;0.8253968253968254
2018-08-04 12:00:00;0.05430242272347536;0.43906309856071807;0.7286931818181818;0.6;0.9166666666666666;0.25;0.8453237410071942;0.8253968253968254
2018-08-04 13:00:00;0.08734799962870138;0.47748043561538883;0.7258522727272727;0.4;0.9444444444444444;0.3333333333333333;0.8345323741007195;0.8068783068783069
2018-08-04 14:00:00;0.05950060336025248;0.481311224210584;0.7315340909090909;0.3;0.9166666666666666;0.3333333333333333;0.8489208633093526;0.798941798941799
2018-08-04 15:00:00;0.05708716235032025;0.44355059377223227;0.7372159090909091;0.2;0.9444444444444444;0.4166666666666667;0.8381294964028777;0.7645502645502645
2018-08-04 16:00:00;0.08948296667594911;0.32200514420182785;0.7443181818181818;0.5;0.9444444444444444;0.4166666666666667;0.8381294964028777;0.7142857142857143
2018-08-04 17:00:00;0.10489185927782417;0.3143435670114376;0.7428977272727273;1.0;0.9444444444444444;0.3333333333333333;0.7913669064748201;0.701058201058201
2018-08-04 18:00:00;0.09198923234010953;0.31073168062168227;0.7471590909090909;0.5;0.9444444444444444;0.25;0.802158273381295;0.656084656084656
2018-08-04 19:00:00;0.0775085862805161;0.29737864608985937;0.7528409090909091;0.0;0.9722222222222222;0.25;0.7913669064748201;0.6084656084656085
2018-08-04 20:00:00;0.09644481574306134;0.26574727740381987;0.7571022727272727;0.0;0.9166666666666666;0.16666666666666666;0.7877697841726619;0.6084656084656085
2018-08-04 21:00:00;0.10387078808131439;0.24626498111968478;0.7585227272727273;0.0;0.9166666666666666;0.16666666666666666;0.8057553956834532;0.6084656084656085
2018-08-04 22:00:00;0.11166805903648008;0.2356482241558584;0.7585227272727273;0.0;0.8888888888888888;0.25;0.8057553956834532;0.5952380952380952
2018-08-04 23:00:00;0.0624709922955537;0.2575384446998304;0.7599431818181818;0.0;0.9166666666666666;0.25;0.7877697841726619;0.5793650793650794
2018-08-05 00:00:00;0.054116773415019026;0.25633448256991187;0.7613636363636364;0.0;0.9166666666666666;0.16666666666666666;0.7877697841726619;0.5767195767195767
2018-08-05 01:00:00;0.05086791051703333;0.24544409784928586;0.7642045454545454;0.0;0.9722222222222222;0.16666666666666666;0.7913669064748201;0.582010582010582
2018-08-05 02:00:00;0.034530771372876634;0.24276254583264928;0.7642045454545454;0.0;0.1388888888888889;0.08333333333333333;0.762589928057554;0.5423280423280423
2018-08-05 03:00:00;0.036387264457439894;0.22629015487331036;0.7684659090909091;0.0;0.1388888888888889;0.08333333333333333;0.7338129496402878;0.5026455026455027
2018-08-05 04:00:00;0.04075002320616356;0.2344442620259399;0.7727272727272727;0.3;0.05555555555555555;0.08333333333333333;0.7446043165467626;0.5158730158730159
2018-08-05 05:00:00;0.04576255453448436;0.21994199091555847;0.7784090909090909;1.0;0.1111111111111111;0.16666666666666666;0.7446043165467626;0.5873015873015873
2018-08-05 06:00:00;0.04232804232804233;0.235155694193619;0.7826704545454546;0.9;0.1111111111111111;0.16666666666666666;0.7410071942446043;0.6243386243386243
2018-08-05 07:00:00;0.036201615148983575;0.2540907349641548;0.78125;0.5;1.0;0.16666666666666666;0.7302158273381295;0.6613756613756614
2018-08-05 08:00:00;0.03555184256938643;0.2728068735292508;0.78125;0.8;0.08333333333333333;0.25;0.737410071942446;0.701058201058201
2018-08-05 09:00:00;0.03202450570871623;0.29491599627866255;0.78125;0.5;0.9444444444444444;0.16666666666666666;0.7050359712230215;0.6851851851851852
2018-08-05 10:00:00;0.046133853151397015;0.30520439993432935;0.7755681818181818;0.6;0.027777777777777776;0.25;0.6906474820143885;0.7407407407407407
2018-08-05 11:00:00;0.0218137937436183;0.3385869862638866;0.7727272727272727;1.0;0.027777777777777776;0.25;0.6798561151079137;0.7354497354497355
2018-08-05 12:00:00;0.028682818156502365;0.35670114376402345;0.7670454545454546;1.0;0.027777777777777776;0.25;0.6438848920863309;0.7513227513227513
2018-08-05 13:00:00;0.02599090318388564;0.37771575548623654;0.7627840909090909;1.0;0.08333333333333333;0.3333333333333333;0.6510791366906474;0.7486772486772487
2018-08-05 14:00:00;0.026269377146570128;0.3725168281070432;0.7571022727272727;1.0;0.05555555555555555;0.3333333333333333;0.6258992805755396;0.7592592592592593
2018-08-05 15:00:00;0.0253411306042885;0.3932030865210967;0.75;1.0;0.1388888888888889;0.3333333333333333;0.5719424460431655;0.746031746031746
2018-08-05 16:00:00;0.025805253875429316;0.3785913643079954;0.7443181818181818;1.0;0.1111111111111111;0.25;0.6223021582733813;0.7380952380952381
2018-08-05 17:00:00;0.02348463751972524;0.3611886389755377;0.7400568181818182;1.0;0.05555555555555555;0.25;0.6618705035971223;0.7195767195767195
2018-08-05 18:00:00;0.025898078529657476;0.3604772068078586;0.7357954545454546;0.8;0.05555555555555555;0.25;0.6870503597122302;0.6772486772486772
2018-08-05 19:00:00;0.04158544509421703;0.3560444371477043;0.7372159090909091;0.0;0.05555555555555555;0.25;0.6870503597122302;0.6322751322751323
2018-08-05 20:00:00;0.07193910702682632;0.3318557434466152;0.734375;0.0;0.05555555555555555;0.16666666666666666;0.7050359712230215;0.6111111111111112
2018-08-05 21:00:00;0.09291747888239116;0.30892573742680457;0.734375;0.0;0.1388888888888889;0.16666666666666666;0.7086330935251799;0.544973544973545
2018-08-05 22:00:00;0.09625916643460503;0.28676188912603295;0.734375;0.0;0.16666666666666666;0.16666666666666666;0.697841726618705;0.5502645502645502
2018-08-05 23:00:00;0.06794764689501531;0.28112515733596016;0.7301136363636364;0.0;0.19444444444444445;0.16666666666666666;0.6834532374100719;0.5608465608465608
2018-08-06 00:00:00;0.07908660540239487;0.2708914792316533;0.7244318181818182;0.0;0.19444444444444445;0.16666666666666666;0.6798561151079137;0.5661375661375662
2018-08-06 01:00:00;0.05430242272347536;0.2870355168828326;0.7144886363636364;0.0;0.19444444444444445;0.16666666666666666;0.6726618705035972;0.5317460317460317
2018-08-06 02:00:00;0.05755128562146106;0.2870355168828326;0.7045454545454546;0.0;0.25;0.16666666666666666;0.6510791366906474;0.4708994708994709
2018-08-06 03:00:00;0.06850459482038429;0.25907076013790836;0.6974431818181818;0.0;0.25;0.16666666666666666;0.6223021582733813;0.4417989417989418
2018-08-06 04:00:00;0.09542374454655156;0.2271110381437093;0.6931818181818182;0.2;0.25;0.08333333333333333;0.6510791366906474;0.4947089947089947
2018-08-06 05:00:00;0.18100807574491784;0.17774859081705252;0.6917613636363636;1.0;0.3055555555555556;0.08333333333333333;0.6510791366906474;0.6111111111111112
2018-08-06 06:00:00;0.29239766081871343;0.1390029004542221;0.6889204545454546;1.0;0.3888888888888889;0.16666666666666666;0.6654676258992805;0.6746031746031746
2018-08-06 07:00:00;0.3315696649029982;0.15793794122475785;0.6846590909090909;1.0;0.3888888888888889;0.16666666666666666;0.6906474820143885;0.7248677248677249
2018-08-06 08:00:00;0.2726260094681147;0.22968313905762602;0.6761363636363636;1.0;0.4444444444444444;0.16666666666666666;0.6690647482014388;0.7751322751322751
2018-08-06 09:00:00;0.2029146941427643;0.30372681004761126;0.6690340909090909;1.0;0.4722222222222222;0.16666666666666666;0.6546762589928058;0.8253968253968254
2018-08-06 10:00:00;0.1779448621553885;0.38379029168718876;0.6590909090909091;1.0;0.3888888888888889;0.16666666666666666;0.6366906474820144;0.8571428571428571
2018-08-06 11:00:00;0.11593799313097558;0.47375909812291356;0.6505681818181818;1.0;0.6111111111111112;0.16666666666666666;0.5827338129496403;0.8809523809523809
2018-08-06 12:00:00;0.09941520467836257;0.5155146938105402;0.6448863636363636;1.0;0.5555555555555556;0.16666666666666666;0.5467625899280576;0.8915343915343915
2018-08-06 13:00:00;0.12781954887218044;0.5694740874514311;0.6377840909090909;1.0;0.5833333333333334;0.16666666666666666;0.5935251798561151;0.917989417989418
2018-08-06 14:00:00;0.12735542560103963;0.6325726481694304;0.6306818181818182;1.0;0.6944444444444444;0.16666666666666666;0.5539568345323741;0.9206349206349206
2018-08-06 15:00:00;0.14239301958600203;0.6291249384337547;0.6264204545454546;1.0;0.9444444444444444;0.16666666666666666;0.5935251798561151;0.91005291005291
2018-08-06 16:00:00;0.13524552121043348;0.6354731023915067;0.6207386363636364;1.0;0.9166666666666666;0.25;0.6115107913669064;0.8994708994708994
2018-08-06 17:00:00;0.09059686252668708;0.6787062879658513;0.6178977272727273;1.0;0.8888888888888888;0.25;0.6474820143884892;0.8677248677248677
2018-08-06 18:00:00;0.06906154274575327;0.700924861817983;0.6178977272727273;0.8;0.1111111111111111;0.16666666666666666;0.6762589928057554;0.8068783068783069
2018-08-06 19:00:00;0.09449549800426993;0.6823728999069666;0.6207386363636364;0.0;0.08333333333333333;0.16666666666666666;0.697841726618705;0.753968253968254
2018-08-06 20:00:00;0.1214146477304372;0.6349805724292673;0.6193181818181818;0.0;0.027777777777777776;0.16666666666666666;0.7553956834532374;0.656084656084656
2018-08-06 21:00:00;0.28933444722918406;0.5115744541126253;0.6178977272727273;0.0;0.9444444444444444;0.08333333333333333;0.7589928057553957;0.5873015873015873
2018-08-06 22:00:00;0.1940035273368607;0.4815848519673836;0.6150568181818182;0.0;0.027777777777777776;0.08333333333333333;0.7553956834532374;0.5476190476190477
2018-08-06 23:00:00;0.22992666852315974;0.41044163519947463;0.609375;0.0;0.9166666666666666;0.08333333333333333;0.7517985611510791;0.5264550264550265
2018-08-07 00:00:00;0.14202172096908938;0.38171072073551143;0.6008522727272727;0.0;0.1388888888888889;0.08333333333333333;0.7338129496402878;0.5132275132275133
2018-08-07 01:00:00;0.11250348092453355;0.3534723362337876;0.5951704545454546;0.0;0.08333333333333333;0.08333333333333333;0.7230215827338129;0.5079365079365079
2018-08-07 02:00:00;0.18629908103592313;0.25584195260767256;0.5880681818181818;0.0;0.0;0.08333333333333333;0.7302158273381295;0.5
2018-08-07 03:00:00;0.126427179058758;0.2573195424943906;0.5852272727272727;0.0;0.1111111111111111;0.08333333333333333;0.7158273381294964;0.4894179894179894
2018-08-07 04:00:00;0.12679847767567065;0.232802495485142;0.5823863636363636;0.0;0.2222222222222222;0.08333333333333333;0.7446043165467626;0.5132275132275133
2018-08-07 05:00:00;0.23085491506544137;0.16620149948010726;0.5838068181818182;0.0;0.0;0.0;0.7446043165467626;0.626984126984127
2018-08-07 06:00:00;0.28116587765710577;0.13774421277294369;0.5852272727272727;1.0;0.7777777777777778;0.0;0.7410071942446043;0.7142857142857143
2018-08-07 07:00:00;0.42615798756149637;0.1432714934602966;0.5823863636363636;1.0;0.3888888888888889;0.08333333333333333;0.7230215827338129;0.8174603174603174
2018-08-07 08:00:00;0.5117423187598626;0.1980517703715865;0.578125;1.0;0.3888888888888889;0.08333333333333333;0.6834532374100719;0.873015873015873
2018-08-07 09:00:00;0.3762183235867446;0.46379904777540637;0.5696022727272727;1.0;0.5277777777777778;0.08333333333333333;0.6115107913669064;0.9206349206349206
2018-08-07 10:00:00;0.35523995173117984;0.5948667432824386;0.5639204545454546;1.0;0.6666666666666666;0.16666666666666666;0.6474820143884892;0.9603174603174603
2018-08-07 11:00:00;0.2553606237816764;0.7008701362666229;0.5596590909090909;1.0;0.6944444444444444;0.16666666666666666;0.6258992805755396;0.9656084656084656
2018-08-07 12:00:00;0.1750672978743154;0.7267005965085098;0.5525568181818182;1.0;0.4166666666666667;0.16666666666666666;0.3920863309352518;0.9814814814814815
2018-08-07 13:00:00;0.1695906432748538;0.7629836370601434;0.546875;1.0;0.7222222222222222;0.16666666666666666;0.5719424460431655;0.9894179894179894
2018-08-07 14:00:00;0.16884804604102852;0.772670059650851;0.546875;1.0;0.5277777777777778;0.16666666666666666;0.60431654676259;0.9894179894179894
2018-08-07 15:00:00;0.19623131903833657;0.7276856564329885;0.5497159090909091;0.8;0.7222222222222222;0.25;0.6187050359712231;0.9788359788359788
2018-08-07 16:00:00;0.1754385964912281;0.7324467794013025;0.5383522727272727;0.6;0.7222222222222222;0.08333333333333333;0.7014388489208633;0.9523809523809523
2018-08-07 17:00:00;0.18230762090411212;0.7514912712745581;0.5355113636363636;0.3;0.3888888888888889;0.16666666666666666;0.7338129496402878;0.9047619047619048
2018-08-07 18:00:00;0.24552121043349115;0.7255513599299515;0.5255681818181818;0.2;0.3333333333333333;0.16666666666666666;0.7589928057553957;0.843915343915344
2018-08-07 19:00:00;0.3658219623131904;0.6105729765227385;0.5213068181818182;0.0;0.2777777777777778;0.16666666666666666;0.7266187050359713;0.791005291005291
2018-08-07 20:00:00;0.39534020235774625;0.6028019482296285;0.5170454545454546;0.0;0.2777777777777778;0.25;0.6546762589928058;0.8174603174603174
2018-08-07 21:00:00;0.20755592685417246;0.6264433864171182;0.5142045454545454;0.0;0.3333333333333333;0.25;0.6402877697841727;0.8201058201058201
2018-08-07 22:00:00;0.19753086419753088;0.6604279538116347;0.5397727272727273;0.0;0.7777777777777778;0.3333333333333333;0.7122302158273381;0.7936507936507936
2018-08-07 23:00:00;0.18908382066276802;0.643791386198216;0.5752840909090909;0.0;0.6944444444444444;0.3333333333333333;0.8381294964028777;0.6428571428571429
2018-08-08 00:00:00;0.06442031003434512;0.4717889782739561;0.5170454545454546;0.0;0.19444444444444445;0.3333333333333333;0.8489208633093526;0.6190476190476191
2018-08-08 01:00:00;0.04650515176830967;0.338313358507087;0.5340909090909091;0.0;0.4444444444444444;0.25;0.8309352517985612;0.6507936507936508
2018-08-08 02:00:00;0.07175345771837;0.29918458928473707;0.515625;0.0;0.5555555555555556;0.3333333333333333;0.8489208633093526;0.6375661375661376
2018-08-08 03:00:00;0.08734799962870138;0.33174629234389535;0.5298295454545454;0.0;0.5;0.25;0.841726618705036;0.6375661375661376
2018-08-08 04:00:00;0.17859463473498563;0.24801619876320255;0.5383522727272727;0.0;0.3888888888888889;0.25;0.8597122302158273;0.6375661375661376
2018-08-08 05:00:00;0.31764596676877377;0.18940513325671757;0.5426136363636364;0.0;0.4722222222222222;0.25;0.8597122302158273;0.6507936507936508
2018-08-08 06:00:00;0.33825304000742595;0.1644502818365895;0.5482954545454546;0.2;0.5555555555555556;0.4166666666666667;0.8525179856115108;0.6534391534391535
2018-08-08 07:00:00;0.27903091060985796;0.20527554315109725;0.5568181818181818;0.1;0.6111111111111112;0.4166666666666667;0.8489208633093526;0.6640211640211641
2018-08-08 08:00:00;0.2726260094681147;0.20697203524325508;0.5667613636363636;0.1;0.6111111111111112;0.5;0.8381294964028777;0.671957671957672
2018-08-08 09:00:00;0.13765896222036572;0.2772943687407651;0.5838068181818182;0.2;0.6388888888888888;0.5;0.8057553956834532;0.6693121693121693
2018-08-08 10:00:00;0.13830873479996286;0.19838012367974608;0.5965909090909091;0.1;0.6388888888888888;0.5;0.7949640287769785;0.6904761904761905
2018-08-08 11:00:00;0.1382159101457347;0.2063153286269359;0.6079545454545454;0.5;0.6388888888888888;0.5833333333333334;0.7482014388489209;0.708994708994709
2018-08-08 12:00:00;0.10600575512856214;0.2694686148962951;0.6221590909090909;0.4;0.6111111111111112;0.5;0.7086330935251799;0.6878306878306878
2018-08-08 13:00:00;0.08493455861876913;0.2913588354402671;0.6278409090909091;0.3;0.6388888888888888;0.5;0.6762589928057554;0.6984126984126984
2018-08-08 14:00:00;0.10349948946440173;0.30104525803097465;0.6349431818181818;0.2;0.6666666666666666;0.4166666666666667;0.6726618705035972;0.6825396825396826
2018-08-08 15:00:00;0.10739812494198457;0.3282438570568598;0.6335227272727273;0.4;0.6666666666666666;0.4166666666666667;0.6546762589928058;0.6931216931216931
2018-08-08 16:00:00;0.13413162535969553;0.3363432386581295;0.6363636363636364;0.3;0.7777777777777778;0.3333333333333333;0.7230215827338129;0.6640211640211641
2018-08-08 17:00:00;0.18889817135431172;0.2740108356591693;0.6420454545454546;0.7;0.7222222222222222;0.25;0.60431654676259;0.656084656084656
2018-08-08 18:00:00;0.1361737677527151;0.3533081595797078;0.6463068181818182;0.7;0.7222222222222222;0.25;0.6007194244604317;0.6190476190476191
2018-08-08 19:00:00;0.14285714285714285;0.36447217205713345;0.6534090909090909;0.0;0.6388888888888888;0.08333333333333333;0.6654676258992805;0.5264550264550265
2018-08-08 20:00:00;0.21266128283672142;0.3001696492092158;0.65625;0.0;0.4166666666666667;0.08333333333333333;0.658273381294964;0.4708994708994709
2018-08-08 21:00:00;0.3233082706766917;0.2185191265802003;0.6548295454545454;0.0;0.4444444444444444;0.16666666666666666;0.6510791366906474;0.4523809523809524
2018-08-08 22:00:00;0.2580525387542931;0.22771301920866854;0.6548295454545454;0.0;0.3888888888888889;0.08333333333333333;0.6438848920863309;0.4417989417989418
2018-08-08 23:00:00;0.32850645131346884;0.14633612433645268;0.65625;0.0;0.3888888888888889;0.08333333333333333;0.6187050359712231;0.42063492063492064
2018-08-09 00:00:00;0.317738791423002;0.13539101406446669;0.6519886363636364;0.0;0.4166666666666667;0.16666666666666666;0.6115107913669064;0.41798941798941797
2018-08-09 01:00:00;0.2994523345400538;0.12581404257647896;0.6505681818181818;0.0;0.3888888888888889;0.16666666666666666;0.5899280575539568;0.4021164021164021
2018-08-09 02:00:00;0.2773600668337511;0.13347561976686917;0.6434659090909091;0.0;0.3611111111111111;0.08333333333333333;0.6007194244604317;0.40476190476190477
2018-08-09 03:00:00;0.33704631950245983;0.0935259672741203;0.6434659090909091;0.0;0.3611111111111111;0.08333333333333333;0.5899280575539568;0.3968253968253968
2018-08-09 04:00:00;0.37046319502459857;0.0750834564658239;0.6363636363636364;0.3;0.25;0.08333333333333333;0.6510791366906474;0.4523809523809524
2018-08-09 05:00:00;0.4395247377703518;0.05073058611065506;0.6363636363636364;1.0;0.3333333333333333;0.08333333333333333;0.6330935251798561;0.5555555555555556
2018-08-09 06:00:00;0.4308920449271326;0.0701581568434302;0.6306818181818182;0.9;0.3611111111111111;0.16666666666666666;0.6330935251798561;0.6111111111111112
2018-08-09 07:00:00;0.33064141836071664;0.1529031904996443;0.6235795454545454;0.4;0.2777777777777778;0.25;0.6330935251798561;0.6534391534391535
2018-08-09 08:00:00;0.24793465144342336;0.21802659661796092;0.609375;0.0;0.25;0.25;0.6366906474820144;0.6746031746031746
2018-08-09 09:00:00;0.20811287477954146;0.267170141739178;0.5965909090909091;0.0;0.2222222222222222;0.3333333333333333;0.6115107913669064;0.6772486772486772
2018-08-09 10:00:00;0.10591293047433398;0.33793027964756744;0.578125;0.1;0.19444444444444445;0.4166666666666667;0.6294964028776978;0.6878306878306878
2018-08-09 11:00:00;0.1125963055787617;0.3498604498440322;0.5696022727272727;0.0;0.19444444444444445;0.4166666666666667;0.6834532374100719;0.6693121693121693
2018-08-09 12:00:00;0.09458832265849809;0.3710392382203251;0.5610795454545454;0.0;0.1388888888888889;0.3333333333333333;0.7985611510791367;0.5952380952380952
2018-08-09 13:00:00;0.18648473034437946;0.2664587095714989;0.5397727272727273;0.0;0.16666666666666666;0.25;0.8129496402877698;0.582010582010582
2018-08-09 14:00:00;0.1552956465237167;0.2575931702511903;0.5340909090909091;0.0;0.16666666666666666;0.16666666666666666;0.8237410071942446;0.5873015873015873
2018-08-09 15:00:00;0.18657755499860765;0.2413396814972911;0.5213068181818182;0.0;0.3055555555555556;0.16666666666666666;0.8489208633093526;0.6111111111111112
2018-08-09 16:00:00;0.2298338438689316;0.23209106331746293;0.5099431818181818;0.2;0.3611111111111111;0.25;0.8633093525179856;0.6322751322751323
2018-08-09 17:00:00;0.22779170147591202;0.24484211678432663;0.5085227272727273;0.0;0.5833333333333334;0.4166666666666667;0.7877697841726619;0.6375661375661376
2018-08-09 18:00:00;0.24598533370463194;0.22185738521315604;0.5284090909090909;0.2;0.6666666666666666;0.6666666666666666;0.7589928057553957;0.5767195767195767
2018-08-09 19:00:00;0.2366100436275875;0.21419580802276583;0.5667613636363636;0.0;0.6666666666666666;0.5;0.7482014388489209;0.5555555555555556
2018-08-09 20:00:00;0.07982920263622018;0.34564658238931756;0.5880681818181818;0.0;0.6666666666666666;0.4166666666666667;0.7517985611510791;0.5238095238095238
2018-08-09 21:00:00;0.09171075837742503;0.29967711924697643;0.6107954545454546;0.0;0.7222222222222222;0.4166666666666667;0.7446043165467626;0.5238095238095238
2018-08-09 22:00:00;0.10851202079272254;0.28927926448858976;0.6377840909090909;0.0;0.75;0.4166666666666667;0.7014388489208633;0.5026455026455027
2018-08-09 23:00:00;0.038615056158915806;0.27466754227548845;0.6534090909090909;0.0;0.6944444444444444;0.3333333333333333;0.6834532374100719;0.4947089947089947
2018-08-10 00:00:00;0.0875336489371577;0.2400809938160127;0.6761363636363636;0.0;0.7777777777777778;0.4166666666666667;0.6402877697841727;0.47883597883597884
2018-08-10 01:00:00;0.04836164485287292;0.28364253269851697;0.6860795454545454;0.0;0.6666666666666666;0.25;0.6366906474820144;0.4708994708994709
2018-08-10 02:00:00;0.04297781490763947;0.28364253269851697;0.6903409090909091;0.0;0.6388888888888888;0.25;0.6079136690647482;0.4444444444444444
2018-08-10 03:00:00;0.06590550450199573;0.27253324577245114;0.6931818181818182;0.0;0.5277777777777778;0.25;0.6115107913669064;0.4444444444444444
2018-08-10 04:00:00;0.11835143414090782;0.2270563125923494;0.7002840909090909;0.0;0.5;0.25;0.6438848920863309;0.4497354497354497
2018-08-10 05:00:00;0.23725981620718464;0.10408799868658677;0.7073863636363636;0.7;0.5555555555555556;0.3333333333333333;0.6474820143884892;0.47619047619047616
2018-08-10 06:00:00;0.2846932145177759;0.08017293274229738;0.7102272727272727;0.6;0.5555555555555556;0.4166666666666667;0.6762589928057554;0.5052910052910053
2018-08-10 07:00:00;0.21869488536155204;0.09653587259891644;0.7159090909090909;1.0;0.5555555555555556;0.4166666666666667;0.6654676258992805;0.5502645502645502
2018-08-10 08:00:00;0.21284693214517775;0.12433645268976085;0.7201704545454546;0.9;0.6111111111111112;0.4166666666666667;0.6294964028776978;0.58994708994709
2018-08-10 09:00:00;0.18667037965283578;0.163301045258031;0.7201704545454546;0.5;0.6388888888888888;0.5;0.5935251798561151;0.6216931216931217
2018-08-10 10:00:00;0.1397011046133853;0.23657855852897716;0.7201704545454546;0.5;0.5833333333333334;0.5;0.564748201438849;0.6137566137566137
2018-08-10 11:00:00;0.11380302608372783;0.27559787664860724;0.7244318181818182;0.6;0.6111111111111112;0.5833333333333334;0.5611510791366906;0.626984126984127
2018-08-10 12:00:00;0.13329620347164206;0.2689760849340557;0.7244318181818182;0.6;0.6666666666666666;0.5;0.5611510791366906;0.6190476190476191
2018-08-10 13:00:00;0.10554163185742133;0.3241394407048651;0.7215909090909091;0.9;0.6111111111111112;0.5833333333333334;0.5467625899280576;0.6428571428571429
2018-08-10 14:00:00;0.15455304928989141;0.3129754282274394;0.7230113636363636;0.1;0.6111111111111112;0.5833333333333334;0.5179856115107914;0.5846560846560847
2018-08-10 15:00:00;0.13765896222036572;0.3048760466261698;0.7102272727272727;1.0;0.6111111111111112;0.5;0.5467625899280576;0.6428571428571429
2018-08-10 16:00:00;0.13134688573285064;0.3215126142395885;0.6946022727272727;0.3;0.5277777777777778;0.4166666666666667;0.5359712230215827;0.6507936507936508
2018-08-10 17:00:00;0.17748073888424765;0.30099053247961477;0.6931818181818182;0.2;0.6111111111111112;0.4166666666666667;0.49640287769784175;0.6428571428571429
2018-08-10 18:00:00;0.17525294718277176;0.3106222295189624;0.7045454545454546;0.0;0.6944444444444444;0.4166666666666667;0.6258992805755396;0.5555555555555556
2018-08-10 19:00:00;0.10916179337231968;0.3048760466261698;0.7002840909090909;0.0;0.5833333333333334;0.4166666666666667;0.6762589928057554;0.4894179894179894
2018-08-10 20:00:00;0.09523809523809523;0.26985169375581464;0.7017045454545454;0.0;0.6111111111111112;0.4166666666666667;0.6870503597122302;0.5026455026455027
2018-08-10 21:00:00;0.11927968068318945;0.22902643244130685;0.7045454545454546;0.0;0.6666666666666666;0.5;0.658273381294964;0.48148148148148145
2018-08-10 22:00:00;0.08818342151675485;0.2276582936573086;0.7102272727272727;0.0;0.6388888888888888;0.25;0.6187050359712231;0.4470899470899471
2018-08-10 23:00:00;0.06729787431541817;0.2581404257647896;0.7116477272727273;0.0;0.6111111111111112;0.25;0.6007194244604317;0.4365079365079365
2018-08-11 00:00:00;0.07166063306414185;0.26552837519838013;0.7088068181818182;0.0;0.6111111111111112;0.3333333333333333;0.5935251798561151;0.42857142857142855
2018-08-11 01:00:00;0.07101086048454469;0.27740381984348494;0.7116477272727273;0.0;0.6388888888888888;0.25;0.60431654676259;0.42857142857142855
2018-08-11 02:00:00;0.07453819734521488;0.25518524599135334;0.7144886363636364;0.0;0.6111111111111112;0.25;0.6115107913669064;0.42592592592592593
2018-08-11 03:00:00;0.09598069247192054;0.19887265364198545;0.7173295454545454;0.0;0.6388888888888888;0.25;0.60431654676259;0.42857142857142855
2018-08-11 04:00:00;0.11992945326278659;0.16111202320363377;0.7244318181818182;0.0;0.6388888888888888;0.25;0.5863309352517986;0.4312169312169312
2018-08-11 05:00:00;0.1526037315511;0.153122092705084;0.7329545454545454;0.0;0.6388888888888888;0.25;0.5935251798561151;0.4603174603174603
2018-08-11 06:00:00;0.17089018843404807;0.15038581513708751;0.7400568181818182;0.7;0.6666666666666666;0.25;0.5971223021582733;0.5185185185185185
2018-08-11 07:00:00;0.1607723011231783;0.1644502818365895;0.7457386363636364;0.8;0.6944444444444444;0.3333333333333333;0.5611510791366906;0.5555555555555556
2018-08-11 08:00:00;0.11825860948667966;0.2172604388989219;0.7514204545454546;0.9;0.7222222222222222;0.4166666666666667;0.5503597122302158;0.5661375661375662
2018-08-11 09:00:00;0.09663046505151768;0.26968751710173483;0.7556818181818182;0.9;0.75;0.4166666666666667;0.5143884892086331;0.5767195767195767
2018-08-11 10:00:00;0.08103592314118628;0.3050949488316095;0.7571022727272727;0.9;0.7222222222222222;0.3333333333333333;0.5359712230215827;0.6111111111111112
2018-08-11 11:00:00;0.09180358303165319;0.32807968040278007;0.7571022727272727;0.8;0.6944444444444444;0.3333333333333333;0.5107913669064749;0.6111111111111112
2018-08-11 12:00:00;0.08335653949689036;0.3399551250478849;0.7556818181818182;0.8;0.6944444444444444;0.3333333333333333;0.5503597122302158;0.6481481481481481
2018-08-11 13:00:00;0.07054673721340388;0.35035297980627156;0.7556818181818182;0.9;0.7222222222222222;0.3333333333333333;0.5215827338129496;0.6481481481481481
2018-08-11 14:00:00;0.08168569572078342;0.35741257593170256;0.7556818181818182;0.9;0.7777777777777778;0.3333333333333333;0.5035971223021583;0.6190476190476191
2018-08-11 15:00:00;0.0792722547108512;0.36151699228369727;0.7542613636363636;0.8;0.7222222222222222;0.3333333333333333;0.5179856115107914;0.6137566137566137
2018-08-11 16:00:00;0.11742318759862617;0.34482569911891864;0.7542613636363636;1.0;0.7777777777777778;0.3333333333333333;0.4784172661870504;0.6111111111111112
2018-08-11 17:00:00;0.12410656270305392;0.33519400207957095;0.75;1.0;0.7222222222222222;0.25;0.5035971223021583;0.5952380952380952
2018-08-11 18:00:00;0.13088276246170982;0.3434028347835605;0.7471590909090909;0.5;0.75;0.16666666666666666;0.49640287769784175;0.5396825396825397
2018-08-11 19:00:00;0.17460317460317462;0.3168609423739944;0.7443181818181818;0.0;0.3055555555555556;0.08333333333333333;0.5611510791366906;0.43915343915343913
2018-08-11 20:00:00;0.4029518240044556;0.18037541728232914;0.7386363636363636;0.0;0.25;0.08333333333333333;0.5719424460431655;0.4074074074074074
2018-08-11 21:00:00;0.5416318574213311;0.07026760794615006;0.7315340909090909;0.0;0.3333333333333333;0.08333333333333333;0.579136690647482;0.3968253968253968
2018-08-11 22:00:00;0.620718462823726;0.017949980846057027;0.7258522727272727;0.0;0.4444444444444444;0.08333333333333333;0.5863309352517986;0.40476190476190477
2018-08-11 23:00:00;0.5576905226028033;0.04996442839161605;0.7173295454545454;0.0;0.4166666666666667;0.08333333333333333;0.5755395683453237;0.4021164021164021
2018-08-12 00:00:00;0.3505987190197717;0.10233678104306901;0.7102272727272727;0.0;0.4166666666666667;0.16666666666666666;0.5863309352517986;0.42328042328042326
2018-08-12 01:00:00;0.2680776014109348;0.1255404148196793;0.6988636363636364;0.0;0.4166666666666667;0.16666666666666666;0.579136690647482;0.46296296296296297
2018-08-12 02:00:00;0.23196881091617935;0.1547638592458819;0.6903409090909091;0.0;0.4722222222222222;0.16666666666666666;0.5827338129496403;0.47619047619047616
2018-08-12 03:00:00;0.22797735078436834;0.16603732282602748;0.6803977272727273;0.0;0.4166666666666667;0.16666666666666666;0.5971223021582733;0.47619047619047616
2018-08-12 04:00:00;0.20430706395618678;0.1774202375088929;0.6789772727272727;0.0;0.4166666666666667;0.16666666666666666;0.6079136690647482;0.48677248677248675
2018-08-12 05:00:00;0.1940035273368607;0.16943030701034312;0.671875;0.0;0.4166666666666667;0.08333333333333333;0.6151079136690647;0.5105820105820106
2018-08-12 06:00:00;0.2125684581824933;0.16527116510698847;0.6647727272727273;0.0;0.4722222222222222;0.16666666666666666;0.5863309352517986;0.5476190476190477
2018-08-12 07:00:00;0.21730251554812957;0.18097739834728835;0.6605113636363636;0.0;0.4722222222222222;0.3333333333333333;0.6151079136690647;0.5952380952380952
2018-08-12 08:00:00;0.18685602896129214;0.20637005417829588;0.6548295454545454;0.2;0.5;0.3333333333333333;0.6438848920863309;0.6587301587301587
2018-08-12 09:00:00;0.17033324050867912;0.20543971980517706;0.6505681818181818;0.2;0.5277777777777778;0.3333333333333333;0.6294964028776978;0.6798941798941799
2018-08-12 10:00:00;0.14768402487700732;0.23137963114978385;0.6420454545454546;0.1;0.5;0.3333333333333333;0.658273381294964;0.7248677248677249
2018-08-12 11:00:00;0.14907639469042977;0.2610956055382258;0.6349431818181818;0.5;0.6111111111111112;0.3333333333333333;0.6294964028776978;0.7619047619047619
2018-08-12 12:00:00;0.12039357653392739;0.35702949707218307;0.6235795454545454;0.1;0.5277777777777778;0.4166666666666667;0.6258992805755396;0.7619047619047619
2018-08-12 13:00:00;0.10916179337231968;0.40994910523723527;0.609375;0.6;0.5277777777777778;0.4166666666666667;0.6223021582733813;0.783068783068783
2018-08-12 14:00:00;0.11250348092453355;0.4307448147540086;0.5980113636363636;0.8;0.5833333333333334;0.3333333333333333;0.5935251798561151;0.8042328042328042
2018-08-12 15:00:00;0.11853708344936414;0.43742133201992006;0.5909090909090909;0.4;0.5833333333333334;0.25;0.5503597122302158;0.7883597883597884
2018-08-12 16:00:00;0.13886568272533184;0.4465604990970284;0.5809659090909091;0.0;0.5277777777777778;0.16666666666666666;0.6007194244604317;0.7698412698412699
2018-08-12 17:00:00;0.1984591107398125;0.4106605374049143;0.5724431818181818;0.0;0.4444444444444444;0.08333333333333333;0.8057553956834532;0.701058201058201
2018-08-12 18:00:00;0.3194096351991089;0.3410496360750835;0.5710227272727273;0.0;0.8611111111111112;0.08333333333333333;0.7302158273381295;0.6587301587301587
2018-08-12 19:00:00;0.31569664902998235;0.3293930936354184;0.5696022727272727;0.0;0.0;0.0;0.7697841726618705;0.6216931216931217
2018-08-12 20:00:00;0.3671215074723847;0.31576643134679583;0.5610795454545454;0.0;1.0;0.08333333333333333;0.7913669064748201;0.6005291005291006
2018-08-12 21:00:00;0.3448435904576255;0.2776774476002846;0.5525568181818182;0.0;0.25;0.08333333333333333;0.7841726618705036;0.5978835978835979
2018-08-12 22:00:00;0.5479439339088462;0.12822196683631587;0.5482954545454546;0.0;0.4166666666666667;0.16666666666666666;0.7949640287769785;0.5925925925925926
2018-08-12 23:00:00;0.6273090132739255;0.07240190444918733;0.5411931818181818;0.0;0.3888888888888889;0.08333333333333333;0.7338129496402878;0.5925925925925926
2018-08-13 00:00:00;0.40759305671586377;0.13134132326383188;0.53125;0.0;0.3888888888888889;0.08333333333333333;0.7769784172661871;0.5793650793650794
2018-08-13 01:00:00;0.3310127169776293;0.15065944289388716;0.5241477272727273;0.0;0.5555555555555556;0.08333333333333333;0.762589928057554;0.5767195767195767
2018-08-13 02:00:00;0.3379745660447415;0.12751053466863677;0.5142045454545454;0.0;0.4166666666666667;0.16666666666666666;0.7230215827338129;0.5846560846560847
2018-08-13 03:00:00;0.3280423280423281;0.11174957587697695;0.5127840909090909;0.0;0.4444444444444444;0.08333333333333333;0.7410071942446043;0.5687830687830688
2018-08-13 04:00:00;0.33546830038058106;0.11579926667761178;0.5099431818181818;0.0;0.3888888888888889;0.16666666666666666;0.697841726618705;0.5925925925925926
2018-08-13 05:00:00;0.502831151953959;0.0447655010124227;0.5127840909090909;0.0;0.5;0.25;0.7158273381294964;0.5978835978835979
2018-08-13 06:00:00;0.5238095238095238;0.031959721994199095;0.5099431818181818;0.5;0.6111111111111112;0.25;0.762589928057554;0.6640211640211641
2018-08-13 07:00:00;0.47470528172282556;0.07437202429814481;0.5127840909090909;0.3;0.6111111111111112;0.4166666666666667;0.7769784172661871;0.6349206349206349
2018-08-13 08:00:00;0.3336118072960178;0.1920319597219942;0.5142045454545454;0.0;0.5833333333333334;0.3333333333333333;0.8129496402877698;0.6587301587301587
2018-08-13 09:00:00;0.3116123642439432;0.19848957478246593;0.5142045454545454;0.2;0.5833333333333334;0.4166666666666667;0.7877697841726619;0.6481481481481481
2018-08-13 10:00:00;0.20161514898357005;0.2635582553494226;0.5127840909090909;0.1;0.6388888888888888;0.3333333333333333;0.8129496402877698;0.6507936507936508
2018-08-13 11:00:00;0.16847674742411586;0.28123460843868003;0.5085227272727273;0.2;0.5833333333333334;0.25;0.8345323741007195;0.6693121693121693
2018-08-13 12:00:00;0.1613292490485473;0.26317517648990313;0.5213068181818182;0.1;0.8611111111111112;0.25;0.7446043165467626;0.5476190476190477
2018-08-13 13:00:00;0.2009653764039729;0.2168773600394024;0.5170454545454546;0.0;0.6944444444444444;0.08333333333333333;0.7913669064748201;0.5476190476190477
2018-08-13 14:00:00;0.40944954980042697;0.12942592896623434;0.5184659090909091;0.0;0.6944444444444444;0.08333333333333333;0.8309352517985612;0.6058201058201058
2018-08-13 15:00:00;0.302979671400724;0.1644502818365895;0.5213068181818182;0.0;0.6944444444444444;0.08333333333333333;0.8273381294964028;0.6058201058201058
2018-08-13 16:00:00;0.2640861412791238;0.1936737262627921;0.5241477272727273;0.7;0.8055555555555556;0.25;0.8057553956834532;0.6243386243386243
2018-08-13 17:00:00;0.16318574213311057;0.27258797132381113;0.5298295454545454;0.0;0.7777777777777778;0.25;0.7733812949640287;0.6058201058201058
2018-08-13 18:00:00;0.15798756149633342;0.2544738138236743;0.5369318181818182;0.5;0.75;0.25;0.7661870503597122;0.5952380952380952
2018-08-13 19:00:00;0.14341409078251183;0.2624637443222241;0.5411931818181818;0.0;0.7222222222222222;0.25;0.7517985611510791;0.5687830687830688
2018-08-13 20:00:00;0.1887125220458554;0.259399113446068;0.5440340909090909;0.0;0.6388888888888888;0.16666666666666666;0.7410071942446043;0.5502645502645502
2018-08-13 21:00:00;0.21089761440638635;0.2409566026377716;0.5511363636363636;0.0;0.6666666666666666;0.16666666666666666;0.7553956834532374;0.5714285714285714
2018-08-13 22:00:00;0.20245057087162352;0.2110217260438899;0.5568181818181818;0.0;0.6944444444444444;0.25;0.7913669064748201;0.5608465608465608
2018-08-13 23:00:00;0.17126148705096075;0.17999233842280962;0.5596590909090909;0.0;0.6666666666666666;0.16666666666666666;0.7913669064748201;0.5634920634920635
2018-08-14 00:00:00;0.22361459203564465;0.1397690581732611;0.5596590909090909;0.0;0.6388888888888888;0.16666666666666666;0.7985611510791367;0.5687830687830688
2018-08-14 01:00:00;0.21080478975215816;0.12767471132271657;0.5639204545454546;0.0;0.6944444444444444;0.16666666666666666;0.7913669064748201;0.5793650793650794
2018-08-14 02:00:00;0.16160772301123177;0.12767471132271657;0.5696022727272727;0.0;0.75;0.25;0.7913669064748201;0.5767195767195767
2018-08-14 03:00:00;0.08447043534762833;0.23521041974497892;0.5767045454545454;0.0;0.7777777777777778;0.25;0.7769784172661871;0.5555555555555556
2018-08-14 04:00:00;0.056530214424951264;0.24686696218464402;0.5880681818181818;0.0;0.7777777777777778;0.25;0.7553956834532374;0.5555555555555556
2018-08-14 05:00:00;0.19233268356075375;0.21003666611941113;0.5980113636363636;0.5;0.75;0.25;0.737410071942446;0.582010582010582
2018-08-14 06:00:00;0.22760605216745566;0.22525036939747167;0.609375;0.8;0.75;0.3333333333333333;0.7410071942446043;0.5952380952380952
2018-08-14 07:00:00;0.21442495126705655;0.23608602856673783;0.6193181818181818;0.8;0.8055555555555556;0.4166666666666667;0.7158273381294964;0.6216931216931217
2018-08-14 08:00:00;0.11148240972802376;0.30153778799321407;0.6292613636363636;0.8;0.8055555555555556;0.4166666666666667;0.6906474820143885;0.6349206349206349
2018-08-14 09:00:00;0.0950524459296389;0.32260712526678703;0.6363636363636364;0.8;0.7777777777777778;0.3333333333333333;0.6870503597122302;0.6534391534391535
2018-08-14 10:00:00;0.09913673071567808;0.330432879111257;0.640625;0.5;0.7777777777777778;0.4166666666666667;0.6690647482014388;0.6481481481481481
2018-08-14 11:00:00;0.0900399146013181;0.3653477808788924;0.6463068181818182;0.8;0.8333333333333334;0.3333333333333333;0.6618705035971223;0.6772486772486772
2018-08-14 12:00:00;0.08706952566601688;0.37798938324303616;0.65625;0.6;0.7777777777777778;0.4166666666666667;0.6906474820143885;0.6693121693121693
2018-08-14 13:00:00;0.08762647359138587;0.385158430471187;0.6633522727272727;0.3;0.8055555555555556;0.3333333333333333;0.7050359712230215;0.656084656084656
2018-08-14 14:00:00;0.11825860948667966;0.3748700268155202;0.6676136363636364;0.0;0.75;0.3333333333333333;0.7086330935251799;0.6402116402116402
2018-08-14 15:00:00;0.11825860948667966;0.3641438187489739;0.6690340909090909;0.0;0.8055555555555556;0.3333333333333333;0.737410071942446;0.626984126984127
2018-08-14 16:00:00;0.12828367214332126;0.33574125759317025;0.6704545454545454;0.0;0.75;0.25;0.7805755395683454;0.5978835978835979
2018-08-14 17:00:00;0.21368235403323121;0.24637443222240463;0.6732954545454546;0.0;0.75;0.08333333333333333;0.8093525179856115;0.58994708994709
2018-08-14 18:00:00;0.22602803304557692;0.2073551141027746;0.6761363636363636;0.3;0.75;0.16666666666666666;0.762589928057554;0.5767195767195767
2018-08-14 19:00:00;0.17172561032210154;0.2569364636348711;0.6832386363636364;0.0;0.6944444444444444;0.16666666666666666;0.7517985611510791;0.5687830687830688
2018-08-14 20:00:00;0.24106562703053933;0.2247031138838724;0.6846590909090909;0.0;0.6111111111111112;0.08333333333333333;0.762589928057554;0.5423280423280423
2018-08-14 21:00:00;0.30938457254246726;0.17752968861161275;0.6860795454545454;0.0;0.6388888888888888;0.08333333333333333;0.7446043165467626;0.5714285714285714
2018-08-14 22:00:00;0.2603731551099972;0.18497236359656324;0.6903409090909091;0.0;0.6388888888888888;0.16666666666666666;0.7338129496402878;0.5634920634920635
2018-08-14 23:00:00;0.24914137194838948;0.14868932304492968;0.6860795454545454;0.0;0.5833333333333334;0.16666666666666666;0.7302158273381295;0.5370370370370371
2018-08-15 00:00:00;0.20941241993873574;0.16089312099819406;0.6846590909090909;0.0;0.5833333333333334;0.16666666666666666;0.7553956834532374;0.5661375661375662
2018-08-15 01:00:00;0.15176830966304652;0.19011656542439667;0.6832386363636364;0.0;0.5833333333333334;0.16666666666666666;0.7661870503597122;0.5767195767195767
2018-08-15 02:00:00;0.1477768495312355;0.16379357522027035;0.6818181818181818;0.0;0.5833333333333334;0.16666666666666666;0.7589928057553957;0.5767195767195767
2018-08-15 03:00:00;0.14703425229741018;0.15536584031084114;0.6775568181818182;0.0;0.6111111111111112;0.16666666666666666;0.7589928057553957;0.5740740740740741
2018-08-15 04:00:00;0.17404622667780562;0.13052043999343294;0.6803977272727273;0.0;0.5833333333333334;0.25;0.7733812949640287;0.5740740740740741
2018-08-15 05:00:00;0.24644945697577275;0.09888907130739343;0.6875;0.0;0.6111111111111112;0.25;0.7913669064748201;0.582010582010582
2018-08-15 06:00:00;0.2808874036944212;0.07825753844469983;0.6917613636363636;0.0;0.6111111111111112;0.25;0.8129496402877698;0.6111111111111112
2018-08-15 07:00:00;0.2691914972616727;0.08504350681333116;0.6946022727272727;0.2;0.6111111111111112;0.3333333333333333;0.8381294964028777;0.6455026455026455
2018-08-15 08:00:00;0.23568179708530584;0.09872489465331363;0.6974431818181818;0.0;0.6111111111111112;0.3333333333333333;0.8273381294964028;0.6613756613756614
2018-08-15 09:00:00;0.21089761440638635;0.12110764515952499;0.6974431818181818;0.1;0.6111111111111112;0.3333333333333333;0.8309352517985612;0.6772486772486772
2018-08-15 10:00:00;0.1940035273368607;0.15230120943468506;0.6974431818181818;0.1;0.5555555555555556;0.3333333333333333;0.802158273381295;0.6772486772486772
2018-08-15 11:00:00;0.21860206070732385;0.17490286214633613;0.7002840909090909;0.0;0.6666666666666666;0.3333333333333333;0.7877697841726619;0.6455026455026455
2018-08-15 12:00:00;0.2315975122992667;0.17358944891369782;0.7002840909090909;0.1;0.6388888888888888;0.3333333333333333;0.7697841726618705;0.6984126984126984
2018-08-15 13:00:00;0.190197716513506;0.22202156186723582;0.7002840909090909;0.0;0.6666666666666666;0.4166666666666667;0.7302158273381295;0.6772486772486772
2018-08-15 14:00:00;0.1424858442402302;0.2916324631970667;0.7017045454545454;0.4;0.6666666666666666;0.4166666666666667;0.7230215827338129;0.6693121693121693
2018-08-15 15:00:00;0.11862990810359231;0.2848464948284354;0.7002840909090909;0.0;0.6666666666666666;0.3333333333333333;0.737410071942446;0.6428571428571429
2018-08-15 16:00:00;0.1726538568643832;0.240628249329612;0.6946022727272727;0.3;0.5555555555555556;0.3333333333333333;0.7517985611510791;0.6481481481481481
2018-08-15 17:00:00;0.2057922584238374;0.21633010452580312;0.6903409090909091;0.0;0.5833333333333334;0.25;0.7697841726618705;0.6507936507936508
2018-08-15 18:00:00;0.21006219251833289;0.20522081759973732;0.6903409090909091;0.3;0.5555555555555556;0.25;0.7661870503597122;0.6375661375661376
2018-08-15 19:00:00;0.24477861319966582;0.1845345591856838;0.6917613636363636;0.0;0.5555555555555556;0.25;0.7410071942446043;0.6164021164021164
2018-08-15 20:00:00;0.273925554627309;0.17271384009193894;0.6875;0.0;0.5277777777777778;0.25;0.7230215827338129;0.6164021164021164
2018-08-15 21:00:00;0.2776385407964355;0.17140042685930063;0.6860795454545454;0.0;0.5277777777777778;0.25;0.7302158273381295;0.5952380952380952
2018-08-15 22:00:00;0.22380024134410098;0.19602692497126908;0.6832386363636364;0.0;0.5833333333333334;0.25;0.7158273381294964;0.5767195767195767
2018-08-15 23:00:00;0.182214796249884;0.19400207957095167;0.6775568181818182;0.0;0.5277777777777778;0.25;0.7194244604316546;0.5634920634920635
2018-08-16 00:00:00;0.1754385964912281;0.17358944891369782;0.6732954545454546;0.0;0.5555555555555556;0.25;0.7122302158273381;0.5476190476190477
2018-08-16 01:00:00;0.16374269005847952;0.16029113993323482;0.6690340909090909;0.0;0.5555555555555556;0.25;0.7050359712230215;0.5317460317460317
2018-08-16 02:00:00;0.16597048175995546;0.141410824714059;0.6676136363636364;0.0;0.5555555555555556;0.25;0.7014388489208633;0.5211640211640212
2018-08-16 03:00:00;0.1710758377425044;0.13675915284846496;0.6661931818181818;0.0;0.5277777777777778;0.25;0.697841726618705;0.5185185185185185
2018-08-16 04:00:00;0.1794300566230391;0.13106769550703223;0.6647727272727273;0.0;0.5555555555555556;0.25;0.697841726618705;0.5238095238095238
2018-08-16 05:00:00;0.24357189269469973;0.09910797351283314;0.6633522727272727;1.0;0.5555555555555556;0.3333333333333333;0.7158273381294964;0.5529100529100529
2018-08-16 06:00:00;0.28487886382623223;0.0924314562469217;0.6576704545454546;1.0;0.5555555555555556;0.3333333333333333;0.7302158273381295;0.582010582010582
2018-08-16 07:00:00;0.26974844518704166;0.10912274941170032;0.6576704545454546;1.0;0.5555555555555556;0.4166666666666667;0.7517985611510791;0.6243386243386243
2018-08-16 08:00:00;0.2506265664160401;0.12012258523504625;0.6548295454545454;1.0;0.5555555555555556;0.4166666666666667;0.7338129496402878;0.6587301587301587
2018-08-16 09:00:00;0.1843497632971317;0.1643955562852296;0.6534090909090909;0.2;0.6111111111111112;0.4166666666666667;0.7194244604316546;0.656084656084656
2018-08-16 10:00:00;0.17627401837928156;0.19263394078695342;0.6534090909090909;0.0;0.6388888888888888;0.4166666666666667;0.7266187050359713;0.6428571428571429
2018-08-16 11:00:00;0.1113895850737956;0.2065889563837356;0.6534090909090909;0.0;0.6111111111111112;0.4166666666666667;0.7158273381294964;0.6481481481481481
2018-08-16 12:00:00;0.13376032674278288;0.19476823728999068;0.6505681818181818;0.1;0.5833333333333334;0.5;0.737410071942446;0.6746031746031746
2018-08-16 13:00:00;0.1354311705188898;0.20582279866469655;0.6477272727272727;0.4;0.6944444444444444;0.4166666666666667;0.7410071942446043;0.7116402116402116
2018-08-16 14:00:00;0.14035087719298245;0.2292453346467466;0.6463068181818182;0.7;0.75;0.3333333333333333;0.7410071942446043;0.7142857142857143
2018-08-16 15:00:00;0.1617933723196881;0.2386034039292946;0.6463068181818182;0.6;0.7777777777777778;0.25;0.7482014388489209;0.7063492063492064
2018-08-16 16:00:00;0.19576719576719576;0.25715536584031085;0.6448863636363636;0.9;0.9166666666666666;0.25;0.7805755395683454;0.6455026455026455
2018-08-16 17:00:00;0.14684860298895386;0.27105565588573305;0.6505681818181818;0.7;0.9722222222222222;0.3333333333333333;0.7410071942446043;0.582010582010582
2018-08-16 18:00:00;0.12522045855379188;0.28030427406556124;0.6477272727272727;0.3;0.19444444444444445;0.25;0.7194244604316546;0.5529100529100529
2018-08-16 19:00:00;0.08567715585259443;0.3253434028347836;0.6519886363636364;0.0;0.25;0.16666666666666666;0.7194244604316546;0.5264550264550265
2018-08-16 20:00:00;0.168569572078344;0.27034422371805394;0.6463068181818182;0.0;0.3055555555555556;0.08333333333333333;0.7194244604316546;0.5
2018-08-16 21:00:00;0.15232525758841547;0.2636129809007826;0.6534090909090909;0.0;0.6666666666666666;0.08333333333333333;0.7338129496402878;0.5079365079365079
2018-08-16 22:00:00;0.23391812865497078;0.2039621299184589;0.6647727272727273;0.0;0.6666666666666666;0.0;0.7482014388489209;0.5238095238095238
2018-08-16 23:00:00;0.2587951359881185;0.16767908936682538;0.65625;0.0;0.6388888888888888;0.16666666666666666;0.7589928057553957;0.5291005291005291
2018-08-17 00:00:00;0.16801262415297505;0.20040496908006347;0.6619318181818182;0.0;0.5;0.16666666666666666;0.7517985611510791;0.5211640211640212
2018-08-17 01:00:00;0.10071474983755685;0.21895693099107974;0.6647727272727273;0.0;0.5555555555555556;0.16666666666666666;0.7482014388489209;0.5158730158730159
2018-08-17 02:00:00;0.11445279866332497;0.18130575165544796;0.6619318181818182;0.0;0.5277777777777778;0.08333333333333333;0.7482014388489209;0.5132275132275133
2018-08-17 03:00:00;0.10544880720319316;0.15990806107371533;0.6661931818181818;0.0;0.6388888888888888;0.08333333333333333;0.7446043165467626;0.5105820105820106
2018-08-17 04:00:00;0.1530678548222408;0.1346795818967876;0.6747159090909091;0.0;0.6388888888888888;0.08333333333333333;0.7338129496402878;0.5026455026455027
2018-08-17 05:00:00;0.2510906896871809;0.06621791714551525;0.6789772727272727;0.0;0.6111111111111112;0.08333333333333333;0.7338129496402878;0.5026455026455027
2018-08-17 06:00:00;0.4005383829945233;0.017676353089257378;0.6846590909090909;0.0;0.0;0.08333333333333333;0.7410071942446043;0.5264550264550265
2018-08-17 07:00:00;0.3660076116216467;0.018825589667815907;0.6960227272727273;0.2;0.8333333333333334;0.08333333333333333;0.7410071942446043;0.5740740740740741
2018-08-17 08:00:00;0.3628515733778892;0.02665134351228589;0.7017045454545454;0.2;0.6944444444444444;0.08333333333333333;0.7266187050359713;0.6084656084656085
2018-08-17 09:00:00;0.37575420031560386;0.07978985388277787;0.703125;1.0;0.75;0.16666666666666666;0.6906474820143885;0.6507936507936508
2018-08-17 10:00:00;0.17274668151861133;0.2097630383626115;0.7045454545454546;0.6;0.8611111111111112;0.16666666666666666;0.6546762589928058;0.6746031746031746
2018-08-17 11:00:00;0.11946532999164577;0.26224484211678434;0.7073863636363636;0.5;0.8888888888888888;0.16666666666666666;0.6223021582733813;0.6693121693121693
2018-08-17 12:00:00;0.1460131811009004;0.2555683248508729;0.7088068181818182;1.0;0.8333333333333334;0.25;0.6115107913669064;0.701058201058201
2018-08-17 13:00:00;0.10572728116587764;0.31948776883927105;0.7088068181818182;1.0;0.8333333333333334;0.3333333333333333;0.6007194244604317;0.6957671957671958
2018-08-17 14:00:00;0.13097558711593799;0.3231543807803864;0.7116477272727273;0.9;0.7777777777777778;0.25;0.6223021582733813;0.6798941798941799
2018-08-17 15:00:00;0.11306042884990253;0.3189952388770317;0.7116477272727273;1.0;0.8611111111111112;0.3333333333333333;0.5611510791366906;0.6798941798941799
2018-08-17 16:00:00;0.11120393576533925;0.32364691074262575;0.7116477272727273;1.0;0.8611111111111112;0.25;0.5611510791366906;0.6666666666666666
2018-08-17 17:00:00;0.09690893901420217;0.3271493460296613;0.71875;1.0;0.8611111111111112;0.16666666666666666;0.5899280575539568;0.6402116402116402
2018-08-17 18:00:00;0.1164021164021164;0.3010999835823346;0.7272727272727273;0.5;0.8333333333333334;0.16666666666666666;0.6187050359712231;0.5740740740740741
2018-08-17 19:00:00;0.1314397103870788;0.2869807913314727;0.7301136363636364;0.0;0.75;0.08333333333333333;0.6510791366906474;0.4708994708994709
2018-08-17 20:00:00;0.2555462730901327;0.21353910140644666;0.7329545454545454;0.0;0.6388888888888888;0.08333333333333333;0.6366906474820144;0.4365079365079365
2018-08-17 21:00:00;0.3705560196788267;0.12761998577135666;0.7357954545454546;0.0;0.6388888888888888;0.08333333333333333;0.6187050359712231;0.42328042328042326
2018-08-17 22:00:00;0.4212382808874037;0.0816505226290155;0.7372159090909091;0.0;0.4444444444444444;0.08333333333333333;0.60431654676259;0.4126984126984127
2018-08-17 23:00:00;0.3486494012809802;0.11300826355825534;0.7372159090909091;0.0;0.5555555555555556;0.08333333333333333;0.5899280575539568;0.4021164021164021
2018-08-18 00:00:00;0.22361459203564465;0.18661413013736114;0.7357954545454546;0.0;0.5833333333333334;0.16666666666666666;0.6007194244604317;0.41005291005291006
2018-08-18 01:00:00;0.21145456233175533;0.17479341104361626;0.7357954545454546;0.0;0.5;0.08333333333333333;0.5863309352517986;0.3994708994708995
2018-08-18 02:00:00;0.23289705745846095;0.17479341104361626;0.7315340909090909;0.0;0.5;0.08333333333333333;0.6079136690647482;0.41534391534391535
2018-08-18 03:00:00;0.21312540610786224;0.13736113391342417;0.7329545454545454;0.0;0.4722222222222222;0.16666666666666666;0.6258992805755396;0.4312169312169312
2018-08-18 04:00:00;0.2587951359881185;0.08416789799157227;0.734375;0.0;0.5277777777777778;0.16666666666666666;0.6402877697841727;0.4470899470899471
2018-08-18 05:00:00;0.27355425601039635;0.06791440923767307;0.7386363636363636;0.7;0.5833333333333334;0.25;0.6726618705035972;0.4947089947089947
2018-08-18 06:00:00;0.23883783532906339;0.07606851639030264;0.7400568181818182;1.0;0.5555555555555556;0.25;0.7086330935251799;0.5423280423280423
2018-08-18 07:00:00;0.22593520839134873;0.09773983472883489;0.7414772727272727;1.0;0.5833333333333334;0.3333333333333333;0.7446043165467626;0.5925925925925926
2018-08-18 08:00:00;0.23596027104799036;0.11984895747824659;0.7457386363636364;0.5;0.6111111111111112;0.3333333333333333;0.7338129496402878;0.6137566137566137
2018-08-18 09:00:00;0.23196881091617935;0.13314726645870956;0.7443181818181818;0.7;0.6111111111111112;0.3333333333333333;0.7410071942446043;0.6613756613756614
2018-08-18 10:00:00;0.16550635848881465;0.18294751819624583;0.7457386363636364;0.1;0.5833333333333334;0.3333333333333333;0.7158273381294964;0.6349206349206349
2018-08-18 11:00:00;0.13552399517311797;0.20855907623269304;0.7457386363636364;0.0;0.6666666666666666;0.3333333333333333;0.7194244604316546;0.6402116402116402
2018-08-18 12:00:00;0.14062935115566694;0.21408635692004596;0.7443181818181818;0.0;0.6666666666666666;0.3333333333333333;0.7194244604316546;0.6507936507936508
2018-08-18 13:00:00;0.13654506636962777;0.21939473540195917;0.7428977272727273;0.0;0.6666666666666666;0.4166666666666667;0.7086330935251799;0.6428571428571429
2018-08-18 14:00:00;0.113895850737956;0.2490012586876813;0.7428977272727273;0.0;0.6944444444444444;0.25;0.697841726618705;0.6481481481481481
2018-08-18 15:00:00;0.1267056530214425;0.25015049526623984;0.7386363636363636;0.3;0.6666666666666666;0.3333333333333333;0.7086330935251799;0.671957671957672
2018-08-18 16:00:00;0.10851202079272254;0.27576205330268705;0.7400568181818182;0.0;0.6944444444444444;0.3333333333333333;0.6906474820143885;0.6481481481481481
2018-08-18 17:00:00;0.14443516197902162;0.2830952771849176;0.7428977272727273;0.3;0.75;0.25;0.6870503597122302;0.6402116402116402
2018-08-18 18:00:00;0.14285714285714285;0.26733431839325783;0.7414772727272727;0.2;0.6666666666666666;0.16666666666666666;0.6942446043165468;0.6137566137566137
2018-08-18 19:00:00;0.16986911723753828;0.2395337383024134;0.7471590909090909;0.0;0.6388888888888888;0.16666666666666666;0.7230215827338129;0.5978835978835979
2018-08-18 20:00:00;0.21535319780933818;0.20051442018278334;0.7457386363636364;0.0;0.6388888888888888;0.16666666666666666;0.7338129496402878;0.6058201058201058
2018-08-18 21:00:00;0.2268634549336304;0.17260438898921907;0.7485795454545454;0.0;0.6666666666666666;0.16666666666666666;0.737410071942446;0.6005291005291006
2018-08-18 22:00:00;0.20941241993873574;0.146883379850052;0.7485795454545454;0.0;0.6388888888888888;0.16666666666666666;0.7410071942446043;0.5978835978835979
2018-08-18 23:00:00;0.2022649215631672;0.1457888688228534;0.7443181818181818;0.0;0.6111111111111112;0.16666666666666666;0.7517985611510791;0.5925925925925926
2018-08-19 00:00:00;0.1593799313097559;0.16724128495594592;0.7414772727272727;0.0;0.5555555555555556;0.16666666666666666;0.7553956834532374;0.58994708994709
2018-08-19 01:00:00;0.1447136359417061;0.16746018716138564;0.7372159090909091;0.0;0.6111111111111112;0.25;0.7482014388489209;0.5873015873015873
2018-08-19 02:00:00;0.15176830966304652;0.14803261642861051;0.7329545454545454;0.0;0.6111111111111112;0.25;0.7050359712230215;0.5714285714285714
2018-08-19 03:00:00;0.10080757449178501;0.18530071690472283;0.7301136363636364;0.0;0.5555555555555556;0.25;0.7014388489208633;0.5634920634920635
2018-08-19 04:00:00;0.11798013552399517;0.1633557708093909;0.7286931818181818;0.0;0.5555555555555556;0.25;0.7050359712230215;0.5555555555555556
2018-08-19 05:00:00;0.14332126612828366;0.14190335467629836;0.7286931818181818;0.0;0.5277777777777778;0.25;0.7050359712230215;0.5555555555555556
2018-08-19 06:00:00;0.13942263065070082;0.14825151863405026;0.7286931818181818;0.0;0.5833333333333334;0.3333333333333333;0.7158273381294964;0.5582010582010583
2018-08-19 07:00:00;0.1432284414740555;0.15246538608876484;0.7272727272727273;0.0;0.5;0.3333333333333333;0.737410071942446;0.5793650793650794
2018-08-19 08:00:00;0.16819827346143135;0.1428884146007771;0.7272727272727273;0.0;0.5833333333333334;0.3333333333333333;0.7553956834532374;0.5952380952380952
2018-08-19 09:00:00;0.17339645409820847;0.13292836425326984;0.7230113636363636;0.0;0.5555555555555556;0.3333333333333333;0.762589928057554;0.6164021164021164
2018-08-19 10:00:00;0.20003712986169125;0.13041098889071306;0.7173295454545454;0.0;0.5833333333333334;0.4166666666666667;0.7553956834532374;0.6402116402116402
2018-08-19 11:00:00;0.1497261672700269;0.17014173917802222;0.7116477272727273;0.1;0.5833333333333334;0.4166666666666667;0.7697841726618705;0.6640211640211641
2018-08-19 12:00:00;0.11306042884990253;0.18420620587752426;0.7088068181818182;0.0;0.6111111111111112;0.4166666666666667;0.7482014388489209;0.6693121693121693
2018-08-19 13:00:00;0.12095052445929638;0.2068078585891753;0.7002840909090909;0.0;0.6111111111111112;0.5;0.7482014388489209;0.6957671957671958
2018-08-19 14:00:00;0.11333890281258702;0.27395611010780935;0.6974431818181818;0.1;0.6111111111111112;0.5;0.7410071942446043;0.6878306878306878
2018-08-19 15:00:00;0.08484173396454096;0.2919060909538664;0.6946022727272727;0.0;0.6388888888888888;0.4166666666666667;0.7517985611510791;0.6878306878306878
2018-08-19 16:00:00;0.09477397196695442;0.2880205768073113;0.6946022727272727;0.0;0.7222222222222222;0.4166666666666667;0.7913669064748201;0.6587301587301587
2018-08-19 17:00:00;0.11900120672050495;0.2676626717014174;0.6931818181818182;0.0;0.6666666666666666;0.4166666666666667;0.7877697841726619;0.6402116402116402
2018-08-19 18:00:00;0.11992945326278659;0.263284627592623;0.6903409090909091;0.0;0.6944444444444444;0.3333333333333333;0.7733812949640287;0.626984126984127
2018-08-19 19:00:00;0.10340666481017356;0.2410113281891315;0.6931818181818182;0.0;0.6666666666666666;0.3333333333333333;0.7805755395683454;0.6164021164021164
2018-08-19 20:00:00;0.12401373804882576;0.20888742954085265;0.6946022727272727;0.0;0.6666666666666666;0.25;0.7949640287769785;0.6084656084656085
2018-08-19 21:00:00;0.12197159565580616;0.18672358124008098;0.6960227272727273;0.0;0.6666666666666666;0.25;0.802158273381295;0.6058201058201058
2018-08-19 22:00:00;0.1635570407500232;0.14677392874733214;0.6960227272727273;0.0;0.6388888888888888;0.25;0.8129496402877698;0.6084656084656085
2018-08-19 23:00:00;0.11862990810359231;0.15574891917036063;0.6903409090909091;0.0;0.6388888888888888;0.25;0.8165467625899281;0.6111111111111112
2018-08-20 00:00:00;0.10953309198923232;0.14682865429869205;0.6875;0.0;0.6111111111111112;0.25;0.8273381294964028;0.6164021164021164
2018-08-20 01:00:00;0.10043627587487235;0.14847042083948997;0.6903409090909091;0.0;0.6388888888888888;0.25;0.841726618705036;0.6164021164021164
2018-08-20 02:00:00;0.08372783811380302;0.1513161495102063;0.6875;0.0;0.6388888888888888;0.25;0.8489208633093526;0.6164021164021164
2018-08-20 03:00:00;0.10517033324050867;0.12154544957040442;0.6860795454545454;0.0;0.6666666666666666;0.16666666666666666;0.8597122302158273;0.6137566137566137
2018-08-20 04:00:00;0.1706117144713636;0.07765555737974061;0.6889204545454546;0.0;0.6944444444444444;0.16666666666666666;0.8597122302158273;0.6137566137566137
2018-08-20 05:00:00;0.2773600668337511;0.03250697750779839;0.6974431818181818;0.0;0.75;0.16666666666666666;0.8597122302158273;0.6190476190476191
2018-08-20 06:00:00;0.34048083170890187;0.017293274229737865;0.7045454545454546;0.0;0.8055555555555556;0.16666666666666666;0.8093525179856115;0.6164021164021164
2018-08-20 07:00:00;0.25174046226677804;0.06233240299896022;0.7116477272727273;0.0;0.8055555555555556;0.16666666666666666;0.8093525179856115;0.6216931216931217
2018-08-20 08:00:00;0.19205420959806926;0.12450062934384065;0.7201704545454546;0.0;0.7777777777777778;0.16666666666666666;0.7985611510791367;0.626984126984127
2018-08-20 09:00:00;0.1728395061728395;0.17709188420073332;0.7201704545454546;0.0;0.8333333333333334;0.16666666666666666;0.7877697841726619;0.6507936507936508
2018-08-20 10:00:00;0.1743247006404901;0.18694248344552075;0.7230113636363636;0.1;0.9444444444444444;0.16666666666666666;0.7877697841726619;0.6640211640211641
2018-08-20 11:00:00;0.13134688573285064;0.2068078585891753;0.7230113636363636;0.1;0.8888888888888888;0.25;0.7661870503597122;0.6613756613756614
2018-08-20 12:00:00;0.134967047247749;0.22245936627811524;0.7244318181818182;0.2;0.9166666666666666;0.25;0.7661870503597122;0.6746031746031746
2018-08-20 13:00:00;0.1364522417153996;0.22284244513763476;0.7230113636363636;0.0;0.9166666666666666;0.16666666666666666;0.7841726618705036;0.6851851851851852
2018-08-20 14:00:00;0.1281908474890931;0.2380561484156953;0.7230113636363636;0.2;0.8888888888888888;0.25;0.762589928057554;0.6825396825396826
2018-08-20 15:00:00;0.10219994430520746;0.2718218136047721;0.7201704545454546;0.9;0.8888888888888888;0.25;0.762589928057554;0.708994708994709
2018-08-20 16:00:00;0.16002970388935303;0.2552946970940732;0.71875;0.8;0.9444444444444444;0.25;0.7482014388489209;0.6904761904761905
2018-08-20 17:00:00;0.13004734057365636;0.2751053466863679;0.7201704545454546;1.0;0.8888888888888888;0.16666666666666666;0.762589928057554;0.6798941798941799
2018-08-20 18:00:00;0.16810544880720318;0.24943906309856073;0.7258522727272727;0.3;0.9444444444444444;0.16666666666666666;0.7553956834532374;0.626984126984127
2018-08-20 19:00:00;0.18007982920263624;0.22338970065123406;0.7329545454545454;0.0;0.8888888888888888;0.16666666666666666;0.7733812949640287;0.5714285714285714
2018-08-20 20:00:00;0.10944026733500417;0.23685218628577684;0.734375;0.0;0.9722222222222222;0.16666666666666666;0.7661870503597122;0.5555555555555556
2018-08-20 21:00:00;0.07296017822333611;0.23006621791714552;0.7357954545454546;0.0;0.0;0.08333333333333333;0.7266187050359713;0.5026455026455027
2018-08-20 22:00:00;0.1332033788174139;0.1731516445028184;0.734375;0.0;0.9444444444444444;0.08333333333333333;0.7230215827338129;0.4947089947089947
2018-08-20 23:00:00;0.14592035644667223;0.13254528539375035;0.7357954545454546;0.0;0.0;0.08333333333333333;0.7122302158273381;0.49206349206349204
2018-08-21 00:00:00;0.22110832637148425;0.08066546270453676;0.7357954545454546;0.0;0.0;0.0;0.7517985611510791;0.5211640211640212
2018-08-21 01:00:00;0.17757356353847584;0.08925737426804575;0.7357954545454546;0.0;0.9722222222222222;0.0;0.7553956834532374;0.5238095238095238
2018-08-21 02:00:00;0.12057922584238373;0.13823674273518305;0.7301136363636364;0.0;0.4166666666666667;0.08333333333333333;0.7517985611510791;0.5158730158730159
2018-08-21 03:00:00;0.13431727466815185;0.14042576478958027;0.7272727272727273;0.0;0.19444444444444445;0.08333333333333333;0.737410071942446;0.5105820105820106
2018-08-21 04:00:00;0.13478139793929267;0.11300826355825534;0.7315340909090909;0.0;0.027777777777777776;0.08333333333333333;0.7086330935251799;0.48412698412698413
2018-08-21 05:00:00;0.2177666388192704;0.06063591090680239;0.734375;0.0;0.0;0.08333333333333333;0.7338129496402878;0.5079365079365079
2018-08-21 06:00:00;0.27726724217952287;0.019701198489574783;0.7386363636363636;0.7;0.2777777777777778;0.08333333333333333;0.8165467625899281;0.6084656084656085
2018-08-21 07:00:00;0.3534762833008447;0.02413396814972911;0.7400568181818182;1.0;0.5;0.16666666666666666;0.8057553956834532;0.6507936507936508
2018-08-21 08:00:00;0.2896129211918686;0.10583921633010453;0.7372159090909091;1.0;0.4722222222222222;0.16666666666666666;0.8273381294964028;0.6904761904761905
2018-08-21 09:00:00;0.20142949967511373;0.17654462868713403;0.734375;0.9;0.4444444444444444;0.25;0.7733812949640287;0.716931216931217
2018-08-21 10:00:00;0.15455304928989141;0.20653423083237565;0.7301136363636364;0.4;0.4166666666666667;0.16666666666666666;0.7697841726618705;0.7328042328042328
2018-08-21 11:00:00;0.15891580803861505;0.22065342308323757;0.7272727272727273;0.4;0.5;0.16666666666666666;0.7877697841726619;0.7486772486772487
2018-08-21 12:00:00;0.16996194189176647;0.23400645761506048;0.7215909090909091;0.4;0.5;0.16666666666666666;0.7877697841726619;0.7619047619047619
2018-08-21 13:00:00;0.16281444351619792;0.2782794286652438;0.7159090909090909;0.3;0.4444444444444444;0.16666666666666666;0.7841726618705036;0.7724867724867724
2018-08-21 14:00:00;0.17710944026733502;0.32293547857494664;0.7144886363636364;0.1;0.5277777777777778;0.16666666666666666;0.7985611510791367;0.746031746031746
2018-08-21 15:00:00;0.20087255174974472;0.30952771849176386;0.7088068181818182;0.0;0.5833333333333334;0.08333333333333333;0.7769784172661871;0.7486772486772487
2018-08-21 16:00:00;0.3236795692936044;0.2616428610518251;0.703125;0.1;0.0;0.08333333333333333;0.8381294964028777;0.7407407407407407
2018-08-21 17:00:00;0.3027011974380395;0.2850653970338751;0.7002840909090909;0.2;0.8888888888888888;0.08333333333333333;0.8309352517985612;0.7248677248677249
2018-08-21 18:00:00;0.23521767381416503;0.2709462047830132;0.703125;0.3;0.8611111111111112;0.16666666666666666;0.8525179856115108;0.6746031746031746
2018-08-21 19:00:00;0.2826510721247564;0.24019044491873257;0.7073863636363636;0.0;0.8611111111111112;0.16666666666666666;0.8381294964028777;0.6111111111111112
2018-08-21 20:00:00;0.4527986633249791;0.14918185300716905;0.703125;0.0;0.8888888888888888;0.08333333333333333;0.8093525179856115;0.5634920634920635
2018-08-21 21:00:00;0.5168476747424116;0.08564548787829038;0.7073863636363636;0.0;0.9722222222222222;0.08333333333333333;0.7913669064748201;0.5423280423280423
2018-08-21 22:00:00;0.5540703610879049;0.036720844962513;0.7045454545454546;0.0;0.25;0.0;0.7985611510791367;0.5502645502645502
2018-08-21 23:00:00;0.44203100343451224;0.05915832102008428;0.703125;0.0;0.0;0.0;0.7913669064748201;0.544973544973545
2018-08-22 00:00:00;0.33834586466165417;0.06556121052919608;0.6988636363636364;0.0;0.0;0.08333333333333333;0.7841726618705036;0.5396825396825397
2018-08-22 01:00:00;0.3281351526965562;0.03858151370875062;0.6946022727272727;0.0;0.9722222222222222;0.08333333333333333;0.762589928057554;0.5238095238095238
2018-08-22 02:00:00;0.3073424301494477;0.03858151370875062;0.6889204545454546;0.0;0.9444444444444444;0.0;0.7410071942446043;0.5
2018-08-22 03:00:00;0.35607537361923325;0.028019482296284138;0.6860795454545454;0.0;0.8888888888888888;0.08333333333333333;0.7122302158273381;0.47883597883597884
2018-08-22 04:00:00;0.3721340388007055;0.034422371805395945;0.6889204545454546;0.0;0.0;0.08333333333333333;0.7158273381294964;0.48148148148148145
2018-08-22 05:00:00;0.47888239116309295;0.011765993542384941;0.6889204545454546;0.3;0.0;0.0;0.8093525179856115;0.5582010582010583
2018-08-22 06:00:00;0.4444444444444445;0.012367974607344172;0.6875;0.5;0.8333333333333334;0.08333333333333333;0.8489208633093526;0.626984126984127
2018-08-22 07:00:00;0.39032767102942545;0.031029387621080283;0.6875;0.9;0.8333333333333334;0.08333333333333333;0.8525179856115108;0.6666666666666666
2018-08-22 08:00:00;0.3237723939478326;0.07037705904886993;0.6860795454545454;0.9;0.7777777777777778;0.16666666666666666;0.8561151079136691;0.7222222222222222
2018-08-22 09:00:00;0.295553699062471;0.11672960105073059;0.6846590909090909;0.8;0.6944444444444444;0.25;0.8309352517985612;0.7275132275132276
2018-08-22 10:00:00;0.2975030168012624;0.1660920483773874;0.6803977272727273;0.6;0.6944444444444444;0.25;0.8201438848920863;0.7486772486772487
2018-08-22 11:00:00;0.20959806924719207;0.22820554917090788;0.6803977272727273;0.7;0.6666666666666666;0.3333333333333333;0.7985611510791367;0.7486772486772487
2018-08-22 12:00:00;0.12986169126520003;0.27778689870300444;0.6761363636363636;0.6;0.6944444444444444;0.3333333333333333;0.7949640287769785;0.753968253968254
2018-08-22 13:00:00;0.1515826603545902;0.27247852022109126;0.6732954545454546;0.8;0.6944444444444444;0.3333333333333333;0.7805755395683454;0.746031746031746
2018-08-22 14:00:00;0.15213960827995915;0.31582115689815576;0.6704545454545454;1.0;0.6666666666666666;0.3333333333333333;0.7769784172661871;0.7513227513227513
2018-08-22 15:00:00;0.17525294718277176;0.345318229081158;0.6676136363636364;0.9;0.7222222222222222;0.25;0.7733812949640287;0.7354497354497355
2018-08-22 16:00:00;0.24292212011510259;0.36124336452689765;0.6619318181818182;1.0;0.6666666666666666;0.25;0.762589928057554;0.7195767195767195
2018-08-22 17:00:00;0.25851666202543394;0.37755157883215673;0.6605113636363636;1.0;0.8333333333333334;0.16666666666666666;0.7805755395683454;0.6825396825396826
2018-08-22 18:00:00;0.24979114452798662;0.33732829858260827;0.6661931818181818;0.2;0.8611111111111112;0.16666666666666666;0.7949640287769785;0.6243386243386243
2018-08-22 19:00:00;0.2297410192147034;0.30077163027417503;0.6676136363636364;0.0;0.8611111111111112;0.16666666666666666;0.7841726618705036;0.5767195767195767
2018-08-22 20:00:00;0.2486772486772487;0.26060307557598644;0.6690340909090909;0.0;0.9444444444444444;0.08333333333333333;0.7553956834532374;0.5185185185185185
2018-08-22 21:00:00;0.36610043627587485;0.16631095058282713;0.6661931818181818;0.0;0.9444444444444444;0.0;0.7338129496402878;0.4947089947089947
2018-08-22 22:00:00;0.3681425786688945;0.13019208668527335;0.6633522727272727;0.0;0.9444444444444444;0.08333333333333333;0.7050359712230215;0.47619047619047616
2018-08-22 23:00:00;0.29685324422166526;0.1566245279921195;0.65625;0.0;0.4444444444444444;0.08333333333333333;0.6906474820143885;0.46296296296296297
2018-08-23 00:00:00;0.2862712336396547;0.15153505171564602;0.6491477272727273;0.0;0.4444444444444444;0.16666666666666666;0.7050359712230215;0.47354497354497355
2018-08-23 01:00:00;0.40323029796714005;0.048869917364417446;0.6434659090909091;0.0;0.4444444444444444;0.08333333333333333;0.7050359712230215;0.47354497354497355
2018-08-23 02:00:00;0.4241158451684767;0.027526952334044768;0.6363636363636364;0.0;0.5555555555555556;0.16666666666666666;0.7158273381294964;0.4894179894179894
2018-08-23 03:00:00;0.32191590086326927;0.05297433371641219;0.6321022727272727;0.0;0.5833333333333334;0.16666666666666666;0.7913669064748201;0.544973544973545
2018-08-23 04:00:00;0.22463566323215448;0.12247578394352324;0.6278409090909091;0.0;0.5555555555555556;0.25;0.7985611510791367;0.5608465608465608
2018-08-23 05:00:00;0.28896314861227146;0.09303343731188092;0.6235795454545454;0.0;0.5833333333333334;0.25;0.7769784172661871;0.5634920634920635
2018-08-23 06:00:00;0.35607537361923325;0.08504350681333116;0.6221590909090909;0.2;0.5833333333333334;0.25;0.7733812949640287;0.5925925925925926
2018-08-23 07:00:00;0.32832080200501257;0.1244459037924807;0.6221590909090909;0.0;0.5833333333333334;0.25;0.7841726618705036;0.6058201058201058
2018-08-23 08:00:00;0.288127726724218;0.1346795818967876;0.6221590909090909;0.0;0.6111111111111112;0.3333333333333333;0.7877697841726619;0.6243386243386243
2018-08-23 09:00:00;0.26120857699805067;0.1379631149783834;0.6193181818181818;0.0;0.6388888888888888;0.4166666666666667;0.7949640287769785;0.6402116402116402
2018-08-23 10:00:00;0.21433212661282836;0.15027636403436764;0.6150568181818182;0.0;0.6111111111111112;0.4166666666666667;0.7949640287769785;0.6640211640211641
2018-08-23 11:00:00;0.2109904390606145;0.143764023422536;0.6107954545454546;0.2;0.6111111111111112;0.4166666666666667;0.8093525179856115;0.6666666666666666
2018-08-23 12:00:00;0.16717720226492158;0.17293274229737865;0.6079545454545454;0.0;0.6388888888888888;0.3333333333333333;0.7805755395683454;0.6772486772486772
2018-08-23 13:00:00;0.17051888981713542;0.18376840146664478;0.6008522727272727;0.1;0.6388888888888888;0.4166666666666667;0.7589928057553957;0.6878306878306878
2018-08-23 14:00:00;0.165135059871902;0.20626060307557598;0.59375;0.0;0.6388888888888888;0.4166666666666667;0.7661870503597122;0.6798941798941799
2018-08-23 15:00:00;0.23308270676691728;0.18136047720680787;0.5866477272727273;0.0;0.6388888888888888;0.3333333333333333;0.7589928057553957;0.6825396825396826
2018-08-23 16:00:00;0.21201151025712428;0.1993104580528649;0.5809659090909091;0.2;0.6388888888888888;0.3333333333333333;0.7697841726618705;0.6746031746031746
2018-08-23 17:00:00;0.1924255082149819;0.19777814261478685;0.578125;0.0;0.6666666666666666;0.4166666666666667;0.7769784172661871;0.6587301587301587
2018-08-23 18:00:00;0.16374269005847952;0.181251026104088;0.5795454545454546;0.0;0.7222222222222222;0.4166666666666667;0.8129496402877698;0.6084656084656085
2018-08-23 19:00:00;0.15873015873015875;0.16554479286378812;0.5880681818181818;0.0;0.8055555555555556;0.25;0.802158273381295;0.5582010582010583
2018-08-23 20:00:00;0.17191125963055787;0.14206753133037814;0.59375;0.0;0.8333333333333334;0.16666666666666666;0.762589928057554;0.5396825396825397
2018-08-23 21:00:00;0.18128654970760236;0.1547638592458819;0.5909090909090909;0.0;0.75;0.16666666666666666;0.7230215827338129;0.5105820105820106
2018-08-23 22:00:00;0.1784089854265293;0.15722650905707877;0.5852272727272727;0.0;0.5555555555555556;0.08333333333333333;0.6546762589928058;0.4444444444444444
2018-08-23 23:00:00;0.2457996843961756;0.10447107754610628;0.5795454545454546;0.0;0.5277777777777778;0.08333333333333333;0.697841726618705;0.47619047619047616
2018-08-24 00:00:00;0.17516012252854357;0.11678432660209052;0.5752840909090909;0.0;0.5555555555555556;0.16666666666666666;0.7122302158273381;0.49206349206349204
2018-08-24 01:00:00;0.13840155945419103;0.13380397307502873;0.5681818181818182;0.0;0.5555555555555556;0.16666666666666666;0.7230215827338129;0.4973544973544973
2018-08-24 02:00:00;0.11742318759862617;0.13024681223663329;0.5667613636363636;0.0;0.5833333333333334;0.16666666666666666;0.737410071942446;0.5105820105820106
2018-08-24 03:00:00;0.14814814814814814;0.12493843375472008;0.5724431818181818;0.0;0.8055555555555556;0.25;0.7086330935251799;0.5158730158730159
2018-08-24 04:00:00;0.17367492806089296;0.12220215618672357;0.5795454545454546;0.0;0.7777777777777778;0.25;0.6474820143884892;0.5
2018-08-24 05:00:00;0.17451034994894643;0.18086794724456848;0.5894886363636364;0.0;0.75;0.25;0.6223021582733813;0.49206349206349204
2018-08-24 06:00:00;0.2988953866146849;0.14513216220653424;0.5965909090909091;0.7;0.7222222222222222;0.25;0.579136690647482;0.5291005291005291
2018-08-24 07:00:00;0.2845075652093196;0.1446943577956548;0.6036931818181818;1.0;0.7777777777777778;0.4166666666666667;0.5467625899280576;0.5396825396825397
2018-08-24 08:00:00;0.16012252854358117;0.19690253379302797;0.6079545454545454;0.8;0.7777777777777778;0.4166666666666667;0.5287769784172662;0.5661375661375662
2018-08-24 09:00:00;0.11900120672050495;0.22224046407267553;0.6122159090909091;0.7;0.7222222222222222;0.4166666666666667;0.5287769784172662;0.5740740740740741
2018-08-24 10:00:00;0.12373526408614127;0.23061347343074484;0.6136363636363636;0.9;0.7777777777777778;0.4166666666666667;0.5;0.5714285714285714
2018-08-24 11:00:00;0.08948296667594911;0.25305094948831613;0.6150568181818182;0.9;0.75;0.4166666666666667;0.5035971223021583;0.5714285714285714
2018-08-24 12:00:00;0.11194653299916456;0.2538171072073551;0.6136363636363636;0.8;0.6944444444444444;0.4166666666666667;0.4784172661870504;0.5846560846560847
2018-08-24 13:00:00;0.10888331940963518;0.2667323373282986;0.6122159090909091;0.6;0.6944444444444444;0.5;0.4712230215827338;0.5687830687830688
2018-08-24 14:00:00;0.1214146477304372;0.27176708805341215;0.609375;0.0;0.6944444444444444;0.4166666666666667;0.4856115107913669;0.5555555555555556
2018-08-24 15:00:00;0.15548129583217302;0.2545285393750342;0.609375;0.3;0.75;0.4166666666666667;0.4892086330935252;0.5370370370370371
2018-08-24 16:00:00;0.15232525758841547;0.2630657253871833;0.6036931818181818;0.8;0.6944444444444444;0.4166666666666667;0.4748201438848921;0.5582010582010583
2018-08-24 17:00:00;0.13153253504130696;0.2767471132271658;0.5951704545454546;0.7;0.6388888888888888;0.3333333333333333;0.49640287769784175;0.5396825396825397
2018-08-24 18:00:00;0.12178594634734985;0.29020959886170855;0.5894886363636364;0.2;0.5833333333333334;0.4166666666666667;0.4748201438848921;0.5
2018-08-24 19:00:00;0.1357096444815743;0.2714387347452526;0.5880681818181818;0.0;0.7222222222222222;0.25;0.5467625899280576;0.48412698412698413
2018-08-24 20:00:00;0.1530678548222408;0.26339407869534287;0.5823863636363636;0.0;0.1388888888888889;0.16666666666666666;0.5719424460431655;0.43915343915343913
2018-08-24 21:00:00;0.19883040935672516;0.19383790291687192;0.5894886363636364;0.0;0.7777777777777778;0.16666666666666666;0.564748201438849;0.41534391534391535
2018-08-24 22:00:00;0.16773415019029053;0.21578284901220382;0.5710227272727273;0.0;0.4444444444444444;0.16666666666666666;0.5683453237410072;0.3941798941798942
2018-08-24 23:00:00;0.16949781862062566;0.2458819022601653;0.5625;0.0;0.4444444444444444;0.16666666666666666;0.5755395683453237;0.3915343915343915
2018-08-25 00:00:00;0.13311055416318573;0.20992721501669132;0.5525568181818182;0.0;0.4722222222222222;0.16666666666666666;0.5863309352517986;0.4021164021164021
2018-08-25 01:00:00;0.10823354683003805;0.20697203524325508;0.5397727272727273;0.0;0.5833333333333334;0.25;0.5899280575539568;0.4074074074074074
2018-08-25 02:00:00;0.09960085398681888;0.20188255896678162;0.5397727272727273;0.0;0.6666666666666666;0.25;0.5827338129496403;0.3994708994708995
2018-08-25 03:00:00;0.06553420588508307;0.22968313905762602;0.5397727272727273;0.0;0.7222222222222222;0.16666666666666666;0.5755395683453237;0.3915343915343915
2018-08-25 04:00:00;0.12039357653392739;0.19909155584742516;0.5454545454545454;0.0;0.6944444444444444;0.16666666666666666;0.5683453237410072;0.3888888888888889
2018-08-25 05:00:00;0.1357096444815743;0.19969353691238442;0.5482954545454546;0.0;0.6944444444444444;0.25;0.5611510791366906;0.3888888888888889
2018-08-25 06:00:00;0.13552399517311797;0.22749411700322883;0.5610795454545454;0.2;0.6944444444444444;0.16666666666666666;0.5827338129496403;0.42592592592592593
2018-08-25 07:00:00;0.14582753179244407;0.214852514639085;0.5696022727272727;0.8;0.6666666666666666;0.25;0.5899280575539568;0.47354497354497355
2018-08-25 08:00:00;0.10776942355889724;0.235155694193619;0.5767045454545454;1.0;0.7222222222222222;0.3333333333333333;0.579136690647482;0.5185185185185185
2018-08-25 09:00:00;0.10340666481017356;0.24779729655776284;0.5795454545454546;1.0;0.7222222222222222;0.3333333333333333;0.539568345323741;0.5317460317460317
2018-08-25 10:00:00;0.09523809523809523;0.26043889892190664;0.5880681818181818;0.5;0.75;0.25;0.5611510791366906;0.5185185185185185
2018-08-25 11:00:00;0.11816578483245148;0.24790674766048268;0.5951704545454546;0.2;0.8055555555555556;0.25;0.5863309352517986;0.5079365079365079
2018-08-25 12:00:00;0.1460131811009004;0.23865812948065454;0.6008522727272727;0.4;0.6388888888888888;0.25;0.6402877697841727;0.5105820105820106
2018-08-25 13:00:00;0.1831430427921656;0.21879275433699993;0.6107954545454546;0.3;0.7777777777777778;0.25;0.5827338129496403;0.4947089947089947
2018-08-25 14:00:00;0.16170054766545996;0.24571772560608549;0.6150568181818182;0.8;0.8055555555555556;0.3333333333333333;0.5287769784172662;0.5423280423280423
2018-08-25 15:00:00;0.1021071196509793;0.27778689870300444;0.625;0.6;0.8611111111111112;0.3333333333333333;0.5719424460431655;0.47619047619047616
2018-08-25 16:00:00;0.08057179987004548;0.282821649428118;0.6306818181818182;0.5;0.9166666666666666;0.3333333333333333;0.5035971223021583;0.46825396825396826
2018-08-25 17:00:00;0.09718741297688664;0.2647622174793411;0.6392045454545454;0.2;0.9444444444444444;0.16666666666666666;0.5431654676258992;0.4365079365079365
2018-08-25 18:00:00;0.13877285807110368;0.23969791495649317;0.6477272727272727;0.2;1.0;0.08333333333333333;0.564748201438849;0.3968253968253968
2018-08-25 19:00:00;0.1886196973916272;0.2245389372297926;0.6548295454545454;0.0;0.5277777777777778;0.08333333333333333;0.5359712230215827;0.36243386243386244
2018-08-25 20:00:00;0.2636220180079829;0.1291523012094347;0.6576704545454546;0.0;0.6111111111111112;0.16666666666666666;0.539568345323741;0.36507936507936506
2018-08-25 21:00:00;0.37380488257681244;0.05445192360313031;0.6590909090909091;0.0;0.6388888888888888;0.16666666666666666;0.5251798561151079;0.3544973544973545
2018-08-25 22:00:00;0.3063213589529379;0.0971925792152356;0.6633522727272727;0.0;0.6944444444444444;0.16666666666666666;0.5611510791366906;0.3968253968253968
2018-08-25 23:00:00;0.27903091060985796;0.10934165161714005;0.6647727272727273;0.0;0.6666666666666666;0.25;0.5431654676258992;0.3835978835978836
2018-08-26 00:00:00;0.15473869859834774;0.21583757456356373;0.6633522727272727;0.0;0.6111111111111112;0.16666666666666666;0.5143884892086331;0.3412698412698413
2018-08-26 01:00:00;0.13738048825768123;0.211733158211569;0.6647727272727273;0.0;0.6388888888888888;0.16666666666666666;0.539568345323741;0.36772486772486773
2018-08-26 02:00:00;0.15622389306599835;0.211733158211569;0.6647727272727273;0.0;0.6111111111111112;0.16666666666666666;0.5035971223021583;0.3386243386243386
2018-08-26 03:00:00;0.15037593984962405;0.14989328517484815;0.6647727272727273;0.0;0.6388888888888888;0.16666666666666666;0.5;0.335978835978836
2018-08-26 04:00:00;0.18147219901605866;0.12510261040879989;0.6676136363636364;0.0;0.5833333333333334;0.16666666666666666;0.45323741007194246;0.291005291005291
2018-08-26 05:00:00;0.1806367771280052;0.1131177146609752;0.671875;0.5;0.5;0.08333333333333333;0.5611510791366906;0.38095238095238093
2018-08-26 06:00:00;0.17367492806089296;0.14951020631532863;0.6732954545454546;0.5;0.5555555555555556;0.08333333333333333;0.60431654676259;0.4444444444444444
2018-08-26 07:00:00;0.16309291747888238;0.18349477370984515;0.6690340909090909;0.9;0.5555555555555556;0.16666666666666666;0.60431654676259;0.5052910052910053
2018-08-26 08:00:00;0.14879792072774528;0.19777814261478685;0.6704545454545454;1.0;0.5;0.25;0.5323741007194245;0.5396825396825397
2018-08-26 09:00:00;0.14833379745660447;0.2293547857494664;0.6633522727272727;0.9;0.5277777777777778;0.3333333333333333;0.460431654676259;0.5582010582010583
2018-08-26 10:00:00;0.1414647730437204;0.2705631259234937;0.6576704545454546;0.9;0.5555555555555556;0.4166666666666667;0.5467625899280576;0.5740740740740741
2018-08-26 11:00:00;0.13942263065070082;0.3006074536200952;0.6491477272727273;0.6;0.5;0.4166666666666667;0.5287769784172662;0.5846560846560847
2018-08-26 12:00:00;0.1128747795414462;0.3268757182728616;0.6363636363636364;0.5;0.5;0.4166666666666667;0.5359712230215827;0.6005291005291006
2018-08-26 13:00:00;0.10322101550171725;0.3426914026158814;0.625;0.3;0.5277777777777778;0.5;0.5143884892086331;0.5925925925925926
2018-08-26 14:00:00;0.10981156595191682;0.3652383297761725;0.6178977272727273;0.0;0.5555555555555556;0.4166666666666667;0.4676258992805755;0.5793650793650794
2018-08-26 15:00:00;0.12095052445929638;0.3690691183713676;0.609375;0.0;0.5555555555555556;0.4166666666666667;0.4748201438848921;0.5687830687830688
2018-08-26 16:00:00;0.14870509607351712;0.3305970557653368;0.5994318181818182;0.0;0.5277777777777778;0.3333333333333333;0.4784172661870504;0.5476190476190477
2018-08-26 17:00:00;0.15770908753364896;0.2897170688994692;0.5880681818181818;0.0;0.5;0.3333333333333333;0.4856115107913669;0.5476190476190477
2018-08-26 18:00:00;0.1784089854265293;0.26339407869534287;0.5809659090909091;0.0;0.5277777777777778;0.5;0.4892086330935252;0.5238095238095238
2018-08-26 19:00:00;0.12930474333983105;0.33716412192852846;0.5681818181818182;0.0;0.4444444444444444;0.5;0.5359712230215827;0.49206349206349204
2018-08-26 20:00:00;0.13979392926761347;0.3139057626005582;0.5553977272727273;0.0;0.5;0.5833333333333334;0.5215827338129496;0.5211640211640212
2018-08-26 21:00:00;0.11157523438225192;0.31937831773655123;0.5454545454545454;0.0;0.5277777777777778;0.5833333333333334;0.5539568345323741;0.5105820105820106
2018-08-26 22:00:00;0.07917943005662303;0.3103486017621628;0.5383522727272727;0.0;0.5;0.5833333333333334;0.6187050359712231;0.4576719576719577
2018-08-26 23:00:00;0.0714749837556855;0.3014283368904942;0.5255681818181818;0.0;0.5277777777777778;0.5;0.6546762589928058;0.455026455026455
2018-08-27 00:00:00;0.060614499210990436;0.2670059650850982;0.5170454545454546;0.0;0.5555555555555556;0.5;0.6762589928057554;0.46825396825396826
2018-08-27 01:00:00;0.05773693492991739;0.25179226180703773;0.5113636363636364;0.0;0.5555555555555556;0.4166666666666667;0.697841726618705;0.48148148148148145
2018-08-27 02:00:00;0.05773693492991739;0.22809609806818804;0.5071022727272727;0.0;0.5555555555555556;0.4166666666666667;0.7302158273381295;0.5052910052910053
2018-08-27 03:00:00;0.06831894551192796;0.19372845181415202;0.5099431818181818;0.0;0.5555555555555556;0.4166666666666667;0.7589928057553957;0.5264550264550265
2018-08-27 04:00:00;0.0860484544695071;0.1644502818365895;0.5198863636363636;0.0;0.5833333333333334;0.3333333333333333;0.7805755395683454;0.5476190476190477
2018-08-27 05:00:00;0.16931216931216933;0.1267991025009577;0.5298295454545454;0.0;0.6111111111111112;0.3333333333333333;0.7949640287769785;0.5634920634920635
2018-08-27 06:00:00;0.2602803304557691;0.07393421988726537;0.5326704545454546;0.1;0.6111111111111112;0.25;0.8057553956834532;0.582010582010582
2018-08-27 07:00:00;0.26352919335375474;0.067969134789033;0.5397727272727273;0.1;0.6388888888888888;0.3333333333333333;0.7913669064748201;0.5873015873015873
2018-08-27 08:00:00;0.2351248491599369;0.09002353198708477;0.5511363636363636;0.1;0.6666666666666666;0.3333333333333333;0.762589928057554;0.5714285714285714
2018-08-27 09:00:00;0.20922677063027942;0.12198325398128386;0.5639204545454546;0.3;0.75;0.3333333333333333;0.7302158273381295;0.6005291005291006
2018-08-27 10:00:00;0.15947275596398403;0.16543534176106825;0.5752840909090909;0.2;0.7222222222222222;0.4166666666666667;0.6546762589928058;0.5925925925925926
2018-08-27 11:00:00;0.12354961477768493;0.20746456520549444;0.5880681818181818;0.0;0.7222222222222222;0.4166666666666667;0.6834532374100719;0.582010582010582
2018-08-27 12:00:00;0.1670843776106934;0.1982706725770262;0.6036931818181818;0.1;0.75;0.4166666666666667;0.6223021582733813;0.582010582010582
2018-08-27 13:00:00;0.1984591107398125;0.22897170688994692;0.6136363636363636;0.0;0.7222222222222222;0.4166666666666667;0.5935251798561151;0.5714285714285714
2018-08-27 14:00:00;0.18351434140907824;0.24216056476769005;0.6235795454545454;0.0;0.75;0.4166666666666667;0.5863309352517986;0.5714285714285714
2018-08-27 15:00:00;0.16940499396639747;0.2481256498659224;0.6321022727272727;0.0;0.7222222222222222;0.3333333333333333;0.6079136690647482;0.5767195767195767
2018-08-27 16:00:00;0.2180451127819549;0.22749411700322883;0.6363636363636364;0.0;0.6388888888888888;0.3333333333333333;0.6438848920863309;0.5740740740740741
2018-08-27 17:00:00;0.21628144435161978;0.21003666611941113;0.6463068181818182;0.0;0.6666666666666666;0.25;0.6294964028776978;0.5661375661375662
2018-08-27 18:00:00;0.15381045205606608;0.2464838833251245;0.6548295454545454;0.0;0.6388888888888888;0.25;0.6366906474820144;0.5555555555555556
2018-08-27 19:00:00;0.1847210619140444;0.21288239479012752;0.6647727272727273;0.0;0.6666666666666666;0.16666666666666666;0.658273381294964;0.5502645502645502
2018-08-27 20:00:00;0.23596027104799036;0.16926613035626334;0.671875;0.0;0.6666666666666666;0.16666666666666666;0.6726618705035972;0.5343915343915344
2018-08-27 21:00:00;0.2871994801819363;0.11191375253105676;0.6747159090909091;0.0;0.6388888888888888;0.25;0.6654676258992805;0.544973544973545
2018-08-27 22:00:00;0.2208298524087998;0.14064466699501998;0.6803977272727273;0.0;0.6111111111111112;0.25;0.6834532374100719;0.544973544973545
2018-08-27 23:00:00;0.16597048175995546;0.16264433864171182;0.6846590909090909;0.0;0.6388888888888888;0.25;0.6870503597122302;0.5502645502645502
2018-08-28 00:00:00;0.1404437018472106;0.16691293164778637;0.6889204545454546;0.0;0.5833333333333334;0.25;0.7014388489208633;0.5423280423280423
2018-08-28 01:00:00;0.12902626937714656;0.16001751217643517;0.6917613636363636;0.0;0.6388888888888888;0.16666666666666666;0.7050359712230215;0.5370370370370371
2018-08-28 02:00:00;0.15770908753364896;0.1293712034148744;0.6889204545454546;0.0;0.6111111111111112;0.08333333333333333;0.7086330935251799;0.5291005291005291
2018-08-28 03:00:00;0.16439246263807666;0.11065506484977836;0.6931818181818182;0.0;0.6111111111111112;0.08333333333333333;0.7122302158273381;0.5291005291005291
2018-08-28 04:00:00;0.1872273275782048;0.09686422590707601;0.6988636363636364;0.0;0.5833333333333334;0.16666666666666666;0.7158273381294964;0.5291005291005291
2018-08-28 05:00:00;0.2905411677341502;0.05319323592185192;0.7045454545454546;0.0;0.5555555555555556;0.16666666666666666;0.7230215827338129;0.5343915343915344
2018-08-28 06:00:00;0.4062935115566695;0.0232036337766103;0.7102272727272727;0.0;0.5555555555555556;0.16666666666666666;0.7302158273381295;0.5396825396825397
2018-08-28 07:00:00;0.37464030446486585;0.017731078640617307;0.7159090909090909;0.0;0.6111111111111112;0.16666666666666666;0.737410071942446;0.5582010582010583
2018-08-28 08:00:00;0.3555184256938643;0.02823838450172386;0.7173295454545454;0.0;0.5277777777777778;0.16666666666666666;0.7482014388489209;0.58994708994709
2018-08-28 09:00:00;0.33119836628608557;0.03825316040059104;0.7130681818181818;0.5;0.5555555555555556;0.16666666666666666;0.6942446043165468;0.6322751322751323
2018-08-28 10:00:00;0.2899842198087812;0.10534668636786516;0.7116477272727273;0.1;0.5;0.16666666666666666;0.6438848920863309;0.6375661375661376
2018-08-28 11:00:00;0.2826510721247564;0.16231598533355224;0.7116477272727273;0.2;0.5277777777777778;0.25;0.6258992805755396;0.6455026455026455
2018-08-28 12:00:00;0.2022649215631672;0.24150385815137088;0.7088068181818182;0.0;0.5555555555555556;0.25;0.6294964028776978;0.6481481481481481
2018-08-28 13:00:00;0.24366471734892786;0.2577573469052701;0.7045454545454546;0.4;0.4722222222222222;0.25;0.6223021582733813;0.6507936507936508
2018-08-28 14:00:00;0.22250069618490673;0.26394133420894217;0.7002840909090909;0.7;0.5;0.25;0.6258992805755396;0.6375661375661376
2018-08-28 15:00:00;0.21470342522974104;0.2719312647074919;0.6931818181818182;0.5;0.4722222222222222;0.16666666666666666;0.6115107913669064;0.6428571428571429
2018-08-28 16:00:00;0.2759676970203286;0.23915065944289388;0.6860795454545454;0.9;0.4444444444444444;0.25;0.6223021582733813;0.6190476190476191
2018-08-28 17:00:00;0.24570685974194748;0.2678268483554972;0.6818181818181818;1.0;0.0;0.08333333333333333;0.697841726618705;0.5687830687830688
2018-08-28 18:00:00;0.2914694142764318;0.23630493077217754;0.6789772727272727;0.0;0.1111111111111111;0.08333333333333333;0.6762589928057554;0.47883597883597884
2018-08-28 19:00:00;0.4148333797456604;0.15678870464619932;0.6761363636363636;0.0;0.08333333333333333;0.08333333333333333;0.6438848920863309;0.4417989417989418
2018-08-28 20:00:00;0.46338067390698967;0.062222951896240365;0.671875;0.0;0.16666666666666666;0.08333333333333333;0.6223021582733813;0.42063492063492064
2018-08-28 21:00:00;0.5158266035459018;0.032233349750998744;0.6661931818181818;0.0;0.027777777777777776;0.08333333333333333;0.6007194244604317;0.40476190476190477
2018-08-28 22:00:00;0.4494569757727652;0.02287528046845072;0.6605113636363636;0.0;0.08333333333333333;0.08333333333333333;0.5611510791366906;0.38095238095238093
2018-08-28 23:00:00;0.4308920449271326;0.018661413013736115;0.6534090909090909;0.0;0.08333333333333333;0.08333333333333333;0.5539568345323741;0.37037037037037035
2018-08-29 00:00:00;0.3877285807110369;0.016964920921578287;0.6434659090909091;0.0;0.05555555555555555;0.08333333333333333;0.5503597122302158;0.35978835978835977
2018-08-29 01:00:00;0.3408521303258145;0.015049526623980737;0.6363636363636364;0.0;0.1388888888888889;0.08333333333333333;0.5215827338129496;0.34656084656084657
2018-08-29 02:00:00;0.31894551192796805;0.01554205658622011;0.6278409090909091;0.0;0.1388888888888889;0.08333333333333333;0.5215827338129496;0.3386243386243386
2018-08-29 03:00:00;0.29638912095052444;0.011765993542384941;0.6306818181818182;0.0;0.0;0.0;0.5035971223021583;0.3306878306878307
2018-08-29 04:00:00;0.27550357374918777;0.012532151261423959;0.6235795454545454;0.0;0.0;0.0;0.49640287769784175;0.328042328042328
2018-08-29 05:00:00;0.2594449085677156;0.010835659169266132;0.6221590909090909;0.8;0.0;0.08333333333333333;0.5899280575539568;0.3968253968253968
2018-08-29 06:00:00;0.2766174695999257;0.011984895747824662;0.6321022727272727;0.4;0.3888888888888889;0.08333333333333333;0.6726618705035972;0.48148148148148145
2018-08-29 07:00:00;0.45094217024041583;0.01576095879165983;0.6221590909090909;0.8;0.2777777777777778;0.08333333333333333;0.6942446043165468;0.544973544973545
2018-08-29 08:00:00;0.48900027847396266;0.03496962731899524;0.6164772727272727;0.0;0.1111111111111111;0.08333333333333333;0.7266187050359713;0.5846560846560847
2018-08-29 09:00:00;0.5078436832822798;0.03157664313467958;0.6008522727272727;0.0;0.05555555555555555;0.16666666666666666;0.7050359712230215;0.5978835978835979
2018-08-29 10:00:00;0.4165970481759956;0.0464072675532206;0.6136363636363636;0.0;0.19444444444444445;0.25;0.6942446043165468;0.6031746031746031
2018-08-29 11:00:00;0.3711129676041957;0.10189897663218957;0.6178977272727273;0.0;0.9722222222222222;0.08333333333333333;0.7194244604316546;0.6084656084656085
2018-08-29 12:00:00;0.4102849716884805;0.10956055382257977;0.6107954545454546;0.0;0.9722222222222222;0.16666666666666666;0.7194244604316546;0.6005291005291006
2018-08-29 13:00:00;0.3238652186020607;0.12581404257647896;0.6150568181818182;0.0;0.9166666666666666;0.25;0.7122302158273381;0.6137566137566137
2018-08-29 14:00:00;0.22157244964262507;0.2207081486345975;0.6178977272727273;0.0;0.027777777777777776;0.3333333333333333;0.697841726618705;0.6190476190476191
2018-08-29 15:00:00;0.15975122992666851;0.2780605264598041;0.625;0.0;1.0;0.4166666666666667;0.7230215827338129;0.5740740740740741
2018-08-29 16:00:00;0.1371948389492249;0.2535982050019154;0.6292613636363636;0.0;0.9722222222222222;0.3333333333333333;0.6834532374100719;0.4973544973544973
2018-08-29 17:00:00;0.09143228441474055;0.2888961856290702;0.6377840909090909;0.0;0.9444444444444444;0.25;0.6942446043165468;0.47883597883597884
2018-08-29 18:00:00;0.10034345122064418;0.28884146007771033;0.6491477272727273;0.0;0.9166666666666666;0.16666666666666666;0.6906474820143885;0.4708994708994709
2018-08-29 19:00:00;0.13301772950895757;0.28895091118043015;0.6605113636363636;0.0;0.8333333333333334;0.16666666666666666;0.697841726618705;0.47883597883597884
2018-08-29 20:00:00;0.22639933166248954;0.2464838833251245;0.6690340909090909;0.0;0.9166666666666666;0.16666666666666666;0.697841726618705;0.48148148148148145
2018-08-29 21:00:00;0.24013738048825767;0.21895693099107974;0.6761363636363636;0.0;0.8611111111111112;0.16666666666666666;0.7014388489208633;0.48677248677248675
2018-08-29 22:00:00;0.18277174417525296;0.23247414217698242;0.6818181818181818;0.0;0.8611111111111112;0.16666666666666666;0.7086330935251799;0.48677248677248675
2018-08-29 23:00:00;0.14304279216559918;0.2596727412028676;0.6832386363636364;0.0;0.8333333333333334;0.16666666666666666;0.7086330935251799;0.4894179894179894
2018-08-30 00:00:00;0.16940499396639747;0.23756361845345592;0.6889204545454546;0.0;0.8333333333333334;0.16666666666666666;0.7086330935251799;0.48677248677248675
2018-08-30 01:00:00;0.203285992759677;0.1932906474032726;0.6931818181818182;0.0;0.8055555555555556;0.08333333333333333;0.6906474820143885;0.47619047619047616
2018-08-30 02:00:00;0.19502459853337048;0.1932906474032726;0.6988636363636364;0.0;0.8055555555555556;0.16666666666666666;0.6726618705035972;0.4576719576719577
2018-08-30 03:00:00;0.17627401837928156;0.16045531658731463;0.7073863636363636;0.0;0.8055555555555556;0.16666666666666666;0.6510791366906474;0.455026455026455
2018-08-30 04:00:00;0.2037501160308178;0.16248016198763202;0.7159090909090909;0.0;0.8055555555555556;0.16666666666666666;0.6258992805755396;0.43915343915343913
2018-08-30 05:00:00;0.42142393019586;0.06643681935095497;0.7201704545454546;0.5;0.8055555555555556;0.16666666666666666;0.6187050359712231;0.4656084656084656
2018-08-30 06:00:00;0.5217673814165043;0.02862146336124337;0.7244318181818182;0.8;0.8055555555555556;0.16666666666666666;0.6258992805755396;0.5
2018-08-30 07:00:00;0.46421609579504314;0.05395939364089093;0.734375;0.8;0.8333333333333334;0.25;0.5971223021582733;0.5291005291005291
2018-08-30 08:00:00;0.32108047897521586;0.12023203633776611;0.7400568181818182;0.3;0.8888888888888888;0.25;0.5935251798561151;0.5529100529100529
2018-08-30 09:00:00;0.21173303629443982;0.18442510808296397;0.7428977272727273;0.4;0.8888888888888888;0.3333333333333333;0.5539568345323741;0.5687830687830688
2018-08-30 10:00:00;0.1482409728023763;0.22836972582498768;0.7443181818181818;1.0;0.8333333333333334;0.3333333333333333;0.5323741007194245;0.6031746031746031
2018-08-30 11:00:00;0.12874779541446207;0.257045914737591;0.7471590909090909;1.0;0.8611111111111112;0.3333333333333333;0.539568345323741;0.6164021164021164
2018-08-30 12:00:00;0.10749094959621275;0.2656378263011;0.7485795454545454;0.9;0.9444444444444444;0.3333333333333333;0.5503597122302158;0.6005291005291006
2018-08-30 13:00:00;0.11129676041956743;0.27849833087068354;0.7528409090909091;0.7;0.9444444444444444;0.3333333333333333;0.5287769784172662;0.582010582010582
2018-08-30 14:00:00;0.10155017172561032;0.28522957368795493;0.7514204545454546;0.6;0.8611111111111112;0.3333333333333333;0.49640287769784175;0.6164021164021164
2018-08-30 15:00:00;0.12057922584238373;0.2869807913314727;0.7542613636363636;0.9;0.9722222222222222;0.3333333333333333;0.4748201438848921;0.5873015873015873
2018-08-30 16:00:00;0.08669822704910424;0.2975428227439392;0.7571022727272727;0.7;0.027777777777777776;0.25;0.5359712230215827;0.5634920634920635
2018-08-30 17:00:00;0.08214981899192425;0.29250807201882556;0.7599431818181818;0.8;1.0;0.25;0.5539568345323741;0.5370370370370371
2018-08-30 18:00:00;0.07054673721340388;0.2703989492694139;0.765625;0.0;0.9722222222222222;0.16666666666666666;0.5827338129496403;0.5026455026455027
2018-08-30 19:00:00;0.07936507936507935;0.25053357412575933;0.7698863636363636;0.0;0.9722222222222222;0.16666666666666666;0.5827338129496403;0.4576719576719577
2018-08-30 20:00:00;0.07982920263622018;0.23800142286433537;0.7698863636363636;0.0;0.8888888888888888;0.08333333333333333;0.579136690647482;0.4021164021164021
2018-08-30 21:00:00;0.1510257124292212;0.18535544245608274;0.7713068181818182;0.0;0.9166666666666666;0.08333333333333333;0.5287769784172662;0.35714285714285715
2018-08-30 22:00:00;0.24459296389120952;0.12734635801455702;0.7698863636363636;0.0;0.0;0.08333333333333333;0.5179856115107914;0.3439153439153439
2018-08-30 23:00:00;0.27271883412234293;0.08066546270453676;0.7698863636363636;0.0;0.0;0.0;0.49640287769784175;0.32275132275132273
2018-08-31 00:00:00;0.2593520839134874;0.07803863623926012;0.7670454545454546;0.0;0.9166666666666666;0.08333333333333333;0.4784172661870504;0.31216931216931215
2018-08-31 01:00:00;0.25443237723939477;0.06463087615607728;0.7670454545454546;0.0;0.0;0.08333333333333333;0.46402877697841727;0.30158730158730157
2018-08-31 02:00:00;0.22964819456047528;0.052810157062332407;0.765625;0.0;0.0;0.0;0.45323741007194246;0.2962962962962963
2018-08-31 03:00:00;0.261394226306507;0.021671318338532263;0.7642045454545454;0.0;0.7777777777777778;0.0;0.4460431654676259;0.29365079365079366
2018-08-31 04:00:00;0.2787524366471735;0.011656542439665083;0.765625;0.0;0.0;0.0;0.44964028776978415;0.2962962962962963
2018-08-31 05:00:00;0.19715956558061823;0.010124227001587043;0.7698863636363636;0.5;0.0;0.0;0.5215827338129496;0.35185185185185186
2018-08-31 06:00:00;0.2774528914879792;0.011765993542384941;0.7741477272727273;0.0;0.0;0.0;0.5935251798561151;0.40476190476190477
2018-08-31 07:00:00;0.31467557783347255;0.01291523012094347;0.7769886363636364;0.4;0.0;0.0;0.5971223021582733;0.5158730158730159
2018-08-31 08:00:00;0.38392276988768215;0.041208340174027254;0.7798295454545454;0.0;0.0;0.08333333333333333;0.6007194244604317;0.5396825396825397
2018-08-31 09:00:00;0.38392276988768215;0.041208340174027254;0.7798295454545454;0.3;0.1388888888888889;0.16666666666666666;0.5755395683453237;0.5476190476190477
2018-08-31 10:00:00;0.38392276988768215;0.041208340174027254;0.7798295454545454;0.0;1.0;0.16666666666666666;0.5719424460431655;0.5343915343915344
2018-08-31 11:00:00;0.38392276988768215;0.041208340174027254;0.7784090909090909;0.0;0.05555555555555555;0.16666666666666666;0.5575539568345323;0.5396825396825397
2018-08-31 12:00:00;0.38392276988768215;0.041208340174027254;0.7769886363636364;0.0;0.027777777777777776;0.16666666666666666;0.48201438848920863;0.5555555555555556
2018-08-31 13:00:00;0.38392276988768215;0.041208340174027254;0.7741477272727273;0.0;0.9166666666666666;0.08333333333333333;0.4784172661870504;0.5529100529100529
2018-08-31 14:00:00;0.38392276988768215;0.041208340174027254;0.7741477272727273;0.0;0.9444444444444444;0.08333333333333333;0.4712230215827338;0.5714285714285714
2018-08-31 15:00:00;0.38392276988768215;0.041208340174027254;0.7727272727272727;0.2;0.9166666666666666;0.16666666666666666;0.44964028776978415;0.5740740740740741
2018-08-31 16:00:00;0.05625174046226678;0.041208340174027254;0.7755681818181818;0.2;0.1111111111111111;0.08333333333333333;0.49280575539568344;0.5529100529100529
2018-08-31 17:00:00;0.07917943005662303;0.3067914409237673;0.7784090909090909;0.5;0.08333333333333333;0.16666666666666666;0.5;0.5264550264550265
2018-08-31 18:00:00;0.11343172746681517;0.27614513216220654;0.7840909090909091;0.0;0.05555555555555555;0.08333333333333333;0.564748201438849;0.42592592592592593
2018-08-31 19:00:00;0.23150468764503854;0.19378317736551195;0.7897727272727273;0.0;0.05555555555555555;0.08333333333333333;0.5431654676258992;0.373015873015873
2018-08-31 20:00:00;0.44787895665088645;0.0730586110655065;0.7926136363636364;0.0;0.1388888888888889;0.08333333333333333;0.5107913669064749;0.3439153439153439
2018-08-31 21:00:00;0.4426807760141093;0.05647676900344772;0.7940340909090909;0.0;0.08333333333333333;0.08333333333333333;0.49640287769784175;0.3306878306878307
2018-08-31 22:00:00;0.4215167548500882;0.041919772341706345;0.796875;0.0;0.05555555555555555;0.08333333333333333;0.460431654676259;0.30423280423280424
2018-08-31 23:00:00;0.3594170611714471;0.06019810649592295;0.7954545454545454;0.0;0.16666666666666666;0.08333333333333333;0.460431654676259;0.29894179894179895
2018-09-01 00:00:00;0.2965747702589808;0.07831226399605977;0.7982954545454546;0.0;0.25;0.08333333333333333;0.44244604316546765;0.28835978835978837
2018-09-01 01:00:00;0.27791701475912;0.062277677447600294;0.7997159090909091;0.0;0.25;0.08333333333333333;0.4244604316546763;0.2698412698412698
2018-09-01 02:00:00;0.21683839227698876;0.06085481311224211;0.8011363636363636;0.0;0.2222222222222222;0.08333333333333333;0.4028776978417266;0.25925925925925924
2018-09-01 03:00:00;0.21423930195860022;0.04613363979642095;0.8025568181818182;0.0;0.0;0.0;0.39568345323741005;0.25396825396825395
2018-09-01 04:00:00;0.20310034345122066;0.03201444754555902;0.8082386363636364;0.0;0.0;0.08333333333333333;0.38848920863309355;0.24867724867724866
2018-09-01 05:00:00;0.19586002042142395;0.02271110381437093;0.8167613636363636;0.5;0.0;0.0;0.4748201438848921;0.3148148148148148
2018-09-01 06:00:00;0.2155388471177945;0.0221091227494117;0.8252840909090909;1.0;0.0;0.0;0.5719424460431655;0.41534391534391535
2018-09-01 07:00:00;0.2721618861969739;0.03655666830843321;0.828125;1.0;0.3611111111111111;0.08333333333333333;0.5755395683453237;0.5105820105820106
2018-09-01 08:00:00;0.2433862433862434;0.18021124062824934;0.8323863636363636;1.0;0.3333333333333333;0.08333333333333333;0.5719424460431655;0.5529100529100529
2018-09-01 09:00:00;0.18704167826974846;0.25469271602911403;0.8323863636363636;1.0;0.3333333333333333;0.08333333333333333;0.5251798561151079;0.5873015873015873
2018-09-01 10:00:00;0.14062935115566694;0.3046024188693701;0.8295454545454546;1.0;0.3333333333333333;0.08333333333333333;0.5143884892086331;0.6005291005291006
2018-09-01 11:00:00;0.11046133853151395;0.34608438680019704;0.8267045454545454;0.5;0.6944444444444444;0.08333333333333333;0.5071942446043165;0.626984126984127
2018-09-01 12:00:00;0.20022277917014758;0.3181196300552728;0.8252840909090909;0.4;0.08333333333333333;0.16666666666666666;0.5431654676258992;0.6005291005291006
2018-09-01 13:00:00;0.09096816114359972;0.4033820390740437;0.8238636363636364;0.8;0.027777777777777776;0.16666666666666666;0.49280575539568344;0.6137566137566137
2018-09-01 14:00:00;0.06228534298709737;0.41722760356810595;0.8196022727272727;0.7;0.08333333333333333;0.16666666666666666;0.5215827338129496;0.6164021164021164
2018-09-01 15:00:00;0.05151768309663046;0.44168992502599463;0.8196022727272727;1.0;0.8888888888888888;0.16666666666666666;0.539568345323741;0.6402116402116402
2018-09-01 16:00:00;0.05300287756428107;0.4288294204564111;0.8196022727272727;0.7;0.08333333333333333;0.25;0.5323741007194245;0.6005291005291006
2018-09-01 17:00:00;0.05365265014387821;0.43583429103048216;0.8238636363636364;0.8;0.08333333333333333;0.25;0.5359712230215827;0.5661375661375662
2018-09-01 18:00:00;0.06636962777313654;0.4102774585453949;0.8267045454545454;0.0;0.08333333333333333;0.16666666666666666;0.5359712230215827;0.5132275132275133
2018-09-01 19:00:00;0.1530678548222408;0.3333880588846933;0.8309659090909091;0.0;0.08333333333333333;0.16666666666666666;0.5503597122302158;0.41798941798941797
2018-09-01 20:00:00;0.22380024134410098;0.27576205330268705;0.8323863636363636;0.0;0.1111111111111111;0.16666666666666666;0.5323741007194245;0.38095238095238093
2018-09-01 21:00:00;0.2288127726724218;0.25244896842335685;0.8338068181818182;0.0;0.1388888888888889;0.16666666666666666;0.5287769784172662;0.3968253968253968
2018-09-01 22:00:00;0.23057644110275688;0.2293000601981065;0.8338068181818182;0.0;0.1388888888888889;0.25;0.539568345323741;0.4126984126984127
2018-09-01 23:00:00;0.13691636498654042;0.24237946697312976;0.8323863636363636;0.0;0.16666666666666666;0.16666666666666666;0.5179856115107914;0.36243386243386244
2018-09-02 00:00:00;0.14183607166063306;0.21753406665572156;0.8309659090909091;0.0;0.1388888888888889;0.16666666666666666;0.5;0.3386243386243386
2018-09-02 01:00:00;0.12429221201151024;0.20866852733541288;0.8309659090909091;0.0;0.1111111111111111;0.08333333333333333;0.4748201438848921;0.3148148148148148
2018-09-02 02:00:00;0.12122899842198086;0.19996716466918404;0.8267045454545454;0.0;0.1111111111111111;0.08333333333333333;0.4568345323741007;0.30158730158730157
2018-09-02 03:00:00;0.11742318759862617;0.18880315219175833;0.8210227272727273;0.0;0.1388888888888889;0.08333333333333333;0.4460431654676259;0.29365079365079366
2018-09-02 04:00:00;0.1121321823076209;0.1743008810813769;0.8196022727272727;0.0;0.08333333333333333;0.08333333333333333;0.4712230215827338;0.31216931216931215
2018-09-02 05:00:00;0.09143228441474055;0.19974826246374433;0.8196022727272727;0.3;0.1111111111111111;0.08333333333333333;0.564748201438849;0.3835978835978836
2018-09-02 06:00:00;0.08976144063863362;0.19181305751655447;0.8196022727272727;1.0;0.16666666666666666;0.16666666666666666;0.6223021582733813;0.4576719576719577
2018-09-02 07:00:00;0.08307806553420588;0.20724566300005473;0.8196022727272727;1.0;0.16666666666666666;0.16666666666666666;0.6618705035971223;0.5343915343915344
2018-09-02 08:00:00;0.08391348742225935;0.22612597821923058;0.8181818181818182;1.0;0.2777777777777778;0.25;0.6690647482014388;0.58994708994709
2018-09-02 09:00:00;0.10832637148426622;0.22842445137634765;0.8110795454545454;1.0;0.2777777777777778;0.16666666666666666;0.6438848920863309;0.6375661375661376
2018-09-02 10:00:00;0.12262136823540332;0.2909210310293876;0.8039772727272727;1.0;0.3055555555555556;0.25;0.6438848920863309;0.6613756613756614
2018-09-02 11:00:00;0.09922955536990624;0.36835768620368853;0.7982954545454546;0.6;0.3055555555555556;0.25;0.5971223021582733;0.6481481481481481
2018-09-02 12:00:00;0.07787988489742874;0.4185410168007443;0.7897727272727273;0.2;0.3055555555555556;0.25;0.60431654676259;0.6798941798941799
2018-09-02 13:00:00;0.11398867539218416;0.40830733869643737;0.7798295454545454;0.6;0.16666666666666666;0.3333333333333333;0.6187050359712231;0.6904761904761905
2018-09-02 14:00:00;0.08150004641232711;0.44448092814535106;0.7727272727272727;0.7;0.25;0.25;0.5611510791366906;0.6904761904761905
2018-09-02 15:00:00;0.061264271790587584;0.4826793629945822;0.765625;0.9;0.1388888888888889;0.3333333333333333;0.5539568345323741;0.6746031746031746
2018-09-02 16:00:00;0.07648751508400631;0.4862912493843376;0.7627840909090909;1.0;0.1111111111111111;0.3333333333333333;0.539568345323741;0.656084656084656
2018-09-02 17:00:00;0.05031096259166434;0.4960323975264051;0.7599431818181818;0.8;0.1111111111111111;0.3333333333333333;0.564748201438849;0.6111111111111112
2018-09-02 18:00:00;0.0800148519446765;0.4567941772013353;0.7627840909090909;0.0;0.1111111111111111;0.25;0.564748201438849;0.5634920634920635
2018-09-02 19:00:00;0.14137194838949224;0.39178022218573855;0.7613636363636364;0.0;0.1111111111111111;0.25;0.5683453237410072;0.5317460317460317
2018-09-02 20:00:00;0.1834215167548501;0.32616428610518255;0.7585227272727273;0.0;0.1111111111111111;0.25;0.564748201438849;0.5079365079365079
2018-09-02 21:00:00;0.15371762740183795;0.31456246921687736;0.7571022727272727;0.0;0.08333333333333333;0.25;0.5683453237410072;0.49206349206349204
2018-09-02 22:00:00;0.12754107490949596;0.3060252832047283;0.7542613636363636;0.0;0.08333333333333333;0.16666666666666666;0.5971223021582733;0.47883597883597884
2018-09-02 23:00:00;0.09458832265849809;0.2909210310293876;0.7471590909090909;0.0;0.08333333333333333;0.16666666666666666;0.6330935251798561;0.4894179894179894
2018-09-03 00:00:00;0.08567715585259443;0.2624637443222241;0.7372159090909091;0.0;0.027777777777777776;0.16666666666666666;0.658273381294964;0.5
2018-09-03 01:00:00;0.07268170426065163;0.25513052043999346;0.7315340909090909;0.0;1.0;0.16666666666666666;0.6654676258992805;0.5026455026455027
2018-09-03 02:00:00;0.0699897892880349;0.25513052043999346;0.7286931818181818;0.0;1.0;0.16666666666666666;0.6762589928057554;0.5052910052910053
2018-09-03 03:00:00;0.060057551285621465;0.2580309746620697;0.7272727272727273;0.0;0.027777777777777776;0.08333333333333333;0.6798561151079137;0.5079365079365079
2018-09-03 04:00:00;0.07862248213125404;0.24429486127072733;0.7230113636363636;0.0;0.9722222222222222;0.16666666666666666;0.6906474820143885;0.5105820105820106
2018-09-03 05:00:00;0.1592871066555277;0.20724566300005473;0.7215909090909091;0.0;0.05555555555555555;0.16666666666666666;0.7014388489208633;0.5211640211640212
2018-09-03 06:00:00;0.16123642439431912;0.20308652109670006;0.7201704545454546;0.0;0.9722222222222222;0.16666666666666666;0.7122302158273381;0.5396825396825397
2018-09-03 07:00:00;0.3225656734428664;0.11486893230449297;0.7130681818181818;0.0;0.9444444444444444;0.16666666666666666;0.7338129496402878;0.5687830687830688
2018-09-03 08:00:00;0.271047990346236;0.13363979642094895;0.7130681818181818;0.1;0.027777777777777776;0.16666666666666666;0.7410071942446043;0.6190476190476191
2018-09-03 09:00:00;0.15817321080478977;0.18579324686696222;0.7088068181818182;0.0;0.05555555555555555;0.25;0.7697841726618705;0.6349206349206349
2018-09-03 10:00:00;0.142949967511371;0.22377277951075358;0.703125;0.0;0.027777777777777776;0.25;0.7517985611510791;0.6428571428571429
2018-09-03 11:00:00;0.10544880720319316;0.26005582006238714;0.6988636363636364;0.0;0.9722222222222222;0.3333333333333333;0.7482014388489209;0.6534391534391535
2018-09-03 12:00:00;0.0847489093103128;0.2791550374870027;0.6931818181818182;0.0;0.027777777777777776;0.25;0.7553956834532374;0.6507936507936508
2018-09-03 13:00:00;0.11166805903648008;0.2842992393148361;0.6903409090909091;0.2;0.9444444444444444;0.25;0.7949640287769785;0.6825396825396826
2018-09-03 14:00:00;0.10888331940963518;0.2775132709462048;0.6846590909090909;0.1;0.027777777777777776;0.25;0.8057553956834532;0.6798941798941799
2018-09-03 15:00:00;0.10684117701661561;0.3000601981064959;0.6832386363636364;0.2;1.0;0.25;0.8309352517985612;0.6693121693121693
2018-09-03 16:00:00;0.08270676691729323;0.35401959174738684;0.6832386363636364;0.2;0.8888888888888888;0.25;0.841726618705036;0.6587301587301587
2018-09-03 17:00:00;0.08437761069340016;0.3709297871176052;0.6832386363636364;0.8;0.9444444444444444;0.25;0.8345323741007195;0.6455026455026455
2018-09-03 18:00:00;0.09106098579782788;0.35467629836370607;0.6860795454545454;0.0;0.9444444444444444;0.16666666666666666;0.8237410071942446;0.6216931216931217
2018-09-03 19:00:00;0.08632692843219157;0.3439500902971598;0.6875;0.0;0.9444444444444444;0.25;0.8273381294964028;0.6084656084656085
2018-09-03 20:00:00;0.09560939385500787;0.31510972473047666;0.6875;0.0;0.8888888888888888;0.16666666666666666;0.8309352517985612;0.58994708994709
2018-09-03 21:00:00;0.0807574491785018;0.29912986373337713;0.6875;0.0;0.8888888888888888;0.16666666666666666;0.8309352517985612;0.5846560846560847
2018-09-03 22:00:00;0.07815835886011324;0.2768018387785257;0.6832386363636364;0.0;0.8888888888888888;0.16666666666666666;0.8309352517985612;0.5793650793650794
2018-09-03 23:00:00;0.07240323029796714;0.2714934602966125;0.6789772727272727;0.0;1.0;0.16666666666666666;0.841726618705036;0.5925925925925926
2018-09-04 00:00:00;0.05912930474333983;0.27959284189788214;0.6747159090909091;0.0;0.027777777777777776;0.25;0.8525179856115108;0.5952380952380952
2018-09-04 01:00:00;0.041121321823076214;0.3081595797077656;0.6704545454545454;0.0;0.9722222222222222;0.25;0.8525179856115108;0.5952380952380952
2018-09-04 02:00:00;0.04075002320616356;0.2960105073058611;0.6661931818181818;0.0;0.9444444444444444;0.16666666666666666;0.8453237410071942;0.58994708994709
2018-09-04 03:00:00;0.04381323679569294;0.27488644448092814;0.6676136363636364;0.0;0.9722222222222222;0.16666666666666666;0.8453237410071942;0.5873015873015873
2018-09-04 04:00:00;0.04177109440267335;0.2736277567996498;0.6732954545454546;0.0;0.0;0.08333333333333333;0.8453237410071942;0.5873015873015873
2018-09-04 05:00:00;0.1286549707602339;0.22787719586274832;0.6761363636363636;0.0;0.0;0.0;0.8489208633093526;0.58994708994709
2018-09-04 06:00:00;0.13301772950895757;0.21753406665572156;0.6803977272727273;0.0;0.8611111111111112;0.08333333333333333;0.8489208633093526;0.6058201058201058
2018-09-04 07:00:00;0.15093288777499306;0.20762874185957422;0.6818181818181818;0.0;0.9166666666666666;0.16666666666666666;0.8561151079136691;0.6216931216931217
2018-09-04 08:00:00;0.14935486865311426;0.20111640124774258;0.6818181818181818;0.2;0.8888888888888888;0.08333333333333333;0.8597122302158273;0.6534391534391535
2018-09-04 09:00:00;0.1324607815835886;0.21200678596836867;0.6803977272727273;1.0;0.8888888888888888;0.16666666666666666;0.8489208633093526;0.6825396825396826
2018-09-04 10:00:00;0.11733036294439801;0.24434958682208724;0.6775568181818182;0.5;0.9722222222222222;0.16666666666666666;0.8561151079136691;0.716931216931217
2018-09-04 11:00:00;0.15622389306599835;0.28167241284955946;0.6761363636363636;0.5;0.9166666666666666;0.16666666666666666;0.8633093525179856;0.7433862433862434
2018-09-04 12:00:00;0.16996194189176647;0.3270946204783013;0.6732954545454546;1.0;0.9444444444444444;0.16666666666666666;0.8741007194244604;0.7592592592592593
2018-09-04 13:00:00;0.15510999721526036;0.3634323865812948;0.6747159090909091;0.1;0.027777777777777776;0.25;0.8597122302158273;0.7248677248677249
2018-09-04 14:00:00;0.10906896871809152;0.47501778580419196;0.6747159090909091;0.0;0.9444444444444444;0.16666666666666666;0.8920863309352518;0.7116402116402116
2018-09-04 15:00:00;0.10108604845446949;0.43583429103048216;0.6732954545454546;0.0;0.9722222222222222;0.08333333333333333;0.8848920863309353;0.7195767195767195
2018-09-04 16:00:00;0.11742318759862617;0.45673945164997537;0.6732954545454546;0.0;0.8888888888888888;0.16666666666666666;0.8812949640287769;0.7037037037037037
2018-09-04 17:00:00;0.14359974009096815;0.44530181141575004;0.6775568181818182;0.3;0.9722222222222222;0.16666666666666666;0.8884892086330936;0.6746031746031746
2018-09-04 18:00:00;0.1798941798941799;0.3424177748590817;0.6875;0.0;0.9722222222222222;0.16666666666666666;0.8741007194244604;0.6455026455026455
2018-09-04 19:00:00;0.18156502367028685;0.30449296776665025;0.6889204545454546;0.0;0.9722222222222222;0.08333333333333333;0.8669064748201439;0.6084656084656085
2018-09-04 20:00:00;0.23995173117980137;0.23159853335522357;0.6903409090909091;0.0;0.9444444444444444;0.08333333333333333;0.8705035971223022;0.6164021164021164
2018-09-04 21:00:00;0.16921934465794114;0.22464838833251244;0.6889204545454546;0.0;0.9444444444444444;0.08333333333333333;0.8741007194244604;0.6137566137566137
2018-09-04 22:00:00;0.13868003341687551;0.19520604170087016;0.6889204545454546;0.0;0.9444444444444444;0.08333333333333333;0.8597122302158273;0.5952380952380952
2018-09-04 23:00:00;0.13459574863083634;0.1607836698954742;0.6875;0.0;0.9722222222222222;0.08333333333333333;0.8561151079136691;0.5925925925925926
2018-09-05 00:00:00;0.12373526408614127;0.14786843977453074;0.6860795454545454;0.0;1.0;0.16666666666666666;0.8381294964028777;0.58994708994709
2018-09-05 01:00:00;0.1171447136359417;0.14447545559021507;0.6846590909090909;0.0;0.027777777777777776;0.16666666666666666;0.8237410071942446;0.5873015873015873
2018-09-05 02:00:00;0.10442773600668337;0.14015213703278062;0.6803977272727273;0.0;0.08333333333333333;0.16666666666666666;0.8093525179856115;0.5793650793650794
2018-09-05 03:00:00;0.10869767010117887;0.13571936737262627;0.6761363636363636;0.0;0.1111111111111111;0.16666666666666666;0.802158273381295;0.5714285714285714
2018-09-05 04:00:00;0.1279123735264086;0.1214907240190445;0.6875;0.0;0.8888888888888888;0.16666666666666666;0.8057553956834532;0.582010582010582
2018-09-05 05:00:00;0.24774900213496706;0.08225250369397473;0.6931818181818182;0.0;0.8611111111111112;0.25;0.8237410071942446;0.5767195767195767
2018-09-05 06:00:00;0.25174046226677804;0.1659278717233076;0.6917613636363636;0.0;0.027777777777777776;0.25;0.8237410071942446;0.5793650793650794
2018-09-05 07:00:00;0.17451034994894643;0.353143982925628;0.6946022727272727;0.0;1.0;0.25;0.8345323741007195;0.5925925925925926
2018-09-05 08:00:00;0.25498932516476375;0.25387183275871505;0.703125;0.0;0.9166666666666666;0.25;0.8237410071942446;0.58994708994709
2018-09-05 09:00:00;0.265385686438318;0.14874404859628962;0.7017045454545454;0.0;0.9722222222222222;0.25;0.8201438848920863;0.5740740740740741
2018-09-05 10:00:00;0.47164206813329623;0.12384392272752148;0.6960227272727273;0.0;0.9444444444444444;0.25;0.8273381294964028;0.5952380952380952
2018-09-05 11:00:00;0.43154181750672976;0.15963443331691568;0.6917613636363636;0.1;1.0;0.3333333333333333;0.8201438848920863;0.6296296296296297
2018-09-05 12:00:00;0.3731551099972153;0.21441471022820555;0.6860795454545454;0.1;0.027777777777777776;0.3333333333333333;0.8201438848920863;0.6613756613756614
2018-09-05 13:00:00;0.3296203471642068;0.25715536584031085;0.6789772727272727;0.1;0.08333333333333333;0.3333333333333333;0.8237410071942446;0.6746031746031746
2018-09-05 14:00:00;0.15761626287942077;0.3264926394133421;0.671875;0.9;0.1111111111111111;0.25;0.7661870503597122;0.6984126984126984
2018-09-05 15:00:00;0.11556669451406293;0.3634871121326548;0.6676136363636364;0.5;0.027777777777777776;0.25;0.7985611510791367;0.6957671957671958
2018-09-05 16:00:00;0.1500046412327114;0.3439500902971598;0.6676136363636364;0.8;0.9166666666666666;0.25;0.8309352517985612;0.6587301587301587
2018-09-05 17:00:00;0.15139701104613387;0.28112515733596016;0.6676136363636364;0.8;0.9444444444444444;0.25;0.8273381294964028;0.6243386243386243
2018-09-05 18:00:00;0.14202172096908938;0.26815520166365675;0.6690340909090909;0.0;0.9444444444444444;0.16666666666666666;0.8237410071942446;0.6084656084656085
2018-09-05 19:00:00;0.13580246913580246;0.2613692332950254;0.6661931818181818;0.0;0.9722222222222222;0.16666666666666666;0.8165467625899281;0.5978835978835979
2018-09-05 20:00:00;0.11807296017822332;0.2543096371695945;0.6605113636363636;0.0;0.9722222222222222;0.16666666666666666;0.8165467625899281;0.5846560846560847
2018-09-05 21:00:00;0.10739812494198457;0.2583593279702293;0.65625;0.0;0.9166666666666666;0.16666666666666666;0.8129496402877698;0.5740740740740741
2018-09-05 22:00:00;0.09198923234010953;0.2539812838614349;0.6633522727272727;0.0;0.6666666666666666;0.16666666666666666;0.8129496402877698;0.5793650793650794
2018-09-05 23:00:00;0.07787988489742874;0.26158813550046517;0.6619318181818182;0.0;0.75;0.25;0.7949640287769785;0.5529100529100529
2018-09-06 00:00:00;0.1342244500139237;0.26377715755486236;0.6448863636363636;0.0;0.9722222222222222;0.16666666666666666;0.7841726618705036;0.5476190476190477
2018-09-06 01:00:00;0.08836907082521117;0.31248289826520004;0.6420454545454546;0.0;0.0;0.08333333333333333;0.7985611510791367;0.5476190476190477
2018-09-06 02:00:00;0.08567715585259443;0.22612597821923058;0.6335227272727273;0.0;0.8888888888888888;0.08333333333333333;0.7949640287769785;0.5476190476190477
2018-09-06 03:00:00;0.09477397196695442;0.18371367591528487;0.6278409090909091;0.0;0.8611111111111112;0.08333333333333333;0.7913669064748201;0.544973544973545
2018-09-06 04:00:00;0.14963334261579875;0.15328626935916378;0.6278409090909091;0.0;0.9444444444444444;0.16666666666666666;0.7949640287769785;0.5476190476190477
2018-09-06 05:00:00;0.16689872830223706;0.16198763202539265;0.6292613636363636;0.0;0.1111111111111111;0.08333333333333333;0.7985611510791367;0.5502645502645502
2018-09-06 06:00:00;0.26427179058758005;0.10748098287090244;0.6292613636363636;0.0;0.8611111111111112;0.08333333333333333;0.8057553956834532;0.5582010582010583
2018-09-06 07:00:00;0.24979114452798662;0.11185902697969681;0.6278409090909091;0.0;0.16666666666666666;0.08333333333333333;0.802158273381295;0.5714285714285714
2018-09-06 08:00:00;0.2573099415204678;0.13911235155694193;0.6264204545454546;0.0;0.16666666666666666;0.08333333333333333;0.8057553956834532;0.5767195767195767
2018-09-06 09:00:00;0.29583217302515546;0.23269304438242214;0.6221590909090909;0.0;0.0;0.0;0.7805755395683454;0.5925925925925926
2018-09-06 10:00:00;0.19465329991645783;0.3131396048815192;0.6193181818181818;0.0;0.8055555555555556;0.08333333333333333;0.7985611510791367;0.6031746031746031
2018-09-06 11:00:00;0.31086976701011787;0.2905379521698681;0.6164772727272727;0.0;0.7777777777777778;0.08333333333333333;0.802158273381295;0.5767195767195767
2018-09-06 12:00:00;0.4176181193725053;0.1652164395556285;0.6150568181818182;0.0;0.8333333333333334;0.16666666666666666;0.8093525179856115;0.5661375661375662
2018-09-06 13:00:00;0.4316346421609579;0.16297269194987138;0.6107954545454546;0.0;0.8611111111111112;0.16666666666666666;0.7877697841726619;0.5740740740740741
2018-09-06 14:00:00;0.26622110832637147;0.2946970940732228;0.609375;0.0;0.8611111111111112;0.25;0.7697841726618705;0.5476190476190477
2018-09-06 15:00:00;0.3801169590643275;0.24500629343840638;0.609375;0.0;0.8611111111111112;0.25;0.7697841726618705;0.5476190476190477
2018-09-06 16:00:00;0.30409356725146197;0.27472226782684833;0.6065340909090909;0.5;0.8888888888888888;0.25;0.7553956834532374;0.5502645502645502
2018-09-06 17:00:00;0.3057644110275689;0.2561703059158321;0.609375;0.5;0.8611111111111112;0.16666666666666666;0.7589928057553957;0.544973544973545
2018-09-06 18:00:00;0.28905597326649957;0.23608602856673783;0.6122159090909091;0.0;0.75;0.16666666666666666;0.7266187050359713;0.5211640211640212
2018-09-06 19:00:00;0.26427179058758005;0.2236633284080337;0.6122159090909091;0.0;0.7777777777777778;0.16666666666666666;0.7158273381294964;0.5079365079365079
2018-09-06 20:00:00;0.4357189269469971;0.12822196683631587;0.6107954545454546;0.0;0.7222222222222222;0.16666666666666666;0.6906474820143885;0.4894179894179894
2018-09-06 21:00:00;0.32692843219159007;0.1721118590269797;0.609375;0.0;0.6388888888888888;0.08333333333333333;0.6834532374100719;0.47883597883597884
2018-09-06 22:00:00;0.25192611157523437;0.1641219285284299;0.6051136363636364;0.0;0.6388888888888888;0.16666666666666666;0.6834532374100719;0.47619047619047616
2018-09-06 23:00:00;0.27930938457254245;0.14847042083948997;0.6008522727272727;0.0;0.6111111111111112;0.08333333333333333;0.6618705035971223;0.4497354497354497
2018-09-07 00:00:00;0.24375754200315605;0.1392218026596618;0.5951704545454546;0.0;0.5277777777777778;0.16666666666666666;0.6690647482014388;0.46825396825396826
2018-09-07 01:00:00;0.22491413719483894;0.16122147430635364;0.5909090909090909;0.0;0.5;0.16666666666666666;0.6618705035971223;0.4656084656084656
2018-09-07 02:00:00;0.2535969553513413;0.16122147430635364;0.5838068181818182;0.0;0.4444444444444444;0.16666666666666666;0.6618705035971223;0.46296296296296297
2018-09-07 03:00:00;0.24227234753550544;0.10676955070322333;0.5809659090909091;0.0;0.5555555555555556;0.16666666666666666;0.6762589928057554;0.47354497354497355
2018-09-07 04:00:00;0.20245057087162352;0.15142560061292618;0.5838068181818182;0.0;0.5833333333333334;0.16666666666666666;0.6870503597122302;0.47354497354497355
2018-09-07 05:00:00;0.34892787524366475;0.0865758222514092;0.5866477272727273;0.0;0.75;0.16666666666666666;0.697841726618705;0.47354497354497355
2018-09-07 06:00:00;0.4876079086605402;0.02774585453948449;0.5923295454545454;0.0;0.7222222222222222;0.16666666666666666;0.697841726618705;0.4894179894179894
2018-09-07 07:00:00;0.5426529286178409;0.047282876374979486;0.6008522727272727;0.0;0.6666666666666666;0.16666666666666666;0.658273381294964;0.49206349206349204
2018-09-07 08:00:00;0.39032767102942545;0.10244623214578887;0.6065340909090909;0.6;0.7222222222222222;0.3333333333333333;0.5827338129496403;0.5317460317460317
2018-09-07 09:00:00;0.2202729044834308;0.21091227494117004;0.6193181818181818;0.5;0.7777777777777778;0.4166666666666667;0.5179856115107914;0.5026455026455027
2018-09-07 10:00:00;0.17571707045391255;0.25441908827231435;0.6278409090909091;1.0;0.75;0.5;0.45323741007194246;0.5264550264550265
2018-09-07 11:00:00;0.12299266685231597;0.29819952936025834;0.6349431818181818;1.0;0.6944444444444444;0.5;0.39568345323741005;0.5185185185185185
2018-09-07 12:00:00;0.12930474333983105;0.29568215399770154;0.640625;0.8;0.7777777777777778;0.4166666666666667;0.43884892086330934;0.5158730158730159
2018-09-07 13:00:00;0.1359881184442588;0.29912986373337713;0.6448863636363636;0.9;0.6944444444444444;0.5;0.4568345323741007;0.5529100529100529
2018-09-07 14:00:00;0.13301772950895757;0.3195972199419909;0.6505681818181818;1.0;0.6944444444444444;0.5;0.43884892086330934;0.5370370370370371
2018-09-07 15:00:00;0.1540889260187506;0.3079954030536858;0.6491477272727273;1.0;0.6944444444444444;0.5;0.46402877697841727;0.5317460317460317
2018-09-07 16:00:00;0.1452705838670751;0.3034531822908116;0.6519886363636364;1.0;0.6666666666666666;0.3333333333333333;0.4460431654676259;0.5211640211640212
2018-09-07 17:00:00;0.13441009932238002;0.3132490559842391;0.6519886363636364;0.7;0.6388888888888888;0.3333333333333333;0.4892086330935252;0.4947089947089947
2018-09-07 18:00:00;0.16095795043163463;0.29683139057626007;0.6534090909090909;0.0;0.5833333333333334;0.3333333333333333;0.49640287769784175;0.4708994708994709
2018-09-07 19:00:00;0.19734521488907455;0.24697641328736386;0.6548295454545454;0.0;0.6111111111111112;0.4166666666666667;0.5215827338129496;0.47619047619047616
2018-09-07 20:00:00;0.18351434140907824;0.2577573469052701;0.6661931818181818;0.0;0.7777777777777778;0.3333333333333333;0.6007194244604317;0.43915343915343913
2018-09-07 21:00:00;0.20245057087162352;0.23269304438242214;0.6676136363636364;0.0;0.5833333333333334;0.16666666666666666;0.6151079136690647;0.43915343915343913
2018-09-07 22:00:00;0.2575884154831523;0.16182345537131287;0.6704545454545454;0.0;0.6111111111111112;0.25;0.6187050359712231;0.43915343915343913
2018-09-07 23:00:00;0.24849159936879234;0.18300224374760576;0.6761363636363636;0.0;0.6388888888888888;0.16666666666666666;0.5971223021582733;0.42592592592592593
2018-09-08 00:00:00;0.1843497632971317;0.18825589667815903;0.6761363636363636;0.0;0.6111111111111112;0.16666666666666666;0.5899280575539568;0.42063492063492064
2018-09-08 01:00:00;0.185649308456326;0.17752968861161275;0.6818181818181818;0.0;0.6111111111111112;0.16666666666666666;0.5827338129496403;0.41798941798941797
2018-09-08 02:00:00;0.1798941798941799;0.14989328517484815;0.6832386363636364;0.0;0.5833333333333334;0.25;0.5863309352517986;0.41798941798941797
2018-09-08 03:00:00;0.1876914508493456;0.14135609916269906;0.6860795454545454;0.0;0.5833333333333334;0.25;0.5827338129496403;0.4126984126984127
2018-09-08 04:00:00;0.19678826696370558;0.1385103704919827;0.6889204545454546;0.0;0.5833333333333334;0.25;0.5899280575539568;0.41534391534391535
2018-09-08 05:00:00;0.24301494476933072;0.11853554424560828;0.6889204545454546;0.0;0.5555555555555556;0.25;0.60431654676259;0.42857142857142855
2018-09-08 06:00:00;0.2516476376125499;0.09834181579379413;0.6946022727272727;0.3;0.5555555555555556;0.25;0.60431654676259;0.4523809523809524
2018-09-08 07:00:00;0.2576812401373805;0.08526240901877087;0.6974431818181818;0.2;0.5833333333333334;0.3333333333333333;0.5935251798561151;0.48148148148148145
2018-09-08 08:00:00;0.27179058758006125;0.11229683139057627;0.7017045454545454;0.0;0.5833333333333334;0.3333333333333333;0.5935251798561151;0.5026455026455027
2018-09-08 09:00:00;0.3073424301494477;0.12707273025775734;0.703125;0.3;0.6111111111111112;0.4166666666666667;0.5827338129496403;0.544973544973545
2018-09-08 10:00:00;0.232340109533092;0.18026596617960924;0.7017045454545454;0.7;0.6111111111111112;0.5;0.5503597122302158;0.5634920634920635
2018-09-08 11:00:00;0.17246820755592687;0.23958846385377336;0.7017045454545454;0.3;0.6388888888888888;0.4166666666666667;0.5611510791366906;0.5634920634920635
2018-09-08 12:00:00;0.14192889631486122;0.2660209051606195;0.7073863636363636;0.4;0.6111111111111112;0.4166666666666667;0.5431654676258992;0.5687830687830688
2018-09-08 13:00:00;0.13775178687459388;0.3256170305915832;0.7073863636363636;0.0;0.6944444444444444;0.3333333333333333;0.564748201438849;0.5529100529100529
2018-09-08 14:00:00;0.1432284414740555;0.30947299294040387;0.7102272727272727;0.5;0.6666666666666666;0.3333333333333333;0.5971223021582733;0.582010582010582
2018-09-08 15:00:00;0.13886568272533184;0.2957916051004214;0.7073863636363636;0.6;0.6388888888888888;0.3333333333333333;0.564748201438849;0.5608465608465608
2018-09-08 16:00:00;0.13626659240694328;0.29912986373337713;0.7059659090909091;0.2;0.6111111111111112;0.25;0.564748201438849;0.544973544973545
2018-09-08 17:00:00;0.15028311519539592;0.27537897444316756;0.7059659090909091;0.5;0.6111111111111112;0.25;0.5683453237410072;0.5264550264550265
2018-09-08 18:00:00;0.16829109811565954;0.25151863405023805;0.7073863636363636;0.0;0.5555555555555556;0.16666666666666666;0.5935251798561151;0.5052910052910053
2018-09-08 19:00:00;0.261394226306507;0.19066382093799594;0.7059659090909091;0.0;0.5;0.16666666666666666;0.5935251798561151;0.4894179894179894
2018-09-08 20:00:00;0.3144899285250163;0.14704755650413176;0.7045454545454546;0.0;0.5277777777777778;0.16666666666666666;0.5863309352517986;0.48677248677248675
2018-09-08 21:00:00;0.33769609208205703;0.12367974607344169;0.7017045454545454;0.0;0.4722222222222222;0.16666666666666666;0.5827338129496403;0.47354497354497355
2018-09-08 22:00:00;0.3355611250348092;0.09916269906419309;0.7002840909090909;0.0;0.5;0.25;0.579136690647482;0.47619047619047616
2018-09-08 23:00:00;0.3378817413905133;0.10080446560499097;0.703125;0.0;0.5555555555555556;0.25;0.579136690647482;0.4656084656084656
2018-09-09 00:00:00;0.24802747609765155;0.15618672358124008;0.7017045454545454;0.0;0.4722222222222222;0.16666666666666666;0.5899280575539568;0.4656084656084656
2018-09-09 01:00:00;0.2563816949781862;0.13221693208559077;0.7045454545454546;0.0;0.5555555555555556;0.16666666666666666;0.60431654676259;0.47883597883597884
2018-09-09 02:00:00;0.2223150468764504;0.1392218026596618;0.703125;0.0;0.5555555555555556;0.25;0.6187050359712231;0.48677248677248675
2018-09-09 03:00:00;0.21785946347349858;0.14135609916269906;0.7059659090909091;0.0;0.5555555555555556;0.25;0.6258992805755396;0.48677248677248675
2018-09-09 04:00:00;0.18843404808317088;0.155475291413561;0.7073863636363636;0.0;0.5555555555555556;0.25;0.6294964028776978;0.4894179894179894
2018-09-09 05:00:00;0.1710758377425044;0.17583319651945495;0.7116477272727273;0.0;0.5277777777777778;0.16666666666666666;0.6402877697841727;0.49206349206349204
2018-09-09 06:00:00;0.189640768588137;0.1513161495102063;0.7144886363636364;0.0;0.5277777777777778;0.16666666666666666;0.6546762589928058;0.5052910052910053
2018-09-09 07:00:00;0.23196881091617935;0.12231160728944343;0.7159090909090909;0.0;0.5555555555555556;0.25;0.6834532374100719;0.5317460317460317
2018-09-09 08:00:00;0.21238280887403696;0.1392218026596618;0.7173295454545454;0.0;0.5555555555555556;0.25;0.7050359712230215;0.5634920634920635
2018-09-09 09:00:00;0.19344657941149168;0.16839052153450446;0.7144886363636364;0.6;0.5555555555555556;0.3333333333333333;0.6618705035971223;0.6190476190476191
2018-09-09 10:00:00;0.1567808409913673;0.23553877305313853;0.7173295454545454;0.8;0.6111111111111112;0.4166666666666667;0.6510791366906474;0.6296296296296297
2018-09-09 11:00:00;0.1489835700362016;0.31664204016855474;0.7159090909090909;0.3;0.6111111111111112;0.4166666666666667;0.6654676258992805;0.6507936507936508
2018-09-09 12:00:00;0.19205420959806926;0.3267115416187818;0.7116477272727273;1.0;0.6111111111111112;0.4166666666666667;0.6654676258992805;0.701058201058201
2018-09-09 13:00:00;0.190197716513506;0.3782082854484759;0.7102272727272727;0.7;0.5555555555555556;0.4166666666666667;0.6438848920863309;0.6851851851851852
2018-09-09 14:00:00;0.16810544880720318;0.43183932578120726;0.7045454545454546;0.2;0.5833333333333334;0.3333333333333333;0.6654676258992805;0.6984126984126984
2018-09-09 15:00:00;0.22816300009282467;0.41821266349258474;0.703125;0.9;0.5833333333333334;0.3333333333333333;0.6294964028776978;0.7195767195767195
2018-09-09 16:00:00;0.20300751879699247;0.4362720954413616;0.7017045454545454;0.5;0.5555555555555556;0.3333333333333333;0.6510791366906474;0.6984126984126984
2018-09-09 17:00:00;0.20922677063027942;0.4412521206151152;0.6988636363636364;0.5;0.4444444444444444;0.16666666666666666;0.6762589928057554;0.6296296296296297
2018-09-09 18:00:00;0.34122342894272717;0.34247250041044164;0.7002840909090909;0.0;0.4444444444444444;0.16666666666666666;0.6690647482014388;0.6058201058201058
2018-09-09 19:00:00;0.4545623317553142;0.24128495594593116;0.7059659090909091;0.0;0.5833333333333334;0.16666666666666666;0.6654676258992805;0.6164021164021164
2018-09-09 20:00:00;0.4093567251461988;0.2556230504022328;0.7059659090909091;0.0;0.6666666666666666;0.16666666666666666;0.6726618705035972;0.6058201058201058
2018-09-09 21:00:00;0.29388285528636404;0.28522957368795493;0.7073863636363636;0.0;0.6666666666666666;0.16666666666666666;0.7014388489208633;0.5846560846560847
2018-09-09 22:00:00;0.2233361180729602;0.30011492365785586;0.7088068181818182;0.0;0.6666666666666666;0.25;0.7086330935251799;0.5793650793650794
2018-09-09 23:00:00;0.15668801633713916;0.31106003392984183;0.7088068181818182;0.0;0.6666666666666666;0.25;0.7122302158273381;0.5555555555555556
2018-09-10 00:00:00;0.15390327671029427;0.2653094729929404;0.7102272727272727;0.0;0.6388888888888888;0.25;0.7266187050359713;0.5423280423280423
2018-09-10 01:00:00;0.13951545530492898;0.21698681114212226;0.7130681818181818;0.0;0.6388888888888888;0.25;0.7446043165467626;0.5396825396825397
2018-09-10 02:00:00;0.1552956465237167;0.1793903573578504;0.7116477272727273;0.0;0.6666666666666666;0.25;0.762589928057554;0.5476190476190477
2018-09-10 03:00:00;0.1526037315511;0.16795271712362503;0.7173295454545454;0.0;0.6666666666666666;0.25;0.7661870503597122;0.5396825396825397
2018-09-10 04:00:00;0.16420681332962037;0.15246538608876484;0.71875;0.0;0.6388888888888888;0.16666666666666666;0.7697841726618705;0.5396825396825397
2018-09-10 05:00:00;0.2975030168012624;0.0785311662014995;0.7272727272727273;0.0;0.6388888888888888;0.16666666666666666;0.7517985611510791;0.5343915343915344
2018-09-10 06:00:00;0.4885361552028219;0.018880315219175835;0.7301136363636364;0.0;0.6388888888888888;0.16666666666666666;0.737410071942446;0.5608465608465608
2018-09-10 07:00:00;0.5146198830409356;0.035845236140754126;0.7301136363636364;0.3;0.6388888888888888;0.25;0.6906474820143885;0.5925925925925926
2018-09-10 08:00:00;0.32739255546273094;0.10135172111859027;0.7386363636363636;0.2;0.6666666666666666;0.3333333333333333;0.6798561151079137;0.5925925925925926
2018-09-10 09:00:00;0.26547851109254617;0.16948503256170305;0.7400568181818182;0.1;0.6388888888888888;0.25;0.697841726618705;0.6137566137566137
2018-09-10 10:00:00;0.20941241993873574;0.21824549882340064;0.7414772727272727;0.0;0.7222222222222222;0.3333333333333333;0.6546762589928058;0.6084656084656085
2018-09-10 11:00:00;0.18889817135431172;0.24626498111968478;0.7443181818181818;0.0;0.6944444444444444;0.3333333333333333;0.6870503597122302;0.6190476190476191
2018-09-10 12:00:00;0.1676413255360624;0.2630109998358234;0.7443181818181818;0.1;0.6944444444444444;0.3333333333333333;0.6618705035971223;0.6137566137566137
2018-09-10 13:00:00;0.13004734057365636;0.3017019646472938;0.7443181818181818;0.0;0.7222222222222222;0.3333333333333333;0.6618705035971223;0.6164021164021164
2018-09-10 14:00:00;0.13329620347164206;0.310184425108083;0.7471590909090909;0.0;0.75;0.3333333333333333;0.6546762589928058;0.6084656084656085
2018-09-10 15:00:00;0.1861134317274668;0.3074481475400865;0.7414772727272727;0.2;0.6944444444444444;0.3333333333333333;0.658273381294964;0.6005291005291006
2018-09-10 16:00:00;0.18936229462545254;0.31784600229847315;0.75;0.0;0.7222222222222222;0.3333333333333333;0.6654676258992805;0.5873015873015873
2018-09-10 17:00:00;0.14350691543674;0.3448804246702786;0.7457386363636364;0.0;0.6944444444444444;0.3333333333333333;0.658273381294964;0.5767195767195767
2018-09-10 18:00:00;0.1759027197623689;0.314890822525037;0.7443181818181818;0.0;0.6388888888888888;0.25;0.6438848920863309;0.5502645502645502
2018-09-10 19:00:00;0.15891580803861505;0.2975428227439392;0.7471590909090909;0.0;0.6388888888888888;0.16666666666666666;0.6294964028776978;0.5185185185185185
2018-09-10 20:00:00;0.24422166527429687;0.22607125266787065;0.7414772727272727;0.0;0.6111111111111112;0.25;0.6654676258992805;0.5264550264550265
2018-09-10 21:00:00;0.1886196973916272;0.2526678706287966;0.7372159090909091;0.0;0.5555555555555556;0.25;0.658273381294964;0.5105820105820106
2018-09-10 22:00:00;0.14666295368049753;0.25688173808351117;0.7286931818181818;0.0;0.5277777777777778;0.25;0.658273381294964;0.5079365079365079
2018-09-10 23:00:00;0.12911909403137473;0.24527992119520606;0.7244318181818182;0.0;0.5555555555555556;0.25;0.658273381294964;0.5
2018-09-11 00:00:00;0.12503480924533555;0.22847917692770756;0.7201704545454546;0.0;0.5833333333333334;0.25;0.6798561151079137;0.5052910052910053
2018-09-11 01:00:00;0.10489185927782417;0.22481256498659224;0.71875;0.0;0.5833333333333334;0.3333333333333333;0.6870503597122302;0.5079365079365079
2018-09-11 02:00:00;0.09208205699433769;0.22481256498659224;0.71875;0.0;0.5833333333333334;0.25;0.6942446043165468;0.5185185185185185
2018-09-11 03:00:00;0.10340666481017356;0.22016089312099818;0.7116477272727273;0.0;0.5555555555555556;0.3333333333333333;0.7014388489208633;0.5105820105820106
2018-09-11 04:00:00;0.11482409728023762;0.20472828763749795;0.7130681818181818;0.0;0.5833333333333334;0.3333333333333333;0.7158273381294964;0.5211640211640212
2018-09-11 05:00:00;0.1992017079736378;0.16341049636075083;0.7144886363636364;0.0;0.5555555555555556;0.3333333333333333;0.7086330935251799;0.5238095238095238
2018-09-11 06:00:00;0.2752250997865033;0.1264160236414382;0.7159090909090909;0.0;0.5833333333333334;0.4166666666666667;0.7230215827338129;0.5396825396825397
2018-09-11 07:00:00;0.302979671400724;0.11700322880753024;0.7201704545454546;0.1;0.6388888888888888;0.5;0.7302158273381295;0.5767195767195767
2018-09-11 08:00:00;0.20523531049846838;0.15864937339243693;0.7244318181818182;0.2;0.6388888888888888;0.5;0.7302158273381295;0.6058201058201058
2018-09-11 09:00:00;0.14230019493177387;0.201554205658622;0.7286931818181818;0.6;0.6388888888888888;0.6666666666666666;0.7302158273381295;0.6243386243386243
2018-09-11 10:00:00;0.13700918964076858;0.2205439719805177;0.7244318181818182;0.7;0.6388888888888888;0.5833333333333334;0.7446043165467626;0.671957671957672
2018-09-11 11:00:00;0.11733036294439801;0.2537623816559952;0.7230113636363636;0.3;0.6388888888888888;0.5833333333333334;0.7302158273381295;0.6798941798941799
2018-09-11 12:00:00;0.1246635106284229;0.28709024243419257;0.7201704545454546;0.0;0.6388888888888888;0.5;0.7482014388489209;0.6957671957671958
2018-09-11 13:00:00;0.14267149354868652;0.31292070267607947;0.71875;0.1;0.6666666666666666;0.5833333333333334;0.7410071942446043;0.6931216931216931
2018-09-11 14:00:00;0.1526037315511;0.333606961090133;0.7144886363636364;0.0;0.6388888888888888;0.5;0.737410071942446;0.6931216931216931
2018-09-11 15:00:00;0.1778520375011603;0.31757237454167353;0.7130681818181818;0.0;0.6666666666666666;0.4166666666666667;0.7589928057553957;0.6878306878306878
2018-09-11 16:00:00;0.185649308456326;0.30701034312920705;0.7144886363636364;0.0;0.7222222222222222;0.3333333333333333;0.7589928057553957;0.6613756613756614
2018-09-11 17:00:00;0.22491413719483894;0.28128933399003997;0.7159090909090909;0.0;0.6944444444444444;0.3333333333333333;0.7661870503597122;0.6322751322751323
2018-09-11 18:00:00;0.20922677063027942;0.26651343512285885;0.7201704545454546;0.0;0.6388888888888888;0.4166666666666667;0.7661870503597122;0.6111111111111112
2018-09-11 19:00:00;0.22129397567994058;0.2371258140425765;0.7244318181818182;0.0;0.6666666666666666;0.3333333333333333;0.762589928057554;0.5873015873015873
2018-09-11 20:00:00;0.15390327671029427;0.22218573852131562;0.7215909090909091;0.0;0.6666666666666666;0.25;0.7697841726618705;0.5846560846560847
2018-09-11 21:00:00;0.16225749559082892;0.19246976413287367;0.7230113636363636;0.0;0.6666666666666666;0.25;0.7805755395683454;0.58994708994709
2018-09-11 22:00:00;0.16801262415297505;0.1652164395556285;0.7173295454545454;0.0;0.6666666666666666;0.25;0.7913669064748201;0.5952380952380952
2018-09-11 23:00:00;0.13097558711593799;0.16970393476714277;0.7116477272727273;0.0;0.6388888888888888;0.25;0.7985611510791367;0.58994708994709
2018-09-12 00:00:00;0.09625916643460503;0.19148470420839492;0.7059659090909091;0.0;0.6111111111111112;0.25;0.8057553956834532;0.5846560846560847
2018-09-12 01:00:00;0.09969367864104706;0.18157937941224758;0.7002840909090909;0.0;0.6111111111111112;0.25;0.8129496402877698;0.5793650793650794
2018-09-12 02:00:00;0.08632692843219157;0.17824112077929186;0.6946022727272727;0.0;0.6111111111111112;0.25;0.8201438848920863;0.582010582010582
2018-09-12 03:00:00;0.06776199758655899;0.17818639522793195;0.6974431818181818;0.0;0.6388888888888888;0.25;0.8237410071942446;0.5793650793650794
2018-09-12 04:00:00;0.09412419938735726;0.1606194932413944;0.6960227272727273;0.0;0.6666666666666666;0.3333333333333333;0.8165467625899281;0.5846560846560847
2018-09-12 05:00:00;0.17200408428478603;0.11568981557489193;0.6960227272727273;0.0;0.6111111111111112;0.25;0.8165467625899281;0.5873015873015873
2018-09-12 06:00:00;0.2899842198087812;0.07256608110326712;0.7073863636363636;0.0;0.9722222222222222;0.3333333333333333;0.7517985611510791;0.5238095238095238
2018-09-12 07:00:00;0.20922677063027942;0.18748973895912002;0.7258522727272727;0.0;1.0;0.4166666666666667;0.6870503597122302;0.47883597883597884
2018-09-12 08:00:00;0.07732293697205977;0.24495156788704647;0.7400568181818182;0.0;0.9722222222222222;0.3333333333333333;0.6690647482014388;0.4656084656084656
2018-09-12 09:00:00;0.07017543859649122;0.2325288677283424;0.7414772727272727;0.0;1.0;0.25;0.6798561151079137;0.4973544973544973
2018-09-12 10:00:00;0.05467372134038801;0.2519017129097576;0.7471590909090909;0.0;0.027777777777777776;0.25;0.6690647482014388;0.5026455026455027
2018-09-12 11:00:00;0.06655527708159287;0.2510261040879987;0.7556818181818182;0.0;0.9722222222222222;0.16666666666666666;0.658273381294964;0.4973544973544973
2018-09-12 12:00:00;0.0767659890466908;0.2436928802057681;0.7599431818181818;0.0;0.8611111111111112;0.16666666666666666;0.6618705035971223;0.5132275132275133
2018-09-12 13:00:00;0.10693400167084377;0.23313084879330162;0.7571022727272727;0.2;0.8888888888888888;0.16666666666666666;0.6618705035971223;0.5264550264550265
2018-09-12 14:00:00;0.10554163185742133;0.23800142286433537;0.7585227272727273;0.0;0.1111111111111111;0.16666666666666666;0.6546762589928058;0.5079365079365079
2018-09-12 15:00:00;0.09050403787245892;0.25250369397471684;0.7627840909090909;0.0;1.0;0.16666666666666666;0.6402877697841727;0.5079365079365079
2018-09-12 16:00:00;0.1635570407500232;0.21129535380068956;0.7599431818181818;0.0;0.027777777777777776;0.25;0.6330935251798561;0.49206349206349204
2018-09-12 17:00:00;0.0993223800241344;0.2559514037103924;0.7599431818181818;0.0;0.027777777777777776;0.16666666666666666;0.6223021582733813;0.48412698412698413
2018-09-12 18:00:00;0.12095052445929638;0.22869807913314727;0.7670454545454546;0.0;1.0;0.16666666666666666;0.6151079136690647;0.48148148148148145
2018-09-12 19:00:00;0.1317181843497633;0.21069337273573033;0.7684659090909091;0.0;0.19444444444444445;0.08333333333333333;0.6223021582733813;0.4708994708994709
2018-09-12 20:00:00;0.11241065627030539;0.22497674164067205;0.7670454545454546;0.0;0.1111111111111111;0.08333333333333333;0.6223021582733813;0.4576719576719577
2018-09-12 21:00:00;0.22871994801819362;0.1550922125540415;0.7698863636363636;0.0;0.0;0.08333333333333333;0.6402877697841727;0.4470899470899471
2018-09-12 22:00:00;0.24023020514248586;0.14026158813550046;0.7684659090909091;0.0;0.0;0.0;0.6258992805755396;0.42592592592592593
2018-09-12 23:00:00;0.26427179058758005;0.1034312920702676;0.7613636363636364;0.0;0.027777777777777776;0.0;0.6115107913669064;0.41798941798941797
2018-09-13 00:00:00;0.2802376311148241;0.07393421988726537;0.7542613636363636;0.0;0.0;0.0;0.60431654676259;0.4074074074074074
2018-09-13 01:00:00;0.25368978000556947;0.03934767142778964;0.7571022727272727;0.0;0.9444444444444444;0.08333333333333333;0.579136690647482;0.3941798941798942
2018-09-13 02:00:00;0.21637426900584797;0.04657144420730039;0.7542613636363636;0.0;0.9444444444444444;0.08333333333333333;0.5539568345323741;0.37037037037037035
2018-09-13 03:00:00;0.15176830966304652;0.09910797351283314;0.7514204545454546;0.0;0.9444444444444444;0.0;0.5179856115107914;0.335978835978836
2018-09-13 04:00:00;0.19725239023484636;0.054397198051770373;0.7528409090909091;0.0;0.0;0.0;0.48201438848920863;0.30952380952380953
2018-09-13 05:00:00;0.21563167177202264;0.028895091118043018;0.7542613636363636;0.3;0.0;0.08333333333333333;0.5035971223021583;0.3333333333333333
2018-09-13 06:00:00;0.25276153346328784;0.015323154380780388;0.7585227272727273;1.0;0.9166666666666666;0.08333333333333333;0.5251798561151079;0.42592592592592593
2018-09-13 07:00:00;0.33138401559454195;0.05330268702457178;0.7599431818181818;1.0;0.05555555555555555;0.16666666666666666;0.5251798561151079;0.4947089947089947
2018-09-13 08:00:00;0.14944769330734245;0.19991243911782414;0.7599431818181818;1.0;0.05555555555555555;0.16666666666666666;0.5251798561151079;0.5211640211640212
2018-09-13 09:00:00;0.06720504966119001;0.2792644885897226;0.7585227272727273;1.0;0.027777777777777776;0.16666666666666666;0.5071942446043165;0.5555555555555556
2018-09-13 10:00:00;0.12419938735728209;0.26552837519838013;0.7528409090909091;1.0;0.8888888888888888;0.16666666666666666;0.5611510791366906;0.5661375661375662
2018-09-13 11:00:00;0.10628422909124663;0.28495594593115525;0.7514204545454546;1.0;0.8888888888888888;0.25;0.5107913669064749;0.5846560846560847
2018-09-13 12:00:00;0.09839413348185277;0.3054233021397691;0.7457386363636364;1.0;0.8888888888888888;0.25;0.45323741007194246;0.5952380952380952
2018-09-13 13:00:00;0.10572728116587764;0.33191046899797516;0.7414772727272727;1.0;1.0;0.16666666666666666;0.4316546762589928;0.6190476190476191
2018-09-13 14:00:00;0.12336396546922862;0.3285174848136595;0.7357954545454546;1.0;0.8888888888888888;0.16666666666666666;0.4568345323741007;0.6031746031746031
2018-09-13 15:00:00;0.1753457718369999;0.3082690308104854;0.7357954545454546;1.0;0.8888888888888888;0.25;0.5035971223021583;0.582010582010582
2018-09-13 16:00:00;0.19326093010303536;0.29113993323482734;0.7372159090909091;1.0;0.9166666666666666;0.16666666666666666;0.5251798561151079;0.5370370370370371
2018-09-13 17:00:00;0.13988675392184163;0.3147813714223171;0.7400568181818182;0.3;0.9166666666666666;0.16666666666666666;0.5611510791366906;0.47883597883597884
2018-09-13 18:00:00;0.1686623967325722;0.2879658512559514;0.7457386363636364;0.0;0.9444444444444444;0.08333333333333333;0.5611510791366906;0.3941798941798942
2018-09-13 19:00:00;0.21423930195860022;0.2624637443222241;0.7485795454545454;0.0;0.9444444444444444;0.08333333333333333;0.5359712230215827;0.36243386243386244
2018-09-13 20:00:00;0.2600946811473127;0.21895693099107974;0.75;0.0;0.0;0.08333333333333333;0.5;0.335978835978836
2018-09-13 21:00:00;0.46570129026269375;0.09730203031795547;0.75;0.0;0.0;0.0;0.4748201438848921;0.31216931216931215
2018-09-13 22:00:00;0.4522417153996101;0.07968040278005802;0.75;0.0;0.0;0.0;0.45323741007194246;0.2962962962962963
2018-09-13 23:00:00;0.3630372226863455;0.06769550703223336;0.7485795454545454;0.0;0.0;0.0;0.44244604316546765;0.28835978835978837
2018-09-14 00:00:00;0.3824375754200316;0.024024517047009253;0.7428977272727273;0.0;0.0;0.08333333333333333;0.4064748201438849;0.26455026455026454
2018-09-14 01:00:00;0.3535691079550729;0.023148908225250373;0.7414772727272727;0.0;0.0;0.0;0.39928057553956836;0.2566137566137566
2018-09-14 02:00:00;0.3167177202264922;0.017129097575658076;0.7357954545454546;0.0;0.3611111111111111;0.08333333333333333;0.39568345323741005;0.24603174603174602
2018-09-14 03:00:00;0.32525758841548313;0.01411919225086193;0.7357954545454546;0.0;0.4166666666666667;0.16666666666666666;0.37050359712230213;0.23544973544973544
2018-09-14 04:00:00;0.3864290355518426;0.013134132326383191;0.734375;0.0;0.4444444444444444;0.08333333333333333;0.37050359712230213;0.23544973544973544
2018-09-14 05:00:00;0.4547479810637705;0.01258687681278389;0.7329545454545454;0.3;0.4444444444444444;0.08333333333333333;0.46402877697841727;0.30423280423280424
2018-09-14 06:00:00;0.5198180636777128;0.01411919225086193;0.7329545454545454;1.0;0.5;0.08333333333333333;0.5611510791366906;0.4021164021164021
2018-09-14 07:00:00;0.6140350877192983;0.03770590488699174;0.7357954545454546;1.0;0.5555555555555556;0.16666666666666666;0.5611510791366906;0.48677248677248675
2018-09-14 08:00:00;0.4825953773322194;0.12028676188912604;0.7357954545454546;1.0;0.5555555555555556;0.3333333333333333;0.5611510791366906;0.5264550264550265
2018-09-14 09:00:00;0.3659147869674185;0.20505664094565754;0.7315340909090909;1.0;0.5555555555555556;0.3333333333333333;0.564748201438849;0.5767195767195767
2018-09-14 10:00:00;0.3433583959899749;0.24604607891424507;0.7258522727272727;1.0;0.5833333333333334;0.4166666666666667;0.5539568345323741;0.5952380952380952
2018-09-14 11:00:00;0.2606516290726817;0.3186668855688721;0.71875;1.0;0.6388888888888888;0.4166666666666667;0.49640287769784175;0.6137566137566137
2018-09-14 12:00:00;0.20393576533927413;0.3869096481147048;0.7173295454545454;0.7;0.6388888888888888;0.4166666666666667;0.5215827338129496;0.5925925925925926
2018-09-14 13:00:00;0.22166527429685326;0.3744869479560006;0.7159090909090909;0.1;0.6944444444444444;0.3333333333333333;0.539568345323741;0.5846560846560847
2018-09-14 14:00:00;0.26148705096073516;0.2868713402287528;0.7144886363636364;0.4;0.6944444444444444;0.3333333333333333;0.539568345323741;0.5767195767195767
2018-09-14 15:00:00;0.2084841733964541;0.2946423685218629;0.7159090909090909;0.0;0.7222222222222222;0.3333333333333333;0.5179856115107914;0.5582010582010583
2018-09-14 16:00:00;0.22120115102571244;0.3076670497455262;0.7159090909090909;0.3;0.6666666666666666;0.3333333333333333;0.5071942446043165;0.5396825396825397
2018-09-14 17:00:00;0.1806367771280052;0.3279702293000602;0.71875;0.3;0.6944444444444444;0.3333333333333333;0.5;0.5211640211640212
2018-09-14 18:00:00;0.19196138494384107;0.31456246921687736;0.71875;0.0;0.6388888888888888;0.25;0.5;0.5052910052910053
2018-09-14 19:00:00;0.16346421609579503;0.31718929568215404;0.7201704545454546;0.0;0.6388888888888888;0.25;0.5251798561151079;0.5026455026455027
2018-09-14 20:00:00;0.22751322751322753;0.2575384446998304;0.71875;0.0;0.6111111111111112;0.25;0.5575539568345323;0.5052910052910053
2018-09-14 21:00:00;0.2124756335282651;0.25080720188255895;0.7215909090909091;0.0;0.6111111111111112;0.3333333333333333;0.5899280575539568;0.48677248677248675
2018-09-14 22:00:00;0.17079736377981994;0.2432003502435287;0.7215909090909091;0.0;0.5833333333333334;0.25;0.60431654676259;0.46296296296296297
2018-09-14 23:00:00;0.20115102571242924;0.22021561867235814;0.7230113636363636;0.0;0.6111111111111112;0.3333333333333333;0.6079136690647482;0.47883597883597884
2018-09-15 00:00:00;0.17673814165042237;0.20106167569638267;0.7244318181818182;0.0;0.6111111111111112;0.3333333333333333;0.6223021582733813;0.48412698412698413
2018-09-15 01:00:00;0.16290726817042606;0.18519126580200299;0.7244318181818182;0.0;0.6111111111111112;0.25;0.6330935251798561;0.48677248677248675
2018-09-15 02:00:00;0.1676413255360624;0.18519126580200299;0.7244318181818182;0.0;0.6111111111111112;0.25;0.6402877697841727;0.48677248677248675
2018-09-15 03:00:00;0.14536340852130325;0.16543534176106825;0.7258522727272727;0.0;0.6388888888888888;0.25;0.6366906474820144;0.48412698412698413
2018-09-15 04:00:00;0.15622389306599835;0.15065944289388716;0.7329545454545454;0.0;0.6388888888888888;0.25;0.6474820143884892;0.48148148148148145
2018-09-15 05:00:00;0.20709180358303167;0.11267991025009577;0.7400568181818182;0.0;0.6388888888888888;0.25;0.6474820143884892;0.4894179894179894
2018-09-15 06:00:00;0.2204585537918871;0.09533191046899797;0.7514204545454546;0.0;0.6666666666666666;0.25;0.6618705035971223;0.48677248677248675
2018-09-15 07:00:00;0.26399331662489556;0.08066546270453676;0.7627840909090909;0.0;0.75;0.16666666666666666;0.6654676258992805;0.48677248677248675
2018-09-15 08:00:00;0.3174603174603175;0.07141684452470859;0.7698863636363636;0.5;0.7222222222222222;0.16666666666666666;0.6690647482014388;0.5634920634920635
2018-09-15 09:00:00;0.22519261115752345;0.16910195370218356;0.7755681818181818;0.5;0.75;0.25;0.5935251798561151;0.5529100529100529
2018-09-15 10:00:00;0.14944769330734245;0.27324467794013024;0.7755681818181818;0.6;0.7777777777777778;0.25;0.5863309352517986;0.5687830687830688
2018-09-15 11:00:00;0.13840155945419103;0.2943140152137033;0.7798295454545454;0.1;0.7777777777777778;0.3333333333333333;0.6115107913669064;0.5793650793650794
2018-09-15 12:00:00;0.11742318759862617;0.29902041263065726;0.7798295454545454;0.6;0.6944444444444444;0.25;0.5971223021582733;0.6190476190476191
2018-09-15 13:00:00;0.1136173767752715;0.3125923493679199;0.7784090909090909;0.8;0.8333333333333334;0.3333333333333333;0.5683453237410072;0.6243386243386243
2018-09-15 14:00:00;0.11101828645688294;0.34291030482132107;0.7798295454545454;1.0;0.75;0.3333333333333333;0.5323741007194245;0.6137566137566137
2018-09-15 15:00:00;0.11055416318574213;0.3482186833032343;0.7784090909090909;0.9;0.8333333333333334;0.25;0.579136690647482;0.5952380952380952
2018-09-15 16:00:00;0.09208205699433769;0.3420346959995622;0.7784090909090909;0.8;0.8888888888888888;0.16666666666666666;0.5755395683453237;0.5529100529100529
2018-09-15 17:00:00;0.15845168476747423;0.2977069993980189;0.78125;0.3;0.9166666666666666;0.08333333333333333;0.6151079136690647;0.4603174603174603
2018-09-15 18:00:00;0.2458925090504038;0.2464291577737646;0.7855113636363636;0.0;0.0;0.08333333333333333;0.5755395683453237;0.3994708994708995
2018-09-15 19:00:00;0.4238373712057923;0.13544573961582665;0.7926136363636364;0.0;0.0;0.08333333333333333;0.5575539568345323;0.373015873015873
2018-09-15 20:00:00;0.5591757170704539;0.03978547583866907;0.7897727272727273;0.0;0.4444444444444444;0.08333333333333333;0.5359712230215827;0.36243386243386244
2018-09-15 21:00:00;0.5625174046226677;0.01701964647293822;0.7897727272727273;0.0;0.3888888888888889;0.08333333333333333;0.5215827338129496;0.35185185185185186
2018-09-15 22:00:00;0.5326278659611993;0.01362666228862256;0.7883522727272727;0.0;0.4166666666666667;0.08333333333333333;0.5179856115107914;0.3439153439153439
2018-09-15 23:00:00;0.5272440360159658;0.012532151261423959;0.7798295454545454;0.0;0.4166666666666667;0.08333333333333333;0.5143884892086331;0.34656084656084657
2018-09-16 00:00:00;0.41928896314861225;0.014009741148142069;0.7727272727272727;0.0;0.4444444444444444;0.16666666666666666;0.5431654676258992;0.36772486772486773
2018-09-16 01:00:00;0.3642439431913116;0.03458654845947573;0.7613636363636364;0.0;0.4166666666666667;0.16666666666666666;0.5431654676258992;0.36243386243386244
2018-09-16 02:00:00;0.3527336860670194;0.0378153559897116;0.7571022727272727;0.0;0.4444444444444444;0.16666666666666666;0.5431654676258992;0.36243386243386244
2018-09-16 03:00:00;0.34605031096259165;0.03683029606523286;0.7528409090909091;0.0;0.4166666666666667;0.16666666666666666;0.49640287769784175;0.3201058201058201
2018-09-16 04:00:00;0.31291190940313746;0.04153669348218683;0.7514204545454546;0.0;0.4722222222222222;0.16666666666666666;0.5503597122302158;0.36772486772486773
2018-09-16 05:00:00;0.3266499582289056;0.03256170305915832;0.7514204545454546;0.2;0.4444444444444444;0.16666666666666666;0.5575539568345323;0.3941798941798942
2018-09-16 06:00:00;0.2959249976793837;0.04542220762874186;0.7528409090909091;0.0;0.5;0.16666666666666666;0.5755395683453237;0.4365079365079365
2018-09-16 07:00:00;0.30251554812958326;0.062277677447600294;0.75;0.7;0.5;0.16666666666666666;0.5971223021582733;0.5211640211640212
2018-09-16 08:00:00;0.24774900213496706;0.13823674273518305;0.75;0.0;0.5833333333333334;0.25;0.5971223021582733;0.5582010582010583
2018-09-16 09:00:00;0.23280423280423282;0.18059431948776886;0.7485795454545454;0.4;0.6111111111111112;0.3333333333333333;0.5971223021582733;0.6084656084656085
2018-09-16 10:00:00;0.168569572078344;0.23537459639905872;0.7428977272727273;0.3;0.6111111111111112;0.3333333333333333;0.5971223021582733;0.6216931216931217
2018-09-16 11:00:00;0.17980135523995172;0.28605045695835385;0.7372159090909091;0.0;0.6111111111111112;0.3333333333333333;0.5827338129496403;0.6349206349206349
2018-09-16 12:00:00;0.19780933816021537;0.3182290811579927;0.7244318181818182;0.6;0.5833333333333334;0.4166666666666667;0.5863309352517986;0.6693121693121693
2018-09-16 13:00:00;0.17766638819270397;0.37492475236688017;0.7173295454545454;0.4;0.5833333333333334;0.3333333333333333;0.5935251798561151;0.6825396825396826
2018-09-16 14:00:00;0.17469599925740276;0.3970338751162918;0.7102272727272727;0.7;0.5833333333333334;0.3333333333333333;0.5935251798561151;0.6640211640211641
2018-09-16 15:00:00;0.18824839877471458;0.4003721337492475;0.7017045454545454;0.5;0.5277777777777778;0.25;0.5971223021582733;0.6640211640211641
2018-09-16 16:00:00;0.24236517218973358;0.35708422262354295;0.7059659090909091;1.0;0.5555555555555556;0.16666666666666666;0.60431654676259;0.6613756613756614
2018-09-16 17:00:00;0.25192611157523437;0.36430799540305364;0.7130681818181818;0.3;0.6388888888888888;0.16666666666666666;0.6366906474820144;0.5687830687830688
2018-09-16 18:00:00;0.3125406107862248;0.31456246921687736;0.7144886363636364;0.0;0.5555555555555556;0.08333333333333333;0.6187050359712231;0.4470899470899471
2018-09-16 19:00:00;0.4484359045762555;0.21693208559076235;0.7130681818181818;0.0;0.4166666666666667;0.08333333333333333;0.5971223021582733;0.4074074074074074
2018-09-16 20:00:00;0.5480367585630743;0.1363213484375855;0.7144886363636364;0.0;0.5277777777777778;0.16666666666666666;0.5719424460431655;0.3835978835978836
2018-09-16 21:00:00;0.5923141186299081;0.0865758222514092;0.7116477272727273;0.0;0.4166666666666667;0.08333333333333333;0.5503597122302158;0.36772486772486773
2018-09-16 22:00:00;0.6546922862712337;0.04213867454714607;0.7102272727272727;0.0;0.5;0.08333333333333333;0.5143884892086331;0.3412698412698413
2018-09-16 23:00:00;0.5280794579040193;0.076561046352542;0.7073863636363636;0.0;0.5277777777777778;0.08333333333333333;0.5035971223021583;0.3333333333333333
2018-09-17 00:00:00;0.4784182678919521;0.06605374049143546;0.7002840909090909;0.0;0.4444444444444444;0.08333333333333333;0.5035971223021583;0.3386243386243386
2018-09-17 01:00:00;0.3987747145641882;0.09336179062004049;0.7017045454545454;0.0;0.4722222222222222;0.08333333333333333;0.5143884892086331;0.34656084656084657
2018-09-17 02:00:00;0.34465794114916926;0.10518250971378537;0.7017045454545454;0.0;0.4722222222222222;0.16666666666666666;0.5;0.3306878306878307
2018-09-17 03:00:00;0.24097280237631113;0.18114157500136815;0.7017045454545454;0.0;0.4444444444444444;0.16666666666666666;0.4676258992805755;0.30687830687830686
2018-09-17 04:00:00;0.278473962684489;0.1598533355223554;0.703125;0.0;0.4444444444444444;0.16666666666666666;0.539568345323741;0.35978835978835977
2018-09-17 05:00:00;0.5043163464216095;0.043397362228424455;0.7059659090909091;0.2;0.5;0.08333333333333333;0.5575539568345323;0.38095238095238093
2018-09-17 06:00:00;0.6380766731643924;0.01203962129918459;0.7088068181818182;0.3;0.4722222222222222;0.08333333333333333;0.5935251798561151;0.4576719576719577
2018-09-17 07:00:00;0.6473591385872087;0.026104087998686586;0.7088068181818182;0.6;0.5555555555555556;0.16666666666666666;0.6079136690647482;0.5343915343915344
2018-09-17 08:00:00;0.5903648008911166;0.05921304657144421;0.7102272727272727;1.0;0.5833333333333334;0.16666666666666666;0.6474820143884892;0.6005291005291006
2018-09-17 09:00:00;0.46755778334725706;0.1403163136868604;0.7073863636363636;1.0;0.6111111111111112;0.25;0.6223021582733813;0.6375661375661376
2018-09-17 10:00:00;0.42829295460874406;0.1403163136868604;0.7002840909090909;1.0;0.5833333333333334;0.3333333333333333;0.60431654676259;0.6693121693121693
2018-09-17 11:00:00;0.3228441474055509;0.2834236304930772;0.6974431818181818;1.0;0.6111111111111112;0.4166666666666667;0.5971223021582733;0.6957671957671958
2018-09-17 12:00:00;0.31811009003991464;0.33552235538773056;0.6889204545454546;1.0;0.5833333333333334;0.3333333333333333;0.5899280575539568;0.7116402116402116
2018-09-17 13:00:00;0.2714192889631486;0.39495430416461447;0.6803977272727273;1.0;0.5833333333333334;0.25;0.5971223021582733;0.7248677248677249
2018-09-17 14:00:00;0.32776385407964354;0.40622776774476005;0.6690340909090909;1.0;0.5;0.25;0.5575539568345323;0.7328042328042328
2018-09-17 15:00:00;0.3965469228627123;0.36989000164176655;0.6590909090909091;1.0;0.5;0.25;0.5539568345323741;0.7275132275132276
2018-09-17 16:00:00;0.4126984126984127;0.350024626498112;0.6548295454545454;1.0;0.3888888888888889;0.16666666666666666;0.6762589928057554;0.6772486772486772
2018-09-17 17:00:00;0.5158266035459018;0.3215126142395885;0.6505681818181818;0.3;0.3888888888888889;0.08333333333333333;0.697841726618705;0.5423280423280423
2018-09-17 18:00:00;0.7176274018379282;0.20861380178405298;0.6463068181818182;0.0;0.3611111111111111;0.16666666666666666;0.6474820143884892;0.4656084656084656
2018-09-17 19:00:00;0.763111482409728;0.14463963224429488;0.640625;0.0;0.3611111111111111;0.16666666666666666;0.5971223021582733;0.4444444444444444
2018-09-17 20:00:00;0.7144713635941706;0.1566245279921195;0.6363636363636364;0.0;0.3055555555555556;0.16666666666666666;0.5719424460431655;0.41798941798941797
2018-09-17 21:00:00;0.7451963241436925;0.11875444645104799;0.6292613636363636;0.0;0.3888888888888889;0.16666666666666666;0.564748201438849;0.3862433862433862
2018-09-17 22:00:00;0.6119929453262787;0.14474908334701472;0.6221590909090909;0.0;0.4166666666666667;0.16666666666666666;0.5467625899280576;0.37037037037037035
2018-09-17 23:00:00;0.5078436832822798;0.17233076123241942;0.6122159090909091;0.0;0.3888888888888889;0.16666666666666666;0.5179856115107914;0.3492063492063492
2018-09-18 00:00:00;0.4151118537083449;0.19712143599846768;0.6036931818181818;0.0;0.4166666666666667;0.25;0.5107913669064749;0.4365079365079365
2018-09-18 01:00:00;0.3668430335097002;0.21665845783396268;0.5980113636363636;0.0;0.4166666666666667;0.25;0.5215827338129496;0.4894179894179894
2018-09-18 02:00:00;0.2766174695999257;0.24287199693536912;0.5894886363636364;0.0;0.4166666666666667;0.25;0.5215827338129496;0.48677248677248675
2018-09-18 03:00:00;0.261394226306507;0.2297925901603459;0.5838068181818182;0.0;0.4166666666666667;0.25;0.5287769784172662;0.4947089947089947
2018-09-18 04:00:00;0.2706766917293233;0.22169320855907623;0.578125;0.0;0.4166666666666667;0.3333333333333333;0.5467625899280576;0.49206349206349204
2018-09-18 05:00:00;0.4031374733129119;0.15837574563563728;0.5752840909090909;0.2;0.4166666666666667;0.3333333333333333;0.5683453237410072;0.5079365079365079
2018-09-18 06:00:00;0.6071660633064141;0.07065068680566958;0.578125;1.0;0.4722222222222222;0.25;0.60431654676259;0.5529100529100529
2018-09-18 07:00:00;0.5510071474983755;0.0917200240792426;0.5809659090909091;1.0;0.5555555555555556;0.3333333333333333;0.6474820143884892;0.6428571428571429
2018-09-18 08:00:00;0.5012531328320802;0.17293274229737865;0.5852272727272727;1.0;0.6111111111111112;0.4166666666666667;0.658273381294964;0.6798941798941799
2018-09-18 09:00:00;0.32618583495776476;0.2728068735292508;0.5894886363636364;1.0;0.6388888888888888;0.5;0.7338129496402878;0.716931216931217
2018-09-18 10:00:00;0.20077972709551659;0.3250697750779839;0.5965909090909091;1.0;0.6666666666666666;0.5;0.7266187050359713;0.7116402116402116
2018-09-18 11:00:00;0.14703425229741018;0.3414874404859629;0.5980113636363636;1.0;0.6111111111111112;0.5;0.7446043165467626;0.7328042328042328
2018-09-18 12:00:00;0.1336675020885547;0.35051715646035136;0.5980113636363636;1.0;0.6388888888888888;0.5;0.7266187050359713;0.7486772486772487
2018-09-18 13:00:00;0.17673814165042237;0.3635965632353746;0.6008522727272727;1.0;0.6111111111111112;0.5833333333333334;0.6870503597122302;0.7407407407407407
2018-09-18 14:00:00;0.1460131811009004;0.3887703168609424;0.6079545454545454;1.0;0.6388888888888888;0.5833333333333334;0.6870503597122302;0.7380952380952381
2018-09-18 15:00:00;0.11241065627030539;0.3886061402068626;0.6164772727272727;1.0;0.6666666666666666;0.5833333333333334;0.6834532374100719;0.7116402116402116
2018-09-18 16:00:00;0.1296760419567437;0.35998467684561924;0.6235795454545454;1.0;0.6666666666666666;0.5;0.7086330935251799;0.6587301587301587
2018-09-18 17:00:00;0.15065441381230854;0.34154216603732285;0.6321022727272727;0.2;0.6666666666666666;0.3333333333333333;0.7014388489208633;0.6164021164021164
2018-09-18 18:00:00;0.16977629258331015;0.3169703934767143;0.6434659090909091;0.0;0.6944444444444444;0.25;0.7122302158273381;0.6005291005291006
2018-09-18 19:00:00;0.16142207370277545;0.2904832266185082;0.6491477272727273;0.0;0.6388888888888888;0.3333333333333333;0.6834532374100719;0.582010582010582
2018-09-18 20:00:00;0.17079736377981994;0.25950856454878785;0.6505681818181818;0.0;0.6388888888888888;0.3333333333333333;0.697841726618705;0.5634920634920635
2018-09-18 21:00:00;0.1404437018472106;0.2430361735894489;0.6505681818181818;0.0;0.5555555555555556;0.25;0.6906474820143885;0.5343915343915344
2018-09-18 22:00:00;0.13478139793929267;0.22503146719203196;0.6548295454545454;0.0;0.6111111111111112;0.25;0.6870503597122302;0.5291005291005291
2018-09-18 23:00:00;0.0950524459296389;0.22432003502435288;0.65625;0.0;0.5555555555555556;0.16666666666666666;0.6870503597122302;0.5158730158730159
2018-09-19 00:00:00;0.10600575512856214;0.2126634925846878;0.6605113636363636;0.0;0.4722222222222222;0.25;0.6762589928057554;0.4973544973544973
2018-09-19 01:00:00;0.12373526408614127;0.17785804191977236;0.6647727272727273;0.0;0.5;0.16666666666666666;0.6546762589928058;0.47883597883597884
2018-09-19 02:00:00;0.22890559732664995;0.17785804191977236;0.6647727272727273;0.0;0.4722222222222222;0.25;0.6546762589928058;0.49206349206349204
2018-09-19 03:00:00;0.19827346143135616;0.1350079352049472;0.6605113636363636;0.0;0.4444444444444444;0.16666666666666666;0.6546762589928058;0.47354497354497355
2018-09-19 04:00:00;0.22185092360530959;0.13418705193454825;0.6548295454545454;0.0;0.4166666666666667;0.16666666666666666;0.6546762589928058;0.47619047619047616
2018-09-19 05:00:00;0.40016708437761067;0.05313851037049199;0.6505681818181818;0.0;0.4722222222222222;0.25;0.6690647482014388;0.4973544973544973
2018-09-19 06:00:00;0.4722918407128934;0.02391506594428939;0.6505681818181818;0.5;0.4722222222222222;0.25;0.7086330935251799;0.5396825396825397
2018-09-19 07:00:00;0.4398032117330363;0.04432769660154326;0.65625;0.9;0.5555555555555556;0.3333333333333333;0.7589928057553957;0.5978835978835979
2018-09-19 08:00:00;0.3566323215446022;0.07864061730421935;0.65625;0.9;0.5833333333333334;0.4166666666666667;0.7661870503597122;0.6349206349206349
2018-09-19 09:00:00;0.3145827531792444;0.11809773983472883;0.6633522727272727;0.9;0.5833333333333334;0.5;0.762589928057554;0.6534391534391535
2018-09-19 10:00:00;0.2690986726074445;0.16696765719914627;0.6605113636363636;1.0;0.5833333333333334;0.5833333333333334;0.6834532374100719;0.6878306878306878
2018-09-19 11:00:00;0.18110090039914603;0.2395337383024134;0.6590909090909091;1.0;0.6111111111111112;0.5833333333333334;0.6834532374100719;0.6904761904761905
2018-09-19 12:00:00;0.1452705838670751;0.2846275926229957;0.6576704545454546;0.7;0.5833333333333334;0.5833333333333334;0.6798561151079137;0.708994708994709
2018-09-19 13:00:00;0.13886568272533184;0.3146171947682373;0.65625;0.5;0.5833333333333334;0.5833333333333334;0.6798561151079137;0.708994708994709
2018-09-19 14:00:00;0.17813051146384482;0.3166967657199146;0.6576704545454546;0.6;0.6111111111111112;0.5;0.6834532374100719;0.716931216931217
2018-09-19 15:00:00;0.18444258795135987;0.33300498002517376;0.6548295454545454;0.4;0.6111111111111112;0.5833333333333334;0.6654676258992805;0.6957671957671958
2018-09-19 16:00:00;0.16699155295646526;0.33442784436053197;0.6605113636363636;0.8;0.6111111111111112;0.5;0.6798561151079137;0.6772486772486772
2018-09-19 17:00:00;0.1952102478418268;0.2885131067695507;0.6647727272727273;0.0;0.6388888888888888;0.4166666666666667;0.6906474820143885;0.6693121693121693
2018-09-19 18:00:00;0.17710944026733502;0.27614513216220654;0.6690340909090909;0.0;0.6111111111111112;0.3333333333333333;0.7050359712230215;0.6402116402116402
2018-09-19 19:00:00;0.16123642439431912;0.2587424068297488;0.6732954545454546;0.0;0.5833333333333334;0.3333333333333333;0.7086330935251799;0.6322751322751323
2018-09-19 20:00:00;0.1632785667873387;0.242981448038089;0.6747159090909091;0.0;0.5833333333333334;0.3333333333333333;0.7014388489208633;0.6243386243386243
2018-09-19 21:00:00;0.17033324050867912;0.2509166529852788;0.6732954545454546;0.0;0.6111111111111112;0.3333333333333333;0.7050359712230215;0.6216931216931217
2018-09-19 22:00:00;0.1515826603545902;0.24774257100640287;0.6704545454545454;0.0;0.5555555555555556;0.25;0.7050359712230215;0.58994708994709
2018-09-19 23:00:00;0.13357467743432655;0.24484211678432663;0.6690340909090909;0.0;0.5833333333333334;0.25;0.7122302158273381;0.5793650793650794
2018-09-20 00:00:00;0.14053652650143877;0.22847917692770756;0.6633522727272727;0.0;0.5833333333333334;0.3333333333333333;0.7014388489208633;0.5661375661375662
2018-09-20 01:00:00;0.17905875800612644;0.18590269796968206;0.6633522727272727;0.0;0.5555555555555556;0.25;0.7014388489208633;0.5529100529100529
2018-09-20 02:00:00;0.1809152510906897;0.17353472336233788;0.6647727272727273;0.0;0.5833333333333334;0.3333333333333333;0.7014388489208633;0.5529100529100529
2018-09-20 03:00:00;0.19261115752343821;0.153122092705084;0.6619318181818182;0.0;0.5277777777777778;0.25;0.7014388489208633;0.5423280423280423
2018-09-20 04:00:00;0.21841641139886755;0.13971433262190117;0.6605113636363636;0.0;0.5277777777777778;0.25;0.7050359712230215;0.5476190476190477
2018-09-20 05:00:00;0.33194096351991087;0.10277458545394844;0.6590909090909091;0.0;0.5;0.25;0.7122302158273381;0.5529100529100529
2018-09-20 06:00:00;0.4341409078251184;0.06982980353527062;0.6576704545454546;0.2;0.5277777777777778;0.25;0.7194244604316546;0.5687830687830688
2018-09-20 07:00:00;0.42207370277545714;0.0721282766923877;0.6576704545454546;0.5;0.5;0.3333333333333333;0.7158273381294964;0.5793650793650794
2018-09-20 08:00:00;0.36888517590271974;0.11136649701745745;0.6576704545454546;0.5;0.6111111111111112;0.4166666666666667;0.7338129496402878;0.6164021164021164
2018-09-20 09:00:00;0.345679012345679;0.11798828873200898;0.6548295454545454;0.5;0.5833333333333334;0.5;0.737410071942446;0.6322751322751323
2018-09-20 10:00:00;0.24106562703053933;0.17386307667049747;0.6534090909090909;0.6;0.6111111111111112;0.5;0.7086330935251799;0.6481481481481481
2018-09-20 11:00:00;0.1836999907175346;0.2322005144201828;0.6463068181818182;0.9;0.6111111111111112;0.5;0.7086330935251799;0.6984126984126984
2018-09-20 12:00:00;0.17580989510814074;0.2541454605155147;0.6392045454545454;0.8;0.6111111111111112;0.5;0.6942446043165468;0.7037037037037037
2018-09-20 13:00:00;0.18175067297874317;0.29272697422426536;0.6278409090909091;1.0;0.5833333333333334;0.5;0.6906474820143885;0.7142857142857143
2018-09-20 14:00:00;0.22361459203564465;0.2882394790127511;0.6150568181818182;1.0;0.5833333333333334;0.4166666666666667;0.6654676258992805;0.716931216931217
2018-09-20 15:00:00;0.22593520839134873;0.32348273408854594;0.6065340909090909;0.4;0.5555555555555556;0.3333333333333333;0.6834532374100719;0.7063492063492064
2018-09-20 16:00:00;0.2911909403137473;0.29103048213210747;0.5994318181818182;0.8;0.5833333333333334;0.3333333333333333;0.6834532374100719;0.6878306878306878
2018-09-20 17:00:00;0.3845725424672793;0.23936956164833362;0.5909090909090909;0.2;0.5555555555555556;0.25;0.6798561151079137;0.6534391534391535
2018-09-20 18:00:00;0.328599275967697;0.2402998960214524;0.5809659090909091;0.0;0.4722222222222222;0.16666666666666666;0.6870503597122302;0.6058201058201058
2018-09-20 19:00:00;0.4308920449271326;0.17621627537897447;0.5653409090909091;0.0;0.4722222222222222;0.25;0.6870503597122302;0.6190476190476191
2018-09-20 20:00:00;0.5012531328320802;0.1333661686641493;0.5539772727272727;0.0;0.5;0.25;0.6906474820143885;0.6216931216931217
2018-09-20 21:00:00;0.3774250440917108;0.1788431018442511;0.5397727272727273;0.0;0.5;0.4166666666666667;0.6834532374100719;0.6296296296296297
2018-09-20 22:00:00;0.27708159287106654;0.20336014885349968;0.5269886363636364;0.0;0.5277777777777778;0.4166666666666667;0.6798561151079137;0.6296296296296297
2018-09-20 23:00:00;0.21451777592128468;0.22880753023586714;0.5099431818181818;0.0;0.5;0.4166666666666667;0.6762589928057554;0.6322751322751323
2018-09-21 00:00:00;0.13134688573285064;0.26115033108958574;0.4971590909090909;0.0;0.5;0.4166666666666667;0.6762589928057554;0.6190476190476191
2018-09-21 01:00:00;0.12382808874036944;0.2519564384611175;0.4772727272727273;0.0;0.5277777777777778;0.5;0.6798561151079137;0.6137566137566137
2018-09-21 02:00:00;0.1404437018472106;0.24462321457888686;0.4588068181818182;0.0;0.5;0.4166666666666667;0.6834532374100719;0.6031746031746031
2018-09-21 03:00:00;0.13580246913580246;0.24424013571936737;0.44176136363636365;0.0;0.5;0.5;0.6762589928057554;0.6164021164021164
2018-09-21 04:00:00;0.12280701754385963;0.2521753406665572;0.43607954545454547;0.0;0.5277777777777778;0.5833333333333334;0.6726618705035972;0.6190476190476191
2018-09-21 05:00:00;0.15501717256103223;0.2481256498659224;0.4346590909090909;0.0;0.5833333333333334;0.5833333333333334;0.7230215827338129;0.5661375661375662
2018-09-21 06:00:00;0.18834122342894274;0.22076287418595741;0.45738636363636365;0.0;0.6388888888888888;0.6666666666666666;0.658273381294964;0.5211640211640212
2018-09-21 07:00:00;0.17404622667780562;0.20823072292453346;0.4772727272727273;0.1;0.7222222222222222;0.5833333333333334;0.539568345323741;0.5264550264550265
2018-09-21 08:00:00;0.1728395061728395;0.2313249055984239;0.4943181818181818;0.6;0.6944444444444444;0.4166666666666667;0.5683453237410072;0.544973544973545
2018-09-21 09:00:00;0.14480646059593427;0.24402123351392765;0.515625;0.3;0.7222222222222222;0.4166666666666667;0.5467625899280576;0.5
2018-09-21 10:00:00;0.16067947646895017;0.25250369397471684;0.5269886363636364;0.3;0.7222222222222222;0.5833333333333334;0.4748201438848921;0.5
2018-09-21 11:00:00;0.1354311705188898;0.3051496743829694;0.5440340909090909;0.8;0.7222222222222222;0.5833333333333334;0.4316546762589928;0.5
2018-09-21 12:00:00;0.10776942355889724;0.3189952388770317;0.5568181818181818;0.8;0.75;0.5833333333333334;0.4136690647482014;0.5185185185185185
2018-09-21 13:00:00;0.14415668801633713;0.31226399605976035;0.5653409090909091;1.0;0.6944444444444444;0.6666666666666666;0.4028776978417266;0.5264550264550265
2018-09-21 14:00:00;0.1583588601132461;0.3142341159087178;0.5710227272727273;1.0;0.6944444444444444;0.6666666666666666;0.3669064748201439;0.5185185185185185
2018-09-21 15:00:00;0.09718741297688664;0.33552235538773056;0.5681818181818182;0.2;0.6666666666666666;0.5833333333333334;0.41007194244604317;0.4947089947089947
2018-09-21 16:00:00;0.11083263714842662;0.3423630493077218;0.578125;0.0;0.6388888888888888;0.5833333333333334;0.4856115107913669;0.41005291005291006
2018-09-21 17:00:00;0.14211454562331755;0.3163136868603951;0.5951704545454546;0.0;0.8333333333333334;0.3333333333333333;0.4460431654676259;0.3783068783068783
2018-09-21 18:00:00;0.19604566972988025;0.25113555519071856;0.5923295454545454;0.0;0.6666666666666666;0.3333333333333333;0.5215827338129496;0.42592592592592593
2018-09-21 19:00:00;0.16244314489928524;0.25567777595359276;0.6008522727272727;0.0;0.6666666666666666;0.5;0.5287769784172662;0.4417989417989418
2018-09-21 20:00:00;0.10702682632507193;0.26558310074974006;0.6178977272727273;0.0;0.75;0.4166666666666667;0.4784172661870504;0.4576719576719577
2018-09-21 21:00:00;0.10155017172561032;0.27067257702621356;0.6321022727272727;0.0;0.75;0.4166666666666667;0.49640287769784175;0.4497354497354497
2018-09-21 22:00:00;0.09793001021071195;0.2791003119356428;0.6463068181818182;0.0;0.75;0.4166666666666667;0.49280575539568344;0.4497354497354497
2018-09-21 23:00:00;0.08391348742225935;0.28369725824987685;0.6619318181818182;0.0;0.7222222222222222;0.4166666666666667;0.5035971223021583;0.43915343915343913
2018-09-22 00:00:00;0.11111111111111109;0.2722596180156515;0.6676136363636364;0.0;0.7222222222222222;0.25;0.5035971223021583;0.4365079365079365
2018-09-22 01:00:00;0.13357467743432655;0.2433645268976085;0.6761363636363636;0.0;0.7222222222222222;0.25;0.4676258992805755;0.43386243386243384
2018-09-22 02:00:00;0.14740555091432284;0.23050402232802494;0.6803977272727273;0.0;0.6944444444444444;0.25;0.46402877697841727;0.43386243386243384
2018-09-22 03:00:00;0.12419938735728209;0.23159853335522357;0.6875;0.0;0.6388888888888888;0.25;0.4676258992805755;0.4126984126984127
2018-09-22 04:00:00;0.08614127912373526;0.23044929677666504;0.6889204545454546;0.0;0.6111111111111112;0.25;0.4712230215827338;0.4074074074074074
2018-09-22 05:00:00;0.14480646059593427;0.18803699447271932;0.6917613636363636;0.0;0.5833333333333334;0.25;0.4892086330935252;0.3994708994708995
2018-09-22 06:00:00;0.19029054116773414;0.1649428117988289;0.6988636363636364;0.5;0.5555555555555556;0.25;0.5323741007194245;0.4312169312169312
2018-09-22 07:00:00;0.2594449085677156;0.13911235155694193;0.6974431818181818;0.1;0.5833333333333334;0.3333333333333333;0.564748201438849;0.455026455026455
2018-09-22 08:00:00;0.2510906896871809;0.1060033929841843;0.6988636363636364;0.3;0.5833333333333334;0.4166666666666667;0.5827338129496403;0.48412698412698413
2018-09-22 09:00:00;0.23215446022463568;0.12811251573359603;0.6988636363636364;0.5;0.6111111111111112;0.5;0.5755395683453237;0.5052910052910053
2018-09-22 10:00:00;0.17859463473498563;0.1753953921085755;0.6960227272727273;0.2;0.6388888888888888;0.4166666666666667;0.564748201438849;0.5132275132275133
2018-09-22 11:00:00;0.15789473684210528;0.2059322497674164;0.7073863636363636;0.0;0.6666666666666666;0.4166666666666667;0.5503597122302158;0.41534391534391535
2018-09-22 12:00:00;0.19409635199108882;0.21162370710884915;0.703125;0.0;0.6666666666666666;0.4166666666666667;0.5575539568345323;0.42592592592592593
2018-09-22 13:00:00;0.14935486865311426;0.23302139769058175;0.703125;0.0;0.6111111111111112;0.4166666666666667;0.5575539568345323;0.4126984126984127
2018-09-22 14:00:00;0.1633713914415669;0.23110600339298418;0.7002840909090909;0.0;0.6111111111111112;0.3333333333333333;0.5575539568345323;0.4074074074074074
2018-09-22 15:00:00;0.23484637519725238;0.20253926558310076;0.6960227272727273;0.0;0.5833333333333334;0.25;0.579136690647482;0.41005291005291006
2018-09-22 16:00:00;0.23373247934651442;0.19093744869479562;0.6903409090909091;0.0;0.6111111111111112;0.3333333333333333;0.5827338129496403;0.40476190476190477
2018-09-22 17:00:00;0.26603545901791514;0.17118152465386088;0.6931818181818182;0.0;0.6111111111111112;0.25;0.5863309352517986;0.40476190476190477
2018-09-22 18:00:00;0.2376311148240973;0.1643955562852296;0.6931818181818182;0.0;0.5833333333333334;0.25;0.5755395683453237;0.3994708994708995
2018-09-22 19:00:00;0.23818806274946625;0.16707710830186615;0.6875;0.0;0.5555555555555556;0.25;0.579136690647482;0.3994708994708995
2018-09-22 20:00:00;0.23215446022463568;0.1539977015268429;0.6832386363636364;0.0;0.5555555555555556;0.16666666666666666;0.5719424460431655;0.3968253968253968
2018-09-22 21:00:00;0.2566601689408707;0.12307776500848246;0.6732954545454546;0.0;0.5277777777777778;0.16666666666666666;0.5539568345323741;0.3888888888888889
2018-09-22 22:00:00;0.2512763389956372;0.12034148744048596;0.6676136363636364;0.0;0.5;0.16666666666666666;0.5575539568345323;0.3862433862433862
2018-09-22 23:00:00;0.22816300009282467;0.1280577901822361;0.6590909090909091;0.0;0.4722222222222222;0.16666666666666666;0.5611510791366906;0.38095238095238093
2018-09-23 00:00:00;0.18054395247377705;0.12017731078640617;0.6505681818181818;0.0;0.3888888888888889;0.16666666666666666;0.5575539568345323;0.37566137566137564
2018-09-23 01:00:00;0.16931216931216933;0.12291358835440266;0.6420454545454546;0.0;0.3055555555555556;0.16666666666666666;0.5467625899280576;0.36507936507936506
2018-09-23 02:00:00;0.12354961477768493;0.12291358835440266;0.6349431818181818;0.0;0.2222222222222222;0.08333333333333333;0.5431654676258992;0.35978835978835977
2018-09-23 03:00:00;0.10981156595191682;0.14480380889837463;0.6264204545454546;0.0;0.25;0.16666666666666666;0.5143884892086331;0.3412698412698413
2018-09-23 04:00:00;0.10730530028775641;0.12280413725168281;0.6150568181818182;0.0;0.16666666666666666;0.08333333333333333;0.5179856115107914;0.3439153439153439
2018-09-23 05:00:00;0.09198923234010953;0.11563509002353199;0.6207386363636364;0.0;0.08333333333333333;0.08333333333333333;0.5215827338129496;0.34656084656084657
2018-09-23 06:00:00;0.10470620996936786;0.10753570842226236;0.609375;0.0;0.16666666666666666;0.08333333333333333;0.539568345323741;0.35978835978835977
2018-09-23 07:00:00;0.1060985797827903;0.1094511027198599;0.6065340909090909;0.0;0.1388888888888889;0.08333333333333333;0.5539568345323741;0.37037037037037035
2018-09-23 08:00:00;0.10554163185742133;0.1185902697969682;0.6036931818181818;0.0;0.05555555555555555;0.08333333333333333;0.564748201438849;0.38095238095238093
2018-09-23 09:00:00;0.12104334911352455;0.12017731078640617;0.5994318181818182;0.0;0.08333333333333333;0.16666666666666666;0.5683453237410072;0.3862433862433862
2018-09-23 10:00:00;0.12271419288963147;0.14715700760685166;0.6036931818181818;0.0;0.027777777777777776;0.25;0.5611510791366906;0.3835978835978836
2018-09-23 11:00:00;0.11751601225285435;0.17802221857385214;0.6051136363636364;0.0;1.0;0.25;0.5683453237410072;0.3862433862433862
2018-09-23 12:00:00;0.1153810452056066;0.1988179280906255;0.6107954545454546;0.0;1.0;0.25;0.5611510791366906;0.3888888888888889
2018-09-23 13:00:00;0.11036851387728579;0.20505664094565754;0.6306818181818182;0.0;0.9722222222222222;0.3333333333333333;0.5287769784172662;0.37037037037037035
2018-09-23 14:00:00;0.06293511556669451;0.27959284189788214;0.6363636363636364;0.4;0.9722222222222222;0.3333333333333333;0.5179856115107914;0.3835978835978836
2018-09-23 15:00:00;0.05615891580803861;0.30892573742680457;0.6576704545454546;0.0;0.8888888888888888;0.16666666666666666;0.5143884892086331;0.38095238095238093
2018-09-23 16:00:00;0.12095052445929638;0.26470749192798115;0.6761363636363636;0.0;0.8333333333333334;0.16666666666666666;0.5251798561151079;0.36772486772486773
2018-09-23 17:00:00;0.29963798384851015;0.18218136047720682;0.7002840909090909;0.0;0.8333333333333334;0.16666666666666666;0.5287769784172662;0.36507936507936506
2018-09-23 18:00:00;0.2945326278659612;0.17369890001641766;0.7230113636363636;0.0;0.7777777777777778;0.16666666666666666;0.5143884892086331;0.36243386243386244
2018-09-23 19:00:00;0.26260094681147317;0.18376840146664478;0.7471590909090909;0.0;0.7777777777777778;0.16666666666666666;0.4856115107913669;0.328042328042328
2018-09-23 20:00:00;0.34985612178594633;0.1357740929239862;0.7698863636363636;0.0;0.8333333333333334;0.16666666666666666;0.4748201438848921;0.3201058201058201
2018-09-23 21:00:00;0.31820291469414275;0.153122092705084;0.7869318181818182;0.0;0.8055555555555556;0.16666666666666666;0.42805755395683454;0.2804232804232804
2018-09-23 22:00:00;0.34363686995265946;0.12362502052208177;0.7997159090909091;0.0;0.7777777777777778;0.16666666666666666;0.4244604316546763;0.2830687830687831
2018-09-23 23:00:00;0.15093288777499306;0.25354347945055544;0.8139204545454546;0.0;0.7777777777777778;0.16666666666666666;0.4064748201438849;0.2671957671957672
2018-09-24 00:00:00;0.18230762090411212;0.21446943577956548;0.8309659090909091;0.0;0.75;0.16666666666666666;0.4064748201438849;0.2777777777777778
2018-09-24 01:00:00;0.17348927875243667;0.19537021835494991;0.8394886363636364;0.0;0.8611111111111112;0.16666666666666666;0.4028776978417266;0.30158730158730157
2018-09-24 02:00:00;0.12057922584238373;0.24232474142176985;0.8494318181818182;0.0;0.75;0.16666666666666666;0.3920863309352518;0.25396825396825395
2018-09-24 03:00:00;0.1676413255360624;0.21381272916324634;0.8607954545454546;0.0;0.8611111111111112;0.16666666666666666;0.4136690647482014;0.29365079365079366
2018-09-24 04:00:00;0.16021535319780936;0.2348820664368194;0.8693181818181818;0.0;0.8055555555555556;0.16666666666666666;0.4064748201438849;0.291005291005291
2018-09-24 05:00:00;0.33537547572635296;0.15963443331691568;0.8778409090909091;0.0;0.7777777777777778;0.16666666666666666;0.43884892086330934;0.30952380952380953
2018-09-24 06:00:00;0.6122714192889632;0.05084003721337493;0.8892045454545454;0.5;0.75;0.08333333333333333;0.4748201438848921;0.35978835978835977
2018-09-24 07:00:00;0.629258331012717;0.04525803097466207;0.9019886363636364;0.5;0.75;0.16666666666666666;0.4856115107913669;0.3783068783068783
2018-09-24 08:00:00;0.5742133110554163;0.06840693919991245;0.9090909090909091;1.0;0.7777777777777778;0.16666666666666666;0.5179856115107914;0.4523809523809524
2018-09-24 09:00:00;0.41873201522324327;0.14223170798445794;0.9161931818181818;0.8;0.9166666666666666;0.25;0.4676258992805755;0.4470899470899471
2018-09-24 10:00:00;0.1929824561403509;0.23707108849121655;0.9190340909090909;1.0;0.9444444444444444;0.3333333333333333;0.4712230215827338;0.5
2018-09-24 11:00:00;0.10006497725795971;0.2919608165052263;0.9275568181818182;0.6;0.8888888888888888;0.3333333333333333;0.4352517985611511;0.5
2018-09-24 12:00:00;0.09644481574306134;0.3041646144584907;0.9275568181818182;0.8;0.8611111111111112;0.4166666666666667;0.30935251798561153;0.48677248677248675
2018-09-24 13:00:00;0.18128654970760236;0.30958244404312374;0.9303977272727273;1.0;0.8611111111111112;0.4166666666666667;0.3489208633093525;0.5
2018-09-24 14:00:00;0.14118629908103592;0.3264926394133421;0.9332386363636364;0.9;0.8611111111111112;0.4166666666666667;0.3776978417266187;0.47619047619047616
2018-09-24 15:00:00;0.18082242643646151;0.29568215399770154;0.9346590909090909;1.0;0.8611111111111112;0.4166666666666667;0.3920863309352518;0.47619047619047616
2018-09-24 16:00:00;0.13840155945419103;0.31729874678487385;0.9375;1.0;0.8888888888888888;0.3333333333333333;0.4028776978417266;0.43915343915343913
2018-09-24 17:00:00;0.24505708716235033;0.2667323373282986;0.9446022727272727;0.0;0.8611111111111112;0.16666666666666666;0.4244604316546763;0.3835978835978836
2018-09-24 18:00:00;0.2939756799405922;0.2095988617085317;0.9502840909090909;0.0;0.9166666666666666;0.08333333333333333;0.4352517985611511;0.31746031746031744
2018-09-24 19:00:00;0.27680311890838205;0.19181305751655447;0.9559659090909091;0.0;0.75;0.08333333333333333;0.4352517985611511;0.29365079365079366
2018-09-24 20:00:00;0.4463009375290077;0.08159579707765556;0.9659090909090909;0.0;0.8611111111111112;0.08333333333333333;0.4244604316546763;0.2751322751322751
2018-09-24 21:00:00;0.5311426714935487;0.04755650413177913;0.9715909090909091;0.0;0.2777777777777778;0.08333333333333333;0.4136690647482014;0.2698412698412698
2018-09-24 22:00:00;0.417432470064049;0.0865758222514092;0.9730113636363636;0.0;0.0;0.08333333333333333;0.37410071942446044;0.23809523809523808
2018-09-24 23:00:00;0.37658962220365727;0.05866579105784491;0.9715909090909091;0.0;0.6111111111111112;0.08333333333333333;0.39568345323741005;0.2566137566137566
2018-09-25 00:00:00;0.3711129676041957;0.015377879932140317;0.9758522727272727;0.0;0.7777777777777778;0.08333333333333333;0.3920863309352518;0.25396825396825395
2018-09-25 01:00:00;0.4429592499767938;0.019865375143654572;0.9744318181818182;0.0;0.0;0.08333333333333333;0.3381294964028777;0.21428571428571427
2018-09-25 02:00:00;0.35282651072124754;0.05270070595961255;0.9772727272727273;0.0;0.2777777777777778;0.0;0.3129496402877698;0.1931216931216931
2018-09-25 03:00:00;0.2716049382716049;0.05965085098232365;0.9730113636363636;0.0;0.0;0.0;0.29136690647482016;0.17724867724867724
2018-09-25 04:00:00;0.29035551842569385;0.0449296776665025;0.9758522727272727;0.0;0.5277777777777778;0.08333333333333333;0.2841726618705036;0.17195767195767195
2018-09-25 05:00:00;0.43776106934001674;0.01411919225086193;0.9801136363636364;0.0;0.4166666666666667;0.08333333333333333;0.3057553956834532;0.19047619047619047
2018-09-25 06:00:00;0.6227606052167456;0.01264160236414382;0.9872159090909091;0.8;0.0;0.08333333333333333;0.44244604316546765;0.291005291005291
2018-09-25 07:00:00;0.6438318017265385;0.01439282000766158;0.9943181818181818;0.8;0.5555555555555556;0.08333333333333333;0.45323741007194246;0.41534391534391535
2018-09-25 08:00:00;0.6442959249976793;0.0449296776665025;0.9985795454545454;1.0;0.5555555555555556;0.08333333333333333;0.45323741007194246;0.46825396825396826
2018-09-25 09:00:00;0.44890002784739624;0.143764023422536;1.0;1.0;0.3888888888888889;0.16666666666666666;0.43884892086330934;0.49206349206349204
2018-09-25 10:00:00;0.25396825396825395;0.23811087396705521;1.0;1.0;0.5277777777777778;0.16666666666666666;0.4064748201438849;0.5052910052910053
2018-09-25 11:00:00;0.3165320709180358;0.2183549499261205;0.9928977272727273;0.9;0.5277777777777778;0.16666666666666666;0.45323741007194246;0.5370370370370371
2018-09-25 12:00:00;0.2548965005105356;0.2278224703113884;0.9829545454545454;1.0;0.5277777777777778;0.25;0.4136690647482014;0.5291005291005291
2018-09-25 13:00:00;0.2189733593242365;0.2659114540578996;0.9772727272727273;1.0;0.6944444444444444;0.16666666666666666;0.3920863309352518;0.5264550264550265
2018-09-25 14:00:00;0.2769887682168384;0.2486729053795217;0.96875;1.0;0.5277777777777778;0.25;0.4028776978417266;0.5132275132275133
2018-09-25 15:00:00;0.34595748630836354;0.20494718984293767;0.96875;1.0;0.6111111111111112;0.16666666666666666;0.4064748201438849;0.5132275132275133
2018-09-25 16:00:00;0.3079922027290448;0.22486729053795215;0.9659090909090909;0.7;0.4166666666666667;0.16666666666666666;0.43884892086330934;0.46825396825396826
2018-09-25 17:00:00;0.4705281722825582;0.1452416133092541;0.9673295454545454;0.0;0.4166666666666667;0.08333333333333333;0.48201438848920863;0.35185185185185186
2018-09-25 18:00:00;0.5568551007147499;0.09456575274995897;0.9673295454545454;0.0;0.3333333333333333;0.08333333333333333;0.4460431654676259;0.30158730158730157
2018-09-25 19:00:00;0.6571057272811659;0.02687024571772561;0.9616477272727273;0.0;0.4444444444444444;0.16666666666666666;0.420863309352518;0.2751322751322751
2018-09-25 20:00:00;0.6614684860298896;0.018168883051496748;0.9502840909090909;0.0;0.4722222222222222;0.16666666666666666;0.4172661870503597;0.3439153439153439
2018-09-25 21:00:00;0.5720783440081686;0.03081048541564057;0.953125;0.0;0.4166666666666667;0.16666666666666666;0.39568345323741005;0.2671957671957672
2018-09-25 22:00:00;0.464123271140815;0.06474032725879714;0.9474431818181818;0.0;0.3611111111111111;0.08333333333333333;0.381294964028777;0.24074074074074073
2018-09-25 23:00:00;0.4620811287477954;0.05352158923001149;0.9417613636363636;0.0;0.4166666666666667;0.16666666666666666;0.3597122302158273;0.2275132275132275
2018-09-26 00:00:00;0.4455583402951824;0.03354676298363707;0.9346590909090909;0.0;0.4166666666666667;0.08333333333333333;0.3597122302158273;0.2275132275132275
2018-09-26 01:00:00;0.42142393019586;0.03206917309691896;0.9261363636363636;0.0;0.4444444444444444;0.08333333333333333;0.3345323741007194;0.21164021164021163
2018-09-26 02:00:00;0.4165042235217674;0.020631532862693595;0.9232954545454546;0.0;0.5;0.08333333333333333;0.3489208633093525;0.21957671957671956
2018-09-26 03:00:00;0.38847117794486213;0.029715974388441965;0.9147727272727273;0.0;0.5277777777777778;0.08333333333333333;0.35611510791366907;0.22486772486772486
2018-09-26 04:00:00;0.353661932609301;0.04306900892026488;0.9133522727272727;0.0;0.4722222222222222;0.08333333333333333;0.36330935251798563;0.23015873015873015
2018-09-26 05:00:00;0.4683932052353105;0.021288239479012754;0.9090909090909091;0.0;0.5;0.08333333333333333;0.39568345323741005;0.2566137566137566
2018-09-26 06:00:00;0.5367121507472384;0.013462485634542769;0.9105113636363636;0.0;0.5833333333333334;0.16666666666666666;0.420863309352518;0.335978835978836
2018-09-26 07:00:00;0.5917571707045391;0.023641438187489743;0.9105113636363636;0.3;0.5833333333333334;0.25;0.44244604316546765;0.4021164021164021
2018-09-26 08:00:00;0.5378260465979764;0.05368576588409129;0.9119318181818182;1.0;0.6388888888888888;0.3333333333333333;0.4172661870503597;0.4708994708994709
2018-09-26 09:00:00;0.41288406200686906;0.11831664204016855;0.9105113636363636;1.0;0.6388888888888888;0.4166666666666667;0.44244604316546765;0.5105820105820106
2018-09-26 10:00:00;0.27754571614220735;0.19909155584742516;0.90625;1.0;0.6111111111111112;0.4166666666666667;0.4856115107913669;0.5370370370370371
2018-09-26 11:00:00;0.24886289798570502;0.2458819022601653;0.9019886363636364;1.0;0.6388888888888888;0.4166666666666667;0.5143884892086331;0.5634920634920635
2018-09-26 12:00:00;0.2615798756149633;0.2584687790729492;0.8920454545454546;1.0;0.6944444444444444;0.4166666666666667;0.5215827338129496;0.5846560846560847
2018-09-26 13:00:00;0.24143692564745198;0.27105565588573305;0.8892045454545454;1.0;0.6666666666666666;0.4166666666666667;0.5215827338129496;0.5978835978835979
2018-09-26 14:00:00;0.24923419660261767;0.28304055163355774;0.8835227272727273;1.0;0.6111111111111112;0.4166666666666667;0.4856115107913669;0.5873015873015873
2018-09-26 15:00:00;0.24357189269469973;0.29491599627866255;0.8806818181818182;1.0;0.6388888888888888;0.4166666666666667;0.5071942446043165;0.5740740740740741
2018-09-26 16:00:00;0.27151211361737676;0.28763749794779186;0.8792613636363636;1.0;0.6388888888888888;0.3333333333333333;0.5107913669064749;0.5476190476190477
2018-09-26 17:00:00;0.3165320709180358;0.24982214195808022;0.8821022727272727;0.0;0.6944444444444444;0.25;0.5107913669064749;0.5052910052910053
2018-09-26 18:00:00;0.4317274668151861;0.17129097575658075;0.8821022727272727;0.0;0.6666666666666666;0.16666666666666666;0.5143884892086331;0.47883597883597884
2018-09-26 19:00:00;0.5215817321080478;0.1090680238603404;0.8849431818181818;0.0;0.6666666666666666;0.16666666666666666;0.5323741007194245;0.4021164021164021
2018-09-26 20:00:00;0.47368421052631576;0.1309582444043124;0.8835227272727273;0.0;0.6666666666666666;0.16666666666666666;0.5431654676258992;0.41005291005291006
2018-09-26 21:00:00;0.5008818342151675;0.11098341815793794;0.8821022727272727;0.0;0.6388888888888888;0.16666666666666666;0.5431654676258992;0.42592592592592593
2018-09-26 22:00:00;0.4411955815464587;0.11864499534832813;0.8806818181818182;0.0;0.5277777777777778;0.08333333333333333;0.5323741007194245;0.36772486772486773
2018-09-26 23:00:00;0.36934929917386056;0.1467192031959722;0.875;0.0;0.4722222222222222;0.16666666666666666;0.5143884892086331;0.35714285714285715
2018-09-27 00:00:00;0.3352826510721248;0.14704755650413176;0.8707386363636364;0.0;0.5555555555555556;0.08333333333333333;0.5107913669064749;0.3439153439153439
2018-09-27 01:00:00;0.35932423651721895;0.11651069884529087;0.8636363636363636;0.0;0.5277777777777778;0.08333333333333333;0.5107913669064749;0.3439153439153439
2018-09-27 02:00:00;0.4395247377703518;0.11651069884529087;0.8579545454545454;0.0;0.4166666666666667;0.08333333333333333;0.5;0.3306878306878307
2018-09-27 03:00:00;0.45929638912095055;0.061620970831281124;0.8536931818181818;0.0;0.4444444444444444;0.08333333333333333;0.5035971223021583;0.3439153439153439
2018-09-27 04:00:00;0.5202821869488536;0.029332895528922456;0.8494318181818182;0.0;0.4722222222222222;0.16666666666666666;0.4748201438848921;0.3386243386243386
2018-09-27 05:00:00;0.602432005940778;0.01494007552126088;0.8494318181818182;0.0;0.4166666666666667;0.08333333333333333;0.4712230215827338;0.328042328042328
2018-09-27 06:00:00;0.6313932980599647;0.01428336890494172;0.8451704545454546;1.0;0.3611111111111111;0.08333333333333333;0.4892086330935252;0.41798941798941797
2018-09-27 07:00:00;0.7042606516290727;0.018387785256936465;0.8423295454545454;1.0;0.5555555555555556;0.16666666666666666;0.4892086330935252;0.4708994708994709
2018-09-27 08:00:00;0.7037037037037037;0.029715974388441965;0.8352272727272727;1.0;0.5277777777777778;0.16666666666666666;0.4892086330935252;0.5396825396825397
2018-09-27 09:00:00;0.666852315975123;0.052810157062332407;0.8252840909090909;1.0;0.5555555555555556;0.25;0.4748201438848921;0.5767195767195767
2018-09-27 10:00:00;0.6244314489928524;0.1127346358014557;0.8153409090909091;1.0;0.5833333333333334;0.3333333333333333;0.4856115107913669;0.6084656084656085
2018-09-27 11:00:00;0.4598533370463195;0.2145241613309254;0.8068181818181818;1.0;0.5833333333333334;0.3333333333333333;0.4460431654676259;0.6296296296296297
2018-09-27 12:00:00;0.4186391905690151;0.27247852022109126;0.7926136363636364;1.0;0.6111111111111112;0.3333333333333333;0.45323741007194246;0.656084656084656
2018-09-27 13:00:00;0.4422166527429685;0.29059267772122804;0.78125;1.0;0.5833333333333334;0.3333333333333333;0.4748201438848921;0.6587301587301587
2018-09-27 14:00:00;0.43042792165599186;0.3163136868603951;0.7727272727272727;1.0;0.6944444444444444;0.3333333333333333;0.4784172661870504;0.6613756613756614
2018-09-27 15:00:00;0.5025526779912745;0.2957916051004214;0.7684659090909091;1.0;0.6944444444444444;0.25;0.4352517985611511;0.6375661375661376
2018-09-27 16:00:00;0.40777870602432004;0.307831226399606;0.7642045454545454;0.8;0.7777777777777778;0.25;0.5215827338129496;0.582010582010582
2018-09-27 17:00:00;0.46857885454376685;0.2814535106441198;0.7571022727272727;0.0;0.75;0.16666666666666666;0.5539568345323741;0.4497354497354497
2018-09-27 18:00:00;0.7054673721340388;0.13829146828654298;0.7599431818181818;0.0;0.7222222222222222;0.16666666666666666;0.4712230215827338;0.41534391534391535
2018-09-27 19:00:00;0.6636034530771372;0.1355551907185465;0.7585227272727273;0.0;0.75;0.08333333333333333;0.4568345323741007;0.3412698412698413
2018-09-27 20:00:00;0.6670379652835793;0.1374158594647841;0.7571022727272727;0.0;0.5833333333333334;0.08333333333333333;0.4352517985611511;0.28835978835978837
2018-09-27 21:00:00;0.7164206813329621;0.08427734909429213;0.7514204545454546;0.0;0.6388888888888888;0.16666666666666666;0.43884892086330934;0.28835978835978837
2018-09-27 22:00:00;0.6980413997957857;0.06944672467575112;0.7471590909090909;0.0;0.6388888888888888;0.08333333333333333;0.4712230215827338;0.30952380952380953
2018-09-27 23:00:00;0.6026176552492342;0.11339134241777486;0.7514204545454546;0.0;0.75;0.08333333333333333;0.49280575539568344;0.3253968253968254
2018-09-28 00:00:00;0.47897521581732105;0.11990368302960654;0.7528409090909091;0.0;0.9166666666666666;0.08333333333333333;0.49280575539568344;0.328042328042328
2018-09-28 01:00:00;0.4637519725239023;0.07612324194166256;0.7556818181818182;0.0;0.9722222222222222;0.16666666666666666;0.5683453237410072;0.3783068783068783
2018-09-28 02:00:00;0.333147684024877;0.10879439610354075;0.7613636363636364;0.0;1.0;0.16666666666666666;0.6330935251798561;0.455026455026455
2018-09-28 03:00:00;0.11853708344936414;0.19794231926886666;0.7698863636363636;0.0;0.027777777777777776;0.25;0.6079136690647482;0.46825396825396826
2018-09-28 04:00:00;0.01670843776106934;0.2905379521698681;0.7784090909090909;0.0;0.05555555555555555;0.3333333333333333;0.5575539568345323;0.4576719576719577
2018-09-28 05:00:00;0.036108790494755405;0.2908663054780277;0.7940340909090909;0.0;0.05555555555555555;0.3333333333333333;0.5215827338129496;0.4417989417989418
2018-09-28 06:00:00;0.09588786781769237;0.25025994636895965;0.8096590909090909;0.0;0.08333333333333333;0.3333333333333333;0.49640287769784175;0.4417989417989418
2018-09-28 07:00:00;0.10164299637983848;0.24112077929185138;0.8210227272727273;0.2;0.08333333333333333;0.3333333333333333;0.4712230215827338;0.4576719576719577
2018-09-28 08:00:00;0.11983662860855843;0.23176271000930337;0.8323863636363636;0.7;0.027777777777777776;0.3333333333333333;0.420863309352518;0.47354497354497355
2018-09-28 09:00:00;0.052353104984683936;0.27658293657308597;0.8380681818181818;0.6;0.027777777777777776;0.4166666666666667;0.42805755395683454;0.49206349206349204
2018-09-28 10:00:00;0.04232804232804233;0.2862693591637936;0.8394886363636364;0.6;0.08333333333333333;0.4166666666666667;0.460431654676259;0.5052910052910053
2018-09-28 11:00:00;0.05086791051703333;0.28386143490395666;0.8423295454545454;0.9;0.05555555555555555;0.4166666666666667;0.3669064748201439;0.5132275132275133
2018-09-28 12:00:00;0.03805810823354683;0.3035079078421715;0.8394886363636364;0.6;0.027777777777777776;0.3333333333333333;0.39568345323741005;0.5132275132275133
2018-09-28 13:00:00;0.030910609857978277;0.3220598697531878;0.8409090909090909;0.9;0.08333333333333333;0.4166666666666667;0.41007194244604317;0.49206349206349204
2018-09-28 14:00:00;0.031467557783347255;0.3338805888469326;0.8465909090909091;1.0;0.05555555555555555;0.4166666666666667;0.38848920863309355;0.5052910052910053
2018-09-28 15:00:00;0.034530771372876634;0.3334427844360532;0.8508522727272727;1.0;0.08333333333333333;0.4166666666666667;0.38848920863309355;0.48412698412698413
2018-09-28 16:00:00;0.03935765339274111;0.33382586329557273;0.8607954545454546;0.8;0.027777777777777776;0.3333333333333333;0.4316546762589928;0.4497354497354497
2018-09-28 17:00:00;0.0431634642160958;0.32326383188310626;0.8693181818181818;0.0;0.027777777777777776;0.25;0.4172661870503597;0.41798941798941797
2018-09-28 18:00:00;0.05968625266870881;0.3014283368904942;0.8735795454545454;0.0;1.0;0.16666666666666666;0.420863309352518;0.3439153439153439
2018-09-28 19:00:00;0.1357096444815743;0.24325507579488861;0.8778409090909091;0.0;0.08333333333333333;0.08333333333333333;0.381294964028777;0.25925925925925924
2018-09-28 20:00:00;0.1990160586651815;0.20002189022054398;0.8835227272727273;0.0;0.08333333333333333;0.08333333333333333;0.3597122302158273;0.2328042328042328
2018-09-28 21:00:00;0.33138401559454195;0.12575931702511903;0.8849431818181818;0.0;1.0;0.08333333333333333;0.3237410071942446;0.2037037037037037
2018-09-28 22:00:00;0.2944398032117331;0.11366497017457451;0.8863636363636364;0.0;0.9722222222222222;0.08333333333333333;0.31654676258992803;0.1931216931216931
2018-09-28 23:00:00;0.36563631300473404;0.06599901494007553;0.8863636363636364;0.0;0.0;0.0;0.2949640287769784;0.17724867724867724
2018-09-29 00:00:00;0.38717163278566785;0.058556339955125054;0.8849431818181818;0.0;0.0;0.0;0.27697841726618705;0.164021164021164
2018-09-29 01:00:00;0.2899842198087812;0.06490450391287693;0.8835227272727273;0.0;0.0;0.0;0.26618705035971224;0.15873015873015872
2018-09-29 02:00:00;0.3007518796992481;0.031467192031959725;0.8821022727272727;0.0;0.0;0.0;0.25539568345323743;0.15343915343915343
2018-09-29 03:00:00;0.2606516290726817;0.02074098396541345;0.8778409090909091;0.0;0.0;0.0;0.24100719424460432;0.14285714285714285
2018-09-29 04:00:00;0.2242643646152418;0.015049526623980737;0.8764204545454546;0.0;0.9722222222222222;0.08333333333333333;0.2302158273381295;0.1349206349206349
2018-09-29 05:00:00;0.19762368885175904;0.01362666228862256;0.8778409090909091;0.0;0.0;0.0;0.24100719424460432;0.14285714285714285
2018-09-29 06:00:00;0.24069432841362665;0.013900290045422209;0.8778409090909091;0.8;0.0;0.0;0.36330935251798563;0.24074074074074073
2018-09-29 07:00:00;0.22890559732664995;0.015377879932140317;0.8792613636363636;0.7;0.0;0.0;0.44964028776978415;0.3544973544973545
2018-09-29 08:00:00;0.36665738420124383;0.02944234663164232;0.8764204545454546;1.0;0.4444444444444444;0.08333333333333333;0.420863309352518;0.43386243386243384
2018-09-29 09:00:00;0.3614592035644667;0.1518086794724457;0.8678977272727273;1.0;0.3888888888888889;0.16666666666666666;0.37410071942446044;0.4523809523809524
2018-09-29 10:00:00;0.2600946811473127;0.20834017402725333;0.8607954545454546;1.0;0.4444444444444444;0.16666666666666666;0.3669064748201439;0.47619047619047616
2018-09-29 11:00:00;0.16040100250626566;0.2670059650850982;0.8480113636363636;1.0;0.3055555555555556;0.16666666666666666;0.37410071942446044;0.4973544973544973
2018-09-29 12:00:00;0.13524552121043348;0.2909757565807476;0.8352272727272727;1.0;0.2777777777777778;0.16666666666666666;0.3273381294964029;0.4947089947089947
2018-09-29 13:00:00;0.17070453912559175;0.27893613528156297;0.8210227272727273;1.0;0.3333333333333333;0.16666666666666666;0.3345323741007194;0.49206349206349204
2018-09-29 14:00:00;0.15798756149633342;0.2870355168828326;0.8082386363636364;1.0;0.5;0.16666666666666666;0.33093525179856115;0.49206349206349204
2018-09-29 15:00:00;0.17580989510814074;0.2852842992393148;0.7997159090909091;1.0;0.4722222222222222;0.16666666666666666;0.3273381294964029;0.47883597883597884
2018-09-29 16:00:00;0.2097837185556484;0.2512450062934384;0.7911931818181818;0.8;0.0;0.08333333333333333;0.42805755395683454;0.40476190476190477
2018-09-29 17:00:00;0.3976608187134503;0.1521917583319652;0.7883522727272727;0.0;0.4166666666666667;0.08333333333333333;0.4136690647482014;0.29894179894179895
2018-09-29 18:00:00;0.4040657198551935;0.14299786570349696;0.7855113636363636;0.0;0.0;0.08333333333333333;0.38848920863309355;0.2619047619047619
2018-09-29 19:00:00;0.5898078529657477;0.031193564275160075;0.7840909090909091;0.0;0.0;0.0;0.35611510791366907;0.2275132275132275
2018-09-29 20:00:00;0.5913858720876265;0.018223608602856677;0.7769886363636364;0.0;0.0;0.08333333333333333;0.3345323741007194;0.21428571428571427
2018-09-29 21:00:00;0.5486865311426715;0.017457450883817657;0.7670454545454546;0.0;0.0;0.0;0.302158273381295;0.18783068783068782
2018-09-29 22:00:00;0.4021164021164021;0.01701964647293822;0.7585227272727273;0.0;0.4166666666666667;0.08333333333333333;0.2841726618705036;0.1746031746031746
2018-09-29 23:00:00;0.37761069340016706;0.015706233240299898;0.7485795454545454;0.0;0.3888888888888889;0.08333333333333333;0.27697841726618705;0.16666666666666666
2018-09-30 00:00:00;0.4023948760790866;0.015596782137580038;0.7400568181818182;0.0;0.3611111111111111;0.08333333333333333;0.2733812949640288;0.16666666666666666
2018-09-30 01:00:00;0.4320987654320988;0.01554205658622011;0.7258522727272727;0.0;0.3611111111111111;0.08333333333333333;0.26258992805755393;0.15079365079365079
2018-09-30 02:00:00;0.41297688666109716;0.013900290045422209;0.7201704545454546;0.0;0.3611111111111111;0.08333333333333333;0.23741007194244604;0.13756613756613756
2018-09-30 03:00:00;0.3935765339274111;0.01340776008318284;0.7159090909090909;0.0;0.0;0.0;0.21223021582733814;0.11904761904761904
2018-09-30 04:00:00;0.321730251554813;0.01395501559678214;0.7102272727272727;0.0;0.2777777777777778;0.0;0.20503597122302158;0.11375661375661375
2018-09-30 05:00:00;0.301216002970389;0.01373611339134242;0.7073863636363636;0.0;0.4166666666666667;0.08333333333333333;0.20863309352517986;0.11375661375661375
2018-09-30 06:00:00;0.28933444722918406;0.014338094456301648;0.7059659090909091;0.8;0.4166666666666667;0.08333333333333333;0.3345323741007194;0.20899470899470898
2018-09-30 07:00:00;0.3454005383829945;0.016472390959338917;0.703125;1.0;0.5;0.08333333333333333;0.4316546762589928;0.35714285714285715
2018-09-30 08:00:00;0.4255082149818992;0.03907404367098999;0.6974431818181818;1.0;0.5;0.16666666666666666;0.4748201438848921;0.455026455026455
2018-09-30 09:00:00;0.3566323215446022;0.13270946204783013;0.6903409090909091;1.0;0.5555555555555556;0.16666666666666666;0.4892086330935252;0.5132275132275133
2018-09-30 10:00:00;0.33621089761440637;0.16072894434411425;0.6832386363636364;0.7;0.75;0.16666666666666666;0.5143884892086331;0.5317460317460317
2018-09-30 11:00:00;0.2788452613014017;0.22951896240354622;0.6747159090909091;0.9;0.6666666666666666;0.25;0.46402877697841727;0.5396825396825397
2018-09-30 12:00:00;0.23995173117980137;0.28369725824987685;0.6661931818181818;0.8;0.8055555555555556;0.25;0.46402877697841727;0.5396825396825397
2018-09-30 13:00:00;0.17423187598626194;0.3496415476385925;0.6605113636363636;0.8;0.8611111111111112;0.25;0.4712230215827338;0.5370370370370371
2018-09-30 14:00:00;0.13329620347164206;0.3927105565588574;0.6647727272727273;0.4;0.8055555555555556;0.3333333333333333;0.4892086330935252;0.49206349206349204
2018-09-30 15:00:00;0.11268913023298986;0.38379029168718876;0.6605113636363636;0.7;0.8333333333333334;0.3333333333333333;0.44964028776978415;0.4947089947089947
2018-09-30 16:00:00;0.12605588044184535;0.3713128659771247;0.6605113636363636;0.2;0.7777777777777778;0.16666666666666666;0.4460431654676259;0.4470899470899471
2018-09-30 17:00:00;0.2298338438689316;0.30285120122585235;0.6633522727272727;0.0;0.75;0.16666666666666666;0.4676258992805755;0.43386243386243384
2018-09-30 18:00:00;0.2677063027940221;0.26777212280413726;0.6633522727272727;0.0;0.7777777777777778;0.16666666666666666;0.5143884892086331;0.43386243386243384
2018-09-30 19:00:00;0.2469135802469136;0.2526678706287966;0.6647727272727273;0.0;0.8611111111111112;0.16666666666666666;0.4892086330935252;0.4312169312169312
2018-09-30 20:00:00;0.20532813515269654;0.24123023039457123;0.6605113636363636;0.0;0.8611111111111112;0.16666666666666666;0.44964028776978415;0.41005291005291006
2018-09-30 21:00:00;0.18026547851109256;0.25496634378591365;0.6576704545454546;0.0;0.9444444444444444;0.16666666666666666;0.46402877697841727;0.41005291005291006
2018-09-30 22:00:00;0.13858720876264735;0.26558310074974006;0.6590909090909091;0.0;0.75;0.08333333333333333;0.460431654676259;0.3439153439153439
2018-09-30 23:00:00;0.1695906432748538;0.2207081486345975;0.6576704545454546;0.0;0.8055555555555556;0.16666666666666666;0.44244604316546765;0.37566137566137564
2018-10-01 00:00:00;0.16773415019029053;0.2065889563837356;0.6633522727272727;0.0;0.8333333333333334;0.16666666666666666;0.460431654676259;0.37037037037037035
2018-10-01 01:00:00;0.10192147034252295;0.26322990204126306;0.6647727272727273;0.0;0.8055555555555556;0.08333333333333333;0.4712230215827338;0.3544973544973545
2018-10-01 02:00:00;0.07296017822333611;0.26322990204126306;0.6661931818181818;0.0;0.8333333333333334;0.08333333333333333;0.4892086330935252;0.3492063492063492
2018-10-01 03:00:00;0.12336396546922862;0.20188255896678162;0.6661931818181818;0.0;0.7222222222222222;0.16666666666666666;0.4856115107913669;0.3333333333333333
2018-10-01 04:00:00;0.14239301958600203;0.20215618672358124;0.671875;0.0;0.7222222222222222;0.16666666666666666;0.4856115107913669;0.328042328042328
2018-10-01 05:00:00;0.442495126705653;0.08630219449460955;0.6803977272727273;0.0;0.7222222222222222;0.16666666666666666;0.460431654676259;0.3148148148148148
2018-10-01 06:00:00;0.6338995637241251;0.02495485142012806;0.6903409090909091;0.8;0.8333333333333334;0.16666666666666666;0.4712230215827338;0.3544973544973545
2018-10-01 07:00:00;0.6226677805625174;0.04350681333114432;0.7045454545454546;0.8;0.8611111111111112;0.25;0.49640287769784175;0.3941798941798942
2018-10-01 08:00:00;0.3938550078900956;0.1240628249329612;0.71875;0.6;0.8888888888888888;0.3333333333333333;0.460431654676259;0.3968253968253968
2018-10-01 09:00:00;0.20031560382437577;0.22016089312099818;0.7215909090909091;0.8;0.8611111111111112;0.3333333333333333;0.46402877697841727;0.3783068783068783
2018-10-01 10:00:00;0.23428942727188343;0.21583757456356373;0.7230113636363636;0.9;0.8888888888888888;0.3333333333333333;0.3237410071942446;0.4523809523809524
2018-10-01 11:00:00;0.15538847117794488;0.28621463361243366;0.7315340909090909;0.8;0.9722222222222222;0.5;0.3776978417266187;0.41005291005291006
2018-10-01 12:00:00;0.08344936415111853;0.33174629234389535;0.7357954545454546;0.7;0.9444444444444444;0.4166666666666667;0.4460431654676259;0.38095238095238093
2018-10-01 13:00:00;0.11250348092453355;0.31303015377879934;0.7386363636363636;0.5;0.9166666666666666;0.4166666666666667;0.4244604316546763;0.35185185185185186
2018-10-01 14:00:00;0.11296760419567436;0.3131396048815192;0.7386363636363636;0.8;0.8888888888888888;0.3333333333333333;0.39928057553956836;0.4074074074074074
2018-10-01 15:00:00;0.1794300566230391;0.27537897444316756;0.7471590909090909;0.2;0.9444444444444444;0.4166666666666667;0.3920863309352518;0.34656084656084657
2018-10-01 16:00:00;0.12419938735728209;0.307831226399606;0.7514204545454546;0.5;0.8333333333333334;0.3333333333333333;0.381294964028777;0.34656084656084657
2018-10-01 17:00:00;0.16894087069525668;0.2819460406063591;0.7599431818181818;0.0;0.8611111111111112;0.25;0.39568345323741005;0.35185185185185186
2018-10-01 18:00:00;0.17645966768773788;0.2766376621244459;0.7627840909090909;0.0;0.7777777777777778;0.16666666666666666;0.39928057553956836;0.3386243386243386
2018-10-01 19:00:00;0.2897057458460967;0.20910633174629237;0.7627840909090909;0.0;0.8333333333333334;0.16666666666666666;0.41007194244604317;0.3333333333333333
2018-10-01 20:00:00;0.32637148426622115;0.1852459913533629;0.7585227272727273;0.0;0.6944444444444444;0.08333333333333333;0.4352517985611511;0.30687830687830686
2018-10-01 21:00:00;0.30938457254246726;0.17112679910250098;0.7542613636363636;0.0;0.6388888888888888;0.08333333333333333;0.43884892086330934;0.28835978835978837
2018-10-01 22:00:00;0.3125406107862248;0.1333661686641493;0.7457386363636364;0.0;0.5833333333333334;0.16666666666666666;0.4460431654676259;0.30687830687830686
2018-10-01 23:00:00;0.25025526779912743;0.1606194932413944;0.7386363636363636;0.0;0.5555555555555556;0.16666666666666666;0.4352517985611511;0.30952380952380953
2018-10-02 00:00:00;0.1965097930010211;0.16379357522027035;0.7301136363636364;0.0;0.5555555555555556;0.16666666666666666;0.420863309352518;0.3148148148148148
2018-10-02 01:00:00;0.18110090039914603;0.17052481803754174;0.7144886363636364;0.0;0.5833333333333334;0.16666666666666666;0.42805755395683454;0.3306878306878307
2018-10-02 02:00:00;0.18425693864290357;0.16614677392874733;0.703125;0.0;0.5833333333333334;0.3333333333333333;0.4352517985611511;0.3439153439153439
2018-10-02 03:00:00;0.12939756799405921;0.2228971706889947;0.6889204545454546;0.0;0.5833333333333334;0.4166666666666667;0.4460431654676259;0.3306878306878307
2018-10-02 04:00:00;0.16745567622760607;0.16100257210091393;0.6747159090909091;0.0;0.5555555555555556;0.3333333333333333;0.4676258992805755;0.3386243386243386
2018-10-02 05:00:00;0.3444722918407129;0.07771028293110054;0.6633522727272727;0.0;0.6111111111111112;0.4166666666666667;0.4676258992805755;0.3412698412698413
2018-10-02 06:00:00;0.40165227884526133;0.061730421934000995;0.6576704545454546;0.0;0.6388888888888888;0.4166666666666667;0.5287769784172662;0.35714285714285715
2018-10-02 07:00:00;0.3862433862433862;0.07032233349750999;0.6534090909090909;0.0;0.6111111111111112;0.5;0.5323741007194245;0.36243386243386244
2018-10-02 08:00:00;0.3111482409728024;0.10737153176818255;0.6519886363636364;0.0;0.6388888888888888;0.4166666666666667;0.5755395683453237;0.3862433862433862
2018-10-02 09:00:00;0.3051146384479718;0.11092869260657802;0.6477272727272727;0.0;0.6388888888888888;0.4166666666666667;0.6258992805755396;0.42063492063492064
2018-10-02 10:00:00;0.38364429592499766;0.0921031029387621;0.6505681818181818;0.0;0.7222222222222222;0.3333333333333333;0.6618705035971223;0.4576719576719577
2018-10-02 11:00:00;0.3389956372412513;0.08340174027253325;0.6491477272727273;0.1;0.7777777777777778;0.25;0.6510791366906474;0.5026455026455027
2018-10-02 12:00:00;0.3007518796992481;0.12603294478191868;0.6519886363636364;0.6;0.7777777777777778;0.4166666666666667;0.6151079136690647;0.5317460317460317
2018-10-02 13:00:00;0.23818806274946625;0.200788047939583;0.6590909090909091;0.5;0.8055555555555556;0.4166666666666667;0.5719424460431655;0.5317460317460317
2018-10-02 14:00:00;0.20300751879699247;0.259399113446068;0.6704545454545454;0.7;0.7777777777777778;0.5;0.5143884892086331;0.5079365079365079
2018-10-02 15:00:00;0.14304279216559918;0.3035079078421715;0.6789772727272727;1.0;0.7777777777777778;0.4166666666666667;0.5323741007194245;0.49206349206349204
2018-10-02 16:00:00;0.1593799313097559;0.30919936518360425;0.6846590909090909;0.5;0.8055555555555556;0.3333333333333333;0.4892086330935252;0.4576719576719577
2018-10-02 17:00:00;0.21228998421980877;0.2941498385596235;0.6903409090909091;0.0;0.7222222222222222;0.16666666666666666;0.5071942446043165;0.41534391534391535
2018-10-02 18:00:00;0.39534020235774625;0.19082799759207575;0.6960227272727273;0.0;0.7222222222222222;0.16666666666666666;0.5107913669064749;0.42857142857142855
2018-10-02 19:00:00;0.42188805346700087;0.161714004268593;0.7017045454545454;0.0;0.7222222222222222;0.16666666666666666;0.5323741007194245;0.42592592592592593
2018-10-02 20:00:00;0.4793465144342337;0.11842609314288842;0.7059659090909091;0.0;0.75;0.16666666666666666;0.5431654676258992;0.42063492063492064
2018-10-02 21:00:00;0.4143692564745196;0.13281891315055;0.7059659090909091;0.0;0.75;0.16666666666666666;0.5215827338129496;0.3888888888888889
2018-10-02 22:00:00;0.30966304650515175;0.17555956876265527;0.7059659090909091;0.0;0.7222222222222222;0.16666666666666666;0.5179856115107914;0.3915343915343915
2018-10-02 23:00:00;0.17469599925740276;0.2351009686422591;0.7102272727272727;0.0;0.7777777777777778;0.16666666666666666;0.5215827338129496;0.3941798941798942
2018-10-03 00:00:00;0.2553606237816764;0.18152465386088767;0.7130681818181818;0.0;0.7222222222222222;0.16666666666666666;0.5143884892086331;0.3915343915343915
2018-10-03 01:00:00;0.2195303072496055;0.16696765719914627;0.7201704545454546;0.0;0.75;0.16666666666666666;0.5035971223021583;0.3968253968253968
2018-10-03 02:00:00;0.1726538568643832;0.19454933508455097;0.7286931818181818;0.0;0.7777777777777778;0.16666666666666666;0.4712230215827338;0.40476190476190477
2018-10-03 03:00:00;0.09366007611621646;0.25584195260767256;0.7386363636363636;0.0;0.7777777777777778;0.16666666666666666;0.4460431654676259;0.3835978835978836
2018-10-03 04:00:00;0.1510257124292212;0.2287528046845072;0.7443181818181818;0.0;0.7777777777777778;0.16666666666666666;0.4352517985611511;0.38095238095238093
2018-10-03 05:00:00;0.3732479346514434;0.13539101406446669;0.7528409090909091;0.0;0.7222222222222222;0.16666666666666666;0.43884892086330934;0.38095238095238093
2018-10-03 06:00:00;0.6216467093660076;0.04832266185081815;0.7684659090909091;0.0;0.7777777777777778;0.16666666666666666;0.45323741007194246;0.40476190476190477
2018-10-03 07:00:00;0.6541353383458647;0.0410988890713074;0.7826704545454546;0.3;0.75;0.16666666666666666;0.4748201438848921;0.4417989417989418
2018-10-03 08:00:00;0.5860948667966212;0.06835221364855251;0.7926136363636364;0.4;0.8055555555555556;0.16666666666666666;0.45323741007194246;0.46296296296296297
2018-10-03 09:00:00;0.4092639004919707;0.15213703278060525;0.8025568181818182;0.5;0.05555555555555555;0.25;0.46402877697841727;0.47619047619047616
2018-10-03 10:00:00;0.24412884062006868;0.22317079844579435;0.8082386363636364;0.5;0.8888888888888888;0.16666666666666666;0.460431654676259;0.5
2018-10-03 11:00:00;0.1711686623967326;0.2676626717014174;0.8096590909090909;1.0;0.7777777777777778;0.3333333333333333;0.41007194244604317;0.5158730158730159
2018-10-03 12:00:00;0.169126520003713;0.3017019646472938;0.8110795454545454;1.0;0.8333333333333334;0.3333333333333333;0.4352517985611511;0.5158730158730159
2018-10-03 13:00:00;0.17042606516290726;0.3139057626005582;0.8082386363636364;0.9;0.8055555555555556;0.3333333333333333;0.42805755395683454;0.5185185185185185
2018-10-03 14:00:00;0.16773415019029053;0.3128659771247196;0.8096590909090909;0.9;0.8055555555555556;0.3333333333333333;0.45323741007194246;0.4947089947089947
2018-10-03 15:00:00;0.2096908939014202;0.2987467848738576;0.8096590909090909;1.0;0.75;0.3333333333333333;0.44964028776978415;0.48677248677248675
2018-10-03 16:00:00;0.20439988861041491;0.2905379521698681;0.8167613636363636;0.7;0.7777777777777778;0.25;0.48201438848920863;0.4576719576719577
2018-10-03 17:00:00;0.2977814907639469;0.24527992119520606;0.8196022727272727;0.0;0.7222222222222222;0.16666666666666666;0.4856115107913669;0.42063492063492064
2018-10-03 18:00:00;0.3511556669451406;0.2059322497674164;0.8210227272727273;0.0;0.6388888888888888;0.16666666666666666;0.4892086330935252;0.3915343915343915
2018-10-03 19:00:00;0.363872644574399;0.176599354238494;0.8196022727272727;0.0;0.5833333333333334;0.16666666666666666;0.4784172661870504;0.34656084656084657
2018-10-03 20:00:00;0.47702589807852963;0.12170962622448421;0.8196022727272727;0.0;0.5833333333333334;0.16666666666666666;0.5107913669064749;0.3888888888888889
2018-10-03 21:00:00;0.3694421238280888;0.14693810540141192;0.8196022727272727;0.0;0.5833333333333334;0.25;0.5431654676258992;0.4312169312169312
2018-10-03 22:00:00;0.28562146106005754;0.14184862912493842;0.8153409090909091;0.0;0.5833333333333334;0.25;0.5971223021582733;0.43386243386243384
2018-10-03 23:00:00;0.26557133574677433;0.12373447162480163;0.8139204545454546;0.0;0.5833333333333334;0.25;0.60431654676259;0.4417989417989418
2018-10-04 00:00:00;0.23187598626195116;0.10863021944946095;0.8110795454545454;0.0;0.5833333333333334;0.25;0.6187050359712231;0.4497354497354497
2018-10-04 01:00:00;0.24366471734892786;0.0816505226290155;0.8053977272727273;0.0;0.6111111111111112;0.25;0.6151079136690647;0.4576719576719577
2018-10-04 02:00:00;0.2258423837371206;0.08247140589941444;0.8025568181818182;0.0;0.6111111111111112;0.25;0.6187050359712231;0.4603174603174603
2018-10-04 03:00:00;0.23345400538382996;0.07130739342198873;0.7997159090909091;0.0;0.6111111111111112;0.25;0.6187050359712231;0.4656084656084656
2018-10-04 04:00:00;0.26111575234382256;0.057352377825206594;0.7997159090909091;0.0;0.6111111111111112;0.25;0.6258992805755396;0.46296296296296297
2018-10-04 05:00:00;0.38104520560660915;0.020576807311333663;0.8011363636363636;0.0;0.5833333333333334;0.25;0.6438848920863309;0.4656084656084656
2018-10-04 06:00:00;0.4153903276710294;0.01193017019646473;0.8039772727272727;0.0;0.5555555555555556;0.25;0.6438848920863309;0.46825396825396826
2018-10-04 07:00:00;0.43144899285250166;0.0124227001587041;0.8068181818181818;0.0;0.5833333333333334;0.25;0.6402877697841727;0.47883597883597884
2018-10-04 08:00:00;0.4317274668151861;0.01565150768893997;0.8082386363636364;0.0;0.5833333333333334;0.25;0.6330935251798561;0.5026455026455027
2018-10-04 09:00:00;0.3679569293604381;0.030044327696601546;0.8053977272727273;0.1;0.6111111111111112;0.3333333333333333;0.6366906474820144;0.5370370370370371
2018-10-04 10:00:00;0.3053002877564281;0.07338696437366607;0.8053977272727273;0.0;0.6111111111111112;0.3333333333333333;0.6510791366906474;0.5317460317460317
2018-10-04 11:00:00;0.3481852780098394;0.07409839654134516;0.7954545454545454;0.1;0.5833333333333334;0.3333333333333333;0.6510791366906474;0.5687830687830688
2018-10-04 12:00:00;0.33194096351991087;0.10808296393586166;0.7911931818181818;0.2;0.6111111111111112;0.4166666666666667;0.6258992805755396;0.5767195767195767
2018-10-04 13:00:00;0.27281165877657104;0.1670223827505062;0.7869318181818182;0.0;0.5833333333333334;0.3333333333333333;0.6366906474820144;0.5767195767195767
2018-10-04 14:00:00;0.25350413069711314;0.1905543698352761;0.7798295454545454;0.2;0.6111111111111112;0.4166666666666667;0.6402877697841727;0.5714285714285714
2018-10-04 15:00:00;0.2758748723661004;0.19903683029606523;0.7755681818181818;0.0;0.5833333333333334;0.3333333333333333;0.6438848920863309;0.5555555555555556
2018-10-04 16:00:00;0.32739255546273094;0.15963443331691568;0.7727272727272727;0.2;0.5555555555555556;0.25;0.6438848920863309;0.5396825396825397
2018-10-04 17:00:00;0.3637798199201708;0.12767471132271657;0.7741477272727273;0.0;0.5555555555555556;0.25;0.6294964028776978;0.5185185185185185
2018-10-04 18:00:00;0.4019307528079458;0.0953866360203579;0.7670454545454546;0.0;0.5;0.16666666666666666;0.6330935251798561;0.47883597883597884
2018-10-04 19:00:00;0.45233454005383833;0.06386471843703825;0.7642045454545454;0.0;0.4722222222222222;0.16666666666666666;0.6151079136690647;0.4470899470899471
2018-10-04 20:00:00;0.5407036108790495;0.016253488753899197;0.7627840909090909;0.0;0.5;0.25;0.6079136690647482;0.4523809523809524
2018-10-04 21:00:00;0.521117608836907;0.014447545559021509;0.7613636363636364;0.0;0.4722222222222222;0.25;0.5899280575539568;0.4312169312169312
2018-10-04 22:00:00;0.5006033602524831;0.019318119630055277;0.7571022727272727;0.0;0.5;0.25;0.5683453237410072;0.42857142857142855
2018-10-04 23:00:00;0.45929638912095055;0.0232036337766103;0.7514204545454546;0.0;0.4722222222222222;0.25;0.5575539568345323;0.41005291005291006
2018-10-05 00:00:00;0.30056623039079183;0.06944672467575112;0.7457386363636364;0.0;0.4722222222222222;0.25;0.5467625899280576;0.3968253968253968
2018-10-05 01:00:00;0.28107305300287755;0.0696109013298309;0.7400568181818182;0.0;0.4166666666666667;0.16666666666666666;0.5215827338129496;0.35185185185185186
2018-10-05 02:00:00;0.24719205420959808;0.0696109013298309;0.7301136363636364;0.0;0.4166666666666667;0.08333333333333333;0.49280575539568344;0.32275132275132273
2018-10-05 03:00:00;0.2724403601596584;0.03912876922234992;0.7244318181818182;0.0;0.4166666666666667;0.08333333333333333;0.4892086330935252;0.32275132275132273
2018-10-05 04:00:00;0.26928432191590085;0.0232036337766103;0.7215909090909091;0.0;0.4166666666666667;0.16666666666666666;0.5;0.3306878306878307
2018-10-05 05:00:00;0.3398310591293047;0.012149072401904451;0.71875;0.0;0.4166666666666667;0.16666666666666666;0.5035971223021583;0.3333333333333333
2018-10-05 06:00:00;0.40063120764875154;0.011711267991025011;0.71875;0.8;0.4166666666666667;0.16666666666666666;0.5251798561151079;0.36772486772486773
2018-10-05 07:00:00;0.4216095795043163;0.01362666228862256;0.7159090909090909;1.0;0.4444444444444444;0.16666666666666666;0.5539568345323741;0.42592592592592593
2018-10-05 08:00:00;0.4165970481759956;0.02123351392765282;0.7130681818181818;1.0;0.4444444444444444;0.16666666666666666;0.5827338129496403;0.48148148148148145
2018-10-05 09:00:00;0.41260558804418457;0.028730914463963225;0.7017045454545454;1.0;0.4722222222222222;0.25;0.6115107913669064;0.5396825396825397
2018-10-05 10:00:00;0.45688294811101826;0.054616100257210094;0.6875;1.0;0.4444444444444444;0.25;0.579136690647482;0.582010582010582
2018-10-05 11:00:00;0.4052724403601597;0.10873967055218081;0.6761363636363636;1.0;0.4166666666666667;0.25;0.5935251798561151;0.6137566137566137
2018-10-05 12:00:00;0.37157709087533647;0.15990806107371533;0.6619318181818182;1.0;0.4444444444444444;0.25;0.6115107913669064;0.6428571428571429
2018-10-05 13:00:00;0.371298616912652;0.2068625841405352;0.65625;1.0;0.4444444444444444;0.25;0.6151079136690647;0.6534391534391535
2018-10-05 14:00:00;0.3803026083727838;0.2444590379248071;0.6491477272727273;1.0;0.5277777777777778;0.25;0.6007194244604317;0.6613756613756614
2018-10-05 15:00:00;0.42931402580525385;0.21353910140644666;0.640625;1.0;0.5;0.25;0.5935251798561151;0.6402116402116402
2018-10-05 16:00:00;0.5843311983662861;0.17068899469162152;0.6392045454545454;0.5;0.4722222222222222;0.08333333333333333;0.6474820143884892;0.5158730158730159
2018-10-05 17:00:00;0.6857885454376682;0.11410277458545394;0.6377840909090909;0.0;0.0;0.0;0.5863309352517986;0.42063492063492064
2018-10-05 18:00:00;0.7725795971410007;0.05707875006840695;0.6306818181818182;0.0;0.3333333333333333;0.08333333333333333;0.5539568345323741;0.37566137566137564
2018-10-05 19:00:00;0.7773136545066369;0.02544738138236743;0.6306818181818182;0.0;0.3055555555555556;0.08333333333333333;0.5251798561151079;0.35185185185185186
2018-10-05 20:00:00;0.7058386707509515;0.020576807311333663;0.6264204545454546;0.0;0.3888888888888889;0.08333333333333333;0.5;0.328042328042328
2018-10-05 21:00:00;0.6612828367214332;0.015377879932140317;0.6193181818181818;0.0;0.3611111111111111;0.08333333333333333;0.5;0.32275132275132273
2018-10-05 22:00:00;0.624152975030168;0.015049526623980737;0.6136363636363636;0.0;0.3333333333333333;0.08333333333333333;0.4676258992805755;0.29894179894179895
2018-10-05 23:00:00;0.6112503480924533;0.01362666228862256;0.6107954545454546;0.0;0.4166666666666667;0.08333333333333333;0.4676258992805755;0.30687830687830686
2018-10-06 00:00:00;0.4795321637426901;0.012532151261423959;0.6022727272727273;0.0;0.4722222222222222;0.08333333333333333;0.44964028776978415;0.2857142857142857
2018-10-06 01:00:00;0.4750765803397382;0.011875444645104802;0.5951704545454546;0.0;0.4166666666666667;0.16666666666666666;0.44244604316546765;0.2804232804232804
2018-10-06 02:00:00;0.4678362573099415;0.011547091336945222;0.5880681818181818;0.0;0.4166666666666667;0.16666666666666666;0.4784172661870504;0.30687830687830686
2018-10-06 03:00:00;0.43655434883505057;0.01160181688830515;0.578125;0.0;0.3888888888888889;0.08333333333333333;0.46402877697841727;0.2962962962962963
2018-10-06 04:00:00;0.45010674835236236;0.011218738028785643;0.5710227272727273;0.0;0.4166666666666667;0.16666666666666666;0.4784172661870504;0.30687830687830686
2018-10-06 05:00:00;0.41576162628794205;0.011273463580145571;0.5653409090909091;0.0;0.4166666666666667;0.08333333333333333;0.4748201438848921;0.30423280423280424
2018-10-06 06:00:00;0.4347906804047155;0.01138291468286543;0.5610795454545454;0.7;0.4444444444444444;0.16666666666666666;0.5611510791366906;0.3783068783068783
2018-10-06 07:00:00;0.4142764318202915;0.019372845181415205;0.5610795454545454;1.0;0.4722222222222222;0.16666666666666666;0.5827338129496403;0.4470899470899471
2018-10-06 08:00:00;0.3938550078900956;0.033710939637716854;0.5539772727272727;1.0;0.4722222222222222;0.25;0.6223021582733813;0.5158730158730159
2018-10-06 09:00:00;0.39190569015130416;0.06621791714551525;0.5511363636363636;1.0;0.5277777777777778;0.25;0.6366906474820144;0.5634920634920635
2018-10-06 10:00:00;0.3938550078900956;0.11612761998577135;0.5497159090909091;1.0;0.5833333333333334;0.25;0.658273381294964;0.6111111111111112
2018-10-06 11:00:00;0.3676784553977536;0.17380835111913753;0.5426136363636364;1.0;0.6666666666666666;0.25;0.6618705035971223;0.6243386243386243
2018-10-06 12:00:00;0.3258145363408521;0.2149072401904449;0.5355113636363636;1.0;0.75;0.16666666666666666;0.6618705035971223;0.656084656084656
2018-10-06 13:00:00;0.4019307528079458;0.23674273518305697;0.5340909090909091;0.9;0.8611111111111112;0.08333333333333333;0.6546762589928058;0.6507936507936508
2018-10-06 14:00:00;0.4042513691636499;0.26377715755486236;0.5383522727272727;0.6;0.8888888888888888;0.16666666666666666;0.6618705035971223;0.6216931216931217
2018-10-06 15:00:00;0.32832080200501257;0.28375198380123684;0.5355113636363636;0.8;0.9166666666666666;0.16666666666666666;0.6402877697841727;0.5978835978835979
2018-10-06 16:00:00;0.2706766917293233;0.3041646144584907;0.5440340909090909;0.0;0.9166666666666666;0.16666666666666666;0.6654676258992805;0.5370370370370371
2018-10-06 17:00:00;0.4598533370463195;0.19340009850599243;0.5525568181818182;0.0;0.9166666666666666;0.16666666666666666;0.658273381294964;0.5158730158730159
2018-10-06 18:00:00;0.3492991738605774;0.18207190937448697;0.5625;0.0;0.9722222222222222;0.25;0.6546762589928058;0.5026455026455027
2018-10-06 19:00:00;0.3173674928060893;0.17528594100585565;0.5795454545454546;0.0;0.9722222222222222;0.25;0.6726618705035972;0.48412698412698413
2018-10-06 20:00:00;0.2087626473591386;0.16986811142122257;0.5880681818181818;0.0;1.0;0.3333333333333333;0.6690647482014388;0.47619047619047616
2018-10-06 21:00:00;0.10665552770815928;0.22240464072675534;0.59375;0.0;1.0;0.4166666666666667;0.6438848920863309;0.46296296296296297
2018-10-06 22:00:00;0.04056437389770723;0.28347835604443716;0.6107954545454546;0.0;0.027777777777777776;0.5;0.579136690647482;0.4365079365079365
2018-10-06 23:00:00;0.01986447600482688;0.3220598697531878;0.6292613636363636;0.0;0.027777777777777776;0.5;0.5503597122302158;0.41534391534391535
2018-10-07 00:00:00;0.01735821034066648;0.3399551250478849;0.6463068181818182;0.0;0.05555555555555555;0.5;0.5179856115107914;0.4074074074074074
2018-10-07 01:00:00;0.012624152975030169;0.3416516171400427;0.6534090909090909;0.0;0.05555555555555555;0.4166666666666667;0.5107913669064749;0.3994708994708995
2018-10-07 02:00:00;0.014480646059593427;0.3328955289224539;0.6590909090909091;0.0;0.08333333333333333;0.4166666666666667;0.4892086330935252;0.3888888888888889
2018-10-07 03:00:00;0.011695906432748537;0.32496032397526403;0.6690340909090909;0.0;0.05555555555555555;0.3333333333333333;0.4748201438848921;0.37566137566137564
2018-10-07 04:00:00;0.018472106191404436;0.311716740546161;0.6875;0.0;0.05555555555555555;0.25;0.460431654676259;0.35978835978835977
2018-10-07 05:00:00;0.022463566323215445;0.29918458928473707;0.7002840909090909;0.0;0.027777777777777776;0.16666666666666666;0.44964028776978415;0.335978835978836
2018-10-07 06:00:00;0.04130697113153253;0.28621463361243366;0.7102272727272727;0.7;0.1111111111111111;0.08333333333333333;0.45323741007194246;0.36772486772486773
2018-10-07 07:00:00;0.05114638447971782;0.27198599025885184;0.7215909090909091;1.0;0.1388888888888889;0.16666666666666666;0.44964028776978415;0.41005291005291006
2018-10-07 08:00:00;0.05968625266870881;0.27576205330268705;0.7357954545454546;1.0;0.19444444444444445;0.3333333333333333;0.4568345323741007;0.4365079365079365
2018-10-07 09:00:00;0.030075187969924814;0.31779127674711327;0.7443181818181818;1.0;0.1111111111111111;0.3333333333333333;0.4316546762589928;0.4576719576719577
2018-10-07 10:00:00;0.03230297967140073;0.3408854594210037;0.7414772727272727;1.0;0.16666666666666666;0.4166666666666667;0.39568345323741005;0.4470899470899471
2018-10-07 11:00:00;0.03527336860670194;0.34028347835604444;0.7357954545454546;1.0;0.1111111111111111;0.3333333333333333;0.460431654676259;0.5026455026455027
2018-10-07 12:00:00;0.04780469692750395;0.33382586329557273;0.7386363636363636;0.5;0.1111111111111111;0.3333333333333333;0.4064748201438849;0.48412698412698413
2018-10-07 13:00:00;0.03722268634549336;0.35051715646035136;0.7443181818181818;0.4;0.027777777777777776;0.25;0.4244604316546763;0.48412698412698413
2018-10-07 14:00:00;0.06766917293233082;0.3316915667925355;0.7443181818181818;0.6;0.05555555555555555;0.25;0.43884892086330934;0.4656084656084656
2018-10-07 15:00:00;0.06219251833286921;0.33256717561429433;0.7457386363636364;0.7;0.1388888888888889;0.16666666666666666;0.45323741007194246;0.4576719576719577
2018-10-07 16:00:00;0.07815835886011324;0.3138510370491983;0.75;0.5;0.05555555555555555;0.16666666666666666;0.4712230215827338;0.4126984126984127
2018-10-07 17:00:00;0.12373526408614127;0.2717123625020522;0.7571022727272727;0.0;0.0;0.08333333333333333;0.45323741007194246;0.31216931216931215
2018-10-07 18:00:00;0.1968810916179337;0.21167843266020905;0.7585227272727273;0.0;0.0;0.08333333333333333;0.420863309352518;0.2724867724867725
2018-10-07 19:00:00;0.459574863083635;0.06495922946423686;0.7613636363636364;0.0;0.0;0.0;0.3920863309352518;0.25132275132275134
2018-10-07 20:00:00;0.5092360530957022;0.026104087998686586;0.7627840909090909;0.0;0.0;0.0;0.381294964028777;0.24338624338624337
2018-10-07 21:00:00;0.49122807017543857;0.03305423302139769;0.7613636363636364;0.0;0.0;0.0;0.35611510791366907;0.22486772486772486
2018-10-07 22:00:00;0.4140907825118351;0.046845071964100045;0.7571022727272727;0.0;0.0;0.0;0.3381294964028777;0.21164021164021163
2018-10-07 23:00:00;0.37334075930567157;0.03688502161659279;0.7571022727272727;0.0;0.0;0.08333333333333333;0.3273381294964029;0.2037037037037037
2018-10-08 00:00:00;0.31263343544045297;0.01373611339134242;0.7542613636363636;0.0;0.4444444444444444;0.0;0.3057553956834532;0.18783068783068782
2018-10-08 01:00:00;0.3188526872737399;0.013462485634542769;0.7485795454545454;0.0;0.4166666666666667;0.08333333333333333;0.302158273381295;0.18518518518518517
2018-10-08 02:00:00;0.31913116123642443;0.012696327915503751;0.7428977272727273;0.0;0.3888888888888889;0.08333333333333333;0.302158273381295;0.18518518518518517
2018-10-08 03:00:00;0.2457996843961756;0.01286050456958354;0.7428977272727273;0.0;0.4166666666666667;0.08333333333333333;0.32014388489208634;0.19047619047619047
2018-10-08 04:00:00;0.2866425322565674;0.01220379795326438;0.7400568181818182;0.0;0.4166666666666667;0.08333333333333333;0.3345323741007194;0.20899470899470898
2018-10-08 05:00:00;0.43460503109625914;0.012094346850544523;0.7357954545454546;0.0;0.4444444444444444;0.16666666666666666;0.3669064748201439;0.2328042328042328
2018-10-08 06:00:00;0.5370834493641511;0.011711267991025011;0.7457386363636364;0.5;0.0;0.08333333333333333;0.4172661870503597;0.2724867724867725
2018-10-08 07:00:00;0.658312447786132;0.012696327915503751;0.75;1.0;0.5555555555555556;0.08333333333333333;0.4856115107913669;0.37037037037037035
2018-10-08 08:00:00;0.6213682354033231;0.02550210693372736;0.7528409090909091;0.9;0.6111111111111112;0.25;0.5071942446043165;0.46296296296296297
2018-10-08 09:00:00;0.47173489278752434;0.10288403655666829;0.7556818181818182;1.0;0.5833333333333334;0.25;0.5;0.48148148148148145
2018-10-08 10:00:00;0.3626659240694328;0.15859464784107702;0.7556818181818182;0.7;0.5555555555555556;0.25;0.5215827338129496;0.5105820105820106
2018-10-08 11:00:00;0.3702775457161422;0.18059431948776886;0.7514204545454546;0.7;0.6388888888888888;0.3333333333333333;0.5215827338129496;0.5185185185185185
2018-10-08 12:00:00;0.31021999443052073;0.21315602254692714;0.7457386363636364;0.5;0.6111111111111112;0.3333333333333333;0.49280575539568344;0.5264550264550265
2018-10-08 13:00:00;0.2691914972616727;0.24128495594593116;0.7400568181818182;0.4;0.6388888888888888;0.3333333333333333;0.4856115107913669;0.5264550264550265
2018-10-08 14:00:00;0.359881184442588;0.2095988617085317;0.7315340909090909;0.5;0.6388888888888888;0.3333333333333333;0.5107913669064749;0.5238095238095238
2018-10-08 15:00:00;0.32516476376125497;0.1965741804848684;0.734375;1.0;0.6944444444444444;0.25;0.5359712230215827;0.5052910052910053
2018-10-08 16:00:00;0.3596955351341316;0.19044491873255623;0.7244318181818182;0.5;0.5833333333333334;0.25;0.5143884892086331;0.4603174603174603
2018-10-08 17:00:00;0.40759305671586377;0.14004268593006075;0.7386363636363636;0.0;0.6666666666666666;0.16666666666666666;0.5071942446043165;0.37037037037037035
2018-10-08 18:00:00;0.4440731458275318;0.10737153176818255;0.7428977272727273;0.0;0.6666666666666666;0.16666666666666666;0.4748201438848921;0.3306878306878307
2018-10-08 19:00:00;0.47572635291933535;0.07732720407158103;0.7443181818181818;0.0;0.5277777777777778;0.16666666666666666;0.4568345323741007;0.30687830687830686
2018-10-08 20:00:00;0.5234382251926112;0.038636239260110554;0.7414772727272727;0.0;0.4722222222222222;0.08333333333333333;0.4460431654676259;0.291005291005291
2018-10-08 21:00:00;0.496611900120672;0.04947189842937669;0.7471590909090909;0.0;0.5;0.08333333333333333;0.4316546762589928;0.2804232804232804
2018-10-08 22:00:00;0.4946625823818806;0.034860176216275386;0.7386363636363636;0.0;0.5;0.08333333333333333;0.43884892086330934;0.2857142857142857
2018-10-08 23:00:00;0.40471549243479066;0.05970557653368358;0.7386363636363636;0.0;0.5833333333333334;0.08333333333333333;0.4136690647482014;0.2671957671957672
2018-10-09 00:00:00;0.41362665924069436;0.04471077546106277;0.7372159090909091;0.0;0.5277777777777778;0.08333333333333333;0.41007194244604317;0.26455026455026454
2018-10-09 01:00:00;0.28079457904019306;0.10627702074098395;0.7286931818181818;0.0;0.4722222222222222;0.16666666666666666;0.44244604316546765;0.28835978835978837
2018-10-09 02:00:00;0.31207648751508404;0.10627702074098395;0.7272727272727273;0.0;0.5;0.16666666666666666;0.4172661870503597;0.2698412698412698
2018-10-09 03:00:00;0.37064884433305484;0.0328900563673179;0.7258522727272727;0.0;0.4444444444444444;0.16666666666666666;0.4460431654676259;0.291005291005291
2018-10-09 04:00:00;0.3793743618305022;0.020357905105893945;0.7258522727272727;0.0;0.4444444444444444;0.16666666666666666;0.4676258992805755;0.30687830687830686
2018-10-09 05:00:00;0.4636591478696742;0.010343129207026762;0.7329545454545454;0.0;0.4166666666666667;0.16666666666666666;0.44964028776978415;0.291005291005291
2018-10-09 06:00:00;0.5496147776849531;0.010507305861106552;0.7400568181818182;0.0;0.4444444444444444;0.16666666666666666;0.460431654676259;0.30687830687830686
2018-10-09 07:00:00;0.6093010303536619;0.012094346850544523;0.7471590909090909;0.2;0.4166666666666667;0.08333333333333333;0.5035971223021583;0.3544973544973545
2018-10-09 08:00:00;0.6494012809802284;0.01395501559678214;0.75;1.0;0.5555555555555556;0.16666666666666666;0.5539568345323741;0.455026455026455
2018-10-09 09:00:00;0.5480367585630743;0.06479505281015706;0.7443181818181818;0.9;0.5833333333333334;0.25;0.5863309352517986;0.5185185185185185
2018-10-09 10:00:00;0.4409171075837742;0.14442073003885517;0.7414772727272727;1.0;0.5555555555555556;0.25;0.5755395683453237;0.5317460317460317
2018-10-09 11:00:00;0.3215446022463566;0.1985443003338259;0.7357954545454546;1.0;0.5555555555555556;0.25;0.5971223021582733;0.5740740740740741
2018-10-09 12:00:00;0.33862433862433866;0.19887265364198545;0.7329545454545454;1.0;0.5555555555555556;0.25;0.5323741007194245;0.5767195767195767
2018-10-09 13:00:00;0.4026733500417711;0.21512614239588465;0.7286931818181818;1.0;0.5555555555555556;0.25;0.46402877697841727;0.5925925925925926
2018-10-09 14:00:00;0.45094217024041583;0.21720571334756197;0.7244318181818182;1.0;0.5277777777777778;0.16666666666666666;0.48201438848920863;0.5767195767195767
2018-10-09 15:00:00;0.5367121507472384;0.1768729819952936;0.7258522727272727;1.0;0.5277777777777778;0.16666666666666666;0.48201438848920863;0.5793650793650794
2018-10-09 16:00:00;0.5958414554905782;0.14803261642861051;0.7258522727272727;0.5;0.4722222222222222;0.16666666666666666;0.5539568345323741;0.4470899470899471
2018-10-09 17:00:00;0.7327578204771187;0.08334701472117333;0.7272727272727273;0.0;0.4444444444444444;0.16666666666666666;0.5143884892086331;0.36507936507936506
2018-10-09 18:00:00;0.7639469042977814;0.04525803097466207;0.7301136363636364;0.0;0.4444444444444444;0.16666666666666666;0.4892086330935252;0.3253968253968254
2018-10-09 19:00:00;0.8076673164392463;0.01510425217534067;0.7315340909090909;0.0;0.4166666666666667;0.08333333333333333;0.4712230215827338;0.31216931216931215
2018-10-09 20:00:00;0.7666388192703982;0.014775898867181088;0.7329545454545454;0.0;0.4166666666666667;0.08333333333333333;0.4568345323741007;0.2962962962962963
2018-10-09 21:00:00;0.7427828831337603;0.013134132326383191;0.7301136363636364;0.0;0.4444444444444444;0.08333333333333333;0.43884892086330934;0.2857142857142857
2018-10-09 22:00:00;0.6927503945047804;0.012696327915503751;0.7258522727272727;0.0;0.4444444444444444;0.16666666666666666;0.4316546762589928;0.2804232804232804
2018-10-09 23:00:00;0.6393762183235867;0.01138291468286543;0.7258522727272727;0.0;0.3888888888888889;0.08333333333333333;0.4316546762589928;0.2830687830687831
2018-10-10 00:00:00;0.5571335746774343;0.01193017019646473;0.7258522727272727;0.0;0.3055555555555556;0.08333333333333333;0.4028776978417266;0.25925925925925924
2018-10-10 01:00:00;0.5200965376403973;0.01258687681278389;0.7215909090909091;0.0;0.3888888888888889;0.08333333333333333;0.41007194244604317;0.26455026455026454
2018-10-10 02:00:00;0.4699712243571893;0.01258687681278389;0.7201704545454546;0.0;0.3333333333333333;0.08333333333333333;0.41007194244604317;0.25925925925925924
2018-10-10 03:00:00;0.43237723939478323;0.010999835823345922;0.71875;0.0;0.25;0.08333333333333333;0.4028776978417266;0.25925925925925924
2018-10-10 04:00:00;0.3867075095145271;0.010397854758386692;0.7144886363636364;0.0;0.3055555555555556;0.08333333333333333;0.39568345323741005;0.25396825396825395
2018-10-10 05:00:00;0.43386243386243384;0.010562031412466482;0.7159090909090909;0.0;0.2222222222222222;0.08333333333333333;0.37050359712230213;0.23544973544973544
2018-10-10 06:00:00;0.49401280980228346;0.010780933617906201;0.71875;0.7;0.2777777777777778;0.08333333333333333;0.4856115107913669;0.3306878306878307
2018-10-10 07:00:00;0.4394319131161237;0.013353034531822912;0.7159090909090909;1.0;0.3055555555555556;0.16666666666666666;0.6366906474820144;0.455026455026455
2018-10-10 08:00:00;0.49930381509328875;0.015706233240299898;0.7102272727272727;1.0;0.2777777777777778;0.25;0.6654676258992805;0.5582010582010583
2018-10-10 09:00:00;0.48408057179987;0.04487495211514257;0.7017045454545454;1.0;0.2777777777777778;0.3333333333333333;0.6618705035971223;0.6058201058201058
2018-10-10 10:00:00;0.4629165506358489;0.11465003009905325;0.6903409090909091;1.0;0.2777777777777778;0.3333333333333333;0.658273381294964;0.6666666666666666
2018-10-10 11:00:00;0.3720412141464773;0.1985443003338259;0.6747159090909091;1.0;0.3055555555555556;0.4166666666666667;0.5863309352517986;0.7063492063492064
2018-10-10 12:00:00;0.2759676970203286;0.31910468997975155;0.6590909090909091;1.0;0.3055555555555556;0.4166666666666667;0.5971223021582733;0.7142857142857143
2018-10-10 13:00:00;0.2643646152418082;0.3571936737262628;0.6448863636363636;1.0;0.2222222222222222;0.4166666666666667;0.5755395683453237;0.7195767195767195
2018-10-10 14:00:00;0.2698412698412698;0.364089093197614;0.6335227272727273;1.0;0.2222222222222222;0.4166666666666667;0.6007194244604317;0.7116402116402116
2018-10-10 15:00:00;0.24347906804047154;0.38680019701198487;0.6264204545454546;1.0;0.2222222222222222;0.3333333333333333;0.6258992805755396;0.6825396825396826
2018-10-10 16:00:00;0.26900584795321636;0.3690691183713676;0.6207386363636364;0.3;0.19444444444444445;0.25;0.6151079136690647;0.6084656084656085
2018-10-10 17:00:00;0.31616077230112316;0.3102391506594429;0.6178977272727273;0.0;0.19444444444444445;0.25;0.6079136690647482;0.5582010582010583
2018-10-10 18:00:00;0.27327578204771186;0.28709024243419257;0.6136363636363636;0.0;0.25;0.3333333333333333;0.6007194244604317;0.5555555555555556
2018-10-10 19:00:00;0.2767102942541539;0.26963279155037484;0.6107954545454546;0.0;0.3055555555555556;0.25;0.6007194244604317;0.5370370370370371
2018-10-10 20:00:00;0.34632878492527613;0.2349367919881793;0.6065340909090909;0.0;0.3055555555555556;0.25;0.60431654676259;0.5052910052910053
2018-10-10 21:00:00;0.33769609208205703;0.21457888688228535;0.6008522727272727;0.0;0.3333333333333333;0.25;0.6223021582733813;0.5370370370370371
2018-10-10 22:00:00;0.29184071289334446;0.21550922125540414;0.5980113636363636;0.0;0.3611111111111111;0.4166666666666667;0.6330935251798561;0.5502645502645502
2018-10-10 23:00:00;0.20356446672236145;0.2322005144201828;0.5994318181818182;0.0;0.3888888888888889;0.3333333333333333;0.6258992805755396;0.5185185185185185
2018-10-11 00:00:00;0.22760605216745566;0.1903901931811963;0.5951704545454546;0.0;0.3611111111111111;0.25;0.6187050359712231;0.4947089947089947
2018-10-11 01:00:00;0.27039821776663886;0.14310731680621683;0.5923295454545454;0.0;0.4166666666666667;0.25;0.6115107913669064;0.47619047619047616
2018-10-11 02:00:00;0.264828738512949;0.13550046516718656;0.5866477272727273;0.0;0.4166666666666667;0.25;0.6079136690647482;0.4656084656084656
2018-10-11 03:00:00;0.25712429221201155;0.12170962622448421;0.5880681818181818;0.0;0.4166666666666667;0.25;0.6007194244604317;0.455026455026455
2018-10-11 04:00:00;0.2951824004455583;0.09686422590707601;0.5809659090909091;0.0;0.3611111111111111;0.25;0.60431654676259;0.4656084656084656
2018-10-11 05:00:00;0.40944954980042697;0.05675039676024737;0.5909090909090909;0.0;0.4722222222222222;0.25;0.6007194244604317;0.4576719576719577
2018-10-11 06:00:00;0.4967975494291284;0.027034422371805398;0.6008522727272727;0.5;0.4444444444444444;0.25;0.6151079136690647;0.48148148148148145
2018-10-11 07:00:00;0.5014387821405365;0.0221091227494117;0.6008522727272727;0.5;0.3888888888888889;0.25;0.6546762589928058;0.5132275132275133
2018-10-11 08:00:00;0.4655156409542374;0.02544738138236743;0.6051136363636364;0.0;0.4444444444444444;0.25;0.6546762589928058;0.5529100529100529
2018-10-11 09:00:00;0.44360902255639095;0.042357576752585786;0.5980113636363636;0.1;0.3888888888888889;0.3333333333333333;0.6870503597122302;0.58994708994709
2018-10-11 10:00:00;0.3864290355518426;0.07278498330870685;0.5951704545454546;0.0;0.3888888888888889;0.3333333333333333;0.697841726618705;0.5952380952380952
2018-10-11 11:00:00;0.3652650143878214;0.10540141191922509;0.5880681818181818;0.7;0.4166666666666667;0.3333333333333333;0.7050359712230215;0.6507936507936508
2018-10-11 12:00:00;0.29935950988582566;0.16067421879275434;0.5838068181818182;1.0;0.3888888888888889;0.4166666666666667;0.6870503597122302;0.6798941798941799
2018-10-11 13:00:00;0.2777313654506637;0.21446943577956548;0.5838068181818182;1.0;0.4166666666666667;0.4166666666666667;0.6942446043165468;0.6984126984126984
2018-10-11 14:00:00;0.3216374269005848;0.23356865320418105;0.5809659090909091;1.0;0.4444444444444444;0.4166666666666667;0.6726618705035972;0.7063492063492064
2018-10-11 15:00:00;0.3896778984498283;0.23072292453346466;0.5823863636363636;1.0;0.3888888888888889;0.3333333333333333;0.6762589928057554;0.6878306878306878
2018-10-11 16:00:00;0.4362758748723661;0.20888742954085265;0.5866477272727273;0.3;0.3611111111111111;0.25;0.6762589928057554;0.6296296296296297
2018-10-11 17:00:00;0.5612178594634735;0.1269632791550375;0.5951704545454546;0.0;0.3611111111111111;0.25;0.6762589928057554;0.6031746031746031
2018-10-11 18:00:00;0.6170054766545995;0.08208832703989494;0.5994318181818182;0.0;0.3888888888888889;0.25;0.6654676258992805;0.5925925925925926
2018-10-11 19:00:00;0.5838670750951452;0.054835002462649815;0.5980113636363636;0.0;0.4166666666666667;0.25;0.658273381294964;0.5767195767195767
2018-10-11 20:00:00;0.47888239116309295;0.0771083018661413;0.5994318181818182;0.0;0.3888888888888889;0.25;0.6474820143884892;0.5555555555555556
2018-10-11 21:00:00;0.43933908846189546;0.08597384118644996;0.5980113636363636;0.0;0.3888888888888889;0.3333333333333333;0.6438848920863309;0.5555555555555556
2018-10-11 22:00:00;0.3494848231690337;0.11623707108849121;0.6036931818181818;0.0;0.4166666666666667;0.3333333333333333;0.6474820143884892;0.5608465608465608
2018-10-11 23:00:00;0.24626380766731645;0.16302741750123134;0.6107954545454546;0.0;0.4722222222222222;0.3333333333333333;0.6654676258992805;0.5793650793650794
2018-10-12 00:00:00;0.2006869024412884;0.18590269796968206;0.6178977272727273;0.0;0.4722222222222222;0.25;0.7014388489208633;0.5502645502645502
2018-10-12 01:00:00;0.16392833936693585;0.1719476823728999;0.6221590909090909;0.0;0.5833333333333334;0.4166666666666667;0.6906474820143885;0.5687830687830688
2018-10-12 02:00:00;0.1136173767752715;0.21994199091555847;0.6335227272727273;0.0;0.5555555555555556;0.4166666666666667;0.7014388489208633;0.5317460317460317
2018-10-12 03:00:00;0.0867910517033324;0.24112077929185138;0.6377840909090909;0.0;0.5277777777777778;0.3333333333333333;0.6942446043165468;0.5158730158730159
2018-10-12 04:00:00;0.15084006312076487;0.18294751819624583;0.6534090909090909;0.0;0.5277777777777778;0.3333333333333333;0.6906474820143885;0.4973544973544973
2018-10-12 05:00:00;0.31309755871159384;0.11716740546161003;0.6647727272727273;0.0;0.5277777777777778;0.25;0.6834532374100719;0.4947089947089947
2018-10-12 06:00:00;0.4208669822704911;0.0690636458162316;0.6747159090909091;0.8;0.5;0.25;0.6798561151079137;0.5079365079365079
2018-10-12 07:00:00;0.384386893158823;0.0849340557106113;0.6803977272727273;0.7;0.5277777777777778;0.4166666666666667;0.6870503597122302;0.5370370370370371
2018-10-12 08:00:00;0.3452148890745382;0.10983418157937942;0.6846590909090909;1.0;0.5277777777777778;0.4166666666666667;0.7014388489208633;0.582010582010582
2018-10-12 09:00:00;0.25025526779912743;0.1622065342308324;0.6875;0.8;0.5;0.4166666666666667;0.7266187050359713;0.6058201058201058
2018-10-12 10:00:00;0.2263065070082614;0.17413670442729712;0.6903409090909091;1.0;0.5277777777777778;0.5;0.7086330935251799;0.6428571428571429
2018-10-12 11:00:00;0.2248213125406108;0.18655940458600123;0.6860795454545454;1.0;0.5;0.5;0.6906474820143885;0.6666666666666666
2018-10-12 12:00:00;0.2137751786874594;0.21808132216932088;0.6875;1.0;0.5;0.5;0.6690647482014388;0.6878306878306878
2018-10-12 13:00:00;0.26492156316717724;0.22793192141410826;0.6903409090909091;1.0;0.5;0.4166666666666667;0.6690647482014388;0.7037037037037037
2018-10-12 14:00:00;0.2879420774157616;0.23165325890658348;0.6860795454545454;0.9;0.4444444444444444;0.3333333333333333;0.7230215827338129;0.7037037037037037
2018-10-12 15:00:00;0.3524552121043349;0.21167843266020905;0.6846590909090909;0.5;0.4444444444444444;0.25;0.7410071942446043;0.6746031746031746
2018-10-12 16:00:00;0.3990531885268727;0.18152465386088767;0.6875;0.3;0.4722222222222222;0.3333333333333333;0.7482014388489209;0.6613756613756614
2018-10-12 17:00:00;0.5075652093195953;0.12504788485743992;0.6917613636363636;0.0;0.4444444444444444;0.25;0.7517985611510791;0.6402116402116402
2018-10-12 18:00:00;0.45511927968068316;0.12373447162480163;0.6960227272727273;0.0;0.4444444444444444;0.25;0.7589928057553957;0.6296296296296297
2018-10-12 19:00:00;0.36359417061171445;0.1439829256279757;0.6974431818181818;0.0;0.4444444444444444;0.25;0.7553956834532374;0.6164021164021164
2018-10-12 20:00:00;0.28487886382623223;0.17435560663273683;0.7002840909090909;0.0;0.4722222222222222;0.25;0.7482014388489209;0.6243386243386243
2018-10-12 21:00:00;0.24236517218973358;0.18365895036392493;0.6974431818181818;0.0;0.4444444444444444;0.25;0.7338129496402878;0.5767195767195767
2018-10-12 22:00:00;0.2897985705003249;0.153122092705084;0.6931818181818182;0.0;0.4166666666666667;0.25;0.7266187050359713;0.5608465608465608
2018-10-12 23:00:00;0.269377146570129;0.14677392874733214;0.6988636363636364;0.0;0.4444444444444444;0.25;0.7194244604316546;0.5634920634920635
2018-10-13 00:00:00;0.23642439431913118;0.14901767635308927;0.6946022727272727;0.0;0.4444444444444444;0.25;0.7122302158273381;0.5634920634920635
2018-10-13 01:00:00;0.1666202543395526;0.1748481365949762;0.7002840909090909;0.0;0.4722222222222222;0.25;0.7050359712230215;0.5608465608465608
2018-10-13 02:00:00;0.13626659240694328;0.1748481365949762;0.6988636363636364;0.0;0.4722222222222222;0.25;0.6942446043165468;0.5370370370370371
2018-10-13 03:00:00;0.14239301958600203;0.17309691895145843;0.6974431818181818;0.0;0.4444444444444444;0.16666666666666666;0.6870503597122302;0.5211640211640212
2018-10-13 04:00:00;0.15520282186948856;0.15678870464619932;0.6903409090909091;0.0;0.4444444444444444;0.25;0.6906474820143885;0.5291005291005291
2018-10-13 05:00:00;0.16559918314304278;0.15678870464619932;0.6917613636363636;0.0;0.4166666666666667;0.25;0.6834532374100719;0.5132275132275133
2018-10-13 06:00:00;0.2046783625730994;0.13747058501614404;0.6946022727272727;0.5;0.4166666666666667;0.25;0.6942446043165468;0.5370370370370371
2018-10-13 07:00:00;0.2470992295553699;0.10895857275762054;0.6960227272727273;1.0;0.4444444444444444;0.25;0.7158273381294964;0.582010582010582
2018-10-13 08:00:00;0.29583217302515546;0.10649592294642368;0.6931818181818182;1.0;0.4166666666666667;0.3333333333333333;0.737410071942446;0.6322751322751323
2018-10-13 09:00:00;0.3119836628608558;0.11984895747824659;0.6860795454545454;1.0;0.4166666666666667;0.3333333333333333;0.7697841726618705;0.6957671957671958
2018-10-13 10:00:00;0.29128376496797553;0.16346522191211077;0.6789772727272727;1.0;0.4166666666666667;0.3333333333333333;0.7733812949640287;0.7407407407407407
2018-10-13 11:00:00;0.265385686438318;0.2065889563837356;0.6676136363636364;1.0;0.4444444444444444;0.3333333333333333;0.762589928057554;0.7724867724867724
2018-10-13 12:00:00;0.2733686067019401;0.24221529031904998;0.6548295454545454;1.0;0.4444444444444444;0.4166666666666667;0.7661870503597122;0.7883597883597884
2018-10-13 13:00:00;0.27457532720690614;0.3192141410824714;0.6463068181818182;1.0;0.3888888888888889;0.4166666666666667;0.7769784172661871;0.7777777777777778
2018-10-13 14:00:00;0.26260094681147317;0.34854703661139386;0.6377840909090909;1.0;0.4166666666666667;0.3333333333333333;0.7410071942446043;0.7698412698412699
2018-10-13 15:00:00;0.271047990346236;0.3361243364526898;0.6306818181818182;1.0;0.4166666666666667;0.25;0.7230215827338129;0.7380952380952381
2018-10-13 16:00:00;0.4442587951359881;0.2658020029551798;0.6264204545454546;0.0;0.4166666666666667;0.16666666666666666;0.7194244604316546;0.6851851851851852
2018-10-13 17:00:00;0.5536062378167641;0.18261916488808624;0.625;0.0;0.4166666666666667;0.25;0.7194244604316546;0.6455026455026455
2018-10-13 18:00:00;0.5677155852594449;0.1432714934602966;0.6221590909090909;0.0;0.4166666666666667;0.16666666666666666;0.7014388489208633;0.626984126984127
2018-10-13 19:00:00;0.5514712707695164;0.11180430142833689;0.6207386363636364;0.0;0.4166666666666667;0.16666666666666666;0.6870503597122302;0.6058201058201058
2018-10-13 20:00:00;0.47498375568551005;0.1127346358014557;0.6193181818181818;0.0;0.4166666666666667;0.25;0.6474820143884892;0.6005291005291006
2018-10-13 21:00:00;0.4752622296481946;0.11060033929841842;0.6178977272727273;0.0;0.4166666666666667;0.25;0.6258992805755396;0.5925925925925926
2018-10-13 22:00:00;0.3538475819177574;0.163301045258031;0.6107954545454546;0.0;0.4166666666666667;0.3333333333333333;0.6223021582733813;0.582010582010582
2018-10-13 23:00:00;0.29824561403508776;0.1959174738685492;0.6036931818181818;0.0;0.4444444444444444;0.25;0.6223021582733813;0.5687830687830688
2018-10-14 00:00:00;0.24979114452798662;0.1986537514365457;0.5965909090909091;0.0;0.4166666666666667;0.25;0.6223021582733813;0.5370370370370371
2018-10-14 01:00:00;0.2869210062192518;0.17014173917802222;0.5838068181818182;0.0;0.4166666666666667;0.25;0.6187050359712231;0.5291005291005291
2018-10-14 02:00:00;0.21331105541631856;0.20275816778854047;0.5767045454545454;0.0;0.4166666666666667;0.25;0.6151079136690647;0.5185185185185185
2018-10-14 03:00:00;0.20644203100343453;0.2254692716029114;0.5738636363636364;0.0;0.3888888888888889;0.25;0.6079136690647482;0.5
2018-10-14 04:00:00;0.19029054116773414;0.22410113281891314;0.5681818181818182;0.0;0.4166666666666667;0.16666666666666666;0.5971223021582733;0.48148148148148145
2018-10-14 05:00:00;0.1875986261951174;0.22191211076451595;0.5625;0.0;0.3888888888888889;0.25;0.5971223021582733;0.47619047619047616
2018-10-14 06:00:00;0.20012995451591944;0.2071909374486948;0.5625;0.5;0.3888888888888889;0.25;0.6115107913669064;0.5026455026455027
2018-10-14 07:00:00;0.22491413719483894;0.19192250861927435;0.5568181818181818;0.8;0.4166666666666667;0.3333333333333333;0.6330935251798561;0.544973544973545
2018-10-14 08:00:00;0.261394226306507;0.18136047720680787;0.5497159090909091;1.0;0.4166666666666667;0.3333333333333333;0.6510791366906474;0.5925925925925926
2018-10-14 09:00:00;0.2109904390606145;0.2044546598806983;0.546875;0.9;0.4722222222222222;0.4166666666666667;0.6618705035971223;0.6349206349206349
2018-10-14 10:00:00;0.21080478975215816;0.2402998960214524;0.5426136363636364;0.7;0.4722222222222222;0.4166666666666667;0.6618705035971223;0.6772486772486772
2018-10-14 11:00:00;0.1821219715956558;0.2727521479778909;0.5326704545454546;1.0;0.4722222222222222;0.5;0.6510791366906474;0.7142857142857143
2018-10-14 12:00:00;0.16996194189176647;0.3184479833634324;0.5298295454545454;0.8;0.5;0.5;0.60431654676259;0.7328042328042328
2018-10-14 13:00:00;0.13255360623781676;0.3667706452142505;0.5298295454545454;0.8;0.5;0.5833333333333334;0.5719424460431655;0.7301587301587301
2018-10-14 14:00:00;0.1557597697948575;0.3842280960980682;0.53125;0.4;0.5;0.4166666666666667;0.579136690647482;0.7301587301587301
2018-10-14 15:00:00;0.20310034345122066;0.3509549608712308;0.5326704545454546;1.0;0.5;0.3333333333333333;0.5971223021582733;0.708994708994709
2018-10-14 16:00:00;0.23475355054302424;0.3329502544738138;0.5383522727272727;0.2;0.4444444444444444;0.16666666666666666;0.6187050359712231;0.6216931216931217
2018-10-14 17:00:00;0.37993130975587114;0.23794669731297544;0.5426136363636364;0.0;0.3888888888888889;0.16666666666666666;0.6366906474820144;0.5264550264550265
2018-10-14 18:00:00;0.5128562146106006;0.15760958791659826;0.5482954545454546;0.0;0.4444444444444444;0.16666666666666666;0.6402877697841727;0.48412698412698413
2018-10-14 19:00:00;0.6558990067761997;0.076561046352542;0.5525568181818182;0.0;0.3888888888888889;0.16666666666666666;0.6366906474820144;0.455026455026455
2018-10-14 20:00:00;0.5924997679383643;0.0785311662014995;0.5539772727272727;0.0;0.4166666666666667;0.16666666666666666;0.6258992805755396;0.4444444444444444
2018-10-14 21:00:00;0.570593149540518;0.07021288239479014;0.5596590909090909;0.0;0.4444444444444444;0.16666666666666666;0.5971223021582733;0.455026455026455
2018-10-14 22:00:00;0.473220087255175;0.09653587259891644;0.5596590909090909;0.0;0.3888888888888889;0.16666666666666666;0.5827338129496403;0.43915343915343913
2018-10-14 23:00:00;0.349113524552121;0.14037103923822034;0.5625;0.0;0.4166666666666667;0.16666666666666666;0.579136690647482;0.46296296296296297
2018-10-15 00:00:00;0.2826510721247564;0.1692114048049034;0.5639204545454546;0.0;0.4166666666666667;0.16666666666666666;0.5683453237410072;0.47354497354497355
2018-10-15 01:00:00;0.2548965005105356;0.17545011765993546;0.5653409090909091;0.0;0.4166666666666667;0.16666666666666666;0.5575539568345323;0.48412698412698413
2018-10-15 02:00:00;0.2400445558340295;0.18234553713128662;0.5667613636363636;0.0;0.3888888888888889;0.16666666666666666;0.5503597122302158;0.4365079365079365
2018-10-15 03:00:00;0.22509978650329526;0.18508181469928311;0.5696022727272727;0.0;0.3888888888888889;0.16666666666666666;0.5431654676258992;0.3968253968253968
2018-10-15 04:00:00;0.21628144435161978;0.17796749302249223;0.5710227272727273;0.0;0.4166666666666667;0.16666666666666666;0.5359712230215827;0.4126984126984127
2018-10-15 05:00:00;0.4596676877378632;0.07579488863350299;0.578125;0.0;0.4166666666666667;0.25;0.5359712230215827;0.46296296296296297
2018-10-15 06:00:00;0.6296296296296295;0.02550210693372736;0.5838068181818182;0.5;0.4166666666666667;0.25;0.5503597122302158;0.5
2018-10-15 07:00:00;0.6494941056344565;0.021342965030372685;0.5909090909090909;0.8;0.4444444444444444;0.16666666666666666;0.5827338129496403;0.5502645502645502
2018-10-15 08:00:00;0.5619604566972988;0.06298910961527937;0.59375;0.7;0.5;0.25;0.5971223021582733;0.6031746031746031
2018-10-15 09:00:00;0.47349856121785944;0.09817763913971435;0.5980113636363636;0.8;0.5555555555555556;0.3333333333333333;0.6438848920863309;0.6613756613756614
2018-10-15 10:00:00;0.37166991552956463;0.1871066600996005;0.6008522727272727;0.7;0.5555555555555556;0.4166666666666667;0.6654676258992805;0.6904761904761905
2018-10-15 11:00:00;0.3167177202264922;0.23296667213922181;0.6036931818181818;1.0;0.5833333333333334;0.3333333333333333;0.6510791366906474;0.6984126984126984
2018-10-15 12:00:00;0.2743896778984498;0.2739013845564494;0.6036931818181818;0.9;0.5277777777777778;0.3333333333333333;0.6474820143884892;0.6931216931216931
2018-10-15 13:00:00;0.3359324236517219;0.25031467192031964;0.609375;0.5;0.5833333333333334;0.4166666666666667;0.6402877697841727;0.6798941798941799
2018-10-15 14:00:00;0.3429870973730623;0.26388660865758223;0.6107954545454546;0.0;0.5833333333333334;0.16666666666666666;0.6762589928057554;0.6746031746031746
2018-10-15 15:00:00;0.4663510628422909;0.2089968806435725;0.6178977272727273;0.2;0.5555555555555556;0.08333333333333333;0.7050359712230215;0.6428571428571429
2018-10-15 16:00:00;0.6807760141093474;0.10748098287090244;0.6264204545454546;0.0;0.5277777777777778;0.08333333333333333;0.7194244604316546;0.5555555555555556
2018-10-15 17:00:00;0.7930938457254246;0.05872051660920485;0.6363636363636364;0.0;0.75;0.08333333333333333;0.6942446043165468;0.5079365079365079
2018-10-15 18:00:00;0.8170426065162907;0.02331308487933016;0.640625;0.0;0.8888888888888888;0.16666666666666666;0.6906474820143885;0.49206349206349204
2018-10-15 19:00:00;0.6364986540425137;0.040223280249548514;0.6477272727272727;0.0;0.0;0.0;0.6330935251798561;0.4365079365079365
2018-10-15 20:00:00;0.6526501438782141;0.02303945712253051;0.6505681818181818;0.0;0.0;0.0;0.6187050359712231;0.41798941798941797
2018-10-15 21:00:00;0.588879606423466;0.01384556449406228;0.6576704545454546;0.0;0.0;0.0;0.60431654676259;0.40476190476190477
2018-10-15 22:00:00;0.4785110925461803;0.013517211185902699;0.6590909090909091;0.0;0.0;0.0;0.60431654676259;0.4074074074074074
2018-10-15 23:00:00;0.4010953309198923;0.012696327915503751;0.6633522727272727;0.0;0.0;0.08333333333333333;0.6115107913669064;0.40476190476190477
2018-10-16 00:00:00;0.39617562424579966;0.01318885787774312;0.6690340909090909;0.0;0.3611111111111111;0.0;0.5719424460431655;0.37566137566137564
2018-10-16 01:00:00;0.3628515733778892;0.012805779018223612;0.6704545454545454;0.0;0.0;0.08333333333333333;0.5431654676258992;0.35978835978835977
2018-10-16 02:00:00;0.29388285528636404;0.011820719093744872;0.6732954545454546;0.0;0.4166666666666667;0.08333333333333333;0.5431654676258992;0.3544973544973545
2018-10-16 03:00:00;0.2706766917293233;0.011547091336945222;0.6775568181818182;0.0;0.4166666666666667;0.08333333333333333;0.5323741007194245;0.3544973544973545
2018-10-16 04:00:00;0.2432934187320152;0.011547091336945222;0.6803977272727273;0.0;0.4166666666666667;0.08333333333333333;0.5251798561151079;0.3412698412698413
2018-10-16 05:00:00;0.35830316532070916;0.010452580309746622;0.6818181818181818;0.0;0.3055555555555556;0.08333333333333333;0.5611510791366906;0.36772486772486773
2018-10-16 06:00:00;0.44082428292954606;0.010507305861106552;0.6875;0.0;0.4166666666666667;0.08333333333333333;0.6115107913669064;0.41534391534391535
2018-10-16 07:00:00;0.5716142207370277;0.010780933617906201;0.6917613636363636;0.0;0.4444444444444444;0.16666666666666666;0.6294964028776978;0.4523809523809524
2018-10-16 08:00:00;0.5472013366750209;0.0129699556723034;0.6946022727272727;0.5;0.4444444444444444;0.16666666666666666;0.6330935251798561;0.5343915343915344
2018-10-16 09:00:00;0.5634456511649494;0.019318119630055277;0.6960227272727273;1.0;0.4444444444444444;0.16666666666666666;0.6690647482014388;0.626984126984127
2018-10-16 10:00:00;0.6050310962591665;0.048432112953538005;0.6960227272727273;0.9;0.5;0.16666666666666666;0.6546762589928058;0.6772486772486772
2018-10-16 11:00:00;0.6061449921099044;0.07727247852022111;0.6946022727272727;1.0;0.4722222222222222;0.25;0.6510791366906474;0.708994708994709
2018-10-16 12:00:00;0.5610322101550171;0.12099819405680512;0.6917613636363636;1.0;0.5277777777777778;0.16666666666666666;0.6079136690647482;0.7328042328042328
2018-10-16 13:00:00;0.548965005105356;0.1534504460132436;0.6917613636363636;1.0;0.5277777777777778;0.16666666666666666;0.6258992805755396;0.7328042328042328
2018-10-16 14:00:00;0.5899006776199759;0.1614951020631533;0.6903409090909091;0.8;0.4166666666666667;0.16666666666666666;0.6618705035971223;0.7037037037037037
2018-10-16 15:00:00;0.6618397846468022;0.14912712745580914;0.6875;1.0;0.3611111111111111;0.08333333333333333;0.7050359712230215;0.6798941798941799
2018-10-16 16:00:00;0.7917943005662303;0.08756088217588792;0.6917613636363636;0.2;0.2777777777777778;0.08333333333333333;0.6942446043165468;0.5291005291005291
2018-10-16 17:00:00;0.9776292583310128;0.017402725332457725;0.6931818181818182;0.0;0.3333333333333333;0.08333333333333333;0.658273381294964;0.4656084656084656
2018-10-16 18:00:00;1.0;0.012696327915503751;0.6931818181818182;0.0;0.3611111111111111;0.16666666666666666;0.6294964028776978;0.42857142857142855
2018-10-16 19:00:00;0.9164578111946533;0.0129699556723034;0.6931818181818182;0.0;0.3888888888888889;0.16666666666666666;0.60431654676259;0.41005291005291006
2018-10-16 20:00:00;0.7670101178873108;0.029497072183002248;0.6917613636363636;0.0;0.3888888888888889;0.16666666666666666;0.5935251798561151;0.4312169312169312
2018-10-16 21:00:00;0.7314582753179244;0.026979696820445466;0.6889204545454546;0.0;0.4166666666666667;0.25;0.5899280575539568;0.5158730158730159
2018-10-16 22:00:00;0.6567344286642532;0.04044218245498824;0.6875;0.0;0.4166666666666667;0.16666666666666666;0.579136690647482;0.5079365079365079
2018-10-16 23:00:00;0.5736563631300473;0.06643681935095497;0.6875;0.0;0.5277777777777778;0.16666666666666666;0.5683453237410072;0.46825396825396826
2018-10-17 00:00:00;0.490856771558526;0.08810813768948723;0.6889204545454546;0.0;0.0;0.08333333333333333;0.5503597122302158;0.3888888888888889
2018-10-17 01:00:00;0.47071382159101455;0.08827231434356701;0.6889204545454546;0.0;0.5555555555555556;0.08333333333333333;0.5179856115107914;0.35185185185185186
2018-10-17 02:00:00;0.5170333240508679;0.08827231434356701;0.6875;0.0;0.4166666666666667;0.08333333333333333;0.5323741007194245;0.35185185185185186
2018-10-17 03:00:00;0.4933630372226863;0.03382039074043671;0.6889204545454546;0.0;0.3888888888888889;0.08333333333333333;0.539568345323741;0.35978835978835977
2018-10-17 04:00:00;0.5029239766081871;0.011711267991025011;0.6960227272727273;0.0;0.6388888888888888;0.08333333333333333;0.5431654676258992;0.36243386243386244
2018-10-17 05:00:00;0.5991831430427921;0.010124227001587043;0.7002840909090909;0.0;0.4166666666666667;0.08333333333333333;0.5071942446043165;0.3306878306878307
2018-10-17 06:00:00;0.6151489835700361;0.010452580309746622;0.7045454545454546;0.0;0.0;0.0;0.5251798561151079;0.3492063492063492
2018-10-17 07:00:00;0.6994337696092081;0.011711267991025011;0.7088068181818182;0.7;0.5;0.08333333333333333;0.6474820143884892;0.4497354497354497
2018-10-17 08:00:00;0.61849067112225;0.016855469818858427;0.7116477272727273;1.0;0.8333333333333334;0.08333333333333333;0.6690647482014388;0.544973544973545
2018-10-17 09:00:00;0.521024784182679;0.03546215728123461;0.7116477272727273;0.8;0.4166666666666667;0.08333333333333333;0.6690647482014388;0.5846560846560847
2018-10-17 10:00:00;0.44713635941706115;0.0825808570021343;0.7116477272727273;1.0;0.7777777777777778;0.16666666666666666;0.6654676258992805;0.6164021164021164
2018-10-17 11:00:00;0.36637891023855934;0.15372407377004324;0.7102272727272727;0.8;0.9166666666666666;0.16666666666666666;0.6690647482014388;0.6058201058201058
2018-10-17 12:00:00;0.35189826417896597;0.16740546161002573;0.7102272727272727;0.6;0.8888888888888888;0.16666666666666666;0.6834532374100719;0.626984126984127
2018-10-17 13:00:00;0.32349391998514804;0.1761615498276145;0.7116477272727273;0.0;0.9166666666666666;0.16666666666666666;0.6762589928057554;0.5846560846560847
2018-10-17 14:00:00;0.3618305021813794;0.15498276145132164;0.7159090909090909;0.0;0.9166666666666666;0.25;0.6510791366906474;0.5687830687830688
2018-10-17 15:00:00;0.18852687273739907;0.22355387730531387;0.71875;0.3;0.8611111111111112;0.16666666666666666;0.6618705035971223;0.5502645502645502
2018-10-17 16:00:00;0.23391812865497078;0.2141410824714059;0.7244318181818182;0.2;0.8888888888888888;0.16666666666666666;0.6366906474820144;0.5185185185185185
2018-10-17 17:00:00;0.2934187320152232;0.2039621299184589;0.7315340909090909;0.0;0.9166666666666666;0.08333333333333333;0.6258992805755396;0.455026455026455
2018-10-17 18:00:00;0.40323029796714005;0.1472664587095715;0.7386363636363636;0.0;0.9166666666666666;0.16666666666666666;0.60431654676259;0.4312169312169312
2018-10-17 19:00:00;0.36433676784553976;0.16165927871723307;0.7443181818181818;0.0;0.9444444444444444;0.08333333333333333;0.5719424460431655;0.3888888888888889
2018-10-17 20:00:00;0.3394597605123921;0.17205713347561977;0.7471590909090909;0.0;0.9166666666666666;0.08333333333333333;0.5467625899280576;0.36243386243386244
2018-10-17 21:00:00;0.37779634270862344;0.11475948120177311;0.7514204545454546;0.0;0.9444444444444444;0.08333333333333333;0.539568345323741;0.35978835978835977
2018-10-17 22:00:00;0.26195117423187597;0.14699283095277185;0.7571022727272727;0.0;0.9166666666666666;0.08333333333333333;0.5071942446043165;0.335978835978836
2018-10-17 23:00:00;0.20681332962034718;0.1832211459530455;0.7599431818181818;0.0;0.9166666666666666;0.16666666666666666;0.5611510791366906;0.37566137566137564
2018-10-18 00:00:00;0.20263622018007985;0.180484868385049;0.7642045454545454;0.0;0.9444444444444444;0.08333333333333333;0.5035971223021583;0.3333333333333333
2018-10-18 01:00:00;0.19808781212289983;0.15449023148908225;0.7642045454545454;0.0;0.9722222222222222;0.08333333333333333;0.5935251798561151;0.3994708994708995
2018-10-18 02:00:00;0.1525109068968718;0.17140042685930063;0.7627840909090909;0.0;0.9166666666666666;0.08333333333333333;0.6007194244604317;0.40476190476190477
2018-10-18 03:00:00;0.13803026083727837;0.16198763202539265;0.7684659090909091;0.0;0.9722222222222222;0.16666666666666666;0.6438848920863309;0.4365079365079365
2018-10-18 04:00:00;0.08827624617098301;0.176599354238494;0.7698863636363636;0.0;0.9722222222222222;0.16666666666666666;0.6402877697841727;0.4444444444444444
2018-10-18 05:00:00;0.07379560011138958;0.17282329119465878;0.7769886363636364;0.0;0.027777777777777776;0.16666666666666666;0.6223021582733813;0.4497354497354497
2018-10-18 06:00:00;0.1497261672700269;0.15963443331691568;0.7840909090909091;0.0;0.05555555555555555;0.16666666666666666;0.60431654676259;0.43386243386243384
2018-10-18 07:00:00;0.33853151397011044;0.07409839654134516;0.7911931818181818;0.8;0.05555555555555555;0.16666666666666666;0.6007194244604317;0.46825396825396826
2018-10-18 08:00:00;0.2285342987097373;0.13270946204783013;0.7954545454545454;0.9;0.08333333333333333;0.3333333333333333;0.5935251798561151;0.4894179894179894
2018-10-18 09:00:00;0.15798756149633342;0.20029551797734363;0.8011363636363636;0.9;0.1111111111111111;0.4166666666666667;0.564748201438849;0.5
2018-10-18 10:00:00;0.07240323029796714;0.2645433152739014;0.7997159090909091;0.6;0.05555555555555555;0.4166666666666667;0.5287769784172662;0.5
2018-10-18 11:00:00;0.0649772579597141;0.2922891698133859;0.796875;0.6;1.0;0.3333333333333333;0.5107913669064749;0.5079365079365079
2018-10-18 12:00:00;0.05894365543488351;0.31166201499480106;0.796875;0.9;0.05555555555555555;0.3333333333333333;0.4784172661870504;0.4973544973544973
2018-10-18 13:00:00;0.05829388285528636;0.3127018004706398;0.7954545454545454;0.9;0.05555555555555555;0.3333333333333333;0.49280575539568344;0.5026455026455027
2018-10-18 14:00:00;0.06971131532535042;0.30394571225305095;0.7926136363636364;0.9;0.1111111111111111;0.25;0.49640287769784175;0.5
2018-10-18 15:00:00;0.08159287106655527;0.295353800689542;0.7911931818181818;1.0;0.05555555555555555;0.25;0.5;0.49206349206349204
2018-10-18 16:00:00;0.1050775085862805;0.2746128167241285;0.7982954545454546;0.0;1.0;0.16666666666666666;0.5;0.4497354497354497
2018-10-18 17:00:00;0.1527893808595563;0.22836972582498768;0.7997159090909091;0.0;0.9722222222222222;0.16666666666666666;0.5035971223021583;0.373015873015873
2018-10-18 18:00:00;0.17571707045391255;0.22010616756963827;0.8068181818181818;0.0;0.1111111111111111;0.16666666666666666;0.5035971223021583;0.3968253968253968
2018-10-18 19:00:00;0.21526037315511;0.18568379576424232;0.8110795454545454;0.0;0.08333333333333333;0.25;0.4784172661870504;0.3783068783068783
2018-10-18 20:00:00;0.28005198180636776;0.1213265473649647;0.8125;0.0;0.1388888888888889;0.16666666666666666;0.44964028776978415;0.32275132275132273
2018-10-18 21:00:00;0.21878771001578018;0.14841569528813003;0.8125;0.0;0.1388888888888889;0.25;0.43884892086330934;0.328042328042328
2018-10-18 22:00:00;0.17348927875243667;0.17621627537897447;0.8110795454545454;0.0;0.1388888888888889;0.16666666666666666;0.4316546762589928;0.31746031746031744
2018-10-18 23:00:00;0.1824004455583403;0.15990806107371533;0.8082386363636364;0.0;0.1388888888888889;0.16666666666666666;0.420863309352518;0.2962962962962963
2018-10-19 00:00:00;0.15501717256103223;0.1639030263229902;0.8068181818181818;0.0;0.1111111111111111;0.16666666666666666;0.39568345323741005;0.2566137566137566
2018-10-19 01:00:00;0.15093288777499306;0.15563946806764078;0.8053977272727273;0.0;0.08333333333333333;0.16666666666666666;0.420863309352518;0.30952380952380953
2018-10-19 02:00:00;0.1289334447229184;0.16543534176106825;0.8039772727272727;0.0;0.1388888888888889;0.25;0.4064748201438849;0.29365079365079366
2018-10-19 03:00:00;0.08586280516105077;0.2214195808022766;0.8011363636363636;0.0;0.1388888888888889;0.16666666666666666;0.39928057553956836;0.2857142857142857
2018-10-19 04:00:00;0.09031838856400258;0.2415585837027308;0.8011363636363636;0.0;0.1111111111111111;0.3333333333333333;0.4028776978417266;0.29894179894179895
2018-10-19 05:00:00;0.14861227141928898;0.21096700049252995;0.8039772727272727;0.0;0.1111111111111111;0.16666666666666666;0.39568345323741005;0.2724867724867725
2018-10-19 06:00:00;0.3276710294254154;0.12028676188912604;0.8053977272727273;0.2;0.08333333333333333;0.16666666666666666;0.4136690647482014;0.2857142857142857
2018-10-19 07:00:00;0.28905597326649957;0.12384392272752148;0.8082386363636364;0.7;0.16666666666666666;0.16666666666666666;0.4316546762589928;0.32275132275132273
2018-10-19 08:00:00;0.2804232804232804;0.12023203633776611;0.8082386363636364;0.8;0.16666666666666666;0.16666666666666666;0.46402877697841727;0.37566137566137564
2018-10-19 09:00:00;0.23549614777684952;0.13894817490286215;0.8053977272727273;1.0;0.25;0.25;0.48201438848920863;0.4417989417989418
2018-10-19 10:00:00;0.23029796714007242;0.15908717780331638;0.8025568181818182;1.0;0.25;0.25;0.46402877697841727;0.47354497354497355
2018-10-19 11:00:00;0.16476376125498932;0.2263996059760302;0.796875;1.0;0.1111111111111111;0.16666666666666666;0.4676258992805755;0.4973544973544973
2018-10-19 12:00:00;0.13181100900399145;0.2627373720790237;0.7954545454545454;1.0;0.1111111111111111;0.16666666666666666;0.4712230215827338;0.5079365079365079
2018-10-19 13:00:00;0.1666202543395526;0.2547474415804739;0.7897727272727273;1.0;0.08333333333333333;0.16666666666666666;0.4676258992805755;0.5
2018-10-19 14:00:00;0.13589529379003062;0.2602199967164669;0.7911931818181818;1.0;0.05555555555555555;0.16666666666666666;0.4676258992805755;0.4973544973544973
2018-10-19 15:00:00;0.13125406107862247;0.2648169430307011;0.7926136363636364;1.0;0.08333333333333333;0.25;0.4748201438848921;0.4603174603174603
2018-10-19 16:00:00;0.1472199016058665;0.2465933344278444;0.8039772727272727;0.0;0.9166666666666666;0.16666666666666666;0.4784172661870504;0.40476190476190477
2018-10-19 17:00:00;0.1778520375011603;0.2159470256662836;0.8125;0.0;0.9722222222222222;0.16666666666666666;0.4712230215827338;0.3544973544973545
2018-10-19 18:00:00;0.2315975122992667;0.17550484321129536;0.8167613636363636;0.0;0.0;0.08333333333333333;0.4136690647482014;0.2804232804232804
2018-10-19 19:00:00;0.3218230762090411;0.12455535489520056;0.8309659090909091;0.0;0.9722222222222222;0.08333333333333333;0.48201438848920863;0.328042328042328
2018-10-19 20:00:00;0.39348370927318294;0.08416789799157227;0.8295454545454546;0.0;0.0;0.08333333333333333;0.4136690647482014;0.2724867724867725
2018-10-19 21:00:00;0.379838485101643;0.10288403655666829;0.8323863636363636;0.0;0.0;0.0;0.3489208633093525;0.21957671957671956
2018-10-19 22:00:00;0.43330548593706486;0.0513325671756143;0.8309659090909091;0.0;0.0;0.0;0.31654676258992803;0.1931216931216931
2018-10-19 23:00:00;0.44565116494941054;0.02407924259836918;0.84375;0.0;0.9166666666666666;0.08333333333333333;0.29136690647482016;0.17724867724867724
2018-10-20 00:00:00;0.3737120579225842;0.020303179554534014;0.8451704545454546;0.0;0.0;0.08333333333333333;0.2733812949640288;0.16137566137566137
2018-10-20 01:00:00;0.306971131532535;0.038088983746511255;0.84375;0.0;0.8888888888888888;0.08333333333333333;0.26258992805755393;0.15343915343915343
2018-10-20 02:00:00;0.3143042792165599;0.018989766321895696;0.8465909090909091;0.0;0.0;0.0;0.2733812949640288;0.15873015873015872
2018-10-20 03:00:00;0.2944398032117331;0.011984895747824662;0.8551136363636364;0.0;0.0;0.0;0.2589928057553957;0.15079365079365079
2018-10-20 04:00:00;0.22742040285899934;0.011875444645104802;0.8622159090909091;0.0;0.0;0.0;0.2733812949640288;0.15608465608465608
2018-10-20 05:00:00;0.22435718926947;0.011164012477425711;0.8664772727272727;0.0;0.0;0.0;0.2733812949640288;0.16137566137566137
2018-10-20 06:00:00;0.2814443516197902;0.011656542439665083;0.8721590909090909;0.0;0.0;0.08333333333333333;0.3345323741007194;0.2037037037037037
2018-10-20 07:00:00;0.31922398589065254;0.01247742571006403;0.8792613636363636;0.5;0.0;0.0;0.49280575539568344;0.3253968253968254
2018-10-20 08:00:00;0.4255082149818992;0.014338094456301648;0.8835227272727273;0.6;0.5555555555555556;0.08333333333333333;0.5107913669064749;0.41534391534391535
2018-10-20 09:00:00;0.5860948667966212;0.04082526131450775;0.8877840909090909;0.5;0.6666666666666666;0.08333333333333333;0.45323741007194246;0.455026455026455
2018-10-20 10:00:00;0.5194467650608001;0.11103814370929788;0.8934659090909091;0.5;0.6666666666666666;0.16666666666666666;0.46402877697841727;0.48677248677248675
2018-10-20 11:00:00;0.37686809616634176;0.1949324139440705;0.8835227272727273;0.9;0.6666666666666666;0.16666666666666666;0.4892086330935252;0.5052910052910053
2018-10-20 12:00:00;0.2563816949781862;0.27286159908061075;0.8806818181818182;0.3;0.7777777777777778;0.16666666666666666;0.49640287769784175;0.4973544973544973
2018-10-20 13:00:00;0.31523252575884153;0.24112077929185138;0.8806818181818182;0.3;0.8055555555555556;0.16666666666666666;0.5;0.49206349206349204
2018-10-20 14:00:00;0.33426157987561494;0.2413396814972911;0.875;0.0;0.8888888888888888;0.16666666666666666;0.5251798561151079;0.49206349206349204
2018-10-20 15:00:00;0.34354404529843124;0.22656378263011;0.875;0.2;0.8055555555555556;0.08333333333333333;0.5251798561151079;0.48148148148148145
2018-10-20 16:00:00;0.3785389399424487;0.19679308269030812;0.8735795454545454;0.0;0.8888888888888888;0.08333333333333333;0.5575539568345323;0.42857142857142855
2018-10-20 17:00:00;0.48686531142671496;0.13856509604334263;0.875;0.0;0.0;0.08333333333333333;0.5467625899280576;0.3915343915343915
2018-10-20 18:00:00;0.6875522138680034;0.03174081978875938;0.8835227272727273;0.0;0.0;0.08333333333333333;0.5323741007194245;0.36507936507936506
2018-10-20 19:00:00;0.6739069896964633;0.016144037651179336;0.8778409090909091;0.0;0.75;0.0;0.5287769784172662;0.36243386243386244
2018-10-20 20:00:00;0.6845818249327021;0.01428336890494172;0.8778409090909091;0.0;0.6388888888888888;0.08333333333333333;0.4748201438848921;0.31216931216931215
2018-10-20 21:00:00;0.6832822797735079;0.01258687681278389;0.8764204545454546;0.0;0.5833333333333334;0.08333333333333333;0.4352517985611511;0.2777777777777778
2018-10-20 22:00:00;0.6157059314954051;0.01302468122366333;0.8735795454545454;0.0;0.4444444444444444;0.08333333333333333;0.420863309352518;0.26455026455026454
2018-10-20 23:00:00;0.5527708159287107;0.011656542439665083;0.8678977272727273;0.0;0.5277777777777778;0.08333333333333333;0.420863309352518;0.2671957671957672
2018-10-21 00:00:00;0.47591200222779173;0.011875444645104802;0.8636363636363636;0.0;0.5;0.08333333333333333;0.44964028776978415;0.29365079365079366
2018-10-21 01:00:00;0.4815743061357097;0.01094511027198599;0.859375;0.0;0.5277777777777778;0.08333333333333333;0.4244604316546763;0.2698412698412698
2018-10-21 02:00:00;0.5009746588693956;0.01094511027198599;0.8565340909090909;0.0;0.4166666666666667;0.16666666666666666;0.4784172661870504;0.3148148148148148
2018-10-21 03:00:00;0.41901048918592776;0.05428774694905052;0.8551136363636364;0.0;0.4166666666666667;0.16666666666666666;0.4856115107913669;0.3201058201058201
2018-10-21 04:00:00;0.45094217024041583;0.02347726153340995;0.8508522727272727;0.0;0.5;0.08333333333333333;0.5035971223021583;0.328042328042328
2018-10-21 05:00:00;0.3591385872087626;0.04044218245498824;0.8480113636363636;0.0;0.5555555555555556;0.08333333333333333;0.49280575539568344;0.3412698412698413
2018-10-21 06:00:00;0.3445651164949411;0.041153614622667326;0.8494318181818182;0.0;0.5555555555555556;0.16666666666666666;0.4784172661870504;0.35714285714285715
2018-10-21 07:00:00;0.291005291005291;0.09834181579379413;0.8522727272727273;0.7;0.5277777777777778;0.16666666666666666;0.5;0.4021164021164021
2018-10-21 08:00:00;0.2719762368885176;0.1375800361188639;0.8551136363636364;0.0;0.5;0.16666666666666666;0.49640287769784175;0.41005291005291006
2018-10-21 09:00:00;0.29741019214703424;0.14556996661741367;0.8536931818181818;0.0;0.5555555555555556;0.25;0.5035971223021583;0.4470899470899471
2018-10-21 10:00:00;0.2551749744732201;0.18447983363432388;0.8451704545454546;0.0;0.5555555555555556;0.25;0.49280575539568344;0.47883597883597884
2018-10-21 11:00:00;0.21061914044370186;0.23159853335522357;0.8352272727272727;0.7;0.5555555555555556;0.25;0.4892086330935252;0.5052910052910053
2018-10-21 12:00:00;0.24951267056530216;0.2597274667542276;0.828125;1.0;0.5833333333333334;0.25;0.49640287769784175;0.5211640211640212
2018-10-21 13:00:00;0.24756335282651074;0.2683741038690965;0.8224431818181818;0.8;0.5555555555555556;0.25;0.5179856115107914;0.5264550264550265
2018-10-21 14:00:00;0.232340109533092;0.27570732775132706;0.8153409090909091;0.0;0.5555555555555556;0.25;0.5143884892086331;0.5211640211640212
2018-10-21 15:00:00;0.2833936693585816;0.24774257100640287;0.8125;0.2;0.5555555555555556;0.16666666666666666;0.5179856115107914;0.5105820105820106
2018-10-21 16:00:00;0.3329620347164207;0.22322552399715428;0.8096590909090909;0.0;0.5833333333333334;0.16666666666666666;0.5359712230215827;0.4947089947089947
2018-10-21 17:00:00;0.39831059129304747;0.1845345591856838;0.8110795454545454;0.0;0.5555555555555556;0.16666666666666666;0.5359712230215827;0.48148148148148145
2018-10-21 18:00:00;0.37166991552956463;0.1753953921085755;0.8139204545454546;0.0;0.6111111111111112;0.08333333333333333;0.5719424460431655;0.43915343915343913
2018-10-21 19:00:00;0.4834307992202729;0.13243583429103048;0.8125;0.0;0.6388888888888888;0.16666666666666666;0.539568345323741;0.46825396825396826
2018-10-21 20:00:00;0.4380395433027012;0.13429650303726812;0.8139204545454546;0.0;0.5833333333333334;0.08333333333333333;0.564748201438849;0.4497354497354497
2018-10-21 21:00:00;0.46041028497168845;0.10244623214578887;0.8167613636363636;0.0;0.5833333333333334;0.16666666666666666;0.5431654676258992;0.455026455026455
2018-10-21 22:00:00;0.452705838670751;0.08668527335412905;0.8167613636363636;0.0;0.6111111111111112;0.08333333333333333;0.5503597122302158;0.4365079365079365
2018-10-21 23:00:00;0.43534762833008445;0.08701362666228862;0.8181818181818182;0.0;0.7222222222222222;0.08333333333333333;0.5611510791366906;0.43386243386243384
2018-10-22 00:00:00;0.4029518240044556;0.07667049745526186;0.8196022727272727;0.0;0.8333333333333334;0.08333333333333333;0.6007194244604317;0.4470899470899471
2018-10-22 01:00:00;0.38605773693492995;0.07136211897334867;0.8252840909090909;0.0;0.9722222222222222;0.25;0.6546762589928058;0.4470899470899471
2018-10-22 02:00:00;0.2338253040007426;0.12373447162480163;0.8323863636363636;0.0;1.0;0.25;0.6366906474820144;0.455026455026455
2018-10-22 03:00:00;0.04529843126334354;0.2399168171619329;0.8423295454545454;0.0;1.0;0.3333333333333333;0.6223021582733813;0.43915343915343913
2018-10-22 04:00:00;0.017543859649122806;0.29212499315930607;0.8494318181818182;0.0;0.9722222222222222;0.25;0.60431654676259;0.4365079365079365
2018-10-22 05:00:00;0.03945047804696927;0.2833689049417173;0.8607954545454546;0.0;0.9444444444444444;0.25;0.5899280575539568;0.4312169312169312
2018-10-22 06:00:00;0.08512020792722547;0.2574289935971105;0.8764204545454546;0.0;0.9444444444444444;0.25;0.5971223021582733;0.41534391534391535
2018-10-22 07:00:00;0.0932887774993038;0.26459804082526134;0.8892045454545454;0.8;0.9444444444444444;0.25;0.5467625899280576;0.4417989417989418
2018-10-22 08:00:00;0.09161793372319688;0.24210583921633014;0.9005681818181818;1.0;0.9722222222222222;0.25;0.5071942446043165;0.4708994708994709
2018-10-22 09:00:00;0.08558433119836627;0.2408471515350517;0.90625;0.9;0.9722222222222222;0.3333333333333333;0.4676258992805755;0.49206349206349204
2018-10-22 10:00:00;0.05550914322844148;0.2784436053193236;0.9090909090909091;0.8;0.9444444444444444;0.3333333333333333;0.4856115107913669;0.47883597883597884
2018-10-22 11:00:00;0.04659797642253783;0.3008810813768949;0.9105113636363636;0.2;1.0;0.3333333333333333;0.5323741007194245;0.4656084656084656
2018-10-22 12:00:00;0.05263157894736842;0.29967711924697643;0.9105113636363636;0.8;0.9722222222222222;0.3333333333333333;0.460431654676259;0.4973544973544973
2018-10-22 13:00:00;0.0521674556762276;0.3297761724949379;0.9119318181818182;1.0;1.0;0.4166666666666667;0.4028776978417266;0.48412698412698413
2018-10-22 14:00:00;0.03750116030817785;0.36370601433809446;0.9190340909090909;0.5;0.9722222222222222;0.3333333333333333;0.3597122302158273;0.4444444444444444
2018-10-22 15:00:00;0.05467372134038801;0.35861653806162097;0.9204545454545454;0.7;0.9722222222222222;0.25;0.37050359712230213;0.42328042328042326
2018-10-22 16:00:00;0.07862248213125404;0.3270946204783013;0.921875;0.0;0.8888888888888888;0.16666666666666666;0.38848920863309355;0.328042328042328
2018-10-22 17:00:00;0.14350691543674;0.26760794615005745;0.9261363636363636;0.0;0.8611111111111112;0.08333333333333333;0.3669064748201439;0.25925925925925924
2018-10-22 18:00:00;0.2696556205328135;0.20943468505445192;0.9204545454545454;0.0;0.7777777777777778;0.08333333333333333;0.33093525179856115;0.21164021164021163
2018-10-22 19:00:00;0.5079365079365079;0.09007825753844471;0.9161931818181818;0.0;0.6111111111111112;0.08333333333333333;0.3597122302158273;0.2275132275132275
2018-10-22 20:00:00;0.6422537826046597;0.021014611722213104;0.921875;0.0;0.6666666666666666;0.16666666666666666;0.33093525179856115;0.20899470899470898
2018-10-22 21:00:00;0.6516290726817042;0.018004706397416956;0.9105113636363636;0.0;0.6388888888888888;0.16666666666666666;0.31654676258992803;0.1984126984126984
2018-10-22 22:00:00;0.5433027011974381;0.05275543151097248;0.9019886363636364;0.0;0.6666666666666666;0.25;0.36330935251798563;0.28835978835978837
2018-10-22 23:00:00;0.418546365914787;0.09275980955508127;0.8849431818181818;0.0;0.6388888888888888;0.25;0.3669064748201439;0.31216931216931215
2018-10-23 00:00:00;0.3164392462638077;0.1298637333771138;0.8579545454545454;0.0;0.6388888888888888;0.25;0.37410071942446044;0.3439153439153439
2018-10-23 01:00:00;0.2845075652093196;0.153122092705084;0.8536931818181818;0.0;0.6666666666666666;0.3333333333333333;0.381294964028777;0.35185185185185186
2018-10-23 02:00:00;0.2917478882391163;0.14130137361133915;0.8338068181818182;0.0;0.6666666666666666;0.3333333333333333;0.4136690647482014;0.35714285714285715
2018-10-23 03:00:00;0.16411398867539218;0.18059431948776886;0.8153409090909091;0.0;0.6944444444444444;0.25;0.4568345323741007;0.3835978835978836
2018-10-23 04:00:00;0.19279680683189454;0.16434083073386965;0.8068181818181818;0.0;0.7222222222222222;0.3333333333333333;0.4892086330935252;0.40476190476190477
2018-10-23 05:00:00;0.26557133574677433;0.18004706397416953;0.8025568181818182;0.0;0.75;0.3333333333333333;0.48201438848920863;0.4074074074074074
2018-10-23 06:00:00;0.30093752900770443;0.15432605483500247;0.7982954545454546;0.0;0.7222222222222222;0.3333333333333333;0.4892086330935252;0.41534391534391535
2018-10-23 07:00:00;0.3648008911166806;0.13517211185902697;0.7940340909090909;0.0;0.75;0.4166666666666667;0.49640287769784175;0.42328042328042326
2018-10-23 08:00:00;0.28227977350784367;0.17041536693482187;0.7869318181818182;0.0;0.7222222222222222;0.4166666666666667;0.5179856115107914;0.43386243386243384
2018-10-23 09:00:00;0.2546180265478511;0.17036064138346194;0.7755681818181818;0.0;0.75;0.4166666666666667;0.5323741007194245;0.4470899470899471
2018-10-23 10:00:00;0.19261115752343821;0.1922508619274339;0.7741477272727273;0.0;0.7777777777777778;0.5;0.5431654676258992;0.4523809523809524
2018-10-23 11:00:00;0.1881555741204864;0.20543971980517706;0.765625;0.1;0.7777777777777778;0.5;0.5323741007194245;0.4576719576719577
2018-10-23 12:00:00;0.18546365914786966;0.2064795052810157;0.7727272727272727;0.0;0.7777777777777778;0.5;0.5359712230215827;0.455026455026455
2018-10-23 13:00:00;0.22129397567994058;0.2071909374486948;0.7627840909090909;0.0;0.7777777777777778;0.5;0.539568345323741;0.4603174603174603
2018-10-23 14:00:00;0.2599090318388564;0.1987632025392656;0.7585227272727273;0.0;0.8055555555555556;0.4166666666666667;0.5467625899280576;0.46296296296296297
2018-10-23 15:00:00;0.2615798756149633;0.21107645159524985;0.765625;0.0;0.8333333333333334;0.4166666666666667;0.5467625899280576;0.46825396825396826
2018-10-23 16:00:00;0.22445001392369812;0.22322552399715428;0.7670454545454546;0.0;0.8055555555555556;0.3333333333333333;0.5575539568345323;0.4708994708994709
2018-10-23 17:00:00;0.23438225192611156;0.224210583921633;0.765625;0.0;0.7777777777777778;0.3333333333333333;0.579136690647482;0.47619047619047616
2018-10-23 18:00:00;0.22612085769980506;0.2215837574563564;0.7642045454545454;0.0;0.7777777777777778;0.3333333333333333;0.5971223021582733;0.48677248677248675
2018-10-23 19:00:00;0.1741390513320338;0.22749411700322883;0.7613636363636364;0.0;0.7777777777777778;0.3333333333333333;0.6115107913669064;0.4894179894179894
2018-10-23 20:00:00;0.15854450942170242;0.22738466590050893;0.7627840909090909;0.0;0.7777777777777778;0.3333333333333333;0.6115107913669064;0.48412698412698413
2018-10-23 21:00:00;0.1410006497725796;0.224210583921633;0.7585227272727273;0.0;0.7777777777777778;0.4166666666666667;0.6187050359712231;0.48677248677248675
2018-10-23 22:00:00;0.10349948946440173;0.22448421167843266;0.7571022727272727;0.0;0.8055555555555556;0.4166666666666667;0.6151079136690647;0.48412698412698413
2018-10-23 23:00:00;0.08196416968346792;0.22579762491107097;0.7571022727272727;0.0;0.8055555555555556;0.4166666666666667;0.6223021582733813;0.48677248677248675
2018-10-24 00:00:00;0.07648751508400631;0.22831500027362775;0.7514204545454546;0.0;0.8055555555555556;0.4166666666666667;0.6258992805755396;0.49206349206349204
2018-10-24 01:00:00;0.0664624524273647;0.2228971706889947;0.75;0.0;0.8333333333333334;0.4166666666666667;0.6366906474820144;0.5
2018-10-24 02:00:00;0.06432748538011696;0.21840967547748044;0.7528409090909091;0.0;0.8611111111111112;0.4166666666666667;0.658273381294964;0.4894179894179894
2018-10-24 03:00:00;0.05114638447971782;0.22087232528867728;0.7514204545454546;0.0;0.8333333333333334;0.4166666666666667;0.6546762589928058;0.48677248677248675
2018-10-24 04:00:00;0.050960735171261484;0.21840967547748044;0.7571022727272727;0.0;0.8888888888888888;0.4166666666666667;0.658273381294964;0.48677248677248675
2018-10-24 05:00:00;0.10841919613849438;0.20089749904230286;0.7627840909090909;0.0;0.8611111111111112;0.3333333333333333;0.6798561151079137;0.4708994708994709
2018-10-24 06:00:00;0.1650422352176738;0.16663930389098672;0.7713068181818182;0.0;0.8611111111111112;0.3333333333333333;0.6654676258992805;0.46825396825396826
2018-10-24 07:00:00;0.2097837185556484;0.16368412411755048;0.78125;0.0;0.8611111111111112;0.3333333333333333;0.6438848920863309;0.47883597883597884
2018-10-24 08:00:00;0.2134967047247749;0.1644502818365895;0.7926136363636364;0.3;0.9166666666666666;0.3333333333333333;0.6654676258992805;0.47883597883597884
2018-10-24 09:00:00;0.16309291747888238;0.18584797241832213;0.7911931818181818;0.8;0.8888888888888888;0.3333333333333333;0.6438848920863309;0.48148148148148145
2018-10-24 10:00:00;0.14137194838949224;0.20253926558310076;0.7926136363636364;0.8;0.8888888888888888;0.5;0.6079136690647482;0.5079365079365079
2018-10-24 11:00:00;0.12828367214332126;0.23050402232802494;0.7911931818181818;0.4;0.8888888888888888;0.4166666666666667;0.6079136690647482;0.5105820105820106
2018-10-24 12:00:00;0.13784461152882205;0.2399168171619329;0.7911931818181818;0.6;0.8888888888888888;0.3333333333333333;0.6151079136690647;0.5185185185185185
2018-10-24 13:00:00;0.15548129583217302;0.22065342308323757;0.7883522727272727;0.1;0.8333333333333334;0.25;0.6079136690647482;0.5052910052910053
2018-10-24 14:00:00;0.24050867910517032;0.19028074207847642;0.7911931818181818;0.0;0.8333333333333334;0.25;0.60431654676259;0.48412698412698413
2018-10-24 15:00:00;0.23920913394597604;0.19761396596070707;0.7897727272727273;0.0;0.8333333333333334;0.25;0.6474820143884892;0.4523809523809524
2018-10-24 16:00:00;0.25220458553791886;0.17036064138346194;0.7883522727272727;0.0;0.8611111111111112;0.25;0.6402877697841727;0.4444444444444444
2018-10-24 17:00:00;0.3164392462638077;0.13621189733486566;0.7869318181818182;0.0;0.6944444444444444;0.08333333333333333;0.6330935251798561;0.43386243386243384
2018-10-24 18:00:00;0.417432470064049;0.07152629562742845;0.7840909090909091;0.0;0.6944444444444444;0.16666666666666666;0.6510791366906474;0.4417989417989418
2018-10-24 19:00:00;0.3125406107862248;0.11995840858096644;0.7784090909090909;0.0;0.7222222222222222;0.25;0.6510791366906474;0.4444444444444444
2018-10-24 20:00:00;0.18082242643646151;0.17698243309801348;0.7727272727272727;0.0;0.6944444444444444;0.25;0.6474820143884892;0.4417989417989418
2018-10-24 21:00:00;0.18351434140907824;0.17172878016746018;0.7642045454545454;0.0;0.6944444444444444;0.16666666666666666;0.6438848920863309;0.4417989417989418
2018-10-24 22:00:00;0.2029146941427643;0.1489082252503694;0.7571022727272727;0.0;0.6388888888888888;0.16666666666666666;0.6474820143884892;0.4417989417989418
2018-10-24 23:00:00;0.17720226492156316;0.14409237673069555;0.7428977272727273;0.0;0.6666666666666666;0.25;0.6294964028776978;0.4365079365079365
2018-10-25 00:00:00;0.16476376125498932;0.12395337383024134;0.734375;0.0;0.75;0.25;0.5899280575539568;0.4444444444444444
2018-10-25 01:00:00;0.1769237909588787;0.12253050949488317;0.7272727272727273;0.0;0.7222222222222222;0.25;0.5575539568345323;0.4312169312169312
2018-10-25 02:00:00;0.12095052445929638;0.12253050949488317;0.7201704545454546;0.0;0.7222222222222222;0.16666666666666666;0.5467625899280576;0.41005291005291006
2018-10-25 03:00:00;0.1354311705188898;0.17364417446505775;0.7173295454545454;0.0;0.7222222222222222;0.16666666666666666;0.5215827338129496;0.42063492063492064
2018-10-25 04:00:00;0.17423187598626194;0.17643517758441418;0.7130681818181818;0.0;0.6666666666666666;0.25;0.5107913669064749;0.42328042328042326
2018-10-25 05:00:00;0.264828738512949;0.18655940458600123;0.7116477272727273;0.0;0.7222222222222222;0.25;0.5215827338129496;0.4126984126984127
2018-10-25 06:00:00;0.5655806182121972;0.05177037158649374;0.7144886363636364;0.0;0.75;0.16666666666666666;0.5287769784172662;0.42063492063492064
2018-10-25 07:00:00;0.5783904204956837;0.04772068078585892;0.7144886363636364;0.0;0.6944444444444444;0.16666666666666666;0.5143884892086331;0.4365079365079365
2018-10-25 08:00:00;0.4821312540610786;0.09790401138291469;0.71875;0.0;0.75;0.16666666666666666;0.5179856115107914;0.4470899470899471
2018-10-25 09:00:00;0.4562331755314211;0.12400809938160127;0.7159090909090909;0.0;0.7777777777777778;0.16666666666666666;0.5107913669064749;0.4523809523809524
2018-10-25 10:00:00;0.42931402580525385;0.12543096371695944;0.7116477272727273;0.0;0.7777777777777778;0.25;0.5323741007194245;0.4576719576719577
2018-10-25 11:00:00;0.3236795692936044;0.18699720899688066;0.7088068181818182;0.0;0.75;0.25;0.5539568345323741;0.43915343915343913
2018-10-25 12:00:00;0.2618583495776478;0.20801182071909374;0.7002840909090909;0.0;0.7222222222222222;0.25;0.5431654676258992;0.4523809523809524
2018-10-25 13:00:00;0.32637148426622115;0.1846987358397636;0.6974431818181818;0.1;0.75;0.3333333333333333;0.5611510791366906;0.43915343915343913
2018-10-25 14:00:00;0.3187598626195118;0.19208668527335415;0.6917613636363636;0.0;0.7222222222222222;0.25;0.564748201438849;0.42857142857142855
2018-10-25 15:00:00;0.30548593706488447;0.2004596946314234;0.6875;0.0;0.6944444444444444;0.25;0.5971223021582733;0.4126984126984127
2018-10-25 16:00:00;0.3178316160772301;0.176599354238494;0.6860795454545454;0.0;0.6944444444444444;0.16666666666666666;0.6007194244604317;0.4126984126984127
2018-10-25 17:00:00;0.36749280608929735;0.14184862912493842;0.6832386363636364;0.0;0.6666666666666666;0.25;0.5935251798561151;0.40476190476190477
2018-10-25 18:00:00;0.35923141186299085;0.12209270508400372;0.6789772727272727;0.0;0.6666666666666666;0.25;0.5935251798561151;0.4021164021164021
2018-10-25 19:00:00;0.29406850459482037;0.1244459037924807;0.671875;0.0;0.6666666666666666;0.25;0.5863309352517986;0.4021164021164021
2018-10-25 20:00:00;0.2962962962962963;0.12214743063536367;0.6661931818181818;0.0;0.6388888888888888;0.25;0.5827338129496403;0.3994708994708995
2018-10-25 21:00:00;0.2665924069432841;0.1397690581732611;0.6519886363636364;0.0;0.6388888888888888;0.25;0.5827338129496403;0.3968253968253968
2018-10-25 22:00:00;0.24301494476933072;0.13062989109615278;0.640625;0.0;0.6111111111111112;0.25;0.5755395683453237;0.3968253968253968
2018-10-25 23:00:00;0.20662768031189085;0.12855032014447546;0.6335227272727273;0.0;0.6111111111111112;0.25;0.5755395683453237;0.3968253968253968
2018-10-26 00:00:00;0.16597048175995546;0.14392820007661578;0.6235795454545454;0.0;0.6111111111111112;0.3333333333333333;0.564748201438849;0.3941798941798942
2018-10-26 01:00:00;0.13626659240694328;0.14983855962348822;0.609375;0.0;0.5833333333333334;0.25;0.5611510791366906;0.3941798941798942
2018-10-26 02:00:00;0.16272161886196973;0.12926175231215453;0.59375;0.0;0.5833333333333334;0.3333333333333333;0.5467625899280576;0.3915343915343915
2018-10-26 03:00:00;0.16374269005847952;0.13188857877743118;0.5809659090909091;0.0;0.6111111111111112;0.4166666666666667;0.5467625899280576;0.3888888888888889
2018-10-26 04:00:00;0.16151489835700364;0.13752531056750397;0.5681818181818182;0.0;0.5555555555555556;0.4166666666666667;0.5323741007194245;0.3835978835978836
2018-10-26 05:00:00;0.22807017543859648;0.1267991025009577;0.5596590909090909;0.0;0.6111111111111112;0.4166666666666667;0.5179856115107914;0.38095238095238093
2018-10-26 06:00:00;0.3360252483059501;0.08876484430580638;0.5539772727272727;0.0;0.5833333333333334;0.4166666666666667;0.5143884892086331;0.373015873015873
2018-10-26 07:00:00;0.3566323215446022;0.06517813166967658;0.546875;0.0;0.6111111111111112;0.4166666666666667;0.5107913669064749;0.3783068783068783
2018-10-26 08:00:00;0.36535783904204955;0.061292617523121554;0.5383522727272727;0.0;0.6111111111111112;0.4166666666666667;0.5179856115107914;0.3835978835978836
2018-10-26 09:00:00;0.3614592035644667;0.06271548185847974;0.5326704545454546;0.0;0.6111111111111112;0.4166666666666667;0.5143884892086331;0.3941798941798942
2018-10-26 10:00:00;0.3544045298431263;0.06988452908663056;0.5198863636363636;0.0;0.6111111111111112;0.4166666666666667;0.5;0.41005291005291006
2018-10-26 11:00:00;0.33147684024877005;0.09341651617140044;0.5113636363636364;0.0;0.6111111111111112;0.4166666666666667;0.5467625899280576;0.3862433862433862
2018-10-26 12:00:00;0.3485565766267521;0.10852076834674108;0.5071022727272727;0.0;0.7777777777777778;0.3333333333333333;0.5323741007194245;0.35978835978835977
2018-10-26 13:00:00;0.3062285342987097;0.1978875937175067;0.5028409090909091;0.0;0.75;0.16666666666666666;0.539568345323741;0.3783068783068783
2018-10-26 14:00:00;0.46672236145920354;0.13260001094511029;0.5056818181818182;0.0;0.75;0.25;0.4136690647482014;0.37566137566137564
2018-10-26 15:00:00;0.3248862897985705;0.21529031904996443;0.5042613636363636;0.0;0.75;0.3333333333333333;0.381294964028777;0.37037037037037035
2018-10-26 16:00:00;0.3418732015223243;0.20182783341542165;0.5042613636363636;0.0;0.7222222222222222;0.3333333333333333;0.37050359712230213;0.36243386243386244
2018-10-26 17:00:00;0.29917386057736933;0.23482734088545942;0.5113636363636364;0.0;0.7777777777777778;0.3333333333333333;0.36330935251798563;0.3306878306878307
2018-10-26 18:00:00;0.2046783625730994;0.2720954413615717;0.5071022727272727;0.0;0.75;0.25;0.38848920863309355;0.31216931216931215
2018-10-26 19:00:00;0.22259352083913486;0.25567777595359276;0.5142045454545454;0.0;0.7222222222222222;0.3333333333333333;0.3776978417266187;0.2857142857142857
2018-10-26 20:00:00;0.1944676506080015;0.29037377551578836;0.5127840909090909;0.0;0.6388888888888888;0.16666666666666666;0.3669064748201439;0.26455026455026454
2018-10-26 21:00:00;0.22742040285899934;0.2622995676681443;0.5142045454545454;0.0;0.6666666666666666;0.16666666666666666;0.38489208633093525;0.2751322751322751
2018-10-26 22:00:00;0.18175067297874317;0.2787172330761233;0.5127840909090909;0.0;0.7222222222222222;0.25;0.38848920863309355;0.28835978835978837
2018-10-26 23:00:00;0.15668801633713916;0.2842992393148361;0.515625;0.0;0.9444444444444444;0.16666666666666666;0.4028776978417266;0.2671957671957672
2018-10-27 00:00:00;0.15752343822519263;0.26744376949597765;0.515625;0.0;0.6388888888888888;0.08333333333333333;0.4028776978417266;0.2698412698412698
2018-10-27 01:00:00;0.14833379745660447;0.2357029497072183;0.5142045454545454;0.0;0.6666666666666666;0.16666666666666666;0.38848920863309355;0.2671957671957672
2018-10-27 02:00:00;0.12085769980506822;0.2636677064521425;0.5142045454545454;0.0;0.6388888888888888;0.16666666666666666;0.3920863309352518;0.2698412698412698
2018-10-27 03:00:00;0.09115381045205605;0.27603568105948667;0.5170454545454546;0.0;0.6944444444444444;0.16666666666666666;0.37410071942446044;0.2566137566137566
2018-10-27 04:00:00;0.11816578483245148;0.26810047611229687;0.5227272727272727;0.0;0.75;0.16666666666666666;0.36330935251798563;0.24074074074074073
2018-10-27 05:00:00;0.18824839877471458;0.23181743556066328;0.5269886363636364;0.0;0.6666666666666666;0.16666666666666666;0.37410071942446044;0.25132275132275134
2018-10-27 06:00:00;0.2786596119929453;0.1529031904996443;0.5340909090909091;0.3;0.6388888888888888;0.16666666666666666;0.41007194244604317;0.2751322751322751
2018-10-27 07:00:00;0.4585537918871252;0.07371531768182565;0.5426136363636364;0.7;0.75;0.16666666666666666;0.38848920863309355;0.30158730158730157
2018-10-27 08:00:00;0.39738234475076584;0.1512614239588464;0.5482954545454546;0.8;0.75;0.16666666666666666;0.381294964028777;0.3253968253968254
2018-10-27 09:00:00;0.35737491877842753;0.17561429431401523;0.5553977272727273;0.4;0.7222222222222222;0.16666666666666666;0.38848920863309355;0.3439153439153439
2018-10-27 10:00:00;0.25471085120207926;0.22754884255458874;0.5568181818181818;1.0;0.8333333333333334;0.25;0.381294964028777;0.36243386243386244
2018-10-27 11:00:00;0.1783161607723011;0.26388660865758223;0.5568181818181818;1.0;0.8611111111111112;0.25;0.3381294964028777;0.3862433862433862
2018-10-27 12:00:00;0.17478882391163095;0.2608767033327861;0.5596590909090909;0.7;0.8611111111111112;0.25;0.3489208633093525;0.3835978835978836
2018-10-27 13:00:00;0.1690336953494848;0.27297105018333057;0.5639204545454546;0.8;0.9166666666666666;0.25;0.3489208633093525;0.37566137566137564
2018-10-27 14:00:00;0.15176830966304652;0.27433918896732884;0.5696022727272727;0.7;1.0;0.25;0.33093525179856115;0.35978835978835977
2018-10-27 15:00:00;0.11927968068318945;0.29168718874842664;0.578125;0.7;0.9722222222222222;0.16666666666666666;0.34532374100719426;0.3253968253968254
2018-10-27 16:00:00;0.12837649679754942;0.2664587095714989;0.5909090909090909;0.0;1.0;0.16666666666666666;0.34172661870503596;0.24338624338624337
2018-10-27 17:00:00;0.20142949967511373;0.21271821813604772;0.5994318181818182;0.0;0.1111111111111111;0.16666666666666666;0.3381294964028777;0.25132275132275134
2018-10-27 18:00:00;0.31968810916179335;0.1438187489738959;0.6107954545454546;0.0;0.1111111111111111;0.16666666666666666;0.3273381294964029;0.23015873015873015
2018-10-27 19:00:00;0.2803304557690523;0.1288239479012751;0.6193181818181818;0.0;0.1388888888888889;0.25;0.33093525179856115;0.23809523809523808
2018-10-27 20:00:00;0.2762461709830131;0.09708312811251572;0.6278409090909091;0.0;0.1388888888888889;0.3333333333333333;0.33093525179856115;0.23015873015873015
2018-10-27 21:00:00;0.22519261115752345;0.09981940568051223;0.6363636363636364;0.0;0.1388888888888889;0.3333333333333333;0.32014388489208634;0.2566137566137566
2018-10-27 22:00:00;0.12234289427271883;0.16275378974443167;0.6463068181818182;0.0;0.16666666666666666;0.3333333333333333;0.30935251798561153;0.2671957671957672
2018-10-27 23:00:00;0.09041121321823076;0.1958627483171893;0.6534090909090909;0.0;0.16666666666666666;0.3333333333333333;0.26258992805755393;0.24867724867724866
2018-10-28 00:00:00;0.06887589343729694;0.22098177639139713;0.6605113636363636;0.0;0.1388888888888889;0.3333333333333333;0.2517985611510791;0.21428571428571427
2018-10-28 01:00:00;0.06794764689501531;0.2063153286269359;0.6647727272727273;0.0;0.1388888888888889;0.3333333333333333;0.23741007194244604;0.1931216931216931
2018-10-28 02:00:00;0.0689687180915251;0.18672358124008098;0.6747159090909091;0.0;0.1111111111111111;0.25;0.2302158273381295;0.17195767195767195
2018-10-28 03:00:00;0.07138215910145734;0.1856290702128824;0.671875;0.0;0.08333333333333333;0.3333333333333333;0.2158273381294964;0.164021164021164
2018-10-28 04:00:00;0.0720319316810545;0.19460406063591093;0.6789772727272727;0.0;0.1388888888888889;0.3333333333333333;0.18345323741007194;0.164021164021164
2018-10-28 05:00:00;0.0667409263900492;0.21671318338532264;0.6860795454545454;0.0;0.1111111111111111;0.25;0.17266187050359713;0.14285714285714285
2018-10-28 06:00:00;0.08530585723568179;0.20987248946533138;0.6946022727272727;0.0;0.08333333333333333;0.25;0.17625899280575538;0.1349206349206349
2018-10-28 07:00:00;0.08920449271326464;0.19443988398183112;0.6903409090909091;1.0;0.1388888888888889;0.25;0.18345323741007194;0.1746031746031746
2018-10-28 08:00:00;0.08688387635756056;0.2022656378263011;0.6931818181818182;1.0;0.19444444444444445;0.25;0.18705035971223022;0.24338624338624337
2018-10-28 09:00:00;0.08419196138494382;0.2300114923657856;0.6960227272727273;1.0;0.16666666666666666;0.5;0.1510791366906475;0.2751322751322751
2018-10-28 10:00:00;0.06961849067112225;0.26738904394461777;0.6917613636363636;1.0;0.1111111111111111;0.5;0.1618705035971223;0.291005291005291
2018-10-28 11:00:00;0.0556947925368978;0.2881847534613911;0.6846590909090909;1.0;0.1111111111111111;0.5;0.1474820143884892;0.291005291005291
2018-10-28 12:00:00;0.05439524737770352;0.2931647786351448;0.6860795454545454;1.0;0.16666666666666666;0.5;0.1474820143884892;0.29894179894179895
2018-10-28 13:00:00;0.05922212939756799;0.2839161604553166;0.6789772727272727;1.0;0.1388888888888889;0.5;0.17625899280575538;0.291005291005291
2018-10-28 14:00:00;0.05829388285528636;0.28150823619547966;0.6832386363636364;0.8;0.1111111111111111;0.5;0.16906474820143885;0.2777777777777778
2018-10-28 15:00:00;0.06655527708159287;0.27105565588573305;0.671875;0.7;0.08333333333333333;0.3333333333333333;0.17985611510791366;0.2566137566137566
2018-10-28 16:00:00;0.09338160215353196;0.2592896623433481;0.6860795454545454;0.0;0.08333333333333333;0.25;0.19784172661870503;0.22486772486772486
2018-10-28 17:00:00;0.14963334261579875;0.21074809828709024;0.6803977272727273;0.0;0.08333333333333333;0.25;0.2014388489208633;0.20634920634920634
2018-10-28 18:00:00;0.20282186948853617;0.1643955562852296;0.6732954545454546;0.0;0.08333333333333333;0.25;0.20503597122302158;0.18783068783068782
2018-10-28 19:00:00;0.1834215167548501;0.1593060800087561;0.671875;0.0;0.1111111111111111;0.25;0.2014388489208633;0.16666666666666666
2018-10-28 20:00:00;0.16309291747888238;0.1675696382641055;0.671875;0.0;0.1111111111111111;0.25;0.19784172661870503;0.17195767195767195
2018-10-28 21:00:00;0.1660633064141836;0.15443550593772232;0.6590909090909091;0.0;0.08333333333333333;0.3333333333333333;0.1906474820143885;0.164021164021164
2018-10-28 22:00:00;0.1354311705188898;0.17057954358890165;0.6448863636363636;0.0;0.08333333333333333;0.25;0.18705035971223022;0.15608465608465608
2018-10-28 23:00:00;0.11955815464587392;0.17057954358890165;0.6463068181818182;0.0;0.08333333333333333;0.25;0.17985611510791366;0.164021164021164
2018-10-29 00:00:00;0.07695163835514712;0.18502708914792318;0.6420454545454546;0.0;0.08333333333333333;0.25;0.19424460431654678;0.164021164021164
2018-10-29 01:00:00;0.07453819734521488;0.18404202922344445;0.6150568181818182;0.0;0.08333333333333333;0.3333333333333333;0.19784172661870503;0.15873015873015872
2018-10-29 02:00:00;0.06961849067112225;0.18404202922344445;0.6193181818181818;0.0;0.1388888888888889;0.4166666666666667;0.2158273381294964;0.1693121693121693
2018-10-29 03:00:00;0.05485937064884433;0.20177310786406172;0.609375;0.0;0.1388888888888889;0.4166666666666667;0.22661870503597123;0.1746031746031746
2018-10-29 04:00:00;0.05903648008911167;0.2066436819350955;0.5980113636363636;0.0;0.1388888888888889;0.4166666666666667;0.2446043165467626;0.1746031746031746
2018-10-29 05:00:00;0.07444537269098672;0.20128057790182238;0.5752840909090909;0.0;0.1111111111111111;0.3333333333333333;0.2517985611510791;0.17724867724867724
2018-10-29 06:00:00;0.1143599740090968;0.17692770754665355;0.5696022727272727;0.0;0.1388888888888889;0.4166666666666667;0.2733812949640288;0.19576719576719576
2018-10-29 07:00:00;0.1706117144713636;0.1375800361188639;0.5639204545454546;0.0;0.16666666666666666;0.3333333333333333;0.2805755395683453;0.2037037037037037
2018-10-29 08:00:00;0.14694142764318202;0.1485251463908499;0.5610795454545454;0.0;0.1111111111111111;0.25;0.29136690647482016;0.21957671957671956
2018-10-29 09:00:00;0.17562424579968441;0.13457013079406777;0.546875;0.0;0.1388888888888889;0.3333333333333333;0.302158273381295;0.23544973544973544
2018-10-29 10:00:00;0.14684860298895386;0.14102774585453948;0.5284090909090909;0.0;0.1388888888888889;0.3333333333333333;0.2949640287769784;0.24603174603174602
2018-10-29 11:00:00;0.1306971131532535;0.14699283095277185;0.5198863636363636;0.0;0.16666666666666666;0.3333333333333333;0.2841726618705036;0.24867724867724866
2018-10-29 12:00:00;0.13264643089204492;0.15629617468395995;0.5099431818181818;0.0;0.19444444444444445;0.25;0.2841726618705036;0.2566137566137566
2018-10-29 13:00:00;0.14211454562331755;0.15996278662507527;0.4943181818181818;0.0;0.1388888888888889;0.3333333333333333;0.2949640287769784;0.2566137566137566
2018-10-29 14:00:00;0.1759027197623689;0.13511738630766704;0.4758522727272727;0.0;0.1111111111111111;0.3333333333333333;0.29856115107913667;0.2566137566137566
2018-10-29 15:00:00;0.16476376125498932;0.13533628851310678;0.4588068181818182;0.0;0.1111111111111111;0.3333333333333333;0.29136690647482016;0.25396825396825395
2018-10-29 16:00:00;0.19623131903833657;0.11963005527280687;0.4460227272727273;0.0;0.1111111111111111;0.3333333333333333;0.29136690647482016;0.24867724867724866
2018-10-29 17:00:00;0.17664531699619418;0.12603294478191868;0.43892045454545453;0.0;0.1388888888888889;0.4166666666666667;0.2949640287769784;0.23809523809523808
2018-10-29 18:00:00;0.14462081128747795;0.14026158813550046;0.421875;0.0;0.1111111111111111;0.4166666666666667;0.29856115107913667;0.2328042328042328
2018-10-29 19:00:00;0.1136173767752715;0.15903245225195645;0.40767045454545453;0.0;0.1111111111111111;0.4166666666666667;0.302158273381295;0.23015873015873015
2018-10-29 20:00:00;0.10136452241715399;0.1563509002353199;0.3877840909090909;0.0;0.1111111111111111;0.3333333333333333;0.2949640287769784;0.23015873015873015
2018-10-29 21:00:00;0.09477397196695442;0.15848519673835712;0.36363636363636365;0.0;0.1111111111111111;0.4166666666666667;0.2949640287769784;0.2275132275132275
2018-10-29 22:00:00;0.08771929824561403;0.1580473923274777;0.34517045454545453;0.0;0.1111111111111111;0.4166666666666667;0.302158273381295;0.22486772486772486
2018-10-29 23:00:00;0.08150004641232711;0.15558474251628085;0.32670454545454547;0.0;0.1111111111111111;0.5;0.3129496402877698;0.21957671957671956
2018-10-30 00:00:00;0.07305300287756428;0.15137087506156627;0.3025568181818182;0.0;0.1111111111111111;0.4166666666666667;0.32014388489208634;0.21428571428571427
2018-10-30 01:00:00;0.06525573192239859;0.1370327806052646;0.28551136363636365;0.0;0.08333333333333333;0.4166666666666667;0.32014388489208634;0.21693121693121692
2018-10-30 02:00:00;0.0624709922955537;0.12198325398128386;0.26988636363636365;0.0;0.1388888888888889;0.5;0.3273381294964029;0.21693121693121692
2018-10-30 03:00:00;0.06107862248213125;0.11278936135281563;0.25;0.0;0.027777777777777776;0.25;0.3381294964028777;0.21428571428571427
2018-10-30 04:00:00;0.06377053745474798;0.10348601762162754;0.25142045454545453;0.0;0.1388888888888889;0.3333333333333333;0.3345323741007194;0.21693121693121692
2018-10-30 05:00:00;0.08437761069340016;0.08739670552180814;0.234375;0.0;0.1111111111111111;0.3333333333333333;0.34172661870503596;0.21693121693121692
2018-10-30 06:00:00;0.11881555741204862;0.06731242817271385;0.23579545454545456;0.0;0.19444444444444445;0.16666666666666666;0.34172661870503596;0.21693121693121692
2018-10-30 07:00:00;0.19279680683189454;0.030482132107480985;0.2372159090909091;0.0;0.3055555555555556;0.25;0.34532374100719426;0.2222222222222222
2018-10-30 08:00:00;0.22714192889631488;0.0151589777267006;0.23579545454545456;0.0;0.4166666666666667;0.25;0.36330935251798563;0.2328042328042328
2018-10-30 09:00:00;0.24598533370463194;0.01318885787774312;0.2471590909090909;0.0;0.5;0.3333333333333333;0.35251798561151076;0.24338624338624337
2018-10-30 10:00:00;0.21340388007054675;0.017183823127018008;0.25142045454545453;0.0;0.5;0.3333333333333333;0.3489208633093525;0.2566137566137566
2018-10-30 11:00:00;0.2636220180079829;0.016964920921578287;0.25426136363636365;0.0;0.5;0.4166666666666667;0.3345323741007194;0.24867724867724866
2018-10-30 12:00:00;0.244314489928525;0.023094182673890445;0.2585227272727273;0.0;0.5;0.5;0.3129496402877698;0.23809523809523808
2018-10-30 13:00:00;0.260837278381138;0.027636403436764632;0.2585227272727273;0.0;0.5;0.5;0.2805755395683453;0.23015873015873015
2018-10-30 14:00:00;0.26928432191590085;0.022546927160291143;0.2627840909090909;0.0;0.4722222222222222;0.4166666666666667;0.27697841726618705;0.2328042328042328
2018-10-30 15:00:00;0.3052074631022;0.026104087998686586;0.2741477272727273;0.0;0.4722222222222222;0.3333333333333333;0.29136690647482016;0.21428571428571427
2018-10-30 16:00:00;0.29638912095052444;0.026979696820445466;0.2883522727272727;0.0;0.4722222222222222;0.25;0.302158273381295;0.2037037037037037
2018-10-30 17:00:00;0.3205235310498468;0.01554205658622011;0.30823863636363635;0.0;0.5277777777777778;0.25;0.33093525179856115;0.20899470899470898
2018-10-30 18:00:00;0.34103777963427084;0.01160181688830515;0.3338068181818182;0.0;0.6944444444444444;0.4166666666666667;0.4784172661870504;0.3306878306878307
2018-10-30 19:00:00;0.2817228255824747;0.03912876922234992;0.3678977272727273;0.0;0.6666666666666666;0.5;0.49280575539568344;0.3412698412698413
2018-10-30 20:00:00;0.14359974009096815;0.1257045914737591;0.3991477272727273;0.0;0.6666666666666666;0.5;0.48201438848920863;0.34656084656084657
2018-10-30 21:00:00;0.13932980599647266;0.16089312099819406;0.4303977272727273;0.0;0.6666666666666666;0.5;0.46402877697841727;0.3492063492063492
2018-10-30 22:00:00;0.14127912373526408;0.16970393476714277;0.4630681818181818;0.0;0.6388888888888888;0.5;0.4568345323741007;0.3386243386243386
2018-10-30 23:00:00;0.13181100900399145;0.16724128495594592;0.48579545454545453;0.0;0.6111111111111112;0.4166666666666667;0.4460431654676259;0.3253968253968254
2018-10-31 00:00:00;0.15297503016801262;0.15213703278060525;0.5071022727272727;0.0;0.5833333333333334;0.5;0.44964028776978415;0.3148148148148148
2018-10-31 01:00:00;0.1153810452056066;0.169539758113063;0.5241477272727273;0.0;0.5833333333333334;0.4166666666666667;0.4352517985611511;0.31216931216931215
2018-10-31 02:00:00;0.16996194189176647;0.10381437092978711;0.5369318181818182;0.0;0.6111111111111112;0.4166666666666667;0.4244604316546763;0.29894179894179895
2018-10-31 03:00:00;0.14740555091432284;0.116401247742571;0.5525568181818182;0.0;0.5833333333333334;0.3333333333333333;0.4136690647482014;0.2857142857142857
2018-10-31 04:00:00;0.1593799313097559;0.12844086904175558;0.5681818181818182;0.0;0.5555555555555556;0.3333333333333333;0.3920863309352518;0.2724867724867725
2018-10-31 05:00:00;0.20393576533927413;0.1072620806654627;0.5823863636363636;0.0;0.5;0.25;0.35251798561151076;0.24338624338624337
2018-10-31 06:00:00;0.35189826417896597;0.05795435889016582;0.5980113636363636;0.0;0.4722222222222222;0.25;0.32014388489208634;0.23015873015873015
2018-10-31 07:00:00;0.45790401930752805;0.02347726153340995;0.609375;0.0;0.4444444444444444;0.25;0.3237410071942446;0.23544973544973544
2018-10-31 08:00:00;0.5243664717348928;0.023641438187489743;0.6193181818181818;0.3;0.4722222222222222;0.25;0.3489208633093525;0.2724867724867725
2018-10-31 09:00:00;0.4773043720412141;0.03310895857275763;0.625;0.7;0.4722222222222222;0.25;0.35251798561151076;0.30158730158730157
2018-10-31 10:00:00;0.39747516940499394;0.05144201827833416;0.6264204545454546;1.0;0.4444444444444444;0.3333333333333333;0.381294964028777;0.35185185185185186
2018-10-31 11:00:00;0.3601596584052725;0.07196410003830789;0.6235795454545454;1.0;0.3888888888888889;0.25;0.36330935251798563;0.3862433862433862
2018-10-31 12:00:00;0.36220180079829206;0.09932687571827285;0.6193181818181818;1.0;0.3611111111111111;0.25;0.3776978417266187;0.4021164021164021
2018-10-31 13:00:00;0.34178037686809615;0.12384392272752148;0.6178977272727273;0.8;0.3888888888888889;0.4166666666666667;0.35251798561151076;0.3862433862433862
2018-10-31 14:00:00;0.3173674928060893;0.14020686258414053;0.6122159090909091;0.8;0.3055555555555556;0.3333333333333333;0.37410071942446044;0.3835978835978836
2018-10-31 15:00:00;0.41548315232525757;0.11131177146609753;0.6122159090909091;0.7;0.3611111111111111;0.3333333333333333;0.38848920863309355;0.36507936507936506
2018-10-31 16:00:00;0.4605031096259166;0.06873529250807203;0.6107954545454546;0.0;0.3611111111111111;0.3333333333333333;0.3920863309352518;0.3544973544973545
2018-10-31 17:00:00;0.5160122528543581;0.03206917309691896;0.6107954545454546;0.0;0.3611111111111111;0.3333333333333333;0.4064748201438849;0.35185185185185186
2018-10-31 18:00:00;0.5074723846653671;0.018168883051496748;0.6079545454545454;0.0;0.3888888888888889;0.25;0.4172661870503597;0.3492063492063492
2018-10-31 19:00:00;0.45419103313840153;0.019591747386854923;0.6079545454545454;0.0;0.3888888888888889;0.25;0.42805755395683454;0.3544973544973545
2018-10-31 20:00:00;0.4411955815464587;0.017293274229737865;0.6065340909090909;0.0;0.3888888888888889;0.25;0.420863309352518;0.35185185185185186
2018-10-31 21:00:00;0.455583402951824;0.012532151261423959;0.6022727272727273;0.0;0.3611111111111111;0.25;0.420863309352518;0.35185185185185186
2018-10-31 22:00:00;0.4752622296481946;0.01258687681278389;0.5994318181818182;0.0;0.3333333333333333;0.25;0.420863309352518;0.3544973544973545
2018-10-31 23:00:00;0.43534762833008445;0.016636567613418706;0.5951704545454546;0.0;0.3611111111111111;0.25;0.4172661870503597;0.36243386243386244
2018-11-01 00:00:00;0.437946718648473;0.018168883051496748;0.5894886363636364;0.0;0.3611111111111111;0.25;0.4028776978417266;0.36507936507936506
2018-11-01 01:00:00;0.44388749651907544;0.01220379795326438;0.578125;0.0;0.3611111111111111;0.25;0.3920863309352518;0.36772486772486773
2018-11-01 02:00:00;0.4101921470342523;0.019208668527335417;0.5681818181818182;0.0;0.3611111111111111;0.3333333333333333;0.38489208633093525;0.37037037037037035
2018-11-01 03:00:00;0.29230483616448527;0.06244185410168008;0.5653409090909091;0.0;0.3888888888888889;0.4166666666666667;0.38489208633093525;0.35978835978835977
2018-11-01 04:00:00;0.2641789659333519;0.0739889454386253;0.5625;0.0;0.3888888888888889;0.3333333333333333;0.38489208633093525;0.3412698412698413
2018-11-01 05:00:00;0.2689130232989882;0.06151151972856127;0.5596590909090909;0.0;0.3888888888888889;0.3333333333333333;0.3776978417266187;0.3306878306878307
2018-11-01 06:00:00;0.40035273368606705;0.028785640015323154;0.5667613636363636;0.0;0.3888888888888889;0.3333333333333333;0.381294964028777;0.3333333333333333
2018-11-01 07:00:00;0.49317738791423005;0.014994801072620809;0.5724431818181818;0.0;0.3888888888888889;0.25;0.39928057553956836;0.35185185185185186
2018-11-01 08:00:00;0.47257031467557786;0.016581842062058778;0.5625;0.0;0.3888888888888889;0.25;0.4172661870503597;0.3862433862433862
2018-11-01 09:00:00;0.4554905782975958;0.027308050128605047;0.5596590909090909;0.9;0.4166666666666667;0.25;0.43884892086330934;0.41005291005291006
2018-11-01 10:00:00;0.3907917943005662;0.04766595523449899;0.5596590909090909;0.0;0.4722222222222222;0.25;0.46402877697841727;0.4417989417989418
2018-11-01 11:00:00;0.40248770073331475;0.05872051660920485;0.5497159090909091;0.0;0.4444444444444444;0.25;0.44244604316546765;0.4497354497354497
2018-11-01 12:00:00;0.3771465701290263;0.10397854758386692;0.5482954545454546;0.0;0.4166666666666667;0.25;0.4712230215827338;0.4312169312169312
2018-11-01 13:00:00;0.39636127355425604;0.0847698790565315;0.5482954545454546;0.0;0.3888888888888889;0.25;0.5071942446043165;0.40476190476190477
2018-11-01 14:00:00;0.48900027847396266;0.05034750725113556;0.5525568181818182;0.0;0.4166666666666667;0.25;0.5179856115107914;0.3915343915343915
2018-11-01 15:00:00;0.5027383272997308;0.018223608602856677;0.5497159090909091;0.0;0.4166666666666667;0.25;0.5359712230215827;0.37566137566137564
2018-11-01 16:00:00;0.5086791051703332;0.02123351392765282;0.5525568181818182;0.0;0.4166666666666667;0.3333333333333333;0.539568345323741;0.37037037037037035
2018-11-01 17:00:00;0.4538197345214889;0.054616100257210094;0.5553977272727273;0.0;0.4444444444444444;0.25;0.5431654676258992;0.36772486772486773
2018-11-01 18:00:00;0.4741483337974566;0.05598423904120835;0.5539772727272727;0.0;0.4166666666666667;0.25;0.539568345323741;0.36507936507936506
2018-11-01 19:00:00;0.4080571799870045;0.05401411919225087;0.5568181818181818;0.0;0.4444444444444444;0.25;0.539568345323741;0.37037037037037035
2018-11-01 20:00:00;0.37547572635291937;0.06446669950199749;0.5610795454545454;0.0;0.5;0.25;0.5359712230215827;0.37566137566137564
2018-11-01 21:00:00;0.2777313654506637;0.08345646582389318;0.5653409090909091;0.0;0.5;0.3333333333333333;0.5467625899280576;0.37037037037037035
2018-11-01 22:00:00;0.28005198180636776;0.0809390904613364;0.5667613636363636;0.0;0.5277777777777778;0.3333333333333333;0.5503597122302158;0.37566137566137564
2018-11-01 23:00:00;0.3233082706766917;0.06545175942647623;0.5710227272727273;0.0;0.5277777777777778;0.3333333333333333;0.5503597122302158;0.3835978835978836
2018-11-02 00:00:00;0.19159008632692842;0.1072620806654627;0.5809659090909091;0.0;0.5555555555555556;0.3333333333333333;0.539568345323741;0.38095238095238093
2018-11-02 01:00:00;0.15510999721526036;0.11941115306736716;0.6036931818181818;0.0;0.75;0.3333333333333333;0.5287769784172662;0.36507936507936506
2018-11-02 02:00:00;0.09152510906896871;0.11941115306736716;0.6221590909090909;0.0;0.7222222222222222;0.3333333333333333;0.5143884892086331;0.35714285714285715
2018-11-02 03:00:00;0.08317089018843403;0.29185136540250645;0.640625;0.0;0.6944444444444444;0.25;0.5;0.3439153439153439
2018-11-02 04:00:00;0.0847489093103128;0.27592622995676686;0.6605113636363636;0.0;0.7222222222222222;0.25;0.4784172661870504;0.3333333333333333
2018-11-02 05:00:00;0.12809802283486493;0.2319816122147431;0.6747159090909091;0.0;0.6388888888888888;0.25;0.4784172661870504;0.328042328042328
2018-11-02 06:00:00;0.3071567808409914;0.17654462868713403;0.6946022727272727;0.0;0.6388888888888888;0.25;0.4352517985611511;0.3253968253968254
2018-11-02 07:00:00;0.47869674185463656;0.10556558857330488;0.7144886363636364;0.3;0.6666666666666666;0.25;0.4316546762589928;0.32275132275132273
2018-11-02 08:00:00;0.6061449921099044;0.05275543151097248;0.7258522727272727;0.5;0.6666666666666666;0.25;0.39928057553956836;0.35714285714285715
2018-11-02 09:00:00;0.52046783625731;0.06671044710775462;0.7357954545454546;1.0;0.7222222222222222;0.25;0.37410071942446044;0.3835978835978836
2018-11-02 10:00:00;0.43451220644203103;0.12384392272752148;0.7457386363636364;1.0;0.7222222222222222;0.3333333333333333;0.3057553956834532;0.3862433862433862
2018-11-02 11:00:00;0.25276153346328784;0.23761834400481588;0.7542613636363636;1.0;0.7777777777777778;0.3333333333333333;0.29136690647482016;0.4021164021164021
2018-11-02 12:00:00;0.21451777592128468;0.2651452963388606;0.7627840909090909;1.0;0.7222222222222222;0.3333333333333333;0.2805755395683453;0.38095238095238093
2018-11-02 13:00:00;0.19251833286921008;0.28112515733596016;0.7769886363636364;1.0;0.7222222222222222;0.25;0.29136690647482016;0.3835978835978836
2018-11-02 14:00:00;0.2787524366471735;0.23411590871778035;0.7869318181818182;0.8;0.7222222222222222;0.3333333333333333;0.30935251798561153;0.3835978835978836
2018-11-02 15:00:00;0.40601503759398494;0.2059322497674164;0.796875;0.5;0.75;0.25;0.3129496402877698;0.3386243386243386
2018-11-02 16:00:00;0.5498004269934095;0.14261478684397746;0.8110795454545454;0.0;0.9444444444444444;0.16666666666666666;0.3345323741007194;0.2962962962962963
2018-11-02 17:00:00;0.5127633899563724;0.09675477480435615;0.8224431818181818;0.0;0.8333333333333334;0.08333333333333333;0.30935251798561153;0.2037037037037037
2018-11-02 18:00:00;0.6415111853708345;0.04865101515897773;0.8338068181818182;0.0;0.6944444444444444;0.08333333333333333;0.3057553956834532;0.19047619047619047
2018-11-02 19:00:00;0.6653671215074725;0.020357905105893945;0.8366477272727273;0.0;0.6388888888888888;0.08333333333333333;0.2805755395683453;0.17195767195767195
2018-11-02 20:00:00;0.6850459482038429;0.020193728451814157;0.8423295454545454;0.0;0.5833333333333334;0.08333333333333333;0.2841726618705036;0.1746031746031746
2018-11-02 21:00:00;0.6168198273461432;0.0392929458764297;0.8480113636363636;0.0;0.5;0.08333333333333333;0.27697841726618705;0.1693121693121693
2018-11-02 22:00:00;0.6658312447786132;0.017621627537897446;0.8522727272727273;0.0;0.5555555555555556;0.08333333333333333;0.3381294964028777;0.21428571428571427
2018-11-02 23:00:00;0.6108790494755407;0.013790838942702348;0.8508522727272727;0.0;0.5833333333333334;0.16666666666666666;0.35611510791366907;0.24074074074074073
2018-11-03 00:00:00;0.5798756149633343;0.012258523504624311;0.8508522727272727;0.0;0.4444444444444444;0.08333333333333333;0.3237410071942446;0.2037037037037037
2018-11-03 01:00:00;0.5674371112967604;0.017402725332457725;0.8480113636363636;0.0;0.4444444444444444;0.08333333333333333;0.2589928057553957;0.15079365079365079
2018-11-03 02:00:00;0.48974287570778796;0.017293274229737865;0.8451704545454546;0.0;0.3888888888888889;0.08333333333333333;0.21942446043165467;0.1164021164021164
2018-11-03 03:00:00;0.4435161979021628;0.01428336890494172;0.8494318181818182;0.0;0.4166666666666667;0.16666666666666666;0.20863309352517986;0.1164021164021164
2018-11-03 04:00:00;0.4208669822704911;0.01149236578558529;0.8494318181818182;0.0;0.4722222222222222;0.16666666666666666;0.2158273381294964;0.11375661375661375
2018-11-03 05:00:00;0.4023020514248585;0.011328189131505502;0.8508522727272727;0.0;0.4166666666666667;0.16666666666666666;0.23381294964028776;0.1349206349206349
2018-11-03 06:00:00;0.40601503759398494;0.01160181688830515;0.8551136363636364;0.2;0.4444444444444444;0.16666666666666666;0.24100719424460432;0.1402116402116402
2018-11-03 07:00:00;0.4359974009096816;0.012094346850544523;0.8551136363636364;0.2;0.4166666666666667;0.16666666666666666;0.2589928057553957;0.15343915343915343
2018-11-03 08:00:00;0.4463009375290077;0.01603458654845948;0.8551136363636364;0.2;0.4444444444444444;0.16666666666666666;0.31654676258992803;0.20105820105820105
2018-11-03 09:00:00;0.46662953680497543;0.02194494609533191;0.8522727272727273;0.8;0.4444444444444444;0.16666666666666666;0.3489208633093525;0.26455026455026454
2018-11-03 10:00:00;0.5135988118444258;0.02260165271165107;0.8465909090909091;1.0;0.4722222222222222;0.16666666666666666;0.381294964028777;0.31216931216931215
2018-11-03 11:00:00;0.5221386800334169;0.039730750287309144;0.8366477272727273;1.0;0.4722222222222222;0.25;0.37410071942446044;0.3492063492063492
2018-11-03 12:00:00;0.4864940128098023;0.06610846604279538;0.8252840909090909;0.9;0.5;0.25;0.36330935251798563;0.3544973544973545
2018-11-03 13:00:00;0.4411955815464587;0.09686422590707601;0.8181818181818182;0.7;0.5;0.25;0.3597122302158273;0.35185185185185186
2018-11-03 14:00:00;0.36229462545252017;0.14682865429869205;0.8096590909090909;1.0;0.4444444444444444;0.25;0.3669064748201439;0.3412698412698413
2018-11-03 15:00:00;0.38745010674835234;0.13998796037870082;0.8039772727272727;0.5;0.4166666666666667;0.16666666666666666;0.35251798561151076;0.30423280423280424
2018-11-03 16:00:00;0.46319502459853334;0.08909319761396597;0.7982954545454546;0.0;0.3888888888888889;0.16666666666666666;0.34172661870503596;0.2724867724867725
2018-11-03 17:00:00;0.5918499953587673;0.032671154161878185;0.7911931818181818;0.0;0.3888888888888889;0.16666666666666666;0.3345323741007194;0.2566137566137566
2018-11-03 18:00:00;0.5442309477397197;0.029989602145241618;0.7883522727272727;0.0;0.3888888888888889;0.16666666666666666;0.32014388489208634;0.23015873015873015
2018-11-03 19:00:00;0.5326278659611993;0.027362775679964976;0.78125;0.0;0.3888888888888889;0.16666666666666666;0.30935251798561153;0.21164021164021163
2018-11-03 20:00:00;0.49800426993409447;0.02911399332348274;0.7741477272727273;0.0;0.3888888888888889;0.16666666666666666;0.29856115107913667;0.2037037037037037
2018-11-03 21:00:00;0.4954980042699341;0.02944234663164232;0.7627840909090909;0.0;0.3333333333333333;0.16666666666666666;0.2805755395683453;0.17724867724867724
2018-11-03 22:00:00;0.48584424023020517;0.02325835932797023;0.7528409090909091;0.0;0.3888888888888889;0.16666666666666666;0.21942446043165467;0.12433862433862433
2018-11-03 23:00:00;0.4854729416132925;0.015979860997099547;0.7372159090909091;0.0;0.3611111111111111;0.16666666666666666;0.22302158273381295;0.12698412698412698
2018-11-04 00:00:00;0.4825953773322194;0.013462485634542769;0.7258522727272727;0.0;0.3888888888888889;0.25;0.2697841726618705;0.164021164021164
2018-11-04 01:00:00;0.4745196324143693;0.012367974607344172;0.71875;0.0;0.4166666666666667;0.25;0.26258992805755393;0.17195767195767195
2018-11-04 02:00:00;0.4605031096259166;0.012094346850544523;0.7102272727272727;0.0;0.3888888888888889;0.25;0.2446043165467626;0.15608465608465608
2018-11-04 03:00:00;0.4483430799220273;0.011984895747824662;0.7045454545454546;0.0;0.4166666666666667;0.25;0.23381294964028776;0.15343915343915343
2018-11-04 04:00:00;0.4308920449271326;0.011984895747824662;0.6988636363636364;0.0;0.3888888888888889;0.16666666666666666;0.21942446043165467;0.1349206349206349
2018-11-04 05:00:00;0.42820012995451595;0.01247742571006403;0.6974431818181818;0.0;0.3888888888888889;0.16666666666666666;0.2158273381294964;0.13227513227513227
2018-11-04 06:00:00;0.43005662303907916;0.01231324905598424;0.6946022727272727;0.0;0.3888888888888889;0.16666666666666666;0.2158273381294964;0.12962962962962962
2018-11-04 07:00:00;0.4131625359695535;0.01275105346686368;0.6889204545454546;1.0;0.3611111111111111;0.16666666666666666;0.2697841726618705;0.19576719576719576
2018-11-04 08:00:00;0.39292676134781396;0.021999671646691844;0.6789772727272727;0.2;0.3888888888888889;0.25;0.3057553956834532;0.2222222222222222
2018-11-04 09:00:00;0.380395433027012;0.031412466480599796;0.6747159090909091;0.7;0.3888888888888889;0.25;0.34172661870503596;0.25925925925925924
2018-11-04 10:00:00;0.34252297410192145;0.041865046790346416;0.6704545454545454;1.0;0.4444444444444444;0.25;0.42805755395683454;0.35185185185185186
2018-11-04 11:00:00;0.32516476376125497;0.052317627100093037;0.65625;1.0;0.4166666666666667;0.25;0.4460431654676259;0.3915343915343915
2018-11-04 12:00:00;0.26529286178408984;0.08471515350517157;0.6477272727272727;1.0;0.3611111111111111;0.25;0.46402877697841727;0.41005291005291006
2018-11-04 13:00:00;0.2576812401373805;0.09675477480435615;0.6392045454545454;0.7;0.3611111111111111;0.25;0.46402877697841727;0.4126984126984127
2018-11-04 14:00:00;0.26455026455026454;0.10091391670771083;0.6321022727272727;1.0;0.3611111111111111;0.25;0.4676258992805755;0.41005291005291006
2018-11-04 15:00:00;0.34595748630836354;0.07579488863350299;0.6278409090909091;0.5;0.2777777777777778;0.16666666666666666;0.4460431654676259;0.3386243386243386
2018-11-04 16:00:00;0.38401559454191037;0.07218300224374762;0.6292613636363636;0.0;0.2777777777777778;0.16666666666666666;0.4172661870503597;0.2724867724867725
2018-11-04 17:00:00;0.4665367121507472;0.019372845181415205;0.6264204545454546;0.0;0.2777777777777778;0.25;0.4136690647482014;0.2724867724867725
2018-11-04 18:00:00;0.43247006404901145;0.011984895747824662;0.6221590909090909;0.0;0.2777777777777778;0.25;0.4136690647482014;0.2724867724867725
2018-11-04 19:00:00;0.3957115009746589;0.01318885787774312;0.6193181818181818;0.0;0.2777777777777778;0.25;0.420863309352518;0.2830687830687831
2018-11-04 20:00:00;0.3555184256938643;0.01340776008318284;0.6164772727272727;0.0;0.3055555555555556;0.25;0.41007194244604317;0.2698412698412698
2018-11-04 21:00:00;0.3241436925647452;0.012367974607344172;0.6122159090909091;0.0;0.25;0.16666666666666666;0.4064748201438849;0.25925925925925924
2018-11-04 22:00:00;0.3063213589529379;0.01247742571006403;0.6079545454545454;0.0;0.25;0.16666666666666666;0.39568345323741005;0.25132275132275134
2018-11-04 23:00:00;0.2839506172839506;0.011984895747824662;0.6022727272727273;0.0;0.2222222222222222;0.16666666666666666;0.42805755395683454;0.2751322751322751
2018-11-05 00:00:00;0.2603731551099972;0.011164012477425711;0.59375;0.0;0.25;0.16666666666666666;0.39928057553956836;0.2566137566137566
2018-11-05 01:00:00;0.23930195860020423;0.010507305861106552;0.5909090909090909;0.0;0.2222222222222222;0.16666666666666666;0.3920863309352518;0.25132275132275134
2018-11-05 02:00:00;0.23623874501067485;0.01247742571006403;0.5823863636363636;0.0;0.2222222222222222;0.16666666666666666;0.38848920863309355;0.24867724867724866
2018-11-05 03:00:00;0.1993873572820941;0.017074372024298148;0.578125;0.0;0.2222222222222222;0.25;0.3920863309352518;0.24867724867724866
2018-11-05 04:00:00;0.172561032210155;0.021835494992612052;0.5752840909090909;0.0;0.25;0.25;0.38848920863309355;0.24603174603174602
2018-11-05 05:00:00;0.190197716513506;0.019263394078695345;0.5738636363636364;0.0;0.2777777777777778;0.16666666666666666;0.39928057553956836;0.25396825396825395
2018-11-05 06:00:00;0.25925925925925924;0.012696327915503751;0.5724431818181818;0.0;0.25;0.25;0.4244604316546763;0.2804232804232804
2018-11-05 07:00:00;0.25619604566972987;0.011109286926065783;0.578125;0.0;0.2777777777777778;0.25;0.4352517985611511;0.2857142857142857
2018-11-05 08:00:00;0.2583310127169776;0.01373611339134242;0.578125;0.0;0.2222222222222222;0.25;0.460431654676259;0.31216931216931215
2018-11-05 09:00:00;0.21609579504316348;0.019920100695014504;0.5696022727272727;0.6;0.2222222222222222;0.25;0.5;0.3544973544973545
2018-11-05 10:00:00;0.16058665181472198;0.037596453784271885;0.5625;1.0;0.2222222222222222;0.3333333333333333;0.5035971223021583;0.38095238095238093
2018-11-05 11:00:00;0.15037593984962405;0.05089476276473486;0.5539772727272727;0.8;0.2222222222222222;0.3333333333333333;0.5143884892086331;0.3888888888888889
2018-11-05 12:00:00;0.16801262415297505;0.05467082580857002;0.5454545454545454;0.0;0.2222222222222222;0.25;0.5179856115107914;0.38095238095238093
2018-11-05 13:00:00;0.18277174417525296;0.038143709297871184;0.5454545454545454;0.0;0.3611111111111111;0.3333333333333333;0.5035971223021583;0.37566137566137564
2018-11-05 14:00:00;0.20746310219994432;0.02905926777212281;0.5397727272727273;0.0;0.25;0.3333333333333333;0.5035971223021583;0.37566137566137564
2018-11-05 15:00:00;0.2947182771744175;0.02457177256060855;0.5355113636363636;0.0;0.2222222222222222;0.25;0.5035971223021583;0.373015873015873
2018-11-05 16:00:00;0.28896314861227146;0.01581568434301976;0.5340909090909091;0.0;0.2222222222222222;0.25;0.49640287769784175;0.35714285714285715
2018-11-05 17:00:00;0.27903091060985796;0.010780933617906201;0.5340909090909091;0.0;0.25;0.25;0.4784172661870504;0.3306878306878307
2018-11-05 18:00:00;0.265385686438318;0.010507305861106552;0.5326704545454546;0.0;0.25;0.16666666666666666;0.4460431654676259;0.291005291005291
2018-11-05 19:00:00;0.2719762368885176;0.010726208066546273;0.5298295454545454;0.0;0.3333333333333333;0.16666666666666666;0.4316546762589928;0.2804232804232804
2018-11-05 20:00:00;0.25201893622946253;0.01149236578558529;0.5284090909090909;0.0;0.3888888888888889;0.08333333333333333;0.38489208633093525;0.24074074074074073
2018-11-05 21:00:00;0.3021442495126706;0.011547091336945222;0.5241477272727273;0.0;0.3611111111111111;0.16666666666666666;0.4172661870503597;0.2698412698412698
2018-11-05 22:00:00;0.2733686067019401;0.01149236578558529;0.5213068181818182;0.0;0.3888888888888889;0.16666666666666666;0.4136690647482014;0.25925925925925924
2018-11-05 23:00:00;0.2578668894458368;0.011218738028785643;0.5227272727272727;0.0;0.4444444444444444;0.16666666666666666;0.4460431654676259;0.291005291005291
2018-11-06 00:00:00;0.2415297503016801;0.010780933617906201;0.5198863636363636;0.0;0.4444444444444444;0.16666666666666666;0.44964028776978415;0.29365079365079366
2018-11-06 01:00:00;0.23419660261765524;0.010562031412466482;0.5142045454545454;0.0;0.3611111111111111;0.16666666666666666;0.43884892086330934;0.2857142857142857
2018-11-06 02:00:00;0.20402858999350226;0.010562031412466482;0.5113636363636364;0.0;0.3888888888888889;0.16666666666666666;0.46402877697841727;0.31216931216931215
2018-11-06 03:00:00;0.22704910424208669;0.010233678104306901;0.5127840909090909;0.0;0.3888888888888889;0.25;0.460431654676259;0.3148148148148148
2018-11-06 04:00:00;0.2355889724310777;0.010397854758386692;0.5127840909090909;0.0;0.4166666666666667;0.25;0.46402877697841727;0.328042328042328
2018-11-06 05:00:00;0.2320616355704075;0.010562031412466482;0.5170454545454546;0.0;0.4444444444444444;0.25;0.4568345323741007;0.328042328042328
2018-11-06 06:00:00;0.2833936693585816;0.010562031412466482;0.5213068181818182;0.0;0.4166666666666667;0.25;0.4460431654676259;0.3253968253968254
2018-11-06 07:00:00;0.3442866425322566;0.01094511027198599;0.5198863636363636;0.0;0.4166666666666667;0.3333333333333333;0.46402877697841727;0.35714285714285715
2018-11-06 08:00:00;0.3585816392833937;0.012805779018223612;0.5198863636363636;0.2;0.4166666666666667;0.3333333333333333;0.5035971223021583;0.42857142857142855
2018-11-06 09:00:00;0.37334075930567157;0.0178952552946971;0.5184659090909091;1.0;0.4444444444444444;0.3333333333333333;0.5071942446043165;0.48148148148148145
2018-11-06 10:00:00;0.3732479346514434;0.033437311880917205;0.5184659090909091;1.0;0.4444444444444444;0.3333333333333333;0.5359712230215827;0.5582010582010583
2018-11-06 11:00:00;0.3549614777684953;0.06545175942647623;0.5113636363636364;1.0;0.3888888888888889;0.3333333333333333;0.539568345323741;0.58994708994709
2018-11-06 12:00:00;0.384386893158823;0.0975756580747551;0.5071022727272727;1.0;0.3888888888888889;0.25;0.5611510791366906;0.5846560846560847
2018-11-06 13:00:00;0.39134874222593524;0.10912274941170032;0.5;0.7;0.3611111111111111;0.3333333333333333;0.5359712230215827;0.5793650793650794
2018-11-06 14:00:00;0.46022463566323213;0.08646637114868932;0.5014204545454546;0.5;0.3333333333333333;0.4166666666666667;0.5467625899280576;0.5555555555555556
2018-11-06 15:00:00;0.5244592963891209;0.05757128003064632;0.5028409090909091;0.5;0.3888888888888889;0.3333333333333333;0.5323741007194245;0.5238095238095238
2018-11-06 16:00:00;0.5653949689037409;0.024188693701089038;0.5085227272727273;0.0;0.4166666666666667;0.25;0.5287769784172662;0.49206349206349204
2018-11-06 17:00:00;0.5660447414833379;0.013353034531822912;0.5127840909090909;0.0;0.4166666666666667;0.25;0.5323741007194245;0.4603174603174603
2018-11-06 18:00:00;0.5739348370927317;0.011984895747824662;0.5142045454545454;0.0;0.3611111111111111;0.25;0.5323741007194245;0.4470899470899471
2018-11-06 19:00:00;0.5092360530957022;0.011109286926065783;0.5170454545454546;0.0;0.3888888888888889;0.25;0.5359712230215827;0.43386243386243384
2018-11-06 20:00:00;0.4915065441381231;0.011765993542384941;0.5184659090909091;0.0;0.4166666666666667;0.16666666666666666;0.5467625899280576;0.4365079365079365
2018-11-06 21:00:00;0.48175995544416594;0.011437640234225362;0.5184659090909091;0.0;0.4166666666666667;0.16666666666666666;0.5467625899280576;0.42328042328042326
2018-11-06 22:00:00;0.4503852223150469;0.011765993542384941;0.515625;0.0;0.4166666666666667;0.16666666666666666;0.539568345323741;0.41798941798941797
2018-11-06 23:00:00;0.44286642532256565;0.011109286926065783;0.5213068181818182;0.0;0.4444444444444444;0.25;0.5359712230215827;0.41798941798941797
2018-11-07 00:00:00;0.41260558804418457;0.011109286926065783;0.5241477272727273;0.0;0.4722222222222222;0.25;0.5215827338129496;0.40476190476190477
2018-11-07 01:00:00;0.38596491228070173;0.023094182673890445;0.5241477272727273;0.0;0.4444444444444444;0.25;0.49280575539568344;0.373015873015873
2018-11-07 02:00:00;0.3135616819827346;0.05718820117112681;0.515625;0.0;0.3888888888888889;0.25;0.4712230215827338;0.36243386243386244
2018-11-07 03:00:00;0.22751322751322753;0.09544136157171784;0.5113636363636364;0.0;0.3888888888888889;0.25;0.4568345323741007;0.35978835978835977
2018-11-07 04:00:00;0.17729508957579135;0.12231160728944343;0.5113636363636364;0.0;0.4166666666666667;0.25;0.4460431654676259;0.3412698412698413
2018-11-07 05:00:00;0.15891580803861505;0.14825151863405026;0.5113636363636364;0.0;0.4166666666666667;0.3333333333333333;0.44244604316546765;0.34656084656084657
2018-11-07 06:00:00;0.31913116123642443;0.09505828271219834;0.5113636363636364;0.0;0.3888888888888889;0.3333333333333333;0.44964028776978415;0.35714285714285715
2018-11-07 07:00:00;0.4217024041585445;0.06386471843703825;0.5113636363636364;0.7;0.4166666666666667;0.4166666666666667;0.460431654676259;0.37566137566137564
2018-11-07 08:00:00;0.3812308549150654;0.07781973403382039;0.5142045454545454;0.0;0.4444444444444444;0.4166666666666667;0.4676258992805755;0.3915343915343915
2018-11-07 09:00:00;0.31263343544045297;0.11683905215345045;0.5142045454545454;0.8;0.4166666666666667;0.4166666666666667;0.49280575539568344;0.4444444444444444
2018-11-07 10:00:00;0.2896129211918686;0.1395501559678214;0.5113636363636364;0.2;0.4166666666666667;0.4166666666666667;0.48201438848920863;0.4497354497354497
2018-11-07 11:00:00;0.28385779262972244;0.15169922836972582;0.5127840909090909;0.2;0.4166666666666667;0.4166666666666667;0.4856115107913669;0.455026455026455
2018-11-07 12:00:00;0.28209412419938734;0.1622065342308324;0.5142045454545454;0.0;0.4722222222222222;0.4166666666666667;0.460431654676259;0.4708994708994709
2018-11-07 13:00:00;0.25025526779912743;0.1956985716631095;0.5227272727272727;0.0;0.4722222222222222;0.4166666666666667;0.5143884892086331;0.42857142857142855
2018-11-07 14:00:00;0.28153717627401836;0.1641219285284299;0.53125;0.0;0.4722222222222222;0.4166666666666667;0.5287769784172662;0.41534391534391535
2018-11-07 15:00:00;0.37668244685788543;0.11820719093744869;0.5269886363636364;0.0;0.4444444444444444;0.4166666666666667;0.5431654676258992;0.4021164021164021
2018-11-07 16:00:00;0.37148426622110836;0.1035954687243474;0.5454545454545454;0.0;0.4722222222222222;0.4166666666666667;0.5467625899280576;0.41798941798941797
2018-11-07 17:00:00;0.31811009003991464;0.13883872380014228;0.5539772727272727;0.0;0.5;0.5;0.5503597122302158;0.41534391534391535
2018-11-07 18:00:00;0.25183328692100626;0.161714004268593;0.5568181818181818;0.0;0.5;0.4166666666666667;0.5431654676258992;0.41534391534391535
2018-11-07 19:00:00;0.2217580989510814;0.16538061620970831;0.5667613636363636;0.0;0.4722222222222222;0.4166666666666667;0.5323741007194245;0.41005291005291006
2018-11-07 20:00:00;0.21331105541631856;0.16379357522027035;0.5795454545454546;0.0;0.5;0.4166666666666667;0.5251798561151079;0.3968253968253968
2018-11-07 21:00:00;0.16829109811565954;0.1646144584906693;0.5894886363636364;0.0;0.4722222222222222;0.3333333333333333;0.5143884892086331;0.3835978835978836
2018-11-07 22:00:00;0.17803768680961662;0.1605647676900345;0.5980113636363636;0.0;0.4722222222222222;0.3333333333333333;0.5071942446043165;0.373015873015873
2018-11-07 23:00:00;0.16300009282465425;0.17971871066601;0.6079545454545454;0.0;0.4722222222222222;0.25;0.5;0.36243386243386244
2018-11-08 00:00:00;0.13635941706117144;0.167186559404586;0.6178977272727273;0.0;0.4722222222222222;0.3333333333333333;0.49280575539568344;0.36243386243386244
2018-11-08 01:00:00;0.11723753829016985;0.16746018716138564;0.625;0.0;0.5277777777777778;0.25;0.49640287769784175;0.373015873015873
2018-11-08 02:00:00;0.11872273275782047;0.17807694412521208;0.6349431818181818;0.0;0.5277777777777778;0.3333333333333333;0.4892086330935252;0.36243386243386244
2018-11-08 03:00:00;0.0960735171261487;0.18885787774311827;0.6505681818181818;0.0;0.5555555555555556;0.3333333333333333;0.5071942446043165;0.37566137566137564
2018-11-08 04:00:00;0.11296760419567436;0.17293274229737865;0.6661931818181818;0.0;0.5833333333333334;0.3333333333333333;0.4892086330935252;0.373015873015873
2018-11-08 05:00:00;0.12828367214332126;0.1825097137853664;0.6832386363636364;0.0;0.6111111111111112;0.3333333333333333;0.4676258992805755;0.35978835978835977
2018-11-08 06:00:00;0.22658498097094587;0.16762436381546544;0.6988636363636364;0.0;0.6111111111111112;0.3333333333333333;0.460431654676259;0.3492063492063492
2018-11-08 07:00:00;0.36758563074352546;0.1269632791550375;0.7116477272727273;0.5;0.5555555555555556;0.25;0.46402877697841727;0.35185185185185186
2018-11-08 08:00:00;0.45846096723289703;0.09308816286324084;0.7244318181818182;1.0;0.5555555555555556;0.25;0.4784172661870504;0.373015873015873
2018-11-08 09:00:00;0.4226306507008261;0.10157062332402998;0.7315340909090909;1.0;0.5555555555555556;0.3333333333333333;0.4712230215827338;0.3915343915343915
2018-11-08 10:00:00;0.3699990717534577;0.12543096371695944;0.7357954545454546;1.0;0.5555555555555556;0.25;0.4712230215827338;0.42857142857142855
2018-11-08 11:00:00;0.39831059129304747;0.1425053357412576;0.7357954545454546;1.0;0.4722222222222222;0.25;0.4892086330935252;0.4497354497354497
2018-11-08 12:00:00;0.3887496519075467;0.16182345537131287;0.7315340909090909;1.0;0.5;0.25;0.4676258992805755;0.455026455026455
2018-11-08 13:00:00;0.3296203471642068;0.185957423521042;0.7286931818181818;1.0;0.4722222222222222;0.3333333333333333;0.44244604316546765;0.4523809523809524
2018-11-08 14:00:00;0.3785389399424487;0.17528594100585565;0.7258522727272727;1.0;0.4722222222222222;0.25;0.4244604316546763;0.4365079365079365
2018-11-08 15:00:00;0.4411955815464587;0.14792316532589064;0.7244318181818182;0.3;0.3888888888888889;0.16666666666666666;0.4352517985611511;0.3835978835978836
2018-11-08 16:00:00;0.6393762183235867;0.06632736824823511;0.7244318181818182;0.0;0.3333333333333333;0.16666666666666666;0.41007194244604317;0.31216931216931215
2018-11-08 17:00:00;0.6611900120672051;0.030536857658840916;0.7215909090909091;0.0;0.2777777777777778;0.16666666666666666;0.3920863309352518;0.2698412698412698
2018-11-08 18:00:00;0.6649029982363315;0.01472117331582116;0.71875;0.0;0.2777777777777778;0.16666666666666666;0.3669064748201439;0.24338624338624337
2018-11-08 19:00:00;0.6075373619233269;0.014338094456301648;0.7144886363636364;0.0;0.3333333333333333;0.25;0.3669064748201439;0.2328042328042328
2018-11-08 20:00:00;0.5860948667966212;0.016362939856619057;0.7088068181818182;0.0;0.2777777777777778;0.16666666666666666;0.3381294964028777;0.21957671957671956
2018-11-08 21:00:00;0.5867446393762183;0.021178788376292893;0.7017045454545454;0.0;0.2222222222222222;0.16666666666666666;0.33093525179856115;0.21693121693121692
2018-11-08 22:00:00;0.5451591942820013;0.029387621080282388;0.6889204545454546;0.0;0.25;0.25;0.3237410071942446;0.25396825396825395
2018-11-08 23:00:00;0.3888424765617748;0.10578449077874459;0.6803977272727273;0.0;0.25;0.25;0.3345323741007194;0.25925925925925924
2018-11-09 00:00:00;0.17218973359324236;0.1768729819952936;0.6690340909090909;0.0;0.25;0.25;0.34532374100719426;0.25925925925925924
2018-11-09 01:00:00;0.16253596955351343;0.16707710830186615;0.6590909090909091;0.0;0.25;0.25;0.35611510791366907;0.25925925925925924
2018-11-09 02:00:00;0.15548129583217302;0.15246538608876484;0.6477272727272727;0.0;0.25;0.25;0.38848920863309355;0.2857142857142857
2018-11-09 03:00:00;0.1666202543395526;0.13599299512942592;0.640625;0.0;0.2777777777777778;0.25;0.4064748201438849;0.29894179894179895
2018-11-09 04:00:00;0.17358210340666483;0.12165490067312429;0.6349431818181818;0.0;0.2777777777777778;0.25;0.4136690647482014;0.30158730158730157
2018-11-09 05:00:00;0.2004084284786039;0.09812291358835441;0.6335227272727273;0.0;0.3333333333333333;0.16666666666666666;0.4136690647482014;0.2962962962962963
2018-11-09 06:00:00;0.371855564838021;0.03431292070267608;0.6335227272727273;0.0;0.3888888888888889;0.16666666666666666;0.4352517985611511;0.30687830687830686
2018-11-09 07:00:00;0.4885361552028219;0.011984895747824662;0.6264204545454546;0.7;0.4166666666666667;0.25;0.44964028776978415;0.3253968253968254
2018-11-09 08:00:00;0.41000649772579595;0.017183823127018008;0.6207386363636364;0.5;0.4166666666666667;0.25;0.44964028776978415;0.3386243386243386
2018-11-09 09:00:00;0.399795785760698;0.02271110381437093;0.6193181818181818;0.2;0.4444444444444444;0.25;0.4712230215827338;0.35185185185185186
2018-11-09 10:00:00;0.35691079550728677;0.027800580090844417;0.609375;0.6;0.4166666666666667;0.25;0.4856115107913669;0.38095238095238093
2018-11-09 11:00:00;0.4030446486586837;0.037651179335631814;0.6036931818181818;0.5;0.4166666666666667;0.25;0.49280575539568344;0.3888888888888889
2018-11-09 12:00:00;0.41279123735264084;0.05001915394297598;0.5923295454545454;0.0;0.4166666666666667;0.3333333333333333;0.49280575539568344;0.3915343915343915
2018-11-09 13:00:00;0.38902812587023117;0.043123734471624806;0.5852272727272727;0.0;0.4166666666666667;0.25;0.5;0.3888888888888889
2018-11-09 14:00:00;0.42457996843961754;0.042850106714825156;0.5823863636363636;0.2;0.4166666666666667;0.25;0.5;0.3915343915343915
2018-11-09 15:00:00;0.47099229555369904;0.031959721994199095;0.5767045454545454;0.3;0.3888888888888889;0.25;0.4892086330935252;0.3835978835978836
2018-11-09 16:00:00;0.4978186206256382;0.021397690581732614;0.5681818181818182;0.0;0.3888888888888889;0.25;0.48201438848920863;0.36243386243386244
2018-11-09 17:00:00;0.49726167270026916;0.021397690581732614;0.5568181818181818;0.0;0.3888888888888889;0.25;0.4748201438848921;0.35714285714285715
2018-11-09 18:00:00;0.47869674185463656;0.013243583429103051;0.5511363636363636;0.0;0.4166666666666667;0.25;0.4676258992805755;0.3492063492063492
2018-11-09 19:00:00;0.42402302051424856;0.01286050456958354;0.5426136363636364;0.0;0.4166666666666667;0.3333333333333333;0.4676258992805755;0.35714285714285715
2018-11-09 20:00:00;0.4034159472755964;0.014830624418541017;0.53125;0.0;0.4166666666666667;0.3333333333333333;0.4676258992805755;0.35978835978835977
2018-11-09 21:00:00;0.4005383829945233;0.021124062824932965;0.5170454545454546;0.0;0.4166666666666667;0.3333333333333333;0.48201438848920863;0.35978835978835977
2018-11-09 22:00:00;0.3723196881091618;0.03179554534011931;0.5042613636363636;0.0;0.3888888888888889;0.3333333333333333;0.4856115107913669;0.3544973544973545
2018-11-09 23:00:00;0.3433583959899749;0.043670989985224104;0.4943181818181818;0.0;0.4166666666666667;0.3333333333333333;0.5;0.36772486772486773
2018-11-10 00:00:00;0.26325071939107025;0.06216822634488044;0.4815340909090909;0.0;0.4166666666666667;0.3333333333333333;0.5143884892086331;0.3835978835978836
2018-11-10 01:00:00;0.2165599183143043;0.08433207464565207;0.4630681818181818;0.0;0.4166666666666667;0.4166666666666667;0.5179856115107914;0.3994708994708995
2018-11-10 02:00:00;0.15455304928989141;0.08433207464565207;0.44886363636363635;0.0;0.4166666666666667;0.5;0.5179856115107914;0.4074074074074074
2018-11-10 03:00:00;0.10888331940963518;0.15760958791659826;0.4346590909090909;0.0;0.4166666666666667;0.5;0.5323741007194245;0.40476190476190477
2018-11-10 04:00:00;0.0885547201336675;0.17424615553001696;0.4247159090909091;0.0;0.4444444444444444;0.5;0.5503597122302158;0.41005291005291006
2018-11-10 05:00:00;0.08939014202172095;0.1730421934000985;0.4289772727272727;0.0;0.5;0.5;0.579136690647482;0.4021164021164021
2018-11-10 06:00:00;0.09087533648937157;0.19088272314343566;0.43323863636363635;0.0;0.5;0.5;0.579136690647482;0.4074074074074074
2018-11-10 07:00:00;0.0879977722082985;0.2060964264214962;0.4403409090909091;0.0;0.5277777777777778;0.5833333333333334;0.579136690647482;0.41005291005291006
2018-11-10 08:00:00;0.1151025712429221;0.20472828763749795;0.4502840909090909;0.0;0.5277777777777778;0.5;0.5755395683453237;0.42063492063492064
2018-11-10 09:00:00;0.15297503016801262;0.19159415531111476;0.453125;0.0;0.5277777777777778;0.5;0.579136690647482;0.4417989417989418
2018-11-10 10:00:00;0.18017265385686437;0.1852459913533629;0.45454545454545453;0.1;0.5277777777777778;0.5;0.5755395683453237;0.4523809523809524
2018-11-10 11:00:00;0.1768309663046505;0.1839873036720845;0.4502840909090909;0.0;0.4722222222222222;0.4166666666666667;0.5755395683453237;0.4470899470899471
2018-11-10 12:00:00;0.20245057087162352;0.18081322169320857;0.4474431818181818;0.0;0.4444444444444444;0.4166666666666667;0.579136690647482;0.4417989417989418
2018-11-10 13:00:00;0.1891766453169962;0.17572374541673508;0.4460227272727273;0.0;0.4722222222222222;0.3333333333333333;0.5971223021582733;0.42857142857142855
2018-11-10 14:00:00;0.2416225749559083;0.15334099491052372;0.4403409090909091;0.0;0.4444444444444444;0.25;0.6115107913669064;0.41798941798941797
2018-11-10 15:00:00;0.2603731551099972;0.12630657253871833;0.4403409090909091;0.0;0.4444444444444444;0.3333333333333333;0.6007194244604317;0.41798941798941797
2018-11-10 16:00:00;0.2470992295553699;0.12740108356591692;0.4403409090909091;0.0;0.5;0.3333333333333333;0.5971223021582733;0.42063492063492064
2018-11-10 17:00:00;0.22760605216745566;0.13944070486510152;0.4460227272727273;0.0;0.5;0.4166666666666667;0.5863309352517986;0.42328042328042326
2018-11-10 18:00:00;0.2375382901698691;0.13801784052974334;0.4474431818181818;0.0;0.5;0.3333333333333333;0.579136690647482;0.4074074074074074
2018-11-10 19:00:00;0.24774900213496706;0.12833141793903574;0.45170454545454547;0.0;0.5;0.3333333333333333;0.5719424460431655;0.4021164021164021
2018-11-10 20:00:00;0.28237259816207183;0.10753570842226236;0.45738636363636365;0.0;0.5;0.25;0.539568345323741;0.3835978835978836
2018-11-10 21:00:00;0.23178316160772303;0.1203962129918459;0.4588068181818182;0.0;0.4722222222222222;0.25;0.5179856115107914;0.36507936507936506
2018-11-10 22:00:00;0.20412141464773045;0.17402725332457725;0.4588068181818182;0.0;0.4444444444444444;0.25;0.5215827338129496;0.3544973544973545
2018-11-10 23:00:00;0.21618861969739164;0.16773381491818531;0.45454545454545453;0.0;0.4722222222222222;0.25;0.539568345323741;0.36507936507936506
2018-11-11 00:00:00;0.17850181008075744;0.14589831992557326;0.45170454545454547;0.0;0.4722222222222222;0.25;0.564748201438849;0.3968253968253968
2018-11-11 01:00:00;0.13441009932238002;0.16970393476714277;0.45170454545454547;0.0;0.4722222222222222;0.3333333333333333;0.5575539568345323;0.4126984126984127
2018-11-11 02:00:00;0.08205699433769609;0.19980298801510427;0.44886363636363635;0.0;0.5;0.4166666666666667;0.5503597122302158;0.41798941798941797
2018-11-11 03:00:00;0.06451313468857328;0.22240464072675534;0.44886363636363635;0.0;0.4722222222222222;0.4166666666666667;0.5539568345323741;0.41005291005291006
2018-11-11 04:00:00;0.054766545994616174;0.22749411700322883;0.4502840909090909;0.0;0.5;0.4166666666666667;0.5575539568345323;0.4021164021164021
2018-11-11 05:00:00;0.05885083078065534;0.2258523504624309;0.45454545454545453;0.0;0.5;0.3333333333333333;0.564748201438849;0.3888888888888889
2018-11-11 06:00:00;0.07732293697205977;0.22388223061347343;0.4602272727272727;0.0;0.5;0.4166666666666667;0.5611510791366906;0.3888888888888889
2018-11-11 07:00:00;0.07138215910145734;0.22240464072675534;0.46732954545454547;0.0;0.5;0.4166666666666667;0.5575539568345323;0.3941798941798942
2018-11-11 08:00:00;0.11120393576533925;0.21135007935204947;0.4758522727272727;0.0;0.5;0.4166666666666667;0.5467625899280576;0.41534391534391535
2018-11-11 09:00:00;0.11974380395433025;0.2102555683248509;0.4815340909090909;0.0;0.5277777777777778;0.5;0.539568345323741;0.42857142857142855
2018-11-11 10:00:00;0.1228998421980878;0.21550922125540414;0.4900568181818182;0.0;0.5277777777777778;0.4166666666666667;0.5431654676258992;0.4497354497354497
2018-11-11 11:00:00;0.13376032674278288;0.2214195808022766;0.4971590909090909;0.0;0.5555555555555556;0.5;0.5323741007194245;0.4497354497354497
2018-11-11 12:00:00;0.12800519818063677;0.22355387730531387;0.4971590909090909;0.0;0.5277777777777778;0.4166666666666667;0.539568345323741;0.455026455026455
2018-11-11 13:00:00;0.1447136359417061;0.20872325288677285;0.5042613636363636;0.0;0.5555555555555556;0.4166666666666667;0.5503597122302158;0.4523809523809524
2018-11-11 14:00:00;0.1598440545808967;0.19974826246374433;0.5113636363636364;0.2;0.5555555555555556;0.4166666666666667;0.5359712230215827;0.4417989417989418
2018-11-11 15:00:00;0.1657848324514991;0.2100913916707711;0.5198863636363636;0.2;0.5277777777777778;0.3333333333333333;0.539568345323741;0.42857142857142855
2018-11-11 16:00:00;0.18425693864290357;0.20505664094565754;0.5269886363636364;0.0;0.5277777777777778;0.3333333333333333;0.5503597122302158;0.42063492063492064
2018-11-11 17:00:00;0.2125684581824933;0.17785804191977236;0.5411931818181818;0.0;0.5555555555555556;0.3333333333333333;0.539568345323741;0.41005291005291006
2018-11-11 18:00:00;0.18657755499860765;0.1790072784983309;0.5511363636363636;0.0;0.5555555555555556;0.25;0.5359712230215827;0.3994708994708995
2018-11-11 19:00:00;0.2433862433862434;0.14239588463853775;0.5596590909090909;0.0;0.5;0.25;0.5179856115107914;0.373015873015873
2018-11-11 20:00:00;0.28784925276153345;0.11169485032561703;0.5710227272727273;0.0;0.5277777777777778;0.25;0.5107913669064749;0.35714285714285715
2018-11-11 21:00:00;0.2709551656920078;0.12099819405680512;0.5809659090909091;0.0;0.5;0.25;0.5143884892086331;0.35185185185185186
2018-11-11 22:00:00;0.2590736099508029;0.11798828873200898;0.5866477272727273;0.0;0.5277777777777778;0.16666666666666666;0.5;0.3333333333333333
2018-11-11 23:00:00;0.2326185834957765;0.11240628249329612;0.59375;0.0;0.4444444444444444;0.16666666666666666;0.5035971223021583;0.3333333333333333
2018-11-12 00:00:00;0.15891580803861505;0.11930170196464729;0.5965909090909091;0.0;0.4166666666666667;0.16666666666666666;0.5;0.328042328042328
2018-11-12 01:00:00;0.16801262415297505;0.11339134241777486;0.5951704545454546;0.0;0.3888888888888889;0.16666666666666666;0.5143884892086331;0.3386243386243386
2018-11-12 02:00:00;0.1843497632971317;0.08690417555956877;0.6036931818181818;0.0;0.4444444444444444;0.16666666666666666;0.5287769784172662;0.35185185185185186
2018-11-12 03:00:00;0.14592035644667223;0.08980462978164505;0.5980113636363636;0.0;0.4166666666666667;0.16666666666666666;0.5359712230215827;0.3544973544973545
2018-11-12 04:00:00;0.13830873479996286;0.08903847206260604;0.5965909090909091;0.0;0.4166666666666667;0.16666666666666666;0.5359712230215827;0.35714285714285715
2018-11-12 05:00:00;0.1613292490485473;0.09850599244787392;0.6008522727272727;0.0;0.4444444444444444;0.16666666666666666;0.5467625899280576;0.36507936507936506
2018-11-12 06:00:00;0.3445651164949411;0.05363104033273136;0.6051136363636364;0.0;0.4444444444444444;0.16666666666666666;0.5539568345323741;0.36772486772486773
2018-11-12 07:00:00;0.4917850181008076;0.02325835932797023;0.6065340909090909;0.0;0.4722222222222222;0.16666666666666666;0.5575539568345323;0.373015873015873
2018-11-12 08:00:00;0.5368049754014665;0.011765993542384941;0.6065340909090909;0.0;0.4722222222222222;0.16666666666666666;0.5683453237410072;0.38095238095238093
2018-11-12 09:00:00;0.5505430242272348;0.01231324905598424;0.609375;0.0;0.5277777777777778;0.08333333333333333;0.5827338129496403;0.3888888888888889
2018-11-12 10:00:00;0.4903926482873851;0.02074098396541345;0.6150568181818182;0.0;0.6111111111111112;0.16666666666666666;0.5719424460431655;0.3888888888888889
2018-11-12 11:00:00;0.4843590457625545;0.048103759645378434;0.6207386363636364;0.0;0.5833333333333334;0.16666666666666666;0.5503597122302158;0.3968253968253968
2018-11-12 12:00:00;0.4488072031931681;0.09341651617140044;0.6136363636363636;0.2;0.5555555555555556;0.16666666666666666;0.5755395683453237;0.41005291005291006
2018-11-12 13:00:00;0.4296853244221665;0.10042138674547145;0.625;0.0;0.6111111111111112;0.25;0.539568345323741;0.4021164021164021
2018-11-12 14:00:00;0.4301494476933074;0.10748098287090244;0.6363636363636364;0.0;0.5833333333333334;0.16666666666666666;0.5611510791366906;0.3994708994708995
2018-11-12 15:00:00;0.5268727373990532;0.07612324194166256;0.6434659090909091;0.0;0.5833333333333334;0.25;0.5431654676258992;0.3888888888888889
2018-11-12 16:00:00;0.5200965376403973;0.05598423904120835;0.6491477272727273;0.0;0.5277777777777778;0.16666666666666666;0.5287769784172662;0.373015873015873
2018-11-12 17:00:00;0.5548129583217303;0.046297816450500746;0.6647727272727273;0.0;0.5555555555555556;0.25;0.5251798561151079;0.36507936507936506
2018-11-12 18:00:00;0.595098858256753;0.026104087998686586;0.671875;0.0;0.5277777777777778;0.25;0.5179856115107914;0.35714285714285715
2018-11-12 19:00:00;0.5908289241622574;0.02161659278717233;0.6732954545454546;0.0;0.4722222222222222;0.25;0.5143884892086331;0.34656084656084657
2018-11-12 20:00:00;0.5526779912744825;0.016964920921578287;0.6775568181818182;0.0;0.5277777777777778;0.3333333333333333;0.5035971223021583;0.35185185185185186
2018-11-12 21:00:00;0.4773043720412141;0.03595468724347398;0.6761363636363636;0.0;0.5277777777777778;0.3333333333333333;0.49280575539568344;0.3544973544973545
2018-11-12 22:00:00;0.31606794764689505;0.09626224484211679;0.6803977272727273;0.0;0.5;0.3333333333333333;0.4856115107913669;0.34656084656084657
2018-11-12 23:00:00;0.29741019214703424;0.10036666119411154;0.6818181818181818;0.0;0.5;0.3333333333333333;0.4784172661870504;0.34656084656084657
2018-11-13 00:00:00;0.2716977629258331;0.10157062332402998;0.6846590909090909;0.0;0.5;0.3333333333333333;0.4748201438848921;0.3439153439153439
2018-11-13 01:00:00;0.20950524459296388;0.13883872380014228;0.6832386363636364;0.0;0.5277777777777778;0.3333333333333333;0.4748201438848921;0.35185185185185186
2018-11-13 02:00:00;0.15603824375754202;0.15629617468395995;0.6832386363636364;0.0;0.5277777777777778;0.3333333333333333;0.4784172661870504;0.3412698412698413
2018-11-13 03:00:00;0.14657012902626937;0.1510972473047666;0.6846590909090909;0.0;0.5555555555555556;0.3333333333333333;0.4892086330935252;0.3492063492063492
2018-11-13 04:00:00;0.15538847117794488;0.13369452197230888;0.6875;0.0;0.5555555555555556;0.3333333333333333;0.4856115107913669;0.3386243386243386
2018-11-13 05:00:00;0.18908382066276802;0.10901329830898046;0.6889204545454546;0.0;0.5555555555555556;0.3333333333333333;0.49280575539568344;0.34656084656084657
2018-11-13 06:00:00;0.30149447693307346;0.07349641547638594;0.6960227272727273;0.0;0.5833333333333334;0.5;0.5;0.35978835978835977
2018-11-13 07:00:00;0.3477211547386986;0.06966562688119084;0.7059659090909091;0.8;0.5833333333333334;0.5833333333333334;0.5;0.3862433862433862
2018-11-13 08:00:00;0.31040564373897706;0.1099983582334592;0.71875;0.0;0.6388888888888888;0.5;0.4712230215827338;0.37566137566137564
2018-11-13 09:00:00;0.2580525387542931;0.17621627537897447;0.7286931818181818;0.7;0.6111111111111112;0.5;0.4712230215827338;0.4021164021164021
2018-11-13 10:00:00;0.24320059407778707;0.2043999343293384;0.7357954545454546;1.0;0.6388888888888888;0.5833333333333334;0.4856115107913669;0.42063492063492064
2018-11-13 11:00:00;0.1872273275782048;0.23832977617249493;0.7457386363636364;0.8;0.6666666666666666;0.5833333333333334;0.49280575539568344;0.41534391534391535
2018-11-13 12:00:00;0.1872273275782048;0.23832977617249493;0.7542613636363636;1.0;0.6388888888888888;0.5;0.5143884892086331;0.4497354497354497
2018-11-13 13:00:00;0.1872273275782048;0.23832977617249493;0.7627840909090909;1.0;0.6666666666666666;0.5;0.49640287769784175;0.4470899470899471
2018-11-13 14:00:00;0.1872273275782048;0.23832977617249493;0.7755681818181818;1.0;0.6666666666666666;0.4166666666666667;0.5071942446043165;0.4365079365079365
2018-11-13 15:00:00;0.1872273275782048;0.23832977617249493;0.7869318181818182;0.2;0.6666666666666666;0.3333333333333333;0.49280575539568344;0.4021164021164021
2018-11-13 16:00:00;0.1872273275782048;0.23832977617249493;0.796875;0.0;0.6388888888888888;0.25;0.4892086330935252;0.3862433862433862
2018-11-13 17:00:00;0.43748259537733225;0.23832977617249493;0.8068181818181818;0.0;0.6111111111111112;0.3333333333333333;0.49280575539568344;0.373015873015873
2018-11-13 18:00:00;0.4691358024691358;0.11169485032561703;0.8110795454545454;0.0;0.5833333333333334;0.25;0.4856115107913669;0.35714285714285715
2018-11-13 19:00:00;0.45604752622296485;0.09035188529524435;0.8167613636363636;0.0;0.6111111111111112;0.3333333333333333;0.49280575539568344;0.3544973544973545
2018-11-13 20:00:00;0.36229462545252017;0.11607289443441142;0.8238636363636364;0.0;0.6111111111111112;0.3333333333333333;0.49280575539568344;0.3544973544973545
2018-11-13 21:00:00;0.345679012345679;0.10950582827121982;0.8295454545454546;0.0;0.6111111111111112;0.25;0.4784172661870504;0.3306878306878307
2018-11-13 22:00:00;0.32219437482595376;0.12061511519728561;0.8323863636363636;0.0;0.5833333333333334;0.25;0.4748201438848921;0.3253968253968254
2018-11-13 23:00:00;0.33537547572635296;0.10917747496306025;0.8338068181818182;0.0;0.5833333333333334;0.25;0.4784172661870504;0.3253968253968254
2018-11-14 00:00:00;0.291005291005291;0.10534668636786516;0.8338068181818182;0.0;0.5833333333333334;0.3333333333333333;0.4784172661870504;0.335978835978836
2018-11-14 01:00:00;0.2515548129583217;0.12378919717616155;0.8323863636363636;0.0;0.5833333333333334;0.25;0.4568345323741007;0.32275132275132273
2018-11-14 02:00:00;0.23484637519725238;0.12378919717616155;0.8238636363636364;0.0;0.5555555555555556;0.25;0.4460431654676259;0.3201058201058201
2018-11-14 03:00:00;0.29425415390327675;0.08942155092212555;0.8153409090909091;0.0;0.4722222222222222;0.16666666666666666;0.4136690647482014;0.2777777777777778
2018-11-14 04:00:00;0.26148705096073516;0.09773983472883489;0.8210227272727273;0.0;0.5555555555555556;0.25;0.4244604316546763;0.291005291005291
2018-11-14 05:00:00;0.2836721433212661;0.08269030810485417;0.8238636363636364;0.0;0.4722222222222222;0.16666666666666666;0.381294964028777;0.24338624338624337
2018-11-14 06:00:00;0.3988675392184164;0.06282493296119959;0.8238636363636364;0.0;0.4166666666666667;0.16666666666666666;0.38848920863309355;0.24603174603174602
2018-11-14 07:00:00;0.5659519168291097;0.01576095879165983;0.8267045454545454;0.5;0.4444444444444444;0.16666666666666666;0.4064748201438849;0.26455026455026454
2018-11-14 08:00:00;0.5517497447322008;0.018442510808296394;0.8267045454545454;1.0;0.4722222222222222;0.25;0.44244604316546765;0.31216931216931215
2018-11-14 09:00:00;0.5822890559732665;0.027308050128605047;0.8323863636363636;1.0;0.5;0.25;0.4784172661870504;0.36772486772486773
2018-11-14 10:00:00;0.42829295460874406;0.051168390521534504;0.8252840909090909;1.0;0.5;0.25;0.49640287769784175;0.3968253968253968
2018-11-14 11:00:00;0.3682354033231226;0.10020248454003174;0.8196022727272727;1.0;0.5277777777777778;0.3333333333333333;0.5071942446043165;0.42063492063492064
2018-11-14 12:00:00;0.34103777963427084;0.11798828873200898;0.8153409090909091;1.0;0.5;0.25;0.5107913669064749;0.43386243386243384
2018-11-14 13:00:00;0.3962684489000278;0.1355551907185465;0.8096590909090909;1.0;0.5;0.3333333333333333;0.5;0.4470899470899471
2018-11-14 14:00:00;0.3050218137937436;0.1684452470858644;0.8082386363636364;1.0;0.4722222222222222;0.25;0.49640287769784175;0.42328042328042326
2018-11-14 15:00:00;0.35635384758191774;0.16072894434411425;0.8053977272727273;0.2;0.4722222222222222;0.16666666666666666;0.4748201438848921;0.3835978835978836
2018-11-14 16:00:00;0.48946440174510353;0.09533191046899797;0.8053977272727273;0.0;0.4444444444444444;0.16666666666666666;0.4460431654676259;0.328042328042328
2018-11-14 17:00:00;0.5261301401652279;0.05527280687352925;0.8039772727272727;0.0;0.3888888888888889;0.16666666666666666;0.4064748201438849;0.2724867724867725
2018-11-14 18:00:00;0.6160772301123179;0.018497236359656322;0.8025568181818182;0.0;0.4166666666666667;0.25;0.4172661870503597;0.29365079365079366
2018-11-14 19:00:00;0.5961199294532628;0.01329830898046298;0.7982954545454546;0.0;0.3888888888888889;0.16666666666666666;0.38489208633093525;0.24603174603174602
2018-11-14 20:00:00;0.5138772858071103;0.016855469818858427;0.796875;0.0;0.3611111111111111;0.16666666666666666;0.34532374100719426;0.20899470899470898
2018-11-14 21:00:00;0.5261301401652279;0.013079406775023259;0.796875;0.0;0.3611111111111111;0.16666666666666666;0.3489208633093525;0.21164021164021163
2018-11-14 22:00:00;0.501717256103221;0.01247742571006403;0.7940340909090909;0.0;0.3888888888888889;0.16666666666666666;0.381294964028777;0.24338624338624337
2018-11-14 23:00:00;0.49002134967047245;0.01247742571006403;0.7954545454545454;0.0;0.3888888888888889;0.25;0.381294964028777;0.24338624338624337
2018-11-15 00:00:00;0.4795321637426901;0.01203962129918459;0.7926136363636364;0.0;0.3888888888888889;0.25;0.36330935251798563;0.23015873015873015
2018-11-15 01:00:00;0.46319502459853334;0.01247742571006403;0.7911931818181818;0.0;0.3888888888888889;0.16666666666666666;0.35251798561151076;0.22486772486772486
2018-11-15 02:00:00;0.4215167548500882;0.012094346850544523;0.7897727272727273;0.0;0.4166666666666667;0.25;0.34532374100719426;0.21693121693121692
2018-11-15 03:00:00;0.38392276988768215;0.012532151261423959;0.7869318181818182;0.0;0.4166666666666667;0.25;0.34532374100719426;0.21693121693121692
2018-11-15 04:00:00;0.3735264086141279;0.012094346850544523;0.7869318181818182;0.0;0.3888888888888889;0.16666666666666666;0.3345323741007194;0.20634920634920634
2018-11-15 05:00:00;0.3648008911166806;0.012094346850544523;0.7911931818181818;0.0;0.3611111111111111;0.16666666666666666;0.3273381294964029;0.20105820105820105
2018-11-15 06:00:00;0.40870695256660167;0.01193017019646473;0.7926136363636364;0.0;0.3611111111111111;0.25;0.3345323741007194;0.21164021164021163
2018-11-15 07:00:00;0.42448714378538943;0.01203962129918459;0.7997159090909091;0.2;0.3611111111111111;0.25;0.35611510791366907;0.22486772486772486
2018-11-15 08:00:00;0.43989603638726443;0.01439282000766158;0.8011363636363636;0.8;0.3888888888888889;0.25;0.39928057553956836;0.2751322751322751
2018-11-15 09:00:00;0.3801169590643275;0.02243747605757128;0.796875;1.0;0.4166666666666667;0.25;0.42805755395683454;0.3306878306878307
2018-11-15 10:00:00;0.4223521767381416;0.03951184808186943;0.7911931818181818;1.0;0.4444444444444444;0.25;0.4316546762589928;0.36507936507936506
2018-11-15 11:00:00;0.4108419196138494;0.056093690143928204;0.7869318181818182;1.0;0.4444444444444444;0.25;0.44964028776978415;0.40476190476190477
2018-11-15 12:00:00;0.43933908846189546;0.06862584140535216;0.78125;1.0;0.4166666666666667;0.25;0.45323741007194246;0.42592592592592593
2018-11-15 13:00:00;0.4637519725239023;0.08334701472117333;0.7826704545454546;1.0;0.3888888888888889;0.25;0.4784172661870504;0.43915343915343913
2018-11-15 14:00:00;0.5175902719762369;0.06271548185847974;0.7826704545454546;1.0;0.3888888888888889;0.16666666666666666;0.4748201438848921;0.41798941798941797
2018-11-15 15:00:00;0.522231504687645;0.03732282602747223;0.7798295454545454;0.2;0.3888888888888889;0.25;0.45323741007194246;0.373015873015873
2018-11-15 16:00:00;0.5629815278938085;0.016362939856619057;0.78125;0.0;0.3333333333333333;0.16666666666666666;0.4316546762589928;0.30952380952380953
2018-11-15 17:00:00;0.5316996194189176;0.0129699556723034;0.7869318181818182;0.0;0.3611111111111111;0.16666666666666666;0.41007194244604317;0.3201058201058201
2018-11-15 18:00:00;0.50227420402859;0.013353034531822912;0.7911931818181818;0.0;0.3888888888888889;0.3333333333333333;0.37410071942446044;0.29894179894179895
2018-11-15 19:00:00;0.45001392369813425;0.01275105346686368;0.7926136363636364;0.0;0.3611111111111111;0.25;0.3489208633093525;0.2698412698412698
2018-11-15 20:00:00;0.42615798756149637;0.01247742571006403;0.796875;0.0;0.3888888888888889;0.25;0.3345323741007194;0.25132275132275134
2018-11-15 21:00:00;0.3894922491413719;0.012367974607344172;0.8011363636363636;0.0;0.3888888888888889;0.25;0.3237410071942446;0.23015873015873015
2018-11-15 22:00:00;0.3641511185370835;0.01203962129918459;0.8053977272727273;0.0;0.3611111111111111;0.25;0.302158273381295;0.20634920634920634
2018-11-15 23:00:00;0.3637798199201708;0.012149072401904451;0.8082386363636364;0.0;0.3611111111111111;0.25;0.28776978417266186;0.18518518518518517
2018-11-16 00:00:00;0.3594170611714471;0.01220379795326438;0.8096590909090909;0.0;0.3888888888888889;0.16666666666666666;0.27697841726618705;0.1693121693121693
2018-11-16 01:00:00;0.3363965469228627;0.011984895747824662;0.8082386363636364;0.0;0.3888888888888889;0.25;0.26618705035971224;0.15873015873015872
2018-11-16 02:00:00;0.3241436925647452;0.01203962129918459;0.8096590909090909;0.0;0.3611111111111111;0.25;0.26258992805755393;0.15608465608465608
2018-11-16 03:00:00;0.31866703796528356;0.012149072401904451;0.8139204545454546;0.0;0.3888888888888889;0.16666666666666666;0.23741007194244604;0.13756613756613756
2018-11-16 04:00:00;0.30539311241065625;0.012258523504624311;0.8181818181818182;0.0;0.3611111111111111;0.16666666666666666;0.23741007194244604;0.13756613756613756
2018-11-16 05:00:00;0.30390791794300565;0.01193017019646473;0.8267045454545454;0.0;0.3611111111111111;0.25;0.2841726618705036;0.164021164021164
2018-11-16 06:00:00;0.3589529379003063;0.012258523504624311;0.8338068181818182;0.0;0.3611111111111111;0.25;0.30935251798561153;0.19047619047619047
2018-11-16 07:00:00;0.36665738420124383;0.0129699556723034;0.8423295454545454;0.0;0.3611111111111111;0.25;0.3273381294964029;0.2037037037037037
2018-11-16 08:00:00;0.4148333797456604;0.01630821430525913;0.84375;0.0;0.3611111111111111;0.3333333333333333;0.3129496402877698;0.1931216931216931
2018-11-16 09:00:00;0.39292676134781396;0.028895091118043018;0.8465909090909091;0.0;0.4166666666666667;0.25;0.31654676258992803;0.19576719576719576
2018-11-16 10:00:00;0.37658962220365727;0.02862146336124337;0.8465909090909091;0.0;0.4444444444444444;0.25;0.33093525179856115;0.20634920634920634
2018-11-16 11:00:00;0.4061078622482131;0.033437311880917205;0.84375;0.0;0.2222222222222222;0.16666666666666666;0.35251798561151076;0.2222222222222222
2018-11-16 12:00:00;0.37891023855936135;0.028895091118043018;0.8409090909090909;0.0;0.2777777777777778;0.16666666666666666;0.3669064748201439;0.24867724867724866
2018-11-16 13:00:00;0.3629443980321173;0.032671154161878185;0.8394886363636364;0.8;0.05555555555555555;0.08333333333333333;0.3669064748201439;0.28835978835978837
2018-11-16 14:00:00;0.3516197902162815;0.03650194275707328;0.8366477272727273;1.0;0.9444444444444444;0.08333333333333333;0.37410071942446044;0.2804232804232804
2018-11-16 15:00:00;0.35626102292768963;0.026158813550046518;0.8394886363636364;0.2;0.1388888888888889;0.08333333333333333;0.33093525179856115;0.21164021164021163
2018-11-16 16:00:00;0.3509700176366843;0.015596782137580038;0.8394886363636364;0.0;0.2222222222222222;0.16666666666666666;0.30935251798561153;0.1931216931216931
2018-11-16 17:00:00;0.40369442123828086;0.016472390959338917;0.8409090909090909;0.0;0.25;0.16666666666666666;0.3057553956834532;0.21428571428571427
2018-11-16 18:00:00;0.4257866889445837;0.016089312099819408;0.84375;0.0;0.19444444444444445;0.16666666666666666;0.3129496402877698;0.2037037037037037
2018-11-16 19:00:00;0.42708623410377794;0.01439282000766158;0.8480113636363636;0.0;0.25;0.16666666666666666;0.28776978417266186;0.18253968253968253
2018-11-16 20:00:00;0.41780376868096164;0.01494007552126088;0.8508522727272727;0.0;0.3055555555555556;0.16666666666666666;0.2733812949640288;0.1693121693121693
2018-11-16 21:00:00;0.4276431820291469;0.01411919225086193;0.8551136363636364;0.0;0.3055555555555556;0.25;0.26618705035971224;0.16666666666666666
2018-11-16 22:00:00;0.38893530121600295;0.01340776008318284;0.8579545454545454;0.0;0.2222222222222222;0.16666666666666666;0.26618705035971224;0.16137566137566137
2018-11-16 23:00:00;0.39088461895479437;0.013243583429103051;0.859375;0.0;0.2777777777777778;0.25;0.2733812949640288;0.1746031746031746
2018-11-17 00:00:00;0.38262322472848787;0.01395501559678214;0.8636363636363636;0.0;0.2777777777777778;0.25;0.26258992805755393;0.17989417989417988
2018-11-17 01:00:00;0.35830316532070916;0.020631532862693595;0.8664772727272727;0.0;0.25;0.25;0.24100719424460432;0.16666666666666666
2018-11-17 02:00:00;0.32544323772393946;0.031248289826520007;0.8678977272727273;0.0;0.25;0.25;0.22302158273381295;0.15079365079365079
2018-11-17 03:00:00;0.2714192889631486;0.0425764789580255;0.8693181818181818;0.0;0.2222222222222222;0.16666666666666666;0.2158273381294964;0.1455026455026455
2018-11-17 04:00:00;0.21693121693121692;0.05751655447928638;0.8707386363636364;0.0;0.19444444444444445;0.16666666666666666;0.20503597122302158;0.13227513227513227
2018-11-17 05:00:00;0.20115102571242924;0.06167569638264107;0.8721590909090909;0.0;0.2222222222222222;0.25;0.21223021582733814;0.13756613756613756
2018-11-17 06:00:00;0.22380024134410098;0.04591473759098123;0.875;0.0;0.2222222222222222;0.25;0.20863309352517986;0.13756613756613756
2018-11-17 07:00:00;0.24301494476933072;0.041153614622667326;0.8821022727272727;0.3;0.25;0.25;0.2158273381294964;0.14814814814814814
2018-11-17 08:00:00;0.2400445558340295;0.046790346412740116;0.8849431818181818;1.0;0.2777777777777778;0.3333333333333333;0.23741007194244604;0.18783068783068782
2018-11-17 09:00:00;0.2124756335282651;0.06775023258359329;0.8892045454545454;1.0;0.2777777777777778;0.3333333333333333;0.26258992805755393;0.23015873015873015
2018-11-17 10:00:00;0.20003712986169125;0.09232200514420184;0.8863636363636364;1.0;0.25;0.3333333333333333;0.28776978417266186;0.2777777777777778
2018-11-17 11:00:00;0.19836628608558432;0.12083401740272533;0.8849431818181818;1.0;0.2222222222222222;0.3333333333333333;0.29856115107913667;0.31216931216931215
2018-11-17 12:00:00;0.17218973359324236;0.14606249657965303;0.8835227272727273;1.0;0.2222222222222222;0.3333333333333333;0.29856115107913667;0.335978835978836
2018-11-17 13:00:00;0.16550635848881465;0.1644502818365895;0.8792613636363636;1.0;0.19444444444444445;0.3333333333333333;0.2841726618705036;0.335978835978836
2018-11-17 14:00:00;0.15316067947646894;0.18059431948776886;0.8778409090909091;1.0;0.19444444444444445;0.3333333333333333;0.2697841726618705;0.32275132275132273
2018-11-17 15:00:00;0.16058665181472198;0.17873365074153125;0.8778409090909091;0.2;0.16666666666666666;0.3333333333333333;0.24820143884892087;0.291005291005291
2018-11-17 16:00:00;0.23039079179430055;0.14124664805997922;0.8806818181818182;0.0;0.1388888888888889;0.25;0.2517985611510791;0.24867724867724866
2018-11-17 17:00:00;0.28357931866703795;0.10447107754610628;0.8821022727272727;0.0;0.19444444444444445;0.3333333333333333;0.2446043165467626;0.24338624338624337
2018-11-17 18:00:00;0.2711408150004641;0.08958572757620534;0.8849431818181818;0.0;0.2222222222222222;0.25;0.22661870503597123;0.21957671957671956
2018-11-17 19:00:00;0.21915900863269283;0.1094511027198599;0.8806818181818182;0.0;0.2222222222222222;0.25;0.20503597122302158;0.20105820105820105
2018-11-17 20:00:00;0.219251833286921;0.1060033929841843;0.8835227272727273;0.0;0.2222222222222222;0.3333333333333333;0.17625899280575538;0.19576719576719576
2018-11-17 21:00:00;0.21015501717256102;0.11278936135281563;0.8863636363636364;0.0;0.25;0.3333333333333333;0.15467625899280577;0.17989417989417988
2018-11-17 22:00:00;0.2165599183143043;0.11503310895857276;0.8863636363636364;0.0;0.25;0.3333333333333333;0.14388489208633093;0.16666666666666666
2018-11-17 23:00:00;0.19771651350598718;0.12050566409456576;0.8849431818181818;0.0;0.19444444444444445;0.3333333333333333;0.1366906474820144;0.16137566137566137
2018-11-18 00:00:00;0.19316810544880722;0.11656542439665078;0.8877840909090909;0.0;0.2222222222222222;0.3333333333333333;0.1366906474820144;0.1455026455026455
2018-11-18 01:00:00;0.17478882391163095;0.11558036447217206;0.8849431818181818;0.0;0.19444444444444445;0.3333333333333333;0.1366906474820144;0.13756613756613756
2018-11-18 02:00:00;0.17376775271512115;0.11558036447217206;0.8877840909090909;0.0;0.19444444444444445;0.25;0.1366906474820144;0.13227513227513227
2018-11-18 03:00:00;0.1690336953494848;0.10709790401138292;0.8849431818181818;0.0;0.19444444444444445;0.25;0.12949640287769784;0.1164021164021164
2018-11-18 04:00:00;0.15446022463566322;0.11224210583921633;0.8806818181818182;0.0;0.16666666666666666;0.25;0.12589928057553956;0.10846560846560846
2018-11-18 05:00:00;0.16197902162814445;0.10200842773490944;0.8806818181818182;0.0;0.16666666666666666;0.16666666666666666;0.1223021582733813;0.0873015873015873
2018-11-18 06:00:00;0.17367492806089296;0.08898374651124609;0.8863636363636364;0.0;0.1388888888888889;0.3333333333333333;0.11151079136690648;0.07936507936507936
2018-11-18 07:00:00;0.18147219901605866;0.08247140589941444;0.8821022727272727;0.3;0.1111111111111111;0.25;0.1223021582733813;0.0873015873015873
2018-11-18 08:00:00;0.186206256381695;0.07513818201718384;0.8806818181818182;1.0;0.16666666666666666;0.16666666666666666;0.1079136690647482;0.1455026455026455
2018-11-18 09:00:00;0.16402116402116404;0.10069501450227111;0.8764204545454546;1.0;0.1388888888888889;0.25;0.09712230215827339;0.1984126984126984
2018-11-18 10:00:00;0.14907639469042977;0.1456246921687736;0.8735795454545454;0.9;0.1388888888888889;0.3333333333333333;0.11870503597122302;0.20634920634920634
2018-11-18 11:00:00;0.13208948296667594;0.1715646035133804;0.8622159090909091;1.0;0.16666666666666666;0.4166666666666667;0.039568345323741004;0.29365079365079366
2018-11-18 12:00:00;0.13060428849902533;0.20325069775077986;0.8536931818181818;1.0;0.1388888888888889;0.4166666666666667;0.050359712230215826;0.29365079365079366
2018-11-18 13:00:00;0.12902626937714656;0.2313249055984239;0.8494318181818182;0.8;0.1388888888888889;0.4166666666666667;0.0539568345323741;0.2857142857142857
2018-11-18 14:00:00;0.1299545159194282;0.24440431237344715;0.8465909090909091;0.8;0.1388888888888889;0.4166666666666667;0.039568345323741004;0.2724867724867725
2018-11-18 15:00:00;0.11844425879513598;0.2797570185519619;0.84375;0.2;0.1388888888888889;0.5;0.02158273381294964;0.2275132275132275
2018-11-18 16:00:00;0.1515826603545902;0.24254364362720957;0.8394886363636364;0.0;0.1388888888888889;0.4166666666666667;0.03597122302158273;0.20105820105820105
2018-11-18 17:00:00;0.18704167826974846;0.22147430635363652;0.8394886363636364;0.0;0.1388888888888889;0.4166666666666667;0.03597122302158273;0.17724867724867724
2018-11-18 18:00:00;0.20115102571242924;0.19526076725223007;0.8380681818181818;0.0;0.1111111111111111;0.4166666666666667;0.02158273381294964;0.16666666666666666
2018-11-18 19:00:00;0.1881555741204864;0.20215618672358124;0.8338068181818182;0.0;0.08333333333333333;0.3333333333333333;0.05755395683453238;0.15079365079365079
2018-11-18 20:00:00;0.21089761440638635;0.17752968861161275;0.8309659090909091;0.0;0.1111111111111111;0.3333333333333333;0.16546762589928057;0.1746031746031746
2018-11-18 21:00:00;0.20300751879699247;0.1450774366551743;0.828125;0.0;0.1111111111111111;0.25;0.22302158273381295;0.1984126984126984
2018-11-18 22:00:00;0.16736285157337788;0.13560991626990643;0.8252840909090909;0.0;0.16666666666666666;0.3333333333333333;0.26258992805755393;0.19576719576719576
2018-11-18 23:00:00;0.12494198459110739;0.13768948722158378;0.8181818181818182;0.0;0.1111111111111111;0.25;0.27697841726618705;0.20899470899470898
2018-11-19 00:00:00;0.10303536619326092;0.13670442729710502;0.8096590909090909;0.0;0.1111111111111111;0.3333333333333333;0.27697841726618705;0.1931216931216931
2018-11-19 01:00:00;0.08298524087997772;0.15038581513708751;0.8039772727272727;0.0;0.1111111111111111;0.3333333333333333;0.29856115107913667;0.21428571428571427
2018-11-19 02:00:00;0.07175345771837;0.15684343019755925;0.7954545454545454;0.0;0.1388888888888889;0.4166666666666667;0.29136690647482016;0.22486772486772486
2018-11-19 03:00:00;0.06414183607166063;0.18075849614184863;0.7926136363636364;0.0;0.1111111111111111;0.4166666666666667;0.302158273381295;0.22486772486772486
2018-11-19 04:00:00;0.056623039079179434;0.19892737919334538;0.7826704545454546;0.0;0.1111111111111111;0.4166666666666667;0.30935251798561153;0.2328042328042328
2018-11-19 05:00:00;0.05708716235032025;0.2068078585891753;0.7769886363636364;0.0;0.1388888888888889;0.4166666666666667;0.302158273381295;0.2275132275132275
2018-11-19 06:00:00;0.10368513877285807;0.20188255896678162;0.7755681818181818;0.0;0.1388888888888889;0.4166666666666667;0.30935251798561153;0.24338624338624337
2018-11-19 07:00:00;0.11046133853151395;0.1993104580528649;0.7713068181818182;0.0;0.1111111111111111;0.4166666666666667;0.3057553956834532;0.24867724867724866
2018-11-19 08:00:00;0.11965097930010209;0.19487768839271055;0.7642045454545454;0.0;0.1111111111111111;0.4166666666666667;0.30935251798561153;0.25132275132275134
2018-11-19 09:00:00;0.1357096444815743;0.18989766321895693;0.7599431818181818;0.0;0.1111111111111111;0.4166666666666667;0.3057553956834532;0.25925925925925924
2018-11-19 10:00:00;0.10823354683003805;0.20341487440485964;0.7443181818181818;0.0;0.1111111111111111;0.4166666666666667;0.29856115107913667;0.2751322751322751
2018-11-19 11:00:00;0.0957950431634642;0.2155639468067641;0.7286931818181818;0.2;0.1111111111111111;0.5;0.3057553956834532;0.2857142857142857
2018-11-19 12:00:00;0.09672328970574584;0.2168773600394024;0.7173295454545454;0.0;0.1388888888888889;0.5;0.3057553956834532;0.26455026455026454
2018-11-19 13:00:00;0.08827624617098301;0.22229518962403547;0.7088068181818182;0.0;0.1388888888888889;0.5;0.2733812949640288;0.2671957671957672
2018-11-19 14:00:00;0.10164299637983848;0.2126634925846878;0.7059659090909091;0.0;0.16666666666666666;0.5;0.25539568345323743;0.25132275132275134
2018-11-19 15:00:00;0.10563445651164947;0.20981776391397142;0.7073863636363636;0.0;0.16666666666666666;0.5;0.23381294964028776;0.23544973544973544
2018-11-19 16:00:00;0.1256845818249327;0.2063153286269359;0.7017045454545454;0.0;0.1388888888888889;0.4166666666666667;0.23741007194244604;0.22486772486772486
2018-11-19 17:00:00;0.15752343822519263;0.17517648990313578;0.6960227272727273;0.0;0.1111111111111111;0.5;0.23381294964028776;0.2275132275132275
2018-11-19 18:00:00;0.14053652650143877;0.17457450883817655;0.6931818181818182;0.0;0.16666666666666666;0.5;0.20863309352517986;0.21957671957671956
2018-11-19 19:00:00;0.10851202079272254;0.19307174519783288;0.6875;0.0;0.1111111111111111;0.5;0.2158273381294964;0.20634920634920634
2018-11-19 20:00:00;0.09523809523809523;0.18612160017512178;0.6818181818181818;0.0;0.1388888888888889;0.5;0.2014388489208633;0.20105820105820105
2018-11-19 21:00:00;0.08567715585259443;0.18152465386088767;0.6747159090909091;0.0;0.1388888888888889;0.5;0.1906474820143885;0.1931216931216931
2018-11-19 22:00:00;0.07955072867353567;0.18530071690472283;0.6704545454545454;0.0;0.1111111111111111;0.3333333333333333;0.19424460431654678;0.17989417989417988
2018-11-19 23:00:00;0.06980413997957857;0.18294751819624583;0.6605113636363636;0.0;0.16666666666666666;0.4166666666666667;0.19784172661870503;0.21428571428571427
2018-11-20 00:00:00;0.0670194003527337;0.178897827395611;0.6477272727272727;0.0;0.19444444444444445;0.75;0.11870503597122302;0.2037037037037037
2018-11-20 01:00:00;0.055323493919985145;0.2325835932797023;0.6434659090909091;0.0;0.19444444444444445;0.5833333333333334;0.11151079136690648;0.17989417989417988
2018-11-20 02:00:00;0.050960735171261484;0.25879713238110874;0.6335227272727273;0.0;0.19444444444444445;0.6666666666666666;0.12589928057553956;0.18518518518518517
2018-11-20 03:00:00;0.057179987004548405;0.24872763093088163;0.625;0.0;0.19444444444444445;0.5833333333333334;0.14028776978417265;0.1931216931216931
2018-11-20 04:00:00;0.057179987004548405;0.24982214195808022;0.6193181818181818;0.0;0.19444444444444445;0.6666666666666666;0.13309352517985612;0.20105820105820105
2018-11-20 05:00:00;0.060243200594077784;0.26448858972254147;0.6107954545454546;0.0;0.16666666666666666;0.6666666666666666;0.13309352517985612;0.2037037037037037
2018-11-20 06:00:00;0.08846189547943933;0.25808570021342964;0.6051136363636364;0.0;0.19444444444444445;0.5833333333333334;0.15467625899280577;0.2037037037037037
2018-11-20 07:00:00;0.12280701754385963;0.22169320855907623;0.6008522727272727;0.0;0.2222222222222222;0.5833333333333334;0.17266187050359713;0.2037037037037037
2018-11-20 08:00:00;0.14127912373526408;0.19230558747879387;0.5980113636363636;0.0;0.2222222222222222;0.5833333333333334;0.18705035971223022;0.20105820105820105
2018-11-20 09:00:00;0.15659519168291097;0.18075849614184863;0.5951704545454546;0.0;0.2222222222222222;0.5833333333333334;0.18345323741007194;0.20105820105820105
2018-11-20 10:00:00;0.15464587394411955;0.1825097137853664;0.5866477272727273;0.0;0.2222222222222222;0.6666666666666666;0.17266187050359713;0.2037037037037037
2018-11-20 11:00:00;0.14536340852130325;0.20067859683686315;0.5795454545454546;0.0;0.19444444444444445;0.6666666666666666;0.16906474820143885;0.19576719576719576
2018-11-20 12:00:00;0.1382159101457347;0.2102555683248509;0.5752840909090909;0.0;0.2222222222222222;0.5;0.17266187050359713;0.19576719576719576
2018-11-20 13:00:00;0.14926204399888612;0.20232036337766104;0.5696022727272727;0.0;0.2222222222222222;0.5833333333333334;0.16546762589928057;0.1984126984126984
2018-11-20 14:00:00;0.16977629258331015;0.18945985880807747;0.5625;0.0;0.2222222222222222;0.5833333333333334;0.17985611510791366;0.19576719576719576
2018-11-20 15:00:00;0.1821219715956558;0.1702511902807421;0.5596590909090909;0.0;0.2222222222222222;0.5;0.16906474820143885;0.19576719576719576
2018-11-20 16:00:00;0.1899192425508215;0.15684343019755925;0.5610795454545454;0.0;0.25;0.5;0.16546762589928057;0.1984126984126984
2018-11-20 17:00:00;0.1806367771280052;0.14841569528813003;0.5610795454545454;0.0;0.2222222222222222;0.5833333333333334;0.17266187050359713;0.1984126984126984
2018-11-20 18:00:00;0.15798756149633342;0.1510972473047666;0.5625;0.0;0.25;0.6666666666666666;0.19424460431654678;0.18253968253968253
2018-11-20 19:00:00;0.13895850737956;0.14792316532589064;0.5667613636363636;0.0;0.25;0.5833333333333334;0.19784172661870503;0.1746031746031746
2018-11-20 20:00:00;0.13589529379003062;0.1371969572593444;0.5667613636363636;0.0;0.25;0.5;0.20503597122302158;0.1746031746031746
2018-11-20 21:00:00;0.15919428200129956;0.11908279975920757;0.5696022727272727;0.0;0.25;0.5;0.20503597122302158;0.17989417989417988
2018-11-20 22:00:00;0.15167548500881833;0.11530673671537242;0.5795454545454546;0.0;0.2777777777777778;0.4166666666666667;0.21223021582733814;0.18783068783068782
2018-11-20 23:00:00;0.1636498654042514;0.11065506484977836;0.5823863636363636;0.0;0.2777777777777778;0.5;0.20503597122302158;0.18253968253968253
2018-11-21 00:00:00;0.16921934465794114;0.10841131724402123;0.5866477272727273;0.0;0.25;0.5;0.19424460431654678;0.15608465608465608
2018-11-21 01:00:00;0.14489928525016244;0.11251573359601598;0.5994318181818182;0.0;0.25;0.4166666666666667;0.19784172661870503;0.164021164021164
2018-11-21 02:00:00;0.11324607815835885;0.12482898265200022;0.6079545454545454;0.0;0.25;0.4166666666666667;0.19424460431654678;0.164021164021164
2018-11-21 03:00:00;0.11083263714842662;0.12712745580911727;0.6164772727272727;0.0;0.2777777777777778;0.4166666666666667;0.2014388489208633;0.1746031746031746
2018-11-21 04:00:00;0.11881555741204862;0.12066984074864553;0.6321022727272727;0.0;0.2777777777777778;0.3333333333333333;0.21223021582733814;0.1693121693121693
2018-11-21 05:00:00;0.14935486865311426;0.10540141191922509;0.640625;0.0;0.25;0.3333333333333333;0.20863309352517986;0.15873015873015872
2018-11-21 06:00:00;0.24217952288127725;0.07530235867126361;0.6491477272727273;0.0;0.25;0.3333333333333333;0.20503597122302158;0.15343915343915343
2018-11-21 07:00:00;0.30669265756985054;0.04104416351994747;0.6605113636363636;0.0;0.2777777777777778;0.3333333333333333;0.2014388489208633;0.16137566137566137
2018-11-21 08:00:00;0.3428942727188341;0.03256170305915832;0.6704545454545454;0.2;0.2777777777777778;0.3333333333333333;0.20863309352517986;0.17195767195767195
2018-11-21 09:00:00;0.30984869581360813;0.048869917364417446;0.6818181818181818;0.0;0.2777777777777778;0.3333333333333333;0.21942446043165467;0.18518518518518517
2018-11-21 10:00:00;0.24422166527429687;0.0728944344114267;0.6832386363636364;0.0;0.2777777777777778;0.3333333333333333;0.23381294964028776;0.20634920634920634
2018-11-21 11:00:00;0.2876636034530771;0.067202977069994;0.6832386363636364;0.1;0.2777777777777778;0.25;0.24100719424460432;0.23015873015873015
2018-11-21 12:00:00;0.28385779262972244;0.067202977069994;0.6860795454545454;0.0;0.25;0.25;0.2446043165467626;0.23809523809523808
2018-11-21 13:00:00;0.2876636034530771;0.07727247852022111;0.6903409090909091;0.0;0.2222222222222222;0.25;0.25539568345323743;0.23809523809523808
2018-11-21 14:00:00;0.2686345493363037;0.07530235867126361;0.6931818181818182;0.0;0.2222222222222222;0.25;0.2446043165467626;0.2275132275132275
2018-11-21 15:00:00;0.2586094866796621;0.07754610627702074;0.7002840909090909;0.0;0.19444444444444445;0.25;0.23381294964028776;0.20634920634920634
2018-11-21 16:00:00;0.2677063027940221;0.06884474361079189;0.7059659090909091;0.0;0.2222222222222222;0.25;0.23741007194244604;0.20634920634920634
2018-11-21 17:00:00;0.2771744175252947;0.061237891971761625;0.7059659090909091;0.0;0.2222222222222222;0.3333333333333333;0.23381294964028776;0.20634920634920634
2018-11-21 18:00:00;0.2606516290726817;0.07732720407158103;0.7159090909090909;0.0;0.25;0.25;0.23381294964028776;0.20899470899470898
2018-11-21 19:00:00;0.24672793093845727;0.09215782849012204;0.7201704545454546;0.0;0.2222222222222222;0.25;0.2302158273381295;0.20634920634920634
2018-11-21 20:00:00;0.2077415761626288;0.10009303343731188;0.7201704545454546;0.0;0.2222222222222222;0.25;0.2302158273381295;0.2037037037037037
2018-11-21 21:00:00;0.18750580154088928;0.11278936135281563;0.7201704545454546;0.0;0.19444444444444445;0.25;0.22661870503597123;0.20634920634920634
2018-11-21 22:00:00;0.16996194189176647;0.10534668636786516;0.7230113636363636;0.0;0.25;0.25;0.2302158273381295;0.2037037037037037
2018-11-21 23:00:00;0.16402116402116404;0.1045258030974662;0.7244318181818182;0.0;0.19444444444444445;0.25;0.2302158273381295;0.1931216931216931
2018-11-22 00:00:00;0.18407128933444725;0.08635692004596947;0.7244318181818182;0.0;0.2222222222222222;0.3333333333333333;0.22302158273381295;0.18518518518518517
2018-11-22 01:00:00;0.19855193539404065;0.06238712855032015;0.7230113636363636;0.0;0.2222222222222222;0.3333333333333333;0.21942446043165467;0.18253968253968253
2018-11-22 02:00:00;0.19456047526222964;0.06238712855032015;0.7230113636363636;0.0;0.19444444444444445;0.25;0.22302158273381295;0.17989417989417988
2018-11-22 03:00:00;0.18629908103592313;0.06216822634488044;0.7215909090909091;0.0;0.19444444444444445;0.25;0.22302158273381295;0.17989417989417988
2018-11-22 04:00:00;0.1783161607723011;0.06293438406391945;0.71875;0.0;0.19444444444444445;0.25;0.21942446043165467;0.17724867724867724
2018-11-22 05:00:00;0.1784089854265293;0.06041700870136268;0.7173295454545454;0.0;0.19444444444444445;0.3333333333333333;0.2158273381294964;0.1746031746031746
2018-11-22 06:00:00;0.20384294068504594;0.045586384282821656;0.7201704545454546;0.0;0.19444444444444445;0.3333333333333333;0.2158273381294964;0.1746031746031746
2018-11-22 07:00:00;0.2501624431448993;0.021397690581732614;0.7201704545454546;0.0;0.19444444444444445;0.3333333333333333;0.2158273381294964;0.1746031746031746
2018-11-22 08:00:00;0.2469135802469136;0.018333059705576533;0.7230113636363636;0.0;0.2222222222222222;0.3333333333333333;0.21942446043165467;0.18253968253968253
2018-11-22 09:00:00;0.23800241344100992;0.02659661796092596;0.7244318181818182;0.0;0.25;0.3333333333333333;0.23381294964028776;0.19047619047619047
2018-11-22 10:00:00;0.25368978000556947;0.030263229902041267;0.7230113636363636;0.0;0.25;0.25;0.23381294964028776;0.1984126984126984
2018-11-22 11:00:00;0.21962313190383365;0.0357905105893942;0.7173295454545454;0.0;0.2222222222222222;0.25;0.2446043165467626;0.20634920634920634
2018-11-22 12:00:00;0.2248213125406108;0.0372681004761123;0.7116477272727273;0.0;0.2222222222222222;0.25;0.24820143884892087;0.21428571428571427
2018-11-22 13:00:00;0.21071196509793003;0.04378044108794396;0.7088068181818182;0.0;0.2222222222222222;0.3333333333333333;0.25539568345323743;0.21428571428571427
2018-11-22 14:00:00;0.23048361644852874;0.03185027089147924;0.7088068181818182;0.2;0.25;0.25;0.2517985611510791;0.21164021164021163
2018-11-22 15:00:00;0.2345679012345679;0.024790674766048272;0.7088068181818182;0.0;0.2222222222222222;0.25;0.2517985611510791;0.20899470899470898
2018-11-22 16:00:00;0.2550821498189919;0.0151589777267006;0.7130681818181818;0.0;0.25;0.25;0.2517985611510791;0.20634920634920634
2018-11-22 17:00:00;0.27856678733871715;0.012367974607344172;0.7144886363636364;0.0;0.25;0.25;0.2517985611510791;0.20105820105820105
2018-11-22 18:00:00;0.25972338253040006;0.01220379795326438;0.7144886363636364;0.0;0.25;0.25;0.2517985611510791;0.1984126984126984
2018-11-22 19:00:00;0.25276153346328784;0.011820719093744872;0.7130681818181818;0.0;0.2777777777777778;0.25;0.24820143884892087;0.1984126984126984
2018-11-22 20:00:00;0.2623224728487886;0.01203962129918459;0.7130681818181818;0.0;0.25;0.25;0.23381294964028776;0.18518518518518517
2018-11-22 21:00:00;0.2468207555926854;0.012094346850544523;0.7130681818181818;0.0;0.25;0.25;0.23381294964028776;0.17724867724867724
2018-11-22 22:00:00;0.2564745196324144;0.01329830898046298;0.7116477272727273;0.0;0.25;0.16666666666666666;0.22302158273381295;0.15343915343915343
2018-11-22 23:00:00;0.2470992295553699;0.0124227001587041;0.7130681818181818;0.0;0.2222222222222222;0.16666666666666666;0.22302158273381295;0.15343915343915343
2018-11-23 00:00:00;0.24895572263993315;0.011711267991025011;0.7144886363636364;0.0;0.25;0.16666666666666666;0.19424460431654678;0.12433862433862433
2018-11-23 01:00:00;0.2376311148240973;0.011875444645104802;0.7144886363636364;0.0;0.2777777777777778;0.16666666666666666;0.17266187050359713;0.09523809523809523
2018-11-23 02:00:00;0.25183328692100626;0.011765993542384941;0.7116477272727273;0.0;0.2777777777777778;0.16666666666666666;0.16546762589928057;0.08465608465608465
2018-11-23 03:00:00;0.26798477675670657;0.01160181688830515;0.7059659090909091;0.0;0.25;0.16666666666666666;0.17985611510791366;0.10317460317460317
2018-11-23 04:00:00;0.27958785853522694;0.011547091336945222;0.7073863636363636;0.0;0.3611111111111111;0.16666666666666666;0.18705035971223022;0.10846560846560846
2018-11-23 05:00:00;0.3236795692936044;0.011875444645104802;0.7002840909090909;0.0;0.2777777777777778;0.16666666666666666;0.21223021582733814;0.13227513227513227
2018-11-23 06:00:00;0.391812865497076;0.011984895747824662;0.7017045454545454;0.0;0.3055555555555556;0.16666666666666666;0.20863309352517986;0.12962962962962962
2018-11-23 07:00:00;0.45010674835236236;0.011656542439665083;0.7045454545454546;0.0;0.2777777777777778;0.16666666666666666;0.21223021582733814;0.13756613756613756
2018-11-23 08:00:00;0.40443701847210617;0.01340776008318284;0.7002840909090909;0.3;0.2777777777777778;0.16666666666666666;0.23741007194244604;0.1746031746031746
2018-11-23 09:00:00;0.40703610879049473;0.016964920921578287;0.6960227272727273;0.5;0.25;0.16666666666666666;0.26618705035971224;0.21164021164021163
2018-11-23 10:00:00;0.40592221293975683;0.022546927160291143;0.6917613636363636;0.0;0.3333333333333333;0.16666666666666666;0.29136690647482016;0.24603174603174602
2018-11-23 11:00:00;0.4092639004919707;0.024900125868768132;0.6818181818181818;0.2;0.2222222222222222;0.16666666666666666;0.29136690647482016;0.26455026455026454
2018-11-23 12:00:00;0.4102849716884805;0.032452251956438465;0.6761363636363636;0.3;0.19444444444444445;0.16666666666666666;0.30935251798561153;0.2830687830687831
2018-11-23 13:00:00;0.3418732015223243;0.0339845673945165;0.6690340909090909;0.2;0.2222222222222222;0.16666666666666666;0.31654676258992803;0.2777777777777778
2018-11-23 14:00:00;0.3658219623131904;0.028128933399004;0.6647727272727273;0.5;0.19444444444444445;0.16666666666666666;0.30935251798561153;0.26455026455026454
2018-11-23 15:00:00;0.388378353290634;0.021397690581732614;0.6619318181818182;0.0;0.19444444444444445;0.16666666666666666;0.29856115107913667;0.25132275132275134
2018-11-23 16:00:00;0.39506172839506176;0.01362666228862256;0.6605113636363636;0.0;0.19444444444444445;0.25;0.302158273381295;0.2566137566137566
2018-11-23 17:00:00;0.3867075095145271;0.011875444645104802;0.6548295454545454;0.0;0.2222222222222222;0.25;0.3057553956834532;0.24603174603174602
2018-11-23 18:00:00;0.39543302701197436;0.012149072401904451;0.6477272727272727;0.0;0.2222222222222222;0.25;0.2841726618705036;0.21428571428571427
2018-11-23 19:00:00;0.35904576255453446;0.01231324905598424;0.6420454545454546;0.0;0.19444444444444445;0.16666666666666666;0.2805755395683453;0.2037037037037037
2018-11-23 20:00:00;0.3535691079550729;0.01286050456958354;0.6335227272727273;0.0;0.19444444444444445;0.16666666666666666;0.26258992805755393;0.18253968253968253
2018-11-23 21:00:00;0.3493919985148055;0.01318885787774312;0.6264204545454546;0.0;0.2222222222222222;0.25;0.2589928057553957;0.17989417989417988
2018-11-23 22:00:00;0.34892787524366475;0.011656542439665083;0.6235795454545454;0.0;0.19444444444444445;0.25;0.25539568345323743;0.17724867724867724
2018-11-23 23:00:00;0.3548686531142672;0.011164012477425711;0.6221590909090909;0.0;0.19444444444444445;0.25;0.24100719424460432;0.16137566137566137
2018-11-24 00:00:00;0.35032024505708714;0.01149236578558529;0.6164772727272727;0.0;0.16666666666666666;0.25;0.2302158273381295;0.14814814814814814
2018-11-24 01:00:00;0.3262786596119929;0.01094511027198599;0.6136363636363636;0.0;0.16666666666666666;0.25;0.22302158273381295;0.13227513227513227
2018-11-24 02:00:00;0.2935115566694514;0.011218738028785643;0.6036931818181818;0.0;0.1111111111111111;0.25;0.21223021582733814;0.12169312169312169
2018-11-24 03:00:00;0.25118351434140906;0.01494007552126088;0.6008522727272727;0.0;0.16666666666666666;0.3333333333333333;0.2446043165467626;0.13756613756613756
2018-11-24 04:00:00;0.18629908103592313;0.04126306572538719;0.5994318181818182;0.0;0.16666666666666666;0.25;0.25539568345323743;0.15079365079365079
2018-11-24 05:00:00;0.16550635848881465;0.06271548185847974;0.6022727272727273;0.0;0.19444444444444445;0.25;0.2697841726618705;0.15873015873015872
2018-11-24 06:00:00;0.1701475912002228;0.07136211897334867;0.6022727272727273;0.0;0.19444444444444445;0.3333333333333333;0.26618705035971224;0.16137566137566137
2018-11-24 07:00:00;0.17896593335189825;0.07574016308214306;0.6065340909090909;0.0;0.19444444444444445;0.25;0.2697841726618705;0.164021164021164
2018-11-24 08:00:00;0.1784089854265293;0.0701581568434302;0.6079545454545454;0.0;0.19444444444444445;0.3333333333333333;0.2733812949640288;0.1693121693121693
2018-11-24 09:00:00;0.19715956558061823;0.06862584140535216;0.6079545454545454;0.0;0.16666666666666666;0.25;0.2733812949640288;0.1746031746031746
2018-11-24 10:00:00;0.18732015223243292;0.07240190444918733;0.6036931818181818;0.0;0.19444444444444445;0.25;0.2733812949640288;0.17989417989417988
2018-11-24 11:00:00;0.1979949874686717;0.06605374049143546;0.6022727272727273;0.0;0.2222222222222222;0.3333333333333333;0.2697841726618705;0.18253968253968253
2018-11-24 12:00:00;0.1969739162721619;0.06769550703223336;0.6008522727272727;0.0;0.25;0.25;0.2733812949640288;0.1931216931216931
2018-11-24 13:00:00;0.20987654320987653;0.06167569638264107;0.5994318181818182;0.0;0.2222222222222222;0.25;0.2733812949640288;0.18783068783068782
2018-11-24 14:00:00;0.2340109533091989;0.05007387949433591;0.6022727272727273;0.0;0.1111111111111111;0.16666666666666666;0.2733812949640288;0.18253968253968253
2018-11-24 15:00:00;0.2483987747145642;0.04498440321786243;0.6065340909090909;0.0;0.16666666666666666;0.16666666666666666;0.2697841726618705;0.17989417989417988
2018-11-24 16:00:00;0.2584238373712058;0.04077053576314782;0.6079545454545454;0.0;0.1111111111111111;0.16666666666666666;0.26618705035971224;0.1746031746031746
2018-11-24 17:00:00;0.2565673442866425;0.033163684124117555;0.6079545454545454;0.0;0.08333333333333333;0.16666666666666666;0.26618705035971224;0.17724867724867724
2018-11-24 18:00:00;0.2416225749559083;0.038088983746511255;0.6122159090909091;0.0;0.08333333333333333;0.16666666666666666;0.26258992805755393;0.17195767195767195
2018-11-24 19:00:00;0.24292212011510259;0.03546215728123461;0.6150568181818182;0.0;0.1111111111111111;0.16666666666666666;0.26258992805755393;0.17195767195767195
2018-11-24 20:00:00;0.2295553699062471;0.040715810211787884;0.6136363636363636;0.0;0.1111111111111111;0.16666666666666666;0.25539568345323743;0.17195767195767195
2018-11-24 21:00:00;0.20514248584424025;0.0475017785804192;0.6122159090909091;0.0;0.1388888888888889;0.08333333333333333;0.2517985611510791;0.16666666666666666
2018-11-24 22:00:00;0.21080478975215816;0.03989492694138894;0.6122159090909091;0.0;0.1388888888888889;0.08333333333333333;0.24820143884892087;0.164021164021164
2018-11-24 23:00:00;0.25201893622946253;0.019099217424615556;0.6122159090909091;0.0;0.08333333333333333;0.08333333333333333;0.2517985611510791;0.16137566137566137
2018-11-25 00:00:00;0.24644945697577275;0.01630821430525913;0.609375;0.0;0.08333333333333333;0.08333333333333333;0.25539568345323743;0.164021164021164
2018-11-25 01:00:00;0.23345400538382996;0.014666447764461228;0.6079545454545454;0.0;0.16666666666666666;0.08333333333333333;0.2517985611510791;0.16666666666666666
2018-11-25 02:00:00;0.23326835607537363;0.012258523504624311;0.6036931818181818;0.0;0.1111111111111111;0.08333333333333333;0.25539568345323743;0.16666666666666666
2018-11-25 03:00:00;0.21368235403323121;0.011984895747824662;0.609375;0.0;0.16666666666666666;0.16666666666666666;0.26618705035971224;0.1693121693121693
2018-11-25 04:00:00;0.1949317738791423;0.017347999781097793;0.6051136363636364;0.0;0.19444444444444445;0.16666666666666666;0.25539568345323743;0.164021164021164
2018-11-25 05:00:00;0.19474612457068596;0.019044491873255628;0.6065340909090909;0.0;0.19444444444444445;0.25;0.2517985611510791;0.16666666666666666
2018-11-25 06:00:00;0.19456047526222964;0.02303945712253051;0.6051136363636364;0.0;0.1111111111111111;0.25;0.2517985611510791;0.16666666666666666
2018-11-25 07:00:00;0.20207927225471084;0.024900125868768132;0.6079545454545454;0.0;0.16666666666666666;0.25;0.2589928057553957;0.164021164021164
2018-11-25 08:00:00;0.185649308456326;0.030755759864280634;0.6107954545454546;0.0;0.16666666666666666;0.16666666666666666;0.2733812949640288;0.1746031746031746
2018-11-25 09:00:00;0.16467093660076118;0.036392491654353425;0.6150568181818182;0.0;0.1111111111111111;0.25;0.2841726618705036;0.17724867724867724
2018-11-25 10:00:00;0.16986911723753828;0.039183494773709845;0.6051136363636364;0.0;0.08333333333333333;0.25;0.2841726618705036;0.20105820105820105
2018-11-25 11:00:00;0.16717720226492158;0.033875116291796646;0.6065340909090909;0.0;0.1388888888888889;0.3333333333333333;0.29136690647482016;0.20105820105820105
2018-11-25 12:00:00;0.1552956465237167;0.03464127401083566;0.6022727272727273;0.0;0.1388888888888889;0.25;0.2949640287769784;0.20634920634920634
2018-11-25 13:00:00;0.16838392276988767;0.028676188912603297;0.5980113636363636;0.0;0.1388888888888889;0.25;0.29856115107913667;0.2037037037037037
2018-11-25 14:00:00;0.1489835700362016;0.03327313522683741;0.5965909090909091;0.0;0.16666666666666666;0.25;0.29856115107913667;0.20634920634920634
2018-11-25 15:00:00;0.1552956465237167;0.03250697750779839;0.5951704545454546;0.0;0.1388888888888889;0.25;0.29136690647482016;0.20634920634920634
2018-11-25 16:00:00;0.17209690893901422;0.02823838450172386;0.5980113636363636;0.0;0.1388888888888889;0.25;0.2949640287769784;0.20634920634920634
2018-11-25 17:00:00;0.189640768588137;0.023422535982050022;0.59375;0.0;0.16666666666666666;0.3333333333333333;0.3057553956834532;0.20634920634920634
2018-11-25 18:00:00;0.20551378446115287;0.013900290045422209;0.5951704545454546;0.0;0.1388888888888889;0.3333333333333333;0.3129496402877698;0.20634920634920634
2018-11-25 19:00:00;0.20746310219994432;0.012805779018223612;0.59375;0.0;0.16666666666666666;0.3333333333333333;0.31654676258992803;0.21164021164021163
2018-11-25 20:00:00;0.2077415761626288;0.012149072401904451;0.5965909090909091;0.0;0.16666666666666666;0.3333333333333333;0.32014388489208634;0.21693121693121692
2018-11-25 21:00:00;0.21312540610786224;0.011765993542384941;0.5994318181818182;0.0;0.16666666666666666;0.3333333333333333;0.3237410071942446;0.2222222222222222
2018-11-25 22:00:00;0.21850923605309572;0.011109286926065783;0.5951704545454546;0.0;0.1388888888888889;0.25;0.3237410071942446;0.22486772486772486
2018-11-25 23:00:00;0.21665274296853243;0.01231324905598424;0.5909090909090909;0.0;0.16666666666666666;0.3333333333333333;0.33093525179856115;0.2275132275132275
2018-11-26 00:00:00;0.19604566972988025;0.023367810430690087;0.5894886363636364;0.0;0.16666666666666666;0.3333333333333333;0.33093525179856115;0.2275132275132275
2018-11-26 01:00:00;0.16838392276988767;0.04082526131450775;0.5923295454545454;0.0;0.19444444444444445;0.3333333333333333;0.33093525179856115;0.23015873015873015
2018-11-26 02:00:00;0.14230019493177387;0.04082526131450775;0.5880681818181818;0.0;0.16666666666666666;0.3333333333333333;0.3273381294964029;0.23015873015873015
2018-11-26 03:00:00;0.1392369813422445;0.056859847862967224;0.5880681818181818;0.0;0.19444444444444445;0.3333333333333333;0.33093525179856115;0.2328042328042328
2018-11-26 04:00:00;0.14165042235217673;0.054616100257210094;0.5894886363636364;0.0;0.19444444444444445;0.3333333333333333;0.3273381294964029;0.23544973544973544
2018-11-26 05:00:00;0.14926204399888612;0.050128605045695836;0.5923295454545454;0.0;0.19444444444444445;0.3333333333333333;0.33093525179856115;0.24074074074074073
2018-11-26 06:00:00;0.17153996101364521;0.04438242215290319;0.5965909090909091;0.0;0.19444444444444445;0.3333333333333333;0.3345323741007194;0.24338624338624337
2018-11-26 07:00:00;0.2137751786874594;0.03239752640507853;0.6065340909090909;0.0;0.2222222222222222;0.3333333333333333;0.33093525179856115;0.24603174603174602
2018-11-26 08:00:00;0.24802747609765155;0.02599463689596673;0.6136363636363636;0.0;0.19444444444444445;0.3333333333333333;0.3273381294964029;0.25396825396825395
2018-11-26 09:00:00;0.2355889724310777;0.03480545066491545;0.6207386363636364;0.0;0.19444444444444445;0.4166666666666667;0.3345323741007194;0.25925925925925924
2018-11-26 10:00:00;0.1927039821776664;0.06090953866360204;0.6221590909090909;0.0;0.19444444444444445;0.4166666666666667;0.33093525179856115;0.25396825396825395
2018-11-26 11:00:00;0.17952288127726723;0.07699885076342144;0.6207386363636364;0.0;0.1388888888888889;0.3333333333333333;0.3381294964028777;0.25396825396825395
2018-11-26 12:00:00;0.17627401837928156;0.07207355114102774;0.6193181818181818;0.0;0.1388888888888889;0.25;0.3345323741007194;0.25925925925925924
2018-11-26 13:00:00;0.18305021813793745;0.06698407486455427;0.6235795454545454;0.0;0.1388888888888889;0.25;0.3273381294964029;0.2619047619047619
2018-11-26 14:00:00;0.21720969089390144;0.059541399879603794;0.6292613636363636;0.0;0.1388888888888889;0.25;0.3237410071942446;0.2566137566137566
2018-11-26 15:00:00;0.20839134874222595;0.05789963333880589;0.6363636363636364;0.0;0.16666666666666666;0.3333333333333333;0.29136690647482016;0.24074074074074073
2018-11-26 16:00:00;0.2004084284786039;0.06873529250807203;0.6420454545454546;0.0;0.1388888888888889;0.3333333333333333;0.2733812949640288;0.2275132275132275
2018-11-26 17:00:00;0.2082056994337696;0.07842171509877963;0.6534090909090909;0.0;0.1388888888888889;0.3333333333333333;0.2517985611510791;0.21164021164021163
2018-11-26 18:00:00;0.18527800983941334;0.10337656651890768;0.6605113636363636;0.0;0.16666666666666666;0.25;0.24100719424460432;0.20634920634920634
2018-11-26 19:00:00;0.16151489835700364;0.1317244021233514;0.6647727272727273;0.0;0.16666666666666666;0.25;0.2446043165467626;0.2037037037037037
2018-11-26 20:00:00;0.17868745938921377;0.12017731078640617;0.6732954545454546;0.0;0.2222222222222222;0.25;0.22302158273381295;0.1984126984126984
2018-11-26 21:00:00;0.14759120022277916;0.1496743829694084;0.6761363636363636;0.0;0.19444444444444445;0.16666666666666666;0.2302158273381295;0.1984126984126984
2018-11-26 22:00:00;0.14861227141928898;0.14885349969900946;0.6846590909090909;0.0;0.19444444444444445;0.16666666666666666;0.2302158273381295;0.1984126984126984
2018-11-26 23:00:00;0.13895850737956;0.1260876703332786;0.6846590909090909;0.0;0.16666666666666666;0.16666666666666666;0.23741007194244604;0.19576719576719576
2018-11-27 00:00:00;0.1424858442402302;0.11481420675313304;0.6875;0.0;0.1111111111111111;0.16666666666666666;0.24100719424460432;0.18783068783068782
2018-11-27 01:00:00;0.15186113431727466;0.09593389153395722;0.6917613636363636;0.0;0.1111111111111111;0.16666666666666666;0.2446043165467626;0.18518518518518517
2018-11-27 02:00:00;0.15631671772022648;0.0864116455973294;0.6903409090909091;0.0;0.1111111111111111;0.16666666666666666;0.2446043165467626;0.17989417989417988
2018-11-27 03:00:00;0.16717720226492158;0.07781973403382039;0.6931818181818182;0.0;0.1111111111111111;0.16666666666666666;0.2446043165467626;0.17724867724867724
2018-11-27 04:00:00;0.1754385964912281;0.06441197395063757;0.6974431818181818;0.0;0.1111111111111111;0.16666666666666666;0.24820143884892087;0.17989417989417988
2018-11-27 05:00:00;0.20003712986169125;0.05324796147321185;0.7045454545454546;0.0;0.19444444444444445;0.08333333333333333;0.24820143884892087;0.18253968253968253
2018-11-27 06:00:00;0.2631578947368421;0.033656214086356925;0.7102272727272727;0.0;0.16666666666666666;0.08333333333333333;0.2517985611510791;0.18253968253968253
2018-11-27 07:00:00;0.3000092824654228;0.015979860997099547;0.7159090909090909;0.0;0.2222222222222222;0.08333333333333333;0.25539568345323743;0.18783068783068782
2018-11-27 08:00:00;0.30595006033602523;0.01384556449406228;0.7173295454545454;0.0;0.25;0.16666666666666666;0.2589928057553957;0.20105820105820105
2018-11-27 09:00:00;0.2894272718834122;0.021671318338532263;0.71875;0.0;0.2777777777777778;0.25;0.27697841726618705;0.2222222222222222
2018-11-27 10:00:00;0.28831337603267426;0.04569583538554151;0.7159090909090909;0.0;0.3055555555555556;0.3333333333333333;0.26618705035971224;0.23015873015873015
2018-11-27 11:00:00;0.27225471085120206;0.06687462376183441;0.7215909090909091;0.0;0.3888888888888889;0.25;0.2733812949640288;0.23544973544973544
2018-11-27 12:00:00;0.28283672143321265;0.048541564056257876;0.7215909090909091;0.0;0.4166666666666667;0.25;0.28776978417266186;0.23544973544973544
2018-11-27 13:00:00;0.2994523345400538;0.03464127401083566;0.7230113636363636;0.0;0.5;0.25;0.27697841726618705;0.23809523809523808
2018-11-27 14:00:00;0.37250533741761815;0.02725332457724512;0.7201704545454546;0.0;0.4722222222222222;0.25;0.2733812949640288;0.22486772486772486
2018-11-27 15:00:00;0.40118815557412046;0.02495485142012806;0.7201704545454546;0.0;0.3888888888888889;0.25;0.2589928057553957;0.20899470899470898
2018-11-27 16:00:00;0.37658962220365727;0.03436764625403601;0.7144886363636364;0.0;0.3611111111111111;0.25;0.23381294964028776;0.17195767195767195
2018-11-27 17:00:00;0.4346978557504873;0.029989602145241618;0.7201704545454546;0.0;0.3611111111111111;0.25;0.23381294964028776;0.15608465608465608
2018-11-27 18:00:00;0.4384108419196139;0.019974826246374436;0.71875;0.0;0.3611111111111111;0.25;0.23381294964028776;0.1455026455026455
2018-11-27 19:00:00;0.4239301958600204;0.01318885787774312;0.7144886363636364;0.0;0.3611111111111111;0.25;0.2446043165467626;0.1693121693121693
2018-11-27 20:00:00;0.3828088740369442;0.012258523504624311;0.7130681818181818;0.0;0.3611111111111111;0.3333333333333333;0.2158273381294964;0.1693121693121693
2018-11-27 21:00:00;0.4164113988675392;0.01247742571006403;0.7088068181818182;0.0;0.3888888888888889;0.4166666666666667;0.20863309352517986;0.1693121693121693
2018-11-27 22:00:00;0.44314489928525014;0.01472117331582116;0.7017045454545454;0.0;0.3333333333333333;0.4166666666666667;0.22302158273381295;0.17989417989417988
2018-11-27 23:00:00;0.4281073053002878;0.01581568434301976;0.6988636363636364;0.0;0.3611111111111111;0.4166666666666667;0.23381294964028776;0.17989417989417988
2018-11-28 00:00:00;0.39831059129304747;0.013681387839982488;0.6917613636363636;0.0;0.3888888888888889;0.4166666666666667;0.23741007194244604;0.18253968253968253
2018-11-28 01:00:00;0.35533277638540794;0.01439282000766158;0.6903409090909091;0.0;0.3888888888888889;0.4166666666666667;0.23741007194244604;0.19047619047619047
2018-11-28 02:00:00;0.3185742133110554;0.021342965030372685;0.6832386363636364;0.0;0.3888888888888889;0.4166666666666667;0.23741007194244604;0.1931216931216931
2018-11-28 03:00:00;0.27559639840341593;0.03874569036283041;0.6818181818181818;0.0;0.3888888888888889;0.4166666666666667;0.23381294964028776;0.19047619047619047
2018-11-28 04:00:00;0.244871437853894;0.05291960816505226;0.6789772727272727;0.0;0.3888888888888889;0.4166666666666667;0.2517985611510791;0.20105820105820105
2018-11-28 05:00:00;0.23995173117980137;0.060033929841843164;0.6761363636363636;0.0;0.3888888888888889;0.4166666666666667;0.2697841726618705;0.20899470899470898
2018-11-28 06:00:00;0.28497168848046045;0.04542220762874186;0.6803977272727273;0.0;0.3888888888888889;0.4166666666666667;0.28776978417266186;0.20899470899470898
2018-11-28 07:00:00;0.3072496054952195;0.03332786077819734;0.6818181818181818;0.0;0.3888888888888889;0.4166666666666667;0.29856115107913667;0.21693121693121692
2018-11-28 08:00:00;0.3828088740369442;0.02550210693372736;0.6818181818181818;0.0;0.4166666666666667;0.4166666666666667;0.3237410071942446;0.2328042328042328
2018-11-28 09:00:00;0.3268356075373619;0.039730750287309144;0.6803977272727273;0.0;0.4166666666666667;0.4166666666666667;0.3129496402877698;0.25132275132275134
2018-11-28 10:00:00;0.31476840248770077;0.05144201827833416;0.6690340909090909;0.0;0.4166666666666667;0.5;0.34532374100719426;0.25925925925925924
2018-11-28 11:00:00;0.30595006033602523;0.055601160181688834;0.6661931818181818;0.0;0.4166666666666667;0.5;0.37410071942446044;0.26455026455026454
2018-11-28 12:00:00;0.3361180729601782;0.06238712855032015;0.6576704545454546;0.0;0.4166666666666667;0.5;0.38489208633093525;0.2777777777777778
2018-11-28 13:00:00;0.30390791794300565;0.07152629562742845;0.6505681818181818;0.0;0.4166666666666667;0.5;0.39568345323741005;0.28835978835978837
2018-11-28 14:00:00;0.294996751137102;0.07831226399605977;0.6463068181818182;0.0;0.4166666666666667;0.5;0.42805755395683454;0.2804232804232804
2018-11-28 15:00:00;0.3401095330919892;0.06528758277239645;0.6448863636363636;0.0;0.4166666666666667;0.5;0.44244604316546765;0.291005291005291
2018-11-28 16:00:00;0.3794671864847304;0.05598423904120835;0.6434659090909091;0.0;0.4444444444444444;0.4166666666666667;0.44964028776978415;0.30158730158730157
2018-11-28 17:00:00;0.3208948296667595;0.0518798226892136;0.640625;0.0;0.4722222222222222;0.5;0.460431654676259;0.3148148148148148
2018-11-28 18:00:00;0.2736470806646245;0.05724292672248674;0.6363636363636364;0.0;0.4722222222222222;0.5;0.4676258992805755;0.31746031746031744
2018-11-28 19:00:00;0.26222964819456046;0.06889946916215181;0.6349431818181818;0.0;0.4444444444444444;0.4166666666666667;0.4784172661870504;0.3201058201058201
2018-11-28 20:00:00;0.21720969089390144;0.07645159524982215;0.6306818181818182;0.0;0.4444444444444444;0.4166666666666667;0.48201438848920863;0.328042328042328
2018-11-28 21:00:00;0.19864476004826884;0.08531713457013079;0.6264204545454546;0.0;0.4444444444444444;0.4166666666666667;0.5;0.3333333333333333
2018-11-28 22:00:00;0.18017265385686437;0.09981940568051223;0.6264204545454546;0.0;0.4722222222222222;0.4166666666666667;0.5143884892086331;0.34656084656084657
2018-11-28 23:00:00;0.15269655620532815;0.1271821813604772;0.6235795454545454;0.0;0.4722222222222222;0.4166666666666667;0.5215827338129496;0.3544973544973545
2018-11-29 00:00:00;0.1289334447229184;0.14261478684397746;0.6207386363636364;0.0;0.5;0.4166666666666667;0.5323741007194245;0.35978835978835977
2018-11-29 01:00:00;0.1306971131532535;0.14847042083948997;0.6207386363636364;0.0;0.5;0.4166666666666667;0.539568345323741;0.36507936507936506
2018-11-29 02:00:00;0.12512763389956372;0.16012696327915504;0.6164772727272727;0.0;0.5;0.4166666666666667;0.5503597122302158;0.373015873015873
2018-11-29 03:00:00;0.11073981249419845;0.182017183823127;0.6150568181818182;0.0;0.5;0.4166666666666667;0.5539568345323741;0.37566137566137564
2018-11-29 04:00:00;0.07964355332776385;0.20199201006950143;0.609375;0.0;0.5;0.4166666666666667;0.539568345323741;0.373015873015873
2018-11-29 05:00:00;0.10739812494198457;0.20248454003174082;0.6008522727272727;0.0;0.4444444444444444;0.3333333333333333;0.5323741007194245;0.37037037037037035
2018-11-29 06:00:00;0.2257495590828924;0.16379357522027035;0.6022727272727273;0.0;0.4722222222222222;0.4166666666666667;0.5251798561151079;0.373015873015873
2018-11-29 07:00:00;0.2859927596769702;0.11935642751600722;0.5951704545454546;0.0;0.4444444444444444;0.4166666666666667;0.5107913669064749;0.37037037037037035
2018-11-29 08:00:00;0.3272997308085027;0.11618234553713129;0.5923295454545454;0.0;0.4444444444444444;0.5;0.5143884892086331;0.36243386243386244
2018-11-29 09:00:00;0.3044648658683747;0.13495320965358726;0.5866477272727273;0.0;0.4722222222222222;0.5;0.5179856115107914;0.36772486772486773
2018-11-29 10:00:00;0.25044091710758376;0.1525748371914847;0.5681818181818182;0.0;0.4444444444444444;0.4166666666666667;0.5179856115107914;0.36507936507936506
2018-11-29 11:00:00;0.2506265664160401;0.15224648388332512;0.5539772727272727;0.0;0.4166666666666667;0.5;0.5035971223021583;0.35978835978835977
2018-11-29 12:00:00;0.2901698691172375;0.1257045914737591;0.5440340909090909;0.0;0.4166666666666667;0.5;0.5;0.36243386243386244
2018-11-29 13:00:00;0.35236238745010673;0.1094511027198599;0.53125;0.0;0.4444444444444444;0.5;0.49640287769784175;0.36772486772486773
2018-11-29 14:00:00;0.3705560196788267;0.11995840858096644;0.5241477272727273;0.0;0.4722222222222222;0.5;0.4784172661870504;0.373015873015873
2018-11-29 15:00:00;0.33676784553977535;0.10370491982706725;0.5298295454545454;0.0;0.5;0.4166666666666667;0.45323741007194246;0.3968253968253968
2018-11-29 16:00:00;0.3763111482409728;0.0939090461336398;0.5340909090909091;0.0;0.4722222222222222;0.4166666666666667;0.4460431654676259;0.3888888888888889
2018-11-29 17:00:00;0.33880998793279493;0.09856071799923384;0.5355113636363636;0.0;0.4722222222222222;0.4166666666666667;0.44244604316546765;0.3888888888888889
2018-11-29 18:00:00;0.3403880070546737;0.09549608712307776;0.5397727272727273;0.0;0.5;0.4166666666666667;0.44964028776978415;0.3888888888888889
2018-11-29 19:00:00;0.27355425601039635;0.11596344333169156;0.5426136363636364;0.0;0.4722222222222222;0.4166666666666667;0.44964028776978415;0.3783068783068783
2018-11-29 20:00:00;0.2886846746495869;0.11350079352049472;0.5440340909090909;0.0;0.5;0.4166666666666667;0.45323741007194246;0.38095238095238093
2018-11-29 21:00:00;0.2766174695999257;0.10583921633010453;0.5411931818181818;0.0;0.4722222222222222;0.3333333333333333;0.4568345323741007;0.36772486772486773
2018-11-29 22:00:00;0.27373990531885267;0.10638647184370383;0.5411931818181818;0.0;0.4722222222222222;0.3333333333333333;0.4676258992805755;0.3783068783068783
2018-11-29 23:00:00;0.2325257588415483;0.12400809938160127;0.5411931818181818;0.0;0.5;0.4166666666666667;0.4712230215827338;0.37566137566137564
2018-11-30 00:00:00;0.2005012531328321;0.13840091938926286;0.5411931818181818;0.0;0.5;0.3333333333333333;0.48201438848920863;0.3862433862433862
2018-11-30 01:00:00;0.1831430427921656;0.15065944289388716;0.5454545454545454;0.0;0.5;0.3333333333333333;0.4892086330935252;0.3888888888888889
2018-11-30 02:00:00;0.15492434790680407;0.15065944289388716;0.5426136363636364;0.0;0.5277777777777778;0.4166666666666667;0.48201438848920863;0.3862433862433862
2018-11-30 03:00:00;0.11658776571057271;0.18666885568872107;0.5426136363636364;0.0;0.5277777777777778;0.3333333333333333;0.4748201438848921;0.37037037037037035
2018-11-30 04:00:00;0.11900120672050495;0.19974826246374433;0.5440340909090909;0.0;0.5555555555555556;0.4166666666666667;0.4748201438848921;0.373015873015873
2018-11-30 05:00:00;0.1414647730437204;0.20702676079461502;0.5454545454545454;0.0;0.5555555555555556;0.3333333333333333;0.4784172661870504;0.37566137566137564
2018-11-30 06:00:00;0.22936972059779076;0.18672358124008098;0.5497159090909091;0.0;0.5555555555555556;0.3333333333333333;0.460431654676259;0.35714285714285715
2018-11-30 07:00:00;0.3414090782511835;0.14463963224429488;0.5539772727272727;0.0;0.5277777777777778;0.4166666666666667;0.46402877697841727;0.35714285714285715
2018-11-30 08:00:00;0.36786410470621;0.1253215126142396;0.5582386363636364;0.2;0.5277777777777778;0.4166666666666667;0.4712230215827338;0.373015873015873
2018-11-30 09:00:00;0.3534762833008447;0.12871449679855526;0.5639204545454546;0.2;0.5555555555555556;0.5;0.4712230215827338;0.37566137566137564
2018-11-30 10:00:00;0.31189083820662766;0.16176872981995294;0.5625;0.5;0.5833333333333334;0.5;0.4712230215827338;0.3915343915343915
2018-11-30 11:00:00;0.2680776014109348;0.18716138565096047;0.5625;0.0;0.6111111111111112;0.5;0.4748201438848921;0.3941798941798942
2018-11-30 12:00:00;0.2609301030353662;0.19651945493350845;0.5639204545454546;0.2;0.6111111111111112;0.5;0.46402877697841727;0.4021164021164021
2018-11-30 13:00:00;0.2500696184906711;0.19723088710118755;0.5667613636363636;0.3;0.6111111111111112;0.3333333333333333;0.4712230215827338;0.3968253968253968
2018-11-30 14:00:00;0.31820291469414275;0.18404202922344445;0.5724431818181818;0.2;0.5833333333333334;0.4166666666666667;0.4676258992805755;0.3915343915343915
2018-11-30 15:00:00;0.3551471270769516;0.16100257210091393;0.5809659090909091;0.0;0.5833333333333334;0.3333333333333333;0.460431654676259;0.37037037037037035
2018-11-30 16:00:00;0.36545066369627777;0.14403765117933565;0.5823863636363636;0.0;0.5833333333333334;0.3333333333333333;0.44244604316546765;0.35714285714285715
2018-11-30 17:00:00;0.3965469228627123;0.13243583429103048;0.5880681818181818;0.0;0.5555555555555556;0.3333333333333333;0.4316546762589928;0.3439153439153439
2018-11-30 18:00:00;0.41548315232525757;0.13139604881519182;0.59375;0.0;0.5833333333333334;0.3333333333333333;0.420863309352518;0.3253968253968254
2018-11-30 19:00:00;0.3927411120393577;0.12833141793903574;0.5994318181818182;0.0;0.5833333333333334;0.3333333333333333;0.39568345323741005;0.30952380952380953
2018-11-30 20:00:00;0.3891209505244593;0.13150549991791166;0.6008522727272727;0.0;0.5833333333333334;0.3333333333333333;0.3776978417266187;0.291005291005291
2018-11-30 21:00:00;0.3588601132460782;0.13238110873967054;0.6022727272727273;0.0;0.5555555555555556;0.25;0.381294964028777;0.2830687830687831
2018-11-30 22:00:00;0.302979671400724;0.1605647676900345;0.6051136363636364;0.0;0.5833333333333334;0.3333333333333333;0.3920863309352518;0.2777777777777778
2018-11-30 23:00:00;0.33351898264178964;0.13779893832430362;0.6065340909090909;0.0;0.5833333333333334;0.3333333333333333;0.3920863309352518;0.2724867724867725
2018-12-01 00:00:00;0.28107305300287755;0.13369452197230888;0.6051136363636364;0.0;0.5555555555555556;0.3333333333333333;0.38848920863309355;0.2698412698412698
2018-12-01 01:00:00;0.26640675763482785;0.14009741148142066;0.6079545454545454;0.0;0.5833333333333334;0.3333333333333333;0.381294964028777;0.26455026455026454
2018-12-01 02:00:00;0.24264364615241807;0.13506266075630713;0.6022727272727273;0.0;0.5555555555555556;0.3333333333333333;0.381294964028777;0.2619047619047619
2018-12-01 03:00:00;0.23085491506544137;0.13675915284846496;0.6065340909090909;0.0;0.5555555555555556;0.3333333333333333;0.381294964028777;0.26455026455026454
2018-12-01 04:00:00;0.23391812865497078;0.13320199201006952;0.6051136363636364;0.0;0.5833333333333334;0.3333333333333333;0.3920863309352518;0.2724867724867725
2018-12-01 05:00:00;0.2503480924533556;0.1229683139057626;0.6036931818181818;0.0;0.5277777777777778;0.3333333333333333;0.38848920863309355;0.2804232804232804
2018-12-01 06:00:00;0.24654228163000094;0.12729163246319705;0.5965909090909091;0.0;0.5;0.25;0.3920863309352518;0.2724867724867725
2018-12-01 07:00:00;0.2754107490949596;0.1196847808241668;0.6022727272727273;0.0;0.5277777777777778;0.3333333333333333;0.4028776978417266;0.2804232804232804
2018-12-01 08:00:00;0.24923419660261767;0.11317244021233515;0.5994318181818182;0.3;0.5277777777777778;0.3333333333333333;0.39928057553956836;0.2857142857142857
2018-12-01 09:00:00;0.2355889724310777;0.12690855360367756;0.6022727272727273;0.3;0.5277777777777778;0.4166666666666667;0.39928057553956836;0.2962962962962963
2018-12-01 10:00:00;0.25424672793093844;0.14294314015213702;0.5866477272727273;0.0;0.5;0.4166666666666667;0.38848920863309355;0.30423280423280424
2018-12-01 11:00:00;0.2816300009282465;0.14387347452525584;0.578125;0.0;0.4722222222222222;0.4166666666666667;0.4028776978417266;0.31746031746031744
2018-12-01 12:00:00;0.2683560753736192;0.15574891917036063;0.5724431818181818;0.0;0.5;0.3333333333333333;0.4136690647482014;0.328042328042328
2018-12-01 13:00:00;0.2548965005105356;0.160947846549554;0.5582386363636364;0.0;0.5;0.4166666666666667;0.4172661870503597;0.328042328042328
2018-12-01 14:00:00;0.22361459203564465;0.17512176435177584;0.5454545454545454;0.0;0.4722222222222222;0.4166666666666667;0.4316546762589928;0.32275132275132273
2018-12-01 15:00:00;0.2217580989510814;0.17949980846057023;0.5269886363636364;0.0;0.4444444444444444;0.5;0.4460431654676259;0.3148148148148148
2018-12-01 16:00:00;0.193632228719948;0.19963881136102446;0.515625;0.0;0.4722222222222222;0.4166666666666667;0.460431654676259;0.31216931216931215
2018-12-01 17:00:00;0.15288220551378448;0.22754884255458874;0.5014204545454546;0.0;0.5;0.5;0.4712230215827338;0.3148148148148148
2018-12-01 18:00:00;0.15046876450385221;0.22809609806818804;0.4928977272727273;0.0;0.5;0.5;0.4892086330935252;0.328042328042328
2018-12-01 19:00:00;0.14387821405365264;0.22426530947299295;0.48295454545454547;0.0;0.5277777777777778;0.5;0.5035971223021583;0.3386243386243386
2018-12-01 20:00:00;0.13682354033231225;0.21950418650467904;0.47301136363636365;0.0;0.5277777777777778;0.5;0.5143884892086331;0.34656084656084657
2018-12-01 21:00:00;0.12401373804882576;0.213265473649647;0.4659090909090909;0.0;0.5277777777777778;0.5;0.5215827338129496;0.3492063492063492
2018-12-01 22:00:00;0.11194653299916456;0.2073551141027746;0.4616477272727273;0.0;0.5277777777777778;0.4166666666666667;0.5251798561151079;0.35185185185185186
2018-12-01 23:00:00;0.10879049475540702;0.20336014885349968;0.45170454545454547;0.0;0.5277777777777778;0.4166666666666667;0.5359712230215827;0.35714285714285715
2018-12-02 00:00:00;0.11519539589715028;0.19761396596070707;0.44176136363636365;0.0;0.5277777777777778;0.5;0.5431654676258992;0.36243386243386244
2018-12-02 01:00:00;0.10108604845446949;0.1935095496087123;0.43323863636363635;0.0;0.5277777777777778;0.4166666666666667;0.5539568345323741;0.36772486772486773
2018-12-02 02:00:00;0.08846189547943933;0.1874350134077601;0.42045454545454547;0.0;0.5;0.4166666666666667;0.5575539568345323;0.37037037037037035
2018-12-02 03:00:00;0.09143228441474055;0.1817982816176873;0.40767045454545453;0.0;0.5;0.5;0.5575539568345323;0.373015873015873
2018-12-02 04:00:00;0.08233546830038058;0.1814152027581678;0.3991477272727273;0.0;0.5;0.5;0.5611510791366906;0.3783068783068783
2018-12-02 05:00:00;0.0782511835143414;0.18300224374760576;0.3849431818181818;0.0;0.5;0.4166666666666667;0.564748201438849;0.3783068783068783
2018-12-02 06:00:00;0.1025712429221201;0.1739725277732173;0.37642045454545453;0.0;0.5277777777777778;0.4166666666666667;0.579136690647482;0.3888888888888889
2018-12-02 07:00:00;0.11881555741204862;0.1668034805450665;0.3806818181818182;0.0;0.6111111111111112;0.4166666666666667;0.6223021582733813;0.41798941798941797
2018-12-02 08:00:00;0.13190383365821962;0.16784326602090516;0.3849431818181818;0.0;0.6388888888888888;0.4166666666666667;0.6402877697841727;0.43386243386243384
2018-12-02 09:00:00;0.14861227141928898;0.18212663492584688;0.39204545454545453;0.0;0.6388888888888888;0.4166666666666667;0.6474820143884892;0.4417989417989418
2018-12-02 10:00:00;0.16522788452613013;0.20144475455590216;0.3963068181818182;0.0;0.6666666666666666;0.4166666666666667;0.6474820143884892;0.4417989417989418
2018-12-02 11:00:00;0.1711686623967326;0.20401685546981888;0.40198863636363635;0.0;0.6666666666666666;0.4166666666666667;0.6474820143884892;0.4523809523809524
2018-12-02 12:00:00;0.1769237909588787;0.2022656378263011;0.40625;0.0;0.6666666666666666;0.4166666666666667;0.6366906474820144;0.43386243386243384
2018-12-02 13:00:00;0.20356446672236145;0.19739506375526736;0.4119318181818182;0.0;0.6388888888888888;0.4166666666666667;0.6223021582733813;0.43915343915343913
2018-12-02 14:00:00;0.19836628608558432;0.20106167569638267;0.41761363636363635;0.0;0.6388888888888888;0.5;0.6223021582733813;0.4365079365079365
2018-12-02 15:00:00;0.1759027197623689;0.21912110764515955;0.4190340909090909;0.0;0.6388888888888888;0.4166666666666667;0.6187050359712231;0.43915343915343913
2018-12-02 16:00:00;0.16392833936693585;0.21589230011492364;0.42045454545454547;0.0;0.6388888888888888;0.4166666666666667;0.60431654676259;0.4417989417989418
2018-12-02 17:00:00;0.16949781862062566;0.21550922125540414;0.42329545454545453;0.0;0.6666666666666666;0.5;0.5899280575539568;0.43915343915343913
2018-12-02 18:00:00;0.1447136359417061;0.2373994417993761;0.4247159090909091;0.0;0.6388888888888888;0.5;0.579136690647482;0.4312169312169312
2018-12-02 19:00:00;0.16002970388935303;0.23214578886882287;0.4247159090909091;0.0;0.6388888888888888;0.5;0.6079136690647482;0.4417989417989418
2018-12-02 20:00:00;0.13858720876264735;0.2313249055984239;0.42329545454545453;0.0;0.6388888888888888;0.5;0.6115107913669064;0.43915343915343913
2018-12-02 21:00:00;0.1279123735264086;0.23854867837793464;0.4190340909090909;0.0;0.6388888888888888;0.4166666666666667;0.6330935251798561;0.4444444444444444
2018-12-02 22:00:00;0.11992945326278659;0.23406118316642038;0.41761363636363635;0.0;0.6388888888888888;0.4166666666666667;0.6294964028776978;0.4444444444444444
2018-12-02 23:00:00;0.1050775085862805;0.23066819898210475;0.4147727272727273;0.0;0.6388888888888888;0.5;0.6294964028776978;0.43915343915343913
2018-12-03 00:00:00;0.07732293697205977;0.24911070979040112;0.41051136363636365;0.0;0.6388888888888888;0.5;0.6187050359712231;0.4444444444444444
2018-12-03 01:00:00;0.08270676691729323;0.24911070979040112;0.4133522727272727;0.0;0.6388888888888888;0.5;0.6079136690647482;0.4470899470899471
2018-12-03 02:00:00;0.06980413997957857;0.25168281070431786;0.4133522727272727;0.0;0.6666666666666666;0.5;0.6151079136690647;0.43386243386243384
2018-12-03 03:00:00;0.061635570407500236;0.2636129809007826;0.4119318181818182;0.0;0.6944444444444444;0.5;0.5827338129496403;0.43915343915343913
2018-12-03 04:00:00;0.07602339181286549;0.26416023641438185;0.4147727272727273;0.0;0.6944444444444444;0.5;0.5179856115107914;0.41534391534391535
2018-12-03 05:00:00;0.0978371855564838;0.2888961856290702;0.4190340909090909;0.0;0.6388888888888888;0.4166666666666667;0.5683453237410072;0.41798941798941797
2018-12-03 06:00:00;0.22407871530678547;0.20527554315109725;0.421875;0.0;0.6388888888888888;0.4166666666666667;0.5575539568345323;0.41534391534391535
2018-12-03 07:00:00;0.3138401559454191;0.16877360039402398;0.4289772727272727;0.0;0.6388888888888888;0.4166666666666667;0.539568345323741;0.40476190476190477
2018-12-03 08:00:00;0.30892044927132645;0.17090789689706126;0.4303977272727273;0.0;0.6388888888888888;0.5;0.5431654676258992;0.40476190476190477
2018-12-03 09:00:00;0.2521117608836907;0.19723088710118755;0.4318181818181818;0.5;0.6388888888888888;0.4166666666666667;0.5323741007194245;0.4312169312169312
2018-12-03 10:00:00;0.2678919521024784;0.20111640124774258;0.42613636363636365;0.8;0.6388888888888888;0.4166666666666667;0.5575539568345323;0.4365079365079365
2018-12-03 11:00:00;0.23623874501067485;0.20987248946533138;0.4147727272727273;0.0;0.6388888888888888;0.4166666666666667;0.5755395683453237;0.4497354497354497
2018-12-03 12:00:00;0.23466072588879608;0.21676790893668255;0.40767045454545453;0.0;0.6111111111111112;0.4166666666666667;0.5863309352517986;0.4417989417989418
2018-12-03 13:00:00;0.27754571614220735;0.19214141082471406;0.4005681818181818;0.0;0.6111111111111112;0.4166666666666667;0.5827338129496403;0.43386243386243384
2018-12-03 14:00:00;0.2922120115102571;0.18136047720680787;0.3991477272727273;0.0;0.6388888888888888;0.4166666666666667;0.579136690647482;0.42328042328042326
2018-12-03 15:00:00;0.2884062006869024;0.18913150549991795;0.3991477272727273;0.0;0.6388888888888888;0.3333333333333333;0.5827338129496403;0.42857142857142855
2018-12-03 16:00:00;0.35403323122621366;0.15815684343019756;0.4034090909090909;0.0;0.6666666666666666;0.5;0.564748201438849;0.42328042328042326
2018-12-03 17:00:00;0.2615798756149633;0.21479778908772507;0.4133522727272727;0.0;0.6944444444444444;0.4166666666666667;0.5539568345323741;0.41534391534391535
2018-12-03 18:00:00;0.25350413069711314;0.22043452087779786;0.4247159090909091;0.0;0.6944444444444444;0.4166666666666667;0.5503597122302158;0.41005291005291006
2018-12-03 19:00:00;0.3087347999628701;0.18354949926120506;0.4460227272727273;0.0;0.8888888888888888;0.3333333333333333;0.5359712230215827;0.37037037037037035
2018-12-03 20:00:00;0.2501624431448993;0.20801182071909374;0.48295454545454547;0.0;0.9444444444444444;0.3333333333333333;0.4712230215827338;0.3201058201058201
2018-12-03 21:00:00;0.09709458832265849;0.2846823181743556;0.5113636363636364;0.0;0.8888888888888888;0.25;0.4316546762589928;0.3148148148148148
2018-12-03 22:00:00;0.07583774250440917;0.31204509385432055;0.5340909090909091;0.0;0.8055555555555556;0.16666666666666666;0.4136690647482014;0.3148148148148148
2018-12-03 23:00:00;0.13914415668801633;0.27297105018333057;0.5539772727272727;0.0;0.7777777777777778;0.16666666666666666;0.4028776978417266;0.29894179894179895
2018-12-04 00:00:00;0.24106562703053933;0.21649428117988292;0.5738636363636364;0.0;0.75;0.16666666666666666;0.37410071942446044;0.28835978835978837
2018-12-04 01:00:00;0.24208669822704912;0.19739506375526736;0.59375;0.0;0.75;0.16666666666666666;0.3776978417266187;0.28835978835978837
2018-12-04 02:00:00;0.1638355147127077;0.19739506375526736;0.6065340909090909;0.0;0.8055555555555556;0.16666666666666666;0.34532374100719426;0.2328042328042328
2018-12-04 03:00:00;0.14796249883969181;0.25332457724511576;0.6235795454545454;0.0;0.7777777777777778;0.16666666666666666;0.34172661870503596;0.2751322751322751
2018-12-04 04:00:00;0.164578111946533;0.23307612324194166;0.6377840909090909;0.0;0.7222222222222222;0.16666666666666666;0.32014388489208634;0.24867724867724866
2018-12-04 05:00:00;0.28302237074166897;0.16707710830186615;0.6534090909090909;0.0;0.7777777777777778;0.16666666666666666;0.29856115107913667;0.25925925925925924
2018-12-04 06:00:00;0.384386893158823;0.1496743829694084;0.6747159090909091;0.0;0.9166666666666666;0.16666666666666666;0.30935251798561153;0.25132275132275134
2018-12-04 07:00:00;0.5511927968068319;0.09511300826355826;0.6931818181818182;0.0;0.6944444444444444;0.08333333333333333;0.29136690647482016;0.1931216931216931
2018-12-04 08:00:00;0.689037408335654;0.03518852952443496;0.7144886363636364;0.8;0.6666666666666666;0.16666666666666666;0.3345323741007194;0.2619047619047619
2018-12-04 09:00:00;0.8150004641232711;0.018059431948776888;0.7301136363636364;1.0;0.7777777777777778;0.16666666666666666;0.3237410071942446;0.3148148148148148
2018-12-04 10:00:00;0.7600482688201986;0.03206917309691896;0.7414772727272727;0.8;0.9166666666666666;0.16666666666666666;0.2949640287769784;0.32275132275132273
2018-12-04 11:00:00;0.5433027011974381;0.10135172111859027;0.7471590909090909;0.5;0.9166666666666666;0.25;0.2949640287769784;0.3148148148148148
2018-12-04 12:00:00;0.11937250533741761;0.2854484758933946;0.7556818181818182;1.0;0.6666666666666666;0.08333333333333333;0.29136690647482016;0.34656084656084657
2018-12-04 13:00:00;0.27828831337603266;0.22596180156515078;0.765625;1.0;0.8333333333333334;0.16666666666666666;0.2841726618705036;0.3386243386243386
2018-12-04 14:00:00;0.4519632414369256;0.1502216384830077;0.7727272727272727;0.7;0.8611111111111112;0.08333333333333333;0.29856115107913667;0.2804232804232804
2018-12-04 15:00:00;0.6309291747888239;0.08498878126197122;0.7840909090909091;0.0;0.6388888888888888;0.08333333333333333;0.2697841726618705;0.19047619047619047
2018-12-04 16:00:00;0.7994987468671678;0.01455699666174137;0.7869318181818182;0.0;0.5277777777777778;0.08333333333333333;0.27697841726618705;0.1746031746031746
2018-12-04 17:00:00;0.8015408892601874;0.013900290045422209;0.7911931818181818;0.0;0.4166666666666667;0.08333333333333333;0.2589928057553957;0.15608465608465608
2018-12-04 18:00:00;0.768866610971874;0.01592513544573962;0.796875;0.0;0.3611111111111111;0.08333333333333333;0.2517985611510791;0.15079365079365079
2018-12-04 19:00:00;0.7633899563724125;0.016855469818858427;0.8011363636363636;0.0;0.3611111111111111;0.08333333333333333;0.20503597122302158;0.11375661375661375
2018-12-04 20:00:00;0.7186484730344379;0.017074372024298148;0.8039772727272727;0.0;0.4444444444444444;0.08333333333333333;0.2158273381294964;0.12433862433862433
2018-12-04 21:00:00;0.719855193539404;0.017293274229737865;0.8068181818181818;0.0;0.4444444444444444;0.16666666666666666;0.21942446043165467;0.12698412698412698
2018-12-04 22:00:00;0.7194838949224914;0.013681387839982488;0.8053977272727273;0.0;0.4444444444444444;0.16666666666666666;0.2446043165467626;0.1455026455026455
2018-12-04 23:00:00;0.6303722268634548;0.01302468122366333;0.8025568181818182;0.0;0.3888888888888889;0.08333333333333333;0.25539568345323743;0.15343915343915343
2018-12-05 00:00:00;0.5731922398589065;0.0129699556723034;0.7997159090909091;0.0;0.3888888888888889;0.16666666666666666;0.2733812949640288;0.16666666666666666
2018-12-05 01:00:00;0.5365265014387821;0.0124227001587041;0.7982954545454546;0.0;0.4444444444444444;0.16666666666666666;0.2949640287769784;0.18518518518518517
2018-12-05 02:00:00;0.49726167270026916;0.011711267991025011;0.7911931818181818;0.0;0.4166666666666667;0.16666666666666666;0.2949640287769784;0.18783068783068782
2018-12-05 03:00:00;0.47359138587208766;0.01258687681278389;0.7869318181818182;0.0;0.4166666666666667;0.16666666666666666;0.27697841726618705;0.1746031746031746
2018-12-05 04:00:00;0.46245242736470804;0.0129699556723034;0.7826704545454546;0.0;0.4166666666666667;0.16666666666666666;0.2841726618705036;0.1746031746031746
2018-12-05 05:00:00;0.4329341873201522;0.01220379795326438;0.7798295454545454;0.0;0.3888888888888889;0.25;0.29136690647482016;0.18518518518518517
2018-12-05 06:00:00;0.476654599461617;0.011820719093744872;0.7769886363636364;0.0;0.3888888888888889;0.25;0.2841726618705036;0.1931216931216931
2018-12-05 07:00:00;0.4798106377053745;0.011711267991025011;0.7741477272727273;0.0;0.4166666666666667;0.25;0.2805755395683453;0.2037037037037037
2018-12-05 08:00:00;0.49122807017543857;0.01302468122366333;0.765625;0.0;0.4166666666666667;0.3333333333333333;0.28776978417266186;0.20899470899470898
2018-12-05 09:00:00;0.504594820384294;0.018551961911016254;0.7585227272727273;0.0;0.3888888888888889;0.3333333333333333;0.31654676258992803;0.23809523809523808
2018-12-05 10:00:00;0.3812308549150654;0.03436764625403601;0.7400568181818182;0.0;0.3888888888888889;0.3333333333333333;0.3237410071942446;0.24074074074074073
2018-12-05 11:00:00;0.399795785760698;0.045093854320582286;0.7286931818181818;0.0;0.3888888888888889;0.3333333333333333;0.32014388489208634;0.25132275132275134
2018-12-05 12:00:00;0.39190569015130416;0.050675860559295134;0.7144886363636364;0.0;0.3611111111111111;0.3333333333333333;0.34172661870503596;0.2619047619047619
2018-12-05 13:00:00;0.38290169869117235;0.04651671865594046;0.6974431818181818;0.0;0.3888888888888889;0.3333333333333333;0.37050359712230213;0.25925925925925924
2018-12-05 14:00:00;0.4462081128747795;0.030372681004761128;0.6818181818181818;0.0;0.3888888888888889;0.4166666666666667;0.3920863309352518;0.26455026455026454
2018-12-05 15:00:00;0.48046041028497166;0.018989766321895696;0.6690340909090909;0.0;0.4166666666666667;0.4166666666666667;0.4136690647482014;0.2751322751322751
2018-12-05 16:00:00;0.5114638447971781;0.01439282000766158;0.6576704545454546;0.0;0.4166666666666667;0.4166666666666667;0.4316546762589928;0.28835978835978837
2018-12-05 17:00:00;0.42949967511371023;0.02407924259836918;0.6463068181818182;0.0;0.4166666666666667;0.4166666666666667;0.44244604316546765;0.29365079365079366
2018-12-05 18:00:00;0.387264457439896;0.03354676298363707;0.6349431818181818;0.0;0.4166666666666667;0.4166666666666667;0.4460431654676259;0.30687830687830686
2018-12-05 19:00:00;0.34400816856957206;0.04520330542330214;0.6278409090909091;0.0;0.4166666666666667;0.3333333333333333;0.44244604316546765;0.3148148148148148
2018-12-05 20:00:00;0.3123549614777685;0.04651671865594046;0.6235795454545454;0.0;0.4444444444444444;0.3333333333333333;0.460431654676259;0.30952380952380953
2018-12-05 21:00:00;0.3225656734428664;0.04826793629945822;0.6178977272727273;0.0;0.4444444444444444;0.25;0.4712230215827338;0.3148148148148148
2018-12-05 22:00:00;0.2997308085027383;0.061018989766321904;0.6136363636363636;0.0;0.4722222222222222;0.25;0.48201438848920863;0.31746031746031744
2018-12-05 23:00:00;0.23930195860020423;0.07760083182838068;0.6065340909090909;0.0;0.4722222222222222;0.25;0.4892086330935252;0.3253968253968254
2018-12-06 00:00:00;0.20922677063027942;0.08455097685109178;0.6008522727272727;0.0;0.4722222222222222;0.25;0.5071942446043165;0.3333333333333333
2018-12-06 01:00:00;0.1729323308270677;0.0939090461336398;0.6036931818181818;0.0;0.5277777777777778;0.3333333333333333;0.5287769784172662;0.3492063492063492
2018-12-06 02:00:00;0.15845168476747423;0.09883434575603349;0.6036931818181818;0.0;0.5555555555555556;0.25;0.5431654676258992;0.35978835978835977
2018-12-06 03:00:00;0.1422073702775457;0.10293876210802824;0.609375;0.0;0.6111111111111112;0.3333333333333333;0.5539568345323741;0.37037037037037035
2018-12-06 04:00:00;0.15343915343915343;0.09095386636020358;0.6122159090909091;0.0;0.6111111111111112;0.3333333333333333;0.564748201438849;0.3783068783068783
2018-12-06 05:00:00;0.1974380395433027;0.07896897061237894;0.6164772727272727;0.0;0.6388888888888888;0.25;0.5827338129496403;0.3888888888888889
2018-12-06 06:00:00;0.2964819456047526;0.04870574071033766;0.6292613636363636;0.0;0.6666666666666666;0.3333333333333333;0.5899280575539568;0.3968253968253968
2018-12-06 07:00:00;0.3877285807110369;0.02500957697148799;0.6335227272727273;0.0;0.6666666666666666;0.25;0.5971223021582733;0.4021164021164021
2018-12-06 08:00:00;0.42727188341223427;0.017402725332457725;0.6448863636363636;0.0;0.6666666666666666;0.3333333333333333;0.6007194244604317;0.40476190476190477
2018-12-06 09:00:00;0.43460503109625914;0.024407595906528766;0.6534090909090909;0.0;0.6388888888888888;0.25;0.5827338129496403;0.4021164021164021
2018-12-06 10:00:00;0.4923419660261765;0.04613363979642095;0.6491477272727273;0.0;0.6388888888888888;0.4166666666666667;0.5827338129496403;0.3994708994708995
2018-12-06 11:00:00;0.366750208855472;0.11744103321840967;0.6491477272727273;0.0;0.6388888888888888;0.4166666666666667;0.5719424460431655;0.41005291005291006
2018-12-06 12:00:00;0.3526408614127912;0.11738630766704974;0.6491477272727273;0.0;0.6388888888888888;0.4166666666666667;0.5539568345323741;0.41005291005291006
2018-12-06 13:00:00;0.3230297967140073;0.1337492475236688;0.6448863636363636;0.0;0.6388888888888888;0.4166666666666667;0.5683453237410072;0.40476190476190477
2018-12-06 14:00:00;0.3334261579875615;0.1446943577956548;0.6392045454545454;0.0;0.6111111111111112;0.4166666666666667;0.5863309352517986;0.40476190476190477
2018-12-06 15:00:00;0.36610043627587485;0.12652547474415804;0.6392045454545454;0.0;0.6388888888888888;0.4166666666666667;0.5935251798561151;0.42063492063492064
2018-12-06 16:00:00;0.3705560196788267;0.11908279975920757;0.6363636363636364;0.0;0.6666666666666666;0.4166666666666667;0.5935251798561151;0.42857142857142855
2018-12-06 17:00:00;0.3401095330919892;0.12893339900399498;0.6349431818181818;0.0;0.6388888888888888;0.5;0.5971223021582733;0.42592592592592593
2018-12-06 18:00:00;0.271047990346236;0.16286324084715154;0.6335227272727273;0.0;0.6111111111111112;0.5;0.5899280575539568;0.42857142857142855
2018-12-06 19:00:00;0.2057922584238374;0.1846987358397636;0.6321022727272727;0.0;0.6388888888888888;0.5;0.5575539568345323;0.41005291005291006
2018-12-06 20:00:00;0.1500046412327114;0.24998631861216003;0.6292613636363636;0.0;0.6388888888888888;0.5;0.5935251798561151;0.40476190476190477
2018-12-06 21:00:00;0.13895850737956;0.2616428610518251;0.6221590909090909;0.0;0.6388888888888888;0.5;0.5899280575539568;0.3994708994708995
2018-12-06 22:00:00;0.12336396546922862;0.25223006621791716;0.6178977272727273;0.0;0.6388888888888888;0.5;0.6007194244604317;0.40476190476190477
2018-12-06 23:00:00;0.12104334911352455;0.24451376347616705;0.6107954545454546;0.0;0.6388888888888888;0.5;0.5971223021582733;0.4021164021164021
2018-12-07 00:00:00;0.11027568922305762;0.24703113883872382;0.6008522727272727;0.0;0.6388888888888888;0.5;0.5899280575539568;0.4021164021164021
2018-12-07 01:00:00;0.08641975308641973;0.2567175614294314;0.5923295454545454;0.0;0.6388888888888888;0.5;0.5935251798561151;0.4021164021164021
2018-12-07 02:00:00;0.10823354683003805;0.2431456246921688;0.5823863636363636;0.0;0.6388888888888888;0.5;0.5899280575539568;0.40476190476190477
2018-12-07 03:00:00;0.09319595284507565;0.2543643627209544;0.5696022727272727;0.0;0.6111111111111112;0.5;0.5935251798561151;0.4021164021164021
2018-12-07 04:00:00;0.0787153067854822;0.25277732173151646;0.5553977272727273;0.0;0.6111111111111112;0.5;0.5899280575539568;0.3994708994708995
2018-12-07 05:00:00;0.09904390606144992;0.2356482241558584;0.5411931818181818;0.0;0.5833333333333334;0.5;0.5935251798561151;0.4021164021164021
2018-12-07 06:00:00;0.1657848324514991;0.20773819296229412;0.5298295454545454;0.0;0.6111111111111112;0.5833333333333334;0.5935251798561151;0.40476190476190477
2018-12-07 07:00:00;0.1916829109811566;0.19712143599846768;0.5213068181818182;0.0;0.5833333333333334;0.6666666666666666;0.5899280575539568;0.40476190476190477
2018-12-07 08:00:00;0.24264364615241807;0.1817982816176873;0.5028409090909091;0.0;0.5833333333333334;0.6666666666666666;0.5863309352517986;0.40476190476190477
2018-12-07 09:00:00;0.22742040285899934;0.19214141082471406;0.4914772727272727;0.0;0.5833333333333334;0.6666666666666666;0.5827338129496403;0.41005291005291006
2018-12-07 10:00:00;0.21173303629443982;0.19443988398183112;0.4758522727272727;0.0;0.5833333333333334;0.6666666666666666;0.5755395683453237;0.4126984126984127
2018-12-07 11:00:00;0.20458553791887127;0.20139002900454223;0.4460227272727273;0.0;0.5833333333333334;0.6666666666666666;0.5719424460431655;0.41005291005291006
2018-12-07 12:00:00;0.21823076209041123;0.20620587752421607;0.41761363636363635;0.0;0.5555555555555556;0.5833333333333334;0.5755395683453237;0.40476190476190477
2018-12-07 13:00:00;0.21860206070732385;0.2047830131888579;0.3977272727272727;0.0;0.5555555555555556;0.6666666666666666;0.5719424460431655;0.3994708994708995
2018-12-07 14:00:00;0.23958043256288872;0.20927050840037215;0.3778409090909091;0.0;0.5555555555555556;0.5833333333333334;0.5611510791366906;0.3915343915343915
2018-12-07 15:00:00;0.2882205513784461;0.1961911016253489;0.3934659090909091;0.0;0.8333333333333334;0.5833333333333334;0.43884892086330934;0.3306878306878307
2018-12-07 16:00:00;0.2345679012345679;0.23061347343074484;0.4119318181818182;0.0;0.7777777777777778;0.4166666666666667;0.38848920863309355;0.30952380952380953
2018-12-07 17:00:00;0.2139608279959157;0.28927926448858976;0.42329545454545453;0.0;0.6666666666666666;0.3333333333333333;0.381294964028777;0.3148148148148148
2018-12-07 18:00:00;0.3466072588879607;0.21786241996388117;0.44176136363636365;0.0;0.7777777777777778;0.4166666666666667;0.37050359712230213;0.29894179894179895
2018-12-07 19:00:00;0.26473591385872086;0.2422700158704099;0.4559659090909091;0.0;0.6944444444444444;0.3333333333333333;0.35251798561151076;0.29894179894179895
2018-12-07 20:00:00;0.21915900863269283;0.23893175723745416;0.46448863636363635;0.0;0.7222222222222222;0.4166666666666667;0.34172661870503596;0.30423280423280424
2018-12-07 21:00:00;0.19780933816021537;0.2602199967164669;0.4744318181818182;0.0;0.6944444444444444;0.4166666666666667;0.29856115107913667;0.30423280423280424
2018-12-07 22:00:00;0.15483152325257588;0.27893613528156297;0.4772727272727273;0.0;0.6666666666666666;0.4166666666666667;0.302158273381295;0.30158730158730157
2018-12-07 23:00:00;0.1582660354590179;0.2839161604553166;0.4772727272727273;0.0;0.6388888888888888;0.3333333333333333;0.3237410071942446;0.291005291005291
2018-12-08 00:00:00;0.15501717256103223;0.2713292836425327;0.4772727272727273;0.0;0.6111111111111112;0.4166666666666667;0.34532374100719426;0.29894179894179895
2018-12-08 01:00:00;0.12020792722547108;0.2744486400700487;0.47301136363636365;0.0;0.6388888888888888;0.5833333333333334;0.381294964028777;0.291005291005291
2018-12-08 02:00:00;0.07091803583031653;0.2744486400700487;0.4630681818181818;0.0;0.6111111111111112;0.5;0.37410071942446044;0.2857142857142857
2018-12-08 03:00:00;0.09115381045205605;0.27357303124828986;0.45454545454545453;0.0;0.6111111111111112;0.5;0.3920863309352518;0.29894179894179895
2018-12-08 04:00:00;0.09746588693957114;0.26104087998686587;0.4474431818181818;0.0;0.6388888888888888;0.5833333333333334;0.39568345323741005;0.31746031746031744
2018-12-08 05:00:00;0.09941520467836257;0.2660756307119794;0.4403409090909091;0.0;0.6111111111111112;0.5;0.4028776978417266;0.32275132275132273
2018-12-08 06:00:00;0.09022556390977442;0.28150823619547966;0.4403409090909091;0.0;0.6666666666666666;0.5;0.42805755395683454;0.3253968253968254
2018-12-08 07:00:00;0.10127169776292583;0.2870355168828326;0.4375;0.0;0.6666666666666666;0.5833333333333334;0.44244604316546765;0.3253968253968254
2018-12-08 08:00:00;0.11779448621553884;0.28747332129371206;0.43892045454545453;0.0;0.6944444444444444;0.5833333333333334;0.420863309352518;0.3544973544973545
2018-12-08 09:00:00;0.16012252854358117;0.2713292836425327;0.4460227272727273;0.0;0.7222222222222222;0.6666666666666666;0.4028776978417266;0.373015873015873
2018-12-08 10:00:00;0.1846282372598162;0.2713292836425327;0.4502840909090909;0.0;0.7222222222222222;0.6666666666666666;0.3920863309352518;0.37566137566137564
2018-12-08 11:00:00;0.18499953587672885;0.27269742242653094;0.44886363636363635;0.0;0.6944444444444444;0.6666666666666666;0.38489208633093525;0.37566137566137564
2018-12-08 12:00:00;0.16968346792908195;0.28101570623324035;0.453125;0.0;0.7222222222222222;0.6666666666666666;0.3669064748201439;0.37566137566137564
2018-12-08 13:00:00;0.16634178037686811;0.28473704372571557;0.4474431818181818;0.0;0.6944444444444444;0.6666666666666666;0.381294964028777;0.373015873015873
2018-12-08 14:00:00;0.18156502367028685;0.28128933399003997;0.4446022727272727;0.0;0.6944444444444444;0.5833333333333334;0.38489208633093525;0.373015873015873
2018-12-08 15:00:00;0.15056158915808038;0.2899359711049089;0.4318181818181818;0.0;0.6666666666666666;0.5;0.4136690647482014;0.36507936507936506
2018-12-08 16:00:00;0.16123642439431912;0.27603568105948667;0.40482954545454547;0.0;0.6388888888888888;0.5;0.45323741007194246;0.3783068783068783
2018-12-08 17:00:00;0.15213960827995915;0.2824385705685985;0.3806818181818182;0.0;0.5833333333333334;0.5;0.5143884892086331;0.3492063492063492
2018-12-08 18:00:00;0.18026547851109256;0.2714934602966125;0.35511363636363635;0.0;0.6111111111111112;0.5;0.5215827338129496;0.36507936507936506
2018-12-08 19:00:00;0.186206256381695;0.2464838833251245;0.33948863636363635;0.0;0.6111111111111112;0.5833333333333334;0.5071942446043165;0.37037037037037035
2018-12-08 20:00:00;0.14907639469042977;0.24675751108192415;0.3252840909090909;0.0;0.6666666666666666;0.5833333333333334;0.4748201438848921;0.3941798941798942
2018-12-08 21:00:00;0.11296760419567436;0.2937120341487441;0.33238636363636365;0.0;0.7777777777777778;0.5833333333333334;0.4316546762589928;0.31746031746031744
2018-12-08 22:00:00;0.09291747888239116;0.3563180649045039;0.3252840909090909;0.0;0.75;0.4166666666666667;0.4748201438848921;0.335978835978836
2018-12-08 23:00:00;0.12503480924533555;0.34296503037268106;0.3338068181818182;0.0;0.75;0.5833333333333334;0.43884892086330934;0.335978835978836
2018-12-09 00:00:00;0.07490949596212754;0.34772615334099494;0.3366477272727273;0.0;0.75;0.5833333333333334;0.4064748201438849;0.36507936507936506
2018-12-09 01:00:00;0.09152510906896871;0.3387511629179664;0.3409090909090909;0.0;0.7222222222222222;0.5833333333333334;0.4172661870503597;0.3544973544973545
2018-12-09 02:00:00;0.10489185927782417;0.33054233021397694;0.34375;0.0;0.7222222222222222;0.6666666666666666;0.4028776978417266;0.36507936507936506
2018-12-09 03:00:00;0.1151025712429221;0.3267662671701418;0.3465909090909091;0.0;0.75;0.6666666666666666;0.4136690647482014;0.3492063492063492
2018-12-09 04:00:00;0.09551656920077972;0.3260548350024627;0.35511363636363635;0.0;0.7222222222222222;0.6666666666666666;0.4244604316546763;0.3412698412698413
2018-12-09 05:00:00;0.08827624617098301;0.3192141410824714;0.3622159090909091;0.0;0.75;0.5833333333333334;0.42805755395683454;0.3386243386243386
2018-12-09 06:00:00;0.10804789752158171;0.31500027362775684;0.375;0.0;0.7222222222222222;0.5833333333333334;0.4316546762589928;0.335978835978836
2018-12-09 07:00:00;0.08558433119836627;0.30328900563673183;0.3877840909090909;0.0;0.75;0.5;0.4460431654676259;0.3333333333333333
2018-12-09 08:00:00;0.07908660540239487;0.30027910031193566;0.40625;0.0;0.8333333333333334;0.3333333333333333;0.4352517985611511;0.30158730158730157
2018-12-09 09:00:00;0.09876543209876541;0.29130410988890715;0.4190340909090909;0.0;0.8055555555555556;0.3333333333333333;0.4316546762589928;0.30952380952380953
2018-12-09 10:00:00;0.11695906432748537;0.2913588354402671;0.4303977272727273;0.0;0.8055555555555556;0.3333333333333333;0.420863309352518;0.31746031746031744
2018-12-09 11:00:00;0.1164021164021164;0.29568215399770154;0.4474431818181818;0.3;0.8055555555555556;0.3333333333333333;0.4352517985611511;0.3492063492063492
2018-12-09 12:00:00;0.17237538290169868;0.2606578011273463;0.4659090909090909;0.3;0.8611111111111112;0.4166666666666667;0.41007194244604317;0.34656084656084657
2018-12-09 13:00:00;0.10164299637983848;0.2995129425928966;0.484375;0.5;0.8333333333333334;0.4166666666666667;0.4064748201438849;0.3492063492063492
2018-12-09 14:00:00;0.10155017172561032;0.31729874678487385;0.5099431818181818;0.7;0.8333333333333334;0.4166666666666667;0.39568345323741005;0.3201058201058201
2018-12-09 15:00:00;0.1256845818249327;0.2985278826684179;0.5369318181818182;0.0;0.8333333333333334;0.4166666666666667;0.381294964028777;0.29365079365079366
2018-12-09 16:00:00;0.12698412698412698;0.28621463361243366;0.5596590909090909;0.0;0.8611111111111112;0.3333333333333333;0.37050359712230213;0.30423280423280424
2018-12-09 17:00:00;0.16151489835700364;0.2871996935369124;0.5823863636363636;0.0;0.7777777777777778;0.3333333333333333;0.34532374100719426;0.29894179894179895
2018-12-09 18:00:00;0.17868745938921377;0.28068735292508074;0.6079545454545454;0.0;0.8888888888888888;0.25;0.34532374100719426;0.2804232804232804
2018-12-09 19:00:00;0.2130325814536341;0.2598369178569474;0.6164772727272727;0.0;0.8055555555555556;0.3333333333333333;0.33093525179856115;0.2724867724867725
2018-12-09 20:00:00;0.13199665831244778;0.3138510370491983;0.6306818181818182;0.0;0.8333333333333334;0.4166666666666667;0.28776978417266186;0.28835978835978837
2018-12-09 21:00:00;0.09171075837742503;0.33836808405844687;0.6448863636363636;0.0;0.8055555555555556;0.3333333333333333;0.29136690647482016;0.2751322751322751
2018-12-09 22:00:00;0.1060985797827903;0.344552071362119;0.6590909090909091;0.0;0.8611111111111112;0.3333333333333333;0.302158273381295;0.25132275132275134
2018-12-09 23:00:00;0.11268913023298986;0.3506813331144311;0.671875;0.0;0.8055555555555556;0.3333333333333333;0.28776978417266186;0.25396825396825395
2018-12-10 00:00:00;0.061821219715956555;0.37142231707984463;0.6789772727272727;0.0;0.8333333333333334;0.3333333333333333;0.29136690647482016;0.24867724867724866
2018-12-10 01:00:00;0.040100250626566414;0.3677557051387293;0.6875;0.0;0.8333333333333334;0.25;0.29856115107913667;0.24603174603174602
2018-12-10 02:00:00;0.06804047154924348;0.33940786953428553;0.6917613636363636;0.0;0.7777777777777778;0.25;0.2949640287769784;0.25132275132275134
2018-12-10 03:00:00;0.05912930474333983;0.33683576862036885;0.7017045454545454;0.0;0.8611111111111112;0.3333333333333333;0.31654676258992803;0.25132275132275134
2018-12-10 04:00:00;0.06302794022092267;0.3413232638318831;0.7088068181818182;0.0;0.8333333333333334;0.25;0.26618705035971224;0.24074074074074073
2018-12-10 05:00:00;0.09236053095702218;0.32490559842390415;0.7173295454545454;0.0;0.8055555555555556;0.16666666666666666;0.29136690647482016;0.23015873015873015
2018-12-10 06:00:00;0.4435161979021628;0.1664751272369069;0.7230113636363636;0.0;0.8055555555555556;0.08333333333333333;0.27697841726618705;0.20105820105820105
2018-12-10 07:00:00;0.7924440731458275;0.02511902807420785;0.7315340909090909;0.0;0.8333333333333334;0.25;0.2949640287769784;0.2222222222222222
2018-12-10 08:00:00;0.7595841455490577;0.033601488534997;0.734375;0.2;0.7777777777777778;0.16666666666666666;0.3129496402877698;0.25132275132275134
2018-12-10 09:00:00;0.6585909217488165;0.07677994855798173;0.7428977272727273;0.0;0.8333333333333334;0.4166666666666667;0.32014388489208634;0.25925925925925924
2018-12-10 10:00:00;0.17339645409820847;0.27630930881628635;0.7443181818181818;0.0;0.8333333333333334;0.3333333333333333;0.3381294964028777;0.2619047619047619
2018-12-10 11:00:00;0.18026547851109256;0.2702347726153341;0.7428977272727273;0.0;0.8055555555555556;0.25;0.32014388489208634;0.28835978835978837
2018-12-10 12:00:00;0.24217952288127725;0.25923493679198817;0.7443181818181818;0.7;0.8333333333333334;0.4166666666666667;0.2805755395683453;0.291005291005291
2018-12-10 13:00:00;0.14916921934465793;0.321895693099108;0.7485795454545454;0.7;0.8333333333333334;0.3333333333333333;0.2446043165467626;0.30158730158730157
2018-12-10 14:00:00;0.22268634549336305;0.2827121983253981;0.7627840909090909;0.8;0.9166666666666666;0.4166666666666667;0.2697841726618705;0.2671957671957672
2018-12-10 15:00:00;0.18295739348370926;0.3064083620642478;0.765625;0.0;0.8333333333333334;0.25;0.26618705035971224;0.25396825396825395
2018-12-10 16:00:00;0.2581453634085213;0.26941388934493515;0.7670454545454546;0.0;0.8055555555555556;0.25;0.2805755395683453;0.23809523809523808
2018-12-10 17:00:00;0.2994523345400538;0.23975264050785314;0.7698863636363636;0.0;0.8055555555555556;0.25;0.26618705035971224;0.24074074074074073
2018-12-10 18:00:00;0.30539311241065625;0.23345920210146118;0.7727272727272727;0.0;0.8055555555555556;0.25;0.27697841726618705;0.24867724867724866
2018-12-10 19:00:00;0.4424023020514249;0.16581842062058774;0.7769886363636364;0.0;0.8333333333333334;0.16666666666666666;0.302158273381295;0.23544973544973544
2018-12-10 20:00:00;0.43330548593706486;0.14589831992557326;0.7755681818181818;0.0;0.8611111111111112;0.25;0.30935251798561153;0.25396825396825395
2018-12-10 21:00:00;0.15316067947646894;0.2639960597603021;0.7755681818181818;0.0;0.8333333333333334;0.25;0.28776978417266186;0.23544973544973544
2018-12-10 22:00:00;0.21331105541631856;0.22596180156515078;0.7784090909090909;0.0;0.8611111111111112;0.25;0.28776978417266186;0.23809523809523808
2018-12-10 23:00:00;0.18007982920263624;0.24385705685984788;0.7798295454545454;0.0;0.8055555555555556;0.16666666666666666;0.29136690647482016;0.21957671957671956
2018-12-11 00:00:00;0.2097837185556484;0.22667323373282988;0.7769886363636364;0.0;0.8333333333333334;0.16666666666666666;0.26258992805755393;0.2222222222222222
2018-12-11 01:00:00;0.14127912373526408;0.2483445520713621;0.7755681818181818;0.0;0.7777777777777778;0.16666666666666666;0.26258992805755393;0.20634920634920634
2018-12-11 02:00:00;0.0943098486958136;0.27450336562140865;0.7769886363636364;0.0;0.8055555555555556;0.16666666666666666;0.24820143884892087;0.20105820105820105
2018-12-11 03:00:00;0.17813051146384482;0.22311607289443441;0.7741477272727273;0.0;0.8333333333333334;0.16666666666666666;0.24100719424460432;0.17195767195767195
2018-12-11 04:00:00;0.11306042884990253;0.25907076013790836;0.7769886363636364;0.0;0.7777777777777778;0.16666666666666666;0.26618705035971224;0.20634920634920634
2018-12-11 05:00:00;0.24626380766731645;0.19755924040934714;0.7784090909090909;0.0;0.9722222222222222;0.16666666666666666;0.29136690647482016;0.23015873015873015
2018-12-11 06:00:00;0.33045576905226026;0.19870847698790567;0.7769886363636364;0.0;0.7777777777777778;0.16666666666666666;0.2697841726618705;0.20899470899470898
2018-12-11 07:00:00;0.5647451963241437;0.10939637716849997;0.78125;0.0;0.7777777777777778;0.16666666666666666;0.2733812949640288;0.21957671957671956
2018-12-11 08:00:00;0.7012902626937714;0.05341213812729163;0.7855113636363636;0.3;0.8611111111111112;0.16666666666666666;0.29856115107913667;0.24867724867724866
2018-12-11 09:00:00;0.6111575234382252;0.09347124172276035;0.7869318181818182;0.7;0.8611111111111112;0.16666666666666666;0.29856115107913667;0.26455026455026454
2018-12-11 10:00:00;0.6123642439431913;0.08444152574837192;0.7869318181818182;0.8;0.8333333333333334;0.16666666666666666;0.31654676258992803;0.28835978835978837
2018-12-11 11:00:00;0.5777406479160865;0.10458052864882614;0.7855113636363636;0.2;0.8055555555555556;0.16666666666666666;0.3237410071942446;0.2857142857142857
2018-12-11 12:00:00;0.518240044555834;0.12247578394352324;0.7826704545454546;0.2;0.7777777777777778;0.16666666666666666;0.34172661870503596;0.291005291005291
2018-12-11 13:00:00;0.5498932516476376;0.10392382203250697;0.7798295454545454;0.2;0.8611111111111112;0.16666666666666666;0.34172661870503596;0.2671957671957672
2018-12-11 14:00:00;0.3134688573285065;0.19832539812838618;0.78125;0.3;0.8611111111111112;0.08333333333333333;0.3237410071942446;0.24867724867724866
2018-12-11 15:00:00;0.4182678919521025;0.16275378974443167;0.7826704545454546;0.0;0.8333333333333334;0.08333333333333333;0.302158273381295;0.2275132275132275
2018-12-11 16:00:00;0.4316346421609579;0.1678979915722651;0.7826704545454546;0.0;0.7777777777777778;0.08333333333333333;0.3129496402877698;0.20899470899470898
2018-12-11 17:00:00;0.7222686345493363;0.04525803097466207;0.7883522727272727;0.0;0.8333333333333334;0.08333333333333333;0.31654676258992803;0.21693121693121692
2018-12-11 18:00:00;0.7738791423001949;0.019974826246374436;0.7897727272727273;0.0;0.8611111111111112;0.08333333333333333;0.29856115107913667;0.18518518518518517
2018-12-11 19:00:00;0.7490021349670472;0.018442510808296394;0.7911931818181818;0.0;0.8055555555555556;0.08333333333333333;0.24100719424460432;0.14285714285714285
2018-12-11 20:00:00;0.7803768680961664;0.01275105346686368;0.7940340909090909;0.0;0.8055555555555556;0.08333333333333333;0.22302158273381295;0.12698412698412698
2018-12-11 21:00:00;0.7701661561310684;0.01302468122366333;0.7954545454545454;0.0;0.8611111111111112;0.08333333333333333;0.20503597122302158;0.1164021164021164
2018-12-11 22:00:00;0.7708159287106656;0.013353034531822912;0.7954545454545454;0.0;0.9166666666666666;0.08333333333333333;0.17985611510791366;0.09523809523809523
2018-12-11 23:00:00;0.7039821776663882;0.01291523012094347;0.7926136363636364;0.0;0.9444444444444444;0.08333333333333333;0.1618705035971223;0.082010582010582
2018-12-12 00:00:00;0.5483152325257589;0.01318885787774312;0.7940340909090909;0.0;0.0;0.0;0.1366906474820144;0.06349206349206349
2018-12-12 01:00:00;0.5019029054116774;0.012258523504624311;0.7954545454545454;0.0;0.9444444444444444;0.0;0.11510791366906475;0.047619047619047616
2018-12-12 02:00:00;0.40601503759398494;0.012258523504624311;0.7997159090909091;0.0;0.0;0.0;0.09352517985611511;0.03968253968253968
2018-12-12 03:00:00;0.36656455954701567;0.01395501559678214;0.796875;0.0;0.0;0.0;0.09352517985611511;0.031746031746031744
2018-12-12 04:00:00;0.3431727466815186;0.01384556449406228;0.7997159090909091;0.0;0.0;0.0;0.08992805755395683;0.031746031746031744
2018-12-12 05:00:00;0.3701847210619141;0.013790838942702348;0.8039772727272727;0.0;0.1111111111111111;0.08333333333333333;0.12949640287769784;0.06084656084656084
2018-12-12 06:00:00;0.5200965376403973;0.01384556449406228;0.8096590909090909;0.0;0.1111111111111111;0.08333333333333333;0.1510791366906475;0.07671957671957672
2018-12-12 07:00:00;0.5693864290355518;0.01302468122366333;0.8153409090909091;0.0;0.19444444444444445;0.08333333333333333;0.1906474820143885;0.10317460317460317
2018-12-12 08:00:00;0.5545344843590457;0.013353034531822912;0.8196022727272727;0.0;0.25;0.16666666666666666;0.22661870503597123;0.1402116402116402
2018-12-12 09:00:00;0.4967047247749002;0.01630821430525913;0.8224431818181818;0.0;0.2222222222222222;0.25;0.2302158273381295;0.17724867724867724
2018-12-12 10:00:00;0.4010025062656642;0.03458654845947573;0.8196022727272727;0.0;0.25;0.16666666666666666;0.23381294964028776;0.20105820105820105
2018-12-12 11:00:00;0.3670286828181565;0.055053904668089536;0.8110795454545454;0.0;0.25;0.25;0.24100719424460432;0.21164021164021163
2018-12-12 12:00:00;0.32878492527615333;0.08121271821813605;0.8068181818181818;0.0;0.25;0.25;0.22661870503597123;0.1984126984126984
2018-12-12 13:00:00;0.35106284229091245;0.06753133037815356;0.8053977272727273;0.0;0.25;0.3333333333333333;0.2302158273381295;0.20634920634920634
2018-12-12 14:00:00;0.33277638540796434;0.09128221966836317;0.8039772727272727;0.0;0.25;0.25;0.1906474820143885;0.20634920634920634
2018-12-12 15:00:00;0.3085491506544138;0.1200678596836863;0.8039772727272727;0.0;0.25;0.25;0.18705035971223022;0.1984126984126984
2018-12-12 16:00:00;0.3270212568458183;0.11049088819569856;0.8011363636363636;0.0;0.16666666666666666;0.16666666666666666;0.17625899280575538;0.16666666666666666
2018-12-12 17:00:00;0.3679569293604381;0.058337437749685334;0.8025568181818182;0.0;0.16666666666666666;0.16666666666666666;0.15827338129496402;0.12962962962962962
2018-12-12 18:00:00;0.4275503573749188;0.026760794615005752;0.8011363636363636;0.0;0.19444444444444445;0.25;0.19424460431654678;0.12698412698412698
2018-12-12 19:00:00;0.37668244685788543;0.01554205658622011;0.7997159090909091;0.0;0.2222222222222222;0.25;0.20503597122302158;0.12962962962962962
2018-12-12 20:00:00;0.3135616819827346;0.014228643353581788;0.7982954545454546;0.0;0.2222222222222222;0.25;0.18705035971223022;0.1164021164021164
2018-12-12 21:00:00;0.30539311241065625;0.014009741148142069;0.7940340909090909;0.0;0.2222222222222222;0.25;0.1906474820143885;0.11375661375661375
2018-12-12 22:00:00;0.29954515919428193;0.01340776008318284;0.7897727272727273;0.0;0.2222222222222222;0.25;0.18345323741007194;0.10582010582010581
2018-12-12 23:00:00;0.2880349020699898;0.01247742571006403;0.7840909090909091;0.0;0.19444444444444445;0.3333333333333333;0.19424460431654678;0.11375661375661375
2018-12-13 00:00:00;0.2709551656920078;0.012532151261423959;0.7755681818181818;0.0;0.2222222222222222;0.4166666666666667;0.2014388489208633;0.1164021164021164
2018-12-13 01:00:00;0.26928432191590085;0.01576095879165983;0.7727272727272727;0.0;0.19444444444444445;0.4166666666666667;0.2014388489208633;0.1111111111111111
2018-12-13 02:00:00;0.21108326371484268;0.04350681333114432;0.7670454545454546;0.0;0.1388888888888889;0.25;0.17625899280575538;0.10582010582010581
2018-12-13 03:00:00;0.1578019121878771;0.07984457943413781;0.7627840909090909;0.0;0.1388888888888889;0.3333333333333333;0.1618705035971223;0.08994708994708994
2018-12-13 04:00:00;0.15464587394411955;0.08340174027253325;0.7571022727272727;0.0;0.16666666666666666;0.3333333333333333;0.17985611510791366;0.10052910052910052
2018-12-13 05:00:00;0.17664531699619418;0.07196410003830789;0.7542613636363636;0.0;0.19444444444444445;0.3333333333333333;0.19424460431654678;0.10846560846560846
2018-12-13 06:00:00;0.2047711872273276;0.05822798664696548;0.7571022727272727;0.0;0.19444444444444445;0.3333333333333333;0.17985611510791366;0.10582010582010581
2018-12-13 07:00:00;0.24728487886382622;0.05045695835385542;0.7627840909090909;0.0;0.19444444444444445;0.3333333333333333;0.16906474820143885;0.09788359788359788
2018-12-13 08:00:00;0.30279402209226775;0.04454659880698299;0.7684659090909091;0.7;0.16666666666666666;0.3333333333333333;0.17625899280575538;0.10846560846560846
2018-12-13 09:00:00;0.29954515919428193;0.055053904668089536;0.7613636363636364;1.0;0.19444444444444445;0.3333333333333333;0.17266187050359713;0.12962962962962962
2018-12-13 10:00:00;0.25972338253040006;0.07765555737974061;0.7571022727272727;1.0;0.2222222222222222;0.4166666666666667;0.17625899280575538;0.15343915343915343
2018-12-13 11:00:00;0.19910888331940965;0.12083401740272533;0.7514204545454546;1.0;0.19444444444444445;0.5;0.16906474820143885;0.164021164021164
2018-12-13 12:00:00;0.1794300566230391;0.14907240190444918;0.7428977272727273;1.0;0.19444444444444445;0.5;0.17625899280575538;0.16137566137566137
2018-12-13 13:00:00;0.19186856028961294;0.1430525912548569;0.7414772727272727;1.0;0.16666666666666666;0.4166666666666667;0.16906474820143885;0.16666666666666666
2018-12-13 14:00:00;0.1779448621553885;0.1513161495102063;0.7457386363636364;0.8;0.19444444444444445;0.4166666666666667;0.1618705035971223;0.15873015873015872
2018-12-13 15:00:00;0.21442495126705655;0.12521206151151973;0.75;0.0;0.1388888888888889;0.25;0.1618705035971223;0.13756613756613756
2018-12-13 16:00:00;0.2892416225749559;0.07437202429814481;0.75;0.0;0.1388888888888889;0.25;0.1618705035971223;0.12698412698412698
2018-12-13 17:00:00;0.3195952845075652;0.0518798226892136;0.75;0.0;0.1388888888888889;0.25;0.1510791366906475;0.1111111111111111
2018-12-13 18:00:00;0.3173674928060893;0.054835002462649815;0.7528409090909091;0.0;0.1388888888888889;0.25;0.15467625899280577;0.10582010582010581
2018-12-13 19:00:00;0.3225656734428664;0.04717342527225963;0.7613636363636364;0.0;0.1111111111111111;0.25;0.17266187050359713;0.12433862433862433
2018-12-13 20:00:00;0.2512763389956372;0.07513818201718384;0.7642045454545454;0.0;0.1388888888888889;0.3333333333333333;0.17985611510791366;0.13227513227513227
2018-12-13 21:00:00;0.21888053467000837;0.08433207464565207;0.7613636363636364;0.0;0.1388888888888889;0.25;0.17625899280575538;0.12962962962962962
2018-12-13 22:00:00;0.19827346143135616;0.08608329228916982;0.7642045454545454;0.0;0.16666666666666666;0.25;0.17266187050359713;0.12169312169312169
2018-12-13 23:00:00;0.17673814165042237;0.08427734909429213;0.7613636363636364;0.0;0.1111111111111111;0.25;0.16546762589928057;0.10846560846560846
2018-12-14 00:00:00;0.1763668430335097;0.07519290756854376;0.7627840909090909;0.0;0.1111111111111111;0.25;0.16546762589928057;0.10052910052910052
2018-12-14 01:00:00;0.16541353383458646;0.0697750779839107;0.7642045454545454;0.0;0.1111111111111111;0.25;0.15467625899280577;0.09259259259259259
2018-12-14 02:00:00;0.1676413255360624;0.06441197395063757;0.7613636363636364;0.0;0.1111111111111111;0.25;0.15467625899280577;0.08465608465608465
2018-12-14 03:00:00;0.1768309663046505;0.05253652930553276;0.7613636363636364;0.0;0.1111111111111111;0.25;0.17625899280575538;0.10582010582010581
2018-12-14 04:00:00;0.17237538290169868;0.052591254856892686;0.7627840909090909;0.0;0.1111111111111111;0.25;0.17985611510791366;0.10582010582010581
2018-12-14 05:00:00;0.17525294718277176;0.05308378481913206;0.7642045454545454;0.0;0.1111111111111111;0.25;0.18345323741007194;0.10317460317460317
2018-12-14 06:00:00;0.22658498097094587;0.03239752640507853;0.7741477272727273;0.0;0.08333333333333333;0.16666666666666666;0.19424460431654678;0.1164021164021164
2018-12-14 07:00:00;0.2734614313561682;0.018333059705576533;0.78125;0.0;0.08333333333333333;0.16666666666666666;0.18705035971223022;0.10846560846560846
2018-12-14 08:00:00;0.2767102942541539;0.017074372024298148;0.7869318181818182;0.7;0.1388888888888889;0.25;0.18705035971223022;0.11375661375661375
2018-12-14 09:00:00;0.26399331662489556;0.026924971269085538;0.7883522727272727;1.0;0.16666666666666666;0.3333333333333333;0.18705035971223022;0.13227513227513227
2018-12-14 10:00:00;0.2056994337696092;0.056367317900727854;0.7840909090909091;1.0;0.19444444444444445;0.3333333333333333;0.16546762589928057;0.15079365079365079
2018-12-14 11:00:00;0.1670843776106934;0.09566026377715756;0.7826704545454546;1.0;0.2222222222222222;0.4166666666666667;0.1618705035971223;0.16666666666666666
2018-12-14 12:00:00;0.20077972709551659;0.10720735511410277;0.78125;1.0;0.25;0.3333333333333333;0.1510791366906475;0.17989417989417988
2018-12-14 13:00:00;0.16439246263807666;0.1269632791550375;0.78125;1.0;0.25;0.25;0.14028776978417265;0.1746031746031746
2018-12-14 14:00:00;0.1990160586651815;0.13079406775023258;0.7911931818181818;0.7;0.1388888888888889;0.3333333333333333;0.1618705035971223;0.16137566137566137
2018-12-14 15:00:00;0.21628144435161978;0.10096864225907076;0.7982954545454546;0.0;0.16666666666666666;0.25;0.15467625899280577;0.13227513227513227
2018-12-14 16:00:00;0.2680776014109348;0.05587478793848849;0.8053977272727273;0.0;0.1111111111111111;0.08333333333333333;0.15827338129496402;0.13756613756613756
2018-12-14 17:00:00;0.333147684024877;0.030427406556121056;0.8039772727272727;0.0;0.1111111111111111;0.16666666666666666;0.15827338129496402;0.12962962962962962
2018-12-14 18:00:00;0.3629443980321173;0.019263394078695345;0.8110795454545454;0.0;0.1388888888888889;0.16666666666666666;0.16546762589928057;0.12433862433862433
2018-12-14 19:00:00;0.370741668987283;0.016144037651179336;0.8068181818181818;0.0;0.16666666666666666;0.16666666666666666;0.15467625899280577;0.12962962962962962
2018-12-14 20:00:00;0.36563631300473404;0.017621627537897446;0.8039772727272727;0.0;0.19444444444444445;0.25;0.12589928057553956;0.1349206349206349
2018-12-14 21:00:00;0.27828831337603266;0.06353636512887868;0.7997159090909091;0.0;0.2777777777777778;0.25;0.12589928057553956;0.1349206349206349
2018-12-14 22:00:00;0.25071939107026825;0.07119794231926888;0.8039772727272727;0.0;0.2222222222222222;0.16666666666666666;0.12949640287769784;0.12698412698412698
2018-12-14 23:00:00;0.325721711686624;0.045805286488261376;0.8068181818181818;0.0;0.19444444444444445;0.16666666666666666;0.12589928057553956;0.12433862433862433
2018-12-15 00:00:00;0.2832080200501253;0.046680895310020246;0.8110795454545454;0.0;0.2777777777777778;0.16666666666666666;0.14028776978417265;0.1164021164021164
2018-12-15 01:00:00;0.2776385407964355;0.0469545230668199;0.8096590909090909;0.0;0.2222222222222222;0.08333333333333333;0.13309352517985612;0.11375661375661375
2018-12-15 02:00:00;0.22547108512020794;0.05762600558200625;0.8039772727272727;0.0;0.2777777777777778;0.16666666666666666;0.1223021582733813;0.11375661375661375
2018-12-15 03:00:00;0.2150747238466537;0.058775242160564775;0.8011363636363636;0.0;0.3055555555555556;0.25;0.1223021582733813;0.10846560846560846
2018-12-15 04:00:00;0.21860206070732385;0.055546434630328906;0.7997159090909091;0.0;0.3333333333333333;0.25;0.11510791366906475;0.1111111111111111
2018-12-15 05:00:00;0.30483616448528733;0.029551797734362176;0.7982954545454546;0.0;0.3333333333333333;0.25;0.09712230215827339;0.1111111111111111
2018-12-15 06:00:00;0.3212661282836721;0.02944234663164232;0.796875;0.0;0.3611111111111111;0.25;0.06474820143884892;0.11375661375661375
2018-12-15 07:00:00;0.29332590736099506;0.059486674328243866;0.7982954545454546;0.0;0.3611111111111111;0.25;0.06115107913669065;0.11375661375661375
2018-12-15 08:00:00;0.27309013273925553;0.07234717889782741;0.8025568181818182;0.0;0.3888888888888889;0.25;0.05755395683453238;0.1164021164021164
2018-12-15 09:00:00;0.31281908474890935;0.06605374049143546;0.796875;0.0;0.3888888888888889;0.3333333333333333;0.01079136690647482;0.11904761904761904
2018-12-15 10:00:00;0.29044834307992207;0.08827231434356701;0.7840909090909091;0.0;0.3888888888888889;0.4166666666666667;0.0;0.12169312169312169
2018-12-15 11:00:00;0.24895572263993315;0.1260876703332786;0.7741477272727273;0.0;0.4166666666666667;0.4166666666666667;0.014388489208633094;0.11904761904761904
2018-12-15 12:00:00;0.19567437111296762;0.15033108958572758;0.7585227272727273;0.0;0.4166666666666667;0.5;0.0035971223021582736;0.12169312169312169
2018-12-15 13:00:00;0.21423930195860022;0.1545449570404422;0.7457386363636364;0.0;0.3888888888888889;0.5;0.014388489208633094;0.12169312169312169
2018-12-15 14:00:00;0.20783440081685695;0.15492803589996168;0.7286931818181818;0.0;0.3888888888888889;0.5;0.025179856115107913;0.12169312169312169
2018-12-15 15:00:00;0.19910888331940965;0.14058994144366005;0.71875;0.0;0.4166666666666667;0.5833333333333334;0.025179856115107913;0.12169312169312169
2018-12-15 16:00:00;0.2310405643738977;0.14009741148142066;0.6988636363636364;0.0;0.3611111111111111;0.5833333333333334;0.03597122302158273;0.10582010582010581
2018-12-15 17:00:00;0.20300751879699247;0.14814206753133038;0.6818181818181818;0.0;0.3611111111111111;0.5833333333333334;0.039568345323741004;0.10317460317460317
2018-12-15 18:00:00;0.23837371205792257;0.11919225086192743;0.6676136363636364;0.0;0.3611111111111111;0.5833333333333334;0.039568345323741004;0.09523809523809523
2018-12-15 19:00:00;0.24468578854543765;0.1025009576971488;0.6477272727272727;0.0;0.3611111111111111;0.5833333333333334;0.04316546762589928;0.09259259259259259
2018-12-15 20:00:00;0.2458925090504038;0.09735675586931539;0.625;0.0;0.3611111111111111;0.6666666666666666;0.039568345323741004;0.10052910052910052
2018-12-15 21:00:00;0.23707416689872832;0.10124227001587041;0.6150568181818182;0.0;0.3888888888888889;0.6666666666666666;0.04316546762589928;0.10846560846560846
2018-12-15 22:00:00;0.2245428385779263;0.10386909648114706;0.6122159090909091;0.0;0.3888888888888889;0.5833333333333334;0.04316546762589928;0.11904761904761904
2018-12-15 23:00:00;0.19214703425229743;0.121873802878564;0.6051136363636364;0.0;0.3888888888888889;0.5833333333333334;0.1366906474820144;0.07671957671957672
2018-12-16 00:00:00;0.16977629258331015;0.11864499534832813;0.5923295454545454;0.0;0.3888888888888889;0.5833333333333334;0.14028776978417265;0.08465608465608465
2018-12-16 01:00:00;0.1542745753272069;0.11656542439665078;0.5880681818181818;0.0;0.4166666666666667;0.5;0.1474820143884892;0.082010582010582
2018-12-16 02:00:00;0.15195395897150282;0.11656542439665078;0.5752840909090909;0.0;0.4166666666666667;0.5;0.15467625899280577;0.0873015873015873
2018-12-16 03:00:00;0.15566694514062934;0.11705795435889017;0.5696022727272727;0.0;0.4444444444444444;0.5;0.15827338129496402;0.09259259259259259
2018-12-16 04:00:00;0.15446022463566322;0.11568981557489193;0.5681818181818182;0.0;0.4444444444444444;0.4166666666666667;0.16546762589928057;0.09259259259259259
2018-12-16 05:00:00;0.16058665181472198;0.11114759481201773;0.5639204545454546;0.0;0.4444444444444444;0.3333333333333333;0.18345323741007194;0.10052910052910052
2018-12-16 06:00:00;0.16745567622760607;0.10737153176818255;0.5639204545454546;0.0;0.4444444444444444;0.25;0.19784172661870503;0.10582010582010581
2018-12-16 07:00:00;0.20245057087162352;0.09987413123187217;0.5710227272727273;0.0;0.4444444444444444;0.25;0.20863309352517986;0.1111111111111111
2018-12-16 08:00:00;0.23633156966490299;0.08734197997044821;0.5724431818181818;0.0;0.4166666666666667;0.25;0.21942446043165467;0.1164021164021164
2018-12-16 09:00:00;0.2636220180079829;0.06895419471351175;0.578125;0.0;0.4444444444444444;0.16666666666666666;0.23741007194244604;0.12962962962962962
2018-12-16 10:00:00;0.294996751137102;0.06145679417720134;0.5767045454545454;0.0;0.4166666666666667;0.16666666666666666;0.24820143884892087;0.13756613756613756
2018-12-16 11:00:00;0.2980599647266314;0.059541399879603794;0.5767045454545454;0.0;0.4444444444444444;0.16666666666666666;0.26618705035971224;0.15079365079365079
2018-12-16 12:00:00;0.3526408614127912;0.04739232747769934;0.5795454545454546;0.0;0.4722222222222222;0.16666666666666666;0.2697841726618705;0.15343915343915343
2018-12-16 13:00:00;0.39292676134781396;0.03978547583866907;0.5795454545454546;0.0;0.4444444444444444;0.16666666666666666;0.2733812949640288;0.15608465608465608
2018-12-16 14:00:00;0.40443701847210617;0.037979532643791385;0.5823863636363636;0.0;0.4444444444444444;0.25;0.27697841726618705;0.15873015873015872
2018-12-16 15:00:00;0.42328042328042326;0.028457286707163576;0.5866477272727273;0.0;0.5;0.25;0.2841726618705036;0.164021164021164
2018-12-16 16:00:00;0.417432470064049;0.019044491873255628;0.5909090909090909;0.0;0.5;0.25;0.302158273381295;0.17724867724867724
2018-12-16 17:00:00;0.46143135616819825;0.014338094456301648;0.5951704545454546;0.0;0.5277777777777778;0.25;0.30935251798561153;0.18253968253968253
2018-12-16 18:00:00;0.4577183699990718;0.0221091227494117;0.6036931818181818;0.0;0.5;0.16666666666666666;0.31654676258992803;0.18783068783068782
2018-12-16 19:00:00;0.42374454655156407;0.03568105948667433;0.6065340909090909;0.0;0.4722222222222222;0.16666666666666666;0.3057553956834532;0.18783068783068782
2018-12-16 20:00:00;0.3428942727188341;0.07913314726645872;0.609375;0.0;0.5;0.25;0.3057553956834532;0.18783068783068782
2018-12-16 21:00:00;0.2587951359881185;0.1361024462321458;0.6150568181818182;0.0;0.4722222222222222;0.25;0.2949640287769784;0.17989417989417988
2018-12-16 22:00:00;0.20885547201336674;0.13763476167022382;0.6193181818181818;0.0;0.4722222222222222;0.3333333333333333;0.2841726618705036;0.17195767195767195
2018-12-16 23:00:00;0.16467093660076118;0.14830624418541016;0.6178977272727273;0.0;0.4444444444444444;0.3333333333333333;0.28776978417266186;0.16666666666666666
2018-12-17 00:00:00;0.13663789102385593;0.14907240190444918;0.6150568181818182;0.0;0.4444444444444444;0.3333333333333333;0.28776978417266186;0.16666666666666666
2018-12-17 01:00:00;0.1447136359417061;0.13861982159470257;0.6150568181818182;0.0;0.4166666666666667;0.25;0.29856115107913667;0.1746031746031746
2018-12-17 02:00:00;0.12846932145177758;0.14491326000109453;0.6136363636363636;0.0;0.4166666666666667;0.25;0.30935251798561153;0.19047619047619047
2018-12-17 03:00:00;0.10925461802654785;0.15815684343019756;0.6107954545454546;0.0;0.4166666666666667;0.3333333333333333;0.33093525179856115;0.20634920634920634
2018-12-17 04:00:00;0.09904390606144992;0.16986811142122257;0.6107954545454546;0.0;0.4166666666666667;0.3333333333333333;0.35251798561151076;0.2222222222222222
2018-12-17 05:00:00;0.11798013552399517;0.17490286214633613;0.6150568181818182;0.0;0.4166666666666667;0.3333333333333333;0.3669064748201439;0.2328042328042328
2018-12-17 06:00:00;0.2483987747145642;0.13276418759919006;0.6207386363636364;0.0;0.4166666666666667;0.25;0.381294964028777;0.24074074074074073
2018-12-17 07:00:00;0.4111203935765339;0.09401849723635966;0.6292613636363636;0.0;0.5277777777777778;0.3333333333333333;0.4064748201438849;0.26455026455026454
2018-12-17 08:00:00;0.5138772858071103;0.06058118535544246;0.6420454545454546;0.0;0.5833333333333334;0.3333333333333333;0.4316546762589928;0.2830687830687831
2018-12-17 09:00:00;0.5040378724589251;0.073441689925026;0.65625;0.0;0.6388888888888888;0.3333333333333333;0.4352517985611511;0.291005291005291
2018-12-17 10:00:00;0.4038800705467372;0.12422700158704099;0.6633522727272727;0.0;0.6388888888888888;0.3333333333333333;0.43884892086330934;0.291005291005291
2018-12-17 11:00:00;0.4588322658498097;0.11202320363377662;0.6704545454545454;0.0;0.6388888888888888;0.3333333333333333;0.4316546762589928;0.29894179894179895
2018-12-17 12:00:00;0.4967047247749002;0.0917200240792426;0.6789772727272727;0.0;0.6388888888888888;0.25;0.4244604316546763;0.3148148148148148
2018-12-17 13:00:00;0.4115845168476748;0.12482898265200022;0.6917613636363636;0.0;0.6944444444444444;0.3333333333333333;0.4028776978417266;0.3253968253968254
2018-12-17 14:00:00;0.2975030168012624;0.18371367591528487;0.7088068181818182;0.0;0.6944444444444444;0.3333333333333333;0.39928057553956836;0.3201058201058201
2018-12-17 15:00:00;0.4236517218973359;0.14425655338477536;0.7201704545454546;0.0;0.6666666666666666;0.25;0.38489208633093525;0.29365079365079366
2018-12-17 16:00:00;0.4000742597233825;0.1457888688228534;0.7301136363636364;0.0;0.6388888888888888;0.25;0.38848920863309355;0.2777777777777778
2018-12-17 17:00:00;0.5532349391998514;0.06988452908663056;0.7400568181818182;0.0;0.5833333333333334;0.25;0.3776978417266187;0.2671957671957672
2018-12-17 18:00:00;0.5385686438318017;0.07502873091446398;0.7485795454545454;0.0;0.5833333333333334;0.25;0.36330935251798563;0.24074074074074073
2018-12-17 19:00:00;0.4936415111853708;0.08515295791605101;0.7556818181818182;0.0;0.5833333333333334;0.25;0.35251798561151076;0.2275132275132275
2018-12-17 20:00:00;0.5041306971131533;0.06014338094456302;0.7599431818181818;0.0;0.5555555555555556;0.25;0.35251798561151076;0.2275132275132275
2018-12-17 21:00:00;0.5415390327671029;0.027581677885404696;0.7613636363636364;0.0;0.5555555555555556;0.25;0.35611510791366907;0.22486772486772486
2018-12-17 22:00:00;0.5112781954887218;0.022218573852131565;0.765625;0.0;0.5555555555555556;0.25;0.3669064748201439;0.2328042328042328
2018-12-17 23:00:00;0.5012531328320802;0.02500957697148799;0.7613636363636364;0.0;0.4722222222222222;0.25;0.35251798561151076;0.21957671957671956
2018-12-18 00:00:00;0.3448435904576255;0.05494445356536968;0.7627840909090909;0.0;0.5555555555555556;0.3333333333333333;0.38489208633093525;0.24603174603174602
2018-12-18 01:00:00;0.2633435440452984;0.08192415038581514;0.7613636363636364;0.0;0.5277777777777778;0.4166666666666667;0.4028776978417266;0.25925925925925924
2018-12-18 02:00:00;0.19159008632692842;0.12263996059760303;0.7599431818181818;0.0;0.5277777777777778;0.3333333333333333;0.3920863309352518;0.2671957671957672
2018-12-18 03:00:00;0.14703425229741018;0.16324631970667106;0.7556818181818182;0.0;0.5;0.3333333333333333;0.3920863309352518;0.2671957671957672
2018-12-18 04:00:00;0.12828367214332126;0.189842937667597;0.7542613636363636;0.0;0.5;0.3333333333333333;0.4028776978417266;0.2724867724867725
2018-12-18 05:00:00;0.13431727466815185;0.20040496908006347;0.75;0.0;0.4444444444444444;0.25;0.41007194244604317;0.2698412698412698
2018-12-18 06:00:00;0.23995173117980137;0.16302741750123134;0.7386363636363636;0.0;0.4444444444444444;0.25;0.41007194244604317;0.2804232804232804
2018-12-18 07:00:00;0.4355332776385408;0.09779456028019483;0.7400568181818182;0.0;0.4722222222222222;0.3333333333333333;0.41007194244604317;0.28835978835978837
2018-12-18 08:00:00;0.3935765339274111;0.11010780933617906;0.734375;0.0;0.4444444444444444;0.3333333333333333;0.4028776978417266;0.291005291005291
2018-12-18 09:00:00;0.3238652186020607;0.13965960707054123;0.7272727272727273;0.0;0.4722222222222222;0.4166666666666667;0.4064748201438849;0.29894179894179895
2018-12-18 10:00:00;0.2762461709830131;0.1704700924861818;0.7173295454545454;0.0;0.4444444444444444;0.4166666666666667;0.4028776978417266;0.30158730158730157
2018-12-18 11:00:00;0.2390234846375197;0.18103212389864828;0.7059659090909091;0.0;0.4722222222222222;0.3333333333333333;0.39928057553956836;0.30687830687830686
2018-12-18 12:00:00;0.22212939756799405;0.19093744869479562;0.6875;0.5;0.4166666666666667;0.4166666666666667;0.4028776978417266;0.30423280423280424
2018-12-18 13:00:00;0.27123363965469227;0.17758441416297271;0.6747159090909091;0.8;0.3888888888888889;0.3333333333333333;0.38848920863309355;0.2962962962962963
2018-12-18 14:00:00;0.3431727466815186;0.11667487549937067;0.6661931818181818;0.7;0.3888888888888889;0.3333333333333333;0.3776978417266187;0.2857142857142857
2018-12-18 15:00:00;0.44583681425786686;0.06972035243255076;0.6548295454545454;0.0;0.3611111111111111;0.4166666666666667;0.35611510791366907;0.2804232804232804
2018-12-18 16:00:00;0.4575327206906154;0.06309856071799924;0.640625;0.0;0.3888888888888889;0.5;0.34532374100719426;0.2698412698412698
2018-12-18 17:00:00;0.3893065998329156;0.0864116455973294;0.6306818181818182;0.0;0.3888888888888889;0.5;0.31654676258992803;0.25925925925925924
2018-12-18 18:00:00;0.28116587765710577;0.1430525912548569;0.6178977272727273;0.0;0.3888888888888889;0.5;0.302158273381295;0.24603174603174602
2018-12-18 19:00:00;0.30994152046783624;0.13161495102063153;0.6022727272727273;0.0;0.3888888888888889;0.5;0.29136690647482016;0.25132275132275134
2018-12-18 20:00:00;0.3182957393483709;0.12849559459311555;0.5980113636363636;0.0;0.3888888888888889;0.5;0.2841726618705036;0.25132275132275134
2018-12-18 21:00:00;0.28534298709737305;0.13478903299950748;0.5752840909090909;0.0;0.3611111111111111;0.5;0.2805755395683453;0.24603174603174602
2018-12-18 22:00:00;0.240879977722083;0.14343567011437638;0.5752840909090909;0.0;0.3888888888888889;0.5;0.2733812949640288;0.24603174603174602
2018-12-18 23:00:00;0.2380952380952381;0.14026158813550046;0.5625;0.0;0.3888888888888889;0.5;0.25539568345323743;0.2619047619047619
2018-12-19 00:00:00;0.18119372505337417;0.15591309582444043;0.5568181818181818;0.0;0.4166666666666667;0.5;0.2589928057553957;0.2619047619047619
2018-12-19 01:00:00;0.1422073702775457;0.1715646035133804;0.5596590909090909;0.0;0.4444444444444444;0.4166666666666667;0.26258992805755393;0.25396825396825395
2018-12-19 02:00:00;0.14415668801633713;0.16187818092267278;0.5497159090909091;0.0;0.4166666666666667;0.3333333333333333;0.27697841726618705;0.25132275132275134
2018-12-19 03:00:00;0.14786967418546365;0.15646035133803973;0.5525568181818182;0.0;0.4722222222222222;0.25;0.302158273381295;0.2566137566137566
2018-12-19 04:00:00;0.14378538939942448;0.1492913041098889;0.5582386363636364;0.0;0.5277777777777778;0.4166666666666667;0.3776978417266187;0.2566137566137566
2018-12-19 05:00:00;0.1454562331755314;0.1582662945329174;0.5639204545454546;0.0;0.5277777777777778;0.3333333333333333;0.39568345323741005;0.2671957671957672
2018-12-19 06:00:00;0.21238280887403696;0.12362502052208177;0.5696022727272727;0.0;0.5277777777777778;0.3333333333333333;0.4172661870503597;0.2804232804232804
2018-12-19 07:00:00;0.3533834586466165;0.06873529250807203;0.578125;0.0;0.5277777777777778;0.3333333333333333;0.42805755395683454;0.29365079365079366
2018-12-19 08:00:00;0.4186391905690151;0.0394571225305095;0.5852272727272727;0.0;0.5277777777777778;0.3333333333333333;0.420863309352518;0.30158730158730157
2018-12-19 09:00:00;0.36248027476097655;0.07825753844469983;0.5880681818181818;0.0;0.5277777777777778;0.3333333333333333;0.42805755395683454;0.31746031746031744
2018-12-19 10:00:00;0.3300844704353476;0.10720735511410277;0.5838068181818182;0.0;0.5;0.4166666666666667;0.4316546762589928;0.3333333333333333
2018-12-19 11:00:00;0.33036294439803215;0.1425053357412576;0.5752840909090909;0.3;0.5277777777777778;0.4166666666666667;0.4316546762589928;0.35185185185185186
2018-12-19 12:00:00;0.31866703796528356;0.15990806107371533;0.5696022727272727;0.0;0.5277777777777778;0.4166666666666667;0.43884892086330934;0.35185185185185186
2018-12-19 13:00:00;0.29713171818434975;0.16434083073386965;0.5696022727272727;0.0;0.5277777777777778;0.4166666666666667;0.4352517985611511;0.3544973544973545
2018-12-19 14:00:00;0.33778891673628514;0.14020686258414053;0.5681818181818182;0.3;0.5;0.3333333333333333;0.4316546762589928;0.3439153439153439
2018-12-19 15:00:00;0.4155759769794858;0.12499315930608002;0.5681818181818182;0.0;0.5;0.25;0.420863309352518;0.31746031746031744
2018-12-19 16:00:00;0.4785110925461803;0.0979587369342746;0.5724431818181818;0.0;0.5;0.25;0.4316546762589928;0.3333333333333333
2018-12-19 17:00:00;0.5177759212846932;0.07322278771958628;0.5752840909090909;0.0;0.5;0.4166666666666667;0.4244604316546763;0.335978835978836
2018-12-19 18:00:00;0.38076673164392466;0.11848081869424834;0.5795454545454546;0.0;0.5;0.4166666666666667;0.4172661870503597;0.31746031746031744
2018-12-19 19:00:00;0.3227513227513228;0.13511738630766704;0.578125;0.0;0.5;0.3333333333333333;0.4064748201438849;0.29365079365079366
2018-12-19 20:00:00;0.3719483894922491;0.10917747496306025;0.578125;0.0;0.5;0.3333333333333333;0.39928057553956836;0.29365079365079366
2018-12-19 21:00:00;0.3321266128283672;0.11081924150385816;0.5738636363636364;0.0;0.4722222222222222;0.3333333333333333;0.3920863309352518;0.2777777777777778
2018-12-19 22:00:00;0.3105912930474334;0.11317244021233515;0.5724431818181818;0.0;0.4722222222222222;0.25;0.38489208633093525;0.2698412698412698
2018-12-19 23:00:00;0.3307342430149448;0.09604334263667708;0.5653409090909091;0.0;0.4722222222222222;0.25;0.381294964028777;0.26455026455026454
2018-12-20 00:00:00;0.26547851109254617;0.10961527937393968;0.5625;0.0;0.4722222222222222;0.25;0.38848920863309355;0.2698412698412698
2018-12-20 01:00:00;0.23196881091617935;0.1286050456958354;0.5625;0.0;0.4444444444444444;0.25;0.39928057553956836;0.2698412698412698
2018-12-20 02:00:00;0.19530307249605497;0.1286050456958354;0.5596590909090909;0.0;0.4444444444444444;0.25;0.4064748201438849;0.2751322751322751
2018-12-20 03:00:00;0.15343915343915343;0.14786843977453074;0.5553977272727273;0.0;0.4444444444444444;0.25;0.39568345323741005;0.26455026455026454
2018-12-20 04:00:00;0.1279123735264086;0.17895255294697096;0.5568181818181818;0.0;0.4444444444444444;0.25;0.39568345323741005;0.2619047619047619
2018-12-20 05:00:00;0.16049382716049385;0.17079844579434136;0.5625;0.0;0.5277777777777778;0.25;0.4064748201438849;0.28835978835978837
2018-12-20 06:00:00;0.2341037779634271;0.1593060800087561;0.5625;0.0;0.5;0.4166666666666667;0.39928057553956836;0.29365079365079366
2018-12-20 07:00:00;0.2924904854729416;0.14420182783341542;0.5639204545454546;0.0;0.5277777777777778;0.4166666666666667;0.4028776978417266;0.2962962962962963
2018-12-20 08:00:00;0.3769609208205699;0.11180430142833689;0.5681818181818182;0.0;0.5277777777777778;0.4166666666666667;0.4028776978417266;0.29894179894179895
2018-12-20 09:00:00;0.3318481388656827;0.14173917802221858;0.5724431818181818;0.0;0.5277777777777778;0.4166666666666667;0.4028776978417266;0.30952380952380953
2018-12-20 10:00:00;0.3237723939478326;0.15963443331691568;0.5696022727272727;0.0;0.5555555555555556;0.4166666666666667;0.4172661870503597;0.30952380952380953
2018-12-20 11:00:00;0.3243293418732015;0.15328626935916378;0.5653409090909091;0.0;0.5833333333333334;0.5;0.41007194244604317;0.31216931216931215
2018-12-20 12:00:00;0.3214517775921285;0.16576369506922783;0.5625;0.0;0.5277777777777778;0.4166666666666667;0.4352517985611511;0.30158730158730157
2018-12-20 13:00:00;0.2901698691172375;0.1693755814589832;0.5596590909090909;0.0;0.5555555555555556;0.4166666666666667;0.4352517985611511;0.30423280423280424
2018-12-20 14:00:00;0.35709644481574304;0.14179390357357852;0.5625;0.0;0.5833333333333334;0.4166666666666667;0.42805755395683454;0.31746031746031744
2018-12-20 15:00:00;0.3586744639376218;0.14814206753133038;0.5710227272727273;0.0;0.5833333333333334;0.4166666666666667;0.4244604316546763;0.3201058201058201
2018-12-20 16:00:00;0.3660076116216467;0.1613309254090735;0.5738636363636364;0.0;0.5833333333333334;0.5;0.420863309352518;0.3201058201058201
2018-12-20 17:00:00;0.3415947275596399;0.15169922836972582;0.5724431818181818;0.0;0.5833333333333334;0.4166666666666667;0.4316546762589928;0.3253968253968254
2018-12-20 18:00:00;0.2951824004455583;0.16319159415531112;0.5724431818181818;0.0;0.6111111111111112;0.4166666666666667;0.44964028776978415;0.32275132275132273
2018-12-20 19:00:00;0.306971131532535;0.15864937339243693;0.5752840909090909;0.0;0.6111111111111112;0.5;0.44244604316546765;0.3333333333333333
2018-12-20 20:00:00;0.2871994801819363;0.16237071088491217;0.5681818181818182;0.0;0.5833333333333334;0.5;0.420863309352518;0.328042328042328
2018-12-20 21:00:00;0.22064420310034344;0.18420620587752426;0.5681818181818182;0.0;0.5833333333333334;0.5833333333333334;0.4352517985611511;0.3148148148148148
2018-12-20 22:00:00;0.17126148705096075;0.2239916817161933;0.5639204545454546;0.0;0.5833333333333334;0.5;0.44244604316546765;0.3148148148148148
2018-12-20 23:00:00;0.16123642439431912;0.2151808679472446;0.5568181818181818;0.0;0.5555555555555556;0.5833333333333334;0.43884892086330934;0.31216931216931215
2018-12-21 00:00:00;0.15381045205606608;0.2075192907568544;0.546875;0.0;0.5555555555555556;0.5;0.42805755395683454;0.30952380952380953
2018-12-21 01:00:00;0.14332126612828366;0.2119520604170087;0.5383522727272727;0.0;0.5555555555555556;0.3333333333333333;0.42805755395683454;0.30423280423280424
2018-12-21 02:00:00;0.11111111111111109;0.22163848300771632;0.5170454545454546;0.0;0.4722222222222222;0.25;0.42805755395683454;0.29894179894179895
2018-12-21 03:00:00;0.11129676041956743;0.21676790893668255;0.4928977272727273;0.0;0.4722222222222222;0.4166666666666667;0.4568345323741007;0.30687830687830686
2018-12-21 04:00:00;0.12429221201151024;0.21567339790948392;0.46875;0.0;0.4722222222222222;0.4166666666666667;0.4676258992805755;0.31216931216931215
2018-12-21 05:00:00;0.0953309198923234;0.24714058994144367;0.4460227272727273;0.0;0.4722222222222222;0.4166666666666667;0.4784172661870504;0.3201058201058201
2018-12-21 06:00:00;0.12986169126520003;0.23822032506977509;0.42329545454545453;0.0;0.5;0.5;0.49640287769784175;0.3386243386243386
2018-12-21 07:00:00;0.19261115752343821;0.20193728451814152;0.40482954545454547;0.0;0.4722222222222222;0.4166666666666667;0.5215827338129496;0.34656084656084657
2018-12-21 08:00:00;0.28654970760233917;0.15711705795435887;0.38636363636363635;0.0;0.4722222222222222;0.4166666666666667;0.539568345323741;0.35978835978835977
2018-12-21 09:00:00;0.3052074631022;0.15158977726700598;0.3821022727272727;0.0;0.6111111111111112;0.5;0.5863309352517986;0.3941798941798942
2018-12-21 10:00:00;0.2914694142764318;0.16154982761451323;0.3806818181818182;0.0;0.6666666666666666;0.5833333333333334;0.6115107913669064;0.42592592592592593
2018-12-21 11:00:00;0.23577462173953403;0.20237508892902095;0.3849431818181818;0.0;0.6666666666666666;0.6666666666666666;0.6007194244604317;0.42592592592592593
2018-12-21 12:00:00;0.1912187877100158;0.23214578886882287;0.39204545454545453;0.0;0.6666666666666666;0.6666666666666666;0.5719424460431655;0.42592592592592593
2018-12-21 13:00:00;0.18852687273739907;0.2435287035516883;0.40625;0.0;0.6666666666666666;0.75;0.5431654676258992;0.41534391534391535
2018-12-21 14:00:00;0.17153996101364521;0.2603294478191868;0.42329545454545453;0.0;0.6944444444444444;0.6666666666666666;0.4748201438848921;0.4021164021164021
2018-12-21 15:00:00;0.18685602896129214;0.2780058009084442;0.43607954545454547;0.0;0.6944444444444444;0.75;0.4712230215827338;0.373015873015873
2018-12-21 16:00:00;0.1578019121878771;0.29984129590105624;0.453125;0.0;0.6944444444444444;0.6666666666666666;0.4568345323741007;0.3862433862433862
2018-12-21 17:00:00;0.18119372505337417;0.2775679964975647;0.46732954545454547;0.0;0.6944444444444444;0.6666666666666666;0.44244604316546765;0.4021164021164021
2018-12-21 18:00:00;0.17961570593149542;0.26974224265309477;0.4900568181818182;0.0;0.7222222222222222;0.5833333333333334;0.49280575539568344;0.3492063492063492
2018-12-21 19:00:00;0.23428942727188343;0.23417063426914028;0.5042613636363636;0.0;0.7222222222222222;0.5;0.4748201438848921;0.3544973544973545
2018-12-21 20:00:00;0.2824654228163;0.19526076725223007;0.5142045454545454;0.0;0.7222222222222222;0.4166666666666667;0.4568345323741007;0.35714285714285715
2018-12-21 21:00:00;0.29128376496797553;0.18278334154216605;0.5227272727272727;0.0;0.75;0.3333333333333333;0.4676258992805755;0.3492063492063492
2018-12-21 22:00:00;0.26102292768959434;0.17862419963881138;0.5255681818181818;0.0;0.6666666666666666;0.16666666666666666;0.48201438848920863;0.3386243386243386
2018-12-21 23:00:00;0.22120115102571244;0.19246976413287367;0.5213068181818182;0.0;0.6666666666666666;0.25;0.49640287769784175;0.34656084656084657
2018-12-22 00:00:00;0.23707416689872832;0.17873365074153125;0.5198863636363636;0.0;0.6388888888888888;0.3333333333333333;0.48201438848920863;0.35185185185185186
2018-12-22 01:00:00;0.19344657941149168;0.20620587752421607;0.5113636363636364;0.0;0.6388888888888888;0.3333333333333333;0.5;0.3544973544973545
2018-12-22 02:00:00;0.11009003991460131;0.25223006621791716;0.5;0.0;0.5833333333333334;0.4166666666666667;0.5071942446043165;0.34656084656084657
2018-12-22 03:00:00;0.09709458832265849;0.27559787664860724;0.49857954545454547;0.0;0.6666666666666666;0.5;0.5107913669064749;0.36243386243386244
2018-12-22 04:00:00;0.09867260744453725;0.27548842554588737;0.5170454545454546;0.0;0.75;0.4166666666666667;0.4856115107913669;0.3544973544973545
2018-12-22 05:00:00;0.17024041585445093;0.23362337875554096;0.5340909090909091;0.0;0.75;0.3333333333333333;0.5;0.3412698412698413
2018-12-22 06:00:00;0.12874779541446207;0.2371805395939364;0.5568181818181818;0.0;0.7777777777777778;0.4166666666666667;0.4784172661870504;0.3386243386243386
2018-12-22 07:00:00;0.11603081778520374;0.2770207409839654;0.5752840909090909;0.0;0.7222222222222222;0.4166666666666667;0.46402877697841727;0.3492063492063492
2018-12-22 08:00:00;0.17209690893901422;0.24801619876320255;0.5894886363636364;0.0;0.7222222222222222;0.4166666666666667;0.4460431654676259;0.36243386243386244
2018-12-22 09:00:00;0.3079922027290448;0.1985990258851858;0.6008522727272727;0.0;0.7222222222222222;0.4166666666666667;0.46402877697841727;0.373015873015873
2018-12-22 10:00:00;0.2808874036944212;0.20598697531877636;0.609375;0.0;0.7222222222222222;0.5;0.44964028776978415;0.3835978835978836
2018-12-22 11:00:00;0.28348649401280984;0.21222568817380838;0.6178977272727273;0.3;0.75;0.5;0.4568345323741007;0.38095238095238093
2018-12-22 12:00:00;0.1670843776106934;0.2516280851529579;0.6292613636363636;0.0;0.75;0.5;0.45323741007194246;0.37566137566137564
2018-12-22 13:00:00;0.16541353383458646;0.242981448038089;0.6434659090909091;0.0;0.75;0.4166666666666667;0.45323741007194246;0.37037037037037035
2018-12-22 14:00:00;0.20059407778706023;0.22776774476002845;0.65625;0.0;0.7777777777777778;0.4166666666666667;0.44244604316546765;0.36772486772486773
2018-12-22 15:00:00;0.18685602896129214;0.2395337383024134;0.6676136363636364;0.0;0.7222222222222222;0.3333333333333333;0.44244604316546765;0.35978835978835977
2018-12-22 16:00:00;0.26501438782140535;0.20253926558310076;0.6747159090909091;0.0;0.7222222222222222;0.3333333333333333;0.45323741007194246;0.3544973544973545
2018-12-22 17:00:00;0.40666481017358214;0.1432714934602966;0.6832386363636364;0.0;0.7222222222222222;0.3333333333333333;0.44244604316546765;0.35714285714285715
2018-12-22 18:00:00;0.3819734521488907;0.150002736277568;0.6917613636363636;0.0;0.7222222222222222;0.3333333333333333;0.4352517985611511;0.34656084656084657
2018-12-22 19:00:00;0.3198737584702497;0.17413670442729712;0.6960227272727273;0.0;0.6944444444444444;0.3333333333333333;0.43884892086330934;0.35185185185185186
2018-12-22 20:00:00;0.30864197530864196;0.17588792207081488;0.7002840909090909;0.0;0.7222222222222222;0.3333333333333333;0.4316546762589928;0.34656084656084657
2018-12-22 21:00:00;0.2759676970203286;0.18426093142888417;0.7116477272727273;0.0;0.7222222222222222;0.3333333333333333;0.4244604316546763;0.3439153439153439
2018-12-22 22:00:00;0.2220365729137659;0.19898210474470532;0.7144886363636364;0.0;0.7222222222222222;0.25;0.42805755395683454;0.34656084656084657
2018-12-22 23:00:00;0.19725239023484636;0.19974826246374433;0.71875;0.0;0.6944444444444444;0.25;0.4136690647482014;0.3386243386243386
2018-12-23 00:00:00;0.2433862433862434;0.18086794724456848;0.71875;0.0;0.6388888888888888;0.25;0.41007194244604317;0.3148148148148148
2018-12-23 01:00:00;0.1690336953494848;0.19465878618727084;0.7230113636363636;0.0;0.6388888888888888;0.25;0.420863309352518;0.3148148148148148
2018-12-23 02:00:00;0.1965097930010211;0.15706233240299897;0.7258522727272727;0.0;0.6666666666666666;0.25;0.4244604316546763;0.30158730158730157
2018-12-23 03:00:00;0.17618119372505336;0.15082361954796694;0.71875;0.0;0.6388888888888888;0.25;0.4172661870503597;0.2830687830687831
2018-12-23 04:00:00;0.2005012531328321;0.12324194166256225;0.7159090909090909;0.0;0.6111111111111112;0.3333333333333333;0.4136690647482014;0.2751322751322751
2018-12-23 05:00:00;0.2433862433862434;0.09653587259891644;0.7130681818181818;0.0;0.6111111111111112;0.3333333333333333;0.4316546762589928;0.2857142857142857
2018-12-23 06:00:00;0.20783440081685695;0.11393859793137416;0.7130681818181818;0.0;0.6111111111111112;0.3333333333333333;0.4352517985611511;0.291005291005291
2018-12-23 07:00:00;0.1911259630557876;0.11765993542384941;0.7130681818181818;0.0;0.6111111111111112;0.25;0.4352517985611511;0.291005291005291
2018-12-23 08:00:00;0.1954887218045113;0.12543096371695944;0.7116477272727273;0.0;0.6388888888888888;0.25;0.45323741007194246;0.30158730158730157
2018-12-23 09:00:00;0.21535319780933818;0.11092869260657802;0.7059659090909091;0.0;0.5833333333333334;0.25;0.4676258992805755;0.30952380952380953
2018-12-23 10:00:00;0.24654228163000094;0.10687900180594319;0.6931818181818182;0.0;0.5555555555555556;0.16666666666666666;0.4712230215827338;0.31216931216931215
2018-12-23 11:00:00;0.28357931866703795;0.10737153176818255;0.6747159090909091;0.0;0.5555555555555556;0.25;0.4856115107913669;0.32275132275132273
2018-12-23 12:00:00;0.2980599647266314;0.09456575274995897;0.6590909090909091;0.0;0.6111111111111112;0.25;0.4712230215827338;0.3253968253968254
2018-12-23 13:00:00;0.2493270212568458;0.16160455316587313;0.6491477272727273;0.0;0.5555555555555556;0.16666666666666666;0.4676258992805755;0.31746031746031744
2018-12-23 14:00:00;0.3720412141464773;0.14190335467629836;0.6377840909090909;0.0;0.1388888888888889;0.08333333333333333;0.46402877697841727;0.30423280423280424
2018-12-23 15:00:00;0.3423373247934652;0.16193290647403275;0.6306818181818182;0.0;0.08333333333333333;0.08333333333333333;0.4568345323741007;0.2962962962962963
2018-12-23 16:00:00;0.27531792444073144;0.1863405023805615;0.6306818181818182;0.0;0.08333333333333333;0.16666666666666666;0.44964028776978415;0.29365079365079366
2018-12-23 17:00:00;0.21609579504316348;0.21293712034148743;0.6349431818181818;0.0;0.05555555555555555;0.25;0.4352517985611511;0.28835978835978837
2018-12-23 18:00:00;0.13738048825768123;0.261752312154545;0.6392045454545454;0.0;0.05555555555555555;0.3333333333333333;0.42805755395683454;0.2804232804232804
2018-12-23 19:00:00;0.1371948389492249;0.23411590871778035;0.65625;0.0;0.05555555555555555;0.25;0.4028776978417266;0.2698412698412698
2018-12-23 20:00:00;0.10554163185742133;0.2496032397526405;0.6747159090909091;0.0;0.9722222222222222;0.25;0.39928057553956836;0.26455026455026454
2018-12-23 21:00:00;0.09663046505151768;0.2537623816559952;0.6903409090909091;0.0;0.9166666666666666;0.25;0.39928057553956836;0.25925925925925924
2018-12-23 22:00:00;0.07611621646709366;0.2736277567996498;0.7045454545454546;0.0;0.8611111111111112;0.16666666666666666;0.38489208633093525;0.24867724867724866
2018-12-23 23:00:00;0.09068968718091525;0.2674984950473376;0.7159090909090909;0.0;0.8333333333333334;0.16666666666666666;0.3920863309352518;0.2566137566137566
2018-12-24 00:00:00;0.16225749559082892;0.22716576369506922;0.7315340909090909;0.0;0.8611111111111112;0.16666666666666666;0.3920863309352518;0.2566137566137566
2018-12-24 01:00:00;0.20681332962034718;0.19487768839271055;0.75;0.0;0.8611111111111112;0.16666666666666666;0.3669064748201439;0.23544973544973544
2018-12-24 02:00:00;0.13515269655620532;0.19487768839271055;0.7642045454545454;0.0;0.8611111111111112;0.16666666666666666;0.33093525179856115;0.20899470899470898
2018-12-24 03:00:00;0.10405643738977072;0.2378919717616155;0.7784090909090909;0.0;0.8611111111111112;0.16666666666666666;0.3597122302158273;0.24338624338624337
2018-12-24 04:00:00;0.10981156595191682;0.23893175723745416;0.7940340909090909;0.0;0.8888888888888888;0.16666666666666666;0.3597122302158273;0.2566137566137566
2018-12-24 05:00:00;0.117887310869767;0.24188693701089037;0.8167613636363636;0.0;0.9166666666666666;0.16666666666666666;0.3669064748201439;0.25925925925925924
2018-12-24 06:00:00;0.15186113431727466;0.2300114923657856;0.8338068181818182;0.0;0.8888888888888888;0.16666666666666666;0.37050359712230213;0.24867724867724866
2018-12-24 07:00:00;0.1700547665459946;0.21660373228260274;0.8551136363636364;0.0;0.8888888888888888;0.08333333333333333;0.3597122302158273;0.2328042328042328
2018-12-24 08:00:00;0.2657569850552307;0.1602364143818749;0.8707386363636364;0.2;0.8888888888888888;0.08333333333333333;0.37410071942446044;0.24603174603174602
2018-12-24 09:00:00;0.32841362665924073;0.11289881245553549;0.8821022727272727;0.8;1.0;0.08333333333333333;0.34532374100719426;0.2777777777777778
2018-12-24 10:00:00;0.19381787802840436;0.1591419033546763;0.8877840909090909;1.0;0.8611111111111112;0.08333333333333333;0.32014388489208634;0.29365079365079366
2018-12-24 11:00:00;0.13756613756613756;0.17638045203305427;0.8920454545454546;1.0;0.8333333333333334;0.08333333333333333;0.2949640287769784;0.3148148148148148
2018-12-24 12:00:00;0.13441009932238002;0.18092267279592844;0.9005681818181818;1.0;0.8888888888888888;0.08333333333333333;0.29856115107913667;0.3148148148148148
2018-12-24 13:00:00;0.09087533648937157;0.2090516061949324;0.9076704545454546;1.0;0.8333333333333334;0.08333333333333333;0.302158273381295;0.31746031746031744
2018-12-24 14:00:00;0.126427179058758;0.18918623105127785;0.9105113636363636;0.0;0.8888888888888888;0.08333333333333333;0.2949640287769784;0.23015873015873015
2018-12-24 15:00:00;0.43154181750672976;0.07158102117878838;0.9133522727272727;0.0;0.7222222222222222;0.08333333333333333;0.28776978417266186;0.18783068783068782
2018-12-24 16:00:00;0.6259166434605031;0.01510425217534067;0.9247159090909091;0.0;0.5833333333333334;0.08333333333333333;0.31654676258992803;0.21957671957671956
2018-12-24 17:00:00;0.5935208391348742;0.016472390959338917;0.9318181818181818;0.0;0.6111111111111112;0.08333333333333333;0.3381294964028777;0.2222222222222222
2018-12-24 18:00:00;0.4853801169590643;0.030427406556121056;0.9360795454545454;0.0;0.5833333333333334;0.08333333333333333;0.3381294964028777;0.24074074074074073
2018-12-24 19:00:00;0.45261301401652276;0.03622831500027363;0.9403409090909091;0.0;0.6666666666666666;0.16666666666666666;0.33093525179856115;0.2619047619047619
2018-12-24 20:00:00;0.429963798384851;0.03951184808186943;0.9403409090909091;0.0;0.7222222222222222;0.08333333333333333;0.32014388489208634;0.24603174603174602
2018-12-24 21:00:00;0.4216095795043163;0.034422371805395945;0.9403409090909091;0.0;0.6111111111111112;0.16666666666666666;0.302158273381295;0.2619047619047619
2018-12-24 22:00:00;0.4031374733129119;0.05800908444152576;0.9403409090909091;0.0;0.6666666666666666;0.16666666666666666;0.29856115107913667;0.2566137566137566
2018-12-24 23:00:00;0.4302422723475355;0.06019810649592295;0.9375;0.0;0.6666666666666666;0.16666666666666666;0.29136690647482016;0.2671957671957672
2018-12-25 00:00:00;0.39831059129304747;0.08996880643572486;0.9389204545454546;0.0;0.7222222222222222;0.16666666666666666;0.2805755395683453;0.2698412698412698
2018-12-25 01:00:00;0.30362944398032116;0.12340611831664203;0.9403409090909091;0.0;0.6666666666666666;0.08333333333333333;0.27697841726618705;0.2671957671957672
2018-12-25 02:00:00;0.2096908939014202;0.17495758769769607;0.9417613636363636;0.0;0.7222222222222222;0.16666666666666666;0.27697841726618705;0.2804232804232804
2018-12-25 03:00:00;0.15919428200129956;0.2081212718218136;0.9332386363636364;0.0;0.7222222222222222;0.16666666666666666;0.2841726618705036;0.2777777777777778
2018-12-25 04:00:00;0.09904390606144992;0.24237946697312976;0.9318181818181818;0.0;0.6666666666666666;0.16666666666666666;0.27697841726618705;0.2724867724867725
2018-12-25 05:00:00;0.1831430427921656;0.1985443003338259;0.9332386363636364;0.0;0.6666666666666666;0.25;0.2805755395683453;0.2566137566137566
2018-12-25 06:00:00;0.2525758841548315;0.15591309582444043;0.9346590909090909;0.0;0.6666666666666666;0.25;0.2697841726618705;0.25132275132275134
2018-12-25 07:00:00;0.189640768588137;0.14764953756909102;0.9346590909090909;0.0;0.6388888888888888;0.25;0.26258992805755393;0.24603174603174602
2018-12-25 08:00:00;0.16569200779727097;0.1591419033546763;0.9360795454545454;0.0;0.6388888888888888;0.3333333333333333;0.26618705035971224;0.25132275132275134
2018-12-25 09:00:00;0.1666202543395526;0.159360805560116;0.9360795454545454;0.2;0.6666666666666666;0.3333333333333333;0.2733812949640288;0.25396825396825395
2018-12-25 10:00:00;0.21693121693121692;0.14704755650413176;0.9332386363636364;0.2;0.6666666666666666;0.3333333333333333;0.2949640287769784;0.2751322751322751
2018-12-25 11:00:00;0.24245799684396174;0.14600777102829313;0.9275568181818182;0.2;0.6666666666666666;0.3333333333333333;0.30935251798561153;0.2751322751322751
2018-12-25 12:00:00;0.24997679383644295;0.14589831992557326;0.9275568181818182;0.3;0.6388888888888888;0.25;0.31654676258992803;0.29894179894179895
2018-12-25 13:00:00;0.25183328692100626;0.14754008646637115;0.9261363636363636;0.5;0.6944444444444444;0.3333333333333333;0.27697841726618705;0.29894179894179895
2018-12-25 14:00:00;0.23920913394597604;0.16767908936682538;0.9289772727272727;0.8;0.6666666666666666;0.3333333333333333;0.2805755395683453;0.2698412698412698
2018-12-25 15:00:00;0.21609579504316348;0.2039621299184589;0.9261363636363636;0.0;0.6111111111111112;0.25;0.2697841726618705;0.23809523809523808
2018-12-25 16:00:00;0.27076951638355146;0.14732118426093144;0.9289772727272727;0.0;0.5833333333333334;0.25;0.2697841726618705;0.23015873015873015
2018-12-25 17:00:00;0.25721711686623966;0.1565698024407596;0.9275568181818182;0.0;0.5833333333333334;0.25;0.27697841726618705;0.23015873015873015
2018-12-25 18:00:00;0.27076951638355146;0.14354512121709628;0.9289772727272727;0.0;0.5833333333333334;0.3333333333333333;0.26618705035971224;0.22486772486772486
2018-12-25 19:00:00;0.2781954887218045;0.12351556941936191;0.9261363636363636;0.0;0.6111111111111112;0.3333333333333333;0.2517985611510791;0.21957671957671956
2018-12-25 20:00:00;0.3050218137937436;0.11032671154161879;0.921875;0.0;0.6111111111111112;0.3333333333333333;0.23741007194244604;0.21693121693121692
2018-12-25 21:00:00;0.32108047897521586;0.10611284408690419;0.9190340909090909;0.0;0.6111111111111112;0.3333333333333333;0.23381294964028776;0.20634920634920634
2018-12-25 22:00:00;0.34122342894272717;0.08285448475893395;0.9147727272727273;0.0;0.6111111111111112;0.25;0.24100719424460432;0.20634920634920634
2018-12-25 23:00:00;0.34883505058943653;0.062277677447600294;0.9090909090909091;0.0;0.5833333333333334;0.3333333333333333;0.24100719424460432;0.20105820105820105
2018-12-26 00:00:00;0.3534762833008447;0.05691457341432715;0.90625;0.0;0.6111111111111112;0.25;0.2446043165467626;0.1931216931216931
2018-12-26 01:00:00;0.32609301030353666;0.06490450391287693;0.9019886363636364;0.0;0.5833333333333334;0.25;0.24820143884892087;0.18783068783068782
2018-12-26 02:00:00;0.291005291005291;0.07240190444918733;0.8991477272727273;0.0;0.6388888888888888;0.25;0.25539568345323743;0.20105820105820105
2018-12-26 03:00:00;0.2530400074259723;0.0921031029387621;0.8948863636363636;0.0;0.6388888888888888;0.16666666666666666;0.25539568345323743;0.20634920634920634
2018-12-26 04:00:00;0.2366100436275875;0.09735675586931539;0.890625;0.0;0.6111111111111112;0.16666666666666666;0.2589928057553957;0.20899470899470898
2018-12-26 05:00:00;0.2205513784461153;0.10129699556723033;0.890625;0.0;0.6111111111111112;0.16666666666666666;0.26618705035971224;0.20899470899470898
2018-12-26 06:00:00;0.21145456233175533;0.10463525420018606;0.8920454545454546;0.0;0.6388888888888888;0.25;0.2805755395683453;0.21693121693121692
2018-12-26 07:00:00;0.24765617748073887;0.0913369452197231;0.8977272727272727;0.0;0.5277777777777778;0.25;0.28776978417266186;0.20899470899470898
2018-12-26 08:00:00;0.2633435440452984;0.08214305259125486;0.8991477272727273;0.0;0.5833333333333334;0.16666666666666666;0.30935251798561153;0.21428571428571427
2018-12-26 09:00:00;0.3037222686345493;0.07103376566518908;0.9005681818181818;0.0;0.5833333333333334;0.16666666666666666;0.32014388489208634;0.2222222222222222
2018-12-26 10:00:00;0.3040007425972338;0.07612324194166256;0.8948863636363636;0.0;0.5277777777777778;0.25;0.33093525179856115;0.22486772486772486
2018-12-26 11:00:00;0.30892044927132645;0.07338696437366607;0.8863636363636364;0.0;0.5833333333333334;0.25;0.3381294964028777;0.23809523809523808
2018-12-26 12:00:00;0.34679290819641695;0.06785968368631315;0.8821022727272727;0.0;0.5833333333333334;0.25;0.3345323741007194;0.24074074074074073
2018-12-26 13:00:00;0.41492620439988864;0.04427297105018333;0.8821022727272727;0.0;0.5833333333333334;0.25;0.3345323741007194;0.23809523809523808
2018-12-26 14:00:00;0.4697855750487329;0.026760794615005752;0.8792613636363636;0.0;0.5833333333333334;0.25;0.33093525179856115;0.23015873015873015
2018-12-26 15:00:00;0.4783254432377239;0.020193728451814157;0.8778409090909091;0.0;0.5277777777777778;0.16666666666666666;0.3381294964028777;0.23015873015873015
2018-12-26 16:00:00;0.5032952752250998;0.017402725332457725;0.8707386363636364;0.0;0.5;0.16666666666666666;0.3345323741007194;0.2328042328042328
2018-12-26 17:00:00;0.494848231690337;0.03704919827067258;0.8707386363636364;0.0;0.5277777777777778;0.16666666666666666;0.33093525179856115;0.2222222222222222
2018-12-26 18:00:00;0.43228441474055507;0.05976030208504351;0.8721590909090909;0.0;0.5555555555555556;0.25;0.3129496402877698;0.21428571428571427
2018-12-26 19:00:00;0.33973823447507656;0.08892902095988618;0.8678977272727273;0.0;0.5555555555555556;0.25;0.29856115107913667;0.20105820105820105
2018-12-26 20:00:00;0.30567158637334074;0.10436162644338642;0.8607954545454546;0.0;0.5277777777777778;0.25;0.26258992805755393;0.1931216931216931
2018-12-26 21:00:00;0.4442587951359881;0.0442182454988234;0.8579545454545454;0.0;0.5555555555555556;0.25;0.22302158273381295;0.17724867724867724
2018-12-26 22:00:00;0.5174974473220088;0.014994801072620809;0.8565340909090909;0.0;0.5833333333333334;0.25;0.21942446043165467;0.1693121693121693
2018-12-26 23:00:00;0.5102571242922119;0.0146117222131013;0.8480113636363636;0.0;0.4444444444444444;0.16666666666666666;0.20503597122302158;0.14285714285714285
2018-12-27 00:00:00;0.45075652093195956;0.014228643353581788;0.8465909090909091;0.0;0.4166666666666667;0.16666666666666666;0.1906474820143885;0.12169312169312169
2018-12-27 01:00:00;0.43237723939478323;0.014228643353581788;0.84375;0.0;0.4722222222222222;0.16666666666666666;0.19424460431654678;0.12698412698412698
2018-12-27 02:00:00;0.417432470064049;0.01417391780222186;0.8394886363636364;0.0;0.4722222222222222;0.08333333333333333;0.17625899280575538;0.10052910052910052
2018-12-27 03:00:00;0.40666481017358214;0.01395501559678214;0.828125;0.0;0.4722222222222222;0.08333333333333333;0.1510791366906475;0.07936507936507936
2018-12-27 04:00:00;0.4080571799870045;0.014064466699502;0.8267045454545454;0.0;0.4722222222222222;0.08333333333333333;0.1510791366906475;0.07407407407407407
2018-12-27 05:00:00;0.41492620439988864;0.01417391780222186;0.8267045454545454;0.0;0.0;0.08333333333333333;0.15467625899280577;0.07936507936507936
2018-12-27 06:00:00;0.44045298431263347;0.01395501559678214;0.8295454545454546;0.0;0.4722222222222222;0.08333333333333333;0.16906474820143885;0.09259259259259259
2018-12-27 07:00:00;0.48296667594913206;0.014009741148142069;0.8252840909090909;0.0;0.4444444444444444;0.16666666666666666;0.17266187050359713;0.11904761904761904
2018-12-27 08:00:00;0.5196324143692564;0.01411919225086193;0.8238636363636364;0.0;0.4444444444444444;0.16666666666666666;0.17985611510791366;0.12169312169312169
2018-12-27 09:00:00;0.521674556762276;0.017074372024298148;0.8224431818181818;0.0;0.4722222222222222;0.16666666666666666;0.18705035971223022;0.13227513227513227
2018-12-27 10:00:00;0.5530492898913951;0.019974826246374436;0.8181818181818182;0.7;0.4166666666666667;0.08333333333333333;0.19784172661870503;0.17724867724867724
2018-12-27 11:00:00;0.5537918871252204;0.024790674766048272;0.8082386363636364;0.0;0.5555555555555556;0.08333333333333333;0.18705035971223022;0.19576719576719576
2018-12-27 12:00:00;0.5868374640304465;0.024188693701089038;0.8082386363636364;0.3;0.4166666666666667;0.08333333333333333;0.22302158273381295;0.21164021164021163
2018-12-27 13:00:00;0.5668801633713915;0.027417501231324908;0.8053977272727273;0.3;0.5;0.08333333333333333;0.2158273381294964;0.2275132275132275
2018-12-27 14:00:00;0.5603824375754201;0.025775734690527012;0.8068181818181818;0.8;0.5;0.16666666666666666;0.20503597122302158;0.20634920634920634
2018-12-27 15:00:00;0.5722639933166248;0.020303179554534014;0.8039772727272727;0.0;0.5;0.08333333333333333;0.20503597122302158;0.17195767195767195
2018-12-27 16:00:00;0.5875800612642718;0.016362939856619057;0.8053977272727273;0.0;0.3888888888888889;0.08333333333333333;0.19424460431654678;0.14285714285714285
2018-12-27 17:00:00;0.5984405458089669;0.016746018716138567;0.8053977272727273;0.0;0.5;0.08333333333333333;0.19784172661870503;0.1349206349206349
2018-12-27 18:00:00;0.6050310962591665;0.017840529743337167;0.8082386363636364;0.0;0.5;0.08333333333333333;0.17266187050359713;0.1111111111111111
2018-12-27 19:00:00;0.6533927411120394;0.019427570732775134;0.8096590909090909;0.0;0.5;0.08333333333333333;0.17266187050359713;0.10317460317460317
2018-12-27 20:00:00;0.6289798570500326;0.018114157500136816;0.8139204545454546;0.0;0.0;0.08333333333333333;0.14028776978417265;0.07936507936507936
2018-12-27 21:00:00;0.5917571707045391;0.017840529743337167;0.8139204545454546;0.0;0.08333333333333333;0.0;0.1366906474820144;0.06349206349206349
2018-12-27 22:00:00;0.563260001856493;0.01691019537021836;0.8096590909090909;0.0;0.5833333333333334;0.08333333333333333;0.11510791366906475;0.05555555555555555
2018-12-27 23:00:00;0.5409820848417339;0.01565150768893997;0.8110795454545454;0.0;0.6111111111111112;0.08333333333333333;0.08992805755395683;0.031746031746031744
2018-12-28 00:00:00;0.5080293325907361;0.0151589777267006;0.8110795454545454;0.0;0.5555555555555556;0.08333333333333333;0.09352517985611511;0.031746031746031744
2018-12-28 01:00:00;0.4533556112503481;0.014666447764461228;0.8153409090909091;0.0;0.5277777777777778;0.08333333333333333;0.08273381294964029;0.023809523809523808
2018-12-28 02:00:00;0.43933908846189546;0.014666447764461228;0.8181818181818182;0.0;0.5;0.08333333333333333;0.08633093525179857;0.0291005291005291
2018-12-28 03:00:00;0.42736470806646243;0.013079406775023259;0.8196022727272727;0.0;0.5277777777777778;0.08333333333333333;0.13309352517985612;0.05555555555555555
2018-12-28 04:00:00;0.39441195581546457;0.01264160236414382;0.8224431818181818;0.0;0.5277777777777778;0.08333333333333333;0.18705035971223022;0.10052910052910052
2018-12-28 05:00:00;0.37287663603453075;0.0124227001587041;0.8267045454545454;0.0;0.5555555555555556;0.08333333333333333;0.20863309352517986;0.12169312169312169
2018-12-28 06:00:00;0.3864290355518426;0.01264160236414382;0.8338068181818182;0.0;0.4722222222222222;0.08333333333333333;0.21942446043165467;0.12698412698412698
2018-12-28 07:00:00;0.4023948760790866;0.012532151261423959;0.8409090909090909;0.0;0.4722222222222222;0.08333333333333333;0.22302158273381295;0.1349206349206349
2018-12-28 08:00:00;0.4183607166063306;0.013134132326383191;0.8480113636363636;0.0;0.5277777777777778;0.08333333333333333;0.24100719424460432;0.15343915343915343
2018-12-28 09:00:00;0.41529750301680124;0.013462485634542769;0.8536931818181818;0.0;0.5277777777777778;0.16666666666666666;0.25539568345323743;0.164021164021164
2018-12-28 10:00:00;0.40870695256660167;0.014064466699502;0.8522727272727273;0.0;0.5555555555555556;0.16666666666666666;0.2697841726618705;0.17724867724867724
2018-12-28 11:00:00;0.4169683467929082;0.01450227111038144;0.8480113636363636;0.0;0.5555555555555556;0.16666666666666666;0.28776978417266186;0.1931216931216931
2018-12-28 12:00:00;0.4183607166063306;0.014994801072620809;0.8494318181818182;0.0;0.5555555555555556;0.16666666666666666;0.29856115107913667;0.1984126984126984
2018-12-28 13:00:00;0.40759305671586377;0.01587040989437969;0.8536931818181818;0.0;0.5555555555555556;0.16666666666666666;0.3129496402877698;0.20899470899470898
2018-12-28 14:00:00;0.4177109440267335;0.01603458654845948;0.859375;0.0;0.5555555555555556;0.16666666666666666;0.30935251798561153;0.21164021164021163
2018-12-28 15:00:00;0.40072403230297965;0.014064466699502;0.8693181818181818;0.0;0.5833333333333334;0.16666666666666666;0.32014388489208634;0.21164021164021163
2018-12-28 16:00:00;0.3898635477582846;0.014064466699502;0.8721590909090909;0.0;0.5555555555555556;0.16666666666666666;0.31654676258992803;0.20899470899470898
2018-12-28 17:00:00;0.39673257217116864;0.01450227111038144;0.8778409090909091;0.0;0.5555555555555556;0.16666666666666666;0.33093525179856115;0.21693121693121692
2018-12-28 18:00:00;0.37278381138030264;0.013462485634542769;0.8821022727272727;0.0;0.5277777777777778;0.16666666666666666;0.3345323741007194;0.21957671957671956
2018-12-28 19:00:00;0.34252297410192145;0.013353034531822912;0.8863636363636364;0.0;0.5833333333333334;0.16666666666666666;0.34172661870503596;0.2222222222222222
2018-12-28 20:00:00;0.36322287199480185;0.013517211185902699;0.890625;0.0;0.5833333333333334;0.16666666666666666;0.3489208633093525;0.23015873015873015
2018-12-28 21:00:00;0.32692843219159007;0.0129699556723034;0.8877840909090909;0.0;0.5277777777777778;0.16666666666666666;0.34532374100719426;0.23544973544973544
2018-12-28 22:00:00;0.3216374269005848;0.0129699556723034;0.8849431818181818;0.0;0.5277777777777778;0.16666666666666666;0.3489208633093525;0.24074074074074073
2018-12-28 23:00:00;0.33825304000742595;0.01258687681278389;0.8835227272727273;0.0;0.5833333333333334;0.16666666666666666;0.3669064748201439;0.24603174603174602
2018-12-29 00:00:00;0.3374176181193725;0.01203962129918459;0.8835227272727273;0.0;0.6111111111111112;0.16666666666666666;0.381294964028777;0.25396825396825395
2018-12-29 01:00:00;0.3442866425322566;0.011875444645104802;0.8892045454545454;0.0;0.6111111111111112;0.16666666666666666;0.38848920863309355;0.2619047619047619
2018-12-29 02:00:00;0.3415947275596399;0.01193017019646473;0.8877840909090909;0.0;0.5833333333333334;0.16666666666666666;0.38848920863309355;0.2671957671957672
2018-12-29 03:00:00;0.3467000835421888;0.011711267991025011;0.8778409090909091;0.0;0.5555555555555556;0.16666666666666666;0.3920863309352518;0.2619047619047619
2018-12-29 04:00:00;0.3634085213032581;0.011328189131505502;0.8792613636363636;0.0;0.6666666666666666;0.25;0.4136690647482014;0.2830687830687831
2018-12-29 05:00:00;0.37974566044741487;0.010616756963826413;0.8792613636363636;0.0;0.6388888888888888;0.25;0.4244604316546763;0.28835978835978837
2018-12-29 06:00:00;0.37649679754942916;0.010343129207026762;0.8778409090909091;0.0;0.6111111111111112;0.25;0.4244604316546763;0.28835978835978837
2018-12-29 07:00:00;0.4053652650143878;0.010780933617906201;0.8721590909090909;0.0;0.5833333333333334;0.3333333333333333;0.4136690647482014;0.2777777777777778
2018-12-29 08:00:00;0.4038800705467372;0.011273463580145571;0.8650568181818182;0.0;0.5833333333333334;0.3333333333333333;0.41007194244604317;0.2830687830687831
2018-12-29 09:00:00;0.39394783254432375;0.016855469818858427;0.8607954545454546;0.0;0.6111111111111112;0.4166666666666667;0.4244604316546763;0.2962962962962963
2018-12-29 10:00:00;0.3599740090968161;0.03310895857275763;0.8480113636363636;0.0;0.6111111111111112;0.4166666666666667;0.4316546762589928;0.29894179894179895
2018-12-29 11:00:00;0.294996751137102;0.06588956383735567;0.8352272727272727;0.0;0.6388888888888888;0.5;0.45323741007194246;0.30952380952380953
2018-12-29 12:00:00;0.29843126334354403;0.09106331746292344;0.8196022727272727;0.0;0.6388888888888888;0.5;0.45323741007194246;0.30952380952380953
2018-12-29 13:00:00;0.2786596119929453;0.10748098287090244;0.8082386363636364;0.0;0.6388888888888888;0.5833333333333334;0.4568345323741007;0.30687830687830686
2018-12-29 14:00:00;0.2832080200501253;0.1019537021835495;0.8153409090909091;0.0;0.6666666666666666;0.5;0.4892086330935252;0.32275132275132273
2018-12-29 15:00:00;0.269377146570129;0.12028676188912604;0.8110795454545454;0.0;0.6944444444444444;0.5;0.5035971223021583;0.3492063492063492
2018-12-29 16:00:00;0.20653485565766266;0.18365895036392493;0.8096590909090909;0.0;0.75;0.4166666666666667;0.5071942446043165;0.38095238095238093
2018-12-29 17:00:00;0.2559175717070454;0.16620149948010726;0.8181818181818182;0.0;0.8055555555555556;0.5;0.4676258992805755;0.3862433862433862
2018-12-29 18:00:00;0.15223243293418734;0.2212554041481968;0.8267045454545454;0.0;0.8055555555555556;0.4166666666666667;0.420863309352518;0.37037037037037035
2018-12-29 19:00:00;0.11779448621553884;0.2772943687407651;0.8352272727272727;0.0;0.8333333333333334;0.5;0.381294964028777;0.35714285714285715
2018-12-29 20:00:00;0.07166063306414185;0.32496032397526403;0.84375;0.0;0.8333333333333334;0.5;0.36330935251798563;0.3439153439153439
2018-12-29 21:00:00;0.06033602524830595;0.34307448147540087;0.8522727272727273;0.0;0.8333333333333334;0.4166666666666667;0.37410071942446044;0.3386243386243386
2018-12-29 22:00:00;0.07277452891487979;0.3384775351611668;0.8607954545454546;0.0;0.8333333333333334;0.4166666666666667;0.381294964028777;0.335978835978836
2018-12-29 23:00:00;0.056344565116494945;0.34280085371860125;0.8693181818181818;0.0;0.8611111111111112;0.4166666666666667;0.38848920863309355;0.3333333333333333
2018-12-30 00:00:00;0.0474333983105913;0.34061183166420406;0.8721590909090909;0.0;0.8611111111111112;0.4166666666666667;0.38489208633093525;0.3306878306878307
2018-12-30 01:00:00;0.07583774250440917;0.32102008427734907;0.8863636363636364;0.0;0.8611111111111112;0.4166666666666667;0.381294964028777;0.3306878306878307
2018-12-30 02:00:00;0.0689687180915251;0.3260548350024627;0.8877840909090909;0.0;0.8611111111111112;0.3333333333333333;0.3920863309352518;0.31746031746031744
2018-12-30 03:00:00;0.0514248584424023;0.3374377496853281;0.8892045454545454;0.0;0.8333333333333334;0.25;0.38848920863309355;0.32275132275132273
2018-12-30 04:00:00;0.06831894551192796;0.3175176489903136;0.8948863636363636;0.0;0.7777777777777778;0.16666666666666666;0.3920863309352518;0.31216931216931215
2018-12-30 05:00:00;0.09440267335004177;0.29513489848410224;0.9034090909090909;0.0;0.8055555555555556;0.16666666666666666;0.381294964028777;0.29894179894179895
2018-12-30 06:00:00;0.13580246913580246;0.2714387347452526;0.9076704545454546;0.0;0.7222222222222222;0.16666666666666666;0.37050359712230213;0.2830687830687831
2018-12-30 07:00:00;0.18778427550357374;0.23947901275105346;0.9076704545454546;0.0;0.6111111111111112;0.16666666666666666;0.37050359712230213;0.2671957671957672
2018-12-30 08:00:00;0.23846653671215076;0.2017183823127018;0.9119318181818182;0.0;0.6666666666666666;0.16666666666666666;0.39928057553956836;0.291005291005291
2018-12-30 09:00:00;0.27253318481388655;0.1785147485360915;0.9119318181818182;0.0;0.6666666666666666;0.16666666666666666;0.420863309352518;0.3201058201058201
2018-12-30 10:00:00;0.33704631950245983;0.14152027581677887;0.9105113636363636;0.0;0.6666666666666666;0.25;0.4244604316546763;0.3333333333333333
2018-12-30 11:00:00;0.43757542003156036;0.10715262956274284;0.8991477272727273;0.0;0.6388888888888888;0.25;0.42805755395683454;0.3412698412698413
2018-12-30 12:00:00;0.45344843590457623;0.07825753844469983;0.8920454545454546;0.0;0.6388888888888888;0.25;0.44964028776978415;0.3439153439153439
2018-12-30 13:00:00;0.28989139515455303;0.13030153778799322;0.8877840909090909;0.0;0.6666666666666666;0.25;0.4892086330935252;0.3333333333333333
2018-12-30 14:00:00;0.35189826417896597;0.10479943085426585;0.8863636363636364;0.0;0.6666666666666666;0.16666666666666666;0.5035971223021583;0.3333333333333333
2018-12-30 15:00:00;0.4143692564745196;0.09204837738740218;0.8892045454545454;0.0;0.6944444444444444;0.25;0.5071942446043165;0.335978835978836
2018-12-30 16:00:00;0.4204956836535784;0.07661577190390194;0.8892045454545454;0.0;0.75;0.16666666666666666;0.5179856115107914;0.3439153439153439
2018-12-30 17:00:00;0.35830316532070916;0.07459092650358454;0.8934659090909091;0.0;0.7777777777777778;0.16666666666666666;0.5215827338129496;0.34656084656084657
2018-12-30 18:00:00;0.252854358117516;0.09598861708531714;0.8948863636363636;0.0;0.75;0.16666666666666666;0.5215827338129496;0.34656084656084657
2018-12-30 19:00:00;0.2558247470528172;0.0886006676517266;0.8977272727272727;0.0;0.75;0.16666666666666666;0.5215827338129496;0.34656084656084657
2018-12-30 20:00:00;0.26399331662489556;0.08334701472117333;0.8934659090909091;0.0;0.75;0.16666666666666666;0.5251798561151079;0.3492063492063492
2018-12-30 21:00:00;0.19994430520746312;0.11508783450993268;0.8934659090909091;0.0;0.7777777777777778;0.25;0.5251798561151079;0.3492063492063492
2018-12-30 22:00:00;0.17803768680961662;0.1298637333771138;0.8963068181818182;0.0;0.8055555555555556;0.16666666666666666;0.5287769784172662;0.35185185185185186
2018-12-30 23:00:00;0.1454562331755314;0.14184862912493842;0.8977272727272727;0.0;0.7777777777777778;0.16666666666666666;0.5323741007194245;0.3544973544973545
