;STN;YYYYMMDD;HH;DD;FH;FF;FX;T;T10N;TD;SQ;Q;DR;RH;P;VV;N;U;WW;IX;M;R;S;O;Y
0;344;20160701;1;210;70;70;130;168;;138;0;0;0;0;10104;70;8;82;;5;0;0;0;0;0
1;344;20160701;2;210;70;80;120;170;;142;0;0;0;0;10103;70;8;84;;5;0;0;0;0;0
2;344;20160701;3;210;70;70;120;167;;149;0;0;3;3;10102;64;8;89;81.0;7;0;1;0;0;0
3;344;20160701;4;210;70;70;110;167;;150;0;1;2;3;10101;70;8;90;23.0;7;0;1;0;0;0
4;344;20160701;5;220;70;90;130;170;;147;0;6;0;0;10100;70;8;86;;5;0;0;0;0;0
5;344;20160701;6;220;70;70;120;169;158.0;144;0;9;0;0;10102;70;8;85;2.0;7;0;0;0;0;0
6;344;20160701;7;230;80;70;130;168;;143;0;17;0;0;10107;70;8;85;;5;0;0;0;0;0
7;344;20160701;8;230;80;80;140;169;;137;0;20;0;0;10110;70;8;81;;5;0;0;0;0;0
8;344;20160701;9;230;70;70;130;173;;143;0;45;0;0;10111;70;8;83;;5;0;0;0;0;0
9;344;20160701;10;230;80;70;130;175;;137;0;49;0;0;10113;73;8;78;;5;0;0;0;0;0
10;344;20160701;11;220;70;70;120;181;;140;0;55;0;0;10111;75;8;77;;5;0;0;0;0;0
11;344;20160701;12;210;80;70;130;177;163.0;145;0;51;0;-1;10110;68;8;82;23.0;7;0;1;0;0;0
12;344;20160701;13;200;70;70;120;180;;146;0;69;0;-1;10107;70;8;81;23.0;7;0;1;0;0;0
13;344;20160701;14;220;70;80;130;170;;154;0;52;1;1;10107;50;8;90;58.0;7;0;1;0;0;0
14;344;20160701;15;210;80;70;120;176;;151;0;54;1;1;10103;70;8;85;23.0;7;0;1;0;0;0
15;344;20160701;16;210;70;80;130;179;;151;0;34;0;0;10101;70;8;84;;5;0;0;0;0;0
16;344;20160701;17;210;60;60;110;171;;158;0;14;3;8;10098;58;8;92;81.0;7;0;1;0;0;0
17;344;20160701;18;220;60;60;100;161;156.0;146;0;11;7;43;10096;65;8;91;23.0;7;0;1;0;0;0
18;344;20160701;19;200;60;60;90;163;;150;0;10;3;2;10090;65;8;92;51.0;7;0;1;0;0;0
19;344;20160701;20;210;60;60;100;161;;146;2;8;4;3;10088;65;8;91;23.0;7;0;1;0;0;0
20;344;20160701;21;230;70;80;130;156;;135;0;0;1;1;10094;70;8;87;23.0;7;0;1;0;0;0
21;344;20160701;22;230;60;60;110;149;;126;0;0;2;1;10095;70;8;86;81.0;7;0;1;0;0;0
22;344;20160701;23;230;60;60;90;146;;123;0;0;3;1;10094;70;8;86;23.0;7;0;1;0;0;0
23;344;20160701;24;240;60;60;110;147;138.0;124;0;0;0;0;10096;65;8;86;2.0;7;0;0;0;0;0
24;344;20160702;1;220;60;50;90;146;;127;0;0;0;0;10095;65;8;88;;5;0;0;0;0;0
25;344;20160702;2;230;50;60;90;146;;118;0;0;0;0;10098;69;8;83;;5;0;0;0;0;0
26;344;20160702;3;250;60;60;90;140;;99;0;0;0;0;10102;75;6;76;;5;0;0;0;0;0
27;344;20160702;4;250;50;40;90;133;;95;0;1;0;-1;10106;75;2;78;23.0;7;0;1;0;0;0
28;344;20160702;5;250;40;40;80;140;;101;7;26;0;0;10109;74;7;77;;5;0;0;0;0;0
29;344;20160702;6;240;50;40;90;147;117.0;109;7;62;0;0;10112;75;2;78;1.0;7;0;0;0;0;0
30;344;20160702;7;240;50;60;100;141;;98;5;63;0;-1;10117;75;6;75;23.0;7;0;1;0;0;0
31;344;20160702;8;250;50;50;90;139;;105;2;75;3;1;10121;70;7;80;81.0;7;0;1;0;0;0
32;344;20160702;9;260;50;60;110;150;;106;5;133;2;1;10126;75;7;75;23.0;7;0;1;0;0;0
33;344;20160702;10;240;70;70;110;168;;110;8;230;1;10;10127;79;4;69;23.0;7;0;1;0;0;0
34;344;20160702;11;250;80;70;120;161;;95;9;283;0;0;10130;79;2;65;;5;0;0;0;0;0
35;344;20160702;12;250;80;90;120;174;135.0;104;9;279;0;0;10133;75;4;63;3.0;7;0;0;0;0;0
36;344;20160702;13;260;80;80;140;159;;87;9;265;0;0;10138;80;6;62;;5;0;0;0;0;0
37;344;20160702;14;260;80;70;140;163;;95;7;241;0;0;10142;81;6;64;;5;0;0;0;0;0
38;344;20160702;15;270;80;80;150;172;;84;10;235;0;0;10146;80;1;56;;5;0;0;0;0;0
39;344;20160702;16;250;80;70;130;176;;90;10;220;0;0;10148;80;0;57;;5;0;0;0;0;0
40;344;20160702;17;250;90;90;130;162;;102;8;126;0;0;10154;79;7;68;;5;0;0;0;0;0
41;344;20160702;18;240;90;80;140;161;161.0;105;9;97;0;0;10156;70;7;69;;5;0;0;0;0;0
42;344;20160702;19;240;70;70;120;152;;104;8;40;0;0;10158;74;1;73;;5;0;0;0;0;0
43;344;20160702;20;240;70;60;130;147;;101;2;7;0;0;10162;74;4;74;;5;0;0;0;0;0
44;344;20160702;21;230;70;70;130;146;;100;0;0;0;0;10165;72;1;74;;5;0;0;0;0;0
45;344;20160702;22;220;60;60;110;149;;110;0;0;0;0;10165;69;7;77;;5;0;0;0;0;0
46;344;20160702;23;290;50;20;100;127;;103;0;0;0;-1;10167;70;8;85;92.0;7;0;1;0;1;0
47;344;20160702;24;220;50;60;90;141;127.0;117;0;0;0;-1;10164;66;8;85;91.0;7;0;1;0;1;0
48;344;20160703;1;220;50;50;70;143;;121;0;0;0;0;10163;64;8;87;26.0;7;0;0;0;1;0
49;344;20160703;2;220;50;50;80;144;;125;0;0;0;0;10162;63;8;88;26.0;7;0;0;0;1;0
50;344;20160703;3;220;40;30;70;138;;123;0;0;0;0;10166;64;6;91;1.0;7;0;0;0;0;0
51;344;20160703;4;230;40;40;50;138;;121;0;2;0;0;10168;65;2;89;;5;0;0;0;0;0
52;344;20160703;5;210;40;50;60;142;;128;0;12;0;0;10172;62;3;91;;5;0;0;0;0;0
53;344;20160703;6;200;40;50;80;150;128.0;127;2;45;0;0;10174;64;6;86;3.0;7;0;0;0;0;0
54;344;20160703;7;220;50;40;90;147;;128;3;43;0;0;10179;67;4;88;26.0;7;0;0;0;1;0
55;344;20160703;8;260;40;50;90;174;;123;7;105;0;0;10181;75;4;72;26.0;7;0;0;0;1;0
56;344;20160703;9;250;60;50;90;180;;120;7;161;0;0;10185;74;1;68;1.0;7;0;0;0;0;0
57;344;20160703;10;250;60;60;90;182;;113;5;182;0;0;10188;72;5;64;;5;0;0;0;0;0
58;344;20160703;11;260;60;60;100;175;;103;9;244;0;0;10191;73;1;63;;5;0;0;0;0;0
59;344;20160703;12;250;60;60;100;185;138.0;105;10;290;0;0;10193;73;2;60;3.0;7;0;0;0;0;0
60;344;20160703;13;260;60;60;100;180;;89;10;301;0;0;10196;80;1;55;;5;0;0;0;0;0
61;344;20160703;14;270;50;60;90;187;;103;10;295;0;0;10197;75;0;58;;5;0;0;0;0;0
62;344;20160703;15;270;50;50;90;185;;95;10;268;0;0;10198;80;0;56;;5;0;0;0;0;0
63;344;20160703;16;260;50;50;70;183;;104;10;216;0;0;10198;79;0;60;;5;0;0;0;0;0
64;344;20160703;17;270;40;40;70;182;;104;10;163;0;0;10199;80;0;60;;5;0;0;0;0;0
65;344;20160703;18;270;40;30;60;176;189.0;103;10;111;0;0;10201;82;5;62;;5;0;0;0;0;0
66;344;20160703;19;280;30;20;50;165;;105;10;53;0;0;10205;80;0;68;;5;0;0;0;0;0
67;344;20160703;20;230;20;30;40;140;;95;3;10;0;0;10206;75;0;74;;5;0;0;0;0;0
68;344;20160703;21;260;20;10;30;140;;100;0;0;0;0;10208;75;0;77;;5;0;0;0;0;0
69;344;20160703;22;0;0;0;10;121;;102;0;0;0;0;10212;70;0;88;;5;0;0;0;0;0
70;344;20160703;23;150;10;10;20;117;;100;0;0;0;0;10211;70;0;89;;5;0;0;0;0;0
71;344;20160703;24;160;10;10;20;120;80.0;108;0;0;0;0;10209;65;0;92;;5;0;0;0;0;0
72;344;20160704;1;140;10;10;20;124;;109;0;0;0;0;10205;65;0;91;;5;0;0;0;0;0
73;344;20160704;2;0;0;0;10;107;;102;0;0;0;0;10204;65;0;97;;5;0;0;0;0;0
74;344;20160704;3;150;10;20;20;106;;101;0;0;0;0;10200;64;0;97;;5;0;0;0;0;0
75;344;20160704;4;170;20;30;30;115;;106;0;3;0;0;10199;65;0;94;;5;0;0;0;0;0
76;344;20160704;5;340;20;10;30;135;;123;8;27;0;0;10203;65;0;92;;5;0;0;0;0;0
77;344;20160704;6;300;0;10;10;161;65.0;141;10;75;0;0;10203;66;0;88;;5;0;0;0;0;0
78;344;20160704;7;250;10;20;30;166;;137;8;102;0;0;10204;70;5;83;;5;0;0;0;0;0
79;344;20160704;8;280;20;10;30;172;;133;2;72;0;0;10204;75;1;78;;5;0;0;0;0;0
80;344;20160704;9;290;10;10;20;181;;131;5;133;0;0;10205;75;5;73;;5;0;0;0;0;0
81;344;20160704;10;240;20;20;40;186;;132;5;171;0;0;10202;75;6;71;;5;0;0;0;0;0
82;344;20160704;11;240;20;20;50;200;;129;8;245;0;0;10198;81;6;64;;5;0;0;0;0;0
83;344;20160704;12;240;20;30;50;205;160.0;119;7;273;0;0;10196;81;8;58;;5;0;0;0;0;0
84;344;20160704;13;270;20;20;60;207;;134;3;173;0;0;10193;81;6;63;;5;0;0;0;0;0
85;344;20160704;14;290;30;20;50;214;;136;3;145;0;0;10187;80;6;61;;5;0;0;0;0;0
86;344;20160704;15;270;20;30;50;217;;138;5;150;0;0;10184;81;6;61;;5;0;0;0;0;0
87;344;20160704;16;330;30;30;60;215;;142;6;146;0;0;10180;80;7;63;;5;0;0;0;0;0
88;344;20160704;17;270;30;30;60;212;;133;10;150;0;0;10176;81;1;61;;5;0;0;0;0;0
89;344;20160704;18;270;30;40;50;203;208.0;131;10;100;0;0;10174;82;1;63;;5;0;0;0;0;0
90;344;20160704;19;280;30;20;50;186;;137;10;48;0;0;10174;75;0;73;;5;0;0;0;0;0
91;344;20160704;20;250;20;20;40;157;;128;3;8;0;0;10173;70;5;83;;5;0;0;0;0;0
92;344;20160704;21;260;20;20;30;163;;130;0;0;0;0;10173;70;8;81;;5;0;0;0;0;0
93;344;20160704;22;230;20;10;30;144;;124;0;0;0;0;10170;70;7;88;;5;0;0;0;0;0
94;344;20160704;23;210;20;20;40;138;;116;0;0;0;0;10166;70;7;87;;5;0;0;0;0;0
95;344;20160704;24;220;40;40;60;157;116.0;124;0;0;0;0;10163;70;7;81;;5;0;0;0;0;0
96;344;20160705;1;210;40;30;60;146;;122;0;0;0;0;10157;70;0;86;;5;0;0;0;0;0
97;344;20160705;2;220;50;50;80;156;;130;0;0;0;0;10150;70;7;85;;5;0;0;0;0;0
98;344;20160705;3;220;50;50;80;157;;136;0;0;0;0;10144;70;8;87;;5;0;0;0;0;0
99;344;20160705;4;220;50;60;80;159;;139;0;1;0;0;10139;68;8;88;;5;0;0;0;0;0
100;344;20160705;5;220;60;60;90;155;;144;0;4;0;-1;10137;61;8;93;81.0;7;0;1;0;0;0
101;344;20160705;6;240;70;70;120;156;132.0;141;0;7;0;-1;10136;63;8;91;23.0;7;0;1;0;0;0
102;344;20160705;7;240;70;70;110;161;;141;0;15;0;0;10137;70;8;88;;5;0;0;0;0;0
103;344;20160705;8;240;60;70;90;159;;150;0;21;5;4;10137;46;8;94;81.0;7;0;1;0;0;0
104;344;20160705;9;250;70;80;120;166;;149;0;50;7;13;10139;70;8;90;23.0;7;0;1;0;0;0
105;344;20160705;10;250;80;70;120;171;;143;1;105;0;0;10142;70;8;84;;5;0;0;0;0;0
106;344;20160705;11;250;80;90;130;167;;141;0;91;0;-1;10147;63;8;85;81.0;7;0;1;0;0;0
107;344;20160705;12;260;70;70;130;167;153.0;142;1;65;1;2;10149;70;8;85;23.0;7;0;1;0;0;0
108;344;20160705;13;290;80;70;140;161;;135;0;72;0;-1;10157;69;8;85;23.0;7;0;1;0;0;0
109;344;20160705;14;290;80;90;120;166;;124;1;143;0;0;10166;75;8;76;;5;0;0;0;0;0
110;344;20160705;15;310;80;80;140;157;;113;3;118;0;0;10172;75;5;75;1.0;7;0;0;0;0;0
111;344;20160705;16;310;80;60;140;161;;111;9;189;0;0;10176;74;4;72;;5;0;0;0;0;0
112;344;20160705;17;310;60;60;120;158;;112;7;95;0;0;10182;75;1;74;;5;0;0;0;0;0
113;344;20160705;18;300;50;50;100;161;153.0;109;10;92;0;0;10185;75;2;71;3.0;7;0;0;0;0;0
114;344;20160705;19;280;40;30;80;145;;111;10;44;0;0;10188;75;4;80;;5;0;0;0;0;0
115;344;20160705;20;270;30;20;50;132;;109;3;11;0;0;10193;70;0;86;;5;0;0;0;0;0
116;344;20160705;21;250;30;30;40;123;;107;0;0;0;0;10193;70;0;90;;5;0;0;0;0;0
117;344;20160705;22;250;20;20;40;112;;97;0;0;0;0;10193;70;4;90;;5;0;0;0;0;0
118;344;20160705;23;260;20;20;40;106;;91;0;0;0;0;10195;70;0;90;;5;0;0;0;0;0
119;344;20160705;24;260;30;20;40;113;83.0;100;0;0;0;0;10192;65;7;92;;5;0;0;0;0;0
120;344;20160706;1;330;30;30;70;122;;113;0;0;5;28;10200;58;8;94;82.0;7;0;1;0;0;0
121;344;20160706;2;220;20;20;60;121;;115;0;0;9;8;10195;65;8;96;51.0;7;0;1;0;0;0
122;344;20160706;3;0;10;0;20;113;;110;0;0;0;-1;10195;21;4;98;22.0;7;0;1;0;0;0
123;344;20160706;4;220;10;10;10;113;;110;0;3;0;0;10197;56;8;98;20.0;7;1;0;0;0;0
124;344;20160706;5;270;10;10;20;128;;123;5;24;0;0;10202;65;8;97;;5;0;0;0;0;0
125;344;20160706;6;290;10;20;30;141;81.0;126;3;61;0;0;10206;65;8;91;2.0;7;0;0;0;0;0
126;344;20160706;7;290;20;30;50;156;;125;3;95;0;0;10211;70;6;82;;5;0;0;0;0;0
127;344;20160706;8;310;30;30;60;167;;115;8;165;0;0;10213;75;6;71;;5;0;0;0;0;0
128;344;20160706;9;290;40;30;70;174;;115;7;200;0;0;10218;80;6;68;;5;0;0;0;0;0
129;344;20160706;10;290;30;30;60;175;;108;6;223;0;0;10222;80;5;65;;5;0;0;0;0;0
130;344;20160706;11;310;40;40;80;181;;102;7;258;0;0;10223;81;3;60;;5;0;0;0;0;0
131;344;20160706;12;290;40;40;70;187;143.0;102;8;304;0;0;10224;82;4;58;;5;0;0;0;0;0
132;344;20160706;13;300;50;50;90;188;;99;10;315;0;0;10227;82;1;56;;5;0;0;0;0;0
133;344;20160706;14;290;50;50;90;189;;107;10;312;0;0;10228;82;5;59;;5;0;0;0;0;0
134;344;20160706;15;290;50;50;80;187;;98;9;265;0;0;10228;81;2;56;;5;0;0;0;0;0
135;344;20160706;16;320;50;40;90;180;;96;8;192;0;0;10223;82;8;58;;5;0;0;0;0;0
136;344;20160706;17;310;40;30;60;182;;90;9;152;0;0;10225;81;5;55;;5;0;0;0;0;0
137;344;20160706;18;330;30;20;60;170;172.0;91;8;89;0;0;10225;82;4;60;;5;0;0;0;0;0
138;344;20160706;19;340;20;10;30;159;;95;10;40;0;0;10225;80;4;66;;5;0;0;0;0;0
139;344;20160706;20;350;20;10;30;143;;98;3;10;0;0;10225;75;7;74;;5;0;0;0;0;0
140;344;20160706;21;280;10;10;20;132;;101;0;0;0;0;10226;70;8;81;;5;0;0;0;0;0
141;344;20160706;22;210;10;10;20;123;;103;0;0;0;0;10226;70;8;88;;5;0;0;0;0;0
142;344;20160706;23;0;10;0;20;119;;107;0;0;0;0;10226;65;8;92;;5;0;0;0;0;0
143;344;20160706;24;0;0;0;10;113;69.0;107;0;0;0;0;10224;65;8;96;;5;0;0;0;0;0
144;344;20160707;1;0;0;0;10;111;;106;0;0;0;0;10221;65;7;97;;5;0;0;0;0;0
145;344;20160707;2;190;10;10;10;107;;102;0;0;0;0;10215;65;7;97;;5;0;0;0;0;0
146;344;20160707;3;180;10;10;10;107;;102;0;0;0;0;10215;65;7;97;;5;0;0;0;0;0
147;344;20160707;4;200;10;20;20;117;;110;2;4;0;0;10217;65;7;95;;5;0;0;0;0;0
148;344;20160707;5;200;20;20;30;141;;121;8;28;0;0;10220;70;8;88;;5;0;0;0;0;0
149;344;20160707;6;190;20;30;60;152;58.0;113;0;45;0;0;10221;75;8;78;;5;0;0;0;0;0
150;344;20160707;7;180;30;40;60;158;;115;2;57;0;0;10219;75;8;76;;5;0;0;0;0;0
151;344;20160707;8;180;40;40;60;172;;121;0;98;0;0;10218;75;7;72;;5;0;0;0;0;0
152;344;20160707;9;190;50;50;90;181;;97;4;160;0;0;10216;81;8;58;;5;0;0;0;0;0
153;344;20160707;10;180;50;50;80;193;;107;4;206;0;0;10214;80;8;57;;5;0;0;0;0;0
154;344;20160707;11;200;50;50;110;200;;104;2;187;0;0;10210;79;8;54;;5;0;0;0;0;0
155;344;20160707;12;190;50;40;90;208;149.0;107;2;204;0;0;10203;80;7;52;;5;0;0;0;0;0
156;344;20160707;13;220;50;50;80;210;;115;2;190;0;0;10201;81;8;55;;5;0;0;0;0;0
157;344;20160707;14;200;60;50;90;207;;122;2;182;0;0;10198;75;6;58;;5;0;0;0;0;0
158;344;20160707;15;230;60;70;90;215;;134;2;161;0;0;10194;77;8;60;;5;0;0;0;0;0
159;344;20160707;16;240;50;40;90;216;;135;9;203;0;0;10190;73;8;60;;5;0;0;0;0;0
160;344;20160707;17;270;40;40;80;203;;132;8;138;0;0;10188;80;8;64;;5;0;0;0;0;0
161;344;20160707;18;280;30;30;50;194;198.0;132;4;70;0;0;10186;78;6;67;;5;0;0;0;0;0
162;344;20160707;19;270;30;20;40;181;;134;0;22;0;0;10181;75;8;74;;5;0;0;0;0;0
163;344;20160707;20;220;20;20;30;170;;129;2;5;0;0;10181;75;8;77;;5;0;0;0;0;0
164;344;20160707;21;230;20;30;40;175;;134;0;0;0;-1;10180;75;8;77;81.0;7;0;1;0;0;0
165;344;20160707;22;220;20;20;30;167;;125;0;0;0;-1;10178;75;7;76;23.0;7;0;1;0;0;0
166;344;20160707;23;200;20;20;30;162;;128;0;0;0;0;10173;75;8;80;;5;0;0;0;0;0
167;344;20160707;24;220;10;10;30;156;134.0;134;0;0;0;0;10172;70;7;87;1.0;7;0;0;0;0;0
168;344;20160708;1;190;10;10;20;154;;133;0;0;0;0;10165;70;8;87;;5;0;0;0;0;0
169;344;20160708;2;190;20;30;50;170;;116;0;0;0;-1;10159;75;8;70;23.0;7;0;1;0;0;0
170;344;20160708;3;190;20;30;40;163;;120;0;0;0;-1;10153;68;8;76;22.0;7;0;1;0;0;0
171;344;20160708;4;200;30;30;50;163;;119;0;1;0;0;10148;75;8;75;;5;0;0;0;0;0
172;344;20160708;5;220;30;40;50;163;;124;0;9;0;-1;10143;75;8;78;23.0;7;0;1;0;0;0
173;344;20160708;6;230;40;40;90;165;130.0;136;0;24;0;-1;10141;70;8;83;23.0;7;0;1;0;0;0
174;344;20160708;7;220;50;50;80;167;;134;0;27;0;0;10141;70;8;81;;5;0;0;0;0;0
175;344;20160708;8;230;50;60;90;171;;133;0;71;0;0;10143;75;8;78;;5;0;0;0;0;0
176;344;20160708;9;240;60;50;90;174;;138;0;54;0;-1;10140;75;8;79;51.0;7;0;1;0;0;0
177;344;20160708;10;250;80;80;120;180;;136;0;111;0;-1;10145;75;8;75;22.0;7;0;1;0;0;0
178;344;20160708;11;250;70;50;140;157;;147;0;55;3;6;10149;50;8;94;82.0;7;0;1;0;0;0
179;344;20160708;12;240;50;60;80;181;158.0;161;0;122;5;4;10151;70;8;88;23.0;7;0;1;0;0;0
180;344;20160708;13;240;70;80;120;185;;152;0;113;0;0;10153;70;8;81;;5;0;0;0;0;0
181;344;20160708;14;250;80;70;130;189;;151;0;89;0;0;10154;75;8;79;;5;0;0;0;0;0
182;344;20160708;15;250;80;90;130;202;;150;7;216;0;0;10155;75;4;72;;5;0;0;0;0;0
183;344;20160708;16;240;80;70;130;211;;151;10;213;0;0;10155;80;1;69;;5;0;0;0;0;0
184;344;20160708;17;250;70;60;130;210;;152;10;161;0;0;10157;80;1;69;;5;0;0;0;0;0
185;344;20160708;18;240;70;70;120;198;181.0;152;6;82;0;0;10161;75;7;75;;5;0;0;0;0;0
186;344;20160708;19;240;70;70;110;188;;154;5;27;0;0;10163;70;8;81;;5;0;0;0;0;0
187;344;20160708;20;250;60;60;100;184;;154;0;4;0;0;10168;70;7;83;;5;0;0;0;0;0
188;344;20160708;21;250;50;60;100;180;;157;0;0;0;0;10176;67;8;86;;5;0;0;0;0;0
189;344;20160708;22;270;50;40;80;174;;156;0;0;0;0;10180;61;8;89;;5;0;0;0;0;0
190;344;20160708;23;270;30;20;50;166;;154;0;0;0;0;10183;60;8;93;;5;0;0;0;0;0
191;344;20160708;24;240;20;10;40;155;124.0;150;0;0;0;0;10185;59;2;97;10.0;7;0;0;0;0;0
192;344;20160709;1;250;10;10;20;155;;152;0;0;0;0;10186;58;8;98;10.0;7;0;0;0;0;0
193;344;20160709;2;220;10;10;20;154;;150;0;0;0;0;10185;59;8;97;10.0;7;0;0;0;0;0
194;344;20160709;3;220;10;20;20;155;;149;0;0;0;0;10187;30;8;96;10.0;7;0;0;0;0;0
195;344;20160709;4;210;10;20;20;156;;151;0;2;0;0;10186;61;8;97;;5;0;0;0;0;0
196;344;20160709;5;210;10;10;20;159;;154;0;14;0;0;10186;57;4;97;10.0;7;0;0;0;0;0
197;344;20160709;6;180;20;30;40;180;115.0;164;9;63;0;0;10191;60;2;90;;5;0;0;0;0;0
198;344;20160709;7;220;30;40;60;183;;158;8;104;0;0;10191;64;4;85;;5;0;0;0;0;0
199;344;20160709;8;230;40;40;60;197;;162;6;143;0;0;10194;67;6;80;;5;0;0;0;0;0
200;344;20160709;9;230;50;50;70;209;;149;8;214;0;0;10192;75;2;69;;5;0;0;0;0;0
201;344;20160709;10;240;50;50;80;220;;143;7;223;0;0;10192;74;2;62;;5;0;0;0;0;0
202;344;20160709;11;230;60;70;100;225;;148;7;271;0;0;10190;75;8;62;;5;0;0;0;0;0
203;344;20160709;12;240;70;70;100;230;186.0;152;9;312;0;0;10189;70;6;61;;5;0;0;0;0;0
204;344;20160709;13;230;70;70;110;227;;143;5;252;0;0;10184;78;8;59;;5;0;0;0;0;0
205;344;20160709;14;230;70;60;110;241;;157;2;179;0;0;10181;80;6;59;;5;0;0;0;0;0
206;344;20160709;15;230;60;70;110;232;;164;3;159;0;0;10178;72;7;66;;5;0;0;0;0;0
207;344;20160709;16;230;80;80;120;222;;143;7;163;0;0;10171;81;6;61;;5;0;0;0;0;0
208;344;20160709;17;220;70;60;110;213;;153;5;91;0;0;10166;80;7;69;;5;0;0;0;0;0
209;344;20160709;18;220;60;60;110;205;204.0;146;7;61;0;0;10161;80;6;69;;5;0;0;0;0;0
210;344;20160709;19;220;50;50;90;198;;149;5;27;0;0;10159;75;7;73;;5;0;0;0;0;0
211;344;20160709;20;230;60;60;90;197;;147;2;8;0;0;10157;75;8;73;;5;0;0;0;0;0
212;344;20160709;21;230;70;70;100;195;;143;0;0;0;0;10156;75;7;72;;5;0;0;0;0;0
213;344;20160709;22;220;60;60;90;196;;143;0;0;0;0;10151;75;8;71;;5;0;0;0;0;0
214;344;20160709;23;240;40;40;90;189;;145;0;0;0;0;10151;75;8;76;;5;0;0;0;0;0
215;344;20160709;24;230;40;30;70;173;164.0;138;0;0;0;0;10147;75;2;80;;5;0;0;0;0;0
216;344;20160710;1;220;30;30;50;178;;144;0;0;0;0;10141;75;2;80;;5;0;0;0;0;0
217;344;20160710;2;220;30;30;50;171;;142;0;0;0;0;10137;70;8;83;;5;0;0;0;0;0
218;344;20160710;3;180;30;30;40;175;;145;0;0;0;0;10131;70;8;83;;5;0;0;0;0;0
219;344;20160710;4;180;30;40;50;176;;146;0;1;0;0;10124;62;8;83;;5;0;0;0;0;0
220;344;20160710;5;190;30;30;40;185;;150;3;20;0;0;10124;60;6;80;;5;0;0;0;0;0
221;344;20160710;6;190;30;30;60;199;150.0;156;8;69;0;0;10122;75;6;76;;5;0;0;0;0;0
222;344;20160710;7;200;30;30;50;208;;159;6;96;0;0;10121;75;6;74;;5;0;0;0;0;0
223;344;20160710;8;240;40;50;70;221;;163;6;150;0;0;10117;75;8;70;;5;0;0;0;0;0
224;344;20160710;9;220;40;40;70;222;;167;3;146;0;0;10112;75;7;71;;5;0;0;0;0;0
225;344;20160710;10;220;50;60;80;232;;172;8;241;0;0;10106;80;6;69;;5;0;0;0;0;0
226;344;20160710;11;220;60;60;100;243;;173;8;253;0;0;10101;80;6;65;;5;0;0;0;0;0
227;344;20160710;12;220;70;70;100;255;194.0;171;9;307;0;0;10095;77;7;60;;5;0;0;0;0;0
228;344;20160710;13;260;70;50;110;245;;183;8;279;0;0;10093;75;8;68;;5;0;0;0;0;0
229;344;20160710;14;270;50;40;80;237;;181;7;237;0;0;10090;74;8;71;;5;0;0;0;0;0
230;344;20160710;15;280;50;60;80;221;;175;5;191;0;0;10090;75;8;75;;5;0;0;0;0;0
231;344;20160710;16;260;50;50;100;205;;160;0;106;0;0;10092;75;8;75;;5;0;0;0;0;0
232;344;20160710;17;260;50;60;110;202;;163;7;108;0;0;10091;75;8;78;;5;0;0;0;0;0
233;344;20160710;18;250;60;60;110;201;198.0;161;0;46;0;0;10086;75;8;78;;5;0;0;0;0;0
234;344;20160710;19;250;60;60;100;189;;163;0;14;0;0;10087;70;8;85;;5;0;0;0;0;0
235;344;20160710;20;240;50;50;100;185;;159;0;5;0;0;10085;70;8;85;;5;0;0;0;0;0
236;344;20160710;21;240;60;70;110;187;;152;0;1;0;0;10086;75;8;80;;5;0;0;0;0;0
237;344;20160710;22;220;70;70;120;190;;143;0;0;0;0;10078;75;7;74;;5;0;0;0;0;0
238;344;20160710;23;220;70;80;130;185;;130;0;0;0;0;10079;75;7;70;;5;0;0;0;0;0
239;344;20160710;24;230;70;80;120;179;174.0;126;0;0;0;0;10078;75;8;71;;5;0;0;0;0;0
240;344;20160711;1;220;80;80;120;175;;131;0;0;0;0;10077;75;4;75;;5;0;0;0;0;0
241;344;20160711;2;230;80;70;120;169;;131;0;0;0;0;10076;75;8;78;;5;0;0;0;0;0
242;344;20160711;3;220;70;90;130;165;;132;0;0;0;0;10075;70;6;81;;5;0;0;0;0;0
243;344;20160711;4;220;80;80;120;164;;132;0;1;0;0;10075;68;7;81;;5;0;0;0;0;0
244;344;20160711;5;220;70;60;120;164;;133;5;20;0;0;10076;68;2;82;;5;0;0;0;0;0
245;344;20160711;6;210;70;80;120;168;157.0;133;2;44;0;0;10078;67;7;80;;5;0;0;0;0;0
246;344;20160711;7;220;80;80;130;169;;134;0;33;0;0;10080;67;8;80;;5;0;0;0;0;0
247;344;20160711;8;220;80;80;130;178;;134;1;70;0;0;10082;74;8;75;;5;0;0;0;0;0
248;344;20160711;9;230;90;100;150;190;;131;2;129;0;0;10084;73;8;69;;5;0;0;0;0;0
249;344;20160711;10;240;90;100;160;190;;129;1;86;0;0;10087;74;8;68;;5;0;0;0;0;0
250;344;20160711;11;240;100;100;160;197;;136;3;146;0;0;10088;74;6;68;;5;0;0;0;0;0
251;344;20160711;12;240;120;110;190;210;166.0;139;5;206;0;0;10090;77;7;64;;5;0;0;0;0;0
252;344;20160711;13;240;110;110;180;198;;137;5;204;0;0;10096;72;7;68;;5;0;0;0;0;0
253;344;20160711;14;230;120;120;200;215;;130;8;234;0;0;10097;79;4;58;;5;0;0;0;0;0
254;344;20160711;15;250;120;130;190;204;;124;5;194;0;0;10099;80;7;60;;5;0;0;0;0;0
255;344;20160711;16;230;110;100;180;204;;132;10;183;0;0;10098;80;6;63;;5;0;0;0;0;0
256;344;20160711;17;230;110;110;150;202;;133;10;167;0;0;10096;75;2;65;;5;0;0;0;0;0
257;344;20160711;18;230;90;100;150;202;201.0;134;10;111;0;0;10096;80;6;65;;5;0;0;0;0;0
258;344;20160711;19;240;100;90;170;187;;127;10;48;0;0;10099;80;1;68;;5;0;0;0;0;0
259;344;20160711;20;240;70;80;130;180;;127;3;5;0;0;10103;75;8;71;;5;0;0;0;0;0
260;344;20160711;21;230;80;70;130;171;;127;0;0;0;0;10106;75;1;75;;5;0;0;0;0;0
261;344;20160711;22;230;70;60;130;170;;136;0;0;0;0;10107;75;7;80;;5;0;0;0;0;0
262;344;20160711;23;220;70;50;110;164;;135;0;0;0;0;10106;70;3;83;;5;0;0;0;0;0
263;344;20160711;24;240;50;50;90;167;154.0;142;0;0;0;0;10105;70;8;85;;5;0;0;0;0;0
264;344;20160712;1;220;50;50;80;166;;144;0;0;0;0;10105;68;8;87;;5;0;0;0;0;0
265;344;20160712;2;220;50;50;80;167;;146;0;0;0;-1;10103;65;8;87;81.0;7;0;1;0;0;0
266;344;20160712;3;230;50;50;90;166;;148;0;0;0;-1;10104;63;8;89;81.0;7;0;1;0;0;0
267;344;20160712;4;250;50;50;80;163;;150;0;0;3;2;10107;63;8;92;23.0;7;0;1;0;0;0
268;344;20160712;5;240;50;40;70;167;;152;0;14;0;0;10109;65;7;91;;5;0;0;0;0;0
269;344;20160712;6;240;40;40;70;171;158.0;152;1;37;0;0;10113;67;8;89;3.0;7;0;0;0;0;0
270;344;20160712;7;250;40;40;70;179;;144;6;99;0;0;10115;72;7;80;;5;0;0;0;0;0
271;344;20160712;8;250;50;50;70;185;;138;6;129;0;0;10118;75;8;74;;5;0;0;0;0;0
272;344;20160712;9;250;50;40;70;183;;140;2;123;0;0;10118;74;8;76;;5;0;0;0;0;0
273;344;20160712;10;220;40;40;70;167;;152;1;79;4;8;10121;57;8;91;82.0;7;0;1;0;0;0
274;344;20160712;11;220;30;10;50;178;;159;0;66;0;-1;10118;70;8;89;26.0;7;0;1;0;1;0
275;344;20160712;12;250;30;40;60;186;170.0;146;0;74;0;-1;10120;75;8;78;26.0;7;0;1;0;1;0
276;344;20160712;13;270;40;40;70;194;;140;2;129;0;0;10118;75;5;71;26.0;7;0;0;0;1;0
277;344;20160712;14;270;50;50;80;197;;139;4;182;0;-1;10120;78;7;69;23.0;7;0;1;0;0;0
278;344;20160712;15;260;60;50;100;199;;135;10;290;0;0;10121;80;2;67;1.0;7;0;0;0;0;0
279;344;20160712;16;270;50;50;80;190;;116;6;151;0;0;10121;80;3;62;;5;0;0;0;0;0
280;344;20160712;17;270;50;40;90;175;;106;6;104;0;0;10124;83;5;64;;5;0;0;0;0;0
281;344;20160712;18;250;40;40;70;169;162.0;93;0;43;0;0;10127;81;4;61;1.0;7;0;0;0;0;0
282;344;20160712;19;260;30;30;60;165;;98;8;47;0;0;10124;80;4;65;;5;0;0;0;0;0
283;344;20160712;20;260;30;30;60;157;;114;3;9;0;0;10126;75;8;76;;5;0;0;0;0;0
284;344;20160712;21;250;20;10;30;147;;117;0;0;0;-1;10129;66;4;82;23.0;7;0;1;0;0;0
285;344;20160712;22;230;20;30;40;125;;108;0;0;0;0;10127;68;0;89;;5;0;0;0;0;0
286;344;20160712;23;180;20;10;30;131;;117;0;0;0;0;10126;65;5;91;;5;0;0;0;0;0
287;344;20160712;24;170;20;20;30;134;91.0;121;0;0;0;0;10122;65;2;92;1.0;7;0;0;0;0;0
288;344;20160713;1;180;30;30;60;146;;126;0;0;0;0;10123;70;8;88;;5;0;0;0;0;0
289;344;20160713;2;190;30;20;50;142;;127;0;0;0;-1;10120;65;8;91;23.0;7;0;1;0;0;0
290;344;20160713;3;200;10;10;40;142;;128;0;0;0;-1;10119;65;8;91;23.0;7;0;1;0;0;0
291;344;20160713;4;190;20;30;40;143;;129;0;1;0;-1;10118;64;8;91;51.0;7;0;1;0;0;0
292;344;20160713;5;270;20;10;50;143;;135;0;8;5;2;10121;58;8;95;52.0;7;0;1;0;0;0
293;344;20160713;6;270;20;20;30;146;98.0;125;0;35;4;1;10123;66;8;87;23.0;7;0;1;0;0;0
294;344;20160713;7;250;30;30;40;153;;132;0;51;0;0;10126;70;8;87;;5;0;0;0;0;0
295;344;20160713;8;330;30;30;50;164;;128;0;88;0;0;10129;75;8;79;;5;0;0;0;0;0
296;344;20160713;9;330;40;40;80;167;;123;3;138;0;0;10132;75;8;75;26.0;7;0;0;0;1;0
297;344;20160713;10;340;50;50;90;168;;127;4;169;0;0;10135;69;7;77;;5;0;0;0;0;0
298;344;20160713;11;340;60;50;90;174;;124;3;189;0;-1;10141;75;8;72;23.0;7;0;1;0;0;0
299;344;20160713;12;350;70;70;130;180;151.0;109;7;239;0;0;10148;80;2;63;1.0;7;0;0;0;0;0
300;344;20160713;13;350;70;60;120;179;;94;9;294;0;0;10154;82;5;58;;5;0;0;0;0;0
301;344;20160713;14;340;60;50;110;182;;105;9;236;0;0;10158;81;3;61;;5;0;0;0;0;0
302;344;20160713;15;330;60;50;100;181;;101;10;260;0;0;10162;81;4;60;;5;0;0;0;0;0
303;344;20160713;16;320;50;50;90;179;;90;10;207;0;0;10166;82;2;56;;5;0;0;0;0;0
304;344;20160713;17;320;40;40;70;174;;103;10;150;0;0;10169;82;2;63;;5;0;0;0;0;0
305;344;20160713;18;300;40;50;80;163;159.0;107;8;80;0;0;10175;80;1;69;;5;0;0;0;0;0
306;344;20160713;19;280;40;30;70;149;;96;8;45;0;0;10179;75;1;71;;5;0;0;0;0;0
307;344;20160713;20;290;30;30;50;136;;108;0;3;0;0;10184;70;1;83;;5;0;0;0;0;0
308;344;20160713;21;270;20;20;40;130;;107;0;0;0;-1;10189;70;1;86;23.0;7;0;1;0;0;0
309;344;20160713;22;260;20;20;30;131;;109;0;0;0;0;10191;70;8;86;;5;0;0;0;0;0
310;344;20160713;23;270;20;20;30;133;;109;0;0;0;0;10191;70;8;85;;5;0;0;0;0;0
311;344;20160713;24;260;20;20;30;121;93.0;95;0;0;0;0;10189;70;6;84;1.0;7;0;0;0;0;0
312;344;20160714;1;270;20;10;30;106;;88;0;0;0;0;10188;70;0;89;;5;0;0;0;0;0
313;344;20160714;2;270;10;10;20;102;;87;0;0;0;0;10185;70;8;90;;5;0;0;0;0;0
314;344;20160714;3;260;10;10;20;106;;89;0;0;0;0;10184;70;0;89;;5;0;0;0;0;0
315;344;20160714;4;240;10;10;20;108;;95;0;2;0;0;10186;65;7;92;;5;0;0;0;0;0
316;344;20160714;5;220;10;10;20;128;;115;7;23;0;0;10191;65;5;92;;5;0;0;0;0;0
317;344;20160714;6;290;10;20;30;152;64.0;121;3;57;0;0;10193;70;1;82;;5;0;0;0;0;0
318;344;20160714;7;340;30;40;60;169;;102;10;135;0;0;10195;80;2;65;;5;0;0;0;0;0
319;344;20160714;8;330;40;30;70;171;;107;8;138;0;0;10199;80;6;66;;5;0;0;0;0;0
320;344;20160714;9;310;40;50;80;176;;96;9;182;0;0;10203;81;4;59;;5;0;0;0;0;0
321;344;20160714;10;330;50;50;80;175;;99;9;229;0;0;10207;82;5;61;;5;0;0;0;0;0
322;344;20160714;11;310;50;60;110;184;;98;9;254;0;0;10211;82;4;57;;5;0;0;0;0;0
323;344;20160714;12;330;50;50;110;185;157.0;94;9;270;0;0;10214;82;3;55;;5;0;0;0;0;0
324;344;20160714;13;330;60;50;140;188;;100;9;269;0;0;10219;80;6;57;;5;0;0;0;0;0
325;344;20160714;14;330;60;60;100;184;;109;9;253;0;0;10224;82;3;62;;5;0;0;0;0;0
326;344;20160714;15;320;60;60;100;183;;100;9;226;0;0;10226;82;7;58;;5;0;0;0;0;0
327;344;20160714;16;310;60;60;110;182;;105;7;138;0;0;10231;80;5;61;;5;0;0;0;0;0
328;344;20160714;17;340;60;60;110;163;;95;10;116;0;0;10237;82;1;64;;5;0;0;0;0;0
329;344;20160714;18;330;50;50;100;165;160.0;104;7;82;0;0;10238;80;1;67;;5;0;0;0;0;0
330;344;20160714;19;340;40;40;80;153;;102;10;44;0;0;10240;75;1;72;;5;0;0;0;0;0
331;344;20160714;20;320;30;30;70;131;;98;2;6;0;0;10244;75;0;80;;5;0;0;0;0;0
332;344;20160714;21;300;20;20;40;123;;92;0;0;0;0;10246;70;0;81;;5;0;0;0;0;0
333;344;20160714;22;260;20;30;40;125;;96;0;0;0;0;10249;70;0;82;;5;0;0;0;0;0
334;344;20160714;23;260;30;30;40;121;;92;0;0;0;0;10248;70;0;82;;5;0;0;0;0;0
335;344;20160714;24;260;30;20;40;109;88.0;89;0;0;0;0;10248;70;0;87;;5;0;0;0;0;0
336;344;20160715;1;260;20;20;30;113;;90;0;0;0;0;10251;70;0;86;;5;0;0;0;0;0
337;344;20160715;2;250;20;20;30;109;;90;0;0;0;0;10247;70;1;88;;5;0;0;0;0;0
338;344;20160715;3;250;20;20;30;108;;89;0;0;0;0;10248;70;7;88;;5;0;0;0;0;0
339;344;20160715;4;250;20;20;30;115;;98;0;2;0;0;10249;70;8;89;;5;0;0;0;0;0
340;344;20160715;5;260;20;10;30;136;;112;3;17;0;0;10251;70;8;85;;5;0;0;0;0;0
341;344;20160715;6;250;20;10;30;148;65.0;125;0;17;0;0;10251;70;8;86;;5;0;0;0;0;0
342;344;20160715;7;240;10;10;20;164;;120;0;43;0;0;10253;75;8;75;;5;0;0;0;0;0
343;344;20160715;8;220;20;30;50;181;;124;3;121;0;0;10253;80;5;69;;5;0;0;0;0;0
344;344;20160715;9;250;30;30;50;188;;131;7;167;0;0;10254;76;4;69;;5;0;0;0;0;0
345;344;20160715;10;260;40;50;80;205;;114;6;192;0;0;10254;82;2;56;;5;0;0;0;0;0
346;344;20160715;11;280;50;50;80;205;;106;10;295;0;0;10255;80;4;53;;5;0;0;0;0;0
347;344;20160715;12;290;60;60;90;197;142.0;110;8;265;0;0;10261;81;4;57;;5;0;0;0;0;0
348;344;20160715;13;280;50;60;80;196;;109;9;257;0;0;10260;80;2;57;;5;0;0;0;0;0
349;344;20160715;14;260;60;70;110;198;;101;9;265;0;0;10258;81;1;54;;5;0;0;0;0;0
350;344;20160715;15;270;60;50;90;203;;102;10;260;0;0;10258;81;2;52;;5;0;0;0;0;0
351;344;20160715;16;260;70;70;110;192;;93;10;213;0;0;10255;82;1;53;;5;0;0;0;0;0
352;344;20160715;17;270;60;60;110;187;;107;10;152;0;0;10253;82;1;60;;5;0;0;0;0;0
353;344;20160715;18;260;50;40;90;179;177.0;118;5;69;0;0;10250;80;8;67;;5;0;0;0;0;0
354;344;20160715;19;250;50;40;80;175;;109;8;28;0;0;10247;80;8;65;;5;0;0;0;0;0
355;344;20160715;20;240;40;40;80;174;;111;0;4;0;0;10247;80;8;66;;5;0;0;0;0;0
356;344;20160715;21;230;40;50;70;173;;121;0;0;0;0;10246;75;8;71;;5;0;0;0;0;0
357;344;20160715;22;250;50;60;80;174;;135;0;0;0;0;10246;75;8;78;;5;0;0;0;0;0
358;344;20160715;23;240;50;60;90;173;;142;0;0;0;0;10246;70;7;82;;5;0;0;0;0;0
359;344;20160715;24;230;50;40;80;173;158.0;148;0;0;0;0;10243;70;8;85;;5;0;0;0;0;0
360;344;20160716;1;240;50;40;80;173;;143;0;0;0;0;10241;70;8;83;;5;0;0;0;0;0
361;344;20160716;2;240;50;50;90;173;;151;0;0;0;0;10238;70;8;87;;5;0;0;0;0;0
362;344;20160716;3;240;40;40;70;173;;152;0;0;0;0;10237;70;8;87;;5;0;0;0;0;0
363;344;20160716;4;250;40;40;60;176;;154;0;0;0;0;10239;70;8;87;;5;0;0;0;0;0
364;344;20160716;5;240;40;40;70;178;;157;0;5;0;0;10239;70;8;88;;5;0;0;0;0;0
365;344;20160716;6;250;40;40;70;182;168.0;161;0;20;0;0;10240;70;8;88;;5;0;0;0;0;0
366;344;20160716;7;260;50;50;80;187;;163;0;55;0;0;10242;70;8;86;;5;0;0;0;0;0
367;344;20160716;8;260;50;50;80;193;;164;0;67;0;0;10244;70;8;83;;5;0;0;0;0;0
368;344;20160716;9;250;50;50;80;193;;163;0;86;0;0;10246;70;8;83;;5;0;0;0;0;0
369;344;20160716;10;260;50;60;100;196;;164;0;110;0;0;10245;70;8;82;;5;0;0;0;0;0
370;344;20160716;11;260;50;50;90;197;;164;0;105;0;0;10245;70;8;81;;5;0;0;0;0;0
371;344;20160716;12;260;50;60;80;205;183.0;168;0;127;0;0;10244;75;8;79;;5;0;0;0;0;0
372;344;20160716;13;250;50;50;80;205;;168;0;140;0;0;10244;75;8;79;;5;0;0;0;0;0
373;344;20160716;14;260;50;50;80;209;;169;3;190;0;0;10241;75;8;78;;5;0;0;0;0;0
374;344;20160716;15;250;50;50;80;216;;167;6;197;0;0;10239;75;4;74;;5;0;0;0;0;0
375;344;20160716;16;270;40;50;70;216;;169;2;120;0;0;10236;75;7;75;;5;0;0;0;0;0
376;344;20160716;17;250;40;30;70;218;;169;7;115;0;0;10233;75;4;74;;5;0;0;0;0;0
377;344;20160716;18;250;30;30;60;214;212.0;164;2;58;0;0;10228;75;8;73;;5;0;0;0;0;0
378;344;20160716;19;260;30;20;60;206;;168;0;11;0;0;10226;75;8;79;;5;0;0;0;0;0
379;344;20160716;20;220;30;40;60;210;;166;0;5;0;0;10225;75;8;76;;5;0;0;0;0;0
380;344;20160716;21;220;40;40;70;206;;167;0;0;0;0;10223;75;8;78;;5;0;0;0;0;0
381;344;20160716;22;230;40;40;60;193;;159;0;0;0;0;10220;70;4;81;;5;0;0;0;0;0
382;344;20160716;23;240;50;50;80;195;;159;0;0;0;0;10220;75;8;80;;5;0;0;0;0;0
383;344;20160716;24;260;40;40;70;192;181.0;165;0;0;0;0;10222;70;8;84;;5;0;0;0;0;0
384;344;20160717;1;270;30;30;60;189;;169;0;0;0;0;10219;68;8;88;;5;0;0;0;0;0
385;344;20160717;2;260;30;30;40;184;;170;0;0;0;0;10217;65;8;92;;5;0;0;0;0;0
386;344;20160717;3;240;20;20;40;182;;171;0;0;0;-1;10215;60;8;93;81.0;7;0;1;0;0;0
387;344;20160717;4;280;20;20;30;181;;170;0;1;0;-1;10215;62;8;93;23.0;7;0;1;0;0;0
388;344;20160717;5;310;20;20;30;183;;170;0;6;0;0;10217;61;8;92;;5;0;0;0;0;0
389;344;20160717;6;280;10;10;30;183;178.0;157;0;12;0;-1;10218;67;8;85;81.0;7;0;1;0;0;0
390;344;20160717;7;280;10;10;30;182;;150;0;29;0;-1;10221;70;8;82;23.0;7;0;1;0;0;0
391;344;20160717;8;280;20;20;40;199;;141;1;85;0;0;10220;80;7;69;;5;0;0;0;0;0
392;344;20160717;9;300;30;20;50;206;;141;4;166;0;0;10222;80;8;66;3.0;7;0;0;0;0;0
393;344;20160717;10;300;30;30;40;210;;141;1;152;0;0;10223;79;8;65;;5;0;0;0;0;0
394;344;20160717;11;270;30;30;60;222;;155;4;196;0;0;10220;80;8;66;;5;0;0;0;0;0
395;344;20160717;12;260;40;40;60;224;182.0;168;3;207;0;0;10219;75;8;71;2.0;7;0;0;0;0;0
396;344;20160717;13;260;40;50;70;230;;171;6;240;0;0;10216;80;8;69;;5;0;0;0;0;0
397;344;20160717;14;260;50;40;90;223;;169;7;239;0;0;10216;75;5;72;;5;0;0;0;0;0
398;344;20160717;15;260;50;50;90;219;;171;6;200;0;0;10214;75;7;74;;5;0;0;0;0;0
399;344;20160717;16;260;50;40;80;216;;171;7;153;0;0;10212;75;1;76;;5;0;0;0;0;0
400;344;20160717;17;270;40;40;70;222;;168;10;134;0;0;10210;75;1;71;;5;0;0;0;0;0
401;344;20160717;18;250;40;40;70;216;218.0;166;8;74;0;0;10211;75;2;73;;5;0;0;0;0;0
402;344;20160717;19;270;30;20;50;206;;167;10;41;0;0;10211;75;0;78;;5;0;0;0;0;0
403;344;20160717;20;260;20;20;40;190;;166;2;5;0;0;10214;70;7;86;;5;0;0;0;0;0
404;344;20160717;21;260;20;20;30;186;;166;0;0;0;0;10216;70;4;88;;5;0;0;0;0;0
405;344;20160717;22;0;10;0;20;171;;164;0;0;0;0;10216;65;0;96;;5;0;0;0;0;0
406;344;20160717;23;310;10;10;10;163;;160;0;0;0;0;10217;50;0;98;10.0;7;0;0;0;0;0
407;344;20160717;24;0;10;0;10;166;123.0;163;0;0;0;0;10216;58;0;98;10.0;7;0;0;0;0;0
408;344;20160718;1;150;10;10;10;160;;157;0;0;0;0;10213;50;0;98;10.0;7;0;0;0;0;0
409;344;20160718;2;50;10;10;10;156;;153;0;0;0;0;10210;50;4;98;10.0;7;0;0;0;0;0
410;344;20160718;3;150;10;10;10;164;;161;0;0;0;0;10209;59;6;98;10.0;7;0;0;0;0;0
411;344;20160718;4;0;10;0;20;164;;161;0;1;0;0;10209;28;3;98;10.0;7;0;0;0;0;0
412;344;20160718;5;200;10;10;20;166;;163;0;6;0;0;10210;32;0;98;20.0;7;1;0;0;0;0
413;344;20160718;6;340;10;10;30;191;118.0;165;8;60;0;0;10212;58;0;85;10.0;7;0;0;0;0;0
414;344;20160718;7;280;20;20;30;204;;165;9;113;0;0;10214;60;0;78;;5;0;0;0;0;0
415;344;20160718;8;350;10;10;30;228;;163;10;170;0;0;10216;76;0;67;;5;0;0;0;0;0
416;344;20160718;9;300;10;20;30;238;;156;10;223;0;0;10217;81;0;60;;5;0;0;0;0;0
417;344;20160718;10;290;10;20;50;247;;160;10;254;0;0;10221;79;4;58;;5;0;0;0;0;0
418;344;20160718;11;280;20;20;50;256;;129;10;294;0;0;10221;80;2;45;;5;0;0;0;0;0
419;344;20160718;12;270;30;30;60;258;200.0;128;9;301;0;0;10223;81;2;45;;5;0;0;0;0;0
420;344;20160718;13;310;30;40;60;254;;126;10;307;0;0;10223;82;1;45;;5;0;0;0;0;0
421;344;20160718;14;280;40;30;60;260;;126;10;288;0;0;10222;82;2;43;;5;0;0;0;0;0
422;344;20160718;15;310;30;30;60;251;;128;10;254;0;0;10220;82;0;46;;5;0;0;0;0;0
423;344;20160718;16;360;30;30;60;247;;121;10;207;0;0;10218;81;0;45;;5;0;0;0;0;0
424;344;20160718;17;320;20;20;40;252;;107;10;156;0;0;10214;82;0;40;;5;0;0;0;0;0
425;344;20160718;18;10;30;30;50;236;237.0;124;10;99;0;0;10214;83;0;49;;5;0;0;0;0;0
426;344;20160718;19;10;30;20;40;216;;134;10;43;0;0;10215;80;0;60;;5;0;0;0;0;0
427;344;20160718;20;360;20;20;30;197;;128;2;5;0;0;10218;83;0;64;;5;0;0;0;0;0
428;344;20160718;21;350;10;10;20;177;;134;0;0;0;0;10219;75;0;76;;5;0;0;0;0;0
429;344;20160718;22;60;10;10;10;166;;140;0;0;0;0;10221;70;0;85;;5;0;0;0;0;0
430;344;20160718;23;80;10;10;10;168;;135;0;0;0;0;10221;70;0;81;;5;0;0;0;0;0
431;344;20160718;24;90;10;10;10;155;111.0;137;0;0;0;0;10219;70;0;89;;5;0;0;0;0;0
432;344;20160719;1;80;10;10;10;156;;131;0;0;0;0;10217;70;0;85;;5;0;0;0;0;0
433;344;20160719;2;50;10;10;20;155;;135;0;0;0;0;10214;70;0;88;;5;0;0;0;0;0
434;344;20160719;3;60;10;10;20;152;;132;0;0;0;0;10213;62;0;88;;5;0;0;0;0;0
435;344;20160719;4;50;10;20;20;154;;134;0;1;0;0;10212;70;0;88;;5;0;0;0;0;0
436;344;20160719;5;60;20;20;20;162;;140;7;18;0;0;10213;70;0;87;;5;0;0;0;0;0
437;344;20160719;6;90;20;20;40;195;105.0;144;10;60;0;0;10214;70;0;72;;5;0;0;0;0;0
438;344;20160719;7;100;20;20;30;222;;149;10;113;0;0;10213;70;0;63;;5;0;0;0;0;0
439;344;20160719;8;120;20;20;40;244;;154;10;169;0;0;10212;72;0;57;;5;0;0;0;0;0
440;344;20160719;9;110;20;20;50;260;;162;10;218;0;0;10211;73;0;55;;5;0;0;0;0;0
441;344;20160719;10;130;30;30;50;273;;173;10;257;0;0;10207;69;0;54;;5;0;0;0;0;0
442;344;20160719;11;130;30;40;70;284;;173;10;282;0;0;10204;78;0;51;;5;0;0;0;0;0
443;344;20160719;12;110;40;30;80;289;195.0;170;10;297;0;0;10198;79;0;49;;5;0;0;0;0;0
444;344;20160719;13;90;40;40;80;294;;169;10;285;0;0;10193;80;0;47;;5;0;0;0;0;0
445;344;20160719;14;110;40;50;80;298;;159;10;268;0;0;10189;78;0;43;;5;0;0;0;0;0
446;344;20160719;15;100;40;40;70;299;;160;10;241;0;0;10184;82;0;43;;5;0;0;0;0;0
447;344;20160719;16;120;40;30;70;301;;164;10;195;0;0;10178;80;0;44;;5;0;0;0;0;0
448;344;20160719;17;90;40;40;70;296;;166;10;146;0;0;10174;82;0;46;;5;0;0;0;0;0
449;344;20160719;18;100;40;50;70;289;276.0;166;10;91;0;0;10171;82;0;47;;5;0;0;0;0;0
450;344;20160719;19;90;40;40;70;275;;174;10;39;0;0;10170;82;0;54;;5;0;0;0;0;0
451;344;20160719;20;90;30;30;50;235;;177;2;5;0;0;10171;75;0;70;;5;0;0;0;0;0
452;344;20160719;21;90;30;30;50;248;;176;0;0;0;0;10169;80;0;64;;5;0;0;0;0;0
453;344;20160719;22;110;40;50;70;248;;156;0;0;0;0;10169;81;0;57;;5;0;0;0;0;0
454;344;20160719;23;100;50;50;80;239;;147;0;0;0;0;10165;81;0;56;;5;0;0;0;0;0
455;344;20160719;24;110;40;40;60;231;206.0;142;0;0;0;0;10161;83;0;57;;5;0;0;0;0;0
456;344;20160720;1;100;50;40;70;220;;145;0;0;0;0;10155;83;0;62;;5;0;0;0;0;0
457;344;20160720;2;110;40;40;60;217;;146;0;0;0;0;10150;83;0;64;;5;0;0;0;0;0
458;344;20160720;3;110;40;40;60;210;;148;0;0;0;0;10144;80;0;68;;5;0;0;0;0;0
459;344;20160720;4;100;30;30;50;202;;153;0;1;0;0;10141;75;0;73;;5;0;0;0;0;0
460;344;20160720;5;110;40;40;50;211;;156;7;18;0;0;10139;75;0;71;;5;0;0;0;0;0
461;344;20160720;6;120;40;30;60;232;181.0;159;10;62;0;0;10133;74;0;64;;5;0;0;0;0;0
462;344;20160720;7;120;40;40;60;255;;161;10;118;0;0;10128;81;0;56;;5;0;0;0;0;0
463;344;20160720;8;140;40;50;70;274;;164;10;175;0;0;10122;80;0;51;;5;0;0;0;0;0
464;344;20160720;9;120;50;60;80;291;;169;10;225;0;0;10114;81;0;48;;5;0;0;0;0;0
465;344;20160720;10;130;50;50;90;306;;175;10;265;0;0;10110;82;4;46;;5;0;0;0;0;0
466;344;20160720;11;130;60;60;90;318;;178;9;278;0;0;10104;80;0;43;;5;0;0;0;0;0
467;344;20160720;12;160;60;70;100;324;231.0;174;10;303;0;0;10100;79;1;41;;5;0;0;0;0;0
468;344;20160720;13;170;70;60;110;333;;177;9;283;0;0;10101;80;1;40;;5;0;0;0;0;0
469;344;20160720;14;270;50;40;110;261;;200;5;208;0;0;10109;65;7;69;;5;0;0;0;0;0
470;344;20160720;15;270;50;20;130;258;;198;0;93;0;0;10107;72;7;70;;5;0;0;0;0;0
471;344;20160720;16;260;40;40;70;252;;200;0;77;0;0;10111;69;7;73;;5;0;0;0;0;0
472;344;20160720;17;250;30;30;50;271;;198;7;110;0;0;10108;73;3;64;;5;0;0;0;0;0
473;344;20160720;18;260;40;50;80;270;246.0;184;10;94;0;0;10107;79;5;59;;5;0;0;0;0;0
474;344;20160720;19;250;50;50;90;240;;167;10;40;0;0;10111;80;0;64;;5;0;0;0;0;0
475;344;20160720;20;250;40;40;80;220;;162;2;4;0;0;10116;75;0;70;;5;0;0;0;0;0
476;344;20160720;21;240;30;40;60;207;;163;0;0;0;0;10123;75;0;76;;5;0;0;0;0;0
477;344;20160720;22;250;50;40;80;206;;168;0;0;0;0;10124;72;0;79;;5;0;0;0;0;0
478;344;20160720;23;230;20;20;60;193;;168;0;0;0;0;10126;65;0;85;;5;0;0;0;0;0
479;344;20160720;24;230;20;20;50;186;169.0;169;0;0;0;0;10124;61;0;90;;5;0;0;0;0;0
480;344;20160721;1;240;20;20;40;191;;176;0;0;0;0;10123;59;0;91;10.0;7;0;0;0;0;0
481;344;20160721;2;260;20;20;40;187;;175;0;0;0;0;10128;60;0;93;;5;0;0;0;0;0
482;344;20160721;3;220;20;30;30;181;;174;0;0;0;0;10131;60;6;96;;5;0;0;0;0;0
483;344;20160721;4;220;30;30;50;179;;170;0;1;0;0;10133;58;3;94;10.0;7;0;0;0;0;0
484;344;20160721;5;210;30;30;50;192;;177;0;13;0;0;10135;60;0;91;;5;0;0;0;0;0
485;344;20160721;6;240;30;40;50;201;152.0;183;3;53;0;0;10138;60;2;89;;5;0;0;0;0;0
486;344;20160721;7;200;40;30;60;207;;184;8;91;0;0;10143;60;4;87;;5;0;0;0;0;0
487;344;20160721;8;250;40;50;60;218;;186;6;136;0;0;10147;61;6;82;;5;0;0;0;0;0
488;344;20160721;9;270;40;40;60;223;;181;7;203;0;0;10151;71;3;77;;5;0;0;0;0;0
489;344;20160721;10;270;30;40;60;234;;184;6;227;0;0;10151;74;3;74;;5;0;0;0;0;0
490;344;20160721;11;250;40;50;70;246;;183;8;268;0;0;10152;78;1;68;;5;0;0;0;0;0
491;344;20160721;12;280;60;60;90;236;206.0;165;10;301;0;0;10155;76;4;64;;5;0;0;0;0;0
492;344;20160721;13;260;60;60;90;231;;168;8;275;0;0;10158;78;4;68;;5;0;0;0;0;0
493;344;20160721;14;260;50;50;80;236;;171;9;273;0;0;10159;76;4;67;;5;0;0;0;0;0
494;344;20160721;15;260;50;40;80;234;;160;10;247;0;0;10159;73;3;63;;5;0;0;0;0;0
495;344;20160721;16;290;40;30;60;229;;168;9;198;0;0;10161;71;1;69;;5;0;0;0;0;0
496;344;20160721;17;300;30;30;60;227;;166;10;149;0;0;10163;73;4;68;;5;0;0;0;0;0
497;344;20160721;18;340;20;20;40;215;222.0;168;10;81;0;0;10162;70;3;75;;5;0;0;0;0;0
498;344;20160721;19;350;30;30;40;196;;162;10;29;0;0;10165;70;7;81;;5;0;0;0;0;0
499;344;20160721;20;360;30;20;50;185;;159;2;4;0;0;10170;70;8;85;;5;0;0;0;0;0
500;344;20160721;21;340;20;20;30;178;;161;0;0;0;0;10171;67;8;90;;5;0;0;0;0;0
501;344;20160721;22;340;20;20;30;172;;161;0;0;0;0;10173;62;2;93;;5;0;0;0;0;0
502;344;20160721;23;300;20;10;30;172;;165;0;0;0;0;10173;58;8;96;10.0;7;0;0;0;0;0
503;344;20160721;24;350;20;10;30;176;157.0;167;0;0;0;0;10170;60;8;94;;5;0;0;0;0;0
504;344;20160722;1;340;10;20;20;171;;163;0;0;0;0;10167;59;8;95;10.0;7;0;0;0;0;0
505;344;20160722;2;350;20;20;30;176;;167;0;0;0;0;10166;57;8;94;10.0;7;0;0;0;0;0
506;344;20160722;3;30;10;10;30;179;;167;0;0;0;0;10168;60;8;93;;5;0;0;0;0;0
507;344;20160722;4;0;10;0;20;176;;168;0;0;0;-1;10166;57;8;95;23.0;7;0;1;0;0;0
508;344;20160722;5;300;10;10;10;181;;168;0;3;0;0;10168;56;8;92;10.0;7;0;0;0;0;0
509;344;20160722;6;280;10;10;20;186;166.0;169;0;7;0;0;10171;56;8;90;10.0;7;0;0;0;0;0
510;344;20160722;7;260;10;20;20;190;;172;0;27;0;0;10173;58;8;89;10.0;7;0;0;0;0;0
511;344;20160722;8;310;20;20;40;205;;175;4;104;0;0;10172;61;6;83;;5;0;0;0;0;0
512;344;20160722;9;360;10;10;40;216;;175;2;118;0;0;10172;62;4;78;;5;0;0;0;0;0
513;344;20160722;10;310;20;30;40;222;;166;4;172;0;0;10173;65;6;71;;5;0;0;0;0;0
514;344;20160722;11;310;20;20;40;229;;167;4;201;0;0;10172;69;6;68;;5;0;0;0;0;0
515;344;20160722;12;330;20;20;50;233;183.0;172;5;242;0;0;10172;68;6;69;;5;0;0;0;0;0
516;344;20160722;13;300;20;20;50;240;;177;4;197;0;0;10171;71;8;68;;5;0;0;0;0;0
517;344;20160722;14;310;30;30;50;240;;175;4;202;0;0;10171;70;8;67;;5;0;0;0;0;0
518;344;20160722;15;320;30;30;60;240;;169;8;223;0;0;10172;73;4;65;;5;0;0;0;0;0
519;344;20160722;16;320;30;30;50;241;;170;10;196;0;0;10170;78;1;65;;5;0;0;0;0;0
520;344;20160722;17;340;30;30;60;232;;175;9;137;0;0;10170;75;0;70;;5;0;0;0;0;0
521;344;20160722;18;340;30;30;50;225;229.0;182;10;82;0;0;10174;70;1;77;;5;0;0;0;0;0
522;344;20160722;19;330;20;20;50;209;;184;8;26;0;0;10177;65;7;86;;5;0;0;0;0;0
523;344;20160722;20;340;20;20;40;197;;183;2;7;0;0;10177;62;3;92;;5;0;0;0;0;0
524;344;20160722;21;320;10;10;30;191;;183;0;0;0;0;10183;59;6;95;10.0;7;0;0;0;0;0
525;344;20160722;22;330;10;10;20;189;;183;0;0;0;0;10183;57;4;96;10.0;7;0;0;0;0;0
526;344;20160722;23;330;10;10;20;187;;181;0;0;0;0;10184;50;6;96;10.0;7;0;0;0;0;0
527;344;20160722;24;10;20;20;40;192;173.0;182;0;0;0;0;10180;50;4;94;10.0;7;0;0;0;0;0
528;344;20160723;1;360;10;10;30;186;;180;0;0;0;-1;10183;50;8;96;81.0;7;0;1;0;0;0
529;344;20160723;2;360;20;30;40;190;;182;0;0;0;-1;10186;50;8;95;23.0;7;0;1;0;0;0
530;344;20160723;3;360;20;20;40;190;;182;0;0;0;0;10183;50;8;95;10.0;7;0;0;0;0;0
531;344;20160723;4;10;20;20;40;191;;179;0;1;0;0;10185;56;8;93;10.0;7;0;0;0;0;0
532;344;20160723;5;350;20;20;40;192;;181;5;16;0;0;10186;50;6;93;10.0;7;0;0;0;0;0
533;344;20160723;6;10;30;30;50;195;177.0;180;0;30;0;0;10189;56;8;91;10.0;7;0;0;0;0;0
534;344;20160723;7;40;30;40;50;203;;180;0;30;0;0;10190;59;8;87;10.0;7;0;0;0;0;0
535;344;20160723;8;350;30;30;50;209;;179;0;90;0;0;10192;60;7;83;;5;0;0;0;0;0
536;344;20160723;9;10;20;20;40;219;;180;2;135;0;0;10192;61;8;79;;5;0;0;0;0;0
537;344;20160723;10;360;20;20;40;236;;179;4;198;0;0;10193;66;5;70;;5;0;0;0;0;0
538;344;20160723;11;330;20;30;50;248;;186;5;226;0;0;10195;69;6;68;;5;0;0;0;0;0
539;344;20160723;12;330;40;40;70;236;196.0;182;4;206;0;0;10196;64;4;72;;5;0;0;0;0;0
540;344;20160723;13;340;40;40;70;237;;182;5;227;0;0;10197;72;6;71;;5;0;0;0;0;0
541;344;20160723;14;340;40;40;60;223;;178;2;178;0;0;10199;70;8;76;;5;0;0;0;0;0
542;344;20160723;15;330;40;30;60;227;;178;5;185;0;0;10196;70;6;74;;5;0;0;0;0;0
543;344;20160723;16;340;40;40;60;223;;174;10;185;0;0;10196;73;3;74;;5;0;0;0;0;0
544;344;20160723;17;340;40;40;70;214;;171;10;126;0;0;10197;71;1;77;;5;0;0;0;0;0
545;344;20160723;18;350;30;30;60;203;208.0;168;9;72;0;0;10196;74;2;80;;5;0;0;0;0;0
546;344;20160723;19;340;20;20;50;195;;169;10;31;0;0;10196;70;0;85;;5;0;0;0;0;0
547;344;20160723;20;340;20;20;30;179;;166;2;4;0;0;10200;65;0;92;;5;0;0;0;0;0
548;344;20160723;21;320;10;10;20;174;;165;0;0;0;0;10203;63;7;94;;5;0;0;0;0;0
549;344;20160723;22;270;20;30;50;184;;171;0;0;0;0;10205;60;8;92;;5;0;0;0;0;0
550;344;20160723;23;290;30;30;60;183;;168;0;0;0;0;10208;63;8;91;;5;0;0;0;0;0
551;344;20160723;24;280;20;20;30;181;150.0;168;0;0;0;0;10208;63;8;92;;5;0;0;0;0;0
552;344;20160724;1;330;10;20;30;179;;167;0;0;0;0;10205;59;8;93;10.0;7;0;0;0;0;0
553;344;20160724;2;300;10;10;20;181;;168;0;0;0;0;10200;58;8;92;10.0;7;0;0;0;0;0
554;344;20160724;3;270;10;10;20;181;;168;0;0;0;0;10201;59;8;92;10.0;7;0;0;0;0;0
555;344;20160724;4;280;10;10;20;182;;172;0;1;0;-1;10199;57;8;94;23.0;7;0;1;0;0;0
556;344;20160724;5;250;10;20;20;181;;171;0;5;0;0;10198;56;8;94;10.0;7;0;0;0;0;0
557;344;20160724;6;270;20;20;30;183;177.0;170;0;15;0;0;10198;56;8;92;10.0;7;0;0;0;0;0
558;344;20160724;7;270;10;10;20;190;;174;0;40;0;0;10200;56;8;90;10.0;7;0;0;0;0;0
559;344;20160724;8;250;20;30;40;196;;169;0;70;0;0;10201;57;8;84;10.0;7;0;0;0;0;0
560;344;20160724;9;190;20;30;50;211;;167;4;155;0;0;10200;59;7;76;4.0;7;0;0;0;0;0
561;344;20160724;10;210;30;30;60;221;;163;10;273;0;0;10200;65;3;70;;5;0;0;0;0;0
562;344;20160724;11;230;30;30;60;228;;166;9;294;0;0;10199;67;5;68;;5;0;0;0;0;0
563;344;20160724;12;270;30;40;70;231;186.0;167;8;275;0;0;10199;76;6;67;;5;0;0;0;0;0
564;344;20160724;13;270;30;30;60;242;;169;8;271;0;0;10195;72;2;64;;5;0;0;0;0;0
565;344;20160724;14;280;30;40;60;246;;171;7;234;0;0;10192;78;8;63;;5;0;0;0;0;0
566;344;20160724;15;290;30;30;60;237;;169;4;144;0;0;10191;80;6;66;;5;0;0;0;0;0
567;344;20160724;16;290;40;50;70;240;;171;8;190;0;0;10188;74;8;65;;5;0;0;0;0;0
568;344;20160724;17;260;50;50;70;229;;160;9;140;0;0;10187;80;4;65;;5;0;0;0;0;0
569;344;20160724;18;260;50;50;80;213;221.0;160;10;102;0;0;10189;75;3;72;;5;0;0;0;0;0
570;344;20160724;19;260;40;40;60;199;;157;8;34;0;0;10189;75;0;77;;5;0;0;0;0;0
571;344;20160724;20;260;30;20;60;185;;148;2;3;0;0;10192;75;0;79;;5;0;0;0;0;0
572;344;20160724;21;230;20;20;40;176;;146;0;0;0;0;10191;70;3;83;;5;0;0;0;0;0
573;344;20160724;22;240;20;10;30;179;;152;0;0;0;0;10190;70;4;84;;5;0;0;0;0;0
574;344;20160724;23;230;20;20;30;169;;148;0;0;0;0;10188;70;4;87;;5;0;0;0;0;0
575;344;20160724;24;200;20;30;40;186;137.0;161;0;0;0;0;10186;70;6;85;;5;0;0;0;0;0
576;344;20160725;1;200;40;40;60;191;;164;0;0;0;0;10185;70;8;84;;5;0;0;0;0;0
577;344;20160725;2;230;40;40;60;191;;160;0;0;0;0;10182;70;8;82;;5;0;0;0;0;0
578;344;20160725;3;220;40;40;60;189;;163;0;0;0;0;10180;70;8;85;;5;0;0;0;0;0
579;344;20160725;4;210;40;30;70;189;;162;0;0;0;0;10179;70;8;84;;5;0;0;0;0;0
580;344;20160725;5;220;50;50;70;189;;169;0;3;0;0;10179;61;8;88;;5;0;0;0;0;0
581;344;20160725;6;240;50;50;80;188;169.0;174;0;7;0;0;10180;56;8;92;10.0;7;0;0;0;0;0
582;344;20160725;7;240;50;40;80;189;;177;0;18;0;0;10184;56;8;93;10.0;7;0;0;0;0;0
583;344;20160725;8;250;40;40;60;186;;178;0;20;0;-1;10185;57;8;95;23.0;7;0;1;0;0;0
584;344;20160725;9;220;40;50;70;186;;178;0;17;0;-1;10188;36;8;95;23.0;7;0;1;0;0;0
585;344;20160725;10;230;40;40;60;194;;179;0;48;2;2;10188;62;8;91;22.0;7;0;1;0;0;0
586;344;20160725;11;250;40;40;70;194;;176;0;67;0;-1;10191;67;8;89;23.0;7;0;1;0;0;0
587;344;20160725;12;260;50;40;80;206;185.0;166;2;153;0;0;10192;75;7;78;1.0;7;0;0;0;0;0
588;344;20160725;13;260;50;60;90;206;;156;0;92;0;0;10195;75;8;73;;5;0;0;0;0;0
589;344;20160725;14;260;60;60;100;216;;138;7;245;0;0;10194;80;5;61;;5;0;0;0;0;0
590;344;20160725;15;280;60;50;90;213;;137;6;200;0;0;10194;80;4;62;;5;0;0;0;0;0
591;344;20160725;16;300;40;40;70;211;;140;8;169;0;0;10195;78;4;64;;5;0;0;0;0;0
592;344;20160725;17;300;30;30;60;202;;138;9;133;0;0;10195;80;2;67;;5;0;0;0;0;0
593;344;20160725;18;300;30;30;50;196;201.0;140;10;82;0;0;10198;75;4;70;;5;0;0;0;0;0
594;344;20160725;19;300;20;20;40;184;;143;10;32;0;0;10199;75;4;77;;5;0;0;0;0;0
595;344;20160725;20;320;10;10;20;164;;144;0;3;0;0;10204;50;3;88;;5;0;0;0;0;0
596;344;20160725;21;250;10;10;20;150;;139;0;0;0;0;10206;65;5;93;;5;0;0;0;0;0
597;344;20160725;22;0;10;0;20;147;;137;0;0;0;0;10205;65;8;94;;5;0;0;0;0;0
598;344;20160725;23;150;10;10;20;147;;142;0;0;0;0;10204;65;4;97;;5;0;0;0;0;0
599;344;20160725;24;0;10;0;20;149;102.0;144;0;0;0;0;10204;65;4;97;;5;0;0;0;0;0
600;344;20160726;1;190;20;30;40;146;;140;0;0;0;0;10203;65;4;96;;5;0;0;0;0;0
601;344;20160726;2;200;30;30;40;157;;142;0;0;0;0;10201;65;4;91;;5;0;0;0;0;0
602;344;20160726;3;190;30;30;50;161;;142;0;0;0;0;10199;70;6;88;;5;0;0;0;0;0
603;344;20160726;4;190;30;30;40;155;;140;0;0;0;0;10200;65;6;91;;5;0;0;0;0;0
604;344;20160726;5;200;20;20;40;162;;146;5;13;0;0;10202;70;6;90;;5;0;0;0;0;0
605;344;20160726;6;230;20;30;40;170;95.0;153;5;39;0;0;10205;68;6;90;;5;0;0;0;0;0
606;344;20160726;7;210;20;20;40;191;;161;9;96;0;0;10208;67;6;83;;5;0;0;0;0;0
607;344;20160726;8;290;20;20;30;210;;148;10;169;0;0;10209;75;6;68;;5;0;0;0;0;0
608;344;20160726;9;300;20;20;40;222;;137;10;224;0;0;10209;81;6;59;;5;0;0;0;0;0
609;344;20160726;10;270;20;20;50;221;;139;6;189;0;0;10210;78;6;60;;5;0;0;0;0;0
610;344;20160726;11;240;20;40;60;232;;126;9;261;0;0;10209;79;6;51;;5;0;0;0;0;0
611;344;20160726;12;300;30;40;60;224;169.0;119;5;218;0;0;10207;81;8;51;;5;0;0;0;0;0
612;344;20160726;13;270;20;30;50;222;;128;0;98;0;0;10207;81;7;55;;5;0;0;0;0;0
613;344;20160726;14;290;30;30;60;232;;124;2;143;0;0;10206;81;6;51;;5;0;0;0;0;0
614;344;20160726;15;300;40;40;70;222;;121;7;183;0;0;10206;81;4;53;;5;0;0;0;0;0
615;344;20160726;16;290;40;40;60;218;;134;6;134;0;0;10204;81;8;59;;5;0;0;0;0;0
616;344;20160726;17;290;30;20;50;209;;131;3;81;0;0;10204;81;8;61;;5;0;0;0;0;0
617;344;20160726;18;310;20;20;30;201;203.0;140;2;50;0;0;10202;80;8;68;;5;0;0;0;0;0
618;344;20160726;19;260;20;20;30;185;;139;7;22;0;0;10202;75;8;75;;5;0;0;0;0;0
619;344;20160726;20;270;20;10;30;182;;129;0;3;0;0;10202;75;8;71;;5;0;0;0;0;0
620;344;20160726;21;290;10;10;20;179;;138;0;0;0;0;10201;75;8;77;;5;0;0;0;0;0
621;344;20160726;22;250;10;20;30;177;;139;0;0;0;0;10200;75;8;78;;5;0;0;0;0;0
622;344;20160726;23;250;20;20;30;176;;140;0;0;0;0;10198;75;8;79;;5;0;0;0;0;0
623;344;20160726;24;250;20;20;40;176;154.0;149;0;0;0;0;10194;70;8;84;;5;0;0;0;0;0
624;344;20160727;1;240;30;30;50;177;;143;0;0;0;0;10189;75;8;80;;5;0;0;0;0;0
625;344;20160727;2;230;30;30;50;168;;144;0;0;0;0;10183;70;6;86;;5;0;0;0;0;0
626;344;20160727;3;220;30;30;50;168;;137;0;0;0;0;10177;70;7;82;;5;0;0;0;0;0
627;344;20160727;4;220;30;40;60;155;;135;0;0;0;0;10173;70;1;88;;5;0;0;0;0;0
628;344;20160727;5;210;30;30;50;159;;135;3;11;0;0;10172;70;2;86;;5;0;0;0;0;0
629;344;20160727;6;230;50;50;90;161;140.0;139;8;62;0;0;10170;62;8;87;;5;0;0;0;0;0
630;344;20160727;7;230;40;50;80;172;;144;6;101;0;0;10170;61;8;84;;5;0;0;0;0;0
631;344;20160727;8;220;50;40;80;180;;150;2;100;0;0;10167;61;8;83;;5;0;0;0;0;0
632;344;20160727;9;230;50;60;90;192;;152;1;115;0;0;10164;71;5;78;;5;0;0;0;0;0
633;344;20160727;10;210;60;70;100;195;;153;1;94;0;0;10163;75;8;77;;5;0;0;0;0;0
634;344;20160727;11;230;70;70;100;188;;168;1;94;2;5;10160;61;8;88;81.0;7;0;1;0;0;0
635;344;20160727;12;220;60;60;90;190;161.0;164;0;57;0;-1;10159;66;8;85;23.0;7;0;1;0;0;0
636;344;20160727;13;240;60;70;130;184;;162;0;55;0;-1;10157;57;8;87;23.0;7;0;1;0;0;0
637;344;20160727;14;230;60;60;100;183;;173;0;55;6;11;10157;40;8;94;52.0;7;0;1;0;0;0
638;344;20160727;15;240;60;60;90;180;;171;0;48;8;5;10156;50;8;94;58.0;7;0;1;0;0;0
639;344;20160727;16;240;60;70;110;179;;171;0;29;10;9;10155;40;8;95;52.0;7;0;1;0;0;0
640;344;20160727;17;240;60;60;110;180;;172;0;27;8;3;10154;59;8;95;23.0;7;0;1;0;0;0
641;344;20160727;18;250;50;50;90;181;177.0;175;0;20;5;4;10156;61;8;96;23.0;7;0;1;0;0;0
642;344;20160727;19;250;50;50;80;181;;168;0;6;3;1;10158;64;8;92;51.0;7;0;1;0;0;0
643;344;20160727;20;240;30;30;70;180;;172;0;1;0;-1;10162;57;8;95;82.0;7;0;1;0;0;0
644;344;20160727;21;250;30;30;50;180;;169;0;0;0;-1;10162;63;8;93;23.0;7;0;1;0;0;0
645;344;20160727;22;270;20;20;30;179;;169;0;0;0;-1;10162;62;8;94;81.0;7;0;1;0;0;0
646;344;20160727;23;240;10;10;30;175;;172;0;0;0;-1;10161;59;8;98;23.0;7;0;1;0;0;0
647;344;20160727;24;230;10;10;20;174;165.0;170;0;0;0;0;10159;56;8;98;10.0;7;0;0;0;0;0
648;344;20160728;1;90;10;10;10;170;;167;0;0;0;-1;10155;56;8;98;23.0;7;0;1;0;0;0
649;344;20160728;2;130;10;20;20;175;;172;0;0;0;-1;10152;58;8;98;57.0;7;0;1;0;0;0
650;344;20160728;3;140;10;10;20;176;;170;0;0;3;4;10148;58;7;96;23.0;7;0;1;0;0;0
651;344;20160728;4;130;10;20;20;175;;171;0;0;0;0;10147;57;8;98;10.0;7;0;0;0;0;0
652;344;20160728;5;210;20;10;30;180;;170;0;6;0;0;10146;60;8;94;;5;0;0;0;0;0
653;344;20160728;6;180;30;20;90;185;156.0;168;0;33;0;0;10143;61;7;90;1.0;7;0;0;0;0;0
654;344;20160728;7;180;30;40;50;190;;162;5;80;0;0;10142;65;8;84;;5;0;0;0;0;0
655;344;20160728;8;210;40;40;60;188;;161;0;56;0;0;10144;62;8;84;;5;0;0;0;0;0
656;344;20160728;9;230;30;30;50;191;;164;0;34;0;-1;10145;61;8;84;23.0;7;0;1;0;0;0
657;344;20160728;10;260;30;40;50;194;;166;0;81;0;0;10144;62;8;84;;5;0;0;0;0;0
658;344;20160728;11;200;40;40;70;206;;166;1;143;0;0;10143;64;7;78;;5;0;0;0;0;0
659;344;20160728;12;210;50;40;90;207;185.0;167;4;214;0;0;10143;61;7;78;2.0;7;0;0;0;0;0
660;344;20160728;13;210;40;50;70;212;;168;2;159;0;0;10136;63;8;76;;5;0;0;0;0;0
661;344;20160728;14;240;60;70;100;208;;171;4;178;0;0;10136;72;6;79;;5;0;0;0;0;0
662;344;20160728;15;250;60;50;100;208;;164;3;164;0;0;10136;65;8;76;;5;0;0;0;0;0
663;344;20160728;16;270;60;50;100;202;;160;6;152;0;0;10135;69;8;77;;5;0;0;0;0;0
664;344;20160728;17;260;50;50;90;196;;156;7;103;0;0;10135;68;8;78;;5;0;0;0;0;0
665;344;20160728;18;260;50;50;80;187;187.0;150;0;48;0;0;10134;68;8;79;;5;0;0;0;0;0
666;344;20160728;19;260;50;60;80;183;;141;2;16;0;0;10137;75;8;77;;5;0;0;0;0;0
667;344;20160728;20;260;40;40;90;175;;131;0;1;0;-1;10137;72;8;75;81.0;7;0;1;0;0;0
668;344;20160728;21;250;30;30;60;163;;149;0;0;5;10;10132;65;8;91;23.0;7;0;1;0;0;0
669;344;20160728;22;220;40;60;100;161;;149;0;0;0;-1;10132;50;8;93;51.0;7;0;1;0;0;0
670;344;20160728;23;190;40;40;70;164;;148;0;0;0;-1;10129;70;8;90;22.0;7;0;1;0;0;0
671;344;20160728;24;180;40;40;60;162;154.0;157;0;0;8;3;10126;56;8;97;52.0;7;0;1;0;0;0
672;344;20160729;1;210;40;40;70;171;;163;0;0;8;5;10120;59;8;95;23.0;7;0;1;0;0;0
673;344;20160729;2;210;40;30;70;171;;166;0;0;4;7;10117;50;8;97;81.0;7;0;1;0;0;0
674;344;20160729;3;220;40;40;70;176;;164;0;0;6;3;10113;64;8;93;23.0;7;0;1;0;0;0
675;344;20160729;4;220;40;50;70;176;;164;0;0;0;-1;10113;65;8;93;22.0;7;0;1;0;0;0
676;344;20160729;5;210;40;30;60;177;;163;0;7;0;0;10111;65;8;92;;5;0;0;0;0;0
677;344;20160729;6;210;30;30;60;183;160.0;171;3;26;0;0;10111;65;8;93;2.0;7;0;0;0;0;0
678;344;20160729;7;220;40;40;80;190;;171;0;43;0;0;10109;70;8;89;;5;0;0;0;0;0
679;344;20160729;8;240;50;60;80;192;;164;1;66;0;0;10109;70;8;84;;5;0;0;0;0;0
680;344;20160729;9;220;60;60;100;202;;164;1;111;0;0;10109;75;6;79;;5;0;0;0;0;0
681;344;20160729;10;230;70;70;120;196;;161;2;89;0;-1;10109;74;8;80;22.0;7;0;1;0;0;0
682;344;20160729;11;260;60;50;110;193;;162;1;110;0;-1;10110;70;8;82;23.0;7;0;1;0;0;0
683;344;20160729;12;250;60;80;120;190;178.0;146;2;131;0;0;10112;75;8;76;2.0;7;0;0;0;0;0
684;344;20160729;13;240;60;70;120;189;;147;0;76;0;0;10113;75;8;77;;5;0;0;0;0;0
685;344;20160729;14;240;60;50;120;198;;159;1;84;0;-1;10113;70;7;78;22.0;7;0;1;0;0;0
686;344;20160729;15;250;60;60;100;206;;157;2;113;0;0;10113;75;8;74;3.0;7;0;0;0;0;0
687;344;20160729;16;250;70;60;110;201;;154;9;177;0;0;10111;75;4;74;;5;0;0;0;0;0
688;344;20160729;17;240;70;70;100;197;;152;1;72;0;0;10112;75;8;75;;5;0;0;0;0;0
689;344;20160729;18;240;60;60;110;193;181.0;152;0;38;0;0;10112;75;8;77;2.0;7;0;0;0;0;0
690;344;20160729;19;240;60;60;100;191;;142;0;9;0;0;10115;75;8;73;;5;0;0;0;0;0
691;344;20160729;20;240;60;60;110;188;;137;0;2;0;0;10116;75;8;72;;5;0;0;0;0;0
692;344;20160729;21;240;60;60;90;181;;140;0;0;0;0;10115;75;7;77;;5;0;0;0;0;0
693;344;20160729;22;240;60;60;110;177;;131;0;0;0;0;10116;75;8;74;;5;0;0;0;0;0
694;344;20160729;23;240;60;60;100;175;;138;0;0;0;0;10117;75;7;79;;5;0;0;0;0;0
695;344;20160729;24;230;40;40;90;169;159.0;143;0;0;0;0;10115;70;8;85;;5;0;0;0;0;0
696;344;20160730;1;220;40;50;70;170;;143;0;0;0;0;10114;70;8;84;;5;0;0;0;0;0
697;344;20160730;2;210;40;40;70;169;;143;0;0;0;0;10112;70;8;85;;5;0;0;0;0;0
698;344;20160730;3;220;40;40;70;169;;148;0;0;0;0;10111;70;8;87;;5;0;0;0;0;0
699;344;20160730;4;210;40;30;70;168;;153;0;0;0;-1;10112;64;8;91;51.0;7;0;1;0;0;0
700;344;20160730;5;210;40;40;60;171;;155;0;4;0;-1;10113;61;8;90;51.0;7;0;1;0;0;0
701;344;20160730;6;210;40;40;70;172;159.0;164;0;9;7;12;10116;56;8;95;82.0;7;0;1;0;0;0
702;344;20160730;7;280;20;10;40;180;;170;0;33;2;5;10120;61;8;94;23.0;7;0;1;0;0;0
703;344;20160730;8;230;10;10;30;190;;165;2;96;0;0;10123;70;8;85;;5;0;0;0;0;0
704;344;20160730;9;300;20;30;40;194;;165;0;78;0;0;10124;70;8;83;2.0;7;0;0;0;0;0
705;344;20160730;10;300;20;20;40;205;;157;5;186;0;0;10126;75;8;74;;5;0;0;0;0;0
706;344;20160730;11;300;20;30;40;204;;152;3;167;0;0;10127;75;7;72;;5;0;0;0;0;0
707;344;20160730;12;280;30;30;50;213;170.0;154;2;161;0;0;10128;80;8;69;3.0;7;0;0;0;0;0
708;344;20160730;13;300;30;30;60;208;;151;0;113;0;0;10129;75;8;70;;5;0;0;0;0;0
709;344;20160730;14;270;30;20;60;204;;149;2;120;0;-1;10130;75;8;71;81.0;7;0;1;0;0;0
710;344;20160730;15;260;20;30;40;199;;150;0;50;0;-1;10131;75;8;73;23.0;7;0;1;0;0;0
711;344;20160730;16;250;30;20;50;196;;152;0;51;0;-1;10131;75;8;76;23.0;7;0;1;0;0;0
712;344;20160730;17;280;20;10;50;181;;157;0;17;0;-1;10130;70;8;86;23.0;7;0;1;0;0;0
713;344;20160730;18;280;10;10;20;188;184.0;160;0;23;0;0;10128;70;8;84;2.0;7;0;0;0;0;0
714;344;20160730;19;360;10;10;20;184;;156;0;11;0;0;10129;70;8;84;;5;0;0;0;0;0
715;344;20160730;20;10;20;20;30;177;;147;0;1;0;0;10133;70;8;83;;5;0;0;0;0;0
716;344;20160730;21;350;20;20;30;172;;146;0;0;0;0;10132;70;8;85;;5;0;0;0;0;0
717;344;20160730;22;320;10;10;30;165;;146;0;0;0;0;10132;70;8;89;;5;0;0;0;0;0
718;344;20160730;23;260;0;10;10;163;;147;0;0;0;0;10133;70;8;90;;5;0;0;0;0;0
719;344;20160730;24;300;10;10;20;162;149.0;152;0;0;0;0;10132;65;8;94;;5;0;0;0;0;0
720;344;20160731;1;290;10;10;20;161;;152;0;0;7;1;10129;60;8;94;81.0;7;0;1;0;0;0
721;344;20160731;2;320;10;10;20;158;;148;0;0;0;-1;10132;65;8;94;51.0;7;0;1;0;0;0
722;344;20160731;3;270;10;10;10;151;;143;0;0;0;-1;10132;65;8;95;22.0;7;0;1;0;0;0
723;344;20160731;4;280;10;10;20;141;;135;0;0;0;0;10131;65;8;96;;5;0;0;0;0;0
724;344;20160731;5;290;10;10;10;148;;144;0;7;0;0;10132;65;8;97;;5;0;0;0;0;0
725;344;20160731;6;270;20;20;30;159;123.0;144;0;20;0;0;10137;65;7;91;1.0;7;0;0;0;0;0
726;344;20160731;7;290;20;20;40;172;;144;0;47;0;0;10140;70;4;84;;5;0;0;0;0;0
727;344;20160731;8;300;30;40;50;184;;129;3;107;0;0;10141;75;7;70;;5;0;0;0;0;0
728;344;20160731;9;300;30;30;50;174;;144;0;52;1;1;10144;67;8;83;81.0;7;0;1;0;0;0
729;344;20160731;10;300;30;40;60;191;;147;1;117;0;-1;10148;75;8;76;23.0;7;0;1;0;0;0
730;344;20160731;11;300;40;50;70;189;;128;1;158;0;0;10151;80;8;68;;5;0;0;0;0;0
731;344;20160731;12;290;50;50;90;195;155.0;127;5;206;0;0;10154;80;4;65;1.0;7;0;0;0;0;0
732;344;20160731;13;300;60;60;100;193;;131;8;254;0;0;10156;80;3;67;;5;0;0;0;0;0
733;344;20160731;14;300;50;60;90;196;;124;10;245;0;0;10162;82;4;63;;5;0;0;0;0;0
734;344;20160731;15;290;60;60;90;193;;121;10;245;0;0;10164;80;4;63;;5;0;0;0;0;0
735;344;20160731;16;290;50;50;80;194;;117;10;191;0;0;10167;80;6;61;;5;0;0;0;0;0
736;344;20160731;17;280;50;50;80;186;;126;10;143;0;0;10171;80;7;68;;5;0;0;0;0;0
737;344;20160731;18;300;40;30;70;173;177.0;126;5;65;0;0;10175;75;8;74;;5;0;0;0;0;0
738;344;20160731;19;270;20;20;40;167;;133;3;17;0;0;10177;75;8;80;;5;0;0;0;0;0
739;344;20160731;20;280;20;20;40;150;;132;0;1;0;0;10181;70;4;89;;5;0;0;0;0;0
740;344;20160731;21;240;10;10;20;145;;129;0;0;0;0;10182;70;1;90;;5;0;0;0;0;0
741;344;20160731;22;200;10;10;20;139;;127;0;0;0;0;10183;65;8;92;;5;0;0;0;0;0
742;344;20160731;23;170;10;10;30;140;;130;0;0;0;0;10182;65;8;94;;5;0;0;0;0;0
743;344;20160731;24;190;10;20;30;142;93.0;129;0;0;0;0;10181;65;8;92;;5;0;0;0;0;0
744;344;20160801;1;160;20;20;30;144;;126;0;0;0;0;10179;70;8;89;;5;0;0;0;0;0
745;344;20160801;2;180;30;30;40;154;;133;0;0;0;0;10178;70;8;87;;5;0;0;0;0;0
746;344;20160801;3;180;30;30;50;156;;136;0;0;0;0;10174;70;8;88;;5;0;0;0;0;0
747;344;20160801;4;190;30;30;50;161;;145;0;0;0;0;10174;65;8;90;;5;0;0;0;0;0
748;344;20160801;5;230;50;50;90;158;;147;0;2;3;15;10174;56;8;93;92.0;7;0;1;0;1;0
749;344;20160801;6;300;20;10;60;158;115.0;145;0;10;1;1;10178;65;7;92;26.0;7;0;1;0;1;0
750;344;20160801;7;210;30;40;80;172;;146;7;82;0;0;10178;70;1;85;;5;0;0;0;0;0
751;344;20160801;8;230;40;30;70;187;;151;9;146;0;0;10178;75;7;80;;5;0;0;0;0;0
752;344;20160801;9;240;50;40;80;176;;137;5;123;0;0;10180;75;8;78;;5;0;0;0;0;0
753;344;20160801;10;270;40;40;80;191;;125;5;143;0;0;10183;80;4;66;;5;0;0;0;0;0
754;344;20160801;11;300;50;50;90;200;;131;6;207;0;0;10186;82;2;64;;5;0;0;0;0;0
755;344;20160801;12;290;60;60;100;204;156.0;133;10;304;0;0;10188;79;2;64;;5;0;0;0;0;0
756;344;20160801;13;280;50;50;90;197;;120;10;282;0;0;10188;81;1;61;;5;0;0;0;0;0
757;344;20160801;14;280;50;50;90;196;;114;6;211;0;0;10189;82;6;59;;5;0;0;0;0;0
758;344;20160801;15;300;50;50;80;197;;112;10;254;0;0;10188;81;2;58;;5;0;0;0;0;0
759;344;20160801;16;310;40;40;70;192;;106;9;180;0;0;10186;80;6;57;;5;0;0;0;0;0
760;344;20160801;17;270;30;30;60;180;;110;5;89;0;0;10184;81;2;64;;5;0;0;0;0;0
761;344;20160801;18;270;20;20;40;172;172.0;111;4;52;0;0;10181;80;8;67;;5;0;0;0;0;0
762;344;20160801;19;270;30;10;50;168;;110;8;19;0;0;10179;80;8;69;;5;0;0;0;0;0
763;344;20160801;20;250;20;20;40;163;;114;0;2;0;0;10179;75;8;73;;5;0;0;0;0;0
764;344;20160801;21;230;20;20;30;158;;120;0;0;0;0;10177;75;8;78;;5;0;0;0;0;0
765;344;20160801;22;220;30;30;50;162;;119;0;0;0;0;10173;75;8;76;;5;0;0;0;0;0
766;344;20160801;23;210;30;40;50;164;;121;0;0;0;-1;10169;75;8;76;23.0;7;0;1;0;0;0
767;344;20160801;24;220;40;30;60;155;146.0;134;0;0;0;-1;10166;70;8;87;51.0;7;0;1;0;0;0
768;344;20160802;1;190;30;20;50;154;;134;0;0;10;3;10161;67;8;88;81.0;7;0;1;0;0;0
769;344;20160802;2;190;40;40;60;151;;130;0;0;10;5;10152;69;8;87;61.0;7;0;1;0;0;0
770;344;20160802;3;180;30;40;50;147;;117;0;0;8;1;10146;70;8;82;51.0;7;0;1;0;0;0
771;344;20160802;4;180;30;40;80;148;;134;0;0;10;2;10140;61;8;91;51.0;7;0;1;0;0;0
772;344;20160802;5;160;50;40;80;139;;126;0;3;0;-1;10136;50;8;92;52.0;7;0;1;0;0;0
773;344;20160802;6;150;40;40;80;143;137.0;133;0;12;0;-1;10131;62;8;94;22.0;7;0;1;0;0;0
774;344;20160802;7;140;50;50;90;145;;137;0;25;0;-1;10127;33;8;95;22.0;7;0;1;0;0;0
775;344;20160802;8;150;50;50;80;150;;140;0;30;7;1;10124;57;8;94;81.0;7;0;1;0;0;0
776;344;20160802;9;150;40;40;70;155;;147;0;48;5;1;10119;50;8;95;81.0;7;0;1;0;0;0
777;344;20160802;10;150;40;30;70;161;;154;0;71;10;4;10117;29;8;96;52.0;7;0;1;0;0;0
778;344;20160802;11;140;40;40;70;170;;165;0;71;9;10;10114;50;8;97;52.0;7;0;1;0;0;0
779;344;20160802;12;190;30;20;60;183;142.0;174;0;94;8;2;10112;57;8;94;23.0;7;0;1;0;0;0
780;344;20160802;13;240;30;30;50;186;;177;0;104;6;1;10113;40;8;95;22.0;7;0;1;0;0;0
781;344;20160802;14;230;30;30;50;183;;178;0;56;8;5;10113;34;8;97;53.0;7;0;1;0;0;0
782;344;20160802;15;230;30;30;50;188;;180;0;61;8;3;10110;56;8;95;81.0;7;0;1;0;0;0
783;344;20160802;16;250;40;40;70;186;;182;0;33;4;7;10109;32;8;98;53.0;7;0;1;0;0;0
784;344;20160802;17;240;40;40;60;188;;182;0;39;8;1;10107;45;8;96;52.0;7;0;1;0;0;0
785;344;20160802;18;230;40;50;70;187;186.0;181;0;22;6;1;10107;57;8;96;22.0;7;0;1;0;0;0
786;344;20160802;19;240;50;50;80;183;;179;0;9;2;1;10110;26;8;98;52.0;7;0;1;0;0;0
787;344;20160802;20;230;50;50;80;183;;179;0;1;9;4;10109;28;8;98;52.0;7;0;1;0;0;0
788;344;20160802;21;230;40;50;70;184;;181;0;0;10;4;10111;24;8;98;53.0;7;0;1;0;0;0
789;344;20160802;22;230;50;50;100;184;;179;0;0;7;2;10110;56;8;97;81.0;7;0;1;0;0;0
790;344;20160802;23;230;50;50;90;183;;178;0;0;9;4;10107;38;8;97;52.0;7;0;1;0;0;0
791;344;20160802;24;230;60;60;120;185;182.0;179;0;0;0;-1;10105;58;8;96;22.0;7;0;1;0;0;0
792;344;20160803;1;240;70;70;110;184;;177;0;0;0;-1;10101;41;8;96;52.0;7;0;1;0;0;0
793;344;20160803;2;240;60;60;130;185;;177;0;0;6;4;10098;39;8;95;52.0;7;0;1;0;0;0
794;344;20160803;3;240;80;90;130;184;;177;0;0;7;3;10093;56;8;96;22.0;7;0;1;0;0;0
795;344;20160803;4;230;80;80;140;185;;177;0;0;4;1;10088;58;8;95;22.0;7;0;1;0;0;0
796;344;20160803;5;230;70;80;120;187;;178;0;1;0;0;10086;62;8;95;;5;0;0;0;0;0
797;344;20160803;6;220;70;80;130;186;181.0;180;0;8;5;5;10085;32;8;96;52.0;7;0;1;0;0;0
798;344;20160803;7;220;80;60;130;186;;181;0;10;8;5;10083;32;8;97;52.0;7;0;1;0;0;0
799;344;20160803;8;220;70;70;120;186;;181;0;16;9;8;10084;27;8;97;52.0;7;0;1;0;0;0
800;344;20160803;9;230;70;60;120;188;;182;0;29;10;4;10085;28;8;96;52.0;7;0;1;0;0;0
801;344;20160803;10;220;70;80;120;193;;180;0;45;5;2;10087;61;8;92;23.0;7;0;1;0;0;0
802;344;20160803;11;230;80;80;140;207;;178;1;102;0;-1;10087;70;8;83;23.0;7;0;1;0;0;0
803;344;20160803;12;230;80;90;150;206;184.0;173;4;188;0;0;10086;70;7;81;1.0;7;0;0;0;0;0
804;344;20160803;13;220;80;90;150;205;;173;1;86;0;0;10087;70;8;82;;5;0;0;0;0;0
805;344;20160803;14;220;80;70;130;204;;169;1;103;0;0;10089;75;6;80;;5;0;0;0;0;0
806;344;20160803;15;220;90;80;150;200;;162;1;94;0;0;10087;75;7;79;;5;0;0;0;0;0
807;344;20160803;16;220;80;90;140;205;;165;2;88;0;0;10084;75;7;78;;5;0;0;0;0;0
808;344;20160803;17;230;80;90;150;201;;160;4;75;0;0;10082;75;7;77;;5;0;0;0;0;0
809;344;20160803;18;220;80;80;140;201;198.0;156;10;64;0;0;10076;75;4;75;;5;0;0;0;0;0
810;344;20160803;19;220;70;70;120;194;;153;8;32;0;0;10076;75;1;77;;5;0;0;0;0;0
811;344;20160803;20;230;80;90;140;189;;153;0;2;0;0;10080;75;6;80;;5;0;0;0;0;0
812;344;20160803;21;230;80;80;150;180;;135;0;0;0;0;10080;75;6;75;;5;0;0;0;0;0
813;344;20160803;22;220;80;100;160;177;;138;0;0;0;0;10083;75;8;78;;5;0;0;0;0;0
814;344;20160803;23;220;80;80;160;172;;140;0;0;0;0;10083;70;6;81;;5;0;0;0;0;0
815;344;20160803;24;220;70;70;120;169;162.0;140;0;0;0;0;10083;70;8;83;;5;0;0;0;0;0
816;344;20160804;1;220;70;60;130;171;;142;0;0;0;0;10083;67;8;83;;5;0;0;0;0;0
817;344;20160804;2;220;60;70;100;169;;143;0;0;0;0;10082;64;8;85;;5;0;0;0;0;0
818;344;20160804;3;210;70;70;110;166;;139;0;0;0;0;10080;65;8;84;;5;0;0;0;0;0
819;344;20160804;4;220;60;50;90;163;;141;0;0;0;0;10080;65;8;87;;5;0;0;0;0;0
820;344;20160804;5;210;50;50;90;167;;142;0;3;0;0;10080;64;7;85;;5;0;0;0;0;0
821;344;20160804;6;210;50;50;100;168;157.0;144;3;35;0;0;10083;64;8;86;;5;0;0;0;0;0
822;344;20160804;7;220;60;70;110;175;;145;3;50;0;0;10085;64;8;83;;5;0;0;0;0;0
823;344;20160804;8;220;60;60;110;177;;145;4;82;0;0;10089;64;8;82;;5;0;0;0;0;0
824;344;20160804;9;230;70;70;130;174;;145;2;64;0;-1;10092;62;8;83;81.0;7;0;1;0;0;0
825;344;20160804;10;220;70;70;130;186;;153;2;82;3;1;10094;67;7;81;23.0;7;0;1;0;0;0
826;344;20160804;11;220;80;80;130;188;;155;3;125;1;1;10094;66;5;81;23.0;7;0;1;0;0;0
827;344;20160804;12;240;80;80;130;199;169.0;141;6;210;0;0;10095;75;7;69;3.0;7;0;0;0;0;0
828;344;20160804;13;250;80;70;120;207;;145;4;161;0;0;10097;72;7;68;;5;0;0;0;0;0
829;344;20160804;14;250;80;70;130;195;;129;6;185;0;0;10100;74;5;66;;5;0;0;0;0;0
830;344;20160804;15;240;80;90;120;201;;137;6;181;0;0;10100;71;2;67;;5;0;0;0;0;0
831;344;20160804;16;240;70;70;110;200;;139;10;176;0;0;10103;76;3;68;;5;0;0;0;0;0
832;344;20160804;17;250;70;70;110;195;;141;9;117;0;0;10106;75;3;71;;5;0;0;0;0;0
833;344;20160804;18;250;70;70;110;189;186.0;132;10;69;0;0;10109;79;1;69;;5;0;0;0;0;0
834;344;20160804;19;240;60;70;110;179;;132;2;13;0;0;10113;74;8;74;;5;0;0;0;0;0
835;344;20160804;20;250;60;40;100;174;;136;0;2;0;0;10117;71;8;78;;5;0;0;0;0;0
836;344;20160804;21;240;50;40;80;167;;142;0;0;0;0;10119;65;1;85;;5;0;0;0;0;0
837;344;20160804;22;230;40;50;60;166;;148;0;0;0;0;10122;62;4;89;;5;0;0;0;0;0
838;344;20160804;23;230;40;40;70;166;;152;0;0;0;0;10123;61;4;91;;5;0;0;0;0;0
839;344;20160804;24;220;40;40;60;168;154.0;154;0;0;0;0;10125;62;8;91;;5;0;0;0;0;0
840;344;20160805;1;240;40;40;60;162;;152;0;0;0;0;10129;62;6;94;;5;0;0;0;0;0
841;344;20160805;2;240;20;20;50;154;;144;0;0;0;0;10132;65;6;94;;5;0;0;0;0;0
842;344;20160805;3;250;30;20;40;153;;141;0;0;0;0;10137;65;0;93;;5;0;0;0;0;0
843;344;20160805;4;250;20;20;30;140;;131;0;0;0;0;10143;65;1;94;;5;0;0;0;0;0
844;344;20160805;5;250;20;20;30;154;;145;2;7;0;0;10150;65;7;94;;5;0;0;0;0;0
845;344;20160805;6;260;20;20;30;172;120.0;154;3;34;0;0;10158;70;7;89;;5;0;0;0;0;0
846;344;20160805;7;280;30;40;60;189;;154;8;96;0;0;10163;75;1;80;;5;0;0;0;0;0
847;344;20160805;8;280;40;50;80;194;;151;10;157;0;0;10168;75;3;76;;5;0;0;0;0;0
848;344;20160805;9;290;50;50;80;201;;149;10;200;0;0;10176;75;5;72;;5;0;0;0;0;0
849;344;20160805;10;280;50;50;90;200;;139;10;246;0;0;10183;80;4;68;;5;0;0;0;0;0
850;344;20160805;11;280;50;60;80;204;;140;10;265;0;0;10188;80;3;67;;5;0;0;0;0;0
851;344;20160805;12;280;60;60;100;209;173.0;145;10;264;0;0;10193;80;5;67;;5;0;0;0;0;0
852;344;20160805;13;300;50;50;100;201;;128;10;255;0;0;10197;82;3;63;;5;0;0;0;0;0
853;344;20160805;14;290;50;50;80;209;;140;10;251;0;0;10201;80;3;65;;5;0;0;0;0;0
854;344;20160805;15;280;40;40;70;208;;143;10;223;0;0;10204;80;2;66;;5;0;0;0;0;0
855;344;20160805;16;300;40;40;70;200;;145;10;156;0;0;10205;75;1;71;;5;0;0;0;0;0
856;344;20160805;17;290;50;40;70;185;;144;7;101;0;0;10208;75;6;77;;5;0;0;0;0;0
857;344;20160805;18;300;40;40;70;183;186.0;138;7;56;0;0;10215;75;7;75;;5;0;0;0;0;0
858;344;20160805;19;270;30;20;50;167;;137;8;24;0;0;10219;70;4;82;;5;0;0;0;0;0
859;344;20160805;20;290;20;20;20;160;;140;0;1;0;0;10224;70;7;88;;5;0;0;0;0;0
860;344;20160805;21;220;10;20;20;152;;138;0;0;0;0;10229;65;8;91;;5;0;0;0;0;0
861;344;20160805;22;210;20;20;20;154;;135;0;0;0;0;10230;70;6;88;;5;0;0;0;0;0
862;344;20160805;23;220;10;10;30;155;;141;0;0;0;0;10230;65;8;91;;5;0;0;0;0;0
863;344;20160805;24;190;20;30;40;157;108.0;143;0;0;0;0;10230;65;6;91;;5;0;0;0;0;0
864;344;20160806;1;190;30;30;40;160;;147;0;0;0;0;10228;65;1;92;;5;0;0;0;0;0
865;344;20160806;2;190;30;30;40;159;;146;0;0;0;0;10227;63;8;92;;5;0;0;0;0;0
866;344;20160806;3;200;30;30;50;157;;143;0;0;0;0;10226;65;8;91;;5;0;0;0;0;0
867;344;20160806;4;200;30;30;50;159;;147;0;0;0;-1;10228;63;8;93;51.0;7;0;1;0;0;0
868;344;20160806;5;190;20;20;40;161;;153;0;1;6;2;10229;59;8;95;51.0;7;0;1;0;0;0
869;344;20160806;6;200;30;40;60;164;136.0;157;0;11;5;2;10231;58;8;96;23.0;7;0;1;0;0;0
870;344;20160806;7;210;40;50;70;182;;168;6;81;0;0;10234;60;4;92;;5;0;0;0;0;0
871;344;20160806;8;240;50;60;90;201;;164;7;128;0;0;10240;73;7;79;;5;0;0;0;0;0
872;344;20160806;9;230;50;60;80;203;;158;8;164;0;0;10244;74;1;75;;5;0;0;0;0;0
873;344;20160806;10;260;50;50;80;209;;165;9;243;0;0;10249;75;2;76;;5;0;0;0;0;0
874;344;20160806;11;290;50;50;80;201;;156;6;183;0;0;10255;75;7;75;;5;0;0;0;0;0
875;344;20160806;12;310;50;60;90;214;163.0;144;8;257;0;0;10259;80;2;64;;5;0;0;0;0;0
876;344;20160806;13;290;50;50;90;214;;143;10;271;0;0;10265;81;3;64;;5;0;0;0;0;0
877;344;20160806;14;310;60;50;80;211;;139;10;267;0;0;10272;78;0;63;;5;0;0;0;0;0
878;344;20160806;15;320;50;50;90;206;;120;10;240;0;0;10278;81;0;58;;5;0;0;0;0;0
879;344;20160806;16;280;40;40;80;201;;114;10;193;0;0;10278;80;0;57;;5;0;0;0;0;0
880;344;20160806;17;280;40;30;70;198;;109;10;138;0;0;10278;81;0;56;;5;0;0;0;0;0
881;344;20160806;18;270;30;30;60;185;193.0;103;10;80;0;0;10279;83;0;59;;5;0;0;0;0;0
882;344;20160806;19;270;20;20;40;164;;101;7;25;0;0;10285;80;0;66;;5;0;0;0;0;0
883;344;20160806;20;280;20;10;30;154;;105;0;1;0;0;10287;75;0;73;;5;0;0;0;0;0
884;344;20160806;21;220;10;10;20;143;;110;0;0;0;0;10287;70;0;81;;5;0;0;0;0;0
885;344;20160806;22;190;20;20;30;135;;116;0;0;0;0;10285;70;0;88;;5;0;0;0;0;0
886;344;20160806;23;190;20;20;30;141;;123;0;0;0;0;10281;70;0;89;;5;0;0;0;0;0
887;344;20160806;24;190;30;30;60;152;93.0;130;0;0;0;0;10277;70;0;87;;5;0;0;0;0;0
888;344;20160807;1;180;30;30;50;161;;137;0;0;0;0;10273;70;0;86;;5;0;0;0;0;0
889;344;20160807;2;190;40;40;60;160;;129;0;0;0;0;10267;70;0;82;;5;0;0;0;0;0
890;344;20160807;3;200;50;50;80;158;;127;0;0;0;0;10263;70;0;82;;5;0;0;0;0;0
891;344;20160807;4;190;40;40;60;154;;129;0;0;0;0;10259;70;0;85;;5;0;0;0;0;0
892;344;20160807;5;210;40;40;70;159;;130;2;7;0;0;10258;70;0;83;;5;0;0;0;0;0
893;344;20160807;6;220;50;70;100;164;130.0;142;7;41;0;0;10258;65;8;87;;5;0;0;0;0;0
894;344;20160807;7;200;50;50;100;168;;150;0;40;0;0;10255;60;8;89;;5;0;0;0;0;0
895;344;20160807;8;200;50;50;90;176;;156;0;41;0;0;10253;60;8;88;;5;0;0;0;0;0
896;344;20160807;9;210;70;60;100;186;;161;0;91;0;0;10251;62;8;85;;5;0;0;0;0;0
897;344;20160807;10;210;60;60;90;203;;166;1;129;0;0;10247;75;8;79;;5;0;0;0;0;0
898;344;20160807;11;220;60;70;100;206;;169;0;71;0;0;10246;75;8;79;;5;0;0;0;0;0
899;344;20160807;12;220;60;50;110;195;163.0;179;0;64;0;0;10245;64;8;90;;5;0;0;0;0;0
900;344;20160807;13;240;50;50;90;204;;179;0;56;0;-1;10238;69;8;86;22.0;7;0;1;0;0;0
901;344;20160807;14;220;60;70;120;216;;183;0;64;0;0;10232;70;8;82;;5;0;0;0;0;0
902;344;20160807;15;220;70;80;120;227;;184;2;129;0;0;10225;75;8;77;2.0;7;0;0;0;0;0
903;344;20160807;16;230;80;80;140;224;;181;0;82;0;0;10220;75;8;77;;5;0;0;0;0;0
904;344;20160807;17;240;90;90;140;221;;179;0;68;0;0;10212;75;8;77;;5;0;0;0;0;0
905;344;20160807;18;230;90;90;140;216;196.0;175;3;47;0;0;10207;75;8;78;2.0;7;0;0;0;0;0
906;344;20160807;19;230;80;70;130;210;;173;7;19;0;0;10206;75;7;79;;5;0;0;0;0;0
907;344;20160807;20;230;70;80;130;207;;169;0;1;0;0;10204;75;6;79;;5;0;0;0;0;0
908;344;20160807;21;220;80;100;150;200;;158;0;0;0;0;10197;75;6;77;;5;0;0;0;0;0
909;344;20160807;22;220;90;100;150;190;;156;0;0;0;0;10195;70;4;81;;5;0;0;0;0;0
910;344;20160807;23;230;80;100;140;188;;140;0;0;0;0;10191;72;8;74;;5;0;0;0;0;0
911;344;20160807;24;230;70;60;130;177;169.0;151;0;0;0;0;10188;65;6;85;;5;0;0;0;0;0
912;344;20160808;1;240;70;80;120;179;;158;0;0;0;0;10184;61;7;88;;5;0;0;0;0;0
913;344;20160808;2;240;70;60;120;176;;158;0;0;0;0;10178;60;6;89;;5;0;0;0;0;0
914;344;20160808;3;240;60;70;100;173;;147;0;0;0;0;10178;64;1;85;;5;0;0;0;0;0
915;344;20160808;4;250;60;70;100;178;;147;0;0;0;0;10180;66;8;82;;5;0;0;0;0;0
916;344;20160808;5;270;60;60;110;175;;133;0;3;0;0;10184;70;8;76;;5;0;0;0;0;0
917;344;20160808;6;260;60;60;100;177;162.0;134;0;24;0;0;10184;69;8;76;;5;0;0;0;0;0
918;344;20160808;7;260;60;50;100;178;;126;0;39;0;0;10187;72;8;72;;5;0;0;0;0;0
919;344;20160808;8;280;60;70;110;178;;123;2;63;0;0;10190;73;8;70;;5;0;0;0;0;0
920;344;20160808;9;280;60;70;110;186;;119;5;140;0;0;10194;72;2;65;;5;0;0;0;0;0
921;344;20160808;10;270;70;70;120;186;;117;8;201;0;0;10198;75;4;64;;5;0;0;0;0;0
922;344;20160808;11;270;70;70;120;186;;114;9;246;0;0;10198;80;6;63;;5;0;0;0;0;0
923;344;20160808;12;290;60;60;110;184;174.0;106;9;269;0;0;10204;78;2;60;;5;0;0;0;0;0
924;344;20160808;13;270;60;60;100;183;;106;7;216;0;0;10207;78;6;61;;5;0;0;0;0;0
925;344;20160808;14;280;60;50;100;176;;106;4;136;0;0;10208;80;8;64;;5;0;0;0;0;0
926;344;20160808;15;270;60;50;90;189;;97;7;189;0;0;10207;80;4;55;;5;0;0;0;0;0
927;344;20160808;16;270;50;50;90;187;;106;9;157;0;0;10207;81;2;59;;5;0;0;0;0;0
928;344;20160808;17;250;50;60;90;179;;108;5;71;0;0;10209;78;6;63;;5;0;0;0;0;0
929;344;20160808;18;270;40;40;90;172;169.0;110;3;45;0;0;10209;80;7;67;;5;0;0;0;0;0
930;344;20160808;19;260;30;30;50;158;;107;5;12;0;0;10210;75;7;72;;5;0;0;0;0;0
931;344;20160808;20;30;20;30;50;150;;111;0;1;0;-1;10213;75;8;77;81.0;7;0;1;0;0;0
932;344;20160808;21;0;10;0;40;143;;125;0;0;4;2;10212;70;8;89;23.0;7;0;1;0;0;0
933;344;20160808;22;100;0;10;20;143;;133;0;0;0;0;10211;65;8;94;;5;0;0;0;0;0
934;344;20160808;23;200;20;20;40;148;;131;0;0;0;0;10211;70;8;90;;5;0;0;0;0;0
935;344;20160808;24;220;20;20;40;141;130.0;119;0;0;0;0;10210;70;8;87;2.0;7;0;0;0;0;0
936;344;20160809;1;160;20;20;30;138;;120;0;0;0;0;10206;70;8;89;;5;0;0;0;0;0
937;344;20160809;2;180;20;30;50;139;;113;0;0;0;0;10203;70;8;84;12.0;7;0;0;0;0;0
938;344;20160809;3;340;40;30;100;126;;98;0;0;2;4;10210;68;8;83;92.0;7;0;1;0;1;0
939;344;20160809;4;200;10;10;40;121;;106;0;0;3;7;10209;57;8;91;82.0;7;0;1;0;1;0
940;344;20160809;5;260;20;20;120;119;;100;0;2;4;8;10212;62;8;88;81.0;7;0;1;0;0;0
941;344;20160809;6;230;20;20;30;129;99.0;107;0;18;0;-1;10213;70;8;86;23.0;7;0;1;0;0;0
942;344;20160809;7;250;20;20;30;146;;123;1;45;0;0;10215;70;7;86;;5;0;0;0;0;0
943;344;20160809;8;290;30;50;70;173;;119;10;157;0;0;10217;75;3;71;;5;0;0;0;0;0
944;344;20160809;9;350;60;50;110;159;;116;8;164;0;-1;10224;75;8;76;22.0;7;0;1;0;0;0
945;344;20160809;10;340;40;50;80;170;;109;10;275;0;0;10227;77;2;67;;5;0;0;0;0;0
946;344;20160809;11;340;60;60;110;172;;99;6;224;0;0;10230;78;7;62;;5;0;0;0;0;0
947;344;20160809;12;330;50;50;110;169;130.0;85;3;166;0;0;10232;72;7;58;2.0;7;0;0;0;0;0
948;344;20160809;13;330;50;50;100;179;;77;10;266;0;0;10234;80;3;51;;5;0;0;0;0;0
949;344;20160809;14;340;50;40;100;172;;81;9;231;0;0;10234;81;6;55;;5;0;0;0;0;0
950;344;20160809;15;310;50;40;80;160;;96;2;124;0;0;10233;80;8;66;;5;0;0;0;0;0
951;344;20160809;16;320;50;50;90;174;;95;7;154;0;0;10232;80;2;60;;5;0;0;0;0;0
952;344;20160809;17;320;50;50;80;168;;89;10;138;0;0;10232;80;1;60;;5;0;0;0;0;0
953;344;20160809;18;330;40;30;70;149;149.0;79;10;69;0;0;10227;81;1;63;;5;0;0;0;0;0
954;344;20160809;19;270;20;20;40;129;;83;3;12;0;0;10228;75;8;74;;5;0;0;0;0;0
955;344;20160809;20;250;20;20;30;119;;84;0;0;0;-1;10228;63;8;79;81.0;7;0;1;0;0;0
956;344;20160809;21;250;20;10;20;129;;91;0;0;0;-1;10225;75;8;78;23.0;7;0;1;0;0;0
957;344;20160809;22;280;20;20;20;135;;87;0;0;0;-1;10222;75;8;73;51.0;7;0;1;0;0;0
958;344;20160809;23;260;20;20;20;128;;97;0;0;0;-1;10219;70;8;81;51.0;7;0;1;0;0;0
959;344;20160809;24;230;30;40;50;125;101.0;110;0;0;9;11;10220;65;8;91;81.0;7;0;1;0;0;0
960;344;20160810;1;30;30;40;70;114;;97;0;0;5;17;10219;57;8;89;82.0;7;0;1;0;0;0
961;344;20160810;2;110;30;20;70;114;;103;0;0;9;25;10216;65;8;93;26.0;7;0;1;0;1;0
962;344;20160810;3;170;20;10;20;110;;99;0;0;0;0;10212;65;2;93;1.0;7;0;0;0;0;0
963;344;20160810;4;200;20;20;30;112;;105;0;0;0;0;10213;65;8;95;;5;0;0;0;0;0
964;344;20160810;5;210;20;20;30;114;;106;0;3;0;-1;10214;65;8;95;23.0;7;0;1;0;0;0
965;344;20160810;6;260;10;10;30;122;98.0;111;0;16;0;-1;10218;65;8;93;81.0;7;0;1;0;0;0
966;344;20160810;7;180;10;20;30;136;;113;2;50;5;1;10220;70;7;86;23.0;7;0;1;0;0;0
967;344;20160810;8;300;10;10;30;153;;96;10;163;0;0;10222;79;2;69;;5;0;0;0;0;0
968;344;20160810;9;360;30;50;70;161;;71;9;189;0;0;10224;80;6;55;3.0;7;0;0;0;0;0
969;344;20160810;10;350;40;40;80;168;;84;10;266;0;0;10226;81;5;58;;5;0;0;0;0;0
970;344;20160810;11;340;50;40;110;138;;92;3;150;4;3;10230;70;8;74;81.0;7;0;1;0;0;0
971;344;20160810;12;300;40;50;90;165;123.0;95;4;188;0;-1;10230;80;5;63;23.0;7;0;1;0;0;0
972;344;20160810;13;330;50;50;90;151;;84;5;187;0;0;10231;82;7;64;;5;0;0;0;0;0
973;344;20160810;14;340;50;50;100;156;;81;8;205;0;0;10232;82;4;61;;5;0;0;0;0;0
974;344;20160810;15;340;50;50;90;159;;71;10;206;0;0;10233;82;1;56;;5;0;0;0;0;0
975;344;20160810;16;340;50;50;90;146;;80;5;101;0;-1;10236;80;5;65;23.0;7;0;1;0;0;0
976;344;20160810;17;330;40;40;70;139;;79;3;39;0;0;10236;80;0;67;;5;0;0;0;0;0
977;344;20160810;18;350;30;30;60;144;131.0;72;7;46;0;0;10237;82;0;62;1.0;7;0;0;0;0;0
978;344;20160810;19;320;20;20;50;119;;74;5;17;0;0;10239;75;0;74;;5;0;0;0;0;0
979;344;20160810;20;260;20;20;20;103;;75;0;0;0;0;10242;70;0;83;;5;0;0;0;0;0
980;344;20160810;21;240;20;20;30;101;;66;0;0;0;0;10242;75;0;79;;5;0;0;0;0;0
981;344;20160810;22;240;20;20;20;87;;67;0;0;0;0;10242;70;2;87;;5;0;0;0;0;0
982;344;20160810;23;220;20;20;20;89;;72;0;0;0;0;10239;70;6;89;;5;0;0;0;0;0
983;344;20160810;24;220;20;20;30;93;34.0;63;0;0;0;0;10234;70;8;81;;5;0;0;0;0;0
984;344;20160811;1;230;30;30;40;106;;76;0;0;0;0;10231;70;8;82;;5;0;0;0;0;0
985;344;20160811;2;220;40;50;70;129;;87;0;0;0;0;10229;75;8;76;;5;0;0;0;0;0
986;344;20160811;3;210;40;50;70;136;;83;0;0;0;0;10225;75;8;70;;5;0;0;0;0;0
987;344;20160811;4;190;60;60;100;128;;93;0;0;0;-1;10217;75;8;79;81.0;7;0;1;0;0;0
988;344;20160811;5;200;50;50;90;130;;103;0;3;7;1;10212;70;8;84;23.0;7;0;1;0;0;0
989;344;20160811;6;190;50;40;100;136;53.0;114;0;16;0;-1;10209;68;8;87;51.0;7;0;1;0;0;0
990;344;20160811;7;200;50;50;90;138;;122;0;11;10;8;10205;63;8;90;51.0;7;0;1;0;0;0
991;344;20160811;8;210;60;80;120;141;;126;0;17;9;6;10201;60;8;91;57.0;7;0;1;0;0;0
992;344;20160811;9;220;60;50;120;143;;137;0;21;10;20;10197;57;8;96;62.0;7;0;1;0;0;0
993;344;20160811;10;270;50;50;80;145;;131;0;34;10;33;10197;59;8;91;62.0;7;0;1;0;0;0
994;344;20160811;11;240;40;40;80;147;;127;0;67;10;3;10197;70;8;88;61.0;7;0;1;0;0;0
995;344;20160811;12;250;50;60;90;149;131.0;130;0;50;10;5;10198;61;8;88;57.0;7;0;1;0;0;0
996;344;20160811;13;250;60;60;110;148;;138;0;95;10;6;10196;50;8;94;52.0;7;0;1;0;0;0
997;344;20160811;14;250;60;50;100;149;;143;0;71;10;13;10197;43;8;96;58.0;7;0;1;0;0;0
998;344;20160811;15;250;50;40;90;153;;147;0;48;10;14;10194;56;8;96;51.0;7;0;1;0;0;0
999;344;20160811;16;250;40;50;70;152;;147;0;33;8;10;10193;50;8;97;52.0;7;0;1;0;0;0
1000;344;20160811;17;250;40;40;60;155;;148;0;21;9;4;10192;63;8;96;57.0;7;0;1;0;0;0
1001;344;20160811;18;260;40;40;90;156;150.0;150;0;14;8;4;10191;35;8;96;81.0;7;0;1;0;0;0
1002;344;20160811;19;260;40;30;70;156;;153;0;4;9;13;10195;28;8;98;53.0;7;0;1;0;0;0
1003;344;20160811;20;250;40;30;70;158;;155;0;1;7;4;10194;56;8;98;22.0;7;0;1;0;0;0
1004;344;20160811;21;230;30;30;40;161;;155;0;0;0;0;10197;63;8;96;2.0;7;0;0;0;0;0
1005;344;20160811;22;240;30;40;50;171;;157;0;0;0;0;10195;65;8;91;;5;0;0;0;0;0
1006;344;20160811;23;260;40;30;60;176;;161;0;0;0;0;10197;65;8;91;;5;0;0;0;0;0
1007;344;20160811;24;270;40;40;100;175;153.0;164;0;0;3;1;10200;65;8;93;23.0;7;0;1;0;0;0
1008;344;20160812;1;300;50;50;90;172;;164;0;0;5;5;10202;38;8;95;52.0;7;0;1;0;0;0
1009;344;20160812;2;290;30;30;90;173;;167;0;0;6;2;10201;61;8;96;23.0;7;0;1;0;0;0
1010;344;20160812;3;280;40;30;80;178;;164;0;0;0;0;10203;62;8;92;2.0;7;0;0;0;0;0
1011;344;20160812;4;270;40;40;60;179;;162;0;0;0;0;10207;70;8;90;;5;0;0;0;0;0
1012;344;20160812;5;280;40;40;60;179;;162;0;2;0;0;10211;70;8;90;;5;0;0;0;0;0
1013;344;20160812;6;280;40;30;70;183;168.0;163;0;12;0;0;10216;70;8;88;2.0;7;0;0;0;0;0
1014;344;20160812;7;270;40;40;60;184;;163;0;24;0;0;10220;70;8;88;;5;0;0;0;0;0
1015;344;20160812;8;270;40;50;80;187;;164;0;40;0;0;10225;70;8;86;;5;0;0;0;0;0
1016;344;20160812;9;260;50;50;80;186;;160;0;43;0;0;10229;70;8;85;;5;0;0;0;0;0
1017;344;20160812;10;250;40;40;70;189;;163;0;51;0;0;10230;70;8;85;;5;0;0;0;0;0
1018;344;20160812;11;250;60;60;90;198;;164;0;116;0;0;10232;70;8;81;;5;0;0;0;0;0
1019;344;20160812;12;250;60;70;100;199;179.0;163;1;141;0;0;10233;75;8;80;;5;0;0;0;0;0
1020;344;20160812;13;240;70;80;110;199;;162;0;110;0;0;10232;75;8;79;;5;0;0;0;0;0
1021;344;20160812;14;240;70;70;110;215;;167;5;180;0;0;10230;75;1;74;;5;0;0;0;0;0
1022;344;20160812;15;240;70;80;120;220;;160;10;212;0;0;10229;80;1;69;;5;0;0;0;0;0
1023;344;20160812;16;250;70;70;110;221;;155;10;180;0;0;10227;80;0;66;;5;0;0;0;0;0
1024;344;20160812;17;240;70;80;120;214;;160;10;128;0;0;10224;75;0;71;;5;0;0;0;0;0
1025;344;20160812;18;240;80;70;120;207;203.0;153;10;70;0;0;10222;75;0;71;;5;0;0;0;0;0
1026;344;20160812;19;240;60;50;110;192;;152;7;18;0;0;10220;75;0;78;;5;0;0;0;0;0
1027;344;20160812;20;220;50;60;90;189;;156;0;0;0;0;10222;70;0;81;;5;0;0;0;0;0
1028;344;20160812;21;230;60;60;90;182;;155;0;0;0;0;10220;70;0;84;;5;0;0;0;0;0
1029;344;20160812;22;220;50;50;80;179;;145;0;0;0;0;10216;70;0;81;;5;0;0;0;0;0
1030;344;20160812;23;230;60;60;90;173;;124;0;0;0;0;10214;75;0;73;;5;0;0;0;0;0
1031;344;20160812;24;230;50;40;80;160;149.0;128;0;0;0;0;10211;70;0;81;;5;0;0;0;0;0
1032;344;20160813;1;230;40;50;80;164;;151;0;0;0;0;10211;62;8;92;;5;0;0;0;0;0
1033;344;20160813;2;230;50;50;70;170;;161;0;0;0;0;10207;59;4;94;10.0;7;0;0;0;0;0
1034;344;20160813;3;230;50;40;80;167;;160;0;0;0;0;10206;58;2;96;10.0;7;0;0;0;0;0
1035;344;20160813;4;250;30;30;50;158;;149;0;0;0;0;10208;62;3;94;;5;0;0;0;0;0
1036;344;20160813;5;240;30;40;50;158;;143;0;4;0;0;10209;65;6;91;;5;0;0;0;0;0
1037;344;20160813;6;230;40;40;70;169;136.0;146;0;22;0;0;10212;70;6;86;;5;0;0;0;0;0
1038;344;20160813;7;240;40;40;70;173;;147;0;39;0;0;10213;70;8;85;;5;0;0;0;0;0
1039;344;20160813;8;250;50;60;90;184;;142;5;74;0;0;10215;75;8;77;;5;0;0;0;0;0
1040;344;20160813;9;250;60;60;100;190;;151;0;68;0;0;10216;75;8;78;;5;0;0;0;0;0
1041;344;20160813;10;250;60;60;100;191;;147;2;151;0;0;10220;75;8;76;;5;0;0;0;0;0
1042;344;20160813;11;260;60;60;90;194;;150;5;194;0;0;10220;75;8;76;;5;0;0;0;0;0
1043;344;20160813;12;260;60;70;100;208;163.0;155;8;233;0;0;10220;75;6;72;;5;0;0;0;0;0
1044;344;20160813;13;250;60;60;90;197;;155;3;163;0;0;10222;75;7;77;;5;0;0;0;0;0
1045;344;20160813;14;260;60;50;90;197;;156;1;125;0;0;10223;75;8;77;;5;0;0;0;0;0
1046;344;20160813;15;250;50;50;80;198;;157;2;117;0;0;10222;75;8;77;;5;0;0;0;0;0
1047;344;20160813;16;260;50;40;80;198;;156;1;98;0;0;10223;75;8;77;;5;0;0;0;0;0
1048;344;20160813;17;250;40;40;70;196;;161;4;58;0;0;10223;75;8;80;;5;0;0;0;0;0
1049;344;20160813;18;260;40;40;60;193;194.0;157;7;52;0;0;10223;75;2;80;;5;0;0;0;0;0
1050;344;20160813;19;260;20;20;50;180;;156;5;18;0;0;10224;70;0;86;;5;0;0;0;0;0
1051;344;20160813;20;230;20;20;30;161;;146;0;0;0;0;10226;65;3;91;;5;0;0;0;0;0
1052;344;20160813;21;250;10;10;30;160;;156;0;0;0;0;10227;62;7;97;;5;0;0;0;0;0
1053;344;20160813;22;270;20;10;20;164;;159;0;0;0;0;10226;61;4;97;;5;0;0;0;0;0
1054;344;20160813;23;260;10;10;10;157;;154;0;0;0;0;10227;56;2;98;10.0;7;0;0;0;0;0
1055;344;20160813;24;280;10;10;10;157;124.0;154;0;0;0;0;10226;50;8;98;10.0;7;0;0;0;0;0
1056;344;20160814;1;220;10;10;20;163;;160;0;0;0;0;10225;59;8;98;10.0;7;0;0;0;0;0
1057;344;20160814;2;330;10;10;20;163;;160;0;0;0;0;10223;56;8;98;10.0;7;0;0;0;0;0
1058;344;20160814;3;20;10;10;20;162;;159;0;0;0;0;10223;50;8;98;10.0;7;0;0;0;0;0
1059;344;20160814;4;0;10;0;10;158;;155;0;0;0;0;10225;22;8;98;10.0;7;0;0;0;0;0
1060;344;20160814;5;0;10;0;10;157;;157;0;2;0;0;10229;3;8;100;34.0;7;1;0;0;0;0
1061;344;20160814;6;300;10;10;10;164;140.0;157;0;21;0;0;10233;58;8;96;20.0;7;1;0;0;0;0
1062;344;20160814;7;280;10;10;10;176;;155;0;37;0;0;10235;70;8;87;;5;0;0;0;0;0
1063;344;20160814;8;300;10;20;30;191;;147;0;81;0;0;10238;75;8;76;;5;0;0;0;0;0
1064;344;20160814;9;300;20;20;30;201;;147;3;122;0;0;10239;75;7;71;;5;0;0;0;0;0
1065;344;20160814;10;310;20;20;40;207;;147;6;182;0;0;10241;80;7;69;;5;0;0;0;0;0
1066;344;20160814;11;310;30;30;60;200;;139;3;148;0;0;10242;80;8;68;;5;0;0;0;0;0
1067;344;20160814;12;300;40;40;60;214;166.0;126;4;201;0;0;10243;81;2;57;;5;0;0;0;0;0
1068;344;20160814;13;330;40;40;80;211;;130;8;266;0;0;10244;80;6;60;;5;0;0;0;0;0
1069;344;20160814;14;340;40;40;70;203;;129;6;199;0;0;10244;82;7;62;;5;0;0;0;0;0
1070;344;20160814;15;350;40;40;70;208;;130;6;170;0;0;10247;81;1;61;;5;0;0;0;0;0
1071;344;20160814;16;350;40;40;80;201;;125;10;173;0;0;10249;80;2;62;;5;0;0;0;0;0
1072;344;20160814;17;360;40;40;70;190;;119;10;93;0;0;10252;82;0;63;;5;0;0;0;0;0
1073;344;20160814;18;360;40;40;60;180;178.0;119;10;66;0;0;10251;80;0;68;;5;0;0;0;0;0
1074;344;20160814;19;360;30;30;50;165;;119;5;16;0;0;10254;75;4;74;;5;0;0;0;0;0
1075;344;20160814;20;350;20;20;30;151;;119;0;0;0;0;10257;70;1;81;;5;0;0;0;0;0
1076;344;20160814;21;350;20;20;30;144;;118;0;0;0;0;10259;70;4;84;;5;0;0;0;0;0
1077;344;20160814;22;20;10;10;20;138;;122;0;0;0;0;10259;70;8;90;;5;0;0;0;0;0
1078;344;20160814;23;0;10;0;20;125;;120;0;0;0;0;10261;65;3;97;;5;0;0;0;0;0
1079;344;20160814;24;340;10;10;10;115;71.0;112;0;0;0;0;10263;47;0;98;10.0;7;0;0;0;0;0
1080;344;20160815;1;0;10;0;10;116;;111;0;0;0;0;10262;65;8;97;20.0;7;1;0;0;0;0
1081;344;20160815;2;320;10;10;10;113;;108;0;0;0;0;10258;60;8;97;20.0;7;1;0;0;0;0
1082;344;20160815;3;340;10;10;20;126;;121;0;0;0;0;10258;65;8;97;2.0;7;0;0;0;0;0
1083;344;20160815;4;20;10;10;20;133;;128;0;0;0;0;10255;65;5;97;;5;0;0;0;0;0
1084;344;20160815;5;80;10;10;20;125;;121;0;4;0;0;10255;65;0;97;;5;0;0;0;0;0
1085;344;20160815;6;60;10;10;20;150;69.0;129;10;37;0;0;10257;70;0;87;2.0;7;0;0;0;0;0
1086;344;20160815;7;50;30;30;40;162;;130;10;93;0;0;10257;70;1;81;;5;0;0;0;0;0
1087;344;20160815;8;70;30;30;50;176;;128;10;153;0;0;10258;75;0;73;;5;0;0;0;0;0
1088;344;20160815;9;60;30;30;50;187;;122;10;206;0;0;10256;80;2;66;;5;0;0;0;0;0
1089;344;20160815;10;60;30;30;50;184;;107;8;181;0;0;10255;82;4;61;;5;0;0;0;0;0
1090;344;20160815;11;360;30;30;50;189;;106;3;155;0;0;10252;82;8;59;;5;0;0;0;0;0
1091;344;20160815;12;360;20;20;60;200;149.0;119;1;153;0;0;10249;79;8;60;;5;0;0;0;0;0
1092;344;20160815;13;30;30;30;60;204;;104;6;224;0;0;10245;80;3;53;;5;0;0;0;0;0
1093;344;20160815;14;70;40;50;80;213;;115;10;284;0;0;10240;80;3;54;;5;0;0;0;0;0
1094;344;20160815;15;70;40;30;70;217;;117;8;188;0;0;10236;80;2;53;;5;0;0;0;0;0
1095;344;20160815;16;70;40;30;70;211;;124;8;137;0;0;10230;81;3;58;;5;0;0;0;0;0
1096;344;20160815;17;70;40;50;70;200;;121;10;112;0;0;10227;81;0;60;;5;0;0;0;0;0
1097;344;20160815;18;50;50;50;70;185;183.0;125;10;63;0;0;10227;80;0;68;;5;0;0;0;0;0
1098;344;20160815;19;50;40;40;70;172;;120;5;15;0;0;10228;75;0;71;;5;0;0;0;0;0
1099;344;20160815;20;50;40;40;60;162;;125;0;0;0;0;10229;75;0;79;;5;0;0;0;0;0
1100;344;20160815;21;40;30;30;60;155;;123;0;0;0;0;10228;70;4;81;;5;0;0;0;0;0
1101;344;20160815;22;40;30;40;70;153;;122;0;0;0;0;10228;70;2;82;;5;0;0;0;0;0
1102;344;20160815;23;60;40;40;60;139;;116;0;0;0;0;10228;70;0;86;;5;0;0;0;0;0
1103;344;20160815;24;70;40;30;50;130;120.0;111;0;0;0;0;10224;70;3;88;;5;0;0;0;0;0
1104;344;20160816;1;60;30;30;50;120;;106;0;0;0;0;10223;65;7;91;;5;0;0;0;0;0
1105;344;20160816;2;50;30;20;40;119;;109;0;0;0;0;10221;65;4;94;;5;0;0;0;0;0
1106;344;20160816;3;40;20;20;30;114;;105;0;0;0;0;10218;65;6;94;;5;0;0;0;0;0
1107;344;20160816;4;40;20;10;30;114;;107;0;0;0;0;10216;65;7;95;;5;0;0;0;0;0
1108;344;20160816;5;30;10;10;20;113;;108;0;4;0;0;10213;65;7;97;;5;0;0;0;0;0
1109;344;20160816;6;70;20;30;40;140;73.0;119;10;41;0;0;10212;70;6;87;;5;0;0;0;0;0
1110;344;20160816;7;60;30;30;50;157;;121;7;83;0;0;10210;75;7;79;;5;0;0;0;0;0
1111;344;20160816;8;50;40;40;50;171;;125;9;136;0;0;10209;75;7;74;;5;0;0;0;0;0
1112;344;20160816;9;40;40;40;60;181;;134;5;137;0;0;10206;75;6;74;;5;0;0;0;0;0
1113;344;20160816;10;70;50;60;80;194;;123;10;230;0;0;10204;80;6;64;;5;0;0;0;0;0
1114;344;20160816;11;60;50;50;90;198;;112;9;239;0;0;10202;82;6;58;;5;0;0;0;0;0
1115;344;20160816;12;50;50;60;80;196;143.0;119;8;229;0;0;10198;81;6;61;;5;0;0;0;0;0
1116;344;20160816;13;70;50;50;80;207;;114;10;287;0;0;10194;81;6;55;;5;0;0;0;0;0
1117;344;20160816;14;50;50;60;80;211;;125;10;268;0;0;10188;81;4;58;;5;0;0;0;0;0
1118;344;20160816;15;70;50;40;80;212;;130;10;203;0;0;10184;80;2;59;;5;0;0;0;0;0
1119;344;20160816;16;50;40;40;70;207;;133;10;167;0;0;10180;80;0;63;;5;0;0;0;0;0
1120;344;20160816;17;40;50;50;70;200;;125;10;120;0;0;10175;81;0;62;;5;0;0;0;0;0
1121;344;20160816;18;40;50;50;80;188;183.0;125;10;62;0;0;10173;80;0;67;;5;0;0;0;0;0
1122;344;20160816;19;40;50;40;80;175;;122;5;13;0;0;10174;75;0;71;;5;0;0;0;0;0
1123;344;20160816;20;40;40;30;70;158;;118;0;0;0;0;10175;75;0;77;;5;0;0;0;0;0
1124;344;20160816;21;50;40;40;50;154;;118;0;0;0;0;10174;75;2;79;;5;0;0;0;0;0
1125;344;20160816;22;50;30;30;50;147;;119;0;0;0;0;10174;70;0;83;;5;0;0;0;0;0
1126;344;20160816;23;60;30;30;40;138;;118;0;0;0;0;10173;68;0;88;;5;0;0;0;0;0
1127;344;20160816;24;60;30;30;40;125;107.0;111;0;0;0;0;10172;65;0;91;;5;0;0;0;0;0
1128;344;20160817;1;50;20;20;30;123;;112;0;0;0;0;10170;64;0;93;;5;0;0;0;0;0
1129;344;20160817;2;40;20;20;30;122;;113;0;0;0;0;10166;61;0;94;;5;0;0;0;0;0
1130;344;20160817;3;50;20;20;30;115;;107;0;0;0;0;10163;61;0;95;;5;0;0;0;0;0
1131;344;20160817;4;50;30;30;40;121;;112;0;0;0;0;10158;61;0;94;;5;0;0;0;0;0
1132;344;20160817;5;50;30;30;50;115;;107;0;3;0;0;10155;60;0;95;;5;0;0;0;0;0
1133;344;20160817;6;80;40;40;60;147;80.0;120;10;32;0;0;10153;65;0;84;;5;0;0;0;0;0
1134;344;20160817;7;90;40;50;70;166;;124;10;85;0;0;10152;75;0;76;;5;0;0;0;0;0
1135;344;20160817;8;90;50;60;110;187;;122;10;144;0;0;10151;75;0;66;;5;0;0;0;0;0
1136;344;20160817;9;80;70;70;110;203;;108;10;199;0;0;10147;81;0;54;;5;0;0;0;0;0
1137;344;20160817;10;90;70;70;100;219;;117;10;243;0;0;10146;81;0;52;;5;0;0;0;0;0
1138;344;20160817;11;70;70;70;100;224;;108;10;272;0;0;10144;80;0;48;;5;0;0;0;0;0
1139;344;20160817;12;100;60;60;90;234;146.0;92;10;288;0;0;10140;82;0;40;;5;0;0;0;0;0
1140;344;20160817;13;90;50;50;90;241;;86;10;283;0;0;10135;81;0;37;;5;0;0;0;0;0
1141;344;20160817;14;70;50;50;90;243;;75;10;264;0;0;10132;81;0;34;;5;0;0;0;0;0
1142;344;20160817;15;70;60;50;90;242;;74;10;229;0;0;10128;81;0;34;;5;0;0;0;0;0
1143;344;20160817;16;60;50;60;100;240;;85;10;181;0;0;10124;82;0;37;;5;0;0;0;0;0
1144;344;20160817;17;80;50;40;80;232;;84;10;124;0;0;10121;82;0;39;;5;0;0;0;0;0
1145;344;20160817;18;110;40;30;70;220;210.0;92;10;64;0;0;10123;83;0;44;;5;0;0;0;0;0
1146;344;20160817;19;90;30;30;50;188;;88;5;12;0;0;10123;83;0;52;;5;0;0;0;0;0
1147;344;20160817;20;50;20;30;40;155;;100;0;0;0;0;10124;75;0;70;;5;0;0;0;0;0
1148;344;20160817;21;60;30;30;40;159;;104;0;0;0;0;10125;75;0;70;;5;0;0;0;0;0
1149;344;20160817;22;60;30;20;40;133;;99;0;0;0;0;10123;75;0;80;;5;0;0;0;0;0
1150;344;20160817;23;40;20;20;30;148;;105;0;0;0;0;10122;75;0;75;;5;0;0;0;0;0
1151;344;20160817;24;30;10;20;20;133;73.0;104;0;0;0;0;10120;70;0;83;;5;0;0;0;0;0
1152;344;20160818;1;40;20;20;30;129;;103;0;0;0;0;10116;70;0;84;;5;0;0;0;0;0
1153;344;20160818;2;40;20;20;30;123;;99;0;0;0;0;10111;70;0;85;;5;0;0;0;0;0
1154;344;20160818;3;30;20;20;30;118;;96;0;0;0;0;10107;70;0;86;;5;0;0;0;0;0
1155;344;20160818;4;20;10;10;30;111;;99;0;0;0;0;10107;65;0;92;;5;0;0;0;0;0
1156;344;20160818;5;30;20;10;30;110;;99;0;3;0;0;10108;65;0;93;;5;0;0;0;0;0
1157;344;20160818;6;40;20;20;40;134;61.0;115;10;33;0;0;10107;69;0;88;;5;0;0;0;0;0
1158;344;20160818;7;50;30;40;50;157;;120;10;89;0;0;10106;75;0;79;;5;0;0;0;0;0
1159;344;20160818;8;60;40;50;70;182;;117;10;150;0;0;10105;78;0;66;;5;0;0;0;0;0
1160;344;20160818;9;60;40;50;70;202;;118;10;203;0;0;10107;80;0;58;;5;0;0;0;0;0
1161;344;20160818;10;60;50;50;80;217;;116;10;245;0;0;10107;81;0;53;;5;0;0;0;0;0
1162;344;20160818;11;60;50;40;70;228;;110;10;266;0;0;10105;80;1;47;;5;0;0;0;0;0
1163;344;20160818;12;60;40;40;80;231;135.0;116;10;283;0;0;10102;77;2;48;;5;0;0;0;0;0
1164;344;20160818;13;40;30;30;70;237;;107;9;263;0;0;10100;80;0;44;;5;0;0;0;0;0
1165;344;20160818;14;60;30;20;60;241;;110;10;258;0;0;10098;81;1;44;;5;0;0;0;0;0
1166;344;20160818;15;50;30;20;50;241;;124;8;181;0;0;10097;81;2;48;;5;0;0;0;0;0
1167;344;20160818;16;60;30;30;60;232;;125;6;119;0;0;10096;81;0;51;;5;0;0;0;0;0
1168;344;20160818;17;60;30;30;50;229;;122;7;83;0;0;10098;81;4;51;;5;0;0;0;0;0
1169;344;20160818;18;10;30;30;40;213;206.0;127;10;57;0;0;10099;82;0;58;;5;0;0;0;0;0
1170;344;20160818;19;50;30;40;60;185;;126;3;13;0;0;10104;80;5;69;;5;0;0;0;0;0
1171;344;20160818;20;50;30;40;50;176;;135;0;0;0;0;10108;75;0;77;;5;0;0;0;0;0
1172;344;20160818;21;40;30;30;50;171;;136;0;0;0;0;10108;75;0;80;;5;0;0;0;0;0
1173;344;20160818;22;40;30;30;50;161;;138;0;0;0;0;10110;70;0;86;;5;0;0;0;0;0
1174;344;20160818;23;50;20;10;40;144;;133;0;0;0;0;10109;65;0;93;;5;0;0;0;0;0
1175;344;20160818;24;50;10;20;20;143;88.0;139;0;0;0;0;10108;58;0;97;10.0;7;0;0;0;0;0
1176;344;20160819;1;50;10;10;20;137;;134;0;0;0;0;10105;30;0;98;10.0;7;0;0;0;0;0
1177;344;20160819;2;50;10;10;20;135;;132;0;0;0;0;10101;39;0;98;10.0;7;0;0;0;0;0
1178;344;20160819;3;40;10;20;20;129;;126;0;0;0;0;10098;39;0;98;10.0;7;0;0;0;0;0
1179;344;20160819;4;40;20;20;20;130;;127;0;0;0;0;10096;36;0;98;10.0;7;0;0;0;0;0
1180;344;20160819;5;50;10;10;20;132;;129;0;3;0;0;10096;50;1;98;10.0;7;0;0;0;0;0
1181;344;20160819;6;120;20;20;40;155;69.0;137;10;35;0;0;10097;63;8;89;;5;0;0;0;0;0
1182;344;20160819;7;90;30;30;40;165;;138;4;63;0;0;10096;66;1;84;;5;0;0;0;0;0
1183;344;20160819;8;120;30;20;40;185;;136;5;109;0;0;10096;69;8;73;;5;0;0;0;0;0
1184;344;20160819;9;100;30;30;40;192;;141;0;97;0;0;10093;67;8;72;;5;0;0;0;0;0
1185;344;20160819;10;100;30;30;60;219;;141;4;160;0;0;10090;65;8;61;;5;0;0;0;0;0
1186;344;20160819;11;160;40;40;60;236;;141;8;246;0;0;10086;63;8;55;;5;0;0;0;0;0
1187;344;20160819;12;140;40;40;60;237;149.0;150;1;141;0;0;10080;62;8;58;;5;0;0;0;0;0
1188;344;20160819;13;140;40;30;60;234;;156;1;96;0;0;10080;62;8;62;;5;0;0;0;0;0
1189;344;20160819;14;170;40;40;60;225;;169;0;63;0;-1;10079;59;8;71;81.0;7;0;1;0;0;0
1190;344;20160819;15;160;40;40;70;227;;166;0;53;0;-1;10078;59;8;68;81.0;7;0;1;0;0;0
1191;344;20160819;16;170;40;40;70;224;;161;0;39;0;-1;10075;71;8;68;23.0;7;0;1;0;0;0
1192;344;20160819;17;170;40;40;70;220;;172;0;12;0;-1;10071;65;8;74;81.0;7;0;1;0;0;0
1193;344;20160819;18;170;40;40;80;216;210.0;178;0;5;0;-1;10069;65;8;79;23.0;7;0;1;0;0;0
1194;344;20160819;19;190;50;60;80;215;;171;0;2;0;0;10072;67;8;76;;5;0;0;0;0;0
1195;344;20160819;20;230;90;100;140;187;;165;0;0;0;-1;10081;61;8;87;81.0;7;0;1;0;0;0
1196;344;20160819;21;220;50;40;100;179;;166;0;0;6;3;10089;59;8;92;81.0;7;0;1;0;0;0
1197;344;20160819;22;180;50;30;100;167;;149;0;0;3;5;10087;70;6;89;23.0;7;0;1;0;0;0
1198;344;20160819;23;190;30;30;50;166;;148;0;0;0;0;10088;70;1;89;;5;0;0;0;0;0
1199;344;20160819;24;220;50;60;100;171;154.0;147;0;0;0;0;10086;70;8;86;3.0;7;0;0;0;0;0
1200;344;20160820;1;220;50;50;90;170;;152;0;0;0;0;10087;70;7;89;;5;0;0;0;0;0
1201;344;20160820;2;220;60;50;90;160;;143;0;0;0;0;10089;70;1;90;;5;0;0;0;0;0
1202;344;20160820;3;210;40;40;70;158;;140;0;0;0;0;10089;70;3;89;;5;0;0;0;0;0
1203;344;20160820;4;190;40;40;70;156;;141;0;0;0;0;10091;65;7;91;;5;0;0;0;0;0
1204;344;20160820;5;190;40;40;70;154;;143;0;2;0;0;10091;65;1;93;;5;0;0;0;0;0
1205;344;20160820;6;190;40;50;90;161;147.0;150;0;20;0;0;10094;64;7;93;;5;0;0;0;0;0
1206;344;20160820;7;180;50;50;80;166;;151;3;44;0;0;10095;61;4;91;;5;0;0;0;0;0
1207;344;20160820;8;200;60;50;90;178;;157;4;83;0;0;10098;60;4;88;;5;0;0;0;0;0
1208;344;20160820;9;180;60;60;100;183;;152;3;106;0;0;10101;61;8;82;;5;0;0;0;0;0
1209;344;20160820;10;210;60;70;100;196;;142;6;141;0;0;10100;72;5;71;;5;0;0;0;0;0
1210;344;20160820;11;220;70;70;110;216;;134;7;190;0;0;10101;75;7;60;;5;0;0;0;0;0
1211;344;20160820;12;210;80;80;110;210;159.0;121;7;210;0;0;10101;80;7;57;;5;0;0;0;0;0
1212;344;20160820;13;210;70;70;120;230;;104;6;154;0;0;10102;81;7;45;;5;0;0;0;0;0
1213;344;20160820;14;220;70;60;130;211;;115;3;99;0;0;10102;81;8;54;;5;0;0;0;0;0
1214;344;20160820;15;250;70;80;110;216;;131;9;201;0;0;10104;79;2;58;;5;0;0;0;0;0
1215;344;20160820;16;230;70;60;120;219;;118;10;162;0;0;10103;77;0;53;;5;0;0;0;0;0
1216;344;20160820;17;250;80;80;140;204;;117;10;110;0;0;10105;77;3;57;;5;0;0;0;0;0
1217;344;20160820;18;220;70;70;120;198;193.0;126;10;43;0;0;10111;74;8;63;;5;0;0;0;0;0
1218;344;20160820;19;220;70;40;120;176;;124;3;12;0;0;10112;75;1;72;;5;0;0;0;0;0
1219;344;20160820;20;200;40;40;60;173;;126;0;0;0;0;10114;75;0;74;;5;0;0;0;0;0
1220;344;20160820;21;190;50;50;80;176;;126;0;0;0;0;10116;75;8;72;;5;0;0;0;0;0
1221;344;20160820;22;210;70;70;130;173;;112;0;0;0;0;10116;75;7;67;;5;0;0;0;0;0
1222;344;20160820;23;210;80;80;140;171;;113;0;0;0;0;10113;72;8;69;;5;0;0;0;0;0
1223;344;20160820;24;210;90;90;140;169;158.0;117;0;0;0;0;10113;71;6;71;;5;0;0;0;0;0
1224;344;20160821;1;210;80;90;140;163;;119;0;0;0;0;10110;70;8;75;;5;0;0;0;0;0
1225;344;20160821;2;210;80;90;140;156;;128;0;0;2;2;10112;60;8;83;81.0;7;0;1;0;0;0
1226;344;20160821;3;200;80;70;130;150;;139;0;0;10;35;10110;58;8;93;82.0;7;0;1;0;0;0
1227;344;20160821;4;200;70;60;120;151;;139;0;0;10;8;10111;61;8;93;61.0;7;0;1;0;0;0
1228;344;20160821;5;200;70;70;120;151;;139;0;1;8;16;10111;64;8;93;26.0;7;0;1;0;1;0
1229;344;20160821;6;200;70;70;110;151;146.0;143;0;3;9;26;10117;59;8;95;82.0;7;0;1;0;0;0
1230;344;20160821;7;200;70;60;120;154;;146;0;13;10;17;10120;62;8;95;61.0;7;0;1;0;0;0
1231;344;20160821;8;210;60;60;100;162;;151;0;45;7;16;10123;56;8;93;63.0;7;0;1;0;0;0
1232;344;20160821;9;240;50;60;110;166;;149;0;31;8;53;10128;59;8;90;62.0;7;0;1;0;0;0
1233;344;20160821;10;250;70;70;110;165;;153;2;85;7;33;10138;57;7;93;81.0;7;0;1;0;0;0
1234;344;20160821;11;240;50;50;100;169;;161;1;75;8;23;10144;57;8;95;52.0;7;0;1;0;1;0
1235;344;20160821;12;260;50;60;110;189;148.0;148;4;139;3;3;10151;75;7;77;23.0;7;0;1;0;0;0
1236;344;20160821;13;270;60;50;110;190;;158;3;140;1;2;10160;67;7;82;23.0;7;0;1;0;0;0
1237;344;20160821;14;260;70;70;110;194;;153;4;124;1;4;10168;75;8;77;23.0;7;0;1;0;0;0
1238;344;20160821;15;260;70;70;120;198;;150;7;160;0;0;10174;75;6;74;1.0;7;0;0;0;0;0
1239;344;20160821;16;250;70;70;110;198;;146;10;175;0;0;10179;75;4;72;;5;0;0;0;0;0
1240;344;20160821;17;250;70;70;110;189;;141;10;99;0;0;10186;75;4;74;;5;0;0;0;0;0
1241;344;20160821;18;240;60;50;100;187;176.0;144;5;34;0;0;10190;75;4;76;2.0;7;0;0;0;0;0
1242;344;20160821;19;240;60;60;100;178;;144;3;10;0;0;10197;71;2;80;;5;0;0;0;0;0
1243;344;20160821;20;230;60;60;100;178;;149;0;0;0;0;10203;66;6;83;;5;0;0;0;0;0
1244;344;20160821;21;230;60;70;100;176;;151;0;0;0;0;10204;63;4;85;;5;0;0;0;0;0
1245;344;20160821;22;220;70;70;120;171;;146;0;0;0;0;10205;64;1;85;;5;0;0;0;0;0
1246;344;20160821;23;220;60;60;100;164;;144;0;0;0;0;10206;63;6;88;;5;0;0;0;0;0
1247;344;20160821;24;210;60;50;90;165;157.0;147;0;0;0;0;10209;62;8;89;;5;0;0;0;0;0
1248;344;20160822;1;210;50;50;80;167;;149;0;0;0;0;10210;62;8;89;;5;0;0;0;0;0
1249;344;20160822;2;200;50;50;90;165;;154;0;0;9;3;10206;62;8;93;51.0;7;0;1;0;0;0
1250;344;20160822;3;200;50;50;70;162;;157;0;0;9;7;10206;50;8;97;52.0;7;0;1;0;0;0
1251;344;20160822;4;220;50;50;80;167;;164;0;0;10;12;10207;32;8;98;82.0;7;0;1;0;0;0
1252;344;20160822;5;230;50;50;90;171;;167;0;1;10;6;10210;34;8;97;52.0;7;0;1;0;0;0
1253;344;20160822;6;240;60;50;90;175;159.0;170;0;3;9;4;10214;34;8;97;81.0;7;0;1;0;0;0
1254;344;20160822;7;240;60;60;90;178;;170;0;9;2;1;10218;56;8;95;51.0;7;0;1;0;0;0
1255;344;20160822;8;240;60;60;110;180;;171;0;25;4;2;10224;61;8;94;57.0;7;0;1;0;0;0
1256;344;20160822;9;240;60;60;90;183;;171;0;50;9;2;10227;60;8;93;61.0;7;0;1;0;0;0
1257;344;20160822;10;230;60;60;100;196;;177;1;87;0;-1;10229;65;8;89;51.0;7;0;1;0;0;0
1258;344;20160822;11;240;70;70;110;196;;168;2;118;0;-1;10236;66;8;84;22.0;7;0;1;0;0;0
1259;344;20160822;12;240;70;70;100;206;173.0;173;1;110;0;0;10241;67;8;81;2.0;7;0;0;0;0;0
1260;344;20160822;13;250;80;70;120;217;;161;8;253;0;0;10242;73;8;70;;5;0;0;0;0;0
1261;344;20160822;14;240;90;100;140;221;;125;7;224;0;0;10243;79;8;54;;5;0;0;0;0;0
1262;344;20160822;15;250;100;90;140;223;;131;10;217;0;0;10244;80;3;56;;5;0;0;0;0;0
1263;344;20160822;16;250;100;90;170;216;;127;10;167;0;0;10246;80;0;57;;5;0;0;0;0;0
1264;344;20160822;17;240;90;100;140;210;;132;10;109;0;0;10248;81;0;61;;5;0;0;0;0;0
1265;344;20160822;18;240;70;70;130;200;194.0;135;10;53;0;0;10250;80;0;66;;5;0;0;0;0;0
1266;344;20160822;19;240;60;60;100;187;;136;3;8;0;0;10251;75;0;72;;5;0;0;0;0;0
1267;344;20160822;20;240;60;60;90;182;;132;0;0;0;0;10253;75;0;73;;5;0;0;0;0;0
1268;344;20160822;21;230;50;40;80;175;;135;0;0;0;0;10254;75;0;77;;5;0;0;0;0;0
1269;344;20160822;22;250;30;40;60;175;;142;0;0;0;0;10255;70;0;81;;5;0;0;0;0;0
1270;344;20160822;23;230;40;40;50;177;;149;0;0;0;0;10255;70;8;84;;5;0;0;0;0;0
1271;344;20160822;24;210;30;20;50;182;155.0;155;0;0;0;0;10254;70;8;84;;5;0;0;0;0;0
1272;344;20160823;1;210;20;20;30;182;;157;0;0;0;0;10254;70;8;85;;5;0;0;0;0;0
1273;344;20160823;2;200;20;20;30;178;;158;0;0;0;0;10254;70;8;88;;5;0;0;0;0;0
1274;344;20160823;3;210;20;10;30;177;;159;0;0;0;0;10255;70;8;89;;5;0;0;0;0;0
1275;344;20160823;4;180;10;20;20;174;;154;0;0;0;0;10257;70;8;88;;5;0;0;0;0;0
1276;344;20160823;5;180;30;30;40;163;;143;0;2;0;0;10259;70;4;88;;5;0;0;0;0;0
1277;344;20160823;6;190;30;30;70;172;155.0;144;10;26;0;0;10262;70;0;84;;5;0;0;0;0;0
1278;344;20160823;7;220;20;20;50;191;;152;7;70;0;0;10265;73;0;78;;5;0;0;0;0;0
1279;344;20160823;8;150;20;20;40;212;;160;10;133;0;0;10263;74;0;72;;5;0;0;0;0;0
1280;344;20160823;9;180;30;30;60;224;;161;10;185;0;0;10262;71;0;68;;5;0;0;0;0;0
1281;344;20160823;10;190;30;30;50;238;;150;10;230;0;0;10261;65;0;58;;5;0;0;0;0;0
1282;344;20160823;11;180;30;30;50;250;;140;10;257;0;0;10257;77;0;50;;5;0;0;0;0;0
1283;344;20160823;12;220;30;30;50;265;172.0;145;10;259;0;0;10254;81;0;48;;5;0;0;0;0;0
1284;344;20160823;13;160;30;30;50;266;;150;10;261;0;0;10253;81;0;49;;5;0;0;0;0;0
1285;344;20160823;14;160;20;20;50;271;;147;10;241;0;0;10248;81;1;47;;5;0;0;0;0;0
1286;344;20160823;15;160;30;30;50;276;;151;10;197;0;0;10242;80;0;46;;5;0;0;0;0;0
1287;344;20160823;16;160;20;30;50;276;;159;10;156;0;0;10238;79;0;49;;5;0;0;0;0;0
1288;344;20160823;17;120;30;30;60;270;;174;10;98;0;0;10234;81;0;56;;5;0;0;0;0;0
1289;344;20160823;18;100;30;30;60;257;244.0;177;10;43;0;0;10231;80;0;61;;5;0;0;0;0;0
1290;344;20160823;19;90;30;30;50;234;;178;2;7;0;0;10231;75;0;71;;5;0;0;0;0;0
1291;344;20160823;20;90;30;30;40;224;;176;0;0;0;0;10232;75;0;74;;5;0;0;0;0;0
1292;344;20160823;21;100;30;40;50;221;;174;0;0;0;0;10229;75;0;75;;5;0;0;0;0;0
1293;344;20160823;22;110;40;40;60;223;;171;0;0;0;0;10226;75;2;72;;5;0;0;0;0;0
1294;344;20160823;23;110;40;30;60;218;;170;0;0;0;0;10223;70;0;74;;5;0;0;0;0;0
1295;344;20160823;24;100;30;30;40;205;188.0;167;0;0;0;0;10219;68;0;79;;5;0;0;0;0;0
1296;344;20160824;1;90;30;30;50;193;;163;0;0;0;0;10215;65;0;83;;5;0;0;0;0;0
1297;344;20160824;2;110;30;30;40;196;;161;0;0;0;0;10213;67;0;80;;5;0;0;0;0;0
1298;344;20160824;3;120;20;20;40;195;;158;0;0;0;0;10210;71;0;79;;5;0;0;0;0;0
1299;344;20160824;4;110;10;10;20;166;;149;0;0;0;0;10210;65;0;90;;5;0;0;0;0;0
1300;344;20160824;5;110;10;10;20;172;;154;0;1;0;0;10211;70;0;89;;5;0;0;0;0;0
1301;344;20160824;6;110;10;10;20;213;139.0;161;8;28;0;0;10214;75;0;72;;5;0;0;0;0;0
1302;344;20160824;7;150;20;30;50;233;;156;10;80;0;0;10213;78;0;62;;5;0;0;0;0;0
1303;344;20160824;8;160;30;30;50;250;;158;10;135;0;0;10210;80;0;57;;5;0;0;0;0;0
1304;344;20160824;9;150;30;40;70;263;;161;10;185;0;0;10207;80;0;53;;5;0;0;0;0;0
1305;344;20160824;10;160;30;40;60;272;;168;10;228;0;0;10205;81;0;53;;5;0;0;0;0;0
1306;344;20160824;11;140;40;40;80;288;;177;10;256;0;0;10201;78;0;51;;5;0;0;0;0;0
1307;344;20160824;12;140;40;40;80;301;205.0;178;10;266;0;0;10196;81;0;48;;5;0;0;0;0;0
1308;344;20160824;13;150;40;40;80;309;;183;10;262;0;0;10193;80;0;47;;5;0;0;0;0;0
1309;344;20160824;14;140;40;40;70;314;;189;10;241;0;0;10189;81;0;48;;5;0;0;0;0;0
1310;344;20160824;15;160;40;40;80;317;;167;10;206;0;0;10186;80;0;41;;5;0;0;0;0;0
1311;344;20160824;16;150;40;40;90;318;;168;10;159;0;0;10184;81;0;41;;5;0;0;0;0;0
1312;344;20160824;17;150;40;50;70;309;;175;10;104;0;0;10181;82;0;45;;5;0;0;0;0;0
1313;344;20160824;18;120;40;30;60;287;265.0;172;10;45;0;0;10181;82;0;50;;5;0;0;0;0;0
1314;344;20160824;19;100;30;20;50;261;;176;0;4;0;0;10185;83;0;60;;5;0;0;0;0;0
1315;344;20160824;20;110;20;30;40;245;;174;0;0;0;0;10184;80;3;65;;5;0;0;0;0;0
1316;344;20160824;21;110;20;20;40;239;;177;0;0;0;0;10179;80;0;68;;5;0;0;0;0;0
1317;344;20160824;22;100;20;20;30;213;;172;0;0;0;0;10176;75;0;77;;5;0;0;0;0;0
1318;344;20160824;23;80;20;20;30;223;;177;0;0;0;0;10176;70;0;75;;5;0;0;0;0;0
1319;344;20160824;24;70;10;10;20;191;154.0;172;0;0;0;0;10174;62;0;89;;5;0;0;0;0;0
1320;344;20160825;1;60;10;10;20;195;;175;0;0;0;0;10168;64;0;88;;5;0;0;0;0;0
1321;344;20160825;2;60;10;10;10;177;;169;0;0;0;0;10169;59;0;95;10.0;7;0;0;0;0;0
1322;344;20160825;3;70;10;10;10;169;;164;0;0;0;0;10162;60;0;97;;5;0;0;0;0;0
1323;344;20160825;4;180;10;10;10;177;;171;0;0;0;0;10161;60;0;96;;5;0;0;0;0;0
1324;344;20160825;5;50;20;20;50;169;;162;0;2;0;0;10163;58;2;96;10.0;7;0;0;0;0;0
1325;344;20160825;6;120;10;10;40;208;130.0;184;10;26;0;0;10162;70;4;86;;5;0;0;0;0;0
1326;344;20160825;7;160;20;40;50;244;;169;10;77;0;0;10160;81;2;63;;5;0;0;0;0;0
1327;344;20160825;8;160;40;40;60;261;;167;10;134;0;0;10158;81;0;56;;5;0;0;0;0;0
1328;344;20160825;9;150;40;40;60;275;;183;10;189;0;0;10155;81;1;57;;5;0;0;0;0;0
1329;344;20160825;10;150;40;30;50;288;;182;10;231;0;0;10153;81;0;53;;5;0;0;0;0;0
1330;344;20160825;11;170;30;20;60;300;;182;10;255;0;0;10149;80;0;49;;5;0;0;0;0;0
1331;344;20160825;12;160;40;40;100;312;201.0;176;10;269;0;0;10145;82;2;44;;5;0;0;0;0;0
1332;344;20160825;13;150;30;30;60;316;;180;10;261;0;0;10145;80;2;44;;5;0;0;0;0;0
1333;344;20160825;14;170;30;30;60;320;;171;10;241;0;0;10142;81;0;41;;5;0;0;0;0;0
1334;344;20160825;15;210;30;30;60;322;;179;10;205;0;0;10138;81;0;43;;5;0;0;0;0;0
1335;344;20160825;16;150;30;20;70;318;;184;10;154;0;0;10134;81;0;45;;5;0;0;0;0;0
1336;344;20160825;17;180;30;30;60;308;;190;10;94;0;0;10131;81;0;49;;5;0;0;0;0;0
1337;344;20160825;18;180;30;20;70;296;275.0;192;10;43;0;0;10130;82;0;54;;5;0;0;0;0;0
1338;344;20160825;19;60;10;10;30;248;;204;2;5;0;0;10130;75;0;77;;5;0;0;0;0;0
1339;344;20160825;20;100;10;10;20;242;;204;0;0;0;0;10131;75;1;79;;5;0;0;0;0;0
1340;344;20160825;21;100;10;10;20;232;;199;0;0;0;0;10129;70;4;82;;5;0;0;0;0;0
1341;344;20160825;22;150;20;30;40;239;;196;0;0;0;0;10126;75;4;77;;5;0;0;0;0;0
1342;344;20160825;23;170;30;30;40;251;;192;0;0;0;0;10125;75;2;70;;5;0;0;0;0;0
1343;344;20160825;24;250;20;10;50;222;187.0;195;0;0;0;0;10127;70;2;85;;5;0;0;0;0;0
1344;344;20160826;1;270;10;10;20;214;;199;0;0;0;0;10128;65;0;91;;5;0;0;0;0;0
1345;344;20160826;2;260;10;10;30;206;;187;0;0;0;0;10132;42;0;89;10.0;7;0;0;0;0;0
1346;344;20160826;3;290;20;20;40;197;;183;0;0;0;0;10137;16;0;92;10.0;7;0;0;0;0;0
1347;344;20160826;4;260;10;20;30;194;;181;0;0;0;0;10142;22;1;92;10.0;7;0;0;0;0;0
1348;344;20160826;5;250;10;10;30;185;;177;0;1;0;-1;10140;18;0;95;23.0;7;0;1;0;0;0
1349;344;20160826;6;290;10;20;40;196;162.0;183;3;19;0;0;10151;14;3;92;10.0;7;0;0;0;0;0
1350;344;20160826;7;320;30;30;60;214;;191;2;57;0;0;10157;57;3;87;10.0;7;0;0;0;0;0
1351;344;20160826;8;350;30;20;60;216;;185;9;103;0;0;10159;61;0;83;;5;0;0;0;0;0
1352;344;20160826;9;360;20;30;50;233;;187;10;172;0;0;10168;69;0;75;;5;0;0;0;0;0
1353;344;20160826;10;340;30;30;50;231;;186;9;215;0;0;10174;73;3;76;;5;0;0;0;0;0
1354;344;20160826;11;350;30;40;60;235;;182;9;240;0;0;10176;75;0;72;;5;0;0;0;0;0
1355;344;20160826;12;350;30;30;60;238;192.0;165;9;239;0;0;10183;82;8;64;;5;0;0;0;0;0
1356;344;20160826;13;340;30;30;50;231;;167;6;168;0;0;10186;80;5;67;;5;0;0;0;0;0
1357;344;20160826;14;360;30;30;60;237;;168;9;212;0;0;10186;80;2;65;;5;0;0;0;0;0
1358;344;20160826;15;360;30;30;50;239;;161;10;193;0;0;10185;81;0;62;;5;0;0;0;0;0
1359;344;20160826;16;350;30;30;50;235;;147;10;144;0;0;10188;83;0;58;;5;0;0;0;0;0
1360;344;20160826;17;340;40;30;60;220;;157;8;84;0;0;10189;80;0;67;;5;0;0;0;0;0
1361;344;20160826;18;360;30;20;50;206;200.0;158;8;37;0;0;10190;75;4;74;;5;0;0;0;0;0
1362;344;20160826;19;20;20;20;40;192;;157;2;4;0;0;10193;75;0;80;;5;0;0;0;0;0
1363;344;20160826;20;360;20;10;30;183;;154;0;0;0;0;10199;70;4;83;;5;0;1;0;0;0
1364;344;20160826;21;10;20;20;30;182;;150;0;0;0;0;10201;70;0;82;;5;0;0;0;0;0
1365;344;20160826;22;30;20;10;30;177;;122;0;0;0;0;10202;75;0;70;;5;0;0;0;0;0
1366;344;20160826;23;40;20;20;30;172;;142;0;0;0;0;10202;70;7;83;;5;0;0;0;0;0
1367;344;20160826;24;50;20;20;30;167;153.0;145;0;0;0;0;10202;68;0;87;;5;0;0;0;0;0
1368;344;20160827;1;40;20;20;40;169;;153;0;0;0;0;10203;65;1;90;;5;0;0;0;0;0
1369;344;20160827;2;60;20;30;30;163;;154;0;0;0;0;10203;61;6;94;;5;0;0;0;0;0
1370;344;20160827;3;70;30;30;40;170;;159;0;0;0;0;10202;61;2;93;;5;0;0;0;0;0
1371;344;20160827;4;40;30;20;50;164;;155;0;0;0;0;10200;59;0;94;10.0;7;0;0;0;0;0
1372;344;20160827;5;60;30;30;40;165;;157;0;1;0;0;10199;59;0;95;10.0;7;0;0;0;0;0
1373;344;20160827;6;60;40;40;60;173;153.0;162;2;18;0;0;10197;59;3;93;10.0;7;0;0;0;0;0
1374;344;20160827;7;60;40;50;70;186;;164;5;59;0;0;10198;67;1;87;;5;0;0;0;0;0
1375;344;20160827;8;70;50;60;80;202;;157;10;118;0;0;10195;75;0;75;;5;0;0;0;0;0
1376;344;20160827;9;70;60;70;90;224;;154;10;167;0;0;10192;80;0;65;;5;0;0;0;0;0
1377;344;20160827;10;60;70;70;100;235;;146;10;213;0;0;10186;82;0;57;;5;0;0;0;0;0
1378;344;20160827;11;70;60;70;100;249;;150;10;241;0;0;10179;82;0;54;;5;0;0;0;0;0
1379;344;20160827;12;60;70;70;100;263;172.0;159;10;250;0;0;10173;81;2;53;;5;0;0;0;0;0
1380;344;20160827;13;60;70;60;100;266;;165;10;244;0;0;10166;80;3;54;;5;0;0;0;0;0
1381;344;20160827;14;70;70;70;100;271;;171;10;217;0;0;10157;81;4;54;;5;0;0;0;0;0
1382;344;20160827;15;70;70;70;100;265;;173;10;184;0;0;10150;80;4;57;;5;0;0;0;0;0
1383;344;20160827;16;70;70;50;100;266;;181;10;151;0;0;10144;81;4;60;;5;0;0;0;0;0
1384;344;20160827;17;70;60;60;100;259;;182;10;89;0;0;10136;80;4;63;;5;0;0;0;0;0
1385;344;20160827;18;90;50;40;80;256;247.0;189;10;37;0;0;10133;80;8;67;;5;0;0;0;0;0
1386;344;20160827;19;110;30;30;60;249;;187;2;4;0;0;10135;80;1;68;;5;0;0;0;0;0
1387;344;20160827;20;90;30;20;50;234;;189;0;0;0;0;10129;75;0;76;;5;0;0;0;0;0
1388;344;20160827;21;90;10;10;30;226;;190;0;0;0;0;10125;75;0;80;;5;0;0;0;0;0
1389;344;20160827;22;110;10;10;30;218;;190;0;0;0;0;10126;70;0;84;;5;0;0;0;0;0
1390;344;20160827;23;0;10;0;50;212;;193;0;0;0;0;10123;70;0;89;;5;0;0;0;0;0
1391;344;20160827;24;200;10;20;20;197;161.0;190;0;0;0;0;10118;60;0;96;;5;0;0;0;0;0
1392;344;20160828;1;210;20;20;30;191;;185;0;0;0;0;10117;59;1;96;10.0;7;0;0;0;0;0
1393;344;20160828;2;210;20;20;30;188;;178;0;0;0;0;10116;59;0;94;10.0;7;0;0;0;0;0
1394;344;20160828;3;150;20;20;30;201;;191;0;0;0;0;10110;56;0;94;10.0;7;0;0;0;0;0
1395;344;20160828;4;160;30;20;50;204;;187;0;0;0;0;10108;56;0;90;10.0;7;0;0;0;0;0
1396;344;20160828;5;250;10;10;20;191;;184;0;1;0;0;10108;22;0;96;10.0;7;0;0;0;0;0
1397;344;20160828;6;290;20;20;110;207;153.0;191;5;15;0;-1;10109;42;4;91;26.0;7;0;1;0;1;0
1398;344;20160828;7;260;20;20;80;214;;194;5;46;0;-1;10110;50;7;88;92.0;7;0;1;0;1;0
1399;344;20160828;8;230;30;20;80;214;;199;0;31;5;80;10113;57;6;91;26.0;7;0;1;0;1;0
1400;344;20160828;9;250;50;60;100;220;;191;7;153;0;0;10121;60;7;84;3.0;7;0;0;0;0;0
1401;344;20160828;10;250;70;80;110;211;;183;4;155;0;0;10127;64;8;84;;5;0;0;0;0;0
1402;344;20160828;11;260;80;80;120;204;;159;7;213;0;0;10134;75;4;75;;5;0;0;0;0;0
1403;344;20160828;12;260;80;80;130;209;195.0;157;10;254;0;0;10137;75;6;72;3.0;7;0;0;0;0;0
1404;344;20160828;13;250;80;80;130;219;;150;8;222;0;0;10140;77;4;65;;5;0;0;0;0;0
1405;344;20160828;14;250;80;80;150;210;;150;7;194;0;0;10143;77;4;69;;5;0;0;0;0;0
1406;344;20160828;15;240;90;90;140;214;;152;2;104;0;0;10141;80;8;68;;5;0;0;0;0;0
1407;344;20160828;16;240;100;100;150;215;;147;8;120;0;0;10142;80;6;65;;5;0;0;0;0;0
1408;344;20160828;17;240;90;100;160;204;;145;8;89;0;0;10142;80;1;69;;5;0;0;0;0;0
1409;344;20160828;18;250;80;70;130;195;186.0;146;5;26;0;0;10144;75;0;73;;5;0;0;0;0;0
1410;344;20160828;19;240;80;70;130;186;;148;0;3;0;0;10149;75;4;79;;5;0;0;0;0;0
1411;344;20160828;20;240;70;60;110;185;;153;0;0;0;0;10152;70;5;82;;5;0;0;0;0;0
1412;344;20160828;21;240;50;40;100;183;;157;0;0;0;0;10153;69;6;85;;5;0;0;0;0;0
1413;344;20160828;22;240;50;60;80;189;;159;0;0;0;0;10153;70;8;83;;5;0;0;0;0;0
1414;344;20160828;23;240;50;50;90;190;;159;0;0;0;0;10153;70;8;82;;5;0;0;0;0;0
1415;344;20160828;24;250;50;50;80;189;174.0;161;0;0;0;-1;10152;70;8;84;23.0;7;0;1;0;0;0
1416;344;20160829;1;290;40;30;80;175;;166;0;0;5;24;10152;65;7;94;23.0;7;0;1;0;0;0
1417;344;20160829;2;250;20;30;40;171;;164;0;0;0;-1;10156;61;8;96;22.0;7;0;1;0;0;0
1418;344;20160829;3;280;20;20;30;166;;153;0;0;0;0;10161;65;8;92;2.0;7;0;0;0;0;0
1419;344;20160829;4;290;20;20;30;163;;146;0;0;0;0;10164;70;1;90;;5;0;0;0;0;0
1420;344;20160829;5;280;20;10;30;149;;139;0;0;0;0;10169;65;0;94;;5;0;0;0;0;0
1421;344;20160829;6;260;10;10;20;161;126.0;151;3;17;0;0;10176;65;5;94;3.0;7;0;0;0;0;0
1422;344;20160829;7;270;10;20;20;179;;155;0;30;0;0;10181;70;8;86;;5;0;0;0;0;0
1423;344;20160829;8;340;20;20;40;183;;155;0;30;0;-1;10189;70;7;84;81.0;7;0;1;0;0;0
1424;344;20160829;9;350;20;20;50;186;;160;1;49;0;-1;10194;70;8;85;23.0;7;0;1;0;0;0
1425;344;20160829;10;340;30;40;60;198;;156;6;155;0;0;10200;75;3;77;;5;0;0;0;0;0
1426;344;20160829;11;340;40;30;60;202;;143;6;196;0;0;10205;80;7;69;;5;0;0;0;0;0
1427;344;20160829;12;340;40;40;80;207;154.0;143;5;180;0;0;10209;80;4;67;1.0;7;0;0;0;0;0
1428;344;20160829;13;340;50;50;80;207;;148;7;201;0;0;10214;80;3;69;;5;0;0;0;0;0
1429;344;20160829;14;340;40;50;70;205;;129;10;223;0;0;10217;82;1;62;;5;0;0;0;0;0
1430;344;20160829;15;340;50;40;80;194;;125;10;183;0;0;10220;81;0;64;;5;0;0;0;0;0
1431;344;20160829;16;340;40;30;70;196;;128;10;150;0;0;10225;80;2;65;;5;0;0;0;0;0
1432;344;20160829;17;340;30;30;60;187;;127;10;92;0;0;10229;80;1;68;;5;0;0;0;0;0
1433;344;20160829;18;340;30;20;50;175;165.0;127;10;38;0;0;10232;75;0;73;;5;0;0;0;0;0
1434;344;20160829;19;320;20;20;40;145;;117;0;4;0;0;10237;70;0;83;;5;0;0;0;0;0
1435;344;20160829;20;340;10;10;30;137;;119;0;0;0;0;10243;70;2;89;;5;0;0;0;0;0
1436;344;20160829;21;0;0;0;10;132;;121;0;0;0;0;10247;65;0;93;;5;0;0;0;0;0
1437;344;20160829;22;0;0;0;10;127;;122;0;0;0;0;10251;65;0;97;;5;0;0;0;0;0
1438;344;20160829;23;140;0;10;10;123;;118;0;0;0;0;10253;65;0;97;;5;0;0;0;0;0
1439;344;20160829;24;290;10;10;10;109;71.0;104;0;0;0;0;10254;62;0;97;;5;0;0;0;0;0
1440;344;20160830;1;280;10;10;10;109;;106;0;0;0;0;10254;17;0;98;20.0;7;1;0;0;0;0
1441;344;20160830;2;170;10;10;20;108;;103;0;0;0;0;10255;65;0;97;20.0;7;1;0;0;0;0
1442;344;20160830;3;160;0;10;10;106;;103;0;0;0;0;10256;30;0;98;10.0;7;0;0;0;0;0
1443;344;20160830;4;140;10;10;10;119;;114;0;0;0;0;10256;63;0;97;;5;0;0;0;0;0
1444;344;20160830;5;150;10;10;20;121;;116;0;0;0;0;10255;65;0;97;;5;0;0;0;0;0
1445;344;20160830;6;160;20;10;40;140;69.0;131;2;16;0;0;10258;65;0;94;2.0;7;0;0;0;0;0
1446;344;20160830;7;190;10;20;30;170;;138;10;67;0;0;10264;70;0;81;;5;0;0;0;0;0
1447;344;20160830;8;200;20;20;40;185;;140;10;125;0;0;10265;75;0;75;;5;0;0;0;0;0
1448;344;20160830;9;180;20;20;60;200;;137;10;175;0;0;10267;75;0;67;;5;0;0;0;0;0
1449;344;20160830;10;160;20;30;50;212;;130;10;212;0;0;10266;80;0;59;;5;0;0;0;0;0
1450;344;20160830;11;190;20;20;50;222;;122;10;222;0;0;10264;81;0;53;;5;0;0;0;0;0
1451;344;20160830;12;160;20;20;60;228;139.0;126;10;261;0;0;10261;80;6;53;;5;0;0;0;0;0
1452;344;20160830;13;280;20;20;50;230;;127;10;252;0;0;10256;82;6;52;;5;0;0;0;0;0
1453;344;20160830;14;340;20;20;40;220;;126;7;195;0;0;10251;80;1;55;;5;0;0;0;0;0
1454;344;20160830;15;350;20;20;50;229;;160;10;195;0;0;10247;80;3;65;;5;0;0;0;0;0
1455;344;20160830;16;330;30;30;50;224;;159;10;142;0;0;10243;80;7;67;;5;0;0;0;0;0
1456;344;20160830;17;360;30;30;50;208;;157;5;62;0;0;10240;75;0;73;;5;0;0;0;0;0
1457;344;20160830;18;10;20;20;40;195;184.0;153;10;33;0;0;10240;75;0;77;;5;0;0;0;0;0
1458;344;20160830;19;50;20;20;30;163;;137;0;3;0;0;10240;70;0;85;;5;0;0;0;0;0
1459;344;20160830;20;50;20;10;30;160;;136;0;0;0;0;10239;70;0;86;;5;0;0;0;0;0
1460;344;20160830;21;50;10;10;20;157;;144;0;0;0;0;10237;65;0;92;;5;0;0;0;0;0
1461;344;20160830;22;40;10;10;10;141;;136;0;0;0;0;10234;62;0;97;;5;0;0;0;0;0
1462;344;20160830;23;360;10;10;10;130;;127;0;0;0;0;10232;30;0;98;10.0;7;0;0;0;0;0
1463;344;20160830;24;30;10;10;10;138;82.0;137;0;0;0;0;10226;7;0;99;34.0;7;1;0;0;0;0
1464;344;20160831;1;0;0;0;10;125;;122;0;0;0;0;10222;25;0;98;20.0;7;1;0;0;0;0
1465;344;20160831;2;50;10;10;10;120;;117;0;0;0;0;10218;50;0;98;10.0;7;0;0;0;0;0
1466;344;20160831;3;10;10;10;10;121;;118;0;0;0;0;10214;50;0;98;10.0;7;0;0;0;0;0
1467;344;20160831;4;70;10;10;10;107;;104;0;0;0;0;10207;57;0;98;10.0;7;0;0;0;0;0
1468;344;20160831;5;60;10;10;10;113;;110;0;0;0;0;10206;30;0;98;10.0;7;0;0;0;0;0
1469;344;20160831;6;70;10;10;30;136;65.0;128;7;18;0;0;10204;62;0;95;2.0;7;0;0;0;0;0
1470;344;20160831;7;150;10;20;30;173;;142;10;66;0;0;10204;65;0;82;;5;0;0;0;0;0
1471;344;20160831;8;170;20;10;30;196;;128;10;122;0;0;10204;66;0;65;;5;0;0;0;0;0
1472;344;20160831;9;230;10;10;30;215;;136;10;172;0;0;10204;71;1;61;;5;0;0;0;0;0
1473;344;20160831;10;270;20;20;30;227;;117;10;215;0;0;10202;69;1;50;;5;0;0;0;0;0
1474;344;20160831;11;260;20;20;50;231;;119;10;243;0;0;10200;73;0;49;;5;0;0;0;0;0
1475;344;20160831;12;270;30;30;60;238;137.0;121;10;254;0;0;10200;69;2;48;;5;0;0;0;0;0
1476;344;20160831;13;240;40;40;70;245;;133;10;234;0;0;10197;75;2;50;;5;0;0;0;0;0
1477;344;20160831;14;250;40;40;60;237;;137;7;173;0;0;10196;79;3;53;;5;0;0;0;0;0
1478;344;20160831;15;260;40;40;80;242;;129;10;186;0;0;10195;82;0;49;;5;0;0;0;0;0
1479;344;20160831;16;260;50;50;90;223;;146;9;121;0;0;10198;77;6;62;;5;0;0;0;0;0
1480;344;20160831;17;280;30;20;60;209;;158;3;55;0;0;10197;63;1;73;;5;0;0;0;0;0
1481;344;20160831;18;280;20;20;50;196;187.0;141;10;33;0;0;10198;72;1;71;;5;0;0;0;0;0
1482;344;20160831;19;250;20;20;30;167;;135;0;5;0;0;10203;70;8;81;;5;0;0;0;0;0
1483;344;20160831;20;230;20;20;30;166;;134;0;0;0;0;10205;70;1;81;;5;0;0;0;0;0
1484;344;20160831;21;250;30;30;40;169;;143;0;0;0;0;10208;64;0;85;;5;0;0;0;0;0
1485;344;20160831;22;230;30;30;40;161;;149;0;0;0;0;10210;60;1;93;;5;0;0;0;0;0
1486;344;20160831;23;220;30;20;40;161;;152;0;0;0;0;10209;64;1;94;;5;0;0;0;0;0
1487;344;20160831;24;220;20;20;30;165;128.0;158;0;0;0;0;10209;60;8;96;;5;0;0;0;0;0
1488;344;20160901;1;220;30;30;40;183;;173;0;0;0;0;10207;60;7;94;;5;0;0;0;0;0
1489;344;20160901;2;240;30;30;40;185;;173;0;0;0;0;10207;63;6;93;;5;0;0;0;0;0
1490;344;20160901;3;250;30;20;40;176;;168;0;0;0;0;10209;64;7;95;;5;0;0;0;0;0
1491;344;20160901;4;230;20;20;30;172;;166;0;0;0;0;10207;64;4;96;;5;0;0;0;0;0
1492;344;20160901;5;220;20;20;30;160;;156;0;0;0;0;10210;65;6;97;;5;0;0;0;0;0
1493;344;20160901;6;230;20;30;40;181;140.0;173;2;13;0;0;10213;65;8;95;;5;0;0;0;0;0
1494;344;20160901;7;240;30;30;40;188;;172;2;31;0;0;10219;70;4;90;;5;0;0;0;0;0
1495;344;20160901;8;260;40;50;70;204;;172;5;75;0;0;10222;70;1;82;;5;0;0;0;0;0
1496;344;20160901;9;270;50;30;80;210;;158;10;183;0;0;10226;75;7;72;;5;0;0;0;0;0
1497;344;20160901;10;270;30;30;60;209;;160;7;147;0;0;10225;75;5;74;;5;0;0;0;0;0
1498;344;20160901;11;290;30;40;60;215;;146;8;205;0;0;10224;75;3;65;;5;0;0;0;0;0
1499;344;20160901;12;290;40;30;60;227;175.0;144;10;245;0;0;10225;77;3;59;;5;0;0;0;0;0
1500;344;20160901;13;310;40;40;70;220;;136;9;237;0;0;10226;80;4;59;;5;0;0;0;0;0
1501;344;20160901;14;300;40;40;60;223;;136;10;237;0;0;10227;81;4;58;;5;0;0;0;0;0
1502;344;20160901;15;290;40;40;60;216;;137;10;207;0;0;10227;81;4;61;;5;0;0;0;0;0
1503;344;20160901;16;300;40;40;60;205;;129;10;138;0;0;10228;80;4;62;;5;0;0;0;0;0
1504;344;20160901;17;290;30;20;50;200;;135;10;88;0;0;10227;80;4;66;;5;0;0;0;0;0
1505;344;20160901;18;280;20;10;40;186;173.0;130;8;28;0;0;10226;75;5;70;;5;0;0;0;0;0
1506;344;20160901;19;270;10;10;20;163;;131;0;2;0;0;10227;70;5;81;;5;0;0;0;0;0
1507;344;20160901;20;250;10;10;10;152;;134;0;0;0;0;10228;70;7;89;;5;0;0;0;0;0
1508;344;20160901;21;0;0;0;10;143;;134;0;0;0;0;10224;65;7;94;;5;0;0;0;0;0
1509;344;20160901;22;120;10;10;20;144;;134;0;0;0;0;10221;65;7;94;;5;0;0;0;0;0
1510;344;20160901;23;160;10;10;10;133;;129;0;0;0;0;10219;65;7;97;;5;0;0;0;0;0
1511;344;20160901;24;190;10;10;20;137;74.0;132;0;0;0;0;10217;65;7;97;;5;0;0;0;0;0
1512;344;20160902;1;190;20;20;30;131;;125;0;0;0;0;10214;65;3;96;;5;0;0;0;0;0
1513;344;20160902;2;170;20;20;30;148;;133;0;0;0;0;10207;65;5;91;;5;0;0;0;0;0
1514;344;20160902;3;200;20;20;40;151;;136;0;0;0;0;10205;65;8;91;;5;0;0;0;0;0
1515;344;20160902;4;190;20;10;40;142;;138;0;0;0;0;10201;60;8;97;;5;0;0;0;0;0
1516;344;20160902;5;190;20;20;30;138;;132;0;0;0;0;10201;57;8;96;10.0;7;0;0;0;0;0
1517;344;20160902;6;200;20;20;50;159;74.0;148;0;11;0;0;10201;57;8;93;10.0;7;0;0;0;0;0
1518;344;20160902;7;180;40;40;50;167;;151;3;56;0;0;10199;60;8;90;;5;0;0;0;0;0
1519;344;20160902;8;210;40;50;70;178;;155;5;80;0;0;10200;59;8;86;10.0;7;0;0;0;0;0
1520;344;20160902;9;230;50;50;80;188;;151;4;103;0;0;10201;68;7;79;;5;0;0;0;0;0
1521;344;20160902;10;220;60;70;110;196;;146;5;170;0;0;10199;72;7;73;;5;0;0;0;0;0
1522;344;20160902;11;220;60;60;110;201;;147;6;189;0;0;10195;72;8;71;;5;0;0;0;0;0
1523;344;20160902;12;230;70;70;100;206;152.0;144;5;200;0;0;10191;73;8;68;;5;0;0;0;0;0
1524;344;20160902;13;230;60;60;100;194;;147;0;95;0;0;10189;75;8;74;;5;0;0;0;0;0
1525;344;20160902;14;230;60;60;90;198;;137;0;94;0;0;10189;77;8;68;;5;0;0;0;0;0
1526;344;20160902;15;230;60;50;100;200;;139;3;122;0;0;10186;80;7;68;;5;0;0;0;0;0
1527;344;20160902;16;220;50;60;80;202;;134;4;74;0;0;10182;80;8;65;;5;0;0;0;0;0
1528;344;20160902;17;250;50;50;90;195;;145;0;33;0;0;10185;75;8;73;;5;0;0;0;0;0
1529;344;20160902;18;230;50;60;100;181;173.0;146;0;7;0;-1;10181;68;8;80;81.0;7;0;1;0;0;0
1530;344;20160902;19;250;60;60;90;166;;138;0;0;10;4;10186;70;8;84;51.0;7;0;1;0;0;0
1531;344;20160902;20;240;50;70;110;169;;146;0;0;8;4;10189;70;8;86;23.0;7;0;1;0;0;0
1532;344;20160902;21;240;60;50;110;168;;126;0;0;0;0;10188;75;8;76;2.0;7;0;0;0;0;0
1533;344;20160902;22;220;50;40;70;161;;126;0;0;0;0;10186;75;6;80;;5;0;0;0;0;0
1534;344;20160902;23;220;30;40;60;163;;128;0;0;0;0;10181;75;4;80;;5;0;0;0;0;0
1535;344;20160902;24;220;40;40;60;163;148.0;134;0;0;0;0;10177;70;5;83;3.0;7;0;0;0;0;0
1536;344;20160903;1;220;40;40;60;168;;142;0;0;0;0;10175;70;8;85;;5;0;0;0;0;0
1537;344;20160903;2;220;40;40;60;162;;155;0;0;1;1;10175;50;8;96;23.0;7;0;1;0;0;0
1538;344;20160903;3;200;40;40;60;163;;157;0;0;0;0;10173;57;8;96;10.0;7;0;0;0;0;0
1539;344;20160903;4;190;30;30;50;165;;159;0;0;0;0;10171;58;8;96;10.0;7;0;0;0;0;0
1540;344;20160903;5;190;40;40;50;165;;156;0;0;0;0;10173;60;8;94;;5;0;0;0;0;0
1541;344;20160903;6;210;40;40;80;167;152.0;154;0;7;0;0;10177;61;8;92;2.0;7;0;0;0;0;0
1542;344;20160903;7;220;40;30;80;173;;160;0;19;0;-1;10180;60;8;92;23.0;7;0;1;0;0;0
1543;344;20160903;8;220;40;50;70;186;;166;6;82;0;0;10181;58;6;88;10.0;7;0;0;0;0;0
1544;344;20160903;9;220;40;40;60;200;;166;8;167;0;0;10180;66;4;81;1.0;7;0;0;0;0;0
1545;344;20160903;10;230;40;40;60;193;;159;3;116;0;0;10175;63;4;81;;5;0;0;0;0;0
1546;344;20160903;11;210;50;50;90;208;;151;4;151;0;0;10170;75;6;70;;5;0;0;0;0;0
1547;344;20160903;12;240;50;60;100;211;165.0;148;5;182;0;0;10170;70;6;67;2.0;7;0;0;0;0;0
1548;344;20160903;13;210;50;50;90;219;;136;6;180;0;0;10162;74;2;59;;5;0;0;0;0;0
1549;344;20160903;14;250;40;40;70;209;;153;1;105;0;0;10157;75;7;70;;5;0;0;0;0;0
1550;344;20160903;15;260;50;50;70;207;;149;6;140;0;0;10155;80;3;69;;5;0;0;0;0;0
1551;344;20160903;16;260;40;30;70;198;;147;5;96;0;0;10151;75;7;72;;5;0;0;0;0;0
1552;344;20160903;17;260;30;30;60;192;;143;2;38;0;0;10151;75;8;73;;5;0;0;0;0;0
1553;344;20160903;18;230;40;30;60;183;179.0;141;3;15;0;0;10145;75;8;77;;5;0;0;0;0;0
1554;344;20160903;19;220;40;50;70;190;;149;0;1;0;0;10141;75;7;77;;5;0;0;0;0;0
1555;344;20160903;20;190;40;40;80;191;;150;0;0;0;0;10136;74;8;77;;5;0;0;0;0;0
1556;344;20160903;21;210;40;50;80;197;;138;0;0;0;0;10128;80;8;69;;5;0;0;0;0;0
1557;344;20160903;22;230;60;60;150;181;;144;0;0;5;2;10127;75;8;79;81.0;7;0;1;0;0;0
1558;344;20160903;23;230;50;60;90;184;;149;0;0;6;1;10122;70;8;80;81.0;7;0;1;0;0;0
1559;344;20160903;24;240;60;80;120;189;172.0;158;0;0;0;-1;10119;70;8;82;23.0;7;0;1;0;0;0
1560;344;20160904;1;230;60;60;100;186;;170;0;0;0;-1;10114;66;8;90;51.0;7;0;1;0;0;0
1561;344;20160904;2;210;60;60;100;181;;166;0;0;0;-1;10107;65;8;91;22.0;7;0;1;0;0;0
1562;344;20160904;3;230;60;60;100;187;;170;0;0;0;0;10104;68;8;90;2.0;7;0;0;0;0;0
1563;344;20160904;4;230;70;60;110;189;;172;0;0;0;-1;10099;63;8;90;81.0;7;0;1;0;0;0
1564;344;20160904;5;230;70;70;110;190;;175;0;0;0;-1;10094;65;8;91;23.0;7;0;1;0;0;0
1565;344;20160904;6;210;70;90;140;187;176.0;178;0;5;2;20;10085;40;8;95;92.0;7;0;1;0;1;0
1566;344;20160904;7;230;80;70;140;193;;175;0;18;4;12;10085;70;7;89;26.0;7;0;1;0;1;0
1567;344;20160904;8;230;100;110;160;198;;160;6;64;0;0;10084;75;2;79;;5;0;0;0;0;0
1568;344;20160904;9;250;90;80;150;194;;154;7;123;0;-1;10088;71;7;78;81.0;7;0;1;0;0;0
1569;344;20160904;10;260;80;60;140;194;;135;4;119;0;-1;10095;74;8;69;23.0;7;0;1;0;0;0
1570;344;20160904;11;260;80;90;140;188;;137;5;134;0;-1;10095;69;8;72;81.0;7;0;1;0;0;0
1571;344;20160904;12;250;90;100;150;199;182.0;143;6;177;0;-1;10095;75;8;70;23.0;7;0;1;0;0;0
1572;344;20160904;13;250;90;90;150;189;;136;6;175;0;0;10099;69;8;71;;5;0;0;0;0;0
1573;344;20160904;14;260;70;60;150;188;;142;2;82;0;-1;10105;75;8;75;23.0;7;0;1;0;0;0
1574;344;20160904;15;260;70;70;140;187;;130;2;81;0;0;10110;70;8;69;2.0;7;0;0;0;0;0
1575;344;20160904;16;270;80;70;130;191;;140;3;82;0;0;10114;75;8;72;;5;0;0;0;0;0
1576;344;20160904;17;270;60;60;130;186;;135;0;25;0;0;10118;75;8;72;;5;0;0;0;0;0
1577;344;20160904;18;260;60;60;110;183;171.0;139;5;17;0;0;10120;75;8;76;2.0;7;0;0;0;0;0
1578;344;20160904;19;280;50;40;120;169;;148;0;0;3;12;10128;70;8;87;23.0;7;0;1;0;0;0
1579;344;20160904;20;290;40;40;80;169;;146;0;0;0;0;10134;70;8;86;;5;0;0;0;0;0
1580;344;20160904;21;290;50;40;90;169;;133;0;0;0;0;10137;75;8;79;2.0;7;0;0;0;0;0
1581;344;20160904;22;280;40;40;80;162;;132;0;0;0;0;10141;70;1;82;;5;0;0;0;0;0
1582;344;20160904;23;280;40;50;80;165;;136;0;0;0;0;10144;70;3;83;;5;0;0;0;0;0
1583;344;20160904;24;290;50;50;80;160;152.0;130;0;0;0;0;10147;70;3;82;2.0;7;0;0;0;0;0
1584;344;20160905;1;290;40;40;70;158;;123;0;0;0;0;10151;75;1;80;;5;0;0;0;0;0
1585;344;20160905;2;290;40;40;60;157;;126;0;0;0;0;10158;70;4;82;;5;0;0;0;0;0
1586;344;20160905;3;270;40;40;70;159;;129;0;0;0;0;10160;70;6;82;;5;0;0;0;0;0
1587;344;20160905;4;270;30;40;60;159;;132;0;0;0;0;10164;70;8;84;;5;0;0;0;0;0
1588;344;20160905;5;280;30;40;60;162;;133;0;0;0;0;10170;70;8;83;;5;0;0;0;0;0
1589;344;20160905;6;290;30;20;50;164;144.0;135;3;13;0;0;10177;70;4;83;;5;0;0;0;0;0
1590;344;20160905;7;290;20;30;40;178;;144;0;41;0;0;10182;75;8;80;;5;0;0;0;0;0
1591;344;20160905;8;280;30;30;50;188;;147;3;86;0;0;10185;75;8;77;;5;0;0;0;0;0
1592;344;20160905;9;290;40;40;70;194;;145;9;163;0;0;10195;75;4;73;;5;0;0;0;0;0
1593;344;20160905;10;270;40;40;70;200;;148;10;210;0;0;10195;75;2;72;;5;0;0;0;0;0
1594;344;20160905;11;280;30;30;60;208;;139;10;237;0;0;10201;77;3;65;;5;0;0;0;0;0
1595;344;20160905;12;280;30;30;60;211;159.0;131;10;250;0;0;10203;79;2;60;;5;0;0;0;0;0
1596;344;20160905;13;280;30;30;60;209;;127;10;231;0;0;10208;80;2;59;;5;0;0;0;0;0
1597;344;20160905;14;310;30;20;60;219;;137;10;211;0;0;10209;81;3;60;;5;0;0;0;0;0
1598;344;20160905;15;290;30;20;60;220;;128;10;194;0;0;10211;80;4;56;;5;0;0;0;0;0
1599;344;20160905;16;260;20;20;50;222;;136;10;137;0;0;10212;81;3;58;;5;0;0;0;0;0
1600;344;20160905;17;300;10;20;30;216;;141;10;77;0;0;10212;82;2;62;;5;0;0;0;0;0
1601;344;20160905;18;300;10;10;20;196;179.0;141;8;24;0;0;10220;75;0;71;;5;0;0;0;0;0
1602;344;20160905;19;40;10;10;30;173;;142;0;1;0;0;10225;70;0;82;;5;0;0;0;0;0
1603;344;20160905;20;70;10;20;20;169;;144;0;0;0;0;10231;70;2;85;;5;0;0;0;0;0
1604;344;20160905;21;90;10;10;10;152;;146;0;0;0;0;10234;65;2;96;;5;0;0;0;0;0
1605;344;20160905;22;100;10;10;10;154;;143;0;0;0;0;10236;65;0;93;;5;0;0;0;0;0
1606;344;20160905;23;70;10;10;20;166;;141;0;0;0;0;10239;70;8;85;;5;0;0;0;0;0
1607;344;20160905;24;120;20;20;30;172;113.0;138;0;0;0;0;10238;75;8;80;;5;0;0;0;0;0
1608;344;20160906;1;150;10;10;20;173;;147;0;0;0;0;10239;70;8;85;;5;0;0;0;0;0
1609;344;20160906;2;180;20;30;40;179;;162;0;0;0;0;10240;66;8;90;;5;0;0;0;0;0
1610;344;20160906;3;170;30;30;40;178;;164;0;0;0;0;10241;62;8;92;;5;0;0;0;0;0
1611;344;20160906;4;170;30;30;50;179;;164;0;0;0;0;10242;62;8;91;;5;0;0;0;0;0
1612;344;20160906;5;160;30;30;40;177;;163;0;0;0;0;10246;60;8;92;;5;0;0;0;0;0
1613;344;20160906;6;160;30;30;60;181;162.0;165;0;7;0;0;10249;59;8;90;10.0;7;0;0;0;0;0
1614;344;20160906;7;150;30;30;50;188;;169;0;28;0;0;10250;61;8;89;;5;0;0;0;0;0
1615;344;20160906;8;170;30;30;50;196;;174;0;57;0;-1;10253;61;8;87;23.0;7;0;1;0;0;0
1616;344;20160906;9;160;30;40;50;204;;179;2;92;0;0;10255;62;8;86;2.0;7;0;0;0;0;0
1617;344;20160906;10;170;40;40;70;205;;188;0;103;0;0;10255;57;8;90;10.0;7;0;0;0;0;0
1618;344;20160906;11;170;40;40;60;218;;177;2;126;0;0;10254;69;8;78;;5;0;0;0;0;0
1619;344;20160906;12;180;40;30;90;218;179.0;177;0;108;0;0;10252;74;8;78;2.0;7;0;0;0;0;0
1620;344;20160906;13;190;40;30;60;218;;180;0;51;0;0;10253;75;8;79;;5;0;0;0;0;0
1621;344;20160906;14;200;30;30;70;221;;181;0;60;0;0;10253;75;8;78;;5;0;0;0;0;0
1622;344;20160906;15;200;30;30;50;224;;178;0;69;0;0;10249;75;8;75;;5;0;0;0;0;0
1623;344;20160906;16;200;30;30;50;222;;181;0;46;0;0;10246;75;8;78;;5;0;0;0;0;0
1624;344;20160906;17;190;30;30;40;220;;179;0;27;0;0;10244;75;8;78;;5;0;0;0;0;0
1625;344;20160906;18;200;20;20;50;215;208.0;178;0;7;0;0;10243;75;8;79;;5;0;0;0;0;0
1626;344;20160906;19;130;20;10;30;209;;181;0;1;0;0;10244;70;8;84;;5;0;0;0;0;0
1627;344;20160906;20;160;10;10;20;206;;181;0;0;0;0;10247;70;8;86;;5;0;0;0;0;0
1628;344;20160906;21;120;10;10;40;189;;177;0;0;0;0;10244;65;8;93;;5;0;0;0;0;0
1629;344;20160906;22;0;10;0;10;176;;171;0;0;0;0;10242;60;8;97;;5;0;0;0;0;0
1630;344;20160906;23;120;10;10;10;167;;164;0;0;0;0;10240;22;8;98;20.0;7;1;0;0;0;0
1631;344;20160906;24;120;10;10;10;155;122.0;153;0;0;0;0;10235;8;3;99;34.0;7;1;0;0;0;0
1632;344;20160907;1;100;10;10;20;163;;160;0;0;0;0;10230;56;0;98;20.0;7;1;0;0;0;0
1633;344;20160907;2;60;10;10;10;155;;154;0;0;0;0;10229;6;0;99;34.0;7;1;0;0;0;0
1634;344;20160907;3;80;10;10;10;148;;148;0;0;0;0;10225;5;4;100;34.0;7;1;0;0;0;0
1635;344;20160907;4;0;10;0;10;133;;130;0;0;0;0;10222;5;1;98;33.0;7;1;0;0;0;0
1636;344;20160907;5;0;10;0;10;142;;140;0;0;0;0;10224;9;0;99;32.0;7;1;0;0;0;0
1637;344;20160907;6;0;10;0;10;147;95.0;144;5;12;0;0;10221;31;0;98;20.0;7;1;0;0;0;0
1638;344;20160907;7;0;10;0;20;188;;170;10;56;0;0;10219;58;0;89;10.0;7;0;0;0;0;0
1639;344;20160907;8;150;10;20;30;215;;167;10;110;0;0;10216;59;0;74;4.0;7;0;0;0;0;0
1640;344;20160907;9;190;20;30;60;233;;156;10;163;0;0;10216;71;0;62;;5;0;0;0;0;0
1641;344;20160907;10;230;30;20;50;250;;141;10;207;0;0;10211;80;0;51;;5;0;0;0;0;0
1642;344;20160907;11;190;30;30;70;259;;141;10;233;0;0;10204;82;0;48;;5;0;0;0;0;0
1643;344;20160907;12;150;30;40;70;261;135.0;136;10;245;0;0;10199;80;1;46;;5;0;0;0;0;0
1644;344;20160907;13;100;30;30;50;264;;141;10;236;0;0;10192;78;2;47;;5;0;0;0;0;0
1645;344;20160907;14;90;30;40;70;260;;131;10;215;0;0;10186;81;1;45;;5;0;0;0;0;0
1646;344;20160907;15;70;30;40;60;258;;140;10;176;0;0;10177;82;2;48;;5;0;0;0;0;0
1647;344;20160907;16;90;40;40;70;254;;136;10;129;0;0;10170;81;3;48;;5;0;0;0;0;0
1648;344;20160907;17;100;40;40;60;246;;135;10;74;0;0;10164;81;1;50;;5;0;0;0;0;0
1649;344;20160907;18;70;30;20;50;209;179.0;143;7;23;0;0;10162;80;0;66;;5;0;0;0;0;0
1650;344;20160907;19;90;20;20;30;194;;144;0;0;0;0;10161;75;0;73;;5;0;0;0;0;0
1651;344;20160907;20;80;20;10;30;191;;143;0;0;0;0;10159;75;0;74;;5;0;0;0;0;0
1652;344;20160907;21;70;10;20;30;159;;132;0;0;0;0;10153;70;0;84;;5;0;0;0;0;0
1653;344;20160907;22;80;20;30;50;149;;126;0;0;0;0;10141;70;0;86;;5;0;0;0;0;0
1654;344;20160907;23;10;20;10;50;157;;133;0;0;0;0;10141;70;0;86;;5;0;0;0;0;0
1655;344;20160907;24;10;10;10;20;146;111.0;132;0;0;0;0;10136;64;0;91;;5;0;0;0;0;0
1656;344;20160908;1;70;10;10;20;154;;136;0;0;0;0;10129;68;0;89;;5;0;0;0;0;0
1657;344;20160908;2;70;10;10;20;146;;135;0;0;0;0;10119;63;0;93;;5;0;0;0;0;0
1658;344;20160908;3;90;10;20;20;148;;127;0;0;0;0;10112;67;0;87;;5;0;0;0;0;0
1659;344;20160908;4;80;10;10;30;142;;126;0;0;0;0;10107;65;0;90;;5;0;0;0;0;0
1660;344;20160908;5;60;10;10;20;139;;128;0;0;0;0;10104;61;0;93;;5;0;0;0;0;0
1661;344;20160908;6;130;10;10;30;153;95.0;134;5;11;0;0;10103;60;0;88;;5;0;0;0;0;0
1662;344;20160908;7;160;10;20;40;191;;147;10;53;0;0;10103;62;0;76;;5;0;0;0;0;0
1663;344;20160908;8;190;20;20;40;212;;152;10;107;0;0;10099;64;0;69;;5;0;0;0;0;0
1664;344;20160908;9;210;20;20;60;236;;158;10;159;0;0;10099;70;0;62;;5;0;0;0;0;0
1665;344;20160908;10;230;30;30;60;253;;166;10;200;0;0;10098;76;0;59;;5;0;0;0;0;0
1666;344;20160908;11;220;30;40;60;262;;160;10;229;0;0;10096;80;0;53;;5;0;0;0;0;0
1667;344;20160908;12;220;40;50;80;269;138.0;145;10;236;0;0;10099;80;0;47;;5;0;0;0;0;0
1668;344;20160908;13;230;50;50;80;268;;161;10;228;0;0;10102;80;0;52;;5;0;0;0;0;0
1669;344;20160908;14;260;50;40;80;262;;149;10;199;0;0;10105;80;0;50;;5;0;0;0;0;0
1670;344;20160908;15;260;60;50;90;241;;164;10;159;0;0;10113;75;1;62;;5;0;0;0;0;0
1671;344;20160908;16;260;60;60;100;225;;169;10;115;0;0;10119;70;2;71;;5;0;0;0;0;0
1672;344;20160908;17;260;70;70;110;211;;170;10;66;0;0;10125;67;0;77;;5;0;0;0;0;0
1673;344;20160908;18;250;60;50;110;198;190.0;162;7;21;0;0;10130;70;0;80;;5;0;0;0;0;0
1674;344;20160908;19;240;50;60;90;190;;162;0;1;0;0;10138;63;0;84;;5;0;0;0;0;0
1675;344;20160908;20;240;60;50;80;179;;159;0;0;0;0;10147;61;0;88;;5;0;0;0;0;0
1676;344;20160908;21;240;60;60;90;181;;161;0;0;0;0;10151;61;0;88;;5;0;0;0;0;0
1677;344;20160908;22;240;50;60;80;178;;161;0;0;0;0;10157;61;0;90;;5;0;0;0;0;0
1678;344;20160908;23;240;40;40;70;173;;159;0;0;0;0;10159;61;0;91;;5;0;0;0;0;0
1679;344;20160908;24;230;40;30;50;163;153.0;152;0;0;0;0;10161;63;0;93;;5;0;0;0;0;0
1680;344;20160909;1;240;30;30;50;152;;142;0;0;0;0;10162;64;0;94;;5;0;0;0;0;0
1681;344;20160909;2;230;30;30;40;138;;133;0;0;0;0;10164;63;0;97;;5;0;0;0;0;0
1682;344;20160909;3;220;30;20;40;145;;140;0;0;0;0;10166;63;0;97;;5;0;0;0;0;0
1683;344;20160909;4;180;20;30;40;146;;141;0;0;0;0;10168;61;0;97;;5;0;0;0;0;0
1684;344;20160909;5;180;30;30;40;151;;146;0;0;0;0;10171;61;0;97;;5;0;0;0;0;0
1685;344;20160909;6;190;30;20;70;154;91.0;148;3;11;0;0;10175;61;0;96;;5;0;0;0;0;0
1686;344;20160909;7;210;30;30;50;174;;156;10;53;0;0;10179;62;1;89;;5;0;0;0;0;0
1687;344;20160909;8;210;30;30;50;187;;157;10;107;0;0;10181;65;4;83;;5;0;0;0;0;0
1688;344;20160909;9;250;40;40;60;203;;157;10;191;0;0;10183;68;7;75;;5;0;0;0;0;0
1689;344;20160909;10;250;40;40;60;208;;151;5;113;0;0;10183;75;7;70;;5;0;0;0;0;0
1690;344;20160909;11;230;40;40;70;217;;134;9;206;0;0;10180;74;4;59;;5;0;0;0;0;0
1691;344;20160909;12;220;40;40;100;222;149.0;140;9;208;0;0;10179;77;2;60;;5;0;0;0;0;0
1692;344;20160909;13;210;40;40;70;224;;141;9;232;0;0;10179;80;5;59;;5;0;0;0;0;0
1693;344;20160909;14;220;40;40;70;230;;143;10;231;0;0;10174;78;3;58;;5;0;0;0;0;0
1694;344;20160909;15;220;30;30;60;227;;149;9;150;0;0;10170;78;3;61;;5;0;0;0;0;0
1695;344;20160909;16;180;30;40;60;223;;134;10;134;0;0;10168;80;3;57;;5;0;0;0;0;0
1696;344;20160909;17;180;30;30;90;218;;135;10;68;0;0;10167;80;0;59;;5;0;0;0;0;0
1697;344;20160909;18;170;30;20;60;206;179.0;132;7;19;0;0;10167;81;0;63;;5;0;0;0;0;0
1698;344;20160909;19;140;20;30;40;193;;133;0;0;0;0;10169;80;0;68;;5;0;0;0;0;0
1699;344;20160909;20;160;30;30;40;194;;133;0;0;0;0;10171;80;0;68;;5;0;0;0;0;0
1700;344;20160909;21;170;30;30;40;186;;134;0;0;0;0;10171;75;0;72;;5;0;0;0;0;0
1701;344;20160909;22;160;30;30;40;179;;134;0;0;0;0;10169;75;0;75;;5;0;0;0;0;0
1702;344;20160909;23;170;20;20;40;160;;129;0;0;0;0;10170;70;0;82;;5;0;0;0;0;0
1703;344;20160909;24;170;30;30;40;167;107.0;134;0;0;0;0;10168;70;0;81;;5;0;0;0;0;0
1704;344;20160910;1;160;30;40;50;164;;132;0;0;0;0;10168;70;0;81;;5;0;0;0;0;0
1705;344;20160910;2;170;30;30;40;161;;129;0;0;0;0;10166;70;0;81;;5;0;0;0;0;0
1706;344;20160910;3;170;30;30;40;154;;126;0;0;0;0;10163;70;0;83;;5;0;0;0;0;0
1707;344;20160910;4;170;30;30;40;151;;124;0;0;0;0;10161;70;0;84;;5;0;0;0;0;0
1708;344;20160910;5;160;30;40;50;155;;124;0;0;0;0;10162;70;0;82;;5;0;0;0;0;0
1709;344;20160910;6;160;40;40;70;163;113.0;122;3;10;0;0;10160;75;0;77;;5;0;0;0;0;0
1710;344;20160910;7;170;40;40;60;185;;129;10;54;0;0;10160;75;0;70;;5;0;0;0;0;0
1711;344;20160910;8;180;40;50;90;208;;128;10;109;0;0;10160;78;0;60;;5;0;0;0;0;0
1712;344;20160910;9;190;50;40;80;222;;126;10;161;0;0;10158;74;2;55;;5;0;0;0;0;0
1713;344;20160910;10;190;50;50;70;231;;132;9;196;0;0;10156;80;2;54;;5;0;0;0;0;0
1714;344;20160910;11;190;50;50;90;245;;115;10;230;0;0;10152;80;1;44;;5;0;0;0;0;0
1715;344;20160910;12;220;60;50;100;239;153.0;128;9;236;0;0;10148;79;7;50;;5;0;0;0;0;0
1716;344;20160910;13;220;60;50;90;250;;138;9;214;0;0;10145;79;8;50;;5;0;0;0;0;0
1717;344;20160910;14;220;60;60;90;251;;136;8;182;0;0;10142;81;8;49;;5;0;0;0;0;0
1718;344;20160910;15;190;50;60;90;240;;135;6;120;0;0;10139;81;8;52;;5;0;0;0;0;0
1719;344;20160910;16;190;50;50;80;233;;129;2;64;0;0;10138;82;8;52;;5;0;0;0;0;0
1720;344;20160910;17;280;20;20;70;222;;160;3;33;0;0;10137;80;8;68;;5;0;0;0;0;0
1721;344;20160910;18;270;20;30;40;204;195.0;149;5;14;0;0;10138;75;8;71;;5;0;0;0;0;0
1722;344;20160910;19;280;20;10;30;188;;152;0;0;0;0;10141;75;8;80;;5;0;0;0;0;0
1723;344;20160910;20;250;10;10;20;181;;154;0;0;0;0;10143;70;5;84;;5;0;0;0;0;0
1724;344;20160910;21;150;10;10;20;174;;153;0;0;0;0;10143;70;8;87;;5;0;0;0;0;0
1725;344;20160910;22;150;10;10;20;172;;156;0;0;0;0;10143;70;8;90;;5;0;0;0;0;0
1726;344;20160910;23;180;30;30;40;193;;157;0;0;0;0;10145;75;8;80;;5;0;0;0;0;0
1727;344;20160910;24;260;30;30;50;194;144.0;161;0;0;0;0;10148;70;8;81;;5;0;0;0;0;0
1728;344;20160911;1;260;30;30;50;194;;171;0;0;0;0;10150;70;8;87;;5;0;0;0;0;0
1729;344;20160911;2;250;40;40;60;194;;174;0;0;0;0;10151;70;8;88;;5;0;0;0;0;0
1730;344;20160911;3;230;30;40;60;189;;177;0;0;0;-1;10151;57;8;93;52.0;7;0;1;0;0;0
1731;344;20160911;4;320;30;40;60;166;;153;0;0;8;5;10158;42;8;92;52.0;7;0;1;0;0;0
1732;344;20160911;5;360;10;10;60;161;;156;0;0;8;4;10163;59;8;97;81.0;7;0;1;0;0;0
1733;344;20160911;6;60;10;10;10;164;161.0;157;0;3;0;-1;10168;65;8;96;23.0;7;0;1;0;0;0
1734;344;20160911;7;0;0;0;10;171;;154;0;23;0;0;10175;70;8;90;;5;0;0;0;0;0
1735;344;20160911;8;100;10;10;20;179;;155;0;48;0;0;10182;70;8;86;;5;0;0;0;0;0
1736;344;20160911;9;60;10;10;30;195;;166;3;112;0;0;10185;70;8;83;;5;0;0;0;0;0
1737;344;20160911;10;80;20;10;40;210;;155;10;228;0;0;10187;75;8;71;;5;0;0;0;0;0
1738;344;20160911;11;130;20;20;50;212;;153;8;217;0;0;10185;80;3;69;;5;0;0;0;0;0
1739;344;20160911;12;70;20;20;40;213;158.0;155;3;143;0;0;10183;75;6;70;;5;0;0;0;0;0
1740;344;20160911;13;130;30;20;50;213;;151;3;123;0;0;10183;80;8;68;;5;0;0;0;0;0
1741;344;20160911;14;130;30;20;50;214;;161;0;72;0;0;10180;75;8;72;;5;0;0;0;0;0
1742;344;20160911;15;150;30;20;50;214;;163;1;62;0;0;10177;75;8;73;;5;0;0;0;0;0
1743;344;20160911;16;90;20;30;40;213;;170;0;24;0;0;10172;75;8;76;;5;0;0;0;0;0
1744;344;20160911;17;150;30;30;50;213;;173;0;18;0;0;10170;68;8;78;;5;0;0;0;0;0
1745;344;20160911;18;130;30;20;60;209;202.0;173;0;4;0;-1;10170;69;8;80;23.0;7;0;1;0;0;0
1746;344;20160911;19;130;30;30;40;199;;171;0;0;0;0;10172;69;2;84;;5;0;0;0;0;0
1747;344;20160911;20;120;10;10;50;190;;172;0;0;0;0;10175;69;8;89;;5;0;0;0;0;0
1748;344;20160911;21;110;10;20;30;189;;172;0;0;0;0;10173;66;4;90;;5;0;0;0;0;0
1749;344;20160911;22;120;20;20;30;191;;175;0;0;0;0;10172;63;4;90;;5;0;0;0;0;0
1750;344;20160911;23;120;30;30;40;188;;174;0;0;0;0;10170;58;0;92;10.0;7;0;0;0;0;0
1751;344;20160911;24;120;20;20;40;186;162.0;173;0;0;0;0;10167;56;0;92;10.0;7;0;0;0;0;0
1752;344;20160912;1;0;10;0;30;181;;171;0;0;0;0;10165;56;0;94;10.0;7;0;0;0;0;0
1753;344;20160912;2;80;10;10;10;182;;174;0;0;0;0;10161;56;8;95;10.0;7;0;0;0;0;0
1754;344;20160912;3;0;10;0;10;189;;179;0;0;0;0;10159;50;8;94;10.0;7;0;0;0;0;0
1755;344;20160912;4;110;20;30;40;193;;181;0;0;0;0;10155;50;8;93;10.0;7;0;0;0;0;0
1756;344;20160912;5;120;20;20;30;196;;180;0;0;0;0;10155;56;8;90;10.0;7;0;0;0;0;0
1757;344;20160912;6;130;20;20;60;202;142.0;176;0;4;0;0;10156;60;8;85;;5;0;0;0;0;0
1758;344;20160912;7;160;30;30;50;210;;171;0;24;0;0;10158;70;8;78;;5;0;0;0;0;0
1759;344;20160912;8;160;30;30;50;218;;173;0;61;0;0;10162;70;8;76;;5;0;0;0;0;0
1760;344;20160912;9;200;30;30;50;238;;176;6;125;0;0;10164;75;6;68;;5;0;0;0;0;0
1761;344;20160912;10;180;20;20;40;256;;177;10;190;0;0;10162;75;0;62;;5;0;0;0;0;0
1762;344;20160912;11;180;40;40;70;265;;177;10;221;0;0;10162;82;0;59;;5;0;0;0;0;0
1763;344;20160912;12;190;50;50;80;273;196.0;168;10;236;0;0;10160;82;2;53;;5;0;0;0;0;0
1764;344;20160912;13;200;50;50;70;275;;154;10;235;0;0;10157;81;1;48;;5;0;0;0;0;0
1765;344;20160912;14;190;40;30;70;279;;168;10;204;0;0;10155;80;0;51;;5;0;0;0;0;0
1766;344;20160912;15;180;30;20;60;280;;155;10;170;0;0;10151;80;4;47;;5;0;0;0;0;0
1767;344;20160912;16;160;30;30;60;278;;162;10;119;0;0;10148;81;0;49;;5;0;0;0;0;0
1768;344;20160912;17;100;30;30;50;264;;168;10;63;0;0;10146;81;1;56;;5;0;0;0;0;0
1769;344;20160912;18;100;20;10;50;230;209.0;169;5;13;0;0;10148;80;0;69;;5;0;0;0;0;0
1770;344;20160912;19;60;10;10;20;205;;171;0;0;0;0;10153;70;0;81;;5;0;0;0;0;0
1771;344;20160912;20;50;10;20;40;199;;170;0;0;0;0;10153;70;0;83;;5;0;0;0;0;0
1772;344;20160912;21;50;20;20;30;195;;171;0;0;0;0;10152;70;0;86;;5;0;0;0;0;0
1773;344;20160912;22;50;10;20;20;197;;170;0;0;0;0;10152;70;0;84;;5;0;0;0;0;0
1774;344;20160912;23;40;10;10;20;184;;163;0;0;0;0;10149;70;0;88;;5;0;0;0;0;0
1775;344;20160912;24;50;10;20;20;172;140.0;156;0;0;0;0;10147;67;1;90;;5;0;0;0;0;0
1776;344;20160913;1;60;20;20;30;174;;162;0;0;0;0;10142;61;3;93;;5;0;0;0;0;0
1777;344;20160913;2;50;10;10;20;181;;161;0;0;0;0;10139;61;0;88;;5;0;0;0;0;0
1778;344;20160913;3;80;10;20;40;174;;153;0;0;0;0;10135;62;0;87;;5;0;0;0;0;0
1779;344;20160913;4;90;20;10;40;190;;158;0;0;0;0;10134;62;0;82;;5;0;0;0;0;0
1780;344;20160913;5;80;20;10;30;186;;159;0;0;0;0;10133;60;0;84;;5;0;0;0;0;0
1781;344;20160913;6;110;20;20;30;192;142.0;164;2;7;0;0;10135;58;0;84;10.0;7;0;0;0;0;0
1782;344;20160913;7;100;20;20;30;213;;174;10;45;0;0;10137;58;1;78;4.0;7;0;0;0;0;0
1783;344;20160913;8;110;20;20;60;242;;175;10;95;0;0;10136;60;0;66;;5;0;0;0;0;0
1784;344;20160913;9;120;30;30;50;258;;181;10;144;0;0;10134;62;0;63;;5;0;0;0;0;0
1785;344;20160913;10;120;40;30;50;274;;183;10;184;0;0;10130;71;0;58;;5;0;0;0;0;0
1786;344;20160913;11;120;40;50;60;289;;175;10;214;0;0;10126;77;0;50;;5;0;0;0;0;0
1787;344;20160913;12;130;40;50;70;305;180.0;171;10;225;0;0;10122;77;2;45;;5;0;0;0;0;0
1788;344;20160913;13;130;50;50;80;314;;156;10;217;0;0;10119;75;2;39;;5;0;0;0;0;0
1789;344;20160913;14;120;50;50;90;316;;161;10;195;0;0;10116;81;4;39;;5;0;0;0;0;0
1790;344;20160913;15;130;50;40;80;313;;161;10;152;0;0;10111;80;1;40;;5;0;0;0;0;0
1791;344;20160913;16;110;40;40;70;309;;162;10;104;0;0;10109;81;0;41;;5;0;0;0;0;0
1792;344;20160913;17;140;30;20;60;296;;174;10;53;0;0;10109;80;0;48;;5;0;0;0;0;0
1793;344;20160913;18;80;20;20;40;246;222.0;186;5;12;0;0;10109;80;0;69;;5;0;0;0;0;0
1794;344;20160913;19;100;30;20;40;259;;181;0;0;0;0;10113;81;0;62;;5;0;0;0;0;0
1795;344;20160913;20;90;30;30;40;245;;175;0;0;0;0;10113;80;0;65;;5;0;0;0;0;0
1796;344;20160913;21;90;30;30;40;245;;173;0;0;0;0;10113;80;0;64;;5;0;0;0;0;0
1797;344;20160913;22;90;30;20;40;236;;171;0;0;0;0;10115;76;0;67;;5;0;0;0;0;0
1798;344;20160913;23;50;20;10;30;205;;171;0;0;0;0;10116;67;0;81;;5;0;0;0;0;0
1799;344;20160913;24;90;20;20;30;220;171.0;174;0;0;0;0;10115;64;0;75;;5;0;0;0;0;0
1800;344;20160914;1;90;20;20;40;218;;173;0;0;0;0;10115;62;0;76;;5;0;0;0;0;0
1801;344;20160914;2;100;20;30;40;212;;170;0;0;0;0;10114;62;0;77;;5;0;0;0;0;0
1802;344;20160914;3;100;20;20;40;207;;168;0;0;0;0;10113;61;0;78;;5;0;0;0;0;0
1803;344;20160914;4;60;20;10;30;191;;165;0;0;0;0;10113;59;0;85;10.0;7;0;0;0;0;0
1804;344;20160914;5;80;20;20;30;194;;166;0;0;0;0;10115;59;0;84;10.0;7;0;0;0;0;0
1805;344;20160914;6;90;30;30;50;204;152.0;165;0;6;0;0;10115;60;0;78;;5;0;0;0;0;0
1806;344;20160914;7;100;20;20;40;221;;168;10;42;0;0;10116;61;1;72;;5;0;0;0;0;0
1807;344;20160914;8;120;30;20;50;240;;169;8;92;0;0;10119;63;0;65;;5;0;0;0;0;0
1808;344;20160914;9;110;20;30;40;259;;171;10;141;0;0;10121;63;0;58;;5;0;0;0;0;0
1809;344;20160914;10;100;30;40;50;268;;171;10;182;0;0;10122;66;0;55;;5;0;0;0;0;0
1810;344;20160914;11;100;40;30;60;286;;176;10;210;0;0;10123;69;0;51;;5;0;0;0;0;0
1811;344;20160914;12;100;40;30;60;296;195.0;177;10;218;0;0;10123;71;0;49;;5;0;0;0;0;0
1812;344;20160914;13;110;40;40;70;309;;180;10;213;0;0;10122;77;0;46;;5;0;0;0;0;0
1813;344;20160914;14;180;30;30;60;316;;171;10;187;0;0;10120;72;0;42;;5;0;0;0;0;0
1814;344;20160914;15;290;40;40;60;297;;199;10;145;0;0;10120;71;2;56;;5;0;0;0;0;0
1815;344;20160914;16;310;40;30;70;277;;191;10;95;0;0;10123;67;2;60;;5;0;0;0;0;0
1816;344;20160914;17;360;20;20;30;259;;180;10;50;0;0;10121;67;0;62;;5;0;0;0;0;0
1817;344;20160914;18;310;20;20;30;217;202.0;173;3;11;0;0;10125;65;0;76;;5;0;0;0;0;0
1818;344;20160914;19;260;20;20;40;195;;171;0;0;0;0;10127;59;0;86;10.0;7;0;0;0;0;0
1819;344;20160914;20;320;10;10;30;188;;179;0;0;0;0;10127;19;0;95;10.0;7;0;0;0;0;0
1820;344;20160914;21;360;10;20;30;193;;176;0;0;0;0;10126;40;0;90;10.0;7;0;0;0;0;0
1821;344;20160914;22;40;10;10;30;183;;174;0;0;0;0;10121;33;0;94;10.0;7;0;0;0;0;0
1822;344;20160914;23;50;10;10;10;176;;173;0;0;0;0;10115;17;0;98;10.0;7;0;0;0;0;0
1823;344;20160914;24;50;10;10;20;163;129.0;160;0;0;0;0;10112;20;0;98;10.0;7;0;0;0;0;0
1824;344;20160915;1;40;10;10;20;165;;162;0;0;0;0;10112;43;0;98;10.0;7;0;0;0;0;0
1825;344;20160915;2;30;10;10;20;171;;168;0;0;0;0;10109;50;0;98;10.0;7;0;0;0;0;0
1826;344;20160915;3;40;20;20;20;175;;162;0;0;0;0;10105;56;0;92;10.0;7;0;0;0;0;0
1827;344;20160915;4;30;20;20;30;175;;160;0;0;0;0;10102;56;0;91;10.0;7;0;0;0;0;0
1828;344;20160915;5;30;10;10;20;170;;157;0;0;0;0;10102;56;0;92;10.0;7;0;0;0;0;0
1829;344;20160915;6;40;10;10;20;166;122.0;145;0;5;0;0;10105;59;0;87;10.0;7;0;0;0;0;0
1830;344;20160915;7;80;20;20;40;183;;148;0;30;0;0;10105;62;0;80;;5;0;0;0;0;0
1831;344;20160915;8;80;30;30;50;209;;154;6;74;0;0;10104;64;2;71;;5;0;0;0;0;0
1832;344;20160915;9;80;30;30;50;235;;161;10;139;0;0;10102;64;0;63;;5;0;0;0;0;0
1833;344;20160915;10;100;40;50;70;254;;155;10;180;0;0;10099;71;0;54;;5;0;0;0;0;0
1834;344;20160915;11;80;40;40;60;265;;165;10;207;0;0;10096;67;0;54;;5;0;0;0;0;0
1835;344;20160915;12;70;30;40;70;275;150.0;152;10;221;0;0;10094;70;0;47;;5;0;0;0;0;0
1836;344;20160915;13;100;40;40;60;286;;149;10;218;0;0;10091;73;0;43;;5;0;0;0;0;0
1837;344;20160915;14;100;50;50;90;284;;154;10;190;0;0;10089;70;2;45;;5;0;0;0;0;0
1838;344;20160915;15;130;40;30;80;283;;150;7;122;0;0;10087;73;2;44;;5;0;0;0;0;0
1839;344;20160915;16;200;40;40;60;273;;161;10;91;0;0;10088;67;3;50;;5;0;0;0;0;0
1840;344;20160915;17;220;50;50;110;253;;168;7;39;0;0;10092;64;1;59;;5;0;0;0;0;0
1841;344;20160915;18;260;50;50;80;222;216.0;178;3;9;0;0;10102;56;3;76;4.0;7;0;0;0;0;0
1842;344;20160915;19;250;40;50;100;207;;163;0;0;0;0;10110;69;3;76;;5;0;0;0;0;0
1843;344;20160915;20;260;40;30;70;198;;169;0;0;0;0;10110;70;4;83;;5;0;0;0;0;0
1844;344;20160915;21;230;40;60;90;200;;157;0;0;0;0;10112;75;3;76;;5;0;0;0;0;0
1845;344;20160915;22;170;60;80;120;200;;146;0;0;0;0;10128;75;8;71;91.0;7;0;0;0;1;0
1846;344;20160915;23;210;40;30;110;172;;161;0;0;8;67;10123;58;8;93;92.0;7;0;1;0;1;0
1847;344;20160915;24;200;30;30;70;172;166.0;161;0;0;5;3;10124;65;8;93;26.0;7;0;1;0;1;0
1848;344;20160916;1;200;30;30;80;168;;159;0;0;0;0;10119;60;8;94;;5;0;0;0;0;0
1849;344;20160916;2;190;40;30;60;166;;155;0;0;0;0;10115;59;8;93;10.0;7;0;0;0;0;0
1850;344;20160916;3;190;40;40;60;168;;157;0;0;0;0;10115;57;8;93;10.0;7;0;0;0;0;0
1851;344;20160916;4;190;50;50;80;168;;159;0;0;0;0;10113;50;8;94;10.0;7;0;0;0;0;0
1852;344;20160916;5;200;50;60;100;168;;153;0;0;0;0;10114;59;8;91;10.0;7;0;0;0;0;0
1853;344;20160916;6;200;50;30;130;166;157.0;150;0;3;0;0;10114;59;7;90;10.0;7;0;0;0;0;0
1854;344;20160916;7;190;40;40;70;170;;155;0;16;0;0;10119;58;8;91;10.0;7;0;0;0;0;0
1855;344;20160916;8;180;40;50;60;171;;152;0;33;0;0;10120;59;8;89;10.0;7;0;0;0;0;0
1856;344;20160916;9;170;50;50;70;176;;152;0;55;0;0;10118;59;8;86;10.0;7;0;0;0;0;0
1857;344;20160916;10;180;50;50;70;179;;155;0;61;0;0;10119;61;8;86;;5;0;0;0;0;0
1858;344;20160916;11;190;50;60;90;182;;150;0;60;0;0;10118;61;8;82;;5;0;0;0;0;0
1859;344;20160916;12;190;60;60;100;193;162.0;152;0;94;0;0;10114;72;8;77;;5;0;0;0;0;0
1860;344;20160916;13;190;60;60;110;196;;146;3;140;0;0;10112;75;8;73;;5;0;0;0;0;0
1861;344;20160916;14;190;60;70;120;201;;144;9;182;0;0;10109;75;7;70;;5;0;0;0;0;0
1862;344;20160916;15;190;60;60;100;209;;136;9;145;0;0;10103;81;6;63;;5;0;0;0;0;0
1863;344;20160916;16;190;60;60;110;210;;138;6;81;0;0;10102;81;7;63;;5;0;0;0;0;0
1864;344;20160916;17;180;60;50;100;199;;131;8;40;0;0;10102;80;1;65;;5;0;0;0;0;0
1865;344;20160916;18;160;40;40;100;191;179.0;130;0;4;0;0;10102;80;3;68;;5;0;0;0;0;0
1866;344;20160916;19;160;40;40;60;189;;131;0;0;0;0;10104;80;7;69;;5;0;0;0;0;0
1867;344;20160916;20;180;50;50;70;193;;128;0;0;0;0;10106;80;8;66;;5;0;0;0;0;0
1868;344;20160916;21;180;40;30;70;178;;148;0;0;0;0;10108;70;8;83;;5;0;0;0;0;0
1869;344;20160916;22;140;30;30;50;170;;146;0;0;0;0;10108;70;8;86;;5;0;0;0;0;0
1870;344;20160916;23;100;30;20;70;164;;141;0;0;0;0;10111;70;8;86;;5;0;0;0;0;0
1871;344;20160916;24;130;30;30;60;163;148.0;138;0;0;0;0;10111;70;4;85;;5;0;0;0;0;0
1872;344;20160917;1;140;30;30;40;166;;145;0;0;0;0;10113;68;8;87;;5;0;0;0;0;0
1873;344;20160917;2;150;20;20;50;155;;143;0;0;0;0;10115;61;2;93;;5;0;0;0;0;0
1874;344;20160917;3;170;20;10;30;150;;147;0;0;0;0;10116;56;6;98;10.0;7;0;0;0;0;0
1875;344;20160917;4;160;10;20;30;161;;158;0;0;3;2;10122;50;8;98;23.0;7;0;1;0;0;0
1876;344;20160917;5;200;30;20;40;166;;159;0;0;2;1;10128;65;8;96;23.0;7;0;1;0;0;0
1877;344;20160917;6;170;30;20;70;167;115.0;158;0;2;0;0;10138;65;8;94;2.0;7;0;0;0;0;0
1878;344;20160917;7;170;30;30;50;173;;157;7;40;0;0;10143;70;8;90;;5;0;0;0;0;0
1879;344;20160917;8;170;30;30;50;176;;153;7;62;0;0;10146;70;8;86;;5;0;0;0;0;0
1880;344;20160917;9;140;30;20;40;182;;150;4;87;0;0;10154;70;8;82;;5;0;0;0;0;0
1881;344;20160917;10;160;20;20;40;194;;151;6;151;0;0;10161;75;8;76;;5;0;0;0;0;0
1882;344;20160917;11;140;30;30;60;199;;140;3;150;0;0;10165;80;8;69;;5;0;0;0;0;0
1883;344;20160917;12;160;30;30;60;213;161.0;142;4;163;0;0;10165;81;8;64;;5;0;0;0;0;0
1884;344;20160917;13;80;20;20;50;210;;151;6;199;0;0;10170;80;8;69;;5;0;0;0;0;0
1885;344;20160917;14;70;20;30;50;210;;144;4;136;0;0;10173;80;8;65;;5;0;0;0;0;0
1886;344;20160917;15;70;30;30;50;209;;144;2;74;0;0;10175;80;8;66;;5;0;0;0;0;0
1887;344;20160917;16;50;30;30;50;200;;146;0;33;0;0;10178;75;8;71;;5;0;0;0;0;0
1888;344;20160917;17;20;20;20;40;198;;151;2;24;0;0;10179;75;8;73;;5;0;0;0;0;0
1889;344;20160917;18;360;20;20;40;191;184.0;153;3;10;0;0;10179;75;8;78;;5;0;0;0;0;0
1890;344;20160917;19;330;20;20;30;178;;158;0;0;0;0;10185;67;8;88;;5;0;0;0;0;0
1891;344;20160917;20;340;20;20;30;171;;158;0;0;0;0;10189;62;1;92;;5;0;0;0;0;0
1892;344;20160917;21;20;20;20;30;178;;157;0;0;0;0;10190;61;0;88;;5;0;0;0;0;0
1893;344;20160917;22;350;20;20;30;162;;152;0;0;0;0;10189;57;0;94;10.0;7;0;0;0;0;0
1894;344;20160917;23;360;20;20;30;158;;151;0;0;0;0;10187;50;1;96;10.0;7;0;0;0;0;0
1895;344;20160917;24;10;20;10;30;156;124.0;153;0;0;0;0;10186;33;7;98;10.0;7;0;0;0;0;0
1896;344;20160918;1;10;20;20;30;170;;164;0;0;0;0;10184;56;8;96;10.0;7;0;0;0;0;0
1897;344;20160918;2;360;20;20;40;169;;161;0;0;0;0;10185;57;8;95;10.0;7;0;0;0;0;0
1898;344;20160918;3;10;20;20;30;172;;160;0;0;0;0;10184;61;8;93;;5;0;0;0;0;0
1899;344;20160918;4;30;20;20;30;164;;151;0;0;0;0;10183;65;4;92;;5;0;0;0;0;0
1900;344;20160918;5;30;20;20;50;158;;148;0;0;0;0;10182;58;8;94;10.0;7;0;0;0;0;0
1901;344;20160918;6;360;20;10;30;161;124.0;150;0;4;0;0;10183;64;8;93;;5;0;0;0;0;0
1902;344;20160918;7;30;20;20;40;168;;150;2;31;0;0;10184;64;5;89;;5;0;0;0;0;0
1903;344;20160918;8;40;30;40;60;175;;148;10;90;0;0;10183;68;2;84;;5;0;0;0;0;0
1904;344;20160918;9;50;40;40;70;189;;144;7;101;0;0;10187;75;3;75;;5;0;0;0;0;0
1905;344;20160918;10;50;40;60;80;199;;131;7;152;0;0;10184;80;4;65;;5;0;0;0;0;0
1906;344;20160918;11;50;60;60;100;204;;124;10;236;0;0;10182;74;5;60;;5;0;0;0;0;0
1907;344;20160918;12;30;60;50;100;197;155.0;124;9;205;0;0;10181;81;7;63;;5;0;0;0;0;0
1908;344;20160918;13;40;40;40;70;193;;123;4;129;0;0;10179;81;3;64;;5;0;0;0;0;0
1909;344;20160918;14;40;40;30;80;201;;127;8;163;0;0;10176;81;3;62;;5;0;0;0;0;0
1910;344;20160918;15;10;40;40;60;200;;120;6;114;0;0;10175;82;2;60;;5;0;0;0;0;0
1911;344;20160918;16;30;40;40;70;194;;121;8;94;0;0;10175;82;3;63;;5;0;0;0;0;0
1912;344;20160918;17;40;40;40;60;179;;118;8;35;0;0;10177;80;2;67;;5;0;0;0;0;0
1913;344;20160918;18;10;20;20;40;168;134.0;117;0;4;0;0;10181;75;6;72;;5;0;0;0;0;0
1914;344;20160918;19;320;10;10;20;152;;123;0;0;0;0;10183;70;8;83;;5;0;0;0;0;0
1915;344;20160918;20;360;10;10;20;151;;125;0;0;0;0;10187;70;1;84;;5;0;0;0;0;0
1916;344;20160918;21;350;10;20;20;128;;118;0;0;0;0;10188;65;4;94;;5;0;0;0;0;0
1917;344;20160918;22;360;20;10;30;147;;123;0;0;0;0;10190;70;7;86;;5;0;0;0;0;0
1918;344;20160918;23;40;20;20;20;150;;128;0;0;0;0;10191;70;8;87;;5;0;0;0;0;0
1919;344;20160918;24;330;10;10;20;130;85.0;120;0;0;0;0;10190;65;1;94;;5;0;0;0;0;0
1920;344;20160919;1;350;10;10;20;125;;117;0;0;0;0;10192;65;8;95;;5;0;0;0;0;0
1921;344;20160919;2;30;10;10;20;121;;118;0;0;0;0;10193;13;0;98;10.0;7;0;0;0;0;0
1922;344;20160919;3;330;10;10;10;104;;101;0;0;0;0;10195;6;0;98;34.0;7;1;0;0;0;0
1923;344;20160919;4;330;10;10;10;104;;103;0;0;0;0;10196;2;7;99;34.0;7;1;0;0;0;0
1924;344;20160919;5;310;10;10;20;108;;105;0;0;0;0;10198;56;8;98;20.0;7;1;0;0;0;0
1925;344;20160919;6;110;10;10;20;123;60.0;118;0;2;0;0;10201;65;8;97;2.0;7;0;0;0;0;0
1926;344;20160919;7;0;0;0;10;135;;130;0;11;0;0;10203;62;8;97;;5;0;0;0;0;0
1927;344;20160919;8;50;10;10;20;151;;137;0;30;0;0;10207;65;8;91;;5;0;0;0;0;0
1928;344;20160919;9;50;10;10;20;161;;132;0;47;0;0;10211;70;8;83;;5;0;0;0;0;0
1929;344;20160919;10;30;10;10;20;171;;131;0;66;0;0;10213;75;8;77;;5;0;0;0;0;0
1930;344;20160919;11;10;10;10;20;179;;116;0;86;0;0;10211;80;8;67;;5;0;0;0;0;0
1931;344;20160919;12;20;10;10;20;181;119.0;105;0;70;0;0;10211;83;8;61;;5;0;0;0;0;0
1932;344;20160919;13;50;10;20;40;187;;95;1;108;0;0;10209;81;8;55;;5;0;0;0;0;0
1933;344;20160919;14;60;20;20;50;197;;99;9;191;0;0;10207;80;8;53;;5;0;0;0;0;0
1934;344;20160919;15;350;10;10;40;190;;99;0;69;0;0;10206;83;8;56;;5;0;0;0;0;0
1935;344;20160919;16;340;10;10;20;185;;109;0;35;0;0;10203;83;8;61;;5;0;0;0;0;0
1936;344;20160919;17;350;20;20;40;175;;108;0;20;0;0;10202;80;8;65;;5;0;0;0;0;0
1937;344;20160919;18;330;10;10;30;162;139.0;109;0;3;0;0;10204;75;8;71;;5;0;0;0;0;0
1938;344;20160919;19;40;10;10;20;151;;114;0;0;0;0;10206;75;8;79;;5;0;0;0;0;0
1939;344;20160919;20;60;10;10;20;140;;115;0;0;0;0;10206;70;8;85;;5;0;0;0;0;0
1940;344;20160919;21;90;10;10;20;140;;117;0;0;0;0;10205;70;5;86;;5;0;0;0;0;0
1941;344;20160919;22;0;0;0;20;123;;117;0;0;0;0;10203;65;1;96;;5;0;0;0;0;0
1942;344;20160919;23;0;10;0;10;121;;114;0;0;0;0;10203;65;7;95;;5;0;0;0;0;0
1943;344;20160919;24;100;10;10;10;129;80.0;111;0;0;0;0;10201;70;7;89;;5;0;0;0;0;0
1944;344;20160920;1;60;10;20;20;124;;113;0;0;0;0;10200;65;8;93;;5;0;0;0;0;0
1945;344;20160920;2;80;10;10;20;137;;116;0;0;0;0;10197;70;8;87;;5;0;0;0;0;0
1946;344;20160920;3;80;10;10;30;145;;111;0;0;0;0;10195;75;8;80;;5;0;0;0;0;0
1947;344;20160920;4;310;10;10;20;133;;115;0;0;0;0;10195;70;8;89;;5;0;0;0;0;0
1948;344;20160920;5;20;10;10;10;138;;116;0;0;0;0;10196;70;8;87;;5;0;0;0;0;0
1949;344;20160920;6;70;10;20;20;125;96.0;111;0;3;0;0;10196;65;3;91;;5;0;0;0;0;0
1950;344;20160920;7;340;10;10;20;133;;118;3;27;0;0;10198;65;6;91;;5;0;0;0;0;0
1951;344;20160920;8;0;10;0;20;176;;117;7;82;0;0;10198;75;2;68;;5;0;0;0;0;0
1952;344;20160920;9;350;10;10;20;184;;110;10;132;0;0;10201;80;0;62;;5;0;0;0;0;0
1953;344;20160920;10;100;20;20;50;194;;109;10;204;0;0;10199;80;7;58;;5;0;0;0;0;0
1954;344;20160920;11;70;30;30;50;185;;104;6;179;0;0;10199;82;8;59;;5;0;0;0;0;0
1955;344;20160920;12;60;30;30;60;193;108.0;102;8;199;0;0;10195;82;7;56;;5;0;0;0;0;0
1956;344;20160920;13;70;20;20;40;191;;104;1;103;0;0;10192;81;8;57;;5;0;0;0;0;0
1957;344;20160920;14;20;20;20;40;191;;98;4;144;0;0;10190;83;8;55;;5;0;0;0;0;0
1958;344;20160920;15;40;30;30;40;189;;91;0;77;0;0;10189;81;8;53;;5;0;0;0;0;0
1959;344;20160920;16;50;20;20;40;181;;103;0;47;0;0;10187;82;8;60;;5;0;0;0;0;0
1960;344;20160920;17;50;20;20;30;173;;102;2;21;0;0;10190;83;7;63;;5;0;0;0;0;0
1961;344;20160920;18;40;20;20;30;158;139.0;100;2;4;0;0;10192;80;8;68;;5;0;0;0;0;0
1962;344;20160920;19;20;20;20;30;157;;105;0;0;0;0;10195;75;8;71;;5;0;0;0;0;0
1963;344;20160920;20;70;20;20;30;148;;108;0;0;0;0;10198;75;8;77;;5;0;0;0;0;0
1964;344;20160920;21;80;20;20;30;147;;110;0;0;0;0;10198;75;8;78;;5;0;0;0;0;0
1965;344;20160920;22;40;10;10;20;149;;111;0;0;0;0;10199;75;8;78;;5;0;0;0;0;0
1966;344;20160920;23;50;10;10;20;147;;113;0;0;0;0;10199;75;8;80;;5;0;0;0;0;0
1967;344;20160920;24;80;10;20;30;142;126.0;113;0;0;0;0;10197;69;8;83;;5;0;0;0;0;0
1968;344;20160921;1;90;10;10;20;141;;116;0;0;0;0;10196;64;8;85;;5;0;0;0;0;0
1969;344;20160921;2;90;10;10;20;115;;104;0;0;0;0;10193;59;4;93;10.0;7;0;0;0;0;0
1970;344;20160921;3;60;10;10;20;102;;97;0;0;0;0;10193;57;0;97;10.0;7;0;0;0;0;0
1971;344;20160921;4;80;10;10;20;114;;111;0;0;0;0;10194;57;7;98;10.0;7;0;0;0;0;0
1972;344;20160921;5;40;10;10;10;124;;115;0;0;0;0;10194;58;8;94;10.0;7;0;0;0;0;0
1973;344;20160921;6;50;10;10;20;130;67.0;117;0;2;0;0;10196;60;8;92;;5;0;0;0;0;0
1974;344;20160921;7;80;10;10;20;145;;124;0;23;0;0;10196;60;7;87;;5;0;0;0;0;0
1975;344;20160921;8;90;20;20;40;160;;118;4;65;0;0;10198;75;8;76;;5;0;0;0;0;0
1976;344;20160921;9;110;20;20;50;175;;113;10;131;0;0;10200;73;8;67;;5;0;0;0;0;0
1977;344;20160921;10;110;30;30;50;187;;116;10;174;0;0;10198;70;8;63;;5;0;0;0;0;0
1978;344;20160921;11;100;30;20;50;189;;117;1;111;0;0;10196;64;8;63;;5;0;0;0;0;0
1979;344;20160921;12;120;30;30;50;196;119.0;111;2;128;0;0;10195;67;8;58;;5;0;0;0;0;0
1980;344;20160921;13;100;30;40;60;203;;116;3;120;0;0;10193;64;8;57;;5;0;0;0;0;0
1981;344;20160921;14;100;40;40;60;198;;117;4;109;0;0;10192;63;8;60;;5;0;0;0;0;0
1982;344;20160921;15;110;40;30;60;197;;115;3;79;0;0;10188;71;8;59;;5;0;0;0;0;0
1983;344;20160921;16;100;40;40;60;193;;108;0;38;0;0;10187;77;8;58;;5;0;0;0;0;0
1984;344;20160921;17;100;40;30;60;185;;105;5;21;0;0;10189;80;8;60;;5;0;0;0;0;0
1985;344;20160921;18;90;30;30;40;173;151.0;111;2;6;0;0;10193;76;8;67;;5;0;0;0;0;0
1986;344;20160921;19;110;30;30;50;162;;98;0;0;0;0;10197;80;8;66;;5;0;0;0;0;0
1987;344;20160921;20;100;30;20;50;131;;95;0;0;0;0;10200;75;8;79;;5;0;0;0;0;0
1988;344;20160921;21;100;20;20;30;126;;92;0;0;0;0;10201;75;8;80;;5;0;0;0;0;0
1989;344;20160921;22;120;20;30;40;126;;86;0;0;0;0;10200;75;8;77;;5;0;0;0;0;0
1990;344;20160921;23;100;20;10;30;113;;85;0;0;0;0;10201;70;8;83;;5;0;0;0;0;0
1991;344;20160921;24;0;10;0;10;104;63.0;88;0;0;0;0;10201;69;8;90;;5;0;0;0;0;0
1992;344;20160922;1;140;10;10;20;113;;98;0;0;0;0;10200;65;8;90;;5;0;0;0;0;0
1993;344;20160922;2;110;10;10;20;113;;98;0;0;0;0;10199;64;1;90;;5;0;0;0;0;0
1994;344;20160922;3;70;0;10;10;97;;89;0;0;0;0;10199;58;1;95;10.0;7;0;0;0;0;0
1995;344;20160922;4;110;10;10;10;100;;97;0;0;0;0;10196;57;8;98;10.0;7;0;0;0;0;0
1996;344;20160922;5;130;10;10;20;101;;91;0;0;0;0;10197;57;8;93;10.0;7;0;0;0;0;0
1997;344;20160922;6;160;10;20;40;113;49.0;95;0;4;0;0;10198;63;8;89;;5;0;0;0;0;0
1998;344;20160922;7;150;20;20;30;143;;110;5;34;0;0;10202;62;8;81;;5;0;0;0;0;0
1999;344;20160922;8;180;20;20;40;159;;119;5;69;0;0;10204;62;8;77;;5;0;0;0;0;0
2000;344;20160922;9;170;20;20;60;169;;125;0;61;0;0;10206;62;8;75;;5;0;0;0;0;0
2001;344;20160922;10;190;30;30;50;185;;130;0;98;0;0;10207;64;8;70;;5;0;0;0;0;0
2002;344;20160922;11;180;30;30;60;206;;129;6;165;0;0;10205;66;8;61;;5;0;0;0;0;0
2003;344;20160922;12;190;30;30;70;212;69.0;124;7;164;0;0;10203;68;8;57;;5;0;0;0;0;0
2004;344;20160922;13;210;40;40;60;209;;123;4;119;0;0;10202;70;8;58;;5;0;0;0;0;0
2005;344;20160922;14;190;30;40;60;210;;123;0;83;0;0;10201;67;8;58;;5;0;0;0;0;0
2006;344;20160922;15;220;40;30;80;212;;127;9;109;0;0;10200;71;6;58;;5;0;0;0;0;0
2007;344;20160922;16;230;30;40;60;207;;117;10;84;0;0;10200;73;7;56;;5;0;0;0;0;0
2008;344;20160922;17;280;30;20;60;190;;152;10;40;0;0;10202;60;0;79;;5;0;0;0;0;0
2009;344;20160922;18;260;20;20;30;177;145.0;148;2;6;0;0;10204;58;0;83;10.0;7;0;0;0;0;0
2010;344;20160922;19;230;20;10;20;156;;143;0;0;0;0;10206;58;2;92;10.0;7;0;0;0;0;0
2011;344;20160922;20;170;10;10;20;143;;140;0;0;0;0;10209;46;0;98;10.0;7;0;0;0;0;0
2012;344;20160922;21;180;10;10;20;141;;138;0;0;0;0;10209;41;1;98;10.0;7;0;0;0;0;0
2013;344;20160922;22;220;10;10;10;138;;135;0;0;0;0;10211;34;5;98;10.0;7;0;0;0;0;0
2014;344;20160922;23;230;10;20;20;143;;140;0;0;0;0;10212;50;7;98;10.0;7;0;0;0;0;0
2015;344;20160922;24;220;20;20;30;136;86.0;133;0;0;0;0;10211;56;4;98;10.0;7;0;0;0;0;0
2016;344;20160923;1;210;10;10;20;137;;134;0;0;0;0;10213;16;1;98;10.0;7;0;0;0;0;0
2017;344;20160923;2;240;20;30;40;129;;118;0;0;0;0;10215;65;4;93;;5;0;0;0;0;0
2018;344;20160923;3;220;30;30;40;138;;122;0;0;0;0;10216;70;3;90;;5;0;0;0;0;0
2019;344;20160923;4;200;20;20;30;128;;121;0;0;0;0;10216;65;0;96;;5;0;0;0;0;0
2020;344;20160923;5;190;30;30;40;152;;144;0;0;0;-1;10217;57;7;95;81.0;7;0;1;0;0;0
2021;344;20160923;6;240;30;30;50;142;71.0;135;0;2;2;23;10226;58;5;96;23.0;7;0;1;0;0;0
2022;344;20160923;7;270;30;20;40;154;;130;2;22;0;0;10236;70;1;86;;5;0;0;0;0;0
2023;344;20160923;8;280;20;30;50;176;;121;10;87;0;0;10241;75;0;70;;5;0;0;0;0;0
2024;344;20160923;9;280;40;50;70;182;;112;10;141;0;0;10245;81;0;64;;5;0;0;0;0;0
2025;344;20160923;10;280;40;50;90;185;;98;10;182;0;0;10251;81;0;57;;5;0;0;0;0;0
2026;344;20160923;11;280;50;40;80;187;;101;10;211;0;0;10251;81;0;57;;5;0;0;0;0;0
2027;344;20160923;12;260;50;50;90;184;130.0;93;10;201;0;0;10256;82;1;55;;5;0;0;0;0;0
2028;344;20160923;13;260;50;50;80;186;;91;10;216;0;0;10254;81;0;54;;5;0;0;0;0;0
2029;344;20160923;14;260;50;50;80;185;;83;10;191;0;0;10257;81;0;51;;5;0;0;0;0;0
2030;344;20160923;15;290;40;40;70;175;;82;10;140;0;0;10260;82;0;54;;5;0;0;0;0;0
2031;344;20160923;16;270;30;30;60;172;;93;10;95;0;0;10260;82;0;60;;5;0;0;0;0;0
2032;344;20160923;17;260;30;20;50;153;;85;10;41;0;0;10255;83;0;64;;5;0;0;0;0;0
2033;344;20160923;18;270;20;20;20;135;91.0;91;0;3;0;0;10254;71;0;75;;5;0;0;0;0;0
2034;344;20160923;19;40;10;10;20;119;;93;0;0;0;0;10256;70;0;84;;5;0;0;0;0;0
2035;344;20160923;20;0;0;0;10;109;;90;0;0;0;0;10257;70;0;88;;5;0;0;0;0;0
2036;344;20160923;21;110;10;10;20;105;;93;0;0;0;0;10255;65;0;92;;5;0;0;0;0;0
2037;344;20160923;22;140;10;10;20;103;;92;0;0;0;0;10250;65;0;93;;5;0;0;0;0;0
2038;344;20160923;23;140;10;10;20;108;;94;0;0;0;0;10250;65;2;91;;5;0;0;0;0;0
2039;344;20160923;24;90;10;10;20;111;48.0;98;0;0;0;0;10247;65;0;92;;5;0;0;0;0;0
2040;344;20160924;1;150;20;30;30;102;;90;0;0;0;0;10240;65;0;92;;5;0;0;0;0;0
2041;344;20160924;2;160;40;40;60;133;;93;0;0;0;0;10237;75;0;77;;5;0;0;0;0;0
2042;344;20160924;3;160;50;50;70;132;;93;0;0;0;0;10233;75;0;77;;5;0;0;0;0;0
2043;344;20160924;4;160;40;40;70;133;;100;0;0;0;0;10230;75;0;80;;5;0;0;0;0;0
2044;344;20160924;5;180;40;40;60;130;;106;0;0;0;0;10227;68;0;85;;5;0;0;0;0;0
2045;344;20160924;6;180;40;40;100;132;45.0;114;0;3;0;0;10229;64;1;89;;5;0;0;0;0;0
2046;344;20160924;7;190;40;30;60;146;;122;7;30;0;0;10231;66;0;86;;5;0;0;0;0;0
2047;344;20160924;8;190;30;30;70;166;;126;10;86;0;0;10231;72;0;77;;5;0;0;0;0;0
2048;344;20160924;9;170;30;40;50;185;;125;10;137;0;0;10232;76;0;68;;5;0;0;0;0;0
2049;344;20160924;10;170;40;40;60;202;;114;10;172;0;0;10230;81;0;57;;5;0;0;0;0;0
2050;344;20160924;11;170;50;50;90;216;;125;10;206;0;0;10227;74;2;56;;5;0;0;0;0;0
2051;344;20160924;12;190;50;50;90;230;121.0;119;10;205;0;0;10219;74;2;50;;5;0;0;0;0;0
2052;344;20160924;13;190;70;70;110;238;;91;10;210;0;0;10211;81;2;39;;5;0;0;0;0;0
2053;344;20160924;14;200;70;60;110;235;;101;10;178;0;0;10203;80;1;43;;5;0;0;0;0;0
2054;344;20160924;15;170;60;60;110;236;;106;10;141;0;0;10196;80;3;44;;5;0;0;0;0;0
2055;344;20160924;16;180;60;50;80;232;;97;10;87;0;0;10191;81;3;42;;5;0;0;0;0;0
2056;344;20160924;17;160;50;50;80;216;;101;10;30;0;0;10189;82;2;48;;5;0;0;0;0;0
2057;344;20160924;18;160;40;40;70;201;181.0;96;0;3;0;0;10188;83;3;51;;5;0;0;0;0;0
2058;344;20160924;19;160;30;30;80;191;;99;0;0;0;0;10187;83;7;55;;5;0;0;0;0;0
2059;344;20160924;20;160;30;40;50;187;;99;0;0;0;0;10185;83;7;57;;5;0;0;0;0;0
2060;344;20160924;21;150;30;30;50;179;;98;0;0;0;0;10182;80;7;59;;5;0;0;0;0;0
2061;344;20160924;22;150;30;40;50;175;;101;0;0;0;0;10177;83;6;62;;5;0;0;0;0;0
2062;344;20160924;23;150;30;30;60;170;;93;0;0;0;0;10170;82;1;60;;5;0;0;0;0;0
2063;344;20160924;24;160;40;50;70;168;137.0;91;0;0;0;0;10166;82;6;60;;5;0;0;0;0;0
2064;344;20160925;1;160;40;50;60;162;;89;0;0;0;0;10162;83;1;62;;5;0;0;0;0;0
2065;344;20160925;2;160;50;50;80;154;;91;0;0;0;0;10157;80;0;66;;5;0;0;0;0;0
2066;344;20160925;3;160;50;50;70;150;;92;0;0;0;0;10154;80;0;68;;5;0;0;0;0;0
2067;344;20160925;4;160;50;50;70;146;;93;0;0;0;0;10151;75;0;70;;5;0;0;0;0;0
2068;344;20160925;5;150;50;50;70;145;;96;0;0;0;0;10144;75;0;72;;5;0;0;0;0;0
2069;344;20160925;6;150;50;50;110;147;131.0;98;0;2;0;0;10142;75;0;72;;5;0;0;0;0;0
2070;344;20160925;7;160;50;50;100;156;;103;10;35;0;0;10144;75;0;71;;5;0;0;0;0;0
2071;344;20160925;8;170;50;50;80;172;;110;10;86;0;0;10142;77;0;67;;5;0;0;0;0;0
2072;344;20160925;9;180;60;60;90;193;;117;10;137;0;0;10144;80;6;61;;5;0;0;0;0;0
2073;344;20160925;10;190;60;60;100;210;;124;10;167;0;0;10143;79;1;58;;5;0;0;0;0;0
2074;344;20160925;11;210;60;60;100;220;;129;10;198;0;0;10141;76;1;56;;5;0;0;0;0;0
2075;344;20160925;12;220;60;60;90;218;137.0;139;10;194;0;0;10145;78;6;61;;5;0;0;0;0;0
2076;344;20160925;13;240;60;50;90;204;;145;2;73;0;0;10153;80;8;69;;5;0;0;0;0;0
2077;344;20160925;14;250;70;60;110;191;;141;0;28;0;0;10161;75;8;73;;5;0;0;0;0;0
2078;344;20160925;15;260;60;60;100;181;;115;0;18;0;-1;10171;80;8;65;23.0;7;0;1;0;0;0
2079;344;20160925;16;250;60;60;100;175;;106;0;14;0;-1;10180;80;8;64;23.0;7;0;1;0;0;0
2080;344;20160925;17;240;50;50;100;173;;124;2;9;0;0;10185;75;8;73;;5;0;0;0;0;0
2081;344;20160925;18;240;50;40;70;170;160.0;119;0;6;0;0;10190;70;8;72;2.0;7;0;0;0;0;0
2082;344;20160925;19;240;40;40;60;152;;119;0;0;0;0;10198;70;2;81;;5;0;0;0;0;0
2083;344;20160925;20;220;40;40;60;157;;121;0;0;0;0;10202;67;1;79;;5;0;0;0;0;0
2084;344;20160925;21;180;30;30;50;154;;126;0;0;0;0;10207;65;5;83;;5;0;0;0;0;0
2085;344;20160925;22;190;30;40;50;148;;118;0;0;0;0;10210;66;2;82;;5;0;0;0;0;0
2086;344;20160925;23;180;30;30;50;140;;114;0;0;0;0;10214;67;1;84;;5;0;0;0;0;0
2087;344;20160925;24;200;30;30;40;124;91.0;109;0;0;0;0;10217;65;0;91;;5;0;0;0;0;0
2088;344;20160926;1;180;20;20;30;137;;118;0;0;0;0;10221;66;7;88;;5;0;0;0;0;0
2089;344;20160926;2;180;10;20;30;133;;118;0;0;0;0;10223;65;1;91;;5;0;0;0;0;0
2090;344;20160926;3;190;10;20;30;130;;117;0;0;0;0;10225;65;6;92;;5;0;0;0;0;0
2091;344;20160926;4;170;20;20;30;134;;125;0;0;3;1;10226;64;8;94;51.0;7;0;1;0;0;0
2092;344;20160926;5;130;10;10;20;126;;121;0;0;0;-1;10226;62;8;97;22.0;7;0;1;0;0;0
2093;344;20160926;6;160;20;20;40;122;82.0;118;0;3;0;0;10231;64;4;97;1.0;7;0;0;0;0;0
2094;344;20160926;7;170;20;20;40;139;;120;3;25;0;0;10233;64;1;88;;5;0;0;0;0;0
2095;344;20160926;8;150;20;20;30;169;;120;10;86;0;0;10235;65;8;73;;5;0;0;0;0;0
2096;344;20160926;9;120;10;10;60;175;;111;8;116;0;0;10236;80;7;66;;5;0;0;0;0;0
2097;344;20160926;10;170;10;20;40;170;;112;0;51;0;0;10236;80;7;69;;5;0;0;0;0;0
2098;344;20160926;11;170;20;20;40;181;;123;1;92;0;0;10238;75;8;69;;5;0;0;0;0;0
2099;344;20160926;12;180;20;30;40;178;85.0;109;1;118;0;0;10235;80;8;64;;5;0;0;0;0;0
2100;344;20160926;13;200;30;30;50;175;;104;0;81;0;0;10237;79;8;63;;5;0;0;0;0;0
2101;344;20160926;14;220;20;20;40;173;;116;0;49;0;0;10238;80;8;69;;5;0;0;0;0;0
2102;344;20160926;15;250;30;30;50;169;;111;0;41;0;0;10238;79;8;69;;5;0;0;0;0;0
2103;344;20160926;16;270;30;20;50;168;;113;2;38;0;0;10239;75;8;70;;5;0;0;0;0;0
2104;344;20160926;17;270;20;20;30;158;;101;0;18;0;0;10241;80;8;69;;5;0;0;0;0;0
2105;344;20160926;18;0;10;0;20;134;114.0;102;0;2;0;0;10240;70;8;81;;5;0;0;0;0;0
2106;344;20160926;19;230;10;10;20;118;;97;0;0;0;0;10241;70;8;87;;5;0;0;0;0;0
2107;344;20160926;20;0;0;0;10;120;;105;0;0;0;0;10245;65;1;91;;5;0;0;0;0;0
2108;344;20160926;21;120;10;10;20;106;;101;0;0;0;0;10246;65;0;97;;5;0;0;0;0;0
2109;344;20160926;22;140;0;10;10;97;;92;0;0;0;0;10244;65;0;97;;5;0;0;0;0;0
2110;344;20160926;23;0;0;0;10;86;;83;0;0;0;0;10246;14;0;98;10.0;7;0;0;0;0;0
2111;344;20160926;24;140;10;10;20;94;31.0;91;0;0;0;0;10247;57;0;98;20.0;7;1;0;0;0;0
2112;344;20160927;1;0;10;0;20;75;;73;0;0;0;0;10247;57;0;98;;5;0;0;0;0;0
2113;344;20160927;2;90;10;10;10;81;;78;0;0;0;0;10248;31;0;98;20.0;7;1;0;0;0;0
2114;344;20160927;3;130;0;10;10;66;;65;0;0;0;0;10249;3;0;99;34.0;7;1;0;0;0;0
2115;344;20160927;4;0;10;0;10;76;;73;0;0;0;0;10251;6;0;98;32.0;7;1;0;0;0;0
2116;344;20160927;5;140;10;20;20;87;;84;0;0;0;0;10255;30;0;98;20.0;7;1;0;0;0;0
2117;344;20160927;6;170;20;20;50;99;19.0;96;0;2;0;0;10254;58;0;98;10.0;7;0;0;0;0;0
2118;344;20160927;7;150;20;20;40;122;;110;8;33;0;0;10255;65;0;92;;5;0;0;0;0;0
2119;344;20160927;8;180;30;30;70;151;;110;10;80;0;0;10255;69;0;76;;5;0;0;0;0;0
2120;344;20160927;9;190;40;50;70;169;;109;10;133;0;0;10257;71;0;68;;5;0;0;0;0;0
2121;344;20160927;10;190;50;50;80;181;;91;10;174;0;0;10259;70;0;56;;5;0;0;0;0;0
2122;344;20160927;11;190;50;40;90;191;;96;10;201;0;0;10258;70;0;54;;5;0;0;0;0;0
2123;344;20160927;12;180;50;50;100;201;40.0;85;10;211;0;0;10254;81;0;47;;5;0;0;0;0;0
2124;344;20160927;13;200;50;60;90;210;;80;10;204;0;0;10252;79;0;43;;5;0;0;0;0;0
2125;344;20160927;14;200;60;60;90;213;;70;10;184;0;0;10248;77;1;40;;5;0;0;0;0;0
2126;344;20160927;15;200;60;60;90;202;;77;9;125;0;0;10244;80;3;44;;5;0;0;0;0;0
2127;344;20160927;16;190;50;50;90;196;;82;0;40;0;0;10245;82;6;48;;5;0;0;0;0;0
2128;344;20160927;17;190;50;50;80;189;;88;0;15;0;0;10243;82;6;52;;5;0;0;0;0;0
2129;344;20160927;18;190;40;40;80;184;166.0;88;0;1;0;0;10244;82;6;54;;5;0;0;0;0;0
2130;344;20160927;19;190;40;40;80;178;;92;0;0;0;0;10247;82;4;57;;5;0;0;0;0;0
2131;344;20160927;20;200;50;60;90;183;;92;0;0;0;0;10243;82;7;55;;5;0;0;0;0;0
2132;344;20160927;21;210;60;50;90;181;;97;0;0;0;0;10245;82;8;58;;5;0;0;0;0;0
2133;344;20160927;22;220;50;50;90;180;;104;0;0;0;0;10246;81;8;61;;5;0;0;0;0;0
2134;344;20160927;23;220;50;50;90;182;;122;0;0;0;0;10240;80;8;68;;5;0;0;0;0;0
2135;344;20160927;24;220;60;50;100;162;159.0;152;0;0;5;4;10239;57;8;94;22.0;7;0;1;0;0;0
2136;344;20160928;1;210;40;40;70;166;;156;0;0;9;6;10235;57;8;94;52.0;7;0;1;0;0;0
2137;344;20160928;2;220;50;60;90;173;;160;0;0;0;-1;10231;65;8;92;22.0;7;0;1;0;0;0
2138;344;20160928;3;220;70;70;100;175;;163;0;0;0;0;10226;64;8;93;2.0;7;0;0;0;0;0
2139;344;20160928;4;230;70;60;120;173;;162;0;0;0;0;10227;65;8;93;;5;0;0;0;0;0
2140;344;20160928;5;230;70;70;120;176;;161;0;0;0;0;10229;65;7;91;;5;0;0;0;0;0
2141;344;20160928;6;250;70;70;110;175;159.0;152;0;1;0;0;10231;70;7;86;2.0;7;0;0;0;0;0
2142;344;20160928;7;240;60;50;90;178;;152;5;26;0;0;10233;70;2;85;;5;0;0;0;0;0
2143;344;20160928;8;240;70;70;120;185;;151;7;61;0;0;10234;70;1;81;;5;0;0;0;0;0
2144;344;20160928;9;250;80;80;110;195;;147;10;131;0;0;10240;70;1;74;;5;0;0;0;0;0
2145;344;20160928;10;240;70;70;120;196;;136;9;165;0;0;10240;74;2;68;;5;0;0;0;0;0
2146;344;20160928;11;250;80;90;130;204;;139;10;196;0;0;10237;65;2;66;;5;0;0;0;0;0
2147;344;20160928;12;250;80;70;120;199;167.0;137;8;182;0;0;10237;64;2;67;;5;0;0;0;0;0
2148;344;20160928;13;250;80;70;120;205;;144;9;193;0;0;10238;63;5;68;;5;0;0;0;0;0
2149;344;20160928;14;250;80;70;130;196;;136;8;152;0;0;10233;63;2;68;;5;0;0;0;0;0
2150;344;20160928;15;250;60;60;110;198;;136;6;83;0;0;10231;63;5;67;;5;0;0;0;0;0
2151;344;20160928;16;230;80;70;120;205;;137;5;63;0;0;10225;64;7;65;;5;0;0;0;0;0
2152;344;20160928;17;230;80;90;140;193;;138;7;25;0;0;10225;63;6;70;;5;0;0;0;0;0
2153;344;20160928;18;230;70;70;120;189;183.0;142;0;3;0;0;10224;62;8;74;;5;0;0;0;0;0
2154;344;20160928;19;230;70;80;120;182;;142;0;0;0;0;10220;62;4;77;;5;0;0;0;0;0
2155;344;20160928;20;220;80;80;120;178;;137;0;0;0;0;10215;63;1;77;;5;0;0;0;0;0
2156;344;20160928;21;220;80;80;130;174;;128;0;0;0;0;10211;65;2;74;;5;0;0;0;0;0
2157;344;20160928;22;230;70;50;110;170;;125;0;0;0;0;10211;67;1;75;;5;0;0;0;0;0
2158;344;20160928;23;230;60;50;90;170;;120;0;0;0;0;10207;66;8;72;;5;0;0;0;0;0
2159;344;20160928;24;230;60;60;90;169;158.0;122;0;0;0;0;10200;65;1;74;;5;0;0;0;0;0
2160;344;20160929;1;220;60;70;110;167;;111;0;0;0;0;10196;68;8;70;;5;0;0;0;0;0
2161;344;20160929;2;220;70;80;120;170;;112;0;0;0;0;10186;72;8;69;;5;0;0;0;0;0
2162;344;20160929;3;210;70;70;120;167;;115;0;0;0;0;10176;71;8;71;;5;0;0;0;0;0
2163;344;20160929;4;210;70;80;120;160;;126;0;0;0;0;10166;62;8;80;;5;0;0;0;0;0
2164;344;20160929;5;210;80;90;120;160;;133;0;0;0;0;10162;65;8;84;;5;0;0;0;0;0
2165;344;20160929;6;210;80;80;130;158;151.0;137;0;1;0;0;10158;62;8;87;;5;0;0;0;0;0
2166;344;20160929;7;220;80;90;140;166;;140;0;13;0;0;10155;60;8;85;;5;0;0;0;0;0
2167;344;20160929;8;230;80;70;140;168;;144;0;12;0;0;10155;60;8;86;;5;0;0;0;0;0
2168;344;20160929;9;220;80;80;140;172;;143;0;26;0;0;10151;63;8;83;;5;0;0;0;0;0
2169;344;20160929;10;220;90;90;130;166;;153;0;24;0;-1;10147;36;8;92;52.0;7;0;1;0;0;0
2170;344;20160929;11;220;90;90;140;174;;153;0;49;0;-1;10141;63;8;87;22.0;7;0;1;0;0;0
2171;344;20160929;12;220;100;110;170;176;151.0;151;0;36;0;0;10133;58;8;85;10.0;7;0;0;0;0;0
2172;344;20160929;13;220;90;70;130;168;;156;0;46;0;-1;10130;41;8;93;52.0;7;0;1;0;0;0
2173;344;20160929;14;220;80;80;130;164;;155;0;37;9;3;10126;44;8;94;52.0;7;0;1;0;0;0
2174;344;20160929;15;210;70;70;120;161;;153;0;24;10;8;10124;40;8;95;82.0;7;0;1;0;0;0
2175;344;20160929;16;240;60;50;130;150;;147;0;10;10;40;10128;39;8;98;52.0;7;0;1;0;0;0
2176;344;20160929;17;240;70;70;100;155;;143;0;8;0;-1;10128;65;8;93;22.0;7;0;1;0;0;0
2177;344;20160929;18;240;60;60;100;157;148.0;136;0;1;0;-1;10128;70;8;87;23.0;7;0;1;0;0;0
2178;344;20160929;19;240;60;60;80;158;;130;0;0;0;0;10130;70;8;83;;5;0;0;0;0;0
2179;344;20160929;20;240;60;60;100;159;;132;0;0;0;0;10131;70;8;84;;5;0;0;0;0;0
2180;344;20160929;21;220;60;50;90;156;;137;0;0;0;0;10130;70;8;88;;5;0;0;0;0;0
2181;344;20160929;22;240;50;40;90;149;;128;0;0;0;-1;10132;70;1;87;23.0;7;0;1;0;0;0
2182;344;20160929;23;260;30;30;60;152;;102;0;0;0;0;10130;73;8;72;;5;0;0;0;0;0
2183;344;20160929;24;240;30;30;40;146;130.0;110;0;0;0;0;10127;73;8;79;2.0;7;0;0;0;0;0
2184;344;20160930;1;250;30;20;40;143;;107;0;0;0;0;10126;72;8;79;;5;0;0;0;0;0
2185;344;20160930;2;220;20;20;30;129;;105;0;0;0;0;10124;70;8;85;;5;0;0;0;0;0
2186;344;20160930;3;230;20;20;30;130;;103;0;0;0;0;10121;70;8;84;;5;0;0;0;0;0
2187;344;20160930;4;220;20;20;30;128;;104;0;0;0;0;10120;70;8;85;;5;0;0;0;0;0
2188;344;20160930;5;200;20;20;30;129;;115;0;0;0;0;10122;65;8;91;;5;0;0;0;0;0
2189;344;20160930;6;210;30;30;60;141;110.0;115;0;1;0;0;10126;70;8;84;;5;0;0;0;0;0
2190;344;20160930;7;220;40;40;60;144;;115;0;7;0;0;10125;70;8;83;;5;0;0;0;0;0
2191;344;20160930;8;220;50;50;80;152;;118;0;36;0;0;10128;73;8;80;;5;0;0;0;0;0
2192;344;20160930;9;220;50;60;90;157;;118;0;57;0;0;10133;75;8;78;;5;0;0;0;0;0
2193;344;20160930;10;220;60;60;100;165;;115;2;106;0;0;10135;73;8;72;;5;0;0;0;0;0
2194;344;20160930;11;250;70;70;110;172;;99;7;173;0;0;10137;76;8;62;;5;0;0;0;0;0
2195;344;20160930;12;250;70;70;110;170;132.0;94;9;159;0;0;10138;80;0;61;;5;0;0;0;0;0
2196;344;20160930;13;240;70;80;110;181;;88;10;181;0;0;10135;81;1;55;;5;0;0;0;0;0
2197;344;20160930;14;230;70;70;120;174;;84;10;175;0;0;10135;81;4;55;;5;0;0;0;0;0
2198;344;20160930;15;240;70;70;130;173;;86;10;121;0;0;10132;81;1;57;;5;0;0;0;0;0
2199;344;20160930;16;220;60;50;90;164;;90;10;72;0;0;10128;82;4;62;;5;0;0;0;0;0
2200;344;20160930;17;220;40;30;80;148;;86;8;26;0;0;10129;80;0;66;;5;0;0;0;0;0
2201;344;20160930;18;210;30;30;50;155;133.0;96;0;1;0;0;10132;80;8;68;;5;0;0;0;0;0
2202;344;20160930;19;190;40;40;60;155;;104;0;0;0;0;10130;75;8;72;;5;0;0;0;0;0
2203;344;20160930;20;200;30;30;50;149;;108;0;0;0;0;10128;75;8;76;;5;0;0;0;0;0
2204;344;20160930;21;180;30;30;50;147;;111;0;0;0;-1;10124;75;8;79;22.0;7;0;1;0;0;0
2205;344;20160930;22;200;40;30;50;143;;111;0;0;0;0;10120;70;8;81;;5;0;0;0;0;0
2206;344;20160930;23;180;30;30;50;139;;113;0;0;0;0;10115;70;8;84;;5;0;0;0;0;0
2207;344;20160930;24;160;30;30;50;135;123.0;113;0;0;0;0;10109;70;8;87;2.0;7;0;0;0;0;0
2208;344;20161001;1;170;30;30;40;141;;112;0;0;0;0;10103;70;8;83;;5;0;0;0;0;0
2209;344;20161001;2;170;30;40;50;127;;105;0;0;0;0;10098;70;3;86;;5;0;0;0;0;0
2210;344;20161001;3;160;30;20;40;114;;102;0;0;0;0;10094;65;1;92;;5;0;0;0;0;0
2211;344;20161001;4;140;20;10;30;115;;105;0;0;0;0;10089;65;8;94;;5;0;0;0;0;0
2212;344;20161001;5;170;20;30;30;118;;108;0;0;0;0;10089;65;8;94;;5;0;0;0;0;0
2213;344;20161001;6;170;30;20;60;130;66.0;113;0;1;0;0;10086;68;8;89;;5;0;0;0;0;0
2214;344;20161001;7;160;30;30;60;135;;112;0;8;0;0;10082;70;8;86;;5;0;0;0;0;0
2215;344;20161001;8;150;30;30;50;142;;110;0;34;0;0;10081;70;8;81;;5;0;0;0;0;0
2216;344;20161001;9;180;40;40;60;149;;109;2;68;0;0;10082;72;8;77;;5;0;0;0;0;0
2217;344;20161001;10;180;50;60;90;165;;101;7;139;0;0;10080;80;8;66;;5;0;0;0;0;0
2218;344;20161001;11;180;50;50;90;163;;106;6;156;0;0;10078;80;8;69;;5;0;0;0;0;0
2219;344;20161001;12;190;50;50;80;171;121.0;111;3;126;0;0;10072;80;8;68;;5;0;0;0;0;0
2220;344;20161001;13;200;50;60;90;173;;106;8;173;0;0;10069;80;7;65;;5;0;0;0;0;0
2221;344;20161001;14;200;60;50;110;179;;101;6;117;0;0;10063;83;7;60;;5;0;0;0;0;0
2222;344;20161001;15;210;60;60;100;174;;98;5;69;0;0;10059;82;4;61;;5;0;0;0;0;0
2223;344;20161001;16;180;50;60;100;168;;101;0;26;0;0;10056;80;7;65;91.0;7;0;0;0;1;0
2224;344;20161001;17;240;60;30;110;126;;108;0;4;3;19;10064;67;8;89;81.0;7;0;1;0;1;0
2225;344;20161001;18;210;20;30;50;130;111.0;113;0;1;5;11;10071;70;8;89;26.0;7;0;1;0;1;0
2226;344;20161001;19;210;30;30;60;130;;108;0;0;0;0;10066;70;2;86;;5;0;0;0;0;0
2227;344;20161001;20;200;40;50;70;128;;101;0;0;0;0;10072;70;7;84;;5;0;0;0;0;0
2228;344;20161001;21;200;50;50;80;118;;96;0;0;0;0;10073;70;1;86;;5;0;0;0;0;0
2229;344;20161001;22;190;50;50;80;115;;94;0;0;0;0;10072;70;1;87;;5;0;0;0;0;0
2230;344;20161001;23;190;50;50;90;114;;96;0;0;0;0;10074;70;2;89;;5;0;0;0;0;0
2231;344;20161001;24;200;50;50;90;111;102.0;94;0;0;0;0;10073;70;0;89;;5;0;0;0;0;0
2232;344;20161002;1;190;50;50;80;110;;92;0;0;0;0;10073;70;2;89;;5;0;0;0;0;0
2233;344;20161002;2;190;50;40;70;107;;90;0;0;0;0;10071;70;0;89;;5;0;0;0;0;0
2234;344;20161002;3;190;40;40;70;102;;88;0;0;0;0;10071;65;1;91;;5;0;0;0;0;0
2235;344;20161002;4;200;40;40;60;106;;89;0;0;0;0;10072;70;6;89;;5;0;0;0;0;0
2236;344;20161002;5;200;50;50;90;111;;93;0;0;0;0;10071;70;8;89;;5;0;0;0;0;0
2237;344;20161002;6;190;50;50;80;109;93.0;94;0;1;0;0;10072;70;6;90;;5;0;0;0;0;0
2238;344;20161002;7;200;50;50;80;115;;99;3;18;0;0;10075;66;5;90;;5;0;0;0;0;0
2239;344;20161002;8;210;50;50;80;136;;111;10;103;0;0;10079;70;6;85;;5;0;0;0;0;0
2240;344;20161002;9;220;50;60;90;149;;109;5;74;0;-1;10082;75;1;77;23.0;7;0;1;0;0;0
2241;344;20161002;10;260;60;60;100;128;;110;8;119;2;6;10087;59;8;89;82.0;7;0;1;0;0;0
2242;344;20161002;11;240;40;40;70;136;;124;2;71;4;4;10094;65;8;92;23.0;7;0;1;0;0;0
2243;344;20161002;12;290;40;40;90;135;102.0;115;1;48;8;6;10101;70;8;88;57.0;7;0;1;0;0;0
2244;344;20161002;13;290;40;50;90;140;;122;2;95;4;7;10105;59;8;89;62.0;7;0;1;0;0;0
2245;344;20161002;14;320;30;30;80;139;;124;2;50;9;17;10114;65;8;91;61.0;7;0;1;0;0;0
2246;344;20161002;15;320;60;60;130;148;;112;4;60;5;3;10120;65;8;79;81.0;7;0;1;0;0;0
2247;344;20161002;16;310;80;90;130;158;;104;7;66;0;-1;10130;73;7;70;23.0;7;0;1;0;0;0
2248;344;20161002;17;310;70;80;130;149;;102;5;13;0;-1;10137;68;8;73;81.0;7;0;1;0;0;0
2249;344;20161002;18;300;70;70;140;149;134.0;97;0;1;0;-1;10148;73;8;71;23.0;7;0;1;0;0;0
2250;344;20161002;19;310;80;80;130;138;;111;0;0;3;6;10158;70;6;84;23.0;7;0;1;0;0;0
2251;344;20161002;20;310;60;60;120;142;;104;0;0;4;20;10166;72;7;78;23.0;7;0;1;0;0;0
2252;344;20161002;21;320;60;70;130;131;;114;0;0;4;10;10179;59;8;89;81.0;7;0;1;0;0;0
2253;344;20161002;22;310;60;60;120;130;;113;0;0;9;17;10183;67;8;89;61.0;7;0;1;0;0;0
2254;344;20161002;23;300;60;60;110;136;;117;0;0;6;6;10192;66;8;88;81.0;7;0;1;0;0;0
2255;344;20161002;24;290;50;60;100;136;125.0;115;0;0;0;-1;10197;70;5;87;23.0;7;0;1;0;0;0
2256;344;20161003;1;310;50;60;100;137;;119;0;0;5;8;10204;66;8;89;81.0;7;0;1;0;0;0
2257;344;20161003;2;300;50;50;80;133;;119;0;0;8;23;10207;65;6;91;23.0;7;0;1;0;0;0
2258;344;20161003;3;290;50;20;150;134;;129;0;0;8;104;10211;65;8;97;23.0;7;0;1;0;0;0
2259;344;20161003;4;360;30;40;80;135;;123;0;0;7;67;10219;38;8;92;83.0;7;0;1;0;0;0
2260;344;20161003;5;330;30;30;70;135;;124;0;0;9;30;10228;58;8;93;82.0;7;0;1;0;0;0
2261;344;20161003;6;300;20;30;50;126;107.0;119;0;1;3;5;10231;65;3;95;23.0;7;0;1;0;0;0
2262;344;20161003;7;330;30;30;60;142;;126;0;12;0;0;10238;70;7;90;;5;0;0;0;0;0
2263;344;20161003;8;360;20;20;50;157;;122;5;55;0;0;10249;75;2;80;;5;0;0;0;0;0
2264;344;20161003;9;10;30;40;60;167;;117;10;119;0;0;10255;75;0;72;;5;0;0;0;0;0
2265;344;20161003;10;20;40;50;70;174;;113;10;162;0;0;10260;80;1;67;;5;0;0;0;0;0
2266;344;20161003;11;360;40;40;70;170;;113;5;107;0;0;10266;80;8;69;;5;0;0;0;0;0
2267;344;20161003;12;330;30;30;60;185;107.0;116;5;140;0;0;10268;80;8;64;;5;0;0;0;0;0
2268;344;20161003;13;320;30;30;50;176;;125;0;93;0;0;10268;75;8;72;;5;0;0;0;0;0
2269;344;20161003;14;360;30;40;60;173;;130;5;90;2;1;10270;75;8;76;81.0;7;0;1;0;0;0
2270;344;20161003;15;20;40;40;60;183;;121;6;84;0;-1;10274;80;7;67;23.0;7;0;1;0;0;0
2271;344;20161003;16;50;40;30;80;169;;117;5;54;0;0;10276;75;1;71;;5;0;0;0;0;0
2272;344;20161003;17;20;30;30;60;158;;110;7;24;0;0;10282;75;0;73;;5;0;0;0;0;0
2273;344;20161003;18;30;30;30;60;144;131.0;111;0;1;0;0;10289;70;0;81;2.0;7;0;0;0;0;0
2274;344;20161003;19;30;30;30;50;139;;111;0;0;0;0;10294;70;0;83;;5;0;0;0;0;0
2275;344;20161003;20;30;20;20;40;128;;109;0;0;0;0;10298;70;0;88;;5;0;0;0;0;0
2276;344;20161003;21;40;20;30;50;128;;113;0;0;0;0;10302;65;0;91;;5;0;0;0;0;0
2277;344;20161003;22;40;30;30;50;123;;112;0;0;0;0;10303;65;0;93;;5;0;0;0;0;0
2278;344;20161003;23;50;30;40;50;117;;107;0;0;0;0;10306;65;0;94;;5;0;0;0;0;0
2279;344;20161003;24;60;40;40;60;111;102.0;103;0;0;0;0;10309;65;0;95;;5;0;0;0;0;0
2280;344;20161004;1;50;30;30;50;111;;104;0;0;0;0;10315;65;2;95;;5;0;0;0;0;0
2281;344;20161004;2;80;40;50;70;114;;104;0;0;0;0;10313;65;1;94;;5;0;0;0;0;0
2282;344;20161004;3;80;50;50;80;118;;104;0;0;0;0;10314;65;6;91;;5;0;0;0;0;0
2283;344;20161004;4;70;50;40;70;110;;99;0;0;0;0;10315;60;0;93;;5;0;0;0;0;0
2284;344;20161004;5;70;40;40;60;107;;99;0;0;0;0;10320;57;7;95;10.0;7;0;0;0;0;0
2285;344;20161004;6;90;50;40;90;115;97.0;103;0;1;0;0;10325;58;8;92;10.0;7;0;0;0;0;0
2286;344;20161004;7;60;30;20;60;117;;105;5;17;0;0;10330;58;7;92;10.0;7;0;0;0;0;0
2287;344;20161004;8;60;30;40;50;133;;115;2;41;0;0;10333;60;8;89;;5;0;0;0;0;0
2288;344;20161004;9;80;40;40;70;138;;114;2;53;0;0;10336;65;8;85;;5;0;0;0;0;0
2289;344;20161004;10;80;50;50;80;143;;111;0;57;0;0;10339;70;7;81;;5;0;0;0;0;0
2290;344;20161004;11;90;50;60;80;156;;114;3;112;0;0;10340;75;7;76;;5;0;0;0;0;0
2291;344;20161004;12;100;50;50;90;155;109.0;108;1;106;0;0;10339;75;8;74;;5;0;0;0;0;0
2292;344;20161004;13;80;50;60;100;154;;94;5;122;0;0;10336;80;4;67;;5;0;0;0;0;0
2293;344;20161004;14;90;60;70;100;174;;97;9;137;0;0;10331;83;1;61;;5;0;0;0;0;0
2294;344;20161004;15;80;60;60;100;170;;92;9;106;0;0;10329;65;0;60;;5;0;0;0;0;0
2295;344;20161004;16;80;60;70;100;158;;83;8;63;0;0;10329;82;1;61;;5;0;0;0;0;0
2296;344;20161004;17;80;50;40;80;144;;80;7;21;0;0;10333;80;0;65;;5;0;0;0;0;0
2297;344;20161004;18;80;40;40;70;124;112.0;77;0;0;0;0;10338;75;0;73;;5;0;0;0;0;0
2298;344;20161004;19;60;40;40;50;105;;73;0;0;0;0;10339;70;0;81;;5;0;0;0;0;0
2299;344;20161004;20;60;40;40;60;108;;75;0;0;0;0;10339;75;0;80;;5;0;0;0;0;0
2300;344;20161004;21;70;50;50;80;110;;75;0;0;0;0;10338;75;0;79;;5;0;0;0;0;0
2301;344;20161004;22;70;50;50;80;108;;72;0;0;0;0;10337;75;0;78;;5;0;0;0;0;0
2302;344;20161004;23;70;50;60;100;106;;70;0;0;0;0;10336;75;0;78;;5;0;0;0;0;0
2303;344;20161004;24;80;60;60;100;105;84.0;66;0;0;0;0;10337;75;0;77;;5;0;0;0;0;0
2304;344;20161005;1;80;60;50;90;100;;65;0;0;0;0;10339;75;0;79;;5;0;0;0;0;0
2305;344;20161005;2;80;40;40;80;95;;65;0;0;0;0;10337;70;0;82;;5;0;0;0;0;0
2306;344;20161005;3;80;50;50;70;90;;60;0;0;0;0;10336;70;0;81;;5;0;0;0;0;0
2307;344;20161005;4;80;50;50;80;85;;60;0;0;0;0;10337;70;0;84;;5;0;0;0;0;0
2308;344;20161005;5;70;50;50;80;81;;57;0;0;0;0;10338;70;0;85;;5;0;0;0;0;0
2309;344;20161005;6;80;50;60;90;81;69.0;58;0;0;0;0;10342;70;0;85;;5;0;0;0;0;0
2310;344;20161005;7;80;60;60;80;86;;57;7;23;0;0;10343;70;0;82;;5;0;0;0;0;0
2311;344;20161005;8;80;60;60;100;97;;58;10;73;0;0;10345;75;0;77;;5;0;0;0;0;0
2312;344;20161005;9;80;70;70;110;113;;57;10;125;0;0;10347;80;0;68;;5;0;0;0;0;0
2313;344;20161005;10;70;80;90;120;122;;48;10;167;0;0;10346;82;0;61;;5;0;0;0;0;0
2314;344;20161005;11;80;90;90;140;129;;34;10;193;0;0;10342;81;0;52;;5;0;0;0;0;0
2315;344;20161005;12;100;80;90;140;135;71.0;29;10;202;0;0;10335;82;0;49;;5;0;0;0;0;0
2316;344;20161005;13;80;80;70;120;137;;37;10;192;0;0;10328;82;0;51;;5;0;0;0;0;0
2317;344;20161005;14;80;70;60;110;141;;35;10;166;0;0;10322;81;0;49;;5;0;0;0;0;0
2318;344;20161005;15;80;70;80;100;139;;35;10;125;0;0;10318;81;0;49;;5;0;0;0;0;0
2319;344;20161005;16;60;60;70;100;131;;40;10;74;0;0;10314;83;3;54;;5;0;0;0;0;0
2320;344;20161005;17;60;60;50;100;115;;42;7;23;0;0;10313;83;1;61;;5;0;0;0;0;0
2321;344;20161005;18;60;50;50;80;90;77.0;44;0;0;0;0;10314;75;0;73;;5;0;0;0;0;0
2322;344;20161005;19;50;40;40;60;83;;43;0;0;0;0;10314;75;0;76;;5;0;0;0;0;0
2323;344;20161005;20;50;40;40;60;86;;44;0;0;0;0;10310;75;0;75;;5;0;0;0;0;0
2324;344;20161005;21;50;50;50;70;86;;46;0;0;0;0;10310;75;0;76;;5;0;0;0;0;0
2325;344;20161005;22;60;50;50;70;78;;47;0;0;0;0;10310;70;0;81;;5;0;0;0;0;0
2326;344;20161005;23;60;50;40;70;69;;40;0;0;0;0;10308;70;0;82;;5;0;0;0;0;0
2327;344;20161005;24;50;40;20;70;55;33.0;29;0;0;0;0;10302;70;0;83;;5;0;0;0;0;0
2328;344;20161006;1;40;30;30;40;58;;36;0;0;0;0;10301;70;0;86;;5;0;0;0;0;0
2329;344;20161006;2;50;30;40;50;58;;34;0;0;0;0;10299;70;0;85;;5;0;0;0;0;0
2330;344;20161006;3;20;30;20;50;48;;31;0;0;0;0;10290;70;0;89;;5;0;0;0;0;0
2331;344;20161006;4;30;20;20;30;48;;34;0;0;0;0;10285;65;0;91;;5;0;0;0;0;0
2332;344;20161006;5;30;20;10;30;49;;36;0;0;0;0;10281;65;8;91;;5;0;0;0;0;0
2333;344;20161006;6;20;20;10;40;50;17.0;36;0;0;0;0;10278;65;0;91;;5;0;0;0;0;0
2334;344;20161006;7;40;20;30;40;68;;41;5;19;0;0;10276;70;0;83;;5;0;0;0;0;0
2335;344;20161006;8;60;30;40;60;90;;40;10;72;0;0;10272;75;0;71;;5;0;0;0;0;0
2336;344;20161006;9;70;50;60;90;101;;32;8;107;0;0;10269;83;8;62;;5;0;0;0;0;0
2337;344;20161006;10;50;70;70;120;116;;31;9;150;0;0;10263;83;2;56;;5;0;0;0;0;0
2338;344;20161006;11;70;60;50;100;121;;26;10;189;0;0;10259;82;1;52;;5;0;0;0;0;0
2339;344;20161006;12;70;60;60;100;134;9.0;43;10;193;0;0;10254;81;2;54;;5;0;0;0;0;0
2340;344;20161006;13;70;60;60;100;131;;47;10;166;0;0;10248;81;6;57;;5;0;0;0;0;0
2341;344;20161006;14;60;60;60;100;129;;56;7;115;0;0;10242;83;8;61;;5;0;0;0;0;0
2342;344;20161006;15;40;60;50;90;125;;61;5;69;0;0;10238;80;8;65;;5;0;0;0;0;0
2343;344;20161006;16;50;60;70;100;122;;61;2;34;0;0;10237;80;8;66;;5;0;0;0;0;0
2344;344;20161006;17;50;60;60;90;119;;66;2;7;0;0;10241;75;8;70;;5;0;0;0;0;0
2345;344;20161006;18;50;50;40;70;117;112.0;72;0;1;0;0;10243;75;8;74;;5;0;0;0;0;0
2346;344;20161006;19;50;40;40;70;117;;79;0;0;0;0;10242;75;8;77;;5;0;0;0;0;0
2347;344;20161006;20;60;40;40;60;117;;84;0;0;0;0;10241;75;8;80;;5;0;0;0;0;0
2348;344;20161006;21;50;40;50;70;115;;86;0;0;0;0;10240;70;8;82;;5;0;0;0;0;0
2349;344;20161006;22;60;50;50;80;112;;85;0;0;0;0;10238;70;8;83;;5;0;0;0;0;0
2350;344;20161006;23;60;40;40;60;110;;85;0;0;0;0;10234;70;8;85;;5;0;0;0;0;0
2351;344;20161006;24;50;50;50;70;110;106.0;85;0;0;0;0;10234;70;8;85;;5;0;0;0;0;0
2352;344;20161007;1;50;50;50;80;107;;85;0;0;0;0;10233;70;8;86;;5;0;0;0;0;0
2353;344;20161007;2;60;40;40;70;99;;85;0;0;0;0;10231;65;7;91;;5;0;0;0;0;0
2354;344;20161007;3;50;40;40;50;105;;85;0;0;0;0;10231;70;8;87;;5;0;0;0;0;0
2355;344;20161007;4;50;30;40;50;105;;86;0;0;0;0;10228;70;8;88;;5;0;0;0;0;0
2356;344;20161007;5;50;40;40;60;105;;87;0;0;0;0;10227;70;8;89;;5;0;0;0;0;0
2357;344;20161007;6;60;40;30;60;105;84.0;88;0;0;0;0;10226;70;8;89;;5;0;0;0;0;0
2358;344;20161007;7;50;40;40;50;108;;87;0;6;0;0;10224;70;8;87;;5;0;0;0;0;0
2359;344;20161007;8;60;40;40;60;114;;87;0;35;0;0;10224;70;8;83;;5;0;0;0;0;0
2360;344;20161007;9;70;50;60;80;125;;90;5;76;0;0;10226;75;8;79;;5;0;0;0;0;0
2361;344;20161007;10;50;50;40;80;128;;90;0;69;0;0;10227;75;8;78;;5;0;0;0;0;0
2362;344;20161007;11;70;60;60;90;140;;92;5;127;0;0;10226;75;8;73;;5;0;0;0;0;0
2363;344;20161007;12;70;50;40;70;133;102.0;89;0;59;0;0;10227;75;8;75;;5;0;0;0;0;0
2364;344;20161007;13;60;40;40;60;139;;90;0;68;0;0;10222;75;8;72;;5;0;0;0;0;0
2365;344;20161007;14;60;40;40;70;138;;86;1;66;0;0;10219;75;7;71;;5;0;0;0;0;0
2366;344;20161007;15;70;50;50;70;143;;84;7;87;0;0;10216;80;1;68;;5;0;0;0;0;0
2367;344;20161007;16;50;50;40;70;131;;85;8;62;0;0;10217;75;0;74;;5;0;0;0;0;0
2368;344;20161007;17;50;40;30;60;120;;81;5;19;0;0;10219;75;0;77;;5;0;0;0;0;0
2369;344;20161007;18;50;30;30;50;107;94.0;82;0;0;0;0;10223;70;4;85;;5;0;0;0;0;0
2370;344;20161007;19;50;30;30;50;117;;93;0;0;0;0;10227;70;8;85;;5;0;0;0;0;0
2371;344;20161007;20;10;20;20;30;115;;95;0;0;0;0;10228;70;8;88;;5;0;0;0;0;0
2372;344;20161007;21;40;20;20;20;117;;98;0;0;0;0;10229;70;8;88;;5;0;0;0;0;0
2373;344;20161007;22;40;10;20;30;112;;95;0;0;0;0;10230;70;8;89;;5;0;0;0;0;0
2374;344;20161007;23;50;20;20;30;110;;97;0;0;0;0;10230;65;8;92;;5;0;0;0;0;0
2375;344;20161007;24;40;20;20;30;109;94.0;95;0;0;0;0;10232;65;8;91;;5;0;0;0;0;0
2376;344;20161008;1;40;20;30;40;111;;97;0;0;0;0;10234;65;8;91;;5;0;0;0;0;0
2377;344;20161008;2;30;20;10;40;110;;97;0;0;0;0;10230;63;8;92;;5;0;0;0;0;0
2378;344;20161008;3;350;20;20;30;99;;92;0;0;0;0;10230;58;8;95;10.0;7;0;0;0;0;0
2379;344;20161008;4;50;20;30;50;111;;95;0;0;0;0;10231;61;8;90;;5;0;0;0;0;0
2380;344;20161008;5;70;40;40;60;109;;94;0;0;0;0;10234;61;8;90;;5;0;0;0;0;0
2381;344;20161008;6;50;40;40;60;109;84.0;91;0;1;0;0;10240;62;8;89;;5;0;0;0;0;0
2382;344;20161008;7;50;40;40;60;107;;89;0;8;0;0;10245;64;8;89;;5;0;0;0;0;0
2383;344;20161008;8;60;30;30;50;103;;88;0;22;0;0;10250;62;1;90;;5;0;0;0;0;0
2384;344;20161008;9;100;30;40;50;122;;79;10;100;0;0;10251;75;2;75;;5;0;0;0;0;0
2385;344;20161008;10;80;40;50;70;131;;68;10;150;0;0;10254;79;2;66;;5;0;0;0;0;0
2386;344;20161008;11;80;40;40;80;141;;64;10;184;0;0;10257;81;2;60;;5;0;0;0;0;0
2387;344;20161008;12;60;30;30;60;142;95.0;51;9;163;0;0;10255;82;7;54;;5;0;0;0;0;0
2388;344;20161008;13;40;20;30;50;148;;46;6;125;0;0;10251;82;5;50;;5;0;0;0;0;0
2389;344;20161008;14;30;30;30;50;144;;34;8;163;0;0;10254;82;6;48;;5;0;0;0;0;0
2390;344;20161008;15;40;30;30;60;135;;42;4;68;0;0;10255;83;7;53;;5;0;0;0;0;0
2391;344;20161008;16;10;20;20;30;130;;47;8;42;0;0;10255;83;6;57;;5;0;0;0;0;0
2392;344;20161008;17;50;10;10;30;111;;44;5;14;0;0;10257;63;3;63;;5;0;0;0;0;0
2393;344;20161008;18;50;20;20;30;107;73.0;56;0;0;0;0;10262;75;8;71;;5;0;0;0;0;0
2394;344;20161008;19;0;10;0;30;104;;64;0;0;0;0;10261;75;8;76;;5;0;0;0;0;0
2395;344;20161008;20;70;10;10;10;96;;67;0;0;0;0;10264;70;8;82;;5;0;0;0;0;0
2396;344;20161008;21;60;30;40;50;102;;81;0;0;8;6;10266;67;8;87;81.0;7;0;1;0;0;0
2397;344;20161008;22;40;30;20;50;100;;85;0;0;8;7;10265;70;8;90;51.0;7;0;1;0;0;0
2398;344;20161008;23;50;20;20;30;88;;81;0;0;0;-1;10264;65;3;95;22.0;7;0;1;0;0;0
2399;344;20161008;24;0;10;0;20;68;32.0;65;0;0;0;0;10264;23;2;98;20.0;7;1;0;0;0;0
2400;344;20161009;1;10;10;10;20;54;;53;0;0;0;0;10267;10;0;99;20.0;7;1;0;0;0;0
2401;344;20161009;2;350;10;10;20;45;;44;0;0;0;0;10264;4;0;99;34.0;7;1;0;0;0;0
2402;344;20161009;3;0;10;0;20;33;;31;0;0;0;0;10265;2;0;99;34.0;7;1;0;0;0;0
2403;344;20161009;4;0;10;0;10;36;;33;0;0;0;0;10264;1;0;98;34.0;7;1;0;0;0;0
2404;344;20161009;5;70;10;10;10;26;;25;0;0;0;0;10264;1;0;99;33.0;7;1;0;0;0;0
2405;344;20161009;6;0;10;0;20;29;-6.0;26;0;0;0;0;10265;1;0;98;33.0;7;1;0;0;0;0
2406;344;20161009;7;300;10;10;10;29;;28;5;16;0;0;10268;2;0;99;32.0;7;1;0;0;0;0
2407;344;20161009;8;0;10;0;10;76;;50;10;60;0;0;10269;62;0;84;20.0;7;1;0;0;0;0
2408;344;20161009;9;350;10;20;20;104;;50;10;112;0;0;10271;77;0;69;2.0;7;0;0;0;0;0
2409;344;20161009;10;60;10;20;40;122;;50;10;153;0;0;10270;82;0;61;;5;0;0;0;0;0
2410;344;20161009;11;10;20;20;40;129;;50;10;179;0;0;10269;81;0;59;;5;0;0;0;0;0
2411;344;20161009;12;350;20;20;40;136;-7.0;49;10;187;0;0;10264;80;1;56;3.0;7;0;0;0;0;0
2412;344;20161009;13;350;20;20;40;135;;54;8;166;0;0;10259;82;6;58;;5;0;0;0;0;0
2413;344;20161009;14;320;20;30;50;139;;51;10;137;0;0;10259;81;6;55;;5;0;0;0;0;0
2414;344;20161009;15;310;30;30;50;132;;69;3;62;0;0;10254;80;7;66;;5;0;0;0;0;0
2415;344;20161009;16;320;30;30;40;135;;71;5;42;0;0;10252;80;8;65;;5;0;0;0;0;0
2416;344;20161009;17;310;30;20;60;111;;73;3;8;0;-1;10254;75;8;77;23.0;7;0;1;0;0;0
2417;344;20161009;18;320;30;20;50;104;100.0;78;0;0;0;0;10255;70;8;84;2.0;7;0;0;0;0;0
2418;344;20161009;19;0;10;0;20;84;;74;0;0;0;0;10255;65;1;93;;5;0;0;0;0;0
2419;344;20161009;20;0;0;0;10;86;;77;0;0;0;0;10256;65;8;94;;5;0;0;0;0;0
2420;344;20161009;21;0;0;0;10;75;;71;0;0;0;0;10256;65;0;97;;5;0;0;0;0;0
2421;344;20161009;22;70;0;10;10;63;;60;0;0;0;0;10256;17;8;98;10.0;7;0;0;0;0;0
2422;344;20161009;23;330;10;10;20;56;;55;0;0;0;0;10255;6;6;99;34.0;7;1;0;0;0;0
2423;344;20161009;24;10;0;10;10;53;19.0;53;0;0;0;0;10255;2;3;100;34.0;7;1;0;0;0;0
2424;344;20161010;1;70;10;10;20;44;;42;0;0;0;0;10254;3;8;99;32.0;7;1;0;0;0;0
2425;344;20161010;2;0;0;0;10;48;;46;0;0;0;0;10250;1;8;99;34.0;7;1;0;0;0;0
2426;344;20161010;3;220;10;10;10;40;;38;0;0;0;0;10246;7;3;99;32.0;7;1;0;0;0;0
2427;344;20161010;4;130;10;10;40;41;;40;0;0;0;0;10246;9;4;99;32.0;7;1;0;0;0;0
2428;344;20161010;5;0;10;0;10;42;;39;0;0;0;0;10245;36;8;98;20.0;7;1;0;0;0;0
2429;344;20161010;6;50;10;10;20;54;7.0;51;0;0;0;0;10245;50;6;98;20.0;7;1;0;0;0;0
2430;344;20161010;7;0;10;0;20;44;;41;0;9;0;0;10246;59;1;98;10.0;7;0;0;0;0;0
2431;344;20161010;8;80;10;10;30;86;;65;2;44;0;0;10246;65;8;87;;5;0;0;0;0;0
2432;344;20161010;9;90;10;10;40;102;;69;3;63;0;0;10247;75;4;80;;5;0;0;0;0;0
2433;344;20161010;10;90;20;30;40;113;;68;3;90;0;0;10246;75;4;74;;5;0;0;0;0;0
2434;344;20161010;11;80;30;30;50;124;;57;10;158;0;0;10243;81;0;64;;5;0;0;0;0;0
2435;344;20161010;12;100;20;30;50;124;18.0;49;9;150;0;0;10240;80;1;60;;5;0;0;0;0;0
2436;344;20161010;13;100;30;30;50;118;;56;4;92;0;0;10235;80;2;66;;5;0;0;0;0;0
2437;344;20161010;14;80;30;30;50;119;;56;4;83;0;0;10233;80;6;65;;5;0;0;0;0;0
2438;344;20161010;15;70;30;40;50;131;;51;9;107;0;0;10231;81;6;58;;5;0;0;0;0;0
2439;344;20161010;16;70;40;40;60;111;;47;8;42;0;0;10232;80;2;65;;5;0;0;0;0;0
2440;344;20161010;17;50;40;40;60;105;;41;3;10;0;0;10234;80;8;65;;5;0;0;0;0;0
2441;344;20161010;18;70;40;30;60;73;55.0;26;0;0;0;0;10236;75;1;72;;5;0;0;0;0;0
2442;344;20161010;19;60;30;30;40;72;;36;0;0;0;0;10237;75;8;78;;5;0;0;0;0;0
2443;344;20161010;20;70;20;20;30;65;;41;0;0;0;0;10238;70;1;85;;5;0;0;0;0;0
2444;344;20161010;21;40;20;10;30;63;;44;0;0;0;0;10238;70;8;88;;5;0;0;0;0;0
2445;344;20161010;22;350;10;10;20;63;;51;0;0;0;0;10237;65;8;92;;5;0;0;0;0;0
2446;344;20161010;23;340;10;10;20;64;;55;0;0;0;0;10236;65;8;94;;5;0;0;0;0;0
2447;344;20161010;24;360;10;20;20;49;10.0;45;0;0;0;0;10235;62;1;97;;5;0;0;0;0;0
2448;344;20161011;1;50;10;10;20;67;;54;0;0;0;0;10233;65;8;91;;5;0;0;0;0;0
2449;344;20161011;2;40;20;10;30;50;;37;0;0;0;0;10231;65;0;91;;5;0;0;0;0;0
2450;344;20161011;3;60;20;20;20;47;;39;0;0;0;0;10229;64;0;95;;5;0;0;0;0;0
2451;344;20161011;4;320;10;10;20;30;;27;0;0;0;0;10228;19;0;98;10.0;7;0;0;0;0;0
2452;344;20161011;5;350;10;10;10;23;;20;0;0;0;0;10228;50;0;98;20.0;7;1;0;0;0;0
2453;344;20161011;6;0;10;0;10;25;-24.0;24;0;0;0;0;10228;3;0;99;34.0;7;1;0;0;0;0
2454;344;20161011;7;0;0;0;20;24;;23;0;7;0;0;10228;8;8;99;32.0;7;1;0;0;0;0
2455;344;20161011;8;320;10;10;10;51;;48;0;28;0;0;10230;58;8;98;20.0;7;1;0;0;0;0
2456;344;20161011;9;30;10;10;20;83;;50;2;71;0;0;10232;60;8;80;2.0;7;0;0;0;0;0
2457;344;20161011;10;30;10;10;20;109;;51;3;99;0;0;10229;66;8;67;;5;0;0;0;0;0
2458;344;20161011;11;350;10;10;30;121;;36;5;122;0;0;10226;80;8;56;;5;0;0;0;0;0
2459;344;20161011;12;50;20;20;60;128;-22.0;50;0;85;0;0;10223;80;8;59;2.0;7;0;0;0;0;0
2460;344;20161011;13;20;20;20;50;117;;71;0;65;0;0;10222;75;8;73;;5;0;0;0;0;0
2461;344;20161011;14;340;10;10;50;118;;76;0;49;0;0;10219;75;8;75;;5;0;0;0;0;0
2462;344;20161011;15;350;10;10;20;121;;77;0;43;0;0;10217;75;8;74;;5;0;0;0;0;0
2463;344;20161011;16;360;10;20;20;117;;80;5;34;0;0;10215;75;8;78;;5;0;0;0;0;0
2464;344;20161011;17;30;20;20;40;118;;80;3;14;0;0;10215;75;8;78;;5;0;0;0;0;0
2465;344;20161011;18;50;30;20;40;104;96.0;75;0;0;0;0;10217;70;8;82;;5;0;0;0;0;0
2466;344;20161011;19;40;20;20;30;97;;77;0;0;0;0;10217;70;8;87;;5;0;0;0;0;0
2467;344;20161011;20;40;20;30;40;106;;80;0;0;0;0;10220;70;8;84;;5;0;0;0;0;0
2468;344;20161011;21;40;20;20;40;104;;81;0;0;0;0;10218;70;8;86;;5;0;0;0;0;0
2469;344;20161011;22;40;30;30;40;102;;85;0;0;0;0;10219;70;8;89;;5;0;0;0;0;0
2470;344;20161011;23;60;30;30;60;99;;85;0;0;0;0;10218;65;8;91;;5;0;0;0;0;0
2471;344;20161011;24;40;20;30;40;98;57.0;83;0;0;0;0;10215;70;8;90;;5;0;0;0;0;0
2472;344;20161012;1;40;30;30;50;101;;84;0;0;0;0;10213;70;8;89;;5;0;0;0;0;0
2473;344;20161012;2;50;40;40;70;102;;80;0;0;0;0;10211;70;8;86;;5;0;0;0;0;0
2474;344;20161012;3;50;50;70;90;92;;60;0;0;0;0;10209;75;4;80;;5;0;0;0;0;0
2475;344;20161012;4;50;50;40;80;92;;63;0;0;0;0;10207;70;8;82;;5;0;0;0;0;0
2476;344;20161012;5;50;40;40;60;93;;70;0;0;0;0;10207;70;8;86;;5;0;0;0;0;0
2477;344;20161012;6;50;40;50;70;94;82.0;74;0;0;0;0;10209;69;8;87;;5;0;0;0;0;0
2478;344;20161012;7;70;50;60;90;96;;74;0;8;0;0;10213;70;8;86;;5;0;0;0;0;0
2479;344;20161012;8;60;60;60;90;96;;61;0;23;0;0;10216;75;8;79;;5;0;0;0;0;0
2480;344;20161012;9;80;50;40;90;97;;63;0;28;0;0;10217;75;8;79;;5;0;0;0;0;0
2481;344;20161012;10;60;50;50;80;104;;67;0;57;0;0;10216;75;8;78;;5;0;0;0;0;0
2482;344;20161012;11;80;60;60;100;116;;60;4;126;0;0;10211;80;8;68;;5;0;0;0;0;0
2483;344;20161012;12;60;60;60;90;113;91.0;62;7;175;0;0;10209;75;8;71;;5;0;0;0;0;0
2484;344;20161012;13;60;60;60;90;112;;59;0;73;0;0;10208;75;8;70;;5;0;0;0;0;0
2485;344;20161012;14;60;70;70;90;103;;57;0;43;0;0;10204;75;8;73;;5;0;0;0;0;0
2486;344;20161012;15;90;60;50;90;100;;58;0;29;0;0;10201;75;8;75;;5;0;0;0;0;0
2487;344;20161012;16;70;60;50;80;95;;57;0;15;0;0;10203;74;8;77;;5;0;0;0;0;0
2488;344;20161012;17;80;60;50;90;91;;45;0;3;0;0;10204;75;8;73;;5;0;0;0;0;0
2489;344;20161012;18;60;50;50;90;86;81.0;46;0;0;0;0;10204;75;8;76;;5;0;0;0;0;0
2490;344;20161012;19;60;50;50;70;83;;48;0;0;0;0;10203;75;8;79;;5;0;0;0;0;0
2491;344;20161012;20;60;40;40;60;60;;41;0;0;0;0;10204;67;7;88;;5;0;0;0;0;0
2492;344;20161012;21;70;40;40;60;70;;51;0;0;0;0;10202;67;8;88;;5;0;0;0;0;0
2493;344;20161012;22;80;50;50;80;80;;55;0;0;0;0;10200;70;8;84;;5;0;0;0;0;0
2494;344;20161012;23;80;50;50;80;78;;56;0;0;0;0;10198;70;8;86;;5;0;0;0;0;0
2495;344;20161012;24;80;50;50;80;81;51.0;59;0;0;0;0;10195;70;8;86;;5;0;0;0;0;0
2496;344;20161013;1;80;50;50;80;81;;59;0;0;0;0;10192;70;8;86;;5;0;0;0;0;0
2497;344;20161013;2;80;50;50;70;81;;60;0;0;0;0;10189;70;8;87;;5;0;0;0;0;0
2498;344;20161013;3;80;50;50;80;81;;60;0;0;0;0;10185;70;8;87;;5;0;0;0;0;0
2499;344;20161013;4;70;50;50;80;75;;57;0;0;0;0;10181;70;5;88;;5;0;0;0;0;0
2500;344;20161013;5;80;50;60;90;82;;59;0;0;0;0;10179;70;8;85;;5;0;0;0;0;0
2501;344;20161013;6;90;60;60;90;79;63.0;55;0;0;0;0;10178;70;8;85;;5;0;0;0;0;0
2502;344;20161013;7;80;60;50;90;79;;57;0;5;0;0;10180;70;8;86;;5;0;0;0;0;0
2503;344;20161013;8;90;50;60;90;87;;56;0;19;0;0;10179;70;8;81;;5;0;0;0;0;0
2504;344;20161013;9;90;60;70;100;99;;55;4;70;0;0;10175;74;5;74;;5;0;0;0;0;0
2505;344;20161013;10;90;70;70;110;102;;48;10;130;0;0;10167;79;4;69;;5;0;0;0;0;0
2506;344;20161013;11;90;70;80;120;110;;45;6;113;0;0;10160;81;5;64;;5;0;0;0;0;0
2507;344;20161013;12;100;80;70;120;110;69.0;44;4;113;0;0;10153;80;8;64;;5;0;0;0;0;0
2508;344;20161013;13;80;80;80;120;115;;43;3;93;0;0;10147;81;6;61;;5;0;0;0;0;0
2509;344;20161013;14;90;80;90;130;112;;50;7;111;0;0;10140;80;6;66;;5;0;0;0;0;0
2510;344;20161013;15;80;80;80;130;112;;51;9;82;0;0;10135;80;8;66;;5;0;0;0;0;0
2511;344;20161013;16;80;80;70;120;106;;53;10;34;0;0;10132;75;8;70;;5;0;0;0;0;0
2512;344;20161013;17;80;60;60;100;100;;55;3;10;0;0;10132;75;8;74;;5;0;0;0;0;0
2513;344;20161013;18;80;70;70;100;91;83.0;54;0;0;0;0;10131;75;8;78;;5;0;0;0;0;0
2514;344;20161013;19;80;60;50;100;86;;54;0;0;0;0;10129;75;8;80;;5;0;0;0;0;0
2515;344;20161013;20;80;50;50;70;84;;53;0;0;0;0;10127;70;8;81;;5;0;0;0;0;0
2516;344;20161013;21;80;50;50;80;85;;55;0;0;0;0;10125;70;8;81;;5;0;0;0;0;0
2517;344;20161013;22;80;50;60;80;87;;54;0;0;0;0;10122;66;8;80;;5;0;0;0;0;0
2518;344;20161013;23;80;60;60;100;83;;55;0;0;0;0;10116;62;8;82;;5;0;0;0;0;0
2519;344;20161013;24;80;60;60;110;82;70.0;55;0;0;0;0;10113;62;7;83;;5;0;0;0;0;0
2520;344;20161014;1;80;60;60;90;83;;55;0;0;0;0;10109;63;8;82;;5;0;0;0;0;0
2521;344;20161014;2;90;60;50;110;82;;56;0;0;0;0;10101;63;8;84;;5;0;0;0;0;0
2522;344;20161014;3;90;50;50;80;81;;60;0;0;0;-1;10101;62;8;87;22.0;7;0;1;0;0;0
2523;344;20161014;4;80;60;60;80;81;;56;0;0;0;0;10094;62;7;84;;5;0;0;0;0;0
2524;344;20161014;5;80;60;70;110;81;;54;0;0;0;0;10090;63;8;83;;5;0;0;0;0;0
2525;344;20161014;6;90;60;60;100;78;74.0;53;0;0;0;0;10086;62;8;84;2.0;7;0;0;0;0;0
2526;344;20161014;7;80;50;50;100;74;;51;0;3;0;0;10089;62;8;85;;5;0;0;0;0;0
2527;344;20161014;8;80;50;50;80;83;;55;0;26;0;0;10088;63;5;82;;5;0;0;0;0;0
2528;344;20161014;9;80;50;60;100;96;;59;7;84;0;0;10083;65;2;78;;5;0;0;0;0;0
2529;344;20161014;10;90;60;60;100;100;;56;4;98;0;0;10080;66;8;74;;5;0;0;0;0;0
2530;344;20161014;11;100;60;60;90;118;;66;4;115;0;0;10080;68;6;70;;5;0;0;0;0;0
2531;344;20161014;12;80;50;60;100;115;64.0;62;3;112;0;0;10076;69;8;70;;5;0;0;0;0;0
2532;344;20161014;13;80;50;50;90;121;;67;0;83;0;0;10069;68;8;70;;5;0;0;0;0;0
2533;344;20161014;14;90;50;50;80;126;;69;3;69;0;0;10064;66;8;68;;5;0;0;0;0;0
2534;344;20161014;15;90;50;70;100;124;;64;2;49;0;0;10064;68;8;67;;5;0;0;0;0;0
2535;344;20161014;16;80;50;50;90;119;;65;0;18;0;0;10061;67;8;69;;5;0;0;0;0;0
2536;344;20161014;17;80;40;40;70;115;;67;0;3;0;0;10061;66;8;72;;5;0;0;0;0;0
2537;344;20161014;18;70;30;20;60;111;106.0;72;0;0;0;-1;10061;65;8;77;81.0;7;0;1;0;0;0
2538;344;20161014;19;70;30;30;40;105;;77;0;0;0;-1;10056;64;8;83;23.0;7;0;1;0;0;0
2539;344;20161014;20;70;30;30;50;106;;80;0;0;0;-1;10056;62;8;84;51.0;7;0;1;0;0;0
2540;344;20161014;21;70;30;30;50;101;;86;0;0;9;5;10059;57;8;90;82.0;7;0;1;0;0;0
2541;344;20161014;22;70;30;30;50;97;;90;0;0;10;15;10053;48;8;95;62.0;7;0;1;0;0;0
2542;344;20161014;23;80;30;30;50;98;;93;0;0;10;17;10047;37;8;97;62.0;7;0;1;0;0;0
2543;344;20161014;24;90;20;20;40;99;95.0;95;0;0;10;15;10046;31;8;97;62.0;7;0;1;0;0;0
2544;344;20161015;1;90;20;20;40;100;;97;0;0;10;10;10045;31;8;98;61.0;7;0;1;0;0;0
2545;344;20161015;2;90;30;30;40;99;;96;0;0;10;17;10043;26;8;98;62.0;7;0;1;0;0;0
2546;344;20161015;3;90;30;20;40;98;;95;0;0;10;16;10041;23;8;98;62.0;7;0;1;0;0;0
2547;344;20161015;4;110;20;20;30;100;;97;0;0;10;8;10042;34;8;98;61.0;7;0;1;0;0;0
2548;344;20161015;5;140;20;20;30;104;;101;0;0;10;2;10045;38;8;98;52.0;7;0;1;0;0;0
2549;344;20161015;6;170;30;30;70;108;97.0;104;0;0;10;2;10049;50;8;97;52.0;7;0;1;0;0;0
2550;344;20161015;7;190;30;30;60;113;;108;0;2;10;3;10058;56;8;97;52.0;7;0;1;0;0;0
2551;344;20161015;8;200;40;50;60;115;;110;0;11;0;-1;10068;50;8;97;22.0;7;0;1;0;0;0
2552;344;20161015;9;210;50;60;80;119;;112;0;15;0;-1;10078;42;8;95;23.0;7;0;1;0;0;0
2553;344;20161015;10;210;60;60;90;124;;117;0;22;0;0;10088;50;8;95;10.0;7;0;0;0;0;0
2554;344;20161015;11;210;60;60;90;137;;122;0;57;0;0;10096;50;8;91;10.0;7;0;0;0;0;0
2555;344;20161015;12;210;60;50;100;137;107.0;119;2;69;0;0;10107;57;8;89;10.0;7;0;0;0;0;0
2556;344;20161015;13;200;60;50;100;139;;109;1;52;0;0;10113;60;8;82;;5;0;0;0;0;0
2557;344;20161015;14;190;50;60;100;142;;104;7;101;0;0;10120;63;4;78;;5;0;0;0;0;0
2558;344;20161015;15;190;50;50;90;144;;102;10;92;0;0;10124;68;0;76;;5;0;0;0;0;0
2559;344;20161015;16;170;40;30;70;140;;94;10;44;0;0;10129;69;0;74;;5;0;0;0;0;0
2560;344;20161015;17;160;30;30;60;129;;91;2;5;0;0;10136;66;1;78;;5;0;0;0;0;0
2561;344;20161015;18;150;30;30;50;129;112.0;94;0;0;0;0;10142;65;1;79;;5;0;0;0;0;0
2562;344;20161015;19;150;30;30;80;129;;97;0;0;0;0;10148;63;0;81;;5;0;0;0;0;0
2563;344;20161015;20;160;40;50;80;124;;94;0;0;0;0;10152;65;4;82;;5;0;0;0;0;0
2564;344;20161015;21;150;50;50;70;125;;93;0;0;0;0;10154;67;7;81;;5;0;0;0;0;0
2565;344;20161015;22;170;40;50;80;123;;94;0;0;0;0;10157;67;8;82;;5;0;0;0;0;0
2566;344;20161015;23;170;50;50;70;125;;94;0;0;0;0;10161;70;8;81;;5;0;0;0;0;0
2567;344;20161015;24;160;50;40;70;128;110.0;94;0;0;0;0;10164;74;8;80;;5;0;0;0;0;0
2568;344;20161016;1;160;50;50;70;126;;93;0;0;0;-1;10166;75;8;80;23.0;7;0;1;0;0;0
2569;344;20161016;2;160;40;40;60;122;;90;0;0;0;0;10168;70;8;81;;5;0;0;0;0;0
2570;344;20161016;3;150;40;40;60;107;;84;0;0;0;0;10167;70;0;86;1.0;7;0;0;0;0;0
2571;344;20161016;4;150;40;40;60;102;;82;0;0;0;0;10169;68;2;87;;5;0;0;0;0;0
2572;344;20161016;5;140;30;30;50;106;;82;0;0;0;0;10172;70;2;85;;5;0;0;0;0;0
2573;344;20161016;6;140;30;40;90;104;88.0;81;0;0;0;0;10173;70;0;86;1.0;7;0;0;0;0;0
2574;344;20161016;7;140;30;30;80;110;;83;3;11;0;0;10176;70;5;83;;5;0;0;0;0;0
2575;344;20161016;8;140;40;30;60;124;;89;10;51;0;0;10178;75;0;79;;5;0;0;0;0;0
2576;344;20161016;9;150;40;40;70;140;;97;10;95;0;0;10180;75;0;75;;5;0;0;0;0;0
2577;344;20161016;10;130;40;40;60;153;;103;10;135;0;0;10177;75;0;72;;5;0;0;0;0;0
2578;344;20161016;11;130;40;40;60;174;;109;10;159;0;0;10177;77;0;66;;5;0;0;0;0;0
2579;344;20161016;12;140;50;60;100;187;92.0;118;10;167;0;0;10172;80;0;64;;5;0;0;0;0;0
2580;344;20161016;13;160;60;70;100;194;;117;10;155;0;0;10172;77;0;61;;5;0;0;0;0;0
2581;344;20161016;14;160;70;70;120;191;;112;10;121;0;0;10173;82;2;60;;5;0;0;0;0;0
2582;344;20161016;15;140;50;60;110;194;;117;6;68;0;0;10170;81;4;61;;5;0;0;0;0;0
2583;344;20161016;16;150;50;50;90;184;;114;8;33;0;0;10171;83;0;64;;5;0;0;0;0;0
2584;344;20161016;17;140;40;30;70;173;;116;2;4;0;0;10172;80;0;69;;5;0;0;0;0;0
2585;344;20161016;18;130;30;30;70;164;148.0;115;0;0;0;0;10173;75;1;73;;5;0;0;0;0;0
2586;344;20161016;19;150;30;30;60;163;;113;0;0;0;0;10175;75;7;72;;5;0;0;0;0;0
2587;344;20161016;20;160;40;30;70;165;;113;0;0;0;0;10179;75;8;71;;5;0;0;0;0;0
2588;344;20161016;21;220;30;20;70;138;;110;0;0;0;0;10184;70;8;83;;5;0;0;0;0;0
2589;344;20161016;22;250;20;10;50;131;;112;0;0;0;0;10181;70;3;88;;5;0;0;0;0;0
2590;344;20161016;23;210;10;10;10;125;;116;0;0;0;0;10184;65;8;94;;5;0;0;0;0;0
2591;344;20161016;24;200;30;20;100;133;102.0;123;0;0;6;4;10187;65;8;94;81.0;7;0;1;0;0;0
2592;344;20161017;1;180;10;10;20;124;;120;0;0;4;1;10188;65;8;97;51.0;7;0;1;0;0;0
2593;344;20161017;2;80;10;10;30;123;;119;0;0;7;5;10181;64;8;97;57.0;7;0;1;0;0;0
2594;344;20161017;3;150;10;10;30;121;;118;0;0;4;2;10181;46;8;98;23.0;7;0;1;0;0;0
2595;344;20161017;4;170;20;20;30;125;;120;0;0;0;0;10185;65;8;97;;5;0;0;0;0;0
2596;344;20161017;5;180;30;40;50;125;;114;0;0;0;0;10187;65;5;93;;5;0;0;0;0;0
2597;344;20161017;6;180;40;40;90;122;111.0;113;0;0;0;0;10187;65;8;94;3.0;7;0;0;0;0;0
2598;344;20161017;7;200;40;40;70;126;;116;5;14;0;0;10192;64;8;94;;5;0;0;0;0;0
2599;344;20161017;8;200;40;40;80;133;;122;10;60;0;0;10195;59;7;93;10.0;7;0;0;0;0;0
2600;344;20161017;9;230;40;50;80;135;;124;5;75;0;0;10202;50;8;93;10.0;7;0;0;0;0;0
2601;344;20161017;10;200;40;40;80;141;;123;1;36;0;0;10205;61;8;89;;5;0;0;0;0;0
2602;344;20161017;11;210;40;50;100;151;;122;5;114;0;0;10204;65;8;83;;5;0;0;0;0;0
2603;344;20161017;12;220;40;40;70;155;112.0;123;5;111;0;0;10204;66;7;81;;5;0;0;0;0;0
2604;344;20161017;13;200;40;40;70;152;;119;2;75;0;0;10204;70;7;81;;5;0;0;0;0;0
2605;344;20161017;14;230;50;40;70;152;;118;2;67;0;0;10206;74;7;80;;5;0;0;0;0;0
2606;344;20161017;15;210;40;50;70;156;;109;5;49;0;0;10204;75;2;74;;5;0;0;0;0;0
2607;344;20161017;16;210;40;40;70;143;;110;7;25;0;0;10206;70;1;81;;5;0;0;0;0;0
2608;344;20161017;17;190;40;30;60;131;;107;2;6;0;0;10211;70;0;85;;5;0;0;0;0;0
2609;344;20161017;18;180;30;30;90;126;110.0;106;0;0;0;0;10213;69;0;88;;5;0;0;0;0;0
2610;344;20161017;19;180;30;30;50;118;;101;0;0;0;0;10213;68;0;89;;5;0;0;0;0;0
2611;344;20161017;20;190;40;40;60;123;;99;0;0;0;0;10211;70;0;85;;5;0;0;0;0;0
2612;344;20161017;21;180;40;40;60;121;;100;0;0;0;0;10210;69;2;87;;5;0;0;0;0;0
2613;344;20161017;22;180;40;40;60;117;;100;0;0;0;0;10209;68;0;89;;5;0;0;0;0;0
2614;344;20161017;23;190;40;30;50;115;;99;0;0;0;0;10207;65;0;90;;5;0;0;0;0;0
2615;344;20161017;24;210;40;40;60;119;95.0;101;0;0;0;0;10207;69;0;89;;5;0;0;0;0;0
2616;344;20161018;1;200;50;50;80;117;;99;0;0;0;0;10205;70;0;89;;5;0;0;0;0;0
2617;344;20161018;2;200;40;50;70;116;;99;0;0;0;0;10202;69;4;89;;5;0;0;0;0;0
2618;344;20161018;3;200;40;40;70;110;;100;0;0;0;0;10199;62;0;94;;5;0;0;0;0;0
2619;344;20161018;4;200;40;50;60;112;;100;0;0;0;0;10196;65;0;92;;5;0;0;0;0;0
2620;344;20161018;5;200;50;40;70;105;;96;0;0;0;0;10194;63;0;94;;5;0;0;0;0;0
2621;344;20161018;6;190;40;40;90;106;95.0;96;0;0;0;0;10193;62;2;94;;5;0;0;0;0;0
2622;344;20161018;7;190;40;50;80;111;;99;5;15;0;0;10191;64;7;92;;5;0;0;0;0;0
2623;344;20161018;8;200;50;60;80;120;;101;5;36;0;0;10191;69;8;88;;5;0;0;0;0;0
2624;344;20161018;9;190;60;60;100;122;;102;0;43;0;0;10187;68;8;88;;5;0;0;0;0;0
2625;344;20161018;10;200;60;60;100;126;;103;0;45;0;0;10183;67;8;86;;5;0;0;0;0;0
2626;344;20161018;11;190;60;70;90;122;;108;0;33;4;1;10174;62;8;91;81.0;7;0;1;0;0;0
2627;344;20161018;12;190;70;70;120;122;96.0;110;0;23;9;5;10166;60;8;92;61.0;7;0;1;0;0;0
2628;344;20161018;13;190;80;80;120;126;;112;0;42;3;2;10155;65;8;91;23.0;7;0;1;0;0;0
2629;344;20161018;14;260;80;50;140;117;;106;0;12;8;69;10161;58;8;93;81.0;7;0;1;0;0;0
2630;344;20161018;15;280;60;40;110;117;;90;2;32;5;2;10161;70;7;83;81.0;7;0;1;0;0;0
2631;344;20161018;16;280;50;50;90;113;;68;8;35;0;-1;10165;75;1;74;23.0;7;0;1;0;0;0
2632;344;20161018;17;270;40;40;80;104;;57;2;4;0;0;10166;75;3;73;;5;0;0;0;0;0
2633;344;20161018;18;260;50;40;80;104;91.0;49;0;0;0;0;10166;80;2;69;1.0;7;0;0;0;0;0
2634;344;20161018;19;250;40;30;60;91;;49;0;0;0;0;10163;75;7;75;;5;0;0;0;0;0
2635;344;20161018;20;230;50;50;80;111;;58;0;0;0;0;10158;75;8;70;;5;0;0;0;0;0
2636;344;20161018;21;240;70;70;140;100;;66;0;0;3;2;10150;75;8;79;23.0;7;0;1;0;0;0
2637;344;20161018;22;290;70;50;160;91;;69;0;0;5;26;10146;67;8;86;81.0;7;0;1;0;0;0
2638;344;20161018;23;300;50;50;110;95;;61;0;0;6;8;10154;75;8;79;23.0;7;0;1;0;0;0
2639;344;20161018;24;290;40;40;80;84;74.0;50;0;0;0;0;10154;75;3;79;1.0;7;0;0;0;0;0
2640;344;20161019;1;270;30;30;60;84;;52;0;0;0;-1;10153;75;5;80;22.0;7;0;1;0;0;0
2641;344;20161019;2;250;40;30;130;86;;70;0;0;3;5;10150;70;8;89;81.0;7;0;1;0;0;0
2642;344;20161019;3;250;30;50;80;94;;60;0;0;3;2;10139;75;8;79;23.0;7;0;1;0;0;0
2643;344;20161019;4;250;60;70;110;108;;67;0;0;0;0;10130;75;8;75;;5;0;1;0;0;0
2644;344;20161019;5;260;90;90;160;116;;75;0;0;0;-1;10118;75;8;75;23.0;7;0;1;0;0;0
2645;344;20161019;6;270;100;100;170;114;67.0;98;0;0;3;3;10119;62;8;89;23.0;7;0;1;0;0;0
2646;344;20161019;7;270;80;80;160;118;;99;0;4;2;1;10117;68;3;88;23.0;7;0;1;0;0;0
2647;344;20161019;8;290;80;90;130;122;;100;3;24;1;5;10117;47;8;86;82.0;7;0;1;0;0;0
2648;344;20161019;9;290;80;70;160;114;;96;0;19;9;16;10113;66;8;89;57.0;7;0;1;0;0;0
2649;344;20161019;10;360;70;70;150;118;;85;3;60;6;10;10127;75;7;80;23.0;7;0;1;0;0;0
2650;344;20161019;11;350;60;60;110;101;;64;2;90;0;0;10137;75;8;77;;5;0;0;0;0;0
2651;344;20161019;12;360;40;50;80;115;102.0;70;7;132;0;0;10139;75;2;73;1.0;7;0;0;0;0;0
2652;344;20161019;13;350;40;40;80;121;;77;8;111;0;0;10142;75;8;74;;5;0;0;0;0;0
2653;344;20161019;14;10;40;40;70;111;;88;5;66;2;5;10145;59;8;85;82.0;7;0;1;0;0;0
2654;344;20161019;15;350;30;40;60;118;;82;7;67;0;-1;10146;75;4;78;23.0;7;0;1;0;0;0
2655;344;20161019;16;40;30;30;60;109;;71;8;38;0;0;10152;75;0;77;;5;0;0;0;0;0
2656;344;20161019;17;70;20;10;40;85;;63;0;4;0;0;10156;70;0;85;;5;0;0;0;0;0
2657;344;20161019;18;250;10;10;20;66;19.0;62;0;0;0;0;10161;62;0;97;2.0;7;0;0;0;0;0
2658;344;20161019;19;230;10;20;20;56;;54;0;0;0;0;10160;8;7;98;34.0;7;1;0;0;0;0
2659;344;20161019;20;170;10;10;20;65;;62;0;0;0;0;10158;15;6;98;20.0;7;1;0;0;0;0
2660;344;20161019;21;240;10;10;20;57;;54;0;0;0;0;10158;56;7;98;10.0;7;0;0;0;0;0
2661;344;20161019;22;270;20;20;40;81;;75;0;0;5;4;10156;63;8;96;81.0;7;0;1;0;0;0
2662;344;20161019;23;230;30;30;40;80;;73;0;0;0;-1;10151;65;7;95;23.0;7;0;1;0;0;0
2663;344;20161019;24;270;30;30;50;102;13.0;89;0;0;2;2;10147;65;8;91;23.0;7;0;1;0;0;0
2664;344;20161020;1;310;30;30;50;99;;86;0;0;0;-1;10142;65;2;91;23.0;7;0;1;0;0;0
2665;344;20161020;2;320;30;40;60;106;;91;0;0;0;0;10140;70;7;90;;5;0;0;0;0;0
2666;344;20161020;3;300;30;30;60;103;;96;0;0;0;-1;10138;65;8;94;51.0;7;0;1;0;0;0
2667;344;20161020;4;320;20;20;40;87;;78;0;0;2;1;10139;65;5;94;22.0;7;0;1;0;0;0
2668;344;20161020;5;340;20;10;30;74;;71;0;0;0;0;10140;18;4;98;10.0;7;0;0;0;0;0
2669;344;20161020;6;320;10;10;20;66;36.0;63;0;0;0;0;10142;4;4;98;34.0;7;1;0;0;0;0
2670;344;20161020;7;320;10;10;20;77;;74;0;4;0;0;10146;36;8;98;20.0;7;1;0;0;0;0
2671;344;20161020;8;360;10;20;30;103;;97;3;30;0;0;10148;65;7;96;;5;0;0;0;0;0
2672;344;20161020;9;360;30;40;70;133;;101;5;71;0;0;10148;70;7;81;2.0;7;0;0;0;0;0
2673;344;20161020;10;360;50;50;90;140;;96;5;93;0;0;10147;73;7;74;;5;0;0;0;0;0
2674;344;20161020;11;360;50;50;100;134;;90;0;58;0;-1;10145;75;8;74;23.0;7;0;1;0;0;0
2675;344;20161020;12;360;50;40;90;132;29.0;93;0;53;0;-1;10143;70;8;77;81.0;7;0;1;0;0;0
2676;344;20161020;13;360;50;40;110;117;;101;0;26;9;12;10142;64;8;89;61.0;7;0;1;0;0;0
2677;344;20161020;14;340;40;40;70;115;;103;0;21;6;8;10141;65;8;92;51.0;7;0;1;0;0;0
2678;344;20161020;15;20;50;60;100;115;;77;7;64;0;-1;10143;75;3;77;22.0;7;0;1;0;0;0
2679;344;20161020;16;50;50;50;100;92;;69;0;14;0;0;10151;70;1;85;;5;0;0;0;0;0
2680;344;20161020;17;30;30;10;70;80;;69;0;2;0;0;10156;65;0;92;;5;0;0;0;0;0
2681;344;20161020;18;310;10;10;20;59;37.0;56;0;0;0;0;10159;58;7;98;10.0;7;0;0;0;0;0
2682;344;20161020;19;270;10;10;10;57;;56;0;0;0;0;10158;2;5;99;34.0;7;1;0;0;0;0
2683;344;20161020;20;330;10;10;20;57;;54;0;0;0;0;10158;58;1;98;20.0;7;1;0;0;0;0
2684;344;20161020;21;330;10;20;20;48;;45;0;0;0;0;10161;50;0;98;20.0;7;1;0;0;0;0
2685;344;20161020;22;350;20;20;30;57;;53;0;0;0;0;10162;65;8;97;;5;0;0;0;0;0
2686;344;20161020;23;0;10;0;20;53;;50;0;0;0;0;10164;15;0;98;10.0;7;0;0;0;0;0
2687;344;20161020;24;350;10;10;20;55;2.0;54;0;0;0;0;10165;3;0;99;34.0;7;1;0;0;0;0
2688;344;20161021;1;360;10;10;20;33;;32;0;0;0;0;10167;2;1;98;34.0;7;1;0;0;0;0
2689;344;20161021;2;0;10;0;10;25;;23;0;0;0;0;10165;1;2;98;34.0;7;1;0;0;0;0
2690;344;20161021;3;330;10;10;10;20;;19;0;0;0;0;10164;2;7;99;32.0;7;1;0;0;0;0
2691;344;20161021;4;0;0;0;10;15;;14;0;0;0;0;10165;2;6;99;33.0;7;1;0;0;0;0
2692;344;20161021;5;360;10;10;10;21;;20;0;0;0;0;10166;1;8;99;34.0;7;1;0;0;0;0
2693;344;20161021;6;230;10;10;20;23;-11.0;23;0;0;0;0;10168;1;2;99;33.0;7;1;0;0;0;0
2694;344;20161021;7;0;10;0;20;24;;23;0;5;0;0;10169;2;2;99;32.0;7;1;0;0;0;0
2695;344;20161021;8;210;10;10;10;56;;53;7;39;0;0;10168;34;4;98;20.0;7;1;0;0;0;0
2696;344;20161021;9;180;20;20;30;78;;75;10;87;0;0;10169;19;6;98;10.0;7;0;0;0;0;0
2697;344;20161021;10;180;20;20;40;86;;78;3;75;0;0;10171;47;8;94;10.0;7;0;0;0;0;0
2698;344;20161021;11;200;20;10;50;109;;87;10;138;0;0;10168;57;0;86;10.0;7;0;0;0;0;0
2699;344;20161021;12;230;10;10;30;125;-11.0;73;10;156;0;0;10164;68;0;70;2.0;7;0;0;0;0;0
2700;344;20161021;13;230;20;30;40;118;;88;4;81;0;0;10162;62;7;82;;5;0;0;0;0;0
2701;344;20161021;14;260;20;20;40;128;;80;6;66;0;0;10158;75;7;72;;5;0;0;0;0;0
2702;344;20161021;15;350;30;30;50;126;;69;8;79;0;0;10156;80;3;68;;5;0;0;0;0;0
2703;344;20161021;16;310;30;30;50;121;;74;8;35;0;0;10153;75;8;73;;5;0;0;0;0;0
2704;344;20161021;17;320;20;20;40;103;;75;0;2;0;0;10154;70;8;82;;5;0;0;0;0;0
2705;344;20161021;18;330;20;20;40;95;77.0;71;0;0;0;0;10153;70;1;85;;5;0;0;0;0;0
2706;344;20161021;19;320;20;20;50;93;;82;0;0;3;4;10154;65;8;93;23.0;7;0;1;0;0;0
2707;344;20161021;20;270;10;10;30;90;;84;0;0;0;0;10153;65;8;95;;5;0;0;0;0;0
2708;344;20161021;21;280;20;20;30;90;;80;0;0;0;0;10153;65;8;93;2.0;7;0;0;0;0;0
2709;344;20161021;22;270;20;20;30;85;;74;0;0;0;0;10149;65;8;92;;5;0;0;0;0;0
2710;344;20161021;23;260;20;20;30;88;;80;0;0;0;-1;10146;65;8;95;51.0;7;0;1;0;0;0
2711;344;20161021;24;270;20;20;30;89;59.0;84;0;0;0;-1;10144;64;8;97;23.0;7;0;1;0;0;0
2712;344;20161022;1;280;20;20;30;83;;78;0;0;0;0;10141;65;5;96;;5;0;0;0;0;0
2713;344;20161022;2;290;20;10;30;86;;78;0;0;0;0;10140;65;4;94;;5;0;0;0;0;0
2714;344;20161022;3;280;20;10;20;64;;61;0;0;0;0;10137;6;1;98;34.0;7;1;0;0;0;0
2715;344;20161022;4;350;0;10;10;55;;53;0;0;0;0;10138;1;1;98;34.0;7;1;0;0;0;0
2716;344;20161022;5;360;10;10;20;44;;42;0;0;0;0;10139;5;3;98;32.0;7;1;0;0;0;0
2717;344;20161022;6;70;10;10;20;49;4.0;48;0;0;0;0;10142;7;8;99;32.0;7;1;0;0;0;0
2718;344;20161022;7;50;20;20;30;70;;67;0;4;0;0;10147;58;8;98;20.0;7;1;0;0;0;0
2719;344;20161022;8;40;30;30;50;76;;67;0;21;0;0;10149;60;8;94;;5;0;0;0;0;0
2720;344;20161022;9;90;40;30;60;79;;64;0;36;0;0;10150;62;8;90;2.0;7;0;0;0;0;0
2721;344;20161022;10;70;30;30;50;84;;63;0;51;0;0;10152;66;8;86;;5;0;0;0;0;0
2722;344;20161022;11;100;30;30;50;88;;60;2;80;0;0;10154;68;8;82;;5;0;0;0;0;0
2723;344;20161022;12;50;20;20;50;89;13.0;57;3;91;0;0;10153;67;7;80;1.0;7;0;0;0;0;0
2724;344;20161022;13;40;30;30;50;95;;59;8;143;0;0;10151;67;6;78;;5;0;0;0;0;0
2725;344;20161022;14;60;30;30;50;95;;58;3;62;0;0;10152;65;8;77;;5;0;0;0;0;0
2726;344;20161022;15;80;30;30;50;93;;51;3;45;0;0;10151;66;1;74;;5;0;0;0;0;0
2727;344;20161022;16;60;30;30;40;75;;48;10;33;0;0;10152;63;0;83;;5;0;0;0;0;0
2728;344;20161022;17;120;20;10;40;65;;52;0;3;0;0;10154;61;0;91;;5;0;0;0;0;0
2729;344;20161022;18;0;0;0;10;45;3.0;42;0;0;0;0;10154;50;0;97;10.0;7;0;0;0;0;0
2730;344;20161022;19;290;10;10;10;39;;37;0;0;0;0;10157;9;0;98;34.0;7;1;0;0;0;0
2731;344;20161022;20;30;10;10;20;41;;38;0;0;0;0;10158;30;0;98;20.0;7;1;0;0;0;0
2732;344;20161022;21;330;10;10;20;18;;16;0;0;0;0;10152;2;0;98;34.0;7;1;0;0;0;0
2733;344;20161022;22;120;10;10;20;18;;16;0;0;0;0;10152;2;0;98;33.0;7;1;0;0;0;0
2734;344;20161022;23;0;0;0;10;13;;12;0;0;0;0;10153;6;0;99;32.0;7;1;0;0;0;0
2735;344;20161022;24;0;10;0;20;7;-19.0;4;0;0;0;0;10152;15;0;98;20.0;7;1;0;0;0;0
2736;344;20161023;1;0;0;0;10;-4;;-5;0;0;0;0;10149;1;8;98;35.0;7;1;0;0;0;1
2737;344;20161023;2;170;10;10;10;2;;-1;0;0;0;0;10144;14;2;98;20.0;7;1;0;0;0;1
2738;344;20161023;3;360;10;10;20;-6;;-7;0;0;0;0;10141;1;9;99;35.0;7;1;0;0;0;1
2739;344;20161023;4;0;0;0;20;2;;0;0;0;0;0;10139;1;8;98;33.0;7;1;0;0;0;1
2740;344;20161023;5;340;10;10;20;-9;;-11;0;0;0;0;10138;2;8;98;35.0;7;1;0;0;0;1
2741;344;20161023;6;120;10;10;10;-6;-31.0;-7;0;0;0;0;10137;4;0;99;35.0;7;1;0;0;0;1
2742;344;20161023;7;50;10;10;10;0;;-3;2;5;0;0;10139;27;0;98;20.0;7;1;0;0;0;1
2743;344;20161023;8;0;10;0;10;21;;18;10;44;0;0;10140;45;0;98;20.0;7;1;0;0;0;1
2744;344;20161023;9;130;10;30;40;70;;45;10;81;0;0;10138;56;0;84;10.0;7;0;0;0;0;0
2745;344;20161023;10;130;30;40;60;86;;51;10;123;0;0;10136;58;0;78;4.0;7;0;0;0;0;0
2746;344;20161023;11;100;30;30;60;97;;40;10;144;0;0;10135;63;0;67;;5;0;0;0;0;0
2747;344;20161023;12;110;30;30;50;105;-34.0;33;10;150;0;0;10128;68;0;61;2.0;7;0;0;0;0;0
2748;344;20161023;13;100;30;20;50;109;;45;10;142;0;0;10126;64;0;64;;5;0;0;0;0;0
2749;344;20161023;14;80;40;40;50;109;;49;10;114;0;0;10123;62;0;66;;5;0;0;0;0;0
2750;344;20161023;15;100;30;40;50;105;;54;10;73;0;0;10121;61;0;70;;5;0;0;0;0;0
2751;344;20161023;16;100;30;30;50;90;;40;7;27;0;0;10124;61;0;71;;5;0;0;0;0;0
2752;344;20161023;17;70;20;20;30;63;;37;0;1;0;0;10125;59;0;83;10.0;7;0;0;0;0;0
2753;344;20161023;18;50;20;30;40;62;16.0;40;0;0;0;0;10121;57;7;85;10.0;7;0;0;0;0;0
2754;344;20161023;19;120;30;20;30;66;;37;0;0;0;0;10129;59;8;82;10.0;7;0;0;0;0;0
2755;344;20161023;20;80;20;30;40;64;;45;0;0;0;0;10127;56;8;87;10.0;7;0;0;0;0;0
2756;344;20161023;21;60;20;20;40;49;;40;0;0;0;0;10129;44;8;93;10.0;7;0;0;0;0;0
2757;344;20161023;22;50;20;20;30;46;;43;0;0;0;0;10129;29;8;97;10.0;7;0;0;0;0;0
2758;344;20161023;23;60;20;30;30;50;;39;0;0;0;0;10127;57;8;92;10.0;7;0;0;0;0;0
2759;344;20161023;24;60;20;20;30;47;25.0;35;0;0;0;0;10126;57;8;92;10.0;7;0;0;0;0;0
2760;344;20161024;1;50;20;20;30;45;;34;0;0;0;0;10130;57;8;92;10.0;7;0;0;0;0;0
2761;344;20161024;2;50;30;30;40;50;;39;0;0;0;0;10129;56;7;92;10.0;7;0;0;0;0;0
2762;344;20161024;3;50;20;20;40;55;;48;0;0;0;0;10132;50;8;95;10.0;7;0;0;0;0;0
2763;344;20161024;4;60;20;20;30;54;;47;0;0;0;0;10128;50;8;95;10.0;7;0;0;0;0;0
2764;344;20161024;5;80;30;40;50;60;;49;0;0;0;0;10130;57;8;92;10.0;7;0;0;0;0;0
2765;344;20161024;6;60;30;30;50;62;38.0;51;0;0;0;0;10126;57;8;93;10.0;7;0;0;0;0;0
2766;344;20161024;7;60;40;30;60;67;;52;0;2;0;0;10128;58;8;89;10.0;7;0;0;0;0;0
2767;344;20161024;8;60;40;50;70;72;;55;0;13;0;0;10126;59;8;88;10.0;7;0;0;0;0;0
2768;344;20161024;9;60;40;50;70;77;;59;0;23;0;0;10129;59;8;88;10.0;7;0;0;0;0;0
2769;344;20161024;10;60;40;40;60;86;;64;0;39;0;0;10131;60;7;85;;5;0;0;0;0;0
2770;344;20161024;11;50;40;40;60;95;;69;2;74;0;0;10128;60;8;83;;5;0;0;0;0;0
2771;344;20161024;12;60;40;40;60;98;59.0;70;0;59;0;0;10128;60;8;82;;5;0;0;0;0;0
2772;344;20161024;13;40;40;40;60;100;;71;0;63;0;0;10128;60;8;82;;5;0;0;0;0;0
2773;344;20161024;14;50;40;40;60;97;;71;0;47;0;0;10130;60;8;83;;5;0;0;0;0;0
2774;344;20161024;15;60;40;40;60;93;;70;0;25;0;0;10135;59;8;85;10.0;7;0;0;0;0;0
2775;344;20161024;16;50;40;40;60;88;;68;5;16;0;0;10136;58;8;86;10.0;7;0;0;0;0;0
2776;344;20161024;17;60;40;40;60;84;;66;0;2;0;0;10141;57;8;88;10.0;7;0;0;0;0;0
2777;344;20161024;18;60;30;30;50;82;80.0;67;0;0;0;0;10144;57;8;90;10.0;7;0;0;0;0;0
2778;344;20161024;19;40;20;10;50;83;;69;0;0;0;0;10151;56;8;91;10.0;7;0;0;0;0;0
2779;344;20161024;20;10;20;10;30;82;;70;0;0;0;0;10154;50;8;92;10.0;7;0;0;0;0;0
2780;344;20161024;21;50;20;20;30;81;;70;0;0;0;0;10158;50;8;92;10.0;7;0;0;0;0;0
2781;344;20161024;22;20;20;10;30;81;;70;0;0;0;0;10163;50;8;92;10.0;7;0;0;0;0;0
2782;344;20161024;23;10;10;10;20;81;;69;0;0;0;0;10166;50;8;91;10.0;7;0;0;0;0;0
2783;344;20161024;24;350;10;10;30;81;79.0;71;0;0;0;0;10172;47;8;93;10.0;7;0;0;0;0;0
2784;344;20161025;1;350;10;10;30;82;;72;0;0;0;0;10179;49;8;93;10.0;7;0;0;0;0;0
2785;344;20161025;2;50;10;10;10;83;;73;0;1;0;0;10182;45;8;93;10.0;7;0;0;0;0;0
2786;344;20161025;3;30;10;10;20;85;;75;0;0;0;0;10187;37;8;93;10.0;7;0;0;0;0;0
2787;344;20161025;4;350;10;10;20;85;;73;0;0;0;0;10195;40;8;92;10.0;7;0;0;0;0;0
2788;344;20161025;5;0;10;0;10;83;;78;0;0;0;0;10203;26;8;96;10.0;7;0;0;0;0;0
2789;344;20161025;6;100;10;20;20;84;80.0;79;0;0;0;0;10208;23;8;97;10.0;7;0;0;0;0;0
2790;344;20161025;7;90;10;10;30;87;;81;0;1;0;0;10217;29;8;96;10.0;7;0;0;0;0;0
2791;344;20161025;8;110;10;20;30;89;;83;0;7;0;0;10223;27;8;95;10.0;7;0;0;0;0;0
2792;344;20161025;9;80;10;10;30;93;;83;0;14;0;0;10228;38;8;93;10.0;7;0;0;0;0;0
2793;344;20161025;10;50;10;10;20;100;;86;0;29;0;0;10233;50;8;90;10.0;7;0;0;0;0;0
2794;344;20161025;11;70;20;20;30;105;;84;0;61;0;0;10237;57;8;87;10.0;7;0;0;0;0;0
2795;344;20161025;12;40;10;10;30;108;83.0;78;0;45;0;0;10238;60;8;81;;5;0;0;0;0;0
2796;344;20161025;13;100;10;10;20;110;;76;0;34;0;0;10240;64;8;79;;5;0;0;0;0;0
2797;344;20161025;14;40;20;20;30;107;;78;0;24;0;0;10245;65;8;82;;5;0;0;0;0;0
2798;344;20161025;15;70;20;20;30;104;;82;0;14;0;0;10250;60;8;86;;5;0;0;0;0;0
2799;344;20161025;16;110;20;20;30;102;;82;0;5;0;0;10254;61;8;87;;5;0;0;0;0;0
2800;344;20161025;17;60;20;30;40;97;;82;0;1;0;0;10255;57;8;90;10.0;7;0;0;0;0;0
2801;344;20161025;18;90;20;20;40;96;94.0;82;0;0;0;0;10264;57;8;90;10.0;7;0;0;0;0;0
2802;344;20161025;19;110;20;10;30;96;;82;0;0;0;0;10268;57;8;90;10.0;7;0;0;0;0;0
2803;344;20161025;20;100;10;10;20;95;;80;0;0;0;0;10270;57;8;90;10.0;7;0;0;0;0;0
2804;344;20161025;21;100;30;30;60;96;;73;0;0;0;0;10271;59;8;85;10.0;7;0;0;0;0;0
2805;344;20161025;22;10;20;10;40;73;;60;0;0;0;0;10272;58;8;91;10.0;7;0;0;0;0;0
2806;344;20161025;23;0;10;0;20;64;;61;0;0;0;0;10273;41;8;98;10.0;7;0;0;0;0;0
2807;344;20161025;24;80;10;10;20;75;27.0;68;0;1;0;0;10275;50;8;95;10.0;7;0;0;0;0;0
2808;344;20161026;1;150;10;10;20;83;;69;0;0;0;0;10273;57;8;90;10.0;7;0;0;0;0;0
2809;344;20161026;2;150;10;20;20;71;;64;0;0;0;0;10275;50;8;95;10.0;7;0;0;0;0;0
2810;344;20161026;3;320;0;10;20;71;;66;0;0;0;0;10279;37;8;96;10.0;7;0;0;0;0;0
2811;344;20161026;4;150;10;10;10;75;;68;0;0;0;0;10280;44;8;95;10.0;7;0;0;0;0;0
2812;344;20161026;5;170;20;30;30;58;;53;0;0;0;0;10279;45;0;96;10.0;7;0;0;0;0;0
2813;344;20161026;6;170;20;20;70;62;35.0;58;0;0;0;0;10278;38;4;97;10.0;7;0;0;0;0;0
2814;344;20161026;7;150;20;20;50;67;;61;2;4;0;0;10281;40;0;95;10.0;7;0;0;0;0;0
2815;344;20161026;8;200;20;20;30;94;;75;10;42;0;0;10286;50;7;87;10.0;7;0;0;0;0;0
2816;344;20161026;9;190;30;40;70;101;;77;3;55;0;0;10287;50;7;85;10.0;7;0;0;0;0;0
2817;344;20161026;10;210;30;30;50;106;;83;0;42;0;0;10289;43;8;85;10.0;7;0;0;0;0;0
2818;344;20161026;11;200;30;30;60;108;;88;0;32;0;-1;10288;45;7;87;22.0;7;0;1;0;0;0
2819;344;20161026;12;200;30;40;60;124;19.0;88;3;86;0;0;10287;50;8;78;4.0;7;0;0;0;0;0
2820;344;20161026;13;200;40;40;60;129;;88;2;62;0;0;10283;56;8;76;4.0;7;0;0;0;0;0
2821;344;20161026;14;210;40;40;60;130;;92;1;50;0;0;10283;56;8;77;4.0;7;0;0;0;0;0
2822;344;20161026;15;220;50;50;80;130;;98;0;32;0;0;10283;56;8;80;10.0;7;0;0;0;0;0
2823;344;20161026;16;220;50;50;80;127;;98;8;22;0;0;10283;50;7;82;10.0;7;0;0;0;0;0
2824;344;20161026;17;220;40;30;70;111;;93;0;2;0;0;10283;44;8;88;10.0;7;0;0;0;0;0
2825;344;20161026;18;220;30;30;50;107;90.0;91;0;0;0;0;10287;50;7;89;10.0;7;0;0;0;0;0
2826;344;20161026;19;250;30;30;50;118;;99;0;0;0;0;10295;50;8;88;10.0;7;0;0;0;0;0
2827;344;20161026;20;220;40;40;60;111;;98;0;0;0;0;10296;43;1;91;10.0;7;0;0;0;0;0
2828;344;20161026;21;200;30;30;70;114;;99;0;0;0;-1;10294;37;8;90;81.0;7;0;1;0;0;0
2829;344;20161026;22;210;40;40;60;107;;93;0;0;0;-1;10296;38;4;90;23.0;7;0;1;0;0;0
2830;344;20161026;23;210;40;40;70;112;;99;0;0;0;0;10293;37;8;91;10.0;7;0;0;0;0;0
2831;344;20161026;24;220;40;40;60;112;92.0;104;0;0;0;0;10298;32;8;94;10.0;7;0;0;0;0;0
2832;344;20161027;1;220;40;40;50;114;;106;0;0;0;0;10297;31;8;95;10.0;7;0;0;0;0;0
2833;344;20161027;2;210;30;30;50;115;;109;0;0;0;0;10299;33;8;96;10.0;7;0;0;0;0;0
2834;344;20161027;3;200;30;20;40;111;;106;0;0;0;0;10297;29;7;97;10.0;7;0;0;0;0;0
2835;344;20161027;4;200;20;20;40;97;;94;0;0;0;0;10301;22;1;98;10.0;7;0;0;0;0;0
2836;344;20161027;5;200;30;40;50;104;;101;0;0;0;0;10303;26;0;98;10.0;7;0;0;0;0;0
2837;344;20161027;6;190;40;30;80;101;82.0;100;0;0;0;0;10306;4;4;99;34.0;7;1;0;0;0;0
2838;344;20161027;7;200;30;40;60;106;;103;0;2;0;0;10309;14;7;98;20.0;7;1;0;0;0;0
2839;344;20161027;8;200;40;40;60;111;;108;0;15;0;0;10316;14;8;98;10.0;7;0;0;0;0;0
2840;344;20161027;9;200;40;40;60;117;;114;0;38;0;0;10320;25;8;98;10.0;7;0;0;0;0;0
2841;344;20161027;10;220;40;50;80;122;;115;2;43;0;0;10321;49;8;95;10.0;7;0;0;0;0;0
2842;344;20161027;11;210;40;50;80;125;;116;0;41;0;0;10322;49;8;94;10.0;7;0;0;0;0;0
2843;344;20161027;12;220;60;60;110;135;94.0;111;4;76;0;0;10318;62;8;85;2.0;7;0;0;0;0;0
2844;344;20161027;13;220;50;50;90;136;;110;3;55;0;0;10315;60;8;84;;5;0;0;0;0;0
2845;344;20161027;14;230;60;60;90;140;;111;2;57;0;0;10313;65;8;83;;5;0;0;0;0;0
2846;344;20161027;15;240;60;50;90;132;;108;0;28;0;0;10312;70;8;85;;5;0;0;0;0;0
2847;344;20161027;16;220;40;50;90;127;;105;3;14;0;0;10310;70;8;86;;5;0;0;0;0;0
2848;344;20161027;17;240;50;40;70;119;;101;0;1;0;0;10313;70;8;88;;5;0;0;0;0;0
2849;344;20161027;18;230;40;40;60;118;106.0;103;0;0;0;0;10312;65;8;90;;5;0;0;0;0;0
2850;344;20161027;19;220;50;50;70;122;;107;0;0;0;0;10307;65;8;90;;5;0;0;0;0;0
2851;344;20161027;20;220;50;60;90;125;;107;0;0;0;0;10306;69;8;88;;5;0;0;0;0;0
2852;344;20161027;21;220;60;60;90;125;;109;0;0;0;0;10309;62;8;89;;5;0;0;0;0;0
2853;344;20161027;22;220;60;60;100;126;;112;0;0;0;0;10305;60;8;90;;5;0;0;0;0;0
2854;344;20161027;23;230;40;50;80;132;;107;0;0;0;0;10305;70;8;85;;5;0;0;0;0;0
2855;344;20161027;24;230;60;50;100;135;108.0;108;0;0;0;0;10303;70;8;83;;5;0;0;0;0;0
2856;344;20161028;1;220;50;50;80;132;;109;0;0;0;0;10306;70;8;86;;5;0;0;0;0;0
2857;344;20161028;2;230;50;50;70;132;;112;0;0;0;0;10300;65;8;87;;5;0;0;0;0;0
2858;344;20161028;3;250;50;60;90;139;;110;0;0;0;0;10301;70;8;82;;5;0;0;0;0;0
2859;344;20161028;4;250;60;60;90;138;;109;0;0;0;0;10301;70;8;82;;5;0;0;0;0;0
2860;344;20161028;5;240;60;60;100;137;;111;0;0;0;0;10300;70;8;84;;5;0;0;0;0;0
2861;344;20161028;6;240;50;50;80;135;126.0;113;0;0;0;0;10303;70;8;86;;5;0;0;0;0;0
2862;344;20161028;7;250;50;50;80;137;;117;0;1;0;0;10313;67;8;87;;5;0;0;0;0;0
2863;344;20161028;8;240;50;50;70;139;;118;0;6;0;0;10311;68;8;87;;5;0;0;0;0;0
2864;344;20161028;9;250;50;50;80;143;;121;0;18;0;0;10316;68;8;86;;5;0;0;0;0;0
2865;344;20161028;10;270;50;40;80;146;;121;0;17;0;0;10322;68;8;85;;5;0;0;0;0;0
2866;344;20161028;11;270;50;50;90;148;;123;0;26;0;0;10324;69;8;85;;5;0;0;0;0;0
2867;344;20161028;12;270;50;50;80;146;131.0;123;0;27;0;0;10322;65;8;86;;5;0;0;0;0;0
2868;344;20161028;13;280;40;40;80;149;;124;2;45;0;0;10326;70;8;84;;5;0;0;0;0;0
2869;344;20161028;14;270;40;30;70;142;;131;0;19;0;-1;10330;59;8;92;22.0;7;0;1;0;0;0
2870;344;20161028;15;280;30;30;50;146;;127;0;12;0;0;10329;70;8;88;2.0;7;0;0;0;0;0
2871;344;20161028;16;290;30;20;60;144;;125;0;5;0;0;10333;70;8;88;;5;0;0;0;0;0
2872;344;20161028;17;270;20;20;40;141;;125;0;1;0;0;10337;60;8;90;;5;0;0;0;0;0
2873;344;20161028;18;270;20;20;30;139;135.0;128;0;0;0;0;10341;64;8;92;2.0;7;0;0;0;0;0
2874;344;20161028;19;250;20;20;30;135;;126;0;0;0;0;10342;62;8;94;;5;0;0;0;0;0
2875;344;20161028;20;300;20;10;30;127;;124;0;0;0;0;10344;59;8;98;10.0;7;0;0;0;0;0
2876;344;20161028;21;240;10;20;20;103;;102;0;0;0;0;10347;3;8;98;34.0;7;1;0;0;0;0
2877;344;20161028;22;230;20;20;30;124;;121;0;0;0;0;10345;58;8;98;20.0;7;1;0;0;0;0
2878;344;20161028;23;250;20;20;30;131;;128;0;0;0;0;10345;58;8;98;10.0;7;0;0;0;0;0
2879;344;20161028;24;260;20;20;30;125;80.0;120;0;0;0;0;10344;50;8;97;10.0;7;0;0;0;0;0
2880;344;20161029;1;240;10;10;20;118;;115;0;0;0;0;10343;28;8;98;10.0;7;0;0;0;0;0
2881;344;20161029;2;330;10;10;20;110;;109;0;0;0;0;10342;1;8;99;34.0;7;1;0;0;0;0
2882;344;20161029;3;10;10;10;10;103;;101;0;0;0;0;10343;1;7;98;33.0;7;1;0;0;0;0
2883;344;20161029;4;0;0;0;10;90;;89;0;0;0;0;10344;2;4;99;32.0;7;1;0;0;0;0
2884;344;20161029;5;60;0;10;10;74;;71;0;0;0;0;10344;1;4;98;34.0;7;1;0;0;0;0
2885;344;20161029;6;0;0;0;10;70;43.0;68;0;0;0;0;10345;1;8;98;33.0;7;1;0;0;0;0
2886;344;20161029;7;200;10;10;30;81;;78;0;2;0;0;10351;29;3;98;20.0;7;1;0;0;0;0
2887;344;20161029;8;180;10;10;40;100;;97;8;30;0;0;10354;59;1;98;20.0;7;1;0;0;0;0
2888;344;20161029;9;140;10;10;40;132;;100;8;64;0;0;10356;66;5;81;3.0;7;0;0;0;0;0
2889;344;20161029;10;110;10;10;20;141;;105;7;76;0;0;10357;74;7;79;;5;0;0;0;0;0
2890;344;20161029;11;310;10;10;20;148;;105;8;114;0;0;10356;74;7;75;;5;0;0;0;0;0
2891;344;20161029;12;310;10;10;40;157;45.0;111;8;124;0;0;10347;73;8;74;3.0;7;0;0;0;0;0
2892;344;20161029;13;300;20;30;40;163;;102;6;93;0;0;10343;80;8;66;;5;0;0;0;0;0
2893;344;20161029;14;330;30;20;70;147;;105;7;99;0;0;10337;75;3;76;;5;0;0;0;0;0
2894;344;20161029;15;360;20;20;40;144;;106;8;50;0;0;10336;75;6;77;;5;0;0;0;0;0
2895;344;20161029;16;30;20;20;40;128;;97;5;21;0;0;10334;70;0;81;;5;0;0;0;0;0
2896;344;20161029;17;300;10;10;20;103;;91;0;1;0;0;10333;61;0;92;;5;0;0;0;0;0
2897;344;20161029;18;260;10;10;20;89;47.0;86;0;0;0;0;10333;36;0;98;10.0;7;0;0;0;0;0
2898;344;20161029;19;0;0;0;10;85;;82;0;0;0;0;10333;32;0;98;10.0;7;0;0;0;0;0
2899;344;20161029;20;120;10;10;10;84;;81;0;0;0;0;10334;42;8;98;10.0;7;0;0;0;0;0
2900;344;20161029;21;130;10;10;20;90;;87;0;0;0;0;10331;57;8;98;10.0;7;0;0;0;0;0
2901;344;20161029;22;40;0;10;20;83;;80;0;0;0;0;10332;48;5;98;10.0;7;0;0;0;0;0
2902;344;20161029;23;280;10;10;10;72;;72;0;0;0;0;10330;2;5;99;34.0;7;1;0;0;0;0
2903;344;20161029;24;0;10;0;10;61;34.0;60;0;0;0;0;10330;2;6;98;33.0;7;1;0;0;0;0
2904;344;20161030;1;60;10;10;10;61;;59;0;0;0;0;10327;2;8;99;33.0;7;1;0;0;0;0
2905;344;20161030;2;220;10;10;20;87;;84;0;0;0;0;10321;57;8;98;20.0;7;1;0;0;0;0
2906;344;20161030;3;0;10;0;10;83;;80;0;0;0;0;10314;46;8;98;10.0;7;0;0;0;0;0
2907;344;20161030;4;70;10;10;20;71;;68;0;0;0;0;10315;12;5;98;20.0;7;1;0;0;0;0
2908;344;20161030;5;150;10;10;10;67;;67;0;0;0;0;10310;2;4;100;34.0;7;1;0;0;0;0
2909;344;20161030;6;150;0;10;10;54;26.0;52;0;0;0;0;10311;2;7;99;33.0;7;1;0;0;0;0
2910;344;20161030;7;90;10;10;20;77;;76;0;2;0;0;10315;9;8;99;32.0;7;1;0;0;0;0
2911;344;20161030;8;0;10;0;20;88;;85;3;25;0;0;10315;56;1;98;20.0;7;1;0;0;0;0
2912;344;20161030;9;0;0;0;10;116;;105;7;68;0;0;10317;60;8;93;3.0;7;0;0;0;0;0
2913;344;20161030;10;0;0;0;10;131;;105;4;65;0;0;10316;65;8;84;;5;0;0;0;0;0
2914;344;20161030;11;0;10;0;10;138;;107;1;60;0;0;10315;62;8;82;;5;0;0;0;0;0
2915;344;20161030;12;340;10;10;20;143;24.0;105;5;96;0;0;10312;67;4;78;1.0;7;0;0;0;0;0
2916;344;20161030;13;70;10;10;30;146;;101;10;110;0;0;10307;71;8;74;;5;0;0;0;0;0
2917;344;20161030;14;60;20;20;40;145;;100;8;87;0;0;10304;69;8;74;;5;0;0;0;0;0
2918;344;20161030;15;150;20;10;30;138;;103;7;46;0;0;10302;66;8;79;;5;0;0;0;0;0
2919;344;20161030;16;40;10;20;20;122;;92;0;11;0;0;10301;64;8;82;;5;0;0;0;0;0
2920;344;20161030;17;60;20;20;30;95;;80;0;0;0;0;10302;63;8;90;;5;0;0;0;0;0
2921;344;20161030;18;70;20;10;20;93;66.0;87;0;0;0;0;10302;58;8;96;10.0;7;0;0;0;0;0
2922;344;20161030;19;70;10;20;20;105;;97;0;0;0;0;10303;57;8;95;10.0;7;0;0;0;0;0
2923;344;20161030;20;60;10;10;20;90;;87;0;0;0;0;10303;45;8;98;10.0;7;0;0;0;0;0
2924;344;20161030;21;80;10;10;30;96;;93;0;0;0;0;10305;42;8;98;10.0;7;0;0;0;0;0
2925;344;20161030;22;100;10;20;30;91;;84;0;0;0;0;10303;50;8;95;10.0;7;0;0;0;0;0
2926;344;20161030;23;120;20;10;30;79;;75;0;0;0;0;10299;50;8;97;10.0;7;0;0;0;0;0
2927;344;20161030;24;30;10;10;10;59;30.0;56;0;0;0;0;10299;19;8;98;10.0;7;0;0;0;0;0
2928;344;20161031;1;990;10;10;20;57;;55;0;0;0;0;10296;4;8;98;34.0;7;1;0;0;0;0
2929;344;20161031;2;10;10;10;20;46;;44;0;0;0;0;10295;2;8;98;34.0;7;1;0;0;0;0
2930;344;20161031;3;60;10;20;30;65;;63;0;0;0;0;10293;7;8;98;32.0;7;1;0;0;0;0
2931;344;20161031;4;990;10;10;20;47;;45;0;0;0;0;10291;2;8;98;34.0;7;1;0;0;0;0
2932;344;20161031;5;60;10;10;20;44;;42;0;0;0;0;10289;1;8;98;34.0;7;1;0;0;0;0
2933;344;20161031;6;90;10;10;10;43;14.0;42;0;0;0;0;10286;1;2;99;33.0;7;1;0;0;0;0
2934;344;20161031;7;50;10;10;20;51;;50;0;2;0;0;10289;13;0;99;20.0;7;1;0;0;0;0
2935;344;20161031;8;990;10;10;20;79;;78;8;26;0;0;10289;43;1;99;20.0;7;1;0;0;0;0
2936;344;20161031;9;80;10;10;20;102;;90;8;62;0;0;10288;59;2;92;10.0;7;0;0;0;0;0
2937;344;20161031;10;80;10;10;20;121;;91;10;95;0;0;10286;62;0;81;;5;0;0;0;0;0
2938;344;20161031;11;90;10;10;30;140;;97;10;120;0;0;10284;65;0;75;;5;0;0;0;0;0
2939;344;20161031;12;70;20;20;40;153;8.0;90;10;131;0;0;10280;68;0;66;2.0;7;0;0;0;0;0
2940;344;20161031;13;90;20;10;40;156;;90;10;123;0;0;10276;72;0;65;;5;0;0;0;0;0
2941;344;20161031;14;70;10;10;20;160;;87;10;98;0;0;10272;76;0;61;;5;0;0;0;0;0
2942;344;20161031;15;60;20;20;30;143;;96;8;51;0;0;10268;74;3;73;;5;0;0;0;0;0
2943;344;20161031;16;100;20;10;20;129;;97;7;19;0;0;10266;70;8;80;;5;0;0;0;0;0
2944;344;20161031;17;60;10;10;20;101;;89;0;1;0;0;10268;61;8;92;;5;0;0;0;0;0
2945;344;20161031;18;100;10;10;10;92;48.0;89;0;0;0;0;10266;57;8;98;10.0;7;0;0;0;0;0
2946;344;20161031;19;90;0;10;10;85;;84;0;0;0;0;10263;18;8;99;20.0;7;1;0;0;0;0
2947;344;20161031;20;0;0;0;10;68;;67;0;0;0;0;10262;14;8;98;10.0;7;0;0;0;0;0
2948;344;20161031;21;0;0;0;10;64;;63;0;0;0;0;10260;1;8;99;34.0;7;1;0;0;0;0
2949;344;20161031;22;0;0;0;10;64;;63;0;0;0;0;10257;3;8;99;32.0;7;1;0;0;0;0
2950;344;20161031;23;170;10;20;20;76;;74;0;0;0;0;10251;57;8;99;20.0;7;1;0;0;0;0
2951;344;20161031;24;210;10;10;20;73;26.0;71;0;0;0;0;10245;11;8;98;10.0;7;0;0;0;0;0
2952;344;20161101;1;170;10;10;20;70;;68;0;0;0;0;10239;7;8;99;34.0;7;1;0;0;0;0
2953;344;20161101;2;250;10;10;10;54;;52;0;0;0;0;10233;2;8;99;34.0;7;1;0;0;0;0
2954;344;20161101;3;180;0;10;10;54;;53;0;0;0;0;10227;1;8;99;34.0;7;1;0;0;0;0
2955;344;20161101;4;0;0;0;10;49;;48;0;0;0;0;10225;1;8;99;33.0;7;1;0;0;0;0
2956;344;20161101;5;190;10;10;10;59;;59;0;0;0;0;10221;5;8;100;32.0;7;1;0;0;0;0
2957;344;20161101;6;210;10;10;20;74;17.0;73;0;0;0;0;10218;1;8;99;34.0;7;1;0;0;0;0
2958;344;20161101;7;190;20;10;40;75;;73;0;2;0;0;10214;2;8;99;32.0;7;1;0;0;0;0
2959;344;20161101;8;210;10;10;20;73;;70;0;17;0;0;10214;21;8;98;20.0;7;1;0;0;0;0
2960;344;20161101;9;270;10;10;20;105;;102;0;43;0;0;10213;34;8;98;10.0;7;0;0;0;0;0
2961;344;20161101;10;290;10;20;30;133;;130;3;58;0;0;10211;39;8;98;10.0;7;0;0;0;0;0
2962;344;20161101;11;320;20;20;50;139;;123;0;40;0;0;10211;56;8;90;10.0;7;0;0;0;0;0
2963;344;20161101;12;330;30;30;50;137;20.0;116;0;25;0;0;10207;56;8;87;10.0;7;0;0;0;0;0
2964;344;20161101;13;350;30;40;60;138;;108;0;29;0;0;10205;69;8;82;;5;0;0;0;0;0
2965;344;20161101;14;320;30;30;50;135;;104;0;31;0;0;10203;70;8;82;;5;0;0;0;0;0
2966;344;20161101;15;10;50;50;90;115;;111;0;12;0;-1;10205;32;8;97;52.0;7;0;1;0;0;0
2967;344;20161101;16;10;50;50;90;109;;98;0;4;5;1;10208;65;8;93;23.0;7;0;1;0;0;0
2968;344;20161101;17;20;30;20;70;107;;91;0;1;0;0;10210;70;8;90;;5;0;0;0;0;0
2969;344;20161101;18;20;20;20;90;102;97.0;85;0;0;0;-1;10213;70;8;89;23.0;7;0;1;0;0;0
2970;344;20161101;19;330;10;20;30;95;;77;0;0;0;0;10212;70;8;89;;5;0;0;0;0;0
2971;344;20161101;20;320;20;20;30;65;;48;0;0;0;0;10211;70;1;89;;5;0;0;0;0;0
2972;344;20161101;21;290;20;20;20;51;;34;0;0;0;0;10211;70;3;89;;5;0;0;0;0;0
2973;344;20161101;22;260;10;20;20;44;;29;0;0;0;0;10209;70;1;90;;5;0;0;0;0;0
2974;344;20161101;23;20;30;30;80;87;;63;0;0;5;12;10207;67;8;85;81.0;7;0;1;0;0;0
2975;344;20161101;24;300;30;40;70;84;10.0;74;0;0;6;11;10207;60;8;93;81.0;7;0;1;0;0;0
2976;344;20161102;1;300;30;40;70;84;;70;0;0;1;1;10204;65;8;91;51.0;7;0;1;0;0;0
2977;344;20161102;2;270;20;10;60;73;;66;0;0;2;3;10200;65;8;95;23.0;7;0;1;0;0;0
2978;344;20161102;3;290;20;20;50;66;;60;0;0;3;2;10198;65;2;96;23.0;7;0;1;0;0;0
2979;344;20161102;4;280;20;30;50;84;;60;0;0;2;2;10194;70;8;85;51.0;7;0;1;0;0;0
2980;344;20161102;5;310;30;30;70;76;;58;0;0;4;5;10192;70;6;88;23.0;7;0;1;0;0;0
2981;344;20161102;6;310;30;30;70;71;32.0;50;0;0;0;0;10188;70;7;86;3.0;7;0;0;0;0;0
2982;344;20161102;7;340;30;30;70;81;;53;0;1;4;1;10192;70;8;82;81.0;7;0;1;0;0;0
2983;344;20161102;8;310;30;40;90;93;;46;3;21;0;-1;10194;75;3;72;23.0;7;0;1;0;0;0
2984;344;20161102;9;310;60;60;110;88;;53;7;52;1;1;10198;74;7;79;81.0;7;0;1;0;0;0
2985;344;20161102;10;300;40;40;90;99;;60;5;47;2;2;10196;75;1;77;23.0;7;0;1;0;0;0
2986;344;20161102;11;290;50;50;110;107;;58;8;101;1;2;10196;75;5;72;23.0;7;0;1;0;0;0
2987;344;20161102;12;320;60;70;130;93;50.0;60;8;96;2;3;10194;61;8;80;81.0;7;0;1;0;0;0
2988;344;20161102;13;310;40;60;100;114;;56;7;80;1;1;10192;80;2;67;23.0;7;0;1;0;0;0
2989;344;20161102;14;310;70;60;140;97;;61;5;65;0;-1;10193;75;2;78;23.0;7;0;1;0;0;0
2990;344;20161102;15;330;50;60;100;98;;59;0;28;0;0;10193;75;1;77;1.0;7;0;0;0;0;0
2991;344;20161102;16;310;50;40;100;83;;56;3;9;2;2;10194;70;4;83;23.0;7;0;1;0;0;0
2992;344;20161102;17;300;30;30;50;71;;51;0;0;0;0;10194;70;1;87;;5;0;0;0;0;0
2993;344;20161102;18;290;30;30;60;79;47.0;57;0;0;0;-1;10199;70;4;86;22.0;7;0;1;0;0;0
2994;344;20161102;19;10;20;10;70;66;;51;0;0;5;7;10201;70;2;90;23.0;7;0;1;0;0;0
2995;344;20161102;20;250;20;20;50;56;;47;0;0;2;2;10203;65;3;94;23.0;7;0;1;0;0;0
2996;344;20161102;21;250;20;10;60;67;;54;0;0;3;1;10205;65;3;91;23.0;7;0;1;0;0;0
2997;344;20161102;22;200;10;10;20;49;;45;0;0;0;0;10205;65;1;97;;5;0;0;0;0;0
2998;344;20161102;23;260;10;20;20;47;;43;0;0;0;0;10207;65;1;97;;5;0;0;0;0;0
2999;344;20161102;24;260;10;20;30;45;14.0;41;0;0;0;0;10208;65;6;97;3.0;7;0;0;0;0;0
3000;344;20161103;1;260;30;20;40;66;;50;0;0;0;-1;10210;70;2;89;22.0;7;0;1;0;0;0
3001;344;20161103;2;280;30;30;70;75;;57;0;0;4;3;10210;70;7;88;81.0;7;0;1;0;0;0
3002;344;20161103;3;290;10;10;50;68;;56;0;0;4;2;10211;65;5;92;23.0;7;0;1;0;0;0
3003;344;20161103;4;220;10;20;20;41;;37;0;0;0;0;10210;65;6;97;;5;0;0;0;0;0
3004;344;20161103;5;200;10;10;20;51;;47;0;0;0;0;10210;65;8;97;;5;0;0;0;0;0
3005;344;20161103;6;200;10;10;20;46;8.0;42;0;0;0;0;10210;65;8;97;2.0;7;0;0;0;0;0
3006;344;20161103;7;150;10;10;30;42;;39;0;1;0;0;10213;18;8;98;10.0;7;0;0;0;0;0
3007;344;20161103;8;240;20;30;40;70;;66;5;18;1;1;10217;65;8;97;81.0;7;0;1;0;0;0
3008;344;20161103;9;210;20;20;40;99;;84;3;47;0;-1;10216;70;8;90;23.0;7;0;1;0;0;0
3009;344;20161103;10;220;30;40;60;101;;79;2;59;0;-1;10217;70;8;86;57.0;7;0;1;0;0;0
3010;344;20161103;11;180;30;30;50;106;;83;3;59;0;-1;10214;70;8;86;23.0;7;0;1;0;0;0
3011;344;20161103;12;220;20;10;60;104;4.0;84;0;41;0;-1;10210;66;8;87;51.0;7;0;1;0;0;0
3012;344;20161103;13;250;30;40;60;98;;84;0;30;5;2;10208;64;8;91;51.0;7;0;1;0;0;0
3013;344;20161103;14;220;20;10;50;104;;82;0;31;7;5;10204;70;8;86;23.0;7;0;1;0;0;0
3014;344;20161103;15;260;30;40;70;108;;67;5;40;0;0;10201;75;8;76;2.0;7;0;0;0;0;0
3015;344;20161103;16;230;40;40;70;91;;57;5;15;0;0;10198;75;8;79;;5;0;0;0;0;0
3016;344;20161103;17;220;30;40;70;77;;52;0;0;0;0;10196;70;8;84;;5;0;0;0;0;0
3017;344;20161103;18;210;40;50;80;88;54.0;56;0;0;0;0;10193;75;8;80;2.0;7;0;0;0;0;0
3018;344;20161103;19;210;40;40;60;86;;55;0;0;0;0;10190;70;8;81;;5;0;0;0;0;0
3019;344;20161103;20;210;40;40;70;90;;54;0;0;0;0;10185;75;8;78;;5;0;0;0;0;0
3020;344;20161103;21;200;50;50;80;82;;49;0;0;0;0;10180;75;8;80;;5;0;0;0;0;0
3021;344;20161103;22;210;50;50;80;83;;51;0;0;0;0;10177;75;8;80;;5;0;0;0;0;0
3022;344;20161103;23;210;60;50;90;81;;49;0;0;0;0;10173;75;8;80;;5;0;0;0;0;0
3023;344;20161103;24;210;60;60;100;80;70.0;46;0;0;0;0;10167;75;8;79;;5;0;0;0;0;0
3024;344;20161104;1;210;60;70;100;80;;45;0;0;0;0;10160;75;7;79;;5;0;0;0;0;0
3025;344;20161104;2;210;60;60;110;80;;48;0;0;0;-1;10155;75;7;80;22.0;7;0;1;0;0;0
3026;344;20161104;3;210;60;60;90;82;;46;0;0;0;-1;10149;75;8;78;23.0;7;0;1;0;0;0
3027;344;20161104;4;210;60;60;110;81;;44;0;0;0;0;10143;75;8;77;;5;0;0;0;0;0
3028;344;20161104;5;190;50;50;110;80;;51;0;0;0;0;10137;69;8;82;;5;0;0;0;0;0
3029;344;20161104;6;200;60;50;90;80;73.0;53;0;0;0;-1;10131;67;8;83;51.0;7;0;1;0;0;0
3030;344;20161104;7;190;50;50;80;76;;52;0;1;0;-1;10127;65;8;85;22.0;7;0;1;0;0;0
3031;344;20161104;8;190;50;50;90;74;;51;0;3;0;0;10124;65;8;85;;5;0;0;0;0;0
3032;344;20161104;9;190;50;50;80;78;;54;0;7;0;-1;10120;65;8;85;23.0;7;0;1;0;0;0
3033;344;20161104;10;190;50;60;80;84;;55;0;39;0;0;10118;67;8;82;;5;0;0;0;0;0
3034;344;20161104;11;200;50;50;80;91;;53;2;58;0;0;10113;71;8;77;;5;0;0;0;0;0
3035;344;20161104;12;200;50;50;80;94;71.0;57;7;76;0;0;10105;70;8;78;2.0;7;0;0;0;0;0
3036;344;20161104;13;200;50;60;80;98;;60;7;68;0;0;10097;68;8;77;;5;0;0;0;0;0
3037;344;20161104;14;190;40;40;70;94;;60;3;60;0;0;10091;69;8;79;;5;0;0;0;0;0
3038;344;20161104;15;190;40;60;80;92;;59;0;25;0;0;10085;67;8;80;;5;0;0;0;0;0
3039;344;20161104;16;190;50;50;100;86;;52;2;9;0;0;10078;67;8;79;;5;0;0;0;0;0
3040;344;20161104;17;170;40;50;90;84;;53;0;0;0;0;10072;66;8;81;;5;0;0;0;0;0
3041;344;20161104;18;190;50;50;110;87;75.0;53;0;0;0;0;10067;67;8;79;;5;0;0;0;0;0
3042;344;20161104;19;200;60;50;90;79;;64;0;0;5;2;10063;60;8;90;81.0;7;0;1;0;0;0
3043;344;20161104;20;190;50;50;90;77;;64;0;0;9;6;10055;60;8;91;51.0;7;0;1;0;0;0
3044;344;20161104;21;190;50;50;80;73;;64;0;0;8;3;10049;56;8;94;81.0;7;0;1;0;0;0
3045;344;20161104;22;190;50;50;80;72;;64;0;0;10;9;10042;50;8;95;52.0;7;0;1;0;0;0
3046;344;20161104;23;190;50;50;80;69;;63;0;0;10;7;10035;50;8;96;81.0;7;0;1;0;0;0
3047;344;20161104;24;190;50;50;80;68;67.0;62;0;0;10;5;10027;47;8;96;52.0;7;0;1;0;0;0
3048;344;20161105;1;180;40;50;60;68;;62;0;0;9;9;10021;50;8;96;52.0;7;0;1;0;0;0
3049;344;20161105;2;190;40;30;70;71;;66;0;0;0;-1;10014;39;8;97;22.0;7;0;1;0;0;0
3050;344;20161105;3;250;30;20;50;75;;71;0;0;5;1;10012;33;8;97;52.0;7;0;1;0;0;0
3051;344;20161105;4;270;20;20;30;72;;69;0;0;0;-1;10011;30;8;98;23.0;7;0;1;0;0;0
3052;344;20161105;5;270;10;10;30;71;;67;0;0;0;-1;10009;36;8;97;22.0;7;0;1;0;0;0
3053;344;20161105;6;220;10;10;20;45;31.0;42;0;0;0;0;10006;20;1;98;10.0;7;0;0;0;0;0
3054;344;20161105;7;240;20;20;40;60;;56;0;1;0;-1;10006;60;8;97;23.0;7;0;1;0;0;0
3055;344;20161105;8;200;20;20;40;76;;70;0;6;5;2;10007;65;8;96;23.0;7;0;1;0;0;0
3056;344;20161105;9;250;30;30;50;87;;62;0;28;0;0;10007;70;1;84;1.0;7;0;0;0;0;0
3057;344;20161105;10;260;40;40;70;98;;48;10;84;0;0;10007;75;1;71;;5;0;0;0;0;0
3058;344;20161105;11;290;50;60;100;79;;58;8;79;2;5;10007;56;7;87;82.0;7;0;1;0;0;0
3059;344;20161105;12;220;30;40;90;95;21.0;66;3;57;4;3;10001;70;6;82;23.0;7;0;1;0;0;0
3060;344;20161105;13;250;50;50;80;103;;51;3;64;0;-1;9998;75;8;70;23.0;7;0;1;0;0;0
3061;344;20161105;14;250;50;60;100;80;;45;0;27;2;2;9997;63;8;79;81.0;7;0;1;0;0;0
3062;344;20161105;15;210;40;30;100;76;;61;2;22;7;5;9994;70;4;90;23.0;7;0;1;0;0;0
3063;344;20161105;16;240;20;20;50;55;;45;0;4;4;6;9992;65;5;93;23.0;7;0;1;0;0;0
3064;344;20161105;17;230;20;20;60;60;;52;0;0;3;4;9993;65;1;95;23.0;7;0;1;0;0;0
3065;344;20161105;18;270;20;20;50;68;18.0;56;0;0;3;1;9993;65;7;92;81.0;7;0;1;0;0;0
3066;344;20161105;19;300;30;60;90;75;;54;0;0;4;5;9999;70;8;87;23.0;7;0;1;0;0;0
3067;344;20161105;20;20;30;20;90;68;;53;0;0;9;8;9997;70;7;90;81.0;7;0;1;0;0;0
3068;344;20161105;21;280;20;30;70;60;;48;0;0;0;-1;9999;65;5;92;23.0;7;0;1;0;0;0
3069;344;20161105;22;300;40;40;80;64;;24;0;0;0;0;10000;75;1;76;;5;0;0;0;0;0
3070;344;20161105;23;300;40;60;100;71;;33;0;0;0;-1;10002;75;4;77;23.0;7;0;1;0;0;0
3071;344;20161105;24;270;40;40;100;67;30.0;28;0;0;0;-1;9998;75;6;76;22.0;7;0;1;0;0;0
3072;344;20161106;1;270;50;50;100;69;;32;0;0;0;0;9997;75;1;77;;5;0;0;0;0;0
3073;344;20161106;2;250;40;30;90;65;;41;0;0;1;2;9992;70;8;85;23.0;7;0;1;0;0;0
3074;344;20161106;3;290;40;50;80;73;;29;0;0;0;-1;9988;71;7;74;51.0;7;0;1;0;0;0
3075;344;20161106;4;290;60;70;120;69;;34;0;0;2;8;9984;75;2;78;23.0;7;0;1;0;0;0
3076;344;20161106;5;30;30;20;100;69;;46;0;0;0;-1;9983;70;7;85;23.0;7;0;1;0;0;0
3077;344;20161106;6;250;30;40;70;77;47.0;38;0;0;1;2;9980;75;8;76;81.0;7;0;1;0;0;0
3078;344;20161106;7;260;50;50;90;69;;55;0;1;4;2;9983;65;8;91;81.0;7;0;1;0;0;0
3079;344;20161106;8;220;50;40;80;68;;57;0;7;9;15;9980;65;7;93;23.0;7;0;1;0;0;0
3080;344;20161106;9;220;30;40;50;75;;66;0;12;6;8;9981;65;8;94;81.0;7;0;1;0;0;0
3081;344;20161106;10;270;40;50;90;88;;55;3;48;1;2;9982;75;8;80;23.0;7;0;1;0;0;0
3082;344;20161106;11;260;60;70;110;79;;61;5;80;2;12;9983;50;8;88;82.0;7;0;1;0;0;0
3083;344;20161106;12;240;40;20;90;73;64.0;63;0;20;8;20;9979;65;8;93;23.0;7;0;1;0;0;0
3084;344;20161106;13;260;30;30;70;83;;62;3;62;3;1;9979;70;7;87;57.0;7;0;1;0;0;0
3085;344;20161106;14;230;30;40;50;85;;71;0;27;4;2;9978;65;8;91;23.0;7;0;1;0;0;0
3086;344;20161106;15;240;40;30;80;80;;70;0;17;6;4;9982;65;8;93;51.0;7;0;1;0;0;0
3087;344;20161106;16;220;30;30;60;60;;53;0;4;3;2;9979;65;6;95;23.0;7;0;1;0;0;0
3088;344;20161106;17;210;30;20;40;60;;54;0;0;0;0;9981;65;8;96;;5;0;0;0;0;0
3089;344;20161106;18;200;30;30;60;65;38.0;54;0;0;2;1;9984;65;5;93;23.0;7;0;1;0;0;0
3090;344;20161106;19;210;40;50;70;73;;58;0;0;0;-1;9983;70;7;90;22.0;7;0;1;0;0;0
3091;344;20161106;20;190;40;40;80;67;;56;0;0;0;0;9984;65;1;93;;5;0;0;0;0;0
3092;344;20161106;21;190;40;30;70;69;;60;0;0;0;0;9987;65;8;94;3.0;7;0;0;0;0;0
3093;344;20161106;22;180;40;40;60;62;;54;0;0;0;-1;9989;65;4;95;22.0;7;0;1;0;0;0
3094;344;20161106;23;160;40;30;60;65;;58;0;0;0;0;9995;65;8;95;;5;0;0;0;0;0
3095;344;20161106;24;150;30;30;50;64;54.0;58;0;0;0;0;10001;65;8;96;2.0;7;0;0;0;0;0
3096;344;20161107;1;140;30;30;40;63;;55;0;0;0;0;10008;64;8;95;;5;0;0;0;0;0
3097;344;20161107;2;120;30;20;50;60;;53;0;0;0;0;10017;56;8;95;10.0;7;0;0;0;0;0
3098;344;20161107;3;70;20;20;30;59;;54;0;0;0;0;10025;42;8;97;10.0;7;0;0;0;0;0
3099;344;20161107;4;60;20;20;40;58;;55;0;0;0;-1;10033;33;8;98;51.0;7;0;1;0;0;0
3100;344;20161107;5;40;20;20;30;57;;54;0;0;2;1;10039;23;8;98;23.0;7;0;1;0;0;0
3101;344;20161107;6;50;20;30;40;59;57.0;53;0;0;0;0;10045;44;8;96;10.0;7;0;0;0;0;0
3102;344;20161107;7;40;30;20;40;59;;55;0;1;3;1;10052;44;8;97;52.0;7;0;1;0;0;0
3103;344;20161107;8;50;30;30;40;63;;57;0;5;8;4;10060;44;8;96;51.0;7;0;1;0;0;0
3104;344;20161107;9;40;40;60;90;62;;51;0;11;9;2;10065;62;8;93;51.0;7;0;1;0;0;0
3105;344;20161107;10;30;50;50;90;61;;45;0;30;0;-1;10074;70;8;89;22.0;7;0;1;0;0;0
3106;344;20161107;11;40;50;60;90;60;;38;0;34;0;0;10078;70;8;86;;5;0;0;0;0;0
3107;344;20161107;12;40;50;40;80;61;52.0;39;0;36;0;0;10081;70;8;86;2.0;7;0;0;0;0;0
3108;344;20161107;13;30;50;50;80;62;;31;0;22;0;0;10084;75;8;80;;5;0;0;0;0;0
3109;344;20161107;14;40;40;40;70;62;;35;0;21;0;0;10086;70;8;83;;5;0;0;0;0;0
3110;344;20161107;15;40;40;30;70;59;;24;3;16;0;0;10091;75;8;78;;5;0;0;0;0;0
3111;344;20161107;16;40;40;50;70;51;;14;3;9;0;0;10093;75;7;77;;5;0;0;0;0;0
3112;344;20161107;17;40;40;30;60;41;;9;0;0;0;0;10097;75;8;80;;5;0;0;0;0;0
3113;344;20161107;18;360;20;30;50;47;31.0;20;0;0;0;0;10100;70;8;83;;5;0;0;0;0;0
3114;344;20161107;19;20;20;20;50;49;;17;0;0;0;0;10102;75;8;80;;5;0;0;0;0;0
3115;344;20161107;20;50;30;30;50;47;;20;0;0;0;0;10107;70;8;83;;5;0;0;0;0;0
3116;344;20161107;21;40;20;20;40;37;;17;0;0;0;0;10106;70;8;87;;5;0;0;0;0;0
3117;344;20161107;22;10;20;20;30;29;;15;0;0;0;0;10109;67;8;90;;5;0;0;0;0;0
3118;344;20161107;23;40;10;10;30;28;;19;0;0;0;0;10106;65;2;94;;5;0;0;0;0;0
3119;344;20161107;24;340;10;10;30;9;-11.0;6;0;0;0;0;10104;50;1;98;10.0;7;0;0;0;0;0
3120;344;20161108;1;280;10;20;30;-9;;-12;0;0;0;0;10104;2;0;98;35.0;7;1;0;0;0;1
3121;344;20161108;2;0;10;0;30;-6;;-7;0;0;0;0;10104;2;1;99;35.0;7;1;0;0;0;1
3122;344;20161108;3;180;0;10;10;-13;;-14;0;0;0;0;10099;4;2;99;35.0;7;1;0;0;0;1
3123;344;20161108;4;210;10;10;20;-15;;-17;0;0;0;0;10097;2;0;98;35.0;7;1;0;0;0;1
3124;344;20161108;5;250;0;10;10;-28;;-30;0;0;0;0;10096;3;4;98;35.0;7;1;0;0;0;1
3125;344;20161108;6;250;0;10;10;-19;-59.0;-21;0;0;0;0;10096;3;1;98;35.0;7;1;0;0;0;1
3126;344;20161108;7;210;10;10;40;-11;;-13;0;1;0;0;10097;10;7;98;20.0;7;1;0;0;0;1
3127;344;20161108;8;200;10;20;20;-4;;-6;2;13;0;0;10099;40;8;98;10.0;7;0;0;0;0;0
3128;344;20161108;9;200;30;30;50;34;;27;3;38;0;0;10099;56;8;95;10.0;7;0;0;0;0;0
3129;344;20161108;10;180;40;40;80;47;;27;10;93;0;0;10098;60;8;87;;5;0;0;0;0;0
3130;344;20161108;11;190;30;30;50;61;;30;7;94;0;0;10096;63;6;80;;5;0;0;0;0;0
3131;344;20161108;12;180;30;40;50;58;-62.0;24;6;85;0;0;10092;66;7;79;3.0;7;0;0;0;0;0
3132;344;20161108;13;190;40;40;60;64;;22;2;53;0;0;10089;75;7;74;;5;0;0;0;0;0
3133;344;20161108;14;180;40;40;60;66;;13;3;45;0;0;10084;80;8;69;;5;0;0;0;0;0
3134;344;20161108;15;150;40;40;60;59;;13;0;19;0;0;10082;75;8;72;;5;0;0;0;0;0
3135;344;20161108;16;230;40;50;100;23;;12;0;2;5;16;10084;29;8;92;82.0;7;0;1;0;1;0
3136;344;20161108;17;170;30;40;60;27;;20;0;0;10;53;10079;58;8;95;61.0;7;0;1;1;0;0
3137;344;20161108;18;150;30;30;90;36;15.0;29;0;0;0;-1;10074;59;8;95;23.0;7;0;1;0;0;0
3138;344;20161108;19;220;30;30;60;40;;34;0;0;0;0;10073;65;8;96;;5;0;0;0;0;0
3139;344;20161108;20;220;50;50;100;34;;22;0;0;8;8;10070;65;8;92;81.0;7;0;1;0;0;0
3140;344;20161108;21;180;40;40;70;32;;18;0;0;0;-1;10063;65;1;91;23.0;7;0;1;0;0;0
3141;344;20161108;22;190;40;40;70;41;;29;0;0;0;0;10061;65;8;92;;5;0;0;0;0;0
3142;344;20161108;23;190;60;60;90;37;;23;0;0;5;5;10057;59;8;91;52.0;7;0;1;0;0;0
3143;344;20161108;24;180;50;40;80;40;23.0;26;0;0;3;1;10052;65;8;91;23.0;7;0;1;0;0;0
3144;344;20161109;1;170;30;30;60;35;;25;0;0;0;0;10047;61;8;93;;5;0;0;0;0;0
3145;344;20161109;2;150;40;40;60;24;;16;0;0;0;0;10036;59;8;94;10.0;7;0;0;0;0;0
3146;344;20161109;3;160;40;40;60;21;;16;0;0;0;0;10030;56;8;96;10.0;7;0;0;0;0;0
3147;344;20161109;4;150;40;40;50;24;;17;0;0;0;0;10023;57;8;95;10.0;7;0;0;0;0;0
3148;344;20161109;5;140;30;30;60;27;;19;0;0;0;0;10018;59;8;94;10.0;7;0;0;0;0;0
3149;344;20161109;6;140;40;40;60;33;11.0;21;0;0;0;-1;10013;59;8;92;51.0;7;0;1;0;0;0
3150;344;20161109;7;140;50;50;70;35;;25;0;1;0;-1;10012;56;8;93;51.0;7;0;1;0;0;0
3151;344;20161109;8;130;40;40;70;38;;31;0;3;9;2;10010;27;8;95;52.0;7;0;1;0;0;0
3152;344;20161109;9;120;40;40;70;41;;36;0;10;10;3;10006;39;8;97;52.0;7;0;1;0;0;0
3153;344;20161109;10;130;40;50;70;46;;37;0;17;6;1;10004;56;8;94;51.0;7;0;1;0;0;0
3154;344;20161109;11;120;40;40;70;47;;40;0;20;5;1;10000;38;8;95;52.0;7;0;1;0;0;0
3155;344;20161109;12;100;40;40;50;48;30.0;42;0;17;9;3;9994;50;8;96;81.0;7;0;1;0;0;0
3156;344;20161109;13;110;40;30;70;50;;42;0;19;10;3;9989;58;8;95;52.0;7;0;1;0;0;0
3157;344;20161109;14;100;40;40;60;50;;42;0;14;10;5;9989;58;8;95;52.0;7;0;1;0;0;0
3158;344;20161109;15;90;40;40;60;49;;38;0;10;10;7;9991;60;8;93;57.0;7;0;1;0;0;0
3159;344;20161109;16;80;30;30;60;47;;37;0;3;10;7;9993;57;8;93;61.0;7;0;1;0;0;0
3160;344;20161109;17;70;30;30;50;44;;40;0;0;10;6;9998;56;8;97;52.0;7;0;1;0;0;0
3161;344;20161109;18;70;30;30;40;43;40.0;39;0;0;10;2;10001;58;8;97;52.0;7;0;1;0;0;0
3162;344;20161109;19;60;20;20;30;38;;35;0;0;8;1;10006;56;8;98;51.0;7;0;1;0;0;0
3163;344;20161109;20;70;20;20;30;39;;36;0;0;0;-1;10010;50;8;98;23.0;7;0;1;0;0;0
3164;344;20161109;21;70;20;10;30;34;;31;0;0;0;-1;10015;50;8;98;23.0;7;0;1;0;0;0
3165;344;20161109;22;70;10;10;20;39;;36;0;0;0;-1;10021;50;8;98;52.0;7;0;1;0;0;0
3166;344;20161109;23;80;20;20;20;39;;36;0;0;7;1;10026;46;8;98;52.0;7;0;1;0;0;0
3167;344;20161109;24;100;20;20;40;41;28.0;36;0;0;9;2;10028;50;8;97;52.0;7;0;1;0;0;0
3168;344;20161110;1;110;20;20;30;42;;38;0;0;6;1;10031;50;8;97;23.0;7;0;1;0;0;0
3169;344;20161110;2;100;30;30;40;41;;38;0;0;0;-1;10030;50;8;98;22.0;7;0;1;0;0;0
3170;344;20161110;3;100;30;20;50;40;;36;0;0;7;1;10029;43;8;97;52.0;7;0;1;0;0;0
3171;344;20161110;4;100;40;40;50;42;;38;0;0;6;2;10029;56;8;97;23.0;7;0;1;0;0;0
3172;344;20161110;5;100;30;20;50;44;;40;0;0;0;-1;10032;48;8;97;51.0;7;0;1;0;0;0
3173;344;20161110;6;90;30;30;50;43;39.0;39;0;0;8;4;10034;46;8;97;58.0;7;0;1;0;0;0
3174;344;20161110;7;50;40;40;70;42;;38;0;0;7;3;10043;50;8;97;52.0;7;0;1;0;0;0
3175;344;20161110;8;80;50;30;80;43;;37;0;5;0;-1;10050;57;8;96;22.0;7;0;1;0;0;0
3176;344;20161110;9;60;30;30;50;49;;38;0;21;0;0;10054;59;8;93;10.0;7;0;0;0;0;0
3177;344;20161110;10;70;30;30;40;51;;41;0;32;0;0;10059;59;8;93;10.0;7;0;0;0;0;0
3178;344;20161110;11;40;20;20;50;54;;40;0;35;0;0;10061;58;8;91;10.0;7;0;0;0;0;0
3179;344;20161110;12;140;20;20;40;56;41.0;39;0;62;0;0;10057;60;8;89;2.0;7;0;0;0;0;0
3180;344;20161110;13;150;20;30;40;59;;42;0;41;0;0;10053;60;8;89;;5;0;0;0;0;0
3181;344;20161110;14;150;30;30;50;58;;42;0;32;0;0;10048;60;8;89;;5;0;0;0;0;0
3182;344;20161110;15;160;30;30;50;61;;47;2;22;0;0;10044;60;8;91;;5;0;0;0;0;0
3183;344;20161110;16;220;30;20;50;61;;56;0;1;8;30;10049;21;8;97;81.0;7;0;1;0;0;0
3184;344;20161110;17;140;20;10;50;65;;62;0;0;10;49;10043;20;8;98;82.0;7;0;1;0;0;0
3185;344;20161110;18;190;30;40;50;63;58.0;54;0;0;9;20;10042;58;8;94;81.0;7;0;1;0;1;0
3186;344;20161110;19;250;20;20;50;61;;57;0;0;4;5;10044;61;8;97;81.0;7;0;1;0;0;0
3187;344;20161110;20;250;10;10;40;52;;49;0;0;7;5;10045;58;8;98;23.0;7;0;1;0;0;0
3188;344;20161110;21;40;10;10;20;40;;40;0;0;0;0;10049;4;7;100;34.0;7;1;0;0;0;0
3189;344;20161110;22;10;10;10;20;44;;41;0;0;0;0;10061;40;8;98;20.0;7;1;0;0;0;0
3190;344;20161110;23;40;40;50;70;43;;37;0;0;0;0;10071;60;8;96;;5;0;0;0;0;0
3191;344;20161110;24;30;40;40;70;41;9.0;34;0;0;0;0;10083;65;8;95;2.0;7;0;0;0;0;0
3192;344;20161111;1;30;40;40;70;41;;29;0;0;0;0;10094;62;8;92;;5;0;0;0;0;0
3193;344;20161111;2;10;40;60;100;43;;30;0;0;0;0;10106;50;8;91;10.0;7;0;0;0;0;0
3194;344;20161111;3;10;50;40;90;37;;22;0;0;0;0;10115;50;7;90;10.0;7;0;0;0;0;0
3195;344;20161111;4;360;40;40;70;36;;21;0;0;0;0;10130;56;8;90;10.0;7;0;0;0;0;0
3196;344;20161111;5;350;40;30;70;28;;16;0;0;0;0;10143;50;8;92;10.0;7;0;0;0;0;0
3197;344;20161111;6;350;30;30;50;24;19.0;14;0;0;0;0;10160;50;4;93;10.0;7;0;0;0;0;0
3198;344;20161111;7;20;30;20;50;18;;11;0;0;0;0;10171;50;2;95;10.0;7;0;0;0;0;0
3199;344;20161111;8;350;20;20;40;14;;8;5;12;0;0;10186;42;0;96;10.0;7;0;0;0;0;0
3200;344;20161111;9;10;20;30;40;36;;21;10;48;0;0;10197;56;0;90;10.0;7;0;0;0;0;0
3201;344;20161111;10;10;30;30;50;48;;21;10;83;0;0;10205;59;0;83;10.0;7;0;0;0;0;0
3202;344;20161111;11;30;40;40;70;58;;19;10;104;0;0;10213;62;0;76;;5;0;0;0;0;0
3203;344;20161111;12;20;40;40;60;66;3.0;19;10;113;0;0;10215;64;0;72;;5;0;0;0;0;0
3204;344;20161111;13;30;40;40;60;65;;15;10;99;0;0;10219;62;1;70;;5;0;0;0;0;0
3205;344;20161111;14;30;40;30;60;62;;-2;10;79;0;0;10226;67;0;63;;5;0;0;0;0;0
3206;344;20161111;15;50;30;40;50;52;;-3;10;47;0;0;10232;63;0;68;;5;0;0;0;0;0
3207;344;20161111;16;50;30;20;50;27;;-3;3;10;0;0;10238;59;0;81;10.0;7;0;0;0;0;0
3208;344;20161111;17;60;20;20;40;18;;-4;0;0;0;0;10245;57;0;85;10.0;7;0;0;0;0;0
3209;344;20161111;18;30;10;10;30;9;-35.0;-4;0;0;0;0;10250;56;2;91;10.0;7;0;0;0;0;0
3210;344;20161111;19;290;10;10;20;-6;;-14;0;0;0;0;10252;43;1;94;10.0;7;0;0;0;0;0
3211;344;20161111;20;30;10;10;10;-9;;-11;0;0;0;0;10255;28;7;98;10.0;7;0;0;0;0;0
3212;344;20161111;21;0;10;0;20;-17;;-19;0;0;0;0;10255;9;1;98;35.0;7;1;0;0;0;1
3213;344;20161111;22;100;10;10;10;-15;;-16;0;0;0;0;10255;3;0;99;35.0;7;1;0;0;0;1
3214;344;20161111;23;110;10;10;20;-21;;-24;0;0;0;0;10254;8;1;98;35.0;7;1;0;0;0;1
3215;344;20161111;24;100;20;30;40;-9;-65.0;-15;0;0;0;0;10251;56;6;95;20.0;7;1;0;0;0;1
3216;344;20161112;1;120;20;10;40;-21;;-30;0;0;0;0;10248;50;8;93;10.0;7;0;0;0;0;0
3217;344;20161112;2;110;0;10;10;-21;;-24;0;0;0;0;10248;22;8;98;10.0;7;0;0;0;0;0
3218;344;20161112;3;150;10;10;20;-23;;-26;0;0;0;0;10242;27;8;98;10.0;7;0;0;0;0;0
3219;344;20161112;4;150;20;20;40;-21;;-23;0;0;0;0;10239;31;8;98;10.0;7;0;0;0;0;0
3220;344;20161112;5;160;20;30;50;-1;;-12;0;0;0;0;10237;37;8;91;10.0;7;0;0;0;0;0
3221;344;20161112;6;150;30;30;50;1;-63.0;-12;0;0;0;0;10232;41;8;91;10.0;7;0;0;0;0;0
3222;344;20161112;7;150;30;30;60;1;;-13;0;0;0;0;10229;40;8;90;10.0;7;0;0;0;0;0
3223;344;20161112;8;150;30;40;60;7;;-7;0;6;0;0;10228;43;8;90;10.0;7;0;0;0;0;0
3224;344;20161112;9;160;40;50;70;20;;-6;3;36;0;0;10231;56;8;83;10.0;7;0;0;0;0;0
3225;344;20161112;10;150;50;50;70;31;;-2;0;45;0;0;10227;57;8;79;4.0;7;0;0;0;0;0
3226;344;20161112;11;150;60;50;90;35;;2;0;52;0;0;10224;57;8;79;4.0;7;0;0;0;0;0
3227;344;20161112;12;160;50;40;80;42;-14.0;4;2;47;0;0;10221;58;8;76;4.0;7;0;0;0;0;0
3228;344;20161112;13;160;50;50;80;46;;7;2;54;0;0;10215;60;8;76;;5;0;0;0;0;0
3229;344;20161112;14;150;50;50;80;48;;9;0;37;0;0;10210;61;8;76;;5;0;0;0;0;0
3230;344;20161112;15;150;50;60;90;49;;14;0;12;0;0;10208;59;8;78;4.0;7;0;0;0;0;0
3231;344;20161112;16;150;50;50;100;51;;16;0;3;0;0;10207;60;8;78;;5;0;0;0;0;0
3232;344;20161112;17;140;50;50;80;53;;19;0;0;0;0;10205;59;8;79;4.0;7;0;0;0;0;0
3233;344;20161112;18;140;50;50;80;52;46.0;25;0;0;0;0;10207;58;8;83;10.0;7;0;0;0;0;0
3234;344;20161112;19;140;50;60;90;55;;23;0;0;0;-1;10207;59;8;80;51.0;7;0;1;0;0;0
3235;344;20161112;20;160;50;50;80;55;;23;0;0;0;-1;10208;61;8;80;22.0;7;0;1;0;0;0
3236;344;20161112;21;150;50;40;80;53;;24;0;0;0;-1;10211;60;8;82;81.0;7;0;1;0;0;0
3237;344;20161112;22;160;40;50;70;50;;27;0;0;4;1;10211;59;8;85;52.0;7;0;1;0;0;0
3238;344;20161112;23;160;40;50;70;49;;29;0;0;1;1;10209;58;8;87;81.0;7;0;1;0;0;0
3239;344;20161112;24;150;40;40;60;48;45.0;33;0;0;5;2;10208;58;8;90;51.0;7;0;1;0;0;0
3240;344;20161113;1;150;30;40;50;47;;35;0;0;8;4;10210;50;8;92;81.0;7;0;1;0;0;0
3241;344;20161113;2;150;40;40;60;46;;38;0;0;5;2;10209;56;7;95;23.0;7;0;1;0;0;0
3242;344;20161113;3;140;40;40;70;46;;39;0;0;6;2;10209;41;8;95;52.0;7;0;1;0;0;0
3243;344;20161113;4;160;40;40;60;46;;40;0;0;6;2;10214;45;8;96;52.0;7;0;1;0;0;0
3244;344;20161113;5;150;30;30;50;44;;39;0;0;10;6;10216;24;8;97;58.0;7;0;1;0;0;0
3245;344;20161113;6;150;30;30;50;44;43.0;40;0;0;9;4;10221;26;8;97;51.0;7;0;1;0;0;0
3246;344;20161113;7;150;40;30;90;45;;40;0;0;0;-1;10226;38;8;97;22.0;7;0;1;0;0;0
3247;344;20161113;8;150;40;30;90;47;;42;0;3;0;0;10233;47;8;97;10.0;7;0;0;0;0;0
3248;344;20161113;9;160;30;30;50;50;;43;0;9;0;0;10238;50;8;95;10.0;7;0;0;0;0;0
3249;344;20161113;10;160;40;40;50;53;;45;0;20;0;0;10240;47;8;95;10.0;7;0;0;0;0;0
3250;344;20161113;11;150;30;30;50;55;;45;0;19;0;0;10245;46;8;93;10.0;7;0;0;0;0;0
3251;344;20161113;12;150;20;20;70;57;43.0;46;0;24;0;-1;10249;47;8;93;22.0;7;0;1;0;0;0
3252;344;20161113;13;120;20;30;40;59;;47;0;21;0;-1;10249;46;8;92;23.0;7;0;1;0;0;0
3253;344;20161113;14;100;30;20;40;57;;46;0;15;0;0;10255;48;8;93;10.0;7;0;0;0;0;0
3254;344;20161113;15;100;20;30;40;57;;46;0;9;0;0;10262;50;8;93;10.0;7;0;0;0;0;0
3255;344;20161113;16;100;30;30;50;54;;46;0;3;0;0;10268;50;8;95;10.0;7;0;0;0;0;0
3256;344;20161113;17;100;30;30;50;50;;46;0;0;0;0;10275;38;8;97;10.0;7;0;0;0;0;0
3257;344;20161113;18;100;30;30;50;50;48.0;42;0;0;0;0;10284;50;8;95;10.0;7;0;0;0;0;0
3258;344;20161113;19;100;30;30;40;41;;33;0;0;0;0;10294;50;8;95;10.0;7;0;0;0;0;0
3259;344;20161113;20;50;20;10;40;28;;25;0;0;0;0;10297;35;7;98;10.0;7;0;0;0;0;0
3260;344;20161113;21;60;20;20;30;23;;20;0;0;0;0;10304;19;0;98;10.0;7;0;0;0;0;0
3261;344;20161113;22;100;20;20;30;3;;0;0;0;0;0;10304;20;0;98;20.0;7;1;0;0;0;0
3262;344;20161113;23;70;20;20;30;14;;11;0;0;0;0;10309;26;0;98;10.0;7;0;0;0;0;0
3263;344;20161113;24;80;20;10;30;-2;-31.0;-4;0;0;0;0;10311;1;0;98;35.0;7;1;0;0;0;1
3264;344;20161114;1;330;10;10;10;-18;;-21;0;0;0;0;10311;1;4;98;35.0;7;1;0;0;0;1
3265;344;20161114;2;130;10;10;20;-22;;-24;0;0;0;0;10308;2;8;98;35.0;7;1;0;0;0;1
3266;344;20161114;3;0;0;0;10;-25;;-27;0;0;0;0;10311;1;8;98;35.0;7;1;0;0;0;1
3267;344;20161114;4;130;10;10;10;-22;;-24;0;0;0;0;10309;1;8;98;35.0;7;1;0;0;0;1
3268;344;20161114;5;350;10;10;20;-25;;-27;0;0;0;0;10313;1;8;98;35.0;7;1;0;0;0;1
3269;344;20161114;6;290;10;10;10;-22;-46.0;-24;0;0;0;0;10318;17;8;98;20.0;7;1;0;0;0;1
3270;344;20161114;7;150;10;20;40;-8;;-10;0;1;0;0;10319;19;8;98;10.0;7;0;0;0;0;0
3271;344;20161114;8;180;20;20;40;26;;25;0;5;0;0;10321;2;9;99;34.0;7;1;0;0;0;0
3272;344;20161114;9;180;30;30;40;34;;33;0;13;0;-1;10323;2;9;99;51.0;7;1;1;0;0;0
3273;344;20161114;10;180;30;30;50;35;;33;0;20;0;-1;10322;3;8;99;52.0;7;1;1;0;0;0
3274;344;20161114;11;190;40;40;60;44;;41;0;34;10;2;10316;29;8;98;52.0;7;1;1;0;0;0
3275;344;20161114;12;190;50;50;80;46;-41.0;43;0;32;7;1;10306;29;8;98;52.0;7;0;1;0;0;0
3276;344;20161114;13;190;50;60;90;54;;50;0;21;10;6;10299;22;8;97;81.0;7;0;1;0;0;0
3277;344;20161114;14;190;50;40;80;59;;53;0;16;10;4;10298;30;8;96;52.0;7;0;1;0;0;0
3278;344;20161114;15;200;50;50;70;63;;57;0;6;5;4;10294;27;8;96;81.0;7;0;1;0;0;0
3279;344;20161114;16;190;50;50;90;64;;59;0;2;0;-1;10285;33;8;97;23.0;7;0;1;0;0;0
3280;344;20161114;17;190;50;50;90;67;;62;0;0;4;2;10283;34;8;97;58.0;7;0;1;0;0;0
3281;344;20161114;18;190;60;60;100;71;48.0;65;0;0;8;1;10280;37;8;96;52.0;7;0;1;0;0;0
3282;344;20161114;19;200;60;60;90;73;;68;0;0;9;5;10272;31;8;97;81.0;7;0;1;0;0;0
3283;344;20161114;20;200;60;60;90;74;;69;0;0;3;1;10270;35;8;97;52.0;7;0;1;0;0;0
3284;344;20161114;21;190;60;60;100;74;;69;0;0;5;1;10268;39;8;97;52.0;7;0;1;0;0;0
3285;344;20161114;22;190;60;60;90;73;;70;0;0;6;1;10262;17;8;98;57.0;7;0;1;0;0;0
3286;344;20161114;23;200;60;60;90;76;;73;0;0;0;-1;10256;24;8;98;23.0;7;0;1;0;0;0
3287;344;20161114;24;200;70;70;110;82;69.0;79;0;0;0;0;10250;18;8;98;10.0;7;0;0;0;0;0
3288;344;20161115;1;200;50;60;80;85;;82;0;0;0;-1;10247;16;8;98;22.0;7;0;1;0;0;0
3289;344;20161115;2;200;50;50;80;89;;86;0;0;0;-1;10243;14;8;98;57.0;7;0;1;0;0;0
3290;344;20161115;3;210;60;50;80;92;;89;0;0;8;1;10239;16;8;98;52.0;7;0;1;0;0;0
3291;344;20161115;4;210;50;60;80;99;;96;0;0;5;1;10237;18;8;98;22.0;7;0;1;0;0;0
3292;344;20161115;5;220;50;50;80;101;;98;0;0;8;1;10234;20;8;98;51.0;7;0;1;0;0;0
3293;344;20161115;6;220;50;50;70;106;79.0;103;0;0;9;2;10233;19;8;98;51.0;7;0;1;0;0;0
3294;344;20161115;7;240;50;50;90;113;;110;0;1;0;-1;10235;21;8;98;22.0;7;0;1;0;0;0
3295;344;20161115;8;250;50;50;80;118;;115;0;2;0;0;10239;18;8;98;10.0;7;0;0;0;0;0
3296;344;20161115;9;240;50;60;90;118;;115;0;5;0;-1;10239;20;8;98;81.0;7;0;1;0;0;0
3297;344;20161115;10;250;50;60;90;122;;119;0;10;0;-1;10243;32;8;98;23.0;7;0;1;0;0;0
3298;344;20161115;11;250;50;50;80;127;;122;0;33;0;0;10240;50;8;97;10.0;7;0;0;0;0;0
3299;344;20161115;12;250;50;40;70;129;103.0;123;0;23;0;0;10237;57;8;96;10.0;7;0;0;0;0;0
3300;344;20161115;13;250;40;40;70;128;;125;0;15;0;-1;10233;22;8;98;51.0;7;0;1;0;0;0
3301;344;20161115;14;260;40;40;60;131;;127;0;10;3;1;10231;35;8;97;53.0;7;0;1;0;0;0
3302;344;20161115;15;280;40;40;70;133;;130;0;8;8;7;10230;41;8;98;51.0;7;0;1;0;0;0
3303;344;20161115;16;280;40;40;60;130;;127;0;3;6;2;10230;20;8;98;52.0;7;0;1;0;0;0
3304;344;20161115;17;280;30;30;50;130;;127;0;0;10;2;10233;44;8;98;58.0;7;0;1;0;0;0
3305;344;20161115;18;290;30;30;40;126;123.0;123;0;0;6;3;10233;59;8;98;23.0;7;0;1;0;0;0
3306;344;20161115;19;260;20;20;30;125;;122;0;0;0;0;10230;49;8;98;10.0;7;0;0;0;0;0
3307;344;20161115;20;250;20;10;30;122;;119;0;0;8;3;10230;30;8;98;51.0;7;0;1;0;0;0
3308;344;20161115;21;250;20;20;30;124;;121;0;0;0;-1;10227;50;8;98;22.0;7;0;1;0;0;0
3309;344;20161115;22;210;20;10;30;120;;117;0;0;0;0;10222;45;8;98;10.0;7;0;0;0;0;0
3310;344;20161115;23;220;30;30;40;120;;117;0;0;0;0;10218;33;8;98;10.0;7;0;0;0;0;0
3311;344;20161115;24;210;30;40;50;122;109.0;119;0;0;0;-1;10208;44;8;98;23.0;7;0;1;0;0;0
3312;344;20161116;1;200;20;30;50;120;;117;0;0;0;-1;10198;23;8;98;51.0;7;0;1;0;0;0
3313;344;20161116;2;200;30;30;40;119;;116;0;0;9;3;10192;44;8;98;52.0;7;0;1;0;0;0
3314;344;20161116;3;210;40;40;60;122;;119;0;0;10;2;10181;24;8;98;51.0;7;0;1;0;0;0
3315;344;20161116;4;230;40;40;70;125;;122;0;0;10;4;10169;50;8;98;52.0;7;0;1;0;0;0
3316;344;20161116;5;230;50;50;70;123;;120;0;0;10;8;10160;35;8;98;53.0;7;0;1;0;0;0
3317;344;20161116;6;240;60;60;100;127;117.0;123;0;0;8;3;10153;60;8;97;22.0;7;0;1;0;0;0
3318;344;20161116;7;250;60;60;90;127;;124;0;1;8;11;10152;35;8;98;52.0;7;0;1;0;0;0
3319;344;20161116;8;230;60;60;110;128;;123;0;2;8;7;10141;58;8;97;58.0;7;0;1;0;0;0
3320;344;20161116;9;240;70;70;130;129;;123;0;7;0;-1;10144;65;8;96;23.0;7;0;1;0;0;0
3321;344;20161116;10;250;70;70;120;135;;124;0;21;0;0;10141;65;8;93;;5;0;0;0;0;0
3322;344;20161116;11;250;80;70;120;136;;116;2;55;0;0;10136;70;6;88;;5;0;0;0;0;0
3323;344;20161116;12;250;80;80;130;139;124.0;115;6;74;0;0;10133;70;7;85;3.0;7;0;0;0;0;0
3324;344;20161116;13;250;80;80;130;134;;111;7;69;0;0;10128;70;7;86;;5;0;0;0;0;0
3325;344;20161116;14;240;80;90;120;131;;106;5;50;0;0;10124;70;7;85;;5;0;0;0;0;0
3326;344;20161116;15;240;80;70;130;127;;101;8;25;0;0;10122;70;7;84;;5;0;0;0;0;0
3327;344;20161116;16;240;70;80;110;123;;103;2;5;0;0;10119;70;7;88;;5;0;0;0;0;0
3328;344;20161116;17;240;70;70;120;119;;104;0;0;0;0;10117;65;7;91;;5;0;0;0;0;0
3329;344;20161116;18;230;60;60;100;115;107.0;101;0;0;0;0;10115;65;7;91;;5;0;0;0;0;0
3330;344;20161116;19;230;60;60;90;113;;102;0;0;0;0;10112;63;8;93;;5;0;0;0;0;0
3331;344;20161116;20;290;70;80;120;104;;88;0;0;3;3;10114;17;8;90;82.0;7;0;1;0;0;0
3332;344;20161116;21;250;50;40;90;97;;81;0;0;7;20;10107;70;8;90;61.0;7;0;1;0;0;0
3333;344;20161116;22;220;30;40;60;99;;86;0;0;3;4;10105;65;8;92;81.0;7;0;1;0;0;0
3334;344;20161116;23;240;30;20;70;97;;85;0;0;5;4;10103;60;8;92;81.0;7;0;1;0;0;0
3335;344;20161116;24;250;30;30;70;83;81.0;72;0;0;10;20;10095;60;8;93;61.0;7;0;1;0;0;0
3336;344;20161117;1;200;20;10;40;82;;75;0;0;9;11;10084;63;8;95;61.0;7;0;1;0;0;0
3337;344;20161117;2;180;20;30;30;79;;73;0;0;0;-1;10078;65;8;96;23.0;7;0;1;0;0;0
3338;344;20161117;3;220;40;40;70;88;;81;0;0;0;-1;10071;65;8;95;51.0;7;0;1;0;0;0
3339;344;20161117;4;230;50;40;80;84;;67;0;0;9;6;10065;70;8;89;57.0;7;0;1;0;0;0
3340;344;20161117;5;210;40;50;70;87;;75;0;0;4;6;10061;59;8;92;82.0;7;0;1;0;0;0
3341;344;20161117;6;230;40;40;60;83;72.0;72;0;0;9;11;10057;65;8;93;61.0;7;0;1;0;0;0
3342;344;20161117;7;210;40;40;80;81;;66;0;0;4;9;10055;70;7;90;23.0;7;0;1;0;0;0
3343;344;20161117;8;220;50;60;80;90;;69;0;5;0;0;10052;70;8;87;;5;0;0;0;0;0
3344;344;20161117;9;220;60;70;100;95;;68;5;30;0;0;10046;70;8;83;2.0;7;0;0;0;0;0
3345;344;20161117;10;210;60;60;110;96;;69;2;49;0;0;10038;70;7;83;;5;0;0;0;0;0
3346;344;20161117;11;220;80;90;130;99;;65;4;49;0;0;10031;70;7;79;;5;0;0;0;0;0
3347;344;20161117;12;220;80;70;140;103;71.0;68;4;45;0;0;10023;67;7;79;2.0;7;0;0;0;0;0
3348;344;20161117;13;210;80;80;140;104;;69;1;49;0;0;10011;74;8;79;;5;0;0;0;0;0
3349;344;20161117;14;190;80;90;140;107;;81;3;39;0;0;9996;70;8;84;;5;0;0;0;0;0
3350;344;20161117;15;190;80;70;140;105;;83;0;8;0;-1;9982;70;8;86;23.0;7;0;1;0;0;0
3351;344;20161117;16;200;80;100;150;103;;84;0;1;8;8;9974;57;8;88;81.0;7;0;1;0;0;0
3352;344;20161117;17;210;90;110;150;106;;91;0;0;8;23;9964;70;8;90;61.0;7;0;1;0;0;0
3353;344;20161117;18;210;110;120;180;110;96.0;90;0;0;2;4;9953;60;8;87;81.0;7;0;1;0;0;0
3354;344;20161117;19;210;100;90;180;108;;93;0;0;8;10;9951;57;8;90;82.0;7;0;1;0;0;0
3355;344;20161117;20;220;90;90;160;106;;92;0;0;10;26;9948;59;8;91;62.0;7;0;1;0;0;0
3356;344;20161117;21;260;90;90;160;84;;73;0;0;10;23;9955;57;8;93;63.0;7;0;1;0;0;0
3357;344;20161117;22;220;70;80;130;90;;66;0;0;6;15;9945;70;8;85;51.0;7;0;1;0;0;0
3358;344;20161117;23;220;80;80;120;92;;70;0;0;0;-1;9939;70;8;86;81.0;7;0;1;0;0;0
3359;344;20161117;24;190;60;50;100;87;80.0;66;0;0;0;-1;9927;70;8;87;23.0;7;0;1;0;0;0
3360;344;20161118;1;220;70;70;110;87;;50;0;0;0;0;9929;75;8;78;;5;0;0;0;0;0
3361;344;20161118;2;220;70;70;110;83;;38;0;0;0;-1;9922;75;8;73;23.0;7;0;1;0;0;0
3362;344;20161118;3;220;70;70;130;79;;51;0;0;0;-1;9920;70;8;82;51.0;7;0;1;0;0;0
3363;344;20161118;4;190;60;70;130;72;;58;0;0;4;8;9917;65;8;91;23.0;7;0;1;0;0;0
3364;344;20161118;5;210;70;80;120;77;;51;0;0;0;-1;9917;70;8;84;23.0;7;0;1;0;0;0
3365;344;20161118;6;210;80;80;130;76;67.0;48;0;0;0;0;9922;70;8;82;2.0;7;0;0;0;0;0
3366;344;20161118;7;220;80;60;120;75;;48;0;0;0;-1;9929;70;8;83;22.0;7;0;1;0;0;0
3367;344;20161118;8;230;60;60;100;75;;25;0;4;0;0;9937;75;8;71;;5;0;0;0;0;0
3368;344;20161118;9;220;60;40;120;72;;47;0;10;4;2;9943;70;8;84;23.0;7;0;1;0;0;0
3369;344;20161118;10;210;70;70;110;73;;47;0;32;0;-1;9951;70;8;84;23.0;7;0;1;0;0;0
3370;344;20161118;11;210;90;90;140;73;;47;0;36;0;0;9955;70;8;84;;5;0;0;0;0;0
3371;344;20161118;12;210;90;80;160;65;63.0;35;5;56;0;0;9956;70;1;81;1.0;7;0;0;0;0;0
3372;344;20161118;13;210;100;100;160;66;;35;3;56;0;0;9961;70;8;81;;5;0;0;0;0;0
3373;344;20161118;14;220;90;80;140;68;;36;0;26;0;0;9964;75;8;80;;5;0;0;0;0;0
3374;344;20161118;15;220;80;90;120;65;;33;0;9;0;0;9968;75;8;80;;5;0;0;0;0;0
3375;344;20161118;16;200;70;60;130;59;;13;0;2;0;0;9971;75;8;72;;5;0;0;0;0;0
3376;344;20161118;17;200;80;70;120;45;;21;0;0;0;0;9986;70;8;84;;5;0;0;0;0;0
3377;344;20161118;18;210;80;80;110;43;38.0;23;0;0;0;0;9994;70;2;87;;5;0;0;0;0;0
3378;344;20161118;19;210;80;80;120;45;;23;0;0;0;0;9999;70;0;86;;5;0;0;0;0;0
3379;344;20161118;20;210;80;80;130;44;;23;0;0;0;0;10005;70;0;86;;5;0;0;0;0;0
3380;344;20161118;21;210;70;60;110;47;;25;0;0;0;0;10010;70;0;86;;5;0;0;0;0;0
3381;344;20161118;22;190;60;60;90;46;;29;0;0;0;0;10015;70;6;89;;5;0;0;0;0;0
3382;344;20161118;23;190;60;60;90;52;;37;0;0;0;0;10016;70;8;90;;5;0;0;0;0;0
3383;344;20161118;24;190;60;60;90;56;34.0;34;0;0;0;0;10016;70;8;86;;5;0;0;0;0;0
3384;344;20161119;1;190;70;70;100;55;;32;0;0;0;-1;10010;70;8;85;51.0;7;0;1;0;0;0
3385;344;20161119;2;190;60;60;100;54;;33;0;0;0;-1;10007;70;8;86;22.0;7;0;1;0;0;0
3386;344;20161119;3;200;70;60;100;58;;36;0;0;0;0;10005;70;8;86;2.0;7;0;0;0;0;0
3387;344;20161119;4;210;70;80;120;60;;34;0;0;0;0;10009;70;8;83;;5;0;0;0;0;0
3388;344;20161119;5;210;80;80;120;56;;32;0;0;0;0;10008;70;8;85;;5;0;0;0;0;0
3389;344;20161119;6;210;70;90;120;55;46.0;31;0;0;0;0;10014;70;8;84;2.0;7;0;0;0;0;0
3390;344;20161119;7;200;80;70;120;51;;28;0;0;0;-1;10017;70;8;85;22.0;7;0;1;0;0;0
3391;344;20161119;8;200;80;80;120;52;;29;3;8;0;0;10026;70;7;85;;5;0;0;0;0;0
3392;344;20161119;9;210;80;80;130;54;;32;2;21;0;0;10031;70;6;86;1.0;7;0;0;0;0;0
3393;344;20161119;10;220;80;80;130;67;;37;3;53;0;0;10033;70;1;81;;5;0;0;0;0;0
3394;344;20161119;11;220;80;90;130;76;;40;10;93;0;0;10034;75;0;78;;5;0;0;0;0;0
3395;344;20161119;12;220;80;90;130;70;42.0;37;5;70;0;0;10037;75;4;79;3.0;7;0;0;0;0;0
3396;344;20161119;13;210;70;80;120;76;;36;2;49;0;0;10041;75;6;76;;5;0;0;0;0;0
3397;344;20161119;14;200;80;90;130;70;;37;3;41;0;0;10040;75;3;79;;5;0;0;0;0;0
3398;344;20161119;15;210;80;70;140;69;;36;8;22;0;0;10041;75;7;79;;5;0;0;0;0;0
3399;344;20161119;16;200;70;60;110;60;;30;2;4;0;0;10043;70;7;81;;5;0;0;0;0;0
3400;344;20161119;17;190;60;60;100;54;;28;0;0;0;0;10044;70;1;83;;5;0;0;0;0;0
3401;344;20161119;18;190;50;50;90;59;45.0;31;0;0;0;0;10042;70;8;82;;5;0;0;0;0;0
3402;344;20161119;19;180;60;60;90;62;;34;0;0;0;0;10039;70;8;82;;5;0;0;0;0;0
3403;344;20161119;20;180;60;60;100;64;;32;0;0;0;0;10033;75;8;80;;5;0;0;0;0;0
3404;344;20161119;21;170;60;60;110;58;;31;0;0;0;0;10025;70;8;83;;5;0;0;0;0;0
3405;344;20161119;22;160;50;50;90;55;;30;0;0;0;0;10016;70;8;84;;5;0;0;0;0;0
3406;344;20161119;23;160;60;60;90;55;;28;0;0;0;0;10008;70;8;83;;5;0;0;0;0;0
3407;344;20161119;24;160;70;80;100;57;43.0;27;0;0;0;0;9999;70;8;81;;5;0;0;0;0;0
3408;344;20161120;1;160;70;80;110;63;;28;0;0;0;0;9987;75;8;78;;5;0;0;0;0;0
3409;344;20161120;2;150;70;70;110;63;;27;0;0;0;0;9971;75;8;78;;5;0;0;0;0;0
3410;344;20161120;3;140;80;70;130;66;;30;0;0;2;1;9957;68;8;78;81.0;7;0;1;0;0;0
3411;344;20161120;4;130;70;80;120;69;;26;0;0;0;-1;9930;75;8;74;23.0;7;0;1;0;0;0
3412;344;20161120;5;120;80;90;140;66;;28;0;0;4;1;9898;75;8;77;81.0;7;0;1;0;0;0
3413;344;20161120;6;140;90;100;170;66;49.0;35;0;0;9;16;9880;58;8;81;62.0;7;0;1;0;0;0
3414;344;20161120;7;150;100;110;180;75;;35;0;0;4;7;9860;75;8;76;23.0;7;0;1;0;0;0
3415;344;20161120;8;150;100;90;160;79;;53;0;1;3;1;9849;70;8;84;23.0;7;0;1;0;0;0
3416;344;20161120;9;160;100;110;180;96;;66;0;9;2;3;9834;60;8;82;81.0;7;0;1;0;0;0
3417;344;20161120;10;190;110;130;220;116;;70;0;5;7;10;9828;75;8;73;51.0;7;0;1;0;0;0
3418;344;20161120;11;200;150;160;250;104;;73;0;19;9;5;9835;56;8;81;81.0;7;0;1;0;0;0
3419;344;20161120;12;220;160;170;260;104;58.0;75;0;15;5;1;9852;56;8;82;51.0;7;0;1;0;0;0
3420;344;20161120;13;230;160;170;260;103;;68;0;12;3;1;9879;74;8;79;23.0;7;0;1;0;0;0
3421;344;20161120;14;230;160;140;280;99;;60;0;14;0;-1;9901;71;8;77;23.0;7;0;1;0;0;0
3422;344;20161120;15;230;140;130;240;90;;62;0;6;0;0;9925;62;8;83;2.0;7;0;0;0;0;0
3423;344;20161120;16;240;100;90;210;92;;58;0;2;0;0;9945;75;8;79;;5;0;0;0;0;0
3424;344;20161120;17;230;90;100;160;90;;51;0;0;0;0;9962;75;8;77;;5;0;0;0;0;0
3425;344;20161120;18;230;90;80;140;84;76.0;53;0;0;0;0;9973;70;8;81;2.0;7;0;0;0;0;0
3426;344;20161120;19;220;60;50;140;79;;52;0;0;0;0;9981;70;8;83;;5;0;0;0;0;0
3427;344;20161120;20;220;40;30;90;81;;61;0;0;0;0;9983;70;8;87;;5;0;0;0;0;0
3428;344;20161120;21;160;30;10;50;76;;63;0;0;0;0;9987;65;8;91;;5;0;0;0;0;0
3429;344;20161120;22;140;20;20;30;77;;63;0;0;0;-1;9987;65;8;91;81.0;7;0;1;0;0;0
3430;344;20161120;23;100;20;20;40;75;;67;0;0;9;1;9984;65;8;95;51.0;7;0;1;0;0;0
3431;344;20161120;24;120;20;30;40;80;64.0;73;0;0;2;1;9982;65;8;95;51.0;7;0;1;0;0;0
3432;344;20161121;1;110;30;30;40;86;;81;0;0;3;1;9975;62;8;97;57.0;7;0;1;0;0;0
3433;344;20161121;2;120;30;30;50;92;;89;0;0;9;14;9971;56;8;98;62.0;7;0;1;0;0;0
3434;344;20161121;3;130;30;30;50;98;;95;0;0;10;21;9967;27;8;98;62.0;7;0;1;0;0;0
3435;344;20161121;4;160;40;50;70;105;;101;0;0;9;12;9965;50;8;97;52.0;7;0;1;0;0;0
3436;344;20161121;5;160;50;50;80;110;;100;0;0;7;8;9968;65;8;94;23.0;7;0;1;0;0;0
3437;344;20161121;6;160;50;60;80;113;75.0;101;0;0;0;0;9966;65;8;92;2.0;7;0;0;0;0;0
3438;344;20161121;7;160;60;60;100;119;;103;0;0;0;0;9965;70;8;90;;5;0;0;0;0;0
3439;344;20161121;8;150;50;50;80;120;;105;0;3;0;0;9969;65;8;91;;5;0;0;0;0;0
3440;344;20161121;9;150;50;60;90;126;;105;0;12;0;0;9968;70;8;87;;5;0;0;0;0;0
3441;344;20161121;10;150;60;50;90;130;;105;0;28;0;0;9968;70;8;85;;5;0;0;0;0;0
3442;344;20161121;11;140;60;60;110;135;;108;2;42;0;0;9961;70;8;84;;5;0;0;0;0;0
3443;344;20161121;12;140;60;60;110;138;106.0;109;0;31;0;-1;9958;70;8;83;23.0;7;0;1;0;0;0
3444;344;20161121;13;150;60;70;130;139;;103;0;26;0;-1;9953;75;8;79;23.0;7;0;1;0;0;0
3445;344;20161121;14;150;80;80;120;139;;104;0;19;3;1;9947;75;8;79;23.0;7;0;1;0;0;0
3446;344;20161121;15;140;70;60;120;136;;105;0;10;0;-1;9945;70;8;82;81.0;7;0;1;0;0;0
3447;344;20161121;16;150;70;70;120;136;;103;0;2;0;-1;9945;75;8;80;23.0;7;0;1;0;0;0
3448;344;20161121;17;150;80;90;130;137;;105;0;0;0;-1;9946;70;8;81;81.0;7;0;1;0;0;0
3449;344;20161121;18;150;90;90;140;135;126.0;107;0;0;6;4;9951;70;8;83;23.0;7;0;1;0;0;0
3450;344;20161121;19;160;70;60;120;126;;98;0;0;0;0;9957;70;8;83;;5;0;0;0;0;0
3451;344;20161121;20;170;60;60;110;124;;96;0;0;0;0;9971;70;8;83;;5;0;0;0;0;0
3452;344;20161121;21;160;70;80;110;123;;91;0;0;0;0;9974;70;8;81;;5;0;0;0;0;0
3453;344;20161121;22;170;70;60;120;118;;84;0;0;0;0;9972;75;4;80;;5;0;0;0;0;0
3454;344;20161121;23;160;70;70;110;121;;85;0;0;0;0;9976;75;7;79;;5;0;0;0;0;0
3455;344;20161121;24;170;80;80;120;121;109.0;89;0;0;0;0;9982;70;8;81;;5;0;0;0;0;0
3456;344;20161122;1;170;80;80;120;121;;86;0;0;0;0;9982;83;8;79;;5;0;0;0;0;0
3457;344;20161122;2;170;80;80;120;119;;84;0;0;0;0;9990;83;8;79;;5;0;0;0;0;0
3458;344;20161122;3;170;80;80;130;116;;79;0;0;0;0;9993;83;0;78;;5;0;0;0;0;0
3459;344;20161122;4;170;80;90;130;113;;74;0;0;0;0;10000;83;0;76;;5;0;0;0;0;0
3460;344;20161122;5;180;90;90;150;115;;69;0;0;0;0;10008;82;0;73;;5;0;0;0;0;0
3461;344;20161122;6;180;90;90;150;112;102.0;66;0;0;0;0;10017;83;1;73;;5;0;0;0;0;0
3462;344;20161122;7;180;90;90;150;110;;66;0;0;0;0;10028;83;2;74;;5;0;0;0;0;0
3463;344;20161122;8;180;90;100;150;110;;64;0;3;0;0;10041;82;0;73;;5;0;0;0;0;0
3464;344;20161122;9;190;100;90;160;109;;64;0;15;0;0;10051;83;0;73;;5;0;0;0;0;0
3465;344;20161122;10;190;90;90;160;114;;69;0;42;0;0;10061;80;0;73;;5;0;0;0;0;0
3466;344;20161122;11;200;100;90;160;122;;72;8;78;0;0;10069;83;0;71;;5;0;0;0;0;0
3467;344;20161122;12;190;90;90;140;126;99.0;73;10;92;0;0;10070;80;1;70;;5;0;0;0;0;0
3468;344;20161122;13;190;80;80;140;127;;69;8;74;0;0;10074;81;8;67;;5;0;0;0;0;0
3469;344;20161122;14;190;80;80;130;122;;63;8;57;0;0;10080;82;1;67;;5;0;0;0;0;0
3470;344;20161122;15;200;60;60;120;117;;65;0;15;0;0;10090;83;8;70;;5;0;0;0;0;0
3471;344;20161122;16;190;50;50;100;111;;66;0;3;0;0;10099;82;8;73;;5;0;0;0;0;0
3472;344;20161122;17;190;40;40;70;105;;69;0;0;0;0;10104;82;8;78;;5;0;0;0;0;0
3473;344;20161122;18;190;40;40;80;107;89.0;73;0;0;0;0;10117;81;6;79;;5;0;0;0;0;0
3474;344;20161122;19;190;40;40;60;100;;75;0;0;0;0;10123;82;8;84;;5;0;0;0;0;0
3475;344;20161122;20;180;30;30;50;95;;73;0;0;0;0;10130;79;8;86;;5;0;0;0;0;0
3476;344;20161122;21;170;30;30;40;88;;72;0;0;0;0;10136;80;0;89;;5;0;0;0;0;0
3477;344;20161122;22;170;40;40;60;91;;73;0;0;0;0;10140;80;1;88;;5;0;0;0;0;0
3478;344;20161122;23;170;30;30;50;76;;64;0;0;0;0;10145;80;0;92;;5;0;0;0;0;0
3479;344;20161122;24;180;20;20;40;53;22.0;51;0;0;0;0;10149;67;5;98;;5;0;0;0;0;0
3480;344;20161123;1;170;20;30;40;66;;62;0;0;0;0;10147;65;8;97;;5;0;0;0;0;0
3481;344;20161123;2;170;20;10;30;74;;70;0;0;0;0;10151;65;8;97;;5;0;0;0;0;0
3482;344;20161123;3;100;0;10;20;55;;51;0;0;0;0;10152;60;8;97;;5;0;0;0;0;0
3483;344;20161123;4;0;10;0;10;52;;49;0;0;0;0;10154;59;8;98;10.0;7;0;0;0;0;0
3484;344;20161123;5;40;10;10;20;73;;69;0;0;0;0;10155;65;8;97;;5;0;0;0;0;0
3485;344;20161123;6;40;10;10;20;69;20.0;65;0;0;0;0;10164;62;8;97;;5;0;0;0;0;0
3486;344;20161123;7;70;10;20;20;73;;69;0;0;0;0;10169;60;8;97;;5;0;0;0;0;0
3487;344;20161123;8;20;20;20;30;76;;69;0;1;0;0;10172;60;8;95;;5;0;0;0;0;0
3488;344;20161123;9;30;10;20;30;81;;73;0;4;0;0;10174;60;8;95;;5;0;0;0;0;0
3489;344;20161123;10;40;20;30;40;85;;75;0;7;0;-1;10180;59;8;93;81.0;7;0;1;0;0;0
3490;344;20161123;11;50;20;30;50;90;;81;0;8;6;1;10181;58;8;94;51.0;7;0;1;0;0;0
3491;344;20161123;12;50;50;50;70;98;63.0;85;0;31;4;2;10174;61;8;92;23.0;7;0;1;0;0;0
3492;344;20161123;13;360;40;20;60;99;;89;0;11;9;8;10180;59;8;93;81.0;7;0;1;0;0;0
3493;344;20161123;14;40;40;50;70;103;;89;0;20;0;-1;10175;62;8;91;23.0;7;0;1;0;0;0
3494;344;20161123;15;40;40;30;60;102;;85;8;18;0;0;10180;63;8;89;2.0;7;0;0;0;0;0
3495;344;20161123;16;40;30;30;60;94;;80;0;4;0;0;10185;61;8;91;;5;0;0;0;0;0
3496;344;20161123;17;40;40;50;60;86;;75;0;0;0;0;10189;60;8;93;;5;0;0;0;0;0
3497;344;20161123;18;40;50;40;80;85;78.0;75;0;0;0;0;10194;60;8;93;2.0;7;0;0;0;0;0
3498;344;20161123;19;40;50;40;70;82;;72;0;0;0;0;10198;59;8;93;10.0;7;0;0;0;0;0
3499;344;20161123;20;40;50;50;80;82;;72;0;0;0;0;10202;59;8;93;10.0;7;0;0;0;0;0
3500;344;20161123;21;50;50;60;80;83;;71;0;0;0;0;10204;60;8;92;;5;0;0;0;0;0
3501;344;20161123;22;40;60;60;80;82;;66;0;0;0;0;10205;62;8;90;;5;0;0;0;0;0
3502;344;20161123;23;40;60;60;90;82;;66;0;0;0;0;10212;64;8;90;;5;0;0;0;0;0
3503;344;20161123;24;50;60;60;100;83;74.0;72;0;0;0;0;10214;60;8;93;;5;0;0;0;0;0
3504;344;20161124;1;50;60;60;90;83;;68;0;0;0;0;10215;65;8;90;;5;0;0;0;0;0
3505;344;20161124;2;40;60;60;90;83;;67;0;0;0;0;10218;66;8;90;;5;0;0;0;0;0
3506;344;20161124;3;50;70;70;100;84;;71;0;0;0;0;10219;62;8;92;;5;0;0;0;0;0
3507;344;20161124;4;50;70;70;120;84;;72;0;0;0;0;10221;65;8;92;;5;0;0;0;0;0
3508;344;20161124;5;50;70;60;100;83;;69;0;0;0;0;10222;65;8;91;;5;0;0;0;0;0
3509;344;20161124;6;50;70;70;110;78;74.0;60;0;0;0;0;10223;70;8;88;;5;0;0;0;0;0
3510;344;20161124;7;50;60;70;110;74;;51;0;0;0;0;10226;70;8;85;;5;0;0;0;0;0
3511;344;20161124;8;50;70;70;100;71;;52;0;4;0;0;10231;70;8;88;;5;0;0;0;0;0
3512;344;20161124;9;50;80;80;120;73;;49;0;20;0;0;10233;70;8;85;;5;0;0;0;0;0
3513;344;20161124;10;50;80;90;120;78;;44;2;42;0;0;10238;75;8;79;;5;0;0;0;0;0
3514;344;20161124;11;50;90;90;140;86;;43;10;78;0;0;10233;75;8;74;;5;0;0;0;0;0
3515;344;20161124;12;60;90;80;130;89;64.0;39;10;91;0;0;10233;75;8;71;;5;0;0;0;0;0
3516;344;20161124;13;50;90;80;140;86;;38;10;82;0;0;10229;75;8;72;;5;0;0;0;0;0
3517;344;20161124;14;50;90;90;130;81;;34;10;58;0;0;10231;75;8;72;;5;0;0;0;0;0
3518;344;20161124;15;40;80;80;130;73;;30;5;22;0;0;10226;75;8;74;;5;0;0;0;0;0
3519;344;20161124;16;40;80;80;130;65;;24;0;4;0;0;10227;75;8;75;;5;0;0;0;0;0
3520;344;20161124;17;40;80;70;130;61;;23;0;0;0;0;10228;75;8;77;;5;0;0;0;0;0
3521;344;20161124;18;50;70;60;110;59;51.0;21;0;0;0;0;10231;75;8;77;;5;0;0;0;0;0
3522;344;20161124;19;40;60;70;100;57;;20;0;0;0;0;10236;75;8;77;;5;0;0;0;0;0
3523;344;20161124;20;50;80;80;120;50;;17;0;0;0;0;10236;75;8;79;;5;0;0;0;0;0
3524;344;20161124;21;50;80;70;110;49;;16;0;0;0;0;10236;75;1;79;;5;0;0;0;0;0
3525;344;20161124;22;60;70;60;100;44;;13;0;0;0;0;10233;75;0;80;;5;0;0;0;0;0
3526;344;20161124;23;40;70;70;100;42;;12;0;0;0;0;10237;70;2;81;;5;0;0;0;0;0
3527;344;20161124;24;50;60;70;100;39;31.0;11;0;0;0;0;10229;70;2;82;;5;0;0;0;0;0
3528;344;20161125;1;40;60;50;100;32;;10;0;0;0;0;10228;77;0;85;;5;0;0;0;0;0
3529;344;20161125;2;50;60;50;90;31;;13;0;0;0;0;10228;67;0;87;;5;0;0;0;0;0
3530;344;20161125;3;40;60;50;100;26;;6;0;0;0;0;10227;74;0;86;;5;0;0;0;0;0
3531;344;20161125;4;40;50;50;90;18;;0;0;0;0;0;10224;72;0;88;;5;0;0;0;0;0
3532;344;20161125;5;40;70;60;100;20;;-4;0;0;0;0;10224;77;0;84;;5;0;0;0;0;0
3533;344;20161125;6;50;60;60;90;20;9.0;-10;0;0;0;0;10221;81;0;80;;5;0;0;0;0;0
3534;344;20161125;7;50;60;50;90;15;;-15;0;0;0;0;10223;81;0;80;;5;0;0;0;0;0
3535;344;20161125;8;60;50;50;70;18;;-13;0;5;0;0;10224;81;1;79;;5;0;0;0;0;0
3536;344;20161125;9;60;50;60;80;39;;-13;10;31;0;0;10224;81;0;68;;5;0;0;0;0;0
3537;344;20161125;10;50;70;80;110;51;;-7;10;74;0;0;10225;81;0;66;;5;0;0;0;0;0
3538;344;20161125;11;60;80;80;110;59;;-6;10;84;0;0;10222;81;0;62;;5;0;0;0;0;0
3539;344;20161125;12;50;60;60;100;70;4.0;-4;10;90;0;-1;10218;80;0;59;23.0;7;0;1;0;0;0
3540;344;20161125;13;50;60;70;100;75;;-8;10;93;0;0;10213;82;1;55;;5;0;0;0;0;0
3541;344;20161125;14;50;70;60;100;72;;0;10;70;0;0;10209;81;1;60;;5;0;0;0;0;0
3542;344;20161125;15;50;60;70;100;64;;-2;10;39;0;0;10211;82;0;62;;5;0;0;0;0;0
3543;344;20161125;16;50;60;60;100;57;;-5;0;8;0;0;10214;83;0;64;;5;0;0;0;0;0
3544;344;20161125;17;60;50;50;80;44;;-7;0;0;0;0;10217;83;0;69;;5;0;0;0;0;0
3545;344;20161125;18;60;40;40;60;30;15.0;-12;0;0;0;0;10219;82;0;73;;5;0;0;0;0;0
3546;344;20161125;19;60;40;40;60;22;;-12;0;0;0;0;10218;81;0;78;;5;0;0;0;0;0
3547;344;20161125;20;50;40;50;60;25;;-9;0;0;0;0;10221;81;0;78;;5;0;0;0;0;0
3548;344;20161125;21;60;40;40;60;6;;-17;0;0;0;0;10222;76;0;85;;5;0;0;0;0;0
3549;344;20161125;22;40;30;20;50;6;;-16;0;0;0;0;10223;71;0;85;;5;0;0;0;0;0
3550;344;20161125;23;50;20;30;40;4;;-17;0;0;0;0;10221;69;0;85;;5;0;0;0;0;0
3551;344;20161125;24;40;20;30;40;2;-30.0;-16;0;0;0;0;10220;67;0;87;;5;0;0;0;0;0
3552;344;20161126;1;60;30;30;40;-14;;-24;0;0;0;0;10219;62;0;93;;5;0;0;0;0;0
3553;344;20161126;2;30;30;20;40;-2;;-12;0;0;0;0;10222;62;0;93;;5;0;0;0;0;0
3554;344;20161126;3;40;20;20;40;-7;;-16;0;0;0;0;10217;60;0;93;;5;0;0;0;0;0
3555;344;20161126;4;60;20;20;30;-10;;-21;0;0;0;0;10212;59;0;92;10.0;7;0;0;0;0;0
3556;344;20161126;5;70;20;10;40;-18;;-23;0;0;0;0;10211;57;0;96;10.0;7;0;0;0;0;0
3557;344;20161126;6;40;20;20;40;-16;-46.0;-21;0;0;0;0;10213;56;0;96;10.0;7;0;0;0;0;0
3558;344;20161126;7;40;10;10;30;-12;;-14;0;0;0;0;10212;50;0;97;10.0;7;0;0;0;0;0
3559;344;20161126;8;40;10;10;20;-16;;-18;0;4;0;0;10213;41;0;98;10.0;7;0;0;0;0;0
3560;344;20161126;9;50;20;20;20;-4;;-10;8;24;0;0;10214;50;1;95;10.0;7;0;0;0;0;0
3561;344;20161126;10;50;10;10;20;13;;-2;7;47;0;0;10211;57;0;90;10.0;7;0;0;0;0;0
3562;344;20161126;11;10;20;20;30;28;;5;8;72;0;0;10212;59;0;84;10.0;7;0;0;0;0;0
3563;344;20161126;12;30;20;20;30;37;-48.0;5;8;80;0;0;10205;60;2;79;;5;0;0;0;0;0
3564;344;20161126;13;10;20;20;30;36;;8;0;40;0;0;10200;60;7;82;;5;0;0;0;0;0
3565;344;20161126;14;60;20;10;40;31;;12;0;30;0;0;10200;59;8;87;10.0;7;0;0;0;0;0
3566;344;20161126;15;50;10;10;20;31;;6;10;17;0;0;10197;60;4;83;;5;0;0;0;0;0
3567;344;20161126;16;30;10;10;10;11;;-1;0;2;0;0;10199;57;2;91;10.0;7;0;0;0;0;0
3568;344;20161126;17;0;10;0;20;3;;0;0;0;0;0;10200;50;4;98;10.0;7;0;0;0;0;0
3569;344;20161126;18;320;10;10;10;-9;-37.0;-11;0;0;0;0;10202;38;4;97;10.0;7;0;0;0;0;0
3570;344;20161126;19;990;10;10;10;-10;;-13;0;0;0;0;10202;23;0;98;10.0;7;0;0;0;0;0
3571;344;20161126;20;220;10;10;10;-2;;-5;0;0;0;0;10201;50;8;98;10.0;7;0;0;0;0;0
3572;344;20161126;21;200;10;10;20;0;;-8;0;0;0;0;10203;50;7;94;10.0;7;0;0;0;0;0
3573;344;20161126;22;990;10;10;20;8;;6;0;0;0;0;10201;50;8;98;10.0;7;0;0;0;0;0
3574;344;20161126;23;210;10;10;10;21;;20;0;0;0;0;10202;50;8;99;10.0;7;0;0;0;0;0
3575;344;20161126;24;0;10;0;10;40;-40.0;33;0;0;0;0;10199;59;8;95;10.0;7;0;0;0;0;0
3576;344;20161127;1;240;10;20;20;49;;41;0;1;0;0;10197;50;8;94;10.0;7;0;0;0;0;0
3577;344;20161127;2;280;10;10;30;59;;56;0;1;0;-1;10199;44;8;98;81.0;7;0;1;0;0;0
3578;344;20161127;3;340;20;20;30;71;;70;0;1;2;1;10201;61;8;99;23.0;7;0;1;0;0;0
3579;344;20161127;4;10;20;20;30;72;;71;0;0;0;0;10202;58;8;99;10.0;7;0;0;0;0;0
3580;344;20161127;5;10;20;20;30;74;;64;0;0;0;0;10207;71;8;93;;5;0;0;0;0;0
3581;344;20161127;6;360;10;10;30;67;39.0;56;0;0;0;0;10209;67;8;93;2.0;7;0;0;0;0;0
3582;344;20161127;7;290;10;10;20;61;;58;0;0;0;0;10213;67;8;98;;5;0;0;0;0;0
3583;344;20161127;8;30;20;30;50;75;;46;0;2;0;0;10221;64;8;81;;5;0;0;0;0;0
3584;344;20161127;9;10;30;30;60;77;;45;0;12;0;0;10227;67;8;80;;5;0;0;0;0;0
3585;344;20161127;10;330;20;20;50;81;;57;0;31;0;0;10231;72;8;84;;5;0;0;0;0;0
3586;344;20161127;11;360;20;20;30;91;;49;3;55;0;0;10230;72;3;75;;5;0;0;0;0;0
3587;344;20161127;12;30;30;30;80;90;53.0;39;7;79;0;-1;10229;81;3;70;23.0;7;0;1;0;0;0
3588;344;20161127;13;350;30;30;50;95;;43;7;62;0;0;10226;80;8;70;;5;0;0;0;0;0
3589;344;20161127;14;350;30;30;60;91;;45;2;35;0;0;10227;75;8;73;;5;0;0;0;0;0
3590;344;20161127;15;350;30;30;50;88;;50;7;19;0;0;10230;71;8;77;2.0;7;0;0;0;0;0
3591;344;20161127;16;30;20;20;40;80;;42;0;2;0;0;10232;68;8;77;;5;0;0;0;0;0
3592;344;20161127;17;360;20;20;30;59;;34;0;0;0;0;10234;65;3;84;;5;0;0;0;0;0
3593;344;20161127;18;20;20;20;40;71;23.0;31;0;0;0;0;10241;65;8;75;3.0;7;0;0;0;0;0
3594;344;20161127;19;10;20;20;40;66;;26;0;0;0;0;10248;65;8;75;;5;0;0;0;0;0
3595;344;20161127;20;10;30;20;40;55;;18;0;0;0;0;10250;65;2;77;;5;0;0;0;0;0
3596;344;20161127;21;360;20;20;30;43;;14;0;0;0;0;10252;65;0;81;;5;0;0;0;0;0
3597;344;20161127;22;30;20;30;40;39;;12;0;0;0;0;10257;65;0;82;;5;0;0;0;0;0
3598;344;20161127;23;50;40;40;50;36;;19;0;0;0;0;10262;64;0;88;;5;0;0;0;0;0
3599;344;20161127;24;70;40;30;60;17;-12.0;7;0;0;0;0;10266;67;1;93;;5;0;0;0;0;0
3600;344;20161128;1;60;30;30;40;5;;-4;0;0;0;0;10269;65;0;93;;5;0;0;0;0;0
3601;344;20161128;2;60;30;30;40;-2;;-12;0;0;0;0;10277;65;0;92;;5;0;0;0;0;0
3602;344;20161128;3;40;30;30;40;1;;-13;0;0;0;0;10283;70;0;90;;5;0;0;0;0;0
3603;344;20161128;4;50;20;20;40;-3;;-12;0;0;0;0;10286;65;0;93;;5;0;0;0;0;0
3604;344;20161128;5;20;10;10;20;-17;;-23;0;0;0;0;10290;65;0;95;;5;0;0;0;0;0
3605;344;20161128;6;40;10;10;20;-16;-74.0;-23;0;0;0;0;10296;65;0;94;;5;0;0;0;0;0
3606;344;20161128;7;50;10;10;20;-19;;-26;0;0;0;0;10302;65;0;95;;5;0;0;0;0;0
3607;344;20161128;8;60;10;10;20;-22;;-24;2;7;0;0;10310;65;0;97;;5;0;0;0;0;0
3608;344;20161128;9;30;10;10;20;10;;-18;10;50;0;0;10318;70;0;81;;5;0;0;0;0;0
3609;344;20161128;10;60;30;40;60;26;;-15;10;73;0;0;10325;75;0;74;;5;0;0;0;0;0
3610;344;20161128;11;60;50;50;70;37;;-12;10;82;0;0;10323;75;0;70;;5;0;0;0;0;0
3611;344;20161128;12;60;60;60;80;41;-74.0;-16;10;92;0;0;10322;80;0;66;;5;0;0;0;0;0
3612;344;20161128;13;70;60;60;80;42;;-20;10;88;0;0;10321;78;0;63;;5;0;0;0;0;0
3613;344;20161128;14;60;60;60;80;38;;-22;10;67;0;0;10324;81;0;64;;5;0;0;0;0;0
3614;344;20161128;15;70;50;40;80;25;;-26;10;35;0;0;10325;80;0;68;;5;0;0;0;0;0
3615;344;20161128;16;60;30;40;50;0;;-32;0;5;0;0;10329;75;0;79;;5;0;0;0;0;0
3616;344;20161128;17;50;30;40;50;-3;;-37;0;0;0;0;10334;75;0;78;;5;0;0;0;0;0
3617;344;20161128;18;60;40;30;60;-18;-43.0;-42;0;0;0;0;10338;70;0;83;;5;0;0;0;0;0
3618;344;20161128;19;70;40;40;50;-14;;-38;0;0;0;0;10341;70;0;83;;5;0;0;0;0;0
3619;344;20161128;20;60;40;30;50;-28;;-46;0;0;0;0;10344;70;0;87;;5;0;0;0;0;0
3620;344;20161128;21;80;40;50;60;-3;;-31;0;0;0;0;10346;70;0;81;;5;0;0;0;0;0
3621;344;20161128;22;80;40;40;60;-2;;-31;0;0;0;0;10345;70;0;81;;5;0;0;0;0;0
3622;344;20161128;23;90;40;30;60;-23;;-45;0;0;0;0;10348;70;0;85;;5;0;0;0;0;0
3623;344;20161128;24;70;30;30;50;-37;-59.0;-50;0;0;0;0;10347;70;0;90;;5;0;0;0;0;0
3624;344;20161129;1;100;20;20;40;-34;;-44;0;0;0;0;10347;65;0;92;;5;0;0;0;0;0
3625;344;20161129;2;110;20;20;40;-28;;-40;0;0;0;0;10346;65;0;91;;5;0;0;0;0;0
3626;344;20161129;3;90;10;10;40;-34;;-43;0;0;0;0;10346;64;0;93;;5;0;0;0;0;0
3627;344;20161129;4;100;10;20;20;-39;;-45;0;0;0;0;10345;62;0;95;;5;0;0;0;0;0
3628;344;20161129;5;70;20;20;20;-30;;-36;0;0;0;0;10347;59;0;95;10.0;7;0;0;0;0;0
3629;344;20161129;6;60;20;20;30;-40;-88.0;-48;0;0;0;0;10348;57;0;94;10.0;7;0;0;0;0;0
3630;344;20161129;7;50;10;20;20;-42;;-48;0;0;0;0;10353;57;0;95;10.0;7;0;0;0;0;0
3631;344;20161129;8;60;10;10;20;-41;;-45;2;7;0;0;10357;57;0;96;10.0;7;0;0;0;0;0
3632;344;20161129;9;60;10;10;20;-19;;-26;10;30;0;0;10358;60;0;94;;5;0;0;0;0;0
3633;344;20161129;10;90;20;20;30;7;;-26;10;70;0;0;10361;68;0;78;;5;0;0;0;0;0
3634;344;20161129;11;100;20;20;30;21;;-30;10;116;0;0;10356;78;0;68;;5;0;0;0;0;0
3635;344;20161129;12;90;20;20;30;31;-95.0;-32;10;104;0;0;10354;81;0;63;;5;0;0;0;0;0
3636;344;20161129;13;80;20;20;40;35;;-46;10;88;0;0;10351;81;0;55;;5;0;0;0;0;0
3637;344;20161129;14;100;30;30;40;36;;-49;10;67;0;0;10348;82;0;53;;5;0;0;0;0;0
3638;344;20161129;15;100;20;20;30;25;;-50;10;34;0;0;10346;83;0;57;;5;0;0;0;0;0
3639;344;20161129;16;80;10;20;30;9;;-50;0;4;0;0;10346;83;0;64;;5;0;0;0;0;0
3640;344;20161129;17;110;10;10;20;-12;;-49;0;0;0;0;10345;75;0;75;;5;0;0;0;0;0
3641;344;20161129;18;0;10;0;10;-22;-73.0;-39;0;0;0;0;10344;69;0;88;;5;0;0;0;0;0
3642;344;20161129;19;170;10;10;10;-29;;-46;0;0;0;0;10340;66;0;87;;5;0;0;0;0;0
3643;344;20161129;20;360;10;10;20;-45;;-59;0;0;0;0;10342;64;0;90;;5;0;0;0;0;0
3644;344;20161129;21;0;0;0;20;-47;;-50;0;0;0;0;10346;63;0;97;;5;0;0;0;0;0
3645;344;20161129;22;990;0;10;10;-55;;-61;0;0;0;0;10346;59;0;95;10.0;7;0;0;0;0;0
3646;344;20161129;23;190;10;20;40;-65;;-71;0;0;0;0;10339;64;0;95;;5;0;0;0;0;0
3647;344;20161129;24;190;20;30;40;-35;-97.0;-52;0;0;0;0;10337;70;0;88;;5;0;0;0;0;0
3648;344;20161130;1;300;10;10;40;-61;;-71;0;0;0;0;10338;62;2;92;;5;0;0;0;0;0
3649;344;20161130;2;200;10;10;20;-55;;-61;0;0;0;0;10335;62;7;94;;5;0;0;0;0;0
3650;344;20161130;3;200;30;20;40;-29;;-37;0;0;0;0;10331;65;8;94;;5;0;0;0;0;0
3651;344;20161130;4;200;20;20;30;-37;;-42;0;0;0;0;10329;64;8;96;;5;0;0;0;0;0
3652;344;20161130;5;200;30;30;40;-20;;-32;0;0;0;0;10326;64;8;91;;5;0;0;0;0;0
3653;344;20161130;6;220;30;40;50;5;-94.0;-9;0;0;0;0;10324;66;8;90;;5;0;0;0;0;0
3654;344;20161130;7;240;30;20;50;-2;;-15;0;0;0;0;10329;63;8;90;;5;0;0;0;0;0
3655;344;20161130;8;190;30;30;40;-3;;-10;2;4;0;0;10330;62;8;94;;5;0;0;0;0;0
3656;344;20161130;9;190;30;40;50;23;;10;10;36;0;0;10327;63;8;91;;5;0;0;0;0;0
3657;344;20161130;10;210;30;20;50;44;;24;10;56;0;0;10332;65;8;86;;5;0;0;0;0;0
3658;344;20161130;11;210;30;40;60;66;;32;8;68;0;0;10327;67;8;78;;5;0;0;0;0;0
3659;344;20161130;12;220;40;40;60;76;-44.0;42;3;60;0;0;10322;69;8;79;;5;0;0;0;0;0
3660;344;20161130;13;270;40;50;80;83;;47;8;66;0;0;10315;73;8;78;;5;0;0;0;0;0
3661;344;20161130;14;270;50;50;80;83;;51;8;48;0;0;10311;74;8;80;;5;0;0;0;0;0
3662;344;20161130;15;260;40;40;80;72;;46;8;22;0;0;10310;70;8;83;;5;0;0;0;0;0
3663;344;20161130;16;250;30;40;60;59;;42;0;4;0;0;10306;67;8;88;;5;0;0;0;0;0
3664;344;20161130;17;240;30;30;50;51;;39;0;0;0;0;10305;65;8;91;;5;0;0;0;0;0
3665;344;20161130;18;260;30;30;50;55;34.0;39;0;0;0;0;10307;70;8;89;;5;0;0;0;0;0
3666;344;20161130;19;260;30;30;50;62;;47;0;0;0;0;10307;70;8;89;;5;0;0;0;0;0
3667;344;20161130;20;290;40;50;70;71;;48;0;0;0;0;10306;70;8;85;;5;0;0;0;0;0
3668;344;20161130;21;280;40;30;70;72;;46;0;0;0;0;10303;70;8;83;;5;0;0;0;0;0
3669;344;20161130;22;270;30;30;50;73;;47;0;0;0;0;10302;70;8;83;;5;0;0;0;0;0
3670;344;20161130;23;250;30;30;50;64;;43;0;0;0;0;10299;66;6;86;;5;0;0;0;0;0
3671;344;20161130;24;260;40;40;50;72;35.0;53;0;0;0;0;10297;64;8;87;;5;0;0;0;0;0
3672;344;20161201;1;260;30;30;50;71;;51;0;0;0;0;10295;63;7;87;;5;0;0;0;0;0
3673;344;20161201;2;270;30;30;50;71;;51;0;0;0;0;10292;64;8;87;;5;0;0;0;0;0
3674;344;20161201;3;270;30;30;60;68;;50;0;0;0;0;10288;62;8;88;;5;0;0;0;0;0
3675;344;20161201;4;250;30;30;50;63;;49;0;0;0;0;10285;61;6;90;;5;0;0;0;0;0
3676;344;20161201;5;240;30;30;40;64;;55;0;0;0;0;10280;59;7;93;10.0;7;0;0;0;0;0
3677;344;20161201;6;250;30;30;60;76;50.0;62;0;0;0;0;10279;62;8;90;;5;0;0;0;0;0
3678;344;20161201;7;270;30;30;50;80;;66;0;0;0;0;10277;61;8;90;;5;0;0;0;0;0
3679;344;20161201;8;260;30;20;50;81;;69;0;1;0;0;10277;62;8;91;;5;0;0;0;0;0
3680;344;20161201;9;260;30;30;50;88;;73;0;10;0;0;10274;64;8;89;;5;0;0;0;0;0
3681;344;20161201;10;260;30;30;50;91;;73;0;16;0;0;10273;66;8;88;;5;0;0;0;0;0
3682;344;20161201;11;270;40;40;70;93;;71;0;21;0;0;10269;68;8;86;;5;0;0;0;0;0
3683;344;20161201;12;290;40;40;80;90;71.0;71;0;19;0;0;10267;67;8;88;;5;0;0;0;0;0
3684;344;20161201;13;270;40;40;60;90;;70;0;13;0;0;10262;65;8;87;;5;0;0;0;0;0
3685;344;20161201;14;270;40;40;60;90;;74;0;11;0;0;10258;65;8;89;;5;0;0;0;0;0
3686;344;20161201;15;280;30;30;60;89;;79;0;7;0;0;10255;62;8;93;;5;0;0;0;0;0
3687;344;20161201;16;280;40;40;70;90;;76;0;2;0;0;10252;65;8;91;;5;0;0;0;0;0
3688;344;20161201;17;280;40;30;60;89;;78;0;0;0;0;10251;65;8;92;;5;0;0;0;0;0
3689;344;20161201;18;280;40;40;60;91;84.0;76;0;0;0;0;10249;65;8;90;;5;0;0;0;0;0
3690;344;20161201;19;290;40;40;80;90;;77;0;0;0;0;10248;65;8;91;;5;0;0;0;0;0
3691;344;20161201;20;300;40;50;70;91;;75;0;0;0;0;10247;67;8;89;;5;0;0;0;0;0
3692;344;20161201;21;310;40;50;70;93;;76;0;0;0;0;10245;66;8;88;;5;0;0;0;0;0
3693;344;20161201;22;300;40;40;70;92;;75;0;0;0;0;10242;67;8;89;;5;0;0;0;0;0
3694;344;20161201;23;310;30;30;60;92;;72;0;0;0;0;10243;69;8;87;;5;0;0;0;0;0
3695;344;20161201;24;300;40;40;80;90;81.0;61;0;0;0;0;10243;70;8;82;;5;0;0;0;0;0
3696;344;20161202;1;290;40;40;60;89;;64;0;0;0;0;10243;70;8;84;;5;0;0;0;0;0
3697;344;20161202;2;310;40;40;80;91;;57;0;0;0;0;10241;75;8;78;;5;0;0;0;0;0
3698;344;20161202;3;310;30;30;60;88;;54;0;0;0;-1;10238;73;8;79;81.0;7;0;1;0;0;0
3699;344;20161202;4;340;40;60;90;81;;71;0;0;2;1;10238;42;8;93;52.0;7;0;1;0;0;0
3700;344;20161202;5;320;30;30;80;79;;68;0;0;0;-1;10236;65;8;93;22.0;7;0;1;0;0;0
3701;344;20161202;6;300;20;20;40;72;63.0;65;0;0;0;0;10236;65;8;94;2.0;7;0;0;0;0;0
3702;344;20161202;7;290;30;40;50;74;;64;0;0;0;0;10235;65;8;93;;5;0;0;0;0;0
3703;344;20161202;8;350;30;40;70;85;;75;0;1;3;4;10241;58;8;93;81.0;7;0;1;0;0;0
3704;344;20161202;9;330;30;40;70;90;;76;7;19;0;-1;10242;65;3;91;23.0;7;0;1;0;0;0
3705;344;20161202;10;330;40;30;60;99;;84;3;36;0;0;10244;63;8;90;;5;0;0;0;0;0
3706;344;20161202;11;340;40;60;80;96;;78;0;34;0;-1;10243;61;8;88;81.0;7;0;1;0;0;0
3707;344;20161202;12;340;40;30;80;96;49.0;82;0;44;0;-1;10243;65;8;91;23.0;7;0;1;0;0;0
3708;344;20161202;13;50;40;30;110;83;;74;2;38;0;-1;10244;65;8;94;23.0;7;0;1;0;0;0
3709;344;20161202;14;40;30;60;90;77;;60;2;25;0;-1;10244;70;8;89;23.0;7;0;1;0;0;0
3710;344;20161202;15;70;30;10;80;73;;60;0;11;0;0;10244;65;7;91;1.0;7;0;0;0;0;0
3711;344;20161202;16;360;10;10;20;62;;52;0;2;0;0;10246;65;8;92;;5;0;0;0;0;0
3712;344;20161202;17;340;10;20;20;42;;38;0;0;0;0;10248;61;3;97;;5;0;0;0;0;0
3713;344;20161202;18;0;10;0;20;37;-10.0;35;0;0;0;0;10249;13;0;98;10.0;7;0;0;0;0;0
3714;344;20161202;19;40;10;10;20;20;;18;0;0;0;0;10254;3;2;98;34.0;7;1;0;0;0;0
3715;344;20161202;20;0;10;0;20;12;;11;0;0;0;0;10255;36;0;98;20.0;7;1;0;0;0;0
3716;344;20161202;21;0;0;0;10;3;;2;0;0;0;0;10255;3;0;98;34.0;7;1;0;0;0;0
3717;344;20161202;22;0;10;0;20;-1;;-3;0;0;0;0;10255;5;0;98;35.0;7;1;0;0;0;1
3718;344;20161202;23;10;0;10;10;-17;;-20;0;0;0;0;10258;4;0;98;35.0;7;1;0;0;0;1
3719;344;20161202;24;10;10;10;10;-16;-51.0;-17;0;0;0;0;10258;3;0;99;35.0;7;1;0;0;0;1
3720;344;20161203;1;20;10;10;10;-22;;-23;0;0;0;0;10258;5;0;99;35.0;7;1;0;0;0;1
3721;344;20161203;2;0;0;0;10;-31;;-33;0;0;0;0;10258;2;0;98;35.0;7;1;0;0;0;1
3722;344;20161203;3;0;0;0;10;-28;;-30;0;0;0;0;10258;4;0;98;35.0;7;1;0;0;0;1
3723;344;20161203;4;0;0;0;10;-36;;-39;0;0;0;0;10258;3;6;98;35.0;7;1;0;0;0;1
3724;344;20161203;5;330;0;10;20;-31;;-32;0;0;0;0;10259;6;8;99;35.0;7;1;0;0;0;1
3725;344;20161203;6;990;10;10;20;-20;-67.0;-22;0;0;0;0;10261;38;8;98;20.0;7;1;0;0;0;1
3726;344;20161203;7;0;10;0;40;-13;;-15;0;0;0;0;10264;62;8;97;;5;0;0;0;0;0
3727;344;20161203;8;0;0;0;10;-9;;-10;0;2;0;0;10268;58;7;98;10.0;7;0;0;0;0;0
3728;344;20161203;9;0;0;0;10;-5;;-7;3;21;0;0;10270;58;1;98;10.0;7;0;0;0;0;0
3729;344;20161203;10;350;0;10;10;16;;13;8;47;0;0;10274;59;7;98;10.0;7;0;0;0;0;0
3730;344;20161203;11;30;0;10;10;36;;35;2;47;0;0;10272;64;3;97;;5;0;0;0;0;0
3731;344;20161203;12;70;10;20;30;66;-28.0;28;8;75;0;0;10269;74;8;76;;5;0;0;0;0;0
3732;344;20161203;13;60;20;20;30;74;;26;7;60;0;0;10266;60;8;71;;5;0;0;0;0;0
3733;344;20161203;14;90;20;20;30;69;;23;7;44;0;0;10263;75;1;72;;5;0;0;0;0;0
3734;344;20161203;15;80;20;20;40;49;;4;8;27;0;0;10264;75;0;72;;5;0;0;0;0;0
3735;344;20161203;16;60;10;10;30;31;;-1;0;3;0;0;10267;74;0;79;;5;0;0;0;0;0
3736;344;20161203;17;20;10;10;10;5;;-2;0;0;0;0;10268;65;0;94;;5;0;0;0;0;0
3737;344;20161203;18;0;0;0;10;-1;-47.0;-3;0;0;0;0;10270;63;0;97;;5;0;0;0;0;0
3738;344;20161203;19;50;10;10;10;-9;;-11;0;0;0;0;10269;63;0;97;;5;0;0;0;0;0
3739;344;20161203;20;60;10;10;10;-14;;-16;0;0;0;0;10271;44;0;98;10.0;7;0;0;0;0;0
3740;344;20161203;21;60;0;10;10;-28;;-30;0;0;0;0;10275;4;0;98;35.0;7;1;0;0;0;1
3741;344;20161203;22;60;10;10;10;-30;;-33;0;0;0;0;10273;36;0;98;20.0;7;1;0;0;0;1
3742;344;20161203;23;60;10;10;20;-32;;-35;0;0;0;0;10274;33;0;98;20.0;7;1;0;0;0;1
3743;344;20161203;24;50;10;10;20;-39;-78.0;-40;0;0;0;0;10276;2;0;99;35.0;7;1;0;0;0;1
3744;344;20161204;1;50;20;30;40;-19;;-20;0;0;0;0;10276;0;9;98;35.0;7;1;0;0;0;1
3745;344;20161204;2;70;20;20;40;-21;;-23;0;0;0;0;10275;1;9;98;35.0;7;1;0;0;0;1
3746;344;20161204;3;0;10;0;40;-36;;-37;0;0;0;0;10273;0;8;98;35.0;7;1;0;0;0;1
3747;344;20161204;4;100;10;20;30;-11;;-13;0;0;0;0;10270;60;0;97;20.0;7;1;0;0;0;1
3748;344;20161204;5;100;30;30;40;-12;;-18;0;0;0;0;10270;60;0;95;;5;0;0;0;0;0
3749;344;20161204;6;80;30;30;40;-37;-78.0;-44;0;0;0;0;10272;58;0;94;10.0;7;0;0;0;0;0
3750;344;20161204;7;90;30;20;40;-20;;-24;0;0;0;0;10274;59;0;97;10.0;7;0;0;0;0;0
3751;344;20161204;8;80;20;20;40;-39;;-46;2;3;0;0;10278;58;0;95;10.0;7;0;0;0;0;0
3752;344;20161204;9;80;30;30;40;-9;;-20;10;30;0;0;10279;60;0;92;;5;0;0;0;0;0
3753;344;20161204;10;80;40;40;60;6;;-17;10;70;0;0;10279;66;0;84;;5;0;0;0;0;0
3754;344;20161204;11;80;40;50;70;19;;-14;10;100;0;0;10275;70;0;78;;5;0;0;0;0;0
3755;344;20161204;12;90;50;50;80;32;-67.0;-21;10;90;0;0;10272;73;0;68;;5;0;0;0;0;0
3756;344;20161204;13;80;50;50;80;37;;-25;10;84;0;0;10265;81;0;63;;5;0;0;0;0;0
3757;344;20161204;14;90;60;50;90;38;;-32;10;66;0;0;10262;81;0;60;;5;0;0;0;0;0
3758;344;20161204;15;80;50;40;80;26;;-28;8;28;0;0;10262;80;0;67;;5;0;0;0;0;0
3759;344;20161204;16;70;40;40;70;10;;-27;0;2;0;0;10265;75;0;76;;5;0;0;0;0;0
3760;344;20161204;17;80;40;50;70;3;;-28;0;0;0;0;10263;75;0;79;;5;0;0;0;0;0
3761;344;20161204;18;90;30;30;70;0;-30.0;-35;0;0;0;0;10266;75;0;77;;5;0;0;0;0;0
3762;344;20161204;19;90;40;40;70;-3;;-34;0;0;0;0;10265;75;0;79;;5;0;0;0;0;0
3763;344;20161204;20;90;40;40;70;-13;;-39;0;0;0;0;10266;70;0;82;;5;0;0;0;0;0
3764;344;20161204;21;90;30;20;50;-26;;-44;0;0;0;0;10265;70;0;87;;5;0;0;0;0;0
3765;344;20161204;22;80;20;20;40;-22;;-44;0;0;0;0;10263;70;0;84;;5;0;0;0;0;0
3766;344;20161204;23;90;20;20;40;-25;;-48;0;0;0;0;10264;70;0;84;;5;0;0;0;0;0
3767;344;20161204;24;80;20;20;30;-30;-74.0;-51;0;0;0;0;10260;70;0;85;;5;0;0;0;0;0
3768;344;20161205;1;70;20;20;30;-28;;-50;0;0;0;0;10260;70;0;84;;5;0;0;0;0;0
3769;344;20161205;2;60;20;20;30;-43;;-55;0;0;0;0;10262;65;0;91;;5;0;0;0;0;0
3770;344;20161205;3;90;20;20;30;-47;;-60;0;0;0;0;10260;70;0;90;;5;0;0;0;0;0
3771;344;20161205;4;110;20;20;30;-35;;-54;0;0;0;0;10257;70;0;87;;5;0;0;0;0;0
3772;344;20161205;5;110;20;20;40;-36;;-53;0;0;0;0;10258;70;0;87;;5;0;0;0;0;0
3773;344;20161205;6;100;20;20;30;-47;-88.0;-64;0;0;0;0;10257;70;0;87;;5;0;0;0;0;0
3774;344;20161205;7;100;20;10;40;-37;;-54;0;0;0;0;10259;70;0;87;;5;0;0;0;0;0
3775;344;20161205;8;100;10;10;20;-40;;-55;0;3;0;0;10261;70;0;88;;5;0;0;0;0;0
3776;344;20161205;9;40;10;10;20;-18;;-32;10;29;0;0;10265;69;0;90;;5;0;0;0;0;0
3777;344;20161205;10;110;20;10;20;9;;-22;10;62;0;0;10265;69;0;79;;5;0;0;0;0;0
3778;344;20161205;11;170;10;10;30;36;;-15;10;74;0;0;10263;71;0;69;;5;0;0;0;0;0
3779;344;20161205;12;110;10;10;20;39;-72.0;-8;10;78;0;0;10260;69;0;71;;5;0;0;0;0;0
3780;344;20161205;13;60;10;20;40;45;;-8;10;73;0;0;10259;69;0;68;;5;0;0;0;0;0
3781;344;20161205;14;100;20;20;20;40;;-2;10;52;0;0;10258;69;0;73;;5;0;0;0;0;0
3782;344;20161205;15;100;20;10;20;17;;-11;8;20;0;0;10261;68;0;81;;5;0;0;0;0;0
3783;344;20161205;16;100;20;20;30;9;;-16;0;2;0;0;10264;63;1;83;;5;0;0;0;0;0
3784;344;20161205;17;100;20;20;30;2;;-14;0;0;0;0;10265;63;2;88;;5;0;0;0;0;0
3785;344;20161205;18;110;10;10;30;-15;-47.0;-24;0;0;0;0;10269;61;8;93;;5;0;0;0;0;0
3786;344;20161205;19;0;0;0;20;-18;;-20;0;0;0;0;10271;57;8;98;10.0;7;0;0;0;0;0
3787;344;20161205;20;70;10;10;10;-14;;-16;0;0;0;0;10272;57;8;98;10.0;7;0;0;0;0;0
3788;344;20161205;21;90;0;10;10;-21;;-28;0;0;0;0;10274;57;8;94;10.0;7;0;0;0;0;0
3789;344;20161205;22;0;0;0;10;-26;;-28;0;0;0;0;10275;50;8;98;10.0;7;0;0;0;0;0
3790;344;20161205;23;40;0;10;10;-30;;-33;0;0;0;0;10275;50;8;98;10.0;7;0;0;0;0;0
3791;344;20161205;24;60;10;10;10;-31;-60.0;-35;0;0;0;0;10279;40;8;97;10.0;7;0;0;0;0;0
3792;344;20161206;1;0;0;0;10;-34;;-36;0;0;0;0;10280;13;8;98;10.0;7;0;0;0;0;0
3793;344;20161206;2;0;10;0;10;-38;;-40;0;0;0;0;10280;27;8;98;20.0;7;1;0;0;0;1
3794;344;20161206;3;80;0;10;10;-41;;-43;0;0;0;0;10282;8;7;98;35.0;7;1;0;0;0;1
3795;344;20161206;4;70;10;10;20;-41;;-48;0;0;0;0;10284;35;0;95;20.0;7;1;0;0;0;1
3796;344;20161206;5;90;10;10;20;-46;;-50;0;0;0;0;10286;33;0;96;10.0;7;0;0;0;0;0
3797;344;20161206;6;150;10;10;10;-43;-74.0;-46;0;0;0;0;10287;29;7;98;10.0;7;0;0;0;0;0
3798;344;20161206;7;80;10;20;20;-37;;-40;0;0;0;0;10289;42;7;98;10.0;7;0;0;0;0;0
3799;344;20161206;8;80;10;20;20;-38;;-46;0;2;0;0;10292;39;0;93;10.0;7;0;0;0;0;0
3800;344;20161206;9;110;20;20;40;2;;-2;10;34;0;0;10296;56;0;96;10.0;7;0;0;0;0;0
3801;344;20161206;10;0;10;0;30;23;;9;10;58;0;0;10301;58;0;90;10.0;7;0;0;0;0;0
3802;344;20161206;11;150;10;20;30;58;;20;10;66;0;0;10299;59;1;76;4.0;7;0;0;0;0;0
3803;344;20161206;12;190;20;20;40;69;-69.0;24;10;78;0;0;10303;60;4;72;;5;0;0;0;0;0
3804;344;20161206;13;170;30;20;80;69;;26;10;68;0;0;10300;59;4;74;4.0;7;0;0;0;0;0
3805;344;20161206;14;160;20;30;40;72;;29;8;46;0;0;10297;59;7;73;4.0;7;0;0;0;0;0
3806;344;20161206;15;140;20;30;40;55;;20;8;24;0;0;10296;60;7;78;;5;0;0;0;0;0
3807;344;20161206;16;110;20;20;70;28;;10;0;1;0;0;10297;58;8;87;10.0;7;0;0;0;0;0
3808;344;20161206;17;130;20;10;70;32;;15;0;0;0;0;10298;58;8;88;10.0;7;0;0;0;0;0
3809;344;20161206;18;160;20;40;50;38;-6.0;19;0;0;0;0;10302;60;8;87;;5;0;0;0;0;0
3810;344;20161206;19;160;30;40;70;40;;20;0;0;0;0;10302;59;8;86;10.0;7;0;0;0;0;0
3811;344;20161206;20;160;40;40;70;47;;27;0;0;0;0;10301;60;8;87;;5;0;0;0;0;0
3812;344;20161206;21;160;40;40;70;55;;32;0;0;0;0;10295;60;8;84;;5;0;0;0;0;0
3813;344;20161206;22;180;40;40;60;57;;34;0;0;0;0;10297;61;8;84;;5;0;0;0;0;0
3814;344;20161206;23;180;40;40;50;54;;30;0;0;0;0;10299;61;8;84;;5;0;0;0;0;0
3815;344;20161206;24;170;40;40;60;49;10.0;27;0;0;0;0;10293;61;8;86;;5;0;0;0;0;0
3816;344;20161207;1;190;40;40;70;46;;27;0;0;0;0;10294;61;8;87;;5;0;0;0;0;0
3817;344;20161207;2;190;50;50;80;46;;23;0;0;0;0;10295;62;8;85;;5;0;0;0;0;0
3818;344;20161207;3;190;50;50;80;46;;21;0;0;0;0;10289;62;8;83;;5;0;0;0;0;0
3819;344;20161207;4;190;50;60;80;48;;22;0;0;0;0;10284;62;8;83;;5;0;0;0;0;0
3820;344;20161207;5;190;50;50;80;50;;23;0;0;0;0;10284;62;8;82;;5;0;0;0;0;0
3821;344;20161207;6;190;50;50;80;52;33.0;25;0;0;0;0;10284;62;8;82;;5;0;0;0;0;0
3822;344;20161207;7;190;50;50;90;53;;28;0;0;0;0;10284;61;8;83;;5;0;0;0;0;0
3823;344;20161207;8;190;40;50;80;61;;34;0;1;0;0;10287;62;8;83;;5;0;0;0;0;0
3824;344;20161207;9;190;50;50;80;65;;36;0;10;0;0;10288;64;8;81;;5;0;0;0;0;0
3825;344;20161207;10;190;50;60;90;70;;39;2;28;0;0;10290;65;8;80;;5;0;0;0;0;0
3826;344;20161207;11;200;60;60;90;80;;45;2;45;0;0;10287;65;8;78;;5;0;0;0;0;0
3827;344;20161207;12;200;60;60;90;86;46.0;49;2;57;0;0;10283;66;8;77;;5;0;0;0;0;0
3828;344;20161207;13;200;50;50;80;95;;57;0;40;0;0;10279;67;8;77;;5;0;0;0;0;0
3829;344;20161207;14;200;60;70;100;100;;59;0;26;0;0;10276;74;8;75;;5;0;0;0;0;0
3830;344;20161207;15;210;60;60;100;95;;56;3;13;0;0;10279;70;8;76;;5;0;0;0;0;0
3831;344;20161207;16;190;50;50;80;87;;53;0;2;0;0;10280;69;8;79;;5;0;0;0;0;0
3832;344;20161207;17;200;50;50;70;80;;51;0;0;0;0;10283;67;8;81;;5;0;0;0;0;0
3833;344;20161207;18;190;50;40;80;82;70.0;51;0;0;0;0;10283;67;8;80;;5;0;0;0;0;0
3834;344;20161207;19;190;50;50;80;77;;49;0;0;0;0;10285;67;8;82;;5;0;0;0;0;0
3835;344;20161207;20;190;50;50;70;75;;47;0;0;0;0;10286;68;8;82;;5;0;0;0;0;0
3836;344;20161207;21;200;50;60;90;74;;45;0;0;0;0;10285;67;8;81;;5;0;0;0;0;0
3837;344;20161207;22;190;70;60;100;73;;41;0;0;0;0;10281;67;8;80;;5;0;0;0;0;0
3838;344;20161207;23;200;60;60;90;74;;38;0;0;0;0;10285;68;8;78;;5;0;0;0;0;0
3839;344;20161207;24;200;60;60;100;70;60.0;34;0;0;0;0;10279;69;8;78;;5;0;0;0;0;0
3840;344;20161208;1;200;50;50;100;68;;32;0;0;0;0;10280;70;8;77;;5;0;0;0;0;0
3841;344;20161208;2;200;60;60;90;67;;30;0;0;0;0;10279;73;8;77;;5;0;0;0;0;0
3842;344;20161208;3;210;60;60;100;73;;30;0;0;0;0;10278;75;8;74;;5;0;0;0;0;0
3843;344;20161208;4;210;60;50;90;76;;28;0;0;0;0;10278;75;8;71;;5;0;0;0;0;0
3844;344;20161208;5;200;60;60;100;72;;27;0;0;0;0;10277;75;8;73;;5;0;0;0;0;0
3845;344;20161208;6;200;50;60;90;74;56.0;27;0;0;0;0;10276;75;8;71;;5;0;0;0;0;0
3846;344;20161208;7;190;70;60;100;72;;27;0;0;0;0;10275;75;8;73;;5;0;0;0;0;0
3847;344;20161208;8;190;50;50;90;72;;29;0;1;0;0;10277;75;8;74;;5;0;0;0;0;0
3848;344;20161208;9;190;50;60;90;71;;30;0;7;0;0;10275;75;8;75;;5;0;0;0;0;0
3849;344;20161208;10;190;50;50;90;76;;31;5;37;0;0;10273;71;8;73;;5;0;0;0;0;0
3850;344;20161208;11;190;50;50;90;75;;32;2;42;0;0;10267;69;8;74;;5;0;0;0;0;0
3851;344;20161208;12;200;50;40;90;82;65.0;32;2;45;0;0;10265;70;8;70;;5;0;0;0;0;0
3852;344;20161208;13;210;50;60;90;90;;33;2;35;0;0;10263;71;8;67;;5;0;0;0;0;0
3853;344;20161208;14;190;50;50;90;85;;36;3;42;0;0;10253;68;8;71;;5;0;0;0;0;0
3854;344;20161208;15;200;70;70;100;83;;38;8;24;0;0;10248;67;2;73;;5;0;0;0;0;0
3855;344;20161208;16;200;60;60;100;84;;44;0;3;0;0;10252;65;8;76;;5;0;0;0;0;0
3856;344;20161208;17;200;60;60;110;84;;47;0;0;0;-1;10250;65;8;77;23.0;7;0;1;0;0;0
3857;344;20161208;18;210;50;40;90;89;73.0;48;0;0;0;0;10256;66;8;75;2.0;7;0;0;0;0;0
3858;344;20161208;19;210;60;70;110;91;;50;0;0;0;0;10257;67;8;75;;5;0;0;0;0;0
3859;344;20161208;20;220;70;70;110;91;;57;0;0;0;0;10257;66;6;79;;5;0;0;0;0;0
3860;344;20161208;21;230;70;70;120;98;;76;0;0;0;0;10260;63;8;86;;5;0;0;0;0;0
3861;344;20161208;22;240;60;70;110;107;;93;0;0;0;0;10263;60;8;91;;5;0;0;0;0;0
3862;344;20161208;23;240;70;70;110;111;;98;0;0;0;0;10267;61;8;91;;5;0;0;0;0;0
3863;344;20161208;24;240;60;50;100;105;83.0;95;0;0;0;0;10265;59;8;93;10.0;7;0;0;0;0;0
3864;344;20161209;1;240;50;50;90;103;;94;0;0;0;0;10267;57;8;94;10.0;7;0;0;0;0;0
3865;344;20161209;2;240;60;60;90;104;;97;0;0;0;0;10271;56;8;95;10.0;7;0;0;0;0;0
3866;344;20161209;3;220;50;60;80;101;;93;0;0;0;0;10270;50;8;94;10.0;7;0;0;0;0;0
3867;344;20161209;4;230;50;40;90;99;;93;0;0;0;0;10273;45;8;96;10.0;7;0;0;0;0;0
3868;344;20161209;5;230;40;50;70;94;;93;0;0;0;0;10272;17;8;98;10.0;7;0;0;0;0;0
3869;344;20161209;6;210;40;50;70;94;92.0;88;0;0;0;0;10271;42;8;96;10.0;7;0;0;0;0;0
3870;344;20161209;7;210;50;40;80;92;;88;0;0;0;0;10271;34;8;96;20.0;7;1;0;0;0;0
3871;344;20161209;8;200;50;50;70;92;;85;0;1;0;0;10272;30;8;95;10.0;7;0;0;0;0;0
3872;344;20161209;9;200;50;40;70;94;;83;0;4;0;0;10274;50;8;92;10.0;7;0;0;0;0;0
3873;344;20161209;10;200;50;50;90;92;;87;0;10;0;0;10274;30;8;96;10.0;7;0;0;0;0;0
3874;344;20161209;11;210;50;60;90;98;;90;0;25;0;0;10272;46;8;94;10.0;7;0;0;0;0;0
3875;344;20161209;12;210;60;60;80;100;88.0;86;0;25;0;0;10270;50;8;91;10.0;7;0;0;0;0;0
3876;344;20161209;13;230;60;60;100;103;;88;0;36;0;0;10269;57;8;90;10.0;7;0;0;0;0;0
3877;344;20161209;14;230;50;50;90;104;;89;2;18;0;0;10265;56;8;90;10.0;7;0;0;0;0;0
3878;344;20161209;15;220;50;40;80;100;;84;5;14;0;0;10264;58;8;89;10.0;7;0;0;0;0;0
3879;344;20161209;16;200;40;40;70;88;;76;0;2;0;0;10264;58;8;91;10.0;7;0;0;0;0;0
3880;344;20161209;17;210;50;60;110;97;;81;0;0;0;0;10262;60;8;89;;5;0;0;0;0;0
3881;344;20161209;18;210;60;60;110;99;75.0;79;0;0;0;0;10259;61;8;87;;5;0;0;0;0;0
3882;344;20161209;19;200;50;50;80;87;;73;0;0;0;0;10257;59;8;90;10.0;7;0;0;0;0;0
3883;344;20161209;20;200;50;60;90;84;;70;0;0;0;0;10253;59;8;90;10.0;7;0;0;0;0;0
3884;344;20161209;21;200;50;40;90;79;;66;0;0;0;0;10251;58;8;91;10.0;7;0;0;0;0;0
3885;344;20161209;22;210;50;50;90;76;;63;0;0;0;0;10252;58;8;91;10.0;7;0;0;0;0;0
3886;344;20161209;23;200;50;50;80;74;;62;0;0;0;0;10246;58;8;92;10.0;7;0;0;0;0;0
3887;344;20161209;24;210;50;40;80;77;66.0;63;0;0;0;0;10245;58;8;90;10.0;7;0;0;0;0;0
3888;344;20161210;1;190;50;50;80;69;;56;0;0;0;0;10234;58;8;91;10.0;7;0;0;0;0;0
3889;344;20161210;2;200;50;50;80;68;;54;0;0;0;0;10234;59;8;90;10.0;7;0;0;0;0;0
3890;344;20161210;3;200;60;50;90;71;;52;0;0;0;0;10231;61;8;87;;5;0;0;0;0;0
3891;344;20161210;4;210;50;50;90;73;;52;0;0;0;0;10226;62;8;86;;5;0;0;0;0;0
3892;344;20161210;5;220;50;60;80;75;;53;0;0;0;0;10224;63;8;86;;5;0;0;0;0;0
3893;344;20161210;6;220;60;60;90;76;59.0;55;0;0;0;0;10223;63;8;86;;5;0;0;0;0;0
3894;344;20161210;7;230;60;60;100;76;;55;0;0;0;0;10227;62;8;87;;5;0;0;0;0;0
3895;344;20161210;8;220;60;60;90;77;;65;0;1;0;0;10226;56;8;92;10.0;7;0;0;0;0;0
3896;344;20161210;9;220;50;50;90;77;;66;0;2;0;0;10230;50;8;93;10.0;7;0;0;0;0;0
3897;344;20161210;10;220;50;40;80;77;;71;0;5;0;0;10233;31;8;95;10.0;7;0;0;0;0;0
3898;344;20161210;11;220;40;40;70;80;;79;0;8;0;-1;10230;9;9;99;34.0;7;1;1;0;0;0
3899;344;20161210;12;200;40;40;60;81;67.0;80;0;8;0;-1;10228;10;8;98;52.0;7;1;1;0;0;0
3900;344;20161210;13;210;40;40;80;85;;84;0;7;10;1;10222;13;8;98;51.0;7;0;1;0;0;0
3901;344;20161210;14;210;40;50;60;85;;83;0;6;9;1;10218;17;8;99;51.0;7;0;1;0;0;0
3902;344;20161210;15;220;40;50;70;85;;84;0;3;9;1;10216;17;8;98;51.0;7;0;1;0;0;0
3903;344;20161210;16;200;40;40;70;85;;84;0;1;5;1;10212;17;8;98;51.0;7;0;1;0;0;0
3904;344;20161210;17;200;50;50;70;86;;85;0;0;0;-1;10207;11;8;98;22.0;7;0;1;0;0;0
3905;344;20161210;18;190;40;40;70;84;81.0;83;0;0;5;1;10201;11;8;98;51.0;7;1;1;0;0;0
3906;344;20161210;19;210;50;60;80;90;;89;0;0;7;1;10194;15;8;98;22.0;7;0;1;0;0;0
3907;344;20161210;20;210;60;70;100;97;;89;0;0;0;0;10183;48;8;94;10.0;7;0;0;0;0;0
3908;344;20161210;21;210;70;80;100;97;;86;0;0;4;1;10176;56;8;93;52.0;7;0;1;0;0;0
3909;344;20161210;22;210;80;80;120;96;;83;0;0;5;2;10162;58;8;91;52.0;7;0;1;0;0;0
3910;344;20161210;23;200;80;80;120;89;;82;0;0;9;11;10152;48;8;94;82.0;7;0;1;0;0;0
3911;344;20161210;24;210;90;90;150;93;83.0;84;0;0;10;15;10142;56;8;94;62.0;7;0;1;0;0;0
3912;344;20161211;1;240;90;90;150;104;;95;0;0;9;13;10135;60;8;94;61.0;7;0;1;0;0;0
3913;344;20161211;2;320;100;80;180;84;;75;0;0;3;1;10163;59;8;93;52.0;7;0;1;0;0;0
3914;344;20161211;3;320;70;70;120;84;;71;0;0;1;1;10178;50;8;91;52.0;7;0;1;0;0;0
3915;344;20161211;4;290;60;40;120;71;;55;0;0;0;-1;10186;70;1;89;22.0;7;0;1;0;0;0
3916;344;20161211;5;270;40;40;70;85;;70;0;0;0;0;10194;70;8;90;;5;0;0;0;0;0
3917;344;20161211;6;290;60;40;100;90;55.0;71;0;0;0;0;10195;70;8;88;2.0;7;0;0;0;0;0
3918;344;20161211;7;280;50;50;90;88;;67;0;0;0;0;10199;68;8;86;;5;0;0;0;0;0
3919;344;20161211;8;280;40;50;80;85;;69;0;1;0;0;10206;65;7;89;;5;0;0;0;0;0
3920;344;20161211;9;290;60;50;100;90;;66;0;12;0;0;10214;70;8;85;;5;0;0;0;0;0
3921;344;20161211;10;290;50;50;90;92;;70;0;21;0;0;10216;67;8;85;;5;0;0;0;0;0
3922;344;20161211;11;280;50;50;100;95;;70;0;35;0;0;10217;68;8;84;;5;0;0;0;0;0
3923;344;20161211;12;280;60;60;110;94;67.0;66;0;26;0;0;10218;70;8;82;;5;0;0;0;0;0
3924;344;20161211;13;280;60;70;100;93;;65;2;45;0;0;10218;70;8;82;;5;0;0;0;0;0
3925;344;20161211;14;280;50;50;100;92;;65;7;30;0;0;10218;69;8;83;;5;0;0;0;0;0
3926;344;20161211;15;270;50;50;90;92;;68;0;8;0;0;10220;67;7;85;;5;0;0;0;0;0
3927;344;20161211;16;270;50;50;80;89;;68;0;1;0;0;10220;68;7;86;;5;0;0;0;0;0
3928;344;20161211;17;280;50;50;80;89;;67;0;0;0;0;10220;70;7;86;;5;0;0;0;0;0
3929;344;20161211;18;280;40;40;70;91;83.0;69;0;0;0;0;10225;68;8;86;;5;0;0;0;0;0
3930;344;20161211;19;290;50;50;80;95;;71;0;0;0;0;10226;70;8;84;;5;0;0;0;0;0
3931;344;20161211;20;290;50;40;90;85;;67;0;0;0;0;10226;69;8;88;;5;0;0;0;0;0
3932;344;20161211;21;280;30;30;70;69;;61;0;0;0;0;10227;65;1;94;;5;0;0;0;0;0
3933;344;20161211;22;260;30;30;40;70;;61;0;0;0;0;10231;64;6;94;;5;0;0;0;0;0
3934;344;20161211;23;260;30;30;40;57;;51;0;0;0;0;10237;61;2;96;;5;0;0;0;0;0
3935;344;20161211;24;280;20;30;40;58;26.0;57;0;0;0;0;10239;60;4;97;;5;0;0;0;0;0
3936;344;20161212;1;290;20;20;40;37;;36;0;0;0;0;10239;31;1;98;10.0;7;0;0;0;0;0
3937;344;20161212;2;200;10;10;30;40;;39;0;0;0;0;10242;3;7;99;34.0;7;1;0;0;0;0
3938;344;20161212;3;200;10;10;20;41;;40;0;0;0;0;10241;2;5;99;34.0;7;1;0;0;0;0
3939;344;20161212;4;200;10;10;20;19;;17;0;0;0;0;10241;1;5;99;34.0;7;1;0;0;0;0
3940;344;20161212;5;190;10;10;20;26;;24;0;0;0;0;10242;2;1;98;32.0;7;1;0;0;0;0
3941;344;20161212;6;180;10;10;20;25;-19.0;23;0;0;0;0;10246;2;7;99;33.0;7;1;0;0;0;0
3942;344;20161212;7;200;30;30;60;64;;63;0;1;0;0;10250;50;8;98;20.0;7;1;0;0;0;0
3943;344;20161212;8;190;20;10;40;62;;60;0;2;0;0;10254;41;8;99;10.0;7;0;0;0;0;0
3944;344;20161212;9;230;10;20;30;62;;61;2;14;0;0;10256;46;8;98;20.0;7;1;0;0;0;0
3945;344;20161212;10;210;20;30;50;85;;74;10;43;0;0;10258;61;8;92;;5;0;0;0;0;0
3946;344;20161212;11;230;40;40;60;87;;73;5;49;0;0;10259;59;8;91;10.0;7;0;0;0;0;0
3947;344;20161212;12;190;30;30;60;81;-15.0;66;0;39;0;0;10254;59;8;89;10.0;7;0;0;0;0;0
3948;344;20161212;13;190;30;40;50;81;;67;0;30;0;0;10251;57;8;90;10.0;7;0;0;0;0;0
3949;344;20161212;14;180;30;40;50;78;;65;0;21;0;0;10250;56;8;91;10.0;7;0;0;0;0;0
3950;344;20161212;15;190;40;30;60;69;;62;0;10;0;0;10253;38;8;95;10.0;7;0;0;0;0;0
3951;344;20161212;16;180;40;40;70;67;;58;0;3;0;0;10252;56;8;94;10.0;7;0;0;0;0;0
3952;344;20161212;17;180;40;30;70;64;;55;0;0;0;0;10250;57;8;93;10.0;7;0;0;0;0;0
3953;344;20161212;18;200;40;40;70;65;62.0;53;0;0;0;0;10251;57;8;91;10.0;7;0;0;0;0;0
3954;344;20161212;19;180;40;40;70;63;;48;0;0;0;0;10248;58;8;90;10.0;7;0;0;0;0;0
3955;344;20161212;20;170;40;40;70;63;;39;0;0;0;0;10247;63;8;84;;5;0;0;0;0;0
3956;344;20161212;21;160;40;40;60;61;;39;0;0;0;0;10245;66;8;85;;5;0;0;0;0;0
3957;344;20161212;22;170;40;40;60;65;;38;0;0;0;0;10243;68;8;82;;5;0;0;0;0;0
3958;344;20161212;23;180;40;40;60;61;;42;0;0;0;-1;10239;64;8;87;51.0;7;0;1;0;0;0
3959;344;20161212;24;190;50;50;90;61;53.0;49;0;0;0;-1;10235;59;8;91;22.0;7;0;1;0;0;0
3960;344;20161213;1;190;50;50;90;59;;48;0;0;0;0;10234;57;8;92;10.0;7;0;0;0;0;0
3961;344;20161213;2;190;50;50;80;58;;51;0;0;0;0;10230;48;8;95;10.0;7;0;0;0;0;0
3962;344;20161213;3;190;50;50;80;56;;51;0;0;0;0;10227;31;8;96;10.0;7;0;0;0;0;0
3963;344;20161213;4;190;50;50;80;58;;53;0;0;0;0;10226;41;8;96;10.0;7;0;0;0;0;0
3964;344;20161213;5;190;40;30;70;58;;54;0;0;0;0;10225;46;8;97;10.0;7;0;0;0;0;0
3965;344;20161213;6;190;40;40;60;58;56.0;55;0;0;0;0;10225;35;8;97;10.0;7;0;0;0;0;0
3966;344;20161213;7;190;30;40;70;59;;56;0;0;0;-1;10227;31;8;97;23.0;7;0;1;0;0;0
3967;344;20161213;8;190;40;50;70;59;;57;0;1;0;0;10229;20;8;98;10.0;7;0;0;0;0;0
3968;344;20161213;9;190;40;40;70;61;;58;0;3;0;-1;10231;25;8;98;22.0;7;0;1;0;0;0
3969;344;20161213;10;190;40;40;80;64;;60;0;11;0;0;10234;26;8;97;10.0;7;0;0;0;0;0
3970;344;20161213;11;200;40;40;70;68;;64;0;25;0;0;10232;26;8;97;10.0;7;0;0;0;0;0
3971;344;20161213;12;190;40;40;70;68;58.0;65;0;21;0;0;10228;25;8;97;10.0;7;0;0;0;0;0
3972;344;20161213;13;190;30;30;60;72;;64;0;19;0;0;10224;45;8;94;10.0;7;0;0;0;0;0
3973;344;20161213;14;200;40;40;50;73;;65;0;13;0;0;10224;56;8;94;10.0;7;0;0;0;0;0
3974;344;20161213;15;200;40;40;60;73;;69;2;9;0;0;10224;44;8;97;10.0;7;0;0;0;0;0
3975;344;20161213;16;180;40;30;90;70;;68;0;1;0;0;10224;19;8;98;10.0;7;0;0;0;0;0
3976;344;20161213;17;180;30;30;60;71;;70;0;0;0;0;10225;32;8;98;20.0;7;1;0;0;0;0
3977;344;20161213;18;180;30;30;50;72;69.0;71;0;0;0;0;10223;24;8;98;10.0;7;0;0;0;0;0
3978;344;20161213;19;180;30;40;60;75;;71;0;0;0;0;10224;35;8;97;10.0;7;0;0;0;0;0
3979;344;20161213;20;190;40;40;60;75;;72;0;0;0;-1;10223;40;8;97;22.0;7;0;1;0;0;0
3980;344;20161213;21;190;40;30;60;74;;73;0;0;0;-1;10223;17;8;98;51.0;7;0;1;0;0;0
3981;344;20161213;22;190;40;30;60;74;;73;0;0;0;-1;10223;11;8;98;22.0;7;0;1;0;0;0
3982;344;20161213;23;180;40;40;60;75;;74;0;0;0;0;10223;2;9;99;34.0;7;1;0;0;0;0
3983;344;20161213;24;210;30;30;50;76;71.0;75;0;0;0;0;10222;7;9;99;32.0;7;1;0;0;0;0
3984;344;20161214;1;210;30;30;50;78;;77;0;0;0;0;10222;7;9;99;33.0;7;1;0;0;0;0
3985;344;20161214;2;170;30;30;40;78;;77;0;0;0;0;10220;5;8;99;34.0;7;1;0;0;0;0
3986;344;20161214;3;180;30;30;50;77;;76;0;0;0;0;10218;3;9;99;34.0;7;1;0;0;0;0
3987;344;20161214;4;190;30;30;50;78;;77;0;0;0;0;10219;7;9;99;32.0;7;1;0;0;0;0
3988;344;20161214;5;190;30;40;50;79;;78;0;0;0;0;10216;19;8;98;20.0;7;1;0;0;0;0
3989;344;20161214;6;180;40;40;60;76;75.0;75;0;0;0;0;10216;34;8;98;10.0;7;0;0;0;0;0
3990;344;20161214;7;180;40;30;90;70;;66;0;0;0;0;10219;39;7;97;10.0;7;0;0;0;0;0
3991;344;20161214;8;150;30;20;60;71;;67;0;1;0;0;10226;30;8;97;10.0;7;0;0;0;0;0
3992;344;20161214;9;160;30;30;40;74;;65;2;13;0;0;10230;56;7;94;10.0;7;0;0;0;0;0
3993;344;20161214;10;170;40;40;80;78;;63;2;32;0;0;10232;58;8;90;10.0;7;0;0;0;0;0
3994;344;20161214;11;180;30;30;50;89;;67;10;66;0;0;10233;59;8;85;10.0;7;0;0;0;0;0
3995;344;20161214;12;160;30;30;60;91;63.0;66;7;66;0;0;10229;60;8;84;;5;0;0;0;0;0
3996;344;20161214;13;160;20;20;70;93;;67;2;47;0;0;10227;61;8;83;;5;0;0;0;0;0
3997;344;20161214;14;160;20;20;30;96;;72;10;39;0;0;10226;60;8;84;;5;0;0;0;0;0
3998;344;20161214;15;150;20;20;50;93;;71;8;16;0;0;10230;60;8;86;;5;0;0;0;0;0
3999;344;20161214;16;100;10;20;50;70;;58;0;1;0;0;10233;59;8;92;10.0;7;0;0;0;0;0
4000;344;20161214;17;90;20;20;40;79;;67;0;0;0;0;10236;58;8;91;10.0;7;0;0;0;0;0
4001;344;20161214;18;110;20;20;40;77;44.0;65;0;0;0;0;10240;58;8;92;10.0;7;0;0;0;0;0
4002;344;20161214;19;140;20;10;40;74;;67;0;0;0;0;10241;58;8;95;10.0;7;0;0;0;0;0
4003;344;20161214;20;130;10;10;20;51;;49;0;0;0;0;10242;56;8;98;10.0;7;0;0;0;0;0
4004;344;20161214;21;100;10;20;30;58;;56;0;0;0;0;10241;56;6;98;10.0;7;0;0;0;0;0
4005;344;20161214;22;120;10;10;30;54;;53;0;0;0;0;10242;45;8;98;10.0;7;0;0;0;0;0
4006;344;20161214;23;70;10;10;20;53;;52;0;0;0;0;10243;27;1;98;10.0;7;0;0;0;0;0
4007;344;20161214;24;110;20;30;40;59;14.0;58;0;0;0;0;10243;50;8;98;10.0;7;0;0;0;0;0
4008;344;20161215;1;110;30;20;40;49;;47;0;0;0;0;10242;43;8;98;10.0;7;0;0;0;0;0
4009;344;20161215;2;110;30;30;40;56;;54;0;0;0;0;10243;47;8;98;10.0;7;0;0;0;0;0
4010;344;20161215;3;130;30;30;40;58;;53;0;0;0;0;10244;56;8;96;10.0;7;0;0;0;0;0
4011;344;20161215;4;120;30;40;50;46;;45;0;0;0;0;10244;24;8;98;10.0;7;0;0;0;0;0
4012;344;20161215;5;120;30;30;40;45;;43;0;0;0;0;10243;28;8;98;10.0;7;0;0;0;0;0
4013;344;20161215;6;100;30;30;50;44;33.0;43;0;0;0;0;10244;5;9;99;34.0;7;1;0;0;0;0
4014;344;20161215;7;110;30;40;50;46;;44;0;0;0;0;10244;4;9;99;34.0;7;1;0;0;0;0
4015;344;20161215;8;120;30;40;60;51;;50;0;1;0;0;10246;5;9;99;32.0;7;1;0;0;0;0
4016;344;20161215;9;110;40;40;60;55;;54;0;8;0;0;10247;11;8;98;20.0;7;1;0;0;0;0
4017;344;20161215;10;120;40;40;70;58;;57;0;19;0;0;10247;18;8;98;10.0;7;0;0;0;0;0
4018;344;20161215;11;120;40;40;80;62;;61;0;23;0;0;10244;14;8;98;10.0;7;0;0;0;0;0
4019;344;20161215;12;130;40;40;70;66;42.0;65;0;24;0;0;10239;30;8;98;20.0;7;1;0;0;0;0
4020;344;20161215;13;130;40;50;100;67;;65;0;20;0;0;10235;29;8;98;10.0;7;0;0;0;0;0
4021;344;20161215;14;130;50;40;80;67;;64;0;12;0;0;10232;33;8;97;10.0;7;0;0;0;0;0
4022;344;20161215;15;140;50;50;80;72;;59;0;7;0;0;10230;58;8;91;10.0;7;0;0;0;0;0
4023;344;20161215;16;130;50;50;80;73;;58;0;2;0;0;10229;59;8;90;10.0;7;0;0;0;0;0
4024;344;20161215;17;120;50;40;80;69;;58;0;0;0;0;10229;58;8;92;10.0;7;0;0;0;0;0
4025;344;20161215;18;120;40;30;70;62;54.0;55;0;0;0;0;10230;58;8;95;10.0;7;0;0;0;0;0
4026;344;20161215;19;130;30;40;60;58;;52;0;0;0;0;10229;58;8;95;10.0;7;0;0;0;0;0
4027;344;20161215;20;140;40;40;80;64;;53;0;0;0;0;10229;61;8;92;;5;0;0;0;0;0
4028;344;20161215;21;150;50;50;80;65;;49;0;0;0;0;10230;63;8;89;;5;0;0;0;0;0
4029;344;20161215;22;150;50;40;70;60;;47;0;0;0;0;10231;61;8;91;;5;0;0;0;0;0
4030;344;20161215;23;140;40;30;60;57;;46;0;0;0;0;10232;59;8;92;10.0;7;0;0;0;0;0
4031;344;20161215;24;130;30;30;60;55;39.0;43;0;0;0;0;10232;58;8;92;10.0;7;0;0;0;0;0
4032;344;20161216;1;120;30;20;50;51;;41;0;0;0;0;10233;57;8;93;10.0;7;0;0;0;0;0
4033;344;20161216;2;120;30;30;50;49;;42;0;0;0;0;10235;50;8;94;10.0;7;0;0;0;0;0
4034;344;20161216;3;120;30;30;40;47;;39;0;0;0;0;10237;50;8;94;10.0;7;0;0;0;0;0
4035;344;20161216;4;100;20;30;40;48;;40;0;0;0;0;10240;50;8;94;10.0;7;0;0;0;0;0
4036;344;20161216;5;90;20;20;40;49;;42;0;0;0;0;10243;50;8;94;10.0;7;0;0;0;0;0
4037;344;20161216;6;110;20;20;40;53;27.0;44;0;0;0;0;10247;50;8;93;10.0;7;0;0;0;0;0
4038;344;20161216;7;130;30;20;40;56;;45;0;0;0;0;10253;56;8;92;10.0;7;0;0;0;0;0
4039;344;20161216;8;120;20;20;50;59;;45;0;1;0;0;10257;57;8;90;10.0;7;0;0;0;0;0
4040;344;20161216;9;120;20;30;50;63;;46;0;8;0;0;10263;57;8;88;10.0;7;0;0;0;0;0
4041;344;20161216;10;130;30;30;70;66;;48;0;23;0;0;10267;58;8;87;10.0;7;0;0;0;0;0
4042;344;20161216;11;150;30;30;70;72;;50;0;38;0;0;10270;59;8;85;10.0;7;0;0;0;0;0
4043;344;20161216;12;140;30;30;60;81;47.0;52;2;43;0;0;10269;61;8;81;;5;0;0;0;0;0
4044;344;20161216;13;150;30;30;80;93;;57;10;69;0;0;10271;63;8;78;;5;0;0;0;0;0
4045;344;20161216;14;150;30;20;50;90;;59;10;52;0;0;10277;64;8;80;;5;0;0;0;0;0
4046;344;20161216;15;160;20;30;40;71;;45;2;14;0;0;10285;63;8;83;;5;0;0;0;0;0
4047;344;20161216;16;140;20;10;60;77;;50;0;2;0;0;10290;63;8;82;;5;0;0;0;0;0
4048;344;20161216;17;160;20;20;40;74;;51;0;0;0;0;10294;61;8;85;;5;0;0;0;0;0
4049;344;20161216;18;150;30;30;70;77;51.0;48;0;0;0;0;10299;63;8;82;;5;0;0;0;0;0
4050;344;20161216;19;160;20;20;50;73;;48;0;0;0;0;10304;62;8;84;;5;0;0;0;0;0
4051;344;20161216;20;160;20;30;40;67;;44;0;0;0;0;10310;61;8;85;;5;0;0;0;0;0
4052;344;20161216;21;160;20;20;40;53;;40;0;0;0;0;10315;57;8;90;10.0;7;0;0;0;0;0
4053;344;20161216;22;170;20;20;30;41;;33;0;0;0;0;10322;58;8;94;10.0;7;0;0;0;0;0
4054;344;20161216;23;150;20;20;30;43;;36;0;0;0;0;10326;57;8;95;10.0;7;0;0;0;0;0
4055;344;20161216;24;190;20;20;40;48;0.0;38;0;0;0;0;10328;57;8;93;10.0;7;0;0;0;0;0
4056;344;20161217;1;160;20;20;30;37;;30;0;0;0;0;10329;50;8;95;10.0;7;0;0;0;0;0
4057;344;20161217;2;170;20;20;30;41;;37;0;0;0;0;10332;57;8;97;10.0;7;0;0;0;0;0
4058;344;20161217;3;190;20;30;40;53;;43;0;0;0;0;10337;57;8;93;10.0;7;0;0;0;0;0
4059;344;20161217;4;190;20;20;40;53;;42;0;0;0;0;10338;57;8;92;10.0;7;0;0;0;0;0
4060;344;20161217;5;220;20;20;40;56;;47;0;0;0;0;10340;57;8;94;10.0;7;0;0;0;0;0
4061;344;20161217;6;220;20;20;30;60;10.0;51;0;0;0;0;10347;56;8;93;10.0;7;0;0;0;0;0
4062;344;20161217;7;210;10;10;20;64;;55;0;0;0;0;10353;56;8;94;10.0;7;0;0;0;0;0
4063;344;20161217;8;230;20;20;30;67;;61;0;1;0;0;10360;40;8;96;10.0;7;0;0;0;0;0
4064;344;20161217;9;250;20;20;30;72;;66;0;3;0;0;10367;42;8;95;10.0;7;0;0;0;0;0
4065;344;20161217;10;280;20;10;40;81;;71;0;6;0;0;10371;49;8;93;10.0;7;0;0;0;0;0
4066;344;20161217;11;280;20;20;40;86;;75;0;8;0;0;10371;47;8;92;10.0;7;0;0;0;0;0
4067;344;20161217;12;260;20;10;40;87;58.0;76;0;12;0;0;10369;50;8;93;10.0;7;0;0;0;0;0
4068;344;20161217;13;250;20;20;30;86;;76;0;11;0;0;10370;44;8;93;10.0;7;0;0;0;0;0
4069;344;20161217;14;290;30;20;40;83;;75;0;7;0;0;10374;58;8;94;10.0;7;0;0;0;0;0
4070;344;20161217;15;300;30;10;50;82;;73;0;3;0;0;10380;58;8;94;10.0;7;0;0;0;0;0
4071;344;20161217;16;300;20;20;40;81;;73;0;1;0;0;10384;58;8;94;10.0;7;0;0;0;0;0
4072;344;20161217;17;280;20;20;40;83;;69;0;0;0;0;10384;58;8;91;10.0;7;0;0;0;0;0
4073;344;20161217;18;250;20;20;40;80;77.0;71;0;0;0;0;10388;50;8;93;10.0;7;0;0;0;0;0
4074;344;20161217;19;220;20;20;30;75;;73;0;0;0;0;10391;28;8;98;10.0;7;0;0;0;0;0
4075;344;20161217;20;220;30;30;40;70;;66;0;0;0;-1;10391;34;8;97;22.0;7;0;1;0;0;0
4076;344;20161217;21;230;30;30;40;71;;69;0;0;0;0;10391;19;8;98;10.0;7;0;0;0;0;0
4077;344;20161217;22;230;30;30;30;74;;71;0;0;0;0;10385;27;8;98;10.0;7;0;0;0;0;0
4078;344;20161217;23;230;20;20;30;60;;58;0;0;0;0;10384;27;8;98;10.0;7;0;0;0;0;0
4079;344;20161217;24;220;30;30;40;52;20.0;50;0;0;0;0;10378;32;8;98;10.0;7;0;0;0;0;0
4080;344;20161218;1;220;20;20;30;52;;50;0;0;0;0;10378;13;7;98;10.0;7;0;0;0;0;0
4081;344;20161218;2;240;30;30;40;57;;56;0;0;0;0;10379;12;8;98;20.0;7;1;0;0;0;0
4082;344;20161218;3;230;30;30;50;52;;51;0;0;0;0;10376;33;6;98;10.0;7;0;0;0;0;0
4083;344;20161218;4;230;30;40;50;63;;60;0;0;0;0;10373;49;8;97;10.0;7;0;0;0;0;0
4084;344;20161218;5;240;40;40;50;59;;53;0;0;0;0;10370;57;5;96;10.0;7;0;0;0;0;0
4085;344;20161218;6;240;40;40;60;62;20.0;56;0;0;0;0;10367;57;8;95;10.0;7;0;0;0;0;0
4086;344;20161218;7;240;40;40;60;67;;60;0;0;0;0;10368;58;8;95;10.0;7;0;0;0;0;0
4087;344;20161218;8;240;40;30;60;69;;62;0;1;0;0;10368;58;8;95;10.0;7;0;0;0;0;0
4088;344;20161218;9;240;30;40;50;75;;68;0;10;0;0;10369;58;8;95;10.0;7;0;0;0;0;0
4089;344;20161218;10;250;40;40;60;79;;70;0;28;0;0;10362;60;8;93;;5;0;0;0;0;0
4090;344;20161218;11;260;40;30;60;90;;75;5;52;0;0;10356;67;8;90;;5;0;0;0;0;0
4091;344;20161218;12;250;40;40;60;94;56.0;70;8;68;0;0;10349;67;8;85;;5;0;0;0;0;0
4092;344;20161218;13;260;30;30;60;90;;71;0;40;0;0;10348;70;8;87;;5;0;0;0;0;0
4093;344;20161218;14;270;30;30;50;89;;71;0;18;0;0;10343;64;8;88;;5;0;0;0;0;0
4094;344;20161218;15;230;20;20;40;85;;73;0;6;0;0;10341;62;8;92;;5;0;0;0;0;0
4095;344;20161218;16;260;20;10;30;83;;73;0;1;0;0;10338;60;8;93;;5;0;0;0;0;0
4096;344;20161218;17;250;20;20;20;73;;67;0;0;0;0;10334;58;8;96;10.0;7;0;0;0;0;0
4097;344;20161218;18;240;20;20;30;52;30.0;51;0;0;0;0;10331;41;7;98;10.0;7;0;0;0;0;0
4098;344;20161218;19;250;20;20;30;55;;54;0;0;0;0;10329;37;8;98;10.0;7;0;0;0;0;0
4099;344;20161218;20;140;10;10;20;47;;46;0;0;0;0;10330;5;8;99;34.0;7;1;0;0;0;0
4100;344;20161218;21;230;10;10;20;49;;47;0;0;0;0;10324;25;8;98;20.0;7;1;0;0;0;0
4101;344;20161218;22;0;0;0;10;43;;42;0;0;0;0;10320;1;8;98;34.0;7;1;0;0;0;0
4102;344;20161218;23;0;10;0;10;43;;42;0;0;0;0;10317;7;5;98;32.0;7;1;0;0;0;0
4103;344;20161218;24;0;0;0;10;38;9.0;37;0;0;0;0;10314;32;8;98;20.0;7;1;0;0;0;0
4104;344;20161219;1;990;10;10;20;53;;52;0;0;0;0;10313;31;8;98;20.0;7;1;0;0;0;0
4105;344;20161219;2;80;10;10;10;53;;52;0;0;0;0;10312;25;8;98;10.0;7;0;0;0;0;0
4106;344;20161219;3;100;20;10;30;56;;55;0;0;0;0;10305;38;7;98;10.0;7;0;0;0;0;0
4107;344;20161219;4;100;10;20;30;52;;51;0;0;0;0;10303;56;8;98;10.0;7;0;0;0;0;0
4108;344;20161219;5;100;20;10;30;48;;46;0;0;0;0;10301;26;8;99;10.0;7;0;0;0;0;0
4109;344;20161219;6;120;20;30;40;48;16.0;47;0;0;0;0;10294;11;8;98;20.0;7;1;0;0;0;0
4110;344;20161219;7;140;30;20;50;51;;49;0;0;0;0;10291;35;8;98;20.0;7;1;0;0;0;0
4111;344;20161219;8;80;10;10;30;51;;48;0;1;0;0;10290;31;8;98;10.0;7;0;0;0;0;0
4112;344;20161219;9;100;20;20;30;60;;55;0;4;0;0;10291;32;8;96;10.0;7;0;0;0;0;0
4113;344;20161219;10;100;20;20;50;66;;61;0;17;0;0;10292;23;8;97;10.0;7;0;0;0;0;0
4114;344;20161219;11;100;30;30;50;67;;53;0;38;0;0;10288;35;7;90;10.0;7;0;0;0;0;0
4115;344;20161219;12;90;30;30;50;65;42.0;50;10;68;0;0;10284;38;4;90;10.0;7;0;0;0;0;0
4116;344;20161219;13;100;30;30;50;73;;45;10;69;0;0;10276;56;6;82;10.0;7;0;0;0;0;0
4117;344;20161219;14;100;30;40;60;70;;39;10;45;0;0;10270;59;1;80;10.0;7;0;0;0;0;0
4118;344;20161219;15;80;30;30;50;56;;40;8;23;0;0;10269;56;0;89;10.0;7;0;0;0;0;0
4119;344;20161219;16;90;30;30;40;39;;30;0;2;0;0;10269;50;2;93;10.0;7;0;0;0;0;0
4120;344;20161219;17;100;40;40;60;43;;35;0;0;0;0;10270;33;6;94;10.0;7;0;0;0;0;0
4121;344;20161219;18;90;40;30;60;31;22.0;23;0;0;0;0;10272;41;0;94;10.0;7;0;0;0;0;0
4122;344;20161219;19;50;20;20;50;19;;16;0;0;0;0;10269;29;0;97;10.0;7;0;0;0;0;0
4123;344;20161219;20;40;10;20;30;17;;12;0;0;0;0;10267;25;3;96;10.0;7;0;0;0;0;0
4124;344;20161219;21;60;20;10;40;21;;18;0;0;0;0;10265;32;8;97;10.0;7;0;0;0;0;0
4125;344;20161219;22;100;20;30;40;21;;15;0;0;0;0;10266;50;1;95;10.0;7;0;0;0;0;0
4126;344;20161219;23;100;30;40;50;23;;16;0;0;0;0;10262;50;0;95;10.0;7;0;0;0;0;0
4127;344;20161219;24;90;30;20;40;12;-18.0;8;0;0;0;0;10259;50;0;97;10.0;7;0;0;0;0;0
4128;344;20161220;1;110;20;30;40;12;;6;0;0;0;0;10258;56;0;96;10.0;7;0;0;0;0;0
4129;344;20161220;2;90;30;20;40;4;;-2;0;0;0;0;10260;57;0;95;10.0;7;0;0;0;0;0
4130;344;20161220;3;120;30;20;40;5;;-2;0;0;0;0;10258;59;0;94;10.0;7;0;0;0;0;0
4131;344;20161220;4;70;20;20;40;-14;;-21;0;0;0;0;10253;50;0;95;10.0;7;0;0;0;0;0
4132;344;20161220;5;40;20;10;40;-10;;-12;0;0;0;0;10250;50;0;98;10.0;7;0;0;0;0;0
4133;344;20161220;6;20;10;10;20;-17;-52.0;-19;0;0;0;0;10247;37;0;98;10.0;7;0;0;0;0;0
4134;344;20161220;7;80;20;20;40;-29;;-32;0;0;0;0;10246;49;0;97;10.0;7;0;0;0;0;0
4135;344;20161220;8;50;20;20;40;-14;;-22;0;1;0;0;10244;56;0;94;10.0;7;0;0;0;0;0
4136;344;20161220;9;110;20;20;40;4;;-8;8;21;0;0;10245;59;1;92;10.0;7;0;0;0;0;0
4137;344;20161220;10;90;30;30;60;15;;-1;10;56;0;0;10240;61;1;88;;5;0;0;0;0;0
4138;344;20161220;11;90;30;40;50;26;;5;10;63;0;0;10231;62;1;86;;5;0;0;0;0;0
4139;344;20161220;12;110;40;30;60;30;-57.0;4;10;71;0;0;10224;63;0;83;;5;0;0;0;0;0
4140;344;20161220;13;100;40;40;70;35;;6;10;65;0;0;10219;63;0;81;;5;0;0;0;0;0
4141;344;20161220;14;110;40;30;60;32;;5;10;50;0;0;10215;63;0;82;;5;0;0;0;0;0
4142;344;20161220;15;110;20;10;40;24;;3;8;24;0;0;10219;62;1;85;;5;0;0;0;0;0
4143;344;20161220;16;100;20;10;30;8;;-5;0;2;0;0;10216;59;0;90;10.0;7;0;0;0;0;0
4144;344;20161220;17;130;10;10;30;-3;;-12;0;0;0;0;10216;57;1;93;10.0;7;0;0;0;0;0
4145;344;20161220;18;180;30;30;50;12;-34.0;-2;0;0;0;0;10214;58;0;90;10.0;7;0;0;0;0;0
4146;344;20161220;19;180;30;30;50;5;;-6;0;0;0;0;10214;57;0;91;10.0;7;0;0;0;0;0
4147;344;20161220;20;190;30;40;60;11;;-1;0;0;0;0;10215;57;0;91;10.0;7;0;0;0;0;0
4148;344;20161220;21;200;40;40;60;13;;1;0;0;0;0;10216;56;0;92;10.0;7;0;0;0;0;0
4149;344;20161220;22;200;30;30;50;15;;7;0;0;0;0;10216;50;4;93;10.0;7;0;0;0;0;0
4150;344;20161220;23;190;40;40;60;21;;11;0;0;0;0;10218;50;0;93;10.0;7;0;0;0;0;0
4151;344;20161220;24;200;40;40;60;19;-13.0;11;0;0;0;0;10221;50;0;94;10.0;7;0;0;0;0;0
4152;344;20161221;1;200;50;50;70;20;;11;0;0;0;0;10220;50;0;93;10.0;7;0;0;0;0;0
4153;344;20161221;2;190;50;50;80;21;;9;0;0;0;0;10222;57;0;91;10.0;7;0;0;0;0;0
4154;344;20161221;3;200;60;60;90;19;;7;0;0;0;0;10223;57;1;91;10.0;7;0;0;0;0;0
4155;344;20161221;4;190;50;60;90;23;;9;0;0;0;0;10224;57;6;90;10.0;7;0;0;0;0;0
4156;344;20161221;5;190;60;70;110;27;;10;0;0;0;0;10224;58;8;88;10.0;7;0;0;0;0;0
4157;344;20161221;6;190;70;70;120;31;9.0;12;0;0;0;0;10220;58;8;87;10.0;7;0;0;0;0;0
4158;344;20161221;7;190;70;70;120;33;;13;0;0;0;0;10222;60;8;86;;5;0;0;0;0;0
4159;344;20161221;8;190;70;80;130;34;;13;0;1;0;0;10228;61;8;85;;5;0;0;0;0;0
4160;344;20161221;9;190;80;80;130;39;;17;0;7;0;0;10232;60;8;85;;5;0;0;0;0;0
4161;344;20161221;10;190;80;80;120;45;;22;3;29;0;0;10231;62;8;84;;5;0;0;0;0;0
4162;344;20161221;11;190;80;80;120;56;;28;3;48;0;0;10230;63;8;82;;5;0;0;0;0;0
4163;344;20161221;12;190;80;80;130;59;25.0;30;2;48;0;0;10228;64;8;81;;5;0;0;0;0;0
4164;344;20161221;13;200;70;70;130;61;;38;0;28;0;0;10229;58;8;85;10.0;7;0;0;0;0;0
4165;344;20161221;14;190;70;70;120;66;;38;0;17;0;0;10227;67;8;82;;5;0;0;0;0;0
4166;344;20161221;15;190;70;70;110;69;;41;0;8;0;0;10226;67;8;82;;5;0;0;0;0;0
4167;344;20161221;16;190;70;80;130;61;;43;0;1;2;2;10229;41;8;88;81.0;7;0;1;0;0;0
4168;344;20161221;17;200;70;70;120;65;;39;0;0;3;1;10231;67;8;83;23.0;7;0;1;0;0;0
4169;344;20161221;18;200;70;70;120;60;57.0;50;0;0;4;3;10234;58;8;92;52.0;7;0;1;0;0;0
4170;344;20161221;19;200;70;70;100;62;;53;0;0;8;8;10238;50;8;94;81.0;7;0;1;0;0;0
4171;344;20161221;20;200;60;60;110;61;;54;0;0;10;13;10242;56;8;94;61.0;7;0;1;0;0;0
4172;344;20161221;21;200;70;70;120;60;;53;0;0;10;8;10243;57;8;94;61.0;7;0;1;0;0;0
4173;344;20161221;22;200;60;60;100;60;;53;0;0;9;4;10246;56;8;95;61.0;7;0;1;0;0;0
4174;344;20161221;23;190;60;60;100;58;;53;0;0;8;2;10244;56;8;96;51.0;7;0;1;0;0;0
4175;344;20161221;24;200;60;60;100;59;57.0;53;0;0;8;3;10245;57;8;95;52.0;7;0;1;0;0;0
4176;344;20161222;1;180;50;60;80;58;;53;0;0;9;5;10240;50;8;96;52.0;7;0;1;0;0;0
4177;344;20161222;2;200;40;30;90;60;;55;0;0;5;1;10246;57;8;97;51.0;7;0;1;0;0;0
4178;344;20161222;3;170;40;40;60;59;;54;0;0;5;1;10245;50;8;96;52.0;7;0;1;0;0;0
4179;344;20161222;4;170;50;70;90;58;;53;0;0;6;2;10237;50;8;96;81.0;7;0;1;0;0;0
4180;344;20161222;5;230;60;40;90;59;;56;0;0;0;-1;10250;57;8;97;23.0;7;0;1;0;0;0
4181;344;20161222;6;200;40;40;60;62;56.0;56;0;0;0;0;10250;50;8;96;10.0;7;0;0;0;0;0
4182;344;20161222;7;210;50;40;90;62;;59;0;0;0;0;10254;42;8;97;10.0;7;0;0;0;0;0
4183;344;20161222;8;200;30;30;60;64;;60;0;1;0;0;10258;56;8;97;10.0;7;0;0;0;0;0
4184;344;20161222;9;200;30;40;60;64;;59;0;7;0;0;10266;42;8;97;10.0;7;0;0;0;0;0
4185;344;20161222;10;190;40;40;70;64;;60;0;22;0;0;10271;44;8;97;10.0;7;0;0;0;0;0
4186;344;20161222;11;190;40;40;60;67;;64;0;27;0;0;10274;40;8;97;10.0;7;0;0;0;0;0
4187;344;20161222;12;200;40;40;80;66;60.0;64;0;13;0;0;10274;24;8;98;10.0;7;0;0;0;0;0
4188;344;20161222;13;230;40;40;70;72;;69;0;19;0;0;10276;23;8;98;10.0;7;0;0;0;0;0
4189;344;20161222;14;230;40;40;70;72;;69;0;15;0;0;10279;39;8;98;10.0;7;0;0;0;0;0
4190;344;20161222;15;230;30;30;60;75;;68;2;11;0;0;10281;57;8;94;10.0;7;0;0;0;0;0
4191;344;20161222;16;240;30;20;50;55;;51;0;2;0;0;10284;50;8;97;10.0;7;0;0;0;0;0
4192;344;20161222;17;220;40;40;70;57;;50;0;0;0;0;10290;56;2;95;10.0;7;0;0;0;0;0
4193;344;20161222;18;200;30;40;90;53;34.0;49;0;0;0;0;10295;46;6;97;10.0;7;0;0;0;0;0
4194;344;20161222;19;220;40;40;70;48;;45;0;0;0;0;10304;39;1;97;10.0;7;0;0;0;0;0
4195;344;20161222;20;220;50;50;80;52;;46;0;0;0;0;10307;50;0;95;10.0;7;0;0;0;0;0
4196;344;20161222;21;200;50;50;80;54;;47;0;0;0;0;10302;49;3;95;10.0;7;0;0;0;0;0
4197;344;20161222;22;200;60;50;90;54;;48;0;0;0;0;10302;34;0;95;10.0;7;0;0;0;0;0
4198;344;20161222;23;210;40;40;70;51;;43;0;0;0;0;10308;50;0;94;10.0;7;0;0;0;0;0
4199;344;20161222;24;210;50;50;80;60;32.0;43;0;0;0;0;10310;59;0;89;10.0;7;0;0;0;0;0
4200;344;20161223;1;230;40;40;80;49;;38;0;0;0;0;10316;59;3;92;10.0;7;0;0;0;0;0
4201;344;20161223;2;200;40;40;70;53;;43;0;0;0;0;10318;60;5;93;;5;0;0;0;0;0
4202;344;20161223;3;200;30;30;50;45;;38;0;0;0;0;10317;59;8;95;10.0;7;0;0;0;0;0
4203;344;20161223;4;200;30;40;50;49;;41;0;0;0;0;10316;59;8;94;10.0;7;0;0;0;0;0
4204;344;20161223;5;210;40;50;70;51;;43;0;0;0;0;10320;58;8;95;10.0;7;0;0;0;0;0
4205;344;20161223;6;190;40;40;70;51;35.0;44;0;0;0;0;10317;58;8;95;10.0;7;0;0;0;0;0
4206;344;20161223;7;210;50;50;80;61;;57;0;0;0;0;10317;29;8;97;10.0;7;0;0;0;0;0
4207;344;20161223;8;210;50;50;80;65;;63;0;1;0;0;10317;27;8;98;10.0;7;0;0;0;0;0
4208;344;20161223;9;190;50;50;80;63;;59;0;7;0;0;10317;41;8;97;10.0;7;0;0;0;0;0
4209;344;20161223;10;190;50;50;80;68;;65;0;12;0;0;10316;36;8;97;10.0;7;0;0;0;0;0
4210;344;20161223;11;190;60;60;100;67;;58;0;32;0;0;10308;60;8;93;;5;0;0;0;0;0
4211;344;20161223;12;200;60;60;100;75;45.0;54;0;36;0;0;10296;67;8;86;;5;0;0;0;0;0
4212;344;20161223;13;190;60;60;100;73;;53;0;37;0;0;10289;68;8;86;;5;0;0;0;0;0
4213;344;20161223;14;200;70;70;120;74;;48;7;37;0;0;10280;70;8;83;;5;0;0;0;0;0
4214;344;20161223;15;200;80;80;140;73;;45;8;21;0;0;10270;70;8;82;;5;0;0;0;0;0
4215;344;20161223;16;190;80;80;120;69;;41;0;2;0;0;10261;70;8;82;;5;0;0;0;0;0
4216;344;20161223;17;190;90;90;140;66;;37;0;0;0;0;10251;70;8;82;;5;0;0;0;0;0
4217;344;20161223;18;200;100;90;170;57;53.0;35;0;0;0;0;10241;68;8;85;;5;0;0;0;0;0
4218;344;20161223;19;190;100;110;170;56;;36;0;0;0;0;10232;61;8;87;;5;0;0;0;0;0
4219;344;20161223;20;190;100;100;170;60;;39;0;0;0;0;10224;61;8;86;;5;0;0;0;0;0
4220;344;20161223;21;200;100;110;170;63;;44;0;0;0;-1;10218;56;8;87;51.0;7;0;1;0;0;0
4221;344;20161223;22;210;100;110;160;68;;56;0;0;8;5;10214;58;8;92;23.0;7;0;1;0;0;0
4222;344;20161223;23;210;100;100;160;72;;61;0;0;1;1;10213;58;8;92;23.0;7;0;1;0;0;0
4223;344;20161223;24;240;90;90;160;82;51.0;68;0;0;0;-1;10218;65;8;91;51.0;7;0;1;0;0;0
4224;344;20161224;1;240;90;80;160;78;;65;0;0;0;-1;10219;69;4;91;22.0;7;0;1;0;0;0
4225;344;20161224;2;240;70;60;120;74;;64;0;0;0;0;10226;66;0;93;;5;0;0;0;0;0
4226;344;20161224;3;230;50;50;80;69;;56;0;0;0;0;10229;66;0;91;2.0;7;0;0;0;0;0
4227;344;20161224;4;240;50;50;80;72;;54;0;0;0;0;10229;64;5;88;;5;0;0;0;0;0
4228;344;20161224;5;240;60;60;90;79;;58;0;0;0;0;10231;65;8;86;;5;0;0;0;0;0
4229;344;20161224;6;260;60;60;90;79;57.0;47;0;0;0;0;10236;65;8;80;2.0;7;0;0;0;0;0
4230;344;20161224;7;260;60;60;90;82;;48;0;0;0;0;10230;65;8;79;;5;0;0;0;0;0
4231;344;20161224;8;250;60;60;100;73;;38;0;0;0;0;10238;64;1;78;;5;0;0;0;0;0
4232;344;20161224;9;250;60;60;100;79;;36;7;14;0;0;10245;64;7;74;;5;0;0;0;0;0
4233;344;20161224;10;250;70;70;120;80;;38;0;23;0;0;10245;64;8;74;;5;0;0;0;0;0
4234;344;20161224;11;250;70;70;110;90;;48;3;51;0;0;10245;63;8;74;;5;0;0;0;0;0
4235;344;20161224;12;250;90;80;150;84;60.0;50;2;48;0;0;10243;62;8;79;;5;0;0;0;0;0
4236;344;20161224;13;250;80;80;130;85;;50;0;40;0;0;10242;61;8;78;;5;0;0;0;0;0
4237;344;20161224;14;240;80;80;120;85;;49;0;21;0;0;10240;62;8;77;;5;0;0;0;0;0
4238;344;20161224;15;240;80;80;130;82;;51;0;10;0;0;10240;61;8;80;;5;0;0;0;0;0
4239;344;20161224;16;250;80;80;130;86;;53;0;1;0;0;10243;61;8;79;;5;0;0;0;0;0
4240;344;20161224;17;250;80;80;130;82;;52;0;0;0;0;10242;61;8;81;;5;0;0;0;0;0
4241;344;20161224;18;250;80;100;140;90;75.0;52;0;0;0;0;10243;63;8;77;;5;0;0;0;0;0
4242;344;20161224;19;250;90;90;150;92;;55;0;0;0;0;10244;63;8;77;;5;0;0;0;0;0
4243;344;20161224;20;250;90;90;150;95;;56;0;0;0;0;10245;64;8;76;;5;0;0;0;0;0
4244;344;20161224;21;250;90;100;150;93;;60;0;0;0;-1;10245;62;8;80;51.0;7;0;1;0;0;0
4245;344;20161224;22;240;80;80;140;87;;66;0;0;9;2;10245;61;8;86;81.0;7;0;1;0;0;0
4246;344;20161224;23;240;80;90;130;87;;66;0;0;7;1;10241;62;8;86;52.0;7;0;1;0;0;0
4247;344;20161224;24;240;90;100;160;92;81.0;66;0;0;0;-1;10239;63;7;84;22.0;7;0;1;0;0;0
4248;344;20161225;1;240;90;90;140;89;;70;0;0;6;2;10240;61;8;88;57.0;7;0;1;0;0;0
4249;344;20161225;2;240;80;80;130;89;;70;0;0;6;2;10235;62;7;88;51.0;7;0;1;0;0;0
4250;344;20161225;3;230;90;80;150;92;;70;0;0;0;-1;10226;63;8;86;23.0;7;0;1;0;0;0
4251;344;20161225;4;230;90;90;130;95;;76;0;0;3;1;10220;62;8;87;81.0;7;0;1;0;0;0
4252;344;20161225;5;230;90;100;150;97;;79;0;0;0;-1;10217;60;8;88;23.0;7;0;1;0;0;0
4253;344;20161225;6;240;90;90;140;97;82.0;79;0;0;0;0;10221;60;8;88;2.0;7;0;0;0;0;0
4254;344;20161225;7;240;90;90;140;98;;81;0;0;0;0;10220;58;8;89;10.0;7;0;0;0;0;0
4255;344;20161225;8;240;90;90;140;100;;83;0;1;0;0;10220;58;8;89;10.0;7;0;0;0;0;0
4256;344;20161225;9;240;90;100;150;101;;85;0;4;0;0;10223;58;8;89;10.0;7;0;0;0;0;0
4257;344;20161225;10;240;90;90;150;106;;88;0;12;0;0;10227;59;8;88;10.0;7;0;0;0;0;0
4258;344;20161225;11;240;100;80;160;108;;91;0;19;0;0;10226;60;8;88;;5;0;0;0;0;0
4259;344;20161225;12;230;100;100;160;108;93.0;92;0;18;0;0;10224;60;8;89;;5;0;0;0;0;0
4260;344;20161225;13;230;100;100;150;108;;96;0;15;0;0;10221;65;8;91;;5;0;0;0;0;0
4261;344;20161225;14;230;90;100;140;112;;96;0;10;0;0;10220;70;8;90;;5;0;0;0;0;0
4262;344;20161225;15;230;90;90;150;113;;96;0;5;0;0;10223;64;8;89;;5;0;0;0;0;0
4263;344;20161225;16;230;90;100;150;113;;96;0;1;0;0;10225;70;8;89;;5;0;0;0;0;0
4264;344;20161225;17;230;90;90;130;114;;99;0;0;0;0;10224;70;8;90;;5;0;0;0;0;0
4265;344;20161225;18;230;90;90;140;116;106.0;97;0;0;0;0;10220;70;8;88;;5;0;0;0;0;0
4266;344;20161225;19;230;100;100;150;108;;94;0;0;0;0;10220;70;6;90;;5;0;0;0;0;0
4267;344;20161225;20;240;100;100;150;113;;96;0;0;0;0;10223;70;8;89;;5;0;0;0;0;0
4268;344;20161225;21;230;100;90;160;108;;94;0;0;0;0;10224;65;7;91;;5;0;0;0;0;0
4269;344;20161225;22;230;100;110;170;112;;96;0;0;0;0;10223;70;8;89;;5;0;0;0;0;0
4270;344;20161225;23;240;110;100;170;115;;98;0;0;0;0;10224;70;8;89;;5;0;0;0;0;0
4271;344;20161225;24;240;110;110;160;116;101.0;97;0;0;0;0;10222;70;8;88;;5;0;0;0;0;0
4272;344;20161226;1;240;110;110;180;116;;101;0;0;0;0;10218;70;8;90;;5;0;0;0;0;0
4273;344;20161226;2;240;110;110;180;116;;99;0;0;0;0;10215;70;8;89;;5;0;0;0;0;0
4274;344;20161226;3;230;110;100;180;112;;97;0;0;0;0;10212;70;8;90;;5;0;0;0;0;0
4275;344;20161226;4;240;110;100;170;113;;96;0;0;0;0;10210;70;8;88;;5;0;0;0;0;0
4276;344;20161226;5;240;100;100;170;111;;91;0;0;0;-1;10212;58;8;87;81.0;7;0;1;0;0;0
4277;344;20161226;6;280;80;50;160;76;74.0;66;0;0;9;10;10231;65;8;93;23.0;7;0;1;0;0;0
4278;344;20161226;7;260;40;40;80;79;;59;0;0;0;-1;10235;70;6;87;22.0;7;0;1;0;0;0
4279;344;20161226;8;270;50;50;90;85;;58;0;0;0;0;10245;70;8;82;;5;0;0;0;0;0
4280;344;20161226;9;270;50;60;90;84;;52;0;5;0;0;10259;75;7;80;1.0;7;0;0;0;0;0
4281;344;20161226;10;270;70;70;140;90;;46;5;28;0;0;10270;75;6;73;;5;0;0;0;0;0
4282;344;20161226;11;270;80;90;150;89;;41;8;59;0;0;10276;73;3;71;;5;0;0;0;0;0
4283;344;20161226;12;280;90;90;150;83;73.0;20;10;76;0;0;10284;74;0;64;1.0;7;0;0;0;0;0
4284;344;20161226;13;280;90;80;150;83;;15;10;76;0;0;10293;71;0;62;;5;0;0;0;0;0
4285;344;20161226;14;290;90;90;140;81;;20;10;59;0;0;10301;72;6;65;;5;0;0;0;0;0
4286;344;20161226;15;290;90;90;150;72;;7;7;19;0;0;10311;78;7;63;;5;0;0;0;0;0
4287;344;20161226;16;290;70;60;130;67;;8;0;2;0;0;10322;75;3;65;;5;0;0;0;0;0
4288;344;20161226;17;290;70;80;120;67;;5;0;0;0;0;10328;75;6;64;;5;0;0;0;0;0
4289;344;20161226;18;290;70;70;130;64;50.0;5;0;0;0;0;10333;75;1;65;;5;0;0;0;0;0
4290;344;20161226;19;280;70;70;110;64;;9;0;0;0;0;10334;74;0;67;;5;0;0;0;0;0
4291;344;20161226;20;280;60;60;110;64;;9;0;0;0;0;10340;73;0;67;;5;0;0;0;0;0
4292;344;20161226;21;280;70;60;130;65;;12;0;0;0;0;10346;74;0;68;;5;0;0;0;0;0
4293;344;20161226;22;280;70;70;120;66;;17;0;0;0;0;10351;72;0;70;;5;0;0;0;0;0
4294;344;20161226;23;290;70;80;120;67;;19;0;0;0;0;10353;69;0;71;;5;0;0;0;0;0
4295;344;20161226;24;280;70;70;120;63;46.0;23;0;0;0;0;10356;68;0;75;;5;0;0;0;0;0
4296;344;20161227;1;290;70;70;130;64;;27;0;0;0;0;10360;67;0;77;;5;0;0;0;0;0
4297;344;20161227;2;290;70;60;120;63;;28;0;0;0;0;10367;66;7;78;;5;0;0;0;0;0
4298;344;20161227;3;290;60;60;110;61;;30;0;0;0;0;10371;66;0;80;;5;0;0;0;0;0
4299;344;20161227;4;300;60;70;100;62;;36;0;0;0;0;10374;65;6;83;;5;0;0;0;0;0
4300;344;20161227;5;300;60;60;100;65;;35;0;0;0;0;10381;64;0;81;;5;0;0;0;0;0
4301;344;20161227;6;320;50;50;100;64;39.0;32;0;0;0;0;10386;65;0;80;;5;0;0;0;0;0
4302;344;20161227;7;320;40;40;80;57;;31;0;0;0;0;10393;65;0;83;;5;0;0;0;0;0
4303;344;20161227;8;270;30;20;60;42;;25;0;0;0;0;10399;63;1;88;;5;0;0;0;0;0
4304;344;20161227;9;230;20;20;30;27;;18;5;11;0;0;10411;61;2;94;;5;0;0;0;0;0
4305;344;20161227;10;260;20;20;40;77;;54;10;38;0;0;10419;60;4;85;;5;0;0;0;0;0
4306;344;20161227;11;270;30;30;50;90;;61;10;61;0;0;10422;60;0;81;;5;0;0;0;0;0
4307;344;20161227;12;290;40;60;80;89;-2.0;61;2;53;0;0;10423;63;6;82;;5;0;0;0;0;0
4308;344;20161227;13;300;50;50;80;93;;60;8;66;0;0;10425;65;0;79;;5;0;0;0;0;0
4309;344;20161227;14;280;40;40;70;88;;57;10;56;0;0;10427;64;1;80;;5;0;0;0;0;0
4310;344;20161227;15;290;40;40;70;77;;56;8;21;0;0;10432;63;8;86;;5;0;0;0;0;0
4311;344;20161227;16;280;30;30;60;49;;37;0;3;0;0;10432;64;1;91;;5;0;0;0;0;0
4312;344;20161227;17;240;20;20;30;25;;20;0;0;0;0;10439;61;1;96;;5;0;0;0;0;0
4313;344;20161227;18;270;20;20;30;35;-17.0;31;0;0;0;0;10441;59;6;97;10.0;7;0;0;0;0;0
4314;344;20161227;19;220;20;10;30;33;;32;0;0;0;0;10447;59;6;98;10.0;7;0;0;0;0;0
4315;344;20161227;20;240;20;20;40;33;;30;0;0;0;0;10447;60;4;97;;5;0;0;0;0;0
4316;344;20161227;21;230;20;20;40;17;;14;0;0;0;0;10448;32;7;98;20.0;7;1;0;0;0;0
4317;344;20161227;22;240;20;20;40;19;;16;0;0;0;0;10450;5;0;98;34.0;7;1;0;0;0;0
4318;344;20161227;23;200;10;10;20;8;;5;0;0;0;0;10452;2;0;98;34.0;7;1;0;0;0;0
4319;344;20161227;24;230;10;10;20;-6;-41.0;-9;0;0;0;0;10449;1;5;98;35.0;7;1;0;0;0;1
4320;344;20161228;1;230;20;20;30;-18;;-20;0;0;0;0;10447;1;7;98;35.0;7;1;0;0;0;1
4321;344;20161228;2;0;10;0;30;-9;;-10;0;0;0;0;10448;0;9;99;35.0;7;1;0;0;0;1
4322;344;20161228;3;150;0;10;20;-15;;-16;0;0;0;0;10446;1;9;99;35.0;7;1;0;0;0;1
4323;344;20161228;4;190;10;10;20;5;;3;0;0;0;0;10446;0;9;99;34.0;7;1;0;0;0;1
4324;344;20161228;5;160;10;20;20;9;;7;0;0;0;0;10447;1;9;98;32.0;7;1;0;0;0;0
4325;344;20161228;6;190;20;20;30;12;-48.0;11;0;0;0;0;10448;1;9;99;33.0;7;1;0;0;0;0
4326;344;20161228;7;180;20;30;70;17;;15;0;0;0;0;10452;1;9;98;33.0;7;1;0;0;0;0
4327;344;20161228;8;200;30;30;40;19;;17;0;1;0;0;10453;1;9;98;33.0;7;1;0;0;0;0
4328;344;20161228;9;190;30;30;50;18;;16;0;6;0;0;10455;1;9;99;33.0;7;1;0;0;0;0
4329;344;20161228;10;200;30;40;50;21;;20;0;20;0;0;10452;1;9;98;33.0;7;1;0;0;0;0
4330;344;20161228;11;180;30;20;50;26;;24;0;26;0;0;10450;2;9;98;32.0;7;1;0;0;0;0
4331;344;20161228;12;200;30;30;40;34;7.0;32;0;30;0;0;10445;3;9;98;32.0;7;1;0;0;0;0
4332;344;20161228;13;170;20;20;40;45;;44;0;23;0;0;10444;56;8;98;20.0;7;1;0;0;0;0
4333;344;20161228;14;180;10;10;30;46;;38;0;16;0;0;10440;59;8;94;10.0;7;0;0;0;0;0
4334;344;20161228;15;220;10;20;30;41;;32;0;11;0;0;10441;57;8;93;10.0;7;0;0;0;0;0
4335;344;20161228;16;170;20;20;40;36;;26;0;2;0;0;10441;50;8;93;10.0;7;0;0;0;0;0
4336;344;20161228;17;170;30;20;40;30;;21;0;0;0;0;10440;50;8;93;10.0;7;0;0;0;0;0
4337;344;20161228;18;160;30;30;40;25;25.0;18;0;0;0;0;10438;50;8;94;10.0;7;0;0;0;0;0
4338;344;20161228;19;120;40;40;80;19;;15;0;0;0;0;10438;35;8;97;10.0;7;0;0;0;0;0
4339;344;20161228;20;160;40;50;90;22;;15;0;0;0;0;10438;33;8;95;10.0;7;0;0;0;0;0
4340;344;20161228;21;150;40;40;70;17;;6;0;0;0;0;10434;38;5;92;10.0;7;0;0;0;0;0
4341;344;20161228;22;150;30;40;60;15;;7;0;0;0;0;10431;38;8;94;10.0;7;0;0;0;0;0
4342;344;20161228;23;180;40;30;70;13;;9;0;0;0;0;10426;20;8;97;10.0;7;0;0;0;0;0
4343;344;20161228;24;180;30;40;50;13;-2.0;12;0;0;0;0;10423;12;8;98;10.0;7;0;0;0;0;0
4344;344;20161229;1;160;30;20;50;8;;7;0;0;0;0;10420;12;8;98;10.0;7;0;0;0;0;0
4345;344;20161229;2;150;20;20;40;11;;10;0;0;0;0;10419;16;8;98;20.0;7;1;0;0;0;0
4346;344;20161229;3;150;20;30;40;11;;9;0;0;0;0;10413;11;8;98;10.0;7;0;0;0;0;0
4347;344;20161229;4;140;20;30;40;6;;5;0;0;0;0;10409;16;8;98;20.0;7;1;0;0;0;0
4348;344;20161229;5;180;30;30;40;0;;-2;0;0;0;0;10407;10;8;98;10.0;7;0;0;0;0;0
4349;344;20161229;6;160;20;20;40;-2;-6.0;-4;0;0;0;0;10406;13;8;98;10.0;7;0;0;0;0;0
4350;344;20161229;7;180;30;30;80;-4;;-6;0;0;0;0;10404;9;8;98;35.0;7;1;0;0;0;1
4351;344;20161229;8;130;30;30;60;-9;;-11;0;1;0;0;10405;3;9;98;35.0;7;1;0;0;0;1
4352;344;20161229;9;170;30;30;50;-8;;-9;0;4;0;0;10404;5;9;98;35.0;7;1;0;0;0;1
4353;344;20161229;10;140;30;30;50;-10;;-12;0;14;0;0;10402;5;9;98;35.0;7;1;0;0;0;1
4354;344;20161229;11;190;30;30;60;-7;;-9;0;19;0;0;10403;3;9;98;35.0;7;1;0;0;0;1
4355;344;20161229;12;180;30;30;90;-5;-7.0;-7;0;27;0;0;10395;16;8;98;20.0;7;1;0;0;0;1
4356;344;20161229;13;190;30;30;60;0;;-1;0;30;0;0;10391;20;8;98;10.0;7;0;0;0;0;0
4357;344;20161229;14;180;30;30;50;2;;-2;0;23;0;0;10388;27;8;96;10.0;7;0;0;0;0;0
4358;344;20161229;15;180;30;30;50;2;;-1;8;16;0;0;10385;24;8;98;10.0;7;0;0;0;0;0
4359;344;20161229;16;180;20;20;40;-2;;-5;0;3;0;0;10385;18;7;98;10.0;7;0;0;0;0;0
4360;344;20161229;17;200;20;20;70;-7;;-9;0;0;0;0;10385;15;7;98;10.0;7;0;0;0;0;0
4361;344;20161229;18;160;20;30;70;-4;-14.0;-7;0;0;0;0;10385;18;7;97;10.0;7;0;0;0;0;0
4362;344;20161229;19;160;30;30;50;-9;;-10;0;0;0;0;10378;2;9;98;35.0;7;1;0;0;0;1
4363;344;20161229;20;220;20;10;70;-15;;-16;0;0;0;0;10382;12;6;98;20.0;7;1;0;0;0;1
4364;344;20161229;21;170;10;20;40;-14;;-16;0;0;0;0;10380;2;9;98;35.0;7;1;0;0;0;1
4365;344;20161229;22;160;30;30;40;-15;;-17;0;0;0;0;10378;2;9;98;35.0;7;1;0;0;0;1
4366;344;20161229;23;190;20;30;40;-14;;-16;0;0;0;0;10381;2;9;98;35.0;7;1;0;0;0;1
4367;344;20161229;24;180;30;30;40;-16;-27.0;-18;0;0;0;0;10377;2;9;98;35.0;7;1;0;0;0;1
4368;344;20161230;1;170;30;30;40;-15;;-17;0;0;0;0;10377;2;9;98;35.0;7;1;0;0;0;1
4369;344;20161230;2;180;30;30;40;-14;;-15;0;0;0;0;10373;3;9;98;35.0;7;1;0;0;0;1
4370;344;20161230;3;200;30;20;40;-14;;-16;0;0;0;0;10372;6;9;98;35.0;7;1;0;0;0;1
4371;344;20161230;4;210;20;30;40;-13;;-14;0;0;0;0;10373;2;9;98;35.0;7;1;0;0;0;1
4372;344;20161230;5;220;20;20;40;-8;;-9;0;0;0;0;10374;2;9;98;35.0;7;1;0;0;0;1
4373;344;20161230;6;200;20;30;40;-4;-17.0;-5;0;0;0;0;10372;5;9;98;35.0;7;1;0;0;0;1
4374;344;20161230;7;180;40;50;60;-8;;-9;0;0;0;0;10368;6;9;98;35.0;7;1;0;0;0;1
4375;344;20161230;8;200;40;40;60;-6;;-8;0;1;0;0;10368;8;9;98;35.0;7;1;0;0;0;1
4376;344;20161230;9;200;40;40;60;-6;;-7;0;6;0;0;10372;9;9;98;35.0;7;1;0;0;0;1
4377;344;20161230;10;260;30;20;50;-1;;-2;0;18;0;-1;10375;24;7;98;22.0;7;1;0;1;0;1
4378;344;20161230;11;250;20;20;40;10;;9;3;47;0;0;10370;24;0;98;10.0;7;0;0;0;0;0
4379;344;20161230;12;210;20;30;50;31;-8.0;15;10;79;0;0;10364;59;0;88;10.0;7;0;0;0;0;0
4380;344;20161230;13;250;40;40;60;24;;13;7;67;0;0;10363;46;8;92;10.0;7;0;0;0;0;0
4381;344;20161230;14;230;40;40;60;30;;24;2;24;0;0;10361;39;8;95;10.0;7;0;0;0;0;0
4382;344;20161230;15;210;40;40;60;37;;27;0;12;0;0;10359;50;8;92;10.0;7;0;0;0;0;0
4383;344;20161230;16;220;40;30;50;41;;29;0;3;0;0;10358;57;8;92;10.0;7;0;0;0;0;0
4384;344;20161230;17;190;30;30;60;34;;25;0;0;0;0;10355;50;8;93;10.0;7;0;0;0;0;0
4385;344;20161230;18;180;40;40;70;28;25.0;20;0;0;0;0;10351;36;8;94;10.0;7;0;0;0;0;0
4386;344;20161230;19;230;40;50;70;25;;19;0;0;0;0;10354;31;8;95;10.0;7;0;0;0;0;0
4387;344;20161230;20;250;40;30;70;24;;20;0;0;0;0;10356;30;8;97;10.0;7;0;0;0;0;0
4388;344;20161230;21;220;40;40;70;26;;20;0;0;0;0;10354;37;8;95;10.0;7;0;0;0;0;0
4389;344;20161230;22;210;30;40;70;34;;27;0;0;0;0;10350;41;8;95;10.0;7;0;0;0;0;0
4390;344;20161230;23;200;40;40;60;34;;28;0;0;0;0;10347;33;8;95;10.0;7;0;0;0;0;0
4391;344;20161230;24;180;40;40;60;31;22.0;26;0;0;0;0;10343;27;8;96;10.0;7;0;0;0;0;0
4392;344;20161231;1;190;40;50;60;29;;26;0;0;0;0;10340;12;8;98;10.0;7;0;0;0;0;0
4393;344;20161231;2;190;40;40;70;28;;26;0;0;0;0;10339;5;9;99;34.0;7;1;0;0;0;0
4394;344;20161231;3;200;40;40;60;28;;27;0;0;0;0;10336;8;9;99;32.0;7;1;0;0;0;0
4395;344;20161231;4;200;40;50;60;22;;21;0;0;0;0;10334;8;9;98;33.0;7;1;0;0;0;0
4396;344;20161231;5;190;40;40;60;17;;16;0;0;0;0;10331;6;9;98;34.0;7;1;0;0;0;0
4397;344;20161231;6;190;50;40;60;18;18.0;17;0;0;0;0;10330;6;9;99;33.0;7;1;0;0;0;0
4398;344;20161231;7;190;40;40;80;21;;20;0;0;0;0;10326;3;9;98;34.0;7;1;0;0;0;0
4399;344;20161231;8;190;40;40;80;22;;20;0;1;0;0;10326;3;9;98;33.0;7;1;0;0;0;0
4400;344;20161231;9;200;40;40;70;20;;19;0;3;0;0;10327;3;9;98;33.0;7;1;0;0;0;0
4401;344;20161231;10;190;40;30;50;23;;22;0;11;0;0;10324;5;9;99;32.0;7;1;0;0;0;0
4402;344;20161231;11;210;40;40;70;28;;27;0;18;0;0;10320;15;8;98;20.0;7;1;0;0;0;0
4403;344;20161231;12;200;40;40;60;35;19.0;34;0;23;0;0;10311;25;8;98;10.0;7;0;0;0;0;0
4404;344;20161231;13;200;40;40;60;36;;34;0;22;0;0;10304;24;8;98;10.0;7;0;0;0;0;0
4405;344;20161231;14;210;40;40;60;41;;38;0;15;0;0;10300;26;8;98;10.0;7;0;0;0;0;0
4406;344;20161231;15;190;40;40;60;37;;35;0;8;0;0;10293;19;8;98;10.0;7;0;0;0;0;0
4407;344;20161231;16;200;40;40;70;31;;30;0;2;0;0;10291;12;7;98;10.0;7;0;0;0;0;0
4408;344;20161231;17;210;50;50;70;28;;27;0;0;0;0;10288;11;8;98;10.0;7;0;0;0;0;0
4409;344;20161231;18;200;50;40;80;25;26.0;24;0;0;0;0;10282;6;9;98;34.0;7;1;0;0;0;0
4410;344;20161231;19;200;50;50;80;23;;22;0;0;0;0;10275;5;9;98;34.0;7;1;0;0;0;0
4411;344;20161231;20;200;40;40;80;22;;20;0;0;0;0;10269;8;9;98;32.0;7;1;0;0;0;0
4412;344;20161231;21;200;40;40;80;16;;14;0;0;0;0;10265;3;9;98;34.0;7;1;0;0;0;0
4413;344;20161231;22;200;50;60;80;16;;14;0;0;2;1;10257;4;9;98;81.0;7;1;1;0;0;0
4414;344;20161231;23;200;50;50;80;16;;14;0;0;8;6;10250;9;9;99;52.0;7;1;1;0;0;0
4415;344;20161231;24;190;50;50;80;17;16.0;16;0;0;0;-1;10242;1;9;98;34.0;7;1;1;0;0;0
