;STN;YYYYMMDD;HH;DD;FH;FF;FX;T;T10N;TD;SQ;Q;DR;RH;P;VV;N;U;WW;IX;M;R;S;O;Y
0;240;20180701;1;80;70;80;110;180;;59;0;0;0;0;10160;83;0;45;;5;0;0;0;0;0
1;240;20180701;2;80;60;60;100;175;;56;0;0;0;0;10160;83;0;45;;5;0;0;0;0;0
2;240;20180701;3;90;60;70;90;168;;54;0;0;0;0;10162;83;0;46;;5;0;0;0;0;0
3;240;20180701;4;90;60;60;100;169;;53;0;4;0;0;10164;83;0;46;;5;0;0;0;0;0
4;240;20180701;5;90;70;70;100;176;;58;10;32;0;0;10164;83;0;45;;5;0;0;0;0;0
5;240;20180701;6;90;70;70;100;189;140.0;59;10;81;0;0;10167;83;0;42;;5;0;0;0;0;0
6;240;20180701;7;100;70;60;100;203;;70;10;143;0;0;10169;81;0;41;;5;0;0;0;0;0
7;240;20180701;8;100;70;80;110;217;;66;10;194;0;0;10170;81;0;37;;5;0;0;0;0;0
8;240;20180701;9;110;80;90;120;233;;67;10;250;0;0;10169;81;0;34;;5;0;0;0;0;0
9;240;20180701;10;100;90;100;150;245;;62;10;293;0;0;10168;81;0;30;;5;0;0;0;0;0
10;240;20180701;11;100;90;90;140;251;;55;10;321;0;0;10167;81;0;28;;5;0;0;0;0;0
11;240;20180701;12;120;80;80;130;257;180.0;53;10;333;0;0;10168;80;0;27;;5;0;0;0;0;0
12;240;20180701;13;100;70;80;120;262;;57;10;326;0;0;10163;80;0;27;;5;0;0;0;0;0
13;240;20180701;14;80;80;80;120;265;;52;10;302;0;0;10160;82;0;25;;5;0;0;0;0;0
14;240;20180701;15;110;70;70;120;262;;49;10;266;0;0;10159;80;0;25;;5;0;0;0;0;0
15;240;20180701;16;100;70;60;110;262;;60;10;222;0;0;10154;81;0;27;;5;0;0;0;0;0
16;240;20180701;17;90;70;70;110;252;;47;10;169;0;0;10154;83;0;26;;5;0;0;0;0;0
17;240;20180701;18;90;70;70;110;244;231.0;42;10;109;0;0;10155;83;0;27;;5;0;0;0;0;0
18;240;20180701;19;70;60;60;100;227;;54;10;51;0;0;10155;82;0;32;;5;0;0;0;0;0
19;240;20180701;20;80;60;50;100;212;;56;3;12;0;0;10158;83;0;36;;5;0;0;0;0;0
20;240;20180701;21;70;50;40;90;190;;71;0;0;0;0;10163;83;0;46;;5;0;0;0;0;0
21;240;20180701;22;80;50;50;80;194;;57;0;0;0;0;10167;83;0;40;;5;0;0;0;0;0
22;240;20180701;23;80;50;50;80;188;;50;0;0;0;0;10167;83;0;40;;5;0;0;0;0;0
23;240;20180701;24;80;60;60;90;178;145.0;52;0;0;0;0;10164;83;0;43;;5;0;0;0;0;0
24;240;20180702;1;80;60;60;90;177;;49;0;0;0;0;10160;83;0;42;;5;0;0;0;0;0
25;240;20180702;2;80;50;40;80;152;;53;0;0;0;0;10165;83;0;51;;5;0;0;0;0;0
26;240;20180702;3;70;40;40;60;149;;61;0;0;0;0;10166;83;0;55;;5;0;0;0;0;0
27;240;20180702;4;70;40;50;60;149;;66;0;4;0;0;10169;83;0;57;;5;0;0;0;0;0
28;240;20180702;5;80;50;50;80;164;;66;10;31;0;0;10169;83;0;52;;5;0;0;0;0;0
29;240;20180702;6;70;50;40;80;179;103.0;69;10;84;0;0;10171;83;0;48;;5;0;0;0;0;0
30;240;20180702;7;80;40;40;70;195;;72;10;143;0;0;10173;82;0;44;;5;0;0;0;0;0
31;240;20180702;8;80;50;50;80;217;;77;10;197;0;0;10176;82;0;40;;5;0;0;0;0;0
32;240;20180702;9;70;60;60;100;228;;64;10;249;0;0;10175;82;0;34;;5;0;0;0;0;0
33;240;20180702;10;60;60;70;100;232;;79;10;289;0;0;10176;81;0;37;;5;0;0;0;0;0
34;240;20180702;11;60;70;70;100;245;;57;10;317;0;0;10174;80;0;29;;5;0;0;0;0;0
35;240;20180702;12;50;70;60;110;252;167.0;79;10;331;0;0;10174;81;0;33;;5;0;0;0;0;0
36;240;20180702;13;40;70;70;110;250;;73;10;323;0;0;10174;80;0;32;;5;0;0;0;0;0
37;240;20180702;14;50;70;60;100;248;;71;10;299;0;0;10171;82;0;32;;5;0;0;0;0;0
38;240;20180702;15;40;70;70;100;250;;75;10;263;0;0;10170;81;0;32;;5;0;0;0;0;0
39;240;20180702;16;50;70;80;110;246;;55;10;221;0;0;10168;82;0;29;;5;0;0;0;0;0
40;240;20180702;17;50;80;70;110;243;;55;10;169;0;0;10167;82;0;29;;5;0;0;0;0;0
41;240;20180702;18;50;60;60;100;234;223.0;52;10;111;0;0;10170;82;4;30;;5;0;0;0;0;0
42;240;20180702;19;30;70;80;110;210;;102;10;51;0;0;10174;83;7;49;;5;0;0;0;0;0
43;240;20180702;20;40;80;70;120;195;;98;3;11;0;0;10179;83;6;53;;5;0;0;0;0;0
44;240;20180702;21;40;60;50;110;187;;94;0;0;0;0;10185;83;1;54;;5;0;0;0;0;0
45;240;20180702;22;50;60;70;90;180;;81;0;0;0;0;10187;83;0;52;;5;0;0;0;0;0
46;240;20180702;23;50;60;50;90;172;;99;0;0;0;0;10188;83;4;62;;5;0;0;0;0;0
47;240;20180702;24;60;50;40;80;166;137.0;103;0;0;0;0;10189;80;0;66;;5;0;0;0;0;0
48;240;20180703;1;50;50;50;70;157;;108;0;0;0;0;10188;75;7;72;;5;0;0;0;0;0
49;240;20180703;2;50;40;40;60;157;;117;0;0;0;0;10187;75;5;76;;5;0;0;0;0;0
50;240;20180703;3;50;40;40;70;158;;125;0;0;0;0;10182;75;8;80;;5;0;0;0;0;0
51;240;20180703;4;40;40;40;70;157;;130;0;3;0;0;10181;70;1;84;;5;0;0;0;0;0
52;240;20180703;5;40;40;50;80;167;;141;10;29;0;0;10183;70;0;85;;5;0;0;0;0;0
53;240;20180703;6;50;50;50;90;182;127.0;141;10;77;0;0;10186;75;0;76;;5;0;0;0;0;0
54;240;20180703;7;60;50;50;70;192;;130;10;139;0;0;10188;78;0;67;;5;0;0;0;0;0
55;240;20180703;8;60;50;50;80;204;;132;10;194;0;0;10187;80;0;63;;5;0;0;0;0;0
56;240;20180703;9;50;50;50;70;214;;119;10;245;0;0;10185;81;0;54;;5;0;0;0;0;0
57;240;20180703;10;20;60;70;90;223;;102;10;285;0;0;10183;82;0;46;;5;0;0;0;0;0
58;240;20180703;11;60;60;60;90;228;;96;10;314;0;0;10182;82;0;43;;5;0;0;0;0;0
59;240;20180703;12;60;60;50;90;237;176.0;88;10;328;0;0;10181;81;0;38;;5;0;0;0;0;0
60;240;20180703;13;30;50;50;80;241;;110;10;322;0;0;10178;80;0;43;;5;0;0;0;0;0
61;240;20180703;14;40;50;50;80;242;;109;10;298;0;0;10174;80;0;43;;5;0;0;0;0;0
62;240;20180703;15;20;50;50;80;242;;112;10;261;0;0;10171;83;0;43;;5;0;0;0;0;0
63;240;20180703;16;30;50;50;80;234;;111;10;217;0;0;10170;81;0;46;;5;0;0;0;0;0
64;240;20180703;17;360;50;60;80;223;;109;10;165;0;0;10167;82;4;48;;5;0;0;0;0;0
65;240;20180703;18;30;60;60;90;207;210.0;110;10;107;0;0;10165;82;0;53;;5;0;0;0;0;0
66;240;20180703;19;20;60;50;90;187;;120;10;51;0;0;10167;81;6;64;;5;0;0;0;0;0
67;240;20180703;20;30;50;50;90;172;;123;3;13;0;0;10169;75;6;72;;5;0;0;0;0;0
68;240;20180703;21;20;50;50;80;160;;121;0;0;0;0;10171;75;0;77;;5;0;0;0;0;0
69;240;20180703;22;30;50;40;70;155;;120;0;0;0;0;10170;75;0;79;;5;0;0;0;0;0
70;240;20180703;23;40;40;40;60;153;;121;0;0;0;0;10170;70;4;81;;5;0;0;0;0;0
71;240;20180703;24;30;30;30;60;147;123.0;123;0;0;0;0;10169;70;0;85;;5;0;0;0;0;0
72;240;20180704;1;40;30;30;50;146;;125;0;0;0;0;10166;70;7;86;;5;0;0;0;0;0
73;240;20180704;2;60;40;30;60;146;;124;0;0;0;0;10163;70;8;86;;5;0;0;0;0;0
74;240;20180704;3;40;30;30;50;144;;122;0;0;0;0;10160;70;8;86;;5;0;0;0;0;0
75;240;20180704;4;40;30;30;60;147;;125;0;4;0;0;10157;70;8;86;;5;0;0;0;0;0
76;240;20180704;5;50;40;40;60;155;;128;2;21;0;0;10158;70;8;83;;5;0;0;0;0;0
77;240;20180704;6;50;40;50;60;165;121.0;130;4;55;0;0;10156;74;8;79;;5;0;0;0;0;0
78;240;20180704;7;50;40;40;60;171;;129;5;96;0;0;10156;75;8;76;;5;0;0;0;0;0
79;240;20180704;8;50;40;40;60;188;;130;7;149;0;0;10156;80;0;69;;5;0;0;0;0;0
80;240;20180704;9;50;40;30;70;197;;125;10;228;0;0;10154;74;0;63;;5;0;0;0;0;0
81;240;20180704;10;50;30;30;50;209;;126;10;268;0;0;10152;77;0;59;;5;0;0;0;0;0
82;240;20180704;11;40;30;30;50;221;;121;10;294;0;0;10149;81;2;53;;5;0;0;0;0;0
83;240;20180704;12;10;20;20;70;235;164.0;121;10;307;0;0;10146;80;0;48;;5;0;0;0;0;0
84;240;20180704;13;360;20;30;70;247;;125;10;302;0;0;10145;76;7;46;;5;0;0;0;0;0
85;240;20180704;14;70;20;40;60;238;;135;9;267;0;0;10143;81;1;52;;5;0;0;0;0;0
86;240;20180704;15;80;40;40;60;236;;138;9;239;0;0;10144;81;8;54;;5;0;0;0;0;0
87;240;20180704;16;60;40;40;60;228;;139;10;202;0;0;10141;82;8;57;;5;0;0;0;0;0
88;240;20180704;17;80;40;40;60;227;;134;10;150;0;0;10138;80;8;55;;5;0;0;0;0;0
89;240;20180704;18;20;30;20;50;226;235.0;130;10;98;0;0;10137;82;8;54;;5;0;0;0;0;0
90;240;20180704;19;50;20;30;40;209;;127;10;55;0;0;10137;83;1;59;;5;0;0;0;0;0
91;240;20180704;20;360;30;30;50;190;;130;3;11;0;0;10137;80;0;68;;5;0;0;0;0;0
92;240;20180704;21;20;30;30;50;179;;131;0;0;0;0;10136;75;0;73;;5;0;0;0;0;0
93;240;20180704;22;20;30;30;50;165;;131;0;0;0;0;10142;75;0;80;;5;0;0;0;0;0
94;240;20180704;23;20;20;20;40;158;;132;0;0;0;0;10143;70;0;84;;5;0;0;0;0;0
95;240;20180704;24;10;20;20;40;156;120.0;135;0;0;0;0;10140;70;0;87;;5;0;0;0;0;0
96;240;20180705;1;350;20;30;50;148;;132;0;0;0;0;10140;70;8;89;;5;0;0;0;0;0
97;240;20180705;2;320;20;10;40;140;;128;0;0;0;0;10141;65;0;92;;5;0;0;0;0;0
98;240;20180705;3;300;20;20;30;125;;117;0;0;0;0;10138;63;6;94;;5;0;0;0;0;0
99;240;20180705;4;320;20;10;40;135;;126;0;2;0;0;10137;63;7;93;;5;0;0;0;0;0
100;240;20180705;5;360;10;20;30;155;;131;0;15;0;0;10141;69;8;85;;5;0;0;0;0;0
101;240;20180705;6;20;20;10;60;168;99.0;135;4;58;0;0;10144;71;1;80;;5;0;0;0;0;0
102;240;20180705;7;330;10;10;30;181;;138;8;115;0;0;10147;69;2;75;;5;0;0;0;0;0
103;240;20180705;8;310;20;20;40;189;;126;10;188;0;0;10148;80;1;66;;5;0;0;0;0;0
104;240;20180705;9;320;40;40;70;202;;135;10;234;0;0;10147;80;5;65;;5;0;0;0;0;0
105;240;20180705;10;320;40;40;70;214;;141;10;280;0;0;10147;82;0;62;;5;0;0;0;0;0
106;240;20180705;11;320;40;30;70;216;;138;10;308;0;0;10148;81;2;61;;5;0;0;0;0;0
107;240;20180705;12;320;40;40;80;213;166.0;145;10;317;0;0;10150;80;1;65;;5;0;0;0;0;0
108;240;20180705;13;310;40;40;80;211;;131;10;313;0;0;10152;81;1;60;;5;0;0;0;0;0
109;240;20180705;14;310;50;50;80;207;;143;10;290;0;0;10154;80;0;66;;5;0;0;0;0;0
110;240;20180705;15;310;50;60;100;205;;139;10;256;0;0;10157;80;0;66;;5;0;0;0;0;0
111;240;20180705;16;320;50;50;80;205;;133;10;213;0;0;10158;80;0;63;;5;0;0;0;0;0
112;240;20180705;17;310;50;50;90;199;;135;10;160;0;0;10159;80;0;66;;5;0;0;0;0;0
113;240;20180705;18;330;40;40;70;193;204.0;133;8;97;0;0;10162;80;8;67;;5;0;0;0;0;0
114;240;20180705;19;310;40;40;60;182;;136;10;47;0;0;10164;75;8;74;;5;0;0;0;0;0
115;240;20180705;20;310;30;30;50;164;;134;3;11;0;0;10167;70;1;82;;5;0;0;0;0;0
116;240;20180705;21;310;30;30;40;154;;130;0;0;0;0;10173;70;0;86;;5;0;0;0;0;0
117;240;20180705;22;310;30;20;40;148;;130;0;0;0;0;10176;65;4;89;;5;0;0;0;0;0
118;240;20180705;23;310;30;30;40;146;;132;0;0;0;0;10179;59;2;91;10.0;7;0;0;0;0;0
119;240;20180705;24;300;30;20;40;144;130.0;128;0;0;0;0;10180;64;4;90;;5;0;0;0;0;0
120;240;20180706;1;310;40;40;60;160;;144;0;0;0;0;10183;60;8;90;;5;0;0;0;0;0
121;240;20180706;2;320;40;40;50;164;;144;0;0;0;0;10184;62;8;87;;5;0;0;0;0;0
122;240;20180706;3;340;40;40;60;158;;133;0;0;0;0;10186;68;8;84;;5;0;0;0;0;0
123;240;20180706;4;350;40;30;60;159;;133;0;2;0;0;10190;66;8;84;;5;0;0;0;0;0
124;240;20180706;5;330;30;30;50;162;;133;0;10;0;0;10195;65;8;82;;5;0;0;0;0;0
125;240;20180706;6;340;30;30;60;173;128.0;134;0;41;0;0;10199;71;8;77;;5;0;0;0;0;0
126;240;20180706;7;10;30;30;50;186;;136;2;81;0;0;10202;75;4;72;;5;0;0;0;0;0
127;240;20180706;8;340;20;20;50;199;;139;10;178;0;0;10203;76;0;68;;5;0;0;0;0;0
128;240;20180706;9;350;20;20;50;210;;136;9;221;0;0;10205;81;1;62;;5;0;0;0;0;0
129;240;20180706;10;330;20;20;50;224;;133;9;269;0;0;10207;76;7;56;;5;0;0;0;0;0
130;240;20180706;11;40;20;20;50;231;;135;3;211;0;0;10209;81;6;54;;5;0;0;0;0;0
131;240;20180706;12;250;20;20;50;239;179.0;134;5;243;0;0;10209;80;7;52;;5;0;0;0;0;0
132;240;20180706;13;310;20;20;50;243;;127;2;196;0;0;10208;81;7;48;;5;0;0;0;0;0
133;240;20180706;14;310;30;30;60;236;;139;2;178;0;0;10211;80;8;54;;5;0;0;0;0;0
134;240;20180706;15;320;30;40;60;239;;144;5;189;0;0;10214;80;8;55;;5;0;0;0;0;0
135;240;20180706;16;310;30;30;60;236;;136;3;134;0;0;10215;80;8;53;;5;0;0;0;0;0
136;240;20180706;17;70;30;40;60;229;;142;10;180;0;0;10213;80;8;58;;5;0;0;0;0;0
137;240;20180706;18;40;40;40;60;210;210.0;134;3;67;0;0;10215;80;8;61;;5;0;0;0;0;0
138;240;20180706;19;40;40;40;60;196;;129;5;29;0;0;10216;80;8;65;;5;0;0;0;0;0
139;240;20180706;20;30;40;40;60;184;;118;3;12;0;0;10223;80;8;65;;5;0;0;0;0;0
140;240;20180706;21;30;30;20;50;169;;87;0;0;0;0;10229;83;8;58;;5;0;0;0;0;0
141;240;20180706;22;30;30;30;50;165;;99;0;0;0;0;10231;81;8;64;;5;0;0;0;0;0
142;240;20180706;23;360;20;20;40;156;;105;0;0;0;0;10232;74;4;71;;5;0;0;0;0;0
143;240;20180706;24;10;10;10;30;145;98.0;107;0;0;0;0;10230;75;2;77;;5;0;0;0;0;0
144;240;20180707;1;100;10;10;20;141;;105;0;0;0;0;10230;75;5;78;;5;0;0;0;0;0
145;240;20180707;2;0;10;0;20;135;;116;0;0;0;0;10232;70;5;88;;5;0;0;0;0;0
146;240;20180707;3;40;10;20;20;132;;104;0;0;0;0;10234;70;1;83;;5;0;0;0;0;0
147;240;20180707;4;0;10;0;20;138;;111;2;3;0;0;10239;70;5;83;;5;0;0;0;0;0
148;240;20180707;5;110;10;10;20;153;;125;10;28;0;0;10238;70;8;83;;5;0;0;0;0;0
149;240;20180707;6;90;10;20;30;175;74.0;117;6;65;0;0;10244;80;7;68;;5;0;0;0;0;0
150;240;20180707;7;80;20;20;30;188;;122;10;123;0;0;10245;78;8;65;;5;0;0;0;0;0
151;240;20180707;8;990;10;10;30;203;;113;9;179;0;0;10247;80;8;56;;5;0;0;0;0;0
152;240;20180707;9;300;10;20;40;215;;109;7;207;0;0;10246;79;8;51;;5;0;0;0;0;0
153;240;20180707;10;10;20;20;40;228;;111;7;243;0;0;10245;81;8;47;;5;0;0;0;0;0
154;240;20180707;11;10;20;30;50;229;;105;6;255;0;0;10246;81;8;45;;5;0;0;0;0;0
155;240;20180707;12;360;30;30;60;233;157.0;113;6;269;0;0;10246;80;8;46;;5;0;0;0;0;0
156;240;20180707;13;320;40;40;80;238;;124;5;247;0;0;10245;81;8;48;;5;0;0;0;0;0
157;240;20180707;14;340;40;40;90;242;;115;7;260;0;0;10246;81;8;44;;5;0;0;0;0;0
158;240;20180707;15;330;40;50;70;233;;105;4;180;0;0;10247;81;8;44;;5;0;0;0;0;0
159;240;20180707;16;360;40;40;70;238;;101;6;167;0;0;10245;82;8;41;;5;0;0;0;0;0
160;240;20180707;17;350;40;40;70;228;;92;8;125;0;0;10242;83;8;42;;5;0;0;0;0;0
161;240;20180707;18;60;40;50;70;206;204.0;123;5;72;0;0;10241;82;8;59;;5;0;0;0;0;0
162;240;20180707;19;60;50;50;70;190;;125;8;41;0;0;10245;80;8;65;;5;0;0;0;0;0
163;240;20180707;20;50;30;30;60;173;;113;3;9;0;0;10245;80;2;67;;5;0;0;0;0;0
164;240;20180707;21;30;30;30;50;168;;117;0;0;0;0;10247;75;0;71;;5;0;0;0;0;0
165;240;20180707;22;30;30;20;40;165;;121;0;0;0;0;10249;75;2;74;;5;0;0;0;0;0
166;240;20180707;23;30;20;10;30;157;;121;0;0;0;0;10247;75;2;78;;5;0;0;0;0;0
167;240;20180707;24;30;20;20;30;152;103.0;115;0;0;0;0;10248;75;5;78;;5;0;0;0;0;0
168;240;20180708;1;10;20;20;30;147;;116;0;0;0;0;10248;70;0;81;;5;0;0;0;0;0
169;240;20180708;2;360;10;10;20;134;;117;0;0;0;0;10248;70;8;88;;5;0;0;0;0;0
170;240;20180708;3;0;10;0;20;133;;121;0;0;0;0;10250;65;6;91;;5;0;0;0;0;0
171;240;20180708;4;160;10;10;10;131;;121;0;2;0;0;10251;65;8;93;;5;0;0;0;0;0
172;240;20180708;5;0;0;0;10;165;;125;8;29;0;0;10254;75;3;77;;5;0;0;0;0;0
173;240;20180708;6;990;10;10;10;182;79.0;125;10;68;0;0;10256;77;0;69;;5;0;0;0;0;0
174;240;20180708;7;30;10;20;30;191;;125;10;126;0;0;10257;80;0;65;;5;0;0;0;0;0
175;240;20180708;8;60;20;20;40;207;;116;10;184;0;0;10256;81;0;56;;5;0;0;0;0;0
176;240;20180708;9;330;20;30;60;215;;109;10;236;0;0;10258;80;0;50;;5;0;0;0;0;0
177;240;20180708;10;310;40;50;80;227;;117;10;277;0;0;10256;82;1;49;;5;0;0;0;0;0
178;240;20180708;11;340;50;50;100;237;;107;10;305;0;0;10255;81;0;43;;5;0;0;0;0;0
179;240;20180708;12;330;50;50;100;235;169.0;100;10;315;0;0;10254;80;0;42;;5;0;0;0;0;0
180;240;20180708;13;330;60;60;110;230;;102;10;315;0;0;10254;81;0;44;;5;0;0;0;0;0
181;240;20180708;14;350;60;50;100;236;;101;10;296;0;0;10255;81;0;42;;5;0;0;0;0;0
182;240;20180708;15;340;50;50;90;226;;101;10;261;0;0;10254;80;0;45;;5;0;0;0;0;0
183;240;20180708;16;340;60;50;90;225;;106;10;214;0;0;10253;80;0;46;;5;0;0;0;0;0
184;240;20180708;17;340;50;50;80;218;;102;10;159;0;0;10252;82;0;47;;5;0;0;0;0;0
185;240;20180708;18;320;50;60;80;206;212.0;108;10;102;0;0;10251;83;0;53;;5;0;0;0;0;0
186;240;20180708;19;320;50;40;70;190;;107;10;46;0;0;10250;83;0;58;;5;0;0;0;0;0
187;240;20180708;20;320;40;30;60;174;;114;3;10;0;0;10250;80;0;67;;5;0;0;0;0;0
188;240;20180708;21;340;30;30;50;168;;120;0;0;0;0;10253;75;0;73;;5;0;0;0;0;0
189;240;20180708;22;350;30;30;50;159;;129;0;0;0;0;10252;70;0;82;;5;0;0;0;0;0
190;240;20180708;23;340;30;30;40;156;;137;0;0;0;0;10252;70;3;88;;5;0;0;0;0;0
191;240;20180708;24;300;20;20;30;137;101.0;127;0;0;0;0;10248;61;0;93;;5;0;0;0;0;0
192;240;20180709;1;300;20;20;30;137;;131;0;0;0;0;10248;56;0;96;10.0;7;0;0;0;0;0
193;240;20180709;2;310;20;30;30;135;;131;0;0;0;0;10248;36;0;97;10.0;7;0;0;0;0;0
194;240;20180709;3;310;20;20;30;131;;129;0;0;0;0;10248;29;1;98;10.0;7;0;0;0;0;0
195;240;20180709;4;330;10;20;30;134;;131;0;2;0;0;10249;57;2;98;10.0;7;0;0;0;0;0
196;240;20180709;5;310;20;20;30;146;;142;2;11;0;0;10250;50;7;97;10.0;7;0;0;0;0;0
197;240;20180709;6;330;20;30;40;174;84.0;153;6;58;0;0;10248;65;2;87;;5;0;0;0;0;0
198;240;20180709;7;360;30;30;50;181;;153;3;73;0;0;10248;70;8;83;;5;0;0;0;0;0
199;240;20180709;8;360;30;40;60;208;;153;8;168;0;0;10249;75;8;70;;5;0;0;0;0;0
200;240;20180709;9;360;30;30;60;212;;148;2;149;0;0;10248;78;8;66;;5;0;0;0;0;0
201;240;20180709;10;340;30;40;60;209;;146;2;161;0;0;10247;80;8;67;;5;0;0;0;0;0
202;240;20180709;11;350;30;20;60;210;;144;1;110;0;0;10244;80;8;66;;5;0;0;0;0;0
203;240;20180709;12;300;40;40;70;214;171.0;160;0;115;0;0;10241;75;8;71;;5;0;0;0;0;0
204;240;20180709;13;310;50;60;80;214;;147;0;148;0;0;10240;80;8;65;;5;0;0;0;0;0
205;240;20180709;14;310;60;60;90;204;;157;1;120;0;0;10239;75;8;74;;5;0;0;0;0;0
206;240;20180709;15;340;60;50;90;194;;153;1;91;0;0;10236;75;8;76;;5;0;0;0;0;0
207;240;20180709;16;340;60;60;90;181;;141;1;77;0;0;10234;73;8;77;;5;0;0;0;0;0
208;240;20180709;17;340;60;60;100;175;;129;0;40;0;0;10233;75;8;74;;5;0;0;0;0;0
209;240;20180709;18;350;60;60;90;170;171.0;117;0;28;0;0;10231;75;8;71;;5;0;0;0;0;0
210;240;20180709;19;330;60;70;100;163;;98;0;12;0;0;10231;80;8;65;;5;0;0;0;0;0
211;240;20180709;20;330;60;60;90;157;;95;0;4;0;0;10229;80;8;66;;5;0;0;0;0;0
212;240;20180709;21;340;60;70;110;155;;89;0;0;0;-1;10227;81;8;64;23.0;7;0;1;0;0;0
213;240;20180709;22;340;60;70;110;150;;91;0;0;0;0;10224;80;8;67;;5;0;0;0;0;0
214;240;20180709;23;330;50;50;110;143;;104;0;0;0;-1;10221;69;8;77;57.0;7;0;1;0;0;0
215;240;20180709;24;340;50;50;90;140;133.0;104;0;0;0;-1;10220;75;8;78;23.0;7;0;1;0;0;0
216;240;20180710;1;310;30;20;70;135;;103;0;0;0;-1;10212;75;8;80;23.0;7;0;1;0;0;0
217;240;20180710;2;340;20;30;40;139;;97;0;0;0;0;10207;75;8;75;;5;0;0;0;0;0
218;240;20180710;3;320;40;40;80;145;;92;0;0;0;0;10203;75;8;70;2.0;7;0;0;0;0;0
219;240;20180710;4;330;40;50;80;150;;87;0;1;0;0;10204;80;8;66;;5;0;0;0;0;0
220;240;20180710;5;310;60;50;110;148;;98;0;7;0;0;10200;75;8;71;;5;0;0;0;0;0
221;240;20180710;6;320;50;60;80;155;126.0;92;0;16;0;0;10198;80;8;66;2.0;7;0;0;0;0;0
222;240;20180710;7;310;60;70;100;155;;106;0;17;0;0;10192;70;8;72;;5;0;0;0;0;0
223;240;20180710;8;310;80;60;120;143;;130;0;17;0;-1;10190;37;8;91;51.0;7;0;1;0;0;0
224;240;20180710;9;300;70;60;130;146;;139;0;19;8;3;10186;29;8;95;52.0;7;0;1;0;0;0
225;240;20180710;10;320;60;70;100;162;;150;1;44;4;2;10181;57;8;92;23.0;7;0;1;0;0;0
226;240;20180710;11;320;70;80;130;169;;146;0;76;0;0;10178;61;8;86;;5;0;0;0;0;0
227;240;20180710;12;320;70;70;110;170;144.0;147;0;46;0;0;10178;61;8;85;2.0;7;0;0;0;0;0
228;240;20180710;13;330;70;60;120;174;;148;0;38;0;0;10177;61;8;85;;5;0;0;0;0;0
229;240;20180710;14;320;70;80;120;195;;160;3;111;0;-1;10175;60;8;80;81.0;7;0;1;0;0;0
230;240;20180710;15;340;70;70;130;213;;146;8;200;0;-1;10171;65;5;65;23.0;7;0;1;0;0;0
231;240;20180710;16;10;70;70;110;206;;98;8;169;0;0;10173;78;6;49;;5;0;0;0;0;0
232;240;20180710;17;360;80;70;120;203;;104;10;148;0;0;10174;76;2;52;;5;0;0;0;0;0
233;240;20180710;18;10;70;60;120;196;169.0;114;10;103;0;0;10177;73;2;59;3.0;7;0;0;0;0;0
234;240;20180710;19;20;60;60;110;178;;126;8;43;0;0;10180;72;1;71;;5;0;0;0;0;0
235;240;20180710;20;20;50;50;90;170;;115;3;10;0;0;10184;74;0;70;;5;0;0;0;0;0
236;240;20180710;21;10;40;40;80;162;;108;0;0;0;0;10189;75;0;70;;5;0;0;0;0;0
237;240;20180710;22;330;30;30;50;134;;115;0;0;0;0;10192;68;0;87;;5;0;0;0;0;0
238;240;20180710;23;340;30;30;40;138;;125;0;0;0;0;10192;64;0;91;;5;0;0;0;0;0
239;240;20180710;24;350;30;30;40;142;99.0;135;0;0;0;0;10190;61;0;95;;5;0;0;0;0;0
240;240;20180711;1;330;20;20;40;127;;122;0;0;0;0;10189;57;0;96;10.0;7;0;0;0;0;0
241;240;20180711;2;330;20;20;30;116;;112;0;0;0;0;10187;57;0;97;10.0;7;0;0;0;0;0
242;240;20180711;3;330;20;20;30;113;;111;0;0;0;0;10188;39;0;98;10.0;7;0;0;0;0;0
243;240;20180711;4;330;20;20;20;112;;110;0;2;0;0;10189;34;0;98;10.0;7;0;0;0;0;0
244;240;20180711;5;340;20;20;30;142;;138;8;24;0;0;10189;59;0;97;10.0;7;0;0;0;0;0
245;240;20180711;6;20;30;30;50;168;62.0;143;10;70;0;0;10190;64;0;84;;5;0;0;0;0;0
246;240;20180711;7;20;30;30;60;189;;122;10;128;0;0;10194;77;0;65;;5;0;0;0;0;0
247;240;20180711;8;20;40;40;60;197;;106;9;170;0;0;10193;80;6;55;;5;0;0;0;0;0
248;240;20180711;9;360;40;40;70;200;;115;5;162;0;0;10192;80;8;58;;5;0;0;0;0;0
249;240;20180711;10;350;40;40;70;201;;128;1;126;0;0;10191;81;8;62;;5;0;0;0;0;0
250;240;20180711;11;340;50;50;80;210;;137;1;106;0;0;10189;80;8;63;;5;0;0;0;0;0
251;240;20180711;12;350;60;60;100;207;160.0;122;2;179;0;0;10189;81;8;58;;5;0;0;0;0;0
252;240;20180711;13;330;50;50;90;198;;137;0;74;0;0;10190;74;8;67;;5;0;0;0;0;0
253;240;20180711;14;320;60;60;90;222;;128;6;193;0;0;10187;76;1;55;;5;0;0;0;0;0
254;240;20180711;15;320;70;80;110;214;;133;10;242;0;0;10184;80;4;59;;5;0;0;0;0;0
255;240;20180711;16;320;80;80;110;212;;146;10;211;0;0;10181;72;0;65;;5;0;0;0;0;0
256;240;20180711;17;320;70;70;100;207;;139;10;154;0;0;10181;75;0;65;;5;0;0;0;0;0
257;240;20180711;18;320;70;60;100;193;202.0;146;10;97;0;0;10183;68;0;74;;5;0;0;0;0;0
258;240;20180711;19;330;60;60;90;183;;149;10;51;0;0;10185;70;3;80;;5;0;0;0;0;0
259;240;20180711;20;340;40;40;70;171;;150;3;8;0;0;10188;67;7;87;;5;0;0;0;0;0
260;240;20180711;21;340;30;30;60;164;;148;0;0;0;0;10190;65;0;90;;5;0;0;0;0;0
261;240;20180711;22;310;30;20;40;149;;139;0;0;0;0;10190;60;0;93;;5;0;0;0;0;0
262;240;20180711;23;330;20;20;30;144;;138;0;0;0;0;10191;61;0;95;;5;0;0;0;0;0
263;240;20180711;24;320;20;30;40;141;107.0;135;0;0;0;0;10191;58;0;96;10.0;7;0;0;0;0;0
264;240;20180712;1;330;30;30;40;147;;140;0;0;0;0;10190;62;6;95;;5;0;0;0;0;0
265;240;20180712;2;320;30;30;60;149;;143;0;0;0;0;10189;58;0;96;10.0;7;0;0;0;0;0
266;240;20180712;3;330;40;30;50;149;;144;0;0;0;0;10188;59;0;96;10.0;7;0;0;0;0;0
267;240;20180712;4;320;40;40;60;148;;143;0;2;0;0;10189;56;1;96;10.0;7;0;0;0;0;0
268;240;20180712;5;340;50;50;80;159;;149;0;15;0;0;10190;64;5;93;;5;0;0;0;0;0
269;240;20180712;6;340;50;50;90;161;110.0;147;0;31;0;0;10193;65;8;91;;5;0;0;0;0;0
270;240;20180712;7;340;50;50;80;167;;143;1;64;0;0;10197;68;8;85;;5;0;0;0;0;0
271;240;20180712;8;320;50;50;80;182;;146;6;150;0;0;10200;74;2;79;;5;0;0;0;0;0
272;240;20180712;9;320;40;40;70;200;;143;10;229;0;0;10201;78;0;69;;5;0;0;0;0;0
273;240;20180712;10;340;40;50;70;215;;138;9;265;0;0;10202;79;0;61;;5;0;0;0;0;0
274;240;20180712;11;320;50;50;80;221;;150;10;297;0;0;10202;72;1;64;;5;0;0;0;0;0
275;240;20180712;12;330;50;40;80;227;160.0;134;10;309;0;0;10201;80;0;55;;5;0;0;0;0;0
276;240;20180712;13;320;60;60;100;221;;144;10;305;0;0;10201;80;6;61;;5;0;0;0;0;0
277;240;20180712;14;330;60;50;90;226;;144;10;291;0;0;10201;79;0;59;;5;0;0;0;0;0
278;240;20180712;15;310;60;60;90;217;;142;10;256;0;0;10200;80;0;62;;5;0;0;0;0;0
279;240;20180712;16;320;60;60;90;210;;137;10;210;0;0;10201;80;0;62;;5;0;0;0;0;0
280;240;20180712;17;320;60;60;90;201;;133;10;157;0;0;10201;80;0;65;;5;0;0;0;0;0
281;240;20180712;18;330;60;60;80;188;199.0;133;10;101;0;0;10204;75;0;70;;5;0;0;0;0;0
282;240;20180712;19;320;50;50;90;176;;133;10;47;0;0;10205;75;0;75;;5;0;0;0;0;0
283;240;20180712;20;330;50;40;80;164;;135;3;9;0;0;10209;70;0;82;;5;0;0;0;0;0
284;240;20180712;21;340;40;40;70;158;;131;0;0;0;0;10210;70;0;83;;5;0;0;0;0;0
285;240;20180712;22;360;30;30;50;154;;131;0;0;0;0;10212;70;0;86;;5;0;0;0;0;0
286;240;20180712;23;350;30;20;50;145;;126;0;0;0;0;10212;70;0;88;;5;0;0;0;0;0
287;240;20180712;24;300;20;20;30;126;92.0;116;0;0;0;0;10212;65;0;93;;5;0;0;0;0;0
288;240;20180713;1;300;20;30;30;126;;118;0;0;0;0;10212;65;1;94;;5;0;0;0;0;0
289;240;20180713;2;320;20;20;30;137;;128;0;0;0;0;10213;64;8;94;;5;0;0;0;0;0
290;240;20180713;3;330;20;20;20;126;;118;0;0;0;0;10213;65;1;94;;5;0;0;0;0;0
291;240;20180713;4;330;20;20;30;127;;120;0;2;0;0;10215;61;0;95;;5;0;0;0;0;0
292;240;20180713;5;300;10;20;20;146;;135;8;26;0;0;10215;61;2;93;;5;0;0;0;0;0
293;240;20180713;6;350;20;30;40;165;85.0;140;10;65;0;0;10217;64;2;85;;5;0;0;0;0;0
294;240;20180713;7;340;40;40;60;169;;129;7;114;0;0;10220;70;8;77;;5;0;0;0;0;0
295;240;20180713;8;20;40;40;60;189;;129;10;188;0;0;10220;74;1;68;;5;0;0;0;0;0
296;240;20180713;9;20;30;20;60;199;;132;8;208;0;0;10221;75;8;64;;5;0;0;0;0;0
297;240;20180713;10;340;30;20;50;205;;122;10;281;0;0;10221;80;1;59;;5;0;0;0;0;0
298;240;20180713;11;50;20;20;50;222;;123;9;285;0;0;10220;79;8;53;;5;0;0;0;0;0
299;240;20180713;12;30;20;20;50;232;158.0;120;10;313;0;0;10217;75;4;49;;5;0;0;0;0;0
300;240;20180713;13;80;30;40;60;223;;134;4;200;0;0;10214;74;5;57;;5;0;0;0;0;0
301;240;20180713;14;60;40;40;70;221;;143;3;133;0;0;10214;80;6;61;;5;0;0;0;0;0
302;240;20180713;15;80;40;30;70;211;;143;2;105;0;0;10212;80;8;65;;5;0;0;0;0;0
303;240;20180713;16;70;40;50;70;211;;146;2;101;0;0;10211;80;8;66;;5;0;0;0;0;0
304;240;20180713;17;40;40;40;70;210;;134;4;86;0;0;10208;82;1;62;;5;0;0;0;0;0
305;240;20180713;18;30;50;50;70;199;204.0;136;10;93;0;0;10208;80;0;66;;5;0;0;0;0;0
306;240;20180713;19;50;40;40;70;184;;132;10;43;0;0;10210;75;0;71;;5;0;0;0;0;0
307;240;20180713;20;40;40;40;60;171;;129;3;8;0;0;10213;75;0;76;;5;0;0;0;0;0
308;240;20180713;21;30;40;30;60;161;;122;0;0;0;0;10216;75;0;77;;5;0;0;0;0;0
309;240;20180713;22;20;40;40;60;155;;121;0;0;0;0;10217;75;0;80;;5;0;0;0;0;0
310;240;20180713;23;20;30;30;50;150;;121;0;0;0;0;10218;70;0;82;;5;0;0;0;0;0
311;240;20180713;24;10;20;20;40;142;105.0;117;0;0;0;0;10217;70;0;84;;5;0;0;0;0;0
312;240;20180714;1;10;20;10;20;135;;113;0;0;0;0;10217;70;7;86;;5;0;0;0;0;0
313;240;20180714;2;330;10;10;20;126;;116;0;0;0;0;10216;65;0;93;;5;0;0;0;0;0
314;240;20180714;3;0;0;0;10;125;;114;0;0;0;0;10217;65;3;92;;5;0;0;0;0;0
315;240;20180714;4;320;10;10;20;123;;117;0;1;0;0;10215;63;7;96;;5;0;0;0;0;0
316;240;20180714;5;990;10;10;20;141;;131;7;21;0;0;10216;65;4;93;;5;0;0;0;0;0
317;240;20180714;6;50;10;20;30;166;71.0;128;7;64;0;0;10217;75;0;78;;5;0;0;0;0;0
318;240;20180714;7;50;20;20;40;173;;124;7;96;0;0;10219;75;6;72;;5;0;0;0;0;0
319;240;20180714;8;100;20;30;50;198;;130;9;173;0;0;10219;80;1;64;;5;0;0;0;0;0
320;240;20180714;9;50;20;20;50;195;;123;8;182;0;0;10219;81;3;63;;5;0;0;0;0;0
321;240;20180714;10;90;20;20;50;210;;120;9;250;0;0;10216;80;0;56;;5;0;0;0;0;0
322;240;20180714;11;70;30;30;60;220;;127;10;304;0;0;10214;81;0;55;;5;0;0;0;0;0
323;240;20180714;12;60;30;40;70;225;156.0;114;10;315;0;0;10211;81;0;49;;5;0;0;0;0;0
324;240;20180714;13;40;30;30;60;229;;122;10;310;0;0;10207;81;0;50;;5;0;0;0;0;0
325;240;20180714;14;60;40;40;80;236;;118;10;290;0;0;10201;82;0;47;;5;0;0;0;0;0
326;240;20180714;15;30;40;50;70;235;;103;10;256;0;0;10198;80;0;43;;5;0;0;0;0;0
327;240;20180714;16;50;40;40;80;236;;108;10;211;0;0;10197;82;0;44;;5;0;0;0;0;0
328;240;20180714;17;40;40;40;70;229;;106;10;157;0;0;10196;83;0;45;;5;0;0;0;0;0
329;240;20180714;18;50;50;40;70;217;222.0;118;10;101;0;0;10193;83;0;53;;5;0;0;0;0;0
330;240;20180714;19;40;40;30;60;203;;127;10;45;0;0;10194;82;0;61;;5;0;0;0;0;0
331;240;20180714;20;40;30;40;70;188;;135;3;9;0;0;10194;75;0;71;;5;0;0;0;0;0
332;240;20180714;21;40;30;30;60;181;;140;0;0;0;0;10194;75;0;77;;5;0;0;0;0;0
333;240;20180714;22;40;30;30;40;169;;135;0;0;0;0;10193;75;0;80;;5;0;0;0;0;0
334;240;20180714;23;100;30;30;50;160;;128;0;0;0;0;10193;70;0;81;;5;0;0;0;0;0
335;240;20180714;24;90;20;20;40;149;104.0;109;0;0;0;0;10193;75;0;76;;5;0;0;0;0;0
336;240;20180715;1;90;30;20;40;141;;106;0;0;0;0;10190;75;0;79;;5;0;0;0;0;0
337;240;20180715;2;90;20;20;30;129;;103;0;0;0;0;10188;70;0;84;;5;0;0;0;0;0
338;240;20180715;3;80;20;20;30;130;;102;0;0;0;0;10185;70;0;83;;5;0;0;0;0;0
339;240;20180715;4;90;20;20;30;129;;104;0;1;0;0;10182;70;0;84;;5;0;0;0;0;0
340;240;20180715;5;90;20;20;20;152;;122;8;23;0;0;10182;70;0;82;;5;0;0;0;0;0
341;240;20180715;6;90;20;20;40;178;74.0;130;10;68;0;0;10184;75;0;73;;5;0;0;0;0;0
342;240;20180715;7;130;20;30;40;201;;130;10;125;0;0;10184;81;0;63;;5;0;0;0;0;0
343;240;20180715;8;140;20;20;40;216;;127;10;174;0;0;10184;81;0;57;;5;0;0;0;0;0
344;240;20180715;9;160;20;20;40;229;;118;10;233;0;0;10182;81;0;49;;5;0;0;0;0;0
345;240;20180715;10;100;20;20;50;247;;119;10;274;0;0;10180;82;2;44;;5;0;0;0;0;0
346;240;20180715;11;40;30;30;60;255;;115;10;301;0;0;10176;80;0;41;;5;0;0;0;0;0
347;240;20180715;12;50;30;30;60;261;157.0;123;9;307;0;0;10171;80;7;42;;5;0;0;0;0;0
348;240;20180715;13;60;30;20;90;265;;105;9;306;0;0;10167;80;2;36;;5;0;0;0;0;0
349;240;20180715;14;70;30;30;60;266;;111;10;291;0;0;10162;82;3;37;;5;0;0;0;0;0
350;240;20180715;15;120;30;20;70;270;;99;10;255;0;0;10158;83;0;34;;5;0;0;0;0;0
351;240;20180715;16;70;30;30;60;270;;105;10;211;0;0;10154;82;0;35;;5;0;0;0;0;0
352;240;20180715;17;60;40;40;60;263;;101;10;157;0;0;10151;83;0;35;;5;0;0;0;0;0
353;240;20180715;18;60;40;50;60;236;215.0;105;5;65;0;0;10149;82;0;43;;5;0;0;0;0;0
354;240;20180715;19;60;30;30;60;224;;109;0;16;0;0;10150;83;0;48;;5;0;0;0;0;0
355;240;20180715;20;40;30;30;80;210;;132;0;4;0;0;10153;83;0;61;;5;0;0;0;0;0
356;240;20180715;21;50;30;30;50;190;;139;0;0;0;0;10155;75;0;72;;5;0;0;0;0;0
357;240;20180715;22;60;20;20;30;189;;145;0;0;0;0;10154;75;0;75;;5;0;0;0;0;0
358;240;20180715;23;60;20;30;40;173;;141;0;0;0;0;10151;70;0;81;;5;0;0;0;0;0
359;240;20180715;24;80;30;40;40;185;112.0;143;0;0;0;0;10149;75;0;76;;5;0;0;0;0;0
360;240;20180716;1;100;40;40;60;182;;122;0;0;0;0;10147;80;0;68;;5;0;0;0;0;0
361;240;20180716;2;110;40;40;70;181;;115;0;0;0;0;10145;80;0;65;;5;0;0;0;0;0
362;240;20180716;3;90;30;20;60;163;;108;0;0;0;0;10145;75;0;70;;5;0;0;0;0;0
363;240;20180716;4;90;20;10;30;164;;110;0;1;0;0;10145;75;0;70;;5;0;0;0;0;0
364;240;20180716;5;100;20;20;30;177;;123;8;22;0;0;10144;75;0;70;;5;0;0;0;0;0
365;240;20180716;6;120;30;30;50;200;102.0;126;10;65;0;0;10145;82;0;62;;5;0;0;0;0;0
366;240;20180716;7;130;30;30;40;221;;119;10;124;0;0;10145;82;0;52;;5;0;0;0;0;0
367;240;20180716;8;150;30;30;50;245;;123;10;180;0;0;10143;82;0;46;;5;0;0;0;0;0
368;240;20180716;9;130;30;30;50;258;;117;10;230;0;0;10142;82;0;41;;5;0;0;0;0;0
369;240;20180716;10;100;30;30;60;271;;116;10;272;0;0;10139;82;8;38;;5;0;0;0;0;0
370;240;20180716;11;150;30;30;60;277;;102;10;297;0;0;10138;80;8;33;;5;0;0;0;0;0
371;240;20180716;12;250;20;10;50;282;185.0;104;10;309;0;0;10135;80;6;32;;5;0;0;0;0;0
372;240;20180716;13;70;30;20;70;282;;114;10;309;0;0;10130;81;7;35;;5;0;0;0;0;0
373;240;20180716;14;140;30;20;60;274;;112;2;134;0;0;10126;81;8;36;;5;0;0;0;0;0
374;240;20180716;15;80;40;50;70;269;;113;1;119;0;0;10124;82;8;37;;5;0;0;0;0;0
375;240;20180716;16;80;40;40;60;268;;103;4;146;0;0;10122;83;8;35;;5;0;0;0;0;0
376;240;20180716;17;50;40;40;60;273;;108;6;117;0;0;10119;81;8;35;;5;0;0;0;0;0
377;240;20180716;18;80;30;40;50;264;257.0;119;10;89;0;0;10119;81;8;40;;5;0;0;0;0;0
378;240;20180716;19;80;30;30;50;234;;124;10;38;0;0;10122;81;8;50;;5;0;0;0;0;0
379;240;20180716;20;70;30;40;70;209;;131;3;6;0;0;10125;83;8;60;;5;0;0;0;0;0
380;240;20180716;21;70;20;10;80;208;;141;0;0;0;0;10128;80;5;65;;5;0;0;0;0;0
381;240;20180716;22;210;30;50;80;214;;134;0;0;0;0;10135;83;1;60;;5;0;0;0;0;0
382;240;20180716;23;200;50;40;80;201;;140;0;0;0;0;10134;80;4;67;;5;0;0;0;0;0
383;240;20180716;24;0;20;0;50;196;140.0;125;0;0;0;0;10131;83;7;63;;5;0;0;0;0;0
384;240;20180717;1;300;10;30;40;176;;131;0;0;0;0;10128;75;8;75;;5;0;0;0;0;0
385;240;20180717;2;350;20;10;40;178;;135;0;0;0;0;10124;75;8;75;;5;0;0;0;0;0
386;240;20180717;3;130;10;10;20;175;;139;0;0;0;0;10126;75;8;79;;5;0;0;0;0;0
387;240;20180717;4;150;10;20;20;176;;139;0;1;0;0;10125;75;8;78;;5;0;0;0;0;0
388;240;20180717;5;180;20;20;30;175;;145;0;11;0;0;10128;70;1;82;;5;0;0;0;0;0
389;240;20180717;6;210;30;40;50;205;130.0;149;7;59;0;0;10131;75;0;70;;5;0;0;0;0;0
390;240;20180717;7;220;40;40;70;217;;158;10;114;0;0;10133;77;0;69;;5;0;0;0;0;0
391;240;20180717;8;240;60;70;100;226;;156;10;173;0;0;10137;76;0;64;;5;0;0;0;0;0
392;240;20180717;9;250;70;60;100;220;;154;10;227;0;0;10141;80;0;65;;5;0;0;0;0;0
393;240;20180717;10;260;60;60;100;234;;144;10;267;0;0;10145;79;1;57;;5;0;0;0;0;0
394;240;20180717;11;250;70;70;110;227;;137;8;293;0;0;10152;79;5;56;;5;0;0;0;0;0
395;240;20180717;12;250;80;80;120;233;191.0;122;9;311;0;0;10155;81;4;49;;7;0;0;0;0;0
396;240;20180717;13;260;80;90;130;223;;128;10;310;0;0;10158;80;1;54;;5;0;0;0;0;0
397;240;20180717;14;250;80;80;130;220;;123;9;259;0;0;10160;81;2;53;;5;0;0;0;0;0
398;240;20180717;15;260;70;70;110;213;;120;10;239;0;0;10160;81;4;55;;5;0;0;0;0;0
399;240;20180717;16;270;80;80;120;206;;125;10;204;0;0;10163;81;4;59;;5;0;0;0;0;0
400;240;20180717;17;270;70;60;100;201;;124;9;126;0;0;10163;81;8;61;;5;0;0;0;0;0
401;240;20180717;18;260;60;70;90;197;204.0;123;10;99;0;0;10165;81;5;62;;5;0;0;0;0;0
402;240;20180717;19;270;70;70;100;187;;135;10;45;0;0;10171;75;0;71;;5;0;0;0;0;0
403;240;20180717;20;290;50;30;80;172;;145;2;7;0;0;10177;70;0;83;;5;0;0;0;0;0
404;240;20180717;21;270;20;30;40;162;;138;0;0;0;0;10177;70;0;86;;5;0;0;0;0;0
405;240;20180717;22;270;20;20;30;162;;140;0;0;0;0;10179;70;0;86;;5;0;0;0;0;0
406;240;20180717;23;190;20;20;30;153;;134;0;0;0;0;10178;70;0;88;;5;0;0;0;0;0
407;240;20180717;24;180;20;10;30;158;90.0;139;0;0;0;0;10178;68;0;88;;5;0;0;0;0;0
408;240;20180718;1;190;20;30;30;144;;126;0;0;0;0;10178;65;0;89;;5;0;0;0;0;0
409;240;20180718;2;180;30;20;30;137;;121;0;0;0;0;10176;70;0;89;;5;0;0;0;0;0
410;240;20180718;3;170;20;20;40;138;;123;0;0;0;0;10177;65;0;91;;5;0;0;0;0;0
411;240;20180718;4;160;30;20;30;140;;126;0;1;0;0;10177;62;1;91;;5;0;0;0;0;0
412;240;20180718;5;160;30;20;30;154;;137;7;20;0;0;10180;65;5;89;;5;0;0;0;0;0
413;240;20180718;6;180;20;20;30;178;77.0;142;10;65;0;0;10182;75;8;79;;5;0;0;0;0;0
414;240;20180718;7;210;30;30;50;197;;140;10;115;0;0;10185;80;8;69;;5;0;0;0;0;0
415;240;20180718;8;200;40;30;60;210;;117;10;178;0;0;10188;82;8;55;;5;0;0;0;0;0
416;240;20180718;9;210;30;30;60;219;;102;9;209;0;0;10187;82;8;47;;5;0;0;0;0;0
417;240;20180718;10;150;30;20;60;231;;120;7;241;0;0;10187;82;8;49;;5;0;0;0;0;0
418;240;20180718;11;220;20;30;50;236;;114;8;261;0;0;10187;81;8;46;;5;0;0;0;0;0
419;240;20180718;12;280;40;50;70;224;188.0;138;1;147;0;0;10187;81;8;58;;5;0;0;0;0;0
420;240;20180718;13;280;40;30;70;228;;126;3;185;0;0;10186;81;8;52;;5;0;0;0;0;0
421;240;20180718;14;310;40;50;80;227;;121;5;220;0;0;10185;82;8;51;;5;0;0;0;0;0
422;240;20180718;15;310;50;50;80;234;;113;6;202;0;0;10188;83;8;46;;5;0;0;0;0;0
423;240;20180718;16;300;50;50;80;230;;113;10;212;0;0;10187;82;5;47;;5;0;0;0;0;0
424;240;20180718;17;310;50;50;80;227;;110;10;158;0;0;10186;82;7;47;;5;0;0;0;0;0
425;240;20180718;18;320;50;50;70;214;212.0;115;8;72;0;0;10188;83;6;53;;5;0;0;0;0;0
426;240;20180718;19;320;40;40;60;201;;127;10;35;0;0;10188;82;8;62;;5;0;0;0;0;0
427;240;20180718;20;310;40;30;60;187;;136;2;6;0;0;10191;75;7;72;;5;0;0;0;0;0
428;240;20180718;21;340;20;20;50;173;;125;0;0;0;0;10192;75;0;73;;5;0;0;0;0;0
429;240;20180718;22;310;10;20;30;168;;130;0;0;0;0;10193;75;5;78;;5;0;0;0;0;0
430;240;20180718;23;10;20;20;20;155;;129;0;0;0;0;10192;70;8;84;;5;0;0;0;0;0
431;240;20180718;24;290;20;30;40;159;107.0;142;0;0;0;0;10192;66;4;89;;5;0;0;0;0;0
432;240;20180719;1;310;20;20;30;150;;137;0;0;0;0;10191;62;7;92;;5;0;0;0;0;0
433;240;20180719;2;350;20;10;30;152;;147;0;0;0;0;10190;58;1;96;10.0;7;0;0;0;0;0
434;240;20180719;3;320;20;20;20;146;;143;0;0;0;0;10189;33;8;98;10.0;7;0;0;0;0;0
435;240;20180719;4;330;20;20;30;156;;152;0;1;0;0;10188;39;8;97;10.0;7;0;0;0;0;0
436;240;20180719;5;350;20;20;30;173;;161;5;19;0;0;10189;50;8;92;10.0;7;0;0;0;0;0
437;240;20180719;6;350;20;20;50;186;84.0;163;4;47;0;0;10189;56;4;86;10.0;7;0;0;0;0;0
438;240;20180719;7;310;30;30;40;201;;157;8;107;0;0;10191;62;0;75;;5;0;0;0;0;0
439;240;20180719;8;340;40;40;70;217;;131;10;167;0;0;10191;79;4;58;;5;0;0;0;0;0
440;240;20180719;9;340;40;30;70;223;;137;9;212;0;0;10189;80;8;58;;5;0;0;0;0;0
441;240;20180719;10;330;30;30;70;237;;118;9;250;0;0;10189;80;4;47;;5;0;0;0;0;0
442;240;20180719;11;350;40;30;90;247;;99;8;253;0;0;10187;81;3;39;;5;0;0;0;0;0
443;240;20180719;12;310;30;50;80;248;187.0;74;9;292;0;0;10186;68;8;32;;5;0;0;0;0;0
444;240;20180719;13;320;50;60;100;251;;56;9;283;0;0;10185;82;8;28;;5;0;0;0;0;0
445;240;20180719;14;310;50;60;90;247;;77;8;254;0;0;10186;83;8;33;;5;0;0;0;0;0
446;240;20180719;15;330;60;60;110;229;;93;7;217;0;0;10184;82;8;42;;5;0;0;0;0;0
447;240;20180719;16;320;70;70;90;218;;110;1;107;0;0;10181;82;8;50;;5;0;0;0;0;0
448;240;20180719;17;330;60;50;100;229;;118;10;160;0;0;10176;81;8;49;;5;0;0;0;0;0
449;240;20180719;18;340;50;40;90;221;224.0;128;10;95;0;0;10175;82;1;55;;5;0;0;0;0;0
450;240;20180719;19;360;50;50;90;205;;123;10;32;0;0;10177;83;0;59;;5;0;0;0;0;0
451;240;20180719;20;30;40;40;80;189;;127;0;4;0;0;10179;80;0;67;;5;0;0;0;0;0
452;240;20180719;21;10;30;30;70;178;;134;0;0;0;0;10178;75;2;75;;5;0;0;0;0;0
453;240;20180719;22;10;30;20;50;170;;137;0;0;0;0;10175;75;0;80;;5;0;0;0;0;0
454;240;20180719;23;360;20;20;40;157;;131;0;0;0;0;10174;70;0;84;;5;0;0;0;0;0
455;240;20180719;24;10;20;20;30;147;94.0;127;0;0;0;0;10170;70;0;88;;5;0;0;0;0;0
456;240;20180720;1;350;20;20;30;141;;127;0;0;0;0;10166;65;4;91;;5;0;0;0;0;0
457;240;20180720;2;360;20;20;30;129;;117;0;0;0;0;10163;65;4;92;;5;0;0;0;0;0
458;240;20180720;3;10;20;10;30;149;;134;0;0;0;0;10160;70;1;90;;5;0;0;0;0;0
459;240;20180720;4;320;10;10;20;136;;125;0;1;0;0;10159;65;8;92;;5;0;0;0;0;0
460;240;20180720;5;360;20;20;30;160;;140;3;17;0;0;10155;70;1;87;;5;0;0;0;0;0
461;240;20180720;6;10;20;30;40;177;69.0;142;10;60;0;0;10154;75;8;79;;5;0;0;0;0;0
462;240;20180720;7;30;30;30;60;189;;137;10;114;0;0;10152;75;8;72;;5;0;0;0;0;0
463;240;20180720;8;360;30;40;60;203;;127;10;167;0;0;10151;78;8;61;;5;0;0;0;0;0
464;240;20180720;9;350;40;40;70;218;;121;9;214;0;0;10149;80;8;54;;5;0;0;0;0;0
465;240;20180720;10;20;40;50;80;228;;115;8;249;0;0;10148;80;8;48;;5;0;0;0;0;0
466;240;20180720;11;360;40;40;90;236;;111;8;278;0;0;10146;80;8;45;;5;0;0;0;0;0
467;240;20180720;12;30;40;40;80;239;179.0;114;10;305;0;0;10143;75;4;45;;5;0;0;0;0;0
468;240;20180720;13;20;40;40;90;243;;121;5;236;0;0;10140;81;8;46;;5;0;0;0;0;0
469;240;20180720;14;10;40;30;80;243;;116;8;257;0;0;10136;80;6;45;;5;0;0;0;0;0
470;240;20180720;15;10;40;40;110;247;;110;7;216;0;0;10133;81;8;42;;5;0;0;0;0;0
471;240;20180720;16;20;40;40;80;239;;105;3;122;0;0;10127;82;8;42;;5;0;0;0;0;0
472;240;20180720;17;340;60;60;100;240;;127;10;152;0;0;10123;81;8;49;;5;0;0;0;0;0
473;240;20180720;18;10;50;40;80;235;248.0;129;10;114;0;0;10126;81;8;51;;5;0;0;0;0;0
474;240;20180720;19;350;40;30;80;218;;135;10;47;0;0;10124;81;8;59;;5;0;0;0;0;0
475;240;20180720;20;330;40;40;90;207;;131;2;9;0;0;10128;83;8;61;;5;0;0;0;0;0
476;240;20180720;21;320;30;30;80;181;;147;0;0;0;0;10128;75;8;80;;5;0;0;0;0;0
477;240;20180720;22;330;30;20;40;183;;141;0;0;0;0;10125;75;8;76;;5;0;0;0;0;0
478;240;20180720;23;360;30;40;50;188;;133;0;0;0;0;10121;75;8;70;;5;0;0;0;0;0
479;240;20180720;24;360;30;30;60;191;160.0;130;0;0;0;0;10119;80;8;67;;5;0;0;0;0;0
480;240;20180721;1;360;40;40;50;188;;133;0;0;0;-1;10117;75;8;70;23.0;7;0;1;0;0;0
481;240;20180721;2;360;40;40;60;183;;133;0;0;0;0;10114;75;8;72;;5;0;0;0;0;0
482;240;20180721;3;350;20;20;50;169;;127;0;0;0;0;10111;75;4;76;1.0;7;0;0;0;0;0
483;240;20180721;4;310;30;40;40;149;;123;0;0;0;0;10109;70;0;84;;5;0;0;0;0;0
484;240;20180721;5;320;30;30;40;168;;135;3;15;0;0;10109;50;0;80;10.0;7;0;0;0;0;0
485;240;20180721;6;350;30;30;70;191;126.0;138;8;58;0;0;10113;75;0;71;2.0;7;0;0;0;0;0
486;240;20180721;7;20;30;30;50;206;;144;9;109;0;0;10116;80;0;67;;5;0;0;0;0;0
487;240;20180721;8;340;30;40;70;215;;143;10;167;0;0;10117;80;0;63;;5;0;0;0;0;0
488;240;20180721;9;340;30;30;70;227;;147;10;217;0;0;10115;80;0;60;;5;0;0;0;0;0
489;240;20180721;10;350;40;30;80;241;;137;10;261;0;0;10113;80;0;52;;5;0;0;0;0;0
490;240;20180721;11;310;50;70;110;241;;161;7;247;0;0;10117;80;5;60;;5;0;0;0;0;0
491;240;20180721;12;320;50;40;100;250;199.0;153;9;294;0;0;10118;78;0;55;;5;0;0;0;0;0
492;240;20180721;13;310;60;60;110;252;;157;9;273;0;0;10119;80;1;55;;5;0;0;0;0;0
493;240;20180721;14;310;60;70;100;252;;148;10;278;0;0;10120;75;2;52;;5;0;0;0;0;0
494;240;20180721;15;310;70;80;100;247;;134;10;241;0;0;10121;80;0;49;;5;0;0;0;0;0
495;240;20180721;16;330;80;80;120;242;;130;10;195;0;0;10123;81;0;49;;5;0;0;0;0;0
496;240;20180721;17;330;80;70;110;227;;123;10;143;0;0;10127;81;0;51;;5;0;0;0;0;0
497;240;20180721;18;320;70;70;100;214;217.0;138;10;84;0;0;10126;82;2;62;;5;0;0;0;0;0
498;240;20180721;19;320;50;40;90;199;;135;8;29;0;0;10131;80;0;66;;5;0;0;0;0;0
499;240;20180721;20;320;40;40;70;182;;150;0;3;0;0;10135;70;0;81;;5;0;0;0;0;0
500;240;20180721;21;320;40;40;60;178;;149;0;0;0;0;10138;70;6;83;;5;0;0;0;0;0
501;240;20180721;22;320;30;30;50;161;;134;0;0;0;0;10139;70;8;83;;5;0;0;0;0;0
502;240;20180721;23;310;20;20;30;159;;130;0;0;0;0;10140;70;1;82;;5;0;0;0;0;0
503;240;20180721;24;300;20;20;20;156;89.0;124;0;0;0;0;10139;70;4;81;;5;0;0;0;0;0
504;240;20180722;1;300;20;20;30;151;;140;0;0;0;0;10140;65;8;93;;5;0;0;0;0;0
505;240;20180722;2;300;20;20;20;146;;141;0;0;0;0;10142;58;8;97;10.0;7;0;0;0;0;0
506;240;20180722;3;300;10;10;20;151;;148;0;0;0;0;10142;18;8;98;10.0;7;0;0;0;0;0
507;240;20180722;4;280;10;20;30;151;;149;0;1;0;0;10144;6;6;98;34.0;7;1;0;0;0;0
508;240;20180722;5;270;10;10;20;163;;157;2;15;0;0;10143;59;7;95;20.0;7;1;0;0;0;0
509;240;20180722;6;300;20;20;50;188;89.0;162;2;42;0;0;10147;65;1;84;1.0;7;0;0;0;0;0
510;240;20180722;7;270;20;20;50;205;;156;6;86;0;0;10149;75;7;73;;5;0;0;0;0;0
511;240;20180722;8;280;20;20;50;226;;148;6;129;0;0;10150;82;8;61;;5;0;0;0;0;0
512;240;20180722;9;250;30;40;60;231;;137;3;148;0;0;10152;81;6;55;;5;0;0;0;0;0
513;240;20180722;10;260;40;40;70;244;;129;7;211;0;0;10151;81;8;48;;5;0;0;0;0;0
514;240;20180722;11;270;50;50;90;246;;108;2;191;0;0;10150;81;8;42;;5;0;0;0;0;0
515;240;20180722;12;270;60;70;100;250;186.0;149;8;289;0;0;10148;80;8;53;;5;0;0;0;0;0
516;240;20180722;13;270;70;70;110;241;;161;6;248;0;0;10151;69;8;60;;5;0;0;0;0;0
517;240;20180722;14;300;60;60;100;250;;145;8;268;0;0;10154;80;1;51;;5;0;0;0;0;0
518;240;20180722;15;280;60;60;100;237;;144;10;254;0;0;10155;71;1;55;;5;0;0;0;0;0
519;240;20180722;16;300;60;60;90;233;;140;10;201;0;0;10154;77;0;55;;5;0;0;0;0;0
520;240;20180722;17;290;50;50;80;226;;139;10;149;0;0;10155;78;0;57;;5;0;0;0;0;0
521;240;20180722;18;300;50;40;80;212;223.0;139;10;91;0;0;10156;80;0;62;;5;0;0;0;0;0
522;240;20180722;19;310;40;40;60;199;;129;10;42;0;0;10158;83;0;63;;5;0;0;0;0;0
523;240;20180722;20;310;30;30;50;180;;136;2;6;0;0;10162;75;0;75;;5;0;0;0;0;0
524;240;20180722;21;300;30;20;50;168;;130;0;0;0;0;10165;75;0;78;;5;0;0;0;0;0
525;240;20180722;22;310;20;10;30;173;;139;0;0;0;0;10166;75;0;80;;5;0;0;0;0;0
526;240;20180722;23;300;10;10;10;170;;140;0;0;0;0;10167;68;0;82;;5;0;0;0;0;0
527;240;20180722;24;350;10;10;10;161;107.0;136;0;0;0;0;10168;70;0;84;;5;0;0;0;0;0
528;240;20180723;1;280;10;10;10;155;;142;0;0;0;0;10167;65;0;91;;5;0;0;0;0;0
529;240;20180723;2;290;10;10;30;158;;141;0;0;0;0;10167;64;0;89;;5;0;0;0;0;0
530;240;20180723;3;330;10;10;20;161;;146;0;0;0;0;10167;60;0;90;;5;0;0;0;0;0
531;240;20180723;4;330;10;10;20;154;;144;0;1;0;0;10168;58;0;93;10.0;7;0;0;0;0;0
532;240;20180723;5;0;0;0;10;175;;155;7;17;0;0;10170;61;0;87;;5;0;0;0;0;0
533;240;20180723;6;0;0;0;10;200;100.0;155;10;60;0;0;10171;66;0;75;;5;0;0;0;0;0
534;240;20180723;7;130;10;10;20;215;;155;10;113;0;0;10173;70;0;68;;5;0;0;0;0;0
535;240;20180723;8;120;10;20;30;229;;149;10;163;0;0;10171;73;0;60;;5;0;0;0;0;0
536;240;20180723;9;160;20;30;50;238;;151;10;214;0;0;10173;78;0;58;;5;0;0;0;0;0
537;240;20180723;10;270;20;20;50;255;;154;10;257;0;0;10172;74;0;53;;5;0;0;0;0;0
538;240;20180723;11;270;20;30;50;262;;157;10;287;0;0;10170;75;5;52;;5;0;0;0;0;0
539;240;20180723;12;240;20;20;50;275;207.0;156;10;302;0;0;10171;81;0;48;;5;0;0;0;0;0
540;240;20180723;13;280;20;30;60;274;;154;10;297;0;0;10169;81;0;47;;5;0;0;0;0;0
541;240;20180723;14;270;30;40;60;286;;155;10;278;0;0;10167;82;1;45;;5;0;0;0;0;0
542;240;20180723;15;260;30;40;60;282;;155;10;246;0;0;10166;83;2;46;;5;0;0;0;0;0
543;240;20180723;16;270;40;30;70;281;;156;10;195;0;0;10164;83;7;46;;5;0;0;0;0;0
544;240;20180723;17;280;40;40;60;276;;155;10;145;0;0;10163;82;1;47;;5;0;0;0;0;0
545;240;20180723;18;300;40;40;70;261;273.0;152;10;91;0;0;10162;83;0;50;;5;0;0;0;0;0
546;240;20180723;19;310;30;30;50;246;;141;10;39;0;0;10164;82;0;52;;5;0;0;0;0;0
547;240;20180723;20;360;20;20;70;231;;148;2;5;0;0;10164;83;0;59;;5;0;0;0;0;0
548;240;20180723;21;40;20;10;40;221;;156;0;0;0;0;10164;78;0;66;;5;0;0;0;0;0
549;240;20180723;22;90;10;20;20;202;;157;0;0;0;0;10163;75;0;75;;5;0;0;0;0;0
550;240;20180723;23;100;20;20;30;192;;166;0;0;0;0;10162;70;0;84;;5;0;0;0;0;0
551;240;20180723;24;80;10;10;20;187;133.0;173;0;0;0;0;10158;65;0;91;;5;0;0;0;0;0
552;240;20180724;1;0;10;0;20;188;;179;0;0;0;0;10156;65;0;94;;5;0;0;0;0;0
553;240;20180724;2;170;10;10;20;184;;170;0;0;0;0;10153;65;2;91;;5;0;0;0;0;0
554;240;20180724;3;130;10;10;20;183;;177;0;0;0;0;10152;65;4;96;;5;0;0;0;0;0
555;240;20180724;4;150;10;10;20;177;;168;0;1;0;0;10151;65;8;94;;5;0;0;0;0;0
556;240;20180724;5;160;10;10;20;190;;179;7;15;0;0;10151;63;0;93;;5;0;0;0;0;0
557;240;20180724;6;200;10;20;30;221;127.0;183;2;52;0;0;10151;67;0;79;;5;0;0;0;0;0
558;240;20180724;7;230;20;20;40;243;;179;10;104;0;0;10152;70;8;67;;5;0;0;0;0;0
559;240;20180724;8;180;20;30;40;261;;174;10;155;0;0;10151;74;2;58;;5;0;0;0;0;0
560;240;20180724;9;180;20;20;40;280;;173;10;220;0;0;10147;77;8;52;;5;0;0;0;0;0
561;240;20180724;10;160;30;40;60;288;;169;9;248;0;0;10146;80;0;48;;5;0;0;0;0;0
562;240;20180724;11;190;30;30;60;291;;167;7;241;0;0;10144;79;4;47;;5;0;0;0;0;0
563;240;20180724;12;290;50;50;80;295;219.0;160;7;221;0;0;10142;80;0;44;;5;0;0;0;0;0
564;240;20180724;13;290;50;60;80;293;;162;8;276;0;0;10141;80;0;45;;5;0;0;0;0;0
565;240;20180724;14;280;60;70;80;292;;152;10;266;0;0;10139;79;0;42;;5;0;0;0;0;0
566;240;20180724;15;310;60;60;90;286;;142;10;229;0;0;10139;82;0;41;;5;0;0;0;0;0
567;240;20180724;16;310;50;40;80;283;;132;10;181;0;0;10139;83;1;39;;5;0;0;0;0;0
568;240;20180724;17;300;40;50;70;273;;112;10;130;0;0;10140;82;5;36;;5;0;0;0;0;0
569;240;20180724;18;330;40;30;70;256;258.0;115;10;73;0;0;10142;83;0;41;;5;0;0;0;0;0
570;240;20180724;19;350;30;30;60;241;;134;10;30;0;0;10143;82;4;51;;5;0;0;0;0;0
571;240;20180724;20;360;20;20;40;227;;135;2;4;0;0;10146;83;8;56;;5;0;0;0;0;0
572;240;20180724;21;330;20;20;40;215;;147;0;0;0;0;10149;80;8;65;;5;0;0;0;0;0
573;240;20180724;22;40;20;30;50;228;;140;0;0;0;0;10152;83;8;57;;5;0;0;0;0;0
574;240;20180724;23;60;30;30;50;225;;161;0;0;0;0;10151;80;8;66;;5;0;0;0;0;0
575;240;20180724;24;60;20;20;50;214;186.0;169;0;0;0;0;10150;75;8;75;;5;0;0;0;0;0
576;240;20180725;1;20;10;10;30;204;;165;0;0;0;0;10150;75;7;78;;5;0;0;0;0;0
577;240;20180725;2;990;10;10;20;203;;165;0;0;0;0;10150;75;8;78;;5;0;0;0;0;0
578;240;20180725;3;100;10;10;20;200;;174;0;0;0;0;10149;70;8;84;;5;0;0;0;0;0
579;240;20180725;4;40;10;10;20;202;;178;0;0;0;0;10150;70;8;86;;5;0;0;0;0;0
580;240;20180725;5;300;20;20;40;189;;174;0;7;0;0;10157;60;1;90;;5;0;0;0;0;0
581;240;20180725;6;200;20;20;40;229;144.0;186;7;52;0;0;10162;67;0;77;;5;0;0;0;0;0
582;240;20180725;7;180;30;20;50;241;;177;8;100;0;0;10167;75;8;67;;5;0;0;0;0;0
583;240;20180725;8;280;20;10;40;245;;175;0;58;0;0;10169;80;8;65;;5;0;0;0;0;0
584;240;20180725;9;330;10;10;30;247;;172;0;51;0;0;10172;80;8;63;;5;0;0;0;0;0
585;240;20180725;10;10;20;30;40;251;;168;0;57;0;0;10168;81;8;60;;5;0;0;0;0;0
586;240;20180725;11;20;20;20;60;260;;169;0;46;0;0;10166;74;8;57;;5;0;0;0;0;0
587;240;20180725;12;350;30;30;60;274;235.0;162;1;154;0;0;10169;80;8;50;;5;0;0;0;0;0
588;240;20180725;13;40;30;40;70;292;;133;7;261;0;0;10167;81;8;37;;5;0;0;0;0;0
589;240;20180725;14;30;40;30;70;298;;149;10;278;0;0;10166;80;8;40;;5;0;0;0;0;0
590;240;20180725;15;360;30;30;70;296;;149;10;230;0;0;10164;81;0;40;;5;0;0;0;0;0
591;240;20180725;16;10;40;40;70;298;;160;10;182;0;0;10161;81;0;43;;5;0;0;0;0;0
592;240;20180725;17;30;40;50;70;289;;158;10;130;0;0;10158;82;0;45;;5;0;0;0;0;0
593;240;20180725;18;50;50;50;70;275;275.0;166;10;76;0;0;10159;81;0;51;;5;0;0;0;0;0
594;240;20180725;19;50;50;50;80;259;;163;10;32;0;0;10165;83;0;55;;5;0;0;0;0;0
595;240;20180725;20;50;40;40;70;247;;167;2;4;0;0;10165;83;0;61;;5;0;0;0;0;0
596;240;20180725;21;40;30;40;60;240;;174;0;0;0;0;10165;80;0;66;;5;0;0;0;0;0
597;240;20180725;22;30;30;30;50;231;;178;0;0;0;0;10164;75;0;72;;5;0;0;0;0;0
598;240;20180725;23;50;30;30;50;224;;182;0;0;0;0;10164;75;0;77;;5;0;0;0;0;0
599;240;20180725;24;40;30;20;60;219;206.0;180;0;0;0;0;10164;75;0;78;;5;0;0;0;0;0
600;240;20180726;1;50;30;30;50;216;;179;0;0;0;0;10164;75;0;79;;5;0;0;0;0;0
601;240;20180726;2;50;20;30;40;210;;175;0;0;0;0;10161;75;2;80;;5;0;0;0;0;0
602;240;20180726;3;50;30;40;50;216;;180;0;0;0;0;10160;74;8;79;;5;0;0;0;0;0
603;240;20180726;4;50;30;30;60;216;;181;0;0;0;0;10158;66;8;80;;5;0;0;0;0;0
604;240;20180726;5;60;30;40;50;217;;184;0;10;0;0;10155;66;1;81;;5;0;0;0;0;0
605;240;20180726;6;60;40;30;70;233;187.0;190;2;44;0;0;10156;65;0;77;;5;0;0;0;0;0
606;240;20180726;7;60;40;40;60;247;;190;10;96;0;0;10153;68;0;70;;5;0;0;0;0;0
607;240;20180726;8;70;30;30;50;258;;188;10;151;0;0;10152;72;0;65;;5;0;0;0;0;0
608;240;20180726;9;60;30;30;50;278;;190;10;199;0;0;10150;70;0;58;;5;0;0;0;0;0
609;240;20180726;10;80;30;30;60;304;;187;10;245;0;0;10147;74;0;49;;5;0;0;0;0;0
610;240;20180726;11;100;30;30;50;308;;189;10;275;0;0;10145;76;0;49;;5;0;0;0;0;0
611;240;20180726;12;60;30;30;80;319;238.0;191;10;266;0;0;10142;72;0;46;;5;0;0;0;0;0
612;240;20180726;13;80;30;30;60;328;;184;1;59;0;0;10137;79;0;42;;5;0;0;0;0;0
613;240;20180726;14;80;30;40;70;337;;177;6;152;0;0;10131;79;0;38;;5;0;0;0;0;0
614;240;20180726;15;90;30;30;60;343;;168;10;228;0;0;10128;81;0;35;;5;0;0;0;0;0
615;240;20180726;16;90;30;40;60;343;;169;10;183;0;0;10123;79;0;35;;5;0;0;0;0;0
616;240;20180726;17;70;40;30;70;337;;146;10;128;0;0;10121;80;0;31;;5;0;0;0;0;0
617;240;20180726;18;60;30;30;40;314;315.0;182;8;72;0;0;10122;81;1;45;12.0;7;0;0;0;0;0
618;240;20180726;19;160;30;50;90;304;;157;0;13;0;-1;10131;82;8;41;26.0;7;0;1;0;1;0
619;240;20180726;20;190;40;40;90;277;;166;0;1;0;-1;10135;83;8;50;26.0;7;0;1;0;1;0
620;240;20180726;21;40;20;20;60;259;;179;0;0;0;0;10132;81;8;61;2.0;7;0;0;0;0;0
621;240;20180726;22;70;20;20;30;248;;180;0;0;0;0;10133;80;8;65;26.0;7;0;0;0;1;0
622;240;20180726;23;60;20;20;30;253;;172;0;0;0;-1;10133;81;8;60;81.0;7;0;1;0;0;0
623;240;20180726;24;60;20;20;30;235;191.0;183;0;0;0;-1;10130;75;8;72;23.0;7;0;1;0;0;0
624;240;20180727;1;90;30;40;60;260;;152;0;0;0;0;10126;83;8;51;;5;0;0;0;0;0
625;240;20180727;2;100;40;30;60;242;;146;0;0;0;0;10123;82;8;54;;5;0;0;0;0;0
626;240;20180727;3;120;40;40;60;251;;140;0;0;0;0;10120;83;8;50;;5;0;0;0;0;0
627;240;20180727;4;120;50;50;70;258;;136;0;0;0;0;10121;83;8;46;;5;0;0;0;0;0
628;240;20180727;5;110;50;50;70;259;;129;0;9;0;0;10122;82;8;44;;5;0;0;0;0;0
629;240;20180727;6;120;60;60;80;273;190.0;129;3;47;0;0;10122;80;8;41;;5;0;0;0;0;0
630;240;20180727;7;120;70;70;90;288;;127;8;120;0;0;10123;80;8;37;;5;0;0;0;0;0
631;240;20180727;8;120;60;70;100;307;;122;9;177;0;0;10123;81;8;32;;5;0;0;0;0;0
632;240;20180727;9;140;60;60;90;314;;126;5;161;0;0;10122;82;8;31;;5;0;0;0;0;0
633;240;20180727;10;130;60;60;100;334;;108;7;244;0;0;10119;80;8;25;;5;0;0;0;0;0
634;240;20180727;11;150;60;70;100;339;;102;6;237;0;0;10115;80;6;23;;5;0;0;0;0;0
635;240;20180727;12;120;60;60;100;346;275.0;103;10;299;0;0;10111;83;8;22;;5;0;0;0;0;0
636;240;20180727;13;130;60;60;100;351;;105;10;290;0;0;10105;81;8;22;;5;0;0;0;0;0
637;240;20180727;14;130;50;50;100;352;;90;10;277;0;0;10100;81;6;20;;5;0;0;0;0;0
638;240;20180727;15;120;50;40;80;352;;111;10;243;0;0;10094;80;1;23;;5;0;0;0;0;0
639;240;20180727;16;140;50;50;80;348;;97;10;198;0;0;10088;81;0;21;;5;0;0;0;0;0
640;240;20180727;17;140;40;40;70;327;;111;5;93;0;0;10082;82;6;26;;5;0;0;0;0;0
641;240;20180727;18;120;30;30;50;324;312.0;127;8;66;0;0;10077;81;8;30;;5;0;0;0;0;0
642;240;20180727;19;70;20;20;40;283;;154;10;33;0;0;10073;82;0;45;;5;0;0;0;0;0
643;240;20180727;20;90;30;30;40;265;;136;0;4;0;0;10075;83;8;44;;5;0;0;0;0;0
644;240;20180727;21;100;40;40;60;274;;122;0;0;0;0;10074;83;8;38;;5;0;0;0;0;0
645;240;20180727;22;100;50;50;70;275;;115;0;0;0;0;10071;83;3;37;;5;0;0;0;0;0
646;240;20180727;23;270;60;110;150;230;;164;0;0;0;0;10082;71;8;66;;5;0;0;0;0;0
647;240;20180727;24;320;70;50;110;216;205.0;165;0;0;0;0;10077;66;8;72;;5;0;0;0;0;0
648;240;20180728;1;320;40;30;80;210;;164;0;0;0;0;10066;69;0;74;;5;0;0;0;0;0
649;240;20180728;2;280;50;40;80;206;;167;0;0;0;0;10071;70;6;78;;5;0;0;0;0;0
650;240;20180728;3;210;20;20;50;211;;175;0;0;0;-1;10073;67;8;80;81.0;7;0;1;0;0;0
651;240;20180728;4;990;30;10;50;195;;183;0;0;6;7;10054;62;8;92;23.0;7;0;1;0;0;0
652;240;20180728;5;270;10;20;30;196;;180;0;5;0;0;10058;64;7;90;;5;0;0;0;0;0
653;240;20180728;6;230;40;30;70;214;179.0;184;0;36;0;0;10060;66;8;83;3.0;7;0;0;0;0;0
654;240;20180728;7;990;20;10;50;207;;192;0;14;4;4;10061;65;8;91;81.0;7;0;1;0;0;0
655;240;20180728;8;160;20;30;40;213;;188;0;41;3;1;10063;66;8;85;23.0;7;0;1;0;0;0
656;240;20180728;9;170;40;40;60;220;;189;0;62;0;0;10067;66;8;82;2.0;7;0;0;0;0;0
657;240;20180728;10;200;60;80;100;243;;182;3;172;0;0;10065;68;7;68;;5;0;0;0;0;0
658;240;20180728;11;230;90;110;140;228;;187;4;157;1;4;10067;74;7;77;26.0;7;0;1;0;1;0
659;240;20180728;12;240;80;80;120;232;205.0;174;4;176;3;1;10072;75;7;70;26.0;7;0;1;0;1;0
660;240;20180728;13;250;120;120;180;225;;127;5;222;0;0;10084;74;6;53;12.0;7;0;0;0;0;0
661;240;20180728;14;250;120;120;170;226;;102;10;284;0;0;10090;70;7;45;;5;0;0;0;0;0
662;240;20180728;15;240;120;110;180;228;;53;10;255;0;0;10095;80;0;32;;5;0;0;0;0;0
663;240;20180728;16;240;120;100;160;214;;85;10;208;0;0;10102;78;0;43;;5;0;0;0;0;0
664;240;20180728;17;240;110;100;170;214;;59;10;148;0;0;10106;78;0;36;;5;0;0;0;0;0
665;240;20180728;18;240;100;100;160;206;206.0;90;10;89;0;0;10110;80;0;47;;5;0;0;0;0;0
666;240;20180728;19;230;90;90;140;195;;89;10;36;0;0;10118;80;0;50;;5;0;0;0;0;0
667;240;20180728;20;230;80;70;130;188;;102;0;4;0;0;10124;74;0;57;;5;0;0;0;0;0
668;240;20180728;21;220;60;60;100;179;;101;0;0;0;0;10125;75;0;60;;5;0;0;0;0;0
669;240;20180728;22;220;50;50;80;170;;101;0;0;0;0;10128;75;0;63;;5;0;0;0;0;0
670;240;20180728;23;160;40;40;60;153;;106;0;0;0;0;10129;75;7;73;;5;0;0;0;0;0
671;240;20180728;24;170;30;30;50;147;120.0;103;0;0;0;0;10129;75;7;75;;5;0;0;0;0;0
672;240;20180729;1;150;30;30;50;148;;108;0;0;0;0;10130;74;7;76;;5;0;0;0;0;0
673;240;20180729;2;150;30;40;50;155;;115;0;0;0;0;10130;75;8;77;;5;0;0;0;0;0
674;240;20180729;3;150;40;40;60;166;;105;0;0;0;0;10129;80;8;66;;5;0;0;0;0;0
675;240;20180729;4;140;40;40;50;161;;104;0;0;0;0;10126;80;8;68;;5;0;0;0;0;0
676;240;20180729;5;150;40;40;50;168;;101;0;6;0;0;10126;82;8;64;;5;0;0;0;0;0
677;240;20180729;6;140;40;50;70;181;119.0;98;6;47;0;0;10121;81;8;58;;5;0;0;0;0;0
678;240;20180729;7;130;40;50;80;202;;123;5;80;0;0;10117;80;8;60;;5;0;0;0;0;0
679;240;20180729;8;160;70;80;130;219;;122;6;128;0;0;10115;78;5;54;;5;0;0;0;0;0
680;240;20180729;9;180;80;80;110;241;;103;10;216;0;0;10111;80;3;41;;5;0;0;0;0;0
681;240;20180729;10;180;80;90;130;253;;99;7;227;0;0;10108;81;8;37;;5;0;0;0;0;0
682;240;20180729;11;180;90;80;140;259;;94;6;245;0;0;10106;80;8;35;;5;0;0;0;0;0
683;240;20180729;12;190;100;80;140;247;182.0;97;1;136;0;0;10107;81;8;38;;5;0;0;0;0;0
684;240;20180729;13;200;80;90;110;242;;91;0;105;0;-1;10108;82;8;38;81.0;7;0;1;0;0;0
685;240;20180729;14;210;60;50;100;222;;138;0;85;0;-1;10107;79;8;58;23.0;7;0;1;0;0;0
686;240;20180729;15;210;60;70;80;231;;118;0;82;0;-1;10108;80;8;49;81.0;7;0;1;0;0;0
687;240;20180729;16;210;60;60;90;235;;111;0;58;0;-1;10107;82;8;45;23.0;7;0;1;0;0;0
688;240;20180729;17;200;50;60;80;229;;125;2;59;0;-1;10107;79;8;51;51.0;7;0;1;0;0;0
689;240;20180729;18;200;60;80;100;232;211.0;116;0;44;0;-1;10109;82;8;48;22.0;7;0;1;0;0;0
690;240;20180729;19;200;60;50;90;228;;125;0;14;0;0;10110;82;8;52;;5;0;0;0;0;0
691;240;20180729;20;190;40;30;70;222;;136;0;2;0;0;10113;83;8;58;;5;0;0;0;0;0
692;240;20180729;21;160;30;30;50;213;;139;0;0;0;0;10117;80;8;62;;5;0;0;0;0;0
693;240;20180729;22;170;30;30;60;214;;147;0;0;0;0;10120;80;8;65;;5;0;0;0;0;0
694;240;20180729;23;210;40;40;90;223;;156;0;0;0;0;10121;80;8;65;;5;0;0;0;0;0
695;240;20180729;24;150;30;30;60;208;196.0;157;0;0;0;0;10121;75;8;72;;5;0;0;0;0;0
696;240;20180730;1;150;30;40;50;212;;152;0;0;0;0;10122;80;8;68;;5;0;0;0;0;0
697;240;20180730;2;180;40;40;60;217;;154;0;0;0;0;10126;80;8;67;;5;0;0;0;0;0
698;240;20180730;3;180;30;30;50;209;;157;0;0;0;0;10127;75;8;72;;5;0;0;0;0;0
699;240;20180730;4;170;30;30;50;207;;162;0;0;0;0;10129;75;8;75;;5;0;0;0;0;0
700;240;20180730;5;160;30;30;50;210;;166;0;7;0;0;10132;75;8;75;;5;0;0;0;0;0
701;240;20180730;6;160;30;40;50;218;189.0;165;0;30;0;0;10134;75;8;72;;5;0;0;0;0;0
702;240;20180730;7;180;40;50;70;229;;169;1;63;0;0;10138;80;8;68;;5;0;0;0;0;0
703;240;20180730;8;170;50;50;80;241;;166;1;92;0;0;10140;80;8;62;;5;0;0;0;0;0
704;240;20180730;9;180;60;60;90;257;;167;9;214;0;0;10140;81;8;57;;5;0;0;0;0;0
705;240;20180730;10;180;70;80;110;273;;168;7;227;0;0;10139;80;8;52;;5;0;0;0;0;0
706;240;20180730;11;190;70;60;110;267;;168;3;191;0;0;10139;81;7;54;;5;0;0;0;0;0
707;240;20180730;12;190;60;60;100;278;220.0;168;1;141;0;0;10137;82;8;51;;5;0;0;0;0;0
708;240;20180730;13;190;60;60;110;283;;164;3;194;0;0;10138;81;8;48;;5;0;0;0;0;0
709;240;20180730;14;210;70;60;100;289;;166;4;172;0;0;10136;80;8;47;;5;0;0;0;0;0
710;240;20180730;15;210;60;60;100;272;;160;2;118;0;0;10138;83;8;50;;5;0;0;0;0;0
711;240;20180730;16;290;50;30;80;250;;182;0;67;0;0;10138;80;8;66;;5;0;0;0;0;0
712;240;20180730;17;310;20;30;40;255;;183;0;57;0;0;10135;82;8;64;;5;0;0;0;0;0
713;240;20180730;18;990;10;10;40;265;254.0;182;10;81;0;0;10137;81;8;60;;5;0;0;0;0;0
714;240;20180730;19;270;70;80;130;207;;162;5;24;0;0;10155;75;4;75;;5;0;0;0;0;0
715;240;20180730;20;270;70;40;120;201;;161;0;2;0;0;10157;75;8;77;;5;0;0;0;0;0
716;240;20180730;21;360;20;10;70;193;;158;0;0;0;0;10154;75;8;80;;5;0;0;0;0;0
717;240;20180730;22;340;10;10;10;187;;156;0;0;0;0;10152;70;8;82;;5;0;0;0;0;0
718;240;20180730;23;110;10;10;20;190;;161;0;0;0;0;10153;70;8;83;;5;0;0;0;0;0
719;240;20180730;24;110;20;20;30;186;147.0;160;0;0;0;0;10151;70;8;84;;5;0;0;0;0;0
720;240;20180731;1;110;20;20;30;180;;161;0;0;0;0;10150;70;8;88;;5;0;0;0;0;0
721;240;20180731;2;130;10;20;20;188;;166;0;0;0;0;10149;70;7;87;;5;0;0;0;0;0
722;240;20180731;3;130;10;20;20;191;;171;0;0;0;0;10147;70;8;88;;5;0;0;0;0;0
723;240;20180731;4;190;10;10;20;189;;166;0;0;0;0;10146;70;8;86;;5;0;0;0;0;0
724;240;20180731;5;110;10;20;20;187;;165;0;7;0;0;10142;70;8;87;;5;0;0;0;0;0
725;240;20180731;6;130;10;20;30;202;150.0;173;0;24;0;0;10139;70;8;83;;5;0;0;0;0;0
726;240;20180731;7;150;20;10;40;216;;166;0;44;0;0;10141;75;8;73;;5;0;0;0;0;0
727;240;20180731;8;240;40;60;90;202;;177;1;49;3;19;10147;65;8;85;81.0;7;0;1;0;0;0
728;240;20180731;9;190;40;60;90;242;;194;9;201;0;-1;10144;73;4;74;23.0;7;0;1;0;0;0
729;240;20180731;10;250;80;120;160;224;;177;4;143;3;1;10157;75;8;75;23.0;7;0;1;0;0;0
730;240;20180731;11;290;110;80;160;219;;149;5;191;0;0;10170;78;6;64;;5;0;0;0;0;0
731;240;20180731;12;260;50;50;110;240;198.0;148;9;290;0;0;10173;81;1;56;1.0;7;0;0;0;0;0
732;240;20180731;13;240;70;70;100;239;;123;10;298;0;0;10178;80;2;48;;5;0;0;0;0;0
733;240;20180731;14;250;70;60;110;235;;123;10;282;0;0;10182;82;0;49;;5;0;0;0;0;0
734;240;20180731;15;260;60;60;100;232;;119;10;247;0;0;10185;82;0;48;;5;0;0;0;0;0
735;240;20180731;16;270;60;60;100;220;;132;10;199;0;0;10188;79;4;57;;5;0;0;0;0;0
736;240;20180731;17;290;60;60;90;219;;124;10;143;0;0;10190;81;2;54;;5;0;0;0;0;0
737;240;20180731;18;280;50;40;80;205;205.0;130;8;73;0;0;10194;81;0;62;;5;0;0;0;0;0
738;240;20180731;19;280;40;40;60;189;;135;10;33;0;0;10197;75;2;70;;5;0;0;0;0;0
739;240;20180731;20;310;20;10;50;175;;138;0;2;0;0;10200;75;0;78;;5;0;0;0;0;0
740;240;20180731;21;0;10;0;20;167;;139;0;0;0;0;10203;70;0;83;;5;0;0;0;0;0
741;240;20180731;22;340;0;10;10;162;;143;0;0;0;0;10206;70;8;88;;5;0;0;0;0;0
742;240;20180731;23;90;10;10;10;152;;141;0;0;0;0;10205;65;8;92;;5;0;0;0;0;0
743;240;20180731;24;150;10;10;10;148;80.0;140;0;0;0;0;10206;65;1;94;;5;0;0;0;0;0
744;240;20180801;1;0;10;0;20;143;;138;0;0;0;0;10208;65;0;97;;5;0;0;0;0;0
745;240;20180801;2;70;10;10;10;141;;136;0;0;0;0;10209;65;0;97;;5;0;0;0;0;0
746;240;20180801;3;90;10;10;20;129;;123;0;0;0;0;10207;65;0;96;;5;0;0;0;0;0
747;240;20180801;4;130;10;10;20;139;;134;0;0;0;0;10208;62;8;97;;5;0;0;0;0;0
748;240;20180801;5;60;10;10;10;146;;138;7;14;0;0;10209;59;6;95;10.0;7;0;0;0;0;0
749;240;20180801;6;100;0;10;10;180;71.0;150;7;48;0;0;10213;65;8;83;;5;0;0;0;0;0
750;240;20180801;7;160;10;10;20;195;;151;4;78;0;0;10215;73;8;75;;5;0;0;0;0;0
751;240;20180801;8;190;20;20;40;213;;123;5;129;0;0;10218;82;8;56;;5;0;0;0;0;0
752;240;20180801;9;230;20;20;40;231;;119;7;182;0;0;10218;82;8;49;;5;0;0;0;0;0
753;240;20180801;10;190;20;30;60;237;;111;8;231;0;0;10220;81;8;45;;5;0;0;0;0;0
754;240;20180801;11;250;20;20;50;242;;115;5;215;0;0;10219;81;8;45;;5;0;0;0;0;0
755;240;20180801;12;270;30;30;60;255;176.0;127;6;239;0;0;10218;81;6;45;;5;0;0;0;0;0
756;240;20180801;13;290;40;40;80;250;;133;9;281;0;0;10217;80;7;48;;5;0;0;0;0;0
757;240;20180801;14;300;40;40;60;249;;123;6;216;0;0;10217;81;8;45;;5;0;0;0;0;0
758;240;20180801;15;280;30;40;70;257;;114;10;229;0;0;10215;81;2;40;;5;0;0;0;0;0
759;240;20180801;16;310;40;40;70;244;;110;8;169;0;0;10216;82;4;42;;5;0;0;0;0;0
760;240;20180801;17;330;40;40;60;241;;101;10;132;0;0;10215;81;0;41;;5;0;0;0;0;0
761;240;20180801;18;330;40;40;60;231;231.0;106;10;74;0;0;10215;82;0;45;;5;0;0;0;0;0
762;240;20180801;19;320;30;30;40;210;;106;8;24;0;0;10217;83;0;51;;5;0;0;0;0;0
763;240;20180801;20;330;30;20;50;189;;126;0;1;0;0;10220;80;0;66;;5;0;0;0;0;0
764;240;20180801;21;330;10;10;30;189;;130;0;0;0;0;10222;80;1;68;;5;0;1;0;0;0
765;240;20180801;22;310;20;20;20;168;;136;0;0;0;0;10223;70;8;81;;5;0;0;0;0;0
766;240;20180801;23;60;20;10;20;173;;141;0;0;0;0;10223;70;8;81;;5;0;0;0;0;0
767;240;20180801;24;0;10;0;20;170;112.0;147;0;0;0;0;10224;70;8;86;;5;0;0;0;0;0
768;240;20180802;1;310;10;20;20;165;;140;0;0;0;0;10224;70;7;85;;5;0;0;0;0;0
769;240;20180802;2;70;10;10;10;162;;147;0;0;0;0;10224;70;8;90;;5;0;0;0;0;0
770;240;20180802;3;0;10;0;10;169;;160;0;0;0;0;10222;65;8;94;;5;0;0;0;0;0
771;240;20180802;4;70;10;10;20;160;;150;0;0;0;0;10223;65;8;94;;5;0;0;0;0;0
772;240;20180802;5;0;10;0;10;165;;158;2;9;0;0;10222;65;8;95;;5;0;0;0;0;0
773;240;20180802;6;300;10;10;20;202;106.0;155;3;46;0;0;10227;75;7;74;;5;0;0;0;0;0
774;240;20180802;7;360;10;10;20;241;;132;10;101;0;0;10230;78;0;50;;5;0;0;0;0;0
775;240;20180802;8;300;20;30;40;245;;130;10;155;0;0;10232;80;8;48;;5;0;0;0;0;0
776;240;20180802;9;300;20;20;50;257;;120;10;198;0;0;10234;80;8;42;;5;0;0;0;0;0
777;240;20180802;10;320;30;40;50;264;;146;10;248;0;0;10235;80;8;48;;5;0;0;0;0;0
778;240;20180802;11;290;30;30;60;270;;134;10;278;0;0;10236;80;5;43;;5;0;0;0;0;0
779;240;20180802;12;290;30;40;60;271;194.0;129;10;293;0;0;10235;81;8;41;;5;0;0;0;0;0
780;240;20180802;13;300;40;40;70;274;;141;10;289;0;0;10234;82;0;44;;5;0;0;0;0;0
781;240;20180802;14;280;40;40;80;269;;136;10;269;0;0;10234;81;0;43;;5;0;0;0;0;0
782;240;20180802;15;280;50;50;80;268;;128;10;239;0;0;10233;82;0;41;;5;0;0;0;0;0
783;240;20180802;16;280;40;30;70;265;;121;10;192;0;0;10232;80;0;40;;5;0;0;0;0;0
784;240;20180802;17;310;30;30;60;258;;125;10;137;0;0;10231;82;0;43;;5;0;0;0;0;0
785;240;20180802;18;300;30;30;50;247;254.0;124;10;79;0;0;10232;82;0;46;;5;0;0;0;0;0
786;240;20180802;19;310;30;30;40;226;;132;8;31;0;0;10234;82;0;55;;5;0;0;0;0;0
787;240;20180802;20;310;30;30;40;202;;135;0;2;0;0;10236;80;0;65;;5;0;0;0;0;0
788;240;20180802;21;330;20;20;40;192;;128;0;0;0;0;10238;80;0;66;;5;0;0;0;0;0
789;240;20180802;22;20;20;20;30;192;;147;0;0;0;0;10239;75;0;75;;5;0;0;0;0;0
790;240;20180802;23;20;20;10;20;177;;149;0;0;0;0;10239;70;0;83;;5;0;0;0;0;0
791;240;20180802;24;320;10;20;20;178;114.0;153;0;0;0;0;10236;70;0;84;;5;0;0;0;0;0
792;240;20180803;1;320;20;10;20;167;;147;0;0;0;0;10235;66;0;87;;5;0;0;0;0;0
793;240;20180803;2;310;10;20;20;160;;140;0;0;0;0;10231;66;0;87;;5;0;0;0;0;0
794;240;20180803;3;0;10;0;20;160;;147;0;0;0;0;10229;63;0;91;;5;0;0;0;0;0
795;240;20180803;4;330;10;10;10;156;;145;0;0;0;0;10231;63;0;93;;5;0;0;0;0;0
796;240;20180803;5;320;10;20;20;163;;150;3;11;0;0;10228;64;0;91;;5;0;0;0;0;0
797;240;20180803;6;330;10;10;20;205;93.0;160;10;51;0;0;10230;62;0;75;;5;0;0;0;0;0
798;240;20180803;7;70;10;10;20;239;;160;10;106;0;0;10230;71;0;61;;5;0;0;0;0;0
799;240;20180803;8;990;10;10;20;257;;157;10;161;0;0;10229;79;0;54;;5;0;0;0;0;0
800;240;20180803;9;290;10;20;40;270;;148;10;214;0;0;10228;80;0;47;;5;0;0;0;0;0
801;240;20180803;10;360;20;20;50;281;;132;10;245;0;0;10226;80;0;39;;5;0;0;0;0;0
802;240;20180803;11;50;20;20;40;291;;105;10;275;0;0;10222;81;0;31;;5;0;0;0;0;0
803;240;20180803;12;250;20;20;40;300;195.0;117;10;267;0;0;10219;80;0;32;;5;0;0;0;0;0
804;240;20180803;13;70;20;30;50;299;;139;10;259;0;0;10215;80;0;37;;5;0;0;0;0;0
805;240;20180803;14;70;30;30;70;300;;159;10;247;0;0;10210;80;0;42;;5;0;0;0;0;0
806;240;20180803;15;330;50;50;80;297;;150;10;224;0;0;10207;81;0;40;;5;0;0;0;0;0
807;240;20180803;16;350;60;50;90;292;;127;10;182;0;0;10206;80;0;36;;5;0;0;0;0;0
808;240;20180803;17;20;40;30;70;288;;154;10;139;0;0;10201;82;0;44;;5;0;0;0;0;0
809;240;20180803;18;40;40;40;70;272;272.0;147;10;81;0;0;10201;82;0;46;;5;0;0;0;0;0
810;240;20180803;19;30;40;40;70;252;;150;7;25;0;0;10200;83;0;53;;5;0;0;0;0;0
811;240;20180803;20;40;30;30;60;242;;148;0;1;0;0;10203;83;0;55;;5;0;0;0;0;0
812;240;20180803;21;10;40;50;70;235;;160;0;0;0;0;10209;83;0;62;;5;0;0;0;0;0
813;240;20180803;22;30;40;40;80;224;;167;0;0;0;0;10209;75;8;70;;5;0;0;0;0;0
814;240;20180803;23;40;30;40;60;218;;174;0;0;0;0;10205;75;8;76;;5;0;0;0;0;0
815;240;20180803;24;70;30;30;50;216;199.0;173;0;0;0;0;10201;75;8;76;;5;0;0;0;0;0
816;240;20180804;1;90;20;20;40;214;;171;0;0;0;0;10201;75;8;76;;5;0;0;0;0;0
817;240;20180804;2;350;20;10;30;210;;158;0;0;0;0;10200;75;8;72;;5;0;0;0;0;0
818;240;20180804;3;10;10;10;20;196;;155;0;0;0;0;10197;75;8;76;;5;0;0;0;0;0
819;240;20180804;4;320;10;20;30;183;;157;0;0;0;0;10199;70;1;85;;5;0;0;0;0;0
820;240;20180804;5;320;10;10;30;192;;160;3;9;0;0;10200;70;0;82;;5;0;0;0;0;0
821;240;20180804;6;350;30;40;60;215;135.0;165;10;46;0;0;10203;75;0;73;;5;0;0;0;0;0
822;240;20180804;7;350;20;20;50;235;;165;10;99;0;0;10206;80;0;65;;5;0;0;0;0;0
823;240;20180804;8;20;30;20;60;248;;163;10;154;0;0;10208;80;5;59;;5;0;0;0;0;0
824;240;20180804;9;300;20;30;40;260;;173;8;175;0;0;10209;80;8;58;;5;0;0;0;0;0
825;240;20180804;10;320;30;30;50;264;;174;7;228;0;0;10209;81;7;57;;5;0;0;0;0;0
826;240;20180804;11;350;30;40;60;271;;182;2;166;0;0;10209;80;8;58;;5;0;0;0;0;0
827;240;20180804;12;310;40;40;80;273;217.0;177;4;200;0;0;10209;80;7;55;;5;0;0;0;0;0
828;240;20180804;13;310;50;60;90;262;;174;4;192;0;0;10210;81;8;58;;5;0;0;0;0;0
829;240;20180804;14;320;60;60;80;259;;174;7;233;0;0;10211;81;8;59;;5;0;0;0;0;0
830;240;20180804;15;320;80;80;110;231;;179;4;149;0;0;10215;75;8;72;;5;0;0;0;0;0
831;240;20180804;16;330;80;70;100;222;;174;7;138;0;0;10219;75;8;74;;5;0;0;0;0;0
832;240;20180804;17;330;60;60;90;218;;167;9;122;0;0;10220;75;7;73;;5;0;0;0;0;0
833;240;20180804;18;330;60;60;100;206;210.0;166;10;78;0;0;10219;75;8;77;;5;0;0;0;0;0
834;240;20180804;19;330;60;50;90;194;;160;3;21;0;0;10222;75;6;80;;5;0;0;0;0;0
835;240;20180804;20;320;40;40;80;189;;162;0;1;0;0;10225;70;8;84;;5;0;0;0;0;0
836;240;20180804;21;330;40;40;60;187;;167;0;0;0;0;10226;70;8;87;;5;0;0;0;0;0
837;240;20180804;22;330;40;40;60;183;;164;0;0;0;0;10228;70;8;88;;5;0;0;0;0;0
838;240;20180804;23;340;30;30;50;180;;159;0;0;0;0;10229;70;6;87;;5;0;0;0;0;0
839;240;20180804;24;350;30;30;50;177;163.0;157;0;0;0;0;10231;70;1;87;;5;0;0;0;0;0
840;240;20180805;1;360;40;40;60;179;;154;0;0;0;0;10232;70;0;85;;5;0;0;0;0;0
841;240;20180805;2;350;40;40;60;176;;151;0;0;0;0;10232;70;0;85;;5;0;0;0;0;0
842;240;20180805;3;350;30;30;50;166;;144;0;0;0;0;10232;70;0;87;;5;0;0;0;0;0
843;240;20180805;4;360;30;30;40;162;;143;0;0;0;0;10233;70;0;88;;5;0;0;0;0;0
844;240;20180805;5;340;20;20;40;167;;147;3;9;0;0;10238;70;0;87;;5;0;0;0;0;0
845;240;20180805;6;360;30;30;50;186;140.0;149;10;55;0;0;10242;75;8;78;;5;0;0;0;0;0
846;240;20180805;7;350;30;40;50;199;;136;9;99;0;0;10244;80;0;66;;5;0;0;0;0;0
847;240;20180805;8;30;30;30;60;213;;134;10;162;0;0;10243;82;1;60;;5;0;0;0;0;0
848;240;20180805;9;350;30;30;50;221;;127;10;223;0;0;10244;81;6;55;;5;0;0;0;0;0
849;240;20180805;10;10;30;30;50;230;;120;10;259;0;0;10243;81;0;49;;5;0;0;0;0;0
850;240;20180805;11;40;30;30;70;237;;119;10;277;0;0;10241;80;8;47;;5;0;0;0;0;0
851;240;20180805;12;40;30;30;70;248;183.0;126;10;286;0;0;10236;82;5;46;;5;0;0;0;0;0
852;240;20180805;13;40;30;40;70;253;;129;10;273;0;0;10234;82;3;46;;5;0;0;0;0;0
853;240;20180805;14;70;40;50;80;235;;141;6;192;0;0;10231;81;7;55;;5;0;0;0;0;0
854;240;20180805;15;60;40;40;80;245;;142;7;175;0;0;10226;81;6;52;;5;0;0;0;0;0
855;240;20180805;16;80;40;50;80;240;;148;10;173;0;0;10222;83;0;56;;5;0;0;0;0;0
856;240;20180805;17;70;50;40;70;234;;144;10;140;0;0;10219;82;0;57;;5;0;0;0;0;0
857;240;20180805;18;70;40;40;70;223;226.0;141;10;81;0;0;10216;83;0;59;;5;0;0;0;0;0
858;240;20180805;19;60;40;40;60;206;;141;8;29;0;0;10212;80;0;66;;5;0;0;0;0;0
859;240;20180805;20;60;40;30;60;198;;140;0;2;0;0;10211;80;5;69;;5;0;0;0;0;0
860;240;20180805;21;50;30;20;50;181;;138;0;0;0;0;10210;75;8;76;;5;0;0;0;0;0
861;240;20180805;22;40;20;20;30;191;;147;0;0;0;0;10208;75;8;75;;5;0;0;0;0;0
862;240;20180805;23;90;20;30;40;182;;144;0;0;0;0;10208;75;2;78;;5;0;0;0;0;0
863;240;20180805;24;90;30;30;40;174;147.0;135;0;0;0;0;10206;75;0;77;;5;0;0;0;0;0
864;240;20180806;1;80;30;30;40;171;;136;0;0;0;0;10201;75;8;80;;5;0;0;0;0;0
865;240;20180806;2;90;30;20;40;162;;135;0;0;0;0;10195;70;5;84;;5;0;0;0;0;0
866;240;20180806;3;90;30;30;40;159;;133;0;0;0;0;10187;70;0;84;;5;0;0;0;0;0
867;240;20180806;4;100;30;30;40;158;;132;0;0;0;0;10182;70;0;84;;5;0;0;0;0;0
868;240;20180806;5;110;30;30;40;170;;135;3;9;0;0;10179;75;0;80;;5;0;0;0;0;0
869;240;20180806;6;120;30;20;40;192;131.0;138;10;50;0;0;10178;75;0;71;;5;0;0;0;0;0
870;240;20180806;7;140;20;20;40;214;;137;10;105;0;0;10177;81;0;61;;5;0;0;0;0;0
871;240;20180806;8;150;30;20;40;235;;138;10;162;0;0;10174;80;0;54;;5;0;0;0;0;0
872;240;20180806;9;160;20;20;40;256;;134;10;215;0;0;10168;81;0;46;;5;0;0;0;0;0
873;240;20180806;10;130;20;30;50;271;;126;10;259;0;0;10164;81;0;40;;5;0;0;0;0;0
874;240;20180806;11;170;20;30;60;278;;120;9;271;0;0;10157;81;4;37;;5;0;0;0;0;0
875;240;20180806;12;170;20;20;60;290;194.0;118;10;279;0;0;10151;80;8;34;;5;0;0;0;0;0
876;240;20180806;13;200;20;20;60;296;;119;10;278;0;0;10148;81;8;33;;5;0;0;0;0;0
877;240;20180806;14;230;20;20;50;300;;105;10;257;0;0;10143;81;8;29;;5;0;0;0;0;0
878;240;20180806;15;330;30;40;80;290;;124;9;215;0;0;10139;80;8;35;;5;0;0;0;0;0
879;240;20180806;16;360;30;30;70;293;;125;10;180;0;0;10136;81;8;35;;5;0;0;0;0;0
880;240;20180806;17;310;20;30;40;287;;127;10;132;0;0;10131;81;8;37;;5;0;0;0;0;0
881;240;20180806;18;320;40;50;70;265;263.0;141;10;77;0;0;10129;82;8;46;;5;0;0;0;0;0
882;240;20180806;19;350;30;30;60;248;;142;8;27;0;0;10129;82;0;51;;5;0;0;0;0;0
883;240;20180806;20;40;30;20;60;229;;147;0;1;0;0;10131;81;0;60;;5;0;0;0;0;0
884;240;20180806;21;50;30;30;50;209;;167;0;0;0;0;10129;75;0;76;;5;0;0;0;0;0
885;240;20180806;22;50;30;20;40;196;;164;0;0;0;0;10127;70;0;81;;5;0;0;0;0;0
886;240;20180806;23;0;10;0;30;196;;169;0;0;0;0;10126;70;0;84;;5;0;0;0;0;0
887;240;20180806;24;50;10;10;20;199;122.0;179;0;0;0;0;10120;70;0;88;;5;0;0;0;0;0
888;240;20180807;1;0;10;0;20;183;;162;0;0;0;0;10116;70;0;87;;5;0;0;0;0;0
889;240;20180807;2;90;10;10;10;177;;166;0;0;0;0;10110;65;0;93;;5;0;0;0;0;0
890;240;20180807;3;80;10;10;20;192;;168;0;0;0;0;10105;70;0;85;;5;0;0;0;0;0
891;240;20180807;4;320;10;10;20;169;;158;0;0;0;0;10104;65;0;92;;5;0;0;0;0;0
892;240;20180807;5;0;10;0;20;175;;164;0;7;0;0;10103;65;0;93;;5;0;0;0;0;0
893;240;20180807;6;300;10;10;20;204;113.0;160;8;40;0;0;10105;64;1;76;;5;0;0;0;0;0
894;240;20180807;7;40;10;10;40;243;;160;8;90;0;0;10103;74;5;60;;5;0;0;0;0;0
895;240;20180807;8;70;10;10;30;269;;160;7;125;0;0;10100;80;8;51;;5;0;0;0;0;0
896;240;20180807;9;990;10;10;30;292;;150;9;194;0;0;10099;81;8;42;;5;0;0;0;0;0
897;240;20180807;10;990;20;10;40;302;;132;10;240;0;0;10094;82;1;35;;5;0;0;0;0;0
898;240;20180807;11;200;20;20;60;318;;117;10;266;0;0;10089;81;0;29;;5;0;0;0;0;0
899;240;20180807;12;230;30;20;60;325;199.0;112;10;276;0;0;10085;81;0;27;;5;0;0;0;0;0
900;240;20180807;13;220;30;30;60;330;;125;10;275;0;0;10081;80;0;28;;5;0;0;0;0;0
901;240;20180807;14;190;30;30;70;334;;127;10;252;0;0;10077;82;0;28;;5;0;0;0;0;0
902;240;20180807;15;220;30;30;60;329;;132;10;213;0;0;10078;80;0;30;;5;0;0;0;0;0
903;240;20180807;16;180;30;30;60;327;;135;7;136;0;0;10075;82;5;31;;5;0;0;0;0;0
904;240;20180807;17;130;40;30;60;310;;142;1;70;0;0;10069;81;8;36;;5;0;0;0;0;0
905;240;20180807;18;130;30;30;50;295;282.0;155;0;25;0;0;10063;82;8;42;;5;0;0;0;0;0
906;240;20180807;19;120;30;40;50;287;;153;0;9;0;0;10058;83;8;44;;5;0;0;0;0;0
907;240;20180807;20;110;30;30;50;270;;153;0;1;0;0;10057;83;8;48;;5;0;0;0;0;0
908;240;20180807;21;90;40;40;50;267;;140;0;0;0;0;10052;83;8;45;;5;0;0;0;0;0
909;240;20180807;22;290;50;100;120;264;;142;0;0;0;0;10064;82;8;47;;5;0;0;0;0;0
910;240;20180807;23;300;70;60;150;236;;153;0;0;0;-1;10075;71;8;59;81.0;7;0;1;0;0;0
911;240;20180807;24;200;50;50;100;201;195.0;184;0;0;10;20;10088;60;8;89;61.0;7;0;1;0;1;0
912;240;20180808;1;60;50;30;110;199;;186;0;0;4;14;10045;65;8;92;23.0;7;0;1;0;0;0
913;240;20180808;2;110;40;60;90;202;;182;0;0;6;21;10048;70;8;88;81.0;7;0;1;0;0;0
914;240;20180808;3;140;40;30;100;197;;180;0;0;0;-1;10050;70;8;89;23.0;7;0;1;0;0;0
915;240;20180808;4;180;40;50;60;207;;180;0;0;0;0;10059;70;8;84;;5;0;0;0;0;0
916;240;20180808;5;180;50;60;80;206;;179;0;2;0;0;10063;70;1;84;;5;0;0;0;0;0
917;240;20180808;6;180;60;60;90;206;187.0;182;0;10;0;0;10067;68;1;86;1.0;7;0;0;0;0;0
918;240;20180808;7;190;70;60;100;213;;188;2;42;0;0;10071;66;8;85;;5;0;0;0;0;0
919;240;20180808;8;240;80;80;120;222;;185;3;64;0;0;10077;70;8;79;;5;0;0;0;0;0
920;240;20180808;9;230;90;110;140;216;;170;3;96;0;0;10085;70;8;75;;5;0;0;0;0;0
921;240;20180808;10;230;100;90;150;214;;173;1;93;0;0;10096;70;8;77;;5;0;0;0;0;0
922;240;20180808;11;260;90;100;140;229;;163;4;170;0;0;10106;72;5;66;;5;0;0;0;0;0
923;240;20180808;12;260;80;70;120;225;198.0;156;7;247;0;0;10117;80;8;65;;5;0;0;0;0;0
924;240;20180808;13;260;70;60;100;206;;150;1;110;0;0;10127;75;8;70;;5;0;0;0;0;0
925;240;20180808;14;240;50;60;80;200;;155;0;46;0;-1;10133;75;8;75;23.0;7;0;1;0;0;0
926;240;20180808;15;240;50;60;80;200;;152;0;45;0;-1;10138;75;8;74;23.0;7;0;1;0;0;0
927;240;20180808;16;250;60;60;100;206;;145;2;66;0;-1;10139;78;8;67;23.0;7;0;1;0;0;0
928;240;20180808;17;270;70;70;100;210;;120;10;136;0;0;10138;81;1;56;;5;0;0;0;0;0
929;240;20180808;18;230;60;60;90;201;187.0;118;10;75;0;0;10143;80;0;58;1.0;7;0;0;0;0;0
930;240;20180808;19;250;50;50;90;190;;120;7;24;0;0;10145;82;0;63;;5;0;0;0;0;0
931;240;20180808;20;240;40;40;60;183;;124;0;1;0;0;10148;80;0;68;;5;0;0;0;0;0
932;240;20180808;21;190;30;20;50;166;;121;0;0;0;0;10150;74;0;74;;5;0;0;0;0;0
933;240;20180808;22;150;20;20;30;148;;117;0;0;0;0;10149;70;0;81;;5;0;0;0;0;0
934;240;20180808;23;160;30;30;40;152;;122;0;0;0;0;10149;70;0;82;;5;0;0;0;0;0
935;240;20180808;24;140;20;20;30;137;100.0;117;0;0;0;0;10150;70;0;87;;5;0;0;0;0;0
936;240;20180809;1;150;20;30;30;144;;124;0;0;0;0;10147;70;8;87;;5;0;0;0;0;0
937;240;20180809;2;140;30;20;40;133;;116;0;0;0;0;10147;70;0;89;;5;0;0;0;0;0
938;240;20180809;3;990;10;10;40;130;;120;0;0;0;0;10141;65;0;93;;5;0;0;0;0;0
939;240;20180809;4;140;20;20;30;145;;126;0;0;0;0;10141;70;5;88;;5;0;0;0;0;0
940;240;20180809;5;140;10;10;30;155;;130;5;10;0;0;10139;70;8;84;;5;0;0;0;0;0
941;240;20180809;6;100;20;20;40;175;93.0;130;3;33;0;0;10135;75;8;75;;5;0;0;0;0;0
942;240;20180809;7;120;30;40;60;188;;130;3;58;0;0;10133;78;8;69;;5;0;0;0;0;0
943;240;20180809;8;120;30;40;60;200;;130;3;106;0;0;10132;81;8;64;;5;0;0;0;0;0
944;240;20180809;9;90;30;30;60;219;;128;2;139;0;0;10124;79;8;56;;5;0;0;0;0;0
945;240;20180809;10;60;30;40;50;219;;121;2;125;0;0;10115;82;8;53;;5;0;0;0;0;0
946;240;20180809;11;70;50;60;80;217;;118;0;81;0;0;10104;82;8;53;;5;0;0;0;0;0
947;240;20180809;12;60;50;50;80;216;169.0;133;0;34;0;-1;10094;82;8;59;23.0;7;0;1;0;0;0
948;240;20180809;13;20;50;30;90;196;;157;0;28;4;7;10085;75;8;78;81.0;7;0;1;0;0;0
949;240;20180809;14;40;30;50;60;190;;169;0;19;8;24;10073;64;8;87;61.0;7;0;1;0;0;0
950;240;20180809;15;60;40;30;70;186;;166;0;22;4;5;10070;70;8;88;51.0;7;0;1;0;0;0
951;240;20180809;16;70;40;40;80;189;;175;0;17;0;-1;10057;63;8;91;51.0;7;0;1;0;0;0
952;240;20180809;17;90;40;30;70;191;;177;0;32;0;-1;10049;60;8;91;22.0;7;0;1;0;0;0
953;240;20180809;18;90;20;20;40;189;181.0;183;0;10;3;5;10040;56;8;96;23.0;7;0;1;0;0;0
954;240;20180809;19;290;60;170;230;166;;153;0;2;7;2;10042;56;8;92;52.0;7;0;1;0;0;0
955;240;20180809;20;280;100;90;200;168;;151;0;1;0;-1;10083;70;7;89;22.0;7;0;1;0;0;0
956;240;20180809;21;280;80;70;130;164;;148;0;0;2;1;10100;66;8;90;23.0;7;0;1;0;0;0
957;240;20180809;22;290;80;110;170;151;;140;0;0;9;16;10120;50;8;93;58.0;7;0;1;0;0;0
958;240;20180809;23;280;80;60;170;152;;130;0;0;0;-1;10136;70;8;86;51.0;7;0;1;0;0;0
959;240;20180809;24;270;70;80;140;142;140.0;135;0;0;3;15;10150;50;8;95;82.0;7;0;1;0;0;0
960;240;20180810;1;270;70;40;140;134;;116;0;0;3;2;10161;70;6;88;23.0;7;0;1;0;0;0
961;240;20180810;2;270;50;50;70;141;;113;0;0;0;-1;10170;70;1;82;23.0;7;0;1;0;0;0
962;240;20180810;3;260;40;30;60;140;;114;0;0;0;0;10173;70;8;84;3.0;7;0;0;0;0;0
963;240;20180810;4;180;30;30;40;128;;109;0;0;0;0;10172;70;3;88;;5;0;0;0;0;0
964;240;20180810;5;200;40;50;60;141;;120;2;6;0;0;10178;70;1;86;;5;0;0;0;0;0
965;240;20180810;6;190;60;60;90;150;114.0;129;7;46;0;-1;10181;69;8;87;81.0;7;0;1;0;0;0
966;240;20180810;7;180;60;60;90;156;;134;8;77;0;-1;10184;65;1;86;23.0;7;0;1;0;0;0
967;240;20180810;8;210;70;80;110;173;;127;9;153;0;0;10187;75;8;74;;5;0;0;0;0;0
968;240;20180810;9;190;80;60;180;139;;119;4;89;5;26;10195;61;8;87;92.0;7;0;1;0;1;0
969;240;20180810;10;200;70;100;120;190;;120;7;211;0;-1;10193;80;1;63;26.0;7;0;1;0;1;0
970;240;20180810;11;230;100;100;140;186;;104;8;259;0;0;10196;80;8;58;;5;0;0;0;0;0
971;240;20180810;12;220;100;120;160;199;132.0;106;10;285;0;0;10197;82;7;55;12.0;7;0;0;0;0;0
972;240;20180810;13;260;90;80;150;195;;102;3;129;0;-1;10197;80;6;54;23.0;7;0;1;0;0;0
973;240;20180810;14;220;80;90;120;211;;100;8;203;0;-1;10196;81;6;48;23.0;7;0;1;0;0;0
974;240;20180810;15;200;80;90;120;196;;100;3;91;0;0;10192;83;8;53;3.0;7;0;0;0;0;0
975;240;20180810;16;220;90;100;140;192;;96;4;99;0;0;10185;82;8;53;;5;0;0;0;0;0
976;240;20180810;17;190;70;90;130;199;;98;3;59;0;0;10173;83;8;52;;5;0;0;0;0;0
977;240;20180810;18;220;90;90;170;161;150.0;121;0;6;6;7;10182;66;8;77;81.0;7;0;1;0;0;0
978;240;20180810;19;230;90;80;140;142;;130;0;1;10;30;10182;57;8;92;63.0;7;0;1;0;0;0
979;240;20180810;20;200;70;80;130;155;;133;0;0;9;11;10175;70;8;86;61.0;7;0;1;0;1;0
980;240;20180810;21;210;70;40;170;130;;122;0;0;9;52;10179;65;8;94;61.0;7;0;1;0;0;0
981;240;20180810;22;200;60;70;110;134;;123;0;0;10;31;10178;65;8;93;61.0;7;0;1;0;0;0
982;240;20180810;23;190;70;70;120;127;;117;0;0;10;5;10184;65;8;93;61.0;7;0;1;0;0;0
983;240;20180810;24;210;60;50;100;128;121.0;116;0;0;0;-1;10187;65;7;92;23.0;7;0;1;0;0;0
984;240;20180811;1;210;60;50;80;127;;116;0;0;0;0;10187;65;7;93;;5;0;0;0;0;0
985;240;20180811;2;220;50;40;60;126;;112;0;0;0;-1;10188;65;1;91;23.0;7;0;1;0;0;0
986;240;20180811;3;210;40;40;50;121;;108;0;0;0;0;10190;65;7;92;3.0;7;0;0;0;0;0
987;240;20180811;4;270;40;40;60;134;;109;0;0;0;-1;10192;70;7;84;81.0;7;0;1;0;0;0
988;240;20180811;5;270;30;30;90;135;;111;0;2;2;4;10196;70;7;85;81.0;7;0;1;0;0;0
989;240;20180811;6;270;40;40;60;153;110.0;106;5;37;0;-1;10203;75;0;73;23.0;7;0;1;0;0;0
990;240;20180811;7;300;50;40;80;153;;115;5;48;0;-1;10209;75;8;77;57.0;7;0;1;0;0;0
991;240;20180811;8;260;60;90;110;171;;97;7;91;0;-1;10212;82;1;61;23.0;7;0;1;0;0;0
992;240;20180811;9;260;90;80;120;176;;98;8;158;0;0;10218;83;6;60;3.0;7;0;0;0;0;0
993;240;20180811;10;270;80;80;120;179;;93;8;186;0;0;10223;81;4;57;;5;0;0;0;0;0
994;240;20180811;11;270;80;90;110;181;;92;9;220;0;0;10224;81;8;56;;5;0;0;0;0;0
995;240;20180811;12;250;70;60;100;195;148.0;97;9;254;0;0;10223;83;8;53;2.0;7;0;0;0;0;0
996;240;20180811;13;250;70;60;100;197;;93;9;276;0;0;10225;81;5;51;;5;0;0;0;0;0
997;240;20180811;14;270;60;60;90;190;;92;10;232;0;0;10226;82;5;53;;5;0;0;0;0;0
998;240;20180811;15;270;60;60;90;185;;93;8;192;0;0;10225;82;5;55;;5;0;0;0;0;0
999;240;20180811;16;270;60;60;100;191;;98;10;171;0;0;10223;82;5;55;;5;0;0;0;0;0
1000;240;20180811;17;260;50;50;90;183;;87;10;128;0;0;10223;83;7;53;;5;0;0;0;0;0
1001;240;20180811;18;250;50;40;80;176;172.0;94;8;63;0;0;10219;83;8;58;;5;0;0;0;0;0
1002;240;20180811;19;250;40;30;60;159;;89;3;16;0;0;10217;83;8;63;;5;0;0;0;0;0
1003;240;20180811;20;990;20;10;40;147;;89;0;0;0;0;10213;73;8;68;;5;0;0;0;0;0
1004;240;20180811;21;150;10;10;20;136;;101;0;0;0;0;10209;75;8;79;;5;0;0;0;0;0
1005;240;20180811;22;140;20;30;30;129;;103;0;0;0;0;10204;70;8;84;;5;0;0;0;0;0
1006;240;20180811;23;170;20;10;30;133;;107;0;0;0;0;10199;70;8;83;;5;0;0;0;0;0
1007;240;20180811;24;160;30;20;40;137;83.0;103;0;0;0;0;10194;75;8;80;;5;0;0;0;0;0
1008;240;20180812;1;150;30;30;40;143;;100;0;0;0;0;10188;75;8;75;;5;0;0;0;0;0
1009;240;20180812;2;150;30;40;50;151;;96;0;0;0;0;10179;80;8;69;;5;0;0;0;0;0
1010;240;20180812;3;170;40;50;70;154;;105;0;0;0;-1;10173;75;8;72;23.0;7;0;1;0;0;0
1011;240;20180812;4;160;40;40;70;151;;110;0;0;0;-1;10168;73;8;76;51.0;7;0;1;0;0;0
1012;240;20180812;5;130;40;40;60;152;;110;0;1;0;-1;10162;75;8;75;23.0;7;0;1;0;0;0
1013;240;20180812;6;160;40;40;60;164;114.0;111;0;15;0;0;10158;75;8;70;2.0;7;0;0;0;0;0
1014;240;20180812;7;170;50;50;60;182;;112;0;49;0;0;10154;81;8;63;;5;0;0;0;0;0
1015;240;20180812;8;170;60;60;80;191;;117;1;76;0;0;10150;82;8;62;;5;0;0;0;0;0
1016;240;20180812;9;190;60;70;90;214;;116;0;104;0;0;10147;83;8;53;;5;0;0;0;0;0
1017;240;20180812;10;200;70;70;100;237;;112;1;145;0;0;10144;80;8;45;;5;0;0;0;0;0
1018;240;20180812;11;200;80;70;110;238;;105;2;170;0;0;10139;83;8;43;;5;0;0;0;0;0
1019;240;20180812;12;210;80;70;110;243;164.0;108;3;200;0;0;10135;83;8;42;;5;0;0;0;0;0
1020;240;20180812;13;200;70;70;120;263;;117;8;251;0;0;10128;82;8;40;;5;0;0;0;0;0
1021;240;20180812;14;210;70;70;120;257;;110;8;235;0;0;10120;82;8;39;;5;0;0;0;0;0
1022;240;20180812;15;210;60;60;100;253;;107;0;107;0;0;10113;83;8;40;;5;0;0;0;0;0
1023;240;20180812;16;210;50;50;90;247;;107;0;75;0;0;10108;83;8;41;;5;0;0;0;0;0
1024;240;20180812;17;220;40;30;70;242;;114;0;34;0;-1;10101;83;8;44;23.0;7;0;1;0;0;0
1025;240;20180812;18;360;10;10;40;235;222.0;151;2;25;0;0;10094;83;8;59;2.0;7;0;0;0;0;0
1026;240;20180812;19;80;20;10;20;214;;146;3;11;0;0;10093;80;8;65;;5;0;0;0;0;0
1027;240;20180812;20;90;20;20;20;193;;148;0;0;0;0;10091;75;8;75;;5;0;0;0;0;0
1028;240;20180812;21;60;20;20;30;195;;147;0;0;0;0;10085;75;8;73;;5;0;0;0;0;0
1029;240;20180812;22;990;20;10;50;202;;147;0;0;0;0;10079;75;8;70;;5;0;0;0;0;0
1030;240;20180812;23;350;10;20;20;198;;156;0;0;0;0;10077;75;8;76;;5;0;0;0;0;0
1031;240;20180812;24;10;20;20;30;195;171.0;155;0;0;0;-1;10073;75;8;77;23.0;7;0;1;0;0;0
1032;240;20180813;1;340;20;20;30;188;;154;0;0;0;-1;10066;75;8;80;81.0;7;0;1;0;0;0
1033;240;20180813;2;70;20;30;40;183;;161;0;0;0;-1;10058;70;8;86;51.0;7;0;1;0;0;0
1034;240;20180813;3;40;20;10;40;183;;159;0;0;0;-1;10052;70;8;85;22.0;7;0;1;0;0;0
1035;240;20180813;4;120;20;10;30;183;;164;0;0;0;0;10050;70;8;88;;5;0;0;0;0;0
1036;240;20180813;5;990;10;10;20;182;;163;0;1;0;0;10047;70;8;89;;5;0;0;0;0;0
1037;240;20180813;6;220;20;30;40;190;163.0;160;0;7;0;0;10050;69;8;82;2.0;7;0;0;0;0;0
1038;240;20180813;7;190;20;30;40;198;;162;0;35;0;0;10049;70;8;79;;5;0;0;0;0;0
1039;240;20180813;8;210;40;60;90;214;;162;1;82;0;0;10048;71;8;72;;5;0;0;0;0;0
1040;240;20180813;9;230;60;50;90;218;;168;2;131;0;0;10049;75;8;73;;5;0;0;0;0;0
1041;240;20180813;10;250;60;60;90;199;;153;0;82;0;0;10054;75;8;74;12.0;7;0;0;0;0;0
1042;240;20180813;11;250;40;60;80;185;;165;0;36;0;-1;10055;60;8;88;92.0;7;0;1;0;1;0
1043;240;20180813;12;270;40;40;70;185;180.0;166;1;77;5;3;10054;68;8;88;92.0;7;0;1;0;1;0
1044;240;20180813;13;270;30;30;60;183;;171;0;22;9;7;10051;65;8;92;92.0;7;0;1;0;1;0
1045;240;20180813;14;280;30;40;60;195;;171;1;55;0;-1;10054;70;8;86;26.0;7;0;1;0;1;0
1046;240;20180813;15;280;40;40;70;200;;169;0;91;0;0;10055;70;8;81;2.0;7;0;0;0;0;0
1047;240;20180813;16;270;50;60;100;192;;163;0;49;1;3;10059;70;8;83;23.0;7;0;1;0;0;0
1048;240;20180813;17;270;60;70;100;204;;153;8;119;0;0;10059;75;8;72;;5;0;0;0;0;0
1049;240;20180813;18;270;70;70;90;192;183.0;153;10;91;0;0;10063;75;8;78;2.0;7;0;0;0;0;0
1050;240;20180813;19;260;60;50;90;186;;155;7;15;0;0;10068;70;8;81;;5;0;0;0;0;0
1051;240;20180813;20;240;50;50;70;184;;154;0;0;0;0;10070;70;8;83;;5;0;0;0;0;0
1052;240;20180813;21;270;50;40;80;183;;161;0;0;0;-1;10072;70;8;87;23.0;7;0;1;0;0;0
1053;240;20180813;22;270;50;50;70;182;;159;0;0;0;0;10077;70;8;86;;5;0;0;0;0;0
1054;240;20180813;23;270;40;40;60;182;;161;0;0;0;0;10081;70;8;87;;5;0;0;0;0;0
1055;240;20180813;24;260;50;50;60;184;172.0;157;0;0;0;0;10083;70;8;84;2.0;7;0;0;0;0;0
1056;240;20180814;1;260;50;50;80;186;;158;0;0;0;0;10083;70;8;83;;5;0;0;0;0;0
1057;240;20180814;2;290;60;60;100;177;;165;0;0;4;5;10088;61;8;92;51.0;7;0;1;0;0;0
1058;240;20180814;3;280;70;60;100;168;;158;0;0;4;2;10092;65;8;93;23.0;7;0;1;0;0;0
1059;240;20180814;4;280;60;70;90;171;;151;0;0;0;0;10097;70;8;87;;5;0;0;0;0;0
1060;240;20180814;5;280;60;60;100;169;;147;0;2;0;0;10103;70;2;87;;5;0;0;0;0;0
1061;240;20180814;6;290;60;70;90;179;158.0;148;7;34;0;0;10112;70;0;82;1.0;7;0;0;0;0;0
1062;240;20180814;7;300;60;60;100;182;;151;2;45;0;0;10120;70;5;82;;5;0;0;0;0;0
1063;240;20180814;8;290;70;70;110;191;;146;10;135;0;0;10127;75;2;75;;5;0;0;0;0;0
1064;240;20180814;9;280;70;70;100;195;;137;7;126;0;0;10134;80;6;69;;5;0;0;0;0;0
1065;240;20180814;10;290;70;60;120;207;;134;9;198;0;0;10140;78;4;63;;5;0;0;0;0;0
1066;240;20180814;11;290;70;70;100;213;;146;9;220;0;0;10144;80;5;65;;5;0;0;0;0;0
1067;240;20180814;12;290;70;70;120;217;173.0;137;10;279;0;0;10149;80;4;60;;5;0;0;0;0;0
1068;240;20180814;13;290;70;70;100;226;;144;10;278;0;0;10155;82;4;59;;5;0;0;0;0;0
1069;240;20180814;14;280;70;60;100;206;;138;5;184;0;0;10159;82;8;64;;5;0;0;0;0;0
1070;240;20180814;15;280;50;60;80;200;;143;0;93;0;0;10162;80;8;69;;5;0;0;0;0;0
1071;240;20180814;16;290;40;40;70;197;;162;0;43;0;-1;10161;75;8;80;23.0;7;0;1;0;0;0
1072;240;20180814;17;280;40;50;70;196;;158;1;49;0;0;10163;75;8;78;;5;0;0;0;0;0
1073;240;20180814;18;280;60;40;80;193;192.0;155;5;42;0;0;10163;75;8;78;2.0;7;0;0;0;0;0
1074;240;20180814;19;270;50;50;70;189;;149;0;5;0;0;10168;75;8;77;;5;0;0;0;0;0
1075;240;20180814;20;260;40;30;60;187;;144;0;0;0;0;10171;75;8;76;;5;0;0;0;0;0
1076;240;20180814;21;250;40;40;50;188;;144;0;0;0;0;10171;75;8;75;;5;0;0;0;0;0
1077;240;20180814;22;230;30;30;50;179;;143;0;0;0;0;10172;75;8;79;;5;0;0;0;0;0
1078;240;20180814;23;190;30;30;40;171;;149;0;0;0;0;10173;70;8;87;;5;0;0;0;0;0
1079;240;20180814;24;190;30;30;40;178;152.0;152;0;0;0;0;10172;70;8;84;;5;0;0;0;0;0
1080;240;20180815;1;190;30;30;40;182;;157;0;0;0;0;10170;70;8;85;;5;0;0;0;0;0
1081;240;20180815;2;210;40;40;50;188;;167;0;0;0;0;10169;68;8;87;;5;0;0;0;0;0
1082;240;20180815;3;200;40;40;60;186;;165;0;0;0;0;10167;68;8;87;;5;0;0;0;0;0
1083;240;20180815;4;210;40;40;60;180;;164;0;0;0;0;10165;64;8;90;;5;0;0;0;0;0
1084;240;20180815;5;210;30;40;50;174;;164;0;3;0;0;10167;59;2;93;10.0;7;0;0;0;0;0
1085;240;20180815;6;200;40;40;60;187;167.0;173;5;31;0;0;10172;58;5;91;10.0;7;0;0;0;0;0
1086;240;20180815;7;210;40;50;60;202;;179;5;79;0;0;10174;58;8;86;10.0;7;0;0;0;0;0
1087;240;20180815;8;210;50;50;70;208;;181;5;107;0;0;10177;60;8;84;;5;0;0;0;0;0
1088;240;20180815;9;240;50;50;70;209;;172;2;72;0;-1;10180;74;8;79;23.0;7;0;1;0;0;0
1089;240;20180815;10;230;60;60;90;220;;162;1;128;0;0;10179;77;7;69;;5;0;0;0;0;0
1090;240;20180815;11;240;50;50;80;205;;164;0;49;0;0;10181;71;8;77;;5;0;0;0;0;0
1091;240;20180815;12;230;60;70;100;224;189.0;160;0;77;0;0;10181;74;8;67;2.0;7;0;0;0;0;0
1092;240;20180815;13;240;80;70;110;220;;163;3;181;0;0;10183;75;8;69;;5;0;0;0;0;0
1093;240;20180815;14;240;60;50;100;201;;158;0;61;0;0;10184;69;8;76;;5;0;0;0;0;0
1094;240;20180815;15;230;60;60;90;203;;147;0;36;0;0;10183;75;8;70;;5;0;0;0;0;0
1095;240;20180815;16;230;70;60;100;204;;153;0;41;0;0;10181;75;8;72;;5;0;0;0;0;0
1096;240;20180815;17;220;60;70;100;206;;153;1;60;0;0;10177;71;8;71;;5;0;0;0;0;0
1097;240;20180815;18;240;60;50;90;203;199.0;155;3;30;0;0;10175;64;8;73;;5;0;0;0;0;0
1098;240;20180815;19;220;50;50;90;197;;151;5;12;0;0;10175;70;8;74;;5;0;0;0;0;0
1099;240;20180815;20;200;40;40;60;191;;158;0;0;0;0;10175;68;8;81;;5;0;0;0;0;0
1100;240;20180815;21;200;40;30;50;187;;159;0;0;0;0;10172;64;8;84;;5;0;0;0;0;0
1101;240;20180815;22;220;40;40;70;189;;157;0;0;0;0;10172;69;8;81;;5;0;0;0;0;0
1102;240;20180815;23;200;40;40;60;186;;156;0;0;0;0;10168;70;8;82;;5;0;0;0;0;0
1103;240;20180815;24;200;40;50;60;175;160.0;153;0;0;0;0;10165;69;1;86;;5;0;0;0;0;0
1104;240;20180816;1;190;60;50;90;171;;148;0;0;0;0;10159;70;4;86;;5;0;0;0;0;0
1105;240;20180816;2;190;50;50;80;172;;143;0;0;0;0;10156;70;8;82;;5;0;0;0;0;0
1106;240;20180816;3;180;40;50;70;170;;144;0;0;0;0;10153;70;8;84;;5;0;0;0;0;0
1107;240;20180816;4;180;40;40;60;169;;146;0;0;0;0;10153;70;8;86;;5;0;0;0;0;0
1108;240;20180816;5;190;50;50;70;168;;146;0;2;0;0;10153;70;8;86;;5;0;0;0;0;0
1109;240;20180816;6;190;50;60;80;173;158.0;148;5;30;0;0;10151;69;1;85;;5;0;0;0;0;0
1110;240;20180816;7;190;60;60;80;188;;154;10;92;0;0;10148;73;6;80;;5;0;0;0;0;0
1111;240;20180816;8;190;60;60;90;196;;152;3;88;0;0;10147;75;8;75;;5;0;0;0;0;0
1112;240;20180816;9;200;70;70;100;212;;149;3;121;0;0;10147;80;8;67;;5;0;0;0;0;0
1113;240;20180816;10;210;80;90;110;200;;147;0;64;0;0;10148;75;8;71;;5;0;0;0;0;0
1114;240;20180816;11;210;80;80;110;195;;154;0;41;0;0;10148;75;8;76;;5;0;0;0;0;0
1115;240;20180816;12;210;70;70;100;204;175.0;151;0;62;0;0;10146;75;8;71;;5;0;0;0;0;0
1116;240;20180816;13;220;70;70;110;207;;151;0;58;0;0;10146;75;8;70;;5;0;0;0;0;0
1117;240;20180816;14;230;70;70;110;210;;149;0;51;0;0;10147;80;8;68;;5;0;0;0;0;0
1118;240;20180816;15;250;70;70;110;212;;151;0;79;0;0;10147;80;8;68;;5;0;0;0;0;0
1119;240;20180816;16;330;70;60;120;179;;147;0;56;0;0;10153;70;8;81;;5;0;0;0;0;0
1120;240;20180816;17;320;50;40;100;177;;138;0;28;0;0;10149;75;8;78;;5;0;0;0;0;0
1121;240;20180816;18;20;30;20;70;174;173.0;135;0;15;0;0;10147;75;8;77;;5;0;0;0;0;0
1122;240;20180816;19;110;20;20;40;172;;138;0;5;0;0;10144;75;8;80;;5;0;0;0;0;0
1123;240;20180816;20;120;20;20;30;161;;139;0;0;0;0;10149;70;8;86;;5;0;0;0;0;0
1124;240;20180816;21;130;20;10;30;165;;143;0;0;0;0;10148;70;8;86;;5;0;0;0;0;0
1125;240;20180816;22;190;20;20;30;165;;150;0;0;0;-1;10154;65;8;91;57.0;7;0;1;0;0;0
1126;240;20180816;23;220;30;40;50;168;;155;0;0;9;4;10154;65;8;92;61.0;7;0;1;0;0;0
1127;240;20180816;24;240;30;30;50;169;146.0;149;0;0;0;-1;10152;70;8;88;23.0;7;0;1;0;0;0
1128;240;20180817;1;300;30;30;50;161;;145;0;0;0;0;10153;70;8;90;;5;0;0;0;0;0
1129;240;20180817;2;0;10;0;40;159;;142;0;0;0;-1;10158;70;8;89;23.0;7;0;1;0;0;0
1130;240;20180817;3;0;10;0;10;149;;143;0;0;0;0;10160;65;8;96;2.0;7;0;0;0;0;0
1131;240;20180817;4;990;10;10;20;146;;143;0;0;0;0;10159;65;8;97;;5;0;0;0;0;0
1132;240;20180817;5;0;0;0;10;146;;141;0;1;0;0;10164;64;8;97;;5;0;0;0;0;0
1133;240;20180817;6;140;10;10;20;144;112.0;139;0;11;0;0;10170;65;8;97;2.0;7;0;0;0;0;0
1134;240;20180817;7;0;0;0;10;172;;140;2;47;0;0;10174;70;8;81;;5;0;0;0;0;0
1135;240;20180817;8;340;10;20;30;195;;135;7;127;0;0;10180;71;0;68;;5;0;0;0;0;0
1136;240;20180817;9;260;20;20;40;201;;131;7;148;0;0;10183;72;0;64;;5;0;0;0;0;0
1137;240;20180817;10;270;30;40;60;202;;98;9;221;0;0;10187;81;2;50;;5;0;0;0;0;0
1138;240;20180817;11;270;40;50;70;213;;113;10;244;0;0;10188;82;1;53;;5;0;0;0;0;0
1139;240;20180817;12;270;50;50;80;216;130.0;109;10;249;0;0;10192;82;0;50;;5;0;0;0;0;0
1140;240;20180817;13;290;50;50;80;215;;108;10;253;0;0;10194;81;2;50;;5;0;0;0;0;0
1141;240;20180817;14;280;50;60;90;214;;119;10;227;0;0;10195;81;1;54;;5;0;0;0;0;0
1142;240;20180817;15;270;50;50;80;215;;118;10;219;0;0;10195;83;0;53;;5;0;0;0;0;0
1143;240;20180817;16;290;50;50;80;209;;104;10;177;0;0;10195;82;0;50;;5;0;0;0;0;0
1144;240;20180817;17;280;50;40;80;199;;103;10;120;0;0;10195;82;1;54;;5;0;0;0;0;0
1145;240;20180817;18;270;40;40;60;186;185.0;114;10;61;0;0;10199;83;8;62;;5;0;0;0;0;0
1146;240;20180817;19;260;30;40;50;174;;114;5;14;0;0;10203;80;8;67;;5;0;0;0;0;0
1147;240;20180817;20;240;30;40;60;170;;112;0;0;0;0;10204;80;8;68;;5;0;0;0;0;0
1148;240;20180817;21;220;40;40;60;155;;115;0;0;0;0;10205;75;8;77;;5;0;0;0;0;0
1149;240;20180817;22;190;30;40;50;147;;115;0;0;0;0;10207;75;7;80;;5;0;0;0;0;0
1150;240;20180817;23;200;30;30;40;144;;118;0;0;0;0;10207;70;8;84;;5;0;0;0;0;0
1151;240;20180817;24;170;30;20;40;140;117.0;118;0;0;0;0;10205;70;1;86;;5;0;0;0;0;0
1152;240;20180818;1;190;30;30;40;145;;126;0;0;0;0;10204;70;7;88;;5;0;0;0;0;0
1153;240;20180818;2;190;40;40;50;144;;128;0;0;0;0;10204;70;1;90;;5;0;0;0;0;0
1154;240;20180818;3;190;40;40;50;145;;132;0;0;0;0;10202;65;0;91;;5;0;0;0;0;0
1155;240;20180818;4;180;40;30;50;147;;134;0;0;0;0;10201;65;0;91;;5;0;0;0;0;0
1156;240;20180818;5;180;30;40;50;146;;134;0;3;0;0;10203;65;0;92;;5;0;0;0;0;0
1157;240;20180818;6;190;40;50;70;161;115.0;147;10;32;0;0;10205;65;4;91;;5;0;0;0;0;0
1158;240;20180818;7;200;50;60;70;171;;152;5;53;0;0;10208;63;8;88;;5;0;0;0;0;0
1159;240;20180818;8;200;50;60;70;179;;156;0;41;0;0;10210;64;8;86;;5;0;0;0;0;0
1160;240;20180818;9;210;60;60;90;198;;162;5;120;0;0;10212;67;6;79;;5;0;0;0;0;0
1161;240;20180818;10;230;60;70;100;209;;141;6;156;0;0;10212;80;8;65;;5;0;0;0;0;0
1162;240;20180818;11;240;70;70;100;203;;142;1;58;0;0;10213;80;8;68;;5;0;0;0;0;0
1163;240;20180818;12;230;70;70;110;201;160.0;135;0;75;0;0;10214;80;8;65;;5;0;0;0;0;0
1164;240;20180818;13;230;70;70;110;202;;137;0;68;0;0;10213;80;8;66;;5;0;0;0;0;0
1165;240;20180818;14;240;70;80;110;204;;133;0;66;0;0;10213;81;8;63;;5;0;0;0;0;0
1166;240;20180818;15;230;70;70;110;209;;131;2;119;0;0;10211;81;8;61;;5;0;0;0;0;0
1167;240;20180818;16;240;70;60;110;205;;131;3;100;0;0;10210;83;8;62;;5;0;0;0;0;0
1168;240;20180818;17;250;70;70;100;205;;123;0;30;0;0;10211;83;8;59;;5;0;0;0;0;0
1169;240;20180818;18;240;60;50;90;199;196.0;141;0;27;0;0;10212;80;8;69;;5;0;0;0;0;0
1170;240;20180818;19;240;50;50;80;188;;146;5;9;0;0;10212;75;8;76;;5;0;0;0;0;0
1171;240;20180818;20;230;50;40;70;184;;148;0;0;0;0;10215;74;8;79;;5;0;0;0;0;0
1172;240;20180818;21;220;50;40;70;178;;151;0;0;0;0;10214;70;7;84;;5;0;0;0;0;0
1173;240;20180818;22;210;40;30;60;170;;148;0;0;0;0;10214;69;8;86;;5;0;0;0;0;0
1174;240;20180818;23;190;40;40;50;174;;155;0;0;0;0;10213;69;7;88;;5;0;0;0;0;0
1175;240;20180818;24;200;40;40;50;183;152.0;155;0;0;0;0;10212;70;8;83;;5;0;0;0;0;0
1176;240;20180819;1;210;50;50;70;185;;152;0;0;0;0;10209;70;8;81;;5;0;0;0;0;0
1177;240;20180819;2;210;50;50;70;184;;147;0;0;0;0;10207;75;8;79;;5;0;0;0;0;0
1178;240;20180819;3;200;50;50;70;180;;147;0;0;0;0;10203;75;8;80;;5;0;0;0;0;0
1179;240;20180819;4;200;50;50;80;178;;146;0;0;0;0;10200;70;8;81;;5;0;0;0;0;0
1180;240;20180819;5;190;50;50;70;176;;148;0;1;0;0;10200;70;8;83;;5;0;0;0;0;0
1181;240;20180819;6;190;50;50;70;177;173.0;149;0;15;0;0;10199;68;8;83;;5;0;0;0;0;0
1182;240;20180819;7;200;50;60;80;183;;157;0;40;0;0;10199;66;8;84;;5;0;0;0;0;0
1183;240;20180819;8;190;60;60;80;184;;157;0;38;0;0;10198;64;8;84;;5;0;0;0;0;0
1184;240;20180819;9;190;70;70;100;176;;166;0;31;0;-1;10198;35;8;93;51.0;7;0;1;0;0;0
1185;240;20180819;10;200;60;60;90;188;;163;0;43;0;-1;10195;60;8;85;22.0;7;0;1;0;0;0
1186;240;20180819;11;200;70;70;100;204;;164;0;74;0;0;10191;70;8;77;;5;0;0;0;0;0
1187;240;20180819;12;210;80;80;110;211;178.0;154;1;119;0;0;10189;75;8;70;2.0;7;0;0;0;0;0
1188;240;20180819;13;210;90;80;120;221;;156;1;128;0;0;10185;80;8;66;;5;0;0;0;0;0
1189;240;20180819;14;260;80;80;120;218;;152;2;114;0;0;10181;75;8;66;;5;0;0;0;0;0
1190;240;20180819;15;240;70;70;110;211;;155;0;41;0;0;10182;75;8;70;;5;0;0;0;0;0
1191;240;20180819;16;240;90;90;130;203;;160;0;26;0;0;10180;67;8;76;;5;0;0;0;0;0
1192;240;20180819;17;250;80;70;120;201;;164;0;22;0;0;10178;65;8;79;;5;0;0;0;0;0
1193;240;20180819;18;230;70;80;110;197;194.0;165;0;12;0;0;10175;70;8;81;;5;0;0;0;0;0
1194;240;20180819;19;240;60;50;100;196;;163;0;4;0;0;10176;70;8;81;;5;0;0;0;0;0
1195;240;20180819;20;240;60;60;90;195;;172;0;0;0;-1;10177;67;8;86;81.0;7;0;1;0;0;0
1196;240;20180819;21;240;50;50;80;193;;179;0;0;0;-1;10177;57;8;92;51.0;7;0;1;0;0;0
1197;240;20180819;22;240;50;50;80;194;;179;0;0;0;-1;10178;68;8;90;22.0;7;0;1;0;0;0
1198;240;20180819;23;250;50;50;80;197;;181;0;0;0;-1;10179;64;8;90;23.0;7;0;1;0;0;0
1199;240;20180819;24;230;40;40;70;198;188.0;183;0;0;0;0;10174;61;8;91;2.0;7;0;0;0;0;0
1200;240;20180820;1;250;40;40;60;198;;185;0;0;0;0;10175;61;8;92;;5;0;0;0;0;0
1201;240;20180820;2;250;40;30;60;198;;185;0;0;0;0;10175;60;8;92;;5;0;0;0;0;0
1202;240;20180820;3;270;30;30;40;195;;181;0;0;0;0;10174;64;8;91;;5;0;0;0;0;0
1203;240;20180820;4;270;30;30;40;193;;170;0;0;0;0;10174;70;8;86;;5;0;0;0;0;0
1204;240;20180820;5;300;30;40;60;188;;171;0;1;0;0;10177;70;8;89;;5;0;0;0;0;0
1205;240;20180820;6;300;40;30;60;186;184.0;166;0;9;0;0;10183;70;8;88;;5;0;0;0;0;0
1206;240;20180820;7;290;40;30;50;188;;165;0;20;0;0;10188;70;8;86;;5;0;0;0;0;0
1207;240;20180820;8;290;30;30;60;195;;168;0;39;0;0;10192;70;8;84;;5;0;0;0;0;0
1208;240;20180820;9;310;30;40;70;210;;165;1;103;0;0;10198;75;8;75;;5;0;0;0;0;0
1209;240;20180820;10;310;50;60;90;214;;158;5;153;0;0;10199;75;6;70;;5;0;0;0;0;0
1210;240;20180820;11;350;50;30;80;211;;166;2;145;0;0;10202;75;8;75;;5;0;0;0;0;0
1211;240;20180820;12;310;40;50;80;223;186.0;157;5;180;0;0;10200;80;4;65;;5;0;0;0;0;0
1212;240;20180820;13;310;40;40;80;224;;158;8;223;0;0;10203;80;7;66;;5;0;0;0;0;0
1213;240;20180820;14;320;40;40;70;223;;160;7;210;0;0;10202;80;5;67;;5;0;0;0;0;0
1214;240;20180820;15;300;40;30;70;222;;156;9;193;0;0;10203;80;3;66;;5;0;0;0;0;0
1215;240;20180820;16;310;40;30;60;222;;153;10;169;0;0;10201;83;8;64;;5;0;0;0;0;0
1216;240;20180820;17;300;30;30;60;212;;153;10;106;0;0;10201;80;8;69;;5;0;0;0;0;0
1217;240;20180820;18;310;40;40;60;198;200.0;157;10;56;0;0;10203;75;8;77;;5;0;0;0;0;0
1218;240;20180820;19;320;30;30;50;176;;152;3;8;0;0;10207;70;8;85;;5;0;0;0;0;0
1219;240;20180820;20;320;30;30;40;167;;152;0;0;0;0;10209;70;8;90;;5;0;0;0;0;0
1220;240;20180820;21;300;20;20;30;166;;152;0;0;0;0;10209;65;7;91;;5;0;0;0;0;0
1221;240;20180820;22;80;10;10;20;154;;143;0;0;0;0;10209;65;8;93;;5;0;0;0;0;0
1222;240;20180820;23;110;10;20;20;168;;157;0;0;0;0;10209;65;8;92;;5;0;0;0;0;0
1223;240;20180820;24;150;20;20;20;170;110.0;156;0;0;0;0;10207;65;8;91;;5;0;0;0;0;0
1224;240;20180821;1;320;10;20;30;170;;159;0;0;0;0;10211;65;8;92;;5;0;0;0;0;0
1225;240;20180821;2;150;20;40;40;166;;156;0;0;0;0;10208;65;7;93;;5;0;0;0;0;0
1226;240;20180821;3;990;20;10;50;166;;156;0;0;0;0;10206;65;8;93;;5;0;0;0;0;0
1227;240;20180821;4;150;10;10;20;165;;156;0;0;0;0;10203;62;8;94;;5;0;0;0;0;0
1228;240;20180821;5;110;10;10;10;161;;154;0;2;0;0;10204;61;8;95;;5;0;0;0;0;0
1229;240;20180821;6;150;10;10;30;178;130.0;164;5;26;0;0;10209;65;8;91;;5;0;0;0;0;0
1230;240;20180821;7;150;20;30;40;189;;167;6;61;0;0;10210;70;8;86;;5;0;0;0;0;0
1231;240;20180821;8;160;30;30;50;208;;171;6;91;0;0;10210;68;8;79;;5;0;0;0;0;0
1232;240;20180821;9;160;30;30;50;224;;168;5;103;0;0;10209;75;8;70;;5;0;0;0;0;0
1233;240;20180821;10;190;20;30;50;222;;166;2;121;0;0;10208;65;8;70;;5;0;0;0;0;0
1234;240;20180821;11;200;20;20;40;225;;167;0;67;0;0;10206;65;8;69;;5;0;0;0;0;0
1235;240;20180821;12;170;20;20;40;236;176.0;170;1;145;0;0;10203;64;8;66;;5;0;0;0;0;0
1236;240;20180821;13;180;30;30;60;248;;167;3;174;0;0;10200;69;8;60;;5;0;0;0;0;0
1237;240;20180821;14;290;30;30;60;245;;177;4;175;0;0;10198;66;8;65;;5;0;0;0;0;0
1238;240;20180821;15;290;30;40;60;245;;179;7;165;0;0;10195;61;3;66;;5;0;0;0;0;0
1239;240;20180821;16;290;30;30;60;236;;181;8;133;0;0;10192;62;0;71;;5;0;0;0;0;0
1240;240;20180821;17;300;30;30;50;229;;179;10;89;0;0;10189;67;0;73;;5;0;0;0;0;0
1241;240;20180821;18;300;20;20;40;219;221.0;174;10;45;0;0;10188;69;0;75;;5;0;0;0;0;0
1242;240;20180821;19;320;10;10;20;212;;160;3;10;0;0;10188;75;0;72;;5;0;0;0;0;0
1243;240;20180821;20;0;10;0;20;191;;167;0;0;0;0;10190;67;0;85;;5;0;0;0;0;0
1244;240;20180821;21;0;0;0;10;185;;174;0;0;0;0;10188;65;0;93;;5;0;0;0;0;0
1245;240;20180821;22;310;0;10;10;177;;171;0;0;0;0;10189;62;0;96;;5;0;0;0;0;0
1246;240;20180821;23;130;0;10;10;176;;170;0;0;0;0;10188;64;4;96;;5;0;0;0;0;0
1247;240;20180821;24;0;0;0;10;181;125.0;174;0;0;0;0;10187;64;8;95;;5;0;0;0;0;0
1248;240;20180822;1;290;10;10;20;183;;169;0;0;0;0;10185;62;6;91;;5;0;0;0;0;0
1249;240;20180822;2;20;10;10;20;178;;173;0;0;0;0;10181;58;5;96;10.0;7;0;0;0;0;0
1250;240;20180822;3;50;0;10;10;165;;162;0;0;0;0;10177;50;6;98;10.0;7;0;0;0;0;0
1251;240;20180822;4;280;10;10;20;170;;168;0;0;0;0;10174;48;5;98;10.0;7;0;0;0;0;0
1252;240;20180822;5;280;10;10;30;169;;167;0;1;0;0;10175;50;4;98;10.0;7;0;0;0;0;0
1253;240;20180822;6;270;30;30;40;188;122.0;180;0;20;0;0;10175;64;5;95;;5;0;0;0;0;0
1254;240;20180822;7;280;20;30;40;199;;181;4;59;0;0;10175;67;2;89;;5;0;0;0;0;0
1255;240;20180822;8;260;30;30;40;213;;179;8;120;0;0;10176;70;2;81;;5;0;0;0;0;0
1256;240;20180822;9;210;30;40;60;225;;176;9;178;0;0;10174;64;2;73;;5;0;0;0;0;0
1257;240;20180822;10;230;40;50;80;240;;174;10;241;0;0;10173;70;6;66;;5;0;0;0;0;0
1258;240;20180822;11;220;50;50;80;239;;169;4;194;0;0;10170;73;7;65;;5;0;0;0;0;0
1259;240;20180822;12;260;50;60;80;234;184.0;172;4;182;0;0;10171;76;5;68;;5;0;0;0;0;0
1260;240;20180822;13;260;50;60;100;239;;166;8;239;0;0;10169;74;7;63;;5;0;0;0;0;0
1261;240;20180822;14;260;60;60;90;233;;167;8;221;0;0;10168;71;6;66;;5;0;0;0;0;0
1262;240;20180822;15;260;60;60;90;222;;167;7;171;0;0;10166;71;7;71;;5;0;0;0;0;0
1263;240;20180822;16;260;60;60;100;222;;162;10;146;0;0;10164;76;3;68;;5;0;0;0;0;0
1264;240;20180822;17;270;60;50;90;208;;161;8;94;0;0;10160;75;7;74;;5;0;0;0;0;0
1265;240;20180822;18;270;50;50;70;196;192.0;161;10;39;0;0;10158;75;1;80;;5;0;0;0;0;0
1266;240;20180822;19;250;40;40;70;188;;158;3;6;0;0;10160;70;0;83;;5;0;0;0;0;0
1267;240;20180822;20;250;30;30;60;186;;159;0;0;0;0;10161;70;0;84;;5;0;0;0;0;0
1268;240;20180822;21;220;30;30;40;173;;154;0;0;0;0;10160;63;0;88;;5;0;0;0;0;0
1269;240;20180822;22;210;30;20;40;165;;149;0;0;0;0;10158;59;0;89;10.0;7;0;0;0;0;0
1270;240;20180822;23;220;30;30;40;163;;154;0;0;0;0;10155;50;0;93;10.0;7;0;0;0;0;0
1271;240;20180822;24;190;30;20;30;158;129.0;150;0;0;0;0;10151;50;0;95;10.0;7;0;0;0;0;0
1272;240;20180823;1;160;20;20;30;165;;159;0;0;0;0;10145;46;8;96;10.0;7;0;0;0;0;0
1273;240;20180823;2;160;30;30;40;166;;160;0;0;0;0;10139;48;8;95;10.0;7;0;0;0;0;0
1274;240;20180823;3;190;30;30;40;173;;165;0;0;0;0;10137;47;8;95;10.0;7;0;0;0;0;0
1275;240;20180823;4;180;40;40;60;179;;170;0;0;0;0;10130;46;8;94;10.0;7;0;0;0;0;0
1276;240;20180823;5;190;30;40;50;182;;173;0;1;0;0;10128;50;8;94;10.0;7;0;0;0;0;0
1277;240;20180823;6;190;40;40;60;184;125.0;173;0;4;0;0;10127;50;8;93;10.0;7;0;0;0;0;0
1278;240;20180823;7;200;50;60;70;186;;172;0;12;0;0;10125;50;8;91;10.0;7;0;0;0;0;0
1279;240;20180823;8;210;60;60;90;198;;171;0;48;0;0;10124;57;8;84;10.0;7;0;0;0;0;0
1280;240;20180823;9;210;60;70;90;205;;173;0;58;0;0;10124;59;8;81;10.0;7;0;0;0;0;0
1281;240;20180823;10;210;60;70;100;206;;174;0;52;0;0;10122;59;8;82;10.0;7;0;0;0;0;0
1282;240;20180823;11;210;60;60;90;210;;173;0;67;0;0;10119;63;8;79;;5;0;0;0;0;0
1283;240;20180823;12;210;70;70;110;210;180.0;178;0;72;0;-1;10118;68;8;81;23.0;7;0;1;0;0;0
1284;240;20180823;13;220;70;60;100;216;;168;0;76;0;0;10116;65;8;74;;5;0;0;0;0;0
1285;240;20180823;14;240;70;70;100;220;;165;0;65;0;0;10111;75;8;71;;5;0;0;0;0;0
1286;240;20180823;15;230;80;80;120;217;;154;1;76;0;0;10105;80;8;67;;5;0;0;0;0;0
1287;240;20180823;16;230;80;80;120;214;;163;0;47;0;0;10102;75;8;72;;5;0;0;0;0;0
1288;240;20180823;17;230;80;80;140;196;;180;0;20;2;2;10099;61;8;90;51.0;7;0;1;0;0;0
1289;240;20180823;18;270;60;60;110;183;183.0;177;0;8;6;6;10097;57;8;96;58.0;7;0;1;0;0;0
1290;240;20180823;19;300;50;40;90;169;;164;0;2;7;1;10102;64;8;96;51.0;7;0;1;0;0;0
1291;240;20180823;20;320;50;40;80;160;;140;0;0;0;-1;10106;70;8;87;22.0;7;0;1;0;0;0
1292;240;20180823;21;290;20;20;50;150;;128;0;0;0;0;10107;70;8;86;2.0;7;0;0;0;0;0
1293;240;20180823;22;240;20;20;30;136;;121;0;0;0;0;10107;70;2;90;;5;0;0;0;0;0
1294;240;20180823;23;200;30;30;30;142;;130;0;0;0;0;10100;65;8;92;;5;0;0;0;0;0
1295;240;20180823;24;190;30;30;40;138;101.0;131;0;0;0;0;10095;65;8;95;2.0;7;0;0;0;0;0
1296;240;20180824;1;180;30;40;50;152;;144;0;0;0;0;10091;63;8;95;;5;0;0;0;0;0
1297;240;20180824;2;290;40;60;80;151;;137;0;0;3;3;10094;58;8;91;81.0;7;0;1;0;0;0
1298;240;20180824;3;270;30;20;100;144;;137;0;0;4;34;10092;65;8;95;81.0;7;0;1;0;0;0
1299;240;20180824;4;290;50;50;80;148;;121;0;0;0;-1;10094;70;8;83;23.0;7;0;1;0;0;0
1300;240;20180824;5;280;40;40;60;144;;114;0;1;0;0;10098;70;7;82;;5;0;0;0;0;0
1301;240;20180824;6;270;40;40;70;150;124.0;103;3;20;0;0;10103;75;5;73;1.0;7;0;0;0;0;0
1302;240;20180824;7;270;60;70;100;161;;100;8;76;0;0;10107;80;0;67;;5;0;0;0;0;0
1303;240;20180824;8;260;80;80;120;170;;99;10;132;0;0;10113;81;0;62;;5;0;0;0;0;0
1304;240;20180824;9;260;90;80;120;172;;99;9;141;0;0;10117;82;2;62;;5;0;0;0;0;0
1305;240;20180824;10;260;90;90;130;168;;98;8;166;0;0;10120;80;2;63;;5;0;0;0;0;0
1306;240;20180824;11;260;90;90;140;176;;93;7;173;0;0;10122;80;4;58;;5;0;0;0;0;0
1307;240;20180824;12;260;100;100;130;163;138.0;84;6;157;0;0;10122;82;4;59;;5;0;0;0;0;0
1308;240;20180824;13;250;100;100;130;175;;82;7;179;0;0;10123;80;5;54;;5;0;0;0;0;0
1309;240;20180824;14;260;100;80;140;176;;91;5;142;0;-1;10119;80;8;57;23.0;7;0;1;0;0;0
1310;240;20180824;15;240;90;90;140;181;;80;4;137;0;0;10117;81;7;51;1.0;7;0;0;0;0;0
1311;240;20180824;16;260;90;90;140;169;;77;7;138;0;0;10115;81;8;54;;5;0;0;0;0;0
1312;240;20180824;17;240;80;80;130;170;;74;4;69;0;0;10111;82;8;53;;5;0;0;0;0;0
1313;240;20180824;18;230;80;70;120;165;154.0;75;7;33;0;0;10105;83;7;55;1.0;7;0;0;0;0;0
1314;240;20180824;19;290;70;90;130;137;;93;0;2;0;-1;10106;73;8;74;92.0;7;0;1;0;1;0
1315;240;20180824;20;150;50;40;120;120;;97;0;0;8;40;10099;64;8;85;92.0;7;0;1;0;1;0
1316;240;20180824;21;210;40;40;90;125;;107;0;0;10;64;10098;65;8;88;92.0;7;0;1;0;1;0
1317;240;20180824;22;990;40;10;90;120;;106;0;0;9;19;10098;65;8;91;61.0;7;0;1;0;1;0
1318;240;20180824;23;150;40;30;70;115;;106;0;0;5;3;10089;65;8;93;81.0;7;0;1;0;0;0
1319;240;20180824;24;240;30;20;70;111;107.0;100;0;0;10;27;10088;58;8;93;62.0;7;0;1;0;0;0
1320;240;20180825;1;100;20;10;40;108;;104;0;0;10;63;10074;61;8;96;81.0;7;0;1;0;0;0
1321;240;20180825;2;170;20;20;40;109;;104;0;0;9;17;10073;60;8;97;61.0;7;0;1;0;0;0
1322;240;20180825;3;240;20;30;40;112;;107;0;0;10;13;10071;65;8;96;61.0;7;0;1;0;0;0
1323;240;20180825;4;220;30;50;60;105;;95;0;0;9;15;10071;65;8;93;51.0;7;0;1;0;0;0
1324;240;20180825;5;280;40;40;60;108;;97;0;1;10;34;10073;65;8;93;81.0;7;0;1;0;0;0
1325;240;20180825;6;270;30;20;60;116;100.0;98;0;10;3;1;10077;70;8;88;23.0;7;0;1;0;0;0
1326;240;20180825;7;260;40;40;60;129;;103;1;46;0;0;10083;70;6;84;;5;0;0;0;0;0
1327;240;20180825;8;270;50;50;80;155;;108;6;112;0;0;10088;75;6;73;;5;0;0;0;0;0
1328;240;20180825;9;290;60;70;100;167;;91;9;161;0;-1;10092;83;4;60;23.0;7;0;1;0;0;0
1329;240;20180825;10;270;70;60;130;141;;107;5;114;3;2;10099;75;8;79;26.0;7;0;1;0;1;0
1330;240;20180825;11;320;40;50;100;157;;113;2;84;3;2;10105;75;8;75;23.0;7;0;1;0;0;0
1331;240;20180825;12;320;60;60;120;162;110.0;107;5;147;2;5;10108;80;7;69;81.0;7;0;1;0;0;0
1332;240;20180825;13;300;80;90;130;163;;94;7;184;1;1;10113;81;7;63;23.0;7;0;1;0;0;0
1333;240;20180825;14;300;70;70;130;165;;100;5;156;5;2;10119;80;7;65;23.0;7;0;1;0;0;0
1334;240;20180825;15;300;80;70;140;152;;116;5;122;0;-1;10127;71;7;79;81.0;7;0;1;0;1;0
1335;240;20180825;16;320;60;70;110;145;;91;9;140;2;2;10133;80;7;69;23.0;7;0;1;0;0;0
1336;240;20180825;17;320;60;60;110;125;;94;5;69;2;2;10138;70;8;81;81.0;7;0;1;0;1;0
1337;240;20180825;18;310;40;40;100;142;117.0;107;8;44;4;31;10138;75;5;79;23.0;7;0;1;0;0;0
1338;240;20180825;19;290;30;20;70;126;;100;2;6;0;0;10146;70;0;84;;5;0;0;0;0;0
1339;240;20180825;20;290;30;30;60;111;;88;0;0;0;-1;10149;70;0;85;23.0;7;0;1;0;0;0
1340;240;20180825;21;260;10;30;50;101;;79;0;0;0;0;10152;70;1;86;3.0;7;0;0;0;0;0
1341;240;20180825;22;230;20;10;40;109;;91;0;0;2;2;10154;70;4;88;23.0;7;0;1;0;0;0
1342;240;20180825;23;180;10;20;30;99;;86;0;0;0;0;10156;65;3;91;;5;0;0;0;0;0
1343;240;20180825;24;160;20;20;30;95;52.0;88;0;0;0;0;10156;65;0;95;1.0;7;0;0;0;0;0
1344;240;20180826;1;180;20;20;30;90;;85;0;0;0;0;10157;65;2;97;;5;0;0;0;0;0
1345;240;20180826;2;160;20;20;20;88;;83;0;0;0;0;10158;65;2;97;;5;0;0;0;0;0
1346;240;20180826;3;180;20;20;30;81;;77;0;0;0;0;10157;65;6;97;;5;0;0;0;0;0
1347;240;20180826;4;190;20;20;30;77;;74;0;0;0;0;10158;65;8;97;;5;0;0;0;0;0
1348;240;20180826;5;180;20;20;30;86;;83;0;2;0;0;10159;65;8;97;;5;0;0;0;0;0
1349;240;20180826;6;160;20;10;30;111;27.0;104;8;25;0;0;10162;65;8;95;;5;0;0;0;0;0
1350;240;20180826;7;200;30;40;50;143;;112;7;75;0;0;10162;70;8;81;;5;0;0;0;0;0
1351;240;20180826;8;190;40;40;60;157;;104;7;103;0;0;10158;75;8;70;;5;0;0;0;0;0
1352;240;20180826;9;180;50;50;70;170;;78;10;172;0;0;10159;81;8;54;;5;0;0;0;0;0
1353;240;20180826;10;170;60;70;90;178;;78;9;218;0;0;10156;80;8;51;;5;0;0;0;0;0
1354;240;20180826;11;180;70;70;100;183;;82;10;256;0;0;10151;82;8;51;;5;0;0;0;0;0
1355;240;20180826;12;180;70;70;110;184;103.0;102;7;233;0;0;10143;80;8;58;;5;0;0;0;0;0
1356;240;20180826;13;180;80;70;110;185;;92;5;194;0;0;10135;81;8;54;;5;0;0;0;0;0
1357;240;20180826;14;200;80;90;120;182;;85;2;109;0;0;10128;83;8;53;;5;0;0;0;0;0
1358;240;20180826;15;190;80;80;120;178;;91;0;58;0;0;10121;83;8;56;;5;0;0;0;0;0
1359;240;20180826;16;200;80;70;130;161;;94;0;47;0;-1;10117;81;8;64;81.0;7;0;1;0;0;0
1360;240;20180826;17;190;70;70;110;162;;78;0;32;0;-1;10107;83;8;57;51.0;7;0;1;0;0;0
1361;240;20180826;18;190;70;100;140;152;139.0;83;0;16;0;-1;10101;74;8;63;57.0;7;0;1;0;0;0
1362;240;20180826;19;190;90;100;170;137;;91;0;1;8;1;10096;66;8;73;57.0;7;0;1;0;0;0
1363;240;20180826;20;190;90;110;160;149;;96;0;0;4;4;10082;75;8;70;81.0;7;0;1;0;0;0
1364;240;20180826;21;190;110;110;180;144;;106;0;0;9;5;10076;64;8;77;61.0;7;0;1;0;0;0
1365;240;20180826;22;180;110;110;170;142;;111;0;0;0;-1;10066;63;8;81;57.0;7;0;1;0;0;0
1366;240;20180826;23;180;100;90;150;132;;125;0;0;9;1;10056;60;8;95;57.0;7;0;1;0;0;0
1367;240;20180826;24;180;90;90;130;141;121.0;133;0;0;0;-1;10050;64;8;94;23.0;7;0;1;0;0;0
1368;240;20180827;1;200;90;80;120;152;;142;0;0;0;0;10044;65;8;93;;5;0;0;0;0;0
1369;240;20180827;2;200;80;80;120;158;;150;0;0;0;0;10040;61;8;95;;5;0;0;0;0;0
1370;240;20180827;3;210;70;70;110;164;;160;0;0;5;4;10040;58;8;97;81.0;7;0;1;0;0;0
1371;240;20180827;4;220;60;60;100;171;;167;0;0;5;29;10044;56;8;97;82.0;7;0;1;0;0;0
1372;240;20180827;5;250;60;70;100;178;;155;0;1;4;4;10054;70;8;86;23.0;7;0;1;0;0;0
1373;240;20180827;6;250;60;50;90;178;137.0;148;0;11;0;0;10060;70;8;82;2.0;7;0;0;0;0;0
1374;240;20180827;7;250;50;50;80;183;;151;1;42;0;0;10062;70;6;81;;5;0;0;0;0;0
1375;240;20180827;8;260;60;60;90;186;;149;3;60;0;0;10068;75;8;79;;5;0;0;0;0;0
1376;240;20180827;9;270;80;80;110;190;;148;3;87;4;1;10076;75;6;76;23.0;7;0;1;0;0;0
1377;240;20180827;10;260;90;90;130;184;;137;2;93;0;0;10086;75;8;74;;5;0;0;0;0;0
1378;240;20180827;11;270;90;90;130;182;;123;2;133;0;0;10094;79;8;68;;5;0;0;0;0;0
1379;240;20180827;12;260;100;100;140;197;171.0;120;3;156;0;0;10101;80;6;61;;5;0;0;0;0;0
1380;240;20180827;13;250;90;70;130;166;;131;2;73;0;-1;10113;64;8;79;51.0;7;0;1;0;0;0
1381;240;20180827;14;270;70;70;100;178;;115;0;50;0;-1;10119;80;8;66;22.0;7;0;1;0;0;0
1382;240;20180827;15;260;80;70;120;182;;116;2;102;0;0;10126;80;8;65;2.0;7;0;0;0;0;0
1383;240;20180827;16;250;70;70;100;184;;119;0;50;0;0;10133;80;8;65;;5;0;0;0;0;0
1384;240;20180827;17;250;70;60;100;179;;123;2;35;0;0;10137;80;8;69;;5;0;0;0;0;0
1385;240;20180827;18;260;60;50;80;179;156.0;120;0;6;0;-1;10141;80;8;68;23.0;7;0;1;0;0;0
1386;240;20180827;19;270;50;40;70;175;;117;0;1;0;-1;10150;80;8;68;81.0;7;0;1;0;0;0
1387;240;20180827;20;260;50;40;70;176;;119;0;0;0;-1;10156;80;8;69;23.0;7;0;1;0;0;0
1388;240;20180827;21;260;30;30;50;171;;126;0;0;0;0;10160;75;8;74;2.0;7;0;0;0;0;0
1389;240;20180827;22;260;30;20;40;170;;129;0;0;0;-1;10163;75;8;77;23.0;7;0;1;0;0;0
1390;240;20180827;23;220;20;30;30;165;;134;0;0;0;0;10168;70;8;82;;5;0;0;0;0;0
1391;240;20180827;24;260;30;20;40;167;151.0;133;0;0;0;0;10171;75;8;80;2.0;7;0;0;0;0;0
1392;240;20180828;1;190;20;20;30;161;;142;0;0;0;0;10173;70;8;88;;5;0;0;0;0;0
1393;240;20180828;2;160;10;10;30;163;;142;0;0;0;0;10174;70;8;87;;5;0;0;0;0;0
1394;240;20180828;3;180;20;20;30;158;;142;0;0;0;0;10175;70;8;90;;5;0;0;0;0;0
1395;240;20180828;4;180;20;20;30;159;;146;0;0;0;0;10177;65;8;92;;5;0;0;0;0;0
1396;240;20180828;5;220;30;20;40;163;;150;0;0;0;-1;10182;65;8;91;23.0;7;0;1;0;0;0
1397;240;20180828;6;990;10;10;20;165;146.0;151;0;9;0;0;10184;65;8;91;2.0;7;0;0;0;0;0
1398;240;20180828;7;200;20;30;40;176;;154;0;30;0;0;10189;70;8;86;;5;0;0;0;0;0
1399;240;20180828;8;190;30;20;40;177;;155;0;43;0;0;10193;70;8;86;;5;0;0;0;0;0
1400;240;20180828;9;190;20;30;40;183;;151;0;42;0;0;10195;70;8;81;;5;0;0;0;0;0
1401;240;20180828;10;170;20;20;40;196;;160;1;106;0;0;10192;71;8;79;;5;0;0;0;0;0
1402;240;20180828;11;200;20;40;60;207;;115;9;239;0;0;10191;81;8;55;;5;0;0;0;0;0
1403;240;20180828;12;190;30;50;70;206;159.0;120;0;71;0;0;10191;80;8;57;;5;0;0;0;0;0
1404;240;20180828;13;190;40;40;70;204;;116;0;114;0;0;10189;80;8;56;;5;0;0;0;0;0
1405;240;20180828;14;280;40;20;60;210;;123;1;109;0;0;10185;81;6;57;;5;0;0;0;0;0
1406;240;20180828;15;200;10;20;40;201;;126;0;72;0;0;10183;79;5;62;;5;0;0;0;0;0
1407;240;20180828;16;170;40;40;60;201;;116;0;58;0;0;10179;77;8;58;;5;0;0;0;0;0
1408;240;20180828;17;180;30;30;50;196;;118;6;63;0;0;10175;78;8;61;;5;0;0;0;0;0
1409;240;20180828;18;160;20;20;40;174;154.0;117;7;25;0;0;10172;80;8;69;;5;0;0;0;0;0
1410;240;20180828;19;110;10;10;30;161;;128;0;2;0;0;10171;64;8;80;;5;0;0;0;0;0
1411;240;20180828;20;50;10;10;20;132;;115;0;0;0;0;10168;69;0;89;;5;0;0;0;0;0
1412;240;20180828;21;70;10;10;10;141;;126;0;0;0;0;10165;65;0;91;;5;0;0;0;0;0
1413;240;20180828;22;360;10;10;20;134;;128;0;0;0;0;10162;61;0;95;;5;0;0;0;0;0
1414;240;20180828;23;30;10;10;10;128;;124;0;0;0;0;10157;58;0;97;10.0;7;0;0;0;0;0
1415;240;20180828;24;0;10;0;10;125;74.0;123;0;0;0;0;10154;58;0;98;10.0;7;0;0;0;0;0
1416;240;20180829;1;50;10;10;10;119;;117;0;0;0;0;10145;31;0;98;20.0;7;1;0;0;0;0
1417;240;20180829;2;110;20;10;30;128;;126;0;0;0;0;10141;59;4;98;10.0;7;0;0;0;0;0
1418;240;20180829;3;70;10;20;30;113;;111;0;0;0;0;10133;36;8;98;10.0;7;0;0;0;0;0
1419;240;20180829;4;100;10;10;20;117;;115;0;0;0;0;10135;57;8;98;10.0;7;0;0;0;0;0
1420;240;20180829;5;100;20;10;20;118;;116;0;1;0;0;10131;58;8;98;10.0;7;0;0;0;0;0
1421;240;20180829;6;320;0;10;10;134;68.0;129;7;21;0;0;10130;57;8;96;10.0;7;0;0;0;0;0
1422;240;20180829;7;0;10;0;20;161;;138;5;57;0;0;10135;59;6;86;10.0;7;0;0;0;0;0
1423;240;20180829;8;320;10;20;30;173;;146;5;93;0;0;10129;58;8;84;10.0;7;0;0;0;0;0
1424;240;20180829;9;10;20;30;40;188;;147;0;77;0;0;10121;60;8;77;;5;0;0;0;0;0
1425;240;20180829;10;20;30;40;60;194;;138;0;63;0;0;10114;63;8;70;;5;0;0;0;0;0
1426;240;20180829;11;40;40;20;60;197;;150;0;65;0;-1;10120;61;8;74;51.0;7;0;1;0;0;0
1427;240;20180829;12;100;20;20;40;190;120.0;154;0;65;0;-1;10130;59;8;80;57.0;7;0;1;0;0;0
1428;240;20180829;13;310;10;20;30;196;;149;0;42;0;-1;10128;59;8;74;23.0;7;0;1;0;0;0
1429;240;20180829;14;330;50;60;90;182;;140;0;57;0;0;10130;61;8;76;;5;0;0;0;0;0
1430;240;20180829;15;350;60;50;100;167;;125;0;38;0;0;10133;75;8;76;2.0;7;0;0;0;0;0
1431;240;20180829;16;340;50;50;90;152;;132;0;13;3;6;10138;62;8;87;57.0;7;0;1;0;0;0
1432;240;20180829;17;10;30;30;70;146;;132;0;11;10;23;10140;60;8;91;61.0;7;0;1;0;0;0
1433;240;20180829;18;340;20;20;50;144;141.0;135;0;11;10;14;10145;65;8;94;61.0;7;0;1;0;0;0
1434;240;20180829;19;340;30;30;50;147;;137;0;1;8;1;10150;60;8;94;61.0;7;0;1;0;0;0
1435;240;20180829;20;320;30;30;60;147;;139;0;0;10;7;10161;60;8;95;61.0;7;0;1;0;0;0
1436;240;20180829;21;350;20;30;50;148;;140;0;0;7;5;10165;64;8;95;51.0;7;0;1;0;0;0
1437;240;20180829;22;320;30;30;50;149;;139;0;0;0;-1;10169;65;8;93;81.0;7;0;1;0;0;0
1438;240;20180829;23;320;20;20;40;148;;139;0;0;0;-1;10173;63;8;94;23.0;7;0;1;0;0;0
1439;240;20180829;24;330;30;40;60;156;139.0;139;0;0;0;0;10175;70;8;89;2.0;7;0;0;0;0;0
1440;240;20180830;1;330;40;40;60;151;;129;0;0;0;0;10179;70;6;86;;5;0;0;0;0;0
1441;240;20180830;2;320;30;40;50;139;;124;0;0;0;0;10182;70;0;90;;5;0;0;0;0;0
1442;240;20180830;3;310;40;40;50;136;;116;0;0;0;0;10186;70;0;87;;5;0;0;0;0;0
1443;240;20180830;4;310;40;30;50;124;;106;0;0;0;0;10192;70;1;88;;5;0;0;0;0;0
1444;240;20180830;5;300;30;30;40;120;;99;0;1;0;0;10197;70;0;87;;5;0;0;0;0;0
1445;240;20180830;6;310;30;20;30;137;88.0;110;5;22;0;0;10200;70;1;83;;5;0;0;0;0;0
1446;240;20180830;7;320;30;40;50;161;;102;10;81;0;0;10202;80;8;68;;5;0;0;0;0;0
1447;240;20180830;8;320;40;40;70;165;;104;3;74;0;0;10210;80;8;67;;5;0;0;0;0;0
1448;240;20180830;9;320;50;50;90;175;;103;3;121;0;0;10213;80;5;62;;5;0;0;0;0;0
1449;240;20180830;10;330;60;70;100;172;;100;8;195;0;0;10216;79;6;62;;5;0;0;0;0;0
1450;240;20180830;11;330;60;60;90;182;;99;5;166;0;0;10219;81;7;58;;5;0;0;0;0;0
1451;240;20180830;12;310;60;70;100;187;124.0;102;8;222;0;0;10221;79;2;57;;5;0;0;0;0;0
1452;240;20180830;13;310;60;70;100;184;;87;10;250;0;0;10223;80;2;53;;5;0;0;0;0;0
1453;240;20180830;14;310;60;70;100;191;;88;10;223;0;0;10225;79;1;51;;5;0;0;0;0;0
1454;240;20180830;15;350;60;60;100;187;;82;10;194;0;0;10225;83;8;50;;5;0;0;0;0;0
1455;240;20180830;16;330;60;50;90;179;;79;10;140;0;0;10226;81;7;52;;5;0;0;0;0;0
1456;240;20180830;17;310;50;50;80;173;;91;8;81;0;0;10227;82;8;58;;5;0;0;0;0;0
1457;240;20180830;18;320;40;40;70;150;138.0;91;8;28;0;0;10229;80;7;67;;5;0;0;0;0;0
1458;240;20180830;19;350;30;30;50;139;;89;0;2;0;0;10233;75;8;71;;5;0;0;0;0;0
1459;240;20180830;20;10;20;10;40;137;;87;0;0;0;0;10235;75;8;71;;5;0;0;0;0;0
1460;240;20180830;21;0;10;0;20;128;;90;0;0;0;0;10236;75;8;77;;5;0;0;0;0;0
1461;240;20180830;22;350;10;10;10;122;;101;0;0;0;0;10235;70;8;87;;5;0;0;0;0;0
1462;240;20180830;23;290;10;10;20;113;;94;0;0;0;0;10235;70;8;88;;5;0;0;0;0;0
1463;240;20180830;24;0;10;0;20;105;56.0;94;0;0;0;0;10234;65;8;93;;5;0;0;0;0;0
1464;240;20180831;1;0;0;0;10;106;;103;0;0;0;0;10233;65;8;97;;5;0;0;0;0;0
1465;240;20180831;2;310;10;10;20;102;;96;0;0;0;0;10232;65;7;95;;5;0;0;0;0;0
1466;240;20180831;3;0;10;0;20;97;;92;0;0;0;0;10230;65;7;97;;5;0;0;0;0;0
1467;240;20180831;4;990;0;10;10;101;;96;0;0;0;0;10230;65;7;97;;5;0;0;0;0;0
1468;240;20180831;5;280;10;10;20;99;;94;0;0;0;0;10231;65;8;96;;5;0;0;0;0;0
1469;240;20180831;6;0;10;0;20;111;39.0;102;3;16;0;0;10233;65;8;94;;5;0;0;0;0;0
1470;240;20180831;7;350;10;20;30;140;;116;0;29;0;0;10238;70;8;85;;5;0;0;0;0;0
1471;240;20180831;8;300;30;30;40;143;;118;0;49;0;0;10240;70;8;84;;5;0;0;0;0;0
1472;240;20180831;9;300;20;20;30;158;;113;0;94;0;0;10243;75;8;74;;5;0;0;0;0;0
1473;240;20180831;10;320;10;10;30;166;;108;1;105;0;0;10241;80;8;68;;5;0;0;0;0;0
1474;240;20180831;11;990;10;10;20;172;;106;0;105;0;0;10240;80;8;64;;5;0;0;0;0;0
1475;240;20180831;12;990;10;10;30;173;96.0;111;0;110;0;0;10239;80;8;66;;5;0;0;0;0;0
1476;240;20180831;13;990;10;10;30;173;;100;0;69;0;0;10239;82;8;61;;5;0;0;0;0;0
1477;240;20180831;14;990;10;10;30;179;;99;1;127;0;0;10237;82;8;59;;5;0;0;0;0;0
1478;240;20180831;15;340;20;20;30;181;;92;4;131;0;0;10237;81;4;56;;5;0;0;0;0;0
1479;240;20180831;16;300;20;30;40;186;;95;3;92;0;0;10236;81;8;55;;5;0;0;0;0;0
1480;240;20180831;17;340;40;40;60;177;;98;4;56;0;0;10238;82;8;59;;5;0;0;0;0;0
1481;240;20180831;18;310;40;40;50;169;166.0;93;10;36;0;0;10241;82;8;60;;5;0;0;0;0;0
1482;240;20180831;19;360;30;20;40;155;;101;0;5;0;0;10244;80;8;69;;5;0;0;0;0;0
1483;240;20180831;20;30;20;20;30;144;;99;0;0;0;0;10248;75;0;74;;5;0;0;0;0;0
1484;240;20180831;21;70;20;20;20;133;;105;0;0;0;0;10250;70;0;83;;5;0;0;0;0;0
1485;240;20180831;22;300;10;10;20;120;;101;0;0;0;0;10251;70;0;88;;5;0;0;0;0;0
1486;240;20180831;23;310;0;10;10;108;;93;0;0;0;0;10253;70;0;90;;5;0;0;0;0;0
1487;240;20180831;24;0;10;0;10;104;48.0;101;0;0;0;0;10253;65;0;97;;5;0;0;0;0;0
1488;240;20180901;1;0;0;0;10;103;;98;0;0;0;0;10254;65;0;97;;5;0;0;0;0;0
1489;240;20180901;2;350;0;10;10;90;;85;0;0;0;0;10256;65;0;97;;5;0;0;0;0;0
1490;240;20180901;3;50;0;10;10;92;;87;0;0;0;0;10256;65;0;97;;5;0;0;0;0;0
1491;240;20180901;4;90;10;10;10;98;;93;0;0;0;0;10258;65;0;97;;5;0;0;0;0;0
1492;240;20180901;5;80;10;10;20;91;;86;0;0;0;0;10261;65;0;97;;5;0;0;0;0;0
1493;240;20180901;6;0;10;0;10;101;34.0;95;7;18;0;0;10266;65;0;96;;5;0;0;0;0;0
1494;240;20180901;7;170;0;10;20;137;;100;10;66;0;0;10272;75;0;78;;5;0;0;0;0;0
1495;240;20180901;8;160;20;30;40;156;;105;10;121;0;0;10274;75;0;71;;5;0;0;0;0;0
1496;240;20180901;9;160;30;30;40;171;;103;10;175;0;0;10278;81;0;64;;5;0;0;0;0;0
1497;240;20180901;10;200;20;20;40;182;;98;10;214;0;0;10278;81;0;57;;5;0;0;0;0;0
1498;240;20180901;11;250;20;10;40;190;;104;10;257;0;0;10277;81;0;57;;5;0;0;0;0;0
1499;240;20180901;12;190;10;10;30;200;73.0;80;10;278;0;0;10275;83;0;45;;5;0;0;0;0;0
1500;240;20180901;13;70;20;20;40;202;;82;10;280;0;0;10273;77;2;45;;5;0;0;0;0;0
1501;240;20180901;14;70;20;20;50;192;;89;3;136;0;0;10273;82;8;51;;5;0;0;0;0;0
1502;240;20180901;15;70;20;50;70;201;;94;6;138;0;0;10269;81;7;49;;5;0;0;0;0;0
1503;240;20180901;16;70;40;30;60;185;;83;3;90;0;0;10271;83;2;51;;5;0;0;0;0;0
1504;240;20180901;17;60;30;30;50;183;;93;5;60;0;0;10271;83;8;55;;5;0;0;0;0;0
1505;240;20180901;18;60;30;30;50;153;143.0;90;10;33;0;0;10273;80;8;66;;5;0;0;0;0;0
1506;240;20180901;19;50;30;20;40;140;;95;0;2;0;0;10276;75;8;74;;5;0;0;0;0;0
1507;240;20180901;20;40;20;10;30;134;;102;0;0;0;0;10277;70;2;81;;5;0;0;0;0;0
1508;240;20180901;21;40;20;10;30;128;;105;0;0;0;0;10279;70;0;85;;5;0;0;0;0;0
1509;240;20180901;22;60;20;20;30;130;;107;0;0;0;0;10279;70;0;85;;5;0;0;0;0;0
1510;240;20180901;23;70;30;30;40;113;;94;0;0;0;0;10279;70;0;87;;5;0;0;0;0;0
1511;240;20180901;24;80;20;20;40;118;55.0;94;0;0;0;0;10279;70;0;85;;5;0;0;0;0;0
1512;240;20180902;1;70;20;20;20;117;;99;0;0;0;0;10278;70;5;88;;5;0;0;0;0;0
1513;240;20180902;2;80;10;10;20;104;;99;0;0;0;0;10277;65;8;96;;5;0;0;0;0;0
1514;240;20180902;3;70;10;10;20;98;;94;0;0;0;0;10275;65;1;97;;5;0;0;0;0;0
1515;240;20180902;4;80;10;10;20;95;;92;0;0;0;0;10271;65;0;97;;5;0;0;0;0;0
1516;240;20180902;5;60;10;10;20;102;;97;0;0;0;0;10270;65;0;97;;5;0;0;0;0;0
1517;240;20180902;6;60;20;20;30;127;38.0;118;7;19;0;0;10271;65;0;94;;5;0;0;0;0;0
1518;240;20180902;7;60;30;40;60;157;;134;10;64;0;0;10269;70;0;86;;5;0;0;0;0;0
1519;240;20180902;8;60;40;40;60;169;;133;10;120;0;0;10270;75;0;79;;5;0;0;0;0;0
1520;240;20180902;9;60;40;40;60;182;;136;10;172;0;0;10269;75;0;74;;5;0;0;0;0;0
1521;240;20180902;10;70;40;30;60;193;;134;10;215;0;0;10266;76;0;68;;5;0;0;0;0;0
1522;240;20180902;11;70;40;40;60;204;;137;10;246;0;0;10260;79;0;65;;5;0;0;0;0;0
1523;240;20180902;12;70;40;30;60;219;108.0;132;10;246;0;0;10256;76;2;57;;5;0;0;0;0;0
1524;240;20180902;13;70;40;50;70;205;;113;4;154;0;0;10251;83;7;55;;5;0;0;0;0;0
1525;240;20180902;14;70;40;50;80;214;;116;4;155;0;0;10245;82;6;53;;5;0;0;0;0;0
1526;240;20180902;15;50;40;40;70;213;;120;7;159;0;0;10239;81;1;55;;5;0;0;0;0;0
1527;240;20180902;16;50;50;60;80;210;;105;10;140;0;0;10235;81;0;51;;5;0;0;0;0;0
1528;240;20180902;17;60;50;50;80;200;;99;10;82;0;0;10232;82;0;52;;5;0;0;0;0;0
1529;240;20180902;18;40;40;40;70;186;172.0;109;8;30;0;0;10230;83;0;61;;5;0;0;0;0;0
1530;240;20180902;19;40;30;30;60;165;;115;0;2;0;0;10232;75;0;72;;5;0;0;0;0;0
1531;240;20180902;20;30;30;30;40;152;;110;0;0;0;0;10230;75;0;75;;5;0;0;0;0;0
1532;240;20180902;21;50;40;40;70;168;;132;0;0;0;0;10228;75;0;79;;5;0;0;0;0;0
1533;240;20180902;22;50;40;40;70;161;;131;0;0;0;0;10228;70;0;82;;5;0;0;0;0;0
1534;240;20180902;23;50;40;40;60;160;;135;0;0;0;0;10224;70;0;84;;5;0;0;0;0;0
1535;240;20180902;24;40;40;30;60;156;118.0;139;0;0;0;0;10220;63;0;89;;5;0;0;0;0;0
1536;240;20180903;1;30;30;30;50;150;;135;0;0;0;0;10214;61;2;91;;5;0;0;0;0;0
1537;240;20180903;2;350;20;20;40;137;;129;0;0;0;0;10212;59;2;94;10.0;7;0;0;0;0;0
1538;240;20180903;3;20;20;20;40;146;;137;0;0;0;0;10206;60;1;94;;5;0;0;0;0;0
1539;240;20180903;4;20;20;20;30;153;;143;0;0;0;0;10207;62;8;93;;5;0;0;0;0;0
1540;240;20180903;5;20;30;30;50;162;;150;0;0;0;0;10203;62;8;92;;5;0;0;0;0;0
1541;240;20180903;6;20;30;30;50;167;123.0;153;0;4;0;0;10202;63;8;91;;5;0;0;0;0;0
1542;240;20180903;7;10;30;30;50;171;;156;0;14;0;0;10201;62;8;90;;5;0;0;0;0;0
1543;240;20180903;8;360;30;20;40;175;;156;0;22;0;0;10201;63;8;88;;5;0;0;0;0;0
1544;240;20180903;9;10;40;30;50;194;;155;5;118;0;0;10197;68;8;78;;5;0;0;0;0;0
1545;240;20180903;10;20;30;40;60;209;;154;2;116;0;0;10194;73;8;70;;5;0;0;0;0;0
1546;240;20180903;11;30;40;40;60;216;;159;3;169;0;0;10190;71;8;70;;5;0;0;0;0;0
1547;240;20180903;12;20;40;40;70;216;162.0;164;1;128;0;0;10187;75;8;72;;5;0;0;0;0;0
1548;240;20180903;13;20;40;40;70;214;;158;0;89;0;0;10183;75;8;70;;5;0;0;0;0;0
1549;240;20180903;14;360;50;50;80;219;;164;5;171;0;0;10180;75;8;71;;5;0;0;0;0;0
1550;240;20180903;15;20;50;40;70;218;;177;4;129;0;0;10178;70;8;77;;5;0;0;0;0;0
1551;240;20180903;16;360;50;40;70;212;;174;7;102;0;0;10176;69;8;78;;5;0;0;0;0;0
1552;240;20180903;17;10;40;40;70;207;;175;10;65;0;0;10177;65;4;81;;5;0;0;0;0;0
1553;240;20180903;18;10;40;30;60;199;194.0;170;7;19;0;0;10177;63;8;83;;5;0;0;0;0;0
1554;240;20180903;19;350;40;30;60;188;;169;0;1;0;0;10179;62;8;88;;5;0;0;0;0;0
1555;240;20180903;20;10;30;30;70;190;;170;0;0;0;0;10180;61;8;88;;5;0;0;0;0;0
1556;240;20180903;21;360;30;30;60;187;;172;0;0;0;0;10179;59;8;90;10.0;7;0;0;0;0;0
1557;240;20180903;22;10;30;30;50;187;;174;0;0;0;0;10178;57;8;91;10.0;7;0;0;0;0;0
1558;240;20180903;23;340;30;30;60;188;;175;0;0;0;0;10177;56;8;92;10.0;7;0;0;0;0;0
1559;240;20180903;24;20;40;40;60;188;182.0;177;0;0;0;0;10171;50;8;93;10.0;7;0;0;0;0;0
1560;240;20180904;1;20;30;30;70;187;;179;0;0;0;0;10169;56;8;94;10.0;7;0;0;0;0;0
1561;240;20180904;2;20;30;30;50;186;;179;0;0;0;0;10169;50;8;95;10.0;7;0;0;0;0;0
1562;240;20180904;3;10;30;20;60;186;;180;0;0;0;0;10165;46;8;96;10.0;7;0;0;0;0;0
1563;240;20180904;4;350;30;30;50;186;;181;0;0;0;0;10165;35;8;97;10.0;7;0;0;0;0;0
1564;240;20180904;5;350;30;30;60;185;;181;0;0;0;0;10164;27;8;97;10.0;7;0;0;0;0;0
1565;240;20180904;6;360;30;30;60;188;183.0;182;0;5;0;0;10168;28;8;96;10.0;7;0;0;0;0;0
1566;240;20180904;7;360;20;10;40;190;;184;0;14;0;0;10172;26;8;96;10.0;7;0;0;0;0;0
1567;240;20180904;8;310;10;20;60;192;;185;0;19;0;0;10173;25;8;95;10.0;7;0;0;0;0;0
1568;240;20180904;9;340;20;20;50;199;;186;0;39;0;0;10173;38;8;92;10.0;7;0;0;0;0;0
1569;240;20180904;10;350;20;20;50;210;;188;0;61;0;0;10172;50;8;87;10.0;7;0;0;0;0;0
1570;240;20180904;11;350;20;20;50;218;;191;0;80;0;0;10170;57;8;84;10.0;7;0;0;0;0;0
1571;240;20180904;12;360;20;20;40;230;187.0;189;1;127;0;0;10169;58;8;77;4.0;7;0;0;0;0;0
1572;240;20180904;13;340;20;30;40;237;;198;0;121;0;0;10169;59;7;79;4.0;7;0;0;0;0;0
1573;240;20180904;14;20;30;30;60;246;;190;7;188;0;0;10167;59;7;70;4.0;7;0;0;0;0;0
1574;240;20180904;15;50;40;40;60;243;;194;7;135;0;0;10168;57;8;74;4.0;7;0;0;0;0;0
1575;240;20180904;16;50;40;40;60;232;;186;7;107;0;0;10168;57;8;74;26.0;7;0;0;0;1;0
1576;240;20180904;17;60;40;30;50;228;;188;2;42;0;0;10169;57;8;78;10.0;7;0;0;0;0;0
1577;240;20180904;18;10;30;30;50;221;215.0;188;8;36;0;0;10171;58;8;81;10.0;7;0;0;0;0;0
1578;240;20180904;19;10;30;20;40;213;;186;0;2;0;0;10178;59;8;84;10.0;7;0;0;0;0;0
1579;240;20180904;20;350;20;30;40;202;;184;0;0;0;0;10180;58;8;89;10.0;7;0;0;0;0;0
1580;240;20180904;21;350;20;20;40;193;;180;0;0;0;0;10181;57;8;92;10.0;7;0;0;0;0;0
1581;240;20180904;22;360;20;20;40;186;;176;0;0;0;0;10180;56;2;93;10.0;7;0;0;0;0;0
1582;240;20180904;23;20;20;20;40;183;;172;0;0;0;0;10181;50;8;93;10.0;7;0;0;0;0;0
1583;240;20180904;24;20;30;30;40;178;171.0;170;0;0;0;0;10180;38;6;94;10.0;7;0;0;0;0;0
1584;240;20180905;1;20;30;30;40;177;;171;0;0;0;0;10178;25;6;95;10.0;7;0;0;0;0;0
1585;240;20180905;2;20;20;20;40;179;;172;0;0;0;0;10177;29;8;95;10.0;7;0;0;0;0;0
1586;240;20180905;3;20;30;30;50;180;;175;0;0;0;0;10174;26;8;96;10.0;7;0;0;0;0;0
1587;240;20180905;4;30;30;40;50;178;;173;0;0;0;-1;10170;23;8;96;51.0;7;0;1;0;1;0
1588;240;20180905;5;250;20;20;50;181;;174;0;0;0;-1;10181;28;8;96;92.0;7;0;1;0;1;0
1589;240;20180905;6;140;20;30;60;175;168.0;160;0;0;10;46;10185;58;8;90;92.0;7;0;1;0;1;0
1590;240;20180905;7;20;20;20;50;173;;170;0;1;10;50;10182;46;8;97;62.0;7;0;1;0;1;0
1591;240;20180905;8;320;20;30;70;177;;174;0;3;10;45;10190;22;8;98;61.0;7;0;1;0;1;0
1592;240;20180905;9;300;30;30;130;172;;170;0;4;10;43;10195;23;8;98;92.0;7;0;1;0;1;0
1593;240;20180905;10;360;30;20;60;170;;165;0;5;10;48;10190;41;8;96;63.0;7;0;1;0;1;0
1594;240;20180905;11;50;30;40;70;174;;167;0;6;10;48;10184;47;8;96;92.0;7;0;1;0;1;0
1595;240;20180905;12;110;30;40;70;169;166.0;161;0;9;10;30;10181;57;8;94;92.0;7;0;1;0;1;0
1596;240;20180905;13;50;50;40;80;170;;161;0;24;10;74;10175;32;8;94;92.0;7;0;1;0;1;0
1597;240;20180905;14;50;40;40;90;183;;174;0;38;7;98;10171;57;8;94;57.0;7;0;1;0;1;0
1598;240;20180905;15;360;30;30;60;197;;171;1;101;0;-1;10171;63;8;84;23.0;7;0;1;0;0;0
1599;240;20180905;16;340;30;30;60;200;;166;10;110;0;0;10169;65;8;80;;5;0;0;0;0;0
1600;240;20180905;17;340;40;30;60;192;;164;3;51;0;0;10167;63;8;83;;5;0;0;0;0;0
1601;240;20180905;18;350;30;30;50;192;166.0;172;0;10;0;0;10165;60;8;87;2.0;7;0;0;0;0;0
1602;240;20180905;19;360;30;30;50;188;;164;0;1;0;0;10165;63;8;85;;5;0;0;0;0;0
1603;240;20180905;20;20;30;20;40;182;;163;0;0;0;0;10165;62;8;88;;5;0;0;0;0;0
1604;240;20180905;21;350;30;30;40;180;;165;0;0;0;0;10163;59;8;91;10.0;7;0;0;0;0;0
1605;240;20180905;22;360;30;30;50;180;;169;0;0;0;0;10158;56;8;93;10.0;7;0;0;0;0;0
1606;240;20180905;23;360;30;20;50;180;;167;0;0;0;0;10156;57;8;91;10.0;7;0;0;0;0;0
1607;240;20180905;24;180;20;10;50;172;169.0;170;0;0;4;11;10158;29;8;98;81.0;7;0;1;0;0;0
1608;240;20180906;1;330;10;20;30;169;;166;0;0;10;28;10150;24;8;98;61.0;7;0;1;0;0;0
1609;240;20180906;2;310;20;30;40;169;;168;0;0;7;1;10144;21;8;98;61.0;7;0;1;0;0;0
1610;240;20180906;3;330;30;20;40;165;;163;0;0;0;-1;10140;30;8;98;23.0;7;0;1;0;0;0
1611;240;20180906;4;330;20;30;40;167;;165;0;0;0;0;10136;26;8;98;10.0;7;0;0;0;0;0
1612;240;20180906;5;340;20;20;40;171;;168;0;0;0;0;10135;27;8;98;10.0;7;0;0;0;0;0
1613;240;20180906;6;330;30;30;70;174;161.0;172;0;3;0;0;10135;26;8;98;10.0;7;0;0;0;0;0
1614;240;20180906;7;330;20;10;40;180;;176;0;15;0;-1;10135;25;8;97;81.0;7;0;1;0;0;0
1615;240;20180906;8;330;30;50;70;179;;166;0;29;1;1;10134;58;8;92;23.0;7;0;1;0;0;0
1616;240;20180906;9;310;40;40;130;175;;157;0;36;0;0;10133;68;8;89;2.0;7;0;0;0;0;0
1617;240;20180906;10;310;40;40;60;173;;159;0;47;0;0;10130;60;8;91;;5;0;0;0;0;0
1618;240;20180906;11;330;30;30;80;164;;161;0;11;7;62;10131;25;8;97;82.0;7;0;1;0;0;0
1619;240;20180906;12;320;30;30;70;169;165.0;162;0;37;10;5;10128;58;8;95;61.0;7;0;1;0;0;0
1620;240;20180906;13;330;30;30;60;181;;162;0;76;0;-1;10127;70;8;88;23.0;7;0;1;0;0;0
1621;240;20180906;14;300;50;50;80;167;;158;0;40;1;3;10127;56;8;94;81.0;7;0;1;0;0;0
1622;240;20180906;15;330;40;40;80;167;;158;0;47;10;7;10123;65;8;94;61.0;7;0;1;0;0;0
1623;240;20180906;16;310;40;40;80;174;;161;1;48;7;1;10120;65;8;92;23.0;7;0;1;0;0;0
1624;240;20180906;17;310;50;50;70;169;;149;7;61;0;0;10118;70;7;87;;5;0;0;0;0;0
1625;240;20180906;18;300;50;40;70;165;159.0;141;0;10;0;0;10122;70;8;85;3.0;7;0;0;0;0;0
1626;240;20180906;19;280;30;20;60;151;;137;0;1;0;0;10124;65;7;91;;5;0;0;0;0;0
1627;240;20180906;20;300;20;20;30;142;;130;0;0;0;0;10123;65;8;92;;5;0;0;0;0;0
1628;240;20180906;21;300;20;10;30;140;;131;0;0;0;0;10119;65;8;94;;5;0;0;0;0;0
1629;240;20180906;22;210;10;20;30;135;;125;0;0;0;0;10119;65;8;93;;5;0;0;0;0;0
1630;240;20180906;23;200;20;20;30;139;;131;0;0;0;-1;10115;65;8;94;23.0;7;0;1;0;0;0
1631;240;20180906;24;180;20;20;30;140;120.0;135;0;0;0;0;10110;64;8;97;2.0;7;0;0;0;0;0
1632;240;20180907;1;190;30;30;40;144;;131;0;0;0;0;10106;64;8;91;;5;0;0;0;0;0
1633;240;20180907;2;180;30;30;50;143;;131;0;0;0;-1;10103;62;8;92;23.0;7;0;1;0;0;0
1634;240;20180907;3;160;30;30;60;141;;136;0;0;9;17;10098;50;8;97;81.0;7;0;1;0;1;0
1635;240;20180907;4;200;40;50;90;140;;130;0;0;10;76;10099;62;8;93;61.0;7;0;1;0;0;0
1636;240;20180907;5;300;30;30;60;141;;132;0;0;2;3;10100;65;8;94;81.0;7;0;1;0;0;0
1637;240;20180907;6;260;30;30;60;143;126.0;123;0;4;0;-1;10104;70;8;87;23.0;7;0;1;0;0;0
1638;240;20180907;7;270;40;40;50;147;;105;0;30;0;0;10107;75;8;75;;5;0;0;0;0;0
1639;240;20180907;8;270;40;40;60;165;;109;9;108;0;0;10111;80;1;69;;5;0;0;0;0;0
1640;240;20180907;9;300;60;60;100;140;;113;4;72;2;2;10119;70;7;83;81.0;7;0;1;0;0;0
1641;240;20180907;10;270;80;90;120;163;;90;10;197;0;-1;10126;81;1;61;23.0;7;0;1;0;0;0
1642;240;20180907;11;260;90;90;130;162;;76;10;247;0;0;10132;80;2;56;;5;0;0;0;0;0
1643;240;20180907;12;260;90;90;130;161;134.0;79;10;225;0;0;10136;81;3;58;3.0;7;0;0;0;0;0
1644;240;20180907;13;250;90;90;130;161;;80;9;225;0;0;10140;83;1;58;;5;0;0;0;0;0
1645;240;20180907;14;260;90;90;130;165;;69;9;185;0;0;10144;83;7;53;;5;0;0;0;0;0
1646;240;20180907;15;250;90;90;130;159;;71;9;175;0;0;10146;83;6;55;;5;0;0;0;0;0
1647;240;20180907;16;240;80;90;120;162;;74;9;121;0;0;10143;81;2;56;;5;0;0;0;0;0
1648;240;20180907;17;230;80;80;130;154;;82;7;62;0;0;10142;83;7;62;;5;0;0;0;0;0
1649;240;20180907;18;220;80;80;130;156;142.0;81;0;9;0;0;10141;83;8;60;;5;0;0;0;0;0
1650;240;20180907;19;230;90;90;140;152;;89;0;0;0;-1;10142;80;8;66;57.0;7;0;1;0;0;0
1651;240;20180907;20;300;70;60;130;132;;107;0;0;3;10;10150;70;7;84;81.0;7;0;1;0;0;0
1652;240;20180907;21;270;70;60;130;133;;107;0;0;3;1;10153;70;8;84;23.0;7;0;1;0;0;0
1653;240;20180907;22;280;70;80;120;144;;103;0;0;0;-1;10154;75;8;76;23.0;7;0;1;0;0;0
1654;240;20180907;23;270;70;70;120;146;;101;0;0;0;0;10158;75;7;74;;5;0;0;0;0;0
1655;240;20180907;24;260;60;50;110;138;121.0;101;0;0;0;-1;10162;75;2;78;23.0;7;0;1;0;0;0
1656;240;20180908;1;240;50;50;80;142;;100;0;0;0;0;10163;75;4;76;;5;0;0;0;0;0
1657;240;20180908;2;240;40;40;60;124;;96;0;0;0;0;10166;70;6;82;;5;0;0;0;0;0
1658;240;20180908;3;220;40;40;60;113;;94;0;0;0;0;10166;70;8;88;;5;0;0;0;0;0
1659;240;20180908;4;220;40;40;50;113;;92;0;0;0;0;10169;70;8;86;;5;0;0;0;0;0
1660;240;20180908;5;190;40;40;50;113;;103;0;0;0;0;10171;65;8;93;;5;0;0;0;0;0
1661;240;20180908;6;190;30;30;50;128;86.0;108;0;8;0;0;10172;70;8;87;;5;0;0;0;0;0
1662;240;20180908;7;210;40;50;70;144;;121;0;30;0;0;10174;70;8;86;;5;0;0;0;0;0
1663;240;20180908;8;200;50;50;70;148;;125;0;40;0;0;10177;70;8;86;;5;0;0;0;0;0
1664;240;20180908;9;210;60;60;80;157;;117;0;53;0;0;10180;75;8;77;;5;0;0;0;0;0
1665;240;20180908;10;220;60;70;90;165;;116;2;86;0;0;10181;75;8;72;;5;0;0;0;0;0
1666;240;20180908;11;240;70;90;120;177;;102;4;148;0;-1;10182;82;8;61;51.0;7;0;1;0;0;0
1667;240;20180908;12;250;80;70;120;176;117.0;107;5;193;0;-1;10184;81;8;63;22.0;7;0;1;0;0;0
1668;240;20180908;13;250;70;70;100;175;;111;2;152;0;0;10186;80;8;66;;5;0;0;0;0;0
1669;240;20180908;14;230;70;70;100;171;;114;0;98;0;0;10186;80;8;69;;5;0;0;0;0;0
1670;240;20180908;15;230;70;70;100;172;;111;0;66;0;0;10187;80;8;67;2.0;7;0;0;0;0;0
1671;240;20180908;16;230;70;70;100;172;;111;4;67;0;0;10186;80;8;67;;5;0;0;0;0;0
1672;240;20180908;17;210;60;50;90;165;;112;0;35;0;0;10186;75;8;71;;5;0;0;0;0;0
1673;240;20180908;18;210;50;50;90;161;153.0;108;3;13;0;0;10185;75;8;70;2.0;7;0;0;0;0;0
1674;240;20180908;19;190;40;40;70;154;;107;0;0;0;0;10184;75;8;73;;5;0;0;0;0;0
1675;240;20180908;20;190;40;40;70;140;;102;0;0;0;0;10184;75;8;77;;5;0;0;0;0;0
1676;240;20180908;21;180;40;40;50;138;;102;0;0;0;0;10183;75;8;78;;5;0;0;0;0;0
1677;240;20180908;22;180;40;50;60;146;;103;0;0;0;0;10180;75;8;75;;5;0;0;0;0;0
1678;240;20180908;23;180;50;50;60;143;;104;0;0;0;0;10179;75;8;77;;5;0;0;0;0;0
1679;240;20180908;24;190;40;40;60;130;111.0;107;0;0;0;0;10180;70;6;85;;5;0;0;0;0;0
1680;240;20180909;1;190;30;30;40;137;;116;0;0;0;0;10179;70;8;87;;5;0;0;0;0;0
1681;240;20180909;2;190;40;40;50;141;;122;0;0;0;0;10182;70;8;88;;5;0;0;0;0;0
1682;240;20180909;3;190;40;40;50;144;;126;0;0;0;0;10183;70;8;88;;5;0;0;0;0;0
1683;240;20180909;4;200;40;40;60;153;;135;0;0;0;-1;10183;70;8;89;23.0;7;0;1;0;0;0
1684;240;20180909;5;200;40;40;70;145;;131;0;0;0;0;10185;65;8;91;;5;0;0;0;0;0
1685;240;20180909;6;190;40;40;60;151;111.0;136;3;11;0;0;10186;65;8;91;2.0;7;0;0;0;0;0
1686;240;20180909;7;170;40;40;60;157;;138;2;38;0;0;10188;70;8;88;;5;0;0;0;0;0
1687;240;20180909;8;190;40;40;70;170;;147;0;51;0;0;10189;70;8;86;;5;0;0;0;0;0
1688;240;20180909;9;200;50;60;80;178;;146;1;90;0;0;10192;70;8;81;;5;0;0;0;0;0
1689;240;20180909;10;210;60;70;90;199;;144;9;200;0;0;10191;75;6;70;;5;0;0;0;0;0
1690;240;20180909;11;200;70;80;100;212;;138;6;209;0;0;10190;80;8;62;;5;0;0;0;0;0
1691;240;20180909;12;210;80;70;110;208;143.0;122;8;232;0;0;10191;81;8;57;;5;0;0;0;0;0
1692;240;20180909;13;200;70;60;100;215;;128;8;215;0;0;10190;82;1;57;;5;0;0;0;0;0
1693;240;20180909;14;200;60;60;90;221;;139;2;122;0;0;10186;81;8;59;;5;0;0;0;0;0
1694;240;20180909;15;200;50;50;90;219;;134;3;104;0;0;10184;81;8;58;;5;0;0;0;0;0
1695;240;20180909;16;210;60;60;90;215;;132;4;78;0;0;10183;83;8;59;;5;0;0;0;0;0
1696;240;20180909;17;190;40;40;80;213;;139;8;61;0;0;10180;82;6;62;;5;0;0;0;0;0
1697;240;20180909;18;170;40;40;60;191;165.0;138;3;13;0;0;10179;75;7;71;;5;0;0;0;0;0
1698;240;20180909;19;250;40;40;60;199;;142;0;0;0;0;10184;80;8;69;;5;0;0;0;0;0
1699;240;20180909;20;220;40;60;80;191;;136;0;0;0;0;10185;75;8;70;;5;0;0;0;0;0
1700;240;20180909;21;230;50;50;80;185;;139;0;0;0;0;10187;75;8;74;;5;0;0;0;0;0
1701;240;20180909;22;220;40;40;70;169;;140;0;0;0;0;10186;70;8;82;;5;0;0;0;0;0
1702;240;20180909;23;230;40;50;70;168;;150;0;0;0;0;10188;70;8;89;;5;0;0;0;0;0
1703;240;20180909;24;220;40;40;50;164;147.0;155;0;0;0;0;10186;64;8;94;;5;0;0;0;0;0
1704;240;20180910;1;230;40;40;50;168;;160;0;0;0;0;10188;60;8;95;;5;0;0;0;0;0
1705;240;20180910;2;220;40;40;60;168;;160;0;0;0;0;10189;60;8;94;;5;0;0;0;0;0
1706;240;20180910;3;250;30;40;60;170;;152;0;0;0;0;10193;60;8;88;;5;0;0;0;0;0
1707;240;20180910;4;270;40;30;60;165;;140;0;0;0;0;10195;70;8;85;;5;0;0;0;0;0
1708;240;20180910;5;260;30;30;50;151;;127;0;0;0;0;10195;70;8;85;;5;0;0;0;0;0
1709;240;20180910;6;250;40;30;60;169;124.0;134;2;10;0;0;10201;75;8;80;;5;0;0;0;0;0
1710;240;20180910;7;240;40;40;60;173;;131;3;40;0;0;10200;75;8;76;;5;0;0;0;0;0
1711;240;20180910;8;250;40;40;70;180;;139;0;56;0;0;10204;75;8;76;;5;0;0;0;0;0
1712;240;20180910;9;260;50;70;90;179;;127;0;70;0;0;10210;75;8;71;;5;0;0;0;0;0
1713;240;20180910;10;260;60;60;90;180;;125;1;103;0;0;10213;75;8;70;;5;0;0;0;0;0
1714;240;20180910;11;260;60;60;90;180;;130;0;87;0;0;10213;75;8;72;;5;0;0;0;0;0
1715;240;20180910;12;260;70;70;100;189;149.0;134;0;101;0;0;10219;75;8;70;;5;0;0;0;0;0
1716;240;20180910;13;270;80;70;110;185;;128;0;94;0;0;10215;78;8;69;;5;0;0;0;0;0
1717;240;20180910;14;250;70;70;100;184;;130;0;78;0;0;10213;75;8;70;;5;0;0;0;0;0
1718;240;20180910;15;240;70;70;120;183;;126;0;56;0;0;10218;80;8;69;;5;0;0;0;0;0
1719;240;20180910;16;250;70;60;110;180;;128;1;62;0;0;10211;75;8;71;;5;0;0;0;0;0
1720;240;20180910;17;250;60;60;90;180;;132;2;36;0;0;10215;75;8;73;;5;0;0;0;0;0
1721;240;20180910;18;230;60;60;90;174;165.0;131;5;12;0;0;10210;75;8;75;;5;0;0;0;0;0
1722;240;20180910;19;240;50;50;80;170;;124;0;0;0;0;10212;75;8;74;;5;0;0;0;0;0
1723;240;20180910;20;210;50;40;70;168;;128;0;0;0;0;10211;72;8;77;;5;0;0;0;0;0
1724;240;20180910;21;210;40;50;70;167;;135;0;0;0;0;10208;70;8;81;;5;0;0;0;0;0
1725;240;20180910;22;200;50;50;70;161;;143;0;0;0;0;10203;70;8;88;;5;0;0;0;0;0
1726;240;20180910;23;200;50;50;70;160;;144;0;0;0;0;10199;70;8;89;;5;0;0;0;0;0
1727;240;20180910;24;200;50;50;70;160;148.0;140;0;0;0;0;10195;70;8;88;;5;0;0;0;0;0
1728;240;20180911;1;200;50;50;80;153;;140;0;0;0;0;10192;65;8;92;;5;0;0;0;0;0
1729;240;20180911;2;210;40;30;60;145;;136;0;0;0;0;10193;65;6;94;;5;0;0;0;0;0
1730;240;20180911;3;210;40;40;60;152;;140;0;0;0;0;10190;65;8;92;;5;0;0;0;0;0
1731;240;20180911;4;200;40;50;60;152;;142;0;0;0;0;10186;65;6;93;;5;0;0;0;0;0
1732;240;20180911;5;200;50;60;80;158;;147;0;0;0;0;10185;65;8;93;;5;0;0;0;0;0
1733;240;20180911;6;200;60;80;110;163;130.0;150;3;9;0;0;10185;65;6;92;;5;0;0;0;0;0
1734;240;20180911;7;210;80;90;110;171;;151;0;26;0;0;10187;70;8;88;;5;0;0;0;0;0
1735;240;20180911;8;220;80;80;120;187;;157;3;72;0;0;10192;69;7;82;;5;0;0;0;0;0
1736;240;20180911;9;220;90;100;150;199;;155;3;110;0;0;10193;72;6;75;;5;0;0;0;0;0
1737;240;20180911;10;230;100;100;160;200;;156;1;94;0;0;10197;71;8;75;;5;0;0;0;0;0
1738;240;20180911;11;230;100;120;160;210;;158;0;106;0;0;10195;70;8;72;;5;0;0;0;0;0
1739;240;20180911;12;230;110;100;160;204;156.0;152;2;131;0;0;10197;75;8;71;;5;0;0;0;0;0
1740;240;20180911;13;230;90;90;140;207;;156;0;75;0;0;10195;75;8;72;;5;0;0;0;0;0
1741;240;20180911;14;230;90;100;140;204;;154;0;52;0;0;10194;71;8;72;;5;0;0;0;0;0
1742;240;20180911;15;240;80;70;130;203;;153;0;48;0;0;10193;70;8;73;;5;0;0;0;0;0
1743;240;20180911;16;240;80;90;130;201;;155;0;32;0;0;10194;66;8;75;;5;0;0;0;0;0
1744;240;20180911;17;230;100;90;150;194;;157;3;27;0;0;10191;68;8;79;;5;0;0;0;0;0
1745;240;20180911;18;240;80;70;130;190;185.0;161;5;12;0;0;10191;65;8;83;;5;0;0;0;0;0
1746;240;20180911;19;240;70;60;110;188;;162;0;1;0;0;10197;66;8;85;;5;0;0;0;0;0
1747;240;20180911;20;230;70;70;110;187;;164;0;0;0;0;10198;65;8;86;;5;0;0;0;0;0
1748;240;20180911;21;240;70;70;110;187;;167;0;0;0;0;10196;64;8;88;;5;0;0;0;0;0
1749;240;20180911;22;240;70;70;110;185;;171;0;0;0;0;10195;59;8;91;10.0;7;0;0;0;0;0
1750;240;20180911;23;240;60;60;100;185;;172;0;0;0;0;10192;60;8;91;;5;0;0;0;0;0
1751;240;20180911;24;240;60;60;100;181;178.0;176;0;0;0;-1;10188;27;8;96;57.0;7;0;1;0;0;0
1752;240;20180912;1;240;50;50;80;182;;176;0;0;0;-1;10183;56;8;96;51.0;7;0;1;0;0;0
1753;240;20180912;2;230;40;50;70;181;;176;0;0;0;-1;10179;42;8;97;51.0;7;0;1;0;0;0
1754;240;20180912;3;290;30;20;60;174;;171;0;0;0;-1;10177;50;8;98;22.0;7;0;1;0;0;0
1755;240;20180912;4;30;20;20;60;162;;160;0;0;0;-1;10179;58;8;98;81.0;7;0;1;0;0;0
1756;240;20180912;5;10;30;20;60;154;;151;0;0;7;4;10183;65;8;97;23.0;7;0;1;0;0;0
1757;240;20180912;6;350;40;60;90;145;146.0;139;0;2;7;7;10187;59;8;96;51.0;7;0;1;0;0;0
1758;240;20180912;7;350;50;50;90;143;;136;0;17;0;-1;10198;57;8;95;58.0;7;0;1;0;0;0
1759;240;20180912;8;350;60;50;120;135;;126;0;21;5;1;10207;60;8;93;23.0;7;0;1;0;0;0
1760;240;20180912;9;350;40;30;80;142;;134;0;50;0;-1;10212;58;8;94;22.0;7;0;1;0;0;0
1761;240;20180912;10;360;30;20;70;149;;132;0;65;0;0;10213;70;8;90;;5;0;0;0;0;0
1762;240;20180912;11;330;30;30;60;148;;137;0;77;3;1;10219;56;8;93;23.0;7;0;1;0;0;0
1763;240;20180912;12;350;30;30;60;156;137.0;130;0;81;0;0;10223;70;8;84;2.0;7;0;0;0;0;0
1764;240;20180912;13;340;30;30;50;165;;127;1;83;0;0;10227;75;8;78;;5;0;0;0;0;0
1765;240;20180912;14;330;40;50;80;156;;127;0;69;0;0;10225;70;8;82;;5;0;0;0;0;0
1766;240;20180912;15;340;50;40;70;151;;114;0;36;0;0;10229;75;8;78;;5;0;0;0;0;0
1767;240;20180912;16;360;40;30;70;151;;104;0;24;0;0;10229;75;8;73;;5;0;0;0;0;0
1768;240;20180912;17;360;30;30;60;148;;98;0;15;0;0;10231;75;8;72;;5;0;0;0;0;0
1769;240;20180912;18;10;20;20;60;144;134.0;97;0;3;0;0;10228;75;8;73;;5;0;0;0;0;0
1770;240;20180912;19;30;20;10;40;137;;101;0;0;0;0;10234;75;8;78;;5;0;0;0;0;0
1771;240;20180912;20;20;10;10;20;134;;101;0;0;0;0;10234;75;8;80;;5;0;0;0;0;0
1772;240;20180912;21;10;10;10;20;129;;101;0;0;0;0;10233;70;8;82;;5;0;0;0;0;0
1773;240;20180912;22;30;10;10;10;125;;107;0;0;0;0;10234;70;8;88;;5;0;0;0;0;0
1774;240;20180912;23;0;0;0;10;117;;107;0;0;0;0;10233;65;8;93;;5;0;0;0;0;0
1775;240;20180912;24;330;0;10;10;108;73.0;104;0;0;0;0;10228;65;8;97;;5;0;0;0;0;0
1776;240;20180913;1;330;10;10;10;99;;94;0;0;0;0;10225;63;0;97;;5;0;0;0;0;0
1777;240;20180913;2;300;10;10;10;90;;87;0;0;0;0;10225;19;0;98;20.0;7;1;0;0;0;0
1778;240;20180913;3;0;10;0;10;87;;82;0;0;0;0;10224;65;0;97;20.0;7;1;0;0;0;0
1779;240;20180913;4;0;0;0;10;85;;81;0;0;0;0;10223;60;0;97;;5;0;0;0;0;0
1780;240;20180913;5;0;0;0;10;88;;83;0;0;0;0;10221;63;0;97;20.0;7;1;0;0;0;0
1781;240;20180913;6;330;10;10;20;91;33.0;86;3;9;0;0;10223;65;0;97;2.0;7;0;0;0;0;0
1782;240;20180913;7;300;10;10;10;125;;100;10;54;0;0;10225;70;0;85;;5;0;0;0;0;0
1783;240;20180913;8;80;10;10;40;156;;100;10;106;0;0;10226;74;0;69;;5;0;0;0;0;0
1784;240;20180913;9;360;20;10;40;162;;99;10;161;0;0;10228;80;2;66;;5;0;0;0;0;0
1785;240;20180913;10;990;10;10;40;175;;98;10;205;0;0;10227;77;0;60;;5;0;0;0;0;0
1786;240;20180913;11;300;20;30;50;177;;90;10;227;0;0;10224;81;2;56;;5;0;0;0;0;0
1787;240;20180913;12;310;20;20;60;173;47.0;83;8;185;0;0;10223;82;2;55;;5;0;0;0;0;0
1788;240;20180913;13;300;30;40;50;184;;89;6;151;0;0;10219;81;4;53;;5;0;0;0;0;0
1789;240;20180913;14;330;40;40;70;178;;74;9;157;0;0;10216;81;2;50;;5;0;0;0;0;0
1790;240;20180913;15;310;40;40;70;177;;90;10;165;0;0;10214;80;2;56;;5;0;0;0;0;0
1791;240;20180913;16;300;40;40;70;172;;97;10;123;0;0;10213;80;1;61;;5;0;0;0;0;0
1792;240;20180913;17;320;40;40;60;158;;93;10;66;0;0;10213;80;0;65;;5;0;0;0;0;0
1793;240;20180913;18;310;30;20;80;134;113.0;90;5;16;0;0;10214;75;0;74;;5;0;0;0;0;0
1794;240;20180913;19;340;20;10;40;129;;85;0;0;0;0;10216;75;0;75;;5;0;0;0;0;0
1795;240;20180913;20;100;10;10;10;115;;89;0;0;0;0;10219;70;0;84;;5;0;0;0;0;0
1796;240;20180913;21;130;0;10;10;106;;87;0;0;0;0;10219;70;0;88;;5;0;0;0;0;0
1797;240;20180913;22;130;0;10;10;103;;90;0;0;0;0;10220;65;0;91;;5;0;0;0;0;0
1798;240;20180913;23;150;10;10;20;95;;86;0;0;0;0;10218;65;0;93;;5;0;0;0;0;0
1799;240;20180913;24;160;10;10;20;86;34.0;81;0;0;0;0;10217;65;0;97;;5;0;0;0;0;0
1800;240;20180914;1;140;10;10;10;85;;79;0;0;0;0;10214;65;0;95;;5;0;0;0;0;0
1801;240;20180914;2;160;20;30;30;89;;81;0;0;0;0;10210;65;0;94;;5;0;0;0;0;0
1802;240;20180914;3;180;20;30;30;84;;72;0;0;0;0;10208;65;0;91;;5;0;0;0;0;0
1803;240;20180914;4;180;20;30;40;100;;85;0;0;0;0;10207;68;8;90;;5;0;0;0;0;0
1804;240;20180914;5;170;40;30;50;93;;79;0;0;0;0;10205;66;6;90;;5;0;0;0;0;0
1805;240;20180914;6;180;30;40;50;110;32.0;90;3;9;0;0;10202;70;8;87;;5;0;0;0;0;0
1806;240;20180914;7;190;40;40;60;128;;100;10;51;0;0;10203;70;7;83;;5;0;0;0;0;0
1807;240;20180914;8;190;40;50;70;153;;106;10;111;0;0;10204;73;8;73;;5;0;0;0;0;0
1808;240;20180914;9;210;60;70;90;171;;116;9;152;0;0;10204;75;4;70;;5;0;0;0;0;0
1809;240;20180914;10;220;70;80;100;184;;113;10;212;0;0;10202;74;6;63;;5;0;0;0;0;0
1810;240;20180914;11;220;60;50;110;186;;104;6;186;0;0;10200;80;8;58;;5;0;0;0;0;0
1811;240;20180914;12;250;70;80;110;182;91.0;100;3;121;0;0;10197;82;7;58;;5;0;0;0;0;0
1812;240;20180914;13;250;80;80;120;182;;85;5;164;0;0;10196;81;8;53;;5;0;0;0;0;0
1813;240;20180914;14;250;80;80;110;173;;95;3;126;0;0;10194;82;8;60;;5;0;0;0;0;0
1814;240;20180914;15;240;80;90;120;173;;82;2;80;0;0;10194;82;8;55;;5;0;0;0;0;0
1815;240;20180914;16;250;80;80;130;164;;87;3;56;0;0;10193;83;8;60;;5;0;0;0;0;0
1816;240;20180914;17;250;60;60;110;161;;91;3;25;0;0;10193;83;8;63;;5;0;0;0;0;0
1817;240;20180914;18;230;60;60;90;161;149.0;88;2;8;0;0;10192;83;8;62;;5;0;0;0;0;0
1818;240;20180914;19;220;60;60;80;156;;92;0;0;0;-1;10191;80;7;65;23.0;7;0;1;0;0;0
1819;240;20180914;20;200;50;40;70;152;;104;0;0;0;-1;10194;75;8;73;81.0;7;0;1;0;0;0
1820;240;20180914;21;200;40;40;60;125;;102;0;0;0;-1;10194;70;6;85;23.0;7;0;1;0;0;0
1821;240;20180914;22;190;30;30;40;139;;118;0;0;0;0;10193;70;8;87;;5;0;0;0;0;0
1822;240;20180914;23;210;30;30;40;146;;120;0;0;0;0;10194;70;8;84;;5;0;0;0;0;0
1823;240;20180914;24;250;40;40;70;165;109.0;118;0;0;0;0;10196;75;8;73;2.0;7;0;0;0;0;0
1824;240;20180915;1;250;50;50;80;165;;119;0;0;0;0;10196;75;8;74;;5;0;0;0;0;0
1825;240;20180915;2;250;50;40;70;165;;121;0;0;0;0;10196;75;8;75;;5;0;0;0;0;0
1826;240;20180915;3;270;50;50;80;162;;124;0;0;0;0;10196;75;8;77;;5;0;0;0;0;0
1827;240;20180915;4;270;40;40;70;160;;123;0;0;0;0;10198;75;8;78;;5;0;0;0;0;0
1828;240;20180915;5;280;50;40;70;148;;124;0;0;0;0;10203;70;8;85;;5;0;0;0;0;0
1829;240;20180915;6;280;40;30;60;147;128.0;120;0;5;0;-1;10210;70;8;83;23.0;7;0;1;0;0;0
1830;240;20180915;7;270;30;40;50;155;;120;0;11;0;-1;10218;75;8;79;23.0;7;0;1;0;0;0
1831;240;20180915;8;280;40;50;80;163;;112;5;61;0;-1;10224;75;8;72;23.0;7;0;1;0;0;0
1832;240;20180915;9;270;60;70;90;168;;111;7;108;0;0;10231;80;8;69;3.0;7;0;0;0;0;0
1833;240;20180915;10;260;60;60;100;176;;115;7;151;0;0;10236;80;7;67;;5;0;0;0;0;0
1834;240;20180915;11;260;60;70;90;187;;116;9;197;0;0;10236;80;6;63;;5;0;0;0;0;0
1835;240;20180915;12;260;70;60;100;188;131.0;105;9;224;0;0;10237;81;8;58;1.0;7;0;0;0;0;0
1836;240;20180915;13;260;70;60;100;193;;112;10;218;0;0;10240;75;7;59;;5;0;0;0;0;0
1837;240;20180915;14;270;70;70;90;185;;115;10;172;0;0;10241;78;6;63;;5;0;0;0;0;0
1838;240;20180915;15;270;60;60;90;173;;103;10;161;0;0;10242;82;4;63;;5;0;0;0;0;0
1839;240;20180915;16;270;60;60;80;173;;108;10;91;0;0;10240;80;8;65;;5;0;0;0;0;0
1840;240;20180915;17;270;40;40;70;157;;109;7;44;0;0;10239;75;8;73;;5;0;0;0;0;0
1841;240;20180915;18;230;30;20;50;147;119.0;102;3;9;0;0;10241;75;8;74;;5;0;0;0;0;0
1842;240;20180915;19;190;20;20;30;138;;103;0;0;0;0;10243;75;8;79;;5;0;0;0;0;0
1843;240;20180915;20;180;30;20;40;125;;103;0;0;0;0;10247;70;8;85;;5;0;0;0;0;0
1844;240;20180915;21;160;20;20;30;112;;94;0;0;0;0;10245;70;8;88;;5;0;0;0;0;0
1845;240;20180915;22;150;20;20;30;123;;106;0;0;0;0;10245;70;8;89;;5;0;0;0;0;0
1846;240;20180915;23;160;30;30;30;117;;102;0;0;0;0;10243;70;8;90;;5;0;0;0;0;0
1847;240;20180915;24;150;30;20;30;124;74.0;109;0;0;0;0;10237;70;8;90;;5;0;0;0;0;0
1848;240;20180916;1;150;20;20;40;119;;106;0;0;0;0;10232;65;8;91;;5;0;0;0;0;0
1849;240;20180916;2;160;20;30;40;121;;108;0;0;0;0;10225;65;8;92;;5;0;0;0;0;0
1850;240;20180916;3;180;20;10;30;106;;99;0;0;0;0;10221;64;8;95;;5;0;0;0;0;0
1851;240;20180916;4;160;20;30;30;118;;105;0;0;0;0;10217;65;8;91;;5;0;0;0;0;0
1852;240;20180916;5;160;30;30;40;121;;101;0;0;0;0;10214;68;8;87;;5;0;0;0;0;0
1853;240;20180916;6;190;40;30;60;123;87.0;102;0;3;0;0;10216;64;8;87;;5;0;0;0;0;0
1854;240;20180916;7;190;30;30;50;130;;109;0;22;0;0;10216;66;8;86;;5;0;0;0;0;0
1855;240;20180916;8;180;40;40;60;154;;119;4;78;0;0;10215;69;8;79;;5;0;0;0;0;0
1856;240;20180916;9;190;40;50;70;172;;118;6;117;0;0;10215;75;8;70;;5;0;0;0;0;0
1857;240;20180916;10;200;60;60;90;181;;123;4;127;0;0;10215;79;8;69;;5;0;0;0;0;0
1858;240;20180916;11;200;60;70;100;191;;118;2;132;0;0;10210;80;8;62;;5;0;0;0;0;0
1859;240;20180916;12;190;70;70;100;200;110.0;115;7;184;0;0;10203;81;8;57;;5;0;0;0;0;0
1860;240;20180916;13;200;70;70;110;207;;116;4;152;0;0;10198;80;8;55;;5;0;0;0;0;0
1861;240;20180916;14;210;70;70;100;216;;116;9;186;0;0;10194;81;8;53;;5;0;0;0;0;0
1862;240;20180916;15;210;70;70;100;200;;115;2;96;0;0;10190;82;8;57;;5;0;0;0;0;0
1863;240;20180916;16;210;50;50;90;208;;118;3;80;0;0;10186;81;8;56;;5;0;0;0;0;0
1864;240;20180916;17;220;50;50;70;195;;119;8;47;0;0;10190;82;1;61;;5;0;0;0;0;0
1865;240;20180916;18;230;40;40;70;174;148.0;120;3;10;0;0;10190;75;0;70;;5;0;0;0;0;0
1866;240;20180916;19;170;30;30;60;152;;118;0;0;0;0;10189;75;0;80;;5;0;0;0;0;0
1867;240;20180916;20;190;30;30;40;143;;105;0;0;0;0;10192;75;0;77;;5;0;0;0;0;0
1868;240;20180916;21;200;30;30;40;137;;106;0;0;0;0;10192;70;0;81;;5;0;0;0;0;0
1869;240;20180916;22;180;30;30;40;134;;107;0;0;0;0;10189;70;6;83;;5;0;0;0;0;0
1870;240;20180916;23;190;30;40;40;126;;103;0;0;0;0;10187;70;6;85;;5;0;0;0;0;0
1871;240;20180916;24;180;40;40;50;124;77.0;105;0;0;0;0;10183;70;8;88;;5;0;0;0;0;0
1872;240;20180917;1;180;30;30;40;119;;103;0;0;0;0;10178;70;8;90;;5;0;0;0;0;0
1873;240;20180917;2;190;30;30;40;117;;102;0;0;0;0;10182;70;8;90;;5;0;0;0;0;0
1874;240;20180917;3;180;40;40;40;120;;107;0;0;0;0;10180;65;8;91;;5;0;0;0;0;0
1875;240;20180917;4;150;30;30;40;118;;104;0;0;0;0;10181;65;8;91;;5;0;0;0;0;0
1876;240;20180917;5;180;30;30;40;114;;101;0;0;0;0;10181;65;3;91;;5;0;0;0;0;0
1877;240;20180917;6;180;30;30;40;132;79.0;113;2;7;0;0;10183;70;8;88;;5;0;0;0;0;0
1878;240;20180917;7;190;30;30;40;147;;126;2;19;0;0;10187;70;8;87;;5;0;0;0;0;0
1879;240;20180917;8;190;30;40;50;160;;138;0;35;0;0;10188;70;8;86;;5;0;0;0;0;0
1880;240;20180917;9;190;40;40;60;179;;151;0;75;0;0;10187;64;8;84;;5;0;0;0;0;0
1881;240;20180917;10;200;50;50;70;192;;161;7;161;0;0;10186;63;7;82;;5;0;0;0;0;0
1882;240;20180917;11;210;50;50;80;204;;154;8;195;0;0;10184;68;8;72;;5;0;0;0;0;0
1883;240;20180917;12;190;50;50;80;216;114.0;145;10;213;0;0;10179;76;8;63;;5;0;0;0;0;0
1884;240;20180917;13;190;50;50;80;223;;126;10;209;0;0;10173;80;8;54;;5;0;0;0;0;0
1885;240;20180917;14;190;50;60;80;230;;106;10;191;0;0;10167;83;7;45;;5;0;0;0;0;0
1886;240;20180917;15;190;50;40;80;231;;102;10;162;0;0;10161;81;8;43;;5;0;0;0;0;0
1887;240;20180917;16;190;40;40;70;225;;119;10;108;0;0;10155;82;8;51;;5;0;0;0;0;0
1888;240;20180917;17;160;40;30;50;208;;127;10;52;0;0;10151;81;8;59;;5;0;0;0;0;0
1889;240;20180917;18;130;30;30;40;184;145.0;118;3;11;0;0;10147;80;8;65;;5;0;0;0;0;0
1890;240;20180917;19;130;30;30;40;165;;108;0;0;0;0;10143;80;8;69;;5;0;0;0;0;0
1891;240;20180917;20;120;20;20;40;158;;109;0;0;0;0;10139;75;8;72;;5;0;0;0;0;0
1892;240;20180917;21;120;30;30;50;154;;106;0;0;0;0;10135;75;8;73;;5;0;0;0;0;0
1893;240;20180917;22;130;40;40;50;164;;103;0;0;0;0;10129;80;8;67;;5;0;0;0;0;0
1894;240;20180917;23;140;50;50;70;162;;98;0;0;0;0;10123;80;8;66;;5;0;0;0;0;0
1895;240;20180917;24;140;50;50;70;153;85.0;93;0;0;0;0;10117;80;8;67;;5;0;0;0;0;0
1896;240;20180918;1;140;50;50;70;154;;90;0;0;0;0;10111;78;0;65;;5;0;0;0;0;0
1897;240;20180918;2;150;40;40;60;151;;89;0;0;0;0;10105;76;2;66;;5;0;0;0;0;0
1898;240;20180918;3;140;40;50;70;148;;91;0;0;0;0;10099;80;0;68;;5;0;0;0;0;0
1899;240;20180918;4;150;50;50;80;152;;97;0;0;0;0;10093;80;0;69;;5;0;0;0;0;0
1900;240;20180918;5;150;40;40;70;152;;100;0;0;0;0;10091;75;0;71;;5;0;0;0;0;0
1901;240;20180918;6;160;40;50;60;157;127.0;105;2;5;0;0;10090;75;0;71;;5;0;0;0;0;0
1902;240;20180918;7;180;40;50;70;171;;118;10;42;0;0;10093;75;0;70;;5;0;0;0;0;0
1903;240;20180918;8;200;50;50;80;199;;126;10;96;0;0;10095;79;0;62;;5;0;0;0;0;0
1904;240;20180918;9;220;70;70;100;214;;139;10;150;0;0;10098;80;0;62;;5;0;0;0;0;0
1905;240;20180918;10;220;90;100;130;220;;148;10;188;0;0;10104;74;0;63;;5;0;0;0;0;0
1906;240;20180918;11;210;100;110;150;229;;153;10;228;0;0;10107;72;1;62;;5;0;0;0;0;0
1907;240;20180918;12;220;110;100;150;229;140.0;154;10;232;0;0;10108;73;0;62;;5;0;0;0;0;0
1908;240;20180918;13;220;110;120;160;231;;145;10;221;0;0;10110;73;0;58;;5;0;0;0;0;0
1909;240;20180918;14;240;110;100;160;224;;156;10;195;0;0;10112;63;0;65;;5;0;0;0;0;0
1910;240;20180918;15;240;110;100;170;220;;152;10;144;0;0;10117;66;2;65;;5;0;0;0;0;0
1911;240;20180918;16;240;100;110;150;204;;141;10;97;0;0;10126;62;0;67;;5;0;0;0;0;0
1912;240;20180918;17;240;100;90;150;193;;142;10;42;0;0;10129;62;0;72;;5;0;0;0;0;0
1913;240;20180918;18;240;90;90;140;187;176.0;145;0;4;0;0;10135;62;6;76;;5;0;0;0;0;0
1914;240;20180918;19;230;90;80;140;182;;144;0;0;0;0;10140;65;8;78;;5;0;0;0;0;0
1915;240;20180918;20;240;80;70;110;180;;150;0;0;0;0;10143;63;8;82;;5;0;0;0;0;0
1916;240;20180918;21;230;60;60;100;173;;146;0;0;0;0;10143;65;8;84;;5;0;0;0;0;0
1917;240;20180918;22;220;50;50;100;169;;143;0;0;0;0;10144;69;8;84;;5;0;0;0;0;0
1918;240;20180918;23;210;50;40;70;165;;137;0;0;0;0;10147;70;1;83;;5;0;0;0;0;0
1919;240;20180918;24;220;40;40;60;155;141.0;129;0;0;0;0;10148;70;8;84;;5;0;0;0;0;0
1920;240;20180919;1;170;30;30;50;152;;136;0;0;0;0;10150;70;8;90;;5;0;0;0;0;0
1921;240;20180919;2;180;40;40;60;146;;133;0;0;0;0;10155;65;0;92;;5;0;0;0;0;0
1922;240;20180919;3;180;40;40;50;147;;132;0;0;0;0;10154;70;1;90;;5;0;0;0;0;0
1923;240;20180919;4;160;40;50;60;144;;131;0;0;0;0;10150;65;8;92;;5;0;0;0;0;0
1924;240;20180919;5;180;40;30;60;143;;127;0;0;0;0;10146;68;8;90;;5;0;0;0;0;0
1925;240;20180919;6;140;30;30;50;146;124.0;131;2;4;0;0;10143;65;7;91;;5;0;0;0;0;0
1926;240;20180919;7;180;30;40;50;156;;137;3;32;0;0;10148;66;8;88;;5;0;0;0;0;0
1927;240;20180919;8;190;50;50;80;177;;152;8;86;0;0;10146;64;7;85;;5;0;0;0;0;0
1928;240;20180919;9;190;60;60;80;191;;157;9;119;0;0;10148;63;4;81;;5;0;0;0;0;0
1929;240;20180919;10;210;70;80;110;198;;151;8;165;0;0;10151;65;6;74;;5;0;0;0;0;0
1930;240;20180919;11;220;80;90;130;210;;146;9;189;0;0;10149;72;4;66;;5;0;0;0;0;0
1931;240;20180919;12;210;100;110;140;224;134.0;135;10;214;0;0;10149;79;1;56;;5;0;0;0;0;0
1932;240;20180919;13;210;100;100;140;227;;136;10;219;0;0;10148;78;8;56;;5;0;0;0;0;0
1933;240;20180919;14;210;110;100;150;224;;138;6;145;0;0;10148;80;7;58;;5;0;0;0;0;0
1934;240;20180919;15;210;110;110;160;224;;142;6;94;0;0;10147;80;7;59;;5;0;0;0;0;0
1935;240;20180919;16;210;110;100;160;217;;140;6;74;0;0;10148;80;8;61;;5;0;0;0;0;0
1936;240;20180919;17;220;100;100;160;211;;141;7;28;0;0;10151;80;8;64;;5;0;0;0;0;0
1937;240;20180919;18;220;100;80;160;203;190.0;139;2;8;0;0;10153;80;8;66;;5;0;0;0;0;0
1938;240;20180919;19;210;80;70;140;198;;141;0;0;0;0;10157;80;8;69;;5;0;0;0;0;0
1939;240;20180919;20;230;80;90;140;198;;144;0;0;0;0;10161;75;8;70;;5;0;0;0;0;0
1940;240;20180919;21;210;80;70;120;191;;149;0;0;0;0;10160;72;8;76;;5;0;0;0;0;0
1941;240;20180919;22;210;70;70;110;186;;149;0;0;0;0;10159;74;8;79;;5;0;0;0;0;0
1942;240;20180919;23;210;60;70;100;184;;150;0;0;0;0;10156;73;8;80;;5;0;0;0;0;0
1943;240;20180919;24;200;70;70;100;181;171.0;150;0;0;0;0;10154;70;8;82;;5;0;0;0;0;0
1944;240;20180920;1;200;60;60;90;177;;148;0;0;0;0;10152;70;8;82;;5;0;0;0;0;0
1945;240;20180920;2;210;60;50;80;174;;146;0;0;0;0;10152;70;3;83;;5;0;0;0;0;0
1946;240;20180920;3;190;50;50;70;164;;146;0;0;0;0;10152;69;8;88;;5;0;0;0;0;0
1947;240;20180920;4;200;50;50;70;170;;147;0;0;0;0;10152;68;7;85;;5;0;0;0;0;0
1948;240;20180920;5;200;50;50;80;170;;148;0;0;0;0;10150;68;8;87;;5;0;0;0;0;0
1949;240;20180920;6;190;50;50;80;169;152.0;148;0;3;0;0;10148;68;8;87;;5;0;0;0;0;0
1950;240;20180920;7;200;50;60;90;180;;152;3;29;0;0;10150;68;8;83;;5;0;0;0;0;0
1951;240;20180920;8;180;60;60;90;190;;159;2;44;0;0;10147;67;8;82;;5;0;0;0;0;0
1952;240;20180920;9;210;80;90;120;197;;156;7;114;0;0;10148;68;6;77;;5;0;0;0;0;0
1953;240;20180920;10;220;80;90;120;200;;146;4;122;0;0;10147;69;8;70;;5;0;0;0;0;0
1954;240;20180920;11;210;90;90;130;200;;147;3;117;0;0;10145;72;8;71;;5;0;0;0;0;0
1955;240;20180920;12;220;80;80;110;206;161.0;147;2;94;0;0;10143;73;8;68;;5;0;0;0;0;0
1956;240;20180920;13;230;90;90;120;207;;144;0;66;0;0;10138;74;8;67;;5;0;0;0;0;0
1957;240;20180920;14;210;70;70;110;214;;145;6;119;0;0;10131;74;7;64;;5;0;0;0;0;0
1958;240;20180920;15;210;70;60;100;219;;146;5;104;0;0;10121;77;8;63;;5;0;0;0;0;0
1959;240;20180920;16;210;70;50;100;216;;143;0;53;0;0;10115;80;8;63;;5;0;0;0;0;0
1960;240;20180920;17;260;60;50;90;196;;157;10;37;0;0;10111;74;8;77;;5;0;0;0;0;0
1961;240;20180920;18;240;40;30;80;184;171.0;152;0;4;0;0;10103;66;8;81;;5;0;0;0;0;0
1962;240;20180920;19;150;30;30;40;167;;151;0;0;0;0;10094;66;8;90;;5;0;0;0;0;0
1963;240;20180920;20;160;40;40;60;186;;144;0;0;0;0;10083;75;8;76;;5;0;0;0;0;0
1964;240;20180920;21;170;70;70;100;197;;138;0;0;0;0;10072;80;8;68;;5;0;0;0;0;0
1965;240;20180920;22;180;70;70;110;193;;138;0;0;0;0;10061;75;8;70;;5;0;0;0;0;0
1966;240;20180920;23;180;60;70;90;194;;137;0;0;0;0;10054;80;8;69;;5;0;0;0;0;0
1967;240;20180920;24;180;60;60;90;191;149.0;138;0;0;0;0;10043;75;8;71;;5;0;0;0;0;0
1968;240;20180921;1;170;50;60;80;187;;140;0;0;0;0;10031;75;8;74;;5;0;0;0;0;0
1969;240;20180921;2;190;80;90;130;195;;138;0;0;0;0;10017;80;8;69;;5;0;0;0;0;0
1970;240;20180921;3;190;90;90;130;193;;135;0;0;0;0;10002;80;8;68;;5;0;0;0;0;0
1971;240;20180921;4;190;100;100;160;193;;133;0;0;0;0;9993;80;8;68;;5;0;0;0;0;0
1972;240;20180921;5;190;110;110;160;184;;141;0;0;0;-1;9986;74;8;76;81.0;7;0;1;0;0;0
1973;240;20180921;6;200;110;120;180;171;160.0;152;0;1;7;13;9988;70;8;89;81.0;7;0;1;0;0;0
1974;240;20180921;7;250;110;110;180;159;;115;0;8;4;8;10007;66;8;75;23.0;7;0;1;0;0;0
1975;240;20180921;8;250;120;120;180;165;;101;4;66;0;0;10020;72;7;65;;5;0;0;0;0;0
1976;240;20180921;9;280;120;110;180;143;;87;2;84;0;-1;10038;80;8;69;23.0;7;0;1;0;0;0
1977;240;20180921;10;270;110;140;180;150;;104;5;111;3;2;10048;75;5;74;23.0;7;0;1;0;0;0
1978;240;20180921;11;250;120;120;170;150;;73;8;170;0;0;10057;81;1;60;;5;0;0;0;0;0
1979;240;20180921;12;250;130;120;180;155;135.0;69;8;180;0;0;10070;80;1;56;2.0;7;0;0;0;0;0
1980;240;20180921;13;250;130;120;170;153;;62;8;172;0;0;10078;81;2;54;;5;0;0;0;0;0
1981;240;20180921;14;250;120;130;180;151;;62;4;93;0;-1;10082;75;8;55;81.0;7;0;1;0;0;0
1982;240;20180921;15;240;130;130;200;157;;57;7;106;0;-1;10084;82;7;51;23.0;7;0;1;0;0;0
1983;240;20180921;16;230;120;110;180;150;;59;4;42;0;0;10080;81;8;54;91.0;7;0;0;0;1;0
1984;240;20180921;17;250;110;90;230;136;;86;0;6;5;6;10084;70;8;71;81.0;7;0;1;0;1;0
1985;240;20180921;18;240;110;70;220;122;99.0;91;0;2;4;18;10091;61;7;81;81.0;7;0;1;0;1;0
1986;240;20180921;19;260;110;100;210;136;;88;0;0;3;4;10098;75;1;72;23.0;7;0;1;0;0;0
1987;240;20180921;20;260;120;110;250;138;;92;0;0;2;8;10108;72;8;73;51.0;7;0;1;0;1;0
1988;240;20180921;21;270;130;150;210;137;;80;0;0;0;-1;10117;75;5;68;23.0;7;0;1;0;0;0
1989;240;20180921;22;270;130;130;200;133;;83;0;0;0;-1;10129;75;5;71;23.0;7;0;1;0;0;0
1990;240;20180921;23;270;110;100;160;128;;77;0;0;0;0;10141;75;0;70;;5;0;0;0;0;0
1991;240;20180921;24;270;90;90;140;131;105.0;75;0;0;0;0;10150;80;2;68;3.0;7;0;0;0;0;0
1992;240;20180922;1;310;60;60;120;122;;91;0;0;3;1;10159;65;8;81;81.0;7;0;1;0;0;0
1993;240;20180922;2;270;70;80;120;125;;77;0;0;0;-1;10163;75;8;72;23.0;7;0;1;0;0;0
1994;240;20180922;3;270;70;60;120;124;;75;0;0;0;0;10167;75;8;72;3.0;7;0;0;0;0;0
1995;240;20180922;4;260;60;60;80;132;;74;0;0;0;0;10169;80;8;67;;5;0;0;0;0;0
1996;240;20180922;5;250;60;70;90;135;;72;0;0;0;0;10172;80;8;65;;5;0;0;0;0;0
1997;240;20180922;6;260;60;60;90;136;105.0;67;2;3;0;0;10174;81;8;63;2.0;7;0;0;0;0;0
1998;240;20180922;7;260;50;50;90;144;;81;0;22;0;0;10177;80;8;66;;5;0;0;0;0;0
1999;240;20180922;8;260;50;50;80;152;;94;1;39;0;-1;10178;77;8;68;23.0;7;0;1;0;0;0
2000;240;20180922;9;250;70;90;130;159;;89;4;94;0;-1;10179;80;8;63;23.0;7;0;1;0;0;0
2001;240;20180922;10;240;90;90;120;161;;84;3;111;0;0;10178;81;8;60;;5;0;0;0;0;0
2002;240;20180922;11;260;80;90;120;159;;82;1;100;0;0;10177;79;8;60;;5;0;0;0;0;0
2003;240;20180922;12;240;70;70;110;143;122.0;99;0;73;0;-1;10179;72;8;75;81.0;7;0;1;0;0;0
2004;240;20180922;13;210;70;90;120;127;;103;0;50;0;-1;10180;70;8;84;81.0;7;0;1;0;0;0
2005;240;20180922;14;210;70;60;110;127;;103;0;35;0;-1;10180;70;8;85;23.0;7;0;1;0;0;0
2006;240;20180922;15;210;50;40;70;128;;105;0;18;3;1;10177;70;8;85;81.0;7;0;1;0;0;0
2007;240;20180922;16;210;60;70;90;117;;107;0;16;7;4;10174;63;8;93;61.0;7;0;1;0;0;0
2008;240;20180922;17;220;60;40;100;116;;107;0;4;10;21;10172;65;8;94;61.0;7;0;1;0;0;0
2009;240;20180922;18;210;40;30;60;117;111.0;105;0;1;10;14;10174;65;8;92;61.0;7;0;1;0;0;0
2010;240;20180922;19;240;20;10;60;115;;107;0;0;10;10;10175;63;8;94;61.0;7;0;1;0;0;0
2011;240;20180922;20;200;30;30;50;115;;104;0;0;7;26;10172;65;8;92;51.0;7;0;1;0;0;0
2012;240;20180922;21;190;40;40;60;114;;103;0;0;0;-1;10167;65;8;92;81.0;7;0;1;0;0;0
2013;240;20180922;22;170;30;30;60;111;;102;0;0;0;-1;10162;65;8;94;23.0;7;0;1;0;0;0
2014;240;20180922;23;180;40;30;60;110;;102;0;0;0;0;10157;59;8;95;10.0;7;0;0;0;0;0
2015;240;20180922;24;150;20;20;50;109;105.0;101;0;0;0;0;10154;58;8;95;10.0;7;0;0;0;0;0
2016;240;20180923;1;140;20;20;30;108;;102;0;0;0;0;10147;41;8;96;10.0;7;0;0;0;0;0
2017;240;20180923;2;90;20;10;30;107;;102;0;0;0;0;10143;36;8;96;10.0;7;0;0;0;0;0
2018;240;20180923;3;130;20;20;30;104;;98;0;0;0;0;10138;49;8;96;10.0;7;0;0;0;0;0
2019;240;20180923;4;140;10;10;20;105;;99;0;0;0;0;10133;50;8;96;10.0;7;0;0;0;0;0
2020;240;20180923;5;140;20;20;30;105;;100;0;0;0;0;10129;36;8;97;10.0;7;0;0;0;0;0
2021;240;20180923;6;100;10;10;20;103;99.0;98;0;2;0;0;10129;49;8;96;10.0;7;0;0;0;0;0
2022;240;20180923;7;70;10;10;20;108;;102;0;9;0;0;10122;42;8;96;10.0;7;0;0;0;0;0
2023;240;20180923;8;110;10;10;70;111;;102;0;13;4;1;10121;47;8;94;81.0;7;0;1;0;0;0
2024;240;20180923;9;990;10;10;50;113;;105;0;14;10;3;10121;56;8;94;61.0;7;0;1;0;0;0
2025;240;20180923;10;360;20;20;50;114;;107;0;18;10;15;10120;40;8;94;62.0;7;0;1;0;0;0
2026;240;20180923;11;10;40;50;80;111;;102;0;11;10;32;10122;61;8;93;61.0;7;0;1;0;0;0
2027;240;20180923;12;360;50;50;90;104;101.0;87;0;17;10;31;10121;62;8;89;61.0;7;0;1;0;0;0
2028;240;20180923;13;360;50;50;100;101;;85;0;24;10;9;10132;70;8;89;61.0;7;0;1;0;0;0
2029;240;20180923;14;360;50;40;110;102;;86;0;27;10;9;10139;70;8;89;61.0;7;0;1;0;0;0
2030;240;20180923;15;320;30;30;50;109;;84;1;66;0;-1;10145;70;8;84;23.0;7;0;1;0;0;0
2031;240;20180923;16;340;30;40;70;105;;87;0;19;6;10;10156;66;8;88;81.0;7;0;1;0;0;0
2032;240;20180923;17;330;30;40;60;105;;83;0;10;5;2;10173;70;8;86;23.0;7;0;1;0;0;0
2033;240;20180923;18;330;40;50;80;100;93.0;81;0;2;10;18;10189;70;8;88;81.0;7;0;1;0;0;0
2034;240;20180923;19;290;30;30;60;91;;75;0;0;6;12;10204;69;8;89;61.0;7;0;1;0;0;0
2035;240;20180923;20;290;20;30;40;82;;71;0;0;0;-1;10220;65;7;92;23.0;7;0;1;0;0;0
2036;240;20180923;21;330;30;30;50;81;;56;0;0;0;-1;10234;70;1;84;23.0;7;0;1;0;0;0
2037;240;20180923;22;330;40;30;90;89;;48;0;0;0;0;10246;75;1;75;;5;0;0;0;0;0
2038;240;20180923;23;320;30;50;60;95;;59;0;0;0;0;10256;75;6;78;;5;0;0;0;0;0
2039;240;20180923;24;330;30;40;60;92;43.0;53;0;0;0;0;10265;75;1;76;1.0;7;0;0;0;0;0
2040;240;20180924;1;350;30;30;60;82;;50;0;0;0;-1;10277;75;3;80;22.0;7;0;1;0;0;0
2041;240;20180924;2;290;20;20;50;86;;56;0;0;0;0;10283;70;3;81;;5;0;0;0;0;0
2042;240;20180924;3;300;30;30;40;77;;53;0;0;0;0;10291;70;3;84;2.0;7;0;0;0;0;0
2043;240;20180924;4;290;30;20;80;80;;59;0;0;2;4;10297;70;2;86;23.0;7;0;1;0;0;0
2044;240;20180924;5;250;20;10;40;73;;55;0;0;0;-1;10302;70;6;88;23.0;7;0;1;0;0;0
2045;240;20180924;6;20;40;20;80;91;37.0;62;0;2;2;1;10309;70;1;82;23.0;7;0;1;0;0;0
2046;240;20180924;7;320;20;20;50;107;;73;3;30;0;-1;10319;72;8;79;57.0;7;0;1;0;0;0
2047;240;20180924;8;310;30;60;90;127;;74;7;70;0;-1;10324;80;5;69;23.0;7;0;1;0;0;0
2048;240;20180924;9;330;70;90;150;132;;65;9;125;0;0;10331;80;8;63;3.0;7;0;0;0;0;0
2049;240;20180924;10;320;70;80;110;149;;73;10;185;0;0;10335;78;4;60;;5;0;0;0;0;0
2050;240;20180924;11;310;80;80;120;146;;57;9;164;0;0;10342;80;3;55;;5;0;0;0;0;0
2051;240;20180924;12;310;80;80;110;149;67.0;40;10;219;0;0;10345;80;0;48;1.0;7;0;0;0;0;0
2052;240;20180924;13;300;80;90;130;142;;55;9;187;0;0;10347;81;4;55;;5;0;0;0;0;0
2053;240;20180924;14;310;80;70;120;149;;60;9;134;0;0;10349;80;7;55;;5;0;0;0;0;0
2054;240;20180924;15;300;80;80;120;141;;59;10;134;0;0;10350;81;2;58;;5;0;0;0;0;0
2055;240;20180924;16;310;80;70;110;137;;57;10;98;0;0;10351;80;4;58;;5;0;0;0;0;0
2056;240;20180924;17;310;60;40;110;113;;52;8;33;0;0;10353;80;0;66;;5;0;0;0;0;0
2057;240;20180924;18;320;40;30;50;95;72.0;54;0;3;0;0;10357;75;0;75;;5;0;0;0;0;0
2058;240;20180924;19;320;20;10;40;90;;51;0;0;0;0;10360;75;0;76;;5;0;0;0;0;0
2059;240;20180924;20;310;30;30;90;93;;66;0;0;2;1;10366;70;7;82;81.0;7;0;1;0;0;0
2060;240;20180924;21;40;30;20;50;81;;59;0;0;0;-1;10370;70;6;86;23.0;7;0;1;0;0;0
2061;240;20180924;22;70;10;10;30;73;;58;0;0;0;0;10374;70;2;90;;5;0;0;0;0;0
2062;240;20180924;23;150;10;20;20;71;;56;0;0;0;0;10375;70;1;90;;5;0;0;0;0;0
2063;240;20180924;24;180;20;20;50;91;23.0;80;0;0;5;14;10376;65;8;93;81.0;7;0;1;0;0;0
2064;240;20180925;1;160;20;10;30;68;;63;0;0;0;-1;10375;65;0;96;23.0;7;0;1;0;0;0
2065;240;20180925;2;180;10;10;20;71;;68;0;0;0;0;10377;61;0;97;;5;0;0;0;0;0
2066;240;20180925;3;170;10;10;20;69;;65;0;0;0;0;10379;65;4;97;3.0;7;0;0;0;0;0
2067;240;20180925;4;190;10;10;10;65;;63;0;0;0;0;10376;56;0;98;10.0;7;0;0;0;0;0
2068;240;20180925;5;180;10;10;10;66;;63;0;0;0;0;10377;65;8;97;;5;0;0;0;0;0
2069;240;20180925;6;170;10;20;20;64;12.0;58;0;3;0;0;10381;65;6;95;1.0;7;0;0;0;0;0
2070;240;20180925;7;180;10;10;20;95;;75;10;38;0;0;10384;70;1;87;;5;0;0;0;0;0
2071;240;20180925;8;200;20;20;40;125;;75;10;89;0;0;10390;75;2;72;;5;0;0;0;0;0
2072;240;20180925;9;170;30;20;40;141;;77;10;139;0;0;10393;80;1;65;;5;0;0;0;0;0
2073;240;20180925;10;990;20;10;40;151;;63;10;181;0;0;10395;81;2;55;;5;0;0;0;0;0
2074;240;20180925;11;160;10;10;30;145;;54;4;104;0;0;10394;82;8;54;;5;0;0;0;0;0
2075;240;20180925;12;990;10;10;30;160;36.0;59;6;135;0;0;10390;67;8;51;;5;0;0;0;0;0
2076;240;20180925;13;270;20;20;60;150;;69;7;169;0;0;10382;81;8;58;;5;0;0;0;0;0
2077;240;20180925;14;300;30;20;50;150;;64;1;78;0;0;10378;83;8;56;;5;0;0;0;0;0
2078;240;20180925;15;200;20;30;40;149;;59;10;128;0;0;10374;81;7;54;;5;0;0;0;0;0
2079;240;20180925;16;210;10;20;40;156;;67;3;48;0;0;10371;82;4;55;;5;0;0;0;0;0
2080;240;20180925;17;290;20;20;40;130;;69;10;35;0;0;10371;80;7;66;;5;0;0;0;0;0
2081;240;20180925;18;0;10;0;30;120;64.0;67;0;3;0;0;10371;75;1;70;;5;0;0;0;0;0
2082;240;20180925;19;40;0;10;10;96;;77;0;0;0;0;10370;70;8;87;;5;0;0;0;0;0
2083;240;20180925;20;160;20;30;30;84;;69;0;0;0;0;10364;70;8;90;;5;0;0;0;0;0
2084;240;20180925;21;210;20;10;40;87;;62;0;0;0;0;10365;70;8;84;;5;0;0;0;0;0
2085;240;20180925;22;160;20;30;30;83;;57;0;0;0;0;10361;70;8;83;;5;0;0;0;0;0
2086;240;20180925;23;170;20;10;30;74;;52;0;0;0;0;10355;70;8;86;;5;0;0;0;0;0
2087;240;20180925;24;170;10;10;30;75;20.0;58;0;0;0;0;10352;70;8;88;;5;0;0;0;0;0
2088;240;20180926;1;190;20;30;40;80;;58;0;0;0;0;10347;70;8;85;;5;0;0;0;0;0
2089;240;20180926;2;190;30;30;40;74;;53;0;0;0;0;10340;70;8;86;;5;0;0;0;0;0
2090;240;20180926;3;180;30;30;40;76;;57;0;0;0;0;10339;70;8;87;;5;0;0;0;0;0
2091;240;20180926;4;190;30;40;40;79;;60;0;0;0;0;10333;70;8;87;;5;0;0;0;0;0
2092;240;20180926;5;190;40;40;50;84;;62;0;0;0;0;10329;70;8;85;;5;0;0;0;0;0
2093;240;20180926;6;190;40;40;50;87;20.0;68;0;1;0;0;10326;69;8;87;;5;0;0;0;0;0
2094;240;20180926;7;190;50;50;70;93;;73;0;11;0;0;10325;69;8;87;;5;0;0;0;0;0
2095;240;20180926;8;210;50;60;80;124;;90;7;70;0;0;10327;61;8;79;;5;0;0;0;0;0
2096;240;20180926;9;220;60;60;90;150;;99;9;128;0;0;10329;71;7;71;;5;0;0;0;0;0
2097;240;20180926;10;220;70;70;90;162;;108;10;170;0;0;10326;75;8;70;;5;0;0;0;0;0
2098;240;20180926;11;240;80;80;120;176;;111;10;195;0;0;10323;76;1;65;;5;0;0;0;0;0
2099;240;20180926;12;230;80;80;120;183;73.0;116;10;212;0;0;10321;76;3;64;;5;0;0;0;0;0
2100;240;20180926;13;240;80;70;120;183;;104;10;201;0;0;10316;75;3;60;;5;0;0;0;0;0
2101;240;20180926;14;240;70;70;110;184;;103;10;173;0;0;10315;79;3;59;;5;0;0;0;0;0
2102;240;20180926;15;240;70;70;100;180;;103;10;138;0;0;10311;80;0;60;;5;0;0;0;0;0
2103;240;20180926;16;240;70;60;100;175;;104;10;87;0;0;10308;80;0;62;;5;0;0;0;0;0
2104;240;20180926;17;250;50;50;90;164;;91;10;37;0;0;10309;81;0;61;;5;0;0;0;0;0
2105;240;20180926;18;230;40;50;70;150;137.0;89;0;3;0;0;10310;80;0;67;;5;0;0;0;0;0
2106;240;20180926;19;220;40;40;60;140;;93;0;0;0;0;10310;75;0;73;;5;0;0;0;0;0
2107;240;20180926;20;220;40;40;60;137;;97;0;0;0;0;10311;75;0;77;;5;0;0;0;0;0
2108;240;20180926;21;200;30;20;50;119;;99;0;0;0;0;10312;70;0;87;;5;0;0;0;0;0
2109;240;20180926;22;200;20;20;30;120;;101;0;0;0;0;10310;70;0;87;;5;0;0;0;0;0
2110;240;20180926;23;180;30;30;40;117;;101;0;0;0;0;10307;70;0;89;;5;0;0;0;0;0
2111;240;20180926;24;190;30;30;40;113;86.0;100;0;0;0;0;10304;65;0;91;;5;0;0;0;0;0
2112;240;20180927;1;190;30;30;40;112;;103;0;0;0;0;10299;65;0;94;;5;0;0;0;0;0
2113;240;20180927;2;190;20;20;30;115;;107;0;0;0;0;10296;63;0;94;;5;0;0;0;0;0
2114;240;20180927;3;200;20;20;30;111;;108;0;0;0;0;10292;57;0;98;10.0;7;0;0;0;0;0
2115;240;20180927;4;180;20;20;30;105;;99;0;0;0;0;10287;60;0;96;;5;0;0;0;0;0
2116;240;20180927;5;170;20;20;30;108;;103;0;0;0;0;10286;59;0;97;10.0;7;0;0;0;0;0
2117;240;20180927;6;150;20;20;30;111;73.0;107;0;2;0;0;10286;59;7;97;10.0;7;0;0;0;0;0
2118;240;20180927;7;190;20;20;30;129;;110;7;28;0;0;10283;61;7;88;;5;0;0;0;0;0
2119;240;20180927;8;200;20;30;40;156;;110;10;84;0;0;10280;61;1;74;;5;0;0;0;0;0
2120;240;20180927;9;190;30;30;40;174;;110;10;130;0;0;10276;63;0;66;;5;0;0;0;0;0
2121;240;20180927;10;200;40;50;60;187;;110;10;172;0;0;10269;70;0;61;;5;0;0;0;0;0
2122;240;20180927;11;200;50;60;80;198;;103;10;201;0;0;10262;80;0;54;;5;0;0;0;0;0
2123;240;20180927;12;210;50;60;80;202;103.0;72;10;213;0;0;10257;80;0;42;;5;0;0;0;0;0
2124;240;20180927;13;210;50;50;80;205;;74;10;205;0;0;10247;80;0;42;;5;0;0;0;0;0
2125;240;20180927;14;270;50;40;70;206;;97;10;178;0;0;10240;80;0;49;;5;0;0;0;0;0
2126;240;20180927;15;270;50;60;70;198;;89;10;138;0;0;10236;80;0;49;;5;0;0;0;0;0
2127;240;20180927;16;250;60;60;90;181;;68;10;88;0;0;10234;82;0;47;;5;0;0;0;0;0
2128;240;20180927;17;240;50;40;80;159;;61;8;38;0;0;10228;83;2;52;;5;0;0;0;0;0
2129;240;20180927;18;270;40;30;60;138;101.0;91;0;1;0;0;10226;75;1;73;;5;0;0;0;0;0
2130;240;20180927;19;230;40;40;50;135;;102;0;0;0;0;10224;72;7;80;;5;0;0;0;0;0
2131;240;20180927;20;240;30;30;50;124;;101;0;0;0;0;10224;70;2;85;;5;0;0;0;0;0
2132;240;20180927;21;210;30;20;40;113;;96;0;0;0;0;10222;70;3;89;;5;0;0;0;0;0
2133;240;20180927;22;200;20;30;30;115;;100;0;0;0;0;10219;69;7;90;;5;0;0;0;0;0
2134;240;20180927;23;220;20;10;30;110;;100;0;0;0;0;10221;61;8;93;;5;0;0;0;0;0
2135;240;20180927;24;70;10;10;20;107;76.0;95;0;0;0;0;10221;57;5;92;10.0;7;0;0;0;0;0
2136;240;20180928;1;10;40;40;80;149;;127;0;0;0;0;10223;70;8;86;;5;0;0;0;0;0
2137;240;20180928;2;10;40;40;70;147;;125;0;0;0;0;10227;66;8;86;;5;0;0;0;0;0
2138;240;20180928;3;10;50;50;100;139;;114;0;0;0;0;10233;70;8;84;;5;0;0;0;0;0
2139;240;20180928;4;10;50;50;90;133;;107;0;0;0;0;10238;70;8;83;;5;0;0;0;0;0
2140;240;20180928;5;20;50;50;90;132;;93;0;0;0;0;10245;70;8;77;;5;0;0;0;0;0
2141;240;20180928;6;20;50;50;90;130;79.0;81;0;1;0;0;10256;71;8;72;;5;0;0;0;0;0
2142;240;20180928;7;20;50;50;100;131;;73;0;17;0;0;10266;72;8;67;;5;0;0;0;0;0
2143;240;20180928;8;20;50;50;90;131;;70;2;50;0;0;10274;74;8;66;;5;0;0;0;0;0
2144;240;20180928;9;30;60;60;90;142;;65;5;113;0;0;10280;77;8;59;;5;0;0;0;0;0
2145;240;20180928;10;20;60;60;90;145;;64;3;120;0;0;10286;80;8;58;;5;0;0;0;0;0
2146;240;20180928;11;360;60;50;100;138;;71;5;117;0;0;10288;77;8;64;;5;0;0;0;0;0
2147;240;20180928;12;20;40;40;90;148;123.0;57;1;107;0;0;10288;80;8;54;;5;0;0;0;0;0
2148;240;20180928;13;30;50;50;100;157;;65;4;123;0;0;10289;80;7;54;;5;0;0;0;0;0
2149;240;20180928;14;30;50;40;100;146;;73;3;95;0;0;10289;82;4;61;;5;0;0;0;0;0
2150;240;20180928;15;20;60;60;100;149;;70;8;93;0;0;10293;80;6;59;;5;0;0;0;0;0
2151;240;20180928;16;20;60;60;100;135;;60;6;51;0;0;10294;81;1;60;;5;0;0;0;0;0
2152;240;20180928;17;10;50;40;90;122;;57;5;22;0;0;10301;81;0;64;;5;0;0;0;0;0
2153;240;20180928;18;10;40;30;70;112;93.0;55;0;1;0;0;10308;80;0;68;;5;0;0;0;0;0
2154;240;20180928;19;350;30;30;60;101;;50;0;0;0;0;10310;75;0;70;;5;0;0;0;0;0
2155;240;20180928;20;10;20;20;50;98;;45;0;0;0;0;10312;80;0;69;;5;0;0;0;0;0
2156;240;20180928;21;10;20;20;60;95;;49;0;0;0;0;10316;75;1;72;;5;0;0;0;0;0
2157;240;20180928;22;360;20;10;40;80;;49;0;0;0;0;10316;75;6;80;;5;0;0;0;0;0
2158;240;20180928;23;300;10;10;20;73;;50;0;0;0;0;10316;70;8;85;;5;0;0;0;0;0
2159;240;20180928;24;0;10;0;10;68;7.0;51;0;0;0;0;10316;70;7;89;;5;0;0;0;0;0
2160;240;20180929;1;140;0;10;10;55;;43;0;0;0;0;10315;65;2;91;;5;0;0;0;0;0
2161;240;20180929;2;110;10;10;20;61;;57;0;0;0;0;10312;65;0;96;;5;0;0;0;0;0
2162;240;20180929;3;320;10;30;30;47;;39;0;0;0;0;10313;65;7;94;;5;0;0;0;0;0
2163;240;20180929;4;70;10;10;20;61;;53;0;0;0;0;10311;65;8;94;;5;0;0;0;0;0
2164;240;20180929;5;150;10;20;20;54;;42;0;0;0;0;10306;65;8;91;;5;0;0;0;0;0
2165;240;20180929;6;0;10;0;20;51;3.0;43;0;2;0;0;10309;65;4;94;;5;0;0;0;0;0
2166;240;20180929;7;140;10;20;20;81;;60;8;29;0;0;10308;70;1;87;;5;0;0;0;0;0
2167;240;20180929;8;170;20;20;30;113;;61;10;80;0;0;10310;80;8;69;;5;0;0;0;0;0
2168;240;20180929;9;200;30;30;40;129;;64;10;126;0;0;10307;80;8;64;;5;0;0;0;0;0
2169;240;20180929;10;170;30;30;50;137;;57;10;164;0;0;10301;81;6;58;;5;0;0;0;0;0
2170;240;20180929;11;160;30;30;50;146;;51;10;202;0;0;10297;81;6;52;;5;0;0;0;0;0
2171;240;20180929;12;200;20;30;50;151;8.0;57;10;211;0;0;10288;81;8;53;;5;0;0;0;0;0
2172;240;20180929;13;990;20;10;50;149;;44;10;196;0;0;10279;81;3;49;;5;0;0;0;0;0
2173;240;20180929;14;190;20;20;50;153;;52;10;168;0;0;10270;80;8;50;;5;0;0;0;0;0
2174;240;20180929;15;160;20;20;50;149;;57;10;125;0;0;10261;80;5;54;;5;0;0;0;0;0
2175;240;20180929;16;160;10;10;40;144;;46;10;76;0;0;10255;81;8;51;;5;0;0;0;0;0
2176;240;20180929;17;200;20;30;30;122;;48;8;27;0;0;10247;82;8;60;;5;0;0;0;0;0
2177;240;20180929;18;190;20;20;30;114;46.0;45;0;2;0;0;10247;82;8;62;;5;0;0;0;0;0
2178;240;20180929;19;50;10;10;20;79;;60;0;0;0;0;10245;70;8;88;;5;0;0;0;0;0
2179;240;20180929;20;130;10;10;20;75;;60;0;0;0;0;10242;70;8;89;;5;0;0;0;0;0
2180;240;20180929;21;160;10;10;20;78;;57;0;0;0;0;10238;70;6;86;;5;0;0;0;0;0
2181;240;20180929;22;150;10;10;10;66;;50;0;0;0;0;10230;70;8;89;;5;0;0;0;0;0
2182;240;20180929;23;150;10;20;20;66;;46;0;0;0;0;10223;70;8;87;;5;0;0;0;0;0
2183;240;20180929;24;170;20;20;30;54;1.0;40;0;0;0;0;10217;70;8;90;;5;0;0;0;0;0
2184;240;20180930;1;190;10;10;20;55;;34;0;0;0;0;10211;70;4;86;;5;0;0;0;0;0
2185;240;20180930;2;170;20;20;30;57;;33;0;0;0;0;10203;70;8;84;;5;0;0;0;0;0
2186;240;20180930;3;170;10;10;20;59;;38;0;0;0;0;10199;70;8;86;;5;0;0;0;0;0
2187;240;20180930;4;0;10;0;20;55;;45;0;0;0;0;10194;65;1;93;;5;0;0;0;0;0
2188;240;20180930;5;160;10;20;20;46;;32;0;0;0;0;10188;70;5;90;;5;0;0;0;0;0
2189;240;20180930;6;170;20;20;20;51;-7.0;32;0;2;0;0;10183;70;0;87;;5;0;0;0;0;0
2190;240;20180930;7;170;20;20;30;78;;58;8;31;0;0;10184;70;1;86;;5;0;0;0;0;0
2191;240;20180930;8;180;30;40;50;115;;71;10;84;0;0;10180;75;7;74;;5;0;0;0;0;0
2192;240;20180930;9;210;40;40;60;138;;90;9;112;0;0;10178;71;6;72;;5;0;0;0;0;0
2193;240;20180930;10;230;30;30;50;155;;100;10;158;0;0;10176;73;4;69;;5;0;0;0;0;0
2194;240;20180930;11;280;50;60;90;162;;82;8;183;0;0;10170;77;6;58;;5;0;0;0;0;0
2195;240;20180930;12;260;50;60;80;153;-1.0;75;8;173;0;0;10168;80;3;59;;5;0;0;0;0;0
2196;240;20180930;13;270;50;60;80;153;;91;8;152;0;0;10163;80;5;66;;5;0;0;0;0;0
2197;240;20180930;14;280;60;50;90;160;;79;9;143;0;0;10160;81;2;58;;5;0;0;0;0;0
2198;240;20180930;15;290;60;60;80;150;;75;9;128;0;0;10158;80;1;60;;5;0;0;0;0;0
2199;240;20180930;16;270;50;40;70;138;;75;2;47;0;0;10156;80;8;65;;5;0;0;0;0;0
2200;240;20180930;17;270;40;40;70;134;;84;0;9;0;-1;10156;75;8;71;81.0;7;0;1;0;0;0
2201;240;20180930;18;320;40;50;80;132;122.0;84;0;0;0;-1;10157;75;8;72;23.0;7;0;1;0;0;0
2202;240;20180930;19;310;50;40;70;124;;66;0;0;0;0;10160;80;8;67;;5;0;0;0;0;0
2203;240;20180930;20;310;40;40;70;121;;58;0;0;0;0;10159;80;8;65;;5;0;0;0;0;0
2204;240;20180930;21;310;40;40;70;120;;72;0;0;0;-1;10159;75;8;72;23.0;7;0;1;0;0;0
2205;240;20180930;22;330;30;30;60;97;;52;0;0;0;0;10156;75;8;73;;5;0;0;0;0;0
2206;240;20180930;23;290;30;40;60;116;;65;0;0;0;-1;10155;75;8;70;23.0;7;0;1;0;0;0
2207;240;20180930;24;320;40;30;100;96;74.0;72;0;0;3;3;10155;70;8;85;23.0;7;0;1;0;0;0
2208;240;20181001;1;10;20;10;30;95;;77;0;0;0;0;10157;70;8;88;;5;0;0;0;0;0
2209;240;20181001;2;40;20;10;70;90;;78;0;0;3;4;10158;65;7;92;23.0;7;0;1;0;0;0
2210;240;20181001;3;250;10;10;20;83;;74;0;0;0;-1;10158;65;7;93;23.0;7;0;1;0;0;0
2211;240;20181001;4;320;20;20;60;84;;67;0;0;2;1;10160;70;6;88;23.0;7;0;1;0;0;0
2212;240;20181001;5;320;30;30;70;92;;65;0;0;2;1;10164;70;8;83;81.0;7;0;1;0;0;0
2213;240;20181001;6;310;30;40;100;94;38.0;71;0;1;2;3;10174;70;8;85;23.0;7;0;1;0;0;0
2214;240;20181001;7;360;40;30;110;95;;73;0;12;3;2;10180;70;1;86;23.0;7;0;1;0;0;0
2215;240;20181001;8;360;50;40;130;100;;75;3;39;5;6;10190;70;8;84;81.0;7;0;1;0;0;0
2216;240;20181001;9;320;50;100;130;99;;66;4;58;3;6;10199;63;8;80;81.0;7;0;1;0;0;0
2217;240;20181001;10;320;70;90;130;125;;43;4;102;0;-1;10201;77;2;57;23.0;7;0;1;0;0;0
2218;240;20181001;11;310;90;100;140;120;;43;8;152;0;0;10205;76;6;59;;5;0;0;0;0;0
2219;240;20181001;12;320;80;60;150;123;78.0;75;8;148;0;-1;10207;75;2;72;23.0;7;0;1;0;0;0
2220;240;20181001;13;320;80;70;150;125;;47;5;128;0;-1;10207;80;5;59;23.0;7;0;1;0;0;0
2221;240;20181001;14;320;90;90;150;113;;52;7;117;3;4;10213;73;8;66;81.0;7;0;1;0;0;0
2222;240;20181001;15;340;80;60;160;115;;60;8;123;0;-1;10215;69;8;68;81.0;7;0;1;0;0;0
2223;240;20181001;16;320;80;60;160;100;;49;7;59;0;-1;10219;75;8;70;23.0;7;0;1;0;0;0
2224;240;20181001;17;320;70;50;130;94;;54;7;17;0;-1;10222;75;8;75;51.0;7;0;1;0;0;0
2225;240;20181001;18;310;50;50;110;90;76.0;52;0;0;2;2;10226;75;6;77;23.0;7;0;1;0;0;0
2226;240;20181001;19;320;40;20;90;86;;56;0;0;0;-1;10227;70;7;81;81.0;7;0;1;0;0;0
2227;240;20181001;20;330;30;30;70;83;;60;0;0;5;5;10226;70;8;85;23.0;7;0;1;0;0;0
2228;240;20181001;21;300;30;20;80;81;;58;0;0;0;-1;10223;70;8;85;23.0;7;0;1;0;0;0
2229;240;20181001;22;280;30;20;50;84;;64;0;0;0;-1;10218;70;8;86;23.0;7;0;1;0;0;0
2230;240;20181001;23;170;20;20;30;85;;67;0;0;0;0;10214;70;8;88;;5;0;0;0;0;0
2231;240;20181001;24;180;20;30;30;87;64.0;69;0;0;0;0;10207;70;8;88;2.0;7;0;0;0;0;0
2232;240;20181002;1;240;40;40;70;98;;59;0;0;0;-1;10199;75;8;76;23.0;7;0;1;0;0;0
2233;240;20181002;2;220;30;20;60;93;;68;0;0;0;-1;10187;70;8;84;51.0;7;0;1;0;0;0
2234;240;20181002;3;190;60;70;100;92;;73;0;0;0;-1;10177;70;8;88;23.0;7;0;1;0;0;0
2235;240;20181002;4;190;60;60;90;91;;83;0;0;4;1;10166;56;8;95;52.0;7;0;1;0;0;0
2236;240;20181002;5;210;60;60;90;98;;92;0;0;10;10;10157;50;8;95;58.0;7;0;1;0;0;0
2237;240;20181002;6;240;70;70;120;108;78.0;93;0;0;10;6;10149;56;8;90;51.0;7;0;1;0;0;0
2238;240;20181002;7;240;80;70;120;114;;106;0;4;10;10;10149;50;8;95;52.0;7;0;1;0;0;0
2239;240;20181002;8;260;80;90;130;126;;120;0;8;10;8;10144;28;8;96;53.0;7;0;1;0;0;0
2240;240;20181002;9;270;80;70;130;133;;124;0;19;6;2;10141;56;8;94;52.0;7;0;1;0;0;0
2241;240;20181002;10;280;80;80;120;151;;132;1;49;0;-1;10141;65;8;88;51.0;7;0;1;0;0;0
2242;240;20181002;11;290;90;100;130;157;;122;1;100;1;1;10144;75;8;79;23.0;7;0;1;0;0;0
2243;240;20181002;12;290;90;90;140;159;103.0;111;1;101;0;0;10147;72;8;73;2.0;7;0;0;0;0;0
2244;240;20181002;13;300;100;100;150;157;;107;7;130;0;0;10151;75;7;72;;5;0;0;0;0;0
2245;240;20181002;14;290;90;100;140;153;;81;7;122;0;0;10156;80;7;61;;5;0;0;0;0;0
2246;240;20181002;15;300;90;90;140;149;;86;10;98;0;0;10163;75;7;65;;5;0;0;0;0;0
2247;240;20181002;16;300;90;80;130;141;;80;8;64;0;0;10168;73;6;66;;5;0;0;0;0;0
2248;240;20181002;17;310;60;50;110;125;;84;3;15;0;0;10172;67;4;75;;5;0;0;0;0;0
2249;240;20181002;18;280;40;30;80;117;95.0;83;0;0;0;0;10175;67;3;79;;5;0;0;0;0;0
2250;240;20181002;19;280;30;30;50;105;;83;0;0;0;0;10180;63;2;86;;5;0;0;0;0;0
2251;240;20181002;20;300;30;30;50;115;;86;0;0;0;0;10183;65;5;82;;5;0;0;0;0;0
2252;240;20181002;21;290;40;30;50;106;;81;0;0;0;0;10185;63;1;84;;5;0;0;0;0;0
2253;240;20181002;22;270;30;40;50;103;;85;0;0;0;0;10186;63;6;88;;5;0;0;0;0;0
2254;240;20181002;23;270;30;40;50;110;;86;0;0;0;0;10188;64;7;84;;5;0;0;0;0;0
2255;240;20181002;24;270;40;40;50;120;78.0;90;0;0;0;-1;10188;65;8;81;23.0;7;0;1;0;0;0
2256;240;20181003;1;290;40;50;70;127;;78;0;0;0;0;10192;66;6;72;;5;0;0;0;0;0
2257;240;20181003;2;300;60;50;80;129;;76;0;0;0;0;10199;67;7;70;;5;0;0;0;0;0
2258;240;20181003;3;300;50;40;100;119;;68;0;0;0;0;10204;69;8;71;;5;0;0;0;0;0
2259;240;20181003;4;300;50;40;70;111;;66;0;0;0;0;10211;67;1;73;;5;0;0;0;0;0
2260;240;20181003;5;300;40;30;60;104;;60;0;0;0;0;10215;68;8;74;;5;0;0;0;0;0
2261;240;20181003;6;290;40;40;50;120;79.0;68;0;1;0;0;10221;68;8;70;;5;0;0;0;0;0
2262;240;20181003;7;310;40;40;60;123;;73;2;17;0;0;10231;66;7;71;;5;0;0;0;0;0
2263;240;20181003;8;300;50;50;70;127;;70;5;51;0;0;10241;70;8;68;;5;0;0;0;0;0
2264;240;20181003;9;310;50;60;80;136;;70;6;87;0;0;10248;69;8;64;;5;0;0;0;0;0
2265;240;20181003;10;290;50;60;80;155;;81;5;110;0;0;10255;71;8;61;;5;0;0;0;0;0
2266;240;20181003;11;290;50;60;80;155;;64;10;191;0;0;10260;70;6;54;;5;0;0;0;0;0
2267;240;20181003;12;290;50;60;80;155;107.0;66;8;144;0;0;10263;77;6;55;;5;0;0;0;0;0
2268;240;20181003;13;290;60;60;90;149;;74;7;137;0;0;10265;73;3;60;;5;0;0;0;0;0
2269;240;20181003;14;270;60;50;90;150;;68;10;133;0;0;10261;72;6;58;;5;0;0;0;0;0
2270;240;20181003;15;280;60;60;90;146;;72;8;74;0;0;10261;75;2;61;;5;0;0;0;0;0
2271;240;20181003;16;280;60;60;90;140;;79;7;58;0;0;10262;69;7;66;;5;0;0;0;0;0
2272;240;20181003;17;270;50;50;90;126;;80;7;22;0;0;10266;71;7;73;;5;0;0;0;0;0
2273;240;20181003;18;260;40;40;60;122;105.0;84;0;1;0;0;10266;72;6;77;;5;0;0;0;0;0
2274;240;20181003;19;230;30;30;50;119;;86;0;0;0;0;10265;73;3;80;;5;0;0;0;0;0
2275;240;20181003;20;210;40;40;50;123;;97;0;0;0;0;10264;70;8;84;;5;0;0;0;0;0
2276;240;20181003;21;210;40;40;60;130;;103;0;0;0;0;10264;70;8;83;;5;0;0;0;0;0
2277;240;20181003;22;210;40;40;60;130;;114;0;0;0;-1;10263;63;8;89;81.0;7;0;1;0;0;0
2278;240;20181003;23;210;40;40;60;131;;121;0;0;0;-1;10262;64;8;93;23.0;7;0;1;0;0;0
2279;240;20181003;24;210;40;40;50;134;100.0;123;0;0;0;0;10259;65;8;93;2.0;7;0;0;0;0;0
2280;240;20181004;1;200;30;30;50;135;;126;0;0;0;-1;10258;65;8;94;51.0;7;0;1;0;0;0
2281;240;20181004;2;210;30;40;50;137;;126;0;0;0;-1;10255;65;8;92;22.0;7;0;1;0;0;0
2282;240;20181004;3;220;40;40;50;140;;122;0;0;0;0;10252;68;8;89;2.0;7;0;0;0;0;0
2283;240;20181004;4;210;30;30;50;137;;123;0;0;0;0;10252;65;8;91;;5;0;0;0;0;0
2284;240;20181004;5;210;40;50;70;139;;120;0;0;0;0;10250;70;8;88;;5;0;0;0;0;0
2285;240;20181004;6;200;40;40;70;141;129.0;128;0;0;0;-1;10251;61;8;91;57.0;7;0;1;0;0;0
2286;240;20181004;7;190;40;50;70;142;;132;0;3;0;-1;10252;64;8;94;23.0;7;0;1;0;0;0
2287;240;20181004;8;210;40;50;60;148;;134;0;13;0;0;10255;63;8;91;;5;0;0;0;0;0
2288;240;20181004;9;210;50;60;80;159;;131;0;50;0;0;10256;68;8;83;2.0;7;0;0;0;0;0
2289;240;20181004;10;210;70;70;90;158;;126;0;58;0;0;10255;70;8;81;;5;0;0;0;0;0
2290;240;20181004;11;210;70;60;100;160;;125;0;52;0;0;10253;73;8;79;;5;0;0;0;0;0
2291;240;20181004;12;220;60;70;100;173;135.0;126;0;57;0;0;10248;71;8;73;2.0;7;0;0;0;0;0
2292;240;20181004;13;230;70;60;100;179;;139;0;83;0;0;10244;70;8;77;;5;0;0;0;0;0
2293;240;20181004;14;240;50;50;80;178;;144;2;67;0;0;10241;66;8;80;;5;0;0;0;0;0
2294;240;20181004;15;240;60;60;90;172;;135;5;82;0;0;10238;65;8;78;;5;0;0;0;0;0
2295;240;20181004;16;240;60;50;90;168;;132;2;35;0;0;10234;71;7;79;;5;0;0;0;0;0
2296;240;20181004;17;220;50;40;70;150;;129;7;22;0;0;10231;65;2;87;;5;0;0;0;0;0
2297;240;20181004;18;200;40;40;60;140;127.0;124;0;0;0;0;10231;61;0;90;;5;0;0;0;0;0
2298;240;20181004;19;180;30;30;50;126;;115;0;0;0;0;10229;60;0;93;;5;0;0;0;0;0
2299;240;20181004;20;180;30;30;50;123;;113;0;0;0;0;10227;59;0;93;10.0;7;0;0;0;0;0
2300;240;20181004;21;180;30;30;40;118;;109;0;0;0;0;10226;58;0;94;10.0;7;0;0;0;0;0
2301;240;20181004;22;180;40;30;40;112;;104;0;0;0;0;10223;56;0;95;10.0;7;0;0;0;0;0
2302;240;20181004;23;170;30;20;40;105;;99;0;0;0;0;10220;50;0;96;10.0;7;0;0;0;0;0
2303;240;20181004;24;190;30;20;40;107;70.0;100;0;0;0;0;10219;57;0;95;10.0;7;0;0;0;0;0
2304;240;20181005;1;160;20;20;30;105;;100;0;0;0;0;10215;57;0;96;10.0;7;0;0;0;0;0
2305;240;20181005;2;160;20;30;30;98;;92;0;0;0;0;10210;50;0;96;10.0;7;0;0;0;0;0
2306;240;20181005;3;160;20;20;30;100;;95;0;0;0;0;10203;50;0;96;10.0;7;0;0;0;0;0
2307;240;20181005;4;140;20;20;30;91;;85;0;0;0;0;10198;50;0;96;10.0;7;0;0;0;0;0
2308;240;20181005;5;150;20;20;30;91;;87;0;0;0;0;10193;50;0;97;10.0;7;0;0;0;0;0
2309;240;20181005;6;140;20;30;40;93;53.0;87;0;1;0;0;10191;50;0;95;10.0;7;0;0;0;0;0
2310;240;20181005;7;150;20;20;30;103;;94;7;20;0;0;10193;57;1;94;10.0;7;0;0;0;0;0
2311;240;20181005;8;160;20;20;40;125;;105;8;65;0;0;10191;60;8;87;;5;0;0;0;0;0
2312;240;20181005;9;170;30;40;50;147;;116;10;112;0;0;10189;64;8;81;;5;0;0;0;0;0
2313;240;20181005;10;170;40;50;70;163;;115;10;146;0;0;10181;67;8;73;;5;0;0;0;0;0
2314;240;20181005;11;160;50;40;70;177;;117;10;171;0;0;10174;66;8;68;;5;0;0;0;0;0
2315;240;20181005;12;150;40;40;60;193;79.0;119;10;184;0;0;10165;70;8;62;;5;0;0;0;0;0
2316;240;20181005;13;170;40;50;60;197;;114;10;177;0;0;10159;69;8;58;;5;0;0;0;0;0
2317;240;20181005;14;170;40;40;60;202;;121;10;154;0;0;10154;75;8;59;;5;0;0;0;0;0
2318;240;20181005;15;180;50;50;60;196;;108;10;117;0;0;10148;76;8;56;;5;0;0;0;0;0
2319;240;20181005;16;190;40;30;60;186;;120;10;66;0;0;10142;74;2;65;;5;0;0;0;0;0
2320;240;20181005;17;190;20;20;40;164;;113;7;18;0;0;10140;74;7;71;;5;0;0;0;0;0
2321;240;20181005;18;70;20;10;30;138;79.0;117;0;0;0;0;10138;70;8;87;;5;0;0;0;0;0
2322;240;20181005;19;0;0;0;10;125;;114;0;0;0;0;10137;65;8;92;;5;0;0;0;0;0
2323;240;20181005;20;10;10;10;10;120;;116;0;0;0;0;10135;61;8;97;;5;0;0;0;0;0
2324;240;20181005;21;120;10;20;20;102;;98;0;0;0;0;10130;64;8;97;;5;0;0;0;0;0
2325;240;20181005;22;70;10;10;20;102;;99;0;0;0;0;10125;58;8;98;10.0;7;0;0;0;0;0
2326;240;20181005;23;120;10;10;20;100;;95;0;0;0;0;10122;60;8;97;;5;0;0;0;0;0
2327;240;20181005;24;990;10;10;10;100;43.0;97;0;0;0;0;10118;56;6;98;10.0;7;0;0;0;0;0
2328;240;20181006;1;20;10;10;10;85;;81;0;0;0;0;10114;13;0;97;10.0;7;0;0;0;0;0
2329;240;20181006;2;90;20;10;30;94;;91;0;0;0;0;10107;58;1;98;20.0;7;1;0;0;0;0
2330;240;20181006;3;130;20;20;20;90;;85;0;0;0;0;10102;60;8;97;3.0;7;0;0;0;0;0
2331;240;20181006;4;110;20;20;20;93;;89;0;0;0;0;10095;60;8;97;;5;0;0;0;0;0
2332;240;20181006;5;150;20;30;40;101;;94;0;0;0;0;10090;59;8;95;10.0;7;0;0;0;0;0
2333;240;20181006;6;130;20;20;40;101;38.0;93;0;1;0;0;10084;59;5;95;10.0;7;0;0;0;0;0
2334;240;20181006;7;150;20;30;40;105;;96;2;16;0;0;10084;60;8;94;;5;0;0;0;0;0
2335;240;20181006;8;160;20;30;40;124;;107;2;45;0;0;10082;62;6;89;;5;0;0;0;0;0
2336;240;20181006;9;180;30;20;40;146;;118;6;91;0;0;10080;66;8;83;;5;0;0;0;0;0
2337;240;20181006;10;200;30;40;50;167;;126;10;168;0;0;10079;66;8;76;;5;0;0;0;0;0
2338;240;20181006;11;230;40;30;60;183;;133;10;182;0;0;10078;65;7;72;;5;0;0;0;0;0
2339;240;20181006;12;290;40;40;60;190;63.0;130;10;181;0;0;10074;64;1;68;;5;0;0;0;0;0
2340;240;20181006;13;280;30;30;60;198;;134;10;173;0;0;10069;68;0;66;;5;0;0;0;0;0
2341;240;20181006;14;290;40;40;60;187;;130;10;140;0;0;10071;77;2;69;;5;0;0;0;0;0
2342;240;20181006;15;310;40;40;70;179;;133;10;111;0;0;10073;67;2;74;;5;0;0;0;0;0
2343;240;20181006;16;320;30;20;60;157;;122;3;35;0;0;10072;66;6;79;;5;0;0;0;0;0
2344;240;20181006;17;320;20;30;30;152;;124;0;7;0;0;10075;61;8;83;;5;0;0;0;0;0
2345;240;20181006;18;330;30;40;60;151;136.0;126;0;0;0;0;10088;58;8;84;10.0;7;0;0;0;0;0
2346;240;20181006;19;340;40;40;60;147;;130;0;0;0;-1;10095;50;8;89;81.0;7;0;1;0;0;0
2347;240;20181006;20;10;40;40;80;141;;132;0;0;10;3;10106;57;8;94;61.0;7;0;1;0;0;0
2348;240;20181006;21;10;60;70;110;134;;123;0;0;5;2;10111;62;8;92;23.0;7;0;1;0;0;0
2349;240;20181006;22;360;70;80;140;120;;110;0;0;4;2;10122;59;8;93;81.0;7;0;1;0;0;0
2350;240;20181006;23;10;80;90;130;113;;95;0;0;5;1;10128;70;8;88;23.0;7;0;1;0;0;0
2351;240;20181006;24;20;70;60;150;111;107.0;88;0;0;0;0;10140;70;8;85;2.0;7;0;0;0;0;0
2352;240;20181007;1;20;70;60;110;111;;87;0;0;0;0;10152;70;8;85;;5;0;0;0;0;0
2353;240;20181007;2;20;60;70;110;111;;80;0;0;0;0;10156;70;8;81;;5;0;0;0;0;0
2354;240;20181007;3;20;60;70;100;112;;74;0;0;0;-1;10157;75;8;77;23.0;7;0;1;0;0;0
2355;240;20181007;4;20;60;60;100;104;;66;0;0;0;0;10168;75;2;77;;5;0;0;0;0;0
2356;240;20181007;5;20;40;30;80;93;;62;0;0;0;0;10180;70;0;81;;5;0;0;0;0;0
2357;240;20181007;6;340;20;10;40;73;44.0;58;0;0;0;0;10187;70;0;90;2.0;7;0;0;0;0;0
2358;240;20181007;7;320;10;20;20;85;;72;7;21;0;0;10195;65;0;91;;5;0;0;0;0;0
2359;240;20181007;8;40;20;30;50;119;;74;10;69;0;0;10202;75;2;73;;5;0;0;0;0;0
2360;240;20181007;9;40;40;40;70;122;;70;10;102;0;0;10213;75;6;70;;5;0;0;0;0;0
2361;240;20181007;10;50;40;30;70;125;;68;4;69;0;0;10215;80;6;68;;5;0;0;0;0;0
2362;240;20181007;11;20;40;30;60;144;;66;10;196;0;0;10214;80;4;59;;5;0;0;0;0;0
2363;240;20181007;12;80;50;50;80;142;32.0;63;10;201;0;0;10214;80;8;59;;5;0;0;0;0;0
2364;240;20181007;13;20;40;40;60;137;;56;6;123;0;0;10216;81;8;58;;5;0;0;0;0;0
2365;240;20181007;14;50;30;30;60;140;;60;8;127;0;0;10218;82;6;58;;5;0;0;0;0;0
2366;240;20181007;15;70;30;20;50;139;;57;7;76;0;0;10219;82;8;57;;5;0;0;0;0;0
2367;240;20181007;16;70;20;20;40;116;;72;3;38;0;0;10219;75;8;74;;5;0;0;0;0;0
2368;240;20181007;17;70;10;10;30;113;;67;5;11;0;0;10222;75;8;73;;5;0;0;0;0;0
2369;240;20181007;18;90;10;10;20;101;37.0;74;0;0;0;0;10226;70;8;83;;5;0;0;0;0;0
2370;240;20181007;19;40;10;10;20;83;;67;0;0;0;0;10227;70;8;90;;5;0;0;0;0;0
2371;240;20181007;20;100;0;10;10;84;;76;0;0;0;0;10227;65;8;94;;5;0;0;0;0;0
2372;240;20181007;21;0;0;0;10;78;;74;0;0;0;0;10228;65;8;97;;5;0;0;0;0;0
2373;240;20181007;22;990;0;10;10;74;;68;0;0;0;0;10226;65;8;96;;5;0;0;0;0;0
2374;240;20181007;23;180;10;10;20;66;;60;0;0;0;0;10224;65;8;95;;5;0;0;0;0;0
2375;240;20181007;24;200;10;10;20;66;15.0;61;0;0;0;0;10225;65;8;96;;5;0;0;0;0;0
2376;240;20181008;1;170;10;10;20;67;;63;0;0;0;0;10221;65;8;97;;5;0;0;0;0;0
2377;240;20181008;2;160;10;30;30;62;;57;0;0;0;0;10216;65;8;96;;5;0;0;0;0;0
2378;240;20181008;3;170;30;30;30;63;;57;0;0;0;0;10212;65;8;95;;5;0;0;0;0;0
2379;240;20181008;4;180;30;30;40;68;;61;0;0;0;0;10210;65;8;94;;5;0;0;0;0;0
2380;240;20181008;5;180;30;30;40;72;;61;0;0;0;0;10206;65;8;93;;5;0;0;0;0;0
2381;240;20181008;6;190;40;40;40;75;13.0;63;0;0;0;0;10206;65;8;92;;5;0;0;0;0;0
2382;240;20181008;7;190;40;40;50;93;;76;7;17;0;0;10210;70;8;89;;5;0;0;0;0;0
2383;240;20181008;8;200;40;40;60;111;;89;3;44;0;0;10216;70;8;86;;5;0;0;0;0;0
2384;240;20181008;9;200;60;60;80;130;;95;8;98;0;0;10217;75;8;79;;5;0;0;0;0;0
2385;240;20181008;10;210;60;60;80;149;;103;7;119;0;0;10219;73;7;74;;5;0;0;0;0;0
2386;240;20181008;11;220;60;60;90;154;;99;8;167;0;0;10219;78;8;69;;5;0;0;0;0;0
2387;240;20181008;12;240;70;70;90;156;59.0;85;3;113;0;0;10216;80;8;63;;5;0;0;0;0;0
2388;240;20181008;13;230;70;70;100;161;;82;10;161;0;0;10213;82;8;59;;5;0;0;0;0;0
2389;240;20181008;14;240;70;60;100;153;;84;5;112;0;0;10208;82;8;63;;5;0;0;0;0;0
2390;240;20181008;15;240;60;50;90;153;;88;7;73;0;0;10203;80;8;65;;5;0;0;0;0;0
2391;240;20181008;16;250;50;60;80;146;;96;10;49;0;0;10205;75;8;72;;5;0;0;0;0;0
2392;240;20181008;17;210;40;30;70;128;;96;5;14;0;0;10200;70;8;81;;5;0;0;0;0;0
2393;240;20181008;18;240;30;30;60;117;102.0;92;0;0;0;0;10210;70;8;84;;5;0;0;0;0;0
2394;240;20181008;19;200;30;30;40;129;;103;0;0;0;0;10210;70;8;84;;5;0;0;0;0;0
2395;240;20181008;20;190;40;40;60;120;;99;0;0;0;0;10209;70;8;87;;5;0;0;0;0;0
2396;240;20181008;21;190;30;30;50;103;;89;0;0;0;0;10213;70;8;90;;5;0;0;0;0;0
2397;240;20181008;22;180;30;30;40;98;;88;0;0;0;0;10211;65;8;93;;5;0;0;0;0;0
2398;240;20181008;23;190;30;40;40;94;;86;0;0;0;0;10208;65;8;94;;5;0;0;0;0;0
2399;240;20181008;24;190;30;30;40;96;66.0;87;0;0;0;0;10206;65;8;94;;5;0;0;0;0;0
2400;240;20181009;1;180;30;40;50;99;;91;0;0;0;0;10206;64;8;95;;5;0;0;0;0;0
2401;240;20181009;2;190;30;40;50;95;;90;0;0;0;0;10200;58;8;96;10.0;7;0;0;0;0;0
2402;240;20181009;3;180;40;30;50;91;;87;0;0;0;0;10197;57;8;97;10.0;7;0;0;0;0;0
2403;240;20181009;4;170;30;30;50;92;;88;0;0;0;0;10196;59;8;97;10.0;7;0;0;0;0;0
2404;240;20181009;5;180;30;30;40;85;;81;0;0;0;0;10199;58;8;97;10.0;7;0;0;0;0;0
2405;240;20181009;6;180;40;30;50;100;68.0;93;0;0;0;0;10201;60;8;95;;5;0;0;0;0;0
2406;240;20181009;7;180;40;40;50;109;;98;0;5;0;0;10208;61;8;93;;5;0;0;0;0;0
2407;240;20181009;8;190;40;40;60;119;;103;0;36;0;0;10212;64;7;90;;5;0;0;0;0;0
2408;240;20181009;9;190;50;50;60;137;;112;9;101;0;0;10213;67;8;84;;5;0;0;0;0;0
2409;240;20181009;10;210;50;60;80;160;;119;10;145;0;0;10211;68;8;76;;5;0;0;0;0;0
2410;240;20181009;11;200;50;50;80;170;;118;10;177;0;0;10211;70;8;71;;5;0;0;0;0;0
2411;240;20181009;12;200;40;40;70;174;94.0;115;10;179;0;0;10207;71;8;68;;5;0;0;0;0;0
2412;240;20181009;13;200;40;40;60;179;;108;10;185;0;0;10205;80;8;63;;5;0;0;0;0;0
2413;240;20181009;14;190;40;40;60;179;;102;10;151;0;0;10203;80;8;60;;5;0;0;0;0;0
2414;240;20181009;15;190;40;30;50;172;;91;10;92;0;0;10200;82;8;58;;5;0;0;0;0;0
2415;240;20181009;16;190;40;40;60;161;;91;10;51;0;0;10200;82;8;63;;5;0;0;0;0;0
2416;240;20181009;17;180;30;30;50;139;;90;5;17;0;0;10201;75;8;72;;5;0;0;0;0;0
2417;240;20181009;18;150;20;20;30;125;55.0;88;0;0;0;0;10202;75;8;78;;5;0;0;0;0;0
2418;240;20181009;19;150;20;20;30;110;;89;0;0;0;0;10203;67;1;86;;5;0;0;0;0;0
2419;240;20181009;20;150;20;20;30;127;;85;0;0;0;0;10204;64;4;75;;5;0;0;0;0;0
2420;240;20181009;21;160;20;30;30;110;;80;0;0;0;0;10204;64;0;81;;5;0;0;0;0;0
2421;240;20181009;22;140;20;20;30;113;;74;0;0;0;0;10203;63;0;76;;5;0;0;0;0;0
2422;240;20181009;23;150;20;20;30;99;;70;0;0;0;0;10201;62;2;82;;5;0;0;0;0;0
2423;240;20181009;24;160;20;10;30;93;35.0;68;0;0;0;0;10202;62;5;84;;5;0;0;0;0;0
2424;240;20181010;1;90;10;10;20;94;;77;0;0;0;0;10200;59;2;89;10.0;7;0;0;0;0;0
2425;240;20181010;2;70;10;10;10;89;;82;0;0;0;0;10199;50;8;95;10.0;7;0;0;0;0;0
2426;240;20181010;3;80;20;20;30;77;;73;0;0;0;0;10197;30;1;97;10.0;7;0;0;0;0;0
2427;240;20181010;4;80;20;20;30;95;;93;0;0;0;0;10196;50;0;98;10.0;7;0;0;0;0;0
2428;240;20181010;5;90;20;20;30;96;;91;0;0;0;0;10195;36;0;96;10.0;7;0;0;0;0;0
2429;240;20181010;6;70;20;20;30;93;34.0;89;0;0;0;0;10193;44;0;97;10.0;7;0;0;0;0;0
2430;240;20181010;7;80;30;20;40;113;;108;5;16;0;0;10195;41;0;96;10.0;7;0;0;0;0;0
2431;240;20181010;8;100;20;20;30;143;;120;10;59;0;0;10195;56;0;86;10.0;7;0;0;0;0;0
2432;240;20181010;9;90;30;30;50;164;;133;10;106;0;0;10192;57;3;81;10.0;7;0;0;0;0;0
2433;240;20181010;10;90;40;40;60;184;;136;10;144;0;0;10186;62;8;73;;5;0;0;0;0;0
2434;240;20181010;11;90;50;50;80;201;;137;10;171;0;0;10179;62;3;66;;5;0;0;0;0;0
2435;240;20181010;12;90;40;40;70;212;47.0;140;10;176;0;0;10168;65;0;63;;5;0;0;0;0;0
2436;240;20181010;13;90;50;50;70;222;;123;10;169;0;0;10158;79;0;53;;5;0;0;0;0;0
2437;240;20181010;14;70;50;50;70;223;;125;10;144;0;0;10146;80;0;53;;5;0;0;0;0;0
2438;240;20181010;15;70;50;60;80;215;;126;10;105;0;0;10138;81;0;56;;5;0;0;0;0;0
2439;240;20181010;16;70;50;50;70;198;;128;10;57;0;0;10133;80;0;64;;5;0;0;0;0;0
2440;240;20181010;17;70;50;50;60;172;;122;3;14;0;0;10128;75;0;72;;5;0;0;0;0;0
2441;240;20181010;18;70;40;40;60;165;142.0;122;0;0;0;0;10126;75;0;75;;5;0;0;0;0;0
2442;240;20181010;19;80;50;50;70;178;;120;0;0;0;0;10123;80;0;68;;5;0;0;0;0;0
2443;240;20181010;20;90;50;50;70;173;;115;0;0;0;0;10118;80;0;68;;5;0;0;0;0;0
2444;240;20181010;21;100;50;50;80;159;;112;0;0;0;0;10116;75;0;74;;5;0;0;0;0;0
2445;240;20181010;22;110;40;40;60;150;;113;0;0;0;0;10111;75;0;78;;5;0;0;0;0;0
2446;240;20181010;23;120;40;50;70;153;;118;0;0;0;0;10108;74;0;79;;5;0;0;0;0;0
2447;240;20181010;24;130;50;50;70;154;132.0;119;0;0;0;0;10108;70;0;79;;5;0;0;0;0;0
2448;240;20181011;1;120;50;50;70;149;;120;0;0;0;0;10105;66;0;82;;5;0;0;0;0;0
2449;240;20181011;2;130;40;40;60;141;;116;0;0;0;0;10103;64;0;85;;5;0;0;0;0;0
2450;240;20181011;3;140;40;40;70;138;;115;0;0;0;0;10100;62;0;85;;5;0;0;0;0;0
2451;240;20181011;4;140;30;40;50;133;;114;0;0;0;0;10098;61;0;88;;5;0;0;0;0;0
2452;240;20181011;5;130;50;50;70;141;;118;0;0;0;0;10095;61;8;85;;5;0;0;0;0;0
2453;240;20181011;6;140;40;40;70;140;118.0;117;0;0;0;0;10101;60;8;85;;5;0;0;0;0;0
2454;240;20181011;7;160;40;50;90;153;;120;2;14;0;0;10107;64;8;80;;5;0;0;0;0;0
2455;240;20181011;8;140;50;40;80;175;;130;0;37;0;0;10108;74;8;75;;5;0;0;0;0;0
2456;240;20181011;9;160;50;60;80;179;;134;0;37;0;0;10110;72;8;74;;5;0;0;0;0;0
2457;240;20181011;10;150;60;50;90;185;;140;2;69;0;0;10107;75;8;74;;5;0;0;0;0;0
2458;240;20181011;11;140;50;50;80;193;;145;2;84;0;0;10103;74;8;74;;5;0;0;0;0;0
2459;240;20181011;12;140;60;50;100;206;126.0;148;7;146;0;0;10101;76;8;69;;5;0;0;0;0;0
2460;240;20181011;13;140;60;50;90;215;;147;10;163;0;0;10099;80;0;65;;5;0;0;0;0;0
2461;240;20181011;14;140;60;60;90;220;;144;10;139;0;0;10097;80;0;61;;5;0;0;0;0;0
2462;240;20181011;15;130;60;60;100;218;;139;10;98;0;0;10097;81;0;60;;5;0;0;0;0;0
2463;240;20181011;16;130;60;50;90;211;;140;10;53;0;0;10098;82;0;63;;5;0;0;0;0;0
2464;240;20181011;17;130;50;50;70;193;;132;3;9;0;0;10100;80;0;67;;5;0;0;0;0;0
2465;240;20181011;18;130;40;30;60;177;152.0;131;0;0;0;0;10107;75;0;74;;5;0;0;0;0;0
2466;240;20181011;19;130;40;40;50;171;;132;0;0;0;0;10107;75;3;77;;5;0;0;0;0;0
2467;240;20181011;20;130;40;40;60;174;;132;0;0;0;0;10106;75;0;76;;5;0;0;0;0;0
2468;240;20181011;21;130;50;50;70;174;;131;0;0;0;0;10106;75;2;76;;5;0;0;0;0;0
2469;240;20181011;22;130;50;50;70;176;;130;0;0;0;0;10106;75;8;74;;5;0;0;0;0;0
2470;240;20181011;23;160;60;60;80;181;;129;0;0;0;0;10112;75;8;71;;5;0;0;0;0;0
2471;240;20181011;24;170;70;50;100;168;147.0;140;0;0;6;2;10112;70;8;83;81.0;7;0;1;0;0;0
2472;240;20181012;1;180;60;60;90;167;;147;0;0;0;-1;10120;70;8;88;23.0;7;0;1;0;0;0
2473;240;20181012;2;180;60;60;90;168;;148;0;0;0;0;10123;70;8;88;;5;0;0;0;0;0
2474;240;20181012;3;210;60;50;80;158;;140;0;0;0;0;10130;70;1;89;1.0;7;0;0;0;0;0
2475;240;20181012;4;190;50;40;80;140;;129;0;0;0;0;10135;65;1;92;;5;0;0;0;0;0
2476;240;20181012;5;180;40;40;60;141;;130;0;0;0;0;10144;65;7;92;;5;0;0;0;0;0
2477;240;20181012;6;180;50;50;70;138;121.0;126;0;1;0;0;10153;65;8;92;3.0;7;0;0;0;0;0
2478;240;20181012;7;170;50;50;80;141;;131;7;16;0;0;10158;65;8;93;;5;0;0;0;0;0
2479;240;20181012;8;170;60;60;80;154;;138;3;51;0;0;10164;70;8;89;;5;0;0;0;0;0
2480;240;20181012;9;180;70;70;100;170;;140;10;106;0;0;10168;70;6;82;;5;0;0;0;0;0
2481;240;20181012;10;180;70;70;120;180;;143;10;117;0;0;10169;75;8;79;;5;0;0;0;0;0
2482;240;20181012;11;180;80;70;120;195;;146;9;148;0;0;10170;75;8;73;;5;0;0;0;0;0
2483;240;20181012;12;180;80;70;120;207;125.0;142;9;154;0;0;10170;80;8;66;;5;0;0;0;0;0
2484;240;20181012;13;170;80;80;110;215;;141;10;158;0;0;10171;82;8;62;;5;0;0;0;0;0
2485;240;20181012;14;170;80;70;110;216;;130;10;130;0;0;10172;82;8;58;;5;0;0;0;0;0
2486;240;20181012;15;170;70;60;100;212;;135;6;70;0;0;10171;82;8;61;;5;0;0;0;0;0
2487;240;20181012;16;160;50;50;80;209;;145;7;41;0;0;10167;80;8;66;;5;0;0;0;0;0
2488;240;20181012;17;160;50;60;80;198;;151;0;5;0;0;10168;75;8;74;;5;0;0;0;0;0
2489;240;20181012;18;160;60;60;80;198;178.0;156;0;0;0;0;10171;75;8;76;;5;0;0;0;0;0
2490;240;20181012;19;160;70;70;100;201;;158;0;0;0;0;10172;75;8;76;;5;0;0;0;0;0
2491;240;20181012;20;160;60;60;90;194;;157;0;0;0;0;10173;75;8;78;;5;0;0;0;0;0
2492;240;20181012;21;170;60;60;90;189;;155;0;0;0;0;10177;70;8;81;;5;0;0;0;0;0
2493;240;20181012;22;170;50;50;70;185;;154;0;0;0;0;10176;70;8;82;;5;0;0;0;0;0
2494;240;20181012;23;170;50;50;70;176;;150;0;0;0;0;10172;70;1;84;;5;0;0;0;0;0
2495;240;20181012;24;160;50;50;70;174;155.0;149;0;0;0;0;10176;70;0;84;;5;0;0;0;0;0
2496;240;20181013;1;160;60;60;90;173;;146;0;0;0;0;10175;70;8;84;;5;0;0;0;0;0
2497;240;20181013;2;150;60;60;80;172;;143;0;0;0;0;10176;70;8;82;;5;0;0;0;0;0
2498;240;20181013;3;170;60;60;100;172;;142;0;0;0;0;10176;70;8;82;;5;0;0;0;0;0
2499;240;20181013;4;160;60;60;90;167;;140;0;0;0;0;10172;70;8;84;;5;0;0;0;0;0
2500;240;20181013;5;160;60;50;80;166;;140;0;0;0;0;10172;70;4;84;;5;0;0;0;0;0
2501;240;20181013;6;170;60;60;80;166;150.0;141;0;0;0;0;10172;70;5;84;;5;0;0;0;0;0
2502;240;20181013;7;150;40;50;70;169;;143;5;13;0;0;10173;70;7;84;;5;0;0;0;0;0
2503;240;20181013;8;160;50;60;70;185;;150;10;52;0;0;10175;75;8;79;;5;0;0;0;0;0
2504;240;20181013;9;150;60;60;90;200;;156;10;97;0;0;10173;73;8;75;;5;0;0;0;0;0
2505;240;20181013;10;150;60;60;80;218;;160;10;128;0;0;10170;78;8;69;;5;0;0;0;0;0
2506;240;20181013;11;150;60;60;90;237;;166;10;155;0;0;10165;80;8;64;;5;0;0;0;0;0
2507;240;20181013;12;160;70;70;100;247;148.0;162;10;163;0;0;10157;79;8;59;;5;0;0;0;0;0
2508;240;20181013;13;160;70;60;100;251;;171;8;139;0;0;10149;75;8;61;;5;0;0;0;0;0
2509;240;20181013;14;170;60;70;90;253;;161;10;135;0;0;10142;80;8;56;;5;0;0;0;0;0
2510;240;20181013;15;160;60;50;90;251;;160;10;88;0;0;10136;83;8;57;;5;0;0;0;0;0
2511;240;20181013;16;140;40;40;80;226;;164;7;44;0;0;10130;80;8;67;;5;0;0;0;0;0
2512;240;20181013;17;130;40;40;50;206;;157;0;3;0;0;10129;75;8;73;;5;0;0;0;0;0
2513;240;20181013;18;140;40;40;60;204;182.0;152;0;0;0;0;10127;75;8;71;;5;0;0;0;0;0
2514;240;20181013;19;150;40;40;60;195;;146;0;0;0;0;10126;75;8;73;;5;0;0;0;0;0
2515;240;20181013;20;140;40;50;60;189;;145;0;0;0;0;10124;75;8;75;;5;0;0;0;0;0
2516;240;20181013;21;140;40;40;60;185;;141;0;0;0;0;10123;75;8;75;;5;0;0;0;0;0
2517;240;20181013;22;130;50;40;70;181;;135;0;0;0;0;10119;75;8;74;;5;0;0;0;0;0
2518;240;20181013;23;140;50;50;80;171;;128;0;0;0;0;10117;75;8;75;;5;0;0;0;0;0
2519;240;20181013;24;150;50;50;60;176;153.0;126;0;0;0;0;10111;75;0;72;;5;0;0;0;0;0
2520;240;20181014;1;140;50;50;70;165;;122;0;0;0;0;10106;75;8;75;;5;0;0;0;0;0
2521;240;20181014;2;140;50;50;70;165;;120;0;0;0;0;10097;75;8;74;;5;0;0;0;0;0
2522;240;20181014;3;140;40;30;60;159;;120;0;0;0;0;10094;75;8;77;;5;0;0;0;0;0
2523;240;20181014;4;150;30;30;50;153;;118;0;0;0;0;10092;75;8;80;;5;0;0;0;0;0
2524;240;20181014;5;130;30;30;40;152;;117;0;0;0;0;10086;75;8;80;;5;0;0;0;0;0
2525;240;20181014;6;140;40;40;60;150;127.0;118;0;0;0;0;10082;70;3;81;;5;0;0;0;0;0
2526;240;20181014;7;140;50;50;70;156;;121;5;13;0;0;10082;75;0;80;;5;0;0;0;0;0
2527;240;20181014;8;140;50;50;70;169;;127;7;49;0;0;10078;75;0;76;;5;0;0;0;0;0
2528;240;20181014;9;160;50;50;80;184;;129;10;91;0;0;10075;79;6;69;;5;0;0;0;0;0
2529;240;20181014;10;160;60;70;100;198;;134;10;132;0;0;10072;80;0;66;;5;0;0;0;0;0
2530;240;20181014;11;170;80;80;110;210;;140;10;160;0;0;10068;76;1;63;;5;0;0;0;0;0
2531;240;20181014;12;170;80;70;120;220;135.0;133;10;161;0;0;10063;80;8;57;;5;0;0;0;0;0
2532;240;20181014;13;180;70;80;120;234;;132;10;158;0;0;10061;80;8;52;;5;0;0;0;0;0
2533;240;20181014;14;180;80;80;130;227;;122;7;103;0;0;10061;81;8;51;;5;0;0;0;0;0
2534;240;20181014;15;180;60;60;100;225;;126;0;49;0;0;10062;82;8;53;;5;0;0;0;0;0
2535;240;20181014;16;170;50;50;80;211;;130;7;38;0;0;10064;83;8;60;;5;0;0;0;0;0
2536;240;20181014;17;160;40;30;60;191;;124;2;8;0;0;10068;80;8;65;;5;0;0;0;0;0
2537;240;20181014;18;150;40;40;50;179;153.0;118;0;0;0;0;10071;80;8;67;;5;0;0;0;0;0
2538;240;20181014;19;160;30;20;40;160;;113;0;0;0;0;10075;75;8;73;;5;0;0;0;0;0
2539;240;20181014;20;140;20;20;30;175;;117;0;0;0;0;10077;80;8;68;;5;0;0;0;0;0
2540;240;20181014;21;150;30;20;40;178;;119;0;0;0;0;10080;80;8;68;;5;0;0;0;0;0
2541;240;20181014;22;150;10;20;30;161;;113;0;0;0;0;10082;75;8;73;;5;0;0;0;0;0
2542;240;20181014;23;100;20;20;30;159;;113;0;0;0;0;10083;75;8;74;;5;0;0;0;0;0
2543;240;20181014;24;110;20;20;30;153;103.0;109;0;0;0;0;10085;75;8;75;;5;0;0;0;0;0
2544;240;20181015;1;110;10;10;30;155;;103;0;0;0;0;10086;75;8;71;;5;0;0;0;0;0
2545;240;20181015;2;150;20;20;30;146;;101;0;0;0;0;10085;75;1;74;;5;0;0;0;0;0
2546;240;20181015;3;150;40;40;70;145;;99;0;0;0;0;10087;75;8;74;;5;0;0;0;0;0
2547;240;20181015;4;140;40;40;50;143;;98;0;0;0;0;10088;75;7;74;;5;0;0;0;0;0
2548;240;20181015;5;130;30;30;50;138;;96;0;0;0;0;10089;75;0;76;;5;0;0;0;0;0
2549;240;20181015;6;130;30;30;40;139;91.0;96;0;0;0;0;10093;75;0;75;;5;0;0;0;0;0
2550;240;20181015;7;140;40;40;60;144;;100;0;8;0;0;10097;75;0;74;;5;0;0;0;0;0
2551;240;20181015;8;160;40;40;60;164;;107;10;52;0;0;10103;75;3;68;;5;0;0;0;0;0
2552;240;20181015;9;170;50;50;80;178;;108;10;96;0;0;10107;81;8;63;;5;0;0;0;0;0
2553;240;20181015;10;190;50;60;80;201;;126;9;145;0;0;10109;80;8;61;;5;0;0;0;0;0
2554;240;20181015;11;210;50;60;80;216;;137;10;167;0;0;10111;79;8;60;;5;0;0;0;0;0
2555;240;20181015;12;200;60;60;80;223;114.0;142;10;162;0;0;10111;80;1;60;;5;0;0;0;0;0
2556;240;20181015;13;200;60;50;80;220;;138;10;150;0;0;10115;80;1;60;;5;0;0;0;0;0
2557;240;20181015;14;210;50;60;80;213;;141;1;59;0;0;10118;81;8;63;;5;0;0;0;0;0
2558;240;20181015;15;280;40;30;70;206;;151;0;40;0;0;10122;75;8;70;;5;0;0;0;0;0
2559;240;20181015;16;280;30;50;60;191;;143;0;17;0;0;10126;75;8;73;;5;0;0;0;0;0
2560;240;20181015;17;270;40;40;60;178;;149;0;3;0;-1;10134;70;8;83;23.0;7;0;1;0;0;0
2561;240;20181015;18;290;30;20;50;174;160.0;150;0;0;0;0;10138;70;8;85;2.0;7;0;0;0;0;0
2562;240;20181015;19;0;10;0;30;170;;147;0;0;0;0;10142;70;8;86;;5;0;0;0;0;0
2563;240;20181015;20;160;10;10;20;170;;149;0;0;0;0;10144;68;8;87;;5;0;0;0;0;0
2564;240;20181015;21;180;10;10;20;149;;138;0;0;0;0;10150;64;6;93;;5;0;0;0;0;0
2565;240;20181015;22;210;10;20;30;148;;143;0;0;0;0;10153;61;8;96;;5;0;0;0;0;0
2566;240;20181015;23;160;10;10;20;145;;143;0;0;0;0;10154;58;4;98;10.0;7;0;0;0;0;0
2567;240;20181015;24;240;10;10;10;135;83.0;133;0;0;0;0;10158;15;8;98;10.0;7;0;0;0;0;0
2568;240;20181016;1;200;20;20;20;136;;134;0;0;0;0;10161;50;8;98;10.0;7;0;0;0;0;0
2569;240;20181016;2;60;10;10;20;124;;121;0;0;0;0;10161;20;8;98;10.0;7;0;0;0;0;0
2570;240;20181016;3;130;10;20;20;128;;125;0;0;0;0;10162;29;8;98;10.0;7;0;0;0;0;0
2571;240;20181016;4;140;10;20;20;118;;116;0;0;0;0;10164;32;8;98;10.0;7;0;0;0;0;0
2572;240;20181016;5;130;20;20;30;114;;111;0;0;0;0;10167;1;8;98;34.0;7;1;0;0;0;0
2573;240;20181016;6;100;10;20;30;130;79.0;128;0;0;0;0;10169;26;8;98;20.0;7;1;0;0;0;0
2574;240;20181016;7;120;20;10;20;123;;121;0;5;0;0;10174;20;8;98;10.0;7;0;0;0;0;0
2575;240;20181016;8;140;20;20;30;138;;129;0;18;0;0;10175;57;6;94;10.0;7;0;0;0;0;0
2576;240;20181016;9;150;30;30;40;157;;130;4;78;0;0;10177;60;8;84;;5;0;0;0;0;0
2577;240;20181016;10;170;30;30;40;176;;128;4;89;0;0;10179;64;7;73;;5;0;0;0;0;0
2578;240;20181016;11;190;30;30;40;211;;137;10;156;0;0;10179;66;8;62;;5;0;0;0;0;0
2579;240;20181016;12;180;30;30;40;222;78.0;133;8;136;0;0;10178;68;8;57;;5;0;0;0;0;0
2580;240;20181016;13;200;30;30;50;231;;121;10;146;0;0;10177;72;0;50;;5;0;0;0;0;0
2581;240;20181016;14;200;30;30;50;230;;121;10;124;0;0;10176;80;7;50;;5;0;0;0;0;0
2582;240;20181016;15;170;30;30;40;222;;127;10;84;0;0;10175;80;5;54;;5;0;0;0;0;0
2583;240;20181016;16;160;30;20;40;207;;128;10;41;0;0;10176;80;0;60;;5;0;0;0;0;0
2584;240;20181016;17;110;10;10;20;173;;131;2;6;0;0;10177;75;0;76;;5;0;0;0;0;0
2585;240;20181016;18;90;10;10;20;147;100.0;125;0;0;0;0;10178;70;1;86;;5;0;0;0;0;0
2586;240;20181016;19;70;10;10;20;145;;128;0;0;0;0;10179;68;8;89;;5;0;0;0;0;0
2587;240;20181016;20;130;20;40;50;155;;119;0;0;0;0;10176;69;1;79;;5;0;0;0;0;0
2588;240;20181016;21;150;40;30;50;151;;122;0;0;0;0;10175;66;8;82;;5;0;0;0;0;0
2589;240;20181016;22;160;30;20;40;146;;117;0;0;0;0;10174;64;8;82;;5;0;0;0;0;0
2590;240;20181016;23;160;30;20;40;142;;113;0;0;0;0;10172;63;8;82;;5;0;0;0;0;0
2591;240;20181016;24;190;20;20;30;132;87.0;106;0;0;0;0;10174;59;8;84;10.0;7;0;0;0;0;0
2592;240;20181017;1;220;20;20;30;128;;104;0;0;0;0;10174;63;8;85;;5;0;0;0;0;0
2593;240;20181017;2;160;10;10;20;131;;114;0;0;0;0;10173;60;8;89;;5;0;0;0;0;0
2594;240;20181017;3;150;20;20;20;123;;116;0;0;0;0;10171;56;8;95;10.0;7;0;0;0;0;0
2595;240;20181017;4;210;20;20;30;121;;118;0;0;0;0;10177;29;8;97;10.0;7;0;0;0;0;0
2596;240;20181017;5;200;20;20;30;126;;124;0;0;0;0;10180;28;6;98;10.0;7;0;0;0;0;0
2597;240;20181017;6;260;20;20;30;129;75.0;127;0;0;0;0;10182;9;8;98;34.0;7;1;0;0;0;0
2598;240;20181017;7;240;10;20;30;144;;130;3;13;0;0;10185;25;8;91;20.0;7;1;0;0;0;0
2599;240;20181017;8;270;30;20;50;164;;130;10;60;0;0;10188;71;8;80;;5;0;0;0;0;0
2600;240;20181017;9;260;20;20;40;183;;131;10;99;0;0;10190;75;8;71;2.0;7;0;0;0;0;0
2601;240;20181017;10;260;40;40;70;182;;127;10;127;0;0;10192;75;8;70;;5;0;0;0;0;0
2602;240;20181017;11;270;40;40;60;185;;131;10;150;0;0;10192;75;8;70;;5;0;0;0;0;0
2603;240;20181017;12;270;50;40;70;178;89.0;128;5;123;0;0;10192;73;7;72;1.0;7;0;0;0;0;0
2604;240;20181017;13;280;40;40;70;173;;121;0;66;0;0;10194;75;8;71;;5;0;0;0;0;0
2605;240;20181017;14;280;40;40;60;177;;125;7;93;0;0;10195;75;7;71;;5;0;0;0;0;0
2606;240;20181017;15;290;40;40;60;167;;124;10;74;0;0;10198;75;8;75;;5;0;0;0;0;0
2607;240;20181017;16;270;40;40;60;157;;115;10;45;0;0;10200;75;8;76;;5;0;0;0;0;0
2608;240;20181017;17;290;30;30;50;128;;105;2;7;0;0;10203;70;8;85;;5;0;0;0;0;0
2609;240;20181017;18;310;20;20;40;121;69.0;104;0;0;0;0;10208;70;8;89;;5;0;0;0;0;0
2610;240;20181017;19;320;20;20;20;127;;110;0;0;0;0;10211;70;8;89;;5;0;0;0;0;0
2611;240;20181017;20;330;20;20;30;113;;104;0;0;0;0;10217;65;8;94;;5;0;0;0;0;0
2612;240;20181017;21;320;20;20;30;114;;106;0;0;0;0;10220;60;8;94;;5;0;0;0;0;0
2613;240;20181017;22;0;10;0;20;108;;104;0;0;0;0;10222;50;8;97;10.0;7;0;0;0;0;0
2614;240;20181017;23;0;10;0;10;101;;98;0;0;0;0;10226;56;8;98;10.0;7;0;0;0;0;0
2615;240;20181017;24;350;10;10;10;117;49.0;112;0;0;0;0;10228;62;8;97;;5;0;0;0;0;0
2616;240;20181018;1;310;10;10;30;119;;114;0;0;0;-1;10229;60;8;96;23.0;7;0;1;0;0;0
2617;240;20181018;2;360;20;30;40;136;;128;0;0;0;-1;10231;63;8;94;23.0;7;0;1;0;0;0
2618;240;20181018;3;360;30;40;50;139;;119;0;0;0;0;10233;69;8;87;2.0;7;0;0;0;0;0
2619;240;20181018;4;20;40;40;60;137;;111;0;0;0;0;10235;70;8;84;;5;0;0;0;0;0
2620;240;20181018;5;360;30;30;60;126;;108;0;0;0;0;10237;67;0;88;;5;0;0;0;0;0
2621;240;20181018;6;330;20;20;40;109;90.0;100;0;0;0;0;10241;65;0;94;2.0;7;0;0;0;0;0
2622;240;20181018;7;360;30;30;40;121;;107;2;6;0;0;10247;65;1;91;;5;0;0;0;0;0
2623;240;20181018;8;10;30;40;60;137;;107;8;46;0;0;10252;70;6;81;;5;0;0;0;0;0
2624;240;20181018;9;360;40;40;70;146;;106;5;72;0;0;10255;75;8;76;;5;0;0;0;0;0
2625;240;20181018;10;20;50;50;80;144;;91;5;93;0;0;10258;75;8;70;;5;0;0;0;0;0
2626;240;20181018;11;20;50;50;90;152;;88;4;96;0;0;10259;80;8;65;;5;0;0;0;0;0
2627;240;20181018;12;40;50;50;80;149;88.0;83;1;77;0;0;10256;81;8;64;;5;0;0;0;0;0
2628;240;20181018;13;30;50;60;90;150;;85;1;62;0;0;10257;80;8;65;;5;0;0;0;0;0
2629;240;20181018;14;40;50;40;90;153;;88;10;131;0;0;10255;81;5;64;;5;0;0;0;0;0
2630;240;20181018;15;20;40;40;70;138;;84;3;57;0;0;10254;80;8;69;;5;0;0;0;0;0
2631;240;20181018;16;40;40;30;70;140;;79;10;41;0;0;10253;80;8;66;;5;0;0;0;0;0
2632;240;20181018;17;20;30;30;60;128;;84;2;6;0;0;10256;75;8;74;;5;0;0;0;0;0
2633;240;20181018;18;10;30;30;40;120;91.0;87;0;0;0;0;10258;75;8;80;;5;0;0;0;0;0
2634;240;20181018;19;50;30;20;50;112;;82;0;0;0;0;10262;70;8;81;;5;0;0;0;0;0
2635;240;20181018;20;50;20;10;50;105;;86;0;0;0;0;10264;57;8;87;10.0;7;0;0;0;0;0
2636;240;20181018;21;70;10;20;30;102;;79;0;0;0;0;10265;69;8;85;;5;0;0;0;0;0
2637;240;20181018;22;80;30;40;50;97;;75;0;0;0;0;10265;70;8;86;;5;0;0;0;0;0
2638;240;20181018;23;80;30;40;50;96;;74;0;0;0;0;10264;70;8;86;;5;0;0;0;0;0
2639;240;20181018;24;70;30;30;50;82;33.0;62;0;0;0;0;10262;70;8;87;;5;0;0;0;0;0
2640;240;20181019;1;70;30;30;50;84;;62;0;0;0;0;10262;70;8;86;;5;0;0;0;0;0
2641;240;20181019;2;70;30;30;50;79;;58;0;0;0;0;10261;70;8;86;;5;0;0;0;0;0
2642;240;20181019;3;70;30;30;40;73;;50;0;0;0;0;10261;70;8;85;;5;0;0;0;0;0
2643;240;20181019;4;60;30;20;40;69;;48;0;0;0;0;10259;70;7;86;;5;0;0;0;0;0
2644;240;20181019;5;40;20;20;30;67;;49;0;0;0;0;10260;70;8;88;;5;0;0;0;0;0
2645;240;20181019;6;50;30;30;40;77;18.0;62;0;0;0;0;10260;70;2;89;;5;0;0;0;0;0
2646;240;20181019;7;60;40;40;70;95;;74;0;6;0;0;10261;70;8;86;;5;0;0;0;0;0
2647;240;20181019;8;50;40;40;60;111;;83;7;47;0;0;10262;70;8;82;;5;0;0;0;0;0
2648;240;20181019;9;70;40;50;60;113;;83;8;66;0;0;10260;70;8;81;;5;0;0;0;0;0
2649;240;20181019;10;70;30;30;50;122;;84;7;98;0;0;10261;75;8;77;;5;0;0;0;0;0
2650;240;20181019;11;100;20;20;50;138;;88;10;138;0;0;10262;73;8;71;;5;0;0;0;0;0
2651;240;20181019;12;60;20;20;50;140;41.0;75;10;157;0;0;10256;80;8;64;;5;0;0;0;0;0
2652;240;20181019;13;80;20;20;40;146;;68;10;144;0;0;10257;81;2;59;;5;0;0;0;0;0
2653;240;20181019;14;30;20;30;40;142;;75;10;138;0;0;10252;78;4;63;;5;0;0;0;0;0
2654;240;20181019;15;40;20;20;40;137;;76;5;56;0;0;10252;80;7;66;;5;0;0;0;0;0
2655;240;20181019;16;360;20;30;50;119;;68;8;33;0;0;10258;75;6;70;;5;0;0;0;0;0
2656;240;20181019;17;40;30;20;40;100;;65;0;3;0;0;10259;75;6;79;;5;0;0;0;0;0
2657;240;20181019;18;10;20;10;30;103;49.0;66;0;0;0;0;10265;75;1;77;;5;0;0;0;0;0
2658;240;20181019;19;330;10;20;20;86;;57;0;0;0;0;10271;70;0;82;;5;0;0;0;0;0
2659;240;20181019;20;990;10;10;30;79;;64;0;0;0;0;10276;68;0;90;;5;0;0;0;0;0
2660;240;20181019;21;320;10;10;20;69;;62;0;0;0;0;10278;65;0;94;;5;0;0;0;0;0
2661;240;20181019;22;310;10;10;20;65;;59;0;0;0;0;10279;59;0;95;10.0;7;0;0;0;0;0
2662;240;20181019;23;310;10;10;10;50;;47;0;0;0;0;10278;56;0;97;10.0;7;0;0;0;0;0
2663;240;20181019;24;330;10;10;20;48;2.0;44;0;0;0;0;10286;58;5;97;10.0;7;0;0;0;0;0
2664;240;20181020;1;140;10;10;10;48;;44;0;0;0;0;10284;63;8;97;;5;0;0;0;0;0
2665;240;20181020;2;240;0;10;10;50;;46;0;0;0;0;10285;58;8;97;10.0;7;0;0;0;0;0
2666;240;20181020;3;0;0;0;10;48;;44;0;0;0;0;10288;61;8;97;;5;0;0;0;0;0
2667;240;20181020;4;0;0;0;10;55;;52;0;0;0;0;10296;61;8;97;;5;0;0;0;0;0
2668;240;20181020;5;180;10;10;20;68;;64;0;0;0;0;10298;64;8;97;;5;0;0;0;0;0
2669;240;20181020;6;160;10;10;20;67;2.0;60;0;0;0;0;10297;64;8;95;;5;0;0;0;0;0
2670;240;20181020;7;160;10;10;20;86;;78;0;4;0;0;10306;63;8;94;;5;0;0;0;0;0
2671;240;20181020;8;160;20;20;30;100;;87;2;31;0;0;10307;63;8;91;;5;0;0;0;0;0
2672;240;20181020;9;200;30;30;40;116;;85;2;55;0;0;10312;64;8;81;;5;0;0;0;0;0
2673;240;20181020;10;220;30;40;50;132;;82;4;79;0;0;10318;75;8;71;;5;0;0;0;0;0
2674;240;20181020;11;230;40;40;60;144;;88;8;121;0;0;10318;80;8;69;;5;0;0;0;0;0
2675;240;20181020;12;250;40;40;60;150;47.0;92;7;129;0;0;10313;75;8;68;;5;0;0;0;0;0
2676;240;20181020;13;260;40;30;70;148;;92;4;76;0;0;10308;80;8;69;;5;0;0;0;0;0
2677;240;20181020;14;270;40;40;60;146;;93;2;49;0;0;10311;75;1;70;;5;0;0;0;0;0
2678;240;20181020;15;270;40;30;60;138;;98;5;51;0;0;10307;75;1;76;;5;0;0;0;0;0
2679;240;20181020;16;270;30;20;50;137;;106;3;17;0;0;10307;70;7;81;;5;0;0;0;0;0
2680;240;20181020;17;250;30;30;50;127;;100;0;2;0;0;10306;70;5;83;;5;0;0;0;0;0
2681;240;20181020;18;250;30;30;40;135;110.0;103;0;0;0;0;10306;74;8;80;;5;0;0;0;0;0
2682;240;20181020;19;250;30;30;50;134;;103;0;0;0;0;10309;70;8;81;;5;0;0;0;0;0
2683;240;20181020;20;220;40;30;50;105;;86;0;0;0;0;10308;63;2;88;;5;0;0;0;0;0
2684;240;20181020;21;210;30;20;40;99;;86;0;0;0;0;10309;59;0;91;10.0;7;0;0;0;0;0
2685;240;20181020;22;210;20;20;30;95;;88;0;0;0;0;10306;58;8;95;10.0;7;0;0;0;0;0
2686;240;20181020;23;200;30;20;40;113;;104;0;0;0;0;10303;59;8;94;10.0;7;0;0;0;0;0
2687;240;20181020;24;180;20;30;40;117;55.0;102;0;0;0;0;10298;60;8;90;;5;0;0;0;0;0
2688;240;20181021;1;170;30;30;40;112;;97;0;0;0;0;10298;61;8;90;;5;0;0;0;0;0
2689;240;20181021;2;190;30;30;40;114;;97;0;0;0;0;10293;60;8;89;;5;0;0;0;0;0
2690;240;20181021;3;190;30;30;50;115;;98;0;0;0;0;10290;61;8;88;;5;0;0;0;0;0
2691;240;20181021;4;190;30;30;50;117;;91;0;0;0;0;10289;65;8;84;;5;0;0;0;0;0
2692;240;20181021;5;170;30;30;40;112;;88;0;0;0;0;10289;62;8;85;;5;0;0;0;0;0
2693;240;20181021;6;170;30;30;40;107;93.0;87;0;0;0;0;10285;60;8;87;;5;0;0;0;0;0
2694;240;20181021;7;190;30;40;50;114;;87;0;5;0;0;10285;60;8;83;;5;0;0;0;0;0
2695;240;20181021;8;190;40;40;50;124;;90;0;25;0;0;10287;62;8;79;;5;0;0;0;0;0
2696;240;20181021;9;190;40;40;50;132;;91;0;50;0;0;10289;63;8;75;;5;0;0;0;0;0
2697;240;20181021;10;190;50;50;60;138;;88;0;64;0;0;10288;64;8;71;;5;0;0;0;0;0
2698;240;20181021;11;190;50;50;70;158;;89;6;119;0;0;10282;62;8;63;;5;0;0;0;0;0
2699;240;20181021;12;210;50;50;70;158;94.0;92;8;112;0;0;10277;62;8;64;;5;0;0;0;0;0
2700;240;20181021;13;190;50;50;70;158;;94;0;76;0;0;10272;61;8;65;;5;0;0;0;0;0
2701;240;20181021;14;190;40;50;60;156;;93;0;61;0;0;10267;61;8;65;;5;0;0;0;0;0
2702;240;20181021;15;190;50;40;80;154;;91;0;36;0;0;10264;62;8;65;;5;0;0;0;0;0
2703;240;20181021;16;190;40;40;60;150;;91;3;16;0;0;10260;64;8;67;;5;0;0;0;0;0
2704;240;20181021;17;200;40;30;60;138;;92;0;5;0;0;10260;67;8;73;;5;0;0;0;0;0
2705;240;20181021;18;190;30;30;50;114;91.0;80;0;0;0;0;10262;65;7;79;;5;0;0;0;0;0
2706;240;20181021;19;230;30;30;40;137;;96;0;0;0;0;10264;62;8;76;;5;0;0;0;0;0
2707;240;20181021;20;220;40;40;50;132;;90;0;0;0;0;10261;61;8;75;;5;0;0;0;0;0
2708;240;20181021;21;210;30;30;50;107;;81;0;0;0;0;10260;59;2;83;10.0;7;0;0;0;0;0
2709;240;20181021;22;200;30;20;40;117;;101;0;0;0;0;10264;58;8;89;10.0;7;0;0;0;0;0
2710;240;20181021;23;0;10;0;30;108;;98;0;0;0;0;10266;56;8;93;10.0;7;0;0;0;0;0
2711;240;20181021;24;310;10;20;20;128;77.0;118;0;0;0;0;10270;50;8;94;10.0;7;0;0;0;0;0
2712;240;20181022;1;350;30;40;80;138;;130;0;0;0;-1;10273;63;8;94;23.0;7;0;1;0;0;0
2713;240;20181022;2;350;50;50;100;133;;121;0;0;0;0;10277;65;8;92;;5;0;0;0;0;0
2714;240;20181022;3;350;50;40;90;132;;117;0;0;0;-1;10283;70;8;90;23.0;7;0;1;0;0;0
2715;240;20181022;4;350;40;40;70;131;;112;0;0;0;0;10289;70;8;88;;5;0;0;0;0;0
2716;240;20181022;5;340;40;40;70;125;;111;0;0;0;0;10295;70;8;90;;5;0;0;0;0;0
2717;240;20181022;6;350;40;40;70;115;105.0;97;0;0;0;-1;10303;70;1;88;23.0;7;0;1;0;0;0
2718;240;20181022;7;350;40;40;70;117;;77;2;7;0;0;10313;75;7;76;;5;0;0;0;0;0
2719;240;20181022;8;360;40;40;70;127;;79;8;49;0;0;10323;75;8;72;;5;0;0;0;0;0
2720;240;20181022;9;340;40;40;70;140;;82;10;90;0;0;10329;72;1;68;;5;0;0;0;0;0
2721;240;20181022;10;350;50;50;80;146;;82;7;90;0;0;10334;74;5;65;;5;0;0;0;0;0
2722;240;20181022;11;350;60;60;100;135;;76;5;86;0;0;10335;69;8;67;;5;0;0;0;0;0
2723;240;20181022;12;350;60;60;100;135;96.0;70;6;94;0;0;10338;70;6;64;;5;0;0;0;0;0
2724;240;20181022;13;350;50;50;90;147;;58;9;126;0;0;10335;73;2;55;;5;0;0;0;0;0
2725;240;20181022;14;360;50;60;80;140;;45;10;139;0;0;10339;81;6;52;;5;0;0;0;0;0
2726;240;20181022;15;350;50;50;80;127;;36;5;56;0;0;10342;81;2;54;;5;0;0;0;0;0
2727;240;20181022;16;360;40;30;70;119;;36;8;23;0;0;10341;81;7;56;;5;0;0;0;0;0
2728;240;20181022;17;340;30;30;50;99;;45;0;3;0;0;10343;80;3;68;;5;0;0;0;0;0
2729;240;20181022;18;270;20;10;40;101;44.0;43;0;0;0;0;10343;80;8;67;;5;0;0;0;0;0
2730;240;20181022;19;260;20;30;30;83;;35;0;0;0;0;10340;75;1;71;;5;0;0;0;0;0
2731;240;20181022;20;260;30;30;40;76;;34;0;0;0;0;10336;75;0;74;;5;0;0;0;0;0
2732;240;20181022;21;260;30;30;40;78;;41;0;0;0;0;10337;75;0;77;;5;0;0;0;0;0
2733;240;20181022;22;250;40;40;50;84;;45;0;0;0;0;10328;75;0;76;;5;0;0;0;0;0
2734;240;20181022;23;250;40;40;60;90;;49;0;0;0;0;10322;75;8;75;;5;0;0;0;0;0
2735;240;20181022;24;240;50;60;80;105;25.0;39;0;0;0;0;10304;82;8;63;;5;0;0;0;0;0
2736;240;20181023;1;260;60;60;90;116;;63;0;0;0;0;10294;75;8;70;;5;0;0;0;0;0
2737;240;20181023;2;270;80;90;120;116;;72;0;0;0;0;10287;70;8;74;;5;0;0;0;0;0
2738;240;20181023;3;270;90;90;130;117;;78;0;0;0;0;10277;70;8;76;;5;0;0;0;0;0
2739;240;20181023;4;270;90;90;120;115;;81;0;0;0;0;10265;67;8;79;;5;0;0;0;0;0
2740;240;20181023;5;280;80;80;120;117;;80;0;0;0;0;10258;66;8;77;;5;0;0;0;0;0
2741;240;20181023;6;270;80;80;120;121;83.0;85;0;0;0;0;10251;65;8;78;;5;0;0;0;0;0
2742;240;20181023;7;270;90;90;120;122;;86;0;2;0;0;10250;64;8;78;;5;0;0;0;0;0
2743;240;20181023;8;270;90;90;130;126;;91;0;12;0;0;10249;63;8;79;;5;0;0;0;0;0
2744;240;20181023;9;270;90;100;140;129;;94;0;30;0;-1;10242;63;8;79;23.0;7;0;1;0;0;0
2745;240;20181023;10;280;100;110;140;134;;98;1;39;0;0;10238;62;8;79;;5;0;0;0;0;0
2746;240;20181023;11;270;100;100;150;134;;97;0;48;0;-1;10232;63;8;78;23.0;7;0;1;0;0;0
2747;240;20181023;12;280;100;100;150;135;116.0;99;5;92;0;0;10232;62;8;78;2.0;7;0;0;0;0;0
2748;240;20181023;13;290;110;120;150;135;;97;0;28;0;0;10234;62;8;78;;5;0;0;0;0;0
2749;240;20181023;14;290;100;100;150;138;;97;0;19;0;0;10229;61;8;75;;5;0;0;0;0;0
2750;240;20181023;15;290;100;90;140;139;;98;0;11;0;0;10227;62;8;76;;5;0;0;0;0;0
2751;240;20181023;16;300;90;80;130;141;;101;0;6;0;0;10229;62;8;76;;5;0;0;0;0;0
2752;240;20181023;17;300;80;70;120;144;;105;0;1;0;0;10231;62;8;77;;5;0;0;0;0;0
2753;240;20181023;18;290;80;90;120;148;132.0;112;0;0;0;0;10230;62;8;79;;5;0;0;0;0;0
2754;240;20181023;19;300;80;80;130;149;;113;0;0;0;0;10228;62;8;78;;5;0;0;0;0;0
2755;240;20181023;20;290;80;80;130;146;;116;0;0;0;0;10225;61;8;82;;5;0;0;0;0;0
2756;240;20181023;21;290;90;100;130;147;;118;0;0;0;0;10228;61;8;82;;5;0;0;0;0;0
2757;240;20181023;22;290;100;110;150;144;;117;0;0;0;0;10226;62;8;83;;5;0;0;0;0;0
2758;240;20181023;23;290;100;100;150;145;;118;0;0;0;0;10225;62;8;84;;5;0;0;0;0;0
2759;240;20181023;24;290;100;100;140;147;136.0;120;0;0;0;0;10223;63;8;83;;5;0;0;0;0;0
2760;240;20181024;1;300;90;90;130;150;;123;0;0;0;0;10222;63;8;84;;5;0;0;0;0;0
2761;240;20181024;2;300;90;90;130;151;;126;0;0;0;0;10222;64;8;84;;5;0;0;0;0;0
2762;240;20181024;3;300;90;90;150;150;;126;0;0;0;-1;10221;63;8;85;23.0;7;0;1;0;0;0
2763;240;20181024;4;300;90;90;140;149;;127;0;0;0;-1;10223;61;8;86;23.0;7;0;1;0;0;0
2764;240;20181024;5;310;90;80;140;141;;133;0;0;0;-1;10226;43;8;94;51.0;7;0;1;0;0;0
2765;240;20181024;6;310;80;70;130;140;136.0;132;0;0;6;1;10231;60;8;94;23.0;7;0;1;0;0;0
2766;240;20181024;7;320;70;60;120;140;;128;0;3;0;-1;10238;65;8;93;23.0;7;0;1;0;0;0
2767;240;20181024;8;320;70;80;140;138;;127;0;15;0;-1;10245;58;8;92;23.0;7;0;1;0;0;0
2768;240;20181024;9;320;60;70;120;143;;122;2;42;0;0;10251;63;8;86;2.0;7;0;0;0;0;0
2769;240;20181024;10;320;70;70;120;146;;127;8;80;0;0;10254;70;6;88;;5;0;0;0;0;0
2770;240;20181024;11;320;80;70;120;157;;119;9;113;0;0;10252;75;4;78;;5;0;0;0;0;0
2771;240;20181024;12;310;80;70;110;154;134.0;123;6;100;0;0;10249;70;8;81;3.0;7;0;0;0;0;0
2772;240;20181024;13;310;80;70;110;149;;115;4;84;0;0;10247;75;8;80;;5;0;0;0;0;0
2773;240;20181024;14;310;70;60;110;150;;116;3;59;0;0;10248;67;8;80;;5;0;0;0;0;0
2774;240;20181024;15;300;60;50;100;139;;130;0;34;0;-1;10249;56;8;94;23.0;7;0;1;0;0;0
2775;240;20181024;16;310;50;50;100;133;;124;0;10;4;2;10248;65;8;94;51.0;7;0;1;0;0;0
2776;240;20181024;17;310;30;20;60;133;;125;0;2;0;-1;10246;65;8;95;22.0;7;0;1;0;0;0
2777;240;20181024;18;270;30;20;50;132;127.0;127;0;0;0;-1;10244;59;8;97;23.0;7;0;1;0;0;0
2778;240;20181024;19;270;40;40;70;131;;125;0;0;0;-1;10242;65;8;96;23.0;7;0;1;0;0;0
2779;240;20181024;20;260;50;50;70;134;;121;0;0;0;-1;10237;61;8;91;23.0;7;0;1;0;0;0
2780;240;20181024;21;270;40;40;70;132;;120;0;0;0;0;10234;57;8;92;10.0;7;0;0;0;0;0
2781;240;20181024;22;220;30;30;50;132;;123;0;0;0;0;10226;64;8;94;;5;0;0;0;0;0
2782;240;20181024;23;210;30;40;50;129;;124;0;0;0;-1;10221;58;8;96;51.0;7;0;1;0;0;0
2783;240;20181024;24;260;60;60;90;128;116.0;108;0;0;0;-1;10213;65;4;87;22.0;7;0;1;0;0;0
2784;240;20181025;1;270;60;60;80;129;;113;0;0;0;0;10207;62;8;90;;5;0;0;0;0;0
2785;240;20181025;2;300;50;50;70;123;;95;0;0;0;0;10203;68;8;82;;5;0;0;0;0;0
2786;240;20181025;3;260;50;40;90;120;;91;0;0;0;0;10197;70;8;82;;5;0;0;0;0;0
2787;240;20181025;4;260;40;40;60;125;;94;0;0;0;0;10194;70;8;81;;5;0;0;0;0;0
2788;240;20181025;5;280;40;50;70;125;;83;0;0;0;0;10194;75;8;75;;5;0;0;0;0;0
2789;240;20181025;6;300;40;50;70;125;109.0;83;0;0;0;0;10193;75;8;75;;5;0;0;0;0;0
2790;240;20181025;7;290;30;30;70;124;;87;0;1;0;0;10194;75;8;78;;5;0;0;0;0;0
2791;240;20181025;8;300;40;40;60;127;;89;0;7;0;0;10195;75;8;77;;5;0;0;0;0;0
2792;240;20181025;9;270;40;40;70;130;;94;0;12;0;0;10196;75;8;78;;5;0;0;0;0;0
2793;240;20181025;10;290;40;40;60;132;;97;0;21;0;0;10194;75;8;79;;5;0;0;0;0;0
2794;240;20181025;11;280;50;50;70;131;;100;0;23;0;0;10192;70;8;81;;5;0;0;0;0;0
2795;240;20181025;12;280;50;50;70;130;113.0;96;0;29;0;0;10188;75;8;79;;5;0;0;0;0;0
2796;240;20181025;13;260;50;50;80;123;;116;0;29;3;1;10185;39;8;95;52.0;7;0;1;0;0;0
2797;240;20181025;14;290;50;40;70;124;;116;0;33;2;1;10182;44;8;94;81.0;7;0;1;0;0;0
2798;240;20181025;15;260;50;50;80;125;;116;0;34;1;1;10177;65;8;94;23.0;7;0;1;0;0;0
2799;240;20181025;16;290;40;20;70;123;;115;2;12;4;3;10174;65;8;94;51.0;7;0;1;0;0;0
2800;240;20181025;17;260;40;40;70;121;;114;0;1;0;-1;10173;58;8;95;81.0;7;0;1;0;0;0
2801;240;20181025;18;250;40;30;60;119;111.0;110;0;0;0;-1;10170;65;8;94;23.0;7;0;1;0;0;0
2802;240;20181025;19;260;40;40;50;120;;105;0;0;0;0;10167;70;8;90;;5;0;0;0;0;0
2803;240;20181025;20;250;40;40;60;121;;104;0;0;0;0;10161;70;8;89;;5;0;0;0;0;0
2804;240;20181025;21;240;40;30;60;116;;103;0;0;0;0;10157;65;8;91;;5;0;0;0;0;0
2805;240;20181025;22;200;30;30;50;110;;101;0;0;0;-1;10148;65;8;94;23.0;7;0;1;0;0;0
2806;240;20181025;23;240;30;30;50;115;;104;0;0;0;0;10139;65;8;92;;5;0;0;0;0;0
2807;240;20181025;24;200;30;30;40;114;106.0;105;0;0;0;0;10133;65;8;94;2.0;7;0;0;0;0;0
2808;240;20181026;1;210;30;40;50;115;;106;0;0;0;0;10126;60;8;94;;5;0;0;0;0;0
2809;240;20181026;2;200;50;50;70;115;;105;0;0;0;0;10114;62;8;93;;5;0;0;0;0;0
2810;240;20181026;3;200;50;60;80;111;;101;0;0;0;-1;10103;58;8;93;23.0;7;0;1;0;0;0
2811;240;20181026;4;210;70;70;100;109;;97;0;0;0;0;10094;57;8;91;10.0;7;0;0;0;0;0
2812;240;20181026;5;210;70;70;90;108;;98;0;0;5;1;10088;42;8;93;81.0;7;0;1;0;0;0
2813;240;20181026;6;210;70;70;100;106;102.0;96;0;0;8;3;10080;40;8;93;52.0;7;0;1;0;0;0
2814;240;20181026;7;210;70;60;100;106;;98;0;0;10;2;10075;38;8;94;81.0;7;0;1;0;0;0
2815;240;20181026;8;220;50;50;80;113;;95;0;6;0;-1;10070;58;8;88;23.0;7;0;1;0;0;0
2816;240;20181026;9;250;50;60;70;117;;83;0;11;0;-1;10064;70;8;79;81.0;7;0;1;0;0;0
2817;240;20181026;10;260;60;70;90;120;;84;0;23;0;-1;10059;75;8;78;23.0;7;0;1;0;0;0
2818;240;20181026;11;230;60;50;110;111;;100;0;23;3;5;10053;65;8;92;81.0;7;0;1;0;0;0
2819;240;20181026;12;310;70;50;120;104;102.0;91;3;54;6;6;10049;58;8;91;81.0;7;0;1;0;0;0
2820;240;20181026;13;270;50;60;90;112;;88;0;36;4;1;10045;66;8;85;61.0;7;0;1;0;0;0
2821;240;20181026;14;280;70;70;120;109;;58;2;53;0;-1;10044;75;8;70;81.0;7;0;1;0;0;0
2822;240;20181026;15;280;70;80;110;106;;53;5;42;0;-1;10044;80;8;69;23.0;7;0;1;0;0;0
2823;240;20181026;16;280;70;60;120;101;;48;2;11;0;0;10045;80;8;69;;5;0;0;0;0;0
2824;240;20181026;17;310;70;40;140;74;;57;0;0;4;3;10047;70;8;88;81.0;7;0;1;0;0;0
2825;240;20181026;18;290;50;50;100;78;63.0;48;0;0;3;4;10049;70;1;81;23.0;7;0;1;0;0;0
2826;240;20181026;19;300;50;30;140;65;;40;0;0;0;-1;10047;70;7;84;23.0;7;0;1;0;0;0
2827;240;20181026;20;260;50;60;110;76;;51;0;0;4;3;10049;67;8;84;92.0;7;0;1;0;1;0
2828;240;20181026;21;300;30;20;70;67;;41;0;0;4;8;10051;70;8;83;26.0;7;0;1;0;1;0
2829;240;20181026;22;300;50;60;120;77;;44;0;0;4;4;10047;75;8;79;57.0;7;0;1;0;0;0
2830;240;20181026;23;240;20;10;80;76;;44;0;0;0;-1;10047;75;7;80;23.0;7;0;1;0;0;0
2831;240;20181026;24;990;20;10;40;68;51.0;49;0;0;3;3;10049;70;7;87;81.0;7;0;1;0;0;0
2832;240;20181027;1;990;20;10;40;65;;52;0;0;2;1;10051;65;7;91;81.0;7;0;1;0;0;0
2833;240;20181027;2;990;10;10;60;68;;44;0;0;3;13;10053;58;8;84;82.0;7;0;1;0;0;0
2834;240;20181027;3;330;20;30;70;69;;45;0;0;7;11;10053;65;7;84;81.0;7;0;1;0;0;0
2835;240;20181027;4;0;20;0;50;62;;48;0;0;0;-1;10054;70;7;90;23.0;7;0;1;0;0;0
2836;240;20181027;5;290;10;10;30;59;;50;0;0;3;1;10062;65;8;94;81.0;7;0;1;0;0;0
2837;240;20181027;6;310;10;20;50;65;36.0;49;0;0;5;17;10063;61;8;89;81.0;7;0;1;0;0;0
2838;240;20181027;7;270;20;30;50;70;;44;0;2;3;1;10065;70;8;83;81.0;7;0;1;0;0;0
2839;240;20181027;8;360;10;20;40;72;;47;2;15;4;7;10073;70;8;84;81.0;7;0;1;0;0;0
2840;240;20181027;9;220;30;50;70;74;;60;2;32;3;2;10078;70;8;90;81.0;7;0;1;0;0;0
2841;240;20181027;10;990;30;10;70;82;;51;1;41;4;2;10084;75;8;80;81.0;7;0;1;0;0;0
2842;240;20181027;11;230;30;30;50;95;;51;7;116;0;-1;10084;75;8;73;23.0;7;0;1;0;0;0
2843;240;20181027;12;270;40;40;50;95;48.0;53;5;102;0;0;10086;75;8;74;2.0;7;0;0;0;0;0
2844;240;20181027;13;300;20;20;40;103;;57;10;122;0;0;10088;75;8;73;;5;0;0;0;0;0
2845;240;20181027;14;40;30;40;80;88;;44;6;90;0;0;10090;75;7;74;;5;0;0;0;0;0
2846;240;20181027;15;30;20;20;70;94;;45;3;39;0;0;10095;75;8;71;;5;0;0;0;0;0
2847;240;20181027;16;20;20;20;40;76;;35;8;21;0;0;10101;75;1;75;;5;0;0;0;0;0
2848;240;20181027;17;10;20;20;30;68;;37;0;1;0;0;10109;75;2;80;;5;0;0;0;0;0
2849;240;20181027;18;20;30;40;50;72;36.0;48;0;0;0;0;10116;70;1;84;;5;0;0;0;0;0
2850;240;20181027;19;40;20;20;40;70;;55;0;0;0;-1;10123;70;8;90;23.0;7;0;1;0;0;0
2851;240;20181027;20;70;40;60;70;71;;43;0;0;0;0;10130;70;0;82;;5;0;0;0;0;0
2852;240;20181027;21;80;60;50;90;68;;37;0;0;0;0;10134;75;7;80;3.0;7;0;0;0;0;0
2853;240;20181027;22;70;60;60;100;68;;21;0;0;0;0;10143;75;7;71;;5;0;0;0;0;0
2854;240;20181027;23;70;60;50;90;55;;24;0;0;0;0;10150;75;0;80;;5;0;0;0;0;0
2855;240;20181027;24;70;50;50;80;56;39.0;23;0;0;0;0;10156;75;7;79;3.0;7;0;0;0;0;0
2856;240;20181028;1;80;50;50;80;45;;15;0;0;0;0;10160;75;0;80;;5;0;0;0;0;0
2857;240;20181028;2;70;50;60;100;51;;15;0;0;0;0;10164;75;0;77;;5;0;0;0;0;0
2858;240;20181028;3;70;60;50;90;43;;11;0;0;0;0;10168;75;0;79;;5;0;0;0;0;0
2859;240;20181028;4;70;60;60;90;46;;0;0;0;0;0;10171;75;0;72;;5;0;0;0;0;0
2860;240;20181028;5;70;60;50;100;39;;-4;0;0;0;0;10173;75;7;73;;5;0;0;0;0;0
2861;240;20181028;6;90;50;40;90;30;15.0;-9;0;0;0;0;10181;75;4;75;;5;0;0;0;0;0
2862;240;20181028;7;70;40;30;80;35;;-11;0;3;0;0;10181;75;0;71;;5;0;0;0;0;0
2863;240;20181028;8;70;40;50;80;51;;-14;10;37;0;0;10182;83;0;62;;5;0;0;0;0;0
2864;240;20181028;9;70;50;60;80;61;;1;10;82;0;0;10184;80;0;65;;5;0;0;0;0;0
2865;240;20181028;10;60;70;70;110;66;;-4;10;119;0;0;10187;80;0;61;;5;0;0;0;0;0
2866;240;20181028;11;60;60;60;110;72;;3;10;142;0;0;10185;82;1;61;;5;0;0;0;0;0
2867;240;20181028;12;50;70;70;110;79;10.0;5;10;149;0;0;10178;83;8;59;;5;0;0;0;0;0
2868;240;20181028;13;50;80;70;130;77;;-10;10;137;0;0;10180;82;2;54;;5;0;0;0;0;0
2869;240;20181028;14;40;70;70;110;73;;-10;10;112;0;0;10171;82;8;55;;5;0;0;0;0;0
2870;240;20181028;15;60;80;80;120;70;;0;10;65;0;0;10176;82;8;61;;5;0;0;0;0;0
2871;240;20181028;16;50;70;70;110;60;;-2;7;27;0;0;10168;83;2;64;;5;0;0;0;0;0
2872;240;20181028;17;60;50;60;100;53;;-3;0;1;0;0;10179;80;3;66;;5;0;0;0;0;0
2873;240;20181028;18;60;60;60;90;55;38.0;-1;0;0;0;0;10176;80;6;67;;5;0;0;0;0;0
2874;240;20181028;19;60;50;50;90;53;;3;0;0;0;0;10171;75;0;70;;5;0;0;0;0;0
2875;240;20181028;20;50;60;60;100;49;;2;0;0;0;0;10166;75;0;71;;5;0;0;0;0;0
2876;240;20181028;21;70;70;70;120;48;;-1;0;0;0;0;10168;75;0;70;;5;0;0;0;0;0
2877;240;20181028;22;70;70;60;120;44;;2;0;0;0;0;10161;75;0;74;;5;0;0;0;0;0
2878;240;20181028;23;50;60;60;100;42;;5;0;0;0;0;10150;75;0;76;;5;0;0;0;0;0
2879;240;20181028;24;50;50;50;90;40;29.0;10;0;0;0;0;10152;75;2;80;;5;0;0;0;0;0
2880;240;20181029;1;50;40;50;90;44;;13;0;0;0;0;10148;75;7;80;;5;0;0;0;0;0
2881;240;20181029;2;40;50;50;90;43;;15;0;0;0;0;10129;70;1;82;;5;0;0;0;0;0
2882;240;20181029;3;40;50;50;80;43;;21;0;0;0;0;10129;70;5;85;;5;0;0;0;0;0
2883;240;20181029;4;70;60;70;110;43;;17;0;0;0;0;10127;70;8;83;;5;0;0;0;0;0
2884;240;20181029;5;60;70;70;110;41;;21;0;0;0;0;10117;70;8;86;;5;0;0;0;0;0
2885;240;20181029;6;60;60;70;100;39;26.0;24;0;0;0;0;10102;70;8;90;;5;0;0;0;0;0
2886;240;20181029;7;50;60;60;90;44;;30;0;1;0;0;10093;70;8;90;;5;0;0;0;0;0
2887;240;20181029;8;50;60;60;100;52;;35;2;19;0;0;10092;70;8;88;;5;0;0;0;0;0
2888;240;20181029;9;50;50;60;90;59;;34;5;56;0;0;10091;70;8;83;;5;0;0;0;0;0
2889;240;20181029;10;50;60;60;90;58;;31;1;56;0;0;10077;70;8;82;;5;0;0;0;0;0
2890;240;20181029;11;60;60;50;90;58;;31;0;34;0;0;10070;70;8;83;;5;0;0;0;0;0
2891;240;20181029;12;70;60;70;90;62;31.0;28;0;39;0;0;10061;75;8;78;;5;0;0;0;0;0
2892;240;20181029;13;60;60;70;100;61;;28;0;21;0;0;10053;75;8;79;;5;0;0;0;0;0
2893;240;20181029;14;70;60;60;100;61;;24;0;15;0;0;10044;75;8;77;;5;0;0;0;0;0
2894;240;20181029;15;70;60;50;90;62;;26;0;10;0;0;10032;75;8;77;;5;0;0;0;0;0
2895;240;20181029;16;50;50;50;90;63;;28;0;4;0;0;10018;75;8;78;;5;0;0;0;0;0
2896;240;20181029;17;50;60;60;100;62;;28;0;1;0;0;10011;75;8;79;;5;0;0;0;0;0
2897;240;20181029;18;50;70;60;110;59;56.0;26;0;0;0;0;10000;75;8;79;;5;0;0;0;0;0
2898;240;20181029;19;60;70;80;120;58;;25;0;0;0;0;9994;75;8;79;;5;0;0;0;0;0
2899;240;20181029;20;60;70;70;110;56;;27;0;0;0;0;9984;70;8;81;;5;0;0;0;0;0
2900;240;20181029;21;50;70;70;130;55;;29;0;0;0;0;9972;70;8;83;;5;0;0;0;0;0
2901;240;20181029;22;50;70;80;120;55;;29;0;0;0;0;9956;70;8;82;;5;0;0;0;0;0
2902;240;20181029;23;50;80;80;120;55;;31;0;0;0;0;9944;70;8;84;;5;0;0;0;0;0
2903;240;20181029;24;50;80;90;130;54;53.0;33;0;0;0;0;9926;70;8;85;;5;0;0;0;0;0
2904;240;20181030;1;50;90;70;140;52;;39;0;0;0;-1;9917;64;8;91;57.0;7;0;1;0;0;0
2905;240;20181030;2;40;70;60;120;51;;39;0;0;10;8;9899;62;8;92;61.0;7;0;1;0;0;0
2906;240;20181030;3;40;70;80;130;53;;39;0;0;3;1;9878;66;8;90;51.0;7;0;1;0;0;0
2907;240;20181030;4;60;70;50;110;51;;45;0;0;10;48;9883;29;8;95;83.0;7;0;1;0;0;0
2908;240;20181030;5;50;60;60;110;53;;47;0;0;10;33;9863;58;8;95;62.0;7;0;1;0;0;0
2909;240;20181030;6;80;70;70;100;53;47.0;43;0;0;10;20;9862;65;8;93;61.0;7;0;1;0;0;0
2910;240;20181030;7;90;50;40;90;49;;42;0;1;10;24;9857;57;8;94;62.0;7;0;1;0;0;0
2911;240;20181030;8;100;40;40;70;49;;42;0;3;10;25;9859;60;8;95;61.0;7;0;1;0;0;0
2912;240;20181030;9;120;30;30;50;52;;46;0;13;9;8;9856;65;8;95;51.0;7;0;1;0;0;0
2913;240;20181030;10;160;40;40;60;59;;49;1;48;0;-1;9859;65;8;93;23.0;7;0;1;0;0;0
2914;240;20181030;11;180;50;60;80;58;;43;0;32;0;0;9863;66;8;90;;5;0;0;0;0;0
2915;240;20181030;12;170;60;60;100;54;46.0;39;0;21;0;0;9865;70;8;89;2.0;7;0;0;0;0;0
2916;240;20181030;13;180;60;60;90;52;;37;0;17;0;0;9866;70;8;89;;5;0;0;0;0;0
2917;240;20181030;14;180;60;60;110;49;;36;0;6;0;-1;9867;69;8;90;81.0;7;0;1;0;0;0
2918;240;20181030;15;160;60;50;90;49;;30;0;12;0;-1;9874;70;8;87;23.0;7;0;1;0;0;0
2919;240;20181030;16;170;50;60;80;41;;28;0;3;8;2;9882;70;8;90;81.0;7;0;1;0;0;0
2920;240;20181030;17;160;50;50;70;38;;28;0;0;10;5;9892;65;8;93;61.0;7;0;1;0;0;0
2921;240;20181030;18;170;40;50;70;39;37.0;33;0;0;10;6;9903;58;8;96;61.0;7;0;1;0;0;0
2922;240;20181030;19;260;80;120;170;93;;75;0;0;10;17;9917;58;8;88;62.0;7;0;1;0;0;0
2923;240;20181030;20;260;110;100;150;96;;81;0;0;10;12;9941;60;8;89;61.0;7;0;1;0;0;0
2924;240;20181030;21;260;110;110;150;98;;76;0;0;8;6;9964;70;8;86;51.0;7;0;1;0;0;0
2925;240;20181030;22;250;110;110;170;101;;66;0;0;0;-1;9986;74;8;78;23.0;7;0;1;0;0;0
2926;240;20181030;23;240;100;90;160;95;;64;0;0;0;-1;10008;67;8;80;81.0;7;0;1;0;0;0
2927;240;20181030;24;250;90;80;130;95;39.0;54;0;0;0;-1;10024;75;8;75;23.0;7;0;1;0;0;0
2928;240;20181031;1;260;90;80;130;95;;47;0;0;0;0;10039;75;8;72;;5;0;0;0;0;0
2929;240;20181031;2;250;70;60;120;89;;47;0;0;0;0;10051;75;8;74;;5;0;0;0;0;0
2930;240;20181031;3;210;50;50;90;80;;59;0;0;0;0;10061;70;8;86;;5;0;0;0;0;0
2931;240;20181031;4;210;60;60;100;73;;61;0;0;0;0;10073;65;3;91;;5;0;0;0;0;0
2932;240;20181031;5;190;60;50;90;67;;57;0;0;0;0;10085;65;2;93;;5;0;0;0;0;0
2933;240;20181031;6;190;50;50;70;66;53.0;57;0;0;0;0;10093;65;5;94;;5;0;0;0;0;0
2934;240;20181031;7;180;50;50;80;55;;46;0;1;0;0;10105;65;0;93;;5;0;0;0;0;0
2935;240;20181031;8;180;50;50;80;62;;44;7;27;0;0;10115;70;8;88;;5;0;0;0;0;0
2936;240;20181031;9;170;40;40;60;66;;44;7;59;0;0;10123;70;6;86;;5;0;0;0;0;0
2937;240;20181031;10;160;50;50;70;75;;48;8;91;0;0;10129;70;5;82;;5;0;0;0;0;0
2938;240;20181031;11;170;40;40;60;88;;53;10;114;0;0;10130;75;8;78;;5;0;0;0;0;0
2939;240;20181031;12;160;40;30;60;91;44.0;55;5;86;0;0;10128;75;8;78;;5;0;0;0;0;0
2940;240;20181031;13;150;30;50;60;104;;49;9;85;0;0;10126;80;8;68;;5;0;0;0;0;0
2941;240;20181031;14;130;40;50;70;106;;44;8;74;0;0;10124;80;8;65;;5;0;0;0;0;0
2942;240;20181031;15;110;50;40;70;106;;53;10;65;0;0;10120;80;8;69;;5;0;0;0;0;0
2943;240;20181031;16;110;40;40;80;94;;45;7;24;0;0;10119;75;8;71;;5;0;0;0;0;0
2944;240;20181031;17;110;40;50;60;84;;48;0;1;0;0;10118;75;8;78;;5;0;0;0;0;0
2945;240;20181031;18;110;40;30;70;87;70.0;57;0;0;0;0;10119;70;8;81;;5;0;0;0;0;0
2946;240;20181031;19;120;40;40;50;90;;59;0;0;0;0;10117;70;8;81;;5;0;0;0;0;0
2947;240;20181031;20;140;40;40;60;92;;65;0;0;0;-1;10116;70;8;83;51.0;7;0;1;0;0;0
2948;240;20181031;21;120;40;30;60;89;;71;0;0;0;-1;10115;70;8;88;81.0;7;0;1;0;0;0
2949;240;20181031;22;140;50;40;70;90;;69;0;0;0;-1;10114;70;8;86;23.0;7;0;1;0;0;0
2950;240;20181031;23;110;40;40;60;90;;69;0;0;0;0;10107;70;8;86;;5;0;0;0;0;0
2951;240;20181031;24;120;50;50;60;92;78.0;67;0;0;0;0;10106;70;8;84;2.0;7;0;0;0;0;0
2952;240;20181101;1;120;40;40;60;93;;66;0;0;0;0;10102;70;8;82;;5;0;0;0;0;0
2953;240;20181101;2;120;40;40;60;96;;61;0;0;0;0;10097;75;8;78;;5;0;0;0;0;0
2954;240;20181101;3;130;50;50;70;94;;53;0;0;0;0;10087;75;8;75;;5;0;0;0;0;0
2955;240;20181101;4;140;50;60;80;95;;54;0;0;0;0;10084;75;8;75;;5;0;0;0;0;0
2956;240;20181101;5;140;60;60;80;89;;51;0;0;0;0;10080;75;8;77;;5;0;0;0;0;0
2957;240;20181101;6;140;60;60;90;89;76.0;52;0;0;0;0;10080;75;8;77;;5;0;0;0;0;0
2958;240;20181101;7;140;60;60;80;86;;51;0;2;0;0;10083;75;8;78;;5;0;0;0;0;0
2959;240;20181101;8;140;60;60;90;91;;56;0;17;0;0;10086;75;8;78;;5;0;0;0;0;0
2960;240;20181101;9;150;60;60;100;114;;62;2;47;0;0;10084;75;8;70;;5;0;0;0;0;0
2961;240;20181101;10;160;60;60;90;123;;66;5;69;0;0;10080;80;8;68;;5;0;0;0;0;0
2962;240;20181101;11;160;70;60;100;119;;67;0;53;0;-1;10080;75;8;70;81.0;7;0;1;0;0;0
2963;240;20181101;12;160;60;50;90;117;71.0;70;0;30;0;-1;10072;75;8;72;23.0;7;0;1;0;0;0
2964;240;20181101;13;150;50;50;70;119;;77;0;48;0;-1;10073;75;8;75;81.0;7;0;1;0;0;0
2965;240;20181101;14;140;50;50;90;110;;83;0;19;0;-1;10068;70;8;83;61.0;7;0;1;0;0;0
2966;240;20181101;15;150;50;50;80;106;;86;0;8;10;5;10075;68;8;87;61.0;7;0;1;0;0;0
2967;240;20181101;16;150;60;60;100;101;;91;0;3;10;12;10073;64;8;93;61.0;7;0;1;0;0;0
2968;240;20181101;17;150;60;60;90;100;;92;0;0;10;8;10074;65;8;94;61.0;7;0;1;0;0;0
2969;240;20181101;18;150;70;70;90;101;96.0;93;0;0;5;1;10075;65;8;95;61.0;7;0;1;0;0;0
2970;240;20181101;19;160;60;60;90;102;;95;0;0;0;-1;10076;65;8;95;51.0;7;0;1;0;0;0
2971;240;20181101;20;170;60;60;90;102;;94;0;0;0;-1;10078;65;8;95;23.0;7;0;1;0;0;0
2972;240;20181101;21;170;60;60;80;102;;95;0;0;0;0;10080;65;8;95;2.0;7;0;0;0;0;0
2973;240;20181101;22;180;50;50;80;102;;96;0;0;0;-1;10082;62;8;95;51.0;7;0;1;0;0;0
2974;240;20181101;23;180;50;50;70;104;;97;0;0;0;-1;10084;58;7;95;23.0;7;0;1;0;0;0
2975;240;20181101;24;180;50;60;70;105;95.0;97;0;0;0;-1;10086;58;8;95;81.0;7;0;1;0;0;0
2976;240;20181102;1;290;70;90;120;103;;91;0;0;6;2;10098;59;8;92;81.0;7;0;1;0;0;0
2977;240;20181102;2;290;80;60;120;98;;88;0;0;5;2;10113;65;8;93;23.0;7;0;1;0;0;0
2978;240;20181102;3;280;60;50;90;93;;75;0;0;6;1;10126;70;8;88;81.0;7;0;1;0;0;0
2979;240;20181102;4;270;40;30;70;83;;65;0;0;0;-1;10137;70;8;88;23.0;7;0;1;0;0;0
2980;240;20181102;5;270;30;40;60;90;;57;0;0;0;0;10152;75;8;79;;5;0;0;0;0;0
2981;240;20181102;6;270;50;40;80;77;65.0;48;0;0;0;0;10163;70;6;81;1.0;7;0;0;0;0;0
2982;240;20181102;7;270;40;40;60;77;;42;0;2;0;0;10176;75;6;78;;5;0;0;0;0;0
2983;240;20181102;8;250;40;30;60;100;;51;5;27;0;0;10191;75;8;71;;5;0;0;0;0;0
2984;240;20181102;9;260;50;60;90;106;;47;8;73;0;0;10200;80;1;66;;5;0;0;0;0;0
2985;240;20181102;10;260;70;60;100;106;;43;10;98;0;0;10208;80;0;65;;5;0;0;0;0;0
2986;240;20181102;11;280;70;70;90;114;;34;10;134;0;0;10214;81;4;58;;5;0;0;0;0;0
2987;240;20181102;12;260;60;70;90;100;58.0;34;8;114;0;0;10220;83;6;63;;5;0;0;0;0;0
2988;240;20181102;13;250;60;50;80;112;;30;10;114;0;0;10226;82;1;56;;5;0;0;0;0;0
2989;240;20181102;14;270;60;50;90;110;;39;7;86;0;0;10235;83;2;61;12.0;7;0;0;0;0;0
2990;240;20181102;15;270;70;80;110;79;;41;7;60;1;1;10245;62;8;76;57.0;7;0;1;0;0;0
2991;240;20181102;16;330;40;50;110;75;;38;0;6;4;15;10254;75;8;77;81.0;7;0;1;0;0;0
2992;240;20181102;17;320;30;20;90;72;;46;0;0;8;14;10262;70;7;83;61.0;7;0;1;0;0;0
2993;240;20181102;18;230;40;50;90;72;57.0;47;0;0;3;3;10270;70;7;83;23.0;7;0;1;0;0;0
2994;240;20181102;19;220;50;40;70;72;;52;0;0;3;1;10273;70;8;86;81.0;7;0;1;0;0;0
2995;240;20181102;20;230;40;40;60;65;;47;0;0;0;-1;10278;70;7;88;23.0;7;0;1;0;0;0
2996;240;20181102;21;230;40;30;60;73;;56;0;0;0;0;10282;70;7;88;2.0;7;0;0;0;0;0
2997;240;20181102;22;210;40;40;50;70;;59;0;0;0;-1;10286;65;8;92;81.0;7;0;1;0;0;0
2998;240;20181102;23;190;30;30;50;68;;56;0;0;0;-1;10288;65;8;92;23.0;7;0;1;0;0;0
2999;240;20181102;24;180;30;30;40;38;32.0;27;0;0;0;0;10287;65;1;92;1.0;7;0;0;0;0;0
3000;240;20181103;1;180;20;20;30;31;;24;0;0;0;0;10288;65;0;95;;5;0;0;0;0;0
3001;240;20181103;2;170;20;20;30;28;;20;0;0;0;0;10285;65;7;94;;5;0;0;0;0;0
3002;240;20181103;3;150;20;20;30;17;;12;0;0;0;0;10284;65;8;96;;5;0;0;0;0;0
3003;240;20181103;4;170;20;20;30;18;;14;0;0;0;0;10285;65;1;97;;5;0;0;0;0;0
3004;240;20181103;5;160;20;30;30;24;;20;0;0;0;0;10287;63;6;97;;5;0;0;0;0;0
3005;240;20181103;6;170;30;20;30;22;-7.0;18;0;0;0;0;10286;62;8;97;;5;0;0;0;0;0
3006;240;20181103;7;170;20;30;40;21;;18;0;2;0;0;10287;60;8;97;;5;0;0;0;0;0
3007;240;20181103;8;160;30;20;40;30;;27;2;15;0;0;10288;57;8;97;10.0;7;0;0;0;0;0
3008;240;20181103;9;170;30;30;40;60;;48;8;59;0;0;10288;65;8;91;;5;0;0;0;0;0
3009;240;20181103;10;160;30;30;50;75;;52;8;73;0;0;10286;70;8;85;;5;0;0;0;0;0
3010;240;20181103;11;180;40;50;60;93;;55;10;105;0;0;10283;74;8;77;;5;0;0;0;0;0
3011;240;20181103;12;190;50;60;80;99;-6.0;51;7;90;0;0;10278;75;8;72;;5;0;0;0;0;0
3012;240;20181103;13;190;60;50;80;102;;50;10;102;0;0;10269;75;8;70;;5;0;0;0;0;0
3013;240;20181103;14;180;50;50;70;104;;53;10;92;0;0;10263;75;8;70;;5;0;0;0;0;0
3014;240;20181103;15;160;60;60;80;87;;47;10;50;0;0;10258;75;8;75;;5;0;0;0;0;0
3015;240;20181103;16;150;40;40;70;77;;47;5;15;0;0;10251;70;8;81;;5;0;0;0;0;0
3016;240;20181103;17;150;40;40;70;72;;42;0;0;0;0;10251;70;8;81;;5;0;0;0;0;0
3017;240;20181103;18;150;30;30;60;59;43.0;37;0;0;0;0;10247;69;8;85;;5;0;0;0;0;0
3018;240;20181103;19;140;30;40;50;59;;38;0;0;0;0;10242;66;8;86;;5;0;0;0;0;0
3019;240;20181103;20;140;40;40;60;48;;31;0;0;0;0;10239;65;7;88;;5;0;0;0;0;0
3020;240;20181103;21;140;30;40;50;42;;28;0;0;0;0;10233;62;0;90;;5;0;0;0;0;0
3021;240;20181103;22;140;40;40;60;42;;29;0;0;0;0;10227;60;1;90;;5;0;0;0;0;0
3022;240;20181103;23;130;40;40;60;42;;25;0;0;0;0;10215;62;0;88;;5;0;0;0;0;0
3023;240;20181103;24;130;50;40;60;38;25.0;20;0;0;0;0;10206;63;1;88;;5;0;0;0;0;0
3024;240;20181104;1;130;40;30;50;38;;19;0;0;0;0;10199;63;7;87;;5;0;0;0;0;0
3025;240;20181104;2;130;30;20;50;34;;20;0;0;0;0;10194;61;8;91;;5;0;0;0;0;0
3026;240;20181104;3;140;30;30;50;38;;19;0;0;0;0;10187;63;8;87;;5;0;0;0;0;0
3027;240;20181104;4;150;30;30;50;34;;14;0;0;0;0;10184;66;8;87;;5;0;0;0;0;0
3028;240;20181104;5;150;30;30;50;24;;7;0;0;0;0;10179;66;8;88;;5;0;0;0;0;0
3029;240;20181104;6;140;40;40;50;24;11.0;9;0;0;0;0;10176;64;4;89;;5;0;0;0;0;0
3030;240;20181104;7;140;30;30;50;21;;7;0;2;0;0;10175;63;1;90;;5;0;0;0;0;0
3031;240;20181104;8;150;30;40;60;34;;15;10;25;0;0;10173;65;8;87;;5;0;0;0;0;0
3032;240;20181104;9;140;40;40;50;42;;23;0;33;0;0;10167;63;8;87;;5;0;0;0;0;0
3033;240;20181104;10;140;40;40;60;68;;40;7;74;0;0;10163;64;8;82;;5;0;0;0;0;0
3034;240;20181104;11;150;50;50;80;85;;55;10;101;0;0;10162;63;8;81;;5;0;0;0;0;0
3035;240;20181104;12;150;50;40;80;93;8.0;59;10;119;0;0;10153;63;8;79;;5;0;0;0;0;0
3036;240;20181104;13;130;30;30;60;102;;68;10;110;0;0;10146;63;8;79;;5;0;0;0;0;0
3037;240;20181104;14;130;30;20;50;109;;76;10;92;0;0;10140;62;8;79;;5;0;0;0;0;0
3038;240;20181104;15;120;20;30;40;106;;76;10;54;0;0;10137;62;8;81;;5;0;0;0;0;0
3039;240;20181104;16;100;30;30;40;81;;63;5;13;0;0;10131;60;8;88;;5;0;0;0;0;0
3040;240;20181104;17;100;30;40;50;73;;60;0;0;0;0;10130;60;2;91;;5;0;0;0;0;0
3041;240;20181104;18;100;40;30;60;77;41.0;62;0;0;0;0;10130;60;7;89;;5;0;0;0;0;0
3042;240;20181104;19;100;30;40;50;77;;65;0;0;0;0;10127;57;8;92;10.0;7;0;0;0;0;0
3043;240;20181104;20;100;40;40;60;76;;65;0;0;0;0;10125;56;1;92;10.0;7;0;0;0;0;0
3044;240;20181104;21;100;40;40;60;71;;62;0;0;0;0;10124;56;6;94;10.0;7;0;0;0;0;0
3045;240;20181104;22;100;30;30;50;70;;62;0;0;0;0;10122;50;0;94;10.0;7;0;0;0;0;0
3046;240;20181104;23;90;30;30;40;54;;50;0;0;0;0;10120;42;0;97;10.0;7;0;0;0;0;0
3047;240;20181104;24;100;30;40;50;66;32.0;60;0;0;0;0;10115;47;4;95;10.0;7;0;0;0;0;0
3048;240;20181105;1;90;30;30;50;72;;64;0;0;0;0;10108;50;8;94;10.0;7;0;0;0;0;0
3049;240;20181105;2;90;40;40;50;71;;62;0;0;0;0;10106;50;8;94;10.0;7;0;0;0;0;0
3050;240;20181105;3;80;40;30;60;66;;59;0;0;0;0;10101;50;8;95;10.0;7;0;0;0;0;0
3051;240;20181105;4;70;30;30;50;59;;55;0;0;0;0;10099;50;8;96;10.0;7;0;0;0;0;0
3052;240;20181105;5;80;30;40;50;62;;57;0;0;0;0;10096;56;8;96;10.0;7;0;0;0;0;0
3053;240;20181105;6;90;30;40;50;59;41.0;54;0;0;0;0;10096;50;1;96;10.0;7;0;0;0;0;0
3054;240;20181105;7;80;40;30;50;60;;56;0;0;0;0;10095;56;8;96;10.0;7;0;0;0;0;0
3055;240;20181105;8;70;30;30;40;71;;67;0;7;0;0;10097;56;8;96;10.0;7;0;0;0;0;0
3056;240;20181105;9;80;40;40;60;81;;73;0;25;0;0;10098;56;8;94;10.0;7;0;0;0;0;0
3057;240;20181105;10;70;40;40;70;90;;79;5;65;0;0;10093;57;8;92;10.0;7;0;0;0;0;0
3058;240;20181105;11;70;50;50;70;97;;82;10;109;0;0;10088;57;8;90;10.0;7;0;0;0;0;0
3059;240;20181105;12;80;50;40;70;94;48.0;85;4;85;0;0;10078;48;8;93;10.0;7;0;0;0;0;0
3060;240;20181105;13;80;50;50;70;101;;89;1;51;0;0;10074;48;8;91;10.0;7;0;0;0;0;0
3061;240;20181105;14;90;40;40;70;103;;88;1;30;0;0;10073;50;8;90;10.0;7;0;0;0;0;0
3062;240;20181105;15;110;40;40;80;100;;86;0;14;0;0;10074;50;8;91;10.0;7;0;0;0;0;0
3063;240;20181105;16;100;30;30;60;98;;84;0;5;0;0;10068;50;8;90;10.0;7;0;0;0;0;0
3064;240;20181105;17;80;30;30;50;93;;82;0;0;0;0;10067;45;8;92;10.0;7;0;0;0;0;0
3065;240;20181105;18;90;30;40;60;93;89.0;82;0;0;0;0;10067;50;8;92;10.0;7;0;0;0;0;0
3066;240;20181105;19;80;30;30;50;75;;68;0;0;0;0;10066;44;6;95;10.0;7;0;0;0;0;0
3067;240;20181105;20;100;30;20;30;74;;69;0;0;0;0;10063;39;8;97;10.0;7;0;0;0;0;0
3068;240;20181105;21;110;20;20;40;67;;64;0;0;0;0;10061;38;2;97;10.0;7;0;0;0;0;0
3069;240;20181105;22;110;30;30;40;68;;65;0;0;0;0;10059;35;8;97;10.0;7;0;0;0;0;0
3070;240;20181105;23;120;30;30;50;74;;70;0;0;0;0;10056;47;0;97;10.0;7;0;0;0;0;0
3071;240;20181105;24;140;30;30;40;73;49.0;70;0;0;0;0;10057;43;8;97;10.0;7;0;0;0;0;0
3072;240;20181106;1;150;30;30;50;67;;63;0;0;0;0;10053;40;8;97;10.0;7;0;0;0;0;0
3073;240;20181106;2;130;30;30;50;73;;69;0;0;0;0;10047;56;1;97;10.0;7;0;0;0;0;0
3074;240;20181106;3;150;30;30;50;77;;70;0;0;0;0;10048;57;5;95;10.0;7;0;0;0;0;0
3075;240;20181106;4;130;30;30;40;80;;71;0;0;0;0;10048;58;8;94;10.0;7;0;0;0;0;0
3076;240;20181106;5;140;30;30;40;83;;73;0;0;0;0;10048;59;8;93;10.0;7;0;0;0;0;0
3077;240;20181106;6;140;30;20;40;84;53.0;73;0;0;0;0;10051;60;8;92;;5;0;0;0;0;0
3078;240;20181106;7;130;30;30;50;88;;75;0;0;0;0;10055;61;8;91;;5;0;0;0;0;0
3079;240;20181106;8;140;30;30;50;98;;80;0;13;0;0;10053;65;8;88;;5;0;0;0;0;0
3080;240;20181106;9;140;40;40;70;119;;90;5;53;0;0;10055;66;8;82;;5;0;0;0;0;0
3081;240;20181106;10;140;50;50;80;138;;98;8;90;0;0;10053;72;8;76;;5;0;0;0;0;0
3082;240;20181106;11;150;50;60;80;153;;95;9;91;0;0;10053;72;8;68;;5;0;0;0;0;0
3083;240;20181106;12;140;40;40;70;177;71.0;102;10;124;0;0;10048;77;7;61;;5;0;0;0;0;0
3084;240;20181106;13;140;40;20;70;181;;115;8;74;0;0;10045;76;8;65;;5;0;0;0;0;0
3085;240;20181106;14;110;30;40;60;171;;100;5;69;0;0;10039;82;8;63;;5;0;0;0;0;0
3086;240;20181106;15;160;40;40;60;164;;103;5;33;0;0;10043;80;8;67;;5;0;0;0;0;0
3087;240;20181106;16;140;30;30;50;138;;96;5;11;0;0;10043;75;8;75;;5;0;0;0;0;0
3088;240;20181106;17;130;40;50;70;138;;95;0;0;0;0;10047;75;8;75;;5;0;0;0;0;0
3089;240;20181106;18;140;40;50;60;132;107.0;95;0;0;0;0;10047;75;8;78;;5;0;0;0;0;0
3090;240;20181106;19;130;50;50;70;134;;96;0;0;0;0;10049;72;8;78;;5;0;0;0;0;0
3091;240;20181106;20;130;50;40;70;129;;97;0;0;0;0;10049;69;8;80;;5;0;0;0;0;0
3092;240;20181106;21;140;50;40;70;130;;99;0;0;0;0;10051;68;8;81;;5;0;0;0;0;0
3093;240;20181106;22;140;40;40;60;126;;99;0;0;0;0;10051;68;8;83;;5;0;0;0;0;0
3094;240;20181106;23;140;40;50;60;125;;97;0;0;0;0;10050;70;8;83;;5;0;0;0;0;0
3095;240;20181106;24;150;50;50;60;123;109.0;93;0;0;0;0;10053;70;8;81;;5;0;0;0;0;0
3096;240;20181107;1;160;50;40;60;116;;91;0;0;0;0;10054;70;8;84;;5;0;0;0;0;0
3097;240;20181107;2;160;50;50;80;115;;86;0;0;0;0;10052;70;8;82;;5;0;0;0;0;0
3098;240;20181107;3;140;50;50;70;107;;79;0;0;0;0;10047;70;8;83;;5;0;0;0;0;0
3099;240;20181107;4;140;50;50;70;96;;73;0;0;0;0;10046;70;2;85;;5;0;0;0;0;0
3100;240;20181107;5;130;50;50;70;90;;70;0;0;0;0;10045;70;1;87;;5;0;0;0;0;0
3101;240;20181107;6;130;50;50;70;86;72.0;67;0;0;0;0;10044;70;0;87;;5;0;0;0;0;0
3102;240;20181107;7;140;60;60;80;92;;69;0;1;0;0;10043;70;8;85;;5;0;0;0;0;0
3103;240;20181107;8;140;60;60;100;101;;74;3;14;0;0;10044;70;8;83;;5;0;0;0;0;0
3104;240;20181107;9;140;70;80;100;106;;75;0;28;0;0;10044;75;8;80;;5;0;0;0;0;0
3105;240;20181107;10;150;80;90;120;121;;78;6;79;0;0;10045;75;8;74;;5;0;0;0;0;0
3106;240;20181107;11;150;80;70;120;125;;82;6;78;0;0;10044;75;8;75;;5;0;0;0;0;0
3107;240;20181107;12;160;70;70;110;129;72.0;83;0;42;0;-1;10045;75;8;73;23.0;7;0;1;0;0;0
3108;240;20181107;13;170;80;80;130;128;;81;0;35;0;-1;10048;75;8;73;51.0;7;0;1;0;0;0
3109;240;20181107;14;160;70;70;110;114;;91;0;16;10;5;10051;70;8;85;81.0;7;0;1;0;0;0
3110;240;20181107;15;170;70;80;110;117;;90;0;7;0;-1;10057;70;8;83;23.0;7;0;1;0;0;0
3111;240;20181107;16;160;70;80;110;114;;93;0;3;0;0;10057;70;8;86;;5;0;0;0;0;0
3112;240;20181107;17;170;70;70;110;115;;97;0;0;0;0;10067;70;8;88;;5;0;0;0;0;0
3113;240;20181107;18;170;80;80;120;116;107.0;96;0;0;0;0;10073;70;8;88;2.0;7;0;0;0;0;0
3114;240;20181107;19;170;70;70;110;110;;93;0;0;0;0;10078;70;8;89;;5;0;0;0;0;0
3115;240;20181107;20;170;70;70;100;109;;91;0;0;0;0;10084;70;8;89;;5;0;0;0;0;0
3116;240;20181107;21;170;70;70;100;103;;88;0;0;0;0;10092;70;0;90;;5;0;0;0;0;0
3117;240;20181107;22;170;60;60;90;101;;87;0;0;0;0;10099;70;0;90;;5;0;0;0;0;0
3118;240;20181107;23;170;60;50;80;97;;85;0;0;0;0;10104;65;0;92;;5;0;0;0;0;0
3119;240;20181107;24;170;60;60;80;95;84.0;84;0;0;0;0;10112;65;0;92;;5;0;0;0;0;0
3120;240;20181108;1;170;60;60;100;94;;83;0;0;0;0;10118;65;3;92;;5;0;0;0;0;0
3121;240;20181108;2;170;60;60;80;95;;83;0;0;0;0;10125;65;8;92;;5;0;0;0;0;0
3122;240;20181108;3;180;60;50;80;93;;82;0;0;0;0;10132;65;5;92;;5;0;0;0;0;0
3123;240;20181108;4;200;50;50;70;97;;84;0;0;0;0;10142;65;6;91;;5;0;0;0;0;0
3124;240;20181108;5;200;60;60;90;99;;82;0;0;0;0;10154;70;6;89;;5;0;0;0;0;0
3125;240;20181108;6;210;50;40;90;86;74.0;71;0;0;0;0;10167;70;1;90;;5;0;0;0;0;0
3126;240;20181108;7;220;40;40;60;70;;60;0;0;0;0;10177;65;1;92;;5;0;0;0;0;0
3127;240;20181108;8;180;30;40;50;84;;71;7;20;0;0;10187;65;0;91;;5;0;0;0;0;0
3128;240;20181108;9;200;50;50;70;100;;76;10;58;0;0;10195;70;0;85;;5;0;0;0;0;0
3129;240;20181108;10;190;50;50;70;112;;80;10;92;0;0;10201;75;0;80;;5;0;0;0;0;0
3130;240;20181108;11;180;50;40;70;120;;78;10;115;0;0;10204;75;0;75;;5;0;0;0;0;0
3131;240;20181108;12;170;40;40;70;126;51.0;87;10;120;0;0;10205;72;0;77;;5;0;0;0;0;0
3132;240;20181108;13;160;50;60;70;126;;85;10;110;0;0;10203;72;0;76;;5;0;0;0;0;0
3133;240;20181108;14;170;50;50;70;125;;79;10;84;0;0;10202;72;0;73;;5;0;0;0;0;0
3134;240;20181108;15;170;40;40;70;114;;67;10;46;0;0;10200;75;0;72;;5;0;0;0;0;0
3135;240;20181108;16;140;30;30;50;86;;56;3;11;0;0;10199;70;0;81;;5;0;0;0;0;0
3136;240;20181108;17;120;30;30;30;73;;47;0;0;0;0;10199;70;0;83;;5;0;0;0;0;0
3137;240;20181108;18;110;30;30;40;68;31.0;51;0;0;0;0;10198;70;0;88;;5;0;0;0;0;0
3138;240;20181108;19;110;30;30;40;60;;46;0;0;0;0;10196;70;0;90;;5;0;0;0;0;0
3139;240;20181108;20;90;30;30;40;56;;46;0;0;0;0;10192;65;0;93;;5;0;0;0;0;0
3140;240;20181108;21;110;40;40;60;64;;47;0;0;0;0;10189;70;3;88;;5;0;0;0;0;0
3141;240;20181108;22;90;40;40;50;64;;43;0;0;0;0;10184;70;8;86;;5;0;0;0;0;0
3142;240;20181108;23;90;40;50;60;69;;41;0;0;0;0;10177;70;8;81;;5;0;0;0;0;0
3143;240;20181108;24;90;50;40;60;69;26.0;41;0;0;0;0;10170;70;8;82;;5;0;0;0;0;0
3144;240;20181109;1;90;50;50;70;76;;46;0;0;0;0;10162;70;8;81;;5;0;0;0;0;0
3145;240;20181109;2;90;50;50;70;74;;50;0;0;0;0;10155;69;8;84;;5;0;0;0;0;0
3146;240;20181109;3;90;40;50;60;72;;52;0;0;0;0;10147;64;8;86;;5;0;0;0;0;0
3147;240;20181109;4;90;40;40;60;74;;55;0;0;0;0;10141;62;8;88;;5;0;0;0;0;0
3148;240;20181109;5;110;40;40;60;75;;58;0;0;0;0;10138;61;8;89;;5;0;0;0;0;0
3149;240;20181109;6;120;40;40;60;75;54.0;58;0;0;0;0;10136;61;8;89;;5;0;0;0;0;0
3150;240;20181109;7;120;40;40;60;74;;60;0;0;0;0;10133;60;8;91;;5;0;0;0;0;0
3151;240;20181109;8;130;40;40;50;78;;65;2;12;0;0;10129;59;8;91;10.0;7;0;0;0;0;0
3152;240;20181109;9;140;40;50;60;92;;74;8;51;0;0;10126;60;8;88;;5;0;0;0;0;0
3153;240;20181109;10;160;40;50;60;93;;69;6;61;0;0;10125;66;8;85;;5;0;0;0;0;0
3154;240;20181109;11;140;40;40;60;96;;76;2;60;0;0;10118;65;8;87;;5;0;0;0;0;0
3155;240;20181109;12;150;40;40;60;108;67.0;82;5;83;0;0;10110;68;8;83;;5;0;0;0;0;0
3156;240;20181109;13;150;50;50;80;108;;83;2;63;0;0;10104;70;8;84;;5;0;0;0;0;0
3157;240;20181109;14;150;50;50;70;107;;81;3;50;0;0;10098;69;8;84;;5;0;0;0;0;0
3158;240;20181109;15;150;60;60;90;109;;80;5;33;0;0;10096;70;8;82;;5;0;0;0;0;0
3159;240;20181109;16;140;50;50;80;96;;76;3;9;0;0;10090;70;3;87;;5;0;0;0;0;0
3160;240;20181109;17;130;50;60;80;96;;77;0;0;0;0;10086;68;0;87;;5;0;0;0;0;0
3161;240;20181109;18;130;60;60;80;95;79.0;77;0;0;0;0;10076;67;0;88;;5;0;0;0;0;0
3162;240;20181109;19;140;60;60;80;96;;75;0;0;0;0;10071;68;1;87;;5;0;0;0;0;0
3163;240;20181109;20;150;60;60;90;101;;75;0;0;0;0;10067;70;5;84;;5;0;0;0;0;0
3164;240;20181109;21;150;70;60;90;105;;77;0;0;0;0;10057;70;8;82;;5;0;0;0;0;0
3165;240;20181109;22;150;70;70;100;102;;81;0;0;0;0;10046;70;8;87;;5;0;0;0;0;0
3166;240;20181109;23;150;70;60;100;102;;84;0;0;0;0;10039;70;8;89;;5;0;0;0;0;0
3167;240;20181109;24;150;70;70;100;110;83.0;89;0;0;0;0;10029;70;8;86;;5;0;0;0;0;0
3168;240;20181110;1;150;70;80;110;114;;89;0;0;0;0;10019;70;8;84;;5;0;0;0;0;0
3169;240;20181110;2;150;80;80;120;115;;90;0;0;0;0;10007;70;8;84;;5;0;0;0;0;0
3170;240;20181110;3;150;90;90;120;117;;88;0;0;0;0;9996;70;8;82;;5;0;0;0;0;0
3171;240;20181110;4;140;90;90;120;112;;95;0;0;8;2;9986;67;8;89;81.0;7;0;1;0;0;0
3172;240;20181110;5;160;90;80;140;112;;98;0;0;9;5;9982;65;8;91;57.0;7;0;1;0;0;0
3173;240;20181110;6;170;90;90;130;111;102.0;104;0;0;9;4;9983;56;8;95;61.0;7;0;1;0;0;0
3174;240;20181110;7;180;90;80;140;111;;104;0;0;5;3;9987;60;8;95;23.0;7;0;1;0;0;0
3175;240;20181110;8;180;80;80;120;112;;106;0;2;10;1;9995;57;8;96;52.0;7;0;1;0;0;0
3176;240;20181110;9;180;70;70;110;115;;108;0;7;0;-1;10000;65;8;95;23.0;7;0;1;0;0;0
3177;240;20181110;10;180;70;60;100;119;;109;0;19;0;0;10003;65;8;93;;5;0;0;0;0;0
3178;240;20181110;11;180;60;70;100;128;;110;0;40;0;0;10004;70;8;88;;5;0;0;0;0;0
3179;240;20181110;12;170;60;60;90;129;108.0;109;0;21;0;0;10001;70;8;87;2.0;7;0;0;0;0;0
3180;240;20181110;13;160;70;60;100;125;;106;0;18;0;-1;10002;70;8;88;81.0;7;0;1;0;0;0
3181;240;20181110;14;170;70;70;100;123;;108;0;19;0;-1;10000;70;8;90;57.0;7;0;1;0;0;0
3182;240;20181110;15;170;60;50;100;120;;113;2;13;9;10;9997;65;8;96;57.0;7;0;1;0;0;0
3183;240;20181110;16;160;50;50;70;117;;111;0;5;0;-1;9995;65;8;96;61.0;7;0;1;0;0;0
3184;240;20181110;17;180;50;40;70;114;;110;0;0;7;4;9995;65;8;97;23.0;7;0;1;0;0;0
3185;240;20181110;18;190;60;60;80;114;110.0;107;0;0;5;1;10000;65;8;95;51.0;7;0;1;0;0;0
3186;240;20181110;19;180;50;50;80;113;;106;0;0;2;1;10002;64;8;95;23.0;7;0;1;0;0;0
3187;240;20181110;20;170;50;60;80;105;;99;0;0;0;0;10005;65;4;95;;5;0;0;0;0;0
3188;240;20181110;21;160;50;40;70;97;;92;0;0;0;0;10005;65;0;97;1.0;7;0;0;0;0;0
3189;240;20181110;22;160;60;60;90;99;;92;0;0;0;0;10006;65;0;95;;5;0;0;0;0;0
3190;240;20181110;23;150;60;60;80;92;;84;0;0;0;0;10006;65;7;95;;5;0;0;0;0;0
3191;240;20181110;24;160;60;60;80;97;83.0;91;0;0;0;0;10003;65;8;95;3.0;7;0;0;0;0;0
3192;240;20181111;1;160;60;60;90;104;;97;0;0;0;-1;10001;65;8;95;81.0;7;0;1;0;0;0
3193;240;20181111;2;160;70;70;100;110;;100;0;0;0;-1;10001;65;8;93;23.0;7;0;1;0;0;0
3194;240;20181111;3;170;70;70;100;113;;99;0;0;0;0;9999;65;8;91;2.0;7;0;0;0;0;0
3195;240;20181111;4;170;70;70;110;113;;100;0;0;0;-1;9999;65;8;91;81.0;7;0;1;0;0;0
3196;240;20181111;5;170;70;70;100;113;;99;0;0;0;-1;10000;65;8;91;23.0;7;0;1;0;0;0
3197;240;20181111;6;170;70;70;110;107;90.0;98;0;0;7;3;10002;65;8;94;51.0;7;0;1;0;0;0
3198;240;20181111;7;170;70;70;100;107;;99;0;0;0;-1;10007;65;8;94;81.0;7;0;1;0;0;0
3199;240;20181111;8;180;60;70;90;109;;98;0;5;0;-1;10012;65;8;93;23.0;7;0;1;0;0;0
3200;240;20181111;9;180;60;60;100;115;;102;0;16;0;-1;10017;65;8;91;23.0;7;0;1;0;0;0
3201;240;20181111;10;180;70;80;110;122;;100;0;34;0;0;10022;70;8;86;;5;0;0;0;0;0
3202;240;20181111;11;190;90;90;130;126;;94;3;39;0;0;10029;70;8;81;;5;0;0;0;0;0
3203;240;20181111;12;200;90;90;130;129;100.0;96;0;47;0;0;10032;75;8;80;2.0;7;0;0;0;0;0
3204;240;20181111;13;200;90;90;120;134;;98;1;37;0;0;10033;75;8;78;;5;0;0;0;0;0
3205;240;20181111;14;200;90;80;140;134;;96;8;63;0;0;10038;75;8;77;;5;0;0;0;0;0
3206;240;20181111;15;190;80;80;120;129;;93;3;23;0;0;10045;75;8;78;;5;0;0;0;0;0
3207;240;20181111;16;190;70;70;110;124;;90;0;4;0;0;10050;75;8;79;;5;0;0;0;0;0
3208;240;20181111;17;220;50;30;110;103;;80;0;0;0;-1;10057;70;8;85;23.0;7;0;1;0;0;0
3209;240;20181111;18;210;50;50;90;102;94.0;91;0;0;5;41;10070;65;8;93;26.0;7;0;1;0;1;0
3210;240;20181111;19;190;50;40;90;93;;82;0;0;5;4;10072;65;8;92;23.0;7;0;1;0;0;0
3211;240;20181111;20;180;40;40;50;87;;77;0;0;0;0;10080;65;7;93;;5;0;0;0;0;0
3212;240;20181111;21;170;40;40;50;88;;80;0;0;0;0;10089;65;8;94;3.0;7;0;0;0;0;0
3213;240;20181111;22;170;40;40;50;85;;80;0;0;0;0;10095;65;8;96;;5;0;0;0;0;0
3214;240;20181111;23;170;40;40;60;86;;81;0;0;0;0;10099;65;8;96;;5;0;0;0;0;0
3215;240;20181111;24;150;30;30;50;80;69.0;77;0;0;0;0;10103;59;8;97;10.0;7;0;0;0;0;0
3216;240;20181112;1;160;30;30;50;85;;83;0;0;0;0;10108;59;8;98;10.0;7;0;0;0;0;0
3217;240;20181112;2;160;30;30;40;88;;85;0;0;0;0;10105;56;8;98;10.0;7;0;0;0;0;0
3218;240;20181112;3;150;30;40;50;88;;86;0;0;0;0;10111;50;8;98;10.0;7;0;0;0;0;0
3219;240;20181112;4;150;40;50;60;97;;94;0;0;0;0;10109;57;8;97;10.0;7;0;0;0;0;0
3220;240;20181112;5;170;40;30;60;100;;96;0;0;0;-1;10107;59;8;97;57.0;7;0;1;0;0;0
3221;240;20181112;6;170;40;40;60;101;70.0;97;0;0;9;3;10109;59;8;97;61.0;7;0;1;0;0;0
3222;240;20181112;7;160;50;50;60;101;;99;0;0;10;3;10114;57;8;98;61.0;7;0;1;0;0;0
3223;240;20181112;8;170;40;30;60;103;;101;0;4;10;4;10116;56;8;98;58.0;7;0;1;0;0;0
3224;240;20181112;9;170;30;20;40;104;;102;0;9;10;1;10115;56;8;98;61.0;7;0;1;0;0;0
3225;240;20181112;10;180;30;30;50;108;;104;0;22;0;-1;10120;57;8;97;51.0;7;0;1;0;0;0
3226;240;20181112;11;190;30;30;50;117;;107;0;39;0;-1;10121;63;8;93;51.0;7;0;1;0;0;0
3227;240;20181112;12;200;40;40;60;119;97.0;106;0;52;0;-1;10124;65;8;91;81.0;7;0;1;0;0;0
3228;240;20181112;13;190;40;40;60;119;;102;4;64;0;-1;10122;70;8;89;23.0;7;0;1;0;0;0
3229;240;20181112;14;200;40;40;60;117;;99;0;39;0;0;10130;70;8;88;;5;0;0;0;0;0
3230;240;20181112;15;210;50;40;70;115;;98;2;16;0;0;10135;70;8;89;2.0;7;0;0;0;0;0
3231;240;20181112;16;190;40;40;50;98;;87;3;6;0;0;10140;65;8;93;;5;0;0;0;0;0
3232;240;20181112;17;190;40;30;60;92;;83;0;0;0;0;10144;65;8;94;;5;0;0;0;0;0
3233;240;20181112;18;180;40;40;50;94;80.0;88;0;0;0;0;10153;65;8;96;2.0;7;0;0;0;0;0
3234;240;20181112;19;180;40;50;70;96;;88;0;0;0;0;10157;62;8;94;;5;0;0;0;0;0
3235;240;20181112;20;180;50;60;80;95;;85;0;0;0;0;10159;64;8;93;;5;0;0;0;0;0
3236;240;20181112;21;180;60;60;90;95;;83;0;0;0;0;10163;65;8;91;;5;0;0;0;0;0
3237;240;20181112;22;180;50;50;80;91;;80;0;0;0;0;10163;63;8;93;;5;0;0;0;0;0
3238;240;20181112;23;180;50;60;80;92;;80;0;0;0;0;10162;64;8;92;;5;0;0;0;0;0
3239;240;20181112;24;190;60;50;80;92;81.0;80;0;0;0;0;10164;65;8;91;;5;0;0;0;0;0
3240;240;20181113;1;180;50;50;80;87;;77;0;0;0;0;10165;62;8;93;;5;0;0;0;0;0
3241;240;20181113;2;190;60;60;80;91;;80;0;0;0;0;10167;64;8;92;;5;0;0;0;0;0
3242;240;20181113;3;200;50;50;80;93;;84;0;0;0;0;10166;62;8;93;;5;0;0;0;0;0
3243;240;20181113;4;180;50;60;80;97;;86;0;0;0;0;10167;60;7;92;;5;0;0;0;0;0
3244;240;20181113;5;190;50;60;90;95;;84;0;0;0;0;10167;59;8;92;10.0;7;0;0;0;0;0
3245;240;20181113;6;190;60;70;90;91;78.0;81;0;0;0;0;10169;59;7;93;10.0;7;0;0;0;0;0
3246;240;20181113;7;200;70;70;100;95;;83;0;0;0;0;10173;62;8;92;;5;0;0;0;0;0
3247;240;20181113;8;210;80;90;130;102;;81;0;6;0;0;10182;69;8;86;;5;0;0;0;0;0
3248;240;20181113;9;210;90;90;140;105;;79;2;23;0;0;10189;70;4;83;;5;0;0;0;0;0
3249;240;20181113;10;220;100;90;150;111;;81;8;90;0;0;10196;70;2;81;;5;0;0;0;0;0
3250;240;20181113;11;230;90;100;140;122;;88;10;86;0;0;10203;75;4;79;;5;0;0;0;0;0
3251;240;20181113;12;230;100;100;150;123;82.0;88;8;81;0;0;10208;71;5;79;;5;0;0;0;0;0
3252;240;20181113;13;240;100;90;150;133;;89;10;110;0;0;10215;69;8;74;;5;0;0;0;0;0
3253;240;20181113;14;240;100;100;150;132;;85;10;86;0;0;10222;70;6;73;;5;0;0;0;0;0
3254;240;20181113;15;240;90;70;150;123;;90;10;39;0;0;10233;66;3;80;;5;0;0;0;0;0
3255;240;20181113;16;230;70;70;120;115;;87;2;8;0;0;10240;64;1;83;;5;0;0;0;0;0
3256;240;20181113;17;230;60;60;100;105;;85;0;0;0;0;10247;64;1;87;;5;0;0;0;0;0
3257;240;20181113;18;220;50;50;80;98;87.0;81;0;0;0;0;10254;66;4;89;;5;0;0;0;0;0
3258;240;20181113;19;210;40;40;60;91;;81;0;0;0;0;10257;64;0;93;;5;0;0;0;0;0
3259;240;20181113;20;210;50;50;70;86;;76;0;0;0;0;10262;64;0;93;;5;0;0;0;0;0
3260;240;20181113;21;210;60;50;80;90;;81;0;0;0;0;10267;64;0;94;;5;0;0;0;0;0
3261;240;20181113;22;210;50;50;80;83;;76;0;0;0;0;10271;63;0;95;;5;0;0;0;0;0
3262;240;20181113;23;200;50;50;70;83;;77;0;0;0;0;10270;62;8;95;;5;0;0;0;0;0
3263;240;20181113;24;200;50;50;60;86;70.0;80;0;0;0;0;10273;61;8;96;;5;0;0;0;0;0
3264;240;20181114;1;200;50;50;70;85;;79;0;0;0;0;10273;60;8;96;;5;0;0;0;0;0
3265;240;20181114;2;180;40;40;60;84;;78;0;0;0;0;10271;63;8;96;;5;0;0;0;0;0
3266;240;20181114;3;180;40;40;50;89;;80;0;0;0;0;10264;63;8;94;;5;0;0;0;0;0
3267;240;20181114;4;180;40;50;70;81;;70;0;0;0;0;10260;65;5;92;;5;0;0;0;0;0
3268;240;20181114;5;190;40;40;60;71;;63;0;0;0;0;10264;65;8;94;;5;0;0;0;0;0
3269;240;20181114;6;180;40;40;50;64;53.0;58;0;0;0;0;10266;62;8;95;;5;0;0;0;0;0
3270;240;20181114;7;180;40;30;50;65;;59;0;0;0;0;10266;61;8;95;;5;0;0;0;0;0
3271;240;20181114;8;170;40;40;60;72;;64;7;15;0;0;10267;61;8;94;;5;0;0;0;0;0
3272;240;20181114;9;180;40;40;70;85;;72;10;44;0;0;10270;63;8;91;;5;0;0;0;0;0
3273;240;20181114;10;180;50;50;70;100;;83;10;73;0;0;10271;63;8;89;;5;0;0;0;0;0
3274;240;20181114;11;180;50;50;70;111;;88;10;85;0;0;10267;65;8;85;;5;0;0;0;0;0
3275;240;20181114;12;190;50;60;80;120;51.0;89;10;99;0;0;10264;67;8;81;;5;0;0;0;0;0
3276;240;20181114;13;190;50;50;80;126;;92;4;65;0;0;10260;72;8;79;;5;0;0;0;0;0
3277;240;20181114;14;180;60;60;80;127;;84;10;84;0;0;10256;72;8;75;;5;0;0;0;0;0
3278;240;20181114;15;170;50;50;80;115;;86;10;41;0;0;10256;70;8;82;;5;0;0;0;0;0
3279;240;20181114;16;160;50;40;70;97;;76;2;9;0;0;10254;70;8;86;;5;0;0;0;0;0
3280;240;20181114;17;150;30;30;50;86;;72;0;0;0;0;10255;70;8;90;;5;0;0;0;0;0
3281;240;20181114;18;140;40;40;50;83;60.0;66;0;0;0;0;10253;70;8;89;;5;0;0;0;0;0
3282;240;20181114;19;140;40;40;50;78;;63;0;0;0;0;10253;69;8;90;;5;0;0;0;0;0
3283;240;20181114;20;140;30;30;50;67;;55;0;0;0;0;10251;65;8;92;;5;0;0;0;0;0
3284;240;20181114;21;140;40;40;50;66;;55;0;0;0;0;10250;65;8;92;;5;0;0;0;0;0
3285;240;20181114;22;140;40;30;50;62;;54;0;0;0;0;10249;64;8;94;;5;0;0;0;0;0
3286;240;20181114;23;150;30;40;50;64;;57;0;0;0;0;10247;61;8;95;;5;0;0;0;0;0
3287;240;20181114;24;130;40;40;50;59;43.0;54;0;0;0;0;10247;59;8;96;10.0;7;0;0;0;0;0
3288;240;20181115;1;140;40;30;60;58;;50;0;0;0;0;10245;59;8;94;10.0;7;0;0;0;0;0
3289;240;20181115;2;140;30;30;50;55;;47;0;0;0;0;10243;61;8;94;;5;0;0;0;0;0
3290;240;20181115;3;140;30;40;50;54;;45;0;0;0;0;10243;62;8;93;;5;0;0;0;0;0
3291;240;20181115;4;150;40;40;60;50;;41;0;0;0;0;10242;63;8;93;;5;0;0;0;0;0
3292;240;20181115;5;150;30;40;50;45;;37;0;0;0;0;10242;62;8;94;;5;0;0;0;0;0
3293;240;20181115;6;140;30;30;50;44;29.0;37;0;0;0;0;10244;61;8;95;;5;0;0;0;0;0
3294;240;20181115;7;130;30;40;50;50;;40;0;0;0;0;10246;63;1;93;;5;0;0;0;0;0
3295;240;20181115;8;120;30;30;50;55;;45;7;11;0;0;10249;60;8;93;;5;0;0;0;0;0
3296;240;20181115;9;140;30;40;60;68;;51;10;43;0;0;10250;59;2;89;10.0;7;0;0;0;0;0
3297;240;20181115;10;140;40;40;60;82;;58;10;76;0;0;10250;60;1;84;;5;0;0;0;0;0
3298;240;20181115;11;150;40;40;50;101;;71;10;99;0;0;10245;62;0;81;;5;0;0;0;0;0
3299;240;20181115;12;140;40;30;50;109;31.0;73;10;106;0;0;10242;63;0;78;;7;0;0;0;0;0
3300;240;20181115;13;140;40;40;60;121;;79;10;97;0;0;10240;70;0;75;;5;0;0;0;0;0
3301;240;20181115;14;140;40;40;60;122;;80;10;73;0;0;10240;70;0;75;;5;0;0;0;0;0
3302;240;20181115;15;130;40;30;60;116;;73;10;40;0;0;10239;66;0;74;;5;0;0;0;0;0
3303;240;20181115;16;110;30;30;40;88;;64;2;7;0;0;10238;64;0;85;;5;0;0;0;0;0
3304;240;20181115;17;110;30;20;50;87;;65;0;0;0;0;10239;62;0;86;;5;0;0;0;0;0
3305;240;20181115;18;120;30;40;60;92;55.0;69;0;0;0;0;10241;61;0;85;;5;0;0;0;0;0
3306;240;20181115;19;110;30;30;50;80;;64;0;0;0;0;10245;60;0;89;;5;0;0;0;0;0
3307;240;20181115;20;120;30;30;50;73;;54;0;0;0;0;10246;63;0;87;;5;0;0;0;0;0
3308;240;20181115;21;120;20;20;40;63;;45;0;0;0;0;10250;64;0;88;;5;0;0;0;0;0
3309;240;20181115;22;120;20;20;30;53;;38;0;0;0;0;10253;66;0;90;;5;0;0;0;0;0
3310;240;20181115;23;130;20;20;40;49;;33;0;0;0;0;10255;65;0;89;;5;0;0;0;0;0
3311;240;20181115;24;110;20;20;30;33;7.0;24;0;0;0;0;10257;63;0;93;;5;0;0;0;0;0
3312;240;20181116;1;120;30;30;50;33;;25;0;0;0;0;10258;60;0;94;;5;0;0;0;0;0
3313;240;20181116;2;120;40;40;60;27;;21;0;0;0;0;10258;58;0;95;10.0;7;0;0;0;0;0
3314;240;20181116;3;100;30;20;50;18;;12;0;0;0;0;10260;57;0;96;10.0;7;0;0;0;0;0
3315;240;20181116;4;90;20;20;30;6;;2;0;0;0;0;10263;50;0;97;10.0;7;0;0;0;0;0
3316;240;20181116;5;0;20;0;40;8;;4;0;0;0;0;10265;50;0;97;10.0;7;0;0;0;0;0
3317;240;20181116;6;110;20;20;40;10;-18.0;6;0;0;0;0;10272;48;1;97;10.0;7;0;0;0;0;0
3318;240;20181116;7;120;30;40;60;18;;15;0;0;0;0;10276;2;9;98;34.0;7;1;0;0;0;0
3319;240;20181116;8;130;40;30;80;28;;25;0;5;0;0;10283;7;9;98;32.0;7;1;0;0;0;0
3320;240;20181116;9;130;40;40;60;34;;31;0;15;0;0;10284;19;8;97;20.0;7;1;0;0;0;0
3321;240;20181116;10;120;40;40;70;40;;36;0;23;0;0;10286;21;8;97;10.0;7;0;0;0;0;0
3322;240;20181116;11;140;30;20;60;40;;36;0;27;0;0;10290;22;8;97;10.0;7;0;0;0;0;0
3323;240;20181116;12;110;30;20;40;40;-15.0;37;0;27;0;0;10286;15;8;97;10.0;7;0;0;0;0;0
3324;240;20181116;13;90;20;20;40;43;;39;0;23;0;0;10285;23;8;97;10.0;7;0;0;0;0;0
3325;240;20181116;14;110;30;20;50;42;;37;0;18;0;0;10286;29;8;96;10.0;7;0;0;0;0;0
3326;240;20181116;15;100;20;10;40;46;;41;0;15;0;0;10285;30;8;96;10.0;7;0;0;0;0;0
3327;240;20181116;16;100;10;10;30;31;;26;2;5;0;0;10282;29;0;96;10.0;7;0;0;0;0;0
3328;240;20181116;17;80;20;20;20;31;;27;0;0;0;0;10282;23;0;97;10.0;7;0;0;0;0;0
3329;240;20181116;18;60;20;20;20;36;-4.0;33;0;0;0;0;10285;43;0;97;10.0;7;0;0;0;0;0
3330;240;20181116;19;80;30;30;40;35;;26;0;0;0;0;10288;57;0;93;10.0;7;0;0;0;0;0
3331;240;20181116;20;80;30;40;50;44;;32;0;0;0;0;10287;59;0;91;10.0;7;0;0;0;0;0
3332;240;20181116;21;70;30;20;50;49;;35;0;0;0;0;10292;59;0;91;10.0;7;0;0;0;0;0
3333;240;20181116;22;80;30;20;40;43;;27;0;0;0;0;10292;60;0;89;;5;0;0;0;0;0
3334;240;20181116;23;90;30;30;40;36;;22;0;0;0;0;10294;59;0;90;10.0;7;0;0;0;0;0
3335;240;20181116;24;70;30;30;40;30;-5.0;15;0;0;0;0;10296;60;0;89;;5;0;0;0;0;0
3336;240;20181117;1;90;30;30;70;38;;19;0;0;0;0;10299;61;0;87;;5;0;0;0;0;0
3337;240;20181117;2;90;40;40;60;40;;18;0;0;0;0;10300;62;0;85;;5;0;0;0;0;0
3338;240;20181117;3;90;40;40;60;38;;14;0;0;0;0;10301;63;0;84;;5;0;0;0;0;0
3339;240;20181117;4;70;40;30;60;19;;5;0;0;0;0;10304;62;0;90;;5;0;0;0;0;0
3340;240;20181117;5;80;40;40;50;20;;7;0;0;0;0;10305;59;0;91;10.0;7;0;0;0;0;0
3341;240;20181117;6;80;30;40;50;17;1.0;6;0;0;0;0;10305;58;0;92;10.0;7;0;0;0;0;0
3342;240;20181117;7;90;40;50;70;23;;8;0;0;0;0;10307;57;0;89;10.0;7;0;0;0;0;0
3343;240;20181117;8;90;50;40;80;31;;11;3;10;0;0;10312;57;0;86;10.0;7;0;0;0;0;0
3344;240;20181117;9;90;60;50;80;38;;14;10;44;0;0;10313;59;0;84;10.0;7;0;0;0;0;0
3345;240;20181117;10;90;50;50;80;50;;21;10;78;0;0;10319;61;0;81;;5;0;0;0;0;0
3346;240;20181117;11;90;50;50;70;62;;25;10;102;0;0;10316;63;0;77;;5;0;0;0;0;0
3347;240;20181117;12;90;50;50;90;75;1.0;27;10;108;0;0;10316;65;0;71;;5;0;0;0;0;0
3348;240;20181117;13;80;50;50;80;81;;30;10;99;0;0;10315;65;0;70;;5;0;0;0;0;0
3349;240;20181117;14;70;50;50;70;81;;29;10;74;0;0;10313;64;2;69;;5;0;0;0;0;0
3350;240;20181117;15;60;50;60;80;76;;27;10;40;0;0;10312;65;0;71;;5;0;0;0;0;0
3351;240;20181117;16;60;50;50;70;61;;28;2;7;0;0;10312;65;0;79;;5;0;0;0;0;0
3352;240;20181117;17;60;60;60;80;65;;21;0;0;0;0;10313;68;0;73;;5;0;0;0;0;0
3353;240;20181117;18;70;60;60;100;54;41.0;18;0;0;0;0;10314;65;0;77;;5;0;0;0;0;0
3354;240;20181117;19;70;60;60;90;48;;13;0;0;0;0;10316;64;7;77;;5;0;0;0;0;0
3355;240;20181117;20;70;50;50;70;41;;8;0;0;0;0;10314;65;0;78;;5;0;0;0;0;0
3356;240;20181117;21;70;60;70;90;37;;3;0;0;0;0;10315;65;0;77;;5;0;0;0;0;0
3357;240;20181117;22;80;60;50;90;32;;-7;0;0;0;0;10317;65;0;75;;5;0;0;0;0;0
3358;240;20181117;23;80;50;50;80;31;;-11;0;0;0;0;10315;66;0;73;;5;0;0;0;0;0
3359;240;20181117;24;80;50;40;80;24;8.0;-12;0;0;0;0;10316;64;0;77;;5;0;0;0;0;0
3360;240;20181118;1;70;50;50;80;19;;-11;0;0;0;0;10316;62;0;80;;5;0;0;0;0;0
3361;240;20181118;2;70;50;50;80;16;;-11;0;0;0;0;10316;61;0;82;;5;0;0;0;0;0
3362;240;20181118;3;70;50;40;70;14;;-11;0;0;0;0;10318;61;0;83;;5;0;0;0;0;0
3363;240;20181118;4;80;40;40;60;10;;-12;0;0;0;0;10315;59;1;85;10.0;7;0;0;0;0;0
3364;240;20181118;5;70;50;60;80;12;;-10;0;0;0;0;10313;60;8;85;;5;0;0;0;0;0
3365;240;20181118;6;70;50;50;80;9;-7.0;-12;0;0;0;0;10313;60;1;85;;5;0;0;0;0;0
3366;240;20181118;7;60;50;40;70;5;;-16;0;0;0;0;10316;62;0;85;;5;0;0;0;0;0
3367;240;20181118;8;50;50;50;70;13;;-8;5;11;0;0;10314;61;0;86;;5;0;0;0;0;0
3368;240;20181118;9;60;50;50;80;26;;-8;10;44;0;0;10314;65;0;78;;5;0;0;0;0;0
3369;240;20181118;10;60;50;60;80;46;;-25;10;80;0;0;10309;71;0;60;;5;0;0;0;0;0
3370;240;20181118;11;60;70;70;120;53;;-13;10;99;0;0;10307;74;0;62;;5;0;0;0;0;0
3371;240;20181118;12;50;60;70;100;65;-8.0;-17;10;105;0;0;10301;72;7;56;;5;0;0;0;0;0
3372;240;20181118;13;60;70;70;100;61;;-17;8;98;0;0;10297;79;8;57;;5;0;0;0;0;0
3373;240;20181118;14;60;70;60;110;56;;-15;5;50;0;0;10293;80;8;60;;5;0;0;0;0;0
3374;240;20181118;15;50;60;70;100;59;;-28;7;28;0;0;10292;81;8;53;;5;0;0;0;0;0
3375;240;20181118;16;60;70;70;110;51;;-41;2;9;0;0;10289;83;7;51;;5;0;0;0;0;0
3376;240;20181118;17;60;60;60;100;47;;-40;0;0;0;0;10285;83;2;53;;5;0;0;0;0;0
3377;240;20181118;18;60;50;50;90;43;23.0;-32;0;0;0;0;10285;83;1;58;;5;0;0;0;0;0
3378;240;20181118;19;60;60;60;100;44;;-7;0;0;0;0;10286;77;6;69;;5;0;0;0;0;0
3379;240;20181118;20;60;70;70;110;42;;15;0;0;0;0;10283;60;6;82;;5;0;0;0;0;0
3380;240;20181118;21;60;60;60;100;52;;26;0;0;0;0;10283;64;8;83;;5;0;0;0;0;0
3381;240;20181118;22;50;60;60;120;53;;27;0;0;0;0;10277;62;8;83;;5;0;0;0;0;0
3382;240;20181118;23;60;70;70;110;54;;27;0;0;0;0;10276;66;3;83;;5;0;0;0;0;0
3383;240;20181118;24;60;80;70;120;50;23.0;31;0;0;0;0;10273;63;2;86;;5;0;0;0;0;0
3384;240;20181119;1;60;70;60;110;50;;30;0;0;0;0;10266;62;2;87;;5;0;0;0;0;0
3385;240;20181119;2;50;70;60;110;53;;31;0;0;0;0;10262;69;7;85;;5;0;0;0;0;0
3386;240;20181119;3;70;80;90;140;55;;33;0;0;0;0;10258;70;8;86;;5;0;0;0;0;0
3387;240;20181119;4;70;80;80;130;54;;33;0;0;0;0;10255;70;8;86;;5;0;0;0;0;0
3388;240;20181119;5;60;80;80;130;57;;30;0;0;0;0;10250;70;8;82;;5;0;0;0;0;0
3389;240;20181119;6;50;80;70;140;56;37.0;31;0;0;0;0;10244;70;8;83;;5;0;0;0;0;0
3390;240;20181119;7;50;70;80;130;58;;33;0;0;0;0;10243;70;8;84;;5;0;0;0;0;0
3391;240;20181119;8;60;80;70;130;60;;29;0;3;0;0;10240;75;8;80;;5;0;0;0;0;0
3392;240;20181119;9;50;80;80;120;61;;29;0;13;0;0;10237;75;8;79;;5;0;0;0;0;0
3393;240;20181119;10;50;80;80;130;64;;32;0;29;0;0;10232;75;8;79;;5;0;0;0;0;0
3394;240;20181119;11;70;80;80;120;63;;29;0;24;0;0;10223;75;8;79;;5;0;0;0;0;0
3395;240;20181119;12;40;70;80;120;65;44.0;34;0;32;0;0;10213;75;8;80;;5;0;0;0;0;0
3396;240;20181119;13;50;80;90;140;65;;30;3;41;0;0;10204;75;7;78;;5;0;0;0;0;0
3397;240;20181119;14;50;90;90;140;65;;22;2;37;0;0;10196;75;8;73;;5;0;0;0;0;0
3398;240;20181119;15;60;90;90;140;60;;23;7;20;0;-1;10192;75;8;76;51.0;7;0;1;0;0;0
3399;240;20181119;16;70;80;70;140;54;;19;0;2;3;2;10192;75;1;77;23.0;7;0;1;0;0;0
3400;240;20181119;17;60;90;90;130;47;;18;0;0;0;0;10190;70;0;81;;5;0;0;0;0;0
3401;240;20181119;18;60;80;90;130;48;35.0;16;0;0;0;0;10187;75;0;79;2.0;7;0;0;0;0;0
3402;240;20181119;19;60;90;90;140;48;;16;0;0;0;0;10185;75;7;79;;5;0;0;0;0;0
3403;240;20181119;20;60;80;90;130;44;;9;0;0;0;0;10181;75;2;78;;5;0;0;0;0;0
3404;240;20181119;21;60;90;90;150;41;;7;0;0;0;0;10177;75;3;78;;5;0;0;0;0;0
3405;240;20181119;22;60;90;100;150;37;;5;0;0;0;0;10172;75;1;79;;5;0;0;0;0;0
3406;240;20181119;23;60;90;90;150;41;;7;0;0;0;0;10168;75;8;78;;5;0;0;0;0;0
3407;240;20181119;24;60;100;100;150;43;26.0;9;0;0;0;0;10159;75;8;78;;5;0;0;0;0;0
3408;240;20181120;1;60;90;100;140;43;;4;0;0;0;0;10152;75;8;75;;5;0;0;0;0;0
3409;240;20181120;2;70;100;90;180;34;;-16;0;0;0;0;10149;75;5;70;;5;0;0;0;0;0
3410;240;20181120;3;70;90;100;150;33;;-14;0;0;0;0;10142;75;8;70;;5;0;0;0;0;0
3411;240;20181120;4;70;90;100;150;37;;-12;0;0;0;0;10138;75;8;70;;5;0;0;0;0;0
3412;240;20181120;5;70;100;100;150;38;;-7;0;0;0;0;10131;75;8;72;;5;0;0;0;0;0
3413;240;20181120;6;70;90;80;150;39;19.0;-9;0;0;0;0;10128;75;8;70;;5;0;0;0;0;0
3414;240;20181120;7;70;90;90;140;38;;2;0;0;0;0;10122;75;8;77;;5;0;0;0;0;0
3415;240;20181120;8;70;100;90;160;38;;2;0;3;0;0;10117;75;8;77;;5;0;0;0;0;0
3416;240;20181120;9;70;80;90;130;36;;5;0;4;0;-1;10115;63;8;80;51.0;7;0;1;0;0;0
3417;240;20181120;10;70;90;90;150;37;;4;0;7;0;-1;10112;63;8;79;23.0;7;0;1;0;0;0
3418;240;20181120;11;70;80;80;130;36;;2;0;10;0;0;10108;65;8;78;;5;0;0;0;0;0
3419;240;20181120;12;80;80;80;130;36;30.0;-1;0;9;0;0;10105;66;8;76;2.0;7;0;0;0;0;0
3420;240;20181120;13;80;70;70;120;36;;-7;0;11;0;0;10099;66;8;73;;5;0;0;0;0;0
3421;240;20181120;14;70;80;80;130;36;;-6;0;8;0;0;10096;65;8;74;;5;0;0;0;0;0
3422;240;20181120;15;70;80;90;130;34;;-5;0;7;0;0;10090;64;8;75;;5;0;0;0;0;0
3423;240;20181120;16;70;80;70;120;33;;-6;0;2;0;0;10089;63;8;75;;5;0;0;0;0;0
3424;240;20181120;17;80;70;70;110;34;;-7;0;0;0;0;10090;65;8;74;;5;0;0;0;0;0
3425;240;20181120;18;70;80;80;120;35;29.0;-5;0;0;0;0;10089;65;8;75;;5;0;0;0;0;0
3426;240;20181120;19;90;80;80;130;35;;-2;0;0;0;0;10088;66;8;76;;5;0;0;0;0;0
3427;240;20181120;20;100;80;80;120;30;;-1;0;0;0;0;10090;68;8;80;;5;0;0;0;0;0
3428;240;20181120;21;90;80;80;110;28;;0;0;0;0;0;10091;67;8;81;;5;0;0;0;0;0
3429;240;20181120;22;90;70;80;120;29;;2;0;0;0;0;10092;66;8;82;;5;0;0;0;0;0
3430;240;20181120;23;100;70;70;110;31;;3;0;0;0;0;10096;64;8;81;;5;0;0;0;0;0
3431;240;20181120;24;100;70;60;100;32;25.0;3;0;0;0;0;10099;64;8;81;;5;0;0;0;0;0
3432;240;20181121;1;100;70;70;110;22;;0;0;0;0;0;10101;62;0;85;;5;0;0;0;0;0
3433;240;20181121;2;100;70;70;100;22;;0;0;0;0;0;10110;60;7;85;;5;0;0;0;0;0
3434;240;20181121;3;100;70;70;110;23;;0;0;0;0;0;10117;60;8;84;;5;0;0;0;0;0
3435;240;20181121;4;100;60;60;100;27;;2;0;0;0;0;10125;60;8;83;;5;0;0;0;0;0
3436;240;20181121;5;110;60;60;90;29;;2;0;0;0;-1;10134;60;8;82;23.0;7;0;1;0;0;0
3437;240;20181121;6;90;50;50;90;26;11.0;2;0;0;0;-1;10138;59;8;84;22.0;7;0;1;0;0;0
3438;240;20181121;7;90;50;50;80;25;;1;0;0;0;0;10146;59;8;84;10.0;7;0;0;0;0;0
3439;240;20181121;8;110;60;50;90;27;;1;0;3;0;0;10156;60;8;83;;5;0;0;0;0;0
3440;240;20181121;9;100;50;50;80;32;;5;0;13;0;0;10163;60;8;82;;5;0;0;0;0;0
3441;240;20181121;10;100;50;50;80;35;;6;3;43;0;0;10172;60;8;81;;5;0;0;0;0;0
3442;240;20181121;11;100;40;40;70;40;;9;0;48;0;0;10174;60;8;79;;5;0;0;0;0;0
3443;240;20181121;12;90;30;30;60;47;21.0;9;2;57;0;0;10176;61;8;76;;5;0;0;0;0;0
3444;240;20181121;13;90;30;40;50;50;;13;2;53;0;0;10176;61;8;76;;5;0;0;0;0;0
3445;240;20181121;14;80;40;40;60;49;;10;0;38;0;0;10178;61;8;75;;5;0;0;0;0;0
3446;240;20181121;15;80;40;20;60;48;;13;5;19;0;0;10181;61;8;78;;5;0;0;0;0;0
3447;240;20181121;16;70;30;30;50;45;;15;0;5;0;0;10185;60;8;80;;5;0;0;0;0;0
3448;240;20181121;17;80;40;40;60;40;;13;0;0;0;0;10189;59;8;82;10.0;7;0;0;0;0;0
3449;240;20181121;18;80;40;40;60;41;34.0;12;0;0;0;0;10191;59;8;81;10.0;7;0;0;0;0;0
3450;240;20181121;19;90;40;40;60;40;;12;0;0;0;0;10196;59;8;82;10.0;7;0;0;0;0;0
3451;240;20181121;20;80;30;30;50;42;;14;0;0;0;0;10201;59;8;82;10.0;7;0;0;0;0;0
3452;240;20181121;21;90;30;30;50;40;;13;0;0;0;0;10200;60;8;82;;5;0;0;0;0;0
3453;240;20181121;22;90;30;40;60;40;;9;0;0;0;0;10202;59;8;79;4.0;7;0;0;0;0;0
3454;240;20181121;23;70;40;40;70;37;;11;0;0;0;0;10201;58;8;83;10.0;7;0;0;0;0;0
3455;240;20181121;24;80;50;50;80;31;28.0;7;0;0;0;0;10202;56;8;84;10.0;7;0;0;0;0;0
3456;240;20181122;1;80;50;50;70;30;;7;0;0;0;0;10202;56;8;84;10.0;7;0;0;0;0;0
3457;240;20181122;2;80;50;40;70;30;;5;0;0;0;0;10202;56;8;84;10.0;7;0;0;0;0;0
3458;240;20181122;3;70;40;40;60;30;;8;0;0;0;0;10202;56;8;85;10.0;7;0;0;0;0;0
3459;240;20181122;4;90;40;40;60;30;;6;0;0;0;0;10201;56;8;84;10.0;7;0;0;0;0;0
3460;240;20181122;5;80;40;50;70;28;;7;0;0;0;0;10199;56;8;85;10.0;7;0;0;0;0;0
3461;240;20181122;6;80;50;50;80;26;24.0;5;0;0;0;0;10199;56;8;86;10.0;7;0;0;0;0;0
3462;240;20181122;7;80;50;40;70;26;;6;0;0;0;0;10200;56;8;86;10.0;7;0;0;0;0;0
3463;240;20181122;8;80;40;40;60;29;;7;0;2;0;0;10200;57;8;85;10.0;7;0;0;0;0;0
3464;240;20181122;9;70;40;40;60;31;;8;0;13;0;0;10201;57;8;84;10.0;7;0;0;0;0;0
3465;240;20181122;10;80;40;40;60;35;;12;0;24;0;0;10202;57;8;84;10.0;7;0;0;0;0;0
3466;240;20181122;11;90;40;40;50;38;;13;0;30;0;0;10201;57;8;83;10.0;7;0;0;0;0;0
3467;240;20181122;12;100;40;40;50;37;23.0;12;0;26;0;0;10197;57;8;83;10.0;7;0;0;0;0;0
3468;240;20181122;13;80;30;30;50;39;;13;0;30;0;0;10194;57;8;83;10.0;7;0;0;0;0;0
3469;240;20181122;14;70;40;40;70;42;;16;2;26;0;0;10192;57;8;82;10.0;7;0;0;0;0;0
3470;240;20181122;15;90;40;40;70;41;;14;8;21;0;0;10191;57;8;82;10.0;7;0;0;0;0;0
3471;240;20181122;16;80;30;30;50;38;;15;0;3;0;0;10191;57;8;84;10.0;7;0;0;0;0;0
3472;240;20181122;17;70;40;40;70;38;;15;0;0;0;0;10194;57;8;85;10.0;7;0;0;0;0;0
3473;240;20181122;18;80;40;40;60;37;34.0;16;0;0;0;0;10195;57;8;86;10.0;7;0;0;0;0;0
3474;240;20181122;19;100;40;40;60;37;;14;0;0;0;0;10194;58;8;85;10.0;7;0;0;0;0;0
3475;240;20181122;20;110;30;30;50;37;;15;0;0;0;0;10193;59;8;85;10.0;7;0;0;0;0;0
3476;240;20181122;21;80;30;20;50;37;;16;0;0;0;0;10194;59;8;86;10.0;7;0;0;0;0;0
3477;240;20181122;22;100;30;20;60;29;;12;0;0;0;0;10194;60;8;88;;5;0;0;0;0;0
3478;240;20181122;23;80;20;20;30;22;;8;0;0;0;0;10193;59;8;91;10.0;7;0;0;0;0;0
3479;240;20181122;24;80;20;20;30;17;-2.0;8;0;0;0;0;10194;59;8;93;10.0;7;0;0;0;0;0
3480;240;20181123;1;90;30;30;40;22;;8;0;0;0;0;10194;60;6;90;;5;0;0;0;0;0
3481;240;20181123;2;90;30;20;40;18;;7;0;0;0;0;10194;59;6;92;10.0;7;0;0;0;0;0
3482;240;20181123;3;110;20;20;30;15;;5;0;0;0;0;10192;58;8;93;10.0;7;0;0;0;0;0
3483;240;20181123;4;110;30;30;50;24;;9;0;0;0;0;10189;58;8;89;10.0;7;0;0;0;0;0
3484;240;20181123;5;120;30;20;60;18;;8;0;0;0;0;10187;57;8;92;10.0;7;0;0;0;0;0
3485;240;20181123;6;100;30;30;50;18;-1.0;5;0;0;0;0;10183;57;8;91;10.0;7;0;0;0;0;0
3486;240;20181123;7;110;30;30;50;19;;5;0;0;0;0;10185;57;8;90;10.0;7;0;0;0;0;0
3487;240;20181123;8;90;30;30;50;11;;2;0;3;0;0;10186;56;1;94;10.0;7;0;0;0;0;0
3488;240;20181123;9;100;30;20;60;23;;8;0;15;0;0;10185;57;8;89;10.0;7;0;0;0;0;0
3489;240;20181123;10;90;30;30;50;35;;14;0;28;0;0;10183;58;8;86;10.0;7;0;0;0;0;0
3490;240;20181123;11;120;30;20;50;44;;18;0;42;0;0;10179;59;8;83;10.0;7;0;0;0;0;0
3491;240;20181123;12;70;20;30;40;52;2.0;25;0;44;0;0;10173;59;8;82;10.0;7;0;0;0;0;0
3492;240;20181123;13;70;30;20;40;58;;27;0;41;0;0;10167;59;8;80;10.0;7;0;0;0;0;0
3493;240;20181123;14;80;30;30;50;55;;29;2;35;0;0;10164;59;8;82;10.0;7;0;0;0;0;0
3494;240;20181123;15;70;40;30;60;53;;28;3;16;0;0;10161;58;8;84;10.0;7;0;0;0;0;0
3495;240;20181123;16;70;30;40;50;51;;28;0;3;0;0;10158;58;8;84;10.0;7;0;0;0;0;0
3496;240;20181123;17;80;30;30;50;52;;27;0;0;0;0;10156;58;8;84;10.0;7;0;0;0;0;0
3497;240;20181123;18;70;40;30;50;50;41.0;29;0;0;0;0;10153;58;8;86;10.0;7;0;0;0;0;0
3498;240;20181123;19;70;40;40;50;46;;27;0;0;0;0;10148;58;8;87;10.0;7;0;0;0;0;0
3499;240;20181123;20;50;30;20;60;38;;21;0;0;0;0;10146;57;3;88;10.0;7;0;0;0;0;0
3500;240;20181123;21;50;30;30;50;37;;23;0;0;0;0;10138;56;3;90;10.0;7;0;0;0;0;0
3501;240;20181123;22;60;40;40;60;30;;18;0;0;0;0;10134;57;7;91;10.0;7;0;0;0;0;0
3502;240;20181123;23;70;40;30;50;27;;16;0;0;0;0;10132;56;3;92;10.0;7;0;0;0;0;0
3503;240;20181123;24;60;40;40;50;21;9.0;14;0;0;0;0;10130;56;0;95;10.0;7;0;0;0;0;0
3504;240;20181124;1;60;40;50;60;21;;14;0;0;0;0;10128;42;7;95;10.0;7;0;0;0;0;0
3505;240;20181124;2;50;50;50;70;18;;12;0;0;0;0;10125;35;8;95;10.0;7;0;0;0;0;0
3506;240;20181124;3;50;60;60;90;22;;19;0;0;0;0;10118;8;9;98;34.0;7;1;0;0;0;0
3507;240;20181124;4;50;60;60;100;22;;19;0;0;0;0;10115;7;9;98;34.0;7;1;0;0;0;0
3508;240;20181124;5;50;60;60;90;22;;18;0;0;0;0;10114;10;8;97;20.0;7;1;0;0;0;0
3509;240;20181124;6;60;60;60;90;21;3.0;18;0;0;0;0;10115;5;9;98;34.0;7;1;0;0;0;0
3510;240;20181124;7;60;50;40;90;22;;18;0;0;0;0;10118;10;8;97;20.0;7;1;0;0;0;0
3511;240;20181124;8;70;50;50;80;19;;16;0;2;0;0;10121;9;9;98;34.0;7;1;0;0;0;0
3512;240;20181124;9;70;40;40;70;21;;17;0;6;0;0;10122;16;8;97;20.0;7;1;0;0;0;0
3513;240;20181124;10;60;50;40;80;26;;23;0;16;0;0;10120;26;8;97;10.0;7;0;0;0;0;0
3514;240;20181124;11;70;50;50;80;27;;22;0;28;0;0;10119;30;8;96;10.0;7;0;0;0;0;0
3515;240;20181124;12;70;40;40;60;32;21.0;25;0;29;0;0;10118;40;8;95;10.0;7;0;0;0;0;0
3516;240;20181124;13;70;40;40;60;30;;23;0;24;0;0;10116;40;8;94;10.0;7;0;0;0;0;0
3517;240;20181124;14;80;40;40;70;29;;19;0;15;0;0;10116;43;8;93;10.0;7;0;0;0;0;0
3518;240;20181124;15;80;40;30;60;26;;19;0;6;0;0;10118;38;8;95;10.0;7;0;0;0;0;0
3519;240;20181124;16;80;30;30;50;27;;16;0;2;0;0;10120;50;8;92;10.0;7;0;0;0;0;0
3520;240;20181124;17;80;30;40;60;29;;16;0;0;0;0;10121;56;8;90;10.0;7;0;0;0;0;0
3521;240;20181124;18;80;40;20;70;27;21.0;12;0;0;0;0;10122;50;8;89;10.0;7;0;0;0;0;0
3522;240;20181124;19;90;20;20;40;27;;14;0;0;0;0;10124;50;8;90;10.0;7;0;0;0;0;0
3523;240;20181124;20;80;30;30;50;33;;15;0;0;0;0;10126;50;8;88;10.0;7;0;0;0;0;0
3524;240;20181124;21;70;30;30;60;34;;18;0;0;0;0;10125;50;8;89;10.0;7;0;0;0;0;0
3525;240;20181124;22;90;30;30;40;31;;15;0;0;0;0;10123;50;8;89;10.0;7;0;0;0;0;0
3526;240;20181124;23;60;30;30;40;28;;15;0;0;0;0;10122;50;8;91;10.0;7;0;0;0;0;0
3527;240;20181124;24;70;20;20;40;31;18.0;18;0;0;0;0;10123;50;8;91;10.0;7;0;0;0;0;0
3528;240;20181125;1;90;20;20;30;29;;16;0;0;0;0;10121;49;8;91;10.0;7;0;0;0;0;0
3529;240;20181125;2;100;20;10;30;26;;18;0;0;0;0;10121;42;8;94;10.0;7;0;0;0;0;0
3530;240;20181125;3;60;20;30;50;24;;13;0;0;0;0;10117;43;8;92;10.0;7;0;0;0;0;0
3531;240;20181125;4;70;30;30;50;31;;17;0;0;0;0;10120;50;8;90;10.0;7;0;0;0;0;0
3532;240;20181125;5;80;30;30;50;29;;15;0;0;0;0;10119;50;8;90;10.0;7;0;0;0;0;0
3533;240;20181125;6;60;40;30;60;26;19.0;13;0;0;0;0;10121;56;8;90;10.0;7;0;0;0;0;0
3534;240;20181125;7;70;40;30;70;25;;15;0;0;0;0;10121;50;8;92;10.0;7;0;0;0;0;0
3535;240;20181125;8;50;40;20;70;27;;16;0;2;0;0;10122;57;8;92;10.0;7;0;0;0;0;0
3536;240;20181125;9;50;30;50;80;34;;18;5;25;0;0;10121;59;7;89;10.0;7;0;0;0;0;0
3537;240;20181125;10;60;40;50;80;36;;22;0;19;0;0;10127;48;8;90;10.0;7;0;0;0;0;0
3538;240;20181125;11;50;50;50;70;37;;24;0;20;0;0;10121;50;8;91;10.0;7;0;0;0;0;0
3539;240;20181125;12;50;50;50;80;41;24.0;24;0;34;0;0;10120;56;8;88;10.0;7;0;0;0;0;0
3540;240;20181125;13;60;50;50;70;42;;25;0;22;0;0;10118;50;8;88;10.0;7;0;0;0;0;0
3541;240;20181125;14;60;60;60;90;41;;26;0;18;0;0;10115;50;8;89;10.0;7;0;0;0;0;0
3542;240;20181125;15;60;60;70;100;42;;27;0;9;0;0;10114;48;8;90;10.0;7;0;0;0;0;0
3543;240;20181125;16;60;60;60;90;43;;29;0;1;0;0;10113;40;8;90;10.0;7;0;0;0;0;0
3544;240;20181125;17;50;60;60;90;44;;30;0;0;0;0;10114;38;8;91;10.0;7;0;0;0;0;0
3545;240;20181125;18;60;60;60;100;46;40.0;31;0;0;0;0;10112;38;8;90;10.0;7;0;0;0;0;0
3546;240;20181125;19;60;60;50;90;47;;33;0;0;0;0;10114;41;8;90;10.0;7;0;0;0;0;0
3547;240;20181125;20;60;50;60;80;48;;36;0;0;0;-1;10112;36;8;92;57.0;7;0;1;0;0;0
3548;240;20181125;21;70;60;60;100;49;;36;0;0;0;-1;10115;33;8;91;23.0;7;0;1;0;0;0
3549;240;20181125;22;60;60;60;90;49;;36;0;0;0;0;10116;33;8;91;10.0;7;0;0;0;0;0
3550;240;20181125;23;60;60;60;100;49;;38;0;0;0;0;10114;32;8;92;10.0;7;0;0;0;0;0
3551;240;20181125;24;60;60;60;90;50;43.0;36;0;0;0;-1;10111;40;8;91;81.0;7;0;1;0;0;0
3552;240;20181126;1;60;60;60;90;50;;36;0;0;0;-1;10110;45;8;90;23.0;7;0;1;0;0;0
3553;240;20181126;2;70;60;60;90;49;;35;0;0;0;0;10110;50;8;90;10.0;7;0;0;0;0;0
3554;240;20181126;3;70;60;50;90;50;;35;0;0;0;0;10109;50;8;89;10.0;7;0;0;0;0;0
3555;240;20181126;4;70;50;60;80;50;;35;0;0;0;0;10108;50;8;89;10.0;7;0;0;0;0;0
3556;240;20181126;5;70;60;60;80;50;;37;0;0;0;0;10108;50;8;90;10.0;7;0;0;0;0;0
3557;240;20181126;6;70;50;50;80;51;47.0;37;0;0;0;0;10110;50;8;90;10.0;7;0;0;0;0;0
3558;240;20181126;7;70;50;50;80;52;;37;0;0;0;0;10114;49;8;90;10.0;7;0;0;0;0;0
3559;240;20181126;8;70;50;50;70;53;;39;0;1;0;0;10122;47;8;90;10.0;7;0;0;0;0;0
3560;240;20181126;9;60;50;50;80;54;;38;0;5;0;0;10127;50;8;89;10.0;7;0;0;0;0;0
3561;240;20181126;10;70;50;50;90;55;;37;0;12;0;0;10131;50;8;88;10.0;7;0;0;0;0;0
3562;240;20181126;11;70;50;50;80;56;;37;0;18;0;0;10131;56;8;87;10.0;7;0;0;0;0;0
3563;240;20181126;12;70;50;50;80;55;49.0;35;0;20;0;0;10131;56;8;87;10.0;7;0;0;0;0;0
3564;240;20181126;13;70;50;40;100;54;;35;0;14;0;0;10131;56;8;87;10.0;7;0;0;0;0;0
3565;240;20181126;14;60;40;50;70;54;;32;0;19;0;0;10134;56;8;85;10.0;7;0;0;0;0;0
3566;240;20181126;15;50;50;50;70;50;;26;0;7;0;0;10138;59;8;84;10.0;7;0;0;0;0;0
3567;240;20181126;16;50;50;50;80;47;;22;0;2;0;0;10143;59;8;84;10.0;7;0;0;0;0;0
3568;240;20181126;17;70;50;50;70;43;;16;0;0;0;0;10147;59;8;82;10.0;7;0;0;0;0;0
3569;240;20181126;18;70;40;50;60;38;34.0;15;0;0;0;0;10153;59;8;84;10.0;7;0;0;0;0;0
3570;240;20181126;19;80;50;40;70;38;;11;0;0;0;0;10158;60;8;82;;5;0;0;0;0;0
3571;240;20181126;20;70;40;40;70;34;;9;0;0;0;0;10162;60;8;83;;5;0;0;0;0;0
3572;240;20181126;21;70;40;40;60;35;;9;0;0;0;0;10168;61;8;82;;5;0;0;0;0;0
3573;240;20181126;22;60;40;50;70;38;;11;0;0;0;0;10171;61;8;82;;5;0;0;0;0;0
3574;240;20181126;23;70;40;40;70;37;;15;0;0;0;0;10175;61;8;85;;5;0;0;0;0;0
3575;240;20181126;24;70;40;50;70;35;26.0;14;0;0;0;0;10175;61;8;86;;5;0;0;0;0;0
3576;240;20181127;1;80;30;30;50;30;;13;0;0;0;0;10178;61;8;88;;5;0;0;0;0;0
3577;240;20181127;2;80;30;30;40;16;;4;0;0;0;0;10180;60;8;91;;5;0;0;0;0;0
3578;240;20181127;3;70;30;20;30;19;;10;0;0;0;0;10179;59;8;93;10.0;7;0;0;0;0;0
3579;240;20181127;4;80;30;30;50;23;;11;0;0;0;0;10180;60;8;91;;5;0;0;0;0;0
3580;240;20181127;5;90;20;10;40;19;;7;0;0;0;0;10186;60;8;91;;5;0;0;0;0;0
3581;240;20181127;6;80;20;20;50;20;4.0;11;0;0;0;0;10189;58;8;93;10.0;7;0;0;0;0;0
3582;240;20181127;7;80;30;30;50;31;;16;0;0;0;0;10194;59;8;90;10.0;7;0;0;0;0;0
3583;240;20181127;8;90;30;30;40;34;;18;0;2;0;0;10195;59;8;89;10.0;7;0;0;0;0;0
3584;240;20181127;9;100;30;40;50;37;;20;0;9;0;0;10196;59;8;88;10.0;7;0;0;0;0;0
3585;240;20181127;10;90;40;30;60;42;;22;0;20;0;0;10197;60;8;87;;5;0;0;0;0;0
3586;240;20181127;11;100;30;40;60;52;;23;0;38;0;0;10195;61;8;81;;5;0;0;0;0;0
3587;240;20181127;12;130;40;40;60;51;9.0;20;0;41;0;0;10197;61;8;80;;5;0;0;0;0;0
3588;240;20181127;13;170;40;40;60;49;;18;0;14;0;0;10199;59;8;80;10.0;7;0;0;0;0;0
3589;240;20181127;14;160;40;40;70;48;;19;0;10;0;0;10198;57;8;81;10.0;7;0;0;0;0;0
3590;240;20181127;15;160;50;50;70;46;;16;0;6;0;0;10196;56;8;80;10.0;7;0;0;0;0;0
3591;240;20181127;16;140;50;50;80;43;;14;0;1;0;0;10193;56;8;81;10.0;7;0;0;0;0;0
3592;240;20181127;17;150;50;50;80;34;;10;0;0;0;0;10192;50;4;84;10.0;7;0;0;0;0;0
3593;240;20181127;18;140;30;40;60;17;-2.0;4;0;0;0;0;10197;46;0;90;10.0;7;0;0;0;0;0
3594;240;20181127;19;130;40;40;60;18;;8;0;0;0;0;10193;39;0;93;10.0;7;0;0;0;0;0
3595;240;20181127;20;130;50;40;70;21;;13;0;0;0;0;10191;30;1;94;10.0;7;0;0;0;0;0
3596;240;20181127;21;120;50;50;80;27;;14;0;0;0;0;10187;45;8;91;10.0;7;0;0;0;0;0
3597;240;20181127;22;130;60;60;80;29;;9;0;0;0;0;10183;58;8;86;10.0;7;0;0;0;0;0
3598;240;20181127;23;120;60;50;90;32;;11;0;0;0;0;10180;60;8;86;;5;0;0;0;0;0
3599;240;20181127;24;130;60;60;90;34;-3.0;16;0;0;0;0;10174;59;8;87;10.0;7;0;0;0;0;0
3600;240;20181128;1;140;70;70;90;38;;19;0;0;0;0;10170;59;8;86;10.0;7;0;0;0;0;0
3601;240;20181128;2;140;70;80;110;42;;19;0;0;0;-1;10168;59;8;85;51.0;7;0;1;0;0;0
3602;240;20181128;3;130;70;80;100;41;;20;0;0;0;-1;10164;59;8;86;81.0;7;0;1;0;0;0
3603;240;20181128;4;140;70;70;110;43;;21;0;0;0;-1;10163;59;8;85;51.0;7;0;1;0;0;0
3604;240;20181128;5;140;70;80;110;41;;27;0;0;0;-1;10161;37;8;90;57.0;7;0;1;0;0;0
3605;240;20181128;6;140;70;70;100;39;25.0;33;0;0;9;1;10161;26;8;95;61.0;7;0;1;0;0;0
3606;240;20181128;7;140;70;70;100;43;;37;0;0;0;-1;10163;29;8;96;61.0;7;0;1;0;0;0
3607;240;20181128;8;140;70;70;110;45;;40;0;1;0;-1;10163;23;8;96;81.0;7;0;1;0;0;0
3608;240;20181128;9;140;70;70;100;49;;44;0;4;0;-1;10164;39;8;96;51.0;7;0;1;0;0;0
3609;240;20181128;10;150;70;70;110;56;;46;0;9;0;-1;10160;56;8;93;81.0;7;0;1;0;0;0
3610;240;20181128;11;150;80;80;110;63;;52;0;26;0;-1;10156;58;8;92;57.0;7;0;1;0;0;0
3611;240;20181128;12;150;80;80;120;65;38.0;56;0;18;8;1;10150;56;8;94;61.0;7;0;1;0;0;0
3612;240;20181128;13;150;90;90;130;70;;60;0;22;0;-1;10144;59;8;93;23.0;7;0;1;0;0;0
3613;240;20181128;14;150;90;90;120;69;;63;0;10;6;9;10138;50;8;95;81.0;7;0;1;0;0;0
3614;240;20181128;15;150;90;90;130;72;;67;0;4;9;3;10136;58;8;96;51.0;7;0;1;0;0;0
3615;240;20181128;16;160;80;90;120;75;;70;0;1;0;-1;10133;62;8;96;23.0;7;0;1;0;0;0
3616;240;20181128;17;160;80;80;120;79;;74;0;0;0;0;10132;61;8;96;;5;0;0;0;0;0
3617;240;20181128;18;160;90;90;130;83;65.0;78;0;0;0;-1;10132;50;8;96;51.0;7;0;1;0;0;0
3618;240;20181128;19;160;80;80;120;85;;81;0;0;8;2;10128;50;8;97;81.0;7;0;1;0;0;0
3619;240;20181128;20;170;90;90;130;88;;84;0;0;0;-1;10127;50;8;97;51.0;7;0;1;0;0;0
3620;240;20181128;21;160;80;80;120;92;;86;0;0;8;2;10125;60;8;95;81.0;7;0;1;0;0;0
3621;240;20181128;22;170;80;80;120;94;;89;0;0;0;-1;10122;60;8;96;23.0;7;0;1;0;0;0
3622;240;20181128;23;170;80;70;110;94;;90;0;0;8;5;10122;57;8;97;58.0;7;0;1;0;0;0
3623;240;20181128;24;180;70;70;100;96;79.0;92;0;0;8;6;10121;48;8;97;61.0;7;0;1;0;0;0
3624;240;20181129;1;180;70;70;90;99;;96;0;0;10;7;10119;45;8;98;57.0;7;0;1;0;0;0
3625;240;20181129;2;180;60;60;90;100;;95;0;0;0;-1;10120;58;8;96;57.0;7;0;1;0;0;0
3626;240;20181129;3;180;50;50;90;100;;96;0;0;8;4;10117;50;8;97;23.0;7;0;1;0;0;0
3627;240;20181129;4;190;60;70;90;102;;97;0;0;8;1;10115;50;8;97;51.0;7;0;1;0;0;0
3628;240;20181129;5;180;70;60;90;101;;98;0;0;10;2;10110;50;8;97;52.0;7;0;1;0;0;0
3629;240;20181129;6;170;60;60;90;100;92.0;96;0;0;10;3;10106;61;8;97;81.0;7;0;1;0;0;0
3630;240;20181129;7;170;70;70;100;100;;91;0;0;10;6;10104;65;8;93;57.0;7;0;1;0;0;0
3631;240;20181129;8;160;70;70;100;101;;89;0;1;8;1;10098;65;8;92;51.0;7;0;1;0;0;0
3632;240;20181129;9;160;90;90;130;101;;87;0;5;8;3;10097;65;8;91;81.0;7;0;1;0;0;0
3633;240;20181129;10;160;90;90;120;102;;88;0;11;10;2;10089;65;8;91;61.0;7;0;1;0;0;0
3634;240;20181129;11;160;90;90;130;101;;90;0;19;10;3;10078;65;8;92;61.0;7;0;1;0;0;0
3635;240;20181129;12;160;100;100;140;100;94.0;87;0;15;10;3;10069;65;8;91;61.0;7;0;1;0;0;0
3636;240;20181129;13;160;100;100;140;105;;83;0;18;3;1;10060;70;8;86;81.0;7;0;1;0;0;0
3637;240;20181129;14;160;90;90;130;105;;81;3;29;0;-1;10051;70;8;84;23.0;7;0;1;0;0;0
3638;240;20181129;15;170;90;90;130;104;;74;0;11;0;0;10051;70;8;82;2.0;7;0;0;0;0;0
3639;240;20181129;16;170;80;90;130;107;;75;0;2;0;0;10053;75;8;80;;5;0;0;0;0;0
3640;240;20181129;17;180;80;80;120;106;;75;0;0;0;-1;10057;70;8;81;23.0;7;0;1;0;0;0
3641;240;20181129;18;180;70;70;110;107;90.0;73;0;0;0;0;10058;75;8;79;2.0;7;0;0;0;0;0
3642;240;20181129;19;180;70;70;110;104;;74;0;0;0;0;10062;70;8;81;;5;0;0;0;0;0
3643;240;20181129;20;180;70;70;90;102;;73;0;0;0;0;10065;70;8;82;;5;0;0;0;0;0
3644;240;20181129;21;170;70;70;100;100;;72;0;0;0;0;10067;70;8;82;;5;0;0;0;0;0
3645;240;20181129;22;180;70;60;90;101;;76;0;0;0;0;10063;70;8;84;;5;0;0;0;0;0
3646;240;20181129;23;180;60;60;90;105;;81;0;0;0;0;10063;70;8;84;;5;0;0;0;0;0
3647;240;20181129;24;190;70;70;100;108;84.0;83;0;0;0;0;10063;70;8;84;;5;0;0;0;0;0
3648;240;20181130;1;180;70;60;90;105;;83;0;0;0;0;10064;70;8;86;;5;0;0;0;0;0
3649;240;20181130;2;180;60;60;80;97;;80;0;0;0;0;10065;70;8;89;;5;0;0;0;0;0
3650;240;20181130;3;180;50;60;80;97;;79;0;0;0;0;10066;70;8;88;;5;0;0;0;0;0
3651;240;20181130;4;190;60;60;90;94;;77;0;0;0;0;10065;70;8;89;;5;0;0;0;0;0
3652;240;20181130;5;190;60;60;90;95;;76;0;0;0;0;10065;70;8;87;;5;0;0;0;0;0
3653;240;20181130;6;200;70;80;100;96;75.0;73;0;0;0;0;10067;70;8;85;;5;0;0;0;0;0
3654;240;20181130;7;200;80;70;110;95;;72;0;0;0;0;10070;70;8;85;;5;0;0;0;0;0
3655;240;20181130;8;200;70;80;110;93;;71;0;2;0;0;10072;70;7;85;;5;0;0;0;0;0
3656;240;20181130;9;200;80;80;120;101;;76;5;19;0;0;10077;68;8;84;;5;0;0;0;0;0
3657;240;20181130;10;190;80;70;110;101;;76;8;49;0;0;10081;69;1;84;;5;0;0;0;0;0
3658;240;20181130;11;210;70;80;110;113;;74;8;78;0;0;10082;71;8;76;;5;0;0;0;0;0
3659;240;20181130;12;210;80;80;110;112;73.0;75;10;83;0;0;10082;73;6;77;;5;0;0;0;0;0
3660;240;20181130;13;220;80;70;120;112;;78;10;77;0;0;10081;69;1;79;;5;0;0;0;0;0
3661;240;20181130;14;210;70;70;110;110;;76;7;40;0;0;10083;71;7;79;;5;0;0;0;0;0
3662;240;20181130;15;210;60;50;100;98;;74;8;17;0;0;10088;69;7;84;;5;0;0;0;0;0
3663;240;20181130;16;200;50;50;80;89;;70;0;2;0;0;10092;68;4;88;;5;0;0;0;0;0
3664;240;20181130;17;200;50;50;80;81;;66;0;0;0;0;10097;70;1;90;;5;0;0;0;0;0
3665;240;20181130;18;210;50;50;70;78;60.0;63;0;0;0;0;10100;70;1;90;;5;0;0;0;0;0
3666;240;20181130;19;210;50;50;70;81;;63;0;0;0;0;10103;70;0;88;;5;0;0;0;0;0
3667;240;20181130;20;200;50;50;70;71;;57;0;0;0;0;10106;70;2;90;;5;0;0;0;0;0
3668;240;20181130;21;220;60;70;90;76;;59;0;0;0;0;10108;70;0;88;;5;0;0;0;0;0
3669;240;20181130;22;200;50;50;70;58;;49;0;0;0;0;10108;65;2;93;;5;0;0;0;0;0
3670;240;20181130;23;210;50;60;70;62;;54;0;0;0;0;10111;65;0;94;;5;0;0;0;0;0
3671;240;20181130;24;200;60;50;80;64;45.0;57;0;0;0;0;10112;61;0;95;;5;0;0;0;0;0
3672;240;20181201;1;200;50;50;70;59;;54;0;0;0;0;10111;59;0;96;10.0;7;0;0;0;0;0
3673;240;20181201;2;180;50;40;70;52;;49;0;0;0;0;10113;60;1;97;;5;0;0;0;0;0
3674;240;20181201;3;200;40;50;60;54;;48;0;0;0;0;10109;61;6;96;;5;0;0;0;0;0
3675;240;20181201;4;200;50;60;70;55;;49;0;0;0;0;10113;60;6;96;;5;0;0;0;0;0
3676;240;20181201;5;180;50;40;70;57;;52;0;0;0;0;10109;60;8;96;;5;0;0;0;0;0
3677;240;20181201;6;180;50;40;70;61;26.0;55;0;0;0;0;10108;61;8;95;;5;0;0;0;0;0
3678;240;20181201;7;190;40;40;60;58;;51;0;0;0;0;10106;62;8;95;;5;0;0;0;0;0
3679;240;20181201;8;180;40;40;50;57;;52;0;2;0;0;10108;60;8;96;;5;0;0;0;0;0
3680;240;20181201;9;180;50;60;80;67;;59;2;17;0;0;10105;60;8;94;;5;0;0;0;0;0
3681;240;20181201;10;180;70;70;100;72;;61;0;29;0;0;10105;62;8;92;;5;0;0;0;0;0
3682;240;20181201;11;180;70;70;100;75;;59;0;38;0;0;10098;67;8;89;;5;0;0;0;0;0
3683;240;20181201;12;170;60;50;100;76;39.0;60;0;48;0;0;10093;64;8;90;;5;0;0;0;0;0
3684;240;20181201;13;170;60;70;90;78;;61;0;36;0;0;10085;64;8;89;;5;0;0;0;0;0
3685;240;20181201;14;170;70;70;100;80;;64;0;22;0;-1;10072;64;8;90;57.0;7;0;1;0;0;0
3686;240;20181201;15;160;80;80;120;82;;64;0;15;0;-1;10063;69;8;88;23.0;7;0;1;0;0;0
3687;240;20181201;16;160;80;80;130;77;;71;0;1;0;-1;10052;50;8;95;51.0;7;0;1;0;0;0
3688;240;20181201;17;170;90;90;130;79;;74;0;0;0;-1;10043;50;8;96;57.0;7;0;1;0;0;0
3689;240;20181201;18;170;90;90;120;80;74.0;77;0;0;10;5;10032;50;8;97;61.0;7;0;1;0;0;0
3690;240;20181201;19;180;80;80;120;86;;83;0;0;10;3;10027;36;8;97;52.0;7;0;1;0;0;0
3691;240;20181201;20;180;80;80;120;91;;88;0;0;9;1;10021;40;8;97;58.0;7;0;1;0;0;0
3692;240;20181201;21;190;80;80;120;94;;91;0;0;10;2;10017;29;8;97;61.0;7;0;1;0;0;0
3693;240;20181201;22;180;70;80;110;96;;93;0;0;10;3;10009;35;8;97;52.0;7;0;1;0;0;0
3694;240;20181201;23;190;80;80;120;98;;95;0;0;10;2;10008;37;8;98;52.0;7;0;1;0;0;0
3695;240;20181201;24;190;80;80;120;100;78.0;97;0;0;10;3;10002;44;8;98;52.0;7;0;1;0;0;0
3696;240;20181202;1;190;70;70;110;103;;99;0;0;4;1;9994;60;8;97;22.0;7;0;1;0;0;0
3697;240;20181202;2;190;70;70;110;105;;102;0;0;0;-1;9988;50;8;97;51.0;7;0;1;0;0;0
3698;240;20181202;3;180;70;70;100;107;;104;0;0;7;1;9978;57;8;97;57.0;7;0;1;0;0;0
3699;240;20181202;4;190;70;70;100;109;;106;0;0;9;1;9970;50;8;98;51.0;7;0;1;0;0;0
3700;240;20181202;5;180;70;70;100;109;;106;0;0;7;2;9960;50;8;98;82.0;7;0;1;0;0;0
3701;240;20181202;6;170;60;70;100;106;97.0;103;0;0;8;6;9953;45;8;98;52.0;7;0;1;0;0;0
3702;240;20181202;7;190;70;60;110;110;;108;0;0;10;3;9950;29;8;98;53.0;7;0;1;0;0;0
3703;240;20181202;8;230;70;80;110;128;;121;0;1;6;5;9952;65;8;95;23.0;7;0;1;0;0;0
3704;240;20181202;9;240;90;90;130;131;;123;0;6;0;-1;9955;58;8;95;23.0;7;0;1;0;0;0
3705;240;20181202;10;240;90;100;150;133;;122;0;14;0;-1;9960;65;8;93;23.0;7;0;1;0;0;0
3706;240;20181202;11;240;100;100;150;133;;120;0;19;0;-1;9964;65;8;92;23.0;7;0;1;0;0;0
3707;240;20181202;12;250;90;90;140;135;103.0;118;0;23;0;-1;9967;70;8;89;23.0;7;0;1;0;0;0
3708;240;20181202;13;240;80;100;140;134;;118;0;27;0;0;9969;70;8;89;;5;0;0;0;0;0
3709;240;20181202;14;230;100;110;140;134;;117;0;13;0;0;9974;67;8;89;;5;0;0;0;0;0
3710;240;20181202;15;240;100;100;150;133;;112;0;6;0;0;9977;70;8;86;;5;0;0;0;0;0
3711;240;20181202;16;230;90;90;140;135;;115;0;1;0;0;9979;70;8;87;;5;0;0;0;0;0
3712;240;20181202;17;230;90;80;130;134;;113;0;0;0;0;9980;70;8;86;;5;0;0;0;0;0
3713;240;20181202;18;240;90;100;150;133;123.0;110;0;0;0;0;9982;70;8;86;;5;0;0;0;0;0
3714;240;20181202;19;230;90;80;140;130;;107;0;0;0;0;9982;70;8;86;;5;0;0;0;0;0
3715;240;20181202;20;230;80;80;140;131;;113;0;0;0;0;9981;70;8;88;;5;0;0;0;0;0
3716;240;20181202;21;230;90;100;130;130;;117;0;0;0;-1;9981;65;8;92;81.0;7;0;1;0;0;0
3717;240;20181202;22;230;90;80;130;129;;120;0;0;0;-1;9979;62;8;93;57.0;7;0;1;0;0;0
3718;240;20181202;23;220;80;80;120;128;;118;0;0;3;1;9977;65;8;93;61.0;7;0;1;0;0;0
3719;240;20181202;24;220;70;80;110;127;117.0;116;0;0;0;-1;9975;65;8;92;23.0;7;0;1;0;0;0
3720;240;20181203;1;230;80;90;130;130;;114;0;0;0;-1;9971;70;7;90;23.0;7;0;1;0;0;0
3721;240;20181203;2;230;100;110;170;131;;112;0;0;0;0;9973;68;8;87;;5;0;0;0;0;0
3722;240;20181203;3;230;100;110;170;127;;112;0;0;0;-1;9975;67;7;90;23.0;7;0;1;0;0;0
3723;240;20181203;4;240;110;90;160;118;;89;0;0;0;-1;9975;66;8;82;81.0;7;0;1;0;0;0
3724;240;20181203;5;230;90;90;130;114;;97;0;0;0;-1;9976;64;1;89;23.0;7;0;1;0;0;0
3725;240;20181203;6;240;90;100;150;121;95.0;95;0;0;0;0;9978;64;7;83;3.0;7;0;0;0;0;0
3726;240;20181203;7;240;100;90;150;120;;94;0;0;0;0;9982;61;8;83;;5;0;0;0;0;0
3727;240;20181203;8;230;90;100;130;115;;87;0;2;0;0;9983;61;2;83;;5;0;0;0;0;0
3728;240;20181203;9;230;90;90;120;117;;91;2;13;0;0;9987;61;7;84;;5;0;0;0;0;0
3729;240;20181203;10;240;90;90;140;126;;92;0;29;0;0;9986;60;7;80;;5;0;0;0;0;0
3730;240;20181203;11;240;90;80;150;129;;98;8;70;0;0;9984;60;7;81;;5;0;0;0;0;0
3731;240;20181203;12;230;80;80;130;130;97.0;101;0;36;0;0;9978;60;8;82;;5;0;0;0;0;0
3732;240;20181203;13;230;80;70;110;129;;104;0;29;0;0;9971;60;8;84;;5;0;0;0;0;0
3733;240;20181203;14;220;70;70;100;130;;105;0;21;0;0;9966;61;8;84;;5;0;0;0;0;0
3734;240;20181203;15;230;80;80;120;126;;108;0;3;0;-1;9965;58;8;88;57.0;7;0;1;0;0;0
3735;240;20181203;16;230;90;100;150;120;;102;0;1;2;1;9966;59;6;89;23.0;7;0;1;0;0;0
3736;240;20181203;17;240;90;80;140;112;;98;0;0;0;0;9972;58;1;91;10.0;7;0;0;0;0;0
3737;240;20181203;18;250;70;70;110;115;97.0;101;0;0;0;0;9979;58;8;91;10.0;7;0;0;0;0;0
3738;240;20181203;19;320;70;40;130;99;;95;0;0;6;18;9992;57;8;97;81.0;7;0;1;0;0;0
3739;240;20181203;20;350;60;60;100;87;;75;0;0;7;1;10013;65;8;92;61.0;7;0;1;0;0;0
3740;240;20181203;21;320;50;50;110;81;;61;0;0;0;-1;10034;70;8;87;23.0;7;0;1;0;0;0
3741;240;20181203;22;320;40;40;70;79;;61;0;0;0;0;10052;70;8;88;;5;0;0;0;0;0
3742;240;20181203;23;320;40;40;60;73;;50;0;0;0;0;10068;70;5;85;;5;0;0;0;0;0
3743;240;20181203;24;300;30;30;50;55;39.0;35;0;0;0;0;10083;70;0;86;1.0;7;0;0;0;0;0
3744;240;20181204;1;310;30;30;80;71;;50;0;0;3;1;10096;67;8;86;81.0;7;0;1;0;0;0
3745;240;20181204;2;300;30;30;50;63;;40;0;0;0;-1;10108;70;8;85;23.0;7;0;1;0;0;0
3746;240;20181204;3;340;40;50;100;68;;43;0;0;3;1;10119;70;8;83;81.0;7;0;1;0;0;0
3747;240;20181204;4;290;30;30;80;60;;38;0;0;0;-1;10130;70;7;86;23.0;7;0;1;0;0;0
3748;240;20181204;5;280;30;30;60;54;;28;0;0;0;-1;10142;70;7;83;51.0;7;0;1;0;0;0
3749;240;20181204;6;300;30;20;60;46;20.0;23;0;0;0;-1;10152;70;3;84;23.0;7;0;1;0;0;0
3750;240;20181204;7;990;20;10;60;46;;20;0;0;0;0;10166;70;0;83;;5;0;0;0;0;0
3751;240;20181204;8;190;10;10;40;23;;12;0;2;0;0;10180;65;0;92;;5;0;0;0;0;0
3752;240;20181204;9;0;10;0;40;51;;31;10;22;0;0;10194;70;0;86;;5;0;0;0;0;0
3753;240;20181204;10;280;10;10;20;87;;38;10;57;0;0;10206;75;4;71;;5;0;0;0;0;0
3754;240;20181204;11;60;30;30;80;66;;38;2;48;0;0;10212;70;3;82;;5;0;0;0;0;0
3755;240;20181204;12;160;20;10;50;91;5.0;32;10;85;0;0;10216;80;3;66;;5;0;0;0;0;0
3756;240;20181204;13;280;10;10;20;89;;22;10;76;0;0;10224;82;0;62;;5;0;0;0;0;0
3757;240;20181204;14;210;10;20;30;86;;42;10;57;0;0;10229;75;2;73;;5;0;0;0;0;0
3758;240;20181204;15;990;20;10;30;55;;30;5;16;0;0;10236;70;4;84;;5;0;0;0;0;0
3759;240;20181204;16;190;20;30;30;41;;21;0;1;0;0;10242;70;8;86;;5;0;0;0;0;0
3760;240;20181204;17;170;20;20;30;37;;26;0;0;0;0;10243;65;8;92;;5;0;0;0;0;0
3761;240;20181204;18;170;20;10;30;30;2.0;22;0;0;0;0;10247;65;8;94;;5;0;0;0;0;0
3762;240;20181204;19;200;30;30;40;33;;16;0;0;0;0;10251;70;8;88;;5;0;0;0;0;0
3763;240;20181204;20;140;20;10;30;20;;11;0;0;0;0;10254;65;8;94;;5;0;0;0;0;0
3764;240;20181204;21;150;20;20;20;27;;17;0;0;0;0;10255;65;8;93;;5;0;0;0;0;0
3765;240;20181204;22;170;20;30;30;22;;14;0;0;0;0;10255;65;8;94;;5;0;0;0;0;0
3766;240;20181204;23;140;20;20;30;28;;20;0;0;0;0;10255;65;8;94;;5;0;0;0;0;0
3767;240;20181204;24;160;20;30;40;30;-3.0;23;0;0;0;0;10250;65;8;95;;5;0;0;0;0;0
3768;240;20181205;1;140;20;20;30;33;;23;0;0;0;0;10250;65;8;93;;5;0;0;0;0;0
3769;240;20181205;2;150;30;30;40;37;;27;0;0;0;0;10250;65;8;92;;5;0;0;0;0;0
3770;240;20181205;3;140;30;20;40;34;;24;0;0;0;0;10246;65;8;93;;5;0;0;0;0;0
3771;240;20181205;4;160;20;20;40;34;;26;0;0;0;0;10242;62;8;94;;5;0;0;0;0;0
3772;240;20181205;5;140;30;30;40;33;;24;0;0;0;0;10239;60;8;93;;5;0;0;0;0;0
3773;240;20181205;6;140;40;40;50;37;7.0;28;0;0;0;0;10237;62;8;93;;5;0;0;0;0;0
3774;240;20181205;7;140;40;40;60;43;;30;0;0;0;0;10234;65;8;91;;5;0;0;0;0;0
3775;240;20181205;8;140;50;40;70;45;;31;0;1;0;0;10230;67;8;90;;5;0;0;0;0;0
3776;240;20181205;9;140;50;50;70;48;;31;0;9;0;0;10225;70;8;88;;5;0;0;0;0;0
3777;240;20181205;10;140;50;50;70;55;;38;0;25;0;-1;10220;66;8;88;51.0;7;0;1;0;0;0
3778;240;20181205;11;130;50;50;70;58;;38;0;22;0;-1;10205;68;8;87;22.0;7;0;1;0;0;0
3779;240;20181205;12;130;50;50;80;62;30.0;39;0;20;0;0;10198;70;8;85;2.0;7;0;0;0;0;0
3780;240;20181205;13;130;50;50;90;61;;41;0;17;0;-1;10185;62;8;87;81.0;7;0;1;0;0;0
3781;240;20181205;14;130;60;70;100;60;;52;0;9;10;7;10173;56;8;94;61.0;7;0;1;0;0;0
3782;240;20181205;15;140;70;80;100;64;;59;0;3;10;3;10161;40;8;96;61.0;7;0;1;0;0;0
3783;240;20181205;16;140;70;70;100;70;;64;0;1;3;1;10155;58;8;95;23.0;7;0;1;0;0;0
3784;240;20181205;17;150;70;80;100;76;;72;0;0;6;3;10145;56;8;96;51.0;7;0;1;0;0;0
3785;240;20181205;18;150;80;80;110;78;58.0;71;0;0;0;-1;10139;58;8;95;22.0;7;0;1;0;0;0
3786;240;20181205;19;150;70;70;110;79;;72;0;0;3;1;10130;60;8;95;23.0;7;0;1;0;0;0
3787;240;20181205;20;160;70;60;100;82;;73;0;0;0;0;10126;62;8;94;;5;0;0;0;0;0
3788;240;20181205;21;160;60;60;90;85;;75;0;0;0;-1;10123;64;8;93;23.0;7;0;1;0;0;0
3789;240;20181205;22;160;60;50;90;85;;82;0;0;0;-1;10119;49;8;98;51.0;7;0;1;0;0;0
3790;240;20181205;23;170;60;60;80;88;;84;0;0;0;-1;10116;59;8;96;22.0;7;0;1;0;0;0
3791;240;20181205;24;170;60;60;80;88;74.0;86;0;0;0;-1;10112;56;8;98;57.0;7;0;1;0;0;0
3792;240;20181206;1;170;50;50;70;90;;87;0;0;7;2;10108;50;8;98;23.0;7;0;1;0;0;0
3793;240;20181206;2;180;40;40;70;94;;91;0;0;7;2;10111;32;8;98;52.0;7;0;1;0;0;0
3794;240;20181206;3;210;40;40;60;99;;97;0;0;0;-1;10113;31;8;98;23.0;7;0;1;0;0;0
3795;240;20181206;4;210;40;50;70;103;;100;0;0;6;7;10114;19;8;98;53.0;7;0;1;0;0;0
3796;240;20181206;5;220;40;40;60;105;;103;0;0;0;-1;10119;31;8;98;22.0;7;0;1;0;0;0
3797;240;20181206;6;240;50;50;70;115;86.0;111;0;0;0;0;10122;50;8;97;10.0;7;0;0;0;0;0
3798;240;20181206;7;250;60;50;90;116;;111;0;0;0;0;10129;58;8;96;10.0;7;0;0;0;0;0
3799;240;20181206;8;230;50;40;70;114;;109;0;2;0;0;10130;57;8;96;10.0;7;0;0;0;0;0
3800;240;20181206;9;230;50;50;80;115;;106;0;4;0;-1;10140;59;8;94;51.0;7;0;1;0;0;0
3801;240;20181206;10;240;50;50;80;116;;107;0;6;5;1;10143;46;8;94;51.0;7;0;1;0;0;0
3802;240;20181206;11;230;60;60;90;116;;109;0;22;0;-1;10144;63;8;95;22.0;7;0;1;0;0;0
3803;240;20181206;12;230;70;80;110;118;107.0;103;0;18;0;0;10142;70;8;90;2.0;7;0;0;0;0;0
3804;240;20181206;13;230;70;80;110;115;;97;0;18;0;0;10144;70;8;88;;5;0;0;0;0;0
3805;240;20181206;14;230;70;70;100;116;;100;0;10;0;0;10138;70;8;89;;5;0;0;0;0;0
3806;240;20181206;15;230;70;60;100;115;;106;0;4;0;0;10136;60;8;94;;5;0;0;0;0;0
3807;240;20181206;16;230;80;80;120;117;;110;0;1;0;0;10135;61;8;95;;5;0;0;0;0;0
3808;240;20181206;17;230;90;90;140;121;;111;0;0;0;0;10130;65;8;93;;5;0;0;0;0;0
3809;240;20181206;18;230;90;90;130;119;108.0;109;0;0;0;0;10132;64;8;93;;5;0;0;0;0;0
3810;240;20181206;19;230;90;110;150;117;;107;0;0;1;1;10132;49;8;93;81.0;7;0;1;0;0;0
3811;240;20181206;20;230;90;100;130;119;;106;0;0;0;-1;10129;63;8;91;23.0;7;0;1;0;0;0
3812;240;20181206;21;230;100;100;150;120;;112;0;0;0;-1;10125;50;8;94;81.0;7;0;1;0;0;0
3813;240;20181206;22;230;100;110;150;123;;113;0;0;4;1;10121;58;8;93;23.0;7;0;1;0;0;0
3814;240;20181206;23;230;100;100;140;120;;115;0;0;0;-1;10119;36;8;96;51.0;7;0;1;0;0;0
3815;240;20181206;24;230;90;90;140;119;107.0;116;0;0;10;3;10114;23;8;98;53.0;7;0;1;0;0;0
3816;240;20181207;1;230;90;80;130;117;;116;0;0;10;5;10108;26;8;98;53.0;7;0;1;0;0;0
3817;240;20181207;2;230;90;100;130;117;;114;0;0;10;3;10101;32;8;98;51.0;7;0;1;0;0;0
3818;240;20181207;3;230;100;100;140;119;;112;0;0;0;-1;10093;60;8;95;81.0;7;0;1;0;0;0
3819;240;20181207;4;210;80;70;130;116;;113;0;0;8;3;10083;30;8;97;53.0;7;0;1;0;0;0
3820;240;20181207;5;210;80;80;110;117;;112;0;0;8;3;10073;62;8;96;58.0;7;0;1;0;0;0
3821;240;20181207;6;210;90;90;130;116;112.0;112;0;0;10;13;10062;38;8;97;52.0;7;0;1;0;0;0
3822;240;20181207;7;210;100;100;140;116;;111;0;0;10;9;10054;50;8;96;52.0;7;0;1;0;0;0
3823;240;20181207;8;210;110;110;150;119;;109;0;1;5;3;10047;65;8;93;22.0;7;0;1;0;0;0
3824;240;20181207;9;210;110;110;160;118;;108;0;2;0;0;10035;65;8;93;2.0;7;0;0;0;0;0
3825;240;20181207;10;210;110;110;160;118;;106;0;6;0;-1;10028;65;8;92;23.0;7;0;1;0;0;0
3826;240;20181207;11;210;110;110;170;119;;106;0;8;0;-1;10013;59;8;91;23.0;7;0;1;0;0;0
3827;240;20181207;12;200;100;100;150;114;111.0;108;0;10;0;-1;9995;34;8;96;57.0;7;0;1;0;0;0
3828;240;20181207;13;200;100;110;160;114;;104;0;15;0;-1;9975;50;8;93;81.0;7;0;1;0;0;0
3829;240;20181207;14;200;110;110;160;112;;103;0;6;10;19;9959;65;8;94;81.0;7;0;1;0;0;0
3830;240;20181207;15;210;110;90;160;109;;103;0;2;10;26;9949;58;8;95;62.0;7;0;1;0;0;0
3831;240;20181207;16;300;100;90;190;80;;61;0;1;10;9;9968;62;8;88;61.0;7;0;1;0;0;0
3832;240;20181207;17;270;60;50;130;79;;57;0;0;0;-1;9977;70;8;86;23.0;7;0;1;0;0;0
3833;240;20181207;18;260;60;70;90;85;67.0;55;0;0;0;0;9985;66;8;81;2.0;7;0;0;0;0;0
3834;240;20181207;19;260;80;60;150;76;;48;0;0;2;2;9997;66;4;82;23.0;7;0;1;0;0;0
3835;240;20181207;20;260;90;100;160;85;;33;0;0;0;-1;10007;70;7;69;81.0;7;0;1;0;0;0
3836;240;20181207;21;260;100;110;140;82;;26;0;0;0;-1;10012;72;1;68;23.0;7;0;1;0;0;0
3837;240;20181207;22;260;100;90;150;83;;26;0;0;0;0;10016;73;6;67;;5;0;0;0;0;0
3838;240;20181207;23;250;100;90;170;79;;30;0;0;2;2;10019;70;4;71;23.0;7;0;1;0;0;0
3839;240;20181207;24;250;90;90;150;81;56.0;29;0;0;0;0;10019;71;4;69;2.0;7;0;0;0;0;0
3840;240;20181208;1;250;100;100;160;86;;41;0;0;0;-1;10018;68;7;73;81.0;7;0;1;0;0;0
3841;240;20181208;2;240;100;100;170;88;;46;0;0;1;1;10012;67;7;75;23.0;7;0;1;0;0;0
3842;240;20181208;3;230;110;120;160;83;;61;0;0;5;7;10006;60;8;85;81.0;7;0;1;0;0;0
3843;240;20181208;4;240;110;110;160;87;;59;0;0;10;4;9999;60;8;82;61.0;7;0;1;0;0;0
3844;240;20181208;5;240;110;110;170;90;;62;0;0;6;4;9995;59;8;82;61.0;7;0;1;0;0;0
3845;240;20181208;6;250;120;130;180;95;61.0;59;0;0;0;-1;9989;63;8;78;61.0;7;0;1;0;0;0
3846;240;20181208;7;240;120;110;200;92;;65;0;0;7;4;9988;59;8;83;51.0;7;0;1;0;0;0
3847;240;20181208;8;250;120;130;190;97;;60;0;0;9;6;9989;62;8;77;51.0;7;0;1;0;0;0
3848;240;20181208;9;250;130;130;210;100;;60;0;3;0;-1;9992;63;8;76;22.0;7;0;1;0;0;0
3849;240;20181208;10;260;120;130;190;104;;58;0;16;0;0;9997;65;8;73;;5;0;0;0;0;0
3850;240;20181208;11;260;130;120;190;104;;58;0;18;0;-1;10001;65;8;73;23.0;7;0;1;0;0;0
3851;240;20181208;12;250;130;140;190;104;78.0;58;0;33;0;0;9999;65;8;73;2.0;7;0;0;0;0;0
3852;240;20181208;13;250;120;120;190;106;;56;2;36;0;0;10002;66;8;71;;5;0;0;0;0;0
3853;240;20181208;14;250;120;110;180;102;;56;0;24;0;0;9999;67;8;73;;5;0;0;0;0;0
3854;240;20181208;15;240;120;110;180;101;;54;5;13;0;0;9994;64;1;72;;5;0;0;0;0;0
3855;240;20181208;16;240;100;100;160;103;;65;0;1;0;0;9984;61;8;77;;5;0;0;0;0;0
3856;240;20181208;17;230;110;100;170;103;;76;0;0;0;-1;9965;62;8;83;81.0;7;0;1;0;0;0
3857;240;20181208;18;220;90;100;140;108;82.0;96;0;0;7;16;9944;65;8;92;23.0;7;0;1;0;0;0
3858;240;20181208;19;230;110;110;160;114;;94;0;0;0;0;9928;70;8;87;;5;0;0;0;0;0
3859;240;20181208;20;230;110;110;180;112;;88;0;0;0;0;9920;65;8;85;;5;0;0;0;0;0
3860;240;20181208;21;280;120;150;200;88;;65;0;0;1;1;9918;58;8;85;57.0;7;0;1;0;0;0
3861;240;20181208;22;260;100;120;160;94;;70;0;0;10;13;9913;62;8;84;57.0;7;0;1;0;0;0
3862;240;20181208;23;270;130;140;200;93;;68;0;0;8;5;9915;62;8;84;61.0;7;0;1;0;0;0
3863;240;20181208;24;270;130;140;200;99;78.0;60;0;0;0;-1;9919;64;8;76;23.0;7;0;1;0;0;0
3864;240;20181209;1;270;130;120;190;94;;64;0;0;1;1;9922;59;8;81;58.0;7;0;1;0;0;0
3865;240;20181209;2;260;130;120;200;89;;69;0;0;6;6;9927;56;8;87;82.0;7;0;1;0;0;0
3866;240;20181209;3;260;130;130;180;95;;62;0;0;6;3;9927;64;8;80;51.0;7;0;1;0;0;0
3867;240;20181209;4;260;130;130;190;95;;64;0;0;0;-1;9929;63;8;80;23.0;7;0;1;0;0;0
3868;240;20181209;5;270;130;130;200;92;;66;0;0;0;-1;9934;60;8;83;51.0;7;0;1;0;0;0
3869;240;20181209;6;270;130;130;190;89;79.0;66;0;0;8;4;9942;57;8;85;81.0;7;0;1;0;0;0
3870;240;20181209;7;280;120;110;170;91;;66;0;0;6;2;9951;61;8;84;57.0;7;0;1;0;0;0
3871;240;20181209;8;290;100;80;160;76;;64;0;0;6;15;9965;56;8;92;62.0;7;0;1;0;0;0
3872;240;20181209;9;280;70;60;120;84;;66;0;5;4;4;9974;68;8;88;23.0;7;0;1;0;0;0
3873;240;20181209;10;280;70;70;130;79;;61;0;7;7;12;9985;69;8;88;81.0;7;0;1;0;0;0
3874;240;20181209;11;300;70;80;130;88;;59;3;41;1;2;9995;70;7;82;23.0;7;0;1;0;0;0
3875;240;20181209;12;300;80;100;140;101;71.0;66;5;58;0;-1;10006;71;5;79;23.0;7;0;1;0;0;0
3876;240;20181209;13;310;100;90;170;90;;63;5;45;2;3;10020;67;8;82;81.0;7;0;1;0;0;0
3877;240;20181209;14;300;100;100;180;89;;59;7;38;0;-1;10034;65;8;81;23.0;7;0;1;0;0;0
3878;240;20181209;15;310;100;100;170;76;;55;8;24;2;8;10055;40;8;86;82.0;7;0;1;0;0;0
3879;240;20181209;16;310;80;80;150;75;;48;0;1;5;4;10070;68;3;83;23.0;7;0;1;0;0;0
3880;240;20181209;17;310;70;80;120;78;;39;0;0;0;-1;10086;67;7;76;23.0;7;0;1;0;0;0
3881;240;20181209;18;300;70;70;110;75;56.0;39;0;0;0;0;10106;65;7;78;2.0;7;0;0;0;0;0
3882;240;20181209;19;290;80;60;170;66;;33;0;0;2;1;10115;75;8;79;23.0;7;0;1;0;0;0
3883;240;20181209;20;300;80;90;150;66;;29;0;0;2;1;10125;61;7;77;51.0;7;0;1;0;0;0
3884;240;20181209;21;290;80;80;130;67;;31;0;0;0;-1;10136;64;8;77;81.0;7;0;1;0;0;0
3885;240;20181209;22;310;80;70;150;72;;30;0;0;0;-1;10147;67;6;74;23.0;7;0;1;0;0;0
3886;240;20181209;23;310;80;70;200;61;;22;0;0;1;1;10156;72;2;76;23.0;7;0;1;0;0;0
3887;240;20181209;24;310;70;80;120;65;41.0;30;0;0;0;-1;10164;68;7;77;81.0;7;0;1;0;0;0
3888;240;20181210;1;310;70;60;130;58;;31;0;0;1;3;10169;69;4;83;23.0;7;0;1;0;0;0
3889;240;20181210;2;310;60;70;160;58;;26;0;0;2;1;10176;61;7;80;81.0;7;0;1;0;0;0
3890;240;20181210;3;300;70;70;120;63;;29;0;0;0;-1;10177;70;4;79;23.0;7;0;1;0;0;0
3891;240;20181210;4;320;70;60;160;54;;23;0;0;0;-1;10187;70;7;80;81.0;7;0;1;0;0;0
3892;240;20181210;5;340;30;20;100;38;;25;0;0;0;-1;10192;70;7;90;23.0;7;0;1;0;0;0
3893;240;20181210;6;330;50;50;100;59;20.0;28;0;0;0;-1;10195;72;7;80;23.0;7;0;1;0;0;0
3894;240;20181210;7;300;40;50;90;51;;16;0;0;0;-1;10196;75;1;78;23.0;7;0;1;0;0;0
3895;240;20181210;8;330;50;80;120;61;;24;0;1;0;-1;10204;75;8;76;23.0;7;0;1;0;0;0
3896;240;20181210;9;300;90;70;170;61;;34;0;6;5;6;10209;68;8;83;81.0;7;0;1;0;0;0
3897;240;20181210;10;320;70;80;140;61;;36;0;16;5;8;10216;62;8;83;81.0;7;0;1;0;0;0
3898;240;20181210;11;310;70;60;140;72;;31;2;44;2;1;10214;74;8;75;23.0;7;0;1;0;0;0
3899;240;20181210;12;310;90;80;130;73;32.0;27;5;53;0;-1;10217;71;7;72;51.0;7;0;1;0;0;0
3900;240;20181210;13;310;80;90;140;71;;15;5;50;0;-1;10218;80;4;67;23.0;7;0;1;0;0;0
3901;240;20181210;14;310;90;90;150;72;;11;10;50;0;0;10220;80;2;64;;5;0;0;0;0;0
3902;240;20181210;15;310;90;100;160;57;;28;8;20;2;3;10228;60;8;81;81.0;7;0;1;0;0;0
3903;240;20181210;16;310;70;70;150;63;;21;0;2;0;-1;10230;73;5;74;23.0;7;0;1;0;0;0
3904;240;20181210;17;310;70;70;130;62;;24;0;0;0;-1;10232;71;5;76;23.0;7;0;1;0;0;0
3905;240;20181210;18;310;60;60;100;55;35.0;18;0;0;1;4;10235;70;1;76;23.0;7;0;1;0;0;0
3906;240;20181210;19;300;60;60;100;60;;20;0;0;0;0;10234;71;7;75;;5;0;0;0;0;0
3907;240;20181210;20;320;60;50;100;55;;31;0;0;3;1;10238;64;8;84;81.0;7;0;1;0;0;0
3908;240;20181210;21;310;60;70;110;57;;24;0;0;0;-1;10239;75;3;79;23.0;7;0;1;0;0;0
3909;240;20181210;22;300;50;40;90;46;;23;0;0;0;0;10239;70;4;85;;5;0;0;0;0;0
3910;240;20181210;23;310;50;60;90;55;;24;0;0;0;0;10240;73;1;80;;5;0;0;0;0;0
3911;240;20181210;24;300;50;50;100;52;27.0;24;0;0;0;0;10242;70;5;82;3.0;7;0;0;0;0;0
3912;240;20181211;1;320;50;40;80;50;;18;0;0;0;-1;10239;75;1;79;23.0;7;0;1;0;0;0
3913;240;20181211;2;290;50;40;70;48;;17;0;0;0;0;10238;75;2;80;;5;0;0;0;0;0
3914;240;20181211;3;310;40;30;50;45;;20;0;0;0;-1;10240;70;2;84;23.0;7;0;1;0;0;0
3915;240;20181211;4;330;40;40;80;56;;19;0;0;0;-1;10238;75;8;77;81.0;7;0;1;0;0;0
3916;240;20181211;5;310;40;40;90;55;;29;0;0;3;1;10241;70;8;83;81.0;7;0;1;0;0;0
3917;240;20181211;6;330;40;50;70;53;20.0;32;0;0;3;3;10240;69;8;86;81.0;7;0;1;0;0;0
3918;240;20181211;7;290;30;20;60;34;;25;0;0;0;-1;10241;65;7;93;23.0;7;0;1;0;0;0
3919;240;20181211;8;330;20;20;40;34;;22;0;1;0;-1;10245;65;8;92;81.0;7;0;1;0;0;0
3920;240;20181211;9;20;10;10;40;51;;37;3;12;2;2;10245;70;8;90;81.0;7;0;1;0;0;0
3921;240;20181211;10;270;10;10;30;70;;34;3;32;0;-1;10246;75;6;78;23.0;7;0;1;0;0;0
3922;240;20181211;11;280;10;10;20;75;;43;2;37;0;-1;10246;72;8;80;81.0;7;0;1;0;0;0
3923;240;20181211;12;310;30;50;70;60;16.0;35;0;29;3;2;10246;61;8;84;81.0;7;0;1;0;0;0
3924;240;20181211;13;10;30;20;60;68;;36;2;34;1;1;10244;75;7;80;23.0;7;0;1;0;0;0
3925;240;20181211;14;350;20;40;70;66;;34;5;32;0;-1;10242;74;8;80;81.0;7;0;1;0;0;0
3926;240;20181211;15;270;20;30;60;58;;42;5;11;0;-1;10243;70;8;89;23.0;7;0;1;0;0;0
3927;240;20181211;16;310;30;20;30;52;;34;0;2;0;0;10243;70;8;88;;5;0;0;0;0;0
3928;240;20181211;17;280;20;20;30;41;;21;0;0;0;-1;10243;70;8;86;23.0;7;0;1;0;0;0
3929;240;20181211;18;280;20;20;30;42;29.0;32;0;0;0;0;10246;65;8;93;2.0;7;0;0;0;0;0
3930;240;20181211;19;320;20;10;30;37;;32;0;0;0;0;10248;65;8;96;;5;0;0;0;0;0
3931;240;20181211;20;270;10;10;10;30;;25;0;0;0;0;10248;62;1;96;;5;0;0;0;0;0
3932;240;20181211;21;990;10;10;20;19;;16;0;0;0;0;10251;62;2;97;;5;0;0;0;0;0
3933;240;20181211;22;270;0;10;10;10;;6;0;0;0;0;10252;65;8;96;20.0;7;1;0;0;0;0
3934;240;20181211;23;320;10;10;10;11;;7;0;0;0;0;10251;59;8;97;10.0;7;0;0;0;0;0
3935;240;20181211;24;290;10;10;10;8;-11.0;5;0;0;0;0;10251;7;0;98;34.0;7;1;0;0;0;0
3936;240;20181212;1;0;10;0;10;-10;;-15;0;0;0;0;10252;57;6;96;20.0;7;1;0;0;0;1
3937;240;20181212;2;0;0;0;0;0;;-3;0;0;0;0;10252;17;0;97;20.0;7;1;0;0;0;1
3938;240;20181212;3;0;10;0;10;-11;;-14;0;0;0;0;10254;2;0;98;35.0;7;1;0;0;0;1
3939;240;20181212;4;0;10;0;20;-12;;-17;0;0;0;0;10252;40;8;96;20.0;7;1;0;0;0;1
3940;240;20181212;5;990;0;10;30;-4;;-8;0;0;0;0;10255;63;8;97;;5;0;0;0;0;0
3941;240;20181212;6;110;10;10;10;3;-30.0;-1;0;0;0;0;10257;64;5;97;1.0;7;0;0;0;0;0
3942;240;20181212;7;60;10;10;30;22;;18;0;0;0;-1;10262;65;8;96;23.0;7;0;1;0;0;0
3943;240;20181212;8;90;20;20;40;27;;22;0;1;0;0;10265;65;8;96;;5;0;0;0;0;0
3944;240;20181212;9;90;30;40;60;37;;22;3;13;0;-1;10269;63;8;90;51.0;7;0;1;0;0;0
3945;240;20181212;10;90;40;40;60;40;;13;10;50;0;-1;10271;70;0;82;23.0;7;0;1;0;0;0
3946;240;20181212;11;90;30;30;60;48;;13;7;61;0;0;10270;75;0;78;;5;0;0;0;0;0
3947;240;20181212;12;120;30;30;50;54;-5.0;15;10;86;0;0;10264;75;6;76;3.0;7;0;0;0;0;0
3948;240;20181212;13;90;50;60;80;48;;1;10;93;0;0;10260;75;8;71;;5;0;0;0;0;0
3949;240;20181212;14;110;50;50;80;46;;3;3;28;0;0;10257;75;8;73;;5;0;0;0;0;0
3950;240;20181212;15;100;40;40;70;41;;-7;3;12;0;0;10256;75;8;71;;5;0;0;0;0;0
3951;240;20181212;16;120;40;40;80;40;;-11;0;1;0;0;10259;80;8;69;;5;0;0;0;0;0
3952;240;20181212;17;100;40;40;70;40;;-12;0;0;0;0;10258;80;8;68;;5;0;0;0;0;0
3953;240;20181212;18;80;30;20;70;14;2.0;-20;0;0;0;0;10256;75;0;78;;5;0;0;0;0;0
3954;240;20181212;19;80;30;40;50;19;;-5;0;0;0;0;10255;70;0;84;;5;0;0;0;0;0
3955;240;20181212;20;80;40;40;50;17;;0;0;0;0;0;10256;70;0;88;;5;0;0;0;0;0
3956;240;20181212;21;90;40;30;50;14;;-1;0;0;0;0;10255;70;0;89;;5;0;0;0;0;0
3957;240;20181212;22;80;40;40;50;12;;-1;0;0;0;0;10251;65;0;91;;5;0;0;0;0;0
3958;240;20181212;23;80;50;50;70;14;;1;0;0;0;0;10247;65;0;91;;5;0;0;0;0;0
3959;240;20181212;24;80;50;60;80;17;-13.0;5;0;0;0;0;10242;65;0;91;;5;0;0;0;0;0
3960;240;20181213;1;90;60;50;80;16;;5;0;0;0;0;10239;61;2;92;;5;0;0;0;0;0
3961;240;20181213;2;90;50;40;70;11;;1;0;0;0;0;10239;59;0;92;10.0;7;0;0;0;0;0
3962;240;20181213;3;70;40;40;70;2;;-7;0;0;0;0;10234;59;0;93;10.0;7;0;0;0;0;0
3963;240;20181213;4;60;40;50;70;11;;-5;0;0;0;0;10229;62;0;89;;5;0;0;0;0;0
3964;240;20181213;5;80;50;50;80;11;;-4;0;0;0;0;10224;62;2;90;;5;0;0;0;0;0
3965;240;20181213;6;80;60;60;90;10;-11.0;0;0;0;0;0;10222;57;0;93;10.0;7;0;0;0;0;0
3966;240;20181213;7;80;60;60;90;10;;-3;0;0;0;0;10226;60;0;91;;5;0;0;0;0;0
3967;240;20181213;8;80;50;50;90;7;;-5;0;1;0;0;10228;61;0;91;;5;0;0;0;0;0
3968;240;20181213;9;80;50;60;80;10;;-5;5;17;0;0;10231;61;0;89;;5;0;0;0;0;0
3969;240;20181213;10;90;60;60;90;19;;-4;10;52;0;0;10228;68;0;84;;5;0;0;0;0;0
3970;240;20181213;11;80;60;60;100;26;;-3;10;73;0;0;10224;70;0;81;;5;0;0;0;0;0
3971;240;20181213;12;80;70;60;100;26;-3.0;-5;10;80;0;0;10222;69;0;79;;5;0;0;0;0;0
3972;240;20181213;13;80;70;70;110;22;;-5;10;67;0;0;10218;70;0;82;;5;0;0;0;0;0
3973;240;20181213;14;80;60;60;100;24;;-5;10;55;0;0;10217;70;1;81;;5;0;0;0;0;0
3974;240;20181213;15;70;70;60;90;23;;-7;8;25;0;0;10218;75;0;80;;5;0;0;0;0;0
3975;240;20181213;16;70;60;60;90;21;;-6;0;2;0;0;10220;70;0;82;;5;0;0;0;0;0
3976;240;20181213;17;70;60;60;90;18;;-7;0;0;0;0;10220;70;0;83;;5;0;0;0;0;0
3977;240;20181213;18;70;60;60;100;18;2.0;-8;0;0;0;0;10219;70;5;82;;5;0;0;0;0;0
3978;240;20181213;19;70;60;60;100;14;;-8;0;0;0;0;10225;70;1;85;;5;0;0;0;0;0
3979;240;20181213;20;70;60;50;80;16;;-5;0;0;0;0;10228;70;8;85;;5;0;0;0;0;0
3980;240;20181213;21;70;50;50;80;19;;-5;0;0;0;0;10231;70;8;84;;5;0;0;0;0;0
3981;240;20181213;22;60;50;50;80;18;;-3;0;0;0;0;10230;70;8;85;;5;0;0;0;0;0
3982;240;20181213;23;60;50;50;70;17;;-3;0;0;0;0;10231;70;8;86;;5;0;0;0;0;0
3983;240;20181213;24;70;40;40;60;16;2.0;-4;0;0;0;0;10230;70;8;86;;5;0;0;0;0;0
3984;240;20181214;1;60;40;40;60;5;;-7;0;0;0;0;10230;64;6;91;;5;0;0;0;0;0
3985;240;20181214;2;60;30;40;60;4;;-8;0;0;0;0;10231;64;7;92;;5;0;0;0;0;0
3986;240;20181214;3;70;40;50;60;11;;-3;0;0;0;0;10230;63;8;90;;5;0;0;0;0;0
3987;240;20181214;4;70;40;40;60;14;;0;0;0;0;0;10230;63;8;89;;5;0;0;0;0;0
3988;240;20181214;5;70;40;40;60;17;;2;0;0;0;0;10229;62;8;89;;5;0;0;0;0;0
3989;240;20181214;6;70;40;40;60;18;-15.0;3;0;0;0;0;10233;61;8;89;;5;0;0;0;0;0
3990;240;20181214;7;70;40;30;60;18;;4;0;0;0;0;10238;60;8;90;;5;0;0;0;0;0
3991;240;20181214;8;70;40;40;70;19;;4;0;1;0;0;10243;60;8;89;;5;0;0;0;0;0
3992;240;20181214;9;70;40;50;60;22;;0;8;21;0;0;10246;63;8;85;;5;0;0;0;0;0
3993;240;20181214;10;70;40;50;60;24;;-3;10;45;0;0;10249;65;1;82;;5;0;0;0;0;0
3994;240;20181214;11;60;40;40;70;25;;-5;7;62;0;0;10245;66;8;81;;5;0;0;0;0;0
3995;240;20181214;12;80;40;50;70;31;11.0;-5;8;72;0;0;10244;66;3;77;;5;0;0;0;0;0
3996;240;20181214;13;80;40;40;70;36;;-8;10;71;0;0;10243;67;7;72;;5;0;0;0;0;0
3997;240;20181214;14;60;40;40;60;17;;-9;5;37;0;0;10243;64;2;82;;5;0;0;0;0;0
3998;240;20181214;15;90;30;20;50;6;;-17;2;11;0;0;10249;67;0;84;;5;0;0;0;0;0
3999;240;20181214;16;100;20;30;40;6;;-16;0;1;0;0;10255;64;3;84;;5;0;0;0;0;0
4000;240;20181214;17;70;30;30;40;-10;;-25;0;0;0;0;10259;62;0;89;;5;0;0;0;0;0
4001;240;20181214;18;80;30;20;40;-1;-29.0;-16;0;0;0;0;10259;63;8;89;;5;0;0;0;0;0
4002;240;20181214;19;100;30;20;40;11;;-10;0;0;0;0;10262;67;8;85;;5;0;0;0;0;0
4003;240;20181214;20;100;30;30;60;12;;-13;0;0;0;0;10258;66;8;83;;5;0;0;0;0;0
4004;240;20181214;21;90;30;40;50;12;;-16;0;0;0;0;10258;67;8;81;;5;0;0;0;0;0
4005;240;20181214;22;110;30;30;50;12;;-18;0;0;0;0;10255;66;8;80;;5;0;0;0;0;0
4006;240;20181214;23;100;30;20;50;11;;-26;0;0;0;0;10258;68;8;76;;5;0;0;0;0;0
4007;240;20181214;24;110;20;30;40;12;-19.0;-29;0;0;0;0;10260;67;8;73;;5;0;0;0;0;0
4008;240;20181215;1;120;20;20;40;9;;-28;0;0;0;0;10261;67;8;76;;5;0;0;0;0;0
4009;240;20181215;2;100;20;20;30;7;;-23;0;0;0;0;10260;65;8;80;;5;0;0;0;0;0
4010;240;20181215;3;100;30;30;50;5;;-22;0;0;0;0;10255;63;8;81;;5;0;0;0;0;0
4011;240;20181215;4;120;30;40;60;7;;-22;0;0;0;0;10253;63;8;80;;5;0;0;0;0;0
4012;240;20181215;5;120;30;40;50;6;;-21;0;0;0;0;10251;62;8;82;;5;0;0;0;0;0
4013;240;20181215;6;120;30;40;50;5;-2.0;-22;0;0;0;0;10249;62;8;82;;5;0;0;0;0;0
4014;240;20181215;7;120;40;40;60;7;;-29;0;0;0;0;10249;65;8;76;;5;0;0;0;0;0
4015;240;20181215;8;130;40;40;70;7;;-35;0;0;0;0;10250;69;8;73;;5;0;0;0;0;0
4016;240;20181215;9;130;40;50;70;7;;-38;0;3;0;0;10251;70;8;72;;5;0;0;0;0;0
4017;240;20181215;10;140;50;60;80;8;;-43;0;10;0;0;10249;70;8;68;;5;0;0;0;0;0
4018;240;20181215;11;150;60;70;90;7;;-54;0;18;0;0;10241;70;8;63;;5;0;0;0;0;0
4019;240;20181215;12;140;70;70;110;6;-1.0;-49;0;19;0;0;10231;69;8;66;;5;0;0;0;0;0
4020;240;20181215;13;160;70;70;100;5;;-58;0;22;0;0;10223;74;8;62;;5;0;0;0;0;0
4021;240;20181215;14;150;80;80;120;5;;-56;0;20;0;0;10210;69;8;63;;5;0;0;0;0;0
4022;240;20181215;15;140;80;90;130;5;;-54;0;5;0;0;10199;69;8;64;;5;0;0;0;0;0
4023;240;20181215;16;140;100;100;150;5;;-54;0;1;0;0;10190;68;8;64;;5;0;0;0;0;0
4024;240;20181215;17;130;90;80;140;-1;;-50;0;0;0;0;10175;68;8;69;;5;0;0;0;0;0
4025;240;20181215;18;130;90;80;130;3;-11.0;-47;0;0;0;0;10165;71;8;69;;5;0;0;0;0;0
4026;240;20181215;19;130;90;90;130;0;;-46;0;0;0;0;10154;68;8;71;;5;0;0;0;0;0
4027;240;20181215;20;130;100;100;150;0;;-45;0;0;0;0;10137;66;8;71;;5;0;0;0;0;0
4028;240;20181215;21;140;100;100;170;2;;-45;0;0;0;0;10125;68;8;70;;5;0;0;0;0;0
4029;240;20181215;22;140;90;80;140;3;;-43;0;0;0;0;10118;68;8;70;;5;0;0;0;0;0
4030;240;20181215;23;150;90;90;140;4;;-40;0;0;0;-1;10117;58;7;72;77.0;7;0;0;1;0;0
4031;240;20181215;24;130;90;90;140;-8;-11.0;-15;0;0;10;6;10104;43;8;95;85.0;7;0;0;1;0;0
4032;240;20181216;1;140;90;80;130;-7;;-13;0;0;10;11;10102;12;8;95;86.0;7;0;0;1;0;0
4033;240;20181216;2;140;80;70;120;-3;;-7;0;0;10;7;10096;20;8;96;67.0;7;0;1;1;0;1
4034;240;20181216;3;150;80;80;130;-2;;-8;0;0;4;1;10091;50;8;95;54.0;7;0;1;1;0;1
4035;240;20181216;4;160;70;70;110;0;;-6;0;0;9;1;10088;49;8;95;51.0;7;0;1;0;0;1
4036;240;20181216;5;160;70;60;100;1;;-3;0;0;0;-1;10086;38;8;96;22.0;7;0;1;0;0;0
4037;240;20181216;6;160;60;50;90;3;-9.0;-2;0;0;0;0;10083;31;8;96;10.0;7;0;0;0;0;0
4038;240;20181216;7;160;50;40;80;4;;0;0;0;0;0;10085;18;8;97;10.0;7;0;0;0;0;0
4039;240;20181216;8;170;50;50;70;6;;3;0;1;0;0;10086;8;8;98;34.0;7;1;0;0;0;0
4040;240;20181216;9;150;40;40;60;8;;5;0;5;0;0;10089;4;8;98;34.0;7;1;0;0;0;0
4041;240;20181216;10;160;40;40;60;11;;8;0;16;0;0;10093;2;9;98;34.0;7;1;0;0;0;0
4042;240;20181216;11;160;30;30;50;15;;12;0;19;0;0;10094;1;9;98;34.0;7;1;0;0;0;0
4043;240;20181216;12;150;40;40;50;18;1.0;15;0;21;0;0;10091;1;9;98;33.0;7;1;0;0;0;0
4044;240;20181216;13;140;30;30;50;20;;17;0;17;0;0;10093;1;9;98;33.0;7;1;0;0;0;0
4045;240;20181216;14;150;30;30;50;22;;19;0;11;0;0;10097;2;9;98;32.0;7;1;0;0;0;0
4046;240;20181216;15;160;30;30;40;24;;21;0;7;0;0;10097;2;9;98;33.0;7;1;0;0;0;0
4047;240;20181216;16;170;40;50;60;29;;26;0;1;0;-1;10100;2;9;98;51.0;7;1;1;0;0;0
4048;240;20181216;17;160;40;50;60;29;;26;0;0;0;-1;10102;2;9;98;51.0;7;1;1;0;0;0
4049;240;20181216;18;170;40;40;70;33;17.0;30;0;0;0;-1;10107;4;9;98;51.0;7;1;1;0;0;0
4050;240;20181216;19;150;30;30;50;37;;34;0;0;0;-1;10112;3;9;98;34.0;7;1;1;0;0;0
4051;240;20181216;20;160;30;40;50;37;;34;0;0;0;0;10112;4;9;98;32.0;7;1;0;0;0;0
4052;240;20181216;21;170;40;40;60;36;;33;0;0;0;0;10117;10;8;97;20.0;7;1;0;0;0;0
4053;240;20181216;22;160;50;50;70;33;;29;0;0;0;0;10118;11;8;97;20.0;7;1;0;0;0;0
4054;240;20181216;23;160;60;60;80;31;;28;0;0;0;0;10121;8;9;98;34.0;7;1;0;0;0;0
4055;240;20181216;24;150;50;60;90;29;30.0;26;0;0;0;0;10122;5;9;98;34.0;7;1;0;0;0;0
4056;240;20181217;1;160;60;50;80;29;;26;0;0;0;0;10118;4;9;98;34.0;7;1;0;0;0;0
4057;240;20181217;2;130;40;40;70;29;;26;0;0;0;0;10118;4;9;98;33.0;7;1;0;0;0;0
4058;240;20181217;3;140;50;50;70;32;;29;0;0;0;0;10117;12;8;97;20.0;7;1;0;0;0;0
4059;240;20181217;4;140;50;50;70;39;;36;0;0;0;0;10115;33;8;97;10.0;7;0;0;0;0;0
4060;240;20181217;5;140;50;50;80;45;;42;0;0;8;2;10115;45;8;97;81.0;7;0;1;0;0;0
4061;240;20181217;6;150;60;60;80;52;29.0;48;0;0;9;4;10117;50;8;97;62.0;7;0;1;0;0;0
4062;240;20181217;7;160;60;60;90;56;;52;0;0;10;12;10120;50;8;97;62.0;7;0;1;0;0;0
4063;240;20181217;8;190;60;40;90;61;;57;0;0;10;5;10128;47;8;97;61.0;7;0;1;0;0;0
4064;240;20181217;9;200;50;50;70;69;;66;0;3;10;8;10136;56;8;98;61.0;7;0;1;0;0;0
4065;240;20181217;10;240;50;60;80;78;;68;0;6;6;2;10147;57;8;93;23.0;7;0;1;0;0;0
4066;240;20181217;11;260;60;60;90;81;;63;0;10;0;0;10153;70;8;87;;5;0;0;0;0;0
4067;240;20181217;12;260;70;70;100;83;49.0;53;0;20;0;0;10159;70;8;81;2.0;7;0;0;0;0;0
4068;240;20181217;13;260;70;70;100;85;;60;0;21;2;2;10165;70;8;84;22.0;7;0;1;0;0;0
4069;240;20181217;14;260;70;70;100;84;;58;3;29;0;0;10176;70;6;83;;5;0;0;0;0;0
4070;240;20181217;15;250;60;60;90;80;;57;5;18;0;0;10188;70;6;85;1.0;7;0;0;0;0;0
4071;240;20181217;16;240;60;50;80;71;;53;0;1;0;0;10193;69;4;88;;5;0;0;0;0;0
4072;240;20181217;17;230;40;40;60;55;;47;0;0;0;0;10201;65;8;94;;5;0;0;0;0;0
4073;240;20181217;18;200;40;30;60;36;22.0;30;0;0;0;0;10206;64;8;95;2.0;7;0;0;0;0;0
4074;240;20181217;19;210;40;40;50;36;;33;0;0;0;0;10212;63;8;97;;5;0;0;0;0;0
4075;240;20181217;20;190;40;40;60;30;;26;0;0;0;0;10217;63;4;97;;5;0;0;0;0;0
4076;240;20181217;21;170;40;40;60;26;;22;0;0;0;0;10220;60;8;97;;5;0;0;0;0;0
4077;240;20181217;22;180;40;40;50;29;;25;0;0;0;0;10221;59;8;97;10.0;7;0;0;0;0;0
4078;240;20181217;23;180;50;40;60;39;;35;0;0;0;0;10226;50;8;97;10.0;7;0;0;0;0;0
4079;240;20181217;24;170;40;40;50;35;7.0;32;0;0;0;0;10220;32;8;97;10.0;7;0;0;0;0;0
4080;240;20181218;1;180;40;40;60;41;;38;0;0;0;0;10221;35;8;97;10.0;7;0;0;0;0;0
4081;240;20181218;2;190;50;60;80;56;;53;0;0;0;0;10220;32;8;97;10.0;7;0;0;0;0;0
4082;240;20181218;3;190;60;60;90;60;;56;0;0;0;0;10219;33;8;97;10.0;7;0;0;0;0;0
4083;240;20181218;4;180;60;60;80;62;;57;0;0;0;0;10218;35;8;96;10.0;7;0;0;0;0;0
4084;240;20181218;5;170;50;50;80;60;;57;0;0;0;0;10216;19;8;97;10.0;7;0;0;0;0;0
4085;240;20181218;6;150;40;50;60;62;25.0;59;0;0;0;0;10210;19;8;97;10.0;7;0;0;0;0;0
4086;240;20181218;7;160;50;50;70;64;;62;0;0;0;0;10205;36;8;97;10.0;7;0;0;0;0;0
4087;240;20181218;8;170;50;60;80;68;;60;0;1;0;0;10207;57;8;94;10.0;7;0;0;0;0;0
4088;240;20181218;9;150;60;60;90;70;;60;0;6;0;0;10200;60;8;93;;5;0;0;0;0;0
4089;240;20181218;10;160;60;60;100;72;;59;0;12;0;0;10198;64;8;91;;5;0;0;0;0;0
4090;240;20181218;11;170;60;70;90;76;;61;0;23;0;0;10190;66;8;90;;5;0;0;0;0;0
4091;240;20181218;12;170;70;70;110;78;60.0;62;0;32;0;0;10181;69;8;89;;5;0;0;0;0;0
4092;240;20181218;13;160;70;60;100;76;;59;0;40;0;0;10170;70;8;88;;5;0;0;0;0;0
4093;240;20181218;14;140;60;50;90;74;;56;7;35;0;0;10160;70;7;88;;5;0;0;0;0;0
4094;240;20181218;15;140;50;50;80;70;;53;3;12;0;0;10154;70;8;88;;5;0;0;0;0;0
4095;240;20181218;16;130;50;60;90;70;;52;0;1;0;0;10145;70;8;88;;5;0;0;0;0;0
4096;240;20181218;17;130;70;80;110;69;;45;0;0;0;0;10134;70;8;84;;5;0;0;0;0;0
4097;240;20181218;18;130;80;80;120;66;57.0;37;0;0;0;0;10127;70;8;81;;5;0;0;0;0;0
4098;240;20181218;19;140;80;80;120;63;;30;0;0;0;0;10117;75;8;79;;5;0;0;0;0;0
4099;240;20181218;20;140;80;70;130;61;;24;0;0;0;0;10110;75;8;76;;5;0;0;0;0;0
4100;240;20181218;21;140;70;70;120;59;;22;0;0;0;0;10102;75;8;76;;5;0;0;0;0;0
4101;240;20181218;22;130;70;80;110;58;;22;0;0;0;0;10091;75;8;77;;5;0;0;0;0;0
4102;240;20181218;23;150;70;80;110;57;;21;0;0;0;0;10089;75;8;77;;5;0;0;0;0;0
4103;240;20181218;24;140;80;80;110;59;49.0;19;0;0;0;0;10079;75;8;75;;5;0;0;0;0;0
4104;240;20181219;1;150;80;70;120;58;;19;0;0;0;0;10076;75;8;75;;5;0;0;0;0;0
4105;240;20181219;2;170;70;60;100;55;;29;0;0;5;1;10077;70;8;83;81.0;7;0;1;0;0;0
4106;240;20181219;3;160;60;60;80;56;;36;0;0;0;-1;10072;70;8;86;51.0;7;0;1;0;0;0
4107;240;20181219;4;180;60;60;90;58;;47;0;0;9;2;10076;63;8;92;57.0;7;0;1;0;0;0
4108;240;20181219;5;180;60;60;90;61;;57;0;0;8;3;10077;60;8;96;51.0;7;0;1;0;0;0
4109;240;20181219;6;180;50;50;80;64;47.0;59;0;0;0;-1;10081;59;8;96;23.0;7;0;1;0;0;0
4110;240;20181219;7;190;40;40;70;68;;62;0;0;0;0;10086;59;8;96;10.0;7;0;0;0;0;0
4111;240;20181219;8;180;40;50;60;70;;64;0;1;0;0;10090;58;8;95;10.0;7;0;0;0;0;0
4112;240;20181219;9;190;60;70;90;72;;62;0;8;0;0;10096;62;8;93;;5;0;0;0;0;0
4113;240;20181219;10;180;60;60;100;79;;66;0;15;0;0;10098;64;8;91;;5;0;0;0;0;0
4114;240;20181219;11;170;70;60;100;80;;68;0;22;0;0;10094;65;8;92;;5;0;0;0;0;0
4115;240;20181219;12;180;60;60;90;82;60.0;68;0;13;0;0;10091;70;8;90;;5;0;0;0;0;0
4116;240;20181219;13;190;60;60;90;88;;69;0;13;0;0;10086;70;8;87;;5;0;0;0;0;0
4117;240;20181219;14;190;70;70;100;93;;68;5;35;0;0;10083;70;6;84;;5;0;0;0;0;0
4118;240;20181219;15;190;70;60;100;85;;59;8;23;0;0;10085;70;1;84;;5;0;0;0;0;0
4119;240;20181219;16;180;50;60;80;81;;59;0;1;0;0;10086;70;8;86;;5;0;0;0;0;0
4120;240;20181219;17;160;50;50;70;67;;54;0;0;0;0;10085;65;2;91;;5;0;0;0;0;0
4121;240;20181219;18;170;50;70;100;78;52.0;61;0;0;0;0;10090;70;8;88;;5;0;0;0;0;0
4122;240;20181219;19;180;60;60;100;80;;62;0;0;0;0;10091;70;8;88;;5;0;0;0;0;0
4123;240;20181219;20;170;60;70;90;77;;60;0;0;0;0;10091;70;8;89;;5;0;0;0;0;0
4124;240;20181219;21;170;60;50;90;67;;54;0;0;0;0;10091;65;8;91;;5;0;0;0;0;0
4125;240;20181219;22;170;50;50;70;60;;52;0;0;0;0;10091;65;8;94;;5;0;0;0;0;0
4126;240;20181219;23;170;50;50;80;58;;50;0;0;0;0;10089;63;8;94;;5;0;0;0;0;0
4127;240;20181219;24;180;50;50;70;63;48.0;54;0;0;0;0;10084;64;8;93;;5;0;0;0;0;0
4128;240;20181220;1;160;40;40;80;62;;56;0;0;7;2;10081;61;8;96;51.0;7;0;1;0;0;0
4129;240;20181220;2;170;40;50;70;64;;57;0;0;4;1;10081;61;8;95;23.0;7;0;1;0;0;0
4130;240;20181220;3;170;60;60;90;64;;57;0;0;0;0;10078;64;8;95;2.0;7;0;0;0;0;0
4131;240;20181220;4;170;50;50;80;67;;60;0;0;0;0;10075;62;8;95;;5;0;0;0;0;0
4132;240;20181220;5;170;60;60;80;68;;60;0;0;0;0;10076;61;8;94;;5;0;0;0;0;0
4133;240;20181220;6;160;60;60;80;67;56.0;59;0;0;0;0;10079;61;8;94;2.0;7;0;0;0;0;0
4134;240;20181220;7;180;60;60;80;70;;57;0;0;0;0;10079;65;8;91;;5;0;0;0;0;0
4135;240;20181220;8;180;60;60;100;70;;56;0;0;0;0;10081;63;8;90;;5;0;0;0;0;0
4136;240;20181220;9;180;60;60;90;72;;56;0;5;0;0;10083;68;8;89;;5;0;0;0;0;0
4137;240;20181220;10;190;70;80;100;75;;56;0;18;0;0;10087;70;8;87;;5;0;0;0;0;0
4138;240;20181220;11;200;80;80;110;79;;59;0;24;0;0;10085;70;8;87;;5;0;0;0;0;0
4139;240;20181220;12;200;70;80;100;75;63.0;60;0;17;3;2;10081;70;8;90;23.0;7;0;1;0;0;0
4140;240;20181220;13;200;70;70;100;77;;64;0;13;3;1;10079;65;8;91;23.0;7;0;1;0;0;0
4141;240;20181220;14;200;70;60;100;76;;65;0;10;3;2;10077;65;8;92;23.0;7;0;1;0;0;0
4142;240;20181220;15;200;70;80;100;80;;65;0;7;0;-1;10080;70;8;90;51.0;7;0;1;0;0;0
4143;240;20181220;16;210;70;70;110;82;;67;0;1;0;-1;10086;70;8;89;22.0;7;0;1;0;0;0
4144;240;20181220;17;210;70;70;100;78;;64;0;0;0;-1;10087;65;8;91;22.0;7;0;1;0;0;0
4145;240;20181220;18;210;70;70;100;78;69.0;67;0;0;0;0;10086;65;8;92;2.0;7;0;0;0;0;0
4146;240;20181220;19;210;70;70;100;80;;68;0;0;0;-1;10087;65;8;92;23.0;7;0;1;0;0;0
4147;240;20181220;20;210;70;70;110;82;;70;0;0;0;0;10089;64;8;91;;5;0;0;0;0;0
4148;240;20181220;21;200;80;80;110;81;;65;0;0;0;0;10082;69;8;89;2.0;7;0;0;0;0;0
4149;240;20181220;22;200;90;80;130;82;;63;0;0;0;0;10079;70;8;87;;5;0;0;0;0;0
4150;240;20181220;23;200;90;90;130;82;;65;0;0;0;0;10079;69;8;88;;5;0;0;0;0;0
4151;240;20181220;24;200;80;90;130;79;71.0;65;0;0;0;-1;10073;65;8;91;81.0;7;0;1;0;0;0
4152;240;20181221;1;210;90;80;130;79;;60;0;0;0;-1;10067;70;8;87;23.0;7;0;1;0;0;0
4153;240;20181221;2;200;80;70;110;77;;61;0;0;0;0;10059;70;8;89;;5;0;0;0;0;0
4154;240;20181221;3;160;60;40;110;72;;67;0;0;4;2;10048;64;8;96;51.0;7;0;1;0;0;0
4155;240;20181221;4;160;60;60;90;72;;69;0;0;9;7;10029;50;8;98;52.0;7;0;1;0;0;0
4156;240;20181221;5;170;70;70;110;78;;75;0;0;10;34;10013;59;8;97;82.0;7;0;1;0;0;0
4157;240;20181221;6;160;70;70;100;80;68.0;78;0;0;10;32;9993;50;8;98;62.0;7;0;1;0;0;0
4158;240;20181221;7;170;70;60;100;85;;82;0;0;10;16;9980;57;8;98;62.0;7;0;1;0;0;0
4159;240;20181221;8;170;60;60;90;90;;88;0;0;10;16;9965;56;8;98;62.0;7;0;1;0;0;0
4160;240;20181221;9;170;60;70;100;97;;94;0;3;10;14;9956;56;8;98;62.0;7;0;1;0;0;0
4161;240;20181221;10;230;80;100;150;123;;113;0;5;10;12;9950;65;8;93;51.0;7;0;1;0;0;0
4162;240;20181221;11;240;120;120;180;124;;114;0;13;2;1;9952;56;8;93;22.0;7;0;1;0;0;0
4163;240;20181221;12;240;130;130;200;128;78.0;111;0;23;0;0;9953;65;8;89;2.0;7;0;0;0;0;0
4164;240;20181221;13;240;130;140;220;123;;103;0;19;0;0;9959;63;8;87;;5;0;0;0;0;0
4165;240;20181221;14;240;130;120;190;115;;82;0;18;0;0;9969;62;8;80;;5;0;0;0;0;0
4166;240;20181221;15;240;120;120;190;107;;76;0;8;0;-1;9980;57;8;81;81.0;7;0;1;0;0;0
4167;240;20181221;16;250;120;130;200;109;;73;0;0;0;-1;9987;59;8;78;23.0;7;0;1;0;0;0
4168;240;20181221;17;250;130;130;200;110;;71;0;0;0;-1;10001;60;8;77;51.0;7;0;1;0;0;0
4169;240;20181221;18;270;120;120;190;93;89.0;85;0;0;6;1;10018;57;8;94;81.0;7;0;1;0;0;0
4170;240;20181221;19;270;100;90;160;89;;75;0;0;4;1;10031;70;7;90;23.0;7;0;1;0;0;0
4171;240;20181221;20;270;90;90;140;91;;73;0;0;0;0;10042;66;8;88;;5;0;0;0;0;0
4172;240;20181221;21;280;70;70;120;86;;63;0;0;0;0;10049;70;8;85;2.0;7;0;0;0;0;0
4173;240;20181221;22;260;60;50;90;87;;68;0;0;0;0;10057;70;8;87;;5;0;0;0;0;0
4174;240;20181221;23;260;40;40;70;85;;74;0;0;5;2;10058;62;8;92;81.0;7;0;1;0;0;0
4175;240;20181221;24;230;30;30;50;85;75.0;78;0;0;0;-1;10054;61;8;95;23.0;7;0;1;0;0;0
4176;240;20181222;1;240;60;80;100;97;;79;0;0;0;0;10050;58;8;88;10.0;7;0;0;0;0;0
4177;240;20181222;2;230;70;60;120;94;;86;0;0;7;2;10045;50;8;95;81.0;7;0;1;0;0;0
4178;240;20181222;3;230;50;60;90;96;;90;0;0;10;76;10036;57;8;96;62.0;7;0;1;0;0;0
4179;240;20181222;4;290;90;60;160;87;;72;0;0;7;4;10044;70;8;90;81.0;7;0;1;0;0;0
4180;240;20181222;5;270;40;50;70;80;;75;0;0;0;-1;10056;56;8;96;81.0;7;0;1;0;0;0
4181;240;20181222;6;280;40;40;60;81;76.0;78;0;0;9;11;10067;40;8;98;62.0;7;0;1;0;0;0
4182;240;20181222;7;270;70;70;110;89;;79;0;0;3;1;10081;65;8;93;23.0;7;0;1;0;0;0
4183;240;20181222;8;260;80;80;110;93;;75;0;1;0;0;10093;69;8;88;;5;0;0;0;0;0
4184;240;20181222;9;260;80;90;130;98;;71;2;8;0;0;10102;69;8;83;2.0;7;0;0;0;0;0
4185;240;20181222;10;260;90;90;130;98;;75;0;15;0;-1;10111;66;8;85;81.0;7;0;1;0;0;0
4186;240;20181222;11;270;80;90;120;99;;73;0;23;0;-1;10119;70;8;83;23.0;7;0;1;0;0;0
4187;240;20181222;12;270;90;90;130;98;78.0;77;0;22;0;0;10125;69;8;87;2.0;7;0;0;0;0;0
4188;240;20181222;13;270;90;80;130;97;;75;0;23;0;0;10132;69;8;86;;5;0;0;0;0;0
4189;240;20181222;14;270;70;70;120;96;;75;3;22;0;0;10143;69;8;86;;5;0;0;0;0;0
4190;240;20181222;15;270;70;60;100;94;;73;2;10;0;0;10150;70;8;86;;5;0;0;0;0;0
4191;240;20181222;16;260;60;60;90;95;;71;0;1;0;0;10159;67;8;85;;5;0;0;0;0;0
4192;240;20181222;17;260;60;60;80;91;;70;0;0;0;0;10164;66;8;86;;5;0;0;0;0;0
4193;240;20181222;18;260;60;70;90;87;75.0;67;0;0;0;-1;10169;67;8;87;23.0;7;0;1;0;0;0
4194;240;20181222;19;260;60;60;80;89;;72;0;0;0;-1;10175;63;8;89;57.0;7;0;1;0;0;0
4195;240;20181222;20;260;60;60;80;91;;69;0;0;0;-1;10178;66;8;86;23.0;7;0;1;0;0;0
4196;240;20181222;21;260;60;60;90;93;;70;0;0;0;-1;10182;66;8;85;23.0;7;0;1;0;0;0
4197;240;20181222;22;270;70;70;90;91;;65;0;0;0;0;10189;70;8;83;;5;0;0;0;0;0
4198;240;20181222;23;270;60;60;90;87;;61;0;0;0;0;10192;68;8;83;;5;0;0;0;0;0
4199;240;20181222;24;260;50;50;80;77;53.0;60;0;0;0;0;10194;67;8;88;2.0;7;0;0;0;0;0
4200;240;20181223;1;240;40;40;70;71;;57;0;0;0;0;10195;66;8;90;;5;0;0;0;0;0
4201;240;20181223;2;220;40;40;70;62;;56;0;0;0;0;10196;63;8;95;;5;0;0;0;0;0
4202;240;20181223;3;220;40;40;60;56;;52;0;0;0;0;10198;62;8;96;;5;0;0;0;0;0
4203;240;20181223;4;210;50;50;60;40;;36;0;0;0;0;10194;61;8;97;;5;0;0;0;0;0
4204;240;20181223;5;210;50;50;60;58;;55;0;0;0;0;10190;61;8;97;;5;0;0;0;0;0
4205;240;20181223;6;220;50;50;60;67;33.0;61;0;0;0;0;10189;63;8;95;;5;0;0;0;0;0
4206;240;20181223;7;210;40;40;60;68;;63;0;0;0;0;10189;60;8;96;;5;0;0;0;0;0
4207;240;20181223;8;220;40;40;60;72;;67;0;0;0;0;10189;58;8;96;10.0;7;0;0;0;0;0
4208;240;20181223;9;200;40;40;60;73;;69;0;2;0;-1;10188;57;8;97;81.0;7;0;1;0;0;0
4209;240;20181223;10;200;40;40;60;75;;73;0;6;10;9;10183;57;8;98;61.0;7;0;1;0;0;0
4210;240;20181223;11;200;40;40;60;80;;76;0;17;10;2;10174;57;8;97;58.0;7;0;1;0;0;0
4211;240;20181223;12;190;30;40;50;83;56.0;79;0;13;9;1;10164;41;8;97;51.0;7;0;1;0;0;0
4212;240;20181223;13;220;40;50;70;83;;74;0;17;0;-1;10154;61;8;94;81.0;7;0;1;0;0;0
4213;240;20181223;14;220;30;30;60;79;;71;0;8;10;4;10146;46;8;94;52.0;7;0;1;0;0;0
4214;240;20181223;15;360;20;20;40;73;;69;0;5;10;1;10140;36;8;97;52.0;7;0;1;0;0;0
4215;240;20181223;16;30;20;20;40;71;;68;0;1;10;4;10135;37;8;98;81.0;7;0;1;0;0;0
4216;240;20181223;17;30;30;30;50;70;;67;0;0;10;16;10140;58;8;98;62.0;7;0;1;0;0;0
4217;240;20181223;18;40;40;50;70;65;62.0;59;0;0;10;14;10141;60;8;95;61.0;7;0;1;0;0;0
4218;240;20181223;19;30;40;40;70;64;;59;0;0;10;10;10147;65;8;96;61.0;7;0;1;0;0;0
4219;240;20181223;20;360;30;30;70;62;;54;0;0;10;3;10159;65;8;94;51.0;7;0;1;0;0;0
4220;240;20181223;21;340;40;40;60;60;;53;0;0;10;2;10171;65;8;95;57.0;7;0;1;0;0;0
4221;240;20181223;22;320;30;30;60;59;;54;0;0;10;4;10181;64;8;96;61.0;7;0;1;0;0;0
4222;240;20181223;23;310;30;40;50;62;;57;0;0;8;3;10189;65;8;96;81.0;7;0;1;0;0;0
4223;240;20181223;24;300;30;30;50;61;48.0;54;0;0;0;-1;10200;65;8;95;23.0;7;0;1;0;0;0
4224;240;20181224;1;340;40;40;90;60;;43;0;0;0;-1;10209;70;4;88;23.0;7;0;1;0;0;0
4225;240;20181224;2;330;30;30;50;57;;39;0;0;0;0;10221;70;7;88;;5;0;0;0;0;0
4226;240;20181224;3;320;30;30;50;52;;39;0;0;0;0;10233;65;5;91;1.0;7;0;0;0;0;0
4227;240;20181224;4;330;40;40;60;65;;43;0;0;0;0;10243;70;8;85;;5;0;0;0;0;0
4228;240;20181224;5;330;30;40;70;65;;46;0;0;0;-1;10254;70;8;87;51.0;7;0;1;0;0;0
4229;240;20181224;6;360;30;20;60;58;33.0;42;0;0;0;-1;10268;70;7;89;22.0;7;0;1;0;0;0
4230;240;20181224;7;360;20;20;60;60;;48;0;0;0;-1;10281;65;8;92;22.0;7;0;1;0;0;0
4231;240;20181224;8;360;10;10;30;55;;42;0;1;0;0;10295;65;8;91;;5;0;0;0;0;0
4232;240;20181224;9;290;10;20;20;53;;43;2;10;0;0;10306;65;6;93;1.0;7;0;0;0;0;0
4233;240;20181224;10;310;10;10;20;70;;50;10;43;0;0;10314;70;4;87;;5;0;0;0;0;0
4234;240;20181224;11;350;10;10;20;74;;38;7;62;0;0;10317;75;2;78;;5;0;0;0;0;0
4235;240;20181224;12;300;10;20;30;81;36.0;40;10;77;0;0;10321;75;0;74;1.0;7;0;0;0;0;0
4236;240;20181224;13;310;20;20;30;83;;34;10;71;0;0;10325;75;0;71;;5;0;0;0;0;0
4237;240;20181224;14;270;10;20;30;62;;29;5;36;0;0;10331;75;1;79;;5;0;0;0;0;0
4238;240;20181224;15;300;10;10;20;73;;33;7;16;0;0;10332;75;8;75;;5;0;0;0;0;0
4239;240;20181224;16;270;20;20;30;69;;42;0;3;0;0;10334;70;8;82;;5;0;0;0;0;0
4240;240;20181224;17;230;20;30;40;68;;38;0;0;0;0;10339;70;8;81;;5;0;0;0;0;0
4241;240;20181224;18;990;10;10;30;62;39.0;42;0;0;0;0;10346;70;8;86;;5;0;0;0;0;0
4242;240;20181224;19;210;10;10;20;64;;41;0;0;0;0;10350;70;8;85;;5;0;0;0;0;0
4243;240;20181224;20;270;20;30;40;65;;42;0;0;0;0;10354;70;8;85;;5;0;0;0;0;0
4244;240;20181224;21;260;30;40;60;73;;23;0;0;0;0;10352;75;8;70;;5;0;0;0;0;0
4245;240;20181224;22;270;30;30;60;62;;31;0;0;0;0;10353;75;8;80;;5;0;0;0;0;0
4246;240;20181224;23;260;30;30;40;69;;23;0;0;0;0;10353;75;8;72;;5;0;0;0;0;0
4247;240;20181224;24;240;40;30;60;68;50.0;23;0;0;0;0;10350;75;8;73;;5;0;0;0;0;0
4248;240;20181225;1;260;30;20;40;64;;27;0;0;0;0;10351;75;8;77;;5;0;0;0;0;0
4249;240;20181225;2;260;30;40;50;68;;22;0;0;0;0;10353;75;8;72;;5;0;0;0;0;0
4250;240;20181225;3;280;40;50;70;71;;20;0;0;0;0;10354;75;8;70;;5;0;0;0;0;0
4251;240;20181225;4;250;30;30;50;62;;24;0;0;0;0;10347;75;8;76;;5;0;0;0;0;0
4252;240;20181225;5;240;30;40;50;45;;19;0;0;0;0;10345;70;2;83;;5;0;0;0;0;0
4253;240;20181225;6;230;40;60;80;59;18.0;36;0;0;0;0;10346;70;8;84;;5;0;0;0;0;0
4254;240;20181225;7;220;50;50;80;56;;30;0;0;0;0;10346;70;8;83;;5;0;0;0;0;0
4255;240;20181225;8;230;50;40;70;42;;20;0;0;0;0;10348;70;3;85;;5;0;0;0;0;0
4256;240;20181225;9;230;40;50;70;55;;28;0;9;0;0;10349;70;7;82;;5;0;0;0;0;0
4257;240;20181225;10;230;50;60;80;68;;38;3;29;0;0;10347;70;5;81;;5;0;0;0;0;0
4258;240;20181225;11;230;60;60;80;76;;48;3;37;0;0;10344;65;6;82;;5;0;0;0;0;0
4259;240;20181225;12;240;50;50;80;80;25.0;46;5;53;0;0;10340;69;8;79;;5;0;0;0;0;0
4260;240;20181225;13;250;60;60;90;79;;34;0;32;0;0;10342;75;8;73;;5;0;0;0;0;0
4261;240;20181225;14;240;60;60;90;74;;32;3;29;0;0;10341;75;8;74;;5;0;0;0;0;0
4262;240;20181225;15;230;60;60;90;68;;26;8;22;0;0;10341;75;8;74;;5;0;0;0;0;0
4263;240;20181225;16;220;50;40;80;50;;23;0;3;0;0;10340;68;7;82;;5;0;0;0;0;0
4264;240;20181225;17;200;50;50;70;52;;20;0;0;0;0;10340;68;8;79;;5;0;0;0;0;0
4265;240;20181225;18;210;50;50;80;49;29.0;21;0;0;0;0;10339;66;8;81;;5;0;0;0;0;0
4266;240;20181225;19;210;50;50;70;45;;19;0;0;0;0;10341;66;8;82;;5;0;0;0;0;0
4267;240;20181225;20;210;50;60;80;49;;18;0;0;0;0;10339;65;8;80;;5;0;0;0;0;0
4268;240;20181225;21;210;60;50;80;46;;19;0;0;0;0;10336;66;8;82;;5;0;0;0;0;0
4269;240;20181225;22;210;50;50;70;49;;22;0;0;0;0;10335;65;8;82;;5;0;0;0;0;0
4270;240;20181225;23;210;50;50;70;48;;26;0;0;0;0;10331;64;8;85;;5;0;0;0;0;0
4271;240;20181225;24;210;50;50;70;48;34.0;24;0;0;0;0;10328;65;8;84;;5;0;0;0;0;0
4272;240;20181226;1;210;50;50;70;48;;26;0;0;0;0;10325;65;8;85;;5;0;0;0;0;0
4273;240;20181226;2;220;40;50;60;49;;26;0;0;0;0;10322;64;8;85;;5;0;0;0;0;0
4274;240;20181226;3;220;40;40;60;50;;28;0;0;0;0;10321;63;8;85;;5;0;0;0;0;0
4275;240;20181226;4;220;30;30;50;50;;30;0;0;0;0;10318;63;8;86;;5;0;0;0;0;0
4276;240;20181226;5;220;30;30;40;53;;33;0;0;0;0;10314;63;8;87;;5;0;0;0;0;0
4277;240;20181226;6;210;30;30;40;52;37.0;35;0;0;0;0;10315;60;8;88;;5;0;0;0;0;0
4278;240;20181226;7;220;30;30;50;56;;42;0;0;0;0;10317;59;8;90;10.0;7;0;0;0;0;0
4279;240;20181226;8;210;30;30;40;59;;49;0;1;0;0;10318;56;8;93;10.0;7;0;0;0;0;0
4280;240;20181226;9;190;30;30;40;57;;47;0;4;0;0;10321;50;8;93;10.0;7;0;0;0;0;0
4281;240;20181226;10;200;40;40;60;59;;45;0;11;0;0;10322;57;8;90;10.0;7;0;0;0;0;0
4282;240;20181226;11;200;40;40;50;61;;45;0;20;0;0;10319;59;8;89;10.0;7;0;0;0;0;0
4283;240;20181226;12;200;40;50;60;64;50.0;46;0;21;0;0;10311;60;8;88;;5;0;0;0;0;0
4284;240;20181226;13;210;40;50;60;63;;44;0;16;0;0;10309;60;8;87;;5;0;0;0;0;0
4285;240;20181226;14;200;40;40;60;62;;45;0;14;0;0;10308;59;8;88;10.0;7;0;0;0;0;0
4286;240;20181226;15;190;40;40;60;60;;43;0;6;0;0;10307;60;8;88;;5;0;0;0;0;0
4287;240;20181226;16;200;40;40;50;56;;41;0;1;0;0;10305;59;8;89;10.0;7;0;0;0;0;0
4288;240;20181226;17;180;40;40;50;54;;40;0;0;0;0;10300;58;8;90;10.0;7;0;0;0;0;0
4289;240;20181226;18;190;40;40;60;54;52.0;39;0;0;0;0;10301;59;8;90;10.0;7;0;0;0;0;0
4290;240;20181226;19;190;50;50;60;50;;37;0;0;0;0;10300;57;8;91;10.0;7;0;0;0;0;0
4291;240;20181226;20;200;50;40;70;50;;35;0;0;0;0;10299;57;8;90;10.0;7;0;0;0;0;0
4292;240;20181226;21;200;50;40;70;47;;27;0;0;0;0;10295;61;8;87;;5;0;0;0;0;0
4293;240;20181226;22;210;40;40;60;43;;22;0;0;0;0;10291;61;8;86;;5;0;0;0;0;0
4294;240;20181226;23;190;40;50;60;39;;20;0;0;0;0;10288;61;8;87;;5;0;0;0;0;0
4295;240;20181226;24;190;30;30;60;39;37.0;18;0;0;0;0;10285;61;8;86;;5;0;0;0;0;0
4296;240;20181227;1;200;30;30;40;39;;13;0;0;0;0;10282;62;8;83;;5;0;0;0;0;0
4297;240;20181227;2;200;30;30;40;38;;13;0;0;0;0;10282;62;8;84;;5;0;0;0;0;0
4298;240;20181227;3;180;30;30;40;34;;10;0;0;0;0;10278;62;8;84;;5;0;0;0;0;0
4299;240;20181227;4;180;20;20;40;34;;8;0;0;0;0;10272;62;8;83;;5;0;0;0;0;0
4300;240;20181227;5;160;20;30;40;26;;9;0;0;0;0;10268;60;8;88;;5;0;0;0;0;0
4301;240;20181227;6;160;30;30;40;25;27.0;6;0;0;0;0;10269;61;8;87;;5;0;0;0;0;0
4302;240;20181227;7;180;20;20;30;20;;4;0;0;0;0;10270;61;8;89;;5;0;0;0;0;0
4303;240;20181227;8;160;20;30;30;14;;2;0;0;0;0;10269;60;8;91;;5;0;0;0;0;0
4304;240;20181227;9;160;20;20;30;15;;2;2;9;0;0;10266;60;8;91;;5;0;0;0;0;0
4305;240;20181227;10;160;20;10;30;35;;9;7;42;0;0;10267;61;8;83;;5;0;0;0;0;0
4306;240;20181227;11;160;20;20;30;40;;9;5;52;0;0;10264;64;8;80;;5;0;0;0;0;0
4307;240;20181227;12;160;10;10;20;45;10.0;11;0;44;0;0;10260;65;8;78;;5;0;0;0;0;0
4308;240;20181227;13;180;20;20;30;50;;13;0;39;0;0;10258;64;8;77;;5;0;0;0;0;0
4309;240;20181227;14;170;20;20;30;51;;12;8;39;0;0;10256;67;8;75;;5;0;0;0;0;0
4310;240;20181227;15;170;20;20;30;36;;9;8;18;0;0;10255;64;8;82;;5;0;0;0;0;0
4311;240;20181227;16;170;20;20;30;30;;11;0;2;0;0;10257;62;8;87;;5;0;0;0;0;0
4312;240;20181227;17;160;20;20;20;26;;4;0;0;0;0;10256;61;8;85;;5;0;0;0;0;0
4313;240;20181227;18;170;20;20;20;20;7.0;1;0;0;0;0;10256;62;8;87;;5;0;0;0;0;0
4314;240;20181227;19;190;20;20;30;15;;1;0;0;0;0;10258;62;8;90;;5;0;0;0;0;0
4315;240;20181227;20;180;20;20;20;19;;-1;0;0;0;0;10259;60;8;86;;5;0;0;0;0;0
4316;240;20181227;21;160;10;10;20;3;;-9;0;0;0;0;10263;59;8;92;10.0;7;0;0;0;0;0
4317;240;20181227;22;180;20;20;30;-3;;-17;0;0;0;0;10260;59;8;90;10.0;7;0;0;0;0;0
4318;240;20181227;23;210;20;10;40;4;;-5;0;0;0;0;10260;58;8;93;10.0;7;0;0;0;0;0
4319;240;20181227;24;990;10;10;30;8;-20.0;1;0;0;0;0;10261;58;8;94;10.0;7;0;0;0;0;0
4320;240;20181228;1;180;10;10;20;27;;17;0;0;0;0;10259;58;8;93;10.0;7;0;0;0;0;0
4321;240;20181228;2;180;10;10;20;34;;27;0;0;0;0;10262;58;8;95;10.0;7;0;0;0;0;0
4322;240;20181228;3;150;10;10;20;36;;24;0;0;0;0;10264;58;8;91;10.0;7;0;0;0;0;0
4323;240;20181228;4;190;10;10;20;35;;25;0;0;0;0;10264;59;8;92;10.0;7;0;0;0;0;0
4324;240;20181228;5;170;20;10;20;38;;29;0;0;0;0;10266;59;8;94;10.0;7;0;0;0;0;0
4325;240;20181228;6;160;20;20;20;35;-3.0;24;0;0;0;0;10270;58;8;92;10.0;7;0;0;0;0;0
4326;240;20181228;7;160;20;20;30;37;;30;0;0;0;0;10274;58;8;94;10.0;7;0;0;0;0;0
4327;240;20181228;8;160;20;20;20;41;;33;0;1;0;0;10281;57;8;94;10.0;7;0;0;0;0;0
4328;240;20181228;9;180;20;20;30;45;;38;0;3;0;0;10284;57;8;94;10.0;7;0;0;0;0;0
4329;240;20181228;10;190;20;20;30;50;;43;0;6;0;0;10288;56;8;95;10.0;7;0;0;0;0;0
4330;240;20181228;11;180;20;20;30;54;;45;0;10;0;0;10288;57;8;94;10.0;7;0;0;0;0;0
4331;240;20181228;12;180;30;30;30;55;35.0;44;0;12;0;0;10283;57;8;92;10.0;7;0;0;0;0;0
4332;240;20181228;13;190;30;30;30;56;;45;0;15;0;0;10286;57;8;92;10.0;7;0;0;0;0;0
4333;240;20181228;14;180;20;20;30;59;;48;0;8;0;0;10289;57;8;93;10.0;7;0;0;0;0;0
4334;240;20181228;15;180;20;20;40;58;;49;0;5;0;0;10293;57;8;93;10.0;7;0;0;0;0;0
4335;240;20181228;16;180;20;20;40;59;;50;0;1;0;0;10298;56;8;94;10.0;7;0;0;0;0;0
4336;240;20181228;17;210;20;30;50;66;;56;0;0;0;0;10301;56;8;93;10.0;7;0;0;0;0;0
4337;240;20181228;18;190;30;30;50;59;56.0;53;0;0;0;0;10303;50;8;95;10.0;7;0;0;0;0;0
4338;240;20181228;19;210;40;40;50;64;;55;0;0;0;0;10306;50;8;94;10.0;7;0;0;0;0;0
4339;240;20181228;20;220;40;40;60;67;;55;0;0;0;0;10311;50;8;92;10.0;7;0;0;0;0;0
4340;240;20181228;21;220;40;40;60;68;;55;0;0;0;0;10314;57;8;91;10.0;7;0;0;0;0;0
4341;240;20181228;22;210;40;40;50;66;;57;0;0;0;0;10313;56;8;93;10.0;7;0;0;0;0;0
4342;240;20181228;23;220;40;30;50;67;;58;0;0;0;0;10311;56;8;94;10.0;7;0;0;0;0;0
4343;240;20181228;24;220;40;40;50;68;58.0;63;0;0;0;0;10310;56;8;96;10.0;7;0;0;0;0;0
4344;240;20181229;1;220;30;40;50;71;;64;0;0;0;0;10311;56;8;95;10.0;7;0;0;0;0;0
4345;240;20181229;2;220;30;30;40;74;;68;0;0;0;0;10315;57;8;96;10.0;7;0;0;0;0;0
4346;240;20181229;3;220;30;20;50;76;;72;0;0;0;0;10310;57;8;97;10.0;7;0;0;0;0;0
4347;240;20181229;4;220;30;30;50;76;;73;0;0;0;0;10305;57;8;98;10.0;7;0;0;0;0;0
4348;240;20181229;5;210;30;40;40;78;;74;0;0;0;0;10305;56;8;97;10.0;7;0;0;0;0;0
4349;240;20181229;6;240;40;50;80;90;64.0;80;0;0;0;0;10305;58;8;93;10.0;7;0;0;0;0;0
4350;240;20181229;7;190;50;50;70;75;;69;0;0;0;0;10298;60;8;95;;5;0;0;0;0;0
4351;240;20181229;8;210;50;50;70;79;;73;0;1;0;0;10300;57;8;95;10.0;7;0;0;0;0;0
4352;240;20181229;9;200;60;70;90;78;;70;0;6;0;0;10294;56;8;94;10.0;7;0;0;0;0;0
4353;240;20181229;10;210;70;70;90;83;;75;0;6;0;0;10291;56;8;94;10.0;7;0;0;0;0;0
4354;240;20181229;11;210;60;70;90;85;;77;0;10;0;0;10277;44;8;95;10.0;7;0;0;0;0;0
4355;240;20181229;12;240;70;90;140;98;65.0;77;0;10;0;0;10273;65;8;86;;5;0;0;0;0;0
4356;240;20181229;13;230;110;110;160;90;;80;0;9;0;0;10259;56;8;93;10.0;7;0;0;0;0;0
4357;240;20181229;14;240;100;100;140;89;;82;0;7;0;-1;10257;30;8;95;23.0;7;0;1;0;0;0
4358;240;20181229;15;250;100;100;140;96;;86;0;4;0;0;10259;63;8;93;2.0;7;0;0;0;0;0
4359;240;20181229;16;260;100;100;130;98;;86;0;2;0;0;10258;63;8;92;;5;0;0;0;0;0
4360;240;20181229;17;280;100;110;150;107;;83;0;0;0;0;10259;70;8;85;;5;0;0;0;0;0
4361;240;20181229;18;300;100;90;150;104;85.0;64;0;0;3;1;10268;67;8;76;23.0;7;0;1;0;0;0
4362;240;20181229;19;310;90;100;150;97;;54;0;0;0;0;10275;64;8;75;;5;0;0;0;0;0
4363;240;20181229;20;310;110;130;170;91;;48;0;0;0;0;10283;63;7;74;;5;0;0;0;0;0
4364;240;20181229;21;300;100;100;160;88;;50;0;0;0;0;10288;62;8;76;;5;0;0;0;0;0
4365;240;20181229;22;300;100;100;130;88;;52;0;0;0;0;10294;63;8;78;;5;0;0;0;0;0
4366;240;20181229;23;310;90;80;140;87;;55;0;0;0;0;10301;63;8;80;;5;0;0;0;0;0
4367;240;20181229;24;310;80;80;120;87;78.0;55;0;0;0;0;10308;64;8;80;;5;0;0;0;0;0
4368;240;20181230;1;310;70;70;120;86;;54;0;0;0;0;10312;65;8;80;;5;0;0;0;0;0
4369;240;20181230;2;320;70;70;100;87;;55;0;0;0;0;10317;66;8;80;;5;0;0;0;0;0
4370;240;20181230;3;310;50;50;90;82;;55;0;0;0;0;10320;68;8;82;;5;0;0;0;0;0
4371;240;20181230;4;300;40;40;70;74;;51;0;0;0;0;10320;70;8;85;;5;0;0;0;0;0
4372;240;20181230;5;300;40;50;70;77;;52;0;0;0;0;10322;70;8;84;;5;0;0;0;0;0
4373;240;20181230;6;290;30;30;50;72;60.0;50;0;0;0;0;10326;70;8;86;;5;0;0;0;0;0
4374;240;20181230;7;270;30;30;40;73;;52;0;0;0;0;10329;70;8;86;;5;0;0;0;0;0
4375;240;20181230;8;250;30;30;40;76;;57;0;0;0;0;10331;68;8;87;;5;0;0;0;0;0
4376;240;20181230;9;240;30;40;50;83;;64;0;7;0;0;10330;65;8;87;;5;0;0;0;0;0
4377;240;20181230;10;240;40;40;60;88;;68;0;21;0;-1;10331;69;8;87;23.0;7;0;1;0;0;0
4378;240;20181230;11;250;40;50;70;94;;71;0;23;0;0;10327;70;8;85;;5;0;0;0;0;0
4379;240;20181230;12;250;60;70;90;95;56.0;73;0;28;0;0;10322;70;8;85;2.0;7;0;0;0;0;0
4380;240;20181230;13;260;70;60;100;95;;75;0;20;0;0;10315;63;8;87;;5;0;0;0;0;0
4381;240;20181230;14;260;70;70;100;90;;86;2;23;0;-1;10313;30;8;97;23.0;7;0;1;0;0;0
4382;240;20181230;15;260;60;60;90;92;;88;0;7;0;0;10312;63;8;97;2.0;7;0;0;0;0;0
4383;240;20181230;16;290;50;50;80;92;;89;0;1;0;-1;10317;33;8;98;51.0;7;0;1;0;0;0
4384;240;20181230;17;300;50;50;80;94;;91;0;0;0;-1;10315;48;8;97;51.0;7;0;1;0;0;0
4385;240;20181230;18;290;40;40;70;94;89.0;91;0;0;0;-1;10319;57;8;98;22.0;7;0;1;0;0;0
4386;240;20181230;19;280;30;40;50;95;;91;0;0;0;0;10320;56;8;97;10.0;7;0;0;0;0;0
4387;240;20181230;20;280;30;30;40;93;;91;0;0;0;-1;10322;37;8;98;51.0;7;0;1;0;0;0
4388;240;20181230;21;270;30;30;40;92;;90;0;0;6;1;10323;18;8;98;51.0;7;0;1;0;0;0
4389;240;20181230;22;270;40;50;60;92;;89;0;0;0;-1;10323;56;8;98;22.0;7;0;1;0;0;0
4390;240;20181230;23;280;40;40;60;94;;92;0;0;0;0;10322;56;8;98;10.0;7;0;0;0;0;0
4391;240;20181230;24;290;40;40;60;92;84.0;88;0;0;0;0;10322;59;8;97;10.0;7;0;0;0;0;0
4392;240;20181231;1;300;40;40;60;96;;89;0;0;0;0;10325;65;8;95;;5;0;0;0;0;0
4393;240;20181231;2;300;40;40;60;94;;88;0;0;0;0;10327;62;8;96;;5;0;0;0;0;0
4394;240;20181231;3;300;40;40;50;90;;85;0;0;0;0;10326;62;8;96;;5;0;0;0;0;0
4395;240;20181231;4;290;40;40;50;91;;84;0;0;0;0;10326;63;8;95;;5;0;0;0;0;0
4396;240;20181231;5;290;30;40;50;90;;85;0;0;0;0;10328;61;8;96;;5;0;0;0;0;0
4397;240;20181231;6;310;30;30;50;89;84.0;84;0;0;0;0;10331;61;8;97;;5;0;0;0;0;0
4398;240;20181231;7;310;30;30;50;89;;84;0;0;0;0;10334;61;8;96;;5;0;0;0;0;0
4399;240;20181231;8;300;30;40;50;90;;84;0;1;0;0;10340;61;8;95;;5;0;0;0;0;0
4400;240;20181231;9;290;30;30;60;88;;82;0;8;0;0;10342;61;8;96;;5;0;0;0;0;0
4401;240;20181231;10;280;30;30;60;95;;88;5;32;0;0;10344;61;8;95;;5;0;0;0;0;0
4402;240;20181231;11;290;40;40;60;97;;88;2;38;0;0;10342;62;8;94;;5;0;0;0;0;0
4403;240;20181231;12;280;40;40;60;105;83.0;90;7;64;0;0;10337;66;8;90;;5;0;0;0;0;0
4404;240;20181231;13;280;60;50;70;91;;83;2;39;0;0;10335;61;8;94;;5;0;0;0;0;0
4405;240;20181231;14;270;50;40;80;94;;80;0;11;0;0;10334;63;8;90;;5;0;0;0;0;0
4406;240;20181231;15;260;50;50;70;93;;78;0;9;0;0;10334;64;8;90;;5;0;0;0;0;0
4407;240;20181231;16;270;50;60;80;90;;75;0;3;0;0;10335;66;8;90;;5;0;0;0;0;0
4408;240;20181231;17;260;60;50;70;87;;71;0;0;0;0;10333;67;8;89;;5;0;0;0;0;0
4409;240;20181231;18;250;50;50;70;84;79.0;71;0;0;0;0;10331;61;8;91;;5;0;0;0;0;0
4410;240;20181231;19;230;50;50;80;87;;67;0;0;0;0;10329;63;8;87;;5;0;0;0;0;0
4411;240;20181231;20;240;50;50;80;84;;71;0;0;0;-1;10325;57;8;91;51.0;7;0;1;0;0;0
4412;240;20181231;21;250;60;50;80;84;;73;0;0;0;-1;10320;63;8;93;22.0;7;0;1;0;0;0
4413;240;20181231;22;270;60;60;80;85;;57;0;0;0;0;10317;70;8;82;;5;0;0;0;0;0
4414;240;20181231;23;260;60;60;110;86;;59;0;0;0;0;10312;70;8;83;;5;0;0;0;0;0
4415;240;20181231;24;260;70;70;100;85;76.0;54;0;0;0;0;10311;50;8;80;10.0;7;0;0;0;0;0
