;STN;YYYYMMDD;HH;DD;FH;FF;FX;T;T10N;TD;SQ;Q;DR;RH;P;VV;N;U;WW;IX;M;R;S;O;Y
0;344;20220701;1;200;50;40;70;140;;126;0;0;0;0;10145;63;2;91;;5;0;0;0;0;0
1;344;20220701;2;200;40;40;60;141;;126;0;0;0;0;10149;68;7;90;;5;0;0;0;0;0
2;344;20220701;3;200;40;40;60;136;;119;0;0;0;0;10151;70;8;89;;5;0;0;0;0;0
3;344;20220701;4;190;30;40;60;137;;120;0;3;0;0;10154;70;8;89;;5;0;0;0;0;0
4;344;20220701;5;200;40;50;70;139;;122;0;18;0;0;10157;70;1;89;;5;0;0;0;0;0
5;344;20220701;6;210;50;60;90;145;123.0;122;3;45;0;0;10159;70;8;86;;5;0;0;0;0;0
6;344;20220701;7;220;60;60;90;155;;129;8;122;0;0;10159;65;8;84;;5;0;0;0;0;0
7;344;20220701;8;240;50;50;90;152;;127;1;79;0;-1;10164;61;8;85;81.0;7;0;1;0;0;0
8;344;20220701;9;230;40;60;90;166;;109;3;102;0;-1;10169;80;4;68;23.0;7;0;1;0;0;0
9;344;20220701;10;230;60;60;110;184;;115;7;200;0;0;10172;80;7;64;;5;0;0;0;0;0
10;344;20220701;11;230;60;60;100;179;;105;6;192;0;0;10175;81;8;62;;5;0;0;0;0;0
11;344;20220701;12;210;50;70;100;164;142.0;128;0;57;4;5;10181;75;8;79;51.0;7;0;1;0;0;0
12;344;20220701;13;200;50;40;100;169;;129;3;162;3;2;10183;75;8;77;23.0;7;0;1;0;0;0
13;344;20220701;14;220;60;80;120;197;;122;8;262;0;0;10182;80;3;61;;5;0;0;0;0;0
14;344;20220701;15;220;70;70;110;193;;105;8;203;0;0;10184;82;6;56;3.0;7;0;0;0;0;0
15;344;20220701;16;210;60;60;110;191;;114;8;139;0;0;10188;82;6;61;;5;0;0;0;0;0
16;344;20220701;17;230;60;50;110;194;;114;8;137;0;0;10190;81;6;60;;5;0;0;0;0;0
17;344;20220701;18;250;50;40;90;188;158.0;100;10;106;0;0;10194;82;2;56;1.0;7;0;0;0;0;0
18;344;20220701;19;250;50;40;110;177;;86;10;54;0;0;10196;81;0;55;;5;0;0;0;0;0
19;344;20220701;20;240;40;40;70;164;;103;3;11;0;0;10203;80;0;67;;5;0;0;0;0;0
20;344;20220701;21;240;40;30;60;156;;104;0;0;0;0;10207;75;0;71;;5;0;0;0;0;0
21;344;20220701;22;220;30;40;50;148;;108;0;0;0;0;10209;75;0;77;;5;0;0;0;0;0
22;344;20220701;23;200;30;30;50;149;;115;0;0;0;0;10212;75;0;79;;5;0;0;0;0;0
23;344;20220701;24;200;30;40;60;152;113.0;110;0;0;0;0;10212;75;0;75;;5;0;0;0;0;0
24;344;20220702;1;220;50;50;80;149;;93;0;0;0;0;10210;80;0;69;;5;0;0;0;0;0
25;344;20220702;2;220;50;50;70;142;;92;0;0;0;0;10210;75;0;71;;5;0;0;0;0;0
26;344;20220702;3;210;40;40;70;135;;96;0;0;0;0;10209;75;0;77;;5;0;0;0;0;0
27;344;20220702;4;200;40;30;60;133;;101;0;2;0;0;10212;70;0;81;;5;0;0;0;0;0
28;344;20220702;5;200;40;40;50;147;;109;10;30;0;0;10213;75;0;77;;5;0;0;0;0;0
29;344;20220702;6;180;40;40;70;160;115.0;109;10;80;0;0;10214;75;1;72;;5;0;0;0;0;0
30;344;20220702;7;200;40;40;70;182;;95;10;136;0;0;10216;82;0;56;;5;0;0;0;0;0
31;344;20220702;8;170;40;50;70;194;;96;10;192;0;0;10216;82;3;52;;5;0;0;0;0;0
32;344;20220702;9;170;50;50;80;202;;96;10;241;0;0;10215;82;0;50;;5;0;0;0;0;0
33;344;20220702;10;190;50;60;80;212;;94;10;283;0;0;10211;82;4;46;;5;0;0;0;0;0
34;344;20220702;11;190;60;50;110;221;;89;9;304;0;0;10208;79;8;42;;5;0;0;0;0;0
35;344;20220702;12;180;50;40;100;220;168.0;100;5;224;0;0;10202;82;7;46;;5;0;0;0;0;0
36;344;20220702;13;200;60;50;110;225;;97;4;196;0;0;10198;82;7;44;;5;0;0;0;0;0
37;344;20220702;14;190;50;50;90;231;;97;6;227;0;0;10194;82;7;42;;5;0;0;0;0;0
38;344;20220702;15;220;50;60;100;236;;99;2;117;0;0;10193;82;8;41;;5;0;0;0;0;0
39;344;20220702;16;220;50;50;90;228;;95;6;165;0;0;10188;83;8;42;;5;0;0;0;0;0
40;344;20220702;17;290;50;40;80;212;;114;5;125;0;0;10188;82;8;53;;5;0;0;0;0;0
41;344;20220702;18;300;30;20;70;203;203.0;116;6;80;0;0;10185;82;8;57;;5;0;0;0;0;0
42;344;20220702;19;280;20;20;30;191;;118;3;26;0;0;10183;83;8;62;;5;0;0;0;0;0
43;344;20220702;20;300;10;10;20;187;;122;2;7;0;0;10182;80;8;66;;5;0;0;0;0;0
44;344;20220702;21;260;10;10;20;176;;126;0;1;0;-1;10184;75;8;72;23.0;7;0;1;0;0;0
45;344;20220702;22;270;10;10;20;174;;119;0;0;0;0;10182;75;7;70;;5;0;0;0;0;0
46;344;20220702;23;250;10;10;20;146;;123;0;0;0;0;10181;70;2;85;;5;0;0;0;0;0
47;344;20220702;24;220;20;20;30;156;102.0;112;0;0;0;0;10179;75;7;74;3.0;7;0;0;0;0;0
48;344;20220703;1;240;30;30;50;168;;117;0;0;0;0;10177;75;8;71;;5;0;0;0;0;0
49;344;20220703;2;240;30;30;50;166;;123;0;0;0;0;10176;75;8;75;;5;0;0;0;0;0
50;344;20220703;3;230;30;20;40;161;;128;0;0;0;0;10174;75;8;80;;5;0;0;0;0;0
51;344;20220703;4;240;30;30;40;157;;130;0;1;0;0;10175;70;7;83;;5;0;0;0;0;0
52;344;20220703;5;240;30;30;50;160;;134;0;13;0;0;10176;70;3;84;;5;0;0;0;0;0
53;344;20220703;6;230;30;40;50;176;125.0;139;4;63;0;0;10179;75;1;78;;5;0;0;0;0;0
54;344;20220703;7;240;40;30;60;185;;144;7;107;0;0;10179;75;6;76;;5;0;0;0;0;0
55;344;20220703;8;250;40;40;70;180;;137;1;92;0;0;10183;75;7;76;;5;0;0;0;0;0
56;344;20220703;9;270;40;40;60;179;;138;2;105;0;-1;10183;75;8;76;57.0;7;0;1;0;0;0
57;344;20220703;10;260;40;30;60;188;;141;3;110;3;1;10186;75;6;74;23.0;7;0;1;0;0;0
58;344;20220703;11;270;40;30;70;184;;131;1;95;0;0;10189;75;8;71;;5;0;0;0;0;0
59;344;20220703;12;270;40;50;70;184;171.0;132;2;122;0;-1;10190;75;8;71;22.0;7;0;1;0;0;0
60;344;20220703;13;270;50;50;90;194;;131;2;156;0;0;10192;80;8;67;;5;0;0;0;0;0
61;344;20220703;14;270;50;50;90;185;;128;2;152;0;0;10195;80;8;69;;5;0;0;0;0;0
62;344;20220703;15;280;50;50;90;195;;125;8;213;0;0;10197;80;2;63;;5;0;0;0;0;0
63;344;20220703;16;270;50;50;80;188;;121;9;164;0;0;10197;81;3;64;;5;0;0;0;0;0
64;344;20220703;17;280;50;50;80;189;;122;9;128;0;0;10196;81;2;64;;5;0;0;0;0;0
65;344;20220703;18;280;40;30;70;174;171.0;120;6;65;0;0;10199;75;2;70;;5;0;0;0;0;0
66;344;20220703;19;260;30;30;60;173;;120;10;51;0;0;10200;75;1;70;;5;0;0;0;0;0
67;344;20220703;20;280;20;20;40;156;;117;3;10;0;0;10201;75;1;77;;5;0;0;0;0;0
68;344;20220703;21;250;10;10;20;142;;117;0;0;0;0;10205;70;3;85;;5;0;0;0;0;0
69;344;20220703;22;270;10;10;10;130;;120;0;0;0;0;10206;65;8;93;;5;0;0;0;0;0
70;344;20220703;23;240;10;20;20;125;;119;0;0;0;0;10206;65;1;96;;5;0;0;0;0;0
71;344;20220703;24;210;20;10;20;127;72.0;121;0;0;0;0;10202;65;0;96;;5;0;0;0;0;0
72;344;20220704;1;200;10;20;30;117;;114;0;0;0;0;10199;65;0;97;;5;0;0;0;0;0
73;344;20220704;2;220;20;30;40;126;;117;0;0;0;0;10196;65;2;94;;5;0;0;0;0;0
74;344;20220704;3;220;20;20;40;131;;121;0;0;0;0;10195;65;2;93;;5;0;0;0;0;0
75;344;20220704;4;210;30;30;40;144;;137;0;3;0;0;10198;65;8;95;;5;0;0;0;0;0
76;344;20220704;5;210;20;20;40;164;;141;7;28;0;0;10203;70;7;86;;5;0;0;0;0;0
77;344;20220704;6;260;20;20;30;175;67.0;145;5;67;0;0;10203;70;2;82;;5;0;0;0;0;0
78;344;20220704;7;270;30;30;40;185;;129;10;129;0;0;10204;80;0;69;;5;0;0;0;0;0
79;344;20220704;8;250;30;20;50;197;;119;10;188;0;0;10205;80;1;60;;5;0;0;0;0;0
80;344;20220704;9;280;40;40;60;193;;122;2;126;0;0;10210;82;8;63;;5;0;0;0;0;0
81;344;20220704;10;290;40;40;70;191;;112;5;211;0;0;10211;81;7;59;;5;0;0;0;0;0
82;344;20220704;11;290;50;50;80;200;;114;8;249;0;0;10209;81;6;57;;5;0;0;0;0;0
83;344;20220704;12;260;50;60;80;212;181.0;103;10;327;0;0;10207;82;1;49;;5;0;0;0;0;0
84;344;20220704;13;280;50;50;80;208;;105;10;325;0;0;10203;80;0;51;;5;0;0;0;0;0
85;344;20220704;14;250;50;60;110;217;;112;10;296;0;0;10204;81;0;51;;5;0;0;0;0;0
86;344;20220704;15;270;50;60;90;209;;100;10;264;0;0;10203;82;0;49;;5;0;0;0;0;0
87;344;20220704;16;270;60;50;90;209;;119;10;215;0;0;10202;82;1;56;;5;0;0;0;0;0
88;344;20220704;17;280;40;40;80;203;;110;10;147;0;0;10200;82;7;55;;5;0;0;0;0;0
89;344;20220704;18;300;40;40;70;194;200.0;106;10;111;0;0;10202;82;2;56;;5;0;0;0;0;0
90;344;20220704;19;290;30;30;60;183;;115;10;53;0;0;10204;82;0;64;;5;0;0;0;0;0
91;344;20220704;20;300;20;20;50;157;;113;2;7;0;0;10208;75;0;74;;5;0;0;0;0;0
92;344;20220704;21;300;20;20;30;144;;120;0;0;0;0;10215;64;2;85;;5;0;0;0;0;0
93;344;20220704;22;270;10;10;30;154;;127;0;0;0;0;10217;70;8;84;;5;0;0;0;0;0
94;344;20220704;23;0;10;0;10;159;;135;0;0;0;0;10217;70;8;85;;5;0;0;0;0;0
95;344;20220704;24;0;0;0;10;156;105.0;136;0;0;0;0;10215;70;8;87;;5;0;0;0;0;0
96;344;20220705;1;250;10;10;10;150;;137;0;0;0;0;10214;65;4;91;;5;0;0;0;0;0
97;344;20220705;2;0;0;0;10;136;;133;0;0;0;0;10215;50;2;97;10.0;7;0;0;0;0;0
98;344;20220705;3;320;10;10;20;119;;116;0;0;0;0;10214;5;2;98;34.0;7;1;0;0;0;0
99;344;20220705;4;140;0;10;10;131;;116;0;1;0;0;10216;56;5;91;20.0;7;1;0;0;0;0
100;344;20220705;5;0;10;0;10;152;;116;5;29;0;0;10219;56;8;79;10.0;7;0;0;0;0;0
101;344;20220705;6;300;10;10;10;165;82.0;116;2;44;0;0;10222;62;8;73;2.0;7;0;0;0;0;0
102;344;20220705;7;300;10;20;30;179;;114;0;67;0;0;10226;80;8;65;;5;0;0;0;0;0
103;344;20220705;8;290;20;30;50;192;;104;8;165;0;0;10229;74;1;56;;5;0;0;0;0;0
104;344;20220705;9;280;30;30;70;195;;116;10;221;0;0;10230;80;2;59;;5;0;0;0;0;0
105;344;20220705;10;280;40;40;80;191;;104;10;287;0;0;10234;72;0;56;;5;0;0;0;0;0
106;344;20220705;11;290;50;50;90;196;;103;10;305;0;0;10237;80;1;54;;5;0;0;0;0;0
107;344;20220705;12;300;50;40;80;196;168.0;93;9;319;0;0;10239;79;8;51;;5;0;0;0;0;0
108;344;20220705;13;280;50;60;100;195;;92;6;261;0;0;10240;72;8;51;;5;0;0;0;0;0
109;344;20220705;14;290;60;50;90;195;;98;8;264;0;0;10243;80;7;53;;5;0;0;0;0;0
110;344;20220705;15;300;50;50;90;194;;103;10;247;0;0;10244;82;6;55;;5;0;0;0;0;0
111;344;20220705;16;310;50;60;90;184;;107;8;188;0;0;10248;80;7;60;;5;0;0;0;0;0
112;344;20220705;17;340;50;50;90;177;;93;9;135;0;0;10247;82;2;58;;5;0;0;0;0;0
113;344;20220705;18;320;40;40;90;173;176.0;90;9;102;0;0;10250;82;8;58;;5;0;0;0;0;0
114;344;20220705;19;310;40;40;70;163;;88;10;61;0;0;10251;83;1;61;;5;0;0;0;0;0
115;344;20220705;20;310;30;20;60;141;;92;3;9;0;0;10254;75;1;72;;5;0;0;0;0;0
116;344;20220705;21;290;10;10;30;125;;92;0;0;0;0;10259;75;1;80;;5;0;0;0;0;0
117;344;20220705;22;260;10;20;30;122;;94;0;0;0;0;10264;70;6;83;;5;0;0;0;0;0
118;344;20220705;23;270;20;20;20;115;;91;0;0;0;0;10263;70;1;85;;5;0;0;0;0;0
119;344;20220705;24;270;20;20;30;113;56.0;92;0;0;0;0;10263;70;0;86;;5;0;0;0;0;0
120;344;20220706;1;270;20;20;30;108;;90;0;0;0;0;10263;70;1;88;;5;0;0;0;0;0
121;344;20220706;2;260;20;20;30;88;;72;0;0;0;0;10261;70;1;89;;5;0;0;0;0;0
122;344;20220706;3;250;10;10;20;98;;93;0;0;0;0;10262;65;5;96;;5;0;0;0;0;0
123;344;20220706;4;270;10;10;20;101;;89;0;3;0;0;10261;65;8;92;;5;0;0;0;0;0
124;344;20220706;5;270;20;20;30;123;;90;0;15;0;0;10262;75;5;80;;5;0;0;0;0;0
125;344;20220706;6;290;20;20;30;158;44.0;90;7;72;0;0;10263;79;4;64;;5;0;0;0;0;0
126;344;20220706;7;290;20;30;50;175;;90;10;135;0;0;10264;79;8;57;;5;0;0;0;0;0
127;344;20220706;8;330;20;20;40;185;;59;9;173;0;0;10263;81;8;43;;5;0;0;0;0;0
128;344;20220706;9;260;20;20;40;183;;63;3;157;0;0;10261;82;8;45;;5;0;0;0;0;0
129;344;20220706;10;270;20;30;50;189;;67;3;188;0;0;10265;75;8;45;;5;0;0;0;0;0
130;344;20220706;11;270;30;40;60;205;;82;9;297;0;0;10261;81;7;45;;5;0;0;0;0;0
131;344;20220706;12;280;30;40;70;203;166.0;84;7;276;0;0;10256;80;8;46;;5;0;0;0;0;0
132;344;20220706;13;270;40;50;90;198;;89;1;178;0;0;10254;80;8;49;;5;0;0;0;0;0
133;344;20220706;14;270;50;50;80;196;;113;1;159;0;0;10252;80;8;58;;5;0;0;0;0;0
134;344;20220706;15;260;60;50;90;199;;120;2;158;0;0;10247;80;8;60;;5;0;0;0;0;0
135;344;20220706;16;260;50;50;80;190;;120;2;110;0;0;10244;82;8;63;;5;0;0;0;0;0
136;344;20220706;17;270;40;30;70;187;;138;0;54;0;-1;10237;75;8;73;22.0;7;0;1;0;0;0
137;344;20220706;18;260;40;40;60;184;184.0;141;3;51;0;0;10233;75;8;75;2.0;7;0;0;0;0;0
138;344;20220706;19;250;40;30;60;181;;143;0;13;0;0;10229;75;8;78;;5;0;0;0;0;0
139;344;20220706;20;230;40;40;60;178;;147;0;4;0;0;10225;70;8;82;;5;0;0;0;0;0
140;344;20220706;21;230;40;40;70;177;;146;0;0;0;0;10221;70;8;82;;5;0;0;0;0;0
141;344;20220706;22;240;50;50;70;182;;148;0;0;0;0;10217;75;8;80;;5;0;0;0;0;0
142;344;20220706;23;240;40;40;70;188;;153;0;0;0;0;10212;75;8;80;;5;0;0;0;0;0
143;344;20220706;24;280;40;50;80;190;163.0;146;0;0;0;0;10210;75;8;75;;5;0;0;0;0;0
144;344;20220707;1;280;50;50;90;184;;140;0;0;0;0;10204;75;8;75;;5;0;0;0;0;0
145;344;20220707;2;290;60;50;130;170;;144;0;0;0;-1;10204;67;8;84;51.0;7;0;1;0;0;0
146;344;20220707;3;300;60;70;140;164;;145;0;0;4;3;10203;62;8;88;81.0;7;0;1;0;0;0
147;344;20220707;4;300;50;40;100;159;;145;0;0;3;1;10205;59;8;91;51.0;7;0;1;0;0;0
148;344;20220707;5;320;50;50;100;158;;127;0;10;0;-1;10213;70;8;81;22.0;7;0;1;0;0;0
149;344;20220707;6;320;50;60;110;166;154.0;129;2;33;0;-1;10219;70;8;78;23.0;7;0;1;0;0;0
150;344;20220707;7;320;60;60;120;170;;138;2;63;0;-1;10227;70;4;81;23.0;7;0;1;0;0;0
151;344;20220707;8;320;60;50;120;160;;135;2;66;0;-1;10232;67;8;85;81.0;7;0;1;0;0;0
152;344;20220707;9;310;60;60;120;172;;131;3;105;1;1;10237;64;8;76;23.0;7;0;1;0;0;0
153;344;20220707;10;320;70;60;110;170;;132;2;100;0;-1;10247;58;8;78;81.0;7;0;1;0;0;0
154;344;20220707;11;330;60;60;140;172;;134;4;161;0;-1;10257;66;8;78;81.0;7;0;1;0;0;0
155;344;20220707;12;330;60;60;120;160;155.0;140;1;100;4;1;10266;59;8;87;23.0;7;0;1;0;0;0
156;344;20220707;13;330;70;70;120;175;;106;1;154;0;-1;10271;71;8;63;23.0;7;0;1;0;0;0
157;344;20220707;14;340;70;60;110;163;;116;0;101;0;-1;10278;66;8;73;81.0;7;0;1;0;0;0
158;344;20220707;15;330;60;70;110;171;;102;0;119;0;-1;10282;72;8;64;23.0;7;0;1;0;0;0
159;344;20220707;16;330;60;60;110;165;;101;1;103;0;0;10286;75;8;65;;5;0;0;0;0;0
160;344;20220707;17;340;60;60;100;163;;102;0;69;0;0;10290;80;8;67;;5;0;0;0;0;0
161;344;20220707;18;340;50;50;90;159;157.0;104;0;32;0;0;10291;72;8;69;2.0;7;0;0;0;0;0
162;344;20220707;19;320;40;40;80;158;;94;0;20;0;0;10297;80;8;65;;5;0;0;0;0;0
163;344;20220707;20;340;40;40;70;153;;90;0;5;0;0;10302;80;8;66;;5;0;0;0;0;0
164;344;20220707;21;340;40;40;70;151;;95;0;0;0;0;10307;80;8;68;;5;0;0;0;0;0
165;344;20220707;22;330;30;30;60;145;;93;0;0;0;0;10310;75;8;70;;5;0;0;0;0;0
166;344;20220707;23;300;20;20;50;129;;94;0;0;0;0;10310;75;6;79;;5;0;0;0;0;0
167;344;20220707;24;290;20;20;30;113;81.0;93;0;0;0;0;10311;70;5;87;;5;0;0;0;0;0
168;344;20220708;1;260;10;10;20;104;;92;0;0;0;0;10312;65;2;92;;5;0;0;0;0;0
169;344;20220708;2;250;20;10;30;103;;93;0;0;0;0;10310;65;8;93;;5;0;0;0;0;0
170;344;20220708;3;230;10;10;20;101;;95;0;0;0;0;10308;65;8;95;;5;0;0;0;0;0
171;344;20220708;4;240;10;10;20;108;;99;0;3;0;0;10309;65;8;94;;5;0;0;0;0;0
172;344;20220708;5;250;10;20;40;136;;115;8;25;0;0;10315;70;6;86;;5;0;0;0;0;0
173;344;20220708;6;270;20;20;30;160;54.0;128;7;68;0;0;10316;69;1;81;;5;0;0;0;0;0
174;344;20220708;7;280;20;20;50;173;;124;7;102;0;0;10320;72;7;73;;5;0;0;0;0;0
175;344;20220708;8;290;30;20;40;187;;121;8;172;0;0;10319;78;6;65;;5;0;0;0;0;0
176;344;20220708;9;270;30;30;60;193;;123;10;226;0;0;10319;74;0;64;;5;0;0;0;0;0
177;344;20220708;10;280;30;30;60;211;;116;10;275;0;0;10319;77;0;54;;5;0;0;0;0;0
178;344;20220708;11;280;30;40;80;214;;113;10;303;0;0;10319;81;0;52;;5;0;0;0;0;0
179;344;20220708;12;270;40;40;80;224;168.0;132;10;317;0;0;10319;72;0;56;;5;0;0;0;0;0
180;344;20220708;13;280;50;40;80;221;;135;10;310;0;0;10318;80;4;57;;5;0;0;0;0;0
181;344;20220708;14;280;50;50;80;220;;127;8;266;0;0;10315;80;7;55;;5;0;0;0;0;0
182;344;20220708;15;270;50;50;80;225;;130;6;207;0;0;10313;80;8;55;;5;0;0;0;0;0
183;344;20220708;16;300;50;40;80;219;;149;10;210;0;0;10309;78;6;64;;5;0;0;0;0;0
184;344;20220708;17;280;40;30;60;211;;154;10;157;0;0;10305;78;8;69;;5;0;0;0;0;0
185;344;20220708;18;270;30;30;50;212;216.0;157;10;98;0;0;10303;75;8;70;;5;0;0;0;0;0
186;344;20220708;19;280;20;20;40;196;;153;10;47;0;0;10300;75;8;76;;5;0;0;0;0;0
187;344;20220708;20;280;20;20;40;171;;152;0;5;0;0;10301;69;8;88;;5;0;0;0;0;0
188;344;20220708;21;270;20;10;30;160;;150;0;0;0;0;10300;61;8;93;;5;0;0;0;0;0
189;344;20220708;22;280;20;20;30;155;;148;0;0;0;0;10296;49;8;95;10.0;7;0;0;0;0;0
190;344;20220708;23;260;10;10;20;154;;151;0;0;0;0;10293;29;8;98;10.0;7;0;0;0;0;0
191;344;20220708;24;250;10;10;20;151;109.0;151;0;0;0;0;10290;6;8;99;34.0;7;1;0;0;0;0
192;344;20220709;1;260;10;20;20;152;;150;0;0;0;0;10288;20;8;98;20.0;7;1;0;0;0;0
193;344;20220709;2;230;10;10;20;151;;148;0;0;0;0;10283;50;7;98;20.0;7;1;0;0;0;0
194;344;20220709;3;0;10;0;20;151;;148;0;0;0;0;10280;50;8;98;10.0;7;0;0;0;0;0
195;344;20220709;4;240;10;10;10;155;;152;0;1;0;0;10277;59;8;98;10.0;7;0;0;0;0;0
196;344;20220709;5;310;10;10;20;159;;154;0;9;0;0;10277;56;8;96;10.0;7;0;0;0;0;0
197;344;20220709;6;290;20;30;50;174;108.0;154;2;31;0;0;10276;59;8;88;10.0;7;0;0;0;0;0
198;344;20220709;7;340;30;40;60;185;;151;2;74;0;0;10279;75;8;80;;5;0;0;0;0;0
199;344;20220709;8;340;50;50;80;185;;146;1;97;0;0;10282;75;8;77;;5;0;0;0;0;0
200;344;20220709;9;330;40;40;70;200;;147;4;182;0;0;10280;75;8;71;;5;0;0;0;0;0
201;344;20220709;10;320;50;40;80;206;;132;4;199;0;0;10282;82;8;62;;5;0;0;0;0;0
202;344;20220709;11;320;50;50;90;207;;137;6;245;0;0;10283;81;4;64;;5;0;0;0;0;0
203;344;20220709;12;320;50;50;90;198;171.0;130;4;196;0;0;10285;82;7;64;;5;0;0;0;0;0
204;344;20220709;13;330;40;40;80;208;;138;6;242;0;0;10284;80;6;64;;5;0;0;0;0;0
205;344;20220709;14;340;40;50;80;203;;130;8;240;0;0;10283;80;7;62;;5;0;0;0;0;0
206;344;20220709;15;350;60;60;100;202;;123;9;238;0;0;10286;80;7;60;;5;0;0;0;0;0
207;344;20220709;16;350;70;70;110;191;;117;10;202;0;0;10287;80;8;62;;5;0;0;0;0;0
208;344;20220709;17;360;70;60;110;181;;104;10;160;0;0;10286;81;7;60;;5;0;0;0;0;0
209;344;20220709;18;350;60;60;100;173;170.0;104;9;78;0;0;10286;81;8;63;;5;0;0;0;0;0
210;344;20220709;19;360;50;50;90;164;;100;10;42;0;0;10287;80;8;65;;5;0;0;0;0;0
211;344;20220709;20;360;40;40;80;158;;96;3;9;0;0;10291;80;8;66;;5;0;0;0;0;0
212;344;20220709;21;350;30;20;60;147;;97;0;0;0;0;10293;75;8;71;;5;0;0;0;0;0
213;344;20220709;22;350;20;20;40;138;;97;0;0;0;0;10290;75;8;76;;5;0;0;0;0;0
214;344;20220709;23;320;10;10;30;125;;97;0;0;0;0;10288;70;2;83;;5;0;0;0;0;0
215;344;20220709;24;340;20;20;30;122;85.0;97;0;0;0;0;10285;70;0;85;;5;0;0;0;0;0
216;344;20220710;1;290;10;10;30;115;;96;0;0;0;0;10283;70;0;87;;5;0;0;0;0;0
217;344;20220710;2;280;10;10;20;114;;100;0;0;0;0;10280;70;2;90;;5;0;0;0;0;0
218;344;20220710;3;280;10;10;30;108;;93;0;0;0;0;10278;70;2;90;;5;0;0;0;0;0
219;344;20220710;4;270;10;10;20;114;;104;0;1;0;0;10275;65;8;93;;5;0;0;0;0;0
220;344;20220710;5;280;20;20;30;139;;119;0;7;0;0;10276;70;8;87;;5;0;0;0;0;0
221;344;20220710;6;310;20;20;40;159;65.0;122;0;26;0;0;10275;75;8;78;;5;0;0;0;0;0
222;344;20220710;7;310;40;30;60;168;;122;0;71;0;0;10276;75;8;74;;5;0;0;0;0;0
223;344;20220710;8;280;30;40;60;176;;124;0;103;0;0;10276;75;8;71;;5;0;0;0;0;0
224;344;20220710;9;320;30;30;60;182;;120;1;140;0;0;10275;80;8;67;;5;0;0;0;0;0
225;344;20220710;10;280;40;40;60;184;;114;0;140;0;0;10272;81;8;63;;5;0;0;0;0;0
226;344;20220710;11;280;40;50;70;190;;110;4;225;0;0;10271;81;8;59;;5;0;0;0;0;0
227;344;20220710;12;300;40;40;80;205;160.0;103;5;252;0;0;10266;81;8;52;;5;0;0;0;0;0
228;344;20220710;13;290;50;40;80;210;;114;7;282;0;0;10265;82;6;54;;5;0;0;0;0;0
229;344;20220710;14;280;50;40;80;203;;131;5;225;0;0;10264;81;8;63;;5;0;0;0;0;0
230;344;20220710;15;280;50;50;90;207;;136;6;206;0;0;10262;81;8;64;;5;0;0;0;0;0
231;344;20220710;16;280;50;50;80;204;;145;6;163;0;0;10258;80;8;68;;5;0;0;0;0;0
232;344;20220710;17;300;40;40;80;197;;145;4;89;0;0;10256;75;8;72;;5;0;0;0;0;0
233;344;20220710;18;310;30;30;70;204;200.0;144;10;91;0;0;10251;80;0;68;;5;0;0;0;0;0
234;344;20220710;19;290;30;30;50;190;;139;10;50;0;0;10249;75;0;72;;5;0;0;0;0;0
235;344;20220710;20;330;20;20;50;170;;139;3;8;0;0;10251;70;1;82;;5;0;0;0;0;0
236;344;20220710;21;330;20;10;30;157;;144;0;0;0;-1;10253;65;1;91;23.0;7;0;1;0;0;0
237;344;20220710;22;340;10;10;20;152;;145;0;0;0;-1;10252;65;0;95;23.0;7;0;1;0;0;0
238;344;20220710;23;0;0;0;10;145;;140;0;0;0;0;10250;62;1;97;;5;0;0;0;0;0
239;344;20220710;24;300;0;10;10;149;102.0;144;0;0;0;0;10247;62;8;97;3.0;7;0;0;0;0;0
240;344;20220711;1;270;10;10;20;155;;149;0;0;0;0;10246;63;8;96;;5;0;0;0;0;0
241;344;20220711;2;330;10;10;10;159;;151;0;0;0;0;10245;64;8;94;;5;0;0;0;0;0
242;344;20220711;3;330;10;10;30;165;;153;0;0;0;0;10244;65;8;92;;5;0;0;0;0;0
243;344;20220711;4;350;10;20;40;167;;148;0;1;0;0;10244;70;8;88;;5;0;0;0;0;0
244;344;20220711;5;350;30;30;50;166;;145;0;6;0;0;10245;70;8;87;;5;0;0;0;0;0
245;344;20220711;6;360;30;30;50;166;133.0;147;0;21;0;0;10249;70;8;88;;5;0;0;0;0;0
246;344;20220711;7;360;20;20;40;171;;148;0;42;0;0;10248;70;8;86;;5;0;0;0;0;0
247;344;20220711;8;20;20;20;40;174;;147;0;56;0;0;10249;70;8;84;;5;0;0;0;0;0
248;344;20220711;9;10;20;30;40;183;;150;0;97;0;0;10250;75;8;80;;5;0;0;0;0;0
249;344;20220711;10;350;20;20;40;195;;151;2;171;0;0;10250;75;8;75;;5;0;0;0;0;0
250;344;20220711;11;320;20;20;40;210;;147;6;241;0;0;10249;80;3;67;;5;0;0;0;0;0
251;344;20220711;12;360;20;20;40;220;168.0;138;7;266;0;0;10247;81;7;59;;5;0;0;0;0;0
252;344;20220711;13;330;20;20;40;230;;129;8;288;0;0;10244;81;8;52;;5;0;0;0;0;0
253;344;20220711;14;280;20;20;40;241;;153;9;290;0;0;10241;82;8;58;;5;0;0;0;0;0
254;344;20220711;15;320;20;30;50;245;;158;10;269;0;0;10240;80;8;58;;5;0;0;0;0;0
255;344;20220711;16;360;30;30;60;237;;165;10;214;0;0;10238;82;8;64;;5;0;0;0;0;0
256;344;20220711;17;350;30;30;50;232;;167;10;149;0;0;10237;80;8;66;;5;0;0;0;0;0
257;344;20220711;18;360;30;30;60;228;231.0;168;10;101;0;0;10235;80;8;68;;5;0;0;0;0;0
258;344;20220711;19;70;30;30;50;217;;163;10;54;0;0;10235;75;8;71;;5;0;0;0;0;0
259;344;20220711;20;40;30;30;50;200;;160;3;9;0;0;10240;75;8;77;;5;0;0;0;0;0
260;344;20220711;21;60;30;40;50;176;;154;0;0;0;0;10245;70;8;86;;5;0;0;0;0;0
261;344;20220711;22;70;30;30;50;161;;146;0;0;0;0;10246;70;8;90;;5;0;0;0;0;0
262;344;20220711;23;0;10;0;30;163;;156;0;0;0;0;10245;65;4;95;;5;0;0;0;0;0
263;344;20220711;24;120;20;20;30;169;102.0;141;0;0;0;0;10242;70;8;83;;5;0;0;0;0;0
264;344;20220712;1;130;10;10;20;157;;144;0;0;0;0;10240;65;8;92;;5;0;0;0;0;0
265;344;20220712;2;80;10;10;30;150;;145;0;0;0;0;10241;65;4;96;;5;0;0;0;0;0
266;344;20220712;3;140;10;10;10;143;;138;0;0;0;0;10241;65;8;97;;5;0;0;0;0;0
267;344;20220712;4;130;10;10;10;143;;138;0;2;0;0;10242;65;8;97;;5;0;0;0;0;0
268;344;20220712;5;140;10;20;20;175;;156;10;36;0;0;10242;70;8;88;;5;0;0;0;0;0
269;344;20220712;6;170;20;20;50;192;83.0;157;7;59;0;0;10246;75;8;80;;5;0;0;0;0;0
270;344;20220712;7;170;30;30;50;207;;155;5;94;0;0;10248;75;8;72;;5;0;0;0;0;0
271;344;20220712;8;180;40;40;50;216;;159;6;139;0;0;10248;75;8;70;;5;0;0;0;0;0
272;344;20220712;9;170;40;40;80;234;;153;8;208;0;0;10247;80;8;60;;5;0;0;0;0;0
273;344;20220712;10;170;30;30;60;242;;145;5;220;0;0;10247;77;8;54;;5;0;0;0;0;0
274;344;20220712;11;210;30;20;60;259;;129;7;271;0;0;10248;80;8;44;;5;0;0;0;0;0
275;344;20220712;12;190;30;40;70;269;191.0;107;8;296;0;0;10245;81;8;36;;5;0;0;0;0;0
276;344;20220712;13;200;30;30;60;270;;95;5;238;0;0;10241;82;8;33;;5;0;0;0;0;0
277;344;20220712;14;190;30;20;60;272;;123;2;178;0;0;10240;82;8;39;;5;0;0;0;0;0
278;344;20220712;15;280;20;30;40;269;;127;1;131;0;0;10237;82;8;41;;5;0;0;0;0;0
279;344;20220712;16;300;20;20;40;260;;139;0;91;0;0;10233;83;8;47;;5;0;0;0;0;0
280;344;20220712;17;340;10;10;30;260;;148;2;55;0;0;10229;81;8;50;;5;0;0;0;0;0
281;344;20220712;18;140;10;20;40;259;247.0;139;2;52;0;0;10226;82;8;47;;5;0;0;0;0;0
282;344;20220712;19;160;20;20;50;257;;103;0;22;0;0;10222;83;8;38;;5;0;0;0;0;0
283;344;20220712;20;150;20;20;40;247;;116;0;3;0;0;10222;83;8;44;;5;0;0;0;0;0
284;344;20220712;21;160;30;30;40;241;;133;0;0;0;-1;10220;82;8;50;22.0;7;0;1;0;0;0
285;344;20220712;22;180;30;30;50;234;;153;0;0;0;-1;10220;80;8;60;81.0;7;0;1;0;0;0
286;344;20220712;23;160;10;10;40;212;;176;0;0;3;1;10216;75;8;79;23.0;7;0;1;0;0;0
287;344;20220712;24;180;10;30;40;220;186.0;158;0;0;0;0;10208;80;8;67;2.0;7;0;0;0;0;0
288;344;20220713;1;180;30;20;40;215;;157;0;0;0;0;10203;80;8;69;;5;0;0;0;0;0
289;344;20220713;2;190;30;30;50;223;;156;0;0;0;0;10199;80;8;65;;5;0;0;0;0;0
290;344;20220713;3;220;30;20;40;215;;157;0;0;0;0;10196;80;8;69;;5;0;0;0;0;0
291;344;20220713;4;230;20;20;40;207;;159;0;0;0;0;10193;75;8;73;;5;0;0;0;0;0
292;344;20220713;5;250;30;40;50;218;;153;0;9;0;0;10194;80;8;66;;5;0;0;0;0;0
293;344;20220713;6;260;30;30;50;218;187.0;170;0;26;0;0;10196;75;8;74;;5;0;0;0;0;0
294;344;20220713;7;280;30;40;60;217;;169;0;44;0;0;10198;75;8;73;;5;0;0;0;0;0
295;344;20220713;8;270;40;40;60;231;;174;5;136;0;0;10198;75;8;70;;5;0;0;0;0;0
296;344;20220713;9;280;40;50;70;236;;164;9;230;0;0;10200;78;0;63;;5;0;0;0;0;0
297;344;20220713;10;280;50;50;80;244;;162;10;277;0;0;10201;78;7;60;;5;0;0;0;0;0
298;344;20220713;11;280;50;50;80;244;;163;5;225;0;0;10206;80;8;60;;5;0;0;0;0;0
299;344;20220713;12;280;40;40;70;246;214.0;164;6;274;0;0;10208;80;8;60;;5;0;0;0;0;0
300;344;20220713;13;280;50;50;90;250;;160;6;253;0;0;10210;75;8;57;;5;0;0;0;0;0
301;344;20220713;14;340;40;40;80;237;;146;9;288;0;0;10213;81;8;56;;5;0;0;0;0;0
302;344;20220713;15;330;50;50;80;228;;169;10;260;0;0;10217;80;8;69;;5;0;0;0;0;0
303;344;20220713;16;350;50;40;80;212;;156;10;203;0;0;10218;75;8;70;;5;0;0;0;0;0
304;344;20220713;17;340;50;50;80;201;;143;10;140;0;0;10218;78;8;69;;5;0;0;0;0;0
305;344;20220713;18;350;40;40;80;196;198.0;136;9;99;0;0;10219;75;5;68;;5;0;0;0;0;0
306;344;20220713;19;360;40;30;70;184;;139;10;41;0;0;10219;75;8;75;;5;0;0;0;0;0
307;344;20220713;20;360;30;10;60;169;;132;0;5;0;0;10220;75;8;78;;5;0;0;0;0;0
308;344;20220713;21;360;20;20;30;162;;129;0;0;0;0;10222;70;8;81;;5;0;0;0;0;0
309;344;20220713;22;360;20;20;30;159;;131;0;0;0;0;10220;70;8;83;;5;0;0;0;0;0
310;344;20220713;23;350;10;10;20;154;;127;0;0;0;0;10221;70;8;84;;5;0;0;0;0;0
311;344;20220713;24;50;20;20;40;151;135.0;120;0;0;0;0;10217;70;8;81;;5;0;0;0;0;0
312;344;20220714;1;10;10;10;30;146;;120;0;0;0;0;10218;63;8;84;;5;0;0;0;0;0
313;344;20220714;2;340;10;10;20;129;;120;0;0;0;0;10218;65;7;94;;5;0;0;0;0;0
314;344;20220714;3;0;0;0;10;124;;119;0;0;0;0;10215;65;6;97;;5;0;0;0;0;0
315;344;20220714;4;320;10;20;30;114;;109;0;1;0;0;10214;65;1;96;;5;0;0;0;0;0
316;344;20220714;5;50;20;20;30;139;;120;7;23;0;0;10211;70;3;88;;5;0;0;0;0;0
317;344;20220714;6;350;10;10;20;161;65.0;123;4;50;0;0;10215;75;4;78;;5;0;0;0;0;0
318;344;20220714;7;60;20;20;40;177;;123;10;114;0;0;10210;75;8;70;;5;0;0;0;0;0
319;344;20220714;8;990;10;10;30;192;;125;4;135;0;0;10209;80;6;65;;5;0;0;0;0;0
320;344;20220714;9;360;10;20;30;199;;117;6;199;0;0;10207;77;2;59;;5;0;0;0;0;0
321;344;20220714;10;350;20;20;40;213;;79;10;271;0;0;10207;81;2;41;;5;0;0;0;0;0
322;344;20220714;11;330;20;20;50;219;;116;8;283;0;0;10207;76;8;51;;5;0;0;0;0;0
323;344;20220714;12;340;40;50;80;221;166.0;122;8;306;0;0;10210;80;6;53;;5;0;0;0;0;0
324;344;20220714;13;340;40;40;80;221;;103;9;299;0;0;10211;79;4;47;;5;0;0;0;0;0
325;344;20220714;14;290;40;40;70;222;;84;10;287;0;0;10213;80;2;41;;5;0;0;0;0;0
326;344;20220714;15;330;50;50;90;206;;77;9;255;0;0;10219;83;3;43;;5;0;0;0;0;0
327;344;20220714;16;350;60;60;100;192;;127;10;190;0;0;10220;80;0;66;;5;0;0;0;0;0
328;344;20220714;17;340;50;50;90;198;;131;10;150;0;0;10219;80;1;65;;5;0;0;0;0;0
329;344;20220714;18;340;40;40;80;185;188.0;117;10;90;0;0;10221;83;1;64;;5;0;0;0;0;0
330;344;20220714;19;340;40;50;70;172;;116;5;28;0;0;10225;80;6;69;;5;0;0;0;0;0
331;344;20220714;20;340;40;30;80;159;;111;3;7;0;0;10230;75;7;73;;5;0;0;0;0;0
332;344;20220714;21;330;30;30;60;143;;109;0;0;0;0;10232;75;8;80;;5;0;0;0;0;0
333;344;20220714;22;320;20;10;40;133;;105;0;0;0;0;10233;70;1;83;;5;0;0;0;0;0
334;344;20220714;23;340;10;10;20;129;;106;0;0;0;0;10233;70;0;86;;5;0;0;0;0;0
335;344;20220714;24;310;10;20;30;122;76.0;104;0;0;0;0;10235;70;0;88;;5;0;0;0;0;0
336;344;20220715;1;280;10;10;20;114;;100;0;0;0;0;10233;65;0;91;;5;0;0;0;0;0
337;344;20220715;2;250;10;10;20;108;;96;0;0;0;0;10233;65;5;92;;5;0;0;0;0;0
338;344;20220715;3;260;10;10;20;116;;105;0;0;0;0;10234;65;8;92;;5;0;0;0;0;0
339;344;20220715;4;250;10;10;20;110;;105;0;3;0;0;10239;65;8;97;;5;0;0;0;0;0
340;344;20220715;5;260;10;10;20;130;;105;10;27;0;0;10240;70;0;85;;5;0;0;0;0;0
341;344;20220715;6;280;10;10;20;161;50.0;105;10;68;0;0;10238;80;3;69;;5;0;0;0;0;0
342;344;20220715;7;290;20;20;40;172;;100;7;101;0;0;10240;81;8;62;;5;0;0;0;0;0
343;344;20220715;8;320;20;20;40;180;;104;6;145;0;0;10240;81;1;61;;5;0;0;0;0;0
344;344;20220715;9;280;20;20;50;198;;99;10;235;0;0;10240;83;5;52;;5;0;0;0;0;0
345;344;20220715;10;300;30;30;60;196;;94;6;212;0;0;10238;80;8;51;;5;0;0;0;0;0
346;344;20220715;11;250;30;40;60;211;;102;9;287;0;0;10235;80;4;49;;5;0;0;0;0;0
347;344;20220715;12;250;40;40;70;211;166.0;101;9;287;0;0;10232;80;4;49;;5;0;0;0;0;0
348;344;20220715;13;270;40;50;70;202;;106;7;268;0;0;10233;82;8;54;;5;0;0;0;0;0
349;344;20220715;14;270;50;50;80;208;;119;6;252;0;0;10231;80;2;56;;5;0;0;0;0;0
350;344;20220715;15;280;50;50;80;209;;116;10;247;0;0;10228;76;7;55;;5;0;0;0;0;0
351;344;20220715;16;290;40;40;80;209;;109;10;213;0;0;10226;82;0;52;;5;0;0;0;0;0
352;344;20220715;17;280;40;40;60;202;;100;10;155;0;0;10224;83;0;51;;5;0;0;0;0;0
353;344;20220715;18;290;30;30;60;193;192.0;103;7;82;0;0;10223;83;7;56;;5;0;0;0;0;0
354;344;20220715;19;280;20;20;50;183;;118;3;27;0;0;10218;80;8;66;;5;0;0;0;0;0
355;344;20220715;20;280;20;20;30;178;;118;0;3;0;0;10219;80;8;67;;5;0;0;0;0;0
356;344;20220715;21;230;20;20;40;167;;106;0;0;0;0;10216;80;7;67;;5;0;0;0;0;0
357;344;20220715;22;240;20;20;30;158;;112;0;0;0;0;10214;75;4;74;;5;0;0;0;0;0
358;344;20220715;23;260;20;20;30;171;;124;0;0;0;0;10217;75;8;73;;5;0;0;0;0;0
359;344;20220715;24;250;30;30;50;174;120.0;134;0;0;0;0;10216;75;7;77;;5;0;0;0;0;0
360;344;20220716;1;260;30;30;50;168;;135;0;0;0;0;10214;70;2;81;;5;0;0;0;0;0
361;344;20220716;2;270;30;30;40;171;;140;0;0;0;0;10215;70;8;82;;5;0;0;0;0;0
362;344;20220716;3;330;30;30;60;164;;137;0;0;0;0;10220;70;4;84;;5;0;0;0;0;0
363;344;20220716;4;310;20;20;60;151;;134;0;0;0;0;10224;70;1;89;;5;0;0;0;0;0
364;344;20220716;5;360;20;30;50;167;;135;5;21;0;0;10229;70;1;81;;5;0;0;0;0;0
365;344;20220716;6;360;30;30;60;176;130.0;125;10;66;0;0;10234;75;1;71;;5;0;0;0;0;0
366;344;20220716;7;360;40;40;80;179;;101;8;91;0;0;10241;82;8;60;;5;0;0;0;0;0
367;344;20220716;8;10;40;40;70;187;;114;8;162;0;0;10245;80;8;62;;5;0;0;0;0;0
368;344;20220716;9;350;40;50;70;193;;95;10;225;0;0;10251;80;8;53;;5;0;0;0;0;0
369;344;20220716;10;10;50;50;90;195;;100;10;271;0;0;10257;80;0;54;;5;0;0;0;0;0
370;344;20220716;11;350;50;50;90;198;;103;10;283;0;0;10261;82;3;53;;5;0;0;0;0;0
371;344;20220716;12;360;50;50;80;202;176.0;98;10;297;0;0;10263;81;2;51;;5;0;0;0;0;0
372;344;20220716;13;360;50;50;90;201;;98;10;309;0;0;10266;82;5;51;;5;0;0;0;0;0
373;344;20220716;14;360;50;50;90;198;;94;10;292;0;0;10266;81;5;50;;5;0;0;0;0;0
374;344;20220716;15;360;40;40;80;200;;101;10;251;0;0;10268;80;8;52;;5;0;0;0;0;0
375;344;20220716;16;350;40;40;80;194;;92;10;206;0;0;10269;80;6;51;;5;0;0;0;0;0
376;344;20220716;17;350;40;40;70;191;;91;10;153;0;0;10266;81;8;52;;5;0;0;0;0;0
377;344;20220716;18;350;40;40;60;184;189.0;98;10;97;0;0;10271;81;2;57;;5;0;0;0;0;0
378;344;20220716;19;350;30;30;60;174;;99;10;44;0;0;10272;82;3;61;;5;0;0;0;0;0
379;344;20220716;20;10;20;20;40;155;;99;3;6;0;0;10273;80;8;69;;5;0;0;0;0;0
380;344;20220716;21;330;20;10;30;138;;106;0;0;0;0;10275;70;0;81;;5;0;0;0;0;0
381;344;20220716;22;50;10;10;20;131;;107;0;0;0;0;10276;70;1;85;;5;0;0;0;0;0
382;344;20220716;23;320;10;10;20;128;;110;0;0;0;0;10279;70;1;88;;5;0;0;0;0;0
383;344;20220716;24;360;10;10;20;122;69.0;116;0;0;0;0;10278;65;8;96;;5;0;0;0;0;0
384;344;20220717;1;70;10;10;20;120;;107;0;0;0;0;10274;65;8;92;;5;0;0;0;0;0
385;344;20220717;2;40;10;10;20;122;;111;0;0;0;0;10273;65;8;93;;5;0;0;0;0;0
386;344;20220717;3;350;10;10;20;109;;105;0;0;0;0;10277;65;8;97;;5;0;0;0;0;0
387;344;20220717;4;90;10;10;20;109;;104;0;1;0;0;10276;65;8;97;;5;0;0;0;0;0
388;344;20220717;5;100;10;20;30;127;;105;7;21;0;0;10277;70;8;86;;5;0;0;0;0;0
389;344;20220717;6;100;20;10;30;161;58.0;105;10;64;0;0;10278;80;1;69;;5;0;0;0;0;0
390;344;20220717;7;70;10;10;20;177;;103;10;114;0;0;10283;82;8;62;;5;0;0;0;0;0
391;344;20220717;8;990;10;10;30;188;;92;10;166;0;0;10281;82;5;53;;5;0;0;0;0;0
392;344;20220717;9;150;20;20;50;209;;101;10;220;0;0;10279;81;6;50;;5;0;0;0;0;0
393;344;20220717;10;110;20;30;50;215;;101;10;256;0;0;10279;81;8;48;;5;0;0;0;0;0
394;344;20220717;11;120;20;20;50;225;;106;9;276;0;0;10280;81;7;46;;5;0;0;0;0;0
395;344;20220717;12;990;20;10;40;237;169.0;99;10;297;0;0;10280;81;4;41;;5;0;0;0;0;0
396;344;20220717;13;20;20;20;50;243;;85;10;301;0;0;10274;80;8;36;;5;0;0;0;0;0
397;344;20220717;14;110;20;20;50;249;;106;9;272;0;0;10266;82;8;40;;5;0;0;0;0;0
398;344;20220717;15;50;20;30;50;250;;100;9;238;0;0;10264;80;8;38;;5;0;0;0;0;0
399;344;20220717;16;60;30;30;60;249;;106;10;188;0;0;10256;81;8;40;;5;0;0;0;0;0
400;344;20220717;17;90;30;40;60;248;;102;10;131;0;0;10252;81;4;39;;5;0;0;0;0;0
401;344;20220717;18;120;30;30;60;243;241.0;111;10;91;0;0;10247;75;3;43;;5;0;0;0;0;0
402;344;20220717;19;110;40;40;60;233;;108;10;38;0;0;10246;81;6;45;;5;0;0;0;0;0
403;344;20220717;20;100;30;20;50;222;;92;2;5;0;0;10248;83;4;43;;5;0;0;0;0;0
404;344;20220717;21;60;20;10;30;196;;114;0;0;0;0;10250;82;5;59;;5;0;0;0;0;0
405;344;20220717;22;80;10;10;20;173;;118;0;0;0;0;10249;75;8;70;;5;0;0;0;0;0
406;344;20220717;23;0;10;0;10;165;;129;0;0;0;0;10247;75;2;79;;5;0;0;0;0;0
407;344;20220717;24;120;10;20;30;161;98.0;125;0;0;0;0;10244;75;8;79;;5;0;0;0;0;0
408;344;20220718;1;80;0;10;20;145;;129;0;0;0;0;10241;70;8;90;;5;0;0;0;0;0
409;344;20220718;2;0;0;0;10;151;;137;0;0;0;0;10238;65;8;91;;5;0;0;0;0;0
410;344;20220718;3;0;0;0;10;139;;110;0;0;0;0;10233;70;5;82;;5;0;0;0;0;0
411;344;20220718;4;0;10;0;10;145;;130;0;0;0;0;10229;70;8;90;;5;0;0;0;0;0
412;344;20220718;5;0;0;0;10;159;;127;5;17;0;0;10228;70;0;81;;5;0;0;0;0;0
413;344;20220718;6;150;10;10;20;208;84.0;122;10;65;0;0;10226;82;8;57;;5;0;0;0;0;0
414;344;20220718;7;170;30;30;60;231;;105;10;100;0;0;10225;76;7;44;;5;0;0;0;0;0
415;344;20220718;8;180;30;20;50;248;;106;10;170;0;0;10223;80;4;40;;5;0;0;0;0;0
416;344;20220718;9;230;20;20;40;268;;105;10;204;0;0;10222;80;8;35;;5;0;0;0;0;0
417;344;20220718;10;240;10;20;50;285;;99;9;251;0;0;10219;80;8;31;;5;0;0;0;0;0
418;344;20220718;11;190;20;30;50;298;;88;10;292;0;0;10218;81;6;27;;5;0;0;0;0;0
419;344;20220718;12;240;20;20;50;307;207.0;73;10;298;0;0;10214;81;1;23;;5;0;0;0;0;0
420;344;20220718;13;240;30;20;60;310;;62;10;301;0;0;10211;80;3;21;;5;0;0;0;0;0
421;344;20220718;14;310;20;20;50;315;;95;10;282;0;0;10207;80;1;25;;5;0;0;0;0;0
422;344;20220718;15;270;30;20;50;318;;116;10;236;0;0;10204;82;3;29;;5;0;0;0;0;0
423;344;20220718;16;320;20;20;40;317;;114;10;187;0;0;10200;81;1;28;;5;0;0;0;0;0
424;344;20220718;17;340;20;20;40;317;;115;10;144;0;0;10195;81;1;29;;5;0;0;0;0;0
425;344;20220718;18;340;10;10;20;312;308.0;105;10;86;0;0;10192;82;0;27;;5;0;0;0;0;0
426;344;20220718;19;50;20;30;40;270;;141;10;38;0;0;10192;81;8;45;;5;0;0;0;0;0
427;344;20220718;20;70;30;20;40;257;;120;2;7;0;0;10191;82;1;42;;5;0;0;0;0;0
428;344;20220718;21;80;10;10;30;234;;131;0;0;0;0;10189;82;0;52;;5;0;0;0;0;0
429;344;20220718;22;0;10;0;20;223;;171;0;0;0;0;10189;75;1;72;;5;0;0;0;0;0
430;344;20220718;23;0;10;0;20;209;;142;0;0;0;0;10186;80;1;65;;5;0;0;0;0;0
431;344;20220718;24;60;10;10;10;188;137.0;165;0;0;0;0;10184;70;0;86;;5;0;0;0;0;0
432;344;20220719;1;110;10;10;20;183;;144;0;0;0;0;10182;75;1;77;;5;0;0;0;0;0
433;344;20220719;2;130;10;10;20;188;;140;0;0;0;0;10179;75;1;73;;5;0;0;0;0;0
434;344;20220719;3;100;10;10;10;188;;141;0;0;0;0;10177;75;1;74;;5;0;0;0;0;0
435;344;20220719;4;0;10;0;20;178;;141;0;0;0;0;10175;75;1;78;;5;0;0;0;0;0
436;344;20220719;5;70;10;10;10;203;;148;2;15;0;0;10175;75;0;70;;5;0;0;0;0;0
437;344;20220719;6;90;10;10;40;237;130.0;152;10;56;0;0;10174;76;0;58;;5;0;0;0;0;0
438;344;20220719;7;90;20;20;30;265;;145;10;107;0;0;10172;77;0;47;;5;0;0;0;0;0
439;344;20220719;8;120;30;40;50;295;;133;10;162;0;0;10170;76;0;37;;5;0;0;0;0;0
440;344;20220719;9;130;40;30;60;311;;126;10;216;0;0;10167;80;0;32;;5;0;0;0;0;0
441;344;20220719;10;150;30;40;60;337;;119;10;259;0;0;10164;80;0;26;;5;0;0;0;0;0
442;344;20220719;11;150;40;40;70;344;;126;10;288;0;0;10159;80;0;26;;5;0;0;0;0;0
443;344;20220719;12;140;50;60;80;352;237.0;121;10;301;0;0;10153;80;0;24;;5;0;0;0;0;0
444;344;20220719;13;140;50;60;80;358;;127;10;297;0;0;10147;81;0;24;;5;0;0;0;0;0
445;344;20220719;14;150;50;50;90;370;;107;10;278;0;0;10140;80;0;20;;5;0;0;0;0;0
446;344;20220719;15;140;50;50;100;364;;117;10;234;0;0;10133;80;0;22;;5;0;0;0;0;0
447;344;20220719;16;100;50;60;90;361;;116;10;186;0;0;10127;80;0;22;;5;0;0;0;0;0
448;344;20220719;17;100;60;60;90;355;;121;10;145;0;0;10121;80;0;24;;5;0;0;0;0;0
449;344;20220719;18;100;50;40;80;345;333.0;127;10;89;0;0;10119;82;0;26;;5;0;0;0;0;0
450;344;20220719;19;90;40;40;60;323;;132;10;37;0;0;10118;77;0;31;;5;0;0;0;0;0
451;344;20220719;20;110;30;30;50;302;;135;2;5;0;0;10118;82;0;35;;5;0;0;0;0;0
452;344;20220719;21;100;30;40;60;292;;116;0;0;0;0;10117;83;0;33;;5;0;0;0;0;0
453;344;20220719;22;110;40;40;60;286;;108;0;0;0;0;10115;82;0;33;;5;0;0;0;0;0
454;344;20220719;23;130;40;30;70;283;;100;0;0;0;0;10115;82;0;31;;5;0;0;0;0;0
455;344;20220719;24;190;40;50;120;278;250.0;101;0;0;0;0;10121;82;0;33;;5;0;0;0;0;0
456;344;20220720;1;180;30;30;80;243;;113;0;0;0;0;10118;82;0;44;;5;0;0;0;0;0
457;344;20220720;2;240;50;50;80;227;;179;0;0;0;0;10125;63;0;74;;5;0;0;0;0;0
458;344;20220720;3;250;40;40;80;222;;177;0;0;0;0;10126;62;0;75;;5;0;0;0;0;0
459;344;20220720;4;250;50;50;80;222;;176;0;1;0;0;10132;62;6;74;;5;0;0;0;0;0
460;344;20220720;5;250;50;50;90;225;;158;0;12;0;0;10138;67;2;66;;5;0;0;0;0;0
461;344;20220720;6;240;50;50;80;227;189.0;165;2;50;0;0;10146;68;6;68;;5;0;0;0;0;0
462;344;20220720;7;230;70;80;120;227;;172;2;80;0;0;10165;66;8;71;;5;0;0;0;0;0
463;344;20220720;8;240;70;70;100;250;;163;7;152;0;0;10168;70;8;58;;5;0;0;0;0;0
464;344;20220720;9;270;60;40;120;229;;163;1;114;0;0;10157;72;8;66;;5;0;0;0;0;0
465;344;20220720;10;240;50;50;110;230;;159;3;160;0;-1;10174;78;8;64;81.0;7;0;1;0;0;0
466;344;20220720;11;250;60;60;100;212;;174;2;123;1;2;10172;67;8;78;81.0;7;0;1;0;0;0
467;344;20220720;12;220;40;50;90;227;206.0;173;5;185;0;-1;10182;73;7;71;23.0;7;0;1;0;0;0
468;344;20220720;13;220;50;40;90;248;;174;3;177;0;0;10180;74;7;63;;5;0;0;0;0;0
469;344;20220720;14;220;40;40;80;246;;161;8;248;0;0;10182;77;5;59;;5;0;0;0;0;0
470;344;20220720;15;210;40;40;70;251;;173;3;127;0;-1;10179;70;8;62;23.0;7;0;1;0;0;0
471;344;20220720;16;210;40;50;70;244;;164;7;159;0;0;10177;74;4;61;;5;0;0;0;0;0
472;344;20220720;17;190;40;50;90;241;;162;9;119;0;0;10174;69;5;61;;5;0;0;0;0;0
473;344;20220720;18;190;40;30;80;234;230.0;164;1;45;0;0;10171;70;8;64;3.0;7;0;0;0;0;0
474;344;20220720;19;190;40;60;80;234;;164;3;12;0;0;10178;72;8;64;;5;0;0;0;0;0
475;344;20220720;20;210;50;50;110;223;;175;0;5;0;0;10174;71;8;74;;5;0;0;0;0;0
476;344;20220720;21;200;50;40;80;212;;169;0;0;0;0;10174;75;8;76;;5;0;0;0;0;0
477;344;20220720;22;190;40;30;70;202;;162;0;0;0;0;10178;75;8;77;;5;0;0;0;0;0
478;344;20220720;23;190;40;50;70;195;;163;0;0;0;0;10180;70;8;81;;5;0;0;0;0;0
479;344;20220720;24;230;50;40;80;191;186.0;165;0;0;0;0;10174;70;8;84;;5;0;0;0;0;0
480;344;20220721;1;210;40;30;60;193;;167;0;0;0;0;10171;64;8;85;;5;0;0;0;0;0
481;344;20220721;2;190;20;30;50;193;;169;0;0;0;0;10169;64;8;85;;5;0;0;0;0;0
482;344;20220721;3;180;30;30;60;192;;169;0;0;0;0;10165;62;8;86;;5;0;0;0;0;0
483;344;20220721;4;190;40;40;60;192;;169;0;0;0;0;10165;60;8;87;;5;0;0;0;0;0
484;344;20220721;5;230;40;40;60;188;;173;0;1;0;-1;10167;50;8;91;51.0;7;0;1;0;0;0
485;344;20220721;6;270;30;30;50;178;178.0;172;0;6;0;-1;10169;23;8;96;51.0;7;0;1;0;0;0
486;344;20220721;7;260;30;30;50;174;;168;0;11;10;15;10171;57;8;96;82.0;7;0;1;0;0;0
487;344;20220721;8;270;30;30;50;177;;170;0;20;10;29;10174;57;8;95;62.0;7;0;1;0;0;0
488;344;20220721;9;260;40;40;80;179;;165;0;31;6;3;10177;65;8;91;23.0;7;0;1;0;0;0
489;344;20220721;10;280;40;30;70;176;;169;0;34;5;6;10181;58;8;95;81.0;7;0;1;0;0;0
490;344;20220721;11;280;40;40;70;179;;168;0;41;3;5;10185;62;8;93;23.0;7;0;1;0;0;0
491;344;20220721;12;290;50;60;90;176;174.0;167;0;36;0;-1;10190;44;8;94;58.0;7;0;1;0;0;0
492;344;20220721;13;300;50;60;90;178;;167;0;60;2;1;10193;59;8;93;23.0;7;0;1;0;0;0
493;344;20220721;14;310;60;60;120;177;;161;0;30;0;0;10199;66;8;90;;5;0;0;0;0;0
494;344;20220721;15;320;60;50;110;176;;159;0;43;0;-1;10204;60;8;89;23.0;7;0;1;0;0;0
495;344;20220721;16;330;50;50;100;177;;152;0;33;0;0;10208;70;8;85;;5;0;0;0;0;0
496;344;20220721;17;320;50;50;90;176;;144;0;20;0;0;10213;70;8;81;;5;0;0;0;0;0
497;344;20220721;18;340;50;50;80;169;166.0;143;0;12;0;-1;10215;62;8;84;23.0;7;0;1;0;0;0
498;344;20220721;19;330;40;40;70;172;;143;0;16;0;0;10218;70;8;82;;5;0;0;0;0;0
499;344;20220721;20;340;40;40;70;169;;137;0;3;0;0;10222;70;8;81;;5;0;0;0;0;0
500;344;20220721;21;340;30;30;60;167;;135;0;0;0;0;10223;70;8;81;;5;0;0;0;0;0
501;344;20220721;22;330;30;20;60;164;;133;0;0;0;0;10224;70;8;81;;5;0;0;0;0;0
502;344;20220721;23;320;20;10;30;159;;128;0;0;0;0;10224;70;8;81;;5;0;0;0;0;0
503;344;20220721;24;290;20;20;30;160;149.0;131;0;0;0;0;10223;70;8;82;;5;0;0;0;0;0
504;344;20220722;1;300;10;10;20;158;;132;0;0;0;0;10219;70;8;84;;5;0;0;0;0;0
505;344;20220722;2;320;10;10;20;158;;129;0;0;0;0;10218;70;8;82;;5;0;0;0;0;0
506;344;20220722;3;350;10;10;20;157;;123;0;0;0;0;10214;75;8;80;;5;0;0;0;0;0
507;344;20220722;4;310;10;10;20;154;;127;0;0;0;0;10216;70;8;83;;5;0;0;0;0;0
508;344;20220722;5;270;10;20;20;159;;133;0;9;0;0;10215;70;8;84;;5;0;0;0;0;0
509;344;20220722;6;310;10;10;20;173;143.0;137;1;41;0;0;10215;75;8;79;;5;0;0;0;0;0
510;344;20220722;7;10;20;20;30;177;;125;1;67;0;0;10215;75;8;71;;5;0;0;0;0;0
511;344;20220722;8;10;20;20;40;181;;121;2;95;0;0;10213;80;8;67;;5;0;0;0;0;0
512;344;20220722;9;30;30;20;40;184;;123;1;113;0;0;10211;80;8;67;;5;0;0;0;0;0
513;344;20220722;10;990;20;10;40;189;;112;4;183;0;0;10212;81;8;60;;5;0;0;0;0;0
514;344;20220722;11;360;20;20;50;202;;125;3;204;0;0;10208;80;8;61;;5;0;0;0;0;0
515;344;20220722;12;350;20;20;50;200;177.0;118;4;230;0;0;10203;82;8;59;;5;0;0;0;0;0
516;344;20220722;13;50;30;20;60;204;;116;3;202;0;0;10203;80;8;56;;5;0;0;0;0;0
517;344;20220722;14;360;30;30;50;201;;119;3;167;0;0;10198;82;8;59;;5;0;0;0;0;0
518;344;20220722;15;360;40;40;60;198;;117;6;187;0;0;10199;83;8;59;;5;0;0;0;0;0
519;344;20220722;16;340;40;30;60;192;;126;4;127;0;0;10199;80;8;65;;5;0;0;0;0;0
520;344;20220722;17;350;40;40;70;184;;118;0;66;0;0;10192;80;8;65;;5;0;0;0;0;0
521;344;20220722;18;10;30;30;70;165;161.0;133;0;15;7;5;10191;68;8;81;81.0;7;0;1;0;0;0
522;344;20220722;19;10;30;30;50;172;;132;7;25;0;-1;10192;75;8;77;23.0;7;0;1;0;0;0
523;344;20220722;20;340;20;20;40;160;;132;2;7;0;0;10197;70;8;83;;5;0;0;0;0;0
524;344;20220722;21;350;20;10;30;148;;125;0;0;0;0;10197;70;6;86;1.0;7;0;0;0;0;0
525;344;20220722;22;350;10;10;20;139;;124;0;0;0;0;10196;70;8;90;;5;0;0;0;0;0
526;344;20220722;23;20;10;10;20;147;;126;0;0;0;0;10195;70;8;87;;5;0;0;0;0;0
527;344;20220722;24;320;10;10;20;143;108.0;126;0;0;0;0;10196;70;8;89;2.0;7;0;0;0;0;0
528;344;20220723;1;40;10;10;20;141;;122;0;0;0;0;10191;70;8;88;;5;0;0;0;0;0
529;344;20220723;2;360;10;20;20;133;;123;0;0;0;0;10191;65;1;94;;5;0;0;0;0;0
530;344;20220723;3;990;10;10;20;125;;119;0;0;0;0;10191;65;3;96;;5;0;0;0;0;0
531;344;20220723;4;270;10;10;10;119;;117;0;0;0;0;10193;44;4;98;10.0;7;0;0;0;0;0
532;344;20220723;5;0;10;0;20;125;;120;5;14;0;0;10195;65;4;97;;5;0;0;0;0;0
533;344;20220723;6;80;10;10;20;165;79.0;126;8;58;0;0;10196;75;2;77;;5;0;0;0;0;0
534;344;20220723;7;80;20;10;40;179;;125;9;105;0;0;10197;75;6;70;;5;0;0;0;0;0
535;344;20220723;8;990;20;10;30;189;;124;7;146;0;0;10201;80;1;66;;5;0;0;0;0;0
536;344;20220723;9;990;10;10;30;204;;128;10;218;0;0;10203;81;4;61;;5;0;0;0;0;0
537;344;20220723;10;360;10;20;30;213;;123;9;251;0;0;10203;81;5;56;;5;0;0;0;0;0
538;344;20220723;11;140;20;30;60;220;;120;9;278;0;0;10201;81;2;52;;5;0;0;0;0;0
539;344;20220723;12;280;20;20;40;229;171.0;130;9;278;0;0;10198;83;4;53;;5;0;0;0;0;0
540;344;20220723;13;260;10;20;40;230;;126;5;188;0;0;10198;81;8;51;;5;0;0;0;0;0
541;344;20220723;14;340;20;20;60;236;;122;1;113;0;0;10195;80;7;48;;5;0;0;0;0;0
542;344;20220723;15;290;30;20;50;242;;131;5;190;0;0;10195;81;8;49;;5;0;0;0;0;0
543;344;20220723;16;270;30;30;50;239;;123;8;173;0;0;10192;81;8;48;;5;0;0;0;0;0
544;344;20220723;17;300;20;20;40;240;;132;7;103;0;0;10191;80;3;51;;5;0;0;0;0;0
545;344;20220723;18;310;20;10;30;237;234.0;144;10;76;0;0;10190;81;6;55;;5;0;0;0;0;0
546;344;20220723;19;0;10;0;30;217;;144;3;22;0;0;10191;72;7;63;;5;0;0;0;0;0
547;344;20220723;20;260;10;10;20;203;;142;0;3;0;0;10194;73;8;68;;5;0;0;0;0;0
548;344;20220723;21;200;10;10;20;188;;140;0;0;0;0;10193;75;2;73;;5;0;0;0;0;0
549;344;20220723;22;230;10;10;20;177;;141;0;0;0;0;10192;71;0;79;;5;0;0;0;0;0
550;344;20220723;23;240;10;10;20;172;;147;0;0;0;0;10192;69;3;85;;5;0;0;0;0;0
551;344;20220723;24;210;10;10;20;166;116.0;147;0;0;0;0;10191;64;7;88;;5;0;0;0;0;0
552;344;20220724;1;220;20;30;40;173;;143;0;0;0;0;10190;70;6;82;;5;0;0;0;0;0
553;344;20220724;2;220;40;40;60;176;;141;0;0;0;0;10186;75;8;80;;5;0;0;0;0;0
554;344;20220724;3;210;30;30;50;174;;140;0;0;0;0;10182;75;8;80;;5;0;0;0;0;0
555;344;20220724;4;200;30;30;50;172;;137;0;0;0;0;10179;75;7;80;;5;0;0;0;0;0
556;344;20220724;5;200;30;40;50;181;;139;5;15;0;0;10179;75;0;76;;5;0;0;0;0;0
557;344;20220724;6;210;40;40;80;201;114.0;146;10;65;0;0;10181;75;8;70;;5;0;0;0;0;0
558;344;20220724;7;220;50;50;80;212;;151;6;94;0;0;10182;80;7;68;;5;0;0;0;0;0
559;344;20220724;8;210;50;50;80;227;;146;10;160;0;0;10180;82;1;60;;5;0;0;0;0;0
560;344;20220724;9;220;60;70;90;246;;144;10;220;0;0;10178;81;4;53;;5;0;0;0;0;0
561;344;20220724;10;230;60;60;90;254;;143;9;254;0;0;10176;80;3;50;;5;0;0;0;0;0
562;344;20220724;11;220;60;60;110;268;;144;10;285;0;0;10173;80;0;46;;5;0;0;0;0;0
563;344;20220724;12;220;70;70;110;272;199.0;148;10;301;0;0;10167;81;3;46;;5;0;0;0;0;0
564;344;20220724;13;190;60;50;100;285;;149;10;287;0;0;10161;81;0;43;;5;0;0;0;0;0
565;344;20220724;14;180;60;60;110;290;;149;10;282;0;0;10152;81;1;42;;5;0;0;0;0;0
566;344;20220724;15;210;60;60;100;298;;148;9;254;0;0;10144;81;8;40;;5;0;0;0;0;0
567;344;20220724;16;170;60;60;100;295;;149;9;191;0;0;10137;81;8;41;;5;0;0;0;0;0
568;344;20220724;17;190;60;60;100;294;;149;10;147;0;0;10129;82;8;41;;5;0;0;0;0;0
569;344;20220724;18;250;50;40;100;277;276.0;167;10;85;0;0;10125;81;8;51;;5;0;0;0;0;0
570;344;20220724;19;290;20;10;70;259;;174;10;35;0;0;10124;82;8;59;;5;0;0;0;0;0
571;344;20220724;20;260;10;10;20;242;;162;2;3;0;0;10121;82;8;60;;5;0;0;0;0;0
572;344;20220724;21;0;10;0;10;224;;164;0;0;0;0;10116;80;8;68;;5;0;0;0;0;0
573;344;20220724;22;310;10;10;30;213;;174;0;0;0;0;10114;75;1;78;;5;0;0;0;0;0
574;344;20220724;23;290;10;10;30;200;;164;0;0;0;0;10112;65;6;79;;5;0;0;0;0;0
575;344;20220724;24;0;10;0;30;193;147.0;151;0;0;0;0;10105;75;8;76;;5;0;0;0;0;0
576;344;20220725;1;0;0;0;10;194;;159;0;0;0;0;10097;75;8;80;;5;0;0;0;0;0
577;344;20220725;2;150;10;10;20;186;;158;0;0;0;0;10089;70;8;83;;5;0;0;0;0;0
578;344;20220725;3;230;10;10;10;192;;168;0;0;0;0;10086;70;8;85;;5;0;0;0;0;0
579;344;20220725;4;240;20;30;40;199;;154;0;0;0;0;10085;75;8;75;;5;0;0;0;0;0
580;344;20220725;5;250;30;40;60;209;;154;0;8;0;0;10083;75;8;70;;5;0;0;0;0;0
581;344;20220725;6;260;40;50;70;209;146.0;169;0;34;0;0;10086;75;8;77;;5;0;0;0;0;0
582;344;20220725;7;250;40;50;70;207;;174;0;33;0;-1;10086;70;8;81;22.0;7;0;1;0;0;0
583;344;20220725;8;240;50;50;90;209;;168;1;64;0;-1;10088;75;7;77;23.0;7;0;1;0;0;0
584;344;20220725;9;260;60;60;90;215;;149;6;167;0;-1;10087;80;8;66;81.0;7;0;1;0;0;0
585;344;20220725;10;240;70;80;110;224;;160;4;167;0;-1;10093;73;8;66;23.0;7;0;1;0;0;0
586;344;20220725;11;240;80;80;120;213;;152;0;105;0;0;10099;75;8;68;;5;0;0;0;0;0
587;344;20220725;12;250;90;90;170;224;203.0;135;3;169;0;0;10101;72;8;57;2.0;7;0;0;0;0;0
588;344;20220725;13;250;100;90;170;224;;131;7;249;0;0;10102;68;7;55;;5;0;0;0;0;0
589;344;20220725;14;230;90;90;150;234;;127;6;211;0;0;10105;80;7;51;;5;0;0;0;0;0
590;344;20220725;15;240;100;100;160;225;;131;7;199;0;0;10107;71;7;55;;5;0;0;0;0;0
591;344;20220725;16;250;100;100;160;213;;139;6;151;0;0;10110;67;7;62;;5;0;0;0;0;0
592;344;20220725;17;250;90;80;160;201;;143;3;76;0;0;10113;77;8;69;;5;0;0;0;0;0
593;344;20220725;18;240;70;70;140;198;196.0;148;0;27;0;0;10116;73;8;73;;5;0;0;0;0;0
594;344;20220725;19;240;70;70;110;195;;153;3;16;0;0;10118;68;8;76;;5;0;0;0;0;0
595;344;20220725;20;240;50;60;100;189;;157;2;3;0;0;10122;65;5;81;;5;0;0;0;0;0
596;344;20220725;21;240;60;60;100;191;;162;0;0;0;0;10124;66;8;83;;5;0;0;0;0;0
597;344;20220725;22;240;50;50;90;194;;167;0;0;0;0;10126;64;8;84;;5;0;0;0;0;0
598;344;20220725;23;250;50;50;80;197;;166;0;0;0;0;10128;67;8;82;;5;0;0;0;0;0
599;344;20220725;24;280;40;50;90;196;181.0;155;0;0;0;0;10130;75;8;76;;5;0;0;0;0;0
600;344;20220726;1;300;50;40;90;188;;137;0;0;0;0;10136;75;8;72;;5;0;0;0;0;0
601;344;20220726;2;280;30;30;70;172;;140;0;0;0;0;10138;70;2;81;;5;0;0;0;0;0
602;344;20220726;3;280;30;40;60;168;;148;0;0;0;0;10140;70;5;87;;5;0;0;0;0;0
603;344;20220726;4;280;30;20;50;162;;145;0;0;0;0;10143;70;1;89;;5;0;0;0;0;0
604;344;20220726;5;280;30;30;50;167;;150;0;6;0;-1;10147;61;7;89;81.0;7;0;1;0;0;0
605;344;20220726;6;340;30;20;70;159;144.0;151;0;12;7;4;10155;47;8;95;52.0;7;0;1;0;0;0
606;344;20220726;7;340;20;30;50;172;;149;0;40;4;2;10162;70;8;86;23.0;7;0;1;0;0;0
607;344;20220726;8;350;40;30;70;175;;145;0;75;0;0;10167;70;8;82;;5;0;0;0;0;0
608;344;20220726;9;350;40;40;80;179;;134;5;134;0;-1;10172;75;8;74;81.0;7;0;1;0;0;0
609;344;20220726;10;350;50;50;80;182;;133;0;93;0;-1;10179;75;8;73;23.0;7;0;1;0;0;0
610;344;20220726;11;360;50;40;110;193;;127;2;174;0;0;10182;80;8;65;;5;0;0;0;0;0
611;344;20220726;12;340;50;50;90;194;160.0;117;2;173;0;0;10186;77;8;60;2.0;7;0;0;0;0;0
612;344;20220726;13;350;50;40;90;197;;110;5;235;0;0;10187;80;7;57;;5;0;0;0;0;0
613;344;20220726;14;360;50;60;90;192;;105;6;192;0;0;10191;80;8;57;;5;0;0;0;0;0
614;344;20220726;15;350;50;50;90;195;;102;10;265;0;0;10195;81;8;54;;5;0;0;0;0;0
615;344;20220726;16;340;50;50;90;191;;93;9;179;0;0;10195;81;8;52;;5;0;0;0;0;0
616;344;20220726;17;340;50;50;90;179;;84;5;102;0;0;10197;83;8;53;;5;0;0;0;0;0
617;344;20220726;18;360;40;50;80;173;170.0;95;3;61;0;0;10198;82;8;60;;5;0;0;0;0;0
618;344;20220726;19;350;40;40;70;164;;99;7;33;0;0;10200;80;8;65;;5;0;0;0;0;0
619;344;20220726;20;360;30;30;60;159;;104;0;3;0;0;10202;80;8;69;;5;0;0;0;0;0
620;344;20220726;21;330;20;10;50;141;;104;0;0;0;0;10207;75;8;78;;5;0;0;0;0;0
621;344;20220726;22;310;10;10;30;124;;100;0;0;0;0;10210;70;4;85;;5;0;0;0;0;0
622;344;20220726;23;0;10;0;20;112;;99;0;0;0;0;10210;65;0;91;;5;0;0;0;0;0
623;344;20220726;24;260;10;10;10;114;62.0;100;0;0;0;0;10209;70;7;90;;5;0;0;0;0;0
624;344;20220727;1;260;10;10;20;115;;105;0;0;0;0;10207;65;1;93;;5;0;0;0;0;0
625;344;20220727;2;280;10;10;20;100;;97;0;0;0;0;10206;65;0;97;;5;0;0;0;0;0
626;344;20220727;3;0;10;0;10;101;;97;0;0;0;0;10204;65;1;96;;5;0;0;0;0;0
627;344;20220727;4;990;10;10;40;113;;103;0;0;0;0;10205;65;7;93;;5;0;0;0;0;0
628;344;20220727;5;80;10;10;40;125;;115;0;5;0;0;10208;65;8;93;;5;0;0;0;0;0
629;344;20220727;6;30;10;10;20;145;50.0;120;0;16;0;-1;10211;70;8;84;57.0;7;0;1;0;0;0
630;344;20220727;7;210;10;10;30;144;;123;0;25;5;3;10214;70;8;86;23.0;7;0;1;0;0;0
631;344;20220727;8;990;10;10;20;171;;116;3;118;0;0;10216;75;1;70;;5;0;0;0;0;0
632;344;20220727;9;330;20;20;40;178;;115;5;165;0;0;10217;80;8;66;3.0;7;0;0;0;0;0
633;344;20220727;10;360;20;30;60;175;;93;3;104;0;0;10217;83;7;58;;5;0;0;0;0;0
634;344;20220727;11;350;40;40;80;181;;94;4;167;0;0;10215;82;4;57;;5;0;0;0;0;0
635;344;20220727;12;20;40;40;70;186;132.0;92;0;132;0;0;10216;82;8;54;3.0;7;0;0;0;0;0
636;344;20220727;13;360;30;40;60;198;;99;5;219;0;0;10211;82;8;53;;5;0;0;0;0;0
637;344;20220727;14;10;40;40;90;200;;101;8;262;0;0;10209;81;8;52;;5;0;0;0;0;0
638;344;20220727;15;360;40;40;80;205;;95;5;201;0;0;10207;80;7;49;;5;0;0;0;0;0
639;344;20220727;16;360;50;50;90;199;;103;9;176;0;0;10204;82;8;54;;5;0;0;0;0;0
640;344;20220727;17;30;40;40;80;189;;100;4;95;0;0;10201;81;7;56;;5;0;0;0;0;0
641;344;20220727;18;50;40;50;80;184;184.0;98;4;56;0;0;10200;83;7;57;;5;0;0;0;0;0
642;344;20220727;19;50;50;40;80;166;;91;5;26;0;0;10203;83;5;61;;5;0;0;0;0;0
643;344;20220727;20;40;40;40;60;159;;95;0;2;0;0;10205;80;8;65;;5;0;0;0;0;0
644;344;20220727;21;40;30;30;50;153;;103;0;0;0;0;10207;75;8;72;;5;0;0;0;0;0
645;344;20220727;22;50;30;40;50;146;;104;0;0;0;0;10207;75;8;75;;5;0;0;0;0;0
646;344;20220727;23;60;30;30;50;137;;99;0;0;0;0;10207;75;8;77;;5;0;0;0;0;0
647;344;20220727;24;60;40;30;60;134;127.0;96;0;0;0;0;10204;75;8;77;;5;0;0;0;0;0
648;344;20220728;1;80;30;40;60;139;;92;0;0;0;0;10202;75;8;73;;5;0;0;0;0;0
649;344;20220728;2;80;40;40;70;137;;91;0;0;0;0;10198;75;8;73;;5;0;0;0;0;0
650;344;20220728;3;80;30;30;60;126;;89;0;0;0;0;10196;75;8;78;;5;0;0;0;0;0
651;344;20220728;4;80;40;40;70;126;;87;0;0;0;0;10199;75;8;77;;5;0;0;0;0;0
652;344;20220728;5;70;40;30;60;129;;90;0;9;0;0;10198;75;8;77;;5;0;0;0;0;0
653;344;20220728;6;80;40;40;60;136;113.0;92;0;30;0;0;10199;75;8;74;;5;0;0;0;0;0
654;344;20220728;7;80;40;50;70;158;;98;5;89;0;0;10198;80;8;67;;5;0;0;0;0;0
655;344;20220728;8;90;50;60;80;173;;84;9;167;0;0;10197;82;8;55;;5;0;0;0;0;0
656;344;20220728;9;60;60;70;90;177;;82;8;207;0;0;10195;80;8;53;;5;0;0;0;0;0
657;344;20220728;10;60;60;60;90;192;;82;5;207;0;0;10192;83;8;48;;5;0;0;0;0;0
658;344;20220728;11;60;60;60;90;205;;72;9;271;0;0;10187;81;8;42;;5;0;0;0;0;0
659;344;20220728;12;60;50;50;90;218;136.0;88;10;301;0;0;10184;82;8;43;;5;0;0;0;0;0
660;344;20220728;13;50;60;60;100;217;;81;7;275;0;0;10180;82;8;41;;5;0;0;0;0;0
661;344;20220728;14;60;60;60;100;215;;85;5;214;0;0;10179;82;8;43;;5;0;0;0;0;0
662;344;20220728;15;70;50;50;100;208;;81;2;150;0;0;10176;82;8;44;;5;0;0;0;0;0
663;344;20220728;16;40;50;50;80;204;;93;0;98;0;0;10175;83;8;49;;5;0;0;0;0;0
664;344;20220728;17;40;60;60;90;205;;99;3;80;0;0;10173;82;8;50;;5;0;0;0;0;0
665;344;20220728;18;50;60;60;90;198;194.0;100;5;62;0;0;10173;83;8;53;;5;0;0;0;0;0
666;344;20220728;19;40;50;50;80;189;;100;5;21;0;0;10172;83;8;56;;5;0;0;0;0;0
667;344;20220728;20;40;40;40;70;181;;96;0;2;0;0;10177;83;8;57;;5;0;0;0;0;0
668;344;20220728;21;40;40;30;60;174;;98;0;0;0;0;10180;83;8;61;;5;0;0;0;0;0
669;344;20220728;22;40;40;40;60;173;;102;0;0;0;0;10182;83;8;63;;5;0;0;0;0;0
670;344;20220728;23;50;40;40;60;164;;105;0;0;0;0;10182;80;8;68;;5;0;0;0;0;0
671;344;20220728;24;50;30;30;60;160;154.0;107;0;0;0;0;10181;75;8;70;;5;0;0;0;0;0
672;344;20220729;1;40;30;30;60;154;;108;0;0;0;0;10177;75;8;74;;5;0;0;0;0;0
673;344;20220729;2;40;30;30;40;149;;109;0;0;0;0;10174;75;8;77;;5;0;0;0;0;0
674;344;20220729;3;40;20;20;40;146;;108;0;0;0;0;10172;75;8;78;;5;0;0;0;0;0
675;344;20220729;4;40;30;30;40;143;;108;0;0;0;0;10170;75;8;79;;5;0;0;0;0;0
676;344;20220729;5;30;20;10;40;143;;106;0;5;0;0;10171;75;8;78;;5;0;0;0;0;0
677;344;20220729;6;50;20;40;60;159;135.0;107;3;50;0;0;10173;75;8;71;;5;0;0;0;0;0
678;344;20220729;7;50;30;30;60;180;;114;9;106;0;0;10174;80;8;65;;5;0;0;0;0;0
679;344;20220729;8;40;30;30;60;188;;107;10;173;0;0;10176;81;8;59;;5;0;0;0;0;0
680;344;20220729;9;30;30;20;50;206;;118;9;219;0;0;10177;79;8;57;;5;0;0;0;0;0
681;344;20220729;10;360;20;30;50;222;;125;10;266;0;0;10176;81;5;53;;5;0;0;0;0;0
682;344;20220729;11;40;20;20;50;231;;119;10;289;0;0;10174;80;0;49;;5;0;0;0;0;0
683;344;20220729;12;340;20;20;50;242;162.0;99;10;299;0;0;10174;81;0;40;;5;0;0;0;0;0
684;344;20220729;13;350;20;30;60;241;;120;9;274;0;0;10174;81;3;46;;5;0;0;0;0;0
685;344;20220729;14;280;40;40;80;248;;115;8;243;0;0;10175;80;0;43;;5;0;0;0;0;0
686;344;20220729;15;280;40;40;70;240;;114;10;242;0;0;10177;80;1;45;;5;0;0;0;0;0
687;344;20220729;16;290;40;40;70;233;;118;10;193;0;0;10177;82;0;48;;5;0;0;0;0;0
688;344;20220729;17;330;40;40;60;222;;135;10;139;0;0;10178;81;0;57;;5;0;0;0;0;0
689;344;20220729;18;330;40;30;60;208;210.0;142;10;79;0;0;10179;80;4;65;;5;0;0;0;0;0
690;344;20220729;19;330;30;30;50;189;;152;8;27;0;0;10183;75;8;79;;5;0;0;0;0;0
691;344;20220729;20;330;30;30;60;173;;152;0;4;0;0;10190;70;8;87;;5;0;0;0;0;0
692;344;20220729;21;330;20;20;40;165;;147;0;0;0;0;10188;70;2;89;;5;0;0;0;0;0
693;344;20220729;22;290;10;20;30;152;;140;0;0;0;0;10191;65;8;92;;5;0;0;0;0;0
694;344;20220729;23;320;20;10;30;145;;137;0;0;0;0;10193;65;1;94;;5;0;0;0;0;0
695;344;20220729;24;300;10;10;20;135;88.0;130;0;0;0;0;10191;62;0;97;;5;0;0;0;0;0
696;344;20220730;1;260;10;20;20;135;;130;0;0;0;0;10188;60;0;97;;5;0;0;0;0;0
697;344;20220730;2;260;10;10;20;121;;118;0;0;0;0;10187;21;1;98;10.0;7;0;0;0;0;0
698;344;20220730;3;260;20;20;30;119;;116;0;0;0;0;10187;35;1;98;20.0;7;1;0;0;0;0
699;344;20220730;4;270;20;20;30;119;;116;0;0;0;0;10188;50;5;98;20.0;7;1;0;0;0;0
700;344;20220730;5;260;20;10;30;132;;122;5;12;0;0;10190;62;3;94;;5;0;0;0;0;0
701;344;20220730;6;270;10;10;20;162;55.0;128;10;53;0;0;10194;75;2;80;1.0;7;0;0;0;0;0
702;344;20220730;7;330;10;10;30;185;;129;10;111;0;0;10194;80;8;69;;5;0;0;0;0;0
703;344;20220730;8;990;20;10;40;200;;127;8;153;0;0;10196;83;0;62;;5;0;0;0;0;0
704;344;20220730;9;270;20;30;50;209;;119;10;216;0;0;10196;78;5;56;;5;0;0;0;0;0
705;344;20220730;10;260;20;20;50;222;;128;10;259;0;0;10195;82;8;55;;5;0;0;0;0;0
706;344;20220730;11;280;20;30;50;226;;126;3;204;0;0;10195;82;8;53;;5;0;0;0;0;0
707;344;20220730;12;270;30;30;50;226;165.0;129;1;147;0;0;10195;81;8;54;;5;0;0;0;0;0
708;344;20220730;13;270;30;30;50;240;;135;4;220;0;0;10194;80;8;51;;5;0;0;0;0;0
709;344;20220730;14;270;30;30;50;245;;140;6;234;0;0;10189;81;8;51;;5;0;0;0;0;0
710;344;20220730;15;280;30;20;60;235;;145;1;130;0;0;10187;81;8;56;;5;0;0;0;0;0
711;344;20220730;16;290;30;20;50;230;;146;0;68;0;-1;10187;80;8;59;51.0;7;0;1;0;0;0
712;344;20220730;17;360;10;10;40;230;;148;0;52;0;-1;10181;83;8;60;22.0;7;0;1;0;0;0
713;344;20220730;18;150;20;20;40;233;230.0;137;0;39;0;0;10178;81;8;54;2.0;7;0;0;0;0;0
714;344;20220730;19;150;20;30;50;229;;136;3;18;0;0;10178;82;8;55;;5;0;0;0;0;0
715;344;20220730;20;250;20;20;50;210;;149;0;1;0;0;10181;80;8;68;;5;0;0;0;0;0
716;344;20220730;21;250;30;20;50;197;;109;0;0;0;0;10184;83;8;56;;5;0;0;0;0;0
717;344;20220730;22;250;20;20;30;190;;116;0;0;0;0;10183;83;8;62;;5;0;0;0;0;0
718;344;20220730;23;210;20;20;30;182;;136;0;0;0;0;10181;75;8;74;;5;0;0;0;0;0
719;344;20220730;24;240;20;20;30;188;148.0;154;0;0;0;0;10178;75;8;80;;5;0;0;0;0;0
720;344;20220731;1;230;20;20;30;186;;160;0;0;0;-1;10173;70;8;85;23.0;7;0;1;0;0;0
721;344;20220731;2;210;30;30;50;191;;162;0;0;0;0;10170;70;8;83;;5;0;0;0;0;0
722;344;20220731;3;220;30;30;40;188;;156;0;0;0;0;10166;70;8;81;2.0;7;0;0;0;0;0
723;344;20220731;4;220;30;50;60;187;;162;0;0;0;0;10164;67;8;85;;5;0;0;0;0;0
724;344;20220731;5;210;40;30;70;189;;168;0;3;0;0;10162;63;8;87;;5;0;0;0;0;0
725;344;20220731;6;200;40;40;70;194;167.0;174;0;11;0;0;10160;60;8;88;2.0;7;0;0;0;0;0
726;344;20220731;7;210;40;40;70;197;;175;0;32;0;0;10160;61;8;86;;5;0;0;0;0;0
727;344;20220731;8;210;40;50;70;197;;180;0;35;0;-1;10158;58;8;89;81.0;7;0;1;0;0;0
728;344;20220731;9;220;50;60;90;201;;180;0;42;0;-1;10158;61;8;87;23.0;7;0;1;0;0;0
729;344;20220731;10;220;60;80;120;199;;177;0;30;3;1;10156;63;8;86;51.0;7;0;1;0;0;0
730;344;20220731;11;230;80;80;130;196;;183;0;32;0;-1;10155;56;8;91;51.0;7;0;1;0;0;0
731;344;20220731;12;250;70;60;130;208;191.0;180;0;58;0;-1;10154;64;8;83;22.0;7;0;1;0;0;0
732;344;20220731;13;240;70;70;120;213;;176;1;90;0;-1;10152;68;8;79;81.0;7;0;1;0;0;0
733;344;20220731;14;240;70;80;120;200;;182;0;71;5;6;10151;56;8;89;52.0;7;0;1;0;0;0
734;344;20220731;15;240;60;60;110;203;;187;0;47;5;4;10151;62;8;90;81.0;7;0;1;0;0;0
735;344;20220731;16;250;50;50;100;204;;181;0;33;0;-1;10150;67;8;86;81.0;7;0;1;0;0;0
736;344;20220731;17;240;60;70;100;203;;180;0;16;0;-1;10148;64;8;86;23.0;7;0;1;0;0;0
737;344;20220731;18;240;60;70;110;202;193.0;181;0;8;0;0;10150;65;8;88;2.0;7;0;0;0;0;0
738;344;20220731;19;250;60;50;90;198;;183;0;3;0;-1;10154;62;8;91;23.0;7;0;1;0;0;0
739;344;20220731;20;260;50;40;80;196;;186;0;0;2;3;10158;60;8;93;23.0;7;0;1;0;0;0
740;344;20220731;21;280;30;40;70;195;;183;0;0;0;0;10161;62;8;92;2.0;7;0;0;0;0;0
741;344;20220731;22;310;30;30;60;189;;175;0;0;0;0;10164;65;8;91;;5;0;0;0;0;0
742;344;20220731;23;270;20;20;50;186;;171;0;0;0;0;10166;65;8;91;;5;0;0;0;0;0
743;344;20220731;24;270;20;20;30;186;181.0;172;0;0;0;0;10169;65;8;92;2.0;7;0;0;0;0;0
744;344;20220801;1;270;20;20;40;184;;173;0;0;0;-1;10170;61;8;93;23.0;7;0;1;0;0;0
745;344;20220801;2;300;20;10;40;180;;173;0;0;0;0;10170;65;8;95;;5;0;0;0;0;0
746;344;20220801;3;300;20;10;30;179;;169;0;0;0;0;10171;65;8;93;2.0;7;0;0;0;0;0
747;344;20220801;4;270;20;10;30;178;;168;0;0;0;0;10171;65;8;93;;5;0;0;0;0;0
748;344;20220801;5;270;20;10;30;179;;168;0;5;0;0;10174;65;8;93;;5;0;0;0;0;0
749;344;20220801;6;330;20;40;50;186;175.0;171;0;25;0;-1;10175;65;8;91;23.0;7;0;1;0;0;0
750;344;20220801;7;10;30;20;50;180;;171;0;27;7;4;10180;65;8;94;51.0;7;0;1;0;0;0
751;344;20220801;8;50;30;40;60;183;;168;0;64;0;-1;10184;65;7;90;22.0;7;0;1;0;0;0
752;344;20220801;9;20;30;30;60;194;;157;3;124;0;0;10188;75;8;79;3.0;7;0;0;0;0;0
753;344;20220801;10;20;30;30;60;206;;148;4;180;0;0;10192;76;7;69;;5;0;0;0;0;0
754;344;20220801;11;20;30;30;50;209;;142;3;182;0;0;10192;80;7;65;;5;0;0;0;0;0
755;344;20220801;12;10;30;40;60;222;179.0;118;7;255;0;0;10193;81;8;51;3.0;7;0;0;0;0;0
756;344;20220801;13;360;30;30;60;221;;113;4;208;0;0;10193;80;7;50;;5;0;0;0;0;0
757;344;20220801;14;30;30;30;60;231;;128;7;222;0;0;10190;80;6;52;;5;0;0;0;0;0
758;344;20220801;15;10;30;40;60;226;;109;9;207;0;0;10191;82;5;47;;5;0;0;0;0;0
759;344;20220801;16;10;30;30;50;234;;118;10;199;0;0;10189;81;1;47;;5;0;0;0;0;0
760;344;20220801;17;30;30;20;60;230;;96;10;143;0;0;10188;81;0;42;;5;0;0;0;0;0
761;344;20220801;18;50;20;30;40;219;221.0;106;10;83;0;0;10188;80;0;48;;5;0;0;0;0;0
762;344;20220801;19;70;30;20;40;188;;109;8;28;0;0;10190;83;8;60;;5;0;0;0;0;0
763;344;20220801;20;90;30;30;40;181;;104;0;1;0;0;10191;83;0;60;;5;0;0;0;0;0
764;344;20220801;21;110;20;30;50;181;;98;0;0;0;0;10192;83;7;58;;5;0;0;0;0;0
765;344;20220801;22;110;30;30;50;178;;99;0;0;0;0;10191;83;8;59;;5;0;0;0;0;0
766;344;20220801;23;110;30;30;50;177;;100;0;0;0;0;10187;83;8;60;;5;0;0;0;0;0
767;344;20220801;24;120;20;30;40;175;139.0;105;0;0;0;0;10185;83;8;63;;5;0;0;0;0;0
768;344;20220802;1;140;30;30;50;175;;102;0;0;0;0;10180;83;8;62;;5;0;0;0;0;0
769;344;20220802;2;160;20;20;40;169;;97;0;0;0;0;10179;83;8;62;;5;0;0;0;0;0
770;344;20220802;3;160;30;30;70;173;;85;0;0;0;0;10175;83;8;56;;5;0;0;0;0;0
771;344;20220802;4;160;40;40;50;162;;89;0;0;0;0;10170;83;4;61;;5;0;0;0;0;0
772;344;20220802;5;150;30;40;50;165;;100;3;8;0;0;10169;80;2;65;;5;0;0;0;0;0
773;344;20220802;6;180;40;30;80;179;131.0;125;7;45;0;0;10170;75;3;70;;5;0;0;0;0;0
774;344;20220802;7;210;30;30;60;196;;158;8;92;0;0;10169;65;2;78;;5;0;0;0;0;0
775;344;20220802;8;210;40;50;80;218;;162;9;156;0;0;10165;75;8;70;;5;0;0;0;0;0
776;344;20220802;9;220;60;60;90;229;;149;8;199;0;0;10165;80;8;60;;5;0;0;0;0;0
777;344;20220802;10;210;60;60;100;232;;145;6;208;0;0;10169;78;8;57;;5;0;0;0;0;0
778;344;20220802;11;230;60;70;100;243;;148;7;248;0;0;10166;76;8;55;;5;0;0;0;0;0
779;344;20220802;12;220;70;60;90;251;183.0;143;7;257;0;0;10165;80;8;51;;5;0;0;0;0;0
780;344;20220802;13;240;70;80;110;260;;153;9;289;0;0;10162;81;5;51;;5;0;0;0;0;0
781;344;20220802;14;240;70;80;130;257;;164;9;261;0;0;10158;76;6;56;;5;0;0;0;0;0
782;344;20220802;15;240;80;70;120;262;;182;9;205;0;0;10153;80;8;61;;5;0;0;0;0;0
783;344;20220802;16;250;70;70;110;255;;181;10;191;0;0;10153;80;5;63;;5;0;0;0;0;0
784;344;20220802;17;250;70;70;120;244;;169;10;136;0;0;10153;80;0;62;;5;0;0;0;0;0
785;344;20220802;18;250;70;70;120;233;234.0;167;10;80;0;0;10153;80;1;66;;5;0;0;0;0;0
786;344;20220802;19;240;70;70;110;223;;166;8;28;0;0;10151;75;0;70;;5;0;0;0;0;0
787;344;20220802;20;240;60;70;90;216;;165;0;2;0;0;10151;75;0;72;;5;0;0;0;0;0
788;344;20220802;21;250;60;60;90;210;;168;0;0;0;0;10151;75;0;76;;5;0;0;0;0;0
789;344;20220802;22;230;60;50;90;206;;167;0;0;0;0;10149;75;0;78;;5;0;0;0;0;0
790;344;20220802;23;220;50;50;80;205;;167;0;0;0;0;10149;75;0;78;;5;0;0;0;0;0
791;344;20220802;24;230;50;50;90;204;195.0;169;0;0;0;0;10148;75;0;80;;5;0;0;0;0;0
792;344;20220803;1;220;50;50;80;200;;169;0;0;0;0;10145;70;5;82;;5;0;0;0;0;0
793;344;20220803;2;220;40;50;70;195;;170;0;0;0;0;10143;70;2;85;;5;0;0;0;0;0
794;344;20220803;3;190;30;30;70;187;;168;0;0;0;0;10140;70;3;88;;5;0;0;0;0;0
795;344;20220803;4;220;30;30;50;182;;166;0;0;0;0;10141;70;6;90;;5;0;0;0;0;0
796;344;20220803;5;210;30;30;50;186;;169;0;5;0;0;10143;70;8;89;;5;0;0;0;0;0
797;344;20220803;6;230;50;60;80;195;173.0;174;3;38;0;0;10146;68;8;87;;5;0;0;0;0;0
798;344;20220803;7;210;60;60;100;197;;170;3;66;0;0;10147;65;8;84;;5;0;0;0;0;0
799;344;20220803;8;230;60;50;80;216;;177;7;135;0;0;10152;64;5;78;;5;0;0;0;0;0
800;344;20220803;9;220;50;50;80;226;;175;10;217;0;0;10152;68;1;73;;5;0;0;0;0;0
801;344;20220803;10;220;50;50;70;241;;177;10;253;0;0;10153;72;1;67;;5;0;0;0;0;0
802;344;20220803;11;230;50;60;80;255;;173;10;285;0;0;10151;73;4;60;;5;0;0;0;0;0
803;344;20220803;12;230;50;60;90;266;193.0;167;10;298;0;0;10149;73;6;54;;5;0;0;0;0;0
804;344;20220803;13;240;60;70;100;279;;165;7;267;0;0;10148;80;8;50;;5;0;0;0;0;0
805;344;20220803;14;230;70;70;120;283;;166;10;272;0;0;10146;80;8;49;;5;0;0;0;0;0
806;344;20220803;15;260;60;50;100;279;;172;10;230;0;0;10144;80;8;52;;5;0;0;0;0;0
807;344;20220803;16;270;50;40;80;276;;167;10;185;0;0;10140;82;6;51;;5;0;0;0;0;0
808;344;20220803;17;260;40;40;70;270;;169;10;127;0;0;10139;82;8;53;;5;0;0;0;0;0
809;344;20220803;18;290;30;30;60;268;273.0;174;10;80;0;0;10138;81;8;56;;5;0;0;0;0;0
810;344;20220803;19;310;20;10;40;245;;173;7;26;0;0;10137;82;4;64;;5;0;0;0;0;0
811;344;20220803;20;100;10;20;30;222;;172;0;1;0;0;10138;63;7;73;;5;0;0;0;0;0
812;344;20220803;21;110;10;10;50;221;;172;0;0;0;0;10136;75;7;73;;5;0;0;0;0;0
813;344;20220803;22;990;10;10;20;204;;178;0;0;0;0;10133;70;4;85;;5;0;0;0;0;0
814;344;20220803;23;130;10;10;30;202;;175;0;0;0;0;10131;70;0;84;;5;0;0;0;0;0
815;344;20220803;24;290;10;10;20;187;158.0;175;0;0;0;0;10131;65;7;92;;5;0;0;0;0;0
816;344;20220804;1;0;10;0;20;193;;178;0;0;0;0;10128;65;8;91;;5;0;0;0;0;0
817;344;20220804;2;0;10;0;30;186;;176;0;0;0;0;10125;65;8;93;;5;0;0;0;0;0
818;344;20220804;3;260;10;10;20;184;;174;0;0;0;0;10123;65;8;93;;5;0;0;0;0;0
819;344;20220804;4;270;10;10;20;183;;171;0;0;0;0;10120;65;8;92;;5;0;0;0;0;0
820;344;20220804;5;290;10;10;20;184;;171;0;5;0;0;10122;65;8;92;;5;0;0;0;0;0
821;344;20220804;6;270;20;20;30;193;144.0;171;0;16;0;0;10124;70;8;87;;5;0;0;0;0;0
822;344;20220804;7;310;20;20;40;218;;171;6;75;0;0;10127;75;8;75;;5;0;0;0;0;0
823;344;20220804;8;290;30;40;60;231;;164;5;114;0;0;10132;80;7;66;;5;0;0;0;0;0
824;344;20220804;9;320;30;30;50;242;;148;6;168;0;0;10132;83;8;55;;5;0;0;0;0;0
825;344;20220804;10;280;30;30;60;239;;158;1;106;0;0;10140;82;8;60;;5;0;0;0;0;0
826;344;20220804;11;340;30;20;50;248;;148;2;148;0;0;10141;82;8;54;;5;0;0;0;0;0
827;344;20220804;12;290;20;30;60;257;188.0;152;9;282;0;0;10140;82;2;52;;5;0;0;0;0;0
828;344;20220804;13;300;40;30;70;256;;147;9;269;0;0;10144;81;7;50;;5;0;0;0;0;0
829;344;20220804;14;290;40;40;70;252;;151;9;271;0;0;10146;81;2;53;;5;0;0;0;0;0
830;344;20220804;15;320;30;40;60;244;;142;7;201;0;0;10149;81;8;53;;5;0;0;0;0;0
831;344;20220804;16;350;30;40;60;226;;134;2;108;0;0;10151;83;8;56;;5;0;0;0;0;0
832;344;20220804;17;350;40;40;70;216;;133;0;52;0;0;10149;83;8;59;;5;0;0;0;0;0
833;344;20220804;18;350;30;30;60;211;210.0;126;2;43;0;0;10150;83;8;58;;5;0;0;0;0;0
834;344;20220804;19;350;30;30;50;201;;155;0;9;0;0;10156;75;8;74;;5;0;0;0;0;0
835;344;20220804;20;360;30;40;60;194;;153;0;0;0;0;10161;75;8;77;;5;0;0;0;0;0
836;344;20220804;21;360;30;30;60;190;;147;0;0;0;0;10164;75;8;76;;5;0;0;0;0;0
837;344;20220804;22;360;20;20;40;186;;149;0;0;0;0;10162;75;8;78;;5;0;0;0;0;0
838;344;20220804;23;360;20;20;50;185;;149;0;0;0;0;10160;75;8;79;;5;0;0;0;0;0
839;344;20220804;24;10;20;20;40;184;180.0;147;0;0;0;0;10160;75;8;79;;5;0;0;0;0;0
840;344;20220805;1;360;20;20;30;178;;150;0;0;0;0;10162;70;8;83;;5;0;0;0;0;0
841;344;20220805;2;20;10;20;30;177;;148;0;0;0;0;10164;70;8;83;;5;0;0;0;0;0
842;344;20220805;3;10;30;20;50;172;;147;0;0;0;0;10163;70;8;85;;5;0;0;0;0;0
843;344;20220805;4;330;20;10;30;156;;140;0;0;0;0;10166;70;8;90;;5;0;0;0;0;0
844;344;20220805;5;10;10;10;20;155;;138;0;3;0;0;10164;70;0;89;;5;0;0;0;0;0
845;344;20220805;6;330;10;20;30;179;101.0;139;10;46;0;0;10169;75;1;77;;5;0;0;0;0;0
846;344;20220805;7;350;40;40;60;191;;131;10;101;0;0;10172;80;1;68;;5;0;0;0;0;0
847;344;20220805;8;330;40;50;80;199;;125;4;124;0;0;10181;82;8;62;;5;0;0;0;0;0
848;344;20220805;9;330;40;30;70;183;;112;0;58;0;0;10189;83;8;63;;5;0;0;0;0;0
849;344;20220805;10;300;30;30;60;186;;115;0;42;0;0;10196;83;8;63;;5;0;0;0;0;0
850;344;20220805;11;300;30;20;60;192;;89;0;87;0;-1;10199;82;8;51;23.0;7;0;1;0;0;0
851;344;20220805;12;310;40;40;70;207;180.0;95;1;173;0;0;10205;81;7;48;1.0;7;0;0;0;0;0
852;344;20220805;13;310;50;60;90;212;;103;9;259;0;0;10211;80;5;49;;5;0;0;0;0;0
853;344;20220805;14;310;50;60;90;201;;117;5;190;0;0;10218;81;8;58;;5;0;0;0;0;0
854;344;20220805;15;330;50;40;90;202;;115;9;180;0;0;10224;82;3;57;;5;0;0;0;0;0
855;344;20220805;16;330;50;50;80;192;;93;10;170;0;0;10228;80;6;52;;5;0;0;0;0;0
856;344;20220805;17;300;50;50;80;187;;98;10;110;0;0;10232;82;5;56;;5;0;0;0;0;0
857;344;20220805;18;340;40;30;80;175;176.0;83;10;80;0;0;10236;82;0;54;;5;0;0;0;0;0
858;344;20220805;19;340;30;20;60;159;;93;7;26;0;0;10241;77;0;65;;5;0;0;0;0;0
859;344;20220805;20;340;20;20;40;140;;88;0;1;0;0;10246;75;1;70;;5;0;0;0;0;0
860;344;20220805;21;300;10;10;20;112;;81;0;0;0;0;10252;70;0;81;;5;0;0;0;0;0
861;344;20220805;22;240;0;10;10;113;;91;0;0;0;0;10255;70;0;85;;5;0;0;0;0;0
862;344;20220805;23;220;10;10;10;105;;97;0;0;0;0;10259;65;0;95;;5;0;0;0;0;0
863;344;20220805;24;230;10;10;10;108;44.0;100;0;0;0;0;10264;65;0;94;;5;0;0;0;0;0
864;344;20220806;1;990;10;10;10;101;;97;0;0;0;0;10267;65;0;97;;5;0;0;0;0;0
865;344;20220806;2;230;10;10;10;101;;96;0;0;0;0;10269;65;0;97;;5;0;0;0;0;0
866;344;20220806;3;230;10;10;10;103;;98;0;0;0;0;10270;65;0;97;;5;0;0;0;0;0
867;344;20220806;4;0;10;0;10;96;;91;0;0;0;0;10272;65;1;97;;5;0;0;0;0;0
868;344;20220806;5;260;0;10;10;103;;98;0;7;0;0;10276;65;1;97;;5;0;0;0;0;0
869;344;20220806;6;0;0;0;10;135;36.0;104;10;42;0;0;10281;70;1;82;;5;0;0;0;0;0
870;344;20220806;7;0;0;0;10;176;;104;10;94;0;0;10285;82;1;62;;5;0;0;0;0;0
871;344;20220806;8;30;10;30;40;187;;102;10;159;0;0;10287;82;4;57;;5;0;0;0;0;0
872;344;20220806;9;360;20;10;50;188;;102;8;159;0;0;10288;82;5;57;;5;0;0;0;0;0
873;344;20220806;10;30;20;20;50;201;;85;8;197;0;0;10288;81;2;47;;5;0;0;0;0;0
874;344;20220806;11;340;20;20;50;203;;82;8;219;0;0;10290;83;6;45;;5;0;0;0;0;0
875;344;20220806;12;360;30;30;60;209;135.0;78;5;168;0;0;10287;81;2;42;;5;0;0;0;0;0
876;344;20220806;13;340;30;30;70;211;;75;10;282;0;0;10285;80;6;41;;5;0;0;0;0;0
877;344;20220806;14;340;30;30;60;212;;75;10;275;0;0;10284;81;8;41;;5;0;0;0;0;0
878;344;20220806;15;340;40;40;70;210;;78;10;243;0;0;10282;82;8;42;;5;0;0;0;0;0
879;344;20220806;16;340;40;40;70;205;;62;10;190;0;0;10280;82;8;39;;5;0;0;0;0;0
880;344;20220806;17;340;40;30;60;195;;82;10;131;0;0;10278;83;8;47;;5;0;0;0;0;0
881;344;20220806;18;340;30;30;60;187;188.0;98;10;73;0;0;10278;82;8;56;;5;0;0;0;0;0
882;344;20220806;19;360;30;30;50;171;;105;8;20;0;0;10279;80;8;65;;5;0;0;0;0;0
883;344;20220806;20;360;20;20;40;156;;108;0;1;0;0;10281;75;8;72;;5;0;0;0;0;0
884;344;20220806;21;360;10;10;20;132;;110;0;0;0;0;10284;70;6;86;;5;0;0;0;0;0
885;344;20220806;22;0;10;0;10;122;;110;0;0;0;0;10282;65;8;92;;5;0;0;0;0;0
886;344;20220806;23;0;0;0;10;120;;108;0;0;0;0;10278;65;8;92;;5;0;0;0;0;0
887;344;20220806;24;0;10;0;20;111;54.0;107;0;0;0;0;10276;65;8;97;;5;0;0;0;0;0
888;344;20220807;1;0;0;0;10;115;;109;0;0;0;0;10272;65;7;96;;5;0;0;0;0;0
889;344;20220807;2;0;0;0;10;109;;104;0;0;0;0;10270;63;0;97;;5;0;0;0;0;0
890;344;20220807;3;350;10;10;10;103;;98;0;0;0;0;10268;61;1;97;;5;0;0;0;0;0
891;344;20220807;4;0;10;0;20;96;;93;0;0;0;0;10266;26;1;98;10.0;7;0;0;0;0;0
892;344;20220807;5;0;0;0;10;111;;106;3;7;0;0;10268;62;1;97;;5;0;0;0;0;0
893;344;20220807;6;320;0;10;10;128;42.0;103;10;44;0;0;10270;69;1;85;;5;0;0;0;0;0
894;344;20220807;7;10;0;10;10;172;;103;8;94;0;0;10270;80;7;64;;5;0;0;0;0;0
895;344;20220807;8;990;10;10;30;184;;103;10;157;0;0;10269;77;0;59;;5;0;0;0;0;0
896;344;20220807;9;990;10;10;30;198;;99;10;211;0;0;10267;82;0;52;;5;0;0;0;0;0
897;344;20220807;10;340;20;20;50;209;;91;10;254;0;0;10266;81;0;46;;5;0;0;0;0;0
898;344;20220807;11;330;20;20;50;211;;96;10;281;0;0;10259;81;1;47;;5;0;0;0;0;0
899;344;20220807;12;330;30;30;60;222;132.0;95;10;275;0;0;10255;80;1;44;;5;0;0;0;0;0
900;344;20220807;13;340;40;40;70;223;;99;10;297;0;0;10254;81;8;45;;5;0;0;0;0;0
901;344;20220807;14;350;30;30;70;220;;91;10;263;0;0;10252;82;8;43;;5;0;0;0;0;0
902;344;20220807;15;350;40;40;60;208;;96;5;175;0;0;10253;82;8;48;;5;0;0;0;0;0
903;344;20220807;16;350;40;40;60;211;;100;7;158;0;0;10249;81;8;48;;5;0;0;0;0;0
904;344;20220807;17;340;40;30;60;201;;110;9;123;0;0;10248;81;8;55;;5;0;0;0;0;0
905;344;20220807;18;350;30;30;60;198;200.0;117;10;75;0;0;10246;81;0;59;;5;0;0;0;0;0
906;344;20220807;19;350;20;20;50;179;;124;7;21;0;0;10247;75;0;70;;5;0;0;0;0;0
907;344;20220807;20;350;20;20;40;162;;128;0;0;0;0;10251;75;0;80;;5;0;0;0;0;0
908;344;20220807;21;10;20;10;30;155;;128;0;0;0;0;10252;70;5;83;;5;0;0;0;0;0
909;344;20220807;22;350;10;10;20;131;;123;0;0;0;0;10254;65;6;95;;5;0;0;0;0;0
910;344;20220807;23;350;10;10;20;129;;126;0;0;0;0;10256;65;8;97;;5;0;0;0;0;0
911;344;20220807;24;0;0;0;20;126;65.0;122;0;0;0;0;10257;63;8;97;;5;0;0;0;0;0
912;344;20220808;1;350;0;10;10;115;;111;0;0;0;0;10255;57;4;97;10.0;7;0;0;0;0;0
913;344;20220808;2;0;10;0;10;119;;114;0;0;0;0;10254;60;8;97;;5;0;0;0;0;0
914;344;20220808;3;330;10;10;10;114;;111;0;0;0;0;10256;50;4;98;10.0;7;0;0;0;0;0
915;344;20220808;4;0;10;0;20;113;;108;0;0;0;0;10257;63;8;97;;5;0;0;0;0;0
916;344;20220808;5;340;10;20;20;120;;109;2;6;0;0;10261;63;6;93;;5;0;0;0;0;0
917;344;20220808;6;0;10;0;20;154;60.0;116;7;40;0;0;10264;72;6;78;;5;0;0;0;0;0
918;344;20220808;7;30;20;30;40;183;;121;10;96;0;0;10266;78;8;67;;5;0;0;0;0;0
919;344;20220808;8;20;30;30;50;194;;123;10;139;0;0;10270;81;8;64;;5;0;0;0;0;0
920;344;20220808;9;350;20;20;60;200;;124;8;178;0;0;10273;82;8;62;;5;0;0;0;0;0
921;344;20220808;10;10;20;20;50;209;;125;4;144;0;0;10273;81;8;58;;5;0;0;0;0;0
922;344;20220808;11;10;30;40;60;221;;127;6;192;0;0;10272;83;4;55;;5;0;0;0;0;0
923;344;20220808;12;360;30;30;60;220;155.0;116;7;217;0;0;10269;80;3;51;;5;0;0;0;0;0
924;344;20220808;13;360;40;40;70;219;;119;7;212;0;0;10268;81;4;52;;5;0;0;0;0;0
925;344;20220808;14;360;40;40;80;228;;123;6;211;0;0;10268;83;7;51;;5;0;0;0;0;0
926;344;20220808;15;20;40;40;80;217;;124;4;136;0;0;10266;82;8;55;;5;0;0;0;0;0
927;344;20220808;16;360;50;50;80;222;;135;7;156;0;0;10267;82;0;57;;5;0;0;0;0;0
928;344;20220808;17;360;50;50;80;216;;144;10;134;0;0;10265;83;7;63;;5;0;0;0;0;0
929;344;20220808;18;360;40;40;70;208;209.0;141;10;77;0;0;10267;80;0;65;;5;0;0;0;0;0
930;344;20220808;19;360;40;30;60;194;;146;7;21;0;0;10271;75;1;73;;5;0;0;0;0;0
931;344;20220808;20;10;30;20;50;183;;144;0;1;0;0;10277;75;0;78;;5;0;0;0;0;0
932;344;20220808;21;360;10;10;30;167;;139;0;0;0;0;10279;70;0;83;;5;0;0;0;0;0
933;344;20220808;22;10;10;10;30;164;;135;0;0;0;0;10279;70;0;83;;5;0;0;0;0;0
934;344;20220808;23;330;10;10;20;148;;131;0;0;0;0;10281;70;1;89;;5;0;0;0;0;0
935;344;20220808;24;360;10;20;20;131;96.0;123;0;0;0;0;10282;65;1;95;;5;0;0;0;0;0
936;344;20220809;1;340;20;20;20;137;;130;0;0;0;0;10281;65;0;95;;5;0;0;0;0;0
937;344;20220809;2;30;10;10;20;132;;129;0;0;0;0;10281;65;1;97;;5;0;0;0;0;0
938;344;20220809;3;30;10;10;20;129;;124;0;0;0;0;10279;65;6;97;;5;0;0;0;0;0
939;344;20220809;4;70;10;10;10;129;;126;0;0;0;0;10281;59;0;98;10.0;7;0;0;0;0;0
940;344;20220809;5;20;10;10;30;143;;128;2;6;0;0;10285;65;0;91;;5;0;0;0;0;0
941;344;20220809;6;50;20;30;40;164;73.0;133;10;42;0;0;10288;70;0;82;;5;0;0;0;0;0
942;344;20220809;7;40;30;30;40;182;;136;10;94;0;0;10292;75;0;75;;5;0;0;0;0;0
943;344;20220809;8;50;30;50;60;200;;136;10;154;0;0;10291;80;0;66;;5;0;0;0;0;0
944;344;20220809;9;50;50;50;70;218;;129;10;207;0;0;10292;81;0;56;;5;0;0;0;0;0
945;344;20220809;10;50;50;50;70;221;;120;10;248;0;0;10294;81;0;52;;5;0;0;0;0;0
946;344;20220809;11;60;50;50;80;234;;113;10;265;0;0;10291;83;0;46;;5;0;0;0;0;0
947;344;20220809;12;40;50;50;80;238;167.0;118;10;286;0;0;10287;82;2;46;;5;0;0;0;0;0
948;344;20220809;13;50;50;50;100;245;;129;10;270;0;0;10284;82;1;48;;5;0;0;0;0;0
949;344;20220809;14;30;50;50;90;250;;123;10;266;0;0;10280;81;3;45;;5;0;0;0;0;0
950;344;20220809;15;40;50;60;90;248;;127;10;229;0;0;10277;81;4;46;;5;0;0;0;0;0
951;344;20220809;16;40;50;50;80;248;;133;10;183;0;0;10275;81;6;48;;5;0;0;0;0;0
952;344;20220809;17;40;50;50;80;242;;135;10;125;0;0;10274;83;0;51;;5;0;0;0;0;0
953;344;20220809;18;50;60;60;90;233;232.0;144;10;75;0;0;10273;83;0;57;;5;0;0;0;0;0
954;344;20220809;19;50;50;40;80;217;;148;5;20;0;0;10275;83;0;64;;5;0;0;0;0;0
955;344;20220809;20;40;40;40;70;206;;146;0;0;0;0;10280;80;1;68;;5;0;0;0;0;0
956;344;20220809;21;40;40;40;70;197;;148;0;0;0;0;10280;75;6;73;;5;0;0;0;0;0
957;344;20220809;22;40;40;40;60;189;;144;0;0;0;0;10278;75;1;74;;5;0;0;0;0;0
958;344;20220809;23;40;40;40;70;182;;137;0;0;0;0;10280;75;1;75;;5;0;0;0;0;0
959;344;20220809;24;50;40;40;60;168;157.0;128;0;0;0;0;10278;75;0;77;;5;0;0;0;0;0
960;344;20220810;1;50;30;30;50;161;;125;0;0;0;0;10277;75;0;79;;5;0;0;0;0;0
961;344;20220810;2;50;30;30;50;146;;120;0;0;0;0;10275;70;0;84;;5;0;0;0;0;0
962;344;20220810;3;30;20;20;40;149;;124;0;0;0;0;10273;70;0;84;;5;0;0;0;0;0
963;344;20220810;4;20;20;20;30;144;;124;0;0;0;0;10271;70;0;87;;5;0;0;0;0;0
964;344;20220810;5;20;20;10;30;148;;125;2;5;0;0;10270;70;2;86;;5;0;0;0;0;0
965;344;20220810;6;50;20;30;40;167;121.0;129;10;40;0;0;10271;75;0;78;;5;0;0;0;0;0
966;344;20220810;7;60;30;30;50;189;;133;10;95;0;0;10272;75;3;70;;5;0;0;0;0;0
967;344;20220810;8;60;30;30;50;216;;138;9;143;0;0;10271;80;3;61;;5;0;0;0;0;0
968;344;20220810;9;50;40;40;60;235;;138;10;207;0;0;10270;80;2;55;;5;0;0;0;0;0
969;344;20220810;10;50;40;40;70;258;;132;10;249;0;0;10265;77;0;45;;5;0;0;0;0;0
970;344;20220810;11;70;50;50;80;272;;125;10;278;0;0;10260;82;0;40;;5;0;0;0;0;0
971;344;20220810;12;60;50;40;80;277;171.0;128;10;289;0;0;10255;80;0;39;;5;0;0;0;0;0
972;344;20220810;13;50;40;30;80;286;;120;10;284;0;0;10250;73;0;35;;5;0;0;0;0;0
973;344;20220810;14;60;40;40;90;288;;121;10;266;0;0;10244;81;0;35;;5;0;0;0;0;0
974;344;20220810;15;50;40;40;80;288;;134;10;227;0;0;10240;81;0;38;;5;0;0;0;0;0
975;344;20220810;16;40;40;50;80;283;;126;10;182;0;0;10238;82;0;37;;5;0;0;0;0;0
976;344;20220810;17;40;50;50;70;276;;134;10;126;0;0;10235;82;0;41;;5;0;0;0;0;0
977;344;20220810;18;40;50;50;80;264;261.0;129;10;72;0;0;10233;83;0;43;;5;0;0;0;0;0
978;344;20220810;19;40;40;40;80;244;;134;5;18;0;0;10233;83;0;50;;5;0;0;0;0;0
979;344;20220810;20;50;40;40;60;230;;144;0;0;0;0;10236;83;0;58;;5;0;0;0;0;0
980;344;20220810;21;50;40;30;50;216;;162;0;0;0;0;10235;75;0;71;;5;0;0;0;0;0
981;344;20220810;22;60;40;40;60;200;;171;0;0;0;0;10233;70;0;83;;5;0;0;0;0;0
982;344;20220810;23;50;30;30;50;193;;167;0;0;0;0;10232;70;0;84;;5;0;0;0;0;0
983;344;20220810;24;50;30;40;50;186;173.0;164;0;0;0;0;10232;70;0;87;;5;0;0;0;0;0
984;344;20220811;1;50;30;30;40;173;;157;0;0;0;0;10233;70;0;90;;5;0;0;0;0;0
985;344;20220811;2;30;20;10;30;174;;156;0;0;0;0;10231;70;0;89;;5;0;0;0;0;0
986;344;20220811;3;30;10;10;20;158;;149;0;0;0;0;10229;65;0;94;;5;0;0;0;0;0
987;344;20220811;4;40;10;10;20;159;;148;0;0;0;0;10228;65;0;93;;5;0;0;0;0;0
988;344;20220811;5;40;10;10;20;161;;145;2;5;0;0;10227;70;0;90;;5;0;0;0;0;0
989;344;20220811;6;40;20;20;30;185;90.0;150;10;39;0;0;10228;75;0;80;;5;0;0;0;0;0
990;344;20220811;7;70;20;20;40;208;;142;10;95;0;0;10229;79;0;66;;5;0;0;0;0;0
991;344;20220811;8;50;30;20;40;232;;138;10;155;0;0;10228;80;0;55;;5;0;0;0;0;0
992;344;20220811;9;60;30;30;40;258;;137;10;200;0;0;10228;80;0;47;;5;0;0;0;0;0
993;344;20220811;10;70;40;40;60;277;;125;10;242;0;0;10225;80;0;39;;5;0;0;0;0;0
994;344;20220811;11;80;40;40;70;295;;108;10;259;0;0;10220;81;0;31;;5;0;0;0;0;0
995;344;20220811;12;100;50;40;100;300;188.0;100;10;289;0;0;10218;80;0;28;;5;0;0;0;0;0
996;344;20220811;13;80;50;40;90;311;;98;10;285;0;0;10212;80;0;26;;5;0;0;0;0;0
997;344;20220811;14;110;50;50;90;309;;94;10;262;0;0;10208;81;0;26;;5;0;0;0;0;0
998;344;20220811;15;80;40;50;80;306;;98;10;220;0;0;10203;81;0;27;;5;0;0;0;0;0
999;344;20220811;16;60;40;50;80;302;;113;10;180;0;0;10200;82;0;31;;5;0;0;0;0;0
1000;344;20220811;17;50;50;60;80;292;;110;10;124;0;0;10197;82;0;32;;5;0;0;0;0;0
1001;344;20220811;18;50;50;50;80;280;276.0;117;10;70;0;0;10197;83;0;36;;5;0;0;0;0;0
1002;344;20220811;19;50;50;50;70;259;;124;5;17;0;0;10199;83;0;43;;5;0;0;0;0;0
1003;344;20220811;20;50;50;50;70;245;;147;0;0;0;0;10203;83;0;54;;5;0;0;0;0;0
1004;344;20220811;21;50;40;40;60;228;;160;0;0;0;0;10204;80;0;65;;5;0;0;0;0;0
1005;344;20220811;22;50;30;30;50;202;;159;0;0;0;0;10202;75;0;76;;5;0;0;0;0;0
1006;344;20220811;23;50;30;30;40;200;;154;0;0;0;0;10202;75;0;74;;5;0;0;0;0;0
1007;344;20220811;24;30;20;20;20;188;131.0;148;0;0;0;0;10203;75;0;77;;5;0;0;0;0;0
1008;344;20220812;1;40;10;10;20;180;;148;0;0;0;0;10202;70;0;81;;5;0;0;0;0;0
1009;344;20220812;2;40;10;20;20;170;;143;0;0;0;0;10200;70;0;84;;5;0;0;0;0;0
1010;344;20220812;3;40;10;10;20;168;;141;0;0;0;0;10198;70;0;84;;5;0;0;0;0;0
1011;344;20220812;4;50;10;20;30;166;;140;0;0;0;0;10194;70;0;84;;5;0;0;0;0;0
1012;344;20220812;5;40;20;10;30;169;;142;2;4;0;0;10195;70;0;83;;5;0;0;0;0;0
1013;344;20220812;6;50;20;20;30;194;114.0;156;10;38;0;0;10198;75;0;78;;5;0;0;0;0;0
1014;344;20220812;7;50;20;20;40;219;;154;10;91;0;0;10197;79;0;66;;5;0;0;0;0;0
1015;344;20220812;8;60;20;20;30;245;;145;10;147;0;0;10197;80;0;53;;5;0;0;0;0;0
1016;344;20220812;9;80;20;20;40;266;;144;10;195;0;0;10197;80;0;46;;5;0;0;0;0;0
1017;344;20220812;10;80;30;30;60;288;;122;10;240;0;0;10193;80;0;35;;5;0;0;0;0;0
1018;344;20220812;11;70;40;40;70;299;;111;10;271;0;0;10189;81;0;31;;5;0;0;0;0;0
1019;344;20220812;12;80;40;50;70;304;197.0;106;10;285;0;0;10184;81;0;29;;5;0;0;0;0;0
1020;344;20220812;13;80;50;50;80;314;;97;10;280;0;0;10179;80;0;26;;5;0;0;0;0;0
1021;344;20220812;14;90;50;50;80;310;;94;10;256;0;0;10176;81;0;26;;5;0;0;0;0;0
1022;344;20220812;15;70;40;40;70;313;;118;10;215;0;0;10170;82;0;30;;5;0;0;0;0;0
1023;344;20220812;16;60;40;40;80;308;;119;10;173;0;0;10166;81;0;31;;5;0;0;0;0;0
1024;344;20220812;17;60;40;40;70;301;;123;10;117;0;0;10164;81;0;33;;5;0;0;0;0;0
1025;344;20220812;18;50;50;40;80;288;284.0;121;10;66;0;0;10162;82;0;35;;5;0;0;0;0;0
1026;344;20220812;19;50;40;40;60;269;;127;5;15;0;0;10165;83;0;41;;5;0;0;0;0;0
1027;344;20220812;20;50;40;40;50;250;;135;0;0;0;0;10168;83;0;49;;5;0;0;0;0;0
1028;344;20220812;21;50;40;30;50;218;;153;0;0;0;0;10169;80;0;66;;5;0;0;0;0;0
1029;344;20220812;22;50;30;20;40;208;;164;0;0;0;0;10168;75;0;76;;5;0;0;0;0;0
1030;344;20220812;23;70;20;20;30;192;;164;0;0;0;0;10169;70;0;83;;5;0;0;0;0;0
1031;344;20220812;24;40;20;10;30;195;147.0;150;0;0;0;0;10168;75;0;75;;5;0;0;0;0;0
1032;344;20220813;1;40;10;10;30;179;;119;0;0;0;0;10166;80;0;67;;5;0;0;0;0;0
1033;344;20220813;2;30;10;20;20;171;;127;0;0;0;0;10167;75;0;75;;5;0;0;0;0;0
1034;344;20220813;3;40;10;20;20;165;;125;0;0;0;0;10167;75;0;77;;5;0;0;0;0;0
1035;344;20220813;4;60;10;10;20;155;;124;0;0;0;0;10167;67;0;81;;5;0;0;0;0;0
1036;344;20220813;5;50;10;20;20;166;;123;2;4;0;0;10166;75;0;75;;5;0;0;0;0;0
1037;344;20220813;6;90;20;20;40;202;89.0;122;10;38;0;0;10168;82;0;60;;5;0;0;0;0;0
1038;344;20220813;7;100;20;20;40;230;;115;10;91;0;0;10167;82;0;48;;5;0;0;0;0;0
1039;344;20220813;8;100;30;30;50;249;;110;10;148;0;0;10169;81;3;41;;5;0;0;0;0;0
1040;344;20220813;9;90;30;30;50;270;;113;10;196;0;0;10170;81;0;37;;5;0;0;0;0;0
1041;344;20220813;10;90;30;30;60;279;;116;10;246;0;0;10168;81;0;36;;5;0;0;0;0;0
1042;344;20220813;11;90;50;40;70;291;;107;10;275;0;0;10164;81;0;32;;5;0;0;0;0;0
1043;344;20220813;12;70;40;40;70;307;199.0;112;10;289;0;0;10161;82;0;29;;5;0;0;0;0;0
1044;344;20220813;13;70;30;30;70;310;;99;10;283;0;0;10156;82;0;27;;5;0;0;0;0;0
1045;344;20220813;14;120;30;30;80;312;;84;10;258;0;0;10151;82;0;24;;5;0;0;0;0;0
1046;344;20220813;15;70;40;40;70;312;;74;10;222;0;0;10145;82;0;22;;5;0;0;0;0;0
1047;344;20220813;16;100;40;50;70;310;;78;10;178;0;0;10140;83;0;23;;5;0;0;0;0;0
1048;344;20220813;17;90;40;30;70;302;;82;10;122;0;0;10135;82;0;25;;5;0;0;0;0;0
1049;344;20220813;18;90;40;40;70;283;280.0;104;10;67;0;0;10135;83;0;32;;5;0;0;0;0;0
1050;344;20220813;19;80;30;30;50;252;;111;5;14;0;0;10136;83;0;41;;5;0;0;0;0;0
1051;344;20220813;20;60;20;10;40;235;;114;0;0;0;0;10135;83;0;46;;5;0;0;0;0;0
1052;344;20220813;21;10;20;20;30;198;;136;0;0;0;0;10134;80;0;67;;5;0;0;0;0;0
1053;344;20220813;22;40;10;10;20;197;;146;0;0;0;0;10130;75;0;72;;5;0;0;0;0;0
1054;344;20220813;23;30;10;10;20;186;;152;0;0;0;0;10128;75;0;80;;5;0;0;0;0;0
1055;344;20220813;24;30;10;10;20;171;120.0;149;0;0;0;0;10121;70;1;86;;5;0;0;0;0;0
1056;344;20220814;1;20;10;20;20;168;;147;0;0;0;0;10114;70;1;87;;5;0;0;0;0;0
1057;344;20220814;2;40;10;10;20;170;;145;0;0;0;0;10110;70;0;85;;5;0;0;0;0;0
1058;344;20220814;3;50;10;10;20;167;;144;0;0;0;0;10104;70;0;86;;5;0;0;0;0;0
1059;344;20220814;4;80;10;20;20;176;;134;0;0;0;0;10102;75;3;76;;5;0;0;0;0;0
1060;344;20220814;5;70;20;20;30;178;;135;2;4;0;0;10099;75;8;75;;5;0;0;0;0;0
1061;344;20220814;6;90;20;20;40;203;106.0;137;10;36;0;0;10096;80;0;65;;5;0;0;0;0;0
1062;344;20220814;7;100;20;20;40;223;;134;10;89;0;0;10094;78;7;57;;5;0;0;0;0;0
1063;344;20220814;8;100;20;20;40;249;;138;10;145;0;0;10092;77;0;49;;5;0;0;0;0;0
1064;344;20220814;9;100;20;20;40;268;;136;10;194;0;0;10089;81;0;44;;5;0;0;0;0;0
1065;344;20220814;10;90;20;20;50;295;;132;10;243;0;0;10083;81;5;36;;5;0;0;0;0;0
1066;344;20220814;11;100;30;30;50;304;;138;10;272;0;0;10078;81;2;36;;5;0;0;0;0;0
1067;344;20220814;12;100;40;40;70;307;201.0;119;10;285;0;0;10074;79;1;31;;5;0;0;0;0;0
1068;344;20220814;13;100;40;30;80;311;;104;10;272;0;0;10068;80;8;28;;5;0;0;0;0;0
1069;344;20220814;14;110;40;40;80;308;;112;8;219;0;0;10062;81;7;29;;5;0;0;0;0;0
1070;344;20220814;15;100;40;40;70;310;;115;6;155;0;0;10057;82;7;30;;5;0;0;0;0;0
1071;344;20220814;16;90;40;40;60;303;;118;1;94;0;0;10052;82;7;32;;5;0;0;0;0;0
1072;344;20220814;17;70;40;30;60;296;;129;5;76;0;0;10049;82;8;35;;5;0;0;0;0;0
1073;344;20220814;18;70;30;30;50;277;268.0;140;2;34;0;0;10046;83;8;43;;5;0;0;0;0;0
1074;344;20220814;19;50;40;40;60;257;;146;2;9;0;0;10046;83;8;50;;5;0;0;0;0;0
1075;344;20220814;20;60;30;30;50;239;;148;0;0;0;0;10046;83;8;57;;5;0;0;0;0;0
1076;344;20220814;21;50;20;20;40;236;;159;0;0;0;0;10045;82;8;62;;5;0;0;0;0;0
1077;344;20220814;22;20;10;10;20;212;;171;0;0;0;0;10042;75;8;77;;5;0;0;0;0;0
1078;344;20220814;23;60;10;10;10;202;;175;0;0;0;0;10040;70;8;84;;5;0;0;0;0;0
1079;344;20220814;24;990;10;10;50;196;153.0;168;0;0;0;0;10038;70;8;84;;5;0;0;0;0;0
1080;344;20220815;1;260;10;20;30;190;;168;0;0;0;0;10035;70;8;87;;5;0;0;0;0;0
1081;344;20220815;2;240;20;20;40;207;;163;0;0;0;0;10033;75;8;76;91.0;7;0;0;0;1;0
1082;344;20220815;3;250;40;30;80;209;;161;0;0;0;-1;10030;75;8;73;26.0;7;0;1;0;1;0
1083;344;20220815;4;230;20;30;60;209;;164;0;0;0;-1;10030;75;8;75;23.0;7;0;1;0;0;0
1084;344;20220815;5;260;30;30;60;209;;143;0;1;0;0;10031;80;8;65;;5;0;0;0;0;0
1085;344;20220815;6;250;40;30;60;215;161.0;152;0;10;0;0;10033;80;8;67;26.0;7;0;0;0;1;0
1086;344;20220815;7;210;30;40;60;213;;153;0;24;0;0;10033;80;8;68;;5;0;0;0;0;0
1087;344;20220815;8;210;30;20;60;210;;177;0;35;0;-1;10032;70;8;81;92.0;7;0;1;0;1;0
1088;344;20220815;9;220;30;30;50;217;;179;0;48;0;-1;10037;67;8;79;26.0;7;0;1;0;1;0
1089;344;20220815;10;230;50;50;80;233;;173;0;110;0;0;10039;71;8;69;;5;0;0;0;0;0
1090;344;20220815;11;230;50;50;80;242;;167;1;139;0;0;10038;76;8;63;;5;0;0;0;0;0
1091;344;20220815;12;240;40;40;100;239;201.0;171;0;84;0;0;10042;72;8;65;2.0;7;0;0;0;0;0
1092;344;20220815;13;280;30;20;60;243;;175;0;79;0;0;10042;67;8;66;;5;0;0;0;0;0
1093;344;20220815;14;320;20;20;40;244;;184;0;96;0;0;10041;66;8;69;;5;0;0;0;0;0
1094;344;20220815;15;990;10;10;30;253;;180;0;97;0;0;10039;65;8;64;;5;0;0;0;0;0
1095;344;20220815;16;310;20;20;30;256;;187;3;93;0;0;10037;65;8;65;;5;0;0;0;0;0
1096;344;20220815;17;170;30;20;70;210;;188;1;27;9;99;10040;36;8;87;92.0;7;0;1;0;1;0
1097;344;20220815;18;990;20;10;80;203;195.0;178;3;19;3;11;10046;70;8;85;26.0;7;0;1;0;1;0
1098;344;20220815;19;90;10;10;30;196;;186;5;12;0;0;10049;60;8;93;26.0;7;0;0;0;1;0
1099;344;20220815;20;70;20;20;30;182;;171;0;0;0;0;10054;65;2;93;;5;0;0;0;0;0
1100;344;20220815;21;170;20;20;40;203;;183;0;0;0;0;10055;68;8;88;3.0;7;0;0;0;0;0
1101;344;20220815;22;160;20;20;40;190;;180;0;0;0;0;10056;58;8;93;10.0;7;0;0;0;0;0
1102;344;20220815;23;160;20;20;30;190;;176;0;0;0;0;10057;59;8;91;10.0;7;0;0;0;0;0
1103;344;20220815;24;190;20;20;30;182;146.0;176;0;0;0;0;10056;57;1;96;10.0;7;0;0;0;0;0
1104;344;20220816;1;200;20;20;40;186;;164;0;0;0;0;10058;67;2;86;;5;0;0;0;0;0
1105;344;20220816;2;200;20;30;40;188;;169;0;0;0;0;10056;61;8;88;;5;0;0;0;0;0
1106;344;20220816;3;180;20;20;40;170;;165;0;0;0;0;10057;58;3;96;10.0;7;0;0;0;0;0
1107;344;20220816;4;210;20;20;40;178;;163;0;0;0;0;10057;58;3;91;10.0;7;0;0;0;0;0
1108;344;20220816;5;210;30;20;40;175;;160;0;2;0;0;10061;57;6;90;10.0;7;0;0;0;0;0
1109;344;20220816;6;220;20;30;40;195;140.0;174;7;32;0;0;10064;57;8;87;10.0;7;0;0;0;0;0
1110;344;20220816;7;220;30;30;60;205;;183;8;78;0;0;10066;56;4;87;10.0;7;0;0;0;0;0
1111;344;20220816;8;220;40;30;60;216;;187;7;121;0;0;10072;56;8;83;10.0;7;0;0;0;0;0
1112;344;20220816;9;220;30;40;60;227;;181;8;182;0;0;10077;60;8;75;;5;0;0;0;0;0
1113;344;20220816;10;210;40;40;60;241;;181;7;204;0;0;10079;62;8;69;;5;0;0;0;0;0
1114;344;20220816;11;240;40;40;70;248;;185;1;149;0;0;10083;64;8;68;;5;0;0;0;0;0
1115;344;20220816;12;220;40;40;90;251;193.0;170;3;193;0;0;10086;65;8;60;;5;0;0;0;0;0
1116;344;20220816;13;260;40;40;60;257;;169;3;177;0;0;10089;69;8;58;;5;0;0;0;0;0
1117;344;20220816;14;270;30;30;60;252;;171;2;156;0;0;10090;73;8;60;;5;0;0;0;0;0
1118;344;20220816;15;270;30;40;50;251;;169;0;97;0;0;10092;72;8;60;;5;0;0;0;0;0
1119;344;20220816;16;290;30;30;60;243;;157;0;78;0;0;10094;80;8;58;;5;0;0;0;0;0
1120;344;20220816;17;320;20;10;40;235;;170;0;46;0;0;10094;73;8;66;;5;0;0;0;0;0
1121;344;20220816;18;10;10;20;30;230;224.0;169;0;21;0;0;10091;67;8;68;;5;0;0;0;0;0
1122;344;20220816;19;20;20;20;30;215;;171;0;8;0;0;10094;67;8;76;;5;0;0;0;0;0
1123;344;20220816;20;50;20;20;40;204;;166;0;0;0;0;10101;66;8;78;;5;0;0;0;0;0
1124;344;20220816;21;40;20;20;30;199;;170;0;0;0;0;10103;60;8;83;;5;0;0;0;0;0
1125;344;20220816;22;360;10;10;20;182;;172;0;0;0;0;10105;56;8;93;10.0;7;0;0;0;0;0
1126;344;20220816;23;60;20;20;30;180;;165;0;0;0;0;10103;58;8;90;10.0;7;0;0;0;0;0
1127;344;20220816;24;40;10;10;20;187;160.0;168;0;0;0;0;10100;57;8;88;10.0;7;0;0;0;0;0
1128;344;20220817;1;70;20;40;50;190;;181;0;0;3;16;10094;41;8;94;23.0;7;0;1;0;0;0
1129;344;20220817;2;300;50;40;120;189;;169;0;0;1;1;10107;58;8;88;92.0;7;0;1;0;1;0
1130;344;20220817;3;10;40;30;70;184;;172;0;0;2;1;10106;58;8;92;26.0;7;0;1;0;1;0
1131;344;20220817;4;60;30;30;50;182;;172;0;0;2;8;10100;57;8;93;82.0;7;0;1;0;1;0
1132;344;20220817;5;10;20;30;60;185;;176;0;0;8;6;10098;56;8;94;81.0;7;0;1;0;0;0
1133;344;20220817;6;350;30;20;60;187;163.0;178;0;7;9;3;10104;57;8;94;51.0;7;0;1;0;0;0
1134;344;20220817;7;360;30;20;60;194;;182;0;28;8;6;10108;59;8;92;51.0;7;0;1;0;0;0
1135;344;20220817;8;360;20;10;40;193;;186;0;16;8;50;10110;58;8;95;51.0;7;0;1;0;0;0
1136;344;20220817;9;990;20;10;40;199;;184;0;39;0;-1;10117;62;8;91;22.0;7;0;1;0;0;0
1137;344;20220817;10;350;30;30;50;199;;181;0;55;0;-1;10118;65;8;89;81.0;7;0;1;0;0;0
1138;344;20220817;11;60;30;30;50;205;;176;0;63;0;-1;10118;70;8;83;81.0;7;0;1;0;0;0
1139;344;20220817;12;70;50;40;80;200;183.0;185;0;45;5;1;10120;60;8;90;61.0;7;0;1;0;0;0
1140;344;20220817;13;40;40;40;60;198;;188;0;31;10;19;10118;56;8;93;62.0;7;0;1;0;0;0
1141;344;20220817;14;40;40;40;60;205;;191;0;80;9;3;10116;59;8;91;51.0;7;0;1;0;0;0
1142;344;20220817;15;50;50;50;70;204;;177;0;87;0;-1;10117;63;8;84;23.0;7;0;1;0;0;0
1143;344;20220817;16;20;30;20;70;203;;173;0;40;0;0;10118;67;8;82;;5;0;0;0;0;0
1144;344;20220817;17;340;20;20;40;200;;175;0;14;0;-1;10120;66;8;85;81.0;7;0;1;0;0;0
1145;344;20220817;18;340;20;20;40;191;188.0;181;0;4;8;3;10123;58;8;94;61.0;7;0;1;0;0;0
1146;344;20220817;19;330;20;10;30;191;;181;0;1;0;-1;10124;63;8;93;23.0;7;0;1;0;0;0
1147;344;20220817;20;360;20;30;40;192;;175;0;0;0;-1;10127;67;8;89;23.0;7;0;1;0;0;0
1148;344;20220817;21;0;10;0;40;185;;171;0;0;0;0;10131;65;4;91;1.0;7;0;0;0;0;0
1149;344;20220817;22;310;20;20;40;169;;160;0;0;0;0;10131;65;4;94;;5;0;0;0;0;0
1150;344;20220817;23;350;20;20;30;175;;164;0;0;0;0;10133;65;8;93;;5;0;0;0;0;0
1151;344;20220817;24;330;10;10;30;175;152.0;167;0;0;0;0;10135;62;8;94;2.0;7;0;0;0;0;0
1152;344;20220818;1;310;20;20;30;173;;166;0;0;0;0;10134;64;5;96;;5;0;0;0;0;0
1153;344;20220818;2;170;10;10;30;164;;161;0;0;0;0;10136;42;1;98;10.0;7;0;0;0;0;0
1154;344;20220818;3;0;0;0;10;159;;156;0;0;0;0;10137;20;1;98;20.0;7;1;0;0;0;0
1155;344;20220818;4;0;10;0;10;162;;162;0;0;0;0;10138;6;3;99;34.0;7;1;0;0;0;0
1156;344;20220818;5;310;10;10;30;159;;156;0;1;0;0;10136;33;2;98;20.0;7;1;0;0;0;0
1157;344;20220818;6;230;10;10;20;181;127.0;161;3;24;0;0;10137;56;0;88;10.0;7;0;0;0;0;0
1158;344;20220818;7;290;10;20;20;202;;164;7;78;0;0;10139;71;0;79;;5;0;0;0;0;0
1159;344;20220818;8;320;10;10;30;213;;169;4;95;0;0;10143;74;7;76;;5;0;0;0;0;0
1160;344;20220818;9;360;20;30;50;213;;171;5;109;0;0;10142;75;2;77;;5;0;0;0;0;0
1161;344;20220818;10;350;30;30;50;230;;172;6;156;0;0;10142;80;5;69;;5;0;0;0;0;0
1162;344;20220818;11;360;30;30;50;226;;169;2;156;0;0;10141;75;5;70;;5;0;0;0;0;0
1163;344;20220818;12;350;30;30;50;242;183.0;162;7;225;0;0;10136;80;7;60;;5;0;0;0;0;0
1164;344;20220818;13;330;20;20;50;253;;161;10;297;0;0;10135;80;4;56;;5;0;0;0;0;0
1165;344;20220818;14;280;20;20;50;252;;162;7;235;0;0;10138;82;8;57;;5;0;0;0;0;0
1166;344;20220818;15;340;40;40;70;233;;169;3;140;0;0;10139;80;8;67;;5;0;0;0;0;0
1167;344;20220818;16;360;40;30;60;238;;169;8;157;0;0;10137;80;0;65;;5;0;0;0;0;0
1168;344;20220818;17;340;30;30;50;231;;165;10;110;0;0;10135;80;0;66;;5;0;0;0;0;0
1169;344;20220818;18;360;20;10;40;227;225.0;162;10;57;0;0;10135;80;1;66;;5;0;0;0;0;0
1170;344;20220818;19;330;20;10;30;205;;167;3;10;0;0;10135;75;0;78;;5;0;0;0;0;0
1171;344;20220818;20;320;10;10;20;190;;167;0;0;0;0;10134;70;0;86;;5;0;0;0;0;0
1172;344;20220818;21;280;10;10;20;181;;168;0;0;0;0;10136;65;0;91;;5;0;0;0;0;0
1173;344;20220818;22;0;10;0;10;170;;166;0;0;0;0;10135;65;0;97;;5;0;0;0;0;0
1174;344;20220818;23;0;0;0;10;163;;160;0;0;0;0;10138;59;0;98;10.0;7;0;0;0;0;0
1175;344;20220818;24;230;10;10;10;159;125.0;156;0;0;0;0;10135;59;1;98;10.0;7;0;0;0;0;0
1176;344;20220819;1;170;10;10;20;158;;153;0;0;0;0;10137;65;0;97;;5;0;0;0;0;0
1177;344;20220819;2;170;10;10;20;160;;155;0;0;0;0;10136;63;1;97;;5;0;0;0;0;0
1178;344;20220819;3;210;20;20;40;167;;162;0;0;0;0;10133;50;1;96;10.0;7;0;0;0;0;0
1179;344;20220819;4;210;20;20;40;160;;154;0;0;0;0;10133;38;2;96;10.0;7;0;0;0;0;0
1180;344;20220819;5;220;40;30;60;181;;173;0;1;0;0;10134;41;8;94;10.0;7;0;0;0;0;0
1181;344;20220819;6;210;40;40;70;188;114.0;175;0;21;0;0;10135;50;8;92;10.0;7;0;0;0;0;0
1182;344;20220819;7;220;40;40;60;195;;180;6;64;0;0;10135;56;8;90;10.0;7;0;0;0;0;0
1183;344;20220819;8;230;30;30;60;203;;182;1;58;0;0;10138;59;8;87;10.0;7;0;0;0;0;0
1184;344;20220819;9;240;30;30;60;216;;178;0;73;0;0;10141;69;8;78;;5;0;0;0;0;0
1185;344;20220819;10;260;40;40;70;225;;178;2;79;0;0;10143;75;8;74;;5;0;0;0;0;0
1186;344;20220819;11;260;40;30;60;225;;178;1;103;0;0;10143;75;8;75;;5;0;0;0;0;0
1187;344;20220819;12;270;30;40;50;231;187.0;179;1;100;0;0;10142;75;8;72;;5;0;0;0;0;0
1188;344;20220819;13;230;30;40;60;242;;183;3;155;0;-1;10141;80;8;69;23.0;7;0;1;0;0;0
1189;344;20220819;14;270;40;40;70;229;;176;2;135;0;0;10140;75;8;71;;5;0;0;0;0;0
1190;344;20220819;15;240;40;30;80;222;;189;0;52;0;-1;10139;70;8;81;51.0;7;0;1;0;0;0
1191;344;20220819;16;280;40;30;80;207;;194;0;49;2;2;10144;65;8;92;51.0;7;0;1;0;0;0
1192;344;20220819;17;270;30;30;50;216;;187;5;84;0;-1;10142;70;8;83;22.0;7;0;1;0;0;0
1193;344;20220819;18;250;30;30;50;206;200.0;181;0;24;0;0;10145;70;8;85;2.0;7;0;0;0;0;0
1194;344;20220819;19;260;20;10;50;204;;180;3;9;0;0;10151;70;8;86;;5;0;0;0;0;0
1195;344;20220819;20;260;10;10;30;200;;183;0;0;0;-1;10154;69;8;90;23.0;7;0;1;0;0;0
1196;344;20220819;21;260;10;10;20;200;;182;0;0;0;-1;10153;70;8;89;22.0;7;0;1;0;0;0
1197;344;20220819;22;240;20;10;50;192;;170;0;0;0;-1;10153;70;8;87;22.0;7;0;1;0;0;0
1198;344;20220819;23;300;10;10;10;185;;171;0;0;0;0;10154;65;6;91;;5;0;0;0;0;0
1199;344;20220819;24;270;10;10;10;176;152.0;171;0;0;0;0;10155;63;8;97;3.0;7;0;0;0;0;0
1200;344;20220820;1;360;20;20;40;183;;169;0;0;0;0;10156;65;8;91;;5;0;0;0;0;0
1201;344;20220820;2;20;20;10;30;178;;155;0;0;0;0;10159;70;6;86;;5;0;0;0;0;0
1202;344;20220820;3;310;10;10;20;160;;155;0;0;0;0;10159;60;6;97;;5;0;0;0;0;0
1203;344;20220820;4;280;10;10;20;146;;145;0;0;0;0;10160;1;0;99;34.0;7;1;0;0;0;0
1204;344;20220820;5;0;10;0;10;140;;137;0;1;0;0;10164;14;0;98;20.0;7;1;0;0;0;0
1205;344;20220820;6;250;10;10;20;156;94.0;137;7;28;0;0;10169;58;0;88;20.0;7;1;0;0;0;0
1206;344;20220820;7;270;10;10;20;191;;137;7;76;0;0;10171;75;0;71;;5;0;0;0;0;0
1207;344;20220820;8;280;20;20;30;210;;126;10;143;0;0;10174;80;0;58;;5;0;0;0;0;0
1208;344;20220820;9;270;20;30;50;219;;134;10;193;0;0;10176;79;0;58;;5;0;0;0;0;0
1209;344;20220820;10;270;30;40;60;217;;114;6;169;0;0;10175;81;8;51;;5;0;0;0;0;0
1210;344;20220820;11;230;40;40;80;227;;117;5;197;0;0;10174;81;5;49;;5;0;0;0;0;0
1211;344;20220820;12;260;50;60;90;230;162.0;133;7;236;0;0;10176;80;8;54;;5;0;0;0;0;0
1212;344;20220820;13;260;50;50;90;216;;131;8;239;0;0;10179;81;2;58;;5;0;0;0;0;0
1213;344;20220820;14;270;60;60;90;222;;131;5;161;0;0;10178;80;8;56;;5;0;0;0;0;0
1214;344;20220820;15;270;50;50;90;214;;134;10;192;0;0;10177;81;5;60;;5;0;0;0;0;0
1215;344;20220820;16;260;50;50;90;212;;126;10;150;0;0;10178;81;1;57;;5;0;0;0;0;0
1216;344;20220820;17;260;50;40;80;208;;118;10;115;0;0;10177;82;0;56;;5;0;0;0;0;0
1217;344;20220820;18;270;30;30;60;200;195.0;130;10;57;0;0;10176;83;0;64;;5;0;0;0;0;0
1218;344;20220820;19;260;20;20;50;181;;129;3;9;0;0;10177;75;0;71;;5;0;0;0;0;0
1219;344;20220820;20;230;20;20;30;166;;128;0;0;0;0;10176;75;0;78;;5;0;0;0;0;0
1220;344;20220820;21;170;20;10;30;159;;132;0;0;0;0;10173;70;0;84;;5;0;0;0;0;0
1221;344;20220820;22;200;20;20;30;148;;130;0;0;0;0;10173;70;1;89;;5;0;0;0;0;0
1222;344;20220820;23;210;20;30;40;158;;135;0;0;0;0;10171;70;0;86;;5;0;0;0;0;0
1223;344;20220820;24;220;30;30;50;165;98.0;141;0;0;0;0;10168;70;1;85;;5;0;0;0;0;0
1224;344;20220821;1;220;30;30;50;158;;133;0;0;0;0;10166;70;0;84;;5;0;0;0;0;0
1225;344;20220821;2;190;30;20;40;157;;133;0;0;0;0;10164;69;0;85;;5;0;0;0;0;0
1226;344;20220821;3;190;30;30;50;160;;136;0;0;0;0;10161;70;1;85;;5;0;0;0;0;0
1227;344;20220821;4;190;30;30;50;157;;138;0;0;0;0;10158;70;1;88;;5;0;0;0;0;0
1228;344;20220821;5;200;40;40;60;156;;141;0;2;0;0;10162;70;1;90;;5;0;0;0;0;0
1229;344;20220821;6;200;30;30;80;168;118.0;147;8;27;0;0;10162;67;0;87;;5;0;0;0;0;0
1230;344;20220821;7;200;40;50;70;182;;155;10;79;0;0;10161;68;8;84;;5;0;0;0;0;0
1231;344;20220821;8;220;50;50;80;200;;158;10;138;0;0;10162;72;2;76;;5;0;0;0;0;0
1232;344;20220821;9;210;50;60;90;216;;153;10;181;0;0;10159;80;8;67;;5;0;0;0;0;0
1233;344;20220821;10;250;50;50;90;219;;150;9;208;0;0;10161;80;7;64;;5;0;0;0;0;0
1234;344;20220821;11;230;50;60;80;216;;134;6;180;0;0;10160;76;7;59;;5;0;0;0;0;0
1235;344;20220821;12;270;50;50;80;223;169.0;119;5;171;0;0;10162;77;6;51;;5;0;0;0;0;0
1236;344;20220821;13;250;50;60;100;227;;133;8;195;0;0;10164;80;6;55;;5;0;0;0;0;0
1237;344;20220821;14;260;50;50;80;216;;121;5;172;0;0;10166;81;8;54;;5;0;0;0;0;0
1238;344;20220821;15;300;40;40;70;209;;149;0;113;0;0;10165;80;8;68;;5;0;0;0;0;0
1239;344;20220821;16;290;30;20;60;212;;145;6;127;0;0;10165;80;8;65;;5;0;0;0;0;0
1240;344;20220821;17;290;10;10;40;203;;145;0;43;0;0;10164;80;8;68;;5;0;0;0;0;0
1241;344;20220821;18;300;20;10;30;198;191.0;148;2;21;0;0;10163;75;8;72;;5;0;0;0;0;0
1242;344;20220821;19;320;10;10;20;188;;146;0;3;0;0;10164;75;8;76;;5;0;0;0;0;0
1243;344;20220821;20;0;10;0;10;173;;148;0;0;0;0;10166;70;8;85;;5;0;0;0;0;0
1244;344;20220821;21;20;10;10;10;172;;155;0;0;0;0;10167;70;8;89;;5;0;0;0;0;0
1245;344;20220821;22;70;10;10;20;172;;146;0;0;0;0;10167;70;8;85;;5;0;0;0;0;0
1246;344;20220821;23;340;10;10;10;172;;152;0;0;0;0;10167;70;8;87;;5;0;0;0;0;0
1247;344;20220821;24;60;20;10;30;172;141.0;143;0;0;0;0;10165;70;8;83;;5;0;0;0;0;0
1248;344;20220822;1;50;10;10;20;169;;146;0;0;0;0;10164;70;8;86;;5;0;0;0;0;0
1249;344;20220822;2;20;10;20;20;170;;150;0;0;0;-1;10165;70;8;87;23.0;7;0;1;0;0;0
1250;344;20220822;3;50;20;20;30;166;;149;0;0;0;0;10163;70;8;89;2.0;7;0;0;0;0;0
1251;344;20220822;4;70;20;10;30;156;;144;0;0;0;0;10159;65;8;92;;5;0;0;0;0;0
1252;344;20220822;5;50;10;10;20;155;;145;0;1;0;0;10163;65;8;93;;5;0;0;0;0;0
1253;344;20220822;6;50;10;10;20;164;120.0;146;0;13;0;0;10166;70;1;88;1.0;7;0;0;0;0;0
1254;344;20220822;7;80;20;20;40;188;;151;5;63;0;0;10165;74;0;78;;5;0;0;0;0;0
1255;344;20220822;8;90;30;20;40;209;;154;10;133;0;0;10163;74;0;70;;5;0;0;0;0;0
1256;344;20220822;9;130;20;30;40;225;;142;10;185;0;0;10161;80;1;59;;5;0;0;0;0;0
1257;344;20220822;10;110;40;40;60;224;;136;10;215;0;0;10156;78;1;57;;5;0;0;0;0;0
1258;344;20220822;11;150;30;30;70;241;;135;10;257;0;0;10156;79;4;51;;5;0;0;0;0;0
1259;344;20220822;12;120;30;20;70;234;154.0;128;10;264;0;0;10154;80;2;51;;5;0;0;0;0;0
1260;344;20220822;13;60;30;30;70;247;;130;9;225;0;0;10149;76;3;48;;5;0;0;0;0;0
1261;344;20220822;14;70;40;40;60;256;;121;7;183;0;0;10144;80;8;42;;5;0;0;0;0;0
1262;344;20220822;15;100;20;20;50;250;;126;4;122;0;0;10142;81;6;46;;5;0;0;0;0;0
1263;344;20220822;16;110;30;20;50;255;;133;5;87;0;0;10137;80;0;46;;5;0;0;0;0;0
1264;344;20220822;17;90;40;40;60;249;;122;10;98;0;0;10135;82;0;45;;5;0;0;0;0;0
1265;344;20220822;18;90;40;40;60;240;226.0;118;10;46;0;0;10136;82;0;46;;5;0;0;0;0;0
1266;344;20220822;19;100;30;30;50;224;;131;3;6;0;0;10139;81;0;55;;5;0;0;0;0;0
1267;344;20220822;20;100;30;30;40;216;;128;0;0;0;0;10140;82;1;57;;5;0;0;0;0;0
1268;344;20220822;21;90;20;20;40;193;;131;0;0;0;0;10140;80;6;67;;5;0;0;0;0;0
1269;344;20220822;22;80;20;10;30;182;;132;0;0;0;0;10140;74;1;72;;5;0;0;0;0;0
1270;344;20220822;23;100;20;20;30;174;;129;0;0;0;0;10140;75;3;74;;5;0;0;0;0;0
1271;344;20220822;24;250;10;10;30;172;126.0;142;0;0;0;0;10141;70;1;82;;5;0;0;0;0;0
1272;344;20220823;1;110;10;10;20;166;;136;0;0;0;0;10140;70;8;82;;5;0;0;0;0;0
1273;344;20220823;2;0;10;0;10;175;;144;0;0;0;0;10138;70;8;82;;5;0;0;0;0;0
1274;344;20220823;3;90;10;10;10;175;;153;0;0;0;0;10140;70;8;86;;5;0;0;0;0;0
1275;344;20220823;4;0;10;0;40;172;;153;0;0;0;0;10141;70;7;88;;5;0;0;0;0;0
1276;344;20220823;5;0;0;0;10;168;;150;0;1;0;0;10144;70;2;89;;5;0;0;0;0;0
1277;344;20220823;6;200;10;10;20;183;124.0;166;2;18;0;0;10148;70;1;89;;5;0;0;0;0;0
1278;344;20220823;7;240;10;20;30;227;;169;10;90;0;0;10148;80;6;69;;5;0;0;0;0;0
1279;344;20220823;8;280;20;30;50;236;;167;9;157;0;0;10152;80;8;65;;5;0;0;0;0;0
1280;344;20220823;9;280;20;20;50;236;;168;6;160;0;0;10156;80;8;65;;5;0;0;0;0;0
1281;344;20220823;10;180;20;40;60;258;;157;5;189;0;0;10156;80;8;53;;5;0;0;0;0;0
1282;344;20220823;11;190;40;40;80;261;;159;10;264;0;0;10155;80;3;53;;5;0;0;0;0;0
1283;344;20220823;12;200;40;40;110;269;179.0;162;7;228;0;0;10156;81;8;51;;5;0;0;0;0;0
1284;344;20220823;13;270;50;40;100;255;;186;3;150;0;0;10157;76;6;65;;5;0;0;0;0;0
1285;344;20220823;14;230;30;40;80;273;;168;10;215;0;0;10155;80;5;52;;5;0;0;0;0;0
1286;344;20220823;15;260;40;50;70;260;;177;7;159;0;0;10157;80;4;60;;5;0;0;0;0;0
1287;344;20220823;16;280;30;20;70;258;;181;9;139;0;0;10155;80;1;62;;5;0;0;0;0;0
1288;344;20220823;17;270;30;30;50;254;;183;10;112;0;0;10156;80;1;65;;5;0;0;0;0;0
1289;344;20220823;18;280;30;30;50;231;226.0;184;8;43;0;0;10162;75;0;75;;5;0;0;0;0;0
1290;344;20220823;19;260;30;20;60;216;;169;0;3;0;0;10168;75;1;74;;5;0;0;0;0;0
1291;344;20220823;20;230;20;20;30;206;;172;0;0;0;0;10172;75;6;80;;5;0;0;0;0;0
1292;344;20220823;21;230;10;10;20;191;;172;0;0;0;0;10174;70;5;89;;5;0;0;0;0;0
1293;344;20220823;22;0;10;0;20;190;;173;0;0;0;0;10173;70;0;89;;5;0;0;0;0;0
1294;344;20220823;23;130;10;10;20;175;;165;0;0;0;0;10174;65;0;93;;5;0;0;0;0;0
1295;344;20220823;24;160;10;20;30;184;145.0;171;0;0;0;0;10174;65;0;92;;5;0;0;0;0;0
1296;344;20220824;1;160;20;20;30;183;;173;0;0;0;0;10173;65;8;93;;5;0;0;0;0;0
1297;344;20220824;2;230;10;10;30;182;;175;0;0;0;0;10175;65;7;95;;5;0;0;0;0;0
1298;344;20220824;3;200;10;20;20;182;;173;0;0;0;0;10175;65;8;94;;5;0;0;0;0;0
1299;344;20220824;4;190;10;10;20;181;;177;0;0;0;0;10175;65;4;97;;5;0;0;0;0;0
1300;344;20220824;5;160;20;20;30;184;;175;0;1;0;0;10177;65;7;94;;5;0;0;0;0;0
1301;344;20220824;6;180;10;20;30;210;137.0;184;3;23;0;0;10179;70;1;85;;5;0;0;0;0;0
1302;344;20220824;7;200;20;20;40;229;;188;10;76;0;0;10180;75;0;77;;5;0;0;0;0;0
1303;344;20220824;8;210;30;30;50;244;;183;10;132;0;0;10183;80;0;68;;5;0;0;0;0;0
1304;344;20220824;9;170;30;30;60;258;;182;10;183;0;0;10185;79;1;62;;5;0;0;0;0;0
1305;344;20220824;10;210;30;30;70;272;;180;10;229;0;0;10186;81;0;57;;5;0;0;0;0;0
1306;344;20220824;11;200;30;20;60;276;;182;5;186;0;0;10184;82;8;56;;5;0;0;0;0;0
1307;344;20220824;12;170;20;20;70;279;200.0;171;7;244;0;0;10182;81;8;52;;5;0;0;0;0;0
1308;344;20220824;13;290;20;30;40;266;;194;0;84;0;0;10183;79;8;64;;5;0;0;0;0;0
1309;344;20220824;14;340;20;20;30;277;;180;1;122;0;0;10180;82;8;55;;5;0;0;0;0;0
1310;344;20220824;15;360;30;40;50;276;;197;9;189;0;0;10177;81;8;62;;5;0;0;0;0;0
1311;344;20220824;16;10;30;30;60;270;;194;3;99;0;0;10176;82;8;63;;5;0;0;0;0;0
1312;344;20220824;17;40;30;30;50;263;;189;3;47;0;0;10173;83;8;63;;5;0;0;0;0;0
1313;344;20220824;18;20;30;30;60;255;242.0;195;2;19;0;0;10174;80;8;69;;5;0;0;0;0;0
1314;344;20220824;19;40;30;30;50;245;;198;2;8;0;0;10177;75;8;75;;5;0;0;0;0;0
1315;344;20220824;20;50;30;40;60;234;;201;0;0;0;0;10179;70;8;81;;5;0;0;0;0;0
1316;344;20220824;21;50;40;40;60;227;;200;0;0;0;0;10179;67;4;84;;5;0;0;0;0;0
1317;344;20220824;22;50;30;30;50;218;;201;0;0;0;0;10177;65;2;90;;5;0;0;0;0;0
1318;344;20220824;23;50;20;20;40;215;;202;0;0;0;0;10175;59;0;92;10.0;7;0;0;0;0;0
1319;344;20220824;24;40;20;10;30;209;186.0;202;0;0;0;0;10171;50;1;96;10.0;7;0;0;0;0;0
1320;344;20220825;1;50;10;10;20;203;;200;0;0;0;0;10167;38;1;98;10.0;7;0;0;0;0;0
1321;344;20220825;2;70;10;20;20;194;;191;0;0;0;0;10163;50;1;98;10.0;7;0;0;0;0;0
1322;344;20220825;3;50;20;20;20;197;;189;0;0;0;0;10158;56;0;95;10.0;7;0;0;0;0;0
1323;344;20220825;4;40;20;10;30;191;;178;0;0;0;0;10153;65;0;92;;5;0;0;0;0;0
1324;344;20220825;5;100;20;30;40;194;;171;0;1;0;0;10152;69;1;86;;5;0;0;0;0;0
1325;344;20220825;6;100;20;20;40;203;155.0;172;3;16;0;0;10153;70;8;82;;5;0;0;0;0;0
1326;344;20220825;7;120;20;30;40;225;;166;3;58;0;0;10152;75;8;69;;5;0;0;0;0;0
1327;344;20220825;8;140;20;20;50;254;;150;7;100;0;0;10151;80;3;52;;5;0;0;0;0;0
1328;344;20220825;9;160;30;40;60;278;;143;7;159;0;0;10152;81;8;43;;5;0;0;0;0;0
1329;344;20220825;10;150;40;40;80;295;;136;8;213;0;0;10151;80;8;37;;5;0;0;0;0;0
1330;344;20220825;11;170;30;30;70;306;;139;10;251;0;0;10145;81;7;36;;5;0;0;0;0;0
1331;344;20220825;12;230;30;30;80;314;192.0;135;5;202;0;0;10143;80;6;33;;5;0;0;0;0;0
1332;344;20220825;13;280;30;40;70;308;;153;10;251;0;0;10142;81;5;38;;5;0;0;0;0;0
1333;344;20220825;14;280;40;40;70;298;;159;9;209;0;0;10140;77;2;43;;5;0;0;0;0;0
1334;344;20220825;15;280;40;50;80;264;;202;8;182;0;0;10140;66;7;68;;5;0;0;0;0;0
1335;344;20220825;16;310;40;50;70;237;;201;3;85;0;0;10142;60;8;80;;5;0;0;0;0;0
1336;344;20220825;17;320;30;30;60;235;;197;7;68;0;0;10140;61;8;79;;5;0;0;0;0;0
1337;344;20220825;18;320;30;40;70;218;214.0;195;0;22;0;0;10144;63;8;86;;5;0;0;0;0;0
1338;344;20220825;19;330;40;40;70;204;;190;0;4;0;0;10151;63;8;91;;5;0;0;0;0;0
1339;344;20220825;20;330;40;30;80;203;;186;0;0;0;0;10158;66;8;90;;5;0;0;0;0;0
1340;344;20220825;21;330;50;50;90;203;;182;0;0;0;0;10161;70;8;87;;5;0;0;0;0;0
1341;344;20220825;22;330;60;50;110;200;;177;0;0;0;0;10164;70;8;86;;5;0;0;0;0;0
1342;344;20220825;23;340;50;50;90;199;;173;0;0;0;0;10165;70;8;85;;5;0;0;0;0;0
1343;344;20220825;24;340;50;40;90;197;192.0;172;0;0;0;0;10165;70;8;85;;5;0;0;0;0;0
1344;344;20220826;1;340;40;30;70;195;;174;0;0;0;0;10166;70;8;87;;5;0;0;0;0;0
1345;344;20220826;2;340;30;30;60;192;;168;0;0;0;0;10166;70;8;86;;5;0;0;0;0;0
1346;344;20220826;3;330;30;30;60;190;;164;0;0;0;0;10167;70;8;84;;5;0;0;0;0;0
1347;344;20220826;4;340;30;30;50;192;;166;0;0;0;0;10164;70;8;84;;5;0;0;0;0;0
1348;344;20220826;5;340;30;40;60;192;;169;0;0;0;-1;10166;70;8;86;23.0;7;0;1;0;0;0
1349;344;20220826;6;340;40;40;70;194;179.0;163;0;9;0;0;10169;70;8;82;2.0;7;0;0;0;0;0
1350;344;20220826;7;340;40;40;80;193;;160;0;20;0;0;10175;70;8;81;;5;0;0;0;0;0
1351;344;20220826;8;350;40;40;70;189;;161;0;19;0;-1;10178;70;8;83;23.0;7;0;1;0;0;0
1352;344;20220826;9;320;40;30;70;197;;162;0;44;0;0;10179;75;8;80;2.0;7;0;0;0;0;0
1353;344;20220826;10;350;50;60;80;199;;157;0;59;0;0;10181;75;8;76;;5;0;0;0;0;0
1354;344;20220826;11;340;50;50;80;197;;154;0;59;0;0;10182;75;8;76;;5;0;0;0;0;0
1355;344;20220826;12;340;40;50;80;201;187.0;148;0;81;0;0;10181;75;8;71;2.0;7;0;0;0;0;0
1356;344;20220826;13;350;50;50;80;210;;150;0;107;0;0;10182;79;8;68;;5;0;0;0;0;0
1357;344;20220826;14;340;50;40;70;209;;138;6;202;0;0;10181;81;8;64;;5;0;0;0;0;0
1358;344;20220826;15;340;50;50;80;207;;136;5;159;0;0;10180;81;7;64;;5;0;0;0;0;0
1359;344;20220826;16;340;50;50;80;200;;128;5;110;0;0;10177;81;2;63;;5;0;0;0;0;0
1360;344;20220826;17;340;40;40;70;201;;129;10;104;0;0;10176;80;1;63;;5;0;0;0;0;0
1361;344;20220826;18;350;40;30;70;189;182.0;129;10;41;0;0;10178;80;4;68;;5;0;0;0;0;0
1362;344;20220826;19;350;30;20;60;174;;127;2;5;0;0;10182;75;1;74;;5;0;0;0;0;0
1363;344;20220826;20;360;20;10;40;157;;127;0;0;0;0;10185;70;0;82;;5;0;0;0;0;0
1364;344;20220826;21;330;10;10;20;142;;127;0;0;0;0;10186;70;0;90;;5;0;0;0;0;0
1365;344;20220826;22;0;10;0;10;135;;128;0;0;0;0;10185;65;0;95;;5;0;0;0;0;0
1366;344;20220826;23;310;10;10;20;127;;122;0;0;0;0;10185;62;0;97;;5;0;0;0;0;0
1367;344;20220826;24;310;10;20;20;126;82.0;121;0;0;0;0;10182;62;0;97;;5;0;0;0;0;0
1368;344;20220827;1;270;10;10;20;123;;118;0;0;0;0;10181;65;0;97;;5;0;0;0;0;0
1369;344;20220827;2;270;10;10;20;113;;110;0;0;0;0;10181;39;0;98;10.0;7;0;0;0;0;0
1370;344;20220827;3;260;10;10;10;118;;115;0;0;0;0;10177;59;0;98;20.0;7;1;0;0;0;0
1371;344;20220827;4;280;10;10;10;113;;113;0;0;0;0;10176;9;0;100;34.0;7;1;0;0;0;0
1372;344;20220827;5;240;10;10;20;117;;112;0;1;0;0;10178;60;7;97;20.0;7;1;0;0;0;0
1373;344;20220827;6;990;10;10;10;135;68.0;130;2;14;0;0;10179;65;8;97;3.0;7;0;0;0;0;0
1374;344;20220827;7;290;10;10;20;159;;145;0;25;0;-1;10179;65;8;91;23.0;7;0;1;0;0;0
1375;344;20220827;8;350;10;20;30;182;;137;0;60;0;0;10182;75;8;75;;5;0;0;0;0;0
1376;344;20220827;9;30;30;30;60;197;;132;1;107;0;0;10184;80;8;65;2.0;7;0;0;0;0;0
1377;344;20220827;10;20;30;40;70;204;;116;0;109;0;0;10185;81;8;57;;5;0;0;0;0;0
1378;344;20220827;11;10;40;40;80;214;;117;3;170;0;0;10183;81;8;53;;5;0;0;0;0;0
1379;344;20220827;12;10;40;30;60;213;138.0;118;0;144;0;0;10182;81;8;54;2.0;7;0;0;0;0;0
1380;344;20220827;13;350;40;40;70;206;;120;0;103;0;0;10182;81;8;57;;5;0;0;0;0;0
1381;344;20220827;14;10;40;40;70;206;;119;0;84;0;0;10183;80;8;57;;5;0;0;0;0;0
1382;344;20220827;15;350;40;40;70;201;;138;0;54;0;0;10183;80;8;66;;5;0;0;0;0;0
1383;344;20220827;16;350;40;50;80;199;;131;0;48;0;0;10184;80;8;65;;5;0;0;0;0;0
1384;344;20220827;17;10;40;30;90;194;;132;0;27;0;-1;10183;80;8;67;81.0;7;0;1;0;0;0
1385;344;20220827;18;20;40;40;80;192;184.0;118;3;22;0;-1;10184;82;6;62;23.0;7;0;1;0;0;0
1386;344;20220827;19;20;40;40;70;180;;114;2;5;0;0;10190;80;0;65;;5;0;0;0;0;0
1387;344;20220827;20;30;40;30;60;168;;114;0;0;0;0;10196;75;0;70;;5;0;0;0;0;0
1388;344;20220827;21;10;30;30;50;160;;113;0;0;0;0;10198;75;0;73;;5;0;0;0;0;0
1389;344;20220827;22;10;20;20;40;147;;113;0;0;0;0;10199;75;0;80;;5;0;0;0;0;0
1390;344;20220827;23;360;10;20;30;131;;112;0;0;0;0;10202;70;0;88;;5;0;0;0;0;0
1391;344;20220827;24;10;10;10;20;118;68.0;109;0;0;0;0;10202;65;0;94;;5;0;0;0;0;0
1392;344;20220828;1;30;0;10;10;112;;107;0;0;0;0;10204;65;0;97;;5;0;0;0;0;0
1393;344;20220828;2;0;10;0;10;105;;100;0;0;0;0;10204;60;0;97;;5;0;0;0;0;0
1394;344;20220828;3;10;10;10;20;104;;99;0;0;0;0;10205;63;1;97;;5;0;0;0;0;0
1395;344;20220828;4;20;0;10;10;95;;90;0;0;0;0;10208;61;1;97;;5;0;0;0;0;0
1396;344;20220828;5;30;0;10;10;109;;104;0;1;0;0;10210;64;7;97;20.0;7;1;0;0;0;0
1397;344;20220828;6;40;10;10;20;128;60.0;108;0;13;0;0;10213;70;8;88;3.0;7;0;0;0;0;0
1398;344;20220828;7;50;10;20;40;167;;116;3;65;0;0;10215;75;3;72;;5;0;0;0;0;0
1399;344;20220828;8;60;40;30;60;180;;119;9;100;0;0;10220;80;1;68;;5;0;0;0;0;0
1400;344;20220828;9;50;50;50;80;196;;119;10;176;0;0;10220;81;4;61;;5;0;0;0;0;0
1401;344;20220828;10;30;40;40;80;188;;112;5;117;0;0;10220;81;2;61;;5;0;0;0;0;0
1402;344;20220828;11;60;40;50;80;208;;113;7;183;0;0;10220;81;6;54;;5;0;0;0;0;0
1403;344;20220828;12;30;40;40;80;210;127.0;107;3;149;0;0;10220;81;7;51;;5;0;0;0;0;0
1404;344;20220828;13;40;40;30;70;223;;125;7;189;0;0;10219;81;7;53;;5;0;0;0;0;0
1405;344;20220828;14;50;40;40;80;214;;121;3;101;0;0;10218;82;2;55;;5;0;0;0;0;0
1406;344;20220828;15;30;40;40;70;204;;106;3;96;0;0;10217;83;4;53;;5;0;0;0;0;0
1407;344;20220828;16;30;40;40;80;204;;103;4;80;0;0;10216;83;8;52;;5;0;0;0;0;0
1408;344;20220828;17;360;50;50;90;199;;126;7;75;0;0;10217;82;8;62;;5;0;0;0;0;0
1409;344;20220828;18;10;50;40;90;183;174.0;123;3;28;0;0;10216;80;8;67;;5;0;0;0;0;0
1410;344;20220828;19;360;40;30;70;173;;128;0;2;0;0;10219;75;8;74;;5;0;0;0;0;0
1411;344;20220828;20;360;30;20;40;170;;127;0;0;0;0;10224;75;8;76;;5;0;0;0;0;0
1412;344;20220828;21;10;20;20;40;161;;129;0;0;0;0;10227;70;8;81;;5;0;0;0;0;0
1413;344;20220828;22;40;30;30;50;158;;128;0;0;0;0;10227;70;8;82;;5;0;0;0;0;0
1414;344;20220828;23;40;30;20;50;149;;119;0;0;0;0;10228;70;8;82;;5;0;0;0;0;0
1415;344;20220828;24;0;10;0;30;135;98.0;122;0;0;0;0;10227;65;8;91;;5;0;0;0;0;0
1416;344;20220829;1;40;10;10;10;116;;111;0;0;0;0;10226;65;8;96;;5;0;0;0;0;0
1417;344;20220829;2;340;0;10;10;114;;109;0;0;0;0;10227;65;8;97;;5;0;0;0;0;0
1418;344;20220829;3;350;10;10;10;112;;107;0;0;0;0;10227;62;8;97;;5;0;0;0;0;0
1419;344;20220829;4;0;10;0;20;113;;108;0;0;0;0;10223;65;8;97;;5;0;0;0;0;0
1420;344;20220829;5;0;0;0;10;112;;107;0;0;0;0;10227;62;8;97;;5;0;0;0;0;0
1421;344;20220829;6;10;10;10;30;130;76.0;125;0;9;0;0;10229;65;8;96;;5;0;0;0;0;0
1422;344;20220829;7;350;10;10;20;160;;113;2;52;0;0;10230;75;8;73;;5;0;0;0;0;0
1423;344;20220829;8;320;10;10;20;170;;116;2;76;0;0;10230;75;8;70;;5;0;0;0;0;0
1424;344;20220829;9;990;10;10;20;182;;105;1;101;0;0;10233;82;8;60;;5;0;0;0;0;0
1425;344;20220829;10;40;20;20;50;187;;100;2;124;0;0;10232;80;8;57;;5;0;0;0;0;0
1426;344;20220829;11;40;20;30;50;199;;108;1;120;0;0;10230;81;8;55;;5;0;0;0;0;0
1427;344;20220829;12;70;30;30;60;201;128.0;106;2;156;0;0;10227;79;8;54;;5;0;0;0;0;0
1428;344;20220829;13;80;30;20;60;207;;101;6;197;0;0;10223;81;8;50;;5;0;0;0;0;0
1429;344;20220829;14;60;30;40;60;209;;107;2;139;0;0;10220;82;8;51;;5;0;0;0;0;0
1430;344;20220829;15;60;30;20;60;216;;115;8;157;0;0;10214;80;6;52;;5;0;0;0;0;0
1431;344;20220829;16;50;30;30;60;216;;107;7;104;0;0;10209;80;7;49;;5;0;0;0;0;0
1432;344;20220829;17;10;30;30;60;211;;108;8;76;0;0;10209;81;3;51;;5;0;0;0;0;0
1433;344;20220829;18;40;20;20;50;194;183.0;116;8;32;0;0;10208;83;2;60;;5;0;0;0;0;0
1434;344;20220829;19;50;20;20;30;177;;128;0;3;0;0;10213;75;1;72;;5;0;0;0;0;0
1435;344;20220829;20;10;20;20;40;176;;143;0;0;0;0;10214;75;0;80;;5;0;0;0;0;0
1436;344;20220829;21;20;20;20;40;169;;144;0;0;0;0;10215;70;0;85;;5;0;0;0;0;0
1437;344;20220829;22;30;20;30;40;168;;146;0;0;0;0;10216;70;1;87;;5;0;0;0;0;0
1438;344;20220829;23;40;20;20;40;161;;147;0;0;0;0;10218;65;0;91;;5;0;0;0;0;0
1439;344;20220829;24;40;20;30;40;159;142.0;144;0;0;0;0;10217;70;0;90;;5;0;0;0;0;0
1440;344;20220830;1;40;30;30;50;158;;144;0;0;0;0;10217;65;1;91;;5;0;0;0;0;0
1441;344;20220830;2;40;30;30;50;160;;142;0;0;0;0;10216;70;8;89;;5;0;0;0;0;0
1442;344;20220830;3;50;30;30;50;155;;139;0;0;0;0;10215;70;4;89;;5;0;0;0;0;0
1443;344;20220830;4;40;30;30;50;152;;139;0;0;0;0;10213;65;4;91;;5;0;0;0;0;0
1444;344;20220830;5;50;30;30;50;147;;136;0;0;0;0;10215;63;1;93;;5;0;0;0;0;0
1445;344;20220830;6;50;40;40;50;152;137.0;138;3;18;0;0;10218;65;3;91;;5;0;0;0;0;0
1446;344;20220830;7;50;40;50;70;167;;140;5;59;0;0;10217;70;7;83;;5;0;0;0;0;0
1447;344;20220830;8;60;50;50;80;192;;141;10;119;0;0;10220;75;8;72;;5;0;0;0;0;0
1448;344;20220830;9;70;60;70;90;206;;123;10;153;0;0;10219;81;8;58;;5;0;0;0;0;0
1449;344;20220830;10;60;70;70;100;213;;118;9;182;0;0;10220;81;8;54;;5;0;0;0;0;0
1450;344;20220830;11;60;70;70;100;230;;115;9;217;0;0;10220;82;8;48;;5;0;0;0;0;0
1451;344;20220830;12;50;70;70;110;228;149.0;88;10;241;0;0;10218;81;8;40;;5;0;0;0;0;0
1452;344;20220830;13;40;70;60;100;238;;105;8;224;0;0;10215;81;8;43;;5;0;0;0;0;0
1453;344;20220830;14;40;70;60;100;228;;111;10;222;0;0;10214;81;8;47;;5;0;0;0;0;0
1454;344;20220830;15;30;60;60;100;221;;113;2;125;0;0;10214;81;8;50;;5;0;0;0;0;0
1455;344;20220830;16;30;60;50;100;222;;102;9;144;0;0;10210;82;8;46;;5;0;0;0;0;0
1456;344;20220830;17;40;60;60;90;214;;98;10;84;0;0;10208;83;8;47;;5;0;0;0;0;0
1457;344;20220830;18;30;50;50;90;206;196.0;97;10;34;0;0;10211;83;8;49;;5;0;0;0;0;0
1458;344;20220830;19;10;30;30;70;193;;105;0;3;0;0;10216;83;8;56;;5;0;0;0;0;0
1459;344;20220830;20;20;30;40;70;181;;128;0;0;0;0;10219;75;8;71;;5;0;0;0;0;0
1460;344;20220830;21;30;40;40;70;177;;136;0;0;0;0;10220;75;8;76;;5;0;0;0;0;0
1461;344;20220830;22;30;30;30;60;172;;140;0;0;0;0;10223;70;8;81;;5;0;0;0;0;0
1462;344;20220830;23;40;40;50;80;173;;124;0;0;0;0;10223;75;8;72;;5;0;0;0;0;0
1463;344;20220830;24;40;50;50;80;168;156.0;117;0;0;0;0;10222;75;4;72;;5;0;0;0;0;0
1464;344;20220831;1;40;40;40;70;161;;113;0;0;0;0;10223;75;3;73;;5;0;0;0;0;0
1465;344;20220831;2;40;40;40;60;153;;111;0;0;0;0;10223;75;0;75;;5;0;0;0;0;0
1466;344;20220831;3;40;30;40;60;147;;107;0;0;0;0;10223;75;0;77;;5;0;0;0;0;0
1467;344;20220831;4;40;30;30;50;144;;105;0;0;0;0;10224;75;0;77;;5;0;0;0;0;0
1468;344;20220831;5;40;30;30;60;142;;102;0;0;0;0;10226;75;0;77;;5;0;0;0;0;0
1469;344;20220831;6;30;40;40;70;152;129.0;90;2;16;0;0;10228;80;0;66;;5;0;0;0;0;0
1470;344;20220831;7;50;50;70;90;168;;87;10;69;0;0;10230;83;0;58;;5;0;0;0;0;0
1471;344;20220831;8;50;70;70;100;185;;95;10;127;0;0;10232;83;0;55;;5;0;0;0;0;0
1472;344;20220831;9;50;70;70;100;198;;98;10;179;0;0;10234;82;0;52;;5;0;0;0;0;0
1473;344;20220831;10;50;70;70;100;207;;108;10;219;0;0;10233;81;0;53;;5;0;0;0;0;0
1474;344;20220831;11;50;70;70;110;218;;105;10;246;0;0;10230;82;1;48;;5;0;0;0;0;0
1475;344;20220831;12;50;70;70;110;221;147.0;109;10;261;0;0;10226;81;8;49;;5;0;0;0;0;0
1476;344;20220831;13;50;70;70;110;226;;103;10;242;0;0;10221;80;8;45;;5;0;0;0;0;0
1477;344;20220831;14;50;70;70;110;234;;102;10;229;0;0;10217;80;2;43;;5;0;0;0;0;0
1478;344;20220831;15;50;70;70;110;235;;95;10;194;0;0;10214;82;0;40;;5;0;0;0;0;0
1479;344;20220831;16;30;70;60;100;231;;88;10;148;0;0;10213;81;8;39;;5;0;0;0;0;0
1480;344;20220831;17;40;70;70;100;221;;91;10;93;0;0;10212;82;6;43;;5;0;0;0;0;0
1481;344;20220831;18;40;60;60;100;209;197.0;83;10;35;0;0;10213;83;0;44;;5;0;0;0;0;0
1482;344;20220831;19;40;50;50;90;197;;85;0;2;0;0;10218;83;0;48;;5;0;0;0;0;0
1483;344;20220831;20;40;40;50;80;185;;124;0;0;0;0;10221;80;0;67;;5;0;0;0;0;0
1484;344;20220831;21;50;60;60;100;179;;127;0;0;0;0;10221;75;0;71;;5;0;0;0;0;0
1485;344;20220831;22;50;60;60;90;170;;117;0;0;0;0;10222;75;0;70;;5;0;0;0;0;0
1486;344;20220831;23;50;60;50;90;163;;117;0;0;0;0;10224;75;8;74;;5;0;0;0;0;0
1487;344;20220831;24;40;40;30;80;154;142.0;117;0;0;0;0;10220;75;0;78;;5;0;0;0;0;0
1488;344;20220901;1;40;30;30;50;141;;115;0;0;0;0;10216;70;0;84;;5;0;0;0;0;0
1489;344;20220901;2;50;30;20;50;130;;110;0;0;0;0;10216;70;0;87;;5;0;0;0;0;0
1490;344;20220901;3;40;20;30;40;131;;113;0;0;0;0;10213;70;0;88;;5;0;0;0;0;0
1491;344;20220901;4;40;30;30;50;133;;110;0;0;0;0;10210;70;1;85;;5;0;0;0;0;0
1492;344;20220901;5;40;30;20;40;124;;104;0;0;0;0;10210;70;1;88;;5;0;0;0;0;0
1493;344;20220901;6;50;10;30;50;139;106.0;111;5;17;0;0;10210;70;3;82;;5;0;0;0;0;0
1494;344;20220901;7;50;40;40;50;160;;110;10;66;0;0;10211;75;0;72;;5;0;0;0;0;0
1495;344;20220901;8;80;40;50;70;181;;107;10;123;0;0;10212;82;0;61;;5;0;0;0;0;0
1496;344;20220901;9;90;50;50;80;204;;107;10;174;0;0;10211;81;0;53;;5;0;0;0;0;0
1497;344;20220901;10;90;50;50;80;224;;108;10;218;0;0;10208;81;0;47;;5;0;0;0;0;0
1498;344;20220901;11;90;60;60;90;234;;100;10;247;0;0;10206;80;0;42;;5;0;0;0;0;0
1499;344;20220901;12;90;60;60;100;241;138.0;92;10;266;0;0;10203;81;1;38;;5;0;0;0;0;0
1500;344;20220901;13;100;50;50;90;242;;79;10;250;0;0;10200;82;0;35;;5;0;0;0;0;0
1501;344;20220901;14;110;50;60;90;247;;74;10;236;0;0;10196;81;0;33;;5;0;0;0;0;0
1502;344;20220901;15;100;50;50;80;246;;70;10;197;0;0;10191;80;0;32;;5;0;0;0;0;0
1503;344;20220901;16;90;40;50;80;243;;70;10;148;0;0;10187;82;0;33;;5;0;0;0;0;0
1504;344;20220901;17;100;40;40;70;236;;71;10;89;0;0;10183;82;0;34;;5;0;0;0;0;0
1505;344;20220901;18;70;30;20;60;204;175.0;74;7;23;0;0;10181;83;1;43;;5;0;0;0;0;0
1506;344;20220901;19;40;20;20;50;192;;94;0;1;0;0;10184;80;8;53;;5;0;0;0;0;0
1507;344;20220901;20;40;10;20;30;186;;100;0;0;0;0;10185;83;8;57;;5;0;0;0;0;0
1508;344;20220901;21;50;30;20;40;158;;99;0;0;0;0;10184;80;7;67;;5;0;0;0;0;0
1509;344;20220901;22;60;30;40;40;146;;96;0;0;0;0;10181;75;8;71;;5;0;0;0;0;0
1510;344;20220901;23;60;40;30;50;150;;86;0;0;0;0;10178;80;8;65;;5;0;0;0;0;0
1511;344;20220901;24;60;30;30;50;152;108.0;81;0;0;0;0;10174;83;8;62;;5;0;0;0;0;0
1512;344;20220902;1;20;20;20;40;148;;84;0;0;0;0;10170;80;8;65;;5;0;0;0;0;0
1513;344;20220902;2;20;20;20;30;136;;84;0;0;0;0;10167;75;8;70;;5;0;0;0;0;0
1514;344;20220902;3;30;20;20;30;130;;86;0;0;0;0;10164;75;8;74;;5;0;0;0;0;0
1515;344;20220902;4;40;20;20;20;130;;88;0;0;0;0;10161;75;8;75;;5;0;0;0;0;0
1516;344;20220902;5;60;20;20;30;133;;79;0;0;0;0;10158;75;7;70;;5;0;0;0;0;0
1517;344;20220902;6;60;20;20;30;134;102.0;85;0;11;0;0;10158;75;8;72;;5;0;0;0;0;0
1518;344;20220902;7;90;30;30;60;161;;86;5;54;0;0;10156;81;8;61;;5;0;0;0;0;0
1519;344;20220902;8;100;40;40;60;179;;98;9;106;0;0;10153;81;8;59;;5;0;0;0;0;0
1520;344;20220902;9;90;40;40;60;196;;108;3;122;0;0;10151;78;8;56;;5;0;0;0;0;0
1521;344;20220902;10;90;40;40;60;213;;112;7;175;0;0;10148;80;8;52;;5;0;0;0;0;0
1522;344;20220902;11;90;40;40;70;236;;112;10;247;0;0;10145;81;8;45;;5;0;0;0;0;0
1523;344;20220902;12;100;50;50;80;247;124.0;119;10;247;0;0;10139;80;8;44;;5;0;0;0;0;0
1524;344;20220902;13;100;60;60;100;257;;92;10;248;0;0;10134;82;6;35;;5;0;0;0;0;0
1525;344;20220902;14;110;60;60;110;263;;87;10;226;0;0;10129;80;4;33;;5;0;0;0;0;0
1526;344;20220902;15;90;60;50;100;260;;85;10;171;0;0;10123;82;1;33;;5;0;0;0;0;0
1527;344;20220902;16;100;60;60;90;251;;83;10;122;0;0;10118;82;2;34;;5;0;0;0;0;0
1528;344;20220902;17;90;50;40;80;248;;82;5;54;0;0;10114;82;8;34;;5;0;0;0;0;0
1529;344;20220902;18;80;50;40;70;224;211.0;90;8;34;0;0;10113;83;7;42;;5;0;0;0;0;0
1530;344;20220902;19;80;40;40;70;216;;86;0;1;0;0;10113;83;8;43;;5;0;0;0;0;0
1531;344;20220902;20;90;40;40;70;215;;81;0;0;0;0;10115;83;8;42;;5;0;0;0;0;0
1532;344;20220902;21;90;50;50;80;209;;76;0;0;0;0;10115;83;8;42;;5;0;0;0;0;0
1533;344;20220902;22;90;40;40;70;197;;80;0;0;0;0;10112;83;8;46;;5;0;0;0;0;0
1534;344;20220902;23;100;40;40;70;190;;83;0;0;0;0;10111;83;8;49;;5;0;0;0;0;0
1535;344;20220902;24;100;50;50;80;189;175.0;81;0;0;0;0;10107;83;8;49;;5;0;0;0;0;0
1536;344;20220903;1;100;50;40;80;186;;80;0;0;0;0;10105;83;8;50;;5;0;0;0;0;0
1537;344;20220903;2;100;50;50;80;180;;81;0;0;0;0;10105;83;8;52;;5;0;0;0;0;0
1538;344;20220903;3;100;50;40;70;168;;82;0;0;0;0;10103;83;3;57;;5;0;0;0;0;0
1539;344;20220903;4;110;40;40;60;163;;83;0;0;0;0;10103;83;8;59;;5;0;0;0;0;0
1540;344;20220903;5;110;40;50;60;157;;82;0;0;0;0;10102;83;0;60;;5;0;0;0;0;0
1541;344;20220903;6;110;40;50;70;163;145.0;83;5;15;0;0;10103;83;2;59;;5;0;0;0;0;0
1542;344;20220903;7;110;40;30;60;178;;87;8;59;0;0;10107;82;0;55;;5;0;0;0;0;0
1543;344;20220903;8;100;30;30;50;193;;94;9;109;0;0;10108;82;0;52;;5;0;0;0;0;0
1544;344;20220903;9;100;30;40;50;211;;93;5;125;0;0;10110;82;1;46;;5;0;0;0;0;0
1545;344;20220903;10;110;40;40;80;231;;101;10;209;0;0;10110;80;0;43;;5;0;0;0;0;0
1546;344;20220903;11;80;30;40;60;246;;97;10;236;0;0;10110;81;0;38;;5;0;0;0;0;0
1547;344;20220903;12;100;40;40;60;260;159.0;97;10;264;0;0;10108;80;7;35;;5;0;0;0;0;0
1548;344;20220903;13;140;40;40;90;264;;97;10;249;0;0;10107;81;0;34;;5;0;0;0;0;0
1549;344;20220903;14;110;30;30;70;267;;101;10;219;0;0;10105;82;0;35;;5;0;0;0;0;0
1550;344;20220903;15;100;40;50;70;267;;94;10;180;0;0;10105;80;0;33;;5;0;0;0;0;0
1551;344;20220903;16;90;40;40;70;258;;100;9;106;0;0;10106;82;1;36;;5;0;0;0;0;0
1552;344;20220903;17;100;40;40;60;253;;96;7;51;0;0;10107;82;5;37;;5;0;0;0;0;0
1553;344;20220903;18;90;30;30;50;222;210.0;110;3;15;0;0;10112;83;1;49;;5;0;0;0;0;0
1554;344;20220903;19;90;20;20;40;212;;116;0;0;0;0;10119;83;8;54;;5;0;0;0;0;0
1555;344;20220903;20;150;20;20;30;217;;114;0;0;0;0;10123;83;8;52;;5;0;0;0;0;0
1556;344;20220903;21;90;20;20;30;188;;126;0;0;0;0;10125;80;7;67;;5;0;0;0;0;0
1557;344;20220903;22;270;20;10;30;182;;131;0;0;0;0;10128;75;2;72;;5;0;0;0;0;0
1558;344;20220903;23;210;10;10;20;171;;144;0;0;0;0;10130;70;8;84;;5;0;0;0;0;0
1559;344;20220903;24;110;10;10;10;162;122.0;138;0;0;0;0;10132;70;7;85;;5;0;0;0;0;0
1560;344;20220904;1;170;10;10;20;165;;145;0;0;0;0;10138;70;5;87;;5;0;0;0;0;0
1561;344;20220904;2;120;10;10;20;163;;148;0;0;0;0;10141;70;8;90;;5;0;0;0;0;0
1562;344;20220904;3;130;10;10;20;159;;150;0;0;0;0;10144;65;8;94;;5;0;0;0;0;0
1563;344;20220904;4;140;10;10;20;158;;144;0;0;0;0;10148;65;8;91;;5;0;0;0;0;0
1564;344;20220904;5;150;10;10;20;159;;150;0;0;0;0;10151;63;8;94;;5;0;0;0;0;0
1565;344;20220904;6;150;20;20;40;179;112.0;159;0;9;0;0;10159;62;2;88;;5;0;0;0;0;0
1566;344;20220904;7;200;20;30;40;196;;170;7;48;0;0;10163;59;6;84;10.0;7;0;0;0;0;0
1567;344;20220904;8;220;20;10;40;214;;176;8;75;0;0;10168;57;8;78;4.0;7;0;0;0;0;0
1568;344;20220904;9;180;20;20;40;229;;177;9;126;0;0;10172;57;8;72;4.0;7;0;0;0;0;0
1569;344;20220904;10;190;20;20;50;247;;175;9;178;0;0;10173;60;8;64;;5;0;0;0;0;0
1570;344;20220904;11;170;20;30;60;254;;161;8;203;0;0;10175;64;8;56;;5;0;0;0;0;0
1571;344;20220904;12;160;40;40;60;254;164.0;161;10;244;0;0;10175;80;8;56;;5;0;0;0;0;0
1572;344;20220904;13;170;40;30;70;258;;141;9;197;0;0;10177;71;8;48;;5;0;0;0;0;0
1573;344;20220904;14;180;30;30;70;264;;131;7;176;0;0;10177;79;8;43;;5;0;0;0;0;0
1574;344;20220904;15;180;30;30;60;259;;132;2;109;0;0;10175;80;8;45;;5;0;0;0;0;0
1575;344;20220904;16;130;30;40;70;262;;107;2;80;0;0;10173;81;8;37;;5;0;0;0;0;0
1576;344;20220904;17;190;40;40;70;257;;76;7;73;0;0;10174;82;8;31;;5;0;0;0;0;0
1577;344;20220904;18;190;40;30;80;235;208.0;90;8;24;0;0;10178;83;8;39;;5;0;0;0;0;0
1578;344;20220904;19;180;20;10;40;206;;105;0;1;0;0;10183;74;8;52;;5;0;0;0;0;0
1579;344;20220904;20;0;10;0;20;180;;127;0;0;0;0;10185;75;8;71;;5;0;0;0;0;0
1580;344;20220904;21;50;10;10;20;169;;121;0;0;0;0;10186;75;8;72;;5;0;0;0;0;0
1581;344;20220904;22;70;10;10;10;157;;135;0;0;0;0;10188;70;8;86;;5;0;0;0;0;0
1582;344;20220904;23;90;10;10;10;154;;123;0;0;0;0;10189;70;8;81;;5;0;0;0;0;0
1583;344;20220904;24;110;20;20;30;162;106.0;115;0;0;0;0;10186;75;8;73;;5;0;0;0;0;0
1584;344;20220905;1;90;10;10;20;152;;112;0;0;0;0;10183;75;1;76;;5;0;0;0;0;0
1585;344;20220905;2;120;10;20;20;175;;123;0;0;0;0;10182;75;7;71;;5;0;0;0;0;0
1586;344;20220905;3;130;10;10;30;168;;124;0;0;0;0;10183;75;8;74;;5;0;0;0;0;0
1587;344;20220905;4;120;10;20;20;159;;124;0;0;0;0;10181;75;8;80;;5;0;0;0;0;0
1588;344;20220905;5;130;20;10;30;171;;128;0;0;0;0;10183;75;8;75;;5;0;0;0;0;0
1589;344;20220905;6;120;30;30;50;186;115.0;130;5;16;0;0;10184;75;8;70;;5;0;0;0;0;0
1590;344;20220905;7;150;30;30;50;221;;130;7;61;0;0;10188;82;8;56;;5;0;0;0;0;0
1591;344;20220905;8;150;40;40;60;234;;119;4;73;0;0;10190;83;8;48;;5;0;0;0;0;0
1592;344;20220905;9;160;50;50;90;251;;120;6;135;0;0;10190;81;8;43;;5;0;0;0;0;0
1593;344;20220905;10;180;50;40;70;272;;128;6;182;0;0;10186;81;8;40;;5;0;0;0;0;0
1594;344;20220905;11;160;50;50;90;286;;129;8;222;0;0;10184;80;8;38;;5;0;0;0;0;0
1595;344;20220905;12;170;50;40;100;295;177.0;124;10;255;0;0;10182;81;8;35;;5;0;0;0;0;0
1596;344;20220905;13;180;40;40;80;301;;127;9;224;0;0;10179;81;5;34;;5;0;0;0;0;0
1597;344;20220905;14;260;40;40;70;277;;148;3;140;0;0;10177;81;8;45;;5;0;0;0;0;0
1598;344;20220905;15;280;30;20;50;267;;159;0;82;0;0;10174;82;8;51;;5;0;0;0;0;0
1599;344;20220905;16;280;20;10;40;263;;168;1;63;0;0;10171;82;8;55;;5;0;0;0;0;0
1600;344;20220905;17;360;20;20;40;253;;168;0;33;0;0;10167;82;8;59;;5;0;0;0;0;0
1601;344;20220905;18;350;20;20;40;229;221.0;172;0;11;0;0;10164;75;8;70;12.0;7;0;0;0;0;0
1602;344;20220905;19;270;40;20;160;184;;171;0;0;4;172;10183;26;8;92;92.0;7;0;1;0;1;0
1603;344;20220905;20;260;50;40;100;185;;167;0;0;9;13;10189;70;8;89;81.0;7;0;1;0;1;0
1604;344;20220905;21;150;30;50;70;189;;161;0;0;10;26;10183;70;8;83;51.0;7;0;1;0;0;0
1605;344;20220905;22;120;40;20;80;179;;163;0;0;10;27;10170;70;8;90;81.0;7;0;1;0;0;0
1606;344;20220905;23;90;50;50;90;189;;150;0;0;0;-1;10155;75;8;78;23.0;7;0;1;0;0;0
1607;344;20220905;24;190;30;30;70;180;170.0;158;0;0;0;0;10162;70;8;86;12.0;7;0;0;0;0;0
1608;344;20220906;1;130;60;50;90;184;;148;0;0;5;6;10155;65;8;79;81.0;7;0;1;0;0;0
1609;344;20220906;2;100;30;30;80;174;;154;0;0;0;-1;10146;70;8;88;23.0;7;0;1;0;0;0
1610;344;20220906;3;300;20;10;50;189;;145;0;0;0;0;10150;75;8;75;2.0;7;0;0;0;0;0
1611;344;20220906;4;180;20;20;50;182;;156;0;0;2;1;10154;70;8;84;81.0;7;0;1;0;0;0
1612;344;20220906;5;990;10;10;20;171;;161;0;0;4;2;10153;65;8;94;23.0;7;0;1;0;0;0
1613;344;20220906;6;130;10;20;50;176;155.0;165;2;11;0;0;10149;65;8;93;2.0;7;0;0;0;0;0
1614;344;20220906;7;160;30;40;80;202;;163;10;63;0;0;10146;75;6;78;;5;0;0;0;0;0
1615;344;20220906;8;150;40;50;70;213;;167;10;106;0;0;10145;75;8;75;;5;0;0;0;0;0
1616;344;20220906;9;160;50;40;70;212;;166;9;147;0;0;10146;75;6;74;;5;0;0;0;0;0
1617;344;20220906;10;190;40;40;70;225;;168;9;189;0;0;10149;78;3;69;;5;0;0;0;0;0
1618;344;20220906;11;220;50;40;80;235;;176;10;222;0;0;10150;70;1;69;;5;0;0;0;0;0
1619;344;20220906;12;270;40;40;80;239;169.0;174;10;227;0;0;10154;79;1;67;;5;0;0;0;0;0
1620;344;20220906;13;290;30;30;60;244;;161;10;233;0;0;10148;80;4;59;;5;0;0;0;0;0
1621;344;20220906;14;270;30;30;60;238;;168;5;161;0;0;10147;78;8;65;;5;0;0;0;0;0
1622;344;20220906;15;280;20;20;40;240;;148;7;145;0;0;10144;81;8;56;;5;0;0;0;0;0
1623;344;20220906;16;10;10;10;30;241;;147;3;82;0;0;10138;82;8;55;;5;0;0;0;0;0
1624;344;20220906;17;110;20;20;50;235;;153;0;25;0;-1;10136;83;8;60;23.0;7;0;1;0;0;0
1625;344;20220906;18;70;20;20;30;216;204.0;164;2;10;0;-1;10132;75;8;72;23.0;7;0;1;0;0;0
1626;344;20220906;19;40;20;20;30;213;;156;0;0;0;0;10127;75;8;70;;5;0;0;0;0;0
1627;344;20220906;20;20;20;20;30;211;;171;0;0;0;-1;10122;75;8;78;81.0;7;0;1;0;0;0
1628;344;20220906;21;360;20;30;40;201;;178;0;0;4;3;10113;65;8;87;92.0;7;0;1;0;1;0
1629;344;20220906;22;320;50;20;170;169;;167;0;0;9;118;10147;57;8;98;92.0;7;0;1;0;1;0
1630;344;20220906;23;310;30;30;50;172;;169;0;0;10;31;10139;57;8;98;62.0;7;0;1;0;1;0
1631;344;20220906;24;60;40;50;80;170;164.0;160;0;0;10;38;10119;57;8;93;63.0;7;0;1;0;0;0
1632;344;20220907;1;80;50;40;90;166;;154;0;0;5;7;10124;65;8;92;23.0;7;0;1;0;0;0
1633;344;20220907;2;90;20;20;50;167;;154;0;0;0;0;10125;65;8;92;;5;0;0;0;0;0
1634;344;20220907;3;120;20;30;40;164;;155;0;0;0;0;10125;65;8;94;2.0;7;0;0;0;0;0
1635;344;20220907;4;150;20;20;40;160;;151;0;0;0;0;10122;65;3;94;;5;0;0;0;0;0
1636;344;20220907;5;170;30;30;40;157;;151;0;0;0;0;10120;65;6;96;;5;0;0;0;0;0
1637;344;20220907;6;170;20;20;60;160;144.0;154;0;6;0;0;10121;63;4;96;1.0;7;0;0;0;0;0
1638;344;20220907;7;200;30;40;60;167;;157;1;35;0;0;10127;63;7;93;;5;0;0;0;0;0
1639;344;20220907;8;200;40;40;70;185;;162;9;94;0;0;10129;70;6;86;;5;0;0;0;0;0
1640;344;20220907;9;200;40;40;70;206;;166;10;162;0;0;10127;75;2;78;;5;0;0;0;0;0
1641;344;20220907;10;200;50;50;90;213;;150;10;206;0;0;10125;80;6;67;;5;0;0;0;0;0
1642;344;20220907;11;190;60;60;100;227;;157;10;221;0;0;10124;78;7;64;;5;0;0;0;0;0
1643;344;20220907;12;200;60;60;110;229;154.0;144;10;241;0;0;10122;77;8;58;;5;0;0;0;0;0
1644;344;20220907;13;210;60;60;100;231;;143;9;195;0;0;10119;80;6;57;;5;0;0;0;0;0
1645;344;20220907;14;200;60;60;100;229;;139;6;143;0;0;10115;81;7;57;;5;0;0;0;0;0
1646;344;20220907;15;200;50;50;120;233;;142;2;90;0;0;10112;81;7;56;;5;0;0;0;0;0
1647;344;20220907;16;190;50;50;80;227;;134;2;70;0;0;10109;80;7;55;;5;0;0;0;0;0
1648;344;20220907;17;190;40;40;80;223;;134;4;45;0;0;10107;81;8;57;;5;0;0;0;0;0
1649;344;20220907;18;180;30;20;60;207;186.0;138;5;19;0;0;10104;82;8;64;;5;0;0;0;0;0
1650;344;20220907;19;110;10;10;30;189;;146;0;0;0;0;10103;75;8;75;;5;0;0;0;0;0
1651;344;20220907;20;180;10;20;30;200;;155;0;0;0;-1;10103;75;8;75;81.0;7;0;1;0;0;0
1652;344;20220907;21;320;30;20;60;173;;160;0;0;4;55;10100;57;8;92;81.0;7;0;1;0;1;0
1653;344;20220907;22;70;20;20;30;169;;161;0;0;0;-1;10099;65;8;95;51.0;7;0;1;0;0;0
1654;344;20220907;23;70;20;20;40;168;;162;0;0;0;-1;10094;65;8;96;22.0;7;0;1;0;0;0
1655;344;20220907;24;80;20;20;30;170;153.0;158;0;0;0;0;10086;65;8;92;2.0;7;0;0;0;0;0
1656;344;20220908;1;160;10;20;30;173;;160;0;0;0;0;10080;65;8;92;;5;0;0;0;0;0
1657;344;20220908;2;170;20;30;40;182;;151;0;0;0;0;10078;70;8;82;;5;0;0;0;0;0
1658;344;20220908;3;190;30;20;50;177;;150;0;0;0;-1;10075;70;8;83;57.0;7;0;1;0;0;0
1659;344;20220908;4;220;30;40;70;170;;154;0;0;0;-1;10074;68;8;90;51.0;7;0;1;0;0;0
1660;344;20220908;5;220;30;30;60;168;;155;0;0;0;-1;10073;65;8;92;23.0;7;0;1;0;0;0
1661;344;20220908;6;180;30;30;70;163;159.0;155;0;1;9;10;10072;65;8;94;81.0;7;0;1;0;0;0
1662;344;20220908;7;180;40;50;70;169;;157;0;16;0;-1;10072;62;8;92;23.0;7;0;1;0;0;0
1663;344;20220908;8;180;50;50;80;170;;153;0;42;0;0;10073;70;8;89;;5;0;0;0;0;0
1664;344;20220908;9;190;50;50;90;174;;148;3;85;0;0;10077;70;7;84;1.0;7;0;0;0;0;0
1665;344;20220908;10;200;60;60;100;188;;148;5;135;0;0;10076;75;8;77;;5;0;0;0;0;0
1666;344;20220908;11;220;60;60;110;199;;137;8;183;0;0;10075;80;6;67;;5;0;0;0;0;0
1667;344;20220908;12;210;60;50;100;213;160.0;134;8;198;0;0;10073;80;4;60;1.0;7;0;0;0;0;0
1668;344;20220908;13;210;60;70;100;213;;132;8;200;0;0;10071;80;4;60;;5;0;0;0;0;0
1669;344;20220908;14;210;60;60;100;217;;129;7;140;0;0;10070;80;7;57;;5;0;0;0;0;0
1670;344;20220908;15;200;60;70;100;203;;133;2;55;0;-1;10069;81;8;64;81.0;7;0;1;0;0;0
1671;344;20220908;16;210;50;60;90;196;;135;1;57;0;-1;10069;80;8;67;23.0;7;0;1;0;0;0
1672;344;20220908;17;200;50;40;80;186;;148;0;16;0;-1;10071;75;8;78;23.0;7;0;1;0;0;0
1673;344;20220908;18;180;40;30;90;183;173.0;146;5;23;0;0;10067;75;8;79;2.0;7;0;0;0;0;0
1674;344;20220908;19;150;30;30;60;168;;137;0;1;0;0;10067;70;8;81;;5;0;0;0;0;0
1675;344;20220908;20;160;30;40;60;166;;135;0;0;0;0;10071;70;8;81;;5;0;0;0;0;0
1676;344;20220908;21;180;40;40;70;164;;140;0;0;0;0;10072;70;8;85;;5;0;0;0;0;0
1677;344;20220908;22;170;40;40;70;162;;140;0;0;0;0;10070;70;8;86;;5;0;0;0;0;0
1678;344;20220908;23;180;40;40;70;157;;138;0;0;0;0;10073;70;8;88;;5;0;0;0;0;0
1679;344;20220908;24;180;40;40;60;151;143.0;139;0;0;0;0;10068;65;8;92;;5;0;0;0;0;0
1680;344;20220909;1;180;40;40;60;151;;141;0;0;0;0;10065;65;4;93;;5;0;0;0;0;0
1681;344;20220909;2;170;40;40;60;149;;137;0;0;0;0;10061;65;1;92;;5;0;0;0;0;0
1682;344;20220909;3;180;40;40;60;151;;133;0;0;0;0;10057;70;3;89;;5;0;0;0;0;0
1683;344;20220909;4;180;50;60;80;154;;131;0;0;0;0;10054;70;8;86;;5;0;0;0;0;0
1684;344;20220909;5;160;50;50;80;146;;130;0;0;0;0;10049;70;8;90;;5;0;0;0;0;0
1685;344;20220909;6;170;60;60;90;152;139.0;133;5;12;0;0;10050;70;8;88;;5;0;0;0;0;0
1686;344;20220909;7;170;60;60;100;158;;135;0;25;0;0;10051;70;8;85;;5;0;0;0;0;0
1687;344;20220909;8;160;60;50;90;160;;136;0;15;0;0;10051;70;8;85;;5;0;0;0;0;0
1688;344;20220909;9;160;50;60;110;163;;136;0;15;0;0;10052;70;8;84;;5;0;0;0;0;0
1689;344;20220909;10;160;50;60;100;165;;146;0;46;4;3;10051;67;8;88;81.0;7;0;1;0;0;0
1690;344;20220909;11;170;60;60;100;168;;149;1;83;2;12;10052;70;7;88;23.0;7;0;1;0;0;0
1691;344;20220909;12;190;60;60;140;166;151.0;154;2;90;3;30;10053;58;8;92;82.0;7;0;1;0;0;0
1692;344;20220909;13;190;60;60;120;171;;154;0;66;5;3;10054;70;8;89;23.0;7;0;1;0;0;0
1693;344;20220909;14;220;70;50;130;169;;150;1;64;3;9;10055;70;8;89;81.0;7;0;1;0;0;0
1694;344;20220909;15;230;60;60;90;188;;148;5;127;0;-1;10057;75;8;77;23.0;7;0;1;0;0;0
1695;344;20220909;16;230;50;40;90;174;;153;3;54;2;5;10058;60;8;87;81.0;7;0;1;0;0;0
1696;344;20220909;17;220;50;40;90;169;;150;0;26;4;6;10062;70;8;88;23.0;7;0;1;0;0;0
1697;344;20220909;18;240;40;40;100;163;156.0;149;0;3;5;45;10070;65;8;91;57.0;7;0;1;0;0;0
1698;344;20220909;19;220;40;40;70;161;;147;0;0;4;8;10073;70;8;90;23.0;7;0;1;0;0;0
1699;344;20220909;20;210;40;30;70;158;;143;0;0;4;1;10077;70;8;90;81.0;7;0;1;0;0;0
1700;344;20220909;21;180;30;30;50;160;;147;0;0;0;-1;10078;65;8;92;23.0;7;0;1;0;0;0
1701;344;20220909;22;200;40;50;60;161;;152;0;0;6;7;10077;61;8;94;81.0;7;0;1;0;0;0
1702;344;20220909;23;220;40;50;70;161;;154;0;0;9;19;10080;56;8;95;63.0;7;0;1;0;0;0
1703;344;20220909;24;200;50;50;80;157;151.0;147;0;0;0;-1;10078;65;8;93;23.0;7;0;1;0;0;0
1704;344;20220910;1;190;40;50;70;155;;147;0;0;5;8;10076;65;8;94;23.0;7;0;1;0;0;0
1705;344;20220910;2;190;50;50;70;159;;153;0;0;8;22;10075;65;8;96;81.0;7;0;1;0;0;0
1706;344;20220910;3;200;40;40;60;158;;151;0;0;4;1;10074;65;7;95;23.0;7;0;1;0;0;0
1707;344;20220910;4;220;40;40;60;163;;157;0;0;4;6;10072;65;8;95;81.0;7;0;1;0;0;0
1708;344;20220910;5;190;30;20;50;163;;157;0;0;2;4;10075;65;8;96;23.0;7;0;1;0;0;0
1709;344;20220910;6;240;20;20;50;161;145.0;156;3;14;0;0;10079;65;8;97;2.0;7;0;0;0;0;0
1710;344;20220910;7;260;20;20;40;174;;159;7;50;0;0;10086;65;8;91;;5;0;0;0;0;0
1711;344;20220910;8;330;30;40;70;191;;166;6;84;0;0;10092;70;8;85;;5;0;0;0;0;0
1712;344;20220910;9;340;40;30;70;182;;152;6;113;0;0;10103;70;8;82;;5;0;0;0;0;0
1713;344;20220910;10;350;40;30;70;190;;153;5;136;0;0;10110;75;8;78;;5;0;0;0;0;0
1714;344;20220910;11;330;40;40;80;203;;156;9;187;0;0;10115;75;2;74;;5;0;0;0;0;0
1715;344;20220910;12;330;40;40;70;207;157.0;150;9;222;0;0;10118;80;4;69;;5;0;0;0;0;0
1716;344;20220910;13;330;40;50;80;212;;149;9;197;0;0;10123;80;2;67;;5;0;0;0;0;0
1717;344;20220910;14;340;50;50;80;211;;149;9;185;0;0;10125;80;1;67;;5;0;0;0;0;0
1718;344;20220910;15;320;40;40;80;207;;147;9;151;0;0;10132;80;1;68;;5;0;0;0;0;0
1719;344;20220910;16;310;40;30;70;201;;150;10;108;0;0;10137;75;1;72;;5;0;0;0;0;0
1720;344;20220910;17;330;40;40;70;188;;150;5;48;0;0;10143;75;0;78;;5;0;0;0;0;0
1721;344;20220910;18;330;30;20;70;174;162.0;148;7;15;0;0;10149;70;0;84;;5;0;0;0;0;0
1722;344;20220910;19;330;20;20;40;158;;143;0;0;0;-1;10158;65;0;91;23.0;7;0;1;0;0;0
1723;344;20220910;20;360;10;10;20;151;;144;0;0;0;0;10163;65;1;95;;5;0;0;0;0;0
1724;344;20220910;21;310;10;10;20;146;;140;0;0;0;0;10168;62;1;96;2.0;7;0;0;0;0;0
1725;344;20220910;22;290;10;10;10;147;;142;0;0;0;0;10170;60;1;97;;5;0;0;0;0;0
1726;344;20220910;23;0;10;0;20;139;;136;0;0;0;0;10174;40;1;98;10.0;7;0;0;0;0;0
1727;344;20220910;24;290;10;10;20;135;107.0;133;0;0;0;0;10180;4;1;99;34.0;7;1;0;0;0;0
1728;344;20220911;1;250;10;10;10;135;;132;0;0;0;0;10179;47;6;98;20.0;7;1;0;0;0;0
1729;344;20220911;2;0;0;0;10;131;;130;0;0;0;0;10180;6;1;99;34.0;7;1;0;0;0;0
1730;344;20220911;3;220;10;10;20;119;;118;0;0;0;0;10183;1;2;99;34.0;7;1;0;0;0;0
1731;344;20220911;4;0;0;0;10;119;;118;0;0;0;0;10183;1;4;99;33.0;7;1;0;0;0;0
1732;344;20220911;5;990;10;10;10;110;;109;0;0;0;0;10187;1;7;99;33.0;7;1;0;0;0;0
1733;344;20220911;6;200;10;10;10;116;94.0;116;0;6;0;0;10192;1;8;99;33.0;7;1;0;0;0;0
1734;344;20220911;7;140;10;10;10;159;;130;10;52;0;0;10192;50;7;83;20.0;7;1;0;0;0;0
1735;344;20220911;8;10;10;10;20;184;;140;10;107;0;0;10196;63;3;76;;5;0;0;0;0;0
1736;344;20220911;9;0;10;0;20;207;;148;10;158;0;0;10199;80;2;69;1.0;7;0;0;0;0;0
1737;344;20220911;10;200;10;10;20;212;;148;10;203;0;0;10200;80;2;66;;5;0;0;0;0;0
1738;344;20220911;11;360;10;20;30;216;;150;8;200;0;0;10198;80;1;66;;5;0;0;0;0;0
1739;344;20220911;12;990;10;10;40;220;111.0;140;8;240;0;0;10196;81;8;60;3.0;7;0;0;0;0;0
1740;344;20220911;13;330;10;10;30;214;;142;2;98;0;0;10193;83;8;63;;5;0;0;0;0;0
1741;344;20220911;14;340;10;10;30;218;;141;4;127;0;0;10189;83;2;61;;5;0;0;0;0;0
1742;344;20220911;15;350;10;10;20;216;;150;0;47;0;0;10186;80;6;65;;5;0;0;0;0;0
1743;344;20220911;16;330;10;20;30;210;;151;0;28;0;0;10183;80;8;68;;5;0;0;0;0;0
1744;344;20220911;17;340;20;20;30;213;;154;7;45;0;0;10179;80;8;69;;5;0;0;0;0;0
1745;344;20220911;18;20;20;20;30;195;174.0;150;5;24;0;0;10177;75;7;75;;5;0;0;0;0;0
1746;344;20220911;19;60;10;10;20;171;;149;0;0;0;0;10177;70;8;87;;5;0;0;0;0;0
1747;344;20220911;20;50;10;10;20;163;;144;0;0;0;0;10179;70;8;87;;5;0;0;0;0;0
1748;344;20220911;21;60;10;10;20;150;;142;0;0;0;0;10178;65;8;95;;5;0;0;0;0;0
1749;344;20220911;22;170;10;10;20;152;;147;0;0;0;0;10176;65;8;97;;5;0;0;0;0;0
1750;344;20220911;23;120;10;10;30;146;;141;0;0;0;0;10172;64;8;97;;5;0;0;0;0;0
1751;344;20220911;24;150;10;20;30;139;104.0;134;0;0;0;0;10168;63;8;97;;5;0;0;0;0;0
1752;344;20220912;1;160;30;20;40;155;;131;0;0;0;0;10165;70;8;85;;5;0;0;0;0;0
1753;344;20220912;2;160;20;20;30;153;;129;0;0;0;0;10161;70;8;85;;5;0;0;0;0;0
1754;344;20220912;3;140;20;10;30;150;;130;0;0;0;0;10156;69;8;87;;5;0;0;0;0;0
1755;344;20220912;4;150;10;20;30;154;;129;0;0;0;0;10153;69;8;85;;5;0;0;0;0;0
1756;344;20220912;5;160;20;20;40;141;;122;0;0;0;0;10153;63;8;88;;5;0;0;0;0;0
1757;344;20220912;6;160;20;20;60;146;102.0;128;0;4;0;0;10152;60;6;89;;5;0;0;0;0;0
1758;344;20220912;7;170;30;30;40;169;;144;3;46;0;0;10151;61;8;85;;5;0;0;0;0;0
1759;344;20220912;8;170;30;30;40;185;;146;8;95;0;0;10152;63;8;77;;5;0;0;0;0;0
1760;344;20220912;9;190;40;40;60;204;;148;10;149;0;0;10151;75;8;70;;5;0;0;0;0;0
1761;344;20220912;10;200;50;50;90;213;;139;10;191;0;0;10145;80;8;62;;5;0;0;0;0;0
1762;344;20220912;11;200;40;50;80;223;;146;9;212;0;0;10143;81;8;61;;5;0;0;0;0;0
1763;344;20220912;12;170;40;50;80;226;123.0;136;10;226;0;0;10140;82;8;56;;5;0;0;0;0;0
1764;344;20220912;13;190;40;40;70;232;;142;9;214;0;0;10134;81;8;57;;5;0;0;0;0;0
1765;344;20220912;14;170;40;40;80;232;;142;10;200;0;0;10127;80;8;56;;5;0;0;0;0;0
1766;344;20220912;15;210;40;40;70;235;;140;10;151;0;0;10125;82;8;55;;5;0;0;0;0;0
1767;344;20220912;16;210;40;40;80;227;;140;6;98;0;0;10120;80;8;57;;5;0;0;0;0;0
1768;344;20220912;17;210;30;30;60;223;;142;2;37;0;0;10113;83;8;59;;5;0;0;0;0;0
1769;344;20220912;18;250;20;10;40;211;184.0;143;5;13;0;0;10113;80;8;65;;5;0;0;0;0;0
1770;344;20220912;19;170;10;10;20;197;;146;0;0;0;0;10110;75;8;72;;5;0;0;0;0;0
1771;344;20220912;20;0;10;0;20;186;;153;0;0;0;0;10108;70;8;81;;5;0;0;0;0;0
1772;344;20220912;21;0;0;0;10;176;;159;0;0;0;0;10108;70;8;89;;5;0;0;0;0;0
1773;344;20220912;22;210;10;10;10;180;;161;0;0;0;0;10109;70;8;88;;5;0;0;0;0;0
1774;344;20220912;23;150;10;10;10;181;;162;0;0;0;0;10102;70;8;88;;5;0;0;0;0;0
1775;344;20220912;24;0;0;0;10;174;148.0;162;0;0;0;0;10099;64;8;92;;5;0;0;0;0;0
1776;344;20220913;1;320;10;20;20;175;;162;0;0;0;0;10099;65;8;91;;5;0;0;0;0;0
1777;344;20220913;2;0;10;0;20;175;;165;0;0;0;-1;10095;65;8;93;23.0;7;0;1;0;0;0
1778;344;20220913;3;200;10;10;10;174;;162;0;0;0;0;10096;64;8;92;2.0;7;0;0;0;0;0
1779;344;20220913;4;250;10;10;10;172;;163;0;0;0;0;10098;62;8;94;;5;0;0;0;0;0
1780;344;20220913;5;250;20;20;20;172;;165;0;0;0;0;10100;58;7;95;10.0;7;0;0;0;0;0
1781;344;20220913;6;290;10;10;20;178;145.0;168;2;7;0;0;10102;58;6;94;10.0;7;0;0;0;0;0
1782;344;20220913;7;330;10;10;20;194;;180;2;39;0;0;10104;59;7;91;10.0;7;0;0;0;0;0
1783;344;20220913;8;360;20;30;50;198;;177;6;57;0;0;10106;70;7;87;;5;0;0;0;0;0
1784;344;20220913;9;360;20;30;40;208;;171;2;100;0;0;10108;75;8;79;;5;0;0;0;0;0
1785;344;20220913;10;350;30;40;60;207;;170;3;115;0;0;10108;75;8;79;;5;0;0;0;0;0
1786;344;20220913;11;360;30;30;60;211;;157;7;186;0;0;10105;75;8;71;;5;0;0;0;0;0
1787;344;20220913;12;330;30;30;50;214;165.0;148;5;176;0;0;10105;78;8;66;;5;0;0;0;0;0
1788;344;20220913;13;350;30;30;50;219;;142;10;238;0;0;10104;80;8;61;;5;0;0;0;0;0
1789;344;20220913;14;360;30;30;50;212;;128;7;168;0;0;10104;81;8;58;;5;0;0;0;0;0
1790;344;20220913;15;350;30;30;60;203;;134;5;113;0;0;10105;81;8;64;;5;0;0;0;0;0
1791;344;20220913;16;340;30;40;50;191;;125;3;69;0;0;10102;80;8;65;;5;0;0;0;0;0
1792;344;20220913;17;360;30;30;50;182;;129;0;33;0;0;10098;75;8;71;;5;0;0;0;0;0
1793;344;20220913;18;10;30;20;50;177;164.0;127;0;5;0;0;10098;75;8;72;;5;0;0;0;0;0
1794;344;20220913;19;10;30;30;50;174;;129;0;0;0;0;10098;75;8;75;;5;0;0;0;0;0
1795;344;20220913;20;40;20;30;50;171;;126;0;0;0;0;10101;75;8;74;;5;0;0;0;0;0
1796;344;20220913;21;30;30;30;50;165;;126;0;0;0;0;10099;75;8;77;;5;0;0;0;0;0
1797;344;20220913;22;40;20;20;40;161;;127;0;0;0;0;10097;75;8;80;;5;0;0;0;0;0
1798;344;20220913;23;50;20;20;30;156;;126;0;0;0;-1;10095;70;8;82;23.0;7;0;1;0;0;0
1799;344;20220913;24;60;20;20;20;152;144.0;126;0;0;0;-1;10092;70;8;84;22.0;7;0;1;0;0;0
1800;344;20220914;1;40;20;20;30;156;;122;0;0;0;0;10086;75;8;80;;5;0;0;0;0;0
1801;344;20220914;2;50;20;20;30;150;;126;0;0;0;-1;10081;70;8;85;23.0;7;0;1;0;0;0
1802;344;20220914;3;60;20;30;30;150;;124;0;0;0;0;10075;70;8;84;2.0;7;0;0;0;0;0
1803;344;20220914;4;60;20;20;30;146;;126;0;0;0;0;10071;70;8;87;;5;0;0;0;0;0
1804;344;20220914;5;110;10;10;30;151;;126;0;0;0;0;10070;70;8;85;;5;0;0;0;0;0
1805;344;20220914;6;110;20;20;40;151;140.0;117;0;2;0;-1;10070;75;8;79;23.0;7;0;1;0;0;0
1806;344;20220914;7;100;20;20;30;152;;115;0;11;0;-1;10068;75;8;78;23.0;7;0;1;0;0;0
1807;344;20220914;8;50;20;20;40;153;;120;0;19;0;0;10067;75;8;80;;5;0;0;0;0;0
1808;344;20220914;9;40;20;20;40;157;;120;0;36;0;0;10066;75;8;78;2.0;7;0;0;0;0;0
1809;344;20220914;10;70;30;30;50;162;;122;0;39;0;0;10064;75;8;77;;5;0;0;0;0;0
1810;344;20220914;11;110;20;20;40;167;;122;0;57;0;0;10064;75;8;74;;5;0;0;0;0;0
1811;344;20220914;12;110;20;20;50;172;141.0;124;0;96;0;0;10063;75;8;73;2.0;7;0;0;0;0;0
1812;344;20220914;13;70;20;20;40;179;;126;1;129;0;0;10060;75;8;71;;5;0;0;0;0;0
1813;344;20220914;14;80;20;20;40;187;;128;4;132;0;0;10057;80;8;68;;5;0;0;0;0;0
1814;344;20220914;15;40;20;20;40;189;;121;7;142;0;0;10051;82;8;64;;5;0;0;0;0;0
1815;344;20220914;16;20;20;20;40;192;;122;7;90;0;0;10051;82;8;64;;5;0;0;0;0;0
1816;344;20220914;17;360;30;20;50;180;;128;8;44;0;0;10056;75;8;71;;5;0;0;0;0;0
1817;344;20220914;18;340;20;10;30;171;159.0;129;5;12;0;0;10060;75;7;76;;5;0;0;0;0;0
1818;344;20220914;19;310;10;10;20;152;;128;0;0;0;-1;10064;70;8;85;23.0;7;0;1;0;0;0
1819;344;20220914;20;330;10;10;30;140;;126;0;0;0;0;10066;65;8;91;;5;0;0;0;0;0
1820;344;20220914;21;0;10;0;20;129;;121;0;0;0;0;10068;65;8;94;2.0;7;0;0;0;0;0
1821;344;20220914;22;260;10;20;20;135;;124;0;0;0;0;10071;65;8;93;;5;0;0;0;0;0
1822;344;20220914;23;300;20;10;30;138;;121;0;0;0;0;10072;70;2;89;;5;0;0;0;0;0
1823;344;20220914;24;250;20;20;30;122;97.0;107;0;0;0;0;10075;70;8;90;3.0;7;0;0;0;0;0
1824;344;20220915;1;270;20;20;30;130;;113;0;0;0;0;10075;70;8;89;;5;0;0;0;0;0
1825;344;20220915;2;330;10;10;30;140;;118;0;0;0;0;10075;70;8;86;;5;0;0;0;0;0
1826;344;20220915;3;350;10;10;30;143;;125;0;0;0;0;10076;70;8;88;;5;0;0;0;0;0
1827;344;20220915;4;270;10;10;10;137;;123;0;0;0;0;10078;65;8;91;;5;0;0;0;0;0
1828;344;20220915;5;320;10;20;40;149;;119;0;0;0;0;10078;70;8;82;;5;0;0;0;0;0
1829;344;20220915;6;310;10;10;20;146;101.0;116;0;3;0;0;10079;70;8;81;;5;0;0;0;0;0
1830;344;20220915;7;300;10;10;20;157;;121;0;14;0;0;10083;75;8;79;;5;0;0;0;0;0
1831;344;20220915;8;360;20;30;80;162;;119;0;36;0;-1;10090;75;8;75;23.0;7;0;1;0;0;0
1832;344;20220915;9;350;50;50;100;164;;104;1;81;0;0;10098;80;8;67;2.0;7;0;0;0;0;0
1833;344;20220915;10;340;30;40;70;184;;102;3;137;0;0;10097;80;8;59;;5;0;0;0;0;0
1834;344;20220915;11;330;50;50;90;187;;89;2;146;0;0;10097;81;8;52;;5;0;0;0;0;0
1835;344;20220915;12;310;50;50;100;177;132.0;95;0;89;0;0;10101;82;8;58;2.0;7;0;0;0;0;0
1836;344;20220915;13;320;50;50;100;174;;91;1;117;0;0;10103;80;8;58;;5;0;0;0;0;0
1837;344;20220915;14;300;50;60;90;172;;88;0;53;0;-1;10103;83;8;57;23.0;7;0;1;0;0;0
1838;344;20220915;15;290;40;30;110;157;;119;0;39;2;3;10104;75;8;78;23.0;7;0;1;0;0;0
1839;344;20220915;16;320;50;50;90;163;;110;1;50;0;-1;10106;75;8;71;22.0;7;0;1;0;0;0
1840;344;20220915;17;310;40;40;90;160;;104;5;36;0;0;10108;80;8;69;;5;0;0;0;0;0
1841;344;20220915;18;320;40;40;90;145;130.0;95;2;8;0;0;10108;75;3;71;1.0;7;0;0;0;0;0
1842;344;20220915;19;310;30;50;110;140;;105;0;0;1;2;10111;60;7;79;81.0;7;0;1;0;0;0
1843;344;20220915;20;310;30;50;90;143;;102;0;0;2;4;10112;75;8;76;81.0;7;0;1;0;0;0
1844;344;20220915;21;280;40;50;90;141;;80;0;0;0;-1;10114;80;8;66;23.0;7;0;1;0;0;0
1845;344;20220915;22;330;30;30;80;131;;95;0;0;0;-1;10114;75;8;78;23.0;7;0;1;0;0;0
1846;344;20220915;23;290;20;20;60;122;;94;0;0;0;-1;10113;70;8;82;23.0;7;0;1;0;0;0
1847;344;20220915;24;280;20;30;50;125;88.0;79;0;0;0;0;10110;75;7;73;1.0;7;0;0;0;0;0
1848;344;20220916;1;290;40;40;80;133;;91;0;0;0;-1;10110;75;8;75;23.0;7;0;1;0;0;0
1849;344;20220916;2;310;30;10;100;116;;105;0;0;2;8;10113;65;7;92;23.0;7;0;1;0;0;0
1850;344;20220916;3;330;10;10;60;113;;99;0;0;2;17;10113;70;8;90;23.0;7;0;1;0;0;0
1851;344;20220916;4;180;10;10;20;114;;106;0;0;5;15;10111;65;8;94;81.0;7;0;1;0;0;0
1852;344;20220916;5;230;20;20;30;115;;108;0;0;3;5;10109;65;7;95;81.0;7;0;1;0;0;0
1853;344;20220916;6;350;30;30;80;127;97.0;93;2;6;0;-1;10111;75;7;79;23.0;7;0;1;0;0;0
1854;344;20220916;7;320;30;20;110;137;;98;5;44;0;0;10112;75;6;76;;5;0;0;0;0;0
1855;344;20220916;8;280;30;20;120;124;;95;5;55;3;24;10115;70;7;82;23.0;7;0;1;0;0;0
1856;344;20220916;9;350;40;60;110;123;;96;6;114;2;11;10123;59;7;83;82.0;7;0;1;0;0;0
1857;344;20220916;10;330;30;20;90;137;;104;3;76;6;10;10123;75;7;80;23.0;7;0;1;0;0;0
1858;344;20220916;11;310;40;40;70;155;;92;5;147;2;2;10122;79;1;66;23.0;7;0;1;0;0;0
1859;344;20220916;12;320;60;70;120;163;109.0;105;6;168;0;-1;10124;73;8;68;81.0;7;0;1;0;0;0
1860;344;20220916;13;330;60;60;120;125;;85;3;118;4;8;10132;61;8;77;81.0;7;0;1;0;0;0
1861;344;20220916;14;270;30;10;90;141;;87;4;82;5;4;10124;80;8;69;57.0;7;0;1;0;0;0
1862;344;20220916;15;320;30;50;90;146;;87;5;61;1;5;10124;80;6;67;23.0;7;0;1;0;0;0
1863;344;20220916;16;320;60;60;140;140;;91;6;66;0;-1;10125;75;4;72;23.0;7;0;1;0;0;0
1864;344;20220916;17;320;60;50;100;140;;73;3;35;0;0;10126;75;2;63;;5;0;0;0;0;0
1865;344;20220916;18;310;50;50;100;130;112.0;74;0;4;0;-1;10128;78;1;68;23.0;7;0;1;0;0;0
1866;344;20220916;19;300;50;60;130;127;;86;0;0;2;2;10131;65;7;76;81.0;7;0;1;0;0;0
1867;344;20220916;20;320;40;40;100;126;;86;0;0;0;-1;10133;72;6;76;23.0;7;0;1;0;0;0
1868;344;20220916;21;340;40;50;100;131;;76;0;0;0;-1;10137;78;6;69;23.0;7;0;1;0;0;0
1869;344;20220916;22;330;50;30;120;113;;87;0;0;3;4;10140;70;8;84;23.0;7;0;1;0;0;0
1870;344;20220916;23;320;40;40;90;119;;93;0;0;5;10;10142;70;8;84;81.0;7;0;1;0;0;0
1871;344;20220916;24;350;50;50;130;114;100.0;81;0;0;3;5;10144;67;8;79;81.0;7;0;1;0;0;0
1872;344;20220917;1;330;50;30;100;114;;96;0;0;3;12;10146;64;8;88;81.0;7;0;1;0;0;0
1873;344;20220917;2;320;30;30;70;111;;79;0;0;2;5;10147;72;3;80;23.0;7;0;1;0;0;0
1874;344;20220917;3;330;40;40;70;119;;74;0;0;0;-1;10149;75;7;74;23.0;7;0;1;0;0;0
1875;344;20220917;4;300;40;30;80;116;;67;0;0;0;0;10148;75;8;72;;5;0;0;0;0;0
1876;344;20220917;5;340;30;40;80;120;;69;0;0;0;-1;10152;75;4;71;23.0;7;0;1;0;0;0
1877;344;20220917;6;300;30;20;100;104;91.0;69;0;4;1;2;10152;75;4;79;23.0;7;0;1;0;0;0
1878;344;20220917;7;360;40;30;120;124;;83;0;23;1;4;10157;75;7;76;23.0;7;0;1;0;0;0
1879;344;20220917;8;330;30;70;110;141;;84;8;88;0;-1;10159;78;7;68;23.0;7;0;1;0;0;0
1880;344;20220917;9;320;50;40;100;145;;97;7;111;2;5;10160;64;7;72;81.0;7;0;1;0;0;0
1881;344;20220917;10;320;50;50;110;148;;87;5;136;0;-1;10161;79;7;67;23.0;7;0;1;0;0;0
1882;344;20220917;11;340;50;60;130;144;;83;7;131;2;2;10161;67;7;66;81.0;7;0;1;0;0;0
1883;344;20220917;12;330;60;50;150;142;91.0;95;7;156;2;3;10162;70;5;73;23.0;7;0;1;0;0;0
1884;344;20220917;13;320;70;80;140;163;;64;9;185;0;-1;10161;80;2;51;23.0;7;0;1;0;0;0
1885;344;20220917;14;320;70;80;140;163;;76;10;189;0;0;10161;69;4;56;;5;0;0;0;0;0
1886;344;20220917;15;330;80;70;140;150;;58;9;137;0;0;10163;80;2;54;1.0;7;0;0;0;0;0
1887;344;20220917;16;300;60;50;150;131;;90;2;37;4;9;10166;65;8;76;81.0;7;0;1;0;0;0
1888;344;20220917;17;290;50;40;110;126;;95;0;16;4;9;10165;70;8;81;23.0;7;0;1;0;0;0
1889;344;20220917;18;280;30;30;120;113;104.0;95;0;4;3;5;10164;70;8;88;23.0;7;0;1;0;0;0
1890;344;20220917;19;320;30;40;90;122;;102;0;0;3;6;10168;70;8;87;23.0;7;0;1;0;0;0
1891;344;20220917;20;360;40;50;90;122;;97;0;0;2;3;10169;64;8;84;81.0;7;0;1;0;0;0
1892;344;20220917;21;310;40;40;80;127;;92;0;0;2;2;10168;75;8;79;23.0;7;0;1;0;0;0
1893;344;20220917;22;340;40;20;110;117;;100;0;0;3;8;10171;70;8;89;23.0;7;0;1;0;0;0
1894;344;20220917;23;320;30;50;100;127;;97;0;0;2;9;10168;70;8;81;23.0;7;0;1;0;0;0
1895;344;20220917;24;340;50;50;110;129;103.0;97;0;0;1;2;10167;75;8;80;23.0;7;0;1;0;0;0
1896;344;20220918;1;310;40;50;100;131;;93;0;0;0;-1;10166;75;8;77;51.0;7;0;1;0;0;0
1897;344;20220918;2;290;40;50;100;129;;79;0;0;2;1;10162;75;8;71;23.0;7;0;1;0;0;0
1898;344;20220918;3;300;50;50;90;136;;85;0;0;0;-1;10160;75;8;71;81.0;7;0;1;0;0;0
1899;344;20220918;4;310;40;40;100;132;;95;0;0;0;-1;10157;75;8;78;81.0;7;0;1;0;0;0
1900;344;20220918;5;310;40;30;100;129;;95;0;0;3;5;10157;75;8;79;23.0;7;0;1;0;0;0
1901;344;20220918;6;280;30;40;100;125;109.0;97;0;3;3;13;10154;70;8;82;81.0;7;0;1;0;0;0
1902;344;20220918;7;300;40;40;90;138;;92;0;18;0;-1;10155;75;8;73;23.0;7;0;1;0;0;0
1903;344;20220918;8;310;40;40;90;129;;109;0;27;3;16;10153;70;8;87;23.0;7;0;1;0;0;0
1904;344;20220918;9;290;50;50;120;140;;97;0;46;1;1;10155;75;8;75;23.0;7;0;1;0;0;0
1905;344;20220918;10;330;50;70;110;142;;100;0;69;0;-1;10155;75;8;75;81.0;7;0;1;0;0;0
1906;344;20220918;11;270;60;70;110;128;;103;0;50;4;4;10157;66;8;84;81.0;7;0;1;0;0;0
1907;344;20220918;12;290;30;20;100;128;115.0;115;0;27;8;52;10157;65;8;91;57.0;7;0;1;0;0;0
1908;344;20220918;13;290;30;40;60;131;;111;0;39;6;4;10157;62;8;87;61.0;7;0;1;0;0;0
1909;344;20220918;14;300;40;30;80;122;;111;0;21;10;21;10155;65;8;92;61.0;7;0;1;0;0;0
1910;344;20220918;15;320;40;40;90;127;;109;0;21;9;10;10152;67;8;88;61.0;7;0;1;0;0;0
1911;344;20220918;16;340;50;40;90;123;;98;0;13;8;13;10155;70;8;84;61.0;7;0;1;0;0;0
1912;344;20220918;17;330;30;30;80;118;;99;0;7;9;12;10159;70;8;87;61.0;7;0;1;0;0;0
1913;344;20220918;18;300;30;30;70;111;103.0;93;0;2;5;13;10162;70;8;88;23.0;7;0;1;0;0;0
1914;344;20220918;19;330;40;30;100;114;;81;0;0;3;1;10170;75;4;80;23.0;7;0;1;0;0;0
1915;344;20220918;20;340;40;40;110;120;;71;0;0;2;3;10178;75;7;72;81.0;7;0;1;0;0;0
1916;344;20220918;21;320;30;30;70;106;;71;0;0;0;-1;10179;75;2;78;23.0;7;0;1;0;0;0
1917;344;20220918;22;330;30;40;60;118;;73;0;0;0;-1;10183;74;2;74;23.0;7;0;1;0;0;0
1918;344;20220918;23;360;30;20;60;113;;68;0;0;0;0;10186;75;7;74;;5;0;0;0;0;0
1919;344;20220918;24;340;30;30;80;124;78.0;82;0;0;0;0;10187;75;4;75;1.0;7;0;0;0;0;0
1920;344;20220919;1;320;20;20;50;105;;79;0;0;1;1;10189;70;1;84;23.0;7;0;1;0;0;0
1921;344;20220919;2;320;20;30;40;99;;69;0;0;0;0;10191;70;4;81;;5;0;0;0;0;0
1922;344;20220919;3;310;20;20;40;101;;69;0;0;0;0;10192;75;8;80;3.0;7;0;0;0;0;0
1923;344;20220919;4;290;20;10;30;90;;63;0;0;0;0;10193;70;1;83;;5;0;0;0;0;0
1924;344;20220919;5;270;20;20;40;85;;51;0;0;0;0;10196;75;0;79;;5;0;0;0;0;0
1925;344;20220919;6;280;20;20;30;99;51.0;63;0;4;0;0;10200;75;7;78;3.0;7;0;0;0;0;0
1926;344;20220919;7;280;20;20;40;135;;88;7;40;0;0;10205;75;3;73;;5;0;0;0;0;0
1927;344;20220919;8;320;30;40;70;150;;85;8;83;0;0;10210;80;5;65;;5;0;0;0;0;0
1928;344;20220919;9;320;40;50;80;163;;80;10;126;0;0;10214;80;4;57;;5;0;0;0;0;0
1929;344;20220919;10;310;50;50;90;163;;79;5;151;0;0;10216;81;8;57;;5;0;0;0;0;0
1930;344;20220919;11;300;50;50;90;164;;72;8;176;0;0;10217;80;6;54;;5;0;0;0;0;0
1931;344;20220919;12;320;50;50;90;162;68.0;80;8;169;0;0;10217;81;8;58;;5;0;0;0;0;0
1932;344;20220919;13;340;60;50;110;140;;105;5;135;3;3;10221;67;8;79;51.0;7;0;1;0;0;0
1933;344;20220919;14;340;40;60;90;160;;112;4;120;2;2;10220;75;7;73;23.0;7;0;1;0;0;0
1934;344;20220919;15;280;50;40;90;135;;116;0;52;0;-1;10222;70;8;88;23.0;7;0;1;0;0;0
1935;344;20220919;16;260;30;30;80;136;;120;0;35;0;-1;10218;70;8;90;22.0;7;0;1;0;0;0
1936;344;20220919;17;320;30;20;50;142;;95;5;27;0;0;10222;75;8;73;;5;0;0;0;0;0
1937;344;20220919;18;290;20;20;70;130;125.0;104;0;4;0;0;10225;70;8;84;2.0;7;0;0;0;0;0
1938;344;20220919;19;260;20;20;40;124;;93;0;0;0;0;10227;70;8;81;;5;0;0;0;0;0
1939;344;20220919;20;250;20;20;50;112;;101;0;0;2;2;10229;65;8;93;23.0;7;0;1;0;0;0
1940;344;20220919;21;220;10;10;20;106;;102;0;0;0;0;10230;65;8;97;2.0;7;0;0;0;0;0
1941;344;20220919;22;70;10;20;30;102;;93;0;0;0;0;10230;65;8;93;;5;0;0;0;0;0
1942;344;20220919;23;160;10;10;30;91;;86;0;0;0;0;10231;65;6;97;;5;0;0;0;0;0
1943;344;20220919;24;210;20;20;30;113;80.0;105;0;0;0;0;10230;65;8;94;3.0;7;0;0;0;0;0
1944;344;20220920;1;10;20;10;50;113;;101;0;0;0;-1;10230;65;4;91;23.0;7;0;1;0;0;0
1945;344;20220920;2;60;10;10;20;96;;92;0;0;0;0;10230;65;5;97;;5;0;0;0;0;0
1946;344;20220920;3;210;10;10;20;87;;82;0;0;0;0;10227;65;8;97;3.0;7;0;0;0;0;0
1947;344;20220920;4;280;10;10;20;99;;94;0;0;0;0;10229;64;8;97;;5;0;0;0;0;0
1948;344;20220920;5;40;20;30;50;116;;101;0;0;6;15;10230;70;8;90;23.0;7;0;1;0;0;0
1949;344;20220920;6;240;10;10;30;115;73.0;98;0;2;0;-1;10233;70;8;89;23.0;7;0;1;0;0;0
1950;344;20220920;7;240;10;10;30;130;;110;2;25;0;0;10236;70;8;87;;5;0;0;0;0;0
1951;344;20220920;8;260;10;10;20;147;;100;6;83;0;0;10239;75;8;73;;5;0;0;0;0;0
1952;344;20220920;9;30;10;20;40;161;;90;10;137;0;0;10243;80;1;62;;5;0;0;0;0;0
1953;344;20220920;10;350;30;30;60;160;;85;8;156;0;0;10245;80;1;61;;5;0;0;0;0;0
1954;344;20220920;11;30;40;40;80;161;;99;6;144;0;0;10245;78;7;66;;5;0;0;0;0;0
1955;344;20220920;12;300;30;30;60;172;110.0;87;8;176;0;0;10246;77;1;57;;5;0;0;0;0;0
1956;344;20220920;13;10;40;50;70;157;;79;7;164;0;0;10247;80;6;59;;5;0;0;0;0;0
1957;344;20220920;14;340;30;20;60;168;;80;7;135;0;0;10246;81;6;55;;5;0;0;0;0;0
1958;344;20220920;15;340;30;30;70;161;;58;8;96;0;0;10245;80;1;50;;5;0;0;0;0;0
1959;344;20220920;16;340;30;40;70;161;;80;10;99;0;0;10244;82;6;58;;5;0;0;0;0;0
1960;344;20220920;17;350;30;30;60;148;;81;10;41;0;0;10248;83;3;64;;5;0;0;0;0;0
1961;344;20220920;18;350;20;10;40;122;97.0;82;0;3;0;0;10251;75;7;76;;5;0;0;0;0;0
1962;344;20220920;19;0;10;0;20;106;;91;0;0;0;0;10255;70;7;90;;5;0;0;0;0;0
1963;344;20220920;20;0;0;0;10;101;;82;0;0;0;0;10260;70;7;87;;5;0;0;0;0;0
1964;344;20220920;21;40;10;10;20;107;;92;0;0;0;0;10264;70;8;90;;5;0;0;0;0;0
1965;344;20220920;22;270;10;10;10;109;;89;0;0;0;0;10266;70;8;87;;5;0;0;0;0;0
1966;344;20220920;23;310;10;10;10;96;;90;0;0;0;0;10267;65;7;95;;5;0;0;0;0;0
1967;344;20220920;24;70;10;10;10;102;65.0;92;0;0;0;0;10268;65;8;92;;5;0;0;0;0;0
1968;344;20220921;1;0;0;0;10;104;;100;0;0;0;0;10267;65;8;97;;5;0;0;0;0;0
1969;344;20220921;2;80;10;10;10;102;;94;0;0;0;0;10266;65;8;95;;5;0;0;0;0;0
1970;344;20220921;3;340;10;10;20;98;;93;0;0;0;0;10267;65;8;96;;5;0;0;0;0;0
1971;344;20220921;4;80;10;10;20;84;;80;0;0;0;0;10267;65;8;97;;5;0;0;0;0;0
1972;344;20220921;5;0;0;0;10;89;;86;0;0;0;0;10267;57;8;98;10.0;7;0;0;0;0;0
1973;344;20220921;6;90;10;10;10;92;55.0;87;2;4;0;0;10268;65;7;97;;5;0;0;0;0;0
1974;344;20220921;7;120;10;10;10;106;;90;0;21;0;0;10270;70;0;90;;5;0;0;0;0;0
1975;344;20220921;8;140;10;10;20;143;;92;8;88;0;0;10271;75;0;71;;5;0;0;0;0;0
1976;344;20220921;9;120;20;10;50;155;;85;10;147;0;0;10273;80;7;62;;5;0;0;0;0;0
1977;344;20220921;10;100;10;20;40;162;;72;7;156;0;0;10274;81;8;55;;5;0;0;0;0;0
1978;344;20220921;11;990;10;10;30;175;;64;9;207;0;0;10272;80;5;48;;5;0;0;0;0;0
1979;344;20220921;12;110;20;20;40;176;80.0;58;7;188;0;0;10269;80;7;45;;5;0;0;0;0;0
1980;344;20220921;13;990;10;10;50;167;;60;3;140;0;0;10266;82;8;49;;5;0;0;0;0;0
1981;344;20220921;14;60;10;20;40;173;;73;5;135;0;0;10262;81;8;51;;5;0;0;0;0;0
1982;344;20220921;15;70;20;30;40;173;;69;9;152;0;0;10259;81;8;50;;5;0;0;0;0;0
1983;344;20220921;16;100;20;20;40;156;;55;4;54;0;0;10254;83;8;51;;5;0;0;0;0;0
1984;344;20220921;17;100;10;10;30;146;;74;0;19;0;0;10254;83;8;62;;5;0;0;0;0;0
1985;344;20220921;18;0;10;0;30;124;96.0;85;0;3;0;0;10254;75;8;76;;5;0;0;0;0;0
1986;344;20220921;19;330;10;10;10;102;;86;0;0;0;0;10255;70;4;90;;5;0;0;0;0;0
1987;344;20220921;20;0;10;0;10;97;;92;0;0;0;0;10257;65;8;96;;5;0;0;0;0;0
1988;344;20220921;21;0;0;0;10;87;;83;0;0;0;0;10255;65;0;97;;5;0;0;0;0;0
1989;344;20220921;22;0;0;0;10;80;;76;0;0;0;0;10254;65;0;97;;5;0;0;0;0;0
1990;344;20220921;23;0;0;0;10;76;;72;0;0;0;0;10254;64;0;97;;5;0;0;0;0;0
1991;344;20220921;24;0;0;0;10;77;40.0;73;0;0;0;0;10251;65;0;97;;5;0;0;0;0;0
1992;344;20220922;1;0;10;0;10;69;;65;0;0;0;0;10247;65;0;97;20.0;7;1;0;0;0;0
1993;344;20220922;2;0;10;0;10;70;;66;0;0;0;0;10242;65;0;97;20.0;7;1;0;0;0;0
1994;344;20220922;3;60;10;10;10;63;;62;0;0;0;0;10238;7;0;99;34.0;7;1;0;0;0;0
1995;344;20220922;4;60;10;10;10;61;;58;0;0;0;0;10235;59;6;98;20.0;7;1;0;0;0;0
1996;344;20220922;5;60;10;10;10;59;;55;0;0;0;0;10233;60;7;97;;5;0;0;0;0;0
1997;344;20220922;6;0;0;0;10;65;25.0;62;0;3;0;0;10234;12;2;98;20.0;7;1;0;0;0;0
1998;344;20220922;7;50;10;10;10;94;;70;10;37;0;0;10232;60;8;85;20.0;7;1;0;0;0;0
1999;344;20220922;8;160;10;10;20;138;;75;10;87;0;0;10231;68;2;66;;5;0;0;0;0;0
2000;344;20220922;9;160;20;20;40;162;;81;10;137;0;0;10228;76;5;58;3.0;7;0;0;0;0;0
2001;344;20220922;10;160;20;20;50;172;;72;10;176;0;0;10229;80;8;51;;5;0;0;0;0;0
2002;344;20220922;11;170;20;30;40;177;;74;10;194;0;0;10223;80;8;50;;5;0;0;0;0;0
2003;344;20220922;12;190;30;40;80;183;35.0;76;10;217;0;0;10218;77;6;49;1.0;7;0;0;0;0;0
2004;344;20220922;13;200;40;50;70;185;;85;10;200;0;0;10211;82;8;52;;5;0;0;0;0;0
2005;344;20220922;14;170;40;40;80;182;;72;10;182;0;0;10208;81;8;48;;5;0;0;0;0;0
2006;344;20220922;15;210;40;30;80;185;;70;10;134;0;0;10202;80;8;47;;5;0;0;0;0;0
2007;344;20220922;16;180;40;30;70;174;;72;8;84;0;0;10199;82;8;51;;5;0;0;0;0;0
2008;344;20220922;17;200;30;30;50;160;;74;0;22;0;0;10196;83;8;56;;5;0;0;0;0;0
2009;344;20220922;18;160;20;20;50;142;115.0;85;2;3;0;0;10194;80;8;68;;5;0;0;0;0;0
2010;344;20220922;19;140;20;20;20;127;;87;0;0;0;0;10195;75;8;76;;5;0;0;0;0;0
2011;344;20220922;20;0;10;0;20;113;;91;0;0;0;0;10193;67;8;86;;5;0;0;0;0;0
2012;344;20220922;21;140;10;20;20;105;;92;0;0;0;0;10189;65;8;91;;5;0;0;0;0;0
2013;344;20220922;22;160;20;20;30;106;;89;0;0;0;0;10183;70;8;88;;5;0;0;0;0;0
2014;344;20220922;23;160;20;20;30;104;;77;0;0;0;0;10181;70;8;83;;5;0;0;0;0;0
2015;344;20220922;24;160;30;30;30;121;82.0;75;0;0;0;0;10176;75;8;73;;5;0;0;0;0;0
2016;344;20220923;1;170;30;30;30;116;;75;0;0;0;0;10173;75;8;75;;5;0;0;0;0;0
2017;344;20220923;2;160;30;40;40;116;;74;0;0;0;0;10168;75;8;75;;5;0;0;0;0;0
2018;344;20220923;3;170;30;20;40;114;;77;0;0;0;0;10164;75;8;78;;5;0;0;0;0;0
2019;344;20220923;4;170;30;30;40;117;;80;0;0;0;0;10160;75;8;78;;5;0;0;0;0;0
2020;344;20220923;5;190;30;30;40;121;;85;0;0;0;0;10158;75;8;78;;5;0;0;0;0;0
2021;344;20220923;6;190;30;30;60;125;83.0;91;0;1;0;0;10159;75;8;79;;5;0;0;0;0;0
2022;344;20220923;7;180;30;30;50;133;;98;0;19;0;0;10158;75;8;79;;5;0;0;0;0;0
2023;344;20220923;8;190;30;30;50;147;;101;0;48;0;0;10158;75;8;74;;5;0;0;0;0;0
2024;344;20220923;9;200;30;30;50;157;;105;1;77;0;0;10159;75;8;71;;5;0;0;0;0;0
2025;344;20220923;10;200;30;30;40;161;;108;0;76;0;0;10157;75;8;70;;5;0;0;0;0;0
2026;344;20220923;11;210;30;30;60;173;;119;0;90;0;0;10154;75;8;70;;5;0;0;0;0;0
2027;344;20220923;12;190;40;50;70;183;107.0;123;3;144;0;0;10150;78;8;68;;5;0;0;0;0;0
2028;344;20220923;13;220;40;50;80;183;;133;2;127;0;0;10148;75;8;72;;5;0;0;0;0;0
2029;344;20220923;14;230;50;40;70;176;;134;0;65;0;0;10144;75;8;76;;5;0;0;0;0;0
2030;344;20220923;15;220;40;50;70;175;;137;0;43;0;-1;10139;69;8;78;81.0;7;0;1;0;0;0
2031;344;20220923;16;220;30;20;60;157;;146;0;9;9;21;10139;60;8;92;61.0;7;0;1;0;0;0
2032;344;20220923;17;990;10;10;30;156;;146;0;6;0;-1;10136;61;8;93;81.0;7;0;1;0;0;0
2033;344;20220923;18;180;30;40;90;158;148.0;139;0;1;3;1;10134;61;8;88;81.0;7;0;1;0;0;0
2034;344;20220923;19;230;50;40;110;137;;128;0;0;10;60;10135;57;8;94;62.0;7;0;1;0;0;0
2035;344;20220923;20;220;30;30;60;137;;128;0;0;10;8;10137;65;8;94;61.0;7;0;1;0;0;0
2036;344;20220923;21;210;30;30;50;140;;134;0;0;10;5;10132;57;8;96;62.0;7;0;1;0;0;0
2037;344;20220923;22;210;40;40;60;141;;134;0;0;10;10;10129;50;8;95;58.0;7;0;1;0;0;0
2038;344;20220923;23;210;40;40;70;139;;132;0;0;10;3;10122;58;8;95;51.0;7;0;1;0;0;0
2039;344;20220923;24;190;40;30;70;138;131.0;129;0;0;0;-1;10122;61;8;94;51.0;7;0;1;0;0;0
2040;344;20220924;1;190;30;20;50;136;;128;0;0;0;-1;10120;62;8;94;22.0;7;0;1;0;0;0
2041;344;20220924;2;170;30;30;50;135;;126;0;0;0;0;10117;59;8;94;10.0;7;0;0;0;0;0
2042;344;20220924;3;180;30;20;40;135;;128;0;0;0;0;10117;57;8;95;10.0;7;0;0;0;0;0
2043;344;20220924;4;200;20;10;30;136;;130;0;0;0;0;10110;56;8;96;10.0;7;0;0;0;0;0
2044;344;20220924;5;310;10;20;30;137;;132;0;0;0;-1;10110;32;8;97;57.0;7;0;1;0;0;0
2045;344;20220924;6;20;30;40;60;139;131.0;129;0;1;7;4;10113;60;8;93;23.0;7;0;1;0;0;0
2046;344;20220924;7;10;40;40;80;139;;129;0;9;0;-1;10118;60;8;93;81.0;7;0;1;0;0;0
2047;344;20220924;8;20;50;50;90;135;;128;0;18;6;6;10122;57;8;95;81.0;7;0;1;0;0;0
2048;344;20220924;9;20;50;50;80;141;;123;0;35;3;2;10129;70;8;88;23.0;7;0;1;0;0;0
2049;344;20220924;10;20;50;60;100;147;;113;0;58;0;0;10132;75;8;80;;5;0;0;0;0;0
2050;344;20220924;11;20;50;60;100;150;;111;0;54;0;-1;10134;75;8;77;23.0;7;0;1;0;0;0
2051;344;20220924;12;20;50;50;100;153;133.0;109;0;74;0;-1;10136;75;8;75;23.0;7;0;1;0;0;0
2052;344;20220924;13;20;50;40;100;153;;118;0;62;0;-1;10137;75;8;79;23.0;7;0;1;0;0;0
2053;344;20220924;14;30;50;50;80;161;;105;0;61;0;0;10138;80;8;69;;5;0;0;0;0;0
2054;344;20220924;15;30;50;50;80;162;;89;8;105;0;0;10141;82;8;61;2.0;7;0;0;0;0;0
2055;344;20220924;16;40;50;60;100;165;;91;10;99;0;0;10142;80;8;61;;5;0;0;0;0;0
2056;344;20220924;17;30;60;50;100;154;;86;10;44;0;0;10147;82;5;63;;5;0;0;0;0;0
2057;344;20220924;18;10;40;40;70;138;120.0;93;0;3;0;0;10153;75;1;73;1.0;7;0;0;0;0;0
2058;344;20220924;19;10;30;30;60;131;;96;0;0;0;0;10158;75;8;79;;5;0;0;0;0;0
2059;344;20220924;20;10;20;20;40;123;;94;0;0;0;0;10162;70;7;82;;5;0;0;0;0;0
2060;344;20220924;21;10;20;20;30;112;;92;0;0;0;0;10165;70;5;87;;5;0;0;0;0;0
2061;344;20220924;22;330;20;10;30;89;;82;0;0;0;0;10166;65;0;95;;5;0;0;0;0;0
2062;344;20220924;23;330;20;20;20;84;;80;0;0;0;0;10166;65;0;97;;5;0;0;0;0;0
2063;344;20220924;24;330;10;10;20;85;60.0;81;0;0;0;0;10165;65;0;97;;5;0;0;0;0;0
2064;344;20220925;1;0;10;0;10;71;;67;0;0;0;0;10166;65;0;97;;5;0;0;0;0;0
2065;344;20220925;2;0;0;0;10;71;;67;0;0;0;0;10167;61;7;97;20.0;7;1;0;0;0;0
2066;344;20220925;3;240;10;10;30;89;;84;0;0;0;0;10166;65;7;97;2.0;7;0;0;0;0;0
2067;344;20220925;4;300;10;10;20;95;;90;0;0;5;4;10165;65;8;97;81.0;7;0;1;0;0;0
2068;344;20220925;5;310;10;20;30;92;;87;0;0;0;-1;10163;64;2;97;23.0;7;0;1;0;0;0
2069;344;20220925;6;50;10;10;20;90;51.0;87;0;3;0;0;10162;65;6;97;3.0;7;0;0;0;0;0
2070;344;20220925;7;250;10;10;30;110;;102;3;18;6;2;10164;65;8;94;81.0;7;0;1;0;0;0
2071;344;20220925;8;340;10;10;20;126;;110;0;46;0;-1;10165;70;8;90;23.0;7;0;1;0;0;0
2072;344;20220925;9;310;10;10;20;146;;105;2;95;0;0;10164;75;8;76;2.0;7;0;0;0;0;0
2073;344;20220925;10;300;10;20;40;155;;104;8;148;0;0;10164;75;8;71;;5;0;0;0;0;0
2074;344;20220925;11;340;20;40;60;159;;90;7;158;0;0;10161;82;4;63;;5;0;0;0;0;0
2075;344;20220925;12;350;30;30;60;165;79.0;100;8;195;0;-1;10157;80;5;65;23.0;7;0;1;0;0;0
2076;344;20220925;13;340;30;30;60;169;;84;9;181;0;0;10152;82;1;57;;5;0;0;0;0;0
2077;344;20220925;14;340;40;30;60;157;;97;4;102;0;0;10149;80;8;67;;5;0;0;0;0;0
2078;344;20220925;15;330;30;30;50;153;;87;4;93;0;0;10145;82;8;64;;5;0;0;0;0;0
2079;344;20220925;16;280;20;10;70;147;;103;3;50;0;-1;10143;75;8;74;23.0;7;0;1;0;0;0
2080;344;20220925;17;280;10;10;20;133;;102;5;23;0;0;10140;70;8;81;;5;0;0;0;0;0
2081;344;20220925;18;270;20;10;70;119;121.0;102;0;2;0;-1;10137;70;8;89;23.0;7;0;1;0;0;0
2082;344;20220925;19;260;20;20;20;115;;101;0;0;0;0;10130;65;8;91;;5;0;0;0;0;0
2083;344;20220925;20;200;20;20;30;99;;89;0;0;0;-1;10124;65;8;93;23.0;7;0;1;0;0;0
2084;344;20220925;21;190;20;20;30;114;;96;0;0;0;0;10118;70;8;88;2.0;7;0;0;0;0;0
2085;344;20220925;22;200;20;30;40;124;;103;0;0;0;0;10109;70;8;86;;5;0;0;0;0;0
2086;344;20220925;23;220;40;50;70;128;;108;0;0;5;2;10101;69;8;87;81.0;7;0;1;0;0;0
2087;344;20220925;24;210;40;40;70;128;97.0;103;0;0;0;-1;10089;70;8;84;23.0;7;0;1;0;0;0
2088;344;20220926;1;210;50;40;70;127;;102;0;0;0;-1;10077;70;8;84;23.0;7;0;1;0;0;0
2089;344;20220926;2;210;50;60;80;128;;91;0;0;0;-1;10063;75;8;78;81.0;7;0;1;0;0;0
2090;344;20220926;3;220;70;80;100;128;;80;0;0;0;-1;10052;75;8;72;23.0;7;0;1;0;0;0
2091;344;20220926;4;210;70;80;120;124;;79;0;0;4;1;10037;71;8;73;81.0;7;0;1;0;0;0
2092;344;20220926;5;200;70;70;130;121;;83;0;0;0;-1;10024;75;8;77;23.0;7;0;1;0;0;0
2093;344;20220926;6;190;70;70;120;120;110.0;88;0;1;0;0;10012;75;8;80;2.0;7;0;0;0;0;0
2094;344;20220926;7;200;70;80;120;125;;92;0;8;0;0;9997;75;8;80;;5;0;0;0;0;0
2095;344;20220926;8;200;80;70;130;124;;99;0;14;0;-1;9991;68;8;85;57.0;7;0;1;0;0;0
2096;344;20220926;9;200;80;80;120;122;;108;0;20;9;5;9983;50;8;91;61.0;7;0;1;0;0;0
2097;344;20220926;10;200;80;70;130;123;;115;0;35;10;17;9978;50;8;94;62.0;7;0;1;0;0;0
2098;344;20220926;11;210;80;70;130;125;;118;0;24;10;34;9979;50;8;95;62.0;7;0;1;0;0;0
2099;344;20220926;12;220;60;60;110;130;112.0;123;0;25;9;21;9972;61;8;95;51.0;7;0;1;0;0;0
2100;344;20220926;13;220;50;40;100;145;;139;1;62;7;14;9968;65;8;96;57.0;7;0;1;0;0;0
2101;344;20220926;14;270;40;40;90;128;;118;4;111;4;24;9966;57;8;93;82.0;7;0;1;0;0;0
2102;344;20220926;15;290;30;50;80;146;;111;3;54;4;1;9963;66;6;79;23.0;7;0;1;0;0;0
2103;344;20220926;16;270;40;40;90;136;;99;5;63;0;0;9961;75;4;78;;5;0;0;0;0;0
2104;344;20220926;17;300;40;40;90;128;;100;5;23;2;1;9962;70;8;82;23.0;7;0;1;0;0;0
2105;344;20220926;18;300;30;20;70;116;111.0;96;0;1;2;8;9963;70;8;87;23.0;7;0;1;0;0;0
2106;344;20220926;19;330;30;30;90;114;;105;0;0;6;3;9970;65;8;93;81.0;7;0;1;0;0;0
2107;344;20220926;20;330;40;30;110;107;;85;0;0;10;18;9975;70;8;86;61.0;7;0;1;0;0;0
2108;344;20220926;21;320;30;40;80;113;;82;0;0;8;7;9974;70;8;81;23.0;7;0;1;0;0;0
2109;344;20220926;22;310;50;30;100;109;;90;0;0;5;6;9973;65;8;88;57.0;7;0;1;0;0;0
2110;344;20220926;23;350;50;50;110;100;;81;0;0;8;14;9975;67;8;87;81.0;7;0;1;0;0;0
2111;344;20220926;24;0;30;0;70;101;96.0;86;0;0;6;5;9974;70;8;90;23.0;7;0;1;0;0;0
2112;344;20220927;1;300;20;30;50;101;;76;0;0;1;1;9977;70;8;84;23.0;7;0;1;0;0;0
2113;344;20220927;2;310;40;20;70;105;;80;0;0;2;1;9976;70;8;84;23.0;7;0;1;0;0;0
2114;344;20220927;3;280;30;20;110;95;;75;0;0;3;4;9977;70;8;87;26.0;7;0;1;0;1;0
2115;344;20220927;4;310;30;20;80;97;;79;0;0;4;7;9978;64;8;88;81.0;7;0;1;0;0;0
2116;344;20220927;5;270;50;50;140;91;;76;0;0;9;42;9978;58;8;90;63.0;7;0;1;0;0;0
2117;344;20220927;6;210;20;10;80;91;84.0;77;0;1;0;-1;9979;70;8;90;23.0;7;0;1;0;0;0
2118;344;20220927;7;220;20;30;40;103;;88;0;12;0;0;9980;70;8;89;;5;0;0;0;0;0
2119;344;20220927;8;330;30;20;50;103;;78;0;20;0;-1;9985;70;8;84;81.0;7;0;1;0;0;0
2120;344;20220927;9;290;30;30;50;103;;76;0;20;7;8;9988;70;8;83;57.0;7;0;1;0;0;0
2121;344;20220927;10;260;20;30;70;94;;79;0;26;4;13;9992;58;8;90;82.0;7;0;1;0;0;0
2122;344;20220927;11;160;20;20;50;91;;79;0;15;9;48;9988;65;8;92;61.0;7;0;1;0;0;0
2123;344;20220927;12;240;30;30;80;119;85.0;64;0;89;0;-1;9985;80;8;68;23.0;7;0;1;0;0;0
2124;344;20220927;13;280;50;40;90;119;;67;2;98;1;1;9980;75;8;70;81.0;7;0;1;0;0;0
2125;344;20220927;14;280;50;40;90;124;;61;0;85;0;-1;9977;80;8;65;23.0;7;0;1;0;0;0
2126;344;20220927;15;240;40;30;70;107;;83;0;34;3;7;9976;70;8;85;81.0;7;0;1;0;0;0
2127;344;20220927;16;200;20;20;40;110;;83;2;39;1;1;9970;70;8;83;23.0;7;0;1;0;0;0
2128;344;20220927;17;190;30;20;70;105;;87;0;12;0;-1;9967;70;8;88;81.0;7;0;1;0;0;0
2129;344;20220927;18;240;30;40;80;92;93.0;78;0;0;4;6;9967;58;8;91;81.0;7;0;1;0;0;0
2130;344;20220927;19;170;20;30;60;87;;79;0;0;7;34;9965;65;8;94;61.0;7;0;1;0;0;0
2131;344;20220927;20;190;30;20;40;91;;83;0;0;5;6;9968;65;8;94;81.0;7;0;1;0;0;0
2132;344;20220927;21;280;30;20;80;88;;75;0;0;10;34;9968;65;8;91;61.0;7;0;1;0;0;0
2133;344;20220927;22;150;10;10;30;82;;75;0;0;7;8;9962;65;8;95;23.0;7;0;1;0;0;0
2134;344;20220927;23;210;10;30;40;82;;73;0;0;8;22;9963;65;8;94;81.0;7;0;1;0;0;0
2135;344;20220927;24;230;20;20;40;76;69.0;69;0;0;2;1;9959;65;8;95;23.0;7;0;1;0;0;0
2136;344;20220928;1;260;20;30;40;74;;67;0;0;0;-1;9962;65;8;94;81.0;7;0;1;0;0;0
2137;344;20220928;2;220;30;20;60;80;;73;0;0;9;30;9957;65;7;95;57.0;7;0;1;0;0;0
2138;344;20220928;3;220;20;20;30;79;;72;0;0;6;1;9959;65;8;95;51.0;7;0;1;0;0;0
2139;344;20220928;4;120;10;10;30;70;;67;0;0;0;-1;9958;58;7;97;81.0;7;0;1;0;0;0
2140;344;20220928;5;210;20;20;30;75;;70;0;0;5;14;9959;65;6;96;23.0;7;0;1;0;0;0
2141;344;20220928;6;240;20;10;50;83;52.0;78;0;0;2;2;9962;58;8;96;81.0;7;0;1;0;0;0
2142;344;20220928;7;220;30;40;50;104;;90;5;32;2;1;9964;70;8;90;23.0;7;0;1;0;0;0
2143;344;20220928;8;250;20;30;40;109;;89;2;53;5;12;9968;70;7;87;81.0;7;0;1;0;0;0
2144;344;20220928;9;250;30;50;80;125;;92;8;119;0;-1;9971;75;6;80;23.0;7;0;1;0;0;0
2145;344;20220928;10;260;30;30;60;131;;93;10;179;0;0;9974;75;6;77;;5;0;0;0;0;0
2146;344;20220928;11;240;20;20;50;128;;85;4;109;0;0;9975;75;6;74;;5;0;0;0;0;0
2147;344;20220928;12;250;30;40;60;144;77.0;82;10;211;0;0;9973;80;7;66;3.0;7;0;0;0;0;0
2148;344;20220928;13;260;60;60;90;120;;78;0;70;0;0;9977;75;8;75;91.0;7;0;0;0;1;0
2149;344;20220928;14;240;50;60;90;123;;86;3;95;6;4;9980;75;8;78;81.0;7;0;1;0;1;0
2150;344;20220928;15;240;40;40;90;107;;81;1;44;0;-1;9980;70;8;84;23.0;7;0;1;0;0;0
2151;344;20220928;16;250;30;40;60;109;;78;0;23;0;0;9982;70;7;81;;5;0;0;0;0;0
2152;344;20220928;17;270;30;20;50;102;;74;7;30;0;0;9984;70;1;82;;5;0;0;0;0;0
2153;344;20220928;18;0;10;0;30;77;66.0;72;0;1;0;0;9986;65;8;96;3.0;7;0;0;0;0;0
2154;344;20220928;19;160;10;10;20;75;;71;0;0;0;0;9987;65;7;97;;5;0;0;0;0;0
2155;344;20220928;20;160;10;20;20;74;;70;0;0;0;0;9990;65;8;97;;5;0;0;0;0;0
2156;344;20220928;21;160;10;20;50;81;;70;0;0;0;0;9990;65;1;92;;5;0;0;0;0;0
2157;344;20220928;22;190;20;30;40;79;;71;0;0;0;0;9991;65;8;94;;5;0;0;0;0;0
2158;344;20220928;23;170;30;30;40;89;;77;0;0;0;-1;9993;65;8;91;81.0;7;0;1;0;0;0
2159;344;20220928;24;0;10;0;30;76;53.0;71;0;0;0;-1;9994;65;5;96;23.0;7;0;1;0;0;0
2160;344;20220929;1;140;10;10;20;73;;69;0;0;0;0;9993;60;8;97;;5;0;0;0;0;0
2161;344;20220929;2;150;20;20;30;73;;71;0;0;0;0;9992;56;7;98;10.0;7;0;0;0;0;0
2162;344;20220929;3;160;20;20;20;66;;64;0;0;0;0;9993;39;4;98;10.0;7;0;0;0;0;0
2163;344;20220929;4;120;20;10;20;65;;62;0;0;0;0;9995;15;8;98;10.0;7;0;0;0;0;0
2164;344;20220929;5;160;20;20;30;61;;61;0;0;0;0;9999;1;5;99;34.0;7;1;0;0;0;0
2165;344;20220929;6;130;10;10;50;60;31.0;58;0;1;0;0;10003;18;1;98;20.0;7;1;0;0;0;0
2166;344;20220929;7;140;20;10;40;86;;65;8;32;0;0;10007;34;0;87;20.0;7;1;0;0;0;0
2167;344;20220929;8;160;20;20;40;108;;70;10;78;0;0;10012;67;0;77;;5;0;0;0;0;0
2168;344;20220929;9;150;10;10;30;132;;75;10;130;0;0;10021;73;0;68;2.0;7;0;0;0;0;0
2169;344;20220929;10;150;10;20;30;143;;80;10;167;0;0;10023;80;4;66;;5;0;0;0;0;0
2170;344;20220929;11;90;10;20;30;151;;80;10;207;0;0;10025;81;0;62;;5;0;0;0;0;0
2171;344;20220929;12;120;10;10;40;159;37.0;68;6;131;0;0;10029;81;8;54;3.0;7;0;0;0;0;0
2172;344;20220929;13;990;10;10;40;153;;67;9;199;0;0;10031;82;8;56;;5;0;0;0;0;0
2173;344;20220929;14;360;10;20;40;156;;73;6;125;0;0;10034;81;8;57;;5;0;0;0;0;0
2174;344;20220929;15;80;20;10;40;159;;74;8;112;0;0;10038;76;7;56;;5;0;0;0;0;0
2175;344;20220929;16;340;20;20;30;143;;85;2;35;0;0;10044;80;8;68;;5;0;0;0;0;0
2176;344;20220929;17;360;20;20;30;134;;74;8;31;0;0;10052;80;8;66;;5;0;0;0;0;0
2177;344;20220929;18;10;20;10;20;109;78.0;77;0;1;0;0;10055;75;4;80;;5;0;0;0;0;0
2178;344;20220929;19;0;10;0;20;85;;76;0;0;0;0;10063;65;0;93;;5;0;0;0;0;0
2179;344;20220929;20;320;0;10;10;76;;70;0;0;0;0;10068;65;0;96;;5;0;0;0;0;0
2180;344;20220929;21;250;10;10;10;68;;65;0;0;0;0;10074;50;1;98;10.0;7;0;0;0;0;0
2181;344;20220929;22;0;10;0;10;73;;69;0;0;0;0;10079;65;1;97;;5;0;0;0;0;0
2182;344;20220929;23;340;10;20;50;64;;60;0;0;0;0;10081;63;8;97;20.0;7;1;0;0;0;0
2183;344;20220929;24;150;10;10;20;65;44.0;61;0;0;0;0;10080;65;2;97;1.0;7;0;0;0;0;0
2184;344;20220930;1;170;10;10;20;69;;65;0;0;0;0;10080;65;7;97;;5;0;0;0;0;0
2185;344;20220930;2;0;10;0;10;67;;67;0;0;0;0;10079;5;0;99;34.0;7;1;0;0;0;0
2186;344;20220930;3;0;10;0;20;57;;55;0;0;0;0;10082;18;0;98;20.0;7;1;0;0;0;0
2187;344;20220930;4;170;10;10;20;59;;58;0;0;0;0;10085;4;0;99;34.0;7;1;0;0;0;0
2188;344;20220930;5;160;10;20;20;53;;52;0;0;0;0;10089;56;0;98;20.0;7;1;0;0;0;0
2189;344;20220930;6;200;20;20;60;74;31.0;65;0;1;0;0;10090;59;1;94;10.0;7;0;0;0;0;0
2190;344;20220930;7;190;30;30;50;110;;70;8;27;0;0;10093;64;0;76;;5;0;0;0;0;0
2191;344;20220930;8;180;40;40;50;130;;80;8;76;0;0;10092;75;0;72;;5;0;0;0;0;0
2192;344;20220930;9;190;40;50;70;145;;95;10;130;0;0;10092;75;2;72;;5;0;0;0;0;0
2193;344;20220930;10;200;50;40;80;157;;100;10;170;0;0;10092;80;1;68;;5;0;0;0;0;0
2194;344;20220930;11;210;50;60;90;154;;99;8;138;0;0;10092;80;7;69;;5;0;0;0;0;0
2195;344;20220930;12;240;60;70;100;155;36.0;97;3;90;0;0;10087;80;8;68;;5;0;0;0;0;0
2196;344;20220930;13;220;60;70;100;164;;91;4;112;0;0;10082;82;8;61;;5;0;0;0;0;0
2197;344;20220930;14;210;70;80;120;163;;74;8;139;0;0;10080;80;8;55;;5;0;0;0;0;0
2198;344;20220930;15;210;70;80;110;165;;80;8;101;0;0;10074;81;8;57;;5;0;0;0;0;0
2199;344;20220930;16;200;70;60;130;157;;86;2;34;0;0;10072;83;8;62;;5;0;0;0;0;0
2200;344;20220930;17;190;60;60;110;150;;89;0;12;0;0;10068;80;8;67;;5;0;0;0;0;0
2201;344;20220930;18;190;60;60;90;148;132.0;82;0;1;0;0;10064;83;8;64;;5;0;0;0;0;0
2202;344;20220930;19;190;70;60;110;147;;77;0;0;0;0;10054;83;8;62;;5;0;0;0;0;0
2203;344;20220930;20;190;80;70;130;146;;74;0;0;0;0;10045;83;8;61;;5;0;0;0;0;0
2204;344;20220930;21;200;70;70;120;130;;91;0;0;9;1;10040;70;8;77;81.0;7;0;1;0;0;0
2205;344;20220930;22;190;80;80;150;118;;99;0;0;10;20;10027;65;8;88;81.0;7;0;1;0;0;0
2206;344;20220930;23;180;80;90;140;118;;100;0;0;10;22;10019;61;8;88;61.0;7;0;1;0;0;0
2207;344;20220930;24;190;90;80;160;114;109.0;104;0;0;10;65;10015;41;8;93;63.0;7;0;1;0;0;0
2208;344;20221001;1;190;90;100;160;115;;107;0;0;10;59;9996;19;8;94;62.0;7;0;1;0;0;0
2209;344;20221001;2;200;90;110;170;120;;109;0;0;4;9;9991;58;8;92;23.0;7;0;1;0;0;0
2210;344;20221001;3;210;90;90;160;129;;115;0;0;0;-1;9990;65;8;91;51.0;7;0;1;0;0;0
2211;344;20221001;4;220;80;80;130;134;;121;0;0;0;-1;9993;65;8;91;81.0;7;0;1;0;0;0
2212;344;20221001;5;220;60;40;110;131;;124;0;0;0;-1;10002;65;7;95;23.0;7;0;1;0;0;0
2213;344;20221001;6;210;40;30;70;127;109.0;121;0;0;0;-1;10009;65;3;96;23.0;7;0;1;0;0;0
2214;344;20221001;7;240;30;40;50;135;;123;3;14;0;0;10015;65;1;92;;5;0;0;0;0;0
2215;344;20221001;8;270;50;50;80;152;;122;4;43;1;2;10023;70;1;82;23.0;7;0;1;0;0;0
2216;344;20221001;9;270;60;60;100;166;;125;7;84;0;0;10032;70;7;76;3.0;7;0;0;0;0;0
2217;344;20221001;10;270;80;80;130;162;;118;8;130;0;0;10042;74;3;75;;5;0;0;0;0;0
2218;344;20221001;11;270;80;80;130;164;;112;8;153;0;0;10052;74;6;71;;5;0;0;0;0;0
2219;344;20221001;12;270;70;80;120;168;115.0;110;8;142;0;0;10062;68;8;68;3.0;7;0;0;0;0;0
2220;344;20221001;13;280;70;60;120;168;;103;10;165;0;0;10069;75;6;65;;5;0;0;0;0;0
2221;344;20221001;14;270;60;50;100;171;;115;4;83;0;0;10076;75;6;69;;5;0;0;0;0;0
2222;344;20221001;15;260;70;60;120;160;;108;5;72;0;0;10084;75;2;71;;5;0;0;0;0;0
2223;344;20221001;16;250;60;80;110;167;;107;5;56;0;0;10089;75;6;67;;5;0;0;0;0;0
2224;344;20221001;17;240;50;50;100;154;;109;8;20;0;0;10096;75;2;74;;5;0;0;0;0;0
2225;344;20221001;18;250;40;40;90;147;132.0;101;0;0;0;-1;10105;75;8;74;23.0;7;0;1;0;0;0
2226;344;20221001;19;230;40;50;70;137;;108;0;0;0;0;10111;70;0;82;;5;0;0;0;0;0
2227;344;20221001;20;220;40;40;60;134;;110;0;0;0;0;10117;70;0;85;;5;0;0;0;0;0
2228;344;20221001;21;220;40;40;70;140;;115;0;0;0;0;10122;70;1;84;;5;0;0;0;0;0
2229;344;20221001;22;230;50;50;130;126;;105;0;0;3;7;10129;68;8;86;92.0;7;0;1;0;1;0
2230;344;20221001;23;220;40;30;90;124;;110;0;0;3;26;10130;65;7;91;26.0;7;0;1;0;1;0
2231;344;20221001;24;230;40;40;50;142;111.0;124;0;0;0;0;10134;65;8;88;3.0;7;0;0;0;0;0
2232;344;20221002;1;240;40;30;60;145;;121;0;0;0;0;10137;69;8;85;;5;0;0;0;0;0
2233;344;20221002;2;260;30;30;50;147;;122;0;0;0;0;10140;67;8;85;;5;0;0;0;0;0
2234;344;20221002;3;260;30;40;60;145;;120;0;0;0;0;10142;68;8;84;;5;0;0;0;0;0
2235;344;20221002;4;260;30;20;60;132;;111;0;0;0;0;10143;69;8;87;;5;0;0;0;0;0
2236;344;20221002;5;250;30;30;40;134;;117;0;0;0;0;10149;68;8;89;;5;0;0;0;0;0
2237;344;20221002;6;280;30;30;50;139;105.0;113;0;1;0;-1;10154;70;8;84;23.0;7;0;1;0;0;0
2238;344;20221002;7;260;30;20;50;142;;113;0;16;0;0;10160;70;8;82;;5;0;0;0;0;0
2239;344;20221002;8;260;20;20;40;150;;121;0;38;0;0;10165;70;8;82;;5;0;0;0;0;0
2240;344;20221002;9;290;30;50;70;163;;119;2;80;0;0;10172;68;8;75;;5;0;0;0;0;0
2241;344;20221002;10;290;50;50;80;168;;118;4;115;0;0;10178;71;8;72;;5;0;0;0;0;0
2242;344;20221002;11;310;50;50;90;162;;108;4;111;0;0;10185;70;8;70;;5;0;0;0;0;0
2243;344;20221002;12;290;40;40;80;173;120.0;102;7;165;0;0;10189;78;8;62;;5;0;0;0;0;0
2244;344;20221002;13;280;50;50;80;178;;114;10;232;0;0;10194;69;4;66;;5;0;0;0;0;0
2245;344;20221002;14;300;50;40;70;177;;107;10;190;0;0;10198;76;2;63;;5;0;0;0;0;0
2246;344;20221002;15;310;50;40;80;168;;103;10;143;0;0;10203;73;2;65;;5;0;0;0;0;0
2247;344;20221002;16;320;40;40;80;158;;101;8;70;0;0;10212;78;2;68;;5;0;0;0;0;0
2248;344;20221002;17;320;40;40;70;141;;95;7;25;0;0;10221;75;1;74;;5;0;0;0;0;0
2249;344;20221002;18;290;20;20;50;120;99.0;92;0;0;0;0;10230;70;2;83;;5;0;0;0;0;0
2250;344;20221002;19;300;20;20;30;109;;90;0;0;0;0;10235;70;1;88;;5;0;0;0;0;0
2251;344;20221002;20;260;20;10;30;107;;90;0;0;0;0;10242;70;1;88;;5;0;0;0;0;0
2252;344;20221002;21;270;20;30;30;102;;89;0;0;0;0;10250;65;2;91;;5;0;0;0;0;0
2253;344;20221002;22;270;20;10;30;90;;86;0;0;0;0;10254;65;1;97;;5;0;0;0;0;0
2254;344;20221002;23;240;20;20;20;87;;83;0;0;0;0;10258;65;4;97;;5;0;0;0;0;0
2255;344;20221002;24;240;20;20;20;88;58.0;80;0;0;0;0;10258;65;1;94;;5;0;0;0;0;0
2256;344;20221003;1;260;10;10;20;82;;78;0;0;0;0;10264;65;2;97;;5;0;0;0;0;0
2257;344;20221003;2;220;10;10;20;83;;79;0;0;0;0;10265;65;4;97;;5;0;0;0;0;0
2258;344;20221003;3;200;10;10;10;77;;73;0;0;0;0;10264;65;1;97;;5;0;0;0;0;0
2259;344;20221003;4;210;10;10;10;82;;78;0;0;0;0;10265;65;8;97;;5;0;0;0;0;0
2260;344;20221003;5;0;0;0;10;89;;84;0;0;0;0;10267;65;2;97;;5;0;0;0;0;0
2261;344;20221003;6;170;10;10;20;86;53.0;82;0;0;0;0;10268;65;1;97;;5;0;0;0;0;0
2262;344;20221003;7;170;10;10;30;109;;105;0;13;0;0;10271;65;8;97;;5;0;0;0;0;0
2263;344;20221003;8;170;10;20;40;134;;119;1;35;0;0;10274;70;8;90;;5;0;0;0;0;0
2264;344;20221003;9;200;20;30;40;150;;124;5;77;0;0;10276;70;8;84;;5;0;0;0;0;0
2265;344;20221003;10;240;30;30;40;155;;129;0;50;0;0;10275;70;8;84;;5;0;0;0;0;0
2266;344;20221003;11;240;30;20;50;154;;117;0;28;0;0;10275;75;8;78;;5;0;0;0;0;0
2267;344;20221003;12;230;20;30;40;155;58.0;111;0;30;0;0;10273;75;8;74;;5;0;0;0;0;0
2268;344;20221003;13;230;30;30;40;164;;115;0;48;0;0;10271;75;8;72;;5;0;0;0;0;0
2269;344;20221003;14;230;30;30;60;158;;114;0;50;0;0;10267;75;8;75;;5;0;0;0;0;0
2270;344;20221003;15;240;20;30;40;168;;107;3;58;0;0;10260;80;8;67;;5;0;0;0;0;0
2271;344;20221003;16;260;20;10;40;160;;108;0;39;0;0;10255;75;8;70;;5;0;0;0;0;0
2272;344;20221003;17;0;10;0;20;146;;117;5;12;0;0;10252;70;8;82;;5;0;0;0;0;0
2273;344;20221003;18;0;0;0;10;131;112.0;115;0;0;0;0;10251;70;8;90;;5;0;0;0;0;0
2274;344;20221003;19;990;10;10;20;126;;110;0;0;0;0;10248;70;8;89;;5;0;0;0;0;0
2275;344;20221003;20;180;10;10;20;123;;109;0;0;0;0;10247;70;8;90;;5;0;0;0;0;0
2276;344;20221003;21;190;10;10;20;116;;107;0;0;0;0;10245;65;8;94;;5;0;0;0;0;0
2277;344;20221003;22;150;10;10;20;111;;101;0;0;0;0;10240;65;8;93;;5;0;0;0;0;0
2278;344;20221003;23;190;20;20;20;117;;104;0;0;0;0;10236;65;8;91;;5;0;0;0;0;0
2279;344;20221003;24;180;20;20;30;113;87.0;99;0;0;0;0;10232;70;8;90;;5;0;0;0;0;0
2280;344;20221004;1;190;20;20;40;115;;99;0;0;0;0;10230;69;8;89;;5;0;0;0;0;0
2281;344;20221004;2;170;30;30;40;107;;98;0;0;0;0;10220;65;8;94;;5;0;0;0;0;0
2282;344;20221004;3;160;30;30;40;106;;96;0;0;0;0;10210;62;8;93;;5;0;0;0;0;0
2283;344;20221004;4;180;30;40;60;113;;95;0;0;0;0;10205;65;8;88;;5;0;0;0;0;0
2284;344;20221004;5;200;30;30;60;109;;94;0;0;0;0;10205;64;8;90;;5;0;0;0;0;0
2285;344;20221004;6;170;30;30;70;104;86.0;92;0;0;0;0;10202;62;2;91;;5;0;0;0;0;0
2286;344;20221004;7;180;40;40;70;109;;96;3;15;0;0;10199;61;2;91;;5;0;0;0;0;0
2287;344;20221004;8;190;50;40;80;118;;101;7;67;0;0;10202;63;8;89;;5;0;0;0;0;0
2288;344;20221004;9;200;50;50;70;140;;110;8;115;0;0;10201;68;6;82;;5;0;0;0;0;0
2289;344;20221004;10;200;50;50;90;150;;114;9;161;0;0;10199;67;8;78;;5;0;0;0;0;0
2290;344;20221004;11;190;50;50;80;162;;118;9;177;0;0;10197;71;8;74;;5;0;0;0;0;0
2291;344;20221004;12;200;60;70;90;165;92.0;114;8;172;0;0;10193;74;8;71;;5;0;0;0;0;0
2292;344;20221004;13;180;60;60;90;172;;119;10;185;0;0;10186;74;8;71;;5;0;0;0;0;0
2293;344;20221004;14;190;60;60;90;177;;126;10;155;0;0;10179;75;7;72;;5;0;0;0;0;0
2294;344;20221004;15;200;60;50;110;172;;125;2;67;0;0;10179;75;7;73;;5;0;0;0;0;0
2295;344;20221004;16;210;50;70;110;174;;126;0;30;0;0;10178;75;8;73;;5;0;0;0;0;0
2296;344;20221004;17;210;60;50;100;174;;127;0;5;0;0;10180;75;8;74;;5;0;0;0;0;0
2297;344;20221004;18;210;50;50;80;172;159.0;130;0;0;0;0;10178;75;8;76;;5;0;0;0;0;0
2298;344;20221004;19;220;40;50;80;168;;130;0;0;0;0;10175;75;8;78;;5;0;0;0;0;0
2299;344;20221004;20;220;60;60;110;168;;114;0;0;0;0;10174;75;8;70;;5;0;0;0;0;0
2300;344;20221004;21;240;60;70;120;166;;113;0;0;0;0;10175;75;8;71;;5;0;0;0;0;0
2301;344;20221004;22;200;60;70;110;162;;118;0;0;0;0;10171;75;8;75;;5;0;0;0;0;0
2302;344;20221004;23;210;70;70;120;163;;118;0;0;0;0;10168;75;8;75;;5;0;0;0;0;0
2303;344;20221004;24;220;70;70;120;162;150.0;113;0;0;0;0;10167;75;8;73;;5;0;0;0;0;0
2304;344;20221005;1;220;70;70;110;163;;108;0;0;0;0;10160;75;8;70;;5;0;0;0;0;0
2305;344;20221005;2;190;60;60;120;154;;119;0;0;0;0;10152;75;8;79;;5;0;0;0;0;0
2306;344;20221005;3;200;60;60;90;154;;118;0;0;0;0;10150;75;8;79;;5;0;0;0;0;0
2307;344;20221005;4;210;70;90;120;157;;110;0;0;0;0;10146;75;8;73;;5;0;0;0;0;0
2308;344;20221005;5;200;70;60;120;154;;108;0;0;0;0;10141;75;8;74;;5;0;0;0;0;0
2309;344;20221005;6;210;70;70;120;156;143.0;111;0;0;0;0;10139;75;8;74;;5;0;0;0;0;0
2310;344;20221005;7;210;70;90;130;160;;113;0;5;0;0;10141;75;8;73;;5;0;0;0;0;0
2311;344;20221005;8;200;80;70;150;157;;115;0;11;0;0;10138;75;8;76;;5;0;0;0;0;0
2312;344;20221005;9;200;70;80;130;162;;115;0;35;0;0;10134;75;8;73;;5;0;0;0;0;0
2313;344;20221005;10;210;90;110;160;162;;113;0;54;0;0;10133;75;8;72;;5;0;0;0;0;0
2314;344;20221005;11;210;90;70;160;163;;121;0;39;0;0;10129;75;8;75;;5;0;0;0;0;0
2315;344;20221005;12;210;80;90;150;166;145.0;121;0;49;0;0;10125;75;8;74;;5;0;0;0;0;0
2316;344;20221005;13;210;100;110;170;171;;121;0;58;0;0;10123;75;8;72;;5;0;0;0;0;0
2317;344;20221005;14;210;90;110;150;174;;120;0;57;0;0;10121;75;8;70;;5;0;0;0;0;0
2318;344;20221005;15;200;100;100;170;173;;120;0;47;0;0;10122;75;8;70;;5;0;0;0;0;0
2319;344;20221005;16;210;90;100;180;173;;120;0;22;0;0;10125;75;8;71;;5;0;0;0;0;0
2320;344;20221005;17;200;80;80;130;173;;123;0;3;0;0;10128;75;8;72;;5;0;0;0;0;0
2321;344;20221005;18;210;70;80;130;174;159.0;130;0;0;0;-1;10135;75;8;75;81.0;7;0;1;0;0;0
2322;344;20221005;19;260;90;70;150;156;;145;0;0;7;16;10150;50;8;92;82.0;7;0;1;0;0;0
2323;344;20221005;20;250;50;30;120;144;;130;0;0;5;33;10164;65;8;91;23.0;7;0;1;0;0;0
2324;344;20221005;21;220;40;30;140;130;;120;0;0;3;1;10175;65;8;93;22.0;7;0;1;0;0;0
2325;344;20221005;22;260;60;70;120;146;;99;0;0;0;0;10187;75;1;73;;5;0;0;0;0;0
2326;344;20221005;23;260;60;60;120;144;;98;0;0;0;0;10197;74;6;73;;5;0;0;0;0;0
2327;344;20221005;24;260;60;50;110;137;118.0;83;0;0;0;0;10209;79;4;69;1.0;7;0;0;0;0;0
2328;344;20221006;1;260;60;60;110;137;;79;0;0;0;0;10221;80;1;68;;5;0;0;0;0;0
2329;344;20221006;2;260;50;40;100;128;;76;0;0;0;0;10230;75;1;70;;5;0;0;0;0;0
2330;344;20221006;3;260;50;50;80;128;;78;0;0;0;-1;10238;75;2;71;23.0;7;0;1;0;0;0
2331;344;20221006;4;260;50;50;80;125;;78;0;0;0;0;10248;75;5;72;;5;0;0;0;0;0
2332;344;20221006;5;250;30;30;70;111;;73;0;0;0;0;10255;75;1;77;;5;0;0;0;0;0
2333;344;20221006;6;230;30;30;50;99;80.0;71;0;0;0;0;10263;70;1;82;2.0;7;0;0;0;0;0
2334;344;20221006;7;240;30;30;60;123;;76;7;20;0;0;10272;74;1;73;;5;0;0;0;0;0
2335;344;20221006;8;230;40;40;60;142;;80;10;69;0;0;10280;79;1;66;;5;0;0;0;0;0
2336;344;20221006;9;250;60;70;110;150;;77;10;118;0;0;10288;80;5;61;;5;0;0;0;0;0
2337;344;20221006;10;240;60;70;100;159;;88;6;114;0;0;10291;76;6;62;;5;0;0;0;0;0
2338;344;20221006;11;260;70;60;100;161;;90;10;174;0;0;10295;73;1;63;;5;0;0;0;0;0
2339;344;20221006;12;230;70;70;100;160;80.0;83;10;195;0;0;10296;80;1;60;;5;0;0;0;0;0
2340;344;20221006;13;240;60;60;110;161;;72;10;184;0;0;10295;77;0;55;;5;0;0;0;0;0
2341;344;20221006;14;250;70;70;110;159;;71;10;157;0;0;10294;80;1;55;;5;0;0;0;0;0
2342;344;20221006;15;240;70;60;110;150;;83;10;107;0;0;10292;77;2;64;;5;0;0;0;0;0
2343;344;20221006;16;230;60;60;100;149;;75;10;67;0;0;10288;80;2;61;;5;0;0;0;0;0
2344;344;20221006;17;220;50;50;90;134;;76;7;19;0;0;10287;80;6;67;;5;0;0;0;0;0
2345;344;20221006;18;210;40;30;90;120;98.0;77;0;0;0;0;10287;75;7;75;;5;0;0;0;0;0
2346;344;20221006;19;210;30;30;60;115;;80;0;0;0;0;10284;75;8;79;;5;0;0;0;0;0
2347;344;20221006;20;190;30;30;70;116;;88;0;0;0;0;10284;70;8;82;;5;0;0;0;0;0
2348;344;20221006;21;180;30;30;40;117;;90;0;0;0;0;10285;70;1;83;;5;0;0;0;0;0
2349;344;20221006;22;190;30;30;50;117;;88;0;0;0;0;10278;70;5;82;;5;0;0;0;0;0
2350;344;20221006;23;200;40;40;60;118;;91;0;0;0;0;10271;70;1;83;;5;0;0;0;0;0
2351;344;20221006;24;190;40;40;60;118;84.0;93;0;0;0;0;10267;69;0;84;;5;0;0;0;0;0
2352;344;20221007;1;200;40;50;70;122;;98;0;0;0;0;10261;69;1;84;;5;0;0;0;0;0
2353;344;20221007;2;190;40;40;60;114;;96;0;0;0;0;10253;68;0;89;;5;0;0;0;0;0
2354;344;20221007;3;190;40;40;60;110;;95;0;0;0;0;10244;66;0;90;;5;0;0;0;0;0
2355;344;20221007;4;190;40;40;60;108;;93;0;0;0;0;10240;68;1;90;;5;0;0;0;0;0
2356;344;20221007;5;190;50;40;70;111;;91;0;0;0;0;10237;70;1;87;;5;0;0;0;0;0
2357;344;20221007;6;190;50;50;100;110;96.0;90;0;0;0;0;10231;68;0;87;;5;0;0;0;0;0
2358;344;20221007;7;190;50;50;80;117;;94;3;17;0;0;10231;69;6;85;;5;0;0;0;0;0
2359;344;20221007;8;200;50;50;80;134;;105;7;58;0;0;10231;68;8;82;;5;0;0;0;0;0
2360;344;20221007;9;200;50;50;90;142;;112;2;56;0;0;10226;70;8;82;;5;0;0;0;0;0
2361;344;20221007;10;200;60;70;100;150;;109;4;101;0;0;10223;73;8;76;;5;0;0;0;0;0
2362;344;20221007;11;210;70;70;100;156;;108;1;95;0;0;10216;74;8;72;;5;0;0;0;0;0
2363;344;20221007;12;220;70;70;130;158;98.0;109;0;84;0;0;10208;75;8;72;;5;0;0;0;0;0
2364;344;20221007;13;220;70;70;120;160;;108;0;66;0;0;10198;75;8;71;;5;0;0;0;0;0
2365;344;20221007;14;210;70;70;110;168;;109;3;91;0;0;10190;80;8;68;;5;0;0;0;0;0
2366;344;20221007;15;210;70;60;110;167;;102;0;42;0;0;10184;80;8;65;;5;0;0;0;0;0
2367;344;20221007;16;220;50;50;100;162;;105;2;27;0;0;10177;80;8;68;;5;0;0;0;0;0
2368;344;20221007;17;210;50;50;90;156;;100;5;15;0;0;10174;80;8;69;;5;0;0;0;0;0
2369;344;20221007;18;210;50;60;90;158;136.0;99;0;0;0;0;10173;80;8;68;;5;0;0;0;0;0
2370;344;20221007;19;210;60;70;100;148;;97;0;0;0;0;10170;75;8;71;;5;0;0;0;0;0
2371;344;20221007;20;220;70;70;120;147;;94;0;0;0;0;10166;75;8;70;;5;0;0;0;0;0
2372;344;20221007;21;220;70;70;120;145;;100;0;0;0;0;10163;75;6;74;;5;0;0;0;0;0
2373;344;20221007;22;220;70;70;110;143;;108;0;0;0;0;10159;75;8;79;;5;0;0;0;0;0
2374;344;20221007;23;260;60;40;100;126;;116;0;0;4;8;10162;57;8;93;81.0;7;0;1;0;0;0
2375;344;20221007;24;220;30;30;60;128;122.0;117;0;0;0;-1;10159;65;8;93;23.0;7;0;1;0;0;0
2376;344;20221008;1;230;40;40;60;129;;118;0;0;4;1;10159;65;8;92;81.0;7;0;1;0;0;0
2377;344;20221008;2;250;30;30;50;114;;103;0;0;0;-1;10162;65;6;93;23.0;7;0;1;0;0;0
2378;344;20221008;3;250;30;30;40;112;;95;0;0;0;0;10164;70;2;88;1.0;7;0;0;0;0;0
2379;344;20221008;4;260;30;30;40;119;;94;0;0;0;0;10169;70;6;84;;5;0;0;0;0;0
2380;344;20221008;5;270;30;30;60;112;;78;0;0;0;0;10174;75;1;79;;5;0;0;0;0;0
2381;344;20221008;6;260;30;30;50;112;85.0;78;0;0;0;0;10183;75;4;79;3.0;7;0;0;0;0;0
2382;344;20221008;7;280;30;40;60;118;;79;2;12;0;0;10193;75;1;76;;5;0;0;0;0;0
2383;344;20221008;8;280;40;50;90;136;;92;10;66;0;0;10202;75;2;74;;5;0;0;0;0;0
2384;344;20221008;9;280;50;60;90;143;;87;8;99;0;0;10211;79;2;69;;5;0;0;0;0;0
2385;344;20221008;10;280;60;50;100;147;;89;9;141;0;0;10218;80;6;67;;5;0;0;0;0;0
2386;344;20221008;11;280;50;60;90;153;;89;9;160;0;0;10224;77;1;65;;5;0;0;0;0;0
2387;344;20221008;12;290;50;50;90;142;89.0;73;9;155;0;0;10226;81;1;63;;5;0;0;0;0;0
2388;344;20221008;13;290;40;40;80;154;;81;10;153;0;0;10228;80;5;61;;5;0;0;0;0;0
2389;344;20221008;14;270;50;40;80;140;;81;9;110;0;0;10232;80;2;67;;5;0;0;0;0;0
2390;344;20221008;15;280;40;40;80;151;;92;8;111;0;0;10235;80;8;67;;5;0;0;0;0;0
2391;344;20221008;16;290;40;40;70;135;;82;8;57;0;0;10237;75;1;70;;5;0;0;0;0;0
2392;344;20221008;17;280;20;20;50;125;;81;5;15;0;0;10240;75;1;74;;5;0;0;0;0;0
2393;344;20221008;18;250;20;20;30;107;91.0;76;0;0;0;0;10246;70;1;81;;5;0;0;0;0;0
2394;344;20221008;19;220;20;20;30;103;;81;0;0;0;0;10250;70;7;86;;5;0;0;0;0;0
2395;344;20221008;20;200;10;10;20;86;;76;0;0;0;0;10253;65;4;93;;5;0;0;0;0;0
2396;344;20221008;21;170;10;20;30;89;;77;0;0;0;0;10254;65;0;92;;5;0;0;0;0;0
2397;344;20221008;22;160;20;20;20;93;;78;0;0;0;0;10254;70;8;90;;5;0;0;0;0;0
2398;344;20221008;23;180;20;20;30;90;;80;0;0;0;0;10253;65;7;93;;5;0;0;0;0;0
2399;344;20221008;24;150;10;10;30;88;53.0;82;0;0;0;0;10253;65;7;96;;5;0;0;0;0;0
2400;344;20221009;1;150;10;20;20;76;;72;0;0;0;0;10251;65;8;97;;5;0;0;0;0;0
2401;344;20221009;2;170;20;20;30;76;;72;0;0;0;0;10247;65;7;97;;5;0;0;0;0;0
2402;344;20221009;3;150;10;20;20;67;;64;0;0;0;0;10243;7;8;98;34.0;7;1;0;0;0;0
2403;344;20221009;4;160;20;30;30;68;;64;0;0;0;0;10242;65;8;97;20.0;7;1;0;0;0;0
2404;344;20221009;5;160;30;30;40;76;;67;0;0;0;0;10240;65;8;94;;5;0;0;0;0;0
2405;344;20221009;6;160;30;30;80;75;36.0;64;0;0;0;0;10239;65;8;92;2.0;7;0;0;0;0;0
2406;344;20221009;7;160;20;30;60;81;;70;7;18;0;0;10239;65;8;92;;5;0;0;0;0;0
2407;344;20221009;8;150;20;40;50;115;;79;10;65;0;0;10238;75;8;78;;5;0;0;0;0;0
2408;344;20221009;9;160;40;40;60;130;;87;10;112;0;0;10235;75;8;75;;5;0;0;0;0;0
2409;344;20221009;10;160;40;40;100;139;;80;10;155;0;0;10229;78;8;67;;5;0;0;0;0;0
2410;344;20221009;11;150;50;50;90;154;;82;10;179;0;0;10222;80;8;62;;5;0;0;0;0;0
2411;344;20221009;12;160;40;40;70;157;60.0;68;10;183;0;0;10213;78;8;55;;5;0;0;0;0;0
2412;344;20221009;13;160;50;50;100;162;;65;10;171;0;0;10200;81;8;52;;5;0;0;0;0;0
2413;344;20221009;14;170;40;40;90;163;;67;10;151;0;0;10191;80;8;53;;5;0;0;0;0;0
2414;344;20221009;15;160;50;50;90;164;;71;10;113;0;0;10181;80;7;54;;5;0;0;0;0;0
2415;344;20221009;16;120;50;40;110;156;;75;10;63;0;0;10174;81;6;58;;5;0;0;0;0;0
2416;344;20221009;17;130;40;40;70;141;;70;5;15;0;0;10169;83;4;62;;5;0;0;0;0;0
2417;344;20221009;18;100;20;20;50;107;81.0;67;0;0;0;0;10168;75;0;75;;5;0;0;0;0;0
2418;344;20221009;19;90;20;30;30;87;;63;0;0;0;0;10163;70;0;84;;5;0;0;0;0;0
2419;344;20221009;20;110;30;30;50;111;;71;0;0;0;0;10157;75;0;76;;5;0;0;0;0;0
2420;344;20221009;21;130;30;30;50;115;;71;0;0;0;0;10153;75;8;74;;5;0;0;0;0;0
2421;344;20221009;22;160;20;30;40;106;;65;0;0;0;0;10149;75;8;75;;5;0;0;0;0;0
2422;344;20221009;23;160;40;40;50;111;;70;0;0;0;0;10144;75;8;75;;5;0;0;0;0;0
2423;344;20221009;24;160;40;40;50;110;65.0;69;0;0;0;0;10139;75;8;75;;5;0;0;0;0;0
2424;344;20221010;1;160;40;40;60;109;;69;0;0;0;0;10136;75;8;76;;5;0;0;0;0;0
2425;344;20221010;2;170;40;40;60;100;;69;0;0;0;0;10131;70;8;81;;5;0;0;0;0;0
2426;344;20221010;3;170;40;40;60;99;;71;0;0;0;0;10126;70;1;82;;5;0;0;0;0;0
2427;344;20221010;4;170;40;40;60;92;;71;0;0;0;0;10125;70;8;86;;5;0;0;0;0;0
2428;344;20221010;5;180;40;40;60;90;;73;0;0;0;0;10125;70;8;88;;5;0;0;0;0;0
2429;344;20221010;6;190;40;30;80;89;74.0;74;0;0;0;0;10128;59;8;90;10.0;7;0;0;0;0;0
2430;344;20221010;7;190;30;30;60;100;;84;7;17;0;0;10130;70;8;89;;5;0;0;0;0;0
2431;344;20221010;8;200;30;40;50;119;;96;5;55;0;0;10133;70;8;85;;5;0;0;0;0;0
2432;344;20221010;9;210;30;30;60;131;;103;0;45;0;0;10138;70;8;83;;5;0;0;0;0;0
2433;344;20221010;10;220;40;40;60;148;;117;1;77;0;0;10144;70;8;81;;5;0;0;0;0;0
2434;344;20221010;11;240;40;40;70;151;;122;1;58;0;0;10150;70;8;82;;5;0;0;0;0;0
2435;344;20221010;12;280;40;40;70;146;75.0;132;0;38;6;1;10157;65;8;91;51.0;7;0;1;0;0;0
2436;344;20221010;13;310;40;50;90;133;;123;0;24;0;-1;10166;50;8;93;51.0;7;0;1;0;0;0
2437;344;20221010;14;300;40;40;80;130;;108;0;26;9;2;10178;58;8;86;51.0;7;0;1;0;0;0
2438;344;20221010;15;310;40;50;90;149;;91;7;86;0;-1;10185;70;6;68;22.0;7;0;1;0;0;0
2439;344;20221010;16;320;50;30;100;137;;80;8;61;0;0;10194;80;1;68;;5;0;0;0;0;0
2440;344;20221010;17;320;30;20;70;112;;72;5;11;0;0;10204;75;1;76;;5;0;0;0;0;0
2441;344;20221010;18;300;20;20;50;95;72.0;66;0;0;0;0;10214;70;4;82;3.0;7;0;0;0;0;0
2442;344;20221010;19;280;20;20;30;86;;60;0;0;0;0;10221;70;1;83;;5;0;0;0;0;0
2443;344;20221010;20;220;10;10;20;82;;73;0;0;0;0;10228;65;7;93;;5;0;0;0;0;0
2444;344;20221010;21;170;10;10;20;76;;67;0;0;0;0;10235;65;2;94;;5;0;0;0;0;0
2445;344;20221010;22;200;10;10;20;78;;72;0;0;0;0;10241;65;1;95;;5;0;0;0;0;0
2446;344;20221010;23;200;10;10;10;72;;68;0;0;0;0;10245;64;7;97;;5;0;0;0;0;0
2447;344;20221010;24;0;10;0;10;70;47.0;67;0;0;0;0;10246;56;3;98;10.0;7;0;0;0;0;0
2448;344;20221011;1;0;0;0;10;66;;63;0;0;0;0;10249;57;7;98;20.0;7;1;0;0;0;0
2449;344;20221011;2;200;10;10;10;51;;50;0;0;0;0;10252;3;7;99;34.0;7;1;0;0;0;0
2450;344;20221011;3;160;10;10;10;51;;49;0;0;0;0;10252;8;8;99;32.0;7;1;0;0;0;0
2451;344;20221011;4;160;10;10;20;58;;54;0;0;0;0;10254;63;8;97;20.0;7;1;0;0;0;0
2452;344;20221011;5;180;10;10;20;66;;62;0;0;0;0;10257;65;8;97;;5;0;0;0;0;0
2453;344;20221011;6;220;10;10;40;78;35.0;74;0;0;0;0;10261;65;8;97;2.0;7;0;0;0;0;0
2454;344;20221011;7;180;10;10;30;82;;78;5;14;0;0;10266;65;8;96;;5;0;0;0;0;0
2455;344;20221011;8;200;20;30;40;125;;80;10;59;0;0;10269;69;8;74;;5;0;0;0;0;0
2456;344;20221011;9;180;30;30;50;140;;80;10;106;0;0;10273;80;2;67;;5;0;0;0;0;0
2457;344;20221011;10;200;30;30;60;150;;83;10;150;0;0;10274;78;8;64;;5;0;0;0;0;0
2458;344;20221011;11;280;30;20;50;148;;80;6;133;0;0;10273;78;6;63;;5;0;0;0;0;0
2459;344;20221011;12;180;10;10;30;161;53.0;75;5;109;0;0;10270;71;8;56;;5;0;0;0;0;0
2460;344;20221011;13;290;20;20;40;150;;81;2;66;0;0;10268;79;8;63;;5;0;0;0;0;0
2461;344;20221011;14;310;20;20;30;152;;77;1;67;0;0;10265;76;7;60;;5;0;0;0;0;0
2462;344;20221011;15;340;20;10;30;151;;83;4;58;0;0;10262;80;1;63;;5;0;0;0;0;0
2463;344;20221011;16;320;10;10;30;146;;91;3;35;0;0;10260;80;0;69;;5;0;0;0;0;0
2464;344;20221011;17;20;10;10;20;123;;77;2;5;0;0;10260;61;6;73;;5;0;0;0;0;0
2465;344;20221011;18;0;10;0;20;98;80.0;78;0;0;0;0;10260;70;8;87;;5;0;0;0;0;0
2466;344;20221011;19;0;10;0;10;87;;77;0;0;0;0;10259;65;2;93;;5;0;0;0;0;0
2467;344;20221011;20;0;0;0;20;76;;73;0;0;0;0;10258;65;1;97;;5;0;0;0;0;0
2468;344;20221011;21;80;0;10;10;68;;65;0;0;0;0;10258;59;8;98;10.0;7;0;0;0;0;0
2469;344;20221011;22;0;0;0;10;64;;60;0;0;0;0;10258;61;8;97;;5;0;0;0;0;0
2470;344;20221011;23;0;0;0;10;65;;61;0;0;0;0;10255;60;8;97;20.0;7;1;0;0;0;0
2471;344;20221011;24;40;10;10;10;57;43.0;53;0;0;0;0;10253;62;8;97;2.0;7;0;0;0;0;0
2472;344;20221012;1;0;0;0;10;47;;44;0;0;0;0;10252;9;4;98;34.0;7;1;0;0;0;0
2473;344;20221012;2;0;0;0;10;38;;37;0;0;0;0;10247;5;6;98;34.0;7;1;0;0;0;0
2474;344;20221012;3;50;10;10;10;45;;45;0;0;0;0;10243;5;3;99;33.0;7;1;0;0;0;0
2475;344;20221012;4;0;0;0;10;45;;42;0;0;0;0;10243;56;6;98;20.0;7;1;0;0;0;0
2476;344;20221012;5;40;0;10;10;47;;46;0;0;0;0;10239;7;8;99;34.0;7;1;0;0;0;0
2477;344;20221012;6;0;0;0;20;43;30.0;40;0;0;0;0;10239;56;8;98;20.0;7;1;0;0;0;0
2478;344;20221012;7;0;0;0;10;53;;52;0;8;0;0;10238;3;8;99;34.0;7;1;0;0;0;0
2479;344;20221012;8;0;0;0;10;93;;70;5;45;0;0;10238;62;8;86;20.0;7;1;0;0;0;0
2480;344;20221012;9;140;10;20;20;119;;75;9;93;0;0;10236;69;8;74;2.0;7;0;0;0;0;0
2481;344;20221012;10;150;20;20;30;133;;76;10;144;0;0;10236;68;8;68;;5;0;0;0;0;0
2482;344;20221012;11;130;30;40;60;136;;64;7;137;0;0;10228;72;8;61;;5;0;0;0;0;0
2483;344;20221012;12;180;40;40;70;142;29.0;77;4;121;0;0;10224;69;8;64;2.0;7;0;0;0;0;0
2484;344;20221012;13;160;40;40;60;138;;81;2;99;0;0;10221;67;8;68;;5;0;0;0;0;0
2485;344;20221012;14;190;40;50;80;141;;80;3;100;0;0;10214;73;8;66;;5;0;0;0;0;0
2486;344;20221012;15;200;40;50;80;136;;71;8;97;0;0;10209;72;8;64;;5;0;0;0;0;0
2487;344;20221012;16;200;40;40;70;127;;78;8;44;0;0;10208;71;1;72;;5;0;0;0;0;0
2488;344;20221012;17;200;30;30;50;121;;81;0;5;0;0;10205;67;8;76;;5;0;0;0;0;0
2489;344;20221012;18;210;20;20;50;109;92.0;70;0;0;0;0;10203;70;8;76;;5;0;0;0;0;0
2490;344;20221012;19;190;20;20;30;89;;68;0;0;0;0;10202;65;8;86;;5;0;0;0;0;0
2491;344;20221012;20;170;30;30;40;106;;79;0;0;0;0;10198;64;8;83;;5;0;0;0;0;0
2492;344;20221012;21;190;30;40;60;113;;82;0;0;0;0;10196;70;8;81;;5;0;0;0;0;0
2493;344;20221012;22;180;40;40;60;120;;87;0;0;0;0;10192;72;8;79;;5;0;0;0;0;0
2494;344;20221012;23;180;40;40;60;122;;94;0;0;0;0;10189;70;8;83;;5;0;0;0;0;0
2495;344;20221012;24;180;40;30;60;121;64.0;105;0;0;2;3;10184;65;8;89;23.0;7;0;1;0;0;0
2496;344;20221013;1;200;30;40;50;127;;109;0;0;0;-1;10184;66;8;88;23.0;7;0;1;0;0;0
2497;344;20221013;2;210;30;40;70;129;;119;0;0;8;18;10178;57;8;94;82.0;7;0;1;0;0;0
2498;344;20221013;3;210;40;40;80;129;;117;0;0;5;5;10174;65;8;92;51.0;7;0;1;0;0;0
2499;344;20221013;4;190;40;40;60;128;;119;0;0;5;5;10170;60;8;94;23.0;7;0;1;0;0;0
2500;344;20221013;5;200;40;40;60;127;;121;0;0;4;1;10170;58;8;95;58.0;7;0;1;0;0;0
2501;344;20221013;6;210;40;20;90;131;111.0;124;0;0;7;5;10165;58;7;95;58.0;7;0;1;0;0;0
2502;344;20221013;7;230;40;40;70;133;;126;0;2;9;1;10166;59;8;95;51.0;7;0;1;0;0;0
2503;344;20221013;8;200;40;40;60;135;;128;0;13;0;-1;10165;60;8;95;23.0;7;0;1;0;0;0
2504;344;20221013;9;200;30;40;70;137;;129;0;22;0;-1;10165;59;8;94;23.0;7;0;1;0;0;0
2505;344;20221013;10;190;20;20;50;142;;126;0;50;0;0;10163;62;8;90;;5;0;0;0;0;0
2506;344;20221013;11;190;30;20;40;145;;128;0;54;0;-1;10159;62;8;89;51.0;7;0;1;0;0;0
2507;344;20221013;12;180;40;40;90;146;123.0;122;0;45;0;-1;10153;64;8;85;51.0;7;0;1;0;0;0
2508;344;20221013;13;200;40;40;110;143;;126;0;29;0;-1;10150;62;8;89;22.0;7;0;1;0;0;0
2509;344;20221013;14;310;50;40;90;136;;123;0;23;0;0;10151;65;8;91;;5;0;0;0;0;0
2510;344;20221013;15;360;40;30;70;130;;114;2;37;0;0;10150;70;8;89;2.0;7;0;0;0;0;0
2511;344;20221013;16;340;20;10;40;140;;116;10;56;0;0;10150;70;0;85;;5;0;0;0;0;0
2512;344;20221013;17;0;0;0;10;116;;105;3;11;0;0;10155;56;0;92;10.0;7;0;0;0;0;0
2513;344;20221013;18;170;10;20;40;97;72.0;96;0;0;0;0;10158;4;0;99;34.0;7;1;0;0;0;0
2514;344;20221013;19;110;10;10;20;84;;83;0;0;0;0;10158;1;0;99;34.0;7;1;0;0;0;0
2515;344;20221013;20;220;10;10;20;76;;74;0;0;0;0;10160;59;1;98;20.0;7;1;0;0;0;0
2516;344;20221013;21;170;10;10;10;88;;85;0;0;0;0;10162;59;8;98;20.0;7;1;0;0;0;0
2517;344;20221013;22;150;10;10;20;100;;97;0;0;0;0;10158;37;8;98;10.0;7;0;0;0;0;0
2518;344;20221013;23;140;20;20;30;92;;89;0;0;0;0;10151;14;4;98;10.0;7;0;0;0;0;0
2519;344;20221013;24;160;10;10;20;106;58.0;103;0;0;0;0;10150;37;8;98;10.0;7;0;0;0;0;0
2520;344;20221014;1;150;20;20;30;120;;118;0;0;0;0;10141;50;8;98;10.0;7;0;0;0;0;0
2521;344;20221014;2;140;10;20;30;125;;123;0;0;0;0;10138;24;8;98;10.0;7;0;0;0;0;0
2522;344;20221014;3;160;30;30;40;130;;127;0;0;0;-1;10132;28;8;98;23.0;7;0;1;0;0;0
2523;344;20221014;4;140;20;20;40;131;;128;0;0;0;0;10125;22;8;98;10.0;7;0;0;0;0;0
2524;344;20221014;5;140;20;30;40;133;;130;0;0;8;6;10119;23;8;98;52.0;7;0;1;0;0;0
2525;344;20221014;6;160;30;40;70;135;98.0;133;0;0;10;8;10114;32;8;98;52.0;7;0;1;0;0;0
2526;344;20221014;7;170;40;40;60;138;;136;0;2;0;-1;10110;33;8;98;22.0;7;0;1;0;0;0
2527;344;20221014;8;170;40;40;50;141;;139;0;8;0;-1;10110;21;8;98;52.0;7;0;1;0;0;0
2528;344;20221014;9;180;40;40;70;144;;140;0;20;10;6;10108;32;8;97;52.0;7;0;1;0;0;0
2529;344;20221014;10;190;40;50;100;146;;141;0;32;7;1;10106;35;8;96;51.0;7;0;1;0;0;0
2530;344;20221014;11;220;40;40;70;150;;144;0;22;5;1;10103;59;8;95;51.0;7;0;1;0;0;0
2531;344;20221014;12;230;40;30;60;153;132.0;138;0;42;0;-1;10094;70;8;90;23.0;7;0;1;0;0;0
2532;344;20221014;13;250;40;30;70;165;;135;4;92;0;0;10093;70;8;82;;5;0;0;0;0;0
2533;344;20221014;14;250;50;50;90;162;;126;6;95;0;0;10091;75;8;79;;5;0;0;0;0;0
2534;344;20221014;15;260;40;30;70;154;;120;2;55;0;0;10089;75;8;79;;5;0;0;0;0;0
2535;344;20221014;16;240;30;30;50;147;;118;0;19;0;0;10085;70;8;82;;5;0;0;0;0;0
2536;344;20221014;17;230;30;20;50;136;;116;0;4;0;0;10084;70;8;87;;5;0;0;0;0;0
2537;344;20221014;18;230;30;30;60;135;121.0;119;0;0;0;0;10083;70;8;90;;5;0;0;0;0;0
2538;344;20221014;19;180;30;30;40;134;;118;0;0;0;0;10080;65;8;89;;5;0;0;0;0;0
2539;344;20221014;20;200;20;20;40;120;;108;0;0;0;0;10079;62;8;92;;5;0;0;0;0;0
2540;344;20221014;21;180;20;20;30;130;;111;0;0;0;0;10077;66;8;88;;5;0;0;0;0;0
2541;344;20221014;22;190;20;30;40;137;;116;0;0;0;0;10075;62;8;87;;5;0;0;0;0;0
2542;344;20221014;23;190;30;20;40;132;;117;0;0;0;0;10071;59;8;90;10.0;7;0;0;0;0;0
2543;344;20221014;24;190;30;30;40;135;108.0;119;0;0;0;0;10070;59;8;89;10.0;7;0;0;0;0;0
2544;344;20221015;1;200;30;30;40;134;;120;0;0;0;0;10067;58;8;91;10.0;7;0;0;0;0;0
2545;344;20221015;2;210;30;30;40;129;;119;0;0;0;0;10063;56;6;93;10.0;7;0;0;0;0;0
2546;344;20221015;3;190;30;30;50;125;;118;0;0;0;0;10056;50;1;95;10.0;7;0;0;0;0;0
2547;344;20221015;4;200;30;30;50;128;;123;0;0;0;0;10057;45;8;96;10.0;7;0;0;0;0;0
2548;344;20221015;5;190;40;30;60;130;;123;0;0;0;0;10055;50;7;95;10.0;7;0;0;0;0;0
2549;344;20221015;6;190;40;40;100;129;106.0;123;0;0;0;0;10053;50;8;96;10.0;7;0;0;0;0;0
2550;344;20221015;7;190;40;40;80;133;;127;0;5;0;0;10052;36;8;96;10.0;7;0;0;0;0;0
2551;344;20221015;8;170;40;40;70;134;;127;0;16;0;0;10049;35;8;95;10.0;7;0;0;0;0;0
2552;344;20221015;9;180;40;50;70;145;;130;6;63;0;0;10048;59;8;91;10.0;7;0;0;0;0;0
2553;344;20221015;10;160;40;40;80;141;;136;0;47;8;8;10041;29;8;96;53.0;7;0;1;0;0;0
2554;344;20221015;11;180;30;30;70;144;;141;0;36;10;5;10040;30;8;97;52.0;7;0;1;0;0;0
2555;344;20221015;12;240;40;60;80;157;124.0;147;0;35;5;2;10040;63;8;93;23.0;7;0;1;0;0;0
2556;344;20221015;13;240;50;50;90;164;;142;1;60;0;-1;10043;70;8;86;23.0;7;0;1;0;0;0
2557;344;20221015;14;240;60;70;100;160;;125;8;102;0;0;10049;75;8;80;;5;0;0;0;0;0
2558;344;20221015;15;230;60;50;110;165;;123;9;91;0;0;10054;75;8;76;2.0;7;0;0;0;0;0
2559;344;20221015;16;230;60;60;100;156;;109;10;51;0;0;10055;75;8;73;;5;0;0;0;0;0
2560;344;20221015;17;230;60;60;110;151;;110;2;8;0;0;10061;75;7;76;;5;0;0;0;0;0
2561;344;20221015;18;220;60;60;110;153;128.0;107;0;0;0;0;10069;75;8;73;3.0;7;0;0;0;0;0
2562;344;20221015;19;210;70;80;120;152;;108;0;0;0;0;10071;75;8;74;;5;0;0;0;0;0
2563;344;20221015;20;210;70;60;120;147;;108;0;0;0;0;10074;75;8;77;;5;0;0;0;0;0
2564;344;20221015;21;210;70;70;110;151;;108;0;0;0;0;10078;75;8;75;;5;0;0;0;0;0
2565;344;20221015;22;210;70;70;130;146;;105;0;0;0;0;10083;75;8;76;;5;0;0;0;0;0
2566;344;20221015;23;190;60;60;100;143;;103;0;0;0;0;10085;75;8;76;;5;0;0;0;0;0
2567;344;20221015;24;200;60;70;110;145;125.0;98;0;0;0;0;10085;75;8;73;;5;0;0;0;0;0
2568;344;20221016;1;190;70;60;120;139;;107;0;0;0;-1;10083;75;8;80;23.0;7;0;1;0;0;0
2569;344;20221016;2;200;50;60;90;135;;108;0;0;0;0;10087;70;8;83;;5;0;0;0;0;0
2570;344;20221016;3;200;60;60;100;135;;109;0;0;0;0;10087;70;8;84;2.0;7;0;0;0;0;0
2571;344;20221016;4;210;60;50;100;134;;110;0;0;0;0;10094;70;8;85;;5;0;0;0;0;0
2572;344;20221016;5;210;50;60;90;136;;113;0;0;0;0;10101;70;8;86;;5;0;0;0;0;0
2573;344;20221016;6;220;60;60;110;137;120.0;113;0;0;0;-1;10107;70;8;85;23.0;7;0;1;0;0;0
2574;344;20221016;7;210;70;60;110;134;;111;0;5;0;-1;10115;70;7;86;22.0;7;0;1;0;0;0
2575;344;20221016;8;220;60;60;110;143;;115;8;48;0;0;10126;70;2;83;;5;0;0;0;0;0
2576;344;20221016;9;230;60;60;100;153;;120;8;93;0;0;10136;70;3;81;3.0;7;0;0;0;0;0
2577;344;20221016;10;220;60;60;100;166;;124;10;129;0;0;10140;75;7;76;;5;0;0;0;0;0
2578;344;20221016;11;220;60;60;100;169;;119;9;153;0;0;10145;71;7;72;;5;0;0;0;0;0
2579;344;20221016;12;230;60;50;110;168;123.0;95;9;156;0;0;10151;74;8;61;3.0;7;0;0;0;0;0
2580;344;20221016;13;220;50;50;80;170;;102;9;137;0;0;10153;72;8;64;;5;0;0;0;0;0
2581;344;20221016;14;200;40;30;80;167;;111;9;80;0;0;10155;76;8;69;;5;0;0;0;0;0
2582;344;20221016;15;190;30;20;50;163;;103;0;50;0;0;10155;75;8;67;;5;0;0;0;0;0
2583;344;20221016;16;140;20;20;50;154;;115;0;18;0;0;10154;75;8;77;;5;0;0;0;0;0
2584;344;20221016;17;80;20;20;30;139;;115;0;3;0;0;10155;70;8;85;;5;0;0;0;0;0
2585;344;20221016;18;90;20;10;40;136;128.0;118;0;0;0;0;10161;70;8;89;;5;0;0;0;0;0
2586;344;20221016;19;100;20;30;40;143;;121;0;0;8;1;10164;68;8;86;81.0;7;0;1;0;0;0
2587;344;20221016;20;120;30;40;50;141;;127;0;0;9;5;10158;65;8;91;57.0;7;0;1;0;0;0
2588;344;20221016;21;120;40;40;70;147;;130;0;0;0;-1;10156;70;8;89;23.0;7;0;1;0;0;0
2589;344;20221016;22;130;30;20;60;149;;132;0;0;0;0;10156;70;8;89;;5;0;0;0;0;0
2590;344;20221016;23;130;30;30;50;150;;132;0;0;0;0;10153;70;8;89;;5;0;0;0;0;0
2591;344;20221016;24;120;30;30;50;147;129.0;134;0;0;0;0;10149;65;8;91;2.0;7;0;0;0;0;0
2592;344;20221017;1;120;30;30;50;146;;135;0;0;0;0;10147;65;8;93;;5;0;0;0;0;0
2593;344;20221017;2;130;40;30;60;146;;136;0;0;0;0;10141;65;8;93;;5;0;0;0;0;0
2594;344;20221017;3;170;40;50;70;157;;143;0;0;0;0;10141;65;8;91;;5;0;0;0;0;0
2595;344;20221017;4;180;50;50;70;157;;145;0;0;0;0;10143;65;8;92;;5;0;0;0;0;0
2596;344;20221017;5;180;40;40;60;158;;146;0;0;0;0;10145;65;8;92;;5;0;0;0;0;0
2597;344;20221017;6;180;40;40;80;159;132.0;147;0;0;0;0;10148;65;8;92;;5;0;0;0;0;0
2598;344;20221017;7;160;30;30;60;161;;150;0;1;0;-1;10157;65;8;93;57.0;7;0;1;0;0;0
2599;344;20221017;8;210;50;60;110;172;;160;0;3;9;10;10174;59;8;92;62.0;7;0;1;0;0;0
2600;344;20221017;9;210;40;40;90;169;;160;0;8;10;17;10176;65;8;94;61.0;7;0;1;0;0;0
2601;344;20221017;10;210;40;40;70;167;;158;0;18;10;9;10184;57;8;94;62.0;7;0;1;0;0;0
2602;344;20221017;11;250;50;40;90;158;;149;0;15;9;13;10193;60;8;94;23.0;7;0;1;0;0;0
2603;344;20221017;12;230;30;40;70;173;145.0;152;0;52;0;0;10200;70;8;87;2.0;7;0;0;0;0;0
2604;344;20221017;13;230;50;50;80;175;;153;0;58;0;0;10206;70;8;86;;5;0;0;0;0;0
2605;344;20221017;14;220;50;50;80;176;;148;0;44;0;0;10209;70;8;83;;5;0;0;0;0;0
2606;344;20221017;15;230;50;50;80;174;;149;2;47;0;0;10215;70;8;85;;5;0;0;0;0;0
2607;344;20221017;16;220;50;40;80;166;;142;0;20;0;0;10221;70;8;85;;5;0;0;0;0;0
2608;344;20221017;17;220;50;40;80;161;;140;0;3;0;0;10227;70;8;87;;5;0;0;0;0;0
2609;344;20221017;18;210;30;30;60;159;142.0;141;0;0;0;0;10232;70;8;89;;5;0;0;0;0;0
2610;344;20221017;19;200;20;20;40;149;;140;0;0;0;0;10237;65;8;94;;5;0;0;0;0;0
2611;344;20221017;20;190;10;20;20;136;;129;0;0;0;0;10241;65;8;95;;5;0;0;0;0;0
2612;344;20221017;21;300;10;10;30;132;;127;0;0;0;0;10247;61;8;97;;5;0;0;0;0;0
2613;344;20221017;22;190;10;10;20;129;;126;0;0;0;0;10251;50;8;98;10.0;7;0;0;0;0;0
2614;344;20221017;23;350;10;10;20;129;;126;0;0;0;0;10253;56;8;98;10.0;7;0;0;0;0;0
2615;344;20221017;24;0;10;0;10;119;109.0;118;0;0;0;0;10254;1;8;99;34.0;7;1;0;0;0;0
2616;344;20221018;1;260;10;10;20;103;;102;0;0;0;0;10256;1;8;99;33.0;7;1;0;0;0;0
2617;344;20221018;2;250;10;10;10;100;;98;0;0;0;0;10257;1;9;98;33.0;7;1;0;0;0;0
2618;344;20221018;3;0;0;0;10;92;;91;0;0;0;0;10258;1;9;99;33.0;7;1;0;0;0;0
2619;344;20221018;4;0;10;0;10;101;;101;0;0;0;0;10259;1;8;100;33.0;7;1;0;0;0;0
2620;344;20221018;5;220;10;10;10;94;;93;0;0;0;0;10261;1;9;99;33.0;7;1;0;0;0;0
2621;344;20221018;6;0;0;0;10;85;77.0;83;0;0;0;0;10264;2;9;99;32.0;7;1;0;0;0;0
2622;344;20221018;7;0;0;0;10;89;;89;0;5;0;0;10271;2;9;99;33.0;7;1;0;0;0;0
2623;344;20221018;8;0;0;0;10;125;;100;10;51;0;0;10279;66;0;85;20.0;7;1;0;0;0;0
2624;344;20221018;9;0;0;0;10;163;;110;10;93;0;0;10281;69;0;71;2.0;7;0;0;0;0;0
2625;344;20221018;10;990;10;10;20;170;;115;10;132;0;0;10286;77;0;69;;5;0;0;0;0;0
2626;344;20221018;11;310;20;20;40;178;;92;10;157;0;0;10290;81;0;57;;5;0;0;0;0;0
2627;344;20221018;12;300;30;30;50;179;78.0;99;10;170;0;0;10289;80;0;59;2.0;7;0;0;0;0;0
2628;344;20221018;13;290;30;30;50;179;;100;10;159;0;0;10286;79;0;60;;5;0;0;0;0;0
2629;344;20221018;14;290;30;20;50;176;;102;10;132;0;0;10286;82;0;61;;5;0;0;0;0;0
2630;344;20221018;15;350;20;30;40;166;;108;10;93;0;0;10285;80;0;68;;5;0;0;0;0;0
2631;344;20221018;16;360;30;20;50;151;;106;10;45;0;0;10287;75;1;74;;5;0;0;0;0;0
2632;344;20221018;17;360;20;20;40;129;;109;2;5;0;0;10288;70;0;87;;5;0;0;0;0;0
2633;344;20221018;18;10;10;10;20;101;53.0;96;0;0;0;0;10294;65;0;97;;5;0;0;0;0;0
2634;344;20221018;19;20;10;10;20;84;;80;0;0;0;0;10296;64;1;97;;5;0;0;0;0;0
2635;344;20221018;20;50;10;10;20;80;;77;0;0;0;0;10296;50;0;98;10.0;7;0;0;0;0;0
2636;344;20221018;21;70;10;10;30;76;;72;0;0;0;0;10293;61;4;97;;5;0;0;0;0;0
2637;344;20221018;22;60;20;20;30;77;;73;0;0;0;0;10292;61;8;97;;5;0;0;0;0;0
2638;344;20221018;23;50;20;20;30;69;;65;0;0;0;0;10293;61;8;97;;5;0;0;0;0;0
2639;344;20221018;24;50;20;10;20;68;16.0;65;0;0;0;0;10291;59;8;98;10.0;7;0;0;0;0;0
2640;344;20221019;1;50;20;30;30;66;;63;0;0;0;0;10290;31;6;98;20.0;7;1;0;0;0;0
2641;344;20221019;2;40;20;20;30;75;;72;0;0;0;0;10287;19;1;98;10.0;7;0;0;0;0;0
2642;344;20221019;3;40;20;10;40;69;;66;0;0;0;0;10283;34;8;98;20.0;7;1;0;0;0;0
2643;344;20221019;4;40;20;10;30;64;;61;0;0;0;0;10281;56;8;98;10.0;7;0;0;0;0;0
2644;344;20221019;5;90;20;20;40;57;;53;0;0;0;0;10281;65;8;97;;5;0;0;0;0;0
2645;344;20221019;6;60;10;30;30;55;14.0;51;0;0;0;0;10278;65;8;97;2.0;7;0;0;0;0;0
2646;344;20221019;7;70;30;30;40;64;;60;5;10;0;0;10277;65;8;97;;5;0;0;0;0;0
2647;344;20221019;8;80;30;40;70;99;;91;10;54;0;0;10275;65;7;94;;5;0;0;0;0;0
2648;344;20221019;9;80;50;50;80;115;;92;10;104;0;0;10272;70;8;85;;5;0;0;0;0;0
2649;344;20221019;10;90;60;70;100;123;;94;10;126;0;0;10266;70;8;82;;5;0;0;0;0;0
2650;344;20221019;11;80;70;80;110;130;;93;10;147;0;0;10257;75;8;77;;5;0;0;0;0;0
2651;344;20221019;12;90;70;60;110;138;35.0;96;10;171;0;0;10248;75;2;75;;5;0;0;0;0;0
2652;344;20221019;13;90;70;70;100;139;;86;10;156;0;0;10240;80;1;70;;5;0;0;0;0;0
2653;344;20221019;14;90;60;60;100;142;;93;10;139;0;0;10233;75;8;72;;5;0;0;0;0;0
2654;344;20221019;15;90;60;60;90;138;;92;10;87;0;0;10226;75;8;73;;5;0;0;0;0;0
2655;344;20221019;16;80;60;60;90;128;;90;5;23;0;0;10217;75;8;77;;5;0;0;0;0;0
2656;344;20221019;17;80;70;70;100;122;;86;2;3;0;0;10208;75;8;78;;5;0;0;0;0;0
2657;344;20221019;18;90;60;60;100;116;110.0;85;0;0;0;0;10209;70;8;81;;5;0;0;0;0;0
2658;344;20221019;19;90;60;60;100;110;;84;0;0;0;0;10200;70;8;83;;5;0;0;0;0;0
2659;344;20221019;20;90;60;50;100;106;;83;0;0;0;0;10193;70;8;85;;5;0;0;0;0;0
2660;344;20221019;21;90;50;50;80;101;;83;0;0;0;0;10188;70;8;88;;5;0;0;0;0;0
2661;344;20221019;22;90;50;50;80;99;;83;0;0;0;0;10181;70;8;89;;5;0;0;0;0;0
2662;344;20221019;23;100;50;50;90;98;;85;0;0;0;0;10172;65;8;91;;5;0;0;0;0;0
2663;344;20221019;24;100;50;40;80;97;91.0;87;0;0;0;0;10168;65;8;93;;5;0;0;0;0;0
2664;344;20221020;1;100;40;40;70;96;;89;0;0;0;0;10162;65;8;94;;5;0;0;0;0;0
2665;344;20221020;2;100;40;40;60;94;;90;0;0;0;0;10151;65;8;97;;5;0;0;0;0;0
2666;344;20221020;3;90;40;40;70;94;;89;0;0;0;0;10139;63;8;97;;5;0;0;0;0;0
2667;344;20221020;4;110;40;30;60;98;;93;0;0;0;0;10136;61;8;97;;5;0;0;0;0;0
2668;344;20221020;5;120;40;40;70;104;;101;0;0;0;0;10127;60;8;97;;5;0;0;0;0;0
2669;344;20221020;6;120;40;50;70;104;88.0;101;0;0;0;0;10121;59;8;97;10.0;7;0;0;0;0;0
2670;344;20221020;7;110;40;40;60;106;;101;0;3;0;0;10118;60;8;97;;5;0;0;0;0;0
2671;344;20221020;8;130;40;40;50;113;;109;0;13;0;0;10118;61;8;97;;5;0;0;0;0;0
2672;344;20221020;9;130;40;40;60;126;;116;0;30;0;0;10112;62;8;93;;5;0;0;0;0;0
2673;344;20221020;10;150;30;40;70;137;;125;0;31;0;0;10108;65;8;92;;5;0;0;0;0;0
2674;344;20221020;11;120;40;30;70;143;;139;0;27;7;1;10099;61;8;97;23.0;7;0;1;0;0;0
2675;344;20221020;12;170;40;40;100;145;100.0;142;0;30;4;13;10101;57;8;98;23.0;7;0;1;0;0;0
2676;344;20221020;13;160;40;40;70;153;;150;1;36;2;2;10094;59;8;98;23.0;7;0;1;0;0;0
2677;344;20221020;14;170;50;40;80;174;;164;9;110;0;0;10088;65;1;93;;5;0;0;0;0;0
2678;344;20221020;15;170;30;30;70;177;;165;2;37;0;0;10087;65;7;93;3.0;7;0;0;0;0;0
2679;344;20221020;16;150;30;30;50;177;;164;7;25;0;0;10085;65;7;92;;5;0;0;0;0;0
2680;344;20221020;17;160;30;40;70;170;;156;0;3;0;0;10084;65;0;91;;5;0;0;0;0;0
2681;344;20221020;18;150;30;30;80;160;144.0;155;0;0;0;0;10080;65;8;97;3.0;7;0;0;0;0;0
2682;344;20221020;19;140;20;20;70;157;;152;0;0;0;0;10080;65;8;97;;5;0;0;0;0;0
2683;344;20221020;20;130;30;20;50;160;;155;0;0;0;0;10073;64;8;97;;5;0;0;0;0;0
2684;344;20221020;21;150;30;30;60;155;;150;0;0;0;0;10075;65;2;97;;5;0;0;0;0;0
2685;344;20221020;22;150;40;30;60;161;;155;0;0;0;0;10073;65;8;95;;5;0;0;0;0;0
2686;344;20221020;23;160;40;40;50;161;;155;0;0;0;0;10071;65;8;96;;5;0;0;0;0;0
2687;344;20221020;24;170;40;40;60;158;138.0;153;0;0;0;-1;10070;65;8;97;23.0;7;0;1;0;0;0
2688;344;20221021;1;160;30;30;50;150;;145;0;0;0;-1;10065;65;1;97;23.0;7;0;1;0;0;0
2689;344;20221021;2;160;30;30;40;151;;146;0;0;0;0;10060;65;8;97;;5;0;0;0;0;0
2690;344;20221021;3;150;30;20;40;144;;139;0;0;0;0;10056;65;8;97;2.0;7;0;0;0;0;0
2691;344;20221021;4;150;20;20;30;135;;130;0;0;0;0;10053;64;1;97;;5;0;0;0;0;0
2692;344;20221021;5;160;30;40;50;140;;135;0;0;0;0;10054;65;6;97;;5;0;0;0;0;0
2693;344;20221021;6;170;40;40;70;137;116.0;132;0;0;0;0;10052;65;8;97;3.0;7;0;0;0;0;0
2694;344;20221021;7;160;30;20;60;135;;132;0;3;0;0;10053;65;8;97;;5;0;0;0;0;0
2695;344;20221021;8;170;30;30;50;141;;137;0;14;0;0;10060;65;8;97;;5;0;0;0;0;0
2696;344;20221021;9;190;30;40;50;151;;144;0;33;0;0;10060;65;8;95;;5;0;0;0;0;0
2697;344;20221021;10;180;40;40;70;164;;155;1;65;0;0;10061;65;8;94;;5;0;0;0;0;0
2698;344;20221021;11;200;50;50;100;175;;157;8;131;0;0;10062;70;8;88;;5;0;0;0;0;0
2699;344;20221021;12;200;50;60;100;185;126.0;153;6;113;0;0;10061;70;8;81;;5;0;0;0;0;0
2700;344;20221021;13;190;50;50;100;193;;154;6;128;0;0;10062;75;6;78;;5;0;0;0;0;0
2701;344;20221021;14;200;50;50;80;195;;154;10;121;0;0;10061;75;4;77;;5;0;0;0;0;0
2702;344;20221021;15;180;50;40;80;192;;146;10;77;0;0;10062;75;1;74;;5;0;0;0;0;0
2703;344;20221021;16;160;30;20;70;182;;147;8;33;0;0;10062;75;4;80;;5;0;0;0;0;0
2704;344;20221021;17;150;30;30;60;171;;146;0;2;0;0;10063;70;8;85;;5;0;0;0;0;0
2705;344;20221021;18;170;40;40;80;174;151.0;140;0;0;0;0;10068;75;8;80;;5;0;0;0;0;0
2706;344;20221021;19;180;40;30;70;163;;136;0;0;0;0;10072;70;8;84;;5;0;0;0;0;0
2707;344;20221021;20;180;30;30;50;160;;137;0;0;0;0;10073;70;8;86;;5;0;0;0;0;0
2708;344;20221021;21;170;30;30;50;154;;139;0;0;0;0;10074;65;8;91;;5;0;0;0;0;0
2709;344;20221021;22;180;30;40;50;156;;142;0;0;0;0;10077;65;8;91;;5;0;0;0;0;0
2710;344;20221021;23;170;40;40;60;153;;140;0;0;0;0;10076;65;7;92;;5;0;0;0;0;0
2711;344;20221021;24;160;40;40;60;152;140.0;140;0;0;0;0;10073;65;5;92;;5;0;0;0;0;0
2712;344;20221022;1;160;50;50;70;156;;140;0;0;0;0;10076;70;8;89;;5;0;0;0;0;0
2713;344;20221022;2;170;50;50;80;148;;135;0;0;0;0;10077;65;8;92;;5;0;0;0;0;0
2714;344;20221022;3;180;40;40;80;146;;134;0;0;0;0;10078;65;8;92;;5;0;0;0;0;0
2715;344;20221022;4;180;40;50;70;148;;133;0;0;0;0;10080;70;8;90;;5;0;0;0;0;0
2716;344;20221022;5;180;40;40;70;142;;131;0;0;0;0;10084;65;5;93;;5;0;0;0;0;0
2717;344;20221022;6;190;50;50;120;144;133.0;133;0;0;0;0;10089;65;8;92;;5;0;0;0;0;0
2718;344;20221022;7;210;60;70;110;150;;136;2;6;0;-1;10095;65;8;91;81.0;7;0;1;0;0;0
2719;344;20221022;8;220;70;70;120;151;;138;0;20;0;-1;10104;65;8;91;23.0;7;0;1;0;0;0
2720;344;20221022;9;220;70;60;110;154;;140;2;38;0;0;10113;65;6;91;1.0;7;0;0;0;0;0
2721;344;20221022;10;230;70;60;100;165;;144;9;87;0;0;10120;70;7;87;;5;0;0;0;0;0
2722;344;20221022;11;240;70;70;100;168;;132;8;108;0;0;10126;70;6;79;;5;0;0;0;0;0
2723;344;20221022;12;230;60;70;100;174;139.0;138;7;114;0;0;10129;70;7;79;3.0;7;0;0;0;0;0
2724;344;20221022;13;230;70;70;120;177;;127;10;144;0;0;10131;70;1;72;;5;0;0;0;0;0
2725;344;20221022;14;230;60;60;100;175;;126;9;109;0;0;10131;75;7;73;;5;0;0;0;0;0
2726;344;20221022;15;210;50;50;100;172;;127;7;68;0;0;10133;70;8;74;;5;0;0;0;0;0
2727;344;20221022;16;200;40;20;70;162;;131;5;23;0;0;10136;70;8;81;;5;0;0;0;0;0
2728;344;20221022;17;180;20;20;50;138;;124;0;1;0;0;10138;68;8;90;;5;0;0;0;0;0
2729;344;20221022;18;170;10;10;50;136;92.0;132;0;0;0;0;10140;65;8;97;;5;0;0;0;0;0
2730;344;20221022;19;150;20;20;40;126;;122;0;0;0;0;10140;65;8;97;;5;0;0;0;0;0
2731;344;20221022;20;160;20;20;30;120;;115;0;0;0;0;10140;65;8;97;;5;0;0;0;0;0
2732;344;20221022;21;170;20;20;30;125;;120;0;0;0;0;10142;65;8;97;;5;0;0;0;0;0
2733;344;20221022;22;140;20;10;30;121;;116;0;0;0;0;10140;65;8;97;;5;0;0;0;0;0
2734;344;20221022;23;130;10;10;20;122;;117;0;0;0;0;10137;64;8;97;;5;0;0;0;0;0
2735;344;20221022;24;130;10;20;20;126;89.0;121;0;0;0;0;10130;65;8;97;;5;0;0;0;0;0
2736;344;20221023;1;110;10;20;20;127;;122;0;0;0;0;10129;65;8;97;;5;0;0;0;0;0
2737;344;20221023;2;120;20;20;30;127;;122;0;0;0;0;10123;65;8;97;;5;0;0;0;0;0
2738;344;20221023;3;100;10;20;30;129;;124;0;0;0;0;10115;65;8;97;;5;0;0;0;0;0
2739;344;20221023;4;100;20;30;30;126;;121;0;0;0;0;10109;65;8;97;;5;0;0;0;0;0
2740;344;20221023;5;100;30;30;40;128;;123;0;0;0;0;10104;65;8;97;;5;0;0;0;0;0
2741;344;20221023;6;120;30;40;70;131;102.0;126;0;0;0;0;10100;65;8;97;;5;0;0;0;0;0
2742;344;20221023;7;120;30;30;70;129;;124;0;2;0;0;10095;65;8;97;;5;0;0;0;0;0
2743;344;20221023;8;110;30;30;50;134;;129;0;16;0;0;10090;65;8;97;;5;0;0;0;0;0
2744;344;20221023;9;120;40;40;60;140;;134;0;21;0;0;10085;65;8;95;;5;0;0;0;0;0
2745;344;20221023;10;130;40;50;70;148;;138;0;23;0;-1;10076;65;8;93;23.0;7;0;1;0;0;0
2746;344;20221023;11;110;40;50;70;154;;142;0;41;0;0;10064;65;8;92;;5;0;0;0;0;0
2747;344;20221023;12;140;50;60;90;171;122.0;143;0;74;0;0;10055;70;8;83;2.0;7;0;0;0;0;0
2748;344;20221023;13;140;60;60;110;181;;144;2;79;0;0;10044;75;8;79;;5;0;0;0;0;0
2749;344;20221023;14;150;60;50;100;187;;148;10;85;0;0;10035;75;8;77;;5;0;0;0;0;0
2750;344;20221023;15;160;70;70;120;185;;148;3;46;0;0;10030;75;8;78;;5;0;0;0;0;0
2751;344;20221023;16;160;70;70;130;185;;149;0;8;0;0;10024;75;8;79;;5;0;0;0;0;0
2752;344;20221023;17;160;60;50;100;184;;147;0;2;0;0;10019;75;8;79;;5;0;0;0;0;0
2753;344;20221023;18;150;60;60;90;188;170.0;149;0;0;0;0;10015;75;8;78;;5;0;0;0;0;0
2754;344;20221023;19;220;50;40;160;144;;141;0;0;8;89;10036;27;8;98;92.0;7;0;1;0;1;0
2755;344;20221023;20;160;40;40;130;144;;131;0;0;2;2;10025;65;2;91;26.0;7;0;1;0;1;0
2756;344;20221023;21;160;40;40;70;155;;136;0;0;0;0;10028;70;8;88;3.0;7;0;0;0;0;0
2757;344;20221023;22;160;50;40;80;151;;132;0;0;0;0;10026;70;8;88;;5;0;0;0;0;0
2758;344;20221023;23;170;50;50;90;155;;131;0;0;0;0;10021;70;2;85;;5;0;0;0;0;0
2759;344;20221023;24;160;50;50;70;159;129.0;140;0;0;0;0;10015;70;7;88;3.0;7;0;0;0;0;0
2760;344;20221024;1;170;60;60;100;165;;136;0;0;0;0;10013;70;8;83;;5;0;0;0;0;0
2761;344;20221024;2;190;70;80;120;166;;124;0;0;0;-1;10010;75;1;76;23.0;7;0;1;0;0;0
2762;344;20221024;3;200;80;90;130;160;;121;0;0;0;0;10008;75;6;77;3.0;7;0;0;0;0;0
2763;344;20221024;4;190;90;80;150;163;;113;0;0;0;0;10007;75;8;72;;5;0;0;0;0;0
2764;344;20221024;5;190;90;100;150;164;;116;0;0;0;0;10004;75;8;73;;5;0;0;0;0;0
2765;344;20221024;6;200;100;100;180;161;147.0;117;0;0;0;0;10005;75;8;75;2.0;7;0;0;0;0;0
2766;344;20221024;7;210;110;120;190;162;;116;0;1;0;-1;10016;75;8;74;23.0;7;0;1;0;0;0
2767;344;20221024;8;220;110;120;180;157;;121;0;18;0;0;10026;75;8;78;;5;0;0;0;0;0
2768;344;20221024;9;220;100;100;190;150;;127;0;35;0;-1;10036;70;8;85;23.0;7;0;1;0;0;0
2769;344;20221024;10;220;90;100;160;161;;136;6;82;0;0;10043;70;7;84;;5;0;0;0;0;0
2770;344;20221024;11;220;100;100;160;148;;133;2;73;0;-1;10053;70;8;90;23.0;7;0;1;0;0;0
2771;344;20221024;12;220;90;90;160;149;144.0;137;1;54;4;2;10058;65;8;92;23.0;7;0;1;0;0;0
2772;344;20221024;13;230;70;80;140;143;;141;0;23;9;42;10061;56;8;98;82.0;7;0;1;0;0;0
2773;344;20221024;14;230;90;100;150;156;;137;1;55;0;-1;10060;70;8;88;23.0;7;0;1;0;0;0
2774;344;20221024;15;220;80;80;140;158;;139;7;56;0;0;10065;70;7;88;1.0;7;0;0;0;0;0
2775;344;20221024;16;230;70;60;120;152;;134;7;23;0;0;10068;66;7;88;;5;0;0;0;0;0
2776;344;20221024;17;220;60;50;110;146;;133;0;2;0;0;10073;65;8;91;;5;0;0;0;0;0
2777;344;20221024;18;210;40;60;80;155;133.0;128;0;0;0;0;10078;70;8;84;2.0;7;0;0;0;0;0
2778;344;20221024;19;210;60;60;100;146;;129;0;0;0;0;10082;70;6;89;;5;0;0;0;0;0
2779;344;20221024;20;220;60;60;100;142;;133;0;0;0;0;10084;65;3;94;;5;0;0;0;0;0
2780;344;20221024;21;220;60;60;110;137;;129;0;0;0;0;10088;65;1;95;;5;0;0;0;0;0
2781;344;20221024;22;220;60;50;90;138;;130;0;0;0;0;10093;65;6;95;;5;0;0;0;0;0
2782;344;20221024;23;220;60;70;100;141;;135;0;0;0;0;10100;65;8;96;;5;0;0;0;0;0
2783;344;20221024;24;220;60;60;100;142;128.0;135;0;0;0;0;10103;65;8;95;;5;0;0;0;0;0
2784;344;20221025;1;220;70;70;110;141;;134;0;0;0;0;10107;65;8;95;;5;0;0;0;0;0
2785;344;20221025;2;220;60;60;100;140;;135;0;0;2;5;10111;65;7;97;23.0;7;0;1;0;0;0
2786;344;20221025;3;230;50;50;90;136;;131;0;0;0;-1;10114;65;2;97;23.0;7;0;1;0;0;0
2787;344;20221025;4;220;50;50;80;136;;131;0;0;1;1;10119;60;7;97;81.0;7;0;1;0;0;0
2788;344;20221025;5;210;60;60;100;133;;128;0;0;0;-1;10125;65;1;97;23.0;7;0;1;0;0;0
2789;344;20221025;6;220;60;60;100;132;126.0;127;0;0;0;0;10130;65;6;97;3.0;7;0;0;0;0;0
2790;344;20221025;7;220;60;60;100;133;;130;0;2;0;0;10137;65;8;97;;5;0;0;0;0;0
2791;344;20221025;8;210;50;50;80;135;;132;0;19;0;0;10141;65;8;97;;5;0;0;0;0;0
2792;344;20221025;9;210;50;50;80;139;;133;0;43;0;0;10145;65;4;96;;5;0;0;0;0;0
2793;344;20221025;10;210;50;40;80;140;;134;0;42;0;0;10151;65;7;95;;5;0;0;0;0;0
2794;344;20221025;11;220;50;50;90;156;;140;4;65;0;0;10152;68;7;90;;5;0;0;0;0;0
2795;344;20221025;12;220;50;40;90;165;125.0;148;4;88;0;0;10153;70;8;89;;5;0;0;0;0;0
2796;344;20221025;13;220;50;50;80;166;;138;6;98;0;0;10152;70;8;83;;5;0;0;0;0;0
2797;344;20221025;14;220;50;40;90;161;;130;5;68;0;0;10152;70;7;81;;5;0;0;0;0;0
2798;344;20221025;15;190;50;50;90;160;;124;3;41;0;0;10149;75;7;78;;5;0;0;0;0;0
2799;344;20221025;16;190;40;40;80;155;;125;7;17;0;0;10147;70;8;82;;5;0;0;0;0;0
2800;344;20221025;17;160;30;20;80;140;;119;0;1;0;0;10146;70;8;87;;5;0;0;0;0;0
2801;344;20221025;18;160;20;20;50;137;107.0;119;0;0;0;0;10146;70;8;88;;5;0;0;0;0;0
2802;344;20221025;19;150;30;30;70;131;;117;0;0;0;0;10144;70;8;90;;5;0;0;0;0;0
2803;344;20221025;20;160;30;30;40;131;;116;0;0;0;0;10141;65;8;91;;5;0;0;0;0;0
2804;344;20221025;21;150;30;20;40;121;;112;0;0;0;0;10139;65;8;93;;5;0;0;0;0;0
2805;344;20221025;22;140;20;20;30;118;;111;0;0;0;0;10137;65;8;95;;5;0;0;0;0;0
2806;344;20221025;23;120;20;20;30;120;;112;0;0;0;0;10134;65;8;94;;5;0;0;0;0;0
2807;344;20221025;24;110;30;30;40;121;91.0;112;0;0;0;0;10129;65;8;94;;5;0;0;0;0;0
2808;344;20221026;1;120;30;30;50;122;;114;0;0;0;0;10124;65;8;94;;5;0;0;0;0;0
2809;344;20221026;2;110;30;30;50;118;;111;0;0;0;0;10119;65;8;95;;5;0;0;0;0;0
2810;344;20221026;3;120;30;30;40;122;;112;0;0;0;0;10117;65;8;93;;5;0;0;0;0;0
2811;344;20221026;4;130;30;30;40;128;;115;0;0;0;0;10113;65;8;91;;5;0;0;0;0;0
2812;344;20221026;5;150;40;50;60;130;;117;0;0;0;0;10113;65;8;91;;5;0;0;0;0;0
2813;344;20221026;6;160;40;40;90;131;106.0;116;0;0;0;0;10112;70;8;90;;5;0;0;0;0;0
2814;344;20221026;7;160;40;30;70;134;;117;0;2;0;0;10115;70;7;89;;5;0;0;0;0;0
2815;344;20221026;8;180;40;40;70;148;;126;10;37;0;0;10124;70;8;86;;5;0;0;0;0;0
2816;344;20221026;9;200;50;60;90;159;;134;9;77;0;0;10127;70;8;85;;5;0;0;0;0;0
2817;344;20221026;10;210;60;60;110;169;;145;7;88;0;0;10134;70;8;85;;5;0;0;0;0;0
2818;344;20221026;11;220;60;60;110;173;;154;2;69;0;0;10142;70;5;88;;5;0;0;0;0;0
2819;344;20221026;12;220;60;60;110;187;120.0;154;7;104;0;0;10146;70;7;81;;5;0;0;0;0;0
2820;344;20221026;13;210;70;70;110;186;;148;10;132;0;0;10149;75;3;78;;5;0;0;0;0;0
2821;344;20221026;14;200;70;60;110;188;;147;8;99;0;0;10155;75;7;76;;5;0;0;0;0;0
2822;344;20221026;15;210;60;60;100;187;;148;0;34;0;0;10161;75;8;78;;5;0;0;0;0;0
2823;344;20221026;16;230;60;50;110;184;;150;8;18;0;0;10169;75;8;80;;5;0;0;0;0;0
2824;344;20221026;17;220;50;50;90;176;;145;0;2;0;0;10174;70;8;82;;5;0;0;0;0;0
2825;344;20221026;18;220;40;40;90;167;154.0;145;0;0;0;0;10184;70;8;86;;5;0;0;0;0;0
2826;344;20221026;19;230;50;40;90;165;;143;0;0;0;0;10192;70;8;86;;5;0;0;0;0;0
2827;344;20221026;20;180;30;30;50;157;;143;0;0;0;0;10196;65;8;91;;5;0;0;0;0;0
2828;344;20221026;21;190;30;30;50;158;;144;0;0;0;0;10200;65;8;91;;5;0;0;0;0;0
2829;344;20221026;22;200;30;30;50;165;;150;0;0;0;-1;10202;65;8;91;81.0;7;0;1;0;0;0
2830;344;20221026;23;180;30;20;60;158;;150;0;0;0;-1;10203;65;8;94;23.0;7;0;1;0;0;0
2831;344;20221026;24;150;20;30;40;153;138.0;146;0;0;0;0;10202;65;8;95;2.0;7;0;0;0;0;0
2832;344;20221027;1;160;30;30;40;151;;144;0;0;0;0;10205;65;8;95;;5;0;0;0;0;0
2833;344;20221027;2;170;30;30;40;147;;142;0;0;0;0;10203;65;8;96;;5;0;0;0;0;0
2834;344;20221027;3;160;40;40;50;153;;141;0;0;0;0;10200;65;8;92;;5;0;0;0;0;0
2835;344;20221027;4;160;40;40;50;151;;139;0;0;0;0;10202;65;8;92;;5;0;0;0;0;0
2836;344;20221027;5;160;40;40;60;154;;137;0;0;0;0;10201;70;8;89;;5;0;0;0;0;0
2837;344;20221027;6;160;40;40;90;157;129.0;129;0;0;0;0;10197;70;8;83;;5;0;0;0;0;0
2838;344;20221027;7;160;40;40;70;149;;124;0;2;0;0;10194;70;8;84;;5;0;0;0;0;0
2839;344;20221027;8;160;50;50;70;163;;120;5;28;0;0;10192;75;8;75;;5;0;0;0;0;0
2840;344;20221027;9;160;60;60;100;173;;119;5;57;0;0;10188;75;8;70;;5;0;0;0;0;0
2841;344;20221027;10;150;60;50;90;179;;129;4;81;0;0;10182;75;8;72;;5;0;0;0;0;0
2842;344;20221027;11;160;50;50;80;182;;133;1;59;0;0;10181;75;8;73;;5;0;0;0;0;0
2843;344;20221027;12;160;50;50;110;186;131.0;143;0;32;0;-1;10176;21;8;76;81.0;7;0;1;0;0;0
2844;344;20221027;13;170;60;60;100;193;;145;0;55;0;-1;10171;75;8;74;23.0;7;0;1;0;0;0
2845;344;20221027;14;180;60;60;110;201;;155;8;91;0;0;10170;75;8;74;;5;0;0;0;0;0
2846;344;20221027;15;180;50;50;100;200;;156;8;63;0;0;10170;75;8;76;2.0;7;0;0;0;0;0
2847;344;20221027;16;180;40;30;80;188;;158;8;29;0;0;10173;70;8;82;;5;0;0;0;0;0
2848;344;20221027;17;190;40;50;70;185;;152;0;1;0;0;10174;75;8;80;;5;0;0;0;0;0
2849;344;20221027;18;180;40;30;90;172;150.0;146;0;0;0;0;10171;70;8;84;2.0;7;0;0;0;0;0
2850;344;20221027;19;190;30;30;60;172;;148;0;0;0;0;10176;70;8;85;;5;0;0;0;0;0
2851;344;20221027;20;170;30;30;50;176;;150;0;0;0;0;10175;70;8;84;;5;0;0;0;0;0
2852;344;20221027;21;170;20;20;40;165;;150;0;0;0;0;10176;70;8;90;;5;0;0;0;0;0
2853;344;20221027;22;140;20;20;40;166;;152;0;0;0;0;10173;65;8;91;;5;0;0;0;0;0
2854;344;20221027;23;130;20;20;30;156;;148;0;0;0;0;10168;65;8;94;;5;0;0;0;0;0
2855;344;20221027;24;140;10;20;20;141;104.0;136;0;0;0;0;10165;65;2;97;;5;0;0;0;0;0
2856;344;20221028;1;160;20;20;40;141;;136;0;0;0;0;10163;65;8;97;;5;0;0;0;0;0
2857;344;20221028;2;150;20;20;30;138;;133;0;0;0;0;10160;65;8;97;;5;0;0;0;0;0
2858;344;20221028;3;170;30;30;50;157;;143;0;0;0;0;10156;65;8;91;;5;0;0;0;0;0
2859;344;20221028;4;180;40;40;60;157;;143;0;0;0;0;10154;65;8;91;;5;0;0;0;0;0
2860;344;20221028;5;180;40;40;60;155;;141;0;0;0;0;10154;65;8;91;;5;0;0;0;0;0
2861;344;20221028;6;180;40;40;90;152;91.0;140;0;0;0;0;10152;65;8;92;;5;0;0;0;0;0
2862;344;20221028;7;170;40;40;90;153;;140;0;2;0;0;10153;65;8;91;;5;0;0;0;0;0
2863;344;20221028;8;180;50;40;80;159;;142;3;23;0;0;10156;70;8;89;;5;0;0;0;0;0
2864;344;20221028;9;170;50;50;100;169;;143;2;44;0;0;10155;70;8;84;;5;0;0;0;0;0
2865;344;20221028;10;180;50;50;100;185;;152;6;85;0;0;10153;70;7;81;;5;0;0;0;0;0
2866;344;20221028;11;200;60;70;110;196;;153;3;82;0;0;10156;75;8;76;;5;0;0;0;0;0
2867;344;20221028;12;220;70;70;120;197;138.0;154;0;72;0;0;10160;75;8;76;;5;0;0;0;0;0
2868;344;20221028;13;240;70;70;110;200;;155;5;89;0;0;10166;75;8;75;;5;0;0;0;0;0
2869;344;20221028;14;230;70;70;110;193;;163;8;78;0;0;10170;70;8;82;;5;0;0;0;0;0
2870;344;20221028;15;230;60;60;100;190;;160;0;29;0;0;10176;70;8;82;;5;0;0;0;0;0
2871;344;20221028;16;240;70;70;110;180;;157;7;19;0;0;10182;69;8;86;;5;0;0;0;0;0
2872;344;20221028;17;240;60;50;110;169;;146;0;1;0;0;10189;70;8;86;;5;0;0;0;0;0
2873;344;20221028;18;250;50;40;90;162;152.0;144;0;0;0;0;10197;68;8;88;;5;0;0;0;0;0
2874;344;20221028;19;250;40;40;70;157;;144;0;0;0;0;10200;65;8;92;;5;0;0;0;0;0
2875;344;20221028;20;230;30;20;60;132;;127;0;0;0;0;10204;64;8;97;;5;0;0;0;0;0
2876;344;20221028;21;230;30;30;40;136;;131;0;0;0;0;10208;62;8;97;;5;0;0;0;0;0
2877;344;20221028;22;230;20;20;40;124;;119;0;0;0;0;10210;61;8;97;;5;0;0;0;0;0
2878;344;20221028;23;230;30;20;40;134;;129;0;0;0;0;10209;61;8;97;;5;0;0;0;0;0
2879;344;20221028;24;170;20;20;30;127;89.0;124;0;0;0;0;10211;59;8;98;10.0;7;0;0;0;0;0
2880;344;20221029;1;140;20;10;40;120;;117;0;0;0;0;10207;58;8;98;10.0;7;0;0;0;0;0
2881;344;20221029;2;160;20;20;30;110;;107;0;0;0;0;10203;36;8;98;10.0;7;0;0;0;0;0
2882;344;20221029;3;160;20;20;30;118;;113;0;0;0;0;10198;62;8;97;;5;0;0;0;0;0
2883;344;20221029;4;160;20;30;30;131;;126;0;0;0;0;10193;65;8;97;;5;0;0;0;0;0
2884;344;20221029;5;130;20;10;40;123;;118;0;0;0;0;10192;62;8;97;;5;0;0;0;0;0
2885;344;20221029;6;100;10;10;40;129;74.0;124;0;0;0;0;10188;62;8;97;;5;0;0;0;0;0
2886;344;20221029;7;100;20;30;40;141;;136;0;1;0;0;10183;62;8;97;;5;0;0;0;0;0
2887;344;20221029;8;120;30;30;50;154;;149;3;20;0;0;10182;62;8;96;;5;0;0;0;0;0
2888;344;20221029;9;120;20;20;50;164;;156;0;37;0;-1;10179;63;8;95;23.0;7;0;1;0;0;0
2889;344;20221029;10;140;30;30;50;172;;156;0;33;0;0;10174;69;8;90;;5;0;0;0;0;0
2890;344;20221029;11;160;40;40;80;188;;156;5;89;0;0;10170;70;8;81;;5;0;0;0;0;0
2891;344;20221029;12;170;40;40;80;205;122.0;163;6;105;0;0;10166;74;8;76;2.0;7;0;0;0;0;0
2892;344;20221029;13;160;30;30;70;210;;160;7;94;0;0;10161;75;8;73;;5;0;0;0;0;0
2893;344;20221029;14;120;30;20;50;209;;170;3;65;0;0;10156;74;8;78;;5;0;0;0;0;0
2894;344;20221029;15;120;20;20;50;200;;168;0;28;0;0;10151;70;8;81;;5;0;0;0;0;0
2895;344;20221029;16;130;30;30;40;196;;161;3;12;0;0;10145;75;8;79;;5;0;0;0;0;0
2896;344;20221029;17;150;30;40;80;197;;152;0;1;0;0;10144;75;8;75;;5;0;0;0;0;0
2897;344;20221029;18;170;40;60;80;197;161.0;148;0;0;0;0;10149;75;8;73;;5;0;0;0;0;0
2898;344;20221029;19;180;40;30;90;178;;144;0;0;0;0;10150;75;8;80;;5;0;0;0;0;0
2899;344;20221029;20;190;30;40;60;176;;139;0;0;0;0;10153;75;8;79;;5;0;0;0;0;0
2900;344;20221029;21;210;40;30;60;177;;138;0;0;0;0;10155;75;8;77;;5;0;0;0;0;0
2901;344;20221029;22;190;30;30;50;171;;140;0;0;0;0;10158;70;8;81;;5;0;0;0;0;0
2902;344;20221029;23;190;30;30;40;161;;141;0;0;0;0;10161;70;8;87;;5;0;0;0;0;0
2903;344;20221029;24;200;30;30;40;152;133.0;138;0;0;0;0;10160;65;8;91;;5;0;0;0;0;0
2904;344;20221030;1;190;20;20;40;137;;132;0;0;0;0;10161;65;8;97;;5;0;0;0;0;0
2905;344;20221030;2;210;10;10;30;133;;128;0;0;0;0;10162;65;8;97;;5;0;0;0;0;0
2906;344;20221030;3;110;10;10;20;122;;117;0;0;0;0;10164;63;8;97;;5;0;0;0;0;0
2907;344;20221030;4;150;20;10;20;121;;116;0;0;0;0;10164;62;8;97;;5;0;0;0;0;0
2908;344;20221030;5;160;20;30;30;132;;127;0;0;0;0;10161;65;2;97;;5;0;0;0;0;0
2909;344;20221030;6;180;20;30;40;127;83.0;122;0;0;0;0;10164;64;8;97;;5;0;0;0;0;0
2910;344;20221030;7;150;30;30;70;142;;136;2;3;0;0;10161;65;8;96;;5;0;0;0;0;0
2911;344;20221030;8;150;20;20;60;155;;144;10;34;0;0;10164;65;8;93;;5;0;0;0;0;0
2912;344;20221030;9;180;20;20;50;161;;142;3;49;0;0;10166;65;8;88;;5;0;0;0;0;0
2913;344;20221030;10;200;20;20;40;179;;147;8;79;0;0;10166;69;8;81;;5;0;0;0;0;0
2914;344;20221030;11;250;10;20;30;194;;152;8;113;0;0;10163;68;8;77;;5;0;0;0;0;0
2915;344;20221030;12;270;20;20;30;186;102.0;156;4;79;0;0;10161;69;8;82;;5;0;0;0;0;0
2916;344;20221030;13;260;20;20;40;181;;155;0;55;0;0;10160;70;8;84;;5;0;0;0;0;0
2917;344;20221030;14;260;20;50;70;174;;145;5;66;0;0;10164;70;8;82;;5;0;0;0;0;0
2918;344;20221030;15;250;40;40;60;164;;148;0;20;0;0;10171;70;8;90;;5;0;0;0;0;0
2919;344;20221030;16;210;40;20;70;158;;143;3;13;0;0;10173;70;8;90;;5;0;0;0;0;0
2920;344;20221030;17;210;20;20;40;154;;142;0;0;0;-1;10174;65;8;92;51.0;7;0;1;0;0;0
2921;344;20221030;18;240;40;40;70;155;140.0;123;0;0;0;-1;10185;70;8;81;22.0;7;0;1;0;0;0
2922;344;20221030;19;230;40;30;70;134;;115;0;0;0;0;10189;70;8;88;;5;0;0;0;0;0
2923;344;20221030;20;230;40;30;60;139;;117;0;0;0;0;10193;70;8;86;;5;0;0;0;0;0
2924;344;20221030;21;230;40;30;70;125;;109;0;0;0;0;10194;70;0;90;;5;0;0;0;0;0
2925;344;20221030;22;220;30;30;40;113;;105;0;0;0;0;10198;65;2;95;;5;0;0;0;0;0
2926;344;20221030;23;210;30;20;50;112;;104;0;0;0;0;10201;65;6;95;;5;0;0;0;0;0
2927;344;20221030;24;190;20;20;40;123;87.0;112;0;0;0;0;10201;65;8;93;;5;0;0;0;0;0
2928;344;20221031;1;190;20;20;40;110;;105;0;0;0;0;10201;65;8;97;;5;0;0;0;0;0
2929;344;20221031;2;190;20;20;30;102;;97;0;0;0;0;10198;65;8;97;;5;0;0;0;0;0
2930;344;20221031;3;0;20;0;40;103;;98;0;0;0;0;10198;64;8;97;;5;0;0;0;0;0
2931;344;20221031;4;170;20;30;40;104;;99;0;0;0;0;10197;60;8;97;;5;0;0;0;0;0
2932;344;20221031;5;150;20;20;40;101;;98;0;0;0;0;10196;59;8;98;10.0;7;0;0;0;0;0
2933;344;20221031;6;140;20;10;30;91;47.0;91;0;0;0;0;10194;5;8;100;34.0;7;1;0;0;0;0
2934;344;20221031;7;130;10;10;30;86;;83;0;1;0;0;10195;50;8;98;20.0;7;1;0;0;0;0
2935;344;20221031;8;130;10;10;30;101;;98;2;17;0;0;10195;50;8;98;10.0;7;0;0;0;0;0
2936;344;20221031;9;150;20;30;50;136;;130;5;55;0;0;10193;59;8;96;10.0;7;0;0;0;0;0
2937;344;20221031;10;150;20;20;70;144;;131;2;60;0;0;10185;65;8;92;;5;0;0;0;0;0
2938;344;20221031;11;130;30;40;70;155;;133;5;97;0;0;10179;70;8;86;;5;0;0;0;0;0
2939;344;20221031;12;140;40;40;60;158;47.0;141;0;67;0;0;10171;60;8;89;2.0;7;0;0;0;0;0
2940;344;20221031;13;100;30;40;60;159;;143;3;78;0;0;10154;58;8;90;10.0;7;0;0;0;0;0
2941;344;20221031;14;100;30;30;60;157;;145;0;29;0;0;10144;58;8;92;10.0;7;0;0;0;0;0
2942;344;20221031;15;90;40;40;60;155;;147;0;19;0;0;10131;56;8;95;10.0;7;0;0;0;0;0
2943;344;20221031;16;90;40;40;60;154;;147;2;8;0;0;10123;56;8;96;10.0;7;0;0;0;0;0
2944;344;20221031;17;110;40;40;70;151;;144;0;0;0;0;10116;58;8;95;10.0;7;0;0;0;0;0
2945;344;20221031;18;110;40;30;70;146;132.0;136;0;0;0;0;10108;61;7;93;;5;0;0;0;0;0
2946;344;20221031;19;130;40;40;70;148;;132;0;0;0;0;10100;65;8;90;;5;0;0;0;0;0
2947;344;20221031;20;150;40;50;70;157;;129;0;0;0;0;10094;70;8;83;;5;0;0;0;0;0
2948;344;20221031;21;160;50;50;70;156;;127;0;0;0;0;10086;70;8;83;;5;0;0;0;0;0
2949;344;20221031;22;160;60;70;100;161;;128;0;0;0;-1;10082;72;8;80;57.0;7;0;1;0;0;0
2950;344;20221031;23;160;60;50;90;157;;136;0;0;10;4;10072;70;8;87;57.0;7;0;1;0;0;0
2951;344;20221031;24;160;60;60;100;159;133.0;138;0;0;3;1;10064;70;8;87;23.0;7;0;1;0;0;0
2952;344;20221101;1;170;60;70;110;163;;143;0;0;0;0;10060;70;8;87;;5;0;0;0;0;0
2953;344;20221101;2;180;70;70;110;170;;147;0;0;0;0;10057;70;8;86;;5;0;0;0;0;0
2954;344;20221101;3;220;100;100;150;154;;123;0;0;1;2;10067;70;3;81;23.0;7;0;1;0;0;0
2955;344;20221101;4;220;90;100;140;146;;108;0;0;0;0;10076;75;6;77;;5;0;0;0;0;0
2956;344;20221101;5;200;100;100;190;135;;93;0;0;0;0;10082;75;1;75;;5;0;0;0;0;0
2957;344;20221101;6;200;100;110;170;135;123.0;85;0;0;0;0;10085;72;7;71;3.0;7;0;0;0;0;0
2958;344;20221101;7;200;110;110;180;132;;86;0;2;0;0;10095;68;7;73;;5;0;0;0;0;0
2959;344;20221101;8;200;100;100;170;128;;91;10;25;0;0;10108;69;2;78;;5;0;0;0;0;0
2960;344;20221101;9;210;100;100;160;130;;94;8;59;0;0;10118;71;1;78;;5;0;0;0;0;0
2961;344;20221101;10;200;100;90;160;142;;100;10;92;0;0;10125;70;1;75;;5;0;0;0;0;0
2962;344;20221101;11;200;100;100;160;148;;100;10;125;0;0;10130;72;1;73;;5;0;0;0;0;0
2963;344;20221101;12;210;100;110;170;154;121.0;98;9;112;0;0;10131;79;0;69;;5;0;0;0;0;0
2964;344;20221101;13;200;100;90;150;158;;100;10;117;0;0;10127;79;8;68;;5;0;0;0;0;0
2965;344;20221101;14;200;90;100;160;158;;99;8;83;0;0;10127;79;5;68;;5;0;0;0;0;0
2966;344;20221101;15;190;90;80;140;157;;101;5;34;0;0;10127;80;8;69;;5;0;0;0;0;0
2967;344;20221101;16;190;90;90;140;153;;100;7;12;0;0;10125;75;7;70;;5;0;0;0;0;0
2968;344;20221101;17;190;90;100;150;156;;99;0;0;0;0;10127;80;8;68;;5;0;0;0;0;0
2969;344;20221101;18;200;90;90;150;153;140.0;102;0;0;0;-1;10128;75;8;71;23.0;7;0;1;0;0;0
2970;344;20221101;19;200;100;90;180;140;;110;0;0;0;-1;10132;70;8;82;23.0;7;0;1;0;0;0
2971;344;20221101;20;200;60;40;130;132;;119;0;0;5;10;10127;65;8;92;23.0;7;0;1;0;0;0
2972;344;20221101;21;200;80;80;150;130;;103;0;0;0;0;10125;70;8;83;2.0;7;0;0;0;0;0
2973;344;20221101;22;200;80;70;140;121;;117;0;0;2;3;10129;65;8;97;81.0;7;0;1;0;0;0
2974;344;20221101;23;210;70;70;140;119;;106;0;0;8;38;10122;65;7;91;51.0;7;0;1;0;0;0
2975;344;20221101;24;200;60;70;120;121;109.0;111;0;0;0;-1;10122;65;3;93;26.0;7;0;1;0;1;0
2976;344;20221102;1;210;90;90;160;112;;85;0;0;5;3;10123;70;8;83;23.0;7;0;1;0;0;0
2977;344;20221102;2;210;90;90;150;117;;94;0;0;0;0;10124;70;8;85;;5;0;0;0;0;0
2978;344;20221102;3;200;100;90;150;114;;102;0;0;2;1;10125;65;8;92;57.0;7;0;1;0;0;0
2979;344;20221102;4;220;80;70;150;118;;104;0;0;7;8;10132;65;8;91;23.0;7;0;1;0;0;0
2980;344;20221102;5;240;80;70;140;120;;92;0;0;1;3;10148;70;4;82;23.0;7;0;1;0;0;0
2981;344;20221102;6;250;70;70;120;118;99.0;80;0;0;0;0;10162;75;2;77;1.0;7;0;0;0;0;0
2982;344;20221102;7;260;70;60;120;117;;83;0;1;0;-1;10174;70;7;79;81.0;7;0;1;0;0;0
2983;344;20221102;8;250;60;60;100;121;;75;7;25;0;-1;10183;75;1;73;23.0;7;0;1;0;0;0
2984;344;20221102;9;250;60;60;90;131;;72;8;63;0;0;10190;77;1;67;2.0;7;0;0;0;0;0
2985;344;20221102;10;240;70;80;110;134;;81;10;92;0;0;10194;74;1;70;;5;0;0;0;0;0
2986;344;20221102;11;220;70;70;110;136;;95;9;110;0;0;10198;72;1;75;;5;0;0;0;0;0
2987;344;20221102;12;210;70;60;110;138;105.0;90;10;132;0;0;10195;74;1;72;3.0;7;0;0;0;0;0
2988;344;20221102;13;210;70;70;110;137;;91;10;110;0;0;10189;75;2;74;;5;0;0;0;0;0
2989;344;20221102;14;200;80;70;120;138;;102;5;65;0;0;10185;69;6;78;;5;0;0;0;0;0
2990;344;20221102;15;190;70;70;120;134;;88;7;43;0;0;10179;73;6;73;;5;0;0;0;0;0
2991;344;20221102;16;180;60;70;110;130;;80;3;10;0;0;10174;75;8;71;;5;0;0;0;0;0
2992;344;20221102;17;180;60;50;100;125;;81;0;0;0;0;10172;74;8;74;;5;0;0;0;0;0
2993;344;20221102;18;180;60;70;110;127;113.0;79;0;0;0;0;10167;75;8;72;;5;0;0;0;0;0
2994;344;20221102;19;180;70;70;120;128;;77;0;0;0;0;10157;75;8;71;;5;0;0;0;0;0
2995;344;20221102;20;180;80;80;140;128;;79;0;0;0;0;10149;75;8;71;;5;0;0;0;0;0
2996;344;20221102;21;190;80;80;130;129;;79;0;0;0;0;10144;74;8;71;;5;0;0;0;0;0
2997;344;20221102;22;190;80;80;130;128;;82;0;0;0;0;10138;75;8;73;;5;0;0;0;0;0
2998;344;20221102;23;190;80;80;130;129;;80;0;0;0;0;10129;75;8;72;;5;0;0;0;0;0
2999;344;20221102;24;190;80;70;130;126;117.0;86;0;0;0;0;10122;75;8;76;;5;0;0;0;0;0
3000;344;20221103;1;190;80;70;130;128;;90;0;0;0;0;10115;75;8;77;;5;0;0;0;0;0
3001;344;20221103;2;180;70;70;130;125;;93;0;0;0;0;10110;75;8;80;;5;0;0;0;0;0
3002;344;20221103;3;180;70;70;120;125;;97;0;0;0;0;10098;70;8;82;;5;0;0;0;0;0
3003;344;20221103;4;180;70;70;120;126;;99;0;0;0;0;10093;70;8;83;;5;0;0;0;0;0
3004;344;20221103;5;180;70;70;110;128;;103;0;0;0;0;10086;70;8;84;;5;0;0;0;0;0
3005;344;20221103;6;170;70;60;120;127;114.0;106;0;0;0;0;10079;70;8;86;;5;0;0;0;0;0
3006;344;20221103;7;170;60;60;110;124;;105;0;0;0;0;10074;70;8;88;;5;0;0;0;0;0
3007;344;20221103;8;170;60;70;110;125;;108;0;8;0;0;10070;70;8;89;;5;0;0;0;0;0
3008;344;20221103;9;160;70;80;120;133;;109;0;23;0;0;10057;70;8;85;;5;0;0;0;0;0
3009;344;20221103;10;170;80;80;120;135;;107;0;44;0;0;10047;70;8;83;;5;0;0;0;0;0
3010;344;20221103;11;170;80;80;120;139;;103;2;58;0;0;10037;75;8;79;;5;0;0;0;0;0
3011;344;20221103;12;160;80;80;120;141;116.0;104;1;69;0;0;10025;75;8;78;;5;0;0;0;0;0
3012;344;20221103;13;170;70;70;110;152;;105;5;80;0;0;10013;75;8;73;;5;0;0;0;0;0
3013;344;20221103;14;170;60;50;110;150;;108;0;40;0;0;10003;75;8;75;;5;0;0;0;0;0
3014;344;20221103;15;170;60;50;90;146;;105;0;22;0;-1;9991;75;8;76;23.0;7;0;1;0;0;0
3015;344;20221103;16;160;60;60;110;136;;108;2;7;0;-1;9984;70;8;83;51.0;7;0;1;0;0;0
3016;344;20221103;17;170;70;60;120;123;;116;0;0;9;4;9981;65;8;95;81.0;7;0;1;0;0;0
3017;344;20221103;18;170;60;60;100;119;116.0;114;0;0;10;12;9977;63;8;97;61.0;7;0;1;0;0;0
3018;344;20221103;19;200;60;60;110;119;;114;0;0;10;3;9974;65;8;97;51.0;7;0;1;0;0;0
3019;344;20221103;20;250;60;60;90;117;;114;0;0;10;14;9974;59;8;98;82.0;7;0;1;0;0;0
3020;344;20221103;21;270;40;50;90;113;;107;0;0;9;20;9983;65;8;96;61.0;7;0;1;0;0;0
3021;344;20221103;22;290;40;30;70;109;;104;0;0;4;9;9990;65;8;96;23.0;7;0;1;0;0;0
3022;344;20221103;23;260;30;30;60;110;;98;0;0;0;-1;9998;65;8;92;23.0;7;0;1;0;0;0
3023;344;20221103;24;230;30;20;60;105;100.0;100;0;0;3;2;10004;65;8;96;23.0;7;0;1;0;0;0
3024;344;20221104;1;230;40;50;80;104;;93;0;0;4;13;10011;65;8;92;23.0;7;0;1;0;0;0
3025;344;20221104;2;220;40;30;70;96;;91;0;0;5;6;10017;65;8;96;23.0;7;0;1;0;0;0
3026;344;20221104;3;180;20;20;50;90;;85;0;0;0;0;10019;65;8;97;2.0;7;0;0;0;0;0
3027;344;20221104;4;190;30;30;50;91;;86;0;0;0;0;10023;65;8;97;;5;0;0;0;0;0
3028;344;20221104;5;200;20;10;50;84;;80;0;0;0;0;10030;65;8;97;;5;0;0;0;0;0
3029;344;20221104;6;0;10;0;20;83;65.0;79;0;0;0;0;10037;61;8;97;2.0;7;0;0;0;0;0
3030;344;20221104;7;170;10;20;40;82;;78;0;1;0;-1;10040;63;8;97;23.0;7;0;1;0;0;0
3031;344;20221104;8;220;20;20;40;95;;90;2;17;0;0;10049;63;8;97;;5;0;0;0;0;0
3032;344;20221104;9;260;20;20;30;108;;96;7;62;0;0;10056;65;8;92;2.0;7;0;0;0;0;0
3033;344;20221104;10;220;20;20;30;115;;94;4;66;0;-1;10063;70;8;86;23.0;7;0;1;0;0;0
3034;344;20221104;11;210;20;10;30;121;;100;2;67;0;0;10071;70;8;87;;5;0;0;0;0;0
3035;344;20221104;12;300;10;20;60;108;72.0;97;2;51;3;15;10080;65;8;93;81.0;7;0;1;0;0;0
3036;344;20221104;13;340;20;20;40;116;;101;0;36;2;1;10088;70;8;90;23.0;7;0;1;0;0;0
3037;344;20221104;14;0;20;0;60;103;;93;0;19;6;9;10094;65;7;93;23.0;7;0;1;0;0;0
3038;344;20221104;15;270;10;20;20;104;;96;0;21;0;0;10102;65;8;95;3.0;7;0;0;0;0;0
3039;344;20221104;16;250;20;20;30;100;;93;2;12;0;0;10108;65;8;95;;5;0;0;0;0;0
3040;344;20221104;17;260;20;10;30;84;;80;0;1;0;0;10114;65;2;97;;5;0;0;0;0;0
3041;344;20221104;18;280;10;10;20;75;52.0;71;0;0;0;0;10121;65;0;97;1.0;7;0;0;0;0;0
3042;344;20221104;19;220;10;10;20;72;;69;0;0;0;0;10127;48;8;98;10.0;7;0;0;0;0;0
3043;344;20221104;20;230;40;50;80;90;;83;0;0;4;22;10134;65;8;95;81.0;7;0;1;0;0;0
3044;344;20221104;21;210;30;20;60;87;;80;0;0;2;11;10140;65;7;95;23.0;7;0;1;0;0;0
3045;344;20221104;22;260;20;20;40;66;;62;0;0;0;0;10144;65;2;97;;5;0;0;0;0;0
3046;344;20221104;23;230;20;20;30;54;;50;0;0;0;0;10146;65;0;97;;5;0;0;0;0;0
3047;344;20221104;24;220;10;20;30;54;24.0;50;0;0;0;0;10147;65;0;97;2.0;7;0;0;0;0;0
3048;344;20221105;1;220;20;20;30;51;;47;0;0;0;0;10153;65;0;97;;5;0;0;0;0;0
3049;344;20221105;2;230;20;20;60;58;;54;0;0;0;-1;10155;65;7;97;51.0;7;0;1;0;0;0
3050;344;20221105;3;190;30;30;70;73;;69;0;0;3;5;10154;65;8;97;23.0;7;0;1;0;0;0
3051;344;20221105;4;210;30;30;50;74;;61;0;0;0;-1;10153;65;7;91;22.0;7;0;1;0;0;0
3052;344;20221105;5;200;30;40;50;80;;64;0;0;0;0;10156;70;0;89;;5;0;0;0;0;0
3053;344;20221105;6;190;40;30;60;77;20.0;72;0;0;0;0;10157;65;0;97;2.0;7;0;0;0;0;0
3054;344;20221105;7;190;40;30;70;74;;70;0;1;0;0;10160;65;1;97;;5;0;0;0;0;0
3055;344;20221105;8;200;30;30;50;93;;80;7;18;0;-1;10162;65;8;91;22.0;7;0;1;0;0;0
3056;344;20221105;9;200;40;50;60;104;;86;0;30;0;-1;10163;70;8;88;22.0;7;0;1;0;0;0
3057;344;20221105;10;220;60;50;100;108;;81;4;61;0;0;10164;70;8;83;;5;0;0;0;0;0
3058;344;20221105;11;210;60;60;100;114;;79;6;92;0;0;10164;75;8;79;;5;0;0;0;0;0
3059;344;20221105;12;210;60;60;100;114;62.0;77;2;69;0;0;10163;75;8;77;2.0;7;0;0;0;0;0
3060;344;20221105;13;210;60;60;100;114;;82;0;51;0;0;10157;75;8;80;;5;0;0;0;0;0
3061;344;20221105;14;190;50;50;90;109;;85;0;30;0;0;10155;70;8;84;;5;0;0;0;0;0
3062;344;20221105;15;200;60;50;120;109;;87;0;19;0;0;10153;70;8;86;;5;0;0;0;0;0
3063;344;20221105;16;190;60;60;100;105;;92;0;4;0;-1;10151;65;8;91;51.0;7;0;1;0;0;0
3064;344;20221105;17;190;60;60;90;105;;94;0;0;0;-1;10145;65;8;92;22.0;7;0;1;0;0;0
3065;344;20221105;18;190;60;60;100;106;99.0;92;0;0;0;-1;10151;65;8;91;81.0;7;0;1;0;0;0
3066;344;20221105;19;190;70;70;110;106;;89;0;0;0;-1;10142;70;8;88;23.0;7;0;1;0;0;0
3067;344;20221105;20;190;70;80;120;103;;87;0;0;0;0;10140;70;7;90;;5;0;0;0;0;0
3068;344;20221105;21;200;70;80;120;105;;89;0;0;0;0;10139;70;8;89;3.0;7;0;0;0;0;0
3069;344;20221105;22;190;80;80;120;105;;89;0;0;0;0;10138;70;8;89;;5;0;0;0;0;0
3070;344;20221105;23;190;80;80;130;103;;94;0;0;0;-1;10132;59;8;94;52.0;7;0;1;0;0;0
3071;344;20221105;24;200;80;70;110;106;95.0;94;0;0;0;-1;10130;65;8;92;22.0;7;0;1;0;0;0
3072;344;20221106;1;190;70;70;120;105;;99;0;0;0;-1;10126;50;8;96;57.0;7;0;1;0;0;0
3073;344;20221106;2;190;70;70;110;103;;101;0;0;9;5;10123;42;8;98;58.0;7;0;1;0;0;0
3074;344;20221106;3;190;70;80;120;104;;102;0;0;5;1;10118;56;8;98;51.0;7;0;1;0;0;0
3075;344;20221106;4;190;70;70;110;107;;101;0;0;0;-1;10111;65;8;96;23.0;7;0;1;0;0;0
3076;344;20221106;5;190;70;60;120;105;;103;0;0;5;2;10105;56;8;98;52.0;7;0;1;0;0;0
3077;344;20221106;6;190;60;60;100;105;100.0;100;0;0;4;1;10104;65;8;97;23.0;7;0;1;0;0;0
3078;344;20221106;7;180;70;80;110;108;;98;0;1;0;-1;10096;65;8;93;23.0;7;0;1;0;0;0
3079;344;20221106;8;190;80;80;140;115;;100;3;15;0;-1;10094;70;8;90;81.0;7;0;1;0;0;0
3080;344;20221106;9;180;70;70;130;117;;104;0;13;4;13;10087;65;8;91;23.0;7;0;1;0;0;0
3081;344;20221106;10;190;60;50;110;122;;107;0;32;0;-1;10083;70;8;90;81.0;7;0;1;0;0;0
3082;344;20221106;11;200;70;80;140;120;;106;0;20;0;-1;10077;60;8;90;81.0;7;0;1;0;0;0
3083;344;20221106;12;180;70;60;130;115;101.0;110;0;17;10;18;10068;65;8;96;61.0;7;0;1;0;0;0
3084;344;20221106;13;180;60;70;100;112;;103;0;16;10;12;10057;61;8;93;61.0;7;0;1;0;0;0
3085;344;20221106;14;180;70;80;130;105;;102;0;9;10;28;10051;58;8;98;62.0;7;0;1;0;0;0
3086;344;20221106;15;170;80;80;170;98;;92;0;4;10;32;10037;61;8;95;61.0;7;0;1;0;0;0
3087;344;20221106;16;170;90;80;130;89;;86;0;2;10;19;10031;61;8;97;61.0;7;0;1;0;0;0
3088;344;20221106;17;180;80;70;120;88;;83;0;0;10;16;10030;60;8;97;61.0;7;0;1;0;0;0
3089;344;20221106;18;190;80;90;140;94;83.0;88;0;0;2;1;10036;65;8;96;23.0;7;0;1;0;0;0
3090;344;20221106;19;180;80;80;130;96;;91;0;0;5;6;10030;61;8;97;57.0;7;0;1;0;0;0
3091;344;20221106;20;200;80;80;130;105;;100;0;0;0;-1;10036;65;8;97;23.0;7;0;1;0;0;0
3092;344;20221106;21;200;80;80;130;106;;101;0;0;0;0;10041;65;3;96;1.0;7;0;0;0;0;0
3093;344;20221106;22;200;80;80;130;112;;107;0;0;2;2;10046;65;7;96;23.0;7;0;1;0;0;0
3094;344;20221106;23;210;80;90;140;116;;106;0;0;0;-1;10051;65;7;93;23.0;7;0;1;0;0;0
3095;344;20221106;24;210;90;90;150;116;90.0;107;0;0;0;0;10055;65;8;94;3.0;7;0;0;0;0;0
3096;344;20221107;1;210;90;90;140;117;;107;0;0;0;-1;10059;65;8;93;57.0;7;0;1;0;0;0
3097;344;20221107;2;210;90;80;140;116;;108;0;0;4;2;10062;65;8;94;23.0;7;0;1;0;0;0
3098;344;20221107;3;210;90;90;130;117;;106;0;0;4;2;10064;65;8;92;81.0;7;0;1;0;0;0
3099;344;20221107;4;200;80;70;130;116;;107;0;0;0;-1;10064;65;8;94;23.0;7;0;1;0;0;0
3100;344;20221107;5;210;90;90;130;119;;107;0;0;0;-1;10065;65;8;92;22.0;7;0;1;0;0;0
3101;344;20221107;6;210;80;80;130;119;108.0;109;0;0;0;-1;10065;65;8;93;23.0;7;0;1;0;0;0
3102;344;20221107;7;200;90;100;190;119;;108;0;0;0;0;10068;65;8;92;;5;0;0;0;0;0
3103;344;20221107;8;210;90;100;150;125;;111;3;15;0;0;10074;70;8;90;;5;0;0;0;0;0
3104;344;20221107;9;210;90;100;150;129;;114;0;28;0;0;10079;65;8;91;;5;0;0;0;0;0
3105;344;20221107;10;210;90;90;150;133;;119;1;40;0;-1;10084;65;8;91;23.0;7;0;1;0;0;0
3106;344;20221107;11;200;70;60;140;133;;121;1;39;0;-1;10089;65;8;92;81.0;7;0;1;0;0;0
3107;344;20221107;12;200;70;60;110;138;113.0;120;0;30;0;-1;10088;70;8;89;81.0;7;0;1;0;0;0
3108;344;20221107;13;200;70;60;110;139;;124;0;19;0;-1;10086;70;8;90;23.0;7;0;1;0;0;0
3109;344;20221107;14;190;70;60;110;139;;127;0;23;0;-1;10084;65;8;92;51.0;7;0;1;0;0;0
3110;344;20221107;15;190;60;60;110;136;;127;0;10;9;3;10084;63;8;94;57.0;7;0;1;0;0;0
3111;344;20221107;16;190;60;60;110;139;;126;0;5;4;2;10084;65;8;91;23.0;7;0;1;0;0;0
3112;344;20221107;17;200;60;60;100;140;;125;0;0;0;0;10084;70;8;90;;5;0;0;0;0;0
3113;344;20221107;18;190;60;60;100;141;130.0;123;0;0;0;0;10085;70;8;88;2.0;7;0;0;0;0;0
3114;344;20221107;19;190;60;60;100;140;;121;0;0;0;0;10086;70;8;88;;5;0;0;0;0;0
3115;344;20221107;20;200;60;70;110;137;;120;0;0;0;0;10086;70;8;89;;5;0;0;0;0;0
3116;344;20221107;21;190;70;70;120;140;;119;0;0;0;0;10086;70;8;87;;5;0;0;0;0;0
3117;344;20221107;22;190;70;70;110;139;;118;0;0;0;0;10085;70;8;87;;5;0;0;0;0;0
3118;344;20221107;23;190;70;70;120;136;;114;0;0;0;0;10081;70;8;86;;5;0;0;0;0;0
3119;344;20221107;24;180;70;60;110;130;118.0;113;0;0;0;0;10078;70;8;89;;5;0;0;0;0;0
3120;344;20221108;1;180;60;60;100;127;;111;0;0;0;0;10074;70;8;89;;5;0;0;0;0;0
3121;344;20221108;2;170;60;60;90;123;;106;0;0;0;0;10066;70;8;89;;5;0;0;0;0;0
3122;344;20221108;3;160;50;60;90;116;;104;0;0;0;0;10059;65;8;92;;5;0;0;0;0;0
3123;344;20221108;4;160;60;70;100;118;;102;0;0;0;0;10048;70;8;90;;5;0;0;0;0;0
3124;344;20221108;5;160;70;70;100;118;;97;0;0;0;0;10041;70;8;86;;5;0;0;0;0;0
3125;344;20221108;6;160;70;60;110;119;107.0;92;0;0;0;0;10036;70;8;83;;5;0;0;0;0;0
3126;344;20221108;7;170;70;70;130;116;;88;0;0;0;0;10033;70;8;82;;5;0;0;0;0;0
3127;344;20221108;8;180;70;70;120;123;;89;0;9;0;0;10034;75;8;79;;5;0;0;0;0;0
3128;344;20221108;9;170;70;60;120;128;;90;0;18;0;0;10033;75;8;78;;5;0;0;0;0;0
3129;344;20221108;10;190;70;80;110;136;;93;0;26;0;0;10033;75;8;75;;5;0;0;0;0;0
3130;344;20221108;11;190;80;80;150;139;;97;0;44;0;0;10033;75;8;75;;5;0;0;0;0;0
3131;344;20221108;12;200;80;90;150;148;107.0;101;8;94;0;0;10032;75;8;73;;5;0;0;0;0;0
3132;344;20221108;13;190;80;70;130;147;;107;2;59;0;0;10030;75;8;77;;5;0;0;0;0;0
3133;344;20221108;14;190;70;70;130;146;;107;0;34;0;0;10028;75;8;77;;5;0;0;0;0;0
3134;344;20221108;15;200;70;70;120;147;;112;8;46;0;0;10028;75;8;79;;5;0;0;0;0;0
3135;344;20221108;16;190;70;70;120;145;;111;3;8;0;0;10024;75;8;80;;5;0;0;0;0;0
3136;344;20221108;17;190;70;70;120;144;;111;0;0;0;0;10023;75;8;80;;5;0;0;0;0;0
3137;344;20221108;18;190;70;70;120;145;129.0;113;0;0;0;0;10024;75;8;80;;5;0;0;0;0;0
3138;344;20221108;19;190;80;80;130;144;;114;0;0;0;0;10023;70;7;82;;5;0;0;0;0;0
3139;344;20221108;20;190;70;70;120;143;;114;0;0;0;0;10026;70;1;82;;5;0;0;0;0;0
3140;344;20221108;21;190;70;70;110;139;;111;0;0;0;0;10029;70;1;82;;5;0;0;0;0;0
3141;344;20221108;22;200;70;70;120;139;;111;0;0;0;0;10032;70;8;83;;5;0;0;0;0;0
3142;344;20221108;23;210;80;80;140;143;;111;0;0;0;0;10033;75;8;80;;5;0;0;0;0;0
3143;344;20221108;24;200;70;70;120;138;126.0;108;0;0;0;0;10034;70;7;82;;5;0;0;0;0;0
3144;344;20221109;1;210;80;90;150;136;;102;0;0;0;0;10034;75;1;79;;5;0;0;0;0;0
3145;344;20221109;2;210;80;70;130;135;;107;0;0;0;0;10036;70;8;83;;5;0;0;0;0;0
3146;344;20221109;3;210;80;80;130;132;;104;0;0;0;0;10038;70;4;83;;5;0;0;0;0;0
3147;344;20221109;4;200;70;70;120;128;;103;0;0;0;0;10044;70;6;85;;5;0;0;0;0;0
3148;344;20221109;5;200;70;70;120;121;;108;0;0;5;6;10045;65;8;91;81.0;7;0;1;0;0;0
3149;344;20221109;6;200;70;70;130;121;107.0;104;0;0;0;-1;10048;70;7;89;23.0;7;0;1;0;0;0
3150;344;20221109;7;200;70;80;120;119;;107;0;0;0;-1;10050;65;8;92;51.0;7;0;1;0;0;0
3151;344;20221109;8;200;70;80;120;120;;107;5;15;0;-1;10054;65;7;91;23.0;7;0;1;0;0;0
3152;344;20221109;9;200;70;70;120;124;;107;3;39;0;0;10059;70;8;88;3.0;7;0;0;0;0;0
3153;344;20221109;10;200;80;100;150;129;;103;3;40;0;0;10063;70;8;84;;5;0;0;0;0;0
3154;344;20221109;11;210;90;100;160;128;;101;3;54;2;1;10061;70;8;83;23.0;7;0;1;0;0;0
3155;344;20221109;12;200;100;70;160;127;110.0;103;6;84;0;-1;10066;70;4;85;22.0;7;0;1;0;0;0
3156;344;20221109;13;220;100;110;150;136;;105;10;85;0;0;10069;70;7;81;;5;0;0;0;0;0
3157;344;20221109;14;220;100;90;150;133;;102;2;49;0;0;10076;70;8;81;;5;0;0;0;0;0
3158;344;20221109;15;240;80;80;150;133;;98;0;18;0;-1;10086;75;8;79;23.0;7;0;1;0;0;0
3159;344;20221109;16;230;70;60;120;126;;98;3;9;0;0;10095;70;8;83;;5;0;0;0;0;0
3160;344;20221109;17;240;60;60;100;126;;98;0;0;0;-1;10104;70;7;83;81.0;7;0;1;0;0;0
3161;344;20221109;18;230;60;60;100;121;106.0;98;0;0;1;1;10114;70;2;85;23.0;7;0;1;0;0;0
3162;344;20221109;19;220;50;40;80;116;;105;0;0;2;3;10121;65;5;92;23.0;7;0;1;0;0;0
3163;344;20221109;20;210;50;40;90;115;;109;0;0;1;1;10132;65;7;95;23.0;7;0;1;0;0;0
3164;344;20221109;21;210;50;50;70;112;;105;0;0;0;-1;10140;65;5;95;23.0;7;0;1;0;0;0
3165;344;20221109;22;200;50;40;100;111;;106;0;0;3;12;10147;65;7;96;23.0;7;0;1;0;0;0
3166;344;20221109;23;220;50;50;70;110;;104;0;0;0;0;10151;65;1;96;;5;0;0;0;0;0
3167;344;20221109;24;210;50;40;70;106;97.0;103;0;0;0;0;10159;65;2;97;3.0;7;0;0;0;0;0
3168;344;20221110;1;210;50;50;70;110;;105;0;0;0;0;10164;65;2;96;;5;0;0;0;0;0
3169;344;20221110;2;220;50;50;80;111;;104;0;0;0;0;10167;65;4;95;;5;0;0;0;0;0
3170;344;20221110;3;210;50;50;70;107;;101;0;0;0;0;10175;65;0;96;;5;0;0;0;0;0
3171;344;20221110;4;210;50;60;90;107;;102;0;0;0;0;10181;65;1;96;;5;0;0;0;0;0
3172;344;20221110;5;220;60;60;90;106;;101;0;0;0;0;10188;65;1;97;;5;0;0;0;0;0
3173;344;20221110;6;220;50;70;100;109;92.0;103;0;0;0;0;10191;65;1;95;;5;0;0;0;0;0
3174;344;20221110;7;220;60;60;120;110;;103;0;0;0;0;10201;65;1;95;;5;0;0;0;0;0
3175;344;20221110;8;200;60;60;100;116;;106;8;20;0;0;10206;65;8;93;;5;0;0;0;0;0
3176;344;20221110;9;220;60;70;110;126;;113;7;48;0;0;10212;65;8;91;;5;0;0;0;0;0
3177;344;20221110;10;210;70;80;110;136;;118;10;94;0;0;10219;65;8;88;;5;0;0;0;0;0
3178;344;20221110;11;220;70;80;110;136;;116;8;73;0;0;10227;70;8;87;;5;0;0;0;0;0
3179;344;20221110;12;220;60;70;110;140;98.0;118;2;60;0;0;10233;70;7;86;;5;0;0;0;0;0
3180;344;20221110;13;210;70;70;120;141;;116;2;47;0;0;10233;70;8;84;;5;0;0;0;0;0
3181;344;20221110;14;210;80;80;120;143;;113;0;39;0;0;10232;70;8;81;;5;0;0;0;0;0
3182;344;20221110;15;210;70;60;120;137;;112;7;29;0;0;10239;70;8;84;;5;0;0;0;0;0
3183;344;20221110;16;200;70;80;110;134;;106;0;5;0;0;10242;70;8;83;;5;0;0;0;0;0
3184;344;20221110;17;210;80;70;120;129;;101;0;0;0;0;10245;70;8;83;;5;0;0;0;0;0
3185;344;20221110;18;200;50;60;110;122;111.0;104;0;0;0;0;10249;70;8;88;;5;0;0;0;0;0
3186;344;20221110;19;200;60;60;100;120;;104;0;0;0;0;10252;70;8;89;;5;0;0;0;0;0
3187;344;20221110;20;200;60;60;100;119;;105;0;0;0;0;10252;70;8;90;;5;0;0;0;0;0
3188;344;20221110;21;190;60;50;90;115;;104;0;0;0;0;10256;65;7;92;;5;0;0;0;0;0
3189;344;20221110;22;210;60;70;100;120;;105;0;0;0;0;10265;70;8;90;;5;0;0;0;0;0
3190;344;20221110;23;210;70;70;110;115;;103;0;0;0;0;10268;65;8;91;;5;0;0;0;0;0
3191;344;20221110;24;210;80;80;120;109;102.0;101;0;0;0;0;10271;63;8;95;;5;0;0;0;0;0
3192;344;20221111;1;210;70;70;110;105;;101;0;0;0;0;10271;61;8;97;;5;0;0;0;0;0
3193;344;20221111;2;200;60;60;100;103;;100;0;0;0;0;10271;59;8;98;10.0;7;0;0;0;0;0
3194;344;20221111;3;200;60;60;100;100;;97;0;0;0;0;10269;57;8;98;10.0;7;0;0;0;0;0
3195;344;20221111;4;190;60;60;100;100;;97;0;0;0;0;10272;58;8;98;10.0;7;0;0;0;0;0
3196;344;20221111;5;190;60;70;100;97;;94;0;0;0;0;10270;58;6;98;10.0;7;0;0;0;0;0
3197;344;20221111;6;190;70;70;100;97;89.0;94;0;0;0;0;10273;58;8;98;10.0;7;0;0;0;0;0
3198;344;20221111;7;190;60;60;110;93;;90;0;0;0;0;10276;59;8;98;10.0;7;0;0;0;0;0
3199;344;20221111;8;200;70;70;110;94;;91;0;7;0;0;10280;58;8;98;10.0;7;0;0;0;0;0
3200;344;20221111;9;200;70;70;110;99;;97;0;29;0;0;10286;58;8;98;10.0;7;0;0;0;0;0
3201;344;20221111;10;200;70;70;110;101;;97;0;41;0;0;10292;59;8;97;10.0;7;0;0;0;0;0
3202;344;20221111;11;190;60;60;100;103;;97;0;42;0;0;10294;63;8;95;;5;0;0;0;0;0
3203;344;20221111;12;190;60;60;90;108;87.0;99;5;76;0;0;10292;65;8;94;;5;0;0;0;0;0
3204;344;20221111;13;190;60;60;90;121;;102;10;102;0;0;10290;70;8;88;;5;0;0;0;0;0
3205;344;20221111;14;190;50;50;100;121;;102;10;69;0;0;10289;70;8;87;;5;0;0;0;0;0
3206;344;20221111;15;200;50;40;80;119;;95;10;33;0;0;10290;70;8;85;;5;0;0;0;0;0
3207;344;20221111;16;200;30;20;60;106;;88;3;9;0;0;10292;70;8;89;;5;0;0;0;0;0
3208;344;20221111;17;160;20;30;60;94;;88;0;0;0;0;10294;65;8;95;;5;0;0;0;0;0
3209;344;20221111;18;160;40;40;50;102;67.0;88;0;0;0;0;10294;65;8;91;;5;0;0;0;0;0
3210;344;20221111;19;170;30;20;70;92;;81;0;0;0;0;10297;65;8;92;;5;0;0;0;0;0
3211;344;20221111;20;200;20;20;40;85;;74;0;0;0;0;10302;65;8;92;;5;0;0;0;0;0
3212;344;20221111;21;180;20;20;30;84;;77;0;0;0;0;10306;65;8;95;;5;0;0;0;0;0
3213;344;20221111;22;190;30;30;60;86;;81;0;0;0;0;10306;65;7;97;;5;0;0;0;0;0
3214;344;20221111;23;230;20;10;40;73;;70;0;0;0;0;10307;58;4;98;10.0;7;0;0;0;0;0
3215;344;20221111;24;0;10;0;20;62;29.0;62;0;0;0;0;10307;4;8;100;34.0;7;1;0;0;0;0
3216;344;20221112;1;160;10;10;20;77;;74;0;0;0;0;10308;56;8;98;20.0;7;1;0;0;0;0
3217;344;20221112;2;160;10;20;30;87;;84;0;0;0;0;10308;50;8;98;10.0;7;0;0;0;0;0
3218;344;20221112;3;180;20;20;30;89;;86;0;0;0;0;10304;43;8;98;10.0;7;0;0;0;0;0
3219;344;20221112;4;150;30;20;40;75;;72;0;0;0;0;10305;14;8;98;10.0;7;0;0;0;0;0
3220;344;20221112;5;140;20;20;40;61;;61;0;0;0;0;10302;1;5;100;34.0;7;1;0;0;0;0
3221;344;20221112;6;0;10;0;20;51;41.0;51;0;0;0;0;10302;1;5;100;33.0;7;1;0;0;0;0
3222;344;20221112;7;170;10;20;50;48;;48;0;0;0;0;10304;2;3;100;32.0;7;1;0;0;0;0
3223;344;20221112;8;140;20;10;30;56;;53;5;13;0;0;10306;14;3;98;20.0;7;1;0;0;0;0
3224;344;20221112;9;140;10;20;20;96;;88;10;50;0;0;10307;64;8;95;3.0;7;0;0;0;0;0
3225;344;20221112;10;160;20;30;40;123;;95;10;85;0;0;10307;70;8;83;;5;0;0;0;0;0
3226;344;20221112;11;160;30;30;50;137;;99;10;105;0;0;10308;75;7;77;;5;0;0;0;0;0
3227;344;20221112;12;120;20;20;40;149;28.0;91;10;113;0;0;10299;80;1;68;1.0;7;0;0;0;0;0
3228;344;20221112;13;90;20;20;40;153;;92;10;102;0;0;10293;80;1;66;;5;0;0;0;0;0
3229;344;20221112;14;120;20;20;40;155;;100;10;79;0;0;10292;80;1;69;;5;0;0;0;0;0
3230;344;20221112;15;110;20;30;40;140;;98;10;46;0;0;10288;75;8;75;;5;0;0;0;0;0
3231;344;20221112;16;100;20;20;30;110;;90;3;10;0;0;10286;70;4;87;;5;0;0;0;0;0
3232;344;20221112;17;130;10;10;30;91;;82;0;0;0;0;10287;65;2;94;;5;0;0;0;0;0
3233;344;20221112;18;130;10;10;10;76;53.0;72;0;0;0;0;10283;64;8;97;;5;0;0;0;0;0
3234;344;20221112;19;80;10;10;20;80;;76;0;0;0;0;10283;60;8;97;;5;0;0;0;0;0
3235;344;20221112;20;0;10;0;20;73;;70;0;0;0;0;10281;58;8;98;10.0;7;0;0;0;0;0
3236;344;20221112;21;50;10;10;10;62;;59;0;0;0;0;10280;56;8;98;10.0;7;0;0;0;0;0
3237;344;20221112;22;350;10;10;10;55;;52;0;0;0;0;10277;28;1;98;10.0;7;0;0;0;0;0
3238;344;20221112;23;60;10;10;20;53;;50;0;0;0;0;10275;17;8;98;20.0;7;1;0;0;0;0
3239;344;20221112;24;60;10;10;20;67;34.0;64;0;0;0;0;10269;50;7;98;10.0;7;0;0;0;0;0
3240;344;20221113;1;60;10;20;20;63;;60;0;0;0;0;10261;32;3;98;10.0;7;0;0;0;0;0
3241;344;20221113;2;30;20;10;20;47;;47;0;0;0;0;10260;9;7;100;34.0;7;1;0;0;0;0
3242;344;20221113;3;60;20;20;30;56;;56;0;0;0;0;10254;5;8;100;34.0;7;1;0;0;0;0
3243;344;20221113;4;100;20;20;30;50;;47;0;0;0;0;10251;56;8;98;20.0;7;1;0;0;0;0
3244;344;20221113;5;90;10;20;20;40;;37;0;0;0;0;10248;57;8;98;10.0;7;0;0;0;0;0
3245;344;20221113;6;40;20;10;40;55;22.0;51;0;0;0;0;10243;65;2;97;1.0;7;0;0;0;0;0
3246;344;20221113;7;40;10;20;20;50;;46;0;1;0;0;10239;65;8;97;;5;0;0;0;0;0
3247;344;20221113;8;110;10;10;20;60;;56;7;20;0;0;10237;65;8;97;;5;0;0;0;0;0
3248;344;20221113;9;110;20;30;40;89;;65;10;56;0;0;10236;70;2;85;;5;0;0;0;0;0
3249;344;20221113;10;100;30;20;50;103;;72;10;87;0;0;10231;70;8;81;;5;0;0;0;0;0
3250;344;20221113;11;90;30;20;50;117;;78;10;110;0;0;10226;75;1;77;;5;0;0;0;0;0
3251;344;20221113;12;100;30;30;60;126;20.0;79;10;115;0;0;10216;75;1;73;;5;0;0;0;0;0
3252;344;20221113;13;100;30;40;50;130;;83;10;101;0;0;10206;75;8;72;;5;0;0;0;0;0
3253;344;20221113;14;100;40;30;60;136;;88;10;86;0;0;10201;75;8;72;;5;0;0;0;0;0
3254;344;20221113;15;90;20;10;40;136;;83;10;46;0;0;10199;75;8;70;;5;0;0;0;0;0
3255;344;20221113;16;80;20;20;30;107;;72;3;10;0;0;10195;75;7;79;;5;0;0;0;0;0
3256;344;20221113;17;80;20;20;30;78;;72;0;0;0;0;10190;65;8;96;;5;0;0;0;0;0
3257;344;20221113;18;80;10;10;20;66;28.0;62;0;0;0;0;10186;63;1;97;;5;0;0;0;0;0
3258;344;20221113;19;60;10;10;20;58;;54;0;0;0;0;10183;62;1;97;;5;0;0;0;0;0
3259;344;20221113;20;60;10;10;20;41;;37;0;0;0;0;10179;61;1;97;;5;0;0;0;0;0
3260;344;20221113;21;70;10;20;30;41;;37;0;0;0;0;10173;63;2;97;;5;0;0;0;0;0
3261;344;20221113;22;100;10;10;30;34;;30;0;0;0;0;10167;61;0;97;;5;0;0;0;0;0
3262;344;20221113;23;30;10;10;20;32;;29;0;0;0;0;10162;57;1;98;10.0;7;0;0;0;0;0
3263;344;20221113;24;40;20;20;20;35;6.0;31;0;0;0;0;10154;60;3;97;;5;0;0;0;0;0
3264;344;20221114;1;60;20;10;30;39;;35;0;0;0;0;10152;65;0;97;;5;0;0;0;0;0
3265;344;20221114;2;70;20;30;40;25;;21;0;0;0;0;10144;65;0;97;;5;0;0;0;0;0
3266;344;20221114;3;80;20;30;40;23;;19;0;0;0;0;10137;65;0;97;;5;0;0;0;0;0
3267;344;20221114;4;80;30;30;50;13;;9;0;0;0;0;10133;61;0;97;;5;0;0;0;0;0
3268;344;20221114;5;100;20;20;40;29;;26;0;0;0;0;10128;59;0;98;10.0;7;0;0;0;0;0
3269;344;20221114;6;90;30;30;50;20;1.0;17;0;0;0;0;10124;57;0;98;10.0;7;0;0;0;0;0
3270;344;20221114;7;90;20;20;30;15;;12;0;0;0;0;10124;56;0;98;10.0;7;0;0;0;0;0
3271;344;20221114;8;100;20;20;40;35;;33;3;12;0;0;10121;59;0;98;10.0;7;0;0;0;0;0
3272;344;20221114;9;110;20;20;40;57;;45;10;47;0;0;10118;65;0;91;;5;0;0;0;0;0
3273;344;20221114;10;100;20;20;30;73;;54;10;82;0;0;10114;70;0;87;;5;0;0;0;0;0
3274;344;20221114;11;100;30;30;50;80;;59;10;97;0;0;10110;70;3;86;;5;0;0;0;0;0
3275;344;20221114;12;110;30;30;50;90;2.0;63;10;106;0;0;10106;66;0;83;;5;0;0;0;0;0
3276;344;20221114;13;140;30;20;40;103;;68;10;97;0;0;10099;70;0;79;;5;0;0;0;0;0
3277;344;20221114;14;140;30;40;70;100;;68;10;73;0;0;10096;69;0;80;;5;0;0;0;0;0
3278;344;20221114;15;140;40;30;60;96;;65;10;39;0;0;10092;72;0;80;;5;0;0;0;0;0
3279;344;20221114;16;130;30;20;50;81;;58;3;8;0;0;10089;70;0;85;;5;0;0;0;0;0
3280;344;20221114;17;110;30;30;50;67;;61;0;0;0;0;10088;59;0;95;10.0;7;0;0;0;0;0
3281;344;20221114;18;170;40;50;60;68;42.0;56;0;0;0;0;10088;65;2;91;;5;0;0;0;0;0
3282;344;20221114;19;190;50;60;90;54;;51;0;0;0;0;10087;56;8;98;10.0;7;0;0;0;0;0
3283;344;20221114;20;170;50;40;80;59;;56;0;0;0;0;10086;50;8;98;10.0;7;0;0;0;0;0
3284;344;20221114;21;160;30;30;60;62;;59;0;0;0;0;10081;47;8;98;10.0;7;0;0;0;0;0
3285;344;20221114;22;160;30;20;50;64;;61;0;0;0;0;10080;50;8;98;10.0;7;0;0;0;0;0
3286;344;20221114;23;150;30;20;40;68;;65;0;0;0;0;10076;24;8;98;10.0;7;0;0;0;0;0
3287;344;20221114;24;150;30;30;40;71;54.0;68;0;0;0;0;10074;12;8;98;10.0;7;0;0;0;0;0
3288;344;20221115;1;160;30;30;50;76;;73;0;0;0;0;10070;18;8;98;10.0;7;0;0;0;0;0
3289;344;20221115;2;170;40;40;50;85;;82;0;0;0;-1;10064;21;8;98;22.0;7;0;1;0;0;0
3290;344;20221115;3;180;40;40;60;97;;94;0;0;0;-1;10059;22;8;98;51.0;7;0;1;0;0;0
3291;344;20221115;4;190;40;40;70;108;;105;0;0;0;-1;10058;59;8;98;22.0;7;0;1;0;0;0
3292;344;20221115;5;190;40;40;70;107;;102;0;0;0;0;10058;61;8;97;;5;0;0;0;0;0
3293;344;20221115;6;200;50;50;80;105;72.0;100;0;0;0;0;10059;65;8;97;2.0;7;0;0;0;0;0
3294;344;20221115;7;180;50;40;80;99;;94;0;0;0;0;10062;65;8;97;;5;0;0;0;0;0
3295;344;20221115;8;170;50;50;70;98;;92;0;7;0;0;10059;65;8;96;;5;0;0;0;0;0
3296;344;20221115;9;160;50;50;80;106;;93;8;39;0;0;10056;65;1;92;;5;0;0;0;0;0
3297;344;20221115;10;170;60;50;100;111;;92;7;70;0;0;10052;70;8;88;;5;0;0;0;0;0
3298;344;20221115;11;160;70;70;110;115;;88;6;73;0;0;10045;70;8;83;;5;0;0;0;0;0
3299;344;20221115;12;150;70;70;110;123;89.0;88;8;75;0;0;10034;75;8;79;;5;0;0;0;0;0
3300;344;20221115;13;150;70;70;120;122;;83;7;80;0;0;10024;75;8;77;;5;0;0;0;0;0
3301;344;20221115;14;150;70;70;120;121;;76;0;30;0;0;10013;75;8;74;;5;0;0;0;0;0
3302;344;20221115;15;150;70;70;110;122;;80;0;14;0;0;10003;75;8;75;;5;0;0;0;0;0
3303;344;20221115;16;150;70;70;120;117;;95;0;1;5;2;9998;67;8;85;81.0;7;0;1;0;0;0
3304;344;20221115;17;150;60;60;100;112;;106;0;0;10;16;9996;62;8;96;61.0;7;0;1;0;0;0
3305;344;20221115;18;150;70;70;100;115;105.0;111;0;0;9;9;9992;65;8;97;61.0;7;0;1;0;0;0
3306;344;20221115;19;150;60;60;90;116;;111;0;0;10;4;9989;65;8;97;61.0;7;0;1;0;0;0
3307;344;20221115;20;150;50;50;90;117;;112;0;0;3;1;9984;65;8;97;23.0;7;0;1;0;0;0
3308;344;20221115;21;150;50;60;80;118;;113;0;0;0;0;9982;65;8;97;2.0;7;0;0;0;0;0
3309;344;20221115;22;150;50;50;80;121;;116;0;0;0;0;9978;65;8;97;;5;0;0;0;0;0
3310;344;20221115;23;150;50;50;70;119;;116;0;0;4;11;9973;50;8;98;82.0;7;0;1;0;0;0
3311;344;20221115;24;160;50;40;70;121;109.0;116;0;0;3;1;9972;65;8;97;23.0;7;0;1;0;0;0
3312;344;20221116;1;180;50;50;90;122;;117;0;0;4;3;9973;65;8;97;51.0;7;0;1;0;0;0
3313;344;20221116;2;190;40;20;80;117;;112;0;0;3;1;9971;65;8;97;81.0;7;0;1;0;0;0
3314;344;20221116;3;220;30;30;60;110;;102;0;0;2;2;9972;65;8;95;23.0;7;0;1;0;0;0
3315;344;20221116;4;220;40;40;70;110;;104;0;0;0;0;9972;65;8;96;;5;0;0;0;0;0
3316;344;20221116;5;190;40;40;70;104;;100;0;0;0;0;9976;65;8;97;;5;0;0;0;0;0
3317;344;20221116;6;190;40;40;80;92;81.0;86;0;0;0;0;9977;65;6;96;1.0;7;0;0;0;0;0
3318;344;20221116;7;190;40;50;90;91;;86;0;0;0;0;9980;65;0;96;;5;0;0;0;0;0
3319;344;20221116;8;170;50;50;80;92;;86;3;11;0;0;9985;65;0;96;;5;0;0;0;0;0
3320;344;20221116;9;170;50;50;80;98;;87;10;46;0;0;9985;65;1;93;;5;0;0;0;0;0
3321;344;20221116;10;160;50;50;90;104;;91;8;75;0;0;9987;65;2;91;;5;0;0;0;0;0
3322;344;20221116;11;160;60;60;90;107;;93;9;85;0;0;9985;70;5;90;;5;0;0;0;0;0
3323;344;20221116;12;160;60;60;100;110;77.0;89;4;54;0;0;9982;70;6;86;;5;0;0;0;0;0
3324;344;20221116;13;160;60;70;100;113;;90;5;59;0;0;9979;70;7;86;;5;0;0;0;0;0
3325;344;20221116;14;140;60;50;90;113;;88;0;25;0;0;9975;70;8;84;;5;0;0;0;0;0
3326;344;20221116;15;140;50;50;110;116;;89;0;13;0;0;9968;70;8;83;;5;0;0;0;0;0
3327;344;20221116;16;140;50;60;90;111;;88;0;3;0;0;9958;70;8;85;;5;0;0;0;0;0
3328;344;20221116;17;130;50;40;80;104;;87;0;0;0;0;9955;70;0;89;;5;0;0;0;0;0
3329;344;20221116;18;140;50;60;90;105;91.0;87;0;0;0;0;9951;70;8;88;;5;0;0;0;0;0
3330;344;20221116;19;140;60;60;100;105;;87;0;0;0;0;9944;70;8;88;;5;0;0;0;0;0
3331;344;20221116;20;120;60;60;90;106;;90;0;0;0;0;9926;70;8;89;;5;0;0;0;0;0
3332;344;20221116;21;120;60;60;100;107;;91;0;0;0;0;9915;70;8;89;;5;0;0;0;0;0
3333;344;20221116;22;110;70;70;110;102;;97;0;0;5;7;9898;63;8;96;81.0;7;0;1;0;0;0
3334;344;20221116;23;100;80;90;120;98;;95;0;0;10;32;9876;57;8;98;62.0;7;0;1;0;0;0
3335;344;20221116;24;110;100;100;160;100;94.0;97;0;0;10;57;9851;56;8;98;63.0;7;0;1;0;0;0
3336;344;20221117;1;130;90;90;170;104;;101;0;0;10;43;9840;44;8;98;62.0;7;0;1;0;0;0
3337;344;20221117;2;140;90;80;150;109;;104;0;0;7;10;9833;61;8;97;61.0;7;0;1;0;0;0
3338;344;20221117;3;140;70;60;110;112;;106;0;0;0;-1;9826;65;8;96;23.0;7;0;1;0;0;0
3339;344;20221117;4;140;70;70;130;110;;107;0;0;2;3;9819;64;8;97;81.0;7;0;1;0;0;0
3340;344;20221117;5;130;80;100;170;109;;106;0;0;10;48;9814;57;8;98;61.0;7;0;1;0;0;0
3341;344;20221117;6;160;70;80;130;113;96.0;105;0;0;7;2;9808;60;8;94;61.0;7;0;1;0;0;0
3342;344;20221117;7;170;80;90;140;105;;99;0;0;7;7;9810;61;8;95;81.0;7;0;1;0;0;0
3343;344;20221117;8;170;80;90;130;103;;98;0;3;10;7;9817;65;8;97;57.0;7;0;1;0;0;0
3344;344;20221117;9;190;90;90;150;103;;94;0;12;10;7;9823;60;8;94;61.0;7;0;1;0;0;0
3345;344;20221117;10;180;80;80;140;104;;94;0;10;7;2;9831;65;8;93;51.0;7;0;1;0;0;0
3346;344;20221117;11;200;90;90;150;104;;86;0;19;9;5;9838;70;8;88;51.0;7;0;1;0;0;0
3347;344;20221117;12;200;80;70;140;101;96.0;98;0;20;6;10;9849;58;8;98;82.0;7;0;1;0;0;0
3348;344;20221117;13;210;80;80;150;105;;95;0;10;10;30;9851;60;8;93;61.0;7;0;1;0;0;0
3349;344;20221117;14;190;80;90;140;111;;96;0;16;4;5;9859;70;8;90;51.0;7;0;1;0;0;0
3350;344;20221117;15;190;90;80;140;115;;88;0;17;0;-1;9863;70;8;83;22.0;7;0;1;0;0;0
3351;344;20221117;16;190;80;80;140;116;;86;0;3;0;0;9870;70;8;82;;5;0;0;0;0;0
3352;344;20221117;17;190;80;80;140;114;;88;0;0;0;0;9877;70;8;84;;5;0;0;0;0;0
3353;344;20221117;18;190;80;70;130;110;96.0;87;0;0;0;0;9886;70;8;85;2.0;7;0;0;0;0;0
3354;344;20221117;19;190;70;60;110;104;;85;0;0;0;0;9893;70;8;88;;5;0;0;0;0;0
3355;344;20221117;20;190;60;70;110;99;;83;0;0;0;0;9901;70;8;89;;5;0;0;0;0;0
3356;344;20221117;21;190;70;60;110;95;;81;0;0;0;0;9911;70;8;90;;5;0;0;0;0;0
3357;344;20221117;22;190;60;60;100;94;;80;0;0;0;0;9919;70;8;90;;5;0;0;0;0;0
3358;344;20221117;23;180;60;50;100;89;;79;0;0;0;0;9926;65;8;93;;5;0;0;0;0;0
3359;344;20221117;24;170;50;50;90;85;77.0;78;0;0;0;0;9934;65;6;95;;5;0;0;0;0;0
3360;344;20221118;1;170;50;50;70;82;;78;0;0;0;0;9941;65;1;97;;5;0;0;0;0;0
3361;344;20221118;2;170;40;40;60;80;;76;0;0;0;0;9948;65;5;97;;5;0;0;0;0;0
3362;344;20221118;3;170;40;40;60;78;;74;0;0;0;0;9954;65;1;97;;5;0;0;0;0;0
3363;344;20221118;4;180;40;40;70;82;;78;0;0;0;0;9958;65;5;97;;5;0;0;0;0;0
3364;344;20221118;5;180;50;50;80;82;;78;0;0;0;0;9967;65;8;97;;5;0;0;0;0;0
3365;344;20221118;6;170;40;40;70;76;66.0;72;0;0;0;0;9972;65;7;97;;5;0;0;0;0;0
3366;344;20221118;7;190;50;50;80;82;;78;0;0;0;0;9981;65;8;97;;5;0;0;0;0;0
3367;344;20221118;8;180;50;50;70;87;;82;0;5;0;-1;9990;65;8;96;22.0;7;0;1;0;0;0
3368;344;20221118;9;190;50;50;70;90;;85;0;15;0;0;9998;65;8;96;2.0;7;0;0;0;0;0
3369;344;20221118;10;180;50;50;100;93;;89;0;24;0;0;10004;65;8;97;;5;0;0;0;0;0
3370;344;20221118;11;180;50;50;80;97;;90;2;53;0;-1;10009;65;8;95;51.0;7;0;1;0;0;0
3371;344;20221118;12;180;50;50;80;102;67.0;93;0;45;0;-1;10012;65;8;94;23.0;7;0;1;0;0;0
3372;344;20221118;13;180;50;50;70;97;;95;0;25;4;1;10016;50;8;98;52.0;7;0;1;0;0;0
3373;344;20221118;14;180;40;40;70;98;;93;0;18;6;9;10020;65;8;97;81.0;7;0;1;0;0;0
3374;344;20221118;15;200;30;30;80;98;;93;0;6;0;-1;10026;65;8;97;23.0;7;0;1;0;0;0
3375;344;20221118;16;190;30;30;60;93;;90;0;2;10;24;10032;56;8;98;82.0;7;0;1;0;0;0
3376;344;20221118;17;170;20;20;50;94;;91;0;0;10;51;10036;57;8;98;62.0;7;0;1;0;0;0
3377;344;20221118;18;180;20;30;50;94;91.0;91;0;0;10;24;10041;48;8;98;62.0;7;0;1;0;0;0
3378;344;20221118;19;10;20;20;40;93;;90;0;0;5;2;10047;58;8;98;52.0;7;0;1;0;0;0
3379;344;20221118;20;140;10;10;30;92;;89;0;0;0;-1;10051;56;8;98;22.0;7;0;1;0;0;0
3380;344;20221118;21;90;10;10;30;94;;91;0;0;0;0;10056;56;8;98;10.0;7;0;0;0;0;0
3381;344;20221118;22;80;20;20;30;92;;89;0;0;0;0;10062;30;8;98;10.0;7;0;0;0;0;0
3382;344;20221118;23;90;50;60;90;76;;73;0;0;0;0;10068;57;8;98;10.0;7;0;0;0;0;0
3383;344;20221118;24;80;60;60;90;60;61.0;57;0;0;0;0;10076;57;8;98;10.0;7;0;0;0;0;0
3384;344;20221119;1;90;50;40;80;56;;53;0;0;0;0;10080;57;8;98;10.0;7;0;0;0;0;0
3385;344;20221119;2;80;50;50;80;47;;44;0;0;0;0;10084;56;8;98;10.0;7;0;0;0;0;0
3386;344;20221119;3;70;50;60;90;40;;37;0;0;0;-1;10089;25;8;98;81.0;7;0;1;0;0;0
3387;344;20221119;4;70;50;70;90;36;;33;0;0;8;2;10092;57;8;98;81.0;7;0;1;0;0;0
3388;344;20221119;5;70;60;60;80;32;;30;0;0;0;-1;10099;58;8;98;23.0;7;0;1;0;0;0
3389;344;20221119;6;80;60;60;100;26;26.0;24;0;0;0;-1;10104;57;8;98;81.0;7;0;1;0;0;0
3390;344;20221119;7;70;60;70;110;19;;14;0;0;0;-1;10111;59;8;96;23.0;7;0;1;0;0;0
3391;344;20221119;8;70;60;60;100;17;;11;0;2;0;0;10119;59;8;96;10.0;7;0;0;0;0;0
3392;344;20221119;9;90;60;60;90;17;;8;0;14;0;0;10124;60;8;93;2.0;7;0;0;0;0;0
3393;344;20221119;10;70;60;60;90;16;;4;0;26;0;0;10131;62;8;91;;5;0;0;0;0;0
3394;344;20221119;11;70;60;60;80;13;;5;0;29;0;0;10128;60;8;93;;5;0;0;0;0;0
3395;344;20221119;12;80;50;40;80;14;15.0;6;0;39;0;0;10130;61;8;94;2.0;7;0;0;0;0;0
3396;344;20221119;13;80;50;50;80;18;;-1;0;38;0;0;10129;66;8;87;;5;0;0;0;0;0
3397;344;20221119;14;80;50;50;80;22;;-4;0;25;0;0;10131;70;8;82;;5;0;0;0;0;0
3398;344;20221119;15;80;50;40;70;23;;-6;0;12;0;0;10132;70;8;81;;5;0;0;0;0;0
3399;344;20221119;16;80;40;30;60;24;;-9;0;2;0;0;10133;75;8;78;;5;0;0;0;0;0
3400;344;20221119;17;80;40;30;50;25;;-14;0;0;0;0;10135;75;8;75;;5;0;0;0;0;0
3401;344;20221119;18;80;40;50;60;17;14.0;-19;0;0;0;0;10138;75;8;77;;5;0;0;0;0;0
3402;344;20221119;19;80;40;40;60;1;;-31;0;0;0;0;10137;75;1;78;;5;0;0;0;0;0
3403;344;20221119;20;50;20;10;50;-3;;-32;0;0;0;0;10140;75;0;80;;5;0;0;0;0;0
3404;344;20221119;21;60;20;20;40;-14;;-37;0;0;0;0;10142;70;0;84;;5;0;0;0;0;0
3405;344;20221119;22;60;20;20;30;-18;;-40;0;0;0;0;10141;70;0;84;;5;0;0;0;0;0
3406;344;20221119;23;60;20;20;30;-26;;-41;0;0;0;0;10139;70;0;89;;5;0;0;0;0;0
3407;344;20221119;24;100;20;10;30;-27;-44.0;-41;0;0;0;0;10136;70;0;90;;5;0;0;0;0;0
3408;344;20221120;1;50;10;10;20;-24;;-37;0;0;0;0;10133;70;0;90;;5;0;0;0;0;0
3409;344;20221120;2;110;10;10;20;-31;;-36;0;0;0;0;10131;65;0;96;;5;0;0;0;0;0
3410;344;20221120;3;60;10;20;20;-37;;-40;0;0;0;0;10128;65;7;97;;5;0;0;0;0;0
3411;344;20221120;4;0;10;0;20;-38;;-42;0;0;0;0;10120;60;5;97;;5;0;0;0;0;0
3412;344;20221120;5;0;10;0;20;-38;;-42;0;0;0;0;10118;62;5;97;;5;0;0;0;0;0
3413;344;20221120;6;70;10;20;20;-44;-53.0;-47;0;0;0;0;10113;57;8;98;10.0;7;0;0;0;0;0
3414;344;20221120;7;110;20;20;30;-20;;-24;0;0;0;0;10111;61;8;97;;5;0;0;0;0;0
3415;344;20221120;8;120;20;20;30;-7;;-10;0;4;0;0;10111;63;8;97;;5;0;0;0;0;0
3416;344;20221120;9;130;20;20;40;4;;1;0;14;0;0;10108;62;8;97;;5;0;0;0;0;0
3417;344;20221120;10;120;20;20;30;17;;12;0;18;0;0;10098;61;8;96;;5;0;0;0;0;0
3418;344;20221120;11;120;30;30;50;25;;23;0;26;8;1;10086;58;8;98;51.0;7;0;1;0;0;0
3419;344;20221120;12;130;40;40;70;33;-52.0;30;0;43;0;-1;10073;56;8;97;22.0;7;0;1;0;0;0
3420;344;20221120;13;120;40;40;60;37;;35;0;18;0;-1;10062;56;8;98;51.0;7;0;1;0;0;0
3421;344;20221120;14;90;40;40;60;35;;32;0;6;9;20;10050;12;8;98;82.0;7;0;1;0;0;0
3422;344;20221120;15;100;50;50;70;37;;34;0;5;9;12;10037;22;8;98;53.0;7;0;1;0;0;0
3423;344;20221120;16;80;60;50;80;40;;37;0;1;8;7;10028;34;8;98;23.0;7;0;1;0;0;0
3424;344;20221120;17;40;40;30;60;35;;32;0;0;8;5;10032;29;8;98;51.0;7;0;1;0;0;0
3425;344;20221120;18;40;20;10;50;34;33.0;31;0;0;6;6;10038;30;8;98;51.0;7;0;1;0;0;0
3426;344;20221120;19;990;10;10;30;22;;22;0;0;3;3;10037;3;8;100;34.0;7;1;1;0;0;0
3427;344;20221120;20;80;10;10;20;32;;29;0;0;3;5;10039;15;8;98;81.0;7;1;1;0;0;0
3428;344;20221120;21;70;20;20;40;36;;33;0;0;0;-1;10040;27;8;98;81.0;7;0;1;0;0;0
3429;344;20221120;22;320;40;40;90;72;;61;0;0;8;16;10043;61;8;93;81.0;7;0;1;0;0;0
3430;344;20221120;23;20;50;20;100;63;;52;0;0;1;4;10049;65;8;92;23.0;7;0;1;0;0;0
3431;344;20221120;24;30;20;10;50;33;11.0;30;0;0;7;15;10057;21;8;98;81.0;7;0;1;0;0;0
3432;344;20221121;1;360;10;10;30;30;;27;0;0;4;5;10056;48;8;98;23.0;7;0;1;0;0;0
3433;344;20221121;2;120;20;20;30;30;;30;0;0;0;-1;10054;9;9;100;34.0;7;1;1;0;0;0
3434;344;20221121;3;140;20;20;30;29;;29;0;0;0;-1;10052;2;9;100;34.0;7;1;1;0;0;0
3435;344;20221121;4;100;20;20;30;24;;24;0;0;0;0;10049;1;9;100;34.0;7;1;0;0;0;0
3436;344;20221121;5;110;20;20;30;22;;22;0;0;0;0;10042;2;9;100;32.0;7;1;0;0;0;0
3437;344;20221121;6;140;10;20;30;27;15.0;27;0;0;2;2;10037;5;9;100;32.0;7;1;1;0;0;0
3438;344;20221121;7;90;10;20;40;25;;22;0;0;0;0;10030;23;6;98;20.0;7;1;0;0;0;0
3439;344;20221121;8;160;20;20;30;40;;37;2;5;0;0;10028;57;6;98;10.0;7;0;0;0;0;0
3440;344;20221121;9;190;30;40;50;68;;64;10;45;0;0;10022;65;1;97;1.0;7;0;0;0;0;0
3441;344;20221121;10;180;40;40;60;73;;65;8;63;0;0;10016;65;8;94;;5;0;0;0;0;0
3442;344;20221121;11;190;40;50;80;78;;64;7;69;0;0;10008;70;8;90;;5;0;0;0;0;0
3443;344;20221121;12;160;40;30;70;80;11.0;58;8;90;0;0;9995;70;8;85;2.0;7;0;0;0;0;0
3444;344;20221121;13;140;40;40;60;82;;55;0;42;0;0;9978;70;8;82;;5;0;0;0;0;0
3445;344;20221121;14;140;40;60;90;81;;52;0;22;0;0;9966;70;8;82;;5;0;0;0;0;0
3446;344;20221121;15;140;60;50;80;77;;61;0;10;0;0;9957;70;8;89;;5;0;0;0;0;0
3447;344;20221121;16;140;50;50;110;75;;62;0;1;0;0;9948;65;8;91;;5;0;0;0;0;0
3448;344;20221121;17;140;50;50;90;75;;63;0;0;0;-1;9938;65;8;91;22.0;7;0;1;0;0;0
3449;344;20221121;18;120;40;40;70;73;69.0;64;0;0;0;-1;9927;65;8;94;51.0;7;0;1;0;0;0
3450;344;20221121;19;130;50;50;70;71;;67;0;0;10;13;9916;61;8;97;81.0;7;0;1;0;0;0
3451;344;20221121;20;120;60;60;100;71;;67;0;0;10;12;9909;61;8;97;61.0;7;0;1;0;0;0
3452;344;20221121;21;120;60;70;120;72;;68;0;0;10;15;9899;59;8;97;61.0;7;0;1;0;0;0
3453;344;20221121;22;140;70;70;120;71;;68;0;0;10;11;9897;50;8;98;61.0;7;0;1;0;0;0
3454;344;20221121;23;160;50;60;90;72;;68;0;0;1;1;9893;65;5;97;23.0;7;0;1;0;0;0
3455;344;20221121;24;160;50;50;80;69;59.0;65;0;0;0;0;9895;65;1;97;1.0;7;0;0;0;0;0
3456;344;20221122;1;170;50;50;80;66;;62;0;0;0;0;9896;65;1;97;;5;0;0;0;0;0
3457;344;20221122;2;190;60;60;90;64;;59;0;0;0;0;9897;65;1;96;;5;0;0;0;0;0
3458;344;20221122;3;190;60;60;100;65;;53;0;0;0;0;9900;65;7;92;;5;0;0;0;0;0
3459;344;20221122;4;180;60;50;100;57;;47;0;0;0;0;9903;65;1;92;;5;0;0;0;0;0
3460;344;20221122;5;180;60;70;100;58;;47;0;0;0;0;9906;65;8;93;;5;0;0;0;0;0
3461;344;20221122;6;180;70;60;110;57;46.0;47;0;0;0;0;9906;65;8;93;;5;0;0;0;0;0
3462;344;20221122;7;190;70;70;120;58;;43;0;0;0;0;9905;70;8;89;;5;0;0;0;0;0
3463;344;20221122;8;180;70;70;110;57;;42;0;3;0;0;9907;70;7;90;;5;0;0;0;0;0
3464;344;20221122;9;170;70;70;120;61;;47;0;12;0;0;9912;65;8;91;;5;0;0;0;0;0
3465;344;20221122;10;170;70;70;110;65;;50;0;22;0;0;9915;70;8;89;;5;0;0;0;0;0
3466;344;20221122;11;170;70;70;100;69;;51;0;26;0;0;9912;70;8;88;;5;0;0;0;0;0
3467;344;20221122;12;160;70;70;110;72;51.0;56;0;43;0;-1;9909;70;8;89;22.0;7;0;1;0;0;0
3468;344;20221122;13;160;70;70;120;73;;55;0;30;0;0;9909;70;8;88;;5;0;0;0;0;0
3469;344;20221122;14;160;70;70;100;75;;59;0;19;0;0;9909;70;8;89;;5;0;0;0;0;0
3470;344;20221122;15;150;60;60;110;76;;62;0;9;0;0;9908;70;8;90;;5;0;0;0;0;0
3471;344;20221122;16;160;50;50;90;78;;67;0;2;0;-1;9911;65;8;93;81.0;7;0;1;0;0;0
3472;344;20221122;17;160;50;60;90;77;;71;0;0;2;2;9913;65;7;95;23.0;7;0;1;0;0;0
3473;344;20221122;18;170;50;50;80;82;71.0;73;0;0;0;0;9917;65;8;94;3.0;7;0;0;0;0;0
3474;344;20221122;19;180;50;50;100;84;;74;0;0;0;0;9919;65;8;93;;5;0;0;0;0;0
3475;344;20221122;20;180;50;50;80;89;;78;0;0;0;0;9922;65;8;92;;5;0;0;0;0;0
3476;344;20221122;21;180;50;40;80;88;;82;0;0;0;-1;9926;65;8;96;23.0;7;0;1;0;0;0
3477;344;20221122;22;190;40;40;70;86;;82;0;0;0;0;9932;65;8;97;;5;0;0;0;0;0
3478;344;20221122;23;190;40;40;70;81;;77;0;0;0;0;9937;65;3;97;;5;0;0;0;0;0
3479;344;20221122;24;200;50;40;80;81;73.0;77;0;0;0;0;9942;63;7;97;3.0;7;0;0;0;0;0
3480;344;20221123;1;200;50;50;80;85;;82;0;0;6;4;9946;57;8;98;81.0;7;0;1;0;0;0
3481;344;20221123;2;190;50;50;80;83;;79;0;0;3;2;9948;65;8;97;23.0;7;0;1;0;0;0
3482;344;20221123;3;190;50;50;80;80;;76;0;0;0;0;9950;65;7;97;1.0;7;0;0;0;0;0
3483;344;20221123;4;190;50;50;90;86;;82;0;0;0;0;9951;65;8;97;;5;0;0;0;0;0
3484;344;20221123;5;190;50;60;90;85;;78;0;0;0;0;9950;65;7;95;;5;0;0;0;0;0
3485;344;20221123;6;180;50;50;90;77;70.0;72;0;0;0;0;9951;65;8;96;3.0;7;0;0;0;0;0
3486;344;20221123;7;190;50;50;90;79;;67;0;0;0;0;9953;65;8;92;;5;0;0;0;0;0
3487;344;20221123;8;190;60;60;100;80;;69;0;3;0;0;9960;62;8;92;;5;0;0;0;0;0
3488;344;20221123;9;180;50;60;100;86;;63;3;27;0;-1;9958;70;7;84;22.0;7;0;1;0;0;0
3489;344;20221123;10;170;70;80;120;84;;62;10;68;0;0;9953;70;7;86;;5;0;0;0;0;0
3490;344;20221123;11;160;80;70;140;80;;61;1;39;0;0;9947;70;8;88;;5;0;0;0;0;0
3491;344;20221123;12;160;80;80;130;87;66.0;63;8;82;0;0;9939;70;8;84;2.0;7;0;0;0;0;0
3492;344;20221123;13;170;80;70;130;84;;75;0;33;2;4;9939;50;8;94;81.0;7;0;1;0;0;0
3493;344;20221123;14;170;70;70;120;83;;80;0;10;10;16;9943;62;8;97;61.0;7;0;1;0;0;0
3494;344;20221123;15;170;70;60;110;83;;80;0;6;9;10;9947;58;8;98;62.0;7;0;1;0;0;0
3495;344;20221123;16;190;70;60;110;88;;82;0;2;0;-1;9956;65;8;96;23.0;7;0;1;0;0;0
3496;344;20221123;17;190;60;50;100;85;;81;0;0;0;0;9965;65;8;97;;5;0;0;0;0;0
3497;344;20221123;18;180;50;50;90;80;71.0;76;0;0;0;0;9974;65;0;97;1.0;7;0;0;0;0;0
3498;344;20221123;19;190;60;60;90;80;;77;0;0;0;0;9980;65;1;97;;5;0;0;0;0;0
3499;344;20221123;20;200;60;40;90;85;;75;0;0;0;-1;9985;65;4;93;22.0;7;0;1;0;0;0
3500;344;20221123;21;190;60;60;100;82;;78;0;0;0;0;9994;65;0;97;1.0;7;0;0;0;0;0
3501;344;20221123;22;190;60;50;90;86;;81;0;0;0;-1;10001;63;7;96;81.0;7;0;1;0;0;0
3502;344;20221123;23;220;70;80;130;94;;80;0;0;0;-1;10008;65;8;91;57.0;7;0;1;0;0;0
3503;344;20221123;24;190;60;70;100;87;71.0;79;0;0;2;3;10010;65;8;94;23.0;7;0;1;0;0;0
3504;344;20221124;1;190;60;60;100;88;;76;0;0;0;-1;10014;65;8;91;23.0;7;0;1;0;0;0
3505;344;20221124;2;210;70;80;130;90;;75;0;0;0;0;10018;70;8;90;;5;0;0;0;0;0
3506;344;20221124;3;210;70;80;120;91;;66;0;0;2;1;10021;63;8;84;57.0;7;0;1;0;0;0
3507;344;20221124;4;220;80;90;130;85;;78;0;0;2;1;10031;61;8;95;51.0;7;0;1;0;0;0
3508;344;20221124;5;220;70;60;130;74;;69;0;0;10;5;10041;65;8;96;57.0;7;0;1;0;0;0
3509;344;20221124;6;200;50;50;80;78;69.0;75;0;0;3;1;10049;65;8;97;23.0;7;0;1;0;0;0
3510;344;20221124;7;210;50;50;80;82;;78;0;0;2;1;10060;65;8;97;81.0;7;0;1;0;0;0
3511;344;20221124;8;220;50;50;70;82;;78;0;4;2;1;10070;65;1;97;23.0;7;0;1;0;0;0
3512;344;20221124;9;200;40;40;70;92;;82;10;32;0;0;10079;65;6;93;3.0;7;0;0;0;0;0
3513;344;20221124;10;210;60;60;100;96;;79;10;68;0;0;10089;68;4;88;;5;0;0;0;0;0
3514;344;20221124;11;190;50;50;100;100;;80;8;83;0;0;10091;67;0;87;;5;0;0;0;0;0
3515;344;20221124;12;190;50;50;100;108;68.0;83;10;93;0;0;10092;67;1;84;3.0;7;0;0;0;0;0
3516;344;20221124;13;190;60;60;90;109;;87;10;83;0;0;10094;69;2;86;;5;0;0;0;0;0
3517;344;20221124;14;180;60;50;100;109;;87;10;56;0;0;10091;70;8;86;;5;0;0;0;0;0
3518;344;20221124;15;170;50;50;100;103;;81;7;23;0;0;10089;70;8;86;;5;0;0;0;0;0
3519;344;20221124;16;170;50;60;100;99;;78;0;3;0;0;10088;70;8;86;;5;0;0;0;0;0
3520;344;20221124;17;170;60;70;90;96;;76;0;0;0;0;10088;70;8;87;;5;0;0;0;0;0
3521;344;20221124;18;170;60;70;120;96;86.0;74;0;0;0;0;10085;70;8;85;;5;0;0;0;0;0
3522;344;20221124;19;170;70;70;120;94;;69;0;0;0;0;10083;70;8;84;;5;0;0;0;0;0
3523;344;20221124;20;170;70;70;100;92;;69;0;0;0;0;10081;70;8;85;;5;0;0;0;0;0
3524;344;20221124;21;170;70;70;110;95;;74;0;0;0;0;10081;70;8;87;;5;0;0;0;0;0
3525;344;20221124;22;170;60;60;100;97;;78;0;0;0;0;10081;70;8;88;;5;0;0;0;0;0
3526;344;20221124;23;170;60;60;90;92;;89;0;0;5;12;10080;59;8;98;82.0;7;0;1;0;0;0
3527;344;20221124;24;170;50;50;80;92;82.0;87;0;0;10;12;10078;62;8;97;57.0;7;0;1;0;0;0
3528;344;20221125;1;180;50;50;80;92;;89;0;0;10;15;10080;59;8;98;62.0;7;0;1;0;0;0
3529;344;20221125;2;180;50;50;90;96;;91;0;0;9;12;10080;65;8;97;51.0;7;0;1;0;0;0
3530;344;20221125;3;200;50;50;80;93;;89;0;0;0;-1;10082;65;8;97;22.0;7;0;1;0;0;0
3531;344;20221125;4;190;60;60;80;87;;82;0;0;0;0;10089;65;8;96;;5;0;0;0;0;0
3532;344;20221125;5;190;50;50;80;87;;81;0;0;0;0;10094;65;8;95;;5;0;0;0;0;0
3533;344;20221125;6;190;50;50;80;81;71.0;77;0;0;0;0;10100;65;1;97;1.0;7;0;0;0;0;0
3534;344;20221125;7;200;50;50;80;82;;73;0;0;0;0;10108;65;0;94;;5;0;0;0;0;0
3535;344;20221125;8;220;60;70;100;87;;72;0;5;0;0;10118;70;0;90;;5;0;0;0;0;0
3536;344;20221125;9;220;60;60;100;93;;77;10;38;2;1;10126;70;1;89;23.0;7;0;1;0;0;0
3537;344;20221125;10;230;60;60;90;103;;86;10;66;0;0;10135;70;0;89;;5;0;0;0;0;0
3538;344;20221125;11;240;60;60;90;114;;88;10;87;0;0;10143;70;4;84;;5;0;0;0;0;0
3539;344;20221125;12;240;60;60;100;108;68.0;93;3;61;1;1;10152;70;4;90;23.0;7;0;1;0;0;0
3540;344;20221125;13;240;60;40;90;114;;99;7;69;0;0;10159;66;2;90;;5;0;0;0;0;0
3541;344;20221125;14;280;40;40;70;104;;88;5;41;0;0;10168;70;1;89;;5;0;0;0;0;0
3542;344;20221125;15;260;30;30;50;106;;84;5;17;0;0;10176;70;0;86;;5;0;0;0;0;0
3543;344;20221125;16;250;30;20;40;87;;77;0;5;0;0;10189;65;4;93;;5;0;0;0;0;0
3544;344;20221125;17;250;20;30;40;82;;75;0;0;0;0;10200;65;1;95;;5;0;0;0;0;0
3545;344;20221125;18;220;30;20;40;63;32.0;59;0;0;0;0;10207;65;0;97;;5;0;0;0;0;0
3546;344;20221125;19;230;30;30;40;62;;58;0;0;0;0;10217;65;1;97;;5;0;0;0;0;0
3547;344;20221125;20;200;30;20;40;60;;56;0;0;0;0;10224;65;1;97;;5;0;0;0;0;0
3548;344;20221125;21;200;20;20;30;55;;51;0;0;0;0;10233;62;1;97;;5;0;0;0;0;0
3549;344;20221125;22;180;20;20;30;58;;54;0;0;0;0;10241;62;3;97;;5;0;0;0;0;0
3550;344;20221125;23;200;20;30;30;45;;41;0;0;0;0;10246;62;8;97;;5;0;0;0;0;0
3551;344;20221125;24;200;20;20;30;45;14.0;41;0;0;0;0;10250;60;0;97;;5;0;0;0;0;0
3552;344;20221126;1;170;20;20;30;52;;48;0;0;0;0;10252;61;1;97;;5;0;0;0;0;0
3553;344;20221126;2;180;30;30;50;60;;56;0;0;0;0;10256;63;4;97;;5;0;0;0;0;0
3554;344;20221126;3;190;40;40;60;66;;62;0;0;0;0;10258;63;8;97;;5;0;0;0;0;0
3555;344;20221126;4;180;40;40;60;67;;63;0;0;0;0;10262;61;8;97;;5;0;0;0;0;0
3556;344;20221126;5;180;40;40;60;65;;61;0;0;0;0;10264;60;8;97;;5;0;0;0;0;0
3557;344;20221126;6;180;40;40;60;65;15.0;62;0;0;0;0;10267;59;8;98;10.0;7;0;0;0;0;0
3558;344;20221126;7;180;40;40;70;71;;67;0;0;0;0;10270;60;8;97;;5;0;0;0;0;0
3559;344;20221126;8;190;40;40;60;72;;68;0;3;0;0;10274;60;8;97;;5;0;0;0;0;0
3560;344;20221126;9;180;40;50;70;76;;72;0;14;0;0;10277;60;8;97;;5;0;0;0;0;0
3561;344;20221126;10;190;40;40;60;84;;80;0;30;0;0;10278;61;8;97;;5;0;0;0;0;0
3562;344;20221126;11;200;50;50;70;93;;90;5;67;0;0;10278;62;8;97;;5;0;0;0;0;0
3563;344;20221126;12;180;40;40;70;94;58.0;88;0;47;0;0;10276;62;8;96;;5;0;0;0;0;0
3564;344;20221126;13;180;50;50;70;103;;91;5;63;0;0;10272;64;8;92;;5;0;0;0;0;0
3565;344;20221126;14;180;50;50;80;106;;92;10;57;0;0;10267;65;8;91;;5;0;0;0;0;0
3566;344;20221126;15;190;50;50;100;100;;88;8;31;0;0;10266;65;8;92;;5;0;0;0;0;0
3567;344;20221126;16;190;40;40;80;98;;85;0;5;0;0;10267;65;8;91;;5;0;0;0;0;0
3568;344;20221126;17;180;40;40;70;95;;82;0;0;0;0;10264;65;8;91;;5;0;0;0;0;0
3569;344;20221126;18;180;50;50;80;91;83.0;81;0;0;0;0;10258;65;8;93;;5;0;0;0;0;0
3570;344;20221126;19;170;50;50;80;84;;77;0;0;0;0;10252;65;8;95;;5;0;0;0;0;0
3571;344;20221126;20;180;50;50;80;81;;74;0;0;0;0;10259;65;8;95;;5;0;0;0;0;0
3572;344;20221126;21;170;50;40;90;77;;71;0;0;0;0;10254;65;8;96;;5;0;0;0;0;0
3573;344;20221126;22;170;60;60;90;73;;63;0;0;0;0;10242;65;8;93;;5;0;0;0;0;0
3574;344;20221126;23;170;60;70;100;70;;61;0;0;0;0;10237;65;8;94;;5;0;0;0;0;0
3575;344;20221126;24;170;70;70;100;70;62.0;61;0;0;0;0;10232;65;8;93;;5;0;0;0;0;0
3576;344;20221127;1;170;70;70;100;71;;60;0;0;0;0;10224;65;8;92;;5;0;0;0;0;0
3577;344;20221127;2;170;70;70;120;72;;59;0;0;0;0;10216;65;8;91;;5;0;0;0;0;0
3578;344;20221127;3;170;70;60;110;74;;58;0;0;0;0;10215;70;8;89;;5;0;0;0;0;0
3579;344;20221127;4;170;70;70;100;73;;57;0;0;0;0;10212;70;8;89;;5;0;0;0;0;0
3580;344;20221127;5;170;60;60;90;72;;61;0;0;7;3;10207;65;8;92;51.0;7;0;1;0;0;0
3581;344;20221127;6;170;60;60;90;70;63.0;61;0;0;9;4;10202;65;8;94;57.0;7;0;1;0;0;0
3582;344;20221127;7;170;60;60;100;67;;60;0;0;10;4;10194;65;8;94;51.0;7;0;1;0;0;0
3583;344;20221127;8;170;70;70;100;69;;59;0;1;0;-1;10191;65;8;93;51.0;7;0;1;0;0;0
3584;344;20221127;9;170;60;60;90;68;;64;0;5;10;4;10189;63;8;97;57.0;7;0;1;0;0;0
3585;344;20221127;10;170;60;60;90;70;;66;0;14;10;4;10184;62;8;97;51.0;7;0;1;0;0;0
3586;344;20221127;11;170;60;60;90;70;;67;0;22;8;2;10177;56;8;98;52.0;7;0;1;0;0;0
3587;344;20221127;12;170;60;60;120;70;64.0;67;0;20;6;1;10168;49;8;98;22.0;7;0;1;0;0;0
3588;344;20221127;13;180;50;50;90;71;;68;0;13;0;-1;10162;50;8;98;51.0;7;0;1;0;0;0
3589;344;20221127;14;180;50;50;80;72;;69;0;10;0;-1;10153;40;8;98;51.0;7;0;1;0;0;0
3590;344;20221127;15;170;50;50;90;72;;69;0;5;0;-1;10145;58;8;98;22.0;7;0;1;0;0;0
3591;344;20221127;16;170;50;50;90;76;;69;0;1;0;0;10139;65;8;95;;5;0;0;0;0;0
3592;344;20221127;17;170;40;40;70;74;;70;0;0;3;1;10134;65;8;97;81.0;7;0;1;0;0;0
3593;344;20221127;18;160;40;40;80;72;69.0;68;0;0;10;11;10124;60;8;97;61.0;7;0;1;0;0;0
3594;344;20221127;19;160;50;50;70;71;;68;0;0;10;15;10117;59;8;98;62.0;7;0;1;0;0;0
3595;344;20221127;20;160;40;40;70;70;;66;0;0;10;16;10109;60;8;97;61.0;7;0;1;0;0;0
3596;344;20221127;21;160;40;40;60;69;;66;0;0;10;14;10102;57;8;98;62.0;7;0;1;0;0;0
3597;344;20221127;22;160;40;40;60;70;;67;0;0;10;11;10095;47;8;98;52.0;7;0;1;0;0;0
3598;344;20221127;23;170;30;30;60;72;;69;0;0;10;4;10089;46;8;98;52.0;7;0;1;0;0;0
3599;344;20221127;24;180;30;30;50;75;67.0;72;0;0;10;8;10086;36;8;98;81.0;7;0;1;0;0;0
3600;344;20221128;1;190;30;30;50;81;;78;0;0;10;5;10082;45;8;98;52.0;7;0;1;0;0;0
3601;344;20221128;2;210;40;40;70;86;;83;0;0;10;4;10079;57;8;98;52.0;7;0;1;0;0;0
3602;344;20221128;3;190;40;50;60;86;;82;0;0;8;2;10078;62;8;97;51.0;7;0;1;0;0;0
3603;344;20221128;4;190;40;40;60;83;;80;0;0;7;1;10078;59;8;98;51.0;7;0;1;0;0;0
3604;344;20221128;5;190;40;40;60;83;;80;0;0;3;1;10081;50;8;98;52.0;7;0;1;0;0;0
3605;344;20221128;6;190;40;40;50;83;74.0;80;0;0;4;1;10085;38;8;98;51.0;7;0;1;0;0;0
3606;344;20221128;7;210;30;30;100;86;;83;0;0;0;-1;10087;33;8;98;23.0;7;0;1;0;0;0
3607;344;20221128;8;220;20;30;60;90;;87;0;1;0;0;10091;30;8;98;10.0;7;0;0;0;0;0
3608;344;20221128;9;210;30;30;50;95;;92;0;9;0;0;10093;37;8;98;10.0;7;0;0;0;0;0
3609;344;20221128;10;220;40;40;70;99;;96;0;21;0;0;10096;50;8;98;10.0;7;0;0;0;0;0
3610;344;20221128;11;210;40;30;60;104;;101;0;26;0;0;10098;50;8;98;10.0;7;0;0;0;0;0
3611;344;20221128;12;210;20;20;50;108;82.0;106;0;41;0;0;10096;57;8;98;10.0;7;0;0;0;0;0
3612;344;20221128;13;220;20;20;40;113;;107;7;69;0;0;10100;58;8;95;10.0;7;0;0;0;0;0
3613;344;20221128;14;180;20;20;50;106;;104;2;33;0;0;10103;59;8;98;10.0;7;0;0;0;0;0
3614;344;20221128;15;190;20;20;40;97;;92;10;21;0;0;10107;60;8;97;;5;0;0;0;0;0
3615;344;20221128;16;200;20;10;40;85;;82;0;2;0;0;10112;58;8;98;10.0;7;0;0;0;0;0
3616;344;20221128;17;210;30;30;40;89;;86;0;0;0;0;10117;37;8;98;10.0;7;0;0;0;0;0
3617;344;20221128;18;200;30;20;40;89;69.0;86;0;0;0;0;10122;27;8;98;10.0;7;0;0;0;0;0
3618;344;20221128;19;190;20;20;50;81;;78;0;0;0;0;10124;22;8;98;10.0;7;0;0;0;0;0
3619;344;20221128;20;190;10;10;30;74;;71;0;0;0;0;10128;17;8;98;10.0;7;0;0;0;0;0
3620;344;20221128;21;190;10;20;20;68;;65;0;0;0;0;10132;19;8;98;20.0;7;1;0;0;0;0
3621;344;20221128;22;180;10;10;30;51;;51;0;0;0;0;10135;1;8;100;34.0;7;1;0;0;0;0
3622;344;20221128;23;240;10;10;20;38;;38;0;0;0;0;10139;2;8;100;32.0;7;1;0;0;0;0
3623;344;20221128;24;0;10;0;20;33;27.0;33;0;0;0;0;10141;1;8;100;34.0;7;1;0;0;0;0
3624;344;20221129;1;100;0;10;10;33;;33;0;0;0;0;10143;1;8;100;33.0;7;1;0;0;0;0
3625;344;20221129;2;0;0;0;10;22;;22;0;0;0;0;10146;1;9;100;33.0;7;1;0;0;0;0
3626;344;20221129;3;0;0;0;10;24;;24;0;0;0;0;10152;1;9;100;33.0;7;1;0;0;0;0
3627;344;20221129;4;0;0;0;10;26;;26;0;0;0;0;10156;1;9;100;33.0;7;1;0;0;0;0
3628;344;20221129;5;0;0;0;10;33;;33;0;0;0;0;10161;5;8;100;32.0;7;1;0;0;0;0
3629;344;20221129;6;0;10;0;10;44;22.0;44;0;0;0;0;10167;0;9;100;34.0;7;1;0;0;0;0
3630;344;20221129;7;0;0;0;20;50;;50;0;0;0;-1;10174;0;9;100;51.0;7;1;1;0;0;0
3631;344;20221129;8;990;0;10;20;49;;49;0;2;0;-1;10181;1;9;100;51.0;7;1;1;0;0;0
3632;344;20221129;9;70;10;10;20;59;;59;0;12;0;-1;10186;0;9;100;34.0;7;1;1;0;0;0
3633;344;20221129;10;210;10;10;30;68;;68;0;26;0;0;10192;1;9;100;32.0;7;1;0;0;0;0
3634;344;20221129;11;0;10;0;20;71;;71;0;37;0;0;10193;1;9;100;33.0;7;1;0;0;0;0
3635;344;20221129;12;230;10;10;20;74;47.0;74;0;31;0;0;10196;1;9;100;33.0;7;1;0;0;0;0
3636;344;20221129;13;210;10;10;20;83;;80;0;36;0;0;10201;12;8;98;20.0;7;1;0;0;0;0
3637;344;20221129;14;0;0;0;20;104;;101;8;49;0;0;10200;50;2;98;10.0;7;0;0;0;0;0
3638;344;20221129;15;190;10;10;30;93;;90;7;22;0;0;10202;50;8;98;10.0;7;0;0;0;0;0
3639;344;20221129;16;0;10;0;20;82;;79;0;2;0;0;10206;21;6;98;20.0;7;1;0;0;0;0
3640;344;20221129;17;0;10;0;20;57;;57;0;0;0;0;10209;1;8;100;34.0;7;1;0;0;0;0
3641;344;20221129;18;990;10;10;20;56;35.0;56;0;0;0;0;10213;1;9;100;33.0;7;1;0;0;0;0
3642;344;20221129;19;190;10;10;20;60;;60;0;0;0;0;10218;0;9;100;34.0;7;1;0;0;0;0
3643;344;20221129;20;250;10;10;20;63;;63;0;0;0;0;10222;9;8;100;32.0;7;1;0;0;0;0
3644;344;20221129;21;990;10;10;30;67;;64;0;0;0;0;10224;56;8;98;20.0;7;1;0;0;0;0
3645;344;20221129;22;260;20;20;30;60;;57;0;0;0;0;10223;58;7;98;10.0;7;0;0;0;0;0
3646;344;20221129;23;220;10;10;20;45;;42;0;0;0;0;10226;56;8;98;10.0;7;0;0;0;0;0
3647;344;20221129;24;240;10;10;20;47;27.0;44;0;0;0;0;10228;58;7;98;10.0;7;0;0;0;0;0
3648;344;20221130;1;0;0;0;10;55;;52;0;0;0;0;10228;58;8;98;10.0;7;0;0;0;0;0
3649;344;20221130;2;0;0;0;10;56;;53;0;0;0;0;10229;45;8;98;10.0;7;0;0;0;0;0
3650;344;20221130;3;990;10;10;30;52;;49;0;0;0;0;10230;46;8;98;10.0;7;0;0;0;0;0
3651;344;20221130;4;0;10;0;30;46;;46;0;0;0;0;10232;6;8;100;34.0;7;1;0;0;0;0
3652;344;20221130;5;990;10;10;10;30;;30;0;0;0;0;10233;3;1;100;34.0;7;1;0;0;0;0
3653;344;20221130;6;160;10;10;10;32;16.0;32;0;0;0;0;10235;3;8;100;33.0;7;1;0;0;0;0
3654;344;20221130;7;40;10;10;10;43;;40;0;0;0;0;10239;46;8;98;20.0;7;1;0;0;0;0
3655;344;20221130;8;0;10;0;10;51;;48;0;1;0;-1;10245;56;8;98;51.0;7;0;1;0;0;0
3656;344;20221130;9;0;0;0;10;59;;56;0;9;1;1;10249;57;8;98;23.0;7;0;1;0;0;0
3657;344;20221130;10;190;10;10;20;73;;69;0;28;0;0;10252;60;8;97;;5;0;0;0;0;0
3658;344;20221130;11;0;0;0;10;81;;78;2;44;0;-1;10251;61;8;97;22.0;7;0;1;0;0;0
3659;344;20221130;12;30;0;10;10;88;19.0;77;2;54;0;0;10249;61;1;92;1.0;7;0;0;0;0;0
3660;344;20221130;13;360;10;10;20;92;;75;5;67;0;0;10251;67;8;88;;5;0;0;0;0;0
3661;344;20221130;14;50;20;20;30;89;;67;2;31;0;-1;10253;65;8;86;81.0;7;0;1;0;0;0
3662;344;20221130;15;30;10;10;30;87;;67;2;11;0;-1;10255;65;8;87;23.0;7;0;1;0;0;0
3663;344;20221130;16;60;10;20;20;76;;72;0;1;0;0;10257;58;8;97;10.0;7;0;0;0;0;0
3664;344;20221130;17;70;30;50;70;69;;60;0;0;0;0;10263;60;8;93;;5;0;0;0;0;0
3665;344;20221130;18;40;30;20;50;53;35.0;48;0;0;0;0;10267;58;3;96;10.0;7;0;0;0;0;0
3666;344;20221130;19;50;20;20;30;40;;37;0;0;0;0;10269;43;2;98;10.0;7;0;0;0;0;0
3667;344;20221130;20;20;20;10;20;27;;24;0;0;0;0;10274;50;0;98;10.0;7;0;0;0;0;0
3668;344;20221130;21;60;10;10;20;26;;23;0;0;0;0;10277;13;0;98;10.0;7;0;0;0;0;0
3669;344;20221130;22;350;10;10;20;18;;15;0;0;0;0;10277;45;8;98;20.0;7;1;0;0;0;0
3670;344;20221130;23;20;10;10;20;27;;24;0;0;0;0;10278;29;0;98;10.0;7;0;0;0;0;0
3671;344;20221130;24;350;10;10;20;13;6.0;13;0;0;0;0;10278;7;0;100;34.0;7;1;0;0;0;0
3672;344;20221201;1;10;10;10;20;7;;7;0;0;0;0;10279;1;1;100;34.0;7;1;0;0;0;0
3673;344;20221201;2;350;20;20;20;25;;22;0;0;0;0;10282;15;8;98;20.0;7;1;0;0;0;0
3674;344;20221201;3;350;10;10;20;22;;22;0;0;0;0;10280;5;4;100;34.0;7;1;0;0;0;0
3675;344;20221201;4;340;10;10;20;0;;0;0;0;0;0;10279;0;6;100;34.0;7;1;0;0;0;0
3676;344;20221201;5;350;10;10;20;-7;;-7;0;0;0;0;10280;1;4;100;35.0;7;1;0;0;0;1
3677;344;20221201;6;0;0;0;10;8;-4.0;8;0;0;0;0;10281;2;6;100;32.0;7;1;0;0;0;1
3678;344;20221201;7;10;10;10;20;7;;7;0;0;0;0;10285;6;8;100;32.0;7;1;0;0;0;0
3679;344;20221201;8;360;10;20;20;23;;23;0;3;0;0;10289;9;8;100;32.0;7;1;0;0;0;0
3680;344;20221201;9;360;10;10;20;39;;36;7;22;0;0;10292;29;4;98;20.0;7;1;0;0;0;0
3681;344;20221201;10;20;20;20;30;63;;57;10;62;0;0;10290;50;8;95;10.0;7;0;0;0;0;0
3682;344;20221201;11;50;20;30;40;67;;59;8;72;0;0;10288;50;0;94;10.0;7;0;0;0;0;0
3683;344;20221201;12;50;30;30;50;74;-5.0;50;10;86;0;0;10283;59;0;84;10.0;7;0;0;0;0;0
3684;344;20221201;13;60;40;50;60;71;;44;10;79;0;0;10280;60;0;82;;5;0;0;0;0;0
3685;344;20221201;14;60;40;30;60;67;;42;10;56;0;0;10278;59;0;83;10.0;7;0;0;0;0;0
3686;344;20221201;15;50;30;20;50;51;;34;8;25;0;0;10277;59;1;88;10.0;7;0;0;0;0;0
3687;344;20221201;16;30;20;20;30;51;;36;0;2;0;0;10278;60;0;89;;5;0;0;0;0;0
3688;344;20221201;17;350;10;10;20;21;;18;0;0;0;0;10278;48;0;98;10.0;7;0;0;0;0;0
3689;344;20221201;18;340;10;10;20;8;-6.0;5;0;0;0;0;10278;50;3;98;10.0;7;0;0;0;0;0
3690;344;20221201;19;0;0;0;10;8;;5;0;0;0;0;10277;20;8;98;10.0;7;0;0;0;0;0
3691;344;20221201;20;0;0;0;10;13;;10;0;0;0;0;10276;42;8;98;10.0;7;0;0;0;0;0
3692;344;20221201;21;360;10;10;20;19;;16;0;0;0;0;10276;49;8;98;10.0;7;0;0;0;0;0
3693;344;20221201;22;310;10;20;40;21;;18;0;0;0;0;10271;50;8;98;10.0;7;0;0;0;0;0
3694;344;20221201;23;30;10;10;30;24;;21;0;0;0;0;10270;50;8;98;10.0;7;0;0;0;0;0
3695;344;20221201;24;50;10;10;20;37;-8.0;34;0;0;0;0;10266;50;8;98;10.0;7;0;0;0;0;0
3696;344;20221202;1;40;20;20;30;44;;41;0;0;0;0;10263;46;8;98;10.0;7;0;0;0;0;0
3697;344;20221202;2;40;30;30;50;44;;41;0;0;0;0;10263;39;8;98;10.0;7;0;0;0;0;0
3698;344;20221202;3;30;30;30;40;40;;37;0;0;0;0;10258;36;8;98;10.0;7;0;0;0;0;0
3699;344;20221202;4;50;30;20;40;41;;34;0;0;0;0;10253;42;8;95;10.0;7;0;0;0;0;0
3700;344;20221202;5;50;30;40;50;41;;35;0;0;0;0;10250;42;8;96;10.0;7;0;0;0;0;0
3701;344;20221202;6;40;40;40;70;41;25.0;35;0;0;0;0;10249;50;8;95;10.0;7;0;0;0;0;0
3702;344;20221202;7;30;40;40;70;37;;28;0;0;0;0;10249;50;8;93;10.0;7;0;0;0;0;0
3703;344;20221202;8;50;60;70;90;31;;20;0;1;0;0;10251;50;8;92;10.0;7;0;0;0;0;0
3704;344;20221202;9;50;60;60;100;30;;14;0;12;0;0;10253;58;8;89;10.0;7;0;0;0;0;0
3705;344;20221202;10;60;60;50;90;32;;17;0;27;0;0;10252;60;8;89;;5;0;0;0;0;0
3706;344;20221202;11;50;50;40;80;33;;17;0;41;0;0;10245;61;7;89;;5;0;0;0;0;0
3707;344;20221202;12;60;50;70;90;34;28.0;17;2;57;0;0;10244;60;8;88;;5;0;0;0;0;0
3708;344;20221202;13;50;60;60;100;26;;8;0;19;0;0;10242;58;8;88;10.0;7;0;0;0;0;0
3709;344;20221202;14;50;60;60;100;25;;11;0;11;0;0;10240;58;8;90;10.0;7;0;0;0;0;0
3710;344;20221202;15;50;60;60;90;27;;8;0;3;0;0;10240;57;8;87;10.0;7;0;0;0;0;0
3711;344;20221202;16;50;60;70;100;23;;14;0;1;0;0;10242;61;8;93;;5;0;0;0;0;0
3712;344;20221202;17;60;70;90;120;23;;10;0;0;0;0;10246;58;8;90;10.0;7;0;0;0;0;0
3713;344;20221202;18;60;80;80;120;23;19.0;8;0;0;0;0;10248;56;8;89;10.0;7;0;0;0;0;0
3714;344;20221202;19;50;70;60;110;23;;4;0;0;0;0;10249;57;8;87;10.0;7;0;0;0;0;0
3715;344;20221202;20;60;70;90;120;23;;3;0;0;0;0;10249;58;8;86;10.0;7;0;0;0;0;0
3716;344;20221202;21;60;70;70;100;22;;1;0;0;0;0;10248;59;8;85;10.0;7;0;0;0;0;0
3717;344;20221202;22;50;60;50;100;21;;-4;0;0;0;0;10246;61;8;83;;5;0;0;0;0;0
3718;344;20221202;23;50;70;70;110;21;;-5;0;0;0;0;10246;62;8;82;;5;0;0;0;0;0
3719;344;20221202;24;60;70;70;110;21;16.0;-4;0;0;0;0;10242;63;8;83;;5;0;0;0;0;0
3720;344;20221203;1;50;60;60;100;19;;-3;0;0;0;0;10240;61;8;85;;5;0;0;0;0;0
3721;344;20221203;2;40;60;50;90;21;;1;0;0;0;0;10237;61;8;86;;5;0;0;0;0;0
3722;344;20221203;3;50;60;60;90;20;;4;0;0;0;0;10235;60;8;88;;5;0;0;0;0;0
3723;344;20221203;4;60;60;60;90;22;;5;0;0;0;0;10232;60;8;88;;5;0;0;0;0;0
3724;344;20221203;5;60;50;50;80;23;;9;0;0;0;0;10228;60;8;90;;5;0;0;0;0;0
3725;344;20221203;6;60;50;50;100;24;16.0;6;0;0;0;0;10224;60;8;87;;5;0;0;0;0;0
3726;344;20221203;7;70;60;50;110;25;;2;0;0;0;0;10222;61;8;84;;5;0;0;0;0;0
3727;344;20221203;8;80;50;50;80;24;;5;0;0;0;0;10223;59;8;87;10.0;7;0;0;0;0;0
3728;344;20221203;9;90;50;40;80;23;;2;0;5;0;0;10221;60;8;86;;5;0;0;0;0;0
3729;344;20221203;10;80;50;50;80;22;;2;0;10;0;0;10220;60;8;86;;5;0;0;0;0;0
3730;344;20221203;11;90;50;50;80;20;;1;0;16;0;0;10215;59;8;87;10.0;7;0;0;0;0;0
3731;344;20221203;12;90;50;50;90;19;19.0;2;0;14;0;0;10210;58;8;88;10.0;7;0;0;0;0;0
3732;344;20221203;13;80;50;50;80;15;;2;0;11;0;0;10206;57;8;90;10.0;7;0;0;0;0;0
3733;344;20221203;14;80;50;50;80;13;;-1;0;5;0;0;10201;56;8;90;10.0;7;0;0;0;0;0
3734;344;20221203;15;70;50;40;80;12;;-6;0;4;0;0;10200;61;8;87;;5;0;0;0;0;0
3735;344;20221203;16;60;50;50;70;9;;-4;0;1;0;0;10199;57;8;90;10.0;7;0;0;0;0;0
3736;344;20221203;17;80;50;50;80;8;;-3;0;0;0;0;10198;56;8;92;10.0;7;0;0;0;0;0
3737;344;20221203;18;70;50;60;90;8;7.0;-8;0;0;0;0;10196;59;8;88;10.0;7;0;0;0;0;0
3738;344;20221203;19;70;50;50;80;7;;-8;0;0;0;0;10195;57;8;89;10.0;7;0;0;0;0;0
3739;344;20221203;20;70;50;50;80;5;;-9;0;0;0;0;10193;57;8;90;10.0;7;0;0;0;0;0
3740;344;20221203;21;70;50;40;80;5;;-10;0;0;0;0;10190;56;8;89;10.0;7;0;0;0;0;0
3741;344;20221203;22;60;40;40;70;5;;-13;0;0;0;0;10190;57;8;88;10.0;7;0;0;0;0;0
3742;344;20221203;23;70;50;40;80;3;;-13;0;0;0;0;10188;57;8;89;10.0;7;0;0;0;0;0
3743;344;20221203;24;70;40;40;70;3;2.0;-13;0;0;0;0;10185;57;8;89;10.0;7;0;0;0;0;0
3744;344;20221204;1;70;40;40;70;1;;-13;0;0;0;0;10183;57;8;89;10.0;7;0;0;0;0;0
3745;344;20221204;2;60;40;40;70;1;;-11;0;0;0;0;10183;57;8;91;10.0;7;0;0;0;0;0
3746;344;20221204;3;50;40;40;60;1;;-11;0;0;0;0;10181;56;8;91;10.0;7;0;0;0;0;0
3747;344;20221204;4;50;40;40;60;2;;-10;0;0;0;0;10177;56;8;91;10.0;7;0;0;0;0;0
3748;344;20221204;5;50;40;30;60;3;;-9;0;0;0;0;10178;56;8;92;10.0;7;0;0;0;0;0
3749;344;20221204;6;70;40;40;60;4;0.0;-8;0;0;0;0;10180;56;8;91;10.0;7;0;0;0;0;0
3750;344;20221204;7;60;40;50;70;5;;-8;0;0;0;0;10179;56;8;91;10.0;7;0;0;0;0;0
3751;344;20221204;8;70;50;50;80;6;;-5;0;1;0;0;10181;56;8;92;10.0;7;0;0;0;0;0
3752;344;20221204;9;70;50;50;70;7;;-5;0;4;0;0;10184;56;8;91;10.0;7;0;0;0;0;0
3753;344;20221204;10;60;50;60;80;9;;-5;0;8;0;0;10185;57;8;90;10.0;7;0;0;0;0;0
3754;344;20221204;11;60;50;50;80;11;;-2;0;14;0;0;10183;56;8;91;10.0;7;0;0;0;0;0
3755;344;20221204;12;80;50;50;80;10;3.0;-4;0;16;0;0;10178;59;8;90;10.0;7;0;0;0;0;0
3756;344;20221204;13;80;60;50;80;8;;-6;0;8;0;0;10176;58;8;90;10.0;7;0;0;0;0;0
3757;344;20221204;14;60;60;60;90;8;;-4;0;6;0;0;10174;60;8;91;;5;0;0;0;0;0
3758;344;20221204;15;70;50;50;80;10;;-5;0;3;0;0;10175;63;8;89;;5;0;0;0;0;0
3759;344;20221204;16;80;60;60;90;12;;-1;0;0;0;0;10178;63;8;90;;5;0;0;0;0;0
3760;344;20221204;17;70;60;50;100;11;;-2;0;0;0;0;10180;60;8;91;;5;0;0;0;0;0
3761;344;20221204;18;70;60;60;90;13;7.0;0;0;0;0;0;10181;58;8;91;10.0;7;0;0;0;0;0
3762;344;20221204;19;80;50;40;100;16;;4;0;0;0;0;10183;58;8;91;10.0;7;0;0;0;0;0
3763;344;20221204;20;70;40;50;70;20;;7;0;0;0;0;10184;59;8;91;10.0;7;0;0;0;0;0
3764;344;20221204;21;50;40;30;70;21;;12;0;0;0;0;10185;58;8;93;10.0;7;0;0;0;0;0
3765;344;20221204;22;50;40;40;60;22;;19;0;0;0;0;10185;50;8;98;10.0;7;0;0;0;0;0
3766;344;20221204;23;50;40;40;60;24;;21;0;0;0;0;10185;50;8;98;10.0;7;0;0;0;0;0
3767;344;20221204;24;50;40;50;70;28;11.0;25;0;0;0;0;10183;56;8;97;10.0;7;0;0;0;0;0
3768;344;20221205;1;50;40;40;80;33;;25;0;0;0;0;10184;57;8;94;10.0;7;0;0;0;0;0
3769;344;20221205;2;40;50;50;80;35;;30;0;0;0;0;10183;57;8;97;10.0;7;0;0;0;0;0
3770;344;20221205;3;50;40;40;80;37;;33;0;0;0;0;10185;57;8;97;10.0;7;0;0;0;0;0
3771;344;20221205;4;50;40;40;60;37;;34;0;0;0;0;10187;50;8;98;10.0;7;0;0;0;0;0
3772;344;20221205;5;40;40;40;70;38;;35;0;0;0;-1;10187;39;8;98;51.0;7;0;1;0;0;0
3773;344;20221205;6;50;30;30;50;42;27.0;39;0;0;0;-1;10189;50;8;98;22.0;7;0;1;0;0;0
3774;344;20221205;7;40;30;30;60;47;;44;0;0;0;0;10192;56;8;98;10.0;7;0;0;0;0;0
3775;344;20221205;8;30;40;40;60;51;;47;0;0;0;0;10195;60;8;97;;5;0;0;0;0;0
3776;344;20221205;9;40;40;40;70;53;;50;0;3;0;0;10200;65;8;97;;5;0;0;0;0;0
3777;344;20221205;10;30;40;30;60;56;;52;0;6;0;0;10203;65;8;97;;5;0;0;0;0;0
3778;344;20221205;11;30;30;30;60;57;;54;0;9;0;0;10202;63;8;97;;5;0;0;0;0;0
3779;344;20221205;12;20;40;40;70;58;39.0;55;0;12;0;-1;10202;65;8;97;81.0;7;0;1;0;0;0
3780;344;20221205;13;30;40;30;70;60;;54;0;12;0;-1;10201;65;8;95;81.0;7;0;1;0;0;0
3781;344;20221205;14;10;30;30;60;60;;55;0;10;0;-1;10200;65;8;96;51.0;7;0;1;0;0;0
3782;344;20221205;15;30;40;40;60;61;;52;0;10;0;-1;10202;65;8;93;22.0;7;0;1;0;0;0
3783;344;20221205;16;20;30;30;60;60;;54;0;2;0;-1;10206;65;8;95;51.0;7;0;1;0;0;0
3784;344;20221205;17;10;30;30;60;59;;55;0;0;0;-1;10207;65;8;97;51.0;7;0;1;0;0;0
3785;344;20221205;18;10;30;30;50;59;54.0;55;0;0;0;-1;10210;65;8;97;22.0;7;0;1;0;0;0
3786;344;20221205;19;360;30;30;50;58;;54;0;0;0;0;10212;65;8;97;;5;0;0;0;0;0
3787;344;20221205;20;10;30;30;50;60;;55;0;0;0;0;10215;65;8;96;;5;0;0;0;0;0
3788;344;20221205;21;10;30;30;50;60;;54;0;0;0;0;10214;65;8;95;;5;0;0;0;0;0
3789;344;20221205;22;10;30;30;50;57;;53;0;0;0;0;10215;65;8;97;;5;0;0;0;0;0
3790;344;20221205;23;10;20;20;40;55;;51;0;0;0;0;10215;65;8;96;;5;0;0;0;0;0
3791;344;20221205;24;320;20;20;30;31;22.0;27;0;0;0;0;10213;64;3;97;;5;0;0;0;0;0
3792;344;20221206;1;330;20;20;30;21;;18;0;0;0;0;10213;59;8;98;10.0;7;0;0;0;0;0
3793;344;20221206;2;330;20;20;20;23;;19;0;0;0;0;10212;61;8;97;;5;0;0;0;0;0
3794;344;20221206;3;350;20;20;20;32;;28;0;0;0;0;10211;65;8;97;;5;0;0;0;0;0
3795;344;20221206;4;310;10;10;20;35;;31;0;0;0;0;10210;65;8;97;;5;0;0;0;0;0
3796;344;20221206;5;330;10;10;20;21;;17;0;0;0;0;10209;65;7;97;;5;0;0;0;0;0
3797;344;20221206;6;280;10;10;20;21;5.0;17;0;0;0;0;10208;65;8;97;;5;0;0;0;0;0
3798;344;20221206;7;0;10;0;20;12;;8;0;0;0;0;10206;65;1;97;;5;0;0;0;0;0
3799;344;20221206;8;250;10;10;10;5;;2;0;1;0;0;10209;12;0;98;10.0;7;0;0;0;0;0
3800;344;20221206;9;250;10;10;20;27;;23;10;29;0;0;10210;65;1;97;20.0;7;1;0;0;0;0
3801;344;20221206;10;260;10;10;20;59;;43;8;54;0;0;10210;70;8;88;;5;0;0;0;0;0
3802;344;20221206;11;240;10;20;30;65;;32;0;43;0;0;10207;75;8;79;;5;0;0;0;0;0
3803;344;20221206;12;250;30;30;40;79;-9.0;46;10;84;0;0;10203;75;5;79;1.0;7;0;0;0;0;0
3804;344;20221206;13;270;30;30;50;73;;53;3;45;0;-1;10199;70;8;86;81.0;7;0;1;0;0;0
3805;344;20221206;14;270;30;30;50;71;;61;0;23;0;-1;10196;65;8;93;23.0;7;0;1;0;0;0
3806;344;20221206;15;250;20;10;40;60;;56;2;10;5;5;10191;65;7;97;81.0;7;0;1;0;0;0
3807;344;20221206;16;230;10;20;30;57;;53;0;1;3;4;10190;65;8;97;23.0;7;0;1;0;0;0
3808;344;20221206;17;260;20;20;50;61;;57;0;0;2;1;10186;65;8;97;23.0;7;0;1;0;0;0
3809;344;20221206;18;240;10;20;30;37;14.0;33;0;0;0;0;10184;65;7;97;1.0;7;0;0;0;0;0
3810;344;20221206;19;240;20;10;40;42;;38;0;0;0;-1;10186;65;6;97;23.0;7;0;1;0;0;0
3811;344;20221206;20;270;20;20;60;43;;39;0;0;3;2;10186;65;8;97;81.0;7;0;1;0;0;0
3812;344;20221206;21;270;20;10;40;37;;33;0;0;1;1;10185;65;4;97;23.0;7;0;1;0;0;0
3813;344;20221206;22;60;10;10;40;43;;39;0;0;2;3;10187;65;7;97;23.0;7;0;1;0;0;0
3814;344;20221206;23;230;10;20;20;21;;18;0;0;0;0;10188;28;2;98;10.0;7;0;0;0;0;0
3815;344;20221206;24;330;10;20;60;42;7.0;39;0;0;6;9;10189;56;8;98;81.0;7;0;1;1;0;0
3816;344;20221207;1;280;20;20;50;13;;9;0;0;1;2;10185;65;0;97;23.0;7;0;1;0;0;0
3817;344;20221207;2;330;10;20;60;26;;23;0;0;1;3;10185;46;7;98;81.0;7;0;1;0;0;0
3818;344;20221207;3;230;10;10;30;11;;7;0;0;0;-1;10183;65;7;97;23.0;7;0;1;0;0;0
3819;344;20221207;4;310;10;10;40;28;;24;0;0;0;-1;10180;65;7;97;23.0;7;0;1;0;0;0
3820;344;20221207;5;230;20;10;20;7;;3;0;0;0;0;10177;65;2;97;;5;0;0;0;0;0
3821;344;20221207;6;230;10;20;50;3;-12.0;-1;0;0;0;0;10176;65;2;97;2.0;7;0;0;0;0;0
3822;344;20221207;7;230;20;20;30;5;;1;0;0;0;0;10178;65;5;97;;5;0;0;0;0;0
3823;344;20221207;8;270;10;10;20;5;;1;0;2;0;0;10178;65;8;97;;5;0;0;0;0;0
3824;344;20221207;9;260;20;20;30;37;;34;7;23;0;0;10179;65;8;97;;5;0;0;0;0;0
3825;344;20221207;10;240;20;20;30;48;;40;5;38;0;0;10178;65;1;94;;5;0;0;0;0;0
3826;344;20221207;11;340;20;20;40;75;;47;7;73;0;0;10173;70;8;82;;5;0;0;0;0;0
3827;344;20221207;12;360;30;40;110;48;-13.0;43;2;40;3;11;10170;45;8;96;81.0;7;0;1;0;0;0
3828;344;20221207;13;250;10;10;60;68;;44;8;73;0;-1;10163;70;7;84;23.0;7;0;1;0;0;0
3829;344;20221207;14;300;30;20;80;66;;40;5;46;0;-1;10157;70;8;83;23.0;7;0;1;0;0;0
3830;344;20221207;15;260;30;30;50;56;;41;5;19;2;1;10153;62;8;90;81.0;7;0;1;0;0;0
3831;344;20221207;16;290;20;30;50;47;;36;0;2;0;-1;10149;65;8;92;23.0;7;0;1;0;0;0
3832;344;20221207;17;280;30;20;70;48;;35;0;0;0;0;10144;65;8;91;;5;0;0;0;0;0
3833;344;20221207;18;290;20;30;40;48;33.0;31;0;0;0;-1;10140;70;8;88;22.0;7;0;1;0;0;0
3834;344;20221207;19;330;30;20;70;45;;38;0;0;4;3;10138;65;8;95;23.0;7;0;1;0;0;0
3835;344;20221207;20;230;10;30;40;39;;35;0;0;0;-1;10132;65;8;97;22.0;7;0;1;0;0;0
3836;344;20221207;21;240;30;40;50;41;;36;0;0;0;-1;10127;65;8;96;81.0;7;0;1;0;0;0
3837;344;20221207;22;230;40;30;70;34;;30;0;0;3;6;10120;65;8;97;23.0;7;0;1;0;0;0
3838;344;20221207;23;330;30;30;60;38;;35;0;0;3;8;10120;50;8;98;81.0;7;0;1;0;0;0
3839;344;20221207;24;190;20;30;50;39;23.0;35;0;0;3;5;10111;65;8;97;23.0;7;0;1;0;0;0
3840;344;20221208;1;200;30;30;40;42;;38;0;0;0;0;10101;65;8;97;;5;0;0;0;0;0
3841;344;20221208;2;230;30;30;60;42;;37;0;0;1;1;10097;65;8;96;23.0;7;0;1;0;0;0
3842;344;20221208;3;280;40;30;90;43;;38;0;0;6;6;10093;65;8;96;81.0;7;0;1;0;0;0
3843;344;20221208;4;260;30;40;70;49;;35;0;0;4;3;10088;70;8;90;51.0;7;0;1;0;0;0
3844;344;20221208;5;300;60;30;120;36;;32;0;0;8;29;10084;65;8;97;24.0;7;0;1;1;0;0
3845;344;20221208;6;290;50;60;100;37;27.0;31;0;0;0;-1;10085;65;8;96;81.0;7;0;1;0;0;0
3846;344;20221208;7;250;40;30;90;32;;28;0;0;9;11;10082;65;8;97;61.0;7;0;1;1;0;0
3847;344;20221208;8;240;40;40;50;33;;29;0;1;3;1;10081;65;8;97;23.0;7;0;1;0;0;0
3848;344;20221208;9;280;40;50;70;25;;21;0;7;2;1;10085;61;8;97;81.0;7;0;1;0;0;0
3849;344;20221208;10;210;30;30;60;22;;18;0;8;7;15;10083;65;8;97;81.0;7;0;1;1;0;0
3850;344;20221208;11;200;20;20;40;28;;24;0;20;7;3;10078;65;8;97;81.0;7;0;1;0;0;0
3851;344;20221208;12;330;30;40;80;16;18.0;13;0;24;3;15;10079;19;8;98;68.0;7;0;1;1;0;0
3852;344;20221208;13;190;20;40;60;35;;31;2;31;2;8;10067;65;3;97;24.0;7;0;1;1;0;0
3853;344;20221208;14;210;50;50;80;32;;28;3;22;5;3;10065;65;7;97;51.0;7;0;1;0;0;0
3854;344;20221208;15;210;40;30;70;26;;22;2;11;7;12;10066;60;8;97;81.0;7;0;1;1;0;0
3855;344;20221208;16;210;30;40;60;19;;15;0;1;1;1;10064;65;1;97;23.0;7;0;1;0;0;0
3856;344;20221208;17;200;40;50;70;25;;21;0;0;4;2;10061;62;8;97;57.0;7;0;1;0;0;0
3857;344;20221208;18;190;50;50;70;19;5.0;15;0;0;8;4;10057;65;4;97;23.0;7;0;1;0;0;0
3858;344;20221208;19;200;40;40;80;22;;18;0;0;0;0;10056;65;5;97;;5;0;0;0;0;0
3859;344;20221208;20;330;30;40;60;17;;13;0;0;0;0;10060;65;0;97;;5;0;0;0;0;0
3860;344;20221208;21;340;30;20;50;4;;1;0;0;0;0;10066;56;0;98;10.0;7;0;0;0;0;0
3861;344;20221208;22;90;10;10;30;-14;;-17;0;0;0;0;10069;24;0;98;10.0;7;0;0;0;0;0
3862;344;20221208;23;10;20;20;30;1;;1;0;0;0;0;10068;1;9;100;34.0;7;1;0;0;0;1
3863;344;20221208;24;40;20;20;40;3;-20.0;3;0;0;0;0;10068;1;9;100;33.0;7;1;0;0;0;0
3864;344;20221209;1;70;20;20;40;1;;1;0;0;0;0;10070;1;9;100;33.0;7;1;0;0;0;0
3865;344;20221209;2;110;20;20;30;1;;1;0;0;0;0;10070;3;9;100;32.0;7;1;0;0;0;0
3866;344;20221209;3;100;20;20;30;3;;0;0;0;0;0;10067;20;8;98;20.0;7;1;0;0;0;0
3867;344;20221209;4;120;20;20;40;2;;-1;0;0;0;0;10064;36;8;98;10.0;7;0;0;0;0;0
3868;344;20221209;5;110;20;20;30;1;;-2;0;0;0;0;10064;29;8;98;10.0;7;0;0;0;0;0
3869;344;20221209;6;130;20;20;40;0;-4.0;-3;0;0;0;0;10062;49;8;98;10.0;7;0;0;0;0;0
3870;344;20221209;7;0;10;0;30;-5;;-8;0;0;0;0;10063;35;8;98;10.0;7;0;0;0;0;0
3871;344;20221209;8;0;0;0;10;-13;;-16;0;1;0;0;10064;16;0;98;20.0;7;1;0;0;0;1
3872;344;20221209;9;190;10;10;20;-4;;-7;8;25;0;0;10064;23;5;98;20.0;7;1;0;0;0;1
3873;344;20221209;10;210;10;20;40;12;;9;10;56;0;0;10068;42;7;98;10.0;7;0;0;0;0;0
3874;344;20221209;11;160;20;20;30;15;;12;0;38;0;0;10065;48;8;98;10.0;7;0;0;0;0;0
3875;344;20221209;12;250;20;10;30;24;-21.0;20;5;67;0;0;10063;44;6;97;10.0;7;0;0;0;0;0
3876;344;20221209;13;290;10;10;20;29;;20;3;48;0;0;10062;56;8;93;10.0;7;0;0;0;0;0
3877;344;20221209;14;0;10;0;20;34;;19;5;39;0;0;10057;56;1;90;10.0;7;0;0;0;0;0
3878;344;20221209;15;160;20;20;50;23;;14;8;21;0;0;10060;57;1;93;10.0;7;0;0;0;0;0
3879;344;20221209;16;180;20;20;40;10;;7;0;2;0;0;10062;57;0;98;10.0;7;0;0;0;0;0
3880;344;20221209;17;180;20;20;50;2;;-1;0;0;0;0;10064;40;0;98;10.0;7;0;0;0;0;0
3881;344;20221209;18;180;20;20;40;0;-26.0;-3;0;0;0;0;10066;36;0;98;10.0;7;0;0;0;0;0
3882;344;20221209;19;200;30;30;50;-9;;-12;0;0;0;0;10070;16;1;98;10.0;7;0;0;0;0;0
3883;344;20221209;20;180;30;30;40;-6;;-9;0;0;0;0;10070;28;0;98;10.0;7;0;0;0;0;0
3884;344;20221209;21;190;30;30;50;-3;;-6;0;0;0;0;10074;23;8;98;10.0;7;0;0;0;0;0
3885;344;20221209;22;270;20;10;50;-5;;-8;0;0;0;-1;10081;14;8;98;77.0;7;0;0;1;0;0
3886;344;20221209;23;190;20;20;40;-2;;-5;0;0;5;7;10079;22;8;98;24.0;7;1;0;1;0;1
3887;344;20221209;24;200;40;30;60;-6;-25.0;-9;0;0;0;0;10079;25;8;98;10.0;7;0;0;0;0;0
3888;344;20221210;1;200;30;30;50;-12;;-15;0;0;0;0;10080;26;2;98;10.0;7;0;0;0;0;0
3889;344;20221210;2;220;30;30;50;-2;;-5;0;0;0;0;10084;13;8;98;10.0;7;0;0;0;0;0
3890;344;20221210;3;200;30;30;40;-1;;-1;0;0;0;0;10083;2;9;100;35.0;7;1;0;0;0;1
3891;344;20221210;4;200;30;30;50;-1;;-1;0;0;0;0;10083;1;9;100;35.0;7;1;0;0;0;1
3892;344;20221210;5;190;30;20;40;0;;0;0;0;0;0;10084;1;9;100;33.0;7;1;0;0;0;1
3893;344;20221210;6;190;20;30;40;-1;-22.0;-1;0;0;0;0;10083;1;9;100;35.0;7;1;0;0;0;1
3894;344;20221210;7;190;30;40;80;-1;;-1;0;0;0;0;10088;4;9;100;35.0;7;1;0;0;0;1
3895;344;20221210;8;170;30;30;70;-1;;-1;0;1;0;0;10091;3;9;100;35.0;7;1;0;0;0;1
3896;344;20221210;9;190;40;40;50;-3;;-3;0;7;0;0;10097;7;9;100;35.0;7;1;0;0;0;1
3897;344;20221210;10;180;40;40;70;-4;;-4;0;16;0;0;10100;6;9;100;35.0;7;1;0;0;0;1
3898;344;20221210;11;190;40;40;70;-1;;-4;0;18;0;-1;10101;23;8;98;64.0;7;1;1;0;0;1
3899;344;20221210;12;180;40;40;70;2;0.0;2;0;20;0;-1;10100;8;9;100;34.0;7;1;1;0;0;1
3900;344;20221210;13;180;40;40;90;4;;1;0;14;0;0;10099;15;8;98;20.0;7;1;0;0;0;0
3901;344;20221210;14;180;40;40;70;12;;9;0;9;0;0;10100;24;8;98;10.0;7;0;0;0;0;0
3902;344;20221210;15;170;40;40;70;15;;12;0;5;0;0;10101;21;8;98;10.0;7;0;0;0;0;0
3903;344;20221210;16;180;40;50;80;17;;14;0;1;0;0;10103;24;8;98;10.0;7;0;0;0;0;0
3904;344;20221210;17;180;40;40;60;19;;16;0;0;0;0;10104;27;8;98;10.0;7;0;0;0;0;0
3905;344;20221210;18;180;30;30;60;16;2.0;13;0;0;0;0;10105;58;7;98;10.0;7;0;0;0;0;0
3906;344;20221210;19;190;40;50;80;20;;17;0;0;0;0;10104;56;8;98;10.0;7;0;0;0;0;0
3907;344;20221210;20;190;40;30;70;21;;18;0;0;0;0;10106;50;8;98;10.0;7;0;0;0;0;0
3908;344;20221210;21;190;40;40;60;21;;18;0;0;0;0;10107;56;8;98;10.0;7;0;0;0;0;0
3909;344;20221210;22;180;40;40;60;19;;16;0;0;0;0;10108;50;8;98;10.0;7;0;0;0;0;0
3910;344;20221210;23;180;40;40;70;20;;17;0;0;0;0;10105;50;8;98;10.0;7;0;0;0;0;0
3911;344;20221210;24;180;40;30;60;21;6.0;18;0;0;0;-1;10106;56;8;98;51.0;7;0;1;0;0;0
3912;344;20221211;1;190;30;30;60;20;;17;0;0;0;-1;10106;59;8;98;22.0;7;0;1;0;0;0
3913;344;20221211;2;190;40;30;70;16;;13;0;0;0;0;10105;58;8;98;10.0;7;0;0;0;0;0
3914;344;20221211;3;190;30;30;50;18;;16;0;0;0;0;10103;58;8;98;10.0;7;0;0;0;0;0
3915;344;20221211;4;200;30;30;60;18;;13;0;0;0;0;10100;60;8;96;;5;0;0;0;0;0
3916;344;20221211;5;190;30;40;50;17;;5;0;0;0;0;10098;65;8;91;;5;0;0;0;0;0
3917;344;20221211;6;170;30;30;60;17;14.0;11;0;0;0;0;10095;62;8;95;2.0;7;0;0;0;0;0
3918;344;20221211;7;160;30;40;100;17;;11;0;0;0;0;10097;60;8;95;;5;0;0;0;0;0
3919;344;20221211;8;180;30;40;80;19;;3;0;1;0;0;10099;64;8;89;;5;0;0;0;0;0
3920;344;20221211;9;170;40;40;70;19;;9;0;7;0;0;10098;60;8;93;;5;0;0;0;0;0
3921;344;20221211;10;160;40;40;60;21;;16;0;19;0;0;10098;58;8;96;10.0;7;0;0;0;0;0
3922;344;20221211;11;170;40;40;60;24;;14;0;28;0;0;10093;59;8;93;10.0;7;0;0;0;0;0
3923;344;20221211;12;180;40;50;70;24;12.0;10;0;34;0;0;10092;58;8;90;10.0;7;0;0;0;0;0
3924;344;20221211;13;190;40;30;60;20;;3;0;19;0;0;10091;61;8;88;;5;0;0;0;0;0
3925;344;20221211;14;180;30;30;60;18;;3;0;13;0;0;10091;60;8;89;;5;0;0;0;0;0
3926;344;20221211;15;190;30;40;60;17;;0;0;6;0;0;10093;61;8;88;;5;0;0;0;0;0
3927;344;20221211;16;170;40;40;80;15;;-9;0;0;0;0;10096;63;8;83;;5;0;0;0;0;0
3928;344;20221211;17;140;30;30;80;14;;-11;0;0;0;0;10094;64;8;83;;5;0;0;0;0;0
3929;344;20221211;18;150;30;30;60;15;10.0;-8;0;0;0;0;10095;62;8;84;;5;0;0;0;0;0
3930;344;20221211;19;150;30;30;50;13;;-7;0;0;0;0;10095;61;8;86;;5;0;0;0;0;0
3931;344;20221211;20;140;30;40;50;12;;-4;0;0;0;0;10095;61;8;89;;5;0;0;0;0;0
3932;344;20221211;21;150;30;30;40;13;;-2;0;0;0;0;10097;61;8;90;;5;0;0;0;0;0
3933;344;20221211;22;160;30;30;50;12;;3;0;0;0;0;10099;60;8;93;;5;0;0;0;0;0
3934;344;20221211;23;140;30;20;50;12;;2;0;0;0;0;10100;60;8;92;;5;0;0;0;0;0
3935;344;20221211;24;160;20;20;30;8;3.0;-2;0;0;0;0;10101;61;8;93;;5;0;0;0;0;0
3936;344;20221212;1;150;20;20;40;1;;-4;0;0;0;0;10102;60;4;96;;5;0;0;0;0;0
3937;344;20221212;2;160;20;20;40;-8;;-10;0;0;0;0;10106;58;1;98;10.0;7;0;0;0;0;0
3938;344;20221212;3;150;20;20;30;-11;;-14;0;0;0;0;10108;57;5;98;10.0;7;0;0;0;0;0
3939;344;20221212;4;150;20;20;30;-15;;-17;0;0;0;0;10108;58;2;98;10.0;7;0;0;0;0;0
3940;344;20221212;5;150;20;20;30;-21;;-24;0;0;0;0;10110;59;0;97;10.0;7;0;0;0;0;0
3941;344;20221212;6;150;20;20;30;-30;-47.0;-32;0;0;0;0;10113;57;0;98;10.0;7;0;0;0;0;0
3942;344;20221212;7;160;20;20;50;-25;;-29;0;0;0;0;10116;59;1;97;10.0;7;0;0;0;0;0
3943;344;20221212;8;160;20;20;40;-29;;-31;0;1;0;0;10122;58;0;98;10.0;7;0;0;0;0;0
3944;344;20221212;9;160;20;30;40;-19;;-24;8;20;0;0;10124;58;2;96;10.0;7;0;0;0;0;0
3945;344;20221212;10;160;30;30;50;-10;;-18;7;57;0;0;10124;58;2;94;10.0;7;0;0;0;0;0
3946;344;20221212;11;170;30;30;60;-3;;-20;10;109;0;0;10121;61;1;88;;5;0;0;0;0;0
3947;344;20221212;12;180;30;30;50;3;-50.0;-18;10;113;0;0;10121;62;3;86;;5;0;0;0;0;0
3948;344;20221212;13;180;30;20;40;11;;-20;10;97;0;0;10117;66;1;80;;5;0;0;0;0;0
3949;344;20221212;14;200;20;30;40;14;;-24;10;68;0;0;10117;70;0;75;;5;0;0;0;0;0
3950;344;20221212;15;150;20;20;30;8;;-25;8;31;0;0;10120;71;0;78;;5;0;0;0;0;0
3951;344;20221212;16;150;20;20;40;-8;;-29;0;3;0;0;10122;66;0;85;;5;0;0;0;0;0
3952;344;20221212;17;110;10;10;30;-18;;-33;0;0;0;0;10121;63;1;90;;5;0;0;0;0;0
3953;344;20221212;18;110;20;10;30;-23;-48.0;-28;0;0;0;0;10122;61;0;96;;5;0;0;0;0;0
3954;344;20221212;19;50;10;10;20;-37;;-40;0;0;0;0;10124;58;0;98;10.0;7;0;0;0;0;0
3955;344;20221212;20;60;10;10;20;-43;;-46;0;0;0;0;10123;57;0;98;10.0;7;0;0;0;0;0
3956;344;20221212;21;0;10;0;10;-48;;-51;0;0;0;0;10125;56;0;98;10.0;7;0;0;0;0;0
3957;344;20221212;22;0;10;0;20;-44;;-47;0;0;0;0;10125;57;0;98;10.0;7;0;0;0;0;0
3958;344;20221212;23;60;0;10;10;-49;;-52;0;0;0;0;10125;41;0;98;10.0;7;0;0;0;0;0
3959;344;20221212;24;0;10;0;10;-57;-65.0;-60;0;0;0;0;10123;50;0;98;10.0;7;0;0;0;0;0
3960;344;20221213;1;60;10;10;10;-56;;-59;0;0;0;0;10119;56;0;98;10.0;7;0;0;0;0;0
3961;344;20221213;2;60;10;10;10;-59;;-62;0;0;0;0;10118;57;0;98;10.0;7;0;0;0;0;0
3962;344;20221213;3;50;10;10;10;-66;;-69;0;0;0;0;10115;56;0;98;10.0;7;0;0;0;0;0
3963;344;20221213;4;70;10;10;20;-58;;-61;0;0;0;0;10115;56;0;98;10.0;7;0;0;0;0;0
3964;344;20221213;5;90;20;20;30;-56;;-59;0;0;0;0;10112;57;0;98;10.0;7;0;0;0;0;0
3965;344;20221213;6;80;10;20;20;-58;-82.0;-61;0;0;0;0;10110;50;0;98;10.0;7;0;0;0;0;0
3966;344;20221213;7;90;20;10;30;-59;;-62;0;0;0;0;10111;56;0;98;10.0;7;0;0;0;0;0
3967;344;20221213;8;50;10;20;20;-57;;-60;0;1;0;0;10112;56;1;98;10.0;7;0;0;0;0;0
3968;344;20221213;9;80;20;10;20;-46;;-49;8;20;0;0;10115;57;8;98;10.0;7;0;0;0;0;0
3969;344;20221213;10;90;20;20;30;-22;;-27;10;49;0;0;10114;60;8;95;;5;0;0;0;0;0
3970;344;20221213;11;90;20;20;30;-12;;-26;7;58;0;0;10108;61;8;90;;5;0;0;0;0;0
3971;344;20221213;12;70;20;20;40;-4;-82.0;-24;10;72;0;0;10101;62;8;86;;5;0;0;0;0;0
3972;344;20221213;13;90;30;30;40;-8;;-31;5;57;0;0;10099;63;8;84;;5;0;0;0;0;0
3973;344;20221213;14;100;30;20;40;-12;;-25;0;23;0;0;10094;60;8;90;;5;0;0;0;0;0
3974;344;20221213;15;90;40;40;50;-15;;-29;0;10;0;0;10089;60;8;89;;5;0;0;0;0;0
3975;344;20221213;16;90;30;30;50;-19;;-30;0;1;0;0;10086;59;8;92;10.0;7;0;0;0;0;0
3976;344;20221213;17;90;40;40;60;-21;;-32;0;0;0;0;10084;59;8;92;10.0;7;0;0;0;0;0
3977;344;20221213;18;80;30;30;50;-24;-31.0;-33;0;0;0;0;10081;58;8;93;10.0;7;0;0;0;0;0
3978;344;20221213;19;100;30;20;40;-23;;-33;0;0;0;0;10078;58;8;92;10.0;7;0;0;0;0;0
3979;344;20221213;20;90;20;30;40;-32;;-45;0;0;0;0;10071;60;8;90;;5;0;0;0;0;0
3980;344;20221213;21;100;30;30;60;-22;;-40;0;0;0;0;10062;61;8;87;;5;0;0;0;0;0
3981;344;20221213;22;80;30;20;50;-25;;-42;0;0;0;0;10058;62;8;88;;5;0;0;0;0;0
3982;344;20221213;23;90;30;30;50;-23;;-43;0;0;0;0;10054;63;8;86;;5;0;0;0;0;0
3983;344;20221213;24;90;30;30;40;-23;-44.0;-43;0;0;0;0;10050;64;8;86;;5;0;0;0;0;0
3984;344;20221214;1;80;20;20;40;-26;;-46;0;0;0;0;10042;65;8;85;;5;0;0;0;0;0
3985;344;20221214;2;80;20;20;40;-30;;-49;0;0;0;0;10041;67;8;87;;5;0;0;0;0;0
3986;344;20221214;3;80;20;20;30;-41;;-57;0;0;0;0;10040;68;8;88;;5;0;0;0;0;0
3987;344;20221214;4;80;20;20;30;-42;;-58;0;0;0;0;10032;70;8;89;;5;0;0;0;0;0
3988;344;20221214;5;70;20;20;30;-38;;-56;0;0;0;0;10028;70;8;87;;5;0;0;0;0;0
3989;344;20221214;6;50;20;30;40;-51;-64.0;-63;0;0;0;0;10027;63;8;91;;5;0;0;0;0;0
3990;344;20221214;7;60;30;30;40;-55;;-63;0;0;0;0;10026;63;0;94;;5;0;0;0;0;0
3991;344;20221214;8;50;10;10;30;-62;;-73;0;0;0;0;10029;65;0;91;;5;0;0;0;0;0
3992;344;20221214;9;40;10;10;20;-44;;-62;5;20;0;0;10031;64;0;87;;5;0;0;0;0;0
3993;344;20221214;10;20;20;20;30;-23;;-57;10;50;0;0;10034;70;0;77;;5;0;0;0;0;0
3994;344;20221214;11;40;20;20;30;-12;;-50;10;92;0;0;10031;71;0;75;;5;0;0;0;0;0
3995;344;20221214;12;360;20;20;30;-1;-80.0;-57;10;100;0;0;10033;78;0;66;;5;0;0;0;0;0
3996;344;20221214;13;340;10;10;20;10;;-57;10;92;0;0;10034;82;0;60;;5;0;0;0;0;0
3997;344;20221214;14;340;10;10;20;11;;-47;10;68;0;0;10035;80;0;65;;5;0;0;0;0;0
3998;344;20221214;15;10;10;10;10;10;;-49;8;29;0;0;10037;74;0;64;;5;0;0;0;0;0
3999;344;20221214;16;220;10;10;20;-35;;-63;0;1;0;0;10041;70;0;81;;5;0;0;0;0;0
4000;344;20221214;17;230;10;10;20;-42;;-60;0;0;0;0;10043;70;0;87;;5;0;0;0;0;0
4001;344;20221214;18;200;10;10;20;-44;-70.0;-64;0;0;0;0;10043;68;0;86;;5;0;0;0;0;0
4002;344;20221214;19;180;10;20;20;-45;;-60;0;0;0;0;10044;66;0;88;;5;0;0;0;0;0
4003;344;20221214;20;200;10;10;20;-48;;-57;0;0;0;0;10051;64;3;93;;5;0;0;0;0;0
4004;344;20221214;21;280;10;30;50;-43;;-50;0;0;0;0;10058;65;6;95;;5;0;0;0;0;0
4005;344;20221214;22;220;20;20;40;-23;;-27;0;0;2;2;10056;62;4;97;24.0;7;0;0;1;0;0
4006;344;20221214;23;170;10;10;30;-29;;-33;0;0;0;0;10060;60;8;97;;5;0;0;0;0;0
4007;344;20221214;24;180;10;20;20;-39;-72.0;-42;0;0;0;0;10061;50;0;98;10.0;7;0;0;0;0;0
4008;344;20221215;1;170;10;10;20;-45;;-48;0;0;0;0;10063;12;1;98;10.0;7;0;0;0;0;0
4009;344;20221215;2;160;10;20;20;-55;;-58;0;0;0;0;10067;34;0;98;20.0;7;1;0;0;0;1
4010;344;20221215;3;180;10;10;20;-46;;-49;0;0;0;0;10071;50;4;98;10.0;7;0;0;0;0;0
4011;344;20221215;4;200;20;20;20;-34;;-37;0;0;0;0;10072;10;1;98;10.0;7;0;0;0;0;0
4012;344;20221215;5;210;10;10;20;-36;;-39;0;0;0;0;10072;32;1;98;10.0;7;0;0;0;0;0
4013;344;20221215;6;210;10;10;20;-40;-73.0;-43;0;0;0;0;10076;34;1;98;10.0;7;0;0;0;0;0
4014;344;20221215;7;200;10;10;20;-37;;-40;0;0;0;0;10078;42;1;98;20.0;7;1;0;0;0;1
4015;344;20221215;8;180;10;10;40;-43;;-46;0;1;0;0;10081;44;1;98;10.0;7;0;0;0;0;0
4016;344;20221215;9;170;20;20;30;-11;;-14;7;20;0;0;10086;59;0;98;10.0;7;0;0;0;0;0
4017;344;20221215;10;200;20;30;40;17;;11;10;50;0;0;10089;61;2;96;;5;0;0;0;0;0
4018;344;20221215;11;190;20;30;60;23;;17;3;45;0;0;10091;63;0;96;;5;0;0;0;0;0
4019;344;20221215;12;220;40;40;50;39;-71.0;22;8;74;0;-1;10089;70;4;88;22.0;7;0;1;0;0;0
4020;344;20221215;13;240;30;40;50;52;;22;10;76;0;0;10083;70;0;81;;5;0;0;0;0;0
4021;344;20221215;14;240;40;40;60;50;;17;10;57;0;0;10080;75;0;79;;5;0;0;0;0;0
4022;344;20221215;15;240;30;30;60;29;;5;8;27;0;0;10078;70;3;84;;5;0;0;0;0;0
4023;344;20221215;16;220;20;20;40;4;;-5;0;3;0;0;10077;65;0;94;;5;0;0;0;0;0
4024;344;20221215;17;190;20;20;30;7;;3;0;0;0;0;10079;61;0;97;;5;0;0;0;0;0
4025;344;20221215;18;260;20;20;40;9;-31.0;6;0;0;2;1;10083;45;8;98;81.0;7;0;1;0;0;0
4026;344;20221215;19;170;20;20;30;-6;;-9;0;0;0;-1;10084;50;0;98;23.0;7;0;1;0;0;0
4027;344;20221215;20;180;20;30;40;7;;4;0;0;0;0;10088;58;8;98;10.0;7;0;0;0;0;0
4028;344;20221215;21;170;20;20;50;6;;3;0;0;0;-1;10091;59;4;98;23.0;7;0;1;0;0;0
4029;344;20221215;22;220;20;20;40;14;;11;0;0;5;3;10093;50;8;98;81.0;7;0;1;0;0;0
4030;344;20221215;23;340;10;10;30;7;;3;0;0;0;-1;10096;62;7;97;23.0;7;0;1;0;0;0
4031;344;20221215;24;360;30;30;50;7;-34.0;3;0;0;0;0;10099;65;1;97;1.0;7;0;0;0;0;0
4032;344;20221216;1;10;40;40;70;12;;8;0;0;0;0;10104;65;2;97;;5;0;0;0;0;0
4033;344;20221216;2;10;30;30;60;6;;0;0;0;0;0;10111;65;0;95;;5;0;0;0;0;0
4034;344;20221216;3;360;30;30;50;4;;-10;0;0;0;0;10115;70;0;90;;5;0;0;0;0;0
4035;344;20221216;4;30;30;20;50;1;;-15;0;0;0;0;10120;70;0;89;;5;0;0;0;0;0
4036;344;20221216;5;0;10;0;30;-33;;-37;0;0;0;0;10126;65;0;97;;5;0;0;0;0;0
4037;344;20221216;6;300;10;10;10;-36;-55.0;-40;0;0;0;0;10132;65;6;97;;5;0;0;0;0;0
4038;344;20221216;7;310;10;10;20;-27;;-31;0;0;0;0;10137;65;7;97;;5;0;0;0;0;0
4039;344;20221216;8;310;10;10;20;-22;;-26;0;1;0;0;10146;65;6;97;;5;0;0;0;0;0
4040;344;20221216;9;320;10;10;10;-18;;-22;8;20;0;0;10151;65;0;97;;5;0;0;0;0;0
4041;344;20221216;10;250;10;10;10;15;;1;10;50;0;0;10160;63;0;90;;5;0;0;0;0;0
4042;344;20221216;11;290;10;20;20;32;;3;10;70;0;0;10163;70;0;81;;5;0;0;0;0;0
4043;344;20221216;12;20;20;20;40;44;-52.0;-12;10;80;0;0;10162;80;0;67;;5;0;0;0;0;0
4044;344;20221216;13;30;30;30;50;42;;-13;10;76;0;0;10167;80;0;67;;5;0;0;0;0;0
4045;344;20221216;14;30;30;30;50;39;;-18;10;57;0;0;10170;80;1;66;;5;0;0;0;0;0
4046;344;20221216;15;30;20;20;40;27;;-18;5;20;0;0;10179;75;0;71;;5;0;0;0;0;0
4047;344;20221216;16;10;20;10;30;3;;-20;0;1;0;0;10184;70;0;84;;5;0;0;0;0;0
4048;344;20221216;17;20;10;10;10;-22;;-26;0;0;0;0;10190;65;0;97;;5;0;0;0;0;0
4049;344;20221216;18;990;10;10;10;-35;-57.0;-39;0;0;0;0;10195;65;6;97;;5;0;0;0;0;0
4050;344;20221216;19;0;10;0;20;-38;;-42;0;0;0;0;10199;65;0;97;;5;0;0;0;0;0
4051;344;20221216;20;0;0;0;10;-44;;-47;0;0;0;0;10204;59;0;98;10.0;7;0;0;0;0;0
4052;344;20221216;21;0;10;0;10;-46;;-49;0;0;0;0;10208;58;0;98;10.0;7;0;0;0;0;0
4053;344;20221216;22;190;10;10;20;-46;;-49;0;0;0;0;10212;58;0;98;10.0;7;0;0;0;0;0
4054;344;20221216;23;120;10;10;10;-52;;-55;0;0;0;0;10218;57;0;98;10.0;7;0;0;0;0;0
4055;344;20221216;24;130;10;10;10;-55;-67.0;-58;0;0;0;0;10218;50;0;98;10.0;7;0;0;0;0;0
4056;344;20221217;1;140;10;20;30;-53;;-56;0;0;0;0;10218;44;1;98;10.0;7;0;0;0;0;0
4057;344;20221217;2;150;10;10;20;-60;;-63;0;0;0;0;10223;58;1;98;10.0;7;0;0;0;0;0
4058;344;20221217;3;140;10;20;20;-37;;-40;0;0;0;0;10227;59;0;98;10.0;7;0;0;0;0;0
4059;344;20221217;4;160;20;30;40;-38;;-41;0;0;0;0;10230;58;6;98;10.0;7;0;0;0;0;0
4060;344;20221217;5;170;30;40;50;-25;;-28;0;0;0;0;10230;58;4;97;10.0;7;0;0;0;0;0
4061;344;20221217;6;170;30;20;50;-21;-75.0;-23;0;0;0;0;10235;57;8;98;10.0;7;0;0;0;0;0
4062;344;20221217;7;160;30;30;50;-22;;-26;0;0;0;0;10236;58;2;97;10.0;7;0;0;0;0;0
4063;344;20221217;8;170;30;30;50;-22;;-28;0;1;0;0;10244;59;4;95;10.0;7;0;0;0;0;0
4064;344;20221217;9;160;40;50;60;-21;;-27;3;20;0;0;10247;58;0;95;10.0;7;0;0;0;0;0
4065;344;20221217;10;190;40;30;60;-12;;-25;10;82;0;0;10254;59;0;90;10.0;7;0;0;0;0;0
4066;344;20221217;11;190;30;30;50;1;;-19;10;105;0;0;10254;59;1;86;10.0;7;0;0;0;0;0
4067;344;20221217;12;180;40;50;70;4;-42.0;-15;10;110;0;0;10251;60;1;87;;5;0;0;0;0;0
4068;344;20221217;13;180;40;40;70;8;;-12;10;93;0;0;10252;60;0;86;;5;0;0;0;0;0
4069;344;20221217;14;170;40;40;60;8;;-13;10;66;0;0;10249;60;1;85;;5;0;0;0;0;0
4070;344;20221217;15;160;40;40;90;-2;;-13;8;29;0;0;10254;57;1;92;10.0;7;0;0;0;0;0
4071;344;20221217;16;160;40;40;80;-16;;-20;0;2;0;0;10261;43;8;96;10.0;7;0;0;0;0;0
4072;344;20221217;17;160;30;20;70;-23;;-26;0;0;0;0;10261;29;8;98;10.0;7;0;0;0;0;0
4073;344;20221217;18;150;30;30;50;-27;-37.0;-30;0;0;0;0;10262;24;8;98;10.0;7;0;0;0;0;0
4074;344;20221217;19;160;30;30;60;-26;;-29;0;0;0;0;10266;18;8;98;10.0;7;0;0;0;0;0
4075;344;20221217;20;160;40;30;60;-28;;-31;0;0;0;0;10269;19;8;98;10.0;7;0;0;0;0;0
4076;344;20221217;21;140;30;30;50;-31;;-34;0;0;0;0;10271;27;8;98;10.0;7;0;0;0;0;0
4077;344;20221217;22;160;30;20;50;-37;;-40;0;0;0;0;10276;31;8;98;10.0;7;0;0;0;0;0
4078;344;20221217;23;150;30;30;50;-37;;-40;0;0;0;0;10277;28;8;98;10.0;7;0;0;0;0;0
4079;344;20221217;24;160;30;30;50;-40;-55.0;-43;0;0;0;0;10270;27;4;98;10.0;7;0;0;0;0;0
4080;344;20221218;1;150;20;20;50;-46;;-49;0;0;0;0;10272;28;6;98;10.0;7;0;0;0;0;0
4081;344;20221218;2;130;20;10;30;-51;;-54;0;0;0;0;10275;26;5;98;10.0;7;0;0;0;0;0
4082;344;20221218;3;110;20;20;40;-54;;-57;0;0;0;0;10270;26;7;98;10.0;7;0;0;0;0;0
4083;344;20221218;4;90;20;20;30;-56;;-59;0;0;0;0;10268;30;8;98;10.0;7;0;0;0;0;0
4084;344;20221218;5;80;10;10;20;-64;;-67;0;0;0;0;10268;33;8;98;10.0;7;0;0;0;0;0
4085;344;20221218;6;80;20;20;30;-74;-86.0;-77;0;0;0;0;10266;45;8;98;10.0;7;0;0;0;0;0
4086;344;20221218;7;100;20;30;50;-56;;-62;0;0;0;0;10258;58;8;96;10.0;7;0;0;0;0;0
4087;344;20221218;8;110;30;20;50;-53;;-65;0;1;0;0;10251;62;8;91;;5;0;0;0;0;0
4088;344;20221218;9;120;20;10;40;-49;;-62;7;14;0;0;10256;63;8;90;;5;0;0;0;0;0
4089;344;20221218;10;110;30;30;40;-39;;-50;0;20;0;0;10250;63;8;92;;5;0;0;0;0;0
4090;344;20221218;11;110;20;30;40;-30;;-45;0;21;0;0;10244;66;8;89;;5;0;0;0;0;0
4091;344;20221218;12;110;30;40;50;-26;-86.0;-43;0;24;0;0;10233;65;8;88;;5;0;0;0;0;0
4092;344;20221218;13;130;30;30;50;-15;;-42;0;16;0;0;10227;68;8;81;;5;0;0;0;0;0
4093;344;20221218;14;130;40;40;60;-12;;-40;0;10;0;0;10218;70;8;81;;5;0;0;0;0;0
4094;344;20221218;15;140;40;40;70;-9;;-38;0;6;0;0;10209;70;8;80;;5;0;0;0;0;0
4095;344;20221218;16;150;50;60;110;-4;;-38;0;1;0;0;10205;71;8;78;;5;0;0;0;0;0
4096;344;20221218;17;150;60;60;90;-3;;-33;0;0;0;0;10200;68;8;80;;5;0;0;0;0;0
4097;344;20221218;18;160;60;50;100;0;-25.0;-30;0;0;0;0;10198;66;8;80;;5;0;0;0;0;0
4098;344;20221218;19;170;60;70;90;1;;-14;0;0;9;1;10196;57;8;89;64.0;7;0;1;0;0;1
4099;344;20221218;20;160;70;70;110;3;;-6;0;0;10;5;10194;56;8;93;81.0;7;0;1;0;0;1
4100;344;20221218;21;170;70;60;100;6;;3;0;0;10;12;10186;38;8;98;61.0;7;0;1;0;0;0
4101;344;20221218;22;160;70;70;100;10;;7;0;0;10;9;10179;56;8;98;61.0;7;0;1;0;0;0
4102;344;20221218;23;160;70;70;100;14;;11;0;0;7;2;10168;28;8;98;61.0;7;0;1;0;0;0
4103;344;20221218;24;170;80;80;110;22;-4.0;19;0;0;10;4;10160;28;8;98;58.0;7;0;1;0;0;0
4104;344;20221219;1;170;70;70;110;26;;23;0;0;9;2;10151;34;8;98;51.0;7;0;1;0;0;0
4105;344;20221219;2;170;70;70;100;31;;28;0;0;6;2;10145;46;8;98;81.0;7;0;1;0;0;0
4106;344;20221219;3;170;70;80;110;41;;38;0;0;10;6;10135;44;8;98;58.0;7;0;1;0;0;0
4107;344;20221219;4;180;70;70;110;49;;46;0;0;10;10;10132;37;8;98;58.0;7;0;1;0;0;0
4108;344;20221219;5;190;80;80;120;62;;59;0;0;10;13;10131;40;8;98;58.0;7;0;1;0;0;0
4109;344;20221219;6;190;80;80;120;65;19.0;62;0;0;10;6;10126;27;8;98;61.0;7;0;1;0;0;0
4110;344;20221219;7;190;80;90;130;72;;68;0;0;6;4;10131;65;8;97;61.0;7;0;1;0;0;0
4111;344;20221219;8;190;80;80;130;73;;70;0;0;10;8;10127;50;8;98;61.0;7;0;1;0;0;0
4112;344;20221219;9;190;80;80;120;78;;74;0;3;9;7;10139;65;8;97;51.0;7;0;1;0;0;0
4113;344;20221219;10;190;90;90;140;83;;79;0;12;4;1;10138;65;8;96;51.0;7;0;1;0;0;0
4114;344;20221219;11;190;80;80;140;85;;80;0;16;6;2;10136;65;8;96;51.0;7;0;1;0;0;0
4115;344;20221219;12;190;80;70;130;83;60.0;80;0;20;8;5;10133;41;8;98;81.0;7;0;1;0;0;0
4116;344;20221219;13;190;80;80;120;92;;77;0;25;0;-1;10125;70;8;90;23.0;7;0;1;0;0;0
4117;344;20221219;14;190;80;80;120;97;;77;0;20;0;-1;10119;70;8;86;23.0;7;0;1;0;0;0
4118;344;20221219;15;190;80;90;140;96;;73;3;10;0;0;10122;70;8;85;2.0;7;0;0;0;0;0
4119;344;20221219;16;190;80;80;130;96;;74;0;2;0;0;10120;70;8;86;;5;0;0;0;0;0
4120;344;20221219;17;190;80;80;120;95;;74;0;0;0;0;10118;70;8;86;;5;0;0;0;0;0
4121;344;20221219;18;190;70;70;120;96;80.0;76;0;0;0;0;10120;70;8;87;2.0;7;0;0;0;0;0
4122;344;20221219;19;200;70;60;110;95;;77;0;0;0;0;10123;70;8;88;;5;0;0;0;0;0
4123;344;20221219;20;190;70;70;110;97;;78;0;0;0;0;10125;70;8;88;;5;0;0;0;0;0
4124;344;20221219;21;180;70;70;120;100;;79;0;0;0;0;10125;70;8;87;;5;0;0;0;0;0
4125;344;20221219;22;180;70;70;120;103;;78;0;0;0;0;10126;70;8;84;;5;0;0;0;0;0
4126;344;20221219;23;190;70;70;110;102;;75;0;0;0;0;10122;70;8;83;;5;0;0;0;0;0
4127;344;20221219;24;190;70;70;110;103;84.0;75;0;0;0;0;10116;70;8;82;;5;0;0;0;0;0
4128;344;20221220;1;180;70;70;110;100;;87;0;0;5;1;10111;65;8;91;81.0;7;0;1;0;0;0
4129;344;20221220;2;170;70;70;110;100;;87;0;0;0;-1;10107;65;8;91;23.0;7;0;1;0;0;0
4130;344;20221220;3;190;70;80;110;105;;86;0;0;0;-1;10104;70;8;88;81.0;7;0;1;0;0;0
4131;344;20221220;4;190;80;90;130;107;;90;0;0;0;-1;10103;70;8;88;23.0;7;0;1;0;0;0
4132;344;20221220;5;180;80;70;130;105;;96;0;0;0;-1;10097;65;8;94;22.0;7;0;1;0;0;0
4133;344;20221220;6;190;60;70;110;113;91.0;91;0;0;0;0;10093;70;8;86;2.0;7;0;0;0;0;0
4134;344;20221220;7;190;70;60;110;114;;86;0;0;0;0;10093;70;8;83;;5;0;0;0;0;0
4135;344;20221220;8;190;70;70;120;106;;92;0;0;7;5;10094;65;8;91;81.0;7;0;1;0;0;0
4136;344;20221220;9;190;70;80;120;103;;94;0;2;7;1;10094;65;8;94;57.0;7;0;1;0;0;0
4137;344;20221220;10;190;70;80;130;101;;96;0;11;9;3;10092;65;8;97;61.0;7;0;1;0;0;0
4138;344;20221220;11;190;70;70;110;102;;97;0;10;10;12;10095;60;8;97;51.0;7;0;1;0;0;0
4139;344;20221220;12;200;70;70;110;103;96.0;100;0;9;0;-1;10092;58;8;98;22.0;7;0;1;0;0;0
4140;344;20221220;13;200;60;60;100;101;;98;0;7;5;1;10084;58;8;98;52.0;7;0;1;0;0;0
4141;344;20221220;14;200;50;50;90;101;;98;0;5;4;2;10087;48;8;98;23.0;7;0;1;0;0;0
4142;344;20221220;15;200;50;50;80;101;;96;0;3;0;-1;10084;60;8;97;51.0;7;0;1;0;0;0
4143;344;20221220;16;200;50;50;80;100;;95;0;0;10;3;10083;61;8;97;81.0;7;0;1;0;0;0
4144;344;20221220;17;210;40;40;70;97;;92;0;0;6;1;10087;61;8;97;23.0;7;0;1;0;0;0
4145;344;20221220;18;220;40;40;70;98;94.0;95;0;0;0;-1;10091;59;8;98;22.0;7;0;1;0;0;0
4146;344;20221220;19;240;40;40;70;97;;94;0;0;0;-1;10095;50;8;98;23.0;7;0;1;0;0;0
4147;344;20221220;20;260;30;40;60;92;;89;0;0;0;-1;10099;44;8;98;81.0;7;0;1;0;0;0
4148;344;20221220;21;250;30;20;50;88;;85;0;0;3;1;10102;56;8;98;23.0;7;0;1;0;0;0
4149;344;20221220;22;220;20;30;40;78;;74;0;0;3;1;10103;65;8;97;23.0;7;0;1;0;0;0
4150;344;20221220;23;220;20;20;40;68;;64;0;0;0;0;10103;64;8;97;;5;0;0;0;0;0
4151;344;20221220;24;220;20;20;30;54;28.0;51;0;0;0;0;10105;17;8;98;10.0;7;0;0;0;0;0
4152;344;20221221;1;0;10;0;20;37;;37;0;0;0;0;10101;2;8;100;34.0;7;1;0;0;0;0
4153;344;20221221;2;170;20;20;20;44;;44;0;0;0;0;10104;3;8;100;32.0;7;1;0;0;0;0
4154;344;20221221;3;210;10;10;30;43;;43;0;0;0;0;10102;1;8;100;34.0;7;1;0;0;0;0
4155;344;20221221;4;160;10;10;20;49;;49;0;0;0;0;10100;2;8;100;32.0;7;1;0;0;0;0
4156;344;20221221;5;190;30;30;40;60;;60;0;0;0;0;10098;1;9;100;34.0;7;1;0;0;0;0
4157;344;20221221;6;180;30;30;40;58;12.0;58;0;0;0;0;10096;3;9;100;32.0;7;1;0;0;0;0
4158;344;20221221;7;200;30;30;70;62;;59;0;0;0;0;10099;38;8;98;20.0;7;1;0;0;0;0
4159;344;20221221;8;190;30;30;50;70;;67;0;0;0;0;10100;50;8;98;10.0;7;0;0;0;0;0
4160;344;20221221;9;200;30;40;60;73;;69;0;8;0;-1;10100;63;8;97;23.0;7;0;1;0;0;0
4161;344;20221221;10;210;50;70;90;74;;71;0;19;0;0;10099;59;7;98;10.0;7;0;0;0;0;0
4162;344;20221221;11;210;60;60;100;73;;70;0;16;0;0;10099;56;8;98;10.0;7;0;0;0;0;0
4163;344;20221221;12;210;70;60;110;76;52.0;73;0;26;0;0;10094;57;8;98;10.0;7;0;0;0;0;0
4164;344;20221221;13;200;60;60;110;77;;73;0;28;0;0;10085;61;8;96;;5;0;0;0;0;0
4165;344;20221221;14;190;70;60;100;82;;75;3;31;0;0;10082;63;8;95;;5;0;0;0;0;0
4166;344;20221221;15;190;60;60;110;80;;76;0;11;0;0;10079;63;8;97;;5;0;0;0;0;0
4167;344;20221221;16;190;60;50;90;79;;75;0;0;5;3;10073;60;8;97;57.0;7;0;1;0;0;0
4168;344;20221221;17;190;50;50;80;78;;75;0;0;8;4;10067;21;8;98;53.0;7;0;1;0;0;0
4169;344;20221221;18;190;50;60;90;82;73.0;79;0;0;4;2;10066;28;8;98;52.0;7;0;1;0;0;0
4170;344;20221221;19;190;50;60;90;85;;82;0;0;7;3;10058;37;8;98;81.0;7;0;1;0;0;0
4171;344;20221221;20;200;50;50;80;90;;87;0;0;0;-1;10054;59;8;98;23.0;7;0;1;0;0;0
4172;344;20221221;21;190;50;50;100;89;;86;0;0;0;-1;10047;56;8;98;23.0;7;0;1;0;0;0
4173;344;20221221;22;190;40;40;70;88;;85;0;0;0;0;10047;56;8;98;10.0;7;0;0;0;0;0
4174;344;20221221;23;180;40;40;60;89;;86;0;0;0;0;10041;36;8;98;10.0;7;0;0;0;0;0
4175;344;20221221;24;190;40;30;50;92;79.0;89;0;0;0;0;10035;50;8;98;10.0;7;0;0;0;0;0
4176;344;20221222;1;180;30;30;50;90;;87;0;0;0;0;10030;42;8;98;10.0;7;0;0;0;0;0
4177;344;20221222;2;190;30;20;50;90;;87;0;0;0;0;10027;27;8;98;10.0;7;0;0;0;0;0
4178;344;20221222;3;0;10;0;30;87;;84;0;0;0;-1;10020;20;8;98;23.0;7;0;1;0;0;0
4179;344;20221222;4;270;10;20;30;86;;83;0;0;0;0;10020;20;8;98;10.0;7;0;0;0;0;0
4180;344;20221222;5;290;30;40;50;85;;82;0;0;0;0;10025;28;8;98;10.0;7;0;0;0;0;0
4181;344;20221222;6;280;30;20;60;76;72.0;73;0;0;0;0;10028;23;8;98;10.0;7;0;0;0;0;0
4182;344;20221222;7;250;20;20;40;67;;67;0;0;0;0;10036;8;8;100;34.0;7;1;0;0;0;0
4183;344;20221222;8;240;20;20;30;44;;41;0;0;0;0;10043;20;8;98;20.0;7;1;0;0;0;0
4184;344;20221222;9;230;30;30;50;63;;59;3;12;0;0;10050;63;0;97;1.0;7;0;0;0;0;0
4185;344;20221222;10;230;40;50;70;90;;84;10;52;0;0;10056;65;0;96;;5;0;0;0;0;0
4186;344;20221222;11;220;50;80;120;75;;71;8;60;0;0;10061;65;1;97;;5;0;0;0;0;0
4187;344;20221222;12;220;60;50;100;74;26.0;71;0;20;0;0;10061;56;8;98;10.0;7;0;0;0;0;0
4188;344;20221222;13;200;50;40;100;81;;78;0;20;0;0;10055;59;8;98;10.0;7;0;0;0;0;0
4189;344;20221222;14;180;40;40;70;84;;81;2;21;0;-1;10048;57;8;98;81.0;7;0;1;0;0;0
4190;344;20221222;15;160;30;30;80;83;;80;0;8;5;7;10042;28;8;98;82.0;7;0;1;0;0;0
4191;344;20221222;16;160;40;40;60;86;;83;0;0;6;9;10034;50;8;98;81.0;7;0;1;0;0;0
4192;344;20221222;17;170;40;30;70;88;;85;0;0;10;19;10025;24;8;98;53.0;7;0;1;0;0;0
4193;344;20221222;18;210;50;60;90;100;74.0;97;0;0;9;2;10020;56;8;98;22.0;7;0;1;0;0;0
4194;344;20221222;19;230;50;50;90;100;;97;0;0;7;1;10021;33;8;98;22.0;7;0;1;0;0;0
4195;344;20221222;20;240;60;60;100;101;;98;0;0;9;2;10021;36;8;98;23.0;7;0;1;0;0;0
4196;344;20221222;21;240;70;70;110;102;;99;0;0;9;19;10020;26;8;98;81.0;7;0;1;0;0;0
4197;344;20221222;22;250;60;60;100;99;;96;0;0;9;5;10023;26;8;98;52.0;7;0;1;0;0;0
4198;344;20221222;23;250;50;40;80;100;;97;0;0;7;1;10026;50;8;98;23.0;7;0;1;0;0;0
4199;344;20221222;24;250;40;50;80;96;95.0;93;0;0;0;-1;10031;50;8;98;22.0;7;0;1;0;0;0
4200;344;20221223;1;250;40;30;70;95;;92;0;0;5;1;10034;37;8;98;22.0;7;0;1;0;0;0
4201;344;20221223;2;270;30;30;50;92;;89;0;0;9;3;10042;17;8;98;53.0;7;0;1;0;0;0
4202;344;20221223;3;270;20;20;40;92;;89;0;0;8;5;10047;24;8;98;52.0;7;0;1;0;0;0
4203;344;20221223;4;240;20;20;30;92;;89;0;0;0;-1;10050;20;8;98;22.0;7;0;1;0;0;0
4204;344;20221223;5;240;20;20;30;91;;88;0;0;0;0;10049;20;8;98;10.0;7;0;0;0;0;0
4205;344;20221223;6;210;20;10;30;88;85.0;85;0;0;0;-1;10048;56;8;98;23.0;7;0;1;0;0;0
4206;344;20221223;7;200;20;20;40;90;;87;0;0;0;0;10052;43;8;98;10.0;7;0;0;0;0;0
4207;344;20221223;8;180;20;20;50;89;;86;0;0;2;2;10049;20;8;98;53.0;7;0;1;0;0;0
4208;344;20221223;9;160;20;20;30;89;;86;0;2;6;2;10044;50;8;98;23.0;7;0;1;0;0;0
4209;344;20221223;10;170;20;30;40;90;;87;0;5;0;0;10037;23;8;98;10.0;7;0;0;0;0;0
4210;344;20221223;11;170;30;30;50;92;;89;0;4;4;2;10031;50;8;98;81.0;7;0;1;0;0;0
4211;344;20221223;12;140;30;30;60;94;84.0;91;0;4;10;12;10012;56;8;98;62.0;7;0;1;0;0;0
4212;344;20221223;13;120;30;30;50;92;;89;0;8;10;36;10001;50;8;98;62.0;7;0;1;0;0;0
4213;344;20221223;14;130;30;30;50;94;;91;0;14;8;10;9992;57;8;98;52.0;7;0;1;0;0;0
4214;344;20221223;15;120;30;50;70;93;;90;0;5;9;7;9988;39;8;98;52.0;7;0;1;0;0;0
4215;344;20221223;16;200;20;30;80;98;;95;0;0;1;2;9995;44;8;98;52.0;7;0;1;0;0;0
4216;344;20221223;17;240;60;70;100;111;;106;0;0;0;-1;9999;65;8;97;23.0;7;0;1;0;0;0
4217;344;20221223;18;240;80;90;120;109;89.0;104;0;0;0;0;10004;58;8;97;10.0;7;0;0;0;0;0
4218;344;20221223;19;240;90;90;140;109;;103;0;0;0;0;10009;57;8;96;10.0;7;0;0;0;0;0
4219;344;20221223;20;240;90;90;140;108;;100;0;0;0;0;10019;62;8;94;;5;0;0;0;0;0
4220;344;20221223;21;250;90;100;140;109;;90;0;0;0;0;10029;65;8;87;;5;0;0;0;0;0
4221;344;20221223;22;240;90;90;140;103;;90;0;0;0;-1;10040;58;8;92;51.0;7;0;1;0;0;0
4222;344;20221223;23;240;80;80;140;102;;88;0;0;0;-1;10048;61;8;90;22.0;7;0;1;0;0;0
4223;344;20221223;24;250;80;70;130;99;89.0;83;0;0;0;0;10055;60;4;89;1.0;7;0;0;0;0;0
4224;344;20221224;1;240;70;70;120;94;;80;0;0;0;0;10061;60;1;91;;5;0;0;0;0;0
4225;344;20221224;2;240;60;60;110;93;;81;0;0;0;0;10068;62;5;92;;5;0;0;0;0;0
4226;344;20221224;3;230;60;50;90;93;;89;0;0;0;0;10073;59;7;97;10.0;7;0;0;0;0;0
4227;344;20221224;4;230;60;70;100;99;;91;0;0;0;0;10075;60;8;95;;5;0;0;0;0;0
4228;344;20221224;5;240;70;60;110;102;;94;0;0;0;0;10080;59;8;94;10.0;7;0;0;0;0;0
4229;344;20221224;6;230;70;60;100;96;82.0;91;0;0;0;0;10084;58;4;96;10.0;7;0;0;0;0;0
4230;344;20221224;7;230;60;60;90;86;;83;0;0;0;0;10089;58;1;98;10.0;7;0;0;0;0;0
4231;344;20221224;8;230;60;60;90;92;;89;0;0;0;0;10098;57;8;98;10.0;7;0;0;0;0;0
4232;344;20221224;9;230;60;60;90;98;;93;0;8;0;0;10108;59;8;97;10.0;7;0;0;0;0;0
4233;344;20221224;10;240;60;60;100;100;;91;0;18;0;0;10115;59;8;94;10.0;7;0;0;0;0;0
4234;344;20221224;11;240;50;60;100;102;;90;0;37;0;0;10117;61;8;91;;5;0;0;0;0;0
4235;344;20221224;12;240;50;50;90;101;78.0;85;3;53;0;0;10121;62;8;89;;5;0;0;0;0;0
4236;344;20221224;13;240;60;60;100;102;;83;8;59;0;0;10124;63;8;87;;5;0;0;0;0;0
4237;344;20221224;14;220;50;50;90;103;;89;10;53;0;0;10129;61;8;91;;5;0;0;0;0;0
4238;344;20221224;15;220;50;40;70;97;;87;8;40;0;0;10132;60;8;93;;5;0;0;0;0;0
4239;344;20221224;16;200;40;30;70;84;;80;0;3;0;0;10137;60;8;97;;5;0;0;0;0;0
4240;344;20221224;17;180;30;30;40;89;;86;0;0;0;0;10137;59;7;98;10.0;7;0;0;0;0;0
4241;344;20221224;18;180;30;40;80;86;68.0;83;0;0;0;0;10135;58;4;98;10.0;7;0;0;0;0;0
4242;344;20221224;19;190;40;30;60;89;;86;0;0;0;0;10135;59;8;98;10.0;7;0;0;0;0;0
4243;344;20221224;20;180;30;40;50;88;;85;0;0;0;-1;10137;58;8;98;51.0;7;0;1;0;0;0
4244;344;20221224;21;180;50;50;70;92;;87;0;0;0;-1;10134;60;8;97;23.0;7;0;1;0;0;0
4245;344;20221224;22;180;40;40;60;87;;82;0;0;0;0;10131;60;6;97;;5;0;0;0;0;0
4246;344;20221224;23;190;40;40;70;92;;87;0;0;0;0;10134;61;8;97;;5;0;0;0;0;0
4247;344;20221224;24;190;50;50;70;93;74.0;88;0;0;0;0;10132;62;8;97;2.0;7;0;0;0;0;0
4248;344;20221225;1;190;40;40;70;93;;88;0;0;0;0;10132;60;8;97;;5;0;0;0;0;0
4249;344;20221225;2;190;40;30;60;93;;90;0;0;0;-1;10134;58;8;98;23.0;7;0;1;0;0;0
4250;344;20221225;3;180;40;40;70;97;;94;0;0;0;0;10126;58;8;98;10.0;7;0;0;0;0;0
4251;344;20221225;4;180;40;40;60;96;;93;0;0;0;0;10126;59;8;98;10.0;7;0;0;0;0;0
4252;344;20221225;5;180;40;40;70;93;;88;0;0;0;0;10122;64;8;97;;5;0;0;0;0;0
4253;344;20221225;6;200;50;50;80;93;85.0;88;0;0;0;0;10119;65;8;97;2.0;7;0;0;0;0;0
4254;344;20221225;7;190;50;40;80;93;;88;0;0;0;0;10114;65;8;97;;5;0;0;0;0;0
4255;344;20221225;8;180;40;40;70;94;;89;0;0;0;0;10117;65;8;97;;5;0;0;0;0;0
4256;344;20221225;9;170;40;30;60;94;;89;0;2;0;0;10118;65;8;97;;5;0;0;0;0;0
4257;344;20221225;10;160;40;30;60;92;;89;0;3;7;8;10116;57;8;98;82.0;7;0;1;0;0;0
4258;344;20221225;11;160;20;20;40;92;;89;0;7;10;12;10108;58;8;98;62.0;7;0;1;0;0;0
4259;344;20221225;12;160;30;30;40;96;89.0;91;0;21;4;1;10099;62;8;97;61.0;7;0;1;0;0;0
4260;344;20221225;13;150;30;30;70;94;;91;0;8;8;9;10092;57;8;98;62.0;7;0;1;0;0;0
4261;344;20221225;14;180;30;30;50;92;;89;0;2;10;17;10092;50;8;98;62.0;7;0;1;0;0;0
4262;344;20221225;15;190;20;30;60;92;;89;0;1;10;18;10091;45;8;98;62.0;7;0;1;0;0;0
4263;344;20221225;16;150;20;20;50;91;;88;0;0;8;5;10087;46;8;98;61.0;7;0;1;0;0;0
4264;344;20221225;17;180;30;30;80;91;;88;0;0;2;1;10087;50;8;98;23.0;7;0;1;0;0;0
4265;344;20221225;18;190;30;20;50;91;87.0;88;0;0;0;0;10086;39;8;98;10.0;7;0;0;0;0;0
4266;344;20221225;19;200;20;20;40;91;;88;0;0;0;-1;10088;25;8;98;52.0;7;0;1;0;0;0
4267;344;20221225;20;200;20;20;30;90;;87;0;0;9;5;10089;29;8;98;52.0;7;0;1;0;0;0
4268;344;20221225;21;220;20;30;40;90;;87;0;0;8;2;10090;44;8;98;52.0;7;0;1;0;0;0
4269;344;20221225;22;220;40;30;60;91;;88;0;0;8;5;10091;56;8;98;58.0;7;0;1;0;0;0
4270;344;20221225;23;220;40;40;60;92;;89;0;0;3;3;10092;57;8;98;23.0;7;0;1;0;0;0
4271;344;20221225;24;220;50;50;80;93;86.0;90;0;0;0;0;10095;57;8;98;10.0;7;0;0;0;0;0
4272;344;20221226;1;220;50;50;80;91;;88;0;0;2;1;10095;58;8;98;23.0;7;0;1;0;0;0
4273;344;20221226;2;220;60;60;90;91;;86;0;0;0;0;10095;60;6;97;;5;0;0;0;0;0
4274;344;20221226;3;210;60;60;110;91;;86;0;0;0;0;10096;62;7;97;3.0;7;0;0;0;0;0
4275;344;20221226;4;210;70;70;110;91;;85;0;0;0;0;10093;65;8;96;;5;0;0;0;0;0
4276;344;20221226;5;210;70;70;120;91;;83;0;0;0;0;10092;65;8;94;;5;0;0;0;0;0
4277;344;20221226;6;200;80;70;130;91;81.0;84;0;0;0;0;10093;65;8;95;2.0;7;0;0;0;0;0
4278;344;20221226;7;210;80;80;140;95;;86;0;0;0;0;10095;65;8;94;;5;0;0;0;0;0
4279;344;20221226;8;210;80;80;140;94;;89;0;0;4;7;10097;65;8;96;23.0;7;0;1;0;0;0
4280;344;20221226;9;250;80;60;160;91;;84;0;2;3;6;10114;65;8;95;23.0;7;0;1;0;0;0
4281;344;20221226;10;290;70;70;120;71;;52;0;14;0;0;10133;70;8;87;;5;0;0;0;0;0
4282;344;20221226;11;290;50;60;90;71;;41;0;28;0;0;10140;70;8;81;;5;0;0;0;0;0
4283;344;20221226;12;280;60;60;100;72;64.0;37;7;64;0;0;10147;75;7;78;1.0;7;0;0;0;0;0
4284;344;20221226;13;280;60;60;100;73;;34;10;82;0;0;10153;75;8;76;;5;0;0;0;0;0
4285;344;20221226;14;290;60;60;100;69;;20;10;70;0;0;10158;75;5;70;;5;0;0;0;0;0
4286;344;20221226;15;270;50;40;100;62;;23;8;25;0;0;10165;75;4;76;;5;0;0;0;0;0
4287;344;20221226;16;250;40;40;80;54;;18;0;4;0;0;10170;75;0;77;;5;0;0;0;0;0
4288;344;20221226;17;240;40;40;60;48;;14;0;0;0;0;10173;75;2;78;;5;0;0;0;0;0
4289;344;20221226;18;240;40;40;80;54;21.0;12;0;0;0;0;10179;75;6;74;;5;0;0;0;0;0
4290;344;20221226;19;240;50;50;80;62;;15;0;0;0;0;10187;75;7;71;;5;0;0;0;0;0
4291;344;20221226;20;230;50;50;80;61;;24;0;0;0;0;10188;75;6;76;;5;0;0;0;0;0
4292;344;20221226;21;240;60;60;90;65;;34;0;0;1;1;10193;74;5;80;22.0;7;0;1;0;0;0
4293;344;20221226;22;240;50;50;100;64;;34;0;0;0;0;10199;70;2;81;;5;0;0;0;0;0
4294;344;20221226;23;220;50;50;80;54;;39;0;0;0;0;10204;70;3;90;;5;0;0;0;0;0
4295;344;20221226;24;220;50;50;70;54;36.0;42;0;0;0;0;10206;65;3;91;2.0;7;0;0;0;0;0
4296;344;20221227;1;220;50;60;80;58;;46;0;0;0;0;10208;65;8;91;;5;0;0;0;0;0
4297;344;20221227;2;230;50;50;90;59;;49;0;0;0;-1;10215;65;8;93;81.0;7;0;1;0;0;0
4298;344;20221227;3;270;50;50;80;66;;40;0;0;0;-1;10221;70;7;82;23.0;7;0;1;0;0;0
4299;344;20221227;4;260;50;50;90;60;;32;0;0;0;-1;10223;70;1;82;22.0;7;0;1;0;0;0
4300;344;20221227;5;250;40;40;70;58;;33;0;0;0;0;10225;70;4;84;;5;0;0;0;0;0
4301;344;20221227;6;240;30;40;60;53;31.0;35;0;0;0;0;10229;70;5;88;3.0;7;0;0;0;0;0
4302;344;20221227;7;200;40;40;70;52;;42;0;0;0;0;10233;65;6;93;;5;0;0;0;0;0
4303;344;20221227;8;210;40;40;60;49;;42;0;0;0;0;10236;65;8;94;;5;0;0;0;0;0
4304;344;20221227;9;190;30;40;60;48;;42;7;15;0;0;10237;65;8;95;;5;0;0;0;0;0
4305;344;20221227;10;190;40;40;80;54;;46;10;37;0;0;10240;65;1;94;;5;0;0;0;0;0
4306;344;20221227;11;200;50;50;80;62;;53;5;45;0;0;10238;65;8;93;;5;0;0;0;0;0
4307;344;20221227;12;210;60;60;90;72;33.0;61;7;63;0;0;10236;65;8;92;;5;0;0;0;0;0
4308;344;20221227;13;190;60;50;90;72;;59;3;47;0;0;10226;65;8;91;;5;0;0;0;0;0
4309;344;20221227;14;190;60;60;100;68;;57;0;23;0;0;10218;65;8;92;;5;0;0;0;0;0
4310;344;20221227;15;190;60;60;100;66;;59;3;15;0;0;10213;65;8;95;;5;0;0;0;0;0
4311;344;20221227;16;190;60;60;100;68;;57;0;1;0;0;10212;65;8;92;;5;0;0;0;0;0
4312;344;20221227;17;190;60;60;100;71;;56;0;0;0;0;10206;70;8;90;;5;0;0;0;0;0
4313;344;20221227;18;200;70;80;130;69;61.0;52;0;0;0;0;10198;70;8;88;;5;0;0;0;0;0
4314;344;20221227;19;190;70;70;110;64;;48;0;0;0;0;10191;70;8;89;;5;0;0;0;0;0
4315;344;20221227;20;200;80;80;120;65;;45;0;0;0;0;10181;70;8;87;;5;0;0;0;0;0
4316;344;20221227;21;200;80;90;140;66;;43;0;0;0;0;10172;70;7;85;;5;0;0;0;0;0
4317;344;20221227;22;200;80;80;130;64;;50;0;0;3;2;10165;60;8;90;81.0;7;0;1;0;0;0
4318;344;20221227;23;190;80;70;130;63;;57;0;0;6;3;10153;59;8;95;81.0;7;0;1;0;0;0
4319;344;20221227;24;190;70;80;120;66;54.0;60;0;0;3;2;10136;65;8;96;81.0;7;0;1;0;0;0
4320;344;20221228;1;200;80;90;150;73;;62;0;0;0;-1;10125;65;8;92;23.0;7;0;1;0;0;0
4321;344;20221228;2;200;100;100;160;77;;64;0;0;0;0;10115;65;8;91;;5;0;0;0;0;0
4322;344;20221228;3;210;100;120;170;83;;71;0;0;0;0;10108;65;8;91;2.0;7;0;0;0;0;0
4323;344;20221228;4;210;100;110;150;86;;75;0;0;0;0;10105;65;8;92;;5;0;0;0;0;0
4324;344;20221228;5;220;100;100;190;87;;81;0;0;0;0;10101;57;8;96;10.0;7;0;0;0;0;0
4325;344;20221228;6;220;110;120;170;91;62.0;84;0;0;0;0;10097;62;8;95;2.0;7;0;0;0;0;0
4326;344;20221228;7;210;110;100;170;92;;86;0;0;0;0;10093;65;8;96;;5;0;0;0;0;0
4327;344;20221228;8;210;100;80;160;93;;87;0;0;0;0;10094;65;8;95;;5;0;0;0;0;0
4328;344;20221228;9;210;90;100;150;95;;86;0;3;0;0;10092;65;8;94;;5;0;0;0;0;0
4329;344;20221228;10;210;100;90;160;95;;85;0;9;0;0;10091;65;8;92;;5;0;0;0;0;0
4330;344;20221228;11;200;80;90;140;91;;89;0;11;5;5;10087;58;8;98;52.0;7;0;1;0;0;0
4331;344;20221228;12;200;90;80;140;91;86.0;86;0;12;9;11;10081;65;8;97;51.0;7;0;1;0;0;0
4332;344;20221228;13;190;80;80;140;94;;87;0;11;0;-1;10068;65;8;94;81.0;7;0;1;0;0;0
4333;344;20221228;14;190;80;90;130;99;;84;5;28;0;-1;10051;70;8;90;23.0;7;0;1;0;0;0
4334;344;20221228;15;190;80;80;150;96;;84;0;7;2;1;10041;64;8;91;81.0;7;0;1;0;0;0
4335;344;20221228;16;190;90;90;140;93;;84;0;1;10;7;10028;59;8;94;61.0;7;0;1;0;0;0
4336;344;20221228;17;190;90;90;140;92;;87;0;0;10;12;10019;58;8;97;61.0;7;0;1;0;0;0
4337;344;20221228;18;190;100;100;150;92;85.0;89;0;0;9;5;10010;56;8;98;23.0;7;0;1;0;0;0
4338;344;20221228;19;200;100;100;160;97;;95;0;0;0;-1;10003;50;8;98;23.0;7;0;1;0;0;0
4339;344;20221228;20;200;100;100;180;102;;96;0;0;0;-1;10001;65;8;96;23.0;7;0;1;0;0;0
4340;344;20221228;21;200;100;100;180;108;;97;0;0;0;0;9999;65;8;93;2.0;7;0;0;0;0;0
4341;344;20221228;22;200;90;90;160;104;;101;0;0;2;2;9993;32;8;98;53.0;7;0;1;0;0;0
4342;344;20221228;23;200;90;90;140;108;;102;0;0;9;4;9990;60;8;96;52.0;7;0;1;0;0;0
4343;344;20221228;24;190;90;90;140;111;88.0;96;0;0;2;1;9982;70;8;90;23.0;7;0;1;0;0;0
4344;344;20221229;1;200;90;100;140;107;;100;0;0;3;3;9974;58;8;95;58.0;7;0;1;0;0;0
4345;344;20221229;2;220;100;100;160;107;;94;0;0;1;1;9974;65;8;91;23.0;7;0;1;0;0;0
4346;344;20221229;3;230;110;110;180;106;;82;0;0;0;-1;9973;70;5;84;23.0;7;0;1;0;0;0
4347;344;20221229;4;220;100;110;170;105;;79;0;0;0;0;9972;70;7;83;;5;0;0;0;0;0
4348;344;20221229;5;220;100;90;180;96;;87;0;0;1;2;9978;50;8;94;58.0;7;0;1;0;0;0
4349;344;20221229;6;220;90;90;160;92;85.0;85;0;0;5;10;9982;50;8;95;81.0;7;0;1;0;0;0
4350;344;20221229;7;220;100;80;170;91;;71;0;0;0;-1;9983;70;1;87;23.0;7;0;1;0;0;0
4351;344;20221229;8;210;100;110;170;99;;69;0;0;0;-1;9984;66;8;81;81.0;7;0;1;0;0;0
4352;344;20221229;9;220;110;100;190;88;;82;0;3;4;5;9994;46;8;96;81.0;7;0;1;0;0;0
4353;344;20221229;10;230;90;100;150;95;;89;0;10;9;4;10004;62;8;95;23.0;7;0;1;0;0;0
4354;344;20221229;11;240;90;90;140;102;;84;3;40;0;0;10015;61;7;88;;5;0;0;0;0;0
4355;344;20221229;12;230;90;90;150;100;80.0;81;0;30;0;-1;10021;63;8;87;23.0;7;0;1;0;0;0
4356;344;20221229;13;230;100;100;150;100;;79;0;39;0;0;10026;66;8;87;;5;0;0;0;0;0
4357;344;20221229;14;220;90;70;150;90;;83;0;17;3;11;10027;65;8;94;51.0;7;0;1;0;0;0
4358;344;20221229;15;220;90;100;150;93;;80;0;9;2;1;10032;65;8;91;23.0;7;0;1;0;0;0
4359;344;20221229;16;220;90;100;150;85;;69;0;2;0;0;10038;70;8;89;;5;0;0;0;0;0
4360;344;20221229;17;220;100;90;150;81;;63;0;0;0;0;10042;70;4;88;;5;0;0;0;0;0
4361;344;20221229;18;220;100;80;160;76;69.0;58;0;0;0;0;10051;70;8;88;3.0;7;0;0;0;0;0
4362;344;20221229;19;220;90;90;150;78;;61;0;0;0;0;10057;67;8;88;;5;0;0;0;0;0
4363;344;20221229;20;220;80;80;120;74;;59;0;0;0;0;10061;66;4;89;;5;0;0;0;0;0
4364;344;20221229;21;220;70;70;110;71;;58;0;0;0;0;10067;65;1;91;;5;0;0;0;0;0
4365;344;20221229;22;220;70;70;110;71;;57;0;0;0;0;10074;65;1;91;;5;0;0;0;0;0
4366;344;20221229;23;230;80;80;120;68;;57;0;0;0;0;10081;65;1;92;;5;0;0;0;0;0
4367;344;20221229;24;220;80;70;120;67;57.0;57;0;0;0;0;10087;65;2;93;;5;0;0;0;0;0
4368;344;20221230;1;220;60;60;90;67;;57;0;0;0;0;10087;65;1;93;;5;0;0;0;0;0
4369;344;20221230;2;200;60;70;100;64;;56;0;0;0;0;10088;65;6;94;;5;0;0;0;0;0
4370;344;20221230;3;190;60;60;100;60;;52;0;0;0;0;10086;65;4;95;;5;0;0;0;0;0
4371;344;20221230;4;190;60;60;100;59;;50;0;0;0;0;10083;65;5;93;;5;0;0;0;0;0
4372;344;20221230;5;180;60;60;90;56;;48;0;0;0;0;10080;65;8;94;;5;0;0;0;0;0
4373;344;20221230;6;170;60;60;90;50;43.0;45;0;0;0;0;10073;65;8;96;;5;0;0;0;0;0
4374;344;20221230;7;170;60;60;110;50;;46;0;0;0;0;10066;65;8;97;;5;0;0;0;0;0
4375;344;20221230;8;170;80;90;130;54;;49;0;0;0;0;10057;65;8;96;;5;0;0;0;0;0
4376;344;20221230;9;170;80;80;140;59;;54;0;5;0;0;10049;65;8;96;;5;0;0;0;0;0
4377;344;20221230;10;170;80;80;120;66;;56;0;17;0;0;10040;65;8;92;;5;0;0;0;0;0
4378;344;20221230;11;160;80;80;120;72;;59;0;13;0;0;10017;65;8;91;;5;0;0;0;0;0
4379;344;20221230;12;170;90;90;140;78;43.0;66;0;10;5;3;9993;64;8;91;81.0;7;0;1;0;0;0
4380;344;20221230;13;150;90;100;150;84;;76;0;16;10;9;9967;63;8;94;61.0;7;0;1;0;0;0
4381;344;20221230;14;170;100;110;160;84;;81;0;14;10;9;9953;43;8;98;62.0;7;0;1;0;0;0
4382;344;20221230;15;190;90;90;160;94;;91;0;4;10;4;9954;36;8;98;52.0;7;0;1;0;0;0
4383;344;20221230;16;200;90;90;140;107;;102;0;1;8;2;9956;60;8;97;23.0;7;0;1;0;0;0
4384;344;20221230;17;220;100;110;160;116;;113;0;0;7;3;9968;50;8;98;81.0;7;0;1;0;0;0
4385;344;20221230;18;230;130;130;200;122;73.0;108;0;0;0;-1;9981;65;8;91;23.0;7;0;1;0;0;0
4386;344;20221230;19;230;120;120;190;122;;110;0;0;0;0;9989;65;8;92;;5;0;0;0;0;0
4387;344;20221230;20;220;110;110;180;121;;116;0;0;0;0;10000;60;8;96;;5;0;0;0;0;0
4388;344;20221230;21;230;100;100;160;124;;117;0;0;0;0;10006;65;8;95;;5;0;0;0;0;0
4389;344;20221230;22;210;80;70;150;125;;118;0;0;1;1;10012;60;8;95;81.0;7;0;1;0;0;0
4390;344;20221230;23;230;80;80;130;122;;117;0;0;10;16;10016;63;8;97;57.0;7;0;1;0;0;0
4391;344;20221230;24;240;80;80;120;124;114.0;121;0;0;10;13;10019;59;8;98;62.0;7;0;1;0;0;0
4392;344;20221231;1;240;80;70;120;121;;118;0;0;10;20;10019;58;8;98;62.0;7;0;1;0;0;0
4393;344;20221231;2;220;70;60;110;115;;110;0;0;10;11;10015;64;8;97;51.0;7;0;1;0;0;0
4394;344;20221231;3;220;60;70;100;108;;105;0;0;6;5;10024;57;8;98;58.0;7;0;1;0;0;0
4395;344;20221231;4;200;50;40;100;106;;103;0;0;10;36;10019;58;8;98;62.0;7;0;1;0;0;0
4396;344;20221231;5;210;40;50;70;109;;106;0;0;10;25;10019;44;8;98;62.0;7;0;1;0;0;0
4397;344;20221231;6;210;60;60;100;125;101.0;120;0;0;8;5;10018;65;8;97;23.0;7;0;1;0;0;0
4398;344;20221231;7;220;90;110;150;130;;127;0;0;6;3;10021;42;8;98;81.0;7;0;1;0;0;0
4399;344;20221231;8;240;100;110;170;132;;128;0;0;10;18;10019;62;8;97;61.0;7;0;1;0;0;0
4400;344;20221231;9;210;100;100;160;138;;133;0;4;6;5;10034;65;8;96;23.0;7;0;1;0;0;0
4401;344;20221231;10;210;90;110;150;142;;138;0;8;2;2;10041;57;8;96;81.0;7;0;1;0;0;0
4402;344;20221231;11;220;90;100;150;141;;138;0;8;6;4;10042;43;8;98;81.0;7;0;1;0;0;0
4403;344;20221231;12;210;90;90;160;146;118.0;141;0;19;8;3;10039;65;8;97;57.0;7;0;1;0;0;0
4404;344;20221231;13;210;100;100;160;145;;138;0;10;8;10;10036;58;8;95;62.0;7;0;1;0;0;0
4405;344;20221231;14;220;100;110;160;139;;136;0;5;9;12;10038;50;8;98;52.0;7;0;1;0;0;0
4406;344;20221231;15;210;90;90;150;144;;128;0;4;2;2;10047;70;8;90;23.0;7;0;1;0;0;0
4407;344;20221231;16;210;90;90;130;148;;119;0;2;0;0;10042;70;8;83;;5;0;0;0;0;0
4408;344;20221231;17;200;90;90;150;147;;110;0;0;0;0;10038;75;8;78;;5;0;0;0;0;0
4409;344;20221231;18;200;90;90;150;147;133.0;101;0;0;0;0;10039;75;8;73;2.0;7;0;0;0;0;0
4410;344;20221231;19;200;100;110;160;146;;91;0;0;0;0;10043;79;8;69;;5;0;0;0;0;0
4411;344;20221231;20;210;100;90;170;146;;89;0;0;0;0;10045;80;8;68;;5;0;0;0;0;0
4412;344;20221231;21;210;110;110;180;146;;88;0;0;0;0;10050;80;8;67;;5;0;0;0;0;0
4413;344;20221231;22;200;100;100;170;144;;88;0;0;0;-1;10052;76;8;69;22.0;7;0;1;0;0;0
4414;344;20221231;23;210;100;100;170;143;;87;0;0;0;0;10054;80;8;69;;5;0;0;0;0;0
4415;344;20221231;24;210;110;100;170;145;132.0;88;0;0;0;0;10059;67;8;68;2.0;7;0;0;0;0;0
