;STN;YYYYMMDD;HH;DD;FH;FF;FX;T;T10N;TD;SQ;Q;DR;RH;P;VV;N;U;WW;IX;M;R;S;O;Y
0;260;20230701;1;210;60;50;120;158;;134;0;0;0;-1;10064;56;8;85;51.0;7;0;1;0;0;0
1;260;20230701;2;210;60;60;120;166;;128;0;0;0;-1;10055;75;8;78;22.0;7;0;1;0;0;0
2;260;20230701;3;200;60;50;120;166;;132;0;0;0;0;10049;75;8;80;2.0;7;0;0;0;0;0
3;260;20230701;4;200;60;60;120;164;;139;0;0;0;0;10043;70;8;85;;5;0;0;0;0;0
4;260;20230701;5;200;60;50;110;159;;147;0;4;0;0;10039;57;8;93;10.0;7;0;0;0;0;0
5;260;20230701;6;200;50;40;100;164;154.0;151;0;9;0;-1;10035;64;8;91;51.0;7;0;1;0;0;0
6;260;20230701;7;210;50;40;100;165;;156;0;16;7;7;10034;59;8;94;51.0;7;0;1;0;0;0
7;260;20230701;8;210;40;30;90;170;;162;0;27;0;-1;10032;56;8;94;81.0;7;0;1;0;0;0
8;260;20230701;9;220;50;50;100;175;;165;0;41;3;1;10030;43;8;94;23.0;7;0;1;0;0;0
9;260;20230701;10;220;40;40;90;179;;173;0;53;10;9;10028;40;8;95;58.0;7;0;1;0;0;0
10;260;20230701;11;270;40;40;80;181;;172;0;83;6;10;10029;35;8;94;61.0;7;0;1;0;0;0
11;260;20230701;12;250;40;30;80;189;163.0;169;1;116;1;1;10031;70;8;88;23.0;7;0;1;0;0;0
12;260;20230701;13;270;40;40;80;196;;165;1;110;0;-1;10034;70;8;82;23.0;7;0;1;0;0;0
13;260;20230701;14;300;50;50;110;181;;149;1;94;0;0;10042;70;8;81;;5;0;0;0;0;0
14;260;20230701;15;290;40;40;90;188;;145;1;90;0;0;10045;75;8;76;2.0;7;0;0;0;0;0
15;260;20230701;16;270;40;40;80;195;;141;1;86;0;0;10047;75;8;71;;5;0;0;0;0;0
16;260;20230701;17;270;40;50;90;193;;135;0;75;0;0;10047;80;8;69;;5;0;0;0;0;0
17;260;20230701;18;280;40;40;90;189;180.0;135;0;30;0;0;10053;75;8;70;2.0;7;0;0;0;0;0
18;260;20230701;19;270;40;30;80;183;;132;0;12;0;0;10057;75;8;71;;5;0;0;0;0;0
19;260;20230701;20;250;30;20;60;180;;124;0;3;0;0;10062;80;8;69;;5;0;0;0;0;0
20;260;20230701;21;230;30;20;50;175;;124;0;0;0;0;10065;75;8;72;;5;0;0;0;0;0
21;260;20230701;22;230;30;30;60;176;;130;0;0;0;0;10066;75;8;74;;5;0;0;0;0;0
22;260;20230701;23;220;30;40;60;177;;141;0;0;0;0;10064;75;8;79;;5;0;0;0;0;0
23;260;20230701;24;290;30;30;80;160;154.0;129;0;0;3;12;10066;70;7;81;23.0;7;0;1;0;0;0
24;260;20230702;1;270;20;20;50;150;;111;0;0;0;0;10070;75;7;77;;5;0;0;0;0;0
25;260;20230702;2;260;20;20;40;142;;104;0;0;0;0;10070;75;3;77;;5;0;0;0;0;0
26;260;20230702;3;240;20;30;40;130;;105;0;0;0;0;10074;70;4;84;;5;0;0;0;0;0
27;260;20230702;4;230;30;30;50;134;;101;0;3;0;0;10077;71;1;80;;5;0;0;0;0;0
28;260;20230702;5;230;30;30;50;144;;103;10;29;0;0;10081;69;0;76;;5;0;0;0;0;0
29;260;20230702;6;260;30;30;60;160;101.0;104;10;80;0;0;10085;73;1;69;;5;0;0;0;0;0
30;260;20230702;7;270;50;60;100;165;;94;8;116;0;0;10091;73;3;63;;5;0;0;0;0;0
31;260;20230702;8;270;50;50;100;175;;87;10;185;0;0;10096;80;3;56;;5;0;0;0;0;0
32;260;20230702;9;260;60;50;110;176;;86;9;205;0;0;10100;80;5;55;;5;0;0;0;0;0
33;260;20230702;10;280;50;60;110;179;;60;7;202;0;0;10101;81;7;45;;5;0;0;0;0;0
34;260;20230702;11;260;60;70;120;184;;58;5;209;0;0;10105;82;6;43;;5;0;0;0;0;0
35;260;20230702;12;270;60;60;120;195;160.0;66;5;206;0;0;10106;81;7;43;;5;0;0;0;0;0
36;260;20230702;13;260;60;60;130;198;;66;6;260;0;0;10109;79;5;42;;5;0;0;0;0;0
37;260;20230702;14;260;60;50;120;202;;66;10;311;0;0;10111;81;7;41;;5;0;0;0;0;0
38;260;20230702;15;270;60;60;120;196;;55;7;229;0;0;10112;82;8;39;;5;0;0;0;0;0
39;260;20230702;16;250;50;50;120;195;;67;5;153;0;0;10108;82;8;43;;5;0;0;0;0;0
40;260;20230702;17;250;50;40;120;194;;74;6;121;0;0;10106;81;7;46;;5;0;0;0;0;0
41;260;20230702;18;250;50;50;100;190;190.0;81;1;53;0;0;10103;81;8;49;;5;0;0;0;0;0
42;260;20230702;19;240;50;40;120;181;;85;0;23;0;0;10102;80;8;53;;5;0;0;0;0;0
43;260;20230702;20;240;40;40;90;177;;93;0;4;0;0;10101;82;8;57;;5;0;0;0;0;0
44;260;20230702;21;230;40;40;80;172;;109;0;0;0;0;10101;80;8;66;;5;0;0;0;0;0
45;260;20230702;22;230;40;40;80;169;;121;0;0;0;0;10100;68;8;73;;5;0;0;0;0;0
46;260;20230702;23;230;40;50;80;168;;121;0;0;0;0;10096;68;8;73;;5;0;0;0;0;0
47;260;20230702;24;220;50;50;90;167;163.0;117;0;0;0;0;10090;68;8;71;;5;0;0;0;0;0
48;260;20230703;1;230;50;50;100;163;;117;0;0;0;0;10089;67;8;74;;5;0;0;0;0;0
49;260;20230703;2;220;50;50;90;160;;122;0;0;0;0;10087;65;8;78;;5;0;0;0;0;0
50;260;20230703;3;230;40;40;80;157;;126;0;0;0;0;10086;64;8;81;;5;0;0;0;0;0
51;260;20230703;4;260;30;30;60;162;;84;0;1;0;0;10086;81;8;60;;5;0;0;0;0;0
52;260;20230703;5;270;30;30;60;160;;82;0;12;0;0;10090;82;8;59;;5;0;0;0;0;0
53;260;20230703;6;260;30;40;80;163;152.0;85;0;37;0;0;10092;81;8;60;;5;0;0;0;0;0
54;260;20230703;7;250;40;40;70;170;;82;1;73;0;0;10094;83;8;56;;5;0;0;0;0;0
55;260;20230703;8;240;50;50;100;181;;84;6;154;0;0;10095;76;7;53;;5;0;0;0;0;0
56;260;20230703;9;260;50;50;110;171;;87;1;60;0;0;10100;83;8;57;;5;0;0;0;0;0
57;260;20230703;10;260;50;50;100;173;;91;1;119;0;0;10102;81;8;58;;5;0;0;0;0;0
58;260;20230703;11;240;50;50;100;174;;87;1;117;0;0;10104;81;8;56;;5;0;0;0;0;0
59;260;20230703;12;260;60;50;120;175;162.0;85;3;131;0;-1;10104;82;8;55;23.0;7;0;1;0;0;0
60;260;20230703;13;240;60;70;130;190;;72;1;109;0;0;10105;82;8;46;;5;0;0;0;0;0
61;260;20230703;14;250;70;70;130;181;;69;3;108;0;0;10107;79;7;47;;5;0;0;0;0;0
62;260;20230703;15;250;60;60;120;174;;71;2;73;0;0;10104;83;8;50;;5;0;0;0;0;0
63;260;20230703;16;230;60;70;130;187;;74;5;131;0;0;10100;81;7;47;;5;0;0;0;0;0
64;260;20230703;17;240;60;70;140;190;;91;5;101;0;0;10093;82;7;52;;5;0;0;0;0;0
65;260;20230703;18;230;60;70;120;191;174.0;93;0;52;0;0;10088;81;8;53;;5;0;0;0;0;0
66;260;20230703;19;240;60;70;130;177;;98;0;9;0;-1;10091;75;8;59;57.0;7;0;1;0;0;0
67;260;20230703;20;220;60;50;150;143;;132;0;1;10;53;10094;61;8;92;61.0;7;0;1;0;0;0
68;260;20230703;21;240;40;30;110;139;;124;0;0;8;18;10096;64;8;90;61.0;7;0;1;0;0;0
69;260;20230703;22;230;40;40;100;130;;114;0;0;9;7;10099;70;8;89;61.0;7;0;1;0;0;0
70;260;20230703;23;220;40;40;70;135;;120;0;0;0;-1;10098;70;8;90;23.0;7;0;1;0;0;0
71;260;20230703;24;220;40;30;70;137;127.0;127;0;0;0;-1;10100;65;8;93;23.0;7;0;1;0;0;0
72;260;20230704;1;250;30;40;80;137;;112;0;0;3;4;10103;70;8;84;81.0;7;0;1;0;0;0
73;260;20230704;2;230;20;30;60;128;;109;0;0;0;-1;10103;70;8;87;23.0;7;0;1;0;0;0
74;260;20230704;3;220;30;30;40;129;;107;0;0;0;0;10103;70;8;86;2.0;7;0;0;0;0;0
75;260;20230704;4;220;20;30;40;128;;108;0;2;0;0;10105;70;8;87;;5;0;0;0;0;0
76;260;20230704;5;220;30;30;40;137;;107;0;16;0;0;10106;70;8;82;;5;0;0;0;0;0
77;260;20230704;6;220;20;30;40;155;115.0;112;5;59;0;0;10109;75;6;75;1.0;7;0;0;0;0;0
78;260;20230704;7;220;30;30;60;165;;121;7;96;0;0;10113;75;8;75;;5;0;0;0;0;0
79;260;20230704;8;240;40;50;100;161;;121;2;60;2;3;10116;75;8;76;23.0;7;0;1;0;0;0
80;260;20230704;9;240;40;50;90;175;;100;1;122;0;0;10118;80;8;61;2.0;7;0;0;0;0;0
81;260;20230704;10;230;60;50;110;184;;94;1;147;0;0;10122;80;8;55;;5;0;0;0;0;0
82;260;20230704;11;240;50;40;110;187;;89;2;129;0;0;10125;81;8;52;;5;0;0;0;0;0
83;260;20230704;12;250;60;60;120;194;151.0;84;4;219;0;0;10126;81;8;48;2.0;7;0;0;0;0;0
84;260;20230704;13;240;60;70;130;201;;85;8;282;0;0;10125;82;6;47;;5;0;0;0;0;0
85;260;20230704;14;250;50;60;100;201;;86;7;239;0;0;10124;82;7;47;;5;0;0;0;0;0
86;260;20230704;15;240;50;50;100;202;;81;4;183;0;0;10122;83;8;45;;5;0;0;0;0;0
87;260;20230704;16;250;40;30;90;206;;94;5;142;0;0;10118;80;7;48;;5;0;0;0;0;0
88;260;20230704;17;200;20;20;50;200;;101;3;93;0;0;10111;82;8;53;;5;0;0;0;0;0
89;260;20230704;18;130;10;20;30;195;199.0;109;2;42;0;0;10108;82;8;57;;5;0;0;0;0;0
90;260;20230704;19;130;20;30;30;186;;111;2;23;0;0;10098;83;8;61;;5;0;0;0;0;0
91;260;20230704;20;130;30;30;60;172;;119;0;2;4;1;10095;75;8;71;81.0;7;0;1;0;0;0
92;260;20230704;21;140;30;30;60;153;;136;0;0;3;2;10088;70;8;89;81.0;7;0;1;0;0;0
93;260;20230704;22;90;20;30;50;149;;142;0;0;7;17;10074;65;8;95;23.0;7;0;1;0;0;0
94;260;20230704;23;90;40;40;60;148;;139;0;0;0;-1;10057;64;8;94;81.0;7;0;1;0;0;0
95;260;20230704;24;110;40;40;70;150;145.0;134;0;0;4;6;10044;61;8;90;81.0;7;0;1;0;0;0
96;260;20230705;1;140;40;40;70;152;;146;0;0;6;21;10023;58;8;96;82.0;7;0;1;0;0;0
97;260;20230705;2;180;50;60;120;159;;147;0;0;5;5;10016;65;8;92;23.0;7;0;1;0;0;0
98;260;20230705;3;200;60;70;150;148;;121;0;0;0;-1;10018;70;8;83;81.0;7;0;1;0;0;0
99;260;20230705;4;200;70;70;150;142;;110;0;0;0;-1;10016;75;8;80;23.0;7;0;1;0;0;0
100;260;20230705;5;200;80;100;150;132;;114;0;9;3;6;10016;58;8;88;81.0;7;0;1;0;0;0
101;260;20230705;6;210;80;70;140;127;126.0;115;0;21;6;12;10014;50;8;91;63.0;7;0;1;0;0;0
102;260;20230705;7;220;90;90;180;117;;103;0;7;10;32;10019;58;8;91;63.0;7;0;1;0;0;0
103;260;20230705;8;240;90;90;180;127;;110;0;16;10;50;10031;59;8;89;62.0;7;0;1;0;0;0
104;260;20230705;9;250;80;60;180;125;;111;0;42;10;21;10048;58;8;90;62.0;7;0;1;0;0;0
105;260;20230705;10;260;80;70;160;118;;104;0;36;10;51;10067;59;8;90;63.0;7;0;1;0;0;0
106;260;20230705;11;260;60;70;150;146;;119;1;80;4;6;10077;67;8;84;81.0;7;0;1;0;0;0
107;260;20230705;12;290;60;50;130;125;114.0;111;0;45;10;43;10094;59;8;91;62.0;7;0;1;0;0;0
108;260;20230705;13;280;40;30;100;137;;120;3;132;4;1;10101;70;8;89;81.0;7;0;1;0;0;0
109;260;20230705;14;270;30;60;120;178;;117;3;134;0;-1;10107;80;8;67;23.0;7;0;1;0;0;0
110;260;20230705;15;260;60;70;140;185;;105;6;186;0;0;10113;81;7;59;12.0;7;0;0;0;0;0
111;260;20230705;16;270;60;60;120;183;;119;2;91;0;-1;10119;78;7;66;81.0;7;0;1;0;0;0
112;260;20230705;17;260;40;30;110;166;;105;5;84;1;2;10126;80;7;67;23.0;7;0;1;0;0;0
113;260;20230705;18;290;30;40;80;176;127.0;94;10;99;0;0;10129;83;6;58;1.0;7;0;0;0;0;0
114;260;20230705;19;280;30;20;70;162;;101;5;38;0;0;10135;80;5;67;;5;0;0;0;0;0
115;260;20230705;20;230;30;20;60;141;;121;0;2;4;4;10138;70;7;87;23.0;7;0;1;0;0;0
116;260;20230705;21;230;20;20;30;126;;115;0;0;0;0;10144;65;5;93;1.0;7;0;0;0;0;0
117;260;20230705;22;220;20;20;30;128;;116;0;0;0;0;10147;65;4;92;;5;0;0;0;0;0
118;260;20230705;23;210;20;20;30;119;;113;0;0;0;0;10149;65;5;95;;5;0;0;0;0;0
119;260;20230705;24;190;20;20;40;124;87.0;117;0;0;0;0;10149;65;8;95;3.0;7;0;0;0;0;0
120;260;20230706;1;210;30;30;50;135;;119;0;0;0;0;10149;70;1;89;;5;0;0;0;0;0
121;260;20230706;2;200;30;30;50;139;;119;0;0;0;0;10149;70;8;87;;5;0;0;0;0;0
122;260;20230706;3;210;20;20;50;137;;119;0;0;0;0;10150;70;8;88;;5;0;0;0;0;0
123;260;20230706;4;200;30;30;50;137;;120;0;1;0;0;10152;70;8;89;;5;0;0;0;0;0
124;260;20230706;5;210;30;30;50;141;;126;0;14;0;0;10155;68;7;90;;5;0;0;0;0;0
125;260;20230706;6;210;30;40;60;153;111.0;134;0;53;0;0;10158;64;8;88;;5;0;0;0;0;0
126;260;20230706;7;210;40;40;70;165;;141;4;90;0;0;10165;62;7;85;;5;0;0;0;0;0
127;260;20230706;8;220;40;30;70;181;;143;7;159;0;0;10167;71;7;78;;5;0;0;0;0;0
128;260;20230706;9;220;40;40;60;184;;134;4;169;0;0;10171;75;7;72;;5;0;0;0;0;0
129;260;20230706;10;200;40;40;70;180;;122;1;114;0;-1;10174;80;8;68;81.0;7;0;1;0;0;0
130;260;20230706;11;230;30;30;80;189;;134;1;68;3;2;10177;75;8;70;23.0;7;0;1;0;0;0
131;260;20230706;12;260;40;30;80;191;153.0;106;0;139;0;0;10179;82;8;57;2.0;7;0;0;0;0;0
132;260;20230706;13;230;40;40;90;210;;91;8;282;0;0;10180;83;5;46;;5;0;0;0;0;0
133;260;20230706;14;240;50;40;100;215;;80;10;302;0;0;10179;81;6;42;;5;0;0;0;0;0
134;260;20230706;15;270;40;40;90;211;;82;10;243;0;0;10180;82;7;43;;5;0;0;0;0;0
135;260;20230706;16;200;30;20;70;216;;84;10;200;0;0;10176;83;8;42;;5;0;0;0;0;0
136;260;20230706;17;200;30;30;60;213;;92;10;154;0;0;10176;82;7;46;;5;0;0;0;0;0
137;260;20230706;18;200;30;30;50;207;195.0;94;10;96;0;0;10178;83;7;48;;5;0;0;0;0;0
138;260;20230706;19;220;20;10;40;207;;104;8;39;0;0;10179;83;8;51;;5;0;0;0;0;0
139;260;20230706;20;340;20;10;30;166;;123;3;11;0;0;10185;75;5;75;;5;0;0;0;0;0
140;260;20230706;21;350;10;10;20;135;;126;0;0;0;0;10190;65;8;94;;5;0;0;0;0;0
141;260;20230706;22;30;10;10;10;124;;117;0;0;0;0;10193;65;7;95;;5;0;0;0;0;0
142;260;20230706;23;70;10;10;20;116;;111;0;0;0;0;10193;65;8;97;;5;0;0;0;0;0
143;260;20230706;24;100;10;10;20;111;82.0;106;0;0;0;0;10192;65;6;97;;5;0;0;0;0;0
144;260;20230707;1;110;10;10;20;105;;102;0;0;0;0;10192;20;8;98;10.0;7;0;0;0;0;0
145;260;20230707;2;140;10;20;30;100;;95;0;0;0;0;10191;60;0;97;;5;0;0;0;0;0
146;260;20230707;3;140;20;20;30;95;;90;0;0;0;0;10191;61;1;97;;5;0;0;0;0;0
147;260;20230707;4;140;20;20;30;105;;100;0;3;0;0;10193;65;1;97;;5;0;0;0;0;0
148;260;20230707;5;140;20;20;40;140;;112;10;29;0;0;10193;70;0;83;;5;0;0;0;0;0
149;260;20230707;6;140;30;30;40;168;58.0;115;10;78;0;0;10196;75;0;70;;5;0;0;0;0;0
150;260;20230707;7;150;30;30;60;195;;117;10;135;0;0;10199;81;7;60;;5;0;0;0;0;0
151;260;20230707;8;150;30;30;50;218;;120;10;191;0;0;10201;81;8;53;;5;0;0;0;0;0
152;260;20230707;9;140;40;30;60;237;;127;10;243;0;0;10202;82;6;50;;5;0;0;0;0;0
153;260;20230707;10;120;40;40;70;244;;89;10;286;0;0;10201;81;0;37;;5;0;0;0;0;0
154;260;20230707;11;140;40;40;70;254;;82;10;315;0;0;10199;81;0;33;;5;0;0;0;0;0
155;260;20230707;12;150;40;40;70;259;174.0;54;10;329;0;0;10196;81;0;26;;5;0;0;0;0;0
156;260;20230707;13;150;40;40;60;263;;75;10;327;0;0;10194;82;0;30;;5;0;0;0;0;0
157;260;20230707;14;150;30;30;80;270;;95;10;303;0;0;10191;81;0;33;;5;0;0;0;0;0
158;260;20230707;15;150;30;40;70;269;;99;10;265;0;0;10188;82;0;34;;5;0;0;0;0;0
159;260;20230707;16;130;30;30;70;272;;95;10;214;0;0;10185;82;0;32;;5;0;0;0;0;0
160;260;20230707;17;140;30;30;80;272;;87;10;157;0;0;10182;83;0;31;;5;0;0;0;0;0
161;260;20230707;18;80;30;40;60;263;262.0;97;10;101;0;0;10179;83;0;35;;5;0;0;0;0;0
162;260;20230707;19;70;30;30;60;252;;100;10;48;0;0;10179;83;0;38;;5;0;0;0;0;0
163;260;20230707;20;70;30;30;50;227;;109;3;9;0;0;10181;83;0;47;;5;0;0;0;0;0
164;260;20230707;21;60;30;30;40;212;;112;0;0;0;0;10182;83;0;53;;5;0;0;0;0;0
165;260;20230707;22;60;30;30;50;207;;110;0;0;0;0;10182;83;7;53;;5;0;0;0;0;0
166;260;20230707;23;60;30;30;60;205;;106;0;0;0;0;10180;83;6;53;;5;0;0;0;0;0
167;260;20230707;24;60;40;40;60;200;168.0;105;0;0;0;0;10178;83;2;54;;5;0;0;0;0;0
168;260;20230708;1;60;40;30;60;188;;107;0;0;0;0;10173;83;1;59;;5;0;0;0;0;0
169;260;20230708;2;70;30;30;60;181;;111;0;0;0;0;10170;83;0;63;;5;0;0;0;0;0
170;260;20230708;3;70;30;30;70;177;;113;0;0;0;0;10165;80;0;66;;5;0;0;0;0;0
171;260;20230708;4;80;30;30;50;172;;114;0;2;0;0;10166;80;0;68;;5;0;0;0;0;0
172;260;20230708;5;80;20;20;40;183;;118;8;25;0;0;10166;80;0;66;;5;0;0;0;0;0
173;260;20230708;6;80;30;30;50;199;152.0;119;10;71;0;0;10165;82;0;59;;5;0;0;0;0;0
174;260;20230708;7;100;30;30;50;222;;140;10;128;0;0;10166;83;0;59;;5;0;0;0;0;0
175;260;20230708;8;100;30;30;50;243;;137;10;185;0;0;10163;82;0;51;;5;0;0;0;0;0
176;260;20230708;9;110;30;20;50;261;;135;10;236;0;0;10166;82;0;45;;5;0;0;0;0;0
177;260;20230708;10;150;20;20;40;278;;153;10;274;0;0;10166;82;0;46;;5;0;0;0;0;0
178;260;20230708;11;160;20;20;50;293;;155;10;301;0;0;10163;80;0;43;;5;0;0;0;0;0
179;260;20230708;12;160;30;30;50;307;206.0;138;10;314;0;0;10161;81;1;35;;5;0;0;0;0;0
180;260;20230708;13;140;30;40;60;315;;128;10;309;0;0;10158;82;1;31;;5;0;0;0;0;0
181;260;20230708;14;140;30;30;60;319;;153;10;292;0;0;10157;80;2;36;;5;0;0;0;0;0
182;260;20230708;15;150;30;20;60;314;;145;7;223;0;0;10159;80;8;35;;5;0;0;0;0;0
183;260;20230708;16;130;30;30;50;308;;158;7;169;0;0;10158;82;7;40;;5;0;0;0;0;0
184;260;20230708;17;110;20;10;40;311;;174;2;90;0;0;10156;81;8;43;;5;0;0;0;0;0
185;260;20230708;18;150;10;10;30;312;310.0;166;10;90;0;0;10156;83;1;41;;5;0;0;0;0;0
186;260;20230708;19;200;30;20;50;291;;161;10;44;0;0;10160;82;8;45;;5;0;0;0;0;0
187;260;20230708;20;190;20;10;30;243;;192;3;8;0;0;10163;75;2;73;;5;0;0;0;0;0
188;260;20230708;21;150;10;20;20;216;;184;0;0;0;0;10167;70;1;82;;5;0;0;0;0;0
189;260;20230708;22;150;10;10;30;207;;181;0;0;0;0;10168;70;2;84;;5;0;0;0;0;0
190;260;20230708;23;160;10;10;30;194;;181;0;0;0;0;10173;65;8;92;;5;0;0;0;0;0
191;260;20230708;24;140;10;10;30;189;164.0;177;0;0;0;0;10171;65;8;93;;5;0;0;0;0;0
192;260;20230709;1;160;10;20;30;182;;175;0;0;0;0;10174;65;8;95;;5;0;0;0;0;0
193;260;20230709;2;120;10;20;30;180;;173;0;0;0;0;10175;65;8;95;;5;0;0;0;0;0
194;260;20230709;3;170;10;10;30;175;;170;0;0;0;0;10175;65;8;97;;5;0;0;0;0;0
195;260;20230709;4;150;10;10;20;175;;170;0;1;0;0;10177;65;8;96;;5;0;0;0;0;0
196;260;20230709;5;100;10;10;10;187;;179;0;16;0;0;10176;65;8;94;;5;0;0;0;0;0
197;260;20230709;6;150;10;10;20;229;151.0;190;4;56;0;0;10175;69;8;78;;5;0;0;0;0;0
198;260;20230709;7;140;10;10;30;256;;193;10;106;0;0;10178;68;7;68;;5;0;0;0;0;0
199;260;20230709;8;320;10;20;40;266;;202;10;166;0;0;10179;72;4;67;;5;0;0;0;0;0
200;260;20230709;9;20;30;20;50;284;;195;10;207;0;0;10177;80;5;58;;5;0;0;0;0;0
201;260;20230709;10;30;30;30;60;289;;194;7;240;0;0;10174;71;7;56;;5;0;0;0;0;0
202;260;20230709;11;340;30;40;50;287;;191;4;209;0;0;10176;79;6;56;;5;0;0;0;0;0
203;260;20230709;12;300;30;30;50;289;233.0;199;3;214;0;0;10177;80;7;58;;5;0;0;0;0;0
204;260;20230709;13;320;40;50;80;264;;173;4;212;0;0;10183;81;7;57;;5;0;0;0;0;0
205;260;20230709;14;320;50;50;90;235;;175;1;125;0;0;10184;80;8;69;;5;0;0;0;0;0
206;260;20230709;15;260;50;50;150;201;;189;0;19;4;23;10198;49;8;92;92.0;7;0;1;0;1;0
207;260;20230709;16;360;30;20;70;207;;184;1;78;1;1;10184;70;8;86;26.0;7;0;1;0;1;0
208;260;20230709;17;310;20;20;50;212;;191;0;55;0;0;10192;70;8;87;;5;0;0;0;0;0
209;260;20230709;18;310;30;30;70;205;200.0;181;2;56;0;0;10195;70;7;86;1.0;7;0;0;0;0;0
210;260;20230709;19;340;20;20;60;202;;180;2;22;0;0;10196;70;8;87;;5;0;0;0;0;0
211;260;20230709;20;310;10;10;40;199;;182;0;3;0;0;10197;70;8;89;;5;0;0;0;0;0
212;260;20230709;21;300;10;20;30;195;;181;0;0;0;0;10200;64;8;91;;5;0;0;0;0;0
213;260;20230709;22;300;20;20;40;188;;170;0;0;0;0;10203;66;8;89;;5;0;0;0;0;0
214;260;20230709;23;300;20;30;60;186;;164;0;0;0;0;10206;66;8;87;;5;0;0;0;0;0
215;260;20230709;24;300;20;10;60;177;170.0;152;0;0;0;0;10202;70;8;85;;5;0;0;0;0;0
216;260;20230710;1;220;10;10;30;171;;161;0;0;0;0;10203;65;8;93;;5;0;0;0;0;0
217;260;20230710;2;280;10;10;30;167;;153;0;0;0;0;10203;65;7;91;;5;0;0;0;0;0
218;260;20230710;3;260;20;10;40;160;;148;0;0;0;0;10203;65;1;92;;5;0;0;0;0;0
219;260;20230710;4;240;10;20;30;160;;148;0;1;0;0;10207;65;6;92;;5;0;0;0;0;0
220;260;20230710;5;240;20;20;40;171;;150;0;15;0;0;10209;70;2;87;;5;0;0;0;0;0
221;260;20230710;6;250;30;30;50;188;127.0;150;10;74;0;0;10210;75;0;78;;5;0;0;0;0;0
222;260;20230710;7;260;30;40;60;200;;154;10;131;0;0;10214;75;1;74;;5;0;0;0;0;0
223;260;20230710;8;260;30;40;70;207;;147;10;183;0;0;10216;77;1;68;;5;0;0;0;0;0
224;260;20230710;9;280;40;50;80;219;;134;10;227;0;0;10215;80;3;58;;5;0;0;0;0;0
225;260;20230710;10;270;40;40;70;224;;130;10;276;0;0;10215;81;2;55;;5;0;0;0;0;0
226;260;20230710;11;250;40;40;90;229;;132;8;275;0;0;10216;81;4;54;;5;0;0;0;0;0
227;260;20230710;12;260;40;40;70;241;193.0;143;7;260;0;0;10213;81;5;54;;5;0;0;0;0;0
228;260;20230710;13;250;40;40;80;241;;128;10;316;0;0;10212;80;4;49;;5;0;0;0;0;0
229;260;20230710;14;240;40;40;70;238;;126;7;224;0;0;10209;82;7;49;;5;0;0;0;0;0
230;260;20230710;15;240;30;30;80;249;;126;10;268;0;0;10206;80;1;46;;5;0;0;0;0;0
231;260;20230710;16;330;30;30;70;239;;112;10;212;0;0;10201;82;1;44;;5;0;0;0;0;0
232;260;20230710;17;340;30;20;50;242;;115;10;161;0;0;10195;82;2;44;;5;0;0;0;0;0
233;260;20230710;18;320;20;20;40;235;235.0;125;8;88;0;0;10192;83;8;50;;5;0;0;0;0;0
234;260;20230710;19;330;20;20;30;227;;126;10;42;0;0;10189;83;8;53;;5;0;0;0;0;0
235;260;20230710;20;20;10;10;30;204;;142;3;7;0;0;10185;80;8;67;;5;0;0;0;0;0
236;260;20230710;21;40;10;20;30;193;;128;0;0;0;0;10181;80;8;66;;5;0;0;0;0;0
237;260;20230710;22;310;10;20;30;174;;135;0;0;0;0;10178;75;8;77;;5;0;0;0;0;0
238;260;20230710;23;340;30;20;40;179;;126;0;0;0;0;10174;75;6;71;;5;0;0;0;0;0
239;260;20230710;24;360;20;20;30;160;139.0;138;0;0;0;0;10169;70;8;86;;5;0;0;0;0;0
240;260;20230711;1;0;10;0;30;153;;139;0;0;0;0;10167;65;8;91;;5;0;0;0;0;0
241;260;20230711;2;100;10;10;20;148;;138;0;0;0;0;10158;65;8;93;;5;0;0;0;0;0
242;260;20230711;3;100;10;10;30;143;;134;0;0;0;0;10149;65;8;93;;5;0;0;0;0;0
243;260;20230711;4;130;10;10;20;143;;136;0;1;0;0;10144;65;8;95;;5;0;0;0;0;0
244;260;20230711;5;150;20;20;30;166;;146;2;18;0;0;10138;70;8;88;;5;0;0;0;0;0
245;260;20230711;6;160;30;30;50;190;118.0;152;8;73;0;0;10132;75;1;78;;5;0;0;0;0;0
246;260;20230711;7;170;40;40;70;218;;146;10;131;0;0;10128;82;1;63;;5;0;0;0;0;0
247;260;20230711;8;200;40;40;70;241;;139;10;187;0;0;10125;80;5;52;;5;0;0;0;0;0
248;260;20230711;9;220;50;50;100;254;;147;10;239;0;0;10122;81;6;51;;5;0;0;0;0;0
249;260;20230711;10;210;60;60;110;260;;148;9;274;0;0;10119;80;8;49;;5;0;0;0;0;0
250;260;20230711;11;220;60;50;120;264;;146;10;305;0;0;10117;78;8;48;;5;0;0;0;0;0
251;260;20230711;12;250;50;40;100;267;196.0;148;8;292;0;0;10113;81;8;48;;5;0;0;0;0;0
252;260;20230711;13;210;50;50;100;271;;154;9;301;0;0;10109;81;8;48;;5;0;0;0;0;0
253;260;20230711;14;220;50;50;110;272;;156;6;228;0;0;10105;82;7;49;;5;0;0;0;0;0
254;260;20230711;15;280;40;40;80;272;;169;5;184;0;0;10102;81;7;53;;5;0;0;0;0;0
255;260;20230711;16;290;40;30;70;257;;171;4;142;0;0;10100;83;8;59;;5;0;0;0;0;0
256;260;20230711;17;280;30;30;70;253;;164;0;73;0;0;10096;82;8;58;;5;0;0;0;0;0
257;260;20230711;18;280;30;30;70;246;245.0;166;7;97;0;0;10092;83;8;60;;5;0;0;0;0;0
258;260;20230711;19;310;30;30;70;225;;168;3;23;0;0;10086;75;7;70;;5;0;0;0;0;0
259;260;20230711;20;280;30;20;80;217;;165;0;3;0;0;10088;75;8;72;91.0;7;0;0;0;1;0
260;260;20230711;21;230;20;10;70;185;;176;0;0;5;36;10086;65;8;94;91.0;7;0;1;0;1;0
261;260;20230711;22;220;30;10;60;173;;164;0;0;0;0;10088;65;6;94;26.0;7;0;0;0;1;0
262;260;20230711;23;220;20;20;40;171;;158;0;0;0;0;10088;65;6;92;;5;0;0;0;0;0
263;260;20230711;24;220;20;20;40;167;154.0;155;0;0;0;0;10088;65;8;92;3.0;7;0;0;0;0;0
264;260;20230712;1;240;30;20;50;170;;150;0;0;0;0;10085;70;8;87;;5;0;0;0;0;0
265;260;20230712;2;200;30;30;70;164;;155;0;0;9;24;10085;63;8;94;81.0;7;0;1;0;0;0
266;260;20230712;3;220;30;40;60;162;;152;0;0;0;-1;10087;65;8;93;23.0;7;0;1;0;0;0
267;260;20230712;4;210;40;30;70;162;;151;0;0;0;0;10088;65;8;93;;5;0;0;0;0;0
268;260;20230712;5;220;40;40;80;163;;148;0;10;0;0;10091;65;8;91;;5;0;0;0;0;0
269;260;20230712;6;210;30;40;90;166;156.0;150;0;25;0;-1;10095;68;8;90;23.0;7;0;1;0;0;0
270;260;20230712;7;230;50;50;90;176;;151;3;61;0;0;10098;70;7;84;;5;0;0;0;0;0
271;260;20230712;8;220;50;50;100;195;;155;7;148;0;0;10103;75;6;78;;5;0;0;0;0;0
272;260;20230712;9;240;50;50;100;191;;150;6;138;0;-1;10108;75;4;77;23.0;7;0;1;0;0;0
273;260;20230712;10;260;50;50;90;202;;145;6;162;0;-1;10111;80;6;69;23.0;7;0;1;0;0;0
274;260;20230712;11;260;50;50;120;200;;131;6;210;0;0;10113;82;6;64;;5;0;0;0;0;0
275;260;20230712;12;250;60;50;100;218;166.0;138;8;263;0;0;10116;81;6;60;2.0;7;0;0;0;0;0
276;260;20230712;13;250;50;50;100;210;;126;7;240;0;0;10120;81;6;58;;5;0;0;0;0;0
277;260;20230712;14;260;60;60;110;220;;114;10;295;0;0;10123;82;3;51;;5;0;0;0;0;0
278;260;20230712;15;240;50;40;100;218;;110;9;216;0;0;10123;83;4;50;;5;0;0;0;0;0
279;260;20230712;16;250;50;50;90;217;;106;10;234;0;0;10123;82;2;49;;5;0;0;0;0;0
280;260;20230712;17;240;50;50;100;212;;109;8;131;0;0;10125;82;2;51;;5;0;0;0;0;0
281;260;20230712;18;260;50;40;100;204;203.0;109;10;94;0;0;10125;82;1;54;;5;0;0;0;0;0
282;260;20230712;19;230;40;40;90;196;;96;10;44;0;0;10127;83;3;52;;5;0;0;0;0;0
283;260;20230712;20;230;50;50;90;183;;113;3;10;0;0;10133;83;7;63;;5;0;0;0;0;0
284;260;20230712;21;240;40;40;100;176;;121;0;0;0;0;10134;80;7;69;;5;0;0;0;0;0
285;260;20230712;22;230;40;50;80;174;;124;0;0;0;0;10133;75;4;72;;5;0;0;0;0;0
286;260;20230712;23;230;40;40;80;172;;128;0;0;0;0;10136;75;7;75;;5;0;0;0;0;0
287;260;20230712;24;220;40;30;70;169;159.0;132;0;0;0;0;10134;75;5;78;;5;0;0;0;0;0
288;260;20230713;1;210;30;30;60;160;;126;0;0;0;-1;10134;75;3;80;23.0;7;0;1;0;0;0
289;260;20230713;2;220;30;30;70;157;;130;0;0;0;0;10136;70;1;83;;5;0;0;0;0;0
290;260;20230713;3;220;30;30;70;154;;135;0;0;0;0;10138;70;0;88;1.0;7;0;0;0;0;0
291;260;20230713;4;210;30;30;60;150;;136;0;1;0;0;10141;65;1;91;;5;0;0;0;0;0
292;260;20230713;5;210;30;30;60;156;;143;0;17;0;0;10145;63;3;91;;5;0;0;0;0;0
293;260;20230713;6;210;30;40;60;168;142.0;147;3;48;0;0;10149;65;7;87;3.0;7;0;0;0;0;0
294;260;20230713;7;210;40;40;70;172;;149;6;84;0;-1;10154;61;8;86;92.0;7;0;1;0;1;0
295;260;20230713;8;210;40;40;80;178;;155;1;63;6;8;10156;66;7;86;26.0;7;0;1;0;1;0
296;260;20230713;9;220;50;30;90;166;;139;4;123;2;5;10158;70;8;84;81.0;7;0;1;0;1;0
297;260;20230713;10;240;40;40;120;189;;161;6;186;3;5;10161;70;7;83;26.0;7;0;1;0;1;0
298;260;20230713;11;240;50;60;110;202;;142;8;291;0;-1;10163;80;5;68;91.0;7;0;1;0;1;0
299;260;20230713;12;250;40;50;100;205;166.0;143;4;158;1;5;10166;80;7;67;26.0;7;0;1;0;1;0
300;260;20230713;13;260;40;50;90;212;;117;5;187;0;0;10166;82;5;54;;5;0;0;0;0;0
301;260;20230713;14;270;50;40;90;204;;123;5;186;0;0;10169;83;6;59;;5;0;0;0;0;0
302;260;20230713;15;290;40;40;80;210;;126;3;119;0;0;10170;81;7;58;;5;0;0;0;0;0
303;260;20230713;16;260;40;30;70;207;;127;8;155;0;0;10171;82;7;59;;5;0;0;0;0;0
304;260;20230713;17;260;40;40;80;202;;118;6;104;0;0;10171;83;7;58;;5;0;0;0;0;0
305;260;20230713;18;270;30;30;60;199;197.0;123;2;49;0;0;10172;83;6;61;;5;0;0;0;0;0
306;260;20230713;19;230;30;30;60;191;;123;10;32;0;0;10175;83;4;64;;5;0;0;0;0;0
307;260;20230713;20;240;20;30;50;180;;119;3;6;0;0;10177;80;2;67;;5;0;0;0;0;0
308;260;20230713;21;230;20;20;40;170;;119;0;0;0;0;10179;75;5;71;;5;0;0;0;0;0
309;260;20230713;22;210;20;10;50;153;;125;0;0;0;0;10179;70;8;83;;5;0;0;0;0;0
310;260;20230713;23;170;20;20;30;135;;122;0;0;0;0;10178;65;8;92;;5;0;0;0;0;0
311;260;20230713;24;200;20;20;40;140;102.0;124;0;0;0;0;10175;70;8;90;;5;0;0;0;0;0
312;260;20230714;1;170;20;10;40;136;;125;0;0;0;0;10172;65;8;93;;5;0;0;0;0;0
313;260;20230714;2;180;20;20;30;149;;128;0;0;0;0;10168;70;7;87;;5;0;0;0;0;0
314;260;20230714;3;190;20;20;40;146;;127;0;0;0;0;10166;70;8;88;;5;0;0;0;0;0
315;260;20230714;4;200;20;30;50;146;;123;0;1;0;0;10164;70;8;85;;5;0;0;0;0;0
316;260;20230714;5;200;30;20;50;152;;122;0;19;0;0;10162;70;7;82;;5;0;0;0;0;0
317;260;20230714;6;190;30;30;60;163;105.0;127;8;65;0;0;10159;75;8;78;;5;0;0;0;0;0
318;260;20230714;7;210;30;40;60;173;;133;9;118;0;0;10158;73;8;77;;5;0;0;0;0;0
319;260;20230714;8;190;40;40;70;181;;132;7;163;0;0;10153;75;8;73;;5;0;0;0;0;0
320;260;20230714;9;210;40;40;60;189;;130;3;159;0;0;10153;80;8;68;;5;0;0;0;0;0
321;260;20230714;10;190;40;40;80;197;;120;2;180;0;0;10150;80;8;61;;5;0;0;0;0;0
322;260;20230714;11;200;40;30;70;195;;120;2;159;0;0;10145;82;8;61;;5;0;0;0;0;0
323;260;20230714;12;170;30;20;60;203;167.0;128;0;116;0;0;10136;81;8;62;;5;0;0;0;0;0
324;260;20230714;13;170;30;30;60;220;;114;5;248;0;0;10127;82;8;50;;5;0;0;0;0;0
325;260;20230714;14;170;40;40;70;219;;126;2;185;0;0;10120;82;8;55;;5;0;0;0;0;0
326;260;20230714;15;130;30;30;60;222;;134;0;128;0;0;10107;82;8;57;;5;0;0;0;0;0
327;260;20230714;16;130;30;40;70;228;;135;3;133;0;0;10094;82;8;55;;5;0;0;0;0;0
328;260;20230714;17;100;30;20;50;220;;142;0;49;0;-1;10086;82;8;61;51.0;7;0;1;0;0;0
329;260;20230714;18;90;20;20;30;221;217.0;150;0;35;0;-1;10079;83;8;64;22.0;7;0;1;0;0;0
330;260;20230714;19;90;30;30;40;215;;144;5;23;0;0;10072;83;8;64;;5;0;0;0;0;0
331;260;20230714;20;90;30;30;50;211;;143;0;3;0;0;10066;83;8;64;;5;0;0;0;0;0
332;260;20230714;21;100;30;30;50;207;;145;0;0;0;-1;10060;80;8;67;81.0;7;0;1;0;0;0
333;260;20230714;22;100;30;30;50;200;;142;0;0;0;-1;10049;80;8;69;23.0;7;0;1;0;0;0
334;260;20230714;23;130;30;30;50;210;;135;0;0;0;0;10041;83;8;62;;5;0;0;0;0;0
335;260;20230714;24;150;40;40;70;221;183.0;129;0;0;0;0;10034;83;8;56;2.0;7;0;0;0;0;0
336;260;20230715;1;190;40;40;70;223;;118;0;0;0;0;10034;83;7;51;;5;0;0;0;0;0
337;260;20230715;2;220;40;40;80;217;;121;0;0;0;0;10038;83;1;54;;5;0;0;0;0;0
338;260;20230715;3;200;30;20;60;187;;138;0;0;0;0;10039;75;2;72;;5;0;0;0;0;0
339;260;20230715;4;200;20;30;50;196;;144;0;1;0;0;10039;75;7;71;;5;0;0;0;0;0
340;260;20230715;5;210;30;30;60;209;;159;2;17;0;0;10041;75;7;73;;5;0;0;0;0;0
341;260;20230715;6;230;30;30;50;211;154.0;164;3;46;0;0;10044;75;8;74;;5;0;0;0;0;0
342;260;20230715;7;230;40;50;90;219;;160;7;99;0;0;10045;80;6;69;;5;0;0;0;0;0
343;260;20230715;8;230;40;40;90;218;;162;6;135;0;0;10048;75;8;70;;5;0;0;0;0;0
344;260;20230715;9;230;40;40;80;228;;158;5;156;0;0;10049;83;6;64;;5;0;0;0;0;0
345;260;20230715;10;190;40;40;80;237;;172;4;181;0;0;10053;80;8;67;;5;0;0;0;0;0
346;260;20230715;11;200;40;50;90;236;;170;1;97;0;0;10050;80;8;66;;5;0;0;0;0;0
347;260;20230715;12;190;50;50;100;240;209.0;170;3;160;0;0;10045;83;8;64;;5;0;0;0;0;0
348;260;20230715;13;190;60;60;110;241;;158;6;228;0;0;10038;82;7;59;;5;0;0;0;0;0
349;260;20230715;14;190;60;80;140;250;;155;2;98;0;-1;10036;81;8;55;23.0;7;0;1;0;0;0
350;260;20230715;15;190;70;80;130;260;;141;8;206;0;0;10027;80;3;47;1.0;7;0;0;0;0;0
351;260;20230715;16;260;60;50;130;181;;162;1;36;6;13;10052;70;8;88;51.0;7;0;1;0;0;0
352;260;20230715;17;230;40;50;100;202;;155;10;138;0;-1;10051;75;4;74;22.0;7;0;1;0;0;0
353;260;20230715;18;220;50;40;110;203;176.0;148;7;91;0;0;10052;75;6;70;3.0;7;0;0;0;0;0
354;260;20230715;19;210;40;30;90;199;;130;2;19;0;0;10056;83;8;64;;5;0;0;0;0;0
355;260;20230715;20;220;30;30;70;197;;137;2;11;0;0;10063;80;8;68;;5;0;0;0;0;0
356;260;20230715;21;240;30;30;80;182;;117;0;0;0;0;10069;80;8;65;;5;0;0;0;0;0
357;260;20230715;22;200;30;40;60;175;;115;0;0;0;0;10074;80;0;67;;5;0;0;0;0;0
358;260;20230715;23;170;30;30;60;168;;122;0;0;0;0;10077;75;0;74;;5;0;0;0;0;0
359;260;20230715;24;200;40;50;80;170;151.0;106;0;0;0;0;10078;80;0;65;;5;0;0;0;0;0
360;260;20230716;1;200;50;40;100;171;;104;0;0;0;0;10080;83;0;64;;5;0;0;0;0;0
361;260;20230716;2;200;50;50;100;169;;107;0;0;0;0;10080;80;1;67;;5;0;0;0;0;0
362;260;20230716;3;200;50;60;110;169;;112;0;0;0;0;10081;80;2;68;;5;0;0;0;0;0
363;260;20230716;4;210;50;60;110;167;;110;0;1;0;0;10086;80;1;69;;5;0;0;0;0;0
364;260;20230716;5;210;60;60;110;170;;107;8;22;0;0;10090;80;0;66;;5;0;0;0;0;0
365;260;20230716;6;210;60;70;170;177;155.0;106;10;69;0;0;10095;80;0;63;;5;0;0;0;0;0
366;260;20230716;7;210;70;60;140;187;;114;10;127;0;0;10100;80;2;62;;5;0;0;0;0;0
367;260;20230716;8;220;70;80;130;191;;117;6;128;0;0;10106;80;5;62;;5;0;0;0;0;0
368;260;20230716;9;220;70;80;160;189;;120;6;164;0;0;10112;80;8;64;;5;0;0;0;0;0
369;260;20230716;10;210;70;80;150;193;;122;2;124;0;0;10116;80;8;63;;5;0;0;0;0;0
370;260;20230716;11;210;80;90;140;206;;124;3;173;0;0;10121;81;7;59;;5;0;0;0;0;0
371;260;20230716;12;210;90;80;150;206;178.0;114;5;224;0;0;10126;80;4;55;;5;0;0;0;0;0
372;260;20230716;13;220;70;70;130;213;;111;9;267;0;0;10128;80;7;52;;5;0;0;0;0;0
373;260;20230716;14;220;70;80;130;224;;111;2;142;0;0;10129;82;7;48;;5;0;0;0;0;0
374;260;20230716;15;210;70;80;130;212;;112;3;112;0;0;10133;83;8;52;;5;0;0;0;0;0
375;260;20230716;16;220;60;50;120;216;;115;7;164;0;0;10132;83;7;52;;5;0;0;0;0;0
376;260;20230716;17;240;60;50;120;211;;124;4;93;0;0;10135;81;7;57;;5;0;0;0;0;0
377;260;20230716;18;240;50;40;90;206;205.0;121;7;78;0;0;10137;81;8;58;;5;0;0;0;0;0
378;260;20230716;19;220;40;30;70;202;;120;3;22;0;0;10139;83;8;58;;5;0;0;0;0;0
379;260;20230716;20;200;40;40;70;192;;123;0;2;0;-1;10142;83;8;64;51.0;7;0;1;0;0;0
380;260;20230716;21;210;30;30;60;183;;127;0;0;0;-1;10143;80;8;69;23.0;7;0;1;0;0;0
381;260;20230716;22;230;30;30;50;184;;119;0;0;0;0;10145;80;8;65;;5;0;0;0;0;0
382;260;20230716;23;240;40;30;60;177;;137;0;0;0;0;10147;75;8;77;;5;0;0;0;0;0
383;260;20230716;24;220;30;50;80;174;165.0;118;0;0;0;-1;10148;80;8;69;23.0;7;0;1;0;0;0
384;260;20230717;1;210;40;40;80;168;;121;0;0;0;0;10149;75;6;73;;5;0;0;0;0;0
385;260;20230717;2;220;40;50;90;164;;115;0;0;0;0;10151;75;7;72;;5;0;0;0;0;0
386;260;20230717;3;210;40;40;80;155;;115;0;0;0;0;10153;75;0;77;;5;0;0;0;0;0
387;260;20230717;4;210;40;30;70;150;;118;0;1;0;0;10155;70;1;81;;5;0;0;0;0;0
388;260;20230717;5;200;40;30;80;154;;122;5;19;0;0;10159;70;1;81;;5;0;0;0;0;0
389;260;20230717;6;210;40;40;90;161;140.0;129;2;42;0;0;10164;71;6;80;;5;0;0;0;0;0
390;260;20230717;7;220;40;40;100;172;;131;8;94;0;0;10169;69;2;76;;5;0;0;0;0;0
391;260;20230717;8;230;50;50;100;185;;127;9;160;0;0;10172;80;7;68;;5;0;0;0;0;0
392;260;20230717;9;250;50;40;100;188;;105;8;182;0;0;10177;81;8;58;;5;0;0;0;0;0
393;260;20230717;10;220;50;40;110;176;;133;4;146;0;-1;10182;75;8;76;81.0;7;0;1;0;0;0
394;260;20230717;11;290;50;60;120;182;;122;7;225;0;-1;10186;76;8;67;23.0;7;0;1;0;0;0
395;260;20230717;12;250;40;40;110;195;153.0;146;5;203;4;33;10184;75;6;73;91.0;7;0;1;0;1;0
396;260;20230717;13;250;50;40;110;184;;127;3;166;0;-1;10185;78;8;69;81.0;7;0;1;0;1;0
397;260;20230717;14;230;40;50;80;187;;147;3;138;3;18;10189;72;7;77;26.0;7;0;1;0;1;0
398;260;20230717;15;240;50;60;100;186;;129;3;127;1;5;10190;79;8;69;81.0;7;0;1;0;1;0
399;260;20230717;16;240;50;50;90;190;;123;6;155;1;6;10190;80;7;65;23.0;7;0;1;0;0;0
400;260;20230717;17;240;40;40;80;205;;101;10;159;0;0;10191;83;3;51;;5;0;0;0;0;0
401;260;20230717;18;240;50;40;100;196;171.0;100;10;100;0;0;10197;83;0;53;1.0;7;0;0;0;0;0
402;260;20230717;19;250;30;20;80;185;;112;10;44;0;0;10201;83;0;62;;5;0;0;0;0;0
403;260;20230717;20;250;30;30;80;175;;116;2;6;0;0;10207;80;2;68;;5;0;0;0;0;0
404;260;20230717;21;240;30;30;50;166;;120;0;0;0;0;10210;75;8;74;;5;0;0;0;0;0
405;260;20230717;22;180;20;10;40;137;;124;0;0;0;0;10211;65;8;91;;5;0;0;0;0;0
406;260;20230717;23;220;20;20;30;147;;126;0;0;0;0;10213;70;8;87;;5;0;0;0;0;0
407;260;20230717;24;210;20;10;30;132;111.0;120;0;0;0;0;10210;65;8;92;;5;0;0;0;0;0
408;260;20230718;1;210;20;20;40;146;;122;0;0;0;0;10208;70;8;85;;5;0;0;0;0;0
409;260;20230718;2;140;20;20;40;124;;115;0;0;0;0;10206;65;8;94;;5;0;0;0;0;0
410;260;20230718;3;150;20;20;30;119;;112;0;0;0;0;10203;65;8;95;;5;0;0;0;0;0
411;260;20230718;4;150;20;20;30;118;;108;0;1;0;0;10205;65;6;93;;5;0;0;0;0;0
412;260;20230718;5;200;20;20;30;138;;113;5;18;0;0;10202;70;5;84;;5;0;0;0;0;0
413;260;20230718;6;200;30;30;40;156;85.0;119;9;67;0;0;10201;75;8;78;;5;0;0;0;0;0
414;260;20230718;7;200;30;30;50;175;;140;10;123;0;0;10202;70;8;80;;5;0;0;0;0;0
415;260;20230718;8;180;30;30;50;184;;148;10;178;0;0;10199;73;6;79;;5;0;0;0;0;0
416;260;20230718;9;240;30;40;70;195;;135;9;205;0;0;10197;78;8;68;;5;0;0;0;0;0
417;260;20230718;10;210;30;30;60;202;;137;6;204;0;0;10194;80;8;66;;5;0;0;0;0;0
418;260;20230718;11;240;30;30;60;212;;123;8;286;0;0;10188;80;8;56;;5;0;0;0;0;0
419;260;20230718;12;220;30;20;70;223;160.0;114;8;288;0;0;10183;82;6;49;;5;0;0;0;0;0
420;260;20230718;13;270;20;20;60;227;;101;8;257;0;0;10179;81;5;44;;5;0;0;0;0;0
421;260;20230718;14;210;20;20;50;232;;112;4;173;0;0;10172;82;5;46;;5;0;0;0;0;0
422;260;20230718;15;990;20;10;40;231;;104;5;168;0;0;10168;83;8;44;;5;0;0;0;0;0
423;260;20230718;16;350;20;20;50;224;;124;3;122;0;0;10165;82;8;53;;5;0;0;0;0;0
424;260;20230718;17;330;30;30;60;221;;124;4;95;0;0;10160;82;8;54;;5;0;0;0;0;0
425;260;20230718;18;320;30;30;40;209;207.0;120;1;51;0;0;10159;83;8;56;;5;0;0;0;0;0
426;260;20230718;19;300;20;20;40;197;;126;0;15;0;0;10159;83;8;63;;5;0;0;0;0;0
427;260;20230718;20;0;10;0;30;181;;133;0;3;0;0;10156;75;8;73;;5;0;0;0;0;0
428;260;20230718;21;0;10;0;30;162;;144;0;0;0;-1;10153;70;8;89;23.0;7;0;1;0;0;0
429;260;20230718;22;110;10;10;20;153;;139;0;0;0;0;10150;65;8;91;;5;0;0;0;0;0
430;260;20230718;23;150;10;10;10;146;;139;0;0;0;0;10147;65;8;95;;5;0;0;0;0;0
431;260;20230718;24;200;10;10;20;145;125.0;139;0;0;0;0;10145;65;8;96;2.0;7;0;0;0;0;0
432;260;20230719;1;0;10;0;20;137;;133;0;0;0;0;10140;65;7;97;;5;0;0;0;0;0
433;260;20230719;2;270;10;10;10;136;;131;0;0;0;-1;10138;65;8;97;51.0;7;0;1;0;0;0
434;260;20230719;3;0;10;0;10;134;;129;0;0;0;-1;10136;62;8;97;81.0;7;0;1;0;0;0
435;260;20230719;4;0;0;0;10;136;;131;0;0;0;-1;10135;65;8;97;81.0;7;0;1;0;0;0
436;260;20230719;5;0;0;0;10;149;;144;2;14;0;-1;10137;65;8;97;23.0;7;0;1;0;0;0
437;260;20230719;6;80;0;10;10;167;111.0;154;0;35;0;0;10136;65;8;91;2.0;7;0;0;0;0;0
438;260;20230719;7;100;10;10;20;191;;146;7;107;0;0;10135;75;7;75;;5;0;0;0;0;0
439;260;20230719;8;300;20;20;50;196;;134;7;152;0;0;10136;80;7;67;;5;0;0;0;0;0
440;260;20230719;9;280;20;20;40;201;;142;2;100;0;0;10134;80;7;69;;5;0;0;0;0;0
441;260;20230719;10;290;20;30;50;195;;139;4;131;1;3;10134;75;8;70;81.0;7;0;1;0;0;0
442;260;20230719;11;310;30;30;70;201;;144;3;135;0;-1;10135;80;8;69;23.0;7;0;1;0;0;0
443;260;20230719;12;300;40;40;70;205;171.0;133;4;195;0;0;10135;83;7;63;1.0;7;0;0;0;0;0
444;260;20230719;13;290;30;40;80;210;;133;1;135;0;0;10135;83;8;61;;5;0;0;0;0;0
445;260;20230719;14;280;40;50;90;207;;127;3;183;0;0;10137;83;7;60;;5;0;0;0;0;0
446;260;20230719;15;290;40;30;80;203;;136;1;130;0;0;10136;80;8;65;;5;0;0;0;0;0
447;260;20230719;16;290;40;40;80;198;;131;0;108;0;0;10137;80;8;65;;5;0;0;0;0;0
448;260;20230719;17;300;30;30;70;192;;133;0;65;0;0;10139;80;8;68;;5;0;0;0;0;0
449;260;20230719;18;300;30;30;60;187;186.0;133;0;28;0;0;10140;75;8;70;;5;0;0;0;0;0
450;260;20230719;19;300;30;30;50;180;;131;3;23;0;0;10141;75;8;72;;5;0;0;0;0;0
451;260;20230719;20;310;20;20;50;175;;134;2;5;0;0;10141;75;8;76;;5;0;0;0;0;0
452;260;20230719;21;300;20;20;30;171;;135;0;0;0;0;10142;75;8;79;;5;0;0;0;0;0
453;260;20230719;22;300;10;10;30;169;;139;0;0;0;-1;10142;70;8;82;81.0;7;0;1;0;0;0
454;260;20230719;23;340;20;20;40;156;;141;0;0;7;8;10145;70;8;90;57.0;7;0;1;0;0;0
455;260;20230719;24;340;20;20;40;153;148.0;142;0;0;0;-1;10146;65;8;93;23.0;7;0;1;0;0;0
456;260;20230720;1;340;20;20;40;146;;135;0;0;0;0;10146;65;3;93;;5;0;0;0;0;0
457;260;20230720;2;320;20;20;30;137;;131;0;0;0;0;10148;65;0;96;;5;0;0;0;0;0
458;260;20230720;3;280;20;20;30;122;;120;0;0;0;0;10149;57;0;98;10.0;7;0;0;0;0;0
459;260;20230720;4;270;10;20;30;119;;116;0;1;0;0;10151;41;0;98;10.0;7;0;0;0;0;0
460;260;20230720;5;280;20;10;30;137;;116;7;23;0;0;10155;67;1;87;;5;0;0;0;0;0
461;260;20230720;6;320;10;20;30;158;87.0;116;8;63;0;0;10155;75;0;76;;5;0;0;0;0;0
462;260;20230720;7;300;20;20;40;169;;116;10;121;0;0;10159;75;0;71;;5;0;0;0;0;0
463;260;20230720;8;290;20;20;40;178;;100;10;179;0;0;10159;83;0;60;;5;0;0;0;0;0
464;260;20230720;9;340;20;20;40;188;;87;10;234;0;0;10160;80;0;51;;5;0;0;0;0;0
465;260;20230720;10;310;10;30;40;190;;80;10;284;0;0;10158;83;1;48;;5;0;0;0;0;0
466;260;20230720;11;360;20;20;60;199;;90;3;193;0;0;10156;82;7;49;;5;0;0;0;0;0
467;260;20230720;12;310;20;20;40;208;164.0;94;5;226;0;0;10152;83;6;47;;5;0;0;0;0;0
468;260;20230720;13;320;20;30;50;211;;109;4;183;0;0;10150;83;7;52;;5;0;0;0;0;0
469;260;20230720;14;280;30;20;60;210;;109;4;209;0;0;10147;83;8;52;;5;0;0;0;0;0
470;260;20230720;15;70;20;10;50;205;;105;0;80;0;0;10142;83;8;52;;5;0;0;0;0;0
471;260;20230720;16;340;20;30;50;203;;89;0;59;0;0;10140;83;8;48;;5;0;0;0;0;0
472;260;20230720;17;310;20;20;50;201;;89;0;55;0;0;10137;83;8;48;;5;0;0;0;0;0
473;260;20230720;18;290;20;20;40;195;192.0;98;0;36;0;0;10135;83;8;53;;5;0;0;0;0;0
474;260;20230720;19;350;20;20;40;192;;111;10;36;0;0;10135;83;8;59;;5;0;0;0;0;0
475;260;20230720;20;340;20;20;40;161;;121;2;5;0;0;10136;75;1;77;;5;0;0;0;0;0
476;260;20230720;21;360;10;10;30;141;;121;0;0;0;0;10136;70;7;87;;5;0;0;0;0;0
477;260;20230720;22;360;20;20;30;158;;111;0;0;0;0;10134;75;8;73;;5;0;0;0;0;0
478;260;20230720;23;330;20;10;30;151;;117;0;0;0;0;10133;75;8;80;;5;0;0;0;0;0
479;260;20230720;24;0;10;0;30;135;118.0;122;0;0;0;0;10129;65;8;91;;5;0;0;0;0;0
480;260;20230721;1;0;10;0;20;128;;121;0;0;0;0;10126;65;8;95;;5;0;0;0;0;0
481;260;20230721;2;0;0;0;10;118;;112;0;0;0;0;10121;65;8;96;;5;0;0;0;0;0
482;260;20230721;3;330;10;10;30;110;;108;0;0;0;0;10120;50;8;98;10.0;7;0;0;0;0;0
483;260;20230721;4;0;0;0;20;110;;107;0;0;0;0;10118;56;8;98;10.0;7;0;0;0;0;0
484;260;20230721;5;0;0;0;10;126;;121;7;19;0;0;10115;60;8;97;;5;0;0;0;0;0
485;260;20230721;6;0;0;0;10;146;83.0;121;2;40;0;0;10114;65;8;85;;5;0;0;0;0;0
486;260;20230721;7;0;10;0;10;170;;116;5;79;0;0;10113;75;8;70;;5;0;0;0;0;0
487;260;20230721;8;260;10;20;30;177;;110;0;74;0;0;10113;83;8;64;;5;0;0;0;0;0
488;260;20230721;9;270;20;20;40;192;;85;3;165;0;0;10113;83;8;49;;5;0;0;0;0;0
489;260;20230721;10;210;20;30;60;203;;99;9;270;0;0;10110;82;6;51;;5;0;0;0;0;0
490;260;20230721;11;260;30;40;70;199;;87;6;224;0;0;10111;82;8;48;;5;0;0;0;0;0
491;260;20230721;12;310;40;30;80;168;152.0;125;0;82;0;-1;10115;75;8;75;81.0;7;0;1;0;0;0
492;260;20230721;13;240;20;20;50;172;;128;0;91;0;-1;10115;75;8;75;81.0;7;0;1;0;0;0
493;260;20230721;14;290;30;40;90;192;;115;3;142;0;-1;10114;82;7;61;23.0;7;0;1;0;0;0
494;260;20230721;15;280;50;50;120;195;;97;8;234;0;0;10119;81;8;52;3.0;7;0;0;0;0;0
495;260;20230721;16;290;50;50;100;183;;94;8;183;0;0;10122;83;7;56;;5;0;0;0;0;0
496;260;20230721;17;290;50;50;90;184;;90;9;118;0;0;10125;83;3;54;;5;0;0;0;0;0
497;260;20230721;18;280;40;50;80;173;172.0;99;10;87;0;0;10129;83;1;61;1.0;7;0;0;0;0;0
498;260;20230721;19;270;40;40;70;166;;109;0;17;0;0;10131;80;7;69;;5;0;0;0;0;0
499;260;20230721;20;240;30;20;80;143;;130;0;2;5;9;10137;64;8;91;81.0;7;0;1;0;0;0
500;260;20230721;21;230;20;20;30;135;;127;0;0;0;-1;10139;65;7;95;23.0;7;0;1;0;0;0
501;260;20230721;22;220;10;10;30;123;;119;0;0;0;0;10140;57;7;97;10.0;7;0;0;0;0;0
502;260;20230721;23;220;10;10;30;113;;112;0;0;0;0;10139;2;6;99;34.0;7;1;0;0;0;0
503;260;20230721;24;220;20;20;30;113;83.0;110;0;0;0;0;10139;58;7;98;20.0;7;1;0;0;0;0
504;260;20230722;1;190;10;10;20;115;;115;0;0;0;0;10136;3;8;99;34.0;7;1;0;0;0;0
505;260;20230722;2;180;10;10;10;104;;104;0;0;0;0;10133;2;8;99;34.0;7;1;0;0;0;0
506;260;20230722;3;140;10;10;20;103;;103;0;0;0;0;10130;1;8;99;34.0;7;1;0;0;0;0
507;260;20230722;4;170;10;10;30;105;;105;0;0;0;0;10131;4;8;99;32.0;7;1;0;0;0;0
508;260;20230722;5;200;20;20;30;130;;128;0;10;0;0;10131;57;8;98;20.0;7;1;0;0;0;0
509;260;20230722;6;200;20;20;40;145;76.0;137;0;27;0;0;10131;57;8;94;10.0;7;0;0;0;0;0
510;260;20230722;7;200;30;40;60;160;;144;2;71;0;0;10129;58;8;90;10.0;7;0;0;0;0;0
511;260;20230722;8;200;30;30;70;173;;139;0;94;0;0;10128;64;8;80;;5;0;0;0;0;0
512;260;20230722;9;210;40;40;90;185;;142;3;156;0;0;10127;73;8;76;;5;0;0;0;0;0
513;260;20230722;10;230;50;50;100;187;;125;0;116;0;0;10126;80;8;67;;5;0;0;0;0;0
514;260;20230722;11;220;50;50;100;186;;122;1;93;0;0;10126;80;8;66;;5;0;0;0;0;0
515;260;20230722;12;250;30;30;80;161;145.0;141;0;42;3;22;10125;59;8;87;82.0;7;0;1;0;0;0
516;260;20230722;13;220;20;20;50;174;;148;0;43;3;1;10124;70;8;84;23.0;7;0;1;0;0;0
517;260;20230722;14;240;30;30;90;168;;128;0;40;0;0;10123;75;8;76;;5;0;0;0;0;0
518;260;20230722;15;240;30;30;60;175;;120;0;60;0;0;10120;75;8;70;2.0;7;0;0;0;0;0
519;260;20230722;16;240;30;30;60;176;;128;0;40;0;-1;10117;75;8;73;23.0;7;0;1;0;0;0
520;260;20230722;17;240;30;20;60;181;;132;0;61;0;0;10113;75;8;72;;5;0;0;0;0;0
521;260;20230722;18;210;30;30;70;167;160.0;133;0;13;6;2;10110;67;8;80;81.0;7;0;1;0;0;0
522;260;20230722;19;220;40;30;90;152;;143;0;3;10;18;10113;60;8;94;61.0;7;0;1;0;0;0
523;260;20230722;20;210;30;30;50;151;;138;0;1;10;10;10109;65;8;91;61.0;7;0;1;0;0;0
524;260;20230722;21;200;40;40;70;148;;136;0;0;10;6;10107;65;8;92;57.0;7;0;1;0;0;0
525;260;20230722;22;190;40;30;70;149;;135;0;0;4;1;10100;65;8;91;51.0;7;0;1;0;0;0
526;260;20230722;23;180;30;30;60;150;;138;0;0;4;1;10095;65;8;92;57.0;7;0;1;0;0;0
527;260;20230722;24;180;30;30;70;152;145.0;135;0;0;6;1;10086;70;8;89;57.0;7;0;1;0;0;0
528;260;20230723;1;150;30;20;50;148;;140;0;0;6;1;10079;62;8;94;57.0;7;0;1;0;0;0
529;260;20230723;2;170;20;20;40;149;;139;0;0;6;2;10071;63;8;93;51.0;7;0;1;0;0;0
530;260;20230723;3;150;20;20;40;147;;137;0;0;0;-1;10062;64;8;93;81.0;7;0;1;0;0;0
531;260;20230723;4;160;20;20;30;147;;136;0;0;0;-1;10055;63;8;93;61.0;7;0;1;0;0;0
532;260;20230723;5;180;30;40;70;159;;131;0;7;0;-1;10052;70;8;83;23.0;7;0;1;0;0;0
533;260;20230723;6;200;40;40;90;157;141.0;135;0;16;9;1;10052;65;8;86;51.0;7;0;1;0;0;0
534;260;20230723;7;200;50;50;110;152;;136;0;21;5;4;10053;68;8;90;23.0;7;0;1;0;0;0
535;260;20230723;8;200;50;50;100;154;;139;0;35;0;0;10053;70;8;90;;5;0;0;0;0;0
536;260;20230723;9;200;50;60;110;160;;140;0;45;0;0;10052;70;8;88;2.0;7;0;0;0;0;0
537;260;20230723;10;200;50;50;110;163;;151;0;49;0;-1;10053;43;8;92;57.0;7;0;1;0;0;0
538;260;20230723;11;200;60;60;120;173;;156;0;65;0;-1;10054;70;8;89;23.0;7;0;1;0;0;0
539;260;20230723;12;200;60;50;120;185;151.0;160;1;100;0;-1;10054;70;8;85;23.0;7;0;1;0;0;0
540;260;20230723;13;220;60;60;120;198;;165;1;125;0;0;10051;70;8;81;;5;0;0;0;0;0
541;260;20230723;14;230;60;60;130;222;;154;5;192;0;0;10050;80;7;65;;5;0;0;0;0;0
542;260;20230723;15;230;60;70;150;227;;156;4;145;0;0;10048;83;7;64;;5;0;0;0;0;0
543;260;20230723;16;240;60;50;120;221;;157;3;130;0;0;10047;80;8;67;;5;0;0;0;0;0
544;260;20230723;17;230;50;60;110;219;;156;5;101;0;0;10044;80;8;67;;5;0;0;0;0;0
545;260;20230723;18;210;50;40;110;209;192.0;172;2;54;0;0;10043;75;8;79;;5;0;0;0;0;0
546;260;20230723;19;210;40;30;70;206;;174;0;16;0;0;10042;70;7;81;;5;0;0;0;0;0
547;260;20230723;20;210;40;60;110;198;;171;0;1;0;0;10043;70;8;84;;5;0;0;0;0;0
548;260;20230723;21;220;50;60;90;188;;167;0;0;0;0;10048;70;7;87;;5;0;0;0;0;0
549;260;20230723;22;210;40;40;100;182;;164;0;0;0;0;10047;70;3;89;;5;0;0;0;0;0
550;260;20230723;23;220;40;30;80;184;;159;0;0;0;0;10047;70;7;85;;5;0;0;0;0;0
551;260;20230723;24;230;40;30;70;182;176.0;156;0;0;0;0;10041;70;7;84;;5;0;0;0;0;0
552;260;20230724;1;220;40;30;80;178;;153;0;0;0;0;10034;70;8;85;;5;0;0;0;0;0
553;260;20230724;2;210;30;30;60;177;;153;0;0;0;0;10031;70;8;86;;5;0;0;0;0;0
554;260;20230724;3;210;30;30;60;175;;155;0;0;0;-1;10026;70;8;88;81.0;7;0;1;0;0;0
555;260;20230724;4;220;30;40;60;172;;152;0;0;0;-1;10024;70;8;88;81.0;7;0;1;0;0;0
556;260;20230724;5;220;30;30;60;171;;154;0;3;0;-1;10024;70;8;89;23.0;7;0;1;0;0;0
557;260;20230724;6;220;30;30;70;174;166.0;150;1;28;0;0;10026;70;8;85;2.0;7;0;0;0;0;0
558;260;20230724;7;230;50;50;90;182;;149;2;71;0;0;10027;70;8;81;;5;0;0;0;0;0
559;260;20230724;8;210;40;40;80;189;;148;1;94;0;0;10025;75;8;77;;5;0;0;0;0;0
560;260;20230724;9;220;50;60;90;191;;143;4;145;0;0;10026;75;6;73;;5;0;0;0;0;0
561;260;20230724;10;210;50;50;90;197;;144;1;115;0;0;10022;75;8;71;;5;0;0;0;0;0
562;260;20230724;11;230;50;50;90;200;;142;4;191;0;0;10019;80;7;69;;5;0;0;0;0;0
563;260;20230724;12;210;50;50;90;203;176.0;147;3;187;0;0;10021;75;8;70;;5;0;0;0;0;0
564;260;20230724;13;250;50;30;100;181;;161;0;65;3;43;10022;70;8;88;57.0;7;0;1;0;1;0
565;260;20230724;14;280;30;40;70;195;;159;1;83;0;-1;10021;75;7;79;91.0;7;0;1;0;1;0
566;260;20230724;15;310;40;50;80;189;;140;2;128;0;0;10028;75;8;73;26.0;7;0;0;0;1;0
567;260;20230724;16;330;50;50;100;173;;137;2;81;0;0;10035;75;8;79;;5;0;0;0;0;0
568;260;20230724;17;320;40;40;90;165;;129;0;41;0;0;10043;75;8;79;;5;0;0;0;0;0
569;260;20230724;18;330;40;40;70;166;164.0;124;3;45;0;0;10050;75;6;76;1.0;7;0;0;0;0;0
570;260;20230724;19;340;40;30;80;158;;113;0;7;0;0;10056;75;8;74;;5;0;0;0;0;0
571;260;20230724;20;330;20;20;60;153;;111;0;3;0;0;10063;75;8;75;;5;0;0;0;0;0
572;260;20230724;21;310;20;10;40;140;;108;0;0;0;0;10069;70;0;81;;5;0;0;0;0;0
573;260;20230724;22;270;20;20;30;114;;109;0;0;0;0;10069;65;1;96;;5;0;0;0;0;0
574;260;20230724;23;280;20;20;30;109;;104;0;0;0;0;10069;65;0;97;;5;0;0;0;0;0
575;260;20230724;24;260;20;20;30;106;70.0;101;0;0;0;0;10070;65;1;97;;5;0;0;0;0;0
576;260;20230725;1;260;20;10;30;94;;92;0;0;0;0;10069;10;5;98;10.0;7;0;0;0;0;0
577;260;20230725;2;260;10;10;30;88;;88;0;0;0;0;10067;5;2;99;34.0;7;1;0;0;0;0
578;260;20230725;3;270;10;10;30;86;;83;0;0;0;0;10065;50;7;98;20.0;7;1;0;0;0;0
579;260;20230725;4;280;10;10;30;94;;89;0;0;0;0;10065;60;8;97;;5;0;0;0;0;0
580;260;20230725;5;310;10;20;40;119;;112;0;9;0;0;10067;65;8;95;;5;0;0;0;0;0
581;260;20230725;6;10;30;30;50;136;56.0;115;0;33;0;-1;10070;70;8;87;81.0;7;0;1;0;0;0
582;260;20230725;7;350;20;20;50;153;;114;2;60;0;-1;10072;75;3;77;23.0;7;0;1;0;0;0
583;260;20230725;8;350;40;50;90;164;;85;9;169;0;0;10072;83;6;59;;5;0;0;0;0;0
584;260;20230725;9;350;40;40;80;169;;90;7;192;0;0;10077;83;7;59;3.0;7;0;0;0;0;0
585;260;20230725;10;330;30;30;70;178;;77;2;172;0;0;10081;82;8;51;;5;0;0;0;0;0
586;260;20230725;11;330;30;30;70;176;;82;5;187;0;0;10082;83;8;53;;5;0;0;0;0;0
587;260;20230725;12;310;40;40;80;185;134.0;94;4;207;0;0;10083;82;7;55;1.0;7;0;0;0;0;0
588;260;20230725;13;310;40;50;80;192;;93;7;248;0;0;10086;82;7;52;;5;0;0;0;0;0
589;260;20230725;14;290;40;40;90;191;;97;8;267;0;0;10088;82;2;54;;5;0;0;0;0;0
590;260;20230725;15;300;50;50;100;188;;77;9;254;0;0;10092;81;3;48;;5;0;0;0;0;0
591;260;20230725;16;310;40;50;80;184;;88;10;191;0;0;10095;82;1;53;;5;0;0;0;0;0
592;260;20230725;17;290;50;40;80;178;;97;10;136;0;0;10097;83;3;58;;5;0;0;0;0;0
593;260;20230725;18;290;40;40;90;172;173.0;89;10;94;0;0;10100;82;5;58;;5;0;0;0;0;0
594;260;20230725;19;310;40;30;80;155;;107;2;18;0;0;10104;75;7;72;;5;0;0;0;0;0
595;260;20230725;20;310;20;10;40;149;;109;0;2;0;0;10108;75;8;76;;5;0;0;0;0;0
596;260;20230725;21;270;10;20;30;143;;106;0;0;0;0;10111;75;8;78;;5;0;0;0;0;0
597;260;20230725;22;280;20;10;40;142;;106;0;0;0;0;10113;75;8;78;;5;0;0;0;0;0
598;260;20230725;23;240;10;20;30;135;;108;0;0;0;0;10112;70;8;83;;5;0;0;0;0;0
599;260;20230725;24;240;20;10;50;131;114.0;114;0;0;0;-1;10113;70;6;89;23.0;7;0;1;0;0;0
600;260;20230726;1;210;20;10;30;106;;100;0;0;0;0;10112;65;7;96;;5;0;0;0;0;0
601;260;20230726;2;200;10;10;20;96;;95;0;0;0;0;10111;7;1;99;34.0;7;1;0;0;0;0
602;260;20230726;3;210;10;10;30;88;;85;0;0;0;0;10111;13;3;98;20.0;7;1;0;0;0;0
603;260;20230726;4;170;10;10;20;95;;92;0;0;0;0;10110;32;8;98;20.0;7;1;0;0;0;0
604;260;20230726;5;140;10;10;20;113;;108;0;10;0;0;10111;62;8;97;;5;0;0;0;0;0
605;260;20230726;6;220;10;10;30;130;55.0;121;0;25;3;4;10115;56;8;94;92.0;7;0;1;0;1;0
606;260;20230726;7;170;20;10;80;115;;105;0;6;8;47;10120;65;8;93;92.0;7;0;1;0;1;0
607;260;20230726;8;200;20;30;50;155;;130;7;138;0;-1;10120;70;1;85;26.0;7;0;1;0;1;0
608;260;20230726;9;230;30;30;50;165;;129;8;184;0;-1;10119;75;7;79;81.0;7;0;1;0;0;0
609;260;20230726;10;270;30;40;70;182;;125;6;173;2;1;10120;80;3;69;23.0;7;0;1;0;0;0
610;260;20230726;11;270;40;40;90;188;;104;8;248;0;-1;10120;81;4;58;23.0;7;0;1;0;0;0
611;260;20230726;12;280;50;50;90;186;111.0;103;6;200;0;0;10124;82;6;58;3.0;7;0;0;0;0;0
612;260;20230726;13;270;50;40;100;201;;106;9;273;0;0;10126;82;2;54;;5;0;0;0;0;0
613;260;20230726;14;260;50;50;100;197;;94;10;268;0;0;10127;81;1;51;;5;0;0;0;0;0
614;260;20230726;15;250;40;40;90;199;;101;9;237;0;0;10127;83;3;53;;5;0;0;0;0;0
615;260;20230726;16;270;40;40;90;197;;99;9;173;0;0;10125;82;3;53;;5;0;0;0;0;0
616;260;20230726;17;300;40;30;80;198;;94;10;152;0;0;10121;81;2;51;;5;0;0;0;0;0
617;260;20230726;18;250;30;30;60;192;191.0;73;10;83;0;0;10120;83;4;45;;5;0;0;0;0;0
618;260;20230726;19;220;20;10;60;167;;104;7;19;0;0;10119;80;8;66;;5;0;0;0;0;0
619;260;20230726;20;230;20;20;30;170;;86;0;2;0;0;10119;83;8;57;;5;0;0;0;0;0
620;260;20230726;21;160;10;10;30;141;;111;0;0;0;0;10115;70;8;81;;5;0;0;0;0;0
621;260;20230726;22;190;10;10;20;140;;118;0;0;0;0;10107;70;8;86;;5;0;0;0;0;0
622;260;20230726;23;150;10;10;30;140;;117;0;0;0;0;10103;70;8;85;;5;0;0;0;0;0
623;260;20230726;24;140;20;10;30;140;121.0;121;0;0;0;0;10095;70;8;88;;5;0;0;0;0;0
624;260;20230727;1;200;30;40;80;147;;130;0;0;6;7;10091;60;8;89;81.0;7;0;1;0;0;0
625;260;20230727;2;190;30;20;60;140;;134;0;0;10;28;10082;61;8;95;61.0;7;0;1;0;0;0
626;260;20230727;3;150;20;30;40;138;;135;0;0;10;24;10070;59;8;98;61.0;7;0;1;0;0;0
627;260;20230727;4;150;30;40;70;141;;136;0;0;10;12;10057;58;8;97;58.0;7;0;1;0;0;0
628;260;20230727;5;160;40;30;80;141;;137;0;1;10;11;10049;41;8;97;52.0;7;0;1;0;0;0
629;260;20230727;6;170;40;40;70;148;131.0;144;0;7;10;12;10042;50;8;97;52.0;7;0;1;0;0;0
630;260;20230727;7;190;40;40;70;158;;153;0;21;10;2;10036;41;8;97;81.0;7;0;1;0;0;0
631;260;20230727;8;210;40;40;80;167;;162;0;32;8;3;10032;41;8;96;52.0;7;0;1;0;0;0
632;260;20230727;9;230;50;40;100;174;;166;0;48;6;2;10031;65;8;95;81.0;7;0;1;0;0;0
633;260;20230727;10;220;40;50;90;179;;173;0;66;9;12;10031;38;8;96;52.0;7;0;1;0;0;0
634;260;20230727;11;230;40;50;80;180;;174;0;67;9;11;10031;38;8;96;52.0;7;0;1;0;0;0
635;260;20230727;12;230;40;50;90;188;148.0;177;0;92;2;1;10030;59;8;93;81.0;7;0;1;0;0;0
636;260;20230727;13;240;40;50;90;185;;177;0;69;6;7;10030;41;8;95;58.0;7;0;1;0;0;0
637;260;20230727;14;240;40;40;110;185;;178;0;65;10;6;10033;29;8;95;58.0;7;0;1;0;0;0
638;260;20230727;15;230;50;50;100;187;;180;0;54;6;2;10034;39;8;95;52.0;7;0;1;0;0;0
639;260;20230727;16;230;50;50;100;182;;174;0;29;0;-1;10034;50;8;94;57.0;7;0;1;0;0;0
640;260;20230727;17;230;50;50;100;181;;174;0;26;0;-1;10035;40;8;95;81.0;7;0;1;0;0;0
641;260;20230727;18;230;50;50;90;180;180.0;172;0;19;4;1;10034;65;8;94;23.0;7;0;1;0;0;0
642;260;20230727;19;230;40;40;90;181;;171;0;6;0;0;10037;65;8;93;;5;0;0;0;0;0
643;260;20230727;20;230;40;40;90;182;;169;0;1;0;0;10040;65;8;92;;5;0;0;0;0;0
644;260;20230727;21;230;50;50;90;182;;170;0;0;0;0;10040;65;8;92;;5;0;0;0;0;0
645;260;20230727;22;240;40;40;80;180;;171;0;0;0;0;10043;60;8;94;;5;0;0;0;0;0
646;260;20230727;23;230;40;40;80;181;;172;0;0;0;0;10042;61;8;94;;5;0;0;0;0;0
647;260;20230727;24;230;40;40;90;182;178.0;172;0;0;0;0;10043;63;8;93;;5;0;0;0;0;0
648;260;20230728;1;230;30;30;70;181;;171;0;0;0;-1;10042;64;8;94;23.0;7;0;1;0;0;0
649;260;20230728;2;230;30;30;70;178;;173;0;0;2;10;10043;57;8;96;81.0;7;0;1;0;0;0
650;260;20230728;3;220;30;30;50;180;;173;0;0;0;-1;10043;58;8;95;23.0;7;0;1;0;0;0
651;260;20230728;4;230;30;30;60;181;;175;0;0;0;-1;10047;50;8;96;81.0;7;0;1;0;0;0
652;260;20230728;5;230;30;30;60;182;;176;0;2;0;-1;10050;56;8;95;23.0;7;0;1;0;0;0
653;260;20230728;6;220;30;30;70;183;176.0;178;0;10;0;-1;10052;37;8;96;23.0;7;0;1;0;0;0
654;260;20230728;7;220;30;40;60;187;;178;0;23;0;0;10058;57;8;94;10.0;7;0;0;0;0;0
655;260;20230728;8;230;40;40;60;192;;177;0;48;0;0;10063;64;8;91;;5;0;0;0;0;0
656;260;20230728;9;220;40;30;80;213;;183;2;103;0;0;10066;70;8;83;;5;0;0;0;0;0
657;260;20230728;10;230;40;40;70;219;;177;1;132;0;0;10068;75;8;77;;5;0;0;0;0;0
658;260;20230728;11;210;50;60;90;223;;173;8;266;0;0;10068;75;6;73;;5;0;0;0;0;0
659;260;20230728;12;240;50;50;90;233;183.0;178;5;233;0;0;10071;75;5;71;;5;0;0;0;0;0
660;260;20230728;13;240;40;40;80;221;;171;2;147;0;0;10074;75;7;72;;5;0;0;0;0;0
661;260;20230728;14;260;30;20;70;233;;167;3;184;0;0;10072;80;7;66;;5;0;0;0;0;0
662;260;20230728;15;240;40;40;80;226;;171;4;152;0;0;10074;75;8;71;;5;0;0;0;0;0
663;260;20230728;16;240;40;40;70;215;;173;1;104;0;0;10074;75;8;76;;5;0;0;0;0;0
664;260;20230728;17;240;40;30;80;202;;163;2;58;0;-1;10074;75;8;78;23.0;7;0;1;0;0;0
665;260;20230728;18;230;20;20;40;205;201.0;169;0;23;0;0;10072;75;8;80;2.0;7;0;0;0;0;0
666;260;20230728;19;200;20;10;40;198;;166;8;34;0;0;10073;70;6;81;;5;0;0;0;0;0
667;260;20230728;20;190;20;20;30;192;;165;0;2;0;0;10076;70;8;84;;5;0;0;0;0;0
668;260;20230728;21;220;30;30;50;194;;157;0;0;0;0;10075;75;8;79;;5;0;0;0;0;0
669;260;20230728;22;190;30;20;60;181;;152;0;0;0;0;10073;70;8;83;;5;0;0;0;0;0
670;260;20230728;23;200;20;20;40;171;;152;0;0;0;0;10072;70;8;88;;5;0;0;0;0;0
671;260;20230728;24;220;20;20;40;171;147.0;152;0;0;0;0;10071;70;8;88;;5;0;0;0;0;0
672;260;20230729;1;220;20;20;40;172;;155;0;0;0;0;10067;70;8;90;;5;0;0;0;0;0
673;260;20230729;2;210;30;30;60;172;;159;0;0;0;0;10064;65;8;92;;5;0;0;0;0;0
674;260;20230729;3;220;30;30;70;170;;147;0;0;0;0;10062;70;8;86;;5;0;0;0;0;0
675;260;20230729;4;220;30;30;60;167;;142;0;0;0;0;10062;70;8;85;;5;0;0;0;0;0
676;260;20230729;5;220;30;40;70;166;;143;0;5;0;0;10062;70;8;86;;5;0;0;0;0;0
677;260;20230729;6;220;30;30;70;172;147.0;148;0;29;0;0;10064;70;8;86;;5;0;0;0;0;0
678;260;20230729;7;220;40;40;70;181;;155;3;70;0;0;10065;70;8;84;;5;0;0;0;0;0
679;260;20230729;8;220;40;50;80;188;;155;1;67;0;0;10067;70;8;81;;5;0;0;0;0;0
680;260;20230729;9;220;40;40;100;198;;157;2;63;0;-1;10068;75;7;77;51.0;7;0;1;0;0;0
681;260;20230729;10;250;40;30;90;186;;164;2;70;2;10;10069;70;8;86;23.0;7;0;1;0;0;0
682;260;20230729;11;220;30;40;70;187;;168;1;74;3;3;10071;70;8;88;23.0;7;0;1;0;0;0
683;260;20230729;12;230;40;30;90;200;171.0;174;2;121;6;6;10071;70;8;85;23.0;7;0;1;0;0;0
684;260;20230729;13;230;40;40;80;206;;171;2;143;0;0;10069;75;7;80;;5;0;0;0;0;0
685;260;20230729;14;240;40;50;90;218;;159;4;150;0;0;10069;80;6;69;;5;0;0;0;0;0
686;260;20230729;15;230;40;50;90;220;;147;7;195;0;0;10069;82;7;63;;5;0;0;0;0;0
687;260;20230729;16;240;50;50;100;217;;147;6;143;0;0;10068;83;6;64;;5;0;0;0;0;0
688;260;20230729;17;240;40;40;80;219;;152;8;112;0;0;10066;80;3;65;;5;0;0;0;0;0
689;260;20230729;18;240;40;50;120;210;200.0;121;7;69;0;0;10071;82;1;56;;5;0;0;0;0;0
690;260;20230729;19;240;40;40;100;193;;121;10;32;0;0;10075;83;0;63;;5;0;0;0;0;0
691;260;20230729;20;230;40;40;80;183;;126;0;3;0;0;10079;80;1;69;;5;0;0;0;0;0
692;260;20230729;21;230;40;40;90;176;;125;0;0;0;0;10082;75;0;71;;5;0;0;0;0;0
693;260;20230729;22;240;50;50;80;174;;122;0;0;0;0;10080;75;1;71;;5;0;0;0;0;0
694;260;20230729;23;230;50;50;80;170;;123;0;0;0;0;10082;75;0;73;;5;0;0;0;0;0
695;260;20230729;24;220;40;40;70;164;153.0;121;0;0;0;0;10085;75;5;75;;5;0;0;0;0;0
696;260;20230730;1;220;40;30;70;157;;125;0;0;0;0;10086;70;8;81;;5;0;0;0;0;0
697;260;20230730;2;220;40;40;80;158;;131;0;0;0;0;10088;70;8;84;;5;0;0;0;0;0
698;260;20230730;3;220;40;40;70;154;;136;0;0;0;0;10087;69;8;89;;5;0;0;0;0;0
699;260;20230730;4;210;30;30;60;151;;140;0;0;0;0;10089;63;8;93;;5;0;0;0;0;0
700;260;20230730;5;210;30;30;60;157;;145;0;8;0;0;10091;61;8;93;;5;0;0;0;0;0
701;260;20230730;6;210;40;40;70;164;143.0;150;0;30;0;0;10093;62;8;91;;5;0;0;0;0;0
702;260;20230730;7;200;40;40;90;167;;146;0;47;0;0;10093;64;8;87;;5;0;0;0;0;0
703;260;20230730;8;210;50;60;110;177;;145;2;86;0;0;10095;68;8;81;;5;0;0;0;0;0
704;260;20230730;9;230;60;70;120;183;;139;4;122;0;0;10096;70;7;75;;5;0;0;0;0;0
705;260;20230730;10;240;60;70;120;189;;125;4;141;0;-1;10102;80;5;66;23.0;7;0;1;0;0;0
706;260;20230730;11;240;50;70;110;200;;115;6;205;0;0;10105;81;6;58;;5;0;0;0;0;0
707;260;20230730;12;250;60;60;120;197;164.0;121;2;179;0;0;10109;82;7;61;3.0;7;0;0;0;0;0
708;260;20230730;13;240;60;50;120;206;;124;9;249;0;0;10111;81;6;59;;5;0;0;0;0;0
709;260;20230730;14;260;70;70;140;202;;110;7;198;0;0;10112;81;6;55;;5;0;0;0;0;0
710;260;20230730;15;250;60;60;120;200;;116;4;139;0;0;10113;80;7;58;;5;0;0;0;0;0
711;260;20230730;16;240;60;60;140;199;;127;1;111;0;0;10112;81;8;62;;5;0;0;0;0;0
712;260;20230730;17;240;60;70;120;190;;138;4;91;0;0;10111;75;8;71;;5;0;0;0;0;0
713;260;20230730;18;220;70;70;130;177;176.0;142;2;33;0;0;10112;75;8;80;;5;0;0;0;0;0
714;260;20230730;19;210;50;40;120;171;;149;0;7;0;-1;10109;70;8;86;23.0;7;0;1;0;0;0
715;260;20230730;20;210;50;50;100;163;;154;0;0;9;9;10109;65;8;94;57.0;7;0;1;0;0;0
716;260;20230730;21;210;40;40;80;155;;143;0;0;10;2;10107;65;8;92;61.0;7;0;1;0;0;0
717;260;20230730;22;200;30;40;70;147;;142;0;0;10;21;10103;60;8;96;61.0;7;0;1;0;0;0
718;260;20230730;23;190;40;40;80;147;;144;0;0;10;53;10097;58;8;98;62.0;7;0;1;0;0;0
719;260;20230730;24;210;30;20;70;154;146.0;152;0;0;10;41;10092;56;8;98;63.0;7;0;1;0;0;0
720;260;20230731;1;230;40;50;100;167;;162;0;0;7;12;10088;50;8;96;62.0;7;0;1;0;0;0
721;260;20230731;2;240;50;50;100;165;;158;0;0;6;5;10087;42;8;95;52.0;7;0;1;0;0;0
722;260;20230731;3;230;50;60;100;168;;154;0;0;1;1;10080;61;8;91;22.0;7;0;1;0;0;0
723;260;20230731;4;220;50;50;90;165;;150;0;0;1;1;10078;61;8;91;81.0;7;0;1;0;0;0
724;260;20230731;5;210;50;50;100;158;;151;0;3;3;2;10073;44;8;95;81.0;7;0;1;0;0;0
725;260;20230731;6;200;50;60;120;158;152.0;152;0;6;10;15;10067;47;8;96;51.0;7;0;1;0;0;0
726;260;20230731;7;220;50;50;120;164;;157;0;17;8;2;10061;50;8;96;52.0;7;0;1;0;0;0
727;260;20230731;8;220;60;60;130;169;;162;0;32;9;5;10060;48;8;95;51.0;7;0;1;0;0;0
728;260;20230731;9;220;60;60;120;173;;165;0;59;4;1;10057;32;8;95;52.0;7;0;1;0;0;0
729;260;20230731;10;230;60;60;130;178;;169;0;85;8;2;10055;44;8;94;81.0;7;0;1;0;0;0
730;260;20230731;11;220;50;50;100;181;;172;0;54;6;4;10054;62;8;94;23.0;7;0;1;0;0;0
731;260;20230731;12;220;60;50;110;181;157.0;173;0;48;7;7;10053;64;8;95;51.0;7;0;1;0;0;0
732;260;20230731;13;220;60;40;120;184;;172;0;53;0;-1;10048;65;8;92;81.0;7;0;1;0;0;0
733;260;20230731;14;220;50;50;100;183;;178;0;51;8;20;10044;43;8;97;58.0;7;0;1;0;0;0
734;260;20230731;15;220;50;50;110;182;;177;0;33;9;22;10038;49;8;96;62.0;7;0;1;0;0;0
735;260;20230731;16;200;50;60;120;180;;173;0;19;10;15;10026;47;8;95;52.0;7;0;1;0;0;0
736;260;20230731;17;220;60;60;120;177;;172;0;16;5;4;10022;57;8;96;81.0;7;0;1;0;0;0
737;260;20230731;18;220;40;40;110;179;176.0;172;0;8;10;18;10017;65;8;96;61.0;7;0;1;0;0;0
738;260;20230731;19;220;50;40;90;179;;168;0;10;0;-1;10013;65;8;93;23.0;7;0;1;0;0;0
739;260;20230731;20;230;40;30;90;170;;158;0;2;0;-1;10009;65;8;92;23.0;7;0;1;0;0;0
740;260;20230731;21;220;40;40;80;168;;146;0;0;0;-1;10003;70;8;86;23.0;7;0;1;0;0;0
741;260;20230731;22;220;30;30;60;166;;145;0;0;0;0;9995;70;8;87;;5;0;0;0;0;0
742;260;20230731;23;270;30;20;70;154;;147;0;0;3;5;9991;65;8;95;81.0;7;0;1;0;0;0
743;260;20230731;24;250;20;30;70;155;150.0;144;0;0;0;-1;9985;61;8;93;51.0;7;0;1;0;0;0
744;260;20230801;1;220;20;20;50;149;;145;0;0;0;-1;9978;65;8;97;22.0;7;0;1;0;0;0
745;260;20230801;2;230;30;30;40;149;;141;0;0;0;0;9977;65;1;95;;5;0;0;0;0;0
746;260;20230801;3;270;30;20;60;153;;137;0;0;2;2;9976;70;7;90;81.0;7;0;1;0;0;0
747;260;20230801;4;240;30;30;70;152;;145;0;0;6;36;9977;65;7;95;23.0;7;0;1;0;0;0
748;260;20230801;5;230;30;40;60;158;;150;3;12;0;-1;9975;64;8;95;81.0;7;0;1;0;0;0
749;260;20230801;6;250;30;30;70;163;138.0;147;0;30;0;-1;9979;70;8;90;23.0;7;0;1;0;0;0
750;260;20230801;7;260;30;40;60;176;;144;9;93;0;0;9982;70;7;81;;5;0;0;0;0;0
751;260;20230801;8;250;50;50;100;180;;148;7;117;1;1;9984;70;4;81;23.0;7;0;1;0;0;0
752;260;20230801;9;260;60;80;130;180;;129;7;164;0;0;9988;75;8;71;3.0;7;0;0;0;0;0
753;260;20230801;10;280;50;60;120;193;;131;5;184;0;0;9991;80;6;67;;5;0;0;0;0;0
754;260;20230801;11;270;60;60;130;186;;123;5;167;0;-1;9997;80;6;66;23.0;7;0;1;0;0;0
755;260;20230801;12;270;60;60;110;185;161.0;125;4;157;0;-1;10001;80;7;67;23.0;7;0;1;0;0;0
756;260;20230801;13;270;60;50;130;176;;135;5;132;2;1;10005;64;7;77;81.0;7;0;1;0;0;0
757;260;20230801;14;260;50;70;120;191;;120;5;180;0;-1;10007;82;7;63;23.0;7;0;1;0;0;0
758;260;20230801;15;270;50;50;120;187;;126;0;54;0;0;10012;80;8;67;3.0;7;0;0;0;0;0
759;260;20230801;16;240;40;40;120;170;;141;1;47;4;13;10015;70;8;82;23.0;7;0;1;0;0;0
760;260;20230801;17;250;50;50;100;182;;133;2;74;0;0;10015;75;8;72;;5;0;0;0;0;0
761;260;20230801;18;240;40;40;90;183;155.0;129;2;43;0;0;10015;75;8;71;2.0;7;0;0;0;0;0
762;260;20230801;19;250;30;30;60;178;;128;0;10;0;0;10019;75;8;72;;5;0;0;0;0;0
763;260;20230801;20;230;30;30;60;173;;127;0;0;0;0;10021;75;8;74;;5;0;0;0;0;0
764;260;20230801;21;230;30;30;60;172;;135;0;0;0;0;10020;75;8;78;;5;0;0;0;0;0
765;260;20230801;22;210;30;30;60;161;;139;0;0;0;0;10017;70;4;86;;5;0;0;0;0;0
766;260;20230801;23;190;30;20;50;155;;139;0;0;0;0;10014;69;8;89;;5;0;0;0;0;0
767;260;20230801;24;150;20;20;50;146;138.0;135;0;0;0;0;10003;65;8;92;;5;0;0;0;0;0
768;260;20230802;1;190;20;20;40;151;;135;0;0;0;0;10000;70;7;90;;5;0;0;0;0;0
769;260;20230802;2;160;20;30;50;148;;136;0;0;0;0;9994;65;5;92;;5;0;0;0;0;0
770;260;20230802;3;160;30;20;50;147;;137;0;0;0;0;9982;65;8;94;;5;0;0;0;0;0
771;260;20230802;4;160;30;20;50;147;;139;0;0;0;0;9970;65;8;95;;5;0;0;0;0;0
772;260;20230802;5;150;30;40;60;152;;142;0;3;0;-1;9955;65;8;93;23.0;7;0;1;0;0;0
773;260;20230802;6;140;40;40;80;152;132.0;147;0;8;7;7;9941;56;8;96;82.0;7;0;1;0;0;0
774;260;20230802;7;140;50;50;90;154;;151;0;8;10;44;9927;56;8;97;62.0;7;0;1;0;0;0
775;260;20230802;8;140;50;50;80;157;;154;0;30;10;25;9913;50;8;97;62.0;7;0;1;0;0;0
776;260;20230802;9;160;50;50;90;166;;161;0;44;9;17;9904;41;8;97;58.0;7;0;1;0;0;0
777;260;20230802;10;190;40;40;80;191;;176;2;83;0;-1;9897;70;8;90;23.0;7;0;1;0;0;0
778;260;20230802;11;230;50;60;120;213;;169;8;240;0;0;9889;75;7;75;;5;0;0;0;0;0
779;260;20230802;12;230;70;80;140;218;151.0;145;7;239;0;0;9887;81;4;63;1.0;7;0;0;0;0;0
780;260;20230802;13;240;70;70;150;220;;139;8;250;0;0;9884;83;5;60;;5;0;0;0;0;0
781;260;20230802;14;250;70;70;150;206;;138;5;163;0;0;9888;82;7;64;;5;0;0;0;0;0
782;260;20230802;15;240;70;70;150;209;;126;8;194;0;0;9890;80;7;59;;5;0;0;0;0;0
783;260;20230802;16;230;60;40;150;168;;151;0;45;4;42;9895;69;7;89;81.0;7;0;1;0;0;0
784;260;20230802;17;220;40;40;80;178;;147;2;62;0;-1;9893;70;8;81;23.0;7;0;1;0;0;0
785;260;20230802;18;210;40;50;80;180;162.0;142;0;39;0;-1;9890;75;8;78;23.0;7;0;1;0;0;0
786;260;20230802;19;180;40;50;90;162;;152;0;10;6;10;9889;58;8;93;81.0;7;0;1;0;0;0
787;260;20230802;20;180;40;60;90;165;;154;0;0;4;6;9885;65;8;92;81.0;7;0;1;0;0;0
788;260;20230802;21;190;50;50;90;169;;151;0;0;0;-1;9882;70;8;89;57.0;7;0;1;0;0;0
789;260;20230802;22;180;50;50;100;163;;155;0;0;6;6;9876;64;8;95;61.0;7;0;1;0;0;0
790;260;20230802;23;200;50;50;90;163;;155;0;0;6;4;9875;59;8;94;61.0;7;0;1;0;0;0
791;260;20230802;24;230;50;50;100;164;160.0;158;0;0;4;9;9880;65;8;95;81.0;7;0;1;0;0;0
792;260;20230803;1;240;40;50;100;168;;160;0;0;4;14;9889;57;8;94;82.0;7;0;1;0;0;0
793;260;20230803;2;230;40;40;100;168;;160;0;0;1;1;9897;65;8;95;23.0;7;0;1;0;0;0
794;260;20230803;3;220;30;40;60;168;;158;0;0;0;0;9898;65;8;93;2.0;7;0;0;0;0;0
795;260;20230803;4;240;30;30;60;164;;158;0;0;5;6;9906;63;8;96;81.0;7;0;1;0;0;0
796;260;20230803;5;230;40;40;80;164;;157;0;2;2;11;9913;61;8;95;57.0;7;0;1;0;0;0
797;260;20230803;6;230;40;40;90;163;161.0;156;0;8;4;2;9921;57;8;95;58.0;7;0;1;0;0;0
798;260;20230803;7;220;40;50;90;165;;158;0;24;3;3;9926;58;8;95;52.0;7;0;1;0;0;0
799;260;20230803;8;280;40;40;80;176;;165;1;52;5;3;9943;65;8;93;23.0;7;0;1;0;0;0
800;260;20230803;9;280;30;40;110;180;;158;2;95;0;-1;9959;70;8;87;23.0;7;0;1;0;0;0
801;260;20230803;10;280;40;30;80;195;;167;6;181;1;3;9970;70;8;83;23.0;7;0;1;0;0;0
802;260;20230803;11;300;40;50;100;185;;157;5;168;2;3;9986;70;8;84;23.0;7;0;1;0;0;0
803;260;20230803;12;310;50;50;110;186;162.0;150;3;130;0;-1;10001;75;8;79;23.0;7;0;1;0;0;0
804;260;20230803;13;300;50;60;110;192;;141;3;172;0;0;10016;75;8;72;;5;0;0;0;0;0
805;260;20230803;14;300;50;50;110;196;;137;6;202;0;0;10028;80;8;68;;5;0;0;0;0;0
806;260;20230803;15;310;50;40;110;183;;135;2;98;0;-1;10042;75;8;73;23.0;7;0;1;0;0;0
807;260;20230803;16;310;40;50;110;170;;135;0;34;0;-1;10053;75;8;79;23.0;7;0;1;0;0;0
808;260;20230803;17;300;40;40;80;166;;128;0;58;0;0;10060;75;8;78;;5;0;0;0;0;0
809;260;20230803;18;280;30;30;70;169;166.0;132;0;20;0;0;10067;75;8;78;2.0;7;0;0;0;0;0
810;260;20230803;19;290;30;30;60;170;;133;0;9;0;0;10075;75;8;78;;5;0;0;0;0;0
811;260;20230803;20;280;20;20;50;161;;128;0;1;0;0;10082;75;6;80;;5;0;0;0;0;0
812;260;20230803;21;280;20;10;50;154;;130;0;0;0;0;10088;70;7;86;;5;0;0;0;0;0
813;260;20230803;22;280;10;10;30;146;;134;0;0;0;0;10094;65;8;92;;5;0;0;0;0;0
814;260;20230803;23;270;20;20;40;150;;134;0;0;0;0;10097;70;7;90;;5;0;0;0;0;0
815;260;20230803;24;270;20;20;40;144;128.0;133;0;0;0;0;10099;65;2;93;;5;0;0;0;0;0
816;260;20230804;1;300;20;20;30;146;;137;0;0;0;-1;10101;65;7;93;81.0;7;0;1;0;0;0
817;260;20230804;2;280;10;10;40;148;;138;0;0;0;-1;10104;65;7;93;23.0;7;0;1;0;0;0
818;260;20230804;3;260;20;10;30;151;;140;0;0;0;0;10108;65;8;93;3.0;7;0;0;0;0;0
819;260;20230804;4;230;10;10;30;149;;140;0;0;0;0;10111;65;8;94;;5;0;0;0;0;0
820;260;20230804;5;230;10;10;30;150;;141;0;2;0;0;10116;65;8;94;;5;0;0;0;0;0
821;260;20230804;6;250;10;10;30;157;125.0;140;0;14;0;0;10121;70;8;90;2.0;7;0;0;0;0;0
822;260;20230804;7;280;10;20;40;167;;145;0;35;0;0;10126;70;8;86;;5;0;0;0;0;0
823;260;20230804;8;320;20;20;50;165;;144;0;57;0;-1;10132;70;8;87;51.0;7;0;1;0;0;0
824;260;20230804;9;320;30;10;70;160;;144;0;73;3;1;10138;65;8;89;23.0;7;0;1;0;0;0
825;260;20230804;10;350;20;20;50;182;;147;4;182;0;0;10139;75;8;79;;5;0;0;0;0;0
826;260;20230804;11;310;30;40;70;194;;137;4;207;0;0;10140;80;8;69;;5;0;0;0;0;0
827;260;20230804;12;310;50;50;80;193;154.0;123;6;215;0;0;10145;83;8;64;2.0;7;0;0;0;0;0
828;260;20230804;13;320;40;40;90;191;;129;4;189;0;0;10150;80;8;67;;5;0;0;0;0;0
829;260;20230804;14;320;40;50;80;192;;130;4;174;0;0;10154;80;7;67;;5;0;0;0;0;0
830;260;20230804;15;320;40;40;80;191;;126;5;129;0;0;10155;80;7;65;;5;0;0;0;0;0
831;260;20230804;16;330;40;40;80;201;;127;10;197;0;0;10156;83;7;62;;5;0;0;0;0;0
832;260;20230804;17;310;30;30;70;190;;124;9;126;0;0;10159;80;4;65;;5;0;0;0;0;0
833;260;20230804;18;340;30;30;60;175;170.0;142;0;21;0;-1;10163;70;8;81;81.0;7;0;1;0;0;0
834;260;20230804;19;340;20;20;50;168;;139;0;10;0;-1;10166;70;7;83;23.0;7;0;1;0;0;0
835;260;20230804;20;320;10;10;30;154;;141;0;1;0;0;10173;65;8;91;;5;0;0;0;0;0
836;260;20230804;21;340;10;10;30;148;;137;0;0;0;0;10174;65;6;93;1.0;7;0;0;0;0;0
837;260;20230804;22;10;10;10;30;133;;128;0;0;0;0;10175;65;1;97;;5;0;0;0;0;0
838;260;20230804;23;270;10;10;20;128;;123;0;0;0;0;10174;63;5;97;;5;0;0;0;0;0
839;260;20230804;24;990;0;10;10;124;100.0;121;0;0;0;0;10170;22;6;98;20.0;7;1;0;0;0;0
840;260;20230805;1;0;10;0;20;136;;131;0;0;0;0;10163;62;8;97;;5;0;0;0;0;0
841;260;20230805;2;110;10;10;30;130;;127;0;0;0;0;10162;56;7;98;10.0;7;0;0;0;0;0
842;260;20230805;3;120;10;10;20;137;;134;0;0;0;0;10157;57;8;98;10.0;7;0;0;0;0;0
843;260;20230805;4;140;10;10;30;136;;133;0;0;0;0;10153;56;8;98;10.0;7;0;0;0;0;0
844;260;20230805;5;150;20;20;30;136;;134;0;4;0;0;10145;50;8;98;10.0;7;0;0;0;0;0
845;260;20230805;6;160;20;20;30;142;108.0;139;0;14;0;0;10142;57;8;97;10.0;7;0;0;0;0;0
846;260;20230805;7;150;20;20;40;153;;142;0;47;0;0;10138;62;8;93;;5;0;0;0;0;0
847;260;20230805;8;180;30;40;60;169;;140;6;134;0;0;10131;70;8;83;;5;0;0;0;0;0
848;260;20230805;9;180;40;50;80;177;;131;6;168;0;0;10123;75;8;74;;5;0;0;0;0;0
849;260;20230805;10;160;50;40;80;180;;133;3;152;0;0;10115;75;8;74;;5;0;0;0;0;0
850;260;20230805;11;190;50;50;90;172;;130;0;83;1;7;10110;75;8;76;23.0;7;0;1;0;0;0
851;260;20230805;12;200;50;50;100;172;140.0;129;0;52;0;0;10101;75;8;76;2.0;7;0;0;0;0;0
852;260;20230805;13;210;40;40;100;156;;126;0;23;3;3;10101;65;8;82;81.0;7;0;1;0;0;0
853;260;20230805;14;200;30;20;70;155;;135;0;49;8;5;10092;64;8;87;61.0;7;0;1;0;0;0
854;260;20230805;15;180;30;30;80;152;;125;0;77;7;3;10086;65;8;83;61.0;7;0;1;0;0;0
855;260;20230805;16;170;30;40;70;161;;126;2;69;2;1;10076;75;8;80;81.0;7;0;1;0;0;0
856;260;20230805;17;170;40;40;90;160;;123;2;68;0;-1;10070;75;8;78;23.0;7;0;1;0;0;0
857;260;20230805;18;120;30;30;70;152;150.0;134;0;29;0;-1;10065;70;8;88;23.0;7;0;1;0;0;0
858;260;20230805;19;100;30;30;60;147;;137;0;5;0;-1;10060;61;8;94;51.0;7;0;1;0;0;0
859;260;20230805;20;110;30;30;60;148;;138;0;0;1;1;10057;65;8;93;22.0;7;0;1;0;0;0
860;260;20230805;21;100;30;30;50;146;;139;0;0;0;-1;10054;61;8;95;57.0;7;0;1;0;0;0
861;260;20230805;22;100;30;30;50;146;;142;0;0;5;3;10049;57;8;97;58.0;7;0;1;0;0;0
862;260;20230805;23;80;30;30;60;146;;143;0;0;3;3;10044;62;8;97;81.0;7;0;1;0;0;0
863;260;20230805;24;80;20;20;40;146;143.0;141;0;0;0;-1;10041;63;8;97;23.0;7;0;1;0;0;0
864;260;20230806;1;90;20;20;30;146;;141;0;0;0;-1;10041;64;8;96;23.0;7;0;1;0;0;0
865;260;20230806;2;60;20;20;30;145;;142;0;0;4;1;10040;61;8;97;23.0;7;0;1;0;0;0
866;260;20230806;3;50;20;20;30;144;;142;0;0;2;1;10040;28;8;98;81.0;7;0;1;0;0;0
867;260;20230806;4;20;20;10;30;144;;142;0;0;10;16;10039;35;8;98;58.0;7;0;1;0;0;0
868;260;20230806;5;10;20;20;40;145;;143;0;1;3;2;10043;50;8;98;23.0;7;0;1;0;0;0
869;260;20230806;6;340;20;30;40;147;143.0;144;0;9;8;7;10050;39;8;98;81.0;7;0;1;0;0;0
870;260;20230806;7;320;30;40;70;145;;140;0;12;8;5;10056;60;8;96;51.0;7;0;1;0;0;0
871;260;20230806;8;310;40;40;80;143;;133;0;33;10;26;10060;59;8;94;82.0;7;0;1;0;0;0
872;260;20230806;9;310;30;30;70;147;;140;0;30;10;5;10064;63;8;95;61.0;7;0;1;0;0;0
873;260;20230806;10;320;30;40;90;149;;138;0;41;10;12;10071;65;8;93;61.0;7;0;1;0;0;0
874;260;20230806;11;310;40;40;80;156;;143;0;80;9;1;10074;65;8;92;51.0;7;0;1;0;0;0
875;260;20230806;12;300;40;40;80;153;142.0;139;0;75;10;10;10078;63;8;91;82.0;7;0;1;0;0;0
876;260;20230806;13;310;30;30;70;156;;143;0;70;10;8;10083;65;8;92;61.0;7;0;1;0;0;0
877;260;20230806;14;290;30;30;70;157;;146;0;52;10;16;10087;65;8;93;61.0;7;0;1;0;0;0
878;260;20230806;15;300;40;60;120;150;;137;0;52;10;7;10096;65;8;92;57.0;7;0;1;0;0;0
879;260;20230806;16;300;50;50;100;149;;130;0;40;6;15;10105;70;8;88;81.0;7;0;1;0;0;0
880;260;20230806;17;300;50;60;130;152;;120;1;45;0;-1;10113;70;8;81;23.0;7;0;1;0;0;0
881;260;20230806;18;290;50;50;110;150;146.0;115;0;36;0;0;10118;75;8;79;2.0;7;0;0;0;0;0
882;260;20230806;19;280;50;50;100;138;;128;2;12;3;1;10118;49;8;93;58.0;7;0;1;0;0;0
883;260;20230806;20;280;50;60;120;135;;127;0;0;6;5;10120;43;8;94;52.0;7;0;1;0;0;0
884;260;20230806;21;280;60;50;120;135;;128;0;0;5;5;10121;61;8;95;51.0;7;0;1;0;0;0
885;260;20230806;22;290;50;50;110;136;;119;0;0;3;1;10125;70;8;89;23.0;7;0;1;0;0;0
886;260;20230806;23;290;50;50;120;140;;115;0;0;0;0;10125;70;8;84;;5;0;0;0;0;0
887;260;20230806;24;310;50;40;120;133;130.0;127;0;0;5;4;10129;38;8;96;52.0;7;0;1;0;0;0
888;260;20230807;1;290;40;40;90;137;;116;0;0;3;1;10128;70;8;87;22.0;7;0;1;0;0;0
889;260;20230807;2;290;50;50;110;137;;114;0;0;0;0;10130;70;8;86;;5;0;0;0;0;0
890;260;20230807;3;290;40;50;100;143;;115;0;0;0;-1;10130;68;8;83;81.0;7;0;1;0;0;0
891;260;20230807;4;290;40;40;90;134;;127;0;0;9;6;10131;58;8;95;52.0;7;0;1;0;0;0
892;260;20230807;5;290;40;40;80;140;;121;0;3;0;-1;10134;70;8;88;23.0;7;0;1;0;0;0
893;260;20230807;6;300;40;40;80;144;130.0;122;0;10;0;0;10140;66;8;86;2.0;7;0;0;0;0;0
894;260;20230807;7;280;40;40;90;153;;121;3;60;0;0;10145;70;8;81;;5;0;0;0;0;0
895;260;20230807;8;300;40;40;90;156;;112;5;98;2;5;10152;75;4;75;23.0;7;0;1;0;0;0
896;260;20230807;9;310;50;50;110;162;;113;6;143;0;0;10157;75;7;72;3.0;7;0;0;0;0;0
897;260;20230807;10;300;50;40;120;160;;114;2;127;0;-1;10162;75;8;74;81.0;7;0;1;0;0;0
898;260;20230807;11;290;50;60;110;162;;104;3;154;0;-1;10166;80;8;68;23.0;7;0;1;0;0;0
899;260;20230807;12;310;50;60;110;174;138.0;96;5;159;0;0;10167;82;7;60;1.0;7;0;0;0;0;0
900;260;20230807;13;290;50;50;110;171;;96;4;123;0;0;10167;83;5;61;;5;0;0;0;0;0
901;260;20230807;14;280;50;50;110;184;;97;10;263;0;0;10170;81;2;56;;5;0;0;0;0;0
902;260;20230807;15;300;60;50;110;175;;105;10;216;0;0;10172;82;3;63;;5;0;0;0;0;0
903;260;20230807;16;260;50;50;100;164;;116;4;83;0;0;10174;75;7;73;;5;0;0;0;0;0
904;260;20230807;17;270;40;20;90;154;;128;6;70;3;12;10171;70;6;84;23.0;7;0;1;0;0;0
905;260;20230807;18;270;30;40;80;165;144.0;118;10;76;0;0;10167;75;1;73;1.0;7;0;0;0;0;0
906;260;20230807;19;260;40;30;70;158;;108;7;22;0;0;10162;75;2;72;;5;0;0;0;0;0
907;260;20230807;20;230;30;30;50;147;;111;0;1;0;0;10161;75;7;78;;5;0;0;0;0;0
908;260;20230807;21;220;20;10;40;138;;126;0;0;1;1;10155;65;7;92;23.0;7;0;1;0;0;0
909;260;20230807;22;220;20;20;40;144;;131;0;0;0;-1;10149;65;8;91;23.0;7;0;1;0;0;0
910;260;20230807;23;230;30;30;60;148;;134;0;0;0;0;10144;65;8;91;;5;0;0;0;0;0
911;260;20230807;24;230;40;40;70;154;125.0;137;0;0;0;0;10140;70;8;89;2.0;7;0;0;0;0;0
912;260;20230808;1;250;30;20;60;154;;140;0;0;0;0;10137;65;7;91;;5;0;0;0;0;0
913;260;20230808;2;230;20;20;50;149;;138;0;0;0;0;10135;65;8;93;;5;0;0;0;0;0
914;260;20230808;3;230;20;20;30;144;;134;0;0;0;0;10132;65;7;93;;5;0;0;0;0;0
915;260;20230808;4;240;20;20;30;141;;120;0;0;0;0;10130;70;8;86;;5;0;0;0;0;0
916;260;20230808;5;240;20;20;40;142;;117;2;6;0;0;10128;70;7;85;;5;0;0;0;0;0
917;260;20230808;6;260;30;30;60;155;117.0;112;5;42;0;0;10130;75;2;75;;5;0;0;0;0;0
918;260;20230808;7;260;40;40;80;165;;105;10;94;0;0;10132;80;5;67;;5;0;0;0;0;0
919;260;20230808;8;260;50;60;100;171;;99;10;153;0;0;10129;82;7;62;;5;0;0;0;0;0
920;260;20230808;9;270;60;50;110;173;;97;8;178;0;0;10131;83;7;60;;5;0;0;0;0;0
921;260;20230808;10;260;60;70;120;174;;96;3;149;0;0;10132;83;7;60;;5;0;0;0;0;0
922;260;20230808;11;270;60;60;110;183;;102;5;208;0;0;10132;83;8;59;;5;0;0;0;0;0
923;260;20230808;12;270;50;60;110;178;150.0;103;2;159;0;0;10132;83;8;61;;5;0;0;0;0;0
924;260;20230808;13;260;50;50;120;181;;105;2;144;0;0;10132;83;8;60;;5;0;0;0;0;0
925;260;20230808;14;260;60;70;130;185;;103;3;155;0;0;10134;82;8;58;;5;0;0;0;0;0
926;260;20230808;15;270;60;50;110;188;;97;4;152;0;0;10134;82;8;55;;5;0;0;0;0;0
927;260;20230808;16;240;50;50;110;180;;106;4;110;0;0;10133;83;8;62;;5;0;0;0;0;0
928;260;20230808;17;240;50;50;110;166;;110;0;41;0;-1;10133;80;8;69;81.0;7;0;1;0;0;0
929;260;20230808;18;240;30;40;90;158;153.0;130;0;19;4;2;10130;70;8;83;81.0;7;0;1;0;0;0
930;260;20230808;19;230;30;30;70;143;;126;0;6;4;3;10127;70;8;89;23.0;7;0;1;0;0;0
931;260;20230808;20;200;20;20;50;140;;128;0;0;0;-1;10127;65;8;92;23.0;7;0;1;0;0;0
932;260;20230808;21;210;20;20;50;135;;131;0;0;8;14;10124;61;8;97;81.0;7;0;1;0;0;0
933;260;20230808;22;210;20;20;40;136;;131;0;0;5;6;10122;61;8;97;23.0;7;0;1;0;0;0
934;260;20230808;23;230;10;10;30;134;;132;0;0;0;-1;10123;56;8;98;23.0;7;0;1;0;0;0
935;260;20230808;24;250;10;10;30;135;122.0;133;0;0;0;0;10124;46;7;98;10.0;7;0;0;0;0;0
936;260;20230809;1;210;10;10;20;128;;128;0;0;0;0;10126;4;6;99;34.0;7;1;0;0;0;0
937;260;20230809;2;220;20;20;30;132;;129;0;0;0;0;10128;34;6;98;20.0;7;1;0;0;0;0
938;260;20230809;3;220;20;30;40;132;;132;0;0;0;0;10132;2;9;99;34.0;7;1;0;0;0;0
939;260;20230809;4;220;20;20;30;131;;130;0;0;0;0;10138;4;9;99;32.0;7;1;0;0;0;0
940;260;20230809;5;220;20;10;30;132;;131;2;6;0;0;10142;7;9;99;32.0;7;1;0;0;0;0
941;260;20230809;6;200;20;10;30;140;110.0;137;8;41;0;0;10146;46;8;98;20.0;7;1;0;0;0;0
942;260;20230809;7;990;10;10;30;159;;145;7;84;0;0;10151;63;1;91;;5;0;0;0;0;0
943;260;20230809;8;220;20;20;40;173;;149;5;106;0;0;10153;70;7;86;;5;0;0;0;0;0
944;260;20230809;9;220;30;30;60;183;;144;6;140;0;0;10159;75;5;77;;5;0;0;0;0;0
945;260;20230809;10;220;50;50;80;200;;145;8;227;0;0;10159;75;8;70;;5;0;0;0;0;0
946;260;20230809;11;280;40;40;80;206;;119;6;179;0;0;10162;81;7;57;;5;0;0;0;0;0
947;260;20230809;12;280;50;50;100;203;144.0;125;8;224;0;0;10168;83;1;61;;5;0;0;0;0;0
948;260;20230809;13;290;50;50;90;204;;116;10;266;0;0;10173;82;1;57;;5;0;0;0;0;0
949;260;20230809;14;280;40;40;90;206;;124;10;289;0;0;10179;82;2;59;;5;0;0;0;0;0
950;260;20230809;15;280;50;50;90;198;;108;9;194;0;0;10185;81;1;55;;5;0;0;0;0;0
951;260;20230809;16;300;40;40;80;191;;95;10;182;0;0;10188;82;6;53;;5;0;0;0;0;0
952;260;20230809;17;280;40;40;80;179;;94;8;115;0;0;10190;83;8;57;;5;0;0;0;0;0
953;260;20230809;18;290;30;30;60;179;174.0;85;5;61;0;0;10193;82;8;54;;5;0;0;0;0;0
954;260;20230809;19;290;30;20;60;160;;98;7;14;0;0;10199;80;3;66;;5;0;0;0;0;0
955;260;20230809;20;260;20;20;30;136;;109;0;0;0;0;10202;70;0;83;;5;0;0;0;0;0
956;260;20230809;21;280;20;10;30;124;;113;0;0;0;0;10204;65;5;93;;5;0;0;0;0;0
957;260;20230809;22;280;10;10;30;122;;112;0;0;0;0;10205;65;2;93;;5;0;0;0;0;0
958;260;20230809;23;260;10;10;20;125;;120;0;0;0;0;10206;65;8;96;;5;0;0;0;0;0
959;260;20230809;24;270;10;20;30;134;100.0;122;0;0;0;0;10211;65;8;92;;5;0;0;0;0;0
960;260;20230810;1;260;10;20;30;136;;115;0;0;0;0;10211;70;8;87;;5;0;0;0;0;0
961;260;20230810;2;230;10;10;30;122;;116;0;0;0;0;10211;65;8;95;;5;0;0;0;0;0
962;260;20230810;3;0;0;0;10;117;;114;0;0;0;0;10211;65;8;97;;5;0;0;0;0;0
963;260;20230810;4;210;10;20;30;115;;112;0;0;0;0;10214;65;8;97;;5;0;0;0;0;0
964;260;20230810;5;210;10;10;30;125;;114;0;5;0;0;10214;65;7;93;;5;0;0;0;0;0
965;260;20230810;6;200;10;20;30;160;102.0;121;8;46;0;0;10213;75;8;78;;5;0;0;0;0;0
966;260;20230810;7;190;20;20;40;176;;117;6;81;0;0;10212;80;7;68;;5;0;0;0;0;0
967;260;20230810;8;190;20;20;40;177;;128;1;65;0;0;10215;75;8;73;;5;0;0;0;0;0
968;260;20230810;9;210;30;20;50;188;;125;2;117;0;0;10217;80;8;67;;5;0;0;0;0;0
969;260;20230810;10;210;30;30;50;203;;119;7;220;0;0;10215;81;8;58;;5;0;0;0;0;0
970;260;20230810;11;230;30;30;60;204;;113;2;184;0;0;10216;81;8;55;;5;0;0;0;0;0
971;260;20230810;12;210;30;30;50;207;150.0;109;1;165;0;0;10214;82;8;53;;5;0;0;0;0;0
972;260;20230810;13;240;20;20;40;220;;109;7;225;0;0;10212;83;8;49;;5;0;0;0;0;0
973;260;20230810;14;260;20;20;40;223;;128;4;179;0;0;10212;81;8;54;;5;0;0;0;0;0
974;260;20230810;15;250;20;20;50;228;;127;5;164;0;0;10209;82;6;52;;5;0;0;0;0;0
975;260;20230810;16;220;20;20;30;235;;137;9;159;0;0;10205;82;3;54;;5;0;0;0;0;0
976;260;20230810;17;140;10;10;30;230;;147;10;121;0;0;10205;81;0;59;;5;0;0;0;0;0
977;260;20230810;18;140;10;20;30;223;215.0;145;10;66;0;0;10204;83;0;61;;5;0;0;0;0;0
978;260;20230810;19;90;20;20;30;202;;149;7;19;0;0;10205;75;1;71;;5;0;0;0;0;0
979;260;20230810;20;80;20;10;30;173;;153;0;0;0;0;10208;70;0;88;;5;0;0;0;0;0
980;260;20230810;21;90;20;20;30;162;;149;0;0;0;0;10208;65;0;92;;5;0;0;0;0;0
981;260;20230810;22;110;20;20;30;152;;143;0;0;0;0;10207;65;0;94;;5;0;0;0;0;0
982;260;20230810;23;130;20;10;30;148;;138;0;0;0;0;10207;65;0;93;;5;0;0;0;0;0
983;260;20230810;24;140;10;10;30;142;123.0;137;0;0;0;0;10203;65;0;96;;5;0;0;0;0;0
984;260;20230811;1;140;20;30;30;150;;137;0;0;0;0;10200;65;0;92;;5;0;0;0;0;0
985;260;20230811;2;150;20;20;40;151;;137;0;0;0;0;10197;65;0;91;;5;0;0;0;0;0
986;260;20230811;3;150;20;20;40;149;;137;0;0;0;0;10197;65;0;92;;5;0;0;0;0;0
987;260;20230811;4;140;20;20;30;139;;133;0;0;0;0;10194;60;0;96;;5;0;0;0;0;0
988;260;20230811;5;140;30;30;40;155;;136;0;5;0;0;10190;65;0;87;;5;0;0;0;0;0
989;260;20230811;6;150;20;20;40;173;109.0;142;8;40;0;0;10189;67;0;81;;5;0;0;0;0;0
990;260;20230811;7;160;20;20;40;191;;151;10;95;0;0;10191;67;0;77;;5;0;0;0;0;0
991;260;20230811;8;170;20;20;40;215;;160;10;150;0;0;10190;75;1;70;;5;0;0;0;0;0
992;260;20230811;9;170;20;30;40;237;;165;9;202;0;0;10190;81;6;64;;5;0;0;0;0;0
993;260;20230811;10;190;30;30;50;255;;166;7;212;0;0;10189;82;7;57;;5;0;0;0;0;0
994;260;20230811;11;210;30;30;60;264;;169;9;263;0;0;10187;80;7;55;;5;0;0;0;0;0
995;260;20230811;12;210;40;40;80;274;166.0;174;10;282;0;0;10187;82;7;54;;5;0;0;0;0;0
996;260;20230811;13;210;50;50;90;268;;165;5;205;0;0;10185;82;8;53;;5;0;0;0;0;0
997;260;20230811;14;230;40;30;80;264;;180;4;179;0;0;10185;80;8;60;;5;0;0;0;0;0
998;260;20230811;15;260;40;40;70;242;;182;3;98;0;0;10187;80;8;69;;5;0;0;0;0;0
999;260;20230811;16;260;30;30;70;237;;178;0;42;0;0;10186;80;8;69;;5;0;0;0;0;0
1000;260;20230811;17;280;20;20;60;228;;183;0;49;0;0;10184;75;8;75;;5;0;0;0;0;0
1001;260;20230811;18;250;30;30;60;219;212.0;178;0;27;0;0;10184;75;8;77;;5;0;0;0;0;0
1002;260;20230811;19;250;30;20;60;213;;175;0;5;0;0;10185;75;8;78;;5;0;0;0;0;0
1003;260;20230811;20;240;20;10;40;206;;176;0;0;0;0;10184;70;8;83;;5;0;0;0;0;0
1004;260;20230811;21;200;10;20;30;198;;180;0;0;0;-1;10181;70;8;89;23.0;7;0;1;0;0;0
1005;260;20230811;22;210;20;20;50;197;;178;0;0;0;0;10179;70;8;88;;5;0;0;0;0;0
1006;260;20230811;23;200;20;20;40;193;;175;0;0;0;0;10178;70;8;89;;5;0;0;0;0;0
1007;260;20230811;24;170;20;20;30;186;173.0;176;0;0;0;0;10176;65;8;93;2.0;7;0;0;0;0;0
1008;260;20230812;1;160;20;20;40;187;;178;0;0;0;0;10171;62;8;94;;5;0;0;0;0;0
1009;260;20230812;2;150;20;20;30;183;;178;0;0;0;0;10165;58;8;97;10.0;7;0;0;0;0;0
1010;260;20230812;3;160;20;20;30;189;;183;0;0;0;0;10160;58;8;95;10.0;7;0;0;0;0;0
1011;260;20230812;4;150;20;10;40;190;;185;0;0;0;-1;10152;56;8;97;57.0;7;0;1;0;0;0
1012;260;20230812;5;160;20;20;40;194;;188;0;2;0;-1;10147;59;8;96;23.0;7;0;1;0;0;0
1013;260;20230812;6;180;20;30;40;194;172.0;188;0;4;4;16;10145;31;8;96;82.0;7;0;1;0;0;0
1014;260;20230812;7;180;30;20;40;188;;186;0;6;10;120;10142;34;8;98;63.0;7;0;1;0;0;0
1015;260;20230812;8;200;20;20;30;191;;189;0;17;10;40;10142;33;8;98;62.0;7;0;1;0;0;0
1016;260;20230812;9;290;30;40;90;168;;161;0;31;9;20;10148;50;8;95;62.0;7;0;1;0;0;0
1017;260;20230812;10;260;20;20;80;183;;164;0;89;3;2;10151;70;8;88;23.0;7;0;1;0;0;0
1018;260;20230812;11;270;30;40;60;205;;155;8;234;0;0;10150;75;8;73;;5;0;0;0;0;0
1019;260;20230812;12;240;30;50;80;222;169.0;147;8;232;0;0;10149;81;2;62;1.0;7;0;0;0;0;0
1020;260;20230812;13;230;50;50;90;227;;134;10;305;0;0;10151;80;2;55;;5;0;0;0;0;0
1021;260;20230812;14;250;50;50;110;224;;128;10;277;0;0;10154;82;1;54;;5;0;0;0;0;0
1022;260;20230812;15;250;40;40;90;216;;138;7;164;0;0;10156;81;7;60;;5;0;0;0;0;0
1023;260;20230812;16;240;50;60;100;221;;123;10;167;0;0;10156;80;1;53;;5;0;0;0;0;0
1024;260;20230812;17;230;40;30;90;221;;126;10;127;0;0;10155;82;1;55;;5;0;0;0;0;0
1025;260;20230812;18;240;40;40;80;209;198.0;129;10;64;0;0;10155;82;1;60;;5;0;0;0;0;0
1026;260;20230812;19;230;40;40;80;196;;138;5;14;0;0;10161;80;8;69;;5;0;0;0;0;0
1027;260;20230812;20;220;30;30;60;188;;130;0;0;0;0;10164;80;8;68;;5;0;0;0;0;0
1028;260;20230812;21;210;30;20;50;177;;140;0;0;0;0;10163;75;8;78;;5;0;0;0;0;0
1029;260;20230812;22;190;30;20;40;173;;143;0;0;0;0;10165;70;8;82;;5;0;0;0;0;0
1030;260;20230812;23;210;30;30;70;175;;144;0;0;0;0;10165;70;8;81;;5;0;0;0;0;0
1031;260;20230812;24;200;30;30;70;170;154.0;139;0;0;0;0;10164;70;4;81;;5;0;0;0;0;0
1032;260;20230813;1;210;30;30;70;169;;138;0;0;0;0;10162;70;8;82;;5;0;0;0;0;0
1033;260;20230813;2;210;30;30;70;165;;138;0;0;0;0;10162;70;3;84;;5;0;0;0;0;0
1034;260;20230813;3;210;30;30;50;159;;140;0;0;0;0;10161;70;6;88;;5;0;0;0;0;0
1035;260;20230813;4;200;30;30;50;157;;140;0;0;0;0;10162;70;6;89;;5;0;0;0;0;0
1036;260;20230813;5;200;30;20;60;157;;141;2;6;0;0;10163;70;8;90;;5;0;0;0;0;0
1037;260;20230813;6;210;30;20;50;169;143.0;147;5;36;0;0;10165;70;6;86;;5;0;0;0;0;0
1038;260;20230813;7;190;30;40;60;179;;150;10;91;0;0;10165;70;6;82;;5;0;0;0;0;0
1039;260;20230813;8;200;40;40;80;189;;152;7;130;0;0;10166;75;8;79;;5;0;0;0;0;0
1040;260;20230813;9;200;40;40;80;196;;147;3;120;0;0;10165;75;8;73;;5;0;0;0;0;0
1041;260;20230813;10;200;50;50;80;200;;148;1;121;0;0;10161;75;8;72;;5;0;0;0;0;0
1042;260;20230813;11;220;40;40;70;206;;152;1;124;0;0;10159;75;8;71;;5;0;0;0;0;0
1043;260;20230813;12;210;40;30;70;221;166.0;164;2;116;0;0;10158;75;7;70;;5;0;0;0;0;0
1044;260;20230813;13;200;30;20;60;213;;156;1;91;0;0;10155;75;8;70;;5;0;0;0;0;0
1045;260;20230813;14;270;20;30;60;199;;163;0;37;2;2;10156;70;8;79;81.0;7;0;1;0;0;0
1046;260;20230813;15;250;30;30;60;217;;154;6;159;0;-1;10155;80;7;67;23.0;7;0;1;0;0;0
1047;260;20230813;16;250;30;40;70;217;;134;2;95;0;0;10153;83;8;59;;5;0;0;0;0;0
1048;260;20230813;17;240;30;30;60;215;;137;3;66;0;0;10152;83;7;60;;5;0;0;0;0;0
1049;260;20230813;18;320;20;20;50;206;191.0;138;7;53;0;0;10152;83;4;64;1.0;7;0;0;0;0;0
1050;260;20230813;19;340;10;10;30;176;;152;3;11;0;0;10156;70;8;85;;5;0;0;0;0;0
1051;260;20230813;20;80;10;10;30;154;;148;0;0;0;0;10159;65;7;95;;5;0;0;0;0;0
1052;260;20230813;21;130;10;10;20;145;;140;0;0;0;0;10159;65;1;97;;5;0;0;0;0;0
1053;260;20230813;22;150;10;10;20;137;;134;0;0;0;0;10159;26;1;98;10.0;7;0;0;0;0;0
1054;260;20230813;23;190;10;10;30;131;;128;0;0;0;0;10161;50;8;98;10.0;7;0;0;0;0;0
1055;260;20230813;24;150;10;10;30;133;105.0;130;0;0;0;0;10160;57;6;98;20.0;7;1;0;0;0;0
1056;260;20230814;1;140;10;20;30;134;;131;0;0;0;0;10157;29;2;98;10.0;7;0;0;0;0;0
1057;260;20230814;2;140;20;20;30;125;;124;0;0;0;0;10152;2;4;99;34.0;7;1;0;0;0;0
1058;260;20230814;3;150;10;20;30;124;;124;0;0;0;0;10149;1;2;99;34.0;7;1;0;0;0;0
1059;260;20230814;4;140;20;20;30;127;;124;0;0;0;0;10149;19;8;98;20.0;7;1;0;0;0;0
1060;260;20230814;5;130;10;10;30;138;;135;2;6;0;0;10146;56;8;98;10.0;7;0;0;0;0;0
1061;260;20230814;6;150;10;10;30;148;91.0;143;2;24;0;0;10147;61;8;97;2.0;7;0;0;0;0;0
1062;260;20230814;7;150;20;30;40;176;;158;5;71;0;0;10147;70;8;89;;5;0;0;0;0;0
1063;260;20230814;8;150;20;20;40;200;;164;7;121;0;0;10149;75;8;79;;5;0;0;0;0;0
1064;260;20230814;9;160;30;30;60;217;;162;10;203;0;0;10143;75;3;70;;5;0;0;0;0;0
1065;260;20230814;10;150;40;50;80;226;;156;10;250;0;0;10141;78;5;64;;5;0;0;0;0;0
1066;260;20230814;11;170;40;40;70;232;;148;8;227;0;0;10138;81;6;59;;5;0;0;0;0;0
1067;260;20230814;12;190;40;30;70;240;147.0;143;9;261;0;0;10135;80;8;54;;5;0;0;0;0;0
1068;260;20230814;13;160;30;30;70;253;;147;8;235;0;0;10133;81;7;51;;5;0;0;0;0;0
1069;260;20230814;14;170;40;40;80;254;;141;10;259;0;0;10125;82;4;49;;5;0;0;0;0;0
1070;260;20230814;15;180;30;20;70;249;;138;7;167;0;0;10122;83;8;50;;5;0;0;0;0;0
1071;260;20230814;16;190;30;30;60;254;;138;10;176;0;0;10121;82;2;48;;5;0;0;0;0;0
1072;260;20230814;17;200;30;20;50;258;;143;10;117;0;0;10122;83;5;49;;5;0;0;0;0;0
1073;260;20230814;18;200;20;20;40;249;239.0;157;7;49;0;0;10121;83;1;56;;5;0;0;0;0;0
1074;260;20230814;19;80;10;10;30;199;;176;2;6;0;0;10122;70;1;86;;5;0;0;0;0;0
1075;260;20230814;20;90;10;10;10;176;;167;0;0;0;0;10125;65;2;94;;5;0;0;0;0;0
1076;260;20230814;21;110;10;10;20;171;;165;0;0;0;0;10122;65;8;96;;5;0;0;0;0;0
1077;260;20230814;22;130;10;10;20;167;;163;0;0;0;0;10121;60;8;97;;5;0;0;0;0;0
1078;260;20230814;23;230;20;30;60;195;;155;0;0;0;0;10125;75;8;77;;5;0;0;0;0;0
1079;260;20230814;24;320;20;10;50;177;147.0;151;0;0;0;0;10119;70;7;85;;5;0;0;0;0;0
1080;260;20230815;1;270;20;20;30;174;;140;0;0;0;0;10122;75;7;80;;5;0;0;0;0;0
1081;260;20230815;2;240;10;10;30;162;;152;0;0;0;0;10121;65;8;93;;5;0;0;0;0;0
1082;260;20230815;3;230;20;20;40;178;;151;0;0;0;0;10128;70;8;84;;5;0;0;0;0;0
1083;260;20230815;4;220;20;20;40;170;;156;0;0;0;0;10128;65;8;91;;5;0;0;0;0;0
1084;260;20230815;5;220;20;20;30;160;;155;0;1;0;0;10132;65;0;97;;5;0;0;0;0;0
1085;260;20230815;6;220;30;30;50;186;129.0;166;7;35;0;0;10139;70;1;88;;5;0;0;0;0;0
1086;260;20230815;7;220;30;30;50;190;;167;4;55;0;0;10145;70;8;86;;5;0;0;0;0;0
1087;260;20230815;8;250;30;40;70;200;;166;3;76;0;0;10149;75;6;80;;5;0;0;0;0;0
1088;260;20230815;9;240;40;40;70;209;;166;6;158;0;0;10151;75;7;76;;5;0;0;0;0;0
1089;260;20230815;10;230;40;40;70;208;;167;1;78;0;0;10156;75;8;77;;5;0;0;0;0;0
1090;260;20230815;11;250;40;40;80;214;;166;2;133;0;-1;10161;75;8;74;23.0;7;0;1;0;0;0
1091;260;20230815;12;250;40;40;90;219;177.0;170;2;129;0;0;10165;75;8;73;2.0;7;0;0;0;0;0
1092;260;20230815;13;280;40;30;80;220;;168;2;153;0;0;10166;75;8;72;;5;0;0;0;0;0
1093;260;20230815;14;260;30;40;70;228;;155;4;173;0;0;10167;83;8;63;;5;0;0;0;0;0
1094;260;20230815;15;270;30;30;60;240;;142;5;160;0;0;10168;83;8;54;;5;0;0;0;0;0
1095;260;20230815;16;320;30;40;60;224;;158;7;125;0;0;10172;80;5;66;;5;0;0;0;0;0
1096;260;20230815;17;310;40;40;80;214;;135;10;115;0;0;10177;83;0;60;;5;0;0;0;0;0
1097;260;20230815;18;320;30;30;60;205;199.0;130;10;63;0;0;10181;83;0;62;;5;0;0;0;0;0
1098;260;20230815;19;340;20;10;50;182;;141;5;15;0;0;10186;75;0;77;;5;0;0;0;0;0
1099;260;20230815;20;360;10;10;30;150;;141;0;0;0;0;10190;65;1;94;;5;0;0;0;0;0
1100;260;20230815;21;80;10;10;10;139;;135;0;0;0;0;10194;65;8;97;;5;0;0;0;0;0
1101;260;20230815;22;350;10;10;10;135;;131;0;0;0;0;10197;64;7;97;;5;0;0;0;0;0
1102;260;20230815;23;990;10;10;20;128;;125;0;0;0;0;10198;59;2;98;10.0;7;0;0;0;0;0
1103;260;20230815;24;0;0;0;10;122;95.0;117;0;0;0;0;10197;62;5;97;20.0;7;1;0;0;0;0
1104;260;20230816;1;0;10;0;20;118;;115;0;0;0;0;10199;56;8;98;10.0;7;0;0;0;0;0
1105;260;20230816;2;50;10;10;10;114;;111;0;0;0;0;10202;13;7;98;20.0;7;1;0;0;0;0
1106;260;20230816;3;360;10;20;30;121;;116;0;0;0;0;10202;65;7;97;2.0;7;0;0;0;0;0
1107;260;20230816;4;0;0;0;10;109;;106;0;0;0;0;10206;25;7;98;10.0;7;0;0;0;0;0
1108;260;20230816;5;40;10;10;10;110;;107;2;4;0;0;10207;57;8;98;10.0;7;0;0;0;0;0
1109;260;20230816;6;60;10;10;30;154;83.0;117;10;46;0;0;10210;69;8;79;2.0;7;0;0;0;0;0
1110;260;20230816;7;60;20;20;30;182;;124;9;97;0;0;10213;80;8;69;;5;0;0;0;0;0
1111;260;20230816;8;50;30;30;50;194;;126;10;157;0;0;10213;80;8;65;;5;0;0;0;0;0
1112;260;20230816;9;60;40;40;60;207;;131;10;202;0;0;10216;82;8;61;;5;0;0;0;0;0
1113;260;20230816;10;80;40;50;70;218;;126;10;250;0;0;10216;81;4;55;;5;0;0;0;0;0
1114;260;20230816;11;80;40;30;70;222;;130;6;221;0;0;10215;82;8;56;;5;0;0;0;0;0
1115;260;20230816;12;30;40;40;70;232;161.0;130;8;257;0;0;10214;82;5;52;;5;0;0;0;0;0
1116;260;20230816;13;70;40;40;90;234;;130;10;277;0;0;10209;82;8;52;;5;0;0;0;0;0
1117;260;20230816;14;40;40;40;70;232;;141;9;236;0;0;10208;82;8;56;;5;0;0;0;0;0
1118;260;20230816;15;40;40;40;70;233;;139;7;178;0;0;10210;82;8;55;;5;0;0;0;0;0
1119;260;20230816;16;40;40;50;80;227;;128;7;128;0;0;10207;83;8;53;;5;0;0;0;0;0
1120;260;20230816;17;40;40;40;80;224;;138;4;71;0;0;10205;83;8;58;;5;0;0;0;0;0
1121;260;20230816;18;40;30;30;70;217;203.0;142;0;25;0;0;10205;83;8;62;;5;0;0;0;0;0
1122;260;20230816;19;40;30;30;50;209;;146;0;7;0;0;10207;80;8;67;;5;0;0;0;0;0
1123;260;20230816;20;30;30;30;50;200;;146;0;0;0;0;10211;75;8;70;;5;0;0;0;0;0
1124;260;20230816;21;30;40;40;70;191;;144;0;0;0;0;10210;75;8;73;;5;0;0;0;0;0
1125;260;20230816;22;40;40;40;80;182;;138;0;0;0;0;10213;75;8;75;;5;0;0;0;0;0
1126;260;20230816;23;20;40;40;70;174;;138;0;0;0;0;10212;75;7;78;;5;0;0;0;0;0
1127;260;20230816;24;30;40;40;60;172;161.0;137;0;0;0;0;10213;75;8;79;;5;0;0;0;0;0
1128;260;20230817;1;30;40;40;70;167;;136;0;0;0;0;10210;70;7;82;;5;0;0;0;0;0
1129;260;20230817;2;20;30;30;60;161;;134;0;0;0;0;10209;70;8;84;;5;0;0;0;0;0
1130;260;20230817;3;30;40;30;60;161;;134;0;0;0;0;10207;70;8;83;;5;0;0;0;0;0
1131;260;20230817;4;20;30;40;70;161;;133;0;0;0;0;10206;70;8;83;;5;0;0;0;0;0
1132;260;20230817;5;30;40;40;80;160;;133;0;1;0;0;10206;70;8;84;;5;0;0;0;0;0
1133;260;20230817;6;30;40;40;70;165;151.0;136;0;21;0;0;10206;70;8;83;;5;0;0;0;0;0
1134;260;20230817;7;40;40;40;70;168;;137;0;50;0;0;10209;70;8;81;;5;0;0;0;0;0
1135;260;20230817;8;40;40;50;90;178;;141;2;93;0;0;10209;75;8;79;;5;0;0;0;0;0
1136;260;20230817;9;40;50;60;90;188;;147;5;153;0;0;10207;75;8;77;;5;0;0;0;0;0
1137;260;20230817;10;60;50;50;80;198;;150;3;158;0;0;10203;75;8;73;;5;0;0;0;0;0
1138;260;20230817;11;40;50;50;90;194;;151;2;167;0;0;10201;75;8;76;;5;0;0;0;0;0
1139;260;20230817;12;40;50;40;80;193;164.0;154;0;110;0;0;10201;75;8;78;;5;0;0;0;0;0
1140;260;20230817;13;40;40;40;70;194;;155;0;116;0;0;10201;75;8;78;;5;0;0;0;0;0
1141;260;20230817;14;30;40;40;70;197;;157;0;73;0;0;10198;75;8;77;;5;0;0;0;0;0
1142;260;20230817;15;40;40;40;70;199;;158;0;60;0;0;10194;75;8;77;;5;0;0;0;0;0
1143;260;20230817;16;50;40;30;70;196;;158;0;51;0;0;10190;75;8;78;;5;0;0;0;0;0
1144;260;20230817;17;40;40;40;70;191;;159;0;26;0;0;10188;70;8;81;;5;0;0;0;0;0
1145;260;20230817;18;70;40;40;70;187;183.0;161;0;12;0;0;10185;70;8;85;;5;0;0;0;0;0
1146;260;20230817;19;70;30;30;60;185;;161;0;1;0;0;10190;70;8;86;;5;0;0;0;0;0
1147;260;20230817;20;50;30;20;50;183;;162;0;0;0;0;10191;70;8;87;;5;0;0;0;0;0
1148;260;20230817;21;60;20;30;50;185;;158;0;0;0;0;10193;70;8;84;;5;0;0;0;0;0
1149;260;20230817;22;60;40;30;70;183;;152;0;0;0;0;10192;70;8;81;;5;0;0;0;0;0
1150;260;20230817;23;70;30;40;50;181;;148;0;0;0;0;10188;70;8;81;;5;0;0;0;0;0
1151;260;20230817;24;60;40;30;60;175;170.0;148;0;0;0;0;10186;70;8;84;;5;0;0;0;0;0
1152;260;20230818;1;50;40;40;60;170;;149;0;0;0;0;10184;70;8;87;;5;0;0;0;0;0
1153;260;20230818;2;60;40;40;60;164;;151;0;0;0;0;10180;62;8;92;;5;0;0;0;0;0
1154;260;20230818;3;50;30;40;60;160;;150;0;0;0;0;10175;65;8;93;;5;0;0;0;0;0
1155;260;20230818;4;60;40;30;60;159;;149;0;0;0;0;10174;65;8;93;;5;0;0;0;0;0
1156;260;20230818;5;60;30;30;50;160;;149;0;1;0;0;10175;64;8;93;;5;0;0;0;0;0
1157;260;20230818;6;60;20;20;40;165;157.0;150;0;14;0;0;10173;62;8;90;;5;0;0;0;0;0
1158;260;20230818;7;70;30;30;60;170;;152;3;57;0;0;10170;62;8;88;;5;0;0;0;0;0
1159;260;20230818;8;80;20;20;40;184;;162;0;46;0;0;10171;65;8;86;;5;0;0;0;0;0
1160;260;20230818;9;80;30;30;60;201;;167;4;146;0;0;10171;65;8;80;;5;0;0;0;0;0
1161;260;20230818;10;90;30;30;50;216;;175;7;215;0;0;10167;68;7;77;;5;0;0;0;0;0
1162;260;20230818;11;80;30;30;60;220;;177;7;237;0;0;10163;72;5;76;;5;0;0;0;0;0
1163;260;20230818;12;100;30;30;50;239;167.0;184;9;272;0;0;10155;75;2;71;;5;0;0;0;0;0
1164;260;20230818;13;90;20;20;50;250;;187;10;271;0;0;10152;75;2;67;;5;0;0;0;0;0
1165;260;20230818;14;140;20;30;60;262;;197;9;249;0;0;10148;80;6;67;;5;0;0;0;0;0
1166;260;20230818;15;140;30;30;50;267;;197;8;207;0;0;10144;80;8;65;;5;0;0;0;0;0
1167;260;20230818;16;140;30;30;50;254;;201;7;134;0;0;10142;75;8;72;;5;0;0;0;0;0
1168;260;20230818;17;140;30;30;40;252;;203;4;76;0;0;10139;75;8;74;;5;0;0;0;0;0
1169;260;20230818;18;110;30;30;50;246;240.0;199;8;69;0;0;10137;75;7;74;;5;0;0;0;0;0
1170;260;20230818;19;110;20;20;40;231;;200;3;8;0;0;10137;70;7;82;;5;0;0;0;0;0
1171;260;20230818;20;80;20;20;30;214;;199;0;0;0;0;10137;65;7;91;;5;0;0;0;0;0
1172;260;20230818;21;80;20;20;30;208;;199;0;0;0;0;10136;65;8;94;;5;0;0;0;0;0
1173;260;20230818;22;100;20;20;40;218;;202;0;0;0;0;10131;68;8;90;;5;0;0;0;0;0
1174;260;20230818;23;100;20;20;40;220;;203;0;0;0;0;10126;67;8;90;;5;0;0;0;0;0
1175;260;20230818;24;110;30;30;40;221;178.0;202;0;0;0;0;10122;69;8;88;;5;0;0;0;0;0
1176;260;20230819;1;130;20;20;40;218;;201;0;0;0;0;10119;70;8;90;;5;0;0;0;0;0
1177;260;20230819;2;130;30;30;50;228;;203;0;0;0;0;10114;70;8;86;;5;0;0;0;0;0
1178;260;20230819;3;130;30;30;50;226;;203;0;0;0;-1;10110;66;8;86;23.0;7;0;1;0;0;0
1179;260;20230819;4;140;30;30;40;226;;201;0;0;0;0;10109;68;8;85;;5;0;0;0;0;0
1180;260;20230819;5;140;30;30;50;225;;202;0;0;0;-1;10112;66;8;86;81.0;7;0;1;0;0;0
1181;260;20230819;6;140;30;30;50;230;201.0;202;0;11;0;-1;10110;70;8;84;23.0;7;0;1;0;0;0
1182;260;20230819;7;150;30;30;60;241;;207;1;51;0;-1;10117;68;8;81;23.0;7;0;1;0;0;0
1183;260;20230819;8;190;30;20;50;248;;209;0;65;0;-1;10122;73;8;78;81.0;7;0;1;0;0;0
1184;260;20230819;9;230;30;30;50;251;;215;0;66;0;-1;10128;75;8;80;23.0;7;0;1;0;0;0
1185;260;20230819;10;270;40;50;80;250;;208;2;124;0;0;10139;75;8;77;;5;0;0;0;0;0
1186;260;20230819;11;280;30;30;70;253;;189;3;161;0;0;10147;80;8;67;;5;0;0;0;0;0
1187;260;20230819;12;250;30;30;60;245;224.0;192;1;95;0;0;10158;75;8;72;2.0;7;0;0;0;0;0
1188;260;20230819;13;230;60;60;110;224;;164;0;60;0;0;10174;80;8;68;;5;0;0;0;0;0
1189;260;20230819;14;240;40;30;80;218;;165;0;56;0;0;10179;75;8;71;;5;0;0;0;0;0
1190;260;20230819;15;260;30;40;70;230;;167;5;157;0;0;10182;74;4;67;;5;0;0;0;0;0
1191;260;20230819;16;250;30;30;70;232;;167;9;150;0;0;10181;75;5;66;;5;0;0;0;0;0
1192;260;20230819;17;260;30;30;60;232;;156;5;83;0;0;10186;81;3;62;;5;0;0;0;0;0
1193;260;20230819;18;270;20;20;50;221;209.0;157;10;51;0;0;10188;80;7;66;;5;0;0;0;0;0
1194;260;20230819;19;250;20;20;40;199;;151;3;7;0;0;10195;75;2;74;;5;0;0;0;0;0
1195;260;20230819;20;270;10;10;30;176;;160;0;0;0;0;10199;70;5;90;;5;0;0;0;0;0
1196;260;20230819;21;190;10;10;30;161;;157;0;0;0;0;10204;65;5;97;;5;0;0;0;0;0
1197;260;20230819;22;170;10;10;20;171;;163;0;0;0;0;10205;65;7;95;;5;0;0;0;0;0
1198;260;20230819;23;160;20;20;30;168;;156;0;0;0;0;10204;65;5;92;;5;0;0;0;0;0
1199;260;20230819;24;150;10;20;30;155;123.0;149;0;0;0;0;10204;65;4;96;;5;0;0;0;0;0
1200;260;20230820;1;210;10;10;30;159;;156;0;0;0;0;10209;65;6;97;;5;0;0;0;0;0
1201;260;20230820;2;210;20;10;40;158;;151;0;0;0;0;10213;65;6;95;;5;0;0;0;0;0
1202;260;20230820;3;170;10;10;30;143;;138;0;0;0;0;10211;64;0;97;;5;0;0;0;0;0
1203;260;20230820;4;220;20;10;30;147;;142;0;0;0;0;10215;65;6;97;;5;0;0;0;0;0
1204;260;20230820;5;170;10;10;20;138;;135;0;2;0;0;10219;10;3;98;10.0;7;0;0;0;0;0
1205;260;20230820;6;180;10;10;20;169;105.0;145;7;32;0;0;10220;70;0;86;;5;0;0;0;0;0
1206;260;20230820;7;200;20;20;30;195;;155;10;90;0;0;10220;70;0;78;;5;0;0;0;0;0
1207;260;20230820;8;250;20;20;40;209;;160;10;149;0;0;10224;75;0;73;;5;0;0;0;0;0
1208;260;20230820;9;240;30;30;60;221;;158;10;201;0;0;10227;80;0;67;;5;0;0;0;0;0
1209;260;20230820;10;240;30;30;60;233;;155;10;243;0;0;10227;82;0;61;;5;0;0;0;0;0
1210;260;20230820;11;270;30;30;60;245;;149;10;272;0;0;10227;82;1;55;;5;0;0;0;0;0
1211;260;20230820;12;270;30;30;60;244;174.0;129;10;271;0;0;10225;81;2;48;;5;0;0;0;0;0
1212;260;20230820;13;220;30;30;60;252;;134;9;248;0;0;10227;80;6;48;;5;0;0;0;0;0
1213;260;20230820;14;340;30;30;60;244;;151;6;200;0;0;10226;83;7;56;;5;0;0;0;0;0
1214;260;20230820;15;330;30;20;60;245;;149;5;142;0;0;10225;81;5;55;;5;0;0;0;0;0
1215;260;20230820;16;330;20;40;50;248;;142;6;115;0;0;10224;82;7;51;;5;0;0;0;0;0
1216;260;20230820;17;320;30;30;60;236;;145;9;108;0;0;10225;82;1;56;;5;0;0;0;0;0
1217;260;20230820;18;330;20;20;50;227;215.0;146;7;41;0;0;10225;83;1;60;;5;0;0;0;0;0
1218;260;20230820;19;340;10;10;30;197;;155;3;9;0;0;10228;75;4;77;;5;0;0;0;0;0
1219;260;20230820;20;320;10;10;20;181;;155;0;0;0;0;10232;70;3;84;;5;0;0;0;0;0
1220;260;20230820;21;10;10;10;20;171;;160;0;0;0;0;10234;65;8;93;;5;0;0;0;0;0
1221;260;20230820;22;0;10;0;20;167;;156;0;0;0;0;10235;65;7;93;;5;0;0;0;0;0
1222;260;20230820;23;0;0;0;10;159;;154;0;0;0;0;10233;65;6;96;;5;0;0;0;0;0
1223;260;20230820;24;90;10;10;10;153;127.0;148;0;0;0;0;10233;65;6;97;;5;0;0;0;0;0
1224;260;20230821;1;90;0;10;10;155;;150;0;0;0;0;10232;65;8;97;;5;0;0;0;0;0
1225;260;20230821;2;0;0;0;10;153;;148;0;0;0;0;10233;65;7;97;;5;0;0;0;0;0
1226;260;20230821;3;60;10;10;10;148;;143;0;0;0;0;10233;64;7;97;;5;0;0;0;0;0
1227;260;20230821;4;10;10;10;10;147;;142;0;0;0;0;10232;65;7;97;;5;0;0;0;0;0
1228;260;20230821;5;10;0;10;10;147;;142;0;1;0;0;10234;64;5;97;;5;0;0;0;0;0
1229;260;20230821;6;90;0;10;30;164;123.0;145;2;23;0;0;10236;70;6;89;;5;0;0;0;0;0
1230;260;20230821;7;0;0;0;10;202;;150;6;61;0;0;10237;75;6;72;;5;0;0;0;0;0
1231;260;20230821;8;210;10;10;30;218;;150;9;120;0;0;10240;80;2;65;;5;0;0;0;0;0
1232;260;20230821;9;190;20;20;40;226;;150;10;186;0;0;10239;81;1;62;;5;0;0;0;0;0
1233;260;20230821;10;240;20;20;50;239;;143;10;233;0;0;10237;80;0;54;;5;0;0;0;0;0
1234;260;20230821;11;240;30;30;60;248;;135;10;255;0;0;10236;80;3;49;;5;0;0;0;0;0
1235;260;20230821;12;260;20;20;50;237;165.0;138;7;206;0;0;10235;83;2;53;;5;0;0;0;0;0
1236;260;20230821;13;240;30;30;60;263;;135;10;287;0;0;10232;80;4;45;;5;0;0;0;0;0
1237;260;20230821;14;280;30;30;80;245;;138;8;184;0;0;10230;83;3;51;;5;0;0;0;0;0
1238;260;20230821;15;290;20;30;60;251;;145;10;209;0;0;10225;81;1;51;;5;0;0;0;0;0
1239;260;20230821;16;310;30;30;60;248;;154;10;175;0;0;10222;82;2;55;;5;0;0;0;0;0
1240;260;20230821;17;310;30;30;60;238;;155;10;110;0;0;10220;83;1;59;;5;0;0;0;0;0
1241;260;20230821;18;320;30;20;40;226;220.0;149;10;51;0;0;10218;83;0;61;;5;0;0;0;0;0
1242;260;20230821;19;330;20;20;30;204;;150;3;8;0;0;10221;75;0;71;;5;0;0;0;0;0
1243;260;20230821;20;360;10;10;30;164;;152;0;0;0;0;10223;65;1;92;;5;0;0;0;0;0
1244;260;20230821;21;320;10;10;20;152;;146;0;0;0;0;10222;65;2;95;;5;0;0;0;0;0
1245;260;20230821;22;90;10;10;10;147;;142;0;0;0;0;10220;65;8;97;;5;0;0;0;0;0
1246;260;20230821;23;0;0;0;10;150;;145;0;0;0;0;10216;65;8;97;;5;0;0;0;0;0
1247;260;20230821;24;0;10;0;10;151;115.0;146;0;0;0;0;10211;65;8;97;;5;0;0;0;0;0
1248;260;20230822;1;0;0;0;10;150;;145;0;0;0;0;10208;65;8;97;;5;0;0;0;0;0
1249;260;20230822;2;150;10;10;30;142;;139;0;0;0;0;10204;24;5;98;10.0;7;0;0;0;0;0
1250;260;20230822;3;210;10;10;10;137;;136;0;0;0;0;10202;9;7;99;34.0;7;1;0;0;0;0
1251;260;20230822;4;190;10;10;20;131;;130;0;0;0;0;10200;8;6;99;34.0;7;1;0;0;0;0
1252;260;20230822;5;150;10;10;10;126;;121;0;1;0;0;10202;61;4;97;20.0;7;1;0;0;0;0
1253;260;20230822;6;200;10;20;30;154;95.0;149;2;22;0;0;10201;61;7;97;20.0;7;1;0;0;0;0
1254;260;20230822;7;220;20;30;40;195;;152;7;76;0;0;10202;75;7;76;;5;0;0;0;0;0
1255;260;20230822;8;250;30;20;60;199;;156;6;101;0;0;10208;75;8;76;;5;0;0;0;0;0
1256;260;20230822;9;240;30;30;50;210;;162;2;121;0;0;10206;75;8;73;;5;0;0;0;0;0
1257;260;20230822;10;240;30;30;50;216;;162;3;148;0;0;10208;75;8;71;;5;0;0;0;0;0
1258;260;20230822;11;240;30;30;60;223;;166;1;150;0;0;10206;74;8;70;;5;0;0;0;0;0
1259;260;20230822;12;240;30;30;60;225;154.0;164;1;155;0;0;10208;80;8;68;;5;0;0;0;0;0
1260;260;20230822;13;240;30;30;50;230;;160;2;146;0;0;10208;81;8;64;;5;0;0;0;0;0
1261;260;20230822;14;230;30;30;70;234;;158;5;183;0;0;10206;83;7;62;;5;0;0;0;0;0
1262;260;20230822;15;230;30;30;60;235;;153;10;187;0;0;10202;82;4;60;;5;0;0;0;0;0
1263;260;20230822;16;270;30;30;60;232;;159;9;139;0;0;10203;82;5;63;;5;0;0;0;0;0
1264;260;20230822;17;250;30;30;60;231;;145;10;114;0;0;10201;82;1;58;;5;0;0;0;0;0
1265;260;20230822;18;270;30;20;50;217;214.0;147;10;48;0;0;10202;83;1;64;;5;0;0;0;0;0
1266;260;20230822;19;290;20;20;40;190;;149;3;8;0;0;10205;75;0;77;;5;0;0;0;0;0
1267;260;20230822;20;330;20;10;30;159;;148;0;0;0;0;10207;65;0;93;;5;0;0;0;0;0
1268;260;20230822;21;0;10;0;20;142;;138;0;0;0;0;10206;65;0;97;;5;0;0;0;0;0
1269;260;20230822;22;0;10;0;30;134;;131;0;0;0;0;10210;6;0;98;34.0;7;1;0;0;0;0
1270;260;20230822;23;0;0;0;10;128;;125;0;0;0;0;10207;4;0;98;34.0;7;1;0;0;0;0
1271;260;20230822;24;280;0;10;10;122;90.0;122;0;0;0;0;10207;7;6;99;32.0;7;1;0;0;0;0
1272;260;20230823;1;100;10;10;10;122;;121;0;0;0;0;10202;9;7;99;32.0;7;1;0;0;0;0
1273;260;20230823;2;140;10;10;20;119;;118;0;0;0;0;10202;7;8;99;34.0;7;1;0;0;0;0
1274;260;20230823;3;160;10;10;30;123;;123;0;0;0;0;10199;8;7;100;32.0;7;1;0;0;0;0
1275;260;20230823;4;190;10;10;20;122;;119;0;0;0;0;10199;57;8;98;20.0;7;1;0;0;0;0
1276;260;20230823;5;160;10;20;30;123;;120;0;1;0;0;10197;20;2;98;20.0;7;1;0;0;0;0
1277;260;20230823;6;170;20;10;30;160;87.0;154;5;25;0;0;10199;60;0;96;1.0;7;0;0;0;0;0
1278;260;20230823;7;190;20;20;40;184;;162;7;77;0;0;10201;70;7;86;;5;0;0;0;0;0
1279;260;20230823;8;200;30;30;50;204;;167;10;138;0;0;10203;73;0;79;;5;0;0;0;0;0
1280;260;20230823;9;200;30;30;50;219;;161;10;190;0;0;10204;80;0;69;;5;0;0;0;0;0
1281;260;20230823;10;230;20;30;50;232;;164;10;230;0;0;10204;80;0;65;;5;0;0;0;0;0
1282;260;20230823;11;210;30;30;60;233;;159;9;246;0;0;10200;80;5;63;;5;0;0;0;0;0
1283;260;20230823;12;240;30;30;60;249;169.0;147;9;251;0;0;10198;81;6;53;;5;0;0;0;0;0
1284;260;20230823;13;240;30;30;60;255;;141;10;272;0;0;10199;83;6;49;;5;0;0;0;0;0
1285;260;20230823;14;230;30;40;60;258;;146;7;186;0;0;10194;80;5;49;;5;0;0;0;0;0
1286;260;20230823;15;310;30;30;70;248;;146;10;176;0;0;10193;82;3;53;;5;0;0;0;0;0
1287;260;20230823;16;320;30;30;60;241;;148;10;157;0;0;10193;82;1;56;;5;0;0;0;0;0
1288;260;20230823;17;320;30;30;60;231;;149;10;100;0;0;10192;83;0;59;;5;0;0;0;0;0
1289;260;20230823;18;320;30;20;60;218;213.0;143;10;46;0;0;10195;83;3;62;;5;0;0;0;0;0
1290;260;20230823;19;330;20;20;40;197;;148;2;6;0;0;10194;75;2;73;;5;0;0;0;0;0
1291;260;20230823;20;10;20;20;30;189;;143;0;0;0;0;10195;75;2;74;;5;0;0;0;0;0
1292;260;20230823;21;40;10;10;30;161;;144;0;0;0;0;10194;70;7;89;;5;0;0;0;0;0
1293;260;20230823;22;50;10;10;20;149;;142;0;0;0;0;10195;65;8;95;;5;0;0;0;0;0
1294;260;20230823;23;40;10;10;20;142;;138;0;0;0;0;10192;65;5;97;;5;0;0;0;0;0
1295;260;20230823;24;70;10;20;30;140;111.0;135;0;0;0;0;10185;65;4;97;;5;0;0;0;0;0
1296;260;20230824;1;80;10;10;30;150;;143;0;0;0;0;10182;65;8;95;;5;0;0;0;0;0
1297;260;20230824;2;90;10;20;20;154;;147;0;0;0;-1;10179;65;8;95;81.0;7;0;1;0;0;0
1298;260;20230824;3;100;20;20;50;161;;149;0;0;0;-1;10171;65;8;92;23.0;7;0;1;0;0;0
1299;260;20230824;4;90;20;20;40;151;;145;0;0;0;0;10166;60;6;96;;5;0;0;0;0;0
1300;260;20230824;5;50;10;10;30;145;;141;0;1;0;0;10167;56;1;97;10.0;7;0;0;0;0;0
1301;260;20230824;6;100;10;20;30;169;111.0;155;7;25;0;0;10159;62;1;91;2.0;7;0;0;0;0;0
1302;260;20230824;7;100;20;20;40;198;;163;5;72;0;0;10152;74;1;79;;5;0;0;0;0;0
1303;260;20230824;8;110;20;20;40;224;;163;10;129;0;0;10152;80;2;68;;5;0;0;0;0;0
1304;260;20230824;9;140;30;40;60;226;;169;4;131;0;0;10142;75;8;70;;5;0;0;0;0;0
1305;260;20230824;10;110;20;20;50;244;;176;6;163;0;0;10139;80;8;65;;5;0;0;0;0;0
1306;260;20230824;11;160;20;20;40;229;;182;0;43;0;-1;10137;68;8;74;81.0;7;0;1;0;0;0
1307;260;20230824;12;150;20;20;30;238;168.0;185;0;88;0;-1;10132;70;8;72;23.0;7;0;1;0;0;0
1308;260;20230824;13;90;20;30;40;247;;186;1;133;0;0;10115;72;8;68;;5;0;0;0;0;0
1309;260;20230824;14;170;30;30;50;247;;183;0;111;0;0;10117;71;8;67;;5;0;0;0;0;0
1310;260;20230824;15;180;30;30;70;240;;190;0;55;0;0;10112;70;8;73;;5;0;0;0;0;0
1311;260;20230824;16;180;30;40;60;240;;185;3;80;0;0;10106;75;8;71;;5;0;0;0;0;0
1312;260;20230824;17;210;30;30;50;237;;182;0;47;0;0;10103;75;8;71;;5;0;0;0;0;0
1313;260;20230824;18;190;30;20;50;227;219.0;186;0;17;0;0;10098;75;8;77;;5;0;0;0;0;0
1314;260;20230824;19;200;20;20;40;219;;186;0;1;0;-1;10096;70;8;81;23.0;7;0;1;0;0;0
1315;260;20230824;20;130;20;20;50;204;;190;0;0;6;4;10089;61;8;91;81.0;7;0;1;0;0;0
1316;260;20230824;21;200;20;20;40;201;;189;0;0;0;-1;10099;65;8;93;23.0;7;0;1;0;0;0
1317;260;20230824;22;240;30;20;70;199;;189;0;0;0;-1;10094;64;8;94;81.0;7;0;1;0;0;0
1318;260;20230824;23;210;20;10;30;188;;183;0;0;0;-1;10093;57;1;96;23.0;7;0;1;0;0;0
1319;260;20230824;24;210;10;10;30;182;154.0;179;0;0;0;0;10094;33;8;98;20.0;7;1;0;0;0;0
1320;260;20230825;1;150;10;10;30;180;;180;0;0;0;0;10093;6;6;99;34.0;7;1;0;0;0;0
1321;260;20230825;2;180;10;20;30;183;;183;0;0;0;0;10092;4;7;100;34.0;7;1;0;0;0;0
1322;260;20230825;3;200;20;20;30;188;;188;0;0;0;0;10086;1;9;99;34.0;7;1;0;0;0;0
1323;260;20230825;4;160;10;10;30;187;;187;0;0;0;0;10081;7;8;99;32.0;7;1;0;0;0;0
1324;260;20230825;5;150;10;20;30;188;;185;0;0;0;0;10077;14;8;98;20.0;7;1;0;0;0;0
1325;260;20230825;6;170;10;10;30;191;144.0;188;0;7;0;0;10076;18;8;98;10.0;7;0;0;0;0;0
1326;260;20230825;7;140;10;10;30;198;;191;0;24;0;0;10075;28;8;96;10.0;7;0;0;0;0;0
1327;260;20230825;8;0;10;0;20;208;;191;1;60;0;0;10073;50;8;90;10.0;7;0;0;0;0;0
1328;260;20230825;9;170;10;10;30;208;;192;0;41;0;0;10075;49;8;90;10.0;7;0;0;0;0;0
1329;260;20230825;10;170;20;30;40;207;;194;0;36;0;-1;10077;50;8;91;23.0;7;0;1;0;0;0
1330;260;20230825;11;170;30;30;60;210;;194;0;84;4;8;10073;48;8;90;81.0;7;0;1;0;0;0
1331;260;20230825;12;170;20;30;40;210;192.0;198;0;51;3;3;10074;60;8;92;81.0;7;0;1;0;0;0
1332;260;20230825;13;200;20;10;50;217;;199;1;96;5;16;10071;46;8;89;81.0;7;0;1;0;0;0
1333;260;20230825;14;300;20;30;60;221;;187;2;94;0;-1;10068;61;8;81;26.0;7;0;1;0;1;0
1334;260;20230825;15;300;30;30;50;215;;179;0;53;0;0;10073;64;8;80;2.0;7;0;0;0;0;0
1335;260;20230825;16;270;30;30;70;213;;170;3;92;0;0;10075;69;8;76;;5;0;0;0;0;0
1336;260;20230825;17;300;40;40;70;205;;158;6;76;0;0;10075;75;8;74;;5;0;0;0;0;0
1337;260;20230825;18;310;30;20;60;197;197.0;156;8;35;0;0;10079;75;8;76;2.0;7;0;0;0;0;0
1338;260;20230825;19;290;20;20;40;184;;152;2;5;0;0;10086;70;8;81;;5;0;0;0;0;0
1339;260;20230825;20;290;20;20;40;180;;137;0;0;0;0;10089;75;8;76;;5;0;0;0;0;0
1340;260;20230825;21;270;20;20;30;174;;134;0;0;0;0;10091;75;8;77;;5;0;0;0;0;0
1341;260;20230825;22;270;20;10;40;159;;133;0;0;0;0;10091;70;3;84;;5;0;0;0;0;0
1342;260;20230825;23;260;10;10;30;147;;138;0;0;0;0;10089;65;7;94;;5;0;0;0;0;0
1343;260;20230825;24;220;20;20;30;139;116.0;135;0;0;0;0;10089;65;6;97;;5;0;0;0;0;0
1344;260;20230826;1;210;10;20;30;144;;138;0;0;0;0;10087;65;8;96;;5;0;0;0;0;0
1345;260;20230826;2;220;30;30;60;157;;135;0;0;0;-1;10086;70;8;86;23.0;7;0;1;0;0;0
1346;260;20230826;3;210;40;40;70;150;;126;0;0;0;0;10087;70;6;85;1.0;7;0;0;0;0;0
1347;260;20230826;4;200;30;40;70;145;;123;0;0;0;0;10087;70;8;86;;5;0;0;0;0;0
1348;260;20230826;5;200;40;30;80;142;;123;0;1;0;-1;10092;70;8;88;23.0;7;0;1;0;0;0
1349;260;20230826;6;190;30;30;60;142;115.0;121;5;23;0;0;10095;70;0;86;1.0;7;0;0;0;0;0
1350;260;20230826;7;180;30;30;50;152;;126;10;75;0;0;10093;70;1;84;;5;0;0;0;0;0
1351;260;20230826;8;200;40;50;80;161;;130;9;104;0;0;10099;70;6;81;;5;0;0;0;0;0
1352;260;20230826;9;200;50;50;80;180;;130;10;179;0;0;10098;75;5;72;;5;0;0;0;0;0
1353;260;20230826;10;220;50;50;100;181;;122;7;170;0;0;10101;80;7;68;;5;0;0;0;0;0
1354;260;20230826;11;200;40;40;80;193;;138;4;139;0;-1;10100;75;3;70;23.0;7;0;1;0;0;0
1355;260;20230826;12;200;50;40;100;185;141.0;127;7;214;0;0;10098;80;6;69;3.0;7;0;0;0;0;0
1356;260;20230826;13;200;30;30;70;188;;144;3;116;3;26;10101;75;7;75;23.0;7;0;1;0;0;0
1357;260;20230826;14;210;40;40;80;170;;139;3;114;1;4;10104;66;7;81;81.0;7;0;1;0;0;0
1358;260;20230826;15;230;40;30;90;167;;145;0;40;9;14;10101;70;8;86;92.0;7;0;1;0;1;0
1359;260;20230826;16;230;30;30;60;182;;140;9;145;0;-1;10101;75;1;76;26.0;7;0;1;0;1;0
1360;260;20230826;17;170;30;30;70;175;;125;3;57;0;0;10103;75;8;72;26.0;7;0;0;0;1;0
1361;260;20230826;18;140;10;10;60;169;153.0;144;8;41;0;-1;10101;70;6;85;23.0;7;0;1;0;0;0
1362;260;20230826;19;150;20;20;30;151;;141;2;5;0;0;10103;65;4;93;;5;0;0;0;0;0
1363;260;20230826;20;150;20;20;30;148;;138;0;0;0;-1;10105;65;8;93;81.0;7;0;1;0;0;0
1364;260;20230826;21;160;20;20;30;132;;129;0;0;0;-1;10102;50;1;98;23.0;7;0;1;0;0;0
1365;260;20230826;22;150;20;20;30;132;;127;0;0;0;0;10100;65;0;97;20.0;7;1;0;0;0;0
1366;260;20230826;23;150;20;20;40;133;;128;0;0;0;0;10098;62;8;97;;5;0;0;0;0;0
1367;260;20230826;24;180;20;30;40;137;100.0;130;0;0;0;0;10095;65;6;95;1.0;7;0;0;0;0;0
1368;260;20230827;1;170;20;20;40;132;;128;0;0;0;0;10088;62;7;97;;5;0;0;0;0;0
1369;260;20230827;2;170;20;30;40;132;;127;0;0;0;0;10084;65;8;96;;5;0;0;0;0;0
1370;260;20230827;3;160;20;20;30;134;;128;0;0;0;-1;10085;65;8;96;81.0;7;0;1;0;0;0
1371;260;20230827;4;170;20;20;40;139;;132;0;0;10;3;10084;63;8;95;57.0;7;0;1;0;0;0
1372;260;20230827;5;170;20;20;40;139;;132;0;0;0;-1;10084;62;8;95;51.0;7;0;1;0;0;0
1373;260;20230827;6;180;20;30;50;142;113.0;135;3;17;0;-1;10082;65;8;95;81.0;7;0;1;0;0;0
1374;260;20230827;7;200;30;30;60;155;;142;5;64;0;-1;10079;65;5;91;23.0;7;0;1;0;0;0
1375;260;20230827;8;210;40;40;70;159;;136;6;85;0;0;10080;70;7;85;;5;0;0;0;0;0
1376;260;20230827;9;210;40;50;70;164;;128;6;132;0;-1;10078;75;7;79;91.0;7;0;1;0;1;0
1377;260;20230827;10;210;30;30;70;169;;119;2;103;0;-1;10078;75;8;72;26.0;7;0;1;0;1;0
1378;260;20230827;11;230;40;30;100;149;;115;0;47;4;1;10079;75;8;79;81.0;7;0;1;0;0;0
1379;260;20230827;12;230;40;40;70;158;139.0;120;1;113;3;2;10084;75;8;78;23.0;7;0;1;0;0;0
1380;260;20230827;13;240;40;40;70;176;;123;7;229;0;0;10083;75;8;71;;5;0;0;0;0;0
1381;260;20230827;14;230;40;40;80;168;;121;1;84;0;-1;10085;75;8;73;91.0;7;0;1;0;1;0
1382;260;20230827;15;230;40;40;90;154;;117;2;63;0;-1;10091;75;8;78;81.0;7;0;1;0;1;0
1383;260;20230827;16;250;40;50;80;180;;111;10;157;0;-1;10089;83;2;64;23.0;7;0;1;0;0;0
1384;260;20230827;17;260;50;50;90;174;;107;8;91;0;0;10092;80;4;65;;5;0;0;0;0;0
1385;260;20230827;18;330;30;20;90;156;150.0;128;7;28;0;-1;10099;70;7;83;23.0;7;0;1;0;0;0
1386;260;20230827;19;230;10;20;40;137;;120;0;5;0;0;10102;66;1;89;;5;0;0;0;0;0
1387;260;20230827;20;220;20;20;30;126;;119;0;0;0;0;10105;65;5;95;;5;0;0;0;0;0
1388;260;20230827;21;230;20;30;50;145;;120;0;0;0;0;10108;70;1;85;;5;0;0;0;0;0
1389;260;20230827;22;220;30;30;40;136;;122;0;0;0;0;10113;65;0;91;;5;0;0;0;0;0
1390;260;20230827;23;240;30;20;50;136;;122;0;0;0;0;10115;65;0;91;;5;0;0;0;0;0
1391;260;20230827;24;230;20;20;40;128;98.0;120;0;0;0;0;10112;65;0;94;;5;0;0;0;0;0
1392;260;20230828;1;220;20;20;30;128;;122;0;0;0;0;10113;65;3;96;;5;0;0;0;0;0
1393;260;20230828;2;0;10;0;30;106;;101;0;0;0;0;10111;61;0;97;;5;0;0;0;0;0
1394;260;20230828;3;0;10;0;20;96;;95;0;0;0;0;10107;2;2;99;34.0;7;1;0;0;0;0
1395;260;20230828;4;190;10;10;30;97;;96;0;0;0;0;10114;8;4;99;32.0;7;1;0;0;0;0
1396;260;20230828;5;130;10;10;20;120;;117;0;0;0;0;10119;58;8;98;20.0;7;1;0;0;0;0
1397;260;20230828;6;230;10;10;10;130;63.0;125;0;13;0;0;10118;60;8;97;2.0;7;0;0;0;0;0
1398;260;20230828;7;0;10;0;20;147;;140;2;47;0;0;10120;65;2;95;;5;0;0;0;0;0
1399;260;20230828;8;990;10;10;30;178;;128;10;139;0;0;10120;75;5;72;;5;0;0;0;0;0
1400;260;20230828;9;310;20;20;40;189;;128;9;162;0;0;10123;80;2;67;;5;0;0;0;0;0
1401;260;20230828;10;310;20;20;40;195;;110;10;228;0;0;10122;82;0;57;;5;0;0;0;0;0
1402;260;20230828;11;230;20;20;40;210;;119;10;277;0;0;10123;81;3;56;;5;0;0;0;0;0
1403;260;20230828;12;310;20;20;40;212;131.0;122;8;239;0;0;10122;82;6;56;;5;0;0;0;0;0
1404;260;20230828;13;350;30;30;50;207;;123;6;193;0;0;10121;81;6;58;;5;0;0;0;0;0
1405;260;20230828;14;330;30;40;60;203;;121;8;238;0;0;10122;83;7;58;;5;0;0;0;0;0
1406;260;20230828;15;340;40;40;60;201;;118;7;151;0;0;10124;82;7;59;;5;0;0;0;0;0
1407;260;20230828;16;350;40;40;70;194;;117;6;108;0;0;10128;83;6;61;;5;0;0;0;0;0
1408;260;20230828;17;330;30;30;60;191;;126;8;65;0;0;10128;80;8;66;;5;0;0;0;0;0
1409;260;20230828;18;340;20;20;50;181;173.0;132;10;33;0;0;10131;75;8;73;;5;0;0;0;0;0
1410;260;20230828;19;360;10;10;40;153;;133;0;4;0;0;10134;70;8;87;;5;0;0;0;0;0
1411;260;20230828;20;350;10;10;30;139;;130;0;0;0;0;10138;65;8;94;;5;0;0;0;0;0
1412;260;20230828;21;320;10;10;30;144;;136;0;0;0;0;10139;65;8;94;;5;0;0;0;0;0
1413;260;20230828;22;310;10;10;20;133;;128;0;0;0;0;10137;65;7;97;;5;0;0;0;0;0
1414;260;20230828;23;30;10;10;20;118;;116;0;0;0;0;10134;7;8;99;34.0;7;1;0;0;0;0
1415;260;20230828;24;40;0;10;10;111;82.0;108;0;0;0;0;10131;13;8;98;20.0;7;1;0;0;0;0
1416;260;20230829;1;310;10;10;20;103;;103;0;0;0;0;10128;6;8;99;34.0;7;1;0;0;0;0
1417;260;20230829;2;0;10;0;20;99;;99;0;0;0;0;10128;4;8;99;34.0;7;1;0;0;0;0
1418;260;20230829;3;60;10;10;10;94;;93;0;0;0;0;10128;4;8;99;33.0;7;1;0;0;0;0
1419;260;20230829;4;90;10;10;20;93;;92;0;0;0;0;10130;5;8;99;32.0;7;1;0;0;0;0
1420;260;20230829;5;0;0;0;20;94;;91;0;1;0;0;10123;58;8;98;20.0;7;1;0;0;0;0
1421;260;20230829;6;140;10;10;10;121;61.0;116;8;29;0;0;10122;65;8;97;2.0;7;0;0;0;0;0
1422;260;20230829;7;0;10;0;10;146;;125;2;53;0;0;10123;70;8;87;;5;0;0;0;0;0
1423;260;20230829;8;200;10;20;30;162;;134;0;76;0;0;10121;70;8;83;;5;0;0;0;0;0
1424;260;20230829;9;230;20;20;40;175;;135;3;121;0;0;10121;75;8;77;;5;0;0;0;0;0
1425;260;20230829;10;180;20;20;40;182;;123;2;123;0;0;10120;80;6;68;;5;0;0;0;0;0
1426;260;20230829;11;170;20;30;50;181;;127;3;152;0;0;10117;75;7;70;;5;0;0;0;0;0
1427;260;20230829;12;170;20;30;50;183;131.0;136;0;101;0;0;10115;75;8;73;;5;0;0;0;0;0
1428;260;20230829;13;160;30;20;50;182;;131;2;95;0;0;10109;75;8;71;;5;0;0;0;0;0
1429;260;20230829;14;280;20;20;40;165;;132;0;11;3;18;10109;75;8;80;81.0;7;0;1;0;0;0
1430;260;20230829;15;0;10;0;30;175;;133;0;43;0;-1;10107;75;8;76;23.0;7;0;1;0;0;0
1431;260;20230829;16;170;10;10;30;181;;144;0;53;0;0;10106;75;8;78;;5;0;0;0;0;0
1432;260;20230829;17;260;20;20;40;179;;123;1;53;0;0;10105;80;1;69;;5;0;0;0;0;0
1433;260;20230829;18;280;20;20;40;162;149.0;119;3;20;0;0;10103;75;8;75;3.0;7;0;0;0;0;0
1434;260;20230829;19;260;20;20;30;135;;119;0;1;0;0;10104;70;8;90;;5;0;0;0;0;0
1435;260;20230829;20;210;10;10;20;112;;109;0;0;0;0;10102;60;8;97;;5;0;0;0;0;0
1436;260;20230829;21;220;10;10;20;114;;109;0;0;0;0;10100;62;8;97;;5;0;0;0;0;0
1437;260;20230829;22;210;10;10;20;119;;114;0;0;0;0;10096;62;8;97;;5;0;0;0;0;0
1438;260;20230829;23;160;10;10;30;120;;111;0;0;0;0;10091;65;8;94;;5;0;0;0;0;0
1439;260;20230829;24;160;20;20;30;116;83.0;106;0;0;0;0;10085;65;8;93;;5;0;0;0;0;0
1440;260;20230830;1;190;20;10;30;123;;111;0;0;0;0;10080;65;8;92;;5;0;0;0;0;0
1441;260;20230830;2;160;20;10;30;127;;110;0;0;0;0;10076;70;8;89;;5;0;0;0;0;0
1442;260;20230830;3;170;20;30;50;128;;104;0;0;0;0;10071;70;8;85;;5;0;0;0;0;0
1443;260;20230830;4;160;20;20;40;116;;97;0;0;0;0;10064;70;8;88;;5;0;0;0;0;0
1444;260;20230830;5;150;20;20;40;112;;94;0;0;0;0;10061;70;8;89;;5;0;0;0;0;0
1445;260;20230830;6;180;20;20;40;124;91.0;100;0;11;0;-1;10060;70;8;85;81.0;7;0;1;0;0;0
1446;260;20230830;7;170;20;30;50;125;;118;0;8;10;16;10055;58;8;95;58.0;7;0;1;0;0;0
1447;260;20230830;8;160;30;40;60;130;;126;0;19;7;6;10045;50;8;97;61.0;7;0;1;0;0;0
1448;260;20230830;9;170;40;40;60;135;;130;0;29;5;3;10044;47;8;97;52.0;7;0;1;0;0;0
1449;260;20230830;10;240;30;30;60;152;;142;0;51;2;1;10042;65;8;93;22.0;7;0;1;0;0;0
1450;260;20230830;11;300;40;30;90;166;;120;7;202;0;0;10046;75;6;74;;5;0;0;0;0;0
1451;260;20230830;12;290;30;40;70;175;118.0;114;3;133;0;-1;10047;80;6;67;23.0;7;0;1;0;0;0
1452;260;20230830;13;290;40;40;80;180;;103;8;218;0;0;10051;81;6;60;;5;0;0;0;0;0
1453;260;20230830;14;270;40;30;90;147;;131;2;87;3;17;10057;58;8;90;82.0;7;0;1;0;1;0
1454;260;20230830;15;300;20;30;80;154;;129;0;56;3;29;10060;70;8;84;81.0;7;0;1;0;0;0
1455;260;20230830;16;270;30;30;90;166;;127;9;130;1;2;10060;75;3;77;23.0;7;0;1;0;0;0
1456;260;20230830;17;290;40;30;80;164;;112;3;57;0;0;10062;75;6;71;;5;0;0;0;0;0
1457;260;20230830;18;270;30;30;70;154;146.0;104;8;25;0;0;10067;75;8;72;3.0;7;0;0;0;0;0
1458;260;20230830;19;250;20;20;60;142;;106;0;2;0;0;10071;75;8;78;;5;0;0;0;0;0
1459;260;20230830;20;240;30;30;70;137;;101;0;0;0;0;10074;75;7;78;91.0;7;0;0;0;1;0
1460;260;20230830;21;240;30;30;60;125;;101;0;0;0;0;10076;70;2;85;26.0;7;0;0;0;1;0
1461;260;20230830;22;230;30;30;50;118;;99;0;0;0;0;10076;70;1;87;;5;0;0;0;0;0
1462;260;20230830;23;220;30;30;60;118;;101;0;0;0;0;10077;70;1;89;;5;0;0;0;0;0
1463;260;20230830;24;220;30;20;50;117;102.0;108;0;0;0;0;10077;65;2;94;3.0;7;0;0;0;0;0
1464;260;20230831;1;230;30;30;60;127;;116;0;0;0;-1;10076;65;7;93;81.0;7;0;1;0;0;0
1465;260;20230831;2;230;40;40;70;126;;113;0;0;0;-1;10075;65;2;91;23.0;7;0;1;0;0;0
1466;260;20230831;3;220;40;30;80;127;;105;0;0;0;-1;10076;70;8;86;23.0;7;0;1;0;0;0
1467;260;20230831;4;250;30;20;60;127;;116;0;0;5;4;10079;65;8;92;81.0;7;0;1;0;0;0
1468;260;20230831;5;240;20;30;60;125;;119;0;0;10;43;10084;56;8;96;62.0;7;0;1;0;0;0
1469;260;20230831;6;230;20;20;60;125;101.0;121;0;8;4;25;10090;56;8;97;82.0;7;0;1;0;0;0
1470;260;20230831;7;210;20;20;50;132;;123;0;24;7;20;10093;58;8;94;62.0;7;0;1;0;0;0
1471;260;20230831;8;210;20;20;40;141;;129;3;58;5;1;10097;65;7;92;23.0;7;0;1;0;0;0
1472;260;20230831;9;260;30;30;50;173;;127;9;172;0;0;10099;75;6;74;1.0;7;0;0;0;0;0
1473;260;20230831;10;260;40;50;80;173;;100;7;152;1;1;10101;83;2;62;23.0;7;0;1;0;0;0
1474;260;20230831;11;280;50;60;110;185;;80;10;259;0;0;10103;83;1;50;;5;0;0;0;0;0
1475;260;20230831;12;280;50;50;100;190;123.0;85;10;270;0;0;10103;83;1;50;2.0;7;0;0;0;0;0
1476;260;20230831;13;280;50;50;110;189;;81;9;243;0;0;10105;83;8;49;;5;0;0;0;0;0
1477;260;20230831;14;260;40;40;90;193;;86;9;207;0;0;10106;83;8;50;;5;0;0;0;0;0
1478;260;20230831;15;290;40;40;80;198;;98;10;207;0;0;10108;83;8;52;;5;0;0;0;0;0
1479;260;20230831;16;310;30;30;70;190;;86;10;140;0;0;10110;82;6;50;;5;0;0;0;0;0
1480;260;20230831;17;310;30;20;60;185;;91;10;86;0;0;10111;83;1;54;;5;0;0;0;0;0
1481;260;20230831;18;340;20;10;40;164;149.0;110;7;25;0;0;10112;75;1;70;;5;0;0;0;0;0
1482;260;20230831;19;0;0;0;30;128;;117;0;0;0;0;10114;60;8;92;;5;0;0;0;0;0
1483;260;20230831;20;100;10;10;20;124;;116;0;0;0;0;10117;65;8;95;;5;0;0;0;0;0
1484;260;20230831;21;100;10;10;10;134;;125;0;0;0;0;10119;65;8;93;;5;0;0;0;0;0
1485;260;20230831;22;90;10;10;10;131;;123;0;0;0;0;10118;65;8;94;;5;0;0;0;0;0
1486;260;20230831;23;120;10;10;10;126;;121;0;0;0;0;10118;65;8;97;;5;0;0;0;0;0
1487;260;20230831;24;150;10;20;30;127;100.0;121;0;0;0;0;10115;65;8;96;;5;0;0;0;0;0
1488;260;20230901;1;140;10;10;30;123;;117;0;0;0;0;10117;65;8;96;;5;0;0;0;0;0
1489;260;20230901;2;120;10;10;10;120;;115;0;0;0;0;10117;60;8;97;;5;0;0;0;0;0
1490;260;20230901;3;130;10;10;30;123;;118;0;0;0;0;10115;60;8;97;;5;0;0;0;0;0
1491;260;20230901;4;140;10;10;30;128;;123;0;0;0;0;10112;63;8;97;;5;0;0;0;0;0
1492;260;20230901;5;150;10;20;30;134;;126;0;0;0;0;10114;65;8;95;;5;0;0;0;0;0
1493;260;20230901;6;90;10;20;30;138;102.0;127;0;9;0;0;10113;64;8;93;;5;0;0;0;0;0
1494;260;20230901;7;120;20;20;30;145;;128;0;26;0;0;10117;70;8;89;;5;0;0;0;0;0
1495;260;20230901;8;90;20;20;40;150;;134;0;30;0;0;10114;70;8;89;;5;0;0;0;0;0
1496;260;20230901;9;100;20;20;30;154;;135;0;35;0;0;10116;70;8;88;;5;0;0;0;0;0
1497;260;20230901;10;70;20;20;40;159;;137;0;35;0;0;10122;70;8;87;;5;0;0;0;0;0
1498;260;20230901;11;100;20;30;40;166;;142;0;55;0;0;10121;70;8;85;;5;0;0;0;0;0
1499;260;20230901;12;130;20;20;50;170;136.0;147;0;74;0;0;10127;70;8;86;;5;0;0;0;0;0
1500;260;20230901;13;130;20;10;30;178;;153;0;87;0;0;10131;70;8;85;;5;0;0;0;0;0
1501;260;20230901;14;180;10;10;30;183;;153;0;67;0;0;10134;70;8;82;;5;0;0;0;0;0
1502;260;20230901;15;160;10;10;30;194;;153;5;130;0;0;10133;75;7;77;;5;0;0;0;0;0
1503;260;20230901;16;90;10;10;30;195;;158;6;100;0;0;10133;75;8;79;;5;0;0;0;0;0
1504;260;20230901;17;90;10;10;30;190;;162;0;21;0;-1;10136;70;8;84;23.0;7;0;1;0;0;0
1505;260;20230901;18;110;10;10;30;178;178.0;166;0;5;4;1;10139;59;8;93;23.0;7;0;1;0;0;0
1506;260;20230901;19;90;20;20;30;171;;167;0;0;7;34;10148;39;8;97;81.0;7;0;1;0;0;0
1507;260;20230901;20;80;20;20;30;168;;164;0;0;5;14;10155;50;8;97;23.0;7;0;1;0;0;0
1508;260;20230901;21;140;20;30;40;166;;163;0;0;0;0;10159;49;8;98;10.0;7;0;0;0;0;0
1509;260;20230901;22;110;20;20;40;164;;161;0;0;0;0;10161;36;8;98;10.0;7;0;0;0;0;0
1510;260;20230901;23;120;20;30;40;161;;157;0;0;0;0;10164;33;7;97;10.0;7;0;0;0;0;0
1511;260;20230901;24;90;20;10;40;151;128.0;148;0;0;0;0;10166;16;4;98;10.0;7;0;0;0;0;0
1512;260;20230902;1;120;10;20;30;135;;135;0;0;0;0;10165;1;6;99;34.0;7;1;0;0;0;0
1513;260;20230902;2;160;10;20;30;142;;142;0;0;0;0;10170;2;8;99;32.0;7;1;0;0;0;0
1514;260;20230902;3;20;10;10;30;149;;149;0;0;0;0;10172;1;9;99;34.0;7;1;0;0;0;0
1515;260;20230902;4;140;10;10;20;149;;149;0;0;0;0;10173;0;9;99;34.0;7;1;0;0;0;0
1516;260;20230902;5;50;10;10;20;148;;148;0;0;0;0;10179;1;9;99;32.0;7;1;0;0;0;0
1517;260;20230902;6;40;10;10;30;149;103.0;149;0;7;0;0;10183;1;9;99;33.0;7;1;0;0;0;0
1518;260;20230902;7;10;10;10;30;155;;155;0;25;0;0;10192;3;9;99;32.0;7;1;0;0;0;0
1519;260;20230902;8;360;10;20;30;159;;156;0;45;0;0;10200;24;8;98;20.0;7;1;0;0;0;0
1520;260;20230902;9;30;20;20;40;164;;163;0;70;0;0;10201;36;8;98;10.0;7;0;0;0;0;0
1521;260;20230902;10;10;20;20;30;169;;164;0;67;0;0;10212;50;8;96;10.0;7;0;0;0;0;0
1522;260;20230902;11;30;20;30;40;180;;166;0;63;0;0;10215;57;8;91;10.0;7;0;0;0;0;0
1523;260;20230902;12;20;20;20;30;195;152.0;168;1;101;0;0;10217;59;8;84;10.0;7;0;0;0;0;0
1524;260;20230902;13;50;20;20;40;200;;166;1;103;0;0;10222;64;8;81;;5;0;0;0;0;0
1525;260;20230902;14;990;10;10;40;216;;164;6;159;0;0;10220;65;4;72;;5;0;0;0;0;0
1526;260;20230902;15;990;10;10;40;216;;167;5;116;0;0;10221;73;1;73;;5;0;0;0;0;0
1527;260;20230902;16;40;20;20;50;211;;168;8;136;0;0;10224;75;5;76;;5;0;0;0;0;0
1528;260;20230902;17;20;20;20;40;207;;165;7;68;0;0;10228;75;8;77;;5;0;0;0;0;0
1529;260;20230902;18;20;30;30;50;189;180.0;155;8;24;0;0;10232;75;8;80;;5;0;0;0;0;0
1530;260;20230902;19;20;20;20;60;172;;147;0;1;0;0;10239;66;8;84;;5;0;0;0;0;0
1531;260;20230902;20;350;10;20;30;153;;146;0;0;0;0;10245;65;8;95;;5;0;0;0;0;0
1532;260;20230902;21;360;10;10;30;134;;131;0;0;0;0;10251;11;8;98;10.0;7;0;0;0;0;0
1533;260;20230902;22;10;10;10;30;125;;122;0;0;0;0;10256;31;8;98;10.0;7;0;0;0;0;0
1534;260;20230902;23;30;10;10;30;118;;115;0;0;0;0;10259;56;4;98;20.0;7;1;0;0;0;0
1535;260;20230902;24;350;10;10;30;113;83.0;110;0;0;0;0;10261;50;6;98;10.0;7;0;0;0;0;0
1536;260;20230903;1;30;10;10;10;107;;105;0;0;0;0;10260;4;8;99;34.0;7;1;0;0;0;0
1537;260;20230903;2;360;10;10;20;107;;104;0;0;0;0;10264;58;8;98;20.0;7;1;0;0;0;0
1538;260;20230903;3;0;10;0;20;107;;104;0;0;0;0;10260;56;8;98;10.0;7;0;0;0;0;0
1539;260;20230903;4;0;0;0;10;105;;102;0;0;0;0;10264;50;8;98;10.0;7;0;0;0;0;0
1540;260;20230903;5;0;0;0;10;109;;106;0;0;0;0;10267;50;8;98;10.0;7;0;0;0;0;0
1541;260;20230903;6;0;10;0;10;114;78.0;111;0;13;0;0;10275;57;8;98;10.0;7;0;0;0;0;0
1542;260;20230903;7;80;10;10;20;134;;110;2;43;0;0;10280;58;8;85;10.0;7;0;0;0;0;0
1543;260;20230903;8;110;10;10;20;152;;110;0;76;0;0;10284;62;8;76;;5;0;0;0;0;0
1544;260;20230903;9;990;10;10;20;187;;110;8;153;0;0;10285;74;8;61;;5;0;0;0;0;0
1545;260;20230903;10;990;10;10;20;205;;107;9;201;0;0;10286;81;8;53;;5;0;0;0;0;0
1546;260;20230903;11;990;10;10;30;213;;126;7;205;0;0;10283;81;8;57;;5;0;0;0;0;0
1547;260;20230903;12;70;10;10;30;219;108.0;113;8;210;0;0;10285;82;8;50;;5;0;0;0;0;0
1548;260;20230903;13;50;20;20;40;220;;125;5;178;0;0;10284;82;8;55;;5;0;0;0;0;0
1549;260;20230903;14;60;10;10;30;224;;110;9;207;0;0;10284;81;8;48;;5;0;0;0;0;0
1550;260;20230903;15;20;10;10;30;231;;112;10;191;0;0;10283;83;8;46;;5;0;0;0;0;0
1551;260;20230903;16;140;10;10;30;227;;119;10;109;0;0;10283;83;8;50;;5;0;0;0;0;0
1552;260;20230903;17;110;10;10;30;217;;146;7;59;0;0;10281;83;8;64;;5;0;0;0;0;0
1553;260;20230903;18;60;10;10;20;201;192.0;162;8;26;0;0;10278;75;8;78;;5;0;0;0;0;0
1554;260;20230903;19;60;10;20;30;167;;153;0;2;0;0;10280;60;8;91;;5;0;0;0;0;0
1555;260;20230903;20;90;10;10;30;145;;140;0;0;0;0;10278;65;8;96;;5;0;0;0;0;0
1556;260;20230903;21;70;10;10;20;131;;129;0;0;0;0;10278;50;7;98;10.0;7;0;0;0;0;0
1557;260;20230903;22;90;10;10;20;124;;119;0;0;0;0;10282;65;1;97;;5;0;0;0;0;0
1558;260;20230903;23;70;10;10;20;114;;109;0;0;0;0;10281;65;7;97;20.0;7;1;0;0;0;0
1559;260;20230903;24;80;10;10;10;111;81.0;108;0;0;0;0;10279;12;8;98;10.0;7;0;0;0;0;0
1560;260;20230904;1;70;10;10;30;105;;102;0;0;0;0;10279;11;8;98;20.0;7;1;0;0;0;0
1561;260;20230904;2;0;10;0;20;101;;99;0;0;0;0;10277;3;8;99;34.0;7;1;0;0;0;0
1562;260;20230904;3;70;10;20;30;97;;94;0;0;0;0;10273;11;4;98;20.0;7;1;0;0;0;0
1563;260;20230904;4;70;10;10;30;93;;90;0;0;0;0;10270;56;8;98;10.0;7;0;0;0;0;0
1564;260;20230904;5;60;10;10;20;86;;85;0;0;0;0;10268;4;7;99;34.0;7;1;0;0;0;0
1565;260;20230904;6;100;10;10;30;120;56.0;117;8;22;0;0;10270;65;8;97;20.0;7;1;0;0;0;0
1566;260;20230904;7;90;10;10;30;157;;133;8;68;0;0;10269;70;8;85;;5;0;0;0;0;0
1567;260;20230904;8;100;20;30;40;180;;139;10;113;0;0;10267;75;8;77;;5;0;0;0;0;0
1568;260;20230904;9;130;30;30;40;197;;143;10;155;0;0;10267;75;8;70;;5;0;0;0;0;0
1569;260;20230904;10;130;20;20;40;217;;148;10;212;0;0;10265;80;8;64;;5;0;0;0;0;0
1570;260;20230904;11;140;30;30;60;235;;151;10;255;0;0;10258;81;8;59;;5;0;0;0;0;0
1571;260;20230904;12;160;30;30;60;243;113.0;151;10;261;0;0;10253;82;8;56;;5;0;0;0;0;0
1572;260;20230904;13;140;30;30;60;247;;141;10;259;0;0;10248;82;8;51;;5;0;0;0;0;0
1573;260;20230904;14;100;30;30;60;248;;155;8;206;0;0;10241;83;8;56;;5;0;0;0;0;0
1574;260;20230904;15;80;30;30;60;250;;147;7;148;0;0;10237;83;8;52;;5;0;0;0;0;0
1575;260;20230904;16;90;30;30;50;247;;150;10;116;0;0;10232;82;8;54;;5;0;0;0;0;0
1576;260;20230904;17;100;30;30;50;232;;151;10;66;0;0;10230;83;8;60;;5;0;0;0;0;0
1577;260;20230904;18;90;30;30;40;208;185.0;156;5;16;0;0;10223;75;8;71;;5;0;0;0;0;0
1578;260;20230904;19;70;30;20;50;195;;151;0;1;0;0;10220;73;8;75;;5;0;0;0;0;0
1579;260;20230904;20;60;20;20;40;165;;146;0;0;0;0;10219;70;8;88;;5;0;0;0;0;0
1580;260;20230904;21;60;20;20;40;175;;144;0;0;0;0;10216;70;8;82;;5;0;0;0;0;0
1581;260;20230904;22;70;20;20;30;151;;140;0;0;0;0;10213;65;4;93;;5;0;0;0;0;0
1582;260;20230904;23;50;20;20;30;156;;138;0;0;0;0;10212;70;7;89;;5;0;0;0;0;0
1583;260;20230904;24;50;20;20;40;159;110.0;135;0;0;0;0;10210;70;0;85;;5;0;0;0;0;0
1584;260;20230905;1;60;20;20;40;147;;133;0;0;0;0;10208;65;0;91;;5;0;0;0;0;0
1585;260;20230905;2;80;30;30;50;157;;133;0;0;0;0;10204;70;1;85;;5;0;0;0;0;0
1586;260;20230905;3;90;20;20;50;151;;130;0;0;0;0;10201;70;0;87;;5;0;0;0;0;0
1587;260;20230905;4;90;20;30;40;144;;127;0;0;0;0;10197;70;0;89;;5;0;0;0;0;0
1588;260;20230905;5;110;30;20;40;150;;126;0;0;0;0;10195;70;0;85;;5;0;0;0;0;0
1589;260;20230905;6;120;30;30;40;165;110.0;129;5;17;0;0;10196;75;0;79;;5;0;0;0;0;0
1590;260;20230905;7;140;30;40;70;194;;134;10;68;0;0;10197;80;0;68;;5;0;0;0;0;0
1591;260;20230905;8;130;40;40;80;211;;145;10;126;0;0;10196;80;0;66;;5;0;0;0;0;0
1592;260;20230905;9;140;40;40;70;228;;146;10;178;0;0;10196;82;1;59;;5;0;0;0;0;0
1593;260;20230905;10;120;40;40;70;242;;153;10;219;0;0;10197;81;1;57;;5;0;0;0;0;0
1594;260;20230905;11;130;40;40;60;254;;154;10;247;0;0;10194;81;0;54;;5;0;0;0;0;0
1595;260;20230905;12;140;30;40;60;263;151.0;152;10;258;0;0;10189;81;0;50;;5;0;0;0;0;0
1596;260;20230905;13;130;40;30;60;279;;160;10;253;0;0;10184;82;0;48;;5;0;0;0;0;0
1597;260;20230905;14;140;30;30;60;285;;159;10;229;0;0;10182;82;0;46;;5;0;0;0;0;0
1598;260;20230905;15;140;30;30;60;286;;164;10;190;0;0;10180;82;0;47;;5;0;0;0;0;0
1599;260;20230905;16;150;40;30;60;285;;171;10;139;0;0;10176;83;0;50;;5;0;0;0;0;0
1600;260;20230905;17;130;30;30;50;276;;167;10;82;0;0;10176;83;0;51;;5;0;0;0;0;0
1601;260;20230905;18;120;20;20;40;254;217.0;172;8;27;0;0;10179;83;0;60;;5;0;0;0;0;0
1602;260;20230905;19;100;10;20;30;198;;179;0;0;0;0;10183;70;0;88;;5;0;0;0;0;0
1603;260;20230905;20;110;20;20;30;183;;169;0;0;0;0;10183;65;2;91;;5;0;0;0;0;0
1604;260;20230905;21;80;10;10;30;171;;166;0;0;0;0;10186;65;2;97;;5;0;0;0;0;0
1605;260;20230905;22;110;20;20;30;165;;160;0;0;0;0;10187;65;0;96;;5;0;0;0;0;0
1606;260;20230905;23;130;20;30;40;158;;151;0;0;0;0;10186;65;0;95;;5;0;0;0;0;0
1607;260;20230905;24;140;30;30;40;196;123.0;149;0;0;0;0;10187;75;0;73;;5;0;0;0;0;0
1608;260;20230906;1;150;30;30;40;191;;147;0;0;0;0;10186;75;0;76;;5;0;0;0;0;0
1609;260;20230906;2;140;20;20;40;177;;147;0;0;0;0;10186;70;0;82;;5;0;0;0;0;0
1610;260;20230906;3;150;20;20;30;171;;145;0;0;0;0;10189;70;1;85;;5;0;0;0;0;0
1611;260;20230906;4;140;20;20;30;157;;142;0;0;0;0;10190;65;0;91;;5;0;0;0;0;0
1612;260;20230906;5;150;20;20;30;163;;145;0;0;0;0;10192;70;0;89;;5;0;0;0;0;0
1613;260;20230906;6;140;20;20;40;179;114.0;150;5;16;0;0;10196;70;0;83;;5;0;0;0;0;0
1614;260;20230906;7;150;20;20;30;199;;159;10;65;0;0;10199;75;0;77;;5;0;0;0;0;0
1615;260;20230906;8;140;20;20;40;221;;169;10;121;0;0;10202;75;0;72;;5;0;0;0;0;0
1616;260;20230906;9;160;20;20;40;242;;171;10;173;0;0;10204;80;0;64;;5;0;0;0;0;0
1617;260;20230906;10;150;30;30;40;258;;171;10;215;0;0;10204;82;0;58;;5;0;0;0;0;0
1618;260;20230906;11;150;30;20;50;269;;168;10;245;0;0;10202;80;0;54;;5;0;0;0;0;0
1619;260;20230906;12;160;30;30;50;280;162.0;170;10;256;0;0;10199;82;0;51;;5;0;0;0;0;0
1620;260;20230906;13;160;30;30;50;290;;178;10;249;0;0;10194;81;0;50;;5;0;0;0;0;0
1621;260;20230906;14;160;30;30;60;291;;157;10;227;0;0;10194;83;0;44;;5;0;0;0;0;0
1622;260;20230906;15;160;20;20;50;295;;161;10;188;0;0;10192;82;0;44;;5;0;0;0;0;0
1623;260;20230906;16;140;20;20;40;291;;175;10;135;0;0;10191;82;5;49;;5;0;0;0;0;0
1624;260;20230906;17;120;10;20;30;281;;185;10;78;0;0;10191;83;0;55;;5;0;0;0;0;0
1625;260;20230906;18;80;10;10;30;243;225.0;188;7;25;0;0;10191;75;2;71;;5;0;0;0;0;0
1626;260;20230906;19;60;10;20;30;197;;184;0;0;0;0;10196;65;1;92;;5;0;0;0;0;0
1627;260;20230906;20;70;10;10;30;178;;171;0;0;0;0;10197;65;6;95;;5;0;0;0;0;0
1628;260;20230906;21;70;10;10;20;168;;162;0;0;0;0;10199;65;6;96;;5;0;0;0;0;0
1629;260;20230906;22;60;10;10;20;160;;155;0;0;0;0;10201;65;4;97;;5;0;0;0;0;0
1630;260;20230906;23;10;10;10;10;154;;151;0;0;0;0;10201;18;3;98;10.0;7;0;0;0;0;0
1631;260;20230906;24;30;10;10;10;147;115.0;146;0;0;0;0;10199;2;3;99;34.0;7;1;0;0;0;0
1632;260;20230907;1;70;10;10;10;139;;138;0;0;0;0;10195;7;1;99;32.0;7;1;0;0;0;0
1633;260;20230907;2;90;10;10;10;136;;135;0;0;0;0;10193;3;1;99;34.0;7;1;0;0;0;0
1634;260;20230907;3;30;10;10;10;132;;132;0;0;0;0;10195;3;8;99;33.0;7;1;0;0;0;0
1635;260;20230907;4;70;10;20;30;126;;124;0;0;0;0;10193;3;8;98;33.0;7;1;0;0;0;0
1636;260;20230907;5;80;20;10;30;126;;126;0;0;0;0;10194;3;1;99;33.0;7;1;0;0;0;0
1637;260;20230907;6;70;10;10;20;154;90.0;140;5;15;0;0;10198;60;7;91;20.0;7;1;0;0;0;0
1638;260;20230907;7;70;10;10;30;198;;165;10;64;0;0;10201;70;2;81;;5;0;0;0;0;0
1639;260;20230907;8;110;20;20;40;231;;159;10;121;0;0;10199;82;0;64;;5;0;0;0;0;0
1640;260;20230907;9;100;20;30;40;251;;166;10;174;0;0;10195;81;0;59;;5;0;0;0;0;0
1641;260;20230907;10;140;30;40;70;262;;158;10;216;0;0;10194;82;0;52;;5;0;0;0;0;0
1642;260;20230907;11;150;40;30;60;276;;164;10;244;0;0;10192;82;0;50;;5;0;0;0;0;0
1643;260;20230907;12;150;40;40;80;279;132.0;153;10;254;0;0;10187;82;0;46;;5;0;0;0;0;0
1644;260;20230907;13;150;40;40;70;287;;157;10;247;0;0;10184;83;0;45;;5;0;0;0;0;0
1645;260;20230907;14;130;40;40;60;286;;152;10;223;0;0;10177;82;0;44;;5;0;0;0;0;0
1646;260;20230907;15;100;40;40;70;289;;150;10;186;0;0;10176;82;0;42;;5;0;0;0;0;0
1647;260;20230907;16;100;40;40;70;283;;155;10;135;0;0;10173;82;0;45;;5;0;0;0;0;0
1648;260;20230907;17;120;30;40;60;274;;162;10;77;0;0;10170;82;0;50;;5;0;0;0;0;0
1649;260;20230907;18;70;20;20;60;234;207.0;186;7;23;0;0;10172;75;0;74;;5;0;0;0;0;0
1650;260;20230907;19;30;10;10;30;192;;178;0;0;0;0;10176;65;0;91;;5;0;0;0;0;0
1651;260;20230907;20;80;20;20;30;184;;172;0;0;0;0;10176;65;0;92;;5;0;0;0;0;0
1652;260;20230907;21;70;20;10;30;170;;162;0;0;0;0;10175;65;0;95;;5;0;0;0;0;0
1653;260;20230907;22;100;20;20;30;155;;151;0;0;0;0;10172;65;0;97;;5;0;0;0;0;0
1654;260;20230907;23;110;20;20;30;156;;150;0;0;0;0;10171;65;0;95;;5;0;0;0;0;0
1655;260;20230907;24;120;20;20;30;151;112.0;147;0;0;0;0;10170;65;0;97;;5;0;0;0;0;0
1656;260;20230908;1;140;20;20;40;155;;148;0;0;0;0;10170;65;0;95;;5;0;0;0;0;0
1657;260;20230908;2;140;20;20;30;156;;147;0;0;0;0;10169;65;0;94;;5;0;0;0;0;0
1658;260;20230908;3;140;10;10;30;153;;145;0;0;0;0;10169;65;0;95;;5;0;0;0;0;0
1659;260;20230908;4;130;10;10;30;145;;139;0;0;0;0;10166;65;0;95;;5;0;0;0;0;0
1660;260;20230908;5;130;10;10;30;140;;135;0;0;0;0;10166;61;0;96;;5;0;0;0;0;0
1661;260;20230908;6;150;20;20;30;172;104.0;150;5;13;0;0;10169;70;0;86;;5;0;0;0;0;0
1662;260;20230908;7;150;20;20;30;199;;162;10;60;0;0;10171;71;0;78;;5;0;0;0;0;0
1663;260;20230908;8;150;20;30;40;218;;168;10;116;0;0;10171;72;0;73;;5;0;0;0;0;0
1664;260;20230908;9;150;20;20;40;240;;176;10;168;0;0;10170;77;0;67;;5;0;0;0;0;0
1665;260;20230908;10;140;20;20;40;260;;188;10;209;0;0;10171;73;0;64;;5;0;0;0;0;0
1666;260;20230908;11;150;20;30;40;270;;181;10;236;0;0;10169;73;0;58;;5;0;0;0;0;0
1667;260;20230908;12;180;20;20;50;284;152.0;189;10;245;0;0;10169;80;0;56;;5;0;0;0;0;0
1668;260;20230908;13;220;20;30;40;295;;180;10;238;0;0;10166;80;4;50;;5;0;0;0;0;0
1669;260;20230908;14;190;30;20;50;296;;182;10;214;0;0;10163;80;2;50;;5;0;0;0;0;0
1670;260;20230908;15;160;30;20;60;293;;194;10;171;0;0;10161;82;6;55;;5;0;0;0;0;0
1671;260;20230908;16;180;20;20;50;286;;180;10;115;0;0;10160;82;7;52;;5;0;0;0;0;0
1672;260;20230908;17;210;10;10;40;290;;191;10;64;0;0;10158;81;8;55;;5;0;0;0;0;0
1673;260;20230908;18;80;10;10;20;243;225.0;205;3;16;0;0;10159;75;8;79;;5;0;0;0;0;0
1674;260;20230908;19;80;10;10;10;206;;196;0;0;0;0;10164;65;8;94;;5;0;0;0;0;0
1675;260;20230908;20;70;10;10;10;194;;189;0;0;0;0;10163;63;8;97;;5;0;0;0;0;0
1676;260;20230908;21;250;10;10;30;188;;183;0;0;0;0;10162;62;7;97;;5;0;0;0;0;0
1677;260;20230908;22;0;0;0;10;176;;173;0;0;0;0;10163;4;8;98;34.0;7;1;0;0;0;0
1678;260;20230908;23;990;0;10;20;168;;167;0;0;0;0;10161;7;2;99;32.0;7;1;0;0;0;0
1679;260;20230908;24;270;10;10;30;163;133.0;162;0;0;0;0;10160;0;3;99;34.0;7;1;0;0;0;0
1680;260;20230909;1;0;10;0;30;156;;156;0;0;0;0;10160;1;1;99;32.0;7;1;0;0;0;0
1681;260;20230909;2;240;10;10;30;147;;147;0;0;0;0;10159;1;0;99;33.0;7;1;0;0;0;0
1682;260;20230909;3;270;0;10;10;138;;137;0;0;0;0;10158;1;0;99;33.0;7;1;0;0;0;0
1683;260;20230909;4;0;0;0;10;132;;131;0;0;0;0;10158;0;3;99;34.0;7;1;0;0;0;0
1684;260;20230909;5;220;10;10;10;130;;129;0;0;0;0;10161;0;6;99;34.0;7;1;0;0;0;0
1685;260;20230909;6;0;10;0;10;158;107.0;158;0;8;0;0;10163;0;9;100;34.0;7;1;0;0;0;0
1686;260;20230909;7;990;0;10;20;175;;175;0;29;0;0;10168;0;9;99;32.0;7;1;0;0;0;0
1687;260;20230909;8;0;10;0;10;186;;186;0;64;0;0;10171;3;9;100;32.0;7;1;0;0;0;0
1688;260;20230909;9;0;0;0;10;213;;185;10;160;0;0;10173;26;0;84;20.0;7;1;0;0;0;0
1689;260;20230909;10;990;10;10;20;251;;182;10;198;0;0;10174;61;0;65;;5;0;0;0;0;0
1690;260;20230909;11;990;10;10;30;265;;169;10;225;0;0;10172;73;0;55;;5;0;0;0;0;0
1691;260;20230909;12;300;20;20;40;271;155.0;169;10;237;0;0;10172;80;0;53;2.0;7;0;0;0;0;0
1692;260;20230909;13;280;20;20;40;278;;172;10;231;0;0;10170;80;0;52;;5;0;0;0;0;0
1693;260;20230909;14;310;20;20;40;282;;174;10;206;0;0;10168;80;0;51;;5;0;0;0;0;0
1694;260;20230909;15;300;20;10;30;286;;161;10;167;0;0;10167;80;0;46;;5;0;0;0;0;0
1695;260;20230909;16;260;10;10;30;291;;173;10;118;0;0;10164;80;0;49;;5;0;0;0;0;0
1696;260;20230909;17;50;10;20;30;271;;183;10;63;0;0;10166;81;0;58;;5;0;0;0;0;0
1697;260;20230909;18;70;10;10;30;235;215.0;203;7;15;0;0;10168;70;0;82;;5;0;0;0;0;0
1698;260;20230909;19;90;10;10;20;204;;193;0;0;0;0;10172;65;1;93;;5;0;0;0;0;0
1699;260;20230909;20;60;10;10;10;190;;185;0;0;0;0;10176;65;0;96;;5;0;0;0;0;0
1700;260;20230909;21;70;10;20;30;180;;177;0;0;0;0;10175;16;0;98;10.0;7;0;0;0;0;0
1701;260;20230909;22;80;20;20;30;178;;173;0;0;0;0;10175;64;0;96;20.0;7;1;0;0;0;0
1702;260;20230909;23;90;10;10;30;171;;168;0;0;0;0;10175;61;0;97;;5;0;0;0;0;0
1703;260;20230909;24;70;10;10;20;170;145.0;168;0;0;0;0;10175;50;0;98;10.0;7;0;0;0;0;0
1704;260;20230910;1;70;10;10;20;168;;165;0;0;0;0;10173;21;0;98;10.0;7;0;0;0;0;0
1705;260;20230910;2;110;10;10;30;164;;161;0;0;0;0;10175;16;0;98;10.0;7;0;0;0;0;0
1706;260;20230910;3;110;10;10;20;163;;161;0;0;0;0;10174;56;0;98;10.0;7;0;0;0;0;0
1707;260;20230910;4;110;20;20;30;170;;167;0;0;0;0;10173;58;1;98;10.0;7;0;0;0;0;0
1708;260;20230910;5;110;20;10;30;167;;164;0;0;0;0;10172;57;0;98;10.0;7;0;0;0;0;0
1709;260;20230910;6;120;20;20;30;181;138.0;172;0;9;0;0;10174;60;2;94;;5;0;0;0;0;0
1710;260;20230910;7;130;20;20;30;214;;179;8;50;0;0;10177;66;8;80;;5;0;0;0;0;0
1711;260;20230910;8;130;30;30;50;235;;187;10;102;0;0;10177;62;2;74;;5;0;0;0;0;0
1712;260;20230910;9;140;30;40;60;253;;184;10;156;0;0;10177;65;0;65;;5;0;0;0;0;0
1713;260;20230910;10;160;30;40;50;269;;191;10;197;0;0;10175;69;4;62;;5;0;0;0;0;0
1714;260;20230910;11;140;30;30;50;282;;199;10;223;0;0;10172;68;8;60;;5;0;0;0;0;0
1715;260;20230910;12;160;30;30;50;293;170.0;198;10;229;0;0;10169;70;8;56;;5;0;0;0;0;0
1716;260;20230910;13;180;30;20;50;304;;191;10;219;0;0;10166;75;8;50;;5;0;0;0;0;0
1717;260;20230910;14;170;20;30;40;304;;183;10;198;0;0;10163;81;8;48;;5;0;0;0;0;0
1718;260;20230910;15;170;20;20;50;302;;190;8;135;0;0;10159;80;8;51;;5;0;0;0;0;0
1719;260;20230910;16;180;20;20;40;303;;183;10;116;0;0;10155;80;8;48;;5;0;0;0;0;0
1720;260;20230910;17;130;20;20;30;288;;204;10;60;0;0;10153;82;5;60;;5;0;0;0;0;0
1721;260;20230910;18;130;20;10;30;255;245.0;215;5;16;0;0;10153;75;8;78;;5;0;0;0;0;0
1722;260;20230910;19;120;10;10;20;225;;211;0;0;0;0;10154;65;8;91;;5;0;0;0;0;0
1723;260;20230910;20;130;10;20;30;211;;208;0;0;0;0;10154;65;0;97;;5;0;0;0;0;0
1724;260;20230910;21;140;20;20;30;205;;202;0;0;0;0;10151;59;0;98;10.0;7;0;0;0;0;0
1725;260;20230910;22;140;20;20;30;201;;197;0;0;0;0;10148;65;0;97;;5;0;0;0;0;0
1726;260;20230910;23;140;20;30;40;223;;194;0;0;0;0;10145;70;1;83;;5;0;0;0;0;0
1727;260;20230910;24;140;20;30;40;221;172.0;190;0;0;0;0;10139;68;0;82;;5;0;0;0;0;0
1728;260;20230911;1;150;20;20;40;212;;189;0;0;0;0;10137;66;8;86;;5;0;0;0;0;0
1729;260;20230911;2;140;20;20;30;192;;185;0;0;0;0;10134;58;0;95;10.0;7;0;0;0;0;0
1730;260;20230911;3;150;20;20;30;203;;186;0;0;0;0;10129;60;4;89;;5;0;0;0;0;0
1731;260;20230911;4;150;20;20;40;197;;183;0;0;0;0;10123;58;8;91;10.0;7;0;0;0;0;0
1732;260;20230911;5;150;20;20;30;191;;178;0;0;0;0;10121;57;8;92;10.0;7;0;0;0;0;0
1733;260;20230911;6;170;20;20;30;199;159.0;179;0;8;0;0;10124;60;1;88;;5;0;0;0;0;0
1734;260;20230911;7;200;20;20;40;217;;179;0;35;0;0;10126;67;1;79;;5;0;0;0;0;0
1735;260;20230911;8;240;20;20;40;240;;183;10;108;0;0;10129;73;7;70;;5;0;0;0;0;0
1736;260;20230911;9;260;20;30;50;251;;183;10;152;0;0;10130;72;3;65;;5;0;0;0;0;0
1737;260;20230911;10;280;30;30;50;263;;171;10;193;0;0;10130;76;7;57;;5;0;0;0;0;0
1738;260;20230911;11;260;30;20;50;277;;191;10;220;0;0;10127;77;3;59;;5;0;0;0;0;0
1739;260;20230911;12;280;30;30;70;274;181.0;176;10;229;0;0;10128;80;3;55;;5;0;0;0;0;0
1740;260;20230911;13;300;30;30;60;265;;193;9;205;0;0;10130;75;8;64;;5;0;0;0;0;0
1741;260;20230911;14;290;30;30;70;258;;197;9;176;0;0;10130;69;8;69;;5;0;0;0;0;0
1742;260;20230911;15;330;30;40;60;235;;189;10;148;0;0;10132;63;8;75;;5;0;0;0;0;0
1743;260;20230911;16;290;30;20;50;228;;184;3;69;0;0;10135;63;8;76;;5;0;0;0;0;0
1744;260;20230911;17;40;20;20;40;217;;185;0;26;0;0;10123;63;8;81;;5;0;0;0;0;0
1745;260;20230911;18;320;20;20;30;211;203.0;186;0;4;0;0;10131;63;8;85;;5;0;0;0;0;0
1746;260;20230911;19;310;10;10;30;202;;185;0;0;0;0;10134;62;8;90;;5;0;0;0;0;0
1747;260;20230911;20;310;10;10;30;189;;183;0;0;0;0;10135;58;8;96;10.0;7;0;0;0;0;0
1748;260;20230911;21;280;20;20;30;196;;181;0;0;1;1;10141;56;8;91;81.0;7;0;1;0;0;0
1749;260;20230911;22;330;10;10;30;189;;184;0;0;2;4;10138;30;8;96;23.0;7;0;1;0;0;0
1750;260;20230911;23;990;10;10;30;187;;184;0;0;5;6;10130;20;8;98;81.0;7;0;1;0;0;0
1751;260;20230911;24;0;10;0;20;177;158.0;176;0;0;0;-1;10132;1;1;99;34.0;7;1;1;0;0;0
1752;260;20230912;1;0;0;0;10;161;;160;0;0;0;0;10130;0;9;99;34.0;7;1;0;0;0;0
1753;260;20230912;2;170;10;10;20;166;;166;0;0;0;0;10129;0;9;99;32.0;7;1;0;0;0;0
1754;260;20230912;3;0;10;0;20;165;;164;0;0;0;0;10129;1;9;99;32.0;7;1;0;0;0;0
1755;260;20230912;4;170;10;10;20;167;;167;0;0;0;0;10128;1;8;99;33.0;7;1;0;0;0;0
1756;260;20230912;5;200;10;10;10;165;;165;0;0;0;0;10125;2;8;99;32.0;7;1;0;0;0;0
1757;260;20230912;6;260;10;10;30;175;144.0;172;0;7;0;-1;10127;23;8;98;23.0;7;1;1;0;0;0
1758;260;20230912;7;200;10;10;30;180;;178;0;25;0;0;10131;39;8;98;10.0;7;0;0;0;0;0
1759;260;20230912;8;220;10;10;30;193;;186;5;62;0;0;10131;40;8;95;10.0;7;0;0;0;0;0
1760;260;20230912;9;250;20;20;40;205;;184;3;103;0;0;10135;48;8;87;10.0;7;0;0;0;0;0
1761;260;20230912;10;240;20;20;30;209;;180;0;98;0;0;10136;56;8;83;10.0;7;0;0;0;0;0
1762;260;20230912;11;200;20;20;40;222;;177;3;146;0;0;10137;57;6;75;4.0;7;0;0;0;0;0
1763;260;20230912;12;150;10;10;30;231;172.0;185;6;186;0;0;10133;58;7;75;4.0;7;0;0;0;0;0
1764;260;20230912;13;990;10;10;30;237;;179;2;127;0;0;10131;64;8;70;91.0;7;0;0;0;1;0
1765;260;20230912;14;360;20;10;50;231;;167;4;99;0;0;10129;80;7;67;26.0;7;0;0;0;1;0
1766;260;20230912;15;330;20;20;30;231;;165;8;134;0;0;10127;80;6;66;1.0;7;0;0;0;0;0
1767;260;20230912;16;320;20;20;50;218;;180;3;64;0;0;10124;75;8;78;;5;0;0;0;0;0
1768;260;20230912;17;320;20;20;40;210;;181;0;22;0;0;10125;70;8;83;;5;0;0;0;0;0
1769;260;20230912;18;350;10;10;30;206;200.0;186;0;6;0;0;10127;70;8;88;2.0;7;0;0;0;0;0
1770;260;20230912;19;30;10;10;30;205;;187;0;0;0;0;10131;67;8;89;;5;0;0;0;0;0
1771;260;20230912;20;30;20;20;40;199;;180;0;0;0;0;10131;70;8;88;;5;0;0;0;0;0
1772;260;20230912;21;20;10;10;30;195;;182;0;0;0;0;10130;65;8;92;;5;0;0;0;0;0
1773;260;20230912;22;330;10;10;30;186;;182;0;0;0;0;10132;59;8;97;10.0;7;0;0;0;0;0
1774;260;20230912;23;990;0;10;10;185;;183;0;0;0;0;10130;56;8;98;10.0;7;0;0;0;0;0
1775;260;20230912;24;990;10;10;30;186;175.0;177;0;0;0;-1;10129;65;6;94;23.0;7;0;1;0;0;0
1776;260;20230913;1;40;10;10;30;183;;178;0;0;0;-1;10128;62;8;97;81.0;7;0;1;0;0;0
1777;260;20230913;2;0;10;0;20;176;;173;0;0;0;-1;10128;50;8;98;81.0;7;0;1;0;0;0
1778;260;20230913;3;230;10;10;10;172;;169;0;0;4;2;10130;29;6;98;23.0;7;0;1;0;0;0
1779;260;20230913;4;230;20;20;30;175;;172;0;0;0;0;10131;50;4;98;20.0;7;1;0;0;0;0
1780;260;20230913;5;240;20;30;50;178;;173;0;0;0;0;10132;39;7;97;10.0;7;0;0;0;0;0
1781;260;20230913;6;350;40;70;110;169;147.0;155;0;2;0;0;10144;65;8;91;3.0;7;0;0;0;0;0
1782;260;20230913;7;20;60;60;130;156;;136;0;13;0;0;10158;70;8;87;;5;0;0;0;0;0
1783;260;20230913;8;40;60;50;130;170;;127;7;94;0;0;10166;75;6;75;;5;0;0;0;0;0
1784;260;20230913;9;20;50;50;120;179;;124;6;127;0;0;10177;75;7;70;;5;0;0;0;0;0
1785;260;20230913;10;30;50;50;90;188;;126;10;191;0;0;10185;80;4;67;;5;0;0;0;0;0
1786;260;20230913;11;30;50;40;100;183;;128;8;182;0;0;10191;75;7;70;;5;0;0;0;0;0
1787;260;20230913;12;360;40;40;120;183;153.0;120;0;83;0;0;10199;80;8;66;;5;0;0;0;0;0
1788;260;20230913;13;360;40;40;80;201;;106;7;196;0;0;10202;83;7;54;;5;0;0;0;0;0
1789;260;20230913;14;10;40;40;80;196;;102;10;207;0;0;10206;82;5;54;;5;0;0;0;0;0
1790;260;20230913;15;20;40;40;70;189;;96;10;160;0;0;10206;83;2;54;;5;0;0;0;0;0
1791;260;20230913;16;20;30;30;60;189;;99;9;92;0;0;10208;82;2;56;;5;0;0;0;0;0
1792;260;20230913;17;20;40;40;80;176;;127;8;59;0;0;10212;75;4;73;;5;0;0;0;0;0
1793;260;20230913;18;10;30;30;70;164;150.0;125;5;11;0;0;10217;75;1;77;;5;0;0;0;0;0
1794;260;20230913;19;20;20;20;40;158;;122;0;0;0;0;10222;75;8;79;;5;0;0;0;0;0
1795;260;20230913;20;70;20;20;40;144;;121;0;0;0;0;10225;70;7;85;;5;0;0;0;0;0
1796;260;20230913;21;40;10;10;30;125;;116;0;0;0;0;10228;65;3;93;;5;0;0;0;0;0
1797;260;20230913;22;0;0;0;20;109;;104;0;0;0;0;10230;65;8;97;;5;0;0;0;0;0
1798;260;20230913;23;0;10;0;10;113;;108;0;0;0;0;10231;65;8;97;;5;0;0;0;0;0
1799;260;20230913;24;10;10;10;20;115;73.0;110;0;0;0;0;10230;65;8;97;;5;0;0;0;0;0
1800;260;20230914;1;40;0;10;10;104;;99;0;0;0;0;10231;65;8;97;;5;0;0;0;0;0
1801;260;20230914;2;0;10;0;10;101;;100;0;0;0;0;10230;9;8;99;34.0;7;1;0;0;0;0
1802;260;20230914;3;60;0;10;10;88;;88;0;0;0;0;10228;5;3;99;34.0;7;1;0;0;0;0
1803;260;20230914;4;100;10;10;10;81;;80;0;0;0;0;10227;4;6;99;34.0;7;1;0;0;0;0
1804;260;20230914;5;130;10;10;30;78;;74;0;0;0;0;10228;65;8;97;20.0;7;1;0;0;0;0
1805;260;20230914;6;120;10;10;20;96;42.0;91;2;8;0;0;10230;65;8;97;20.0;7;1;0;0;0;0
1806;260;20230914;7;150;10;20;30;124;;117;10;49;0;0;10230;65;8;95;;5;0;0;0;0;0
1807;260;20230914;8;150;20;30;40;151;;125;9;90;0;0;10232;70;8;84;;5;0;0;0;0;0
1808;260;20230914;9;150;30;30;40;169;;132;10;154;0;0;10233;73;8;78;;5;0;0;0;0;0
1809;260;20230914;10;180;20;20;50;185;;133;10;192;0;0;10231;75;5;71;;5;0;0;0;0;0
1810;260;20230914;11;150;20;10;40;180;;121;3;108;0;0;10228;80;5;68;;5;0;0;0;0;0
1811;260;20230914;12;220;20;20;50;191;64.0;109;8;214;0;0;10227;80;6;59;;5;0;0;0;0;0
1812;260;20230914;13;150;20;20;60;197;;113;8;194;0;0;10223;81;4;58;;5;0;0;0;0;0
1813;260;20230914;14;150;20;30;50;209;;107;6;156;0;0;10217;83;4;52;;5;0;0;0;0;0
1814;260;20230914;15;110;20;20;40;195;;107;7;125;0;0;10214;82;2;56;;5;0;0;0;0;0
1815;260;20230914;16;120;20;30;40;200;;112;6;78;0;0;10211;82;7;57;;5;0;0;0;0;0
1816;260;20230914;17;140;20;20;40;190;;119;7;41;0;0;10210;83;5;63;;5;0;0;0;0;0
1817;260;20230914;18;100;20;10;30;159;134.0;130;3;11;0;0;10208;70;8;82;;5;0;0;0;0;0
1818;260;20230914;19;110;10;10;20;132;;123;0;0;0;0;10211;65;8;94;;5;0;0;0;0;0
1819;260;20230914;20;120;10;20;30;120;;115;0;0;0;0;10212;65;8;96;;5;0;0;0;0;0
1820;260;20230914;21;120;20;10;30;117;;112;0;0;0;0;10209;65;0;96;;5;0;0;0;0;0
1821;260;20230914;22;110;10;10;30;111;;106;0;0;0;0;10208;65;2;97;;5;0;0;0;0;0
1822;260;20230914;23;120;20;20;30;105;;100;0;0;0;0;10207;64;7;97;;5;0;0;0;0;0
1823;260;20230914;24;120;10;20;20;100;64.0;98;0;0;0;0;10203;57;7;98;10.0;7;0;0;0;0;0
1824;260;20230915;1;120;10;10;20;96;;94;0;0;0;0;10201;44;8;98;10.0;7;0;0;0;0;0
1825;260;20230915;2;120;10;10;20;90;;90;0;0;0;0;10198;4;8;99;34.0;7;1;0;0;0;0
1826;260;20230915;3;120;10;10;10;85;;83;0;0;0;0;10196;4;8;98;33.0;7;1;0;0;0;0
1827;260;20230915;4;110;10;10;20;79;;78;0;0;0;0;10193;7;3;99;32.0;7;1;0;0;0;0
1828;260;20230915;5;90;10;10;30;76;;73;0;0;0;0;10191;12;1;98;20.0;7;1;0;0;0;0
1829;260;20230915;6;100;10;10;20;93;41.0;90;3;8;0;0;10193;25;2;98;20.0;7;1;0;0;0;0
1830;260;20230915;7;120;10;10;20;123;;115;5;43;0;0;10193;63;2;94;;5;0;0;0;0;0
1831;260;20230915;8;130;20;20;40;156;;119;9;99;0;0;10189;75;4;78;;5;0;0;0;0;0
1832;260;20230915;9;130;20;20;40;184;;127;10;158;0;0;10188;80;7;69;;5;0;0;0;0;0
1833;260;20230915;10;100;30;30;60;197;;119;10;200;0;0;10184;80;7;61;;5;0;0;0;0;0
1834;260;20230915;11;140;30;30;60;209;;115;10;228;0;0;10179;82;0;55;;5;0;0;0;0;0
1835;260;20230915;12;120;40;30;70;213;56.0;132;10;239;0;0;10174;81;0;59;;5;0;0;0;0;0
1836;260;20230915;13;150;30;30;60;218;;132;10;231;0;0;10170;78;1;58;;5;0;0;0;0;0
1837;260;20230915;14;100;30;30;60;217;;133;8;170;0;0;10163;82;4;58;;5;0;0;0;0;0
1838;260;20230915;15;140;30;30;50;219;;129;10;157;0;0;10159;81;6;56;;5;0;0;0;0;0
1839;260;20230915;16;140;30;30;60;212;;122;8;96;0;0;10155;83;8;56;;5;0;0;0;0;0
1840;260;20230915;17;120;20;20;30;195;;137;3;26;0;0;10154;80;8;69;;5;0;0;0;0;0
1841;260;20230915;18;100;20;20;30;178;148.0;139;3;13;0;0;10155;75;8;78;;5;0;0;0;0;0
1842;260;20230915;19;90;20;20;30;145;;132;0;0;0;0;10156;65;6;91;;5;0;0;0;0;0
1843;260;20230915;20;90;10;10;30;131;;124;0;0;0;0;10157;65;5;95;;5;0;0;0;0;0
1844;260;20230915;21;100;10;10;30;120;;115;0;0;0;0;10155;65;3;96;;5;0;0;0;0;0
1845;260;20230915;22;90;10;10;20;114;;111;0;0;0;0;10155;57;8;98;10.0;7;0;0;0;0;0
1846;260;20230915;23;90;10;10;20;112;;109;0;0;0;0;10150;34;1;98;20.0;7;1;0;0;0;0
1847;260;20230915;24;90;10;20;30;112;75.0;109;0;0;0;0;10145;57;5;98;10.0;7;0;0;0;0;0
1848;260;20230916;1;20;10;10;30;108;;103;0;0;0;0;10144;62;1;97;;5;0;0;0;0;0
1849;260;20230916;2;40;10;10;20;103;;100;0;0;0;0;10143;21;4;98;10.0;7;0;0;0;0;0
1850;260;20230916;3;50;10;10;20;97;;97;0;0;0;0;10142;6;0;100;34.0;7;1;0;0;0;0
1851;260;20230916;4;30;10;10;10;95;;92;0;0;0;0;10138;12;0;98;20.0;7;1;0;0;0;0
1852;260;20230916;5;30;10;10;10;93;;90;0;0;0;0;10137;10;0;98;20.0;7;1;0;0;0;0
1853;260;20230916;6;50;10;10;10;100;64.0;97;2;6;0;0;10139;34;0;98;20.0;7;1;0;0;0;0
1854;260;20230916;7;50;10;10;10;141;;110;10;49;0;0;10141;63;1;82;;5;0;0;0;0;0
1855;260;20230916;8;0;10;0;10;183;;120;10;105;0;0;10143;76;0;67;;5;0;0;0;0;0
1856;260;20230916;9;990;10;10;20;215;;130;10;157;0;0;10145;80;5;58;;5;0;0;0;0;0
1857;260;20230916;10;990;10;10;30;237;;139;6;161;0;0;10146;82;7;54;;5;0;0;0;0;0
1858;260;20230916;11;90;20;30;50;236;;134;7;200;0;0;10145;82;7;53;;5;0;0;0;0;0
1859;260;20230916;12;80;30;30;60;243;76.0;129;8;211;0;0;10141;81;7;49;;5;0;0;0;0;0
1860;260;20230916;13;50;20;30;50;243;;134;8;192;0;0;10139;83;8;50;;5;0;0;0;0;0
1861;260;20230916;14;70;20;20;50;242;;141;4;138;0;0;10138;82;8;53;;5;0;0;0;0;0
1862;260;20230916;15;40;30;30;50;237;;147;7;99;0;0;10138;83;8;57;;5;0;0;0;0;0
1863;260;20230916;16;40;30;30;60;228;;148;5;62;0;0;10138;83;8;60;;5;0;0;0;0;0
1864;260;20230916;17;40;30;30;50;218;;145;7;33;0;0;10138;83;8;62;;5;0;0;0;0;0
1865;260;20230916;18;40;30;30;40;205;186.0;144;2;5;0;0;10142;80;8;67;;5;0;0;0;0;0
1866;260;20230916;19;50;20;20;40;199;;147;0;0;0;0;10148;75;8;71;;5;0;0;0;0;0
1867;260;20230916;20;50;20;30;40;195;;152;0;0;0;0;10148;75;8;76;;5;0;0;0;0;0
1868;260;20230916;21;70;30;30;40;196;;149;0;0;0;0;10150;75;8;74;;5;0;0;0;0;0
1869;260;20230916;22;30;30;30;50;186;;152;0;0;0;-1;10149;75;8;80;23.0;7;0;1;0;0;0
1870;260;20230916;23;40;40;40;70;178;;134;0;0;0;-1;10149;75;8;75;51.0;7;0;1;0;0;0
1871;260;20230916;24;40;30;40;60;176;168.0;123;0;0;0;-1;10146;75;8;71;22.0;7;0;1;0;0;0
1872;260;20230917;1;50;40;40;70;174;;123;0;0;0;0;10142;75;8;72;;5;0;0;0;0;0
1873;260;20230917;2;50;40;40;70;170;;124;0;0;0;-1;10136;75;8;74;23.0;7;0;1;0;0;0
1874;260;20230917;3;60;30;20;60;161;;132;0;0;4;2;10138;69;8;82;51.0;7;0;1;0;0;0
1875;260;20230917;4;30;30;30;40;154;;137;0;0;9;7;10133;64;8;89;81.0;7;0;1;0;0;0
1876;260;20230917;5;40;40;40;70;152;;125;0;0;9;2;10130;70;8;84;61.0;7;0;1;0;0;0
1877;260;20230917;6;40;40;30;70;143;140.0;137;0;0;7;58;10132;41;8;95;63.0;7;0;1;0;0;0
1878;260;20230917;7;40;30;30;60;145;;141;0;3;10;96;10134;29;8;97;63.0;7;0;1;0;0;0
1879;260;20230917;8;70;30;30;60;148;;144;0;11;10;22;10134;37;8;97;62.0;7;0;1;0;0;0
1880;260;20230917;9;60;30;30;60;155;;145;0;28;7;4;10131;60;8;94;23.0;7;0;1;0;0;0
1881;260;20230917;10;40;30;20;60;157;;149;0;40;0;0;10131;57;8;95;10.0;7;0;0;0;0;0
1882;260;20230917;11;70;20;20;50;162;;155;0;47;0;0;10125;50;8;95;10.0;7;0;0;0;0;0
1883;260;20230917;12;100;20;20;30;168;141.0;161;0;43;0;0;10125;30;8;95;10.0;7;0;0;0;0;0
1884;260;20230917;13;140;10;10;30;176;;166;0;54;0;0;10123;38;8;94;10.0;7;0;0;0;0;0
1885;260;20230917;14;190;20;20;30;185;;172;0;54;0;0;10122;56;8;91;10.0;7;0;0;0;0;0
1886;260;20230917;15;190;20;20;50;187;;172;0;28;0;0;10116;57;8;90;10.0;7;0;0;0;0;0
1887;260;20230917;16;200;20;20;40;192;;174;0;35;0;0;10116;57;8;89;10.0;7;0;0;0;0;0
1888;260;20230917;17;160;10;10;30;190;;177;5;27;0;0;10112;56;8;91;10.0;7;0;0;0;0;0
1889;260;20230917;18;80;10;10;30;175;162.0;171;3;6;0;0;10105;17;8;97;10.0;7;0;0;0;0;0
1890;260;20230917;19;60;10;10;20;159;;157;0;0;0;0;10103;1;8;98;34.0;7;1;0;0;0;0
1891;260;20230917;20;90;10;20;30;162;;162;0;0;0;0;10098;2;8;99;32.0;7;1;0;0;0;0
1892;260;20230917;21;50;10;10;30;152;;152;0;0;0;0;10095;2;8;99;33.0;7;1;0;0;0;0
1893;260;20230917;22;90;10;20;30;159;;159;0;0;0;0;10085;2;8;99;33.0;7;1;0;0;0;0
1894;260;20230917;23;110;20;20;40;173;;170;0;0;0;0;10077;50;8;98;20.0;7;1;0;0;0;0
1895;260;20230917;24;100;20;20;30;179;133.0;176;0;0;0;0;10062;57;8;98;10.0;7;0;0;0;0;0
1896;260;20230918;1;110;30;20;40;185;;176;0;0;0;0;10049;60;8;94;;5;0;0;0;0;0
1897;260;20230918;2;130;20;20;40;184;;174;0;0;0;0;10040;62;8;93;;5;0;0;0;0;0
1898;260;20230918;3;150;30;20;50;188;;179;0;0;0;0;10032;60;8;93;;5;0;0;0;0;0
1899;260;20230918;4;180;20;40;50;189;;179;0;0;0;0;10028;60;8;93;12.0;7;0;0;0;0;0
1900;260;20230918;5;270;30;20;80;189;;183;0;0;5;3;10018;65;8;95;26.0;7;0;1;0;1;0
1901;260;20230918;6;160;20;20;40;187;164.0;180;0;2;0;-1;10022;65;8;96;23.0;7;0;1;0;0;0
1902;260;20230918;7;190;30;30;50;193;;180;0;9;0;0;10024;65;8;91;;5;0;0;0;0;0
1903;260;20230918;8;200;40;40;80;193;;177;0;33;0;0;10025;70;7;90;;5;0;0;0;0;0
1904;260;20230918;9;210;50;50;90;204;;177;8;110;0;0;10029;70;5;84;;5;0;0;0;0;0
1905;260;20230918;10;210;60;60;110;199;;168;4;89;0;0;10036;70;8;82;;5;0;0;0;0;0
1906;260;20230918;11;210;60;60;120;203;;167;3;102;0;-1;10035;75;5;79;23.0;7;0;1;0;0;0
1907;260;20230918;12;210;70;70;120;215;177.0;164;7;179;0;0;10035;75;7;72;3.0;7;0;0;0;0;0
1908;260;20230918;13;200;60;50;140;218;;163;8;179;0;0;10031;75;5;70;;5;0;0;0;0;0
1909;260;20230918;14;190;60;60;110;217;;154;8;150;0;0;10022;80;4;67;;5;0;0;0;0;0
1910;260;20230918;15;190;60;60;120;206;;154;3;57;1;2;10021;71;8;71;92.0;7;0;1;0;1;0
1911;260;20230918;16;180;60;50;150;171;;154;2;27;7;12;10021;70;8;89;26.0;7;0;1;0;1;0
1912;260;20230918;17;200;50;50;100;185;;158;8;53;0;0;10019;70;8;84;;5;0;0;0;0;0
1913;260;20230918;18;220;60;70;150;190;158.0;141;0;1;0;-1;10024;75;8;73;23.0;7;0;1;0;0;0
1914;260;20230918;19;220;70;80;160;186;;139;0;0;0;-1;10027;75;8;73;23.0;7;0;1;0;0;0
1915;260;20230918;20;240;50;60;120;173;;146;0;0;2;5;10039;61;8;83;81.0;7;0;1;0;0;0
1916;260;20230918;21;230;50;40;120;158;;145;0;0;5;11;10043;65;7;92;23.0;7;0;1;0;0;0
1917;260;20230918;22;240;40;30;80;159;;128;0;0;0;-1;10055;70;7;82;92.0;7;0;1;0;1;0
1918;260;20230918;23;220;30;30;70;144;;128;0;0;4;2;10061;70;5;90;26.0;7;0;1;0;1;0
1919;260;20230918;24;210;30;30;50;138;120.0;123;0;0;0;0;10067;70;8;90;3.0;7;0;0;0;0;0
1920;260;20230919;1;210;30;30;50;144;;124;0;0;0;0;10071;70;8;87;;5;0;0;0;0;0
1921;260;20230919;2;210;30;40;60;144;;112;0;0;0;0;10074;70;8;81;;5;0;0;0;0;0
1922;260;20230919;3;210;40;40;80;141;;114;0;0;0;0;10076;70;7;83;;5;0;0;0;0;0
1923;260;20230919;4;210;40;50;80;136;;105;0;0;0;0;10075;70;7;81;;5;0;0;0;0;0
1924;260;20230919;5;210;50;50;90;138;;104;0;0;0;0;10080;75;8;80;;5;0;0;0;0;0
1925;260;20230919;6;210;60;60;100;142;123.0;109;0;5;0;0;10082;75;8;80;;5;0;0;0;0;0
1926;260;20230919;7;210;50;60;100;146;;117;0;31;0;0;10083;70;8;82;;5;0;0;0;0;0
1927;260;20230919;8;210;60;60;110;155;;121;5;71;0;0;10087;75;8;80;;5;0;0;0;0;0
1928;260;20230919;9;210;60;70;110;166;;127;4;102;0;0;10086;75;8;77;;5;0;0;0;0;0
1929;260;20230919;10;210;70;80;130;174;;121;5;143;0;0;10084;75;8;71;;5;0;0;0;0;0
1930;260;20230919;11;220;80;90;170;188;;123;7;167;0;0;10078;78;8;66;;5;0;0;0;0;0
1931;260;20230919;12;210;90;90;170;187;133.0;120;2;103;0;0;10075;80;8;65;;5;0;0;0;0;0
1932;260;20230919;13;210;70;70;150;185;;127;0;42;0;0;10077;80;8;69;;5;0;0;0;0;0
1933;260;20230919;14;210;80;80;160;188;;127;0;53;0;-1;10074;80;8;67;23.0;7;0;1;0;0;0
1934;260;20230919;15;220;80;80;180;183;;129;0;21;0;0;10076;75;8;70;2.0;7;0;0;0;0;0
1935;260;20230919;16;210;80;70;150;182;;130;0;16;0;-1;10074;75;8;71;51.0;7;0;1;0;0;0
1936;260;20230919;17;210;80;70;180;175;;137;0;6;0;-1;10075;75;8;78;51.0;7;0;1;0;0;0
1937;260;20230919;18;210;70;70;150;172;162.0;138;0;0;7;1;10075;72;8;80;51.0;7;0;1;0;0;0
1938;260;20230919;19;210;70;70;130;170;;140;0;0;7;2;10079;70;8;82;22.0;7;0;1;0;0;0
1939;260;20230919;20;210;70;60;130;169;;141;0;0;0;-1;10079;70;8;83;81.0;7;0;1;0;0;0
1940;260;20230919;21;210;60;50;120;169;;144;0;0;0;-1;10079;70;8;85;51.0;7;0;1;0;0;0
1941;260;20230919;22;200;60;60;130;172;;143;0;0;0;-1;10075;70;8;82;22.0;7;0;1;0;0;0
1942;260;20230919;23;210;50;50;110;179;;140;0;0;0;0;10074;75;8;77;;5;0;0;0;0;0
1943;260;20230919;24;220;60;60;110;181;158.0;139;0;0;0;0;10076;75;7;76;1.0;7;0;0;0;0;0
1944;260;20230920;1;200;50;40;100;174;;140;0;0;0;0;10074;75;8;80;;5;0;0;0;0;0
1945;260;20230920;2;200;50;50;100;172;;138;0;0;0;0;10072;75;7;80;;5;0;0;0;0;0
1946;260;20230920;3;190;50;40;90;170;;136;0;0;0;0;10066;75;7;80;;5;0;0;0;0;0
1947;260;20230920;4;200;50;50;90;172;;136;0;0;0;0;10062;75;8;79;;5;0;0;0;0;0
1948;260;20230920;5;190;50;50;110;170;;137;0;0;0;0;10059;75;8;80;;5;0;0;0;0;0
1949;260;20230920;6;190;50;60;100;166;155.0;136;3;7;0;0;10058;70;8;82;;5;0;0;0;0;0
1950;260;20230920;7;190;50;50;100;171;;140;3;34;0;0;10057;70;8;81;;5;0;0;0;0;0
1951;260;20230920;8;200;60;60;120;174;;141;0;37;0;0;10059;70;8;81;;5;0;0;0;0;0
1952;260;20230920;9;200;60;70;120;177;;142;0;35;0;0;10062;75;8;79;;5;0;0;0;0;0
1953;260;20230920;10;200;60;60;110;178;;144;0;28;0;0;10059;75;8;80;;5;0;0;0;0;0
1954;260;20230920;11;190;50;40;100;191;;152;1;57;0;0;10055;75;8;77;;5;0;0;0;0;0
1955;260;20230920;12;210;60;70;140;205;161.0;144;3;135;0;0;10052;80;8;67;;5;0;0;0;0;0
1956;260;20230920;13;210;80;60;160;210;;141;4;153;0;0;10045;81;7;64;;5;0;0;0;0;0
1957;260;20230920;14;180;70;60;120;216;;141;7;151;0;0;10037;82;8;62;;5;0;0;0;0;0
1958;260;20230920;15;190;60;50;120;205;;147;4;76;0;0;10038;80;7;69;;5;0;0;0;0;0
1959;260;20230920;16;180;60;50;120;202;;147;0;31;0;0;10033;75;8;70;;5;0;0;0;0;0
1960;260;20230920;17;170;50;40;80;201;;150;5;27;0;0;10029;75;8;72;;5;0;0;0;0;0
1961;260;20230920;18;170;40;30;80;191;175.0;139;2;6;0;0;10024;75;8;71;;5;0;0;0;0;0
1962;260;20230920;19;150;30;30;60;180;;138;0;0;0;0;10025;75;8;76;;5;0;0;0;0;0
1963;260;20230920;20;150;30;30;50;178;;140;0;0;0;0;10018;75;8;78;;5;0;0;0;0;0
1964;260;20230920;21;150;30;30;60;179;;143;0;0;0;0;10009;75;6;79;;5;0;0;0;0;0
1965;260;20230920;22;160;40;40;70;181;;140;0;0;0;0;10001;75;8;77;;5;0;0;0;0;0
1966;260;20230920;23;160;40;40;90;184;;138;0;0;0;0;9993;75;7;74;;5;0;0;0;0;0
1967;260;20230920;24;160;40;40;70;188;162.0;137;0;0;0;0;9986;75;8;72;;5;0;0;0;0;0
1968;260;20230921;1;160;40;40;70;186;;137;0;0;0;0;9980;75;8;73;;5;0;0;0;0;0
1969;260;20230921;2;170;40;50;80;191;;135;0;0;0;0;9974;75;8;70;;5;0;0;0;0;0
1970;260;20230921;3;170;40;40;90;188;;137;0;0;0;0;9971;75;8;72;;5;0;0;0;0;0
1971;260;20230921;4;170;40;40;80;188;;135;0;0;0;0;9966;75;8;71;;5;0;0;0;0;0
1972;260;20230921;5;190;40;30;70;181;;142;0;0;6;1;9965;75;8;78;57.0;7;0;1;0;0;0
1973;260;20230921;6;190;30;20;100;169;163.0;151;0;0;10;5;9966;66;8;89;61.0;7;0;1;0;0;0
1974;260;20230921;7;270;40;30;90;138;;132;0;3;10;29;9975;49;8;95;62.0;7;0;1;0;0;0
1975;260;20230921;8;0;10;0;40;140;;133;0;12;10;8;9978;58;8;95;52.0;7;0;1;0;0;0
1976;260;20230921;9;140;10;20;30;145;;138;0;24;6;3;9982;58;8;95;82.0;7;0;1;0;0;0
1977;260;20230921;10;100;20;20;30;145;;142;0;27;10;20;9981;61;8;97;61.0;7;0;1;0;0;0
1978;260;20230921;11;990;10;10;30;145;;140;0;23;10;29;9982;60;8;96;61.0;7;0;1;0;0;0
1979;260;20230921;12;110;10;20;30;148;137.0;144;0;32;10;9;9979;65;8;97;57.0;7;0;1;0;0;0
1980;260;20230921;13;90;30;30;50;150;;144;0;42;9;3;9970;65;8;96;57.0;7;0;1;0;0;0
1981;260;20230921;14;110;30;20;50;153;;146;0;45;7;1;9970;65;8;95;51.0;7;0;1;0;0;0
1982;260;20230921;15;90;20;20;40;151;;142;0;30;9;2;9960;65;8;94;57.0;7;0;1;0;0;0
1983;260;20230921;16;0;10;0;40;150;;145;0;14;9;3;9961;65;8;96;57.0;7;0;1;0;0;0
1984;260;20230921;17;80;10;20;30;148;;143;0;8;5;2;9954;61;8;97;81.0;7;0;1;0;0;0
1985;260;20230921;18;110;10;10;30;148;146.0;143;0;1;10;3;9959;62;8;97;61.0;7;0;1;0;0;0
1986;260;20230921;19;110;20;20;30;146;;143;0;0;4;1;9963;56;8;98;23.0;7;0;1;0;0;0
1987;260;20230921;20;150;20;20;30;145;;142;0;0;0;-1;9967;39;8;98;57.0;7;0;1;0;0;0
1988;260;20230921;21;180;20;30;50;149;;145;0;0;0;-1;9968;60;8;97;23.0;7;0;1;0;0;0
1989;260;20230921;22;190;30;30;60;148;;140;0;0;0;0;9969;63;8;95;;5;0;0;0;0;0
1990;260;20230921;23;240;40;40;80;139;;133;0;0;0;0;9972;65;8;96;;5;0;0;0;0;0
1991;260;20230921;24;230;30;30;70;135;125.0;130;0;0;0;0;9978;60;1;97;1.0;7;0;0;0;0;0
1992;260;20230922;1;220;40;40;60;136;;129;0;0;0;0;9979;60;8;95;;5;0;0;0;0;0
1993;260;20230922;2;200;40;30;70;129;;122;0;0;0;0;9979;50;8;95;10.0;7;0;0;0;0;0
1994;260;20230922;3;160;20;20;50;123;;118;0;0;0;0;9980;45;8;96;10.0;7;0;0;0;0;0
1995;260;20230922;4;150;30;30;50;123;;118;0;0;0;0;9979;56;8;96;10.0;7;0;0;0;0;0
1996;260;20230922;5;170;30;30;50;128;;122;0;0;0;0;9981;60;8;96;;5;0;0;0;0;0
1997;260;20230922;6;180;30;40;70;129;116.0;121;0;2;0;0;9984;64;8;95;;5;0;0;0;0;0
1998;260;20230922;7;190;40;40;80;135;;117;5;33;0;0;9989;70;5;89;;5;0;0;0;0;0
1999;260;20230922;8;210;50;50;100;145;;110;7;77;0;0;9996;75;4;79;;5;0;0;0;0;0
2000;260;20230922;9;200;50;40;140;142;;114;4;88;0;0;10002;70;7;83;;5;0;0;0;0;0
2001;260;20230922;10;200;60;60;100;152;;112;3;104;0;0;10005;75;7;77;;5;0;0;0;0;0
2002;260;20230922;11;210;60;70;110;169;;118;8;191;0;0;10005;75;6;71;;5;0;0;0;0;0
2003;260;20230922;12;220;60;50;110;169;122.0;105;8;177;0;0;10010;80;7;65;;5;0;0;0;0;0
2004;260;20230922;13;220;50;40;90;169;;106;1;113;0;0;10013;80;8;66;;5;0;0;0;0;0
2005;260;20230922;14;230;50;40;90;162;;106;0;79;0;0;10017;80;8;69;;5;0;0;0;0;0
2006;260;20230922;15;240;40;40;70;160;;99;2;71;0;0;10021;80;8;67;;5;0;0;0;0;0
2007;260;20230922;16;200;30;30;50;152;;112;0;31;0;-1;10022;75;8;77;23.0;7;0;1;0;0;0
2008;260;20230922;17;200;20;20;40;148;;116;0;15;0;0;10025;75;8;80;;5;0;0;0;0;0
2009;260;20230922;18;190;20;20;30;141;134.0;123;0;1;4;1;10031;70;8;89;81.0;7;0;1;0;0;0
2010;260;20230922;19;240;20;30;50;136;;124;0;0;10;1;10038;65;8;92;51.0;7;0;1;0;0;0
2011;260;20230922;20;270;30;30;70;126;;108;0;0;7;2;10046;70;8;88;51.0;7;0;1;0;0;0
2012;260;20230922;21;250;20;20;50;123;;113;0;0;0;-1;10052;65;8;93;51.0;7;0;1;0;0;0
2013;260;20230922;22;210;20;20;30;117;;110;0;0;6;4;10053;65;8;95;23.0;7;0;1;0;0;0
2014;260;20230922;23;210;30;30;50;115;;107;0;0;0;0;10061;65;8;94;;5;0;0;0;0;0
2015;260;20230922;24;210;30;30;50;119;108.0;102;0;0;0;0;10067;70;8;89;2.0;7;0;0;0;0;0
2016;260;20230923;1;210;20;20;50;114;;109;0;0;6;16;10069;65;8;96;81.0;7;0;1;0;0;0
2017;260;20230923;2;200;20;30;40;115;;110;0;0;0;-1;10074;58;8;96;23.0;7;0;1;0;0;0
2018;260;20230923;3;210;30;30;60;115;;110;0;0;0;-1;10078;57;8;97;23.0;7;0;1;0;0;0
2019;260;20230923;4;220;30;30;60;116;;111;0;0;0;-1;10082;59;2;96;23.0;7;0;1;0;0;0
2020;260;20230923;5;200;30;20;50;119;;114;0;0;0;-1;10088;60;7;97;51.0;7;0;1;0;0;0
2021;260;20230923;6;210;30;30;60;117;105.0;111;0;3;0;-1;10097;61;6;96;22.0;7;0;1;0;0;0
2022;260;20230923;7;210;40;40;70;123;;115;7;30;0;0;10105;65;6;94;;5;0;0;0;0;0
2023;260;20230923;8;210;40;30;80;139;;127;3;60;0;0;10115;65;7;92;;5;0;0;0;0;0
2024;260;20230923;9;210;40;40;80;141;;126;4;101;0;0;10124;70;8;90;;5;0;0;0;0;0
2025;260;20230923;10;230;40;30;80;144;;136;1;69;6;7;10130;57;8;94;82.0;7;0;1;0;0;0
2026;260;20230923;11;240;40;40;80;159;;128;3;109;3;41;10137;70;7;81;23.0;7;0;1;0;0;0
2027;260;20230923;12;240;40;40;80;170;110.0;128;8;195;0;0;10144;75;8;76;3.0;7;0;0;0;0;0
2028;260;20230923;13;270;40;30;90;170;;122;7;162;1;1;10151;75;7;73;23.0;7;0;1;0;0;0
2029;260;20230923;14;260;40;40;80;166;;120;5;121;0;-1;10160;75;8;73;23.0;7;0;1;0;0;0
2030;260;20230923;15;270;40;30;80;161;;122;0;69;0;-1;10166;75;8;78;81.0;7;0;1;0;0;0
2031;260;20230923;16;240;30;20;60;167;;128;2;53;0;-1;10174;75;4;77;23.0;7;0;1;0;0;0
2032;260;20230923;17;270;30;30;50;157;;115;5;33;0;0;10183;75;4;76;;5;0;0;0;0;0
2033;260;20230923;18;270;20;20;50;150;137.0;121;0;3;0;0;10191;70;7;83;3.0;7;0;0;0;0;0
2034;260;20230923;19;250;20;20;80;146;;114;0;0;0;0;10200;70;7;81;;5;0;0;0;0;0
2035;260;20230923;20;230;20;20;40;135;;117;0;0;0;0;10207;70;7;88;;5;0;0;0;0;0
2036;260;20230923;21;180;10;20;30;113;;109;0;0;0;0;10213;65;0;97;;5;0;0;0;0;0
2037;260;20230923;22;210;10;20;30;96;;93;0;0;0;0;10219;42;0;98;20.0;7;1;0;0;0;0
2038;260;20230923;23;160;10;10;30;97;;94;0;0;0;0;10221;50;0;98;10.0;7;0;0;0;0;0
2039;260;20230923;24;160;20;20;30;97;57.0;94;0;0;0;0;10224;58;0;98;10.0;7;0;0;0;0;0
2040;260;20230924;1;150;20;20;30;96;;93;0;0;0;0;10227;57;0;98;10.0;7;0;0;0;0;0
2041;260;20230924;2;170;20;20;40;96;;92;0;0;0;0;10228;64;0;97;;5;0;0;0;0;0
2042;260;20230924;3;160;20;20;40;89;;85;0;0;0;0;10228;60;2;97;;5;0;0;0;0;0
2043;260;20230924;4;170;20;20;40;82;;78;0;0;0;0;10233;62;7;97;;5;0;0;0;0;0
2044;260;20230924;5;160;20;20;30;74;;71;0;0;0;0;10238;57;8;98;10.0;7;0;0;0;0;0
2045;260;20230924;6;160;20;20;40;87;39.0;82;2;5;0;0;10240;63;8;96;;5;0;0;0;0;0
2046;260;20230924;7;160;20;20;40;98;;90;5;32;0;0;10246;65;3;94;;5;0;0;0;0;0
2047;260;20230924;8;160;20;30;40;126;;98;8;87;0;0;10249;70;1;83;;5;0;0;0;0;0
2048;260;20230924;9;170;30;40;70;151;;102;10;146;0;0;10250;75;5;72;;5;0;0;0;0;0
2049;260;20230924;10;190;40;40;80;171;;114;10;187;0;0;10245;80;5;69;;5;0;0;0;0;0
2050;260;20230924;11;200;50;40;80;181;;102;10;211;0;0;10243;83;8;60;;5;0;0;0;0;0
2051;260;20230924;12;190;50;60;100;186;74.0;98;8;193;0;0;10241;81;3;56;;5;0;0;0;0;0
2052;260;20230924;13;190;60;50;100;191;;101;10;214;0;0;10236;82;0;55;;5;0;0;0;0;0
2053;260;20230924;14;190;50;50;90;194;;97;10;185;0;0;10232;82;0;53;;5;0;0;0;0;0
2054;260;20230924;15;170;50;50;90;194;;93;10;147;0;0;10226;82;0;51;;5;0;0;0;0;0
2055;260;20230924;16;180;50;40;80;191;;96;10;96;0;0;10226;83;0;54;;5;0;0;0;0;0
2056;260;20230924;17;160;30;30;60;177;;96;10;41;0;0;10225;83;0;59;;5;0;0;0;0;0
2057;260;20230924;18;140;20;20;40;154;116.0;104;0;3;0;0;10224;75;0;71;;5;0;0;0;0;0
2058;260;20230924;19;140;20;20;50;133;;104;0;0;0;0;10223;70;1;82;;5;0;0;0;0;0
2059;260;20230924;20;140;20;20;40;139;;103;0;0;0;0;10221;75;2;78;;5;0;0;0;0;0
2060;260;20230924;21;140;30;30;40;131;;102;0;0;0;0;10217;70;2;82;;5;0;0;0;0;0
2061;260;20230924;22;150;30;30;50;129;;99;0;0;0;0;10216;70;4;81;;5;0;0;0;0;0
2062;260;20230924;23;150;30;40;50;130;;98;0;0;0;0;10211;75;8;80;;5;0;0;0;0;0
2063;260;20230924;24;160;30;30;60;130;92.0;98;0;0;0;0;10211;75;8;80;;5;0;0;0;0;0
2064;260;20230925;1;150;30;30;60;124;;95;0;0;0;0;10211;70;8;82;;5;0;0;0;0;0
2065;260;20230925;2;150;30;30;60;122;;90;0;0;0;0;10209;75;8;80;;5;0;0;0;0;0
2066;260;20230925;3;150;30;30;60;115;;88;0;0;0;0;10205;70;8;83;;5;0;0;0;0;0
2067;260;20230925;4;150;30;30;60;115;;85;0;0;0;0;10205;70;8;81;;5;0;0;0;0;0
2068;260;20230925;5;160;30;30;60;118;;84;0;0;0;0;10210;75;8;79;;5;0;0;0;0;0
2069;260;20230925;6;150;30;30;50;118;99.0;85;0;2;0;0;10212;75;8;80;;5;0;0;0;0;0
2070;260;20230925;7;160;30;30;50;129;;89;0;26;0;0;10213;75;8;77;;5;0;0;0;0;0
2071;260;20230925;8;170;30;30;50;149;;99;7;71;0;0;10212;75;8;72;;5;0;0;0;0;0
2072;260;20230925;9;180;40;40;70;164;;105;7;105;0;0;10211;80;8;68;;5;0;0;0;0;0
2073;260;20230925;10;170;40;30;70;173;;107;5;138;0;0;10215;80;8;65;;5;0;0;0;0;0
2074;260;20230925;11;190;30;40;60;191;;116;9;187;0;0;10216;81;8;61;;5;0;0;0;0;0
2075;260;20230925;12;190;40;40;70;196;105.0;112;8;193;0;0;10216;82;8;58;;5;0;0;0;0;0
2076;260;20230925;13;190;30;30;60;206;;124;6;165;0;0;10217;82;5;59;;5;0;0;0;0;0
2077;260;20230925;14;190;30;30;60;207;;124;9;171;0;0;10216;82;1;59;;5;0;0;0;0;0
2078;260;20230925;15;200;20;20;50;209;;131;4;77;0;0;10217;83;8;61;;5;0;0;0;0;0
2079;260;20230925;16;210;20;20;40;205;;123;0;46;0;0;10218;83;8;59;;5;0;0;0;0;0
2080;260;20230925;17;250;20;20;40;195;;139;0;15;0;0;10222;80;8;69;;5;0;0;0;0;0
2081;260;20230925;18;220;10;10;30;179;175.0;156;0;1;0;0;10223;70;8;86;;5;0;0;0;0;0
2082;260;20230925;19;160;10;10;20;171;;156;0;0;0;0;10224;70;8;90;;5;0;0;0;0;0
2083;260;20230925;20;140;10;10;20;162;;150;0;0;0;0;10225;65;8;92;;5;0;0;0;0;0
2084;260;20230925;21;110;10;10;20;145;;141;0;0;0;0;10225;65;7;96;;5;0;0;0;0;0
2085;260;20230925;22;100;10;10;20;145;;140;0;0;0;0;10225;65;8;97;;5;0;0;0;0;0
2086;260;20230925;23;120;10;10;20;127;;126;0;0;0;0;10222;9;8;99;34.0;7;1;0;0;0;0
2087;260;20230925;24;130;10;10;20;122;96.0;122;0;0;0;0;10220;5;8;99;34.0;7;1;0;0;0;0
2088;260;20230926;1;150;20;20;30;117;;114;0;0;0;0;10219;58;8;98;20.0;7;1;0;0;0;0
2089;260;20230926;2;140;10;10;30;130;;125;0;0;0;0;10216;61;8;97;;5;0;0;0;0;0
2090;260;20230926;3;130;10;20;30;124;;121;0;0;0;0;10213;58;8;98;10.0;7;0;0;0;0;0
2091;260;20230926;4;130;10;10;30;119;;114;0;0;0;0;10210;61;8;97;;5;0;0;0;0;0
2092;260;20230926;5;140;10;20;30;116;;112;0;0;0;0;10206;60;8;97;;5;0;0;0;0;0
2093;260;20230926;6;150;10;10;30;123;92.0;116;0;3;0;0;10208;65;8;95;2.0;7;0;0;0;0;0
2094;260;20230926;7;150;10;20;30;140;;119;2;26;0;0;10208;68;8;87;;5;0;0;0;0;0
2095;260;20230926;8;150;20;20;30;148;;124;0;41;0;0;10206;67;8;85;;5;0;0;0;0;0
2096;260;20230926;9;140;20;20;40;167;;133;3;93;0;0;10204;73;8;80;;5;0;0;0;0;0
2097;260;20230926;10;140;20;30;40;179;;134;3;110;0;0;10202;75;8;74;;5;0;0;0;0;0
2098;260;20230926;11;150;30;30;40;192;;139;2;127;0;0;10199;75;8;71;;5;0;0;0;0;0
2099;260;20230926;12;160;30;30;60;207;106.0;142;9;189;0;0;10195;80;8;66;;5;0;0;0;0;0
2100;260;20230926;13;160;30;30;60;206;;130;5;145;0;0;10192;83;8;61;;5;0;0;0;0;0
2101;260;20230926;14;150;30;30;60;213;;135;4;116;0;0;10191;80;8;61;;5;0;0;0;0;0
2102;260;20230926;15;150;30;30;60;209;;139;7;104;0;0;10187;82;8;64;;5;0;0;0;0;0
2103;260;20230926;16;150;30;30;60;202;;144;8;64;0;0;10185;80;8;69;;5;0;0;0;0;0
2104;260;20230926;17;160;20;20;50;193;;145;8;21;0;0;10186;75;8;73;;5;0;0;0;0;0
2105;260;20230926;18;140;20;20;30;169;141.0;143;0;2;0;0;10190;70;8;84;;5;0;0;0;0;0
2106;260;20230926;19;150;20;20;30;146;;139;0;0;0;0;10193;65;8;95;;5;0;0;0;0;0
2107;260;20230926;20;150;20;20;30;146;;135;0;0;0;0;10192;65;8;92;;5;0;0;0;0;0
2108;260;20230926;21;170;20;20;30;156;;136;0;0;0;0;10195;70;8;88;;5;0;0;0;0;0
2109;260;20230926;22;160;20;20;30;142;;133;0;0;0;0;10195;65;1;93;;5;0;0;0;0;0
2110;260;20230926;23;150;20;20;30;130;;127;0;0;0;0;10193;50;1;98;10.0;7;0;0;0;0;0
2111;260;20230926;24;190;10;10;30;130;99.0;127;0;0;0;0;10198;56;4;98;10.0;7;0;0;0;0;0
2112;260;20230927;1;150;10;10;30;121;;118;0;0;0;0;10196;12;1;98;20.0;7;1;0;0;0;0
2113;260;20230927;2;170;10;10;30;115;;115;0;0;0;0;10196;6;3;99;34.0;7;1;0;0;0;0
2114;260;20230927;3;140;10;10;30;109;;108;0;0;0;0;10197;4;4;99;34.0;7;1;0;0;0;0
2115;260;20230927;4;170;10;10;20;106;;105;0;0;0;0;10199;1;7;99;34.0;7;1;0;0;0;0
2116;260;20230927;5;120;10;10;30;108;;107;0;0;0;0;10196;1;8;99;33.0;7;1;0;0;0;0
2117;260;20230927;6;160;10;10;30;122;82.0;119;0;3;0;0;10197;30;8;98;20.0;7;1;0;0;0;0
2118;260;20230927;7;140;10;10;30;135;;134;3;23;0;0;10196;50;8;98;10.0;7;0;0;0;0;0
2119;260;20230927;8;160;20;10;30;155;;144;2;62;0;0;10201;61;8;92;;5;0;0;0;0;0
2120;260;20230927;9;100;10;20;30;177;;155;5;106;0;0;10200;62;8;86;;5;0;0;0;0;0
2121;260;20230927;10;160;10;10;30;191;;162;0;60;0;0;10196;69;8;83;;5;0;0;0;0;0
2122;260;20230927;11;120;20;40;60;200;;159;1;92;0;0;10187;69;8;77;;5;0;0;0;0;0
2123;260;20230927;12;130;40;40;60;223;95.0;160;9;213;0;0;10180;80;7;67;;5;0;0;0;0;0
2124;260;20230927;13;140;40;30;60;226;;154;10;207;0;0;10170;81;5;63;;5;0;0;0;0;0
2125;260;20230927;14;140;40;40;60;227;;157;10;172;0;0;10167;81;8;64;;5;0;0;0;0;0
2126;260;20230927;15;140;40;30;70;213;;154;3;93;0;0;10159;80;8;69;;5;0;0;0;0;0
2127;260;20230927;16;120;30;30;40;209;;157;0;32;0;0;10153;75;8;72;;5;0;0;0;0;0
2128;260;20230927;17;130;30;40;50;202;;157;5;20;0;0;10148;75;8;75;;5;0;0;0;0;0
2129;260;20230927;18;130;30;30;60;196;182.0;153;0;0;0;0;10143;75;8;76;;5;0;0;0;0;0
2130;260;20230927;19;140;30;30;60;192;;152;0;0;0;0;10141;75;8;77;;5;0;0;0;0;0
2131;260;20230927;20;140;30;30;50;190;;148;0;0;0;0;10133;75;8;76;;5;0;0;0;0;0
2132;260;20230927;21;160;40;30;70;193;;147;0;0;0;0;10125;75;8;74;;5;0;0;0;0;0
2133;260;20230927;22;150;40;40;70;190;;148;0;0;0;0;10121;75;8;76;;5;0;0;0;0;0
2134;260;20230927;23;160;30;30;60;186;;149;0;0;0;0;10122;75;8;79;;5;0;0;0;0;0
2135;260;20230927;24;190;30;30;60;193;169.0;147;0;0;0;0;10125;75;8;74;;5;0;0;0;0;0
2136;260;20230928;1;190;30;30;50;185;;147;0;0;0;0;10130;75;0;78;;5;0;0;0;0;0
2137;260;20230928;2;210;30;20;50;179;;149;0;0;0;0;10132;70;1;83;;5;0;0;0;0;0
2138;260;20230928;3;220;30;30;60;179;;152;0;0;0;0;10133;70;0;84;;5;0;0;0;0;0
2139;260;20230928;4;240;30;30;60;171;;149;0;0;0;0;10143;70;2;87;;5;0;0;0;0;0
2140;260;20230928;5;240;30;40;70;167;;140;0;0;0;0;10146;70;4;84;;5;0;0;0;0;0
2141;260;20230928;6;220;40;40;70;160;146.0;133;0;1;0;0;10153;67;1;83;;5;0;0;0;0;0
2142;260;20230928;7;210;40;40;70;166;;134;5;28;0;0;10158;64;3;81;;5;0;0;0;0;0
2143;260;20230928;8;210;40;30;80;171;;138;0;38;0;0;10165;64;8;81;;5;0;0;0;0;0
2144;260;20230928;9;210;40;40;80;180;;139;1;70;0;0;10168;66;8;77;;5;0;0;0;0;0
2145;260;20230928;10;210;40;40;80;188;;136;5;135;0;0;10170;66;8;71;;5;0;0;0;0;0
2146;260;20230928;11;210;40;40;70;187;;137;0;89;0;0;10172;66;8;72;;5;0;0;0;0;0
2147;260;20230928;12;210;40;40;80;191;145.0;134;0;83;0;0;10173;69;8;69;;5;0;0;0;0;0
2148;260;20230928;13;210;50;50;90;192;;132;1;101;0;0;10171;72;8;68;;5;0;0;0;0;0
2149;260;20230928;14;220;40;40;80;190;;124;0;54;0;0;10176;80;8;65;;5;0;0;0;0;0
2150;260;20230928;15;200;40;30;70;190;;123;2;60;0;0;10167;80;8;65;;5;0;0;0;0;0
2151;260;20230928;16;210;30;30;60;188;;129;5;53;0;0;10166;80;8;68;;5;0;0;0;0;0
2152;260;20230928;17;210;20;10;40;166;;137;8;20;0;0;10164;70;8;83;;5;0;0;0;0;0
2153;260;20230928;18;150;10;10;20;137;113.0;129;0;2;0;0;10164;65;8;95;;5;0;0;0;0;0
2154;260;20230928;19;150;10;20;30;131;;126;0;0;0;0;10164;65;8;97;;5;0;0;0;0;0
2155;260;20230928;20;150;20;20;30;140;;132;0;0;0;0;10162;65;8;94;;5;0;0;0;0;0
2156;260;20230928;21;170;20;20;40;153;;134;0;0;0;0;10157;70;8;88;;5;0;0;0;0;0
2157;260;20230928;22;170;20;20;40;149;;131;0;0;0;0;10158;70;8;88;;5;0;0;0;0;0
2158;260;20230928;23;160;20;20;40;152;;133;0;0;0;0;10156;70;8;88;;5;0;0;0;0;0
2159;260;20230928;24;170;20;30;40;158;105.0;135;0;0;0;0;10152;70;8;85;;5;0;0;0;0;0
2160;260;20230929;1;150;30;30;50;161;;137;0;0;0;0;10145;70;8;85;;5;0;0;0;0;0
2161;260;20230929;2;150;30;30;50;164;;140;0;0;0;0;10142;70;8;85;;5;0;0;0;0;0
2162;260;20230929;3;160;30;30;50;169;;137;0;0;0;0;10135;70;8;81;;5;0;0;0;0;0
2163;260;20230929;4;140;30;30;50;161;;145;0;0;1;6;10129;70;8;90;23.0;7;0;1;0;0;0
2164;260;20230929;5;160;30;30;40;165;;148;0;0;0;0;10126;70;8;89;;5;0;0;0;0;0
2165;260;20230929;6;170;30;40;60;176;146.0;151;0;0;0;0;10125;70;8;85;2.0;7;0;0;0;0;0
2166;260;20230929;7;190;30;30;60;185;;158;0;5;0;0;10126;70;8;84;;5;0;0;0;0;0
2167;260;20230929;8;200;30;30;80;191;;165;0;26;0;0;10129;70;8;84;;5;0;0;0;0;0
2168;260;20230929;9;200;40;50;70;200;;169;1;44;0;0;10133;70;8;81;;5;0;0;0;0;0
2169;260;20230929;10;230;50;70;100;202;;171;2;64;0;0;10138;70;7;82;;5;0;0;0;0;0
2170;260;20230929;11;220;50;50;100;194;;177;0;40;0;-1;10143;59;8;89;81.0;7;0;1;0;0;0
2171;260;20230929;12;300;50;50;90;180;165.0;165;0;35;3;36;10158;65;8;91;23.0;7;0;1;0;0;0
2172;260;20230929;13;310;40;30;100;180;;148;1;60;0;0;10172;70;7;81;;5;0;0;0;0;0
2173;260;20230929;14;310;40;40;90;182;;141;3;58;0;0;10183;75;8;77;;5;0;0;0;0;0
2174;260;20230929;15;280;40;50;90;181;;138;7;77;0;0;10193;75;7;76;;5;0;0;0;0;0
2175;260;20230929;16;290;50;40;100;174;;114;8;77;0;0;10204;80;1;67;;5;0;0;0;0;0
2176;260;20230929;17;290;40;30;80;162;;112;8;30;0;0;10212;75;0;72;;5;0;0;0;0;0
2177;260;20230929;18;270;20;20;60;148;124.0;115;0;1;0;0;10225;75;1;80;;5;0;0;0;0;0
2178;260;20230929;19;260;20;20;30;130;;112;0;0;0;0;10231;70;1;88;;5;0;0;0;0;0
2179;260;20230929;20;240;10;10;30;104;;100;0;0;0;0;10237;62;0;97;;5;0;0;0;0;0
2180;260;20230929;21;220;20;20;30;99;;94;0;0;0;0;10239;65;0;97;;5;0;0;0;0;0
2181;260;20230929;22;200;10;20;30;91;;88;0;0;0;0;10243;21;7;98;10.0;7;0;0;0;0;0
2182;260;20230929;23;170;10;10;30;91;;88;0;0;0;0;10245;50;8;98;10.0;7;0;0;0;0;0
2183;260;20230929;24;130;10;10;20;99;59.0;96;0;0;0;0;10246;58;8;98;10.0;7;0;0;0;0;0
2184;260;20230930;1;150;10;10;30;104;;101;0;0;0;0;10249;57;8;98;10.0;7;0;0;0;0;0
2185;260;20230930;2;140;10;10;20;101;;98;0;0;0;0;10249;47;8;98;20.0;7;1;0;0;0;0
2186;260;20230930;3;170;10;10;30;107;;104;0;0;0;0;10249;50;8;98;10.0;7;0;0;0;0;0
2187;260;20230930;4;170;10;10;20;104;;101;0;0;0;0;10249;33;8;98;10.0;7;0;0;0;0;0
2188;260;20230930;5;150;10;10;20;104;;101;0;0;0;0;10253;23;8;98;10.0;7;0;0;0;0;0
2189;260;20230930;6;160;20;20;30;99;65.0;97;0;1;0;0;10253;7;5;99;34.0;7;1;0;0;0;0
2190;260;20230930;7;200;20;20;30;121;;118;7;27;0;0;10259;50;0;98;20.0;7;1;0;0;0;0
2191;260;20230930;8;190;20;20;40;140;;130;8;71;0;0;10263;59;0;93;10.0;7;0;0;0;0;0
2192;260;20230930;9;150;20;20;30;167;;140;10;136;0;0;10262;64;6;84;3.0;7;0;0;0;0;0
2193;260;20230930;10;230;20;30;50;177;;126;7;136;0;0;10269;75;7;72;;5;0;0;0;0;0
2194;260;20230930;11;250;30;30;60;186;;118;5;126;0;0;10264;80;5;64;;5;0;0;0;0;0
2195;260;20230930;12;220;30;20;60;190;66.0;116;6;150;0;0;10262;80;8;62;3.0;7;0;0;0;0;0
2196;260;20230930;13;230;30;30;70;191;;115;2;85;0;0;10259;81;8;61;;5;0;0;0;0;0
2197;260;20230930;14;220;30;30;60;191;;105;7;125;0;0;10256;82;5;57;;5;0;0;0;0;0
2198;260;20230930;15;220;30;30;70;190;;113;10;108;0;0;10252;81;8;60;;5;0;0;0;0;0
2199;260;20230930;16;220;30;30;60;180;;105;8;62;0;0;10248;81;8;61;;5;0;0;0;0;0
2200;260;20230930;17;240;20;20;50;170;;118;0;12;0;0;10250;75;8;71;;5;0;0;0;0;0
2201;260;20230930;18;200;20;10;30;148;134.0;126;0;1;0;0;10249;70;7;86;;5;0;0;0;0;0
2202;260;20230930;19;160;10;10;20;139;;130;0;0;0;0;10248;65;8;94;;5;0;0;0;0;0
2203;260;20230930;20;150;10;10;20;135;;129;0;0;0;0;10249;65;8;95;;5;0;0;0;0;0
2204;260;20230930;21;140;10;10;30;141;;129;0;0;0;0;10250;65;8;92;;5;0;0;0;0;0
2205;260;20230930;22;160;10;20;30;146;;127;0;0;0;0;10245;68;8;88;;5;0;0;0;0;0
2206;260;20230930;23;150;20;10;30;146;;128;0;0;0;0;10242;69;8;88;;5;0;0;0;0;0
2207;260;20230930;24;170;20;20;40;147;122.0;127;0;0;0;0;10235;69;8;87;;5;0;0;0;0;0
2208;260;20231001;1;180;30;30;50;147;;122;0;0;0;0;10233;70;8;84;;5;0;0;0;0;0
2209;260;20231001;2;200;20;30;60;155;;114;0;0;0;0;10230;75;8;76;;5;0;0;0;0;0
2210;260;20231001;3;200;30;40;60;154;;113;0;0;0;0;10228;75;8;76;;5;0;0;0;0;0
2211;260;20231001;4;200;40;30;60;151;;116;0;0;0;0;10224;75;8;79;;5;0;0;0;0;0
2212;260;20231001;5;210;30;30;60;154;;119;0;0;0;0;10224;75;8;79;;5;0;0;0;0;0
2213;260;20231001;6;210;30;40;70;155;134.0;121;0;0;0;0;10225;75;8;80;;5;0;0;0;0;0
2214;260;20231001;7;200;30;30;60;156;;122;5;27;0;0;10226;75;3;79;;5;0;0;0;0;0
2215;260;20231001;8;200;30;30;60;167;;127;10;80;0;0;10228;75;7;77;;5;0;0;0;0;0
2216;260;20231001;9;200;30;40;60;181;;135;10;122;0;0;10228;74;6;74;;5;0;0;0;0;0
2217;260;20231001;10;210;30;30;60;201;;143;9;133;0;0;10229;75;8;69;;5;0;0;0;0;0
2218;260;20231001;11;200;40;60;90;212;;145;10;179;0;0;10224;78;3;65;;5;0;0;0;0;0
2219;260;20231001;12;210;50;40;90;225;144.0;150;10;199;0;0;10221;72;8;62;;5;0;0;0;0;0
2220;260;20231001;13;210;50;40;90;228;;148;9;181;0;0;10218;78;8;60;;5;0;0;0;0;0
2221;260;20231001;14;240;40;50;90;232;;132;8;146;0;0;10215;80;8;53;;5;0;0;0;0;0
2222;260;20231001;15;220;40;40;70;230;;135;10;129;0;0;10210;80;8;55;;5;0;0;0;0;0
2223;260;20231001;16;220;30;30;70;219;;144;10;67;0;0;10207;80;8;62;;5;0;0;0;0;0
2224;260;20231001;17;220;20;10;40;196;;162;7;21;0;0;10209;75;8;80;;5;0;0;0;0;0
2225;260;20231001;18;190;20;10;30;163;141.0;151;0;1;0;0;10207;65;8;92;;5;0;0;0;0;0
2226;260;20231001;19;140;10;10;10;150;;146;0;0;0;0;10208;63;8;97;;5;0;0;0;0;0
2227;260;20231001;20;170;10;10;30;146;;141;0;0;0;0;10207;61;8;97;;5;0;0;0;0;0
2228;260;20231001;21;170;20;10;30;144;;139;0;0;0;0;10203;60;8;97;;5;0;0;0;0;0
2229;260;20231001;22;210;10;20;40;140;;137;0;0;0;0;10203;59;8;98;10.0;7;0;0;0;0;0
2230;260;20231001;23;200;20;20;30;136;;133;0;0;0;0;10202;50;8;98;10.0;7;0;0;0;0;0
2231;260;20231001;24;190;30;30;50;172;108.0;148;0;0;0;0;10199;70;8;85;;5;0;0;0;0;0
2232;260;20231002;1;190;20;10;40;155;;146;0;0;0;0;10198;62;8;94;;5;0;0;0;0;0
2233;260;20231002;2;170;10;20;30;145;;140;0;0;0;0;10196;61;8;96;;5;0;0;0;0;0
2234;260;20231002;3;200;20;10;30;140;;136;0;0;0;0;10193;58;8;97;10.0;7;0;0;0;0;0
2235;260;20231002;4;200;10;20;30;134;;131;0;0;0;0;10193;57;8;98;10.0;7;0;0;0;0;0
2236;260;20231002;5;160;20;20;30;141;;139;0;0;0;0;10190;58;8;98;10.0;7;0;0;0;0;0
2237;260;20231002;6;200;20;10;40;144;102.0;139;0;1;0;0;10192;60;8;96;;5;0;0;0;0;0
2238;260;20231002;7;200;10;20;30;157;;146;0;17;0;0;10196;62;8;93;;5;0;0;0;0;0
2239;260;20231002;8;190;20;10;30;173;;153;0;42;0;0;10198;63;8;88;;5;0;0;0;0;0
2240;260;20231002;9;220;20;20;40;191;;164;2;80;0;0;10198;62;8;84;;5;0;0;0;0;0
2241;260;20231002;10;200;20;20;40;203;;168;6;131;0;0;10195;61;8;80;;5;0;0;0;0;0
2242;260;20231002;11;210;30;30;50;211;;171;5;138;0;0;10192;69;8;77;;5;0;0;0;0;0
2243;260;20231002;12;200;30;20;50;216;125.0;175;4;134;0;0;10189;66;8;77;;5;0;0;0;0;0
2244;260;20231002;13;190;20;20;40;228;;183;7;149;0;0;10180;67;8;75;;5;0;0;0;0;0
2245;260;20231002;14;190;20;20;40;230;;177;10;135;0;0;10175;64;8;71;;5;0;0;0;0;0
2246;260;20231002;15;160;20;30;40;234;;183;10;109;0;0;10166;65;8;73;;5;0;0;0;0;0
2247;260;20231002;16;150;20;30;50;231;;185;10;66;0;0;10158;68;6;75;;5;0;0;0;0;0
2248;260;20231002;17;140;20;20;40;209;;181;7;19;0;0;10156;67;3;84;;5;0;0;0;0;0
2249;260;20231002;18;0;10;0;30;180;157.0;172;0;0;0;0;10157;61;8;94;;5;0;0;0;0;0
2250;260;20231002;19;50;10;10;20;166;;164;0;0;0;0;10151;15;8;98;10.0;7;0;0;0;0;0
2251;260;20231002;20;50;10;10;30;157;;154;0;0;0;0;10143;33;8;98;20.0;7;1;0;0;0;0
2252;260;20231002;21;130;20;30;30;171;;168;0;0;0;0;10130;57;8;98;20.0;7;1;0;0;0;0
2253;260;20231002;22;150;30;30;40;183;;167;0;0;0;0;10120;60;8;90;;5;0;0;0;0;0
2254;260;20231002;23;160;30;30;50;186;;159;0;0;0;0;10112;61;8;84;;5;0;0;0;0;0
2255;260;20231002;24;160;30;30;60;182;126.0;157;0;0;0;0;10099;61;8;85;2.0;7;0;0;0;0;0
2256;260;20231003;1;160;30;30;60;181;;152;0;0;0;0;10087;62;7;83;;5;0;0;0;0;0
2257;260;20231003;2;180;30;30;70;183;;149;0;0;0;0;10077;62;8;80;;5;0;0;0;0;0
2258;260;20231003;3;210;50;50;100;199;;152;0;0;0;0;10070;66;8;74;;5;0;0;0;0;0
2259;260;20231003;4;240;60;80;140;195;;155;0;0;0;0;10075;74;8;78;;5;0;0;0;0;0
2260;260;20231003;5;230;70;70;140;185;;157;0;0;0;0;10077;70;8;83;;5;0;0;0;0;0
2261;260;20231003;6;230;70;70;120;185;162.0;151;0;0;0;0;10082;75;8;80;;5;0;0;0;0;0
2262;260;20231003;7;240;60;50;130;182;;148;0;11;0;0;10090;75;8;80;;5;0;0;0;0;0
2263;260;20231003;8;280;50;50;100;164;;154;0;18;2;2;10106;65;8;93;51.0;7;0;1;0;0;0
2264;260;20231003;9;280;50;60;120;156;;141;0;35;0;-1;10125;67;8;90;23.0;7;0;1;0;0;0
2265;260;20231003;10;280;40;30;100;160;;135;0;52;0;0;10136;70;8;84;;5;0;0;0;0;0
2266;260;20231003;11;280;40;30;90;147;;139;0;44;8;5;10146;60;8;94;51.0;7;0;1;0;0;0
2267;260;20231003;12;300;40;50;90;140;142.0;130;0;36;8;9;10158;50;8;93;82.0;7;0;1;0;0;0
2268;260;20231003;13;280;40;40;90;146;;129;1;77;4;6;10169;65;8;89;81.0;7;0;1;0;0;0
2269;260;20231003;14;270;30;40;110;155;;123;4;95;4;12;10177;70;4;81;23.0;7;0;1;0;0;0
2270;260;20231003;15;280;40;60;100;164;;101;10;100;0;-1;10185;80;3;65;23.0;7;0;1;0;0;0
2271;260;20231003;16;270;50;50;120;163;;100;10;74;0;0;10193;80;2;66;;5;0;0;0;0;0
2272;260;20231003;17;240;40;40;90;154;;107;5;16;0;0;10201;75;6;73;;5;0;0;0;0;0
2273;260;20231003;18;240;40;40;80;142;130.0;119;0;0;4;14;10210;70;7;86;81.0;7;0;1;0;0;0
2274;260;20231003;19;230;30;30;80;139;;117;0;0;0;-1;10219;70;2;86;23.0;7;0;1;0;0;0
2275;260;20231003;20;240;30;30;60;138;;107;0;0;0;0;10226;70;1;81;;5;0;0;0;0;0
2276;260;20231003;21;230;30;30;50;133;;102;0;0;0;0;10229;70;2;81;3.0;7;0;0;0;0;0
2277;260;20231003;22;220;30;20;50;126;;102;0;0;0;0;10231;70;7;84;;5;0;0;0;0;0
2278;260;20231003;23;240;30;30;50;138;;101;0;0;0;0;10234;75;7;78;;5;0;0;0;0;0
2279;260;20231003;24;240;30;20;50;137;104.0;103;0;0;0;0;10238;75;8;79;3.0;7;0;0;0;0;0
2280;260;20231004;1;250;20;30;40;137;;102;0;0;0;0;10242;75;8;79;;5;0;0;0;0;0
2281;260;20231004;2;220;30;30;40;132;;104;0;0;0;0;10243;70;8;83;;5;0;0;0;0;0
2282;260;20231004;3;220;20;30;40;121;;104;0;0;0;0;10246;70;8;89;;5;0;0;0;0;0
2283;260;20231004;4;230;30;30;50;124;;102;0;0;0;0;10247;70;2;86;;5;0;0;0;0;0
2284;260;20231004;5;220;30;30;50;120;;102;0;0;0;0;10248;70;2;89;;5;0;0;0;0;0
2285;260;20231004;6;210;30;30;50;124;98.0;108;0;1;0;0;10252;70;7;90;;5;0;0;0;0;0
2286;260;20231004;7;210;30;30;60;130;;115;3;20;0;0;10256;70;6;90;;5;0;0;0;0;0
2287;260;20231004;8;210;40;40;70;145;;120;10;65;0;0;10260;70;8;85;;5;0;0;0;0;0
2288;260;20231004;9;220;40;40;80;153;;126;6;87;0;0;10261;70;8;83;;5;0;0;0;0;0
2289;260;20231004;10;210;40;40;90;157;;128;1;72;0;0;10261;70;8;82;;5;0;0;0;0;0
2290;260;20231004;11;240;50;60;100;161;;117;1;80;0;0;10259;75;7;75;;5;0;0;0;0;0
2291;260;20231004;12;230;50;50;110;168;110.0;114;1;84;0;-1;10255;75;8;70;23.0;7;0;1;0;0;0
2292;260;20231004;13;230;50;50;100;165;;117;0;51;0;-1;10252;75;8;73;23.0;7;0;1;0;0;0
2293;260;20231004;14;230;60;50;110;176;;105;5;102;0;0;10249;80;8;63;;5;0;0;0;0;0
2294;260;20231004;15;230;60;60;110;170;;100;10;96;0;0;10245;81;8;63;2.0;7;0;0;0;0;0
2295;260;20231004;16;230;50;50;110;162;;98;7;54;0;0;10243;80;8;65;;5;0;0;0;0;0
2296;260;20231004;17;230;40;40;80;154;;99;7;25;0;0;10244;80;8;69;;5;0;0;0;0;0
2297;260;20231004;18;230;30;30;70;145;127.0;101;0;0;0;0;10246;75;1;74;1.0;7;0;0;0;0;0
2298;260;20231004;19;210;30;30;50;144;;102;0;0;0;0;10244;75;8;75;;5;0;0;0;0;0
2299;260;20231004;20;210;30;40;60;142;;106;0;0;0;0;10240;75;8;78;;5;0;0;0;0;0
2300;260;20231004;21;220;40;40;70;139;;112;0;0;0;0;10236;70;8;83;;5;0;0;0;0;0
2301;260;20231004;22;210;40;40;70;144;;114;0;0;0;0;10230;70;8;82;;5;0;0;0;0;0
2302;260;20231004;23;210;40;40;80;143;;118;0;0;0;0;10225;70;8;84;;5;0;0;0;0;0
2303;260;20231004;24;230;40;40;80;148;122.0;123;0;0;0;-1;10224;70;8;85;81.0;7;0;1;0;0;0
2304;260;20231005;1;230;40;50;80;148;;123;0;0;0;-1;10223;70;8;85;23.0;7;0;1;0;0;0
2305;260;20231005;2;230;40;40;80;147;;120;0;0;0;0;10223;70;8;83;;5;0;0;0;0;0
2306;260;20231005;3;220;30;30;60;145;;119;0;0;0;0;10220;70;8;84;2.0;7;0;0;0;0;0
2307;260;20231005;4;220;30;30;70;139;;117;0;0;0;0;10220;70;8;87;;5;0;0;0;0;0
2308;260;20231005;5;220;30;30;50;136;;117;0;0;0;0;10221;70;8;88;;5;0;0;0;0;0
2309;260;20231005;6;210;30;30;50;134;120.0;117;0;0;0;0;10225;70;8;89;2.0;7;0;0;0;0;0
2310;260;20231005;7;220;30;40;60;138;;118;0;12;0;0;10229;70;8;88;;5;0;0;0;0;0
2311;260;20231005;8;220;30;40;50;146;;122;0;34;0;0;10236;70;8;85;;5;0;0;0;0;0
2312;260;20231005;9;230;30;30;60;158;;125;0;52;0;0;10240;75;8;80;;5;0;0;0;0;0
2313;260;20231005;10;230;40;40;70;162;;128;0;45;0;0;10245;75;8;80;;5;0;0;0;0;0
2314;260;20231005;11;230;40;40;80;169;;130;1;78;0;0;10245;75;8;77;;5;0;0;0;0;0
2315;260;20231005;12;240;40;40;70;172;122.0;133;0;57;0;0;10245;75;8;77;;5;0;0;0;0;0
2316;260;20231005;13;230;40;40;80;176;;130;0;74;0;0;10244;75;8;74;;5;0;0;0;0;0
2317;260;20231005;14;240;40;50;80;185;;115;4;93;0;0;10243;81;7;63;;5;0;0;0;0;0
2318;260;20231005;15;250;40;40;90;183;;105;10;108;0;0;10243;82;5;60;;5;0;0;0;0;0
2319;260;20231005;16;230;30;40;70;176;;113;7;51;0;0;10243;80;8;66;;5;0;0;0;0;0
2320;260;20231005;17;230;40;40;80;164;;120;5;15;0;0;10245;75;8;74;;5;0;0;0;0;0
2321;260;20231005;18;220;40;30;80;153;137.0;113;0;0;0;0;10245;75;8;77;;5;0;0;0;0;0
2322;260;20231005;19;220;30;30;50;149;;116;0;0;0;0;10249;75;8;80;;5;0;0;0;0;0
2323;260;20231005;20;200;30;20;40;142;;109;0;0;0;0;10249;75;3;80;;5;0;0;0;0;0
2324;260;20231005;21;190;20;20;40;141;;114;0;0;0;0;10249;70;8;83;;5;0;0;0;0;0
2325;260;20231005;22;190;30;30;50;141;;116;0;0;0;0;10244;70;8;84;;5;0;0;0;0;0
2326;260;20231005;23;200;30;30;60;144;;116;0;0;0;0;10245;70;8;83;;5;0;0;0;0;0
2327;260;20231005;24;200;30;40;60;138;120.0;116;0;0;0;0;10242;70;8;86;;5;0;0;0;0;0
2328;260;20231006;1;200;40;30;60;136;;117;0;0;0;0;10239;70;8;88;;5;0;0;0;0;0
2329;260;20231006;2;210;40;30;70;134;;116;0;0;0;0;10238;70;7;89;;5;0;0;0;0;0
2330;260;20231006;3;200;40;40;60;131;;115;0;0;0;0;10234;70;1;90;;5;0;0;0;0;0
2331;260;20231006;4;210;40;40;70;135;;115;0;0;0;0;10229;70;8;87;;5;0;0;0;0;0
2332;260;20231006;5;200;40;40;80;133;;113;0;0;0;0;10226;70;8;87;;5;0;0;0;0;0
2333;260;20231006;6;200;50;40;80;134;116.0;113;0;1;0;0;10227;70;8;87;;5;0;0;0;0;0
2334;260;20231006;7;200;40;50;80;135;;113;0;13;0;0;10227;70;8;86;;5;0;0;0;0;0
2335;260;20231006;8;210;40;50;90;150;;120;7;65;0;0;10229;70;8;82;;5;0;0;0;0;0
2336;260;20231006;9;210;50;60;100;156;;125;4;77;0;0;10230;70;8;81;;5;0;0;0;0;0
2337;260;20231006;10;220;60;60;110;172;;134;5;122;0;0;10228;75;8;78;;5;0;0;0;0;0
2338;260;20231006;11;240;50;60;110;180;;137;2;111;0;0;10226;75;8;76;;5;0;0;0;0;0
2339;260;20231006;12;220;60;60;110;184;125.0;141;5;137;0;0;10223;75;7;75;;5;0;0;0;0;0
2340;260;20231006;13;220;70;70;120;192;;142;9;156;0;0;10219;75;8;73;;5;0;0;0;0;0
2341;260;20231006;14;220;60;70;110;194;;138;10;140;0;0;10218;75;8;70;;5;0;0;0;0;0
2342;260;20231006;15;230;70;70;120;194;;138;10;108;0;0;10215;75;8;70;;5;0;0;0;0;0
2343;260;20231006;16;230;50;50;100;188;;136;10;47;0;0;10214;75;8;71;;5;0;0;0;0;0
2344;260;20231006;17;230;50;50;100;183;;141;5;12;0;0;10212;75;8;76;;5;0;0;0;0;0
2345;260;20231006;18;230;50;40;100;174;162.0;142;0;0;0;0;10215;70;8;81;;5;0;0;0;0;0
2346;260;20231006;19;240;50;50;120;169;;125;0;0;0;0;10215;75;8;75;;5;0;0;0;0;0
2347;260;20231006;20;230;50;40;90;163;;129;0;0;0;0;10215;75;8;80;;5;0;0;0;0;0
2348;260;20231006;21;230;50;50;90;159;;131;0;0;0;0;10213;70;3;83;;5;0;0;0;0;0
2349;260;20231006;22;230;50;50;100;158;;134;0;0;0;0;10212;70;7;85;;5;0;0;0;0;0
2350;260;20231006;23;230;50;50;100;154;;135;0;0;0;0;10210;70;7;88;;5;0;0;0;0;0
2351;260;20231006;24;220;50;40;90;154;144.0;139;0;0;0;0;10206;70;7;90;;5;0;0;0;0;0
2352;260;20231007;1;220;40;40;70;155;;142;0;0;0;0;10206;65;7;92;;5;0;0;0;0;0
2353;260;20231007;2;220;30;30;60;157;;146;0;0;0;0;10205;65;8;92;;5;0;0;0;0;0
2354;260;20231007;3;230;30;20;50;160;;147;0;0;0;0;10204;65;8;92;;5;0;0;0;0;0
2355;260;20231007;4;220;30;30;50;158;;148;0;0;0;0;10201;65;8;93;;5;0;0;0;0;0
2356;260;20231007;5;220;30;40;60;164;;150;0;0;0;0;10198;65;8;91;;5;0;0;0;0;0
2357;260;20231007;6;230;40;40;80;166;145.0;152;0;0;0;0;10201;65;8;91;;5;0;0;0;0;0
2358;260;20231007;7;220;40;50;90;168;;154;0;12;0;0;10203;65;8;91;;5;0;0;0;0;0
2359;260;20231007;8;230;50;50;90;172;;156;0;37;0;0;10208;65;7;90;;5;0;0;0;0;0
2360;260;20231007;9;230;50;50;100;186;;157;7;90;0;0;10206;67;2;83;;5;0;0;0;0;0
2361;260;20231007;10;240;50;40;100;201;;158;10;142;0;0;10208;75;4;76;;5;0;0;0;0;0
2362;260;20231007;11;250;60;60;130;199;;143;9;164;0;0;10209;73;7;69;;5;0;0;0;0;0
2363;260;20231007;12;240;60;60;110;207;159.0;146;9;173;0;0;10211;77;8;68;;5;0;0;0;0;0
2364;260;20231007;13;250;50;50;100;197;;146;2;108;0;0;10207;75;8;72;;5;0;0;0;0;0
2365;260;20231007;14;250;50;50;120;195;;147;2;75;0;0;10209;75;8;73;;5;0;0;0;0;0
2366;260;20231007;15;240;60;70;120;195;;151;3;68;0;0;10203;75;8;75;;5;0;0;0;0;0
2367;260;20231007;16;260;40;50;120;194;;147;0;32;0;0;10209;75;8;74;;5;0;0;0;0;0
2368;260;20231007;17;240;40;40;100;188;;150;0;5;0;0;10207;75;8;78;;5;0;0;0;0;0
2369;260;20231007;18;240;40;30;80;184;172.0;150;0;0;0;0;10208;75;8;80;;5;0;0;0;0;0
2370;260;20231007;19;230;30;30;70;184;;149;0;0;0;0;10209;75;8;80;;5;0;0;0;0;0
2371;260;20231007;20;250;30;40;90;187;;151;0;0;0;0;10215;74;8;79;;5;0;0;0;0;0
2372;260;20231007;21;240;40;40;80;183;;151;0;0;0;0;10218;70;8;81;;5;0;0;0;0;0
2373;260;20231007;22;240;40;40;80;180;;153;0;0;0;0;10218;69;8;84;;5;0;0;0;0;0
2374;260;20231007;23;240;30;20;70;180;;158;0;0;0;0;10222;67;8;87;;5;0;0;0;0;0
2375;260;20231007;24;270;20;20;50;176;164.0;159;0;0;0;0;10225;65;8;89;;5;0;0;0;0;0
2376;260;20231008;1;250;10;10;40;172;;159;0;0;0;0;10224;65;8;91;;5;0;0;0;0;0
2377;260;20231008;2;270;20;10;30;173;;161;0;0;0;0;10229;65;8;92;;5;0;0;0;0;0
2378;260;20231008;3;290;10;10;30;166;;160;0;0;0;0;10229;63;8;96;;5;0;0;0;0;0
2379;260;20231008;4;340;10;10;30;165;;160;0;0;0;0;10236;62;8;97;;5;0;0;0;0;0
2380;260;20231008;5;50;20;30;50;152;;145;0;0;0;0;10242;58;8;95;10.0;7;0;0;0;0;0
2381;260;20231008;6;30;30;40;70;141;139.0;132;0;0;0;-1;10246;65;8;93;23.0;7;0;1;0;0;0
2382;260;20231008;7;70;40;40;70;136;;122;0;3;0;0;10254;65;8;91;;5;0;0;0;0;0
2383;260;20231008;8;80;40;30;80;139;;120;0;19;0;0;10260;70;8;88;;5;0;0;0;0;0
2384;260;20231008;9;90;30;30;60;144;;122;0;35;0;0;10265;70;8;86;;5;0;0;0;0;0
2385;260;20231008;10;90;30;30;60;150;;121;0;60;0;0;10264;70;8;82;;5;0;0;0;0;0
2386;260;20231008;11;120;30;30;50;151;;125;0;52;0;0;10262;70;8;84;;5;0;0;0;0;0
2387;260;20231008;12;110;30;30;50;155;133.0;132;0;49;0;0;10260;70;8;86;;5;0;0;0;0;0
2388;260;20231008;13;150;30;30;50;163;;134;3;101;0;0;10252;70;8;82;;5;0;0;0;0;0
2389;260;20231008;14;130;30;30;60;161;;131;1;71;0;0;10250;70;8;82;;5;0;0;0;0;0
2390;260;20231008;15;110;20;30;40;163;;133;0;39;0;0;10243;70;8;82;;5;0;0;0;0;0
2391;260;20231008;16;100;20;20;40;163;;137;0;24;0;0;10240;70;8;84;;5;0;0;0;0;0
2392;260;20231008;17;140;20;20;40;153;;135;0;5;0;0;10236;70;8;89;;5;0;0;0;0;0
2393;260;20231008;18;110;20;20;40;144;134.0;134;0;0;0;0;10230;65;8;93;;5;0;0;0;0;0
2394;260;20231008;19;150;20;20;40;137;;131;0;0;0;0;10226;59;8;96;10.0;7;0;0;0;0;0
2395;260;20231008;20;160;20;20;40;133;;129;0;0;0;0;10219;56;8;97;10.0;7;0;0;0;0;0
2396;260;20231008;21;160;20;20;50;135;;131;0;0;0;0;10217;46;8;97;10.0;7;0;0;0;0;0
2397;260;20231008;22;180;10;10;40;122;;119;0;0;0;0;10210;24;8;98;20.0;7;1;0;0;0;0
2398;260;20231008;23;220;20;20;30;140;;137;0;0;0;0;10206;35;8;98;10.0;7;0;0;0;0;0
2399;260;20231008;24;230;20;30;40;146;95.0;138;0;0;0;0;10199;57;8;95;10.0;7;0;0;0;0;0
2400;260;20231009;1;230;30;30;50;160;;136;0;0;0;0;10197;65;8;85;;5;0;0;0;0;0
2401;260;20231009;2;230;30;30;60;159;;139;0;0;0;0;10191;64;8;88;;5;0;0;0;0;0
2402;260;20231009;3;230;30;30;50;162;;142;0;0;0;0;10187;66;8;88;;5;0;0;0;0;0
2403;260;20231009;4;260;30;20;50;165;;146;0;0;0;-1;10189;70;8;88;23.0;7;0;1;0;0;0
2404;260;20231009;5;230;30;30;50;163;;149;0;0;0;0;10187;65;8;91;;5;0;0;0;0;0
2405;260;20231009;6;260;30;30;70;170;129.0;150;0;0;0;0;10190;70;8;87;2.0;7;0;0;0;0;0
2406;260;20231009;7;250;20;20;50;167;;152;0;5;0;-1;10193;69;8;90;23.0;7;0;1;0;0;0
2407;260;20231009;8;260;30;20;40;175;;155;0;24;0;-1;10191;70;8;87;23.0;7;0;1;0;0;0
2408;260;20231009;9;260;30;30;50;186;;159;0;53;0;0;10199;70;8;84;2.0;7;0;0;0;0;0
2409;260;20231009;10;280;40;40;80;193;;158;0;79;0;0;10200;75;8;80;;5;0;0;0;0;0
2410;260;20231009;11;270;30;40;80;197;;153;0;99;0;0;10202;75;8;75;;5;0;0;0;0;0
2411;260;20231009;12;270;40;30;70;199;156.0;155;0;97;0;0;10201;75;8;76;2.0;7;0;0;0;0;0
2412;260;20231009;13;270;30;30;60;198;;160;0;61;0;0;10200;75;8;78;;5;0;0;0;0;0
2413;260;20231009;14;280;30;30;70;192;;154;0;48;0;0;10200;75;8;78;;5;0;0;0;0;0
2414;260;20231009;15;280;30;20;60;192;;157;0;39;0;0;10200;75;8;80;;5;0;0;0;0;0
2415;260;20231009;16;270;20;30;50;189;;158;3;27;0;0;10201;70;8;82;;5;0;0;0;0;0
2416;260;20231009;17;260;30;20;50;183;;158;2;6;0;0;10206;70;8;85;;5;0;0;0;0;0
2417;260;20231009;18;270;20;20;50;179;173.0;159;0;0;0;0;10207;68;8;87;;5;0;0;0;0;0
2418;260;20231009;19;280;20;10;40;176;;159;0;0;0;0;10209;70;8;89;;5;0;0;0;0;0
2419;260;20231009;20;270;20;20;40;175;;156;0;0;0;0;10210;70;8;89;;5;0;0;0;0;0
2420;260;20231009;21;260;10;10;30;171;;158;0;0;0;0;10211;65;8;91;;5;0;0;0;0;0
2421;260;20231009;22;260;10;10;30;163;;156;0;0;0;0;10212;63;8;95;;5;0;0;0;0;0
2422;260;20231009;23;240;10;20;30;160;;154;0;0;0;0;10208;63;7;96;;5;0;0;0;0;0
2423;260;20231009;24;200;10;10;30;147;129.0;146;0;0;0;0;10206;39;8;98;10.0;7;0;0;0;0;0
2424;260;20231010;1;170;10;10;20;138;;137;0;0;0;0;10203;9;7;99;34.0;7;1;0;0;0;0
2425;260;20231010;2;200;10;10;30;127;;127;0;0;0;0;10198;1;8;99;34.0;7;1;0;0;0;0
2426;260;20231010;3;200;20;30;30;144;;144;0;0;0;0;10195;1;8;99;33.0;7;1;0;0;0;0
2427;260;20231010;4;180;20;20;40;143;;140;0;0;0;0;10193;10;8;98;20.0;7;1;0;0;0;0
2428;260;20231010;5;170;20;30;40;141;;138;0;0;0;0;10186;26;8;98;10.0;7;0;0;0;0;0
2429;260;20231010;6;180;20;20;40;138;103.0;135;0;0;0;0;10183;34;8;98;10.0;7;0;0;0;0;0
2430;260;20231010;7;190;20;20;40;142;;135;2;13;0;0;10183;49;8;95;10.0;7;0;0;0;0;0
2431;260;20231010;8;180;20;30;40;150;;137;0;43;0;0;10182;50;8;92;10.0;7;0;0;0;0;0
2432;260;20231010;9;200;30;30;60;165;;142;7;80;0;0;10182;58;8;86;10.0;7;0;0;0;0;0
2433;260;20231010;10;210;40;30;70;187;;149;9;134;0;0;10180;61;8;78;;5;0;0;0;0;0
2434;260;20231010;11;230;30;30;60;203;;151;10;163;0;0;10179;65;6;71;;5;0;0;0;0;0
2435;260;20231010;12;200;30;30;60;206;124.0;152;7;142;0;0;10173;64;8;71;;5;0;0;0;0;0
2436;260;20231010;13;200;40;50;70;215;;147;10;165;0;0;10169;68;8;65;;5;0;0;0;0;0
2437;260;20231010;14;200;40;40;70;211;;150;6;101;0;0;10168;68;8;68;;5;0;0;0;0;0
2438;260;20231010;15;220;40;50;80;214;;130;10;113;0;0;10161;80;8;58;;5;0;0;0;0;0
2439;260;20231010;16;200;30;30;70;203;;135;10;42;0;0;10156;80;8;64;;5;0;0;0;0;0
2440;260;20231010;17;170;30;30;50;190;;138;3;8;0;0;10152;75;8;71;;5;0;0;0;0;0
2441;260;20231010;18;170;30;40;60;186;159.0;130;0;0;0;0;10148;80;8;69;;5;0;0;0;0;0
2442;260;20231010;19;200;30;40;80;190;;113;0;0;0;0;10143;83;8;61;;5;0;0;0;0;0
2443;260;20231010;20;220;40;40;80;189;;107;0;0;0;0;10142;83;8;58;;5;0;0;0;0;0
2444;260;20231010;21;220;40;40;90;183;;102;0;0;0;0;10140;83;8;59;;5;0;0;0;0;0
2445;260;20231010;22;230;50;60;100;174;;126;0;0;0;0;10142;75;8;73;;5;0;0;0;0;0
2446;260;20231010;23;220;50;40;90;166;;136;0;0;0;0;10140;70;8;82;;5;0;0;0;0;0
2447;260;20231010;24;220;40;40;80;163;152.0;141;0;0;0;0;10137;68;8;86;;5;0;0;0;0;0
2448;260;20231011;1;220;50;50;80;164;;141;0;0;0;0;10135;65;8;86;;5;0;0;0;0;0
2449;260;20231011;2;210;50;50;90;162;;139;0;0;0;0;10130;65;8;85;;5;0;0;0;0;0
2450;260;20231011;3;220;50;50;90;158;;135;0;0;0;0;10127;66;8;85;;5;0;0;0;0;0
2451;260;20231011;4;220;40;40;70;156;;133;0;0;0;0;10123;67;8;86;;5;0;0;0;0;0
2452;260;20231011;5;220;40;50;80;156;;136;0;0;0;0;10124;63;8;87;;5;0;0;0;0;0
2453;260;20231011;6;220;50;50;80;157;143.0;138;0;0;0;0;10124;62;8;88;;5;0;0;0;0;0
2454;260;20231011;7;220;50;50;100;161;;143;0;6;0;0;10125;61;8;88;;5;0;0;0;0;0
2455;260;20231011;8;220;50;60;90;165;;148;0;16;0;0;10129;60;8;89;;5;0;0;0;0;0
2456;260;20231011;9;220;50;50;90;166;;155;0;12;0;0;10131;56;8;93;10.0;7;0;0;0;0;0
2457;260;20231011;10;230;50;50;90;171;;156;0;19;0;0;10134;58;8;90;10.0;7;0;0;0;0;0
2458;260;20231011;11;210;50;50;90;188;;160;2;66;0;0;10128;62;8;84;;5;0;0;0;0;0
2459;260;20231011;12;230;60;60;110;194;149.0;161;1;75;0;0;10126;70;8;81;;5;0;0;0;0;0
2460;260;20231011;13;220;60;50;110;191;;161;0;58;0;0;10124;70;8;82;;5;0;0;0;0;0
2461;260;20231011;14;220;60;60;110;190;;159;0;52;0;0;10120;68;8;82;;5;0;0;0;0;0
2462;260;20231011;15;220;50;40;100;193;;163;0;35;0;0;10113;65;8;82;;5;0;0;0;0;0
2463;260;20231011;16;220;40;30;70;191;;162;0;21;0;0;10110;63;8;83;;5;0;0;0;0;0
2464;260;20231011;17;240;20;20;50;184;;161;0;4;0;0;10111;63;8;86;;5;0;0;0;0;0
2465;260;20231011;18;210;20;20;40;183;162.0;159;0;0;0;-1;10111;64;8;85;23.0;7;0;1;0;0;0
2466;260;20231011;19;230;30;40;80;185;;146;0;0;0;-1;10111;70;8;78;81.0;7;0;1;0;0;0
2467;260;20231011;20;240;40;40;70;181;;144;0;0;0;-1;10107;74;8;78;23.0;7;0;1;0;0;0
2468;260;20231011;21;230;40;40;70;178;;143;0;0;0;-1;10106;73;8;80;23.0;7;0;1;0;0;0
2469;260;20231011;22;240;30;30;60;174;;143;0;0;0;0;10106;70;8;82;;5;0;0;0;0;0
2470;260;20231011;23;240;30;30;60;170;;148;0;0;0;-1;10111;64;8;87;81.0;7;0;1;0;0;0
2471;260;20231011;24;240;30;30;60;166;159.0;157;0;0;9;2;10111;58;8;94;58.0;7;0;1;0;0;0
2472;260;20231012;1;250;30;40;80;166;;158;0;0;10;14;10117;57;8;94;62.0;7;0;1;0;0;0
2473;260;20231012;2;250;30;20;70;157;;153;0;0;10;13;10117;61;8;97;57.0;7;0;1;0;0;0
2474;260;20231012;3;30;10;20;40;150;;146;0;0;10;10;10115;61;8;97;61.0;7;0;1;0;0;0
2475;260;20231012;4;110;20;10;40;142;;137;0;0;9;10;10117;65;8;97;61.0;7;0;1;0;0;0
2476;260;20231012;5;350;10;20;30;140;;135;0;0;10;13;10123;60;8;97;52.0;7;0;1;0;0;0
2477;260;20231012;6;10;20;20;50;134;133.0;132;0;0;10;7;10130;38;8;98;52.0;7;0;1;0;0;0
2478;260;20231012;7;40;20;20;50;132;;130;0;2;10;6;10135;56;8;98;52.0;7;0;1;0;0;0
2479;260;20231012;8;50;20;20;30;133;;130;0;7;10;28;10139;59;8;98;58.0;7;0;1;0;0;0
2480;260;20231012;9;100;20;20;30;136;;131;0;13;8;5;10141;65;8;97;51.0;7;0;1;0;0;0
2481;260;20231012;10;120;20;20;30;138;;133;0;17;4;1;10138;63;8;97;57.0;7;0;1;0;0;0
2482;260;20231012;11;110;20;20;40;143;;138;0;24;6;4;10132;65;8;97;51.0;7;0;1;0;0;0
2483;260;20231012;12;130;20;20;30;143;130.0;140;0;10;5;24;10128;41;8;98;82.0;7;0;1;0;0;0
2484;260;20231012;13;990;20;10;30;148;;145;0;5;10;82;10128;27;8;98;63.0;7;0;1;0;1;0
2485;260;20231012;14;160;40;50;80;156;;155;0;6;10;126;10115;57;8;98;62.0;7;1;1;0;0;0
2486;260;20231012;15;200;30;20;70;162;;157;0;18;3;2;10121;65;8;96;23.0;7;0;1;0;0;0
2487;260;20231012;16;180;20;20;40;162;;158;0;4;0;-1;10117;45;8;97;52.0;7;0;1;0;0;0
2488;260;20231012;17;180;20;20;30;164;;162;0;1;3;3;10116;50;8;98;23.0;7;0;1;0;0;0
2489;260;20231012;18;240;30;30;70;169;144.0;166;0;0;6;19;10118;56;8;98;81.0;7;0;1;0;0;0
2490;260;20231012;19;210;30;30;60;172;;168;0;0;0;-1;10119;56;8;97;81.0;7;0;1;0;0;0
2491;260;20231012;20;210;30;40;60;173;;168;0;0;0;-1;10118;57;8;96;23.0;7;0;1;0;0;0
2492;260;20231012;21;210;40;40;70;173;;166;0;0;0;0;10118;63;8;95;2.0;7;0;0;0;0;0
2493;260;20231012;22;210;30;30;60;172;;164;0;0;0;0;10113;65;8;95;;5;0;0;0;0;0
2494;260;20231012;23;210;40;40;80;172;;161;0;0;0;0;10111;65;8;93;;5;0;0;0;0;0
2495;260;20231012;24;210;40;50;80;171;164.0;162;0;0;0;-1;10110;59;8;94;81.0;7;0;1;0;0;0
2496;260;20231013;1;200;40;40;110;169;;163;0;0;0;-1;10103;60;8;96;51.0;7;0;1;0;0;0
2497;260;20231013;2;200;50;50;80;170;;162;0;0;9;1;10096;62;8;95;51.0;7;0;1;0;0;0
2498;260;20231013;3;200;40;30;70;167;;162;0;0;9;4;10086;60;8;96;51.0;7;0;1;0;0;0
2499;260;20231013;4;180;40;50;80;165;;160;0;0;10;21;10072;59;8;97;82.0;7;0;1;0;0;0
2500;260;20231013;5;180;50;50;90;168;;163;0;0;10;32;10061;62;8;97;61.0;7;0;1;0;0;0
2501;260;20231013;6;220;60;50;120;173;161.0;161;0;0;9;12;10056;65;8;92;61.0;7;0;1;0;0;0
2502;260;20231013;7;180;40;50;80;177;;169;0;3;0;-1;10048;65;8;95;23.0;7;0;1;0;0;0
2503;260;20231013;8;190;60;60;110;184;;169;0;13;0;-1;10043;65;8;91;23.0;7;0;1;0;0;0
2504;260;20231013;9;200;60;70;110;193;;164;0;27;0;-1;10037;70;8;83;23.0;7;0;1;0;0;0
2505;260;20231013;10;190;50;50;120;196;;161;0;22;0;-1;10029;75;8;80;23.0;7;0;1;0;0;0
2506;260;20231013;11;190;50;60;120;205;;163;1;61;0;0;10023;75;8;76;;5;0;0;0;0;0
2507;260;20231013;12;210;70;90;140;214;163.0;148;0;52;0;0;10017;80;8;66;2.0;7;0;0;0;0;0
2508;260;20231013;13;220;80;80;150;212;;149;0;33;0;-1;10016;80;8;67;81.0;7;0;1;0;0;0
2509;260;20231013;14;210;70;70;140;199;;157;0;18;8;2;10014;72;8;76;57.0;7;0;1;0;0;0
2510;260;20231013;15;230;60;50;130;181;;171;0;6;10;25;10020;59;8;93;62.0;7;0;1;0;0;0
2511;260;20231013;16;210;40;40;90;181;;172;0;5;9;27;10006;65;8;94;61.0;7;0;1;0;0;0
2512;260;20231013;17;210;30;50;80;181;;170;0;3;1;24;10006;50;8;92;83.0;7;0;1;0;0;0
2513;260;20231013;18;200;60;50;110;177;169.0;167;0;0;10;65;10002;60;8;94;61.0;7;0;1;0;0;0
2514;260;20231013;19;220;60;60;110;178;;167;0;0;4;12;9995;59;8;93;82.0;7;0;1;0;0;0
2515;260;20231013;20;210;60;50;130;179;;167;0;0;3;1;9987;65;8;92;23.0;7;0;1;0;0;0
2516;260;20231013;21;220;70;50;180;165;;152;0;0;6;9;9988;65;8;92;81.0;7;0;1;0;1;0
2517;260;20231013;22;330;60;70;140;153;;142;0;0;9;74;9990;56;8;93;62.0;7;0;1;0;0;0
2518;260;20231013;23;300;30;30;110;140;;136;0;0;9;33;10001;56;8;97;63.0;7;0;1;0;0;0
2519;260;20231013;24;300;20;30;60;139;135.0;133;0;0;8;25;10010;65;8;96;61.0;7;0;1;0;0;0
2520;260;20231014;1;290;30;30;80;128;;115;0;0;0;-1;10029;65;8;91;23.0;7;0;1;0;0;0
2521;260;20231014;2;280;30;30;70;121;;88;0;0;0;0;10039;75;4;79;;5;0;0;0;0;0
2522;260;20231014;3;270;30;30;60;114;;82;0;0;0;0;10054;75;0;80;1.0;7;0;0;0;0;0
2523;260;20231014;4;270;30;40;70;115;;77;0;0;0;-1;10066;75;7;77;81.0;7;0;1;0;0;0
2524;260;20231014;5;260;30;30;60;110;;74;0;0;0;-1;10077;75;1;78;23.0;7;0;1;0;0;0
2525;260;20231014;6;250;30;30;50;106;84.0;72;0;0;0;0;10087;75;0;79;1.0;7;0;0;0;0;0
2526;260;20231014;7;250;20;20;50;113;;68;5;13;0;0;10100;75;1;74;;5;0;0;0;0;0
2527;260;20231014;8;240;30;30;50;120;;80;5;52;0;-1;10110;73;7;76;81.0;7;0;1;0;0;0
2528;260;20231014;9;260;30;40;70;135;;71;8;94;0;-1;10117;80;1;65;23.0;7;0;1;0;0;0
2529;260;20231014;10;260;40;40;70;117;;75;1;36;4;10;10126;62;7;75;81.0;7;0;1;0;0;0
2530;260;20231014;11;280;30;30;100;114;;79;2;60;3;13;10130;75;2;79;23.0;7;0;1;0;0;0
2531;260;20231014;12;270;40;60;110;138;82.0;62;9;146;1;5;10134;81;4;60;23.0;7;0;1;0;0;0
2532;260;20231014;13;290;60;60;110;135;;65;8;120;0;0;10139;80;5;62;;5;0;0;0;0;0
2533;260;20231014;14;300;50;30;130;133;;74;7;88;1;1;10146;80;7;67;23.0;7;0;1;0;0;0
2534;260;20231014;15;290;50;50;90;125;;48;6;55;0;0;10152;81;3;59;1.0;7;0;0;0;0;0
2535;260;20231014;16;290;50;50;110;117;;32;10;48;0;0;10156;82;1;55;;5;0;0;0;0;0
2536;260;20231014;17;280;30;30;90;105;;36;0;4;0;0;10164;83;0;62;;5;0;0;0;0;0
2537;260;20231014;18;270;20;20;50;94;69.0;39;0;0;0;0;10170;80;0;68;2.0;7;0;0;0;0;0
2538;260;20231014;19;260;20;20;50;93;;43;0;0;0;0;10173;75;1;70;;5;0;0;0;0;0
2539;260;20231014;20;260;20;20;40;87;;42;0;0;0;0;10175;75;1;73;;5;0;0;0;0;0
2540;260;20231014;21;220;20;20;40;77;;44;0;0;0;0;10176;75;1;79;;5;0;0;0;0;0
2541;260;20231014;22;350;30;40;70;82;;50;0;0;0;-1;10177;75;8;80;81.0;7;0;1;0;0;0
2542;260;20231014;23;30;20;20;90;72;;61;0;0;6;15;10178;65;8;93;81.0;7;0;1;0;1;0
2543;260;20231014;24;990;20;10;40;71;44.0;66;0;0;9;34;10183;42;8;96;62.0;7;0;1;0;0;0
2544;260;20231015;1;190;20;20;50;72;;67;0;0;6;11;10178;65;8;96;81.0;7;0;1;0;0;0
2545;260;20231015;2;220;30;30;70;71;;61;0;0;8;22;10175;65;8;93;51.0;7;0;1;0;0;0
2546;260;20231015;3;220;30;20;70;64;;58;0;0;4;1;10175;65;7;95;23.0;7;0;1;0;0;0
2547;260;20231015;4;250;30;30;70;70;;54;0;0;5;14;10185;70;8;89;81.0;7;0;1;0;0;0
2548;260;20231015;5;230;20;10;60;52;;47;0;0;5;4;10178;65;2;96;23.0;7;0;1;0;0;0
2549;260;20231015;6;230;10;30;50;59;34.0;55;0;0;2;1;10184;65;7;97;81.0;7;0;1;0;0;0
2550;260;20231015;7;260;20;20;50;70;;58;0;5;5;8;10190;65;8;91;81.0;7;0;1;0;0;0
2551;260;20231015;8;350;20;40;70;75;;58;2;28;3;10;10201;70;7;88;23.0;7;0;1;0;0;0
2552;260;20231015;9;990;20;10;50;86;;61;3;63;0;0;10207;70;7;84;2.0;7;0;0;0;0;0
2553;260;20231015;10;260;20;20;70;93;;65;6;86;4;5;10213;70;4;82;23.0;7;0;1;0;0;0
2554;260;20231015;11;360;30;50;100;68;;47;7;136;2;12;10222;56;7;86;82.0;7;0;1;0;0;0
2555;260;20231015;12;300;20;20;50;100;52.0;54;8;154;2;3;10220;75;3;73;23.0;7;0;1;0;0;0
2556;260;20231015;13;280;20;20;50;98;;66;6;112;3;1;10223;75;7;80;23.0;7;0;1;0;0;0
2557;260;20231015;14;330;30;40;70;92;;64;8;117;2;7;10230;70;7;83;81.0;7;0;1;0;0;0
2558;260;20231015;15;290;20;20;60;94;;60;5;65;0;-1;10229;75;4;79;23.0;7;0;1;0;0;0
2559;260;20231015;16;290;20;20;50;92;;69;5;27;1;1;10235;70;7;85;81.0;7;0;1;0;0;0
2560;260;20231015;17;310;10;10;40;76;;67;2;9;2;2;10235;65;8;93;57.0;7;0;1;0;0;0
2561;260;20231015;18;280;20;10;30;76;64.0;61;0;0;1;2;10240;70;8;90;81.0;7;0;1;0;0;0
2562;260;20231015;19;230;20;20;30;63;;60;0;0;0;-1;10242;65;2;97;23.0;7;0;1;0;0;0
2563;260;20231015;20;0;10;0;30;55;;52;0;0;0;-1;10245;28;7;98;81.0;7;1;1;0;0;0
2564;260;20231015;21;220;20;20;40;66;;62;0;0;2;1;10245;65;7;97;23.0;7;0;1;0;0;0
2565;260;20231015;22;240;20;30;30;72;;65;0;0;0;-1;10246;65;8;95;81.0;7;0;1;0;0;0
2566;260;20231015;23;230;20;20;40;72;;66;0;0;5;6;10242;65;8;95;23.0;7;0;1;0;0;0
2567;260;20231015;24;220;10;20;30;52;33.0;49;0;0;0;0;10240;24;5;98;10.0;7;0;0;0;0;0
2568;260;20231016;1;220;20;20;40;68;;64;0;0;0;0;10238;65;8;97;;5;0;0;0;0;0
2569;260;20231016;2;250;20;10;30;72;;67;0;0;0;-1;10237;65;8;96;81.0;7;0;1;0;0;0
2570;260;20231016;3;260;20;20;40;76;;68;0;0;6;2;10235;65;8;94;81.0;7;0;1;0;0;0
2571;260;20231016;4;230;20;20;30;73;;66;0;0;5;1;10233;65;8;95;23.0;7;0;1;0;0;0
2572;260;20231016;5;230;20;20;30;77;;67;0;0;0;0;10228;65;8;93;;5;0;0;0;0;0
2573;260;20231016;6;200;10;10;30;78;35.0;74;0;0;0;0;10229;65;8;97;2.0;7;0;0;0;0;0
2574;260;20231016;7;230;20;20;30;84;;75;0;6;0;-1;10230;65;8;94;22.0;7;0;1;0;0;0
2575;260;20231016;8;240;10;10;30;96;;80;3;40;0;0;10230;70;8;89;;5;0;0;0;0;0
2576;260;20231016;9;270;10;20;30;110;;79;8;83;0;0;10231;70;8;81;2.0;7;0;0;0;0;0
2577;260;20231016;10;990;10;10;30;123;;76;10;122;0;0;10230;75;8;73;;5;0;0;0;0;0
2578;260;20231016;11;130;10;10;20;127;;79;10;130;0;0;10230;75;8;72;;5;0;0;0;0;0
2579;260;20231016;12;40;10;20;30;126;74.0;79;1;66;0;0;10225;75;8;72;2.0;7;0;0;0;0;0
2580;260;20231016;13;40;20;20;30;126;;77;0;66;0;0;10222;75;8;72;;5;0;0;0;0;0
2581;260;20231016;14;40;10;20;30;127;;69;10;91;0;0;10220;80;8;67;;5;0;0;0;0;0
2582;260;20231016;15;40;20;20;30;124;;69;3;57;0;0;10217;80;8;69;;5;0;0;0;0;0
2583;260;20231016;16;40;20;20;30;114;;77;8;30;0;0;10215;75;8;78;;5;0;0;0;0;0
2584;260;20231016;17;50;20;20;30;86;;72;2;4;0;0;10215;70;8;90;;5;0;0;0;0;0
2585;260;20231016;18;40;20;10;30;73;57.0;70;0;0;0;0;10217;65;8;97;;5;0;0;0;0;0
2586;260;20231016;19;60;10;10;30;71;;67;0;0;0;0;10215;65;8;97;;5;0;0;0;0;0
2587;260;20231016;20;50;10;20;30;62;;58;0;0;0;0;10214;61;8;97;;5;0;0;0;0;0
2588;260;20231016;21;60;20;20;30;57;;53;0;0;0;0;10217;65;8;97;;5;0;0;0;0;0
2589;260;20231016;22;70;10;10;30;47;;44;0;0;0;0;10217;57;8;98;10.0;7;0;0;0;0;0
2590;260;20231016;23;50;20;20;30;55;;51;0;0;0;0;10215;65;8;97;20.0;7;1;0;0;0;0
2591;260;20231016;24;50;20;20;30;57;25.0;54;0;0;0;0;10213;65;8;97;2.0;7;0;0;0;0;0
2592;260;20231017;1;80;20;10;30;56;;52;0;0;0;0;10210;65;8;97;;5;0;0;0;0;0
2593;260;20231017;2;70;20;10;30;57;;53;0;0;0;0;10206;65;8;97;;5;0;0;0;0;0
2594;260;20231017;3;60;20;20;30;64;;56;0;0;0;0;10204;65;8;94;;5;0;0;0;0;0
2595;260;20231017;4;80;20;20;40;65;;57;0;0;0;0;10206;65;8;93;;5;0;0;0;0;0
2596;260;20231017;5;60;20;20;40;66;;56;0;0;0;0;10206;65;8;93;;5;0;0;0;0;0
2597;260;20231017;6;70;30;30;50;61;36.0;51;0;0;0;0;10202;65;8;93;;5;0;0;0;0;0
2598;260;20231017;7;80;30;20;50;65;;56;2;6;0;0;10205;65;0;93;;5;0;0;0;0;0
2599;260;20231017;8;80;30;40;60;80;;64;10;53;0;0;10204;69;0;89;;5;0;0;0;0;0
2600;260;20231017;9;90;40;40;80;98;;66;10;102;0;0;10204;75;0;80;;5;0;0;0;0;0
2601;260;20231017;10;80;50;40;80;112;;72;10;141;0;0;10206;75;1;76;;5;0;0;0;0;0
2602;260;20231017;11;80;50;60;90;116;;67;10;159;0;0;10198;75;1;71;;5;0;0;0;0;0
2603;260;20231017;12;70;50;60;90;124;44.0;65;10;170;0;0;10192;80;2;67;;5;0;0;0;0;0
2604;260;20231017;13;100;50;40;80;128;;60;10;161;0;0;10183;82;1;63;;5;0;0;0;0;0
2605;260;20231017;14;80;50;50;80;125;;61;10;123;0;0;10177;80;7;65;;5;0;0;0;0;0
2606;260;20231017;15;80;50;50;80;121;;62;10;94;0;0;10174;80;5;67;;5;0;0;0;0;0
2607;260;20231017;16;70;40;40;70;111;;62;10;43;0;0;10172;75;2;71;;5;0;0;0;0;0
2608;260;20231017;17;70;40;30;70;93;;58;2;4;0;0;10172;75;6;78;;5;0;0;0;0;0
2609;260;20231017;18;70;30;30;60;81;60.0;55;0;0;0;0;10174;70;8;83;;5;0;0;0;0;0
2610;260;20231017;19;80;30;40;50;75;;53;0;0;0;0;10169;70;8;86;;5;0;0;0;0;0
2611;260;20231017;20;80;40;40;70;73;;54;0;0;0;0;10164;70;8;87;;5;0;0;0;0;0
2612;260;20231017;21;80;40;50;70;70;;54;0;0;0;0;10156;68;8;89;;5;0;0;0;0;0
2613;260;20231017;22;90;40;30;70;65;;51;0;0;0;0;10151;70;8;90;;5;0;0;0;0;0
2614;260;20231017;23;80;30;40;60;61;;50;0;0;0;0;10146;64;8;92;;5;0;0;0;0;0
2615;260;20231017;24;80;40;40;60;60;46.0;49;0;0;0;0;10137;63;8;92;;5;0;0;0;0;0
2616;260;20231018;1;80;40;40;70;56;;46;0;0;0;0;10133;63;8;92;;5;0;0;0;0;0
2617;260;20231018;2;80;40;40;60;55;;43;0;0;0;0;10128;62;8;92;;5;0;0;0;0;0
2618;260;20231018;3;80;40;50;80;54;;41;0;0;0;0;10120;64;8;90;;5;0;0;0;0;0
2619;260;20231018;4;70;40;50;80;55;;39;0;0;0;0;10113;65;8;89;;5;0;0;0;0;0
2620;260;20231018;5;80;50;50;90;55;;38;0;0;0;0;10103;66;8;88;;5;0;0;0;0;0
2621;260;20231018;6;90;50;50;90;55;42.0;36;0;0;0;0;10099;67;8;87;;5;0;0;0;0;0
2622;260;20231018;7;80;50;50;90;59;;34;0;6;0;0;10091;62;8;83;;5;0;0;0;0;0
2623;260;20231018;8;100;50;50;120;71;;35;0;31;0;0;10085;66;8;77;;5;0;0;0;0;0
2624;260;20231018;9;90;50;60;90;85;;39;5;74;0;0;10079;70;8;72;;5;0;0;0;0;0
2625;260;20231018;10;90;50;50;90;105;;52;9;99;0;0;10069;80;8;69;;5;0;0;0;0;0
2626;260;20231018;11;90;60;60;100;113;;48;10;113;0;0;10056;81;8;64;;5;0;0;0;0;0
2627;260;20231018;12;90;60;50;100;128;45.0;62;10;133;0;0;10041;82;8;64;;5;0;0;0;0;0
2628;260;20231018;13;100;60;50;110;129;;59;10;130;0;0;10029;82;8;62;;5;0;0;0;0;0
2629;260;20231018;14;100;60;60;110;134;;65;10;107;0;0;10014;82;8;63;;5;0;0;0;0;0
2630;260;20231018;15;90;50;50;100;127;;63;2;48;0;0;10006;83;8;64;;5;0;0;0;0;0
2631;260;20231018;16;90;60;70;100;122;;58;0;17;0;0;9995;83;8;64;;5;0;0;0;0;0
2632;260;20231018;17;90;60;60;100;118;;55;0;2;0;0;9985;80;8;65;;5;0;0;0;0;0
2633;260;20231018;18;100;60;50;100;115;104.0;53;0;0;0;0;9981;80;8;65;;5;0;0;0;0;0
2634;260;20231018;19;100;50;60;90;118;;53;0;0;0;0;9967;83;8;64;;5;0;0;0;0;0
2635;260;20231018;20;110;50;60;100;107;;69;0;0;5;3;9958;70;8;77;81.0;7;0;1;0;0;0
2636;260;20231018;21;110;50;50;90;97;;82;0;0;10;16;9949;70;8;90;61.0;7;0;1;0;0;0
2637;260;20231018;22;120;60;60;110;96;;92;0;0;10;42;9939;38;8;97;63.0;7;0;1;0;0;0
2638;260;20231018;23;120;60;50;100;100;;95;0;0;8;49;9930;60;8;97;61.0;7;0;1;0;0;0
2639;260;20231018;24;130;50;40;90;106;91.0;103;0;0;8;3;9923;29;8;98;53.0;7;0;1;0;0;0
2640;260;20231019;1;140;40;40;80;112;;109;0;0;4;2;9920;39;8;98;51.0;7;0;1;0;0;0
2641;260;20231019;2;170;40;30;70;124;;121;0;0;8;2;9917;45;8;98;23.0;7;0;1;0;0;0
2642;260;20231019;3;170;20;20;60;135;;132;0;0;4;3;9914;50;8;98;23.0;7;0;1;0;0;0
2643;260;20231019;4;170;30;30;50;140;;135;0;0;0;0;9911;62;8;97;;5;0;0;0;0;0
2644;260;20231019;5;180;30;30;50;141;;131;0;0;0;0;9911;65;8;93;;5;0;0;0;0;0
2645;260;20231019;6;180;30;30;60;144;103.0;131;0;0;0;0;9915;65;8;92;2.0;7;0;0;0;0;0
2646;260;20231019;7;170;30;30;50;143;;131;0;3;0;0;9919;65;8;92;;5;0;0;0;0;0
2647;260;20231019;8;170;30;30;60;147;;134;0;15;0;0;9921;65;8;92;;5;0;0;0;0;0
2648;260;20231019;9;150;20;20;50;155;;143;0;34;0;0;9920;65;8;92;;5;0;0;0;0;0
2649;260;20231019;10;150;30;30;50;168;;146;6;93;0;0;9916;70;7;86;;5;0;0;0;0;0
2650;260;20231019;11;140;30;30;50;170;;150;2;66;0;0;9913;70;8;87;;5;0;0;0;0;0
2651;260;20231019;12;140;40;30;70;177;133.0;148;4;109;0;0;9908;70;8;83;;5;0;0;0;0;0
2652;260;20231019;13;140;30;40;70;172;;146;0;37;0;-1;9905;70;8;84;51.0;7;0;1;0;0;0
2653;260;20231019;14;140;40;40;70;165;;152;0;28;8;4;9902;65;8;92;81.0;7;0;1;0;0;0
2654;260;20231019;15;110;40;40;70;159;;149;0;19;10;8;9893;61;8;93;61.0;7;0;1;0;0;0
2655;260;20231019;16;120;40;50;70;161;;149;7;34;4;2;9890;65;8;92;23.0;7;0;1;0;0;0
2656;260;20231019;17;120;40;30;70;156;;147;0;3;0;0;9891;65;7;94;;5;0;0;0;0;0
2657;260;20231019;18;110;30;30;50;155;147.0;147;0;0;0;0;9888;65;8;95;3.0;7;0;0;0;0;0
2658;260;20231019;19;100;30;30;50;145;;142;0;0;0;0;9886;64;8;97;;5;0;0;0;0;0
2659;260;20231019;20;110;30;30;50;143;;140;0;0;0;0;9882;59;8;98;10.0;7;0;0;0;0;0
2660;260;20231019;21;110;30;30;60;144;;140;0;0;0;0;9877;59;8;97;10.0;7;0;0;0;0;0
2661;260;20231019;22;90;40;40;70;144;;141;0;0;0;0;9868;57;8;97;10.0;7;0;0;0;0;0
2662;260;20231019;23;90;40;40;70;145;;141;0;0;0;0;9869;57;8;97;10.0;7;0;0;0;0;0
2663;260;20231019;24;90;50;50;80;145;131.0;140;0;0;0;0;9858;57;8;96;10.0;7;0;0;0;0;0
2664;260;20231020;1;100;50;40;90;145;;139;0;0;0;-1;9854;57;8;96;81.0;7;0;1;0;0;0
2665;260;20231020;2;80;50;50;80;136;;131;0;0;0;-1;9845;49;8;96;81.0;7;0;1;0;0;0
2666;260;20231020;3;80;60;60;110;125;;122;0;0;0;-1;9832;43;8;97;23.0;7;0;1;0;0;0
2667;260;20231020;4;80;60;60;110;115;;112;0;0;0;0;9823;39;8;98;10.0;7;0;0;0;0;0
2668;260;20231020;5;80;60;60;110;111;;108;0;0;0;0;9816;45;8;97;10.0;7;0;0;0;0;0
2669;260;20231020;6;70;60;60;110;110;107.0;106;0;0;0;-1;9809;56;8;97;57.0;7;0;1;0;0;0
2670;260;20231020;7;60;60;70;110;105;;101;0;0;10;6;9806;58;8;96;61.0;7;0;1;0;0;0
2671;260;20231020;8;70;70;70;110;102;;98;0;5;10;7;9805;57;8;97;61.0;7;0;1;0;0;0
2672;260;20231020;9;70;70;70;140;99;;92;0;10;10;10;9800;63;8;95;61.0;7;0;1;0;0;0
2673;260;20231020;10;70;70;70;130;94;;90;0;13;10;23;9797;57;8;96;62.0;7;0;1;0;0;0
2674;260;20231020;11;70;70;70;130;94;;88;0;20;10;18;9789;65;8;96;61.0;7;0;1;0;0;0
2675;260;20231020;12;80;70;60;120;96;92.0;91;0;18;10;8;9780;63;8;96;61.0;7;0;1;0;0;0
2676;260;20231020;13;80;50;50;90;99;;95;0;16;10;23;9774;57;8;97;62.0;7;0;1;0;0;0
2677;260;20231020;14;130;50;40;90;99;;95;0;7;10;35;9783;56;8;97;63.0;7;0;1;0;0;0
2678;260;20231020;15;110;30;30;60;103;;99;0;7;10;16;9780;65;8;97;61.0;7;0;1;0;0;0
2679;260;20231020;16;110;30;40;60;107;;102;0;3;10;15;9781;65;8;97;61.0;7;0;1;0;0;0
2680;260;20231020;17;140;20;20;50;113;;110;0;0;10;18;9785;59;8;98;62.0;7;0;1;0;0;0
2681;260;20231020;18;160;30;30;50;132;94.0;129;0;0;8;12;9789;58;8;98;52.0;7;0;1;0;0;0
2682;260;20231020;19;180;40;50;100;141;;136;0;0;6;3;9794;63;8;96;81.0;7;0;1;0;0;0
2683;260;20231020;20;170;40;40;70;137;;131;0;0;0;-1;9803;65;7;96;23.0;7;0;1;0;0;0
2684;260;20231020;21;180;40;40;80;134;;129;0;0;0;0;9810;65;2;96;1.0;7;0;0;0;0;0
2685;260;20231020;22;170;40;40;70;131;;126;0;0;0;0;9817;65;4;96;;5;0;0;0;0;0
2686;260;20231020;23;170;30;40;60;127;;122;0;0;0;0;9822;65;6;96;;5;0;0;0;0;0
2687;260;20231020;24;160;30;30;60;126;115.0;121;0;0;0;0;9828;65;8;96;3.0;7;0;0;0;0;0
2688;260;20231021;1;160;30;30;50;122;;118;0;0;0;0;9834;65;8;97;;5;0;0;0;0;0
2689;260;20231021;2;150;30;30;50;118;;113;0;0;0;0;9841;65;8;97;;5;0;0;0;0;0
2690;260;20231021;3;150;30;30;50;114;;109;0;0;0;0;9848;63;8;97;;5;0;0;0;0;0
2691;260;20231021;4;150;30;30;40;113;;108;0;0;0;0;9855;63;8;97;;5;0;0;0;0;0
2692;260;20231021;5;150;30;30;60;116;;111;0;0;0;0;9863;65;8;97;;5;0;0;0;0;0
2693;260;20231021;6;170;30;30;70;124;99.0;118;0;0;0;0;9873;65;7;96;;5;0;0;0;0;0
2694;260;20231021;7;140;30;30;60;123;;118;0;4;0;0;9883;65;8;96;;5;0;0;0;0;0
2695;260;20231021;8;170;40;50;80;131;;127;0;9;4;8;9892;50;8;97;81.0;7;0;1;0;0;0
2696;260;20231021;9;190;50;50;90;136;;118;2;25;6;6;9904;70;8;89;23.0;7;0;1;0;0;0
2697;260;20231021;10;190;50;50;120;137;;106;0;45;0;0;9913;70;8;81;;5;0;0;0;0;0
2698;260;20231021;11;190;60;60;120;147;;100;2;87;0;0;9919;75;8;73;;5;0;0;0;0;0
2699;260;20231021;12;180;60;60;120;153;108.0;98;5;106;0;0;9923;80;8;69;2.0;7;0;0;0;0;0
2700;260;20231021;13;160;60;60;110;152;;96;3;69;0;-1;9923;80;7;69;23.0;7;0;1;0;0;0
2701;260;20231021;14;170;60;50;120;147;;94;0;36;0;-1;9926;75;8;70;51.0;7;0;1;0;0;0
2702;260;20231021;15;170;60;60;140;129;;102;0;15;10;1;9932;69;8;83;81.0;7;0;1;0;0;0
2703;260;20231021;16;160;50;40;100;122;;107;0;6;10;13;9935;58;8;90;62.0;7;0;1;0;0;0
2704;260;20231021;17;160;50;50;100;123;;109;0;0;8;11;9940;65;8;91;61.0;7;0;1;0;0;0
2705;260;20231021;18;150;40;40;90;127;115.0;107;0;0;0;-1;9943;70;8;87;23.0;7;0;1;0;0;0
2706;260;20231021;19;160;40;50;90;131;;100;0;0;0;0;9943;70;8;81;;5;0;0;0;0;0
2707;260;20231021;20;160;50;50;120;137;;96;0;0;0;0;9943;75;7;76;;5;0;0;0;0;0
2708;260;20231021;21;170;60;60;120;141;;96;0;0;0;0;9944;75;8;74;;5;0;0;0;0;0
2709;260;20231021;22;180;60;70;140;139;;98;0;0;0;0;9944;75;8;76;;5;0;0;0;0;0
2710;260;20231021;23;170;60;60;130;123;;109;0;0;5;1;9946;56;8;91;52.0;7;0;1;0;0;0
2711;260;20231021;24;180;60;60;120;122;115.0;115;0;0;9;4;9948;57;8;95;52.0;7;0;1;0;0;0
2712;260;20231022;1;190;70;70;120;129;;110;0;0;3;4;9952;70;8;88;23.0;7;0;1;0;0;0
2713;260;20231022;2;200;70;70;120;124;;114;0;0;0;-1;9958;59;8;94;51.0;7;0;1;0;0;0
2714;260;20231022;3;220;70;60;130;125;;121;0;0;10;18;9972;56;8;97;82.0;7;0;1;0;0;0
2715;260;20231022;4;240;60;50;140;118;;111;0;0;8;11;9992;65;8;95;23.0;7;0;1;0;0;0
2716;260;20231022;5;220;40;40;100;116;;105;0;0;0;0;10006;65;8;92;;5;0;0;0;0;0
2717;260;20231022;6;220;40;40;90;113;107.0;104;0;0;0;0;10017;65;8;94;2.0;7;0;0;0;0;0
2718;260;20231022;7;200;30;30;60;114;;107;0;1;0;-1;10030;65;8;95;57.0;7;0;1;0;0;0
2719;260;20231022;8;210;40;40;70;116;;103;2;26;0;-1;10039;65;3;91;23.0;7;0;1;0;0;0
2720;260;20231022;9;220;40;40;80;119;;103;6;59;0;0;10047;70;4;90;3.0;7;0;0;0;0;0
2721;260;20231022;10;210;40;60;90;133;;106;7;92;0;0;10054;70;8;83;;5;0;0;0;0;0
2722;260;20231022;11;210;50;50;110;144;;107;8;164;0;0;10059;75;4;78;;5;0;0;0;0;0
2723;260;20231022;12;210;50;40;100;142;105.0;98;10;155;0;0;10064;75;2;74;1.0;7;0;0;0;0;0
2724;260;20231022;13;210;50;50;100;150;;90;8;130;0;0;10069;80;7;67;;5;0;0;0;0;0
2725;260;20231022;14;240;50;40;110;147;;89;6;72;0;0;10076;80;7;68;;5;0;0;0;0;0
2726;260;20231022;15;230;30;30;80;149;;98;2;40;0;0;10081;75;8;71;;5;0;0;0;0;0
2727;260;20231022;16;240;30;20;70;137;;92;10;26;0;0;10087;75;4;74;;5;0;0;0;0;0
2728;260;20231022;17;240;20;20;40;114;;94;0;2;0;0;10094;70;1;87;;5;0;0;0;0;0
2729;260;20231022;18;240;20;20;30;104;78.0;90;0;0;0;0;10101;65;8;91;;5;0;0;0;0;0
2730;260;20231022;19;210;20;10;30;89;;82;0;0;0;0;10106;65;8;95;;5;0;0;0;0;0
2731;260;20231022;20;210;20;20;30;71;;67;0;0;0;0;10113;65;7;97;;5;0;0;0;0;0
2732;260;20231022;21;180;10;10;30;65;;62;0;0;0;0;10117;56;1;98;10.0;7;0;0;0;0;0
2733;260;20231022;22;190;10;10;20;58;;58;0;0;0;0;10119;8;0;99;34.0;7;1;0;0;0;0
2734;260;20231022;23;140;10;10;20;57;;57;0;0;0;0;10123;2;3;99;34.0;7;1;0;0;0;0
2735;260;20231022;24;130;10;10;20;67;32.0;64;0;0;0;0;10125;27;7;98;20.0;7;1;0;0;0;0
2736;260;20231023;1;140;10;10;30;74;;71;0;0;0;0;10126;43;2;98;10.0;7;0;0;0;0;0
2737;260;20231023;2;120;10;10;10;65;;64;0;0;0;0;10128;8;7;99;34.0;7;1;0;0;0;0
2738;260;20231023;3;90;10;10;10;65;;62;0;0;0;0;10131;13;3;98;20.0;7;1;0;0;0;0
2739;260;20231023;4;180;10;10;20;58;;57;0;0;0;0;10133;0;8;99;34.0;7;1;0;0;0;0
2740;260;20231023;5;160;10;20;30;86;;86;0;0;0;0;10132;2;9;99;32.0;7;1;0;0;0;0
2741;260;20231023;6;130;20;20;30;94;36.0;94;0;0;0;0;10133;1;9;99;34.0;7;1;0;0;0;0
2742;260;20231023;7;120;20;20;30;93;;93;0;4;0;0;10133;1;9;99;33.0;7;1;0;0;0;0
2743;260;20231023;8;140;20;30;40;96;;95;0;17;0;0;10135;1;9;99;33.0;7;1;0;0;0;0
2744;260;20231023;9;100;20;30;40;99;;99;0;31;0;0;10132;6;8;99;32.0;7;1;0;0;0;0
2745;260;20231023;10;130;30;30;50;104;;101;0;38;0;0;10132;26;8;98;20.0;7;1;0;0;0;0
2746;260;20231023;11;140;30;30;60;111;;105;0;61;0;0;10128;57;7;96;10.0;7;0;0;0;0;0
2747;260;20231023;12;80;30;30;50;120;92.0;106;0;86;0;0;10119;62;8;90;3.0;7;0;0;0;0;0
2748;260;20231023;13;90;30;30;50;130;;108;7;87;0;0;10111;69;8;86;;5;0;0;0;0;0
2749;260;20231023;14;80;40;30;60;132;;108;3;58;0;0;10102;67;8;85;;5;0;0;0;0;0
2750;260;20231023;15;60;30;30;50;131;;111;0;32;0;0;10095;64;8;87;;5;0;0;0;0;0
2751;260;20231023;16;50;40;40;60;125;;109;3;14;0;0;10087;61;8;89;;5;0;0;0;0;0
2752;260;20231023;17;60;40;40;60;123;;108;0;0;0;0;10078;62;8;90;;5;0;0;0;0;0
2753;260;20231023;18;70;40;40;80;122;114.0;107;0;0;0;0;10072;62;8;90;;5;0;0;0;0;0
2754;260;20231023;19;70;40;40;80;121;;106;0;0;0;-1;10068;60;8;90;57.0;7;0;1;0;0;0
2755;260;20231023;20;70;40;40;70;116;;108;0;0;8;2;10064;57;8;94;61.0;7;0;1;0;0;0
2756;260;20231023;21;60;50;50;70;114;;108;0;0;9;3;10048;57;8;95;58.0;7;0;1;0;0;0
2757;260;20231023;22;70;50;50;90;115;;110;0;0;9;7;10035;50;8;96;61.0;7;0;1;0;0;0
2758;260;20231023;23;90;40;40;80;114;;110;0;0;10;13;10026;56;8;97;62.0;7;0;1;0;0;0
2759;260;20231023;24;110;40;40;60;115;109.0;112;0;0;10;11;10020;50;8;98;52.0;7;0;1;0;0;0
2760;260;20231024;1;140;40;30;60;117;;115;0;0;10;10;10016;38;8;98;52.0;7;0;1;0;0;0
2761;260;20231024;2;170;30;40;70;120;;114;0;0;4;1;10013;62;8;95;23.0;7;0;1;0;0;0
2762;260;20231024;3;180;40;30;80;116;;112;0;0;3;1;10011;50;8;97;52.0;7;0;1;0;0;0
2763;260;20231024;4;190;40;40;80;112;;110;0;0;8;5;10014;41;8;98;52.0;7;0;1;0;0;0
2764;260;20231024;5;190;40;40;80;111;;106;0;0;4;1;10010;57;8;96;22.0;7;0;1;0;0;0
2765;260;20231024;6;170;40;40;70;110;106.0;104;0;0;0;-1;10009;59;8;96;23.0;7;0;1;0;0;0
2766;260;20231024;7;180;40;50;80;109;;101;0;0;0;-1;10015;50;8;94;81.0;7;0;1;0;0;0
2767;260;20231024;8;190;40;40;90;113;;102;0;11;0;-1;10011;63;8;92;23.0;7;0;1;0;0;0
2768;260;20231024;9;200;50;50;90;118;;102;0;31;0;0;10013;67;8;89;2.0;7;0;0;0;0;0
2769;260;20231024;10;190;50;60;100;127;;101;4;80;0;0;10010;70;8;84;;5;0;0;0;0;0
2770;260;20231024;11;200;50;50;110;124;;102;0;48;0;0;10011;70;8;86;;5;0;0;0;0;0
2771;260;20231024;12;210;50;60;110;119;104.0;107;0;25;4;2;10008;62;8;92;81.0;7;0;1;0;0;0
2772;260;20231024;13;200;40;30;90;114;;103;0;18;9;5;10006;65;8;92;57.0;7;0;1;0;0;0
2773;260;20231024;14;200;30;30;60;115;;104;0;23;9;4;10009;65;8;92;61.0;7;0;1;0;0;0
2774;260;20231024;15;190;30;30;50;127;;108;5;47;3;9;10005;70;8;88;23.0;7;0;1;0;0;0
2775;260;20231024;16;220;40;40;80;127;;93;8;39;0;0;10006;75;8;79;;5;0;0;0;0;0
2776;260;20231024;17;200;30;30;60;118;;93;0;2;0;0;10007;70;4;84;;5;0;0;0;0;0
2777;260;20231024;18;210;40;30;80;118;99.0;97;0;0;0;0;10010;70;1;86;1.0;7;0;0;0;0;0
2778;260;20231024;19;200;40;40;70;113;;96;0;0;0;0;10012;70;2;88;;5;0;0;0;0;0
2779;260;20231024;20;200;30;30;60;107;;93;0;0;0;-1;10014;70;8;90;23.0;7;0;1;0;0;0
2780;260;20231024;21;190;30;30;60;101;;87;0;0;0;0;10012;65;0;91;1.0;7;0;0;0;0;0
2781;260;20231024;22;200;30;40;60;98;;84;0;0;0;0;10011;70;0;90;;5;0;0;0;0;0
2782;260;20231024;23;190;30;40;60;98;;83;0;0;0;0;10011;70;1;90;;5;0;0;0;0;0
2783;260;20231024;24;200;30;30;60;93;75.0;82;0;0;0;0;10011;65;3;92;3.0;7;0;0;0;0;0
2784;260;20231025;1;200;20;20;50;72;;68;0;0;0;0;10008;61;0;97;;5;0;0;0;0;0
2785;260;20231025;2;150;20;20;40;76;;73;0;0;0;0;10004;63;0;98;;5;0;0;0;0;0
2786;260;20231025;3;160;20;20;30;73;;69;0;0;0;0;10000;65;4;97;;5;0;0;0;0;0
2787;260;20231025;4;160;20;20;40;71;;67;0;0;0;0;9995;64;8;97;;5;0;0;0;0;0
2788;260;20231025;5;140;20;20;40;74;;70;0;0;0;0;9989;64;8;97;;5;0;0;0;0;0
2789;260;20231025;6;140;30;30;40;78;48.0;74;0;0;0;0;9985;65;8;97;;5;0;0;0;0;0
2790;260;20231025;7;130;30;30;40;85;;80;0;1;0;0;9980;65;8;96;;5;0;0;0;0;0
2791;260;20231025;8;120;30;30;50;91;;84;0;11;0;0;9973;65;8;95;;5;0;0;0;0;0
2792;260;20231025;9;130;20;20;40;94;;85;0;11;0;-1;9970;65;8;94;81.0;7;0;1;0;0;0
2793;260;20231025;10;60;20;20;30;96;;90;0;12;10;11;9961;61;8;96;61.0;7;0;1;0;0;0
2794;260;20231025;11;60;30;30;50;100;;94;0;23;10;6;9954;63;8;96;61.0;7;0;1;0;0;0
2795;260;20231025;12;60;40;40;60;100;70.0;96;0;21;10;10;9945;60;8;97;61.0;7;0;1;0;0;0
2796;260;20231025;13;40;40;40;70;102;;97;0;19;10;11;9936;60;8;96;61.0;7;0;1;0;0;0
2797;260;20231025;14;40;40;40;70;101;;98;0;10;10;17;9930;59;8;97;62.0;7;0;1;0;0;0
2798;260;20231025;15;30;40;30;70;102;;100;0;7;10;18;9929;57;8;98;62.0;7;0;1;0;0;0
2799;260;20231025;16;20;40;40;70;102;;100;0;2;10;34;9930;50;8;98;62.0;7;0;1;0;0;0
2800;260;20231025;17;30;40;40;80;102;;100;0;0;10;32;9931;56;8;98;62.0;7;0;1;0;0;0
2801;260;20231025;18;40;40;50;80;103;98.0;99;0;0;10;11;9934;59;8;97;61.0;7;0;1;0;0;0
2802;260;20231025;19;20;40;30;80;103;;99;0;0;10;5;9941;60;8;97;61.0;7;0;1;0;0;0
2803;260;20231025;20;350;30;30;70;103;;99;0;0;6;2;9948;59;8;97;23.0;7;0;1;0;0;0
2804;260;20231025;21;10;20;20;40;102;;100;0;0;0;0;9950;57;8;98;10.0;7;0;0;0;0;0
2805;260;20231025;22;20;20;10;40;101;;96;0;0;0;0;9958;62;8;96;;5;0;0;0;0;0
2806;260;20231025;23;300;20;20;30;95;;92;0;0;0;0;9960;50;7;98;10.0;7;0;0;0;0;0
2807;260;20231025;24;290;20;20;30;91;76.0;88;0;0;0;0;9964;29;7;98;10.0;7;0;0;0;0;0
2808;260;20231026;1;280;20;20;30;92;;89;0;0;0;0;9967;29;8;98;20.0;7;1;0;0;0;0
2809;260;20231026;2;270;20;20;30;96;;93;0;0;0;0;9969;25;8;98;10.0;7;0;0;0;0;0
2810;260;20231026;3;290;10;10;30;89;;88;0;0;0;0;9968;2;8;99;34.0;7;1;0;0;0;0
2811;260;20231026;4;990;10;10;30;76;;76;0;0;0;0;9966;1;9;99;34.0;7;1;0;0;0;0
2812;260;20231026;5;100;10;10;30;84;;84;0;0;0;0;9962;1;9;99;33.0;7;1;0;0;0;0
2813;260;20231026;6;990;10;10;30;82;67.0;82;0;0;0;0;9962;1;9;99;33.0;7;1;0;0;0;0
2814;260;20231026;7;120;20;10;30;77;;76;0;2;0;0;9962;1;9;99;33.0;7;1;0;0;0;0
2815;260;20231026;8;170;20;10;30;77;;76;0;14;0;0;9964;1;9;99;33.0;7;1;0;0;0;0
2816;260;20231026;9;110;20;20;30;80;;79;0;31;0;0;9967;2;9;99;32.0;7;1;0;0;0;0
2817;260;20231026;10;130;20;30;40;86;;86;0;42;0;0;9963;3;9;99;32.0;7;1;0;0;0;0
2818;260;20231026;11;110;30;30;40;99;;97;3;87;0;0;9959;59;8;98;20.0;7;1;0;0;0;0
2819;260;20231026;12;150;20;20;40;97;78.0;92;3;51;0;0;9958;58;8;96;10.0;7;0;0;0;0;0
2820;260;20231026;13;140;30;30;50;98;;91;0;47;0;0;9955;60;8;94;;5;0;0;0;0;0
2821;260;20231026;14;140;30;30;50;100;;91;0;38;0;-1;9952;58;8;94;81.0;7;0;1;0;0;0
2822;260;20231026;15;100;20;20;40;106;;96;5;47;2;1;9944;59;7;93;23.0;7;0;1;0;0;0
2823;260;20231026;16;100;30;30;40;104;;95;2;11;0;-1;9941;60;8;94;23.0;7;0;1;0;0;0
2824;260;20231026;17;130;20;20;40;101;;94;0;1;0;-1;9945;58;8;95;81.0;7;0;1;0;0;0
2825;260;20231026;18;110;20;20;40;100;95.0;93;0;0;0;-1;9942;58;8;95;23.0;7;0;1;0;0;0
2826;260;20231026;19;120;30;30;50;99;;92;0;0;0;0;9939;58;8;95;10.0;7;0;0;0;0;0
2827;260;20231026;20;130;30;20;40;100;;94;0;0;0;0;9938;50;8;96;10.0;7;0;0;0;0;0
2828;260;20231026;21;120;30;30;50;101;;95;0;0;0;0;9934;50;8;96;10.0;7;0;0;0;0;0
2829;260;20231026;22;100;30;20;50;99;;94;0;0;0;0;9929;45;8;96;10.0;7;0;0;0;0;0
2830;260;20231026;23;120;30;30;40;100;;94;0;0;0;0;9925;47;8;95;10.0;7;0;0;0;0;0
2831;260;20231026;24;120;30;20;50;102;93.0;96;0;0;0;-1;9921;43;8;96;81.0;7;0;1;0;0;0
2832;260;20231027;1;140;20;20;40;102;;98;0;0;0;-1;9918;36;8;97;61.0;7;0;1;0;0;0
2833;260;20231027;2;130;30;30;50;103;;101;0;0;8;8;9914;33;8;98;62.0;7;0;1;0;0;0
2834;260;20231027;3;120;30;20;50;103;;100;0;0;10;16;9913;36;8;98;61.0;7;0;1;0;0;0
2835;260;20231027;4;110;30;30;50;104;;101;0;0;10;11;9911;47;8;98;61.0;7;0;1;0;0;0
2836;260;20231027;5;100;20;20;40;104;;101;0;0;10;5;9911;50;8;98;61.0;7;0;1;0;0;0
2837;260;20231027;6;110;20;20;30;104;96.0;101;0;0;10;9;9910;50;8;98;61.0;7;0;1;0;0;0
2838;260;20231027;7;100;20;10;30;104;;101;0;1;10;4;9911;56;8;98;52.0;7;0;1;0;0;0
2839;260;20231027;8;70;10;10;20;106;;103;0;10;9;2;9913;50;8;98;81.0;7;0;1;0;0;0
2840;260;20231027;9;100;10;10;20;109;;106;0;21;10;4;9915;57;8;97;58.0;7;0;1;0;0;0
2841;260;20231027;10;130;10;10;30;111;;108;0;22;10;2;9918;60;8;97;51.0;7;0;1;0;0;0
2842;260;20231027;11;140;10;10;30;114;;106;0;28;10;8;9918;59;8;95;82.0;7;0;1;0;0;0
2843;260;20231027;12;150;20;20;30;116;101.0;109;0;35;10;6;9918;64;8;95;61.0;7;0;1;0;0;0
2844;260;20231027;13;150;20;20;30;114;;109;0;27;10;4;9918;47;8;97;62.0;7;0;1;0;0;0
2845;260;20231027;14;80;10;10;30;111;;108;0;12;9;20;9919;56;8;98;62.0;7;0;1;0;0;0
2846;260;20231027;15;230;20;20;40;118;;112;0;15;0;-1;9922;65;8;96;23.0;7;0;1;0;0;0
2847;260;20231027;16;210;30;40;60;116;;110;0;7;8;8;9924;61;8;96;81.0;7;0;1;0;0;0
2848;260;20231027;17;210;20;20;40;113;;108;0;0;4;3;9929;65;8;96;23.0;7;0;1;0;0;0
2849;260;20231027;18;180;20;20;30;106;91.0;102;0;0;0;0;9930;65;8;97;2.0;7;0;0;0;0;0
2850;260;20231027;19;170;20;20;30;95;;90;0;0;0;0;9930;61;5;97;;5;0;0;0;0;0
2851;260;20231027;20;180;20;20;30;89;;84;0;0;0;0;9934;61;8;97;;5;0;0;0;0;0
2852;260;20231027;21;160;20;20;30;83;;80;0;0;0;0;9937;57;8;98;10.0;7;0;0;0;0;0
2853;260;20231027;22;170;20;20;40;85;;81;0;0;0;0;9941;62;8;97;;5;0;0;0;0;0
2854;260;20231027;23;160;20;20;40;85;;81;0;0;0;0;9940;60;8;97;;5;0;0;0;0;0
2855;260;20231027;24;170;30;30;40;90;51.0;84;0;0;0;0;9940;65;8;96;;5;0;0;0;0;0
2856;260;20231028;1;170;30;30;50;95;;91;0;0;0;0;9942;65;8;97;;5;0;0;0;0;0
2857;260;20231028;2;170;30;30;40;101;;97;0;0;0;0;9941;62;8;97;;5;0;0;0;0;0
2858;260;20231028;3;160;30;30;50;105;;100;0;0;0;-1;9939;62;8;96;23.0;7;0;1;0;0;0
2859;260;20231028;4;170;30;40;70;106;;98;0;0;0;-1;9941;65;8;94;23.0;7;0;1;0;0;0
2860;260;20231028;5;160;40;20;70;104;;91;0;0;0;0;9939;65;8;92;;5;0;0;0;0;0
2861;260;20231028;6;160;30;30;50;104;75.0;93;0;0;0;0;9939;65;8;93;2.0;7;0;0;0;0;0
2862;260;20231028;7;160;30;30;60;105;;95;0;2;0;-1;9941;65;8;93;23.0;7;0;1;0;0;0
2863;260;20231028;8;160;30;30;60;108;;98;0;9;0;-1;9944;65;8;93;23.0;7;0;1;0;0;0
2864;260;20231028;9;170;40;40;70;120;;103;0;28;0;0;9945;70;8;89;2.0;7;0;0;0;0;0
2865;260;20231028;10;180;50;50;90;126;;100;5;59;0;0;9949;70;8;84;;5;0;0;0;0;0
2866;260;20231028;11;190;50;50;110;132;;101;1;58;0;0;9949;70;8;81;;5;0;0;0;0;0
2867;260;20231028;12;200;50;50;90;134;97.0;95;0;47;0;0;9949;75;8;77;2.0;7;0;0;0;0;0
2868;260;20231028;13;200;50;50;100;138;;90;1;61;0;-1;9952;75;8;72;23.0;7;0;1;0;0;0
2869;260;20231028;14;200;40;30;100;143;;91;3;38;0;0;9951;75;7;70;;5;0;0;0;0;0
2870;260;20231028;15;190;40;40;90;139;;94;5;51;0;0;9951;75;5;74;1.0;7;0;0;0;0;0
2871;260;20231028;16;180;30;40;70;130;;93;0;11;0;0;9951;75;8;78;;5;0;0;0;0;0
2872;260;20231028;17;150;30;30;60;114;;90;0;1;0;0;9950;70;8;84;;5;0;0;0;0;0
2873;260;20231028;18;150;30;30;50;111;89.0;90;0;0;0;0;9950;70;8;87;2.0;7;0;0;0;0;0
2874;260;20231028;19;150;30;30;60;110;;93;0;0;0;0;9945;70;8;89;;5;0;0;0;0;0
2875;260;20231028;20;140;40;50;70;115;;99;0;0;0;-1;9937;70;8;89;81.0;7;0;1;0;0;0
2876;260;20231028;21;140;50;50;80;113;;108;0;0;10;25;9929;58;8;97;62.0;7;0;1;0;0;0
2877;260;20231028;22;140;50;50;90;117;;112;0;0;10;24;9916;65;8;96;61.0;7;0;1;0;0;0
2878;260;20231028;23;150;50;50;90;121;;116;0;0;10;9;9902;62;8;96;81.0;7;0;1;0;0;0
2879;260;20231028;24;160;50;60;100;129;94.0;119;0;0;6;9;9897;65;8;93;23.0;7;0;1;0;0;0
2880;260;20231029;1;170;50;50;100;133;;119;0;0;0;-1;9888;65;8;91;23.0;7;0;1;0;0;0
2881;260;20231029;2;170;50;50;110;137;;117;0;0;0;-1;9881;70;8;87;81.0;7;0;1;0;0;0
2882;260;20231029;3;180;60;60;110;139;;112;0;0;0;-1;9882;70;8;83;23.0;7;0;1;0;0;0
2883;260;20231029;4;190;50;60;120;140;;109;0;0;3;2;9882;70;8;81;23.0;7;0;1;0;0;0
2884;260;20231029;5;200;70;90;160;141;;95;0;0;0;-1;9885;75;7;73;23.0;7;0;1;0;0;0
2885;260;20231029;6;200;70;80;140;134;119.0;97;0;0;0;0;9890;75;8;78;3.0;7;0;0;0;0;0
2886;260;20231029;7;210;70;80;150;128;;94;0;1;0;0;9901;75;1;79;;5;0;0;0;0;0
2887;260;20231029;8;200;70;60;140;133;;98;3;26;0;0;9912;75;6;79;;5;0;0;0;0;0
2888;260;20231029;9;210;70;70;150;130;;95;0;30;0;-1;9922;75;8;79;23.0;7;0;1;0;0;0
2889;260;20231029;10;210;70;60;140;134;;88;2;57;0;0;9928;75;8;73;;5;0;0;0;0;0
2890;260;20231029;11;200;60;60;110;141;;88;4;92;0;0;9933;75;8;70;;5;0;0;0;0;0
2891;260;20231029;12;190;60;40;130;138;112.0;87;0;54;0;0;9922;75;8;71;2.0;7;0;0;0;0;0
2892;260;20231029;13;190;50;40;110;138;;91;2;48;0;0;9922;75;8;73;;5;0;0;0;0;0
2893;260;20231029;14;180;50;50;90;133;;96;0;26;0;-1;9919;75;8;78;81.0;7;0;1;0;0;0
2894;260;20231029;15;200;50;50;120;126;;97;2;36;5;4;9913;70;8;82;81.0;7;0;1;0;0;0
2895;260;20231029;16;190;40;40;100;123;;100;7;17;0;-1;9914;70;1;85;23.0;7;0;1;0;0;0
2896;260;20231029;17;200;40;30;90;121;;111;0;0;3;15;9915;60;8;93;81.0;7;0;1;0;0;0
2897;260;20231029;18;210;50;50;130;118;100.0;99;0;0;3;34;9929;70;8;88;81.0;7;0;1;0;1;0
2898;260;20231029;19;220;60;70;140;116;;85;0;0;1;1;9939;70;3;81;23.0;7;0;1;0;0;0
2899;260;20231029;20;220;70;70;130;120;;86;0;0;0;0;9950;75;0;79;;5;0;0;0;0;0
2900;260;20231029;21;220;60;50;120;118;;84;0;0;0;0;9956;75;4;79;3.0;7;0;0;0;0;0
2901;260;20231029;22;220;50;50;100;115;;78;0;0;0;-1;9965;75;5;78;23.0;7;0;1;0;0;0
2902;260;20231029;23;210;50;40;110;110;;81;0;0;0;0;9970;70;3;81;;5;0;0;0;0;0
2903;260;20231029;24;200;40;40;70;102;85.0;78;0;0;0;0;9973;70;1;84;1.0;7;0;0;0;0;0
2904;260;20231030;1;190;40;40;70;102;;80;0;0;0;0;9977;70;0;85;;5;0;0;0;0;0
2905;260;20231030;2;180;40;50;70;98;;78;0;0;0;0;9981;70;8;87;;5;0;0;0;0;0
2906;260;20231030;3;190;40;40;80;101;;79;0;0;0;0;9985;70;0;86;;5;0;0;0;0;0
2907;260;20231030;4;200;40;50;80;103;;81;0;0;0;0;9984;70;0;86;;5;0;0;0;0;0
2908;260;20231030;5;190;40;40;70;99;;81;0;0;0;0;9983;70;0;88;;5;0;0;0;0;0
2909;260;20231030;6;180;40;40;80;100;81.0;85;0;0;0;0;9984;70;1;90;;5;0;0;0;0;0
2910;260;20231030;7;180;40;40;70;101;;88;0;2;0;0;9990;65;1;92;;5;0;0;0;0;0
2911;260;20231030;8;180;40;40;70;114;;96;10;34;0;0;9996;70;4;88;;5;0;0;0;0;0
2912;260;20231030;9;180;40;40;80;115;;98;3;40;0;0;9996;70;8;89;;5;0;0;0;0;0
2913;260;20231030;10;180;50;40;80;121;;102;0;33;0;0;9996;70;8;88;;5;0;0;0;0;0
2914;260;20231030;11;180;40;40;70;130;;106;3;69;0;0;9990;70;8;85;;5;0;0;0;0;0
2915;260;20231030;12;190;40;30;80;136;84.0;109;0;56;0;0;9987;70;8;84;;5;0;0;0;0;0
2916;260;20231030;13;190;30;30;70;129;;112;0;40;0;-1;9982;70;8;89;51.0;7;0;1;0;0;0
2917;260;20231030;14;200;20;10;50;127;;103;0;34;0;-1;9975;70;8;85;23.0;7;0;1;0;0;0
2918;260;20231030;15;120;10;20;30;124;;104;0;17;0;0;9971;70;8;87;2.0;7;0;0;0;0;0
2919;260;20231030;16;60;10;10;20;117;;108;0;3;7;4;9965;61;8;94;81.0;7;0;1;0;0;0
2920;260;20231030;17;50;10;20;30;113;;110;0;0;10;6;9959;36;8;98;58.0;7;0;1;0;0;0
2921;260;20231030;18;20;20;30;40;112;111.0;109;0;0;10;22;9959;37;8;98;63.0;7;0;1;0;0;0
2922;260;20231030;19;30;30;30;50;107;;102;0;0;10;22;9954;61;8;97;57.0;7;0;1;0;0;0
2923;260;20231030;20;10;30;30;50;105;;101;0;0;10;10;9951;57;8;97;62.0;7;0;1;0;0;0
2924;260;20231030;21;360;30;30;70;102;;96;0;0;10;18;9949;57;8;96;62.0;7;0;1;0;0;0
2925;260;20231030;22;280;30;40;70;99;;96;0;0;10;45;9951;39;8;98;63.0;7;0;1;0;0;0
2926;260;20231030;23;300;40;40;80;98;;93;0;0;10;35;9953;63;8;97;61.0;7;0;1;0;0;0
2927;260;20231030;24;270;30;20;70;96;91.0;93;0;0;10;6;9959;65;8;97;61.0;7;0;1;0;0;0
2928;260;20231031;1;240;20;30;50;99;;96;0;0;10;6;9964;57;8;98;58.0;7;0;1;0;0;0
2929;260;20231031;2;230;20;30;50;100;;97;0;0;7;2;9966;50;8;98;58.0;7;0;1;0;0;0
2930;260;20231031;3;250;40;30;90;103;;98;0;0;10;10;9971;60;8;97;61.0;7;0;1;0;0;0
2931;260;20231031;4;260;30;30;70;101;;94;0;0;9;12;9979;65;8;95;61.0;7;0;1;0;0;0
2932;260;20231031;5;240;30;30;60;97;;91;0;0;9;4;9984;65;8;96;61.0;7;0;1;0;0;0
2933;260;20231031;6;230;30;30;60;96;91.0;90;0;0;10;10;9990;62;8;95;61.0;7;0;1;0;0;0
2934;260;20231031;7;220;40;30;70;96;;91;0;2;8;3;9996;65;8;96;23.0;7;0;1;0;0;0
2935;260;20231031;8;230;40;40;80;103;;95;7;24;0;0;10002;65;8;95;;5;0;0;0;0;0
2936;260;20231031;9;240;30;30;60;119;;103;5;58;0;-1;10006;70;2;90;23.0;7;0;1;0;0;0
2937;260;20231031;10;240;40;40;70;132;;107;10;123;0;0;10012;70;4;84;;5;0;0;0;0;0
2938;260;20231031;11;220;40;40;70;138;;109;10;153;0;0;10017;70;7;82;;5;0;0;0;0;0
2939;260;20231031;12;230;40;30;60;131;86.0;108;4;71;0;0;10021;70;8;85;3.0;7;0;0;0;0;0
2940;260;20231031;13;220;40;40;60;127;;104;2;56;0;0;10025;65;8;86;;5;0;0;0;0;0
2941;260;20231031;14;210;40;40;80;119;;96;2;35;0;0;10028;66;8;86;;5;0;0;0;0;0
2942;260;20231031;15;210;50;50;80;114;;101;0;14;4;1;10033;58;8;91;52.0;7;0;1;0;0;0
2943;260;20231031;16;200;40;30;70;108;;100;2;10;8;4;10036;61;8;94;51.0;7;0;1;0;0;0
2944;260;20231031;17;200;30;20;60;108;;102;0;0;0;-1;10039;59;8;96;81.0;7;0;1;0;0;0
2945;260;20231031;18;190;30;20;40;106;97.0;99;0;0;0;-1;10042;62;8;95;23.0;7;0;1;0;0;0
2946;260;20231031;19;160;20;20;40;104;;100;0;0;0;-1;10039;57;8;97;23.0;7;0;1;0;0;0
2947;260;20231031;20;180;30;30;60;111;;106;0;0;3;11;10036;58;8;96;82.0;7;0;1;0;1;0
2948;260;20231031;21;290;50;30;130;108;;102;0;0;10;30;10039;58;8;96;62.0;7;0;1;0;1;0
2949;260;20231031;22;170;20;20;70;101;;99;0;0;9;54;10037;49;8;98;92.0;7;0;1;0;1;0
2950;260;20231031;23;200;20;20;60;107;;102;0;0;7;38;10037;65;8;96;26.0;7;0;1;0;1;0
2951;260;20231031;24;180;30;30;50;113;95.0;107;0;0;0;0;10033;65;8;95;2.0;7;0;0;0;0;0
2952;260;20231101;1;180;30;40;60;113;;107;0;0;0;-1;10025;65;8;96;23.0;7;0;1;0;0;0
2953;260;20231101;2;180;40;50;70;114;;107;0;0;0;0;10018;65;8;95;;5;0;0;0;0;0
2954;260;20231101;3;170;40;30;70;112;;106;0;0;0;-1;10012;65;8;95;51.0;7;0;1;0;0;0
2955;260;20231101;4;160;30;30;50;113;;107;0;0;0;-1;10005;65;8;96;51.0;7;0;1;0;0;0
2956;260;20231101;5;170;30;40;60;114;;113;0;0;4;2;10001;50;8;98;52.0;7;0;1;0;0;0
2957;260;20231101;6;200;40;40;80;121;105.0;118;0;0;8;2;9997;56;8;98;52.0;7;0;1;0;0;0
2958;260;20231101;7;190;40;30;80;125;;119;0;0;7;4;9997;65;8;95;23.0;7;0;1;0;0;0
2959;260;20231101;8;190;40;50;80;128;;116;0;9;0;0;9996;65;8;92;;5;0;0;0;0;0
2960;260;20231101;9;180;50;60;90;130;;115;0;26;0;0;9993;70;8;90;2.0;7;0;0;0;0;0
2961;260;20231101;10;180;60;60;100;136;;114;0;48;0;0;9989;70;8;86;;5;0;0;0;0;0
2962;260;20231101;11;180;60;60;100;138;;112;0;57;0;0;9981;70;8;84;;5;0;0;0;0;0
2963;260;20231101;12;170;50;50;100;143;117.0;111;1;47;0;0;9971;70;8;81;2.0;7;0;0;0;0;0
2964;260;20231101;13;170;50;50;100;148;;107;0;61;0;0;9961;75;8;76;;5;0;0;0;0;0
2965;260;20231101;14;170;60;60;110;146;;99;3;69;0;0;9951;75;8;73;;5;0;0;0;0;0
2966;260;20231101;15;180;60;60;110;143;;96;0;16;0;0;9945;75;8;73;;5;0;0;0;0;0
2967;260;20231101;16;190;70;50;130;128;;101;0;3;5;1;9942;70;8;84;23.0;7;0;1;0;0;0
2968;260;20231101;17;190;70;70;140;128;;96;0;0;0;0;9941;75;8;80;;5;0;0;0;0;0
2969;260;20231101;18;180;70;60;120;120;109.0;95;0;0;0;0;9941;70;8;84;2.0;7;0;0;0;0;0
2970;260;20231101;19;190;60;60;100;115;;95;0;0;0;0;9939;70;1;87;;5;0;0;0;0;0
2971;260;20231101;20;190;50;50;100;112;;92;0;0;0;0;9940;70;3;87;;5;0;0;0;0;0
2972;260;20231101;21;180;50;50;100;107;;86;0;0;0;0;9933;70;7;87;;5;0;0;0;0;0
2973;260;20231101;22;180;50;50;80;103;;81;0;0;0;0;9925;70;2;86;;5;0;0;0;0;0
2974;260;20231101;23;160;40;40;80;98;;80;0;0;0;0;9914;70;8;88;;5;0;0;0;0;0
2975;260;20231101;24;160;40;30;70;97;83.0;83;0;0;0;0;9903;65;8;91;;5;0;0;0;0;0
2976;260;20231102;1;150;40;50;90;104;;84;0;0;0;0;9882;70;8;87;;5;0;0;0;0;0
2977;260;20231102;2;140;60;60;120;108;;81;0;0;0;0;9860;70;8;83;;5;0;0;0;0;0
2978;260;20231102;3;140;70;80;130;111;;78;0;0;0;0;9830;75;8;80;;5;0;0;0;0;0
2979;260;20231102;4;140;70;80;130;112;;78;0;0;0;-1;9808;75;8;79;23.0;7;0;1;0;0;0
2980;260;20231102;5;130;80;80;160;114;;73;0;0;0;0;9780;75;8;75;;5;0;0;0;0;0
2981;260;20231102;6;140;70;70;140;104;85.0;80;0;0;4;8;9765;70;8;85;81.0;7;0;1;0;0;0
2982;260;20231102;7;140;70;70;130;107;;81;0;1;3;2;9749;70;8;83;23.0;7;0;1;0;0;0
2983;260;20231102;8;140;80;90;150;118;;89;0;10;0;0;9735;70;8;82;;5;0;0;0;0;0
2984;260;20231102;9;160;80;80;150;134;;87;0;33;0;-1;9726;75;8;73;23.0;7;0;1;0;0;0
2985;260;20231102;10;170;80;80;170;140;;76;0;41;0;-1;9717;80;8;65;81.0;7;0;1;0;0;0
2986;260;20231102;11;180;110;130;210;119;;80;3;48;3;2;9716;60;8;76;81.0;7;0;1;0;0;0
2987;260;20231102;12;180;100;100;180;120;93.0;81;0;41;5;13;9711;75;8;77;61.0;7;0;1;0;0;0
2988;260;20231102;13;180;100;110;210;120;;78;0;39;5;4;9706;75;8;75;81.0;7;0;1;0;0;0
2989;260;20231102;14;180;100;110;200;117;;75;0;20;0;-1;9703;70;8;75;57.0;7;0;1;0;0;0
2990;260;20231102;15;190;110;120;230;109;;71;0;6;10;7;9708;61;8;77;61.0;7;0;1;0;0;0
2991;260;20231102;16;190;110;90;190;103;;72;0;3;8;5;9715;70;8;81;61.0;7;0;1;0;0;0
2992;260;20231102;17;190;100;90;190;103;;72;0;0;10;8;9720;70;8;81;61.0;7;0;1;0;0;0
2993;260;20231102;18;200;90;90;170;113;87.0;54;0;0;2;1;9726;80;8;67;23.0;7;0;1;0;0;0
2994;260;20231102;19;190;100;90;230;111;;56;0;0;0;0;9734;80;8;68;;5;0;0;0;0;0
2995;260;20231102;20;190;100;100;190;97;;66;0;0;0;-1;9737;69;8;81;57.0;7;0;1;0;0;0
2996;260;20231102;21;190;90;100;170;88;;69;0;0;10;13;9741;62;8;87;61.0;7;0;1;0;0;0
2997;260;20231102;22;190;90;90;170;81;;68;0;0;10;27;9740;61;8;91;61.0;7;0;1;0;0;0
2998;260;20231102;23;200;80;80;150;87;;68;0;0;1;1;9744;70;8;88;23.0;7;0;1;0;0;0
2999;260;20231102;24;200;90;90;160;87;74.0;67;0;0;0;-1;9751;70;8;86;57.0;7;0;1;0;0;0
3000;260;20231103;1;210;90;80;150;86;;69;0;0;6;1;9756;70;8;89;61.0;7;0;1;0;0;0
3001;260;20231103;2;200;80;80;150;88;;71;0;0;0;-1;9762;63;8;89;51.0;7;0;1;0;0;0
3002;260;20231103;3;200;90;80;170;89;;75;0;0;6;3;9767;65;8;91;81.0;7;0;1;0;0;0
3003;260;20231103;4;210;90;90;150;87;;73;0;0;9;5;9774;62;8;91;61.0;7;0;1;0;0;0
3004;260;20231103;5;210;80;70;150;86;;76;0;0;10;28;9779;56;8;93;63.0;7;0;1;0;0;0
3005;260;20231103;6;210;70;70;140;87;77.0;74;0;0;10;15;9787;59;8;91;62.0;7;0;1;0;0;0
3006;260;20231103;7;210;70;70;140;89;;78;0;0;8;9;9800;65;8;93;51.0;7;0;1;0;0;0
3007;260;20231103;8;220;60;50;130;90;;79;0;9;8;9;9810;65;8;92;81.0;7;0;1;0;0;0
3008;260;20231103;9;210;60;60;120;96;;77;0;28;1;1;9818;70;8;88;23.0;7;0;1;0;0;0
3009;260;20231103;10;220;70;60;130;105;;77;4;68;0;0;9822;70;7;83;;5;0;0;0;0;0
3010;260;20231103;11;220;70;70;140;110;;78;9;130;0;0;9826;74;8;80;;5;0;0;0;0;0
3011;260;20231103;12;210;60;70;130;113;79.0;78;3;62;0;0;9833;75;8;78;2.0;7;0;0;0;0;0
3012;260;20231103;13;210;70;80;140;117;;75;9;95;0;0;9840;75;7;75;;5;0;0;0;0;0
3013;260;20231103;14;220;70;70;130;116;;75;1;32;0;0;9844;75;8;76;;5;0;0;0;0;0
3014;260;20231103;15;210;60;70;130;113;;63;3;24;0;0;9849;75;6;71;;5;0;0;0;0;0
3015;260;20231103;16;200;60;50;120;107;;59;3;10;0;0;9855;75;7;72;;5;0;0;0;0;0
3016;260;20231103;17;200;50;50;90;100;;60;0;0;0;0;9859;75;6;75;;5;0;0;0;0;0
3017;260;20231103;18;200;60;60;110;98;81.0;57;0;0;0;0;9859;75;8;75;;5;0;0;0;0;0
3018;260;20231103;19;210;60;70;130;95;;51;0;0;0;0;9862;75;8;73;;5;0;0;0;0;0
3019;260;20231103;20;190;60;40;120;86;;51;0;0;0;0;9862;75;4;79;;5;0;0;0;0;0
3020;260;20231103;21;190;50;40;110;82;;52;0;0;0;0;9860;70;0;81;;5;0;0;0;0;0
3021;260;20231103;22;190;50;50;80;80;;52;0;0;0;0;9857;70;0;82;;5;0;0;0;0;0
3022;260;20231103;23;180;50;50;90;78;;51;0;0;0;0;9853;70;3;82;;5;0;0;0;0;0
3023;260;20231103;24;180;50;50;90;79;63.0;54;0;0;0;0;9850;70;8;84;;5;0;0;0;0;0
3024;260;20231104;1;180;50;50;100;84;;59;0;0;0;0;9846;70;8;84;;5;0;0;0;0;0
3025;260;20231104;2;180;50;60;90;89;;65;0;0;0;0;9843;70;8;85;;5;0;0;0;0;0
3026;260;20231104;3;180;50;50;100;92;;71;0;0;0;0;9840;70;8;86;;5;0;0;0;0;0
3027;260;20231104;4;180;50;50;90;92;;72;0;0;0;0;9836;70;8;87;;5;0;0;0;0;0
3028;260;20231104;5;190;50;40;90;92;;75;0;0;0;0;9832;70;8;89;;5;0;0;0;0;0
3029;260;20231104;6;190;50;40;100;92;73.0;75;0;0;0;0;9825;70;7;89;;5;0;0;0;0;0
3030;260;20231104;7;180;50;60;90;94;;73;0;0;0;-1;9821;70;8;86;23.0;7;0;1;0;0;0
3031;260;20231104;8;180;60;60;110;97;;70;0;10;0;0;9814;70;8;83;;5;0;0;0;0;0
3032;260;20231104;9;180;50;50;100;96;;68;2;45;0;0;9802;70;8;82;2.0;7;0;0;0;0;0
3033;260;20231104;10;170;50;60;120;104;;70;4;59;0;0;9794;75;8;79;;5;0;0;0;0;0
3034;260;20231104;11;160;60;50;110;103;;68;2;47;0;0;9778;75;8;78;;5;0;0;0;0;0
3035;260;20231104;12;150;50;50;100;96;84.0;75;0;24;4;3;9760;67;8;86;81.0;7;0;1;0;0;0
3036;260;20231104;13;120;50;60;90;90;;80;0;26;10;16;9739;62;8;93;61.0;7;0;1;0;0;0
3037;260;20231104;14;130;70;70;150;90;;78;0;17;10;10;9725;59;8;92;61.0;7;0;1;0;0;0
3038;260;20231104;15;140;70;60;120;90;;81;0;8;7;3;9715;64;8;94;61.0;7;0;1;0;0;0
3039;260;20231104;16;150;50;50;110;93;;85;0;1;9;5;9709;65;8;95;51.0;7;0;1;0;0;0
3040;260;20231104;17;150;40;40;90;96;;89;0;0;7;6;9706;60;8;95;57.0;7;0;1;0;0;0
3041;260;20231104;18;170;40;40;80;98;85.0;92;0;0;10;33;9706;59;8;95;62.0;7;0;1;0;0;0
3042;260;20231104;19;180;50;40;110;97;;86;0;0;6;21;9705;65;8;93;81.0;7;0;1;0;0;0
3043;260;20231104;20;180;40;30;80;93;;85;0;0;8;9;9707;65;8;95;61.0;7;0;1;0;0;0
3044;260;20231104;21;180;40;50;80;97;;87;0;0;6;1;9708;65;8;93;23.0;7;0;1;0;0;0
3045;260;20231104;22;180;40;30;80;94;;80;0;0;0;0;9709;65;4;91;;5;0;0;0;0;0
3046;260;20231104;23;170;40;40;80;96;;81;0;0;0;0;9709;70;6;89;;5;0;0;0;0;0
3047;260;20231104;24;170;40;40;70;94;78.0;79;0;0;0;0;9706;70;7;90;3.0;7;0;0;0;0;0
3048;260;20231105;1;160;30;30;70;94;;77;0;0;0;0;9701;70;8;88;;5;0;0;0;0;0
3049;260;20231105;2;150;30;30;50;96;;80;0;0;0;0;9699;70;8;89;;5;0;0;0;0;0
3050;260;20231105;3;160;30;30;50;93;;87;0;0;6;6;9695;59;8;96;81.0;7;0;1;0;0;0
3051;260;20231105;4;170;30;40;70;96;;88;0;0;6;10;9695;65;8;95;61.0;7;0;1;0;0;0
3052;260;20231105;5;160;30;20;60;95;;90;0;0;0;-1;9696;65;8;96;23.0;7;0;1;0;0;0
3053;260;20231105;6;160;20;20;40;95;80.0;91;0;0;0;-1;9700;65;8;97;23.0;7;0;1;0;0;0
3054;260;20231105;7;160;20;20;40;94;;91;0;1;0;0;9707;65;8;97;;5;0;0;0;0;0
3055;260;20231105;8;190;30;30;50;102;;94;0;8;0;0;9714;65;8;95;;5;0;0;0;0;0
3056;260;20231105;9;210;30;40;70;109;;96;0;23;0;0;9725;65;8;91;;5;0;0;0;0;0
3057;260;20231105;10;210;40;40;80;109;;96;3;43;0;0;9735;65;8;91;;5;0;0;0;0;0
3058;260;20231105;11;260;40;50;90;108;;100;0;17;7;12;9751;64;8;94;81.0;7;0;1;0;0;0
3059;260;20231105;12;240;40;50;90;118;89.0;93;4;58;1;1;9764;70;8;84;23.0;7;0;1;0;0;0
3060;260;20231105;13;240;50;60;110;113;;98;2;35;4;15;9779;70;7;90;81.0;7;0;1;0;0;0
3061;260;20231105;14;250;60;60;120;113;;91;2;28;2;3;9797;66;8;86;81.0;7;0;1;0;0;0
3062;260;20231105;15;250;60;70;150;110;;86;0;10;3;1;9812;61;8;84;61.0;7;0;1;0;0;0
3063;260;20231105;16;250;60;50;130;110;;87;0;3;4;2;9830;59;8;85;81.0;7;0;1;0;0;0
3064;260;20231105;17;250;60;60;130;118;;75;0;0;1;1;9848;75;8;75;23.0;7;0;1;0;0;0
3065;260;20231105;18;250;50;40;110;112;91.0;73;0;0;0;0;9865;75;5;77;1.0;7;0;0;0;0;0
3066;260;20231105;19;240;50;50;100;109;;68;0;0;0;0;9879;75;8;76;;5;0;0;0;0;0
3067;260;20231105;20;240;40;50;80;111;;66;0;0;0;-1;9891;75;6;73;23.0;7;0;1;0;0;0
3068;260;20231105;21;220;50;60;100;102;;75;0;0;0;0;9901;70;7;83;3.0;7;0;0;0;0;0
3069;260;20231105;22;230;50;60;90;99;;77;0;0;2;2;9912;70;8;86;57.0;7;0;1;0;0;0
3070;260;20231105;23;210;50;60;100;95;;84;0;0;6;7;9917;61;8;92;81.0;7;0;1;0;0;0
3071;260;20231105;24;200;40;50;90;95;82.0;85;0;0;3;2;9924;65;7;93;23.0;7;0;1;0;0;0
3072;260;20231106;1;220;50;50;90;95;;85;0;0;3;1;9930;65;8;93;81.0;7;0;1;0;0;0
3073;260;20231106;2;210;50;50;100;93;;85;0;0;6;5;9936;63;8;94;57.0;7;0;1;0;0;0
3074;260;20231106;3;220;50;50;90;93;;83;0;0;2;3;9943;65;7;93;23.0;7;0;1;0;0;0
3075;260;20231106;4;210;50;50;90;91;;78;0;0;0;0;9949;65;7;91;;5;0;0;0;0;0
3076;260;20231106;5;200;50;50;90;89;;74;0;0;0;0;9954;70;8;90;;5;0;0;0;0;0
3077;260;20231106;6;210;50;60;110;91;73.0;73;0;0;0;0;9959;70;0;88;1.0;7;0;0;0;0;0
3078;260;20231106;7;210;60;60;110;91;;73;0;1;0;0;9965;70;1;88;;5;0;0;0;0;0
3079;260;20231106;8;200;60;60;100;95;;69;7;21;0;0;9972;70;0;83;;5;0;0;0;0;0
3080;260;20231106;9;200;70;80;130;100;;72;8;61;0;0;9976;70;7;82;;5;0;0;0;0;0
3081;260;20231106;10;220;80;80;130;107;;69;6;74;0;0;9984;75;8;77;;5;0;0;0;0;0
3082;260;20231106;11;220;80;90;150;112;;71;5;81;0;0;9988;75;8;76;;5;0;0;0;0;0
3083;260;20231106;12;220;80;80;150;113;75.0;71;6;100;0;0;9992;75;8;75;;5;0;0;0;0;0
3084;260;20231106;13;220;70;80;130;112;;73;2;46;0;-1;9995;75;7;76;81.0;7;0;1;0;0;0
3085;260;20231106;14;220;70;60;130;113;;76;2;48;0;-1;9999;75;8;77;23.0;7;0;1;0;0;0
3086;260;20231106;15;220;60;60;110;112;;76;7;38;0;0;10003;75;8;78;2.0;7;0;0;0;0;0
3087;260;20231106;16;220;50;50;110;106;;78;3;10;0;0;10008;70;3;82;;5;0;0;0;0;0
3088;260;20231106;17;210;50;40;100;102;;79;0;0;0;0;10014;70;5;85;;5;0;0;0;0;0
3089;260;20231106;18;210;50;50;100;100;85.0;77;0;0;0;0;10022;70;8;85;3.0;7;0;0;0;0;0
3090;260;20231106;19;210;50;40;90;96;;78;0;0;0;0;10028;70;5;88;;5;0;0;0;0;0
3091;260;20231106;20;210;40;40;80;94;;76;0;0;0;0;10033;70;7;88;;5;0;0;0;0;0
3092;260;20231106;21;210;40;40;80;90;;75;0;0;0;0;10038;70;4;90;;5;0;0;0;0;0
3093;260;20231106;22;200;40;40;70;89;;74;0;0;0;0;10041;70;1;90;;5;0;0;0;0;0
3094;260;20231106;23;200;40;50;80;89;;74;0;0;0;0;10045;70;0;90;;5;0;0;0;0;0
3095;260;20231106;24;200;40;40;80;87;72.0;73;0;0;0;0;10050;70;1;90;;5;0;0;0;0;0
3096;260;20231107;1;200;40;40;80;93;;75;0;0;0;0;10055;70;8;88;;5;0;0;0;0;0
3097;260;20231107;2;200;40;50;80;91;;74;0;0;0;0;10058;70;8;89;;5;0;0;0;0;0
3098;260;20231107;3;200;40;40;80;91;;74;0;0;0;0;10058;70;8;89;;5;0;0;0;0;0
3099;260;20231107;4;190;40;40;70;89;;74;0;0;0;-1;10059;70;8;90;81.0;7;0;1;0;0;0
3100;260;20231107;5;200;40;50;70;83;;69;0;0;0;-1;10060;65;1;91;23.0;7;0;1;0;0;0
3101;260;20231107;6;200;40;40;70;78;66.0;68;0;0;0;0;10064;65;6;93;3.0;7;0;0;0;0;0
3102;260;20231107;7;190;30;30;60;77;;67;0;1;0;0;10067;65;4;93;;5;0;0;0;0;0
3103;260;20231107;8;200;40;40;80;81;;68;0;14;0;0;10072;65;6;91;;5;0;0;0;0;0
3104;260;20231107;9;200;40;40;90;90;;70;8;52;0;0;10076;70;2;87;;5;0;0;0;0;0
3105;260;20231107;10;220;50;50;90;104;;74;9;73;0;0;10080;70;7;81;;5;0;0;0;0;0
3106;260;20231107;11;210;60;60;100;115;;75;9;105;0;0;10081;75;4;76;;5;0;0;0;0;0
3107;260;20231107;12;230;50;50;90;121;62.0;73;10;116;0;0;10080;75;1;72;;5;0;0;0;0;0
3108;260;20231107;13;230;60;60;110;116;;72;7;72;0;0;10081;75;7;74;;5;0;0;0;0;0
3109;260;20231107;14;210;60;60;110;125;;77;2;48;0;-1;10080;75;8;72;81.0;7;0;1;0;0;0
3110;260;20231107;15;210;60;60;110;112;;72;5;33;0;-1;10083;75;7;76;23.0;7;0;1;0;0;0
3111;260;20231107;16;220;50;50;100;107;;69;0;7;0;0;10084;75;5;77;;5;0;0;0;0;0
3112;260;20231107;17;200;50;60;100;101;;69;0;0;0;0;10085;75;5;80;;5;0;0;0;0;0
3113;260;20231107;18;210;50;50;90;94;79.0;65;0;0;0;0;10084;70;5;81;2.0;7;0;0;0;0;0
3114;260;20231107;19;210;50;40;90;93;;67;0;0;0;-1;10088;70;8;83;81.0;7;0;1;0;0;0
3115;260;20231107;20;210;50;50;90;91;;70;0;0;0;-1;10089;70;7;86;23.0;7;0;1;0;0;0
3116;260;20231107;21;210;50;40;100;86;;77;0;0;3;3;10090;65;4;93;23.0;7;0;1;0;0;0
3117;260;20231107;22;220;40;40;70;87;;76;0;0;3;1;10093;64;8;93;57.0;7;0;1;0;0;0
3118;260;20231107;23;220;50;50;90;90;;79;0;0;2;2;10094;65;8;92;81.0;7;0;1;0;0;0
3119;260;20231107;24;230;50;50;80;88;76.0;82;0;0;5;14;10103;57;8;95;62.0;7;0;1;0;0;0
3120;260;20231108;1;200;40;40;70;87;;80;0;0;7;29;10101;65;8;95;61.0;7;0;1;0;0;0
3121;260;20231108;2;210;40;40;70;87;;79;0;0;6;25;10102;65;8;94;23.0;7;0;1;0;0;0
3122;260;20231108;3;220;40;50;90;85;;79;0;0;0;0;10103;65;8;95;2.0;7;0;0;0;0;0
3123;260;20231108;4;210;50;50;90;84;;77;0;0;0;0;10103;65;8;95;;5;0;0;0;0;0
3124;260;20231108;5;220;50;50;90;83;;74;0;0;0;0;10106;65;8;94;;5;0;0;0;0;0
3125;260;20231108;6;210;40;40;80;81;70.0;72;0;0;0;0;10109;65;8;94;2.0;7;0;0;0;0;0
3126;260;20231108;7;210;40;40;70;78;;68;0;0;0;0;10108;65;8;92;;5;0;0;0;0;0
3127;260;20231108;8;200;50;50;80;82;;67;7;24;0;0;10110;70;8;90;;5;0;0;0;0;0
3128;260;20231108;9;200;50;50;90;86;;68;7;52;0;0;10110;70;8;88;;5;0;0;0;0;0
3129;260;20231108;10;200;50;60;90;92;;71;2;57;0;-1;10108;70;8;86;81.0;7;0;1;0;0;0
3130;260;20231108;11;190;50;50;90;100;;71;2;59;0;-1;10099;70;8;81;23.0;7;0;1;0;0;0
3131;260;20231108;12;200;60;60;110;105;66.0;68;3;70;0;0;10095;75;8;78;2.0;7;0;0;0;0;0
3132;260;20231108;13;190;60;60;100;102;;72;0;35;0;-1;10088;70;8;81;51.0;7;0;1;0;0;0
3133;260;20231108;14;180;60;60;110;101;;75;0;24;9;2;10075;70;8;83;57.0;7;0;1;0;0;0
3134;260;20231108;15;180;70;80;120;94;;80;0;8;4;2;10067;50;8;90;58.0;7;0;1;0;0;0
3135;260;20231108;16;180;70;70;120;90;;82;0;1;10;9;10057;59;8;94;62.0;7;0;1;0;0;0
3136;260;20231108;17;180;70;70;120;93;;86;0;0;10;17;10053;59;8;95;62.0;7;0;1;0;0;0
3137;260;20231108;18;180;60;70;110;95;86.0;89;0;0;10;13;10048;50;8;96;52.0;7;0;1;0;0;0
3138;260;20231108;19;190;60;60;130;97;;93;0;0;10;8;10042;47;8;97;58.0;7;0;1;0;0;0
3139;260;20231108;20;200;50;50;100;100;;95;0;0;10;7;10038;36;8;96;52.0;7;0;1;0;0;0
3140;260;20231108;21;200;50;40;90;102;;99;0;0;10;24;10032;58;8;97;82.0;7;0;1;0;0;0
3141;260;20231108;22;190;50;60;100;105;;98;0;0;10;18;10022;62;8;95;61.0;7;0;1;0;0;0
3142;260;20231108;23;200;60;50;110;105;;99;0;0;10;36;10017;60;8;96;61.0;7;0;1;0;0;0
3143;260;20231108;24;190;50;50;100;105;90.0;99;0;0;10;14;10011;59;8;96;52.0;7;0;1;0;0;0
3144;260;20231109;1;190;50;40;110;104;;101;0;0;9;5;10003;46;8;97;52.0;7;0;1;0;0;0
3145;260;20231109;2;200;50;40;90;105;;100;0;0;9;12;9998;58;8;96;82.0;7;0;1;0;0;0
3146;260;20231109;3;210;50;40;80;105;;102;0;0;8;7;9994;45;8;97;52.0;7;0;1;0;0;0
3147;260;20231109;4;260;30;20;60;101;;99;0;0;5;1;9995;50;8;98;57.0;7;0;1;0;0;0
3148;260;20231109;5;240;30;30;60;97;;94;0;0;8;5;9996;57;8;98;61.0;7;0;1;0;0;0
3149;260;20231109;6;240;30;30;60;94;89.0;87;0;0;2;1;10002;59;8;95;57.0;7;0;1;0;0;0
3150;260;20231109;7;220;30;30;60;88;;82;0;0;3;2;10007;65;8;95;23.0;7;0;1;0;0;0
3151;260;20231109;8;210;30;20;50;89;;86;2;12;0;0;10009;63;6;97;;5;0;0;0;0;0
3152;260;20231109;9;210;30;30;70;98;;87;8;49;0;0;10009;65;8;92;3.0;7;0;0;0;0;0
3153;260;20231109;10;200;40;50;70;103;;77;8;84;0;0;10008;68;8;83;;5;0;0;0;0;0
3154;260;20231109;11;210;40;50;90;106;;68;10;103;0;0;10009;75;8;77;;5;0;0;0;0;0
3155;260;20231109;12;190;50;40;90;106;74.0;66;5;80;0;0;10002;75;8;76;2.0;7;0;0;0;0;0
3156;260;20231109;13;180;50;50;90;108;;68;0;51;0;0;9993;75;8;76;;5;0;0;0;0;0
3157;260;20231109;14;180;50;60;90;114;;74;2;38;0;0;9981;75;8;76;;5;0;0;0;0;0
3158;260;20231109;15;180;60;50;110;112;;72;2;20;0;-1;9973;74;8;76;81.0;7;0;1;0;0;0
3159;260;20231109;16;200;50;50;100;108;;73;0;3;0;-1;9968;75;8;78;23.0;7;0;1;0;0;0
3160;260;20231109;17;200;60;60;130;84;;66;0;0;4;4;9967;70;8;89;23.0;7;0;1;0;0;0
3161;260;20231109;18;200;50;40;90;77;67.0;62;0;0;0;0;9967;70;8;90;2.0;7;0;0;0;0;0
3162;260;20231109;19;180;40;30;80;74;;64;0;0;0;0;9963;65;8;93;;5;0;0;0;0;0
3163;260;20231109;20;200;40;50;80;78;;61;0;0;0;0;9964;70;8;89;;5;0;0;0;0;0
3164;260;20231109;21;200;50;50;100;79;;56;0;0;0;0;9961;70;8;85;;5;0;0;0;0;0
3165;260;20231109;22;200;50;60;100;75;;53;0;0;0;0;9959;70;8;86;;5;0;0;0;0;0
3166;260;20231109;23;200;50;50;90;71;;49;0;0;0;0;9955;70;2;86;;5;0;0;0;0;0
3167;260;20231109;24;190;50;40;100;70;55.0;48;0;0;0;0;9953;70;8;85;;5;0;0;0;0;0
3168;260;20231110;1;200;40;30;80;71;;53;0;0;0;0;9949;70;8;88;;5;0;0;0;0;0
3169;260;20231110;2;190;40;50;90;75;;51;0;0;0;0;9945;70;8;85;;5;0;0;0;0;0
3170;260;20231110;3;200;50;60;90;75;;52;0;0;0;0;9944;70;8;85;;5;0;0;0;0;0
3171;260;20231110;4;200;60;60;100;76;;54;0;0;0;0;9943;70;8;85;;5;0;0;0;0;0
3172;260;20231110;5;200;60;50;100;76;;55;0;0;0;0;9944;70;8;86;;5;0;0;0;0;0
3173;260;20231110;6;200;50;50;90;66;54.0;51;0;0;0;0;9946;70;1;90;;5;0;0;0;0;0
3174;260;20231110;7;190;40;40;80;69;;52;0;1;0;-1;9948;70;8;88;23.0;7;0;1;0;0;0
3175;260;20231110;8;190;40;40;80;70;;53;2;8;0;0;9948;70;8;88;;5;0;0;0;0;0
3176;260;20231110;9;190;40;40;80;75;;56;0;17;0;-1;9948;70;8;88;23.0;7;0;1;0;0;0
3177;260;20231110;10;190;50;60;100;80;;55;0;25;0;-1;9946;70;8;84;23.0;7;0;1;0;0;0
3178;260;20231110;11;190;50;50;100;81;;58;0;18;0;0;9942;70;8;85;;5;0;0;0;0;0
3179;260;20231110;12;200;50;50;90;86;54.0;58;0;26;0;0;9942;70;8;82;2.0;7;0;0;0;0;0
3180;260;20231110;13;200;50;50;90;78;;69;0;9;9;21;9945;61;8;93;81.0;7;0;1;0;0;0
3181;260;20231110;14;200;40;40;80;81;;71;0;18;8;6;9947;65;8;93;61.0;7;0;1;0;0;0
3182;260;20231110;15;200;30;40;60;80;;74;0;10;8;7;9952;60;8;96;61.0;7;0;1;0;0;0
3183;260;20231110;16;210;30;30;60;82;;74;0;2;7;5;9954;65;8;94;61.0;7;0;1;0;0;0
3184;260;20231110;17;230;40;40;80;79;;71;0;0;9;6;9961;65;8;94;57.0;7;0;1;0;0;0
3185;260;20231110;18;250;30;20;70;73;65.0;61;0;0;0;-1;9962;65;8;92;81.0;7;0;1;0;0;0
3186;260;20231110;19;240;20;20;40;71;;64;0;0;0;-1;9964;65;8;94;23.0;7;0;1;0;0;0
3187;260;20231110;20;240;10;20;40;71;;64;0;0;0;0;9970;65;8;95;;5;0;0;0;0;0
3188;260;20231110;21;250;10;10;30;69;;65;0;0;0;-1;9976;61;8;97;51.0;7;0;1;0;0;0
3189;260;20231110;22;260;10;20;30;64;;60;0;0;0;-1;9980;62;8;97;22.0;7;0;1;0;0;0
3190;260;20231110;23;270;20;20;30;65;;58;0;0;0;0;9986;65;8;95;;5;0;0;0;0;0
3191;260;20231110;24;260;20;20;30;62;38.0;52;0;0;0;0;9992;65;5;93;1.0;7;0;0;0;0;0
3192;260;20231111;1;260;20;30;50;68;;51;0;0;0;-1;9997;70;7;89;81.0;7;0;1;0;0;0
3193;260;20231111;2;230;30;30;90;68;;52;0;0;2;1;10002;70;6;89;23.0;7;0;1;0;0;0
3194;260;20231111;3;260;20;20;60;59;;44;0;0;0;0;10005;70;3;90;1.0;7;0;0;0;0;0
3195;260;20231111;4;240;30;30;80;65;;51;0;0;5;22;10013;66;8;90;81.0;7;0;1;0;0;0
3196;260;20231111;5;250;40;30;80;65;;50;0;0;6;12;10018;59;8;90;82.0;7;0;1;0;0;0
3197;260;20231111;6;250;30;40;80;68;37.0;44;0;0;6;2;10022;70;7;84;23.0;7;0;1;0;0;0
3198;260;20231111;7;240;40;40;80;63;;44;0;0;8;6;10025;70;8;87;57.0;7;0;1;0;0;0
3199;260;20231111;8;240;40;30;100;62;;46;2;10;2;8;10031;70;6;89;23.0;7;0;1;0;0;0
3200;260;20231111;9;250;30;30;80;66;;55;5;31;5;8;10037;65;8;92;81.0;7;0;1;0;0;0
3201;260;20231111;10;220;30;30;50;71;;60;2;34;4;1;10038;65;7;92;51.0;7;0;1;0;0;0
3202;260;20231111;11;240;30;30;70;86;;64;9;91;0;-1;10041;70;4;85;22.0;7;0;1;0;0;0
3203;260;20231111;12;250;30;30;60;99;50.0;62;10;103;0;0;10042;75;5;77;3.0;7;0;0;0;0;0
3204;260;20231111;13;250;40;30;70;91;;59;7;95;0;-1;10045;75;8;80;23.0;7;0;1;0;0;0
3205;260;20231111;14;250;30;40;70;90;;49;2;42;0;0;10048;75;1;75;;5;0;0;0;0;0
3206;260;20231111;15;240;30;40;70;86;;56;3;22;0;0;10054;70;7;81;3.0;7;0;0;0;0;0
3207;260;20231111;16;260;30;30;70;87;;56;0;5;0;0;10056;70;6;81;;5;0;0;0;0;0
3208;260;20231111;17;230;20;20;60;80;;55;0;0;0;0;10059;70;7;83;;5;0;0;0;0;0
3209;260;20231111;18;220;30;30;50;80;57.0;53;0;0;0;-1;10060;70;8;83;51.0;7;0;1;0;0;0
3210;260;20231111;19;230;30;40;60;80;;59;0;0;4;1;10058;70;8;86;23.0;7;0;1;0;0;0
3211;260;20231111;20;230;30;40;60;79;;59;0;0;0;0;10061;70;7;87;;5;0;0;0;0;0
3212;260;20231111;21;230;20;20;50;75;;61;0;0;0;0;10057;70;5;90;1.0;7;0;0;0;0;0
3213;260;20231111;22;220;30;30;50;74;;63;0;0;0;0;10056;65;8;93;;5;0;0;0;0;0
3214;260;20231111;23;220;30;30;40;75;;64;0;0;0;0;10055;65;8;92;;5;0;0;0;0;0
3215;260;20231111;24;250;30;30;40;70;48.0;62;0;0;0;0;10051;65;7;94;1.0;7;0;0;0;0;0
3216;260;20231112;1;210;20;20;40;69;;62;0;0;0;0;10050;65;8;95;;5;0;0;0;0;0
3217;260;20231112;2;210;20;20;30;52;;50;0;0;0;0;10048;58;1;98;10.0;7;0;0;0;0;0
3218;260;20231112;3;150;10;20;30;27;;26;0;0;0;0;10049;1;0;99;34.0;7;1;0;0;0;0
3219;260;20231112;4;990;10;10;20;29;;28;0;0;0;0;10049;2;6;99;32.0;7;1;0;0;0;0
3220;260;20231112;5;160;10;10;30;30;;30;0;0;0;0;10048;6;8;99;32.0;7;1;0;0;0;0
3221;260;20231112;6;140;20;20;30;42;15.0;39;0;0;0;-1;10052;22;8;98;22.0;7;1;1;0;0;0
3222;260;20231112;7;160;10;10;30;47;;44;0;0;5;1;10054;38;8;98;58.0;7;0;1;0;0;0
3223;260;20231112;8;160;10;10;30;52;;49;0;8;0;-1;10058;48;8;98;23.0;7;0;1;0;0;0
3224;260;20231112;9;160;20;20;30;59;;56;3;38;0;0;10060;57;3;97;10.0;7;0;0;0;0;0
3225;260;20231112;10;180;30;40;50;73;;60;10;81;0;0;10063;62;8;91;;5;0;0;0;0;0
3226;260;20231112;11;180;30;30;50;82;;62;3;68;0;0;10064;63;8;86;;5;0;0;0;0;0
3227;260;20231112;12;200;30;40;70;76;36.0;58;8;67;0;0;10067;68;8;88;2.0;7;0;0;0;0;0
3228;260;20231112;13;180;30;20;70;60;;54;0;37;0;0;10068;60;8;95;;5;0;0;0;0;0
3229;260;20231112;14;190;20;20;40;63;;56;0;31;0;0;10069;58;8;95;10.0;7;0;0;0;0;0
3230;260;20231112;15;170;20;20;40;57;;54;0;10;0;0;10071;25;8;98;10.0;7;0;0;0;0;0
3231;260;20231112;16;160;20;20;40;56;;53;0;2;0;0;10076;29;8;98;10.0;7;0;0;0;0;0
3232;260;20231112;17;190;20;20;40;61;;58;0;0;0;0;10076;50;8;97;10.0;7;0;0;0;0;0
3233;260;20231112;18;190;20;30;50;68;57.0;60;0;0;0;0;10079;59;8;94;10.0;7;0;0;0;0;0
3234;260;20231112;19;200;30;30;50;61;;55;0;0;0;0;10080;57;5;95;10.0;7;0;0;0;0;0
3235;260;20231112;20;130;10;10;40;50;;47;0;0;0;0;10079;23;7;98;10.0;7;0;0;0;0;0
3236;260;20231112;21;150;10;20;30;45;;45;0;0;0;0;10081;5;8;99;34.0;7;1;0;0;0;0
3237;260;20231112;22;150;20;20;30;43;;43;0;0;0;0;10082;3;9;99;34.0;7;1;0;0;0;0
3238;260;20231112;23;120;20;20;30;43;;40;0;0;0;0;10076;27;8;98;20.0;7;1;0;0;0;0
3239;260;20231112;24;140;20;20;30;35;28.0;32;0;0;0;0;10075;12;8;98;20.0;7;1;0;0;0;0
3240;260;20231113;1;130;20;20;30;42;;39;0;0;0;0;10066;57;8;98;10.0;7;0;0;0;0;0
3241;260;20231113;2;140;30;20;50;44;;40;0;0;0;0;10065;60;8;97;;5;0;0;0;0;0
3242;260;20231113;3;130;20;20;40;47;;43;0;0;0;0;10058;60;8;97;;5;0;0;0;0;0
3243;260;20231113;4;130;20;20;30;51;;48;0;0;0;0;10057;59;8;97;10.0;7;0;0;0;0;0
3244;260;20231113;5;140;20;20;40;56;;54;0;0;0;0;10050;38;8;98;10.0;7;0;0;0;0;0
3245;260;20231113;6;150;30;40;60;60;23.0;57;0;0;0;0;10039;11;8;98;10.0;7;0;0;0;0;0
3246;260;20231113;7;150;30;30;60;65;;64;0;0;0;-1;10036;5;9;99;57.0;7;1;1;0;0;0
3247;260;20231113;8;160;30;30;50;75;;72;0;1;10;13;10026;44;8;98;62.0;7;1;1;0;0;0
3248;260;20231113;9;160;30;40;60;91;;88;0;4;10;20;10011;47;8;98;61.0;7;0;1;0;0;0
3249;260;20231113;10;160;40;50;80;100;;97;0;10;5;14;9999;57;8;98;82.0;7;0;1;0;0;0
3250;260;20231113;11;150;50;60;100;101;;98;0;13;10;8;9979;56;8;98;52.0;7;0;1;0;0;0
3251;260;20231113;12;170;50;50;100;112;59.0;109;0;9;10;8;9957;44;8;98;52.0;7;0;1;0;0;0
3252;260;20231113;13;220;60;70;130;140;;132;0;12;10;6;9952;65;8;95;81.0;7;0;1;0;0;0
3253;260;20231113;14;230;80;90;160;152;;125;2;32;0;-1;9946;70;7;83;23.0;7;0;1;0;0;0
3254;260;20231113;15;240;80;80;190;147;;111;5;28;0;-1;9951;62;7;79;81.0;7;0;1;0;0;0
3255;260;20231113;16;250;70;80;170;141;;93;0;4;0;-1;9957;62;1;72;23.0;7;0;1;0;0;0
3256;260;20231113;17;250;60;60;140;133;;68;0;0;0;0;9970;75;1;64;;5;0;0;0;0;0
3257;260;20231113;18;230;70;80;130;126;109.0;88;0;0;0;0;9977;63;7;77;3.0;7;0;0;0;0;0
3258;260;20231113;19;230;70;70;140;127;;87;0;0;0;0;9979;62;7;76;;5;0;0;0;0;0
3259;260;20231113;20;230;70;70;130;125;;88;0;0;0;0;9986;62;7;77;;5;0;0;0;0;0
3260;260;20231113;21;230;70;80;140;128;;87;0;0;0;0;9990;62;8;76;;5;0;0;0;0;0
3261;260;20231113;22;230;70;80;160;129;;88;0;0;0;0;9991;62;8;76;;5;0;0;0;0;0
3262;260;20231113;23;230;70;70;160;129;;89;0;0;0;0;9992;61;8;76;;5;0;0;0;0;0
3263;260;20231113;24;240;70;70;150;130;113.0;91;0;0;0;-1;9994;61;8;77;23.0;7;0;1;0;0;0
3264;260;20231114;1;240;70;70;150;131;;88;0;0;0;0;9997;62;8;75;;5;0;0;0;0;0
3265;260;20231114;2;240;70;60;140;130;;87;0;0;0;0;10001;63;7;75;;5;0;0;0;0;0
3266;260;20231114;3;240;70;80;140;130;;88;0;0;0;0;10007;63;8;75;;5;0;0;0;0;0
3267;260;20231114;4;240;70;80;150;130;;90;0;0;0;-1;10013;62;8;76;81.0;7;0;1;0;0;0
3268;260;20231114;5;240;70;60;140;128;;90;0;0;0;-1;10013;63;8;77;23.0;7;0;1;0;0;0
3269;260;20231114;6;230;60;60;120;126;116.0;89;0;0;0;0;10016;62;7;78;1.0;7;0;0;0;0;0
3270;260;20231114;7;230;60;60;140;124;;93;0;0;0;-1;10021;60;8;81;81.0;7;0;1;0;0;0
3271;260;20231114;8;240;60;60;110;123;;94;0;4;0;-1;10023;61;7;82;23.0;7;0;1;0;0;0
3272;260;20231114;9;240;50;50;110;127;;99;0;23;0;-1;10022;61;8;82;23.0;7;0;1;0;0;0
3273;260;20231114;10;230;50;50;100;134;;96;1;40;0;0;10026;63;7;77;;5;0;0;0;0;0
3274;260;20231114;11;220;50;60;100;132;;101;1;35;0;0;10025;61;8;81;;5;0;0;0;0;0
3275;260;20231114;12;230;60;60;110;133;111.0;103;0;39;0;-1;10019;61;8;82;23.0;7;0;1;0;0;0
3276;260;20231114;13;220;50;50;110;132;;102;0;31;0;-1;10011;63;8;81;23.0;7;0;1;0;0;0
3277;260;20231114;14;220;50;60;110;123;;102;0;19;0;0;10009;70;8;87;;5;0;0;0;0;0
3278;260;20231114;15;220;60;70;120;115;;99;0;5;0;-1;10001;70;8;89;57.0;7;0;1;0;0;0
3279;260;20231114;16;220;50;50;100;107;;95;0;1;9;1;10001;65;8;92;57.0;7;0;1;0;0;0
3280;260;20231114;17;220;40;40;80;103;;97;0;0;10;19;10000;59;8;96;62.0;7;0;1;0;0;0
3281;260;20231114;18;230;30;30;60;103;97.0;99;0;0;10;20;10004;56;8;97;62.0;7;0;1;0;0;0
3282;260;20231114;19;260;30;20;70;104;;99;0;0;10;37;10014;62;8;97;57.0;7;0;1;0;0;0
3283;260;20231114;20;270;20;30;50;106;;102;0;0;6;11;10028;62;8;97;61.0;7;0;1;0;0;0
3284;260;20231114;21;260;30;20;60;106;;101;0;0;8;8;10039;60;8;97;61.0;7;0;1;0;0;0
3285;260;20231114;22;260;30;30;60;103;;94;0;0;5;23;10051;65;8;94;61.0;7;0;1;0;0;0
3286;260;20231114;23;270;30;30;70;102;;96;0;0;5;11;10063;50;8;95;82.0;7;0;1;0;0;0
3287;260;20231114;24;250;20;20;60;103;90.0;96;0;0;2;2;10070;65;8;95;81.0;7;0;1;0;0;0
3288;260;20231115;1;320;40;20;80;108;;98;0;0;1;1;10078;65;8;93;81.0;7;0;1;0;0;0
3289;260;20231115;2;260;30;30;60;110;;97;0;0;0;-1;10086;65;8;91;23.0;7;0;1;0;0;0
3290;260;20231115;3;250;40;40;70;111;;96;0;0;1;1;10091;59;8;90;81.0;7;0;1;0;0;0
3291;260;20231115;4;250;40;40;80;112;;94;0;0;1;2;10095;70;8;88;23.0;7;0;1;0;0;0
3292;260;20231115;5;250;40;40;80;112;;94;0;0;0;-1;10102;68;8;88;81.0;7;0;1;0;0;0
3293;260;20231115;6;250;40;40;80;109;96.0;93;0;0;2;2;10106;61;7;89;81.0;7;0;1;0;0;0
3294;260;20231115;7;270;40;50;130;101;;88;0;0;3;26;10112;50;8;91;82.0;7;0;1;0;0;0
3295;260;20231115;8;250;30;40;80;108;;90;3;13;0;-1;10119;70;4;88;23.0;7;0;1;0;0;0
3296;260;20231115;9;240;40;40;70;116;;93;10;49;0;0;10125;70;7;85;3.0;7;0;0;0;0;0
3297;260;20231115;10;250;40;40;100;122;;91;5;61;0;0;10127;75;4;80;;5;0;0;0;0;0
3298;260;20231115;11;260;50;50;120;128;;87;10;109;0;0;10129;75;7;76;;5;0;0;0;0;0
3299;260;20231115;12;270;60;50;120;127;90.0;80;9;116;0;-1;10130;75;5;73;23.0;7;0;1;0;0;0
3300;260;20231115;13;270;50;50;110;118;;83;8;79;1;2;10133;75;7;79;81.0;7;0;1;0;0;0
3301;260;20231115;14;260;50;50;130;117;;70;3;55;0;-1;10135;75;7;73;81.0;7;0;1;0;0;0
3302;260;20231115;15;240;50;40;100;116;;71;10;45;0;-1;10140;75;5;73;23.0;7;0;1;0;0;0
3303;260;20231115;16;240;40;50;90;108;;68;2;7;0;-1;10142;75;5;76;23.0;7;0;1;0;0;0
3304;260;20231115;17;240;50;40;100;103;;73;0;0;0;-1;10145;65;8;81;57.0;7;0;1;0;0;0
3305;260;20231115;18;230;40;50;90;101;92.0;78;0;0;4;1;10146;61;8;85;61.0;7;0;1;0;0;0
3306;260;20231115;19;240;40;40;80;100;;78;0;0;1;2;10146;70;8;86;23.0;7;0;1;0;0;0
3307;260;20231115;20;230;40;30;100;100;;75;0;0;0;-1;10146;66;8;84;81.0;7;0;1;0;0;0
3308;260;20231115;21;240;40;40;90;105;;68;0;0;0;-1;10148;75;8;77;81.0;7;0;1;0;0;0
3309;260;20231115;22;240;40;40;90;104;;68;0;0;0;-1;10146;75;8;78;23.0;7;0;1;0;0;0
3310;260;20231115;23;250;40;50;90;106;;66;0;0;0;0;10147;75;8;76;;5;0;0;0;0;0
3311;260;20231115;24;250;50;50;120;102;91.0;70;0;0;0;0;10147;75;8;80;2.0;7;0;0;0;0;0
3312;260;20231116;1;300;30;30;90;90;;84;0;0;5;33;10152;65;8;95;57.0;7;0;1;0;0;0
3313;260;20231116;2;260;20;20;70;88;;83;0;0;3;4;10153;65;8;96;23.0;7;0;1;0;0;0
3314;260;20231116;3;270;20;20;40;87;;81;0;0;0;0;10152;65;8;95;2.0;7;0;0;0;0;0
3315;260;20231116;4;220;20;20;30;77;;73;0;0;0;0;10152;65;8;97;;5;0;0;0;0;0
3316;260;20231116;5;0;10;0;30;62;;61;0;0;0;0;10150;4;8;99;34.0;7;1;0;0;0;0
3317;260;20231116;6;190;10;10;10;63;39.0;60;0;0;0;0;10149;19;8;98;20.0;7;1;0;0;0;0
3318;260;20231116;7;140;10;20;30;76;;73;0;0;0;0;10144;56;8;98;10.0;7;0;0;0;0;0
3319;260;20231116;8;130;10;10;20;77;;74;0;6;0;0;10141;50;8;98;10.0;7;0;0;0;0;0
3320;260;20231116;9;130;20;10;30;79;;76;0;16;0;0;10136;56;8;98;10.0;7;0;0;0;0;0
3321;260;20231116;10;70;10;20;30;83;;82;0;23;0;0;10134;56;8;98;10.0;7;0;0;0;0;0
3322;260;20231116;11;80;20;20;40;83;;76;0;25;0;0;10128;62;8;95;;5;0;0;0;0;0
3323;260;20231116;12;70;30;40;50;82;47.0;73;0;28;0;0;10117;65;8;93;;5;0;0;0;0;0
3324;260;20231116;13;80;30;30;50;79;;67;0;27;0;0;10111;65;8;92;;5;0;0;0;0;0
3325;260;20231116;14;50;30;30;50;78;;68;0;23;0;0;10109;65;8;93;;5;0;0;0;0;0
3326;260;20231116;15;50;30;20;40;77;;68;0;14;0;0;10113;65;8;94;;5;0;0;0;0;0
3327;260;20231116;16;50;20;20;40;68;;59;0;4;0;0;10114;65;8;93;;5;0;0;0;0;0
3328;260;20231116;17;40;20;30;40;64;;56;0;0;0;0;10120;65;8;94;;5;0;0;0;0;0
3329;260;20231116;18;20;20;20;40;64;52.0;60;0;0;0;0;10124;65;8;97;;5;0;0;0;0;0
3330;260;20231116;19;20;20;30;40;61;;56;0;0;0;0;10129;65;8;96;;5;0;0;0;0;0
3331;260;20231116;20;350;20;10;30;53;;50;0;0;0;0;10136;62;8;97;;5;0;0;0;0;0
3332;260;20231116;21;360;10;10;20;44;;41;0;0;0;0;10138;31;8;98;10.0;7;0;0;0;0;0
3333;260;20231116;22;290;10;10;10;42;;39;0;0;0;0;10147;20;8;98;10.0;7;0;0;0;0;0
3334;260;20231116;23;0;10;0;20;35;;32;0;0;0;0;10154;24;8;98;20.0;7;1;0;0;0;0
3335;260;20231116;24;250;10;10;30;30;10.0;30;0;0;0;0;10161;4;8;99;34.0;7;1;0;0;0;0
3336;260;20231117;1;0;10;0;20;34;;31;0;0;0;0;10165;19;8;98;20.0;7;1;0;0;0;0
3337;260;20231117;2;0;0;0;10;35;;32;0;0;0;0;10170;13;8;98;10.0;7;0;0;0;0;0
3338;260;20231117;3;140;10;10;10;34;;34;0;0;0;0;10169;5;8;99;34.0;7;1;0;0;0;0
3339;260;20231117;4;120;10;10;10;34;;31;0;0;0;0;10169;18;8;98;20.0;7;1;0;0;0;0
3340;260;20231117;5;120;10;10;10;37;;34;0;0;0;0;10171;19;8;98;10.0;7;0;0;0;0;0
3341;260;20231117;6;110;10;10;20;35;9.0;32;0;0;0;0;10174;15;8;98;10.0;7;0;0;0;0;0
3342;260;20231117;7;130;10;10;10;34;;31;0;0;0;0;10179;12;8;98;20.0;7;1;0;0;0;0
3343;260;20231117;8;160;10;10;20;36;;33;2;7;0;0;10183;31;8;98;20.0;7;1;0;0;0;0
3344;260;20231117;9;160;10;10;30;53;;50;5;31;0;0;10187;50;8;98;10.0;7;0;0;0;0;0
3345;260;20231117;10;210;10;20;30;68;;61;2;42;0;0;10194;60;8;95;;5;0;0;0;0;0
3346;260;20231117;11;190;20;30;40;81;;52;0;51;0;0;10196;70;8;82;;5;0;0;0;0;0
3347;260;20231117;12;220;20;20;50;91;12.0;50;2;51;0;0;10199;75;8;75;2.0;7;0;0;0;0;0
3348;260;20231117;13;250;30;30;60;96;;45;5;79;0;0;10202;75;7;70;;5;0;0;0;0;0
3349;260;20231117;14;230;30;30;60;92;;51;8;67;0;0;10203;75;3;75;;5;0;0;0;0;0
3350;260;20231117;15;210;30;30;50;92;;44;8;30;0;0;10209;75;1;72;;5;0;0;0;0;0
3351;260;20231117;16;190;20;20;40;72;;51;2;5;0;0;10214;70;0;86;;5;0;0;0;0;0
3352;260;20231117;17;190;10;10;30;41;;38;0;0;0;0;10218;56;0;97;10.0;7;0;0;0;0;0
3353;260;20231117;18;150;10;10;20;31;-1.0;28;0;0;0;0;10223;24;0;98;10.0;7;0;0;0;0;0
3354;260;20231117;19;160;20;20;30;25;;22;0;0;0;0;10225;18;1;98;10.0;7;0;0;0;0;0
3355;260;20231117;20;150;20;20;30;33;;30;0;0;0;0;10228;12;6;98;10.0;7;0;0;0;0;0
3356;260;20231117;21;160;20;20;30;39;;36;0;0;0;0;10229;25;8;98;20.0;7;1;0;0;0;0
3357;260;20231117;22;160;20;20;40;40;;37;0;0;0;0;10232;21;8;98;10.0;7;0;0;0;0;0
3358;260;20231117;23;160;20;20;40;42;;39;0;0;0;0;10234;20;8;98;10.0;7;0;0;0;0;0
3359;260;20231117;24;160;20;10;30;42;-7.0;39;0;0;0;0;10232;15;8;98;10.0;7;0;0;0;0;0
3360;260;20231118;1;160;20;20;30;50;;47;0;0;0;0;10233;25;8;98;10.0;7;0;0;0;0;0
3361;260;20231118;2;160;20;20;40;48;;45;0;0;0;0;10233;25;8;98;10.0;7;0;0;0;0;0
3362;260;20231118;3;150;20;20;30;47;;44;0;0;0;0;10230;24;8;98;10.0;7;0;0;0;0;0
3363;260;20231118;4;150;20;30;40;49;;46;0;0;0;0;10221;27;8;98;10.0;7;0;0;0;0;0
3364;260;20231118;5;160;30;20;40;53;;50;0;0;0;0;10215;46;8;98;10.0;7;0;0;0;0;0
3365;260;20231118;6;140;30;30;50;55;18.0;52;0;0;0;0;10209;50;8;97;10.0;7;0;0;0;0;0
3366;260;20231118;7;140;30;30;50;58;;50;0;0;0;0;10207;57;8;94;10.0;7;0;0;0;0;0
3367;260;20231118;8;140;30;40;60;59;;51;0;2;0;0;10208;59;8;94;10.0;7;0;0;0;0;0
3368;260;20231118;9;150;40;40;70;61;;54;0;10;0;-1;10197;61;7;95;51.0;7;0;1;0;0;0
3369;260;20231118;10;150;40;40;70;64;;58;0;7;9;13;10189;59;8;95;82.0;7;0;1;0;0;0
3370;260;20231118;11;140;40;40;60;70;;64;0;12;5;1;10181;62;8;95;51.0;7;0;1;0;0;0
3371;260;20231118;12;150;50;60;110;75;49.0;70;0;12;10;14;10159;62;8;96;81.0;7;0;1;0;0;0
3372;260;20231118;13;150;60;70;110;77;;75;0;10;10;24;10138;48;8;98;62.0;7;0;1;0;0;0
3373;260;20231118;14;150;50;50;120;80;;77;0;7;10;38;10129;46;8;98;62.0;7;0;1;0;0;0
3374;260;20231118;15;160;60;60;100;83;;79;0;4;10;15;10116;57;8;97;61.0;7;0;1;0;0;0
3375;260;20231118;16;170;50;40;100;85;;83;0;1;10;12;10107;50;8;98;52.0;7;0;1;0;0;0
3376;260;20231118;17;170;50;40;90;90;;88;0;0;10;6;10098;36;8;98;52.0;7;0;1;0;0;0
3377;260;20231118;18;190;40;40;70;100;73.0;95;0;0;10;4;10094;62;8;97;51.0;7;0;1;0;0;0
3378;260;20231118;19;210;40;50;80;116;;113;0;0;3;1;10092;61;8;97;81.0;7;0;1;0;0;0
3379;260;20231118;20;210;50;50;90;123;;120;0;0;0;-1;10085;61;8;97;23.0;7;0;1;0;0;0
3380;260;20231118;21;230;50;50;90;130;;123;0;0;0;0;10084;64;8;95;2.0;7;0;0;0;0;0
3381;260;20231118;22;220;60;60;120;133;;125;0;0;0;0;10079;65;8;94;;5;0;0;0;0;0
3382;260;20231118;23;230;60;70;110;137;;125;0;0;0;0;10076;65;8;92;;5;0;0;0;0;0
3383;260;20231118;24;230;60;60;110;137;95.0;124;0;0;0;0;10073;65;8;91;2.0;7;0;0;0;0;0
3384;260;20231119;1;230;50;50;100;136;;123;0;0;0;0;10070;64;8;91;;5;0;0;0;0;0
3385;260;20231119;2;230;50;50;100;132;;117;0;0;0;0;10067;61;8;90;;5;0;0;0;0;0
3386;260;20231119;3;230;50;60;100;125;;108;0;0;0;0;10067;60;4;89;;5;0;0;0;0;0
3387;260;20231119;4;230;50;50;100;119;;101;0;0;0;0;10067;59;0;89;10.0;7;0;0;0;0;0
3388;260;20231119;5;230;50;50;110;115;;96;0;0;0;0;10068;59;2;88;10.0;7;0;0;0;0;0
3389;260;20231119;6;240;50;50;100;114;100.0;94;0;0;0;0;10070;59;3;87;10.0;7;0;0;0;0;0
3390;260;20231119;7;230;50;50;90;112;;91;0;0;0;0;10072;60;2;86;;5;0;0;0;0;0
3391;260;20231119;8;230;50;50;110;117;;95;0;6;0;0;10075;60;5;86;;5;0;0;0;0;0
3392;260;20231119;9;220;60;60;120;121;;95;0;25;0;0;10077;60;8;84;;5;0;0;0;0;0
3393;260;20231119;10;220;60;60;110;125;;97;0;30;0;0;10076;61;8;82;;5;0;0;0;0;0
3394;260;20231119;11;230;70;60;130;137;;99;8;95;0;0;10073;61;5;77;;5;0;0;0;0;0
3395;260;20231119;12;230;60;60;150;133;99.0;96;5;47;0;0;10070;62;7;78;;5;0;0;0;0;0
3396;260;20231119;13;240;70;50;120;135;;97;2;39;0;0;10069;64;8;77;;5;0;0;0;0;0
3397;260;20231119;14;230;60;50;130;132;;98;0;27;0;-1;10067;63;8;80;23.0;7;0;1;0;0;0
3398;260;20231119;15;230;60;50;100;128;;95;2;13;0;-1;10065;62;8;80;23.0;7;0;1;0;0;0
3399;260;20231119;16;230;60;70;120;128;;94;0;2;0;-1;10062;63;8;79;81.0;7;0;1;0;0;0
3400;260;20231119;17;220;60;60;120;115;;105;0;0;7;2;10062;56;8;93;52.0;7;0;1;0;0;0
3401;260;20231119;18;230;60;70;120;115;109.0;108;0;0;10;25;10060;50;8;95;82.0;7;0;1;0;0;0
3402;260;20231119;19;230;60;60;120;116;;111;0;0;10;23;10058;44;8;96;62.0;7;0;1;0;0;0
3403;260;20231119;20;230;60;60;130;121;;112;0;0;6;4;10057;61;8;94;51.0;7;0;1;0;0;0
3404;260;20231119;21;240;50;50;110;126;;109;0;0;3;1;10061;62;8;89;23.0;7;0;1;0;0;0
3405;260;20231119;22;250;60;60;120;129;;105;0;0;0;-1;10062;63;8;85;81.0;7;0;1;0;0;0
3406;260;20231119;23;240;60;60;130;123;;107;0;0;7;3;10065;63;8;89;51.0;7;0;1;0;0;0
3407;260;20231119;24;250;60;50;130;118;109.0;107;0;0;8;3;10069;37;8;92;52.0;7;0;1;0;0;0
3408;260;20231120;1;240;50;50;100;113;;109;0;0;10;13;10071;32;8;96;82.0;7;0;1;0;0;0
3409;260;20231120;2;240;50;50;100;111;;108;0;0;10;21;10075;28;8;97;53.0;7;0;1;0;0;0
3410;260;20231120;3;240;50;50;100;110;;107;0;0;10;25;10073;30;8;98;53.0;7;0;1;0;0;0
3411;260;20231120;4;250;50;40;90;112;;100;0;0;6;2;10073;65;8;92;22.0;7;0;1;0;0;0
3412;260;20231120;5;240;40;40;80;112;;96;0;0;1;1;10076;67;8;90;23.0;7;0;1;0;0;0
3413;260;20231120;6;230;40;40;80;109;100.0;95;0;0;0;-1;10077;64;8;90;81.0;7;0;1;0;0;0
3414;260;20231120;7;230;40;30;80;103;;94;0;0;4;3;10080;65;7;94;61.0;7;0;1;0;0;0
3415;260;20231120;8;250;40;20;110;103;;89;0;5;3;2;10084;66;8;90;23.0;7;0;1;0;0;0
3416;260;20231120;9;220;50;60;100;105;;87;8;43;0;-1;10084;63;5;88;23.0;7;0;1;0;0;0
3417;260;20231120;10;220;50;40;100;105;;88;0;27;0;-1;10082;65;7;89;23.0;7;0;1;0;0;0
3418;260;20231120;11;220;40;30;80;109;;93;2;40;0;-1;10080;66;8;89;23.0;7;0;1;0;0;0
3419;260;20231120;12;230;40;40;90;105;94.0;92;5;50;2;14;10079;50;8;91;82.0;7;0;1;0;0;0
3420;260;20231120;13;230;30;40;80;120;;89;3;49;1;2;10074;73;8;80;23.0;7;0;1;0;0;0
3421;260;20231120;14;220;40;40;70;112;;82;2;38;0;-1;10073;70;7;81;23.0;7;0;1;0;0;0
3422;260;20231120;15;220;40;40;70;108;;84;8;29;0;0;10073;70;8;85;3.0;7;0;0;0;0;0
3423;260;20231120;16;220;30;30;60;103;;86;0;5;0;0;10075;70;8;89;;5;0;0;0;0;0
3424;260;20231120;17;220;20;30;40;96;;81;0;0;0;0;10078;70;7;90;;5;0;0;0;0;0
3425;260;20231120;18;220;20;10;40;95;82.0;81;0;0;0;0;10081;65;8;91;3.0;7;0;0;0;0;0
3426;260;20231120;19;250;10;10;30;86;;79;0;0;0;0;10087;65;5;95;;5;0;0;0;0;0
3427;260;20231120;20;230;20;20;30;87;;80;0;0;0;-1;10090;62;7;95;22.0;7;0;1;0;0;0
3428;260;20231120;21;240;20;20;30;83;;78;0;0;0;0;10094;58;6;96;10.0;7;0;0;0;0;0
3429;260;20231120;22;250;20;20;30;64;;61;0;0;0;0;10099;13;1;98;10.0;7;0;0;0;0;0
3430;260;20231120;23;230;20;20;30;54;;53;0;0;0;0;10102;3;5;99;34.0;7;1;0;0;0;0
3431;260;20231120;24;230;20;20;30;43;14.0;42;0;0;0;0;10104;2;1;99;34.0;7;1;0;0;0;0
3432;260;20231121;1;220;10;10;30;41;;41;0;0;0;0;10108;3;4;99;32.0;7;1;0;0;0;0
3433;260;20231121;2;210;10;10;20;51;;48;0;0;0;0;10113;50;8;98;20.0;7;1;0;0;0;0
3434;260;20231121;3;210;10;10;20;65;;62;0;0;0;0;10116;50;8;98;10.0;7;0;0;0;0;0
3435;260;20231121;4;220;10;10;30;71;;68;0;0;0;-1;10119;56;8;98;22.0;7;0;1;0;0;0
3436;260;20231121;5;260;10;10;30;80;;77;0;0;0;-1;10126;30;8;98;57.0;7;0;1;0;0;0
3437;260;20231121;6;280;10;20;30;86;13.0;83;0;0;0;-1;10132;50;8;98;23.0;7;0;1;0;0;0
3438;260;20231121;7;300;20;20;30;92;;89;0;0;0;-1;10139;23;7;98;81.0;7;0;1;0;0;0
3439;260;20231121;8;330;20;20;30;97;;94;0;2;7;1;10146;26;8;98;81.0;7;0;1;0;0;0
3440;260;20231121;9;360;20;30;60;103;;100;0;15;4;1;10156;58;8;98;23.0;7;0;1;0;0;0
3441;260;20231121;10;20;30;40;60;103;;98;0;15;0;0;10167;59;8;96;10.0;7;0;0;0;0;0
3442;260;20231121;11;20;40;30;70;99;;94;0;16;0;0;10177;58;8;96;10.0;7;0;0;0;0;0
3443;260;20231121;12;20;30;30;70;99;79.0;93;0;13;0;-1;10182;60;8;96;23.0;7;0;1;0;0;0
3444;260;20231121;13;30;40;40;80;101;;90;0;25;0;0;10188;62;8;92;;5;0;0;0;0;0
3445;260;20231121;14;20;30;40;70;96;;91;0;18;0;-1;10195;47;8;96;57.0;7;0;1;0;0;0
3446;260;20231121;15;20;40;50;90;90;;80;0;5;0;-1;10206;60;8;93;23.0;7;0;1;0;0;0
3447;260;20231121;16;40;50;50;90;84;;68;0;2;0;0;10219;70;8;89;;5;0;0;0;0;0
3448;260;20231121;17;30;40;30;80;77;;58;0;0;0;0;10232;70;6;87;;5;0;0;0;0;0
3449;260;20231121;18;30;30;30;50;67;47.0;50;0;0;0;0;10243;70;1;89;1.0;7;0;0;0;0;0
3450;260;20231121;19;350;20;20;40;53;;46;0;0;0;0;10251;65;0;95;;5;0;0;0;0;0
3451;260;20231121;20;350;20;20;30;45;;41;0;0;0;0;10259;60;7;97;;5;0;0;0;0;0
3452;260;20231121;21;360;20;20;30;42;;39;0;0;0;0;10266;59;6;97;10.0;7;0;0;0;0;0
3453;260;20231121;22;360;20;10;30;25;;25;0;0;0;0;10274;4;7;99;34.0;7;1;0;0;0;0
3454;260;20231121;23;320;10;10;30;23;;20;0;0;0;0;10278;12;8;98;20.0;7;1;0;0;0;0
3455;260;20231121;24;350;10;10;30;28;5.0;25;0;0;0;0;10278;24;8;98;10.0;7;0;0;0;0;0
3456;260;20231122;1;360;10;10;30;28;;25;0;0;0;0;10281;10;7;98;10.0;7;0;0;0;0;0
3457;260;20231122;2;10;20;10;30;18;;18;0;0;0;0;10287;3;8;99;34.0;7;1;0;0;0;0
3458;260;20231122;3;40;10;10;30;8;;7;0;0;0;0;10286;3;8;99;33.0;7;1;0;0;0;0
3459;260;20231122;4;30;10;10;30;9;;6;0;0;0;0;10295;10;8;98;20.0;7;1;0;0;0;0
3460;260;20231122;5;90;10;20;30;18;;15;0;0;0;0;10298;29;8;98;20.0;7;1;0;0;0;0
3461;260;20231122;6;110;10;10;30;20;-14.0;17;0;0;0;0;10299;33;8;98;10.0;7;0;0;0;0;0
3462;260;20231122;7;140;10;10;30;24;;21;0;0;0;0;10300;56;8;98;10.0;7;0;0;0;0;0
3463;260;20231122;8;170;10;20;30;25;;22;0;7;0;0;10304;56;8;98;10.0;7;0;0;0;0;0
3464;260;20231122;9;170;10;20;30;37;;30;5;27;0;0;10306;58;8;95;10.0;7;0;0;0;0;0
3465;260;20231122;10;160;20;20;40;44;;36;0;43;0;0;10309;59;8;94;10.0;7;0;0;0;0;0
3466;260;20231122;11;170;30;30;50;50;;39;2;55;0;0;10303;60;8;92;;5;0;0;0;0;0
3467;260;20231122;12;180;30;30;50;55;4.0;41;5;60;0;0;10293;60;8;90;;5;0;0;0;0;0
3468;260;20231122;13;190;30;30;60;59;;39;5;69;0;0;10286;63;8;86;;5;0;0;0;0;0
3469;260;20231122;14;180;30;40;60;56;;42;0;20;0;0;10282;61;8;90;;5;0;0;0;0;0
3470;260;20231122;15;190;40;40;70;52;;41;0;9;0;-1;10278;61;8;92;51.0;7;0;1;0;0;0
3471;260;20231122;16;190;40;40;70;50;;42;0;1;0;-1;10272;57;8;94;57.0;7;0;1;0;0;0
3472;260;20231122;17;200;40;40;80;54;;40;0;0;0;-1;10267;58;8;90;23.0;7;0;1;0;0;0
3473;260;20231122;18;200;50;40;80;56;46.0;39;0;0;0;0;10265;60;8;89;2.0;7;0;0;0;0;0
3474;260;20231122;19;200;40;50;70;59;;42;0;0;0;0;10257;61;8;88;;5;0;0;0;0;0
3475;260;20231122;20;210;40;40;80;67;;49;0;0;0;0;10252;62;8;88;;5;0;0;0;0;0
3476;260;20231122;21;220;40;40;80;70;;65;0;0;5;1;10249;26;8;96;52.0;7;0;1;0;0;0
3477;260;20231122;22;220;40;40;90;75;;72;0;0;4;1;10243;38;8;98;22.0;7;0;1;0;0;0
3478;260;20231122;23;210;40;40;70;81;;79;0;0;0;0;10239;49;8;98;10.0;7;0;0;0;0;0
3479;260;20231122;24;220;40;40;60;89;50.0;85;0;0;0;0;10236;57;8;97;10.0;7;0;0;0;0;0
3480;260;20231123;1;230;40;40;60;94;;89;0;0;0;0;10229;60;8;96;;5;0;0;0;0;0
3481;260;20231123;2;230;40;40;80;95;;89;0;0;0;0;10226;62;8;95;;5;0;0;0;0;0
3482;260;20231123;3;230;40;40;70;96;;89;0;0;0;0;10225;65;8;95;;5;0;0;0;0;0
3483;260;20231123;4;230;40;40;70;97;;88;0;0;0;0;10223;65;4;94;;5;0;0;0;0;0
3484;260;20231123;5;240;40;40;70;95;;86;0;0;0;0;10222;65;5;94;;5;0;0;0;0;0
3485;260;20231123;6;230;40;40;80;94;81.0;86;0;0;0;0;10217;65;0;95;;5;0;0;0;0;0
3486;260;20231123;7;230;40;50;80;97;;88;0;0;0;0;10214;65;0;94;;5;0;0;0;0;0
3487;260;20231123;8;240;40;40;80;95;;88;0;6;0;0;10214;65;0;95;;5;0;0;0;0;0
3488;260;20231123;9;240;40;50;80;109;;98;5;24;0;0;10210;65;7;92;;5;0;0;0;0;0
3489;260;20231123;10;250;40;40;90;127;;101;5;56;0;0;10202;70;7;83;;5;0;0;0;0;0
3490;260;20231123;11;250;50;50;100;130;;100;0;45;0;0;10198;70;8;82;;5;0;0;0;0;0
3491;260;20231123;12;250;60;50;120;132;82.0;101;0;41;0;0;10190;70;8;81;;5;0;0;0;0;0
3492;260;20231123;13;260;60;70;130;132;;100;0;48;0;0;10180;70;8;81;;5;0;0;0;0;0
3493;260;20231123;14;260;60;70;130;129;;98;0;11;0;0;10173;70;8;81;;5;0;0;0;0;0
3494;260;20231123;15;260;70;70;130;129;;94;3;14;0;0;10163;75;6;79;;5;0;0;0;0;0
3495;260;20231123;16;260;60;60;140;127;;96;0;1;0;0;10164;70;8;81;;5;0;0;0;0;0
3496;260;20231123;17;260;60;60;130;128;;98;0;0;0;0;10156;70;8;82;;5;0;0;0;0;0
3497;260;20231123;18;260;60;60;110;127;119.0;101;0;0;0;0;10151;70;8;84;;5;0;0;0;0;0
3498;260;20231123;19;270;50;50;110;123;;108;0;0;5;2;10144;50;8;90;81.0;7;0;1;0;0;0
3499;260;20231123;20;280;60;60;160;126;;105;0;0;5;7;10140;70;8;87;23.0;7;0;1;0;0;0
3500;260;20231123;21;290;60;60;130;111;;88;0;0;2;1;10141;64;8;85;51.0;7;0;1;0;0;0
3501;260;20231123;22;310;60;70;120;111;;53;0;0;0;-1;10142;69;8;67;22.0;7;0;1;0;0;0
3502;260;20231123;23;310;50;40;120;102;;48;0;0;0;0;10142;68;6;69;;5;0;0;0;0;0
3503;260;20231123;24;320;50;40;120;85;72.0;50;0;0;0;0;10146;75;6;78;2.0;7;0;0;0;0;0
3504;260;20231124;1;290;40;40;100;87;;42;0;0;0;-1;10142;75;8;72;23.0;7;0;1;0;0;0
3505;260;20231124;2;290;40;50;100;86;;35;0;0;0;0;10139;75;8;70;;5;0;0;0;0;0
3506;260;20231124;3;280;40;30;80;75;;38;0;0;0;0;10134;75;8;77;2.0;7;0;0;0;0;0
3507;260;20231124;4;310;40;50;90;73;;41;0;0;2;2;10131;69;7;80;81.0;7;0;1;0;0;0
3508;260;20231124;5;300;40;30;70;67;;45;0;0;2;3;10126;70;8;86;23.0;7;0;1;0;0;0
3509;260;20231124;6;290;40;40;110;64;55.0;44;0;0;3;4;10124;70;8;86;81.0;7;0;1;0;0;0
3510;260;20231124;7;300;40;40;150;61;;34;0;0;3;4;10122;70;6;82;23.0;7;0;1;0;0;0
3511;260;20231124;8;320;40;60;120;66;;35;0;2;0;-1;10124;75;8;80;81.0;7;0;1;0;0;0
3512;260;20231124;9;320;50;50;120;57;;36;2;18;3;5;10119;70;6;86;23.0;7;0;1;0;0;0
3513;260;20231124;10;310;50;40;120;58;;31;5;43;3;4;10117;70;4;82;23.0;7;0;1;0;0;0
3514;260;20231124;11;310;50;30;130;61;;32;3;57;2;2;10112;68;7;81;81.0;7;0;1;0;0;0
3515;260;20231124;12;320;50;60;120;67;44.0;33;5;66;1;3;10105;61;7;78;81.0;7;0;1;0;0;0
3516;260;20231124;13;330;50;50;130;57;;29;2;49;4;14;10102;62;7;82;81.0;7;0;1;0;0;0
3517;260;20231124;14;320;60;80;170;66;;22;3;30;1;1;10097;75;6;73;23.0;7;0;1;0;0;0
3518;260;20231124;15;320;60;80;170;52;;23;3;13;2;2;10101;56;7;81;81.0;7;0;1;0;0;0
3519;260;20231124;16;310;60;60;180;52;;13;0;1;3;1;10102;75;7;75;23.0;7;0;1;0;0;0
3520;260;20231124;17;310;60;50;140;52;;22;0;0;4;2;10100;70;7;81;81.0;7;0;1;0;0;0
3521;260;20231124;18;310;50;50;120;59;39.0;22;0;0;2;2;10100;75;5;77;23.0;7;0;1;0;0;0
3522;260;20231124;19;330;50;50;150;66;;18;0;0;0;-1;10104;73;4;71;23.0;7;0;1;0;0;0
3523;260;20231124;20;330;60;60;140;64;;3;0;0;0;0;10107;82;3;64;;5;0;0;0;0;0
3524;260;20231124;21;330;60;60;120;66;;-4;0;0;0;0;10114;81;1;60;1.0;7;0;0;0;0;0
3525;260;20231124;22;330;50;40;110;59;;13;0;0;0;0;10120;71;1;72;;5;0;0;0;0;0
3526;260;20231124;23;310;40;30;90;52;;13;0;0;0;0;10125;75;0;75;;5;0;0;0;0;0
3527;260;20231124;24;320;30;40;80;57;29.0;22;0;0;0;0;10131;75;3;78;3.0;7;0;0;0;0;0
3528;260;20231125;1;350;40;40;90;55;;22;0;0;0;-1;10132;75;8;79;51.0;7;0;1;0;0;0
3529;260;20231125;2;310;30;30;80;53;;17;0;0;0;-1;10133;73;4;77;22.0;7;0;1;0;0;0
3530;260;20231125;3;280;30;30;50;51;;13;0;0;0;-1;10130;75;3;76;23.0;7;0;1;0;0;0
3531;260;20231125;4;300;30;40;60;58;;18;0;0;0;0;10130;75;8;75;;5;0;0;0;0;0
3532;260;20231125;5;320;30;30;90;49;;33;0;0;3;7;10128;50;7;89;82.0;7;0;1;0;0;0
3533;260;20231125;6;290;30;30;110;47;18.0;25;0;0;3;4;10122;70;7;85;81.0;7;0;1;0;0;0
3534;260;20231125;7;270;30;30;80;47;;26;0;0;0;-1;10123;70;7;86;23.0;7;0;1;0;0;0
3535;260;20231125;8;340;30;40;90;55;;33;0;3;2;1;10124;70;7;85;81.0;7;0;1;0;0;0
3536;260;20231125;9;310;30;40;100;60;;31;5;26;2;1;10126;70;8;81;23.0;7;0;1;0;0;0
3537;260;20231125;10;290;30;40;90;71;;37;5;46;0;-1;10125;75;7;78;23.0;7;0;1;0;0;0
3538;260;20231125;11;320;40;50;100;74;;40;5;69;2;1;10125;70;7;79;81.0;7;0;1;0;0;0
3539;260;20231125;12;310;50;50;90;77;32.0;37;5;61;0;-1;10121;75;7;75;23.0;7;0;1;0;0;0
3540;260;20231125;13;310;50;40;130;73;;36;5;59;0;0;10122;75;3;77;;5;0;0;0;0;0
3541;260;20231125;14;320;50;70;120;69;;43;5;38;2;4;10122;60;8;83;81.0;7;0;1;0;0;0
3542;260;20231125;15;320;40;30;120;66;;44;3;12;2;1;10125;70;6;85;23.0;7;0;1;0;0;0
3543;260;20231125;16;300;30;30;60;67;;34;0;2;0;0;10127;75;5;79;;5;0;0;0;0;0
3544;260;20231125;17;320;30;30;70;65;;33;0;0;0;0;10132;75;0;80;;5;0;0;0;0;0
3545;260;20231125;18;320;30;20;60;57;31.0;30;0;0;0;0;10137;70;1;82;3.0;7;0;0;0;0;0
3546;260;20231125;19;310;20;10;30;30;;22;0;0;0;0;10143;65;0;94;;5;0;0;0;0;0
3547;260;20231125;20;260;20;20;30;25;;21;0;0;0;0;10146;64;5;97;;5;0;0;0;0;0
3548;260;20231125;21;270;10;10;30;16;;12;0;0;0;0;10148;60;0;97;;5;0;0;0;0;0
3549;260;20231125;22;270;20;20;30;13;;9;0;0;0;0;10149;62;0;97;;5;0;0;0;0;0
3550;260;20231125;23;280;20;20;40;15;;11;0;0;0;0;10152;62;1;97;;5;0;0;0;0;0
3551;260;20231125;24;280;20;20;30;18;-22.0;15;0;0;0;0;10152;65;5;97;;5;0;0;0;0;0
3552;260;20231126;1;270;20;20;40;5;;1;0;0;0;0;10153;65;2;97;;5;0;0;0;0;0
3553;260;20231126;2;270;20;20;30;-2;;-6;0;0;0;0;10155;65;7;97;;5;0;0;0;0;0
3554;260;20231126;3;250;20;20;30;-5;;-8;0;0;0;0;10153;59;7;98;10.0;7;0;0;0;0;0
3555;260;20231126;4;260;20;20;50;27;;23;0;0;0;0;10155;65;8;97;;5;0;0;0;0;0
3556;260;20231126;5;240;20;20;40;39;;35;0;0;0;-1;10155;65;8;96;23.0;7;0;1;0;0;0
3557;260;20231126;6;230;10;10;30;38;-32.0;35;0;0;0;-1;10155;65;8;97;81.0;7;0;1;0;0;0
3558;260;20231126;7;230;20;20;30;46;;39;0;0;0;-1;10154;65;8;95;23.0;7;0;1;0;0;0
3559;260;20231126;8;250;20;10;40;51;;42;0;2;0;0;10156;65;8;93;;5;0;0;0;0;0
3560;260;20231126;9;230;20;20;40;58;;46;0;16;0;0;10155;65;8;91;2.0;7;0;0;0;0;0
3561;260;20231126;10;240;20;20;30;67;;49;0;32;0;0;10155;70;8;88;;5;0;0;0;0;0
3562;260;20231126;11;240;20;20;40;73;;51;0;31;0;0;10151;70;8;86;;5;0;0;0;0;0
3563;260;20231126;12;250;30;20;50;72;25.0;63;0;28;0;-1;10150;65;8;93;57.0;7;0;1;0;0;0
3564;260;20231126;13;240;20;30;40;74;;61;0;23;0;-1;10146;65;8;91;51.0;7;0;1;0;0;0
3565;260;20231126;14;240;30;30;50;72;;61;0;16;0;-1;10143;65;8;92;51.0;7;0;1;0;0;0
3566;260;20231126;15;240;30;20;60;66;;61;0;5;10;7;10138;58;8;96;82.0;7;0;1;0;0;0
3567;260;20231126;16;230;20;20;50;65;;58;0;1;7;2;10135;65;8;95;23.0;7;0;1;0;0;0
3568;260;20231126;17;220;20;20;40;62;;53;0;0;0;0;10130;65;8;93;;5;0;0;0;0;0
3569;260;20231126;18;220;30;30;50;63;52.0;46;0;0;0;0;10127;70;8;88;2.0;7;0;0;0;0;0
3570;260;20231126;19;210;40;40;70;61;;46;0;0;0;0;10122;70;8;89;;5;0;0;0;0;0
3571;260;20231126;20;210;40;30;70;57;;43;0;0;0;0;10117;67;8;90;;5;0;0;0;0;0
3572;260;20231126;21;200;30;40;70;56;;42;0;0;0;-1;10111;65;8;90;51.0;7;0;1;0;0;0
3573;260;20231126;22;180;30;30;60;53;;45;0;0;0;-1;10101;59;8;94;51.0;7;0;1;0;0;0
3574;260;20231126;23;200;30;40;70;54;;48;0;0;6;2;10093;56;8;95;52.0;7;0;1;0;0;0
3575;260;20231126;24;200;50;50;90;54;49.0;48;0;0;10;4;10084;57;8;96;58.0;7;0;1;0;0;0
3576;260;20231127;1;200;50;50;90;53;;47;0;0;10;4;10072;59;8;95;61.0;7;0;1;0;0;0
3577;260;20231127;2;190;50;50;90;50;;40;0;0;5;1;10061;65;8;92;51.0;7;0;1;0;0;0
3578;260;20231127;3;180;50;50;90;49;;42;0;0;9;6;10046;60;8;95;81.0;7;0;1;0;0;0
3579;260;20231127;4;190;50;40;100;49;;43;0;0;10;12;10035;59;8;95;62.0;7;0;1;0;0;0
3580;260;20231127;5;190;50;50;110;46;;40;0;0;10;18;10024;62;8;95;61.0;7;0;1;0;0;0
3581;260;20231127;6;170;50;40;80;45;41.0;38;0;0;10;10;10012;65;8;95;61.0;7;0;1;0;0;0
3582;260;20231127;7;150;40;40;70;42;;38;0;0;10;6;10001;61;8;96;61.0;7;0;1;0;0;0
3583;260;20231127;8;160;30;30;60;42;;39;0;0;10;10;9991;59;8;97;62.0;7;0;1;0;0;0
3584;260;20231127;9;150;40;30;60;43;;41;0;3;10;10;9984;59;8;98;62.0;7;0;1;0;0;0
3585;260;20231127;10;140;30;30;50;44;;40;0;6;10;10;9974;60;8;97;61.0;7;0;1;0;0;0
3586;260;20231127;11;140;30;30;50;49;;47;0;13;10;6;9964;59;8;98;61.0;7;0;1;0;0;0
3587;260;20231127;12;140;30;30;50;52;39.0;48;0;13;10;11;9952;60;8;97;61.0;7;0;1;0;0;0
3588;260;20231127;13;120;30;30;50;55;;51;0;19;10;8;9942;65;8;97;51.0;7;0;1;0;0;0
3589;260;20231127;14;100;30;30;40;55;;53;0;9;10;3;9935;50;8;98;52.0;7;0;1;0;0;0
3590;260;20231127;15;60;20;20;40;54;;53;0;4;8;2;9931;57;8;98;81.0;7;0;1;0;0;0
3591;260;20231127;16;40;30;40;60;52;;49;0;0;10;4;9930;50;8;98;61.0;7;0;1;0;0;0
3592;260;20231127;17;30;50;40;90;36;;32;0;0;10;13;9933;59;8;97;62.0;7;0;1;0;0;0
3593;260;20231127;18;30;50;50;90;27;25.0;21;0;0;10;15;9939;59;8;95;62.0;7;0;1;0;0;0
3594;260;20231127;19;30;50;50;80;19;;14;0;0;10;8;9945;58;8;96;61.0;7;0;1;0;0;0
3595;260;20231127;20;30;50;40;100;20;;15;0;0;10;5;9951;56;8;96;58.0;7;0;1;0;0;0
3596;260;20231127;21;40;50;50;100;25;;18;0;0;4;1;9956;65;8;94;23.0;7;0;1;0;0;0
3597;260;20231127;22;40;60;50;110;30;;15;0;0;0;0;9965;70;8;89;;5;0;0;0;0;0
3598;260;20231127;23;20;60;70;110;31;;13;0;0;0;0;9979;70;8;88;;5;0;0;0;0;0
3599;260;20231127;24;40;60;60;110;28;16.0;9;0;0;0;0;9988;70;8;87;2.0;7;0;0;0;0;0
3600;260;20231128;1;20;50;50;110;23;;7;0;0;0;0;9999;70;8;88;;5;0;0;0;0;0
3601;260;20231128;2;20;50;50;110;21;;1;0;0;0;0;10012;70;8;86;;5;0;0;0;0;0
3602;260;20231128;3;30;60;60;110;18;;-11;0;0;0;0;10022;70;8;81;;5;0;0;0;0;0
3603;260;20231128;4;20;50;40;100;6;;-23;0;0;0;0;10032;75;0;80;;5;0;0;0;0;0
3604;260;20231128;5;20;40;40;80;5;;-19;0;0;0;0;10041;70;0;83;;5;0;0;0;0;0
3605;260;20231128;6;30;40;30;80;6;-10.0;-20;0;0;0;0;10047;70;0;82;;5;0;0;0;0;0
3606;260;20231128;7;360;20;30;50;2;;-19;0;0;0;0;10058;70;0;85;;5;0;0;0;0;0
3607;260;20231128;8;40;20;10;40;3;;-16;2;5;0;0;10065;70;0;86;;5;0;0;0;0;0
3608;260;20231128;9;10;10;10;30;15;;-11;10;34;0;0;10071;70;0;82;;5;0;0;0;0;0
3609;260;20231128;10;30;10;10;30;27;;-12;10;67;0;0;10077;75;0;75;;5;0;0;0;0;0
3610;260;20231128;11;270;10;20;30;33;;-12;10;89;0;0;10078;75;0;72;;5;0;0;0;0;0
3611;260;20231128;12;300;20;20;30;37;-29.0;-12;10;88;0;0;10078;75;1;70;;5;0;0;0;0;0
3612;260;20231128;13;300;20;20;40;43;;-6;10;85;0;0;10079;75;3;70;;5;0;0;0;0;0
3613;260;20231128;14;270;20;20;30;41;;-4;8;44;0;0;10077;75;0;72;;5;0;0;0;0;0
3614;260;20231128;15;240;20;30;50;35;;-8;8;29;0;0;10078;75;2;73;;5;0;0;0;0;0
3615;260;20231128;16;210;30;30;50;24;;-10;0;3;0;0;10074;75;1;78;;5;0;0;0;0;0
3616;260;20231128;17;220;30;30;60;21;;-10;0;0;0;0;10071;75;4;79;;5;0;0;0;0;0
3617;260;20231128;18;210;40;50;70;24;3.0;-6;0;0;0;0;10064;75;8;80;;5;0;0;0;0;0
3618;260;20231128;19;220;60;50;110;28;;7;0;0;0;0;10056;70;7;86;;5;0;0;0;0;0
3619;260;20231128;20;220;60;60;100;27;;7;0;0;0;-1;10051;70;8;87;81.0;7;0;1;0;0;0
3620;260;20231128;21;250;50;40;100;22;;14;0;0;6;10;10051;25;8;94;68.0;7;0;1;1;0;0
3621;260;20231128;22;220;30;40;70;17;;13;0;0;8;24;10044;64;8;97;67.0;7;0;1;1;0;0
3622;260;20231128;23;210;30;30;60;17;;14;0;0;8;11;10040;47;8;98;61.0;7;0;1;1;0;0
3623;260;20231128;24;190;20;30;60;19;6.0;13;0;0;3;4;10025;65;7;95;24.0;7;0;1;1;0;0
3624;260;20231129;1;210;40;40;70;26;;15;0;0;9;6;10017;65;7;92;24.0;7;0;1;1;0;0
3625;260;20231129;2;220;30;30;60;29;;17;0;0;4;2;10012;65;8;91;23.0;7;0;1;0;0;0
3626;260;20231129;3;250;40;50;120;36;;15;0;0;3;3;10005;70;8;86;81.0;7;0;1;0;0;0
3627;260;20231129;4;240;50;50;110;33;;15;0;0;3;3;9993;70;7;87;81.0;7;0;1;0;0;0
3628;260;20231129;5;240;60;50;110;31;;10;0;0;0;-1;9990;70;3;86;23.0;7;0;1;0;0;0
3629;260;20231129;6;270;40;30;100;35;10.0;11;0;0;0;-1;9994;70;7;84;23.0;7;0;1;0;0;0
3630;260;20231129;7;300;30;20;70;34;;14;0;0;0;-1;10005;70;7;86;23.0;7;0;1;0;0;0
3631;260;20231129;8;320;20;30;50;32;;10;0;3;0;0;10013;70;5;85;;5;0;0;0;0;0
3632;260;20231129;9;300;20;20;40;36;;10;8;31;0;0;10021;70;2;83;1.0;7;0;0;0;0;0
3633;260;20231129;10;300;30;20;60;40;;9;8;62;0;0;10025;75;7;80;;5;0;0;0;0;0
3634;260;20231129;11;300;20;30;50;41;;2;5;61;0;-1;10026;75;8;75;51.0;7;0;1;0;0;0
3635;260;20231129;12;290;30;30;50;34;14.0;5;0;26;0;-1;10027;70;8;81;23.0;7;0;1;0;0;0
3636;260;20231129;13;230;30;20;50;33;;18;2;38;5;4;10027;70;8;90;24.0;7;0;1;1;0;0
3637;260;20231129;14;270;20;20;40;37;;9;8;52;0;-1;10027;70;8;81;23.0;7;0;1;0;0;0
3638;260;20231129;15;230;20;10;40;30;;12;8;18;0;-1;10025;70;8;88;23.0;7;0;1;0;0;0
3639;260;20231129;16;210;10;10;30;21;;11;0;1;0;0;10025;65;8;93;;5;0;0;0;0;0
3640;260;20231129;17;210;10;10;30;9;;5;0;0;0;0;10026;65;8;97;;5;0;0;0;0;0
3641;260;20231129;18;220;10;20;30;15;-15.0;9;0;0;0;0;10027;65;8;95;2.0;7;0;0;0;0;0
3642;260;20231129;19;230;20;20;30;15;;7;0;0;0;0;10029;65;8;93;;5;0;0;0;0;0
3643;260;20231129;20;200;20;10;30;-2;;-7;0;0;0;0;10030;65;7;96;;5;0;0;0;0;0
3644;260;20231129;21;160;10;10;30;6;;2;0;0;0;0;10029;65;8;97;;5;0;0;0;0;0
3645;260;20231129;22;990;10;10;40;10;;6;0;0;0;-1;10029;65;8;97;51.0;7;0;1;0;0;0
3646;260;20231129;23;140;10;10;30;-3;;-6;0;0;0;-1;10029;56;8;98;22.0;7;0;1;0;0;0
3647;260;20231129;24;120;10;10;30;-1;-22.0;-4;0;0;0;0;10027;50;8;98;10.0;7;0;0;0;0;0
3648;260;20231130;1;140;10;10;30;1;;-2;0;0;0;0;10023;57;8;98;10.0;7;0;0;0;0;0
3649;260;20231130;2;140;10;10;20;0;;-2;0;0;0;0;10020;48;8;98;10.0;7;0;0;0;0;0
3650;260;20231130;3;150;10;10;20;-1;;-4;0;0;0;0;10018;56;8;98;10.0;7;0;0;0;0;0
3651;260;20231130;4;120;10;10;20;-5;;-8;0;0;0;0;10018;35;8;98;10.0;7;0;0;0;0;0
3652;260;20231130;5;20;10;10;30;-5;;-6;0;0;0;0;10016;39;8;98;10.0;7;0;0;0;0;0
3653;260;20231130;6;990;10;10;30;-1;-19.0;-4;0;0;0;0;10017;46;8;98;10.0;7;0;0;0;0;0
3654;260;20231130;7;30;10;10;30;2;;-1;0;0;0;0;10019;37;8;98;10.0;7;0;0;0;0;0
3655;260;20231130;8;20;10;20;30;1;;-1;0;2;0;0;10022;40;7;98;10.0;7;0;0;0;0;0
3656;260;20231130;9;360;20;10;30;-2;;-2;0;10;0;0;10021;2;9;99;35.0;7;1;0;0;0;1
3657;260;20231130;10;40;10;10;30;0;;0;0;31;0;0;10021;1;9;99;34.0;7;1;0;0;0;0
3658;260;20231130;11;350;10;20;30;6;;6;0;52;0;0;10021;7;8;99;32.0;7;1;0;0;0;0
3659;260;20231130;12;10;20;10;30;6;-9.0;6;0;35;0;0;10021;6;8;99;34.0;7;1;0;0;0;0
3660;260;20231130;13;50;10;10;30;7;;4;0;32;0;0;10018;13;8;98;20.0;7;1;0;0;0;0
3661;260;20231130;14;320;10;10;30;7;;7;0;21;0;0;10019;4;9;99;34.0;7;1;0;0;0;0
3662;260;20231130;15;10;10;10;30;3;;3;0;9;0;0;10021;3;9;99;34.0;7;1;0;0;0;0
3663;260;20231130;16;30;10;10;30;-3;;-3;0;1;0;0;10023;2;8;99;35.0;7;1;0;0;0;1
3664;260;20231130;17;140;10;10;30;-4;;-4;0;0;0;0;10023;4;9;99;35.0;7;1;0;0;0;1
3665;260;20231130;18;150;20;20;30;-7;-4.0;-7;0;0;0;0;10025;1;9;99;35.0;7;1;0;0;0;1
3666;260;20231130;19;40;10;10;30;-10;;-10;0;0;0;0;10028;0;9;99;35.0;7;1;0;0;0;1
3667;260;20231130;20;0;10;0;30;-13;;-14;0;0;0;0;10031;1;9;99;35.0;7;1;0;0;0;1
3668;260;20231130;21;130;10;20;30;-13;;-14;0;0;0;0;10031;1;9;99;35.0;7;1;0;0;0;1
3669;260;20231130;22;80;20;20;30;-13;;-13;0;0;0;0;10038;1;9;99;35.0;7;1;0;0;0;1
3670;260;20231130;23;90;10;20;40;-12;;-13;0;0;0;0;10041;3;9;99;35.0;7;1;0;0;0;1
3671;260;20231130;24;90;30;30;40;-16;-15.0;-17;0;0;0;0;10046;7;8;99;35.0;7;1;0;0;0;1
3672;260;20231201;1;80;30;30;50;-13;;-16;0;0;0;0;10050;15;8;98;20.0;7;1;0;0;0;1
3673;260;20231201;2;90;30;30;50;-14;;-16;0;0;0;0;10053;37;8;98;10.0;7;0;0;0;0;0
3674;260;20231201;3;70;20;20;50;-11;;-14;0;0;0;0;10054;50;8;98;10.0;7;0;0;0;0;0
3675;260;20231201;4;40;10;10;30;-10;;-14;0;0;0;0;10056;56;8;96;10.0;7;0;0;0;0;0
3676;260;20231201;5;50;10;10;30;-7;;-11;0;0;0;0;10060;50;8;97;10.0;7;0;0;0;0;0
3677;260;20231201;6;30;10;20;30;-4;-16.0;-14;0;0;0;0;10064;56;8;92;10.0;7;0;0;0;0;0
3678;260;20231201;7;50;10;10;30;-3;;-10;0;0;0;0;10069;50;8;95;10.0;7;0;0;0;0;0
3679;260;20231201;8;70;20;30;40;-1;;-19;0;2;0;0;10075;57;8;88;10.0;7;0;0;0;0;0
3680;260;20231201;9;40;30;20;50;-4;;-24;0;13;0;0;10077;60;8;86;;5;0;0;0;0;0
3681;260;20231201;10;40;20;20;40;-8;;-28;0;24;0;0;10082;60;7;86;;5;0;0;0;0;0
3682;260;20231201;11;60;20;20;30;-1;;-26;3;55;0;0;10082;63;1;83;;5;0;0;0;0;0
3683;260;20231201;12;60;20;30;40;5;-15.0;-27;10;95;0;0;10081;68;2;79;;5;0;0;0;0;0
3684;260;20231201;13;60;20;30;40;5;;-24;10;85;0;0;10083;69;2;81;;5;0;0;0;0;0
3685;260;20231201;14;50;20;20;30;1;;-30;8;48;0;0;10083;68;0;79;;5;0;0;0;0;0
3686;260;20231201;15;60;20;20;30;-6;;-31;7;19;0;0;10085;67;0;82;;5;0;0;0;0;0
3687;260;20231201;16;100;20;30;40;-17;;-37;0;2;0;0;10091;63;0;86;;5;0;0;0;0;0
3688;260;20231201;17;90;30;20;40;-24;;-40;0;0;0;0;10095;62;0;88;;5;0;0;0;0;0
3689;260;20231201;18;30;20;20;30;-24;-50.0;-38;0;0;0;0;10100;60;6;90;;5;0;0;0;0;0
3690;260;20231201;19;50;20;10;40;-25;;-40;0;0;0;0;10100;60;7;88;;5;0;0;0;0;0
3691;260;20231201;20;10;20;20;30;-25;;-40;0;0;0;0;10103;59;8;89;10.0;7;0;0;0;0;0
3692;260;20231201;21;100;10;10;30;-31;;-43;0;0;0;0;10104;58;5;91;10.0;7;0;0;0;0;0
3693;260;20231201;22;990;10;10;30;-26;;-38;0;0;0;0;10108;57;8;91;10.0;7;0;0;0;0;0
3694;260;20231201;23;0;10;0;20;-27;;-37;0;0;0;0;10109;58;8;92;10.0;7;0;0;0;0;0
3695;260;20231201;24;120;10;10;10;-23;-53.0;-34;0;0;0;0;10108;58;8;92;10.0;7;0;0;0;0;0
3696;260;20231202;1;0;0;0;10;-23;;-31;0;0;0;0;10107;57;8;94;10.0;7;0;0;0;0;0
3697;260;20231202;2;0;10;0;20;-21;;-31;0;0;0;0;10111;57;8;92;10.0;7;0;0;0;0;0
3698;260;20231202;3;180;10;10;10;-33;;-37;0;0;0;0;10110;48;5;96;10.0;7;0;0;0;0;0
3699;260;20231202;4;190;10;10;30;-30;;-32;0;0;0;0;10111;50;8;98;10.0;7;0;0;0;0;0
3700;260;20231202;5;210;20;10;30;-26;;-36;0;0;0;0;10116;57;8;92;10.0;7;0;0;0;0;0
3701;260;20231202;6;210;10;10;30;-30;-47.0;-40;0;0;0;0;10119;56;4;92;10.0;7;0;0;0;0;0
3702;260;20231202;7;240;10;10;30;-36;;-43;0;0;0;0;10126;44;6;94;10.0;7;0;0;0;0;0
3703;260;20231202;8;220;20;20;30;-31;;-37;0;3;0;0;10131;50;5;95;10.0;7;0;0;0;0;0
3704;260;20231202;9;210;20;20;30;-22;;-30;0;13;0;0;10137;50;7;93;10.0;7;0;0;0;0;0
3705;260;20231202;10;230;20;20;30;-12;;-25;0;27;0;0;10141;50;8;90;10.0;7;0;0;0;0;0
3706;260;20231202;11;240;20;30;40;-2;;-24;0;33;0;0;10139;58;8;85;10.0;7;0;0;0;0;0
3707;260;20231202;12;240;20;20;40;11;-54.0;-15;8;82;0;0;10139;58;0;83;10.0;7;0;0;0;0;0
3708;260;20231202;13;240;20;10;30;14;;-6;2;53;0;0;10142;57;8;86;10.0;7;0;0;0;0;0
3709;260;20231202;14;220;20;30;40;21;;0;5;39;0;0;10144;57;4;86;10.0;7;0;0;0;0;0
3710;260;20231202;15;230;20;20;40;16;;2;8;28;0;0;10150;56;8;90;10.0;7;0;0;0;0;0
3711;260;20231202;16;210;20;20;40;7;;1;0;2;0;0;10158;33;7;95;10.0;7;0;0;0;0;0
3712;260;20231202;17;220;20;30;40;11;;3;0;0;0;0;10163;48;8;94;10.0;7;0;0;0;0;0
3713;260;20231202;18;230;30;30;50;16;-1.0;7;0;0;0;-1;10169;50;8;93;51.0;7;0;1;0;0;0
3714;260;20231202;19;220;30;30;60;13;;7;0;0;0;-1;10170;56;7;95;23.0;7;0;1;0;0;0
3715;260;20231202;20;240;30;40;80;16;;6;0;0;0;0;10173;61;8;93;;5;0;0;0;0;0
3716;260;20231202;21;230;20;10;60;13;;4;0;0;0;0;10179;63;7;94;1.0;7;0;0;0;0;0
3717;260;20231202;22;230;20;20;50;14;;11;0;0;0;0;10178;27;8;98;10.0;7;0;0;0;0;0
3718;260;20231202;23;220;30;40;60;14;;10;0;0;0;0;10182;41;8;97;10.0;7;0;0;0;0;0
3719;260;20231202;24;220;30;30;60;15;1.0;12;0;0;0;0;10185;32;8;98;10.0;7;0;0;0;0;0
3720;260;20231203;1;230;30;20;50;16;;14;0;0;0;0;10185;30;8;98;10.0;7;0;0;0;0;0
3721;260;20231203;2;210;20;20;40;19;;15;0;0;0;0;10189;42;8;97;10.0;7;0;0;0;0;0
3722;260;20231203;3;220;30;30;50;20;;14;0;0;0;0;10190;47;8;96;10.0;7;0;0;0;0;0
3723;260;20231203;4;190;30;30;60;10;;1;0;0;0;0;10191;58;6;93;10.0;7;0;0;0;0;0
3724;260;20231203;5;190;30;30;40;1;;-5;0;0;0;0;10193;58;1;95;10.0;7;0;0;0;0;0
3725;260;20231203;6;150;20;30;40;-9;-26.0;-13;0;0;0;0;10194;39;1;97;10.0;7;0;0;0;0;0
3726;260;20231203;7;160;30;30;50;-10;;-16;0;0;0;0;10198;48;2;95;10.0;7;0;0;0;0;0
3727;260;20231203;8;170;30;30;50;-10;;-17;0;3;0;0;10199;50;7;94;10.0;7;0;0;0;0;0
3728;260;20231203;9;170;30;30;50;-4;;-17;10;25;0;0;10203;56;8;91;10.0;7;0;0;0;0;0
3729;260;20231203;10;170;30;40;60;7;;-20;7;48;0;0;10198;59;8;82;10.0;7;0;0;0;0;0
3730;260;20231203;11;160;40;30;70;13;;-18;7;64;0;0;10195;64;8;79;;5;0;0;0;0;0
3731;260;20231203;12;170;40;40;70;14;-26.0;-24;2;52;0;0;10188;69;8;75;;5;0;0;0;0;0
3732;260;20231203;13;170;40;40;70;23;;-17;5;52;0;0;10188;69;8;75;;5;0;0;0;0;0
3733;260;20231203;14;180;50;50;90;24;;-29;0;21;0;0;10182;80;8;68;;5;0;0;0;0;0
3734;260;20231203;15;160;40;40;80;19;;-23;0;6;0;0;10177;70;8;73;;5;0;0;0;0;0
3735;260;20231203;16;150;50;50;80;18;;-19;0;1;0;0;10170;69;8;76;;5;0;0;0;0;0
3736;260;20231203;17;150;50;50;80;19;;-16;0;0;0;0;10165;68;8;77;;5;0;0;0;0;0
3737;260;20231203;18;150;50;50;90;7;3.0;-1;0;0;0;-1;10161;42;8;93;67.0;7;0;1;1;0;0
3738;260;20231203;19;150;60;60;100;2;;-1;0;0;10;3;10156;20;8;98;71.0;7;0;1;1;0;0
3739;260;20231203;20;140;50;50;90;2;;-1;0;0;10;8;10149;23;8;98;71.0;7;0;0;1;0;0
3740;260;20231203;21;150;50;50;90;2;;-1;0;0;10;9;10142;23;8;98;72.0;7;0;1;1;0;0
3741;260;20231203;22;150;50;50;90;5;;2;0;0;5;2;10133;58;8;97;24.0;7;0;1;1;0;0
3742;260;20231203;23;150;50;40;90;6;;1;0;0;0;0;10130;59;8;96;10.0;7;0;0;0;0;0
3743;260;20231203;24;150;40;40;70;9;0.0;-3;0;0;0;0;10124;63;7;91;1.0;7;0;0;0;0;0
3744;260;20231204;1;150;40;40;60;10;;-2;0;0;8;4;10119;59;8;91;58.0;7;0;1;0;0;0
3745;260;20231204;2;150;40;40;70;11;;-4;0;0;1;1;10113;63;8;90;23.0;7;0;1;0;0;0
3746;260;20231204;3;140;40;40;70;10;;-6;0;0;0;-1;10105;64;8;89;23.0;7;0;1;0;0;0
3747;260;20231204;4;140;40;50;80;11;;-10;0;0;0;0;10096;66;8;85;;5;0;0;0;0;0
3748;260;20231204;5;140;50;50;90;12;;-12;0;0;0;0;10091;70;8;84;;5;0;0;0;0;0
3749;260;20231204;6;140;50;60;90;11;2.0;-13;0;0;0;0;10084;70;8;83;2.0;7;0;0;0;0;0
3750;260;20231204;7;140;50;50;100;13;;-17;0;0;0;0;10078;75;6;80;;5;0;0;0;0;0
3751;260;20231204;8;140;50;50;80;14;;-20;0;1;0;0;10075;75;7;78;;5;0;0;0;0;0
3752;260;20231204;9;130;50;50;80;16;;-25;0;10;0;0;10070;75;8;74;;5;0;0;0;0;0
3753;260;20231204;10;140;50;60;90;20;;-30;0;21;0;0;10069;80;8;69;;5;0;0;0;0;0
3754;260;20231204;11;130;50;50;70;24;;-28;0;34;0;0;10058;80;8;68;;5;0;0;0;0;0
3755;260;20231204;12;130;50;50;90;25;4.0;-20;0;32;0;0;10051;75;8;72;;5;0;0;0;0;0
3756;260;20231204;13;120;50;50;80;25;;-18;0;30;0;-1;10042;75;8;73;22.0;7;0;1;0;0;0
3757;260;20231204;14;110;50;50;80;24;;-14;0;8;0;0;10034;75;8;76;;5;0;0;0;0;0
3758;260;20231204;15;120;50;50;80;22;;-9;0;7;0;-1;10028;75;8;80;22.0;7;0;1;0;0;0
3759;260;20231204;16;120;50;50;90;21;;3;0;1;0;-1;10022;66;8;87;51.0;7;0;1;0;0;0
3760;260;20231204;17;110;50;50;100;17;;9;0;0;5;3;10018;61;8;94;57.0;7;0;1;0;0;0
3761;260;20231204;18;100;50;50;70;16;12.0;11;0;0;5;3;10014;50;8;96;81.0;7;0;1;0;0;0
3762;260;20231204;19;100;40;50;70;16;;12;0;0;10;17;10010;35;8;97;58.0;7;0;1;1;0;0
3763;260;20231204;20;100;50;40;80;17;;14;0;0;9;2;10005;20;8;98;61.0;7;0;1;0;0;0
3764;260;20231204;21;100;50;50;80;20;;17;0;0;3;1;10000;47;8;97;23.0;7;0;1;0;0;0
3765;260;20231204;22;100;50;50;80;22;;19;0;0;3;1;9998;22;8;97;52.0;7;0;1;0;0;0
3766;260;20231204;23;90;50;50;80;24;;22;0;0;8;1;9996;26;8;97;81.0;7;0;1;0;0;0
3767;260;20231204;24;80;40;40;70;24;13.0;22;0;0;5;1;9994;30;8;98;51.0;7;0;1;0;0;0
3768;260;20231205;1;60;30;40;60;24;;22;0;0;10;7;9991;36;8;98;81.0;7;0;1;0;0;0
3769;260;20231205;2;60;40;40;70;22;;21;0;0;10;3;9992;22;8;98;61.0;7;0;1;0;0;0
3770;260;20231205;3;60;40;40;60;21;;19;0;0;10;2;9993;21;8;98;52.0;7;0;1;0;0;0
3771;260;20231205;4;50;40;30;60;19;;17;0;0;0;-1;9992;28;8;98;23.0;7;0;1;0;0;0
3772;260;20231205;5;50;30;30;60;17;;14;0;0;0;-1;9997;24;8;98;57.0;7;0;1;0;0;0
3773;260;20231205;6;40;30;40;60;16;14.0;13;0;0;10;8;10000;32;8;97;61.0;7;0;1;0;0;0
3774;260;20231205;7;30;40;40;60;16;;14;0;0;9;3;10005;35;8;98;61.0;7;0;1;0;0;0
3775;260;20231205;8;40;30;40;60;17;;14;0;1;7;3;10013;38;8;97;58.0;7;0;1;0;0;0
3776;260;20231205;9;30;40;40;70;17;;14;0;11;0;-1;10018;33;8;98;23.0;7;0;1;0;0;0
3777;260;20231205;10;10;30;30;60;16;;14;0;7;0;0;10025;44;8;98;10.0;7;0;0;0;0;0
3778;260;20231205;11;10;30;30;60;17;;15;0;11;0;0;10031;37;8;98;10.0;7;0;0;0;0;0
3779;260;20231205;12;360;30;30;60;18;14.0;13;0;15;0;0;10035;43;8;97;10.0;7;0;0;0;0;0
3780;260;20231205;13;360;30;30;50;17;;12;0;10;0;0;10039;43;8;96;10.0;7;0;0;0;0;0
3781;260;20231205;14;350;30;30;50;18;;13;0;8;0;0;10043;47;8;96;10.0;7;0;0;0;0;0
3782;260;20231205;15;360;30;30;50;16;;10;0;4;0;0;10052;45;8;96;10.0;7;0;0;0;0;0
3783;260;20231205;16;340;30;30;50;15;;10;0;0;0;0;10061;48;8;96;10.0;7;0;0;0;0;0
3784;260;20231205;17;340;30;20;60;14;;7;0;0;0;0;10067;50;8;95;10.0;7;0;0;0;0;0
3785;260;20231205;18;340;30;30;60;15;12.0;4;0;0;0;0;10072;58;8;92;10.0;7;0;0;0;0;0
3786;260;20231205;19;330;20;20;50;16;;4;0;0;0;0;10079;58;8;92;10.0;7;0;0;0;0;0
3787;260;20231205;20;320;20;30;40;15;;5;0;0;0;-1;10084;57;8;92;81.0;7;0;1;0;0;0
3788;260;20231205;21;320;20;20;40;18;;6;0;0;0;-1;10089;59;8;91;23.0;7;0;1;0;0;0
3789;260;20231205;22;330;30;20;50;18;;10;0;0;0;0;10093;57;8;94;10.0;7;0;0;0;0;0
3790;260;20231205;23;320;30;30;50;19;;11;0;0;0;-1;10100;50;8;94;22.0;7;0;1;0;0;0
3791;260;20231205;24;290;20;20;50;19;12.0;13;0;0;0;-1;10106;50;8;95;22.0;7;0;1;0;0;0
3792;260;20231206;1;300;20;20;40;22;;17;0;0;0;-1;10110;50;8;96;51.0;7;0;1;0;0;0
3793;260;20231206;2;290;20;20;40;26;;20;0;0;0;-1;10115;58;8;95;51.0;7;0;1;0;0;0
3794;260;20231206;3;290;20;20;40;28;;20;0;0;0;-1;10119;56;8;94;57.0;7;0;1;0;0;0
3795;260;20231206;4;290;20;20;40;30;;26;0;0;5;1;10120;57;8;96;61.0;7;0;1;0;0;0
3796;260;20231206;5;300;20;20;40;36;;31;0;0;2;1;10124;60;8;96;23.0;7;0;1;0;0;0
3797;260;20231206;6;290;20;20;40;39;16.0;29;0;0;0;-1;10129;63;8;93;23.0;7;0;1;0;0;0
3798;260;20231206;7;300;20;20;40;41;;24;0;0;0;0;10133;69;8;88;;5;0;0;0;0;0
3799;260;20231206;8;280;20;10;30;38;;22;0;1;0;0;10138;70;8;89;;5;0;0;0;0;0
3800;260;20231206;9;280;20;20;40;36;;16;0;13;0;0;10143;70;3;86;;5;0;0;0;0;0
3801;260;20231206;10;270;20;20;40;51;;17;5;42;0;0;10148;75;2;78;;5;0;0;0;0;0
3802;260;20231206;11;270;20;20;40;63;;23;3;58;0;0;10148;75;7;75;;5;0;0;0;0;0
3803;260;20231206;12;290;30;30;50;54;21.0;27;0;30;0;0;10150;70;8;82;;5;0;0;0;0;0
3804;260;20231206;13;280;20;30;50;65;;26;10;80;0;0;10151;75;1;76;;5;0;0;0;0;0
3805;260;20231206;14;280;20;20;40;55;;27;2;24;0;0;10153;70;3;81;;5;0;0;0;0;0
3806;260;20231206;15;250;20;10;40;53;;27;8;24;0;0;10158;70;5;83;;5;0;0;0;0;0
3807;260;20231206;16;270;20;20;30;34;;20;0;2;0;0;10166;70;0;90;;5;0;0;0;0;0
3808;260;20231206;17;270;20;20;30;16;;12;0;0;0;0;10172;65;0;97;;5;0;0;0;0;0
3809;260;20231206;18;260;10;10;30;2;-28.0;-1;0;0;0;0;10176;56;0;98;10.0;7;0;0;0;0;0
3810;260;20231206;19;250;20;20;30;3;;0;0;0;0;0;10181;59;2;98;10.0;7;0;0;0;0;0
3811;260;20231206;20;0;0;0;30;-14;;-17;0;0;0;0;10185;39;0;98;10.0;7;0;0;0;0;0
3812;260;20231206;21;150;10;10;10;-20;;-21;0;0;0;0;10188;3;3;99;35.0;7;1;0;0;0;1
3813;260;20231206;22;230;10;20;30;-25;;-28;0;0;0;0;10190;39;2;98;20.0;7;1;0;0;0;1
3814;260;20231206;23;240;20;30;40;-21;;-24;0;0;0;0;10195;56;0;98;10.0;7;0;0;0;0;0
3815;260;20231206;24;220;20;10;30;-24;-57.0;-27;0;0;0;0;10195;56;1;98;10.0;7;0;0;0;0;0
3816;260;20231207;1;90;10;10;30;-27;;-29;0;0;0;0;10193;50;0;98;10.0;7;0;0;0;0;0
3817;260;20231207;2;160;10;10;10;-34;;-36;0;0;0;0;10195;56;2;97;10.0;7;0;0;0;0;0
3818;260;20231207;3;130;10;10;20;-28;;-29;0;0;0;0;10194;56;8;98;10.0;7;0;0;0;0;0
3819;260;20231207;4;140;10;20;30;-24;;-24;0;0;0;0;10197;1;9;99;35.0;7;1;0;0;0;1
3820;260;20231207;5;150;20;20;30;-15;;-16;0;0;0;0;10196;2;9;99;35.0;7;1;0;0;0;1
3821;260;20231207;6;180;20;30;50;-9;-60.0;-9;0;0;0;0;10195;1;9;99;35.0;7;1;0;0;0;1
3822;260;20231207;7;160;30;30;50;-9;;-10;0;0;0;0;10196;1;9;99;35.0;7;1;0;0;0;1
3823;260;20231207;8;160;30;40;60;-10;;-11;0;1;0;0;10197;2;9;99;35.0;7;1;0;0;0;1
3824;260;20231207;9;150;40;40;60;-6;;-6;0;8;0;0;10195;2;9;99;35.0;7;1;0;0;0;1
3825;260;20231207;10;150;40;40;70;-3;;-4;0;15;0;0;10193;4;9;99;35.0;7;1;0;0;0;0
3826;260;20231207;11;140;50;50;80;-1;;-1;0;19;0;0;10185;7;9;99;35.0;7;1;0;0;0;1
3827;260;20231207;12;140;40;30;70;4;-11.0;4;0;20;0;0;10177;5;9;99;34.0;7;1;0;0;0;1
3828;260;20231207;13;120;30;40;60;10;;7;0;20;0;0;10164;22;8;98;20.0;7;1;0;0;0;0
3829;260;20231207;14;130;40;30;70;16;;13;0;16;0;0;10158;50;8;98;10.0;7;0;0;0;0;0
3830;260;20231207;15;110;40;50;70;19;;17;0;10;0;0;10148;42;8;98;10.0;7;0;0;0;0;0
3831;260;20231207;16;110;40;40;60;10;;7;0;1;0;0;10141;47;8;97;10.0;7;0;0;0;0;0
3832;260;20231207;17;110;50;50;80;14;;10;0;0;0;0;10130;45;8;96;10.0;7;0;0;0;0;0
3833;260;20231207;18;120;50;50;80;23;0.0;7;0;0;0;0;10124;64;8;89;2.0;7;0;0;0;0;0
3834;260;20231207;19;130;50;50;80;21;;4;0;0;0;0;10117;68;8;88;;5;0;0;0;0;0
3835;260;20231207;20;130;50;60;90;24;;1;0;0;0;0;10104;70;8;84;;5;0;0;0;0;0
3836;260;20231207;21;120;50;50;100;24;;-3;0;0;0;0;10092;70;8;82;;5;0;0;0;0;0
3837;260;20231207;22;120;60;50;100;25;;-5;0;0;0;0;10085;75;8;80;;5;0;0;0;0;0
3838;260;20231207;23;140;50;50;90;25;;-5;0;0;0;0;10085;72;8;80;;5;0;0;0;0;0
3839;260;20231207;24;140;50;50;90;25;11.0;-3;0;0;0;-1;10079;70;8;81;81.0;7;0;1;0;0;0
3840;260;20231208;1;120;40;40;70;24;;3;0;0;0;-1;10068;65;8;85;51.0;7;0;1;0;0;0
3841;260;20231208;2;130;40;40;80;28;;0;0;0;0;-1;10068;67;8;82;22.0;7;0;1;0;0;0
3842;260;20231208;3;130;40;40;70;23;;9;0;0;8;3;10058;60;8;89;57.0;7;0;1;0;0;0
3843;260;20231208;4;140;40;40;70;22;;10;0;0;9;3;10053;59;8;91;51.0;7;0;1;0;0;0
3844;260;20231208;5;150;40;40;60;23;;13;0;0;0;-1;10055;59;8;93;23.0;7;0;1;0;0;0
3845;260;20231208;6;140;30;30;60;24;17.0;14;0;0;0;0;10052;58;8;93;10.0;7;0;0;0;0;0
3846;260;20231208;7;140;30;30;50;25;;20;0;0;0;0;10054;32;8;96;10.0;7;0;0;0;0;0
3847;260;20231208;8;160;30;30;50;27;;25;0;0;0;-1;10057;19;8;98;51.0;7;0;1;0;0;0
3848;260;20231208;9;180;30;30;50;33;;30;0;1;0;-1;10062;12;8;98;22.0;7;0;1;0;0;0
3849;260;20231208;10;180;20;20;40;38;;38;0;7;0;0;10064;7;9;99;34.0;7;1;0;0;0;0
3850;260;20231208;11;160;20;20;30;47;;47;0;15;0;0;10064;3;9;99;34.0;7;1;0;0;0;0
3851;260;20231208;12;210;20;20;40;61;21.0;61;0;20;0;0;10065;3;9;99;33.0;7;1;0;0;0;0
3852;260;20231208;13;220;30;30;60;71;;70;0;15;0;0;10067;5;9;99;32.0;7;1;0;0;0;0
3853;260;20231208;14;190;30;30;60;76;;73;0;10;0;0;10071;16;8;98;20.0;7;1;0;0;0;0
3854;260;20231208;15;210;30;30;60;81;;78;0;4;0;0;10075;42;8;98;10.0;7;0;0;0;0;0
3855;260;20231208;16;190;30;30;50;83;;79;0;1;0;0;10081;50;8;97;10.0;7;0;0;0;0;0
3856;260;20231208;17;190;30;40;60;84;;79;0;0;0;0;10083;50;8;96;10.0;7;0;0;0;0;0
3857;260;20231208;18;200;30;40;60;82;62.0;76;0;0;0;0;10084;50;7;95;10.0;7;0;0;0;0;0
3858;260;20231208;19;190;40;40;70;78;;73;0;0;0;0;10087;56;7;96;10.0;7;0;0;0;0;0
3859;260;20231208;20;180;40;40;70;73;;68;0;0;0;0;10089;57;8;96;10.0;7;0;0;0;0;0
3860;260;20231208;21;200;40;40;70;77;;70;0;0;0;0;10091;57;8;95;10.0;7;0;0;0;0;0
3861;260;20231208;22;200;40;40;70;76;;69;0;0;0;0;10091;58;8;95;10.0;7;0;0;0;0;0
3862;260;20231208;23;200;30;40;70;75;;69;0;0;0;0;10094;59;8;95;10.0;7;0;0;0;0;0
3863;260;20231208;24;200;40;40;70;74;62.0;67;0;0;0;0;10095;59;8;95;10.0;7;0;0;0;0;0
3864;260;20231209;1;200;40;40;80;73;;66;0;0;0;0;10096;60;8;95;;5;0;0;0;0;0
3865;260;20231209;2;190;40;30;80;68;;62;0;0;0;0;10091;61;6;95;;5;0;0;0;0;0
3866;260;20231209;3;180;40;40;70;63;;59;0;0;0;0;10085;60;1;96;;5;0;0;0;0;0
3867;260;20231209;4;180;40;50;80;62;;57;0;0;0;0;10082;60;3;96;;5;0;0;0;0;0
3868;260;20231209;5;170;40;40;80;59;;54;0;0;0;0;10077;59;8;96;10.0;7;0;0;0;0;0
3869;260;20231209;6;170;40;50;80;63;45.0;57;0;0;0;0;10071;61;7;95;;5;0;0;0;0;0
3870;260;20231209;7;170;50;60;90;67;;59;0;0;0;0;10060;61;8;94;;5;0;0;0;0;0
3871;260;20231209;8;170;50;50;100;72;;60;0;1;0;0;10055;65;8;92;;5;0;0;0;0;0
3872;260;20231209;9;170;60;60;100;74;;60;0;8;0;0;10043;65;8;91;;5;0;0;0;0;0
3873;260;20231209;10;170;50;60;100;78;;63;0;16;0;0;10029;70;8;89;;5;0;0;0;0;0
3874;260;20231209;11;160;50;50;100;84;;65;0;25;0;0;10010;70;8;88;;5;0;0;0;0;0
3875;260;20231209;12;150;60;60;100;82;55.0;70;0;17;5;3;9984;63;8;92;81.0;7;0;1;0;0;0
3876;260;20231209;13;160;60;60;110;80;;70;0;15;10;9;9962;57;8;93;61.0;7;0;1;0;0;0
3877;260;20231209;14;150;70;70;130;78;;68;0;5;10;27;9934;58;8;93;62.0;7;0;1;0;0;0
3878;260;20231209;15;160;80;70;140;75;;69;0;3;10;12;9915;50;8;95;61.0;7;0;1;0;0;0
3879;260;20231209;16;170;70;60;140;75;;72;0;0;10;7;9906;38;8;97;52.0;7;0;1;0;0;0
3880;260;20231209;17;170;60;60;100;78;;75;0;0;10;6;9900;56;8;97;52.0;7;0;1;0;0;0
3881;260;20231209;18;210;50;50;90;93;70.0;90;0;0;10;10;9901;34;8;98;58.0;7;0;1;0;0;0
3882;260;20231209;19;260;60;60;140;108;;83;0;0;5;2;9911;67;8;84;23.0;7;0;1;0;0;0
3883;260;20231209;20;250;60;50;130;103;;58;0;0;0;0;9924;66;8;73;;5;0;0;0;0;0
3884;260;20231209;21;260;60;70;140;106;;57;0;0;0;0;9934;68;8;71;2.0;7;0;0;0;0;0
3885;260;20231209;22;250;60;60;120;99;;50;0;0;0;0;9949;67;5;71;;5;0;0;0;0;0
3886;260;20231209;23;240;60;60;120;99;;48;0;0;0;0;9958;65;6;71;;5;0;0;0;0;0
3887;260;20231209;24;250;70;80;150;93;79.0;60;0;0;2;1;9965;57;8;79;58.0;7;0;1;0;0;0
3888;260;20231210;1;230;70;80;140;87;;61;0;0;10;10;9965;59;8;83;61.0;7;0;1;0;0;0
3889;260;20231210;2;230;70;80;140;91;;56;0;0;9;5;9969;61;8;78;61.0;7;0;1;0;0;0
3890;260;20231210;3;250;80;90;170;89;;58;0;0;10;21;9975;58;8;81;62.0;7;0;1;0;0;0
3891;260;20231210;4;250;90;90;180;87;;60;0;0;10;17;9982;58;8;83;61.0;7;0;1;0;0;0
3892;260;20231210;5;260;90;100;180;97;;51;0;0;5;2;9991;65;8;73;23.0;7;0;1;0;0;0
3893;260;20231210;6;250;90;100;170;97;75.0;49;0;0;0;0;10006;66;8;71;2.0;7;0;0;0;0;0
3894;260;20231210;7;260;90;80;200;98;;47;0;0;0;0;10020;66;8;70;;5;0;0;0;0;0
3895;260;20231210;8;260;80;80;180;98;;46;0;0;0;0;10034;68;8;70;;5;0;0;0;0;0
3896;260;20231210;9;250;70;60;140;96;;48;0;4;0;0;10043;67;8;72;;5;0;0;0;0;0
3897;260;20231210;10;250;60;50;130;99;;51;2;25;0;0;10049;69;8;72;;5;0;0;0;0;0
3898;260;20231210;11;250;60;50;110;99;;53;3;45;0;0;10048;69;7;72;;5;0;0;0;0;0
3899;260;20231210;12;240;50;50;120;108;86.0;60;5;55;0;0;10045;68;7;72;;5;0;0;0;0;0
3900;260;20231210;13;230;50;50;110;101;;63;0;34;0;0;10042;72;8;77;;5;0;0;0;0;0
3901;260;20231210;14;210;50;50;80;100;;73;0;21;0;0;10035;63;8;83;;5;0;0;0;0;0
3902;260;20231210;15;200;50;60;90;103;;77;0;6;0;-1;10023;62;8;83;81.0;7;0;1;0;0;0
3903;260;20231210;16;180;60;50;110;99;;66;0;1;0;-1;10007;66;8;79;81.0;7;0;1;0;0;0
3904;260;20231210;17;180;60;60;100;87;;70;0;0;9;5;9987;59;8;88;62.0;7;0;1;0;0;0
3905;260;20231210;18;180;60;60;100;81;76.0;75;0;0;10;25;9968;50;8;96;58.0;7;0;1;0;0;0
3906;260;20231210;19;210;70;70;130;96;;88;0;0;8;5;9960;65;8;94;51.0;7;0;1;0;0;0
3907;260;20231210;20;240;70;60;140;109;;95;0;0;0;-1;9964;65;7;91;22.0;7;0;1;0;0;0
3908;260;20231210;21;240;70;60;120;107;;83;0;0;0;0;9970;70;0;84;1.0;7;0;0;0;0;0
3909;260;20231210;22;250;70;60;150;107;;71;0;0;0;0;9978;66;1;78;;5;0;0;0;0;0
3910;260;20231210;23;230;50;60;130;96;;81;0;0;0;0;9981;61;2;89;;5;0;0;0;0;0
3911;260;20231210;24;230;60;60;110;98;76.0;79;0;0;0;0;9979;60;1;88;1.0;7;0;0;0;0;0
3912;260;20231211;1;220;60;60;120;101;;81;0;0;0;0;9977;59;7;87;10.0;7;0;0;0;0;0
3913;260;20231211;2;220;60;70;130;99;;84;0;0;3;4;9970;57;8;90;81.0;7;0;1;0;0;0
3914;260;20231211;3;230;70;70;120;97;;86;0;0;7;10;9962;59;8;92;61.0;7;0;1;0;0;0
3915;260;20231211;4;230;60;60;130;101;;86;0;0;1;3;9959;56;8;90;81.0;7;0;1;0;0;0
3916;260;20231211;5;230;70;70;130;103;;79;0;0;3;2;9954;59;8;84;61.0;7;0;1;0;0;0
3917;260;20231211;6;230;80;70;150;101;84.0;79;0;0;0;-1;9950;61;8;86;23.0;7;0;1;0;0;0
3918;260;20231211;7;240;80;80;160;96;;81;0;0;5;4;9951;58;8;90;81.0;7;0;1;0;0;0
3919;260;20231211;8;260;90;90;190;97;;76;0;0;0;-1;9961;60;8;86;23.0;7;0;1;0;0;0
3920;260;20231211;9;270;80;80;160;100;;67;0;6;0;0;9980;75;8;79;2.0;7;0;0;0;0;0
3921;260;20231211;10;270;60;70;140;95;;76;0;16;0;-1;9998;62;8;87;23.0;7;0;1;0;0;0
3922;260;20231211;11;270;60;50;120;92;;74;0;20;2;1;10008;70;8;88;23.0;7;0;1;0;0;0
3923;260;20231211;12;270;60;60;130;97;84.0;61;0;32;0;0;10017;75;8;78;2.0;7;0;0;0;0;0
3924;260;20231211;13;270;50;50;110;98;;67;0;25;0;0;10024;70;8;81;;5;0;0;0;0;0
3925;260;20231211;14;270;50;40;100;94;;72;0;14;0;-1;10030;63;8;86;81.0;7;0;1;0;0;0
3926;260;20231211;15;270;40;30;80;93;;70;0;5;3;1;10039;70;8;85;23.0;7;0;1;0;0;0
3927;260;20231211;16;260;30;30;70;89;;76;0;0;0;-1;10044;65;8;91;81.0;7;0;1;0;0;0
3928;260;20231211;17;270;30;30;80;84;;79;0;0;8;10;10049;56;8;96;62.0;7;0;1;0;0;0
3929;260;20231211;18;260;30;30;60;83;71.0;76;0;0;3;3;10056;58;8;95;81.0;7;0;1;0;0;0
3930;260;20231211;19;260;20;20;40;83;;77;0;0;1;1;10062;65;8;96;23.0;7;0;1;0;0;0
3931;260;20231211;20;250;30;30;60;87;;82;0;0;1;6;10066;56;8;96;82.0;7;0;1;0;0;0
3932;260;20231211;21;220;20;20;50;85;;81;0;0;7;6;10069;60;8;97;23.0;7;0;1;0;0;0
3933;260;20231211;22;230;30;30;70;85;;80;0;0;4;3;10075;65;8;96;23.0;7;0;1;0;0;0
3934;260;20231211;23;230;30;20;40;81;;73;0;0;0;-1;10076;65;8;94;51.0;7;0;1;0;0;0
3935;260;20231211;24;230;20;20;40;77;59.0;69;0;0;0;-1;10074;65;7;94;22.0;7;0;1;0;0;0
3936;260;20231212;1;220;20;30;40;67;;59;0;0;0;0;10075;65;1;94;;5;0;0;0;0;0
3937;260;20231212;2;210;20;20;40;51;;47;0;0;0;0;10072;65;2;97;;5;0;0;0;0;0
3938;260;20231212;3;200;20;20;40;59;;54;0;0;0;0;10071;65;7;96;;5;0;0;0;0;0
3939;260;20231212;4;160;20;10;40;49;;46;0;0;0;0;10067;56;7;98;10.0;7;0;0;0;0;0
3940;260;20231212;5;150;20;20;30;47;;44;0;0;0;0;10063;32;7;98;10.0;7;0;0;0;0;0
3941;260;20231212;6;150;20;20;30;53;8.0;50;0;0;0;0;10060;32;8;98;10.0;7;0;0;0;0;0
3942;260;20231212;7;150;20;20;40;59;;56;0;0;0;0;10054;25;8;98;10.0;7;0;0;0;0;0
3943;260;20231212;8;130;30;20;40;67;;64;0;1;9;7;10049;34;8;98;52.0;7;0;1;0;0;0
3944;260;20231212;9;140;30;30;50;73;;70;0;8;3;2;10043;50;8;98;23.0;7;0;1;0;0;0
3945;260;20231212;10;150;30;40;60;80;;77;0;23;0;0;10033;60;8;97;;5;0;0;0;0;0
3946;260;20231212;11;150;30;40;60;91;;82;0;44;0;0;10025;63;8;93;;5;0;0;0;0;0
3947;260;20231212;12;140;30;30;50;96;48.0;86;2;48;0;0;10012;63;8;93;2.0;7;0;0;0;0;0
3948;260;20231212;13;170;30;40;60;104;;96;0;27;3;4;10003;56;8;94;58.0;7;0;1;0;0;0
3949;260;20231212;14;160;40;40;70;99;;95;0;13;1;4;9994;65;8;97;23.0;7;0;1;0;0;0
3950;260;20231212;15;160;30;30;60;98;;93;0;2;4;2;9988;65;8;97;81.0;7;0;1;0;0;0
3951;260;20231212;16;200;30;30;60;105;;99;0;1;0;-1;9981;65;8;95;23.0;7;0;1;0;0;0
3952;260;20231212;17;220;20;20;50;93;;81;0;0;9;59;9976;65;8;92;81.0;7;0;1;0;0;0
3953;260;20231212;18;190;20;30;50;97;82.0;87;0;0;0;-1;9970;65;6;93;23.0;7;0;1;0;0;0
3954;260;20231212;19;160;30;20;50;90;;81;0;0;0;-1;9965;65;8;94;23.0;7;0;1;0;0;0
3955;260;20231212;20;230;20;30;60;91;;85;0;0;4;17;9964;65;8;95;81.0;7;0;1;0;1;0
3956;260;20231212;21;180;20;30;50;89;;83;0;0;8;12;9962;63;8;96;61.0;7;0;1;0;0;0
3957;260;20231212;22;200;30;30;50;85;;74;0;0;0;-1;9962;65;8;92;81.0;7;0;1;0;0;0
3958;260;20231212;23;180;30;30;50;82;;74;0;0;4;3;9961;65;8;94;23.0;7;0;1;0;0;0
3959;260;20231212;24;190;40;30;60;83;73.0;75;0;0;0;-1;9957;65;8;94;81.0;7;0;1;0;0;0
3960;260;20231213;1;180;30;30;80;83;;78;0;0;5;7;9955;65;8;96;23.0;7;0;1;0;0;0
3961;260;20231213;2;200;40;30;70;84;;74;0;0;0;0;9957;65;8;93;;5;0;0;0;0;0
3962;260;20231213;3;200;30;30;60;83;;74;0;0;0;0;9955;65;8;94;2.0;7;0;0;0;0;0
3963;260;20231213;4;180;30;30;50;83;;76;0;0;0;0;9953;64;8;94;;5;0;0;0;0;0
3964;260;20231213;5;180;20;20;40;80;;76;0;0;0;0;9953;59;8;97;10.0;7;0;0;0;0;0
3965;260;20231213;6;150;20;20;30;77;72.0;76;0;0;0;0;9952;57;8;98;10.0;7;0;0;0;0;0
3966;260;20231213;7;180;20;20;40;82;;78;0;0;0;0;9954;61;8;97;;5;0;0;0;0;0
3967;260;20231213;8;150;20;20;30;81;;79;0;1;2;2;9957;47;8;98;81.0;7;0;1;0;0;0
3968;260;20231213;9;150;20;20;30;83;;81;0;4;4;2;9960;56;8;98;81.0;7;0;1;0;0;0
3969;260;20231213;10;190;20;20;30;89;;86;0;17;6;7;9965;57;8;97;51.0;7;0;1;0;0;0
3970;260;20231213;11;200;20;20;30;93;;85;0;30;0;-1;9969;60;8;94;22.0;7;0;1;0;0;0
3971;260;20231213;12;210;20;10;30;93;73.0;85;0;33;0;0;9972;57;8;94;10.0;7;0;0;0;0;0
3972;260;20231213;13;50;10;10;20;97;;85;0;31;0;0;9976;63;8;92;;5;0;0;0;0;0
3973;260;20231213;14;310;0;10;10;95;;85;0;11;0;0;9981;64;8;93;;5;0;0;0;0;0
3974;260;20231213;15;10;20;10;30;89;;82;0;2;0;-1;9990;61;8;95;57.0;7;0;1;0;0;0
3975;260;20231213;16;60;10;20;40;86;;84;0;0;5;2;10000;49;8;98;58.0;7;0;1;0;0;0
3976;260;20231213;17;30;20;20;40;85;;82;0;0;0;-1;10011;57;8;98;23.0;7;0;1;0;0;0
3977;260;20231213;18;20;20;20;40;85;78.0;82;0;0;3;1;10024;47;8;98;22.0;7;0;1;0;0;0
3978;260;20231213;19;10;20;20;40;84;;80;0;0;0;0;10035;41;8;97;10.0;7;0;0;0;0;0
3979;260;20231213;20;10;30;30;50;84;;80;0;0;0;0;10046;43;8;97;10.0;7;0;0;0;0;0
3980;260;20231213;21;20;40;30;70;74;;67;0;0;0;0;10059;61;8;95;;5;0;0;0;0;0
3981;260;20231213;22;20;40;40;90;60;;55;0;0;0;0;10072;57;8;96;10.0;7;0;0;0;0;0
3982;260;20231213;23;20;40;40;70;57;;51;0;0;0;0;10085;62;8;95;;5;0;0;0;0;0
3983;260;20231213;24;10;40;40;70;55;51.0;47;0;0;0;0;10095;63;8;94;;5;0;0;0;0;0
3984;260;20231214;1;360;40;30;70;53;;45;0;0;0;0;10105;62;8;94;;5;0;0;0;0;0
3985;260;20231214;2;350;30;40;70;53;;43;0;0;0;0;10115;65;8;93;;5;0;0;0;0;0
3986;260;20231214;3;350;30;30;50;53;;42;0;0;0;0;10126;63;8;92;;5;0;0;0;0;0
3987;260;20231214;4;350;30;40;60;51;;38;0;0;0;0;10131;65;8;91;;5;0;0;0;0;0
3988;260;20231214;5;340;30;20;50;50;;36;0;0;0;0;10142;70;8;90;;5;0;0;0;0;0
3989;260;20231214;6;330;30;20;50;48;43.0;31;0;0;0;0;10153;70;8;88;;5;0;0;0;0;0
3990;260;20231214;7;350;30;30;60;45;;24;0;0;0;0;10165;70;8;86;;5;0;0;0;0;0
3991;260;20231214;8;360;30;30;60;45;;21;0;0;0;0;10173;70;8;84;;5;0;0;0;0;0
3992;260;20231214;9;350;20;20;40;47;;25;0;3;0;0;10181;70;8;85;;5;0;0;0;0;0
3993;260;20231214;10;10;20;20;40;55;;23;5;33;0;0;10190;75;8;80;;5;0;0;0;0;0
3994;260;20231214;11;990;10;10;30;58;;24;3;55;0;0;10196;75;8;78;;5;0;0;0;0;0
3995;260;20231214;12;300;10;10;30;63;39.0;23;8;74;0;0;10201;75;8;75;;5;0;0;0;0;0
3996;260;20231214;13;990;10;10;30;63;;26;0;36;0;0;10201;75;8;77;;5;0;0;0;0;0
3997;260;20231214;14;230;20;20;40;60;;30;0;25;0;0;10208;70;8;81;;5;0;0;0;0;0
3998;260;20231214;15;210;20;20;40;60;;29;0;7;0;0;10216;75;8;80;;5;0;0;0;0;0
3999;260;20231214;16;200;20;20;40;52;;48;0;0;0;-1;10223;58;8;97;22.0;7;0;1;0;0;0
4000;260;20231214;17;190;20;20;30;56;;44;0;0;0;0;10230;65;8;91;;5;0;0;0;0;0
4001;260;20231214;18;190;20;20;30;55;43.0;45;0;0;0;0;10234;65;8;93;2.0;7;0;0;0;0;0
4002;260;20231214;19;220;20;20;40;58;;48;0;0;0;0;10241;65;8;93;;5;0;0;0;0;0
4003;260;20231214;20;210;20;20;40;63;;45;0;0;0;0;10248;70;8;88;;5;0;0;0;0;0
4004;260;20231214;21;210;30;30;60;63;;50;0;0;0;0;10253;65;8;91;;5;0;0;0;0;0
4005;260;20231214;22;210;30;30;50;66;;49;0;0;0;0;10256;70;8;88;;5;0;0;0;0;0
4006;260;20231214;23;220;40;40;60;67;;54;0;0;0;0;10261;58;8;91;10.0;7;0;0;0;0;0
4007;260;20231214;24;210;40;30;60;66;45.0;61;0;0;0;0;10268;56;8;96;10.0;7;0;0;0;0;0
4008;260;20231215;1;230;30;30;60;67;;64;0;0;0;-1;10272;48;8;97;23.0;7;0;1;0;0;0
4009;260;20231215;2;220;30;20;50;69;;66;0;0;0;0;10278;42;8;97;10.0;7;0;0;0;0;0
4010;260;20231215;3;230;20;30;50;69;;66;0;0;0;0;10286;36;8;98;10.0;7;0;0;0;0;0
4011;260;20231215;4;230;30;30;50;71;;67;0;0;0;-1;10290;47;8;97;51.0;7;0;1;0;0;0
4012;260;20231215;5;240;30;30;50;71;;68;0;0;0;-1;10296;56;8;97;23.0;7;0;1;0;0;0
4013;260;20231215;6;240;20;30;40;74;62.0;68;0;0;0;0;10302;58;8;96;10.0;7;0;0;0;0;0
4014;260;20231215;7;240;30;30;50;75;;70;0;0;0;0;10311;59;8;96;10.0;7;0;0;0;0;0
4015;260;20231215;8;240;30;30;50;77;;70;0;1;0;0;10318;60;8;95;;5;0;0;0;0;0
4016;260;20231215;9;240;20;20;50;82;;70;0;8;0;0;10327;63;8;92;;5;0;0;0;0;0
4017;260;20231215;10;250;20;20;40;89;;70;0;21;0;0;10338;68;8;87;;5;0;0;0;0;0
4018;260;20231215;11;250;20;30;50;95;;65;0;25;0;0;10348;70;8;81;;5;0;0;0;0;0
4019;260;20231215;12;230;20;30;60;98;66.0;61;0;32;0;0;10343;75;8;77;;5;0;0;0;0;0
4020;260;20231215;13;260;30;30;60;101;;53;0;31;0;0;10348;75;8;71;;5;0;0;0;0;0
4021;260;20231215;14;260;30;30;50;100;;55;0;22;0;0;10352;75;8;73;;5;0;0;0;0;0
4022;260;20231215;15;260;30;30;60;96;;53;0;5;0;0;10354;75;8;74;;5;0;0;0;0;0
4023;260;20231215;16;250;20;30;50;97;;35;0;1;0;0;10360;80;8;65;;5;0;0;0;0;0
4024;260;20231215;17;250;30;20;50;91;;37;0;0;0;0;10368;80;8;69;;5;0;0;0;0;0
4025;260;20231215;18;240;30;30;50;88;75.0;38;0;0;0;0;10369;75;8;70;;5;0;0;0;0;0
4026;260;20231215;19;240;30;30;60;86;;45;0;0;0;0;10370;75;8;75;;5;0;0;0;0;0
4027;260;20231215;20;240;30;20;50;86;;37;0;0;0;0;10379;75;8;71;;5;0;0;0;0;0
4028;260;20231215;21;240;30;30;60;85;;42;0;0;0;0;10381;75;8;74;;5;0;0;0;0;0
4029;260;20231215;22;230;30;30;50;85;;44;0;0;0;0;10381;75;8;75;;5;0;0;0;0;0
4030;260;20231215;23;230;30;30;70;86;;37;0;0;0;0;10380;75;8;71;;5;0;0;0;0;0
4031;260;20231215;24;220;30;30;60;84;73.0;36;0;0;0;0;10380;75;8;71;;5;0;0;0;0;0
4032;260;20231216;1;220;30;30;50;80;;37;0;0;0;0;10381;75;8;74;;5;0;0;0;0;0
4033;260;20231216;2;220;40;30;60;73;;39;0;0;0;0;10380;75;8;78;;5;0;0;0;0;0
4034;260;20231216;3;220;30;40;60;71;;41;0;0;0;0;10378;70;8;81;;5;0;0;0;0;0
4035;260;20231216;4;220;40;50;70;71;;43;0;0;0;0;10375;70;8;82;;5;0;0;0;0;0
4036;260;20231216;5;210;40;40;70;68;;46;0;0;0;0;10377;70;1;86;;5;0;0;0;0;0
4037;260;20231216;6;220;40;40;60;68;52.0;49;0;0;0;0;10377;69;0;87;;5;0;0;0;0;0
4038;260;20231216;7;220;40;40;70;67;;49;0;0;0;0;10377;70;8;88;;5;0;0;0;0;0
4039;260;20231216;8;220;50;50;80;70;;49;0;2;0;0;10378;70;8;86;;5;0;0;0;0;0
4040;260;20231216;9;230;40;40;80;77;;58;8;18;0;0;10385;70;8;87;;5;0;0;0;0;0
4041;260;20231216;10;230;40;30;90;82;;68;0;18;0;0;10388;65;8;90;;5;0;0;0;0;0
4042;260;20231216;11;240;40;40;70;87;;77;0;21;0;0;10386;61;8;93;;5;0;0;0;0;0
4043;260;20231216;12;240;40;50;90;89;53.0;82;0;7;0;0;10381;56;8;95;10.0;7;0;0;0;0;0
4044;260;20231216;13;230;40;40;90;90;;83;0;10;0;-1;10376;57;8;95;23.0;7;0;1;0;0;0
4045;260;20231216;14;230;40;40;80;91;;85;0;9;0;0;10373;59;8;96;10.0;7;0;0;0;0;0
4046;260;20231216;15;220;40;50;90;96;;87;0;5;0;0;10366;65;8;94;2.0;7;0;0;0;0;0
4047;260;20231216;16;230;40;50;90;97;;88;0;0;0;0;10369;65;8;94;;5;0;0;0;0;0
4048;260;20231216;17;220;40;40;80;96;;91;0;0;0;0;10368;58;8;96;10.0;7;0;0;0;0;0
4049;260;20231216;18;220;50;50;90;99;85.0;95;0;0;0;0;10367;50;8;97;10.0;7;0;0;0;0;0
4050;260;20231216;19;240;50;40;110;100;;96;0;0;0;0;10372;56;8;97;10.0;7;0;0;0;0;0
4051;260;20231216;20;240;40;40;90;102;;97;0;0;0;0;10377;50;8;96;10.0;7;0;0;0;0;0
4052;260;20231216;21;250;50;50;90;105;;94;0;0;0;0;10374;65;8;93;;5;0;0;0;0;0
4053;260;20231216;22;220;40;40;80;103;;91;0;0;0;0;10372;65;8;92;;5;0;0;0;0;0
4054;260;20231216;23;230;40;40;70;102;;90;0;0;0;0;10372;65;8;92;;5;0;0;0;0;0
4055;260;20231216;24;230;40;40;70;100;94.0;90;0;0;0;0;10369;65;8;93;;5;0;0;0;0;0
4056;260;20231217;1;230;40;40;60;99;;89;0;0;0;0;10367;65;8;93;;5;0;0;0;0;0
4057;260;20231217;2;220;40;40;70;101;;85;0;0;0;0;10366;70;8;90;;5;0;0;0;0;0
4058;260;20231217;3;230;40;30;70;101;;81;0;0;0;0;10366;70;8;87;;5;0;0;0;0;0
4059;260;20231217;4;220;40;40;70;99;;84;0;0;0;0;10361;70;8;90;;5;0;0;0;0;0
4060;260;20231217;5;230;50;50;90;96;;83;0;0;0;0;10359;65;8;91;;5;0;0;0;0;0
4061;260;20231217;6;220;50;50;90;95;90.0;85;0;0;0;0;10358;62;8;93;;5;0;0;0;0;0
4062;260;20231217;7;220;50;60;100;94;;80;0;0;0;0;10360;61;8;91;;5;0;0;0;0;0
4063;260;20231217;8;220;50;50;90;91;;78;0;0;0;0;10361;64;8;91;;5;0;0;0;0;0
4064;260;20231217;9;220;50;50;100;87;;74;0;4;0;0;10361;62;8;91;;5;0;0;0;0;0
4065;260;20231217;10;220;50;50;100;84;;72;0;9;0;0;10363;57;8;92;10.0;7;0;0;0;0;0
4066;260;20231217;11;210;60;60;100;83;;68;0;18;0;0;10357;61;8;90;;5;0;0;0;0;0
4067;260;20231217;12;210;60;50;100;91;80.0;67;3;53;0;0;10347;62;5;84;;5;0;0;0;0;0
4068;260;20231217;13;220;50;50;100;101;;56;10;75;0;0;10341;70;0;73;;5;0;0;0;0;0
4069;260;20231217;14;220;50;50;100;100;;51;10;54;0;0;10334;75;1;71;;5;0;0;0;0;0
4070;260;20231217;15;220;60;50;100;89;;46;8;24;0;0;10334;75;1;74;;5;0;0;0;0;0
4071;260;20231217;16;210;50;50;100;81;;45;0;2;0;0;10331;75;0;77;;5;0;0;0;0;0
4072;260;20231217;17;200;50;60;90;78;;42;0;0;0;0;10324;75;0;77;;5;0;0;0;0;0
4073;260;20231217;18;210;50;40;100;73;58.0;41;0;0;0;0;10325;75;0;79;;5;0;0;0;0;0
4074;260;20231217;19;220;40;50;80;68;;40;0;0;0;0;10324;70;0;82;;5;0;0;0;0;0
4075;260;20231217;20;230;40;40;90;64;;37;0;0;0;0;10326;70;0;83;;5;0;0;0;0;0
4076;260;20231217;21;210;50;60;90;66;;41;0;0;0;0;10322;67;8;84;;5;0;0;0;0;0
4077;260;20231217;22;230;40;40;90;70;;48;0;0;0;0;10323;66;8;85;;5;0;0;0;0;0
4078;260;20231217;23;220;40;40;90;72;;52;0;0;0;0;10321;65;8;87;;5;0;0;0;0;0
4079;260;20231217;24;220;50;50;90;73;48.0;52;0;0;0;0;10318;65;8;86;;5;0;0;0;0;0
4080;260;20231218;1;220;40;40;80;73;;54;0;0;0;0;10316;65;8;87;;5;0;0;0;0;0
4081;260;20231218;2;210;40;40;70;74;;55;0;0;0;0;10314;65;8;87;;5;0;0;0;0;0
4082;260;20231218;3;210;40;40;70;75;;57;0;0;0;0;10312;65;8;88;;5;0;0;0;0;0
4083;260;20231218;4;210;40;30;60;73;;57;0;0;0;0;10310;63;8;89;;5;0;0;0;0;0
4084;260;20231218;5;210;30;30;60;75;;59;0;0;0;0;10310;64;8;89;;5;0;0;0;0;0
4085;260;20231218;6;200;40;30;70;75;67.0;60;0;0;0;0;10308;63;8;89;;5;0;0;0;0;0
4086;260;20231218;7;200;40;40;60;72;;58;0;0;0;0;10308;62;8;90;;5;0;0;0;0;0
4087;260;20231218;8;200;40;40;70;73;;59;0;0;0;0;10306;62;8;90;;5;0;0;0;0;0
4088;260;20231218;9;210;50;50;90;76;;59;0;6;0;0;10305;64;8;89;;5;0;0;0;0;0
4089;260;20231218;10;210;50;50;90;80;;61;0;17;0;0;10302;64;8;87;;5;0;0;0;0;0
4090;260;20231218;11;210;50;50;90;86;;65;0;30;0;0;10296;65;8;86;;5;0;0;0;0;0
4091;260;20231218;12;210;40;40;80;90;68.0;69;0;26;0;0;10291;65;8;86;;5;0;0;0;0;0
4092;260;20231218;13;220;50;60;120;91;;67;0;28;0;0;10284;65;8;85;;5;0;0;0;0;0
4093;260;20231218;14;210;60;70;120;86;;65;0;13;0;0;10277;66;8;86;;5;0;0;0;0;0
4094;260;20231218;15;220;60;60;100;85;;65;0;7;0;0;10279;66;8;87;;5;0;0;0;0;0
4095;260;20231218;16;210;50;40;100;79;;61;0;0;0;0;10275;64;8;88;;5;0;0;0;0;0
4096;260;20231218;17;210;50;50;90;76;;58;0;0;0;0;10275;63;8;88;;5;0;0;0;0;0
4097;260;20231218;18;200;60;60;100;73;69.0;57;0;0;0;0;10264;60;8;89;;5;0;0;0;0;0
4098;260;20231218;19;210;60;60;100;67;;52;0;0;0;0;10264;59;8;90;10.0;7;0;0;0;0;0
4099;260;20231218;20;210;50;50;100;65;;51;0;0;0;0;10266;59;8;90;10.0;7;0;0;0;0;0
4100;260;20231218;21;210;50;60;100;66;;55;0;0;0;0;10255;57;8;92;10.0;7;0;0;0;0;0
4101;260;20231218;22;210;60;60;100;65;;57;0;0;0;0;10255;50;8;94;10.0;7;0;0;0;0;0
4102;260;20231218;23;210;60;50;110;65;;62;0;0;0;0;10250;26;8;98;10.0;7;0;0;0;0;0
4103;260;20231218;24;210;50;60;100;65;61.0;62;0;0;0;0;10245;14;8;98;10.0;7;0;0;0;0;0
4104;260;20231219;1;210;50;50;90;67;;64;0;0;0;0;10237;14;8;98;10.0;7;0;0;0;0;0
4105;260;20231219;2;210;50;60;100;68;;65;0;0;2;2;10231;15;8;98;51.0;7;0;1;0;0;0
4106;260;20231219;3;210;50;60;90;70;;67;0;0;7;2;10222;23;8;98;51.0;7;0;1;0;0;0
4107;260;20231219;4;210;60;50;100;73;;71;0;0;0;-1;10211;27;8;98;51.0;7;0;1;0;0;0
4108;260;20231219;5;220;60;50;100;78;;74;0;0;8;2;10203;34;8;96;52.0;7;0;1;0;0;0
4109;260;20231219;6;220;70;60;120;80;62.0;76;0;0;10;21;10199;30;8;97;82.0;7;0;1;0;0;0
4110;260;20231219;7;220;70;70;130;82;;77;0;0;7;5;10194;56;8;96;61.0;7;0;1;0;0;0
4111;260;20231219;8;220;70;70;130;81;;77;0;0;4;1;10191;33;8;97;51.0;7;0;1;0;0;0
4112;260;20231219;9;220;70;70;120;81;;78;0;1;4;1;10186;28;8;97;58.0;7;0;1;0;0;0
4113;260;20231219;10;220;70;70;120;82;;78;0;3;10;4;10181;42;8;97;52.0;7;0;1;0;0;0
4114;260;20231219;11;220;60;70;120;82;;77;0;7;10;7;10171;50;8;96;58.0;7;0;1;0;0;0
4115;260;20231219;12;220;60;50;120;83;76.0;80;0;8;9;5;10162;35;8;97;61.0;7;0;1;0;0;0
4116;260;20231219;13;230;60;60;120;84;;81;0;7;10;9;10156;45;8;97;58.0;7;0;1;0;0;0
4117;260;20231219;14;230;60;60;100;84;;80;0;4;10;12;10151;58;8;96;61.0;7;0;1;0;0;0
4118;260;20231219;15;270;30;20;90;87;;82;0;3;10;11;10151;61;8;97;61.0;7;0;1;0;0;0
4119;260;20231219;16;260;20;20;30;88;;85;0;0;10;18;10151;50;8;98;62.0;7;0;1;0;0;0
4120;260;20231219;17;260;20;20;30;88;;85;0;0;10;11;10150;58;8;98;61.0;7;0;1;0;0;0
4121;260;20231219;18;270;20;30;60;86;80.0;83;0;0;10;9;10152;59;8;98;62.0;7;0;1;0;0;0
4122;260;20231219;19;260;30;30;50;87;;82;0;0;9;4;10153;60;8;97;51.0;7;0;1;0;0;0
4123;260;20231219;20;280;30;20;70;81;;67;0;0;0;-1;10156;70;8;90;22.0;7;0;1;0;0;0
4124;260;20231219;21;270;20;30;50;77;;68;0;0;0;0;10157;65;8;94;2.0;7;0;0;0;0;0
4125;260;20231219;22;280;30;20;50;69;;49;0;0;0;0;10157;70;8;87;;5;0;0;0;0;0
4126;260;20231219;23;260;30;30;60;66;;50;0;0;0;0;10154;70;1;89;;5;0;0;0;0;0
4127;260;20231219;24;260;30;30;60;66;46.0;47;0;0;0;0;10154;70;2;87;3.0;7;0;0;0;0;0
4128;260;20231220;1;260;30;30;60;65;;44;0;0;0;0;10152;70;1;86;;5;0;0;0;0;0
4129;260;20231220;2;260;30;40;70;69;;46;0;0;0;0;10151;70;5;85;;5;0;0;0;0;0
4130;260;20231220;3;260;40;40;70;74;;48;0;0;0;-1;10149;70;7;83;22.0;7;0;1;0;0;0
4131;260;20231220;4;270;40;40;90;74;;45;0;0;0;0;10146;70;6;81;;5;0;0;0;0;0
4132;260;20231220;5;260;40;40;90;76;;46;0;0;0;0;10145;70;8;81;;5;0;0;0;0;0
4133;260;20231220;6;250;50;50;90;77;46.0;46;0;0;0;0;10145;71;8;80;2.0;7;0;0;0;0;0
4134;260;20231220;7;250;50;40;100;79;;49;0;0;0;0;10143;71;8;80;;5;0;0;0;0;0
4135;260;20231220;8;250;50;50;100;82;;50;0;0;0;0;10142;70;8;80;;5;0;0;0;0;0
4136;260;20231220;9;260;50;60;110;84;;53;0;2;0;-1;10141;70;8;80;81.0;7;0;1;0;0;0
4137;260;20231220;10;270;60;50;120;88;;56;0;9;0;-1;10142;73;8;80;23.0;7;0;1;0;0;0
4138;260;20231220;11;270;50;60;120;91;;56;0;21;0;0;10141;73;8;78;;5;0;0;0;0;0
4139;260;20231220;12;280;50;60;110;93;68.0;58;2;42;0;0;10134;74;8;78;2.0;7;0;0;0;0;0
4140;260;20231220;13;270;50;60;110;94;;59;0;29;0;0;10129;75;8;78;;5;0;0;0;0;0
4141;260;20231220;14;260;60;60;120;94;;58;3;24;0;0;10122;75;8;78;;5;0;0;0;0;0
4142;260;20231220;15;250;50;50;110;93;;60;2;11;0;0;10119;75;8;80;;5;0;0;0;0;0
4143;260;20231220;16;250;50;50;100;89;;66;0;0;0;-1;10118;67;8;85;81.0;7;0;1;0;0;0
4144;260;20231220;17;240;60;60;110;84;;75;0;0;5;2;10106;50;8;93;52.0;7;0;1;0;0;0
4145;260;20231220;18;240;60;60;110;86;79.0;78;0;0;7;2;10100;58;8;94;52.0;7;0;1;0;0;0
4146;260;20231220;19;250;60;60;110;89;;80;0;0;10;7;10092;39;8;94;52.0;7;0;1;0;0;0
4147;260;20231220;20;250;70;70;130;89;;83;0;0;10;5;10085;28;8;95;53.0;7;0;1;0;0;0
4148;260;20231220;21;260;60;50;110;95;;82;0;0;4;2;10080;58;8;91;51.0;7;0;1;0;0;0
4149;260;20231220;22;260;70;70;140;102;;79;0;0;4;1;10074;64;8;85;23.0;7;0;1;0;0;0
4150;260;20231220;23;260;60;60;120;105;;79;0;0;0;0;10071;70;8;83;;5;0;0;0;0;0
4151;260;20231220;24;260;50;60;120;103;80.0;81;0;0;0;-1;10062;63;8;85;23.0;7;0;1;0;0;0
4152;260;20231221;1;250;60;60;120;103;;80;0;0;0;0;10048;70;8;85;;5;0;0;0;0;0
4153;260;20231221;2;260;60;50;120;104;;80;0;0;0;0;10043;70;8;85;;5;0;0;0;0;0
4154;260;20231221;3;260;60;60;130;105;;79;0;0;0;0;10034;70;8;84;;5;0;0;0;0;0
4155;260;20231221;4;250;60;60;130;103;;82;0;0;0;0;10019;70;8;86;;5;0;0;0;0;0
4156;260;20231221;5;250;70;60;130;106;;83;0;0;0;0;10008;70;8;85;;5;0;0;0;0;0
4157;260;20231221;6;250;70;70;130;101;94.0;88;0;0;0;-1;10002;57;8;91;51.0;7;0;1;0;0;0
4158;260;20231221;7;240;70;70;130;105;;85;0;0;0;-1;9983;70;8;87;22.0;7;0;1;0;0;0
4159;260;20231221;8;250;80;80;170;100;;92;0;0;9;15;9978;50;8;95;58.0;7;0;1;0;0;0
4160;260;20231221;9;260;80;100;180;107;;91;0;2;9;6;9968;50;8;89;52.0;7;0;1;0;0;0
4161;260;20231221;10;260;90;80;180;112;;95;0;5;0;-1;9965;63;8;89;81.0;7;0;1;0;0;0
4162;260;20231221;11;260;100;130;190;115;;96;0;11;3;7;9959;64;8;87;81.0;7;0;1;0;0;0
4163;260;20231221;12;270;90;80;180;121;93.0;85;0;11;1;1;9957;75;8;78;81.0;7;0;1;0;0;0
4164;260;20231221;13;270;90;100;190;116;;91;0;14;5;5;9953;70;8;84;61.0;7;0;1;0;0;0
4165;260;20231221;14;280;90;90;180;119;;75;0;12;0;-1;9956;75;8;74;23.0;7;0;1;0;0;0
4166;260;20231221;15;280;90;100;200;116;;64;3;10;0;0;9959;70;8;70;2.0;7;0;0;0;0;0
4167;260;20231221;16;290;90;90;200;113;;54;0;1;0;-1;9967;69;7;66;23.0;7;0;1;0;0;0
4168;260;20231221;17;290;90;120;210;81;;56;0;0;3;12;9975;43;8;84;58.0;7;0;1;0;1;0
4169;260;20231221;18;290;70;60;200;73;56.0;48;0;0;4;26;9991;70;7;84;26.0;7;0;1;0;1;0
4170;260;20231221;19;300;70;70;180;84;;25;0;0;1;1;9992;80;7;66;23.0;7;0;1;0;0;0
4171;260;20231221;20;290;60;60;130;82;;35;0;0;0;0;9998;75;8;72;;5;0;0;0;0;0
4172;260;20231221;21;270;50;50;110;85;;41;0;0;0;0;10003;69;8;73;2.0;7;0;0;0;0;0
4173;260;20231221;22;300;70;60;200;62;;43;0;0;7;16;10013;64;8;87;92.0;7;0;1;0;1;0
4174;260;20231221;23;290;50;50;100;70;;40;0;0;0;-1;10018;75;7;80;26.0;7;0;1;0;1;0
4175;260;20231221;24;290;60;50;130;71;50.0;38;0;0;0;-1;10020;75;8;79;23.0;7;0;1;0;0;0
4176;260;20231222;1;300;60;60;160;56;;45;0;0;6;10;10026;57;8;92;81.0;7;0;1;0;0;0
4177;260;20231222;2;290;50;40;100;63;;47;0;0;5;6;10027;70;8;89;61.0;7;0;1;0;0;0
4178;260;20231222;3;290;50;60;100;76;;31;0;0;0;-1;10024;72;1;73;23.0;7;0;1;0;0;0
4179;260;20231222;4;290;60;70;130;85;;34;0;0;0;-1;10026;71;8;69;22.0;7;0;1;0;0;0
4180;260;20231222;5;280;60;60;140;86;;35;0;0;0;-1;10030;74;8;70;22.0;7;0;1;0;0;0
4181;260;20231222;6;270;60;60;120;88;48.0;49;0;0;0;-1;10028;75;8;76;23.0;7;0;1;0;0;0
4182;260;20231222;7;270;60;60;120;91;;53;0;0;0;-1;10028;69;8;77;23.0;7;0;1;0;0;0
4183;260;20231222;8;270;60;60;110;89;;63;0;0;0;-1;10027;59;8;83;81.0;7;0;1;0;0;0
4184;260;20231222;9;270;60;60;140;90;;75;0;5;6;36;10025;66;8;90;61.0;7;0;1;0;0;0
4185;260;20231222;10;270;70;60;140;97;;77;0;10;4;9;10026;70;8;86;23.0;7;0;1;0;0;0
4186;260;20231222;11;280;70;80;140;101;;77;0;18;0;-1;10028;65;8;84;81.0;7;0;1;0;0;0
4187;260;20231222;12;270;70;70;150;104;72.0;76;0;23;2;3;10022;70;8;82;23.0;7;0;1;0;0;0
4188;260;20231222;13;280;80;80;170;106;;73;0;24;0;-1;10021;75;8;80;23.0;7;0;1;0;0;0
4189;260;20231222;14;280;90;100;190;109;;74;0;14;0;0;10024;75;8;79;;5;0;0;0;0;0
4190;260;20231222;15;280;90;90;170;106;;76;0;5;0;-1;10028;67;8;81;57.0;7;0;1;0;0;0
4191;260;20231222;16;280;80;80;160;108;;74;0;0;2;1;10033;75;8;79;23.0;7;0;1;0;0;0
4192;260;20231222;17;280;80;70;160;104;;76;0;0;3;3;10038;69;7;83;81.0;7;0;1;0;0;0
4193;260;20231222;18;280;80;80;170;108;91.0;69;0;0;0;-1;10042;75;8;76;23.0;7;0;1;0;0;0
4194;260;20231222;19;290;80;70;200;107;;64;0;0;0;-1;10049;75;8;74;81.0;7;0;1;0;0;0
4195;260;20231222;20;310;60;40;160;75;;69;0;0;7;28;10067;61;8;96;61.0;7;0;1;0;0;0
4196;260;20231222;21;280;40;40;80;78;;62;0;0;0;-1;10075;70;8;89;23.0;7;0;1;0;0;0
4197;260;20231222;22;290;40;50;100;81;;54;0;0;0;-1;10083;70;8;83;22.0;7;0;1;0;0;0
4198;260;20231222;23;270;40;40;90;77;;54;0;0;0;-1;10091;70;8;85;51.0;7;0;1;0;0;0
4199;260;20231222;24;270;30;30;70;77;62.0;62;0;0;0;-1;10092;70;8;90;51.0;7;0;1;0;0;0
4200;260;20231223;1;260;30;30;60;76;;62;0;0;0;-1;10089;61;8;91;51.0;7;0;1;0;0;0
4201;260;20231223;2;260;20;30;60;75;;69;0;0;8;9;10081;60;8;95;57.0;7;0;1;0;0;0
4202;260;20231223;3;260;50;70;120;90;;81;0;0;9;23;10072;60;8;93;61.0;7;0;1;0;0;0
4203;260;20231223;4;260;70;80;150;99;;73;0;0;0;-1;10066;70;8;83;23.0;7;0;1;0;0;0
4204;260;20231223;5;260;80;80;160;101;;70;0;0;0;0;10061;75;8;80;;5;0;0;0;0;0
4205;260;20231223;6;260;80;90;160;99;66.0;73;0;0;0;-1;10059;65;8;83;57.0;7;0;1;0;0;0
4206;260;20231223;7;260;80;80;160;103;;73;0;0;7;3;10057;70;8;81;57.0;7;0;1;0;0;0
4207;260;20231223;8;270;80;80;180;105;;70;0;0;0;-1;10061;75;8;78;23.0;7;0;1;0;0;0
4208;260;20231223;9;270;80;80;170;105;;73;0;3;0;0;10067;75;8;80;2.0;7;0;0;0;0;0
4209;260;20231223;10;260;80;80;160;106;;72;0;9;0;0;10070;75;8;79;;5;0;0;0;0;0
4210;260;20231223;11;270;70;80;150;111;;70;0;14;0;0;10072;75;8;75;;5;0;0;0;0;0
4211;260;20231223;12;260;80;80;160;112;88.0;70;0;27;0;0;10070;75;8;75;2.0;7;0;0;0;0;0
4212;260;20231223;13;270;80;80;180;109;;67;0;34;0;0;10073;75;8;75;;5;0;0;0;0;0
4213;260;20231223;14;270;70;70;150;109;;68;0;23;0;0;10077;75;8;75;;5;0;0;0;0;0
4214;260;20231223;15;260;70;60;150;107;;70;0;7;0;0;10079;75;8;78;;5;0;0;0;0;0
4215;260;20231223;16;250;60;60;120;106;;71;0;1;0;0;10084;75;8;78;;5;0;0;0;0;0
4216;260;20231223;17;250;60;60;110;106;;73;0;0;0;0;10084;75;8;79;;5;0;0;0;0;0
4217;260;20231223;18;250;70;70;130;108;97.0;71;0;0;0;0;10082;75;8;77;;5;0;0;0;0;0
4218;260;20231223;19;250;70;80;140;109;;70;0;0;0;-1;10083;75;8;76;23.0;7;0;1;0;0;0
4219;260;20231223;20;240;70;70;150;108;;69;0;0;0;0;10082;75;8;76;;5;0;0;0;0;0
4220;260;20231223;21;250;70;70;140;107;;69;0;0;0;-1;10081;75;8;77;23.0;7;0;1;0;0;0
4221;260;20231223;22;240;60;70;130;102;;72;0;0;0;-1;10074;70;8;81;81.0;7;0;1;0;0;0
4222;260;20231223;23;240;70;70;130;102;;72;0;0;0;-1;10071;70;8;81;23.0;7;0;1;0;0;0
4223;260;20231223;24;240;60;70;120;106;93.0;74;0;0;0;0;10072;75;8;80;2.0;7;0;0;0;0;0
4224;260;20231224;1;230;70;70;140;100;;77;0;0;0;-1;10060;64;8;85;51.0;7;0;1;0;0;0
4225;260;20231224;2;240;70;70;130;97;;87;0;0;10;20;10056;59;8;93;82.0;7;0;1;0;0;0
4226;260;20231224;3;240;70;70;140;98;;93;0;0;10;10;10050;34;8;96;53.0;7;0;1;0;0;0
4227;260;20231224;4;240;70;70;120;102;;99;0;0;10;15;10042;38;8;97;52.0;7;0;1;0;0;0
4228;260;20231224;5;240;70;70;130;105;;101;0;0;10;24;10039;30;8;96;53.0;7;0;1;0;0;0
4229;260;20231224;6;250;70;70;140;108;88.0;103;0;0;10;7;10035;39;8;96;52.0;7;0;1;0;0;0
4230;260;20231224;7;240;70;70;120;112;;105;0;0;8;6;10035;37;8;95;52.0;7;0;1;0;0;0
4231;260;20231224;8;250;60;60;140;114;;106;0;0;5;2;10033;59;8;94;51.0;7;0;1;0;0;0
4232;260;20231224;9;240;60;60;120;113;;109;0;2;4;3;10032;41;8;97;52.0;7;0;1;0;0;0
4233;260;20231224;10;240;60;70;130;116;;109;0;6;6;1;10033;61;8;95;23.0;7;0;1;0;0;0
4234;260;20231224;11;240;70;70;150;118;;109;0;6;6;3;10028;59;8;94;81.0;7;0;1;0;0;0
4235;260;20231224;12;240;80;80;180;120;102.0;112;0;8;7;11;10021;63;8;94;51.0;7;0;1;0;0;0
4236;260;20231224;13;240;80;90;160;122;;114;0;5;5;6;10016;60;8;95;81.0;7;0;1;0;0;0
4237;260;20231224;14;240;80;80;170;122;;114;0;3;10;21;10009;58;8;94;62.0;7;0;1;0;0;0
4238;260;20231224;15;240;80;80;160;120;;113;0;2;10;40;10007;56;8;95;63.0;7;0;1;0;0;0
4239;260;20231224;16;240;90;100;170;123;;110;0;0;8;17;10009;65;8;91;57.0;7;0;1;0;0;0
4240;260;20231224;17;240;90;80;160;123;;107;0;0;0;-1;10018;66;8;89;23.0;7;0;1;0;0;0
4241;260;20231224;18;240;80;80;170;127;113.0;107;0;0;0;0;10024;65;8;87;2.0;7;0;0;0;0;0
4242;260;20231224;19;250;80;70;150;129;;107;0;0;0;0;10031;69;8;86;;5;0;0;0;0;0
4243;260;20231224;20;240;80;80;150;125;;106;0;0;0;0;10034;65;8;88;;5;0;0;0;0;0
4244;260;20231224;21;240;80;60;150;122;;110;0;0;1;2;10034;62;8;92;57.0;7;0;1;0;0;0
4245;260;20231224;22;240;80;90;140;124;;108;0;0;0;-1;10035;66;8;89;23.0;7;0;1;0;0;0
4246;260;20231224;23;240;80;70;140;125;;108;0;0;0;0;10037;70;8;89;;5;0;0;0;0;0
4247;260;20231224;24;260;70;60;160;124;113.0;108;0;0;1;1;10040;62;8;90;81.0;7;0;1;0;0;0
4248;260;20231225;1;250;70;60;140;123;;106;0;0;6;7;10043;70;8;89;23.0;7;0;1;0;0;0
4249;260;20231225;2;260;70;60;140;119;;103;0;0;2;2;10043;56;8;90;58.0;7;0;1;0;0;0
4250;260;20231225;3;250;70;70;150;123;;106;0;0;3;3;10045;70;8;89;23.0;7;0;1;0;0;0
4251;260;20231225;4;250;70;60;170;124;;106;0;0;0;0;10051;70;8;88;;5;0;0;0;0;0
4252;260;20231225;5;260;60;50;120;124;;102;0;0;0;0;10050;70;8;86;;5;0;0;0;0;0
4253;260;20231225;6;250;60;50;110;121;110.0;101;0;0;0;0;10050;70;8;87;2.0;7;0;0;0;0;0
4254;260;20231225;7;250;40;40;80;115;;92;0;0;0;0;10054;70;8;85;;5;0;0;0;0;0
4255;260;20231225;8;240;40;30;90;112;;93;0;0;0;0;10060;70;8;88;;5;0;0;0;0;0
4256;260;20231225;9;240;40;40;70;113;;95;0;5;0;-1;10065;70;8;88;23.0;7;0;1;0;0;0
4257;260;20231225;10;230;40;40;70;114;;93;0;16;0;0;10067;70;8;86;;5;0;0;0;0;0
4258;260;20231225;11;240;40;40;90;118;;87;0;26;0;0;10069;70;8;81;;5;0;0;0;0;0
4259;260;20231225;12;250;50;60;90;119;102.0;87;0;42;0;0;10070;75;8;80;2.0;7;0;0;0;0;0
4260;260;20231225;13;240;50;40;100;121;;90;0;33;0;0;10067;70;8;81;;5;0;0;0;0;0
4261;260;20231225;14;240;50;50;90;119;;86;2;28;0;0;10067;75;8;80;;5;0;0;0;0;0
4262;260;20231225;15;230;40;30;90;116;;85;2;10;0;0;10067;70;8;81;;5;0;0;0;0;0
4263;260;20231225;16;230;40;40;70;116;;101;0;0;0;0;10066;65;8;91;;5;0;0;0;0;0
4264;260;20231225;17;240;50;50;90;117;;103;0;0;2;2;10065;61;8;91;57.0;7;0;1;0;0;0
4265;260;20231225;18;240;40;40;100;113;105.0;106;0;0;10;14;10065;61;8;95;61.0;7;0;1;0;0;0
4266;260;20231225;19;240;40;50;80;108;;103;0;0;10;11;10060;41;8;96;62.0;7;0;1;0;0;0
4267;260;20231225;20;240;40;40;90;103;;100;0;0;10;29;10054;46;8;97;62.0;7;0;1;0;0;0
4268;260;20231225;21;220;30;30;70;103;;100;0;0;10;27;10046;48;8;98;62.0;7;0;1;0;0;0
4269;260;20231225;22;240;60;80;130;115;;109;0;0;10;27;10041;47;8;96;62.0;7;0;1;0;0;0
4270;260;20231225;23;240;80;100;160;113;;104;0;0;10;29;10043;50;8;94;62.0;7;0;1;0;0;0
4271;260;20231225;24;240;80;70;150;111;98.0;104;0;0;10;20;10046;60;8;95;61.0;7;0;1;0;0;0
4272;260;20231226;1;250;60;60;130;111;;102;0;0;10;15;10046;63;8;93;61.0;7;0;1;0;0;0
4273;260;20231226;2;260;70;60;130;111;;97;0;0;7;5;10050;57;8;91;52.0;7;0;1;0;0;0
4274;260;20231226;3;260;60;60;140;110;;88;0;0;3;3;10059;70;8;86;23.0;7;0;1;0;0;0
4275;260;20231226;4;270;70;70;130;101;;69;0;0;0;0;10066;75;8;80;;5;0;0;0;0;0
4276;260;20231226;5;260;50;50;120;95;;60;0;0;0;0;10076;75;2;79;;5;0;0;0;0;0
4277;260;20231226;6;260;50;50;120;89;69.0;47;0;0;0;0;10087;75;4;74;3.0;7;0;0;0;0;0
4278;260;20231226;7;250;50;50;100;87;;45;0;0;0;0;10096;75;8;74;;5;0;0;0;0;0
4279;260;20231226;8;250;50;60;100;88;;42;0;0;0;0;10105;75;7;73;;5;0;0;0;0;0
4280;260;20231226;9;250;50;50;110;88;;49;3;10;0;0;10117;75;0;76;;5;0;0;0;0;0
4281;260;20231226;10;250;50;50;110;94;;51;8;40;0;0;10129;75;2;74;;5;0;0;0;0;0
4282;260;20231226;11;260;60;70;120;102;;49;10;70;0;0;10135;77;5;69;;5;0;0;0;0;0
4283;260;20231226;12;270;60;60;140;98;66.0;47;0;25;0;-1;10142;75;8;70;23.0;7;0;1;0;0;0
4284;260;20231226;13;270;50;60;100;95;;40;0;19;0;0;10149;80;8;68;;5;0;0;0;0;0
4285;260;20231226;14;280;40;40;90;94;;42;0;20;0;0;10156;75;8;70;;5;0;0;0;0;0
4286;260;20231226;15;270;40;40;90;91;;43;0;6;0;0;10166;75;8;71;;5;0;0;0;0;0
4287;260;20231226;16;310;30;30;80;82;;49;0;1;0;-1;10177;75;8;80;23.0;7;0;1;0;0;0
4288;260;20231226;17;270;30;20;60;77;;39;0;0;0;0;10186;75;8;77;;5;0;0;0;0;0
4289;260;20231226;18;250;20;20;40;62;26.0;38;0;0;0;0;10189;70;8;84;2.0;7;0;0;0;0;0
4290;260;20231226;19;260;10;20;30;45;;38;0;0;0;0;10196;65;8;95;;5;0;0;0;0;0
4291;260;20231226;20;220;10;10;30;28;;24;0;0;0;0;10203;65;8;97;;5;0;0;0;0;0
4292;260;20231226;21;220;10;20;30;23;;19;0;0;0;0;10205;65;8;97;;5;0;0;0;0;0
4293;260;20231226;22;160;10;10;20;20;;17;0;0;0;0;10209;56;8;98;10.0;7;0;0;0;0;0
4294;260;20231226;23;140;10;10;10;20;;17;0;0;0;0;10214;27;8;98;10.0;7;0;0;0;0;0
4295;260;20231226;24;100;10;10;30;15;-6.0;12;0;0;0;0;10210;16;8;98;10.0;7;0;0;0;0;0
4296;260;20231227;1;110;10;20;20;8;;8;0;0;0;0;10208;6;8;99;34.0;7;1;0;0;0;0
4297;260;20231227;2;120;20;30;30;7;;4;0;0;0;0;10208;18;8;98;20.0;7;1;0;0;0;0
4298;260;20231227;3;110;20;20;30;16;;13;0;0;0;0;10200;18;8;98;10.0;7;0;0;0;0;0
4299;260;20231227;4;100;20;20;30;28;;25;0;0;0;0;10193;42;8;98;10.0;7;0;0;0;0;0
4300;260;20231227;5;110;30;30;40;39;;36;0;0;0;0;10185;58;8;98;10.0;7;0;0;0;0;0
4301;260;20231227;6;110;30;40;50;45;-17.0;41;0;0;0;0;10177;60;8;97;2.0;7;0;0;0;0;0
4302;260;20231227;7;120;40;40;70;56;;48;0;0;7;5;10167;59;8;94;81.0;7;0;1;0;0;0
4303;260;20231227;8;130;40;50;80;56;;53;0;0;10;13;10162;44;8;98;62.0;7;0;1;0;0;0
4304;260;20231227;9;140;40;40;70;62;;58;0;2;10;13;10154;60;8;97;51.0;7;0;1;0;0;0
4305;260;20231227;10;150;40;40;80;72;;68;0;6;5;1;10146;63;8;97;23.0;7;0;1;0;0;0
4306;260;20231227;11;150;40;40;80;78;;76;0;6;0;0;10138;57;8;98;10.0;7;0;0;0;0;0
4307;260;20231227;12;170;40;50;80;91;41.0;83;0;8;0;0;10128;65;8;94;2.0;7;0;0;0;0;0
4308;260;20231227;13;170;50;40;90;94;;81;0;9;0;0;10115;65;8;91;;5;0;0;0;0;0
4309;260;20231227;14;170;50;50;80;92;;78;0;13;0;0;10102;70;8;90;;5;0;0;0;0;0
4310;260;20231227;15;170;50;60;90;91;;73;0;9;0;0;10091;70;8;88;;5;0;0;0;0;0
4311;260;20231227;16;170;60;50;100;90;;68;0;1;0;0;10080;70;8;86;;5;0;0;0;0;0
4312;260;20231227;17;170;60;70;100;91;;60;0;0;0;0;10072;70;8;81;;5;0;0;0;0;0
4313;260;20231227;18;190;50;60;100;88;73.0;51;0;0;0;0;10065;75;8;77;;5;0;0;0;0;0
4314;260;20231227;19;180;70;70;120;91;;41;0;0;0;0;10057;75;8;71;;5;0;0;0;0;0
4315;260;20231227;20;190;60;60;120;92;;39;0;0;1;1;10060;73;8;69;81.0;7;0;1;0;0;0
4316;260;20231227;21;200;60;70;120;95;;44;0;0;7;1;10060;75;8;70;61.0;7;0;1;0;0;0
4317;260;20231227;22;210;70;80;140;97;;66;0;0;0;-1;10064;70;8;81;81.0;7;0;1;0;0;0
4318;260;20231227;23;210;70;70;130;102;;66;0;0;0;-1;10068;75;8;78;23.0;7;0;1;0;0;0
4319;260;20231227;24;220;70;70;130;106;73.0;75;0;0;0;0;10073;75;8;80;2.0;7;0;0;0;0;0
4320;260;20231228;1;220;60;70;110;104;;78;0;0;0;0;10077;70;8;83;;5;0;0;0;0;0
4321;260;20231228;2;200;70;70;120;101;;75;0;0;0;0;10078;70;8;83;;5;0;0;0;0;0
4322;260;20231228;3;210;80;90;160;104;;74;0;0;0;0;10075;70;8;81;;5;0;0;0;0;0
4323;260;20231228;4;210;80;80;150;103;;73;0;0;0;0;10074;70;7;81;;5;0;0;0;0;0
4324;260;20231228;5;210;80;80;150;107;;70;0;0;0;0;10075;75;8;77;;5;0;0;0;0;0
4325;260;20231228;6;210;80;80;170;110;88.0;68;0;0;0;0;10076;75;8;75;;5;0;0;0;0;0
4326;260;20231228;7;210;90;90;150;110;;67;0;0;0;0;10079;75;7;74;;5;0;0;0;0;0
4327;260;20231228;8;220;90;90;170;108;;67;0;0;0;0;10088;75;8;75;;5;0;0;0;0;0
4328;260;20231228;9;220;80;90;140;108;;68;0;7;0;0;10092;75;8;75;;5;0;0;0;0;0
4329;260;20231228;10;220;90;100;160;112;;67;2;21;0;0;10095;75;8;73;;5;0;0;0;0;0
4330;260;20231228;11;210;90;90;150;111;;68;2;31;0;-1;10097;70;8;74;23.0;7;0;1;0;0;0
4331;260;20231228;12;210;80;80;150;112;95.0;68;0;37;0;0;10094;74;8;74;2.0;7;0;0;0;0;0
4332;260;20231228;13;220;80;90;160;114;;66;0;44;0;0;10091;70;8;72;;5;0;0;0;0;0
4333;260;20231228;14;210;80;70;160;110;;67;0;25;0;0;10090;63;8;74;;5;0;0;0;0;0
4334;260;20231228;15;210;70;70;130;108;;70;0;5;0;-1;10087;70;8;77;23.0;7;0;1;0;0;0
4335;260;20231228;16;210;70;80;130;110;;64;0;1;0;0;10084;74;8;73;;5;0;0;0;0;0
4336;260;20231228;17;200;80;80;150;110;;62;0;0;0;0;10082;75;8;72;;5;0;0;0;0;0
4337;260;20231228;18;210;80;80;140;110;93.0;59;0;0;0;0;10077;75;8;70;2.0;7;0;0;0;0;0
4338;260;20231228;19;210;80;80;150;111;;60;0;0;0;0;10075;75;8;70;;5;0;0;0;0;0
4339;260;20231228;20;210;90;90;150;112;;60;0;0;0;0;10069;75;8;70;;5;0;0;0;0;0
4340;260;20231228;21;210;80;80;150;113;;61;0;0;0;0;10066;75;8;70;;5;0;0;0;0;0
4341;260;20231228;22;220;90;100;160;113;;63;0;0;0;0;10064;75;8;71;;5;0;0;0;0;0
4342;260;20231228;23;230;80;60;220;103;;73;0;0;7;6;10064;59;8;81;81.0;7;0;1;0;0;0
4343;260;20231228;24;220;90;90;180;109;90.0;71;0;0;2;2;10060;75;8;77;23.0;7;0;1;0;0;0
4344;260;20231229;1;220;90;80;200;108;;72;0;0;2;2;10057;75;8;78;23.0;7;0;1;0;0;0
4345;260;20231229;2;220;90;90;170;105;;73;0;0;0;0;10054;75;8;80;;5;0;0;0;0;0
4346;260;20231229;3;230;90;90;180;99;;79;0;0;0;-1;10057;70;8;87;81.0;7;0;1;0;0;0
4347;260;20231229;4;220;70;60;160;98;;79;0;0;1;1;10055;65;7;88;81.0;7;0;1;0;0;0
4348;260;20231229;5;220;70;70;150;102;;75;0;0;0;-1;10054;69;8;83;23.0;7;0;1;0;0;0
4349;260;20231229;6;220;70;60;140;101;85.0;74;0;0;0;0;10052;70;8;82;2.0;7;0;0;0;0;0
4350;260;20231229;7;220;70;60;140;101;;73;0;0;0;0;10053;70;8;82;;5;0;0;0;0;0
4351;260;20231229;8;220;70;80;130;101;;78;0;0;0;0;10054;70;8;85;;5;0;0;0;0;0
4352;260;20231229;9;220;70;70;120;101;;82;0;3;3;4;10055;65;8;88;81.0;7;0;1;0;0;0
4353;260;20231229;10;230;80;80;140;107;;79;0;19;0;-1;10059;70;8;83;23.0;7;0;1;0;0;0
4354;260;20231229;11;230;80;80;150;109;;79;0;36;0;0;10062;70;8;81;;5;0;0;0;0;0
4355;260;20231229;12;230;70;70;140;112;91.0;76;0;46;0;-1;10063;75;8;78;23.0;7;0;1;0;0;0
4356;260;20231229;13;240;60;60;120;114;;79;2;41;0;0;10060;74;8;78;;5;0;0;0;0;0
4357;260;20231229;14;240;50;40;100;110;;76;2;27;0;0;10057;75;8;79;;5;0;0;0;0;0
4358;260;20231229;15;240;40;30;100;106;;78;0;9;0;-1;10053;70;8;82;57.0;7;0;1;0;0;0
4359;260;20231229;16;220;50;50;100;97;;82;0;0;4;14;10046;70;8;90;23.0;7;0;1;0;0;0
4360;260;20231229;17;320;60;50;140;57;;38;0;0;3;1;10058;70;8;87;51.0;7;0;1;0;0;0
4361;260;20231229;18;240;20;20;90;59;44.0;44;0;0;0;-1;10060;70;8;90;81.0;7;0;1;0;0;0
4362;260;20231229;19;220;30;30;50;70;;55;0;0;0;-1;10063;70;8;90;23.0;7;0;1;0;0;0
4363;260;20231229;20;240;40;40;80;87;;56;0;0;0;0;10065;75;8;80;;5;0;0;0;0;0
4364;260;20231229;21;230;50;50;130;60;;42;0;0;3;10;10070;70;8;88;92.0;7;0;1;0;1;0
4365;260;20231229;22;260;50;40;110;77;;56;0;0;2;6;10072;70;1;86;26.0;7;0;1;0;1;0
4366;260;20231229;23;260;40;40;100;81;;51;0;0;0;0;10077;70;6;81;;5;0;0;0;0;0
4367;260;20231229;24;260;40;50;90;80;49.0;44;0;0;0;0;10084;75;1;77;1.0;7;0;0;0;0;0
4368;260;20231230;1;240;40;40;90;74;;37;0;0;0;0;10089;75;1;77;;5;0;0;0;0;0
4369;260;20231230;2;240;40;40;70;70;;34;0;0;0;0;10094;75;5;78;;5;0;0;0;0;0
4370;260;20231230;3;240;40;40;80;71;;32;0;0;0;0;10099;75;8;76;;5;0;0;0;0;0
4371;260;20231230;4;230;40;40;70;67;;34;0;0;0;0;10100;75;8;79;;5;0;0;0;0;0
4372;260;20231230;5;230;40;40;70;63;;38;0;0;0;0;10102;70;8;83;;5;0;0;0;0;0
4373;260;20231230;6;230;30;30;60;58;37.0;36;0;0;0;0;10108;70;8;85;;5;0;0;0;0;0
4374;260;20231230;7;210;30;30;60;56;;41;0;0;0;0;10111;70;8;89;;5;0;0;0;0;0
4375;260;20231230;8;220;30;40;60;65;;44;0;0;0;0;10116;70;8;86;;5;0;0;0;0;0
4376;260;20231230;9;220;40;40;90;68;;52;5;12;0;0;10120;70;8;89;;5;0;0;0;0;0
4377;260;20231230;10;210;40;40;70;73;;56;2;23;0;0;10122;70;8;88;;5;0;0;0;0;0
4378;260;20231230;11;210;40;40;70;82;;60;0;26;0;0;10120;70;8;85;;5;0;0;0;0;0
4379;260;20231230;12;200;40;40;80;86;36.0;67;0;36;0;0;10116;69;8;87;;5;0;0;0;0;0
4380;260;20231230;13;190;50;40;80;91;;72;0;27;0;-1;10108;66;8;87;23.0;7;0;1;0;0;0
4381;260;20231230;14;190;40;50;80;94;;67;5;36;0;0;10101;70;8;83;;5;0;0;0;0;0
4382;260;20231230;15;180;40;40;90;90;;66;7;15;0;0;10097;70;8;84;2.0;7;0;0;0;0;0
4383;260;20231230;16;180;40;40;80;93;;67;0;2;0;0;10092;70;8;83;;5;0;0;0;0;0
4384;260;20231230;17;190;40;40;80;95;;66;0;0;0;0;10090;70;8;81;;5;0;0;0;0;0
4385;260;20231230;18;180;50;60;100;96;80.0;65;0;0;0;0;10085;75;8;80;2.0;7;0;0;0;0;0
4386;260;20231230;19;170;50;50;90;92;;64;0;0;0;0;10075;70;8;82;;5;0;0;0;0;0
4387;260;20231230;20;170;40;50;80;93;;67;0;0;0;0;10069;70;8;84;;5;0;0;0;0;0
4388;260;20231230;21;170;50;50;90;93;;72;0;0;0;0;10061;70;8;86;;5;0;0;0;0;0
4389;260;20231230;22;170;50;50;90;94;;76;0;0;0;0;10051;70;8;88;;5;0;0;0;0;0
4390;260;20231230;23;170;50;50;90;92;;77;0;0;0;0;10044;70;8;90;;5;0;0;0;0;0
4391;260;20231230;24;160;50;50;80;92;76.0;73;0;0;0;0;10033;70;8;88;;5;0;0;0;0;0
4392;260;20231231;1;160;40;40;80;89;;68;0;0;0;0;10022;70;8;86;;5;0;0;0;0;0
4393;260;20231231;2;160;40;40;80;89;;62;0;0;0;0;10010;70;8;83;;5;0;0;0;0;0
4394;260;20231231;3;160;50;50;90;91;;58;0;0;0;0;9998;75;8;79;;5;0;0;0;0;0
4395;260;20231231;4;150;50;60;100;91;;57;0;0;0;0;9982;75;8;79;;5;0;0;0;0;0
4396;260;20231231;5;150;50;60;100;91;;57;0;0;0;0;9968;75;8;79;;5;0;0;0;0;0
4397;260;20231231;6;150;60;60;110;93;76.0;57;0;0;0;0;9957;75;8;78;;5;0;0;0;0;0
4398;260;20231231;7;150;60;60;100;90;;58;0;0;0;0;9948;75;8;80;;5;0;0;0;0;0
4399;260;20231231;8;150;60;60;110;93;;61;0;0;0;-1;9940;75;8;80;81.0;7;0;1;0;0;0
4400;260;20231231;9;150;60;50;100;93;;68;0;2;7;1;9934;70;8;84;51.0;7;0;1;0;0;0
4401;260;20231231;10;220;60;40;170;81;;67;0;3;10;16;9942;70;8;90;82.0;7;0;1;0;0;0
4402;260;20231231;11;180;50;70;110;90;;66;0;21;3;1;9935;70;8;85;81.0;7;0;1;0;0;0
4403;260;20231231;12;210;80;70;160;81;71.0;58;0;16;7;8;9941;70;8;85;61.0;7;0;1;0;0;0
4404;260;20231231;13;210;70;80;140;88;;51;0;34;0;-1;9942;75;8;77;23.0;7;0;1;0;0;0
4405;260;20231231;14;200;80;80;150;93;;45;7;38;0;0;9943;75;7;72;;5;0;0;0;0;0
4406;260;20231231;15;180;60;60;140;91;;44;5;15;0;0;9941;75;8;72;3.0;7;0;0;0;0;0
4407;260;20231231;16;190;60;60;100;93;;43;0;1;0;0;9943;75;8;71;;5;0;0;0;0;0
4408;260;20231231;17;200;70;70;140;89;;49;0;0;0;-1;9944;75;8;75;23.0;7;0;1;0;0;0
4409;260;20231231;18;200;80;90;160;90;73.0;46;0;0;0;-1;9945;75;8;74;23.0;7;0;1;0;0;0
4410;260;20231231;19;200;70;60;150;86;;51;0;0;0;-1;9950;75;8;78;81.0;7;0;1;0;0;0
4411;260;20231231;20;200;80;70;140;86;;50;0;0;0;-1;9951;75;8;77;81.0;7;0;1;0;0;0
4412;260;20231231;21;200;70;70;150;82;;56;0;0;0;-1;9954;70;8;84;81.0;7;0;1;0;0;0
4413;260;20231231;22;200;70;70;140;81;;56;0;0;3;2;9955;70;8;84;81.0;7;0;1;0;0;0
4414;260;20231231;23;210;80;80;150;86;;50;0;0;0;-1;9959;75;8;78;23.0;7;0;1;0;0;0
4415;260;20231231;24;210;80;80;150;82;70.0;44;0;0;0;-1;9962;67;8;77;51.0;7;0;1;0;0;0
