DateTime;NO2;O3;P;SQ;WD;Wvh;dewP;temp
2018-08-01 00:00:00;23.7;37.2;10.0;0.0;0.0;10.0;128.0;133.0
2018-08-01 01:00:00;21.6;35.9;10.0;0.0;80.0;0.0;132.0;137.0
2018-08-01 02:00:00;20.6;34.8;20.0;0.0;80.0;10.0;128.0;133.0
2018-08-01 03:00:00;21.2;34.3;20.0;0.0;340.0;10.0;123.0;125.0
2018-08-01 04:00:00;30.4;20.6;10.0;0.0;300.0;0.0;132.0;137.0
2018-08-01 05:00:00;40.3;7.1;10.0;0.0;300.0;10.0;154.0;169.0
2018-08-01 06:00:00;48.7;4.3;20.0;0.0;0.0;10.0;155.0;202.0
2018-08-01 07:00:00;35.0;27.0;20.0;0.0;0.0;10.0;140.0;215.0
2018-08-01 08:00:00;22.5;43.0;40.0;0.0;300.0;20.0;139.0;230.0
2018-08-01 09:00:00;17.0;51.8;50.0;0.0;280.0;30.0;149.0;241.0
2018-08-01 10:00:00;14.9;56.6;50.0;0.0;280.0;30.0;141.0;245.0
2018-08-01 11:00:00;18.1;60.2;60.0;0.0;290.0;30.0;133.0;250.0
2018-08-01 12:00:00;18.1;57.2;70.0;0.0;280.0;30.0;140.0;248.0
2018-08-01 13:00:00;24.8;61.8;70.0;0.0;300.0;30.0;127.0;251.0
2018-08-01 14:00:00;31.1;58.5;60.0;0.0;290.0;30.0;120.0;253.0
2018-08-01 15:00:00;33.8;53.4;60.0;0.0;320.0;40.0;115.0;247.0
2018-08-01 16:00:00;35.3;47.4;50.0;0.0;320.0;30.0;112.0;243.0
2018-08-01 17:00:00;22.5;59.7;50.0;0.0;340.0;30.0;127.0;232.0
2018-08-01 18:00:00;18.3;65.4;50.0;0.0;360.0;20.0;125.0;209.0
2018-08-01 19:00:00;17.4;65.7;50.0;0.0;20.0;20.0;137.0;189.0
2018-08-01 20:00:00;21.2;54.4;20.0;0.0;330.0;10.0;146.0;172.0
2018-08-01 21:00:00;37.1;37.3;20.0;0.0;350.0;10.0;147.0;166.0
2018-08-01 22:00:00;40.3;36.2;10.0;0.0;0.0;0.0;152.0;167.0
2018-08-01 23:00:00;33.8;39.7;10.0;0.0;0.0;10.0;151.0;163.0
2018-08-02 00:00:00;31.7;37.4;10.0;0.0;0.0;0.0;153.0;163.0
2018-08-02 01:00:00;31.1;36.0;20.0;0.0;0.0;0.0;151.0;162.0
2018-08-02 02:00:00;53.7;12.3;20.0;0.0;310.0;10.0;152.0;158.0
2018-08-02 03:00:00;55.0;16.1;10.0;0.0;0.0;0.0;149.0;155.0
2018-08-02 04:00:00;51.0;18.9;10.0;0.0;0.0;0.0;148.0;159.0
2018-08-02 05:00:00;67.4;3.3;20.0;0.0;310.0;10.0;148.0;185.0
2018-08-02 06:00:00;68.6;3.1;30.0;0.0;300.0;10.0;146.0;218.0
2018-08-02 07:00:00;75.8;10.6;30.0;0.0;310.0;20.0;134.0;241.0
2018-08-02 08:00:00;72.0;19.7;40.0;0.0;280.0;20.0;136.0;254.0
2018-08-02 09:00:00;52.0;34.7;50.0;0.0;320.0;20.0;130.0;262.0
2018-08-02 10:00:00;44.7;42.8;70.0;0.0;280.0;30.0;134.0;269.0
2018-08-02 11:00:00;39.9;47.2;60.0;0.0;280.0;40.0;145.0;272.0
2018-08-02 12:00:00;37.1;52.2;60.0;0.0;280.0;40.0;141.0;270.0
2018-08-02 13:00:00;43.0;56.0;70.0;0.0;280.0;40.0;136.0;274.0
2018-08-02 14:00:00;39.5;67.4;60.0;0.0;280.0;30.0;130.0;268.0
2018-08-02 15:00:00;32.9;78.5;60.0;0.0;280.0;30.0;128.0;265.0
2018-08-02 16:00:00;28.7;87.3;60.0;0.0;280.0;30.0;133.0;260.0
2018-08-02 17:00:00;38.6;70.7;40.0;0.0;270.0;20.0;145.0;252.0
2018-08-02 18:00:00;35.9;70.1;30.0;0.0;280.0;20.0;142.0;225.0
2018-08-02 19:00:00;28.3;83.2;30.0;0.0;280.0;20.0;137.0;207.0
2018-08-02 20:00:00;30.2;78.3;20.0;0.0;30.0;10.0;142.0;198.0
2018-08-02 21:00:00;45.1;56.0;30.0;0.0;20.0;20.0;141.0;179.0
2018-08-02 22:00:00;44.5;53.0;20.0;0.0;360.0;10.0;151.0;167.0
2018-08-02 23:00:00;41.4;44.4;10.0;0.0;60.0;10.0;154.0;162.0
2018-08-03 00:00:00;36.7;38.7;20.0;0.0;340.0;10.0;147.0;152.0
2018-08-03 01:00:00;35.5;37.6;20.0;0.0;360.0;10.0;147.0;147.0
2018-08-03 02:00:00;55.6;14.7;10.0;0.0;30.0;0.0;146.0;149.0
2018-08-03 03:00:00;64.7;1.4;10.0;0.0;30.0;0.0;141.0;143.0
2018-08-03 04:00:00;54.2;4.0;10.0;0.0;0.0;10.0;148.0;151.0
2018-08-03 05:00:00;61.9;0.6;10.0;0.0;350.0;0.0;160.0;184.0
2018-08-03 06:00:00;62.5;1.4;20.0;0.0;350.0;10.0;160.0;225.0
2018-08-03 07:00:00;75.6;5.7;20.0;0.0;350.0;10.0;164.0;255.0
2018-08-03 08:00:00;75.6;27.5;30.0;0.0;340.0;10.0;154.0;265.0
2018-08-03 09:00:00;55.6;64.7;40.0;0.0;10.0;10.0;138.0;283.0
2018-08-03 10:00:00;45.3;83.2;40.0;0.0;280.0;20.0;125.0;289.0
2018-08-03 11:00:00;43.5;99.3;40.0;0.0;290.0;20.0;133.0;304.0
2018-08-03 12:00:00;52.9;100.0;60.0;0.0;360.0;20.0;150.0;305.0
2018-08-03 13:00:00;32.9;118.8;70.0;0.0;340.0;40.0;149.0;302.0
2018-08-03 14:00:00;25.2;132.0;60.0;0.0;330.0;40.0;147.0;295.0
2018-08-03 15:00:00;23.7;136.9;60.0;0.0;350.0;40.0;117.0;284.0
2018-08-03 16:00:00;23.5;131.3;60.0;0.0;360.0;40.0;131.0;278.0
2018-08-03 17:00:00;22.5;135.6;50.0;0.0;340.0;30.0;140.0;269.0
2018-08-03 18:00:00;26.9;111.8;40.0;0.0;360.0;20.0;149.0;246.0
2018-08-03 19:00:00;34.4;88.4;30.0;0.0;360.0;20.0;156.0;225.0
2018-08-03 20:00:00;45.3;57.8;30.0;0.0;350.0;20.0;157.0;212.0
2018-08-03 21:00:00;53.5;37.9;40.0;0.0;10.0;20.0;172.0;207.0
2018-08-03 22:00:00;51.2;31.4;50.0;0.0;60.0;20.0;163.0;198.0
2018-08-03 23:00:00;31.7;39.9;30.0;0.0;50.0;20.0;169.0;206.0
2018-08-04 00:00:00;30.6;39.8;30.0;0.0;10.0;10.0;172.0;205.0
2018-08-04 01:00:00;24.1;42.9;20.0;0.0;360.0;10.0;170.0;188.0
2018-08-04 02:00:00;23.3;38.8;20.0;0.0;350.0;10.0;165.0;177.0
2018-08-04 03:00:00;29.0;32.1;20.0;0.0;350.0;10.0;160.0;167.0
2018-08-04 04:00:00;23.1;34.8;20.0;0.0;340.0;10.0;164.0;170.0
2018-08-04 05:00:00;29.0;31.1;40.0;0.0;360.0;10.0;170.0;214.0
2018-08-04 06:00:00;37.2;35.5;40.0;0.0;10.0;20.0;173.0;234.0
2018-08-04 07:00:00;27.3;44.0;50.0;0.0;20.0;30.0;173.0;254.0
2018-08-04 08:00:00;25.6;47.5;50.0;0.0;10.0;20.0;171.0;262.0
2018-08-04 09:00:00;18.9;64.5;50.0;0.0;350.0;20.0;168.0;271.0
2018-08-04 10:00:00;22.5;70.8;70.0;0.0;340.0;40.0;186.0;262.0
2018-08-04 11:00:00;15.1;81.6;80.0;0.0;350.0;40.0;174.0;268.0
2018-08-04 12:00:00;10.5;73.3;60.0;0.0;330.0;40.0;185.0;268.0
2018-08-04 13:00:00;11.8;71.1;80.0;0.0;340.0;50.0;180.0;254.0
2018-08-04 14:00:00;12.4;66.2;100.0;0.0;340.0;60.0;182.0;225.0
2018-08-04 15:00:00;9.7;63.2;90.0;0.0;340.0;60.0;171.0;222.0
2018-08-04 16:00:00;13.8;57.9;100.0;0.0;350.0;60.0;164.0;215.0
2018-08-04 17:00:00;13.8;53.3;90.0;0.0;350.0;50.0;158.0;200.0
2018-08-04 18:00:00;9.9;56.0;80.0;0.0;340.0;40.0;162.0;188.0
2018-08-04 19:00:00;13.9;48.6;70.0;0.0;350.0;30.0;161.0;187.0
2018-08-04 20:00:00;11.7;46.6;60.0;0.0;330.0;30.0;159.0;183.0
2018-08-04 21:00:00;14.7;45.1;50.0;0.0;350.0;30.0;161.0;185.0
2018-08-04 22:00:00;9.9;50.9;50.0;0.0;330.0;30.0;160.0;172.0
2018-08-04 23:00:00;10.7;49.7;40.0;0.0;340.0;20.0;159.0;173.0
2018-08-05 00:00:00;17.0;40.7;30.0;0.0;340.0;20.0;155.0;163.0
2018-08-05 01:00:00;19.1;38.7;20.0;0.0;350.0;10.0;157.0;163.0
2018-08-05 02:00:00;14.3;40.1;30.0;0.0;20.0;10.0;153.0;167.0
2018-08-05 03:00:00;13.2;37.7;30.0;0.0;340.0;10.0;146.0;154.0
2018-08-05 04:00:00;13.2;37.2;20.0;0.0;360.0;10.0;148.0;160.0
2018-08-05 05:00:00;16.4;35.6;30.0;0.0;10.0;10.0;148.0;188.0
2018-08-05 06:00:00;13.8;40.4;50.0;0.0;30.0;30.0;149.0;200.0
2018-08-05 07:00:00;13.0;42.7;50.0;0.0;40.0;30.0;132.0;213.0
2018-08-05 08:00:00;8.0;51.2;50.0;0.0;50.0;30.0;126.0;228.0
2018-08-05 09:00:00;8.4;56.3;60.0;0.0;360.0;20.0;117.0;233.0
2018-08-05 10:00:00;4.4;62.9;70.0;0.0;50.0;30.0;117.0;239.0
2018-08-05 11:00:00;5.3;64.7;60.0;0.0;20.0;30.0;124.0;249.0
2018-08-05 12:00:00;7.3;70.1;80.0;0.0;40.0;30.0;133.0;262.0
2018-08-05 13:00:00;6.9;79.3;80.0;0.0;360.0;40.0;148.0;251.0
2018-08-05 14:00:00;8.2;83.8;80.0;0.0;360.0;40.0;143.0;248.0
2018-08-05 15:00:00;11.3;80.9;70.0;0.0;350.0;40.0;139.0;243.0
2018-08-05 16:00:00;10.9;80.1;70.0;0.0;350.0;40.0;138.0;239.0
2018-08-05 17:00:00;13.6;71.6;60.0;0.0;50.0;40.0;139.0;236.0
2018-08-05 18:00:00;15.3;64.4;60.0;0.0;60.0;50.0;141.0;214.0
2018-08-05 19:00:00;15.7;63.9;60.0;0.0;50.0;40.0;140.0;194.0
2018-08-05 20:00:00;16.2;59.4;50.0;0.0;60.0;30.0;141.0;185.0
2018-08-05 21:00:00;21.6;48.5;50.0;0.0;60.0;30.0;139.0;179.0
2018-08-05 22:00:00;19.5;48.6;30.0;0.0;40.0;20.0;145.0;179.0
2018-08-05 23:00:00;17.0;51.2;30.0;0.0;80.0;20.0;139.0;167.0
2018-08-06 00:00:00;10.3;56.2;50.0;0.0;80.0;20.0;134.0;162.0
2018-08-06 01:00:00;5.9;55.1;40.0;0.0;40.0;20.0;136.0;165.0
2018-08-06 02:00:00;6.7;50.4;20.0;0.0;50.0;10.0;133.0;152.0
2018-08-06 03:00:00;8.0;46.2;30.0;0.0;100.0;10.0;133.0;156.0
2018-08-06 04:00:00;11.5;39.1;30.0;0.0;100.0;20.0;139.0;173.0
2018-08-06 05:00:00;24.1;24.9;50.0;0.0;100.0;20.0;140.0;195.0
2018-08-06 06:00:00;31.3;18.8;30.0;0.0;100.0;20.0;141.0;220.0
2018-08-06 07:00:00;27.7;28.6;30.0;0.0;100.0;10.0;140.0;245.0
2018-08-06 08:00:00;26.9;38.5;40.0;0.0;100.0;20.0;134.0;264.0
2018-08-06 09:00:00;24.8;50.9;60.0;0.0;100.0;20.0;120.0;274.0
2018-08-06 10:00:00;24.8;75.3;40.0;0.0;170.0;20.0;114.0;285.0
2018-08-06 11:00:00;24.8;90.7;50.0;0.0;170.0;20.0;105.0;299.0
2018-08-06 12:00:00;8.0;99.7;40.0;0.0;110.0;20.0;90.0;302.0
2018-08-06 13:00:00;10.1;107.7;60.0;0.0;330.0;30.0;136.0;303.0
2018-08-06 14:00:00;14.1;109.5;60.0;0.0;320.0;30.0;137.0;296.0
2018-08-06 15:00:00;28.5;121.0;60.0;0.0;350.0;30.0;137.0;286.0
2018-08-06 16:00:00;27.7;126.2;50.0;0.0;360.0;30.0;137.0;279.0
2018-08-06 17:00:00;22.3;134.9;50.0;0.0;360.0;30.0;142.0;263.0
2018-08-06 18:00:00;18.0;125.2;40.0;0.0;10.0;30.0;152.0;236.0
2018-08-06 19:00:00;26.0;105.2;30.0;0.0;340.0;20.0;146.0;213.0
2018-08-06 20:00:00;77.2;55.6;10.0;0.0;0.0;10.0;154.0;193.0
2018-08-06 21:00:00;58.3;64.0;10.0;0.0;80.0;10.0;151.0;191.0
2018-08-06 22:00:00;47.4;67.9;20.0;0.0;340.0;10.0;154.0;164.0
2018-08-06 23:00:00;49.7;51.8;20.0;0.0;340.0;10.0;151.0;159.0
2018-08-07 00:00:00;53.7;36.4;10.0;0.0;100.0;10.0;152.0;163.0
2018-08-07 01:00:00;72.4;18.6;10.0;0.0;10.0;10.0;150.0;158.0
2018-08-07 02:00:00;56.0;35.1;20.0;0.0;350.0;10.0;150.0;156.0
2018-08-07 03:00:00;23.5;61.1;20.0;0.0;10.0;10.0;159.0;162.0
2018-08-07 04:00:00;27.9;51.4;10.0;0.0;350.0;10.0;159.0;162.0
2018-08-07 05:00:00;72.4;12.4;20.0;0.0;350.0;10.0;150.0;186.0
2018-08-07 06:00:00;86.3;2.4;10.0;0.0;0.0;10.0;145.0;237.0
2018-08-07 07:00:00;92.8;8.4;30.0;0.0;140.0;10.0;133.0;281.0
2018-08-07 08:00:00;55.2;57.1;50.0;0.0;160.0;20.0;125.0;293.0
2018-08-07 09:00:00;26.5;95.3;50.0;0.0;250.0;20.0;130.0;308.0
2018-08-07 10:00:00;17.2;128.9;60.0;0.0;210.0;20.0;120.0;319.0
2018-08-07 11:00:00;10.9;136.0;60.0;0.0;240.0;20.0;126.0;332.0
2018-08-07 12:00:00;9.7;138.8;80.0;0.0;230.0;30.0;122.0;334.0
2018-08-07 13:00:00;8.6;137.7;60.0;0.0;160.0;30.0;125.0;334.0
2018-08-07 14:00:00;9.0;141.6;70.0;0.0;180.0;30.0;125.0;337.0
2018-08-07 15:00:00;9.6;138.5;90.0;0.0;180.0;40.0;128.0;331.0
2018-08-07 16:00:00;12.0;144.4;90.0;0.0;180.0;40.0;133.0;325.0
2018-08-07 17:00:00;13.6;144.1;70.0;0.0;180.0;30.0;144.0;315.0
2018-08-07 18:00:00;19.3;127.5;30.0;0.0;280.0;10.0;150.0;291.0
2018-08-07 19:00:00;30.9;103.2;30.0;0.0;70.0;20.0;165.0;245.0
2018-08-07 20:00:00;36.7;94.2;30.0;0.0;40.0;20.0;156.0;265.0
2018-08-07 21:00:00;58.8;65.1;120.0;0.0;290.0;40.0;163.0;238.0
2018-08-07 22:00:00;36.9;92.9;110.0;5.0;240.0;40.0;178.0;207.0
2018-08-07 23:00:00;57.5;56.3;120.0;8.0;40.0;50.0;185.0;200.0
2018-08-08 00:00:00;11.5;65.6;70.0;1.0;260.0;30.0;184.0;198.0
2018-08-08 01:00:00;21.0;53.5;70.0;6.0;120.0;30.0;186.0;203.0
2018-08-08 02:00:00;17.2;46.3;60.0;0.0;170.0;30.0;181.0;215.0
2018-08-08 03:00:00;12.4;51.2;90.0;0.0;190.0;50.0;184.0;212.0
2018-08-08 04:00:00;13.2;56.2;100.0;0.0;170.0;60.0;182.0;205.0
2018-08-08 05:00:00;14.3;54.4;130.0;0.0;220.0;70.0;182.0;211.0
2018-08-08 06:00:00;14.5;53.5;140.0;0.0;220.0;80.0;187.0;213.0
2018-08-08 07:00:00;14.1;53.0;130.0;0.0;230.0;80.0;181.0;209.0
2018-08-08 08:00:00;11.3;49.4;130.0;0.0;240.0;80.0;169.0;208.0
2018-08-08 09:00:00;11.1;35.9;150.0;0.0;240.0;90.0;172.0;219.0
2018-08-08 10:00:00;8.0;42.7;140.0;0.0;230.0;80.0;159.0;215.0
2018-08-08 11:00:00;7.1;45.7;120.0;0.0;230.0;80.0;149.0;205.0
2018-08-08 12:00:00;8.4;48.8;110.0;0.0;230.0;80.0;150.0;209.0
2018-08-08 13:00:00;8.6;53.6;110.0;0.0;250.0;60.0;147.0;205.0
2018-08-08 14:00:00;9.6;60.5;110.0;0.0;260.0;60.0;143.0;206.0
2018-08-08 15:00:00;6.7;69.7;100.0;0.0;250.0;60.0;128.0;217.0
2018-08-08 16:00:00;6.9;74.2;100.0;0.0;260.0;60.0;113.0;210.0
2018-08-08 17:00:00;4.0;74.8;90.0;0.0;250.0;50.0;103.0;206.0
2018-08-08 18:00:00;5.5;71.3;80.0;0.0;240.0;50.0;117.0;190.0
2018-08-08 19:00:00;7.4;68.7;60.0;0.0;240.0;30.0;124.0;169.0
2018-08-08 20:00:00;11.8;57.5;30.0;0.0;170.0;20.0;125.0;159.0
2018-08-08 21:00:00;19.1;43.9;30.0;0.0;170.0;20.0;127.0;156.0
2018-08-08 22:00:00;24.8;33.4;30.0;0.0;160.0;20.0;123.0;154.0
2018-08-08 23:00:00;22.0;34.9;40.0;0.0;170.0;20.0;129.0;145.0
2018-08-09 00:00:00;21.8;37.9;40.0;0.0;160.0;30.0;126.0;160.0
2018-08-09 01:00:00;18.5;36.5;50.0;0.0;160.0;20.0;128.0;142.0
2018-08-09 02:00:00;22.7;29.5;40.0;0.0;60.0;10.0;129.0;148.0
2018-08-09 03:00:00;25.6;22.0;10.0;0.0;40.0;10.0;128.0;140.0
2018-08-09 04:00:00;39.2;7.9;30.0;0.0;110.0;10.0;134.0;165.0
2018-08-09 05:00:00;44.9;4.6;80.0;0.0;130.0;20.0;132.0;180.0
2018-08-09 06:00:00;43.4;10.6;40.0;0.0;60.0;20.0;135.0;192.0
2018-08-09 07:00:00;34.6;24.8;50.0;0.0;100.0;30.0;131.0;203.0
2018-08-09 08:00:00;33.0;29.0;60.0;0.0;80.0;30.0;125.0;217.0
2018-08-09 09:00:00;26.4;41.6;70.0;0.0;70.0;40.0;123.0;215.0
2018-08-09 10:00:00;35.9;34.7;80.0;0.0;60.0;50.0;142.0;199.0
2018-08-09 11:00:00;35.5;37.3;60.0;7.0;30.0;20.0;157.0;190.0
2018-08-09 12:00:00;43.2;28.2;40.0;10.0;10.0;20.0;163.0;183.0
2018-08-09 13:00:00;51.4;21.1;70.0;7.0;70.0;30.0;162.0;179.0
2018-08-09 14:00:00;48.5;18.4;50.0;2.0;40.0;20.0;169.0;183.0
2018-08-09 15:00:00;46.8;21.0;40.0;0.0;90.0;20.0;174.0;191.0
2018-08-09 16:00:00;45.3;18.0;40.0;0.0;90.0;20.0;180.0;194.0
2018-08-09 17:00:00;31.3;29.3;170.0;8.0;300.0;60.0;157.0;166.0
2018-08-09 18:00:00;31.7;37.3;160.0;6.0;280.0;80.0;153.0;165.0
2018-08-09 19:00:00;35.7;34.7;110.0;7.0;280.0;60.0;150.0;158.0
2018-08-09 20:00:00;35.9;36.2;140.0;9.0;270.0;70.0;142.0;153.0
2018-08-09 21:00:00;31.5;36.0;140.0;6.0;280.0;70.0;130.0;149.0
2018-08-09 22:00:00;29.4;33.2;90.0;0.0;260.0;50.0;122.0;147.0
2018-08-09 23:00:00;30.9;33.9;90.0;0.0;270.0;50.0;115.0;148.0
2018-08-10 00:00:00;19.3;44.3;80.0;0.0;270.0;40.0;112.0;143.0
2018-08-10 01:00:00;27.7;43.5;50.0;0.0;230.0;30.0;91.0;116.0
2018-08-10 02:00:00;16.0;50.3;40.0;0.0;190.0;20.0;104.0;123.0
2018-08-10 03:00:00;7.1;46.0;60.0;4.0;190.0;40.0;129.0;143.0
2018-08-10 04:00:00;13.2;25.9;70.0;0.0;190.0;40.0;127.0;143.0
2018-08-10 05:00:00;16.8;21.6;100.0;0.0;190.0;50.0;137.0;157.0
2018-08-10 06:00:00;14.5;27.2;90.0;0.0;190.0;50.0;135.0;164.0
2018-08-10 07:00:00;13.0;30.5;120.0;0.0;250.0;60.0;129.0;171.0
2018-08-10 08:00:00;8.8;39.7;120.0;0.0;220.0;70.0;122.0;183.0
2018-08-10 09:00:00;8.4;43.5;110.0;0.0;230.0;70.0;117.0;188.0
2018-08-10 10:00:00;7.1;47.3;150.0;0.0;230.0;90.0;102.0;202.0
2018-08-10 11:00:00;5.7;52.8;150.0;0.0;210.0;90.0;94.0;211.0
2018-08-10 12:00:00;5.0;58.3;140.0;0.0;220.0;80.0;103.0;216.0
2018-08-10 13:00:00;5.7;62.1;120.0;0.0;190.0;70.0;97.0;203.0
2018-08-10 14:00:00;6.3;63.4;130.0;0.0;200.0;80.0;95.0;201.0
2018-08-10 15:00:00;6.7;64.4;130.0;0.0;190.0;80.0;106.0;206.0
2018-08-10 16:00:00;9.2;62.4;170.0;0.0;220.0;80.0;97.0;191.0
2018-08-10 17:00:00;9.6;62.2;180.0;6.0;230.0;90.0;122.0;168.0
2018-08-10 18:00:00;9.9;59.0;160.0;5.0;220.0;100.0;129.0;156.0
2018-08-10 19:00:00;7.3;54.9;160.0;7.0;220.0;80.0;130.0;158.0
2018-08-10 20:00:00;6.5;49.3;150.0;9.0;230.0;90.0;128.0;147.0
2018-08-10 21:00:00;4.8;49.0;120.0;7.0;190.0;60.0;109.0;124.0
2018-08-10 22:00:00;7.6;49.6;60.0;7.0;210.0;40.0;115.0;128.0
2018-08-10 23:00:00;4.6;56.4;70.0;2.0;210.0;40.0;117.0;132.0
2018-08-11 00:00:00;6.3;52.3;60.0;0.0;220.0;40.0;121.0;131.0
2018-08-11 01:00:00;6.1;48.7;50.0;0.0;270.0;30.0;118.0;132.0
2018-08-11 02:00:00;29.6;24.7;40.0;0.0;250.0;20.0;99.0;115.0
2018-08-11 03:00:00;46.6;17.2;40.0;0.0;250.0;30.0;92.0;121.0
2018-08-11 04:00:00;41.4;23.9;40.0;0.0;260.0;30.0;97.0;131.0
2018-08-11 05:00:00;10.3;43.7;50.0;0.0;250.0;30.0;106.0;150.0
2018-08-11 06:00:00;10.3;42.4;70.0;0.0;260.0;40.0;100.0;167.0
2018-08-11 07:00:00;10.3;42.4;90.0;0.0;270.0;50.0;96.0;173.0
2018-08-11 08:00:00;8.8;47.6;90.0;0.0;270.0;50.0;102.0;181.0
2018-08-11 09:00:00;6.5;54.1;90.0;0.0;270.0;50.0;95.0;171.0
2018-08-11 10:00:00;5.0;58.9;90.0;0.0;280.0;50.0;105.0;191.0
2018-08-11 11:00:00;4.8;60.7;100.0;0.0;260.0;60.0;92.0;193.0
2018-08-11 12:00:00;6.9;61.4;80.0;0.0;290.0;50.0;98.0;183.0
2018-08-11 13:00:00;7.6;59.4;90.0;0.0;270.0;50.0;94.0;183.0
2018-08-11 14:00:00;3.6;68.5;90.0;0.0;260.0;50.0;100.0;192.0
2018-08-11 15:00:00;2.9;69.2;80.0;0.0;260.0;50.0;84.0;189.0
2018-08-11 16:00:00;4.4;71.9;70.0;0.0;280.0;40.0;99.0;188.0
2018-08-11 17:00:00;4.6;72.3;50.0;0.0;280.0;20.0;94.0;180.0
2018-08-11 18:00:00;6.1;71.6;20.0;0.0;0.0;10.0;102.0;160.0
2018-08-11 19:00:00;9.2;68.3;10.0;0.0;0.0;0.0;98.0;143.0
2018-08-11 20:00:00;15.7;58.4;20.0;0.0;120.0;10.0;96.0;136.0
2018-08-11 21:00:00;35.7;32.1;20.0;0.0;70.0;0.0;115.0;132.0
2018-08-11 22:00:00;37.4;21.0;20.0;0.0;110.0;10.0;106.0;127.0
2018-08-11 23:00:00;39.0;20.1;40.0;0.0;160.0;10.0;108.0;133.0
2018-08-12 00:00:00;21.6;42.1;60.0;0.0;160.0;30.0;101.0;164.0
2018-08-12 01:00:00;14.3;47.7;60.0;0.0;170.0;40.0;106.0;163.0
2018-08-12 02:00:00;21.0;36.5;50.0;0.0;170.0;30.0;110.0;164.0
2018-08-12 03:00:00;26.4;22.9;40.0;0.0;170.0;30.0;113.0;165.0
2018-08-12 04:00:00;30.8;18.7;50.0;0.0;170.0;30.0;108.0;172.0
2018-08-12 05:00:00;31.5;18.4;90.0;0.0;170.0;40.0;109.0;175.0
2018-08-12 06:00:00;30.2;21.2;70.0;0.0;180.0;40.0;116.0;190.0
2018-08-12 07:00:00;32.5;23.2;90.0;0.0;190.0;50.0;110.0;205.0
2018-08-12 08:00:00;22.2;36.7;110.0;0.0;200.0;70.0;105.0;215.0
2018-08-12 09:00:00;9.0;52.6;110.0;0.0;200.0;70.0;111.0;228.0
2018-08-12 10:00:00;7.8;56.9;110.0;0.0;200.0;70.0;109.0;241.0
2018-08-12 11:00:00;7.4;65.2;120.0;0.0;210.0;70.0;110.0;266.0
2018-08-12 12:00:00;6.9;78.0;110.0;0.0;180.0;70.0;104.0;258.0
2018-08-12 13:00:00;5.9;85.6;120.0;0.0;190.0;60.0;104.0;267.0
2018-08-12 14:00:00;4.6;87.1;110.0;0.0;210.0;60.0;104.0;259.0
2018-08-12 15:00:00;5.0;88.7;90.0;0.0;200.0;50.0;110.0;255.0
2018-08-12 16:00:00;6.5;90.9;70.0;0.0;220.0;40.0;112.0;250.0
2018-08-12 17:00:00;12.2;79.9;50.0;0.0;220.0;20.0;143.0;238.0
2018-08-12 18:00:00;18.5;72.5;20.0;0.0;0.0;10.0;149.0;222.0
2018-08-12 19:00:00;31.7;53.1;20.0;0.0;70.0;10.0;150.0;205.0
2018-08-12 20:00:00;52.1;26.4;20.0;0.0;100.0;10.0;139.0;219.0
2018-08-12 21:00:00;48.9;22.8;30.0;0.0;360.0;20.0;154.0;202.0
2018-08-12 22:00:00;47.6;23.2;30.0;0.0;340.0;20.0;156.0;195.0
2018-08-12 23:00:00;50.6;18.5;30.0;0.0;330.0;20.0;152.0;194.0
2018-08-13 00:00:00;72.2;3.8;20.0;0.0;330.0;10.0;148.0;185.0
2018-08-13 01:00:00;53.1;17.1;10.0;0.0;0.0;10.0;152.0;180.0
2018-08-13 02:00:00;44.5;23.1;10.0;0.0;0.0;0.0;158.0;175.0
2018-08-13 03:00:00;33.2;24.6;10.0;0.0;180.0;10.0;155.0;176.0
2018-08-13 04:00:00;50.0;7.5;20.0;0.0;180.0;10.0;157.0;171.0
2018-08-13 05:00:00;47.0;12.2;50.0;0.0;200.0;30.0;161.0;196.0
2018-08-13 06:00:00;39.7;18.0;90.0;0.0;210.0;50.0;160.0;201.0
2018-08-13 07:00:00;25.0;35.7;80.0;0.0;230.0;50.0;165.0;198.0
2018-08-13 08:00:00;19.1;42.7;60.0;0.0;240.0;40.0;168.0;191.0
2018-08-13 09:00:00;18.3;43.4;70.0;1.0;210.0;40.0;167.0;201.0
2018-08-13 10:00:00;12.4;48.4;80.0;0.0;230.0;50.0;162.0;224.0
2018-08-13 11:00:00;9.4;53.8;110.0;2.0;280.0;50.0;171.0;184.0
2018-08-13 12:00:00;9.6;50.8;70.0;3.0;250.0;40.0;185.0;206.0
2018-08-13 13:00:00;11.3;49.0;90.0;0.0;270.0;60.0;168.0;218.0
2018-08-13 14:00:00;7.8;58.2;100.0;0.0;270.0;50.0;154.0;199.0
2018-08-13 15:00:00;9.9;57.3;90.0;0.0;270.0;50.0;159.0;202.0
2018-08-13 16:00:00;17.2;52.7;80.0;0.0;260.0;40.0;155.0;204.0
2018-08-13 17:00:00;10.7;66.3;80.0;0.0;260.0;40.0;154.0;192.0
2018-08-13 18:00:00;7.8;72.7;60.0;0.0;260.0;30.0;153.0;186.0
2018-08-13 19:00:00;11.3;66.7;50.0;0.0;240.0;30.0;156.0;179.0
2018-08-13 20:00:00;14.5;55.8;60.0;0.0;250.0;30.0;155.0;177.0
2018-08-13 21:00:00;13.6;54.1;50.0;0.0;260.0;30.0;162.0;182.0
2018-08-13 22:00:00;15.5;49.7;50.0;0.0;260.0;30.0;163.0;178.0
2018-08-13 23:00:00;11.3;50.7;40.0;0.0;250.0;30.0;167.0;182.0
2018-08-14 00:00:00;21.0;40.0;50.0;0.0;260.0;30.0;161.0;186.0
2018-08-14 01:00:00;15.9;43.4;70.0;0.0;280.0;40.0;160.0;184.0
2018-08-14 02:00:00;35.0;26.1;80.0;0.0;290.0;50.0;150.0;183.0
2018-08-14 03:00:00;38.4;27.0;80.0;0.0;300.0;40.0;144.0;177.0
2018-08-14 04:00:00;24.4;41.3;70.0;0.0;290.0;40.0;144.0;175.0
2018-08-14 05:00:00;24.4;43.3;80.0;0.0;290.0;40.0;147.0;186.0
2018-08-14 06:00:00;46.4;29.8;90.0;0.0;300.0;50.0;144.0;194.0
2018-08-14 07:00:00;32.3;43.4;90.0;0.0;300.0;60.0;145.0;200.0
2018-08-14 08:00:00;18.9;59.3;90.0;0.0;290.0;50.0;144.0;204.0
2018-08-14 09:00:00;15.3;64.4;80.0;0.0;310.0;50.0;138.0;212.0
2018-08-14 10:00:00;24.3;59.0;80.0;0.0;290.0;50.0;135.0;209.0
2018-08-14 11:00:00;22.9;60.4;80.0;0.0;300.0;50.0;149.0;200.0
2018-08-14 12:00:00;31.1;50.1;80.0;0.0;290.0;40.0;152.0;199.0
2018-08-14 13:00:00;33.2;40.0;70.0;0.0;270.0;40.0;160.0;192.0
2018-08-14 14:00:00;30.2;35.6;70.0;4.0;270.0;30.0;169.0;189.0
2018-08-14 15:00:00;9.9;58.4;80.0;0.0;280.0;40.0;164.0;202.0
2018-08-14 16:00:00;8.2;65.8;80.0;0.0;260.0;50.0;143.0;195.0
2018-08-14 17:00:00;7.0;67.3;70.0;0.0;260.0;40.0;145.0;187.0
2018-08-14 18:00:00;8.1;66.1;40.0;0.0;260.0;20.0;145.0;187.0
2018-08-14 19:00:00;9.3;57.0;60.0;0.0;250.0;30.0;142.0;186.0
2018-08-14 20:00:00;15.9;45.8;50.0;0.0;240.0;30.0;146.0;182.0
2018-08-14 21:00:00;18.1;43.5;50.0;0.0;240.0;30.0;144.0;171.0
2018-08-14 22:00:00;18.5;43.0;50.0;0.0;220.0;30.0;158.0;185.0
2018-08-14 23:00:00;15.4;39.7;60.0;0.0;210.0;40.0;163.0;192.0
2018-08-15 00:00:00;11.2;41.0;70.0;0.0;220.0;40.0;157.0;189.0
2018-08-15 01:00:00;12.0;36.2;80.0;0.0;220.0;50.0;156.0;186.0
2018-08-15 02:00:00;17.3;29.0;70.0;0.0;220.0;50.0;162.0;185.0
2018-08-15 03:00:00;17.5;25.4;60.0;0.0;220.0;40.0;167.0;187.0
2018-08-15 04:00:00;15.1;27.0;60.0;0.0;210.0;40.0;170.0;186.0
2018-08-15 05:00:00;17.6;23.9;80.0;0.0;210.0;40.0;175.0;194.0
2018-08-15 06:00:00;16.7;23.4;60.0;0.0;210.0;40.0;177.0;200.0
2018-08-15 07:00:00;17.0;23.8;80.0;0.0;240.0;40.0;164.0;207.0
2018-08-15 08:00:00;21.8;27.6;80.0;0.0;240.0;40.0;171.0;198.0
2018-08-15 09:00:00;14.7;30.3;90.0;0.0;240.0;50.0;163.0;202.0
2018-08-15 10:00:00;16.1;39.4;110.0;0.0;230.0;70.0;152.0;213.0
2018-08-15 11:00:00;8.1;53.8;100.0;0.0;230.0;70.0;150.0;211.0
2018-08-15 12:00:00;18.0;45.0;100.0;0.0;230.0;60.0;146.0;202.0
2018-08-15 13:00:00;10.3;51.0;100.0;0.0;220.0;60.0;152.0;199.0
2018-08-15 14:00:00;11.3;51.9;90.0;0.0;230.0;60.0;158.0;198.0
2018-08-15 15:00:00;15.4;44.3;80.0;0.0;220.0;40.0;159.0;206.0
2018-08-15 16:00:00;15.6;43.6;80.0;0.0;240.0;50.0;158.0;207.0
2018-08-15 17:00:00;11.0;49.6;70.0;0.0;230.0;40.0;162.0;202.0
2018-08-15 18:00:00;10.3;54.0;60.0;0.0;230.0;30.0;161.0;197.0
2018-08-15 19:00:00;13.2;54.9;50.0;0.0;230.0;30.0;157.0;184.0
2018-08-15 20:00:00;25.5;44.3;50.0;0.0;230.0;30.0;156.0;185.0
2018-08-15 21:00:00;21.5;43.7;50.0;0.0;240.0;30.0;152.0;178.0
2018-08-15 22:00:00;14.1;44.1;70.0;0.0;220.0;30.0;151.0;181.0
2018-08-15 23:00:00;12.0;41.4;80.0;0.0;220.0;50.0;139.0;177.0
2018-08-16 00:00:00;12.5;36.6;90.0;0.0;220.0;60.0;141.0;173.0
2018-08-16 01:00:00;9.6;38.0;90.0;0.0;210.0;50.0;144.0;180.0
2018-08-16 02:00:00;9.6;39.6;90.0;0.0;210.0;60.0;144.0;179.0
2018-08-16 03:00:00;9.9;41.0;80.0;0.0;210.0;50.0;143.0;166.0
2018-08-16 04:00:00;7.6;39.1;70.0;0.0;200.0;40.0;145.0;166.0
2018-08-16 05:00:00;15.3;25.5;80.0;0.0;190.0;40.0;151.0;173.0
2018-08-16 06:00:00;17.2;23.4;80.0;0.0;210.0;50.0;153.0;191.0
2018-08-16 07:00:00;12.2;32.7;100.0;0.0;210.0;60.0;155.0;210.0
2018-08-16 08:00:00;9.5;37.5;110.0;0.0;240.0;70.0;148.0;200.0
2018-08-16 09:00:00;9.1;39.2;130.0;0.0;220.0;70.0;144.0;198.0
2018-08-16 10:00:00;10.8;36.1;120.0;0.0;230.0;60.0;149.0;205.0
2018-08-16 11:00:00;8.6;39.5;100.0;0.0;230.0;60.0;148.0;211.0
2018-08-16 12:00:00;9.4;42.4;110.0;0.0;240.0;60.0;148.0;216.0
2018-08-16 13:00:00;11.9;45.8;90.0;0.0;260.0;50.0;154.0;221.0
2018-08-16 14:00:00;9.7;53.5;90.0;0.0;270.0;50.0;152.0;216.0
2018-08-16 15:00:00;12.5;54.2;80.0;0.0;310.0;40.0;165.0;199.0
2018-08-16 16:00:00;16.3;45.9;50.0;0.0;10.0;30.0;158.0;192.0
2018-08-16 17:00:00;23.3;46.4;40.0;0.0;70.0;20.0;153.0;181.0
2018-08-16 18:00:00;27.0;40.5;40.0;0.0;80.0;30.0;151.0;171.0
2018-08-16 19:00:00;32.7;33.9;30.0;0.0;70.0;10.0;153.0;164.0
2018-08-16 20:00:00;35.5;28.9;20.0;0.0;0.0;10.0;153.0;166.0
2018-08-16 21:00:00;18.6;41.9;60.0;4.0;270.0;30.0;151.0;165.0
2018-08-16 22:00:00;21.0;44.5;50.0;10.0;210.0;30.0;152.0;163.0
2018-08-16 23:00:00;13.2;48.0;40.0;8.0;260.0;20.0;157.0;164.0
2018-08-17 00:00:00;9.1;45.5;30.0;4.0;230.0;20.0;150.0;159.0
2018-08-17 01:00:00;9.0;36.2;20.0;0.0;0.0;10.0;151.0;156.0
2018-08-17 02:00:00;12.0;27.3;30.0;0.0;290.0;10.0;146.0;151.0
2018-08-17 03:00:00;23.7;17.6;20.0;0.0;230.0;10.0;137.0;142.0
2018-08-17 04:00:00;33.7;18.5;10.0;0.0;0.0;10.0;138.0;141.0
2018-08-17 05:00:00;39.7;11.5;10.0;0.0;190.0;0.0;143.0;146.0
2018-08-17 06:00:00;41.1;4.8;10.0;0.0;280.0;0.0;145.0;164.0
2018-08-17 07:00:00;43.1;4.7;30.0;0.0;290.0;10.0;148.0;195.0
2018-08-17 08:00:00;39.6;14.5;50.0;0.0;290.0;20.0;132.0;208.0
2018-08-17 09:00:00;40.8;15.9;60.0;0.0;270.0;30.0;119.0;214.0
2018-08-17 10:00:00;37.3;22.0;70.0;0.0;290.0;40.0;116.0;214.0
2018-08-17 11:00:00;32.6;30.8;70.0;0.0;290.0;40.0;120.0;215.0
2018-08-17 12:00:00;24.2;34.3;70.0;0.0;280.0;40.0;117.0;216.0
2018-08-17 13:00:00;12.6;46.4;80.0;0.0;260.0;50.0;118.0;217.0
2018-08-17 14:00:00;9.5;48.9;80.0;0.0;270.0;40.0;115.0;216.0
2018-08-17 15:00:00;10.5;50.3;80.0;0.0;290.0;40.0;116.0;205.0
2018-08-17 16:00:00;10.2;52.5;70.0;0.0;270.0;40.0;121.0;200.0
2018-08-17 17:00:00;16.4;49.0;50.0;0.0;270.0;30.0;112.0;189.0
2018-08-17 18:00:00;9.5;55.8;40.0;0.0;240.0;20.0;112.0;163.0
2018-08-17 19:00:00;15.6;48.1;30.0;0.0;250.0;20.0;111.0;152.0
2018-08-17 20:00:00;20.7;41.1;40.0;0.0;220.0;20.0;108.0;138.0
2018-08-17 21:00:00;30.7;33.2;40.0;0.0;200.0;20.0;123.0;147.0
2018-08-17 22:00:00;19.3;38.1;50.0;0.0;200.0;30.0;129.0;158.0
2018-08-17 23:00:00;19.3;33.6;50.0;0.0;200.0;30.0;133.0;155.0
2018-08-18 00:00:00;16.5;36.5;60.0;0.0;210.0;30.0;136.0;158.0
2018-08-18 01:00:00;18.4;28.9;50.0;0.0;190.0;30.0;136.0;158.0
2018-08-18 02:00:00;17.9;24.2;50.0;0.0;190.0;40.0;135.0;153.0
2018-08-18 03:00:00;18.4;19.2;60.0;0.0;190.0;40.0;136.0;150.0
2018-08-18 04:00:00;13.5;19.8;70.0;0.0;180.0;40.0;140.0;152.0
2018-08-18 05:00:00;19.7;13.3;90.0;0.0;200.0;40.0;148.0;161.0
2018-08-18 06:00:00;22.1;11.7;70.0;0.0;200.0;50.0;153.0;178.0
2018-08-18 07:00:00;15.3;20.9;80.0;0.0;220.0;50.0;150.0;189.0
2018-08-18 08:00:00;13.3;28.1;80.0;0.0;230.0;60.0;146.0;195.0
2018-08-18 09:00:00;12.9;34.2;90.0;0.0;220.0;50.0;148.0;198.0
2018-08-18 10:00:00;13.2;36.7;90.0;0.0;220.0;60.0;143.0;195.0
2018-08-18 11:00:00;12.1;39.7;90.0;0.0;250.0;60.0;138.0;200.0
2018-08-18 12:00:00;9.3;44.8;90.0;0.0;240.0;60.0;142.0;208.0
2018-08-18 13:00:00;8.5;45.5;90.0;0.0;220.0;60.0;144.0;211.0
2018-08-18 14:00:00;9.2;46.7;100.0;0.0;240.0;60.0;145.0;217.0
2018-08-18 15:00:00;9.0;53.2;100.0;0.0;250.0;60.0;136.0;207.0
2018-08-18 16:00:00;5.4;55.5;90.0;0.0;260.0;50.0;147.0;202.0
2018-08-18 17:00:00;7.1;54.4;70.0;0.0;240.0;40.0;149.0;197.0
2018-08-18 18:00:00;8.8;51.1;80.0;0.0;250.0;50.0;145.0;192.0
2018-08-18 19:00:00;13.2;42.4;70.0;0.0;240.0;40.0;149.0;189.0
2018-08-18 20:00:00;12.7;41.0;60.0;0.0;240.0;40.0;152.0;187.0
2018-08-18 21:00:00;11.9;40.7;70.0;0.0;250.0;50.0;150.0;189.0
2018-08-18 22:00:00;11.1;40.0;70.0;0.0;230.0;40.0;148.0;188.0
2018-08-18 23:00:00;10.3;39.7;70.0;0.0;220.0;40.0;144.0;188.0
2018-08-19 00:00:00;12.0;35.1;60.0;0.0;220.0;40.0;144.0;185.0
2018-08-19 01:00:00;8.8;36.2;70.0;0.0;210.0;40.0;143.0;182.0
2018-08-19 02:00:00;11.0;32.7;60.0;0.0;210.0;40.0;145.0;179.0
2018-08-19 03:00:00;9.7;34.1;60.0;0.0;190.0;40.0;147.0;175.0
2018-08-19 04:00:00;9.7;33.0;80.0;0.0;190.0;40.0;149.0;171.0
2018-08-19 05:00:00;8.0;33.6;80.0;0.0;190.0;40.0;151.0;174.0
2018-08-19 06:00:00;10.6;29.1;80.0;0.0;190.0;50.0;154.0;179.0
2018-08-19 07:00:00;10.3;29.0;70.0;0.0;210.0;50.0;159.0;184.0
2018-08-19 08:00:00;10.6;29.0;90.0;0.0;210.0;50.0;155.0;190.0
2018-08-19 09:00:00;9.1;32.7;90.0;0.0;210.0;60.0;161.0;198.0
2018-08-19 10:00:00;8.7;33.9;130.0;0.0;220.0;80.0;153.0;214.0
2018-08-19 11:00:00;6.8;37.9;120.0;0.0;210.0;80.0;151.0;216.0
2018-08-19 12:00:00;5.5;46.4;120.0;0.0;220.0;80.0;151.0;218.0
2018-08-19 13:00:00;5.1;51.7;120.0;0.0;230.0;80.0;156.0;224.0
2018-08-19 14:00:00;5.2;53.4;110.0;0.0;220.0;70.0;157.0;219.0
2018-08-19 15:00:00;5.8;53.2;110.0;0.0;250.0;60.0;165.0;202.0
2018-08-19 16:00:00;7.2;59.5;110.0;0.0;250.0;70.0;162.0;201.0
2018-08-19 17:00:00;5.6;51.7;110.0;0.0;230.0;70.0;161.0;194.0
2018-08-19 18:00:00;5.0;48.4;110.0;0.0;240.0;70.0;168.0;191.0
2018-08-19 19:00:00;6.6;42.5;90.0;0.0;240.0;50.0;170.0;192.0
2018-08-19 20:00:00;6.3;40.4;90.0;0.0;240.0;50.0;172.0;195.0
2018-08-19 21:00:00;5.3;39.7;80.0;0.0;240.0;50.0;175.0;196.0
2018-08-19 22:00:00;7.3;39.2;80.0;0.0;240.0;50.0;178.0;196.0
2018-08-19 23:00:00;5.4;40.5;70.0;0.0;230.0;40.0;183.0;195.0
2018-08-20 00:00:00;6.8;35.7;70.0;0.0;240.0;40.0;184.0;197.0
2018-08-20 01:00:00;12.2;25.8;60.0;0.0;240.0;30.0;185.0;196.0
2018-08-20 02:00:00;9.0;26.5;40.0;0.0;250.0;30.0;186.0;195.0
2018-08-20 03:00:00;11.7;21.9;40.0;0.0;250.0;20.0;182.0;193.0
2018-08-20 04:00:00;18.1;15.0;30.0;0.0;270.0;20.0;176.0;190.0
2018-08-20 05:00:00;29.0;6.8;40.0;0.0;310.0;20.0;173.0;191.0
2018-08-20 06:00:00;23.3;12.9;50.0;0.0;300.0;30.0;171.0;193.0
2018-08-20 07:00:00;21.6;19.3;40.0;0.0;290.0;30.0;169.0;199.0
2018-08-20 08:00:00;17.7;31.2;40.0;0.0;290.0;20.0;170.0;206.0
2018-08-20 09:00:00;16.1;37.5;50.0;0.0;320.0;30.0;166.0;208.0
2018-08-20 10:00:00;20.8;34.9;50.0;0.0;340.0;30.0;158.0;213.0
2018-08-20 11:00:00;18.8;38.4;50.0;0.0;280.0;20.0;156.0;223.0
2018-08-20 12:00:00;18.8;42.9;50.0;0.0;310.0;30.0;155.0;227.0
2018-08-20 13:00:00;23.9;40.9;50.0;0.0;300.0;30.0;159.0;239.0
2018-08-20 14:00:00;42.8;28.8;50.0;0.0;320.0;30.0;157.0;224.0
2018-08-20 15:00:00;43.7;29.0;60.0;0.0;280.0;30.0;162.0;224.0
2018-08-20 16:00:00;45.1;28.5;50.0;0.0;280.0;30.0;165.0;220.0
2018-08-20 17:00:00;37.8;36.1;40.0;0.0;290.0;20.0;165.0;207.0
2018-08-20 18:00:00;47.8;22.6;40.0;0.0;360.0;20.0;161.0;192.0
2018-08-20 19:00:00;48.9;23.5;30.0;0.0;20.0;20.0;162.0;186.0
2018-08-20 20:00:00;34.4;35.0;30.0;0.0;20.0;10.0;161.0;179.0
2018-08-20 21:00:00;31.3;31.6;20.0;0.0;60.0;10.0;157.0;170.0
2018-08-20 22:00:00;18.7;40.1;20.0;0.0;90.0;20.0;160.0;170.0
2018-08-20 23:00:00;35.0;25.7;30.0;0.0;110.0;20.0;157.0;176.0
2018-08-21 00:00:00;18.3;33.9;30.0;0.0;20.0;10.0;153.0;163.0
2018-08-21 01:00:00;18.5;31.6;30.0;0.0;60.0;20.0;142.0;145.0
2018-08-21 02:00:00;24.1;22.3;30.0;0.0;80.0;10.0;151.0;154.0
2018-08-21 03:00:00;33.2;9.5;20.0;0.0;0.0;10.0;144.0;147.0
2018-08-21 04:00:00;37.1;4.7;20.0;0.0;120.0;10.0;151.0;153.0
2018-08-21 05:00:00;41.3;0.9;40.0;0.0;110.0;10.0;169.0;174.0
2018-08-21 06:00:00;34.2;5.1;30.0;0.0;160.0;10.0;169.0;198.0
2018-08-21 07:00:00;27.1;14.0;30.0;0.0;170.0;20.0;166.0;207.0
2018-08-21 08:00:00;22.0;21.1;50.0;0.0;160.0;30.0;164.0;222.0
2018-08-21 09:00:00;20.4;26.8;50.0;0.0;190.0;30.0;164.0;228.0
2018-08-21 10:00:00;24.6;28.2;70.0;0.0;170.0;30.0;166.0;234.0
2018-08-21 11:00:00;18.3;35.6;50.0;0.0;220.0;20.0;172.0;247.0
2018-08-21 12:00:00;14.5;46.7;50.0;0.0;280.0;20.0;177.0;240.0
2018-08-21 13:00:00;13.2;57.9;50.0;0.0;310.0;30.0;182.0;239.0
2018-08-21 14:00:00;13.2;56.0;60.0;0.0;300.0;30.0;182.0;247.0
2018-08-21 15:00:00;13.2;64.3;50.0;0.0;300.0;30.0;179.0;240.0
2018-08-21 16:00:00;26.2;58.0;40.0;0.0;290.0;20.0;181.0;237.0
2018-08-21 17:00:00;49.1;37.3;30.0;0.0;320.0;10.0;176.0;226.0
2018-08-21 18:00:00;44.1;38.0;20.0;0.0;270.0;10.0;177.0;208.0
2018-08-21 19:00:00;55.6;23.3;30.0;0.0;270.0;10.0;171.0;184.0
2018-08-21 20:00:00;73.5;3.5;20.0;0.0;0.0;10.0;178.0;183.0
2018-08-21 21:00:00;75.3;4.3;10.0;0.0;0.0;10.0;176.0;179.0
2018-08-21 22:00:00;71.6;6.3;10.0;0.0;290.0;10.0;173.0;181.0
2018-08-21 23:00:00;30.9;41.7;20.0;0.0;260.0;10.0;176.0;188.0
2018-08-22 00:00:00;17.6;38.7;20.0;0.0;260.0;10.0;174.0;180.0
2018-08-22 01:00:00;31.1;23.8;20.0;0.0;0.0;10.0;169.0;172.0
2018-08-22 02:00:00;28.7;18.4;10.0;0.0;240.0;10.0;167.0;167.0
2018-08-22 03:00:00;23.5;20.2;20.0;0.0;250.0;10.0;161.0;164.0
2018-08-22 04:00:00;21.6;17.6;10.0;0.0;280.0;0.0;168.0;171.0
2018-08-22 05:00:00;25.0;13.6;20.0;0.0;260.0;10.0;177.0;180.0
2018-08-22 06:00:00;26.0;14.5;50.0;0.0;240.0;20.0;177.0;198.0
2018-08-22 07:00:00;16.0;24.6;50.0;0.0;240.0;30.0;176.0;209.0
2018-08-22 08:00:00;12.0;29.0;60.0;0.0;210.0;40.0;173.0;222.0
2018-08-22 09:00:00;10.5;35.0;70.0;0.0;230.0;40.0;169.0;224.0
2018-08-22 10:00:00;11.5;38.7;80.0;0.0;250.0;50.0;164.0;229.0
2018-08-22 11:00:00;13.2;40.6;90.0;0.0;250.0;60.0;160.0;234.0
2018-08-22 12:00:00;8.6;57.4;90.0;0.0;250.0;50.0;159.0;231.0
2018-08-22 13:00:00;10.1;64.5;90.0;0.0;270.0;50.0;162.0;225.0
2018-08-22 14:00:00;10.7;70.9;70.0;0.0;270.0;50.0;167.0;226.0
2018-08-22 15:00:00;9.4;73.2;70.0;0.0;260.0;50.0;164.0;220.0
2018-08-22 16:00:00;10.5;72.2;60.0;0.0;270.0;40.0;167.0;204.0
2018-08-22 17:00:00;8.8;72.0;50.0;0.0;270.0;30.0;164.0;194.0
2018-08-22 18:00:00;14.1;59.4;40.0;0.0;260.0;20.0;159.0;185.0
2018-08-22 19:00:00;20.1;54.2;20.0;0.0;260.0;10.0;156.0;177.0
2018-08-22 20:00:00;25.8;46.6;30.0;0.0;230.0;20.0;151.0;164.0
2018-08-22 21:00:00;18.1;47.9;40.0;0.0;240.0;30.0;155.0;168.0
2018-08-22 22:00:00;20.6;40.7;40.0;0.0;220.0;20.0;153.0;161.0
2018-08-22 23:00:00;12.2;47.1;30.0;0.0;200.0;20.0;153.0;162.0
2018-08-23 00:00:00;18.1;40.2;40.0;0.0;220.0;20.0;154.0;160.0
2018-08-23 01:00:00;16.4;35.2;50.0;0.0;200.0;30.0;173.0;185.0
2018-08-23 02:00:00;13.4;29.9;60.0;0.0;220.0;40.0;172.0;185.0
2018-08-23 03:00:00;12.8;29.5;60.0;0.0;190.0;40.0;169.0;182.0
2018-08-23 04:00:00;18.0;18.5;60.0;0.0;190.0;40.0;168.0;180.0
2018-08-23 05:00:00;19.7;17.6;90.0;0.0;190.0;40.0;166.0;181.0
2018-08-23 06:00:00;18.0;18.4;80.0;0.0;190.0;40.0;167.0;188.0
2018-08-23 07:00:00;18.5;18.5;70.0;0.0;220.0;50.0;168.0;195.0
2018-08-23 08:00:00;16.2;23.4;90.0;0.0;220.0;60.0;168.0;202.0
2018-08-23 09:00:00;16.4;24.2;90.0;0.0;220.0;60.0;167.0;207.0
2018-08-23 10:00:00;13.9;28.1;100.0;0.0;240.0;70.0;171.0;195.0
2018-08-23 11:00:00;14.3;30.3;100.0;0.0;220.0;60.0;166.0;222.0
2018-08-23 12:00:00;12.8;33.9;100.0;0.0;230.0;60.0;154.0;221.0
2018-08-23 13:00:00;12.2;36.5;100.0;0.0;250.0;60.0;158.0;215.0
2018-08-23 14:00:00;10.1;43.5;110.0;0.0;240.0;70.0;159.0;220.0
2018-08-23 15:00:00;11.5;43.0;130.0;0.0;240.0;80.0;165.0;216.0
2018-08-23 16:00:00;12.4;38.8;130.0;0.0;250.0;90.0;173.0;194.0
2018-08-23 17:00:00;7.3;40.2;100.0;3.0;270.0;60.0;172.0;178.0
2018-08-23 18:00:00;6.5;37.9;80.0;4.0;270.0;40.0;170.0;175.0
2018-08-23 19:00:00;16.4;30.6;70.0;3.0;340.0;30.0;159.0;168.0
2018-08-23 20:00:00;24.4;22.7;40.0;0.0;340.0;20.0;151.0;158.0
2018-08-23 21:00:00;26.0;23.8;20.0;0.0;200.0;10.0;142.0;145.0
2018-08-23 22:00:00;24.1;26.9;30.0;0.0;190.0;10.0;140.0;143.0
2018-08-23 23:00:00;35.3;13.1;50.0;0.0;190.0;30.0;150.0;159.0
2018-08-24 00:00:00;30.0;14.5;70.0;0.0;200.0;40.0;146.0;164.0
2018-08-24 01:00:00;15.7;30.5;80.0;2.0;250.0;50.0;148.0;168.0
2018-08-24 02:00:00;12.6;31.7;90.0;0.0;300.0;50.0;133.0;159.0
2018-08-24 03:00:00;20.4;32.4;70.0;0.0;290.0;40.0;116.0;153.0
2018-08-24 04:00:00;34.4;19.5;70.0;0.0;280.0;40.0;99.0;143.0
2018-08-24 05:00:00;41.1;18.2;70.0;0.0;270.0;30.0;94.0;148.0
2018-08-24 06:00:00;40.3;15.5;90.0;0.0;280.0;50.0;101.0;161.0
2018-08-24 07:00:00;28.7;24.2;100.0;0.0;280.0;60.0;95.0;167.0
2018-08-24 08:00:00;20.1;29.4;110.0;0.0;260.0;70.0;104.0;173.0
2018-08-24 09:00:00;15.3;35.6;110.0;0.0;270.0;60.0;97.0;170.0
2018-08-24 10:00:00;7.8;43.6;110.0;0.0;250.0;70.0;87.0;169.0
2018-08-24 11:00:00;7.8;43.0;110.0;0.0;260.0;80.0;98.0;187.0
2018-08-24 12:00:00;7.4;44.7;130.0;0.0;250.0;80.0;86.0;177.0
2018-08-24 13:00:00;8.4;46.4;130.0;0.0;260.0;80.0;82.0;171.0
2018-08-24 14:00:00;9.2;47.1;130.0;0.0;240.0;80.0;86.0;173.0
2018-08-24 15:00:00;7.3;50.9;120.0;0.0;240.0;70.0;85.0;172.0
2018-08-24 16:00:00;6.5;52.4;110.0;0.0;240.0;70.0;94.0;175.0
2018-08-24 17:00:00;10.1;50.3;100.0;0.0;250.0;60.0;91.0;165.0
2018-08-24 18:00:00;9.9;51.2;110.0;3.0;250.0;50.0;106.0;156.0
2018-08-24 19:00:00;10.5;51.4;130.0;0.0;220.0;70.0;98.0;162.0
2018-08-24 20:00:00;9.2;53.3;130.0;3.0;300.0;70.0;97.0;117.0
2018-08-24 21:00:00;9.6;47.8;90.0;10.0;130.0;20.0;111.0;117.0
2018-08-24 22:00:00;27.1;33.8;40.0;3.0;160.0;20.0;116.0;123.0
2018-08-24 23:00:00;13.2;37.4;100.0;10.0;260.0;40.0;100.0;112.0
2018-08-25 00:00:00;4.0;50.0;90.0;8.0;200.0;30.0;99.0;112.0
2018-08-25 01:00:00;5.9;47.1;50.0;10.0;240.0;20.0;106.0;111.0
2018-08-25 02:00:00;9.2;41.2;40.0;7.0;210.0;30.0;103.0;111.0
2018-08-25 03:00:00;13.6;39.4;70.0;5.0;240.0;40.0;96.0;109.0
2018-08-25 04:00:00;10.5;41.4;50.0;7.0;250.0;20.0;100.0;110.0
2018-08-25 05:00:00;15.3;37.0;50.0;2.0;220.0;30.0;105.0;116.0
2018-08-25 06:00:00;25.2;29.9;60.0;0.0;240.0;30.0;109.0;127.0
2018-08-25 07:00:00;21.0;32.7;50.0;0.0;250.0;30.0;113.0;144.0
2018-08-25 08:00:00;15.1;35.8;70.0;2.0;260.0;30.0;117.0;145.0
2018-08-25 09:00:00;13.4;36.6;100.0;0.0;290.0;50.0;103.0;161.0
2018-08-25 10:00:00;29.6;26.8;110.0;4.0;270.0;60.0;103.0;136.0
2018-08-25 11:00:00;20.2;36.0;90.0;3.0;260.0;60.0;124.0;163.0
2018-08-25 12:00:00;27.9;33.3;140.0;3.0;300.0;60.0;97.0;158.0
2018-08-25 13:00:00;20.1;42.2;100.0;1.0;260.0;50.0;122.0;159.0
2018-08-25 14:00:00;37.1;24.5;80.0;0.0;240.0;40.0;112.0;146.0
2018-08-25 15:00:00;16.6;40.7;110.0;0.0;300.0;50.0;94.0;169.0
2018-08-25 16:00:00;13.0;44.4;100.0;0.0;300.0;60.0;87.0;164.0
2018-08-25 17:00:00;11.3;49.0;90.0;0.0;290.0;50.0;86.0;150.0
2018-08-25 18:00:00;11.3;50.5;60.0;1.0;310.0;30.0;98.0;122.0
2018-08-25 19:00:00;11.1;51.1;40.0;0.0;250.0;20.0;83.0;105.0
2018-08-25 20:00:00;14.5;47.6;30.0;0.0;300.0;20.0;98.0;114.0
2018-08-25 21:00:00;34.0;24.7;20.0;0.0;170.0;10.0;99.0;105.0
2018-08-25 22:00:00;22.0;30.4;20.0;0.0;240.0;20.0;82.0;89.0
2018-08-25 23:00:00;13.6;37.9;40.0;0.0;220.0;20.0;77.0;95.0
2018-08-26 00:00:00;11.1;39.0;40.0;0.0;230.0;30.0;82.0;90.0
2018-08-26 01:00:00;13.8;33.8;40.0;0.0;220.0;30.0;92.0;98.0
2018-08-26 02:00:00;17.2;30.3;40.0;0.0;240.0;30.0;90.0;95.0
2018-08-26 03:00:00;12.2;37.4;40.0;0.0;200.0;20.0;91.0;94.0
2018-08-26 04:00:00;12.4;34.8;20.0;0.0;150.0;10.0;84.0;89.0
2018-08-26 05:00:00;16.6;29.5;40.0;0.0;190.0;20.0;109.0;128.0
2018-08-26 06:00:00;19.3;26.1;40.0;0.0;180.0;30.0;111.0;148.0
2018-08-26 07:00:00;18.7;22.6;60.0;0.0;180.0;40.0;116.0;155.0
2018-08-26 08:00:00;13.4;32.7;70.0;0.0;170.0;50.0;111.0;165.0
2018-08-26 09:00:00;16.6;36.7;110.0;0.0;180.0;60.0;111.0;173.0
2018-08-26 10:00:00;22.7;45.4;120.0;0.0;190.0;60.0;102.0;185.0
2018-08-26 11:00:00;13.4;51.9;120.0;0.0;210.0;70.0;97.0;189.0
2018-08-26 12:00:00;6.5;61.2;120.0;0.0;190.0;70.0;96.0;179.0
2018-08-26 13:00:00;5.9;63.4;130.0;0.0;200.0;80.0;77.0;175.0
2018-08-26 14:00:00;6.7;63.6;120.0;0.0;200.0;70.0;83.0;173.0
2018-08-26 15:00:00;8.0;57.8;110.0;0.0;180.0;60.0;101.0;159.0
2018-08-26 16:00:00;9.4;54.4;120.0;0.0;190.0;60.0;90.0;166.0
2018-08-26 17:00:00;9.0;55.2;150.0;0.0;180.0;60.0;75.0;164.0
2018-08-26 18:00:00;10.5;54.3;160.0;0.0;160.0;90.0;76.0;164.0
2018-08-26 19:00:00;10.1;61.3;140.0;0.0;170.0;80.0;95.0;158.0
2018-08-26 20:00:00;11.5;54.3;140.0;5.0;180.0;80.0;112.0;142.0
2018-08-26 21:00:00;10.7;55.3;150.0;10.0;190.0;90.0;120.0;135.0
2018-08-26 22:00:00;7.3;57.4;150.0;8.0;190.0;90.0;130.0;138.0
2018-08-26 23:00:00;4.4;55.8;130.0;0.0;200.0;80.0;138.0;148.0
2018-08-27 00:00:00;5.2;50.6;120.0;0.0;200.0;80.0;147.0;155.0
2018-08-27 01:00:00;4.4;46.4;130.0;0.0;210.0;80.0;157.0;165.0
2018-08-27 02:00:00;5.7;39.7;120.0;4.0;220.0;70.0;164.0;171.0
2018-08-27 03:00:00;5.2;36.2;100.0;0.0;230.0;60.0;165.0;174.0
2018-08-27 04:00:00;6.9;32.4;90.0;0.0;230.0;50.0;164.0;178.0
2018-08-27 05:00:00;10.1;27.7;80.0;0.0;260.0;50.0;159.0;180.0
2018-08-27 06:00:00;12.0;29.0;70.0;0.0;230.0;40.0;155.0;183.0
2018-08-27 07:00:00;11.8;28.0;110.0;0.0;250.0;60.0;158.0;182.0
2018-08-27 08:00:00;9.0;35.7;110.0;0.0;260.0;70.0;140.0;188.0
2018-08-27 09:00:00;11.3;34.3;110.0;0.0;260.0;60.0;135.0;177.0
2018-08-27 10:00:00;11.1;37.5;110.0;0.0;260.0;70.0;132.0;178.0
2018-08-27 11:00:00;11.1;37.6;120.0;0.0;250.0;70.0;123.0;177.0
2018-08-27 12:00:00;11.1;44.6;110.0;0.0;250.0;70.0;112.0;176.0
2018-08-27 13:00:00;11.1;47.4;110.0;0.0;260.0;70.0;116.0;178.0
2018-08-27 14:00:00;11.1;48.4;100.0;0.0;260.0;60.0;118.0;180.0
2018-08-27 15:00:00;9.2;50.2;100.0;0.0;260.0;60.0;122.0;184.0
2018-08-27 16:00:00;7.8;54.3;90.0;0.0;230.0;60.0;122.0;174.0
2018-08-27 17:00:00;12.8;49.3;80.0;0.0;250.0;40.0;123.0;177.0
2018-08-27 18:00:00;12.2;47.4;80.0;0.0;240.0;50.0;126.0;175.0
2018-08-27 19:00:00;13.6;44.2;70.0;0.0;240.0;40.0;126.0;174.0
2018-08-27 20:00:00;12.2;44.9;60.0;0.0;240.0;40.0;128.0;170.0
2018-08-27 21:00:00;14.1;41.4;50.0;0.0;240.0;30.0;129.0;170.0
2018-08-27 22:00:00;13.9;38.4;50.0;0.0;240.0;30.0;134.0;173.0
2018-08-27 23:00:00;11.3;36.5;50.0;0.0;220.0;30.0;138.0;172.0
2018-08-28 00:00:00;13.0;30.0;60.0;0.0;220.0;40.0;141.0;170.0
2018-08-28 01:00:00;15.3;24.7;50.0;0.0;220.0;30.0;144.0;169.0
2018-08-28 02:00:00;17.0;20.3;50.0;0.0;220.0;30.0;147.0;169.0
2018-08-28 03:00:00;12.6;23.7;50.0;0.0;210.0;30.0;148.0;169.0
2018-08-28 04:00:00;17.0;18.4;40.0;0.0;210.0;20.0;149.0;166.0
2018-08-28 05:00:00;16.6;15.9;60.0;0.0;190.0;20.0;151.0;168.0
2018-08-28 06:00:00;22.0;9.2;50.0;0.0;190.0;30.0;152.0;174.0
2018-08-28 07:00:00;22.0;11.0;40.0;0.0;230.0;20.0;154.0;186.0
2018-08-28 08:00:00;28.8;10.9;50.0;0.0;250.0;30.0;115.0;198.0
2018-08-28 09:00:00;19.9;28.3;60.0;0.0;140.0;30.0;124.0;212.0
2018-08-28 10:00:00;10.1;48.6;110.0;0.0;180.0;40.0;120.0;201.0
2018-08-28 11:00:00;12.4;48.7;60.0;0.0;180.0;30.0;115.0;201.0
2018-08-28 12:00:00;18.0;43.3;80.0;0.0;190.0;40.0;129.0;196.0
2018-08-28 13:00:00;14.9;42.9;60.0;0.0;170.0;30.0;116.0;199.0
2018-08-28 14:00:00;15.3;46.7;70.0;0.0;180.0;30.0;124.0;194.0
2018-08-28 15:00:00;20.8;43.2;70.0;0.0;150.0;30.0;120.0;198.0
2018-08-28 16:00:00;20.2;42.2;50.0;0.0;150.0;20.0;109.0;190.0
2018-08-28 17:00:00;18.0;43.2;50.0;0.0;140.0;10.0;117.0;184.0
2018-08-28 18:00:00;27.1;34.5;20.0;0.0;60.0;10.0;118.0;149.0
2018-08-28 19:00:00;33.2;26.1;20.0;0.0;0.0;10.0;117.0;133.0
2018-08-28 20:00:00;39.7;21.5;10.0;0.0;40.0;0.0;120.0;127.0
2018-08-28 21:00:00;46.6;11.6;10.0;0.0;50.0;10.0;113.0;117.0
2018-08-28 22:00:00;56.2;2.1;20.0;0.0;30.0;10.0;116.0;121.0
2018-08-28 23:00:00;58.1;0.4;10.0;0.0;0.0;10.0;109.0;112.0
2018-08-29 00:00:00;59.2;0.3;10.0;0.0;0.0;10.0;105.0;108.0
2018-08-29 01:00:00;54.4;0.6;10.0;0.0;0.0;0.0;95.0;98.0
2018-08-29 02:00:00;51.0;0.5;10.0;0.0;110.0;10.0;102.0;105.0
2018-08-29 03:00:00;43.4;0.5;10.0;0.0;50.0;10.0;103.0;106.0
2018-08-29 04:00:00;42.2;1.2;10.0;0.0;10.0;0.0;98.0;101.0
2018-08-29 05:00:00;41.4;1.1;20.0;0.0;0.0;10.0;116.0;119.0
2018-08-29 06:00:00;43.2;1.1;20.0;0.0;0.0;10.0;133.0;141.0
2018-08-29 07:00:00;45.6;1.6;20.0;0.0;40.0;10.0;140.0;158.0
2018-08-29 08:00:00;45.1;3.5;40.0;0.0;40.0;20.0;148.0;171.0
2018-08-29 09:00:00;64.4;1.5;60.0;0.0;40.0;30.0;149.0;178.0
2018-08-29 10:00:00;76.0;3.1;60.0;0.0;110.0;30.0;142.0;187.0
2018-08-29 11:00:00;62.3;5.7;30.0;0.0;30.0;10.0;147.0;187.0
2018-08-29 12:00:00;54.8;4.2;40.0;0.0;340.0;20.0;154.0;191.0
2018-08-29 13:00:00;58.3;8.6;80.0;0.0;360.0;40.0;142.0;189.0
2018-08-29 14:00:00;41.3;31.5;100.0;0.0;360.0;60.0;134.0;171.0
2018-08-29 15:00:00;26.7;49.0;80.0;8.0;350.0;50.0;136.0;152.0
2018-08-29 16:00:00;31.9;40.6;60.0;9.0;20.0;30.0;141.0;146.0
2018-08-29 17:00:00;28.7;47.1;30.0;6.0;330.0;20.0;143.0;146.0
2018-08-29 18:00:00;36.9;44.6;30.0;10.0;280.0;10.0;145.0;147.0
2018-08-29 19:00:00;33.4;42.0;40.0;10.0;320.0;20.0;145.0;148.0
2018-08-29 20:00:00;29.6;56.6;30.0;0.0;300.0;20.0;142.0;148.0
2018-08-29 21:00:00;26.4;52.9;30.0;0.0;290.0;20.0;144.0;152.0
2018-08-29 22:00:00;21.8;51.7;30.0;0.0;310.0;20.0;142.0;154.0
2018-08-29 23:00:00;15.1;54.5;50.0;0.0;330.0;30.0;141.0;158.0
2018-08-30 00:00:00;11.1;51.2;60.0;0.0;330.0;30.0;128.0;148.0
2018-08-30 01:00:00;7.6;56.1;40.0;0.0;320.0;20.0;118.0;130.0
2018-08-30 02:00:00;15.1;49.9;40.0;0.0;310.0;20.0;124.0;139.0
2018-08-30 03:00:00;16.2;44.8;50.0;0.0;320.0;30.0;99.0;121.0
2018-08-30 04:00:00;19.3;38.8;40.0;0.0;300.0;20.0;94.0;110.0
2018-08-30 05:00:00;31.1;28.1;30.0;0.0;300.0;20.0;103.0;135.0
2018-08-30 06:00:00;40.1;22.7;50.0;0.0;310.0;20.0;102.0;158.0
2018-08-30 07:00:00;39.5;23.9;70.0;0.0;320.0;40.0;111.0;170.0
2018-08-30 08:00:00;20.2;39.3;80.0;0.0;330.0;50.0;103.0;177.0
2018-08-30 09:00:00;17.0;42.2;80.0;0.0;340.0;40.0;108.0;184.0
2018-08-30 10:00:00;14.5;46.0;70.0;0.0;330.0;40.0;106.0;175.0
2018-08-30 11:00:00;15.3;43.2;80.0;0.0;340.0;40.0;108.0;189.0
2018-08-30 12:00:00;11.8;49.2;90.0;0.0;330.0;50.0;98.0;190.0
2018-08-30 13:00:00;11.3;49.1;80.0;0.0;330.0;50.0;95.0;183.0
2018-08-30 14:00:00;12.8;50.5;70.0;0.0;340.0;40.0;96.0;178.0
2018-08-30 15:00:00;12.8;50.7;70.0;0.0;340.0;40.0;93.0;182.0
2018-08-30 16:00:00;10.9;54.9;60.0;0.0;10.0;30.0;93.0;172.0
2018-08-30 17:00:00;13.8;51.5;50.0;0.0;10.0;30.0;97.0;159.0
2018-08-30 18:00:00;18.1;44.6;40.0;0.0;360.0;20.0;97.0;144.0
2018-08-30 19:00:00;33.0;29.4;20.0;0.0;0.0;10.0;99.0;121.0
2018-08-30 20:00:00;27.9;32.4;10.0;0.0;0.0;10.0;98.0;113.0
2018-08-30 21:00:00;29.8;25.3;10.0;0.0;0.0;0.0;100.0;107.0
2018-08-30 22:00:00;34.0;18.1;10.0;0.0;0.0;0.0;101.0;106.0
2018-08-30 23:00:00;43.7;8.2;10.0;0.0;310.0;10.0;90.0;95.0
2018-08-31 00:00:00;44.7;5.6;10.0;0.0;250.0;10.0;84.0;87.0
2018-08-31 01:00:00;39.9;8.8;10.0;0.0;0.0;0.0;92.0;97.0
2018-08-31 02:00:00;42.2;2.6;10.0;0.0;100.0;10.0;86.0;91.0
2018-08-31 03:00:00;38.8;0.5;10.0;0.0;0.0;0.0;86.0;89.0
2018-08-31 04:00:00;40.5;0.3;10.0;0.0;0.0;10.0;87.0;90.0
2018-08-31 05:00:00;43.2;0.7;10.0;0.0;290.0;0.0;95.0;99.0
2018-08-31 06:00:00;46.0;0.7;10.0;0.0;0.0;0.0;100.0;132.0
2018-08-31 07:00:00;48.7;1.1;10.0;0.0;130.0;0.0;100.0;167.0
2018-08-31 08:00:00;54.2;3.2;30.0;0.0;90.0;10.0;101.0;169.0
2018-08-31 09:00:00;43.4;11.8;40.0;0.0;50.0;20.0;101.0;171.0
2018-08-31 10:00:00;40.1;17.4;50.0;0.0;40.0;20.0;104.0;181.0
2018-08-31 11:00:00;37.8;21.7;50.0;0.0;70.0;20.0;84.0;187.0
2018-08-31 12:00:00;26.7;34.2;40.0;0.0;70.0;10.0;85.0;194.0
2018-08-31 13:00:00;23.5;40.1;40.0;0.0;320.0;20.0;85.0;196.0
2018-08-31 14:00:00;32.9;35.1;40.0;0.0;10.0;20.0;93.0;183.0
2018-08-31 15:00:00;33.0;34.4;50.0;0.0;330.0;30.0;87.0;191.0
2018-08-31 16:00:00;30.2;46.7;60.0;0.0;340.0;30.0;79.0;179.0
2018-08-31 17:00:00;16.8;60.7;50.0;0.0;360.0;30.0;96.0;162.0
2018-08-31 18:00:00;18.0;56.7;40.0;0.0;360.0;20.0;93.0;142.0
2018-08-31 19:00:00;35.7;37.2;20.0;0.0;360.0;10.0;95.0;120.0
2018-08-31 20:00:00;48.5;26.7;10.0;0.0;0.0;0.0;100.0;115.0
2018-08-31 21:00:00;39.5;33.2;10.0;0.0;0.0;0.0;98.0;103.0
2018-08-31 22:00:00;47.8;16.8;10.0;0.0;290.0;10.0;92.0;97.0
2018-08-31 23:00:00;56.2;11.0;10.0;0.0;300.0;10.0;84.0;89.0
2018-09-01 00:00:00;64.6;5.4;10.0;0.0;300.0;0.0;81.0;85.0
2018-09-01 01:00:00;61.5;0.7;10.0;0.0;0.0;0.0;81.0;84.0
2018-09-01 02:00:00;57.9;0.5;10.0;0.0;0.0;0.0;77.0;77.0
2018-09-01 03:00:00;47.0;0.4;10.0;0.0;40.0;10.0;70.0;74.0
2018-09-01 04:00:00;39.7;2.3;10.0;0.0;70.0;10.0;82.0;82.0
2018-09-01 05:00:00;32.3;6.0;10.0;0.0;30.0;10.0;75.0;79.0
2018-09-01 06:00:00;34.0;3.3;10.0;0.0;100.0;10.0;105.0;133.0
2018-09-01 07:00:00;33.2;5.3;30.0;0.0;170.0;10.0;106.0;163.0
2018-09-01 08:00:00;32.7;11.2;40.0;0.0;160.0;20.0;105.0;177.0
2018-09-01 09:00:00;23.3;31.0;40.0;0.0;160.0;10.0;98.0;176.0
2018-09-01 10:00:00;15.3;46.0;40.0;0.0;70.0;10.0;93.0;180.0
2018-09-01 11:00:00;10.3;55.5;30.0;0.0;40.0;10.0;103.0;194.0
2018-09-01 12:00:00;9.6;63.1;30.0;0.0;80.0;20.0;80.0;195.0
2018-09-01 13:00:00;9.2;68.3;30.0;0.0;80.0;10.0;80.0;200.0
2018-09-01 14:00:00;12.4;67.0;40.0;0.0;70.0;20.0;75.0;196.0
2018-09-01 15:00:00;13.4;69.5;40.0;0.0;350.0;10.0;100.0;200.0
2018-09-01 16:00:00;26.2;59.7;60.0;0.0;20.0;30.0;76.0;196.0
2018-09-01 17:00:00;18.9;70.0;50.0;0.0;20.0;20.0;102.0;175.0
2018-09-01 18:00:00;22.3;66.8;40.0;0.0;50.0;20.0;93.0;152.0
2018-09-01 19:00:00;31.9;55.2;20.0;0.0;60.0;20.0;106.0;135.0
2018-09-01 20:00:00;44.5;35.3;20.0;0.0;340.0;20.0;97.0;116.0
2018-09-01 21:00:00;37.2;35.3;10.0;0.0;50.0;10.0;97.0;104.0
2018-09-01 22:00:00;54.8;18.3;10.0;0.0;350.0;10.0;90.0;95.0
2018-09-01 23:00:00;44.9;25.1;10.0;0.0;20.0;10.0;83.0;88.0
2018-09-02 00:00:00;41.4;28.4;10.0;0.0;360.0;10.0;79.0;82.0
2018-09-02 01:00:00;20.4;42.0;10.0;0.0;50.0;10.0;73.0;77.0
2018-09-02 02:00:00;11.7;43.1;10.0;0.0;40.0;10.0;74.0;78.0
2018-09-02 03:00:00;10.9;40.0;10.0;0.0;0.0;10.0;70.0;74.0
2018-09-02 04:00:00;10.5;38.7;10.0;0.0;30.0;10.0;77.0;80.0
2018-09-02 05:00:00;16.4;32.7;20.0;0.0;360.0;10.0;92.0;96.0
2018-09-02 06:00:00;27.1;22.0;20.0;0.0;50.0;10.0;118.0;135.0
2018-09-02 07:00:00;27.7;24.2;40.0;0.0;50.0;20.0;127.0;157.0
2018-09-02 08:00:00;23.3;29.5;40.0;0.0;50.0;20.0;131.0;176.0
2018-09-02 09:00:00;22.7;33.3;50.0;0.0;70.0;30.0;130.0;193.0
2018-09-02 10:00:00;26.7;34.0;50.0;0.0;80.0;30.0;136.0;210.0
2018-09-02 11:00:00;20.8;51.2;60.0;0.0;50.0;30.0;116.0;209.0
2018-09-02 12:00:00;17.4;63.1;70.0;0.0;90.0;30.0;114.0;214.0
2018-09-02 13:00:00;13.2;70.0;70.0;0.0;80.0;40.0;112.0;219.0
2018-09-02 14:00:00;9.0;76.2;70.0;0.0;90.0;30.0;87.0;223.0
2018-09-02 15:00:00;8.4;80.0;70.0;0.0;80.0;50.0;91.0;220.0
2018-09-02 16:00:00;9.0;81.9;70.0;0.0;70.0;50.0;119.0;206.0
2018-09-02 17:00:00;9.0;84.8;70.0;0.0;40.0;40.0;119.0;186.0
2018-09-02 18:00:00;15.5;77.0;50.0;0.0;40.0;40.0;116.0;172.0
2018-09-02 19:00:00;27.3;60.5;50.0;0.0;50.0;40.0;117.0;162.0
2018-09-02 20:00:00;30.2;53.4;50.0;0.0;40.0;30.0;119.0;153.0
2018-09-02 21:00:00;30.0;49.9;50.0;0.0;50.0;30.0;118.0;149.0
2018-09-02 22:00:00;33.0;41.5;40.0;0.0;40.0;20.0;117.0;141.0
2018-09-02 23:00:00;31.1;41.8;30.0;0.0;50.0;20.0;116.0;132.0
2018-09-03 00:00:00;27.7;40.9;30.0;0.0;50.0;20.0;118.0;133.0
2018-09-03 01:00:00;25.6;37.4;30.0;0.0;30.0;20.0;124.0;139.0
2018-09-03 02:00:00;26.7;35.2;20.0;0.0;350.0;10.0;125.0;133.0
2018-09-03 03:00:00;16.2;45.3;20.0;0.0;350.0;10.0;131.0;133.0
2018-09-03 04:00:00;22.5;37.3;20.0;0.0;350.0;10.0;138.0;147.0
2018-09-03 05:00:00;46.0;18.4;30.0;0.0;10.0;20.0;138.0;157.0
2018-09-03 06:00:00;57.1;11.3;30.0;0.0;10.0;20.0;148.0;167.0
2018-09-03 07:00:00;56.2;16.0;40.0;0.0;360.0;20.0;154.0;172.0
2018-09-03 08:00:00;55.2;14.5;50.0;0.0;360.0;30.0;160.0;182.0
2018-09-03 09:00:00;48.7;19.6;50.0;0.0;360.0;30.0;158.0;190.0
2018-09-03 10:00:00;42.2;26.6;40.0;0.0;10.0;30.0;163.0;198.0
2018-09-03 11:00:00;47.4;21.7;50.0;0.0;330.0;30.0;172.0;208.0
2018-09-03 12:00:00;42.2;30.5;60.0;0.0;340.0;30.0;174.0;220.0
2018-09-03 13:00:00;41.3;32.3;60.0;0.0;340.0;40.0;176.0;217.0
2018-09-03 14:00:00;30.4;41.9;70.0;0.0;360.0;40.0;170.0;214.0
2018-09-03 15:00:00;27.7;50.0;60.0;0.0;350.0;40.0;172.0;206.0
2018-09-03 16:00:00;27.3;43.1;60.0;0.0;340.0;30.0;175.0;198.0
2018-09-03 17:00:00;34.6;43.9;50.0;0.0;350.0;30.0;172.0;193.0
2018-09-03 18:00:00;36.3;43.1;40.0;0.0;320.0;20.0;168.0;178.0
2018-09-03 19:00:00;32.9;48.6;40.0;0.0;20.0;20.0;170.0;184.0
2018-09-03 20:00:00;30.2;49.9;40.0;0.0;360.0;20.0;168.0;183.0
2018-09-03 21:00:00;32.9;44.6;40.0;5.0;30.0;20.0;172.0;180.0
2018-09-03 22:00:00;27.7;47.9;40.0;10.0;10.0;20.0;174.0;177.0
2018-09-03 23:00:00;14.5;61.2;30.0;5.0;360.0;20.0;174.0;176.0
2018-09-04 00:00:00;17.8;53.8;20.0;0.0;360.0;10.0;174.0;177.0
2018-09-04 01:00:00;18.3;51.5;40.0;0.0;10.0;20.0;176.0;181.0
2018-09-04 02:00:00;18.0;45.5;40.0;0.0;360.0;20.0;179.0;182.0
2018-09-04 03:00:00;27.1;31.8;30.0;0.0;350.0;20.0;180.0;183.0
2018-09-04 04:00:00;21.8;37.7;40.0;0.0;360.0;20.0;179.0;184.0
2018-09-04 05:00:00;41.8;18.3;40.0;0.0;20.0;20.0;181.0;186.0
2018-09-04 06:00:00;46.0;21.0;40.0;0.0;360.0;20.0;184.0;189.0
2018-09-04 07:00:00;39.3;26.9;50.0;0.0;10.0;30.0;187.0;194.0
2018-09-04 08:00:00;39.0;25.3;40.0;0.0;360.0;30.0;187.0;195.0
2018-09-04 09:00:00;37.2;23.2;40.0;0.0;360.0;20.0;189.0;197.0
2018-09-04 10:00:00;37.4;21.5;40.0;0.0;340.0;20.0;189.0;202.0
2018-09-04 11:00:00;43.0;20.7;40.0;0.0;350.0;20.0;190.0;211.0
2018-09-04 12:00:00;37.4;27.0;40.0;0.0;340.0;20.0;196.0;220.0
2018-09-04 13:00:00;35.3;36.0;50.0;0.0;350.0;30.0;193.0;221.0
2018-09-04 14:00:00;36.3;42.4;50.0;0.0;340.0;30.0;192.0;227.0
2018-09-04 15:00:00;36.1;47.0;40.0;0.0;320.0;30.0;196.0;229.0
2018-09-04 16:00:00;33.8;46.7;50.0;0.0;340.0;30.0;191.0;221.0
2018-09-04 17:00:00;33.4;43.5;40.0;0.0;340.0;20.0;187.0;213.0
2018-09-04 18:00:00;32.5;44.6;30.0;0.0;330.0;10.0;183.0;194.0
2018-09-04 19:00:00;47.6;28.6;20.0;0.0;320.0;10.0;181.0;186.0
2018-09-04 20:00:00;66.7;10.1;30.0;0.0;330.0;20.0;182.0;187.0
2018-09-04 21:00:00;46.0;26.8;30.0;0.0;330.0;20.0;182.0;186.0
2018-09-04 22:00:00;40.7;24.2;30.0;0.0;350.0;20.0;180.0;184.0
2018-09-04 23:00:00;26.7;37.8;30.0;0.0;350.0;20.0;173.0;176.0
2018-09-05 00:00:00;29.2;29.1;30.0;0.0;10.0;20.0;172.0;175.0
2018-09-05 01:00:00;29.4;25.2;20.0;0.0;20.0;10.0;167.0;170.0
2018-09-05 02:00:00;22.3;24.0;20.0;0.0;10.0;10.0;170.0;176.0
2018-09-05 03:00:00;26.2;14.0;20.0;0.0;10.0;10.0;169.0;171.0
2018-09-05 04:00:00;28.1;11.9;20.0;0.0;0.0;10.0;167.0;171.0
2018-09-05 05:00:00;42.6;1.3;40.0;7.0;290.0;10.0;172.0;174.0
2018-09-05 06:00:00;44.5;0.9;50.0;5.0;330.0;20.0;173.0;175.0
2018-09-05 07:00:00;53.3;3.9;50.0;9.0;20.0;30.0;166.0;170.0
2018-09-05 08:00:00;52.1;27.1;80.0;10.0;30.0;40.0;168.0;169.0
2018-09-05 09:00:00;43.4;50.5;70.0;2.0;30.0;30.0;170.0;182.0
2018-09-05 10:00:00;40.1;61.4;70.0;0.0;60.0;40.0;171.0;188.0
2018-09-05 11:00:00;41.3;57.5;70.0;0.0;50.0;40.0;171.0;194.0
2018-09-05 12:00:00;40.1;59.1;60.0;0.0;50.0;20.0;175.0;207.0
2018-09-05 13:00:00;47.2;52.8;30.0;0.0;360.0;20.0;175.0;222.0
2018-09-05 14:00:00;40.3;62.9;50.0;0.0;360.0;30.0;167.0;219.0
2018-09-05 15:00:00;35.9;66.7;60.0;0.0;10.0;40.0;167.0;212.0
2018-09-05 16:00:00;34.8;68.4;60.0;0.0;350.0;30.0;171.0;200.0
2018-09-05 17:00:00;33.8;67.9;50.0;0.0;330.0;20.0;175.0;193.0
2018-09-05 18:00:00;40.9;57.2;30.0;0.0;360.0;20.0;167.0;182.0
2018-09-05 19:00:00;48.7;32.3;20.0;0.0;310.0;10.0;159.0;163.0
2018-09-05 20:00:00;67.0;10.0;20.0;0.0;350.0;10.0;160.0;165.0
2018-09-05 21:00:00;60.7;15.5;30.0;0.0;130.0;10.0;166.0;173.0
2018-09-05 22:00:00;43.0;32.2;30.0;0.0;50.0;10.0;163.0;172.0
2018-09-05 23:00:00;30.2;35.4;40.0;9.0;10.0;20.0;166.0;170.0
2018-09-06 00:00:00;18.5;40.7;40.0;8.0;310.0;20.0;164.0;167.0
2018-09-06 01:00:00;19.9;58.1;40.0;4.0;350.0;10.0;164.0;167.0
2018-09-06 02:00:00;43.2;22.2;20.0;5.0;310.0;10.0;164.0;167.0
2018-09-06 03:00:00;30.0;33.0;20.0;0.0;300.0;10.0;153.0;156.0
2018-09-06 04:00:00;31.5;39.7;50.0;0.0;340.0;20.0;165.0;174.0
2018-09-06 05:00:00;30.9;46.2;50.0;0.0;340.0;30.0;168.0;176.0
2018-09-06 06:00:00;47.6;26.9;70.0;0.0;360.0;30.0;162.0;176.0
2018-09-06 07:00:00;47.9;28.2;60.0;0.0;340.0;30.0;161.0;178.0
2018-09-06 08:00:00;36.5;41.8;60.0;0.0;20.0;30.0;150.0;172.0
2018-09-06 09:00:00;27.7;61.1;60.0;0.0;350.0;30.0;160.0;174.0
2018-09-06 10:00:00;36.3;55.6;60.0;0.0;340.0;30.0;158.0;191.0
2018-09-06 11:00:00;23.3;72.7;50.0;0.0;320.0;30.0;153.0;183.0
2018-09-06 12:00:00;27.3;69.8;80.0;6.0;300.0;30.0;165.0;170.0
2018-09-06 13:00:00;30.8;62.7;70.0;10.0;310.0;40.0;166.0;175.0
2018-09-06 14:00:00;24.4;58.7;70.0;2.0;300.0;40.0;156.0;177.0
2018-09-06 15:00:00;21.6;58.4;70.0;0.0;300.0;40.0;145.0;178.0
2018-09-06 16:00:00;15.5;65.3;60.0;0.0;280.0;40.0;142.0;174.0
2018-09-06 17:00:00;13.8;65.4;70.0;0.0;310.0;40.0;138.0;166.0
2018-09-06 18:00:00;12.2;65.4;60.0;0.0;310.0;20.0;124.0;144.0
2018-09-06 19:00:00;19.9;56.9;20.0;0.0;260.0;10.0;124.0;136.0
2018-09-06 20:00:00;24.4;52.3;20.0;0.0;230.0;20.0;120.0;126.0
2018-09-06 21:00:00;35.7;36.0;20.0;0.0;190.0;20.0;132.0;137.0
2018-09-06 22:00:00;33.0;35.9;20.0;0.0;220.0;20.0;121.0;129.0
2018-09-06 23:00:00;22.9;42.5;30.0;0.0;180.0;20.0;128.0;146.0
2018-09-07 00:00:00;10.9;55.0;50.0;0.0;190.0;30.0;133.0;152.0
2018-09-07 01:00:00;10.3;49.0;50.0;6.0;200.0;30.0;139.0;150.0
2018-09-07 02:00:00;15.1;42.5;90.0;7.0;230.0;40.0;136.0;147.0
2018-09-07 03:00:00;14.1;41.6;60.0;7.0;260.0;30.0;137.0;142.0
2018-09-07 04:00:00;17.4;38.0;40.0;0.0;280.0;20.0;128.0;142.0
2018-09-07 05:00:00;19.5;36.9;40.0;0.0;260.0;20.0;127.0;140.0
2018-09-07 06:00:00;41.6;17.7;60.0;0.0;260.0;30.0;97.0;142.0
2018-09-07 07:00:00;41.3;23.0;90.0;0.0;270.0;50.0;92.0;156.0
2018-09-07 08:00:00;22.9;34.9;120.0;0.0;280.0;60.0;75.0;148.0
2018-09-07 09:00:00;21.8;37.7;120.0;0.0;270.0;60.0;81.0;154.0
2018-09-07 10:00:00;15.9;43.3;110.0;0.0;260.0;70.0;83.0;161.0
2018-09-07 11:00:00;10.9;50.1;120.0;0.0;260.0;80.0;73.0;156.0
2018-09-07 12:00:00;7.8;53.7;120.0;0.0;260.0;70.0;76.0;157.0
2018-09-07 13:00:00;8.0;54.4;120.0;0.0;250.0;70.0;78.0;157.0
2018-09-07 14:00:00;11.5;53.8;130.0;0.0;250.0;80.0;81.0;161.0
2018-09-07 15:00:00;9.4;56.3;130.0;0.0;260.0;70.0;81.0;157.0
2018-09-07 16:00:00;11.7;57.4;130.0;0.0;240.0;70.0;82.0;150.0
2018-09-07 17:00:00;8.6;57.1;130.0;0.0;240.0;80.0;71.0;148.0
2018-09-07 18:00:00;13.0;53.6;100.0;0.0;230.0;60.0;78.0;155.0
2018-09-07 19:00:00;13.2;52.5;120.0;0.0;230.0;70.0;81.0;159.0
2018-09-07 20:00:00;13.0;52.1;110.0;0.0;250.0;50.0;89.0;153.0
2018-09-07 21:00:00;13.0;52.5;90.0;0.0;300.0;40.0;112.0;149.0
2018-09-07 22:00:00;16.4;46.3;60.0;0.0;260.0;30.0;111.0;146.0
2018-09-07 23:00:00;30.9;31.2;70.0;0.0;260.0;30.0;89.0;136.0
2018-09-08 00:00:00;42.2;22.6;50.0;0.0;260.0;30.0;90.0;130.0
2018-09-08 01:00:00;42.4;20.9;40.0;0.0;240.0;20.0;87.0;116.0
2018-09-08 02:00:00;18.5;39.6;30.0;0.0;210.0;20.0;88.0;110.0
2018-09-08 03:00:00;12.6;38.9;30.0;0.0;200.0;20.0;88.0;106.0
2018-09-08 04:00:00;10.1;38.4;50.0;0.0;190.0;30.0;105.0;129.0
2018-09-08 05:00:00;16.2;28.1;70.0;0.0;190.0;40.0;120.0;135.0
2018-09-08 06:00:00;15.5;24.4;60.0;0.0;190.0;40.0;116.0;140.0
2018-09-08 07:00:00;17.4;25.7;70.0;0.0;200.0;40.0;113.0;158.0
2018-09-08 08:00:00;17.2;31.7;110.0;0.0;220.0;60.0;107.0;162.0
2018-09-08 09:00:00;19.1;34.6;110.0;0.0;240.0;70.0;110.0;167.0
2018-09-08 10:00:00;15.5;42.2;110.0;0.0;240.0;70.0;97.0;173.0
2018-09-08 11:00:00;7.8;56.5;90.0;0.0;250.0;60.0;108.0;170.0
2018-09-08 12:00:00;5.0;60.8;80.0;0.0;250.0;50.0;114.0;166.0
2018-09-08 13:00:00;6.9;59.6;80.0;0.0;230.0;50.0;120.0;168.0
2018-09-08 14:00:00;9.7;54.2;80.0;0.0;240.0;50.0;115.0;167.0
2018-09-08 15:00:00;8.4;54.5;90.0;0.0;220.0;50.0;107.0;168.0
2018-09-08 16:00:00;9.7;52.1;80.0;0.0;220.0;50.0;100.0;166.0
2018-09-08 17:00:00;12.4;49.6;90.0;0.0;220.0;40.0;97.0;164.0
2018-09-08 18:00:00;15.9;45.6;70.0;0.0;200.0;40.0;100.0;156.0
2018-09-08 19:00:00;18.0;41.7;60.0;0.0;190.0;30.0;105.0;155.0
2018-09-08 20:00:00;26.0;32.2;50.0;0.0;190.0;30.0;105.0;150.0
2018-09-08 21:00:00;22.7;33.5;60.0;0.0;200.0;30.0;109.0;154.0
2018-09-08 22:00:00;21.4;33.9;70.0;0.0;220.0;40.0;118.0;157.0
2018-09-08 23:00:00;16.8;37.9;80.0;0.0;220.0;50.0;123.0;159.0
2018-09-09 00:00:00;8.8;47.4;80.0;0.0;210.0;40.0;124.0;155.0
2018-09-09 01:00:00;7.4;48.3;80.0;0.0;210.0;50.0;126.0;158.0
2018-09-09 02:00:00;11.8;43.3;70.0;0.0;220.0;50.0;129.0;159.0
2018-09-09 03:00:00;10.3;44.3;80.0;0.0;210.0;50.0;130.0;159.0
2018-09-09 04:00:00;9.7;44.3;70.0;0.0;200.0;40.0;134.0;153.0
2018-09-09 05:00:00;9.6;45.1;70.0;0.0;190.0;30.0;135.0;158.0
2018-09-09 06:00:00;10.5;39.1;60.0;0.0;190.0;40.0;136.0;159.0
2018-09-09 07:00:00;14.3;31.9;70.0;0.0;190.0;40.0;138.0;167.0
2018-09-09 08:00:00;11.5;36.7;90.0;0.0;210.0;40.0;139.0;187.0
2018-09-09 09:00:00;13.9;40.7;90.0;0.0;210.0;60.0;135.0;199.0
2018-09-09 10:00:00;6.7;58.5;80.0;0.0;200.0;50.0;130.0;199.0
2018-09-09 11:00:00;11.5;55.2;100.0;0.0;200.0;50.0;130.0;206.0
2018-09-09 12:00:00;13.8;58.1;100.0;0.0;210.0;60.0;131.0;217.0
2018-09-09 13:00:00;11.1;71.3;100.0;0.0;220.0;60.0;132.0;222.0
2018-09-09 14:00:00;10.5;79.5;100.0;0.0;210.0;60.0;130.0;224.0
2018-09-09 15:00:00;10.9;87.4;120.0;0.0;190.0;60.0;136.0;228.0
2018-09-09 16:00:00;9.2;90.9;100.0;0.0;180.0;50.0;133.0;220.0
2018-09-09 17:00:00;11.1;86.8;60.0;0.0;230.0;30.0;136.0;187.0
2018-09-09 18:00:00;18.0;75.3;60.0;0.0;270.0;30.0;141.0;192.0
2018-09-09 19:00:00;15.1;78.7;60.0;0.0;230.0;40.0;147.0;184.0
2018-09-09 20:00:00;21.0;65.0;70.0;0.0;220.0;30.0;134.0;176.0
2018-09-09 21:00:00;17.4;60.2;70.0;0.0;240.0;40.0;142.0;173.0
2018-09-09 22:00:00;8.8;58.9;60.0;0.0;240.0;40.0;152.0;170.0
2018-09-09 23:00:00;10.7;46.6;70.0;0.0;230.0;40.0;158.0;169.0
2018-09-10 00:00:00;6.5;53.3;60.0;0.0;240.0;40.0;157.0;166.0
2018-09-10 01:00:00;7.3;47.0;50.0;0.0;230.0;30.0;161.0;171.0
2018-09-10 02:00:00;7.8;41.6;50.0;0.0;250.0;30.0;160.0;170.0
2018-09-10 03:00:00;15.3;34.1;50.0;0.0;260.0;20.0;152.0;167.0
2018-09-10 04:00:00;15.7;33.1;40.0;0.0;250.0;20.0;131.0;153.0
2018-09-10 05:00:00;17.6;38.8;50.0;0.0;250.0;30.0;129.0;149.0
2018-09-10 06:00:00;25.0;31.5;40.0;0.0;230.0;20.0;137.0;167.0
2018-09-10 07:00:00;33.4;22.9;70.0;0.0;250.0;40.0;134.0;181.0
2018-09-10 08:00:00;21.8;34.6;90.0;0.0;250.0;60.0;126.0;184.0
2018-09-10 09:00:00;9.7;48.4;90.0;0.0;240.0;50.0;140.0;190.0
2018-09-10 10:00:00;11.7;47.3;100.0;0.0;250.0;60.0;135.0;188.0
2018-09-10 11:00:00;7.6;55.7;100.0;0.0;260.0;60.0;134.0;190.0
2018-09-10 12:00:00;6.9;57.4;100.0;0.0;250.0;60.0;140.0;191.0
2018-09-10 13:00:00;8.8;56.7;100.0;0.0;260.0;60.0;130.0;191.0
2018-09-10 14:00:00;7.6;61.2;110.0;0.0;260.0;60.0;128.0;184.0
2018-09-10 15:00:00;9.6;63.4;100.0;0.0;250.0;60.0;137.0;182.0
2018-09-10 16:00:00;6.3;68.0;110.0;0.0;250.0;70.0;125.0;177.0
2018-09-10 17:00:00;7.4;63.5;90.0;0.0;240.0;60.0;122.0;172.0
2018-09-10 18:00:00;7.8;65.0;90.0;0.0;230.0;60.0;127.0;164.0
2018-09-10 19:00:00;14.9;56.7;90.0;0.0;230.0;50.0;139.0;165.0
2018-09-10 20:00:00;15.1;51.4;80.0;0.0;220.0;50.0;141.0;171.0
2018-09-10 21:00:00;10.9;55.2;80.0;0.0;220.0;50.0;133.0;168.0
2018-09-10 22:00:00;12.8;47.8;100.0;0.0;220.0;60.0;137.0;164.0
2018-09-10 23:00:00;13.8;44.3;90.0;0.0;220.0;60.0;141.0;165.0
2018-09-11 00:00:00;6.7;49.6;100.0;0.0;220.0;60.0;141.0;162.0
2018-09-11 01:00:00;8.4;45.1;90.0;0.0;220.0;50.0;141.0;156.0
2018-09-11 02:00:00;9.2;40.9;70.0;0.0;220.0;50.0;146.0;161.0
2018-09-11 03:00:00;8.8;38.0;80.0;0.0;210.0;50.0;148.0;165.0
2018-09-11 04:00:00;11.7;34.5;100.0;0.0;210.0;70.0;145.0;164.0
2018-09-11 05:00:00;12.6;34.1;120.0;0.0;220.0;70.0;146.0;165.0
2018-09-11 06:00:00;12.4;33.5;130.0;0.0;220.0;80.0;150.0;173.0
2018-09-11 07:00:00;14.1;33.6;130.0;0.0;220.0;80.0;152.0;181.0
2018-09-11 08:00:00;11.1;37.2;140.0;0.0;230.0;100.0;152.0;188.0
2018-09-11 09:00:00;9.9;41.9;160.0;0.0;230.0;100.0;153.0;200.0
2018-09-11 10:00:00;10.3;47.0;180.0;0.0;230.0;100.0;153.0;210.0
2018-09-11 11:00:00;10.5;51.5;150.0;0.0;230.0;100.0;155.0;215.0
2018-09-11 12:00:00;9.4;58.6;150.0;0.0;220.0;90.0;159.0;216.0
2018-09-11 13:00:00;9.2;63.8;130.0;0.0;240.0;80.0;157.0;206.0
2018-09-11 14:00:00;11.8;62.3;120.0;0.0;230.0;70.0;161.0;211.0
2018-09-11 15:00:00;12.0;60.0;120.0;0.0;240.0;70.0;158.0;200.0
2018-09-11 16:00:00;10.7;62.1;130.0;0.0;250.0;80.0;158.0;192.0
2018-09-11 17:00:00;9.2;60.9;130.0;0.0;240.0;80.0;156.0;192.0
2018-09-11 18:00:00;14.7;48.1;120.0;0.0;230.0;80.0;160.0;182.0
2018-09-11 19:00:00;14.5;43.3;110.0;0.0;240.0;70.0;162.0;186.0
2018-09-11 20:00:00;8.6;43.7;110.0;0.0;250.0;60.0;163.0;187.0
2018-09-11 21:00:00;10.9;37.1;100.0;0.0;250.0;70.0;168.0;184.0
2018-09-11 22:00:00;6.7;39.4;100.0;0.0;240.0;60.0;170.0;183.0
2018-09-11 23:00:00;5.9;42.2;90.0;0.0;240.0;50.0;172.0;182.0
2018-09-12 00:00:00;6.1;41.1;80.0;0.0;240.0;50.0;173.0;181.0
2018-09-12 01:00:00;4.8;39.8;80.0;0.0;250.0;50.0;172.0;182.0
2018-09-12 02:00:00;4.8;37.5;90.0;0.0;240.0;50.0;172.0;181.0
2018-09-12 03:00:00;7.6;30.1;80.0;0.0;240.0;50.0;168.0;183.0
2018-09-12 04:00:00;10.1;28.9;80.0;0.0;240.0;50.0;165.0;185.0
2018-09-12 05:00:00;13.4;26.5;90.0;1.0;330.0;50.0;160.0;170.0
2018-09-12 06:00:00;20.1;20.1;70.0;0.0;350.0;40.0;145.0;152.0
2018-09-12 07:00:00;26.0;40.0;90.0;6.0;360.0;50.0;138.0;146.0
2018-09-12 08:00:00;24.8;32.7;90.0;6.0;10.0;50.0;131.0;143.0
2018-09-12 09:00:00;22.2;33.8;60.0;0.0;10.0;30.0;135.0;154.0
2018-09-12 10:00:00;21.4;35.7;60.0;0.0;10.0;30.0;133.0;153.0
2018-09-12 11:00:00;24.1;33.2;80.0;0.0;10.0;30.0;125.0;141.0
2018-09-12 12:00:00;27.3;28.1;60.0;0.0;340.0;30.0;132.0;156.0
2018-09-12 13:00:00;25.0;37.9;50.0;0.0;10.0;20.0;123.0;152.0
2018-09-12 14:00:00;21.2;47.0;50.0;0.0;350.0;20.0;119.0;157.0
2018-09-12 15:00:00;32.9;37.7;50.0;0.0;10.0;30.0;115.0;153.0
2018-09-12 16:00:00;30.4;38.8;60.0;0.0;20.0;30.0;109.0;149.0
2018-09-12 17:00:00;23.5;43.4;40.0;0.0;40.0;20.0;109.0;143.0
2018-09-12 18:00:00;30.6;33.4;40.0;0.0;40.0;20.0;108.0;143.0
2018-09-12 19:00:00;26.7;34.1;30.0;0.0;40.0;20.0;109.0;139.0
2018-09-12 20:00:00;30.4;30.3;20.0;0.0;60.0;20.0;112.0;136.0
2018-09-12 21:00:00;29.6;29.6;20.0;0.0;40.0;10.0;109.0;137.0
2018-09-12 22:00:00;26.5;30.5;20.0;0.0;40.0;10.0;111.0;136.0
2018-09-12 23:00:00;18.1;37.5;10.0;0.0;30.0;10.0;110.0;132.0
2018-09-13 00:00:00;16.2;37.9;10.0;0.0;340.0;10.0;113.0;123.0
2018-09-13 01:00:00;13.8;41.2;10.0;0.0;340.0;10.0;112.0;118.0
2018-09-13 02:00:00;16.6;35.4;20.0;0.0;350.0;10.0;109.0;116.0
2018-09-13 03:00:00;20.4;27.5;20.0;0.0;0.0;10.0;108.0;117.0
2018-09-13 04:00:00;25.0;23.6;10.0;0.0;0.0;0.0;105.0;109.0
2018-09-13 05:00:00;43.2;8.4;10.0;0.0;360.0;0.0;92.0;97.0
2018-09-13 06:00:00;58.6;0.9;10.0;0.0;0.0;0.0;95.0;131.0
2018-09-13 07:00:00;57.7;3.4;20.0;0.0;80.0;10.0;95.0;156.0
2018-09-13 08:00:00;41.6;19.9;30.0;0.0;30.0;20.0;95.0;164.0
2018-09-13 09:00:00;23.7;37.7;40.0;0.0;360.0;20.0;92.0;170.0
2018-09-13 10:00:00;23.9;40.7;40.0;0.0;360.0;20.0;95.0;180.0
2018-09-13 11:00:00;23.9;40.5;40.0;0.0;330.0;20.0;104.0;171.0
2018-09-13 12:00:00;22.5;44.3;40.0;0.0;330.0;20.0;91.0;188.0
2018-09-13 13:00:00;21.0;50.5;50.0;0.0;330.0;30.0;90.0;174.0
2018-09-13 14:00:00;18.1;58.1;50.0;0.0;350.0;30.0;85.0;178.0
2018-09-13 15:00:00;14.9;65.0;60.0;0.0;360.0;30.0;89.0;172.0
2018-09-13 16:00:00;15.3;66.7;50.0;0.0;330.0;20.0;101.0;165.0
2018-09-13 17:00:00;17.8;65.3;40.0;0.0;360.0;20.0;96.0;145.0
2018-09-13 18:00:00;25.2;56.4;30.0;0.0;350.0;20.0;88.0;119.0
2018-09-13 19:00:00;27.7;53.0;10.0;0.0;150.0;0.0;97.0;113.0
2018-09-13 20:00:00;54.1;23.8;10.0;0.0;210.0;0.0;93.0;100.0
2018-09-13 21:00:00;63.8;9.6;10.0;0.0;90.0;0.0;91.0;96.0
2018-09-13 22:00:00;66.9;1.1;0.0;0.0;0.0;0.0;80.0;84.0
2018-09-13 23:00:00;62.1;0.7;10.0;0.0;170.0;0.0;82.0;87.0
2018-09-14 00:00:00;49.3;0.7;20.0;0.0;160.0;10.0;79.0;82.0
2018-09-14 01:00:00;51.4;2.0;30.0;0.0;160.0;10.0;73.0;77.0
2018-09-14 02:00:00;50.8;9.3;30.0;0.0;210.0;20.0;90.0;97.0
2018-09-14 03:00:00;35.5;23.6;30.0;0.0;180.0;20.0;71.0;75.0
2018-09-14 04:00:00;27.9;30.3;50.0;0.0;190.0;30.0;91.0;109.0
2018-09-14 05:00:00;30.0;29.0;80.0;0.0;180.0;30.0;99.0;115.0
2018-09-14 06:00:00;47.6;9.3;60.0;0.0;190.0;30.0;101.0;139.0
2018-09-14 07:00:00;42.6;19.2;80.0;0.0;200.0;40.0;105.0;155.0
2018-09-14 08:00:00;35.1;33.8;70.0;0.0;210.0;40.0;105.0;172.0
2018-09-14 09:00:00;23.5;48.6;90.0;0.0;220.0;50.0;105.0;183.0
2018-09-14 10:00:00;17.6;56.5;90.0;0.0;220.0;60.0;107.0;183.0
2018-09-14 11:00:00;14.5;62.0;100.0;0.0;250.0;60.0;102.0;177.0
2018-09-14 12:00:00;15.1;53.0;100.0;0.0;250.0;60.0;95.0;176.0
2018-09-14 13:00:00;14.5;53.2;110.0;0.0;250.0;70.0;103.0;177.0
2018-09-14 14:00:00;10.3;60.5;120.0;0.0;250.0;60.0;86.0;172.0
2018-09-14 15:00:00;11.7;64.1;110.0;0.0;250.0;70.0;85.0;162.0
2018-09-14 16:00:00;9.6;64.3;90.0;0.0;240.0;50.0;85.0;158.0
2018-09-14 17:00:00;8.4;64.9;80.0;0.0;240.0;50.0;85.0;150.0
2018-09-14 18:00:00;13.0;58.6;70.0;0.0;230.0;40.0;100.0;153.0
2018-09-14 19:00:00;22.9;48.2;60.0;0.0;210.0;40.0;109.0;158.0
2018-09-14 20:00:00;13.6;52.2;80.0;0.0;240.0;50.0;114.0;155.0
2018-09-14 21:00:00;11.3;50.7;70.0;0.0;230.0;40.0;112.0;136.0
2018-09-14 22:00:00;11.3;48.0;50.0;0.0;230.0;30.0;115.0;149.0
2018-09-14 23:00:00;14.5;38.6;60.0;0.0;230.0;40.0;119.0;154.0
2018-09-15 00:00:00;14.9;36.1;50.0;0.0;250.0;30.0;114.0;145.0
2018-09-15 01:00:00;15.1;34.2;50.0;0.0;220.0;30.0;121.0;154.0
2018-09-15 02:00:00;14.3;29.8;60.0;0.0;210.0;30.0;131.0;149.0
2018-09-15 03:00:00;20.6;21.2;60.0;0.0;260.0;30.0;120.0;150.0
2018-09-15 04:00:00;16.0;24.9;50.0;0.0;270.0;30.0;118.0;143.0
2018-09-15 05:00:00;17.0;33.0;40.0;0.0;260.0;30.0;109.0;138.0
2018-09-15 06:00:00;42.2;17.2;40.0;0.0;270.0;20.0;114.0;147.0
2018-09-15 07:00:00;35.3;24.4;80.0;0.0;280.0;30.0;116.0;171.0
2018-09-15 08:00:00;31.5;35.9;90.0;0.0;270.0;50.0;110.0;175.0
2018-09-15 09:00:00;12.8;52.7;70.0;0.0;280.0;40.0;112.0;171.0
2018-09-15 10:00:00;8.2;56.9;90.0;0.0;260.0;50.0;115.0;186.0
2018-09-15 11:00:00;7.8;55.0;90.0;0.0;260.0;50.0;109.0;185.0
2018-09-15 12:00:00;7.1;57.7;90.0;0.0;270.0;60.0;106.0;184.0
2018-09-15 13:00:00;6.5;61.5;80.0;0.0;280.0;50.0;101.0;188.0
2018-09-15 14:00:00;8.4;60.5;70.0;0.0;270.0;40.0;102.0;185.0
2018-09-15 15:00:00;4.4;65.3;70.0;0.0;260.0;40.0;114.0;180.0
2018-09-15 16:00:00;5.5;65.4;50.0;0.0;270.0;30.0;115.0;165.0
2018-09-15 17:00:00;5.9;65.5;40.0;0.0;250.0;20.0;115.0;155.0
2018-09-15 18:00:00;9.7;60.3;20.0;0.0;220.0;10.0;113.0;137.0
2018-09-15 19:00:00;17.8;50.5;20.0;0.0;200.0;10.0;121.0;132.0
2018-09-15 20:00:00;30.0;33.8;20.0;0.0;140.0;10.0;118.0;125.0
2018-09-15 21:00:00;29.6;27.1;30.0;0.0;180.0;20.0;119.0;128.0
2018-09-15 22:00:00;27.5;25.1;20.0;0.0;150.0;20.0;112.0;119.0
2018-09-15 23:00:00;22.7;25.6;40.0;0.0;170.0;30.0;121.0;138.0
2018-09-16 00:00:00;36.5;13.6;40.0;0.0;170.0;30.0;118.0;134.0
2018-09-16 01:00:00;39.7;11.5;40.0;0.0;170.0;30.0;104.0;125.0
2018-09-16 02:00:00;34.6;12.5;40.0;0.0;160.0;30.0;95.0;125.0
2018-09-16 03:00:00;32.3;14.4;50.0;0.0;170.0;30.0;103.0;130.0
2018-09-16 04:00:00;18.5;25.7;60.0;0.0;190.0;40.0;105.0;129.0
2018-09-16 05:00:00;30.0;17.4;80.0;0.0;190.0;40.0;108.0;137.0
2018-09-16 06:00:00;33.8;14.6;70.0;0.0;190.0;30.0;114.0;150.0
2018-09-16 07:00:00;27.9;19.0;70.0;0.0;190.0;40.0;118.0;163.0
2018-09-16 08:00:00;25.6;22.6;70.0;0.0;190.0;50.0;118.0;167.0
2018-09-16 09:00:00;23.3;29.6;80.0;0.0;200.0;40.0;115.0;182.0
2018-09-16 10:00:00;15.3;43.6;110.0;0.0;210.0;50.0;110.0;193.0
2018-09-16 11:00:00;12.8;52.2;110.0;0.0;200.0;70.0;107.0;201.0
2018-09-16 12:00:00;15.3;57.5;100.0;0.0;190.0;60.0;123.0;206.0
2018-09-16 13:00:00;11.7;65.4;100.0;0.0;210.0;60.0;113.0;211.0
2018-09-16 14:00:00;13.0;68.0;90.0;0.0;200.0;50.0;117.0;215.0
2018-09-16 15:00:00;10.1;75.6;110.0;0.0;210.0;60.0;108.0;214.0
2018-09-16 16:00:00;10.3;77.1;100.0;0.0;220.0;50.0;111.0;199.0
2018-09-16 17:00:00;8.4;76.0;60.0;0.0;250.0;30.0;110.0;175.0
2018-09-16 18:00:00;22.9;55.3;40.0;0.0;180.0;20.0;110.0;150.0
2018-09-16 19:00:00;39.5;32.5;30.0;0.0;220.0;20.0;116.0;151.0
2018-09-16 20:00:00;39.0;30.1;20.0;0.0;160.0;10.0;118.0;134.0
2018-09-16 21:00:00;29.4;38.6;10.0;0.0;160.0;0.0;116.0;120.0
2018-09-16 22:00:00;35.7;21.8;20.0;0.0;190.0;10.0;115.0;120.0
2018-09-16 23:00:00;29.2;19.1;30.0;0.0;190.0;20.0;112.0;125.0
2018-09-17 00:00:00;26.0;25.9;40.0;0.0;190.0;30.0;114.0;139.0
2018-09-17 01:00:00;29.4;27.6;50.0;0.0;190.0;30.0;111.0;137.0
2018-09-17 02:00:00;21.2;34.1;50.0;0.0;210.0;30.0;106.0;135.0
2018-09-17 03:00:00;22.0;34.9;60.0;0.0;190.0;30.0;109.0;131.0
2018-09-17 04:00:00;23.1;33.0;40.0;0.0;180.0;20.0;105.0;122.0
2018-09-17 05:00:00;28.1;27.0;60.0;0.0;190.0;30.0;116.0;141.0
2018-09-17 06:00:00;35.1;18.3;50.0;0.0;190.0;30.0;123.0;156.0
2018-09-17 07:00:00;34.0;20.6;50.0;0.0;200.0;30.0;131.0;173.0
2018-09-17 08:00:00;28.8;28.0;50.0;0.0;250.0;30.0;141.0;187.0
2018-09-17 09:00:00;26.5;41.7;60.0;0.0;240.0;40.0;149.0;198.0
2018-09-17 10:00:00;22.3;52.4;80.0;0.0;220.0;40.0;136.0;212.0
2018-09-17 11:00:00;18.1;61.1;90.0;0.0;220.0;50.0;119.0;219.0
2018-09-17 12:00:00;12.6;76.6;80.0;0.0;200.0;50.0;118.0;226.0
2018-09-17 13:00:00;14.7;80.5;80.0;0.0;190.0;50.0;114.0;234.0
2018-09-17 14:00:00;24.4;68.5;80.0;0.0;170.0;50.0;114.0;234.0
2018-09-17 15:00:00;15.5;87.4;100.0;0.0;190.0;40.0;107.0;231.0
2018-09-17 16:00:00;14.1;91.8;50.0;0.0;190.0;30.0;107.0;224.0
2018-09-17 17:00:00;15.9;88.1;50.0;0.0;140.0;20.0;118.0;185.0
2018-09-17 18:00:00;38.2;61.3;40.0;0.0;120.0;10.0;102.0;141.0
2018-09-17 19:00:00;69.9;29.6;20.0;0.0;140.0;10.0;106.0;141.0
2018-09-17 20:00:00;72.2;23.9;20.0;0.0;100.0;10.0;106.0;134.0
2018-09-17 21:00:00;54.2;42.3;20.0;0.0;140.0;10.0;97.0;141.0
2018-09-17 22:00:00;48.5;39.4;40.0;0.0;140.0;20.0;89.0;143.0
2018-09-17 23:00:00;41.8;39.3;50.0;0.0;160.0;30.0;79.0;159.0
2018-09-18 00:00:00;42.6;32.5;60.0;0.0;160.0;40.0;85.0;177.0
2018-09-18 01:00:00;31.5;42.2;70.0;0.0;160.0;50.0;84.0;173.0
2018-09-18 02:00:00;22.3;49.7;60.0;0.0;160.0;40.0;85.0;173.0
2018-09-18 03:00:00;21.2;44.9;80.0;0.0;170.0;50.0;96.0;173.0
2018-09-18 04:00:00;21.2;44.3;70.0;0.0;160.0;50.0;102.0;172.0
2018-09-18 05:00:00;26.7;41.1;90.0;0.0;180.0;50.0;108.0;171.0
2018-09-18 06:00:00;35.0;35.2;90.0;0.0;200.0;50.0;116.0;187.0
2018-09-18 07:00:00;34.4;39.5;120.0;0.0;220.0;60.0;134.0;203.0
2018-09-18 08:00:00;23.3;51.9;130.0;0.0;230.0;70.0;144.0;210.0
2018-09-18 09:00:00;16.4;59.6;140.0;0.0;230.0;80.0;152.0;212.0
2018-09-18 10:00:00;12.4;60.1;130.0;0.0;230.0;90.0;156.0;221.0
2018-09-18 11:00:00;10.7;60.3;140.0;0.0;220.0;80.0;152.0;232.0
2018-09-18 12:00:00;9.6;63.3;140.0;0.0;220.0;90.0;146.0;222.0
2018-09-18 13:00:00;8.6;65.7;160.0;0.0;250.0;90.0;157.0;224.0
2018-09-18 14:00:00;8.0;65.5;140.0;0.0;240.0;90.0;149.0;215.0
2018-09-18 15:00:00;9.4;65.9;140.0;0.0;240.0;90.0;141.0;204.0
2018-09-18 16:00:00;6.5;73.6;130.0;0.0;240.0;80.0;143.0;191.0
2018-09-18 17:00:00;8.6;69.0;130.0;0.0;240.0;80.0;147.0;186.0
2018-09-18 18:00:00;10.9;62.2;140.0;0.0;240.0;80.0;139.0;181.0
2018-09-18 19:00:00;7.6;59.4;130.0;0.0;240.0;70.0;142.0;178.0
2018-09-18 20:00:00;4.8;56.9;100.0;0.0;240.0;60.0;139.0;180.0
2018-09-18 21:00:00;4.4;54.8;110.0;0.0;230.0;60.0;140.0;176.0
2018-09-18 22:00:00;7.1;49.1;90.0;0.0;220.0;40.0;140.0;164.0
2018-09-18 23:00:00;7.3;45.9;50.0;0.0;180.0;30.0;141.0;162.0
2018-09-19 00:00:00;13.9;32.7;60.0;0.0;180.0;40.0;136.0;158.0
2018-09-19 01:00:00;16.6;26.8;60.0;0.0;190.0;40.0;135.0;160.0
2018-09-19 02:00:00;22.3;24.7;70.0;0.0;180.0;40.0;136.0;161.0
2018-09-19 03:00:00;18.5;28.2;50.0;0.0;160.0;30.0;133.0;152.0
2018-09-19 04:00:00;22.9;17.9;40.0;0.0;150.0;30.0;131.0;151.0
2018-09-19 05:00:00;40.5;5.7;80.0;0.0;170.0;40.0;138.0;158.0
2018-09-19 06:00:00;36.1;9.1;80.0;0.0;200.0;50.0;148.0;169.0
2018-09-19 07:00:00;31.9;10.9;80.0;0.0;200.0;50.0;154.0;182.0
2018-09-19 08:00:00;24.1;18.8;90.0;0.0;220.0;60.0;155.0;194.0
2018-09-19 09:00:00;19.7;29.4;110.0;0.0;230.0;70.0;154.0;207.0
2018-09-19 10:00:00;15.5;37.9;130.0;0.0;230.0;70.0;148.0;200.0
2018-09-19 11:00:00;10.1;47.5;130.0;0.0;210.0;70.0;135.0;212.0
2018-09-19 12:00:00;9.0;56.2;140.0;0.0;220.0;90.0;140.0;218.0
2018-09-19 13:00:00;8.2;64.2;140.0;0.0;230.0;90.0;139.0;222.0
2018-09-19 14:00:00;10.5;62.4;140.0;0.0;220.0;90.0;145.0;227.0
2018-09-19 15:00:00;10.1;62.7;150.0;0.0;220.0;100.0;140.0;217.0
2018-09-19 16:00:00;9.7;58.3;140.0;0.0;230.0;80.0;148.0;208.0
2018-09-19 17:00:00;11.1;53.8;140.0;0.0;220.0;80.0;142.0;204.0
2018-09-19 18:00:00;15.3;49.3;120.0;0.0;220.0;70.0;142.0;203.0
2018-09-19 19:00:00;14.7;49.0;100.0;0.0;220.0;60.0;144.0;199.0
2018-09-19 20:00:00;12.0;50.7;130.0;0.0;230.0;60.0;144.0;188.0
2018-09-19 21:00:00;13.2;48.2;110.0;0.0;220.0;60.0;148.0;193.0
2018-09-19 22:00:00;13.8;44.7;110.0;0.0;210.0;60.0;147.0;191.0
2018-09-19 23:00:00;10.5;46.4;100.0;0.0;210.0;60.0;147.0;186.0
2018-09-20 00:00:00;12.8;41.1;90.0;0.0;220.0;50.0;148.0;180.0
2018-09-20 01:00:00;12.0;42.0;90.0;0.0;210.0;50.0;146.0;172.0
2018-09-20 02:00:00;11.8;39.9;80.0;0.0;200.0;40.0;147.0;171.0
2018-09-20 03:00:00;13.0;35.0;70.0;0.0;200.0;40.0;150.0;175.0
2018-09-20 04:00:00;13.2;33.5;60.0;0.0;190.0;40.0;150.0;173.0
2018-09-20 05:00:00;16.6;28.1;90.0;0.0;200.0;40.0;149.0;169.0
2018-09-20 06:00:00;25.4;18.6;80.0;0.0;190.0;50.0;146.0;177.0
2018-09-20 07:00:00;27.9;17.1;90.0;0.0;200.0;60.0;148.0;180.0
2018-09-20 08:00:00;20.4;24.6;120.0;0.0;220.0;70.0;150.0;194.0
2018-09-20 09:00:00;13.9;37.1;120.0;0.0;220.0;70.0;152.0;198.0
2018-09-20 10:00:00;12.2;42.6;130.0;0.0;210.0;70.0;149.0;202.0
2018-09-20 11:00:00;13.2;44.0;120.0;0.0;230.0;80.0;147.0;209.0
2018-09-20 12:00:00;12.6;50.9;120.0;0.0;210.0;80.0;150.0;222.0
2018-09-20 13:00:00;10.3;59.4;120.0;0.0;210.0;70.0;142.0;227.0
2018-09-20 14:00:00;11.7;61.2;120.0;0.0;200.0;70.0;143.0;224.0
2018-09-20 15:00:00;13.9;60.1;120.0;0.0;200.0;70.0;142.0;220.0
2018-09-20 16:00:00;13.6;61.7;120.0;0.0;230.0;70.0;142.0;216.0
2018-09-20 17:00:00;22.7;48.8;80.0;0.0;230.0;30.0;148.0;195.0
2018-09-20 18:00:00;40.5;26.5;70.0;0.0;170.0;30.0;140.0;206.0
2018-09-20 19:00:00;30.0;38.6;90.0;0.0;180.0;60.0;138.0;210.0
2018-09-20 20:00:00;18.5;49.8;110.0;0.0;180.0;60.0;137.0;211.0
2018-09-20 21:00:00;16.2;55.6;120.0;0.0;190.0;70.0;136.0;210.0
2018-09-20 22:00:00;10.9;60.8;130.0;0.0;190.0;70.0;138.0;202.0
2018-09-20 23:00:00;9.6;56.5;110.0;0.0;190.0;70.0;140.0;200.0
2018-09-21 00:00:00;9.6;52.6;100.0;0.0;190.0;60.0;141.0;198.0
2018-09-21 01:00:00;10.5;49.4;140.0;0.0;200.0;80.0;136.0;200.0
2018-09-21 02:00:00;7.6;54.6;150.0;0.0;190.0;80.0;136.0;195.0
2018-09-21 03:00:00;6.1;54.6;150.0;0.0;190.0;90.0;136.0;192.0
2018-09-21 04:00:00;6.9;52.2;170.0;3.0;210.0;100.0;147.0;177.0
2018-09-21 05:00:00;8.2;49.7;200.0;6.0;230.0;110.0;133.0;165.0
2018-09-21 06:00:00;8.0;47.3;170.0;1.0;260.0;100.0;104.0;157.0
2018-09-21 07:00:00;9.0;52.4;160.0;0.0;250.0;90.0;101.0;161.0
2018-09-21 08:00:00;6.5;49.7;160.0;0.0;260.0;100.0;80.0;150.0
2018-09-21 09:00:00;8.4;50.8;150.0;0.0;270.0;90.0;82.0;149.0
2018-09-21 10:00:00;11.5;55.0;160.0;0.0;270.0;90.0;68.0;151.0
2018-09-21 11:00:00;9.7;56.6;150.0;0.0;260.0;90.0;78.0;159.0
2018-09-21 12:00:00;9.0;57.3;160.0;0.0;260.0;100.0;64.0;155.0
2018-09-21 13:00:00;9.0;57.5;180.0;0.0;250.0;110.0;58.0;150.0
2018-09-21 14:00:00;8.0;59.9;180.0;0.0;240.0;110.0;61.0;158.0
2018-09-21 15:00:00;6.7;64.2;170.0;0.0;240.0;100.0;60.0;147.0
2018-09-21 16:00:00;6.7;64.5;220.0;2.0;250.0;80.0;87.0;142.0
2018-09-21 17:00:00;6.7;62.7;190.0;0.0;250.0;100.0;81.0;149.0
2018-09-21 18:00:00;5.5;63.0;220.0;5.0;250.0;90.0;98.0;129.0
2018-09-21 19:00:00;18.1;47.8;160.0;2.0;260.0;80.0;90.0;130.0
2018-09-21 20:00:00;7.4;53.9;170.0;0.0;280.0;90.0;86.0;133.0
2018-09-21 21:00:00;16.8;42.2;150.0;0.0;280.0;80.0;73.0;138.0
2018-09-21 22:00:00;17.8;42.7;150.0;0.0;270.0;80.0;71.0;135.0
2018-09-21 23:00:00;13.2;43.5;140.0;0.0;270.0;80.0;79.0;139.0
2018-09-22 00:00:00;28.5;33.5;120.0;0.0;270.0;70.0;70.0;135.0
2018-09-22 01:00:00;28.8;30.5;110.0;0.0;270.0;60.0;71.0;131.0
2018-09-22 02:00:00;32.7;26.7;80.0;0.0;260.0;40.0;73.0;127.0
2018-09-22 03:00:00;28.7;31.3;80.0;0.0;260.0;40.0;76.0;130.0
2018-09-22 04:00:00;12.4;43.0;60.0;0.0;260.0;40.0;75.0;127.0
2018-09-22 05:00:00;13.0;42.0;60.0;0.0;240.0;30.0;81.0;120.0
2018-09-22 06:00:00;12.8;40.7;50.0;0.0;230.0;30.0;94.0;135.0
2018-09-22 07:00:00;18.5;30.9;90.0;0.0;210.0;50.0;108.0;134.0
2018-09-22 08:00:00;14.9;28.5;90.0;0.0;220.0;50.0;110.0;141.0
2018-09-22 09:00:00;13.0;33.5;90.0;0.0;230.0;60.0;116.0;158.0
2018-09-22 10:00:00;13.6;35.7;170.0;2.0;230.0;70.0;86.0;108.0
2018-09-22 11:00:00;15.7;36.0;100.0;10.0;220.0;50.0;102.0;121.0
2018-09-22 12:00:00;12.6;47.7;100.0;10.0;230.0;50.0;99.0;120.0
2018-09-22 13:00:00;12.6;49.6;90.0;10.0;210.0;50.0;105.0;125.0
2018-09-22 14:00:00;19.9;39.3;80.0;10.0;220.0;40.0;105.0;123.0
2018-09-22 15:00:00;15.1;42.9;80.0;8.0;230.0;50.0;107.0;122.0
2018-09-22 16:00:00;14.9;42.6;90.0;8.0;230.0;50.0;105.0;118.0
2018-09-22 17:00:00;14.3;43.2;80.0;9.0;220.0;40.0;102.0;117.0
2018-09-22 18:00:00;14.1;43.1;70.0;8.0;210.0;40.0;103.0;115.0
2018-09-22 19:00:00;14.1;40.4;60.0;0.0;200.0;40.0;102.0;114.0
2018-09-22 20:00:00;12.0;39.0;60.0;0.0;190.0;40.0;103.0;113.0
2018-09-22 21:00:00;14.9;35.8;60.0;0.0;180.0;40.0;101.0;112.0
2018-09-22 22:00:00;15.5;34.2;50.0;0.0;170.0;30.0;101.0;110.0
2018-09-22 23:00:00;15.3;28.2;40.0;0.0;150.0;30.0;98.0;107.0
2018-09-23 00:00:00;18.3;23.3;30.0;0.0;130.0;20.0;99.0;106.0
2018-09-23 01:00:00;13.4;24.8;40.0;0.0;160.0;20.0;97.0;102.0
2018-09-23 02:00:00;14.7;20.7;30.0;0.0;60.0;20.0;84.0;87.0
2018-09-23 03:00:00;13.9;23.4;30.0;0.0;60.0;20.0;99.0;101.0
2018-09-23 04:00:00;12.2;22.1;40.0;0.0;60.0;30.0;97.0;101.0
2018-09-23 05:00:00;18.7;17.2;40.0;0.0;50.0;30.0;99.0;104.0
2018-09-23 06:00:00;15.1;22.6;40.0;0.0;60.0;20.0;101.0;106.0
2018-09-23 07:00:00;14.3;24.7;30.0;8.0;50.0;20.0;104.0;108.0
2018-09-23 08:00:00;23.7;15.4;30.0;5.0;40.0;20.0;105.0;111.0
2018-09-23 09:00:00;23.1;18.0;50.0;10.0;350.0;30.0;107.0;110.0
2018-09-23 10:00:00;22.5;22.3;40.0;10.0;30.0;30.0;101.0;108.0
2018-09-23 11:00:00;27.9;23.6;90.0;10.0;20.0;20.0;98.0;108.0
2018-09-23 12:00:00;30.9;22.8;110.0;10.0;30.0;60.0;82.0;100.0
2018-09-23 13:00:00;26.9;32.2;100.0;8.0;20.0;60.0;81.0;108.0
2018-09-23 14:00:00;16.8;47.9;100.0;8.0;350.0;60.0;79.0;101.0
2018-09-23 15:00:00;16.2;49.1;70.0;10.0;0.0;20.0;90.0;101.0
2018-09-23 16:00:00;27.7;36.3;40.0;8.0;0.0;10.0;87.0;106.0
2018-09-23 17:00:00;23.1;46.1;90.0;4.0;20.0;30.0;81.0;107.0
2018-09-23 18:00:00;21.0;46.9;80.0;3.0;20.0;20.0;87.0;94.0
2018-09-23 19:00:00;17.8;42.5;30.0;2.0;270.0;10.0;82.0;90.0
2018-09-23 20:00:00;18.3;37.2;60.0;0.0;280.0;20.0;71.0;86.0
2018-09-23 21:00:00;28.8;32.4;100.0;4.0;320.0;30.0;64.0;83.0
2018-09-23 22:00:00;21.4;44.0;100.0;3.0;320.0;40.0;49.0;103.0
2018-09-23 23:00:00;26.9;39.6;60.0;0.0;340.0;20.0;62.0;102.0
2018-09-24 00:00:00;23.1;44.1;40.0;0.0;330.0;20.0;59.0;73.0
2018-09-24 01:00:00;14.7;49.8;30.0;0.0;250.0;10.0;55.0;63.0
2018-09-24 02:00:00;28.7;39.1;60.0;0.0;310.0;20.0;55.0;81.0
2018-09-24 03:00:00;17.6;49.0;130.0;2.0;360.0;40.0;76.0;99.0
2018-09-24 04:00:00;26.7;42.6;50.0;0.0;360.0;10.0;60.0;77.0
2018-09-24 05:00:00;36.9;28.6;40.0;1.0;280.0;10.0;64.0;83.0
2018-09-24 06:00:00;38.4;29.2;100.0;2.0;300.0;30.0;85.0;106.0
2018-09-24 07:00:00;44.1;21.0;60.0;2.0;310.0;20.0;82.0;133.0
2018-09-24 08:00:00;29.4;36.0;110.0;0.0;320.0;40.0;78.0;127.0
2018-09-24 09:00:00;22.0;42.2;100.0;0.0;300.0;40.0;85.0;138.0
2018-09-24 10:00:00;18.9;43.5;100.0;0.0;330.0;60.0;66.0;139.0
2018-09-24 11:00:00;19.7;45.5;100.0;0.0;330.0;60.0;72.0;154.0
2018-09-24 12:00:00;18.1;52.1;100.0;0.0;310.0;60.0;73.0;154.0
2018-09-24 13:00:00;16.4;54.3;100.0;0.0;330.0;60.0;49.0;147.0
2018-09-24 14:00:00;17.2;57.2;100.0;0.0;320.0;60.0;56.0;138.0
2018-09-24 15:00:00;17.6;58.0;90.0;0.0;330.0;40.0;66.0;137.0
2018-09-24 16:00:00;13.9;58.4;90.0;0.0;330.0;40.0;59.0;116.0
2018-09-24 17:00:00;14.3;57.4;70.0;0.0;290.0;30.0;57.0;100.0
2018-09-24 18:00:00;22.7;49.2;40.0;0.0;300.0;20.0;52.0;86.0
2018-09-24 19:00:00;26.5;46.6;40.0;0.0;270.0;20.0;41.0;68.0
2018-09-24 20:00:00;34.6;40.9;30.0;0.0;250.0;20.0;52.0;69.0
2018-09-24 21:00:00;40.9;34.0;60.0;0.0;190.0;10.0;55.0;77.0
2018-09-24 22:00:00;26.5;46.6;20.0;0.0;180.0;10.0;59.0;65.0
2018-09-24 23:00:00;26.9;39.2;20.0;0.0;240.0;10.0;46.0;52.0
2018-09-25 00:00:00;30.4;20.4;30.0;0.0;200.0;10.0;53.0;57.0
2018-09-25 01:00:00;47.2;5.4;50.0;0.0;90.0;20.0;56.0;60.0
2018-09-25 02:00:00;41.4;2.8;30.0;0.0;110.0;10.0;44.0;48.0
2018-09-25 03:00:00;38.8;1.0;20.0;0.0;130.0;10.0;54.0;57.0
2018-09-25 04:00:00;39.9;0.2;50.0;0.0;350.0;20.0;66.0;70.0
2018-09-25 05:00:00;38.4;0.5;30.0;0.0;140.0;10.0;77.0;87.0
2018-09-25 06:00:00;51.2;0.3;50.0;0.0;160.0;10.0;75.0;116.0
2018-09-25 07:00:00;50.0;0.5;40.0;0.0;180.0;10.0;75.0;137.0
2018-09-25 08:00:00;51.4;6.6;20.0;0.0;180.0;10.0;70.0;152.0
2018-09-25 09:00:00;31.9;32.1;30.0;0.0;180.0;10.0;69.0;158.0
2018-09-25 10:00:00;12.2;52.1;30.0;0.0;260.0;10.0;62.0;160.0
2018-09-25 11:00:00;11.8;52.2;40.0;0.0;220.0;20.0;60.0;161.0
2018-09-25 12:00:00;13.9;52.0;30.0;0.0;210.0;20.0;61.0;162.0
2018-09-25 13:00:00;15.1;51.9;40.0;0.0;250.0;20.0;78.0;160.0
2018-09-25 14:00:00;13.9;54.8;40.0;0.0;280.0;30.0;72.0;153.0
2018-09-25 15:00:00;13.6;56.0;30.0;0.0;0.0;10.0;77.0;137.0
2018-09-25 16:00:00;12.2;61.8;10.0;0.0;40.0;10.0;79.0;130.0
2018-09-25 17:00:00;16.0;57.2;20.0;0.0;310.0;10.0;75.0;103.0
2018-09-25 18:00:00;52.9;15.6;10.0;0.0;0.0;10.0;77.0;85.0
2018-09-25 19:00:00;66.1;1.2;20.0;0.0;160.0;10.0;74.0;81.0
2018-09-25 20:00:00;57.7;0.7;30.0;0.0;150.0;20.0;71.0;89.0
2018-09-25 21:00:00;53.9;5.7;40.0;0.0;180.0;20.0;61.0;86.0
2018-09-25 22:00:00;41.4;18.4;30.0;0.0;170.0;20.0;69.0;90.0
2018-09-25 23:00:00;35.9;18.5;40.0;0.0;170.0;20.0;55.0;77.0
2018-09-26 00:00:00;29.0;19.1;30.0;0.0;200.0;10.0;64.0;70.0
2018-09-26 01:00:00;32.1;13.6;40.0;0.0;190.0;20.0;52.0;68.0
2018-09-26 02:00:00;30.2;18.8;40.0;0.0;190.0;30.0;55.0;78.0
2018-09-26 03:00:00;28.1;20.3;30.0;0.0;180.0;20.0;59.0;70.0
2018-09-26 04:00:00;35.0;6.3;40.0;0.0;180.0;30.0;71.0;90.0
2018-09-26 05:00:00;47.4;1.5;70.0;0.0;190.0;30.0;76.0;96.0
2018-09-26 06:00:00;51.0;0.8;60.0;0.0;200.0;30.0;82.0;105.0
2018-09-26 07:00:00;45.6;7.1;80.0;0.0;220.0;40.0;73.0;129.0
2018-09-26 08:00:00;35.3;19.1;90.0;0.0;220.0;60.0;82.0;146.0
2018-09-26 09:00:00;25.0;34.5;90.0;0.0;210.0;50.0;89.0;158.0
2018-09-26 10:00:00;20.2;41.7;90.0;0.0;230.0;60.0;96.0;166.0
2018-09-26 11:00:00;18.7;47.3;100.0;0.0;230.0;60.0;104.0;174.0
2018-09-26 12:00:00;16.8;50.9;90.0;0.0;240.0;60.0;113.0;182.0
2018-09-26 13:00:00;15.1;56.8;100.0;0.0;220.0;60.0;92.0;179.0
2018-09-26 14:00:00;14.1;62.3;100.0;0.0;230.0;60.0;99.0;178.0
2018-09-26 15:00:00;16.0;60.5;100.0;0.0;230.0;60.0;92.0;172.0
2018-09-26 16:00:00;16.8;59.3;90.0;0.0;230.0;50.0;88.0;161.0
2018-09-26 17:00:00;17.6;55.7;70.0;0.0;260.0;30.0;98.0;143.0
2018-09-26 18:00:00;36.3;36.9;60.0;0.0;230.0;30.0;96.0;131.0
2018-09-26 19:00:00;31.5;41.2;50.0;0.0;220.0;30.0;94.0;120.0
2018-09-26 20:00:00;32.9;34.8;40.0;0.0;210.0;30.0;97.0;123.0
2018-09-26 21:00:00;33.2;30.3;40.0;0.0;230.0;20.0;96.0;119.0
2018-09-26 22:00:00;28.5;29.5;40.0;0.0;210.0;20.0;103.0;129.0
2018-09-26 23:00:00;33.2;22.1;30.0;0.0;190.0;20.0;104.0;118.0
2018-09-27 00:00:00;28.3;21.3;40.0;0.0;190.0;20.0;111.0;122.0
2018-09-27 01:00:00;43.4;5.5;30.0;0.0;170.0;20.0;106.0;117.0
2018-09-27 02:00:00;46.4;4.2;30.0;0.0;190.0;20.0;96.0;105.0
2018-09-27 03:00:00;47.9;3.2;30.0;0.0;200.0;20.0;94.0;101.0
2018-09-27 04:00:00;48.5;3.1;30.0;0.0;190.0;20.0;99.0;114.0
2018-09-27 05:00:00;50.2;0.5;50.0;0.0;190.0;20.0;96.0;114.0
2018-09-27 06:00:00;54.4;0.7;40.0;0.0;190.0;10.0;100.0;136.0
2018-09-27 07:00:00;55.6;2.4;40.0;0.0;190.0;20.0;100.0;155.0
2018-09-27 08:00:00;51.0;6.7;70.0;0.0;190.0;30.0;100.0;165.0
2018-09-27 09:00:00;42.2;18.1;60.0;0.0;210.0;40.0;93.0;181.0
2018-09-27 10:00:00;34.6;35.2;70.0;0.0;220.0;40.0;95.0;195.0
2018-09-27 11:00:00;27.3;48.4;90.0;0.0;200.0;40.0;77.0;201.0
2018-09-27 12:00:00;23.1;61.6;70.0;0.0;220.0;40.0;90.0;207.0
2018-09-27 13:00:00;21.4;63.5;70.0;0.0;250.0;40.0;88.0;201.0
2018-09-27 14:00:00;23.1;70.9;70.0;0.0;280.0;40.0;103.0;191.0
2018-09-27 15:00:00;27.1;69.1;70.0;0.0;250.0;40.0;93.0;179.0
2018-09-27 16:00:00;28.7;63.9;70.0;0.0;260.0;40.0;65.0;158.0
2018-09-27 17:00:00;21.2;76.0;40.0;0.0;240.0;20.0;68.0;126.0
2018-09-27 18:00:00;60.5;37.2;30.0;0.0;240.0;20.0;80.0;108.0
2018-09-27 19:00:00;52.9;47.5;50.0;0.0;220.0;20.0;86.0;99.0
2018-09-27 20:00:00;63.0;31.4;30.0;0.0;230.0;20.0;106.0;115.0
2018-09-27 21:00:00;48.3;37.7;30.0;0.0;240.0;20.0;119.0;128.0
2018-09-27 22:00:00;25.4;49.9;30.0;0.0;230.0;20.0;127.0;129.0
2018-09-27 23:00:00;21.4;45.5;20.0;0.0;230.0;10.0;122.0;125.0
2018-09-28 00:00:00;18.0;43.9;40.0;0.0;340.0;10.0;117.0;120.0
2018-09-28 01:00:00;41.8;20.6;80.0;0.0;20.0;40.0;128.0;146.0
2018-09-28 02:00:00;37.2;25.3;60.0;0.0;10.0;30.0;123.0;144.0
2018-09-28 03:00:00;20.1;34.7;80.0;0.0;30.0;40.0;118.0;141.0
2018-09-28 04:00:00;19.5;35.4;80.0;0.0;20.0;40.0;112.0;134.0
2018-09-28 05:00:00;23.1;34.3;80.0;0.0;30.0;40.0;95.0;133.0
2018-09-28 06:00:00;28.3;29.8;80.0;0.0;20.0;40.0;83.0;132.0
2018-09-28 07:00:00;38.6;21.8;80.0;0.0;30.0;50.0;80.0;132.0
2018-09-28 08:00:00;31.9;26.5;100.0;0.0;30.0;60.0;75.0;142.0
2018-09-28 09:00:00;27.9;30.3;100.0;0.0;40.0;60.0;65.0;146.0
2018-09-28 10:00:00;33.8;32.8;80.0;0.0;20.0;50.0;63.0;153.0
2018-09-28 11:00:00;22.5;36.9;80.0;0.0;20.0;50.0;75.0;148.0
2018-09-28 12:00:00;28.5;38.1;80.0;0.0;360.0;50.0;77.0;148.0
2018-09-28 13:00:00;25.6;40.8;100.0;0.0;30.0;50.0;68.0;152.0
2018-09-28 14:00:00;24.8;42.8;100.0;0.0;10.0;50.0;66.0;149.0
2018-09-28 15:00:00;22.3;45.9;100.0;0.0;20.0;50.0;58.0;143.0
2018-09-28 16:00:00;20.6;49.6;80.0;0.0;20.0;40.0;68.0;132.0
2018-09-28 17:00:00;22.2;45.3;70.0;0.0;30.0;40.0;62.0;118.0
2018-09-28 18:00:00;29.8;38.1;60.0;0.0;20.0;30.0;59.0;105.0
2018-09-28 19:00:00;21.8;42.8;60.0;0.0;30.0;30.0;53.0;96.0
2018-09-28 20:00:00;22.7;39.8;30.0;0.0;30.0;20.0;47.0;94.0
2018-09-28 21:00:00;21.2;39.6;20.0;0.0;40.0;20.0;45.0;80.0
2018-09-28 22:00:00;21.8;37.6;10.0;0.0;360.0;10.0;47.0;61.0
2018-09-28 23:00:00;36.7;19.6;10.0;0.0;320.0;10.0;43.0;46.0
2018-09-29 00:00:00;45.8;12.0;10.0;0.0;0.0;10.0;46.0;50.0
2018-09-29 01:00:00;51.0;3.3;10.0;0.0;0.0;0.0;46.0;50.0
2018-09-29 02:00:00;51.4;2.0;10.0;0.0;0.0;10.0;32.0;33.0
2018-09-29 03:00:00;34.0;12.9;10.0;0.0;0.0;10.0;32.0;36.0
2018-09-29 04:00:00;33.4;8.5;30.0;0.0;150.0;10.0;37.0;41.0
2018-09-29 05:00:00;39.2;6.2;30.0;0.0;330.0;10.0;28.0;32.0
2018-09-29 06:00:00;39.0;7.8;20.0;0.0;0.0;10.0;63.0;67.0
2018-09-29 07:00:00;41.8;2.3;10.0;0.0;350.0;0.0;27.0;101.0
2018-09-29 08:00:00;35.7;15.8;30.0;0.0;150.0;10.0;58.0;134.0
2018-09-29 09:00:00;19.5;38.2;50.0;0.0;150.0;30.0;48.0;137.0
2018-09-29 10:00:00;13.4;45.1;50.0;0.0;150.0;30.0;43.0;142.0
2018-09-29 11:00:00;11.1;48.2;70.0;0.0;90.0;20.0;42.0;151.0
2018-09-29 12:00:00;10.1;50.7;40.0;0.0;90.0;20.0;41.0;150.0
2018-09-29 13:00:00;10.5;52.6;50.0;0.0;90.0;20.0;44.0;151.0
2018-09-29 14:00:00;10.3;54.5;50.0;0.0;80.0;20.0;48.0;147.0
2018-09-29 15:00:00;13.4;51.5;40.0;0.0;70.0;20.0;45.0;137.0
2018-09-29 16:00:00;14.9;48.9;30.0;0.0;80.0;20.0;44.0;116.0
2018-09-29 17:00:00;13.9;49.7;30.0;0.0;110.0;20.0;49.0;106.0
2018-09-29 18:00:00;27.3;34.5;20.0;0.0;140.0;10.0;55.0;79.0
2018-09-29 19:00:00;43.4;14.4;10.0;0.0;0.0;0.0;60.0;70.0
2018-09-29 20:00:00;53.1;3.9;10.0;0.0;310.0;10.0;58.0;64.0
2018-09-29 21:00:00;51.2;5.2;10.0;0.0;0.0;10.0;53.0;57.0
2018-09-29 22:00:00;50.4;2.9;10.0;0.0;0.0;0.0;52.0;56.0
2018-09-29 23:00:00;48.7;1.4;10.0;0.0;0.0;10.0;49.0;53.0
2018-09-30 00:00:00;43.9;5.5;20.0;0.0;160.0;10.0;41.0;45.0
2018-09-30 01:00:00;50.4;1.9;20.0;0.0;0.0;10.0;41.0;45.0
2018-09-30 02:00:00;48.1;3.7;10.0;0.0;0.0;0.0;24.0;28.0
2018-09-30 03:00:00;40.1;5.6;20.0;0.0;0.0;10.0;26.0;26.0
2018-09-30 04:00:00;42.4;1.6;10.0;0.0;150.0;0.0;28.0;32.0
2018-09-30 05:00:00;36.9;2.5;50.0;0.0;160.0;10.0;43.0;47.0
2018-09-30 06:00:00;35.3;1.5;50.0;0.0;180.0;20.0;70.0;87.0
2018-09-30 07:00:00;36.1;3.7;50.0;0.0;200.0;30.0;79.0;122.0
2018-09-30 08:00:00;35.5;15.8;50.0;0.0;200.0;30.0;86.0;140.0
2018-09-30 09:00:00;28.5;25.3;40.0;0.0;230.0;20.0;100.0;157.0
2018-09-30 10:00:00;22.0;35.5;80.0;0.0;300.0;40.0;86.0;167.0
2018-09-30 11:00:00;13.4;54.6;70.0;0.0;270.0;40.0;87.0;169.0
2018-09-30 12:00:00;9.7;69.5;70.0;0.0;290.0;40.0;79.0;158.0
2018-09-30 13:00:00;13.6;69.8;80.0;0.0;290.0;50.0;89.0;152.0
2018-09-30 14:00:00;13.6;68.8;80.0;0.0;300.0;50.0;83.0;144.0
2018-09-30 15:00:00;17.8;64.5;70.0;0.0;290.0;30.0;75.0;133.0
2018-09-30 16:00:00;23.3;56.8;60.0;0.0;270.0;20.0;86.0;130.0
2018-09-30 17:00:00;33.4;44.2;50.0;0.0;280.0;30.0;102.0;126.0
2018-09-30 18:00:00;35.5;39.5;80.0;0.0;320.0;20.0;89.0;126.0
2018-09-30 19:00:00;30.8;38.8;70.0;0.0;330.0;40.0;71.0;121.0
2018-09-30 20:00:00;16.4;54.2;60.0;0.0;310.0;20.0;67.0;116.0
2018-09-30 21:00:00;16.2;52.6;50.0;0.0;330.0;20.0;66.0;112.0
2018-09-30 22:00:00;18.1;48.0;50.0;0.0;270.0;20.0;75.0;112.0
2018-09-30 23:00:00;16.8;45.5;70.0;7.0;310.0;30.0;84.0;96.0
2018-10-01 00:00:00;26.4;36.0;80.0;3.0;280.0;20.0;88.0;102.0
2018-10-01 01:00:00;23.9;40.8;80.0;9.0;250.0;30.0;87.0;95.0
2018-10-01 02:00:00;11.8;50.4;100.0;7.0;290.0;30.0;79.0;91.0
2018-10-01 03:00:00;20.4;37.6;70.0;0.0;300.0;20.0;71.0;87.0
2018-10-01 04:00:00;24.3;37.1;90.0;3.0;350.0;30.0;71.0;98.0
2018-10-01 05:00:00;30.9;32.0;50.0;0.0;340.0;30.0;69.0;102.0
2018-10-01 06:00:00;41.8;23.0;90.0;1.0;350.0;40.0;82.0;108.0
2018-10-01 07:00:00;35.9;28.5;110.0;2.0;360.0;40.0;73.0;104.0
2018-10-01 08:00:00;30.6;34.9;100.0;0.0;360.0;50.0;66.0;114.0
2018-10-01 09:00:00;25.0;41.0;120.0;0.0;340.0;70.0;53.0;130.0
2018-10-01 10:00:00;16.8;51.6;130.0;0.0;320.0;80.0;47.0;126.0
2018-10-01 11:00:00;14.1;56.9;160.0;0.0;340.0;80.0;68.0;110.0
2018-10-01 12:00:00;19.5;55.6;130.0;0.0;320.0;70.0;57.0;125.0
2018-10-01 13:00:00;16.6;58.4;150.0;0.0;310.0;80.0;58.0;127.0
2018-10-01 14:00:00;23.5;54.5;140.0;0.0;320.0;70.0;44.0;121.0
2018-10-01 15:00:00;20.6;55.5;140.0;0.0;310.0;70.0;53.0;108.0
2018-10-01 16:00:00;23.7;52.3;110.0;0.0;340.0;50.0;47.0;103.0
2018-10-01 17:00:00;23.9;49.8;120.0;5.0;340.0;40.0;61.0;89.0
2018-10-01 18:00:00;23.7;47.7;70.0;0.0;290.0;30.0;54.0;90.0
2018-10-01 19:00:00;21.6;49.2;60.0;4.0;290.0;30.0;61.0;93.0
2018-10-01 20:00:00;23.5;46.8;50.0;0.0;290.0;20.0;46.0;85.0
2018-10-01 21:00:00;13.0;57.1;40.0;0.0;270.0;20.0;40.0;89.0
2018-10-01 22:00:00;12.2;53.4;30.0;0.0;250.0;20.0;55.0;88.0
2018-10-01 23:00:00;33.4;33.4;30.0;0.0;220.0;20.0;67.0;90.0
2018-10-02 00:00:00;15.5;44.4;70.0;9.0;210.0;30.0;72.0;91.0
2018-10-02 01:00:00;8.2;48.0;70.0;9.0;190.0;40.0;75.0;94.0
2018-10-02 02:00:00;12.0;37.2;70.0;7.0;190.0;40.0;87.0;95.0
2018-10-02 03:00:00;13.4;32.1;90.0;0.0;200.0;60.0;87.0;100.0
2018-10-02 04:00:00;17.2;26.6;110.0;8.0;230.0;70.0;89.0;102.0
2018-10-02 05:00:00;21.4;28.1;110.0;10.0;240.0;70.0;94.0;104.0
2018-10-02 06:00:00;24.1;26.0;120.0;6.0;240.0;70.0;93.0;107.0
2018-10-02 07:00:00;20.4;32.2;110.0;10.0;240.0;70.0;115.0;118.0
2018-10-02 08:00:00;19.7;33.9;100.0;8.0;270.0;60.0;122.0;134.0
2018-10-02 09:00:00;16.2;36.5;90.0;10.0;270.0;50.0;132.0;142.0
2018-10-02 10:00:00;38.4;17.9;110.0;2.0;290.0;60.0;126.0;154.0
2018-10-02 11:00:00;33.2;23.8;110.0;0.0;290.0;70.0;122.0;158.0
2018-10-02 12:00:00;24.3;23.8;140.0;0.0;280.0;80.0;119.0;165.0
2018-10-02 13:00:00;25.2;23.8;130.0;0.0;300.0;80.0;105.0;167.0
2018-10-02 14:00:00;23.5;48.3;130.0;0.0;300.0;80.0;99.0;159.0
2018-10-02 15:00:00;25.2;50.0;110.0;0.0;300.0;50.0;92.0;152.0
2018-10-02 16:00:00;24.1;52.5;90.0;0.0;290.0;40.0;100.0;141.0
2018-10-02 17:00:00;24.8;51.6;50.0;0.0;260.0;30.0;97.0;127.0
2018-10-02 18:00:00;39.0;36.3;40.0;0.0;270.0;20.0;97.0;125.0
2018-10-02 19:00:00;71.1;11.2;40.0;0.0;290.0;30.0;92.0;114.0
2018-10-02 20:00:00;66.3;13.8;30.0;0.0;290.0;20.0;100.0;127.0
2018-10-02 21:00:00;62.3;16.6;40.0;0.0;290.0;20.0;90.0;115.0
2018-10-02 22:00:00;33.8;42.5;30.0;0.0;290.0;20.0;91.0;112.0
2018-10-02 23:00:00;28.3;43.4;80.0;0.0;290.0;30.0;88.0;126.0
2018-10-03 00:00:00;12.6;55.2;70.0;0.0;290.0;40.0;80.0;125.0
2018-10-03 01:00:00;10.9;53.2;70.0;0.0;290.0;40.0;79.0;120.0
2018-10-03 02:00:00;11.3;50.6;70.0;0.0;310.0;40.0;83.0;125.0
2018-10-03 03:00:00;11.5;50.5;80.0;0.0;300.0;40.0;73.0;121.0
2018-10-03 04:00:00;12.2;50.5;70.0;0.0;280.0;30.0;72.0;117.0
2018-10-03 05:00:00;19.3;46.6;50.0;0.0;290.0;30.0;66.0;113.0
2018-10-03 06:00:00;39.9;28.5;50.0;0.0;300.0;30.0;77.0;129.0
2018-10-03 07:00:00;37.4;33.9;70.0;0.0;310.0;30.0;79.0;141.0
2018-10-03 08:00:00;35.1;36.1;70.0;0.0;280.0;40.0;74.0;152.0
2018-10-03 09:00:00;20.2;48.5;80.0;0.0;290.0;50.0;80.0;155.0
2018-10-03 10:00:00;15.1;55.6;70.0;0.0;310.0;40.0;63.0;152.0
2018-10-03 11:00:00;17.8;54.1;70.0;0.0;290.0;40.0;84.0;153.0
2018-10-03 12:00:00;26.0;44.2;80.0;0.0;290.0;40.0;76.0;156.0
2018-10-03 13:00:00;27.1;46.5;70.0;0.0;290.0;50.0;80.0;145.0
2018-10-03 14:00:00;19.5;53.8;80.0;0.0;270.0;40.0;80.0;147.0
2018-10-03 15:00:00;9.7;64.6;80.0;0.0;270.0;50.0;81.0;141.0
2018-10-03 16:00:00;15.1;57.7;70.0;0.0;270.0;30.0;80.0;123.0
2018-10-03 17:00:00;30.8;43.4;40.0;0.0;260.0;20.0;91.0;122.0
2018-10-03 18:00:00;29.6;39.6;30.0;0.0;220.0;20.0;98.0;128.0
2018-10-03 19:00:00;27.5;34.6;50.0;0.0;220.0;30.0;107.0;137.0
2018-10-03 20:00:00;17.8;37.8;70.0;0.0;210.0;40.0;117.0;138.0
2018-10-03 21:00:00;15.3;36.1;60.0;0.0;210.0;40.0;121.0;140.0
2018-10-03 22:00:00;22.2;24.0;50.0;0.0;220.0;30.0;124.0;143.0
2018-10-03 23:00:00;26.0;17.5;50.0;0.0;210.0;40.0;123.0;143.0
2018-10-04 00:00:00;27.1;14.8;60.0;0.0;220.0;40.0;120.0;142.0
2018-10-04 01:00:00;21.4;18.1;70.0;0.0;220.0;40.0;122.0;142.0
2018-10-04 02:00:00;20.6;16.9;50.0;0.0;220.0;30.0;125.0;144.0
2018-10-04 03:00:00;22.9;12.8;60.0;0.0;200.0;30.0;129.0;143.0
2018-10-04 04:00:00;31.3;5.7;50.0;0.0;200.0;30.0;131.0;144.0
2018-10-04 05:00:00;31.3;4.4;80.0;0.0;190.0;40.0;129.0;145.0
2018-10-04 06:00:00;34.0;2.4;60.0;0.0;190.0;40.0;126.0;145.0
2018-10-04 07:00:00;30.0;7.0;70.0;0.0;210.0;40.0;122.0;153.0
2018-10-04 08:00:00;27.9;13.2;70.0;0.0;230.0;50.0;123.0;158.0
2018-10-04 09:00:00;22.5;22.2;90.0;0.0;210.0;50.0;127.0;169.0
2018-10-04 10:00:00;17.4;32.1;90.0;0.0;210.0;60.0;129.0;185.0
2018-10-04 11:00:00;14.1;40.5;110.0;0.0;210.0;60.0;128.0;175.0
2018-10-04 12:00:00;14.5;45.8;90.0;0.0;220.0;60.0;129.0;178.0
2018-10-04 13:00:00;17.2;44.5;100.0;0.0;220.0;60.0;130.0;173.0
2018-10-04 14:00:00;17.2;42.1;80.0;0.0;220.0;50.0;135.0;172.0
2018-10-04 15:00:00;22.3;36.0;80.0;0.0;230.0;50.0;132.0;170.0
2018-10-04 16:00:00;26.0;31.0;60.0;0.0;200.0;40.0;128.0;161.0
2018-10-04 17:00:00;26.0;29.8;80.0;0.0;200.0;30.0;121.0;143.0
2018-10-04 18:00:00;33.4;19.2;30.0;0.0;190.0;20.0;112.0;128.0
2018-10-04 19:00:00;44.7;5.8;30.0;0.0;160.0;20.0;112.0;118.0
2018-10-04 20:00:00;43.2;1.2;40.0;0.0;170.0;20.0;121.0;132.0
2018-10-04 21:00:00;38.8;1.5;30.0;0.0;180.0;20.0;117.0;124.0
2018-10-04 22:00:00;43.0;3.8;40.0;0.0;170.0;30.0;111.0;121.0
2018-10-04 23:00:00;41.4;1.3;30.0;0.0;180.0;20.0;104.0;110.0
2018-10-05 00:00:00;41.4;2.2;30.0;0.0;170.0;20.0;102.0;110.0
2018-10-05 01:00:00;35.7;4.7;40.0;0.0;180.0;30.0;100.0;107.0
2018-10-05 02:00:00;28.8;14.4;30.0;0.0;150.0;20.0;98.0;105.0
2018-10-05 03:00:00;23.3;14.8;30.0;0.0;160.0;20.0;98.0;104.0
2018-10-05 04:00:00;31.3;3.7;20.0;0.0;140.0;10.0;86.0;89.0
2018-10-05 05:00:00;35.0;1.5;60.0;0.0;160.0;30.0;96.0;104.0
2018-10-05 06:00:00;39.2;0.5;40.0;0.0;160.0;20.0;102.0;119.0
2018-10-05 07:00:00;41.8;1.5;50.0;0.0;180.0;30.0;108.0;140.0
2018-10-05 08:00:00;39.3;5.7;70.0;0.0;180.0;40.0;108.0;156.0
2018-10-05 09:00:00;39.0;13.1;90.0;0.0;190.0;40.0;109.0;172.0
2018-10-05 10:00:00;30.6;28.4;60.0;0.0;180.0;40.0;114.0;184.0
2018-10-05 11:00:00;29.8;32.7;80.0;0.0;180.0;40.0;110.0;189.0
2018-10-05 12:00:00;33.2;33.0;60.0;0.0;180.0;30.0;111.0;198.0
2018-10-05 13:00:00;38.0;42.4;70.0;0.0;180.0;40.0;110.0;204.0
2018-10-05 14:00:00;43.2;47.4;60.0;0.0;180.0;40.0;107.0;202.0
2018-10-05 15:00:00;45.1;49.3;60.0;0.0;200.0;30.0;103.0;196.0
2018-10-05 16:00:00;30.6;57.7;60.0;0.0;220.0;20.0;106.0;165.0
2018-10-05 17:00:00;49.1;32.0;30.0;0.0;350.0;10.0;96.0;130.0
2018-10-05 18:00:00;80.4;2.0;20.0;0.0;0.0;10.0;111.0;122.0
2018-10-05 19:00:00;70.7;1.3;10.0;0.0;0.0;0.0;107.0;112.0
2018-10-05 20:00:00;66.3;1.0;20.0;0.0;120.0;10.0;97.0;102.0
2018-10-05 21:00:00;59.4;1.2;20.0;0.0;0.0;10.0;99.0;104.0
2018-10-05 22:00:00;57.1;0.8;10.0;0.0;140.0;10.0;91.0;94.0
2018-10-05 23:00:00;59.0;0.6;20.0;0.0;140.0;10.0;91.0;94.0
2018-10-06 00:00:00;55.2;0.4;20.0;0.0;160.0;10.0;97.0;102.0
2018-10-06 01:00:00;48.9;0.4;20.0;0.0;150.0;10.0;89.0;94.0
2018-10-06 02:00:00;45.3;0.4;20.0;0.0;160.0;10.0;86.0;91.0
2018-10-06 03:00:00;45.3;0.4;20.0;0.0;130.0;20.0;94.0;97.0
2018-10-06 04:00:00;49.3;0.4;20.0;0.0;150.0;10.0;86.0;89.0
2018-10-06 05:00:00;49.5;0.2;60.0;0.0;150.0;20.0;99.0;102.0
2018-10-06 06:00:00;47.4;0.8;40.0;0.0;170.0;20.0;106.0;120.0
2018-10-06 07:00:00;41.8;2.4;50.0;0.0;200.0;30.0;111.0;139.0
2018-10-06 08:00:00;37.6;9.4;50.0;0.0;210.0;30.0;120.0;159.0
2018-10-06 09:00:00;36.1;16.7;60.0;0.0;230.0;30.0;128.0;177.0
2018-10-06 10:00:00;29.2;29.0;50.0;0.0;260.0;30.0;127.0;183.0
2018-10-06 11:00:00;23.5;37.1;50.0;0.0;290.0;30.0;127.0;194.0
2018-10-06 12:00:00;24.8;42.2;60.0;0.0;290.0;30.0;120.0;201.0
2018-10-06 13:00:00;25.2;58.9;50.0;0.0;290.0;30.0;120.0;194.0
2018-10-06 14:00:00;44.7;41.9;40.0;0.0;350.0;20.0;131.0;185.0
2018-10-06 15:00:00;48.1;42.2;40.0;0.0;350.0;20.0;137.0;166.0
2018-10-06 16:00:00;57.7;34.2;40.0;0.0;330.0;20.0;141.0;157.0
2018-10-06 17:00:00;54.2;30.9;50.0;4.0;350.0;20.0;143.0;155.0
2018-10-06 18:00:00;52.9;28.6;70.0;3.0;360.0;40.0;137.0;152.0
2018-10-06 19:00:00;57.5;14.9;70.0;6.0;10.0;40.0;129.0;144.0
2018-10-06 20:00:00;39.0;28.8;70.0;0.0;10.0;40.0;131.0;143.0
2018-10-06 21:00:00;23.9;42.9;120.0;3.0;10.0;60.0;122.0;131.0
2018-10-06 22:00:00;22.0;40.1;120.0;3.0;10.0;70.0;108.0;118.0
2018-10-06 23:00:00;13.4;48.2;120.0;0.0;20.0;70.0;94.0;114.0
2018-10-07 00:00:00;9.7;53.8;120.0;0.0;20.0;60.0;89.0;111.0
2018-10-07 01:00:00;11.8;52.6;100.0;0.0;20.0;60.0;85.0;112.0
2018-10-07 02:00:00;12.4;51.2;110.0;0.0;20.0;60.0;79.0;107.0
2018-10-07 03:00:00;12.4;49.6;80.0;0.0;10.0;40.0;78.0;101.0
2018-10-07 04:00:00;12.4;47.9;60.0;0.0;10.0;30.0;74.0;97.0
2018-10-07 05:00:00;18.3;41.7;60.0;0.0;10.0;30.0;64.0;92.0
2018-10-07 06:00:00;15.3;46.1;40.0;0.0;20.0;20.0;70.0;102.0
2018-10-07 07:00:00;18.0;43.1;60.0;0.0;40.0;30.0;75.0;117.0
2018-10-07 08:00:00;21.6;41.3;60.0;0.0;40.0;40.0;76.0;119.0
2018-10-07 09:00:00;13.9;51.1;70.0;0.0;50.0;40.0;83.0;122.0
2018-10-07 10:00:00;11.5;53.1;70.0;0.0;40.0;40.0;73.0;134.0
2018-10-07 11:00:00;11.7;52.0;70.0;0.0;60.0;40.0;73.0;144.0
2018-10-07 12:00:00;13.2;54.3;70.0;0.0;40.0;40.0;70.0;143.0
2018-10-07 13:00:00;10.5;58.9;70.0;0.0;50.0;30.0;69.0;137.0
2018-10-07 14:00:00;9.4;59.8;50.0;0.0;50.0;30.0;69.0;128.0
2018-10-07 15:00:00;11.3;58.1;40.0;0.0;60.0;20.0;66.0;124.0
2018-10-07 16:00:00;15.1;54.0;30.0;0.0;60.0;20.0;61.0;118.0
2018-10-07 17:00:00;23.1;42.4;20.0;0.0;0.0;10.0;69.0;85.0
2018-10-07 18:00:00;46.4;23.2;10.0;0.0;320.0;0.0;69.0;77.0
2018-10-07 19:00:00;51.8;14.6;10.0;0.0;0.0;0.0;68.0;72.0
2018-10-07 20:00:00;52.1;9.0;10.0;0.0;290.0;10.0;56.0;60.0
2018-10-07 21:00:00;48.1;7.9;10.0;0.0;0.0;0.0;59.0;63.0
2018-10-07 22:00:00;52.0;1.6;20.0;0.0;160.0;10.0;61.0;65.0
2018-10-07 23:00:00;43.2;5.7;10.0;0.0;0.0;10.0;46.0;49.0
2018-10-08 00:00:00;47.2;0.8;10.0;0.0;0.0;0.0;54.0;54.0
2018-10-08 01:00:00;46.2;1.6;10.0;0.0;160.0;10.0;56.0;59.0
2018-10-08 02:00:00;37.4;7.7;20.0;0.0;170.0;10.0;69.0;73.0
2018-10-08 03:00:00;27.7;20.4;30.0;0.0;190.0;20.0;64.0;68.0
2018-10-08 04:00:00;24.6;22.1;50.0;0.0;180.0;30.0;69.0;75.0
2018-10-08 05:00:00;34.0;13.3;70.0;0.0;190.0;30.0;76.0;88.0
2018-10-08 06:00:00;41.6;4.7;50.0;0.0;180.0;30.0;88.0;105.0
2018-10-08 07:00:00;46.6;5.1;60.0;0.0;190.0;40.0;91.0;122.0
2018-10-08 08:00:00;38.4;14.9;80.0;0.0;220.0;40.0;92.0;139.0
2018-10-08 09:00:00;24.4;38.0;70.0;0.0;220.0;50.0;100.0;151.0
2018-10-08 10:00:00;19.9;45.3;80.0;0.0;240.0;50.0;86.0;166.0
2018-10-08 11:00:00;18.0;45.4;80.0;0.0;230.0;50.0;90.0;161.0
2018-10-08 12:00:00;15.1;48.8;80.0;0.0;250.0;50.0;85.0;148.0
2018-10-08 13:00:00;14.9;51.1;70.0;0.0;250.0;50.0;92.0;153.0
2018-10-08 14:00:00;21.2;44.8;70.0;0.0;230.0;50.0;96.0;149.0
2018-10-08 15:00:00;17.4;49.5;80.0;0.0;250.0;40.0;100.0;142.0
2018-10-08 16:00:00;13.6;53.9;70.0;0.0;220.0;40.0;95.0;128.0
2018-10-08 17:00:00;16.6;47.6;60.0;0.0;250.0;30.0;95.0;117.0
2018-10-08 18:00:00;28.1;33.4;40.0;0.0;230.0;30.0;84.0;99.0
2018-10-08 19:00:00;45.1;13.1;40.0;0.0;210.0;20.0;90.0;102.0
2018-10-08 20:00:00;35.7;24.0;40.0;0.0;190.0;20.0;97.0;112.0
2018-10-08 21:00:00;27.7;28.9;30.0;0.0;170.0;20.0;89.0;97.0
2018-10-08 22:00:00;21.8;31.2;40.0;0.0;200.0;30.0;93.0;101.0
2018-10-08 23:00:00;21.4;26.2;50.0;0.0;190.0;30.0;101.0;109.0
2018-10-09 00:00:00;33.6;14.6;50.0;0.0;190.0;30.0;102.0;111.0
2018-10-09 01:00:00;37.1;10.0;40.0;0.0;180.0;30.0;100.0;109.0
2018-10-09 02:00:00;46.0;3.3;40.0;0.0;180.0;30.0;97.0;105.0
2018-10-09 03:00:00;45.1;4.7;40.0;0.0;180.0;30.0;97.0;105.0
2018-10-09 04:00:00;38.0;6.5;50.0;0.0;190.0;30.0;93.0;101.0
2018-10-09 05:00:00;40.9;1.2;80.0;0.0;190.0;30.0;94.0;102.0
2018-10-09 06:00:00;47.8;1.2;60.0;0.0;180.0;30.0;97.0;109.0
2018-10-09 07:00:00;44.1;5.1;40.0;0.0;190.0;30.0;111.0;129.0
2018-10-09 08:00:00;39.0;10.1;60.0;0.0;220.0;40.0;112.0;145.0
2018-10-09 09:00:00;32.9;23.3;60.0;0.0;200.0;40.0;113.0;158.0
2018-10-09 10:00:00;23.1;41.7;60.0;0.0;180.0;40.0;113.0;165.0
2018-10-09 11:00:00;18.5;50.3;60.0;0.0;170.0;40.0;100.0;170.0
2018-10-09 12:00:00;14.1;56.1;60.0;0.0;180.0;40.0;95.0;176.0
2018-10-09 13:00:00;17.8;55.3;70.0;0.0;180.0;40.0;93.0;180.0
2018-10-09 14:00:00;21.6;57.6;70.0;0.0;180.0;40.0;84.0;177.0
2018-10-09 15:00:00;24.4;52.8;60.0;0.0;170.0;20.0;95.0;171.0
2018-10-09 16:00:00;32.1;42.9;30.0;0.0;170.0;20.0;99.0;154.0
2018-10-09 17:00:00;49.7;21.6;40.0;0.0;150.0;10.0;97.0;125.0
2018-10-09 18:00:00;69.9;2.2;30.0;0.0;160.0;20.0;98.0;111.0
2018-10-09 19:00:00;65.7;1.2;30.0;0.0;150.0;20.0;81.0;124.0
2018-10-09 20:00:00;69.5;3.6;30.0;0.0;150.0;10.0;81.0;100.0
2018-10-09 21:00:00;60.0;10.9;20.0;0.0;60.0;10.0;84.0;96.0
2018-10-09 22:00:00;58.8;7.4;10.0;0.0;160.0;10.0;80.0;85.0
2018-10-09 23:00:00;65.5;0.8;10.0;0.0;220.0;0.0;82.0;86.0
2018-10-10 00:00:00;65.7;0.7;10.0;0.0;80.0;10.0;74.0;77.0
2018-10-10 01:00:00;58.6;0.9;10.0;0.0;50.0;10.0;72.0;75.0
2018-10-10 02:00:00;54.2;0.8;20.0;0.0;20.0;10.0;64.0;67.0
2018-10-10 03:00:00;48.9;0.9;20.0;0.0;50.0;10.0;77.0;80.0
2018-10-10 04:00:00;45.5;0.8;20.0;0.0;40.0;20.0;86.0;89.0
2018-10-10 05:00:00;44.9;0.9;20.0;0.0;80.0;10.0;63.0;67.0
2018-10-10 06:00:00;50.0;1.2;30.0;0.0;70.0;20.0;95.0;97.0
2018-10-10 07:00:00;54.4;1.2;50.0;0.0;100.0;20.0;112.0;128.0
2018-10-10 08:00:00;57.3;1.7;70.0;0.0;110.0;30.0;126.0;156.0
2018-10-10 09:00:00;55.0;4.3;80.0;0.0;100.0;50.0;133.0;177.0
2018-10-10 10:00:00;48.9;13.0;80.0;0.0;90.0;50.0;132.0;195.0
2018-10-10 11:00:00;43.4;24.1;100.0;0.0;100.0;60.0;128.0;213.0
2018-10-10 12:00:00;35.0;41.7;110.0;0.0;100.0;60.0;123.0;223.0
2018-10-10 13:00:00;27.3;53.6;80.0;0.0;90.0;60.0;116.0;227.0
2018-10-10 14:00:00;24.3;61.3;100.0;0.0;90.0;60.0;117.0;224.0
2018-10-10 15:00:00;30.4;61.3;90.0;0.0;90.0;50.0;112.0;215.0
2018-10-10 16:00:00;38.2;57.5;70.0;0.0;90.0;50.0;108.0;195.0
2018-10-10 17:00:00;36.1;54.4;70.0;0.0;90.0;40.0;111.0;188.0
2018-10-10 18:00:00;43.7;40.0;60.0;0.0;80.0;30.0;101.0;147.0
2018-10-10 19:00:00;52.9;26.4;50.0;0.0;90.0;20.0;112.0;145.0
2018-10-10 20:00:00;51.2;26.8;50.0;0.0;110.0;30.0;113.0;160.0
2018-10-10 21:00:00;50.4;22.9;70.0;0.0;120.0;40.0;117.0;164.0
2018-10-10 22:00:00;43.2;25.4;70.0;0.0;150.0;40.0;119.0;166.0
2018-10-10 23:00:00;34.2;26.7;70.0;0.0;140.0;40.0;119.0;160.0
2018-10-11 00:00:00;32.5;23.6;50.0;0.0;130.0;30.0;120.0;157.0
2018-10-11 01:00:00;38.0;16.9;70.0;0.0;150.0;40.0;119.0;150.0
2018-10-11 02:00:00;26.2;20.9;60.0;0.0;150.0;30.0;118.0;144.0
2018-10-11 03:00:00;37.4;10.6;60.0;0.0;120.0;30.0;121.0;152.0
2018-10-11 04:00:00;30.6;13.5;60.0;0.0;150.0;30.0;122.0;154.0
2018-10-11 05:00:00;32.7;11.0;110.0;0.0;170.0;60.0;119.0;177.0
2018-10-11 06:00:00;31.9;17.6;90.0;0.0;160.0;60.0;123.0;182.0
2018-10-11 07:00:00;26.7;29.8;80.0;0.0;170.0;50.0;129.0;177.0
2018-10-11 08:00:00;28.3;24.2;80.0;6.0;170.0;40.0;139.0;171.0
2018-10-11 09:00:00;34.0;16.7;70.0;0.0;180.0;40.0;145.0;177.0
2018-10-11 10:00:00;32.5;23.6;90.0;0.0;160.0;50.0;148.0;199.0
2018-10-11 11:00:00;25.2;45.3;110.0;0.0;150.0;50.0;144.0;213.0
2018-10-11 12:00:00;23.3;45.0;90.0;0.0;160.0;60.0;143.0;226.0
2018-10-11 13:00:00;23.7;46.2;90.0;0.0;150.0;60.0;142.0;234.0
2018-10-11 14:00:00;23.9;49.6;100.0;0.0;150.0;60.0;136.0;234.0
2018-10-11 15:00:00;26.9;52.7;100.0;0.0;150.0;60.0;134.0;227.0
2018-10-11 16:00:00;26.5;57.2;80.0;0.0;150.0;50.0;132.0;214.0
2018-10-11 17:00:00;26.4;52.6;90.0;0.0;160.0;40.0;134.0;207.0
2018-10-11 18:00:00;35.3;38.8;80.0;0.0;150.0;40.0;137.0;202.0
2018-10-11 19:00:00;34.8;36.8;80.0;0.0;150.0;50.0;139.0;203.0
2018-10-11 20:00:00;29.0;34.3;90.0;0.0;160.0;50.0;138.0;202.0
2018-10-11 21:00:00;30.0;29.2;100.0;0.0;190.0;60.0;136.0;195.0
2018-10-11 22:00:00;23.7;37.2;140.0;2.0;190.0;60.0;146.0;177.0
2018-10-11 23:00:00;15.9;44.0;130.0;5.0;170.0;60.0;151.0;169.0
2018-10-12 00:00:00;9.4;48.7;100.0;0.0;190.0;60.0;154.0;174.0
2018-10-12 01:00:00;11.1;43.5;110.0;0.0;200.0;60.0;143.0;165.0
2018-10-12 02:00:00;8.8;44.7;100.0;0.0;200.0;60.0;133.0;154.0
2018-10-12 03:00:00;7.3;48.2;80.0;0.0;200.0;50.0;130.0;147.0
2018-10-12 04:00:00;13.8;39.2;80.0;0.0;190.0;50.0;128.0;144.0
2018-10-12 05:00:00;15.5;39.0;80.0;0.0;190.0;40.0;129.0;146.0
2018-10-12 06:00:00;15.3;36.4;100.0;0.0;170.0;50.0;130.0;148.0
2018-10-12 07:00:00;18.3;30.4;90.0;0.0;180.0;60.0;134.0;156.0
2018-10-12 08:00:00;25.4;26.1;100.0;0.0;190.0;60.0;139.0;168.0
2018-10-12 09:00:00;19.3;36.4;100.0;0.0;180.0;60.0;148.0;184.0
2018-10-12 10:00:00;14.7;40.1;110.0;0.0;180.0;60.0;149.0;196.0
2018-10-12 11:00:00;20.2;39.1;130.0;0.0;190.0;70.0;136.0;211.0
2018-10-12 12:00:00;14.3;49.5;110.0;0.0;180.0;60.0;123.0;218.0
2018-10-12 13:00:00;17.4;51.7;110.0;0.0;170.0;60.0;128.0;220.0
2018-10-12 14:00:00;20.2;47.2;90.0;0.0;160.0;50.0;139.0;217.0
2018-10-12 15:00:00;27.9;40.8;100.0;0.0;160.0;50.0;149.0;216.0
2018-10-12 16:00:00;26.4;40.3;100.0;0.0;170.0;50.0;156.0;209.0
2018-10-12 17:00:00;27.5;39.5;80.0;0.0;170.0;50.0;160.0;204.0
2018-10-12 18:00:00;22.9;39.6;80.0;0.0;170.0;50.0;161.0;205.0
2018-10-12 19:00:00;30.6;29.4;80.0;0.0;170.0;60.0;159.0;200.0
2018-10-12 20:00:00;23.3;31.9;80.0;0.0;170.0;50.0;157.0;194.0
2018-10-12 21:00:00;22.2;36.6;60.0;0.0;190.0;40.0;154.0;191.0
2018-10-12 22:00:00;21.2;34.3;60.0;0.0;190.0;40.0;152.0;190.0
2018-10-12 23:00:00;20.2;33.6;70.0;0.0;180.0;40.0;151.0;186.0
2018-10-13 00:00:00;18.7;36.6;70.0;0.0;160.0;40.0;148.0;176.0
2018-10-13 01:00:00;18.5;29.8;70.0;0.0;170.0;50.0;146.0;177.0
2018-10-13 02:00:00;20.4;24.4;60.0;0.0;170.0;40.0;144.0;171.0
2018-10-13 03:00:00;24.6;23.3;70.0;0.0;160.0;40.0;142.0;171.0
2018-10-13 04:00:00;23.7;20.3;80.0;0.0;170.0;50.0;141.0;169.0
2018-10-13 05:00:00;21.0;21.2;90.0;0.0;160.0;40.0;140.0;166.0
2018-10-13 06:00:00;20.4;21.1;70.0;0.0;170.0;40.0;145.0;178.0
2018-10-13 07:00:00;18.9;23.5;70.0;0.0;160.0;40.0;149.0;189.0
2018-10-13 08:00:00;18.3;25.6;70.0;0.0;160.0;50.0;153.0;207.0
2018-10-13 09:00:00;18.5;29.4;80.0;0.0;160.0;50.0;160.0;224.0
2018-10-13 10:00:00;21.2;34.1;90.0;0.0;170.0;60.0;162.0;237.0
2018-10-13 11:00:00;15.7;44.8;110.0;0.0;180.0;60.0;165.0;251.0
2018-10-13 12:00:00;16.4;50.4;110.0;0.0;170.0;60.0;161.0;251.0
2018-10-13 13:00:00;16.2;56.6;100.0;0.0;170.0;60.0;161.0;254.0
2018-10-13 14:00:00;16.4;62.2;90.0;0.0;160.0;60.0;166.0;254.0
2018-10-13 15:00:00;16.6;63.2;90.0;0.0;150.0;50.0;159.0;242.0
2018-10-13 16:00:00;18.5;60.5;100.0;0.0;160.0;40.0;157.0;229.0
2018-10-13 17:00:00;21.0;57.0;80.0;0.0;160.0;40.0;149.0;222.0
2018-10-13 18:00:00;19.5;55.9;70.0;0.0;170.0;40.0;148.0;211.0
2018-10-13 19:00:00;20.4;47.7;60.0;0.0;160.0;30.0;146.0;204.0
2018-10-13 20:00:00;28.5;35.5;50.0;0.0;160.0;40.0;145.0;204.0
2018-10-13 21:00:00;26.9;34.8;60.0;0.0;160.0;40.0;141.0;199.0
2018-10-13 22:00:00;18.9;38.5;60.0;0.0;160.0;40.0;138.0;190.0
2018-10-13 23:00:00;20.6;34.3;60.0;0.0;150.0;40.0;133.0;192.0
2018-10-14 00:00:00;21.4;31.4;70.0;0.0;160.0;40.0;131.0;187.0
2018-10-14 01:00:00;18.1;34.1;70.0;0.0;150.0;40.0;128.0;176.0
2018-10-14 02:00:00;18.0;32.6;60.0;0.0;160.0;40.0;126.0;167.0
2018-10-14 03:00:00;22.0;28.8;50.0;0.0;150.0;30.0;126.0;163.0
2018-10-14 04:00:00;19.7;30.0;50.0;0.0;150.0;30.0;124.0;161.0
2018-10-14 05:00:00;18.1;27.5;60.0;0.0;150.0;40.0;123.0;164.0
2018-10-14 06:00:00;24.1;22.5;80.0;0.0;150.0;40.0;121.0;171.0
2018-10-14 07:00:00;19.1;28.9;80.0;0.0;160.0;40.0;124.0;179.0
2018-10-14 08:00:00;12.8;39.1;90.0;0.0;170.0;50.0;129.0;191.0
2018-10-14 09:00:00;12.0;42.0;110.0;0.0;170.0;60.0;133.0;201.0
2018-10-14 10:00:00;13.4;47.4;110.0;0.0;170.0;60.0;134.0;216.0
2018-10-14 11:00:00;14.5;52.9;110.0;0.0;170.0;70.0;134.0;233.0
2018-10-14 12:00:00;13.4;61.3;130.0;0.0;180.0;80.0;130.0;231.0
2018-10-14 13:00:00;11.3;71.8;110.0;0.0;170.0;60.0;129.0;223.0
2018-10-14 14:00:00;14.1;67.7;80.0;0.0;180.0;40.0;124.0;232.0
2018-10-14 15:00:00;13.8;73.1;110.0;0.0;170.0;40.0;127.0;225.0
2018-10-14 16:00:00;13.9;70.9;50.0;0.0;150.0;30.0;124.0;207.0
2018-10-14 17:00:00;23.7;53.4;30.0;0.0;150.0;20.0;130.0;175.0
2018-10-14 18:00:00;51.2;25.1;50.0;0.0;150.0;20.0;128.0;183.0
2018-10-14 19:00:00;59.2;11.4;40.0;0.0;140.0;10.0;139.0;170.0
2018-10-14 20:00:00;61.3;7.2;30.0;0.0;150.0;20.0;126.0;156.0
2018-10-14 21:00:00;47.2;19.8;20.0;0.0;130.0;10.0;127.0;149.0
2018-10-14 22:00:00;44.9;18.6;10.0;0.0;0.0;10.0;123.0;139.0
2018-10-14 23:00:00;51.4;9.9;20.0;0.0;120.0;10.0;112.0;132.0
2018-10-15 00:00:00;59.2;3.8;20.0;0.0;0.0;10.0;114.0;128.0
2018-10-15 01:00:00;45.6;10.5;30.0;0.0;140.0;10.0;105.0;128.0
2018-10-15 02:00:00;40.9;10.5;40.0;0.0;150.0;30.0;105.0;157.0
2018-10-15 03:00:00;35.7;15.2;50.0;0.0;140.0;20.0;103.0;131.0
2018-10-15 04:00:00;37.6;12.2;20.0;0.0;160.0;10.0;101.0;125.0
2018-10-15 05:00:00;46.8;5.1;60.0;0.0;150.0;20.0;101.0;126.0
2018-10-15 06:00:00;53.1;1.7;50.0;0.0;160.0;30.0;104.0;155.0
2018-10-15 07:00:00;51.2;5.7;60.0;0.0;170.0;40.0;111.0;172.0
2018-10-15 08:00:00;36.5;20.0;70.0;0.0;180.0;40.0;118.0;186.0
2018-10-15 09:00:00;35.3;25.5;100.0;0.0;190.0;50.0;129.0;209.0
2018-10-15 10:00:00;25.2;42.7;120.0;0.0;190.0;60.0;136.0;216.0
2018-10-15 11:00:00;17.0;53.2;100.0;0.0;210.0;50.0;135.0;222.0
2018-10-15 12:00:00;15.7;58.7;110.0;0.0;210.0;60.0;132.0;219.0
2018-10-15 13:00:00;14.5;66.2;90.0;0.0;220.0;50.0;138.0;219.0
2018-10-15 14:00:00;18.9;63.5;70.0;0.0;250.0;30.0;138.0;212.0
2018-10-15 15:00:00;22.5;58.2;50.0;0.0;270.0;20.0;144.0;201.0
2018-10-15 16:00:00;32.3;45.2;40.0;0.0;300.0;20.0;150.0;180.0
2018-10-15 17:00:00;74.3;5.0;30.0;0.0;310.0;10.0;149.0;167.0
2018-10-15 18:00:00;82.7;-0.4;20.0;0.0;270.0;10.0;145.0;156.0
2018-10-15 19:00:00;77.4;-0.3;10.0;0.0;130.0;10.0;138.0;143.0
2018-10-15 20:00:00;69.9;-0.1;10.0;0.0;90.0;0.0;132.0;135.0
2018-10-15 21:00:00;65.7;-0.1;10.0;0.0;0.0;0.0;128.0;128.0
2018-10-15 22:00:00;63.2;-0.1;10.0;0.0;160.0;10.0;126.0;129.0
2018-10-15 23:00:00;50.8;0.0;10.0;0.0;0.0;0.0;112.0;114.0
2018-10-16 00:00:00;45.6;0.2;20.0;0.0;330.0;10.0;101.0;104.0
2018-10-16 01:00:00;40.7;0.0;10.0;0.0;0.0;10.0;106.0;106.0
2018-10-16 02:00:00;38.6;0.2;30.0;0.0;150.0;20.0;107.0;110.0
2018-10-16 03:00:00;39.2;0.0;30.0;0.0;50.0;10.0;114.0;117.0
2018-10-16 04:00:00;51.2;0.0;20.0;0.0;110.0;20.0;117.0;120.0
2018-10-16 05:00:00;49.9;-0.1;60.0;0.0;180.0;20.0;125.0;128.0
2018-10-16 06:00:00;48.9;-0.2;40.0;0.0;160.0;20.0;111.0;124.0
2018-10-16 07:00:00;50.6;-0.2;40.0;0.0;170.0;20.0;119.0;153.0
2018-10-16 08:00:00;52.9;1.6;80.0;0.0;200.0;30.0;119.0;179.0
2018-10-16 09:00:00;56.9;7.7;50.0;0.0;210.0;20.0;125.0;204.0
2018-10-16 10:00:00;56.9;13.0;40.0;0.0;180.0;20.0;118.0;221.0
2018-10-16 11:00:00;48.7;22.7;60.0;0.0;210.0;30.0;123.0;231.0
2018-10-16 12:00:00;42.4;34.8;50.0;0.0;180.0;30.0;115.0;232.0
2018-10-16 13:00:00;38.4;46.6;40.0;0.0;170.0;20.0;120.0;235.0
2018-10-16 14:00:00;35.1;56.6;60.0;0.0;170.0;30.0;121.0;229.0
2018-10-16 15:00:00;32.5;57.5;70.0;0.0;250.0;20.0;118.0;221.0
2018-10-16 16:00:00;42.4;50.6;10.0;0.0;70.0;10.0;124.0;174.0
2018-10-16 17:00:00;89.2;5.2;20.0;0.0;0.0;10.0;118.0;142.0
2018-10-16 18:00:00;98.6;0.5;10.0;0.0;360.0;10.0;124.0;132.0
2018-10-16 19:00:00;86.1;0.8;30.0;0.0;140.0;10.0;115.0;126.0
2018-10-16 20:00:00;77.9;0.6;50.0;0.0;160.0;40.0;109.0;177.0
2018-10-16 21:00:00;82.5;0.7;50.0;0.0;180.0;40.0;110.0;171.0
2018-10-16 22:00:00;57.3;16.9;40.0;0.0;210.0;30.0;109.0;145.0
2018-10-16 23:00:00;60.2;14.5;50.0;0.0;250.0;30.0;112.0;136.0
2018-10-17 00:00:00;58.3;12.0;30.0;0.0;190.0;10.0;119.0;126.0
2018-10-17 01:00:00;40.7;18.6;10.0;0.0;240.0;10.0;112.0;117.0
2018-10-17 02:00:00;35.7;15.5;20.0;0.0;180.0;10.0;115.0;118.0
2018-10-17 03:00:00;19.7;28.4;30.0;0.0;0.0;10.0;122.0;122.0
2018-10-17 04:00:00;20.8;20.1;20.0;0.0;230.0;10.0;117.0;120.0
2018-10-17 05:00:00;33.8;5.8;30.0;0.0;240.0;20.0;121.0;121.0
2018-10-17 06:00:00;38.6;3.7;20.0;0.0;220.0;10.0;130.0;133.0
2018-10-17 07:00:00;38.0;3.2;20.0;0.0;200.0;10.0;135.0;163.0
2018-10-17 08:00:00;30.2;6.3;30.0;0.0;220.0;10.0;135.0;174.0
2018-10-17 09:00:00;26.2;9.2;50.0;0.0;250.0;20.0;135.0;177.0
2018-10-17 10:00:00;18.1;23.1;50.0;0.0;240.0;20.0;135.0;182.0
2018-10-17 11:00:00;15.3;39.7;50.0;0.0;260.0;30.0;135.0;183.0
2018-10-17 12:00:00;14.5;47.3;60.0;0.0;290.0;30.0;137.0;180.0
2018-10-17 13:00:00;22.7;41.3;60.0;0.0;300.0;30.0;131.0;178.0
2018-10-17 14:00:00;29.8;38.8;50.0;0.0;290.0;30.0;125.0;175.0
2018-10-17 15:00:00;35.0;37.4;50.0;0.0;300.0;20.0;119.0;159.0
2018-10-17 16:00:00;28.8;48.7;40.0;0.0;290.0;20.0;107.0;131.0
2018-10-17 17:00:00;47.9;34.9;20.0;0.0;280.0;10.0;108.0;121.0
2018-10-17 18:00:00;71.8;12.8;20.0;0.0;290.0;10.0;109.0;116.0
2018-10-17 19:00:00;44.5;42.0;10.0;0.0;0.0;0.0;108.0;114.0
2018-10-17 20:00:00;42.8;39.6;10.0;0.0;300.0;10.0;100.0;102.0
2018-10-17 21:00:00;62.6;24.5;10.0;0.0;0.0;10.0;96.0;99.0
2018-10-17 22:00:00;70.7;11.9;10.0;0.0;0.0;0.0;88.0;88.0
2018-10-17 23:00:00;38.8;33.5;20.0;0.0;280.0;10.0;88.0;88.0
2018-10-18 00:00:00;29.4;38.7;10.0;0.0;100.0;0.0;97.0;97.0
2018-10-18 01:00:00;21.0;38.9;20.0;0.0;350.0;10.0;101.0;104.0
2018-10-18 02:00:00;20.6;37.7;30.0;4.0;350.0;10.0;120.0;123.0
2018-10-18 03:00:00;27.7;32.6;70.0;0.0;30.0;30.0;99.0;133.0
2018-10-18 04:00:00;28.7;26.8;50.0;0.0;20.0;30.0;111.0;135.0
2018-10-18 05:00:00;25.4;32.5;50.0;0.0;20.0;30.0;111.0;133.0
2018-10-18 06:00:00;32.7;23.4;50.0;0.0;360.0;30.0;111.0;130.0
2018-10-18 07:00:00;37.8;18.2;60.0;0.0;20.0;30.0;111.0;138.0
2018-10-18 08:00:00;36.1;21.1;80.0;0.0;20.0;50.0;106.0;145.0
2018-10-18 09:00:00;27.5;31.9;80.0;0.0;20.0;50.0;100.0;152.0
2018-10-18 10:00:00;19.9;40.1;80.0;0.0;30.0;50.0;98.0;158.0
2018-10-18 11:00:00;18.1;43.0;90.0;0.0;40.0;50.0;97.0;162.0
2018-10-18 12:00:00;22.2;41.9;80.0;0.0;20.0;50.0;86.0;158.0
2018-10-18 13:00:00;22.0;42.7;80.0;0.0;40.0;50.0;84.0;156.0
2018-10-18 14:00:00;24.4;43.6;80.0;0.0;30.0;40.0;86.0;146.0
2018-10-18 15:00:00;19.1;49.7;70.0;0.0;40.0;40.0;79.0;139.0
2018-10-18 16:00:00;26.2;43.6;60.0;0.0;40.0;30.0;80.0;119.0
2018-10-18 17:00:00;24.6;42.8;30.0;0.0;10.0;20.0;82.0;114.0
2018-10-18 18:00:00;35.1;32.0;20.0;0.0;30.0;20.0;82.0;111.0
2018-10-18 19:00:00;52.7;16.3;30.0;0.0;40.0;20.0;83.0;107.0
2018-10-18 20:00:00;51.0;16.2;40.0;0.0;60.0;30.0;73.0;87.0
2018-10-18 21:00:00;48.3;14.3;30.0;0.0;50.0;20.0;72.0;83.0
2018-10-18 22:00:00;42.8;16.4;30.0;0.0;60.0;20.0;63.0;71.0
2018-10-18 23:00:00;30.6;28.9;40.0;0.0;50.0;30.0;67.0;78.0
2018-10-19 00:00:00;26.5;32.3;50.0;0.0;50.0;30.0;62.0;81.0
2018-10-19 01:00:00;26.7;34.6;50.0;0.0;50.0;20.0;57.0;71.0
2018-10-19 02:00:00;18.7;45.2;30.0;0.0;40.0;20.0;59.0;74.0
2018-10-19 03:00:00;29.0;35.0;30.0;0.0;50.0;20.0;55.0;64.0
2018-10-19 04:00:00;34.6;27.8;30.0;0.0;40.0;20.0;60.0;72.0
2018-10-19 05:00:00;49.5;12.7;40.0;0.0;40.0;20.0;57.0;68.0
2018-10-19 06:00:00;61.1;1.7;30.0;0.0;40.0;20.0;60.0;76.0
2018-10-19 07:00:00;62.3;1.4;40.0;0.0;50.0;30.0;77.0;96.0
2018-10-19 08:00:00;63.2;3.9;40.0;0.0;50.0;30.0;84.0;111.0
2018-10-19 09:00:00;52.9;9.5;40.0;0.0;50.0;30.0;91.0;126.0
2018-10-19 10:00:00;45.8;13.6;40.0;0.0;50.0;20.0;87.0;137.0
2018-10-19 11:00:00;37.1;22.7;60.0;0.0;60.0;30.0;84.0;144.0
2018-10-19 12:00:00;31.9;29.5;40.0;0.0;30.0;20.0;84.0;151.0
2018-10-19 13:00:00;30.0;35.2;50.0;0.0;30.0;20.0;84.0;151.0
2018-10-19 14:00:00;32.1;33.5;50.0;0.0;10.0;20.0;80.0;142.0
2018-10-19 15:00:00;37.8;29.6;40.0;0.0;340.0;20.0;81.0;120.0
2018-10-19 16:00:00;32.3;33.3;40.0;0.0;350.0;30.0;76.0;108.0
2018-10-19 17:00:00;39.3;28.8;30.0;0.0;10.0;20.0;73.0;95.0
2018-10-19 18:00:00;50.4;19.5;20.0;0.0;340.0;10.0;68.0;75.0
2018-10-19 19:00:00;59.0;10.3;20.0;0.0;70.0;10.0;75.0;86.0
2018-10-19 20:00:00;53.7;12.1;20.0;0.0;310.0;10.0;56.0;60.0
2018-10-19 21:00:00;60.0;6.6;20.0;0.0;310.0;10.0;61.0;64.0
2018-10-19 22:00:00;56.2;9.8;20.0;0.0;310.0;10.0;37.0;38.0
2018-10-19 23:00:00;57.3;5.5;10.0;0.0;0.0;10.0;43.0;43.0
2018-10-20 00:00:00;60.5;1.7;10.0;0.0;170.0;0.0;43.0;46.0
2018-10-20 01:00:00;57.3;0.9;10.0;0.0;170.0;10.0;34.0;34.0
2018-10-20 02:00:00;53.9;1.1;10.0;0.0;0.0;10.0;41.0;44.0
2018-10-20 03:00:00;51.0;0.5;10.0;0.0;360.0;0.0;50.0;53.0
2018-10-20 04:00:00;48.9;0.7;10.0;0.0;0.0;0.0;50.0;54.0
2018-10-20 05:00:00;42.6;0.8;10.0;0.0;170.0;10.0;53.0;57.0
2018-10-20 06:00:00;37.2;0.6;20.0;0.0;210.0;10.0;64.0;67.0
2018-10-20 07:00:00;45.1;0.9;10.0;0.0;0.0;10.0;89.0;97.0
2018-10-20 08:00:00;51.8;4.0;40.0;0.0;190.0;20.0;89.0;120.0
2018-10-20 09:00:00;46.0;14.0;40.0;0.0;210.0;30.0;79.0;137.0
2018-10-20 10:00:00;32.9;26.1;40.0;0.0;250.0;20.0;86.0;147.0
2018-10-20 11:00:00;17.6;52.5;50.0;0.0;220.0;20.0;85.0;147.0
2018-10-20 12:00:00;14.3;58.7;40.0;0.0;260.0;20.0;90.0;158.0
2018-10-20 13:00:00;14.7;57.6;40.0;0.0;270.0;20.0;91.0;152.0
2018-10-20 14:00:00;12.0;60.5;50.0;0.0;310.0;20.0;105.0;152.0
2018-10-20 15:00:00;15.3;58.7;40.0;0.0;280.0;20.0;93.0;135.0
2018-10-20 16:00:00;19.5;51.9;20.0;0.0;280.0;20.0;89.0;105.0
2018-10-20 17:00:00;28.3;43.6;20.0;0.0;270.0;10.0;88.0;92.0
2018-10-20 18:00:00;44.7;27.4;20.0;0.0;0.0;10.0;84.0;88.0
2018-10-20 19:00:00;48.1;24.1;10.0;0.0;160.0;10.0;83.0;86.0
2018-10-20 20:00:00;54.2;14.2;20.0;0.0;150.0;10.0;80.0;83.0
2018-10-20 21:00:00;55.2;11.6;20.0;0.0;0.0;10.0;67.0;70.0
2018-10-20 22:00:00;48.5;7.1;10.0;0.0;0.0;10.0;78.0;81.0
2018-10-20 23:00:00;38.8;13.0;30.0;0.0;190.0;20.0;101.0;113.0
2018-10-21 00:00:00;27.9;25.9;30.0;0.0;180.0;20.0;101.0;115.0
2018-10-21 01:00:00;23.7;32.1;40.0;0.0;190.0;30.0;91.0;118.0
2018-10-21 02:00:00;20.6;31.9;50.0;0.0;190.0;30.0;87.0;120.0
2018-10-21 03:00:00;32.5;19.6;50.0;0.0;200.0;30.0;86.0;119.0
2018-10-21 04:00:00;43.0;10.4;40.0;0.0;180.0;30.0;84.0;114.0
2018-10-21 05:00:00;50.0;3.6;70.0;0.0;180.0;30.0;84.0;107.0
2018-10-21 06:00:00;54.4;-0.3;60.0;0.0;200.0;20.0;87.0;115.0
2018-10-21 07:00:00;45.6;7.5;60.0;0.0;190.0;30.0;81.0;122.0
2018-10-21 08:00:00;42.8;10.8;60.0;0.0;180.0;30.0;86.0;131.0
2018-10-21 09:00:00;34.2;19.1;50.0;0.0;190.0;30.0;87.0;140.0
2018-10-21 10:00:00;21.6;34.2;70.0;0.0;200.0;40.0;89.0;151.0
2018-10-21 11:00:00;18.7;40.7;70.0;0.0;180.0;40.0;95.0;156.0
2018-10-21 12:00:00;19.3;44.5;60.0;0.0;180.0;40.0;87.0;156.0
2018-10-21 13:00:00;15.7;51.7;60.0;0.0;220.0;40.0;89.0;159.0
2018-10-21 14:00:00;15.1;55.6;70.0;0.0;190.0;30.0;88.0;154.0
2018-10-21 15:00:00;19.9;53.4;70.0;0.0;190.0;30.0;91.0;153.0
2018-10-21 16:00:00;20.4;52.6;60.0;0.0;200.0;30.0;85.0;131.0
2018-10-21 17:00:00;21.6;46.4;50.0;0.0;200.0;20.0;80.0;112.0
2018-10-21 18:00:00;35.1;28.9;30.0;0.0;250.0;10.0;86.0;103.0
2018-10-21 19:00:00;47.9;16.1;10.0;0.0;240.0;10.0;97.0;107.0
2018-10-21 20:00:00;49.3;11.5;30.0;0.0;220.0;20.0;89.0;102.0
2018-10-21 21:00:00;43.5;15.3;30.0;0.0;210.0;20.0;103.0;116.0
2018-10-21 22:00:00;30.6;28.4;40.0;0.0;260.0;20.0;123.0;135.0
2018-10-21 23:00:00;26.0;31.2;30.0;0.0;310.0;10.0;129.0;138.0
2018-10-22 00:00:00;29.8;23.2;100.0;0.0;360.0;20.0;133.0;139.0
2018-10-22 01:00:00;17.6;26.4;90.0;0.0;360.0;50.0;124.0;136.0
2018-10-22 02:00:00;12.2;43.5;90.0;0.0;360.0;40.0;123.0;129.0
2018-10-22 03:00:00;9.7;55.5;50.0;0.0;360.0;30.0;125.0;129.0
2018-10-22 04:00:00;15.7;50.2;80.0;8.0;360.0;40.0;121.0;125.0
2018-10-22 05:00:00;25.8;40.9;70.0;0.0;360.0;40.0;105.0;126.0
2018-10-22 06:00:00;25.0;38.8;60.0;0.0;360.0;30.0;91.0;125.0
2018-10-22 07:00:00;30.6;35.3;50.0;0.0;10.0;30.0;91.0;127.0
2018-10-22 08:00:00;30.4;34.7;60.0;0.0;360.0;40.0;75.0;133.0
2018-10-22 09:00:00;24.4;41.9;90.0;0.0;360.0;40.0;80.0;143.0
2018-10-22 10:00:00;17.2;50.7;90.0;0.0;360.0;50.0;73.0;147.0
2018-10-22 11:00:00;19.1;51.4;80.0;0.0;360.0;50.0;73.0;142.0
2018-10-22 12:00:00;15.7;54.3;90.0;0.0;360.0;50.0;69.0;144.0
2018-10-22 13:00:00;19.5;53.8;80.0;0.0;350.0;50.0;64.0;135.0
2018-10-22 14:00:00;18.9;56.2;80.0;0.0;360.0;50.0;48.0;131.0
2018-10-22 15:00:00;19.9;57.6;70.0;0.0;350.0;40.0;45.0;115.0
2018-10-22 16:00:00;20.8;54.5;60.0;0.0;330.0;20.0;49.0;90.0
2018-10-22 17:00:00;27.1;46.4;20.0;0.0;300.0;10.0;54.0;84.0
2018-10-22 18:00:00;47.2;27.1;20.0;0.0;230.0;10.0;45.0;60.0
2018-10-22 19:00:00;36.3;39.6;20.0;0.0;240.0;10.0;52.0;66.0
2018-10-22 20:00:00;38.4;37.3;30.0;0.0;250.0;20.0;42.0;52.0
2018-10-22 21:00:00;44.9;24.7;40.0;0.0;240.0;20.0;43.0;70.0
2018-10-22 22:00:00;48.5;21.0;40.0;0.0;250.0;30.0;32.0;56.0
2018-10-22 23:00:00;21.8;44.0;40.0;0.0;230.0;30.0;31.0;53.0
2018-10-23 00:00:00;11.7;51.8;60.0;0.0;240.0;40.0;59.0;95.0
2018-10-23 01:00:00;5.9;54.3;90.0;0.0;260.0;50.0;72.0;115.0
2018-10-23 02:00:00;12.6;43.1;120.0;0.0;260.0;70.0;73.0;116.0
2018-10-23 03:00:00;12.2;43.7;100.0;0.0;270.0;60.0;82.0;118.0
2018-10-23 04:00:00;15.7;42.6;120.0;0.0;260.0;60.0;79.0;116.0
2018-10-23 05:00:00;29.4;28.1;110.0;0.0;270.0;60.0;82.0;117.0
2018-10-23 06:00:00;30.8;25.4;120.0;0.0;280.0;70.0;81.0;119.0
2018-10-23 07:00:00;39.9;17.9;110.0;0.0;280.0;60.0;83.0;123.0
2018-10-23 08:00:00;38.6;20.0;110.0;0.0;280.0;70.0;88.0;126.0
2018-10-23 09:00:00;31.1;25.2;130.0;0.0;270.0;80.0;97.0;138.0
2018-10-23 10:00:00;27.5;31.1;130.0;0.0;280.0;80.0;92.0;132.0
2018-10-23 11:00:00;20.8;37.8;120.0;0.0;280.0;70.0;96.0;136.0
2018-10-23 12:00:00;23.5;37.3;120.0;0.0;280.0;70.0;97.0;136.0
2018-10-23 13:00:00;27.9;34.1;130.0;0.0;290.0;80.0;96.0;142.0
2018-10-23 14:00:00;37.4;28.4;120.0;0.0;290.0;70.0;99.0;141.0
2018-10-23 15:00:00;36.7;30.4;120.0;0.0;300.0;70.0;100.0;144.0
2018-10-23 16:00:00;35.7;31.6;110.0;0.0;290.0;60.0;105.0;147.0
2018-10-23 17:00:00;43.0;23.3;130.0;0.0;290.0;70.0;109.0;150.0
2018-10-23 18:00:00;41.1;25.5;100.0;0.0;290.0;60.0;113.0;150.0
2018-10-23 19:00:00;41.8;22.5;120.0;0.0;290.0;70.0;113.0;144.0
2018-10-23 20:00:00;38.6;22.7;120.0;0.0;290.0;70.0;115.0;146.0
2018-10-23 21:00:00;40.3;19.5;120.0;0.0;290.0;70.0;117.0;142.0
2018-10-23 22:00:00;39.7;16.2;120.0;0.0;290.0;70.0;115.0;143.0
2018-10-23 23:00:00;39.3;15.3;120.0;0.0;290.0;70.0;118.0;145.0
2018-10-24 00:00:00;25.8;27.8;110.0;0.0;290.0;60.0;123.0;146.0
2018-10-24 01:00:00;28.5;21.2;120.0;0.0;300.0;60.0;124.0;149.0
2018-10-24 02:00:00;32.3;17.7;120.0;0.0;300.0;70.0;125.0;148.0
2018-10-24 03:00:00;30.4;17.5;110.0;0.0;300.0;60.0;126.0;148.0
2018-10-24 04:00:00;32.5;15.3;100.0;0.0;300.0;60.0;128.0;150.0
2018-10-24 05:00:00;30.0;19.6;110.0;6.0;310.0;60.0;136.0;142.0
2018-10-24 06:00:00;19.7;28.6;120.0;4.0;310.0;60.0;133.0;144.0
2018-10-24 07:00:00;26.4;22.3;100.0;2.0;320.0;60.0;132.0;145.0
2018-10-24 08:00:00;30.2;21.3;130.0;0.0;330.0;60.0;126.0;148.0
2018-10-24 09:00:00;26.0;31.3;90.0;3.0;330.0;60.0;133.0;141.0
2018-10-24 10:00:00;22.0;34.2;90.0;0.0;330.0;50.0;130.0;151.0
2018-10-24 11:00:00;23.5;33.2;80.0;0.0;320.0;50.0;139.0;151.0
2018-10-24 12:00:00;25.6;32.3;90.0;0.0;290.0;50.0;133.0;151.0
2018-10-24 13:00:00;27.9;30.6;100.0;0.0;310.0;50.0;127.0;152.0
2018-10-24 14:00:00;25.0;33.2;80.0;0.0;300.0;40.0;125.0;146.0
2018-10-24 15:00:00;30.0;25.6;70.0;3.0;300.0;40.0;132.0;140.0
2018-10-24 16:00:00;31.7;22.9;60.0;0.0;290.0;40.0;123.0;138.0
2018-10-24 17:00:00;27.9;30.1;60.0;0.0;280.0;30.0;120.0;136.0
2018-10-24 18:00:00;22.9;32.7;50.0;0.0;260.0;30.0;121.0;133.0
2018-10-24 19:00:00;23.9;29.0;40.0;0.0;240.0;20.0;119.0;131.0
2018-10-24 20:00:00;25.6;29.0;40.0;0.0;230.0;20.0;126.0;131.0
2018-10-24 21:00:00;14.5;35.4;50.0;0.0;240.0;30.0;126.0;135.0
2018-10-24 22:00:00;13.4;31.3;90.0;0.0;270.0;40.0;115.0;141.0
2018-10-24 23:00:00;11.5;32.8;70.0;0.0;270.0;40.0;103.0;133.0
2018-10-25 00:00:00;24.6;21.0;60.0;0.0;270.0;40.0;96.0;125.0
2018-10-25 01:00:00;35.1;18.9;60.0;0.0;270.0;30.0;84.0;112.0
2018-10-25 02:00:00;31.9;26.7;60.0;0.0;300.0;30.0;87.0;124.0
2018-10-25 03:00:00;32.3;23.9;70.0;0.0;260.0;40.0;83.0;122.0
2018-10-25 04:00:00;23.7;39.4;60.0;0.0;260.0;30.0;90.0;121.0
2018-10-25 05:00:00;45.6;20.5;50.0;0.0;270.0;30.0;96.0;125.0
2018-10-25 06:00:00;28.1;32.7;50.0;0.0;280.0;30.0;100.0;127.0
2018-10-25 07:00:00;49.7;13.9;60.0;0.0;290.0;30.0;88.0;129.0
2018-10-25 08:00:00;58.6;10.0;60.0;0.0;280.0;40.0;92.0;130.0
2018-10-25 09:00:00;58.6;40.3;60.0;0.0;270.0;30.0;86.0;131.0
2018-10-25 10:00:00;58.6;43.0;60.0;0.0;280.0;30.0;93.0;131.0
2018-10-25 11:00:00;27.1;40.8;60.0;0.0;280.0;30.0;98.0;130.0
2018-10-25 12:00:00;30.2;38.3;60.0;0.0;280.0;30.0;94.0;129.0
2018-10-25 13:00:00;26.2;38.9;50.0;0.0;270.0;30.0;96.0;128.0
2018-10-25 14:00:00;28.7;35.7;60.0;0.0;270.0;30.0;102.0;121.0
2018-10-25 15:00:00;28.1;35.9;60.0;0.0;250.0;30.0;112.0;117.0
2018-10-25 16:00:00;20.4;43.6;40.0;2.0;250.0;30.0;110.0;114.0
2018-10-25 17:00:00;17.8;42.4;40.0;0.0;250.0;30.0;108.0;115.0
2018-10-25 18:00:00;18.9;41.0;40.0;5.0;240.0;30.0;107.0;112.0
2018-10-25 19:00:00;16.0;40.7;40.0;7.0;250.0;30.0;111.0;113.0
2018-10-25 20:00:00;17.8;37.0;30.0;0.0;230.0;20.0;109.0;115.0
2018-10-25 21:00:00;17.2;36.4;30.0;2.0;220.0;20.0;108.0;116.0
2018-10-25 22:00:00;16.8;34.3;40.0;0.0;180.0;30.0;109.0;118.0
2018-10-25 23:00:00;12.8;33.5;50.0;0.0;210.0;30.0;104.0;119.0
2018-10-26 00:00:00;9.6;37.7;70.0;0.0;220.0;50.0;101.0;117.0
2018-10-26 01:00:00;11.3;34.4;70.0;0.0;220.0;50.0;101.0;113.0
2018-10-26 02:00:00;12.6;31.9;90.0;0.0;200.0;60.0;96.0;112.0
2018-10-26 03:00:00;16.8;28.0;110.0;0.0;210.0;70.0;92.0;108.0
2018-10-26 04:00:00;16.0;29.3;110.0;0.0;200.0;70.0;90.0;109.0
2018-10-26 05:00:00;16.8;27.8;110.0;4.0;220.0;70.0;92.0;107.0
2018-10-26 06:00:00;18.9;27.1;90.0;0.0;220.0;60.0;93.0;110.0
2018-10-26 07:00:00;20.8;23.6;90.0;0.0;230.0;50.0;89.0;114.0
2018-10-26 08:00:00;21.0;24.8;70.0;0.0;250.0;40.0;72.0;116.0
2018-10-26 09:00:00;24.3;33.6;60.0;0.0;250.0;40.0;82.0;122.0
2018-10-26 10:00:00;18.7;45.1;80.0;3.0;260.0;50.0;101.0;116.0
2018-10-26 11:00:00;15.7;48.2;110.0;2.0;290.0;60.0;98.0;115.0
2018-10-26 12:00:00;22.9;38.0;100.0;4.0;290.0;50.0;89.0;107.0
2018-10-26 13:00:00;36.9;29.1;120.0;3.0;300.0;50.0;64.0;112.0
2018-10-26 14:00:00;36.7;34.3;110.0;0.0;290.0;60.0;48.0;105.0
2018-10-26 15:00:00;41.6;33.0;110.0;0.0;290.0;60.0;44.0;100.0
2018-10-26 16:00:00;34.2;39.3;100.0;0.0;300.0;60.0;48.0;98.0
2018-10-26 17:00:00;33.6;40.1;140.0;0.0;310.0;60.0;46.0;79.0
2018-10-26 18:00:00;26.0;50.3;100.0;3.0;290.0;30.0;47.0;69.0
2018-10-26 19:00:00;32.1;43.4;100.0;3.0;280.0;30.0;39.0;73.0
2018-10-26 20:00:00;32.5;45.0;160.0;2.0;310.0;40.0;41.0;66.0
2018-10-26 21:00:00;25.2;48.6;100.0;5.0;290.0;40.0;45.0;77.0
2018-10-26 22:00:00;18.9;53.3;100.0;4.0;300.0;40.0;48.0;71.0
2018-10-26 23:00:00;19.3;49.8;110.0;2.0;280.0;40.0;45.0;73.0
2018-10-27 00:00:00;18.7;52.1;90.0;7.0;280.0;30.0;47.0;75.0
2018-10-27 01:00:00;18.7;51.0;50.0;0.0;20.0;20.0;49.0;77.0
2018-10-27 02:00:00;22.3;48.2;40.0;2.0;170.0;10.0;52.0;64.0
2018-10-27 03:00:00;30.0;37.3;60.0;4.0;220.0;20.0;52.0;68.0
2018-10-27 04:00:00;24.8;40.8;40.0;9.0;200.0;20.0;53.0;66.0
2018-10-27 05:00:00;15.5;46.3;70.0;3.0;140.0;20.0;50.0;63.0
2018-10-27 06:00:00;20.1;39.0;70.0;4.0;190.0;40.0;51.0;62.0
2018-10-27 07:00:00;23.5;35.6;60.0;4.0;220.0;30.0;58.0;68.0
2018-10-27 08:00:00;29.0;30.7;60.0;4.0;130.0;20.0;62.0;73.0
2018-10-27 09:00:00;46.4;17.6;50.0;3.0;230.0;30.0;63.0;82.0
2018-10-27 10:00:00;34.2;32.1;60.0;0.0;270.0;40.0;61.0;83.0
2018-10-27 11:00:00;18.1;46.5;70.0;4.0;280.0;30.0;63.0;89.0
2018-10-27 12:00:00;19.5;45.3;50.0;0.0;260.0;20.0;50.0;88.0
2018-10-27 13:00:00;33.8;38.2;30.0;0.0;280.0;10.0;57.0;95.0
2018-10-27 14:00:00;22.0;46.8;20.0;0.0;280.0;10.0;51.0;102.0
2018-10-27 15:00:00;18.1;47.4;20.0;0.0;300.0;10.0;55.0;88.0
2018-10-27 16:00:00;26.9;37.3;10.0;0.0;270.0;10.0;56.0;66.0
2018-10-27 17:00:00;37.6;25.1;80.0;3.0;80.0;20.0;47.0;73.0
2018-10-27 18:00:00;49.3;10.7;30.0;0.0;40.0;20.0;34.0;43.0
2018-10-27 19:00:00;32.1;32.6;40.0;0.0;60.0;30.0;33.0;41.0
2018-10-27 20:00:00;41.8;23.4;40.0;0.0;50.0;30.0;32.0;42.0
2018-10-27 21:00:00;26.7;30.3;50.0;0.0;50.0;30.0;38.0;47.0
2018-10-27 22:00:00;22.2;29.1;60.0;0.0;60.0;40.0;43.0;56.0
2018-10-27 23:00:00;18.7;31.2;70.0;0.0;60.0;50.0;38.0;60.0
2018-10-28 00:00:00;14.5;34.0;80.0;0.0;40.0;50.0;27.0;52.0
2018-10-28 01:00:00;14.9;36.3;60.0;0.0;60.0;40.0;14.0;33.0
2018-10-28 02:00:00;12.6;38.6;70.0;0.0;50.0;40.0;13.0;35.0
2018-10-28 03:00:00;14.7;35.4;70.0;0.0;40.0;50.0;13.0;33.0
2018-10-28 04:00:00;12.0;36.5;80.0;0.0;60.0;50.0;5.0;24.0
2018-10-28 05:00:00;9.2;38.8;60.0;0.0;40.0;40.0;-2.0;25.0
2018-10-28 06:00:00;13.6;36.8;50.0;0.0;50.0;30.0;-8.0;24.0
2018-10-28 07:00:00;15.7;34.4;60.0;0.0;60.0;40.0;0.0;35.0
2018-10-28 08:00:00;15.3;37.9;70.0;0.0;60.0;40.0;7.0;51.0
2018-10-28 09:00:00;14.1;39.9;80.0;0.0;50.0;50.0;1.0;66.0
2018-10-28 10:00:00;12.6;43.8;110.0;0.0;50.0;70.0;-5.0;71.0
2018-10-28 11:00:00;8.4;50.1;110.0;0.0;40.0;70.0;-7.0;72.0
2018-10-28 12:00:00;9.2;49.7;120.0;0.0;50.0;80.0;-13.0;71.0
2018-10-28 13:00:00;10.3;48.4;110.0;0.0;50.0;80.0;-14.0;70.0
2018-10-28 14:00:00;10.5;48.1;110.0;0.0;60.0;70.0;-3.0;67.0
2018-10-28 15:00:00;10.5;45.7;100.0;0.0;50.0;60.0;-3.0;57.0
2018-10-28 16:00:00;11.1;45.1;80.0;0.0;40.0;50.0;-4.0;45.0
2018-10-28 17:00:00;13.6;42.2;70.0;0.0;40.0;40.0;0.0;36.0
2018-10-28 18:00:00;16.8;37.9;70.0;0.0;50.0;40.0;0.0;36.0
2018-10-28 19:00:00;22.3;31.5;70.0;0.0;50.0;50.0;1.0;32.0
2018-10-28 20:00:00;17.0;33.5;70.0;0.0;50.0;40.0;1.0;29.0
2018-10-28 21:00:00;16.6;32.8;60.0;0.0;40.0;40.0;1.0;27.0
2018-10-28 22:00:00;16.8;30.3;70.0;0.0;40.0;40.0;-1.0;25.0
2018-10-28 23:00:00;13.4;32.1;70.0;0.0;40.0;40.0;-2.0;21.0
2018-10-29 00:00:00;12.0;33.4;60.0;0.0;30.0;30.0;-3.0;19.0
2018-10-29 01:00:00;9.4;34.4;70.0;0.0;30.0;30.0;-1.0;22.0
2018-10-29 02:00:00;11.8;30.8;60.0;0.0;30.0;30.0;-1.0;17.0
2018-10-29 03:00:00;9.9;32.5;60.0;0.0;50.0;30.0;5.0;23.0
2018-10-29 04:00:00;13.2;29.2;70.0;0.0;50.0;40.0;13.0;29.0
2018-10-29 05:00:00;18.9;23.9;90.0;0.0;50.0;50.0;13.0;28.0
2018-10-29 06:00:00;35.5;11.4;80.0;0.0;50.0;40.0;18.0;28.0
2018-10-29 07:00:00;95.3;8.8;70.0;0.0;60.0;40.0;26.0;37.0
2018-10-29 08:00:00;42.6;5.9;70.0;0.0;60.0;40.0;29.0;45.0
2018-10-29 09:00:00;35.3;9.5;70.0;0.0;50.0;40.0;30.0;49.0
2018-10-29 10:00:00;31.1;13.2;80.0;0.0;50.0;50.0;31.0;55.0
2018-10-29 11:00:00;33.8;11.7;90.0;0.0;60.0;50.0;29.0;56.0
2018-10-29 12:00:00;26.5;17.6;90.0;0.0;60.0;60.0;28.0;55.0
2018-10-29 13:00:00;26.4;17.4;100.0;0.0;60.0;60.0;26.0;57.0
2018-10-29 14:00:00;30.9;16.4;80.0;0.0;40.0;50.0;26.0;58.0
2018-10-29 15:00:00;31.5;17.0;70.0;0.0;30.0;50.0;29.0;58.0
2018-10-29 16:00:00;30.2;16.4;90.0;0.0;40.0;50.0;27.0;58.0
2018-10-29 17:00:00;28.5;14.4;90.0;0.0;40.0;60.0;27.0;56.0
2018-10-29 18:00:00;26.4;16.5;100.0;0.0;40.0;60.0;26.0;55.0
2018-10-29 19:00:00;17.0;24.3;110.0;0.0;50.0;60.0;25.0;52.0
2018-10-29 20:00:00;15.1;25.3;110.0;0.0;40.0;60.0;27.0;50.0
2018-10-29 21:00:00;14.7;23.8;100.0;0.0;40.0;60.0;29.0;50.0
2018-10-29 22:00:00;14.5;23.4;110.0;0.0;50.0;60.0;27.0;50.0
2018-10-29 23:00:00;11.8;25.7;100.0;0.0;40.0;60.0;30.0;49.0
2018-10-30 00:00:00;9.7;26.0;100.0;6.0;50.0;60.0;33.0;45.0
2018-10-30 01:00:00;9.4;24.3;90.0;10.0;40.0;50.0;35.0;44.0
2018-10-30 02:00:00;9.7;21.3;100.0;9.0;30.0;60.0;35.0;46.0
2018-10-30 03:00:00;9.7;20.2;100.0;10.0;40.0;50.0;39.0;43.0
2018-10-30 04:00:00;13.4;14.2;70.0;10.0;60.0;40.0;40.0;44.0
2018-10-30 05:00:00;16.8;10.5;70.0;8.0;60.0;40.0;41.0;46.0
2018-10-30 06:00:00;23.3;3.9;60.0;9.0;80.0;30.0;40.0;46.0
2018-10-30 07:00:00;23.5;1.6;30.0;10.0;80.0;20.0;41.0;45.0
2018-10-30 08:00:00;25.2;0.4;20.0;10.0;140.0;10.0;42.0;46.0
2018-10-30 09:00:00;22.7;1.0;70.0;10.0;180.0;30.0;39.0;50.0
2018-10-30 10:00:00;19.5;3.4;70.0;2.0;190.0;40.0;37.0;51.0
2018-10-30 11:00:00;18.9;5.2;90.0;0.0;200.0;50.0;32.0;49.0
2018-10-30 12:00:00;19.3;5.9;90.0;0.0;190.0;50.0;32.0;44.0
2018-10-30 13:00:00;21.6;5.9;100.0;9.0;160.0;60.0;28.0;41.0
2018-10-30 14:00:00;22.9;4.7;90.0;10.0;170.0;60.0;28.0;39.0
2018-10-30 15:00:00;27.7;2.5;90.0;10.0;160.0;40.0;33.0;39.0
2018-10-30 16:00:00;29.8;0.8;70.0;10.0;230.0;30.0;50.0;53.0
2018-10-30 17:00:00;27.9;4.6;180.0;10.0;270.0;90.0;75.0;91.0
2018-10-30 18:00:00;13.4;22.1;150.0;10.0;260.0;80.0;78.0;96.0
2018-10-30 19:00:00;12.6;29.1;150.0;8.0;250.0;90.0;74.0;97.0
2018-10-30 20:00:00;12.6;32.6;150.0;1.0;260.0;80.0;70.0;100.0
2018-10-30 21:00:00;6.1;39.9;130.0;0.0;250.0;80.0;67.0;97.0
2018-10-30 22:00:00;7.3;40.4;120.0;2.0;250.0;70.0;57.0;91.0
2018-10-30 23:00:00;8.0;40.5;100.0;0.0;220.0;50.0;59.0;91.0
2018-10-31 00:00:00;8.2;38.7;100.0;0.0;220.0;70.0;65.0;88.0
2018-10-31 01:00:00;14.5;21.8;110.0;5.0;210.0;60.0;67.0;80.0
2018-10-31 02:00:00;14.7;19.6;90.0;6.0;210.0;50.0;66.0;77.0
2018-10-31 03:00:00;9.9;29.6;80.0;4.0;200.0;50.0;60.0;72.0
2018-10-31 04:00:00;11.1;28.6;80.0;0.0;190.0;50.0;58.0;68.0
2018-10-31 05:00:00;15.3;24.0;80.0;0.0;180.0;60.0;47.0;60.0
2018-10-31 06:00:00;21.2;18.3;90.0;0.0;170.0;50.0;39.0;52.0
2018-10-31 07:00:00;25.8;18.3;90.0;0.0;180.0;50.0;38.0;56.0
2018-10-31 08:00:00;30.8;18.3;70.0;0.0;170.0;40.0;39.0;66.0
2018-10-31 09:00:00;35.3;18.3;100.0;0.0;170.0;40.0;45.0;74.0
2018-10-31 10:00:00;39.5;18.3;70.0;0.0;170.0;40.0;43.0;84.0
2018-10-31 11:00:00;37.1;18.3;80.0;0.0;160.0;30.0;42.0;102.0
2018-10-31 12:00:00;35.3;18.3;60.0;0.0;120.0;30.0;42.0;110.0
2018-10-31 13:00:00;28.7;18.3;70.0;0.0;120.0;40.0;34.0;119.0
2018-10-31 14:00:00;22.3;18.3;70.0;0.0;120.0;40.0;43.0;106.0
2018-10-31 15:00:00;22.7;18.3;70.0;0.0;110.0;40.0;45.0;101.0
2018-10-31 16:00:00;35.3;20.3;70.0;0.0;120.0;40.0;57.0;93.0
2018-10-31 17:00:00;43.9;6.7;70.0;0.0;110.0;40.0;62.0;95.0
2018-10-31 18:00:00;44.1;3.0;60.0;0.0;130.0;40.0;65.0;97.0
2018-10-31 19:00:00;40.1;3.7;80.0;0.0;150.0;40.0;71.0;100.0
2018-10-31 20:00:00;32.7;6.6;70.0;6.0;130.0;40.0;77.0;95.0
2018-10-31 21:00:00;36.3;2.4;60.0;0.0;120.0;30.0;74.0;93.0
2018-10-31 22:00:00;34.0;2.6;60.0;0.0;110.0;30.0;73.0;94.0
2018-10-31 23:00:00;36.7;1.6;50.0;0.0;110.0;30.0;72.0;93.0
2018-11-01 00:00:00;38.4;0.8;50.0;0.0;120.0;30.0;69.0;97.0
2018-11-01 01:00:00;39.2;0.9;60.0;0.0;130.0;40.0;63.0;99.0
2018-11-01 02:00:00;35.9;5.1;70.0;0.0;120.0;40.0;58.0;89.0
2018-11-01 03:00:00;26.7;10.1;80.0;0.0;140.0;40.0;55.0;92.0
2018-11-01 04:00:00;27.3;8.3;90.0;0.0;150.0;50.0;53.0;99.0
2018-11-01 05:00:00;27.7;8.6;80.0;0.0;160.0;50.0;51.0;93.0
2018-11-01 06:00:00;30.4;8.1;100.0;0.0;160.0;50.0;52.0;95.0
2018-11-01 07:00:00;33.0;6.9;90.0;0.0;170.0;50.0;57.0;103.0
2018-11-01 08:00:00;33.2;9.2;90.0;0.0;160.0;50.0;62.0;110.0
2018-11-01 09:00:00;33.6;9.2;120.0;0.0;160.0;50.0;66.0;117.0
2018-11-01 10:00:00;29.6;16.7;80.0;0.0;160.0;50.0;68.0;113.0
2018-11-01 11:00:00;29.4;16.4;110.0;0.0;180.0;50.0;73.0;122.0
2018-11-01 12:00:00;29.4;18.7;70.0;0.0;160.0;40.0;76.0;128.0
2018-11-01 13:00:00;29.6;22.2;70.0;5.0;160.0;40.0;86.0;117.0
2018-11-01 14:00:00;27.5;26.4;100.0;3.0;160.0;50.0;89.0;111.0
2018-11-01 15:00:00;35.0;18.7;90.0;10.0;150.0;50.0;92.0;107.0
2018-11-01 16:00:00;28.3;22.3;100.0;6.0;150.0;50.0;93.0;104.0
2018-11-01 17:00:00;26.9;22.4;90.0;5.0;160.0;50.0;95.0;104.0
2018-11-01 18:00:00;24.8;23.1;90.0;0.0;170.0;50.0;95.0;104.0
2018-11-01 19:00:00;24.1;23.7;80.0;2.0;180.0;40.0;98.0;105.0
2018-11-01 20:00:00;24.8;20.0;80.0;0.0;190.0;40.0;98.0;108.0
2018-11-01 21:00:00;25.2;17.2;80.0;0.0;190.0;50.0;98.0;107.0
2018-11-01 22:00:00;21.0;19.4;70.0;0.0;200.0;50.0;98.0;105.0
2018-11-01 23:00:00;15.1;23.5;110.0;0.0;300.0;50.0;97.0;105.0
2018-11-02 00:00:00;14.7;34.8;100.0;3.0;290.0;50.0;86.0;100.0
2018-11-02 01:00:00;14.1;51.4;80.0;0.0;250.0;40.0;78.0;94.0
2018-11-02 02:00:00;40.9;28.0;50.0;9.0;260.0;30.0;70.0;92.0
2018-11-02 03:00:00;38.8;30.9;90.0;9.0;240.0;40.0;81.0;88.0
2018-11-02 04:00:00;9.9;52.3;80.0;6.0;230.0;30.0;69.0;82.0
2018-11-02 05:00:00;28.7;32.9;50.0;0.0;250.0;30.0;42.0;71.0
2018-11-02 06:00:00;44.3;19.1;40.0;0.0;250.0;30.0;35.0;64.0
2018-11-02 07:00:00;44.3;19.1;40.0;0.0;250.0;30.0;49.0;87.0
2018-11-02 08:00:00;56.7;10.8;60.0;0.0;270.0;30.0;50.0;100.0
2018-11-02 09:00:00;51.8;16.5;80.0;0.0;270.0;40.0;48.0;107.0
2018-11-02 10:00:00;37.2;28.8;90.0;0.0;280.0;50.0;44.0;108.0
2018-11-02 11:00:00;27.3;41.1;100.0;0.0;260.0;50.0;36.0;99.0
2018-11-02 12:00:00;27.3;41.1;80.0;0.0;260.0;50.0;35.0;94.0
2018-11-02 13:00:00;14.7;55.3;70.0;0.0;270.0;40.0;44.0;98.0
2018-11-02 14:00:00;17.0;53.7;60.0;0.0;260.0;40.0;36.0;90.0
2018-11-02 15:00:00;25.8;45.1;50.0;0.0;260.0;20.0;33.0;76.0
2018-11-02 16:00:00;34.0;35.5;40.0;0.0;260.0;20.0;28.0;64.0
2018-11-02 17:00:00;41.1;27.8;40.0;0.0;250.0;20.0;26.0;51.0
2018-11-02 18:00:00;53.3;13.7;30.0;0.0;220.0;20.0;25.0;39.0
2018-11-02 19:00:00;64.7;4.0;20.0;0.0;220.0;10.0;30.0;38.0
2018-11-02 20:00:00;62.5;5.3;20.0;0.0;0.0;10.0;26.0;32.0
2018-11-02 21:00:00;56.7;6.2;20.0;0.0;230.0;10.0;22.0;27.0
2018-11-02 22:00:00;53.3;3.4;30.0;0.0;160.0;10.0;20.0;24.0
2018-11-02 23:00:00;46.0;0.2;30.0;0.0;180.0;20.0;28.0;32.0
2018-11-03 00:00:00;40.1;1.7;40.0;0.0;180.0;20.0;25.0;29.0
2018-11-03 01:00:00;37.8;5.4;40.0;0.0;170.0;20.0;33.0;37.0
2018-11-03 02:00:00;45.5;0.4;40.0;0.0;170.0;20.0;35.0;38.0
2018-11-03 03:00:00;42.6;0.0;30.0;0.0;170.0;20.0;25.0;28.0
2018-11-03 04:00:00;41.3;-0.1;40.0;0.0;170.0;30.0;31.0;35.0
2018-11-03 05:00:00;39.5;0.2;40.0;0.0;170.0;30.0;25.0;32.0
2018-11-03 06:00:00;40.3;0.8;70.0;0.0;180.0;30.0;24.0;28.0
2018-11-03 07:00:00;39.7;0.5;40.0;0.0;180.0;30.0;41.0;48.0
2018-11-03 08:00:00;39.3;3.3;40.0;0.0;170.0;30.0;45.0;66.0
2018-11-03 09:00:00;39.9;7.8;50.0;0.0;180.0;30.0;48.0;83.0
2018-11-03 10:00:00;41.1;10.4;80.0;0.0;190.0;40.0;47.0;91.0
2018-11-03 11:00:00;37.2;20.5;80.0;0.0;190.0;50.0;52.0;98.0
2018-11-03 12:00:00;29.2;32.8;80.0;0.0;190.0;50.0;49.0;98.0
2018-11-03 13:00:00;26.2;38.0;80.0;0.0;180.0;40.0;50.0;91.0
2018-11-03 14:00:00;32.3;31.4;60.0;0.0;160.0;40.0;47.0;90.0
2018-11-03 15:00:00;42.4;18.2;70.0;0.0;150.0;40.0;45.0;84.0
2018-11-03 16:00:00;35.7;21.6;60.0;0.0;160.0;40.0;43.0;81.0
2018-11-03 17:00:00;28.3;27.3;60.0;0.0;160.0;30.0;40.0;74.0
2018-11-03 18:00:00;34.4;19.1;40.0;0.0;160.0;30.0;36.0;73.0
2018-11-03 19:00:00;40.5;10.1;50.0;0.0;160.0;30.0;36.0;62.0
2018-11-03 20:00:00;47.8;4.0;60.0;0.0;150.0;30.0;32.0;55.0
2018-11-03 21:00:00;50.2;0.9;70.0;0.0;150.0;40.0;31.0;54.0
2018-11-03 22:00:00;40.3;5.2;50.0;0.0;130.0;30.0;28.0;54.0
2018-11-03 23:00:00;40.7;2.5;40.0;0.0;140.0;20.0;23.0;46.0
2018-11-04 00:00:00;36.7;4.0;20.0;0.0;130.0;10.0;18.0;26.0
2018-11-04 01:00:00;36.9;1.0;10.0;0.0;120.0;10.0;22.0;27.0
2018-11-04 02:00:00;35.7;0.0;50.0;0.0;140.0;20.0;27.0;47.0
2018-11-04 03:00:00;36.3;0.3;50.0;0.0;160.0;30.0;22.0;50.0
2018-11-04 04:00:00;35.3;3.1;50.0;0.0;160.0;30.0;21.0;43.0
2018-11-04 05:00:00;32.3;4.5;40.0;0.0;150.0;30.0;15.0;31.0
2018-11-04 06:00:00;30.6;5.3;60.0;0.0;150.0;20.0;22.0;31.0
2018-11-04 07:00:00;32.9;2.3;40.0;0.0;150.0;20.0;17.0;37.0
2018-11-04 08:00:00;31.9;3.2;40.0;0.0;140.0;20.0;38.0;63.0
2018-11-04 09:00:00;27.9;6.5;50.0;0.0;160.0;30.0;50.0;83.0
2018-11-04 10:00:00;24.1;11.8;50.0;0.0;150.0;40.0;55.0;95.0
2018-11-04 11:00:00;23.9;13.9;60.0;0.0;150.0;30.0;57.0;103.0
2018-11-04 12:00:00;25.0;15.8;50.0;0.0;130.0;20.0;62.0;109.0
2018-11-04 13:00:00;24.4;19.8;50.0;0.0;110.0;30.0;68.0;108.0
2018-11-04 14:00:00;25.0;19.0;50.0;0.0;90.0;20.0;71.0;104.0
2018-11-04 15:00:00;26.7;15.1;40.0;0.0;90.0;20.0;53.0;70.0
2018-11-04 16:00:00;34.0;8.0;40.0;0.0;100.0;20.0;70.0;87.0
2018-11-04 17:00:00;41.4;1.0;50.0;0.0;110.0;30.0;67.0;89.0
2018-11-04 18:00:00;41.8;2.1;50.0;0.0;110.0;30.0;67.0;87.0
2018-11-04 19:00:00;36.1;6.9;50.0;0.0;110.0;30.0;64.0;77.0
2018-11-04 20:00:00;38.2;2.2;50.0;0.0;110.0;30.0;62.0;72.0
2018-11-04 21:00:00;35.9;0.4;40.0;0.0;110.0;20.0;60.0;66.0
2018-11-04 22:00:00;34.0;-0.1;30.0;0.0;110.0;20.0;59.0;63.0
2018-11-04 23:00:00;30.9;-0.1;40.0;0.0;110.0;30.0;62.0;67.0
2018-11-05 00:00:00;29.0;-0.1;40.0;0.0;90.0;20.0;57.0;62.0
2018-11-05 01:00:00;27.3;-0.1;40.0;0.0;110.0;20.0;60.0;65.0
2018-11-05 02:00:00;25.6;-0.2;40.0;0.0;100.0;30.0;62.0;66.0
2018-11-05 03:00:00;24.4;-0.2;40.0;0.0;110.0;20.0;62.0;65.0
2018-11-05 04:00:00;23.5;0.0;50.0;0.0;110.0;30.0;61.0;67.0
2018-11-05 05:00:00;24.3;-0.2;50.0;0.0;90.0;30.0;60.0;67.0
2018-11-05 06:00:00;26.5;-0.3;50.0;0.0;90.0;30.0;61.0;66.0
2018-11-05 07:00:00;33.2;-0.2;60.0;0.0;100.0;30.0;67.0;75.0
2018-11-05 08:00:00;32.7;-0.1;60.0;0.0;100.0;30.0;75.0;85.0
2018-11-05 09:00:00;29.2;0.8;60.0;0.0;100.0;40.0;80.0;101.0
2018-11-05 10:00:00;24.4;3.6;60.0;0.0;80.0;40.0;89.0;113.0
2018-11-05 11:00:00;22.5;6.1;60.0;0.0;100.0;40.0;92.0;120.0
2018-11-05 12:00:00;23.9;6.3;60.0;0.0;100.0;40.0;93.0;122.0
2018-11-05 13:00:00;24.8;6.7;60.0;0.0;90.0;40.0;93.0;117.0
2018-11-05 14:00:00;26.0;4.9;70.0;0.0;90.0;40.0;88.0;109.0
2018-11-05 15:00:00;29.8;3.2;60.0;0.0;90.0;30.0;86.0;102.0
2018-11-05 16:00:00;30.6;0.6;40.0;0.0;90.0;30.0;83.0;93.0
2018-11-05 17:00:00;33.2;-0.2;40.0;0.0;100.0;30.0;82.0;88.0
2018-11-05 18:00:00;31.3;-0.1;40.0;0.0;100.0;30.0;82.0;87.0
2018-11-05 19:00:00;29.4;0.3;40.0;0.0;90.0;20.0;76.0;79.0
2018-11-05 20:00:00;29.2;0.3;40.0;0.0;100.0;20.0;74.0;78.0
2018-11-05 21:00:00;24.8;0.3;40.0;0.0;130.0;20.0;75.0;77.0
2018-11-05 22:00:00;22.9;0.2;20.0;0.0;150.0;10.0;56.0;59.0
2018-11-05 23:00:00;21.0;0.3;20.0;0.0;140.0;10.0;67.0;70.0
2018-11-06 00:00:00;20.8;0.3;20.0;0.0;90.0;10.0;77.0;80.0
2018-11-06 01:00:00;21.2;0.2;20.0;0.0;120.0;10.0;83.0;87.0
2018-11-06 02:00:00;22.5;0.2;30.0;0.0;170.0;10.0;74.0;82.0
2018-11-06 03:00:00;23.1;0.1;50.0;0.0;160.0;30.0;80.0;101.0
2018-11-06 04:00:00;24.6;0.1;50.0;0.0;160.0;30.0;79.0;101.0
2018-11-06 05:00:00;26.7;0.2;50.0;0.0;170.0;30.0;81.0;106.0
2018-11-06 06:00:00;27.9;0.7;90.0;0.0;160.0;40.0;82.0;117.0
2018-11-06 07:00:00;30.9;0.9;60.0;0.0;160.0;40.0;85.0;125.0
2018-11-06 08:00:00;32.5;3.4;80.0;0.0;160.0;40.0;92.0;139.0
2018-11-06 09:00:00;32.3;7.8;70.0;0.0;150.0;50.0;89.0;154.0
2018-11-06 10:00:00;30.8;11.7;70.0;0.0;150.0;40.0;98.0;171.0
2018-11-06 11:00:00;34.0;9.6;70.0;0.0;140.0;40.0;104.0;176.0
2018-11-06 12:00:00;35.3;11.2;80.0;0.0;130.0;40.0;101.0;191.0
2018-11-06 13:00:00;36.1;14.9;60.0;0.0;120.0;30.0;106.0;181.0
2018-11-06 14:00:00;39.0;16.2;60.0;0.0;120.0;40.0;102.0;175.0
2018-11-06 15:00:00;45.1;7.1;70.0;0.0;130.0;40.0;98.0;154.0
2018-11-06 16:00:00;47.2;4.8;60.0;0.0;110.0;30.0;103.0;140.0
2018-11-06 17:00:00;54.6;1.6;60.0;0.0;130.0;30.0;100.0;144.0
2018-11-06 18:00:00;52.5;0.2;60.0;0.0;150.0;40.0;100.0;143.0
2018-11-06 19:00:00;48.3;0.4;70.0;0.0;150.0;40.0;99.0;145.0
2018-11-06 20:00:00;45.3;0.3;60.0;0.0;150.0;40.0;99.0;142.0
2018-11-06 21:00:00;44.3;0.3;60.0;0.0;160.0;40.0;97.0;139.0
2018-11-06 22:00:00;44.3;2.9;60.0;0.0;160.0;40.0;93.0;134.0
2018-11-06 23:00:00;34.8;9.8;70.0;0.0;170.0;50.0;89.0;132.0
2018-11-07 00:00:00;27.5;19.8;80.0;0.0;170.0;50.0;87.0;123.0
2018-11-07 01:00:00;24.4;24.7;70.0;0.0;170.0;40.0;83.0;114.0
2018-11-07 02:00:00;25.8;23.7;70.0;0.0;150.0;40.0;78.0;118.0
2018-11-07 03:00:00;14.9;30.2;90.0;0.0;170.0;50.0;75.0;109.0
2018-11-07 04:00:00;13.2;35.7;90.0;0.0;150.0;50.0;70.0;108.0
2018-11-07 05:00:00;9.9;40.9;100.0;0.0;150.0;70.0;70.0;103.0
2018-11-07 06:00:00;13.9;36.9;120.0;0.0;160.0;70.0;71.0;103.0
2018-11-07 07:00:00;17.8;34.2;100.0;0.0;160.0;70.0;72.0;110.0
2018-11-07 08:00:00;17.4;36.7;120.0;0.0;160.0;70.0;75.0;118.0
2018-11-07 09:00:00;15.3;38.0;120.0;0.0;160.0;70.0;73.0;120.0
2018-11-07 10:00:00;17.8;35.4;120.0;0.0;160.0;70.0;79.0;118.0
2018-11-07 11:00:00;19.1;33.4;100.0;0.0;170.0;60.0;83.0;122.0
2018-11-07 12:00:00;21.6;31.9;90.0;7.0;160.0;60.0;89.0;115.0
2018-11-07 13:00:00;24.1;32.1;90.0;8.0;170.0;60.0;93.0;116.0
2018-11-07 14:00:00;27.3;24.5;100.0;0.0;160.0;60.0;94.0;120.0
2018-11-07 15:00:00;25.2;31.0;110.0;0.0;170.0;70.0;96.0;117.0
2018-11-07 16:00:00;22.0;33.2;100.0;0.0;170.0;60.0;96.0;116.0
2018-11-07 17:00:00;22.7;30.1;100.0;0.0;170.0;60.0;94.0;118.0
2018-11-07 18:00:00;21.6;31.4;90.0;0.0;170.0;60.0;93.0;116.0
2018-11-07 19:00:00;19.1;32.8;80.0;0.0;170.0;50.0;91.0;112.0
2018-11-07 20:00:00;21.0;28.9;80.0;0.0;170.0;60.0;90.0;109.0
2018-11-07 21:00:00;25.2;21.4;90.0;0.0;170.0;60.0;89.0;108.0
2018-11-07 22:00:00;22.2;23.8;80.0;0.0;180.0;50.0;88.0;105.0
2018-11-07 23:00:00;16.8;30.7;80.0;0.0;180.0;60.0;86.0;102.0
2018-11-08 00:00:00;14.9;29.6;80.0;0.0;190.0;50.0;86.0;104.0
2018-11-08 01:00:00;11.3;36.9;110.0;0.0;200.0;60.0;88.0;108.0
2018-11-08 02:00:00;9.0;38.8;100.0;0.0;190.0;60.0;89.0;105.0
2018-11-08 03:00:00;9.2;37.2;100.0;0.0;210.0;50.0;82.0;105.0
2018-11-08 04:00:00;11.3;40.4;110.0;0.0;220.0;70.0;75.0;104.0
2018-11-08 05:00:00;9.0;49.6;100.0;0.0;220.0;60.0;71.0;93.0
2018-11-08 06:00:00;13.0;46.2;90.0;0.0;210.0;50.0;68.0;87.0
2018-11-08 07:00:00;18.3;40.3;70.0;0.0;210.0;40.0;74.0;91.0
2018-11-08 08:00:00;27.1;29.3;80.0;0.0;210.0;40.0;80.0;106.0
2018-11-08 09:00:00;22.5;34.9;80.0;0.0;180.0;40.0;81.0;111.0
2018-11-08 10:00:00;21.8;33.0;60.0;0.0;170.0;40.0;82.0;118.0
2018-11-08 11:00:00;22.3;32.0;90.0;0.0;180.0;40.0;75.0;123.0
2018-11-08 12:00:00;21.6;36.1;70.0;0.0;180.0;40.0;65.0;128.0
2018-11-08 13:00:00;19.9;41.3;70.0;0.0;170.0;40.0;63.0;128.0
2018-11-08 14:00:00;16.4;50.5;80.0;0.0;160.0;40.0;60.0;120.0
2018-11-08 15:00:00;25.6;43.6;70.0;0.0;150.0;40.0;52.0;108.0
2018-11-08 16:00:00;35.1;27.8;60.0;0.0;120.0;20.0;42.0;77.0
2018-11-08 17:00:00;55.2;6.0;70.0;0.0;100.0;30.0;37.0;55.0
2018-11-08 18:00:00;60.2;1.1;50.0;0.0;100.0;20.0;53.0;76.0
2018-11-08 19:00:00;58.8;1.0;40.0;0.0;100.0;30.0;50.0;70.0
2018-11-08 20:00:00;60.7;0.4;50.0;0.0;90.0;30.0;40.0;52.0
2018-11-08 21:00:00;56.9;2.0;40.0;0.0;90.0;30.0;48.0;73.0
2018-11-08 22:00:00;53.5;3.8;50.0;0.0;100.0;30.0;40.0;68.0
2018-11-08 23:00:00;54.2;4.8;50.0;0.0;90.0;30.0;40.0;68.0
2018-11-09 00:00:00;48.7;7.3;60.0;0.0;100.0;40.0;44.0;70.0
2018-11-09 01:00:00;43.9;7.7;50.0;0.0;110.0;30.0;46.0;69.0
2018-11-09 02:00:00;45.1;3.8;50.0;0.0;100.0;30.0;50.0;68.0
2018-11-09 03:00:00;40.9;3.2;50.0;0.0;110.0;30.0;54.0;71.0
2018-11-09 04:00:00;38.8;2.8;40.0;0.0;110.0;20.0;56.0;69.0
2018-11-09 05:00:00;37.1;1.4;30.0;0.0;110.0;20.0;58.0;68.0
2018-11-09 06:00:00;38.4;0.2;30.0;0.0;110.0;20.0;57.0;67.0
2018-11-09 07:00:00;39.7;0.1;40.0;0.0;130.0;20.0;64.0;79.0
2018-11-09 08:00:00;40.5;1.2;60.0;0.0;160.0;40.0;66.0;86.0
2018-11-09 09:00:00;39.2;3.0;50.0;0.0;150.0;30.0;67.0;93.0
2018-11-09 10:00:00;36.9;4.9;60.0;0.0;170.0;30.0;76.0;103.0
2018-11-09 11:00:00;37.1;6.2;80.0;0.0;150.0;40.0;79.0;109.0
2018-11-09 12:00:00;36.9;7.6;100.0;0.0;140.0;30.0;80.0;116.0
2018-11-09 13:00:00;34.6;10.2;80.0;0.0;160.0;50.0;76.0;114.0
2018-11-09 14:00:00;32.9;11.5;80.0;0.0;160.0;50.0;77.0;113.0
2018-11-09 15:00:00;31.9;10.2;80.0;0.0;150.0;50.0;76.0;109.0
2018-11-09 16:00:00;35.1;6.0;100.0;0.0;150.0;50.0;79.0;110.0
2018-11-09 17:00:00;36.3;4.6;110.0;0.0;150.0;60.0;80.0;117.0
2018-11-09 18:00:00;35.9;7.2;90.0;0.0;160.0;60.0;77.0;114.0
2018-11-09 19:00:00;33.4;10.6;100.0;0.0;160.0;60.0;77.0;108.0
2018-11-09 20:00:00;32.3;12.7;90.0;0.0;160.0;60.0;80.0;108.0
2018-11-09 21:00:00;29.6;13.7;100.0;0.0;160.0;60.0;86.0;112.0
2018-11-09 22:00:00;23.1;18.0;100.0;0.0;160.0;60.0;89.0;115.0
2018-11-09 23:00:00;18.0;23.1;110.0;0.0;160.0;60.0;90.0;119.0
2018-11-10 00:00:00;13.9;27.9;120.0;0.0;160.0;80.0;90.0;125.0
2018-11-10 01:00:00;10.3;34.3;120.0;0.0;160.0;80.0;89.0;126.0
2018-11-10 02:00:00;8.2;37.5;120.0;0.0;160.0;80.0;91.0;124.0
2018-11-10 03:00:00;7.8;38.5;120.0;8.0;170.0;80.0;93.0;119.0
2018-11-10 04:00:00;5.9;40.8;140.0;8.0;170.0;80.0;98.0;113.0
2018-11-10 05:00:00;8.6;40.3;120.0;10.0;170.0;80.0;103.0;109.0
2018-11-10 06:00:00;9.6;40.3;130.0;4.0;180.0;70.0;103.0;114.0
2018-11-10 07:00:00;9.4;42.0;120.0;5.0;190.0;70.0;106.0;114.0
2018-11-10 08:00:00;8.0;42.2;130.0;1.0;180.0;70.0;105.0;122.0
2018-11-10 09:00:00;9.0;41.8;100.0;0.0;190.0;60.0;104.0;128.0
2018-11-10 10:00:00;11.8;40.2;110.0;0.0;180.0;60.0;103.0;130.0
2018-11-10 11:00:00;11.5;41.8;100.0;0.0;170.0;60.0;105.0;128.0
2018-11-10 12:00:00;14.3;39.3;90.0;4.0;170.0;50.0;108.0;125.0
2018-11-10 13:00:00;18.7;33.1;90.0;10.0;170.0;60.0;111.0;119.0
2018-11-10 14:00:00;22.0;27.6;70.0;8.0;160.0;40.0;114.0;119.0
2018-11-10 15:00:00;23.9;23.9;70.0;5.0;170.0;40.0;112.0;118.0
2018-11-10 16:00:00;26.0;21.3;80.0;3.0;180.0;50.0;105.0;113.0
2018-11-10 17:00:00;20.8;34.3;70.0;0.0;180.0;40.0;104.0;114.0
2018-11-10 18:00:00;18.5;31.4;70.0;0.0;170.0;40.0;97.0;107.0
2018-11-10 19:00:00;17.8;30.0;60.0;0.0;180.0;40.0;93.0;105.0
2018-11-10 20:00:00;17.4;33.9;60.0;0.0;170.0;40.0;89.0;97.0
2018-11-10 21:00:00;18.1;37.2;70.0;0.0;170.0;40.0;88.0;98.0
2018-11-10 22:00:00;16.6;41.2;60.0;0.0;160.0;40.0;89.0;98.0
2018-11-10 23:00:00;19.7;32.0;70.0;0.0;170.0;50.0;94.0;106.0
2018-11-11 00:00:00;18.7;27.5;80.0;0.0;170.0;60.0;98.0;110.0
2018-11-11 01:00:00;17.6;28.4;90.0;0.0;170.0;60.0;98.0;114.0
2018-11-11 02:00:00;13.2;33.2;100.0;0.0;170.0;60.0;99.0;116.0
2018-11-11 03:00:00;12.0;40.2;100.0;0.0;180.0;60.0;95.0;119.0
2018-11-11 04:00:00;8.0;47.5;100.0;6.0;170.0;70.0;99.0;111.0
2018-11-11 05:00:00;6.5;47.8;100.0;0.0;170.0;60.0;99.0;110.0
2018-11-11 06:00:00;7.4;46.0;90.0;0.0;180.0;50.0;97.0;110.0
2018-11-11 07:00:00;8.2;46.5;100.0;0.0;180.0;60.0;97.0;117.0
2018-11-11 08:00:00;7.1;47.0;110.0;0.0;190.0;60.0;95.0;121.0
2018-11-11 09:00:00;7.3;47.1;120.0;0.0;190.0;70.0;93.0;122.0
2018-11-11 10:00:00;6.1;49.6;130.0;0.0;200.0;80.0;96.0;127.0
2018-11-11 11:00:00;6.3;48.0;130.0;0.0;200.0;70.0;96.0;127.0
2018-11-11 12:00:00;11.5;44.2;120.0;0.0;200.0;70.0;98.0;132.0
2018-11-11 13:00:00;10.7;44.0;110.0;0.0;190.0;70.0;95.0;131.0
2018-11-11 14:00:00;9.7;44.7;110.0;0.0;200.0;70.0;94.0;127.0
2018-11-11 15:00:00;10.7;46.1;120.0;0.0;190.0;60.0;94.0;124.0
2018-11-11 16:00:00;11.8;45.1;110.0;0.0;190.0;60.0;87.0;115.0
2018-11-11 17:00:00;13.4;43.9;90.0;0.0;220.0;50.0;87.0;116.0
2018-11-11 18:00:00;14.9;43.1;100.0;0.0;190.0;50.0;87.0;107.0
2018-11-11 19:00:00;17.2;38.8;70.0;0.0;200.0;40.0;88.0;100.0
2018-11-11 20:00:00;22.5;25.6;70.0;0.0;190.0;40.0;87.0;97.0
2018-11-11 21:00:00;21.6;26.0;70.0;0.0;190.0;50.0;88.0;98.0
2018-11-11 22:00:00;22.2;22.7;70.0;0.0;180.0;40.0;89.0;98.0
2018-11-11 23:00:00;18.7;24.6;60.0;0.0;180.0;40.0;89.0;96.0
2018-11-12 00:00:00;17.0;25.0;50.0;0.0;190.0;30.0;92.0;98.0
2018-11-12 01:00:00;17.6;22.5;40.0;0.0;170.0;30.0;93.0;97.0
2018-11-12 02:00:00;17.2;19.1;50.0;0.0;150.0;40.0;95.0;102.0
2018-11-12 03:00:00;21.6;11.9;50.0;0.0;160.0;30.0;96.0;102.0
2018-11-12 04:00:00;18.0;12.8;40.0;10.0;170.0;20.0;98.0;103.0
2018-11-12 05:00:00;23.7;10.5;40.0;10.0;170.0;30.0;99.0;102.0
2018-11-12 06:00:00;29.8;5.1;80.0;10.0;180.0;30.0;102.0;104.0
2018-11-12 07:00:00;33.8;3.0;70.0;10.0;200.0;30.0;103.0;105.0
2018-11-12 08:00:00;35.0;5.6;60.0;10.0;160.0;20.0;104.0;108.0
2018-11-12 09:00:00;36.3;7.8;60.0;8.0;200.0;20.0;106.0;112.0
2018-11-12 10:00:00;35.1;8.0;60.0;9.0;210.0;30.0;105.0;117.0
2018-11-12 11:00:00;36.3;14.4;50.0;0.0;210.0;40.0;99.0;115.0
2018-11-12 12:00:00;37.6;14.8;70.0;3.0;190.0;30.0;101.0;117.0
2018-11-12 13:00:00;29.4;25.5;60.0;0.0;230.0;40.0;95.0;116.0
2018-11-12 14:00:00;28.8;33.3;60.0;0.0;200.0;40.0;98.0;115.0
2018-11-12 15:00:00;35.3;22.6;50.0;0.0;180.0;30.0;97.0;110.0
2018-11-12 16:00:00;43.4;12.7;90.0;0.0;190.0;40.0;93.0;103.0
2018-11-12 17:00:00;47.4;7.8;100.0;0.0;190.0;50.0;92.0;103.0
2018-11-12 18:00:00;50.2;5.2;80.0;0.0;190.0;50.0;88.0;101.0
2018-11-12 19:00:00;33.2;18.5;70.0;0.0;190.0;50.0;85.0;101.0
2018-11-12 20:00:00;29.0;23.3;90.0;0.0;190.0;50.0;83.0;100.0
2018-11-12 21:00:00;24.1;26.6;80.0;0.0;180.0;50.0;81.0;97.0
2018-11-12 22:00:00;23.5;26.5;80.0;0.0;180.0;50.0;81.0;98.0
2018-11-12 23:00:00;19.1;29.8;80.0;0.0;200.0;50.0;80.0;95.0
2018-11-13 00:00:00;16.8;32.8;80.0;0.0;190.0;50.0;82.0;97.0
2018-11-13 01:00:00;14.1;33.5;90.0;0.0;200.0;60.0;82.0;97.0
2018-11-13 02:00:00;13.6;30.8;90.0;0.0;190.0;60.0;84.0;97.0
2018-11-13 03:00:00;15.1;26.5;100.0;0.0;190.0;60.0;82.0;92.0
2018-11-13 04:00:00;15.9;23.9;100.0;0.0;190.0;60.0;83.0;94.0
2018-11-13 05:00:00;19.9;19.6;120.0;0.0;210.0;70.0;84.0;100.0
2018-11-13 06:00:00;18.5;26.7;140.0;0.0;200.0;80.0;84.0;102.0
2018-11-13 07:00:00;20.6;29.8;160.0;0.0;220.0;90.0;77.0;102.0
2018-11-13 08:00:00;19.3;39.5;130.0;1.0;210.0;80.0;81.0;107.0
2018-11-13 09:00:00;16.2;48.3;150.0;0.0;220.0;90.0;77.0;108.0
2018-11-13 10:00:00;17.8;49.8;140.0;0.0;230.0;90.0;84.0;115.0
2018-11-13 11:00:00;12.6;52.6;140.0;0.0;230.0;90.0;89.0;124.0
2018-11-13 12:00:00;14.5;52.6;140.0;0.0;230.0;90.0;90.0;126.0
2018-11-13 13:00:00;12.8;57.1;140.0;0.0;240.0;80.0;88.0;127.0
2018-11-13 14:00:00;13.0;56.0;130.0;0.0;240.0;80.0;85.0;120.0
2018-11-13 15:00:00;15.1;53.9;120.0;0.0;240.0;70.0;82.0;110.0
2018-11-13 16:00:00;18.1;52.7;90.0;0.0;220.0;50.0;87.0;108.0
2018-11-13 17:00:00;28.1;37.3;80.0;0.0;220.0;50.0;85.0;107.0
2018-11-13 18:00:00;28.7;32.0;80.0;0.0;220.0;50.0;87.0;103.0
2018-11-13 19:00:00;30.8;24.9;90.0;0.0;220.0;60.0;86.0;102.0
2018-11-13 20:00:00;26.2;29.8;90.0;0.0;210.0;50.0;83.0;98.0
2018-11-13 21:00:00;23.5;31.5;70.0;0.0;220.0;50.0;83.0;97.0
2018-11-13 22:00:00;23.1;31.2;80.0;0.0;200.0;50.0;83.0;93.0
2018-11-13 23:00:00;18.9;33.8;50.0;0.0;190.0;40.0;80.0;88.0
2018-11-14 00:00:00;19.7;25.9;50.0;0.0;190.0;40.0;82.0;97.0
2018-11-14 01:00:00;24.1;22.0;60.0;0.0;180.0;40.0;75.0;90.0
2018-11-14 02:00:00;24.3;19.3;60.0;0.0;180.0;40.0;71.0;87.0
2018-11-14 03:00:00;25.2;16.9;70.0;0.0;180.0;40.0;69.0;82.0
2018-11-14 04:00:00;25.2;18.1;60.0;0.0;180.0;40.0;64.0;75.0
2018-11-14 05:00:00;28.1;15.7;60.0;0.0;170.0;40.0;63.0;73.0
2018-11-14 06:00:00;33.2;7.7;70.0;0.0;170.0;40.0;62.0;71.0
2018-11-14 07:00:00;39.2;3.9;70.0;0.0;170.0;50.0;66.0;75.0
2018-11-14 08:00:00;43.2;2.5;70.0;0.0;190.0;40.0;74.0;87.0
2018-11-14 09:00:00;38.4;8.6;80.0;0.0;180.0;50.0;81.0;101.0
2018-11-14 10:00:00;38.0;11.6;90.0;0.0;190.0;50.0;83.0;110.0
2018-11-14 11:00:00;31.5;20.5;70.0;0.0;180.0;50.0;84.0;115.0
2018-11-14 12:00:00;25.2;30.9;80.0;0.0;180.0;40.0;89.0;126.0
2018-11-14 13:00:00;23.1;33.6;70.0;0.0;180.0;40.0;83.0;127.0
2018-11-14 14:00:00;19.5;41.2;70.0;0.0;170.0;40.0;77.0;121.0
2018-11-14 15:00:00;22.5;39.0;70.0;0.0;160.0;30.0;80.0;108.0
2018-11-14 16:00:00;47.6;12.5;60.0;0.0;150.0;30.0;73.0;107.0
2018-11-14 17:00:00;45.1;11.0;60.0;0.0;160.0;40.0;72.0;100.0
2018-11-14 18:00:00;45.3;5.5;70.0;0.0;160.0;50.0;69.0;93.0
2018-11-14 19:00:00;43.0;5.3;60.0;0.0;150.0;40.0;65.0;92.0
2018-11-14 20:00:00;39.5;4.9;40.0;0.0;150.0;30.0;52.0;61.0
2018-11-14 21:00:00;43.0;0.5;40.0;0.0;60.0;10.0;57.0;70.0
2018-11-14 22:00:00;43.0;0.1;10.0;0.0;90.0;0.0;41.0;45.0
2018-11-14 23:00:00;40.9;0.1;20.0;0.0;150.0;10.0;20.0;24.0
2018-11-15 00:00:00;39.7;0.2;20.0;0.0;130.0;10.0;44.0;49.0
2018-11-15 01:00:00;38.8;0.2;30.0;0.0;140.0;20.0;49.0;59.0
2018-11-15 02:00:00;38.0;0.1;40.0;0.0;160.0;20.0;43.0;55.0
2018-11-15 03:00:00;35.9;0.5;30.0;0.0;150.0;20.0;38.0;44.0
2018-11-15 04:00:00;35.3;1.3;40.0;0.0;160.0;30.0;37.0;49.0
2018-11-15 05:00:00;34.4;2.7;50.0;0.0;160.0;30.0;42.0;61.0
2018-11-15 06:00:00;33.6;2.7;50.0;0.0;160.0;30.0;44.0;59.0
2018-11-15 07:00:00;37.6;0.3;40.0;0.0;120.0;20.0;48.0;63.0
2018-11-15 08:00:00;38.6;0.8;30.0;0.0;120.0;20.0;57.0;78.0
2018-11-15 09:00:00;37.2;2.0;70.0;0.0;150.0;20.0;65.0;101.0
2018-11-15 10:00:00;36.7;4.2;50.0;0.0;150.0;30.0;69.0;112.0
2018-11-15 11:00:00;35.7;6.2;50.0;0.0;120.0;30.0;73.0;123.0
2018-11-15 12:00:00;35.7;7.6;60.0;0.0;130.0;30.0;78.0;129.0
2018-11-15 13:00:00;34.6;11.0;50.0;0.0;120.0;30.0;79.0;128.0
2018-11-15 14:00:00;33.2;11.0;70.0;0.0;110.0;30.0;72.0;127.0
2018-11-15 15:00:00;39.3;8.0;50.0;0.0;110.0;30.0;70.0;112.0
2018-11-15 16:00:00;47.4;3.2;50.0;0.0;120.0;30.0;72.0;103.0
2018-11-15 17:00:00;53.5;0.4;40.0;0.0;110.0;20.0;69.0;96.0
2018-11-15 18:00:00;50.8;0.4;50.0;0.0;130.0;30.0;65.0;85.0
2018-11-15 19:00:00;47.0;0.4;50.0;0.0;120.0;30.0;59.0;77.0
2018-11-15 20:00:00;44.3;0.2;40.0;0.0;110.0;20.0;55.0;68.0
2018-11-15 21:00:00;40.9;0.0;30.0;0.0;110.0;20.0;39.0;46.0
2018-11-15 22:00:00;37.6;0.0;40.0;0.0;100.0;30.0;41.0;49.0
2018-11-15 23:00:00;37.6;0.1;30.0;0.0;90.0;20.0;22.0;30.0
2018-11-16 00:00:00;38.8;0.1;40.0;0.0;100.0;20.0;22.0;29.0
2018-11-16 01:00:00;36.3;0.2;50.0;0.0;100.0;30.0;26.0;29.0
2018-11-16 02:00:00;32.9;0.1;40.0;0.0;0.0;10.0;22.0;24.0
2018-11-16 03:00:00;29.4;0.1;20.0;0.0;110.0;10.0;3.0;8.0
2018-11-16 04:00:00;27.9;0.1;30.0;0.0;180.0;10.0;-1.0;2.0
2018-11-16 05:00:00;27.9;0.1;30.0;0.0;60.0;20.0;-6.0;-3.0
2018-11-16 06:00:00;27.1;0.0;50.0;0.0;130.0;20.0;19.0;19.0
2018-11-16 07:00:00;28.8;0.1;60.0;0.0;120.0;30.0;24.0;24.0
2018-11-16 08:00:00;28.7;0.4;50.0;0.0;110.0;30.0;24.0;24.0
2018-11-16 09:00:00;26.4;2.0;50.0;0.0;90.0;30.0;28.0;28.0
2018-11-16 10:00:00;22.9;3.6;50.0;0.0;80.0;30.0;26.0;29.0
2018-11-16 11:00:00;26.0;3.4;40.0;0.0;100.0;30.0;33.0;35.0
2018-11-16 12:00:00;30.9;2.5;50.0;0.0;100.0;30.0;44.0;47.0
2018-11-16 13:00:00;26.5;3.6;50.0;0.0;90.0;30.0;46.0;54.0
2018-11-16 14:00:00;28.3;4.7;60.0;0.0;80.0;40.0;45.0;53.0
2018-11-16 15:00:00;30.4;3.3;50.0;0.0;70.0;30.0;37.0;44.0
2018-11-16 16:00:00;39.9;1.1;40.0;0.0;90.0;20.0;34.0;39.0
2018-11-16 17:00:00;45.5;0.0;30.0;0.0;30.0;20.0;26.0;29.0
2018-11-16 18:00:00;45.6;0.0;20.0;0.0;50.0;20.0;30.0;33.0
2018-11-16 19:00:00;43.0;-0.1;30.0;0.0;40.0;20.0;25.0;27.0
2018-11-16 20:00:00;41.3;0.0;20.0;0.0;70.0;20.0;14.0;17.0
2018-11-16 21:00:00;40.5;0.1;20.0;0.0;30.0;10.0;12.0;15.0
2018-11-16 22:00:00;39.9;0.2;20.0;0.0;60.0;10.0;15.0;18.0
2018-11-16 23:00:00;39.2;0.1;30.0;0.0;90.0;20.0;4.0;11.0
2018-11-17 00:00:00;40.3;0.1;40.0;0.0;100.0;20.0;13.0;25.0
2018-11-17 01:00:00;40.7;0.2;50.0;0.0;80.0;30.0;5.0;18.0
2018-11-17 02:00:00;40.7;0.3;40.0;0.0;100.0;20.0;3.0;13.0
2018-11-17 03:00:00;37.8;0.1;50.0;0.0;100.0;30.0;11.0;37.0
2018-11-17 04:00:00;38.0;0.1;60.0;0.0;100.0;40.0;9.0;37.0
2018-11-17 05:00:00;38.4;1.6;60.0;0.0;100.0;30.0;8.0;38.0
2018-11-17 06:00:00;35.5;3.2;90.0;0.0;90.0;40.0;5.0;23.0
2018-11-17 07:00:00;37.1;2.8;50.0;0.0;90.0;30.0;7.0;24.0
2018-11-17 08:00:00;34.6;3.4;50.0;0.0;90.0;30.0;15.0;37.0
2018-11-17 09:00:00;32.7;6.4;80.0;0.0;100.0;40.0;20.0;57.0
2018-11-17 10:00:00;30.4;10.3;80.0;0.0;90.0;50.0;25.0;69.0
2018-11-17 11:00:00;29.8;13.5;90.0;0.0;90.0;50.0;28.0;76.0
2018-11-17 12:00:00;26.7;18.3;100.0;0.0;90.0;60.0;27.0;83.0
2018-11-17 13:00:00;26.0;20.9;90.0;0.0;90.0;60.0;26.0;83.0
2018-11-17 14:00:00;24.4;22.8;90.0;0.0;80.0;50.0;22.0;78.0
2018-11-17 15:00:00;27.7;21.4;80.0;0.0;60.0;40.0;18.0;50.0
2018-11-17 16:00:00;32.7;16.5;70.0;0.0;60.0;40.0;18.0;52.0
2018-11-17 17:00:00;42.0;9.4;70.0;0.0;60.0;50.0;14.0;40.0
2018-11-17 18:00:00;36.1;15.3;70.0;0.0;60.0;40.0;6.0;24.0
2018-11-17 19:00:00;35.5;13.3;80.0;0.0;60.0;40.0;4.0;24.0
2018-11-17 20:00:00;34.6;8.4;50.0;0.0;50.0;30.0;-3.0;14.0
2018-11-17 21:00:00;36.1;5.8;70.0;0.0;80.0;40.0;-3.0;21.0
2018-11-17 22:00:00;30.6;9.8;70.0;0.0;70.0;40.0;-8.0;22.0
2018-11-17 23:00:00;25.0;15.5;60.0;0.0;80.0;40.0;-14.0;18.0
2018-11-18 00:00:00;25.0;15.2;70.0;0.0;80.0;40.0;-15.0;17.0
2018-11-18 01:00:00;26.5;12.8;60.0;0.0;80.0;40.0;-18.0;9.0
2018-11-18 02:00:00;22.3;16.8;60.0;0.0;80.0;40.0;-18.0;11.0
2018-11-18 03:00:00;24.1;13.6;60.0;0.0;70.0;40.0;-25.0;-8.0
2018-11-18 04:00:00;21.6;14.0;50.0;0.0;70.0;30.0;-26.0;-8.0
2018-11-18 05:00:00;21.8;13.6;50.0;0.0;40.0;30.0;-33.0;-21.0
2018-11-18 06:00:00;24.4;10.5;30.0;0.0;40.0;20.0;-26.0;-15.0
2018-11-18 07:00:00;23.9;10.1;40.0;0.0;60.0;20.0;-26.0;-14.0
2018-11-18 08:00:00;27.1;8.8;70.0;0.0;70.0;40.0;-15.0;17.0
2018-11-18 09:00:00;23.1;19.6;70.0;0.0;70.0;50.0;-18.0;35.0
2018-11-18 10:00:00;19.9;22.2;80.0;0.0;60.0;50.0;-12.0;49.0
2018-11-18 11:00:00;21.4;25.1;90.0;0.0;70.0;60.0;-14.0;60.0
2018-11-18 12:00:00;20.1;32.6;90.0;0.0;60.0;60.0;-17.0;66.0
2018-11-18 13:00:00;23.3;32.4;80.0;0.0;50.0;60.0;-15.0;68.0
2018-11-18 14:00:00;25.2;34.0;90.0;0.0;50.0;60.0;-22.0;53.0
2018-11-18 15:00:00;23.1;38.9;90.0;0.0;50.0;50.0;-22.0;43.0
2018-11-18 16:00:00;31.5;27.5;70.0;0.0;50.0;50.0;-40.0;37.0
2018-11-18 17:00:00;36.7;22.9;80.0;0.0;60.0;50.0;-37.0;27.0
2018-11-18 18:00:00;35.9;26.1;90.0;0.0;50.0;60.0;-45.0;29.0
2018-11-18 19:00:00;35.7;23.9;70.0;0.0;40.0;50.0;-39.0;22.0
2018-11-18 20:00:00;29.4;29.5;60.0;0.0;40.0;40.0;-27.0;15.0
2018-11-18 21:00:00;29.2;26.3;70.0;0.0;60.0;40.0;4.0;33.0
2018-11-18 22:00:00;29.2;20.0;80.0;0.0;50.0;50.0;11.0;31.0
2018-11-18 23:00:00;21.2;22.1;80.0;0.0;60.0;50.0;21.0;38.0
2018-11-19 00:00:00;18.1;22.5;80.0;0.0;60.0;50.0;17.0;28.0
2018-11-19 01:00:00;13.9;24.8;60.0;0.0;60.0;40.0;12.0;19.0
2018-11-19 02:00:00;14.7;23.2;70.0;0.0;40.0;40.0;21.0;32.0
2018-11-19 03:00:00;12.8;24.1;90.0;0.0;60.0;60.0;29.0;45.0
2018-11-19 04:00:00;12.8;25.4;90.0;0.0;50.0;50.0;31.0;48.0
2018-11-19 05:00:00;15.9;28.6;80.0;0.0;40.0;50.0;31.0;50.0
2018-11-19 06:00:00;24.1;22.9;100.0;0.0;50.0;60.0;29.0;51.0
2018-11-19 07:00:00;36.3;15.2;100.0;0.0;50.0;60.0;31.0;55.0
2018-11-19 08:00:00;37.2;15.0;100.0;0.0;40.0;70.0;33.0;59.0
2018-11-19 09:00:00;29.0;23.4;110.0;0.0;50.0;70.0;32.0;62.0
2018-11-19 10:00:00;26.2;25.0;110.0;0.0;40.0;70.0;30.0;68.0
2018-11-19 11:00:00;23.9;27.1;140.0;0.0;50.0;90.0;30.0;73.0
2018-11-19 12:00:00;18.3;33.1;140.0;0.0;50.0;90.0;27.0;67.0
2018-11-19 13:00:00;17.4;33.4;130.0;0.0;50.0;80.0;31.0;61.0
2018-11-19 14:00:00;22.2;28.3;130.0;0.0;50.0;90.0;21.0;58.0
2018-11-19 15:00:00;29.4;21.6;140.0;0.0;60.0;70.0;15.0;47.0
2018-11-19 16:00:00;25.2;24.5;120.0;0.0;50.0;70.0;11.0;43.0
2018-11-19 17:00:00;29.8;22.4;110.0;0.0;50.0;70.0;11.0;42.0
2018-11-19 18:00:00;28.8;19.9;100.0;0.0;50.0;60.0;9.0;37.0
2018-11-19 19:00:00;23.9;23.9;100.0;0.0;50.0;70.0;7.0;35.0
2018-11-19 20:00:00;21.2;25.2;120.0;0.0;50.0;70.0;5.0;33.0
2018-11-19 21:00:00;18.9;25.3;110.0;0.0;50.0;70.0;5.0;34.0
2018-11-19 22:00:00;16.2;26.3;110.0;0.0;60.0;80.0;-1.0;27.0
2018-11-19 23:00:00;17.6;25.2;100.0;0.0;50.0;70.0;4.0;29.0
2018-11-20 00:00:00;15.7;26.5;110.0;0.0;50.0;70.0;2.0;33.0
2018-11-20 01:00:00;13.9;26.2;140.0;0.0;60.0;80.0;-18.0;32.0
2018-11-20 02:00:00;12.6;35.0;150.0;0.0;80.0;90.0;-23.0;26.0
2018-11-20 03:00:00;8.4;43.0;140.0;0.0;70.0;90.0;-19.0;26.0
2018-11-20 04:00:00;10.5;40.1;120.0;0.0;70.0;80.0;-13.0;33.0
2018-11-20 05:00:00;16.2;36.9;130.0;0.0;80.0;80.0;-16.0;36.0
2018-11-20 06:00:00;26.2;27.7;130.0;0.0;60.0;80.0;-14.0;36.0
2018-11-20 07:00:00;27.1;29.9;120.0;0.0;70.0;80.0;-9.0;37.0
2018-11-20 08:00:00;31.9;24.2;120.0;0.0;80.0;70.0;-1.0;34.0
2018-11-20 09:00:00;26.2;24.5;130.0;0.0;80.0;80.0;0.0;38.0
2018-11-20 10:00:00;24.8;24.1;120.0;0.0;80.0;80.0;-5.0;42.0
2018-11-20 11:00:00;20.1;28.9;130.0;0.0;80.0;80.0;-7.0;41.0
2018-11-20 12:00:00;20.4;29.1;140.0;0.0;80.0;80.0;-6.0;41.0
2018-11-20 13:00:00;22.3;28.2;140.0;0.0;80.0;80.0;-6.0;39.0
2018-11-20 14:00:00;22.9;27.8;140.0;0.0;70.0;80.0;-8.0;38.0
2018-11-20 15:00:00;26.2;25.1;130.0;0.0;80.0;70.0;-6.0;36.0
2018-11-20 16:00:00;27.5;22.3;110.0;0.0;70.0;60.0;-5.0;35.0
2018-11-20 17:00:00;26.4;20.3;100.0;0.0;80.0;70.0;-6.0;36.0
2018-11-20 18:00:00;27.5;16.6;100.0;0.0;80.0;70.0;-4.0;36.0
2018-11-20 19:00:00;24.1;17.8;110.0;0.0;80.0;70.0;-1.0;34.0
2018-11-20 20:00:00;23.5;16.5;120.0;0.0;90.0;80.0;1.0;30.0
2018-11-20 21:00:00;20.8;16.9;100.0;0.0;90.0;70.0;3.0;30.0
2018-11-20 22:00:00;19.3;14.9;110.0;2.0;110.0;70.0;5.0;28.0
2018-11-20 23:00:00;22.0;11.4;110.0;1.0;100.0;60.0;10.0;30.0
2018-11-21 00:00:00;22.2;10.7;90.0;0.0;110.0;60.0;5.0;27.0
2018-11-21 01:00:00;23.9;8.9;90.0;0.0;100.0;60.0;3.0;23.0
2018-11-21 02:00:00;26.4;6.8;90.0;0.0;110.0;60.0;7.0;26.0
2018-11-21 03:00:00;27.3;5.2;90.0;2.0;110.0;50.0;9.0;29.0
2018-11-21 04:00:00;25.2;5.7;80.0;2.0;110.0;50.0;14.0;30.0
2018-11-21 05:00:00;25.2;5.1;70.0;0.0;100.0;50.0;8.0;25.0
2018-11-21 06:00:00;29.0;2.1;70.0;0.0;100.0;40.0;6.0;20.0
2018-11-21 07:00:00;31.9;0.8;70.0;0.0;110.0;40.0;4.0;18.0
2018-11-21 08:00:00;34.4;0.5;60.0;0.0;100.0;40.0;9.0;26.0
2018-11-21 09:00:00;36.1;1.4;50.0;0.0;100.0;30.0;14.0;35.0
2018-11-21 10:00:00;30.8;3.8;60.0;0.0;90.0;30.0;16.0;39.0
2018-11-21 11:00:00;28.7;5.9;50.0;0.0;110.0;30.0;18.0;45.0
2018-11-21 12:00:00;30.4;5.3;50.0;0.0;110.0;30.0;15.0;45.0
2018-11-21 13:00:00;34.4;4.5;50.0;0.0;90.0;30.0;21.0;48.0
2018-11-21 14:00:00;35.3;2.8;50.0;0.0;80.0;30.0;17.0;46.0
2018-11-21 15:00:00;37.1;1.6;50.0;0.0;90.0;30.0;14.0;44.0
2018-11-21 16:00:00;38.8;1.0;50.0;0.0;60.0;30.0;17.0;40.0
2018-11-21 17:00:00;38.0;0.2;50.0;0.0;80.0;30.0;14.0;41.0
2018-11-21 18:00:00;37.1;1.2;60.0;0.0;80.0;40.0;13.0;38.0
2018-11-21 19:00:00;35.1;2.0;70.0;0.0;90.0;40.0;11.0;37.0
2018-11-21 20:00:00;32.1;3.6;60.0;0.0;80.0;30.0;10.0;35.0
2018-11-21 21:00:00;28.7;7.2;60.0;0.0;80.0;30.0;10.0;31.0
2018-11-21 22:00:00;25.8;9.3;50.0;0.0;70.0;30.0;11.0;28.0
2018-11-21 23:00:00;27.7;8.2;50.0;0.0;90.0;30.0;10.0;33.0
2018-11-22 00:00:00;21.6;10.3;50.0;0.0;90.0;30.0;11.0;34.0
2018-11-22 01:00:00;24.6;5.8;50.0;0.0;90.0;30.0;11.0;33.0
2018-11-22 02:00:00;29.2;2.3;70.0;0.0;80.0;40.0;7.0;33.0
2018-11-22 03:00:00;28.8;3.3;60.0;0.0;70.0;40.0;8.0;31.0
2018-11-22 04:00:00;27.5;6.2;60.0;0.0;80.0;40.0;9.0;31.0
2018-11-22 05:00:00;30.4;3.5;50.0;0.0;80.0;30.0;9.0;31.0
2018-11-22 06:00:00;30.8;0.7;50.0;0.0;80.0;40.0;9.0;30.0
2018-11-22 07:00:00;31.3;0.5;60.0;0.0;80.0;40.0;9.0;30.0
2018-11-22 08:00:00;28.5;0.7;60.0;0.0;90.0;40.0;11.0;33.0
2018-11-22 09:00:00;26.0;2.0;60.0;0.0;90.0;30.0;13.0;36.0
2018-11-22 10:00:00;23.7;3.0;50.0;0.0;90.0;40.0;16.0;40.0
2018-11-22 11:00:00;25.2;2.9;50.0;0.0;100.0;30.0;19.0;44.0
2018-11-22 12:00:00;25.2;3.8;50.0;0.0;110.0;30.0;18.0;47.0
2018-11-22 13:00:00;25.8;2.8;50.0;0.0;90.0;30.0;15.0;44.0
2018-11-22 14:00:00;28.8;3.1;50.0;0.0;90.0;40.0;16.0;45.0
2018-11-22 15:00:00;30.6;1.9;50.0;0.0;80.0;30.0;18.0;43.0
2018-11-22 16:00:00;32.3;0.5;50.0;0.0;90.0;30.0;18.0;40.0
2018-11-22 17:00:00;31.9;0.4;50.0;0.0;110.0;30.0;21.0;43.0
2018-11-22 18:00:00;34.6;0.4;60.0;0.0;100.0;30.0;20.0;38.0
2018-11-22 19:00:00;32.1;0.3;50.0;0.0;110.0;30.0;16.0;36.0
2018-11-22 20:00:00;29.0;0.3;40.0;0.0;90.0;30.0;9.0;22.0
2018-11-22 21:00:00;26.7;0.3;30.0;0.0;90.0;20.0;8.0;15.0
2018-11-22 22:00:00;25.2;0.2;40.0;0.0;90.0;20.0;-4.0;6.0
2018-11-22 23:00:00;23.9;0.2;30.0;0.0;80.0;20.0;-13.0;-9.0
2018-11-23 00:00:00;22.3;0.2;30.0;0.0;70.0;20.0;-3.0;3.0
2018-11-23 01:00:00;21.4;0.2;30.0;0.0;60.0;20.0;-6.0;-2.0
2018-11-23 02:00:00;21.8;0.2;50.0;0.0;100.0;30.0;6.0;12.0
2018-11-23 03:00:00;24.4;0.2;50.0;0.0;90.0;20.0;8.0;15.0
2018-11-23 04:00:00;24.6;0.2;40.0;0.0;110.0;30.0;7.0;17.0
2018-11-23 05:00:00;26.0;0.1;40.0;0.0;110.0;20.0;8.0;19.0
2018-11-23 06:00:00;29.4;0.1;40.0;0.0;90.0;20.0;8.0;19.0
2018-11-23 07:00:00;30.4;0.1;40.0;0.0;90.0;30.0;6.0;18.0
2018-11-23 08:00:00;31.3;0.4;40.0;0.0;90.0;30.0;13.0;30.0
2018-11-23 09:00:00;31.9;1.0;40.0;0.0;90.0;30.0;20.0;39.0
2018-11-23 10:00:00;33.2;1.3;40.0;0.0;110.0;30.0;26.0;49.0
2018-11-23 11:00:00;34.0;1.7;40.0;0.0;100.0;30.0;33.0;58.0
2018-11-23 12:00:00;35.9;2.2;40.0;0.0;80.0;20.0;38.0;67.0
2018-11-23 13:00:00;38.2;2.7;50.0;0.0;90.0;30.0;44.0;78.0
2018-11-23 14:00:00;42.6;3.0;50.0;0.0;100.0;30.0;40.0;68.0
2018-11-23 15:00:00;44.9;1.2;50.0;0.0;80.0;30.0;35.0;55.0
2018-11-23 16:00:00;43.7;-0.4;50.0;0.0;60.0;30.0;33.0;54.0
2018-11-23 17:00:00;43.7;-0.1;50.0;0.0;80.0;40.0;28.0;52.0
2018-11-23 18:00:00;41.8;0.2;50.0;0.0;80.0;30.0;31.0;50.0
2018-11-23 19:00:00;39.9;0.2;60.0;0.0;70.0;30.0;27.0;43.0
2018-11-23 20:00:00;39.2;0.2;50.0;0.0;50.0;30.0;16.0;24.0
2018-11-23 21:00:00;37.8;0.1;40.0;0.0;40.0;20.0;16.0;23.0
2018-11-23 22:00:00;36.7;0.2;30.0;0.0;50.0;20.0;13.0;20.0
2018-11-23 23:00:00;35.0;0.2;40.0;0.0;50.0;30.0;1.0;5.0
2018-11-24 00:00:00;36.3;0.0;30.0;0.0;50.0;30.0;3.0;8.0
2018-11-24 01:00:00;36.3;0.0;50.0;0.0;60.0;30.0;2.0;6.0
2018-11-24 02:00:00;36.9;0.0;40.0;0.0;60.0;30.0;2.0;6.0
2018-11-24 03:00:00;35.1;0.0;60.0;0.0;70.0;30.0;3.0;9.0
2018-11-24 04:00:00;33.2;0.0;70.0;0.0;60.0;50.0;11.0;12.0
2018-11-24 05:00:00;31.1;0.0;70.0;0.0;80.0;40.0;14.0;17.0
2018-11-24 06:00:00;28.1;0.6;80.0;0.0;80.0;50.0;17.0;20.0
2018-11-24 07:00:00;27.3;1.3;80.0;0.0;80.0;50.0;20.0;23.0
2018-11-24 08:00:00;24.3;3.8;70.0;0.0;80.0;40.0;23.0;28.0
2018-11-24 09:00:00;25.2;4.5;80.0;0.0;80.0;50.0;23.0;30.0
2018-11-24 10:00:00;26.5;5.4;80.0;0.0;80.0;50.0;23.0;34.0
2018-11-24 11:00:00;24.3;6.4;70.0;0.0;70.0;50.0;20.0;32.0
2018-11-24 12:00:00;24.1;5.8;70.0;0.0;70.0;50.0;21.0;34.0
2018-11-24 13:00:00;24.8;4.6;60.0;0.0;90.0;30.0;19.0;36.0
2018-11-24 14:00:00;24.4;5.3;50.0;0.0;80.0;30.0;19.0;35.0
2018-11-24 15:00:00;27.9;2.8;50.0;0.0;70.0;30.0;20.0;34.0
2018-11-24 16:00:00;29.6;1.5;50.0;0.0;70.0;40.0;19.0;32.0
2018-11-24 17:00:00;29.4;0.2;50.0;0.0;90.0;30.0;21.0;33.0
2018-11-24 18:00:00;28.5;0.3;40.0;0.0;60.0;20.0;22.0;31.0
2018-11-24 19:00:00;27.7;0.3;40.0;0.0;60.0;30.0;21.0;31.0
2018-11-24 20:00:00;28.5;0.2;40.0;0.0;50.0;30.0;21.0;28.0
2018-11-24 21:00:00;27.9;0.1;40.0;0.0;50.0;20.0;20.0;28.0
2018-11-24 22:00:00;28.5;0.1;40.0;0.0;70.0;20.0;20.0;27.0
2018-11-24 23:00:00;27.9;0.2;40.0;0.0;80.0;20.0;18.0;27.0
2018-11-25 00:00:00;26.7;0.2;30.0;0.0;70.0;20.0;19.0;28.0
2018-11-25 01:00:00;25.6;0.5;40.0;0.0;60.0;20.0;17.0;25.0
2018-11-25 02:00:00;24.8;0.4;40.0;0.0;60.0;20.0;15.0;23.0
2018-11-25 03:00:00;24.4;0.2;40.0;0.0;50.0;30.0;13.0;22.0
2018-11-25 04:00:00;23.1;0.3;50.0;0.0;60.0;40.0;13.0;22.0
2018-11-25 05:00:00;24.1;0.3;50.0;0.0;50.0;40.0;16.0;24.0
2018-11-25 06:00:00;22.2;0.9;60.0;0.0;60.0;40.0;17.0;23.0
2018-11-25 07:00:00;22.5;0.8;60.0;0.0;60.0;40.0;18.0;23.0
2018-11-25 08:00:00;21.6;1.5;60.0;0.0;70.0;40.0;18.0;24.0
2018-11-25 09:00:00;18.7;4.6;60.0;0.0;80.0;30.0;21.0;30.0
2018-11-25 10:00:00;17.6;9.0;60.0;0.0;70.0;40.0;18.0;32.0
2018-11-25 11:00:00;20.2;9.6;70.0;0.0;80.0;40.0;19.0;32.0
2018-11-25 12:00:00;22.2;9.3;70.0;0.0;60.0;40.0;25.0;40.0
2018-11-25 13:00:00;22.0;6.1;60.0;0.0;60.0;40.0;27.0;39.0
2018-11-25 14:00:00;20.8;2.4;60.0;0.0;50.0;40.0;28.0;40.0
2018-11-25 15:00:00;21.0;1.0;70.0;0.0;60.0;40.0;27.0;40.0
2018-11-25 16:00:00;21.2;0.4;70.0;0.0;60.0;50.0;27.0;39.0
2018-11-25 17:00:00;20.2;0.4;70.0;0.0;60.0;40.0;27.0;41.0
2018-11-25 18:00:00;23.3;0.5;60.0;0.0;50.0;40.0;30.0;41.0
2018-11-25 19:00:00;20.4;0.4;80.0;0.0;60.0;50.0;33.0;42.0
2018-11-25 20:00:00;21.6;0.0;70.0;0.0;60.0;50.0;34.0;43.0
2018-11-25 21:00:00;21.0;0.0;70.0;0.0;60.0;50.0;35.0;43.0
2018-11-25 22:00:00;21.0;0.0;70.0;0.0;60.0;40.0;35.0;45.0
2018-11-25 23:00:00;21.0;0.0;60.0;0.0;60.0;40.0;36.0;46.0
2018-11-26 00:00:00;21.2;0.0;80.0;0.0;60.0;50.0;38.0;47.0
2018-11-26 01:00:00;21.8;0.1;60.0;0.0;60.0;40.0;37.0;48.0
2018-11-26 02:00:00;21.2;0.5;70.0;0.0;60.0;40.0;38.0;48.0
2018-11-26 03:00:00;20.6;1.6;60.0;0.0;60.0;40.0;38.0;49.0
2018-11-26 04:00:00;19.7;3.2;60.0;0.0;60.0;40.0;38.0;49.0
2018-11-26 05:00:00;22.0;1.7;60.0;0.0;60.0;40.0;39.0;49.0
2018-11-26 06:00:00;23.9;0.7;60.0;0.0;60.0;40.0;39.0;51.0
2018-11-26 07:00:00;25.8;0.2;60.0;0.0;60.0;40.0;40.0;53.0
2018-11-26 08:00:00;26.2;0.2;60.0;0.0;70.0;40.0;43.0;54.0
2018-11-26 09:00:00;28.1;0.5;60.0;9.0;70.0;40.0;45.0;55.0
2018-11-26 10:00:00;28.5;1.0;70.0;0.0;80.0;40.0;45.0;60.0
2018-11-26 11:00:00;27.1;2.6;70.0;0.0;70.0;40.0;44.0;63.0
2018-11-26 12:00:00;26.5;5.5;70.0;0.0;70.0;40.0;43.0;64.0
2018-11-26 13:00:00;26.9;5.0;60.0;0.0;60.0;40.0;44.0;62.0
2018-11-26 14:00:00;32.5;2.0;50.0;0.0;50.0;40.0;40.0;58.0
2018-11-26 15:00:00;34.0;1.0;50.0;0.0;50.0;40.0;39.0;56.0
2018-11-26 16:00:00;33.2;0.2;60.0;0.0;50.0;40.0;33.0;52.0
2018-11-26 17:00:00;32.5;0.0;60.0;0.0;40.0;40.0;29.0;50.0
2018-11-26 18:00:00;29.0;0.3;50.0;0.0;50.0;40.0;26.0;47.0
2018-11-26 19:00:00;32.3;0.2;60.0;0.0;50.0;40.0;20.0;42.0
2018-11-26 20:00:00;32.1;0.6;60.0;0.0;60.0;40.0;17.0;40.0
2018-11-26 21:00:00;31.1;2.0;40.0;0.0;60.0;30.0;17.0;38.0
2018-11-26 22:00:00;28.8;4.8;40.0;0.0;50.0;20.0;14.0;37.0
2018-11-26 23:00:00;28.8;5.2;40.0;0.0;70.0;30.0;13.0;36.0
2018-11-27 00:00:00;26.7;6.8;40.0;0.0;80.0;30.0;10.0;33.0
2018-11-27 01:00:00;18.7;12.1;40.0;0.0;70.0;30.0;14.0;25.0
2018-11-27 02:00:00;15.7;15.4;30.0;0.0;50.0;20.0;17.0;30.0
2018-11-27 03:00:00;14.7;15.5;20.0;0.0;50.0;10.0;15.0;32.0
2018-11-27 04:00:00;13.6;17.5;20.0;0.0;60.0;20.0;19.0;31.0
2018-11-27 05:00:00;14.3;16.3;20.0;0.0;30.0;10.0;17.0;34.0
2018-11-27 06:00:00;25.4;7.3;30.0;0.0;60.0;20.0;18.0;33.0
2018-11-27 07:00:00;33.4;1.1;30.0;0.0;70.0;20.0;20.0;34.0
2018-11-27 08:00:00;33.2;0.6;40.0;0.0;110.0;30.0;16.0;39.0
2018-11-27 09:00:00;33.6;1.3;60.0;0.0;110.0;30.0;19.0;42.0
2018-11-27 10:00:00;29.2;3.9;60.0;0.0;120.0;30.0;12.0;45.0
2018-11-27 11:00:00;25.8;10.4;60.0;0.0;160.0;30.0;14.0;44.0
2018-11-27 12:00:00;25.8;10.9;60.0;0.0;150.0;40.0;16.0;45.0
2018-11-27 13:00:00;23.9;14.2;50.0;0.0;130.0;30.0;17.0;47.0
2018-11-27 14:00:00;25.6;12.3;60.0;0.0;110.0;30.0;16.0;46.0
2018-11-27 15:00:00;30.9;7.8;60.0;0.0;110.0;30.0;14.0;37.0
2018-11-27 16:00:00;32.7;6.9;70.0;0.0;130.0;40.0;16.0;42.0
2018-11-27 17:00:00;40.5;3.6;70.0;0.0;150.0;40.0;18.0;35.0
2018-11-27 18:00:00;36.3;0.7;100.0;0.0;160.0;60.0;23.0;34.0
2018-11-27 19:00:00;33.2;0.5;90.0;0.0;140.0;50.0;27.0;37.0
2018-11-27 20:00:00;33.4;0.1;80.0;0.0;140.0;40.0;28.0;41.0
2018-11-27 21:00:00;31.1;0.1;100.0;0.0;140.0;50.0;28.0;42.0
2018-11-27 22:00:00;29.2;-0.1;110.0;0.0;140.0;60.0;26.0;46.0
2018-11-27 23:00:00;33.0;0.3;100.0;0.0;150.0;60.0;26.0;49.0
2018-11-28 00:00:00;34.2;3.2;100.0;0.0;150.0;60.0;29.0;48.0
2018-11-28 01:00:00;28.1;8.4;100.0;0.0;150.0;60.0;32.0;52.0
2018-11-28 02:00:00;18.9;17.2;110.0;4.0;140.0;60.0;37.0;50.0
2018-11-28 03:00:00;12.6;22.4;100.0;7.0;150.0;60.0;43.0;50.0
2018-11-28 04:00:00;9.9;25.5;100.0;10.0;150.0;70.0;47.0;53.0
2018-11-28 05:00:00;9.4;27.6;100.0;6.0;150.0;60.0;50.0;55.0
2018-11-28 06:00:00;11.3;29.3;100.0;7.0;160.0;60.0;54.0;59.0
2018-11-28 07:00:00;15.1;26.9;100.0;2.0;150.0;60.0;55.0;63.0
2018-11-28 08:00:00;18.9;22.4;110.0;0.0;160.0;70.0;55.0;66.0
2018-11-28 09:00:00;19.3;22.7;100.0;8.0;160.0;70.0;57.0;68.0
2018-11-28 10:00:00;21.6;21.0;120.0;9.0;160.0;70.0;61.0;72.0
2018-11-28 11:00:00;21.0;22.4;110.0;0.0;160.0;70.0;64.0;77.0
2018-11-28 12:00:00;19.5;25.3;110.0;6.0;160.0;70.0;67.0;76.0
2018-11-28 13:00:00;19.9;23.3;110.0;10.0;160.0;70.0;72.0;77.0
2018-11-28 14:00:00;20.8;20.3;100.0;5.0;170.0;70.0;73.0;80.0
2018-11-28 15:00:00;25.6;14.5;110.0;0.0;170.0;70.0;76.0;83.0
2018-11-28 16:00:00;30.4;9.6;100.0;0.0;160.0;70.0;80.0;87.0
2018-11-28 17:00:00;32.1;7.4;110.0;5.0;160.0;70.0;83.0;88.0
2018-11-28 18:00:00;31.5;6.9;110.0;6.0;170.0;70.0;86.0;91.0
2018-11-28 19:00:00;28.8;9.4;110.0;2.0;170.0;70.0;89.0;94.0
2018-11-28 20:00:00;29.6;10.6;100.0;0.0;170.0;70.0;90.0;97.0
2018-11-28 21:00:00;28.3;13.8;100.0;3.0;170.0;70.0;95.0;102.0
2018-11-28 22:00:00;18.0;27.0;110.0;4.0;180.0;70.0;94.0;104.0
2018-11-28 23:00:00;13.9;31.5;100.0;7.0;190.0;60.0;95.0;104.0
2018-11-29 00:00:00;11.5;33.1;100.0;0.0;190.0;60.0;92.0;106.0
2018-11-29 01:00:00;11.7;33.9;110.0;6.0;190.0;70.0;92.0;104.0
2018-11-29 02:00:00;9.2;37.0;120.0;7.0;190.0;70.0;95.0;103.0
2018-11-29 03:00:00;9.2;37.2;110.0;7.0;190.0;70.0;96.0;103.0
2018-11-29 04:00:00;9.6;37.6;100.0;0.0;180.0;60.0;94.0;104.0
2018-11-29 05:00:00;10.9;39.1;100.0;9.0;180.0;60.0;91.0;103.0
2018-11-29 06:00:00;13.9;35.7;110.0;9.0;160.0;60.0;86.0;104.0
2018-11-29 07:00:00;23.5;27.1;100.0;9.0;170.0;70.0;87.0;104.0
2018-11-29 08:00:00;25.8;29.7;110.0;10.0;160.0;70.0;86.0;103.0
2018-11-29 09:00:00;25.4;24.7;120.0;8.0;170.0;80.0;89.0;103.0
2018-11-29 10:00:00;26.7;26.6;110.0;9.0;160.0;70.0;88.0;102.0
2018-11-29 11:00:00;25.8;28.5;130.0;9.0;160.0;80.0;82.0;107.0
2018-11-29 12:00:00;21.8;28.0;140.0;5.0;170.0;90.0;79.0;109.0
2018-11-29 13:00:00;17.2;34.1;120.0;0.0;170.0;80.0;76.0;111.0
2018-11-29 14:00:00;20.4;30.7;130.0;0.0;170.0;80.0;75.0;115.0
2018-11-29 15:00:00;23.5;27.9;120.0;0.0;180.0;80.0;74.0;113.0
2018-11-29 16:00:00;31.1;21.7;130.0;0.0;180.0;70.0;70.0;119.0
2018-11-29 17:00:00;24.1;29.1;110.0;0.0;190.0;80.0;73.0;116.0
2018-11-29 18:00:00;22.5;27.8;120.0;0.0;190.0;70.0;73.0;113.0
2018-11-29 19:00:00;20.1;28.2;110.0;0.0;190.0;60.0;76.0;112.0
2018-11-29 20:00:00;20.4;26.2;100.0;0.0;190.0;60.0;78.0;114.0
2018-11-29 21:00:00;18.0;29.1;110.0;0.0;190.0;60.0;79.0;110.0
2018-11-29 22:00:00;15.7;31.6;110.0;0.0;190.0;60.0;82.0;111.0
2018-11-29 23:00:00;14.9;32.6;110.0;0.0;190.0;70.0;82.0;109.0
2018-11-30 00:00:00;17.2;31.4;100.0;0.0;190.0;60.0;83.0;106.0
2018-11-30 01:00:00;12.2;36.1;90.0;0.0;190.0;60.0;80.0;102.0
2018-11-30 02:00:00;13.4;35.5;90.0;0.0;200.0;60.0;78.0;100.0
2018-11-30 03:00:00;12.0;38.9;90.0;0.0;190.0;60.0;77.0;100.0
2018-11-30 04:00:00;10.1;44.1;110.0;0.0;190.0;60.0;76.0;99.0
2018-11-30 05:00:00;8.6;49.7;110.0;0.0;200.0;60.0;73.0;97.0
2018-11-30 06:00:00;11.7;48.7;120.0;0.0;200.0;70.0;75.0;97.0
2018-11-30 07:00:00;16.8;46.0;100.0;0.0;190.0;60.0;75.0;96.0
2018-11-30 08:00:00;24.3;34.8;110.0;0.0;200.0;60.0;76.0;97.0
2018-11-30 09:00:00;22.0;36.5;130.0;0.0;210.0;80.0;75.0;107.0
2018-11-30 10:00:00;21.6;39.5;150.0;0.0;210.0;90.0;77.0;109.0
2018-11-30 11:00:00;18.9;41.9;140.0;0.0;220.0;80.0;77.0;110.0
2018-11-30 12:00:00;24.1;37.9;120.0;0.0;220.0;80.0;78.0;111.0
2018-11-30 13:00:00;23.1;39.2;110.0;0.0;230.0;70.0;76.0;107.0
2018-11-30 14:00:00;21.8;38.3;120.0;0.0;220.0;70.0;72.0;103.0
2018-11-30 15:00:00;20.6;42.8;110.0;0.0;220.0;60.0;68.0;94.0
2018-11-30 16:00:00;32.9;32.3;90.0;0.0;200.0;50.0;65.0;93.0
2018-11-30 17:00:00;28.1;35.6;90.0;0.0;200.0;50.0;62.0;88.0
2018-11-30 18:00:00;26.2;35.6;80.0;0.0;210.0;50.0;57.0;85.0
2018-11-30 19:00:00;26.4;36.5;100.0;0.0;210.0;60.0;55.0;82.0
2018-11-30 20:00:00;24.4;37.4;90.0;0.0;220.0;60.0;58.0;78.0
2018-11-30 21:00:00;23.5;36.9;90.0;0.0;220.0;70.0;64.0;79.0
2018-11-30 22:00:00;20.6;38.8;90.0;0.0;220.0;60.0;63.0;78.0
2018-11-30 23:00:00;21.6;35.1;80.0;0.0;210.0;50.0;60.0;72.0
2018-12-01 00:00:00;15.5;40.7;80.0;0.0;210.0;50.0;58.0;71.0
2018-12-01 01:00:00;15.1;38.5;70.0;0.0;180.0;40.0;53.0;64.0
2018-12-01 02:00:00;14.5;39.0;60.0;0.0;190.0;40.0;54.0;64.0
2018-12-01 03:00:00;17.4;32.6;80.0;0.0;210.0;50.0;60.0;73.0
2018-12-01 04:00:00;15.9;34.8;90.0;0.0;210.0;50.0;62.0;78.0
2018-12-01 05:00:00;12.8;40.7;90.0;0.0;190.0;50.0;60.0;73.0
2018-12-01 06:00:00;15.7;35.1;110.0;0.0;200.0;50.0;57.0;66.0
2018-12-01 07:00:00;18.1;29.1;90.0;0.0;190.0;60.0;57.0;68.0
2018-12-01 08:00:00;23.5;23.1;90.0;0.0;190.0;60.0;56.0;69.0
2018-12-01 09:00:00;20.2;27.5;90.0;0.0;180.0;60.0;53.0;71.0
2018-12-01 10:00:00;17.4;31.1;100.0;0.0;190.0;60.0;56.0;76.0
2018-12-01 11:00:00;20.1;30.5;100.0;0.0;190.0;60.0;59.0;82.0
2018-12-01 12:00:00;20.8;32.2;110.0;3.0;180.0;60.0;63.0;82.0
2018-12-01 13:00:00;19.9;32.4;110.0;9.0;160.0;70.0;67.0;80.0
2018-12-01 14:00:00;18.9;33.3;130.0;4.0;160.0;70.0;70.0;80.0
2018-12-01 15:00:00;22.5;34.0;120.0;10.0;170.0;80.0;74.0;80.0
2018-12-01 16:00:00;21.6;35.4;120.0;10.0;170.0;80.0;77.0;82.0
2018-12-01 17:00:00;17.2;39.5;110.0;8.0;180.0;80.0;83.0;89.0
2018-12-01 18:00:00;13.6;43.2;130.0;10.0;190.0;80.0;87.0;91.0
2018-12-01 19:00:00;9.4;44.1;140.0;9.0;190.0;80.0;89.0;95.0
2018-12-01 20:00:00;11.7;40.3;120.0;0.0;190.0;80.0;91.0;96.0
2018-12-01 21:00:00;8.2;42.3;130.0;6.0;190.0;70.0;94.0;98.0
2018-12-01 22:00:00;9.4;39.1;120.0;10.0;190.0;70.0;97.0;101.0
2018-12-01 23:00:00;7.4;39.5;110.0;10.0;190.0;70.0;98.0;101.0
2018-12-02 00:00:00;7.3;38.2;110.0;2.0;200.0;60.0;101.0;104.0
2018-12-02 01:00:00;6.9;37.0;100.0;10.0;190.0;60.0;103.0;105.0
2018-12-02 02:00:00;8.2;34.0;100.0;4.0;190.0;60.0;105.0;107.0
2018-12-02 03:00:00;7.6;34.0;90.0;5.0;190.0;60.0;106.0;109.0
2018-12-02 04:00:00;7.1;34.0;100.0;8.0;170.0;60.0;107.0;110.0
2018-12-02 05:00:00;6.9;34.8;100.0;10.0;190.0;70.0;111.0;114.0
2018-12-02 06:00:00;6.3;37.0;120.0;10.0;230.0;70.0;122.0;126.0
2018-12-02 07:00:00;6.3;41.1;120.0;0.0;230.0;80.0;123.0;129.0
2018-12-02 08:00:00;5.2;50.3;120.0;2.0;240.0;80.0;124.0;130.0
2018-12-02 09:00:00;7.4;50.9;130.0;0.0;240.0;80.0;124.0;130.0
2018-12-02 10:00:00;7.4;48.9;130.0;0.0;240.0;80.0;121.0;133.0
2018-12-02 11:00:00;8.0;49.9;120.0;0.0;230.0;80.0;119.0;128.0
2018-12-02 12:00:00;8.6;51.3;130.0;0.0;230.0;80.0;117.0;129.0
2018-12-02 13:00:00;9.9;52.7;150.0;0.0;230.0;90.0;115.0;129.0
2018-12-02 14:00:00;8.4;53.6;130.0;0.0;230.0;80.0;114.0;130.0
2018-12-02 15:00:00;8.8;52.6;130.0;0.0;230.0;80.0;111.0;130.0
2018-12-02 16:00:00;11.1;52.5;130.0;0.0;230.0;80.0;109.0;126.0
2018-12-02 17:00:00;10.1;54.4;140.0;0.0;230.0;90.0;105.0;122.0
2018-12-02 18:00:00;7.8;55.4;140.0;0.0;230.0;90.0;114.0;126.0
2018-12-02 19:00:00;8.4;52.6;130.0;0.0;230.0;80.0;115.0;126.0
2018-12-02 20:00:00;8.8;52.6;140.0;7.0;240.0;80.0;121.0;128.0
2018-12-02 21:00:00;6.3;53.4;140.0;3.0;230.0;80.0;120.0;129.0
2018-12-02 22:00:00;5.9;53.0;130.0;6.0;230.0;80.0;119.0;126.0
2018-12-02 23:00:00;4.2;54.7;120.0;1.0;230.0;80.0;118.0;128.0
2018-12-03 00:00:00;5.3;53.7;140.0;0.0;230.0;80.0;116.0;127.0
2018-12-03 01:00:00;6.7;52.7;150.0;3.0;230.0;90.0;114.0;125.0
2018-12-03 02:00:00;3.6;56.1;150.0;0.0;230.0;90.0;111.0;124.0
2018-12-03 03:00:00;5.7;54.8;150.0;0.0;250.0;70.0;102.0;121.0
2018-12-03 04:00:00;7.4;53.7;150.0;0.0;240.0;90.0;104.0;121.0
2018-12-03 05:00:00;9.4;52.2;140.0;0.0;240.0;90.0;103.0;120.0
2018-12-03 06:00:00;8.4;53.8;130.0;0.0;230.0;80.0;94.0;117.0
2018-12-03 07:00:00;13.0;50.4;120.0;0.0;230.0;70.0;94.0;109.0
2018-12-03 08:00:00;19.5;44.2;120.0;0.0;240.0;80.0;94.0;119.0
2018-12-03 09:00:00;14.7;48.9;130.0;0.0;230.0;80.0;101.0;119.0
2018-12-03 10:00:00;21.6;51.1;120.0;0.0;230.0;70.0;110.0;129.0
2018-12-03 11:00:00;18.9;45.7;130.0;0.0;230.0;80.0;108.0;128.0
2018-12-03 12:00:00;20.6;41.8;120.0;0.0;220.0;80.0;103.0;130.0
2018-12-03 13:00:00;16.8;49.1;130.0;0.0;240.0;80.0;106.0;128.0
2018-12-03 14:00:00;17.8;49.2;150.0;2.0;230.0;80.0;107.0;125.0
2018-12-03 15:00:00;18.7;45.6;150.0;0.0;240.0;90.0;104.0;122.0
2018-12-03 16:00:00;13.8;55.2;150.0;0.0;250.0;90.0;99.0;117.0
2018-12-03 17:00:00;14.5;53.6;120.0;0.0;250.0;70.0;98.0;118.0
2018-12-03 18:00:00;13.4;52.7;140.0;0.0;270.0;70.0;93.0;108.0
2018-12-03 19:00:00;15.7;49.1;110.0;1.0;330.0;50.0;90.0;100.0
2018-12-03 20:00:00;40.5;31.7;120.0;4.0;340.0;60.0;77.0;86.0
2018-12-03 21:00:00;16.0;56.3;100.0;0.0;310.0;40.0;67.0;85.0
2018-12-03 22:00:00;12.2;57.4;90.0;2.0;320.0;40.0;62.0;78.0
2018-12-03 23:00:00;13.8;58.3;50.0;0.0;300.0;30.0;55.0;70.0
2018-12-04 00:00:00;23.9;45.1;50.0;0.0;270.0;20.0;50.0;65.0
2018-12-04 01:00:00;34.4;36.1;70.0;0.0;310.0;40.0;49.0;74.0
2018-12-04 02:00:00;33.8;36.2;70.0;6.0;260.0;30.0;42.0;57.0
2018-12-04 03:00:00;13.9;52.7;60.0;0.0;220.0;20.0;39.0;47.0
2018-12-04 04:00:00;17.4;49.5;30.0;0.0;0.0;10.0;37.0;41.0
2018-12-04 05:00:00;38.2;26.7;70.0;0.0;260.0;20.0;32.0;48.0
2018-12-04 06:00:00;59.8;11.3;60.0;0.0;270.0;30.0;40.0;65.0
2018-12-04 07:00:00;54.4;16.0;90.0;2.0;230.0;30.0;23.0;31.0
2018-12-04 08:00:00;52.1;19.3;60.0;0.0;250.0;20.0;45.0;62.0
2018-12-04 09:00:00;60.0;10.7;40.0;0.0;250.0;20.0;44.0;75.0
2018-12-04 10:00:00;37.8;30.1;30.0;0.0;240.0;20.0;53.0;88.0
2018-12-04 11:00:00;43.4;25.1;50.0;0.0;360.0;20.0;42.0;76.0
2018-12-04 12:00:00;21.0;44.4;30.0;0.0;40.0;20.0;34.0;76.0
2018-12-04 13:00:00;24.1;42.1;10.0;0.0;190.0;0.0;52.0;75.0
2018-12-04 14:00:00;47.9;23.2;20.0;0.0;250.0;10.0;33.0;57.0
2018-12-04 15:00:00;51.8;19.1;20.0;0.0;160.0;10.0;31.0;40.0
2018-12-04 16:00:00;64.7;5.5;30.0;0.0;200.0;10.0;41.0;45.0
2018-12-04 17:00:00;68.0;0.6;20.0;0.0;160.0;10.0;32.0;36.0
2018-12-04 18:00:00;63.2;1.9;40.0;0.0;180.0;10.0;34.0;39.0
2018-12-04 19:00:00;57.5;2.7;20.0;0.0;180.0;10.0;35.0;38.0
2018-12-04 20:00:00;56.7;0.9;30.0;0.0;180.0;20.0;33.0;38.0
2018-12-04 21:00:00;60.7;0.2;30.0;0.0;170.0;10.0;25.0;29.0
2018-12-04 22:00:00;62.8;0.0;30.0;0.0;150.0;20.0;31.0;46.0
2018-12-04 23:00:00;61.7;0.1;40.0;0.0;160.0;30.0;29.0;50.0
2018-12-05 00:00:00;53.1;0.4;50.0;0.0;170.0;30.0;31.0;51.0
2018-12-05 01:00:00;48.5;1.9;40.0;0.0;140.0;20.0;27.0;47.0
2018-12-05 02:00:00;42.6;5.4;30.0;0.0;150.0;20.0;31.0;43.0
2018-12-05 03:00:00;39.9;4.1;30.0;0.0;160.0;20.0;30.0;48.0
2018-12-05 04:00:00;46.2;0.9;40.0;0.0;160.0;30.0;35.0;51.0
2018-12-05 05:00:00;43.9;4.4;50.0;0.0;160.0;30.0;33.0;51.0
2018-12-05 06:00:00;48.3;2.1;90.0;0.0;160.0;40.0;32.0;56.0
2018-12-05 07:00:00;49.9;-0.1;60.0;0.0;150.0;30.0;34.0;54.0
2018-12-05 08:00:00;45.5;0.2;50.0;0.0;150.0;40.0;38.0;58.0
2018-12-05 09:00:00;40.9;1.8;60.0;0.0;130.0;30.0;42.0;61.0
2018-12-05 10:00:00;41.1;2.1;70.0;0.0;150.0;30.0;36.0;70.0
2018-12-05 11:00:00;40.1;4.7;80.0;0.0;150.0;50.0;44.0;76.0
2018-12-05 12:00:00;40.3;6.0;90.0;5.0;140.0;50.0;57.0;71.0
2018-12-05 13:00:00;36.1;8.5;90.0;4.0;150.0;50.0;67.0;75.0
2018-12-05 14:00:00;33.8;9.9;90.0;3.0;150.0;60.0;72.0;82.0
2018-12-05 15:00:00;33.8;11.0;90.0;3.0;160.0;60.0;76.0;83.0
2018-12-05 16:00:00;35.0;10.9;90.0;1.0;160.0;60.0;79.0;89.0
2018-12-05 17:00:00;32.1;12.3;80.0;2.0;160.0;60.0;79.0;90.0
2018-12-05 18:00:00;26.9;15.1;80.0;7.0;170.0;50.0;79.0;93.0
2018-12-05 19:00:00;25.0;15.4;100.0;4.0;170.0;60.0;79.0;94.0
2018-12-05 20:00:00;27.5;13.7;80.0;0.0;180.0;50.0;83.0;94.0
2018-12-05 21:00:00;29.6;14.4;70.0;0.0;180.0;40.0;87.0;94.0
2018-12-05 22:00:00;25.0;19.7;70.0;0.0;190.0;40.0;89.0;97.0
2018-12-05 23:00:00;14.5;25.3;80.0;9.0;190.0;50.0;94.0;97.0
2018-12-06 00:00:00;14.7;21.6;80.0;4.0;190.0;50.0;96.0;101.0
2018-12-06 01:00:00;14.7;20.7;90.0;7.0;200.0;50.0;100.0;103.0
2018-12-06 02:00:00;13.6;20.6;80.0;0.0;220.0;50.0;104.0;108.0
2018-12-06 03:00:00;17.6;17.0;80.0;6.0;220.0;50.0;106.0;109.0
2018-12-06 04:00:00;15.3;18.8;70.0;0.0;230.0;40.0;109.0;112.0
2018-12-06 05:00:00;17.4;17.4;70.0;0.0;240.0;40.0;111.0;115.0
2018-12-06 06:00:00;21.0;16.3;70.0;0.0;240.0;40.0;111.0;116.0
2018-12-06 07:00:00;25.4;20.0;60.0;0.0;230.0;30.0;106.0;114.0
2018-12-06 08:00:00;35.0;18.9;70.0;0.0;230.0;40.0;108.0;116.0
2018-12-06 09:00:00;27.5;30.8;110.0;4.0;240.0;60.0;105.0;111.0
2018-12-06 10:00:00;23.1;36.5;90.0;0.0;230.0;50.0;106.0;114.0
2018-12-06 11:00:00;26.5;29.9;100.0;0.0;230.0;60.0;102.0;114.0
2018-12-06 12:00:00;23.7;33.1;100.0;0.0;230.0;60.0;104.0;116.0
2018-12-06 13:00:00;27.3;31.3;110.0;0.0;230.0;70.0;108.0;115.0
2018-12-06 14:00:00;26.4;36.2;150.0;0.0;230.0;80.0;110.0;119.0
2018-12-06 15:00:00;24.3;37.5;150.0;0.0;230.0;90.0;110.0;121.0
2018-12-06 16:00:00;27.3;34.4;150.0;0.0;230.0;90.0;110.0;121.0
2018-12-06 17:00:00;22.2;41.2;150.0;0.0;230.0;100.0;109.0;124.0
2018-12-06 18:00:00;15.9;46.7;150.0;3.0;220.0;90.0;102.0;113.0
2018-12-06 19:00:00;12.2;55.0;140.0;0.0;230.0;90.0;105.0;118.0
2018-12-06 20:00:00;11.1;56.3;140.0;4.0;230.0;90.0;108.0;116.0
2018-12-06 21:00:00;9.9;56.9;140.0;10.0;230.0;90.0;111.0;117.0
2018-12-06 22:00:00;6.7;60.5;150.0;10.0;230.0;90.0;112.0;117.0
2018-12-06 23:00:00;7.1;56.7;140.0;8.0;230.0;90.0;113.0;118.0
2018-12-07 00:00:00;8.0;55.2;130.0;5.0;230.0;90.0;112.0;118.0
2018-12-07 01:00:00;6.7;55.3;140.0;0.0;220.0;80.0;109.0;117.0
2018-12-07 02:00:00;8.6;52.8;140.0;0.0;220.0;90.0;107.0;118.0
2018-12-07 03:00:00;5.7;54.0;140.0;9.0;210.0;90.0;109.0;115.0
2018-12-07 04:00:00;5.2;53.0;140.0;10.0;210.0;80.0;110.0;116.0
2018-12-07 05:00:00;4.2;53.0;130.0;9.0;210.0;90.0;110.0;115.0
2018-12-07 06:00:00;8.0;48.7;140.0;10.0;210.0;90.0;109.0;116.0
2018-12-07 07:00:00;10.3;46.0;160.0;0.0;210.0;100.0;109.0;116.0
2018-12-07 08:00:00;13.2;43.2;140.0;0.0;200.0;90.0;108.0;116.0
2018-12-07 09:00:00;13.8;44.2;140.0;0.0;200.0;90.0;107.0;117.0
2018-12-07 10:00:00;15.9;42.8;150.0;0.0;200.0;90.0;104.0;117.0
2018-12-07 11:00:00;16.0;46.1;150.0;4.0;200.0;90.0;104.0;114.0
2018-12-07 12:00:00;16.0;47.1;140.0;4.0;190.0;90.0;104.0;113.0
2018-12-07 13:00:00;14.1;47.0;150.0;10.0;200.0;90.0;103.0;111.0
2018-12-07 14:00:00;13.6;48.7;140.0;10.0;260.0;90.0;102.0;112.0
2018-12-07 15:00:00;14.5;50.1;150.0;8.0;300.0;90.0;69.0;83.0
2018-12-07 16:00:00;40.9;38.3;90.0;3.0;270.0;40.0;55.0;82.0
2018-12-07 17:00:00;71.6;15.6;90.0;1.0;270.0;40.0;55.0;78.0
2018-12-07 18:00:00;55.0;22.8;130.0;0.0;260.0;60.0;33.0;87.0
2018-12-07 19:00:00;22.5;48.2;160.0;0.0;260.0;70.0;38.0;85.0
2018-12-07 20:00:00;15.7;54.7;150.0;0.0;260.0;80.0;27.0;82.0
2018-12-07 21:00:00;18.7;53.9;140.0;0.0;260.0;80.0;31.0;84.0
2018-12-07 22:00:00;17.2;54.9;130.0;0.0;250.0;80.0;37.0;84.0
2018-12-07 23:00:00;13.8;55.0;140.0;0.0;250.0;90.0;32.0;80.0
2018-12-08 00:00:00;5.7;62.9;130.0;0.0;230.0;80.0;51.0;80.0
2018-12-08 01:00:00;5.7;60.9;150.0;0.0;230.0;100.0;50.0;84.0
2018-12-08 02:00:00;5.2;61.2;160.0;0.0;240.0;90.0;51.0;88.0
2018-12-08 03:00:00;5.2;61.5;140.0;0.0;240.0;100.0;51.0;92.0
2018-12-08 04:00:00;3.8;64.3;170.0;0.0;240.0;100.0;52.0;93.0
2018-12-08 05:00:00;4.2;63.8;160.0;0.0;240.0;110.0;57.0;95.0
2018-12-08 06:00:00;3.6;64.5;160.0;6.0;240.0;100.0;61.0;95.0
2018-12-08 07:00:00;4.0;64.9;210.0;8.0;250.0;100.0;61.0;97.0
2018-12-08 08:00:00;4.6;65.0;180.0;0.0;250.0;110.0;59.0;100.0
2018-12-08 09:00:00;5.0;64.7;170.0;0.0;250.0;110.0;58.0;103.0
2018-12-08 10:00:00;6.5;63.5;180.0;0.0;250.0;110.0;56.0;104.0
2018-12-08 11:00:00;6.9;63.2;180.0;0.0;250.0;110.0;55.0;102.0
2018-12-08 12:00:00;6.9;64.2;180.0;0.0;250.0;110.0;56.0;104.0
2018-12-08 13:00:00;9.0;62.7;170.0;0.0;250.0;100.0;58.0;104.0
2018-12-08 14:00:00;8.0;63.5;170.0;0.0;240.0;90.0;59.0;99.0
2018-12-08 15:00:00;9.4;61.1;170.0;0.0;230.0;100.0;70.0;107.0
2018-12-08 16:00:00;8.0;64.3;160.0;5.0;220.0;90.0;90.0;102.0
2018-12-08 17:00:00;12.6;61.0;150.0;10.0;210.0;80.0;92.0;98.0
2018-12-08 18:00:00;12.4;55.4;140.0;3.0;220.0;90.0;91.0;104.0
2018-12-08 19:00:00;11.7;52.5;150.0;0.0;240.0;90.0;89.0;109.0
2018-12-08 20:00:00;8.2;61.1;170.0;0.0;260.0;100.0;70.0;111.0
2018-12-08 21:00:00;5.7;70.1;190.0;7.0;250.0;100.0;70.0;105.0
2018-12-08 22:00:00;4.8;72.6;160.0;6.0;270.0;100.0;65.0;101.0
2018-12-08 23:00:00;9.0;68.1;180.0;0.0;270.0;110.0;58.0;104.0
2018-12-09 00:00:00;8.6;67.6;170.0;0.0;260.0;110.0;58.0;98.0
2018-12-09 01:00:00;4.4;68.3;170.0;0.0;260.0;100.0;57.0;100.0
2018-12-09 02:00:00;6.3;64.6;200.0;2.0;270.0;100.0;64.0;93.0
2018-12-09 03:00:00;6.7;63.4;160.0;8.0;260.0;100.0;63.0;96.0
2018-12-09 04:00:00;8.2;60.2;190.0;0.0;260.0;110.0;58.0;97.0
2018-12-09 05:00:00;6.7;63.0;180.0;0.0;260.0;100.0;58.0;98.0
2018-12-09 06:00:00;6.9;62.1;160.0;0.0;270.0;90.0;60.0;98.0
2018-12-09 07:00:00;14.5;54.3;150.0;6.0;270.0;80.0;66.0;93.0
2018-12-09 08:00:00;8.8;60.2;140.0;0.0;280.0;80.0;69.0;93.0
2018-12-09 09:00:00;24.3;44.7;130.0;4.0;290.0;80.0;76.0;89.0
2018-12-09 10:00:00;23.7;44.6;120.0;9.0;310.0;70.0;61.0;89.0
2018-12-09 11:00:00;28.3;40.6;120.0;1.0;310.0;70.0;59.0;94.0
2018-12-09 12:00:00;21.0;49.4;150.0;0.0;300.0;80.0;62.0;104.0
2018-12-09 13:00:00;24.4;48.1;170.0;0.0;300.0;90.0;55.0;88.0
2018-12-09 14:00:00;23.1;54.2;130.0;0.0;310.0;80.0;47.0;88.0
2018-12-09 15:00:00;16.8;63.7;170.0;0.0;310.0;90.0;45.0;76.0
2018-12-09 16:00:00;19.5;60.4;130.0;1.0;310.0;80.0;50.0;83.0
2018-12-09 17:00:00;14.7;61.6;120.0;2.0;300.0;60.0;45.0;71.0
2018-12-09 18:00:00;27.9;48.1;120.0;2.0;320.0;70.0;46.0;68.0
2018-12-09 19:00:00;20.6;58.0;100.0;2.0;300.0;50.0;38.0;76.0
2018-12-09 20:00:00;33.2;43.1;120.0;0.0;290.0;70.0;34.0;71.0
2018-12-09 21:00:00;25.6;50.8;130.0;1.0;320.0;60.0;35.0;71.0
2018-12-09 22:00:00;24.6;54.7;170.0;1.0;300.0;70.0;31.0;66.0
2018-12-09 23:00:00;18.7;62.0;140.0;0.0;290.0;80.0;30.0;68.0
2018-12-10 00:00:00;21.6;55.1;170.0;2.0;300.0;70.0;27.0;63.0
2018-12-10 01:00:00;31.9;43.4;160.0;2.0;300.0;80.0;29.0;71.0
2018-12-10 02:00:00;14.7;56.2;170.0;2.0;310.0;60.0;24.0;50.0
2018-12-10 03:00:00;28.5;41.3;60.0;1.0;340.0;30.0;36.0;61.0
2018-12-10 04:00:00;45.5;23.4;150.0;7.0;330.0;50.0;31.0;58.0
2018-12-10 05:00:00;44.1;26.3;110.0;0.0;290.0;50.0;27.0;57.0
2018-12-10 06:00:00;38.6;33.1;90.0;5.0;320.0;50.0;38.0;56.0
2018-12-10 07:00:00;66.1;7.9;80.0;0.0;300.0;40.0;39.0;65.0
2018-12-10 08:00:00;55.4;14.6;90.0;0.0;290.0;50.0;33.0;71.0
2018-12-10 09:00:00;49.7;19.3;110.0;0.0;300.0;60.0;34.0;83.0
2018-12-10 10:00:00;35.9;37.1;130.0;1.0;300.0;70.0;42.0;65.0
2018-12-10 11:00:00;25.6;48.6;120.0;0.0;310.0;50.0;37.0;80.0
2018-12-10 12:00:00;25.0;47.8;110.0;0.0;320.0;60.0;31.0;74.0
2018-12-10 13:00:00;24.6;52.9;110.0;0.0;340.0;60.0;25.0;63.0
2018-12-10 14:00:00;29.2;51.8;120.0;0.0;300.0;60.0;22.0;63.0
2018-12-10 15:00:00;32.7;49.6;100.0;0.0;320.0;50.0;10.0;66.0
2018-12-10 16:00:00;32.1;50.0;120.0;0.0;330.0;70.0;21.0;60.0
2018-12-10 17:00:00;35.9;50.3;100.0;0.0;320.0;50.0;17.0;56.0
2018-12-10 18:00:00;23.3;57.9;100.0;0.0;300.0;50.0;14.0;49.0
2018-12-10 19:00:00;23.5;56.7;110.0;1.0;320.0;50.0;29.0;59.0
2018-12-10 20:00:00;23.1;55.9;90.0;0.0;310.0;50.0;10.0;42.0
2018-12-10 21:00:00;23.3;52.9;60.0;0.0;310.0;40.0;6.0;35.0
2018-12-10 22:00:00;22.9;50.3;70.0;0.0;310.0;40.0;15.0;53.0
2018-12-10 23:00:00;19.7;51.7;70.0;0.0;320.0;50.0;28.0;60.0
2018-12-11 00:00:00;17.4;53.7;70.0;0.0;300.0;40.0;10.0;44.0
2018-12-11 01:00:00;17.4;53.4;50.0;0.0;300.0;30.0;9.0;34.0
2018-12-11 02:00:00;18.1;52.6;60.0;0.0;290.0;40.0;4.0;35.0
2018-12-11 03:00:00;15.7;59.1;50.0;0.0;310.0;30.0;7.0;38.0
2018-12-11 04:00:00;17.0;56.5;40.0;0.0;330.0;20.0;8.0;52.0
2018-12-11 05:00:00;20.8;51.3;60.0;0.0;300.0;30.0;9.0;61.0
2018-12-11 06:00:00;35.3;39.4;70.0;0.0;310.0;40.0;14.0;47.0
2018-12-11 07:00:00;45.1;32.9;50.0;0.0;300.0;20.0;12.0;41.0
2018-12-11 08:00:00;37.6;37.5;30.0;0.0;270.0;10.0;31.0;50.0
2018-12-11 09:00:00;36.7;40.7;50.0;0.0;290.0;20.0;36.0;77.0
2018-12-11 10:00:00;50.0;31.9;60.0;0.0;320.0;40.0;32.0;81.0
2018-12-11 11:00:00;40.9;39.1;60.0;0.0;320.0;30.0;27.0;85.0
2018-12-11 12:00:00;45.6;32.0;60.0;0.0;300.0;30.0;34.0;86.0
2018-12-11 13:00:00;40.7;36.8;50.0;0.0;290.0;30.0;29.0;85.0
2018-12-11 14:00:00;40.5;37.7;60.0;0.0;310.0;30.0;28.0;65.0
2018-12-11 15:00:00;44.7;34.8;40.0;0.0;320.0;20.0;18.0;48.0
2018-12-11 16:00:00;53.5;27.6;40.0;0.0;10.0;10.0;17.0;44.0
2018-12-11 17:00:00;56.9;21.7;20.0;0.0;340.0;10.0;22.0;48.0
2018-12-11 18:00:00;42.8;35.9;20.0;0.0;250.0;10.0;26.0;39.0
2018-12-11 19:00:00;62.5;16.8;20.0;0.0;220.0;20.0;20.0;33.0
2018-12-11 20:00:00;57.9;20.1;20.0;0.0;340.0;10.0;28.0;44.0
2018-12-11 21:00:00;58.4;13.3;10.0;0.0;220.0;10.0;27.0;36.0
2018-12-11 22:00:00;61.1;9.5;10.0;0.0;70.0;0.0;13.0;18.0
2018-12-11 23:00:00;64.4;3.6;20.0;0.0;260.0;10.0;-5.0;-2.0
2018-12-12 00:00:00;56.5;9.9;20.0;0.0;220.0;0.0;-8.0;-5.0
2018-12-12 01:00:00;54.1;1.8;10.0;0.0;100.0;0.0;-5.0;-2.0
2018-12-12 02:00:00;49.5;0.6;10.0;0.0;0.0;0.0;-18.0;-17.0
2018-12-12 03:00:00;44.3;0.3;10.0;0.0;0.0;0.0;-21.0;-21.0
2018-12-12 04:00:00;49.5;0.3;20.0;0.0;80.0;10.0;-27.0;-26.0
2018-12-12 05:00:00;48.7;0.4;10.0;0.0;50.0;10.0;-19.0;-16.0
2018-12-12 06:00:00;62.5;0.5;20.0;0.0;0.0;10.0;-25.0;-21.0
2018-12-12 07:00:00;67.8;0.4;40.0;0.0;40.0;10.0;-10.0;-4.0
2018-12-12 08:00:00;90.5;0.3;30.0;0.0;70.0;10.0;-7.0;-5.0
2018-12-12 09:00:00;91.5;0.6;50.0;0.0;90.0;20.0;23.0;32.0
2018-12-12 10:00:00;71.1;3.0;60.0;0.0;90.0;40.0;26.0;43.0
2018-12-12 11:00:00;51.8;14.4;60.0;0.0;100.0;40.0;20.0;48.0
2018-12-12 12:00:00;44.9;11.5;60.0;0.0;100.0;40.0;19.0;50.0
2018-12-12 13:00:00;37.1;14.5;70.0;0.0;80.0;40.0;16.0;50.0
2018-12-12 14:00:00;35.5;14.0;80.0;0.0;100.0;50.0;11.0;43.0
2018-12-12 15:00:00;38.4;8.4;70.0;0.0;90.0;40.0;6.0;40.0
2018-12-12 16:00:00;45.1;2.7;80.0;0.0;90.0;40.0;-17.0;42.0
2018-12-12 17:00:00;38.8;14.6;70.0;0.0;90.0;40.0;-15.0;28.0
2018-12-12 18:00:00;32.1;23.2;60.0;0.0;80.0;20.0;-25.0;2.0
2018-12-12 19:00:00;32.7;17.7;70.0;0.0;90.0;40.0;6.0;29.0
2018-12-12 20:00:00;34.6;8.8;60.0;0.0;100.0;40.0;9.0;28.0
2018-12-12 21:00:00;32.7;1.7;80.0;0.0;90.0;50.0;4.0;18.0
2018-12-12 22:00:00;31.5;0.6;70.0;0.0;90.0;40.0;2.0;15.0
2018-12-12 23:00:00;29.2;0.4;70.0;0.0;100.0;40.0;1.0;12.0
2018-12-13 00:00:00;28.8;0.4;60.0;0.0;90.0;30.0;-1.0;9.0
2018-12-13 01:00:00;28.7;0.4;60.0;0.0;80.0;30.0;-8.0;-2.0
2018-12-13 02:00:00;27.7;0.5;50.0;0.0;70.0;30.0;-7.0;-1.0
2018-12-13 03:00:00;27.1;2.4;50.0;0.0;50.0;30.0;-21.0;-14.0
2018-12-13 04:00:00;28.1;2.6;60.0;0.0;80.0;30.0;-11.0;3.0
2018-12-13 05:00:00;29.6;4.7;60.0;0.0;80.0;40.0;-11.0;4.0
2018-12-13 06:00:00;35.3;3.1;70.0;0.0;80.0;40.0;-8.0;3.0
2018-12-13 07:00:00;38.6;1.4;60.0;0.0;80.0;40.0;-7.0;3.0
2018-12-13 08:00:00;35.5;1.7;70.0;0.0;80.0;50.0;-4.0;7.0
2018-12-13 09:00:00;29.4;5.6;100.0;0.0;90.0;60.0;-4.0;15.0
2018-12-13 10:00:00;26.0;10.9;100.0;0.0;90.0;60.0;-4.0;23.0
2018-12-13 11:00:00;25.8;16.2;100.0;0.0;80.0;60.0;-3.0;27.0
2018-12-13 12:00:00;24.1;19.0;100.0;0.0;80.0;70.0;-8.0;30.0
2018-12-13 13:00:00;26.9;20.1;100.0;0.0;70.0;60.0;-10.0;24.0
2018-12-13 14:00:00;24.1;26.6;100.0;0.0;70.0;60.0;-13.0;16.0
2018-12-13 15:00:00;34.8;13.2;80.0;0.0;80.0;50.0;-12.0;11.0
2018-12-13 16:00:00;41.4;6.9;80.0;0.0;60.0;50.0;-18.0;-2.0
2018-12-13 17:00:00;39.0;5.8;60.0;0.0;70.0;40.0;-10.0;6.0
2018-12-13 18:00:00;37.2;4.2;60.0;0.0;60.0;40.0;-13.0;1.0
2018-12-13 19:00:00;39.9;2.3;70.0;0.0;60.0;50.0;-12.0;1.0
2018-12-13 20:00:00;38.2;3.3;60.0;0.0;50.0;40.0;-13.0;1.0
2018-12-13 21:00:00;37.1;3.9;60.0;0.0;60.0;40.0;-5.0;8.0
2018-12-13 22:00:00;36.7;3.3;60.0;0.0;60.0;40.0;-15.0;-5.0
2018-12-13 23:00:00;35.0;3.3;50.0;0.0;60.0;30.0;-23.0;-15.0
2018-12-14 00:00:00;29.8;6.3;50.0;0.0;50.0;30.0;-18.0;-9.0
2018-12-14 01:00:00;26.7;6.3;40.0;0.0;50.0;30.0;-26.0;-19.0
2018-12-14 02:00:00;28.7;3.7;30.0;0.0;20.0;20.0;-17.0;-13.0
2018-12-14 03:00:00;25.2;5.0;20.0;0.0;50.0;10.0;-29.0;-25.0
2018-12-14 04:00:00;27.7;2.6;30.0;0.0;60.0;20.0;-22.0;-19.0
2018-12-14 05:00:00;28.5;2.4;20.0;0.0;40.0;20.0;-15.0;-10.0
2018-12-14 06:00:00;32.5;1.0;20.0;0.0;40.0;10.0;-20.0;-14.0
2018-12-14 07:00:00;35.3;0.4;20.0;0.0;40.0;10.0;-15.0;-9.0
2018-12-14 08:00:00;36.3;0.5;40.0;0.0;60.0;20.0;-9.0;-1.0
2018-12-14 09:00:00;33.4;1.6;50.0;0.0;60.0;30.0;-1.0;13.0
2018-12-14 10:00:00;30.4;4.4;60.0;0.0;70.0;40.0;0.0;15.0
2018-12-14 11:00:00;27.3;8.5;70.0;0.0;90.0;40.0;-7.0;18.0
2018-12-14 12:00:00;25.8;9.6;60.0;0.0;80.0;40.0;-7.0;20.0
2018-12-14 13:00:00;24.4;11.2;70.0;0.0;70.0;40.0;-14.0;22.0
2018-12-14 14:00:00;30.0;9.6;60.0;0.0;80.0;40.0;-21.0;14.0
2018-12-14 15:00:00;30.8;10.2;50.0;0.0;90.0;20.0;-22.0;4.0
2018-12-14 16:00:00;39.3;5.2;50.0;0.0;90.0;30.0;-17.0;15.0
2018-12-14 17:00:00;42.8;1.8;40.0;0.0;90.0;30.0;-17.0;11.0
2018-12-14 18:00:00;41.4;1.5;50.0;0.0;60.0;20.0;-32.0;-2.0
2018-12-14 19:00:00;42.8;1.3;30.0;0.0;70.0;20.0;-28.0;4.0
2018-12-14 20:00:00;40.3;3.5;40.0;0.0;90.0;30.0;-26.0;10.0
2018-12-14 21:00:00;35.5;7.6;40.0;0.0;110.0;20.0;-39.0;13.0
2018-12-14 22:00:00;37.6;5.0;40.0;0.0;110.0;20.0;-36.0;11.0
2018-12-14 23:00:00;35.1;6.7;40.0;0.0;90.0;20.0;-34.0;8.0
2018-12-15 00:00:00;36.5;4.8;30.0;0.0;110.0;20.0;-36.0;10.0
2018-12-15 01:00:00;38.4;1.0;40.0;0.0;100.0;30.0;-29.0;10.0
2018-12-15 02:00:00;37.2;1.0;40.0;0.0;110.0;30.0;-23.0;9.0
2018-12-15 03:00:00;36.1;0.7;50.0;0.0;120.0;20.0;-23.0;9.0
2018-12-15 04:00:00;35.3;0.7;40.0;0.0;120.0;20.0;-21.0;9.0
2018-12-15 05:00:00;36.3;1.0;60.0;0.0;140.0;30.0;-28.0;10.0
2018-12-15 06:00:00;34.2;4.1;70.0;0.0;150.0;40.0;-41.0;9.0
2018-12-15 07:00:00;28.7;10.6;90.0;0.0;150.0;60.0;-53.0;9.0
2018-12-15 08:00:00;19.9;21.3;90.0;0.0;150.0;50.0;-52.0;7.0
2018-12-15 09:00:00;15.5;27.4;100.0;0.0;150.0;60.0;-58.0;8.0
2018-12-15 10:00:00;14.3;29.8;100.0;0.0;140.0;60.0;-58.0;10.0
2018-12-15 11:00:00;16.2;27.9;110.0;0.0;130.0;60.0;-60.0;12.0
2018-12-15 12:00:00;15.5;29.5;110.0;0.0;140.0;70.0;-62.0;7.0
2018-12-15 13:00:00;14.3;31.3;120.0;0.0;150.0;70.0;-59.0;6.0
2018-12-15 14:00:00;16.2;30.6;140.0;0.0;140.0;80.0;-59.0;4.0
2018-12-15 15:00:00;17.2;29.0;130.0;0.0;140.0;80.0;-56.0;0.0
2018-12-15 16:00:00;18.5;27.0;110.0;0.0;130.0;70.0;-52.0;0.0
2018-12-15 17:00:00;21.4;22.4;120.0;0.0;130.0;70.0;-49.0;1.0
2018-12-15 18:00:00;18.5;23.5;130.0;0.0;140.0;70.0;-48.0;3.0
2018-12-15 19:00:00;18.3;22.6;150.0;0.0;130.0;80.0;-47.0;5.0
2018-12-15 20:00:00;18.0;21.8;140.0;0.0;140.0;90.0;-48.0;7.0
2018-12-15 21:00:00;18.7;20.4;160.0;3.0;150.0;90.0;-40.0;0.0
2018-12-15 22:00:00;22.0;17.7;130.0;10.0;140.0;80.0;-24.0;-4.0
2018-12-15 23:00:00;21.0;17.9;130.0;10.0;150.0;80.0;-12.0;-1.0
2018-12-16 00:00:00;16.8;21.4;100.0;10.0;150.0;70.0;-5.0;-2.0
2018-12-16 01:00:00;17.2;21.3;110.0;3.0;150.0;70.0;0.0;4.0
2018-12-16 02:00:00;14.3;23.5;90.0;5.0;150.0;50.0;-3.0;5.0
2018-12-16 03:00:00;14.5;24.0;80.0;0.0;170.0;50.0;0.0;7.0
2018-12-16 04:00:00;13.4;25.0;80.0;0.0;170.0;50.0;1.0;8.0
2018-12-16 05:00:00;12.6;24.8;70.0;0.0;170.0;40.0;4.0;8.0
2018-12-16 06:00:00;16.6;20.9;90.0;0.0;190.0;40.0;8.0;11.0
2018-12-16 07:00:00;19.1;18.2;70.0;0.0;180.0;40.0;15.0;15.0
2018-12-16 08:00:00;18.0;20.2;50.0;0.0;190.0;30.0;21.0;21.0
2018-12-16 09:00:00;19.5;17.5;50.0;0.0;210.0;30.0;28.0;28.0
2018-12-16 10:00:00;19.1;19.7;60.0;0.0;210.0;30.0;32.0;32.0
2018-12-16 11:00:00;17.8;21.6;80.0;0.0;210.0;30.0;35.0;35.0
2018-12-16 12:00:00;21.0;21.0;60.0;0.0;200.0;30.0;37.0;37.0
2018-12-16 13:00:00;24.1;21.0;60.0;0.0;190.0;30.0;39.0;39.0
2018-12-16 14:00:00;24.8;22.9;60.0;0.0;180.0;30.0;41.0;41.0
2018-12-16 15:00:00;28.3;20.0;70.0;0.0;190.0;40.0;43.0;43.0
2018-12-16 16:00:00;31.9;17.3;60.0;0.0;190.0;30.0;45.0;45.0
2018-12-16 17:00:00;29.8;19.6;70.0;0.0;200.0;40.0;42.0;42.0
2018-12-16 18:00:00;26.4;24.2;80.0;0.0;200.0;50.0;38.0;41.0
2018-12-16 19:00:00;15.7;34.8;70.0;0.0;180.0;40.0;38.0;38.0
2018-12-16 20:00:00;21.4;28.3;70.0;0.0;170.0;40.0;37.0;37.0
2018-12-16 21:00:00;32.7;12.8;80.0;0.0;170.0;50.0;35.0;35.0
2018-12-16 22:00:00;31.5;12.2;90.0;0.0;170.0;50.0;32.0;35.0
2018-12-16 23:00:00;35.1;10.5;80.0;0.0;160.0;50.0;34.0;34.0
2018-12-17 00:00:00;28.1;15.5;60.0;0.0;140.0;40.0;35.0;38.0
2018-12-17 01:00:00;18.3;22.6;70.0;0.0;160.0;40.0;42.0;45.0
2018-12-17 02:00:00;13.6;27.0;70.0;0.0;150.0;40.0;44.0;48.0
2018-12-17 03:00:00;11.1;30.7;70.0;7.0;150.0;40.0;47.0;53.0
2018-12-17 04:00:00;10.9;30.5;80.0;9.0;160.0;50.0;50.0;55.0
2018-12-17 05:00:00;16.0;27.0;80.0;8.0;180.0;50.0;56.0;61.0
2018-12-17 06:00:00;17.0;33.5;100.0;2.0;220.0;50.0;66.0;74.0
2018-12-17 07:00:00;17.8;36.6;70.0;9.0;230.0;40.0;70.0;73.0
2018-12-17 08:00:00;28.7;29.6;90.0;7.0;250.0;50.0;63.0;74.0
2018-12-17 09:00:00;28.1;36.7;70.0;0.0;250.0;40.0;59.0;78.0
2018-12-17 10:00:00;17.4;48.6;90.0;0.0;260.0;50.0;61.0;84.0
2018-12-17 11:00:00;14.5;50.2;100.0;0.0;260.0;50.0;61.0;85.0
2018-12-17 12:00:00;12.8;52.3;90.0;0.0;250.0;50.0;62.0;88.0
2018-12-17 13:00:00;17.6;49.4;110.0;0.0;250.0;70.0;59.0;86.0
2018-12-17 14:00:00;15.3;50.7;100.0;0.0;240.0;60.0;51.0;76.0
2018-12-17 15:00:00;23.9;43.1;80.0;0.0;230.0;40.0;45.0;58.0
2018-12-17 16:00:00;34.2;31.5;60.0;0.0;220.0;40.0;44.0;54.0
2018-12-17 17:00:00;41.1;22.9;80.0;0.0;220.0;40.0;47.0;55.0
2018-12-17 18:00:00;34.6;27.0;60.0;0.0;220.0;40.0;48.0;56.0
2018-12-17 19:00:00;36.7;23.7;60.0;0.0;210.0;40.0;51.0;61.0
2018-12-17 20:00:00;36.9;19.7;60.0;0.0;190.0;40.0;49.0;55.0
2018-12-17 21:00:00;34.8;14.9;60.0;0.0;190.0;40.0;52.0;57.0
2018-12-17 22:00:00;40.3;8.5;70.0;0.0;180.0;50.0;53.0;59.0
2018-12-17 23:00:00;32.1;13.1;80.0;0.0;190.0;50.0;51.0;57.0
2018-12-18 00:00:00;27.1;15.0;100.0;0.0;190.0;60.0;55.0;60.0
2018-12-18 01:00:00;22.3;22.1;90.0;0.0;190.0;60.0;57.0;64.0
2018-12-18 02:00:00;17.0;31.3;90.0;0.0;180.0;60.0;58.0;66.0
2018-12-18 03:00:00;10.9;40.3;100.0;0.0;190.0;50.0;62.0;67.0
2018-12-18 04:00:00;9.6;42.3;90.0;0.0;190.0;50.0;63.0;70.0
2018-12-18 05:00:00;11.5;40.5;90.0;0.0;180.0;50.0;63.0;73.0
2018-12-18 06:00:00;12.2;40.8;90.0;0.0;170.0;50.0;62.0;73.0
2018-12-18 07:00:00;15.7;39.5;80.0;0.0;170.0;50.0;60.0;73.0
2018-12-18 08:00:00;27.7;26.5;80.0;0.0;170.0;50.0;59.0;74.0
2018-12-18 09:00:00;29.4;27.1;120.0;0.0;170.0;60.0;60.0;78.0
2018-12-18 10:00:00;26.4;31.7;100.0;0.0;160.0;60.0;59.0;79.0
2018-12-18 11:00:00;32.3;27.6;100.0;0.0;160.0;60.0;60.0;82.0
2018-12-18 12:00:00;26.7;33.5;100.0;0.0;160.0;60.0;59.0;89.0
2018-12-18 13:00:00;21.6;38.8;100.0;0.0;160.0;60.0;54.0;86.0
2018-12-18 14:00:00;22.7;37.1;80.0;0.0;150.0;50.0;52.0;82.0
2018-12-18 15:00:00;24.1;35.2;110.0;0.0;140.0;60.0;49.0;79.0
2018-12-18 16:00:00;23.1;36.5;120.0;0.0;140.0;70.0;38.0;78.0
2018-12-18 17:00:00;26.5;32.2;140.0;0.0;150.0;80.0;26.0;75.0
2018-12-18 18:00:00;25.8;33.5;150.0;0.0;140.0;90.0;22.0;72.0
2018-12-18 19:00:00;26.2;33.8;130.0;0.0;150.0;80.0;17.0;72.0
2018-12-18 20:00:00;25.6;32.1;130.0;0.0;150.0;80.0;17.0;70.0
2018-12-18 21:00:00;22.7;33.2;120.0;0.0;150.0;80.0;15.0;70.0
2018-12-18 22:00:00;18.7;35.3;110.0;0.0;160.0;70.0;18.0;67.0
2018-12-18 23:00:00;16.0;35.6;110.0;0.0;160.0;60.0;19.0;68.0
2018-12-19 00:00:00;13.8;35.0;90.0;4.0;170.0;60.0;28.0;64.0
2018-12-19 01:00:00;17.0;30.8;70.0;8.0;170.0;40.0;37.0;62.0
2018-12-19 02:00:00;15.3;33.4;80.0;7.0;170.0;50.0;41.0;65.0
2018-12-19 03:00:00;11.8;35.8;100.0;5.0;200.0;60.0;55.0;62.0
2018-12-19 04:00:00;11.3;32.1;90.0;2.0;190.0;60.0;58.0;65.0
2018-12-19 05:00:00;9.7;30.9;80.0;0.0;200.0;50.0;63.0;70.0
2018-12-19 06:00:00;16.0;25.3;100.0;0.0;190.0;50.0;60.0;68.0
2018-12-19 07:00:00;20.8;21.5;90.0;0.0;190.0;50.0;59.0;69.0
2018-12-19 08:00:00;24.0;21.8;100.0;0.0;190.0;60.0;64.0;77.0
2018-12-19 09:00:00;23.9;28.6;90.0;0.0;190.0;50.0;64.0;82.0
2018-12-19 10:00:00;18.2;38.1;90.0;0.0;180.0;60.0;66.0;88.0
2018-12-19 11:00:00;20.4;40.3;120.0;0.0;190.0;60.0;68.0;91.0
2018-12-19 12:00:00;19.5;40.4;120.0;0.0;190.0;60.0;70.0;94.0
2018-12-19 13:00:00;18.5;40.0;100.0;0.0;190.0;60.0;67.0;95.0
2018-12-19 14:00:00;19.9;41.9;100.0;0.0;190.0;60.0;63.0;91.0
2018-12-19 15:00:00;22.3;41.7;90.0;0.0;190.0;50.0;62.0;88.0
2018-12-19 16:00:00;28.4;35.0;90.0;0.0;190.0;50.0;60.0;87.0
2018-12-19 17:00:00;31.3;31.6;90.0;0.0;170.0;50.0;59.0;85.0
2018-12-19 18:00:00;31.2;30.3;120.0;0.0;180.0;50.0;56.0;83.0
2018-12-19 19:00:00;26.5;35.4;80.0;0.0;180.0;50.0;55.0;75.0
2018-12-19 20:00:00;30.9;30.0;70.0;0.0;170.0;50.0;54.0;69.0
2018-12-19 21:00:00;28.2;29.2;70.0;0.0;170.0;50.0;55.0;69.0
2018-12-19 22:00:00;26.4;27.4;70.0;0.0;170.0;40.0;55.0;68.0
2018-12-19 23:00:00;32.7;17.7;70.0;8.0;190.0;40.0;60.0;68.0
2018-12-20 00:00:00;29.2;21.2;60.0;5.0;180.0;40.0;63.0;71.0
2018-12-20 01:00:00;24.6;24.9;70.0;0.0;180.0;50.0;60.0;70.0
2018-12-20 02:00:00;14.8;37.9;90.0;0.0;190.0;50.0;61.0;73.0
2018-12-20 03:00:00;12.0;42.8;80.0;0.0;190.0;50.0;59.0;71.0
2018-12-20 04:00:00;8.7;43.1;90.0;0.0;190.0;60.0;57.0;70.0
2018-12-20 05:00:00;13.3;38.6;100.0;0.0;190.0;60.0;56.0;69.0
2018-12-20 06:00:00;18.0;36.6;110.0;0.0;190.0;60.0;55.0;70.0
2018-12-20 07:00:00;15.6;41.1;90.0;0.0;200.0;60.0;56.0;70.0
2018-12-20 08:00:00;22.4;34.5;90.0;0.0;190.0;60.0;58.0;71.0
2018-12-20 09:00:00;20.0;37.3;110.0;0.0;190.0;60.0;60.0;76.0
2018-12-20 10:00:00;21.1;37.8;140.0;0.0;210.0;80.0;58.0;79.0
2018-12-20 11:00:00;22.5;39.8;150.0;6.0;200.0;70.0;65.0;76.0
2018-12-20 12:00:00;24.9;37.1;150.0;2.0;210.0;80.0;63.0;81.0
2018-12-20 13:00:00;24.5;39.7;130.0;0.0;210.0;90.0;64.0;83.0
2018-12-20 14:00:00;17.4;47.4;120.0;0.0;210.0;80.0;65.0;84.0
2018-12-20 15:00:00;19.5;44.7;140.0;0.0;210.0;80.0;66.0;84.0
2018-12-20 16:00:00;21.7;41.7;130.0;0.0;210.0;70.0;68.0;86.0
2018-12-20 17:00:00;19.3;44.2;120.0;4.0;220.0;70.0;72.0;87.0
2018-12-20 18:00:00;16.9;44.6;110.0;0.0;210.0;70.0;70.0;86.0
2018-12-20 19:00:00;17.4;44.5;130.0;0.0;210.0;80.0;65.0;86.0
2018-12-20 20:00:00;15.5;46.6;140.0;0.0;210.0;90.0;63.0;83.0
2018-12-20 21:00:00;12.0;52.2;140.0;4.0;200.0;80.0;67.0;80.0
2018-12-20 22:00:00;14.8;44.9;130.0;0.0;200.0;80.0;67.0;80.0
2018-12-20 23:00:00;14.8;43.2;120.0;0.0;210.0;70.0;63.0;81.0
2018-12-21 00:00:00;12.2;46.5;140.0;4.0;200.0;90.0;63.0;78.0
2018-12-21 01:00:00;13.7;44.8;100.0;5.0;190.0;50.0;62.0;78.0
2018-12-21 02:00:00;10.9;47.0;100.0;4.0;190.0;60.0;66.0;82.0
2018-12-21 03:00:00;9.6;49.9;120.0;10.0;180.0;70.0;76.0;84.0
2018-12-21 04:00:00;9.0;50.5;130.0;10.0;180.0;80.0;78.0;86.0
2018-12-21 05:00:00;12.5;46.1;130.0;9.0;180.0;70.0;85.0;92.0
2018-12-21 06:00:00;12.2;45.1;120.0;9.0;200.0;70.0;92.0;98.0
2018-12-21 07:00:00;12.1;45.4;130.0;10.0;170.0;70.0;98.0;103.0
2018-12-21 08:00:00;13.2;45.1;130.0;10.0;210.0;80.0;106.0;109.0
2018-12-21 09:00:00;15.7;43.2;160.0;6.0;230.0;100.0;113.0;121.0
2018-12-21 10:00:00;11.0;52.7;190.0;0.0;240.0;120.0;110.0;121.0
2018-12-21 11:00:00;8.4;57.0;190.0;0.0;230.0;120.0;106.0;121.0
2018-12-21 12:00:00;9.9;58.5;190.0;0.0;230.0;120.0;98.0;118.0
2018-12-21 13:00:00;9.1;61.3;200.0;0.0;240.0;110.0;89.0;114.0
2018-12-21 14:00:00;9.8;62.9;210.0;0.0;240.0;120.0;64.0;113.0
2018-12-21 15:00:00;11.8;62.7;190.0;0.0;240.0;120.0;68.0;111.0
2018-12-21 16:00:00;10.5;63.0;200.0;0.0;250.0;120.0;66.0;114.0
2018-12-21 17:00:00;13.0;59.0;190.0;0.0;250.0;110.0;69.0;112.0
2018-12-21 18:00:00;10.8;59.8;160.0;7.0;270.0;80.0;83.0;91.0
2018-12-21 19:00:00;16.9;50.7;120.0;5.0;270.0;70.0;71.0;97.0
2018-12-21 20:00:00;23.5;47.3;100.0;0.0;260.0;60.0;74.0;100.0
2018-12-21 21:00:00;12.6;52.8;110.0;0.0;240.0;60.0;74.0;96.0
2018-12-21 22:00:00;13.0;50.1;130.0;0.0;240.0;70.0;79.0;99.0
2018-12-21 23:00:00;10.8;54.8;130.0;0.0;240.0;80.0;80.0;101.0
2018-12-22 00:00:00;9.2;56.6;130.0;0.0;230.0;80.0;85.0;97.0
2018-12-22 01:00:00;7.8;59.9;120.0;7.0;220.0;70.0;89.0;96.0
2018-12-22 02:00:00;6.1;62.5;140.0;9.0;230.0;80.0;92.0;102.0
2018-12-22 03:00:00;8.6;58.5;160.0;0.0;270.0;80.0;72.0;99.0
2018-12-22 04:00:00;6.3;64.7;130.0;0.0;270.0;70.0;73.0;100.0
2018-12-22 05:00:00;10.1;65.9;130.0;0.0;270.0;80.0;73.0;95.0
2018-12-22 06:00:00;16.3;57.6;120.0;0.0;270.0;70.0;69.0;91.0
2018-12-22 07:00:00;17.1;53.7;110.0;0.0;260.0;70.0;72.0;99.0
2018-12-22 08:00:00;15.7;51.4;110.0;0.0;260.0;70.0;73.0;102.0
2018-12-22 09:00:00;19.7;46.9;130.0;0.0;260.0;70.0;76.0;103.0
2018-12-22 10:00:00;16.4;50.1;130.0;0.0;260.0;80.0;74.0;107.0
2018-12-22 11:00:00;15.2;51.8;140.0;0.0;270.0;80.0;72.0;105.0
2018-12-22 12:00:00;18.6;50.7;140.0;0.0;270.0;80.0;74.0;106.0
2018-12-22 13:00:00;21.8;48.8;120.0;0.0;270.0;70.0;72.0;103.0
2018-12-22 14:00:00;16.4;51.9;110.0;0.0;270.0;70.0;72.0;100.0
2018-12-22 15:00:00;19.2;48.3;100.0;0.0;260.0;50.0;70.0;99.0
2018-12-22 16:00:00;22.8;43.5;90.0;0.0;260.0;50.0;66.0;98.0
2018-12-22 17:00:00;18.8;45.6;80.0;0.0;260.0;50.0;67.0;97.0
2018-12-22 18:00:00;14.1;50.1;90.0;0.0;260.0;50.0;66.0;98.0
2018-12-22 19:00:00;12.1;50.3;90.0;0.0;260.0;50.0;60.0;100.0
2018-12-22 20:00:00;13.2;50.2;90.0;0.0;260.0;50.0;62.0;94.0
2018-12-22 21:00:00;18.5;44.7;100.0;0.0;270.0;50.0;63.0;95.0
2018-12-22 22:00:00;23.7;39.6;80.0;0.0;260.0;40.0;59.0;88.0
2018-12-22 23:00:00;15.4;44.5;70.0;0.0;230.0;30.0;56.0;75.0
2018-12-23 00:00:00;14.4;41.6;50.0;0.0;220.0;30.0;64.0;75.0
2018-12-23 01:00:00;11.7;40.3;70.0;0.0;230.0;40.0;62.0;72.0
2018-12-23 02:00:00;17.5;32.2;60.0;0.0;230.0;40.0;58.0;64.0
2018-12-23 03:00:00;22.8;24.8;50.0;0.0;220.0;40.0;62.0;69.0
2018-12-23 04:00:00;19.4;29.5;50.0;0.0;220.0;40.0;64.0;72.0
2018-12-23 05:00:00;20.3;26.8;60.0;0.0;220.0;40.0;67.0;73.0
2018-12-23 06:00:00;16.8;29.2;80.0;0.0;220.0;40.0;69.0;78.0
2018-12-23 07:00:00;16.6;28.5;60.0;0.0;210.0;40.0;71.0;78.0
2018-12-23 08:00:00;18.9;26.9;50.0;0.0;200.0;30.0;74.0;81.0
2018-12-23 09:00:00;16.5;30.0;50.0;10.0;190.0;20.0;76.0;80.0
2018-12-23 10:00:00;22.4;22.7;60.0;10.0;210.0;30.0;78.0;84.0
2018-12-23 11:00:00;21.2;28.4;60.0;10.0;190.0;40.0;74.0;83.0
2018-12-23 12:00:00;20.6;37.1;80.0;9.0;180.0;30.0;70.0;82.0
2018-12-23 13:00:00;28.3;32.5;60.0;0.0;150.0;30.0;74.0;83.0
2018-12-23 14:00:00;32.1;26.1;40.0;8.0;130.0;20.0;77.0;80.0
2018-12-23 15:00:00;31.5;33.1;30.0;10.0;60.0;20.0;73.0;76.0
2018-12-23 16:00:00;28.9;28.3;40.0;10.0;40.0;20.0;74.0;77.0
2018-12-23 17:00:00;35.3;20.2;70.0;10.0;40.0;40.0;71.0;73.0
2018-12-23 18:00:00;45.1;12.3;100.0;10.0;30.0;50.0;63.0;68.0
2018-12-23 19:00:00;24.8;38.4;80.0;10.0;30.0;40.0;59.0;66.0
2018-12-23 20:00:00;28.0;37.2;60.0;9.0;360.0;40.0;58.0;64.0
2018-12-23 21:00:00;26.5;36.5;60.0;10.0;350.0;40.0;55.0;62.0
2018-12-23 22:00:00;28.1;36.1;50.0;5.0;310.0;20.0;55.0;58.0
2018-12-23 23:00:00;20.4;49.1;40.0;0.0;290.0;20.0;56.0;61.0
2018-12-24 00:00:00;13.6;56.1;70.0;0.0;340.0;40.0;51.0;63.0
2018-12-24 01:00:00;15.5;50.1;100.0;0.0;310.0;40.0;31.0;44.0
2018-12-24 02:00:00;14.2;48.3;40.0;0.0;330.0;20.0;29.0;40.0
2018-12-24 03:00:00;17.3;50.2;30.0;0.0;340.0;20.0;34.0;45.0
2018-12-24 04:00:00;28.9;39.3;40.0;0.0;330.0;20.0;39.0;53.0
2018-12-24 05:00:00;30.3;39.9;60.0;0.0;10.0;30.0;44.0;65.0
2018-12-24 06:00:00;36.7;35.1;50.0;0.0;310.0;20.0;38.0;47.0
2018-12-24 07:00:00;48.1;23.5;40.0;0.0;360.0;20.0;44.0;64.0
2018-12-24 08:00:00;40.8;28.4;30.0;0.0;10.0;20.0;50.0;64.0
2018-12-24 09:00:00;41.5;24.3;20.0;0.0;0.0;10.0;57.0;69.0
2018-12-24 10:00:00;44.7;20.0;10.0;0.0;0.0;0.0;52.0;83.0
2018-12-24 11:00:00;45.4;19.7;20.0;0.0;330.0;10.0;32.0;86.0
2018-12-24 12:00:00;38.3;21.9;20.0;0.0;270.0;10.0;34.0;86.0
2018-12-24 13:00:00;43.2;17.4;10.0;0.0;280.0;0.0;37.0;83.0
2018-12-24 14:00:00;47.5;11.7;10.0;0.0;0.0;10.0;43.0;77.0
2018-12-24 15:00:00;42.1;16.2;20.0;0.0;340.0;10.0;39.0;70.0
2018-12-24 16:00:00;43.7;14.2;20.0;0.0;280.0;10.0;37.0;64.0
2018-12-24 17:00:00;45.2;11.6;20.0;0.0;250.0;10.0;38.0;64.0
2018-12-24 18:00:00;46.6;7.4;20.0;0.0;190.0;10.0;23.0;69.0
2018-12-24 19:00:00;51.3;2.2;30.0;0.0;250.0;10.0;27.0;69.0
2018-12-24 20:00:00;45.6;15.4;30.0;0.0;270.0;10.0;32.0;62.0
2018-12-24 21:00:00;44.2;15.6;40.0;0.0;250.0;10.0;22.0;58.0
2018-12-24 22:00:00;36.9;25.1;40.0;0.0;240.0;20.0;27.0;54.0
2018-12-24 23:00:00;31.4;30.8;20.0;0.0;250.0;10.0;21.0;64.0
2018-12-25 00:00:00;19.0;45.0;30.0;0.0;260.0;20.0;23.0;59.0
2018-12-25 01:00:00;9.3;52.4;30.0;0.0;250.0;20.0;21.0;58.0
2018-12-25 02:00:00;11.9;46.1;30.0;0.0;250.0;20.0;28.0;60.0
2018-12-25 03:00:00;15.5;42.0;40.0;0.0;230.0;30.0;24.0;54.0
2018-12-25 04:00:00;10.6;41.6;50.0;0.0;230.0;30.0;22.0;41.0
2018-12-25 05:00:00;12.2;38.8;40.0;0.0;230.0;30.0;17.0;41.0
2018-12-25 06:00:00;11.4;38.9;80.0;0.0;220.0;40.0;18.0;52.0
2018-12-25 07:00:00;12.3;41.1;80.0;0.0;220.0;40.0;17.0;48.0
2018-12-25 08:00:00;22.0;31.4;60.0;0.0;220.0;40.0;23.0;57.0
2018-12-25 09:00:00;25.1;27.8;60.0;0.0;220.0;40.0;30.0;63.0
2018-12-25 10:00:00;17.3;33.3;70.0;0.0;240.0;50.0;31.0;73.0
2018-12-25 11:00:00;19.2;32.0;80.0;0.0;240.0;60.0;28.0;71.0
2018-12-25 12:00:00;14.4;39.0;80.0;0.0;240.0;50.0;25.0;76.0
2018-12-25 13:00:00;12.2;42.2;80.0;0.0;240.0;50.0;25.0;65.0
2018-12-25 14:00:00;14.1;42.2;70.0;0.0;220.0;40.0;17.0;49.0
2018-12-25 15:00:00;13.4;44.2;60.0;0.0;220.0;40.0;16.0;44.0
2018-12-25 16:00:00;19.8;37.9;80.0;0.0;220.0;40.0;18.0;50.0
2018-12-25 17:00:00;23.4;31.9;70.0;0.0;190.0;40.0;19.0;45.0
2018-12-25 18:00:00;27.0;24.9;60.0;0.0;190.0;40.0;17.0;47.0
2018-12-25 19:00:00;23.3;26.8;70.0;0.0;190.0;40.0;22.0;45.0
2018-12-25 20:00:00;29.4;16.7;60.0;0.0;190.0;40.0;20.0;44.0
2018-12-25 21:00:00;28.2;15.3;70.0;0.0;200.0;40.0;20.0;48.0
2018-12-25 22:00:00;32.6;12.1;60.0;0.0;200.0;40.0;20.0;48.0
2018-12-25 23:00:00;26.2;21.4;70.0;0.0;210.0;40.0;21.0;47.0
2018-12-26 00:00:00;18.7;26.9;60.0;0.0;200.0;50.0;20.0;45.0
2018-12-26 01:00:00;15.5;30.3;70.0;0.0;220.0;40.0;21.0;46.0
2018-12-26 02:00:00;17.9;26.4;70.0;0.0;210.0;40.0;23.0;47.0
2018-12-26 03:00:00;20.2;23.1;50.0;0.0;220.0;30.0;25.0;47.0
2018-12-26 04:00:00;22.7;20.1;40.0;0.0;210.0;20.0;30.0;48.0
2018-12-26 05:00:00;18.5;24.5;50.0;0.0;210.0;20.0;31.0;50.0
2018-12-26 06:00:00;16.3;25.3;60.0;0.0;190.0;20.0;32.0;51.0
2018-12-26 07:00:00;15.6;25.0;40.0;0.0;210.0;20.0;34.0;50.0
2018-12-26 08:00:00;22.2;16.5;50.0;0.0;200.0;30.0;33.0;48.0
2018-12-26 09:00:00;30.3;8.9;50.0;0.0;190.0;30.0;33.0;50.0
2018-12-26 10:00:00;25.4;12.9;50.0;0.0;190.0;30.0;34.0;53.0
2018-12-26 11:00:00;29.7;11.2;50.0;0.0;180.0;30.0;32.0;52.0
2018-12-26 12:00:00;32.2;9.7;80.0;0.0;180.0;40.0;34.0;53.0
2018-12-26 13:00:00;33.7;11.0;70.0;0.0;180.0;30.0;36.0;55.0
2018-12-26 14:00:00;41.0;7.9;40.0;0.0;200.0;30.0;36.0;53.0
2018-12-26 15:00:00;42.3;8.4;80.0;0.0;190.0;30.0;32.0;49.0
2018-12-26 16:00:00;39.9;9.4;60.0;0.0;190.0;40.0;28.0;47.0
2018-12-26 17:00:00;36.5;7.4;60.0;0.0;190.0;40.0;22.0;41.0
2018-12-26 18:00:00;37.4;9.2;60.0;0.0;200.0;40.0;19.0;39.0
2018-12-26 19:00:00;44.3;5.4;50.0;0.0;190.0;30.0;12.0;32.0
2018-12-26 20:00:00;49.6;0.6;50.0;0.0;190.0;30.0;9.0;29.0
2018-12-26 21:00:00;44.7;1.0;40.0;0.0;200.0;20.0;7.0;23.0
2018-12-26 22:00:00;42.2;0.7;30.0;0.0;180.0;20.0;8.0;25.0
2018-12-26 23:00:00;42.7;0.4;30.0;0.0;200.0;20.0;2.0;16.0
2018-12-27 00:00:00;42.8;0.4;20.0;0.0;150.0;10.0;0.0;2.0
2018-12-27 01:00:00;42.8;0.4;20.0;0.0;180.0;20.0;-8.0;3.0
2018-12-27 02:00:00;41.4;0.3;30.0;0.0;190.0;20.0;-4.0;10.0
2018-12-27 03:00:00;41.1;0.4;30.0;0.0;170.0;20.0;-1.0;11.0
2018-12-27 04:00:00;42.0;0.4;20.0;0.0;200.0;20.0;-11.0;0.0
2018-12-27 05:00:00;40.6;0.4;30.0;0.0;190.0;20.0;1.0;9.0
2018-12-27 06:00:00;41.6;1.0;50.0;0.0;180.0;20.0;1.0;16.0
2018-12-27 07:00:00;42.1;0.9;30.0;0.0;180.0;20.0;-5.0;14.0
2018-12-27 08:00:00;44.4;1.0;40.0;0.0;180.0;30.0;-4.0;18.0
2018-12-27 09:00:00;42.9;2.3;70.0;0.0;200.0;20.0;1.0;32.0
2018-12-27 10:00:00;44.4;3.5;40.0;0.0;170.0;20.0;3.0;40.0
2018-12-27 11:00:00;44.4;4.3;30.0;0.0;170.0;10.0;8.0;52.0
2018-12-27 12:00:00;41.1;6.2;40.0;0.0;250.0;10.0;5.0;59.0
2018-12-27 13:00:00;38.8;9.1;30.0;0.0;290.0;10.0;17.0;48.0
2018-12-27 14:00:00;40.9;7.3;20.0;0.0;40.0;10.0;10.0;37.0
2018-12-27 15:00:00;45.6;3.9;30.0;0.0;190.0;10.0;-1.0;26.0
2018-12-27 16:00:00;47.6;1.8;30.0;0.0;180.0;20.0;0.0;26.0
2018-12-27 17:00:00;47.2;1.1;40.0;0.0;0.0;10.0;-7.0;13.0
2018-12-27 18:00:00;45.6;1.1;30.0;0.0;210.0;10.0;-6.0;11.0
2018-12-27 19:00:00;45.8;1.1;20.0;0.0;0.0;10.0;-5.0;2.0
2018-12-27 20:00:00;43.7;1.0;10.0;0.0;300.0;10.0;-9.0;-1.0
2018-12-27 21:00:00;42.8;0.9;10.0;0.0;230.0;10.0;-14.0;-10.0
2018-12-27 22:00:00;40.5;0.8;20.0;0.0;200.0;10.0;-19.0;-12.0
2018-12-27 23:00:00;39.2;0.8;20.0;0.0;180.0;10.0;-8.0;-5.0
2018-12-28 00:00:00;37.6;0.7;10.0;0.0;180.0;10.0;-27.0;-23.0
2018-12-28 01:00:00;35.5;0.7;10.0;0.0;200.0;10.0;-25.0;-22.0
2018-12-28 02:00:00;35.1;0.7;20.0;0.0;200.0;10.0;-6.0;-4.0
2018-12-28 03:00:00;35.1;0.8;20.0;0.0;200.0;10.0;-5.0;-1.0
2018-12-28 04:00:00;34.4;0.8;20.0;0.0;180.0;10.0;4.0;8.0
2018-12-28 05:00:00;32.1;0.8;30.0;0.0;200.0;20.0;3.0;5.0
2018-12-28 06:00:00;32.1;0.8;40.0;0.0;190.0;20.0;16.0;20.0
2018-12-28 07:00:00;32.7;0.8;20.0;0.0;210.0;20.0;21.0;26.0
2018-12-28 08:00:00;33.4;0.7;30.0;0.0;180.0;20.0;24.0;30.0
2018-12-28 09:00:00;33.2;0.9;30.0;0.0;200.0;20.0;26.0;33.0
2018-12-28 10:00:00;34.4;1.2;50.0;0.0;210.0;20.0;31.0;38.0
2018-12-28 11:00:00;35.3;1.3;50.0;0.0;180.0;20.0;33.0;42.0
2018-12-28 12:00:00;35.3;1.4;40.0;0.0;200.0;30.0;37.0;45.0
2018-12-28 13:00:00;33.8;1.8;60.0;0.0;190.0;20.0;38.0;47.0
2018-12-28 14:00:00;33.0;1.3;40.0;0.0;220.0;20.0;44.0;52.0
2018-12-28 15:00:00;32.9;1.0;70.0;0.0;200.0;20.0;48.0;54.0
2018-12-28 16:00:00;32.1;0.7;40.0;0.0;200.0;20.0;46.0;52.0
2018-12-28 17:00:00;31.7;0.9;70.0;0.0;190.0;20.0;45.0;52.0
2018-12-28 18:00:00;31.1;0.9;40.0;0.0;190.0;20.0;45.0;51.0
2018-12-28 19:00:00;31.7;0.7;30.0;0.0;200.0;20.0;47.0;54.0
2018-12-28 20:00:00;32.1;0.7;40.0;0.0;200.0;30.0;48.0;56.0
2018-12-28 21:00:00;32.1;0.6;40.0;0.0;190.0;20.0;49.0;59.0
2018-12-28 22:00:00;34.6;0.7;30.0;0.0;200.0;20.0;52.0;61.0
2018-12-28 23:00:00;35.7;0.7;40.0;0.0;200.0;30.0;55.0;63.0
2018-12-29 00:00:00;35.9;0.5;40.0;0.0;220.0;30.0;62.0;71.0
2018-12-29 01:00:00;37.2;0.4;50.0;0.0;230.0;30.0;63.0;73.0
2018-12-29 02:00:00;40.9;0.4;50.0;0.0;220.0;30.0;67.0;76.0
2018-12-29 03:00:00;42.8;1.2;40.0;0.0;220.0;30.0;70.0;79.0
2018-12-29 04:00:00;40.5;3.9;50.0;0.0;220.0;30.0;70.0;78.0
2018-12-29 05:00:00;41.4;3.2;60.0;0.0;230.0;40.0;74.0;83.0
2018-12-29 06:00:00;40.7;3.0;70.0;0.0;210.0;40.0;69.0;80.0
2018-12-29 07:00:00;35.7;5.4;70.0;0.0;210.0;40.0;65.0;75.0
2018-12-29 08:00:00;32.5;7.5;110.0;0.0;210.0;60.0;69.0;79.0
2018-12-29 09:00:00;27.7;11.3;110.0;0.0;220.0;70.0;71.0;81.0
2018-12-29 10:00:00;21.4;20.5;110.0;0.0;220.0;70.0;70.0;81.0
2018-12-29 11:00:00;22.2;21.5;120.0;0.0;220.0;80.0;69.0;82.0
2018-12-29 12:00:00;24.6;18.3;130.0;0.0;220.0;70.0;72.0;83.0
2018-12-29 13:00:00;26.5;17.0;140.0;0.0;240.0;80.0;77.0;92.0
2018-12-29 14:00:00;19.7;32.4;140.0;0.0;250.0;80.0;84.0;94.0
2018-12-29 15:00:00;13.9;45.9;110.0;0.0;250.0;70.0;86.0;100.0
2018-12-29 16:00:00;13.8;44.6;110.0;0.0;270.0;70.0;89.0;101.0
2018-12-29 17:00:00;14.5;40.2;140.0;0.0;290.0;80.0;81.0;106.0
2018-12-29 18:00:00;43.0;18.2;130.0;0.0;310.0;80.0;59.0;98.0
2018-12-29 19:00:00;34.4;33.3;140.0;0.0;310.0;70.0;56.0;97.0
2018-12-29 20:00:00;28.7;43.3;140.0;0.0;320.0;80.0;46.0;86.0
2018-12-29 21:00:00;21.8;50.9;120.0;0.0;310.0;70.0;49.0;85.0
2018-12-29 22:00:00;18.0;55.4;120.0;0.0;310.0;70.0;54.0;89.0
2018-12-29 23:00:00;20.4;55.5;120.0;0.0;320.0;70.0;52.0;89.0
2018-12-30 00:00:00;23.1;53.1;120.0;0.0;330.0;60.0;54.0;87.0
2018-12-30 01:00:00;10.3;64.1;90.0;0.0;320.0;50.0;52.0;86.0
2018-12-30 02:00:00;9.2;65.1;70.0;0.0;310.0;40.0;52.0;79.0
2018-12-30 03:00:00;11.8;62.0;50.0;0.0;300.0;30.0;50.0;68.0
2018-12-30 04:00:00;15.9;58.4;30.0;0.0;260.0;20.0;52.0;69.0
2018-12-30 05:00:00;20.4;50.9;30.0;0.0;250.0;20.0;52.0;63.0
2018-12-30 06:00:00;43.4;25.7;30.0;0.0;240.0;20.0;55.0;63.0
2018-12-30 07:00:00;54.1;14.2;30.0;0.0;230.0;20.0;50.0;54.0
2018-12-30 08:00:00;18.7;37.3;50.0;0.0;250.0;30.0;60.0;80.0
2018-12-30 09:00:00;17.8;33.8;60.0;0.0;240.0;30.0;69.0;89.0
2018-12-30 10:00:00;20.8;33.2;70.0;0.0;240.0;40.0;71.0;93.0
2018-12-30 11:00:00;14.9;36.3;70.0;0.0;250.0;50.0;76.0;96.0
2018-12-30 12:00:00;23.1;25.9;90.0;0.0;260.0;50.0;75.0;97.0
2018-12-30 13:00:00;24.4;27.4;90.0;0.0;260.0;50.0;79.0;89.0
2018-12-30 14:00:00;26.2;27.6;90.0;6.0;250.0;50.0;86.0;88.0
2018-12-30 15:00:00;22.7;30.2;80.0;0.0;260.0;40.0;91.0;94.0
2018-12-30 16:00:00;25.8;20.0;60.0;0.0;280.0;40.0;94.0;96.0
2018-12-30 17:00:00;39.9;5.8;60.0;0.0;280.0;40.0;92.0;97.0
2018-12-30 18:00:00;46.6;1.3;70.0;0.0;280.0;30.0;93.0;95.0
2018-12-30 19:00:00;45.1;3.5;50.0;0.0;280.0;30.0;92.0;95.0
2018-12-30 20:00:00;44.1;4.4;50.0;6.0;280.0;30.0;92.0;95.0
2018-12-30 21:00:00;27.7;14.6;50.0;10.0;290.0;30.0;93.0;96.0
2018-12-30 22:00:00;37.2;5.5;60.0;0.0;290.0;30.0;93.0;96.0
2018-12-30 23:00:00;45.3;2.0;50.0;0.0;280.0;30.0;90.0;93.0
