DateTime;NO2;O3;P;SQ;WD;Wvh;dewP;temp
2021-08-01 00:00:00;11.3;41.1;40.0;0.0;210.0;30.0;150.0;162.0
2021-08-01 01:00:00;10.5;36.5;50.0;0.0;210.0;30.0;147.0;161.0
2021-08-01 02:00:00;10.3;33.1;60.0;0.0;220.0;40.0;143.0;154.0
2021-08-01 03:00:00;8.0;32.0;60.0;0.0;210.0;40.0;144.0;152.0
2021-08-01 04:00:00;9.0;27.8;60.0;1.0;210.0;30.0;151.0;158.0
2021-08-01 05:00:00;7.6;24.1;70.0;5.0;190.0;30.0;152.0;160.0
2021-08-01 06:00:00;9.6;22.1;70.0;3.0;200.0;40.0;154.0;164.0
2021-08-01 07:00:00;10.3;28.4;80.0;9.0;240.0;30.0;147.0;155.0
2021-08-01 08:00:00;9.9;31.4;30.0;0.0;240.0;20.0;146.0;171.0
2021-08-01 09:00:00;29.4;26.1;70.0;0.0;280.0;30.0;151.0;189.0
2021-08-01 10:00:00;34.0;31.3;90.0;0.0;280.0;50.0;144.0;192.0
2021-08-01 11:00:00;15.9;53.2;90.0;0.0;280.0;50.0;142.0;192.0
2021-08-01 12:00:00;11.7;58.8;90.0;0.0;290.0;50.0;150.0;199.0
2021-08-01 13:00:00;22.3;51.7;80.0;0.0;310.0;50.0;148.0;198.0
2021-08-01 14:00:00;15.5;61.7;80.0;0.0;330.0;40.0;129.0;188.0
2021-08-01 15:00:00;5.9;67.8;60.0;0.0;320.0;40.0;136.0;178.0
2021-08-01 16:00:00;3.1;67.8;60.0;0.0;330.0;40.0;120.0;171.0
2021-08-01 17:00:00;5.7;61.5;60.0;0.0;330.0;30.0;127.0;169.0
2021-08-01 18:00:00;5.9;60.7;60.0;0.0;340.0;30.0;117.0;157.0
2021-08-01 19:00:00;7.6;55.0;40.0;0.0;340.0;20.0;119.0;148.0
2021-08-01 20:00:00;13.8;48.5;20.0;0.0;320.0;10.0;122.0;148.0
2021-08-01 21:00:00;7.4;53.5;30.0;0.0;330.0;10.0;114.0;147.0
2021-08-01 22:00:00;8.8;55.2;20.0;0.0;270.0;10.0;116.0;145.0
2021-08-01 23:00:00;10.1;54.1;20.0;0.0;250.0;10.0;118.0;145.0
2021-08-02 00:00:00;7.6;55.8;20.0;0.0;260.0;20.0;117.0;145.0
2021-08-02 01:00:00;3.6;56.9;30.0;0.0;260.0;20.0;119.0;143.0
2021-08-02 02:00:00;4.4;54.1;20.0;0.0;250.0;20.0;99.0;112.0
2021-08-02 03:00:00;6.1;53.1;20.0;0.0;250.0;20.0;104.0;114.0
2021-08-02 04:00:00;12.4;46.2;20.0;0.0;250.0;10.0;107.0;122.0
2021-08-02 05:00:00;26.9;32.8;20.0;0.0;260.0;10.0;119.0;150.0
2021-08-02 06:00:00;26.2;35.4;30.0;0.0;270.0;20.0;114.0;164.0
2021-08-02 07:00:00;12.6;48.3;60.0;0.0;300.0;30.0;122.0;158.0
2021-08-02 08:00:00;11.7;51.1;50.0;0.0;360.0;30.0;115.0;176.0
2021-08-02 09:00:00;9.9;54.4;50.0;0.0;340.0;30.0;109.0;171.0
2021-08-02 10:00:00;12.6;53.7;40.0;0.0;280.0;20.0;96.0;178.0
2021-08-02 11:00:00;11.5;56.9;50.0;0.0;290.0;30.0;102.0;182.0
2021-08-02 12:00:00;5.7;63.5;60.0;0.0;290.0;30.0;109.0;191.0
2021-08-02 13:00:00;11.5;60.6;60.0;0.0;290.0;30.0;102.0;187.0
2021-08-02 14:00:00;10.1;62.4;70.0;0.0;280.0;40.0;101.0;186.0
2021-08-02 15:00:00;13.2;59.7;70.0;0.0;270.0;30.0;104.0;190.0
2021-08-02 16:00:00;8.4;68.6;60.0;0.0;270.0;40.0;101.0;178.0
2021-08-02 17:00:00;13.0;64.6;50.0;0.0;310.0;30.0;102.0;175.0
2021-08-02 18:00:00;9.2;69.5;30.0;0.0;20.0;20.0;100.0;155.0
2021-08-02 19:00:00;10.9;63.5;20.0;0.0;330.0;20.0;111.0;134.0
2021-08-02 20:00:00;29.2;41.9;20.0;0.0;330.0;10.0;112.0;132.0
2021-08-02 21:00:00;23.1;45.6;10.0;0.0;240.0;10.0;114.0;126.0
2021-08-02 22:00:00;31.5;30.8;20.0;0.0;0.0;10.0;111.0;122.0
2021-08-02 23:00:00;29.8;31.0;20.0;0.0;320.0;10.0;113.0;120.0
2021-08-03 00:00:00;43.4;11.4;20.0;0.0;0.0;0.0;112.0;118.0
2021-08-03 01:00:00;35.9;17.6;10.0;0.0;300.0;0.0;110.0;113.0
2021-08-03 02:00:00;28.5;17.6;20.0;0.0;360.0;10.0;110.0;112.0
2021-08-03 03:00:00;31.7;8.7;10.0;0.0;0.0;0.0;102.0;107.0
2021-08-03 04:00:00;40.9;3.0;20.0;0.0;10.0;10.0;102.0;107.0
2021-08-03 05:00:00;50.4;0.0;20.0;0.0;60.0;10.0;107.0;138.0
2021-08-03 06:00:00;50.8;1.0;30.0;0.0;40.0;20.0;107.0;146.0
2021-08-03 07:00:00;45.8;10.1;60.0;0.0;60.0;30.0;122.0;169.0
2021-08-03 08:00:00;30.6;32.7;70.0;0.0;60.0;40.0;118.0;172.0
2021-08-03 09:00:00;16.0;50.0;60.0;0.0;50.0;40.0;111.0;179.0
2021-08-03 10:00:00;15.9;53.9;50.0;0.0;70.0;30.0;107.0;182.0
2021-08-03 11:00:00;14.5;57.6;70.0;0.0;360.0;40.0;121.0;189.0
2021-08-03 12:00:00;16.8;61.2;60.0;0.0;10.0;40.0;119.0;188.0
2021-08-03 13:00:00;21.8;57.1;70.0;0.0;10.0;30.0;111.0;185.0
2021-08-03 14:00:00;24.8;57.3;80.0;0.0;10.0;40.0;112.0;186.0
2021-08-03 15:00:00;25.0;65.9;70.0;0.0;20.0;40.0;118.0;195.0
2021-08-03 16:00:00;19.1;66.1;60.0;0.0;60.0;30.0;124.0;184.0
2021-08-03 17:00:00;23.5;60.3;60.0;0.0;60.0;40.0;128.0;175.0
2021-08-03 18:00:00;21.0;64.3;50.0;0.0;50.0;30.0;124.0;163.0
2021-08-03 19:00:00;20.4;63.3;50.0;0.0;50.0;30.0;118.0;155.0
2021-08-03 20:00:00;29.6;49.9;40.0;0.0;40.0;20.0;122.0;151.0
2021-08-03 21:00:00;42.2;27.4;30.0;0.0;90.0;20.0;112.0;128.0
2021-08-03 22:00:00;43.0;24.2;30.0;0.0;30.0;10.0;125.0;145.0
2021-08-03 23:00:00;23.9;37.8;20.0;0.0;40.0;10.0;121.0;138.0
2021-08-04 00:00:00;13.9;46.3;20.0;0.0;40.0;10.0;120.0;134.0
2021-08-04 01:00:00;29.8;27.6;20.0;0.0;60.0;10.0;116.0;122.0
2021-08-04 02:00:00;25.8;36.2;20.0;0.0;60.0;10.0;114.0;118.0
2021-08-04 03:00:00;14.7;40.4;20.0;0.0;50.0;10.0;117.0;120.0
2021-08-04 04:00:00;17.6;37.0;20.0;0.0;40.0;10.0;122.0;128.0
2021-08-04 05:00:00;24.8;23.6;20.0;0.0;80.0;10.0;125.0;147.0
2021-08-04 06:00:00;27.9;15.0;30.0;0.0;120.0;20.0;125.0;170.0
2021-08-04 07:00:00;29.8;17.6;40.0;0.0;90.0;20.0;123.0;185.0
2021-08-04 08:00:00;22.2;36.8;50.0;0.0;80.0;30.0;119.0;197.0
2021-08-04 09:00:00;19.1;51.0;60.0;0.0;80.0;30.0;115.0;201.0
2021-08-04 10:00:00;13.9;74.2;60.0;0.0;90.0;40.0;114.0;200.0
2021-08-04 11:00:00;10.3;85.0;60.0;0.0;140.0;30.0;113.0;212.0
2021-08-04 12:00:00;10.5;91.5;50.0;0.0;300.0;20.0;133.0;197.0
2021-08-04 13:00:00;14.3;93.5;50.0;5.0;290.0;20.0;156.0;177.0
2021-08-04 14:00:00;25.8;79.1;40.0;0.0;340.0;30.0;149.0;188.0
2021-08-04 15:00:00;29.0;75.5;30.0;0.0;350.0;20.0;143.0;185.0
2021-08-04 16:00:00;38.0;63.1;30.0;0.0;10.0;20.0;133.0;182.0
2021-08-04 17:00:00;38.4;63.1;40.0;0.0;50.0;20.0;136.0;179.0
2021-08-04 18:00:00;36.3;61.8;40.0;0.0;80.0;30.0;140.0;173.0
2021-08-04 19:00:00;37.2;58.5;30.0;0.0;330.0;10.0;142.0;170.0
2021-08-04 20:00:00;37.2;55.9;10.0;0.0;330.0;10.0;145.0;165.0
2021-08-04 21:00:00;30.4;57.8;10.0;0.0;70.0;10.0;139.0;148.0
2021-08-04 22:00:00;33.2;42.6;10.0;0.0;350.0;10.0;145.0;150.0
2021-08-04 23:00:00;26.5;33.5;20.0;0.0;330.0;10.0;135.0;136.0
2021-08-05 00:00:00;29.6;20.8;10.0;0.0;0.0;0.0;127.0;129.0
2021-08-05 01:00:00;33.8;8.2;10.0;0.0;0.0;0.0;121.0;123.0
2021-08-05 02:00:00;37.8;5.7;10.0;0.0;300.0;10.0;123.0;125.0
2021-08-05 03:00:00;30.9;13.3;20.0;0.0;300.0;10.0;124.0;127.0
2021-08-05 04:00:00;33.2;14.7;20.0;0.0;120.0;10.0;132.0;135.0
2021-08-05 05:00:00;40.9;3.4;10.0;0.0;60.0;0.0;140.0;150.0
2021-08-05 06:00:00;47.0;0.1;20.0;0.0;70.0;10.0;141.0;164.0
2021-08-05 07:00:00;53.1;2.9;20.0;0.0;110.0;10.0;147.0;176.0
2021-08-05 08:00:00;46.6;12.0;20.0;0.0;110.0;10.0;150.0;199.0
2021-08-05 09:00:00;43.0;35.7;40.0;0.0;110.0;10.0;138.0;213.0
2021-08-05 10:00:00;39.5;67.0;40.0;0.0;110.0;20.0;134.0;221.0
2021-08-05 11:00:00;13.9;102.0;60.0;0.0;180.0;20.0;127.0;221.0
2021-08-05 12:00:00;11.7;117.7;60.0;0.0;190.0;30.0;128.0;217.0
2021-08-05 13:00:00;14.9;126.1;50.0;0.0;170.0;30.0;139.0;227.0
2021-08-05 14:00:00;14.7;127.8;60.0;0.0;210.0;30.0;131.0;232.0
2021-08-05 15:00:00;15.7;123.2;90.0;0.0;150.0;30.0;130.0;230.0
2021-08-05 16:00:00;15.1;115.6;70.0;0.0;160.0;30.0;129.0;222.0
2021-08-05 17:00:00;14.1;116.3;70.0;0.0;140.0;40.0;130.0;219.0
2021-08-05 18:00:00;14.3;115.3;50.0;0.0;140.0;30.0;133.0;210.0
2021-08-05 19:00:00;16.4;100.6;50.0;0.0;140.0;30.0;135.0;203.0
2021-08-05 20:00:00;18.7;85.7;70.0;0.0;160.0;30.0;139.0;207.0
2021-08-05 21:00:00;20.8;73.6;60.0;3.0;120.0;20.0;154.0;190.0
2021-08-05 22:00:00;25.0;50.5;80.0;0.0;160.0;40.0;144.0;198.0
2021-08-05 23:00:00;17.0;49.7;80.0;0.0;160.0;50.0;139.0;195.0
2021-08-06 00:00:00;14.9;52.4;80.0;7.0;170.0;50.0;151.0;177.0
2021-08-06 01:00:00;8.2;54.2;80.0;2.0;160.0;40.0;154.0;176.0
2021-08-06 02:00:00;8.2;43.6;100.0;0.0;190.0;50.0;160.0;176.0
2021-08-06 03:00:00;3.8;49.3;80.0;0.0;190.0;50.0;160.0;174.0
2021-08-06 04:00:00;5.9;41.7;70.0;0.0;190.0;40.0;159.0;172.0
2021-08-06 05:00:00;6.7;40.7;90.0;0.0;200.0;50.0;155.0;175.0
2021-08-06 06:00:00;8.4;40.2;110.0;0.0;200.0;60.0;150.0;182.0
2021-08-06 07:00:00;6.1;44.1;120.0;0.0;210.0;70.0;149.0;182.0
2021-08-06 08:00:00;6.3;46.3;130.0;0.0;210.0;80.0;153.0;196.0
2021-08-06 09:00:00;5.3;48.2;130.0;0.0;200.0;70.0;159.0;199.0
2021-08-06 10:00:00;7.3;44.9;130.0;2.0;210.0;80.0;163.0;181.0
2021-08-06 11:00:00;8.0;40.2;150.0;1.0;210.0;80.0;157.0;193.0
2021-08-06 12:00:00;6.7;45.0;170.0;0.0;220.0;90.0;143.0;205.0
2021-08-06 13:00:00;4.4;52.2;160.0;0.0;220.0;100.0;136.0;206.0
2021-08-06 14:00:00;5.5;55.8;170.0;0.0;230.0;100.0;141.0;203.0
2021-08-06 15:00:00;6.1;56.6;150.0;0.0;220.0;90.0;140.0;208.0
2021-08-06 16:00:00;4.8;62.7;130.0;0.0;230.0;80.0;144.0;201.0
2021-08-06 17:00:00;4.4;66.5;140.0;0.0;230.0;90.0;122.0;187.0
2021-08-06 18:00:00;5.9;70.9;140.0;0.0;220.0;70.0;127.0;185.0
2021-08-06 19:00:00;8.6;63.6;130.0;0.0;220.0;70.0;122.0;184.0
2021-08-06 20:00:00;7.1;60.6;140.0;0.0;210.0;80.0;126.0;182.0
2021-08-06 21:00:00;5.7;58.9;130.0;0.0;190.0;70.0;131.0;175.0
2021-08-06 22:00:00;6.1;54.5;100.0;0.0;190.0;60.0;133.0;164.0
2021-08-06 23:00:00;5.0;50.6;120.0;0.0;210.0;60.0;127.0;161.0
2021-08-07 00:00:00;6.1;46.8;120.0;0.0;210.0;60.0;124.0;159.0
2021-08-07 01:00:00;6.3;44.6;90.0;0.0;190.0;60.0;130.0;155.0
2021-08-07 02:00:00;6.7;42.1;80.0;0.0;190.0;50.0;135.0;155.0
2021-08-07 03:00:00;5.5;32.5;80.0;0.0;190.0;50.0;129.0;152.0
2021-08-07 04:00:00;4.4;32.7;70.0;0.0;180.0;40.0;136.0;156.0
2021-08-07 05:00:00;6.5;24.3;110.0;0.0;180.0;40.0;140.0;166.0
2021-08-07 06:00:00;5.3;27.8;80.0;0.0;180.0;50.0;135.0;166.0
2021-08-07 07:00:00;7.1;29.2;80.0;4.0;170.0;50.0;146.0;166.0
2021-08-07 08:00:00;5.3;33.9;100.0;0.0;170.0;50.0;148.0;188.0
2021-08-07 09:00:00;9.4;37.0;90.0;0.0;160.0;60.0;141.0;198.0
2021-08-07 10:00:00;7.1;45.6;110.0;0.0;180.0;60.0;120.0;201.0
2021-08-07 11:00:00;2.9;49.0;120.0;0.0;190.0;70.0;120.0;201.0
2021-08-07 12:00:00;1.9;53.0;110.0;0.0;200.0;70.0;115.0;212.0
2021-08-07 13:00:00;1.5;54.3;110.0;0.0;190.0;60.0;118.0;209.0
2021-08-07 14:00:00;3.1;55.5;140.0;1.0;170.0;50.0;132.0;175.0
2021-08-07 15:00:00;7.3;51.3;120.0;2.0;140.0;40.0;138.0;167.0
2021-08-07 16:00:00;9.6;43.2;100.0;5.0;180.0;40.0;144.0;165.0
2021-08-07 17:00:00;7.8;40.7;80.0;0.0;210.0;40.0;141.0;172.0
2021-08-07 18:00:00;5.0;53.1;90.0;0.0;190.0;40.0;139.0;164.0
2021-08-07 19:00:00;8.6;46.7;70.0;0.0;170.0;40.0;138.0;162.0
2021-08-07 20:00:00;12.6;34.8;80.0;0.0;170.0;50.0;142.0;160.0
2021-08-07 21:00:00;8.4;36.7;100.0;4.0;180.0;60.0;145.0;154.0
2021-08-07 22:00:00;2.1;52.1;90.0;6.0;200.0;60.0;150.0;160.0
2021-08-07 23:00:00;1.9;50.7;80.0;2.0;220.0;40.0;152.0;164.0
2021-08-08 00:00:00;1.1;54.5;100.0;0.0;240.0;60.0;150.0;168.0
2021-08-08 01:00:00;1.3;55.3;130.0;1.0;230.0;80.0;146.0;166.0
2021-08-08 02:00:00;1.3;51.5;130.0;0.0;230.0;80.0;133.0;160.0
2021-08-08 03:00:00;0.8;50.1;100.0;1.0;220.0;50.0;142.0;160.0
2021-08-08 04:00:00;1.7;43.7;110.0;0.0;220.0;60.0;142.0;160.0
2021-08-08 05:00:00;3.1;40.1;120.0;8.0;220.0;70.0;140.0;156.0
2021-08-08 06:00:00;2.7;39.4;140.0;1.0;220.0;90.0;137.0;163.0
2021-08-08 07:00:00;0.8;40.4;140.0;0.0;200.0;80.0;130.0;161.0
2021-08-08 08:00:00;1.0;39.4;150.0;0.0;220.0;80.0;128.0;168.0
2021-08-08 09:00:00;0.8;41.0;160.0;0.0;210.0;90.0;126.0;171.0
2021-08-08 10:00:00;1.5;45.2;150.0;0.0;200.0;90.0;125.0;184.0
2021-08-08 11:00:00;-0.4;50.0;140.0;0.0;220.0;90.0;123.0;184.0
2021-08-08 12:00:00;0.2;48.8;150.0;4.0;230.0;80.0;153.0;184.0
2021-08-08 13:00:00;0.0;53.7;140.0;0.0;230.0;80.0;129.0;185.0
2021-08-08 14:00:00;2.1;58.8;150.0;0.0;230.0;80.0;129.0;190.0
2021-08-08 15:00:00;2.9;58.3;160.0;0.0;230.0;100.0;125.0;176.0
2021-08-08 16:00:00;1.5;63.2;180.0;0.0;230.0;100.0;128.0;161.0
2021-08-08 17:00:00;0.8;62.4;150.0;0.0;210.0;90.0;133.0;169.0
2021-08-08 18:00:00;2.1;54.0;130.0;0.0;210.0;70.0;132.0;171.0
2021-08-08 19:00:00;1.7;50.2;130.0;0.0;220.0;70.0;119.0;169.0
2021-08-08 20:00:00;1.7;50.4;130.0;0.0;210.0;80.0;118.0;167.0
2021-08-08 21:00:00;1.9;51.9;140.0;0.0;210.0;90.0;119.0;165.0
2021-08-08 22:00:00;0.6;52.6;120.0;0.0;220.0;70.0;123.0;159.0
2021-08-08 23:00:00;0.2;54.1;120.0;0.0;220.0;80.0;125.0;158.0
2021-08-09 00:00:00;0.2;53.8;110.0;0.0;210.0;70.0;125.0;157.0
2021-08-09 01:00:00;0.6;51.6;100.0;0.0;210.0;60.0;121.0;153.0
2021-08-09 02:00:00;2.7;47.9;100.0;0.0;210.0;60.0;123.0;153.0
2021-08-09 03:00:00;1.5;47.3;90.0;0.0;200.0;60.0;124.0;151.0
2021-08-09 04:00:00;2.5;46.4;90.0;0.0;210.0;60.0;124.0;153.0
2021-08-09 05:00:00;3.4;45.1;100.0;0.0;210.0;60.0;126.0;159.0
2021-08-09 06:00:00;5.7;42.4;100.0;0.0;190.0;50.0;128.0;164.0
2021-08-09 07:00:00;5.9;38.1;90.0;0.0;180.0;50.0;132.0;168.0
2021-08-09 08:00:00;10.1;31.0;90.0;0.0;190.0;60.0;132.0;171.0
2021-08-09 09:00:00;8.6;31.8;100.0;0.0;200.0;60.0;141.0;173.0
2021-08-09 10:00:00;5.7;34.8;120.0;0.0;200.0;70.0;138.0;178.0
2021-08-09 11:00:00;5.9;36.1;140.0;0.0;210.0;90.0;136.0;199.0
2021-08-09 12:00:00;2.9;48.8;120.0;1.0;210.0;70.0;141.0;178.0
2021-08-09 13:00:00;4.0;51.0;120.0;0.0;220.0;70.0;136.0;188.0
2021-08-09 14:00:00;3.1;51.9;120.0;2.0;240.0;70.0;140.0;194.0
2021-08-09 15:00:00;3.2;50.6;120.0;0.0;240.0;80.0;132.0;193.0
2021-08-09 16:00:00;1.9;58.5;140.0;0.0;240.0;80.0;133.0;193.0
2021-08-09 17:00:00;1.7;59.9;110.0;0.0;230.0;70.0;135.0;183.0
2021-08-09 18:00:00;2.5;55.1;100.0;0.0;240.0;50.0;137.0;176.0
2021-08-09 19:00:00;3.8;48.9;120.0;0.0;230.0;60.0;116.0;174.0
2021-08-09 20:00:00;2.7;46.4;100.0;0.0;210.0;60.0;125.0;169.0
2021-08-09 21:00:00;5.0;38.8;90.0;0.0;210.0;50.0;124.0;170.0
2021-08-09 22:00:00;5.7;35.7;90.0;0.0;210.0;50.0;125.0;165.0
2021-08-09 23:00:00;4.8;38.1;90.0;0.0;210.0;60.0;129.0;165.0
2021-08-10 00:00:00;2.1;40.3;90.0;0.0;210.0;50.0;130.0;163.0
2021-08-10 01:00:00;2.7;39.0;80.0;0.0;210.0;50.0;131.0;161.0
2021-08-10 02:00:00;4.6;35.4;90.0;0.0;220.0;50.0;132.0;157.0
2021-08-10 03:00:00;3.8;32.7;90.0;0.0;210.0;60.0;134.0;154.0
2021-08-10 04:00:00;5.2;29.3;80.0;0.0;200.0;40.0;137.0;158.0
2021-08-10 05:00:00;5.2;29.4;90.0;0.0;210.0;50.0;142.0;164.0
2021-08-10 06:00:00;6.7;25.3;90.0;4.0;210.0;50.0;145.0;167.0
2021-08-10 07:00:00;6.7;26.0;100.0;0.0;220.0;60.0;142.0;172.0
2021-08-10 08:00:00;5.3;30.4;100.0;0.0;240.0;60.0;150.0;177.0
2021-08-10 09:00:00;5.5;32.6;80.0;0.0;260.0;50.0;148.0;191.0
2021-08-10 10:00:00;1.9;50.5;80.0;0.0;260.0;50.0;138.0;197.0
2021-08-10 11:00:00;1.1;57.8;80.0;0.0;260.0;50.0;141.0;204.0
2021-08-10 12:00:00;0.8;58.8;90.0;0.0;240.0;50.0;139.0;210.0
2021-08-10 13:00:00;3.2;55.8;90.0;0.0;260.0;50.0;131.0;204.0
2021-08-10 14:00:00;2.3;67.1;80.0;0.0;270.0;50.0;135.0;205.0
2021-08-10 15:00:00;2.5;70.6;80.0;0.0;250.0;50.0;129.0;204.0
2021-08-10 16:00:00;2.9;67.0;70.0;0.0;260.0;40.0;120.0;202.0
2021-08-10 17:00:00;2.3;63.4;60.0;0.0;260.0;30.0;118.0;192.0
2021-08-10 18:00:00;1.5;60.4;40.0;0.0;270.0;20.0;125.0;172.0
2021-08-10 19:00:00;8.4;51.8;30.0;0.0;240.0;20.0;117.0;154.0
2021-08-10 20:00:00;18.3;42.8;20.0;0.0;0.0;10.0;124.0;147.0
2021-08-10 21:00:00;26.0;32.0;10.0;0.0;0.0;10.0;125.0;141.0
2021-08-10 22:00:00;19.1;39.0;10.0;0.0;0.0;10.0;127.0;132.0
2021-08-10 23:00:00;12.6;43.8;20.0;0.0;160.0;10.0;132.0;139.0
2021-08-11 00:00:00;12.0;36.0;40.0;0.0;180.0;20.0;136.0;143.0
2021-08-11 01:00:00;13.2;33.4;40.0;0.0;190.0;30.0;140.0;151.0
2021-08-11 02:00:00;15.1;29.2;30.0;0.0;190.0;20.0;139.0;148.0
2021-08-11 03:00:00;20.1;19.2;40.0;0.0;220.0;30.0;136.0;145.0
2021-08-11 04:00:00;14.9;23.1;30.0;0.0;170.0;10.0;131.0;136.0
2021-08-11 05:00:00;16.4;19.6;40.0;0.0;190.0;20.0;145.0;162.0
2021-08-11 06:00:00;15.7;18.0;50.0;0.0;230.0;30.0;154.0;171.0
2021-08-11 07:00:00;11.8;23.5;60.0;0.0;190.0;30.0;154.0;183.0
2021-08-11 08:00:00;11.5;25.4;60.0;0.0;180.0;40.0;152.0;195.0
2021-08-11 09:00:00;8.4;33.0;70.0;0.0;180.0;40.0;149.0;208.0
2021-08-11 10:00:00;6.9;38.3;60.0;0.0;230.0;40.0;149.0;214.0
2021-08-11 11:00:00;5.3;52.5;70.0;0.0;210.0;40.0;159.0;222.0
2021-08-11 12:00:00;4.8;57.9;70.0;0.0;250.0;40.0;160.0;217.0
2021-08-11 13:00:00;6.1;59.8;60.0;0.0;250.0;30.0;155.0;216.0
2021-08-11 14:00:00;4.8;68.8;60.0;0.0;280.0;40.0;160.0;212.0
2021-08-11 15:00:00;5.0;80.3;70.0;0.0;280.0;40.0;156.0;216.0
2021-08-11 16:00:00;6.1;79.8;60.0;0.0;260.0;40.0;148.0;212.0
2021-08-11 17:00:00;7.1;80.9;50.0;0.0;270.0;30.0;149.0;203.0
2021-08-11 18:00:00;13.8;79.8;30.0;0.0;260.0;20.0;143.0;186.0
2021-08-11 19:00:00;14.5;75.8;10.0;0.0;0.0;10.0;146.0;173.0
2021-08-11 20:00:00;35.0;49.1;10.0;0.0;0.0;0.0;142.0;162.0
2021-08-11 21:00:00;51.2;27.4;20.0;0.0;0.0;10.0;143.0;154.0
2021-08-11 22:00:00;25.4;56.2;10.0;0.0;170.0;10.0;145.0;150.0
2021-08-11 23:00:00;20.1;54.4;10.0;0.0;0.0;0.0;146.0;151.0
2021-08-12 00:00:00;18.9;37.5;10.0;0.0;140.0;10.0;143.0;149.0
2021-08-12 01:00:00;28.7;16.3;20.0;0.0;140.0;10.0;139.0;143.0
2021-08-12 02:00:00;40.7;8.5;20.0;0.0;0.0;10.0;137.0;141.0
2021-08-12 03:00:00;16.0;29.2;30.0;0.0;200.0;10.0;139.0;144.0
2021-08-12 04:00:00;11.8;32.4;20.0;0.0;190.0;10.0;146.0;150.0
2021-08-12 05:00:00;17.2;28.1;60.0;0.0;220.0;30.0;146.0;167.0
2021-08-12 06:00:00;25.4;19.4;60.0;0.0;230.0;40.0;146.0;181.0
2021-08-12 07:00:00;15.7;27.9;70.0;0.0;220.0;40.0;138.0;195.0
2021-08-12 08:00:00;5.2;43.1;60.0;0.0;230.0;30.0;138.0;204.0
2021-08-12 09:00:00;5.0;45.7;60.0;0.0;230.0;40.0;155.0;214.0
2021-08-12 10:00:00;6.7;45.4;70.0;0.0;230.0;40.0;156.0;216.0
2021-08-12 11:00:00;6.9;44.6;60.0;0.0;280.0;40.0;167.0;217.0
2021-08-12 12:00:00;5.3;51.2;60.0;0.0;250.0;30.0;177.0;230.0
2021-08-12 13:00:00;5.0;61.9;70.0;0.0;240.0;40.0;168.0;227.0
2021-08-12 14:00:00;5.2;69.2;50.0;0.0;270.0;30.0;172.0;235.0
2021-08-12 15:00:00;3.4;79.1;50.0;0.0;280.0;30.0;176.0;222.0
2021-08-12 16:00:00;7.6;75.8;50.0;0.0;280.0;30.0;175.0;210.0
2021-08-12 17:00:00;21.4;49.8;30.0;0.0;290.0;20.0;169.0;212.0
2021-08-12 18:00:00;21.4;44.1;20.0;0.0;290.0;10.0;163.0;196.0
2021-08-12 19:00:00;43.9;20.6;20.0;0.0;320.0;10.0;163.0;185.0
2021-08-12 20:00:00;70.3;2.4;20.0;0.0;250.0;10.0;162.0;180.0
2021-08-12 21:00:00;43.5;26.8;20.0;0.0;230.0;10.0;154.0;170.0
2021-08-12 22:00:00;12.0;58.9;20.0;0.0;220.0;20.0;153.0;168.0
2021-08-12 23:00:00;7.6;59.3;20.0;0.0;200.0;10.0;155.0;158.0
2021-08-13 00:00:00;11.1;46.3;30.0;0.0;210.0;10.0;133.0;154.0
2021-08-13 01:00:00;18.9;30.9;40.0;0.0;210.0;20.0;137.0;156.0
2021-08-13 02:00:00;6.9;35.7;40.0;0.0;200.0;30.0;140.0;153.0
2021-08-13 03:00:00;9.2;28.1;50.0;0.0;210.0;30.0;146.0;158.0
2021-08-13 04:00:00;15.9;17.3;50.0;0.0;200.0;30.0;155.0;170.0
2021-08-13 05:00:00;17.8;13.0;100.0;0.0;230.0;40.0;158.0;174.0
2021-08-13 06:00:00;15.7;15.4;80.0;0.0;240.0;50.0;162.0;183.0
2021-08-13 07:00:00;13.0;27.8;90.0;0.0;250.0;50.0;146.0;184.0
2021-08-13 08:00:00;5.7;43.6;110.0;0.0;260.0;60.0;146.0;196.0
2021-08-13 09:00:00;2.3;49.8;100.0;0.0;260.0;60.0;143.0;203.0
2021-08-13 10:00:00;2.7;53.2;100.0;0.0;260.0;60.0;132.0;197.0
2021-08-13 11:00:00;1.7;57.2;100.0;0.0;250.0;60.0;139.0;204.0
2021-08-13 12:00:00;1.3;59.8;100.0;0.0;240.0;60.0;134.0;201.0
2021-08-13 13:00:00;1.7;60.4;120.0;0.0;250.0;70.0;150.0;202.0
2021-08-13 14:00:00;2.3;55.7;100.0;0.0;240.0;60.0;141.0;199.0
2021-08-13 15:00:00;0.8;58.7;120.0;0.0;240.0;70.0;125.0;197.0
2021-08-13 16:00:00;1.0;64.8;110.0;0.0;240.0;70.0;111.0;194.0
2021-08-13 17:00:00;1.0;73.9;110.0;0.0;240.0;50.0;137.0;189.0
2021-08-13 18:00:00;3.8;66.7;80.0;0.0;240.0;40.0;136.0;177.0
2021-08-13 19:00:00;2.9;65.4;70.0;0.0;240.0;40.0;133.0;172.0
2021-08-13 20:00:00;4.2;61.5;70.0;0.0;240.0;40.0;140.0;174.0
2021-08-13 21:00:00;7.4;51.7;80.0;0.0;240.0;50.0;142.0;172.0
2021-08-13 22:00:00;5.2;49.1;80.0;0.0;230.0;50.0;141.0;166.0
2021-08-13 23:00:00;8.2;43.1;70.0;0.0;230.0;30.0;149.0;172.0
2021-08-14 00:00:00;9.9;36.0;60.0;0.0;220.0;30.0;151.0;168.0
2021-08-14 01:00:00;5.7;38.0;50.0;0.0;210.0;30.0;152.0;170.0
2021-08-14 02:00:00;8.6;31.4;50.0;0.0;210.0;30.0;153.0;168.0
2021-08-14 03:00:00;5.7;32.7;40.0;0.0;180.0;30.0;146.0;160.0
2021-08-14 04:00:00;12.2;19.5;50.0;0.0;190.0;30.0;144.0;154.0
2021-08-14 05:00:00;10.7;17.9;70.0;0.0;200.0;30.0;153.0;165.0
2021-08-14 06:00:00;12.8;17.3;50.0;0.0;210.0;40.0;157.0;173.0
2021-08-14 07:00:00;12.0;21.9;60.0;0.0;220.0;40.0;162.0;183.0
2021-08-14 08:00:00;9.2;30.1;80.0;0.0;230.0;40.0;159.0;191.0
2021-08-14 09:00:00;7.6;34.3;80.0;0.0;250.0;50.0;141.0;203.0
2021-08-14 10:00:00;5.3;42.5;80.0;0.0;250.0;50.0;145.0;211.0
2021-08-14 11:00:00;4.0;52.6;80.0;0.0;260.0;50.0;145.0;212.0
2021-08-14 12:00:00;-0.4;60.8;80.0;0.0;250.0;50.0;142.0;223.0
2021-08-14 13:00:00;0.6;60.6;80.0;0.0;270.0;60.0;130.0;217.0
2021-08-14 14:00:00;0.2;62.0;80.0;0.0;250.0;50.0;138.0;214.0
2021-08-14 15:00:00;0.2;61.9;70.0;0.0;260.0;50.0;139.0;214.0
2021-08-14 16:00:00;0.0;59.1;70.0;0.0;270.0;40.0;138.0;215.0
2021-08-14 17:00:00;-0.8;60.6;60.0;0.0;260.0;30.0;143.0;206.0
2021-08-14 18:00:00;0.8;59.9;40.0;0.0;230.0;30.0;134.0;180.0
2021-08-14 19:00:00;7.1;51.5;30.0;0.0;230.0;20.0;140.0;178.0
2021-08-14 20:00:00;10.5;44.0;30.0;0.0;190.0;20.0;134.0;168.0
2021-08-14 21:00:00;24.4;27.9;40.0;0.0;180.0;20.0;138.0;170.0
2021-08-14 22:00:00;22.3;23.3;30.0;0.0;200.0;20.0;141.0;167.0
2021-08-14 23:00:00;11.5;33.1;30.0;0.0;190.0;20.0;143.0;169.0
2021-08-15 00:00:00;11.8;31.3;20.0;0.0;270.0;10.0;143.0;153.0
2021-08-15 01:00:00;15.3;26.3;30.0;0.0;220.0;20.0;141.0;156.0
2021-08-15 02:00:00;14.3;24.9;50.0;0.0;220.0;20.0;136.0;156.0
2021-08-15 03:00:00;27.7;11.2;40.0;0.0;200.0;30.0;145.0;166.0
2021-08-15 04:00:00;24.4;17.7;50.0;0.0;210.0;30.0;152.0;172.0
2021-08-15 05:00:00;17.6;25.2;60.0;0.0;220.0;30.0;156.0;176.0
2021-08-15 06:00:00;11.7;31.5;50.0;0.0;230.0;30.0;160.0;179.0
2021-08-15 07:00:00;11.7;29.8;60.0;0.0;220.0;30.0;162.0;204.0
2021-08-15 08:00:00;7.6;39.1;80.0;0.0;220.0;50.0;158.0;211.0
2021-08-15 09:00:00;9.9;43.3;90.0;0.0;240.0;60.0;167.0;220.0
2021-08-15 10:00:00;7.4;46.3;120.0;0.0;230.0;70.0;165.0;224.0
2021-08-15 11:00:00;3.1;52.7;110.0;0.0;220.0;80.0;154.0;223.0
2021-08-15 12:00:00;2.7;59.0;120.0;0.0;230.0;70.0;157.0;230.0
2021-08-15 13:00:00;0.0;71.7;110.0;0.0;250.0;70.0;148.0;231.0
2021-08-15 14:00:00;0.8;87.4;120.0;0.0;260.0;70.0;150.0;230.0
2021-08-15 15:00:00;2.7;92.6;110.0;0.0;240.0;70.0;139.0;224.0
2021-08-15 16:00:00;1.1;82.4;100.0;0.0;250.0;60.0;142.0;212.0
2021-08-15 17:00:00;1.5;78.9;110.0;0.0;250.0;60.0;155.0;201.0
2021-08-15 18:00:00;5.9;64.3;110.0;0.0;240.0;70.0;150.0;183.0
2021-08-15 19:00:00;3.2;61.8;100.0;0.0;240.0;60.0;140.0;178.0
2021-08-15 20:00:00;1.1;68.2;130.0;0.0;230.0;70.0;142.0;172.0
2021-08-15 21:00:00;-0.8;76.3;110.0;0.0;230.0;70.0;150.0;174.0
2021-08-15 22:00:00;1.7;76.3;120.0;0.0;240.0;70.0;151.0;176.0
2021-08-15 23:00:00;-0.4;70.8;110.0;0.0;250.0;70.0;150.0;177.0
2021-08-16 00:00:00;1.3;65.1;100.0;0.0;250.0;60.0;151.0;180.0
2021-08-16 01:00:00;0.2;64.4;90.0;0.0;240.0;60.0;153.0;181.0
2021-08-16 02:00:00;1.7;59.0;90.0;0.0;250.0;60.0;153.0;179.0
2021-08-16 03:00:00;4.6;53.3;100.0;0.0;240.0;60.0;151.0;177.0
2021-08-16 04:00:00;1.9;54.0;110.0;2.0;260.0;60.0;152.0;163.0
2021-08-16 05:00:00;4.4;48.5;110.0;4.0;280.0;50.0;153.0;161.0
2021-08-16 06:00:00;13.4;35.0;80.0;8.0;280.0;40.0;144.0;156.0
2021-08-16 07:00:00;23.9;23.3;80.0;0.0;280.0;40.0;132.0;166.0
2021-08-16 08:00:00;29.2;20.6;120.0;0.0;280.0;70.0;131.0;172.0
2021-08-16 09:00:00;24.6;27.6;120.0;0.0;280.0;70.0;122.0;170.0
2021-08-16 10:00:00;23.3;36.5;130.0;0.0;300.0;70.0;122.0;156.0
2021-08-16 11:00:00;14.7;45.6;130.0;1.0;310.0;50.0;117.0;146.0
2021-08-16 12:00:00;20.2;42.1;110.0;0.0;300.0;50.0;104.0;159.0
2021-08-16 13:00:00;13.6;53.7;120.0;0.0;300.0;60.0;106.0;165.0
2021-08-16 14:00:00;12.8;53.8;130.0;0.0;300.0;70.0;108.0;161.0
2021-08-16 15:00:00;12.8;56.2;140.0;0.0;300.0;80.0;96.0;161.0
2021-08-16 16:00:00;11.7;60.3;130.0;0.0;300.0;80.0;82.0;162.0
2021-08-16 17:00:00;8.8;64.9;140.0;0.0;300.0;80.0;85.0;153.0
2021-08-16 18:00:00;7.8;64.5;130.0;0.0;300.0;70.0;86.0;151.0
2021-08-16 19:00:00;13.6;58.6;110.0;0.0;290.0;60.0;90.0;148.0
2021-08-16 20:00:00;18.9;56.3;100.0;0.0;290.0;50.0;92.0;144.0
2021-08-16 21:00:00;22.2;53.4;100.0;0.0;290.0;50.0;93.0;146.0
2021-08-16 22:00:00;17.8;57.2;80.0;0.0;280.0;40.0;99.0;145.0
2021-08-16 23:00:00;24.4;49.3;70.0;0.0;270.0;40.0;98.0;139.0
2021-08-17 00:00:00;36.1;38.0;60.0;0.0;260.0;30.0;108.0;145.0
2021-08-17 01:00:00;24.6;48.4;60.0;0.0;260.0;40.0;108.0;148.0
2021-08-17 02:00:00;21.6;50.6;60.0;0.0;250.0;30.0;118.0;141.0
2021-08-17 03:00:00;9.7;56.9;40.0;0.0;250.0;20.0;119.0;134.0
2021-08-17 04:00:00;7.8;52.5;40.0;0.0;250.0;30.0;127.0;144.0
2021-08-17 05:00:00;9.9;46.0;50.0;0.0;230.0;30.0;135.0;154.0
2021-08-17 06:00:00;14.7;41.2;70.0;0.0;250.0;40.0;130.0;162.0
2021-08-17 07:00:00;9.6;46.9;100.0;0.0;250.0;60.0;123.0;164.0
2021-08-17 08:00:00;3.4;59.2;100.0;0.0;250.0;60.0;120.0;159.0
2021-08-17 09:00:00;3.6;62.9;90.0;2.0;250.0;50.0;130.0;145.0
2021-08-17 10:00:00;4.0;61.9;90.0;10.0;240.0;50.0;137.0;148.0
2021-08-17 11:00:00;3.2;57.5;80.0;10.0;240.0;50.0;144.0;151.0
2021-08-17 12:00:00;2.9;54.0;80.0;9.0;240.0;50.0;144.0;153.0
2021-08-17 13:00:00;5.0;51.2;70.0;3.0;240.0;40.0;148.0;157.0
2021-08-17 14:00:00;4.2;49.5;70.0;1.0;260.0;40.0;142.0;155.0
2021-08-17 15:00:00;6.5;45.1;70.0;0.0;270.0;50.0;148.0;165.0
2021-08-17 16:00:00;20.4;33.3;70.0;0.0;260.0;40.0;147.0;161.0
2021-08-17 17:00:00;19.9;35.1;70.0;2.0;270.0;40.0;148.0;156.0
2021-08-17 18:00:00;26.5;27.1;70.0;0.0;270.0;40.0;148.0;153.0
2021-08-17 19:00:00;32.7;21.9;50.0;0.0;280.0;30.0;148.0;153.0
2021-08-17 20:00:00;47.8;7.0;40.0;0.0;250.0;20.0;146.0;154.0
2021-08-17 21:00:00;44.3;8.0;40.0;0.0;270.0;20.0;146.0;158.0
2021-08-17 22:00:00;35.9;14.8;40.0;0.0;270.0;30.0;145.0;159.0
2021-08-17 23:00:00;41.6;9.5;30.0;0.0;260.0;20.0;145.0;160.0
2021-08-18 00:00:00;40.7;15.0;40.0;0.0;270.0;20.0;145.0;160.0
2021-08-18 01:00:00;31.3;20.7;40.0;0.0;260.0;20.0;143.0;159.0
2021-08-18 02:00:00;27.5;20.3;30.0;0.0;270.0;20.0;145.0;160.0
2021-08-18 03:00:00;34.2;13.7;30.0;0.0;250.0;20.0;145.0;155.0
2021-08-18 04:00:00;45.6;2.2;30.0;0.0;240.0;20.0;150.0;160.0
2021-08-18 05:00:00;27.7;17.7;40.0;0.0;240.0;30.0;153.0;164.0
2021-08-18 06:00:00;11.5;27.9;40.0;0.0;240.0;30.0;155.0;172.0
2021-08-18 07:00:00;11.1;25.1;50.0;0.0;250.0;30.0;157.0;177.0
2021-08-18 08:00:00;7.8;25.4;80.0;2.0;260.0;40.0;155.0;174.0
2021-08-18 09:00:00;8.0;26.9;70.0;0.0;260.0;40.0;148.0;180.0
2021-08-18 10:00:00;3.4;36.9;80.0;0.0;260.0;60.0;152.0;191.0
2021-08-18 11:00:00;1.7;48.0;90.0;0.0;260.0;60.0;139.0;178.0
2021-08-18 12:00:00;3.1;52.6;80.0;0.0;250.0;50.0;146.0;185.0
2021-08-18 13:00:00;4.2;48.2;90.0;0.0;250.0;50.0;139.0;176.0
2021-08-18 14:00:00;5.3;49.3;80.0;0.0;250.0;50.0;139.0;180.0
2021-08-18 15:00:00;4.2;51.0;80.0;0.0;240.0;50.0;144.0;176.0
2021-08-18 16:00:00;4.0;60.2;80.0;0.0;240.0;50.0;145.0;176.0
2021-08-18 17:00:00;5.0;64.6;80.0;0.0;240.0;40.0;150.0;179.0
2021-08-18 18:00:00;8.0;52.4;70.0;0.0;240.0;50.0;152.0;178.0
2021-08-18 19:00:00;6.7;57.1;70.0;0.0;290.0;30.0;146.0;172.0
2021-08-18 20:00:00;10.3;53.5;30.0;0.0;280.0;20.0;143.0;166.0
2021-08-18 21:00:00;12.6;42.8;30.0;0.0;240.0;20.0;139.0;156.0
2021-08-18 22:00:00;63.6;5.4;30.0;0.0;230.0;20.0;143.0;162.0
2021-08-18 23:00:00;73.5;0.0;40.0;0.0;220.0;20.0;148.0;167.0
2021-08-19 00:00:00;23.1;33.5;40.0;0.0;260.0;20.0;152.0;168.0
2021-08-19 01:00:00;21.4;39.7;40.0;0.0;230.0;20.0;148.0;158.0
2021-08-19 02:00:00;20.1;35.6;50.0;0.0;240.0;30.0;155.0;169.0
2021-08-19 03:00:00;13.2;43.3;50.0;0.0;240.0;30.0;151.0;169.0
2021-08-19 04:00:00;10.5;44.6;50.0;0.0;240.0;30.0;146.0;173.0
2021-08-19 05:00:00;13.8;39.4;60.0;0.0;250.0;40.0;148.0;174.0
2021-08-19 06:00:00;15.9;32.1;50.0;0.0;240.0;30.0;151.0;173.0
2021-08-19 07:00:00;20.2;24.1;60.0;0.0;240.0;40.0;152.0;175.0
2021-08-19 08:00:00;17.6;25.4;70.0;0.0;240.0;40.0;151.0;177.0
2021-08-19 09:00:00;11.1;36.6;70.0;0.0;240.0;40.0;151.0;180.0
2021-08-19 10:00:00;11.7;36.7;80.0;0.0;210.0;50.0;151.0;173.0
2021-08-19 11:00:00;13.4;38.1;70.0;7.0;240.0;40.0;161.0;167.0
2021-08-19 12:00:00;12.6;46.1;90.0;3.0;240.0;50.0;153.0;171.0
2021-08-19 13:00:00;10.5;53.9;80.0;0.0;250.0;40.0;145.0;176.0
2021-08-19 14:00:00;10.9;66.5;90.0;0.0;240.0;60.0;140.0;177.0
2021-08-19 15:00:00;9.4;71.4;90.0;0.0;240.0;50.0;132.0;175.0
2021-08-19 16:00:00;10.7;73.7;80.0;0.0;240.0;50.0;128.0;170.0
2021-08-19 17:00:00;9.6;74.9;90.0;0.0;240.0;50.0;129.0;165.0
2021-08-19 18:00:00;8.4;77.6;60.0;0.0;250.0;30.0;130.0;157.0
2021-08-19 19:00:00;11.3;74.9;40.0;0.0;230.0;30.0;130.0;155.0
2021-08-19 20:00:00;18.0;62.5;50.0;0.0;230.0;30.0;123.0;139.0
2021-08-19 21:00:00;19.9;57.1;40.0;0.0;200.0;20.0;126.0;132.0
2021-08-19 22:00:00;13.8;58.7;30.0;0.0;180.0;20.0;124.0;128.0
2021-08-19 23:00:00;10.7;56.6;30.0;0.0;190.0;20.0;143.0;153.0
2021-08-20 00:00:00;13.6;45.7;40.0;0.0;210.0;20.0;145.0;154.0
2021-08-20 01:00:00;13.0;42.3;50.0;0.0;210.0;30.0;154.0;164.0
2021-08-20 02:00:00;12.8;33.7;60.0;0.0;220.0;30.0;157.0;165.0
2021-08-20 03:00:00;9.0;33.7;50.0;0.0;230.0;30.0;159.0;166.0
2021-08-20 04:00:00;8.0;30.7;50.0;0.0;230.0;30.0;161.0;167.0
2021-08-20 05:00:00;12.2;24.6;50.0;0.0;220.0;30.0;166.0;176.0
2021-08-20 06:00:00;11.7;24.0;70.0;0.0;210.0;40.0;162.0;177.0
2021-08-20 07:00:00;13.9;21.9;60.0;0.0;210.0;40.0;169.0;191.0
2021-08-20 08:00:00;10.5;29.7;80.0;0.0;220.0;50.0;166.0;197.0
2021-08-20 09:00:00;8.4;37.8;70.0;0.0;220.0;50.0;170.0;206.0
2021-08-20 10:00:00;9.4;40.8;70.0;0.0;220.0;40.0;164.0;211.0
2021-08-20 11:00:00;8.4;46.7;80.0;0.0;220.0;50.0;160.0;204.0
2021-08-20 12:00:00;9.0;43.0;80.0;0.0;260.0;50.0;162.0;200.0
2021-08-20 13:00:00;7.8;49.8;70.0;0.0;240.0;50.0;165.0;202.0
2021-08-20 14:00:00;9.7;48.1;70.0;0.0;260.0;40.0;165.0;205.0
2021-08-20 15:00:00;10.7;51.6;60.0;0.0;260.0;40.0;158.0;208.0
2021-08-20 16:00:00;11.5;57.8;60.0;0.0;250.0;30.0;156.0;201.0
2021-08-20 17:00:00;7.8;65.0;40.0;0.0;260.0;30.0;156.0;190.0
2021-08-20 18:00:00;16.0;63.0;40.0;0.0;270.0;20.0;154.0;171.0
2021-08-20 19:00:00;31.7;43.7;20.0;0.0;250.0;10.0;145.0;150.0
2021-08-20 20:00:00;35.7;36.5;10.0;0.0;0.0;10.0;151.0;154.0
2021-08-20 21:00:00;29.0;33.3;10.0;0.0;220.0;0.0;145.0;146.0
2021-08-20 22:00:00;33.6;15.4;20.0;0.0;150.0;10.0;144.0;147.0
2021-08-20 23:00:00;34.8;9.3;10.0;0.0;0.0;10.0;148.0;151.0
2021-08-21 00:00:00;34.0;3.0;10.0;0.0;0.0;0.0;137.0;139.0
2021-08-21 01:00:00;34.0;0.0;10.0;0.0;150.0;0.0;130.0;133.0
2021-08-21 02:00:00;32.7;0.0;10.0;0.0;100.0;10.0;129.0;131.0
2021-08-21 03:00:00;31.5;0.3;10.0;0.0;50.0;10.0;144.0;147.0
2021-08-21 04:00:00;31.1;1.9;20.0;0.0;50.0;10.0;151.0;153.0
2021-08-21 05:00:00;32.5;0.1;30.0;0.0;120.0;20.0;161.0;167.0
2021-08-21 06:00:00;33.0;0.6;30.0;0.0;120.0;20.0;164.0;180.0
2021-08-21 07:00:00;29.2;5.9;40.0;0.0;120.0;20.0;162.0;198.0
2021-08-21 08:00:00;21.0;18.9;40.0;0.0;180.0;20.0;161.0;213.0
2021-08-21 09:00:00;16.8;29.2;60.0;0.0;190.0;30.0;168.0;223.0
2021-08-21 10:00:00;21.6;48.2;70.0;0.0;170.0;30.0;159.0;226.0
2021-08-21 11:00:00;14.9;43.5;60.0;0.0;180.0;30.0;161.0;228.0
2021-08-21 12:00:00;13.8;53.7;60.0;0.0;170.0;20.0;163.0;232.0
2021-08-21 13:00:00;8.8;64.1;50.0;0.0;140.0;30.0;153.0;237.0
2021-08-21 14:00:00;10.3;66.1;60.0;0.0;160.0;30.0;163.0;236.0
2021-08-21 15:00:00;10.9;67.9;60.0;0.0;140.0;30.0;152.0;234.0
2021-08-21 16:00:00;11.1;71.9;50.0;0.0;150.0;30.0;154.0;231.0
2021-08-21 17:00:00;11.3;68.8;40.0;0.0;80.0;20.0;171.0;210.0
2021-08-21 18:00:00;24.1;51.4;30.0;0.0;70.0;20.0;169.0;209.0
2021-08-21 19:00:00;33.6;39.3;30.0;2.0;80.0;20.0;178.0;196.0
2021-08-21 20:00:00;36.5;35.2;110.0;9.0;210.0;40.0;182.0;187.0
2021-08-21 21:00:00;13.2;55.1;30.0;10.0;300.0;10.0;180.0;183.0
2021-08-21 22:00:00;13.6;47.0;30.0;0.0;180.0;10.0;175.0;183.0
2021-08-21 23:00:00;9.9;44.9;40.0;0.0;240.0;20.0;170.0;176.0
2021-08-22 00:00:00;6.9;50.8;80.0;0.0;240.0;30.0;170.0;177.0
2021-08-22 01:00:00;7.6;54.7;70.0;0.0;240.0;30.0;160.0;167.0
2021-08-22 02:00:00;7.3;55.4;40.0;0.0;250.0;20.0;155.0;160.0
2021-08-22 03:00:00;6.9;51.6;30.0;0.0;230.0;20.0;162.0;165.0
2021-08-22 04:00:00;9.6;47.9;50.0;1.0;240.0;30.0;164.0;169.0
2021-08-22 05:00:00;6.7;46.8;60.0;0.0;230.0;30.0;161.0;174.0
2021-08-22 06:00:00;8.6;35.9;50.0;0.0;230.0;30.0;163.0;181.0
2021-08-22 07:00:00;10.5;30.3;60.0;0.0;220.0;30.0;166.0;184.0
2021-08-22 08:00:00;9.9;30.5;60.0;0.0;220.0;40.0;167.0;191.0
2021-08-22 09:00:00;8.2;38.0;80.0;2.0;250.0;50.0;169.0;181.0
2021-08-22 10:00:00;8.2;39.8;90.0;10.0;230.0;40.0;159.0;167.0
2021-08-22 11:00:00;14.7;36.7;60.0;10.0;250.0;30.0;172.0;176.0
2021-08-22 12:00:00;10.3;44.4;50.0;0.0;320.0;20.0;174.0;196.0
2021-08-22 13:00:00;24.4;39.0;80.0;0.0;280.0;40.0;161.0;196.0
2021-08-22 14:00:00;16.8;67.9;70.0;0.0;290.0;40.0;166.0;200.0
2021-08-22 15:00:00;21.8;70.3;70.0;0.0;310.0;40.0;160.0;198.0
2021-08-22 16:00:00;12.4;81.3;50.0;2.0;320.0;30.0;168.0;182.0
2021-08-22 17:00:00;25.4;63.4;70.0;5.0;340.0;40.0;165.0;182.0
2021-08-22 18:00:00;27.9;51.6;90.0;2.0;330.0;40.0;170.0;179.0
2021-08-22 19:00:00;20.8;50.0;90.0;0.0;330.0;50.0;162.0;177.0
2021-08-22 20:00:00;15.3;57.2;90.0;0.0;320.0;50.0;162.0;178.0
2021-08-22 21:00:00;16.4;56.2;90.0;0.0;340.0;50.0;158.0;177.0
2021-08-22 22:00:00;16.2;54.2;100.0;0.0;340.0;50.0;158.0;177.0
2021-08-22 23:00:00;11.5;51.6;90.0;0.0;360.0;50.0;158.0;174.0
2021-08-23 00:00:00;10.3;50.3;80.0;0.0;10.0;50.0;157.0;172.0
2021-08-23 01:00:00;8.6;41.4;90.0;0.0;20.0;50.0;153.0;167.0
2021-08-23 02:00:00;12.6;33.3;100.0;0.0;20.0;50.0;149.0;169.0
2021-08-23 03:00:00;11.7;33.0;90.0;0.0;10.0;50.0;146.0;171.0
2021-08-23 04:00:00;12.8;37.8;80.0;0.0;10.0;40.0;143.0;171.0
2021-08-23 05:00:00;18.5;42.0;70.0;0.0;10.0;40.0;144.0;171.0
2021-08-23 06:00:00;31.1;37.7;60.0;0.0;10.0;40.0;152.0;175.0
2021-08-23 07:00:00;25.0;39.5;80.0;0.0;10.0;40.0;149.0;182.0
2021-08-23 08:00:00;23.9;38.6;90.0;0.0;10.0;50.0;145.0;189.0
2021-08-23 09:00:00;19.3;45.4;90.0;0.0;30.0;50.0;135.0;193.0
2021-08-23 10:00:00;16.0;52.5;90.0;0.0;20.0;50.0;132.0;200.0
2021-08-23 11:00:00;12.0;59.8;80.0;0.0;20.0;50.0;129.0;210.0
2021-08-23 12:00:00;10.5;61.3;80.0;0.0;10.0;50.0;127.0;216.0
2021-08-23 13:00:00;12.0;66.9;80.0;0.0;30.0;40.0;139.0;218.0
2021-08-23 14:00:00;13.2;71.4;80.0;0.0;30.0;40.0;131.0;210.0
2021-08-23 15:00:00;14.5;72.7;70.0;0.0;30.0;40.0;115.0;212.0
2021-08-23 16:00:00;15.3;70.3;80.0;0.0;30.0;50.0;108.0;205.0
2021-08-23 17:00:00;13.8;70.0;80.0;0.0;10.0;50.0;118.0;198.0
2021-08-23 18:00:00;15.1;68.3;70.0;0.0;20.0;40.0;121.0;186.0
2021-08-23 19:00:00;20.4;60.6;60.0;0.0;20.0;30.0;126.0;175.0
2021-08-23 20:00:00;26.2;50.4;60.0;0.0;30.0;30.0;128.0;164.0
2021-08-23 21:00:00;22.5;48.8;50.0;0.0;30.0;30.0;132.0;157.0
2021-08-23 22:00:00;22.5;47.6;50.0;0.0;40.0;30.0;135.0;155.0
2021-08-23 23:00:00;14.5;50.0;50.0;0.0;40.0;30.0;133.0;157.0
2021-08-24 00:00:00;10.5;51.0;60.0;0.0;40.0;40.0;121.0;153.0
2021-08-24 01:00:00;11.3;48.1;60.0;0.0;40.0;40.0;117.0;149.0
2021-08-24 02:00:00;9.7;48.8;60.0;0.0;40.0;40.0;122.0;146.0
2021-08-24 03:00:00;8.4;51.9;60.0;0.0;20.0;30.0;127.0;136.0
2021-08-24 04:00:00;10.9;54.0;30.0;0.0;20.0;10.0;132.0;137.0
2021-08-24 05:00:00;22.0;44.4;30.0;0.0;50.0;10.0;140.0;148.0
2021-08-24 06:00:00;35.0;19.7;50.0;0.0;60.0;20.0;140.0;168.0
2021-08-24 07:00:00;28.1;33.0;80.0;0.0;40.0;50.0;140.0;181.0
2021-08-24 08:00:00;18.5;48.3;70.0;0.0;30.0;50.0;140.0;186.0
2021-08-24 09:00:00;10.3;57.4;80.0;0.0;30.0;50.0;135.0;196.0
2021-08-24 10:00:00;11.7;61.3;90.0;0.0;40.0;50.0;137.0;202.0
2021-08-24 11:00:00;9.9;64.0;90.0;0.0;40.0;50.0;133.0;207.0
2021-08-24 12:00:00;11.8;61.2;80.0;0.0;40.0;50.0;140.0;211.0
2021-08-24 13:00:00;10.3;68.2;90.0;0.0;30.0;50.0;131.0;208.0
2021-08-24 14:00:00;12.8;67.1;90.0;0.0;30.0;50.0;116.0;214.0
2021-08-24 15:00:00;12.0;73.2;90.0;0.0;20.0;50.0;113.0;210.0
2021-08-24 16:00:00;13.6;73.3;80.0;0.0;30.0;50.0;116.0;205.0
2021-08-24 17:00:00;12.2;74.7;80.0;0.0;50.0;50.0;129.0;191.0
2021-08-24 18:00:00;12.8;72.8;70.0;0.0;40.0;40.0;132.0;173.0
2021-08-24 19:00:00;17.8;67.0;70.0;0.0;30.0;40.0;136.0;169.0
2021-08-24 20:00:00;18.0;61.5;50.0;0.0;30.0;30.0;136.0;161.0
2021-08-24 21:00:00;19.7;52.6;50.0;0.0;20.0;30.0;139.0;156.0
2021-08-24 22:00:00;18.7;45.9;50.0;0.0;30.0;30.0;141.0;152.0
2021-08-24 23:00:00;13.8;43.9;40.0;0.0;40.0;20.0;140.0;146.0
2021-08-25 00:00:00;10.7;42.0;30.0;0.0;0.0;10.0;121.0;125.0
2021-08-25 01:00:00;8.6;39.6;20.0;0.0;360.0;10.0;130.0;132.0
2021-08-25 02:00:00;11.3;31.1;10.0;0.0;360.0;10.0;108.0;110.0
2021-08-25 03:00:00;26.0;17.0;20.0;0.0;10.0;10.0;131.0;133.0
2021-08-25 04:00:00;30.6;10.1;30.0;0.0;30.0;10.0;141.0;142.0
2021-08-25 05:00:00;33.8;8.1;30.0;0.0;50.0;20.0;140.0;141.0
2021-08-25 06:00:00;42.4;0.0;30.0;0.0;20.0;20.0;140.0;151.0
2021-08-25 07:00:00;45.1;5.4;40.0;0.0;360.0;20.0;141.0;155.0
2021-08-25 08:00:00;36.1;20.0;40.0;0.0;10.0;20.0;150.0;178.0
2021-08-25 09:00:00;30.8;24.2;50.0;0.0;340.0;20.0;138.0;192.0
2021-08-25 10:00:00;25.4;38.7;50.0;0.0;10.0;30.0;139.0;207.0
2021-08-25 11:00:00;21.2;54.0;60.0;0.0;330.0;30.0;138.0;204.0
2021-08-25 12:00:00;12.8;70.6;70.0;0.0;330.0;40.0;131.0;199.0
2021-08-25 13:00:00;9.9;78.1;80.0;0.0;350.0;50.0;125.0;193.0
2021-08-25 14:00:00;9.0;77.1;80.0;0.0;340.0;40.0;137.0;187.0
2021-08-25 15:00:00;9.9;74.2;80.0;0.0;340.0;40.0;137.0;176.0
2021-08-25 16:00:00;9.7;63.4;80.0;0.0;340.0;50.0;128.0;170.0
2021-08-25 17:00:00;10.7;58.4;70.0;0.0;330.0;40.0;136.0;168.0
2021-08-25 18:00:00;13.9;55.7;80.0;0.0;320.0;40.0;142.0;165.0
2021-08-25 19:00:00;12.0;52.6;80.0;3.0;330.0;40.0;150.0;158.0
2021-08-25 20:00:00;12.8;46.9;80.0;0.0;320.0;40.0;146.0;162.0
2021-08-25 21:00:00;15.7;37.8;80.0;0.0;320.0;40.0;153.0;159.0
2021-08-25 22:00:00;11.3;40.2;70.0;0.0;330.0;30.0;154.0;161.0
2021-08-25 23:00:00;9.6;36.1;80.0;0.0;350.0;40.0;147.0;157.0
2021-08-26 00:00:00;7.1;34.5;60.0;0.0;330.0;30.0;139.0;157.0
2021-08-26 01:00:00;8.0;32.9;50.0;0.0;330.0;30.0;129.0;158.0
2021-08-26 02:00:00;13.4;40.6;80.0;0.0;340.0;40.0;122.0;156.0
2021-08-26 03:00:00;8.8;57.3;80.0;0.0;320.0;40.0;115.0;152.0
2021-08-26 04:00:00;10.3;58.7;60.0;0.0;350.0;30.0;113.0;159.0
2021-08-26 05:00:00;16.4;54.2;80.0;0.0;340.0;40.0;111.0;160.0
2021-08-26 06:00:00;22.9;48.3;80.0;0.0;330.0;40.0;120.0;160.0
2021-08-26 07:00:00;19.7;49.7;110.0;0.0;320.0;60.0;129.0;160.0
2021-08-26 08:00:00;19.1;50.6;100.0;1.0;340.0;50.0;134.0;156.0
2021-08-26 09:00:00;13.0;52.2;100.0;0.0;330.0;50.0;131.0;172.0
2021-08-26 10:00:00;9.7;55.7;100.0;0.0;340.0;60.0;128.0;175.0
2021-08-26 11:00:00;11.1;54.3;120.0;0.0;330.0;60.0;132.0;163.0
2021-08-26 12:00:00;12.6;52.6;90.0;0.0;320.0;50.0;138.0;183.0
2021-08-26 13:00:00;13.0;49.6;90.0;2.0;10.0;50.0;144.0;160.0
2021-08-26 14:00:00;11.1;52.0;90.0;2.0;330.0;40.0;141.0;179.0
2021-08-26 15:00:00;12.2;49.4;90.0;0.0;320.0;50.0;145.0;172.0
2021-08-26 16:00:00;11.5;48.3;80.0;0.0;320.0;40.0;147.0;176.0
2021-08-26 17:00:00;9.9;47.4;60.0;0.0;340.0;30.0;144.0;176.0
2021-08-26 18:00:00;17.2;41.5;70.0;0.0;10.0;40.0;128.0;166.0
2021-08-26 19:00:00;29.8;33.0;70.0;0.0;10.0;40.0;115.0;156.0
2021-08-26 20:00:00;20.4;39.8;50.0;0.0;10.0;30.0;114.0;152.0
2021-08-26 21:00:00;17.4;42.5;50.0;0.0;10.0;30.0;111.0;154.0
2021-08-26 22:00:00;15.9;44.4;40.0;0.0;360.0;20.0;110.0;145.0
2021-08-26 23:00:00;11.8;46.6;30.0;0.0;320.0;10.0;107.0;120.0
2021-08-27 00:00:00;22.3;32.2;20.0;0.0;310.0;10.0;110.0;116.0
2021-08-27 01:00:00;38.4;27.9;20.0;0.0;350.0;10.0;112.0;120.0
2021-08-27 02:00:00;23.7;37.9;20.0;0.0;300.0;10.0;107.0;112.0
2021-08-27 03:00:00;33.2;25.3;20.0;0.0;330.0;10.0;102.0;107.0
2021-08-27 04:00:00;41.4;14.1;20.0;0.0;300.0;10.0;112.0;117.0
2021-08-27 05:00:00;41.1;13.5;20.0;0.0;310.0;10.0;124.0;132.0
2021-08-27 06:00:00;49.3;8.9;40.0;0.0;350.0;10.0;125.0;164.0
2021-08-27 07:00:00;42.0;13.7;80.0;0.0;350.0;30.0;124.0;180.0
2021-08-27 08:00:00;20.8;36.3;100.0;0.0;350.0;60.0;120.0;180.0
2021-08-27 09:00:00;13.4;47.8;100.0;0.0;340.0;60.0;119.0;184.0
2021-08-27 10:00:00;11.7;49.9;100.0;0.0;340.0;70.0;120.0;193.0
2021-08-27 11:00:00;9.2;55.4;110.0;0.0;340.0;70.0;120.0;192.0
2021-08-27 12:00:00;8.0;57.4;110.0;0.0;330.0;70.0;125.0;188.0
2021-08-27 13:00:00;10.1;60.5;120.0;0.0;340.0;70.0;129.0;184.0
2021-08-27 14:00:00;9.9;60.8;120.0;0.0;340.0;70.0;131.0;190.0
2021-08-27 15:00:00;17.6;53.0;130.0;0.0;340.0;70.0;119.0;181.0
2021-08-27 16:00:00;15.5;56.2;120.0;0.0;340.0;70.0;126.0;172.0
2021-08-27 17:00:00;13.9;54.4;110.0;0.0;350.0;60.0;124.0;168.0
2021-08-27 18:00:00;13.8;52.0;100.0;0.0;340.0;50.0;127.0;161.0
2021-08-27 19:00:00;14.7;52.4;80.0;0.0;340.0;40.0;140.0;155.0
2021-08-27 20:00:00;16.2;49.1;60.0;0.0;350.0;20.0;136.0;150.0
2021-08-27 21:00:00;26.5;33.7;50.0;0.0;350.0;20.0;132.0;149.0
2021-08-27 22:00:00;18.1;41.1;30.0;0.0;330.0;10.0;128.0;138.0
2021-08-27 23:00:00;29.8;25.8;30.0;0.0;330.0;20.0;127.0;134.0
2021-08-28 00:00:00;25.4;29.3;30.0;0.0;350.0;20.0;133.0;138.0
2021-08-28 01:00:00;25.4;26.5;20.0;0.0;300.0;10.0;134.0;139.0
2021-08-28 02:00:00;30.0;22.0;40.0;0.0;360.0;20.0;139.0;155.0
2021-08-28 03:00:00;27.5;22.4;40.0;0.0;360.0;30.0;135.0;152.0
2021-08-28 04:00:00;28.3;22.0;50.0;0.0;360.0;30.0;140.0;157.0
2021-08-28 05:00:00;33.2;17.8;50.0;0.0;360.0;30.0;139.0;156.0
2021-08-28 06:00:00;29.0;20.9;70.0;0.0;10.0;40.0;146.0;171.0
2021-08-28 07:00:00;38.4;12.0;90.0;0.0;10.0;50.0;144.0;174.0
2021-08-28 08:00:00;19.3;28.5;80.0;1.0;360.0;50.0;144.0;179.0
2021-08-28 09:00:00;13.9;33.9;100.0;0.0;30.0;50.0;140.0;184.0
2021-08-28 10:00:00;12.8;39.7;100.0;0.0;20.0;50.0;138.0;196.0
2021-08-28 11:00:00;12.0;46.6;90.0;0.0;30.0;50.0;134.0;191.0
2021-08-28 12:00:00;13.0;49.5;100.0;0.0;10.0;60.0;127.0;201.0
2021-08-28 13:00:00;12.6;58.2;100.0;0.0;350.0;60.0;135.0;196.0
2021-08-28 14:00:00;13.4;55.8;110.0;0.0;350.0;70.0;134.0;187.0
2021-08-28 15:00:00;9.7;54.8;100.0;0.0;350.0;60.0;132.0;182.0
2021-08-28 16:00:00;13.2;49.6;100.0;0.0;360.0;50.0;130.0;176.0
2021-08-28 17:00:00;12.6;46.0;80.0;0.0;360.0;40.0;117.0;174.0
2021-08-28 18:00:00;14.7;45.8;70.0;0.0;360.0;30.0;129.0;168.0
2021-08-28 19:00:00;15.7;45.6;60.0;0.0;10.0;30.0;123.0;163.0
2021-08-28 20:00:00;23.7;38.1;60.0;0.0;10.0;30.0;126.0;158.0
2021-08-28 21:00:00;18.0;39.6;40.0;0.0;360.0;20.0;128.0;154.0
2021-08-28 22:00:00;18.5;36.3;50.0;0.0;360.0;20.0;131.0;157.0
2021-08-28 23:00:00;18.3;34.7;60.0;0.0;360.0;30.0;129.0;157.0
2021-08-29 00:00:00;26.7;32.1;80.0;0.0;360.0;30.0;129.0;156.0
2021-08-29 01:00:00;21.4;35.9;60.0;0.0;10.0;40.0;117.0;157.0
2021-08-29 02:00:00;19.9;39.0;50.0;0.0;350.0;30.0;124.0;154.0
2021-08-29 03:00:00;21.2;40.9;50.0;0.0;350.0;20.0;131.0;158.0
2021-08-29 04:00:00;19.7;46.3;70.0;0.0;360.0;30.0;130.0;160.0
2021-08-29 05:00:00;11.1;59.7;80.0;0.0;350.0;40.0;129.0;162.0
2021-08-29 06:00:00;14.1;59.0;90.0;0.0;350.0;50.0;127.0;165.0
2021-08-29 07:00:00;16.2;59.6;80.0;0.0;340.0;50.0;133.0;169.0
2021-08-29 08:00:00;10.1;63.5;90.0;0.0;340.0;50.0;136.0;172.0
2021-08-29 09:00:00;14.9;58.7;100.0;0.0;350.0;60.0;134.0;171.0
2021-08-29 10:00:00;14.5;60.4;100.0;0.0;340.0;60.0;135.0;171.0
2021-08-29 11:00:00;12.4;61.6;100.0;0.0;330.0;60.0;138.0;169.0
2021-08-29 12:00:00;14.3;56.6;100.0;0.0;330.0;50.0;148.0;162.0
2021-08-29 13:00:00;10.7;60.4;80.0;2.0;340.0;50.0;155.0;161.0
2021-08-29 14:00:00;9.7;59.5;70.0;2.0;350.0;40.0;158.0;170.0
2021-08-29 15:00:00;18.7;47.0;70.0;0.0;360.0;40.0;156.0;175.0
2021-08-29 16:00:00;21.4;40.0;80.0;0.0;360.0;40.0;159.0;166.0
2021-08-29 17:00:00;21.4;35.9;60.0;0.0;360.0;40.0;156.0;168.0
2021-08-29 18:00:00;27.5;28.9;70.0;0.0;10.0;40.0;155.0;168.0
2021-08-29 19:00:00;21.2;29.4;60.0;0.0;10.0;40.0;156.0;165.0
2021-08-29 20:00:00;13.8;35.3;60.0;0.0;10.0;40.0;155.0;162.0
2021-08-29 21:00:00;27.3;27.2;60.0;0.0;360.0;30.0;153.0;164.0
2021-08-29 22:00:00;21.0;36.3;60.0;0.0;360.0;30.0;147.0;165.0
2021-08-29 23:00:00;31.1;27.2;50.0;0.0;360.0;30.0;145.0;165.0
2021-08-30 00:00:00;23.5;35.6;60.0;0.0;10.0;30.0;145.0;165.0
2021-08-30 01:00:00;22.5;40.0;60.0;0.0;360.0;30.0;148.0;162.0
2021-08-30 02:00:00;18.3;49.2;50.0;0.0;10.0;30.0;146.0;163.0
2021-08-30 03:00:00;25.2;40.3;50.0;0.0;350.0;30.0;138.0;155.0
2021-08-30 04:00:00;28.5;46.0;30.0;0.0;340.0;20.0;139.0;151.0
2021-08-30 05:00:00;38.4;42.8;30.0;0.0;360.0;20.0;147.0;160.0
2021-08-30 06:00:00;50.4;32.5;70.0;0.0;20.0;30.0;150.0;168.0
2021-08-30 07:00:00;55.4;24.6;80.0;0.0;360.0;40.0;149.0;174.0
2021-08-30 08:00:00;35.9;36.2;80.0;0.0;10.0;40.0;154.0;180.0
2021-08-30 09:00:00;26.4;46.5;70.0;0.0;360.0;40.0;157.0;190.0
2021-08-30 10:00:00;30.2;37.1;80.0;0.0;10.0;50.0;161.0;192.0
2021-08-30 11:00:00;24.3;44.6;70.0;0.0;350.0;50.0;164.0;201.0
2021-08-30 12:00:00;18.1;50.3;80.0;0.0;340.0;50.0;164.0;199.0
2021-08-30 13:00:00;13.2;56.9;90.0;0.0;350.0;50.0;159.0;195.0
2021-08-30 14:00:00;10.1;68.0;100.0;0.0;360.0;60.0;153.0;192.0
2021-08-30 15:00:00;12.0;72.0;110.0;0.0;350.0;70.0;145.0;190.0
2021-08-30 16:00:00;12.0;69.5;110.0;0.0;350.0;70.0;146.0;182.0
2021-08-30 17:00:00;13.0;66.8;100.0;0.0;350.0;60.0;144.0;174.0
2021-08-30 18:00:00;16.0;60.0;90.0;0.0;360.0;40.0;143.0;164.0
2021-08-30 19:00:00;22.7;53.3;50.0;0.0;350.0;30.0;143.0;164.0
2021-08-30 20:00:00;33.2;35.8;40.0;0.0;350.0;20.0;138.0;154.0
2021-08-30 21:00:00;34.8;40.7;40.0;0.0;10.0;20.0;136.0;152.0
2021-08-30 22:00:00;26.5;44.6;40.0;0.0;360.0;20.0;135.0;149.0
2021-08-30 23:00:00;25.8;39.8;30.0;0.0;360.0;20.0;133.0;143.0
2021-08-31 00:00:00;21.2;50.8;40.0;0.0;360.0;20.0;135.0;143.0
2021-08-31 01:00:00;17.4;50.5;40.0;0.0;360.0;20.0;133.0;140.0
2021-08-31 02:00:00;25.4;41.8;30.0;0.0;350.0;20.0;131.0;137.0
2021-08-31 03:00:00;18.9;45.9;30.0;0.0;330.0;20.0;122.0;125.0
2021-08-31 04:00:00;26.7;37.9;20.0;0.0;340.0;10.0;125.0;128.0
2021-08-31 05:00:00;42.0;22.3;20.0;0.0;0.0;10.0;125.0;128.0
2021-08-31 06:00:00;47.6;14.6;30.0;0.0;10.0;10.0;139.0;162.0
2021-08-31 07:00:00;51.4;13.7;60.0;0.0;20.0;30.0;139.0;173.0
2021-08-31 08:00:00;29.6;32.5;70.0;0.0;20.0;40.0;133.0;176.0
2021-08-31 09:00:00;15.7;51.9;80.0;0.0;360.0;40.0;137.0;186.0
2021-08-31 10:00:00;17.6;55.2;70.0;0.0;10.0;40.0;144.0;193.0
2021-08-31 11:00:00;18.0;60.1;70.0;0.0;360.0;40.0;146.0;202.0
2021-08-31 12:00:00;16.0;61.7;90.0;0.0;350.0;50.0;140.0;193.0
2021-08-31 13:00:00;17.0;66.4;100.0;0.0;360.0;60.0;139.0;187.0
2021-08-31 14:00:00;17.0;62.6;100.0;0.0;350.0;60.0;139.0;181.0
2021-08-31 15:00:00;17.2;62.3;90.0;0.0;350.0;50.0;133.0;174.0
2021-08-31 16:00:00;16.6;60.1;90.0;0.0;10.0;50.0;129.0;168.0
2021-08-31 17:00:00;16.6;63.9;80.0;0.0;360.0;40.0;124.0;163.0
2021-08-31 18:00:00;17.6;63.4;70.0;0.0;360.0;40.0;124.0;163.0
2021-08-31 19:00:00;22.7;57.4;70.0;0.0;10.0;40.0;123.0;163.0
2021-08-31 20:00:00;19.3;60.1;40.0;0.0;10.0;20.0;125.0;163.0
2021-08-31 21:00:00;18.3;58.9;30.0;0.0;350.0;10.0;125.0;161.0
2021-08-31 22:00:00;16.8;58.9;40.0;0.0;360.0;20.0;125.0;161.0
2021-08-31 23:00:00;18.3;55.9;40.0;0.0;10.0;20.0;120.0;162.0
2021-09-01 00:00:00;19.5;56.8;40.0;0.0;340.0;20.0;115.0;161.0
2021-09-01 01:00:00;17.8;62.7;30.0;0.0;340.0;20.0;116.0;159.0
2021-09-01 02:00:00;20.8;62.2;30.0;0.0;340.0;10.0;117.0;155.0
2021-09-01 03:00:00;20.1;66.7;20.0;0.0;310.0;10.0;121.0;154.0
2021-09-01 04:00:00;25.0;59.7;20.0;0.0;300.0;10.0;118.0;152.0
2021-09-01 05:00:00;31.1;52.8;10.0;0.0;320.0;10.0;125.0;156.0
2021-09-01 06:00:00;41.8;40.1;20.0;0.0;320.0;10.0;123.0;162.0
2021-09-01 07:00:00;48.3;32.4;30.0;0.0;320.0;10.0;127.0;167.0
2021-09-01 08:00:00;42.6;37.1;50.0;0.0;320.0;30.0;128.0;161.0
2021-09-01 09:00:00;26.7;55.8;70.0;0.0;10.0;30.0;125.0;167.0
2021-09-01 10:00:00;26.9;54.8;50.0;0.0;360.0;20.0;120.0;181.0
2021-09-01 11:00:00;19.7;60.1;60.0;0.0;360.0;30.0;138.0;184.0
2021-09-01 12:00:00;20.6;59.0;50.0;0.0;350.0;30.0;126.0;181.0
2021-09-01 13:00:00;22.5;56.5;60.0;0.0;340.0;30.0;131.0;182.0
2021-09-01 14:00:00;23.1;57.0;60.0;0.0;350.0;40.0;134.0;180.0
2021-09-01 15:00:00;22.7;58.2;60.0;0.0;350.0;30.0;134.0;177.0
2021-09-01 16:00:00;19.1;57.7;60.0;0.0;350.0;30.0;136.0;173.0
2021-09-01 17:00:00;24.4;52.4;50.0;0.0;350.0;30.0;132.0;170.0
2021-09-01 18:00:00;26.2;51.1;40.0;0.0;360.0;20.0;132.0;167.0
2021-09-01 19:00:00;33.8;43.2;40.0;0.0;10.0;20.0;136.0;166.0
2021-09-01 20:00:00;30.9;43.5;40.0;0.0;20.0;20.0;133.0;164.0
2021-09-01 21:00:00;22.9;46.3;40.0;0.0;20.0;20.0;133.0;160.0
2021-09-01 22:00:00;22.7;42.9;30.0;0.0;20.0;10.0;135.0;160.0
2021-09-01 23:00:00;15.7;44.8;30.0;0.0;20.0;20.0;127.0;161.0
2021-09-02 00:00:00;18.1;39.7;30.0;0.0;20.0;20.0;119.0;159.0
2021-09-02 01:00:00;18.7;44.0;40.0;0.0;30.0;20.0;123.0;153.0
2021-09-02 02:00:00;9.6;62.9;20.0;0.0;10.0;10.0;117.0;158.0
2021-09-02 03:00:00;13.8;56.5;20.0;0.0;60.0;10.0;115.0;155.0
2021-09-02 04:00:00;18.5;52.6;20.0;0.0;20.0;10.0;119.0;151.0
2021-09-02 05:00:00;24.6;51.7;40.0;0.0;60.0;20.0;106.0;156.0
2021-09-02 06:00:00;44.1;29.9;30.0;0.0;50.0;20.0;114.0;164.0
2021-09-02 07:00:00;46.2;29.1;30.0;0.0;60.0;10.0;122.0;167.0
2021-09-02 08:00:00;20.8;59.5;50.0;0.0;60.0;30.0;120.0;172.0
2021-09-02 09:00:00;21.0;58.6;50.0;0.0;70.0;30.0;111.0;176.0
2021-09-02 10:00:00;21.4;56.2;60.0;0.0;80.0;30.0;112.0;177.0
2021-09-02 11:00:00;20.1;61.4;60.0;0.0;80.0;30.0;117.0;193.0
2021-09-02 12:00:00;18.9;65.7;60.0;0.0;20.0;30.0;114.0;191.0
2021-09-02 13:00:00;16.6;69.8;60.0;0.0;30.0;30.0;120.0;193.0
2021-09-02 14:00:00;16.4;73.7;60.0;0.0;50.0;30.0;125.0;199.0
2021-09-02 15:00:00;18.3;78.8;60.0;0.0;70.0;40.0;128.0;196.0
2021-09-02 16:00:00;21.8;79.2;50.0;0.0;50.0;30.0;129.0;192.0
2021-09-02 17:00:00;20.1;78.9;60.0;0.0;40.0;40.0;130.0;173.0
2021-09-02 18:00:00;25.4;71.7;50.0;0.0;60.0;30.0;126.0;149.0
2021-09-02 19:00:00;29.8;63.0;50.0;0.0;40.0;30.0;124.0;151.0
2021-09-02 20:00:00;23.9;59.0;40.0;0.0;40.0;30.0;120.0;142.0
2021-09-02 21:00:00;17.0;61.2;30.0;0.0;360.0;10.0;110.0;123.0
2021-09-02 22:00:00;19.7;53.5;30.0;0.0;40.0;10.0;116.0;128.0
2021-09-02 23:00:00;24.4;43.2;30.0;0.0;30.0;20.0;116.0;127.0
2021-09-03 00:00:00;18.9;39.6;20.0;0.0;30.0;20.0;116.0;127.0
2021-09-03 01:00:00;25.2;30.4;40.0;0.0;40.0;20.0;115.0;127.0
2021-09-03 02:00:00;22.7;30.9;40.0;0.0;30.0;20.0;112.0;120.0
2021-09-03 03:00:00;26.0;21.9;40.0;0.0;40.0;20.0;113.0;122.0
2021-09-03 04:00:00;31.1;19.5;30.0;0.0;40.0;20.0;112.0;120.0
2021-09-03 05:00:00;40.7;10.4;40.0;0.0;40.0;20.0;120.0;131.0
2021-09-03 06:00:00;50.4;1.7;40.0;0.0;50.0;30.0;131.0;146.0
2021-09-03 07:00:00;43.7;6.7;60.0;0.0;50.0;30.0;139.0;167.0
2021-09-03 08:00:00;42.6;13.9;60.0;0.0;70.0;40.0;145.0;185.0
2021-09-03 09:00:00;36.5;29.9;70.0;0.0;60.0;40.0;149.0;197.0
2021-09-03 10:00:00;24.6;50.8;70.0;0.0;60.0;50.0;158.0;211.0
2021-09-03 11:00:00;19.5;59.6;70.0;0.0;60.0;40.0;155.0;214.0
2021-09-03 12:00:00;19.3;66.4;70.0;0.0;60.0;40.0;160.0;220.0
2021-09-03 13:00:00;18.9;76.9;70.0;0.0;30.0;40.0;152.0;215.0
2021-09-03 14:00:00;17.4;85.9;70.0;0.0;40.0;40.0;157.0;217.0
2021-09-03 15:00:00;17.8;91.4;70.0;0.0;40.0;40.0;156.0;213.0
2021-09-03 16:00:00;17.4;93.7;70.0;0.0;50.0;50.0;152.0;201.0
2021-09-03 17:00:00;18.9;89.8;70.0;0.0;50.0;50.0;142.0;177.0
2021-09-03 18:00:00;23.3;75.9;70.0;0.0;50.0;40.0;139.0;163.0
2021-09-03 19:00:00;21.0;65.0;50.0;0.0;40.0;30.0;139.0;162.0
2021-09-03 20:00:00;24.6;57.3;60.0;0.0;50.0;30.0;137.0;154.0
2021-09-03 21:00:00;21.0;55.2;80.0;0.0;50.0;50.0;136.0;149.0
2021-09-03 22:00:00;15.9;53.4;70.0;0.0;50.0;40.0;129.0;141.0
2021-09-03 23:00:00;13.0;48.8;60.0;0.0;50.0;40.0;125.0;135.0
2021-09-04 00:00:00;13.6;45.7;50.0;0.0;50.0;40.0;121.0;129.0
2021-09-04 01:00:00;13.6;43.0;50.0;0.0;40.0;40.0;119.0;126.0
2021-09-04 02:00:00;10.7;47.8;60.0;0.0;50.0;40.0;115.0;122.0
2021-09-04 03:00:00;10.9;50.3;60.0;0.0;50.0;40.0;113.0;119.0
2021-09-04 04:00:00;12.2;49.0;80.0;0.0;50.0;50.0;122.0;127.0
2021-09-04 05:00:00;11.5;47.3;80.0;0.0;50.0;50.0;125.0;130.0
2021-09-04 06:00:00;9.2;52.5;80.0;0.0;50.0;60.0;128.0;134.0
2021-09-04 07:00:00;13.2;47.6;80.0;0.0;50.0;50.0;128.0;139.0
2021-09-04 08:00:00;12.8;49.3;70.0;0.0;70.0;50.0;127.0;146.0
2021-09-04 09:00:00;14.7;42.9;80.0;0.0;80.0;50.0;134.0;163.0
2021-09-04 10:00:00;15.7;44.1;80.0;0.0;70.0;50.0;134.0;174.0
2021-09-04 11:00:00;17.4;43.6;70.0;0.0;60.0;50.0;142.0;186.0
2021-09-04 12:00:00;15.9;48.9;70.0;0.0;50.0;40.0;145.0;195.0
2021-09-04 13:00:00;18.7;56.5;60.0;0.0;70.0;40.0;145.0;203.0
2021-09-04 14:00:00;19.9;65.6;70.0;0.0;50.0;40.0;144.0;206.0
2021-09-04 15:00:00;17.0;77.9;60.0;0.0;50.0;40.0;144.0;207.0
2021-09-04 16:00:00;19.3;79.9;60.0;0.0;40.0;40.0;140.0;199.0
2021-09-04 17:00:00;21.0;79.5;60.0;0.0;50.0;40.0;136.0;180.0
2021-09-04 18:00:00;22.5;71.3;50.0;0.0;50.0;40.0;134.0;164.0
2021-09-04 19:00:00;28.8;53.9;50.0;0.0;40.0;30.0;135.0;160.0
2021-09-04 20:00:00;31.1;44.8;50.0;0.0;50.0;30.0;128.0;142.0
2021-09-04 21:00:00;36.3;33.0;40.0;0.0;50.0;20.0;126.0;138.0
2021-09-04 22:00:00;57.5;17.2;40.0;0.0;50.0;20.0;116.0;127.0
2021-09-04 23:00:00;51.4;21.5;50.0;0.0;60.0;30.0;120.0;132.0
2021-09-05 00:00:00;46.8;23.1;40.0;0.0;60.0;30.0;113.0;121.0
2021-09-05 01:00:00;40.9;25.1;30.0;0.0;30.0;20.0;117.0;125.0
2021-09-05 02:00:00;35.3;24.3;20.0;0.0;30.0;10.0;111.0;118.0
2021-09-05 03:00:00;36.7;20.0;30.0;0.0;50.0;20.0;99.0;104.0
2021-09-05 04:00:00;40.9;15.9;30.0;0.0;40.0;20.0;109.0;114.0
2021-09-05 05:00:00;47.0;10.6;20.0;0.0;330.0;10.0;110.0;112.0
2021-09-05 06:00:00;48.3;9.0;30.0;0.0;50.0;10.0;119.0;139.0
2021-09-05 07:00:00;46.6;13.6;50.0;0.0;50.0;30.0;130.0;161.0
2021-09-05 08:00:00;31.7;31.5;50.0;0.0;60.0;30.0;135.0;179.0
2021-09-05 09:00:00;21.8;47.8;70.0;0.0;50.0;50.0;133.0;192.0
2021-09-05 10:00:00;18.0;58.1;60.0;0.0;50.0;40.0;134.0;201.0
2021-09-05 11:00:00;18.9;60.4;60.0;0.0;70.0;40.0;125.0;214.0
2021-09-05 12:00:00;19.1;61.2;50.0;0.0;80.0;30.0;111.0;224.0
2021-09-05 13:00:00;15.9;74.5;60.0;0.0;70.0;30.0;116.0;228.0
2021-09-05 14:00:00;19.5;80.5;50.0;0.0;70.0;30.0;120.0;227.0
2021-09-05 15:00:00;18.1;87.6;50.0;0.0;70.0;30.0;124.0;223.0
2021-09-05 16:00:00;21.2;87.4;50.0;0.0;50.0;30.0;135.0;210.0
2021-09-05 17:00:00;22.3;81.7;40.0;0.0;30.0;20.0;132.0;197.0
2021-09-05 18:00:00;22.2;75.9;40.0;0.0;40.0;20.0;123.0;156.0
2021-09-05 19:00:00;32.3;61.5;30.0;0.0;50.0;20.0;131.0;162.0
2021-09-05 20:00:00;48.7;41.8;20.0;0.0;0.0;10.0;129.0;138.0
2021-09-05 21:00:00;44.7;43.0;20.0;0.0;40.0;10.0;121.0;126.0
2021-09-05 22:00:00;50.6;26.2;20.0;0.0;340.0;10.0;119.0;124.0
2021-09-05 23:00:00;66.5;7.9;10.0;0.0;10.0;10.0;122.0;123.0
2021-09-06 00:00:00;57.1;15.1;10.0;0.0;30.0;10.0;113.0;115.0
2021-09-06 01:00:00;26.5;35.4;10.0;0.0;50.0;0.0;113.0;115.0
2021-09-06 02:00:00;20.4;35.8;10.0;0.0;40.0;10.0;107.0;109.0
2021-09-06 03:00:00;24.3;22.8;10.0;0.0;40.0;10.0;106.0;108.0
2021-09-06 04:00:00;24.6;26.2;10.0;0.0;30.0;10.0;106.0;108.0
2021-09-06 05:00:00;38.6;11.3;20.0;0.0;30.0;10.0;125.0;127.0
2021-09-06 06:00:00;52.5;0.2;20.0;0.0;50.0;10.0;144.0;154.0
2021-09-06 07:00:00;52.3;0.5;20.0;0.0;50.0;10.0;149.0;183.0
2021-09-06 08:00:00;45.3;9.7;20.0;0.0;50.0;10.0;154.0;205.0
2021-09-06 09:00:00;34.4;34.1;30.0;0.0;70.0;10.0;152.0;218.0
2021-09-06 10:00:00;43.0;42.7;30.0;0.0;60.0;20.0;139.0;228.0
2021-09-06 11:00:00;43.0;52.7;30.0;0.0;60.0;10.0;122.0;234.0
2021-09-06 12:00:00;33.8;65.5;30.0;0.0;60.0;10.0;104.0;247.0
2021-09-06 13:00:00;25.4;79.8;40.0;0.0;340.0;20.0;114.0;243.0
2021-09-06 14:00:00;24.6;85.5;30.0;0.0;340.0;10.0;105.0;248.0
2021-09-06 15:00:00;35.9;79.2;20.0;0.0;320.0;10.0;105.0;250.0
2021-09-06 16:00:00;49.3;73.9;30.0;0.0;60.0;10.0;141.0;226.0
2021-09-06 17:00:00;47.9;78.4;30.0;0.0;90.0;20.0;139.0;203.0
2021-09-06 18:00:00;62.5;54.2;30.0;0.0;100.0;20.0;138.0;186.0
2021-09-06 19:00:00;94.2;13.6;20.0;0.0;0.0;10.0;145.0;174.0
2021-09-06 20:00:00;84.4;13.9;10.0;0.0;340.0;0.0;147.0;165.0
2021-09-06 21:00:00;77.9;13.2;20.0;0.0;0.0;10.0;143.0;154.0
2021-09-06 22:00:00;75.3;8.4;20.0;0.0;0.0;10.0;142.0;147.0
2021-09-06 23:00:00;67.4;7.3;20.0;0.0;60.0;10.0;138.0;142.0
2021-09-07 00:00:00;58.6;7.2;10.0;0.0;0.0;10.0;137.0;151.0
2021-09-07 01:00:00;53.3;12.5;10.0;0.0;0.0;0.0;138.0;140.0
2021-09-07 02:00:00;67.4;5.9;10.0;0.0;0.0;0.0;136.0;139.0
2021-09-07 03:00:00;74.1;0.0;10.0;0.0;0.0;10.0;133.0;135.0
2021-09-07 04:00:00;68.2;0.0;10.0;0.0;60.0;0.0;134.0;137.0
2021-09-07 05:00:00;62.1;0.0;20.0;0.0;160.0;10.0;145.0;151.0
2021-09-07 06:00:00;61.1;0.0;10.0;0.0;150.0;10.0;148.0;174.0
2021-09-07 07:00:00;62.6;1.5;20.0;0.0;160.0;10.0;148.0;202.0
2021-09-07 08:00:00;51.4;15.8;30.0;0.0;160.0;20.0;141.0;222.0
2021-09-07 09:00:00;39.5;51.3;30.0;0.0;170.0;20.0;136.0;236.0
2021-09-07 10:00:00;22.2;77.0;40.0;0.0;160.0;20.0;140.0;247.0
2021-09-07 11:00:00;14.1;95.8;40.0;0.0;110.0;20.0;146.0;252.0
2021-09-07 12:00:00;12.2;101.1;50.0;0.0;90.0;30.0;147.0;257.0
2021-09-07 13:00:00;14.1;109.7;50.0;0.0;70.0;30.0;145.0;255.0
2021-09-07 14:00:00;14.7;116.3;50.0;0.0;80.0;30.0;167.0;251.0
2021-09-07 15:00:00;15.1;118.1;60.0;0.0;70.0;40.0;156.0;242.0
2021-09-07 16:00:00;19.1;115.9;50.0;0.0;60.0;30.0;165.0;225.0
2021-09-07 17:00:00;21.4;113.3;50.0;0.0;70.0;30.0;159.0;202.0
2021-09-07 18:00:00;25.0;112.4;30.0;0.0;90.0;20.0;156.0;196.0
2021-09-07 19:00:00;35.3;93.7;40.0;0.0;100.0;30.0;153.0;205.0
2021-09-07 20:00:00;25.2;96.2;50.0;0.0;110.0;30.0;151.0;200.0
2021-09-07 21:00:00;27.5;77.6;50.0;0.0;100.0;30.0;145.0;193.0
2021-09-07 22:00:00;28.1;67.6;40.0;0.0;90.0;30.0;140.0;192.0
2021-09-07 23:00:00;26.7;61.4;30.0;0.0;70.0;20.0;136.0;161.0
2021-09-08 00:00:00;21.0;59.7;40.0;0.0;90.0;20.0;136.0;168.0
2021-09-08 01:00:00;19.7;56.7;40.0;0.0;70.0;20.0;135.0;163.0
2021-09-08 02:00:00;19.9;52.6;30.0;0.0;50.0;20.0;131.0;150.0
2021-09-08 03:00:00;22.3;43.8;20.0;0.0;50.0;10.0;133.0;152.0
2021-09-08 04:00:00;32.7;33.4;30.0;0.0;80.0;20.0;124.0;135.0
2021-09-08 05:00:00;48.1;18.5;30.0;0.0;80.0;20.0;136.0;158.0
2021-09-08 06:00:00;55.8;8.0;40.0;0.0;90.0;20.0;145.0;179.0
2021-09-08 07:00:00;49.9;10.9;40.0;0.0;90.0;30.0;146.0;195.0
2021-09-08 08:00:00;39.2;25.5;50.0;0.0;90.0;30.0;159.0;218.0
2021-09-08 09:00:00;31.3;44.0;60.0;0.0;110.0;40.0;159.0;231.0
2021-09-08 10:00:00;27.7;60.6;70.0;0.0;100.0;50.0;150.0;243.0
2021-09-08 11:00:00;27.9;76.4;80.0;0.0;90.0;40.0;146.0;257.0
2021-09-08 12:00:00;21.6;97.3;70.0;0.0;90.0;40.0;153.0;265.0
2021-09-08 13:00:00;13.8;117.1;70.0;0.0;100.0;40.0;153.0;265.0
2021-09-08 14:00:00;14.7;124.0;70.0;0.0;110.0;40.0;149.0;265.0
2021-09-08 15:00:00;16.6;133.2;80.0;0.0;90.0;50.0;143.0;259.0
2021-09-08 16:00:00;15.7;134.9;70.0;0.0;100.0;40.0;146.0;253.0
2021-09-08 17:00:00;13.8;126.9;60.0;0.0;100.0;40.0;141.0;237.0
2021-09-08 18:00:00;20.4;113.2;50.0;0.0;90.0;30.0;145.0;188.0
2021-09-08 19:00:00;29.8;101.2;30.0;0.0;90.0;20.0;145.0;176.0
2021-09-08 20:00:00;30.6;92.6;30.0;0.0;90.0;20.0;140.0;169.0
2021-09-08 21:00:00;36.7;78.0;40.0;0.0;40.0;20.0;144.0;168.0
2021-09-08 22:00:00;38.8;71.6;30.0;0.0;90.0;20.0;153.0;186.0
2021-09-08 23:00:00;25.8;78.8;30.0;0.0;100.0;20.0;148.0;180.0
2021-09-09 00:00:00;23.5;71.4;40.0;0.0;100.0;30.0;145.0;176.0
2021-09-09 01:00:00;24.3;60.1;40.0;0.0;100.0;30.0;137.0;162.0
2021-09-09 02:00:00;25.0;53.3;30.0;0.0;90.0;20.0;138.0;165.0
2021-09-09 03:00:00;23.3;49.6;30.0;0.0;90.0;10.0;128.0;146.0
2021-09-09 04:00:00;21.6;49.6;30.0;0.0;100.0;10.0;130.0;147.0
2021-09-09 05:00:00;35.0;36.6;30.0;0.0;110.0;20.0;140.0;168.0
2021-09-09 06:00:00;33.0;33.6;70.0;0.0;170.0;30.0;142.0;189.0
2021-09-09 07:00:00;41.4;28.5;60.0;0.0;210.0;30.0;152.0;207.0
2021-09-09 08:00:00;32.9;35.7;50.0;0.0;230.0;30.0;169.0;223.0
2021-09-09 09:00:00;30.8;45.0;60.0;0.0;210.0;30.0;182.0;231.0
2021-09-09 10:00:00;19.3;65.0;60.0;0.0;220.0;40.0;190.0;243.0
2021-09-09 11:00:00;13.8;84.8;70.0;0.0;220.0;40.0;185.0;242.0
2021-09-09 12:00:00;14.1;93.2;90.0;0.0;250.0;60.0;181.0;239.0
2021-09-09 13:00:00;12.4;88.9;80.0;0.0;250.0;50.0;161.0;239.0
2021-09-09 14:00:00;10.9;79.3;70.0;0.0;270.0;40.0;157.0;235.0
2021-09-09 15:00:00;5.9;74.6;50.0;0.0;280.0;30.0;166.0;227.0
2021-09-09 16:00:00;9.7;71.4;40.0;0.0;290.0;20.0;167.0;218.0
2021-09-09 17:00:00;21.8;61.0;20.0;0.0;290.0;10.0;168.0;208.0
2021-09-09 18:00:00;29.6;49.3;20.0;0.0;0.0;10.0;165.0;199.0
2021-09-09 19:00:00;39.9;34.2;20.0;0.0;0.0;10.0;169.0;196.0
2021-09-09 20:00:00;40.7;26.4;20.0;0.0;270.0;10.0;171.0;186.0
2021-09-09 21:00:00;29.2;31.4;10.0;0.0;320.0;0.0;168.0;179.0
2021-09-09 22:00:00;18.7;39.9;10.0;0.0;0.0;10.0;173.0;189.0
2021-09-09 23:00:00;17.8;39.2;30.0;0.0;160.0;20.0;176.0;197.0
2021-09-10 00:00:00;25.2;25.2;50.0;0.0;170.0;30.0;179.0;196.0
2021-09-10 01:00:00;23.9;24.1;50.0;0.0;180.0;30.0;182.0;197.0
2021-09-10 02:00:00;19.3;24.7;60.0;0.0;190.0;30.0;182.0;195.0
2021-09-10 03:00:00;19.7;19.7;60.0;0.0;190.0;30.0;181.0;191.0
2021-09-10 04:00:00;17.2;19.1;40.0;0.0;180.0;20.0;179.0;188.0
2021-09-10 05:00:00;25.2;9.1;60.0;0.0;180.0;20.0;181.0;190.0
2021-09-10 06:00:00;20.8;7.9;50.0;0.0;190.0;30.0;181.0;196.0
2021-09-10 07:00:00;20.2;9.7;60.0;0.0;210.0;40.0;181.0;208.0
2021-09-10 08:00:00;17.8;17.7;60.0;0.0;220.0;40.0;180.0;205.0
2021-09-10 09:00:00;16.0;26.5;60.0;0.0;240.0;40.0;180.0;203.0
2021-09-10 10:00:00;15.9;26.5;60.0;0.0;210.0;40.0;178.0;211.0
2021-09-10 11:00:00;12.6;39.4;70.0;0.0;210.0;40.0;177.0;213.0
2021-09-10 12:00:00;12.2;48.8;70.0;0.0;250.0;40.0;177.0;209.0
2021-09-10 13:00:00;16.8;45.4;50.0;0.0;280.0;30.0;178.0;209.0
2021-09-10 14:00:00;13.0;52.5;60.0;0.0;260.0;30.0;171.0;210.0
2021-09-10 15:00:00;15.1;57.1;60.0;0.0;270.0;30.0;176.0;219.0
2021-09-10 16:00:00;15.1;51.1;50.0;0.0;270.0;20.0;176.0;221.0
2021-09-10 17:00:00;15.1;57.9;40.0;0.0;270.0;20.0;169.0;189.0
2021-09-10 18:00:00;18.5;62.1;50.0;0.0;260.0;30.0;166.0;190.0
2021-09-10 19:00:00;24.8;60.8;50.0;0.0;230.0;30.0;151.0;179.0
2021-09-10 20:00:00;16.4;64.7;50.0;0.0;220.0;30.0;150.0;179.0
2021-09-10 21:00:00;11.7;64.3;50.0;0.0;240.0;30.0;153.0;187.0
2021-09-10 22:00:00;10.7;67.2;80.0;0.0;230.0;40.0;151.0;177.0
2021-09-10 23:00:00;6.7;67.6;80.0;0.0;210.0;50.0;154.0;181.0
2021-09-11 00:00:00;8.8;57.8;70.0;0.0;210.0;40.0;152.0;176.0
2021-09-11 01:00:00;6.5;60.4;70.0;0.0;200.0;50.0;154.0;177.0
2021-09-11 02:00:00;5.5;59.1;70.0;0.0;210.0;40.0;157.0;176.0
2021-09-11 03:00:00;5.5;56.1;80.0;0.0;210.0;40.0;162.0;172.0
2021-09-11 04:00:00;5.9;53.2;80.0;0.0;210.0;50.0;161.0;172.0
2021-09-11 05:00:00;5.5;51.0;90.0;0.0;210.0;40.0;161.0;174.0
2021-09-11 06:00:00;8.4;44.2;70.0;0.0;210.0;40.0;162.0;179.0
2021-09-11 07:00:00;7.6;44.9;80.0;0.0;220.0;50.0;164.0;181.0
2021-09-11 08:00:00;8.2;43.2;80.0;0.0;220.0;50.0;168.0;187.0
2021-09-11 09:00:00;9.7;38.9;70.0;0.0;210.0;50.0;174.0;190.0
2021-09-11 10:00:00;9.4;36.9;70.0;0.0;240.0;40.0;171.0;198.0
2021-09-11 11:00:00;8.8;39.2;90.0;0.0;260.0;50.0;171.0;193.0
2021-09-11 12:00:00;8.6;51.7;90.0;0.0;250.0;50.0;171.0;201.0
2021-09-11 13:00:00;6.1;53.8;80.0;0.0;250.0;60.0;173.0;205.0
2021-09-11 14:00:00;8.4;56.7;90.0;0.0;250.0;60.0;168.0;198.0
2021-09-11 15:00:00;6.9;62.0;80.0;0.0;260.0;50.0;169.0;197.0
2021-09-11 16:00:00;5.9;63.6;80.0;0.0;250.0;50.0;165.0;191.0
2021-09-11 17:00:00;7.4;59.9;80.0;0.0;240.0;50.0;164.0;187.0
2021-09-11 18:00:00;11.1;55.4;80.0;0.0;230.0;50.0;157.0;184.0
2021-09-11 19:00:00;9.2;64.3;80.0;0.0;240.0;50.0;145.0;181.0
2021-09-11 20:00:00;6.1;73.2;70.0;0.0;240.0;50.0;143.0;181.0
2021-09-11 21:00:00;6.9;69.5;70.0;0.0;240.0;40.0;146.0;178.0
2021-09-11 22:00:00;6.3;69.6;70.0;0.0;230.0;40.0;145.0;173.0
2021-09-11 23:00:00;6.7;68.0;70.0;0.0;220.0;40.0;137.0;165.0
2021-09-12 00:00:00;6.5;59.4;70.0;0.0;210.0;40.0;133.0;153.0
2021-09-12 01:00:00;7.3;55.1;70.0;0.0;210.0;40.0;134.0;152.0
2021-09-12 02:00:00;6.3;53.6;60.0;0.0;200.0;40.0;136.0;153.0
2021-09-12 03:00:00;4.8;53.4;50.0;0.0;200.0;30.0;141.0;158.0
2021-09-12 04:00:00;6.5;48.3;60.0;0.0;190.0;30.0;142.0;154.0
2021-09-12 05:00:00;5.5;48.7;50.0;0.0;190.0;30.0;140.0;151.0
2021-09-12 06:00:00;9.6;40.3;60.0;0.0;220.0;30.0;150.0;164.0
2021-09-12 07:00:00;12.6;33.3;60.0;0.0;230.0;30.0;157.0;172.0
2021-09-12 08:00:00;10.3;33.5;70.0;0.0;220.0;30.0;163.0;187.0
2021-09-12 09:00:00;8.6;36.8;60.0;0.0;220.0;30.0;167.0;196.0
2021-09-12 10:00:00;9.0;38.4;50.0;0.0;300.0;30.0;153.0;205.0
2021-09-12 11:00:00;12.2;43.4;50.0;0.0;270.0;30.0;142.0;212.0
2021-09-12 12:00:00;15.9;60.7;70.0;0.0;290.0;40.0;136.0;210.0
2021-09-12 13:00:00;10.1;70.6;70.0;0.0;300.0;40.0;138.0;206.0
2021-09-12 14:00:00;8.2;68.9;70.0;0.0;330.0;40.0;139.0;199.0
2021-09-12 15:00:00;6.9;73.2;60.0;0.0;310.0;40.0;135.0;194.0
2021-09-12 16:00:00;7.3;72.6;60.0;0.0;340.0;30.0;130.0;172.0
2021-09-12 17:00:00;9.7;68.8;50.0;0.0;340.0;20.0;126.0;160.0
2021-09-12 18:00:00;9.0;65.7;30.0;0.0;340.0;20.0;124.0;143.0
2021-09-12 19:00:00;12.0;59.4;20.0;0.0;0.0;0.0;121.0;133.0
2021-09-12 20:00:00;14.5;53.8;10.0;0.0;0.0;0.0;126.0;132.0
2021-09-12 21:00:00;18.5;47.2;10.0;0.0;0.0;10.0;122.0;126.0
2021-09-12 22:00:00;13.2;51.8;10.0;0.0;220.0;0.0;115.0;120.0
2021-09-12 23:00:00;9.9;54.7;10.0;0.0;240.0;10.0;117.0;119.0
2021-09-13 00:00:00;15.9;46.8;10.0;0.0;210.0;10.0;116.0;118.0
2021-09-13 01:00:00;20.2;40.7;10.0;0.0;0.0;10.0;114.0;116.0
2021-09-13 02:00:00;21.8;21.8;10.0;0.0;0.0;10.0;113.0;118.0
2021-09-13 03:00:00;27.1;7.9;10.0;0.0;330.0;10.0;119.0;124.0
2021-09-13 04:00:00;29.6;11.7;10.0;0.0;120.0;0.0;117.0;122.0
2021-09-13 05:00:00;31.5;14.6;30.0;0.0;20.0;10.0;137.0;142.0
2021-09-13 06:00:00;36.1;10.9;20.0;0.0;70.0;10.0;141.0;156.0
2021-09-13 07:00:00;39.3;14.3;10.0;0.0;70.0;10.0;141.0;166.0
2021-09-13 08:00:00;30.2;31.2;20.0;0.0;30.0;10.0;142.0;175.0
2021-09-13 09:00:00;39.0;26.0;30.0;0.0;20.0;10.0;138.0;182.0
2021-09-13 10:00:00;39.0;32.5;30.0;0.0;40.0;20.0;132.0;180.0
2021-09-13 11:00:00;39.0;10.2;50.0;0.0;50.0;30.0;132.0;183.0
2021-09-13 12:00:00;33.4;34.7;50.0;0.0;80.0;30.0;143.0;187.0
2021-09-13 13:00:00;20.6;50.0;70.0;0.0;100.0;30.0;135.0;188.0
2021-09-13 14:00:00;21.4;52.6;60.0;0.0;90.0;30.0;135.0;191.0
2021-09-13 15:00:00;11.1;61.6;70.0;0.0;60.0;40.0;138.0;185.0
2021-09-13 16:00:00;13.6;60.3;60.0;0.0;60.0;40.0;141.0;173.0
2021-09-13 17:00:00;14.1;58.2;50.0;0.0;60.0;30.0;135.0;158.0
2021-09-13 18:00:00;13.2;58.2;40.0;0.0;60.0;30.0;131.0;148.0
2021-09-13 19:00:00;23.5;41.9;40.0;0.0;60.0;30.0;125.0;137.0
2021-09-13 20:00:00;39.7;22.8;40.0;0.0;60.0;30.0;119.0;129.0
2021-09-13 21:00:00;51.2;8.7;40.0;0.0;70.0;30.0;124.0;132.0
2021-09-13 22:00:00;24.4;32.7;40.0;0.0;50.0;30.0;128.0;138.0
2021-09-13 23:00:00;9.4;39.4;40.0;0.0;40.0;20.0;130.0;138.0
2021-09-14 00:00:00;15.1;31.2;30.0;0.0;50.0;20.0;131.0;140.0
2021-09-14 01:00:00;27.9;17.8;30.0;0.0;50.0;30.0;126.0;132.0
2021-09-14 02:00:00;35.9;9.7;40.0;0.0;50.0;30.0;119.0;126.0
2021-09-14 03:00:00;27.5;15.8;50.0;0.0;70.0;30.0;123.0;130.0
2021-09-14 04:00:00;26.2;12.9;30.0;0.0;70.0;20.0;119.0;126.0
2021-09-14 05:00:00;25.2;13.2;50.0;0.0;80.0;30.0;123.0;135.0
2021-09-14 06:00:00;31.9;5.6;60.0;0.0;100.0;40.0;129.0;144.0
2021-09-14 07:00:00;28.8;6.6;60.0;0.0;90.0;40.0;135.0;163.0
2021-09-14 08:00:00;25.0;12.6;60.0;0.0;100.0;30.0;149.0;189.0
2021-09-14 09:00:00;25.4;21.6;60.0;0.0;90.0;40.0;149.0;201.0
2021-09-14 10:00:00;23.9;36.1;70.0;0.0;100.0;40.0;153.0;223.0
2021-09-14 11:00:00;17.8;53.2;70.0;0.0;100.0;50.0;155.0;230.0
2021-09-14 12:00:00;20.4;52.9;70.0;0.0;100.0;50.0;157.0;221.0
2021-09-14 13:00:00;22.5;61.0;60.0;0.0;120.0;40.0;162.0;221.0
2021-09-14 14:00:00;28.7;50.5;70.0;0.0;100.0;40.0;167.0;217.0
2021-09-14 15:00:00;29.4;47.5;50.0;0.0;100.0;30.0;169.0;210.0
2021-09-14 16:00:00;35.7;42.7;40.0;0.0;110.0;20.0;175.0;205.0
2021-09-14 17:00:00;38.0;40.4;50.0;0.0;150.0;20.0;174.0;209.0
2021-09-14 18:00:00;47.9;24.2;40.0;0.0;160.0;20.0;175.0;204.0
2021-09-14 19:00:00;38.0;29.6;30.0;0.0;170.0;20.0;170.0;198.0
2021-09-14 20:00:00;27.5;34.4;40.0;0.0;170.0;20.0;173.0;196.0
2021-09-14 21:00:00;20.2;37.8;60.0;0.0;150.0;30.0;175.0;188.0
2021-09-14 22:00:00;12.8;38.5;30.0;0.0;210.0;20.0;169.0;177.0
2021-09-14 23:00:00;7.8;44.0;40.0;0.0;190.0;20.0;175.0;181.0
2021-09-15 00:00:00;17.0;27.8;30.0;0.0;190.0;20.0;168.0;174.0
2021-09-15 01:00:00;21.2;16.4;20.0;0.0;170.0;10.0;163.0;166.0
2021-09-15 02:00:00;17.8;12.2;20.0;0.0;230.0;10.0;157.0;159.0
2021-09-15 03:00:00;25.2;5.3;20.0;0.0;190.0;10.0;159.0;162.0
2021-09-15 04:00:00;23.7;9.5;20.0;0.0;270.0;10.0;154.0;156.0
2021-09-15 05:00:00;21.2;14.9;20.0;0.0;240.0;10.0;159.0;162.0
2021-09-15 06:00:00;26.2;11.7;50.0;0.0;250.0;20.0;160.0;184.0
2021-09-15 07:00:00;24.6;20.2;60.0;0.0;250.0;30.0;159.0;181.0
2021-09-15 08:00:00;10.3;45.5;50.0;0.0;260.0;30.0;153.0;180.0
2021-09-15 09:00:00;5.5;64.4;60.0;0.0;250.0;30.0;157.0;186.0
2021-09-15 10:00:00;9.9;65.7;60.0;0.0;270.0;30.0;156.0;187.0
2021-09-15 11:00:00;20.8;52.4;60.0;0.0;300.0;30.0;159.0;197.0
2021-09-15 12:00:00;21.2;53.6;70.0;0.0;320.0;40.0;161.0;183.0
2021-09-15 13:00:00;21.2;61.3;80.0;0.0;310.0;40.0;152.0;184.0
2021-09-15 14:00:00;19.7;69.9;90.0;0.0;320.0;40.0;147.0;181.0
2021-09-15 15:00:00;18.9;72.1;80.0;0.0;300.0;50.0;142.0;172.0
2021-09-15 16:00:00;21.8;65.1;90.0;0.0;310.0;50.0;128.0;168.0
2021-09-15 17:00:00;16.6;69.2;90.0;0.0;290.0;40.0;116.0;164.0
2021-09-15 18:00:00;9.9;77.0;80.0;0.0;290.0;30.0;116.0;156.0
2021-09-15 19:00:00;15.9;68.6;50.0;0.0;250.0;20.0;120.0;152.0
2021-09-15 20:00:00;15.9;67.5;30.0;0.0;250.0;20.0;112.0;132.0
2021-09-15 21:00:00;10.1;71.0;30.0;0.0;240.0;20.0;121.0;137.0
2021-09-15 22:00:00;34.2;44.8;40.0;0.0;250.0;20.0;124.0;144.0
2021-09-15 23:00:00;33.6;46.1;50.0;0.0;270.0;30.0;114.0;137.0
2021-09-16 00:00:00;20.6;67.2;50.0;0.0;280.0;30.0;115.0;136.0
2021-09-16 01:00:00;12.8;71.8;50.0;0.0;270.0;30.0;113.0;141.0
2021-09-16 02:00:00;11.3;74.6;40.0;0.0;270.0;20.0;100.0;116.0
2021-09-16 03:00:00;7.1;78.8;30.0;0.0;270.0;20.0;109.0;128.0
2021-09-16 04:00:00;11.8;72.1;30.0;0.0;260.0;20.0;117.0;143.0
2021-09-16 05:00:00;17.0;66.1;40.0;0.0;290.0;20.0;118.0;139.0
2021-09-16 06:00:00;27.9;56.8;40.0;0.0;280.0;20.0;129.0;163.0
2021-09-16 07:00:00;23.5;60.7;60.0;0.0;280.0;30.0;124.0;175.0
2021-09-16 08:00:00;24.6;60.7;70.0;0.0;290.0;40.0;125.0;179.0
2021-09-16 09:00:00;26.4;60.7;70.0;0.0;270.0;40.0;128.0;190.0
2021-09-16 10:00:00;30.6;60.7;70.0;0.0;290.0;40.0;132.0;193.0
2021-09-16 11:00:00;35.7;53.8;80.0;0.0;280.0;50.0;133.0;201.0
2021-09-16 12:00:00;18.7;71.0;80.0;0.0;270.0;50.0;137.0;203.0
2021-09-16 13:00:00;14.9;80.3;80.0;0.0;280.0;50.0;139.0;205.0
2021-09-16 14:00:00;15.9;84.1;80.0;0.0;270.0;50.0;135.0;203.0
2021-09-16 15:00:00;18.1;87.5;80.0;0.0;290.0;50.0;137.0;195.0
2021-09-16 16:00:00;20.4;85.7;70.0;0.0;280.0;40.0;138.0;182.0
2021-09-16 17:00:00;29.8;76.9;50.0;0.0;280.0;20.0;135.0;164.0
2021-09-16 18:00:00;43.5;61.6;20.0;0.0;240.0;10.0;135.0;149.0
2021-09-16 19:00:00;24.4;78.3;20.0;0.0;220.0;10.0;132.0;136.0
2021-09-16 20:00:00;31.9;62.8;20.0;0.0;0.0;10.0;135.0;139.0
2021-09-16 21:00:00;36.7;56.2;20.0;0.0;0.0;0.0;133.0;137.0
2021-09-16 22:00:00;36.5;37.3;20.0;0.0;210.0;10.0;137.0;139.0
2021-09-16 23:00:00;26.5;46.3;10.0;0.0;230.0;10.0;141.0;146.0
2021-09-17 00:00:00;13.2;64.6;20.0;0.0;200.0;10.0;140.0;148.0
2021-09-17 01:00:00;26.9;47.4;20.0;0.0;160.0;10.0;141.0;156.0
2021-09-17 02:00:00;20.4;44.5;30.0;0.0;150.0;20.0;146.0;162.0
2021-09-17 03:00:00;17.0;39.6;30.0;0.0;160.0;20.0;149.0;161.0
2021-09-17 04:00:00;30.6;21.9;40.0;0.0;190.0;20.0;145.0;158.0
2021-09-17 05:00:00;32.1;21.2;40.0;0.0;190.0;20.0;144.0;156.0
2021-09-17 06:00:00;28.3;24.0;50.0;0.0;200.0;30.0;152.0;165.0
2021-09-17 07:00:00;30.4;20.5;60.0;0.0;230.0;30.0;156.0;166.0
2021-09-17 08:00:00;16.0;39.5;60.0;0.0;230.0;40.0;158.0;180.0
2021-09-17 09:00:00;14.1;46.3;60.0;0.0;240.0;40.0;160.0;196.0
2021-09-17 10:00:00;10.1;53.2;60.0;0.0;260.0;30.0;148.0;199.0
2021-09-17 11:00:00;7.4;66.8;70.0;0.0;250.0;40.0;138.0;202.0
2021-09-17 12:00:00;8.0;67.8;60.0;0.0;260.0;40.0;146.0;209.0
2021-09-17 13:00:00;11.5;71.7;70.0;0.0;260.0;40.0;143.0;209.0
2021-09-17 14:00:00;12.4;81.4;60.0;0.0;270.0;40.0;145.0;208.0
2021-09-17 15:00:00;6.5;93.5;50.0;0.0;270.0;30.0;144.0;203.0
2021-09-17 16:00:00;6.5;92.6;30.0;0.0;280.0;20.0;146.0;193.0
2021-09-17 17:00:00;13.0;89.6;20.0;0.0;330.0;10.0;141.0;164.0
2021-09-17 18:00:00;38.0;59.1;20.0;0.0;70.0;10.0;141.0;157.0
2021-09-17 19:00:00;70.7;18.1;20.0;0.0;330.0;10.0;134.0;143.0
2021-09-17 20:00:00;78.1;5.7;20.0;0.0;100.0;10.0;128.0;133.0
2021-09-17 21:00:00;57.7;13.3;10.0;0.0;150.0;10.0;135.0;137.0
2021-09-17 22:00:00;49.3;19.0;30.0;0.0;130.0;10.0;137.0;143.0
2021-09-17 23:00:00;45.6;17.4;20.0;0.0;10.0;10.0;138.0;146.0
2021-09-18 00:00:00;54.6;6.6;10.0;0.0;60.0;10.0;130.0;135.0
2021-09-18 01:00:00;49.1;10.9;20.0;0.0;170.0;10.0;134.0;138.0
2021-09-18 02:00:00;36.7;18.4;10.0;0.0;60.0;10.0;133.0;135.0
2021-09-18 03:00:00;25.0;22.2;20.0;0.0;60.0;10.0;133.0;136.0
2021-09-18 04:00:00;24.3;18.3;30.0;0.0;100.0;20.0;137.0;141.0
2021-09-18 05:00:00;26.9;13.0;20.0;0.0;10.0;10.0;134.0;138.0
2021-09-18 06:00:00;31.1;8.8;10.0;0.0;0.0;0.0;154.0;160.0
2021-09-18 07:00:00;27.3;15.5;30.0;0.0;150.0;20.0;155.0;183.0
2021-09-18 08:00:00;24.8;21.4;30.0;0.0;150.0;20.0;156.0;199.0
2021-09-18 09:00:00;16.6;48.0;40.0;0.0;100.0;20.0;147.0;207.0
2021-09-18 10:00:00;18.1;56.6;60.0;0.0;130.0;30.0;147.0;215.0
2021-09-18 11:00:00;17.6;67.8;60.0;0.0;100.0;40.0;134.0;215.0
2021-09-18 12:00:00;10.3;80.5;60.0;0.0;110.0;30.0;129.0;222.0
2021-09-18 13:00:00;8.2;84.1;60.0;0.0;90.0;40.0;120.0;217.0
2021-09-18 14:00:00;9.7;86.9;60.0;0.0;100.0;40.0;128.0;211.0
2021-09-18 15:00:00;11.3;89.0;50.0;0.0;90.0;40.0;125.0;208.0
2021-09-18 16:00:00;13.4;87.1;60.0;0.0;90.0;40.0;117.0;199.0
2021-09-18 17:00:00;12.6;83.7;60.0;0.0;90.0;30.0;140.0;184.0
2021-09-18 18:00:00;14.5;76.9;50.0;0.0;80.0;20.0;140.0;166.0
2021-09-18 19:00:00;18.3;67.4;50.0;0.0;80.0;30.0;131.0;160.0
2021-09-18 20:00:00;21.8;58.1;60.0;0.0;90.0;40.0;128.0;164.0
2021-09-18 21:00:00;13.4;61.8;50.0;0.0;90.0;30.0;125.0;158.0
2021-09-18 22:00:00;9.6;61.9;50.0;0.0;90.0;30.0;120.0;146.0
2021-09-18 23:00:00;8.4;59.3;40.0;0.0;80.0;30.0;107.0;120.0
2021-09-19 00:00:00;12.6;52.2;30.0;0.0;70.0;20.0;106.0;115.0
2021-09-19 01:00:00;11.1;45.7;50.0;0.0;80.0;30.0;113.0;123.0
2021-09-19 02:00:00;13.8;36.0;40.0;0.0;80.0;30.0;107.0;114.0
2021-09-19 03:00:00;9.7;34.1;50.0;0.0;70.0;30.0;107.0;114.0
2021-09-19 04:00:00;9.4;29.1;60.0;0.0;80.0;30.0;107.0;113.0
2021-09-19 05:00:00;10.5;24.1;40.0;0.0;80.0;30.0;114.0;122.0
2021-09-19 06:00:00;11.8;20.1;40.0;0.0;90.0;20.0;124.0;138.0
2021-09-19 07:00:00;10.9;21.0;60.0;0.0;90.0;40.0;128.0;151.0
2021-09-19 08:00:00;9.2;23.8;70.0;0.0;100.0;40.0;129.0;164.0
2021-09-19 09:00:00;9.7;27.5;70.0;0.0;70.0;40.0;138.0;181.0
2021-09-19 10:00:00;9.7;35.7;60.0;0.0;120.0;30.0;140.0;194.0
2021-09-19 11:00:00;9.9;42.6;70.0;0.0;100.0;40.0;144.0;201.0
2021-09-19 12:00:00;10.3;48.7;70.0;0.0;100.0;40.0;140.0;203.0
2021-09-19 13:00:00;11.8;58.5;60.0;0.0;100.0;30.0;134.0;209.0
2021-09-19 14:00:00;12.2;62.9;60.0;0.0;120.0;30.0;125.0;206.0
2021-09-19 15:00:00;15.1;71.7;50.0;0.0;90.0;30.0;130.0;198.0
2021-09-19 16:00:00;15.7;72.2;50.0;0.0;100.0;40.0;133.0;189.0
2021-09-19 17:00:00;14.3;69.2;50.0;0.0;100.0;30.0;127.0;179.0
2021-09-19 18:00:00;23.7;50.8;60.0;0.0;110.0;40.0;126.0;171.0
2021-09-19 19:00:00;22.3;46.1;60.0;0.0;100.0;30.0;123.0;162.0
2021-09-19 20:00:00;18.7;40.6;50.0;0.0;100.0;30.0;117.0;155.0
2021-09-19 21:00:00;13.2;40.2;60.0;0.0;90.0;30.0;112.0;149.0
2021-09-19 22:00:00;14.5;36.2;60.0;0.0;100.0;30.0;108.0;144.0
2021-09-19 23:00:00;13.6;36.6;60.0;0.0;100.0;30.0;103.0;140.0
2021-09-20 00:00:00;12.0;34.0;60.0;0.0;100.0;40.0;99.0;138.0
2021-09-20 01:00:00;11.8;32.9;60.0;0.0;90.0;40.0;93.0;132.0
2021-09-20 02:00:00;7.8;38.2;80.0;0.0;90.0;40.0;86.0;132.0
2021-09-20 03:00:00;9.7;39.1;70.0;0.0;90.0;40.0;86.0;127.0
2021-09-20 04:00:00;12.8;39.5;70.0;0.0;80.0;50.0;79.0;121.0
2021-09-20 05:00:00;15.3;37.8;70.0;0.0;80.0;50.0;74.0;124.0
2021-09-20 06:00:00;19.5;33.8;70.0;0.0;80.0;50.0;76.0;122.0
2021-09-20 07:00:00;21.6;38.3;80.0;0.0;80.0;40.0;75.0;137.0
2021-09-20 08:00:00;21.4;37.9;90.0;0.0;80.0;50.0;76.0;148.0
2021-09-20 09:00:00;16.8;46.6;90.0;0.0;70.0;60.0;78.0;158.0
2021-09-20 10:00:00;17.4;48.4;90.0;0.0;70.0;60.0;82.0;160.0
2021-09-20 11:00:00;14.9;52.7;100.0;0.0;70.0;60.0;68.0;176.0
2021-09-20 12:00:00;15.3;53.7;90.0;0.0;50.0;50.0;71.0;172.0
2021-09-20 13:00:00;11.7;69.8;80.0;0.0;50.0;50.0;75.0;172.0
2021-09-20 14:00:00;12.2;75.7;100.0;0.0;50.0;60.0;70.0;163.0
2021-09-20 15:00:00;17.8;67.1;80.0;0.0;50.0;50.0;75.0;162.0
2021-09-20 16:00:00;20.4;59.5;70.0;0.0;60.0;50.0;81.0;147.0
2021-09-20 17:00:00;16.0;61.4;50.0;0.0;40.0;30.0;72.0;127.0
2021-09-20 18:00:00;26.4;43.3;30.0;0.0;50.0;20.0;73.0;125.0
2021-09-20 19:00:00;26.4;42.2;20.0;0.0;50.0;10.0;82.0;114.0
2021-09-20 20:00:00;37.6;28.6;20.0;0.0;340.0;10.0;76.0;84.0
2021-09-20 21:00:00;56.2;12.9;20.0;0.0;340.0;10.0;78.0;85.0
2021-09-20 22:00:00;43.2;21.2;20.0;0.0;0.0;10.0;74.0;78.0
2021-09-20 23:00:00;48.7;10.4;10.0;0.0;0.0;0.0;70.0;74.0
2021-09-21 00:00:00;51.0;8.9;10.0;0.0;340.0;0.0;64.0;68.0
2021-09-21 01:00:00;31.9;23.9;10.0;0.0;0.0;0.0;69.0;73.0
2021-09-21 02:00:00;43.5;9.9;20.0;0.0;310.0;10.0;68.0;72.0
2021-09-21 03:00:00;39.3;16.1;20.0;0.0;0.0;10.0;64.0;68.0
2021-09-21 04:00:00;42.8;10.9;10.0;0.0;0.0;0.0;58.0;61.0
2021-09-21 05:00:00;53.7;-2.0;10.0;0.0;0.0;0.0;60.0;66.0
2021-09-21 06:00:00;56.7;-2.0;10.0;0.0;0.0;0.0;60.0;107.0
2021-09-21 07:00:00;57.5;-1.6;10.0;0.0;320.0;10.0;60.0;130.0
2021-09-21 08:00:00;52.3;3.6;30.0;0.0;170.0;10.0;59.0;158.0
2021-09-21 09:00:00;32.1;34.8;60.0;0.0;170.0;10.0;59.0;173.0
2021-09-21 10:00:00;17.6;53.4;40.0;0.0;240.0;20.0;55.0;186.0
2021-09-21 11:00:00;19.3;58.3;40.0;0.0;300.0;20.0;57.0;187.0
2021-09-21 12:00:00;13.0;66.2;40.0;0.0;260.0;20.0;74.0;191.0
2021-09-21 13:00:00;12.2;68.9;50.0;0.0;270.0;30.0;80.0;191.0
2021-09-21 14:00:00;10.3;77.4;50.0;0.0;270.0;30.0;95.0;187.0
2021-09-21 15:00:00;9.0;83.1;50.0;0.0;280.0;30.0;105.0;178.0
2021-09-21 16:00:00;10.5;84.7;50.0;0.0;290.0;30.0;115.0;168.0
2021-09-21 17:00:00;22.5;76.4;30.0;0.0;290.0;20.0;110.0;138.0
2021-09-21 18:00:00;17.4;75.5;20.0;0.0;220.0;10.0;110.0;124.0
2021-09-21 19:00:00;40.7;46.5;20.0;0.0;270.0;20.0;107.0;114.0
2021-09-21 20:00:00;51.6;30.3;20.0;0.0;210.0;10.0;112.0;118.0
2021-09-21 21:00:00;63.4;8.4;20.0;0.0;0.0;10.0;111.0;117.0
2021-09-21 22:00:00;45.1;14.3;20.0;0.0;180.0;10.0;104.0;111.0
2021-09-21 23:00:00;32.5;22.1;20.0;0.0;170.0;10.0;103.0;106.0
2021-09-22 00:00:00;23.5;25.2;10.0;0.0;170.0;10.0;98.0;100.0
2021-09-22 01:00:00;21.4;29.0;20.0;0.0;220.0;10.0;98.0;100.0
2021-09-22 02:00:00;22.2;24.7;20.0;0.0;210.0;10.0;104.0;107.0
2021-09-22 03:00:00;23.9;29.5;20.0;0.0;180.0;10.0;94.0;97.0
2021-09-22 04:00:00;16.6;40.1;20.0;0.0;210.0;10.0;101.0;104.0
2021-09-22 05:00:00;26.0;24.5;50.0;0.0;200.0;20.0;101.0;104.0
2021-09-22 06:00:00;36.1;10.5;30.0;0.0;200.0;10.0;110.0;128.0
2021-09-22 07:00:00;39.5;16.3;40.0;0.0;190.0;20.0;116.0;161.0
2021-09-22 08:00:00;32.7;28.7;50.0;0.0;220.0;30.0;121.0;175.0
2021-09-22 09:00:00;27.9;38.8;50.0;0.0;210.0;40.0;125.0;186.0
2021-09-22 10:00:00;18.5;54.3;70.0;0.0;220.0;40.0;125.0;200.0
2021-09-22 11:00:00;14.7;61.3;80.0;0.0;220.0;40.0;121.0;204.0
2021-09-22 12:00:00;12.6;65.4;70.0;0.0;230.0;40.0;113.0;199.0
2021-09-22 13:00:00;9.4;74.5;70.0;0.0;230.0;40.0;112.0;207.0
2021-09-22 14:00:00;8.4;85.5;90.0;0.0;230.0;40.0;110.0;202.0
2021-09-22 15:00:00;10.5;94.3;70.0;0.0;240.0;50.0;103.0;192.0
2021-09-22 16:00:00;11.8;89.6;70.0;0.0;260.0;40.0;108.0;177.0
2021-09-22 17:00:00;12.6;90.4;50.0;0.0;260.0;30.0;108.0;150.0
2021-09-22 18:00:00;27.1;72.2;30.0;0.0;230.0;20.0;108.0;143.0
2021-09-22 19:00:00;36.3;60.6;30.0;0.0;190.0;20.0;101.0;119.0
2021-09-22 20:00:00;44.3;47.7;50.0;0.0;190.0;20.0;107.0;139.0
2021-09-22 21:00:00;41.1;42.7;60.0;0.0;200.0;30.0;111.0;142.0
2021-09-22 22:00:00;22.5;58.2;50.0;0.0;200.0;30.0;97.0;124.0
2021-09-22 23:00:00;26.7;40.0;50.0;0.0;190.0;30.0;108.0;144.0
2021-09-23 00:00:00;28.7;33.7;60.0;0.0;220.0;40.0;101.0;129.0
2021-09-23 01:00:00;32.7;31.4;60.0;0.0;230.0;40.0;120.0;139.0
2021-09-23 02:00:00;22.7;42.3;70.0;0.0;220.0;50.0;133.0;146.0
2021-09-23 03:00:00;12.4;49.0;80.0;0.0;220.0;50.0;137.0;148.0
2021-09-23 04:00:00;18.0;40.9;60.0;0.0;210.0;40.0;138.0;149.0
2021-09-23 05:00:00;18.5;37.4;80.0;0.0;220.0;50.0;140.0;151.0
2021-09-23 06:00:00;18.3;33.0;70.0;0.0;220.0;40.0;143.0;158.0
2021-09-23 07:00:00;19.3;29.2;110.0;0.0;230.0;50.0;135.0;170.0
2021-09-23 08:00:00;16.8;33.4;140.0;0.0;260.0;80.0;129.0;171.0
2021-09-23 09:00:00;9.7;50.3;120.0;0.0;260.0;70.0;126.0;171.0
2021-09-23 10:00:00;8.6;58.6;110.0;0.0;240.0;70.0;131.0;190.0
2021-09-23 11:00:00;9.0;63.2;110.0;0.0;240.0;80.0;139.0;180.0
2021-09-23 12:00:00;5.2;71.2;110.0;0.0;250.0;70.0;145.0;186.0
2021-09-23 13:00:00;5.9;71.8;100.0;0.0;260.0;60.0;144.0;185.0
2021-09-23 14:00:00;9.0;66.8;100.0;0.0;250.0;60.0;147.0;188.0
2021-09-23 15:00:00;13.0;66.7;90.0;0.0;260.0;60.0;147.0;182.0
2021-09-23 16:00:00;13.8;67.3;90.0;0.0;250.0;60.0;147.0;178.0
2021-09-23 17:00:00;14.3;67.0;80.0;0.0;250.0;50.0;152.0;174.0
2021-09-23 18:00:00;17.2;62.1;80.0;0.0;250.0;40.0;157.0;176.0
2021-09-23 19:00:00;17.8;61.8;60.0;0.0;330.0;30.0;130.0;170.0
2021-09-23 20:00:00;15.1;60.5;30.0;0.0;330.0;10.0;126.0;163.0
2021-09-23 21:00:00;30.0;46.8;20.0;0.0;0.0;10.0;128.0;159.0
2021-09-23 22:00:00;50.8;24.1;20.0;0.0;220.0;10.0;127.0;144.0
2021-09-23 23:00:00;40.9;32.3;20.0;0.0;0.0;10.0;129.0;147.0
2021-09-24 00:00:00;28.8;38.7;20.0;0.0;0.0;10.0;128.0;139.0
2021-09-24 01:00:00;19.3;38.2;10.0;0.0;150.0;10.0;120.0;131.0
2021-09-24 02:00:00;15.9;38.9;20.0;0.0;160.0;10.0;125.0;130.0
2021-09-24 03:00:00;15.5;27.2;20.0;0.0;210.0;10.0;129.0;134.0
2021-09-24 04:00:00;17.8;21.2;50.0;0.0;230.0;10.0;151.0;155.0
2021-09-24 05:00:00;18.0;19.3;80.0;0.0;220.0;50.0;160.0;170.0
2021-09-24 06:00:00;18.9;17.6;90.0;0.0;220.0;40.0;162.0;173.0
2021-09-24 07:00:00;21.4;18.4;80.0;0.0;230.0;50.0;163.0;185.0
2021-09-24 08:00:00;15.3;26.2;80.0;0.0;220.0;60.0;156.0;191.0
2021-09-24 09:00:00;11.3;35.5;80.0;0.0;230.0;50.0;157.0;203.0
2021-09-24 10:00:00;11.1;42.6;100.0;0.0;250.0;60.0;144.0;204.0
2021-09-24 11:00:00;7.6;56.6;120.0;0.0;250.0;80.0;133.0;199.0
2021-09-24 12:00:00;5.7;65.6;130.0;0.0;240.0;80.0;134.0;203.0
2021-09-24 13:00:00;4.8;75.7;140.0;0.0;240.0;80.0;138.0;199.0
2021-09-24 14:00:00;6.9;74.3;120.0;0.0;240.0;80.0;138.0;204.0
2021-09-24 15:00:00;5.9;84.7;120.0;0.0;240.0;70.0;139.0;194.0
2021-09-24 16:00:00;6.7;82.3;110.0;0.0;230.0;60.0;125.0;181.0
2021-09-24 17:00:00;10.9;80.1;80.0;0.0;230.0;50.0;130.0;179.0
2021-09-24 18:00:00;12.6;75.7;100.0;0.0;230.0;60.0;130.0;182.0
2021-09-24 19:00:00;9.6;79.7;90.0;0.0;240.0;60.0;129.0;181.0
2021-09-24 20:00:00;9.0;78.3;110.0;0.0;230.0;60.0;138.0;179.0
2021-09-24 21:00:00;9.0;74.3;80.0;0.0;220.0;50.0;144.0;178.0
2021-09-24 22:00:00;10.9;64.1;80.0;0.0;220.0;50.0;140.0;173.0
2021-09-24 23:00:00;12.4;59.7;70.0;0.0;220.0;40.0;144.0;171.0
2021-09-25 00:00:00;9.0;61.9;80.0;0.0;220.0;50.0;141.0;168.0
2021-09-25 01:00:00;9.9;58.1;70.0;0.0;210.0;50.0;142.0;167.0
2021-09-25 02:00:00;9.7;54.2;60.0;0.0;210.0;40.0;144.0;165.0
2021-09-25 03:00:00;11.5;49.2;70.0;0.0;200.0;40.0;146.0;166.0
2021-09-25 04:00:00;11.7;45.4;60.0;0.0;220.0;30.0;153.0;169.0
2021-09-25 05:00:00;14.3;39.9;70.0;0.0;200.0;30.0;153.0;169.0
2021-09-25 06:00:00;16.4;34.4;50.0;0.0;200.0;30.0;156.0;173.0
2021-09-25 07:00:00;15.3;33.7;60.0;0.0;230.0;40.0;160.0;175.0
2021-09-25 08:00:00;17.6;31.5;50.0;0.0;220.0;40.0;161.0;184.0
2021-09-25 09:00:00;15.7;34.2;60.0;0.0;210.0;40.0;160.0;187.0
2021-09-25 10:00:00;20.8;28.1;50.0;0.0;190.0;20.0;159.0;192.0
2021-09-25 11:00:00;16.4;35.3;60.0;0.0;170.0;20.0;161.0;201.0
2021-09-25 12:00:00;14.3;41.4;60.0;0.0;180.0;20.0;165.0;208.0
2021-09-25 13:00:00;14.7;43.3;50.0;0.0;170.0;20.0;158.0;219.0
2021-09-25 14:00:00;13.8;54.5;40.0;0.0;180.0;20.0;157.0;223.0
2021-09-25 15:00:00;15.7;63.0;40.0;0.0;180.0;20.0;160.0;223.0
2021-09-25 16:00:00;19.3;62.5;40.0;0.0;100.0;20.0;158.0;206.0
2021-09-25 17:00:00;29.8;55.3;40.0;0.0;80.0;20.0;148.0;173.0
2021-09-25 18:00:00;30.0;51.7;30.0;0.0;90.0;20.0;145.0;160.0
2021-09-25 19:00:00;38.8;33.5;40.0;0.0;100.0;20.0;143.0;173.0
2021-09-25 20:00:00;34.8;30.4;40.0;0.0;110.0;30.0;139.0;167.0
2021-09-25 21:00:00;43.5;15.9;40.0;0.0;110.0;20.0;136.0;158.0
2021-09-25 22:00:00;34.8;18.8;30.0;0.0;110.0;20.0;138.0;156.0
2021-09-25 23:00:00;37.6;13.8;30.0;0.0;90.0;20.0;138.0;151.0
2021-09-26 00:00:00;29.0;17.9;40.0;0.0;110.0;20.0;139.0;155.0
2021-09-26 01:00:00;27.9;13.4;30.0;0.0;100.0;20.0;139.0;151.0
2021-09-26 02:00:00;32.3;6.2;20.0;0.0;70.0;10.0;139.0;151.0
2021-09-26 03:00:00;31.5;4.2;20.0;0.0;130.0;10.0;145.0;154.0
2021-09-26 04:00:00;33.4;1.3;40.0;0.0;170.0;20.0;144.0;162.0
2021-09-26 05:00:00;30.6;4.5;40.0;0.0;110.0;20.0;148.0;161.0
2021-09-26 06:00:00;26.2;4.3;60.0;0.0;170.0;20.0;149.0;168.0
2021-09-26 07:00:00;24.6;3.7;40.0;0.0;180.0;20.0;153.0;186.0
2021-09-26 08:00:00;24.4;12.1;40.0;0.0;190.0;20.0;152.0;194.0
2021-09-26 09:00:00;27.9;13.7;50.0;0.0;210.0;30.0;155.0;204.0
2021-09-26 10:00:00;27.5;21.0;70.0;0.0;200.0;30.0;149.0;221.0
2021-09-26 11:00:00;18.9;57.4;80.0;0.0;190.0;50.0;155.0;230.0
2021-09-26 12:00:00;12.8;83.2;80.0;0.0;180.0;50.0;157.0;223.0
2021-09-26 13:00:00;14.1;79.6;80.0;0.0;190.0;50.0;159.0;228.0
2021-09-26 14:00:00;11.1;80.7;80.0;0.0;180.0;50.0;156.0;222.0
2021-09-26 15:00:00;9.4;82.0;80.0;0.0;180.0;50.0;155.0;216.0
2021-09-26 16:00:00;11.3;81.7;70.0;0.0;180.0;40.0;157.0;208.0
2021-09-26 17:00:00;13.6;71.8;70.0;0.0;180.0;40.0;163.0;201.0
2021-09-26 18:00:00;9.2;61.6;60.0;0.0;190.0;40.0;162.0;191.0
2021-09-26 19:00:00;11.3;46.1;70.0;0.0;190.0;40.0;155.0;184.0
2021-09-26 20:00:00;12.2;44.4;60.0;0.0;180.0;30.0;150.0;173.0
2021-09-26 21:00:00;12.2;43.8;40.0;0.0;160.0;30.0;151.0;174.0
2021-09-26 22:00:00;13.9;36.7;50.0;0.0;180.0;30.0;150.0;171.0
2021-09-26 23:00:00;17.6;34.3;60.0;0.0;180.0;40.0;152.0;170.0
2021-09-27 00:00:00;15.9;36.1;50.0;0.0;180.0;30.0;149.0;161.0
2021-09-27 01:00:00;12.6;32.3;60.0;0.0;190.0;30.0;153.0;163.0
2021-09-27 02:00:00;14.5;27.2;50.0;0.0;180.0;30.0;149.0;159.0
2021-09-27 03:00:00;10.1;29.7;50.0;0.0;160.0;30.0;145.0;152.0
2021-09-27 04:00:00;9.6;33.8;50.0;0.0;160.0;30.0;146.0;152.0
2021-09-27 05:00:00;18.9;18.5;80.0;0.0;150.0;40.0;148.0;158.0
2021-09-27 06:00:00;26.2;9.8;90.0;0.0;160.0;50.0;150.0;163.0
2021-09-27 07:00:00;16.6;22.1;90.0;0.0;170.0;60.0;155.0;167.0
2021-09-27 08:00:00;17.6;26.8;100.0;0.0;170.0;60.0;157.0;178.0
2021-09-27 09:00:00;20.1;28.9;100.0;0.0;180.0;60.0;152.0;188.0
2021-09-27 10:00:00;14.5;42.3;130.0;0.0;180.0;70.0;148.0;199.0
2021-09-27 11:00:00;8.2;54.7;130.0;5.0;180.0;80.0;152.0;188.0
2021-09-27 12:00:00;10.7;54.6;150.0;9.0;180.0;80.0;161.0;171.0
2021-09-27 13:00:00;9.2;54.2;190.0;8.0;220.0;90.0;142.0;166.0
2021-09-27 14:00:00;8.2;57.6;140.0;0.0;250.0;90.0;117.0;170.0
2021-09-27 15:00:00;6.1;71.8;140.0;0.0;260.0;80.0;103.0;166.0
2021-09-27 16:00:00;6.9;82.7;100.0;0.0;250.0;50.0;100.0;156.0
2021-09-27 17:00:00;6.3;87.1;70.0;0.0;240.0;40.0;97.0;141.0
2021-09-27 18:00:00;10.3;81.1;50.0;0.0;220.0;30.0;88.0;123.0
2021-09-27 19:00:00;22.5;66.9;40.0;0.0;200.0;30.0;105.0;141.0
2021-09-27 20:00:00;13.0;67.4;50.0;0.0;210.0;20.0;108.0;136.0
2021-09-27 21:00:00;9.4;66.1;60.0;0.0;200.0;30.0;114.0;143.0
2021-09-27 22:00:00;11.8;57.5;60.0;0.0;210.0;40.0;111.0;138.0
2021-09-27 23:00:00;10.9;58.4;70.0;0.0;200.0;40.0;108.0;130.0
2021-09-28 00:00:00;12.4;54.6;60.0;0.0;200.0;40.0;110.0;132.0
2021-09-28 01:00:00;13.2;50.9;60.0;0.0;180.0;40.0;107.0;127.0
2021-09-28 02:00:00;8.6;52.8;70.0;0.0;190.0;40.0;105.0;125.0
2021-09-28 03:00:00;9.6;46.3;60.0;0.0;180.0;40.0;104.0;123.0
2021-09-28 04:00:00;11.1;40.2;60.0;0.0;190.0;40.0;106.0;123.0
2021-09-28 05:00:00;18.5;33.4;90.0;0.0;170.0;40.0;105.0;118.0
2021-09-28 06:00:00;31.7;16.7;70.0;0.0;180.0;50.0;108.0;127.0
2021-09-28 07:00:00;26.9;19.6;60.0;0.0;180.0;40.0;114.0;143.0
2021-09-28 08:00:00;19.1;32.6;60.0;0.0;180.0;40.0;117.0;159.0
2021-09-28 09:00:00;19.1;35.2;100.0;0.0;190.0;50.0;119.0;167.0
2021-09-28 10:00:00;15.7;39.1;90.0;0.0;180.0;50.0;110.0;175.0
2021-09-28 11:00:00;13.0;51.3;100.0;0.0;180.0;60.0;92.0;186.0
2021-09-28 12:00:00;8.4;63.2;110.0;0.0;200.0;60.0;95.0;184.0
2021-09-28 13:00:00;8.0;70.0;100.0;0.0;190.0;60.0;89.0;189.0
2021-09-28 14:00:00;5.7;78.7;110.0;0.0;180.0;60.0;88.0;189.0
2021-09-28 15:00:00;10.3;76.8;90.0;0.0;160.0;50.0;90.0;177.0
2021-09-28 16:00:00;13.0;73.1;100.0;0.0;170.0;50.0;91.0;170.0
2021-09-28 17:00:00;12.6;70.7;70.0;0.0;160.0;40.0;95.0;162.0
2021-09-28 18:00:00;24.1;51.1;60.0;0.0;160.0;40.0;99.0;157.0
2021-09-28 19:00:00;27.5;44.1;70.0;0.0;150.0;40.0;101.0;150.0
2021-09-28 20:00:00;23.1;45.8;70.0;0.0;150.0;40.0;103.0;148.0
2021-09-28 21:00:00;13.6;50.7;90.0;0.0;160.0;50.0;106.0;146.0
2021-09-28 22:00:00;11.8;47.3;80.0;0.0;160.0;50.0;104.0;146.0
2021-09-28 23:00:00;9.7;44.5;90.0;0.0;160.0;60.0;103.0;141.0
2021-09-29 00:00:00;7.8;46.0;90.0;0.0;160.0;60.0;102.0;136.0
2021-09-29 01:00:00;8.0;43.1;90.0;0.0;160.0;60.0;101.0;137.0
2021-09-29 02:00:00;7.1;42.6;90.0;2.0;180.0;60.0;107.0;134.0
2021-09-29 03:00:00;8.2;45.2;80.0;7.0;180.0;50.0;112.0;131.0
2021-09-29 04:00:00;8.8;43.2;80.0;0.0;190.0;50.0;109.0;132.0
2021-09-29 05:00:00;7.4;45.0;110.0;0.0;200.0;50.0;111.0;130.0
2021-09-29 06:00:00;14.3;39.9;100.0;3.0;210.0;60.0;110.0;127.0
2021-09-29 07:00:00;19.7;43.8;110.0;10.0;220.0;60.0;109.0;119.0
2021-09-29 08:00:00;17.4;46.8;100.0;10.0;190.0;40.0;109.0;120.0
2021-09-29 09:00:00;18.3;45.9;90.0;7.0;280.0;50.0;99.0;132.0
2021-09-29 10:00:00;19.3;44.9;120.0;0.0;270.0;70.0;92.0;141.0
2021-09-29 11:00:00;20.6;48.3;140.0;0.0;270.0;90.0;95.0;152.0
2021-09-29 12:00:00;13.4;56.7;150.0;0.0;260.0;80.0;81.0;153.0
2021-09-29 13:00:00;13.6;61.6;140.0;0.0;270.0;90.0;72.0;138.0
2021-09-29 14:00:00;10.9;61.6;130.0;3.0;280.0;80.0;74.0;120.0
2021-09-29 15:00:00;17.6;53.8;130.0;1.0;300.0;70.0;67.0;122.0
2021-09-29 16:00:00;15.7;53.4;140.0;4.0;260.0;60.0;77.0;113.0
2021-09-29 17:00:00;27.1;44.3;100.0;2.0;280.0;50.0;76.0;125.0
2021-09-29 18:00:00;25.8;46.4;100.0;7.0;300.0;50.0;77.0;108.0
2021-09-29 19:00:00;23.9;45.2;120.0;5.0;270.0;50.0;74.0;105.0
2021-09-29 20:00:00;18.0;50.6;100.0;4.0;260.0;50.0;77.0;110.0
2021-09-29 21:00:00;26.5;36.7;120.0;2.0;260.0;40.0;76.0;105.0
2021-09-29 22:00:00;30.9;32.6;110.0;1.0;280.0;50.0;76.0;112.0
2021-09-29 23:00:00;31.3;33.5;70.0;0.0;260.0;30.0;72.0;113.0
2021-09-30 00:00:00;30.2;33.5;70.0;0.0;260.0;40.0;70.0;114.0
2021-09-30 01:00:00;29.2;33.8;70.0;0.0;260.0;40.0;69.0;115.0
2021-09-30 02:00:00;34.4;29.7;60.0;0.0;250.0;40.0;67.0;110.0
2021-09-30 03:00:00;15.9;48.6;60.0;0.0;250.0;40.0;66.0;109.0
2021-09-30 04:00:00;7.1;58.3;50.0;0.0;250.0;40.0;67.0;117.0
2021-09-30 05:00:00;17.0;49.0;50.0;0.0;230.0;30.0;51.0;85.0
2021-09-30 06:00:00;15.7;49.6;60.0;0.0;190.0;30.0;79.0;115.0
2021-09-30 07:00:00;22.7;30.4;70.0;0.0;200.0;40.0;92.0;131.0
2021-09-30 08:00:00;18.7;31.3;90.0;0.0;220.0;60.0;80.0;132.0
2021-09-30 09:00:00;15.3;43.5;130.0;0.0;220.0;60.0;78.0;139.0
2021-09-30 10:00:00;16.0;46.5;110.0;0.0;210.0;70.0;75.0;136.0
2021-09-30 11:00:00;13.4;49.5;120.0;0.0;210.0;70.0;68.0;136.0
2021-09-30 12:00:00;15.1;52.0;120.0;0.0;190.0;70.0;84.0;144.0
2021-09-30 13:00:00;14.5;50.8;140.0;0.0;200.0;80.0;81.0;141.0
2021-09-30 14:00:00;15.7;49.3;120.0;0.0;190.0;70.0;79.0;143.0
2021-09-30 15:00:00;17.6;45.4;140.0;0.0;200.0;80.0;77.0;145.0
2021-09-30 16:00:00;13.9;51.2;120.0;0.0;200.0;70.0;80.0;141.0
2021-09-30 17:00:00;11.7;57.4;120.0;0.0;190.0;60.0;80.0;137.0
2021-09-30 18:00:00;15.1;47.0;110.0;0.0;190.0;70.0;80.0;137.0
2021-09-30 19:00:00;12.6;50.3;120.0;0.0;190.0;70.0;78.0;137.0
2021-09-30 20:00:00;13.4;48.4;110.0;0.0;190.0;70.0;77.0;136.0
2021-09-30 21:00:00;10.9;51.7;110.0;0.0;190.0;70.0;79.0;137.0
2021-09-30 22:00:00;10.7;50.8;120.0;0.0;200.0;80.0;77.0;139.0
2021-09-30 23:00:00;10.7;52.3;120.0;0.0;190.0;80.0;80.0;136.0
2021-10-01 00:00:00;9.4;53.7;120.0;0.0;190.0;80.0;86.0;133.0
2021-10-01 01:00:00;8.0;55.3;110.0;0.0;190.0;60.0;83.0;131.0
2021-10-01 02:00:00;6.1;56.4;100.0;0.0;190.0;60.0;83.0;128.0
2021-10-01 03:00:00;7.6;52.5;120.0;0.0;190.0;70.0;80.0;128.0
2021-10-01 04:00:00;9.2;50.1;120.0;0.0;190.0;70.0;81.0;127.0
2021-10-01 05:00:00;9.2;49.3;140.0;0.0;190.0;80.0;80.0;125.0
2021-10-01 06:00:00;9.9;49.7;130.0;0.0;190.0;80.0;87.0;130.0
2021-10-01 07:00:00;11.5;49.6;130.0;0.0;190.0;70.0;92.0;138.0
2021-10-01 08:00:00;11.3;50.0;130.0;0.0;190.0;80.0;93.0;142.0
2021-10-01 09:00:00;9.9;51.7;140.0;1.0;190.0;80.0;101.0;131.0
2021-10-01 10:00:00;9.6;51.9;110.0;0.0;190.0;60.0;111.0;138.0
2021-10-01 11:00:00;11.8;46.7;100.0;4.0;190.0;60.0;119.0;150.0
2021-10-01 12:00:00;11.1;49.6;150.0;2.0;190.0;80.0;120.0;143.0
2021-10-01 13:00:00;8.2;53.1;110.0;7.0;190.0;70.0;125.0;145.0
2021-10-01 14:00:00;10.3;53.1;110.0;10.0;180.0;60.0;130.0;141.0
2021-10-01 15:00:00;9.7;36.6;120.0;10.0;180.0;70.0;129.0;138.0
2021-10-01 16:00:00;11.8;36.7;130.0;9.0;190.0;60.0;133.0;141.0
2021-10-01 17:00:00;12.2;34.5;110.0;0.0;190.0;70.0;133.0;142.0
2021-10-01 18:00:00;13.9;30.5;100.0;0.0;190.0;60.0;131.0;143.0
2021-10-01 19:00:00;13.8;27.7;110.0;0.0;200.0;70.0;131.0;143.0
2021-10-01 20:00:00;12.8;27.8;120.0;0.0;210.0;60.0;128.0;145.0
2021-10-01 21:00:00;9.7;32.4;120.0;0.0;220.0;70.0;126.0;141.0
2021-10-01 22:00:00;7.6;38.1;90.0;0.0;210.0;50.0;126.0;139.0
2021-10-01 23:00:00;8.4;36.1;80.0;0.0;240.0;40.0;128.0;136.0
2021-10-02 00:00:00;6.5;35.9;60.0;4.0;220.0;30.0;125.0;132.0
2021-10-02 01:00:00;8.4;35.7;30.0;0.0;150.0;20.0;114.0;115.0
2021-10-02 02:00:00;14.9;29.3;20.0;0.0;150.0;10.0;100.0;105.0
2021-10-02 03:00:00;12.2;23.4;40.0;0.0;180.0;30.0;105.0;110.0
2021-10-02 04:00:00;11.5;20.2;50.0;0.0;180.0;30.0;112.0;115.0
2021-10-02 05:00:00;13.4;13.1;70.0;0.0;180.0;40.0;109.0;116.0
2021-10-02 06:00:00;17.6;13.0;70.0;0.0;180.0;40.0;105.0;119.0
2021-10-02 07:00:00;17.2;16.3;60.0;0.0;190.0;40.0;102.0;125.0
2021-10-02 08:00:00;16.2;19.4;80.0;0.0;180.0;40.0;100.0;137.0
2021-10-02 09:00:00;14.9;22.0;80.0;0.0;180.0;50.0;114.0;142.0
2021-10-02 10:00:00;18.5;23.4;100.0;0.0;170.0;50.0;119.0;149.0
2021-10-02 11:00:00;10.9;36.7;110.0;0.0;180.0;60.0;114.0;156.0
2021-10-02 12:00:00;5.3;43.5;120.0;9.0;160.0;60.0;124.0;146.0
2021-10-02 13:00:00;11.3;36.6;100.0;9.0;170.0;50.0;129.0;144.0
2021-10-02 14:00:00;13.2;31.8;70.0;10.0;150.0;40.0;124.0;142.0
2021-10-02 15:00:00;15.9;29.0;100.0;9.0;140.0;50.0;112.0;145.0
2021-10-02 16:00:00;11.7;32.2;130.0;10.0;140.0;70.0;110.0;142.0
2021-10-02 17:00:00;7.1;42.3;130.0;10.0;140.0;80.0;123.0;137.0
2021-10-02 18:00:00;6.9;41.1;160.0;10.0;150.0;100.0;133.0;146.0
2021-10-02 19:00:00;5.5;39.6;180.0;10.0;160.0;100.0;139.0;152.0
2021-10-02 20:00:00;3.4;42.8;190.0;4.0;170.0;100.0;145.0;162.0
2021-10-02 21:00:00;2.7;40.7;180.0;0.0;180.0;100.0;149.0;172.0
2021-10-02 22:00:00;1.7;37.3;170.0;0.0;190.0;110.0;152.0;169.0
2021-10-02 23:00:00;0.0;37.3;160.0;0.0;190.0;90.0;155.0;170.0
2021-10-03 00:00:00;-0.6;35.0;130.0;0.0;220.0;70.0;152.0;169.0
2021-10-03 01:00:00;0.4;32.5;140.0;10.0;230.0;80.0;132.0;149.0
2021-10-03 02:00:00;1.0;45.3;90.0;9.0;220.0;60.0;136.0;147.0
2021-10-03 03:00:00;-0.6;49.7;80.0;10.0;230.0;40.0;117.0;133.0
2021-10-03 04:00:00;0.6;54.3;70.0;10.0;180.0;30.0;122.0;131.0
2021-10-03 05:00:00;1.9;61.6;70.0;10.0;190.0;30.0;122.0;127.0
2021-10-03 06:00:00;5.7;58.5;50.0;10.0;170.0;30.0;123.0;126.0
2021-10-03 07:00:00;8.4;49.7;40.0;10.0;180.0;20.0;123.0;129.0
2021-10-03 08:00:00;6.9;49.7;30.0;10.0;270.0;20.0;122.0;129.0
2021-10-03 09:00:00;9.0;46.6;30.0;10.0;280.0;10.0;112.0;127.0
2021-10-03 10:00:00;24.6;40.5;30.0;10.0;260.0;10.0;113.0;124.0
2021-10-03 11:00:00;25.4;39.3;50.0;10.0;280.0;30.0;111.0;119.0
2021-10-03 12:00:00;16.2;46.5;60.0;4.0;240.0;40.0;114.0;123.0
2021-10-03 13:00:00;6.1;57.0;70.0;0.0;240.0;40.0;111.0;135.0
2021-10-03 14:00:00;6.9;51.6;90.0;0.0;230.0;50.0;113.0;140.0
2021-10-03 15:00:00;4.4;58.5;110.0;0.0;210.0;70.0;107.0;137.0
2021-10-03 16:00:00;6.9;53.4;120.0;0.0;200.0;70.0;97.0;134.0
2021-10-03 17:00:00;6.3;54.1;110.0;0.0;190.0;60.0;98.0;132.0
2021-10-03 18:00:00;4.2;55.6;90.0;0.0;190.0;60.0;100.0;129.0
2021-10-03 19:00:00;6.5;50.0;110.0;0.0;190.0;70.0;101.0;130.0
2021-10-03 20:00:00;6.7;49.7;120.0;0.0;200.0;80.0;98.0;130.0
2021-10-03 21:00:00;3.8;51.6;140.0;0.0;200.0;80.0;98.0;130.0
2021-10-03 22:00:00;2.7;53.2;140.0;0.0;200.0;80.0;96.0;133.0
2021-10-03 23:00:00;2.5;53.1;150.0;0.0;200.0;90.0;97.0;131.0
2021-10-04 00:00:00;2.5;52.7;130.0;0.0;210.0;80.0;97.0;129.0
2021-10-04 01:00:00;4.2;48.8;120.0;0.0;210.0;80.0;96.0;130.0
2021-10-04 02:00:00;2.7;48.8;110.0;0.0;210.0;70.0;94.0;122.0
2021-10-04 03:00:00;5.2;43.0;110.0;0.0;210.0;60.0;93.0;122.0
2021-10-04 04:00:00;5.9;40.3;80.0;0.0;170.0;50.0;91.0;115.0
2021-10-04 05:00:00;10.1;34.2;90.0;0.0;170.0;40.0;94.0;110.0
2021-10-04 06:00:00;14.3;27.1;80.0;0.0;160.0;50.0;94.0;112.0
2021-10-04 07:00:00;18.5;21.3;110.0;0.0;170.0;70.0;95.0;124.0
2021-10-04 08:00:00;17.2;24.9;110.0;0.0;180.0;70.0;99.0;136.0
2021-10-04 09:00:00;14.9;29.7;130.0;0.0;190.0;70.0;101.0;149.0
2021-10-04 10:00:00;10.7;39.2;130.0;0.0;190.0;80.0;103.0;156.0
2021-10-04 11:00:00;5.5;47.2;150.0;0.0;180.0;90.0;101.0;161.0
2021-10-04 12:00:00;4.8;52.4;150.0;0.0;180.0;90.0;99.0;170.0
2021-10-04 13:00:00;4.2;55.2;140.0;0.0;190.0;80.0;103.0;175.0
2021-10-04 14:00:00;4.4;56.0;130.0;0.0;180.0;80.0;106.0;164.0
2021-10-04 15:00:00;6.5;56.4;120.0;0.0;190.0;70.0;105.0;161.0
2021-10-04 16:00:00;9.0;52.0;120.0;0.0;180.0;70.0;102.0;151.0
2021-10-04 17:00:00;10.1;50.1;90.0;0.0;190.0;50.0;101.0;150.0
2021-10-04 18:00:00;9.4;49.2;70.0;0.0;170.0;40.0;100.0;141.0
2021-10-04 19:00:00;10.3;46.3;70.0;0.0;170.0;40.0;99.0;137.0
2021-10-04 20:00:00;15.1;39.1;80.0;0.0;160.0;50.0;97.0;133.0
2021-10-04 21:00:00;15.7;32.2;70.0;0.0;160.0;50.0;101.0;134.0
2021-10-04 22:00:00;11.1;32.7;80.0;0.0;160.0;50.0;101.0;135.0
2021-10-04 23:00:00;12.0;32.7;80.0;0.0;160.0;50.0;98.0;127.0
2021-10-05 00:00:00;10.9;33.6;90.0;0.0;160.0;60.0;92.0;126.0
2021-10-05 01:00:00;7.1;35.1;100.0;0.0;160.0;60.0;89.0;123.0
2021-10-05 02:00:00;4.8;36.9;90.0;0.0;160.0;60.0;88.0;121.0
2021-10-05 03:00:00;6.1;37.0;100.0;0.0;160.0;70.0;88.0;121.0
2021-10-05 04:00:00;3.4;38.1;100.0;0.0;150.0;60.0;90.0;119.0
2021-10-05 05:00:00;3.8;38.5;100.0;0.0;150.0;60.0;90.0;118.0
2021-10-05 06:00:00;9.6;31.6;100.0;0.0;150.0;60.0;96.0;127.0
2021-10-05 07:00:00;11.1;30.7;120.0;0.0;140.0;70.0;102.0;138.0
2021-10-05 08:00:00;6.9;35.4;120.0;0.0;160.0;80.0;105.0;144.0
2021-10-05 09:00:00;9.7;37.2;120.0;0.0;160.0;70.0;110.0;152.0
2021-10-05 10:00:00;11.1;34.1;130.0;5.0;170.0;80.0;116.0;146.0
2021-10-05 11:00:00;9.6;40.6;130.0;10.0;170.0;70.0;124.0;137.0
2021-10-05 12:00:00;11.7;42.9;130.0;10.0;170.0;70.0;127.0;133.0
2021-10-05 13:00:00;12.6;37.8;90.0;4.0;210.0;60.0;128.0;145.0
2021-10-05 14:00:00;14.7;33.7;120.0;0.0;220.0;70.0;100.0;151.0
2021-10-05 15:00:00;8.8;50.1;120.0;0.0;230.0;70.0;99.0;146.0
2021-10-05 16:00:00;6.5;65.7;110.0;0.0;220.0;60.0;93.0;139.0
2021-10-05 17:00:00;7.4;62.2;100.0;0.0;220.0;60.0;95.0;134.0
2021-10-05 18:00:00;8.8;56.1;120.0;3.0;220.0;60.0;102.0;121.0
2021-10-05 19:00:00;5.0;59.0;100.0;0.0;240.0;60.0;91.0;124.0
2021-10-05 20:00:00;7.3;56.2;120.0;2.0;220.0;60.0;98.0;121.0
2021-10-05 21:00:00;4.4;64.4;130.0;3.0;220.0;70.0;94.0;120.0
2021-10-05 22:00:00;1.7;65.9;100.0;0.0;210.0;60.0;95.0;124.0
2021-10-05 23:00:00;3.1;59.0;160.0;5.0;230.0;70.0;96.0;120.0
2021-10-06 00:00:00;1.9;58.7;130.0;2.0;240.0;80.0;85.0;118.0
2021-10-06 01:00:00;0.8;62.3;160.0;7.0;240.0;70.0;87.0;110.0
2021-10-06 02:00:00;1.5;62.2;100.0;10.0;230.0;60.0;92.0;109.0
2021-10-06 03:00:00;2.3;56.8;120.0;9.0;220.0;70.0;97.0;111.0
2021-10-06 04:00:00;3.8;54.2;130.0;9.0;250.0;70.0;104.0;119.0
2021-10-06 05:00:00;2.3;52.0;140.0;3.0;260.0;80.0;98.0;123.0
2021-10-06 06:00:00;8.4;46.9;130.0;0.0;250.0;70.0;106.0;127.0
2021-10-06 07:00:00;4.4;49.9;150.0;10.0;260.0;80.0;105.0;126.0
2021-10-06 08:00:00;9.6;44.6;140.0;3.0;260.0;90.0;111.0;134.0
2021-10-06 09:00:00;11.8;44.7;140.0;0.0;260.0;80.0;116.0;145.0
2021-10-06 10:00:00;13.9;43.7;100.0;3.0;290.0;60.0;131.0;144.0
2021-10-06 11:00:00;17.4;40.9;140.0;4.0;280.0;70.0;125.0;144.0
2021-10-06 12:00:00;24.3;36.1;140.0;7.0;280.0;70.0;130.0;151.0
2021-10-06 13:00:00;21.2;39.5;130.0;6.0;290.0;70.0;121.0;149.0
2021-10-06 14:00:00;28.7;38.4;130.0;1.0;280.0;70.0;124.0;150.0
2021-10-06 15:00:00;26.5;46.7;110.0;0.0;290.0;50.0;116.0;147.0
2021-10-06 16:00:00;26.2;42.7;70.0;0.0;270.0;30.0;112.0;134.0
2021-10-06 17:00:00;32.1;31.4;40.0;0.0;280.0;30.0;104.0;123.0
2021-10-06 18:00:00;47.6;23.7;40.0;0.0;260.0;20.0;85.0;98.0
2021-10-06 19:00:00;36.5;37.9;40.0;0.0;260.0;20.0;114.0;123.0
2021-10-06 20:00:00;37.6;37.2;70.0;8.0;330.0;30.0;132.0;139.0
2021-10-06 21:00:00;21.4;44.6;70.0;0.0;320.0;30.0;127.0;136.0
2021-10-06 22:00:00;14.9;46.4;60.0;0.0;290.0;30.0;125.0;137.0
2021-10-06 23:00:00;9.2;54.3;60.0;0.0;310.0;30.0;127.0;135.0
2021-10-07 00:00:00;14.9;47.5;60.0;0.0;320.0;30.0;123.0;130.0
2021-10-07 01:00:00;11.8;48.1;40.0;0.0;260.0;20.0;126.0;131.0
2021-10-07 02:00:00;16.0;43.1;20.0;0.0;0.0;10.0;127.0;131.0
2021-10-07 03:00:00;10.1;50.3;20.0;0.0;230.0;10.0;122.0;127.0
2021-10-07 04:00:00;16.4;45.2;20.0;0.0;250.0;10.0;121.0;130.0
2021-10-07 05:00:00;35.9;30.7;20.0;0.0;0.0;10.0;117.0;123.0
2021-10-07 06:00:00;45.8;23.6;10.0;0.0;170.0;10.0;110.0;115.0
2021-10-07 07:00:00;60.0;6.3;10.0;0.0;240.0;10.0;125.0;151.0
2021-10-07 08:00:00;56.3;6.7;20.0;0.0;270.0;10.0;125.0;156.0
2021-10-07 09:00:00;47.8;20.5;20.0;0.0;210.0;10.0;121.0;161.0
2021-10-07 10:00:00;37.6;32.5;30.0;0.0;210.0;10.0;117.0;172.0
2021-10-07 11:00:00;31.7;39.9;30.0;0.0;210.0;10.0;121.0;173.0
2021-10-07 12:00:00;27.9;38.8;30.0;0.0;140.0;10.0;114.0;172.0
2021-10-07 13:00:00;21.2;41.5;20.0;0.0;200.0;10.0;122.0;169.0
2021-10-07 14:00:00;19.9;49.1;20.0;0.0;150.0;10.0;124.0;173.0
2021-10-07 15:00:00;15.1;53.6;30.0;0.0;280.0;20.0;132.0;163.0
2021-10-07 16:00:00;14.7;55.4;20.0;0.0;30.0;10.0;123.0;154.0
2021-10-07 17:00:00;18.3;50.0;30.0;0.0;100.0;20.0;126.0;138.0
2021-10-07 18:00:00;38.2;27.3;30.0;0.0;80.0;20.0;118.0;123.0
2021-10-07 19:00:00;45.1;8.1;30.0;0.0;70.0;20.0;109.0;112.0
2021-10-07 20:00:00;43.5;1.7;20.0;0.0;90.0;20.0;98.0;101.0
2021-10-07 21:00:00;46.6;0.0;30.0;0.0;90.0;20.0;105.0;107.0
2021-10-07 22:00:00;44.1;0.0;30.0;0.0;110.0;20.0;92.0;93.0
2021-10-07 23:00:00;40.9;0.0;20.0;0.0;90.0;10.0;91.0;94.0
2021-10-08 00:00:00;35.7;0.0;20.0;0.0;100.0;10.0;86.0;89.0
2021-10-08 01:00:00;29.2;0.0;20.0;0.0;90.0;20.0;90.0;92.0
2021-10-08 02:00:00;26.4;0.0;30.0;0.0;70.0;20.0;83.0;84.0
2021-10-08 03:00:00;23.5;0.0;20.0;0.0;80.0;10.0;80.0;81.0
2021-10-08 04:00:00;21.8;0.0;30.0;0.0;60.0;10.0;76.0;77.0
2021-10-08 05:00:00;22.2;0.0;20.0;0.0;70.0;10.0;73.0;75.0
2021-10-08 06:00:00;25.6;0.0;30.0;0.0;80.0;10.0;75.0;76.0
2021-10-08 07:00:00;27.9;0.0;20.0;0.0;70.0;10.0;80.0;81.0
2021-10-08 08:00:00;26.9;0.0;30.0;0.0;40.0;10.0;88.0;89.0
2021-10-08 09:00:00;41.3;0.0;30.0;0.0;50.0;10.0;98.0;99.0
2021-10-08 10:00:00;34.6;0.1;40.0;0.0;50.0;20.0;110.0;116.0
2021-10-08 11:00:00;38.6;2.0;40.0;0.0;20.0;20.0;111.0;138.0
2021-10-08 12:00:00;39.5;3.5;40.0;0.0;40.0;20.0;112.0;154.0
2021-10-08 13:00:00;42.6;4.7;50.0;0.0;60.0;30.0;111.0;165.0
2021-10-08 14:00:00;39.7;17.8;50.0;0.0;50.0;30.0;110.0;162.0
2021-10-08 15:00:00;36.5;27.4;50.0;0.0;60.0;30.0;116.0;156.0
2021-10-08 16:00:00;29.6;36.9;40.0;0.0;50.0;20.0;112.0;136.0
2021-10-08 17:00:00;36.7;26.1;40.0;0.0;40.0;20.0;111.0;127.0
2021-10-08 18:00:00;53.3;8.4;20.0;0.0;30.0;20.0;98.0;107.0
2021-10-08 19:00:00;58.4;0.0;30.0;0.0;50.0;20.0;84.0;91.0
2021-10-08 20:00:00;53.5;0.0;30.0;0.0;50.0;30.0;81.0;85.0
2021-10-08 21:00:00;51.0;0.0;20.0;0.0;30.0;10.0;92.0;95.0
2021-10-08 22:00:00;50.2;0.0;30.0;0.0;60.0;20.0;94.0;98.0
2021-10-08 23:00:00;47.6;0.0;30.0;0.0;50.0;20.0;91.0;96.0
2021-10-09 00:00:00;48.3;0.0;20.0;0.0;50.0;20.0;89.0;91.0
2021-10-09 01:00:00;27.1;11.9;30.0;0.0;20.0;20.0;87.0;90.0
2021-10-09 02:00:00;11.7;22.0;20.0;0.0;30.0;10.0;73.0;74.0
2021-10-09 03:00:00;31.9;2.5;20.0;0.0;30.0;10.0;79.0;81.0
2021-10-09 04:00:00;30.4;3.4;20.0;0.0;80.0;10.0;60.0;62.0
2021-10-09 05:00:00;22.7;8.1;20.0;0.0;40.0;10.0;78.0;81.0
2021-10-09 06:00:00;18.3;8.0;30.0;0.0;60.0;20.0;80.0;83.0
2021-10-09 07:00:00;20.4;3.4;40.0;0.0;90.0;20.0;97.0;102.0
2021-10-09 08:00:00;19.3;6.1;50.0;0.0;110.0;20.0;99.0;117.0
2021-10-09 09:00:00;21.6;11.1;40.0;0.0;110.0;20.0;105.0;142.0
2021-10-09 10:00:00;23.5;13.4;50.0;0.0;100.0;30.0;105.0;147.0
2021-10-09 11:00:00;26.7;16.2;60.0;0.0;100.0;30.0;107.0;154.0
2021-10-09 12:00:00;25.4;25.0;60.0;0.0;80.0;30.0;100.0;162.0
2021-10-09 13:00:00;23.3;33.2;50.0;0.0;90.0;30.0;102.0;161.0
2021-10-09 14:00:00;23.5;39.4;50.0;0.0;100.0;30.0;100.0;161.0
2021-10-09 15:00:00;23.5;43.5;40.0;0.0;80.0;30.0;106.0;149.0
2021-10-09 16:00:00;26.0;43.3;40.0;0.0;60.0;20.0;93.0;120.0
2021-10-09 17:00:00;29.2;32.0;30.0;0.0;90.0;20.0;100.0;114.0
2021-10-09 18:00:00;33.6;21.8;20.0;0.0;20.0;10.0;92.0;98.0
2021-10-09 19:00:00;38.4;12.2;20.0;0.0;0.0;10.0;87.0;92.0
2021-10-09 20:00:00;40.7;8.7;20.0;0.0;0.0;10.0;71.0;74.0
2021-10-09 21:00:00;38.4;10.2;20.0;0.0;350.0;10.0;79.0;80.0
2021-10-09 22:00:00;33.2;11.3;20.0;0.0;0.0;10.0;57.0;58.0
2021-10-09 23:00:00;40.9;2.1;10.0;0.0;0.0;0.0;54.0;56.0
2021-10-10 00:00:00;38.4;0.2;10.0;0.0;0.0;0.0;50.0;50.0
2021-10-10 01:00:00;38.0;0.0;10.0;0.0;0.0;0.0;41.0;43.0
2021-10-10 02:00:00;33.2;0.0;10.0;0.0;320.0;0.0;40.0;41.0
2021-10-10 03:00:00;32.5;0.0;10.0;0.0;0.0;0.0;41.0;42.0
2021-10-10 04:00:00;30.2;0.0;10.0;0.0;0.0;0.0;43.0;44.0
2021-10-10 05:00:00;27.3;0.0;20.0;0.0;0.0;10.0;50.0;52.0
2021-10-10 06:00:00;26.2;0.0;10.0;0.0;0.0;10.0;60.0;63.0
2021-10-10 07:00:00;28.5;0.0;10.0;0.0;0.0;0.0;85.0;88.0
2021-10-10 08:00:00;29.6;0.0;10.0;0.0;0.0;0.0;107.0;113.0
2021-10-10 09:00:00;36.5;0.0;10.0;0.0;290.0;10.0;116.0;136.0
2021-10-10 10:00:00;41.6;0.4;20.0;0.0;290.0;10.0;126.0;165.0
2021-10-10 11:00:00;48.3;8.1;40.0;0.0;340.0;20.0;103.0;160.0
2021-10-10 12:00:00;21.4;39.5;50.0;0.0;340.0;20.0;104.0;157.0
2021-10-10 13:00:00;16.8;65.5;50.0;0.0;290.0;20.0;105.0;164.0
2021-10-10 14:00:00;15.1;66.5;50.0;0.0;330.0;20.0;110.0;162.0
2021-10-10 15:00:00;13.8;69.0;40.0;0.0;300.0;20.0;118.0;158.0
2021-10-10 16:00:00;28.5;54.9;30.0;0.0;260.0;20.0;114.0;141.0
2021-10-10 17:00:00;35.3;44.0;40.0;0.0;280.0;10.0;131.0;140.0
2021-10-10 18:00:00;61.1;18.8;40.0;6.0;320.0;20.0;135.0;137.0
2021-10-10 19:00:00;33.2;32.3;80.0;2.0;330.0;30.0;124.0;140.0
2021-10-10 20:00:00;15.1;37.8;50.0;0.0;330.0;30.0;117.0;138.0
2021-10-10 21:00:00;13.2;43.0;50.0;0.0;310.0;30.0;100.0;115.0
2021-10-10 22:00:00;18.1;42.1;30.0;0.0;290.0;20.0;99.0;110.0
2021-10-10 23:00:00;19.1;43.6;40.0;0.0;280.0;10.0;107.0;113.0
2021-10-11 00:00:00;14.9;46.7;30.0;0.0;320.0;20.0;87.0;106.0
2021-10-11 01:00:00;12.2;48.2;30.0;0.0;310.0;20.0;77.0;94.0
2021-10-11 02:00:00;14.3;46.9;30.0;0.0;300.0;20.0;66.0;77.0
2021-10-11 03:00:00;12.8;48.3;20.0;0.0;180.0;10.0;79.0;85.0
2021-10-11 04:00:00;29.2;32.2;20.0;0.0;250.0;20.0;95.0;107.0
2021-10-11 05:00:00;40.5;23.2;30.0;0.0;260.0;20.0;95.0;115.0
2021-10-11 06:00:00;43.5;21.9;30.0;0.0;270.0;20.0;93.0;109.0
2021-10-11 07:00:00;43.4;23.6;30.0;0.0;320.0;10.0;95.0;117.0
2021-10-11 08:00:00;42.6;25.4;60.0;0.0;310.0;20.0;110.0;156.0
2021-10-11 09:00:00;23.9;42.9;80.0;1.0;320.0;40.0;106.0;147.0
2021-10-11 10:00:00;22.5;41.0;80.0;0.0;330.0;40.0;102.0;153.0
2021-10-11 11:00:00;21.8;39.2;80.0;0.0;320.0;40.0;101.0;151.0
2021-10-11 12:00:00;15.5;47.4;70.0;0.0;350.0;40.0;93.0;155.0
2021-10-11 13:00:00;15.3;52.7;80.0;0.0;320.0;50.0;97.0;158.0
2021-10-11 14:00:00;18.3;52.4;90.0;0.0;310.0;50.0;96.0;155.0
2021-10-11 15:00:00;19.1;52.9;90.0;0.0;320.0;50.0;97.0;141.0
2021-10-11 16:00:00;20.2;51.2;80.0;0.0;340.0;40.0;100.0;123.0
2021-10-11 17:00:00;25.2;45.7;70.0;0.0;290.0;20.0;94.0;113.0
2021-10-11 18:00:00;21.0;46.2;50.0;0.0;290.0;30.0;86.0;109.0
2021-10-11 19:00:00;28.7;38.4;40.0;0.0;290.0;20.0;88.0;109.0
2021-10-11 20:00:00;27.1;42.7;40.0;0.0;290.0;20.0;83.0;110.0
2021-10-11 21:00:00;21.6;47.2;40.0;0.0;260.0;20.0;83.0;116.0
2021-10-11 22:00:00;20.4;51.5;40.0;0.0;260.0;20.0;83.0;116.0
2021-10-11 23:00:00;10.5;60.2;30.0;0.0;250.0;20.0;84.0;111.0
2021-10-12 00:00:00;11.1;59.7;70.0;9.0;310.0;20.0;98.0;107.0
2021-10-12 01:00:00;19.1;50.2;30.0;9.0;190.0;10.0;100.0;104.0
2021-10-12 02:00:00;19.9;39.7;40.0;5.0;250.0;20.0;103.0;109.0
2021-10-12 03:00:00;16.6;34.4;60.0;10.0;250.0;30.0;108.0;112.0
2021-10-12 04:00:00;30.6;21.7;50.0;5.0;290.0;20.0;105.0;120.0
2021-10-12 05:00:00;44.7;11.9;70.0;4.0;290.0;40.0;104.0;125.0
2021-10-12 06:00:00;43.7;13.9;80.0;5.0;290.0;40.0;112.0;128.0
2021-10-12 07:00:00;39.2;18.0;80.0;2.0;300.0;30.0;116.0;138.0
2021-10-12 08:00:00;36.3;20.4;100.0;0.0;300.0;50.0;113.0;144.0
2021-10-12 09:00:00;25.6;27.8;90.0;2.0;300.0;50.0;124.0;151.0
2021-10-12 10:00:00;22.5;34.5;110.0;5.0;320.0;50.0;120.0;139.0
2021-10-12 11:00:00;16.4;42.6;90.0;4.0;360.0;50.0;117.0;132.0
2021-10-12 12:00:00;22.7;37.7;80.0;2.0;350.0;30.0;111.0;140.0
2021-10-12 13:00:00;26.2;30.9;100.0;0.0;10.0;60.0;84.0;139.0
2021-10-12 14:00:00;23.1;36.1;100.0;0.0;360.0;60.0;61.0;133.0
2021-10-12 15:00:00;19.7;51.0;90.0;0.0;360.0;50.0;48.0;122.0
2021-10-12 16:00:00;20.2;59.6;70.0;0.0;340.0;30.0;54.0;105.0
2021-10-12 17:00:00;31.3;50.8;40.0;0.0;360.0;20.0;51.0;100.0
2021-10-12 18:00:00;30.6;49.2;20.0;0.0;290.0;10.0;54.0;84.0
2021-10-12 19:00:00;57.9;21.7;20.0;0.0;290.0;10.0;65.0;85.0
2021-10-12 20:00:00;52.3;22.9;40.0;0.0;30.0;10.0;73.0;87.0
2021-10-12 21:00:00;41.4;28.5;40.0;7.0;260.0;10.0;77.0;92.0
2021-10-12 22:00:00;37.2;27.2;20.0;0.0;260.0;10.0;72.0;76.0
2021-10-12 23:00:00;37.2;27.2;20.0;2.0;0.0;10.0;75.0;81.0
2021-10-13 00:00:00;26.4;32.2;30.0;1.0;290.0;20.0;79.0;82.0
2021-10-13 01:00:00;31.5;18.4;30.0;4.0;250.0;20.0;84.0;89.0
2021-10-13 02:00:00;34.0;19.7;20.0;0.0;230.0;10.0;80.0;84.0
2021-10-13 03:00:00;34.6;25.1;20.0;0.0;300.0;10.0;73.0;77.0
2021-10-13 04:00:00;41.8;12.6;20.0;0.0;210.0;10.0;73.0;76.0
2021-10-13 05:00:00;39.3;6.0;20.0;0.0;210.0;10.0;73.0;76.0
2021-10-13 06:00:00;48.5;1.3;30.0;0.0;250.0;20.0;90.0;99.0
2021-10-13 07:00:00;51.8;0.8;20.0;0.0;240.0;10.0;97.0;116.0
2021-10-13 08:00:00;55.0;3.1;20.0;0.0;240.0;10.0;91.0;131.0
2021-10-13 09:00:00;59.2;12.3;30.0;0.0;240.0;10.0;95.0;140.0
2021-10-13 10:00:00;59.2;12.3;70.0;0.0;320.0;30.0;92.0;152.0
2021-10-13 11:00:00;59.2;55.3;70.0;0.0;300.0;40.0;76.0;149.0
2021-10-13 12:00:00;59.2;62.3;70.0;0.0;280.0;40.0;72.0;143.0
2021-10-13 13:00:00;59.2;66.0;70.0;0.0;280.0;40.0;77.0;137.0
2021-10-13 14:00:00;30.6;54.3;70.0;0.0;280.0;40.0;75.0;132.0
2021-10-13 15:00:00;22.5;62.6;60.0;0.0;260.0;30.0;76.0;126.0
2021-10-13 16:00:00;19.9;65.9;50.0;0.0;250.0;30.0;79.0;118.0
2021-10-13 17:00:00;23.9;59.0;40.0;0.0;230.0;30.0;81.0;115.0
2021-10-13 18:00:00;22.3;62.1;60.0;0.0;240.0;30.0;84.0;121.0
2021-10-13 19:00:00;19.5;62.1;50.0;0.0;230.0;30.0;90.0;122.0
2021-10-13 20:00:00;24.1;57.2;50.0;0.0;230.0;40.0;95.0;124.0
2021-10-13 21:00:00;22.0;56.7;70.0;7.0;230.0;40.0;113.0;118.0
2021-10-13 22:00:00;20.6;51.8;50.0;5.0;210.0;30.0;123.0;125.0
2021-10-13 23:00:00;18.9;41.1;40.0;0.0;200.0;30.0;124.0;126.0
2021-10-14 00:00:00;14.7;34.6;50.0;6.0;210.0;30.0;131.0;134.0
2021-10-14 01:00:00;18.7;24.2;50.0;2.0;190.0;30.0;125.0;128.0
2021-10-14 02:00:00;25.0;14.8;40.0;0.0;200.0;30.0;128.0;132.0
2021-10-14 03:00:00;31.7;9.2;50.0;0.0;240.0;30.0;133.0;135.0
2021-10-14 04:00:00;29.6;8.1;40.0;0.0;250.0;20.0;130.0;137.0
2021-10-14 05:00:00;27.5;6.7;30.0;0.0;230.0;20.0;127.0;133.0
2021-10-14 06:00:00;27.7;4.7;40.0;0.0;220.0;30.0;126.0;136.0
2021-10-14 07:00:00;22.9;9.9;60.0;0.0;250.0;30.0;128.0;140.0
2021-10-14 08:00:00;26.0;6.7;70.0;0.0;230.0;40.0;133.0;142.0
2021-10-14 09:00:00;28.3;5.6;70.0;0.0;250.0;40.0;128.0;154.0
2021-10-14 10:00:00;24.1;9.6;70.0;0.0;260.0;40.0;120.0;154.0
2021-10-14 11:00:00;24.6;11.6;80.0;0.0;250.0;50.0;123.0;157.0
2021-10-14 12:00:00;19.1;19.9;90.0;0.0;240.0;50.0;124.0;153.0
2021-10-14 13:00:00;19.9;22.2;100.0;0.0;240.0;70.0;124.0;158.0
2021-10-14 14:00:00;18.0;29.6;100.0;0.0;240.0;60.0;116.0;155.0
2021-10-14 15:00:00;15.3;38.4;110.0;0.0;230.0;70.0;115.0;148.0
2021-10-14 16:00:00;16.4;38.2;90.0;0.0;230.0;50.0;122.0;146.0
2021-10-14 17:00:00;17.0;36.4;110.0;0.0;220.0;60.0;122.0;146.0
2021-10-14 18:00:00;21.2;33.7;100.0;0.0;220.0;60.0;122.0;142.0
2021-10-14 19:00:00;20.4;28.1;100.0;0.0;230.0;50.0;126.0;144.0
2021-10-14 20:00:00;19.9;30.4;90.0;0.0;210.0;50.0;121.0;141.0
2021-10-14 21:00:00;14.5;39.3;100.0;0.0;220.0;60.0;120.0;140.0
2021-10-14 22:00:00;13.9;41.0;110.0;0.0;220.0;70.0;118.0;138.0
2021-10-14 23:00:00;10.9;45.5;110.0;0.0;220.0;70.0;119.0;138.0
2021-10-15 00:00:00;13.0;43.3;100.0;0.0;220.0;60.0;121.0;138.0
2021-10-15 01:00:00;14.7;39.4;100.0;0.0;220.0;60.0;122.0;137.0
2021-10-15 02:00:00;12.0;39.9;80.0;0.0;220.0;50.0;123.0;137.0
2021-10-15 03:00:00;12.6;36.6;90.0;0.0;260.0;50.0;114.0;147.0
2021-10-15 04:00:00;14.5;32.2;110.0;0.0;270.0;60.0;113.0;146.0
2021-10-15 05:00:00;15.5;42.7;120.0;3.0;280.0;60.0;121.0;136.0
2021-10-15 06:00:00;33.2;30.7;100.0;10.0;350.0;60.0;109.0;120.0
2021-10-15 07:00:00;36.7;33.7;90.0;6.0;330.0;30.0;102.0;120.0
2021-10-15 08:00:00;33.8;43.8;70.0;0.0;340.0;30.0;95.0;132.0
2021-10-15 09:00:00;43.2;32.0;70.0;0.0;330.0;40.0;75.0;146.0
2021-10-15 10:00:00;27.5;51.2;80.0;0.0;350.0;50.0;77.0;141.0
2021-10-15 11:00:00;17.8;70.4;90.0;0.0;360.0;50.0;72.0;142.0
2021-10-15 12:00:00;15.7;68.9;90.0;0.0;360.0;50.0;57.0;144.0
2021-10-15 13:00:00;15.7;63.2;80.0;0.0;350.0;40.0;67.0;146.0
2021-10-15 14:00:00;16.0;64.4;80.0;0.0;350.0;40.0;54.0;136.0
2021-10-15 15:00:00;18.0;62.1;60.0;0.0;340.0;30.0;63.0;118.0
2021-10-15 16:00:00;24.1;55.0;30.0;0.0;330.0;20.0;61.0;99.0
2021-10-15 17:00:00;30.8;46.5;20.0;0.0;300.0;10.0;57.0;81.0
2021-10-15 18:00:00;48.9;24.9;10.0;0.0;0.0;0.0;64.0;78.0
2021-10-15 19:00:00;61.7;11.6;10.0;0.0;220.0;10.0;70.0;77.0
2021-10-15 20:00:00;70.3;4.5;10.0;0.0;240.0;0.0;71.0;80.0
2021-10-15 21:00:00;50.2;15.6;20.0;0.0;60.0;10.0;73.0;79.0
2021-10-15 22:00:00;44.1;18.5;10.0;0.0;200.0;10.0;71.0;76.0
2021-10-15 23:00:00;46.2;7.1;10.0;0.0;0.0;0.0;75.0;83.0
2021-10-16 00:00:00;49.1;0.2;10.0;0.0;180.0;10.0;79.0;88.0
2021-10-16 01:00:00;45.5;0.0;10.0;0.0;190.0;10.0;82.0;93.0
2021-10-16 02:00:00;42.8;0.0;20.0;0.0;200.0;10.0;71.0;79.0
2021-10-16 03:00:00;44.7;3.2;20.0;0.0;220.0;10.0;65.0;70.0
2021-10-16 04:00:00;30.4;25.1;10.0;0.0;0.0;10.0;63.0;67.0
2021-10-16 05:00:00;36.5;12.1;30.0;0.0;180.0;10.0;68.0;88.0
2021-10-16 06:00:00;36.5;13.6;30.0;0.0;170.0;10.0;79.0;95.0
2021-10-16 07:00:00;43.7;4.3;40.0;0.0;190.0;30.0;82.0;107.0
2021-10-16 08:00:00;47.6;2.7;40.0;0.0;200.0;30.0;81.0;109.0
2021-10-16 09:00:00;42.6;10.5;30.0;0.0;170.0;20.0;84.0;116.0
2021-10-16 10:00:00;38.2;18.8;70.0;0.0;180.0;30.0;77.0;127.0
2021-10-16 11:00:00;33.0;23.4;70.0;0.0;200.0;30.0;71.0;134.0
2021-10-16 12:00:00;24.4;41.8;60.0;0.0;210.0;40.0;68.0;142.0
2021-10-16 13:00:00;20.4;50.8;70.0;0.0;220.0;50.0;53.0;134.0
2021-10-16 14:00:00;17.0;59.0;80.0;0.0;200.0;40.0;52.0;132.0
2021-10-16 15:00:00;15.3;66.8;60.0;0.0;240.0;40.0;58.0;126.0
2021-10-16 16:00:00;17.0;62.0;50.0;0.0;210.0;30.0;51.0;109.0
2021-10-16 17:00:00;33.4;39.1;60.0;0.0;200.0;30.0;50.0;95.0
2021-10-16 18:00:00;33.6;38.9;40.0;0.0;200.0;20.0;49.0;85.0
2021-10-16 19:00:00;45.3;22.8;40.0;0.0;190.0;20.0;60.0;101.0
2021-10-16 20:00:00;30.2;40.7;50.0;0.0;190.0;30.0;60.0;106.0
2021-10-16 21:00:00;25.8;37.6;40.0;0.0;190.0;30.0;61.0;104.0
2021-10-16 22:00:00;23.7;37.5;40.0;0.0;190.0;30.0;63.0;105.0
2021-10-16 23:00:00;26.9;33.1;40.0;0.0;190.0;30.0;65.0;104.0
2021-10-17 00:00:00;31.5;26.9;50.0;0.0;190.0;30.0;68.0;106.0
2021-10-17 01:00:00;29.4;27.1;50.0;0.0;190.0;30.0;66.0;107.0
2021-10-17 02:00:00;40.5;18.4;50.0;0.0;190.0;30.0;65.0;106.0
2021-10-17 03:00:00;30.9;25.5;50.0;0.0;190.0;40.0;66.0;106.0
2021-10-17 04:00:00;25.0;28.4;60.0;0.0;190.0;40.0;64.0;109.0
2021-10-17 05:00:00;22.7;30.7;80.0;0.0;190.0;40.0;65.0;111.0
2021-10-17 06:00:00;28.8;23.1;80.0;0.0;190.0;40.0;68.0;112.0
2021-10-17 07:00:00;21.4;31.4;70.0;0.0;190.0;40.0;71.0;115.0
2021-10-17 08:00:00;20.6;35.8;80.0;0.0;190.0;50.0;76.0;125.0
2021-10-17 09:00:00;13.0;44.2;80.0;0.0;190.0;50.0;77.0;131.0
2021-10-17 10:00:00;12.2;46.7;90.0;0.0;180.0;50.0;78.0;133.0
2021-10-17 11:00:00;14.1;50.4;90.0;0.0;180.0;50.0;81.0;132.0
2021-10-17 12:00:00;14.7;48.4;80.0;0.0;180.0;50.0;74.0;134.0
2021-10-17 13:00:00;15.5;46.8;80.0;0.0;190.0;40.0;81.0;140.0
2021-10-17 14:00:00;17.0;49.6;70.0;0.0;190.0;40.0;75.0;138.0
2021-10-17 15:00:00;16.2;53.0;70.0;0.0;190.0;40.0;80.0;133.0
2021-10-17 16:00:00;20.1;46.9;80.0;0.0;180.0;40.0;81.0;130.0
2021-10-17 17:00:00;26.9;35.9;80.0;0.0;180.0;40.0;76.0;130.0
2021-10-17 18:00:00;29.4;33.3;90.0;0.0;180.0;40.0;71.0;120.0
2021-10-17 19:00:00;26.0;37.8;50.0;0.0;170.0;30.0;73.0;110.0
2021-10-17 20:00:00;33.6;30.8;50.0;0.0;180.0;30.0;77.0;120.0
2021-10-17 21:00:00;36.5;20.9;60.0;0.0;180.0;40.0;79.0;121.0
2021-10-17 22:00:00;33.2;22.7;50.0;0.0;190.0;30.0;79.0;122.0
2021-10-17 23:00:00;28.3;26.4;60.0;0.0;190.0;40.0;78.0;117.0
2021-10-18 00:00:00;27.7;24.9;60.0;0.0;190.0;40.0;76.0;118.0
2021-10-18 01:00:00;26.7;25.2;60.0;0.0;180.0;40.0;71.0;109.0
2021-10-18 02:00:00;23.9;23.6;60.0;0.0;170.0;40.0;70.0;92.0
2021-10-18 03:00:00;20.4;22.3;50.0;0.0;160.0;30.0;70.0;92.0
2021-10-18 04:00:00;22.9;18.0;50.0;0.0;160.0;40.0;67.0;88.0
2021-10-18 05:00:00;37.4;5.4;80.0;0.0;160.0;30.0;65.0;87.0
2021-10-18 06:00:00;39.0;0.5;60.0;0.0;170.0;40.0;67.0;91.0
2021-10-18 07:00:00;34.8;2.1;60.0;0.0;170.0;40.0;71.0;97.0
2021-10-18 08:00:00;27.1;6.5;60.0;0.0;170.0;40.0;73.0;104.0
2021-10-18 09:00:00;27.7;7.9;70.0;0.0;160.0;50.0;75.0;112.0
2021-10-18 10:00:00;28.1;12.5;90.0;0.0;160.0;40.0;81.0;124.0
2021-10-18 11:00:00;27.9;15.9;100.0;0.0;160.0;50.0;84.0;132.0
2021-10-18 12:00:00;28.8;16.3;90.0;0.0;170.0;50.0;91.0;141.0
2021-10-18 13:00:00;27.9;19.6;80.0;0.0;170.0;40.0;97.0;144.0
2021-10-18 14:00:00;30.0;23.2;60.0;0.0;150.0;40.0;106.0;151.0
2021-10-18 15:00:00;32.1;23.0;60.0;0.0;160.0;40.0;108.0;152.0
2021-10-18 16:00:00;32.9;21.4;80.0;0.0;160.0;40.0;109.0;147.0
2021-10-18 17:00:00;41.4;12.2;70.0;0.0;170.0;40.0;109.0;146.0
2021-10-18 18:00:00;32.5;15.9;60.0;0.0;180.0;40.0;111.0;146.0
2021-10-18 19:00:00;30.9;16.9;70.0;0.0;190.0;40.0;114.0;146.0
2021-10-18 20:00:00;23.3;23.4;70.0;0.0;180.0;40.0;117.0;146.0
2021-10-18 21:00:00;19.1;23.0;60.0;0.0;180.0;40.0;120.0;146.0
2021-10-18 22:00:00;20.1;19.5;70.0;0.0;190.0;40.0;123.0;145.0
2021-10-18 23:00:00;15.1;20.5;70.0;0.0;190.0;40.0;128.0;148.0
2021-10-19 00:00:00;13.6;21.7;60.0;6.0;180.0;40.0;137.0;143.0
2021-10-19 01:00:00;16.2;18.6;80.0;7.0;190.0;40.0;143.0;147.0
2021-10-19 02:00:00;9.2;23.7;80.0;0.0;190.0;50.0;144.0;148.0
2021-10-19 03:00:00;6.5;23.4;90.0;10.0;190.0;50.0;146.0;149.0
2021-10-19 04:00:00;6.5;22.9;70.0;10.0;190.0;50.0;150.0;151.0
2021-10-19 05:00:00;8.2;20.2;90.0;0.0;190.0;50.0;150.0;153.0
2021-10-19 06:00:00;13.9;13.7;70.0;6.0;190.0;50.0;153.0;156.0
2021-10-19 07:00:00;17.6;9.4;70.0;10.0;200.0;50.0;161.0;162.0
2021-10-19 08:00:00;13.8;10.4;100.0;7.0;200.0;60.0;164.0;167.0
2021-10-19 09:00:00;11.7;10.7;100.0;1.0;210.0;70.0;170.0;174.0
2021-10-19 10:00:00;8.8;11.6;110.0;8.0;210.0;70.0;172.0;177.0
2021-10-19 11:00:00;10.1;11.4;130.0;2.0;230.0;80.0;165.0;182.0
2021-10-19 12:00:00;9.2;14.3;140.0;0.0;230.0;90.0;158.0;191.0
2021-10-19 13:00:00;5.5;24.6;150.0;0.0;220.0;90.0;150.0;192.0
2021-10-19 14:00:00;3.6;32.2;140.0;0.0;210.0;80.0;152.0;193.0
2021-10-19 15:00:00;7.6;30.7;110.0;0.0;200.0;60.0;161.0;187.0
2021-10-19 16:00:00;13.4;19.1;100.0;0.0;190.0;60.0;159.0;182.0
2021-10-19 17:00:00;14.5;14.1;120.0;0.0;190.0;60.0;154.0;178.0
2021-10-19 18:00:00;10.5;17.1;130.0;0.0;200.0;80.0;149.0;176.0
2021-10-19 19:00:00;10.3;22.5;130.0;0.0;200.0;70.0;147.0;172.0
2021-10-19 20:00:00;8.2;28.1;110.0;0.0;210.0;70.0;145.0;176.0
2021-10-19 21:00:00;11.8;28.1;110.0;0.0;200.0;70.0;140.0;167.0
2021-10-19 22:00:00;13.6;29.1;110.0;0.0;190.0;60.0;135.0;166.0
2021-10-19 23:00:00;11.7;32.9;100.0;0.0;190.0;50.0;128.0;162.0
2021-10-20 00:00:00;10.7;34.2;120.0;0.0;200.0;60.0;123.0;165.0
2021-10-20 01:00:00;7.8;39.8;110.0;0.0;200.0;70.0;119.0;164.0
2021-10-20 02:00:00;8.6;39.3;110.0;0.0;200.0;60.0;118.0;164.0
2021-10-20 03:00:00;6.7;40.8;120.0;0.0;200.0;70.0;120.0;165.0
2021-10-20 04:00:00;9.4;38.7;120.0;0.0;220.0;80.0;125.0;168.0
2021-10-20 05:00:00;13.8;34.2;140.0;0.0;200.0;80.0;128.0;165.0
2021-10-20 06:00:00;9.9;36.2;110.0;6.0;190.0;70.0;135.0;151.0
2021-10-20 07:00:00;14.5;28.8;130.0;2.0;190.0;70.0;139.0;156.0
2021-10-20 08:00:00;13.8;26.5;160.0;0.0;210.0;90.0;142.0;165.0
2021-10-20 09:00:00;9.7;29.9;170.0;0.0;210.0;100.0;143.0;169.0
2021-10-20 10:00:00;8.4;33.3;160.0;0.0;220.0;100.0;143.0;172.0
2021-10-20 11:00:00;8.8;33.4;170.0;0.0;220.0;100.0;144.0;174.0
2021-10-20 12:00:00;8.8;33.3;170.0;0.0;220.0;110.0;138.0;174.0
2021-10-20 13:00:00;6.3;41.8;140.0;0.0;220.0;90.0;139.0;176.0
2021-10-20 14:00:00;8.4;39.2;140.0;0.0;220.0;90.0;139.0;170.0
2021-10-20 15:00:00;11.3;35.4;150.0;4.0;240.0;80.0;126.0;144.0
2021-10-20 16:00:00;8.6;44.8;160.0;2.0;240.0;90.0;129.0;153.0
2021-10-20 17:00:00;3.8;55.7;150.0;0.0;230.0;80.0;121.0;157.0
2021-10-20 18:00:00;6.1;49.1;130.0;0.0;230.0;80.0;114.0;149.0
2021-10-20 19:00:00;6.7;51.8;100.0;0.0;220.0;70.0;114.0;146.0
2021-10-20 20:00:00;5.0;56.7;100.0;3.0;180.0;60.0;121.0;140.0
2021-10-20 21:00:00;7.4;52.9;50.0;3.0;120.0;30.0;122.0;131.0
2021-10-20 22:00:00;7.3;39.2;100.0;8.0;170.0;30.0;126.0;137.0
2021-10-20 23:00:00;8.6;36.0;150.0;10.0;190.0;50.0;114.0;125.0
2021-10-21 00:00:00;6.5;41.5;180.0;8.0;230.0;80.0;104.0;126.0
2021-10-21 01:00:00;-0.8;70.8;200.0;3.0;220.0;110.0;89.0;115.0
2021-10-21 02:00:00;-1.3;86.7;180.0;8.0;210.0;80.0;96.0;117.0
2021-10-21 03:00:00;1.3;76.1;150.0;7.0;220.0;80.0;102.0;114.0
2021-10-21 04:00:00;3.2;67.5;220.0;9.0;310.0;90.0;91.0;110.0
2021-10-21 05:00:00;13.4;59.1;170.0;4.0;290.0;90.0;63.0;122.0
2021-10-21 06:00:00;17.6;52.7;180.0;1.0;270.0;100.0;54.0;112.0
2021-10-21 07:00:00;18.3;51.3;160.0;2.0;260.0;90.0;76.0;108.0
2021-10-21 08:00:00;17.6;54.5;160.0;7.0;250.0;90.0;82.0;113.0
2021-10-21 09:00:00;13.2;51.7;160.0;1.0;260.0;100.0;71.0;117.0
2021-10-21 10:00:00;11.1;55.6;190.0;4.0;290.0;90.0;78.0;95.0
2021-10-21 11:00:00;13.6;64.6;110.0;6.0;280.0;40.0;73.0;109.0
2021-10-21 12:00:00;32.3;46.1;90.0;0.0;310.0;50.0;73.0;117.0
2021-10-21 13:00:00;23.7;51.7;160.0;1.0;320.0;70.0;49.0;109.0
2021-10-21 14:00:00;23.7;51.0;130.0;0.0;310.0;70.0;40.0;114.0
2021-10-21 15:00:00;24.1;55.3;140.0;0.0;300.0;70.0;41.0;107.0
2021-10-21 16:00:00;24.6;59.5;130.0;0.0;310.0;60.0;30.0;103.0
2021-10-21 17:00:00;18.9;63.4;120.0;0.0;310.0;60.0;44.0;99.0
2021-10-21 18:00:00;26.0;53.8;130.0;0.0;270.0;50.0;50.0;86.0
2021-10-21 19:00:00;18.3;62.9;120.0;2.0;310.0;40.0;45.0;89.0
2021-10-21 20:00:00;18.1;58.3;90.0;2.0;280.0;30.0;54.0;80.0
2021-10-21 21:00:00;29.6;43.3;80.0;0.0;270.0;40.0;38.0;87.0
2021-10-21 22:00:00;41.8;29.1;70.0;0.0;260.0;40.0;33.0;88.0
2021-10-21 23:00:00;28.1;41.5;70.0;0.0;250.0;40.0;28.0;90.0
2021-10-22 00:00:00;21.2;48.5;80.0;0.0;250.0;40.0;29.0;85.0
2021-10-22 01:00:00;9.2;60.0;90.0;0.0;250.0;50.0;40.0;98.0
2021-10-22 02:00:00;6.7;64.8;100.0;0.0;260.0;60.0;51.0;104.0
2021-10-22 03:00:00;11.3;61.2;120.0;0.0;250.0;70.0;57.0;106.0
2021-10-22 04:00:00;4.2;68.0;130.0;0.0;270.0;80.0;53.0;107.0
2021-10-22 05:00:00;12.4;58.8;130.0;3.0;260.0;70.0;46.0;106.0
2021-10-22 06:00:00;12.0;63.8;140.0;0.0;260.0;80.0;49.0;105.0
2021-10-22 07:00:00;18.7;67.1;140.0;0.0;260.0;80.0;54.0;111.0
2021-10-22 08:00:00;13.0;76.4;150.0;0.0;260.0;90.0;61.0;115.0
2021-10-22 09:00:00;16.4;70.0;160.0;0.0;270.0;100.0;69.0;119.0
2021-10-22 10:00:00;15.9;67.3;160.0;0.0;260.0;90.0;72.0;120.0
2021-10-22 11:00:00;16.2;65.1;140.0;0.0;280.0;80.0;74.0;125.0
2021-10-22 12:00:00;14.3;64.2;150.0;0.0;280.0;90.0;76.0;131.0
2021-10-22 13:00:00;23.1;54.9;140.0;0.0;280.0;80.0;80.0;117.0
2021-10-22 14:00:00;23.3;57.1;140.0;10.0;310.0;60.0;87.0;108.0
2021-10-22 15:00:00;30.9;46.9;90.0;0.0;340.0;50.0;78.0;107.0
2021-10-22 16:00:00;34.6;41.9;80.0;0.0;310.0;40.0;64.0;94.0
2021-10-22 17:00:00;28.1;51.3;40.0;0.0;280.0;20.0;58.0;84.0
2021-10-22 18:00:00;30.8;50.1;60.0;0.0;350.0;20.0;64.0;91.0
2021-10-22 19:00:00;30.4;49.3;40.0;0.0;230.0;10.0;58.0;67.0
2021-10-22 20:00:00;33.4;43.6;30.0;0.0;220.0;20.0;60.0;71.0
2021-10-22 21:00:00;45.8;26.3;30.0;0.0;250.0;20.0;61.0;74.0
2021-10-22 22:00:00;32.7;44.6;30.0;0.0;290.0;20.0;64.0;83.0
2021-10-22 23:00:00;28.7;50.4;50.0;0.0;280.0;20.0;46.0;81.0
2021-10-23 00:00:00;24.8;57.4;30.0;0.0;220.0;20.0;47.0;62.0
2021-10-23 01:00:00;18.5;61.0;20.0;0.0;190.0;10.0;42.0;52.0
2021-10-23 02:00:00;34.2;40.0;10.0;0.0;180.0;10.0;46.0;50.0
2021-10-23 03:00:00;39.2;24.2;20.0;0.0;180.0;10.0;43.0;47.0
2021-10-23 04:00:00;44.5;6.7;20.0;0.0;190.0;10.0;45.0;50.0
2021-10-23 05:00:00;34.8;10.7;50.0;0.0;180.0;20.0;67.0;73.0
2021-10-23 06:00:00;31.3;7.3;40.0;0.0;180.0;20.0;82.0;88.0
2021-10-23 07:00:00;29.4;12.8;50.0;0.0;190.0;30.0;87.0;101.0
2021-10-23 08:00:00;32.1;14.1;60.0;0.0;200.0;40.0;86.0;106.0
2021-10-23 09:00:00;35.7;12.3;60.0;0.0;190.0;40.0;87.0;113.0
2021-10-23 10:00:00;32.5;17.4;70.0;0.0;190.0;40.0;90.0;117.0
2021-10-23 11:00:00;35.7;20.7;80.0;0.0;190.0;40.0;91.0;121.0
2021-10-23 12:00:00;21.8;34.7;60.0;0.0;180.0;40.0;95.0;120.0
2021-10-23 13:00:00;29.4;24.0;50.0;0.0;190.0;30.0;99.0;123.0
2021-10-23 14:00:00;32.5;18.3;40.0;0.0;190.0;20.0;100.0;126.0
2021-10-23 15:00:00;27.5;28.4;30.0;0.0;160.0;20.0;98.0;124.0
2021-10-23 16:00:00;35.7;26.5;50.0;0.0;180.0;20.0;81.0;100.0
2021-10-23 17:00:00;41.1;20.0;50.0;0.0;170.0;10.0;75.0;88.0
2021-10-23 18:00:00;45.3;10.8;50.0;0.0;160.0;30.0;75.0;97.0
2021-10-23 19:00:00;47.8;3.9;50.0;0.0;160.0;30.0;77.0;94.0
2021-10-23 20:00:00;34.4;10.5;70.0;0.0;160.0;30.0;75.0;94.0
2021-10-23 21:00:00;25.8;13.5;50.0;0.0;160.0;30.0;76.0;99.0
2021-10-23 22:00:00;20.6;20.8;50.0;0.0;170.0;40.0;70.0;95.0
2021-10-23 23:00:00;18.9;21.7;40.0;0.0;160.0;30.0;67.0;82.0
2021-10-24 00:00:00;23.1;15.1;40.0;0.0;160.0;30.0;68.0;84.0
2021-10-24 01:00:00;23.9;12.1;30.0;0.0;160.0;30.0;60.0;76.0
2021-10-24 02:00:00;26.5;6.0;40.0;0.0;160.0;30.0;56.0;70.0
2021-10-24 03:00:00;26.4;4.7;50.0;0.0;160.0;30.0;50.0;62.0
2021-10-24 04:00:00;20.4;7.5;50.0;0.0;160.0;40.0;53.0;70.0
2021-10-24 05:00:00;15.9;11.6;80.0;0.0;160.0;40.0;50.0;73.0
2021-10-24 06:00:00;16.8;12.5;60.0;0.0;160.0;40.0;46.0;72.0
2021-10-24 07:00:00;17.8;12.8;60.0;0.0;160.0;40.0;48.0;82.0
2021-10-24 08:00:00;13.6;20.0;60.0;0.0;160.0;40.0;49.0;93.0
2021-10-24 09:00:00;11.3;27.9;70.0;0.0;160.0;50.0;58.0;105.0
2021-10-24 10:00:00;12.8;30.9;70.0;0.0;180.0;40.0;62.0;113.0
2021-10-24 11:00:00;14.3;34.8;70.0;0.0;180.0;40.0;64.0;125.0
2021-10-24 12:00:00;18.3;39.4;80.0;0.0;190.0;50.0;63.0;132.0
2021-10-24 13:00:00;15.9;45.0;70.0;0.0;160.0;50.0;68.0;134.0
2021-10-24 14:00:00;16.0;53.0;90.0;0.0;160.0;50.0;64.0;131.0
2021-10-24 15:00:00;18.5;52.3;90.0;0.0;150.0;50.0;62.0;118.0
2021-10-24 16:00:00;18.9;47.2;70.0;0.0;160.0;40.0;59.0;113.0
2021-10-24 17:00:00;20.6;41.9;80.0;0.0;180.0;40.0;56.0;98.0
2021-10-24 18:00:00;25.2;33.0;60.0;0.0;190.0;40.0;57.0;89.0
2021-10-24 19:00:00;25.0;30.0;50.0;0.0;180.0;30.0;63.0;93.0
2021-10-24 20:00:00;25.2;29.3;60.0;0.0;200.0;40.0;63.0;89.0
2021-10-24 21:00:00;19.5;33.1;70.0;0.0;190.0;40.0;67.0;92.0
2021-10-24 22:00:00;18.7;32.7;60.0;0.0;180.0;40.0;68.0;90.0
2021-10-24 23:00:00;15.5;32.5;60.0;0.0;180.0;40.0;72.0;95.0
2021-10-25 00:00:00;18.0;26.7;70.0;0.0;180.0;40.0;71.0;97.0
2021-10-25 01:00:00;18.1;24.9;80.0;0.0;170.0;50.0;74.0;97.0
2021-10-25 02:00:00;16.2;26.6;80.0;0.0;180.0;50.0;82.0;101.0
2021-10-25 03:00:00;14.5;30.1;70.0;8.0;180.0;50.0;91.0;99.0
2021-10-25 04:00:00;18.9;24.6;80.0;5.0;180.0;50.0;97.0;102.0
2021-10-25 05:00:00;16.4;26.3;100.0;9.0;180.0;50.0;95.0;99.0
2021-10-25 06:00:00;16.6;24.0;80.0;10.0;180.0;40.0;98.0;101.0
2021-10-25 07:00:00;20.8;18.7;60.0;8.0;180.0;40.0;101.0;103.0
2021-10-25 08:00:00;18.3;20.2;70.0;0.0;210.0;40.0;105.0;109.0
2021-10-25 09:00:00;18.7;19.1;60.0;0.0;210.0;40.0;108.0;113.0
2021-10-25 10:00:00;20.4;17.5;80.0;0.0;190.0;40.0;111.0;118.0
2021-10-25 11:00:00;20.1;17.6;70.0;0.0;200.0;40.0;112.0;119.0
2021-10-25 12:00:00;19.9;23.8;90.0;0.0;210.0;40.0;112.0;123.0
2021-10-25 13:00:00;18.7;25.6;90.0;0.0;200.0;50.0;113.0;125.0
2021-10-25 14:00:00;21.8;23.7;80.0;0.0;200.0;50.0;109.0;127.0
2021-10-25 15:00:00;19.1;26.7;70.0;0.0;190.0;40.0;110.0;125.0
2021-10-25 16:00:00;21.0;22.9;80.0;0.0;180.0;50.0;108.0;122.0
2021-10-25 17:00:00;24.4;18.5;90.0;0.0;190.0;50.0;108.0;120.0
2021-10-25 18:00:00;21.8;18.3;90.0;0.0;190.0;50.0;109.0;120.0
2021-10-25 19:00:00;20.4;16.6;80.0;0.0;190.0;50.0;105.0;115.0
2021-10-25 20:00:00;19.7;17.0;90.0;0.0;190.0;50.0;106.0;115.0
2021-10-25 21:00:00;21.2;17.9;90.0;0.0;210.0;50.0;108.0;119.0
2021-10-25 22:00:00;18.3;23.1;80.0;0.0;210.0;50.0;111.0;123.0
2021-10-25 23:00:00;14.3;27.3;90.0;0.0;210.0;50.0;108.0;117.0
2021-10-26 00:00:00;14.5;27.2;70.0;0.0;210.0;50.0;108.0;116.0
2021-10-26 01:00:00;13.6;28.2;60.0;0.0;200.0;40.0;102.0;106.0
2021-10-26 02:00:00;11.1;31.1;50.0;0.0;210.0;30.0;100.0;104.0
2021-10-26 03:00:00;12.0;28.7;60.0;0.0;190.0;30.0;100.0;104.0
2021-10-26 04:00:00;12.2;27.9;50.0;0.0;190.0;40.0;98.0;102.0
2021-10-26 05:00:00;18.1;22.7;50.0;0.0;200.0;30.0;92.0;96.0
2021-10-26 06:00:00;24.3;18.4;60.0;0.0;180.0;40.0;96.0;100.0
2021-10-26 07:00:00;29.0;12.2;60.0;0.0;200.0;40.0;101.0;109.0
2021-10-26 08:00:00;29.0;13.7;70.0;0.0;180.0;40.0;107.0;116.0
2021-10-26 09:00:00;28.1;16.4;90.0;2.0;200.0;50.0;114.0;123.0
2021-10-26 10:00:00;25.0;21.3;90.0;0.0;200.0;50.0;112.0;128.0
2021-10-26 11:00:00;22.3;24.1;110.0;0.0;210.0;70.0;113.0;137.0
2021-10-26 12:00:00;19.1;35.1;120.0;0.0;230.0;80.0;113.0;145.0
2021-10-26 13:00:00;10.1;49.8;130.0;0.0;230.0;80.0;106.0;149.0
2021-10-26 14:00:00;7.8;62.4;130.0;0.0;230.0;70.0;104.0;145.0
2021-10-26 15:00:00;8.0;67.3;110.0;0.0;210.0;60.0;108.0;145.0
2021-10-26 16:00:00;13.9;55.6;110.0;0.0;210.0;70.0;111.0;144.0
2021-10-26 17:00:00;13.6;48.7;140.0;0.0;210.0;80.0;117.0;143.0
2021-10-26 18:00:00;15.5;43.4;120.0;0.0;210.0;70.0;120.0;140.0
2021-10-26 19:00:00;10.7;42.3;120.0;0.0;210.0;70.0;123.0;141.0
2021-10-26 20:00:00;11.8;37.4;110.0;0.0;210.0;70.0;123.0;140.0
2021-10-26 21:00:00;11.1;35.1;110.0;0.0;220.0;70.0;127.0;143.0
2021-10-26 22:00:00;8.0;37.0;100.0;0.0;210.0;60.0;127.0;142.0
2021-10-26 23:00:00;7.3;36.7;110.0;0.0;210.0;70.0;128.0;145.0
2021-10-27 00:00:00;9.2;36.7;110.0;0.0;220.0;70.0;132.0;141.0
2021-10-27 01:00:00;4.8;41.3;110.0;0.0;220.0;70.0;127.0;141.0
2021-10-27 02:00:00;3.4;43.0;120.0;0.0;220.0;70.0;124.0;142.0
2021-10-27 03:00:00;5.9;40.7;110.0;0.0;210.0;70.0;123.0;140.0
2021-10-27 04:00:00;6.5;39.4;110.0;0.0;210.0;60.0;120.0;140.0
2021-10-27 05:00:00;9.0;34.7;100.0;0.0;200.0;60.0;119.0;139.0
2021-10-27 06:00:00;9.2;35.0;100.0;0.0;220.0;60.0;119.0;141.0
2021-10-27 07:00:00;11.8;35.3;110.0;0.0;210.0;60.0;117.0;144.0
2021-10-27 08:00:00;12.2;36.2;90.0;0.0;210.0;60.0;115.0;146.0
2021-10-27 09:00:00;12.2;38.7;110.0;0.0;210.0;60.0;116.0;148.0
2021-10-27 10:00:00;13.8;36.8;110.0;0.0;210.0;70.0;116.0;147.0
2021-10-27 11:00:00;13.2;39.8;110.0;0.0;200.0;60.0;118.0;147.0
2021-10-27 12:00:00;13.0;40.3;110.0;0.0;200.0;70.0;119.0;154.0
2021-10-27 13:00:00;14.1;38.4;110.0;0.0;200.0;70.0;112.0;144.0
2021-10-27 14:00:00;12.2;43.1;110.0;0.0;200.0;70.0;105.0;138.0
2021-10-27 15:00:00;13.8;47.6;100.0;0.0;200.0;60.0;102.0;132.0
2021-10-27 16:00:00;16.6;42.4;100.0;0.0;200.0;50.0;97.0;126.0
2021-10-27 17:00:00;16.0;43.3;100.0;0.0;210.0;60.0;98.0;131.0
2021-10-27 18:00:00;18.3;39.2;90.0;0.0;190.0;50.0;97.0;122.0
2021-10-27 19:00:00;19.1;32.8;60.0;0.0;180.0;40.0;101.0;117.0
2021-10-27 20:00:00;25.0;22.6;70.0;0.0;180.0;40.0;104.0;118.0
2021-10-27 21:00:00;31.9;12.8;70.0;0.0;190.0;40.0;105.0;118.0
2021-10-27 22:00:00;23.9;17.5;80.0;0.0;190.0;50.0;102.0;115.0
2021-10-27 23:00:00;15.1;26.2;70.0;0.0;190.0;40.0;101.0;112.0
2021-10-28 00:00:00;13.2;25.8;70.0;0.0;180.0;40.0;101.0;114.0
2021-10-28 01:00:00;11.7;24.8;80.0;0.0;160.0;40.0;94.0;102.0
2021-10-28 02:00:00;13.0;27.3;50.0;0.0;170.0;40.0;91.0;98.0
2021-10-28 03:00:00;15.5;22.2;50.0;0.0;160.0;30.0;87.0;93.0
2021-10-28 04:00:00;22.5;11.7;50.0;0.0;160.0;30.0;86.0;93.0
2021-10-28 05:00:00;29.4;4.6;80.0;0.0;170.0;40.0;87.0;96.0
2021-10-28 06:00:00;30.8;3.7;70.0;0.0;170.0;40.0;87.0;99.0
2021-10-28 07:00:00;30.9;2.8;70.0;0.0;160.0;50.0;90.0;110.0
2021-10-28 08:00:00;27.9;4.6;90.0;0.0;170.0;60.0;94.0;122.0
2021-10-28 09:00:00;24.1;11.5;90.0;0.0;170.0;60.0;100.0;136.0
2021-10-28 10:00:00;22.9;17.3;90.0;0.0;170.0;60.0;101.0;149.0
2021-10-28 11:00:00;23.9;21.1;100.0;0.0;170.0;60.0;99.0;153.0
2021-10-28 12:00:00;23.1;27.3;100.0;0.0;160.0;60.0;105.0;161.0
2021-10-28 13:00:00;23.9;29.5;100.0;0.0;170.0;70.0;102.0;161.0
2021-10-28 14:00:00;21.6;36.6;100.0;0.0;180.0;60.0;99.0;160.0
2021-10-28 15:00:00;16.2;48.7;90.0;0.0;180.0;60.0;94.0;151.0
2021-10-28 16:00:00;18.3;45.5;70.0;0.0;160.0;50.0;91.0;135.0
2021-10-28 17:00:00;27.7;35.8;70.0;0.0;170.0;40.0;90.0;136.0
2021-10-28 18:00:00;28.7;33.9;70.0;0.0;170.0;50.0;95.0;131.0
2021-10-28 19:00:00;28.8;24.6;90.0;0.0;170.0;60.0;92.0;129.0
2021-10-28 20:00:00;21.2;25.5;80.0;0.0;160.0;60.0;89.0;126.0
2021-10-28 21:00:00;23.9;22.3;90.0;0.0;160.0;60.0;87.0;120.0
2021-10-28 22:00:00;16.4;30.3;80.0;0.0;160.0;50.0;85.0;116.0
2021-10-28 23:00:00;12.2;31.9;80.0;0.0;160.0;50.0;82.0;115.0
2021-10-29 00:00:00;13.2;28.4;90.0;0.0;160.0;60.0;79.0;114.0
2021-10-29 01:00:00;8.8;33.2;90.0;0.0;160.0;60.0;78.0;112.0
2021-10-29 02:00:00;9.4;33.1;90.0;0.0;160.0;60.0;77.0;112.0
2021-10-29 03:00:00;10.7;33.3;90.0;0.0;160.0;60.0;77.0;112.0
2021-10-29 04:00:00;9.4;35.2;90.0;0.0;160.0;60.0;78.0;113.0
2021-10-29 05:00:00;11.7;35.2;100.0;0.0;160.0;70.0;77.0;111.0
2021-10-29 06:00:00;10.9;36.0;120.0;0.0;160.0;70.0;77.0;113.0
2021-10-29 07:00:00;17.2;31.5;90.0;0.0;170.0;60.0;81.0;123.0
2021-10-29 08:00:00;16.2;37.3;110.0;0.0;160.0;70.0;86.0;135.0
2021-10-29 09:00:00;14.9;40.9;110.0;0.0;170.0;70.0;91.0;150.0
2021-10-29 10:00:00;11.7;48.1;130.0;0.0;170.0;80.0;93.0;159.0
2021-10-29 11:00:00;12.6;50.1;130.0;0.0;170.0;80.0;97.0;167.0
2021-10-29 12:00:00;12.2;51.9;150.0;0.0;170.0;80.0;97.0;169.0
2021-10-29 13:00:00;11.1;57.6;130.0;0.0;180.0;80.0;101.0;165.0
2021-10-29 14:00:00;11.8;58.5;150.0;6.0;190.0;80.0;111.0;153.0
2021-10-29 15:00:00;11.1;52.6;140.0;0.0;190.0;80.0;110.0;144.0
2021-10-29 16:00:00;10.7;49.8;140.0;0.0;190.0;80.0;110.0;139.0
2021-10-29 17:00:00;9.9;51.0;110.0;0.0;190.0;70.0;110.0;137.0
2021-10-29 18:00:00;10.1;49.0;110.0;0.0;190.0;60.0;111.0;135.0
2021-10-29 19:00:00;12.8;43.9;90.0;0.0;190.0;50.0;111.0;133.0
2021-10-29 20:00:00;13.6;38.3;80.0;0.0;190.0;50.0;111.0;130.0
2021-10-29 21:00:00;13.6;33.9;80.0;0.0;180.0;50.0;110.0;127.0
2021-10-29 22:00:00;12.4;33.7;80.0;0.0;170.0;50.0;106.0;125.0
2021-10-29 23:00:00;7.6;41.3;70.0;0.0;160.0;50.0;106.0;124.0
2021-10-30 00:00:00;5.5;42.6;80.0;0.0;160.0;40.0;105.0;127.0
2021-10-30 01:00:00;10.1;42.4;80.0;0.0;150.0;40.0;105.0;122.0
2021-10-30 02:00:00;8.6;39.3;70.0;0.0;150.0;40.0;107.0;122.0
2021-10-30 03:00:00;6.1;38.0;70.0;0.0;150.0;40.0;109.0;122.0
2021-10-30 04:00:00;7.8;31.6;80.0;8.0;140.0;50.0;113.0;123.0
2021-10-30 05:00:00;8.4;25.5;100.0;8.0;140.0;50.0;113.0;124.0
2021-10-30 06:00:00;11.3;26.0;100.0;5.0;140.0;60.0;113.0;125.0
2021-10-30 07:00:00;9.2;30.1;110.0;7.0;140.0;70.0;114.0;125.0
2021-10-30 08:00:00;6.1;35.5;120.0;6.0;160.0;70.0;117.0;127.0
2021-10-30 09:00:00;5.9;40.2;110.0;10.0;160.0;70.0;120.0;129.0
2021-10-30 10:00:00;7.6;40.4;130.0;9.0;160.0;70.0;122.0;132.0
2021-10-30 11:00:00;8.6;40.4;130.0;6.0;160.0;70.0;124.0;134.0
2021-10-30 12:00:00;9.9;39.6;100.0;3.0;170.0;70.0;126.0;135.0
2021-10-30 13:00:00;10.5;38.8;100.0;7.0;180.0;60.0;132.0;138.0
2021-10-30 14:00:00;14.9;35.7;100.0;8.0;180.0;50.0;130.0;139.0
2021-10-30 15:00:00;11.3;38.8;80.0;6.0;210.0;50.0;114.0;128.0
2021-10-30 16:00:00;13.4;42.3;70.0;5.0;190.0;40.0;111.0;121.0
2021-10-30 17:00:00;9.7;59.2;60.0;0.0;200.0;30.0;109.0;120.0
2021-10-30 18:00:00;17.6;47.6;60.0;0.0;200.0;40.0;109.0;120.0
2021-10-30 19:00:00;20.2;34.4;80.0;0.0;220.0;50.0;105.0;122.0
2021-10-30 20:00:00;13.6;41.0;80.0;0.0;210.0;50.0;104.0;122.0
2021-10-30 21:00:00;7.6;48.5;70.0;0.0;200.0;40.0;99.0;116.0
2021-10-30 22:00:00;8.6;47.5;80.0;0.0;190.0;40.0;96.0;109.0
2021-10-30 23:00:00;12.8;41.9;70.0;0.0;200.0;50.0;96.0;108.0
2021-10-31 00:00:00;9.7;43.1;80.0;0.0;210.0;50.0;95.0;110.0
2021-10-31 01:00:00;9.9;41.8;60.0;0.0;180.0;40.0;91.0;103.0
2021-10-31 02:00:00;12.4;38.8;60.0;0.0;170.0;40.0;91.0;101.0
2021-10-31 03:00:00;12.8;34.0;60.0;0.0;160.0;40.0;87.0;95.0
2021-10-31 04:00:00;8.8;34.3;50.0;0.0;160.0;30.0;87.0;96.0
2021-10-31 05:00:00;14.9;22.7;70.0;0.0;150.0;50.0;88.0;99.0
2021-10-31 06:00:00;13.6;18.4;110.0;0.0;150.0;50.0;90.0;101.0
2021-10-31 07:00:00;5.9;25.9;90.0;0.0;160.0;60.0;94.0;107.0
2021-10-31 08:00:00;5.5;29.8;90.0;0.0;160.0;60.0;100.0;119.0
2021-10-31 09:00:00;4.0;36.2;110.0;0.0;150.0;70.0;101.0;124.0
2021-10-31 10:00:00;2.9;39.5;100.0;0.0;150.0;60.0;100.0;131.0
2021-10-31 11:00:00;4.6;42.8;110.0;4.0;150.0;60.0;103.0;127.0
2021-10-31 12:00:00;6.9;44.4;100.0;2.0;140.0;60.0;105.0;132.0
2021-10-31 13:00:00;7.4;40.3;90.0;9.0;150.0;50.0;114.0;134.0
2021-10-31 14:00:00;11.3;34.0;90.0;10.0;150.0;50.0;125.0;138.0
2021-10-31 15:00:00;13.4;29.5;110.0;7.0;170.0;60.0;131.0;145.0
2021-10-31 16:00:00;7.1;35.6;160.0;3.0;250.0;70.0;102.0;120.0
2021-10-31 17:00:00;8.4;35.0;110.0;5.0;220.0;60.0;105.0;125.0
2021-10-31 18:00:00;7.6;53.0;120.0;0.0;220.0;70.0;101.0;124.0
2021-10-31 19:00:00;9.9;51.9;110.0;0.0;210.0;70.0;94.0;121.0
2021-10-31 20:00:00;6.3;57.4;120.0;0.0;210.0;80.0;87.0;114.0
2021-10-31 21:00:00;3.2;60.8;120.0;0.0;200.0;70.0;86.0;113.0
2021-10-31 22:00:00;5.0;57.3;100.0;0.0;190.0;60.0;85.0;109.0
2021-10-31 23:00:00;5.2;55.3;100.0;0.0;190.0;60.0;82.0;104.0
2021-11-01 00:00:00;6.7;51.9;100.0;0.0;190.0;60.0;75.0;102.0
2021-11-01 01:00:00;5.7;53.1;110.0;0.0;190.0;70.0;73.0;100.0
2021-11-01 02:00:00;4.0;55.9;120.0;0.0;190.0;60.0;72.0;101.0
2021-11-01 03:00:00;2.5;57.4;100.0;0.0;180.0;60.0;74.0;97.0
2021-11-01 04:00:00;5.2;51.2;120.0;0.0;190.0;70.0;73.0;98.0
2021-11-01 05:00:00;4.2;51.6;130.0;0.0;200.0;80.0;70.0;95.0
2021-11-01 06:00:00;4.4;52.6;130.0;0.0;200.0;80.0;70.0;98.0
2021-11-01 07:00:00;5.0;54.8;130.0;0.0;200.0;80.0;70.0;100.0
2021-11-01 08:00:00;6.5;56.8;140.0;0.0;190.0;80.0;74.0;106.0
2021-11-01 09:00:00;6.5;56.4;150.0;0.0;200.0;90.0;70.0;112.0
2021-11-01 10:00:00;5.3;60.5;140.0;0.0;200.0;90.0;78.0;119.0
2021-11-01 11:00:00;5.2;60.9;150.0;0.0;200.0;90.0;76.0;125.0
2021-11-01 12:00:00;4.6;60.8;140.0;0.0;200.0;90.0;76.0;125.0
2021-11-01 13:00:00;4.8;64.2;130.0;0.0;210.0;90.0;71.0;120.0
2021-11-01 14:00:00;5.3;64.2;140.0;0.0;190.0;80.0;74.0;107.0
2021-11-01 15:00:00;7.6;62.9;100.0;0.0;200.0;60.0;66.0;100.0
2021-11-01 16:00:00;7.3;66.7;90.0;0.0;190.0;50.0;63.0;91.0
2021-11-01 17:00:00;14.1;58.2;90.0;0.0;180.0;50.0;71.0;90.0
2021-11-01 18:00:00;21.8;43.0;80.0;0.0;180.0;50.0;68.0;86.0
2021-11-01 19:00:00;18.0;44.3;70.0;0.0;170.0;50.0;63.0;83.0
2021-11-01 20:00:00;18.1;42.9;80.0;0.0;180.0;50.0;59.0;80.0
2021-11-01 21:00:00;17.4;43.9;80.0;0.0;180.0;50.0;59.0;78.0
2021-11-01 22:00:00;16.4;41.1;80.0;0.0;190.0;50.0;61.0;75.0
2021-11-01 23:00:00;21.0;33.7;80.0;0.0;190.0;50.0;61.0;71.0
2021-11-02 00:00:00;15.7;36.6;70.0;0.0;190.0;50.0;64.0;74.0
2021-11-02 01:00:00;16.6;34.2;70.0;0.0;180.0;40.0;64.0;74.0
2021-11-02 02:00:00;9.6;38.3;70.0;0.0;180.0;40.0;64.0;73.0
2021-11-02 03:00:00;15.1;29.4;70.0;0.0;180.0;50.0;62.0;70.0
2021-11-02 04:00:00;14.3;30.9;60.0;0.0;180.0;40.0;60.0;68.0
2021-11-02 05:00:00;16.8;30.4;60.0;0.0;190.0;40.0;64.0;71.0
2021-11-02 06:00:00;19.1;23.1;70.0;0.0;180.0;40.0;66.0;75.0
2021-11-02 07:00:00;20.8;20.5;60.0;0.0;180.0;30.0;70.0;80.0
2021-11-02 08:00:00;23.3;17.9;60.0;0.0;180.0;40.0;74.0;85.0
2021-11-02 09:00:00;20.8;20.2;60.0;0.0;180.0;40.0;76.0;88.0
2021-11-02 10:00:00;19.5;20.2;50.0;6.0;170.0;30.0;80.0;90.0
2021-11-02 11:00:00;18.5;32.9;60.0;0.0;230.0;30.0;73.0;90.0
2021-11-02 12:00:00;18.9;34.9;60.0;7.0;280.0;30.0;77.0;89.0
2021-11-02 13:00:00;49.1;22.9;50.0;0.0;260.0;30.0;62.0;96.0
2021-11-02 14:00:00;32.1;41.8;60.0;0.0;240.0;30.0;68.0;94.0
2021-11-02 15:00:00;16.0;53.4;40.0;0.0;200.0;20.0;65.0;87.0
2021-11-02 16:00:00;21.8;41.4;40.0;0.0;140.0;20.0;57.0;66.0
2021-11-02 17:00:00;39.9;17.7;60.0;0.0;110.0;20.0;47.0;71.0
2021-11-02 18:00:00;41.4;11.0;30.0;0.0;130.0;20.0;46.0;58.0
2021-11-02 19:00:00;46.2;0.2;30.0;0.0;120.0;20.0;46.0;54.0
2021-11-02 20:00:00;39.3;4.6;30.0;0.0;150.0;20.0;49.0;54.0
2021-11-02 21:00:00;26.0;27.8;40.0;0.0;180.0;20.0;52.0;56.0
2021-11-02 22:00:00;29.8;28.3;20.0;0.0;200.0;10.0;44.0;46.0
2021-11-02 23:00:00;28.1;19.1;30.0;0.0;180.0;10.0;38.0;42.0
2021-11-03 00:00:00;38.0;1.3;40.0;0.0;0.0;20.0;46.0;50.0
2021-11-03 01:00:00;30.6;12.0;50.0;0.0;80.0;20.0;35.0;39.0
2021-11-03 02:00:00;27.3;5.8;20.0;0.0;0.0;10.0;30.0;33.0
2021-11-03 03:00:00;28.7;0.9;30.0;0.0;110.0;10.0;24.0;27.0
2021-11-03 04:00:00;42.6;0.0;30.0;0.0;160.0;20.0;39.0;42.0
2021-11-03 05:00:00;41.6;0.0;30.0;0.0;160.0;20.0;38.0;39.0
2021-11-03 06:00:00;35.9;0.0;30.0;0.0;330.0;10.0;30.0;32.0
2021-11-03 07:00:00;37.4;0.0;20.0;0.0;100.0;10.0;21.0;21.0
2021-11-03 08:00:00;35.1;0.0;20.0;0.0;0.0;0.0;43.0;46.0
2021-11-03 09:00:00;38.6;0.0;20.0;0.0;0.0;0.0;73.0;79.0
2021-11-03 10:00:00;43.9;0.3;40.0;0.0;0.0;10.0;76.0;104.0
2021-11-03 11:00:00;40.7;3.6;20.0;0.0;0.0;10.0;65.0;114.0
2021-11-03 12:00:00;54.6;4.9;30.0;0.0;0.0;10.0;69.0;124.0
2021-11-03 13:00:00;62.6;8.7;30.0;0.0;330.0;10.0;68.0;114.0
2021-11-03 14:00:00;61.5;10.6;90.0;0.0;20.0;20.0;56.0;101.0
2021-11-03 15:00:00;48.7;22.3;60.0;0.0;80.0;20.0;64.0;85.0
2021-11-03 16:00:00;43.4;29.0;10.0;0.0;0.0;0.0;65.0;74.0
2021-11-03 17:00:00;67.2;2.8;20.0;0.0;250.0;10.0;55.0;60.0
2021-11-03 18:00:00;64.2;0.6;10.0;0.0;0.0;10.0;53.0;57.0
2021-11-03 19:00:00;57.1;3.0;10.0;0.0;0.0;0.0;46.0;47.0
2021-11-03 20:00:00;48.9;3.0;10.0;0.0;0.0;0.0;41.0;44.0
2021-11-03 21:00:00;48.7;0.0;10.0;0.0;0.0;0.0;36.0;36.0
2021-11-03 22:00:00;46.6;5.0;30.0;0.0;90.0;10.0;31.0;33.0
2021-11-03 23:00:00;44.3;2.2;20.0;0.0;230.0;10.0;19.0;22.0
2021-11-04 00:00:00;35.3;7.8;20.0;0.0;60.0;10.0;15.0;17.0
2021-11-04 01:00:00;24.1;7.4;10.0;0.0;0.0;0.0;17.0;19.0
2021-11-04 02:00:00;24.3;0.8;10.0;0.0;150.0;0.0;12.0;13.0
2021-11-04 03:00:00;28.5;0.0;10.0;0.0;170.0;10.0;17.0;20.0
2021-11-04 04:00:00;31.5;0.0;10.0;2.0;180.0;10.0;29.0;32.0
2021-11-04 05:00:00;39.7;0.0;50.0;2.0;350.0;10.0;45.0;48.0
2021-11-04 06:00:00;52.9;0.0;40.0;3.0;230.0;10.0;49.0;53.0
2021-11-04 07:00:00;62.5;6.5;40.0;6.0;250.0;20.0;74.0;79.0
2021-11-04 08:00:00;61.1;11.6;50.0;0.0;260.0;30.0;84.0;96.0
2021-11-04 09:00:00;52.5;19.9;70.0;8.0;300.0;30.0;74.0;89.0
2021-11-04 10:00:00;43.7;26.2;50.0;0.0;290.0;30.0;91.0;107.0
2021-11-04 11:00:00;40.5;28.3;90.0;0.0;340.0;50.0;73.0;123.0
2021-11-04 12:00:00;27.7;37.0;90.0;0.0;340.0;50.0;76.0;116.0
2021-11-04 13:00:00;20.6;48.9;80.0;0.0;350.0;40.0;76.0;119.0
2021-11-04 14:00:00;29.0;36.8;80.0;0.0;330.0;40.0;79.0;106.0
2021-11-04 15:00:00;32.7;36.3;90.0;4.0;310.0;40.0;69.0;86.0
2021-11-04 16:00:00;37.8;33.4;80.0;0.0;330.0;40.0;70.0;92.0
2021-11-04 17:00:00;44.5;27.2;60.0;0.0;310.0;30.0;73.0;87.0
2021-11-04 18:00:00;37.4;34.2;70.0;5.0;330.0;40.0;72.0;89.0
2021-11-04 19:00:00;24.8;45.5;60.0;0.0;330.0;20.0;70.0;89.0
2021-11-04 20:00:00;28.5;42.1;70.0;5.0;360.0;30.0;69.0;85.0
2021-11-04 21:00:00;25.4;47.4;70.0;6.0;340.0;30.0;70.0;81.0
2021-11-04 22:00:00;34.8;33.8;50.0;0.0;300.0;20.0;73.0;81.0
2021-11-04 23:00:00;18.0;52.5;90.0;9.0;350.0;40.0;68.0;82.0
2021-11-05 00:00:00;17.8;52.6;50.0;0.0;260.0;20.0;63.0;69.0
2021-11-05 01:00:00;24.3;42.1;30.0;0.0;270.0;10.0;70.0;75.0
2021-11-05 02:00:00;23.1;43.4;20.0;0.0;240.0;20.0;51.0;55.0
2021-11-05 03:00:00;34.4;21.1;30.0;0.0;250.0;20.0;43.0;44.0
2021-11-05 04:00:00;52.5;4.3;20.0;0.0;220.0;20.0;40.0;42.0
2021-11-05 05:00:00;43.0;7.6;30.0;0.0;220.0;10.0;35.0;39.0
2021-11-05 06:00:00;47.6;13.8;30.0;0.0;230.0;10.0;45.0;48.0
2021-11-05 07:00:00;63.2;1.0;40.0;0.0;290.0;20.0;72.0;76.0
2021-11-05 08:00:00;59.6;8.1;40.0;0.0;270.0;20.0;85.0;106.0
2021-11-05 09:00:00;39.0;25.7;70.0;0.0;330.0;30.0;88.0;117.0
2021-11-05 10:00:00;22.9;42.8;80.0;0.0;330.0;40.0;83.0;123.0
2021-11-05 11:00:00;21.0;42.2;80.0;0.0;310.0;40.0;82.0;130.0
2021-11-05 12:00:00;16.4;50.5;80.0;0.0;290.0;40.0;65.0;127.0
2021-11-05 13:00:00;17.6;50.9;70.0;0.0;290.0;40.0;69.0;118.0
2021-11-05 14:00:00;20.4;51.3;60.0;0.0;280.0;30.0;72.0;108.0
2021-11-05 15:00:00;22.0;48.7;50.0;0.0;270.0;30.0;64.0;95.0
2021-11-05 16:00:00;31.7;37.3;40.0;0.0;270.0;30.0;57.0;89.0
2021-11-05 17:00:00;22.5;43.7;40.0;0.0;250.0;30.0;54.0;82.0
2021-11-05 18:00:00;26.0;39.9;50.0;0.0;240.0;30.0;42.0;65.0
2021-11-05 19:00:00;19.9;43.6;50.0;0.0;240.0;30.0;43.0;69.0
2021-11-05 20:00:00;21.2;39.5;50.0;0.0;230.0;30.0;37.0;60.0
2021-11-05 21:00:00;20.8;36.7;50.0;0.0;220.0;30.0;48.0;66.0
2021-11-05 22:00:00;22.5;33.5;60.0;0.0;220.0;40.0;64.0;93.0
2021-11-05 23:00:00;18.0;34.3;70.0;0.0;210.0;40.0;66.0;91.0
2021-11-06 00:00:00;21.6;25.5;70.0;0.0;210.0;40.0;67.0;88.0
2021-11-06 01:00:00;29.0;17.5;60.0;0.0;210.0;40.0;69.0;88.0
2021-11-06 02:00:00;25.0;21.1;80.0;0.0;210.0;50.0;73.0;88.0
2021-11-06 03:00:00;19.1;25.5;80.0;0.0;210.0;50.0;79.0;94.0
2021-11-06 04:00:00;16.8;24.8;80.0;0.0;210.0;50.0;78.0;94.0
2021-11-06 05:00:00;18.5;22.3;80.0;0.0;210.0;50.0;77.0;94.0
2021-11-06 06:00:00;15.3;25.4;100.0;0.0;210.0;50.0;78.0;94.0
2021-11-06 07:00:00;14.7;25.9;90.0;0.0;200.0;50.0;77.0;100.0
2021-11-06 08:00:00;14.1;29.7;100.0;0.0;210.0;60.0;79.0;107.0
2021-11-06 09:00:00;15.9;31.9;110.0;0.0;210.0;70.0;79.0;108.0
2021-11-06 10:00:00;12.4;38.9;110.0;0.0;220.0;70.0;81.0;111.0
2021-11-06 11:00:00;12.0;40.0;110.0;0.0;210.0;70.0;86.0;113.0
2021-11-06 12:00:00;12.8;37.7;110.0;0.0;210.0;70.0;87.0;115.0
2021-11-06 13:00:00;12.6;37.7;120.0;0.0;210.0;80.0;87.0;115.0
2021-11-06 14:00:00;13.9;38.3;130.0;0.0;220.0;80.0;90.0;115.0
2021-11-06 15:00:00;13.6;39.1;120.0;0.0;210.0;80.0;91.0;112.0
2021-11-06 16:00:00;12.4;38.7;130.0;0.0;210.0;80.0;94.0;112.0
2021-11-06 17:00:00;12.6;37.4;120.0;0.0;220.0;80.0;96.0;114.0
2021-11-06 18:00:00;13.0;37.0;140.0;0.0;230.0;90.0;97.0;115.0
2021-11-06 19:00:00;10.5;41.9;140.0;0.0;220.0;80.0;95.0;112.0
2021-11-06 20:00:00;6.3;46.9;140.0;6.0;220.0;90.0;98.0;110.0
2021-11-06 21:00:00;5.9;46.3;160.0;5.0;230.0;90.0;101.0;113.0
2021-11-06 22:00:00;5.0;51.6;140.0;0.0;230.0;90.0;105.0;113.0
2021-11-06 23:00:00;3.4;55.9;120.0;0.0;220.0;80.0;108.0;117.0
2021-11-07 00:00:00;1.5;59.0;120.0;0.0;240.0;70.0;107.0;124.0
2021-11-07 01:00:00;2.9;57.3;120.0;2.0;260.0;70.0;110.0;127.0
2021-11-07 02:00:00;1.5;57.5;110.0;0.0;260.0;60.0;106.0;127.0
2021-11-07 03:00:00;4.0;52.2;140.0;0.0;280.0;70.0;68.0;119.0
2021-11-07 04:00:00;19.9;43.4;90.0;0.0;280.0;50.0;63.0;114.0
2021-11-07 05:00:00;26.7;44.1;120.0;0.0;280.0;60.0;56.0;106.0
2021-11-07 06:00:00;19.1;52.0;120.0;0.0;280.0;60.0;57.0;107.0
2021-11-07 07:00:00;26.4;44.5;110.0;0.0;280.0;60.0;62.0;109.0
2021-11-07 08:00:00;19.3;49.7;120.0;0.0;280.0;70.0;60.0;113.0
2021-11-07 09:00:00;19.3;49.5;120.0;0.0;280.0;70.0;62.0;114.0
2021-11-07 10:00:00;18.7;48.3;130.0;0.0;280.0;80.0;68.0;121.0
2021-11-07 11:00:00;21.4;49.2;150.0;0.0;280.0;80.0;60.0;115.0
2021-11-07 12:00:00;13.4;57.1;130.0;0.0;280.0;90.0;63.0;114.0
2021-11-07 13:00:00;12.2;58.0;130.0;0.0;280.0;70.0;56.0;115.0
2021-11-07 14:00:00;17.0;54.6;140.0;0.0;290.0;80.0;52.0;107.0
2021-11-07 15:00:00;20.1;53.9;130.0;2.0;280.0;70.0;58.0;99.0
2021-11-07 16:00:00;30.6;43.7;110.0;0.0;310.0;50.0;59.0;99.0
2021-11-07 17:00:00;30.8;44.6;100.0;0.0;270.0;50.0;55.0;93.0
2021-11-07 18:00:00;17.8;53.7;80.0;3.0;310.0;40.0;60.0;91.0
2021-11-07 19:00:00;32.1;40.4;80.0;0.0;280.0;40.0;55.0;86.0
2021-11-07 20:00:00;37.8;33.4;60.0;0.0;270.0;40.0;64.0;90.0
2021-11-07 21:00:00;47.6;25.0;60.0;0.0;260.0;30.0;62.0;85.0
2021-11-07 22:00:00;43.7;28.2;50.0;0.0;260.0;30.0;59.0;83.0
2021-11-07 23:00:00;43.9;27.9;40.0;0.0;260.0;30.0;58.0;84.0
2021-11-08 00:00:00;38.2;32.9;40.0;0.0;240.0;20.0;50.0;70.0
2021-11-08 01:00:00;37.4;28.6;30.0;0.0;260.0;20.0;59.0;76.0
2021-11-08 02:00:00;54.8;13.8;30.0;0.0;250.0;20.0;39.0;49.0
2021-11-08 03:00:00;59.4;8.9;40.0;0.0;260.0;20.0;46.0;63.0
2021-11-08 04:00:00;41.4;24.6;30.0;0.0;220.0;20.0;50.0;60.0
2021-11-08 05:00:00;41.6;16.4;30.0;0.0;250.0;20.0;68.0;76.0
2021-11-08 06:00:00;37.6;17.7;40.0;0.0;200.0;20.0;55.0;65.0
2021-11-08 07:00:00;26.0;32.0;30.0;0.0;230.0;20.0;73.0;78.0
2021-11-08 08:00:00;26.9;32.6;30.0;0.0;220.0;20.0;76.0;105.0
2021-11-08 09:00:00;20.6;36.4;50.0;0.0;250.0;20.0;72.0;122.0
2021-11-08 10:00:00;16.8;40.0;60.0;0.0;280.0;30.0;67.0;119.0
2021-11-08 11:00:00;19.1;39.8;60.0;0.0;280.0;30.0;64.0;117.0
2021-11-08 12:00:00;9.0;50.9;50.0;0.0;280.0;30.0;67.0;116.0
2021-11-08 13:00:00;10.9;52.6;50.0;0.0;280.0;30.0;70.0;115.0
2021-11-08 14:00:00;6.7;58.0;60.0;0.0;250.0;30.0;60.0;117.0
2021-11-08 15:00:00;14.1;52.9;50.0;0.0;240.0;30.0;58.0;94.0
2021-11-08 16:00:00;22.2;44.6;30.0;0.0;230.0;20.0;49.0;73.0
2021-11-08 17:00:00;24.8;37.8;30.0;0.0;220.0;20.0;46.0;63.0
2021-11-08 18:00:00;37.8;23.0;20.0;0.0;190.0;20.0;48.0;62.0
2021-11-08 19:00:00;32.9;26.0;20.0;0.0;190.0;20.0;48.0;55.0
2021-11-08 20:00:00;37.2;17.7;40.0;0.0;200.0;30.0;39.0;52.0
2021-11-08 21:00:00;31.7;19.8;50.0;0.0;180.0;30.0;43.0;52.0
2021-11-08 22:00:00;35.5;17.1;40.0;0.0;180.0;30.0;53.0;65.0
2021-11-08 23:00:00;38.2;10.3;50.0;0.0;190.0;30.0;55.0;65.0
2021-11-09 00:00:00;43.0;4.0;40.0;0.0;180.0;30.0;54.0;65.0
2021-11-09 01:00:00;35.9;8.5;50.0;0.0;170.0;30.0;52.0;62.0
2021-11-09 02:00:00;32.7;5.8;50.0;0.0;180.0;30.0;50.0;61.0
2021-11-09 03:00:00;33.4;6.3;60.0;0.0;190.0;40.0;51.0;65.0
2021-11-09 04:00:00;38.0;6.2;70.0;0.0;180.0;40.0;53.0;65.0
2021-11-09 05:00:00;42.4;3.5;60.0;0.0;180.0;40.0;59.0;73.0
2021-11-09 06:00:00;46.6;0.0;90.0;0.0;180.0;50.0;61.0;74.0
2021-11-09 07:00:00;42.2;0.8;70.0;0.0;190.0;50.0;68.0;79.0
2021-11-09 08:00:00;33.8;8.2;80.0;0.0;190.0;50.0;73.0;87.0
2021-11-09 09:00:00;27.7;15.1;80.0;0.0;190.0;50.0;76.0;94.0
2021-11-09 10:00:00;25.0;18.3;80.0;0.0;180.0;50.0;84.0;96.0
2021-11-09 11:00:00;25.0;20.9;80.0;0.0;180.0;50.0;89.0;96.0
2021-11-09 12:00:00;26.7;22.2;80.0;5.0;190.0;50.0;94.0;98.0
2021-11-09 13:00:00;25.2;25.2;70.0;0.0;190.0;40.0;92.0;105.0
2021-11-09 14:00:00;25.2;28.0;70.0;0.0;190.0;40.0;90.0;105.0
2021-11-09 15:00:00;26.5;28.2;70.0;0.0;190.0;40.0;91.0;106.0
2021-11-09 16:00:00;20.1;32.3;70.0;0.0;180.0;40.0;87.0;105.0
2021-11-09 17:00:00;23.5;25.7;70.0;0.0;170.0;40.0;83.0;106.0
2021-11-09 18:00:00;34.0;17.7;90.0;0.0;180.0;50.0;87.0;100.0
2021-11-09 19:00:00;32.3;20.2;80.0;0.0;180.0;40.0;90.0;95.0
2021-11-09 20:00:00;24.1;26.1;60.0;0.0;200.0;30.0;93.0;96.0
2021-11-09 21:00:00;27.5;19.8;40.0;0.0;180.0;20.0;91.0;99.0
2021-11-09 22:00:00;25.6;18.7;50.0;0.0;180.0;30.0;90.0;100.0
2021-11-09 23:00:00;30.9;12.4;60.0;0.0;180.0;40.0;82.0;101.0
2021-11-10 00:00:00;27.1;16.1;60.0;0.0;190.0;30.0;83.0;99.0
2021-11-10 01:00:00;28.7;22.0;40.0;0.0;190.0;30.0;77.0;97.0
2021-11-10 02:00:00;33.0;15.8;50.0;0.0;160.0;20.0;76.0;96.0
2021-11-10 03:00:00;36.7;9.3;70.0;0.0;200.0;40.0;75.0;94.0
2021-11-10 04:00:00;28.3;15.1;50.0;0.0;170.0;20.0;72.0;93.0
2021-11-10 05:00:00;28.8;17.2;60.0;0.0;170.0;30.0;66.0;86.0
2021-11-10 06:00:00;37.2;11.1;60.0;0.0;190.0;30.0;62.0;83.0
2021-11-10 07:00:00;46.6;3.4;50.0;0.0;230.0;30.0;67.0;89.0
2021-11-10 08:00:00;45.5;6.2;60.0;0.0;190.0;30.0;59.0;88.0
2021-11-10 09:00:00;39.9;10.6;60.0;0.0;220.0;30.0;62.0;101.0
2021-11-10 10:00:00;36.1;20.6;50.0;0.0;190.0;30.0;66.0;104.0
2021-11-10 11:00:00;30.4;25.4;40.0;0.0;180.0;20.0;70.0;107.0
2021-11-10 12:00:00;32.7;22.6;50.0;0.0;160.0;20.0;74.0;109.0
2021-11-10 13:00:00;40.9;11.4;50.0;0.0;170.0;20.0;76.0;107.0
2021-11-10 14:00:00;39.7;11.4;50.0;0.0;180.0;20.0;75.0;102.0
2021-11-10 15:00:00;44.7;11.4;50.0;0.0;170.0;30.0;72.0;97.0
2021-11-10 16:00:00;47.9;11.4;50.0;0.0;200.0;30.0;73.0;99.0
2021-11-10 17:00:00;54.8;11.4;40.0;0.0;190.0;30.0;70.0;103.0
2021-11-10 18:00:00;54.1;11.4;50.0;0.0;200.0;30.0;72.0;102.0
2021-11-10 19:00:00;51.4;11.4;40.0;0.0;170.0;30.0;72.0;100.0
2021-11-10 20:00:00;48.1;11.4;40.0;0.0;200.0;20.0;75.0;97.0
2021-11-10 21:00:00;44.9;11.4;40.0;0.0;190.0;20.0;72.0;98.0
2021-11-10 22:00:00;42.6;11.4;50.0;0.0;180.0;30.0;70.0;98.0
2021-11-10 23:00:00;41.4;11.4;40.0;0.0;170.0;20.0;70.0;98.0
2021-11-11 00:00:00;42.8;11.4;30.0;0.0;180.0;20.0;72.0;97.0
2021-11-11 01:00:00;43.4;11.4;30.0;0.0;170.0;20.0;73.0;95.0
2021-11-11 02:00:00;42.4;11.4;30.0;0.0;160.0;20.0;73.0;95.0
2021-11-11 03:00:00;43.4;11.4;30.0;0.0;190.0;20.0;73.0;95.0
2021-11-11 04:00:00;41.1;11.4;40.0;0.0;180.0;30.0;75.0;95.0
2021-11-11 05:00:00;40.7;11.4;30.0;0.0;210.0;20.0;79.0;95.0
2021-11-11 06:00:00;41.3;11.4;40.0;0.0;200.0;20.0;80.0;97.0
2021-11-11 07:00:00;42.0;11.4;40.0;0.0;200.0;20.0;86.0;102.0
2021-11-11 08:00:00;40.9;11.4;30.0;0.0;190.0;20.0;93.0;103.0
2021-11-11 09:00:00;39.2;11.4;50.0;0.0;180.0;30.0;94.0;103.0
2021-11-11 10:00:00;37.6;11.4;50.0;0.0;190.0;30.0;96.0;108.0
2021-11-11 11:00:00;36.7;11.4;60.0;0.0;200.0;30.0;91.0;107.0
2021-11-11 12:00:00;32.1;11.4;40.0;0.0;190.0;30.0;95.0;113.0
2021-11-11 13:00:00;37.8;11.4;60.0;0.0;190.0;30.0;96.0;110.0
2021-11-11 14:00:00;38.0;6.2;40.0;0.0;200.0;30.0;99.0;110.0
2021-11-11 15:00:00;40.1;6.1;50.0;0.0;190.0;20.0;99.0;109.0
2021-11-11 16:00:00;43.0;2.6;40.0;0.0;180.0;20.0;102.0;108.0
2021-11-11 17:00:00;45.8;0.9;40.0;0.0;190.0;20.0;99.0;108.0
2021-11-11 18:00:00;47.0;0.0;50.0;0.0;180.0;30.0;92.0;110.0
2021-11-11 19:00:00;44.9;0.9;60.0;0.0;190.0;40.0;85.0;109.0
2021-11-11 20:00:00;35.7;9.8;50.0;0.0;180.0;30.0;80.0;107.0
2021-11-11 21:00:00;31.7;15.8;60.0;0.0;180.0;40.0;77.0;104.0
2021-11-11 22:00:00;30.9;18.3;70.0;0.0;190.0;40.0;76.0;102.0
2021-11-11 23:00:00;26.9;24.4;60.0;0.0;180.0;40.0;70.0;99.0
2021-11-12 00:00:00;25.8;27.2;60.0;0.0;190.0;40.0;67.0;98.0
2021-11-12 01:00:00;26.2;26.4;50.0;0.0;170.0;30.0;70.0;96.0
2021-11-12 02:00:00;35.3;16.7;50.0;0.0;160.0;30.0;67.0;94.0
2021-11-12 03:00:00;42.8;2.7;60.0;0.0;160.0;40.0;64.0;90.0
2021-11-12 04:00:00;41.6;3.3;70.0;0.0;160.0;40.0;54.0;76.0
2021-11-12 05:00:00;26.0;26.4;50.0;0.0;150.0;40.0;49.0;63.0
2021-11-12 06:00:00;25.2;21.7;70.0;0.0;160.0;30.0;50.0;60.0
2021-11-12 07:00:00;30.9;8.2;60.0;0.0;160.0;40.0;51.0;62.0
2021-11-12 08:00:00;34.2;2.0;70.0;0.0;170.0;40.0;50.0;57.0
2021-11-12 09:00:00;35.7;3.3;70.0;0.0;170.0;50.0;51.0;63.0
2021-11-12 10:00:00;32.1;10.2;80.0;0.0;170.0;50.0;54.0;78.0
2021-11-12 11:00:00;32.3;12.2;80.0;0.0;170.0;50.0;59.0;88.0
2021-11-12 12:00:00;36.1;14.4;80.0;0.0;170.0;50.0;61.0;96.0
2021-11-12 13:00:00;31.7;23.8;90.0;0.0;170.0;60.0;60.0;103.0
2021-11-12 14:00:00;29.4;28.3;110.0;0.0;190.0;50.0;58.0;107.0
2021-11-12 15:00:00;28.7;34.7;100.0;0.0;190.0;60.0;55.0;106.0
2021-11-12 16:00:00;30.4;32.2;110.0;0.0;190.0;60.0;60.0;101.0
2021-11-12 17:00:00;25.8;34.5;110.0;0.0;190.0;60.0;59.0;98.0
2021-11-12 18:00:00;25.2;32.1;80.0;0.0;180.0;50.0;59.0;96.0
2021-11-12 19:00:00;26.5;26.0;100.0;0.0;190.0;60.0;65.0;98.0
2021-11-12 20:00:00;30.4;18.7;100.0;0.0;190.0;70.0;74.0;100.0
2021-11-12 21:00:00;30.2;16.2;120.0;1.0;190.0;70.0;82.0;98.0
2021-11-12 22:00:00;23.7;20.9;110.0;6.0;190.0;70.0;91.0;99.0
2021-11-12 23:00:00;22.3;23.3;110.0;5.0;200.0;60.0;96.0;103.0
2021-11-13 00:00:00;21.6;23.0;110.0;10.0;200.0;60.0;102.0;107.0
2021-11-13 01:00:00;17.6;28.4;90.0;4.0;210.0;50.0;108.0;113.0
2021-11-13 02:00:00;14.5;32.2;90.0;5.0;210.0;50.0;109.0;112.0
2021-11-13 03:00:00;10.9;35.5;80.0;5.0;280.0;50.0;110.0;114.0
2021-11-13 04:00:00;10.1;36.0;70.0;4.0;280.0;30.0;103.0;111.0
2021-11-13 05:00:00;15.3;32.2;70.0;3.0;270.0;30.0;107.0;112.0
2021-11-13 06:00:00;27.1;25.8;50.0;0.0;270.0;20.0;108.0;112.0
2021-11-13 07:00:00;46.8;8.5;30.0;3.0;230.0;20.0;108.0;113.0
2021-11-13 08:00:00;52.1;3.9;50.0;6.0;270.0;30.0;112.0;117.0
2021-11-13 09:00:00;52.1;4.9;50.0;0.0;280.0;30.0;119.0;128.0
2021-11-13 10:00:00;39.0;16.6;50.0;0.0;320.0;20.0;113.0;128.0
2021-11-13 11:00:00;30.6;22.1;50.0;0.0;320.0;20.0;110.0;134.0
2021-11-13 12:00:00;26.7;25.1;50.0;0.0;320.0;30.0;110.0;134.0
2021-11-13 13:00:00;22.9;29.7;70.0;0.0;310.0;40.0;107.0;132.0
2021-11-13 14:00:00;22.2;30.6;50.0;0.0;320.0;30.0;108.0;124.0
2021-11-13 15:00:00;19.3;37.2;60.0;0.0;310.0;30.0;107.0;120.0
2021-11-13 16:00:00;23.1;34.5;40.0;0.0;320.0;20.0;107.0;117.0
2021-11-13 17:00:00;30.9;27.5;40.0;0.0;330.0;20.0;102.0;110.0
2021-11-13 18:00:00;42.2;17.7;30.0;0.0;310.0;20.0;91.0;96.0
2021-11-13 19:00:00;44.5;15.6;20.0;0.0;270.0;10.0;95.0;98.0
2021-11-13 20:00:00;41.3;18.7;30.0;0.0;300.0;20.0;92.0;97.0
2021-11-13 21:00:00;37.1;20.5;20.0;0.0;330.0;10.0;93.0;98.0
2021-11-13 22:00:00;37.6;20.2;20.0;0.0;20.0;10.0;98.0;103.0
2021-11-13 23:00:00;39.5;14.7;20.0;0.0;360.0;10.0;98.0;103.0
2021-11-14 00:00:00;29.2;21.4;20.0;0.0;20.0;10.0;96.0;101.0
2021-11-14 01:00:00;27.7;16.7;20.0;0.0;350.0;10.0;98.0;101.0
2021-11-14 02:00:00;40.9;3.7;20.0;0.0;50.0;10.0;101.0;104.0
2021-11-14 03:00:00;40.1;1.7;20.0;0.0;20.0;10.0;100.0;103.0
2021-11-14 04:00:00;35.1;2.9;30.0;0.0;60.0;20.0;100.0;103.0
2021-11-14 05:00:00;36.1;0.0;30.0;0.0;50.0;20.0;96.0;100.0
2021-11-14 06:00:00;35.5;0.3;50.0;0.0;60.0;30.0;93.0;100.0
2021-11-14 07:00:00;36.1;3.1;60.0;0.0;50.0;40.0;93.0;100.0
2021-11-14 08:00:00;35.3;0.5;70.0;0.0;60.0;40.0;90.0;101.0
2021-11-14 09:00:00;22.2;7.0;70.0;0.0;60.0;40.0;93.0;105.0
2021-11-14 10:00:00;21.0;6.5;70.0;0.0;70.0;40.0;93.0;108.0
2021-11-14 11:00:00;18.0;6.5;70.0;0.0;60.0;50.0;90.0;108.0
2021-11-14 12:00:00;19.1;8.9;70.0;0.0;70.0;40.0;90.0;108.0
2021-11-14 13:00:00;13.2;16.0;70.0;0.0;60.0;40.0;86.0;107.0
2021-11-14 14:00:00;19.3;9.4;60.0;0.0;60.0;40.0;85.0;104.0
2021-11-14 15:00:00;26.5;3.8;60.0;0.0;50.0;40.0;82.0;100.0
2021-11-14 16:00:00;29.6;1.1;50.0;0.0;40.0;30.0;85.0;100.0
2021-11-14 17:00:00;30.9;0.0;70.0;0.0;50.0;40.0;83.0;97.0
2021-11-14 18:00:00;29.8;0.0;60.0;0.0;60.0;40.0;75.0;97.0
2021-11-14 19:00:00;30.6;0.5;70.0;0.0;70.0;40.0;72.0;96.0
2021-11-14 20:00:00;26.4;7.9;60.0;0.0;50.0;30.0;72.0;96.0
2021-11-14 21:00:00;27.1;11.0;60.0;0.0;70.0;40.0;67.0;93.0
2021-11-14 22:00:00;20.8;17.8;70.0;0.0;50.0;40.0;65.0;91.0
2021-11-14 23:00:00;18.0;24.2;50.0;0.0;50.0;30.0;64.0;90.0
2021-11-15 00:00:00;29.4;16.4;40.0;0.0;50.0;30.0;63.0;89.0
2021-11-15 01:00:00;25.2;22.1;50.0;0.0;60.0;30.0;63.0;87.0
2021-11-15 02:00:00;12.6;35.6;60.0;0.0;60.0;30.0;59.0;85.0
2021-11-15 03:00:00;10.3;41.0;50.0;0.0;50.0;30.0;56.0;84.0
2021-11-15 04:00:00;7.1;47.2;50.0;0.0;60.0;30.0;56.0;82.0
2021-11-15 05:00:00;19.5;34.1;60.0;0.0;50.0;30.0;58.0;80.0
2021-11-15 06:00:00;17.4;36.9;60.0;0.0;60.0;30.0;59.0;79.0
2021-11-15 07:00:00;22.9;29.8;60.0;0.0;60.0;30.0;60.0;78.0
2021-11-15 08:00:00;18.0;35.9;50.0;0.0;30.0;30.0;58.0;77.0
2021-11-15 09:00:00;19.9;30.0;60.0;0.0;30.0;30.0;58.0;74.0
2021-11-15 10:00:00;28.8;18.4;60.0;0.0;40.0;40.0;58.0;74.0
2021-11-15 11:00:00;21.6;25.7;60.0;0.0;40.0;40.0;58.0;73.0
2021-11-15 12:00:00;23.1;19.5;50.0;0.0;40.0;30.0;58.0;71.0
2021-11-15 13:00:00;20.2;17.0;50.0;0.0;30.0;30.0;55.0;68.0
2021-11-15 14:00:00;24.6;10.3;40.0;0.0;30.0;30.0;56.0;65.0
2021-11-15 15:00:00;24.3;10.0;50.0;0.0;20.0;30.0;53.0;63.0
2021-11-15 16:00:00;24.3;5.8;60.0;0.0;40.0;30.0;50.0;60.0
2021-11-15 17:00:00;22.7;4.9;50.0;0.0;40.0;30.0;49.0;57.0
2021-11-15 18:00:00;21.4;6.8;60.0;0.0;50.0;30.0;45.0;55.0
2021-11-15 19:00:00;20.1;8.7;60.0;0.0;50.0;40.0;41.0;54.0
2021-11-15 20:00:00;19.5;9.8;70.0;0.0;60.0;30.0;42.0;55.0
2021-11-15 21:00:00;15.9;14.2;50.0;0.0;90.0;30.0;40.0;55.0
2021-11-15 22:00:00;18.0;13.0;40.0;0.0;50.0;20.0;40.0;55.0
2021-11-15 23:00:00;13.9;16.4;50.0;0.0;110.0;20.0;37.0;55.0
2021-11-16 00:00:00;15.1;17.0;30.0;0.0;120.0;20.0;36.0;52.0
2021-11-16 01:00:00;9.2;25.6;30.0;0.0;50.0;20.0;32.0;52.0
2021-11-16 02:00:00;12.2;23.7;30.0;0.0;60.0;20.0;34.0;50.0
2021-11-16 03:00:00;20.2;14.7;20.0;0.0;0.0;10.0;34.0;51.0
2021-11-16 04:00:00;12.2;23.5;30.0;0.0;340.0;10.0;33.0;50.0
2021-11-16 05:00:00;11.3;24.4;30.0;0.0;10.0;10.0;32.0;49.0
2021-11-16 06:00:00;19.9;16.8;30.0;0.0;20.0;20.0;33.0;48.0
2021-11-16 07:00:00;29.6;8.1;20.0;0.0;70.0;10.0;31.0;50.0
2021-11-16 08:00:00;24.3;12.6;20.0;0.0;100.0;10.0;34.0;51.0
2021-11-16 09:00:00;22.5;14.0;30.0;0.0;130.0;10.0;34.0;52.0
2021-11-16 10:00:00;24.8;11.9;20.0;0.0;160.0;10.0;35.0;54.0
2021-11-16 11:00:00;29.4;9.7;30.0;0.0;140.0;10.0;37.0;55.0
2021-11-16 12:00:00;34.0;6.4;30.0;0.0;150.0;20.0;35.0;57.0
2021-11-16 13:00:00;30.4;8.7;40.0;0.0;160.0;30.0;41.0;54.0
2021-11-16 14:00:00;25.4;11.6;40.0;0.0;180.0;20.0;43.0;54.0
2021-11-16 15:00:00;27.9;8.7;50.0;0.0;190.0;30.0;45.0;54.0
2021-11-16 16:00:00;27.9;8.9;50.0;0.0;190.0;30.0;46.0;53.0
2021-11-16 17:00:00;28.8;7.1;50.0;0.0;180.0;30.0;46.0;55.0
2021-11-16 18:00:00;32.7;5.0;50.0;0.0;180.0;30.0;51.0;58.0
2021-11-16 19:00:00;34.4;0.3;60.0;0.0;180.0;40.0;54.0;60.0
2021-11-16 20:00:00;34.8;0.0;70.0;0.0;180.0;40.0;56.0;62.0
2021-11-16 21:00:00;33.4;0.0;70.0;0.0;190.0;50.0;57.0;63.0
2021-11-16 22:00:00;32.7;0.0;80.0;0.0;210.0;50.0;58.0;68.0
2021-11-16 23:00:00;31.5;0.0;80.0;0.0;200.0;50.0;59.0;69.0
2021-11-17 00:00:00;31.5;0.0;80.0;0.0;190.0;50.0;59.0;67.0
2021-11-17 01:00:00;31.9;0.0;80.0;0.0;190.0;50.0;59.0;67.0
2021-11-17 02:00:00;28.7;0.0;80.0;0.0;200.0;40.0;61.0;70.0
2021-11-17 03:00:00;26.9;0.0;60.0;0.0;190.0;40.0;61.0;71.0
2021-11-17 04:00:00;27.9;0.0;70.0;0.0;200.0;40.0;67.0;74.0
2021-11-17 05:00:00;27.9;0.0;60.0;0.0;210.0;40.0;74.0;82.0
2021-11-17 06:00:00;27.5;0.4;80.0;0.0;210.0;50.0;81.0;89.0
2021-11-17 07:00:00;26.0;2.0;80.0;6.0;220.0;50.0;87.0;92.0
2021-11-17 08:00:00;24.3;2.0;60.0;2.0;240.0;40.0;96.0;99.0
2021-11-17 09:00:00;23.7;4.1;60.0;0.0;290.0;30.0;97.0;117.0
2021-11-17 10:00:00;34.2;7.0;90.0;0.0;290.0;50.0;84.0;121.0
2021-11-17 11:00:00;40.1;20.7;90.0;0.0;280.0;50.0;79.0;115.0
2021-11-17 12:00:00;32.3;35.9;100.0;0.0;290.0;50.0;73.0;110.0
2021-11-17 13:00:00;38.4;31.5;80.0;0.0;280.0;50.0;69.0;110.0
2021-11-17 14:00:00;33.4;39.4;80.0;0.0;280.0;40.0;65.0;102.0
2021-11-17 15:00:00;43.9;30.0;60.0;0.0;260.0;30.0;59.0;87.0
2021-11-17 16:00:00;61.3;13.1;40.0;0.0;260.0;30.0;55.0;78.0
2021-11-17 17:00:00;73.7;0.6;30.0;0.0;250.0;20.0;42.0;56.0
2021-11-17 18:00:00;72.8;2.1;30.0;0.0;250.0;20.0;46.0;67.0
2021-11-17 19:00:00;60.2;10.0;40.0;0.0;240.0;20.0;40.0;56.0
2021-11-17 20:00:00;51.0;13.6;40.0;0.0;230.0;30.0;41.0;58.0
2021-11-17 21:00:00;37.6;27.4;40.0;0.0;230.0;30.0;52.0;67.0
2021-11-17 22:00:00;31.7;27.3;30.0;0.0;230.0;20.0;53.0;62.0
2021-11-17 23:00:00;23.3;31.8;40.0;0.0;220.0;30.0;49.0;56.0
2021-11-18 00:00:00;25.0;27.4;30.0;0.0;220.0;20.0;44.0;53.0
2021-11-18 01:00:00;13.8;31.0;30.0;0.0;210.0;30.0;49.0;54.0
2021-11-18 02:00:00;16.2;28.8;30.0;0.0;200.0;20.0;70.0;77.0
2021-11-18 03:00:00;10.9;33.5;40.0;0.0;220.0;30.0;65.0;78.0
2021-11-18 04:00:00;14.1;29.7;50.0;0.0;210.0;40.0;69.0;82.0
2021-11-18 05:00:00;20.6;23.3;60.0;0.0;210.0;40.0;73.0;87.0
2021-11-18 06:00:00;29.0;16.1;80.0;0.0;210.0;40.0;72.0;87.0
2021-11-18 07:00:00;36.5;8.3;70.0;0.0;210.0;50.0;73.0;88.0
2021-11-18 08:00:00;35.7;8.6;70.0;0.0;210.0;50.0;79.0;96.0
2021-11-18 09:00:00;28.1;17.0;90.0;0.0;220.0;60.0;79.0;102.0
2021-11-18 10:00:00;22.9;25.9;90.0;0.0;220.0;60.0;84.0;110.0
2021-11-18 11:00:00;23.7;28.0;90.0;0.0;220.0;60.0;88.0;117.0
2021-11-18 12:00:00;24.6;31.4;110.0;0.0;240.0;60.0;81.0;122.0
2021-11-18 13:00:00;17.6;44.2;120.0;0.0;240.0;70.0;82.0;121.0
2021-11-18 14:00:00;12.2;55.3;100.0;0.0;250.0;60.0;86.0;118.0
2021-11-18 15:00:00;14.7;54.1;80.0;0.0;230.0;50.0;90.0;112.0
2021-11-18 16:00:00;18.1;50.5;90.0;0.0;240.0;50.0;94.0;112.0
2021-11-18 17:00:00;21.6;42.3;90.0;0.0;240.0;50.0;97.0;113.0
2021-11-18 18:00:00;19.5;39.3;70.0;0.0;240.0;50.0;98.0;114.0
2021-11-18 19:00:00;22.2;31.0;80.0;0.0;240.0;50.0;100.0;115.0
2021-11-18 20:00:00;26.7;24.3;80.0;0.0;230.0;50.0;101.0;114.0
2021-11-18 21:00:00;26.2;23.7;60.0;0.0;230.0;40.0;105.0;117.0
2021-11-18 22:00:00;21.2;25.0;60.0;0.0;240.0;40.0;106.0;122.0
2021-11-18 23:00:00;11.3;35.7;80.0;0.0;230.0;50.0;106.0;124.0
